id,league,start,status,home,away,home_name,away_name,home_score,away_score,ml_home,ml_away,odds_time,neutral,ml_home_open,ml_away_open,spread_home,spread_home_odds,spread_away_odds,inj_home,inj_away,sp_home,sp_away,stype,country,intl,city,state,indoor,elev,wx_temp,wx_wind,wx_rain,tzo,ls_home,ls_away,h1_ml_home,h1_ml_away,h1_spread_home,h1_spread_home_odds,h1_spread_away_odds,total,over_odds,under_odds
mlb:401229033,mlb,2021-09-01T00:05Z,final,13,27,Rangers,Rockies,4,3,110,-130,,0,110,-130,1.5,-140,120,,,Jordan Lyles,Austin Gomber,2,,0,Arlington,Texas,1,184,,,,-5.0,"0,1,1,1,1,0,0,0","0,0,1,0,0,0,2,0,0",115,-150,0.5,-120,-110,8.5,-115,-105
mlb:401229031,mlb,2021-09-01T00:10Z,final,9,16,Twins,Cubs,1,3,-155,135,,0,-155,135,-1.5,120,-141,,,John Gant,Zach Davies,2,,0,Minneapolis,Minnesota,0,253,67,7,0.0,-5.0,"1,0,0,0,0,0,0,0,0","1,1,0,0,0,0,0,1,0",-150,125,-0.5,-105,-120,9.5,-111,-104
mlb:401229032,mlb,2021-09-01T00:10Z,final,7,5,Royals,Indians,2,7,,,,0,,,,,,,,Jakob Junis,Zach Plesac,2,,0,Kansas City,Missouri,0,274,74,11,1.4,-5.0,"0,0,0,0,0,0,0,0,2","1,0,0,0,2,0,2,2,0",,,,,,,,
mlb:401229040,mlb,2021-09-01T00:10Z,final,4,23,White Sox,Pirates,4,2,-367,295,,0,-367,295,-1.5,-155,140,,,Lucas Giolito,Bryse Wilson,2,,0,Chicago,Illinois,0,179,72,18,0.3,-5.0,"0,1,1,0,0,2,0,0","0,0,0,0,2,0,0,0,0",-345,260,-0.5,-215,185,8.5,-121,-102
mlb:401229037,mlb,2021-09-01T01:38Z,final,3,10,Angels,Yankees,6,4,172,-212,,0,172,-212,1.5,107,-121,,,Jaime Barria,Jameson Taillon,2,,0,Anaheim,California,0,48,70,10,0.0,-7.0,"0,0,0,3,3,0,0,0","0,0,0,1,1,0,0,2,0",163,-205,1.5,-152,123,9.0,-116,-107
mlb:401229041,mlb,2021-09-01T01:40Z,final,29,25,Diamondbacks,Padres,0,3,148,-175,,0,148,-175,1.5,-118,-102,,,Zac Gallen,Blake Snell,2,,0,Phoenix,Arizona,1,331,,,,-7.0,"0,0,0,0,0,0,0,0,0","0,0,0,0,2,1,0,0,0",125,-157,0.5,-120,100,8.0,-113,-108
mlb:401229036,mlb,2021-09-01T01:45Z,final,26,8,Giants,Brewers,2,6,109,-129,,0,109,-129,1.5,-141,119,,,Johnny Cueto,Brandon Woodruff,2,,0,San Francisco,California,0,16,60,22,0.0,-7.0,"0,0,0,0,0,1,0,0,1","2,1,2,1,0,0,0,0,0",123,-150,0.5,-130,100,7.5,-111,-108
mlb:401229028,mlb,2021-09-01T02:10Z,final,19,15,Dodgers,Braves,3,2,-199,165,,0,-199,165,-1.5,113,-126,,,Walker Buehler,Charlie Morton,2,,0,Los Angeles,California,0,89,71,9,0.4,-7.0,"0,0,0,1,0,0,1,1","0,0,1,1,0,0,0,0,0",-190,150,-0.5,-127,107,7.5,-108,-111
mlb:401229034,mlb,2021-09-01T02:10Z,final,12,18,Mariners,Astros,4,0,140,-167,,0,140,-167,1.5,-125,105,,,Yusei Kikuchi,Lance McCullers Jr.,2,,0,Seattle,Washington,1,56,,,,-7.0,"0,0,0,0,0,0,0,4","0,0,0,0,0,0,0,0,0",130,-162,1.5,-220,170,8.0,-105,-115
mlb:401362333,mlb,2021-09-01T17:10Z,final,17,24,Reds,Cardinals,4,5,-124,105,,0,-124,105,-1.5,146,-173,,,Wade Miley,Miles Mikolas,2,,0,Cincinnati,Ohio,0,191,72,14,11.6,-4.0,"0,3,1,0,0,0,0","1,1,1,2,0,0,0",-125,102,-1.5,200,-250,7.0,-102,-118
mlb:401229048,mlb,2021-09-01T18:05Z,final,13,27,Rangers,Rockies,5,9,120,-142,,0,120,-142,1.5,-136,115,,,Kohei Arihara,Kyle Freeland,2,,0,Arlington,Texas,1,184,,,,-5.0,"0,5,0,0,0,0,0,0,0","0,0,0,2,2,0,0,0,5",120,-150,1.5,-220,175,8.5,-115,-105
mlb:401229056,mlb,2021-09-01T19:40Z,final,29,25,Diamondbacks,Padres,8,3,182,-222,,0,182,-222,1.5,109,-130,,,Luke Weaver,Yu Darvish,2,,0,Phoenix,Arizona,1,331,,,,-7.0,"0,0,6,0,0,0,0,2","0,0,0,0,0,1,2,0,0",180,-230,1.5,-152,123,9.0,-111,-115
mlb:401229049,mlb,2021-09-01T20:10Z,final,12,18,Mariners,Astros,1,0,115,-136,,0,115,-136,1.5,-123,102,,,Logan Gilbert,Jake Odorizzi,2,,0,Seattle,Washington,1,56,,,,-7.0,"0,0,0,0,0,1,0,0","0,0,0,0,0,0,0,0,0",104,-129,1.5,-250,200,8.5,-119,-101
mlb:401229057,mlb,2021-09-01T22:40Z,final,17,24,Reds,Cardinals,12,2,-177,150,,0,-177,150,-1.5,126,-152,,,Sonny Gray,J.A. Happ,2,,0,Cincinnati,Ohio,0,191,72,14,11.6,-4.0,"2,7,2,0,1,0","1,0,0,1,0,0,0",-195,155,-1.5,135,-175,7.0,-122,-110
mlb:401229054,mlb,2021-09-01T23:05Z,void,20,22,Nationals,Phillies,,,,,,0,,,,,,,,Paolo Espino,Aaron Nola,2,,0,Washington,District of Columbia,0,7,75,13,44.4,-4.0,,,,,,,,,,
mlb:401229044,mlb,2021-09-01T23:07Z,final,14,1,Blue Jays,Orioles,5,4,-270,217,,0,-270,217,-1.5,-124,110,,,Steven Matz,Matt Harvey,2,,0,Toronto,Ontario,1,161,,,,-4.0,"1,0,0,3,0,0,0,1","0,2,0,0,0,1,1,0,0",-265,200,-1.5,100,-125,10.0,-110,-111
mlb:401229052,mlb,2021-09-01T23:07Z,final,3,10,Angels,Yankees,1,4,237,-297,,0,237,-297,2.0,114,-137,,,Packy Naughton,Gerrit Cole,2,,0,Anaheim,California,0,48,70,10,0.0,-7.0,"0,0,0,0,0,1,0,0,0","0,0,2,1,0,0,0,1,0",230,-305,1.5,-125,102,8.5,-109,-110
mlb:401229045,mlb,2021-09-01T23:10Z,final,30,2,Rays,Red Sox,2,3,-120,101,,0,-120,101,-1.5,152,-179,,,Drew Rasmussen,Chris Sale,2,,0,St. Petersburg,Florida,1,13,,,,-4.0,"0,0,2,0,0,0,0,0,0","0,1,0,0,0,0,1,0,1",-106,-124,-1.5,240,-315,7.5,-109,-110
mlb:401229050,mlb,2021-09-01T23:10Z,void,21,28,Mets,Marlins,,,,,,0,,,,,,,,Carlos Carrasco,Zach Thompson,2,,0,Queens,New York,0,12,72,15,15.7,-4.0,,,,,,,,,,
mlb:401229053,mlb,2021-09-01T23:10Z,final,6,11,Tigers,Athletics,8,6,155,-185,,0,155,-185,1.5,-102,-118,,,Wily Peralta,James Kaprielian,2,,0,Detroit,Michigan,0,183,69,17,0.0,-4.0,"0,1,0,2,1,1,2,1","1,0,0,2,3,0,0,0,0",133,-167,1.5,-182,145,9.5,-108,-110
mlb:401229046,mlb,2021-09-02T00:10Z,final,9,16,Twins,Cubs,0,3,-188,156,,0,-188,156,-1.5,109,-129,,,Joe Ryan,Justin Steele,2,,0,Minneapolis,Minnesota,0,253,65,11,0.5,-5.0,"0,0,0,0,0,0,0,0,0","0,0,3,0,0,0,0,0,0",-186,148,-1.5,140,-177,9.0,-105,-116
mlb:401229047,mlb,2021-09-02T00:10Z,final,7,5,Royals,Indians,3,5,,,,0,,,,,,,,Jackson Kowar,Logan Allen,2,,0,Kansas City,Missouri,0,274,76,13,0.0,-5.0,"1,1,0,1,0,0,0,0,0,0,0","0,0,0,0,2,0,1,0,0,0,2",,,,,,,,
mlb:401229055,mlb,2021-09-02T00:10Z,final,4,23,White Sox,Pirates,6,3,-395,320,,0,-395,320,-1.5,-187,147,,,Carlos Rodon,Max Kranick,2,,0,Chicago,Illinois,0,179,69,12,0.0,-5.0,"0,0,0,3,2,0,0,1","0,0,0,0,1,0,1,1,0",-400,295,-1.5,-124,100,8.5,-112,-102
mlb:401229051,mlb,2021-09-02T01:45Z,final,26,8,Giants,Brewers,2,5,-190,160,,0,-190,160,-1.5,118,-134,,,Kevin Gausman,Brett Anderson,2,,0,San Francisco,California,0,16,60,18,0.0,-7.0,"0,0,0,0,2,0,0,0,0","0,2,0,0,0,0,1,0,2",-210,165,-1.5,143,-180,8.0,-105,-107
mlb:401229043,mlb,2021-09-02T02:10Z,final,19,15,Dodgers,Braves,4,3,-217,179,,0,-217,179,-1.5,104,-125,,,Max Scherzer,Max Fried,2,,0,Los Angeles,California,0,89,71,11,0.0,-7.0,"1,0,1,0,0,0,0,2","0,0,0,0,0,0,2,1,0",-215,170,-1.5,150,-190,7.5,-110,-102
mlb:401362410,mlb,2021-09-02T17:05Z,final,20,22,Nationals,Phillies,6,7,145,-170,,0,145,-170,1.5,-118,100,,,Paolo Espino,Aaron Nola,2,,0,Washington,District of Columbia,0,7,69,17,5.6,-4.0,"0,0,3,0,3,0,0,0,0","0,0,0,0,0,3,0,4,0",160,-200,1.5,-182,145,8.5,-110,-110
mlb:401229063,mlb,2021-09-02T17:10Z,final,6,11,Tigers,Athletics,6,8,179,-220,,0,179,-220,1.5,114,-129,,,Matt Manning,Frankie Montas,2,,0,Detroit,Michigan,0,183,67,12,0.0,-4.0,"0,0,0,0,1,0,5,0,0","4,1,2,1,0,0,0,0,0",160,-200,1.5,-175,135,9.0,100,-120
mlb:401229062,mlb,2021-09-02T19:45Z,final,26,8,Giants,Brewers,5,1,-189,159,,0,-189,159,-1.5,115,-135,,,Logan Webb,Eric Lauer,2,,0,San Francisco,California,0,16,60,18,0.0,-7.0,"1,0,0,0,0,0,0,4","0,0,0,1,0,0,0,0,0",-210,165,-1.5,148,-186,7.5,-104,-118
mlb:401229059,mlb,2021-09-02T23:10Z,final,30,2,Rays,Red Sox,0,4,-167,139,,0,-167,139,-1.5,120,-145,,,Shane McClanahan,Eduardo Rodriguez,2,,0,St. Petersburg,Florida,1,13,,,,-4.0,"0,0,0,0,0,0,0,0,0","1,1,0,0,2,0,0,0,0",-162,130,-1.5,170,-220,8.0,-114,-105
mlb:401229061,mlb,2021-09-02T23:10Z,final,21,28,Mets,Marlins,4,3,-154,130,,0,-154,130,-1.5,135,-167,,,Carlos Carrasco,Sandy Alcantara,2,,0,Queens,New York,0,12,68,28,68.5,-4.0,"1,0,0,2,0,0,1,0","2,0,0,0,0,1,0,0,0",-155,125,-1.5,200,-250,7.0,-115,101
mlb:401229064,mlb,2021-09-03T00:05Z,final,16,23,Cubs,Pirates,6,5,-134,113,,0,-134,113,-1.5,149,-175,,,Keegan Thompson,Mitch Keller,2,,0,Chicago,Illinois,0,179,71,11,0.0,-5.0,"0,0,0,0,0,0,5,0,0,0,1","3,0,0,0,0,0,0,0,2,0,0",-136,110,-1.5,195,-250,8.5,-112,-107
mlb:401229060,mlb,2021-09-03T00:10Z,final,7,5,Royals,Indians,2,4,,,,0,,,,,,,,Mike Minor,Triston McKenzie,2,,0,Kansas City,Missouri,0,274,78,12,19.9,-5.0,"0,1,0,0,0,0,0,0,1","0,0,0,0,3,0,0,1,0",,,,,,,,
mlb:401229058,mlb,2021-09-03T00:40Z,final,27,15,Rockies,Braves,5,6,134,-157,,0,134,-157,1.5,-115,-105,,,Chi Chi Gonzalez,Touki Toussaint,2,,0,Denver,Colorado,0,1609,69,9,2.2,-6.0,"0,0,5,0,0,0,0,0,0","1,0,2,0,3,0,0,0,0",114,-141,1.5,-186,148,12.5,-120,-105
mlb:401229076,mlb,2021-09-03T18:20Z,final,16,23,Cubs,Pirates,6,5,-156,133,,0,-156,133,-1.5,134,-160,,,Alec Mills,Steven Brault,2,,0,Chicago,Illinois,0,179,71,11,0.0,-5.0,"0,3,1,1,0,1,0,0","0,0,0,0,2,3,0,0,0",-157,125,-1.5,180,-230,8.5,-113,-106
mlb:401229066,mlb,2021-09-03T23:05Z,final,10,1,Yankees,Orioles,4,3,-250,205,,0,-250,205,-1.5,-118,-105,,,Nestor Cortes,John Means,2,,0,Bronx,New York,0,28,64,9,0.0,-4.0,"0,0,0,1,1,0,0,0,0,1,1","0,0,0,0,0,1,1,0,0,1,0",-195,155,-1.5,123,-155,9.0,-125,-103
mlb:401229073,mlb,2021-09-03T23:05Z,final,20,21,Nationals,Mets,2,6,112,-132,,0,112,-132,1.5,-143,117,,,Sean Nolin,Rich Hill,2,,0,Washington,District of Columbia,0,7,66,9,0.0,-4.0,"0,0,0,0,0,0,0,0,2,0","0,1,1,0,0,0,0,0,0,4",102,-127,1.5,-240,190,9.5,-106,-117
mlb:401229074,mlb,2021-09-03T23:07Z,final,14,11,Blue Jays,Athletics,11,10,-161,135,,0,-161,135,-1.5,125,-150,,,Alek Manoah,Sean Manaea,2,,0,Toronto,Ontario,1,161,,,,-4.0,"0,0,0,2,0,0,0,6,3","2,0,0,0,2,2,2,0,2",-157,125,-1.5,163,-210,9.0,-100,-114
mlb:401229068,mlb,2021-09-03T23:10Z,final,2,5,Red Sox,Indians,8,5,,,,0,,,,,,,,Nathan Eovaldi,Cal Quantrill,2,,0,Boston,Massachusetts,0,14,64,10,0.1,-4.0,"1,1,0,1,0,0,5,0","0,0,0,1,0,0,2,1,1",,,,,,,,
mlb:401229069,mlb,2021-09-03T23:10Z,final,17,6,Reds,Tigers,5,15,-181,150,,0,-181,150,-1.5,108,-128,,,Vladimir Gutierrez,Tyler Alexander,2,,0,Cincinnati,Ohio,0,191,67,6,0.0,-4.0,"0,1,0,0,2,1,1,0,0","0,2,1,1,0,6,4,1,0",-180,133,-1.5,150,-190,9.5,-104,-116
mlb:401229072,mlb,2021-09-03T23:10Z,final,30,9,Rays,Twins,5,3,-200,168,,0,-200,168,-1.5,-106,-122,,,Michael Wacha,Randy Dobnak,2,,0,St. Petersburg,Florida,1,13,,,,-4.0,"0,3,2,0,0,0,0,0","1,0,0,0,1,0,0,1,0",-182,145,-1.5,140,-177,9.5,-106,-114
mlb:401229075,mlb,2021-09-03T23:10Z,final,28,22,Marlins,Phillies,10,3,124,-148,,0,124,-148,1.5,-139,121,,,Jesus Luzardo,Kyle Gibson,2,,0,Miami,Florida,1,2,,,,-4.0,"3,0,0,0,0,7,0,0","1,1,0,0,0,1,0,0,0",118,-148,1.5,-245,190,7.5,-114,-105
mlb:401229067,mlb,2021-09-04T00:10Z,final,7,4,Royals,White Sox,7,2,107,-127,,0,107,-127,1.5,-155,125,,,Carlos Hernandez,Dallas Keuchel,2,,0,Kansas City,Missouri,0,274,73,7,21.1,-5.0,"0,2,4,0,1,0,0,0","0,0,0,0,0,2,0,0,0",-112,-112,1.5,-265,205,9.5,-101,-120
mlb:401229078,mlb,2021-09-04T00:10Z,final,8,24,Brewers,Cardinals,4,15,-171,144,,0,-171,144,-1.5,130,-161,,,Freddy Peralta,Adam Wainwright,2,,0,Milwaukee,Wisconsin,1,188,,,,-5.0,"0,0,0,0,0,0,2,0,2","2,2,4,0,0,0,2,0,5",-155,123,-1.5,188,-240,7.5,-100,-123
mlb:401229065,mlb,2021-09-04T00:40Z,final,27,15,Rockies,Braves,4,3,120,-142,,0,120,-142,1.5,-130,102,,,Antonio Senzatela,Huascar Ynoa,2,,0,Denver,Colorado,0,1609,68,12,0.0,-6.0,"1,0,2,0,0,1,0,0","1,1,0,0,0,1,0,0,0",108,-134,1.5,-215,170,11.0,-114,-108
mlb:401229079,mlb,2021-09-04T01:38Z,final,3,13,Angels,Rangers,3,2,-195,162,,0,-195,162,-1.5,113,-132,,,Shohei Ohtani,Glenn Otto,2,,0,Anaheim,California,0,48,75,11,0.0,-7.0,"2,0,0,0,0,1,0,0","0,2,0,0,0,0,0,0,0",-200,155,-1.5,145,-182,7.5,-119,-102
mlb:401229077,mlb,2021-09-04T01:40Z,final,29,12,Diamondbacks,Mariners,5,6,-103,-115,,0,-103,-115,1.5,-167,135,,,Madison Bumgarner,Tyler Anderson,2,,0,Phoenix,Arizona,1,331,,,,-7.0,"0,0,0,1,0,0,4,0,0,0","1,0,0,0,2,2,0,0,0,1",-112,-112,1.5,-295,225,9.0,100,-118
mlb:401229071,mlb,2021-09-04T01:45Z,final,26,19,Giants,Dodgers,3,2,104,-121,,0,104,-121,1.5,-159,135,,,Anthony DeSclafani,David Price,2,,0,San Francisco,California,0,16,57,16,0.0,-7.0,"0,0,1,0,0,0,0,0,0,1,1","0,0,0,0,0,0,0,0,1,1,0",-109,-114,1.5,-278,215,8.5,-120,-101
mlb:401229070,mlb,2021-09-04T02:10Z,final,25,18,Padres,Astros,3,6,108,-126,,0,108,-126,1.5,-152,130,,,Jake Arrieta,Jose Urquidy,2,,0,San Diego,California,0,20,71,14,0.0,-7.0,"0,0,1,0,1,1,0,0,0","0,0,0,3,0,0,0,2,1",110,-136,1.5,-240,188,9.0,102,-118
mlb:401229081,mlb,2021-09-04T17:05Z,final,10,1,Yankees,Orioles,3,4,-355,287,,0,-355,287,-1.5,-167,132,,,Jordan Montgomery,Chris Ellis,2,,0,Bronx,New York,0,28,67,6,0.0,-4.0,"0,0,0,0,0,0,1,2,0","0,0,0,1,0,0,2,0,1",-295,230,-1.5,-120,-108,9.5,-102,-115
mlb:401319236,mlb,2021-09-04T17:05Z,final,20,21,Nationals,Mets,9,11,143,-167,,0,143,-167,1.5,-132,112,,,Erick Fedde,Marcus Stroman,2,,0,Washington,District of Columbia,0,7,68,7,0.0,-4.0,"0,0,0,3,0,4,2,0,0","2,4,1,2,0,0,0,0,2",128,-175,0.5,-115,-115,6.5,-112,-109
mlb:401229091,mlb,2021-09-04T18:20Z,final,16,23,Cubs,Pirates,7,6,-155,131,,0,-155,131,-1.5,133,-153,,,Kyle Hendricks,JT Brubaker,2,,0,Chicago,Illinois,0,179,71,13,4.4,-5.0,"0,0,0,3,1,0,0,0,3","1,0,0,0,5,0,0,0,0",-152,123,-1.5,175,-225,8.5,-120,101
mlb:401229089,mlb,2021-09-04T19:07Z,final,14,11,Blue Jays,Athletics,10,8,-180,152,,0,-180,152,-1.5,115,-135,,,Jose Berrios,Paul Blackburn,2,,0,Toronto,Ontario,1,161,,,,-4.0,"0,1,1,2,0,0,3,3","0,0,0,0,1,0,2,0,5",-190,150,-1.5,138,-175,9.0,-114,-120
mlb:401229083,mlb,2021-09-04T20:10Z,final,2,5,Red Sox,Indians,4,3,,,,0,,,,,,,,Tanner Houck,Eli Morgan,2,,0,Boston,Massachusetts,0,14,66,9,0.0,-4.0,"0,0,0,0,0,0,3,0,1","0,0,0,0,0,0,0,0,3",,,,,,,,
mlb:401229087,mlb,2021-09-04T20:10Z,final,30,9,Rays,Twins,11,4,-221,182,,0,-221,182,-1.5,-110,-110,,,Chris Archer,Andrew Albers,2,,0,St. Petersburg,Florida,1,13,,,,-4.0,"2,5,2,2,0,0,0,0","0,0,0,2,2,0,0,0,0",-177,140,-1.5,145,-182,9.0,100,-115
mlb:401229088,mlb,2021-09-04T22:05Z,final,20,21,Nationals,Mets,4,3,139,-166,,0,139,-166,1.5,-133,111,,,Josh Rogers,Tylor Megill,2,,0,Washington,District of Columbia,0,7,68,7,0.0,-4.0,"2,0,0,0,2,0","1,0,0,0,0,2,0",,,,,,7.5,-108,-121
mlb:401229090,mlb,2021-09-04T22:10Z,final,28,22,Marlins,Phillies,3,2,105,-124,,0,105,-124,1.5,-159,142,,,Trevor Rogers,Ranger Suarez,2,,0,Miami,Florida,1,2,,,,-4.0,"0,0,0,0,0,0,0,3","0,0,0,2,0,0,0,0,0",-106,-118,1.5,-286,220,7.5,-110,-109
mlb:401229082,mlb,2021-09-04T23:10Z,final,7,4,Royals,White Sox,7,10,135,-159,,0,135,-159,1.5,-120,103,,,Daniel Lynch IV,Reynaldo Lopez,2,,0,Kansas City,Missouri,0,274,73,7,21.1,-5.0,"0,0,3,0,3,1,0,0,0","3,0,3,2,1,0,0,1,0",120,-150,1.5,-220,170,9.0,-116,-101
mlb:401229084,mlb,2021-09-04T23:10Z,final,17,6,Reds,Tigers,7,4,-200,166,,0,-200,166,-1.5,102,-122,,,Tyler Mahle,Matthew Boyd,2,,0,Cincinnati,Ohio,0,191,71,10,0.5,-4.0,"0,0,5,0,0,0,2,0","0,0,3,0,1,0,0,0,0",-200,160,-1.5,138,-175,9.0,-104,-110
mlb:401229093,mlb,2021-09-04T23:10Z,final,8,24,Brewers,Cardinals,4,0,-127,108,,0,-127,108,-1.5,137,-159,,,Adrian Houser,Kwang Hyun Kim,2,,0,Milwaukee,Wisconsin,1,188,,,,-5.0,"1,3,0,0,0,0,0,0","0,0,0,0,0,0,0,0,0",-129,104,-1.5,200,-265,8.5,-109,-110
mlb:401229080,mlb,2021-09-05T00:10Z,final,27,15,Rockies,Braves,7,6,-105,-115,,0,-105,-115,1.5,-156,130,,,German Marquez,Ian Anderson,2,,0,Denver,Colorado,0,1609,71,10,0.0,-6.0,"0,2,2,0,0,2,1,0","2,0,1,0,1,0,0,1,1",102,-127,1.5,-230,175,11.0,-105,-114
mlb:401229092,mlb,2021-09-05T00:10Z,final,29,12,Diamondbacks,Mariners,5,8,113,-133,,0,113,-133,1.5,-145,128,,,Humberto Castellanos,Marco Gonzales,2,,0,Phoenix,Arizona,1,331,,,,-7.0,"4,0,0,1,0,0,0,0,0","3,0,0,2,0,3,0,0,0",-110,-113,1.5,-295,225,9.0,-114,-105
mlb:401229085,mlb,2021-09-05T00:40Z,final,25,18,Padres,Astros,10,2,-114,-105,,0,-114,-105,1.5,-165,170,,,Joe Musgrove,Framber Valdez,2,,0,San Diego,California,0,20,73,11,0.0,-7.0,"0,4,0,0,0,0,4,2","1,1,0,0,0,0,0,0,0",-129,104,-1.5,220,-286,7.5,-110,-110
mlb:401229086,mlb,2021-09-05T01:05Z,final,26,19,Giants,Dodgers,1,6,139,-165,,0,139,-165,1.5,-118,-100,,,Jay Jackson,Julio Urias,2,,0,San Francisco,California,0,16,59,16,0.0,-7.0,"1,0,0,0,0,0,0,0,0","3,0,0,0,0,1,0,0,2",128,-159,1.5,-220,170,8.5,-109,-108
mlb:401229094,mlb,2021-09-05T01:07Z,final,3,13,Angels,Rangers,4,1,-160,135,,0,-160,135,-1.5,125,-148,,,Jose Suarez,Kolby Allard,2,,0,Anaheim,California,0,48,80,10,0.0,-7.0,"0,0,1,0,0,3,0,0","0,0,0,0,0,0,0,0,1",-150,120,-1.5,170,-215,8.5,-122,-103
mlb:401229096,mlb,2021-09-05T17:05Z,final,10,1,Yankees,Orioles,7,8,-347,277,,0,-347,277,-1.5,-167,132,,,Corey Kluber,Keegan Akin,2,,0,Bronx,New York,0,28,68,10,1.3,-4.0,"0,4,0,0,1,2,0,0,0","0,1,0,1,0,2,4,0,0",-315,240,-1.5,-115,-108,10.0,-112,-108
mlb:401229103,mlb,2021-09-05T17:05Z,final,20,21,Nationals,Mets,6,13,106,-125,,0,106,-125,1.5,-152,128,,,Josiah Gray,Taijuan Walker,2,,0,Washington,District of Columbia,0,7,70,7,0.5,-4.0,"3,0,0,0,3,0,0,0,0","4,1,1,0,0,0,0,1,6",-114,-121,1.5,-275,185,9.0,-114,-104
mlb:401229104,mlb,2021-09-05T17:07Z,final,14,11,Blue Jays,Athletics,8,0,-222,182,,0,-222,182,-1.5,-106,-110,,,Robbie Ray,Cole Irvin,2,,0,Toronto,Ontario,1,161,,,,-4.0,"0,3,4,1,0,0,0,0","0,0,0,0,0,0,0,0,0",-225,175,-1.5,120,-148,9.5,-110,-105
mlb:401229098,mlb,2021-09-05T17:10Z,final,2,5,Red Sox,Indians,5,11,,,,0,,,,,,,,Kutter Crawford,Zach Plesac,2,,0,Boston,Massachusetts,0,14,65,12,0.4,-4.0,"0,0,0,0,3,2,0,0,0","2,1,3,0,0,0,0,0,5",,,,,,,,
mlb:401229099,mlb,2021-09-05T17:10Z,final,17,6,Reds,Tigers,1,4,-245,197,,0,-245,197,-1.5,-114,-107,,,Luis Castillo,Casey Mize,2,,0,Cincinnati,Ohio,0,191,72,9,16.2,-4.0,"0,0,0,0,0,0,0,1,0","0,0,0,0,0,3,0,1,0",-250,195,-1.5,117,-143,9.0,-116,-102
mlb:401229102,mlb,2021-09-05T17:10Z,final,30,9,Rays,Twins,5,6,-235,192,,0,-235,192,-1.5,-117,-102,,,Luis Patino,Griffin Jax,2,,0,St. Petersburg,Florida,1,13,,,,-4.0,"0,0,2,0,3,0,0,0,0","0,3,1,0,0,0,1,0,1",-200,160,-1.5,130,-162,9.5,-107,-115
mlb:401229105,mlb,2021-09-05T17:10Z,final,28,22,Marlins,Phillies,3,4,-105,-111,,0,-105,-111,1.5,-185,146,,,Elieser Hernandez,Sam Coonrod,2,,0,Miami,Florida,1,2,,,,-4.0,"0,1,0,1,0,1,0,0,0,0","0,0,0,3,0,0,0,0,0,1",100,-124,1.5,-278,215,7.5,-117,-103
mlb:401229097,mlb,2021-09-05T18:10Z,final,7,4,Royals,White Sox,6,0,130,-153,,0,130,-153,1.5,-121,-102,,,Brady Singer,Dylan Cease,2,,0,Kansas City,Missouri,0,274,70,6,0.0,-5.0,"3,0,1,0,0,2,0,0","0,0,0,0,0,0,0,0,0",108,-148,1.5,-230,170,8.5,-115,-105
mlb:401229108,mlb,2021-09-05T18:10Z,final,8,24,Brewers,Cardinals,6,5,-242,199,,0,-242,199,-1.5,-108,-111,,,Corbin Burnes,Jon Lester,2,,0,Milwaukee,Wisconsin,1,188,,,,-5.0,"0,1,0,0,0,0,0,0,5","0,0,0,3,0,0,2,0,0",-286,190,-1.5,114,-141,7.5,-112,-107
mlb:401229106,mlb,2021-09-05T18:20Z,final,16,23,Cubs,Pirates,11,8,-148,125,,0,-148,125,-1.5,136,-159,,,Zach Davies,Wil Crowe,2,,0,Chicago,Illinois,0,179,70,14,1.0,-5.0,"0,2,5,0,0,0,4,0","1,0,4,0,2,1,0,0,0",-159,128,-1.5,155,-195,9.5,102,-120
mlb:401229095,mlb,2021-09-05T19:10Z,final,27,15,Rockies,Braves,2,9,173,-207,,0,173,-207,1.5,102,-123,,,Ryan Feltner,Charlie Morton,2,,0,Denver,Colorado,0,1609,71,10,0.0,-6.0,"0,0,0,1,0,0,1,0,0","1,0,5,0,0,0,3,0,0",150,-190,1.5,-162,130,11.5,-102,-119
mlb:401229109,mlb,2021-09-05T20:07Z,final,3,13,Angels,Rangers,3,7,-128,109,,0,-128,109,-1.5,150,-185,,,Janson Junk,Taylor Hearn,2,,0,Anaheim,California,0,48,80,10,0.0,-7.0,"0,0,0,1,0,2,0,0,0","0,1,4,0,1,1,0,0,0",-132,106,-1.5,180,-230,9.5,-103,-117
mlb:401229100,mlb,2021-09-05T20:10Z,final,25,18,Padres,Astros,4,3,-110,-105,,0,-110,-105,1.5,-190,150,,,Chris Paddack,Luis Garcia,2,,0,San Diego,California,0,20,73,11,0.0,-7.0,"3,0,0,0,0,0,0,0,1","1,0,0,0,0,0,2,0,0",-120,-104,-1.5,215,-278,8.5,-112,-107
mlb:401229107,mlb,2021-09-05T20:10Z,final,29,12,Diamondbacks,Mariners,4,10,109,-130,,0,109,-130,1.5,-132,110,,,Tyler Gilbert,Chris Flexen,2,,0,Phoenix,Arizona,1,331,,,,-7.0,"0,0,0,0,0,3,0,0,0,0,1","0,0,0,2,0,0,1,0,0,0,7",-109,-114,1.5,-278,210,9.0,-104,-114
mlb:401229101,mlb,2021-09-05T23:00Z,final,26,19,Giants,Dodgers,6,4,166,-200,,0,166,-200,1.5,-105,-116,,,Dominic Leone,Walker Buehler,2,,0,San Francisco,California,0,16,59,16,0.0,-7.0,"1,3,2,0,0,0,0,0","0,1,0,0,1,0,0,0,2",160,-200,1.5,-182,145,8.5,-107,-112
mlb:401229119,mlb,2021-09-06T17:00Z,final,2,30,Red Sox,Rays,10,11,-145,124,,0,-145,124,-1.5,135,-165,,,Chris Sale,Ryan Yarbrough,2,,0,Boston,Massachusetts,0,14,71,12,0.1,-4.0,"1,6,0,0,0,1,1,0,0,1","1,0,0,4,0,1,1,1,1,2",-148,118,-1.5,160,-200,9.5,-113,-106
mlb:401229112,mlb,2021-09-06T17:05Z,final,1,7,Orioles,Royals,2,3,100,-118,,0,100,-118,1.5,-141,119,,,Zac Lowther,Kris Bubic,2,,0,Baltimore,Maryland,0,10,74,12,5.0,-4.0,"0,0,1,0,1,0,0,0,0","0,0,0,0,1,0,0,2,0",-106,-117,1.5,-245,190,10.5,-111,-103
mlb:401229115,mlb,2021-09-06T17:05Z,final,20,21,Nationals,Mets,4,3,106,-127,,0,106,-127,1.5,-154,130,,,Patrick Corbin,Trevor Williams,2,,0,Washington,District of Columbia,0,7,74,10,3.9,-4.0,"1,0,0,1,0,0,0,0,2","1,0,0,1,0,1,0,0,0",-118,-106,-1.5,200,-265,9.5,-101,-115
mlb:401229121,mlb,2021-09-06T17:05Z,final,10,14,Yankees,Blue Jays,0,8,-143,123,,0,-143,123,-1.5,133,-167,,,Jameson Taillon,Hyun Jin Ryu,2,,0,Bronx,New York,0,28,72,9,0.2,-4.0,"0,0,0,0,0,0,0,0,0","2,0,0,0,0,0,1,0,5",-125,102,-1.5,165,-235,10.0,-105,-105
mlb:401229111,mlb,2021-09-06T17:35Z,final,23,6,Pirates,Tigers,6,3,119,-139,,0,119,-139,1.5,-142,119,,,Bryse Wilson,Tarik Skubal,2,,0,Pittsburgh,Pennsylvania,0,233,67,13,0.4,-4.0,"2,0,0,0,0,0,4,0","0,0,0,0,0,3,0,0,0",117,-148,1.5,-250,195,8.5,-103,-112
mlb:401229116,mlb,2021-09-06T18:10Z,final,8,22,Brewers,Phillies,0,12,-141,120,,0,-141,120,-1.5,152,-187,,,Brandon Woodruff,Zack Wheeler,2,,0,Milwaukee,Wisconsin,1,188,,,,-5.0,"0,0,0,0,0,0,0,0,0","2,1,0,1,0,0,0,7,1",-134,108,-1.5,230,-295,7.0,-126,108
mlb:401229110,mlb,2021-09-06T18:20Z,final,16,17,Cubs,Reds,4,3,139,-164,,0,139,-164,1.5,-115,-103,,,Justin Steele,Sonny Gray,2,,0,Chicago,Illinois,0,179,70,14,0.0,-5.0,"3,0,0,0,0,0,0,1","0,0,0,0,0,3,0,0,0",133,-167,1.5,-215,160,8.0,-118,-104
mlb:401229118,mlb,2021-09-06T20:00Z,final,27,26,Rockies,Giants,5,10,122,-148,,0,122,-148,1.5,-121,103,,,Kyle Freeland,Kevin Gausman,2,,0,Denver,Colorado,0,1609,72,7,0.0,-6.0,"0,1,0,0,0,1,1,2,0","2,0,0,2,4,2,0,0,0",132,-167,1.5,-167,123,10.5,-116,-107
mlb:401229113,mlb,2021-09-06T20:15Z,final,24,19,Cardinals,Dodgers,1,5,182,-223,,0,182,-223,1.5,103,-124,,,Miles Mikolas,Max Scherzer,2,,0,St. Louis,Missouri,0,142,73,6,0.0,-5.0,"0,0,0,0,0,1,0,0,0","4,0,1,0,0,0,0,0,0",170,-220,1.5,-190,140,7.5,-116,-103
mlb:401229114,mlb,2021-09-06T22:10Z,final,5,9,Indians,Twins,2,5,,,,0,,,,,,,,Logan Allen,Bailey Ober,2,,0,Cleveland,Ohio,0,199,69,14,0.2,-4.0,"0,0,0,2,0,0,0,0,0","2,0,1,0,1,1,0,0,0",,,,,,,,
mlb:401229117,mlb,2021-09-06T23:10Z,final,18,12,Astros,Mariners,11,2,-227,186,,0,-227,186,-1.5,-105,-115,,,Lance McCullers Jr.,Yusei Kikuchi,2,,0,Houston,Texas,1,12,,,,-5.0,"0,6,0,0,2,3,0,0","0,0,2,0,0,0,0,0,0",-215,170,-1.5,125,-157,8.5,-108,-107
mlb:401229120,mlb,2021-09-07T01:07Z,final,3,13,Angels,Rangers,0,4,-131,113,,0,-131,113,-1.5,146,-181,,,Jaime Barria,A.J. Alexy,2,,0,Anaheim,California,0,48,73,10,0.0,-7.0,"0,0,0,0,0,0,0,0,0","1,1,0,0,0,0,1,0,1",-121,-108,-1.5,195,-250,8.5,-125,103
mlb:401229128,mlb,2021-09-07T22:10Z,final,5,9,Indians,Twins,0,3,,,,0,,,,,,,,Aaron Civale,John Gant,2,,0,Cleveland,Ohio,0,199,70,14,0.1,-4.0,"0,0,0,0,0,0,0,0,0","0,0,0,0,1,0,1,0,1",,,,,,,,
mlb:401229125,mlb,2021-09-07T22:35Z,final,23,6,Pirates,Tigers,3,2,-114,-105,,0,-114,-105,1.5,-176,154,,,Dillon Peters,Wily Peralta,2,,0,Pittsburgh,Pennsylvania,0,233,67,10,0.3,-4.0,"1,0,0,0,0,2,0,0","0,0,2,0,0,0,0,0,0",-118,-105,-1.5,210,-275,9.0,-113,-104
mlb:401229129,mlb,2021-09-07T22:40Z,final,28,21,Marlins,Mets,4,9,154,-183,,0,154,-183,1.5,-111,-108,,,Edward Cabrera,Carlos Carrasco,2,,0,Miami,Florida,1,2,,,,-4.0,"1,1,2,0,0,0,0,0,0","2,0,2,0,0,3,0,1,1",145,-182,1.5,-210,165,7.5,-110,-108
mlb:401229126,mlb,2021-09-07T23:05Z,final,1,7,Orioles,Royals,7,3,105,-124,,0,105,-124,1.5,-131,113,,,Alexander Wells,Jackson Kowar,2,,0,Baltimore,Maryland,0,10,71,7,0.0,-4.0,"4,0,2,0,0,0,1,0","0,0,1,1,0,0,0,1,0",102,-127,1.5,-235,180,10.0,-112,-110
mlb:401229135,mlb,2021-09-07T23:05Z,final,10,14,Yankees,Blue Jays,1,5,-250,205,,0,-250,205,-1.5,-115,-105,,,Gerrit Cole,Steven Matz,2,,0,Bronx,New York,0,28,69,7,0.0,-4.0,"0,0,1,0,0,0,0,0,0","0,1,0,2,1,0,0,1,0",-250,195,-1.5,118,-148,8.5,-104,-115
mlb:401229133,mlb,2021-09-07T23:10Z,final,2,30,Red Sox,Rays,7,12,-115,-103,,0,-115,-103,1.5,-180,152,,,Eduardo Rodriguez,Drew Rasmussen,2,,0,Boston,Massachusetts,0,14,68,11,0.0,-4.0,"0,1,0,0,0,0,0,4,2","0,3,2,1,1,1,4,0,0",-121,-107,1.5,-265,200,9.5,-115,-103
mlb:401229136,mlb,2021-09-07T23:20Z,final,15,20,Braves,Nationals,8,5,-275,222,,0,-275,222,-1.5,-120,112,,,Max Fried,Paolo Espino,2,,0,Atlanta,Georgia,0,320,74,8,8.7,-4.0,"3,0,1,1,0,0,2,1","1,0,0,0,0,0,4,0,0",-265,205,-1.5,-103,-121,9.0,-116,-105
mlb:401229124,mlb,2021-09-07T23:40Z,final,16,17,Cubs,Reds,3,4,131,-154,,0,131,-154,1.5,-125,104,,,Adrian Sampson,Wade Miley,2,,0,Chicago,Illinois,0,179,73,27,16.5,-5.0,"0,0,1,0,0,0,0,2,0","2,0,0,0,0,0,0,2,0",120,-150,1.5,-225,175,9.5,100,-116
mlb:401229130,mlb,2021-09-07T23:40Z,final,8,22,Brewers,Phillies,10,0,-112,-104,,0,-112,-104,1.5,-182,152,,,Eric Lauer,Aaron Nola,2,,0,Milwaukee,Wisconsin,1,188,,,,-5.0,"0,0,3,0,0,3,2,2","0,0,0,0,0,0,0,0,0",102,-130,1.5,-240,188,8.5,-114,-104
mlb:401229127,mlb,2021-09-07T23:45Z,final,24,19,Cardinals,Dodgers,2,7,135,-159,,0,135,-159,1.5,-125,105,,,J.A. Happ,Corey Knebel,2,,0,St. Louis,Missouri,0,142,76,13,0.0,-5.0,"1,0,1,0,0,0,0,0,0","1,0,0,2,1,1,0,0,2",118,-148,1.5,-225,175,9.0,100,-116
mlb:401229131,mlb,2021-09-08T00:10Z,final,18,12,Astros,Mariners,5,4,-177,149,,0,-177,149,-1.5,110,-137,,,Jake Odorizzi,Logan Gilbert,2,,0,Houston,Texas,1,12,,,,-5.0,"0,0,2,0,0,0,0,0,2,1","0,0,0,0,2,1,0,0,1,0",-162,130,-1.5,160,-200,8.5,-118,-100
mlb:401229132,mlb,2021-09-08T00:40Z,final,27,26,Rockies,Giants,3,12,202,-245,,0,202,-245,1.5,132,-146,,,Chi Chi Gonzalez,Logan Webb,2,,0,Denver,Colorado,0,1609,71,8,0.0,-6.0,"0,0,0,1,0,0,2,0,0","3,2,0,0,3,0,3,0,1",188,-240,1.5,-125,100,12.0,-110,-110
mlb:401229123,mlb,2021-09-08T01:40Z,final,11,4,Athletics,White Sox,3,6,-130,110,,0,-130,110,-1.5,146,-180,,,James Kaprielian,Jimmy Lambert,2,,0,Oakland,California,0,13,70,8,0.0,-7.0,"1,0,0,0,0,0,0,2,0","1,0,0,0,3,0,0,2,0",-143,115,-1.5,170,-220,9.0,-105,-115
mlb:401229134,mlb,2021-09-08T01:40Z,final,29,13,Diamondbacks,Rangers,1,3,-172,144,,0,-172,144,-1.5,115,-137,,,Zac Gallen,Spencer Howard,2,,0,Phoenix,Arizona,1,331,,,,-7.0,"0,0,1,0,0,0,0,0,0","0,0,0,3,0,0,0,0,0",-182,145,-1.5,155,-195,8.5,-108,-110
mlb:401229122,mlb,2021-09-08T02:10Z,final,25,3,Padres,Angels,0,4,-339,270,,0,-339,270,-1.5,-150,125,,,Blake Snell,Packy Naughton,2,,0,San Diego,California,0,20,72,11,0.0,-7.0,"0,0,0,0,0,0,0,0,0","0,0,0,0,0,0,2,0,2",-315,235,-1.5,104,-129,7.5,-112,-107
mlb:401229146,mlb,2021-09-08T18:10Z,final,18,12,Astros,Mariners,5,8,-180,151,,0,-180,151,-1.5,109,-131,,,Jose Urquidy,Tyler Anderson,2,,0,Houston,Texas,1,12,,,,-5.0,"0,3,0,0,1,0,0,0,1","2,0,0,0,0,0,2,0,4",-180,143,-1.5,150,-190,8.5,-112,-108
mlb:401229147,mlb,2021-09-08T19:10Z,final,27,26,Rockies,Giants,4,7,119,-140,,0,119,-140,1.5,-129,100,,,Jon Gray,Anthony DeSclafani,2,,0,Denver,Colorado,0,1609,71,8,0.0,-6.0,"0,0,0,0,3,1,0,0,0","0,0,0,0,0,3,0,0,4",104,-129,1.5,-220,175,11.5,-102,-118
mlb:401229149,mlb,2021-09-08T19:40Z,final,29,13,Diamondbacks,Rangers,5,8,-159,135,,0,-159,135,-1.5,122,-145,,,Luke Weaver,Kohei Arihara,2,,0,Phoenix,Arizona,1,331,,,,-7.0,"0,2,0,0,0,1,0,0,2","0,0,0,3,0,2,0,3,0",-177,140,-1.5,150,-190,9.0,-108,-111
mlb:401229143,mlb,2021-09-08T22:10Z,final,5,9,Indians,Twins,0,3,,,,0,,,,,,,,Triston McKenzie,Joe Ryan,2,,0,Cleveland,Ohio,0,199,72,17,3.9,-4.0,"0,0,0,0,0,0,0,0,0","0,0,0,0,1,0,1,1,0",,,,,,,,
mlb:401229140,mlb,2021-09-08T22:35Z,final,23,6,Pirates,Tigers,1,5,-126,108,,0,-126,108,-1.5,155,-185,,,Mitch Keller,Matt Manning,2,,0,Pittsburgh,Pennsylvania,0,233,69,12,2.4,-4.0,"0,1,0,0,0,0,0,0,0","1,0,1,0,2,0,1,0,0",-132,106,-1.5,190,-245,9.0,-110,-110
mlb:401229144,mlb,2021-09-08T22:40Z,final,28,21,Marlins,Mets,2,1,-104,-112,,0,-104,-112,1.5,-182,150,,,Sandy Alcantara,Rich Hill,2,,0,Miami,Florida,1,2,,,,-4.0,"0,1,0,0,0,0,0,0,0,1","0,0,0,0,0,0,1,0,0,0",-121,-103,-1.5,230,-305,7.0,-122,-106
mlb:401229141,mlb,2021-09-08T23:05Z,final,1,7,Orioles,Royals,9,8,110,-129,,0,110,-129,1.5,-141,122,,,Matt Harvey,Mike Minor,2,,0,Baltimore,Maryland,0,10,74,10,0.4,-4.0,"0,0,0,0,0,0,0,9","1,0,1,0,2,0,1,0,3",112,-139,1.5,-225,175,9.5,-104,-112
mlb:401229150,mlb,2021-09-08T23:05Z,final,10,14,Yankees,Blue Jays,3,6,-132,112,,0,-132,112,-1.5,140,-170,,,Luis Gil,Alek Manoah,2,,0,Bronx,New York,0,28,72,14,0.1,-4.0,"0,0,0,0,3,0,0,0,0","0,0,0,3,0,0,1,1,1",-114,-109,-1.5,200,-250,9.5,-110,-110
mlb:401229148,mlb,2021-09-08T23:10Z,final,2,30,Red Sox,Rays,2,1,-112,-106,,0,-112,-106,0.5,-119,-101,,,Nathan Eovaldi,Shane McClanahan,2,,0,Boston,Massachusetts,0,14,70,17,0.1,-4.0,"0,0,0,0,0,0,0,2","0,0,0,0,0,0,0,1,0",-122,-103,-1.5,188,-240,10.0,-106,-111
mlb:401229151,mlb,2021-09-08T23:20Z,final,15,20,Braves,Nationals,2,4,-220,184,,0,-220,184,-1.5,-102,-118,,,Touki Toussaint,Sean Nolin,2,,0,Atlanta,Georgia,0,320,74,9,23.9,-4.0,"0,0,0,1,0,1,0,0,0","1,0,0,1,0,0,1,1,0",-186,148,-1.5,128,-162,9.5,-114,-110
mlb:401229139,mlb,2021-09-08T23:40Z,final,16,17,Cubs,Reds,4,1,-104,-115,,0,-104,-115,1.5,-149,126,,,Alec Mills,Vladimir Gutierrez,2,,0,Chicago,Illinois,0,179,69,17,1.3,-5.0,"1,0,0,0,0,0,0,0,0,3","0,0,0,1,0,0,0,0,0,0",-110,-113,1.5,-278,215,9.0,-118,-104
mlb:401229145,mlb,2021-09-08T23:40Z,final,8,22,Brewers,Phillies,4,3,-167,141,,0,-167,141,-1.5,127,-144,,,Freddy Peralta,Kyle Gibson,2,,0,Milwaukee,Wisconsin,1,188,,,,-5.0,"2,1,0,0,0,1,0,0","1,0,2,0,0,0,0,0,0",-165,132,-1.5,170,-220,8.0,-110,-116
mlb:401229142,mlb,2021-09-08T23:45Z,final,24,19,Cardinals,Dodgers,5,4,112,-132,,0,112,-132,1.5,-151,128,,,Adam Wainwright,Mitch White,2,,0,St. Louis,Missouri,0,142,75,12,0.9,-5.0,"3,0,0,1,0,0,0,1","1,0,0,0,0,1,0,0,2",100,-125,1.5,-278,215,8.5,-106,-111
mlb:401229137,mlb,2021-09-09T00:10Z,final,25,3,Padres,Angels,8,5,-305,247,,0,-305,247,-1.5,-127,110,,,Yu Darvish,Mike Mayers,2,,0,San Diego,California,0,20,72,11,0.0,-7.0,"0,8,0,0,0,0,0,0","0,0,0,1,0,0,2,2,0",-286,220,-1.5,117,-148,8.0,-103,-115
mlb:401229138,mlb,2021-09-09T01:40Z,final,11,4,Athletics,White Sox,5,1,-165,140,,0,-165,140,-1.5,116,-145,,,Frankie Montas,Dallas Keuchel,2,,0,Oakland,California,0,13,65,11,0.0,-7.0,"0,1,0,1,1,2,0,0","0,0,0,0,1,0,0,0,0",-182,145,-1.5,150,-186,8.5,-106,-114
mlb:401229155,mlb,2021-09-09T17:15Z,final,24,19,Cardinals,Dodgers,2,1,142,-166,,0,142,-166,1.5,-118,-103,,,Jake Woodford,Tony Gonsolin,2,,0,St. Louis,Missouri,0,142,69,8,0.0,-5.0,"0,1,0,0,1,0,0,0","0,0,1,0,0,0,0,0,0",128,-162,1.5,-200,143,9.0,-116,-102
mlb:401229152,mlb,2021-09-09T19:37Z,final,11,4,Athletics,White Sox,3,1,-145,124,,0,-145,124,-1.5,145,-174,,,Sean Manaea,Reynaldo Lopez,2,,0,Oakland,California,0,13,65,11,0.0,-7.0,"0,1,2,0,0,0,0,0","0,0,1,0,0,0,0,0,0",-177,140,-1.5,160,-200,8.0,-115,-102
mlb:401229156,mlb,2021-09-09T22:10Z,final,5,9,Indians,Twins,4,1,,,,0,,,,,,,,Cal Quantrill,Andrew Albers,2,,0,Cleveland,Ohio,0,199,66,16,1.4,-4.0,"0,0,2,1,0,0,1,0","0,1,0,0,0,0,0,0,0",,,,,,,,
mlb:401229157,mlb,2021-09-09T22:40Z,final,28,21,Marlins,Mets,3,2,154,-184,,0,154,-184,1.5,-114,-105,,,Jesus Luzardo,Marcus Stroman,2,,0,Miami,Florida,1,2,,,,-4.0,"0,0,0,0,0,1,1,1","1,0,1,0,0,0,0,0,0",155,-210,1.5,-205,160,7.5,-116,-104
mlb:401229153,mlb,2021-09-09T23:05Z,final,22,27,Phillies,Rockies,3,4,-186,155,,0,-186,155,-1.5,110,-137,,,Ranger Suarez,Antonio Senzatela,2,,0,Philadelphia,Pennsylvania,0,12,72,11,18.5,-4.0,"1,0,0,0,0,1,0,0,1","0,0,0,1,0,0,0,0,3",-200,160,-1.5,148,-186,8.5,-103,-115
mlb:401229154,mlb,2021-09-09T23:05Z,final,1,7,Orioles,Royals,0,6,-120,100,,0,-120,100,-1.5,140,-166,,,John Means,Carlos Hernandez,2,,0,Baltimore,Maryland,0,10,72,12,9.9,-4.0,"0,0,0,0,0,0,0,0,0","1,0,0,0,0,0,0,3,2",-121,-103,-1.5,205,-265,8.5,-120,-101
mlb:401229158,mlb,2021-09-09T23:05Z,final,10,14,Yankees,Blue Jays,4,6,-119,101,,0,-119,101,-1.5,170,-194,,,Nestor Cortes,Jose Berrios,2,,0,Bronx,New York,0,28,70,11,21.2,-4.0,"0,0,0,0,0,2,0,0,2","1,0,0,0,1,0,1,1,2",-108,-115,1.5,-275,210,8.5,-122,-105
mlb:401229159,mlb,2021-09-09T23:20Z,final,15,20,Braves,Nationals,7,6,-235,192,,0,-235,192,-1.5,-112,-107,,,Huascar Ynoa,Erick Fedde,2,,0,Atlanta,Georgia,0,320,74,13,3.1,-4.0,"0,0,1,1,1,1,0,2,0,1","2,0,0,0,0,1,1,1,1,0",-200,160,-1.5,120,-162,9.5,-110,-112
mlb:401229170,mlb,2021-09-10T18:20Z,final,16,26,Cubs,Giants,1,6,130,-152,,0,130,-152,1.5,-119,105,,,Kyle Hendricks,Dominic Leone,2,,0,Chicago,Illinois,0,179,68,12,0.0,-5.0,"0,0,0,1,0,0,0,0,0","0,0,0,0,0,1,4,1,0",128,-159,1.5,-195,150,9.5,-117,-108
mlb:401229174,mlb,2021-09-10T22:35Z,final,23,20,Pirates,Nationals,4,3,-117,-102,,0,-117,-102,0.0,-105,-106,,,Steven Brault,Josh Rogers,2,,0,Pittsburgh,Pennsylvania,0,233,62,8,0.2,-4.0,"0,0,1,0,0,0,1,0,2","0,2,0,0,0,1,0,0,0",-113,-110,-1.5,220,-286,9.0,-115,101
mlb:401229164,mlb,2021-09-10T23:05Z,final,22,27,Phillies,Rockies,2,11,-153,130,,0,-153,130,-1.5,133,-160,,,Sam Coonrod,German Marquez,2,,0,Philadelphia,Pennsylvania,0,12,68,14,0.0,-4.0,"0,0,0,0,0,0,0,0,2","0,3,0,1,0,0,2,0,5",-152,123,-1.5,185,-235,8.5,100,-116
mlb:401229173,mlb,2021-09-10T23:05Z,final,1,14,Orioles,Blue Jays,6,3,247,-315,,0,247,-315,1.5,150,-179,,,Chris Ellis,Robbie Ray,2,,0,Baltimore,Maryland,0,10,68,12,0.0,-4.0,"3,0,0,0,0,0,3,0","0,0,0,0,1,2,0,0,0",195,-250,1.5,-132,104,9.0,-109,-110
mlb:401229167,mlb,2021-09-10T23:10Z,final,5,8,Indians,Brewers,3,10,,,,0,,,,,,,,Eli Morgan,Adrian Houser,2,,0,Cleveland,Ohio,0,199,64,9,0.7,-4.0,"2,0,0,0,0,0,0,1,0","1,0,0,2,6,1,0,0,0",,,,,,,,
mlb:401229168,mlb,2021-09-10T23:10Z,final,21,10,Mets,Yankees,10,3,100,-119,,0,100,-119,1.5,-147,127,,,Tylor Megill,Jordan Montgomery,2,,0,Queens,New York,0,12,68,16,0.0,-4.0,"1,0,5,2,0,0,2,0","1,1,0,0,0,0,0,0,1",110,-137,1.5,-250,195,7.5,-116,-104
mlb:401229171,mlb,2021-09-10T23:10Z,final,6,30,Tigers,Rays,10,4,139,-167,,0,139,-167,1.5,-121,-100,,,Tyler Alexander,Michael Wacha,2,,0,Detroit,Michigan,0,183,64,9,0.0,-4.0,"0,0,0,0,1,2,4,3","0,0,0,0,1,0,3,0,0",120,-148,1.5,-220,170,9.0,-106,-107
mlb:401229166,mlb,2021-09-10T23:20Z,final,15,28,Braves,Marlins,6,2,-200,164,,0,-200,164,-1.5,105,-125,,,Ian Anderson,Trevor Rogers,2,,0,Atlanta,Georgia,0,320,69,11,0.0,-4.0,"0,0,0,0,5,0,0,1","2,0,0,0,0,0,0,0,0",-195,155,-1.5,150,-186,8.0,-117,-108
mlb:401229160,mlb,2021-09-11T00:10Z,final,18,3,Astros,Angels,10,5,-210,176,,0,-210,176,-1.5,104,-120,,,Framber Valdez,Shohei Ohtani,2,,0,Houston,Texas,1,12,,,,-5.0,"0,0,3,6,0,0,1,0","1,1,0,2,1,0,0,0,0",-195,155,-1.5,150,-190,7.5,-115,-108
mlb:401229162,mlb,2021-09-11T00:10Z,final,4,2,White Sox,Red Sox,4,3,-163,138,,0,-163,138,-1.5,128,-150,,,Carlos Rodon,Tanner Houck,2,,0,Chicago,Illinois,0,179,73,17,0.0,-5.0,"0,0,3,1,0,0,0,0","0,0,0,0,1,0,2,0,0",-167,133,-1.5,160,-200,8.5,-110,-110
mlb:401229165,mlb,2021-09-11T00:10Z,final,9,7,Twins,Royals,4,6,-134,115,,0,-134,115,-1.5,146,-168,,,Griffin Jax,Daniel Lynch IV,2,,0,Minneapolis,Minnesota,0,253,72,9,0.0,-5.0,"4,0,0,0,0,0,0,0,0,0,0","3,0,0,1,0,0,0,0,0,0,2",-132,107,-1.5,180,-230,9.5,-107,-110
mlb:401229163,mlb,2021-09-11T00:15Z,final,24,17,Cardinals,Reds,2,4,102,-121,,0,102,-121,1.5,-164,136,,,Jon Lester,Tyler Mahle,2,,0,St. Louis,Missouri,0,142,78,12,0.7,-5.0,"0,0,0,2,0,0,0,0,0","0,1,0,1,0,0,0,0,2",118,-148,1.5,-235,185,8.0,-117,-105
mlb:401229172,mlb,2021-09-11T01:40Z,final,11,13,Athletics,Rangers,10,5,-187,157,,0,-187,157,-1.5,115,-135,,,Paul Blackburn,Glenn Otto,2,,0,Oakland,California,0,13,62,9,0.0,-7.0,"0,6,0,2,2,0,0,0","1,0,3,0,0,0,0,0,1",-190,150,-1.5,143,-180,8.5,-101,-118
mlb:401229161,mlb,2021-09-11T02:10Z,final,12,29,Mariners,Diamondbacks,5,4,-159,135,,0,-159,135,-1.5,132,-146,,,Marco Gonzales,Madison Bumgarner,2,,0,Seattle,Washington,1,56,,,,-7.0,"1,2,0,0,1,1,0,0","0,2,1,0,0,0,0,1,0",-148,120,-1.5,170,-215,8.5,-107,-112
mlb:401229169,mlb,2021-09-11T02:10Z,final,19,25,Dodgers,Padres,3,0,-160,135,,0,-160,135,-1.5,137,-157,,,Julio Urias,Joe Musgrove,2,,0,Los Angeles,California,0,89,78,11,0.0,-7.0,"0,0,2,1,0,0,0,0","0,0,0,0,0,0,0,0,0",-152,120,-1.5,185,-235,7.5,-110,-110
mlb:401229185,mlb,2021-09-11T18:20Z,final,16,26,Cubs,Giants,4,15,185,-226,,0,185,-226,1.5,105,-152,,,Zach Davies,Kevin Gausman,2,,0,Chicago,Illinois,0,179,73,17,0.0,-5.0,"1,0,2,0,0,0,0,0,1","0,5,1,0,6,0,0,2,1",175,-225,1.5,-143,115,10.5,-115,-104
mlb:401229187,mlb,2021-09-11T20:07Z,final,11,13,Athletics,Rangers,6,8,-212,173,,0,-212,173,-1.5,100,-120,,,Cole Irvin,Wes Benjamin,2,,0,Oakland,California,0,13,62,9,0.0,-7.0,"1,1,1,3,0,0,0,0,0","0,0,0,2,0,0,0,5,1",-180,145,-1.5,145,-182,9.0,-104,-118
mlb:401229188,mlb,2021-09-11T20:35Z,final,1,14,Orioles,Blue Jays,10,11,217,-270,,0,217,-270,1.5,133,-156,,,Dean Kremer,Hyun Jin Ryu,2,,0,Baltimore,Maryland,0,10,66,9,0.0,-4.0,"2,3,2,3,0,0,0","0,2,1,2,2,0,4",220,-286,1.5,-120,-105,7.5,-120,-102
mlb:401229179,mlb,2021-09-11T22:05Z,final,22,27,Phillies,Rockies,6,1,-239,192,,0,-239,192,-1.5,-108,-111,,,Zack Wheeler,Kyle Freeland,2,,0,Philadelphia,Pennsylvania,0,12,66,13,0.0,-4.0,"0,0,0,3,1,0,2,0","0,0,0,0,0,1,0,0,0",-220,175,-1.5,130,-162,7.5,-109,-110
mlb:401229182,mlb,2021-09-11T22:10Z,final,5,8,Indians,Brewers,0,3,,,,0,,,,,,,,Zach Plesac,Corbin Burnes,2,,0,Cleveland,Ohio,0,199,68,17,0.0,-4.0,"0,0,0,0,0,0,0,0,0","2,1,0,0,0,0,0,0,0",,,,,,,,
mlb:401229186,mlb,2021-09-11T22:10Z,final,6,30,Tigers,Rays,2,7,135,-159,,0,135,-159,1.5,-122,104,,,Casey Mize,Chris Archer,2,,0,Detroit,Michigan,0,183,71,21,0.0,-4.0,"0,0,0,1,0,0,0,0,1","0,3,0,2,1,0,0,0,1",115,-143,1.5,-220,175,9.0,-118,-105
mlb:401229189,mlb,2021-09-11T22:35Z,final,23,20,Pirates,Nationals,10,7,120,-140,,0,120,-140,1.5,-126,112,,,Wil Crowe,Josiah Gray,2,,0,Pittsburgh,Pennsylvania,0,233,64,10,0.0,-4.0,"0,0,2,0,3,4,1,0","0,0,0,3,2,0,1,1,0",138,-175,1.5,-195,155,9.0,-106,-114
mlb:401229175,mlb,2021-09-11T23:10Z,final,18,3,Astros,Angels,2,4,-250,202,,0,-250,202,-1.5,-120,102,,,Luis Garcia,Jose Suarez,2,,0,Houston,Texas,1,12,,,,-5.0,"0,0,0,1,0,0,0,0,1","2,0,2,0,0,0,0,0,0",-240,188,-1.5,114,-141,8.5,-115,-105
mlb:401229177,mlb,2021-09-11T23:10Z,final,4,2,White Sox,Red Sox,8,9,-180,150,,0,-180,150,-1.5,105,-125,,,Dylan Cease,Connor Seabold,2,,0,Chicago,Illinois,0,179,73,17,0.0,-5.0,"0,2,0,5,1,0,0,0,0,0","0,0,7,0,0,0,0,1,0,1",-195,155,-1.5,125,-155,9.5,-110,-110
mlb:401229180,mlb,2021-09-11T23:10Z,final,9,7,Twins,Royals,9,2,-140,117,,0,-140,117,-1.5,145,-170,,,Michael Pineda,Brady Singer,2,,0,Minneapolis,Minnesota,0,253,72,9,0.0,-5.0,"2,1,0,1,2,0,3,0","0,0,0,1,0,0,0,0,1",-129,104,-1.5,188,-240,9.0,-115,-108
mlb:401229178,mlb,2021-09-11T23:15Z,final,24,17,Cardinals,Reds,6,4,100,-116,,0,100,-116,1.5,-152,128,,,Miles Mikolas,Luis Castillo,2,,0,St. Louis,Missouri,0,142,78,12,0.7,-5.0,"0,0,2,0,0,2,0,2","0,0,4,0,0,0,0,0,0",106,-132,1.5,-278,215,8.0,-111,-109
mlb:401229181,mlb,2021-09-11T23:20Z,final,15,28,Braves,Marlins,4,6,-276,227,,0,-276,227,-1.5,-124,103,,,Charlie Morton,Elieser Hernandez,2,,0,Atlanta,Georgia,0,320,70,5,0.0,-4.0,"0,0,0,0,3,0,0,0,1","2,1,0,0,0,0,0,2,1",-305,230,-1.5,106,-132,8.0,-115,-104
mlb:401229183,mlb,2021-09-11T23:45Z,final,21,10,Mets,Yankees,7,8,101,-120,,0,101,-120,1.5,-162,140,,,Taijuan Walker,Corey Kluber,2,,0,Queens,New York,0,12,66,14,0.0,-4.0,"0,3,1,0,0,2,1,0,0","0,5,0,0,0,0,0,3,0",102,-127,1.5,-275,205,8.0,-105,-115
mlb:401345793,mlb,2021-09-12T00:35Z,final,1,14,Orioles,Blue Jays,2,11,167,-197,,0,,,1.5,105,-117,,,Keegan Akin,Thomas Hatch,2,,0,Baltimore,Maryland,0,10,73,11,0.0,-4.0,"0,0,1,0,0,0,1","0,0,0,0,0,0,11",150,-190,1.5,-155,123,,,
mlb:401229176,mlb,2021-09-12T01:10Z,final,12,29,Mariners,Diamondbacks,3,7,-171,142,,0,-171,142,-1.5,115,-137,,,Chris Flexen,Humberto Castellanos,2,,0,Seattle,Washington,1,56,,,,-7.0,"2,0,0,1,0,0,0,0,0","1,0,0,4,0,2,0,0,0",-157,125,-1.5,165,-215,8.5,-114,-105
mlb:401229184,mlb,2021-09-12T01:10Z,final,19,25,Dodgers,Padres,5,4,-230,186,,0,-230,186,-1.5,-104,-115,,,Walker Buehler,Chris Paddack,2,,0,Los Angeles,California,0,89,76,11,0.0,-7.0,"0,0,2,0,3,0,0,0","0,0,0,2,0,0,0,2,0",-215,170,-1.5,143,-180,8.5,-104,-112
mlb:401229201,mlb,2021-09-12T16:10Z,final,6,30,Tigers,Rays,8,7,125,-148,,0,125,-148,1.5,-133,117,,,Tarik Skubal,Luis Patino,2,,0,Detroit,Michigan,0,183,77,15,0.0,-4.0,"0,0,1,1,0,0,0,3,0,2,1","0,0,0,1,0,0,0,4,0,2,0",117,-148,1.5,-215,170,9.0,-110,-103
mlb:401229194,mlb,2021-09-12T17:05Z,final,22,27,Phillies,Rockies,4,5,-297,240,,0,-297,240,-1.5,-132,114,,,Aaron Nola,Ryan Feltner,2,,0,Philadelphia,Pennsylvania,0,12,73,14,0.0,-4.0,"1,0,0,1,0,1,0,1,0","0,0,0,0,3,0,2,0,0",-275,210,-1.5,108,-134,9.0,-114,-118
mlb:401229203,mlb,2021-09-12T17:05Z,final,1,14,Orioles,Blue Jays,7,22,190,-236,,0,190,-236,1.5,124,-147,,,Zac Lowther,Steven Matz,2,,0,Baltimore,Maryland,0,10,73,11,0.0,-4.0,"0,3,1,0,0,1,2,0,0","5,1,10,0,2,4,0,0,0",175,-225,1.5,-136,108,11.5,-102,-119
mlb:401229204,mlb,2021-09-12T17:05Z,final,23,20,Pirates,Nationals,2,6,106,-125,,0,106,-125,1.5,-161,139,,,Bryse Wilson,Patrick Corbin,2,,0,Pittsburgh,Pennsylvania,0,233,72,13,0.0,-4.0,"0,1,1,0,0,0,0,0,0","0,1,0,4,0,0,1,0,0",110,-136,1.5,-250,190,9.0,101,-112
mlb:401229197,mlb,2021-09-12T17:10Z,final,5,8,Indians,Brewers,1,11,,,,0,,,,,,,,Aaron Civale,Eric Lauer,2,,0,Cleveland,Ohio,0,199,76,17,0.0,-4.0,"0,0,0,0,0,1,0,0,0","1,3,3,0,0,1,0,3,0",,,,,,,,
mlb:401229196,mlb,2021-09-12T17:20Z,final,15,28,Braves,Marlins,5,3,-300,240,,0,-300,240,-1.5,-128,120,,,Max Fried,Edward Cabrera,2,,0,Atlanta,Georgia,0,320,72,7,0.8,-4.0,"0,0,0,2,1,0,2,0","0,1,0,0,0,2,0,0,0",-275,210,-1.5,110,-137,8.5,-107,-112
mlb:401229190,mlb,2021-09-12T18:10Z,final,18,3,Astros,Angels,3,1,-300,245,,0,-300,245,-1.5,-141,124,,,Lance McCullers Jr.,Jaime Barria,2,,0,Houston,Texas,1,12,,,,-5.0,"1,0,0,0,2,0,0,0","0,0,0,0,1,0,0,0,0",-335,250,-1.5,-112,-112,8.5,-117,-102
mlb:401229192,mlb,2021-09-12T18:10Z,final,4,2,White Sox,Red Sox,2,1,-174,145,,0,-174,145,-1.5,120,-139,,,Lance Lynn,Nick Pivetta,2,,0,Chicago,Illinois,0,179,78,16,0.0,-5.0,"0,0,0,0,0,1,0,0,1","0,0,0,0,0,0,0,0,1",-175,135,-1.5,143,-180,9.0,-114,-110
mlb:401229195,mlb,2021-09-12T18:10Z,final,9,7,Twins,Royals,3,5,-170,142,,0,-170,142,-1.5,120,-148,,,Bailey Ober,Kris Bubic,2,,0,Minneapolis,Minnesota,0,253,65,10,0.8,-5.0,"1,0,0,0,0,2,0,0,0","1,1,0,0,1,0,0,1,1",-177,140,-1.5,145,-182,8.5,-120,-100
mlb:401229193,mlb,2021-09-12T18:15Z,final,24,17,Cardinals,Reds,2,0,106,-125,,0,106,-125,1.5,-155,135,,,J.A. Happ,Sonny Gray,2,,0,St. Louis,Missouri,0,142,80,13,0.0,-5.0,"2,0,0,0,0,0,0,0","0,0,0,0,0,0,0,0,0",118,-148,1.5,-225,175,9.0,-103,-111
mlb:401229200,mlb,2021-09-12T18:20Z,final,16,26,Cubs,Giants,5,6,180,-215,,0,180,-215,1.5,108,-140,,,Justin Steele,Logan Webb,2,,0,Chicago,Illinois,0,179,78,16,0.0,-5.0,"0,0,0,2,1,0,2,0,0","0,1,1,1,2,0,1,0,0",163,-210,1.5,-167,133,9.0,-120,-106
mlb:401229202,mlb,2021-09-12T20:07Z,final,11,13,Athletics,Rangers,3,4,-192,162,,0,-192,162,-1.5,109,-130,,,James Kaprielian,Taylor Hearn,2,,0,Oakland,California,0,13,64,7,0.0,-7.0,"0,0,0,0,1,2,0,0,0","0,0,3,1,0,0,0,0,0",-195,155,-1.5,143,-177,8.5,-111,-111
mlb:401229191,mlb,2021-09-12T20:10Z,final,12,29,Mariners,Diamondbacks,4,5,-177,147,,0,-177,147,-1.5,120,-134,,,Yusei Kikuchi,Tyler Gilbert,2,,0,Seattle,Washington,1,56,,,,-7.0,"0,0,0,1,0,1,0,0,2","0,0,1,0,0,3,1,0,0",-155,125,-1.5,170,-215,8.0,-115,-106
mlb:401229199,mlb,2021-09-12T20:10Z,final,19,25,Dodgers,Padres,8,0,-168,145,,0,-168,145,-1.5,130,-147,,,Max Scherzer,Blake Snell,2,,0,Los Angeles,California,0,89,76,11,0.0,-7.0,"0,0,0,1,1,0,4,2","0,0,0,0,0,0,0,0,0",-182,145,-1.5,165,-210,7.5,-102,-115
mlb:401229198,mlb,2021-09-13T00:00Z,final,21,10,Mets,Yankees,7,6,-122,104,,0,-122,104,-1.5,137,-159,,,Carlos Carrasco,Clarke Schmidt,2,,0,Queens,New York,0,12,78,14,0.2,-4.0,"1,3,0,0,1,1,0,1","2,0,0,0,0,2,2,0,0",-121,-103,-1.5,210,-275,9.0,-114,100
mlb:401361113,mlb,2021-09-13T18:05Z,final,10,9,Yankees,Twins,6,5,-183,152,,0,-183,152,-1.5,-102,-130,,,Luis Gil,John Gant,2,,0,Bronx,New York,0,28,77,10,0.0,-4.0,"0,0,0,0,0,1,1,3,0,1","4,0,1,0,0,0,0,0,0,0",-180,143,-1.5,130,-162,10.5,-103,-105
mlb:401229208,mlb,2021-09-13T23:05Z,final,20,28,Nationals,Marlins,0,3,-103,-115,,0,-103,-115,1.5,-176,149,,,Paolo Espino,Sandy Alcantara,2,,0,Washington,District of Columbia,0,7,79,10,0.0,-4.0,"0,0,0,0,0,0,0,0,0","1,0,0,0,0,0,0,0,2",100,-125,1.5,-286,220,8.0,-110,-107
mlb:401229210,mlb,2021-09-13T23:07Z,final,14,30,Blue Jays,Rays,8,1,-142,122,,0,-142,122,-1.5,135,-162,,,Alek Manoah,Collin McHugh,2,,0,Toronto,Ontario,1,161,,,,-4.0,"0,0,0,4,3,1,0,0","0,0,0,0,0,0,0,0,1",-134,107,-1.5,188,-240,9.0,-114,-110
mlb:401229250,mlb,2021-09-13T23:10Z,final,21,24,Mets,Cardinals,0,7,-107,-110,,0,-107,-110,1.5,-182,160,,,Rich Hill,Adam Wainwright,2,,0,Queens,New York,0,12,78,14,0.2,-4.0,"0,0,0,0,0,0,0,0,0","0,1,1,0,1,0,0,0,4",100,-124,1.5,-278,215,8.0,-104,-115
mlb:401229207,mlb,2021-09-14T00:05Z,final,13,18,Rangers,Astros,1,15,160,-190,,0,160,-190,1.5,-101,-118,,,Spencer Howard,Jake Odorizzi,2,,0,Arlington,Texas,1,184,,,,-5.0,"0,0,1,0,0,0,0,0,0","3,4,2,0,0,4,1,1,0",140,-177,1.5,-190,150,8.5,-124,105
mlb:401229209,mlb,2021-09-14T01:45Z,final,26,25,Giants,Padres,9,1,-105,-113,,0,-105,-113,1.5,-171,145,,,Dominic Leone,Yu Darvish,2,,0,San Francisco,California,0,16,61,18,0.0,-7.0,"5,0,0,3,0,0,0,1","0,0,1,0,0,0,0,0,0",-103,-127,1.5,-278,215,8.0,-105,-112
mlb:401229205,mlb,2021-09-14T02:10Z,final,19,29,Dodgers,Diamondbacks,5,1,-307,247,,0,-307,247,-2.0,-122,101,,,Clayton Kershaw,Zac Gallen,2,,0,Los Angeles,California,0,89,68,10,0.0,-7.0,"3,0,0,0,0,1,1,0","1,0,0,0,0,0,0,0,0",-295,230,-1.5,102,-139,8.0,-105,-118
mlb:401229206,mlb,2021-09-14T02:10Z,final,12,2,Mariners,Red Sox,5,4,106,-125,,0,106,-125,1.5,-152,130,,,Logan Gilbert,Eduardo Rodriguez,2,,0,Seattle,Washington,1,56,,,,-7.0,"1,1,0,0,0,0,3,0","0,0,1,0,1,0,0,2,0",105,-130,1.5,-275,210,8.0,-110,-107
mlb:401340058,mlb,2021-09-14T19:10Z,final,9,5,Twins,Indians,1,3,,,,0,,,,,,,,Joe Ryan,Triston McKenzie,2,,0,Minneapolis,Minnesota,0,253,65,12,11.0,-5.0,"0,0,1,0,0,0,0","0,0,0,0,1,0,2",,,,,,,,
mlb:401229215,mlb,2021-09-14T22:35Z,final,23,17,Pirates,Reds,6,5,145,-175,,0,145,-175,1.5,-118,-105,,,Dillon Peters,Wade Miley,2,,0,Pittsburgh,Pennsylvania,0,233,74,11,0.3,-4.0,"3,0,0,0,3,0,0,0","0,0,0,0,0,4,0,0,1",128,-162,1.5,-215,170,8.5,-125,105
mlb:401229220,mlb,2021-09-14T22:40Z,final,6,8,Tigers,Brewers,1,0,180,-222,,0,180,-222,1.5,114,-115,,,Wily Peralta,Freddy Peralta,2,,0,Detroit,Michigan,0,183,74,20,2.1,-4.0,"0,0,0,0,0,0,0,0,0,0,1","0,0,0,0,0,0,0,0,0,0,0",160,-205,1.5,-162,130,9.0,-109,-115
mlb:401229214,mlb,2021-09-14T23:05Z,final,22,16,Phillies,Cubs,3,6,-202,170,,0,-202,170,-1.5,103,-122,,,Kyle Gibson,Adrian Sampson,2,,0,Philadelphia,Pennsylvania,0,12,77,9,4.7,-4.0,"1,0,0,0,0,2,0,0,0","0,0,0,0,4,0,2,0,0",-190,150,-1.5,123,-162,9.5,-113,-106
mlb:401229219,mlb,2021-09-14T23:05Z,final,20,28,Nationals,Marlins,8,2,-149,125,,0,-149,125,-1.5,140,-160,,,Erick Fedde,Jesus Luzardo,2,,0,Washington,District of Columbia,0,7,78,7,0.0,-4.0,"0,1,1,0,2,0,0,4","0,0,0,0,1,0,1,0,0",-150,120,-1.5,175,-225,8.5,-110,-108
mlb:401229221,mlb,2021-09-14T23:05Z,final,1,10,Orioles,Yankees,2,7,275,-350,,0,275,-350,1.5,163,-195,,,Alexander Wells,Gerrit Cole,2,,0,Baltimore,Maryland,0,10,77,9,0.5,-4.0,"0,0,0,0,1,0,0,0,1","2,0,3,0,0,0,0,1,1",280,-400,1.5,102,-136,9.5,-105,-114
mlb:401229225,mlb,2021-09-14T23:07Z,final,14,30,Blue Jays,Rays,0,2,-143,120,,0,-143,120,-1.5,137,-170,,,Jose Berrios,Drew Rasmussen,2,,0,Toronto,Ontario,1,161,,,,-4.0,"0,0,0,0,0,0,0,0,0","0,1,0,0,0,0,0,1,0",-136,110,-1.5,180,-230,9.5,101,-121
mlb:401229224,mlb,2021-09-14T23:10Z,final,21,24,Mets,Cardinals,6,7,-185,155,,0,-185,155,-1.5,125,-135,,,Marcus Stroman,Jake Woodford,2,,0,Queens,New York,0,12,72,11,1.2,-4.0,"2,0,0,0,1,0,0,0,1,0,2","0,0,0,2,0,0,0,2,0,0,3",-182,145,-1.5,155,-200,8.0,-103,-115
mlb:401229217,mlb,2021-09-14T23:20Z,final,15,27,Braves,Rockies,4,5,-152,130,,0,-152,130,-1.5,127,-151,,,Touki Toussaint,Jon Gray,2,,0,Atlanta,Georgia,0,320,75,5,0.6,-4.0,"1,0,0,1,0,0,0,2,0","0,2,0,0,2,1,0,0,0",-150,120,-1.5,150,-205,9.5,-106,-113
mlb:401229216,mlb,2021-09-14T23:40Z,final,9,5,Twins,Indians,6,3,,,,0,,,,,,,,Charlie Barnes,Logan Allen,2,,0,Minneapolis,Minnesota,0,253,65,12,11.0,-5.0,"0,0,0,4,0,2","0,0,3,0,0,0,0",,,,,,,,
mlb:401229218,mlb,2021-09-15T00:05Z,final,13,18,Rangers,Astros,8,1,180,-217,,0,180,-217,0.0,186,-229,,,Jordan Lyles,Zack Greinke,2,,0,Arlington,Texas,1,184,,,,-5.0,"2,0,2,0,0,4,0,0","0,0,0,0,0,0,0,0,1",175,-225,1.5,-155,123,9.5,101,-120
mlb:401229211,mlb,2021-09-15T00:10Z,final,4,3,White Sox,Angels,9,3,-286,240,,0,-286,240,-2.0,-120,-100,,,Lucas Giolito,Packy Naughton,2,,0,Chicago,Illinois,0,179,68,14,0.0,-5.0,"0,2,4,1,2,0,0,0","1,0,0,2,0,0,0,0,0",-295,225,-1.5,-104,-120,9.0,-100,-108
mlb:401229222,mlb,2021-09-15T00:10Z,final,7,11,Royals,Athletics,10,7,140,-167,,0,140,-167,1.5,-120,-106,,,Jackson Kowar,Frankie Montas,2,,0,Kansas City,Missouri,0,274,73,7,0.1,-5.0,"0,0,3,1,0,4,2,0","2,3,1,0,1,0,0,0,0",150,-195,1.5,-195,150,8.5,-130,110
mlb:401229223,mlb,2021-09-15T01:45Z,final,26,25,Giants,Padres,6,1,-200,170,,0,-200,170,-1.5,105,-125,,,Anthony DeSclafani,Jake Arrieta,2,,0,San Francisco,California,0,16,59,21,0.0,-7.0,"1,0,1,1,0,0,1,2","0,0,1,0,0,0,0,0,0",-215,160,-1.5,130,-162,9.5,-105,-114
mlb:401229212,mlb,2021-09-15T02:10Z,final,19,29,Dodgers,Diamondbacks,8,4,-280,220,,0,-280,220,-1.5,-122,115,,,Tony Gonsolin,Luke Weaver,2,,0,Los Angeles,California,0,89,67,10,0.0,-7.0,"1,0,3,0,1,1,2,0","0,0,0,0,0,1,3,0,0",-225,175,-1.5,125,-155,9.0,-100,-120
mlb:401229213,mlb,2021-09-15T02:10Z,final,12,2,Mariners,Red Sox,4,8,125,-145,,0,125,-145,1.5,-140,123,,,Tyler Anderson,Nathan Eovaldi,2,,0,Seattle,Washington,1,56,,,,-7.0,"0,0,0,2,0,0,0,0,2","0,0,0,1,0,1,0,5,1",123,-152,1.5,-235,180,8.0,-105,-114
mlb:401229234,mlb,2021-09-15T17:05Z,final,20,28,Nationals,Marlins,6,8,105,-122,,0,105,-122,1.5,-163,137,,,Josh Rogers,Trevor Rogers,2,,0,Washington,District of Columbia,0,7,80,12,0.0,-4.0,"0,0,0,1,1,1,2,1,0","0,0,0,0,0,2,1,1,4",102,-125,1.5,-275,210,8.5,-121,102
mlb:401229235,mlb,2021-09-15T17:10Z,final,6,8,Tigers,Brewers,4,1,195,-250,,0,195,-250,1.5,123,-143,,,Matt Manning,Brandon Woodruff,2,,0,Detroit,Michigan,0,183,70,15,4.7,-4.0,"0,0,0,1,2,0,1,0","0,1,0,0,0,0,0,0,0",188,-240,1.5,-150,120,8.5,-113,-105
mlb:401229240,mlb,2021-09-15T19:07Z,final,14,30,Blue Jays,Rays,6,3,-175,150,,0,-175,150,-1.5,116,-137,,,Robbie Ray,Michael Wacha,2,,0,Toronto,Ontario,1,161,,,,-4.0,"3,0,1,0,2,0,0,0","0,0,0,0,1,0,0,2,0",-182,148,-1.5,140,-175,8.5,-130,110
mlb:401229228,mlb,2021-09-15T20:10Z,final,12,2,Mariners,Red Sox,4,9,112,-130,,0,112,-130,1.5,-143,140,,,Marco Gonzales,Tanner Houck,2,,0,Seattle,Washington,1,56,,,,-7.0,"0,0,3,0,0,0,0,0,0,1","1,2,0,0,0,0,0,0,0,6",107,-132,1.5,-245,190,8.5,-115,-105
mlb:401229230,mlb,2021-09-15T22:35Z,final,23,17,Pirates,Reds,5,4,118,-138,,0,118,-138,1.5,-143,123,,,Mitch Keller,Vladimir Gutierrez,2,,0,Pittsburgh,Pennsylvania,0,233,71,11,26.4,-4.0,"0,0,3,1,0,0,0,0,1","2,0,0,0,0,0,1,1,0",108,-150,1.5,-235,180,9.5,102,-121
mlb:401229229,mlb,2021-09-15T23:05Z,final,22,16,Phillies,Cubs,6,5,-207,170,,0,-207,170,-1.5,101,-120,,,Ranger Suarez,Alec Mills,2,,0,Philadelphia,Pennsylvania,0,12,79,14,0.0,-4.0,"0,0,0,3,1,0,0,1,1","0,0,0,0,2,0,0,2,1",-225,175,-1.5,125,-155,9.5,-104,-115
mlb:401229236,mlb,2021-09-15T23:05Z,final,1,10,Orioles,Yankees,3,4,140,-167,,0,140,-167,1.5,-105,-114,,,John Means,Nestor Cortes,2,,0,Baltimore,Maryland,0,10,79,12,0.3,-4.0,"0,0,0,0,0,1,0,2,0","0,0,2,0,0,0,0,0,2",128,-157,1.5,-195,155,10.0,-105,-115
mlb:401229239,mlb,2021-09-15T23:10Z,final,21,24,Mets,Cardinals,4,11,-182,150,,0,-182,150,-1.5,122,-145,,,Tylor Megill,Jon Lester,2,,0,Queens,New York,0,12,74,20,0.0,-4.0,"0,1,1,0,0,1,1,0,0","5,0,0,1,0,0,2,3,0",-167,133,-1.5,155,-200,8.5,-114,-105
mlb:401229232,mlb,2021-09-15T23:20Z,final,15,27,Braves,Rockies,2,3,-225,180,,0,-225,180,-1.5,-104,-116,,,Huascar Ynoa,Antonio Senzatela,2,,0,Atlanta,Georgia,0,320,72,7,8.0,-4.0,"0,1,0,0,1,0,0,0,0,0","0,0,0,0,2,0,0,0,0,1",-205,163,-1.5,138,-175,8.5,-119,100
mlb:401229231,mlb,2021-09-15T23:40Z,final,9,5,Twins,Indians,3,12,,,,0,,,,,,,,Griffin Jax,Cal Quantrill,2,,0,Minneapolis,Minnesota,0,253,62,8,0.0,-5.0,"0,0,0,0,0,0,3,0,0","0,0,0,1,4,0,5,1,1",,,,,,,,
mlb:401229233,mlb,2021-09-16T00:05Z,final,13,18,Rangers,Astros,2,7,170,-200,,0,170,-200,1.5,106,-126,,,Kohei Arihara,Jose Urquidy,2,,0,Arlington,Texas,1,184,,,,-5.0,"0,0,1,0,0,0,0,0,1","0,3,0,2,1,0,0,1,0",170,-215,1.5,-159,128,8.5,-125,106
mlb:401229226,mlb,2021-09-16T00:10Z,final,4,3,White Sox,Angels,2,3,-230,185,,0,-230,185,-1.5,-105,-115,,,Dallas Keuchel,Janson Junk,2,,0,Chicago,Illinois,0,179,69,11,0.0,-5.0,"0,0,0,1,0,1,0,0,0","0,0,1,0,0,1,0,1,0",-195,150,-1.5,132,-165,9.5,-100,-120
mlb:401229237,mlb,2021-09-16T00:10Z,final,7,11,Royals,Athletics,10,12,120,-140,,0,120,-140,1.5,-139,120,,,Carlos Hernandez,Sean Manaea,2,,0,Kansas City,Missouri,0,274,74,10,0.1,-5.0,"1,0,0,3,1,0,1,3,1","0,2,1,2,3,0,4,0,0",110,-136,1.5,-240,188,9.0,-100,-120
mlb:401229238,mlb,2021-09-16T01:45Z,final,26,25,Giants,Padres,6,9,-110,-110,,0,-110,-110,0.0,-103,-114,,,Dominic Leone,Joe Musgrove,2,,0,San Francisco,California,0,16,58,18,0.0,-7.0,"0,1,1,0,0,1,2,0,1","2,3,0,0,0,0,2,0,2",102,-127,1.5,-275,210,8.5,100,-119
mlb:401229227,mlb,2021-09-16T02:00Z,final,19,29,Dodgers,Diamondbacks,5,3,-420,330,,0,-420,330,-1.5,-185,155,,,Julio Urias,Merrill Kelly,2,,0,Los Angeles,California,0,89,66,10,0.0,-7.0,"0,1,0,2,1,1,0,0","0,0,0,2,0,1,0,0,0",-345,260,-1.5,100,-122,8.0,-105,-115
mlb:401229244,mlb,2021-09-16T16:20Z,void,15,27,Braves,Rockies,,,-173,146,,0,-173,146,-1.5,119,-140,,,,German Marquez,2,,0,Atlanta,Georgia,0,320,69,10,44.9,-4.0,,,-177,140,-1.5,160,-205,8.0,-109,-110
mlb:401229243,mlb,2021-09-16T16:35Z,final,23,17,Pirates,Reds,0,1,148,-175,,0,148,-175,1.5,-115,105,,,Connor Overton,Tyler Mahle,2,,0,Pittsburgh,Pennsylvania,0,233,67,6,1.6,-4.0,"0,0,0,0,0,0,0,0,0","0,0,0,0,0,0,1,0,0",143,-180,1.5,-195,155,8.5,-105,-115
mlb:401229241,mlb,2021-09-16T18:10Z,final,4,3,White Sox,Angels,3,9,-190,160,,0,-190,160,-1.5,-110,-110,,,Reynaldo Lopez,Alex Cobb,2,,0,Chicago,Illinois,0,179,69,11,0.0,-5.0,"0,0,0,0,0,1,2,0,0","0,2,0,5,2,0,0,0,0",-157,128,-1.5,163,-205,8.5,-105,-115
mlb:401229248,mlb,2021-09-16T18:10Z,final,7,11,Royals,Athletics,2,7,105,-125,,0,105,-125,1.5,-145,125,,,Daniel Lynch IV,Paul Blackburn,2,,0,Kansas City,Missouri,0,274,74,10,0.1,-5.0,"2,0,0,0,0,0,0,0,0","0,0,4,0,0,0,0,0,3",-104,-121,1.5,-230,180,10.5,-106,-113
mlb:401229249,mlb,2021-09-16T19:45Z,final,26,25,Giants,Padres,4,7,-190,160,,0,-190,160,-1.5,115,-135,,,Kevin Gausman,Pierce Johnson,2,,0,San Francisco,California,0,16,58,18,0.0,-7.0,"0,0,0,0,0,1,1,1,1","0,1,1,0,2,0,0,3,0",-182,145,-1.5,155,-195,8.0,-112,-107
mlb:401229247,mlb,2021-09-16T21:05Z,final,1,10,Orioles,Yankees,3,2,195,-240,,0,195,-240,2.0,-110,-109,,,Chris Ellis,Jordan Montgomery,2,,0,Baltimore,Maryland,0,10,74,9,5.3,-4.0,"0,0,0,0,0,1,0,0,1,1","0,2,0,0,0,0,0,0,0,0",145,-182,1.5,-155,120,10.5,-110,-109
mlb:401229242,mlb,2021-09-16T22:05Z,final,22,16,Phillies,Cubs,17,8,-162,137,,0,-162,137,-1.5,129,-152,,,Cam Bedrosian,Kyle Hendricks,2,,0,Philadelphia,Pennsylvania,0,12,74,12,4.6,-4.0,"0,0,0,7,0,3,5,2","0,0,7,0,0,0,1,0,0",-159,128,-1.5,170,-215,9.0,-111,-108
mlb:401229245,mlb,2021-09-16T23:10Z,final,30,6,Rays,Tigers,5,2,-210,175,,0,-210,175,-1.5,105,-118,,,Louis Head,Tyler Alexander,2,,0,St. Petersburg,Florida,1,13,,,,-4.0,"2,0,0,0,1,2,0,0","0,0,0,0,1,0,0,0,1",-200,160,-1.5,120,-165,8.5,-110,-108
mlb:401229246,mlb,2021-09-17T00:05Z,final,13,18,Rangers,Astros,1,12,145,-170,,0,145,-170,1.5,-124,105,,,Glenn Otto,Luis Garcia,2,,0,Arlington,Texas,1,184,,,,-5.0,"0,0,0,0,0,1,0,0,0","0,0,0,7,0,2,0,3,0",140,-177,1.5,-190,150,8.5,-123,103
mlb:401229256,mlb,2021-09-17T23:05Z,final,10,5,Yankees,Indians,8,0,,,,0,,,,,,,,Corey Kluber,Zach Plesac,2,,0,Bronx,New York,0,28,70,12,1.7,-4.0,"0,1,0,1,0,0,4,2","0,0,0,0,0,0,0,0,0",,,,,,,,
mlb:401229257,mlb,2021-09-17T23:05Z,final,20,27,Nationals,Rockies,8,9,100,-116,,0,100,-116,1.5,-166,142,,,Josiah Gray,German Marquez,2,,0,Washington,District of Columbia,0,7,73,7,8.2,-4.0,"2,0,0,4,0,0,0,2,0","2,0,0,0,2,3,0,0,2",-108,-115,1.5,-286,225,9.0,-119,101
mlb:401229260,mlb,2021-09-17T23:07Z,final,14,9,Blue Jays,Twins,3,7,-222,181,,0,-222,181,-1.5,-115,-105,,,Hyun Jin Ryu,Michael Pineda,2,,0,Toronto,Ontario,1,161,,,,-4.0,"0,2,1,0,0,0,0,0,0","0,1,5,0,0,1,0,0,0",-230,175,-1.5,112,-139,9.5,-100,-120
mlb:401229253,mlb,2021-09-17T23:10Z,final,2,1,Red Sox,Orioles,7,1,-345,280,,0,-345,280,-1.5,-164,125,,,Chris Sale,Keegan Akin,2,,0,Boston,Massachusetts,0,14,65,10,0.3,-4.0,"0,2,0,1,1,3,0,0","0,1,0,0,0,0,0,0,0",-360,270,-1.5,-124,100,9.5,-106,-114
mlb:401229258,mlb,2021-09-17T23:10Z,final,30,6,Rays,Tigers,7,4,-225,184,,0,-225,184,-1.5,-110,-111,,,Luis Patino,Casey Mize,2,,0,St. Petersburg,Florida,1,13,,,,-4.0,"1,0,0,0,0,0,0,0,3,3","1,2,1,0,0,0,0,0,0,0",-205,163,-1.5,132,-165,8.5,-115,-105
mlb:401229259,mlb,2021-09-17T23:10Z,final,17,19,Reds,Dodgers,3,1,145,-175,,0,145,-175,1.5,-113,-102,,,Luis Castillo,Walker Buehler,2,,0,Cincinnati,Ohio,0,191,73,5,0.3,-4.0,"0,0,0,0,1,2,0,0","0,0,0,0,0,0,0,0,1",130,-162,1.5,-215,170,8.5,-122,-100
mlb:401229262,mlb,2021-09-17T23:10Z,final,21,22,Mets,Phillies,3,4,110,-131,,0,110,-131,1.5,-160,134,,,Taijuan Walker,Zack Wheeler,2,,0,Queens,New York,0,12,72,13,3.1,-4.0,"0,0,0,1,0,0,0,2,0","0,1,0,0,1,0,1,1,0",120,-148,1.5,-235,185,7.5,-108,-112
mlb:401229263,mlb,2021-09-17T23:10Z,final,28,23,Marlins,Pirates,1,2,-163,137,,0,-163,137,-1.5,130,-152,,,Elieser Hernandez,Wil Crowe,2,,0,Miami,Florida,1,2,,,,-4.0,"0,1,0,0,0,0,0,0,0","1,0,0,0,0,1,0,0,0",-175,140,-1.5,163,-205,7.5,-117,-107
mlb:401229254,mlb,2021-09-18T00:05Z,final,13,4,Rangers,White Sox,0,8,171,-202,,0,171,-202,1.5,105,-126,,,Taylor Hearn,Dylan Cease,2,,0,Arlington,Texas,1,184,,,,-5.0,"0,0,0,0,0,0,0,0,0","1,1,0,5,0,0,1,0,0",140,-177,1.5,-186,148,8.5,-113,-106
mlb:401229251,mlb,2021-09-18T00:10Z,final,18,29,Astros,Diamondbacks,4,3,-250,200,,0,-250,200,-1.5,-111,-111,,,Brandon Bielak,Madison Bumgarner,2,,0,Houston,Texas,1,12,,,,-5.0,"0,0,0,0,0,2,0,0,0,2","0,0,0,0,0,1,0,1,0,1",-190,150,-1.5,132,-165,9.5,-108,-108
mlb:401229255,mlb,2021-09-18T00:10Z,final,8,16,Brewers,Cubs,8,5,-235,190,,0,-235,190,-1.5,-114,-104,,,Adrian Houser,Zach Davies,2,,0,Milwaukee,Wisconsin,1,188,,,,-5.0,"0,0,0,3,1,0,0,4","0,0,0,4,1,0,0,0,0",-220,175,-1.5,123,-155,8.5,-130,110
mlb:401229265,mlb,2021-09-18T00:10Z,final,7,12,Royals,Mariners,2,6,103,-122,,0,103,-122,1.5,-155,134,,,Jonathan Heasley,Chris Flexen,2,,0,Kansas City,Missouri,0,274,76,9,0.1,-5.0,"0,0,0,0,0,1,1,0,0","0,2,0,2,0,0,1,1,0",105,-132,1.5,-230,180,9.0,-112,-106
mlb:401229264,mlb,2021-09-18T00:15Z,final,24,25,Cardinals,Padres,8,2,-125,108,,0,-125,108,-1.5,152,-184,,,Miles Mikolas,Vince Velasquez,2,,0,St. Louis,Missouri,0,142,78,5,0.3,-5.0,"3,0,0,1,0,0,0,4","0,0,0,0,0,0,2,0,0",-159,128,-1.5,165,-210,9.0,-106,-118
mlb:401229261,mlb,2021-09-18T01:38Z,final,3,11,Angels,Athletics,4,5,114,-134,,0,114,-134,1.5,-140,122,,,Jhonathan Diaz,Cole Irvin,2,,0,Anaheim,California,0,48,67,10,0.0,-7.0,"0,4,0,0,0,0,0,0,0","0,2,1,0,0,2,0,0,0",110,-137,1.5,-225,175,9.0,-116,-102
mlb:401229252,mlb,2021-09-18T01:45Z,final,26,15,Giants,Braves,6,5,-172,147,,0,-172,147,-1.5,125,-152,,,Logan Webb,Ian Anderson,2,,0,San Francisco,California,0,16,61,21,0.0,-7.0,"2,1,0,1,0,0,0,0,1,0,1","2,0,0,0,0,0,0,0,3,0,0",-175,140,-1.5,163,-205,8.0,-105,-115
mlb:401229271,mlb,2021-09-18T17:05Z,final,10,5,Yankees,Indians,3,11,,,,0,,,,,,,,Luis Gil,Aaron Civale,2,,0,Bronx,New York,0,28,72,6,0.9,-4.0,"0,0,0,0,0,0,1,2,0","0,1,0,0,7,2,0,1,0",,,,,,,,
mlb:401229268,mlb,2021-09-18T17:10Z,final,2,1,Red Sox,Orioles,9,3,-290,235,,0,-290,235,-1.5,-144,136,,,Nick Pivetta,Zac Lowther,2,,0,Boston,Massachusetts,0,14,67,7,0.3,-4.0,"3,0,0,0,1,4,1,0","2,1,0,0,0,0,0,0,0",-265,205,-1.5,-108,-115,10.5,-113,-106
mlb:401229274,mlb,2021-09-18T18:10Z,final,17,19,Reds,Dodgers,1,5,192,-232,,0,192,-232,1.5,111,-133,,,Sonny Gray,Max Scherzer,2,,0,Cincinnati,Ohio,0,191,75,5,0.4,-4.0,"0,0,0,0,0,0,0,0,1","0,0,0,0,3,1,0,0,1",180,-245,1.5,-177,140,8.5,-102,-117
mlb:401229275,mlb,2021-09-18T19:07Z,final,14,9,Blue Jays,Twins,6,2,-167,141,,0,-167,141,-1.5,108,-133,,,Steven Matz,Bailey Ober,2,,0,Toronto,Ontario,1,161,,,,-4.0,"0,0,0,4,0,0,2,0","2,0,0,0,0,0,0,0,0",-167,135,-1.5,150,-190,9.5,-102,-117
mlb:401229272,mlb,2021-09-18T20:05Z,final,20,27,Nationals,Rockies,0,6,-126,108,,0,-126,108,-1.5,157,-189,,,Patrick Corbin,Kyle Freeland,2,,0,Washington,District of Columbia,0,7,74,4,1.5,-4.0,"0,0,0,0,0,0,0,0,0","3,0,0,3,0,0,0,0,0",-136,110,-1.5,185,-235,9.5,-102,-114
mlb:401229273,mlb,2021-09-18T20:10Z,final,30,6,Rays,Tigers,3,4,-187,154,,0,-187,154,-1.5,110,-130,,,Ryan Yarbrough,Tarik Skubal,2,,0,St. Petersburg,Florida,1,13,,,,-4.0,"0,2,0,1,0,0,0,0,0","3,1,0,0,0,0,0,0,0",-190,150,-1.5,140,-177,8.5,-112,-106
mlb:401229278,mlb,2021-09-18T22:10Z,final,28,23,Marlins,Pirates,3,6,-132,111,,0,-132,111,-1.5,159,-200,,,Edward Cabrera,Bryse Wilson,2,,0,Miami,Florida,1,2,,,,-4.0,"0,0,0,0,2,0,0,0,1","1,0,0,2,2,0,1,0,0",-136,110,-1.5,205,-265,8.0,-110,-109
mlb:401229269,mlb,2021-09-18T23:05Z,final,13,4,Rangers,White Sox,2,1,205,-247,,0,205,-247,1.5,122,-143,,,Spencer Howard,Lance Lynn,2,,0,Arlington,Texas,1,184,,,,-5.0,"0,0,0,1,0,1,0,0","0,0,0,0,0,1,0,0,0",165,-210,1.5,-167,135,8.5,-120,-100
mlb:401229266,mlb,2021-09-18T23:10Z,final,18,29,Astros,Diamondbacks,4,6,-302,240,,0,-302,240,-2.0,-115,103,,,Lance McCullers Jr.,Humberto Castellanos,2,,0,Houston,Texas,1,12,,,,-5.0,"2,0,0,0,0,1,0,0,0,1","0,0,0,3,0,0,0,0,0,3",-265,205,-1.5,112,-137,9.0,-102,-113
mlb:401229280,mlb,2021-09-18T23:10Z,final,7,12,Royals,Mariners,8,1,-117,-101,,0,-117,-101,1.5,-169,150,,,Kris Bubic,Yusei Kikuchi,2,,0,Kansas City,Missouri,0,274,76,9,0.1,-5.0,"2,0,1,0,1,0,0,4","0,0,0,0,0,0,1,0,0",-106,-118,1.5,-265,200,9.0,-120,-101
mlb:401229270,mlb,2021-09-18T23:15Z,final,8,16,Brewers,Cubs,6,4,-335,280,,0,-335,280,-1.5,-148,128,,,Corbin Burnes,Justin Steele,2,,0,Milwaukee,Wisconsin,1,188,,,,-5.0,"0,1,1,0,1,1,0,2","0,0,1,0,2,0,1,0,0",-360,265,-1.5,102,-125,7.5,-104,-118
mlb:401229277,mlb,2021-09-18T23:15Z,final,21,22,Mets,Phillies,3,5,-105,-111,,0,-105,-111,1.5,-180,150,,,Carlos Carrasco,Aaron Nola,2,,0,Queens,New York,0,12,73,8,1.1,-4.0,"0,0,0,0,0,1,1,1,0","1,0,1,0,0,0,3,0,0",104,-129,1.5,-278,215,8.0,-106,-114
mlb:401229279,mlb,2021-09-18T23:15Z,final,24,25,Cardinals,Padres,3,2,-122,105,,0,-122,105,-1.5,165,-195,,,Adam Wainwright,Yu Darvish,2,,0,St. Louis,Missouri,0,142,78,5,0.3,-5.0,"0,0,0,0,0,0,0,3","0,0,0,2,0,0,0,0,0",-127,102,-1.5,220,-286,7.5,-114,-105
mlb:401229267,mlb,2021-09-19T01:05Z,final,26,15,Giants,Braves,2,0,-105,-111,,0,-105,-111,1.5,-185,150,,,Alex Wood,Charlie Morton,2,,0,San Francisco,California,0,16,62,20,0.9,-7.0,"0,0,0,2,0,0,0,0","0,0,0,0,0,0,0,0,0",102,-125,1.5,-295,230,7.5,-112,-107
mlb:401229276,mlb,2021-09-19T01:07Z,final,3,11,Angels,Athletics,1,3,101,-122,,0,101,-122,1.5,-150,134,,,Jose Suarez,Daulton Jefferies,2,,0,Anaheim,California,0,48,65,10,0.0,-7.0,"0,0,0,0,0,0,1,0,0","3,0,0,0,0,0,0,0,0",112,-139,1.5,-225,175,9.0,-117,-110
mlb:401229286,mlb,2021-09-19T17:05Z,final,10,5,Yankees,Indians,1,11,,,,0,,,,,,,,Gerrit Cole,Eli Morgan,2,,0,Bronx,New York,0,28,69,10,0.0,-4.0,"0,0,1,0,0,0,0,0,0","2,0,3,0,1,1,1,2,1",,,,,,,,
mlb:401229287,mlb,2021-09-19T17:05Z,final,20,27,Nationals,Rockies,3,0,-110,-108,,0,-110,-108,1.5,-188,155,,,Paolo Espino,Jon Gray,2,,0,Washington,District of Columbia,0,7,74,6,0.0,-4.0,"1,0,1,0,0,1,0,0","0,0,0,0,0,0,0,0,0",-114,-109,1.5,-295,225,8.5,-120,-105
mlb:401229290,mlb,2021-09-19T17:07Z,final,14,9,Blue Jays,Twins,5,3,-237,192,,0,-237,192,-1.5,-120,-102,,,Jose Berrios,Luke Farrell,2,,0,Toronto,Ontario,1,161,,,,-4.0,"5,0,0,0,0,0,0,0","0,0,0,2,0,0,1,0,0",-225,175,-1.5,123,-152,9.0,-109,-116
mlb:401229283,mlb,2021-09-19T17:10Z,final,2,1,Red Sox,Orioles,8,6,-347,282,,0,-347,282,-1.5,-153,135,,,Nathan Eovaldi,Alexander Wells,2,,0,Boston,Massachusetts,0,14,66,10,3.4,-4.0,"3,1,1,0,0,0,3,0","0,0,3,0,0,0,3,0,0",-315,240,-1.5,-129,-103,9.5,-117,-104
mlb:401229288,mlb,2021-09-19T17:10Z,final,30,6,Rays,Tigers,0,2,-290,240,,0,-290,240,-1.5,-127,114,,,Shane McClanahan,Wily Peralta,2,,0,St. Petersburg,Florida,1,13,,,,-4.0,"0,0,0,0,0,0,0,0,0","0,0,0,1,0,0,1,0,0",-265,205,-1.5,-105,-121,8.5,-109,-110
mlb:401229289,mlb,2021-09-19T17:10Z,final,17,19,Reds,Dodgers,5,8,167,-200,,0,167,-200,1.5,104,-123,,,Wade Miley,Clayton Kershaw,2,,0,Cincinnati,Ohio,0,191,76,8,0.0,-4.0,"0,0,0,1,0,1,0,2,1","0,3,3,0,0,0,0,0,2",160,-200,1.5,-167,135,9.0,-118,-107
mlb:401229293,mlb,2021-09-19T17:10Z,final,28,23,Marlins,Pirates,6,5,-222,182,,0,-222,182,-1.5,105,-126,,,Sandy Alcantara,Max Kranick,2,,0,Miami,Florida,1,2,,,,-4.0,"0,0,0,2,1,0,0,0,1,2","0,1,0,0,0,0,1,0,2,1",-265,195,-1.5,118,-167,7.0,-102,-115
mlb:401229281,mlb,2021-09-19T18:10Z,final,18,29,Astros,Diamondbacks,7,6,-205,170,,0,-205,170,-1.5,-105,-115,,,Zack Greinke,Zac Gallen,2,,0,Houston,Texas,1,12,,,,-5.0,"3,0,0,1,0,0,0,3","0,0,1,4,1,0,0,0,0",-200,155,-1.5,140,-177,8.5,-112,-108
mlb:401229285,mlb,2021-09-19T18:10Z,final,8,16,Brewers,Cubs,4,6,-235,195,,0,-235,195,-1.5,-112,-110,,,Eric Lauer,Keegan Thompson,2,,0,Milwaukee,Wisconsin,1,188,,,,-5.0,"0,0,0,0,2,0,0,0,2","0,0,0,0,1,0,0,5,0",-195,155,-1.5,140,-175,9.0,100,-118
mlb:401229295,mlb,2021-09-19T18:10Z,final,7,12,Royals,Mariners,1,7,103,-122,,0,103,-122,1.5,-152,136,,,Jackson Kowar,Logan Gilbert,2,,0,Kansas City,Missouri,0,274,77,11,0.0,-5.0,"0,0,0,0,0,1,0,0,0","2,1,2,0,1,0,0,0,1",102,-130,1.5,-265,205,9.5,-101,-114
mlb:401229294,mlb,2021-09-19T18:15Z,final,24,25,Cardinals,Padres,8,7,-115,-105,,0,-115,-105,1.5,-161,143,,,J.A. Happ,Jake Arrieta,2,,0,St. Louis,Missouri,0,142,76,13,0.5,-5.0,"5,0,0,0,2,0,1,0","0,0,1,2,0,1,0,3,0",-114,-109,-1.5,190,-245,9.5,-112,-109
mlb:401229284,mlb,2021-09-19T18:35Z,final,13,4,Rangers,White Sox,2,7,184,-220,,0,184,-220,1.5,110,-130,,,Jordan Lyles,Lucas Giolito,2,,0,Arlington,Texas,1,184,,,,-5.0,"0,0,0,0,1,0,0,1,0","0,0,0,5,0,0,2,0,0",175,-225,1.5,-157,125,8.5,-115,-105
mlb:401229282,mlb,2021-09-19T20:05Z,final,26,15,Giants,Braves,0,3,-124,104,,0,-124,104,-1.5,165,-191,,,Anthony DeSclafani,Max Fried,2,,0,San Francisco,California,0,16,62,20,0.9,-7.0,"0,0,0,0,0,0,0,0,0","0,0,0,0,0,0,3,0,0",-121,-104,-1.5,215,-278,8.5,-107,-110
mlb:401229291,mlb,2021-09-19T20:07Z,final,3,11,Angels,Athletics,2,3,115,-135,,0,115,-135,1.5,-141,132,,,Shohei Ohtani,Frankie Montas,2,,0,Anaheim,California,0,48,65,10,0.0,-7.0,"0,0,0,0,0,0,0,0,2,0","0,0,1,1,0,0,0,0,0,1",104,-130,1.5,-250,200,8.5,-110,-106
mlb:401229292,mlb,2021-09-19T23:00Z,final,21,22,Mets,Phillies,3,2,-136,115,,0,-136,115,-1.5,148,-180,,,Rich Hill,Kyle Gibson,2,,0,Queens,New York,0,12,70,13,0.0,-4.0,"0,0,0,0,2,0,1,0","1,0,0,0,1,0,0,0,0",-118,-105,-1.5,210,-275,8.5,-105,-115
mlb:401229300,mlb,2021-09-20T20:10Z,final,5,7,Indians,Royals,2,7,,,,0,,,,,,,,Triston McKenzie,Brady Singer,2,,0,Cleveland,Ohio,0,199,73,13,0.0,-4.0,"0,0,0,0,2,0,0","0,2,2,1,2,0,0",,,,,,,,
mlb:401229298,mlb,2021-09-20T22:40Z,final,6,4,Tigers,White Sox,4,3,195,-240,,0,195,-240,2.0,-105,-101,,,Matt Manning,Carlos Rodon,2,,0,Detroit,Michigan,0,183,71,16,0.0,-4.0,"0,0,3,0,0,0,0,1","0,0,3,0,0,0,0,0,0",190,-245,1.5,-148,118,8.5,-114,-111
mlb:401229301,mlb,2021-09-20T22:40Z,final,17,23,Reds,Pirates,9,5,-165,140,,0,-165,140,-1.5,-110,-126,,,Vladimir Gutierrez,Dillon Peters,2,,0,Cincinnati,Ohio,0,191,73,9,10.1,-4.0,"0,0,4,0,2,0,2,1","2,0,3,0,0,0,0,0,0",-150,116,-1.5,150,-205,9.5,-105,-108
mlb:401229306,mlb,2021-09-20T22:40Z,final,28,20,Marlins,Nationals,8,7,-105,-113,,0,-105,-113,1.5,-175,145,,,Jesus Luzardo,Erick Fedde,2,,0,Miami,Florida,1,2,,,,-4.0,"0,0,3,0,1,0,3,0,0,1","2,1,0,0,3,0,1,0,0,0",-120,-106,1.5,-305,230,7.5,-120,-104
mlb:401229297,mlb,2021-09-20T23:05Z,final,22,1,Phillies,Orioles,0,2,-215,180,,0,-215,180,-1.5,-100,-120,,,Ranger Suarez,John Means,2,,0,Philadelphia,Pennsylvania,0,12,68,10,0.0,-4.0,"0,0,0,0,0,0,0,0,0","2,0,0,0,0,0,0,0,0",-225,165,-1.5,135,-167,7.5,-125,105
mlb:401229304,mlb,2021-09-20T23:05Z,final,10,13,Yankees,Rangers,4,3,-280,225,,0,-280,225,-1.5,-137,117,,,Nestor Cortes,A.J. Alexy,2,,0,Bronx,New York,0,28,66,8,0.1,-4.0,"0,1,3,0,0,0,0,0","0,0,0,0,3,0,0,0,0",-275,200,-1.5,-105,-129,8.5,-112,-108
mlb:401346453,mlb,2021-09-20T23:05Z,final,5,7,Indians,Royals,2,4,,,,0,,,,,,,,Nick Wittgren,Joel Payamps,2,,0,Cleveland,Ohio,0,199,73,13,0.0,-4.0,"0,0,1,0,0,0,1","2,0,0,1,0,1,0",,,,,,,,
mlb:401229305,mlb,2021-09-20T23:10Z,final,30,14,Rays,Blue Jays,6,4,115,-134,,0,115,-134,1.5,-147,126,,,Shane Baz,Robbie Ray,2,,0,St. Petersburg,Florida,1,13,,,,-4.0,"0,0,0,0,3,1,1,1","0,1,0,0,1,0,0,0,2",114,-141,1.5,-235,180,8.0,-105,-111
mlb:401229303,mlb,2021-09-20T23:40Z,final,8,24,Brewers,Cardinals,2,5,-197,164,,0,-197,164,-1.5,106,-128,,,Freddy Peralta,Jon Lester,2,,0,Milwaukee,Wisconsin,1,188,,,,-5.0,"0,2,0,0,0,0,0,0,0","2,0,0,0,0,1,1,1,0",-200,160,-1.5,128,-165,8.0,-105,-113
mlb:401229299,mlb,2021-09-21T01:38Z,final,3,18,Angels,Astros,0,10,178,-222,,0,178,-222,1.5,109,-130,,,Jaime Barria,Framber Valdez,2,,0,Anaheim,California,0,48,75,9,0.0,-7.0,"0,0,0,0,0,0,0,0,0","2,0,0,0,0,0,0,4,4",180,-235,1.5,-143,117,9.0,-108,-115
mlb:401229296,mlb,2021-09-21T01:40Z,final,29,15,Diamondbacks,Braves,4,11,157,-189,,0,157,-189,1.5,-110,-109,,,Humberto Mejia,Huascar Ynoa,2,,0,Phoenix,Arizona,1,331,,,,-7.0,"0,0,3,0,0,0,1,0,0","0,0,2,0,7,0,0,0,2",155,-195,1.5,-152,123,9.0,-116,-104
mlb:401229302,mlb,2021-09-21T01:40Z,final,11,12,Athletics,Mariners,2,4,-178,149,,0,-178,149,-1.5,117,-136,,,Sean Manaea,Tyler Anderson,2,,0,Oakland,California,0,13,75,10,0.0,-7.0,"0,0,1,0,0,0,0,1,0","0,0,3,0,1,0,0,0,0",-200,155,-1.5,133,-167,8.5,-107,-112
mlb:401229309,mlb,2021-09-21T17:10Z,final,6,4,Tigers,White Sox,5,3,138,-164,,0,138,-164,1.5,-115,100,,,Tyler Alexander,Dallas Keuchel,2,,0,Detroit,Michigan,0,183,72,23,8.0,-4.0,"0,0,1,1,0,0,3,0","0,0,2,0,0,0,0,1,0",123,-152,1.5,-200,160,9.5,-107,-112
mlb:401229311,mlb,2021-09-21T22:10Z,final,5,7,Indians,Royals,4,1,,,,0,,,,,,,,Cal Quantrill,Daniel Lynch IV,2,,0,Cleveland,Ohio,0,199,72,19,2.1,-4.0,"3,1,0,0,0,0,0,0","0,0,0,0,0,0,1,0,0",,,,,,,,
mlb:401229315,mlb,2021-09-21T22:40Z,final,17,23,Reds,Pirates,2,6,-237,192,,0,-237,192,-1.5,-112,-106,,,Tyler Mahle,Mitch Keller,2,,0,Cincinnati,Ohio,0,191,70,12,5.6,-4.0,"0,1,0,1,0,0,0,0,0","0,0,0,1,2,0,0,3,0",-235,180,-1.5,112,-139,8.5,-120,-105
mlb:401229321,mlb,2021-09-21T22:40Z,final,28,20,Marlins,Nationals,1,7,-145,125,,0,-145,125,-1.5,145,-178,,,Trevor Rogers,Josh Rogers,2,,0,Miami,Florida,1,2,,,,-4.0,"0,0,0,0,1,0,0,0,0","0,0,0,0,0,4,0,0,3",-143,115,-1.5,195,-250,7.5,-120,-108
mlb:401229308,mlb,2021-09-21T23:05Z,final,22,1,Phillies,Orioles,3,2,-220,175,,0,-220,175,-1.5,106,-120,,,Adonis Medina,Conner Greene,2,,0,Philadelphia,Pennsylvania,0,12,69,8,0.0,-4.0,"0,0,0,0,0,1,0,0,0,2","0,0,0,1,0,0,0,0,0,1",-190,150,-1.5,140,-175,9.5,-105,-115
mlb:401229319,mlb,2021-09-21T23:05Z,final,10,13,Yankees,Rangers,7,1,-274,225,,0,-274,225,-1.5,-132,109,,,Jordan Montgomery,Dane Dunning,2,,0,Bronx,New York,0,28,67,7,0.5,-4.0,"1,0,1,0,1,1,3,0","0,0,0,1,0,0,0,0,0",-230,180,-1.5,130,-162,8.5,-103,-112
mlb:401229314,mlb,2021-09-21T23:10Z,final,2,21,Red Sox,Mets,6,3,-135,115,,0,-135,115,-1.5,145,-168,,,Eduardo Rodriguez,Marcus Stroman,2,,0,Boston,Massachusetts,0,14,62,8,0.2,-4.0,"0,0,0,1,3,2,0,0","0,0,0,2,0,0,0,1,0",-148,118,-1.5,165,-210,9.5,-109,-110
mlb:401229320,mlb,2021-09-21T23:10Z,final,30,14,Rays,Blue Jays,2,4,-108,-109,,0,-108,-109,1.5,-177,155,,,Drew Rasmussen,Alek Manoah,2,,0,St. Petersburg,Florida,1,13,,,,-4.0,"0,1,0,0,1,0,0,0,0","0,0,1,0,1,1,0,1,0",-122,-103,-1.5,205,-265,8.5,-106,-113
mlb:401229313,mlb,2021-09-21T23:40Z,final,16,9,Cubs,Twins,5,9,-122,104,,0,-122,104,-1.5,143,-170,,,Alec Mills,Griffin Jax,2,,0,Chicago,Illinois,0,179,69,19,15.4,-5.0,"1,1,1,0,0,2,0,0,0","2,0,0,3,2,0,2,0,0",-122,-103,-1.5,220,-286,8.0,-110,-112
mlb:401229318,mlb,2021-09-21T23:40Z,final,8,24,Brewers,Cardinals,1,2,-214,172,,0,-214,172,-1.5,102,-127,,,Brandon Woodruff,Jake Woodford,2,,0,Milwaukee,Wisconsin,1,188,,,,-5.0,"0,0,0,0,0,0,0,1,0","1,0,0,0,0,0,0,1,0",-230,180,-1.5,135,-167,7.5,-115,-105
mlb:401229312,mlb,2021-09-22T00:40Z,final,27,19,Rockies,Dodgers,4,5,176,-210,,0,176,-210,1.5,116,-140,,,Antonio Senzatela,Julio Urias,2,,0,Denver,Colorado,0,1609,58,8,0.0,-6.0,"0,0,0,2,0,2,0,0,0,0","0,0,0,0,2,2,0,0,0,1",165,-215,1.5,-148,117,11.0,-112,-108
mlb:401229310,mlb,2021-09-22T01:38Z,final,3,18,Angels,Astros,5,10,165,-199,,0,165,-199,1.5,105,-125,,,Packy Naughton,Jose Urquidy,2,,0,Anaheim,California,0,48,80,13,0.0,-7.0,"0,1,0,0,0,3,0,1,0","0,3,0,0,4,3,0,0,0",155,-195,1.5,-165,132,9.5,-102,-119
mlb:401229307,mlb,2021-09-22T01:40Z,final,29,15,Diamondbacks,Braves,1,6,136,-160,,0,136,-160,1.5,-122,105,,,Luke Weaver,Jesse Chavez,2,,0,Phoenix,Arizona,1,331,,,,-7.0,"0,0,1,0,0,0,0,0,0","2,0,2,0,1,0,0,0,1",117,-150,1.5,-220,170,9.5,-110,-110
mlb:401229316,mlb,2021-09-22T01:40Z,final,11,12,Athletics,Mariners,2,5,-137,118,,0,-137,118,-1.5,150,-175,,,Paul Blackburn,Marco Gonzales,2,,0,Oakland,California,0,13,66,9,0.0,-7.0,"1,0,0,1,0,0,0,0,0","0,1,0,3,0,0,0,0,1",-143,115,-1.5,180,-230,8.5,-116,-104
mlb:401229317,mlb,2021-09-22T02:10Z,final,25,26,Padres,Giants,5,6,-112,-105,,0,-112,-105,1.5,-195,163,,,Joe Musgrove,Kevin Gausman,2,,0,San Diego,California,0,20,74,17,0.0,-7.0,"1,1,2,0,0,1,0,0,0","1,0,0,0,2,2,0,0,1",-122,-103,-1.5,235,-315,7.5,-115,-104
mlb:401229330,mlb,2021-09-22T16:35Z,void,17,23,Reds,Pirates,,,,,,0,,,,,,,,Luis Castillo,Connor Overton,2,,0,Cincinnati,Ohio,0,191,63,16,38.1,-4.0,,,,,,,,,,
mlb:401229324,mlb,2021-09-22T17:10Z,void,6,4,Tigers,White Sox,,,,,,0,,,,,,,,Casey Mize,Reynaldo Lopez,2,,0,Detroit,Michigan,0,183,60,31,75.7,-4.0,,,,,,,,,,
mlb:401229335,mlb,2021-09-22T19:10Z,final,30,14,Rays,Blue Jays,7,1,-110,-108,,0,-110,-108,1.5,-183,151,,,Luis Patino,Julian Merryweather,2,,0,St. Petersburg,Florida,1,13,,,,-4.0,"0,0,6,1,0,0,0,0","0,0,0,0,0,1,0,0,0",-121,-103,-1.5,195,-250,9.0,-118,100
mlb:401229326,mlb,2021-09-22T22:10Z,void,5,7,Indians,Royals,,,,,,0,,,,,,,,Logan Allen,Carlos Hernandez,2,,0,Cleveland,Ohio,0,199,66,24,37.3,-4.0,,,,,,,,,,
mlb:401229336,mlb,2021-09-22T22:40Z,final,28,20,Marlins,Nationals,5,7,-134,113,,0,-134,113,-1.5,156,-186,,,Elieser Hernandez,Josiah Gray,2,,0,Miami,Florida,1,2,,,,-4.0,"0,0,0,1,0,1,0,0,3","0,1,2,1,0,0,3,0,0",-134,106,-1.5,230,-295,8.5,-104,-113
mlb:401229323,mlb,2021-09-22T23:05Z,final,22,1,Phillies,Orioles,4,3,-337,272,,0,-337,272,-1.5,-143,138,,,Zack Wheeler,Keegan Akin,2,,0,Philadelphia,Pennsylvania,0,12,74,16,1.1,-4.0,"0,0,0,0,0,2,2,0","0,0,0,0,0,1,1,1,0",-375,275,-1.5,-108,-115,8.0,-118,-108
mlb:401229334,mlb,2021-09-22T23:05Z,final,10,13,Yankees,Rangers,7,3,-278,225,,0,-278,225,-1.5,-130,110,,,Corey Kluber,Taylor Hearn,2,,0,Bronx,New York,0,28,72,14,4.2,-4.0,"0,0,0,0,2,1,0,4","0,1,0,1,1,0,0,0,0",-265,200,-1.5,104,-129,9.0,-108,-120
mlb:401229329,mlb,2021-09-22T23:10Z,final,2,21,Red Sox,Mets,12,5,-181,153,,0,-181,153,-1.5,110,-130,,,Chris Sale,Taijuan Walker,2,,0,Boston,Massachusetts,0,14,69,10,0.2,-4.0,"2,4,3,1,1,1,0,0","0,1,0,0,1,1,1,0,1",-210,165,-1.5,123,-155,9.5,-104,-118
mlb:401229328,mlb,2021-09-22T23:40Z,final,16,9,Cubs,Twins,4,5,-105,-115,,0,-105,-115,1.5,-180,150,,,Kyle Hendricks,Joe Ryan,2,,0,Chicago,Illinois,0,179,61,30,4.8,-5.0,"0,2,0,0,0,0,0,0,2","2,0,0,1,0,1,0,0,1",102,-125,1.5,-335,255,6.5,-122,-104
mlb:401229333,mlb,2021-09-22T23:40Z,final,8,24,Brewers,Cardinals,2,10,-132,111,,0,-132,111,-1.5,155,-185,,,Brett Anderson,Miles Mikolas,2,,0,Milwaukee,Wisconsin,1,188,,,,-5.0,"0,0,0,0,1,0,1,0,0","2,4,0,1,0,0,1,2,0",-114,-109,-1.5,215,-278,9.0,-102,-112
mlb:401229327,mlb,2021-09-23T00:40Z,final,27,19,Rockies,Dodgers,10,5,170,-202,,0,170,-202,1.5,109,-127,,,German Marquez,Walker Buehler,2,,0,Denver,Colorado,0,1609,64,7,0.0,-6.0,"0,0,0,5,1,0,4,0","0,0,0,3,2,0,0,0,0",160,-205,1.5,-152,123,10.5,-115,-105
mlb:401229325,mlb,2021-09-23T01:38Z,final,3,18,Angels,Astros,5,9,170,-211,,0,170,-211,1.5,106,-122,,,Janson Junk,Luis Garcia,2,,0,Anaheim,California,0,48,74,9,0.0,-7.0,"0,0,0,0,0,0,5,0,0,0,0,0","2,0,0,0,1,0,0,2,0,0,0,4",150,-190,1.5,-167,133,9.5,-107,-112
mlb:401229322,mlb,2021-09-23T01:40Z,final,29,15,Diamondbacks,Braves,2,9,146,-171,,0,146,-171,1.5,-112,-105,,,Merrill Kelly,Ian Anderson,2,,0,Phoenix,Arizona,1,331,,,,-7.0,"1,0,0,0,0,0,0,1,0","3,0,1,0,2,0,0,0,3",150,-190,1.5,-177,140,9.5,-104,-113
mlb:401229331,mlb,2021-09-23T01:40Z,final,11,12,Athletics,Mariners,1,4,-156,131,,0,-156,131,-1.5,146,-162,,,Cole Irvin,Chris Flexen,2,,0,Oakland,California,0,13,65,10,0.0,-7.0,"0,0,0,0,1,0,0,0,0","0,0,0,2,1,0,1,0,0",-152,123,-1.5,170,-220,8.5,-105,-110
mlb:401229332,mlb,2021-09-23T02:00Z,final,25,26,Padres,Giants,6,8,-115,-102,,0,-115,-102,0.5,-119,100,,,Vince Velasquez,Scott Kazmir,2,,0,San Diego,California,0,20,72,11,0.0,-7.0,"0,0,0,0,1,0,3,0,2","3,0,0,0,0,2,3,0,0",-112,-112,-1.5,190,-245,9.5,-102,-116
mlb:401332362,mlb,2021-09-23T17:10Z,final,5,4,Indians,White Sox,2,7,,,,0,,,,,,,,Aaron Civale,Reynaldo Lopez,2,,0,Cleveland,Ohio,0,199,57,23,2.0,-4.0,"0,0,1,1,0,0,0","1,6,0,0,0,0,0",,,,,,,,
mlb:401229344,mlb,2021-09-23T18:10Z,final,8,24,Brewers,Cardinals,5,8,-122,104,,0,-122,104,-1.5,168,-195,,,Adrian Houser,Adam Wainwright,2,,0,Milwaukee,Wisconsin,1,188,,,,-5.0,"4,0,0,1,0,0,0,0,0","0,0,0,0,1,0,4,2,1",-109,-114,1.5,-305,235,7.5,-112,-108
mlb:401229340,mlb,2021-09-23T19:10Z,final,27,19,Rockies,Dodgers,5,7,220,-272,,0,220,-272,1.5,137,-158,,,Kyle Freeland,Max Scherzer,2,,0,Denver,Colorado,0,1609,64,7,0.0,-6.0,"0,3,0,0,2,0,0,0,0,0","0,3,0,0,0,0,0,1,1,2",205,-275,1.5,-125,102,10.5,-101,-115
mlb:401229342,mlb,2021-09-23T19:37Z,final,11,12,Athletics,Mariners,5,6,-165,139,,0,-165,139,-1.5,126,-149,,,Chris Bassitt,Yusei Kikuchi,2,,0,Oakland,California,0,13,65,10,0.0,-7.0,"0,1,2,1,0,0,0,0,1","0,0,0,1,2,3,0,0,0",-175,138,-1.5,155,-195,8.5,-114,-105
mlb:401229337,mlb,2021-09-23T19:40Z,final,29,15,Diamondbacks,Braves,6,4,175,-209,,0,175,-209,1.5,101,-121,,,Madison Bumgarner,Charlie Morton,2,,0,Phoenix,Arizona,1,331,,,,-7.0,"0,0,0,0,1,0,5,0","0,0,3,0,0,1,0,0,0",170,-215,1.5,-175,138,8.5,-114,-105
mlb:401229343,mlb,2021-09-23T20:10Z,final,25,26,Padres,Giants,7,6,-102,-116,,0,-102,-116,1.5,-180,155,,,Yu Darvish,Logan Webb,2,,0,San Diego,California,0,20,72,11,0.0,-7.0,"4,0,0,0,0,2,0,0,0,1","0,2,0,0,0,3,1,0,0,0",-103,-120,-1.5,250,-335,7.5,-112,-106
mlb:401229338,mlb,2021-09-23T22:10Z,final,5,4,Indians,White Sox,5,3,,,,0,,,,,,,,Zach Plesac,Michael Kopech,2,,0,Cleveland,Ohio,0,199,57,23,2.0,-4.0,"0,0,0,1,0,2,2","0,0,0,0,0,2,1",,,,,,,,
mlb:401229347,mlb,2021-09-23T22:40Z,final,17,20,Reds,Nationals,2,3,-215,177,,0,-215,177,-1.5,-106,-116,,,Luis Castillo,Patrick Corbin,2,,0,Cincinnati,Ohio,0,191,57,14,4.8,-4.0,"0,0,0,0,0,0,0,0,2","0,0,1,0,0,1,1,0,0",-225,175,-1.5,128,-159,9.0,-104,-115
mlb:401229341,mlb,2021-09-23T23:05Z,final,22,23,Phillies,Pirates,12,6,-282,230,,0,-282,230,-1.5,-126,106,,,Aaron Nola,Connor Overton,2,,0,Philadelphia,Pennsylvania,0,12,74,20,17.8,-4.0,"0,0,5,0,0,3,2,2","0,5,1,0,0,0,0,0,0",-286,225,-1.5,110,-136,8.5,100,-114
mlb:401229345,mlb,2021-09-23T23:05Z,final,1,13,Orioles,Rangers,3,0,110,-128,,0,110,-128,1.5,-150,126,,,Zac Lowther,Glenn Otto,2,,0,Baltimore,Maryland,0,10,71,20,59.9,-4.0,"0,0,0,1,1,0,0,1","0,0,0,0,0,0,0,0,0",102,-127,1.5,-245,190,9.0,-105,-115
mlb:401229346,mlb,2021-09-23T23:40Z,final,9,14,Twins,Blue Jays,7,2,122,-145,,0,122,-145,1.5,-130,108,,,Michael Pineda,Steven Matz,2,,0,Minneapolis,Minnesota,0,253,59,6,0.0,-5.0,"0,0,2,0,4,0,1,0","0,1,0,1,0,0,0,0,0",114,-141,1.5,-215,165,9.5,-105,-115
mlb:401229339,mlb,2021-09-24T01:38Z,final,3,18,Angels,Astros,3,2,136,-164,,0,136,-164,1.5,-117,-101,,,Alex Cobb,Lance McCullers Jr.,2,,0,Anaheim,California,0,48,69,9,0.0,-7.0,"0,0,0,1,0,2,0,0","0,0,0,0,0,1,0,0,1",135,-167,1.5,-210,165,8.5,-105,-115
mlb:401229359,mlb,2021-09-24T18:20Z,final,16,24,Cubs,Cardinals,5,8,125,-146,,0,125,-146,1.5,-130,110,,,Justin Steele,J.A. Happ,2,,0,Chicago,Illinois,0,179,62,21,0.0,-5.0,"0,0,0,0,0,5,0","0,0,2,0,4,2,0",-103,-122,1.5,-225,175,8.5,-115,-105
mlb:401229354,mlb,2021-09-24T23:00Z,final,2,10,Red Sox,Yankees,3,8,101,-120,,0,101,-120,1.5,-158,134,,,Nathan Eovaldi,Gerrit Cole,2,,0,Boston,Massachusetts,0,14,71,15,3.1,-4.0,"0,0,0,0,0,3,0,0,0","3,0,4,0,0,0,1,0,0",-104,-121,1.5,-265,205,9.0,-103,-117
mlb:401229356,mlb,2021-09-24T23:05Z,final,22,23,Phillies,Pirates,8,6,-235,194,,0,-235,194,-1.5,-121,104,,,Kyle Gibson,Sam Howard,2,,0,Philadelphia,Pennsylvania,0,12,66,9,0.9,-4.0,"0,0,1,1,1,2,3,0","0,0,0,4,0,0,2,0,0",-205,160,-1.5,132,-165,9.0,-104,-113
mlb:401229360,mlb,2021-09-24T23:05Z,final,1,13,Orioles,Rangers,5,8,-110,-108,,0,-110,-108,1.5,-165,141,,,Alexander Wells,Spencer Howard,2,,0,Baltimore,Maryland,0,10,63,10,0.0,-4.0,"0,4,0,0,0,0,0,1,0","2,0,0,1,0,0,0,0,5",-115,-108,-1.5,205,-265,9.5,-102,-112
mlb:401229349,mlb,2021-09-24T23:10Z,final,5,4,Indians,White Sox,0,1,,,,0,,,,,,,,Shane Bieber,Dylan Cease,2,,0,Cleveland,Ohio,0,199,60,19,0.2,-4.0,"0,0,0,0,0,0,0,0,0","0,0,0,0,1,0,0,0,0",,,,,,,,
mlb:401229351,mlb,2021-09-24T23:10Z,final,6,7,Tigers,Royals,1,3,-106,-111,,0,-106,-111,1.5,-176,155,,,Casey Mize,Carlos Hernandez,2,,0,Detroit,Michigan,0,183,58,14,0.1,-4.0,"0,0,0,0,0,1,0,0,0","0,0,1,0,0,0,1,1,0",-110,-113,1.5,-286,220,8.5,-117,-105
mlb:401229353,mlb,2021-09-24T23:10Z,final,30,28,Rays,Marlins,8,0,-280,220,,0,-280,220,-1.5,-135,105,,,David Robertson,Edward Cabrera,2,,0,St. Petersburg,Florida,1,13,,,,-4.0,"3,0,0,2,2,0,1,0","0,0,0,0,0,0,0,0,0",-265,200,-1.5,102,-129,8.5,-112,-110
mlb:401229362,mlb,2021-09-24T23:10Z,final,17,20,Reds,Nationals,8,7,-177,150,,0,-177,150,-1.5,116,-140,,,Sonny Gray,Paolo Espino,2,,0,Cincinnati,Ohio,0,191,59,7,0.0,-4.0,"0,0,2,0,1,3,1,0,0,0,1","1,1,2,0,0,0,0,0,3,0,0",-186,150,-1.5,140,-177,8.5,-114,-105
mlb:401346454,mlb,2021-09-25T00:05Z,final,16,24,Cubs,Cardinals,4,12,164,-196,,0,164,-196,1.5,-104,-118,,,Zach Davies,Jack Flaherty,2,,0,Chicago,Illinois,0,179,61,22,1.5,-5.0,"2,0,1,0,1,0,0","3,3,2,0,1,0,3",165,-210,1.5,-148,117,8.5,-109,-109
mlb:401229355,mlb,2021-09-25T00:10Z,final,8,21,Brewers,Mets,5,1,-140,120,,0,-140,120,-1.5,150,-180,,,Eric Lauer,Tylor Megill,2,,0,Milwaukee,Wisconsin,1,188,,,,-5.0,"1,0,3,0,1,0,0,0","1,0,0,0,0,0,0,0,0",-155,125,-1.5,165,-210,8.0,-115,-112
mlb:401229358,mlb,2021-09-25T00:10Z,final,27,26,Rockies,Giants,2,7,167,-200,,0,167,-200,1.5,109,-124,,,Peter Lambert,Alex Wood,2,,0,Denver,Colorado,0,1609,65,8,0.0,-6.0,"2,0,0,0,0,0,0,0,0","1,1,0,0,0,1,4,0,0",150,-190,1.5,-150,120,12.5,-107,-109
mlb:401229361,mlb,2021-09-25T00:10Z,final,9,14,Twins,Blue Jays,3,1,133,-158,,0,133,-158,1.5,-120,-101,,,Bailey Ober,Jose Berrios,2,,0,Minneapolis,Minnesota,0,253,54,9,0.0,-5.0,"0,0,3,0,0,0,0,0","0,0,0,0,0,1,0,0,0",135,-167,1.5,-205,160,9.0,102,-117
mlb:401229357,mlb,2021-09-25T01:38Z,final,3,12,Angels,Mariners,5,6,113,-133,,0,113,-133,1.5,-144,125,,,Jose Suarez,Logan Gilbert,2,,0,Anaheim,California,0,48,69,12,0.0,-7.0,"0,0,0,2,0,2,1,0,0","1,0,2,0,0,1,2,0,0",116,-143,1.5,-230,180,8.5,-105,-114
mlb:401229350,mlb,2021-09-25T01:40Z,final,11,18,Athletics,Astros,14,2,-120,-100,,0,-120,-100,-1.5,168,-200,,,Frankie Montas,Brandon Bielak,2,,0,Oakland,California,0,13,60,11,0.0,-7.0,"0,0,3,0,0,0,6,5","1,0,1,0,0,0,0,0,0",-137,110,-1.5,190,-245,8.0,-114,-115
mlb:401229352,mlb,2021-09-25T01:40Z,final,29,19,Diamondbacks,Dodgers,2,4,194,-237,,0,194,-237,1.5,126,-145,,,Humberto Castellanos,Tony Gonsolin,2,,0,Phoenix,Arizona,1,331,,,,-7.0,"0,1,0,0,1,0,0,0,0","0,3,0,0,0,1,0,0,0",160,-205,1.5,-150,114,10.5,-106,-109
mlb:401229348,mlb,2021-09-25T03:00Z,final,25,15,Padres,Braves,0,4,110,-129,,0,110,-129,1.5,-152,120,,,Reiss Knehr,Max Fried,2,,0,San Diego,California,0,20,68,10,0.0,-7.0,"0,0,0,0,0,0,0,0,0","1,2,0,0,0,1,0,0,0",110,-137,1.5,-240,188,8.5,-110,-110
mlb:401229374,mlb,2021-09-25T18:20Z,final,16,24,Cubs,Cardinals,5,8,128,-152,,0,128,-152,1.5,-120,105,,,Adrian Sampson,Jon Lester,2,,0,Chicago,Illinois,0,179,61,22,1.5,-5.0,"0,0,2,2,0,0,0,0,1","0,1,0,1,0,0,3,0,3",104,-129,1.5,-235,180,10.0,-117,-110
mlb:401229371,mlb,2021-09-25T20:05Z,final,22,23,Phillies,Pirates,3,0,-293,242,,0,-293,242,-1.5,-136,114,,,Ranger Suarez,Wil Crowe,2,,0,Philadelphia,Pennsylvania,0,12,64,5,0.0,-4.0,"0,0,2,0,1,0,0,0","0,0,0,0,0,0,0,0,0",-305,235,-1.5,100,-124,8.5,-113,-106
mlb:401229365,mlb,2021-09-25T20:07Z,final,11,18,Athletics,Astros,2,1,-102,-118,,0,-102,-118,1.5,-175,142,,,Sean Manaea,Framber Valdez,2,,0,Oakland,California,0,13,60,11,0.0,-7.0,"0,0,0,0,0,0,1,0,1","0,0,0,0,0,0,1,0,0",-109,-114,1.5,-305,230,8.0,-112,-107
mlb:401229369,mlb,2021-09-25T20:10Z,final,2,10,Red Sox,Yankees,3,5,-110,-106,,0,-110,-106,1.5,-184,153,,,Nick Pivetta,Nestor Cortes,2,,0,Boston,Massachusetts,0,14,66,9,2.1,-4.0,"0,0,1,0,1,0,0,0,1","0,0,0,0,0,1,0,4,0",-118,-106,-1.5,188,-240,10.5,-106,-112
mlb:401229366,mlb,2021-09-25T22:10Z,final,6,7,Tigers,Royals,5,1,-130,112,,0,-130,112,-1.5,155,-176,,,Tarik Skubal,Jonathan Heasley,2,,0,Detroit,Michigan,0,183,61,14,4.9,-4.0,"0,0,0,0,0,3,0,2","0,0,0,0,1,0,0,0,0",-141,114,-1.5,170,-220,9.0,-104,-115
mlb:401229368,mlb,2021-09-25T22:10Z,final,30,28,Rays,Marlins,7,3,-198,166,,0,-198,166,-1.5,118,-139,,,Shane McClanahan,Sandy Alcantara,2,,0,St. Petersburg,Florida,1,13,,,,-4.0,"0,0,0,1,2,1,1,2","0,0,1,0,0,1,1,0,0",-186,148,-1.5,165,-210,7.0,-100,-118
mlb:401229375,mlb,2021-09-25T23:05Z,final,1,13,Orioles,Rangers,3,2,-108,-108,,0,-108,-108,1.5,-180,145,,,Chris Ellis,Jordan Lyles,2,,0,Baltimore,Maryland,0,10,63,4,0.0,-4.0,"0,0,0,0,0,0,3,0","0,0,0,0,0,0,0,1,1",-118,-105,-1.5,190,-245,9.0,-114,100
mlb:401229370,mlb,2021-09-25T23:10Z,final,8,21,Brewers,Mets,2,1,-215,180,,0,-215,180,-1.5,-100,-120,,,Corbin Burnes,Rich Hill,2,,0,Milwaukee,Wisconsin,1,188,,,,-5.0,"0,0,2,0,0,0,0,0","0,0,0,1,0,0,0,0,0",-265,200,-1.5,128,-159,7.5,-105,-115
mlb:401229376,mlb,2021-09-25T23:10Z,final,9,14,Twins,Blue Jays,1,6,155,-189,,0,155,-189,1.5,100,-125,,,John Gant,Robbie Ray,2,,0,Minneapolis,Minnesota,0,253,54,9,0.0,-5.0,"1,0,0,0,0,0,0,0,0","0,2,0,0,0,1,2,1,0",150,-190,1.5,-182,145,9.0,-111,-108
mlb:401229377,mlb,2021-09-25T23:10Z,final,17,20,Reds,Nationals,7,6,-126,108,,0,-126,108,-1.5,144,-173,,,Vladimir Gutierrez,Erick Fedde,2,,0,Cincinnati,Ohio,0,191,62,12,1.7,-4.0,"0,2,1,0,2,0,1,0,1","1,0,3,1,0,0,1,0,0",-114,-108,-1.5,200,-250,10.0,-107,-113
mlb:401229363,mlb,2021-09-25T23:15Z,final,25,15,Padres,Braves,8,10,105,-124,,0,105,-124,1.5,-157,146,,,Vince Velasquez,Huascar Ynoa,2,,0,San Diego,California,0,20,68,10,0.0,-7.0,"1,2,0,0,4,1,0,0,0,0","0,0,2,0,1,4,0,0,1,2",100,-124,1.5,-265,200,8.5,-122,102
mlb:401229364,mlb,2021-09-25T23:15Z,final,5,4,Indians,White Sox,6,0,,,,0,,,,,,,,Eli Morgan,Lance Lynn,2,,0,Cleveland,Ohio,0,199,61,17,0.9,-4.0,"2,0,1,0,0,3,0,0","0,0,0,0,0,0,0,0,0",,,,,,,,
mlb:401229367,mlb,2021-09-26T00:10Z,final,29,19,Diamondbacks,Dodgers,7,2,220,-270,,0,220,-270,1.5,131,-158,,,Zac Gallen,Clayton Kershaw,2,,0,Phoenix,Arizona,1,331,,,,-7.0,"1,1,0,1,1,0,1,2","0,0,0,0,0,1,0,0,1",188,-240,1.5,-157,125,9.0,-109,-111
mlb:401229373,mlb,2021-09-26T00:10Z,final,27,26,Rockies,Giants,2,7,121,-141,,0,121,-141,1.5,-121,102,,,Jon Gray,Anthony DeSclafani,2,,0,Denver,Colorado,0,1609,70,9,0.0,-6.0,"2,0,0,0,0,0,0,0,0","1,0,0,0,3,0,0,3,0",112,-139,1.5,-200,160,11.5,-107,-112
mlb:401229372,mlb,2021-09-26T01:07Z,final,3,12,Angels,Mariners,14,1,120,-141,,0,120,-141,1.5,-137,108,,,Jaime Barria,Tyler Anderson,2,,0,Anaheim,California,0,48,66,10,0.0,-7.0,"2,1,8,0,3,0,0,0","0,0,1,0,0,0,0,0,0",117,-148,1.5,-220,170,8.5,-125,105
mlb:401229381,mlb,2021-09-26T16:10Z,final,6,7,Tigers,Royals,1,2,-105,-112,,0,-105,-112,1.5,-175,145,,,Wily Peralta,Kris Bubic,2,,0,Detroit,Michigan,0,183,59,14,0.0,-4.0,"0,0,0,0,0,0,0,0,1","1,0,0,1,0,0,0,0,0",-120,-105,-1.5,200,-250,9.0,100,-118
mlb:401229386,mlb,2021-09-26T17:05Z,final,22,23,Phillies,Pirates,0,6,-235,195,,0,-235,195,-1.5,-115,-108,,,Hans Crouse,Max Kranick,2,,0,Philadelphia,Pennsylvania,0,12,66,14,0.0,-4.0,"0,0,0,0,0,0,0,0,0","1,0,0,0,0,0,2,2,1",-215,170,-1.5,123,-152,9.0,-120,-105
mlb:401229390,mlb,2021-09-26T17:05Z,final,1,13,Orioles,Rangers,4,7,-128,110,,0,-128,110,-1.5,160,-200,,,John Means,Dane Dunning,2,,0,Baltimore,Maryland,0,10,64,12,0.0,-4.0,"0,0,0,2,0,0,0,0,2","0,0,0,2,1,0,1,3,0",-129,104,-1.5,200,-265,8.5,-100,-115
mlb:401229379,mlb,2021-09-26T17:10Z,final,5,4,Indians,White Sox,2,5,,,,0,,,,,,,,Triston McKenzie,Lucas Giolito,2,,0,Cleveland,Ohio,0,199,61,16,0.0,-4.0,"0,0,0,0,0,0,1,1,0","1,0,2,0,0,1,0,1,0",,,,,,,,
mlb:401229383,mlb,2021-09-26T17:10Z,final,30,28,Rays,Marlins,3,2,-279,230,,0,-279,230,-1.5,-129,103,,,Shane Baz,Jesus Luzardo,2,,0,St. Petersburg,Florida,1,13,,,,-4.0,"2,0,0,0,1,0,0,0","0,0,0,0,0,0,1,0,1",-245,190,-1.5,120,-150,8.0,-105,-114
mlb:401229392,mlb,2021-09-26T17:10Z,final,17,20,Reds,Nationals,9,2,-190,160,,0,-190,160,-1.5,110,-133,,,Tyler Mahle,Josh Rogers,2,,0,Cincinnati,Ohio,0,191,61,8,0.0,-4.0,"0,0,0,0,3,4,0,2","0,0,0,0,1,0,0,0,1",-167,133,-1.5,145,-182,9.5,-105,-115
mlb:401229385,mlb,2021-09-26T18:10Z,final,8,21,Brewers,Mets,8,4,-166,140,,0,-166,140,-1.5,122,-151,,,Freddy Peralta,Carlos Carrasco,2,,0,Milwaukee,Wisconsin,1,188,,,,-5.0,"2,3,0,0,0,3,0,0","1,0,0,2,0,1,0,0,0",-162,130,-1.5,175,-225,8.0,-104,-115
mlb:401229391,mlb,2021-09-26T18:10Z,final,9,14,Twins,Blue Jays,2,5,150,-177,,0,150,-177,1.5,-105,-115,,,Griffin Jax,Alek Manoah,2,,0,Minneapolis,Minnesota,0,253,60,7,0.0,-5.0,"0,1,0,0,1,0,0,0,0","0,3,0,0,1,0,0,1,0",143,-180,1.5,-177,140,9.5,-105,-112
mlb:401229389,mlb,2021-09-26T18:20Z,final,16,24,Cubs,Cardinals,2,4,127,-149,,0,127,-149,1.5,-117,-107,,,Keegan Thompson,Jake Woodford,2,,0,Chicago,Illinois,0,179,64,20,0.0,-5.0,"0,0,0,2,0,0,0,0,0","0,0,1,0,0,0,0,1,2",120,-150,1.5,-195,155,11.0,-110,-109
mlb:401229388,mlb,2021-09-26T19:10Z,final,27,26,Rockies,Giants,2,6,142,-167,,0,142,-167,1.5,-109,-114,,,Antonio Senzatela,Kevin Gausman,2,,0,Denver,Colorado,0,1609,70,9,0.0,-6.0,"0,0,0,0,1,0,1,0,0","0,0,1,0,1,0,0,0,4",148,-186,1.5,-159,128,11.5,-104,-116
mlb:401229380,mlb,2021-09-26T20:07Z,final,11,18,Athletics,Astros,4,3,-102,-120,,0,-102,-120,1.5,-150,128,,,Paul Blackburn,Jake Odorizzi,2,,0,Oakland,California,0,13,59,12,0.0,-7.0,"0,1,0,0,0,0,2,0,1","0,0,0,0,1,2,0,0,0",100,-122,1.5,-250,195,9.0,-108,-110
mlb:401229387,mlb,2021-09-26T20:07Z,final,3,12,Angels,Mariners,1,5,-139,117,,0,-139,117,-1.5,136,-169,,,Shohei Ohtani,Marco Gonzales,2,,0,Anaheim,California,0,48,66,10,0.0,-7.0,"0,1,0,0,0,0,0,0,0","0,0,0,0,0,0,1,4,0",-150,120,-1.5,175,-225,8.5,-110,-110
mlb:401229378,mlb,2021-09-26T20:10Z,final,25,15,Padres,Braves,3,4,-130,110,,0,-130,110,-1.5,158,-194,,,Joe Musgrove,Jesse Chavez,2,,0,San Diego,California,0,20,68,12,0.0,-7.0,"0,0,0,0,3,0,0,0,0","0,1,0,2,0,1,0,0,0",-150,120,-1.5,185,-240,8.0,-110,-110
mlb:401229382,mlb,2021-09-26T20:10Z,final,29,19,Diamondbacks,Dodgers,0,3,250,-305,,0,250,-305,1.5,136,-164,,,Humberto Mejia,Julio Urias,2,,0,Phoenix,Arizona,1,331,,,,-7.0,"0,0,0,0,0,0,0,0,0","2,0,1,0,0,0,0,0,0",235,-305,1.5,-118,-106,9.0,-115,-105
mlb:401229384,mlb,2021-09-26T23:00Z,final,2,10,Red Sox,Yankees,3,6,-110,-108,,0,-110,-108,1.5,-185,148,,,Eduardo Rodriguez,Jordan Montgomery,2,,0,Boston,Massachusetts,0,14,66,14,6.9,-4.0,"0,0,0,1,0,0,2,0,0","0,0,0,0,2,0,0,4,0",-134,108,-1.5,175,-225,10.0,-109,-110
mlb:401373110,mlb,2021-09-27T17:10Z,final,6,4,Tigers,White Sox,7,8,130,-154,,0,130,-154,1.5,-120,-100,,,Matt Manning,Dallas Keuchel,2,,0,Detroit,Michigan,0,183,69,18,0.0,-4.0,"0,1,0,0,1,0,0,5,0","0,0,0,6,0,0,2,0,0",117,-148,1.5,-190,150,9.5,-118,-104
mlb:401373188,mlb,2021-09-27T17:10Z,final,17,23,Reds,Pirates,13,1,-173,146,,0,-173,146,-6.5,-245,191,,,Reiver Sanmartin,Connor Overton,2,,0,Cincinnati,Ohio,0,191,68,14,0.0,-4.0,"4,0,0,4,0,3,2,0","0,0,0,0,1,0,0,0,0",-167,133,-1.5,150,-190,9.5,-112,-108
mlb:401373189,mlb,2021-09-27T17:10Z,final,5,7,Indians,Royals,8,3,,,,0,,,,,,,,Cal Quantrill,Jackson Kowar,2,,0,Cleveland,Ohio,0,199,69,17,0.0,-4.0,"2,1,1,0,1,1,0,2","1,0,2,0,0,0,0,0,0",,,,,,,,
mlb:401229394,mlb,2021-09-28T00:40Z,final,27,20,Rockies,Nationals,4,5,-165,140,,0,-165,140,-1.5,102,-122,,,German Marquez,Josiah Gray,2,,0,Denver,Colorado,0,1609,69,18,0.0,-6.0,"0,0,0,0,0,3,0,0,1","0,0,0,3,1,0,0,0,1",-159,128,-1.5,140,-177,11.5,-115,-104
mlb:401229393,mlb,2021-09-28T02:10Z,final,12,11,Mariners,Athletics,13,4,-125,104,,0,-125,104,-1.5,160,-205,,,Chris Flexen,Cole Irvin,2,,0,Seattle,Washington,1,56,,,,-7.0,"0,0,3,5,0,3,2,0","3,0,0,1,0,0,0,0,0",-125,102,-1.5,200,-250,8.5,-100,-113
mlb:401362373,mlb,2021-09-28T20:10Z,final,21,28,Mets,Marlins,5,2,-211,175,,0,-211,175,-1.5,125,-150,,,Marcus Stroman,Zach Thompson,2,,0,Queens,New York,0,12,69,17,18.3,-4.0,"1,0,2,0,0,2","0,0,0,2,0,0,0",-200,160,-1.5,148,-186,5.5,-118,-100
mlb:401229398,mlb,2021-09-28T22:35Z,final,23,16,Pirates,Cubs,8,6,-110,-106,,0,-110,-106,1.5,-164,139,,,Mitch Keller,Alec Mills,2,,0,Pittsburgh,Pennsylvania,0,233,68,12,23.8,-4.0,"3,0,0,0,0,4,1,0","0,0,3,0,3,0,0,0,0",-115,-108,-1.5,215,-278,8.5,-116,-104
mlb:401229397,mlb,2021-09-28T23:05Z,final,1,2,Orioles,Red Sox,4,2,225,-278,,0,225,-278,1.5,150,-170,,,Bruce Zimmermann,Chris Sale,2,,0,Baltimore,Maryland,0,10,69,13,3.9,-4.0,"0,0,0,0,0,3,0,1","0,1,0,0,0,1,0,0,0",240,-315,1.5,-121,-103,9.0,-118,-108
mlb:401229404,mlb,2021-09-28T23:07Z,final,14,10,Blue Jays,Yankees,2,7,-126,108,,0,-126,108,-1.5,150,-180,,,Hyun Jin Ryu,Jameson Taillon,2,,0,Toronto,Ontario,1,161,,,,-4.0,"1,0,0,1,0,0,0,0,0","0,0,1,0,2,0,3,0,1",-141,112,-1.5,163,-205,9.0,-118,-108
mlb:401229402,mlb,2021-09-28T23:15Z,final,21,28,Mets,Marlins,2,1,,,,0,,,,,,,,Noah Syndergaard,Trevor Rogers,2,,0,Queens,New York,0,12,69,17,18.3,-4.0,"0,0,0,0,1,0,0,0,1","0,1,0,0,0,0,0,0,0",,,,,,,,
mlb:401229406,mlb,2021-09-28T23:20Z,final,15,22,Braves,Phillies,2,1,-125,105,,0,-125,105,-1.5,172,-220,,,Charlie Morton,Zack Wheeler,2,,0,Atlanta,Georgia,0,320,68,7,0.0,-4.0,"0,0,2,0,0,0,0,0","0,0,0,0,0,0,0,0,1",-117,-108,-1.5,240,-315,7.5,-110,-110
mlb:401229401,mlb,2021-09-28T23:40Z,final,9,6,Twins,Tigers,3,2,-145,125,,0,-145,125,-1.5,130,-156,,,Charlie Barnes,Tyler Alexander,2,,0,Minneapolis,Minnesota,0,253,64,9,0.0,-5.0,"0,0,1,0,0,0,2,0","0,0,0,0,0,0,0,0,2",-162,130,-1.5,150,-190,9.5,-115,-105
mlb:401229403,mlb,2021-09-28T23:45Z,final,24,8,Cardinals,Brewers,6,2,101,-118,,0,101,-118,1.5,-180,151,,,Adam Wainwright,Brandon Woodruff,2,,0,St. Louis,Missouri,0,142,75,8,0.0,-5.0,"0,0,0,2,2,1,1,0","0,0,0,2,0,0,0,0,0",106,-132,1.5,-286,225,7.0,-112,-110
mlb:401229395,mlb,2021-09-29T00:05Z,final,13,3,Rangers,Angels,5,2,-105,-115,,0,-105,-115,1.5,-165,150,,,A.J. Alexy,Packy Naughton,2,,0,Arlington,Texas,1,184,,,,-5.0,"0,4,0,0,0,0,1,0","0,2,0,0,0,0,0,0,0",-121,-103,-1.5,190,-245,9.0,-114,-108
mlb:401229399,mlb,2021-09-29T00:10Z,final,4,17,White Sox,Reds,7,1,-195,163,,0,-195,163,-1.5,105,-126,,,Reynaldo Lopez,Riley O'Brien,2,,0,Chicago,Illinois,0,179,66,10,0.0,-5.0,"1,1,0,1,0,2,0,2","0,0,0,0,1,0,0,0,0",-182,145,-1.5,135,-167,9.0,-108,-112
mlb:401229400,mlb,2021-09-29T00:10Z,final,7,5,Royals,Indians,6,4,,,,0,,,,,,,,Brady Singer,Aaron Civale,2,,0,Kansas City,Missouri,0,274,74,8,0.0,-5.0,"2,0,0,1,0,1,0,2","3,0,0,0,0,0,0,1,0",,,,,,,,
mlb:401229408,mlb,2021-09-29T00:10Z,final,18,30,Astros,Rays,4,3,-137,116,,0,-137,116,-1.5,140,-165,,,Jose Urquidy,Michael Wacha,2,,0,Houston,Texas,1,12,,,,-5.0,"0,0,0,0,0,1,0,1,2","2,0,0,0,0,0,0,0,1",-155,123,-1.5,160,-200,9.5,-112,-111
mlb:401229409,mlb,2021-09-29T00:40Z,final,27,20,Rockies,Nationals,3,1,-136,118,,0,-136,118,-1.5,130,-152,,,Kyle Freeland,Patrick Corbin,2,,0,Denver,Colorado,0,1609,64,16,1.7,-6.0,"0,0,0,1,1,0,1,0","0,0,0,0,0,0,1,0,0",-129,104,-1.5,140,-190,11.5,-106,-114
mlb:401229396,mlb,2021-09-29T01:45Z,final,26,29,Giants,Diamondbacks,6,4,-272,222,,0,-272,222,-1.5,-129,110,,,Logan Webb,Luke Weaver,2,,0,San Francisco,California,0,16,61,18,0.0,-7.0,"1,0,0,0,0,4,1,0","0,0,1,0,0,0,1,2,0",-265,200,-1.5,123,-152,8.0,-104,-115
mlb:401229407,mlb,2021-09-29T02:00Z,final,19,25,Dodgers,Padres,2,1,-195,165,,0,-195,165,-1.5,110,-129,,,Walker Buehler,Yu Darvish,2,,0,Los Angeles,California,0,89,66,11,0.2,-7.0,"1,0,1,0,0,0,0,0","0,0,0,0,0,0,0,0,1",-180,143,-1.5,165,-210,7.5,-117,101
mlb:401229405,mlb,2021-09-29T02:10Z,final,12,11,Mariners,Athletics,4,2,-104,-115,,0,-104,-115,1.5,-166,140,,,Tyler Anderson,Chris Bassitt,2,,0,Seattle,Washington,1,56,,,,-7.0,"0,0,0,2,0,1,1,0","0,0,0,1,0,0,1,0,0",106,-130,1.5,-275,210,8.0,-115,-101
mlb:401229424,mlb,2021-09-29T19:10Z,final,27,20,Rockies,Nationals,10,5,-124,105,,0,-124,105,-1.5,150,-182,,,Peter Lambert,Paolo Espino,2,,0,Denver,Colorado,0,1609,64,16,1.7,-6.0,"4,0,2,0,3,0,0,1","2,0,3,0,0,0,0,0,0",-121,-103,-1.5,180,-230,11.5,-114,-106
mlb:401229413,mlb,2021-09-29T22:35Z,final,23,16,Pirates,Cubs,2,3,102,-122,,0,102,-122,1.5,-159,133,,,Roansy Contreras,Kyle Hendricks,2,,0,Pittsburgh,Pennsylvania,0,233,59,7,0.0,-4.0,"0,0,0,0,0,2,0,0,0","0,0,0,0,1,0,2,0,0",-110,-113,1.5,-295,225,8.5,-114,-106
mlb:401229419,mlb,2021-09-29T23:00Z,final,14,10,Blue Jays,Yankees,6,5,-102,-115,,0,-102,-115,1.5,-170,140,,,Jose Berrios,Gerrit Cole,2,,0,Toronto,Ontario,1,161,,,,-4.0,"2,1,1,0,1,0,0,1","0,0,0,0,2,1,2,0,0",104,-129,1.5,-275,205,8.0,100,-112
mlb:401229412,mlb,2021-09-29T23:05Z,final,1,2,Orioles,Red Sox,0,6,227,-281,,0,227,-281,1.5,151,-172,,,Zac Lowther,Nathan Eovaldi,2,,0,Baltimore,Maryland,0,10,64,9,0.2,-4.0,"0,0,0,0,0,0,0,0,0","0,1,0,0,0,2,0,2,1",205,-265,1.5,-129,104,9.5,-109,-110
mlb:401229417,mlb,2021-09-29T23:10Z,final,21,28,Mets,Marlins,2,3,-181,153,,0,-181,153,-1.5,124,-143,,,Taijuan Walker,Elieser Hernandez,2,,0,Queens,New York,0,12,62,14,0.1,-4.0,"0,0,0,1,1,0,0,0,0","0,0,0,0,0,0,0,3,0",-175,135,-1.5,155,-200,7.5,-102,-118
mlb:401229421,mlb,2021-09-29T23:20Z,final,15,22,Braves,Phillies,7,2,-152,128,,0,-152,128,-1.5,138,-166,,,Max Fried,Aaron Nola,2,,0,Atlanta,Georgia,0,320,70,8,0.0,-4.0,"2,0,1,0,0,0,4,0","0,1,0,0,0,1,0,0,0",-143,117,-1.5,190,-245,8.0,-110,-110
mlb:401229416,mlb,2021-09-29T23:40Z,final,9,6,Twins,Tigers,5,2,-175,147,,0,-175,147,-1.5,116,-140,,,Michael Pineda,Casey Mize,2,,0,Minneapolis,Minnesota,0,253,68,8,0.0,-5.0,"3,0,0,0,0,0,0,2","0,0,0,1,0,0,0,0,1",-175,138,-1.5,145,-182,9.0,-118,-106
mlb:401229418,mlb,2021-09-29T23:45Z,final,24,8,Cardinals,Brewers,0,4,-115,-104,,0,-115,-104,1.5,-172,145,,,Miles Mikolas,Adrian Houser,2,,0,St. Louis,Missouri,0,142,74,8,0.0,-5.0,"0,0,0,0,0,0,0,0,0","1,0,0,0,0,2,1,0,0",-127,102,-1.5,210,-275,7.5,-116,-105
mlb:401229410,mlb,2021-09-30T00:05Z,final,13,3,Rangers,Angels,2,7,-120,102,,0,-120,102,-1.5,164,-195,,,Taylor Hearn,Janson Junk,2,,0,Arlington,Texas,1,184,,,,-5.0,"0,0,0,2,0,0,0,0,0","1,1,0,0,0,4,0,0,1",-129,104,-1.5,190,-245,8.5,-126,103
mlb:401229414,mlb,2021-09-30T00:10Z,final,4,17,White Sox,Reds,6,1,-195,163,,0,-195,163,-1.5,110,-130,,,Carlos Rodon,Sonny Gray,2,,0,Chicago,Illinois,0,179,68,10,0.0,-5.0,"0,0,2,2,1,0,1,0","0,0,0,0,0,0,0,0,1",-186,148,-1.5,160,-200,7.5,-115,-108
mlb:401229415,mlb,2021-09-30T00:10Z,final,7,5,Royals,Indians,10,5,,,,0,,,,,,,,Daniel Lynch IV,Zach Plesac,2,,0,Kansas City,Missouri,0,274,73,10,2.3,-5.0,"3,2,0,0,0,0,3,2","1,0,1,2,1,0,0,0,0",,,,,,,,
mlb:401229423,mlb,2021-09-30T00:10Z,final,18,30,Astros,Rays,0,7,-145,125,,0,-145,125,-1.5,145,-167,,,Luis Garcia,Drew Rasmussen,2,,0,Houston,Texas,1,12,,,,-5.0,"0,0,0,0,0,0,0,0,0","0,3,0,0,3,0,0,1,0",-125,102,-1.5,195,-250,9.0,-100,-120
mlb:401229411,mlb,2021-09-30T01:45Z,final,26,29,Giants,Diamondbacks,1,0,-283,225,,0,-283,225,-1.5,-127,111,,,Alex Wood,Merrill Kelly,2,,0,San Francisco,California,0,16,62,17,0.0,-7.0,"0,0,0,0,0,0,1,0","0,0,0,0,0,0,0,0,0",,,,,,8.0,-110,-109
mlb:401229422,mlb,2021-09-30T02:00Z,final,19,25,Dodgers,Padres,11,9,-321,245,,0,-321,245,-1.5,-136,123,,,Max Scherzer,Ryan Weathers,2,,0,Los Angeles,California,0,89,70,14,0.0,-7.0,"4,1,0,0,0,0,1,5","0,1,2,2,0,1,3,0,0",-360,270,-1.5,-103,-121,8.0,-106,-118
mlb:401229420,mlb,2021-09-30T02:10Z,final,12,11,Mariners,Athletics,4,2,-115,-101,,0,-115,-101,-1.5,190,-215,,,Logan Gilbert,Frankie Montas,2,,0,Seattle,Washington,1,56,,,,-7.0,"0,0,0,0,0,2,1,1","0,0,0,0,0,1,1,0,0",-114,-109,-1.5,245,-315,7.5,-100,-118
mlb:401229432,mlb,2021-09-30T17:15Z,final,24,8,Cardinals,Brewers,4,3,-121,102,,0,-121,102,-1.5,153,-184,,,J.A. Happ,Brett Anderson,2,,0,St. Louis,Missouri,0,142,74,10,0.4,-5.0,"0,1,1,0,0,2,0,0","0,0,1,2,0,0,0,0,0",-120,-104,-1.5,210,-275,8.5,-113,-105
mlb:401229425,mlb,2021-09-30T18:05Z,final,13,3,Rangers,Angels,7,6,116,-139,,0,116,-139,1.5,-130,107,,,Glenn Otto,Alex Cobb,2,,0,Arlington,Texas,1,184,,,,-5.0,"0,0,3,0,2,0,0,2","5,0,0,0,1,0,0,0,0",115,-143,1.5,-235,180,8.5,100,-118
mlb:401229428,mlb,2021-09-30T22:35Z,final,23,16,Pirates,Cubs,0,9,-105,-112,,0,-105,-112,1.5,-180,150,,,Miguel Yajure,Justin Steele,2,,0,Pittsburgh,Pennsylvania,0,233,58,7,0.0,-4.0,"0,0,0,0,0,0,0,0,0","1,6,0,0,2,0,0,0,0",-121,-104,-1.5,215,-278,8.5,-120,-100
mlb:401229427,mlb,2021-09-30T23:05Z,final,1,2,Orioles,Red Sox,6,2,192,-237,,0,192,-237,1.5,127,-153,,,Alexander Wells,Nick Pivetta,2,,0,Baltimore,Maryland,0,10,62,9,0.0,-4.0,"0,0,3,0,0,3,0,0","1,0,0,0,0,0,1,0,0",170,-220,1.5,-148,117,10.0,-110,-111
mlb:401229433,mlb,2021-09-30T23:07Z,final,14,10,Blue Jays,Yankees,2,6,-154,132,,0,-154,132,-1.5,125,-146,,,Robbie Ray,Corey Kluber,2,,0,Toronto,Ontario,1,161,,,,-4.0,"0,1,0,0,1,0,0,0,0","1,0,0,0,0,4,0,0,1",-162,130,-1.5,160,-200,8.5,-110,-108
mlb:401229431,mlb,2021-09-30T23:10Z,final,21,28,Mets,Marlins,12,3,-220,178,,0,-220,178,-1.5,105,-125,,,Rich Hill,Edward Cabrera,2,,0,Queens,New York,0,12,60,10,0.1,-4.0,"0,1,1,4,0,0,0,6","0,0,2,1,0,0,0,0,0",-190,150,-1.5,155,-195,7.5,-106,-112
mlb:401229436,mlb,2021-09-30T23:10Z,final,18,30,Astros,Rays,3,2,-154,132,,0,-154,132,-1.5,133,-160,,,Lance McCullers Jr.,Collin McHugh,2,,0,Houston,Texas,1,12,,,,-5.0,"0,0,0,3,0,0,0,0","0,0,0,0,0,2,0,0,0",-148,117,-1.5,180,-235,8.5,-113,-105
mlb:401229434,mlb,2021-09-30T23:20Z,final,15,22,Braves,Phillies,5,3,-159,134,,0,-159,134,-1.5,130,-147,,,Ian Anderson,Kyle Gibson,2,,0,Atlanta,Georgia,0,320,70,5,0.0,-4.0,"1,0,0,2,2,0,0,0","0,0,0,0,0,0,2,1,0",-155,125,-1.5,170,-220,8.5,-117,-102
mlb:401229430,mlb,2021-09-30T23:40Z,final,9,6,Twins,Tigers,7,10,-192,160,,0,-192,160,-1.5,112,-133,,,Joe Ryan,Tarik Skubal,2,,0,Minneapolis,Minnesota,0,253,71,8,0.1,-5.0,"1,0,3,1,0,1,1,0,0","0,0,1,4,1,0,0,3,1",-205,163,-1.5,135,-167,8.5,-109,-110
