id,league,start,status,home,away,home_name,away_name,home_score,away_score,ml_home,ml_away,odds_time,neutral,ml_home_open,ml_away_open,spread_home,spread_home_odds,spread_away_odds,inj_home,inj_away,sp_home,sp_away,stype,country,intl,city,state,indoor,elev,wx_temp,wx_wind,wx_rain,tzo,ls_home,ls_away,h1_ml_home,h1_ml_away,h1_spread_home,h1_spread_home_odds,h1_spread_away_odds,total,over_odds,under_odds
ncaab:400910735,ncaab,2017-02-01T00:00Z,final,145,344,Ole Miss,Mississippi St,88,61,,,,0,,,,,,,,,,2,,0,Oxford,MS,1,154,,,,-6.0,"51,37","33,28",,,,,,,,
ncaab:400915012,ncaab,2017-02-01T00:00Z,final,164,2294,Rutgers,Iowa,63,83,,,,0,,,,,,,,,,2,,0,Piscataway,NJ,1,30,,,,-5.0,"30,33","48,35",,,,,,,,
ncaab:400915034,ncaab,2017-02-01T00:00Z,final,194,120,Ohio State,Maryland,71,77,,,,0,,,,,,,,,,2,,0,Columbus,OH,1,235,,,,-5.0,"36,35","42,35",,,,,,,,
ncaab:400915412,ncaab,2017-02-01T00:00Z,final,153,221,North Carolina,Pitt,80,78,,,,0,,,,,,,,,,2,,0,Chapel Hill,NC,1,148,,,,-5.0,"42,38","36,42",,,,,,,,
ncaab:400915413,ncaab,2017-02-01T00:00Z,final,103,154,Boston College,Wake Forest,80,85,,,,0,,,,,,,,,,2,,0,Chestnut Hill,MA,1,60,,,,-5.0,"33,47","36,49",,,,,,,,
ncaab:400916798,ncaab,2017-02-01T00:00Z,final,2335,2506,Liberty,Presbyterian,71,51,,,,0,,,,,,,,,,2,,0,Lynchburg,VA,1,192,,,,-5.0,"30,41","21,30",,,,,,,,
ncaab:400917149,ncaab,2017-02-01T00:00Z,final,2084,2117,Buffalo,C Michigan,101,91,,,,0,,,,,,,,,,2,,0,Buffalo,NY,1,183,,,,-5.0,"52,49","50,41",,,,,,,,
ncaab:400917150,ncaab,2017-02-01T00:00Z,final,2199,2309,E Michigan,Kent State,64,70,,,,0,,,,,,,,,,2,,0,Ypsilanti,MI,1,219,,,,-5.0,"35,29","31,39",,,,,,,,
ncaab:400917151,ncaab,2017-02-01T00:00Z,final,189,193,Bowling Green,Miami OH,83,72,,,,0,,,,,,,,,,2,,0,Bowling Green,OH,1,212,,,,-5.0,"42,41","27,45",,,,,,,,
ncaab:400917153,ncaab,2017-02-01T00:00Z,final,2050,2649,Ball State,Toledo,81,80,,,,0,,,,,,,,,,2,,0,Muncie,IN,1,284,,,,-5.0,"44,37","46,34",,,,,,,,
ncaab:400917613,ncaab,2017-02-01T00:00Z,final,2217,2363,Fairfield,Manhattan,78,49,,,,0,,,,,,,,,,2,,0,Bridgeport,CT,1,1,,,,-5.0,"43,35","21,28",,,,,,,,
ncaab:400918370,ncaab,2017-02-01T00:00Z,final,227,45,Rhode Island,G Washington,82,70,,,,0,,,,,,,,,,2,,0,Kingston,RI,1,75,,,,-5.0,"35,47","39,31",,,,,,,,
ncaab:400919702,ncaab,2017-02-01T00:00Z,final,2086,156,Butler,Creighton,67,76,,,,0,,,,,,,,,,2,,0,Indianapolis,IN,1,218,,,,-5.0,"33,34","37,39",,,,,,,,
ncaab:400918077,ncaab,2017-02-01T00:30Z,final,140,2775,Kansas City,Ottawa (KS),93,67,,,,0,,,,,,,,,,2,,0,Kansas City,MO,1,274,,,,-6.0,"44,49","35,32",,,,,,,,
ncaab:400916608,ncaab,2017-02-01T01:00Z,final,2655,218,Tulane,Temple,71,79,,,,0,,,,,,,,,,2,,0,New Orleans,LA,1,0,,,,-6.0,"34,37","34,45",,,,,,,,
ncaab:400917148,ncaab,2017-02-01T01:00Z,final,2459,2006,N Illinois,Akron,73,76,,,,0,,,,,,,,,,2,,0,Dekalb,IL,1,268,,,,-6.0,"47,26","33,43",,,,,,,,
ncaab:400917964,ncaab,2017-02-01T01:00Z,final,198,2172,Oral Roberts,Denver,69,93,,,,0,,,,,,,,,,2,,0,Tulsa,OK,1,220,,,,-6.0,"35,34","34,59",,,,,,,,
ncaab:400918185,ncaab,2017-02-01T01:00Z,final,2623,2350,Missouri St,Loyola Chicago,82,81,,,,0,,,,,,,,,,2,,0,Springfield,MO,1,396,,,,-6.0,"34,37,11","37,34,10",,,,,,,,
ncaab:400918273,ncaab,2017-02-01T01:00Z,final,2603,2166,Saint Joseph's,Davidson,60,75,,,,0,,,,,,,,,,2,,0,Philadelphia,PA,1,12,,,,-5.0,"31,29","41,34",,,,,,,,
ncaab:400910624,ncaab,2017-02-01T02:00Z,final,2,2633,Auburn,Tennessee,77,87,,,,0,,,,,,,,,,2,,0,Auburn,AL,1,215,,,,-6.0,"30,47","46,41",,,,,,,,
ncaab:400910673,ncaab,2017-02-01T02:00Z,final,96,61,Kentucky,Georgia,90,81,,,,0,,,,,,,,,,2,,0,Lexington,KY,1,295,,,,-5.0,"29,47,14","29,47,5",,,,,,,,
ncaab:400910816,ncaab,2017-02-01T02:00Z,final,245,238,Texas A&M,Vanderbilt,54,68,,,,0,,,,,,,,,,2,,0,College Station,TX,1,103,,,,-6.0,"23,31","36,32",,,,,,,,
ncaab:400914939,ncaab,2017-02-01T02:00Z,final,356,275,Illinois,Wisconsin,43,57,,,,0,,,,,,,,,,2,,0,Champaign,IL,1,225,,,,-6.0,"20,23","33,24",,,,,,,,
ncaab:400916227,ncaab,2017-02-01T02:00Z,final,66,277,Iowa State,West Virginia,72,85,,,,0,,,,,,,,,,2,,0,Ames,IA,1,287,,,,-6.0,"40,32","44,41",,,,,,,,
ncaab:400918078,ncaab,2017-02-01T02:00Z,final,2253,3246,Grand Canyon,Bethesda,95,66,,,,0,,,,,,,,,,2,,0,Phoenix,AZ,1,331,,,,-7.0,"51,44","23,43",,,,,,,,
ncaab:400918310,ncaab,2017-02-01T02:00Z,final,2230,2168,Fordham,Dayton,66,75,,,,0,,,,,,,,,,2,,0,Bronx,NY,1,28,,,,-5.0,"39,27","39,36",,,,,,,,
ncaab:400919703,ncaab,2017-02-01T02:00Z,final,305,46,DePaul,Georgetown,73,76,,,,0,,,,,,,,,,2,,0,Rosemont,IL,1,194,,,,-6.0,"33,40","35,41",,,,,,,,
ncaab:400919829,ncaab,2017-02-01T02:00Z,final,36,68,Colorado St,Boise St,76,79,,,,0,,,,,,,,,,2,,0,Fort Collins,CO,1,1525,,,,-7.0,"40,36","43,36",,,,,,,,
ncaab:400919927,ncaab,2017-02-01T04:00Z,final,21,2751,San Diego St,Wyoming,77,68,,,,0,,,,,,,,,,2,,0,San Diego,CA,1,20,,,,-8.0,"31,46","27,41",,,,,,,,
ncaab:400914983,ncaab,2017-02-01T23:30Z,final,84,213,Indiana,Penn State,110,102,,,,0,,,,,,,,,,2,,0,Bloomington,IN,1,235,,,,-5.0,"46,26,8,13,17","37,35,8,13,9",,,,,,,,
ncaab:400910559,ncaab,2017-02-02T00:00Z,final,8,333,Arkansas,Alabama,87,68,,,,0,,,,,,,,,,2,,0,Fayetteville,AR,1,427,,,,-6.0,"35,52","27,41",,,,,,,,
ncaab:400915414,ncaab,2017-02-02T00:00Z,final,228,59,Clemson,Georgia Tech,74,62,,,,0,,,,,,,,,,2,,0,Clemson,SC,1,221,,,,-5.0,"32,42","24,38",,,,,,,,
ncaab:400915415,ncaab,2017-02-02T00:00Z,final,152,183,NC State,Syracuse,93,100,,,,0,,,,,,,,,,2,,0,Raleigh,NC,1,96,,,,-5.0,"41,46,6","44,43,13",,,,,,,,
ncaab:400916609,ncaab,2017-02-02T00:00Z,final,248,2116,Houston,UCF,82,64,,,,0,,,,,,,,,,2,,0,Houston,TX,1,12,,,,-6.0,"32,50","30,34",,,,,,,,
ncaab:400916799,ncaab,2017-02-02T00:00Z,final,2097,2241,Campbell,Gardner-Webb,68,80,,,,0,,,,,,,,,,2,,0,Buies Creek,NC,1,63,,,,-5.0,"27,41","43,37",,,,,,,,
ncaab:400916800,ncaab,2017-02-02T00:00Z,final,2427,2127,UNC Asheville,Charleston So,91,73,,,,0,,,,,,,,,,2,,0,Asheville,NC,1,649,,,,-5.0,"44,47","34,39",,,,,,,,
ncaab:400916801,ncaab,2017-02-02T00:00Z,final,2344,2272,Longwood,High Point,68,92,,,,0,,,,,,,,,,2,,0,Farmville,VA,1,90,,,,-5.0,"29,39","53,39",,,,,,,,
ncaab:400916802,ncaab,2017-02-02T00:00Z,final,2515,2737,Radford,Winthrop,65,81,,,,0,,,,,,,,,,2,,0,Radford,VA,1,567,,,,-5.0,"30,35","38,43",,,,,,,,
ncaab:400917966,ncaab,2017-02-02T00:00Z,final,85,2449,IU Indy,N Dakota St,86,81,,,,0,,,,,,,,,,2,,0,Indianapolis,IN,1,218,,,,-5.0,"42,30,14","35,37,9",,,,,,,,
ncaab:400918124,ncaab,2017-02-02T00:00Z,final,2181,2724,Drake,Wichita St,69,77,,,,0,,,,,,,,,,2,,0,Des Moines,IA,1,266,,,,-6.0,"35,34","39,38",,,,,,,,
ncaab:400918218,ncaab,2017-02-02T00:00Z,final,282,339,Indiana St,Evansville,85,84,,,,0,,,,,,,,,,2,,0,Terre Haute,IN,1,152,,,,-5.0,"32,44,9","42,34,8",,,,,,,,
ncaab:400918389,ncaab,2017-02-02T00:00Z,final,139,2244,Saint Louis,George Mason,76,74,,,,0,,,,,,,,,,2,,0,St. Louis,MO,1,142,,,,-6.0,"27,32,5,12","27,32,5,10",,,,,,,,
ncaab:400918407,ncaab,2017-02-02T00:00Z,final,2325,113,La Salle,UMass,88,78,,,,0,,,,,,,,,,2,,0,Philadelphia,PA,1,12,,,,-5.0,"34,54","39,39",,,,,,,,
ncaab:400918451,ncaab,2017-02-02T00:00Z,final,2670,257,VCU,Richmond,81,74,,,,0,,,,,,,,,,2,,0,Richmond,VA,1,64,,,,-5.0,"31,50","30,44",,,,,,,,
ncaab:400918621,ncaab,2017-02-02T00:00Z,final,399,2349,UAlbany,UMass Lowell,90,77,,,,0,,,,,,,,,,2,,0,Albany,NY,1,45,,,,-5.0,"39,51","35,42",,,,,,,,
ncaab:400918651,ncaab,2017-02-02T00:00Z,final,2066,2378,Binghamton,UMBC,74,92,,,,0,,,,,,,,,,2,,0,Binghamton,NY,1,264,,,,-5.0,"37,37","49,43",,,,,,,,
ncaab:400918695,ncaab,2017-02-02T00:00Z,final,261,311,Vermont,Maine,74,53,,,,0,,,,,,,,,,2,,0,Burlington,VT,1,61,,,,-5.0,"39,35","32,21",,,,,,,,
ncaab:400918731,ncaab,2017-02-02T00:00Z,final,2619,160,Stony Brook,New Hampshire,64,61,,,,0,,,,,,,,,,2,,0,Stony Brook,NY,1,27,,,,-5.0,"24,40","32,29",,,,,,,,
ncaab:400918864,ncaab,2017-02-02T00:00Z,final,2065,56,Bethune,Stetson,67,76,,,,0,,,,,,,,,,2,,0,Daytona Beach,FL,1,4,,,,-5.0,"42,25","36,40",,,,,,,,
ncaab:400919091,ncaab,2017-02-02T00:00Z,final,107,2142,Holy Cross,Colgate,56,50,,,,0,,,,,,,,,,2,,0,Worcester,MA,1,147,,,,-5.0,"29,27","24,26",,,,,,,,
ncaab:400919092,ncaab,2017-02-02T00:00Z,final,349,322,Army,Lafayette,80,73,,,,0,,,,,,,,,,2,,0,West Point,NY,1,47,,,,-5.0,"46,34","26,47",,,,,,,,
ncaab:400919094,ncaab,2017-02-02T00:00Z,final,2083,44,Bucknell,American,80,60,,,,0,,,,,,,,,,2,,0,Lewisburg,PA,1,144,,,,-5.0,"39,41","26,34",,,,,,,,
ncaab:400919704,ncaab,2017-02-02T00:00Z,final,2507,222,Providence,Villanova,57,66,,,,0,,,,,,,,,,2,,0,Providence,RI,1,2,,,,-5.0,"29,28","32,34",,,,,,,,
ncaab:400919705,ncaab,2017-02-02T00:00Z,final,2599,269,St John's,Marquette,86,72,,,,0,,,,,,,,,,2,,0,New York,NY,1,10,,,,-5.0,"45,41","37,35",,,,,,,,
ncaab:400920440,ncaab,2017-02-02T00:00Z,final,2261,2379,Hampton,MD Eastern,66,65,,,,0,,,,,,,,,,2,,0,Hampton,VA,1,1,,,,-5.0,"28,38","33,32",,,,,,,,
ncaab:400916228,ncaab,2017-02-02T00:30Z,final,2306,2628,Kansas St,TCU,80,86,,,,0,,,,,,,,,,2,,0,Manhattan,KS,1,311,,,,-6.0,"39,34,7","35,38,13",,,,,,,,
ncaab:400919093,ncaab,2017-02-02T00:30Z,final,2352,2329,Loyola MD,Lehigh,62,60,,,,0,,,,,,,,,,2,,0,Baltimore,MD,1,10,,,,-5.0,"29,33","30,30",,,,,,,,
ncaab:400920427,ncaab,2017-02-02T00:30Z,final,2169,2448,Delaware St,NC A&T,82,65,,,,0,,,,,,,,,,2,,0,Dover,DE,1,9,,,,-5.0,"42,40","31,34",,,,,,,,
ncaab:400915416,ncaab,2017-02-02T01:00Z,final,2390,52,Miami,Florida St,57,75,,,,0,,,,,,,,,,2,,0,Coral Gables,FL,1,3,,,,-5.0,"34,23","31,44",,,,,,,,
ncaab:400915417,ncaab,2017-02-02T01:00Z,final,258,259,Virginia,Virginia Tech,71,48,,,,0,,,,,,,,,,2,,0,Charlottesville,VA,1,142,,,,-5.0,"35,36","21,27",,,,,,,,
ncaab:400917826,ncaab,2017-02-02T01:00Z,final,2198,2046,E Kentucky,Austin Peay,81,83,,,,0,,,,,,,,,,2,,0,Richmond,KY,1,289,,,,-5.0,"31,40,10","36,35,12",,,,,,,,
ncaab:400917827,ncaab,2017-02-02T01:00Z,final,55,2546,Jax State,SE Missouri,74,62,,,,0,,,,,,,,,,2,,0,Jacksonville,AL,1,216,,,,-6.0,"38,36","32,30",,,,,,,,
ncaab:400917965,ncaab,2017-02-02T01:00Z,final,2571,2710,S Dakota St,W Illinois,98,65,,,,0,,,,,,,,,,2,,0,Brookings,SD,1,494,,,,-6.0,"45,53","34,31",,,,,,,,
ncaab:400917967,ncaab,2017-02-02T01:00Z,final,2437,233,Omaha,South Dakota,91,83,,,,0,,,,,,,,,,2,,0,Omaha,NE,1,323,,,,-6.0,"49,42","43,40",,,,,,,,
ncaab:400918148,ncaab,2017-02-02T01:00Z,final,79,71,S Illinois,Bradley,85,65,,,,0,,,,,,,,,,2,,0,Carbondale,IL,1,126,,,,-6.0,"36,49","30,35",,,,,,,,
ncaab:400918333,ncaab,2017-02-02T01:00Z,final,2184,179,Duquesne,St Bonaventure,64,71,,,,0,,,,,,,,,,2,,0,Pittsburgh,PA,1,233,,,,-5.0,"34,30","33,38",,,,,,,,
ncaab:400921978,ncaab,2017-02-02T01:00Z,final,2000,2443,Abilene Chrstn,LSU N Orleans,70,69,,,,0,,,,,,,,,,2,,0,Abilene,TX,1,524,,,,-6.0,"36,25,9","27,34,8",,,,,,,,
ncaab:400915142,ncaab,2017-02-02T01:30Z,final,2509,77,Purdue,Northwestern,80,59,,,,0,,,,,,,,,,2,,0,West Lafayette,IN,1,186,,,,-5.0,"45,35","23,36",,,,,,,,
ncaab:400917828,ncaab,2017-02-02T01:30Z,final,2635,2630,Tennessee Tech,UT Martin,46,75,,,,0,,,,,,,,,,2,,0,Cookeville,TN,1,334,,,,-6.0,"22,24","44,31",,,,,,,,
ncaab:400922054,ncaab,2017-02-02T01:30Z,final,357,2277,Texas A&M-CC,Hou Christian,90,79,,,,0,,,,,,,,,,2,,0,Corpus Christi,TX,1,2,,,,-6.0,"40,50","39,40",,,,,,,,
ncaab:400922143,ncaab,2017-02-02T01:45Z,final,2545,2447,SE Louisiana,Nicholls,72,44,,,,0,,,,,,,,,,2,,0,Hammond,LA,1,13,,,,-6.0,"25,47","26,18",,,,,,,,
ncaab:400910717,ncaab,2017-02-02T02:00Z,final,99,2579,LSU,South Carolina,63,88,,,,0,,,,,,,,,,2,,0,Baton Rouge,LA,1,14,,,,-6.0,"32,31","50,38",,,,,,,,
ncaab:400911037,ncaab,2017-02-02T02:00Z,final,251,2641,Texas,Texas Tech,62,58,,,,0,,,,,,,,,,2,,0,Austin,TX,1,149,,,,-6.0,"28,34","26,32",,,,,,,,
ncaab:400915650,ncaab,2017-02-02T02:00Z,final,265,26,Washington St,UCLA,79,95,,,,0,,,,,,,,,,2,,0,Pullman,WA,1,717,,,,-8.0,"34,45","44,51",,,,,,,,
ncaab:400916229,ncaab,2017-02-02T02:00Z,final,2305,239,Kansas,Baylor,73,68,,,,0,,,,,,,,,,2,,0,Lawrence,KS,1,263,,,,-6.0,"28,45","34,34",,,,,,,,
ncaab:400916610,ncaab,2017-02-02T02:00Z,final,202,2132,Tulsa,Cincinnati,55,57,,,,0,,,,,,,,,,2,,0,Tulsa,OK,1,220,,,,-6.0,"30,25","30,27",,,,,,,,
ncaab:400918167,ncaab,2017-02-02T02:00Z,final,2287,2460,Illinois St,Northern Iowa,57,51,,,,0,,,,,,,,,,2,,0,Normal,IL,1,244,,,,-6.0,"23,34","19,32",,,,,,,,
ncaab:400919941,ncaab,2017-02-02T02:00Z,final,328,2440,Utah State,Nevada,74,57,,,,0,,,,,,,,,,2,,0,Logan,UT,1,1382,,,,-7.0,"25,49","25,32",,,,,,,,
ncaab:400919706,ncaab,2017-02-02T02:15Z,final,2752,2550,Xavier,Seton Hall,72,70,,,,0,,,,,,,,,,2,,0,Cincinnati,OH,1,191,,,,-5.0,"28,44","32,38",,,,,,,,
ncaab:400916611,ncaab,2017-02-02T02:30Z,final,2567,151,SMU,East Carolina,86,46,,,,0,,,,,,,,,,2,,0,Dallas,TX,1,128,,,,-6.0,"49,37","20,26",,,,,,,,
ncaab:400918917,ncaab,2017-02-02T03:00Z,final,2463,299,CSU Northridge,Long Beach St,108,98,,,,0,,,,,,,,,,2,,0,Northridge,CA,1,246,,,,-8.0,"50,58","45,53",,,,,,,,
ncaab:400919811,ncaab,2017-02-02T03:00Z,final,278,2005,Fresno St,Air Force,73,64,,,,0,,,,,,,,,,2,,0,Fresno,CA,1,94,,,,-8.0,"34,39","32,32",,,,,,,,
ncaab:400915651,ncaab,2017-02-02T04:00Z,final,264,30,Washington,USC,74,82,,,,0,,,,,,,,,,2,,0,Seattle,WA,1,56,,,,-8.0,"37,37","27,55",,,,,,,,
ncaab:400919864,ncaab,2017-02-02T04:00Z,final,2439,167,UNLV,New Mexico,77,80,,,,0,,,,,,,,,,2,,0,Las Vegas,NV,1,610,,,,-8.0,"35,42","35,45",,,,,,,,
ncaab:400910649,ncaab,2017-02-03T00:00Z,final,57,142,Florida,Missouri,93,54,,,,0,,,,,,,,,,2,,0,Gainesville,FL,1,54,,,,-5.0,"48,45","20,34",,,,,,,,
ncaab:400915079,ncaab,2017-02-03T00:00Z,final,158,127,Nebraska,Michigan St,61,72,,,,0,,,,,,,,,,2,,0,Lincoln,NE,1,367,,,,-6.0,"26,35","32,40",,,,,,,,
ncaab:400916612,ncaab,2017-02-03T00:00Z,final,58,235,South Florida,Memphis,75,85,,,,0,,,,,,,,,,2,,0,Tampa,FL,1,1,,,,-5.0,"30,45","35,50",,,,,,,,
ncaab:400916952,ncaab,2017-02-03T00:00Z,final,2678,2193,VMI,ETSU,71,81,,,,0,,,,,,,,,,2,,0,Lexington,VA,1,324,,,,-5.0,"34,37","27,54",,,,,,,,
ncaab:400916954,ncaab,2017-02-03T00:00Z,final,2643,2747,The Citadel,Wofford,90,100,,,,0,,,,,,,,,,2,,0,Charleston,SC,1,6,,,,-5.0,"41,49","50,50",,,,,,,,
ncaab:400916955,ncaab,2017-02-03T00:00Z,final,2382,231,Mercer,Furman,68,70,,,,0,,,,,,,,,,2,,0,Macon,GA,1,112,,,,-5.0,"38,30","35,35",,,,,,,,
ncaab:400918490,ncaab,2017-02-03T00:00Z,final,325,2174,Cleveland St,Detroit Mercy,90,73,,,,0,,,,,,,,,,2,,0,Cleveland,OH,1,199,,,,-5.0,"33,57","40,33",,,,,,,,
ncaab:400918585,ncaab,2017-02-03T00:00Z,final,2754,2473,Youngstown St,Oakland,76,90,,,,0,,,,,,,,,,2,,0,Youngstown,OH,1,259,,,,-5.0,"37,39","42,48",,,,,,,,
ncaab:400919095,ncaab,2017-02-03T00:00Z,final,104,2426,Boston U,Navy,61,70,,,,0,,,,,,,,,,2,,0,Boston,MA,1,14,,,,-5.0,"34,27","37,33",,,,,,,,
ncaab:400919219,ncaab,2017-02-03T00:00Z,final,112358,2523,Long Island,Robert Morris,63,67,,,,0,,,,,,,,,,2,,0,Brooklyn,NY,1,15,,,,-5.0,"30,33","32,35",,,,,,,,
ncaab:400919220,ncaab,2017-02-03T00:00Z,final,116,2803,Mount St Marys,Bryant,77,70,,,,0,,,,,,,,,,2,,0,Emmitsburg,MD,1,133,,,,-5.0,"37,40","38,32",,,,,,,,
ncaab:400919221,ncaab,2017-02-03T00:00Z,final,161,2529,FDU,Sacred Heart,70,74,,,,0,,,,,,,,,,2,,0,Hackensack,NJ,1,6,,,,-5.0,"39,31","38,36",,,,,,,,
ncaab:400919222,ncaab,2017-02-03T00:00Z,final,2115,2681,C Connecticut,Wagner,60,70,,,,0,,,,,,,,,,2,,0,New Britain,CT,1,51,,,,-5.0,"27,33","35,35",,,,,,,,
ncaab:400919223,ncaab,2017-02-03T00:00Z,final,2597,2598,St Francis BK,Saint Francis,61,78,,,,0,,,,,,,,,,2,,0,Brooklyn,NY,1,15,,,,-5.0,"26,35","36,42",,,,,,,,
ncaab:400919356,ncaab,2017-02-03T00:00Z,final,2429,2226,Charlotte,FAU,75,77,,,,0,,,,,,,,,,2,,0,Charlotte,NC,1,229,,,,-5.0,"43,32","39,38",,,,,,,,
ncaab:400919394,ncaab,2017-02-03T00:00Z,final,295,2229,Old Dominion,FIU,64,57,,,,0,,,,,,,,,,2,,0,Norfolk,VA,1,2,,,,-5.0,"31,33","34,23",,,,,,,,
ncaab:400919573,ncaab,2017-02-03T00:00Z,final,350,232,UNC Wilmington,Charleston,66,67,,,,0,,,,,,,,,,2,,0,Wilmington,NC,1,9,,,,-5.0,"30,36","29,38",,,,,,,,
ncaab:400919594,ncaab,2017-02-03T00:00Z,final,2275,48,Hofstra,Delaware,73,65,,,,0,,,,,,,,,,2,,0,Hempstead,NY,1,17,,,,-5.0,"24,49","35,30",,,,,,,,
ncaab:400919610,ncaab,2017-02-03T00:00Z,final,119,2182,Towson,Drexel,104,103,,,,0,,,,,,,,,,2,,0,Towson,MD,1,141,,,,-5.0,"43,40,13,8","42,41,13,7",,,,,,,,
ncaab:400919628,ncaab,2017-02-03T00:00Z,final,2210,256,Elon,James Madison,67,61,,,,0,,,,,,,,,,2,,0,Elon,NC,1,215,,,,-5.0,"27,40","26,35",,,,,,,,
ncaab:400919793,ncaab,2017-02-03T00:00Z,final,2729,111,William & Mary,Northeastern,94,69,,,,0,,,,,,,,,,2,,0,Williamsburg,VA,1,25,,,,-5.0,"49,45","38,31",,,,,,,,
ncaab:400916953,ncaab,2017-02-03T00:30Z,final,236,2430,Chattanooga,UNC Greensboro,91,68,,,,0,,,,,,,,,,2,,0,Chattanooga,TN,1,206,,,,-5.0,"47,44","31,37",,,,,,,,
ncaab:400916951,ncaab,2017-02-03T01:00Z,final,2535,2717,Samford,W Carolina,82,63,,,,0,,,,,,,,,,2,,0,Homewood,AL,1,203,,,,-6.0,"43,39","29,34",,,,,,,,
ncaab:400917614,ncaab,2017-02-03T01:00Z,final,2217,315,Fairfield,Niagara,81,61,,,,0,,,,,,,,,,2,,0,Bridgeport,CT,1,1,,,,-5.0,"43,38","31,30",,,,,,,,
ncaab:400917829,ncaab,2017-02-03T01:00Z,final,2634,2197,Tennessee St,E Illinois,67,77,,,,0,,,,,,,,,,2,,0,Nashville,TN,1,170,,,,-6.0,"31,30,6","19,42,16",,,,,,,,
ncaab:400918527,ncaab,2017-02-03T01:00Z,final,2739,82,Green Bay,UIC,84,80,,,,0,,,,,,,,,,2,,0,Ashwaubenon,WI,1,185,,,,-6.0,"43,41","41,39",,,,,,,,
ncaab:400918543,ncaab,2017-02-03T01:00Z,final,270,2674,Milwaukee,Valparaiso,53,71,,,,0,,,,,,,,,,2,,0,Milwaukee,WI,1,188,,,,-6.0,"19,34","26,45",,,,,,,,
ncaab:400919419,ncaab,2017-02-03T01:00Z,final,2348,98,Louisiana Tech,Western KY,76,67,,,,0,,,,,,,,,,2,,0,Ruston,LA,1,102,,,,-6.0,"41,35","29,38",,,,,,,,
ncaab:400919435,ncaab,2017-02-03T01:00Z,final,2572,276,Southern Miss,Marshall,91,76,,,,0,,,,,,,,,,2,,0,Hattiesburg,MS,1,52,,,,-6.0,"37,54","44,32",,,,,,,,
ncaab:400919449,ncaab,2017-02-03T01:00Z,final,2636,2393,UTSA,MTSU,59,69,,,,0,,,,,,,,,,2,,0,San Antonio,TX,1,198,,,,-6.0,"25,34","23,46",,,,,,,,
ncaab:400922035,ncaab,2017-02-03T01:00Z,final,2110,2466,C Arkansas,N'Western St,107,97,,,,0,,,,,,,,,,2,,0,Conway,AR,1,95,,,,-6.0,"48,59","50,47",,,,,,,,
ncaab:400922093,ncaab,2017-02-03T01:30Z,final,2916,2377,Incarnate Word,McNeese,79,87,,,,0,,,,,,,,,,2,,0,San Antonio,TX,1,198,,,,-6.0,"38,41","42,45",,,,,,,,
ncaab:400915652,ncaab,2017-02-03T02:00Z,final,204,12,Oregon St,Arizona,54,71,,,,0,,,,,,,,,,2,,0,Corvallis,OR,1,71,,,,-8.0,"29,25","27,44",,,,,,,,
ncaab:400915653,ncaab,2017-02-03T02:00Z,final,25,254,California,Utah,77,75,,,,0,,,,,,,,,,2,,0,Berkeley,CA,1,52,,,,-8.0,"34,21,7,15","26,29,7,13",,,,,,,,
ncaab:400916415,ncaab,2017-02-03T02:00Z,final,2692,253,Weber St,Southern Utah,90,74,,,,0,,,,,,,,,,2,,0,Ogden,UT,1,1311,,,,-7.0,"46,44","27,47",,,,,,,,
ncaab:400917830,ncaab,2017-02-03T02:00Z,final,93,2057,Murray St,Belmont,69,81,,,,0,,,,,,,,,,2,,0,Murray,KY,1,163,,,,-6.0,"37,32","45,36",,,,,,,,
ncaab:400922175,ncaab,2017-02-03T02:00Z,final,2534,2617,Sam Houston,SF Austin,72,63,,,,0,,,,,,,,,,2,,0,Huntsville,TX,1,113,,,,-6.0,"34,38","30,33",,,,,,,,
ncaab:400916413,ncaab,2017-02-03T02:05Z,final,331,16,E Washington,Sacramento St,77,72,,,,0,,,,,,,,,,2,,0,Cheney,WA,1,717,,,,-8.0,"23,54","26,46",,,,,,,,
ncaab:400916416,ncaab,2017-02-03T02:05Z,final,304,2464,Idaho St,N Arizona,91,90,,,,0,,,,,,,,,,2,,0,Pocatello,ID,1,1360,,,,-7.0,"29,55,7","43,41,6",,,,,,,,
ncaab:400915854,ncaab,2017-02-03T03:00Z,final,301,2351,San Diego,LMU,53,72,,,,0,,,,,,,,,,2,,0,San Diego,CA,1,20,,,,-8.0,"25,28","45,27",,,,,,,,
ncaab:400915855,ncaab,2017-02-03T03:00Z,final,2501,2541,Portland,Santa Clara,45,60,,,,0,,,,,,,,,,2,,0,Portland,OR,1,12,,,,-8.0,"29,16","35,25",,,,,,,,
ncaab:400915856,ncaab,2017-02-03T03:00Z,final,2539,2492,San Francisco,Pepperdine,77,56,,,,0,,,,,,,,,,2,,0,San Francisco,CA,1,16,,,,-8.0,"41,36","21,35",,,,,,,,
ncaab:400916414,ncaab,2017-02-03T03:00Z,final,70,2502,Idaho,Portland St,89,72,,,,0,,,,,,,,,,2,,0,Moscow,ID,1,786,,,,-8.0,"42,47","32,40",,,,,,,,
ncaab:400918896,ncaab,2017-02-03T03:00Z,final,2540,2239,Santa Barbara,Fullerton,53,79,,,,0,,,,,,,,,,2,,0,Santa Barbara,CA,1,15,,,,-8.0,"25,28","39,40",,,,,,,,
ncaab:400919514,ncaab,2017-02-03T03:00Z,final,2638,5,UTEP,UAB,63,59,,,,0,,,,,,,,,,2,,0,El Paso,TX,1,1133,,,,-7.0,"19,44","28,31",,,,,,,,
ncaab:400915654,ncaab,2017-02-03T04:00Z,final,2483,9,Oregon,Arizona St,71,70,,,,0,,,,,,,,,,2,,0,Eugene,OR,1,131,,,,-8.0,"25,46","28,42",,,,,,,,
ncaab:400915655,ncaab,2017-02-03T04:00Z,final,24,38,Stanford,Colorado,74,81,,,,0,,,,,,,,,,2,,0,Stanford,CA,1,23,,,,-8.0,"31,43","41,40",,,,,,,,
ncaab:400915857,ncaab,2017-02-03T04:00Z,final,252,2250,BYU,Gonzaga,75,85,,,,0,,,,,,,,,,2,,0,Provo,UT,1,1387,,,,-7.0,"26,49","42,43",,,,,,,,
ncaab:400915858,ncaab,2017-02-03T04:00Z,final,279,2608,Pacific,Saint Mary's,70,74,,,,0,,,,,,,,,,2,,0,Stockton,CA,1,4,,,,-8.0,"34,36","41,33",,,,,,,,
ncaab:400918880,ncaab,2017-02-03T04:00Z,final,13,302,Cal Poly,UC Davis,74,70,,,,0,,,,,,,,,,2,,0,San Luis Obispo,CA,1,71,,,,-8.0,"32,42","28,42",,,,,,,,
ncaab:400918936,ncaab,2017-02-03T04:00Z,final,27,62,UC Riverside,Hawai'i,63,72,,,,0,,,,,,,,,,2,,0,Riverside,CA,1,252,,,,-8.0,"18,45","38,34",,,,,,,,
ncaab:400917158,ncaab,2017-02-03T23:30Z,final,2117,2711,C Michigan,W Michigan,86,82,,,,0,,,,,,,,,,2,,0,Mount Pleasant,MI,1,235,,,,-5.0,"40,46","53,29",,,,,,,,
ncaab:400917615,ncaab,2017-02-04T00:00Z,final,2520,314,Rider,Iona,76,95,,,,0,,,,,,,,,,2,,0,Lawrenceville,NJ,1,37,,,,-5.0,"31,45","45,50",,,,,,,,
ncaab:400917616,ncaab,2017-02-04T00:00Z,final,2405,2612,Monmouth,Saint Peter's,71,70,,,,0,,,,,,,,,,2,,0,West Long Branch,NJ,1,9,,,,-5.0,"29,31,11","29,31,10",,,,,,,,
ncaab:400918274,ncaab,2017-02-04T00:00Z,final,2166,227,Davidson,Rhode Island,59,70,,,,0,,,,,,,,,,2,,0,Davidson,NC,1,256,,,,-5.0,"33,26","34,36",,,,,,,,
ncaab:400919268,ncaab,2017-02-04T00:00Z,final,172,225,Cornell,Brown,70,81,,,,0,,,,,,,,,,2,,0,Ithaca,NY,1,125,,,,-5.0,"26,44","35,46",,,,,,,,
ncaab:400919288,ncaab,2017-02-04T00:00Z,final,171,43,Columbia,Yale,78,87,,,,0,,,,,,,,,,2,,0,New York,NY,1,10,,,,-5.0,"40,38","38,49",,,,,,,,
ncaab:400919315,ncaab,2017-02-04T00:00Z,final,159,163,Dartmouth,Princeton,64,69,,,,0,,,,,,,,,,2,,0,Hanover,NH,1,162,,,,-5.0,"33,31","32,37",,,,,,,,
ncaab:400919325,ncaab,2017-02-04T00:00Z,final,108,219,Harvard,Penn,69,59,,,,0,,,,,,,,,,2,,0,Cambridge,MA,1,5,,,,-5.0,"34,35","37,22",,,,,,,,
ncaab:400917155,ncaab,2017-02-04T02:00Z,final,2050,2084,Ball State,Buffalo,69,96,,,,0,,,,,,,,,,2,,0,Muncie,IN,1,284,,,,-5.0,"38,31","44,52",,,,,,,,
ncaab:400919224,ncaab,2017-02-04T16:00Z,final,161,2681,FDU,Wagner,59,68,,,,0,,,,,,,,,,2,,0,Hackensack,NJ,1,6,,,,-5.0,"23,36","23,45",,,,,,,,
ncaab:400915035,ncaab,2017-02-04T17:00Z,final,120,2509,Maryland,Purdue,72,73,,,,0,,,,,,,,,,2,,0,College Park,MD,1,21,,,,-5.0,"36,36","34,39",,,,,,,,
ncaab:400915418,ncaab,2017-02-04T17:00Z,final,183,258,Syracuse,Virginia,66,62,,,,0,,,,,,,,,,2,,0,Syracuse,NY,1,121,,,,-5.0,"22,44","34,28",,,,,,,,
ncaab:400916805,ncaab,2017-02-04T17:00Z,final,2241,2344,Gardner-Webb,Longwood,90,64,,,,0,,,,,,,,,,2,,0,Boiling Springs,NC,1,269,,,,-5.0,"45,45","28,36",,,,,,,,
ncaab:400917154,ncaab,2017-02-04T17:00Z,final,195,2006,Ohio,Akron,85,70,,,,0,,,,,,,,,,2,,0,Athens,OH,1,219,,,,-5.0,"32,53","27,43",,,,,,,,
ncaab:400919707,ncaab,2017-02-04T17:00Z,final,46,2550,Georgetown,Seton Hall,66,68,,,,0,,,,,,,,,,2,,0,Washington,DC,1,7,,,,-5.0,"32,31,3","36,27,5",,,,,,,,
ncaab:400918311,ncaab,2017-02-04T17:30Z,final,2168,2184,Dayton,Duquesne,90,53,,,,0,,,,,,,,,,2,,0,Dayton,OH,1,225,,,,-5.0,"44,46","25,28",,,,,,,,
ncaab:400911038,ncaab,2017-02-04T18:00Z,final,2628,251,TCU,Texas,78,63,,,,0,,,,,,,,,,2,,0,Fort Worth,TX,1,199,,,,-6.0,"38,40","35,28",,,,,,,,
ncaab:400915178,ncaab,2017-02-04T18:00Z,final,213,164,Penn State,Rutgers,68,70,,,,0,,,,,,,,,,2,,0,University Park,PA,1,348,,,,-5.0,"29,39","35,35",,,,,,,,
ncaab:400915419,ncaab,2017-02-04T18:00Z,final,150,221,Duke,Pitt,72,64,,,,0,,,,,,,,,,2,,0,Durham,NC,1,123,,,,-5.0,"28,44","28,36",,,,,,,,
ncaab:400916959,ncaab,2017-02-04T18:00Z,final,2643,231,The Citadel,Furman,91,99,,,,0,,,,,,,,,,2,,0,Charleston,SC,1,6,,,,-5.0,"40,51","57,42",,,,,,,,
ncaab:400918528,ncaab,2017-02-04T18:00Z,final,2739,2674,Green Bay,Valparaiso,86,69,,,,0,,,,,,,,,,2,,0,Ashwaubenon,WI,1,185,,,,-6.0,"43,43","34,35",,,,,,,,
ncaab:400918696,ncaab,2017-02-04T18:00Z,final,311,2378,Maine,UMBC,71,83,,,,0,,,,,,,,,,2,,0,Bangor,ME,1,36,,,,-5.0,"37,34","40,43",,,,,,,,
ncaab:400919097,ncaab,2017-02-04T18:00Z,final,44,2329,American,Lehigh,55,70,,,,0,,,,,,,,,,2,,0,Washington,DC,1,7,,,,-5.0,"26,29","30,40",,,,,,,,
ncaab:400910674,ncaab,2017-02-04T19:00Z,final,2579,61,South Carolina,Georgia,77,75,,,,0,,,,,,,,,,2,,0,Columbia,SC,1,89,,,,-5.0,"38,39","38,37",,,,,,,,
ncaab:400916230,ncaab,2017-02-04T19:00Z,final,2305,66,Kansas,Iowa State,89,92,,,,0,,,,,,,,,,2,,0,Lawrence,KS,1,263,,,,-6.0,"52,30,7","38,44,10",,,,,,,,
ncaab:400916613,ncaab,2017-02-04T19:00Z,final,151,2655,East Carolina,Tulane,74,65,,,,0,,,,,,,,,,2,,0,Greenville,NC,1,18,,,,-5.0,"43,31","31,34",,,,,,,,
ncaab:400916803,ncaab,2017-02-04T19:00Z,final,2737,2097,Winthrop,Campbell,76,62,,,,0,,,,,,,,,,2,,0,Rock Hill,SC,1,207,,,,-5.0,"32,44","24,38",,,,,,,,
ncaab:400918149,ncaab,2017-02-04T19:00Z,final,2350,79,Loyola Chicago,S Illinois,61,67,,,,0,,,,,,,,,,2,,0,Chicago,IL,1,179,,,,-6.0,"28,33","28,39",,,,,,,,
ncaab:400918168,ncaab,2017-02-04T19:00Z,final,2460,282,Northern Iowa,Indiana St,65,60,,,,0,,,,,,,,,,2,,0,Cedar Falls,IA,1,268,,,,-6.0,"27,38","26,34",,,,,,,,
ncaab:400918247,ncaab,2017-02-04T19:00Z,final,71,2181,Bradley,Drake,79,72,,,,0,,,,,,,,,,2,,0,Peoria,IL,1,153,,,,-6.0,"41,38","23,49",,,,,,,,
ncaab:400918491,ncaab,2017-02-04T19:00Z,final,325,2473,Cleveland St,Oakland,51,53,,,,0,,,,,,,,,,2,,0,Cleveland,OH,1,199,,,,-5.0,"29,22","30,23",,,,,,,,
ncaab:400918652,ncaab,2017-02-04T19:00Z,final,2349,2066,UMass Lowell,Binghamton,60,59,,,,0,,,,,,,,,,2,,0,Lowell,MA,1,36,,,,-5.0,"24,36","31,28",,,,,,,,
ncaab:400919096,ncaab,2017-02-04T19:00Z,final,2142,2426,Colgate,Navy,55,52,,,,0,,,,,,,,,,2,,0,Hamilton,NY,1,181,,,,-5.0,"31,24","23,29",,,,,,,,
ncaab:400919098,ncaab,2017-02-04T19:00Z,final,2352,349,Loyola MD,Army,78,63,,,,0,,,,,,,,,,2,,0,Baltimore,MD,1,10,,,,-5.0,"34,44","25,38",,,,,,,,
ncaab:400919708,ncaab,2017-02-04T19:00Z,final,305,269,DePaul,Marquette,79,92,,,,0,,,,,,,,,,2,,0,Rosemont,IL,1,194,,,,-6.0,"36,43","44,48",,,,,,,,
ncaab:400916064,ncaab,2017-02-04T19:15Z,final,2247,309,Georgia St,Louisiana,85,82,,,,0,,,,,,,,,,2,,0,Atlanta,GA,1,320,,,,-5.0,"52,33","37,45",,,,,,,,
ncaab:400918371,ncaab,2017-02-04T19:30Z,final,257,45,Richmond,G Washington,84,75,,,,0,,,,,,,,,,2,,0,Richmond,VA,1,64,,,,-5.0,"46,38","34,41",,,,,,,,
ncaab:400910772,ncaab,2017-02-04T20:00Z,final,238,145,Vanderbilt,Ole Miss,74,81,,,,0,,,,,,,,,,2,,0,Nashville,TN,1,170,,,,-6.0,"32,42","27,54",,,,,,,,
ncaab:400915420,ncaab,2017-02-04T20:00Z,final,103,97,Boston College,Louisville,67,90,,,,0,,,,,,,,,,2,,0,Chestnut Hill,MA,1,60,,,,-5.0,"30,37","39,51",,,,,,,,
ncaab:400915421,ncaab,2017-02-04T20:00Z,final,152,2390,NC State,Miami,79,84,,,,0,,,,,,,,,,2,,0,Raleigh,NC,1,96,,,,-5.0,"45,34","36,48",,,,,,,,
ncaab:400915422,ncaab,2017-02-04T20:00Z,final,154,59,Wake Forest,Georgia Tech,81,69,,,,0,,,,,,,,,,2,,0,Winston-Salem,NC,1,293,,,,-5.0,"37,44","31,38",,,,,,,,
ncaab:400916231,ncaab,2017-02-04T20:00Z,final,239,2306,Baylor,Kansas St,54,56,,,,0,,,,,,,,,,2,,0,Waco,TX,1,143,,,,-6.0,"22,32","37,19",,,,,,,,
ncaab:400916418,ncaab,2017-02-04T20:00Z,final,155,2458,North Dakota,N Colorado,87,77,,,,0,,,,,,,,,,2,,0,Grand Forks,ND,1,253,,,,-6.0,"35,34,18","37,32,8",,,,,,,,
ncaab:400917968,ncaab,2017-02-04T20:00Z,final,2449,233,N Dakota St,South Dakota,66,76,,,,0,,,,,,,,,,2,,0,Fargo,ND,1,276,,,,-6.0,"23,43","38,38",,,,,,,,
ncaab:400918544,ncaab,2017-02-04T20:00Z,final,270,82,Milwaukee,UIC,100,105,,,,0,,,,,,,,,,2,,0,Milwaukee,WI,1,188,,,,-6.0,"37,48,15","44,41,20",,,,,,,,
ncaab:400919465,ncaab,2017-02-04T20:00Z,final,249,242,North Texas,Rice,80,95,,,,0,,,,,,,,,,2,,0,Denton,TX,1,201,,,,-6.0,"39,41","50,45",,,,,,,,
ncaab:400919709,ncaab,2017-02-04T20:00Z,final,156,2752,Creighton,Xavier,80,82,,,,0,,,,,,,,,,2,,0,Omaha,NE,1,323,,,,-6.0,"43,37","34,48",,,,,,,,
ncaab:400910736,ncaab,2017-02-04T20:30Z,final,344,2633,Mississippi St,Tennessee,64,59,,,,0,,,,,,,,,,2,,0,Starkville,MS,1,101,,,,-6.0,"21,43","33,26",,,,,,,,
ncaab:400919228,ncaab,2017-02-04T20:30Z,final,2529,2803,Sacred Heart,Bryant,73,70,,,,0,,,,,,,,,,2,,0,Fairfield,CT,1,4,,,,-8.0,"35,26,12","26,35,9",,,,,,,,
ncaab:400921259,ncaab,2017-02-04T20:30Z,final,193,2309,Miami OH,Kent State,62,66,,,,0,,,,,,,,,,2,,0,Oxford,OH,1,283,,,,-5.0,"26,36","37,29",,,,,,,,
ncaab:400914966,ncaab,2017-02-04T21:00Z,final,356,135,Illinois,Minnesota,59,68,,,,0,,,,,,,,,,2,,0,Champaign,IL,1,225,,,,-6.0,"35,24","35,33",,,,,,,,
ncaab:400915658,ncaab,2017-02-04T21:00Z,final,2483,12,Oregon,Arizona,85,58,,,,0,,,,,,,,,,2,,0,Eugene,OR,1,131,,,,-8.0,"38,47","18,40",,,,,,,,
ncaab:400916616,ncaab,2017-02-04T21:00Z,final,2132,41,Cincinnati,UConn,82,68,,,,0,,,,,,,,,,2,,0,Cincinnati,OH,1,191,,,,-5.0,"34,48","26,42",,,,,,,,
ncaab:400916958,ncaab,2017-02-04T21:00Z,final,2535,2430,Samford,UNC Greensboro,75,81,,,,0,,,,,,,,,,2,,0,Homewood,AL,1,203,,,,-6.0,"34,41","36,45",,,,,,,,
ncaab:400917157,ncaab,2017-02-04T21:00Z,final,189,2649,Bowling Green,Toledo,104,100,,,,0,,,,,,,,,,2,,0,Bowling Green,OH,1,212,,,,-5.0,"39,36,14,15","43,32,14,11",,,,,,,,
ncaab:400918186,ncaab,2017-02-04T21:00Z,final,339,2623,Evansville,Missouri St,74,66,,,,0,,,,,,,,,,2,,0,Evansville,IN,1,118,,,,-6.0,"30,44","26,40",,,,,,,,
ncaab:400918472,ncaab,2017-02-04T21:00Z,final,179,2670,St Bonaventure,VCU,77,83,,,,0,,,,,,,,,,2,,0,Saint Bonaventure,NY,1,435,,,,-5.0,"29,37,11","30,36,17",,,,,,,,
ncaab:400919226,ncaab,2017-02-04T21:00Z,final,2597,2523,St Francis BK,Robert Morris,54,78,,,,0,,,,,,,,,,2,,0,Brooklyn,NY,1,15,,,,-5.0,"31,23","44,34",,,,,,,,
ncaab:400919227,ncaab,2017-02-04T21:00Z,final,116,2115,Mount St Marys,C Connecticut,52,54,,,,0,,,,,,,,,,2,,0,Emmitsburg,MD,1,133,,,,-5.0,"31,21","28,26",,,,,,,,
ncaab:400919515,ncaab,2017-02-04T21:00Z,final,2636,5,UTSA,UAB,82,67,,,,0,,,,,,,,,,2,,0,San Antonio,TX,1,198,,,,-6.0,"44,38","33,34",,,,,,,,
ncaab:400919770,ncaab,2017-02-04T21:00Z,final,256,111,James Madison,Northeastern,73,69,,,,0,,,,,,,,,,2,,0,Harrisonburg,VA,1,404,,,,-5.0,"39,34","34,35",,,,,,,,
ncaab:400919797,ncaab,2017-02-04T21:00Z,final,119,2729,Towson,William & Mary,82,80,,,,0,,,,,,,,,,2,,0,Towson,MD,1,141,,,,-5.0,"33,49","46,34",,,,,,,,
ncaab:400919812,ncaab,2017-02-04T21:00Z,final,2005,2751,Air Force,Wyoming,74,83,,,,0,,,,,,,,,,2,,0,Colorado Springs,CO,1,1832,,,,-7.0,"36,38","47,36",,,,,,,,
ncaab:400920371,ncaab,2017-02-04T21:00Z,final,2065,2169,Bethune,Delaware St,82,88,,,,0,,,,,,,,,,2,,0,Daytona Beach,FL,1,4,,,,-5.0,"36,35,11","32,39,17",,,,,,,,
ncaab:400920498,ncaab,2017-02-04T21:00Z,final,2415,2428,Morgan St,NC Central,62,68,,,,0,,,,,,,,,,2,,0,Baltimore,MD,1,10,,,,-5.0,"23,39","31,37",,,,,,,,
ncaab:400920526,ncaab,2017-02-04T21:00Z,final,2569,2450,SC State,Norfolk St,62,65,,,,0,,,,,,,,,,2,,0,Orangeburg,SC,1,74,,,,-5.0,"37,25","30,35",,,,,,,,
ncaab:400916417,ncaab,2017-02-04T21:05Z,final,331,2502,E Washington,Portland St,130,124,,,,0,,,,,,,,,,2,,0,Cheney,WA,1,717,,,,-8.0,"39,47,11,13,20","26,60,11,13,14",,,,,,,,
ncaab:400917832,ncaab,2017-02-04T21:15Z,final,2197,2635,E Illinois,Tennessee Tech,68,87,,,,0,,,,,,,,,,2,,0,Charleston,IL,1,204,,,,-6.0,"30,38","45,42",,,,,,,,
ncaab:400915656,ncaab,2017-02-04T21:30Z,final,24,254,Stanford,Utah,81,75,,,,0,,,,,,,,,,2,,0,Stanford,CA,1,23,,,,-8.0,"32,49","31,44",,,,,,,,
ncaab:400916956,ncaab,2017-02-04T21:30Z,final,2382,2747,Mercer,Wofford,62,65,,,,0,,,,,,,,,,2,,0,Macon,GA,1,112,,,,-5.0,"26,36","28,37",,,,,,,,
ncaab:400917156,ncaab,2017-02-04T21:30Z,final,2459,2199,N Illinois,E Michigan,81,69,,,,0,,,,,,,,,,2,,0,Dekalb,IL,1,268,,,,-6.0,"40,41","33,36",,,,,,,,
ncaab:400918854,ncaab,2017-02-04T21:30Z,final,338,2908,Kennesaw St,SC Upstate,84,79,,,,0,,,,,,,,,,2,,0,Kennesaw,GA,1,332,,,,-5.0,"38,46","28,51",,,,,,,,
ncaab:400919225,ncaab,2017-02-04T21:30Z,final,112358,2598,Long Island,Saint Francis,78,80,,,,0,,,,,,,,,,2,,0,Brooklyn,NY,1,15,,,,-5.0,"41,37","34,46",,,,,,,,
ncaab:400922165,ncaab,2017-02-04T21:30Z,final,2466,2617,N'Western St,SF Austin,73,75,,,,0,,,,,,,,,,2,,0,Natchitoches,LA,1,36,,,,-6.0,"35,30,8","37,28,10",,,,,,,,
ncaab:400916068,ncaab,2017-02-04T22:00Z,final,290,2433,GA Southern,UL Monroe,76,62,,,,0,,,,,,,,,,2,,0,Statesboro,GA,1,77,,,,-5.0,"44,32","27,35",,,,,,,,
ncaab:400916232,ncaab,2017-02-04T22:00Z,final,277,197,West Virginia,Oklahoma St,75,82,,,,0,,,,,,,,,,2,,0,Morgantown,WV,1,271,,,,-5.0,"44,31","40,42",,,,,,,,
ncaab:400916614,ncaab,2017-02-04T22:00Z,final,2116,235,UCF,Memphis,72,57,,,,0,,,,,,,,,,2,,0,Orlando,FL,1,30,,,,-5.0,"43,29","26,31",,,,,,,,
ncaab:400916957,ncaab,2017-02-04T22:00Z,final,236,2717,Chattanooga,W Carolina,77,65,,,,0,,,,,,,,,,2,,0,Chattanooga,TN,1,206,,,,-5.0,"35,42","31,34",,,,,,,,
ncaab:400917835,ncaab,2017-02-04T22:00Z,final,2565,55,SIUE,Jax State,61,72,,,,0,,,,,,,,,,2,,0,Edwardsville,IL,1,165,,,,-6.0,"21,40","29,43",,,,,,,,
ncaab:400918814,ncaab,2017-02-04T22:00Z,final,288,2885,Lipscomb,NJIT,87,63,,,,0,,,,,,,,,,2,,0,Nashville,TN,1,170,,,,-6.0,"34,53","23,40",,,,,,,,
ncaab:400919505,ncaab,2017-02-04T22:00Z,final,2572,98,Southern Miss,Western KY,47,64,,,,0,,,,,,,,,,2,,0,Hattiesburg,MS,1,52,,,,-6.0,"20,27","37,27",,,,,,,,
ncaab:400919574,ncaab,2017-02-04T22:00Z,final,232,2210,Charleston,Elon,71,58,,,,0,,,,,,,,,,2,,0,Charleston,SC,1,6,,,,-5.0,"22,49","28,30",,,,,,,,
ncaab:400921979,ncaab,2017-02-04T22:00Z,final,2000,2534,Abilene Chrstn,Sam Houston,71,64,,,,0,,,,,,,,,,2,,0,Abilene,TX,1,524,,,,-6.0,"27,44","19,45",,,,,,,,
ncaab:400922036,ncaab,2017-02-04T22:00Z,final,2110,2545,C Arkansas,SE Louisiana,68,66,,,,0,,,,,,,,,,2,,0,Conway,AR,1,95,,,,-6.0,"33,35","37,29",,,,,,,,
ncaab:400916069,ncaab,2017-02-04T22:15Z,final,2653,6,Troy,South Alabama,71,76,,,,0,,,,,,,,,,2,,0,Troy,AL,1,165,,,,-6.0,"33,38","32,44",,,,,,,,
ncaab:400917834,ncaab,2017-02-04T22:15Z,final,2546,2413,SE Missouri,Morehead St,81,89,,,,0,,,,,,,,,,2,,0,Cape Girardeau,MO,1,108,,,,-6.0,"35,46","42,47",,,,,,,,
ncaab:400916065,ncaab,2017-02-04T22:30Z,final,250,326,UT Arlington,Texas St,76,61,,,,0,,,,,,,,,,2,,0,Arlington,TX,1,184,,,,-6.0,"39,37","30,31",,,,,,,,
ncaab:400916804,ncaab,2017-02-04T22:30Z,final,2127,2506,Charleston So,Presbyterian,71,65,,,,0,,,,,,,,,,2,,0,Charleston,SC,1,6,,,,-5.0,"31,28,12","23,36,6",,,,,,,,
ncaab:400917970,ncaab,2017-02-04T22:30Z,final,2571,198,S Dakota St,Oral Roberts,74,67,,,,0,,,,,,,,,,2,,0,Brookings,SD,1,494,,,,-6.0,"23,51","33,34",,,,,,,,
ncaab:400922113,ncaab,2017-02-04T22:30Z,final,2320,2377,Lamar,McNeese,77,57,,,,0,,,,,,,,,,2,,0,Beaumont,TX,1,5,,,,-6.0,"44,33","18,39",,,,,,,,
ncaab:400910596,ncaab,2017-02-04T23:00Z,final,142,8,Missouri,Arkansas,83,78,,,,0,,,,,,,,,,2,,0,Columbia,MO,1,215,,,,-6.0,"47,36","34,44",,,,,,,,
ncaab:400915055,ncaab,2017-02-04T23:00Z,final,130,194,Michigan,Ohio State,66,70,,,,0,,,,,,,,,,2,,0,Ann Arbor,MI,1,269,,,,-5.0,"35,31","36,34",,,,,,,,
ncaab:400915423,ncaab,2017-02-04T23:00Z,void,153,87,North Carolina,Notre Dame,,,,,,0,,,,,,,,,,2,,0,Chapel Hill,NC,1,148,,,,-5.0,,,,,,,,,,
ncaab:400915657,ncaab,2017-02-04T23:00Z,final,204,9,Oregon St,Arizona St,68,81,,,,0,,,,,,,,,,2,,0,Corvallis,OR,1,71,,,,-8.0,"25,43","44,37",,,,,,,,
ncaab:400917969,ncaab,2017-02-04T23:00Z,final,2172,2870,Denver,Purdue FW,76,73,,,,0,,,,,,,,,,2,,0,Denver,CO,1,1609,,,,-7.0,"35,34,7","29,40,4",,,,,,,,
ncaab:400918353,ncaab,2017-02-04T23:00Z,final,2603,2230,Saint Joseph's,Fordham,83,86,,,,0,,,,,,,,,,2,,0,Philadelphia,PA,1,12,,,,-5.0,"35,29,11,8","30,34,11,11",,,,,,,,
ncaab:400919303,ncaab,2017-02-04T23:00Z,final,172,43,Cornell,Yale,71,78,,,,0,,,,,,,,,,2,,0,Ithaca,NY,1,125,,,,-5.0,"36,35","36,42",,,,,,,,
ncaab:400919848,ncaab,2017-02-04T23:00Z,final,2439,36,UNLV,Colorado St,49,69,,,,0,,,,,,,,,,2,,0,Las Vegas,NV,1,610,,,,-8.0,"24,25","31,38",,,,,,,,
ncaab:400919910,ncaab,2017-02-04T23:00Z,final,167,23,New Mexico,San José St,68,78,,,,0,,,,,,,,,,2,,0,Albuquerque,NM,1,1511,,,,-7.0,"35,33","35,43",,,,,,,,
ncaab:400920441,ncaab,2017-02-04T23:00Z,final,2542,2261,Savannah St,Hampton,89,92,,,,0,,,,,,,,,,2,,0,Savannah,GA,1,6,,,,-5.0,"31,58","41,51",,,,,,,,
ncaab:400920454,ncaab,2017-02-04T23:00Z,final,50,47,Florida A&M,Howard,71,62,,,,0,,,,,,,,,,2,,0,Tallahassee,FL,1,62,,,,-5.0,"32,39","19,43",,,,,,,,
ncaab:400922222,ncaab,2017-02-04T23:00Z,final,2011,2029,Alabama St,AR-Pine Bluff,77,65,,,,0,,,,,,,,,,2,,0,Montgomery,AL,1,73,,,,-6.0,"31,46","31,34",,,,,,,,
ncaab:400922205,ncaab,2017-02-04T23:30Z,final,2016,2296,Alcorn St,Jackson St,69,58,,,,0,,,,,,,,,,2,,0,Lorman,MS,1,66,,,,-6.0,"25,44","26,32",,,,,,,,
ncaab:400922240,ncaab,2017-02-04T23:30Z,final,2582,2755,Southern,Grambling,67,66,,,,0,,,,,,,,,,2,,0,Baton Rouge,LA,1,14,,,,-6.0,"39,28","26,40",,,,,,,,
ncaab:400915860,ncaab,2017-02-05T00:00Z,final,301,2608,San Diego,Saint Mary's,27,71,,,,0,,,,,,,,,,2,,0,San Diego,CA,1,20,,,,-8.0,"9,18","32,39",,,,,,,,
ncaab:400916066,ncaab,2017-02-05T00:00Z,final,2031,324,Little Rock,Coastal,75,82,,,,0,,,,,,,,,,2,,0,Little Rock,AR,1,102,,,,-6.0,"34,41","31,51",,,,,,,,
ncaab:400916233,ncaab,2017-02-05T00:00Z,final,2641,201,Texas Tech,Oklahoma,77,69,,,,0,,,,,,,,,,2,,0,Lubbock,TX,1,976,,,,-6.0,"36,41","29,40",,,,,,,,
ncaab:400916615,ncaab,2017-02-05T00:00Z,final,202,2567,Tulsa,SMU,53,76,,,,0,,,,,,,,,,2,,0,Tulsa,OK,1,220,,,,-6.0,"19,34","28,48",,,,,,,,
ncaab:400916806,ncaab,2017-02-05T00:00Z,final,2272,2427,High Point,UNC Asheville,71,74,,,,0,,,,,,,,,,2,,0,High Point,NC,1,281,,,,-5.0,"34,37","32,42",,,,,,,,
ncaab:400916807,ncaab,2017-02-05T00:00Z,final,2335,2515,Liberty,Radford,57,54,,,,0,,,,,,,,,,2,,0,Lynchburg,VA,1,192,,,,-5.0,"31,26","34,20",,,,,,,,
ncaab:400917617,ncaab,2017-02-05T00:00Z,final,2514,315,Quinnipiac,Niagara,89,81,,,,0,,,,,,,,,,2,,0,Hamden,CT,1,31,,,,-5.0,"48,41","26,55",,,,,,,,
ncaab:400917618,ncaab,2017-02-05T00:00Z,final,2561,2099,Siena,Canisius,73,80,,,,0,,,,,,,,,,2,,0,Albany,NY,1,45,,,,-5.0,"32,41","47,33",,,,,,,,
ncaab:400917619,ncaab,2017-02-05T00:00Z,final,2363,2368,Manhattan,Marist,68,67,,,,0,,,,,,,,,,2,,0,Riverdale,NY,1,159,,,,-8.0,"31,37","22,45",,,,,,,,
ncaab:400917833,ncaab,2017-02-05T00:00Z,final,2630,2198,UT Martin,E Kentucky,85,68,,,,0,,,,,,,,,,2,,0,Martin,TN,1,124,,,,-6.0,"33,52","39,29",,,,,,,,
ncaab:400918390,ncaab,2017-02-05T00:00Z,final,2244,2325,George Mason,La Salle,95,75,,,,0,,,,,,,,,,2,,0,Fairfax,VA,1,131,,,,-5.0,"47,48","35,40",,,,,,,,
ncaab:400918511,ncaab,2017-02-05T00:00Z,final,2754,2174,Youngstown St,Detroit Mercy,80,90,,,,0,,,,,,,,,,2,,0,Youngstown,OH,1,259,,,,-5.0,"35,45","38,52",,,,,,,,
ncaab:400918573,ncaab,2017-02-05T00:00Z,final,2750,94,Wright St,N Kentucky,79,83,,,,0,,,,,,,,,,2,,0,Dayton,OH,1,225,,,,-5.0,"39,40","35,48",,,,,,,,
ncaab:400918622,ncaab,2017-02-05T00:00Z,final,399,2619,UAlbany,Stony Brook,65,72,,,,0,,,,,,,,,,2,,0,Albany,NY,1,45,,,,-5.0,"30,35","29,43",,,,,,,,
ncaab:400918672,ncaab,2017-02-05T00:00Z,final,42,261,Hartford,Vermont,66,79,,,,0,,,,,,,,,,2,,0,West Hartford,CT,1,40,,,,-5.0,"26,40","40,39",,,,,,,,
ncaab:400918779,ncaab,2017-02-05T00:00Z,final,294,526,Jacksonville,FGCU,57,67,,,,0,,,,,,,,,,2,,0,Jacksonville,FL,1,5,,,,-5.0,"28,29","40,27",,,,,,,,
ncaab:400918840,ncaab,2017-02-05T00:00Z,final,2454,56,North Florida,Stetson,96,64,,,,0,,,,,,,,,,2,,0,Jacksonville,FL,1,5,,,,-5.0,"43,53","38,26",,,,,,,,
ncaab:400919269,ncaab,2017-02-05T00:00Z,final,171,225,Columbia,Brown,83,78,,,,0,,,,,,,,,,2,,0,New York,NY,1,10,,,,-5.0,"47,36","28,50",,,,,,,,
ncaab:400919316,ncaab,2017-02-05T00:00Z,final,159,219,Dartmouth,Penn,74,71,,,,0,,,,,,,,,,2,,0,Hanover,NH,1,162,,,,-5.0,"33,41","31,40",,,,,,,,
ncaab:400919326,ncaab,2017-02-05T00:00Z,final,108,163,Harvard,Princeton,56,57,,,,0,,,,,,,,,,2,,0,Cambridge,MA,1,5,,,,-5.0,"24,32","30,27",,,,,,,,
ncaab:400919357,ncaab,2017-02-05T00:00Z,final,2429,2229,Charlotte,FIU,95,80,,,,0,,,,,,,,,,2,,0,Charlotte,NC,1,229,,,,-5.0,"43,52","33,47",,,,,,,,
ncaab:400919376,ncaab,2017-02-05T00:00Z,final,295,2226,Old Dominion,FAU,61,65,,,,0,,,,,,,,,,2,,0,Norfolk,VA,1,2,,,,-5.0,"27,34","19,46",,,,,,,,
ncaab:400919420,ncaab,2017-02-05T00:00Z,final,2348,276,Louisiana Tech,Marshall,94,90,,,,0,,,,,,,,,,2,,0,Ruston,LA,1,102,,,,-6.0,"48,46","52,38",,,,,,,,
ncaab:400919595,ncaab,2017-02-05T00:00Z,final,350,48,UNC Wilmington,Delaware,108,80,,,,0,,,,,,,,,,2,,0,Wilmington,NC,1,9,,,,-5.0,"54,54","37,43",,,,,,,,
ncaab:400919611,ncaab,2017-02-05T00:00Z,final,2275,2182,Hofstra,Drexel,79,77,,,,0,,,,,,,,,,2,,0,Hempstead,NY,1,17,,,,-5.0,"34,45","37,40",,,,,,,,
ncaab:400919880,ncaab,2017-02-05T00:00Z,final,278,21,Fresno St,San Diego St,67,70,,,,0,,,,,,,,,,2,,0,Fresno,CA,1,94,,,,-8.0,"26,41","27,43",,,,,,,,
ncaab:400922251,ncaab,2017-02-05T00:00Z,final,2010,2400,Alabama A&M,Miss Valley St,66,68,,,,0,,,,,,,,,,2,,0,Normal,AL,1,220,,,,-6.0,"26,40","31,37",,,,,,,,
ncaab:400922144,ncaab,2017-02-05T00:15Z,final,2443,2447,LSU N Orleans,Nicholls,78,69,,,,0,,,,,,,,,,2,,0,New Orleans,LA,1,0,,,,-6.0,"37,41","37,32",,,,,,,,
ncaab:400917831,ncaab,2017-02-05T00:30Z,final,2046,2634,Austin Peay,Tennessee St,66,70,,,,0,,,,,,,,,,2,,0,Clarksville,TN,1,145,,,,-6.0,"31,35","34,36",,,,,,,,
ncaab:400925407,ncaab,2017-02-05T00:30Z,final,2379,2154,MD Eastern,Coppin St,78,57,,,,0,,,,,,,,,,2,,0,Princess Anne,MD,1,5,,,,-5.0,"40,38","23,34",,,,,,,,
ncaab:400915659,ncaab,2017-02-05T01:00Z,final,265,30,Washington St,USC,77,86,,,,0,,,,,,,,,,2,,0,Pullman,WA,1,717,,,,-8.0,"33,44","38,48",,,,,,,,
ncaab:400915861,ncaab,2017-02-05T01:00Z,final,2492,279,Pepperdine,Pacific,82,72,,,,0,,,,,,,,,,2,,0,Malibu,CA,1,32,,,,-8.0,"34,48","23,49",,,,,,,,
ncaab:400916067,ncaab,2017-02-05T01:00Z,final,2032,2026,Arkansas St,App State,79,78,,,,0,,,,,,,,,,2,,0,Jonesboro,AR,1,99,,,,-6.0,"37,42","39,39",,,,,,,,
ncaab:400917971,ncaab,2017-02-05T01:00Z,final,2710,2437,W Illinois,Omaha,67,79,,,,0,,,,,,,,,,2,,0,Macomb,IL,1,215,,,,-6.0,"31,36","36,43",,,,,,,,
ncaab:400918080,ncaab,2017-02-05T01:00Z,final,292,140,UT Rio Grande,Kansas City,60,73,,,,0,,,,,,,,,,2,,0,Edinburg,TX,1,30,,,,-6.0,"42,18","31,42",,,,,,,,
ncaab:400918125,ncaab,2017-02-05T01:00Z,final,2724,2287,Wichita St,Illinois St,86,45,,,,0,,,,,,,,,,2,,0,Wichita,KS,1,396,,,,-6.0,"35,51","22,23",,,,,,,,
ncaab:400918465,ncaab,2017-02-05T01:00Z,final,139,2448,Saint Louis,NC A&T,78,59,,,,0,,,,,,,,,,2,,0,St. Louis,MO,1,142,,,,-6.0,"41,37","31,28",,,,,,,,
ncaab:400919450,ncaab,2017-02-05T01:00Z,final,2638,2393,UTEP,MTSU,57,54,,,,0,,,,,,,,,,2,,0,El Paso,TX,1,1133,,,,-7.0,"16,41","27,27",,,,,,,,
ncaab:400919710,ncaab,2017-02-05T01:00Z,final,222,2599,Villanova,St John's,92,79,,,,0,,,,,,,,,,2,,0,Philadelphia,PA,1,12,,,,-5.0,"46,46","28,51",,,,,,,,
ncaab:400919830,ncaab,2017-02-05T01:00Z,final,68,328,Boise St,Utah State,72,70,,,,0,,,,,,,,,,2,,0,Boise,ID,1,823,,,,-7.0,"33,39","33,37",,,,,,,,
ncaab:400922055,ncaab,2017-02-05T01:00Z,final,2277,2916,Hou Christian,Incarnate Word,84,70,,,,0,,,,,,,,,,2,,0,Houston,TX,1,12,,,,-6.0,"38,46","35,35",,,,,,,,
ncaab:400910650,ncaab,2017-02-05T01:15Z,final,57,96,Florida,Kentucky,88,66,,,,0,,,,,,,,,,2,,0,Gainesville,FL,1,54,,,,-5.0,"34,54","26,40",,,,,,,,
ncaab:400910560,ncaab,2017-02-05T01:30Z,final,333,2,Alabama,Auburn,77,82,,,,0,,,,,,,,,,2,,0,Tuscaloosa,AL,1,68,,,,-6.0,"39,38","41,41",,,,,,,,
ncaab:400922262,ncaab,2017-02-05T01:30Z,final,2640,2504,Texas Southern,Prairie View,74,61,,,,0,,,,,,,,,,2,,0,Houston,TX,1,12,,,,-6.0,"34,40","29,32",,,,,,,,
ncaab:400910718,ncaab,2017-02-05T02:00Z,final,99,245,LSU,Texas A&M,73,85,,,,0,,,,,,,,,,2,,0,Baton Rouge,LA,1,14,,,,-6.0,"25,48","34,51",,,,,,,,
ncaab:400915859,ncaab,2017-02-05T02:00Z,final,252,2501,BYU,Portland,73,62,,,,0,,,,,,,,,,2,,0,Provo,UT,1,1387,,,,-7.0,"28,45","34,28",,,,,,,,
ncaab:400916419,ncaab,2017-02-05T02:00Z,final,149,147,Montana,Montana St,90,84,,,,0,,,,,,,,,,2,,0,Missoula,MT,1,978,,,,-7.0,"30,60","29,55",,,,,,,,
ncaab:400916421,ncaab,2017-02-05T02:00Z,final,2692,2464,Weber St,N Arizona,86,80,,,,0,,,,,,,,,,2,,0,Ogden,UT,1,1311,,,,-7.0,"40,46","32,48",,,,,,,,
ncaab:400918079,ncaab,2017-02-05T02:00Z,final,2253,2934,Grand Canyon,Bakersfield,62,65,,,,0,,,,,,,,,,2,,0,Phoenix,AZ,1,331,,,,-7.0,"35,27","30,35",,,,,,,,
ncaab:400918082,ncaab,2017-02-05T02:00Z,final,166,2130,New Mexico St,Chicago St,86,51,,,,0,,,,,,,,,,2,,0,Las Cruces,NM,1,1191,,,,-7.0,"49,37","23,28",,,,,,,,
ncaab:400916422,ncaab,2017-02-05T02:05Z,final,304,253,Idaho St,Southern Utah,94,68,,,,0,,,,,,,,,,2,,0,Pocatello,ID,1,1360,,,,-7.0,"46,48","29,39",,,,,,,,
ncaab:400915862,ncaab,2017-02-05T03:00Z,final,2539,2351,San Francisco,LMU,74,64,,,,0,,,,,,,,,,2,,0,San Francisco,CA,1,16,,,,-8.0,"40,34","33,31",,,,,,,,
ncaab:400915863,ncaab,2017-02-05T03:00Z,final,2250,2541,Gonzaga,Santa Clara,90,55,,,,0,,,,,,,,,,2,,0,Spokane,WA,1,571,,,,-8.0,"37,53","23,32",,,,,,,,
ncaab:400916420,ncaab,2017-02-05T03:00Z,final,70,16,Idaho,Sacramento St,81,67,,,,0,,,,,,,,,,2,,0,Moscow,ID,1,786,,,,-8.0,"38,43","33,34",,,,,,,,
ncaab:400918081,ncaab,2017-02-05T03:00Z,final,2547,3084,Seattle U,Utah Valley,63,50,,,,0,,,,,,,,,,2,,0,Seattle,WA,1,56,,,,-8.0,"32,31","18,32",,,,,,,,
ncaab:400918881,ncaab,2017-02-05T03:00Z,final,13,27,Cal Poly,UC Riverside,56,67,,,,0,,,,,,,,,,2,,0,San Luis Obispo,CA,1,71,,,,-8.0,"28,28","25,42",,,,,,,,
ncaab:400918973,ncaab,2017-02-05T03:00Z,final,2540,302,Santa Barbara,UC Davis,64,67,,,,0,,,,,,,,,,2,,0,Santa Barbara,CA,1,15,,,,-8.0,"26,38","32,35",,,,,,,,
ncaab:400915660,ncaab,2017-02-05T03:30Z,final,264,26,Washington,UCLA,66,107,,,,0,,,,,,,,,,2,,0,Seattle,WA,1,56,,,,-8.0,"34,32","52,55",,,,,,,,
ncaab:400918918,ncaab,2017-02-05T03:30Z,final,2463,62,CSU Northridge,Hawai'i,72,76,,,,0,,,,,,,,,,2,,0,Northridge,CA,1,246,,,,-8.0,"33,39","37,39",,,,,,,,
ncaab:400918947,ncaab,2017-02-05T04:00Z,final,299,300,Long Beach St,UC Irvine,72,63,,,,0,,,,,,,,,,2,,0,Long Beach,CA,1,9,,,,-8.0,"32,40","28,35",,,,,,,,
ncaab:400919099,ncaab,2017-02-05T17:00Z,final,104,322,Boston U,Lafayette,75,58,,,,0,,,,,,,,,,2,,0,Boston,MA,1,14,,,,-5.0,"40,35","41,17",,,,,,,,
ncaab:400915424,ncaab,2017-02-05T17:30Z,final,52,228,Florida St,Clemson,109,61,,,,0,,,,,,,,,,2,,0,Tallahassee,FL,1,62,,,,-5.0,"51,58","25,36",,,,,,,,
ncaab:400914940,ncaab,2017-02-05T18:00Z,final,275,84,Wisconsin,Indiana,65,60,,,,0,,,,,,,,,,2,,0,Madison,WI,1,267,,,,-6.0,"27,38","24,36",,,,,,,,
ncaab:400916617,ncaab,2017-02-05T18:00Z,final,218,58,Temple,South Florida,83,74,,,,0,,,,,,,,,,2,,0,Philadelphia,PA,1,12,,,,-5.0,"46,37","23,51",,,,,,,,
ncaab:400941113,ncaab,2017-02-05T18:00Z,final,153,87,North Carolina,Notre Dame,83,76,,,,0,,,,,,,,,,2,,0,Greensboro,NC,1,266,,,,-5.0,"42,41","34,42",,,,,,,,
ncaab:400915013,ncaab,2017-02-05T19:00Z,final,2294,158,Iowa,Nebraska,81,70,,,,0,,,,,,,,,,2,,0,Iowa City,IA,1,204,,,,-6.0,"38,43","36,34",,,,,,,,
ncaab:400915661,ncaab,2017-02-05T21:30Z,final,25,38,California,Colorado,77,66,,,,0,,,,,,,,,,2,,0,Berkeley,CA,1,52,,,,-8.0,"41,36","26,40",,,,,,,,
ncaab:400915425,ncaab,2017-02-07T00:00Z,final,258,97,Virginia,Louisville,71,55,,,,0,,,,,,,,,,2,,0,Charlottesville,VA,1,142,,,,-5.0,"32,39","34,21",,,,,,,,
ncaab:400916070,ncaab,2017-02-07T00:00Z,final,2247,2433,Georgia St,UL Monroe,69,55,,,,0,,,,,,,,,,2,,0,Atlanta,GA,1,320,,,,-5.0,"40,29","26,29",,,,,,,,
ncaab:400916073,ncaab,2017-02-07T00:00Z,final,290,309,GA Southern,Louisiana,74,70,,,,0,,,,,,,,,,2,,0,Statesboro,GA,1,77,,,,-5.0,"40,34","38,32",,,,,,,,
ncaab:400916960,ncaab,2017-02-07T00:00Z,final,2747,2193,Wofford,ETSU,79,76,,,,0,,,,,,,,,,2,,0,Spartanburg,SC,1,246,,,,-5.0,"30,49","36,40",,,,,,,,
ncaab:400917620,ncaab,2017-02-07T00:00Z,final,2612,2099,Saint Peter's,Canisius,70,72,,,,0,,,,,,,,,,2,,0,Jersey City,NJ,1,9,,,,-5.0,"34,36","32,40",,,,,,,,
ncaab:400917621,ncaab,2017-02-07T00:00Z,final,2217,2514,Fairfield,Quinnipiac,71,73,,,,0,,,,,,,,,,2,,0,Bridgeport,CT,1,1,,,,-5.0,"42,29","32,41",,,,,,,,
ncaab:400917622,ncaab,2017-02-07T00:00Z,final,2520,2405,Rider,Monmouth,69,74,,,,0,,,,,,,,,,2,,0,Lawrenceville,NJ,1,37,,,,-5.0,"28,41","32,42",,,,,,,,
ncaab:400918623,ncaab,2017-02-07T00:00Z,final,160,399,New Hampshire,UAlbany,55,69,,,,0,,,,,,,,,,2,,0,Durham,NH,1,15,,,,-5.0,"22,33","29,40",,,,,,,,
ncaab:400918653,ncaab,2017-02-07T00:00Z,final,261,2066,Vermont,Binghamton,71,51,,,,0,,,,,,,,,,2,,0,Burlington,VT,1,61,,,,-5.0,"33,38","23,28",,,,,,,,
ncaab:400918673,ncaab,2017-02-07T00:00Z,final,311,42,Maine,Hartford,52,41,,,,0,,,,,,,,,,2,,0,Bangor,ME,1,36,,,,-5.0,"20,32","21,20",,,,,,,,
ncaab:400918714,ncaab,2017-02-07T00:00Z,final,2619,2349,Stony Brook,UMass Lowell,83,72,,,,0,,,,,,,,,,2,,0,Stony Brook,NY,1,27,,,,-5.0,"43,40","38,34",,,,,,,,
ncaab:400919100,ncaab,2017-02-07T00:00Z,final,2083,107,Bucknell,Holy Cross,82,68,,,,0,,,,,,,,,,2,,0,Lewisburg,PA,1,144,,,,-5.0,"48,34","33,35",,,,,,,,
ncaab:400920372,ncaab,2017-02-07T00:30Z,final,2065,47,Bethune,Howard,71,67,,,,0,,,,,,,,,,2,,0,Daytona Beach,FL,1,4,,,,-5.0,"34,37","35,32",,,,,,,,
ncaab:400920409,ncaab,2017-02-07T00:30Z,final,2154,2428,Coppin St,NC Central,77,86,,,,0,,,,,,,,,,2,,0,Baltimore,MD,1,10,,,,-5.0,"27,50","42,44",,,,,,,,
ncaab:400920442,ncaab,2017-02-07T00:30Z,final,2569,2261,SC State,Hampton,64,93,,,,0,,,,,,,,,,2,,0,Orangeburg,SC,1,74,,,,-5.0,"27,37","49,44",,,,,,,,
ncaab:400916072,ncaab,2017-02-07T01:00Z,final,2032,324,Arkansas St,Coastal,67,57,,,,0,,,,,,,,,,2,,0,Jonesboro,AR,1,99,,,,-6.0,"34,33","22,35",,,,,,,,
ncaab:400920428,ncaab,2017-02-07T01:00Z,final,50,2169,Florida A&M,Delaware St,77,80,,,,0,,,,,,,,,,2,,0,Tallahassee,FL,1,62,,,,-5.0,"25,41,11","30,36,14",,,,,,,,
ncaab:400920527,ncaab,2017-02-07T01:00Z,final,2542,2450,Savannah St,Norfolk St,87,92,,,,0,,,,,,,,,,2,,0,Savannah,GA,1,6,,,,-5.0,"48,39","48,44",,,,,,,,
ncaab:400922206,ncaab,2017-02-07T01:00Z,final,2016,2755,Alcorn St,Grambling,75,65,,,,0,,,,,,,,,,2,,0,Lorman,MS,1,66,,,,-6.0,"37,38","33,32",,,,,,,,
ncaab:400922223,ncaab,2017-02-07T01:30Z,final,2010,2029,Alabama A&M,AR-Pine Bluff,49,65,,,,0,,,,,,,,,,2,,0,Normal,AL,1,220,,,,-6.0,"21,28","28,37",,,,,,,,
ncaab:400922252,ncaab,2017-02-07T01:30Z,final,2011,2400,Alabama St,Miss Valley St,71,66,,,,0,,,,,,,,,,2,,0,Montgomery,AL,1,73,,,,-6.0,"32,39","30,36",,,,,,,,
ncaab:400916071,ncaab,2017-02-07T02:00Z,final,2031,2026,Little Rock,App State,69,62,,,,0,,,,,,,,,,2,,0,Little Rock,AR,1,102,,,,-6.0,"28,41","23,39",,,,,,,,
ncaab:400916234,ncaab,2017-02-07T02:00Z,final,2306,2305,Kansas St,Kansas,71,74,,,,0,,,,,,,,,,2,,0,Manhattan,KS,1,311,,,,-6.0,"35,36","37,37",,,,,,,,
ncaab:400920041,ncaab,2017-02-07T02:00Z,final,2582,2296,Southern,Jackson St,88,75,,,,0,,,,,,,,,,2,,0,Baton Rouge,LA,1,14,,,,-6.0,"37,51","34,41",,,,,,,,
ncaab:400915036,ncaab,2017-02-07T23:00Z,final,213,120,Penn State,Maryland,70,64,,,,0,,,,,,,,,,2,,0,University Park,PA,1,348,,,,-5.0,"35,35","29,35",,,,,,,,
ncaab:400917159,ncaab,2017-02-07T23:00Z,final,2006,2050,Akron,Ball State,65,63,,,,0,,,,,,,,,,2,,0,Akron,OH,1,291,,,,-5.0,"30,35","28,35",,,,,,,,
ncaab:400910561,ncaab,2017-02-07T23:30Z,final,2579,333,South Carolina,Alabama,86,90,,,,0,,,,,,,,,,2,,0,Columbia,SC,1,89,,,,-5.0,"16,41,6,11,8,4","32,25,6,11,8,8",,,,,,,,
ncaab:400910651,ncaab,2017-02-08T00:00Z,final,61,57,Georgia,Florida,60,72,,,,0,,,,,,,,,,2,,0,Athens,GA,1,228,,,,-5.0,"33,27","35,37",,,,,,,,
ncaab:400910698,ncaab,2017-02-08T00:00Z,final,96,99,Kentucky,LSU,92,85,,,,0,,,,,,,,,,2,,0,Lexington,KY,1,295,,,,-5.0,"43,49","27,58",,,,,,,,
ncaab:400915427,ncaab,2017-02-08T00:00Z,final,87,154,Notre Dame,Wake Forest,88,81,,,,0,,,,,,,,,,2,,0,South Bend,IN,1,211,,,,-5.0,"36,52","41,40",,,,,,,,
ncaab:400916618,ncaab,2017-02-08T00:00Z,final,235,202,Memphis,Tulsa,66,44,,,,0,,,,,,,,,,2,,0,Memphis,TN,1,78,,,,-6.0,"32,34","27,17",,,,,,,,
ncaab:400917160,ncaab,2017-02-08T00:00Z,final,2309,189,Kent State,Bowling Green,83,84,,,,0,,,,,,,,,,2,,0,Kent,OH,1,325,,,,-5.0,"31,44,8","34,41,9",,,,,,,,
ncaab:400917161,ncaab,2017-02-08T00:00Z,final,195,2117,Ohio,C Michigan,87,97,,,,0,,,,,,,,,,2,,0,Athens,OH,1,219,,,,-5.0,"49,38","54,43",,,,,,,,
ncaab:400917162,ncaab,2017-02-08T00:00Z,final,2649,2199,Toledo,E Michigan,73,57,,,,0,,,,,,,,,,2,,0,Toledo,OH,1,186,,,,-5.0,"26,47","22,35",,,,,,,,
ncaab:400917163,ncaab,2017-02-08T00:00Z,final,2084,2459,Buffalo,N Illinois,65,45,,,,0,,,,,,,,,,2,,0,Buffalo,NY,1,183,,,,-5.0,"25,40","25,20",,,,,,,,
ncaab:400917164,ncaab,2017-02-08T00:00Z,final,193,2711,Miami OH,W Michigan,55,72,,,,0,,,,,,,,,,2,,0,Oxford,OH,1,283,,,,-5.0,"24,31","28,44",,,,,,,,
ncaab:400917623,ncaab,2017-02-08T00:00Z,final,314,2561,Iona,Siena,79,81,,,,0,,,,,,,,,,2,,0,New Rochelle,NY,1,26,,,,-5.0,"43,36","33,48",,,,,,,,
ncaab:400918426,ncaab,2017-02-08T00:00Z,final,113,227,UMass,Rhode Island,62,70,,,,0,,,,,,,,,,2,,0,Amherst,MA,1,82,,,,-5.0,"27,35","33,37",,,,,,,,
ncaab:400919335,ncaab,2017-02-08T00:00Z,final,219,163,Penn,Princeton,49,64,,,,0,,,,,,,,,,2,,0,Philadelphia,PA,1,12,,,,-5.0,"27,22","39,25",,,,,,,,
ncaab:400919711,ncaab,2017-02-08T00:00Z,final,222,46,Villanova,Georgetown,75,64,,,,0,,,,,,,,,,2,,0,Villanova,PA,1,121,,,,-5.0,"43,32","28,36",,,,,,,,
ncaab:400920535,ncaab,2017-02-08T00:00Z,final,2448,2019,NC A&T,Allen,86,78,,,,0,,,,,,,,,,2,,0,Greensboro,NC,1,266,,,,-5.0,"44,42","38,40",,,,,,,,
ncaab:400924482,ncaab,2017-02-08T00:30Z,final,59,2839,Georgia Tech,Tusculum,96,58,,,,0,,,,,,,,,,2,,0,Atlanta,GA,1,320,,,,-5.0,"58,38","31,27",,,,,,,,
ncaab:400914967,ncaab,2017-02-08T01:00Z,final,77,356,Northwestern,Illinois,61,68,,,,0,,,,,,,,,,2,,0,Evanston,IL,1,187,,,,-6.0,"28,33","28,40",,,,,,,,
ncaab:400915426,ncaab,2017-02-08T01:00Z,final,228,183,Clemson,Syracuse,81,82,,,,0,,,,,,,,,,2,,0,Clemson,SC,1,221,,,,-5.0,"40,41","38,44",,,,,,,,
ncaab:400918230,ncaab,2017-02-08T01:00Z,final,2181,2287,Drake,Illinois St,53,82,,,,0,,,,,,,,,,2,,0,Des Moines,IA,1,266,,,,-6.0,"34,19","37,45",,,,,,,,
ncaab:400918312,ncaab,2017-02-08T01:00Z,final,2168,2603,Dayton,Saint Joseph's,77,70,,,,0,,,,,,,,,,2,,0,Dayton,OH,1,225,,,,-5.0,"32,45","32,38",,,,,,,,
ncaab:400910597,ncaab,2017-02-08T01:30Z,final,8,238,Arkansas,Vanderbilt,59,72,,,,0,,,,,,,,,,2,,0,Fayetteville,AR,1,427,,,,-6.0,"18,41","39,33",,,,,,,,
ncaab:400910625,ncaab,2017-02-08T02:00Z,final,2,344,Auburn,Mississippi St,98,92,,,,0,,,,,,,,,,2,,0,Auburn,AL,1,215,,,,-6.0,"48,50","28,64",,,,,,,,
ncaab:400911039,ncaab,2017-02-08T02:00Z,final,251,66,Texas,Iowa State,67,65,,,,0,,,,,,,,,,2,,0,Austin,TX,1,149,,,,-6.0,"35,32","29,36",,,,,,,,
ncaab:400915056,ncaab,2017-02-08T02:00Z,final,130,127,Michigan,Michigan St,86,57,,,,0,,,,,,,,,,2,,0,Ann Arbor,MI,1,269,,,,-5.0,"55,31","29,28",,,,,,,,
ncaab:400916235,ncaab,2017-02-08T02:00Z,final,2628,2641,TCU,Texas Tech,62,61,,,,0,,,,,,,,,,2,,0,Fort Worth,TX,1,199,,,,-6.0,"30,32","29,32",,,,,,,,
ncaab:400919712,ncaab,2017-02-08T02:00Z,final,269,2086,Marquette,Butler,65,68,,,,0,,,,,,,,,,2,,0,Milwaukee,WI,1,188,,,,-6.0,"33,32","40,28",,,,,,,,
ncaab:400919849,ncaab,2017-02-08T02:00Z,final,36,328,Colorado St,Utah State,69,52,,,,0,,,,,,,,,,2,,0,Fort Collins,CO,1,1525,,,,-7.0,"33,36","23,29",,,,,,,,
ncaab:400919928,ncaab,2017-02-08T04:00Z,final,23,21,San José St,San Diego St,76,71,,,,0,,,,,,,,,,2,,0,San Jose,CA,1,26,,,,-8.0,"33,43","29,42",,,,,,,,
ncaab:400910773,ncaab,2017-02-08T23:30Z,final,2633,145,Tennessee,Ole Miss,75,66,,,,0,,,,,,,,,,2,,0,Knoxville,TN,1,276,,,,-5.0,"34,41","38,28",,,,,,,,
ncaab:400919713,ncaab,2017-02-08T23:30Z,final,2752,305,Xavier,DePaul,72,61,,,,0,,,,,,,,,,2,,0,Cincinnati,OH,1,191,,,,-5.0,"41,31","34,27",,,,,,,,
ncaab:400915160,ncaab,2017-02-09T00:00Z,final,194,164,Ohio State,Rutgers,70,64,,,,0,,,,,,,,,,2,,0,Columbus,OH,1,235,,,,-5.0,"33,37","27,37",,,,,,,,
ncaab:400915428,ncaab,2017-02-09T00:00Z,final,52,152,Florida St,NC State,95,71,,,,0,,,,,,,,,,2,,0,Tallahassee,FL,1,62,,,,-5.0,"45,50","30,41",,,,,,,,
ncaab:400915429,ncaab,2017-02-09T00:00Z,final,103,221,Boston College,Pitt,72,83,,,,0,,,,,,,,,,2,,0,Chestnut Hill,MA,1,60,,,,-5.0,"31,41","31,52",,,,,,,,
ncaab:400916236,ncaab,2017-02-09T00:00Z,final,197,239,Oklahoma St,Baylor,69,72,,,,0,,,,,,,,,,2,,0,Stillwater,OK,1,273,,,,-6.0,"30,39","34,38",,,,,,,,
ncaab:400916619,ncaab,2017-02-09T00:00Z,final,41,58,UConn,South Florida,97,51,,,,0,,,,,,,,,,2,,0,Storrs,CT,1,187,,,,-5.0,"40,57","30,21",,,,,,,,
ncaab:400917836,ncaab,2017-02-09T00:00Z,final,2413,93,Morehead St,Murray St,101,100,,,,0,,,,,,,,,,2,,0,Morehead,KY,1,153,,,,-6.0,"44,40,17","32,52,16",,,,,,,,
ncaab:400917972,ncaab,2017-02-09T00:00Z,final,2870,233,Purdue FW,South Dakota,82,93,,,,0,,,,,,,,,,2,,0,Fort Wayne,IN,1,247,,,,-5.0,"42,40","37,56",,,,,,,,
ncaab:400918275,ncaab,2017-02-09T00:00Z,final,2166,2244,Davidson,George Mason,69,76,,,,0,,,,,,,,,,2,,0,Davidson,NC,1,256,,,,-5.0,"29,40","31,45",,,,,,,,
ncaab:400918354,ncaab,2017-02-09T00:00Z,final,2230,2325,Fordham,La Salle,52,67,,,,0,,,,,,,,,,2,,0,Bronx,NY,1,28,,,,-5.0,"26,26","32,35",,,,,,,,
ncaab:400918466,ncaab,2017-02-09T00:00Z,final,179,139,St Bonaventure,Saint Louis,70,55,,,,0,,,,,,,,,,2,,0,Saint Bonaventure,NY,1,435,,,,-5.0,"26,44","32,23",,,,,,,,
ncaab:400919101,ncaab,2017-02-09T00:00Z,final,322,107,Lafayette,Holy Cross,69,59,,,,0,,,,,,,,,,2,,0,Easton,PA,1,97,,,,-5.0,"33,36","21,38",,,,,,,,
ncaab:400919102,ncaab,2017-02-09T00:00Z,final,2426,2352,Navy,Loyola MD,62,59,,,,0,,,,,,,,,,2,,0,Annapolis,MD,1,12,,,,-5.0,"29,33","21,38",,,,,,,,
ncaab:400919103,ncaab,2017-02-09T00:00Z,final,2142,349,Colgate,Army,70,58,,,,0,,,,,,,,,,2,,0,Hamilton,NY,1,181,,,,-5.0,"31,39","25,33",,,,,,,,
ncaab:400919104,ncaab,2017-02-09T00:00Z,final,2329,2083,Lehigh,Bucknell,79,71,,,,0,,,,,,,,,,2,,0,Bethlehem,PA,1,109,,,,-5.0,"43,36","40,31",,,,,,,,
ncaab:400919105,ncaab,2017-02-09T00:30Z,final,44,104,American,Boston U,64,67,,,,0,,,,,,,,,,2,,0,Washington,DC,1,7,,,,-5.0,"37,27","36,31",,,,,,,,
ncaab:400916620,ncaab,2017-02-09T01:00Z,final,2655,248,Tulane,Houston,62,91,,,,0,,,,,,,,,,2,,0,New Orleans,LA,1,0,,,,-6.0,"23,39","38,53",,,,,,,,
ncaab:400917974,ncaab,2017-02-09T01:00Z,final,2437,85,Omaha,IU Indy,78,89,,,,0,,,,,,,,,,2,,0,Omaha,NE,1,323,,,,-6.0,"38,40","45,44",,,,,,,,
ncaab:400917975,ncaab,2017-02-09T01:00Z,final,198,2710,Oral Roberts,W Illinois,60,63,,,,0,,,,,,,,,,2,,0,Tulsa,OK,1,220,,,,-6.0,"28,32","29,34",,,,,,,,
ncaab:400918150,ncaab,2017-02-09T01:00Z,final,2460,79,Northern Iowa,S Illinois,49,41,,,,0,,,,,,,,,,2,,0,Cedar Falls,IA,1,268,,,,-6.0,"22,27","17,24",,,,,,,,
ncaab:400918205,ncaab,2017-02-09T01:00Z,final,339,2350,Evansville,Loyola Chicago,60,58,,,,0,,,,,,,,,,2,,0,Evansville,IN,1,118,,,,-6.0,"36,24","24,34",,,,,,,,
ncaab:400922183,ncaab,2017-02-09T01:00Z,final,357,2545,Texas A&M-CC,SE Louisiana,80,75,,,,0,,,,,,,,,,2,,0,Corpus Christi,TX,1,2,,,,-6.0,"29,51","25,50",,,,,,,,
ncaab:400910753,ncaab,2017-02-09T01:30Z,final,245,142,Texas A&M,Missouri,76,73,,,,0,,,,,,,,,,2,,0,College Station,TX,1,103,,,,-6.0,"38,38","32,41",,,,,,,,
ncaab:400919714,ncaab,2017-02-09T01:30Z,final,2550,2507,Seton Hall,Providence,72,70,,,,0,,,,,,,,,,2,,0,Newark,NJ,1,9,,,,-5.0,"36,25,11","41,20,9",,,,,,,,
ncaab:400915014,ncaab,2017-02-09T02:00Z,final,135,2294,Minnesota,Iowa,101,89,,,,0,,,,,,,,,,2,,0,Minneapolis,MN,1,253,,,,-6.0,"40,37,7,17","29,48,7,5",,,,,,,,
ncaab:400915430,ncaab,2017-02-09T02:00Z,final,2390,259,Miami,Virginia Tech,74,68,,,,0,,,,,,,,,,2,,0,Coral Gables,FL,1,3,,,,-5.0,"40,34","34,34",,,,,,,,
ncaab:400916237,ncaab,2017-02-09T02:00Z,final,201,277,Oklahoma,West Virginia,50,61,,,,0,,,,,,,,,,2,,0,Norman,OK,1,357,,,,-6.0,"25,25","27,34",,,,,,,,
ncaab:400916621,ncaab,2017-02-09T02:00Z,final,2132,2116,Cincinnati,UCF,60,50,,,,0,,,,,,,,,,2,,0,Cincinnati,OH,1,191,,,,-5.0,"34,26","28,22",,,,,,,,
ncaab:400917973,ncaab,2017-02-09T02:00Z,final,2449,2571,N Dakota St,S Dakota St,82,65,,,,0,,,,,,,,,,2,,0,Fargo,ND,1,276,,,,-6.0,"41,41","32,33",,,,,,,,
ncaab:400918219,ncaab,2017-02-09T02:00Z,final,71,282,Bradley,Indiana St,54,56,,,,0,,,,,,,,,,2,,0,Peoria,IL,1,153,,,,-6.0,"38,16","27,29",,,,,,,,
ncaab:400918372,ncaab,2017-02-09T02:00Z,final,45,2670,G Washington,VCU,53,54,,,,0,,,,,,,,,,2,,0,Washington,DC,1,7,,,,-5.0,"23,30","21,33",,,,,,,,
ncaab:400919813,ncaab,2017-02-09T02:00Z,final,2005,167,Air Force,New Mexico,67,74,,,,0,,,,,,,,,,2,,0,Colorado Springs,CO,1,1832,,,,-7.0,"34,33","34,40",,,,,,,,
ncaab:400919881,ncaab,2017-02-09T02:00Z,final,2751,278,Wyoming,Fresno St,102,100,,,,0,,,,,,,,,,2,,0,Laramie,WY,1,2184,,,,-7.0,"30,35,8,12,5,12","29,36,8,12,5,10",,,,,,,,
ncaab:400918897,ncaab,2017-02-09T03:00Z,final,302,2239,UC Davis,Fullerton,74,65,,,,0,,,,,,,,,,2,,0,Davis,CA,1,16,,,,-8.0,"33,41","31,34",,,,,,,,
ncaab:400918958,ncaab,2017-02-09T03:00Z,final,300,2540,UC Irvine,Santa Barbara,64,47,,,,0,,,,,,,,,,2,,0,Irvine,CA,1,17,,,,-8.0,"27,37","18,29",,,,,,,,
ncaab:400915662,ncaab,2017-02-09T04:00Z,final,9,25,Arizona St,California,43,68,,,,0,,,,,,,,,,2,,0,Tempe,AZ,1,360,,,,-7.0,"17,26","28,40",,,,,,,,
ncaab:400915663,ncaab,2017-02-09T04:00Z,final,12,24,Arizona,Stanford,74,67,,,,0,,,,,,,,,,2,,0,Tucson,AZ,1,759,,,,-7.0,"35,39","32,35",,,,,,,,
ncaab:400919865,ncaab,2017-02-09T04:00Z,final,2440,2439,Nevada,UNLV,104,77,,,,0,,,,,,,,,,2,,0,Reno,NV,1,1373,,,,-8.0,"58,46","39,38",,,,,,,,
ncaab:400918086,ncaab,2017-02-09T20:00Z,final,2130,2547,Chicago St,Seattle U,65,90,,,,0,,,,,,,,,,2,,0,Chicago,IL,1,179,,,,-6.0,"31,34","34,56",,,,,,,,
ncaab:400919233,ncaab,2017-02-09T22:00Z,final,161,2115,FDU,C Connecticut,79,62,,,,0,,,,,,,,,,2,,0,Hackensack,NJ,1,6,,,,-5.0,"46,33","31,31",,,,,,,,
ncaab:400914984,ncaab,2017-02-10T00:00Z,final,84,2509,Indiana,Purdue,64,69,,,,0,,,,,,,,,,2,,0,Bloomington,IN,1,235,,,,-5.0,"36,28","32,37",,,,,,,,
ncaab:400916808,ncaab,2017-02-10T00:00Z,final,2097,2344,Campbell,Longwood,83,79,,,,0,,,,,,,,,,2,,0,Buies Creek,NC,1,63,,,,-5.0,"45,38","39,40",,,,,,,,
ncaab:400916809,ncaab,2017-02-10T00:00Z,final,2515,2127,Radford,Charleston So,79,67,,,,0,,,,,,,,,,2,,0,Radford,VA,1,567,,,,-5.0,"48,31","28,39",,,,,,,,
ncaab:400916810,ncaab,2017-02-10T00:00Z,final,2241,2335,Gardner-Webb,Liberty,87,92,,,,0,,,,,,,,,,2,,0,Boiling Springs,NC,1,269,,,,-5.0,"25,36,17,9","27,34,17,14",,,,,,,,
ncaab:400916811,ncaab,2017-02-10T00:00Z,final,2506,2272,Presbyterian,High Point,58,68,,,,0,,,,,,,,,,2,,0,Clinton,SC,1,76,,,,-5.0,"19,39","26,42",,,,,,,,
ncaab:400916812,ncaab,2017-02-10T00:00Z,final,2427,2737,UNC Asheville,Winthrop,104,101,,,,0,,,,,,,,,,2,,0,Asheville,NC,1,649,,,,-5.0,"34,43,13,14","35,42,13,11",,,,,,,,
ncaab:400916961,ncaab,2017-02-10T00:00Z,final,2747,2535,Wofford,Samford,131,127,,,,0,,,,,,,,,,2,,0,Spartanburg,SC,1,246,,,,-5.0,"33,45,13,13,14,13","39,39,13,13,14,9",,,,,,,,
ncaab:400916962,ncaab,2017-02-10T00:00Z,final,2678,2382,VMI,Mercer,51,81,,,,0,,,,,,,,,,2,,0,Lexington,VA,1,324,,,,-5.0,"23,28","39,42",,,,,,,,
ncaab:400916963,ncaab,2017-02-10T00:00Z,final,2193,2643,ETSU,The Citadel,90,69,,,,0,,,,,,,,,,2,,0,Johnson City,TN,1,498,,,,-5.0,"45,45","32,37",,,,,,,,
ncaab:400916964,ncaab,2017-02-10T00:00Z,final,231,236,Furman,Chattanooga,60,56,,,,0,,,,,,,,,,2,,0,Greenville,SC,1,307,,,,-5.0,"33,27","39,17",,,,,,,,
ncaab:400917624,ncaab,2017-02-10T00:00Z,final,2368,2217,Marist,Fairfield,53,73,,,,0,,,,,,,,,,2,,0,Poughkeepsie,NY,1,62,,,,-5.0,"19,34","27,46",,,,,,,,
ncaab:400917837,ncaab,2017-02-10T00:00Z,final,2635,2634,Tennessee Tech,Tennessee St,59,72,,,,0,,,,,,,,,,2,,0,Cookeville,TN,1,334,,,,-6.0,"19,40","36,36",,,,,,,,
ncaab:400917838,ncaab,2017-02-10T00:00Z,final,55,2057,Jax State,Belmont,53,66,,,,0,,,,,,,,,,2,,0,Jacksonville,AL,1,216,,,,-6.0,"30,23","34,32",,,,,,,,
ncaab:400918545,ncaab,2017-02-10T00:00Z,final,2750,270,Wright St,Milwaukee,76,65,,,,0,,,,,,,,,,2,,0,Dayton,OH,1,225,,,,-5.0,"30,46","27,38",,,,,,,,
ncaab:400918624,ncaab,2017-02-10T00:00Z,final,2066,399,Binghamton,UAlbany,54,66,,,,0,,,,,,,,,,2,,0,Binghamton,NY,1,264,,,,-5.0,"20,34","27,39",,,,,,,,
ncaab:400918674,ncaab,2017-02-10T00:00Z,final,2378,42,UMBC,Hartford,77,84,,,,0,,,,,,,,,,2,,0,Baltimore,MD,1,10,,,,-5.0,"42,35","31,53",,,,,,,,
ncaab:400918697,ncaab,2017-02-10T00:00Z,final,2349,311,UMass Lowell,Maine,100,68,,,,0,,,,,,,,,,2,,0,Lowell,MA,1,36,,,,-5.0,"41,59","28,40",,,,,,,,
ncaab:400918780,ncaab,2017-02-10T00:00Z,final,526,288,FGCU,Lipscomb,60,65,,,,0,,,,,,,,,,2,,0,Fort Myers,FL,1,3,,,,-5.0,"28,32","28,37",,,,,,,,
ncaab:400918801,ncaab,2017-02-10T00:00Z,final,294,2908,Jacksonville,SC Upstate,67,70,,,,0,,,,,,,,,,2,,0,Jacksonville,FL,1,5,,,,-5.0,"42,25","30,40",,,,,,,,
ncaab:400918841,ncaab,2017-02-10T00:00Z,final,2454,2885,North Florida,NJIT,91,69,,,,0,,,,,,,,,,2,,0,Jacksonville,FL,1,5,,,,-5.0,"43,48","26,43",,,,,,,,
ncaab:400918865,ncaab,2017-02-10T00:00Z,final,56,338,Stetson,Kennesaw St,85,92,,,,0,,,,,,,,,,2,,0,DeLand,FL,1,12,,,,-5.0,"31,54","43,49",,,,,,,,
ncaab:400919229,ncaab,2017-02-10T00:00Z,final,2598,2681,Saint Francis,Wagner,74,76,,,,0,,,,,,,,,,2,,0,Loretto,PA,1,595,,,,-5.0,"31,34,9","35,30,11",,,,,,,,
ncaab:400919230,ncaab,2017-02-10T00:00Z,final,2523,116,Robert Morris,Mount St Marys,70,74,,,,0,,,,,,,,,,2,,0,Moon Township,PA,1,358,,,,-5.0,"32,38","34,40",,,,,,,,
ncaab:400919231,ncaab,2017-02-10T00:00Z,final,2803,112358,Bryant,Long Island,85,88,,,,0,,,,,,,,,,2,,0,Smithfield,RI,1,84,,,,-5.0,"37,39,9","39,37,12",,,,,,,,
ncaab:400919377,ncaab,2017-02-10T00:00Z,final,2226,249,FAU,North Texas,64,70,,,,0,,,,,,,,,,2,,0,Boca Raton,FL,1,4,,,,-5.0,"24,40","35,35",,,,,,,,
ncaab:400919395,ncaab,2017-02-10T00:00Z,final,2229,242,FIU,Rice,78,89,,,,0,,,,,,,,,,2,,0,Miami,FL,1,2,,,,-5.0,"36,42","44,45",,,,,,,,
ncaab:400919575,ncaab,2017-02-10T00:00Z,final,232,111,Charleston,Northeastern,72,73,,,,0,,,,,,,,,,2,,0,Charleston,SC,1,6,,,,-5.0,"37,35","21,52",,,,,,,,
ncaab:400919596,ncaab,2017-02-10T00:00Z,final,48,2210,Delaware,Elon,76,74,,,,0,,,,,,,,,,2,,0,Newark,DE,1,38,,,,-5.0,"30,29,17","30,29,15",,,,,,,,
ncaab:400919612,ncaab,2017-02-10T00:00Z,final,2182,2729,Drexel,William & Mary,79,61,,,,0,,,,,,,,,,2,,0,Philadelphia,PA,1,12,,,,-5.0,"45,34","35,26",,,,,,,,
ncaab:400919639,ncaab,2017-02-10T00:00Z,final,119,2275,Towson,Hofstra,69,65,,,,0,,,,,,,,,,2,,0,Towson,MD,1,141,,,,-5.0,"29,40","36,29",,,,,,,,
ncaab:400919771,ncaab,2017-02-10T00:00Z,final,350,256,UNC Wilmington,James Madison,88,73,,,,0,,,,,,,,,,2,,0,Wilmington,NC,1,9,,,,-5.0,"47,41","24,49",,,,,,,,
ncaab:400918083,ncaab,2017-02-10T00:30Z,final,140,3084,Kansas City,Utah Valley,84,76,,,,0,,,,,,,,,,2,,0,Kansas City,MO,1,274,,,,-6.0,"43,41","33,43",,,,,,,,
ncaab:400918529,ncaab,2017-02-10T00:30Z,final,94,2739,N Kentucky,Green Bay,69,67,,,,0,,,,,,,,,,2,,0,Highland Heights,KY,1,260,,,,-5.0,"41,28","29,38",,,,,,,,
ncaab:400915431,ncaab,2017-02-10T01:00Z,final,150,153,Duke,North Carolina,86,78,,,,0,,,,,,,,,,2,,0,Durham,NC,1,123,,,,-5.0,"40,46","39,39",,,,,,,,
ncaab:400916425,ncaab,2017-02-10T01:00Z,final,155,331,North Dakota,E Washington,95,86,,,,0,,,,,,,,,,2,,0,Grand Forks,ND,1,253,,,,-6.0,"53,42","45,41",,,,,,,,
ncaab:400917625,ncaab,2017-02-10T01:00Z,final,2514,2612,Quinnipiac,Saint Peter's,45,76,,,,0,,,,,,,,,,2,,0,Hamden,CT,1,31,,,,-5.0,"23,22","44,32",,,,,,,,
ncaab:400917839,ncaab,2017-02-10T01:00Z,final,2197,2630,E Illinois,UT Martin,81,71,,,,0,,,,,,,,,,2,,0,Charleston,IL,1,204,,,,-6.0,"45,36","33,38",,,,,,,,
ncaab:400917840,ncaab,2017-02-10T01:00Z,final,2565,2546,SIUE,SE Missouri,67,71,,,,0,,,,,,,,,,2,,0,Edwardsville,IL,1,165,,,,-6.0,"32,35","32,39",,,,,,,,
ncaab:400918492,ncaab,2017-02-10T01:00Z,final,2674,325,Valparaiso,Cleveland St,78,57,,,,0,,,,,,,,,,2,,0,Valparaiso,IN,1,242,,,,-6.0,"44,34","24,33",,,,,,,,
ncaab:400918560,ncaab,2017-02-10T01:00Z,final,82,2754,UIC,Youngstown St,84,81,,,,0,,,,,,,,,,2,,0,Chicago,IL,1,179,,,,-6.0,"49,35","49,32",,,,,,,,
ncaab:400919358,ncaab,2017-02-10T01:00Z,final,5,2429,UAB,Charlotte,82,69,,,,0,,,,,,,,,,2,,0,Birmingham,AL,1,187,,,,-6.0,"41,41","35,34",,,,,,,,
ncaab:400919451,ncaab,2017-02-10T01:00Z,final,2393,295,MTSU,Old Dominion,64,51,,,,0,,,,,,,,,,2,,0,Murfreesboro,TN,1,186,,,,-6.0,"32,32","21,30",,,,,,,,
ncaab:400919506,ncaab,2017-02-10T01:00Z,final,2636,2572,UTSA,Southern Miss,57,51,,,,0,,,,,,,,,,2,,0,San Antonio,TX,1,198,,,,-6.0,"28,29","28,23",,,,,,,,
ncaab:400921980,ncaab,2017-02-10T01:00Z,final,2110,2000,C Arkansas,Abilene Chrstn,84,73,,,,0,,,,,,,,,,2,,0,Conway,AR,1,95,,,,-6.0,"37,47","28,45",,,,,,,,
ncaab:400922131,ncaab,2017-02-10T01:00Z,final,2377,2443,McNeese,LSU N Orleans,63,69,,,,0,,,,,,,,,,2,,0,Lake Charles,LA,1,4,,,,-6.0,"33,30","29,40",,,,,,,,
ncaab:400916423,ncaab,2017-02-10T01:30Z,final,253,149,Southern Utah,Montana,55,70,,,,0,,,,,,,,,,2,,0,Cedar City,UT,1,1782,,,,-7.0,"23,32","34,36",,,,,,,,
ncaab:400916424,ncaab,2017-02-10T01:30Z,final,2464,147,N Arizona,Montana St,69,63,,,,0,,,,,,,,,,2,,0,Flagstaff,AZ,1,2104,,,,-7.0,"34,35","22,41",,,,,,,,
ncaab:400922056,ncaab,2017-02-10T01:30Z,final,2466,2277,N'Western St,Hou Christian,69,86,,,,0,,,,,,,,,,2,,0,Natchitoches,LA,1,36,,,,-6.0,"27,42","47,39",,,,,,,,
ncaab:400922114,ncaab,2017-02-10T01:30Z,final,2320,2534,Lamar,Sam Houston,80,76,,,,0,,,,,,,,,,2,,0,Beaumont,TX,1,5,,,,-6.0,"33,36,11","32,37,7",,,,,,,,
ncaab:400914941,ncaab,2017-02-10T02:00Z,final,158,275,Nebraska,Wisconsin,69,70,,,,0,,,,,,,,,,2,,0,Lincoln,NE,1,367,,,,-6.0,"24,34,11","25,33,12",,,,,,,,
ncaab:400915665,ncaab,2017-02-10T02:00Z,final,254,265,Utah,Washington St,74,70,,,,0,,,,,,,,,,2,,0,Salt Lake City,UT,1,1299,,,,-7.0,"35,39","29,41",,,,,,,,
ncaab:400916426,ncaab,2017-02-10T02:00Z,final,2458,70,N Colorado,Idaho,76,88,,,,0,,,,,,,,,,2,,0,Greeley,CO,1,1425,,,,-7.0,"29,47","43,45",,,,,,,,
ncaab:400916622,ncaab,2017-02-10T02:00Z,final,218,2567,Temple,SMU,50,66,,,,0,,,,,,,,,,2,,0,Philadelphia,PA,1,12,,,,-5.0,"18,32","28,38",,,,,,,,
ncaab:400918084,ncaab,2017-02-10T02:00Z,final,2253,292,Grand Canyon,UT Rio Grande,76,57,,,,0,,,,,,,,,,2,,0,Phoenix,AZ,1,331,,,,-7.0,"46,30","30,27",,,,,,,,
ncaab:400918126,ncaab,2017-02-10T02:00Z,final,2724,2623,Wichita St,Missouri St,80,62,,,,0,,,,,,,,,,2,,0,Wichita,KS,1,396,,,,-6.0,"48,32","21,41",,,,,,,,
ncaab:400918732,ncaab,2017-02-10T02:00Z,final,261,160,Vermont,New Hampshire,82,74,,,,0,,,,,,,,,,2,,0,Burlington,VT,1,61,,,,-5.0,"38,44","38,36",,,,,,,,
ncaab:400919232,ncaab,2017-02-10T02:00Z,final,2529,2597,Sacred Heart,St Francis BK,80,65,,,,0,,,,,,,,,,2,,0,Fairfield,CT,1,4,,,,-8.0,"39,41","29,36",,,,,,,,
ncaab:400919421,ncaab,2017-02-10T02:00Z,final,2638,2348,UTEP,Louisiana Tech,61,62,,,,0,,,,,,,,,,2,,0,El Paso,TX,1,1133,,,,-7.0,"30,31","24,38",,,,,,,,
ncaab:400922094,ncaab,2017-02-10T02:00Z,final,2617,2916,SF Austin,Incarnate Word,87,79,,,,0,,,,,,,,,,2,,0,Nacogdoches,TX,1,92,,,,-6.0,"27,60","29,50",,,,,,,,
ncaab:400915664,ncaab,2017-02-10T03:00Z,final,38,264,Colorado,Washington,81,66,,,,0,,,,,,,,,,2,,0,Boulder,CO,1,1624,,,,-7.0,"42,39","31,35",,,,,,,,
ncaab:400915666,ncaab,2017-02-10T03:00Z,final,26,2483,UCLA,Oregon,82,79,,,,0,,,,,,,,,,2,,0,Los Angeles,CA,1,89,,,,-8.0,"39,43","48,31",,,,,,,,
ncaab:400915864,ncaab,2017-02-10T03:00Z,final,2351,2250,LMU,Gonzaga,60,90,,,,0,,,,,,,,,,2,,0,Los Angeles,CA,1,89,,,,-8.0,"28,32","50,40",,,,,,,,
ncaab:400915865,ncaab,2017-02-10T03:00Z,final,279,301,Pacific,San Diego,61,58,,,,0,,,,,,,,,,2,,0,Stockton,CA,1,4,,,,-8.0,"19,42","28,30",,,,,,,,
ncaab:400915866,ncaab,2017-02-10T03:00Z,final,2608,2501,Saint Mary's,Portland,51,41,,,,0,,,,,,,,,,2,,0,Moraga,CA,1,152,,,,-8.0,"22,29","22,19",,,,,,,,
ncaab:400918085,ncaab,2017-02-10T03:00Z,final,2934,166,Bakersfield,New Mexico St,72,53,,,,0,,,,,,,,,,2,,0,Bakersfield,CA,1,123,,,,-8.0,"36,36","18,35",,,,,,,,
ncaab:400918948,ncaab,2017-02-10T03:00Z,final,27,299,UC Riverside,Long Beach St,71,78,,,,0,,,,,,,,,,2,,0,Riverside,CA,1,252,,,,-8.0,"42,29","41,37",,,,,,,,
ncaab:400916427,ncaab,2017-02-10T03:05Z,final,16,2692,Sacramento St,Weber St,77,74,,,,0,,,,,,,,,,2,,0,Sacramento,CA,1,9,,,,-8.0,"34,43","35,39",,,,,,,,
ncaab:400916428,ncaab,2017-02-10T03:05Z,final,2502,304,Portland St,Idaho St,74,69,,,,0,,,,,,,,,,2,,0,Portland,OR,1,12,,,,-8.0,"33,41","36,33",,,,,,,,
ncaab:400915667,ncaab,2017-02-10T04:00Z,final,30,204,USC,Oregon St,92,66,,,,0,,,,,,,,,,2,,0,Los Angeles,CA,1,89,,,,-8.0,"44,48","27,39",,,,,,,,
ncaab:400915867,ncaab,2017-02-10T04:00Z,final,2539,2541,San Francisco,Santa Clara,61,58,,,,0,,,,,,,,,,2,,0,San Francisco,CA,1,16,,,,-8.0,"44,17","24,34",,,,,,,,
ncaab:400915868,ncaab,2017-02-10T04:00Z,final,2492,252,Pepperdine,BYU,99,83,,,,0,,,,,,,,,,2,,0,Malibu,CA,1,32,,,,-8.0,"52,47","43,40",,,,,,,,
ncaab:400918882,ncaab,2017-02-10T04:59Z,final,62,13,Hawai'i,Cal Poly,74,65,,,,0,,,,,,,,,,2,,0,Honolulu,HI,1,5,,,,-10.0,"38,36","31,34",,,,,,,,
ncaab:400917169,ncaab,2017-02-10T23:30Z,final,2050,195,Ball State,Ohio,77,79,,,,0,,,,,,,,,,2,,0,Muncie,IN,1,284,,,,-5.0,"30,47","49,30",,,,,,,,
ncaab:400917165,ncaab,2017-02-11T00:00Z,final,2199,2006,E Michigan,Akron,76,87,,,,0,,,,,,,,,,2,,0,Ypsilanti,MI,1,219,,,,-5.0,"34,42","35,52",,,,,,,,
ncaab:400918313,ncaab,2017-02-11T00:00Z,final,227,2168,Rhode Island,Dayton,74,75,,,,0,,,,,,,,,,2,,0,Kingston,RI,1,75,,,,-5.0,"36,38","30,45",,,,,,,,
ncaab:400918512,ncaab,2017-02-11T00:00Z,final,2174,2473,Detroit Mercy,Oakland,80,89,,,,0,,,,,,,,,,2,,0,Detroit,MI,1,183,,,,-5.0,"34,46","52,37",,,,,,,,
ncaab:400919270,ncaab,2017-02-11T00:00Z,final,225,108,Brown,Harvard,74,87,,,,0,,,,,,,,,,2,,0,Providence,RI,1,2,,,,-5.0,"35,39","32,55",,,,,,,,
ncaab:400919289,ncaab,2017-02-11T00:00Z,final,219,171,Penn,Columbia,70,62,,,,0,,,,,,,,,,2,,0,Philadelphia,PA,1,12,,,,-5.0,"37,33","28,34",,,,,,,,
ncaab:400919304,ncaab,2017-02-11T00:00Z,final,163,172,Princeton,Cornell,69,60,,,,0,,,,,,,,,,2,,0,Princeton,NJ,1,62,,,,-5.0,"36,33","26,34",,,,,,,,
ncaab:400919317,ncaab,2017-02-11T00:00Z,final,43,159,Yale,Dartmouth,73,64,,,,0,,,,,,,,,,2,,0,New Haven,CT,1,18,,,,-5.0,"40,33","30,34",,,,,,,,
ncaab:400917626,ncaab,2017-02-11T01:00Z,final,2099,315,Canisius,Niagara,81,94,,,,0,,,,,,,,,,2,,0,Buffalo,NY,1,183,,,,-5.0,"36,45","39,55",,,,,,,,
ncaab:400917627,ncaab,2017-02-11T02:00Z,final,2363,2405,Manhattan,Monmouth,58,62,,,,0,,,,,,,,,,2,,0,Riverdale,NY,1,159,,,,-8.0,"29,29","27,35",,,,,,,,
ncaab:400910652,ncaab,2017-02-11T17:00Z,final,57,245,Florida,Texas A&M,71,62,,,,0,,,,,,,,,,2,,0,Gainesville,FL,1,54,,,,-5.0,"29,42","27,35",,,,,,,,
ncaab:400915099,ncaab,2017-02-11T17:00Z,final,164,135,Rutgers,Minnesota,63,72,,,,0,,,,,,,,,,2,,0,Piscataway,NJ,1,30,,,,-5.0,"34,29","43,29",,,,,,,,
ncaab:400915432,ncaab,2017-02-11T17:00Z,final,154,152,Wake Forest,NC State,88,58,,,,0,,,,,,,,,,2,,0,Winston-Salem,NC,1,293,,,,-5.0,"44,44","24,34",,,,,,,,
ncaab:400916238,ncaab,2017-02-11T17:00Z,final,277,2306,West Virginia,Kansas St,85,66,,,,0,,,,,,,,,,2,,0,Morgantown,WV,1,271,,,,-5.0,"34,51","34,32",,,,,,,,
ncaab:400916815,ncaab,2017-02-11T17:00Z,final,2737,2241,Winthrop,Gardner-Webb,77,71,,,,0,,,,,,,,,,2,,0,Rock Hill,SC,1,207,,,,-5.0,"40,37","41,30",,,,,,,,
ncaab:400917166,ncaab,2017-02-11T17:00Z,final,189,2084,Bowling Green,Buffalo,74,88,,,,0,,,,,,,,,,2,,0,Bowling Green,OH,1,212,,,,-5.0,"42,32","39,49",,,,,,,,
ncaab:400919106,ncaab,2017-02-11T17:00Z,final,104,2352,Boston U,Loyola MD,78,63,,,,0,,,,,,,,,,2,,0,Boston,MA,1,14,,,,-5.0,"36,42","27,36",,,,,,,,
ncaab:400919715,ncaab,2017-02-11T17:00Z,final,2599,2550,St John's,Seton Hall,78,70,,,,0,,,,,,,,,,2,,0,New York,NY,1,10,,,,-5.0,"37,41","27,43",,,,,,,,
ncaab:400919716,ncaab,2017-02-11T17:00Z,final,46,269,Georgetown,Marquette,80,62,,,,0,,,,,,,,,,2,,0,Washington,DC,1,7,,,,-5.0,"41,39","32,30",,,,,,,,
ncaab:400910562,ncaab,2017-02-11T18:00Z,final,333,96,Alabama,Kentucky,58,67,,,,0,,,,,,,,,,2,,0,Tuscaloosa,AL,1,68,,,,-6.0,"20,38","29,38",,,,,,,,
ncaab:400915433,ncaab,2017-02-11T18:00Z,final,221,183,Pitt,Syracuse,80,75,,,,0,,,,,,,,,,2,,0,Pittsburgh,PA,1,233,,,,-5.0,"35,45","28,47",,,,,,,,
ncaab:400915434,ncaab,2017-02-11T18:00Z,final,150,228,Duke,Clemson,64,62,,,,0,,,,,,,,,,2,,0,Durham,NC,1,123,,,,-5.0,"29,35","18,44",,,,,,,,
ncaab:400916967,ncaab,2017-02-11T18:00Z,final,2678,2643,VMI,The Citadel,101,78,,,,0,,,,,,,,,,2,,0,Lexington,VA,1,324,,,,-5.0,"43,58","42,36",,,,,,,,
ncaab:400919236,ncaab,2017-02-11T18:00Z,final,2598,116,Saint Francis,Mount St Marys,62,81,,,,0,,,,,,,,,,2,,0,Loretto,PA,1,595,,,,-5.0,"38,24","42,39",,,,,,,,
ncaab:400914968,ncaab,2017-02-11T19:00Z,final,356,213,Illinois,Penn State,70,83,,,,0,,,,,,,,,,2,,0,Champaign,IL,1,225,,,,-6.0,"29,41","41,42",,,,,,,,
ncaab:400915437,ncaab,2017-02-11T19:00Z,final,97,2390,Louisville,Miami,71,66,,,,0,,,,,,,,,,2,,0,Louisville,KY,1,142,,,,-5.0,"26,45","33,33",,,,,,,,
ncaab:400916239,ncaab,2017-02-11T19:00Z,final,239,2628,Baylor,TCU,70,52,,,,0,,,,,,,,,,2,,0,Waco,TX,1,143,,,,-6.0,"32,38","17,35",,,,,,,,
ncaab:400916240,ncaab,2017-02-11T19:00Z,final,2641,2305,Texas Tech,Kansas,79,80,,,,0,,,,,,,,,,2,,0,Lubbock,TX,1,976,,,,-6.0,"35,44","42,38",,,,,,,,
ncaab:400916814,ncaab,2017-02-11T19:00Z,final,2335,2127,Liberty,Charleston So,76,69,,,,0,,,,,,,,,,2,,0,Lynchburg,VA,1,192,,,,-5.0,"37,39","27,42",,,,,,,,
ncaab:400916966,ncaab,2017-02-11T19:00Z,final,2717,2430,W Carolina,UNC Greensboro,68,76,,,,0,,,,,,,,,,2,,0,Cullowhee,NC,1,645,,,,-5.0,"31,37","38,38",,,,,,,,
ncaab:400917167,ncaab,2017-02-11T19:00Z,final,2649,2309,Toledo,Kent State,78,58,,,,0,,,,,,,,,,2,,0,Toledo,OH,1,186,,,,-5.0,"44,34","34,24",,,,,,,,
ncaab:400917629,ncaab,2017-02-11T19:00Z,final,2520,2514,Rider,Quinnipiac,112,107,,,,0,,,,,,,,,,2,,0,Lawrenceville,NJ,1,37,,,,-5.0,"47,65","42,65",,,,,,,,
ncaab:400917841,ncaab,2017-02-11T19:00Z,final,2197,2546,E Illinois,SE Missouri,86,80,,,,0,,,,,,,,,,2,,0,Charleston,IL,1,204,,,,-6.0,"42,29,15","41,30,9",,,,,,,,
ncaab:400917844,ncaab,2017-02-11T19:00Z,final,2565,2630,SIUE,UT Martin,73,80,,,,0,,,,,,,,,,2,,0,Edwardsville,IL,1,165,,,,-6.0,"36,37","39,41",,,,,,,,
ncaab:400917977,ncaab,2017-02-11T19:00Z,final,233,2571,South Dakota,S Dakota St,91,89,,,,0,,,,,,,,,,2,,0,Vermillion,SD,1,374,,,,-6.0,"49,42","43,46",,,,,,,,
ncaab:400918220,ncaab,2017-02-11T19:00Z,final,282,2181,Indiana St,Drake,84,60,,,,0,,,,,,,,,,2,,0,Terre Haute,IN,1,152,,,,-5.0,"42,42","31,29",,,,,,,,
ncaab:400918408,ncaab,2017-02-11T19:00Z,final,2325,257,La Salle,Richmond,52,64,,,,0,,,,,,,,,,2,,0,Philadelphia,PA,1,12,,,,-5.0,"24,28","30,34",,,,,,,,
ncaab:400919576,ncaab,2017-02-11T19:00Z,final,2729,232,William & Mary,Charleston,89,79,,,,0,,,,,,,,,,2,,0,Williamsburg,VA,1,25,,,,-5.0,"52,37","37,42",,,,,,,,
ncaab:400919717,ncaab,2017-02-11T19:00Z,final,305,156,DePaul,Creighton,58,93,,,,0,,,,,,,,,,2,,0,Rosemont,IL,1,194,,,,-6.0,"26,32","39,54",,,,,,,,
ncaab:400918427,ncaab,2017-02-11T19:30Z,final,2603,113,Saint Joseph's,UMass,76,87,,,,0,,,,,,,,,,2,,0,Philadelphia,PA,1,12,,,,-5.0,"35,41","43,44",,,,,,,,
ncaab:400919718,ncaab,2017-02-11T19:30Z,final,2752,222,Xavier,Villanova,57,73,,,,0,,,,,,,,,,2,,0,Cincinnati,OH,1,191,,,,-5.0,"23,34","35,38",,,,,,,,
ncaab:400917976,ncaab,2017-02-11T20:00Z,final,2449,2172,N Dakota St,Denver,81,63,,,,0,,,,,,,,,,2,,0,Fargo,ND,1,276,,,,-6.0,"35,46","30,33",,,,,,,,
ncaab:400919107,ncaab,2017-02-11T20:00Z,final,349,44,Army,American,58,61,,,,0,,,,,,,,,,2,,0,West Point,NY,1,47,,,,-5.0,"26,32","30,31",,,,,,,,
ncaab:400918087,ncaab,2017-02-11T20:05Z,final,2130,3084,Chicago St,Utah Valley,54,87,,,,0,,,,,,,,,,2,,0,Chicago,IL,1,179,,,,-6.0,"18,36","37,50",,,,,,,,
ncaab:400910754,ncaab,2017-02-11T20:30Z,final,142,238,Missouri,Vanderbilt,72,52,,,,0,,,,,,,,,,2,,0,Columbia,MO,1,215,,,,-6.0,"35,37","29,23",,,,,,,,
ncaab:400916078,ncaab,2017-02-11T20:30Z,final,2026,2247,App State,Georgia St,77,72,,,,0,,,,,,,,,,2,,0,Boone,NC,1,981,,,,-5.0,"35,42","39,33",,,,,,,,
ncaab:400919237,ncaab,2017-02-11T20:30Z,final,2529,2115,Sacred Heart,C Connecticut,77,62,,,,0,,,,,,,,,,2,,0,Fairfield,CT,1,4,,,,-8.0,"39,38","30,32",,,,,,,,
ncaab:400921263,ncaab,2017-02-11T20:30Z,final,193,2117,Miami OH,C Michigan,81,76,,,,0,,,,,,,,,,2,,0,Oxford,OH,1,283,,,,-5.0,"35,46","38,38",,,,,,,,
ncaab:400910675,ncaab,2017-02-11T21:00Z,final,2633,61,Tennessee,Georgia,75,76,,,,0,,,,,,,,,,2,,0,Knoxville,TN,1,276,,,,-5.0,"36,39","34,42",,,,,,,,
ncaab:400911040,ncaab,2017-02-11T21:00Z,final,197,251,Oklahoma St,Texas,84,71,,,,0,,,,,,,,,,2,,0,Stillwater,OK,1,273,,,,-6.0,"38,46","33,38",,,,,,,,
ncaab:400915037,ncaab,2017-02-11T21:00Z,final,120,194,Maryland,Ohio State,86,77,,,,0,,,,,,,,,,2,,0,College Park,MD,1,21,,,,-5.0,"45,41","31,46",,,,,,,,
ncaab:400915870,ncaab,2017-02-11T21:00Z,final,2351,2501,LMU,Portland,66,60,,,,0,,,,,,,,,,2,,0,Los Angeles,CA,1,89,,,,-8.0,"32,34","26,34",,,,,,,,
ncaab:400916429,ncaab,2017-02-11T21:00Z,final,253,147,Southern Utah,Montana St,78,83,,,,0,,,,,,,,,,2,,0,Cedar City,UT,1,1782,,,,-7.0,"35,43","44,39",,,,,,,,
ncaab:400916432,ncaab,2017-02-11T21:00Z,final,2458,331,N Colorado,E Washington,44,70,,,,0,,,,,,,,,,2,,0,Greeley,CO,1,1425,,,,-7.0,"20,24","28,42",,,,,,,,
ncaab:400916968,ncaab,2017-02-11T21:00Z,final,2193,2382,ETSU,Mercer,88,71,,,,0,,,,,,,,,,2,,0,Johnson City,TN,1,498,,,,-5.0,"44,44","27,44",,,,,,,,
ncaab:400916969,ncaab,2017-02-11T21:00Z,final,231,2535,Furman,Samford,90,73,,,,0,,,,,,,,,,2,,0,Greenville,SC,1,307,,,,-5.0,"42,48","28,45",,,,,,,,
ncaab:400918151,ncaab,2017-02-11T21:00Z,final,79,339,S Illinois,Evansville,70,75,,,,0,,,,,,,,,,2,,0,Carbondale,IL,1,126,,,,-6.0,"26,44","36,39",,,,,,,,
ncaab:400918493,ncaab,2017-02-11T21:00Z,final,82,325,UIC,Cleveland St,63,66,,,,0,,,,,,,,,,2,,0,Chicago,IL,1,179,,,,-6.0,"39,24","35,31",,,,,,,,
ncaab:400918815,ncaab,2017-02-11T21:00Z,final,56,288,Stetson,Lipscomb,85,97,,,,0,,,,,,,,,,2,,0,DeLand,FL,1,12,,,,-5.0,"48,37","48,49",,,,,,,,
ncaab:400919234,ncaab,2017-02-11T21:00Z,final,2523,2681,Robert Morris,Wagner,50,48,,,,0,,,,,,,,,,2,,0,Moon Township,PA,1,358,,,,-5.0,"20,30","24,24",,,,,,,,
ncaab:400919238,ncaab,2017-02-11T21:00Z,final,2803,2597,Bryant,St Francis BK,80,69,,,,0,,,,,,,,,,2,,0,Smithfield,RI,1,84,,,,-5.0,"46,34","29,40",,,,,,,,
ncaab:400919422,ncaab,2017-02-11T21:00Z,final,2636,2348,UTSA,Louisiana Tech,66,72,,,,0,,,,,,,,,,2,,0,San Antonio,TX,1,198,,,,-6.0,"36,30","42,30",,,,,,,,
ncaab:400919597,ncaab,2017-02-11T21:00Z,final,256,48,James Madison,Delaware,57,58,,,,0,,,,,,,,,,2,,0,Harrisonburg,VA,1,404,,,,-5.0,"24,33","23,35",,,,,,,,
ncaab:400919613,ncaab,2017-02-11T21:00Z,final,2182,119,Drexel,Towson,65,69,,,,0,,,,,,,,,,2,,0,Philadelphia,PA,1,12,,,,-5.0,"28,37","33,36",,,,,,,,
ncaab:400919629,ncaab,2017-02-11T21:00Z,final,2210,350,Elon,UNC Wilmington,77,76,,,,0,,,,,,,,,,2,,0,Elon,NC,1,215,,,,-5.0,"38,39","46,30",,,,,,,,
ncaab:400919719,ncaab,2017-02-11T21:00Z,final,2507,2086,Providence,Butler,71,65,,,,0,,,,,,,,,,2,,0,Providence,RI,1,2,,,,-5.0,"23,48","25,40",,,,,,,,
ncaab:400919850,ncaab,2017-02-11T21:00Z,final,36,278,Colorado St,Fresno St,78,62,,,,0,,,,,,,,,,2,,0,Fort Collins,CO,1,1525,,,,-7.0,"31,47","29,33",,,,,,,,
ncaab:400920373,ncaab,2017-02-11T21:00Z,final,2154,2065,Coppin St,Bethune,76,72,,,,0,,,,,,,,,,2,,0,Baltimore,MD,1,10,,,,-5.0,"35,41","38,34",,,,,,,,
ncaab:400920429,ncaab,2017-02-11T21:00Z,final,2415,2169,Morgan St,Delaware St,45,56,,,,0,,,,,,,,,,2,,0,Baltimore,MD,1,10,,,,-5.0,"23,22","18,38",,,,,,,,
ncaab:400920536,ncaab,2017-02-11T21:00Z,final,2448,50,NC A&T,Florida A&M,77,83,,,,0,,,,,,,,,,2,,0,Greensboro,NC,1,266,,,,-5.0,"37,40","34,49",,,,,,,,
ncaab:400920543,ncaab,2017-02-11T21:00Z,final,2428,2569,NC Central,SC State,85,62,,,,0,,,,,,,,,,2,,0,Durham,NC,1,123,,,,-5.0,"40,45","25,37",,,,,,,,
ncaab:400915669,ncaab,2017-02-11T21:30Z,final,254,264,Utah,Washington,85,61,,,,0,,,,,,,,,,2,,0,Salt Lake City,UT,1,1299,,,,-7.0,"44,41","28,33",,,,,,,,
ncaab:400916074,ncaab,2017-02-11T21:30Z,final,324,290,Coastal,GA Southern,82,70,,,,0,,,,,,,,,,2,,0,Conway,SC,1,10,,,,-5.0,"44,38","37,33",,,,,,,,
ncaab:400916813,ncaab,2017-02-11T21:30Z,final,2506,2097,Presbyterian,Campbell,57,70,,,,0,,,,,,,,,,2,,0,Clinton,SC,1,76,,,,-5.0,"27,30","37,33",,,,,,,,
ncaab:400918373,ncaab,2017-02-11T21:30Z,final,45,179,G Washington,St Bonaventure,76,70,,,,0,,,,,,,,,,2,,0,Washington,DC,1,7,,,,-5.0,"42,34","29,41",,,,,,,,
ncaab:400919235,ncaab,2017-02-11T21:30Z,final,112358,161,Long Island,FDU,75,69,,,,0,,,,,,,,,,2,,0,Brooklyn,NY,1,15,,,,-5.0,"37,38","30,39",,,,,,,,
ncaab:400922132,ncaab,2017-02-11T21:30Z,final,2377,357,McNeese,Texas A&M-CC,66,73,,,,0,,,,,,,,,,2,,0,Lake Charles,LA,1,4,,,,-6.0,"35,31","43,30",,,,,,,,
ncaab:400916075,ncaab,2017-02-11T22:00Z,final,2433,6,UL Monroe,South Alabama,63,66,,,,0,,,,,,,,,,2,,0,Monroe,LA,1,23,,,,-6.0,"30,33","31,35",,,,,,,,
ncaab:400916431,ncaab,2017-02-11T22:00Z,final,155,70,North Dakota,Idaho,88,65,,,,0,,,,,,,,,,2,,0,Grand Forks,ND,1,253,,,,-6.0,"49,39","33,32",,,,,,,,
ncaab:400916817,ncaab,2017-02-11T22:00Z,final,2344,2427,Longwood,UNC Asheville,69,91,,,,0,,,,,,,,,,2,,0,Farmville,VA,1,90,,,,-5.0,"35,34","49,42",,,,,,,,
ncaab:400922021,ncaab,2017-02-11T22:00Z,final,2000,2466,Abilene Chrstn,N'Western St,76,72,,,,0,,,,,,,,,,2,,0,Abilene,TX,1,524,,,,-6.0,"36,40","27,45",,,,,,,,
ncaab:400922037,ncaab,2017-02-11T22:00Z,final,2110,2447,C Arkansas,Nicholls,106,83,,,,0,,,,,,,,,,2,,0,Conway,AR,1,95,,,,-6.0,"50,56","41,42",,,,,,,,
ncaab:400922207,ncaab,2017-02-11T22:00Z,final,2400,2016,Miss Valley St,Alcorn St,77,88,,,,0,,,,,,,,,,2,,0,Itta Bena,MS,1,40,,,,-6.0,"41,36","46,42",,,,,,,,
ncaab:400915436,ncaab,2017-02-11T22:30Z,final,59,103,Georgia Tech,Boston College,65,54,,,,0,,,,,,,,,,2,,0,Atlanta,GA,1,320,,,,-5.0,"15,50","22,32",,,,,,,,
ncaab:400916076,ncaab,2017-02-11T22:30Z,final,250,2032,UT Arlington,Arkansas St,81,75,,,,0,,,,,,,,,,2,,0,Arlington,TX,1,184,,,,-6.0,"38,43","27,48",,,,,,,,
ncaab:400916077,ncaab,2017-02-11T22:30Z,final,326,2031,Texas St,Little Rock,56,49,,,,0,,,,,,,,,,2,,0,San Marcos,TX,1,188,,,,-6.0,"24,32","18,31",,,,,,,,
ncaab:400917843,ncaab,2017-02-11T22:30Z,final,55,2634,Jax State,Tennessee St,63,57,,,,0,,,,,,,,,,2,,0,Jacksonville,AL,1,216,,,,-6.0,"26,37","18,39",,,,,,,,
ncaab:400910626,ncaab,2017-02-11T23:00Z,final,145,2,Ole Miss,Auburn,90,84,,,,0,,,,,,,,,,2,,0,Oxford,MS,1,154,,,,-6.0,"27,63","47,37",,,,,,,,
ncaab:400915015,ncaab,2017-02-11T23:00Z,final,127,2294,Michigan St,Iowa,77,66,,,,0,,,,,,,,,,2,,0,East Lansing,MI,1,261,,,,-5.0,"31,46","32,34",,,,,,,,
ncaab:400915435,ncaab,2017-02-11T23:00Z,final,87,52,Notre Dame,Florida St,84,72,,,,0,,,,,,,,,,2,,0,South Bend,IN,1,211,,,,-5.0,"40,44","31,41",,,,,,,,
ncaab:400916241,ncaab,2017-02-11T23:00Z,final,66,201,Iowa State,Oklahoma,80,64,,,,0,,,,,,,,,,2,,0,Ames,IA,1,287,,,,-6.0,"38,42","29,35",,,,,,,,
ncaab:400916623,ncaab,2017-02-11T23:00Z,final,2116,41,UCF,UConn,63,66,,,,0,,,,,,,,,,2,,0,Orlando,FL,1,30,,,,-5.0,"23,40","35,31",,,,,,,,
ncaab:400916624,ncaab,2017-02-11T23:00Z,final,202,248,Tulsa,Houston,64,73,,,,0,,,,,,,,,,2,,0,Tulsa,OK,1,220,,,,-6.0,"25,39","36,37",,,,,,,,
ncaab:400918090,ncaab,2017-02-11T23:00Z,final,68,2005,Boise St,Air Force,76,66,,,,0,,,,,,,,,,2,,0,Boise,ID,1,823,,,,-7.0,"34,42","28,38",,,,,,,,
ncaab:400918355,ncaab,2017-02-11T23:00Z,final,2244,2230,George Mason,Fordham,73,67,,,,0,,,,,,,,,,2,,0,Fairfax,VA,1,131,,,,-5.0,"36,37","29,38",,,,,,,,
ncaab:400919271,ncaab,2017-02-11T23:00Z,final,225,159,Brown,Dartmouth,74,77,,,,0,,,,,,,,,,2,,0,Providence,RI,1,2,,,,-5.0,"36,38","32,45",,,,,,,,
ncaab:400919290,ncaab,2017-02-11T23:00Z,final,163,171,Princeton,Columbia,61,59,,,,0,,,,,,,,,,2,,0,Princeton,NJ,1,62,,,,-5.0,"41,20","26,33",,,,,,,,
ncaab:400919359,ncaab,2017-02-11T23:00Z,final,2393,2429,MTSU,Charlotte,70,55,,,,0,,,,,,,,,,2,,0,Murfreesboro,TN,1,186,,,,-6.0,"33,37","24,31",,,,,,,,
ncaab:400919436,ncaab,2017-02-11T23:00Z,final,98,276,Western KY,Marshall,79,84,,,,0,,,,,,,,,,2,,0,Bowling Green,KY,1,161,,,,-6.0,"34,45","49,35",,,,,,,,
ncaab:400919866,ncaab,2017-02-11T23:00Z,final,2439,23,UNLV,San José St,74,76,,,,0,,,,,,,,,,2,,0,Las Vegas,NV,1,610,,,,-8.0,"36,38","31,45",,,,,,,,
ncaab:400920443,ncaab,2017-02-11T23:15Z,final,2261,47,Hampton,Howard,75,61,,,,0,,,,,,,,,,2,,0,Hampton,VA,1,1,,,,-5.0,"36,39","30,31",,,,,,,,
ncaab:400922642,ncaab,2017-02-11T23:15Z,final,2011,2010,Alabama St,Alabama A&M,97,89,,,,0,,,,,,,,,,2,,0,Montgomery,AL,1,73,,,,-6.0,"27,32,12,9,17","29,30,12,9,9",,,,,,,,
ncaab:400920487,ncaab,2017-02-11T23:30Z,final,2450,2379,Norfolk St,MD Eastern,75,69,,,,0,,,,,,,,,,2,,0,Norfolk,VA,1,2,,,,-5.0,"27,48","36,33",,,,,,,,
ncaab:400922241,ncaab,2017-02-11T23:30Z,final,2755,2640,Grambling,Texas Southern,70,77,,,,0,,,,,,,,,,2,,0,Grambling,LA,1,93,,,,-6.0,"26,44","34,43",,,,,,,,
ncaab:400922263,ncaab,2017-02-11T23:30Z,final,2296,2504,Jackson St,Prairie View,78,69,,,,0,,,,,,,,,,2,,0,Jackson,MS,1,85,,,,-6.0,"34,44","40,29",,,,,,,,
ncaab:400916816,ncaab,2017-02-12T00:00Z,final,2272,2515,High Point,Radford,68,69,,,,0,,,,,,,,,,2,,0,High Point,NC,1,281,,,,-5.0,"26,32,10","20,38,11",,,,,,,,
ncaab:400916965,ncaab,2017-02-12T00:00Z,final,2747,236,Wofford,Chattanooga,65,73,,,,0,,,,,,,,,,2,,0,Spartanburg,SC,1,246,,,,-5.0,"35,30","31,42",,,,,,,,
ncaab:400917168,ncaab,2017-02-12T00:00Z,final,2711,2459,W Michigan,N Illinois,76,67,,,,0,,,,,,,,,,2,,0,Kalamazoo,MI,1,239,,,,-5.0,"32,44","22,45",,,,,,,,
ncaab:400917628,ncaab,2017-02-12T00:00Z,final,2368,2561,Marist,Siena,77,84,,,,0,,,,,,,,,,2,,0,Poughkeepsie,NY,1,62,,,,-5.0,"36,41","36,48",,,,,,,,
ncaab:400917842,ncaab,2017-02-12T00:00Z,final,2198,2413,E Kentucky,Morehead St,62,67,,,,0,,,,,,,,,,2,,0,Richmond,KY,1,289,,,,-5.0,"27,35","35,32",,,,,,,,
ncaab:400917978,ncaab,2017-02-12T00:00Z,final,85,198,IU Indy,Oral Roberts,68,74,,,,0,,,,,,,,,,2,,0,Indianapolis,IN,1,218,,,,-5.0,"31,37","42,32",,,,,,,,
ncaab:400917979,ncaab,2017-02-12T00:00Z,final,2870,2437,Purdue FW,Omaha,108,101,,,,0,,,,,,,,,,2,,0,Fort Wayne,IN,1,247,,,,-5.0,"50,42,16","39,53,9",,,,,,,,
ncaab:400918530,ncaab,2017-02-12T00:00Z,final,2750,2739,Wright St,Green Bay,88,79,,,,0,,,,,,,,,,2,,0,Dayton,OH,1,225,,,,-5.0,"38,50","38,41",,,,,,,,
ncaab:400918546,ncaab,2017-02-12T00:00Z,final,94,270,N Kentucky,Milwaukee,69,63,,,,0,,,,,,,,,,2,,0,Highland Heights,KY,1,260,,,,-5.0,"27,42","35,28",,,,,,,,
ncaab:400918781,ncaab,2017-02-12T00:00Z,final,526,338,FGCU,Kennesaw St,75,63,,,,0,,,,,,,,,,2,,0,Fort Myers,FL,1,3,,,,-5.0,"36,39","29,34",,,,,,,,
ncaab:400918802,ncaab,2017-02-12T00:00Z,final,294,2885,Jacksonville,NJIT,76,73,,,,0,,,,,,,,,,2,,0,Jacksonville,FL,1,5,,,,-5.0,"42,34","37,36",,,,,,,,
ncaab:400918842,ncaab,2017-02-12T00:00Z,final,2454,2908,North Florida,SC Upstate,71,84,,,,0,,,,,,,,,,2,,0,Jacksonville,FL,1,5,,,,-5.0,"31,40","29,55",,,,,,,,
ncaab:400919108,ncaab,2017-02-12T00:00Z,final,2426,322,Navy,Lafayette,68,60,,,,0,,,,,,,,,,2,,0,Annapolis,MD,1,12,,,,-5.0,"23,45","26,34",,,,,,,,
ncaab:400919327,ncaab,2017-02-12T00:00Z,final,43,108,Yale,Harvard,67,75,,,,0,,,,,,,,,,2,,0,New Haven,CT,1,18,,,,-5.0,"36,31","31,44",,,,,,,,
ncaab:400919378,ncaab,2017-02-12T00:00Z,final,2226,242,FAU,Rice,75,81,,,,0,,,,,,,,,,2,,0,Boca Raton,FL,1,4,,,,-5.0,"39,28,8","35,32,14",,,,,,,,
ncaab:400919396,ncaab,2017-02-12T00:00Z,final,2229,249,FIU,North Texas,90,71,,,,0,,,,,,,,,,2,,0,Miami,FL,1,2,,,,-5.0,"38,52","30,41",,,,,,,,
ncaab:400919640,ncaab,2017-02-12T00:00Z,final,111,2275,Northeastern,Hofstra,64,74,,,,0,,,,,,,,,,2,,0,Boston,MA,1,14,,,,-5.0,"35,29","33,41",,,,,,,,
ncaab:400922154,ncaab,2017-02-12T00:00Z,final,2545,2443,SE Louisiana,LSU N Orleans,52,60,,,,0,,,,,,,,,,2,,0,Hammond,LA,1,13,,,,-6.0,"23,29","27,33",,,,,,,,
ncaab:400922095,ncaab,2017-02-12T00:15Z,final,2534,2916,Sam Houston,Incarnate Word,72,63,,,,0,,,,,,,,,,2,,0,Huntsville,TX,1,113,,,,-6.0,"37,35","34,29",,,,,,,,
ncaab:400910737,ncaab,2017-02-12T01:00Z,final,344,2579,Mississippi St,South Carolina,73,77,,,,0,,,,,,,,,,2,,0,Starkville,MS,1,101,,,,-6.0,"36,37","36,41",,,,,,,,
ncaab:400915670,ncaab,2017-02-12T01:00Z,final,9,24,Arizona St,Stanford,75,69,,,,0,,,,,,,,,,2,,0,Tempe,AZ,1,360,,,,-7.0,"32,43","33,36",,,,,,,,
ncaab:400916625,ncaab,2017-02-12T01:00Z,final,58,151,South Florida,East Carolina,64,57,,,,0,,,,,,,,,,2,,0,Tampa,FL,1,1,,,,-5.0,"33,31","22,35",,,,,,,,
ncaab:400917845,ncaab,2017-02-12T01:00Z,final,93,2046,Murray St,Austin Peay,102,58,,,,0,,,,,,,,,,2,,0,Murray,KY,1,163,,,,-6.0,"57,45","26,32",,,,,,,,
ncaab:400918088,ncaab,2017-02-12T01:00Z,final,140,2547,Kansas City,Seattle U,102,72,,,,0,,,,,,,,,,2,,0,Kansas City,MO,1,274,,,,-6.0,"40,62","24,48",,,,,,,,
ncaab:400918276,ncaab,2017-02-12T01:00Z,final,2670,2166,VCU,Davidson,74,60,,,,0,,,,,,,,,,2,,0,Richmond,VA,1,64,,,,-5.0,"31,43","28,32",,,,,,,,
ncaab:400918334,ncaab,2017-02-12T01:00Z,final,139,2184,Saint Louis,Duquesne,87,81,,,,0,,,,,,,,,,2,,0,St. Louis,MO,1,142,,,,-6.0,"43,44","37,44",,,,,,,,
ncaab:400918591,ncaab,2017-02-12T01:00Z,final,2674,2754,Valparaiso,Youngstown St,82,72,,,,0,,,,,,,,,,2,,0,Valparaiso,IN,1,242,,,,-6.0,"43,39","33,39",,,,,,,,
ncaab:400918968,ncaab,2017-02-12T01:00Z,final,302,27,UC Davis,UC Riverside,77,63,,,,0,,,,,,,,,,2,,0,Davis,CA,1,16,,,,-8.0,"34,43","20,43",,,,,,,,
ncaab:400919478,ncaab,2017-02-12T01:00Z,final,5,295,UAB,Old Dominion,62,83,,,,0,,,,,,,,,,2,,0,Birmingham,AL,1,187,,,,-6.0,"30,32","39,44",,,,,,,,
ncaab:400922057,ncaab,2017-02-12T01:00Z,final,2277,2320,Hou Christian,Lamar,94,87,,,,0,,,,,,,,,,2,,0,Houston,TX,1,12,,,,-6.0,"44,50","28,59",,,,,,,,
ncaab:400915873,ncaab,2017-02-12T01:15Z,final,2608,2250,Saint Mary's,Gonzaga,64,74,,,,0,,,,,,,,,,2,,0,Moraga,CA,1,152,,,,-8.0,"31,33","40,34",,,,,,,,
ncaab:400916079,ncaab,2017-02-12T01:15Z,final,309,2653,Louisiana,Troy,88,100,,,,0,,,,,,,,,,2,,0,Lafayette,LA,1,11,,,,-6.0,"39,49","42,58",,,,,,,,
ncaab:400910598,ncaab,2017-02-12T01:30Z,final,99,8,LSU,Arkansas,70,78,,,,0,,,,,,,,,,2,,0,Baton Rouge,LA,1,14,,,,-6.0,"40,30","31,47",,,,,,,,
ncaab:400917846,ncaab,2017-02-12T01:30Z,final,2635,2057,Tennessee Tech,Belmont,83,70,,,,0,,,,,,,,,,2,,0,Cookeville,TN,1,334,,,,-6.0,"34,49","32,38",,,,,,,,
ncaab:400922224,ncaab,2017-02-12T01:30Z,final,2029,2582,AR-Pine Bluff,Southern,68,61,,,,0,,,,,,,,,,2,,0,Pine Bluff,AR,1,67,,,,-6.0,"33,35","29,32",,,,,,,,
ncaab:400915869,ncaab,2017-02-12T02:00Z,final,301,2492,San Diego,Pepperdine,60,65,,,,0,,,,,,,,,,2,,0,San Diego,CA,1,20,,,,-8.0,"27,33","40,25",,,,,,,,
ncaab:400918089,ncaab,2017-02-12T02:00Z,final,2253,166,Grand Canyon,New Mexico St,83,71,,,,0,,,,,,,,,,2,,0,Phoenix,AZ,1,331,,,,-7.0,"38,45","36,35",,,,,,,,
ncaab:400919507,ncaab,2017-02-12T02:00Z,final,2638,2572,UTEP,Southern Miss,80,50,,,,0,,,,,,,,,,2,,0,El Paso,TX,1,1133,,,,-7.0,"41,39","31,19",,,,,,,,
ncaab:400919942,ncaab,2017-02-12T02:00Z,final,328,2751,Utah State,Wyoming,81,74,,,,0,,,,,,,,,,2,,0,Logan,UT,1,1382,,,,-7.0,"43,38","42,32",,,,,,,,
ncaab:400916430,ncaab,2017-02-12T02:30Z,final,2464,149,N Arizona,Montana,59,76,,,,0,,,,,,,,,,2,,0,Flagstaff,AZ,1,2104,,,,-7.0,"31,28","37,39",,,,,,,,
ncaab:400915668,ncaab,2017-02-12T03:00Z,final,12,25,Arizona,California,62,57,,,,0,,,,,,,,,,2,,0,Tucson,AZ,1,759,,,,-7.0,"34,28","25,32",,,,,,,,
ncaab:400915871,ncaab,2017-02-12T03:00Z,final,279,2541,Pacific,Santa Clara,47,64,,,,0,,,,,,,,,,2,,0,Stockton,CA,1,4,,,,-8.0,"27,20","27,37",,,,,,,,
ncaab:400918231,ncaab,2017-02-12T03:00Z,final,2287,71,Illinois St,Bradley,64,50,,,,0,,,,,,,,,,2,,0,Normal,IL,1,244,,,,-6.0,"32,32","15,35",,,,,,,,
ncaab:400921945,ncaab,2017-02-12T03:00Z,final,2934,292,Bakersfield,UT Rio Grande,75,53,,,,0,,,,,,,,,,2,,0,Bakersfield,CA,1,123,,,,-8.0,"40,35","24,29",,,,,,,,
ncaab:400916433,ncaab,2017-02-12T03:05Z,final,16,304,Sacramento St,Idaho St,75,63,,,,0,,,,,,,,,,2,,0,Sacramento,CA,1,9,,,,-8.0,"43,32","31,32",,,,,,,,
ncaab:400916434,ncaab,2017-02-12T03:05Z,final,2502,2692,Portland St,Weber St,93,96,,,,0,,,,,,,,,,2,,0,Portland,OR,1,12,,,,-8.0,"41,42,10","45,38,13",,,,,,,,
ncaab:400915671,ncaab,2017-02-12T03:30Z,final,30,2483,USC,Oregon,70,81,,,,0,,,,,,,,,,2,,0,Los Angeles,CA,1,89,,,,-8.0,"33,37","35,46",,,,,,,,
ncaab:400918898,ncaab,2017-02-12T03:30Z,final,2239,299,Fullerton,Long Beach St,74,69,,,,0,,,,,,,,,,2,,0,Fullerton,CA,1,50,,,,-8.0,"27,47","33,36",,,,,,,,
ncaab:400918919,ncaab,2017-02-12T03:30Z,final,2463,2540,CSU Northridge,Santa Barbara,77,55,,,,0,,,,,,,,,,2,,0,Northridge,CA,1,246,,,,-8.0,"34,43","31,24",,,,,,,,
ncaab:400915872,ncaab,2017-02-12T04:00Z,final,2539,252,San Francisco,BYU,52,68,,,,0,,,,,,,,,,2,,0,San Francisco,CA,1,16,,,,-8.0,"22,30","36,32",,,,,,,,
ncaab:400918959,ncaab,2017-02-12T05:30Z,final,62,300,Hawai'i,UC Irvine,58,72,,,,0,,,,,,,,,,2,,0,Honolulu,HI,1,5,,,,-10.0,"20,38","35,37",,,,,,,,
ncaab:400919109,ncaab,2017-02-12T17:00Z,final,107,2329,Holy Cross,Lehigh,61,45,,,,0,,,,,,,,,,2,,0,Worcester,MA,1,147,,,,-5.0,"26,35","23,22",,,,,,,,
ncaab:400914985,ncaab,2017-02-12T18:00Z,final,84,130,Indiana,Michigan,63,75,,,,0,,,,,,,,,,2,,0,Bloomington,IN,1,235,,,,-5.0,"25,38","35,40",,,,,,,,
ncaab:400918756,ncaab,2017-02-12T18:00Z,final,2378,261,UMBC,Vermont,74,77,,,,0,,,,,,,,,,2,,0,Baltimore,MD,1,10,,,,-5.0,"27,47","32,45",,,,,,,,
ncaab:400919305,ncaab,2017-02-12T18:00Z,final,219,172,Penn,Cornell,82,63,,,,0,,,,,,,,,,2,,0,Philadelphia,PA,1,12,,,,-5.0,"42,40","14,49",,,,,,,,
ncaab:400916627,ncaab,2017-02-12T19:00Z,final,235,218,Memphis,Temple,62,74,,,,0,,,,,,,,,,2,,0,Memphis,TN,1,78,,,,-6.0,"25,37","39,35",,,,,,,,
ncaab:400917630,ncaab,2017-02-12T19:00Z,final,315,314,Niagara,Iona,76,90,,,,0,,,,,,,,,,2,,0,Niagara Falls,NY,1,187,,,,-5.0,"33,43","43,47",,,,,,,,
ncaab:400918654,ncaab,2017-02-12T19:00Z,final,2066,160,Binghamton,New Hampshire,55,63,,,,0,,,,,,,,,,2,,0,Binghamton,NY,1,264,,,,-5.0,"36,19","27,36",,,,,,,,
ncaab:400918675,ncaab,2017-02-12T19:00Z,final,42,2349,Hartford,UMass Lowell,87,84,,,,0,,,,,,,,,,2,,0,West Hartford,CT,1,40,,,,-5.0,"40,30,17","19,51,14",,,,,,,,
ncaab:400918698,ncaab,2017-02-12T19:00Z,final,2619,311,Stony Brook,Maine,67,66,,,,0,,,,,,,,,,2,,0,Stony Brook,NY,1,27,,,,-5.0,"39,28","33,33",,,,,,,,
ncaab:400916626,ncaab,2017-02-12T21:00Z,final,2567,2132,SMU,Cincinnati,60,51,,,,0,,,,,,,,,,2,,0,Dallas,TX,1,128,,,,-6.0,"28,32","28,23",,,,,,,,
ncaab:400918127,ncaab,2017-02-12T21:00Z,final,2350,2724,Loyola Chicago,Wichita St,64,81,,,,0,,,,,,,,,,2,,0,Chicago,IL,1,179,,,,-6.0,"36,28","40,41",,,,,,,,
ncaab:400918169,ncaab,2017-02-12T21:00Z,final,2623,2460,Missouri St,Northern Iowa,52,55,,,,0,,,,,,,,,,2,,0,Springfield,MO,1,396,,,,-6.0,"28,24","27,28",,,,,,,,
ncaab:400919929,ncaab,2017-02-12T21:00Z,final,21,2440,San Diego St,Nevada,70,56,,,,0,,,,,,,,,,2,,0,San Diego,CA,1,20,,,,-8.0,"42,28","28,28",,,,,,,,
ncaab:400915672,ncaab,2017-02-12T22:00Z,final,26,204,UCLA,Oregon St,78,60,,,,0,,,,,,,,,,2,,0,Los Angeles,CA,1,89,,,,-8.0,"32,46","27,33",,,,,,,,
ncaab:400917631,ncaab,2017-02-12T23:00Z,final,2363,2612,Manhattan,Saint Peter's,50,69,,,,0,,,,,,,,,,2,,0,Riverdale,NY,1,159,,,,-8.0,"29,21","30,39",,,,,,,,
ncaab:400914942,ncaab,2017-02-12T23:30Z,final,275,77,Wisconsin,Northwestern,59,66,,,,0,,,,,,,,,,2,,0,Madison,WI,1,267,,,,-6.0,"22,37","31,35",,,,,,,,
ncaab:400915438,ncaab,2017-02-12T23:30Z,final,259,258,Virginia Tech,Virginia,80,78,,,,0,,,,,,,,,,2,,0,Blacksburg,VA,1,633,,,,-5.0,"23,40,5,12","37,26,5,10",,,,,,,,
ncaab:400915673,ncaab,2017-02-13T01:30Z,final,38,265,Colorado,Washington St,81,49,,,,0,,,,,,,,,,2,,0,Boulder,CO,1,1624,,,,-7.0,"37,44","24,25",,,,,,,,
ncaab:400915439,ncaab,2017-02-14T00:00Z,final,183,97,Syracuse,Louisville,72,76,,,,0,,,,,,,,,,2,,0,Syracuse,NY,1,121,,,,-5.0,"25,33,14","29,29,18",,,,,,,,
ncaab:400916080,ncaab,2017-02-14T00:00Z,final,324,2247,Coastal,Georgia St,65,64,,,,0,,,,,,,,,,2,,0,Conway,SC,1,10,,,,-5.0,"25,40","29,35",,,,,,,,
ncaab:400916084,ncaab,2017-02-14T00:00Z,final,2026,290,App State,GA Southern,83,78,,,,0,,,,,,,,,,2,,0,Boone,NC,1,981,,,,-5.0,"41,42","33,45",,,,,,,,
ncaab:400916242,ncaab,2017-02-14T00:00Z,final,2641,239,Texas Tech,Baylor,84,78,,,,0,,,,,,,,,,2,,0,Lubbock,TX,1,976,,,,-6.0,"32,52","36,42",,,,,,,,
ncaab:400916970,ncaab,2017-02-14T00:00Z,final,2678,231,VMI,Furman,52,80,,,,0,,,,,,,,,,2,,0,Lexington,VA,1,324,,,,-5.0,"19,33","35,45",,,,,,,,
ncaab:400917632,ncaab,2017-02-14T00:00Z,final,2217,2520,Fairfield,Rider,69,67,,,,0,,,,,,,,,,2,,0,Fairfield,CT,1,4,,,,-8.0,"37,32","41,26",,,,,,,,
ncaab:400917633,ncaab,2017-02-14T00:00Z,final,2561,2405,Siena,Monmouth,82,102,,,,0,,,,,,,,,,2,,0,Albany,NY,1,45,,,,-5.0,"46,36","47,55",,,,,,,,
ncaab:400919110,ncaab,2017-02-14T00:00Z,final,2083,2142,Bucknell,Colgate,75,58,,,,0,,,,,,,,,,2,,0,Lewisburg,PA,1,144,,,,-5.0,"37,38","29,29",,,,,,,,
ncaab:400920374,ncaab,2017-02-14T00:30Z,final,2379,2065,MD Eastern,Bethune,82,81,,,,0,,,,,,,,,,2,,0,Princess Anne,MD,1,5,,,,-5.0,"34,40,8","39,35,7",,,,,,,,
ncaab:400920410,ncaab,2017-02-14T00:45Z,final,2154,2169,Coppin St,Delaware St,83,75,,,,0,,,,,,,,,,2,,0,Baltimore,MD,1,10,,,,-5.0,"39,44","33,42",,,,,,,,
ncaab:400920537,ncaab,2017-02-14T00:45Z,final,2448,2569,NC A&T,SC State,65,72,,,,0,,,,,,,,,,2,,0,Greensboro,NC,1,266,,,,-5.0,"29,36","36,36",,,,,,,,
ncaab:400922278,ncaab,2017-02-14T00:45Z,final,2428,50,NC Central,Florida A&M,78,73,,,,0,,,,,,,,,,2,,0,Durham,NC,1,123,,,,-5.0,"31,47","33,40",,,,,,,,
ncaab:400916081,ncaab,2017-02-14T01:00Z,final,2433,2653,UL Monroe,Troy,72,73,,,,0,,,,,,,,,,2,,0,Monroe,LA,1,23,,,,-6.0,"33,31,8","27,37,9",,,,,,,,
ncaab:400916083,ncaab,2017-02-14T01:00Z,final,326,2032,Texas St,Arkansas St,62,58,,,,0,,,,,,,,,,2,,0,San Marcos,TX,1,188,,,,-6.0,"25,37","27,31",,,,,,,,
ncaab:400916085,ncaab,2017-02-14T01:00Z,final,309,6,Louisiana,South Alabama,87,61,,,,0,,,,,,,,,,2,,0,Lafayette,LA,1,11,,,,-6.0,"37,50","28,33",,,,,,,,
ncaab:400922208,ncaab,2017-02-14T01:30Z,final,2029,2016,AR-Pine Bluff,Alcorn St,58,70,,,,0,,,,,,,,,,2,,0,Pine Bluff,AR,1,67,,,,-6.0,"39,19","39,31",,,,,,,,
ncaab:400922242,ncaab,2017-02-14T01:30Z,final,2755,2504,Grambling,Prairie View,61,58,,,,0,,,,,,,,,,2,,0,Grambling,LA,1,93,,,,-6.0,"38,23","30,28",,,,,,,,
ncaab:400922253,ncaab,2017-02-14T01:30Z,final,2400,2582,Miss Valley St,Southern,72,81,,,,0,,,,,,,,,,2,,0,Itta Bena,MS,1,40,,,,-6.0,"33,39","35,46",,,,,,,,
ncaab:400922388,ncaab,2017-02-14T01:30Z,final,2296,2640,Jackson St,Texas Southern,71,62,,,,0,,,,,,,,,,2,,0,Jackson,MS,1,85,,,,-6.0,"36,35","30,32",,,,,,,,
ncaab:400916082,ncaab,2017-02-14T02:00Z,final,250,2031,UT Arlington,Little Rock,71,55,,,,0,,,,,,,,,,2,,0,Arlington,TX,1,184,,,,-6.0,"30,41","29,26",,,,,,,,
ncaab:400916243,ncaab,2017-02-14T02:00Z,final,2305,277,Kansas,West Virginia,84,80,,,,0,,,,,,,,,,2,,0,Lawrence,KS,1,263,,,,-6.0,"32,39,13","39,32,9",,,,,,,,
ncaab:400919720,ncaab,2017-02-14T02:00Z,final,305,222,DePaul,Villanova,62,75,,,,0,,,,,,,,,,2,,0,Rosemont,IL,1,194,,,,-6.0,"18,44","39,36",,,,,,,,
ncaab:400920028,ncaab,2017-02-14T02:00Z,final,47,2415,Howard,Morgan St,70,67,,,,0,,,,,,,,,,2,,0,Washington,DC,1,7,,,,-5.0,"34,36","36,31",,,,,,,,
ncaab:400918461,ncaab,2017-02-14T23:00Z,final,2670,2603,VCU,Saint Joseph's,91,81,,,,0,,,,,,,,,,2,,0,Richmond,VA,1,64,,,,-5.0,"48,43","44,37",,,,,,,,
ncaab:400910627,ncaab,2017-02-15T00:00Z,final,2,57,Auburn,Florida,95,114,,,,0,,,,,,,,,,2,,0,Auburn,AL,1,215,,,,-6.0,"50,45","50,64",,,,,,,,
ncaab:400910699,ncaab,2017-02-15T00:00Z,final,96,2633,Kentucky,Tennessee,83,58,,,,0,,,,,,,,,,2,,0,Lexington,KY,1,295,,,,-5.0,"47,36","32,26",,,,,,,,
ncaab:400915194,ncaab,2017-02-15T00:00Z,final,2509,164,Purdue,Rutgers,74,55,,,,0,,,,,,,,,,2,,0,West Lafayette,IN,1,186,,,,-5.0,"33,41","26,29",,,,,,,,
ncaab:400915440,ncaab,2017-02-15T00:00Z,final,103,87,Boston College,Notre Dame,76,84,,,,0,,,,,,,,,,2,,0,Chestnut Hill,MA,1,60,,,,-5.0,"49,27","39,45",,,,,,,,
ncaab:400915441,ncaab,2017-02-15T00:00Z,final,228,154,Clemson,Wake Forest,95,83,,,,0,,,,,,,,,,2,,0,Clemson,SC,1,221,,,,-5.0,"46,49","32,51",,,,,,,,
ncaab:400915442,ncaab,2017-02-15T00:00Z,final,221,259,Pitt,Virginia Tech,63,66,,,,0,,,,,,,,,,2,,0,Pittsburgh,PA,1,233,,,,-5.0,"40,23","29,37",,,,,,,,
ncaab:400916628,ncaab,2017-02-15T00:00Z,final,2116,202,UCF,Tulsa,71,53,,,,0,,,,,,,,,,2,,0,Orlando,FL,1,30,,,,-5.0,"31,40","27,26",,,,,,,,
ncaab:400916818,ncaab,2017-02-15T00:00Z,final,2335,2272,Liberty,High Point,55,52,,,,0,,,,,,,,,,2,,0,Lynchburg,VA,1,192,,,,-5.0,"29,26","24,28",,,,,,,,
ncaab:400917171,ncaab,2017-02-15T00:00Z,final,2711,189,W Michigan,Bowling Green,89,79,,,,0,,,,,,,,,,2,,0,Kalamazoo,MI,1,239,,,,-5.0,"40,49","37,42",,,,,,,,
ncaab:400917172,ncaab,2017-02-15T00:00Z,final,2117,2084,C Michigan,Buffalo,93,99,,,,0,,,,,,,,,,2,,0,Mount Pleasant,MI,1,235,,,,-5.0,"36,57","42,57",,,,,,,,
ncaab:400917173,ncaab,2017-02-15T00:00Z,final,2309,193,Kent State,Miami OH,76,72,,,,0,,,,,,,,,,2,,0,Kent,OH,1,325,,,,-5.0,"26,50","31,41",,,,,,,,
ncaab:400917174,ncaab,2017-02-15T00:00Z,final,2199,195,E Michigan,Ohio,71,79,,,,0,,,,,,,,,,2,,0,Ypsilanti,MI,1,219,,,,-5.0,"26,45","26,53",,,,,,,,
ncaab:400917175,ncaab,2017-02-15T00:00Z,final,2006,2649,Akron,Toledo,71,65,,,,0,,,,,,,,,,2,,0,Akron,OH,1,291,,,,-5.0,"33,38","37,28",,,,,,,,
ncaab:400917635,ncaab,2017-02-15T00:00Z,final,2099,314,Canisius,Iona,89,83,,,,0,,,,,,,,,,2,,0,Buffalo,NY,1,183,,,,-5.0,"46,43","41,42",,,,,,,,
ncaab:400918391,ncaab,2017-02-15T00:00Z,final,2244,257,George Mason,Richmond,93,70,,,,0,,,,,,,,,,2,,0,Fairfax,VA,1,131,,,,-5.0,"41,52","28,42",,,,,,,,
ncaab:400917634,ncaab,2017-02-15T00:30Z,final,2612,2368,Saint Peter's,Marist,71,46,,,,0,,,,,,,,,,2,,0,Jersey City,NJ,1,9,,,,-5.0,"30,41","16,30",,,,,,,,
ncaab:400917980,ncaab,2017-02-15T01:00Z,final,2710,2172,W Illinois,Denver,72,78,,,,0,,,,,,,,,,2,,0,Macomb,IL,1,215,,,,-6.0,"27,45","49,29",,,,,,,,
ncaab:400918240,ncaab,2017-02-15T01:00Z,final,339,2181,Evansville,Drake,87,70,,,,0,,,,,,,,,,2,,0,Evansville,IN,1,118,,,,-6.0,"40,47","37,33",,,,,,,,
ncaab:400918314,ncaab,2017-02-15T01:00Z,final,139,2168,Saint Louis,Dayton,63,85,,,,0,,,,,,,,,,2,,0,St. Louis,MO,1,142,,,,-6.0,"17,46","41,44",,,,,,,,
ncaab:400910676,ncaab,2017-02-15T02:00Z,final,61,344,Georgia,Mississippi St,79,72,,,,0,,,,,,,,,,2,,0,Athens,GA,1,228,,,,-5.0,"28,51","32,40",,,,,,,,
ncaab:400910719,ncaab,2017-02-15T02:00Z,final,145,99,Ole Miss,LSU,96,76,,,,0,,,,,,,,,,2,,0,Oxford,MS,1,154,,,,-6.0,"44,52","47,29",,,,,,,,
ncaab:400911041,ncaab,2017-02-15T02:00Z,final,201,251,Oklahoma,Texas,70,66,,,,0,,,,,,,,,,2,,0,Norman,OK,1,357,,,,-6.0,"38,32","39,27",,,,,,,,
ncaab:400915080,ncaab,2017-02-15T02:00Z,final,127,194,Michigan St,Ohio State,74,66,,,,0,,,,,,,,,,2,,0,East Lansing,MI,1,261,,,,-5.0,"40,34","34,32",,,,,,,,
ncaab:400915116,ncaab,2017-02-15T02:00Z,final,158,213,Nebraska,Penn State,82,66,,,,0,,,,,,,,,,2,,0,Lincoln,NE,1,367,,,,-6.0,"45,37","37,29",,,,,,,,
ncaab:400917170,ncaab,2017-02-15T02:00Z,final,2459,2050,N Illinois,Ball State,72,81,,,,0,,,,,,,,,,2,,0,Dekalb,IL,1,268,,,,-6.0,"39,22,11","31,30,20",,,,,,,,
ncaab:400919851,ncaab,2017-02-15T02:00Z,final,2751,36,Wyoming,Colorado St,73,78,,,,0,,,,,,,,,,2,,0,Laramie,WY,1,2184,,,,-7.0,"33,40","41,37",,,,,,,,
ncaab:400919831,ncaab,2017-02-15T03:00Z,final,167,68,New Mexico,Boise St,78,73,,,,0,,,,,,,,,,2,,0,Albuquerque,NM,1,1511,,,,-7.0,"35,43","25,48",,,,,,,,
ncaab:400919240,ncaab,2017-02-15T23:00Z,final,2597,112358,St Francis BK,Long Island,45,82,,,,0,,,,,,,,,,2,,0,Brooklyn,NY,1,15,,,,-5.0,"25,20","48,34",,,,,,,,
ncaab:400910599,ncaab,2017-02-15T23:30Z,final,2579,8,South Carolina,Arkansas,76,83,,,,0,,,,,,,,,,2,,0,Columbia,SC,1,89,,,,-5.0,"32,44","39,44",,,,,,,,
ncaab:400919721,ncaab,2017-02-15T23:30Z,final,2507,2752,Providence,Xavier,75,63,,,,0,,,,,,,,,,2,,0,Providence,RI,1,2,,,,-5.0,"29,46","31,32",,,,,,,,
ncaab:400915038,ncaab,2017-02-16T00:00Z,final,77,120,Northwestern,Maryland,64,74,,,,0,,,,,,,,,,2,,0,Evanston,IL,1,187,,,,-6.0,"22,42","32,42",,,,,,,,
ncaab:400916244,ncaab,2017-02-16T00:00Z,final,2306,66,Kansas St,Iowa State,79,87,,,,0,,,,,,,,,,2,,0,Manhattan,KS,1,311,,,,-6.0,"26,53","42,45",,,,,,,,
ncaab:400916629,ncaab,2017-02-16T00:00Z,final,151,218,East Carolina,Temple,78,64,,,,0,,,,,,,,,,2,,0,Greenville,NC,1,18,,,,-5.0,"37,41","38,26",,,,,,,,
ncaab:400916630,ncaab,2017-02-16T00:00Z,final,58,2132,South Florida,Cincinnati,54,68,,,,0,,,,,,,,,,2,,0,Tampa,FL,1,1,,,,-5.0,"22,32","30,38",,,,,,,,
ncaab:400916820,ncaab,2017-02-16T00:00Z,final,2241,2515,Gardner-Webb,Radford,70,59,,,,0,,,,,,,,,,2,,0,Boiling Springs,NC,1,269,,,,-5.0,"44,26","31,28",,,,,,,,
ncaab:400916821,ncaab,2017-02-16T00:00Z,final,2344,2737,Longwood,Winthrop,63,83,,,,0,,,,,,,,,,2,,0,Farmville,VA,1,90,,,,-5.0,"28,35","39,44",,,,,,,,
ncaab:400916822,ncaab,2017-02-16T00:00Z,final,2427,2506,UNC Asheville,Presbyterian,89,48,,,,0,,,,,,,,,,2,,0,Asheville,NC,1,649,,,,-5.0,"41,48","20,28",,,,,,,,
ncaab:400916971,ncaab,2017-02-16T00:00Z,final,2717,231,W Carolina,Furman,62,74,,,,0,,,,,,,,,,2,,0,Cullowhee,NC,1,645,,,,-5.0,"31,31","37,37",,,,,,,,
ncaab:400916972,ncaab,2017-02-16T00:00Z,final,2193,2535,ETSU,Samford,79,77,,,,0,,,,,,,,,,2,,0,Johnson City,TN,1,498,,,,-5.0,"38,41","39,38",,,,,,,,
ncaab:400916973,ncaab,2017-02-16T00:00Z,final,2678,236,VMI,Chattanooga,68,74,,,,0,,,,,,,,,,2,,0,Lexington,VA,1,324,,,,-5.0,"25,43","34,40",,,,,,,,
ncaab:400916974,ncaab,2017-02-16T00:00Z,final,2430,2747,UNC Greensboro,Wofford,74,55,,,,0,,,,,,,,,,2,,0,Greensboro,NC,1,266,,,,-5.0,"38,36","21,34",,,,,,,,
ncaab:400917982,ncaab,2017-02-16T00:00Z,final,2870,2449,Purdue FW,N Dakota St,77,61,,,,0,,,,,,,,,,2,,0,Fort Wayne,IN,1,247,,,,-5.0,"33,44","25,36",,,,,,,,
ncaab:400918128,ncaab,2017-02-16T00:00Z,final,79,2724,S Illinois,Wichita St,68,87,,,,0,,,,,,,,,,2,,0,Carbondale,IL,1,126,,,,-6.0,"33,35","37,50",,,,,,,,
ncaab:400918277,ncaab,2017-02-16T00:00Z,final,2166,45,Davidson,G Washington,74,63,,,,0,,,,,,,,,,2,,0,Davidson,NC,1,256,,,,-5.0,"37,37","34,29",,,,,,,,
ncaab:400918335,ncaab,2017-02-16T00:00Z,final,2184,113,Duquesne,UMass,96,66,,,,0,,,,,,,,,,2,,0,Pittsburgh,PA,1,233,,,,-5.0,"51,45","34,32",,,,,,,,
ncaab:400918356,ncaab,2017-02-16T00:00Z,final,227,2230,Rhode Island,Fordham,43,53,,,,0,,,,,,,,,,2,,0,Kingston,RI,1,75,,,,-5.0,"21,22","25,28",,,,,,,,
ncaab:400918409,ncaab,2017-02-16T00:00Z,final,179,2325,St Bonaventure,La Salle,83,65,,,,0,,,,,,,,,,2,,0,Saint Bonaventure,NY,1,435,,,,-5.0,"51,32","30,35",,,,,,,,
ncaab:400918625,ncaab,2017-02-16T00:00Z,final,399,2378,UAlbany,UMBC,78,69,,,,0,,,,,,,,,,2,,0,Albany,NY,1,45,,,,-5.0,"28,50","31,38",,,,,,,,
ncaab:400918676,ncaab,2017-02-16T00:00Z,final,42,2619,Hartford,Stony Brook,54,66,,,,0,,,,,,,,,,2,,0,West Hartford,CT,1,40,,,,-5.0,"22,32","25,41",,,,,,,,
ncaab:400918699,ncaab,2017-02-16T00:00Z,final,160,311,New Hampshire,Maine,64,51,,,,0,,,,,,,,,,2,,0,Durham,NH,1,15,,,,-5.0,"35,29","19,32",,,,,,,,
ncaab:400918715,ncaab,2017-02-16T00:00Z,final,2349,261,UMass Lowell,Vermont,66,87,,,,0,,,,,,,,,,2,,0,Lowell,MA,1,36,,,,-5.0,"31,35","44,43",,,,,,,,
ncaab:400919111,ncaab,2017-02-16T00:00Z,final,2142,104,Colgate,Boston U,68,69,,,,0,,,,,,,,,,2,,0,Hamilton,NY,1,181,,,,-5.0,"24,44","33,36",,,,,,,,
ncaab:400919112,ncaab,2017-02-16T00:00Z,final,2329,2426,Lehigh,Navy,74,55,,,,0,,,,,,,,,,2,,0,Bethlehem,PA,1,109,,,,-5.0,"35,39","23,32",,,,,,,,
ncaab:400919113,ncaab,2017-02-16T00:00Z,final,107,349,Holy Cross,Army,47,52,,,,0,,,,,,,,,,2,,0,Worcester,MA,1,147,,,,-5.0,"25,22","32,20",,,,,,,,
ncaab:400919115,ncaab,2017-02-16T00:00Z,final,322,44,Lafayette,American,78,65,,,,0,,,,,,,,,,2,,0,Easton,PA,1,97,,,,-5.0,"36,42","28,37",,,,,,,,
ncaab:400916819,ncaab,2017-02-16T00:30Z,final,2127,2097,Charleston So,Campbell,72,69,,,,0,,,,,,,,,,2,,0,Charleston,SC,1,6,,,,-5.0,"32,40","37,32",,,,,,,,
ncaab:400919114,ncaab,2017-02-16T00:30Z,final,2352,2083,Loyola MD,Bucknell,78,77,,,,0,,,,,,,,,,2,,0,Baltimore,MD,1,10,,,,-5.0,"43,35","34,43",,,,,,,,
ncaab:400915443,ncaab,2017-02-16T01:00Z,final,2390,59,Miami,Georgia Tech,70,61,,,,0,,,,,,,,,,2,,0,Coral Gables,FL,1,3,,,,-5.0,"38,32","32,29",,,,,,,,
ncaab:400915444,ncaab,2017-02-16T01:00Z,final,152,153,NC State,North Carolina,73,97,,,,0,,,,,,,,,,2,,0,Raleigh,NC,1,96,,,,-5.0,"37,36","51,46",,,,,,,,
ncaab:400917981,ncaab,2017-02-16T01:00Z,final,2571,85,S Dakota St,IU Indy,81,67,,,,0,,,,,,,,,,2,,0,Brookings,SD,1,494,,,,-6.0,"26,55","33,34",,,,,,,,
ncaab:400918170,ncaab,2017-02-16T01:00Z,final,2460,71,Northern Iowa,Bradley,64,61,,,,0,,,,,,,,,,2,,0,Cedar Falls,IA,1,268,,,,-6.0,"31,33","34,27",,,,,,,,
ncaab:400918206,ncaab,2017-02-16T01:00Z,final,2350,282,Loyola Chicago,Indiana St,64,46,,,,0,,,,,,,,,,2,,0,Chicago,IL,1,179,,,,-6.0,"24,40","20,26",,,,,,,,
ncaab:400919722,ncaab,2017-02-16T01:00Z,final,2550,156,Seton Hall,Creighton,87,81,,,,0,,,,,,,,,,2,,0,Newark,NJ,1,9,,,,-5.0,"41,46","40,41",,,,,,,,
ncaab:400933428,ncaab,2017-02-16T01:00Z,final,2450,2569,Norfolk St,SC State,81,70,,,,0,,,,,,,,,,2,,0,Norfolk,VA,1,2,,,,-5.0,"39,42","34,36",,,,,,,,
ncaab:400910563,ncaab,2017-02-16T01:30Z,final,142,333,Missouri,Alabama,54,57,,,,0,,,,,,,,,,2,,0,Columbia,MO,1,215,,,,-6.0,"23,31","18,39",,,,,,,,
ncaab:400919723,ncaab,2017-02-16T01:30Z,final,2086,2599,Butler,St John's,110,86,,,,0,,,,,,,,,,2,,0,Indianapolis,IN,1,218,,,,-5.0,"54,56","35,51",,,,,,,,
ncaab:400922096,ncaab,2017-02-16T01:30Z,final,2916,357,Incarnate Word,Texas A&M-CC,81,97,,,,0,,,,,,,,,,2,,0,San Antonio,TX,1,198,,,,-6.0,"45,36","44,53",,,,,,,,
ncaab:400914986,ncaab,2017-02-16T02:00Z,final,135,84,Minnesota,Indiana,75,74,,,,0,,,,,,,,,,2,,0,Minneapolis,MN,1,253,,,,-6.0,"33,42","29,45",,,,,,,,
ncaab:400915445,ncaab,2017-02-16T02:00Z,final,258,150,Virginia,Duke,55,65,,,,0,,,,,,,,,,2,,0,Charlottesville,VA,1,142,,,,-5.0,"25,30","21,44",,,,,,,,
ncaab:400916245,ncaab,2017-02-16T02:00Z,final,2628,197,TCU,Oklahoma St,68,71,,,,0,,,,,,,,,,2,,0,Fort Worth,TX,1,199,,,,-6.0,"29,39","34,37",,,,,,,,
ncaab:400916631,ncaab,2017-02-16T02:00Z,final,2567,2655,SMU,Tulane,80,75,,,,0,,,,,,,,,,2,,0,Dallas,TX,1,128,,,,-6.0,"27,53","42,33",,,,,,,,
ncaab:400918187,ncaab,2017-02-16T02:00Z,final,2623,2287,Missouri St,Illinois St,66,67,,,,0,,,,,,,,,,2,,0,Springfield,MO,1,396,,,,-6.0,"33,33","29,38",,,,,,,,
ncaab:400919814,ncaab,2017-02-16T02:00Z,final,2005,2440,Air Force,Nevada,59,78,,,,0,,,,,,,,,,2,,0,Colorado Springs,CO,1,1832,,,,-7.0,"28,31","41,37",,,,,,,,
ncaab:400918883,ncaab,2017-02-16T03:00Z,final,2463,13,CSU Northridge,Cal Poly,71,85,,,,0,,,,,,,,,,2,,0,Northridge,CA,1,246,,,,-8.0,"22,49","45,40",,,,,,,,
ncaab:400919882,ncaab,2017-02-16T03:00Z,final,278,23,Fresno St,San José St,77,59,,,,0,,,,,,,,,,2,,0,Fresno,CA,1,94,,,,-8.0,"30,47","35,24",,,,,,,,
ncaab:400919930,ncaab,2017-02-16T03:00Z,final,328,21,Utah State,San Diego St,62,66,,,,0,,,,,,,,,,2,,0,Logan,UT,1,1382,,,,-7.0,"29,33","32,34",,,,,,,,
ncaab:400910817,ncaab,2017-02-17T00:00Z,final,238,245,Vanderbilt,Texas A&M,72,67,,,,0,,,,,,,,,,2,,0,Nashville,TN,1,170,,,,-6.0,"35,37","34,33",,,,,,,,
ncaab:400914943,ncaab,2017-02-17T00:00Z,final,130,275,Michigan,Wisconsin,64,58,,,,0,,,,,,,,,,2,,0,Ann Arbor,MI,1,269,,,,-5.0,"30,34","31,27",,,,,,,,
ncaab:400917636,ncaab,2017-02-17T00:00Z,final,2561,2363,Siena,Manhattan,94,71,,,,0,,,,,,,,,,2,,0,Albany,NY,1,45,,,,-5.0,"41,53","29,42",,,,,,,,
ncaab:400917849,ncaab,2017-02-17T00:00Z,final,93,2565,Murray St,SIUE,84,73,,,,0,,,,,,,,,,2,,0,Murray,KY,1,163,,,,-6.0,"38,46","35,38",,,,,,,,
ncaab:400918782,ncaab,2017-02-17T00:00Z,final,2885,526,NJIT,FGCU,73,80,,,,0,,,,,,,,,,2,,0,Newark,NJ,1,9,,,,-5.0,"42,31","37,43",,,,,,,,
ncaab:400918803,ncaab,2017-02-17T00:00Z,final,338,294,Kennesaw St,Jacksonville,78,79,,,,0,,,,,,,,,,2,,0,Kennesaw,GA,1,332,,,,-5.0,"34,44","39,40",,,,,,,,
ncaab:400918855,ncaab,2017-02-17T00:00Z,final,2908,56,SC Upstate,Stetson,72,83,,,,0,,,,,,,,,,2,,0,Spartanburg,SC,1,246,,,,-5.0,"30,42","39,44",,,,,,,,
ncaab:400919239,ncaab,2017-02-17T00:00Z,final,2681,116,Wagner,Mount St Marys,69,65,,,,0,,,,,,,,,,2,,0,Staten Island,NY,1,21,,,,-5.0,"25,44","36,29",,,,,,,,
ncaab:400919241,ncaab,2017-02-17T00:00Z,final,2529,161,Sacred Heart,FDU,91,81,,,,0,,,,,,,,,,2,,0,Fairfield,CT,1,4,,,,-8.0,"51,40","42,39",,,,,,,,
ncaab:400919242,ncaab,2017-02-17T00:00Z,final,2115,2598,C Connecticut,Saint Francis,71,80,,,,0,,,,,,,,,,2,,0,New Britain,CT,1,51,,,,-5.0,"37,34","31,49",,,,,,,,
ncaab:400919243,ncaab,2017-02-17T00:00Z,final,2803,2523,Bryant,Robert Morris,81,73,,,,0,,,,,,,,,,2,,0,Smithfield,RI,1,84,,,,-5.0,"32,49","27,46",,,,,,,,
ncaab:400919437,ncaab,2017-02-17T00:00Z,final,276,5,Marshall,UAB,74,59,,,,0,,,,,,,,,,2,,0,Huntington,WV,1,173,,,,-5.0,"34,40","34,25",,,,,,,,
ncaab:400919577,ncaab,2017-02-17T00:00Z,final,2275,232,Hofstra,Charleston,72,76,,,,0,,,,,,,,,,2,,0,Hempstead,NY,1,17,,,,-5.0,"34,38","40,36",,,,,,,,
ncaab:400919598,ncaab,2017-02-17T00:00Z,final,48,2182,Delaware,Drexel,68,67,,,,0,,,,,,,,,,2,,0,Newark,DE,1,38,,,,-5.0,"32,36","30,37",,,,,,,,
ncaab:400919630,ncaab,2017-02-17T00:00Z,final,119,2210,Towson,Elon,85,66,,,,0,,,,,,,,,,2,,0,Towson,MD,1,141,,,,-5.0,"37,48","33,33",,,,,,,,
ncaab:400919772,ncaab,2017-02-17T00:00Z,final,256,2729,James Madison,William & Mary,95,92,,,,0,,,,,,,,,,2,,0,Harrisonburg,VA,1,404,,,,-5.0,"49,32,14","38,43,11",,,,,,,,
ncaab:400919787,ncaab,2017-02-17T00:00Z,final,111,350,Northeastern,UNC Wilmington,65,66,,,,0,,,,,,,,,,2,,0,Boston,MA,1,14,,,,-5.0,"19,46","39,27",,,,,,,,
ncaab:400918816,ncaab,2017-02-17T00:30Z,final,288,2454,Lipscomb,North Florida,82,93,,,,0,,,,,,,,,,2,,0,Nashville,TN,1,170,,,,-6.0,"33,49","41,52",,,,,,,,
ncaab:400919379,ncaab,2017-02-17T00:30Z,final,2348,2226,Louisiana Tech,FAU,95,69,,,,0,,,,,,,,,,2,,0,Ruston,LA,1,102,,,,-6.0,"45,50","35,34",,,,,,,,
ncaab:400922038,ncaab,2017-02-17T00:30Z,final,2447,2110,Nicholls,C Arkansas,96,89,,,,0,,,,,,,,,,2,,0,Thibodaux,LA,1,4,,,,-6.0,"36,44,16","33,47,9",,,,,,,,
ncaab:400918494,ncaab,2017-02-17T00:45Z,final,325,94,Cleveland St,N Kentucky,60,62,,,,0,,,,,,,,,,2,,0,Cleveland,OH,1,199,,,,-5.0,"27,33","33,29",,,,,,,,
ncaab:400918597,ncaab,2017-02-17T00:45Z,final,2754,2750,Youngstown St,Wright St,81,84,,,,0,,,,,,,,,,2,,0,Youngstown,OH,1,259,,,,-5.0,"34,47","43,41",,,,,,,,
ncaab:400917637,ncaab,2017-02-17T01:00Z,final,2405,315,Monmouth,Niagara,93,75,,,,0,,,,,,,,,,2,,0,West Long Branch,NJ,1,9,,,,-5.0,"54,39","36,39",,,,,,,,
ncaab:400917847,ncaab,2017-02-17T01:00Z,final,2046,2197,Austin Peay,E Illinois,85,80,,,,0,,,,,,,,,,2,,0,Clarksville,TN,1,145,,,,-6.0,"33,52","43,37",,,,,,,,
ncaab:400917848,ncaab,2017-02-17T01:00Z,final,2057,2198,Belmont,E Kentucky,76,72,,,,0,,,,,,,,,,2,,0,Nashville,TN,1,170,,,,-6.0,"37,39","38,34",,,,,,,,
ncaab:400917983,ncaab,2017-02-17T01:00Z,final,2437,198,Omaha,Oral Roberts,83,76,,,,0,,,,,,,,,,2,,0,Omaha,NE,1,323,,,,-6.0,"30,37,16","32,35,9",,,,,,,,
ncaab:400919397,ncaab,2017-02-17T01:00Z,final,2572,2229,Southern Miss,FIU,69,66,,,,0,,,,,,,,,,2,,0,Hattiesburg,MS,1,52,,,,-6.0,"15,45,9","22,38,6",,,,,,,,
ncaab:400919466,ncaab,2017-02-17T01:00Z,final,249,2638,North Texas,UTEP,71,77,,,,0,,,,,,,,,,2,,0,Denton,TX,1,201,,,,-6.0,"29,36,6","28,37,12",,,,,,,,
ncaab:400919493,ncaab,2017-02-17T01:00Z,final,242,2636,Rice,UTSA,80,68,,,,0,,,,,,,,,,2,,0,Houston,TX,1,12,,,,-6.0,"28,52","27,41",,,,,,,,
ncaab:400922022,ncaab,2017-02-17T01:00Z,final,2377,2000,McNeese,Abilene Chrstn,78,82,,,,0,,,,,,,,,,2,,0,Lake Charles,LA,1,4,,,,-6.0,"34,44","34,48",,,,,,,,
ncaab:400922058,ncaab,2017-02-17T01:00Z,final,2277,2534,Hou Christian,Sam Houston,88,77,,,,0,,,,,,,,,,2,,0,Houston,TX,1,12,,,,-6.0,"42,46","35,42",,,,,,,,
ncaab:400915674,ncaab,2017-02-17T02:00Z,final,265,12,Washington St,Arizona,59,78,,,,0,,,,,,,,,,2,,0,Pullman,WA,1,717,,,,-8.0,"31,28","40,38",,,,,,,,
ncaab:400915675,ncaab,2017-02-17T02:00Z,final,204,38,Oregon St,Colorado,52,60,,,,0,,,,,,,,,,2,,0,Corvallis,OR,1,71,,,,-8.0,"25,27","24,36",,,,,,,,
ncaab:400915676,ncaab,2017-02-17T02:00Z,final,2483,254,Oregon,Utah,79,61,,,,0,,,,,,,,,,2,,0,Eugene,OR,1,131,,,,-8.0,"41,38","25,36",,,,,,,,
ncaab:400915874,ncaab,2017-02-17T02:00Z,final,2250,2539,Gonzaga,San Francisco,96,61,,,,0,,,,,,,,,,2,,0,Spokane,WA,1,571,,,,-8.0,"42,54","35,26",,,,,,,,
ncaab:400916435,ncaab,2017-02-17T02:00Z,final,147,2502,Montana St,Portland St,92,90,,,,0,,,,,,,,,,2,,0,Bozeman,MT,1,1468,,,,-7.0,"44,38,10","40,42,8",,,,,,,,
ncaab:400916436,ncaab,2017-02-17T02:00Z,final,149,16,Montana,Sacramento St,65,67,,,,0,,,,,,,,,,2,,0,Missoula,MT,1,978,,,,-7.0,"34,31","27,40",,,,,,,,
ncaab:400916437,ncaab,2017-02-17T02:00Z,final,2692,2458,Weber St,N Colorado,69,63,,,,0,,,,,,,,,,2,,0,Ogden,UT,1,1311,,,,-7.0,"28,41","32,31",,,,,,,,
ncaab:400916632,ncaab,2017-02-17T02:00Z,final,41,235,UConn,Memphis,65,62,,,,0,,,,,,,,,,2,,0,Hartford,CT,1,18,,,,-5.0,"26,39","40,22",,,,,,,,
ncaab:400917850,ncaab,2017-02-17T02:00Z,final,2634,2413,Tennessee St,Morehead St,64,52,,,,0,,,,,,,,,,2,,0,Nashville,TN,1,170,,,,-6.0,"28,36","20,32",,,,,,,,
ncaab:400918092,ncaab,2017-02-17T02:00Z,final,3084,2934,Utah Valley,Bakersfield,71,80,,,,0,,,,,,,,,,2,,0,Orem,UT,1,1455,,,,-7.0,"26,45","38,42",,,,,,,,
ncaab:400919452,ncaab,2017-02-17T02:00Z,final,98,2393,Western KY,MTSU,52,78,,,,0,,,,,,,,,,2,,0,Bowling Green,KY,1,161,,,,-6.0,"18,34","32,46",,,,,,,,
ncaab:400922115,ncaab,2017-02-17T02:00Z,final,2617,2320,SF Austin,Lamar,70,61,,,,0,,,,,,,,,,2,,0,Nacogdoches,TX,1,92,,,,-6.0,"33,37","33,28",,,,,,,,
ncaab:400922166,ncaab,2017-02-17T02:00Z,final,2466,2545,N'Western St,SE Louisiana,66,73,,,,0,,,,,,,,,,2,,0,Natchitoches,LA,1,36,,,,-6.0,"35,31","27,46",,,,,,,,
ncaab:400916438,ncaab,2017-02-17T02:05Z,final,304,155,Idaho St,North Dakota,61,77,,,,0,,,,,,,,,,2,,0,Pocatello,ID,1,1360,,,,-7.0,"33,28","40,37",,,,,,,,
ncaab:400915875,ncaab,2017-02-17T03:00Z,final,2501,279,Portland,Pacific,65,76,,,,0,,,,,,,,,,2,,0,Portland,OR,1,12,,,,-8.0,"28,37","33,43",,,,,,,,
ncaab:400915877,ncaab,2017-02-17T03:00Z,final,2541,2492,Santa Clara,Pepperdine,106,55,,,,0,,,,,,,,,,2,,0,Santa Clara,CA,1,23,,,,-8.0,"54,52","19,36",,,,,,,,
ncaab:400918091,ncaab,2017-02-17T03:00Z,final,2547,2253,Seattle U,Grand Canyon,58,61,,,,0,,,,,,,,,,2,,0,Seattle,WA,1,56,,,,-8.0,"30,28","38,23",,,,,,,,
ncaab:400918938,ncaab,2017-02-17T03:00Z,final,2540,62,Santa Barbara,Hawai'i,56,54,,,,0,,,,,,,,,,2,,0,Santa Barbara,CA,1,15,,,,-8.0,"32,24","26,28",,,,,,,,
ncaab:400918949,ncaab,2017-02-17T03:00Z,final,299,302,Long Beach St,UC Davis,78,69,,,,0,,,,,,,,,,2,,0,Long Beach,CA,1,9,,,,-8.0,"24,31,23","22,33,14",,,,,,,,
ncaab:400915677,ncaab,2017-02-17T04:00Z,final,264,9,Washington,Arizona St,81,83,,,,0,,,,,,,,,,2,,0,Seattle,WA,1,56,,,,-8.0,"41,40","39,44",,,,,,,,
ncaab:400915876,ncaab,2017-02-17T04:00Z,final,2608,2351,Saint Mary's,LMU,81,48,,,,0,,,,,,,,,,2,,0,Moraga,CA,1,152,,,,-8.0,"46,35","25,23",,,,,,,,
ncaab:400915878,ncaab,2017-02-17T04:00Z,final,252,301,BYU,San Diego,82,70,,,,0,,,,,,,,,,2,,0,Provo,UT,1,1387,,,,-7.0,"45,37","38,32",,,,,,,,
ncaab:400918899,ncaab,2017-02-17T04:00Z,final,27,2239,UC Riverside,Fullerton,55,56,,,,0,,,,,,,,,,2,,0,Riverside,CA,1,252,,,,-8.0,"22,33","30,26",,,,,,,,
ncaab:400917179,ncaab,2017-02-18T00:00Z,final,2006,2309,Akron,Kent State,67,70,,,,0,,,,,,,,,,2,,0,Akron,OH,1,291,,,,-5.0,"36,31","31,39",,,,,,,,
ncaab:400917639,ncaab,2017-02-18T00:00Z,final,2520,2099,Rider,Canisius,77,85,,,,0,,,,,,,,,,2,,0,Lawrenceville,NJ,1,37,,,,-5.0,"37,40","41,44",,,,,,,,
ncaab:400917640,ncaab,2017-02-18T00:00Z,final,2368,314,Marist,Iona,88,95,,,,0,,,,,,,,,,2,,0,Poughkeepsie,NY,1,62,,,,-5.0,"46,42","48,47",,,,,,,,
ncaab:400918513,ncaab,2017-02-18T00:00Z,final,2174,82,Detroit Mercy,UIC,69,74,,,,0,,,,,,,,,,2,,0,Detroit,MI,1,183,,,,-5.0,"34,35","35,39",,,,,,,,
ncaab:400918586,ncaab,2017-02-18T00:00Z,final,2473,2674,Oakland,Valparaiso,82,71,,,,0,,,,,,,,,,2,,0,Rochester,MI,1,229,,,,-5.0,"34,48","27,44",,,,,,,,
ncaab:400919291,ncaab,2017-02-18T00:00Z,final,108,171,Harvard,Columbia,78,72,,,,0,,,,,,,,,,2,,0,Cambridge,MA,1,5,,,,-5.0,"46,32","30,42",,,,,,,,
ncaab:400919306,ncaab,2017-02-18T00:00Z,final,159,172,Dartmouth,Cornell,65,69,,,,0,,,,,,,,,,2,,0,Hanover,NH,1,162,,,,-5.0,"30,35","31,38",,,,,,,,
ncaab:400919272,ncaab,2017-02-18T01:00Z,final,225,219,Brown,Penn,72,96,,,,0,,,,,,,,,,2,,0,Providence,RI,1,2,,,,-5.0,"27,45","52,44",,,,,,,,
ncaab:400919341,ncaab,2017-02-18T01:00Z,final,43,163,Yale,Princeton,52,71,,,,0,,,,,,,,,,2,,0,New Haven,CT,1,18,,,,-5.0,"29,23","38,33",,,,,,,,
ncaab:400916088,ncaab,2017-02-18T01:45Z,final,2032,2031,Arkansas St,Little Rock,67,58,,,,0,,,,,,,,,,2,,0,Jonesboro,AR,1,99,,,,-6.0,"33,34","26,32",,,,,,,,
ncaab:400917638,ncaab,2017-02-18T02:00Z,final,2514,2217,Quinnipiac,Fairfield,86,89,,,,0,,,,,,,,,,2,,0,Hamden,CT,1,31,,,,-5.0,"30,48,8","42,36,11",,,,,,,,
ncaab:400918452,ncaab,2017-02-18T02:00Z,final,257,2670,Richmond,VCU,73,84,,,,0,,,,,,,,,,2,,0,Richmond,VA,1,64,,,,-5.0,"35,38","36,48",,,,,,,,
ncaab:400916439,ncaab,2017-02-18T02:05Z,final,331,70,E Washington,Idaho,77,67,,,,0,,,,,,,,,,2,,0,Cheney,WA,1,717,,,,-8.0,"32,45","29,38",,,,,,,,
ncaab:400915678,ncaab,2017-02-18T03:00Z,final,24,25,Stanford,California,73,68,,,,0,,,,,,,,,,2,,0,Stanford,CA,1,23,,,,-8.0,"38,35","34,34",,,,,,,,
ncaab:400915446,ncaab,2017-02-18T17:00Z,final,2390,228,Miami,Clemson,71,65,,,,0,,,,,,,,,,2,,0,Coral Gables,FL,1,3,,,,-5.0,"35,36","33,32",,,,,,,,
ncaab:400915447,ncaab,2017-02-18T17:00Z,final,152,87,NC State,Notre Dame,72,81,,,,0,,,,,,,,,,2,,0,Raleigh,NC,1,96,,,,-5.0,"28,44","41,40",,,,,,,,
ncaab:400916633,ncaab,2017-02-18T17:00Z,final,2132,202,Cincinnati,Tulsa,80,60,,,,0,,,,,,,,,,2,,0,Cincinnati,OH,1,191,,,,-5.0,"38,42","32,28",,,,,,,,
ncaab:400917853,ncaab,2017-02-18T17:00Z,final,2546,2630,SE Missouri,UT Martin,90,61,,,,0,,,,,,,,,,2,,0,Cape Girardeau,MO,1,108,,,,-6.0,"49,41","38,23",,,,,,,,
ncaab:400918278,ncaab,2017-02-18T17:00Z,final,113,2166,UMass,Davidson,74,79,,,,0,,,,,,,,,,2,,0,Amherst,MA,1,82,,,,-5.0,"33,41","38,41",,,,,,,,
ncaab:400919247,ncaab,2017-02-18T17:00Z,final,112358,2529,Long Island,Sacred Heart,83,82,,,,0,,,,,,,,,,2,,0,Brooklyn,NY,1,15,,,,-5.0,"47,36","46,36",,,,,,,,
ncaab:400921121,ncaab,2017-02-18T17:00Z,final,2724,2460,Wichita St,Northern Iowa,73,44,,,,0,,,,,,,,,,2,,0,Wichita,KS,1,396,,,,-6.0,"38,35","26,18",,,,,,,,
ncaab:400919724,ncaab,2017-02-18T17:30Z,final,2550,222,Seton Hall,Villanova,70,92,,,,0,,,,,,,,,,2,,0,Newark,NJ,1,9,,,,-5.0,"31,39","42,50",,,,,,,,
ncaab:400910755,ncaab,2017-02-18T18:00Z,final,2633,142,Tennessee,Missouri,90,70,,,,0,,,,,,,,,,2,,0,Knoxville,TN,1,276,,,,-5.0,"41,49","28,42",,,,,,,,
ncaab:400915448,ncaab,2017-02-18T18:00Z,final,150,154,Duke,Wake Forest,99,94,,,,0,,,,,,,,,,2,,0,Durham,NC,1,123,,,,-5.0,"47,52","47,47",,,,,,,,
ncaab:400915449,ncaab,2017-02-18T18:00Z,final,97,259,Louisville,Virginia Tech,94,90,,,,0,,,,,,,,,,2,,0,Louisville,KY,1,142,,,,-5.0,"43,51","44,46",,,,,,,,
ncaab:400916246,ncaab,2017-02-18T18:00Z,final,239,2305,Baylor,Kansas,65,67,,,,0,,,,,,,,,,2,,0,Waco,TX,1,143,,,,-6.0,"35,30","29,38",,,,,,,,
ncaab:400916978,ncaab,2017-02-18T18:00Z,final,2643,2382,The Citadel,Mercer,78,89,,,,0,,,,,,,,,,2,,0,Charleston,SC,1,6,,,,-5.0,"36,42","50,39",,,,,,,,
ncaab:400918677,ncaab,2017-02-18T18:00Z,final,160,42,New Hampshire,Hartford,82,52,,,,0,,,,,,,,,,2,,0,Durham,NH,1,15,,,,-5.0,"43,39","23,29",,,,,,,,
ncaab:400918716,ncaab,2017-02-18T18:00Z,final,2378,2349,UMBC,UMass Lowell,108,102,,,,0,,,,,,,,,,2,,0,Baltimore,MD,1,10,,,,-5.0,"49,59","42,60",,,,,,,,
ncaab:400919578,ncaab,2017-02-18T18:00Z,final,111,232,Northeastern,Charleston,71,85,,,,0,,,,,,,,,,2,,0,Boston,MA,1,14,,,,-5.0,"33,38","40,45",,,,,,,,
ncaab:400919116,ncaab,2017-02-18T18:30Z,final,2426,349,Navy,Army,68,71,,,,0,,,,,,,,,,2,,0,Annapolis,MD,1,12,,,,-5.0,"33,35","24,47",,,,,,,,
ncaab:400910653,ncaab,2017-02-18T19:00Z,final,344,57,Mississippi St,Florida,52,57,,,,0,,,,,,,,,,2,,0,Starkville,MS,1,101,,,,-6.0,"24,28","32,25",,,,,,,,
ncaab:400911042,ncaab,2017-02-18T19:00Z,final,251,2306,Texas,Kansas St,61,64,,,,0,,,,,,,,,,2,,0,Austin,TX,1,149,,,,-6.0,"36,25","39,25",,,,,,,,
ncaab:400914969,ncaab,2017-02-18T19:00Z,final,2294,356,Iowa,Illinois,66,70,,,,0,,,,,,,,,,2,,0,Iowa City,IA,1,204,,,,-6.0,"29,37","25,45",,,,,,,,
ncaab:400916247,ncaab,2017-02-18T19:00Z,final,277,2641,West Virginia,Texas Tech,83,74,,,,0,,,,,,,,,,2,,0,Morgantown,WV,1,271,,,,-5.0,"31,33,6,13","33,31,6,4",,,,,,,,
ncaab:400916635,ncaab,2017-02-18T19:00Z,final,2655,58,Tulane,South Florida,94,71,,,,0,,,,,,,,,,2,,0,New Orleans,LA,1,0,,,,-6.0,"44,50","26,45",,,,,,,,
ncaab:400916823,ncaab,2017-02-18T19:00Z,final,2097,2427,Campbell,UNC Asheville,53,66,,,,0,,,,,,,,,,2,,0,Buies Creek,NC,1,63,,,,-5.0,"12,41","27,39",,,,,,,,
ncaab:400916826,ncaab,2017-02-18T19:00Z,final,2737,2335,Winthrop,Liberty,84,67,,,,0,,,,,,,,,,2,,0,Rock Hill,SC,1,207,,,,-5.0,"43,41","32,35",,,,,,,,
ncaab:400917177,ncaab,2017-02-18T19:00Z,final,195,189,Ohio,Bowling Green,95,75,,,,0,,,,,,,,,,2,,0,Athens,OH,1,219,,,,-5.0,"41,54","35,40",,,,,,,,
ncaab:400918241,ncaab,2017-02-18T19:00Z,final,71,339,Bradley,Evansville,84,72,,,,0,,,,,,,,,,2,,0,Peoria,IL,1,153,,,,-6.0,"34,50","38,34",,,,,,,,
ncaab:400918315,ncaab,2017-02-18T19:00Z,final,2168,179,Dayton,St Bonaventure,76,72,,,,0,,,,,,,,,,2,,0,Dayton,OH,1,225,,,,-5.0,"28,48","34,38",,,,,,,,
ncaab:400918357,ncaab,2017-02-18T19:00Z,final,2230,139,Fordham,Saint Louis,54,40,,,,0,,,,,,,,,,2,,0,Bronx,NY,1,28,,,,-5.0,"27,27","19,21",,,,,,,,
ncaab:400918531,ncaab,2017-02-18T19:00Z,final,270,2739,Milwaukee,Green Bay,56,80,,,,0,,,,,,,,,,2,,0,Milwaukee,WI,1,188,,,,-6.0,"27,29","37,43",,,,,,,,
ncaab:400918783,ncaab,2017-02-18T19:00Z,final,2908,526,SC Upstate,FGCU,89,97,,,,0,,,,,,,,,,2,,0,Spartanburg,SC,1,246,,,,-5.0,"27,52,10","43,36,18",,,,,,,,
ncaab:400919614,ncaab,2017-02-18T19:00Z,final,2182,2210,Drexel,Elon,56,65,,,,0,,,,,,,,,,2,,0,Philadelphia,PA,1,12,,,,-5.0,"18,38","32,33",,,,,,,,
ncaab:400916086,ncaab,2017-02-18T19:15Z,final,2247,250,Georgia St,UT Arlington,67,68,,,,0,,,,,,,,,,2,,0,Atlanta,GA,1,320,,,,-5.0,"31,36","27,41",,,,,,,,
ncaab:400915679,ncaab,2017-02-18T20:00Z,final,2483,38,Oregon,Colorado,101,73,,,,0,,,,,,,,,,2,,0,Eugene,OR,1,131,,,,-8.0,"45,56","32,41",,,,,,,,
ncaab:400916087,ncaab,2017-02-18T20:00Z,final,2433,309,UL Monroe,Louisiana,84,85,,,,0,,,,,,,,,,2,,0,Monroe,LA,1,23,,,,-6.0,"32,52","25,60",,,,,,,,
ncaab:400910564,ncaab,2017-02-18T20:30Z,final,333,99,Alabama,LSU,90,72,,,,0,,,,,,,,,,2,,0,Tuscaloosa,AL,1,68,,,,-6.0,"51,39","32,40",,,,,,,,
ncaab:400918495,ncaab,2017-02-18T20:30Z,final,325,2750,Cleveland St,Wright St,68,74,,,,0,,,,,,,,,,2,,0,Cleveland,OH,1,199,,,,-5.0,"28,25,7,8","22,31,7,14",,,,,,,,
ncaab:400919245,ncaab,2017-02-18T20:30Z,final,2115,2523,C Connecticut,Robert Morris,64,74,,,,0,,,,,,,,,,2,,0,New Britain,CT,1,51,,,,-5.0,"21,43","36,38",,,,,,,,
ncaab:400921260,ncaab,2017-02-18T20:30Z,final,2084,193,Buffalo,Miami OH,71,58,,,,0,,,,,,,,,,2,,0,Buffalo,NY,1,183,,,,-5.0,"30,41","24,34",,,,,,,,
ncaab:400910628,ncaab,2017-02-18T21:00Z,final,245,2,Texas A&M,Auburn,81,62,,,,0,,,,,,,,,,2,,0,College Station,TX,1,103,,,,-6.0,"41,40","27,35",,,,,,,,
ncaab:400915081,ncaab,2017-02-18T21:00Z,final,2509,127,Purdue,Michigan St,80,63,,,,0,,,,,,,,,,2,,0,West Lafayette,IN,1,186,,,,-5.0,"37,43","26,37",,,,,,,,
ncaab:400915450,ncaab,2017-02-18T21:00Z,final,221,52,Pitt,Florida St,80,66,,,,0,,,,,,,,,,2,,0,Pittsburgh,PA,1,233,,,,-5.0,"41,39","37,29",,,,,,,,
ncaab:400915879,ncaab,2017-02-18T21:00Z,final,2250,279,Gonzaga,Pacific,82,61,,,,0,,,,,,,,,,2,,0,Spokane,WA,1,571,,,,-8.0,"43,39","30,31",,,,,,,,
ncaab:400916440,ncaab,2017-02-18T21:00Z,final,147,16,Montana St,Sacramento St,62,59,,,,0,,,,,,,,,,2,,0,Bozeman,MT,1,1468,,,,-7.0,"28,34","25,34",,,,,,,,
ncaab:400916441,ncaab,2017-02-18T21:00Z,final,253,2464,Southern Utah,N Arizona,84,68,,,,0,,,,,,,,,,2,,0,Cedar City,UT,1,1782,,,,-7.0,"41,43","31,37",,,,,,,,
ncaab:400916634,ncaab,2017-02-18T21:00Z,final,151,2116,East Carolina,UCF,58,61,,,,0,,,,,,,,,,2,,0,Greenville,NC,1,18,,,,-5.0,"25,33","27,34",,,,,,,,
ncaab:400916979,ncaab,2017-02-18T21:00Z,final,231,2430,Furman,UNC Greensboro,52,73,,,,0,,,,,,,,,,2,,0,Greenville,SC,1,307,,,,-5.0,"28,24","30,43",,,,,,,,
ncaab:400917178,ncaab,2017-02-18T21:00Z,final,2711,2199,W Michigan,E Michigan,88,80,,,,0,,,,,,,,,,2,,0,Kalamazoo,MI,1,239,,,,-5.0,"43,45","36,44",,,,,,,,
ncaab:400918392,ncaab,2017-02-18T21:00Z,final,2244,227,George Mason,Rhode Island,74,77,,,,0,,,,,,,,,,2,,0,Fairfax,VA,1,131,,,,-5.0,"26,48","39,38",,,,,,,,
ncaab:400918410,ncaab,2017-02-18T21:00Z,final,2325,2603,La Salle,Saint Joseph's,83,68,,,,0,,,,,,,,,,2,,0,Philadelphia,PA,1,12,,,,-5.0,"44,39","26,42",,,,,,,,
ncaab:400918830,ncaab,2017-02-18T21:00Z,final,2885,56,NJIT,Stetson,60,56,,,,0,,,,,,,,,,2,,0,Newark,NJ,1,9,,,,-5.0,"27,33","34,22",,,,,,,,
ncaab:400919244,ncaab,2017-02-18T21:00Z,final,2803,2598,Bryant,Saint Francis,79,75,,,,0,,,,,,,,,,2,,0,Smithfield,RI,1,84,,,,-5.0,"39,40","37,38",,,,,,,,
ncaab:400919246,ncaab,2017-02-18T21:00Z,final,161,116,FDU,Mount St Marys,74,79,,,,0,,,,,,,,,,2,,0,Hackensack,NJ,1,6,,,,-5.0,"34,40","34,45",,,,,,,,
ncaab:400919248,ncaab,2017-02-18T21:00Z,final,2597,2681,St Francis BK,Wagner,55,73,,,,0,,,,,,,,,,2,,0,Brooklyn,NY,1,15,,,,-5.0,"32,23","42,31",,,,,,,,
ncaab:400919467,ncaab,2017-02-18T21:00Z,final,249,2636,North Texas,UTSA,83,73,,,,0,,,,,,,,,,2,,0,Denton,TX,1,201,,,,-6.0,"33,50","28,45",,,,,,,,
ncaab:400919761,ncaab,2017-02-18T21:00Z,final,2275,350,Hofstra,UNC Wilmington,76,83,,,,0,,,,,,,,,,2,,0,Hempstead,NY,1,17,,,,-5.0,"38,38","46,37",,,,,,,,
ncaab:400920375,ncaab,2017-02-18T21:00Z,final,2065,2261,Bethune,Hampton,62,61,,,,0,,,,,,,,,,2,,0,Daytona Beach,FL,1,4,,,,-5.0,"36,26","30,31",,,,,,,,
ncaab:400920411,ncaab,2017-02-18T21:00Z,final,2569,2154,SC State,Coppin St,84,79,,,,0,,,,,,,,,,2,,0,Orangeburg,SC,1,74,,,,-5.0,"42,42","26,53",,,,,,,,
ncaab:400920455,ncaab,2017-02-18T21:00Z,final,47,2448,Howard,NC A&T,84,53,,,,0,,,,,,,,,,2,,0,Washington,DC,1,7,,,,-5.0,"44,40","26,27",,,,,,,,
ncaab:400920488,ncaab,2017-02-18T21:00Z,final,2379,2428,MD Eastern,NC Central,69,82,,,,0,,,,,,,,,,2,,0,Princess Anne,MD,1,5,,,,-5.0,"35,34","33,49",,,,,,,,
ncaab:400920499,ncaab,2017-02-18T21:00Z,final,2415,2542,Morgan St,Savannah St,83,75,,,,0,,,,,,,,,,2,,0,Baltimore,MD,1,10,,,,-5.0,"47,36","39,36",,,,,,,,
ncaab:400922097,ncaab,2017-02-18T21:00Z,final,2916,2534,Incarnate Word,Sam Houston,69,53,,,,0,,,,,,,,,,2,,0,San Antonio,TX,1,198,,,,-6.0,"37,32","20,33",,,,,,,,
ncaab:400917986,ncaab,2017-02-18T21:15Z,final,233,198,South Dakota,Oral Roberts,86,72,,,,0,,,,,,,,,,2,,0,Vermillion,SD,1,374,,,,-6.0,"40,46","31,41",,,,,,,,
ncaab:400916827,ncaab,2017-02-18T21:30Z,final,2515,2344,Radford,Longwood,79,72,,,,0,,,,,,,,,,2,,0,Radford,VA,1,567,,,,-5.0,"30,49","30,42",,,,,,,,
ncaab:400917176,ncaab,2017-02-18T21:30Z,final,2117,2050,C Michigan,Ball State,100,109,,,,0,,,,,,,,,,2,,0,Mount Pleasant,MI,1,235,,,,-5.0,"40,50,10","47,43,19",,,,,,,,
ncaab:400917180,ncaab,2017-02-18T21:30Z,final,2459,2649,N Illinois,Toledo,80,88,,,,0,,,,,,,,,,2,,0,Dekalb,IL,1,268,,,,-6.0,"32,39,9","38,33,17",,,,,,,,
ncaab:400918843,ncaab,2017-02-18T21:30Z,final,338,2454,Kennesaw St,North Florida,85,68,,,,0,,,,,,,,,,2,,0,Kennesaw,GA,1,332,,,,-5.0,"42,43","33,35",,,,,,,,
ncaab:400915680,ncaab,2017-02-18T22:00Z,final,265,9,Washington St,Arizona St,86,71,,,,0,,,,,,,,,,2,,0,Pullman,WA,1,717,,,,-8.0,"43,43","49,22",,,,,,,,
ncaab:400916090,ncaab,2017-02-18T22:00Z,final,290,326,GA Southern,Texas St,70,67,,,,0,,,,,,,,,,2,,0,Statesboro,GA,1,77,,,,-5.0,"38,32","26,41",,,,,,,,
ncaab:400916977,ncaab,2017-02-18T22:00Z,final,236,2193,Chattanooga,ETSU,51,65,,,,0,,,,,,,,,,2,,0,Chattanooga,TN,1,206,,,,-5.0,"20,31","24,41",,,,,,,,
ncaab:400917852,ncaab,2017-02-18T22:00Z,final,2057,2413,Belmont,Morehead St,89,73,,,,0,,,,,,,,,,2,,0,Nashville,TN,1,170,,,,-6.0,"41,48","36,37",,,,,,,,
ncaab:400917984,ncaab,2017-02-18T22:00Z,final,2449,2710,N Dakota St,W Illinois,100,91,,,,0,,,,,,,,,,2,,0,Fargo,ND,1,276,,,,-6.0,"42,37,8,13","44,35,8,4",,,,,,,,
ncaab:400918804,ncaab,2017-02-18T22:00Z,final,288,294,Lipscomb,Jacksonville,81,69,,,,0,,,,,,,,,,2,,0,Nashville,TN,1,170,,,,-6.0,"37,44","29,40",,,,,,,,
ncaab:400919380,ncaab,2017-02-18T22:00Z,final,2572,2226,Southern Miss,FAU,82,94,,,,0,,,,,,,,,,2,,0,Hattiesburg,MS,1,52,,,,-6.0,"35,47","41,53",,,,,,,,
ncaab:400919815,ncaab,2017-02-18T22:00Z,final,23,2005,San José St,Air Force,83,78,,,,0,,,,,,,,,,2,,0,San Jose,CA,1,26,,,,-8.0,"28,42,13","41,29,8",,,,,,,,
ncaab:400922039,ncaab,2017-02-18T22:00Z,final,2443,2110,LSU N Orleans,C Arkansas,84,61,,,,0,,,,,,,,,,2,,0,New Orleans,LA,1,0,,,,-6.0,"38,46","24,37",,,,,,,,
ncaab:400916091,ncaab,2017-02-18T22:15Z,final,2653,324,Troy,Coastal,87,78,,,,0,,,,,,,,,,2,,0,Troy,AL,1,165,,,,-6.0,"48,39","37,41",,,,,,,,
ncaab:400916824,ncaab,2017-02-18T22:30Z,final,2127,2272,Charleston So,High Point,76,75,,,,0,,,,,,,,,,2,,0,Charleston,SC,1,6,,,,-5.0,"36,40","36,39",,,,,,,,
ncaab:400910600,ncaab,2017-02-18T23:00Z,final,8,145,Arkansas,Ole Miss,98,80,,,,0,,,,,,,,,,2,,0,Fayetteville,AR,1,427,,,,-6.0,"46,52","37,43",,,,,,,,
ncaab:400910677,ncaab,2017-02-18T23:00Z,final,61,96,Georgia,Kentucky,77,82,,,,0,,,,,,,,,,2,,0,Athens,GA,1,228,,,,-5.0,"31,46","33,49",,,,,,,,
ncaab:400915143,ncaab,2017-02-18T23:00Z,final,77,164,Northwestern,Rutgers,69,65,,,,0,,,,,,,,,,2,,0,Evanston,IL,1,187,,,,-6.0,"39,30","36,29",,,,,,,,
ncaab:400915162,ncaab,2017-02-18T23:00Z,final,194,158,Ohio State,Nebraska,57,58,,,,0,,,,,,,,,,2,,0,Columbus,OH,1,235,,,,-5.0,"30,27","24,34",,,,,,,,
ncaab:400915881,ncaab,2017-02-18T23:00Z,final,2351,2492,LMU,Pepperdine,82,61,,,,0,,,,,,,,,,2,,0,Los Angeles,CA,1,89,,,,-8.0,"36,46","32,29",,,,,,,,
ncaab:400916248,ncaab,2017-02-18T23:00Z,final,66,2628,Iowa State,TCU,84,71,,,,0,,,,,,,,,,2,,0,Ames,IA,1,287,,,,-6.0,"39,45","29,42",,,,,,,,
ncaab:400916636,ncaab,2017-02-18T23:00Z,final,248,2567,Houston,SMU,66,76,,,,0,,,,,,,,,,2,,0,Houston,TX,1,12,,,,-6.0,"30,36","26,50",,,,,,,,
ncaab:400919273,ncaab,2017-02-18T23:00Z,final,225,163,Brown,Princeton,51,66,,,,0,,,,,,,,,,2,,0,Providence,RI,1,2,,,,-5.0,"17,34","33,33",,,,,,,,
ncaab:400919438,ncaab,2017-02-18T23:00Z,final,276,2393,Marshall,MTSU,86,97,,,,0,,,,,,,,,,2,,0,Huntington,WV,1,173,,,,-5.0,"26,60","47,50",,,,,,,,
ncaab:400919832,ncaab,2017-02-18T23:00Z,final,68,2751,Boise St,Wyoming,91,87,,,,0,,,,,,,,,,2,,0,Boise,ID,1,823,,,,-7.0,"37,54","41,46",,,,,,,,
ncaab:400919883,ncaab,2017-02-18T23:00Z,final,278,167,Fresno St,New Mexico,71,61,,,,0,,,,,,,,,,2,,0,Fresno,CA,1,94,,,,-8.0,"30,41","30,31",,,,,,,,
ncaab:400920528,ncaab,2017-02-18T23:00Z,final,50,2450,Florida A&M,Norfolk St,65,77,,,,0,,,,,,,,,,2,,0,Tallahassee,FL,1,62,,,,-5.0,"21,35,7,2","30,26,7,14",,,,,,,,
ncaab:400922184,ncaab,2017-02-18T23:00Z,final,2545,2617,SE Louisiana,SF Austin,52,60,,,,0,,,,,,,,,,2,,0,Hammond,LA,1,13,,,,-6.0,"21,31","21,39",,,,,,,,
ncaab:400923017,ncaab,2017-02-18T23:00Z,final,2504,2400,Prairie View,Miss Valley St,82,69,,,,0,,,,,,,,,,2,,0,Prairie View,TX,1,82,,,,-6.0,"42,40","29,40",,,,,,,,
ncaab:400918093,ncaab,2017-02-18T23:05Z,final,140,2130,Kansas City,Chicago St,84,65,,,,0,,,,,,,,,,2,,0,Kansas City,MO,1,274,,,,-6.0,"45,39","32,33",,,,,,,,
ncaab:400922209,ncaab,2017-02-18T23:30Z,final,2016,2011,Alcorn St,Alabama St,75,67,,,,0,,,,,,,,,,2,,0,Lorman,MS,1,66,,,,-6.0,"41,34","26,41",,,,,,,,
ncaab:400922395,ncaab,2017-02-18T23:30Z,final,2582,2010,Southern,Alabama A&M,77,64,,,,0,,,,,,,,,,2,,0,Baton Rouge,LA,1,14,,,,-6.0,"43,34","32,32",,,,,,,,
ncaab:400916825,ncaab,2017-02-19T00:00Z,final,2506,2241,Presbyterian,Gardner-Webb,56,84,,,,0,,,,,,,,,,2,,0,Clinton,SC,1,76,,,,-5.0,"32,24","39,45",,,,,,,,
ncaab:400916975,ncaab,2017-02-19T00:00Z,final,2747,2717,Wofford,W Carolina,84,56,,,,0,,,,,,,,,,2,,0,Spartanburg,SC,1,246,,,,-5.0,"44,40","26,30",,,,,,,,
ncaab:400916976,ncaab,2017-02-19T00:00Z,final,2535,2678,Samford,VMI,80,61,,,,0,,,,,,,,,,2,,0,Homewood,AL,1,203,,,,-6.0,"45,35","26,35",,,,,,,,
ncaab:400917987,ncaab,2017-02-19T00:00Z,final,2870,2571,Purdue FW,S Dakota St,89,97,,,,0,,,,,,,,,,2,,0,Fort Wayne,IN,1,247,,,,-5.0,"48,41","47,50",,,,,,,,
ncaab:400918574,ncaab,2017-02-19T00:00Z,final,2754,94,Youngstown St,N Kentucky,81,77,,,,0,,,,,,,,,,2,,0,Youngstown,OH,1,259,,,,-5.0,"41,40","40,37",,,,,,,,
ncaab:400918655,ncaab,2017-02-19T00:00Z,final,2619,2066,Stony Brook,Binghamton,76,55,,,,0,,,,,,,,,,2,,0,Stony Brook,NY,1,27,,,,-5.0,"38,38","24,31",,,,,,,,
ncaab:400918950,ncaab,2017-02-19T00:00Z,final,2540,299,Santa Barbara,Long Beach St,48,66,,,,0,,,,,,,,,,2,,0,Santa Barbara,CA,1,15,,,,-8.0,"24,24","33,33",,,,,,,,
ncaab:400919292,ncaab,2017-02-19T00:00Z,final,159,171,Dartmouth,Columbia,80,79,,,,0,,,,,,,,,,2,,0,Hanover,NH,1,162,,,,-5.0,"35,34,11","35,34,10",,,,,,,,
ncaab:400919307,ncaab,2017-02-19T00:00Z,final,108,172,Harvard,Cornell,87,75,,,,0,,,,,,,,,,2,,0,Cambridge,MA,1,5,,,,-5.0,"48,39","28,47",,,,,,,,
ncaab:400919360,ncaab,2017-02-19T00:00Z,final,295,2429,Old Dominion,Charlotte,72,48,,,,0,,,,,,,,,,2,,0,Norfolk,VA,1,2,,,,-5.0,"32,40","25,23",,,,,,,,
ncaab:400919398,ncaab,2017-02-19T00:00Z,final,2348,2229,Louisiana Tech,FIU,77,61,,,,0,,,,,,,,,,2,,0,Ruston,LA,1,102,,,,-6.0,"38,39","25,36",,,,,,,,
ncaab:400919599,ncaab,2017-02-19T00:00Z,final,48,2729,Delaware,William & Mary,64,85,,,,0,,,,,,,,,,2,,0,Newark,DE,1,38,,,,-5.0,"26,38","38,47",,,,,,,,
ncaab:400919773,ncaab,2017-02-19T00:00Z,final,119,256,Towson,James Madison,75,65,,,,0,,,,,,,,,,2,,0,Towson,MD,1,141,,,,-5.0,"37,38","26,39",,,,,,,,
ncaab:400917851,ncaab,2017-02-19T00:30Z,final,2046,2565,Austin Peay,SIUE,92,84,,,,0,,,,,,,,,,2,,0,Clarksville,TN,1,145,,,,-6.0,"54,38","37,47",,,,,,,,
ncaab:400915681,ncaab,2017-02-19T01:00Z,final,264,12,Washington,Arizona,68,76,,,,0,,,,,,,,,,2,,0,Seattle,WA,1,56,,,,-8.0,"42,26","42,34",,,,,,,,
ncaab:400916249,ncaab,2017-02-19T01:00Z,final,197,201,Oklahoma St,Oklahoma,96,92,,,,0,,,,,,,,,,2,,0,Stillwater,OK,1,273,,,,-6.0,"44,52","53,39",,,,,,,,
ncaab:400917641,ncaab,2017-02-19T01:00Z,final,2561,315,Siena,Niagara,76,70,,,,0,,,,,,,,,,2,,0,Albany,NY,1,45,,,,-5.0,"41,35","35,35",,,,,,,,
ncaab:400917854,ncaab,2017-02-19T01:00Z,final,93,2197,Murray St,E Illinois,65,82,,,,0,,,,,,,,,,2,,0,Murray,KY,1,163,,,,-6.0,"31,34","45,37",,,,,,,,
ncaab:400917856,ncaab,2017-02-19T01:00Z,final,55,2635,Jax State,Tennessee Tech,78,79,,,,0,,,,,,,,,,2,,0,Jacksonville,AL,1,216,,,,-6.0,"29,39,10","35,33,11",,,,,,,,
ncaab:400918096,ncaab,2017-02-19T01:00Z,final,292,166,UT Rio Grande,New Mexico St,101,107,,,,0,,,,,,,,,,2,,0,Edinburg,TX,1,30,,,,-6.0,"45,56","50,57",,,,,,,,
ncaab:400918188,ncaab,2017-02-19T01:00Z,final,2181,2623,Drake,Missouri St,73,76,,,,0,,,,,,,,,,2,,0,Des Moines,IA,1,266,,,,-6.0,"40,33","32,44",,,,,,,,
ncaab:400919494,ncaab,2017-02-19T01:00Z,final,242,2638,Rice,UTEP,71,79,,,,0,,,,,,,,,,2,,0,Houston,TX,1,12,,,,-6.0,"24,47","29,50",,,,,,,,
ncaab:400919725,ncaab,2017-02-19T01:00Z,final,269,2752,Marquette,Xavier,83,61,,,,0,,,,,,,,,,2,,0,Milwaukee,WI,1,188,,,,-6.0,"42,41","30,31",,,,,,,,
ncaab:400919943,ncaab,2017-02-19T01:00Z,final,2440,328,Nevada,Utah State,77,66,,,,0,,,,,,,,,,2,,0,Reno,NV,1,1373,,,,-8.0,"41,36","30,36",,,,,,,,
ncaab:400922059,ncaab,2017-02-19T01:00Z,final,2277,3090,Hou Christian,Randall,92,78,,,,0,,,,,,,,,,2,,0,Houston,TX,1,12,,,,-6.0,"52,40","35,43",,,,,,,,
ncaab:400922116,ncaab,2017-02-19T01:00Z,final,357,2320,Texas A&M-CC,Lamar,70,63,,,,0,,,,,,,,,,2,,0,Corpus Christi,TX,1,2,,,,-6.0,"33,37","22,41",,,,,,,,
ncaab:400922145,ncaab,2017-02-19T01:00Z,final,2447,2466,Nicholls,N'Western St,78,80,,,,0,,,,,,,,,,2,,0,Thibodaux,LA,1,4,,,,-6.0,"48,30","37,43",,,,,,,,
ncaab:400916089,ncaab,2017-02-19T01:05Z,final,6,2026,South Alabama,App State,87,74,,,,0,,,,,,,,,,2,,0,Mobile,AL,1,3,,,,-6.0,"30,57","36,38",,,,,,,,
ncaab:400915451,ncaab,2017-02-19T01:15Z,final,153,258,North Carolina,Virginia,65,41,,,,0,,,,,,,,,,2,,0,Chapel Hill,NC,1,148,,,,-5.0,"34,31","22,19",,,,,,,,
ncaab:400910790,ncaab,2017-02-19T01:30Z,final,238,2579,Vanderbilt,South Carolina,71,62,,,,0,,,,,,,,,,2,,0,Nashville,TN,1,170,,,,-6.0,"27,44","30,32",,,,,,,,
ncaab:400917855,ncaab,2017-02-19T01:30Z,final,2634,2198,Tennessee St,E Kentucky,68,66,,,,0,,,,,,,,,,2,,0,Nashville,TN,1,170,,,,-6.0,"35,33","28,38",,,,,,,,
ncaab:400922226,ncaab,2017-02-19T01:30Z,final,2640,2029,Texas Southern,AR-Pine Bluff,78,40,,,,0,,,,,,,,,,2,,0,Houston,TX,1,12,,,,-6.0,"39,39","19,21",,,,,,,,
ncaab:400922243,ncaab,2017-02-19T01:30Z,final,2296,2755,Jackson St,Grambling,59,62,,,,0,,,,,,,,,,2,,0,Jackson,MS,1,85,,,,-6.0,"21,29,9","18,32,12",,,,,,,,
ncaab:400916442,ncaab,2017-02-19T02:00Z,final,149,2502,Montana,Portland St,85,82,,,,0,,,,,,,,,,2,,0,Missoula,MT,1,978,,,,-7.0,"44,41","37,45",,,,,,,,
ncaab:400916443,ncaab,2017-02-19T02:00Z,final,2692,155,Weber St,North Dakota,68,77,,,,0,,,,,,,,,,2,,0,Ogden,UT,1,1311,,,,-7.0,"32,36","29,48",,,,,,,,
ncaab:400918094,ncaab,2017-02-19T02:00Z,final,3084,2253,Utah Valley,Grand Canyon,71,77,,,,0,,,,,,,,,,2,,0,Orem,UT,1,1455,,,,-7.0,"33,38","35,42",,,,,,,,
ncaab:400916444,ncaab,2017-02-19T02:05Z,final,304,2458,Idaho St,N Colorado,81,87,,,,0,,,,,,,,,,2,,0,Pocatello,ID,1,1360,,,,-7.0,"31,50","43,44",,,,,,,,
ncaab:400915682,ncaab,2017-02-19T03:00Z,final,26,30,UCLA,USC,102,70,,,,0,,,,,,,,,,2,,0,Los Angeles,CA,1,89,,,,-8.0,"46,56","34,36",,,,,,,,
ncaab:400915880,ncaab,2017-02-19T03:00Z,final,2501,2539,Portland,San Francisco,51,65,,,,0,,,,,,,,,,2,,0,Portland,OR,1,12,,,,-8.0,"18,33","29,36",,,,,,,,
ncaab:400915883,ncaab,2017-02-19T03:00Z,final,252,2608,BYU,Saint Mary's,57,70,,,,0,,,,,,,,,,2,,0,Provo,UT,1,1387,,,,-7.0,"30,27","41,29",,,,,,,,
ncaab:400918095,ncaab,2017-02-19T03:00Z,final,2547,2934,Seattle U,Bakersfield,48,51,,,,0,,,,,,,,,,2,,0,Seattle,WA,1,56,,,,-8.0,"28,20","22,29",,,,,,,,
ncaab:400918884,ncaab,2017-02-19T03:00Z,final,13,62,Cal Poly,Hawai'i,61,82,,,,0,,,,,,,,,,2,,0,San Luis Obispo,CA,1,71,,,,-8.0,"37,24","44,38",,,,,,,,
ncaab:400918900,ncaab,2017-02-19T03:30Z,final,2239,302,Fullerton,UC Davis,79,72,,,,0,,,,,,,,,,2,,0,Fullerton,CA,1,50,,,,-8.0,"33,46","25,47",,,,,,,,
ncaab:400915882,ncaab,2017-02-19T04:00Z,final,2541,301,Santa Clara,San Diego,58,60,,,,0,,,,,,,,,,2,,0,Santa Clara,CA,1,23,,,,-8.0,"23,25,4,6","22,26,4,8",,,,,,,,
ncaab:400918960,ncaab,2017-02-19T04:59Z,final,300,27,UC Irvine,UC Riverside,79,60,,,,0,,,,,,,,,,2,,0,Irvine,CA,1,17,,,,-8.0,"31,48","26,34",,,,,,,,
ncaab:400918336,ncaab,2017-02-19T17:00Z,final,2184,45,Duquesne,G Washington,70,77,,,,0,,,,,,,,,,2,,0,Pittsburgh,PA,1,233,,,,-5.0,"33,37","38,39",,,,,,,,
ncaab:400919117,ncaab,2017-02-19T17:00Z,final,104,2083,Boston U,Bucknell,66,86,,,,0,,,,,,,,,,2,,0,Boston,MA,1,14,,,,-5.0,"32,34","39,47",,,,,,,,
ncaab:400919118,ncaab,2017-02-19T17:00Z,final,44,107,American,Holy Cross,54,69,,,,0,,,,,,,,,,2,,0,Washington,DC,1,7,,,,-5.0,"21,33","28,41",,,,,,,,
ncaab:400919119,ncaab,2017-02-19T17:00Z,final,2352,2142,Loyola MD,Colgate,56,66,,,,0,,,,,,,,,,2,,0,Baltimore,MD,1,10,,,,-5.0,"23,29,4","31,21,14",,,,,,,,
ncaab:400919120,ncaab,2017-02-19T17:00Z,final,322,2329,Lafayette,Lehigh,55,81,,,,0,,,,,,,,,,2,,0,Easton,PA,1,97,,,,-5.0,"24,31","40,41",,,,,,,,
ncaab:400914944,ncaab,2017-02-19T18:00Z,final,275,120,Wisconsin,Maryland,71,60,,,,0,,,,,,,,,,2,,0,Madison,WI,1,267,,,,-6.0,"27,44","33,27",,,,,,,,
ncaab:400919336,ncaab,2017-02-19T18:00Z,final,43,219,Yale,Penn,55,71,,,,0,,,,,,,,,,2,,0,New Haven,CT,1,18,,,,-5.0,"30,25","31,40",,,,,,,,
ncaab:400919726,ncaab,2017-02-19T18:30Z,final,2086,305,Butler,DePaul,82,66,,,,0,,,,,,,,,,2,,0,Indianapolis,IN,1,218,,,,-5.0,"36,46","27,39",,,,,,,,
ncaab:400917643,ncaab,2017-02-19T19:00Z,final,2368,2099,Marist,Canisius,76,74,,,,0,,,,,,,,,,2,,0,Poughkeepsie,NY,1,62,,,,-5.0,"33,43","39,35",,,,,,,,
ncaab:400917644,ncaab,2017-02-19T19:00Z,final,2612,2217,Saint Peter's,Fairfield,74,55,,,,0,,,,,,,,,,2,,0,Jersey City,NJ,1,9,,,,-5.0,"32,42","22,33",,,,,,,,
ncaab:400918514,ncaab,2017-02-19T19:00Z,final,2174,2674,Detroit Mercy,Valparaiso,63,83,,,,0,,,,,,,,,,2,,0,Detroit,MI,1,183,,,,-5.0,"29,34","37,46",,,,,,,,
ncaab:400918626,ncaab,2017-02-19T19:00Z,final,311,399,Maine,UAlbany,56,74,,,,0,,,,,,,,,,2,,0,Bangor,ME,1,36,,,,-5.0,"14,42","39,35",,,,,,,,
ncaab:400919516,ncaab,2017-02-19T19:00Z,final,98,5,Western KY,UAB,76,64,,,,0,,,,,,,,,,2,,0,Bowling Green,KY,1,161,,,,-6.0,"44,32","30,34",,,,,,,,
ncaab:400918561,ncaab,2017-02-19T20:00Z,final,2473,82,Oakland,UIC,87,75,,,,0,,,,,,,,,,2,,0,Rochester,MI,1,229,,,,-5.0,"38,49","34,41",,,,,,,,
ncaab:400917985,ncaab,2017-02-19T20:30Z,final,2172,85,Denver,IU Indy,72,83,,,,0,,,,,,,,,,2,,0,Denver,CO,1,1609,,,,-7.0,"35,37","31,52",,,,,,,,
ncaab:400919727,ncaab,2017-02-19T20:30Z,final,156,46,Creighton,Georgetown,87,70,,,,0,,,,,,,,,,2,,0,Omaha,NE,1,323,,,,-6.0,"41,46","33,37",,,,,,,,
ncaab:400916637,ncaab,2017-02-19T21:00Z,final,218,41,Temple,UConn,63,64,,,,0,,,,,,,,,,2,,0,Philadelphia,PA,1,12,,,,-5.0,"35,28","29,35",,,,,,,,
ncaab:400918152,ncaab,2017-02-19T21:00Z,final,282,79,Indiana St,S Illinois,68,74,,,,0,,,,,,,,,,2,,0,Terre Haute,IN,1,152,,,,-5.0,"38,30","38,36",,,,,,,,
ncaab:400918207,ncaab,2017-02-19T21:00Z,final,2287,2350,Illinois St,Loyola Chicago,65,63,,,,0,,,,,,,,,,2,,0,Normal,IL,1,244,,,,-6.0,"38,27","31,32",,,,,,,,
ncaab:400919867,ncaab,2017-02-19T21:00Z,final,21,2439,San Diego St,UNLV,77,64,,,,0,,,,,,,,,,2,,0,San Diego,CA,1,20,,,,-8.0,"41,36","26,38",,,,,,,,
ncaab:400917645,ncaab,2017-02-19T22:00Z,final,314,2520,Iona,Rider,85,103,,,,0,,,,,,,,,,2,,0,New Rochelle,NY,1,26,,,,-5.0,"38,47","50,53",,,,,,,,
ncaab:400917642,ncaab,2017-02-19T23:00Z,final,2363,2514,Manhattan,Quinnipiac,95,74,,,,0,,,,,,,,,,2,,0,Riverdale,NY,1,159,,,,-8.0,"39,56","36,38",,,,,,,,
ncaab:400915452,ncaab,2017-02-19T23:30Z,final,59,183,Georgia Tech,Syracuse,71,65,,,,0,,,,,,,,,,2,,0,Atlanta,GA,1,320,,,,-5.0,"29,42","32,33",,,,,,,,
ncaab:400915057,ncaab,2017-02-20T00:00Z,final,135,130,Minnesota,Michigan,83,78,,,,0,,,,,,,,,,2,,0,Minneapolis,MN,1,253,,,,-6.0,"29,43,11","27,45,6",,,,,,,,
ncaab:400915683,ncaab,2017-02-20T01:30Z,final,204,254,Oregon St,Utah,68,67,,,,0,,,,,,,,,,2,,0,Corvallis,OR,1,71,,,,-8.0,"24,44","28,39",,,,,,,,
ncaab:400920456,ncaab,2017-02-20T21:00Z,final,47,2428,Howard,NC Central,59,66,,,,0,,,,,,,,,,2,,0,Washington,DC,1,7,,,,-5.0,"29,30","39,27",,,,,,,,
ncaab:400915453,ncaab,2017-02-21T00:00Z,final,258,2390,Virginia,Miami,48,54,,,,0,,,,,,,,,,2,,0,Charlottesville,VA,1,142,,,,-5.0,"19,24,5","20,23,11",,,,,,,,
ncaab:400915454,ncaab,2017-02-21T00:00Z,final,52,103,Florida St,Boston College,104,72,,,,0,,,,,,,,,,2,,0,Tallahassee,FL,1,62,,,,-5.0,"55,49","31,41",,,,,,,,
ncaab:400916092,ncaab,2017-02-21T00:00Z,final,2247,326,Georgia St,Texas St,67,51,,,,0,,,,,,,,,,2,,0,Atlanta,GA,1,320,,,,-5.0,"24,43","22,29",,,,,,,,
ncaab:400916094,ncaab,2017-02-21T00:00Z,final,290,250,GA Southern,UT Arlington,71,81,,,,0,,,,,,,,,,2,,0,Statesboro,GA,1,77,,,,-5.0,"40,31","37,44",,,,,,,,
ncaab:400920376,ncaab,2017-02-21T00:30Z,final,2065,2450,Bethune,Norfolk St,75,65,,,,0,,,,,,,,,,2,,0,Daytona Beach,FL,1,4,,,,-5.0,"35,40","29,36",,,,,,,,
ncaab:400920430,ncaab,2017-02-21T00:30Z,final,2169,2415,Delaware St,Morgan St,54,65,,,,0,,,,,,,,,,2,,0,Dover,DE,1,9,,,,-5.0,"23,31","25,40",,,,,,,,
ncaab:400920489,ncaab,2017-02-21T00:30Z,final,2379,2448,MD Eastern,NC A&T,106,95,,,,0,,,,,,,,,,2,,0,Princess Anne,MD,1,5,,,,-5.0,"34,34,9,12,17","34,34,9,12,6",,,,,,,,
ncaab:400916095,ncaab,2017-02-21T01:00Z,final,2653,2026,Troy,App State,76,66,,,,0,,,,,,,,,,2,,0,Troy,AL,1,165,,,,-6.0,"33,43","32,34",,,,,,,,
ncaab:400920412,ncaab,2017-02-21T01:00Z,final,2542,2154,Savannah St,Coppin St,83,84,,,,0,,,,,,,,,,2,,0,Savannah,GA,1,6,,,,-5.0,"44,39","31,53",,,,,,,,
ncaab:400920444,ncaab,2017-02-21T01:00Z,final,50,2261,Florida A&M,Hampton,69,76,,,,0,,,,,,,,,,2,,0,Tallahassee,FL,1,62,,,,-5.0,"26,43","33,43",,,,,,,,
ncaab:400922210,ncaab,2017-02-21T01:00Z,final,2016,2010,Alcorn St,Alabama A&M,74,59,,,,0,,,,,,,,,,2,,0,Lorman,MS,1,66,,,,-6.0,"43,31","33,26",,,,,,,,
ncaab:400943306,ncaab,2017-02-21T01:00Z,final,2501,3152,Portland,Walla Walla,96,58,,,,0,,,,,,,,,,2,,0,Portland,OR,1,12,,,,-8.0,"56,40","31,27",,,,,,,,
ncaab:400916093,ncaab,2017-02-21T01:05Z,final,6,324,South Alabama,Coastal,77,81,,,,0,,,,,,,,,,2,,0,Mobile,AL,1,3,,,,-6.0,"39,29,9","25,43,13",,,,,,,,
ncaab:400922225,ncaab,2017-02-21T01:30Z,final,2504,2029,Prairie View,AR-Pine Bluff,73,55,,,,0,,,,,,,,,,2,,0,Prairie View,TX,1,82,,,,-6.0,"36,37","33,22",,,,,,,,
ncaab:400922396,ncaab,2017-02-21T01:30Z,final,2582,2011,Southern,Alabama St,79,73,,,,0,,,,,,,,,,2,,0,Baton Rouge,LA,1,14,,,,-6.0,"39,40","31,42",,,,,,,,
ncaab:400925424,ncaab,2017-02-21T01:30Z,final,2640,2400,Texas Southern,Miss Valley St,92,61,,,,0,,,,,,,,,,2,,0,Houston,TX,1,12,,,,-6.0,"36,56","35,26",,,,,,,,
ncaab:400911043,ncaab,2017-02-21T02:00Z,final,277,251,West Virginia,Texas,77,62,,,,0,,,,,,,,,,2,,0,Morgantown,WV,1,271,,,,-5.0,"46,31","32,30",,,,,,,,
ncaab:400916250,ncaab,2017-02-21T02:00Z,final,2641,66,Texas Tech,Iowa State,80,82,,,,0,,,,,,,,,,2,,0,Lubbock,TX,1,976,,,,-6.0,"39,34,7","39,34,9",,,,,,,,
ncaab:400915179,ncaab,2017-02-21T23:00Z,final,213,2509,Penn State,Purdue,70,74,,,,0,,,,,,,,,,2,,0,University Park,PA,1,348,,,,-5.0,"33,31,6","29,35,10",,,,,,,,
ncaab:400918411,ncaab,2017-02-21T23:00Z,final,2325,227,La Salle,Rhode Island,56,67,,,,0,,,,,,,,,,2,,0,Philadelphia,PA,1,12,,,,-5.0,"30,26","40,27",,,,,,,,
ncaab:400910629,ncaab,2017-02-22T00:00Z,final,99,2,LSU,Auburn,75,98,,,,0,,,,,,,,,,2,,0,Baton Rouge,LA,1,14,,,,-6.0,"42,33","45,53",,,,,,,,
ncaab:400910654,ncaab,2017-02-22T00:00Z,final,57,2579,Florida,South Carolina,81,66,,,,0,,,,,,,,,,2,,0,Gainesville,FL,1,54,,,,-5.0,"35,46","33,33",,,,,,,,
ncaab:400915455,ncaab,2017-02-22T00:00Z,final,259,228,Virginia Tech,Clemson,71,70,,,,0,,,,,,,,,,2,,0,Blacksburg,VA,1,633,,,,-5.0,"41,30","38,32",,,,,,,,
ncaab:400916251,ncaab,2017-02-22T00:00Z,final,239,201,Baylor,Oklahoma,60,54,,,,0,,,,,,,,,,2,,0,Waco,TX,1,143,,,,-6.0,"36,24","26,28",,,,,,,,
ncaab:400917182,ncaab,2017-02-22T00:00Z,final,2050,2199,Ball State,E Michigan,79,72,,,,0,,,,,,,,,,2,,0,Muncie,IN,1,284,,,,-5.0,"31,48","35,37",,,,,,,,
ncaab:400917183,ncaab,2017-02-22T00:00Z,final,2084,2309,Buffalo,Kent State,69,77,,,,0,,,,,,,,,,2,,0,Buffalo,NY,1,183,,,,-5.0,"33,36","32,45",,,,,,,,
ncaab:400917184,ncaab,2017-02-22T00:00Z,final,2117,2459,C Michigan,N Illinois,66,89,,,,0,,,,,,,,,,2,,0,Mount Pleasant,MI,1,235,,,,-5.0,"30,36","46,43",,,,,,,,
ncaab:400917185,ncaab,2017-02-22T00:00Z,final,193,195,Miami OH,Ohio,62,79,,,,0,,,,,,,,,,2,,0,Oxford,OH,1,283,,,,-5.0,"22,40","38,41",,,,,,,,
ncaab:400917186,ncaab,2017-02-22T00:00Z,final,2649,2711,Toledo,W Michigan,56,61,,,,0,,,,,,,,,,2,,0,Toledo,OH,1,186,,,,-5.0,"31,18,7","23,26,12",,,,,,,,
ncaab:400917646,ncaab,2017-02-22T00:00Z,final,2217,2405,Fairfield,Monmouth,62,82,,,,0,,,,,,,,,,2,,0,Bridgeport,CT,1,1,,,,-5.0,"34,28","46,36",,,,,,,,
ncaab:400918316,ncaab,2017-02-22T00:00Z,final,2168,2244,Dayton,George Mason,83,70,,,,0,,,,,,,,,,2,,0,Dayton,OH,1,225,,,,-5.0,"38,45","31,39",,,,,,,,
ncaab:400918496,ncaab,2017-02-22T00:00Z,final,2174,325,Detroit Mercy,Cleveland St,91,83,,,,0,,,,,,,,,,2,,0,Detroit,MI,1,183,,,,-5.0,"42,49","32,51",,,,,,,,
ncaab:400918575,ncaab,2017-02-22T00:00Z,final,94,2750,N Kentucky,Wright St,83,76,,,,0,,,,,,,,,,2,,0,Highland Heights,KY,1,260,,,,-5.0,"33,50","40,36",,,,,,,,
ncaab:400918587,ncaab,2017-02-22T00:00Z,final,2473,2754,Oakland,Youngstown St,101,72,,,,0,,,,,,,,,,2,,0,Rochester,MI,1,229,,,,-5.0,"42,59","31,41",,,,,,,,
ncaab:400914970,ncaab,2017-02-22T01:00Z,final,356,77,Illinois,Northwestern,66,50,,,,0,,,,,,,,,,2,,0,Champaign,IL,1,225,,,,-6.0,"33,33","32,18",,,,,,,,
ncaab:400915456,ncaab,2017-02-22T01:00Z,final,59,152,Georgia Tech,NC State,69,71,,,,0,,,,,,,,,,2,,0,Atlanta,GA,1,320,,,,-5.0,"30,39","39,32",,,,,,,,
ncaab:400917857,ncaab,2017-02-22T01:00Z,final,2057,2906,Belmont,Trevecca,96,45,,,,0,,,,,,,,,,2,,0,Nashville,TN,1,170,,,,-6.0,"52,44","24,21",,,,,,,,
ncaab:400918130,ncaab,2017-02-22T01:00Z,final,2724,339,Wichita St,Evansville,109,83,,,,0,,,,,,,,,,2,,0,Wichita,KS,1,396,,,,-6.0,"48,61","32,51",,,,,,,,
ncaab:400918279,ncaab,2017-02-22T01:00Z,final,257,2166,Richmond,Davidson,84,76,,,,0,,,,,,,,,,2,,0,Richmond,VA,1,64,,,,-5.0,"45,39","35,41",,,,,,,,
ncaab:400918532,ncaab,2017-02-22T01:00Z,final,82,2739,UIC,Green Bay,79,87,,,,0,,,,,,,,,,2,,0,Chicago,IL,1,179,,,,-6.0,"38,41","31,56",,,,,,,,
ncaab:400918547,ncaab,2017-02-22T01:00Z,final,2674,270,Valparaiso,Milwaukee,67,61,,,,0,,,,,,,,,,2,,0,Valparaiso,IN,1,242,,,,-6.0,"31,36","27,34",,,,,,,,
ncaab:400919728,ncaab,2017-02-22T01:00Z,final,269,2599,Marquette,St John's,93,71,,,,0,,,,,,,,,,2,,0,Milwaukee,WI,1,188,,,,-6.0,"52,41","37,34",,,,,,,,
ncaab:400910700,ncaab,2017-02-22T02:00Z,final,142,96,Missouri,Kentucky,62,72,,,,0,,,,,,,,,,2,,0,Columbia,MO,1,215,,,,-6.0,"30,32","31,41",,,,,,,,
ncaab:400910738,ncaab,2017-02-22T02:00Z,final,344,145,Mississippi St,Ole Miss,82,87,,,,0,,,,,,,,,,2,,0,Starkville,MS,1,101,,,,-6.0,"25,42,15","23,44,20",,,,,,,,
ncaab:400914987,ncaab,2017-02-22T02:00Z,final,2294,84,Iowa,Indiana,96,90,,,,0,,,,,,,,,,2,,0,Iowa City,IA,1,204,,,,-6.0,"32,43,21","33,42,15",,,,,,,,
ncaab:400916638,ncaab,2017-02-22T02:00Z,final,2655,151,Tulane,East Carolina,73,76,,,,0,,,,,,,,,,2,,0,New Orleans,LA,1,0,,,,-6.0,"34,39","29,47",,,,,,,,
ncaab:400917181,ncaab,2017-02-22T02:00Z,final,189,2006,Bowling Green,Akron,66,65,,,,0,,,,,,,,,,2,,0,Bowling Green,OH,1,212,,,,-5.0,"36,30","29,36",,,,,,,,
ncaab:400919852,ncaab,2017-02-22T03:00Z,final,167,36,New Mexico,Colorado St,56,68,,,,0,,,,,,,,,,2,,0,Albuquerque,NM,1,1511,,,,-7.0,"29,27","36,32",,,,,,,,
ncaab:400910805,ncaab,2017-02-22T23:30Z,final,2633,238,Tennessee,Vanderbilt,56,67,,,,0,,,,,,,,,,2,,0,Knoxville,TN,1,276,,,,-5.0,"18,38","28,39",,,,,,,,
ncaab:400915058,ncaab,2017-02-22T23:30Z,final,164,130,Rutgers,Michigan,64,68,,,,0,,,,,,,,,,2,,0,Piscataway,NJ,1,30,,,,-5.0,"28,36","35,33",,,,,,,,
ncaab:400915457,ncaab,2017-02-23T00:00Z,final,183,150,Syracuse,Duke,78,75,,,,0,,,,,,,,,,2,,0,Syracuse,NY,1,121,,,,-5.0,"25,53","33,42",,,,,,,,
ncaab:400915458,ncaab,2017-02-23T00:00Z,final,154,221,Wake Forest,Pitt,63,59,,,,0,,,,,,,,,,2,,0,Winston-Salem,NC,1,293,,,,-5.0,"24,39","36,23",,,,,,,,
ncaab:400916252,ncaab,2017-02-23T00:00Z,final,2305,2628,Kansas,TCU,87,68,,,,0,,,,,,,,,,2,,0,Lawrence,KS,1,263,,,,-6.0,"40,47","39,29",,,,,,,,
ncaab:400916639,ncaab,2017-02-23T00:00Z,final,218,2116,Temple,UCF,69,71,,,,0,,,,,,,,,,2,,0,Philadelphia,PA,1,12,,,,-5.0,"33,36","24,47",,,,,,,,
ncaab:400916981,ncaab,2017-02-23T00:00Z,final,2382,2430,Mercer,UNC Greensboro,66,72,,,,0,,,,,,,,,,2,,0,Macon,GA,1,112,,,,-5.0,"36,30","34,38",,,,,,,,
ncaab:400916982,ncaab,2017-02-23T00:00Z,final,2678,2747,VMI,Wofford,63,81,,,,0,,,,,,,,,,2,,0,Lexington,VA,1,324,,,,-5.0,"30,33","31,50",,,,,,,,
ncaab:400916983,ncaab,2017-02-23T00:00Z,final,2193,231,ETSU,Furman,93,81,,,,0,,,,,,,,,,2,,0,Johnson City,TN,1,498,,,,-5.0,"34,40,19","38,36,7",,,,,,,,
ncaab:400916984,ncaab,2017-02-23T00:00Z,final,2643,2717,The Citadel,W Carolina,80,84,,,,0,,,,,,,,,,2,,0,Charleston,SC,1,6,,,,-5.0,"31,49","49,35",,,,,,,,
ncaab:400917647,ncaab,2017-02-23T00:00Z,final,2520,2363,Rider,Manhattan,93,82,,,,0,,,,,,,,,,2,,0,Lawrenceville,NJ,1,37,,,,-5.0,"44,49","53,29",,,,,,,,
ncaab:400918153,ncaab,2017-02-23T00:00Z,final,2287,79,Illinois St,S Illinois,50,46,,,,0,,,,,,,,,,2,,0,Normal,IL,1,244,,,,-6.0,"27,23","25,21",,,,,,,,
ncaab:400918171,ncaab,2017-02-23T00:00Z,final,282,2460,Indiana St,Northern Iowa,69,59,,,,0,,,,,,,,,,2,,0,Terre Haute,IN,1,152,,,,-5.0,"35,34","20,39",,,,,,,,
ncaab:400918337,ncaab,2017-02-23T00:00Z,final,2184,2230,Duquesne,Fordham,52,70,,,,0,,,,,,,,,,2,,0,Pittsburgh,PA,1,233,,,,-5.0,"26,26","32,38",,,,,,,,
ncaab:400918462,ncaab,2017-02-23T00:00Z,final,2603,179,Saint Joseph's,St Bonaventure,77,83,,,,0,,,,,,,,,,2,,0,Philadelphia,PA,1,12,,,,-5.0,"36,41","40,43",,,,,,,,
ncaab:400918467,ncaab,2017-02-23T00:00Z,final,2670,139,VCU,Saint Louis,64,50,,,,0,,,,,,,,,,2,,0,Richmond,VA,1,64,,,,-5.0,"41,23","30,20",,,,,,,,
ncaab:400918627,ncaab,2017-02-23T00:00Z,final,261,399,Vermont,UAlbany,62,50,,,,0,,,,,,,,,,2,,0,Burlington,VT,1,61,,,,-5.0,"24,38","27,23",,,,,,,,
ncaab:400918656,ncaab,2017-02-23T00:00Z,final,42,2066,Hartford,Binghamton,76,69,,,,0,,,,,,,,,,2,,0,West Hartford,CT,1,40,,,,-5.0,"38,38","32,37",,,,,,,,
ncaab:400918717,ncaab,2017-02-23T00:00Z,final,2349,160,UMass Lowell,New Hampshire,67,78,,,,0,,,,,,,,,,2,,0,Lowell,MA,1,36,,,,-5.0,"33,34","41,37",,,,,,,,
ncaab:400918745,ncaab,2017-02-23T00:00Z,final,2378,2619,UMBC,Stony Brook,65,52,,,,0,,,,,,,,,,2,,0,Baltimore,MD,1,10,,,,-5.0,"36,29","21,31",,,,,,,,
ncaab:400919121,ncaab,2017-02-23T00:00Z,final,2329,2142,Lehigh,Colgate,87,69,,,,0,,,,,,,,,,2,,0,Bethlehem,PA,1,109,,,,-5.0,"51,36","33,36",,,,,,,,
ncaab:400919122,ncaab,2017-02-23T00:00Z,final,349,104,Army,Boston U,73,62,,,,0,,,,,,,,,,2,,0,West Point,NY,1,47,,,,-5.0,"38,35","36,26",,,,,,,,
ncaab:400919123,ncaab,2017-02-23T00:00Z,final,2426,44,Navy,American,58,74,,,,0,,,,,,,,,,2,,0,Annapolis,MD,1,12,,,,-5.0,"27,31","33,41",,,,,,,,
ncaab:400919124,ncaab,2017-02-23T00:00Z,final,2083,322,Bucknell,Lafayette,94,64,,,,0,,,,,,,,,,2,,0,Lewisburg,PA,1,144,,,,-5.0,"44,50","23,41",,,,,,,,
ncaab:400919729,ncaab,2017-02-23T00:00Z,final,46,305,Georgetown,DePaul,65,67,,,,0,,,,,,,,,,2,,0,Washington,DC,1,7,,,,-5.0,"36,29","39,28",,,,,,,,
ncaab:400919730,ncaab,2017-02-23T00:00Z,final,2550,2752,Seton Hall,Xavier,71,64,,,,0,,,,,,,,,,2,,0,Newark,NJ,1,9,,,,-5.0,"30,41","31,33",,,,,,,,
ncaab:400919125,ncaab,2017-02-23T00:05Z,final,107,2352,Holy Cross,Loyola MD,63,62,,,,0,,,,,,,,,,2,,0,Worcester,MA,1,147,,,,-5.0,"41,22","31,31",,,,,,,,
ncaab:400916980,ncaab,2017-02-23T01:00Z,final,2535,236,Samford,Chattanooga,72,68,,,,0,,,,,,,,,,2,,0,Homewood,AL,1,203,,,,-6.0,"42,21,9","34,29,5",,,,,,,,
ncaab:400917989,ncaab,2017-02-23T01:00Z,final,198,2449,Oral Roberts,N Dakota St,80,82,,,,0,,,,,,,,,,2,,0,Tulsa,OK,1,220,,,,-6.0,"36,44","48,34",,,,,,,,
ncaab:400918189,ncaab,2017-02-23T01:00Z,final,71,2623,Bradley,Missouri St,77,68,,,,0,,,,,,,,,,2,,0,Peoria,IL,1,153,,,,-6.0,"30,47","32,36",,,,,,,,
ncaab:400918208,ncaab,2017-02-23T01:00Z,final,2350,2181,Loyola Chicago,Drake,80,65,,,,0,,,,,,,,,,2,,0,Chicago,IL,1,179,,,,-6.0,"33,47","32,33",,,,,,,,
ncaab:400910601,ncaab,2017-02-23T01:30Z,final,8,245,Arkansas,Texas A&M,86,77,,,,0,,,,,,,,,,2,,0,Fayetteville,AR,1,427,,,,-6.0,"36,50","33,44",,,,,,,,
ncaab:400915039,ncaab,2017-02-23T01:30Z,final,120,135,Maryland,Minnesota,75,89,,,,0,,,,,,,,,,2,,0,College Park,MD,1,21,,,,-5.0,"35,40","34,55",,,,,,,,
ncaab:400922023,ncaab,2017-02-23T01:30Z,final,2000,357,Abilene Chrstn,Texas A&M-CC,44,56,,,,0,,,,,,,,,,2,,0,Abilene,TX,1,524,,,,-6.0,"23,21","32,24",,,,,,,,
ncaab:400922040,ncaab,2017-02-23T01:30Z,final,2545,2110,SE Louisiana,C Arkansas,87,70,,,,0,,,,,,,,,,2,,0,Hammond,LA,1,13,,,,-6.0,"46,41","29,41",,,,,,,,
ncaab:400915459,ncaab,2017-02-23T02:00Z,final,153,97,North Carolina,Louisville,74,63,,,,0,,,,,,,,,,2,,0,Chapel Hill,NC,1,148,,,,-5.0,"33,41","30,33",,,,,,,,
ncaab:400915684,ncaab,2017-02-23T02:00Z,final,25,2483,California,Oregon,65,68,,,,0,,,,,,,,,,2,,0,Berkeley,CA,1,52,,,,-8.0,"30,35","16,52",,,,,,,,
ncaab:400916253,ncaab,2017-02-23T02:00Z,final,2306,197,Kansas St,Oklahoma St,68,80,,,,0,,,,,,,,,,2,,0,Manhattan,KS,1,311,,,,-6.0,"39,29","38,42",,,,,,,,
ncaab:400916640,ncaab,2017-02-23T02:00Z,final,248,41,Houston,UConn,75,70,,,,0,,,,,,,,,,2,,0,Houston,TX,1,12,,,,-6.0,"29,46","39,31",,,,,,,,
ncaab:400917988,ncaab,2017-02-23T02:00Z,final,2172,2437,Denver,Omaha,83,84,,,,0,,,,,,,,,,2,,0,Denver,CO,1,1609,,,,-7.0,"42,41","46,38",,,,,,,,
ncaab:400919731,ncaab,2017-02-23T02:00Z,final,222,2086,Villanova,Butler,66,74,,,,0,,,,,,,,,,2,,0,Villanova,PA,1,121,,,,-5.0,"29,37","28,46",,,,,,,,
ncaab:400919732,ncaab,2017-02-23T02:00Z,final,156,2507,Creighton,Providence,66,68,,,,0,,,,,,,,,,2,,0,Omaha,NE,1,323,,,,-6.0,"36,30","29,39",,,,,,,,
ncaab:400919816,ncaab,2017-02-23T02:00Z,final,2005,2439,Air Force,UNLV,81,58,,,,0,,,,,,,,,,2,,0,Colorado Springs,CO,1,1832,,,,-7.0,"38,43","28,30",,,,,,,,
ncaab:400922117,ncaab,2017-02-23T02:00Z,final,2466,2320,N'Western St,Lamar,68,88,,,,0,,,,,,,,,,2,,0,Natchitoches,LA,1,36,,,,-6.0,"23,45","43,45",,,,,,,,
ncaab:400918901,ncaab,2017-02-23T03:00Z,final,2239,300,Fullerton,UC Irvine,56,54,,,,0,,,,,,,,,,2,,0,Fullerton,CA,1,50,,,,-8.0,"24,32","27,27",,,,,,,,
ncaab:400919833,ncaab,2017-02-23T03:00Z,final,2440,68,Nevada,Boise St,85,77,,,,0,,,,,,,,,,2,,0,Reno,NV,1,1373,,,,-8.0,"33,52","41,36",,,,,,,,
ncaab:400919934,ncaab,2017-02-23T03:00Z,final,23,328,San José St,Utah State,75,81,,,,0,,,,,,,,,,2,,0,San Jose,CA,1,26,,,,-8.0,"35,40","43,38",,,,,,,,
ncaab:400915685,ncaab,2017-02-23T04:00Z,final,24,204,Stanford,Oregon St,79,66,,,,0,,,,,,,,,,2,,0,Stanford,CA,1,23,,,,-8.0,"43,36","33,33",,,,,,,,
ncaab:400919884,ncaab,2017-02-23T04:00Z,final,21,278,San Diego St,Fresno St,55,63,,,,0,,,,,,,,,,2,,0,San Diego,CA,1,20,,,,-8.0,"24,31","30,33",,,,,,,,
ncaab:400916829,ncaab,2017-02-23T23:30Z,final,2737,2127,Winthrop,Charleston So,86,72,,,,0,,,,,,,,,,2,,0,Rock Hill,SC,1,207,,,,-5.0,"43,43","31,41",,,,,,,,
ncaab:400910565,ncaab,2017-02-24T00:00Z,final,333,61,Alabama,Georgia,55,60,,,,0,,,,,,,,,,2,,0,Tuscaloosa,AL,1,68,,,,-6.0,"18,37","30,30",,,,,,,,
ncaab:400915082,ncaab,2017-02-24T00:00Z,final,127,158,Michigan St,Nebraska,88,72,,,,0,,,,,,,,,,2,,0,East Lansing,MI,1,261,,,,-5.0,"49,39","31,41",,,,,,,,
ncaab:400916641,ncaab,2017-02-24T00:00Z,final,2132,235,Cincinnati,Memphis,87,74,,,,0,,,,,,,,,,2,,0,Cincinnati,OH,1,191,,,,-5.0,"51,36","32,42",,,,,,,,
ncaab:400916828,ncaab,2017-02-24T00:00Z,final,2272,2097,High Point,Campbell,59,49,,,,0,,,,,,,,,,2,,0,High Point,NC,1,281,,,,-5.0,"26,33","26,23",,,,,,,,
ncaab:400916831,ncaab,2017-02-24T00:00Z,final,2335,2344,Liberty,Longwood,61,45,,,,0,,,,,,,,,,2,,0,Lynchburg,VA,1,192,,,,-5.0,"31,30","26,19",,,,,,,,
ncaab:400916832,ncaab,2017-02-24T00:00Z,final,2515,2506,Radford,Presbyterian,59,57,,,,0,,,,,,,,,,2,,0,Radford,VA,1,567,,,,-5.0,"30,29","20,37",,,,,,,,
ncaab:400917859,ncaab,2017-02-24T00:00Z,final,2198,55,E Kentucky,Jax State,68,65,,,,0,,,,,,,,,,2,,0,Richmond,KY,1,289,,,,-5.0,"24,44","29,36",,,,,,,,
ncaab:400917990,ncaab,2017-02-24T00:00Z,final,85,2870,IU Indy,Purdue FW,83,82,,,,0,,,,,,,,,,2,,0,Indianapolis,IN,1,218,,,,-5.0,"35,48","35,47",,,,,,,,
ncaab:400918374,ncaab,2017-02-24T00:00Z,final,45,113,G Washington,UMass,83,67,,,,0,,,,,,,,,,2,,0,Washington,DC,1,7,,,,-5.0,"38,45","40,27",,,,,,,,
ncaab:400918784,ncaab,2017-02-24T00:00Z,final,526,56,FGCU,Stetson,80,70,,,,0,,,,,,,,,,2,,0,Fort Myers,FL,1,3,,,,-5.0,"31,49","30,40",,,,,,,,
ncaab:400918805,ncaab,2017-02-24T00:00Z,final,2454,294,North Florida,Jacksonville,73,69,,,,0,,,,,,,,,,2,,0,Jacksonville,FL,1,5,,,,-5.0,"35,38","30,39",,,,,,,,
ncaab:400918817,ncaab,2017-02-24T00:00Z,final,338,288,Kennesaw St,Lipscomb,74,85,,,,0,,,,,,,,,,2,,0,Kennesaw,GA,1,332,,,,-5.0,"29,45","62,23",,,,,,,,
ncaab:400918831,ncaab,2017-02-24T00:00Z,final,2885,2908,NJIT,SC Upstate,88,87,,,,0,,,,,,,,,,2,,0,Newark,NJ,1,9,,,,-5.0,"37,51","53,34",,,,,,,,
ncaab:400919249,ncaab,2017-02-24T00:00Z,final,2523,161,Robert Morris,FDU,77,76,,,,0,,,,,,,,,,2,,0,Moon Township,PA,1,358,,,,-5.0,"39,38","34,42",,,,,,,,
ncaab:400919250,ncaab,2017-02-24T00:00Z,final,2681,2803,Wagner,Bryant,69,66,,,,0,,,,,,,,,,2,,0,Staten Island,NY,1,21,,,,-5.0,"28,41","34,32",,,,,,,,
ncaab:400919251,ncaab,2017-02-24T00:00Z,final,2598,2529,Saint Francis,Sacred Heart,73,64,,,,0,,,,,,,,,,2,,0,Loretto,PA,1,595,,,,-5.0,"41,32","31,33",,,,,,,,
ncaab:400919252,ncaab,2017-02-24T00:00Z,final,2115,2597,C Connecticut,St Francis BK,62,53,,,,0,,,,,,,,,,2,,0,New Britain,CT,1,51,,,,-5.0,"32,30","34,19",,,,,,,,
ncaab:400919253,ncaab,2017-02-24T00:00Z,final,116,112358,Mount St Marys,Long Island,58,62,,,,0,,,,,,,,,,2,,0,Emmitsburg,MD,1,133,,,,-5.0,"26,32","25,37",,,,,,,,
ncaab:400919361,ncaab,2017-02-24T00:00Z,final,2429,98,Charlotte,Western KY,83,77,,,,0,,,,,,,,,,2,,0,Charlotte,NC,1,229,,,,-5.0,"38,45","30,47",,,,,,,,
ncaab:400919381,ncaab,2017-02-24T00:00Z,final,2226,2638,FAU,UTEP,55,60,,,,0,,,,,,,,,,2,,0,Boca Raton,FL,1,4,,,,-5.0,"33,22","32,28",,,,,,,,
ncaab:400919399,ncaab,2017-02-24T00:00Z,final,2229,2636,FIU,UTSA,67,69,,,,0,,,,,,,,,,2,,0,Miami,FL,1,2,,,,-5.0,"26,41","43,26",,,,,,,,
ncaab:400919615,ncaab,2017-02-24T00:00Z,final,2182,256,Drexel,James Madison,64,70,,,,0,,,,,,,,,,2,,0,Philadelphia,PA,1,12,,,,-5.0,"29,35","32,38",,,,,,,,
ncaab:400919631,ncaab,2017-02-24T00:00Z,final,2210,111,Elon,Northeastern,104,105,,,,0,,,,,,,,,,2,,0,Elon,NC,1,215,,,,-5.0,"45,36,14,9","43,38,14,10",,,,,,,,
ncaab:400919762,ncaab,2017-02-24T00:00Z,final,2729,2275,William & Mary,Hofstra,82,96,,,,0,,,,,,,,,,2,,0,Williamsburg,VA,1,25,,,,-5.0,"41,41","41,55",,,,,,,,
ncaab:400919788,ncaab,2017-02-24T00:00Z,final,350,119,UNC Wilmington,Towson,83,78,,,,0,,,,,,,,,,2,,0,Wilmington,NC,1,9,,,,-5.0,"31,52","35,43",,,,,,,,
ncaab:400917648,ncaab,2017-02-24T00:30Z,final,2368,2514,Marist,Quinnipiac,87,74,,,,0,,,,,,,,,,2,,0,Poughkeepsie,NY,1,62,,,,-5.0,"41,46","35,39",,,,,,,,
ncaab:400917860,ncaab,2017-02-24T00:30Z,final,2546,93,SE Missouri,Murray St,82,69,,,,0,,,,,,,,,,2,,0,Cape Girardeau,MO,1,108,,,,-6.0,"40,42","33,36",,,,,,,,
ncaab:400919579,ncaab,2017-02-24T00:30Z,final,232,48,Charleston,Delaware,78,65,,,,0,,,,,,,,,,2,,0,Charleston,SC,1,6,,,,-5.0,"34,44","28,37",,,,,,,,
ncaab:400916642,ncaab,2017-02-24T01:00Z,final,202,58,Tulsa,South Florida,82,68,,,,0,,,,,,,,,,2,,0,Tulsa,OK,1,220,,,,-6.0,"39,43","34,34",,,,,,,,
ncaab:400917858,ncaab,2017-02-24T01:00Z,final,2630,2046,UT Martin,Austin Peay,76,72,,,,0,,,,,,,,,,2,,0,Martin,TN,1,124,,,,-6.0,"36,40","40,32",,,,,,,,
ncaab:400917991,ncaab,2017-02-24T01:00Z,final,2710,233,W Illinois,South Dakota,81,92,,,,0,,,,,,,,,,2,,0,Macomb,IL,1,215,,,,-6.0,"41,40","44,48",,,,,,,,
ncaab:400918098,ncaab,2017-02-24T01:00Z,final,292,2547,UT Rio Grande,Seattle U,77,86,,,,0,,,,,,,,,,2,,0,Edinburg,TX,1,30,,,,-6.0,"33,44","39,47",,,,,,,,
ncaab:400919423,ncaab,2017-02-24T01:00Z,final,249,2348,North Texas,Louisiana Tech,67,85,,,,0,,,,,,,,,,2,,0,Denton,TX,1,201,,,,-6.0,"32,35","32,53",,,,,,,,
ncaab:400919439,ncaab,2017-02-24T01:00Z,final,295,276,Old Dominion,Marshall,86,65,,,,0,,,,,,,,,,2,,0,Norfolk,VA,1,2,,,,-5.0,"37,49","28,37",,,,,,,,
ncaab:400919495,ncaab,2017-02-24T01:00Z,final,242,2572,Rice,Southern Miss,72,71,,,,0,,,,,,,,,,2,,0,Houston,TX,1,12,,,,-6.0,"40,27,5","29,38,4",,,,,,,,
ncaab:400922060,ncaab,2017-02-24T01:00Z,final,2377,2277,McNeese,Hou Christian,79,81,,,,0,,,,,,,,,,2,,0,Lake Charles,LA,1,4,,,,-6.0,"38,41","27,54",,,,,,,,
ncaab:400922098,ncaab,2017-02-24T01:00Z,final,2916,2447,Incarnate Word,Nicholls,68,77,,,,0,,,,,,,,,,2,,0,San Antonio,TX,1,198,,,,-6.0,"35,33","33,44",,,,,,,,
ncaab:400922155,ncaab,2017-02-24T01:45Z,final,2443,2617,LSU N Orleans,SF Austin,82,65,,,,0,,,,,,,,,,2,,0,New Orleans,LA,1,0,,,,-6.0,"41,41","21,44",,,,,,,,
ncaab:400914945,ncaab,2017-02-24T02:00Z,final,194,275,Ohio State,Wisconsin,83,73,,,,0,,,,,,,,,,2,,0,Columbus,OH,1,235,,,,-5.0,"44,39","31,42",,,,,,,,
ncaab:400915686,ncaab,2017-02-24T02:00Z,final,9,26,Arizona St,UCLA,75,87,,,,0,,,,,,,,,,2,,0,Tempe,AZ,1,360,,,,-7.0,"36,39","45,42",,,,,,,,
ncaab:400916830,ncaab,2017-02-24T02:00Z,final,2241,2427,Gardner-Webb,UNC Asheville,81,76,,,,0,,,,,,,,,,2,,0,Boiling Springs,NC,1,269,,,,-5.0,"33,48","39,37",,,,,,,,
ncaab:400917861,ncaab,2017-02-24T02:00Z,final,2413,2635,Morehead St,Tennessee Tech,73,68,,,,0,,,,,,,,,,2,,0,Morehead,KY,1,153,,,,-6.0,"31,42","30,38",,,,,,,,
ncaab:400918097,ncaab,2017-02-24T02:00Z,final,166,3084,New Mexico St,Utah Valley,72,84,,,,0,,,,,,,,,,2,,0,Las Cruces,NM,1,1191,,,,-7.0,"43,29","43,41",,,,,,,,
ncaab:400918099,ncaab,2017-02-24T02:00Z,final,2253,2130,Grand Canyon,Chicago St,82,59,,,,0,,,,,,,,,,2,,0,Phoenix,AZ,1,331,,,,-7.0,"44,38","22,37",,,,,,,,
ncaab:400916445,ncaab,2017-02-24T02:05Z,final,331,2692,E Washington,Weber St,82,72,,,,0,,,,,,,,,,2,,0,Cheney,WA,1,717,,,,-8.0,"32,50","30,42",,,,,,,,
ncaab:400915687,ncaab,2017-02-24T03:00Z,final,12,30,Arizona,USC,90,77,,,,0,,,,,,,,,,2,,0,Tucson,AZ,1,759,,,,-7.0,"44,46","39,38",,,,,,,,
ncaab:400915884,ncaab,2017-02-24T03:00Z,final,301,2250,San Diego,Gonzaga,38,96,,,,0,,,,,,,,,,2,,0,San Diego,CA,1,20,,,,-8.0,"16,22","44,52",,,,,,,,
ncaab:400915885,ncaab,2017-02-24T03:00Z,final,2501,252,Portland,BYU,78,97,,,,0,,,,,,,,,,2,,0,Portland,OR,1,12,,,,-8.0,"34,44","51,46",,,,,,,,
ncaab:400915886,ncaab,2017-02-24T03:00Z,final,2351,2539,LMU,San Francisco,53,51,,,,0,,,,,,,,,,2,,0,Los Angeles,CA,1,89,,,,-8.0,"22,31","27,24",,,,,,,,
ncaab:400915887,ncaab,2017-02-24T03:00Z,final,2492,2608,Pepperdine,Saint Mary's,49,78,,,,0,,,,,,,,,,2,,0,Malibu,CA,1,32,,,,-8.0,"21,28","37,41",,,,,,,,
ncaab:400915888,ncaab,2017-02-24T03:00Z,final,2541,279,Santa Clara,Pacific,69,68,,,,0,,,,,,,,,,2,,0,Santa Clara,CA,1,23,,,,-8.0,"32,37","26,42",,,,,,,,
ncaab:400916446,ncaab,2017-02-24T03:00Z,final,70,304,Idaho,Idaho St,69,61,,,,0,,,,,,,,,,2,,0,Moscow,ID,1,786,,,,-8.0,"30,39","22,39",,,,,,,,
ncaab:400918100,ncaab,2017-02-24T03:00Z,final,2934,140,Bakersfield,Kansas City,71,62,,,,0,,,,,,,,,,2,,0,Bakersfield,CA,1,123,,,,-8.0,"31,40","28,34",,,,,,,,
ncaab:400918885,ncaab,2017-02-24T03:00Z,final,299,13,Long Beach St,Cal Poly,71,78,,,,0,,,,,,,,,,2,,0,Long Beach,CA,1,9,,,,-8.0,"30,41","41,37",,,,,,,,
ncaab:400918920,ncaab,2017-02-24T03:00Z,final,302,2463,UC Davis,CSU Northridge,96,85,,,,0,,,,,,,,,,2,,0,Davis,CA,1,16,,,,-8.0,"56,40","38,47",,,,,,,,
ncaab:400918969,ncaab,2017-02-24T03:00Z,final,2540,27,Santa Barbara,UC Riverside,68,61,,,,0,,,,,,,,,,2,,0,Santa Barbara,CA,1,15,,,,-8.0,"32,36","31,30",,,,,,,,
ncaab:400916447,ncaab,2017-02-24T03:05Z,final,16,2464,Sacramento St,N Arizona,69,73,,,,0,,,,,,,,,,2,,0,Sacramento,CA,1,9,,,,-8.0,"36,33","30,43",,,,,,,,
ncaab:400916448,ncaab,2017-02-24T03:05Z,final,2502,253,Portland St,Southern Utah,93,86,,,,0,,,,,,,,,,2,,0,Portland,OR,1,12,,,,-8.0,"49,44","45,41",,,,,,,,
ncaab:400915688,ncaab,2017-02-24T04:00Z,final,38,254,Colorado,Utah,81,86,,,,0,,,,,,,,,,2,,0,Boulder,CO,1,1624,,,,-7.0,"29,52","37,49",,,,,,,,
ncaab:400943826,ncaab,2017-02-24T23:00Z,final,2649,2117,Toledo,C Michigan,87,66,,,,0,,,,,,,,,,2,,0,Toledo,OH,1,186,,,,-5.0,"40,47","20,46",,,,,,,,
ncaab:400917649,ncaab,2017-02-25T00:00Z,final,315,2612,Niagara,Saint Peter's,53,66,,,,0,,,,,,,,,,2,,0,Niagara Falls,NY,1,187,,,,-5.0,"21,32","34,32",,,,,,,,
ncaab:400917650,ncaab,2017-02-25T00:00Z,final,2099,2217,Canisius,Fairfield,55,58,,,,0,,,,,,,,,,2,,0,Buffalo,NY,1,183,,,,-5.0,"36,19","31,27",,,,,,,,
ncaab:400917652,ncaab,2017-02-25T00:00Z,final,2405,2561,Monmouth,Siena,77,73,,,,0,,,,,,,,,,2,,0,West Long Branch,NJ,1,9,,,,-5.0,"42,35","35,38",,,,,,,,
ncaab:400918533,ncaab,2017-02-25T00:00Z,final,2739,2473,Green Bay,Oakland,72,85,,,,0,,,,,,,,,,2,,0,Ashwaubenon,WI,1,185,,,,-6.0,"39,33","35,50",,,,,,,,
ncaab:400919274,ncaab,2017-02-25T00:00Z,final,159,225,Dartmouth,Brown,75,80,,,,0,,,,,,,,,,2,,0,Hanover,NH,1,162,,,,-5.0,"27,48","38,42",,,,,,,,
ncaab:400919293,ncaab,2017-02-25T00:00Z,final,171,163,Columbia,Princeton,45,64,,,,0,,,,,,,,,,2,,0,New York,NY,1,10,,,,-5.0,"22,23","27,37",,,,,,,,
ncaab:400919308,ncaab,2017-02-25T00:00Z,final,172,219,Cornell,Penn,66,69,,,,0,,,,,,,,,,2,,0,Ithaca,NY,1,125,,,,-5.0,"28,38","36,33",,,,,,,,
ncaab:400919328,ncaab,2017-02-25T00:00Z,final,108,43,Harvard,Yale,77,64,,,,0,,,,,,,,,,2,,0,Cambridge,MA,1,5,,,,-5.0,"31,46","34,30",,,,,,,,
ncaab:400918562,ncaab,2017-02-25T00:30Z,final,94,82,N Kentucky,UIC,90,82,,,,0,,,,,,,,,,2,,0,Highland Heights,KY,1,260,,,,-5.0,"36,54","37,45",,,,,,,,
ncaab:400918592,ncaab,2017-02-25T00:30Z,final,2750,2674,Wright St,Valparaiso,74,84,,,,0,,,,,,,,,,2,,0,Dayton,OH,1,225,,,,-5.0,"42,32","34,50",,,,,,,,
ncaab:400918515,ncaab,2017-02-25T01:00Z,final,270,2174,Milwaukee,Detroit Mercy,74,81,,,,0,,,,,,,,,,2,,0,Milwaukee,WI,1,188,,,,-6.0,"33,41","31,50",,,,,,,,
ncaab:400943827,ncaab,2017-02-25T01:00Z,final,2084,2006,Buffalo,Akron,83,89,,,,0,,,,,,,,,,2,,0,Buffalo,NY,1,183,,,,-5.0,"33,50","38,51",,,,,,,,
ncaab:400917651,ncaab,2017-02-25T02:00Z,final,314,2363,Iona,Manhattan,72,51,,,,0,,,,,,,,,,2,,0,New Rochelle,NY,1,26,,,,-5.0,"42,30","27,24",,,,,,,,
ncaab:400918280,ncaab,2017-02-25T02:00Z,final,2166,2168,Davidson,Dayton,82,89,,,,0,,,,,,,,,,2,,0,Davidson,NC,1,256,,,,-5.0,"45,29,8","46,28,15",,,,,,,,
ncaab:400915689,ncaab,2017-02-25T03:00Z,final,25,204,California,Oregon St,76,46,,,,0,,,,,,,,,,2,,0,Berkeley,CA,1,52,,,,-8.0,"39,37","26,20",,,,,,,,
ncaab:400915460,ncaab,2017-02-25T17:00Z,final,228,52,Clemson,Florida St,74,76,,,,0,,,,,,,,,,2,,0,Clemson,SC,1,221,,,,-5.0,"37,37","38,38",,,,,,,,
ncaab:400915461,ncaab,2017-02-25T17:00Z,final,221,153,Pitt,North Carolina,67,85,,,,0,,,,,,,,,,2,,0,Pittsburgh,PA,1,233,,,,-5.0,"28,39","40,45",,,,,,,,
ncaab:400915464,ncaab,2017-02-25T17:00Z,final,152,258,NC State,Virginia,55,70,,,,0,,,,,,,,,,2,,0,Raleigh,NC,1,96,,,,-5.0,"21,34","35,35",,,,,,,,
ncaab:400916643,ncaab,2017-02-25T17:00Z,final,41,2567,UConn,SMU,61,69,,,,0,,,,,,,,,,2,,0,Hartford,CT,1,18,,,,-5.0,"30,31","41,28",,,,,,,,
ncaab:400916644,ncaab,2017-02-25T17:00Z,final,218,2655,Temple,Tulane,86,76,,,,0,,,,,,,,,,2,,0,Philadelphia,PA,1,12,,,,-5.0,"35,30,6,15","28,37,6,5",,,,,,,,
ncaab:400917190,ncaab,2017-02-25T17:00Z,final,2199,2459,E Michigan,N Illinois,84,68,,,,0,,,,,,,,,,2,,0,Ypsilanti,MI,1,219,,,,-5.0,"44,40","35,33",,,,,,,,
ncaab:400918131,ncaab,2017-02-25T17:00Z,final,2623,2724,Missouri St,Wichita St,67,86,,,,0,,,,,,,,,,2,,0,Springfield,MO,1,396,,,,-6.0,"32,35","39,47",,,,,,,,
ncaab:400919126,ncaab,2017-02-25T17:00Z,final,2083,2426,Bucknell,Navy,82,60,,,,0,,,,,,,,,,2,,0,Lewisburg,PA,1,144,,,,-5.0,"45,37","21,39",,,,,,,,
ncaab:400919127,ncaab,2017-02-25T17:00Z,final,2352,44,Loyola MD,American,62,64,,,,0,,,,,,,,,,2,,0,Baltimore,MD,1,10,,,,-5.0,"28,34","21,43",,,,,,,,
ncaab:400919733,ncaab,2017-02-25T17:00Z,final,2599,46,St John's,Georgetown,86,80,,,,0,,,,,,,,,,2,,0,New York,NY,1,10,,,,-5.0,"35,51","36,44",,,,,,,,
ncaab:400919763,ncaab,2017-02-25T17:00Z,final,256,2275,James Madison,Hofstra,66,71,,,,0,,,,,,,,,,2,,0,Harrisonburg,VA,1,404,,,,-5.0,"23,43","27,44",,,,,,,,
ncaab:400910791,ncaab,2017-02-25T18:00Z,final,2579,2633,South Carolina,Tennessee,82,55,,,,0,,,,,,,,,,2,,0,Columbia,SC,1,89,,,,-5.0,"38,44","30,25",,,,,,,,
ncaab:400918221,ncaab,2017-02-25T18:00Z,final,339,282,Evansville,Indiana St,65,63,,,,0,,,,,,,,,,2,,0,Evansville,IN,1,118,,,,-6.0,"30,35","25,38",,,,,,,,
ncaab:400918733,ncaab,2017-02-25T18:00Z,final,160,2378,New Hampshire,UMBC,94,90,,,,0,,,,,,,,,,2,,0,Durham,NH,1,15,,,,-5.0,"28,42,13,11","32,38,13,7",,,,,,,,
ncaab:400919257,ncaab,2017-02-25T18:00Z,final,2598,161,Saint Francis,FDU,70,64,,,,0,,,,,,,,,,2,,0,Loretto,PA,1,595,,,,-5.0,"34,36","28,36",,,,,,,,
ncaab:400919258,ncaab,2017-02-25T18:00Z,final,2803,2115,Bryant,C Connecticut,91,77,,,,0,,,,,,,,,,2,,0,Smithfield,RI,1,84,,,,-5.0,"38,53","35,42",,,,,,,,
ncaab:400910655,ncaab,2017-02-25T19:00Z,final,96,57,Kentucky,Florida,76,66,,,,0,,,,,,,,,,2,,0,Lexington,KY,1,295,,,,-5.0,"28,48","28,38",,,,,,,,
ncaab:400916254,ncaab,2017-02-25T19:00Z,final,2628,277,TCU,West Virginia,60,61,,,,0,,,,,,,,,,2,,0,Fort Worth,TX,1,199,,,,-6.0,"30,30","27,34",,,,,,,,
ncaab:400916256,ncaab,2017-02-25T19:00Z,final,197,2641,Oklahoma St,Texas Tech,80,63,,,,0,,,,,,,,,,2,,0,Stillwater,OK,1,273,,,,-6.0,"45,35","27,36",,,,,,,,
ncaab:400916834,ncaab,2017-02-25T19:00Z,final,2344,2127,Longwood,Charleston So,78,86,,,,0,,,,,,,,,,2,,0,Farmville,VA,1,90,,,,-5.0,"27,51","47,39",,,,,,,,
ncaab:400916836,ncaab,2017-02-25T19:00Z,final,2427,2335,UNC Asheville,Liberty,63,45,,,,0,,,,,,,,,,2,,0,Asheville,NC,1,649,,,,-5.0,"25,38","26,19",,,,,,,,
ncaab:400916988,ncaab,2017-02-25T19:00Z,final,231,2747,Furman,Wofford,78,69,,,,0,,,,,,,,,,2,,0,Greenville,SC,1,307,,,,-5.0,"40,38","39,30",,,,,,,,
ncaab:400917188,ncaab,2017-02-25T19:00Z,final,2711,2050,W Michigan,Ball State,80,55,,,,0,,,,,,,,,,2,,0,Kalamazoo,MI,1,239,,,,-5.0,"38,42","27,28",,,,,,,,
ncaab:400917865,ncaab,2017-02-25T19:00Z,final,2198,2635,E Kentucky,Tennessee Tech,75,71,,,,0,,,,,,,,,,2,,0,Richmond,KY,1,289,,,,-5.0,"39,36","35,36",,,,,,,,
ncaab:400918172,ncaab,2017-02-25T19:00Z,final,2460,2287,Northern Iowa,Illinois St,42,63,,,,0,,,,,,,,,,2,,0,Cedar Falls,IA,1,268,,,,-6.0,"25,17","30,33",,,,,,,,
ncaab:400918248,ncaab,2017-02-25T19:00Z,final,2181,71,Drake,Bradley,74,82,,,,0,,,,,,,,,,2,,0,Des Moines,IA,1,266,,,,-6.0,"26,48","30,52",,,,,,,,
ncaab:400918441,ncaab,2017-02-25T19:00Z,final,227,2670,Rhode Island,VCU,69,59,,,,0,,,,,,,,,,2,,0,Kingston,RI,1,75,,,,-5.0,"33,36","34,25",,,,,,,,
ncaab:400918657,ncaab,2017-02-25T19:00Z,final,2066,311,Binghamton,Maine,71,72,,,,0,,,,,,,,,,2,,0,Binghamton,NY,1,264,,,,-5.0,"32,39","31,41",,,,,,,,
ncaab:400918746,ncaab,2017-02-25T19:00Z,final,261,2619,Vermont,Stony Brook,66,51,,,,0,,,,,,,,,,2,,0,Burlington,VT,1,61,,,,-5.0,"35,31","27,24",,,,,,,,
ncaab:400919129,ncaab,2017-02-25T19:00Z,final,2142,322,Colgate,Lafayette,69,73,,,,0,,,,,,,,,,2,,0,Hamilton,NY,1,181,,,,-5.0,"30,39","35,38",,,,,,,,
ncaab:400919734,ncaab,2017-02-25T19:00Z,final,305,2550,DePaul,Seton Hall,79,82,,,,0,,,,,,,,,,2,,0,Rosemont,IL,1,194,,,,-6.0,"27,52","35,47",,,,,,,,
ncaab:400919789,ncaab,2017-02-25T19:00Z,final,350,111,UNC Wilmington,Northeastern,74,65,,,,0,,,,,,,,,,2,,0,Wilmington,NC,1,9,,,,-5.0,"40,34","17,48",,,,,,,,
ncaab:400919798,ncaab,2017-02-25T19:00Z,final,2729,119,William & Mary,Towson,83,79,,,,0,,,,,,,,,,2,,0,Williamsburg,VA,1,25,,,,-5.0,"42,41","33,46",,,,,,,,
ncaab:400919128,ncaab,2017-02-25T19:05Z,final,107,104,Holy Cross,Boston U,68,71,,,,0,,,,,,,,,,2,,0,Worcester,MA,1,147,,,,-5.0,"33,26,9","24,35,12",,,,,,,,
ncaab:400918358,ncaab,2017-02-25T19:30Z,final,2230,257,Fordham,Richmond,48,70,,,,0,,,,,,,,,,2,,0,Bronx,NY,1,28,,,,-5.0,"20,28","40,30",,,,,,,,
ncaab:400922133,ncaab,2017-02-25T19:30Z,final,357,2377,Texas A&M-CC,McNeese,81,70,,,,0,,,,,,,,,,2,,0,Corpus Christi,TX,1,2,,,,-6.0,"39,42","30,40",,,,,,,,
ncaab:400915181,ncaab,2017-02-25T20:00Z,final,135,213,Minnesota,Penn State,81,71,,,,0,,,,,,,,,,2,,0,Minneapolis,MN,1,253,,,,-6.0,"39,42","28,43",,,,,,,,
ncaab:400919256,ncaab,2017-02-25T20:00Z,final,2523,2529,Robert Morris,Sacred Heart,79,72,,,,0,,,,,,,,,,2,,0,Moon Township,PA,1,358,,,,-5.0,"35,44","36,36",,,,,,,,
ncaab:400919468,ncaab,2017-02-25T20:00Z,final,249,2572,North Texas,Southern Miss,53,76,,,,0,,,,,,,,,,2,,0,Denton,TX,1,201,,,,-6.0,"30,23","47,29",,,,,,,,
ncaab:400919735,ncaab,2017-02-25T20:00Z,final,222,156,Villanova,Creighton,79,63,,,,0,,,,,,,,,,2,,0,Villanova,PA,1,121,,,,-5.0,"33,46","33,30",,,,,,,,
ncaab:400910756,ncaab,2017-02-25T20:30Z,final,145,142,Ole Miss,Missouri,80,77,,,,0,,,,,,,,,,2,,0,Oxford,MS,1,154,,,,-6.0,"29,51","26,51",,,,,,,,
ncaab:400916101,ncaab,2017-02-25T20:30Z,final,2026,2433,App State,UL Monroe,64,75,,,,0,,,,,,,,,,2,,0,Boone,NC,1,981,,,,-5.0,"30,34","22,53",,,,,,,,
ncaab:400918497,ncaab,2017-02-25T20:30Z,final,325,2754,Cleveland St,Youngstown St,69,55,,,,0,,,,,,,,,,2,,0,Cleveland,OH,1,199,,,,-5.0,"30,39","26,29",,,,,,,,
ncaab:400921261,ncaab,2017-02-25T20:30Z,final,193,189,Miami OH,Bowling Green,54,70,,,,0,,,,,,,,,,2,,0,Oxford,OH,1,283,,,,-5.0,"24,30","30,40",,,,,,,,
ncaab:400910739,ncaab,2017-02-25T21:00Z,final,238,344,Vanderbilt,Mississippi St,77,48,,,,0,,,,,,,,,,2,,0,Nashville,TN,1,170,,,,-6.0,"37,40","23,25",,,,,,,,
ncaab:400915059,ncaab,2017-02-25T21:00Z,final,130,2509,Michigan,Purdue,82,70,,,,0,,,,,,,,,,2,,0,Ann Arbor,MI,1,269,,,,-5.0,"45,37","30,40",,,,,,,,
ncaab:400915462,ncaab,2017-02-25T21:00Z,final,103,259,Boston College,Virginia Tech,75,91,,,,0,,,,,,,,,,2,,0,Chestnut Hill,MA,1,60,,,,-5.0,"40,35","38,53",,,,,,,,
ncaab:400915463,ncaab,2017-02-25T21:00Z,final,2390,150,Miami,Duke,55,50,,,,0,,,,,,,,,,2,,0,Coral Gables,FL,1,3,,,,-5.0,"22,33","21,29",,,,,,,,
ncaab:400915691,ncaab,2017-02-25T21:00Z,final,24,2483,Stanford,Oregon,73,75,,,,0,,,,,,,,,,2,,0,Stanford,CA,1,23,,,,-8.0,"37,36","43,32",,,,,,,,
ncaab:400915891,ncaab,2017-02-25T21:00Z,final,2492,2539,Pepperdine,San Francisco,65,76,,,,0,,,,,,,,,,2,,0,Malibu,CA,1,32,,,,-8.0,"33,32","39,37",,,,,,,,
ncaab:400916255,ncaab,2017-02-25T21:00Z,final,66,239,Iowa State,Baylor,72,69,,,,0,,,,,,,,,,2,,0,Ames,IA,1,287,,,,-6.0,"36,36","36,33",,,,,,,,
ncaab:400916835,ncaab,2017-02-25T21:00Z,final,2272,2241,High Point,Gardner-Webb,86,88,,,,0,,,,,,,,,,2,,0,High Point,NC,1,281,,,,-5.0,"36,34,16","34,36,18",,,,,,,,
ncaab:400918338,ncaab,2017-02-25T21:00Z,final,179,2184,St Bonaventure,Duquesne,80,77,,,,0,,,,,,,,,,2,,0,Saint Bonaventure,NY,1,435,,,,-5.0,"38,42","41,36",,,,,,,,
ncaab:400919254,ncaab,2017-02-25T21:00Z,final,2681,112358,Wagner,Long Island,84,88,,,,0,,,,,,,,,,2,,0,Staten Island,NY,1,21,,,,-5.0,"40,33,11","38,35,15",,,,,,,,
ncaab:400919255,ncaab,2017-02-25T21:00Z,final,116,2597,Mount St Marys,St Francis BK,77,62,,,,0,,,,,,,,,,2,,0,Emmitsburg,MD,1,133,,,,-5.0,"33,44","35,27",,,,,,,,
ncaab:400919736,ncaab,2017-02-25T21:00Z,final,2507,269,Providence,Marquette,73,69,,,,0,,,,,,,,,,2,,0,Providence,RI,1,2,,,,-5.0,"37,36","36,33",,,,,,,,
ncaab:400919834,ncaab,2017-02-25T21:00Z,final,68,23,Boise St,San José St,85,78,,,,0,,,,,,,,,,2,,0,Boise,ID,1,823,,,,-7.0,"37,48","28,50",,,,,,,,
ncaab:400920377,ncaab,2017-02-25T21:00Z,final,2428,2065,NC Central,Bethune,78,63,,,,0,,,,,,,,,,2,,0,Durham,NC,1,123,,,,-5.0,"28,50","23,40",,,,,,,,
ncaab:400920431,ncaab,2017-02-25T21:00Z,final,2169,2379,Delaware St,MD Eastern,64,65,,,,0,,,,,,,,,,2,,0,Dover,DE,1,9,,,,-5.0,"41,23","28,37",,,,,,,,
ncaab:400920445,ncaab,2017-02-25T21:00Z,final,2415,2261,Morgan St,Hampton,77,70,,,,0,,,,,,,,,,2,,0,Baltimore,MD,1,10,,,,-5.0,"33,44","25,45",,,,,,,,
ncaab:400920538,ncaab,2017-02-25T21:00Z,final,2448,2542,NC A&T,Savannah St,91,110,,,,0,,,,,,,,,,2,,0,Greensboro,NC,1,266,,,,-5.0,"36,55","58,52",,,,,,,,
ncaab:400920544,ncaab,2017-02-25T21:00Z,final,2569,50,SC State,Florida A&M,75,64,,,,0,,,,,,,,,,2,,0,Orangeburg,SC,1,74,,,,-5.0,"29,46","25,39",,,,,,,,
ncaab:400922156,ncaab,2017-02-25T21:00Z,final,2466,2443,N'Western St,LSU N Orleans,83,82,,,,0,,,,,,,,,,2,,0,Natchitoches,LA,1,36,,,,-6.0,"39,44","37,45",,,,,,,,
ncaab:400916450,ncaab,2017-02-25T21:05Z,final,331,304,E Washington,Idaho St,89,77,,,,0,,,,,,,,,,2,,0,Cheney,WA,1,717,,,,-8.0,"43,46","33,44",,,,,,,,
ncaab:400917866,ncaab,2017-02-25T21:15Z,final,2413,55,Morehead St,Jax State,61,70,,,,0,,,,,,,,,,2,,0,Morehead,KY,1,153,,,,-6.0,"25,36","29,41",,,,,,,,
ncaab:400916096,ncaab,2017-02-25T21:30Z,final,324,309,Coastal,Louisiana,77,79,,,,0,,,,,,,,,,2,,0,Conway,SC,1,10,,,,-5.0,"34,43","39,40",,,,,,,,
ncaab:400916833,ncaab,2017-02-25T21:30Z,final,2097,2515,Campbell,Radford,61,58,,,,0,,,,,,,,,,2,,0,Buies Creek,NC,1,63,,,,-5.0,"31,30","26,32",,,,,,,,
ncaab:400916837,ncaab,2017-02-25T21:30Z,final,2506,2737,Presbyterian,Winthrop,56,93,,,,0,,,,,,,,,,2,,0,Clinton,SC,1,76,,,,-5.0,"28,28","49,44",,,,,,,,
ncaab:400918463,ncaab,2017-02-25T21:30Z,final,139,2603,Saint Louis,Saint Joseph's,61,60,,,,0,,,,,,,,,,2,,0,St. Louis,MO,1,142,,,,-6.0,"22,39","25,35",,,,,,,,
ncaab:400922146,ncaab,2017-02-25T21:30Z,final,2447,2545,Nicholls,SE Louisiana,77,71,,,,0,,,,,,,,,,2,,0,Thibodaux,LA,1,4,,,,-6.0,"42,35","35,36",,,,,,,,
ncaab:400916986,ncaab,2017-02-25T22:00Z,final,236,2382,Chattanooga,Mercer,54,64,,,,0,,,,,,,,,,2,,0,Chattanooga,TN,1,206,,,,-5.0,"23,31","17,47",,,,,,,,
ncaab:400917992,ncaab,2017-02-25T22:00Z,final,2571,2172,S Dakota St,Denver,88,64,,,,0,,,,,,,,,,2,,0,Brookings,SD,1,494,,,,-6.0,"41,47","26,38",,,,,,,,
ncaab:400919580,ncaab,2017-02-25T22:00Z,final,232,2182,Charleston,Drexel,80,67,,,,0,,,,,,,,,,2,,0,Charleston,SC,1,6,,,,-5.0,"36,44","26,41",,,,,,,,
ncaab:400922254,ncaab,2017-02-25T22:00Z,final,2400,2296,Miss Valley St,Jackson St,70,67,,,,0,,,,,,,,,,2,,0,Itta Bena,MS,1,40,,,,-6.0,"40,23,7","25,38,4",,,,,,,,
ncaab:400917862,ncaab,2017-02-25T22:15Z,final,2546,2046,SE Missouri,Austin Peay,79,88,,,,0,,,,,,,,,,2,,0,Cape Girardeau,MO,1,108,,,,-6.0,"40,39","41,47",,,,,,,,
ncaab:400916097,ncaab,2017-02-25T22:30Z,final,250,6,UT Arlington,South Alabama,86,75,,,,0,,,,,,,,,,2,,0,Arlington,TX,1,184,,,,-6.0,"46,40","38,37",,,,,,,,
ncaab:400916098,ncaab,2017-02-25T22:30Z,final,326,2653,Texas St,Troy,63,59,,,,0,,,,,,,,,,2,,0,San Marcos,TX,1,188,,,,-6.0,"27,36","30,29",,,,,,,,
ncaab:400922081,ncaab,2017-02-25T22:30Z,final,2320,2277,Lamar,Hou Christian,68,75,,,,0,,,,,,,,,,2,,0,Beaumont,TX,1,5,,,,-6.0,"29,39","34,41",,,,,,,,
ncaab:400910678,ncaab,2017-02-25T23:00Z,final,61,99,Georgia,LSU,82,80,,,,0,,,,,,,,,,2,,0,Athens,GA,1,228,,,,-5.0,"44,38","37,43",,,,,,,,
ncaab:400911044,ncaab,2017-02-25T23:00Z,final,251,2305,Texas,Kansas,67,77,,,,0,,,,,,,,,,2,,0,Austin,TX,1,149,,,,-6.0,"31,36","40,37",,,,,,,,
ncaab:400915016,ncaab,2017-02-25T23:00Z,final,120,2294,Maryland,Iowa,69,83,,,,0,,,,,,,,,,2,,0,College Park,MD,1,21,,,,-5.0,"40,29","47,36",,,,,,,,
ncaab:400916257,ncaab,2017-02-25T23:00Z,final,201,2306,Oklahoma,Kansas St,81,51,,,,0,,,,,,,,,,2,,0,Norman,OK,1,357,,,,-6.0,"33,48","20,31",,,,,,,,
ncaab:400916452,ncaab,2017-02-25T23:00Z,final,70,2692,Idaho,Weber St,83,78,,,,0,,,,,,,,,,2,,0,Moscow,ID,1,786,,,,-8.0,"38,36,9","33,41,4",,,,,,,,
ncaab:400917863,ncaab,2017-02-25T23:00Z,final,2057,2634,Belmont,Tennessee St,68,63,,,,0,,,,,,,,,,2,,0,Nashville,TN,1,170,,,,-6.0,"26,42","27,36",,,,,,,,
ncaab:400919309,ncaab,2017-02-25T23:00Z,final,172,163,Cornell,Princeton,60,75,,,,0,,,,,,,,,,2,,0,Ithaca,NY,1,125,,,,-5.0,"34,26","35,40",,,,,,,,
ncaab:400919362,ncaab,2017-02-25T23:00Z,final,2429,276,Charlotte,Marshall,89,93,,,,0,,,,,,,,,,2,,0,Charlotte,NC,1,229,,,,-5.0,"48,41","41,52",,,,,,,,
ncaab:400919868,ncaab,2017-02-25T23:00Z,final,2439,2440,UNLV,Nevada,58,94,,,,0,,,,,,,,,,2,,0,Las Vegas,NV,1,610,,,,-8.0,"30,28","45,49",,,,,,,,
ncaab:400919911,ncaab,2017-02-25T23:00Z,final,2751,167,Wyoming,New Mexico,82,71,,,,0,,,,,,,,,,2,,0,Laramie,WY,1,2184,,,,-7.0,"38,44","31,40",,,,,,,,
ncaab:400922400,ncaab,2017-02-25T23:00Z,final,2011,2640,Alabama St,Texas Southern,73,86,,,,0,,,,,,,,,,2,,0,Montgomery,AL,1,73,,,,-6.0,"37,36","42,44",,,,,,,,
ncaab:400920457,ncaab,2017-02-25T23:30Z,final,2450,47,Norfolk St,Howard,73,65,,,,0,,,,,,,,,,2,,0,Norfolk,VA,1,2,,,,-5.0,"32,41","32,33",,,,,,,,
ncaab:400922211,ncaab,2017-02-25T23:30Z,final,2582,2016,Southern,Alcorn St,67,68,,,,0,,,,,,,,,,2,,0,Baton Rouge,LA,1,14,,,,-6.0,"38,29","31,37",,,,,,,,
ncaab:400916099,ncaab,2017-02-26T00:00Z,final,2031,2247,Little Rock,Georgia St,54,71,,,,0,,,,,,,,,,2,,0,Little Rock,AR,1,102,,,,-6.0,"30,24","31,40",,,,,,,,
ncaab:400916985,ncaab,2017-02-26T00:00Z,final,2535,2643,Samford,The Citadel,96,102,,,,0,,,,,,,,,,2,,0,Homewood,AL,1,203,,,,-6.0,"47,49","42,60",,,,,,,,
ncaab:400916987,ncaab,2017-02-26T00:00Z,final,2717,2193,W Carolina,ETSU,52,68,,,,0,,,,,,,,,,2,,0,Cullowhee,NC,1,645,,,,-5.0,"12,40","32,36",,,,,,,,
ncaab:400916989,ncaab,2017-02-26T00:00Z,final,2430,2678,UNC Greensboro,VMI,74,67,,,,0,,,,,,,,,,2,,0,Greensboro,NC,1,266,,,,-5.0,"40,34","37,30",,,,,,,,
ncaab:400917191,ncaab,2017-02-26T00:00Z,final,2309,195,Kent State,Ohio,70,67,,,,0,,,,,,,,,,2,,0,Kent,OH,1,325,,,,-5.0,"27,43","35,32",,,,,,,,
ncaab:400917867,ncaab,2017-02-26T00:00Z,final,2630,93,UT Martin,Murray St,83,76,,,,0,,,,,,,,,,2,,0,Martin,TN,1,124,,,,-6.0,"50,33","26,50",,,,,,,,
ncaab:400917993,ncaab,2017-02-26T00:00Z,final,85,233,IU Indy,South Dakota,85,92,,,,0,,,,,,,,,,2,,0,Indianapolis,IN,1,218,,,,-5.0,"33,52","39,53",,,,,,,,
ncaab:400918628,ncaab,2017-02-26T00:00Z,final,399,42,UAlbany,Hartford,80,62,,,,0,,,,,,,,,,2,,0,Albany,NY,1,45,,,,-5.0,"31,49","24,38",,,,,,,,
ncaab:400919294,ncaab,2017-02-26T00:00Z,final,171,219,Columbia,Penn,70,67,,,,0,,,,,,,,,,2,,0,New York,NY,1,10,,,,-5.0,"33,37","35,32",,,,,,,,
ncaab:400919318,ncaab,2017-02-26T00:00Z,final,159,43,Dartmouth,Yale,86,99,,,,0,,,,,,,,,,2,,0,Hanover,NH,1,162,,,,-5.0,"44,42","52,47",,,,,,,,
ncaab:400919382,ncaab,2017-02-26T00:00Z,final,2226,2636,FAU,UTSA,73,66,,,,0,,,,,,,,,,2,,0,Boca Raton,FL,1,4,,,,-5.0,"36,37","29,37",,,,,,,,
ncaab:400919400,ncaab,2017-02-26T00:00Z,final,2229,2638,FIU,UTEP,76,90,,,,0,,,,,,,,,,2,,0,Miami,FL,1,2,,,,-5.0,"30,46","41,49",,,,,,,,
ncaab:400919479,ncaab,2017-02-26T00:00Z,final,295,98,Old Dominion,Western KY,67,53,,,,0,,,,,,,,,,2,,0,Norfolk,VA,1,2,,,,-5.0,"37,30","23,30",,,,,,,,
ncaab:400919600,ncaab,2017-02-26T00:00Z,final,2210,48,Elon,Delaware,81,59,,,,0,,,,,,,,,,2,,0,Elon,NC,1,215,,,,-5.0,"40,41","29,30",,,,,,,,
ncaab:400922264,ncaab,2017-02-26T00:00Z,final,2010,2504,Alabama A&M,Prairie View,87,74,,,,0,,,,,,,,,,2,,0,Normal,AL,1,220,,,,-6.0,"42,45","29,45",,,,,,,,
ncaab:400922024,ncaab,2017-02-26T00:15Z,final,2534,2000,Sam Houston,Abilene Chrstn,81,84,,,,0,,,,,,,,,,2,,0,Huntsville,TX,1,113,,,,-6.0,"28,53","36,48",,,,,,,,
ncaab:400919130,ncaab,2017-02-26T00:30Z,final,2329,349,Lehigh,Army,83,69,,,,0,,,,,,,,,,2,,0,Bethlehem,PA,1,109,,,,-5.0,"35,48","33,36",,,,,,,,
ncaab:400922041,ncaab,2017-02-26T00:30Z,final,2110,2617,C Arkansas,SF Austin,85,90,,,,0,,,,,,,,,,2,,0,Conway,AR,1,95,,,,-6.0,"38,36,11","33,41,16",,,,,,,,
ncaab:400910566,ncaab,2017-02-26T01:00Z,final,245,333,Texas A&M,Alabama,56,53,,,,0,,,,,,,,,,2,,0,College Station,TX,1,103,,,,-6.0,"21,35","19,34",,,,,,,,
ncaab:400914988,ncaab,2017-02-26T01:00Z,final,84,77,Indiana,Northwestern,63,62,,,,0,,,,,,,,,,2,,0,Bloomington,IN,1,235,,,,-5.0,"36,27","26,36",,,,,,,,
ncaab:400916100,ncaab,2017-02-26T01:00Z,final,2032,290,Arkansas St,GA Southern,60,72,,,,0,,,,,,,,,,2,,0,Jonesboro,AR,1,99,,,,-6.0,"34,26","37,35",,,,,,,,
ncaab:400917864,ncaab,2017-02-26T01:00Z,final,2565,2197,SIUE,E Illinois,78,59,,,,0,,,,,,,,,,2,,0,Edwardsville,IL,1,165,,,,-6.0,"37,41","29,30",,,,,,,,
ncaab:400917994,ncaab,2017-02-26T01:00Z,final,2437,2449,Omaha,N Dakota St,96,92,,,,0,,,,,,,,,,2,,0,Omaha,NE,1,323,,,,-6.0,"47,49","41,51",,,,,,,,
ncaab:400918103,ncaab,2017-02-26T01:00Z,final,292,3084,UT Rio Grande,Utah Valley,68,88,,,,0,,,,,,,,,,2,,0,Edinburg,TX,1,30,,,,-6.0,"29,39","47,41",,,,,,,,
ncaab:400918154,ncaab,2017-02-26T01:00Z,final,79,2350,S Illinois,Loyola Chicago,72,70,,,,0,,,,,,,,,,2,,0,Carbondale,IL,1,126,,,,-6.0,"34,38","31,39",,,,,,,,
ncaab:400918886,ncaab,2017-02-26T01:00Z,final,27,13,UC Riverside,Cal Poly,77,84,,,,0,,,,,,,,,,2,,0,Riverside,CA,1,252,,,,-8.0,"40,34,3","41,33,10",,,,,,,,
ncaab:400918951,ncaab,2017-02-26T01:00Z,final,302,299,UC Davis,Long Beach St,75,71,,,,0,,,,,,,,,,2,,0,Davis,CA,1,16,,,,-8.0,"31,35,9","29,37,5",,,,,,,,
ncaab:400919275,ncaab,2017-02-26T01:00Z,final,108,225,Harvard,Brown,77,58,,,,0,,,,,,,,,,2,,0,Cambridge,MA,1,5,,,,-5.0,"48,29","30,28",,,,,,,,
ncaab:400919424,ncaab,2017-02-26T01:00Z,final,242,2348,Rice,Louisiana Tech,88,81,,,,0,,,,,,,,,,2,,0,Houston,TX,1,12,,,,-6.0,"49,39","48,33",,,,,,,,
ncaab:400919853,ncaab,2017-02-26T01:00Z,final,36,21,Colorado St,San Diego St,56,55,,,,0,,,,,,,,,,2,,0,Fort Collins,CO,1,1525,,,,-7.0,"21,35","33,22",,,,,,,,
ncaab:400915690,ncaab,2017-02-26T01:15Z,final,12,26,Arizona,UCLA,72,77,,,,0,,,,,,,,,,2,,0,Tucson,AZ,1,759,,,,-7.0,"43,29","39,38",,,,,,,,
ncaab:400910602,ncaab,2017-02-26T01:30Z,final,2,8,Auburn,Arkansas,68,79,,,,0,,,,,,,,,,2,,0,Auburn,AL,1,215,,,,-6.0,"31,37","40,39",,,,,,,,
ncaab:400917995,ncaab,2017-02-26T01:30Z,final,2710,2870,W Illinois,Purdue FW,92,96,,,,0,,,,,,,,,,2,,0,Macomb,IL,1,215,,,,-6.0,"50,36,6","46,40,10",,,,,,,,
ncaab:400922227,ncaab,2017-02-26T01:30Z,final,2029,2755,AR-Pine Bluff,Grambling,58,78,,,,0,,,,,,,,,,2,,0,Pine Bluff,AR,1,67,,,,-6.0,"29,29","37,41",,,,,,,,
ncaab:400915889,ncaab,2017-02-26T02:00Z,final,301,2501,San Diego,Portland,85,82,,,,0,,,,,,,,,,2,,0,San Diego,CA,1,20,,,,-8.0,"43,42","31,51",,,,,,,,
ncaab:400916449,ncaab,2017-02-26T02:00Z,final,147,149,Montana St,Montana,78,69,,,,0,,,,,,,,,,2,,0,Bozeman,MT,1,1468,,,,-7.0,"31,47","32,37",,,,,,,,
ncaab:400916451,ncaab,2017-02-26T02:00Z,final,2458,155,N Colorado,North Dakota,81,84,,,,0,,,,,,,,,,2,,0,Greeley,CO,1,1425,,,,-7.0,"34,38,9","38,34,12",,,,,,,,
ncaab:400918101,ncaab,2017-02-26T02:00Z,final,2253,140,Grand Canyon,Kansas City,84,77,,,,0,,,,,,,,,,2,,0,Phoenix,AZ,1,331,,,,-7.0,"44,40","34,43",,,,,,,,
ncaab:400918104,ncaab,2017-02-26T02:00Z,final,166,2547,New Mexico St,Seattle U,86,53,,,,0,,,,,,,,,,2,,0,Las Cruces,NM,1,1191,,,,-7.0,"42,44","23,30",,,,,,,,
ncaab:400919817,ncaab,2017-02-26T02:00Z,final,328,2005,Utah State,Air Force,89,58,,,,0,,,,,,,,,,2,,0,Logan,UT,1,1382,,,,-7.0,"46,43","26,32",,,,,,,,
ncaab:400915892,ncaab,2017-02-26T03:00Z,final,279,2351,Pacific,LMU,66,67,,,,0,,,,,,,,,,2,,0,Stockton,CA,1,4,,,,-8.0,"34,32","29,38",,,,,,,,
ncaab:400915893,ncaab,2017-02-26T03:00Z,final,2608,2541,Saint Mary's,Santa Clara,70,56,,,,0,,,,,,,,,,2,,0,Moraga,CA,1,152,,,,-8.0,"41,29","29,27",,,,,,,,
ncaab:400918102,ncaab,2017-02-26T03:00Z,final,2934,2130,Bakersfield,Chicago St,69,49,,,,0,,,,,,,,,,2,,0,Bakersfield,CA,1,123,,,,-8.0,"35,34","13,36",,,,,,,,
ncaab:400916453,ncaab,2017-02-26T03:05Z,final,16,253,Sacramento St,Southern Utah,86,76,,,,0,,,,,,,,,,2,,0,Sacramento,CA,1,9,,,,-8.0,"36,50","33,43",,,,,,,,
ncaab:400916454,ncaab,2017-02-26T03:05Z,final,2502,2464,Portland St,N Arizona,84,72,,,,0,,,,,,,,,,2,,0,Portland,OR,1,12,,,,-8.0,"46,38","34,38",,,,,,,,
ncaab:400915890,ncaab,2017-02-26T03:15Z,final,2250,252,Gonzaga,BYU,71,79,,,,0,,,,,,,,,,2,,0,Spokane,WA,1,571,,,,-8.0,"41,30","35,44",,,,,,,,
ncaab:400918921,ncaab,2017-02-26T03:30Z,final,300,2463,UC Irvine,CSU Northridge,83,80,,,,0,,,,,,,,,,2,,0,Irvine,CA,1,17,,,,-8.0,"45,38","38,42",,,,,,,,
ncaab:400918902,ncaab,2017-02-26T04:59Z,final,62,2239,Hawai'i,Fullerton,64,58,,,,0,,,,,,,,,,2,,0,Honolulu,HI,1,5,,,,-10.0,"23,23,18","21,25,12",,,,,,,,
ncaab:400918412,ncaab,2017-02-26T18:00Z,final,113,2325,UMass,La Salle,84,71,,,,0,,,,,,,,,,2,,0,Amherst,MA,1,82,,,,-5.0,"40,44","35,36",,,,,,,,
ncaab:400918576,ncaab,2017-02-26T18:00Z,final,94,2674,N Kentucky,Valparaiso,82,78,,,,0,,,,,,,,,,2,,0,Highland Heights,KY,1,260,,,,-5.0,"40,42","37,41",,,,,,,,
ncaab:400919453,ncaab,2017-02-26T18:00Z,final,5,2393,UAB,MTSU,64,66,,,,0,,,,,,,,,,2,,0,Birmingham,AL,1,187,,,,-6.0,"29,35","32,34",,,,,,,,
ncaab:400915465,ncaab,2017-02-26T19:00Z,final,97,183,Louisville,Syracuse,88,68,,,,0,,,,,,,,,,2,,0,Louisville,KY,1,142,,,,-5.0,"41,47","25,43",,,,,,,,
ncaab:400917655,ncaab,2017-02-26T19:00Z,final,2099,2612,Canisius,Saint Peter's,65,72,,,,0,,,,,,,,,,2,,0,Buffalo,NY,1,183,,,,-5.0,"33,32","37,35",,,,,,,,
ncaab:400917656,ncaab,2017-02-26T19:00Z,final,2514,2520,Quinnipiac,Rider,82,99,,,,0,,,,,,,,,,2,,0,Hamden,CT,1,31,,,,-5.0,"51,31","45,54",,,,,,,,
ncaab:400917657,ncaab,2017-02-26T19:00Z,final,315,2217,Niagara,Fairfield,58,62,,,,0,,,,,,,,,,2,,0,Niagara Falls,NY,1,187,,,,-5.0,"24,34","32,30",,,,,,,,
ncaab:400918375,ncaab,2017-02-26T19:00Z,final,45,2244,G Washington,George Mason,83,74,,,,0,,,,,,,,,,2,,0,Washington,DC,1,7,,,,-5.0,"37,46","36,38",,,,,,,,
ncaab:400918563,ncaab,2017-02-26T19:00Z,final,2750,82,Wright St,UIC,87,49,,,,0,,,,,,,,,,2,,0,Dayton,OH,1,225,,,,-5.0,"40,47","19,30",,,,,,,,
ncaab:400916645,ncaab,2017-02-26T20:00Z,final,2116,2132,UCF,Cincinnati,53,49,,,,0,,,,,,,,,,2,,0,Orlando,FL,1,30,,,,-5.0,"30,23","27,22",,,,,,,,
ncaab:400918516,ncaab,2017-02-26T20:00Z,final,2739,2174,Green Bay,Detroit Mercy,89,81,,,,0,,,,,,,,,,2,,0,Ashwaubenon,WI,1,185,,,,-6.0,"41,48","45,36",,,,,,,,
ncaab:400918548,ncaab,2017-02-26T20:00Z,final,270,2473,Milwaukee,Oakland,75,86,,,,0,,,,,,,,,,2,,0,Milwaukee,WI,1,188,,,,-6.0,"39,36","39,47",,,,,,,,
ncaab:400919737,ncaab,2017-02-26T20:30Z,final,2752,2086,Xavier,Butler,79,88,,,,0,,,,,,,,,,2,,0,Cincinnati,OH,1,191,,,,-5.0,"37,42","38,50",,,,,,,,
ncaab:400914946,ncaab,2017-02-26T21:00Z,final,127,275,Michigan St,Wisconsin,84,74,,,,0,,,,,,,,,,2,,0,East Lansing,MI,1,261,,,,-5.0,"38,46","37,37",,,,,,,,
ncaab:400916646,ncaab,2017-02-26T21:00Z,final,202,151,Tulsa,East Carolina,74,66,,,,0,,,,,,,,,,2,,0,Tulsa,OK,1,220,,,,-6.0,"29,45","27,39",,,,,,,,
ncaab:400917653,ncaab,2017-02-26T21:00Z,final,2561,2368,Siena,Marist,80,64,,,,0,,,,,,,,,,2,,0,Albany,NY,1,45,,,,-5.0,"45,35","40,24",,,,,,,,
ncaab:400917654,ncaab,2017-02-26T21:00Z,final,314,2405,Iona,Monmouth,73,79,,,,0,,,,,,,,,,2,,0,New Rochelle,NY,1,26,,,,-5.0,"32,41","35,44",,,,,,,,
ncaab:400916647,ncaab,2017-02-26T22:00Z,final,235,248,Memphis,Houston,71,72,,,,0,,,,,,,,,,2,,0,Memphis,TN,1,78,,,,-6.0,"35,36","40,32",,,,,,,,
ncaab:400915466,ncaab,2017-02-26T23:30Z,final,87,59,Notre Dame,Georgia Tech,64,60,,,,0,,,,,,,,,,2,,0,South Bend,IN,1,211,,,,-5.0,"34,30","28,32",,,,,,,,
ncaab:400915692,ncaab,2017-02-26T23:30Z,final,9,30,Arizona St,USC,83,82,,,,0,,,,,,,,,,2,,0,Tempe,AZ,1,360,,,,-7.0,"47,36","48,34",,,,,,,,
ncaab:400914971,ncaab,2017-02-27T00:30Z,final,158,356,Nebraska,Illinois,57,73,,,,0,,,,,,,,,,2,,0,Lincoln,NE,1,367,,,,-6.0,"28,29","30,43",,,,,,,,
ncaab:400915693,ncaab,2017-02-27T01:30Z,final,265,264,Washington St,Washington,79,71,,,,0,,,,,,,,,,2,,0,Pullman,WA,1,717,,,,-8.0,"31,48","31,40",,,,,,,,
ncaab:400915467,ncaab,2017-02-28T00:00Z,final,258,153,Virginia,North Carolina,53,43,,,,0,,,,,,,,,,2,,0,Charlottesville,VA,1,142,,,,-5.0,"27,26","23,20",,,,,,,,
ncaab:400916102,ncaab,2017-02-28T00:00Z,final,324,2433,Coastal,UL Monroe,77,72,,,,0,,,,,,,,,,2,,0,Conway,SC,1,10,,,,-5.0,"35,42","35,37",,,,,,,,
ncaab:400916107,ncaab,2017-02-28T00:00Z,final,2026,309,App State,Louisiana,62,77,,,,0,,,,,,,,,,2,,0,Boone,NC,1,981,,,,-5.0,"33,29","43,34",,,,,,,,
ncaab:400916258,ncaab,2017-02-28T00:00Z,final,239,277,Baylor,West Virginia,71,62,,,,0,,,,,,,,,,2,,0,Waco,TX,1,143,,,,-6.0,"28,43","30,32",,,,,,,,
ncaab:400916990,ncaab,2017-02-28T00:00Z,final,2717,2678,W Carolina,VMI,81,68,,,,0,,,,,,,,,,2,,0,Cullowhee,NC,1,645,,,,-5.0,"35,46","35,33",,,,,,,,
ncaab:400916991,ncaab,2017-02-28T00:00Z,final,2382,2535,Mercer,Samford,88,79,,,,0,,,,,,,,,,2,,0,Macon,GA,1,112,,,,-5.0,"35,53","33,46",,,,,,,,
ncaab:400916992,ncaab,2017-02-28T00:00Z,final,2430,2193,UNC Greensboro,ETSU,72,66,,,,0,,,,,,,,,,2,,0,Greensboro,NC,1,266,,,,-5.0,"31,41","28,38",,,,,,,,
ncaab:400916993,ncaab,2017-02-28T00:00Z,final,2643,236,The Citadel,Chattanooga,85,76,,,,0,,,,,,,,,,2,,0,Charleston,SC,1,6,,,,-5.0,"45,40","40,36",,,,,,,,
ncaab:400944286,ncaab,2017-02-28T00:00Z,final,526,56,FGCU,Stetson,87,57,,,,0,,,,,,,,,,2,,0,Fort Myers,FL,1,3,,,,-5.0,"48,39","30,27",,,,,,,,
ncaab:400944287,ncaab,2017-02-28T00:00Z,final,2454,294,North Florida,Jacksonville,77,74,,,,0,,,,,,,,,,2,,0,Jacksonville,FL,1,5,,,,-5.0,"32,45","31,43",,,,,,,,
ncaab:400944288,ncaab,2017-02-28T00:00Z,final,2908,338,SC Upstate,Kennesaw St,78,80,,,,0,,,,,,,,,,2,,0,Spartanburg,SC,1,246,,,,-5.0,"35,43","33,47",,,,,,,,
ncaab:400920378,ncaab,2017-02-28T00:30Z,final,2448,2065,NC A&T,Bethune,70,73,,,,0,,,,,,,,,,2,,0,Greensboro,NC,1,266,,,,-5.0,"25,45","38,35",,,,,,,,
ncaab:400922646,ncaab,2017-02-28T00:30Z,final,2428,2542,NC Central,Savannah St,73,74,,,,0,,,,,,,,,,2,,0,Durham,NC,1,123,,,,-5.0,"36,37","44,30",,,,,,,,
ncaab:400916104,ncaab,2017-02-28T01:00Z,final,2032,2247,Arkansas St,Georgia St,78,67,,,,0,,,,,,,,,,2,,0,Jonesboro,AR,1,99,,,,-6.0,"34,44","28,39",,,,,,,,
ncaab:400916105,ncaab,2017-02-28T01:00Z,final,250,2653,UT Arlington,Troy,82,67,,,,0,,,,,,,,,,2,,0,Arlington,TX,1,184,,,,-6.0,"45,37","30,37",,,,,,,,
ncaab:400916106,ncaab,2017-02-28T01:00Z,final,326,6,Texas St,South Alabama,90,64,,,,0,,,,,,,,,,2,,0,San Marcos,TX,1,188,,,,-6.0,"45,45","27,37",,,,,,,,
ncaab:400920413,ncaab,2017-02-28T01:00Z,final,2415,2154,Morgan St,Coppin St,71,66,,,,0,,,,,,,,,,2,,0,Baltimore,MD,1,10,,,,-5.0,"43,28","28,38",,,,,,,,
ncaab:400920458,ncaab,2017-02-28T01:00Z,final,47,2379,Howard,MD Eastern,79,69,,,,0,,,,,,,,,,2,,0,Washington,DC,1,7,,,,-5.0,"42,37","35,34",,,,,,,,
ncaab:400944289,ncaab,2017-02-28T01:00Z,final,288,2885,Lipscomb,NJIT,97,66,,,,0,,,,,,,,,,2,,0,Nashville,TN,1,170,,,,-6.0,"50,47","31,35",,,,,,,,
ncaab:400922228,ncaab,2017-02-28T01:30Z,final,2029,2296,AR-Pine Bluff,Jackson St,51,62,,,,0,,,,,,,,,,2,,0,Pine Bluff,AR,1,67,,,,-6.0,"19,32","30,32",,,,,,,,
ncaab:400922244,ncaab,2017-02-28T01:30Z,final,2400,2755,Miss Valley St,Grambling,84,80,,,,0,,,,,,,,,,2,,0,Itta Bena,MS,1,40,,,,-6.0,"39,45","39,41",,,,,,,,
ncaab:400922265,ncaab,2017-02-28T01:30Z,final,2011,2504,Alabama St,Prairie View,58,77,,,,0,,,,,,,,,,2,,0,Montgomery,AL,1,73,,,,-6.0,"28,30","34,43",,,,,,,,
ncaab:400922401,ncaab,2017-02-28T01:30Z,final,2010,2640,Alabama A&M,Texas Southern,64,74,,,,0,,,,,,,,,,2,,0,Normal,AL,1,220,,,,-6.0,"30,34","41,33",,,,,,,,
ncaab:400915468,ncaab,2017-02-28T02:00Z,final,259,2390,Virginia Tech,Miami,66,61,,,,0,,,,,,,,,,2,,0,Blacksburg,VA,1,633,,,,-5.0,"27,39","26,35",,,,,,,,
ncaab:400916103,ncaab,2017-02-28T02:00Z,final,2031,290,Little Rock,GA Southern,56,54,,,,0,,,,,,,,,,2,,0,Little Rock,AR,1,102,,,,-6.0,"24,32","28,26",,,,,,,,
ncaab:400916259,ncaab,2017-02-28T02:00Z,final,2305,201,Kansas,Oklahoma,73,63,,,,0,,,,,,,,,,2,,0,Lawrence,KS,1,263,,,,-6.0,"28,45","28,35",,,,,,,,
ncaab:400919961,ncaab,2017-02-28T02:00Z,final,2261,2450,Hampton,Norfolk St,63,59,,,,0,,,,,,,,,,2,,0,Hampton,VA,1,1,,,,-5.0,"25,38","31,28",,,,,,,,
ncaab:400917193,ncaab,2017-02-28T23:00Z,final,195,2084,Ohio,Buffalo,79,83,,,,0,,,,,,,,,,2,,0,Athens,OH,1,219,,,,-5.0,"35,44","40,43",,,,,,,,
ncaab:400915040,ncaab,2017-02-28T23:30Z,final,164,120,Rutgers,Maryland,59,79,,,,0,,,,,,,,,,2,,0,Piscataway,NJ,1,30,,,,-5.0,"28,31","32,47",,,,,,,,
ncaab:400919738,ncaab,2017-02-28T23:30Z,final,2550,46,Seton Hall,Georgetown,62,59,,,,0,,,,,,,,,,2,,0,Newark,NJ,1,9,,,,-5.0,"38,24","30,29",,,,,,,,
