id,league,start,status,home,away,home_name,away_name,home_score,away_score,ml_home,ml_away,odds_time,neutral,ml_home_open,ml_away_open,spread_home,spread_home_odds,spread_away_odds,inj_home,inj_away,sp_home,sp_away,stype,country,intl,city,state,indoor,elev,wx_temp,wx_wind,wx_rain,tzo,ls_home,ls_away,h1_ml_home,h1_ml_away,h1_spread_home,h1_spread_home_odds,h1_spread_away_odds,total,over_odds,under_odds
ncaab:400917775,ncaab,2017-01-01T00:00Z,final,2630,2413,UT Martin,Morehead St,81,77,,,,0,,,,,,,,,,2,,0,Martin,TN,1,124,,,,-6.0,"30,36,15","29,37,11",,,,,,,,
ncaab:400919535,ncaab,2017-01-01T00:00Z,final,278,2440,Fresno St,Nevada,77,76,,,,0,,,,,,,,,,2,,0,Fresno,CA,1,94,,,,-8.0,"33,44","32,44",,,,,,,,
ncaab:400915809,ncaab,2017-01-01T01:00Z,final,2501,2492,Portland,Pepperdine,73,60,,,,0,,,,,,,,,,2,,0,Portland,OR,1,12,,,,-8.0,"31,42","23,37",,,,,,,,
ncaab:400915811,ncaab,2017-01-01T01:00Z,final,279,2250,Pacific,Gonzaga,61,81,,,,0,,,,,,,,,,2,,0,Stockton,CA,1,4,,,,-8.0,"34,27","29,52",,,,,,,,
ncaab:400915812,ncaab,2017-01-01T02:00Z,final,2608,301,Saint Mary's,San Diego,72,60,,,,0,,,,,,,,,,2,,0,Moraga,CA,1,152,,,,-8.0,"33,39","25,35",,,,,,,,
ncaab:400915030,ncaab,2017-01-01T17:00Z,final,120,158,Maryland,Nebraska,65,67,,,,0,,,,,,,,,,2,,0,College Park,MD,1,21,,,,-5.0,"30,35","34,33",,,,,,,,
ncaab:400915353,ncaab,2017-01-01T17:30Z,final,103,183,Boston College,Syracuse,96,81,,,,0,,,,,,,,,,2,,0,Chestnut Hill,MA,1,60,,,,-5.0,"44,52","33,48",,,,,,,,
ncaab:400918115,ncaab,2017-01-01T19:00Z,final,2724,71,Wichita St,Bradley,100,66,,,,0,,,,,,,,,,2,,0,Wichita,KS,1,396,,,,-6.0,"51,49","29,37",,,,,,,,
ncaab:400918200,ncaab,2017-01-01T19:00Z,final,2350,2287,Loyola Chicago,Illinois St,59,81,,,,0,,,,,,,,,,2,,0,Chicago,IL,1,179,,,,-6.0,"28,31","39,42",,,,,,,,
ncaab:400919663,ncaab,2017-01-01T19:00Z,final,305,2599,DePaul,St John's,73,79,,,,0,,,,,,,,,,2,,0,Rosemont,IL,1,194,,,,-6.0,"40,33","33,46",,,,,,,,
ncaab:400915005,ncaab,2017-01-01T19:15Z,final,2294,130,Iowa,Michigan,86,83,,,,0,,,,,,,,,,2,,0,Iowa City,IA,1,204,,,,-6.0,"39,35,12","36,38,9",,,,,,,,
ncaab:400915176,ncaab,2017-01-01T19:30Z,final,164,213,Rutgers,Penn State,47,60,,,,0,,,,,,,,,,2,,0,Piscataway,NJ,1,30,,,,-5.0,"23,24","27,33",,,,,,,,
ncaab:400919411,ncaab,2017-01-01T20:00Z,final,2572,2348,Southern Miss,Louisiana Tech,55,79,,,,0,,,,,,,,,,2,,0,Hattiesburg,MS,1,52,,,,-6.0,"18,37","25,54",,,,,,,,
ncaab:400919664,ncaab,2017-01-01T20:00Z,final,2086,2507,Butler,Providence,78,61,,,,0,,,,,,,,,,2,,0,Indianapolis,IN,1,218,,,,-5.0,"45,33","26,35",,,,,,,,
ncaab:400918160,ncaab,2017-01-01T21:00Z,final,339,2460,Evansville,Northern Iowa,70,58,,,,0,,,,,,,,,,2,,0,Evansville,IN,1,118,,,,-6.0,"34,36","20,38",,,,,,,,
ncaab:400919522,ncaab,2017-01-01T21:00Z,final,2636,2638,UTSA,UTEP,67,55,,,,0,,,,,,,,,,2,,0,San Antonio,TX,1,198,,,,-6.0,"29,38","30,25",,,,,,,,
ncaab:400915094,ncaab,2017-01-01T21:30Z,final,2509,135,Purdue,Minnesota,82,91,,,,0,,,,,,,,,,2,,0,West Lafayette,IN,1,186,,,,-5.0,"35,38,9","38,35,18",,,,,,,,
ncaab:400919665,ncaab,2017-01-01T21:30Z,final,2550,269,Seton Hall,Marquette,69,66,,,,0,,,,,,,,,,2,,0,Newark,NJ,1,9,,,,-5.0,"33,36","32,34",,,,,,,,
ncaab:400918140,ncaab,2017-01-01T22:00Z,final,79,2181,S Illinois,Drake,83,69,,,,0,,,,,,,,,,2,,0,Carbondale,IL,1,126,,,,-6.0,"37,46","32,37",,,,,,,,
ncaab:400919904,ncaab,2017-01-01T22:00Z,final,21,167,San Diego St,New Mexico,62,68,,,,0,,,,,,,,,,2,,0,San Diego,CA,1,20,,,,-8.0,"36,26","25,43",,,,,,,,
ncaab:400919444,ncaab,2017-01-01T23:00Z,final,2393,5,MTSU,UAB,60,49,,,,0,,,,,,,,,,2,,0,Murfreesboro,TN,1,186,,,,-6.0,"33,27","20,29",,,,,,,,
ncaab:400915602,ncaab,2017-01-01T23:30Z,final,254,38,Utah,Colorado,76,60,,,,0,,,,,,,,,,2,,0,Salt Lake City,UT,1,1299,,,,-7.0,"36,40","29,31",,,,,,,,
ncaab:400914958,ncaab,2017-01-02T00:00Z,final,356,194,Illinois,Ohio State,75,70,,,,0,,,,,,,,,,2,,0,Champaign,IL,1,225,,,,-6.0,"40,35","29,41",,,,,,,,
ncaab:400916566,ncaab,2017-01-02T00:00Z,final,2132,2655,Cincinnati,Tulane,92,56,,,,0,,,,,,,,,,2,,0,Cincinnati,OH,1,191,,,,-5.0,"39,53","27,29",,,,,,,,
ncaab:400915603,ncaab,2017-01-02T01:00Z,final,24,12,Stanford,Arizona,52,91,,,,0,,,,,,,,,,2,,0,Stanford,CA,1,23,,,,-8.0,"30,22","49,42",,,,,,,,
ncaab:400915604,ncaab,2017-01-02T01:30Z,final,264,265,Washington,Washington St,74,79,,,,0,,,,,,,,,,2,,0,Seattle,WA,1,56,,,,-8.0,"40,34","33,46",,,,,,,,
ncaab:400915605,ncaab,2017-01-02T03:00Z,final,25,9,California,Arizona St,81,65,,,,0,,,,,,,,,,2,,0,Berkeley,CA,1,52,,,,-8.0,"38,43","37,28",,,,,,,,
ncaab:400918727,ncaab,2017-01-02T18:00Z,final,160,450,New Hampshire,WHEELOCK,95,50,,,,0,,,,,,,,,,2,,0,Durham,NH,1,15,,,,-5.0,"48,47","23,27",,,,,,,,
ncaab:400917561,ncaab,2017-01-02T19:00Z,final,2099,2561,Canisius,Siena,82,79,,,,0,,,,,,,,,,2,,0,Buffalo,NY,1,183,,,,-5.0,"46,36","39,40",,,,,,,,
ncaab:400918689,ncaab,2017-01-02T19:00Z,final,311,171,Maine,Columbia,73,98,,,,0,,,,,,,,,,2,,0,Bangor,ME,1,36,,,,-5.0,"39,34","49,49",,,,,,,,
ncaab:400919046,ncaab,2017-01-02T19:00Z,final,104,2329,Boston U,Lehigh,75,61,,,,0,,,,,,,,,,2,,0,Boston,MA,1,14,,,,-5.0,"38,37","29,32",,,,,,,,
ncaab:400919047,ncaab,2017-01-02T19:00Z,final,2142,44,Colgate,American,64,67,,,,0,,,,,,,,,,2,,0,Hamilton,NY,1,181,,,,-5.0,"21,37,6","28,30,9",,,,,,,,
ncaab:400922088,ncaab,2017-01-02T20:30Z,final,2545,2916,SE Louisiana,Incarnate Word,74,63,,,,0,,,,,,,,,,2,,0,Hammond,LA,1,13,,,,-6.0,"39,35","25,38",,,,,,,,
ncaab:400919603,ncaab,2017-01-02T21:30Z,final,2182,111,Drexel,Northeastern,70,75,,,,0,,,,,,,,,,2,,0,Philadelphia,PA,1,12,,,,-5.0,"26,35,9","25,36,14",,,,,,,,
ncaab:400919634,ncaab,2017-01-02T21:30Z,final,2275,2729,Hofstra,William & Mary,93,95,,,,0,,,,,,,,,,2,,0,Hempstead,NY,1,17,,,,-5.0,"50,36,7","44,42,9",,,,,,,,
ncaab:400919460,ncaab,2017-01-02T22:00Z,final,295,249,Old Dominion,North Texas,55,48,,,,0,,,,,,,,,,2,,0,Norfolk,VA,1,2,,,,-5.0,"23,32","17,31",,,,,,,,
ncaab:400919564,ncaab,2017-01-02T23:00Z,final,48,232,Delaware,Charleston,56,65,,,,0,,,,,,,,,,2,,0,Newark,DE,1,38,,,,-5.0,"26,30","20,45",,,,,,,,
ncaab:400920481,ncaab,2017-01-02T23:00Z,final,2379,110414,MD Eastern,Valley Forge,90,65,,,,0,,,,,,,,,,2,,0,Princess Anne,MD,1,5,,,,-5.0,"54,36","35,30",,,,,,,,
ncaab:400916910,ncaab,2017-01-03T00:00Z,final,2717,2535,W Carolina,Samford,65,70,,,,0,,,,,,,,,,2,,0,Cullowhee,NC,1,645,,,,-5.0,"25,40","33,37",,,,,,,,
ncaab:400916911,ncaab,2017-01-03T00:00Z,final,231,2382,Furman,Mercer,71,69,,,,0,,,,,,,,,,2,,0,Greenville,SC,1,307,,,,-5.0,"30,41","32,37",,,,,,,,
ncaab:400916912,ncaab,2017-01-03T00:00Z,final,2430,236,UNC Greensboro,Chattanooga,73,68,,,,0,,,,,,,,,,2,,0,Greensboro,NC,1,266,,,,-5.0,"32,41","38,30",,,,,,,,
ncaab:400916913,ncaab,2017-01-03T00:00Z,final,2747,2643,Wofford,The Citadel,103,104,,,,0,,,,,,,,,,2,,0,Spartanburg,SC,1,246,,,,-5.0,"37,54,12","46,45,13",,,,,,,,
ncaab:400917562,ncaab,2017-01-03T00:00Z,final,315,2514,Niagara,Quinnipiac,78,81,,,,0,,,,,,,,,,2,,0,Niagara Falls,NY,1,187,,,,-5.0,"41,37","37,44",,,,,,,,
ncaab:400917563,ncaab,2017-01-03T00:00Z,final,2612,2405,Saint Peter's,Monmouth,71,61,,,,0,,,,,,,,,,2,,0,Jersey City,NJ,1,9,,,,-5.0,"27,44","19,42",,,,,,,,
ncaab:400917564,ncaab,2017-01-03T00:00Z,final,2368,2363,Marist,Manhattan,90,88,,,,0,,,,,,,,,,2,,0,Poughkeepsie,NY,1,62,,,,-5.0,"33,41,16","31,43,14",,,,,,,,
ncaab:400917565,ncaab,2017-01-03T00:00Z,final,2217,314,Fairfield,Iona,93,87,,,,0,,,,,,,,,,2,,0,Bridgeport,CT,1,1,,,,-5.0,"45,48","36,51",,,,,,,,
ncaab:400917776,ncaab,2017-01-03T00:00Z,final,2634,338,Tennessee St,Kennesaw St,73,76,,,,0,,,,,,,,,,2,,0,Nashville,TN,1,170,,,,-6.0,"34,39","42,34",,,,,,,,
ncaab:400918612,ncaab,2017-01-03T00:00Z,final,399,172,UAlbany,Cornell,69,59,,,,0,,,,,,,,,,2,,0,Albany,NY,1,45,,,,-5.0,"34,35","26,33",,,,,,,,
ncaab:400918665,ncaab,2017-01-03T00:00Z,final,43,42,Yale,Hartford,88,72,,,,0,,,,,,,,,,2,,0,New Haven,CT,1,18,,,,-5.0,"30,58","27,45",,,,,,,,
ncaab:400918763,ncaab,2017-01-03T00:00Z,final,261,108,Vermont,Harvard,82,71,,,,0,,,,,,,,,,2,,0,Burlington,VT,1,61,,,,-5.0,"36,46","33,38",,,,,,,,
ncaab:400918836,ncaab,2017-01-03T00:00Z,final,2454,2489,North Florida,Palm Beach Atl,102,67,,,,0,,,,,,,,,,2,,0,Jacksonville,FL,1,5,,,,-5.0,"47,55","38,29",,,,,,,,
ncaab:400918862,ncaab,2017-01-03T00:00Z,final,56,3178,Stetson,Ave Maria,95,72,,,,0,,,,,,,,,,2,,0,DeLand,FL,1,12,,,,-5.0,"56,39","34,38",,,,,,,,
ncaab:400919050,ncaab,2017-01-03T00:00Z,final,2083,349,Bucknell,Army,84,76,,,,0,,,,,,,,,,2,,0,Lewisburg,PA,1,144,,,,-5.0,"41,43","29,47",,,,,,,,
ncaab:400919348,ncaab,2017-01-03T00:00Z,final,2429,242,Charlotte,Rice,70,89,,,,0,,,,,,,,,,2,,0,Charlotte,NC,1,229,,,,-5.0,"33,37","38,51",,,,,,,,
ncaab:400919369,ncaab,2017-01-03T00:00Z,final,2226,276,FAU,Marshall,72,89,,,,0,,,,,,,,,,2,,0,Boca Raton,FL,1,4,,,,-5.0,"34,38","43,46",,,,,,,,
ncaab:400919389,ncaab,2017-01-03T00:00Z,final,2229,98,FIU,Western KY,66,69,,,,0,,,,,,,,,,2,,0,Miami,FL,1,2,,,,-5.0,"30,36","32,37",,,,,,,,
ncaab:400919620,ncaab,2017-01-03T00:00Z,final,350,2210,UNC Wilmington,Elon,79,63,,,,0,,,,,,,,,,2,,0,Wilmington,NC,1,9,,,,-5.0,"34,45","26,37",,,,,,,,
ncaab:400919766,ncaab,2017-01-03T00:00Z,final,256,119,James Madison,Towson,64,44,,,,0,,,,,,,,,,2,,0,Harrisonburg,VA,1,404,,,,-5.0,"29,35","18,26",,,,,,,,
ncaab:400919048,ncaab,2017-01-03T00:05Z,final,107,2426,Holy Cross,Navy,51,50,,,,0,,,,,,,,,,2,,0,Worcester,MA,1,147,,,,-5.0,"19,32","22,28",,,,,,,,
ncaab:400919049,ncaab,2017-01-03T00:30Z,final,2352,322,Loyola MD,Lafayette,69,78,,,,0,,,,,,,,,,2,,0,Baltimore,MD,1,10,,,,-5.0,"29,40","39,39",,,,,,,,
ncaab:400918045,ncaab,2017-01-03T00:35Z,final,140,2908,Kansas City,SC Upstate,75,84,,,,0,,,,,,,,,,2,,0,Kansas City,MO,1,274,,,,-6.0,"40,35","27,57",,,,,,,,
ncaab:400916016,ncaab,2017-01-03T01:00Z,final,2032,2433,Arkansas St,UL Monroe,76,45,,,,0,,,,,,,,,,2,,0,Jonesboro,AR,1,99,,,,-6.0,"32,44","26,19",,,,,,,,
ncaab:400916017,ncaab,2017-01-03T01:00Z,final,250,2026,UT Arlington,App State,84,69,,,,0,,,,,,,,,,2,,0,Arlington,TX,1,184,,,,-6.0,"37,47","33,36",,,,,,,,
ncaab:400916018,ncaab,2017-01-03T01:00Z,final,326,324,Texas St,Coastal,53,60,,,,0,,,,,,,,,,2,,0,San Marcos,TX,1,188,,,,-6.0,"27,26","24,36",,,,,,,,
ncaab:400922196,ncaab,2017-01-03T01:00Z,final,2016,2640,Alcorn St,Texas Southern,65,67,,,,0,,,,,,,,,,2,,0,Lorman,MS,1,66,,,,-6.0,"35,30","39,28",,,,,,,,
ncaab:400916019,ncaab,2017-01-03T01:05Z,final,6,2653,South Alabama,Troy,76,75,,,,0,,,,,,,,,,2,,0,Mobile,AL,1,3,,,,-6.0,"32,44","29,46",,,,,,,,
ncaab:400922125,ncaab,2017-01-03T01:30Z,final,2377,2617,McNeese,SF Austin,69,54,,,,0,,,,,,,,,,2,,0,Lake Charles,LA,1,4,,,,-6.0,"27,42","25,29",,,,,,,,
ncaab:400922215,ncaab,2017-01-03T01:30Z,final,2029,2400,AR-Pine Bluff,Miss Valley St,105,91,,,,0,,,,,,,,,,2,,0,Pine Bluff,AR,1,67,,,,-6.0,"41,64","44,47",,,,,,,,
ncaab:400922234,ncaab,2017-01-03T01:30Z,final,2011,2755,Alabama St,Grambling,73,69,,,,0,,,,,,,,,,2,,0,Montgomery,AL,1,73,,,,-6.0,"32,41","38,31",,,,,,,,
ncaab:400922257,ncaab,2017-01-03T01:30Z,final,2582,2504,Southern,Prairie View,59,57,,,,0,,,,,,,,,,2,,0,Baton Rouge,LA,1,14,,,,-6.0,"28,31","29,28",,,,,,,,
ncaab:400922385,ncaab,2017-01-03T01:30Z,final,2010,2296,Alabama A&M,Jackson St,51,63,,,,0,,,,,,,,,,2,,0,Normal,AL,1,220,,,,-6.0,"21,30","27,36",,,,,,,,
ncaab:400916015,ncaab,2017-01-03T02:00Z,final,2031,309,Little Rock,Louisiana,52,69,,,,0,,,,,,,,,,2,,0,Little Rock,AR,1,102,,,,-6.0,"22,30","44,25",,,,,,,,
ncaab:400918046,ncaab,2017-01-03T02:00Z,final,3084,109597,Utah Valley,Antelope Val,102,63,,,,0,,,,,,,,,,2,,0,Orem,UT,1,1455,,,,-7.0,"57,45","34,29",,,,,,,,
ncaab:400922028,ncaab,2017-01-03T02:00Z,final,2110,2320,C Arkansas,Lamar,75,78,,,,0,,,,,,,,,,2,,0,Conway,AR,1,95,,,,-6.0,"40,35","43,35",,,,,,,,
ncaab:400922139,ncaab,2017-01-03T02:00Z,final,2447,357,Nicholls,Texas A&M-CC,68,64,,,,0,,,,,,,,,,2,,0,Thibodaux,LA,1,4,,,,-6.0,"31,37","28,36",,,,,,,,
ncaab:400917105,ncaab,2017-01-03T23:00Z,final,2649,2084,Toledo,Buffalo,86,54,,,,0,,,,,,,,,,2,,0,Toledo,OH,1,186,,,,-5.0,"46,40","25,29",,,,,,,,
ncaab:400910588,ncaab,2017-01-03T23:30Z,final,2633,8,Tennessee,Arkansas,78,82,,,,0,,,,,,,,,,2,,0,Knoxville,TN,1,276,,,,-5.0,"39,39","37,45",,,,,,,,
ncaab:400910642,ncaab,2017-01-04T00:00Z,final,57,145,Florida,Ole Miss,70,63,,,,0,,,,,,,,,,2,,0,Gainesville,FL,1,54,,,,-5.0,"35,35","21,42",,,,,,,,
ncaab:400914932,ncaab,2017-01-04T00:00Z,final,84,275,Indiana,Wisconsin,68,75,,,,0,,,,,,,,,,2,,0,Bloomington,IN,1,235,,,,-5.0,"37,31","38,37",,,,,,,,
ncaab:400915354,ncaab,2017-01-04T00:00Z,final,228,153,Clemson,North Carolina,86,89,,,,0,,,,,,,,,,2,,0,Clemson,SC,1,221,,,,-5.0,"43,34,9","38,39,12",,,,,,,,
ncaab:400915355,ncaab,2017-01-04T00:00Z,final,154,103,Wake Forest,Boston College,79,66,,,,0,,,,,,,,,,2,,0,Winston-Salem,NC,1,293,,,,-5.0,"35,44","37,29",,,,,,,,
ncaab:400916757,ncaab,2017-01-04T00:00Z,final,2335,2427,Liberty,UNC Asheville,57,70,,,,0,,,,,,,,,,2,,0,Lynchburg,VA,1,192,,,,-5.0,"25,32","36,34",,,,,,,,
ncaab:400917103,ncaab,2017-01-04T00:00Z,final,2309,2050,Kent State,Ball State,100,90,,,,0,,,,,,,,,,2,,0,Kent,OH,1,325,,,,-5.0,"49,51","46,44",,,,,,,,
ncaab:400917104,ncaab,2017-01-04T00:00Z,final,2006,189,Akron,Bowling Green,89,84,,,,0,,,,,,,,,,2,,0,Akron,OH,1,291,,,,-5.0,"37,52","35,49",,,,,,,,
ncaab:400917106,ncaab,2017-01-04T00:00Z,final,2199,2117,E Michigan,C Michigan,85,63,,,,0,,,,,,,,,,2,,0,Ypsilanti,MI,1,219,,,,-5.0,"34,51","30,33",,,,,,,,
ncaab:400917107,ncaab,2017-01-04T00:00Z,final,193,2459,Miami OH,N Illinois,69,67,,,,0,,,,,,,,,,2,,0,Oxford,OH,1,283,,,,-5.0,"32,37","24,43",,,,,,,,
ncaab:400917108,ncaab,2017-01-04T00:00Z,final,195,2711,Ohio,W Michigan,89,58,,,,0,,,,,,,,,,2,,0,Athens,OH,1,219,,,,-5.0,"46,43","25,33",,,,,,,,
ncaab:400918047,ncaab,2017-01-04T00:00Z,final,159,2934,Dartmouth,Bakersfield,60,64,,,,0,,,,,,,,,,2,,0,Hanover,NH,1,162,,,,-5.0,"27,33","34,30",,,,,,,,
ncaab:400918438,ncaab,2017-01-04T00:00Z,final,227,2603,Rhode Island,Saint Joseph's,88,58,,,,0,,,,,,,,,,2,,0,Kingston,RI,1,75,,,,-5.0,"46,42","26,32",,,,,,,,
ncaab:400918793,ncaab,2017-01-04T00:00Z,final,294,109014,Jacksonville,Middle Georgia,124,85,,,,0,,,,,,,,,,2,,0,Jacksonville,FL,1,5,,,,-5.0,"55,69","35,50",,,,,,,,
ncaab:400916567,ncaab,2017-01-04T00:15Z,final,2116,151,UCF,East Carolina,48,45,,,,0,,,,,,,,,,2,,0,Orlando,FL,1,30,,,,-5.0,"23,25","15,30",,,,,,,,
ncaab:400918303,ncaab,2017-01-04T01:00Z,final,179,2168,St Bonaventure,Dayton,74,90,,,,0,,,,,,,,,,2,,0,Saint Bonaventure,NY,1,435,,,,-5.0,"31,43","35,55",,,,,,,,
ncaab:400910551,ncaab,2017-01-04T01:30Z,final,344,333,Mississippi St,Alabama,58,68,,,,0,,,,,,,,,,2,,0,Starkville,MS,1,101,,,,-6.0,"20,38","32,36",,,,,,,,
ncaab:400910692,ncaab,2017-01-04T02:00Z,final,96,245,Kentucky,Texas A&M,100,58,,,,0,,,,,,,,,,2,,0,Lexington,KY,1,295,,,,-5.0,"50,50","27,31",,,,,,,,
ncaab:400916198,ncaab,2017-01-04T02:00Z,final,2628,201,TCU,Oklahoma,60,57,,,,0,,,,,,,,,,2,,0,Fort Worth,TX,1,199,,,,-6.0,"34,26","38,19",,,,,,,,
ncaab:400916199,ncaab,2017-01-04T02:00Z,final,2305,2306,Kansas,Kansas St,90,88,,,,0,,,,,,,,,,2,,0,Lawrence,KS,1,263,,,,-6.0,"52,38","42,46",,,,,,,,
ncaab:400916200,ncaab,2017-01-04T02:15Z,final,2641,277,Texas Tech,West Virginia,77,76,,,,0,,,,,,,,,,2,,0,Lubbock,TX,1,976,,,,-6.0,"34,33,10","37,30,9",,,,,,,,
ncaab:400915074,ncaab,2017-01-04T23:30Z,final,127,164,Michigan St,Rutgers,93,65,,,,0,,,,,,,,,,2,,0,East Lansing,MI,1,261,,,,-5.0,"42,51","32,33",,,,,,,,
ncaab:400919666,ncaab,2017-01-04T23:30Z,final,2086,222,Butler,Villanova,66,58,,,,0,,,,,,,,,,2,,0,Indianapolis,IN,1,218,,,,-5.0,"27,39","31,27",,,,,,,,
ncaab:400910617,ncaab,2017-01-05T00:00Z,final,238,2,Vanderbilt,Auburn,80,61,,,,0,,,,,,,,,,2,,0,Nashville,TN,1,170,,,,-6.0,"46,34","29,32",,,,,,,,
ncaab:400910667,ncaab,2017-01-05T00:00Z,final,61,2579,Georgia,South Carolina,61,67,,,,0,,,,,,,,,,2,,0,Athens,GA,1,228,,,,-5.0,"34,27","36,31",,,,,,,,
ncaab:400915356,ncaab,2017-01-05T00:00Z,final,150,59,Duke,Georgia Tech,110,57,,,,0,,,,,,,,,,2,,0,Durham,NC,1,123,,,,-5.0,"61,49","30,27",,,,,,,,
ncaab:400915357,ncaab,2017-01-05T00:00Z,final,183,2390,Syracuse,Miami,70,55,,,,0,,,,,,,,,,2,,0,Syracuse,NY,1,121,,,,-5.0,"34,36","26,29",,,,,,,,
ncaab:400916758,ncaab,2017-01-05T00:00Z,final,2097,2127,Campbell,Charleston So,92,82,,,,0,,,,,,,,,,2,,0,Buies Creek,NC,1,63,,,,-5.0,"35,57","36,46",,,,,,,,
ncaab:400916759,ncaab,2017-01-05T00:00Z,final,2515,2241,Radford,Gardner-Webb,59,70,,,,0,,,,,,,,,,2,,0,Radford,VA,1,567,,,,-5.0,"21,38","29,41",,,,,,,,
ncaab:400916760,ncaab,2017-01-05T00:00Z,final,2272,2737,High Point,Winthrop,74,80,,,,0,,,,,,,,,,2,,0,High Point,NC,1,281,,,,-5.0,"32,42","40,40",,,,,,,,
ncaab:400916761,ncaab,2017-01-05T00:00Z,final,2344,2506,Longwood,Presbyterian,79,76,,,,0,,,,,,,,,,2,,0,Farmville,VA,1,90,,,,-5.0,"31,48","38,38",,,,,,,,
ncaab:400917566,ncaab,2017-01-05T00:00Z,final,2099,2514,Canisius,Quinnipiac,83,77,,,,0,,,,,,,,,,2,,0,Buffalo,NY,1,183,,,,-5.0,"35,48","36,41",,,,,,,,
ncaab:400917567,ncaab,2017-01-05T00:00Z,final,315,2561,Niagara,Siena,71,66,,,,0,,,,,,,,,,2,,0,Niagara Falls,NY,1,187,,,,-5.0,"32,39","31,35",,,,,,,,
ncaab:400918161,ncaab,2017-01-05T00:00Z,final,2350,2460,Loyola Chicago,Northern Iowa,77,66,,,,0,,,,,,,,,,2,,0,Chicago,IL,1,179,,,,-6.0,"39,38","26,40",,,,,,,,
ncaab:400918327,ncaab,2017-01-05T00:00Z,final,2184,2670,Duquesne,VCU,87,94,,,,0,,,,,,,,,,2,,0,Pittsburgh,PA,1,233,,,,-5.0,"33,54","37,57",,,,,,,,
ncaab:400918348,ncaab,2017-01-05T00:00Z,final,257,2230,Richmond,Fordham,80,72,,,,0,,,,,,,,,,2,,0,Richmond,VA,1,64,,,,-5.0,"42,38","34,38",,,,,,,,
ncaab:400918383,ncaab,2017-01-05T00:00Z,final,2244,113,George Mason,UMass,86,81,,,,0,,,,,,,,,,2,,0,Fairfax,VA,1,131,,,,-5.0,"41,45","39,42",,,,,,,,
ncaab:400918402,ncaab,2017-01-05T00:00Z,final,2325,139,La Salle,Saint Louis,75,54,,,,0,,,,,,,,,,2,,0,Philadelphia,PA,1,12,,,,-5.0,"33,42","26,28",,,,,,,,
ncaab:400918824,ncaab,2017-01-05T00:00Z,final,2885,225,NJIT,Brown,75,73,,,,0,,,,,,,,,,2,,0,Newark,NJ,1,9,,,,-5.0,"29,46","31,42",,,,,,,,
ncaab:400919667,ncaab,2017-01-05T00:00Z,final,2507,46,Providence,Georgetown,76,70,,,,0,,,,,,,,,,2,,0,Providence,RI,1,2,,,,-5.0,"30,46","23,47",,,,,,,,
ncaab:400920436,ncaab,2017-01-05T00:00Z,final,2261,2448,Hampton,NC A&T,68,53,,,,0,,,,,,,,,,2,,0,Hampton,VA,1,1,,,,-5.0,"32,36","29,24",,,,,,,,
ncaab:400920449,ncaab,2017-01-05T00:00Z,final,47,50,Howard,Florida A&M,66,78,,,,0,,,,,,,,,,2,,0,Washington,DC,1,7,,,,-5.0,"28,38","40,38",,,,,,,,
ncaab:400920492,ncaab,2017-01-05T00:00Z,final,2415,2450,Morgan St,Norfolk St,58,56,,,,0,,,,,,,,,,2,,0,Baltimore,MD,1,10,,,,-5.0,"24,34","29,27",,,,,,,,
ncaab:400920402,ncaab,2017-01-05T00:30Z,final,2154,2569,Coppin St,SC State,75,59,,,,0,,,,,,,,,,2,,0,Baltimore,MD,1,10,,,,-5.0,"38,37","24,35",,,,,,,,
ncaab:400911030,ncaab,2017-01-05T01:00Z,final,251,197,Texas,Oklahoma St,82,79,,,,0,,,,,,,,,,2,,0,Austin,TX,1,149,,,,-6.0,"37,45","39,40",,,,,,,,
ncaab:400916201,ncaab,2017-01-05T01:00Z,final,239,66,Baylor,Iowa State,65,63,,,,0,,,,,,,,,,2,,0,Waco,TX,1,143,,,,-6.0,"37,28","36,27",,,,,,,,
ncaab:400917932,ncaab,2017-01-05T01:00Z,final,2710,2571,W Illinois,S Dakota St,82,74,,,,0,,,,,,,,,,2,,0,Macomb,IL,1,215,,,,-6.0,"33,49","39,35",,,,,,,,
ncaab:400917933,ncaab,2017-01-05T01:00Z,final,2437,2870,Omaha,Purdue FW,78,80,,,,0,,,,,,,,,,2,,0,Omaha,NE,1,323,,,,-6.0,"40,38","34,46",,,,,,,,
ncaab:400918116,ncaab,2017-01-05T01:00Z,final,2724,2181,Wichita St,Drake,90,65,,,,0,,,,,,,,,,2,,0,Wichita,KS,1,396,,,,-6.0,"51,39","21,44",,,,,,,,
ncaab:400918141,ncaab,2017-01-05T01:00Z,final,79,282,S Illinois,Indiana St,80,74,,,,0,,,,,,,,,,2,,0,Carbondale,IL,1,126,,,,-6.0,"29,36,15","36,29,9",,,,,,,,
ncaab:400918238,ncaab,2017-01-05T01:00Z,final,339,71,Evansville,Bradley,63,74,,,,0,,,,,,,,,,2,,0,Evansville,IN,1,118,,,,-6.0,"32,31","34,40",,,,,,,,
ncaab:400920364,ncaab,2017-01-05T01:00Z,final,2542,2065,Savannah St,Bethune,104,91,,,,0,,,,,,,,,,2,,0,Savannah,GA,1,6,,,,-5.0,"59,45","51,40",,,,,,,,
ncaab:400922197,ncaab,2017-01-05T01:00Z,final,2016,2504,Alcorn St,Prairie View,66,55,,,,0,,,,,,,,,,2,,0,Lorman,MS,1,66,,,,-6.0,"23,43","22,33",,,,,,,,
ncaab:400915052,ncaab,2017-01-05T01:30Z,final,130,213,Michigan,Penn State,72,69,,,,0,,,,,,,,,,2,,0,Ann Arbor,MI,1,269,,,,-5.0,"29,43","36,33",,,,,,,,
ncaab:400919668,ncaab,2017-01-05T01:30Z,final,2599,156,St John's,Creighton,72,85,,,,0,,,,,,,,,,2,,0,Queens,NY,1,12,,,,-5.0,"26,46","44,41",,,,,,,,
ncaab:400922235,ncaab,2017-01-05T01:30Z,final,2010,2755,Alabama A&M,Grambling,67,69,,,,0,,,,,,,,,,2,,0,Normal,AL,1,220,,,,-6.0,"38,29","31,38",,,,,,,,
ncaab:400922386,ncaab,2017-01-05T01:30Z,final,2011,2296,Alabama St,Jackson St,60,63,,,,0,,,,,,,,,,2,,0,Montgomery,AL,1,73,,,,-6.0,"29,31","37,26",,,,,,,,
ncaab:400922392,ncaab,2017-01-05T01:30Z,final,2582,2640,Southern,Texas Southern,74,82,,,,0,,,,,,,,,,2,,0,Baton Rouge,LA,1,14,,,,-6.0,"33,41","30,52",,,,,,,,
ncaab:400910713,ncaab,2017-01-05T02:00Z,final,142,99,Missouri,LSU,77,88,,,,0,,,,,,,,,,2,,0,Columbia,MO,1,215,,,,-6.0,"40,37","35,53",,,,,,,,
ncaab:400915358,ncaab,2017-01-05T02:00Z,final,152,259,NC State,Virginia Tech,104,78,,,,0,,,,,,,,,,2,,0,Raleigh,NC,1,96,,,,-5.0,"55,49","30,48",,,,,,,,
ncaab:400915359,ncaab,2017-01-05T02:00Z,final,87,97,Notre Dame,Louisville,77,70,,,,0,,,,,,,,,,2,,0,South Bend,IN,1,211,,,,-5.0,"42,35","37,33",,,,,,,,
ncaab:400915360,ncaab,2017-01-05T02:00Z,final,221,258,Pitt,Virginia,88,76,,,,0,,,,,,,,,,2,,0,Pittsburgh,PA,1,233,,,,-5.0,"35,35,18","32,38,6",,,,,,,,
ncaab:400915606,ncaab,2017-01-05T02:00Z,final,264,2483,Washington,Oregon,61,83,,,,0,,,,,,,,,,2,,0,Seattle,WA,1,56,,,,-8.0,"33,28","42,41",,,,,,,,
ncaab:400916568,ncaab,2017-01-05T02:00Z,final,248,202,Houston,Tulsa,64,61,,,,0,,,,,,,,,,2,,0,Houston,TX,1,12,,,,-6.0,"28,36","32,29",,,,,,,,
ncaab:400916569,ncaab,2017-01-05T02:00Z,final,2567,218,SMU,Temple,79,65,,,,0,,,,,,,,,,2,,0,Dallas,TX,1,128,,,,-6.0,"40,39","22,43",,,,,,,,
ncaab:400917931,ncaab,2017-01-05T02:00Z,final,2172,233,Denver,South Dakota,69,75,,,,0,,,,,,,,,,2,,0,Denver,CO,1,1609,,,,-7.0,"34,35","37,38",,,,,,,,
ncaab:400918179,ncaab,2017-01-05T02:00Z,final,2287,2623,Illinois St,Missouri St,74,71,,,,0,,,,,,,,,,2,,0,Normal,IL,1,244,,,,-6.0,"32,32,10","34,30,7",,,,,,,,
ncaab:400918910,ncaab,2017-01-05T03:00Z,final,2463,27,CSU Northridge,UC Riverside,82,76,,,,0,,,,,,,,,,2,,0,Northridge,CA,1,246,,,,-8.0,"29,53","38,38",,,,,,,,
ncaab:400918944,ncaab,2017-01-05T03:00Z,final,300,299,UC Irvine,Long Beach St,82,67,,,,0,,,,,,,,,,2,,0,Irvine,CA,1,17,,,,-8.0,"41,41","27,40",,,,,,,,
ncaab:400918971,ncaab,2017-01-05T03:00Z,final,302,2540,UC Davis,Santa Barbara,73,47,,,,0,,,,,,,,,,2,,0,Davis,CA,1,16,,,,-8.0,"35,38","15,32",,,,,,,,
ncaab:400919842,ncaab,2017-01-05T03:00Z,final,23,36,San José St,Colorado St,71,76,,,,0,,,,,,,,,,2,,0,San Jose,CA,1,26,,,,-8.0,"31,40","34,42",,,,,,,,
ncaab:400919876,ncaab,2017-01-05T03:00Z,final,278,2751,Fresno St,Wyoming,85,70,,,,0,,,,,,,,,,2,,0,Fresno,CA,1,94,,,,-8.0,"41,44","37,33",,,,,,,,
ncaab:400915607,ncaab,2017-01-05T04:00Z,final,265,204,Washington St,Oregon St,75,62,,,,0,,,,,,,,,,2,,0,Pullman,WA,1,717,,,,-8.0,"38,37","33,29",,,,,,,,
ncaab:400919822,ncaab,2017-01-05T04:00Z,final,2439,68,UNLV,Boise St,59,77,,,,0,,,,,,,,,,2,,0,Las Vegas,NV,1,610,,,,-8.0,"20,39","41,36",,,,,,,,
ncaab:400919905,ncaab,2017-01-05T04:00Z,final,328,167,Utah State,New Mexico,79,75,,,,0,,,,,,,,,,2,,0,Logan,UT,1,1382,,,,-7.0,"37,42","38,37",,,,,,,,
ncaab:400919925,ncaab,2017-01-05T04:00Z,final,2440,21,Nevada,San Diego St,72,69,,,,0,,,,,,,,,,2,,0,Reno,NV,1,1373,,,,-8.0,"35,37","31,38",,,,,,,,
ncaab:400915159,ncaab,2017-01-06T00:00Z,final,194,2509,Ohio State,Purdue,75,76,,,,0,,,,,,,,,,2,,0,Columbus,OH,1,235,,,,-5.0,"39,36","43,33",,,,,,,,
ncaab:400916570,ncaab,2017-01-06T00:00Z,final,235,41,Memphis,UConn,70,61,,,,0,,,,,,,,,,2,,0,Memphis,TN,1,78,,,,-6.0,"32,38","24,37",,,,,,,,
ncaab:400916916,ncaab,2017-01-06T00:00Z,final,236,2747,Chattanooga,Wofford,77,66,,,,0,,,,,,,,,,2,,0,Chattanooga,TN,1,206,,,,-5.0,"36,41","27,39",,,,,,,,
ncaab:400916917,ncaab,2017-01-06T00:00Z,final,2643,2193,The Citadel,ETSU,71,115,,,,0,,,,,,,,,,2,,0,Charleston,SC,1,6,,,,-5.0,"38,33","56,59",,,,,,,,
ncaab:400918266,ncaab,2017-01-06T00:00Z,final,45,2166,G Washington,Davidson,73,69,,,,0,,,,,,,,,,2,,0,Washington,DC,1,7,,,,-5.0,"35,38","33,36",,,,,,,,
ncaab:400918613,ncaab,2017-01-06T00:00Z,final,2349,399,UMass Lowell,UAlbany,85,79,,,,0,,,,,,,,,,2,,0,Lowell,MA,1,36,,,,-5.0,"40,45","41,38",,,,,,,,
ncaab:400918644,ncaab,2017-01-06T00:00Z,final,2378,2066,UMBC,Binghamton,85,71,,,,0,,,,,,,,,,2,,0,Baltimore,MD,1,10,,,,-5.0,"37,48","31,40",,,,,,,,
ncaab:400918690,ncaab,2017-01-06T00:00Z,final,311,261,Maine,Vermont,77,90,,,,0,,,,,,,,,,2,,0,Bangor,ME,1,36,,,,-5.0,"36,41","46,44",,,,,,,,
ncaab:400918728,ncaab,2017-01-06T00:00Z,final,160,2619,New Hampshire,Stony Brook,56,59,,,,0,,,,,,,,,,2,,0,Durham,NH,1,15,,,,-5.0,"26,30","19,40",,,,,,,,
ncaab:400919051,ncaab,2017-01-06T00:00Z,final,322,349,Lafayette,Army,79,74,,,,0,,,,,,,,,,2,,0,Easton,PA,1,97,,,,-5.0,"35,44","32,42",,,,,,,,
ncaab:400919052,ncaab,2017-01-06T00:00Z,final,2426,104,Navy,Boston U,53,71,,,,0,,,,,,,,,,2,,0,Annapolis,MD,1,12,,,,-5.0,"22,31","30,41",,,,,,,,
ncaab:400919053,ncaab,2017-01-06T00:00Z,final,2142,107,Colgate,Holy Cross,61,67,,,,0,,,,,,,,,,2,,0,Hamilton,NY,1,181,,,,-5.0,"30,31","35,32",,,,,,,,
ncaab:400919054,ncaab,2017-01-06T00:00Z,final,2329,2352,Lehigh,Loyola MD,83,84,,,,0,,,,,,,,,,2,,0,Bethlehem,PA,1,109,,,,-5.0,"46,37","34,50",,,,,,,,
ncaab:400919177,ncaab,2017-01-06T00:00Z,final,2598,2597,Saint Francis,St Francis BK,81,56,,,,0,,,,,,,,,,2,,0,Loretto,PA,1,595,,,,-5.0,"48,33","16,40",,,,,,,,
ncaab:400919178,ncaab,2017-01-06T00:00Z,final,2523,112358,Robert Morris,Long Island,54,65,,,,0,,,,,,,,,,2,,0,Moon Township,PA,1,358,,,,-5.0,"28,26","33,32",,,,,,,,
ncaab:400919180,ncaab,2017-01-06T00:00Z,final,2803,116,Bryant,Mount St Marys,72,71,,,,0,,,,,,,,,,2,,0,Smithfield,RI,1,84,,,,-5.0,"28,44","32,39",,,,,,,,
ncaab:400919181,ncaab,2017-01-06T00:00Z,final,2115,2529,C Connecticut,Sacred Heart,62,64,,,,0,,,,,,,,,,2,,0,New Britain,CT,1,51,,,,-5.0,"31,31","28,36",,,,,,,,
ncaab:400919429,ncaab,2017-01-06T00:00Z,final,276,295,Marshall,Old Dominion,90,86,,,,0,,,,,,,,,,2,,0,Huntington,WV,1,173,,,,-5.0,"28,49,13","32,45,9",,,,,,,,
ncaab:400919586,ncaab,2017-01-06T00:00Z,final,111,48,Northeastern,Delaware,90,54,,,,0,,,,,,,,,,2,,0,Boston,MA,1,14,,,,-5.0,"58,32","18,36",,,,,,,,
ncaab:400919604,ncaab,2017-01-06T00:00Z,final,2182,350,Drexel,UNC Wilmington,72,90,,,,0,,,,,,,,,,2,,0,Philadelphia,PA,1,12,,,,-5.0,"26,46","49,41",,,,,,,,
ncaab:400919621,ncaab,2017-01-06T00:00Z,final,2729,2210,William & Mary,Elon,88,85,,,,0,,,,,,,,,,2,,0,Williamsburg,VA,1,25,,,,-5.0,"38,50","44,41",,,,,,,,
ncaab:400919635,ncaab,2017-01-06T00:00Z,final,2275,256,Hofstra,James Madison,54,62,,,,0,,,,,,,,,,2,,0,Hempstead,NY,1,17,,,,-5.0,"33,21","33,29",,,,,,,,
ncaab:400918048,ncaab,2017-01-06T00:05Z,final,140,166,Kansas City,New Mexico St,64,77,,,,0,,,,,,,,,,2,,0,Kansas City,MO,1,274,,,,-6.0,"36,28","43,34",,,,,,,,
ncaab:400917778,ncaab,2017-01-06T00:25Z,final,2057,2630,Belmont,UT Martin,83,67,,,,0,,,,,,,,,,2,,0,Nashville,TN,1,170,,,,-6.0,"54,29","35,32",,,,,,,,
ncaab:400916915,ncaab,2017-01-06T00:30Z,final,2382,2678,Mercer,VMI,68,50,,,,0,,,,,,,,,,2,,0,Macon,GA,1,112,,,,-5.0,"37,31","27,23",,,,,,,,
ncaab:400918482,ncaab,2017-01-06T00:30Z,final,2750,325,Wright St,Cleveland St,55,51,,,,0,,,,,,,,,,2,,0,Dayton,OH,1,225,,,,-5.0,"24,31","23,28",,,,,,,,
ncaab:400918570,ncaab,2017-01-06T00:30Z,final,94,2754,N Kentucky,Youngstown St,83,70,,,,0,,,,,,,,,,2,,0,Highland Heights,KY,1,260,,,,-5.0,"35,48","20,50",,,,,,,,
ncaab:400918807,ncaab,2017-01-06T00:30Z,final,288,2225,Lipscomb,Fisk,126,43,,,,0,,,,,,,,,,2,,0,Nashville,TN,1,170,,,,-6.0,"57,69","27,16",,,,,,,,
ncaab:400919055,ncaab,2017-01-06T00:30Z,final,44,2083,American,Bucknell,60,69,,,,0,,,,,,,,,,2,,0,Washington,DC,1,7,,,,-5.0,"30,30","26,43",,,,,,,,
ncaab:400919412,ncaab,2017-01-06T00:30Z,final,2348,2638,Louisiana Tech,UTEP,64,44,,,,0,,,,,,,,,,2,,0,Ruston,LA,1,102,,,,-6.0,"28,36","25,19",,,,,,,,
ncaab:400919565,ncaab,2017-01-06T00:30Z,final,232,119,Charleston,Towson,62,57,,,,0,,,,,,,,,,2,,0,Charleston,SC,1,6,,,,-5.0,"27,35","30,27",,,,,,,,
ncaab:400917779,ncaab,2017-01-06T00:45Z,final,2413,2197,Morehead St,E Illinois,85,75,,,,0,,,,,,,,,,2,,0,Morehead,KY,1,153,,,,-6.0,"39,46","36,39",,,,,,,,
ncaab:400916370,ncaab,2017-01-06T01:00Z,final,155,2464,North Dakota,N Arizona,68,63,,,,0,,,,,,,,,,2,,0,Grand Forks,ND,1,253,,,,-6.0,"33,35","26,37",,,,,,,,
ncaab:400916914,ncaab,2017-01-06T01:00Z,final,2535,231,Samford,Furman,73,83,,,,0,,,,,,,,,,2,,0,Homewood,AL,1,203,,,,-6.0,"33,40","38,45",,,,,,,,
ncaab:400917568,ncaab,2017-01-06T01:00Z,final,2363,2217,Manhattan,Fairfield,79,97,,,,0,,,,,,,,,,2,,0,Riverdale,NY,1,159,,,,-8.0,"33,46","54,43",,,,,,,,
ncaab:400917780,ncaab,2017-01-06T01:00Z,final,2198,2565,E Kentucky,SIUE,78,61,,,,0,,,,,,,,,,2,,0,Richmond,KY,1,289,,,,-5.0,"37,41","30,31",,,,,,,,
ncaab:400917934,ncaab,2017-01-06T01:00Z,final,2449,85,N Dakota St,IU Indy,93,89,,,,0,,,,,,,,,,2,,0,Fargo,ND,1,276,,,,-6.0,"42,51","41,48",,,,,,,,
ncaab:400918049,ncaab,2017-01-06T01:00Z,final,2130,292,Chicago St,UT Rio Grande,64,83,,,,0,,,,,,,,,,2,,0,Chicago,IL,1,179,,,,-6.0,"32,32","42,41",,,,,,,,
ncaab:400919349,ncaab,2017-01-06T01:00Z,final,98,2429,Western KY,Charlotte,82,80,,,,0,,,,,,,,,,2,,0,Bowling Green,KY,1,161,,,,-6.0,"43,39","38,42",,,,,,,,
ncaab:400919445,ncaab,2017-01-06T01:00Z,final,242,2393,Rice,MTSU,77,80,,,,0,,,,,,,,,,2,,0,Houston,TX,1,12,,,,-6.0,"38,39","34,46",,,,,,,,
ncaab:400919461,ncaab,2017-01-06T01:00Z,final,249,5,North Texas,UAB,52,54,,,,0,,,,,,,,,,2,,0,Denton,TX,1,201,,,,-6.0,"27,25","23,31",,,,,,,,
ncaab:400919502,ncaab,2017-01-06T01:00Z,final,2572,2636,Southern Miss,UTSA,77,59,,,,0,,,,,,,,,,2,,0,Hattiesburg,MS,1,52,,,,-6.0,"33,44","39,20",,,,,,,,
ncaab:400921971,ncaab,2017-01-06T01:00Z,final,2000,2110,Abilene Chrstn,C Arkansas,76,81,,,,0,,,,,,,,,,2,,0,Abilene,TX,1,524,,,,-6.0,"37,39","42,39",,,,,,,,
ncaab:400922048,ncaab,2017-01-06T01:20Z,final,2277,2545,Hou Christian,SE Louisiana,81,74,,,,0,,,,,,,,,,2,,0,Houston,TX,1,12,,,,-6.0,"41,40","32,42",,,,,,,,
ncaab:400922089,ncaab,2017-01-06T01:30Z,final,2916,2466,Incarnate Word,N'Western St,84,80,,,,0,,,,,,,,,,2,,0,San Antonio,TX,1,198,,,,-6.0,"33,51","38,42",,,,,,,,
ncaab:400922107,ncaab,2017-01-06T01:30Z,final,2320,2443,Lamar,LSU N Orleans,62,66,,,,0,,,,,,,,,,2,,0,Beaumont,TX,1,5,,,,-6.0,"28,30,4","28,30,8",,,,,,,,
ncaab:400922126,ncaab,2017-01-06T01:30Z,final,2377,2534,McNeese,Sam Houston,67,74,,,,0,,,,,,,,,,2,,0,Lake Charles,LA,1,4,,,,-6.0,"34,33","31,43",,,,,,,,
ncaab:400917781,ncaab,2017-01-06T01:53Z,final,55,93,Jax State,Murray St,63,76,,,,0,,,,,,,,,,2,,0,Jacksonville,AL,1,216,,,,-6.0,"35,28","38,38",,,,,,,,
ncaab:400915006,ncaab,2017-01-06T02:00Z,final,158,2294,Nebraska,Iowa,93,90,,,,0,,,,,,,,,,2,,0,Lincoln,NE,1,367,,,,-6.0,"37,37,9,10","34,40,9,7",,,,,,,,
ncaab:400915095,ncaab,2017-01-06T02:00Z,final,77,135,Northwestern,Minnesota,66,70,,,,0,,,,,,,,,,2,,0,Evanston,IL,1,187,,,,-6.0,"39,27","35,35",,,,,,,,
ncaab:400915608,ncaab,2017-01-06T02:00Z,final,26,25,UCLA,California,81,71,,,,0,,,,,,,,,,2,,0,Los Angeles,CA,1,89,,,,-8.0,"44,37","24,47",,,,,,,,
ncaab:400915609,ncaab,2017-01-06T02:00Z,final,9,38,Arizona St,Colorado,78,77,,,,0,,,,,,,,,,2,,0,Tempe,AZ,1,360,,,,-7.0,"41,37","37,40",,,,,,,,
ncaab:400915817,ncaab,2017-01-06T02:00Z,final,2539,2250,San Francisco,Gonzaga,80,95,,,,0,,,,,,,,,,2,,0,San Francisco,CA,1,16,,,,-8.0,"36,44","46,49",,,,,,,,
ncaab:400916371,ncaab,2017-01-06T02:00Z,final,2458,253,N Colorado,Southern Utah,76,78,,,,0,,,,,,,,,,2,,0,Greeley,CO,1,1425,,,,-7.0,"41,35","39,39",,,,,,,,
ncaab:400917777,ncaab,2017-01-06T02:00Z,final,2635,2046,Tennessee Tech,Austin Peay,76,67,,,,0,,,,,,,,,,2,,0,Cookeville,TN,1,334,,,,-6.0,"28,48","25,42",,,,,,,,
ncaab:400917782,ncaab,2017-01-06T02:00Z,final,2634,2546,Tennessee St,SE Missouri,65,62,,,,0,,,,,,,,,,2,,0,Nashville,TN,1,170,,,,-6.0,"32,33","29,33",,,,,,,,
ncaab:400919179,ncaab,2017-01-06T02:00Z,final,2681,161,Wagner,FDU,69,70,,,,0,,,,,,,,,,2,,0,Staten Island,NY,1,21,,,,-5.0,"39,30","36,34",,,,,,,,
ncaab:400916369,ncaab,2017-01-06T02:05Z,final,331,147,E Washington,Montana St,82,64,,,,0,,,,,,,,,,2,,0,Cheney,WA,1,717,,,,-8.0,"34,48","22,42",,,,,,,,
ncaab:400915610,ncaab,2017-01-06T03:00Z,final,12,254,Arizona,Utah,66,56,,,,0,,,,,,,,,,2,,0,Tucson,AZ,1,759,,,,-7.0,"35,31","27,29",,,,,,,,
ncaab:400915814,ncaab,2017-01-06T03:00Z,final,301,279,San Diego,Pacific,53,56,,,,0,,,,,,,,,,2,,0,San Diego,CA,1,20,,,,-8.0,"20,33","23,33",,,,,,,,
ncaab:400915815,ncaab,2017-01-06T03:00Z,final,2492,2351,Pepperdine,LMU,71,70,,,,0,,,,,,,,,,2,,0,Malibu,CA,1,32,,,,-8.0,"30,41","28,42",,,,,,,,
ncaab:400915818,ncaab,2017-01-06T03:00Z,final,2541,2501,Santa Clara,Portland,70,42,,,,0,,,,,,,,,,2,,0,Santa Clara,CA,1,23,,,,-8.0,"34,36","22,20",,,,,,,,
ncaab:400916372,ncaab,2017-01-06T03:00Z,final,70,149,Idaho,Montana,57,70,,,,0,,,,,,,,,,2,,0,Moscow,ID,1,786,,,,-8.0,"21,36","31,39",,,,,,,,
ncaab:400918891,ncaab,2017-01-06T03:00Z,final,2239,62,Fullerton,Hawai'i,67,64,,,,0,,,,,,,,,,2,,0,Fullerton,CA,1,50,,,,-8.0,"30,37","28,36",,,,,,,,
ncaab:400915611,ncaab,2017-01-06T04:00Z,final,30,24,USC,Stanford,72,56,,,,0,,,,,,,,,,2,,0,Los Angeles,CA,1,89,,,,-8.0,"36,36","28,28",,,,,,,,
ncaab:400915816,ncaab,2017-01-06T04:00Z,final,2608,252,Saint Mary's,BYU,81,68,,,,0,,,,,,,,,,2,,0,Moraga,CA,1,152,,,,-8.0,"44,37","36,32",,,,,,,,
ncaab:400917114,ncaab,2017-01-06T23:30Z,final,2006,2711,Akron,W Michigan,66,59,,,,0,,,,,,,,,,2,,0,Akron,OH,1,291,,,,-5.0,"32,34","32,27",,,,,,,,
ncaab:400917569,ncaab,2017-01-07T00:00Z,final,2405,314,Monmouth,Iona,92,74,,,,0,,,,,,,,,,2,,0,West Long Branch,NJ,1,9,,,,-5.0,"54,38","41,33",,,,,,,,
ncaab:400917570,ncaab,2017-01-07T00:00Z,final,2368,2520,Marist,Rider,62,73,,,,0,,,,,,,,,,2,,0,Poughkeepsie,NY,1,62,,,,-5.0,"32,30","34,39",,,,,,,,
ncaab:400918304,ncaab,2017-01-07T00:00Z,final,2168,227,Dayton,Rhode Island,67,64,,,,0,,,,,,,,,,2,,0,Dayton,OH,1,225,,,,-5.0,"25,42","27,37",,,,,,,,
ncaab:400918503,ncaab,2017-01-07T01:00Z,final,82,2174,UIC,Detroit Mercy,78,64,,,,0,,,,,,,,,,2,,0,Chicago,IL,1,179,,,,-6.0,"40,38","25,39",,,,,,,,
ncaab:400918520,ncaab,2017-01-07T01:00Z,final,2739,270,Green Bay,Milwaukee,80,74,,,,0,,,,,,,,,,2,,0,Ashwaubenon,WI,1,185,,,,-6.0,"33,47","30,44",,,,,,,,
ncaab:400918583,ncaab,2017-01-07T02:00Z,final,2674,2473,Valparaiso,Oakland,66,78,,,,0,,,,,,,,,,2,,0,Valparaiso,IN,1,242,,,,-6.0,"34,32","38,40",,,,,,,,
ncaab:400919552,ncaab,2017-01-07T02:00Z,final,195,2309,Ohio,Kent State,85,67,,,,0,,,,,,,,,,2,,0,Athens,OH,1,219,,,,-5.0,"45,40","28,39",,,,,,,,
ncaab:400915361,ncaab,2017-01-07T17:00Z,final,183,221,Syracuse,Pitt,77,66,,,,0,,,,,,,,,,2,,0,Syracuse,NY,1,121,,,,-5.0,"42,35","21,45",,,,,,,,
ncaab:400916571,ncaab,2017-01-07T17:00Z,final,218,151,Temple,East Carolina,81,62,,,,0,,,,,,,,,,2,,0,Philadelphia,PA,1,12,,,,-5.0,"40,41","34,28",,,,,,,,
ncaab:400919669,ncaab,2017-01-07T17:00Z,final,46,2086,Georgetown,Butler,76,85,,,,0,,,,,,,,,,2,,0,Washington,DC,1,7,,,,-5.0,"32,36,8","31,37,17",,,,,,,,
ncaab:400919670,ncaab,2017-01-07T17:00Z,final,2550,305,Seton Hall,DePaul,87,56,,,,0,,,,,,,,,,2,,0,Newark,NJ,1,9,,,,-5.0,"41,46","31,25",,,,,,,,
ncaab:400910668,ncaab,2017-01-07T18:00Z,final,61,142,Georgia,Missouri,71,66,,,,0,,,,,,,,,,2,,0,Athens,GA,1,228,,,,-5.0,"20,51","26,40",,,,,,,,
ncaab:400915075,ncaab,2017-01-07T18:00Z,final,213,127,Penn State,Michigan St,72,63,,,,1,,,,,,,,,,2,,0,Philadelphia,PA,1,12,,,,-5.0,"44,28","32,31",,,,,,,,
ncaab:400916202,ncaab,2017-01-07T18:00Z,final,277,2628,West Virginia,TCU,82,70,,,,0,,,,,,,,,,2,,0,Morgantown,WV,1,271,,,,-5.0,"39,43","28,42",,,,,,,,
ncaab:400916921,ncaab,2017-01-07T18:00Z,final,2643,2678,The Citadel,VMI,79,74,,,,0,,,,,,,,,,2,,0,Charleston,SC,1,6,,,,-5.0,"37,42","37,37",,,,,,,,
ncaab:400917109,ncaab,2017-01-07T18:00Z,final,2050,189,Ball State,Bowling Green,71,76,,,,0,,,,,,,,,,2,,0,Muncie,IN,1,284,,,,-5.0,"38,33","35,41",,,,,,,,
ncaab:400918422,ncaab,2017-01-07T18:00Z,final,2670,113,VCU,UMass,81,64,,,,0,,,,,,,,,,2,,0,Richmond,VA,1,64,,,,-5.0,"33,48","29,35",,,,,,,,
ncaab:400918483,ncaab,2017-01-07T18:00Z,final,94,325,N Kentucky,Cleveland St,83,75,,,,0,,,,,,,,,,2,,0,Highland Heights,KY,1,260,,,,-5.0,"43,40","33,42",,,,,,,,
ncaab:400910788,ncaab,2017-01-07T18:30Z,final,2579,245,South Carolina,Texas A&M,79,68,,,,0,,,,,,,,,,2,,0,Columbia,SC,1,89,,,,-5.0,"36,43","38,30",,,,,,,,
ncaab:400915362,ncaab,2017-01-07T19:00Z,final,150,103,Duke,Boston College,93,82,,,,0,,,,,,,,,,2,,0,Durham,NC,1,123,,,,-5.0,"53,40","34,48",,,,,,,,
ncaab:400915363,ncaab,2017-01-07T19:00Z,final,52,259,Florida St,Virginia Tech,93,78,,,,0,,,,,,,,,,2,,0,Tallahassee,FL,1,62,,,,-5.0,"48,45","37,41",,,,,,,,
ncaab:400915364,ncaab,2017-01-07T19:00Z,final,59,97,Georgia Tech,Louisville,50,65,,,,0,,,,,,,,,,2,,0,Atlanta,GA,1,320,,,,-5.0,"18,32","27,38",,,,,,,,
ncaab:400916762,ncaab,2017-01-07T19:00Z,final,2335,2097,Liberty,Campbell,61,54,,,,0,,,,,,,,,,2,,0,Lynchburg,VA,1,192,,,,-5.0,"36,25","26,28",,,,,,,,
ncaab:400916764,ncaab,2017-01-07T19:00Z,final,2427,2272,UNC Asheville,High Point,88,58,,,,0,,,,,,,,,,2,,0,Asheville,NC,1,649,,,,-5.0,"50,38","25,33",,,,,,,,
ncaab:400917572,ncaab,2017-01-07T19:00Z,final,2514,2363,Quinnipiac,Manhattan,81,72,,,,0,,,,,,,,,,2,,0,Hamden,CT,1,31,,,,-5.0,"40,41","32,40",,,,,,,,
ncaab:400917785,ncaab,2017-01-07T19:00Z,final,2198,2197,E Kentucky,E Illinois,60,74,,,,0,,,,,,,,,,2,,0,Richmond,KY,1,289,,,,-5.0,"27,33","31,43",,,,,,,,
ncaab:400918214,ncaab,2017-01-07T19:00Z,final,282,2287,Indiana St,Illinois St,58,77,,,,0,,,,,,,,,,2,,0,Terre Haute,IN,1,152,,,,-5.0,"24,34","47,30",,,,,,,,
ncaab:400918825,ncaab,2017-01-07T19:00Z,final,2908,2885,SC Upstate,NJIT,75,65,,,,0,,,,,,,,,,2,,0,Spartanburg,SC,1,246,,,,-5.0,"37,38","30,35",,,,,,,,
ncaab:400919343,ncaab,2017-01-07T19:00Z,final,43,108838,Yale,Mitchell,102,46,,,,0,,,,,,,,,,2,,0,New Haven,CT,1,18,,,,-5.0,"48,54","26,20",,,,,,,,
ncaab:400919370,ncaab,2017-01-07T19:00Z,final,2226,2229,FAU,FIU,73,64,,,,0,,,,,,,,,,2,,0,Boca Raton,FL,1,4,,,,-5.0,"40,33","30,34",,,,,,,,
ncaab:400919671,ncaab,2017-01-07T19:00Z,final,2507,156,Providence,Creighton,64,78,,,,0,,,,,,,,,,2,,0,Providence,RI,1,2,,,,-5.0,"33,31","39,39",,,,,,,,
ncaab:400919805,ncaab,2017-01-07T19:00Z,final,36,2005,Colorado St,Air Force,85,58,,,,0,,,,,,,,,,2,,0,Fort Collins,CO,1,1525,,,,-7.0,"33,52","28,30",,,,,,,,
ncaab:400916020,ncaab,2017-01-07T19:15Z,final,2247,6,Georgia St,South Alabama,78,77,,,,0,,,,,,,,,,2,,0,Atlanta,GA,1,320,,,,-5.0,"35,43","37,40",,,,,,,,
ncaab:400917110,ncaab,2017-01-07T19:30Z,final,2199,2084,E Michigan,Buffalo,68,77,,,,0,,,,,,,,,,2,,0,Ypsilanti,MI,1,219,,,,-5.0,"38,30","35,42",,,,,,,,
ncaab:400919672,ncaab,2017-01-07T19:30Z,final,2752,2599,Xavier,St John's,97,82,,,,0,,,,,,,,,,2,,0,Cincinnati,OH,1,191,,,,-5.0,"54,43","39,43",,,,,,,,
ncaab:400915365,ncaab,2017-01-07T20:00Z,final,87,228,Notre Dame,Clemson,75,70,,,,0,,,,,,,,,,2,,0,South Bend,IN,1,211,,,,-5.0,"33,42","40,30",,,,,,,,
ncaab:400915612,ncaab,2017-01-07T20:00Z,final,264,204,Washington,Oregon St,87,61,,,,0,,,,,,,,,,2,,0,Seattle,WA,1,56,,,,-8.0,"43,44","28,33",,,,,,,,
ncaab:400916203,ncaab,2017-01-07T20:00Z,final,2306,201,Kansas St,Oklahoma,75,64,,,,0,,,,,,,,,,2,,0,Manhattan,KS,1,311,,,,-6.0,"43,32","27,37",,,,,,,,
ncaab:400917935,ncaab,2017-01-07T20:00Z,final,2710,198,W Illinois,Oral Roberts,86,71,,,,0,,,,,,,,,,2,,0,Macomb,IL,1,215,,,,-6.0,"34,52","33,38",,,,,,,,
ncaab:400918349,ncaab,2017-01-07T20:00Z,final,2230,2603,Fordham,Saint Joseph's,55,70,,,,0,,,,,,,,,,2,,0,Bronx,NY,1,28,,,,-5.0,"29,26","44,26",,,,,,,,
ncaab:400919184,ncaab,2017-01-07T20:00Z,final,161,2803,FDU,Bryant,87,84,,,,0,,,,,,,,,,2,,0,Hackensack,NJ,1,6,,,,-5.0,"56,31","34,50",,,,,,,,
ncaab:400919446,ncaab,2017-01-07T20:00Z,final,249,2393,North Texas,MTSU,68,79,,,,0,,,,,,,,,,2,,0,Denton,TX,1,201,,,,-6.0,"27,41","37,42",,,,,,,,
ncaab:400918050,ncaab,2017-01-07T20:05Z,final,2130,166,Chicago St,New Mexico St,62,78,,,,0,,,,,,,,,,2,,0,Chicago,IL,1,179,,,,-6.0,"32,30","41,37",,,,,,,,
ncaab:400915031,ncaab,2017-01-07T20:15Z,final,130,120,Michigan,Maryland,70,77,,,,0,,,,,,,,,,2,,0,Ann Arbor,MI,1,269,,,,-5.0,"28,42","37,40",,,,,,,,
ncaab:400910714,ncaab,2017-01-07T20:30Z,final,99,344,LSU,Mississippi St,78,95,,,,0,,,,,,,,,,2,,0,Baton Rouge,LA,1,14,,,,-6.0,"33,45","52,43",,,,,,,,
ncaab:400916023,ncaab,2017-01-07T20:30Z,final,2026,2031,App State,Little Rock,68,76,,,,0,,,,,,,,,,2,,0,Boone,NC,1,981,,,,-5.0,"31,37","31,45",,,,,,,,
ncaab:400919186,ncaab,2017-01-07T20:30Z,final,2115,116,C Connecticut,Mount St Marys,68,77,,,,0,,,,,,,,,,2,,0,New Britain,CT,1,51,,,,-5.0,"27,41","30,47",,,,,,,,
ncaab:400915822,ncaab,2017-01-07T21:00Z,final,2492,301,Pepperdine,San Diego,68,76,,,,0,,,,,,,,,,2,,0,Malibu,CA,1,32,,,,-8.0,"36,32","37,39",,,,,,,,
ncaab:400916765,ncaab,2017-01-07T21:00Z,final,2737,2344,Winthrop,Longwood,83,65,,,,0,,,,,,,,,,2,,0,Rock Hill,SC,1,207,,,,-5.0,"34,49","24,41",,,,,,,,
ncaab:400916766,ncaab,2017-01-07T21:00Z,final,2506,2515,Presbyterian,Radford,63,76,,,,0,,,,,,,,,,2,,0,Clinton,SC,1,76,,,,-5.0,"29,34","35,41",,,,,,,,
ncaab:400917113,ncaab,2017-01-07T21:00Z,final,2649,193,Toledo,Miami OH,91,76,,,,0,,,,,,,,,,2,,0,Toledo,OH,1,186,,,,-5.0,"42,49","28,48",,,,,,,,
ncaab:400918142,ncaab,2017-01-07T21:00Z,final,2623,79,Missouri St,S Illinois,67,75,,,,0,,,,,,,,,,2,,0,Springfield,MO,1,396,,,,-6.0,"25,42","33,42",,,,,,,,
ncaab:400918596,ncaab,2017-01-07T21:00Z,final,2750,2754,Wright St,Youngstown St,75,80,,,,0,,,,,,,,,,2,,0,Dayton,OH,1,225,,,,-5.0,"44,31","30,50",,,,,,,,
ncaab:400918771,ncaab,2017-01-07T21:00Z,final,56,526,Stetson,FGCU,88,89,,,,0,,,,,,,,,,2,,0,DeLand,FL,1,12,,,,-5.0,"36,52","45,44",,,,,,,,
ncaab:400919182,ncaab,2017-01-07T21:00Z,final,2681,2529,Wagner,Sacred Heart,75,64,,,,0,,,,,,,,,,2,,0,Staten Island,NY,1,21,,,,-5.0,"35,40","31,33",,,,,,,,
ncaab:400919183,ncaab,2017-01-07T21:00Z,final,2523,2597,Robert Morris,St Francis BK,62,58,,,,0,,,,,,,,,,2,,0,Moon Township,PA,1,358,,,,-5.0,"34,28","25,33",,,,,,,,
ncaab:400919185,ncaab,2017-01-07T21:00Z,final,2598,112358,Saint Francis,Long Island,70,83,,,,0,,,,,,,,,,2,,0,Loretto,PA,1,595,,,,-5.0,"40,30","38,45",,,,,,,,
ncaab:400919566,ncaab,2017-01-07T21:00Z,final,232,2275,Charleston,Hofstra,77,71,,,,0,,,,,,,,,,2,,0,Charleston,SC,1,6,,,,-5.0,"41,36","34,37",,,,,,,,
ncaab:400919605,ncaab,2017-01-07T21:00Z,void,2729,2182,William & Mary,Drexel,,,,,,0,,,,,,,,,,2,,0,Williamsburg,VA,1,25,,,,-5.0,,,,,,,,,,
ncaab:400920419,ncaab,2017-01-07T21:00Z,final,2448,2169,NC A&T,Delaware St,53,55,,,,0,,,,,,,,,,2,,0,Greensboro,NC,1,266,,,,-5.0,"25,28","22,33",,,,,,,,
ncaab:400920482,ncaab,2017-01-07T21:00Z,void,2428,2379,NC Central,MD Eastern,,,,,,0,,,,,,,,,,2,,0,Durham,NC,1,123,,,,-5.0,,,,,,,,,,
ncaab:400922090,ncaab,2017-01-07T21:00Z,final,2916,2443,Incarnate Word,LSU N Orleans,72,87,,,,0,,,,,,,,,,2,,0,San Antonio,TX,1,198,,,,-6.0,"38,34","44,43",,,,,,,,
ncaab:400916373,ncaab,2017-01-07T21:05Z,final,331,149,E Washington,Montana,59,65,,,,0,,,,,,,,,,2,,0,Cheney,WA,1,717,,,,-8.0,"25,34","23,42",,,,,,,,
ncaab:400917786,ncaab,2017-01-07T21:15Z,final,2413,2565,Morehead St,SIUE,73,65,,,,0,,,,,,,,,,2,,0,Morehead,KY,1,153,,,,-6.0,"31,42","36,29",,,,,,,,
ncaab:400917937,ncaab,2017-01-07T21:15Z,final,233,85,South Dakota,IU Indy,85,74,,,,0,,,,,,,,,,2,,0,Vermillion,SD,1,374,,,,-6.0,"39,46","37,37",,,,,,,,
ncaab:400916021,ncaab,2017-01-07T21:30Z,final,324,2032,Coastal,Arkansas St,80,65,,,,0,,,,,,,,,,2,,0,Conway,SC,1,10,,,,-5.0,"33,47","26,39",,,,,,,,
ncaab:400916763,ncaab,2017-01-07T21:30Z,final,2241,2127,Gardner-Webb,Charleston So,79,75,,,,0,,,,,,,,,,2,,0,Boiling Springs,NC,1,269,,,,-5.0,"42,37","38,37",,,,,,,,
ncaab:400916919,ncaab,2017-01-07T21:30Z,final,2382,2193,Mercer,ETSU,58,67,,,,0,,,,,,,,,,2,,0,Macon,GA,1,112,,,,-5.0,"24,34","27,40",,,,,,,,
ncaab:400917111,ncaab,2017-01-07T21:30Z,final,2459,2117,N Illinois,C Michigan,87,83,,,,0,,,,,,,,,,2,,0,Dekalb,IL,1,268,,,,-6.0,"35,52","28,55",,,,,,,,
ncaab:400914959,ncaab,2017-01-07T22:00Z,final,84,356,Indiana,Illinois,96,80,,,,0,,,,,,,,,,2,,0,Bloomington,IN,1,235,,,,-5.0,"48,48","29,51",,,,,,,,
ncaab:400915613,ncaab,2017-01-07T22:00Z,final,9,254,Arizona St,Utah,82,88,,,,0,,,,,,,,,,2,,0,Tempe,AZ,1,360,,,,-7.0,"37,45","34,54",,,,,,,,
ncaab:400916024,ncaab,2017-01-07T22:00Z,final,290,2653,GA Southern,Troy,86,82,,,,0,,,,,,,,,,2,,0,Statesboro,GA,1,77,,,,-5.0,"37,49","31,51",,,,,,,,
ncaab:400916374,ncaab,2017-01-07T22:00Z,final,155,253,North Dakota,Southern Utah,95,65,,,,0,,,,,,,,,,2,,0,Grand Forks,ND,1,253,,,,-6.0,"43,52","25,40",,,,,,,,
ncaab:400916572,ncaab,2017-01-07T22:00Z,final,2567,58,SMU,South Florida,84,65,,,,0,,,,,,,,,,2,,0,Dallas,TX,1,128,,,,-6.0,"44,40","30,35",,,,,,,,
ncaab:400916918,ncaab,2017-01-07T22:00Z,final,236,231,Chattanooga,Furman,80,64,,,,0,,,,,,,,,,2,,0,Chattanooga,TN,1,206,,,,-5.0,"35,45","29,35",,,,,,,,
ncaab:400916922,ncaab,2017-01-07T22:00Z,final,2430,2717,UNC Greensboro,W Carolina,76,57,,,,0,,,,,,,,,,2,,0,Greensboro,NC,1,266,,,,-5.0,"38,38","32,25",,,,,,,,
ncaab:400918384,ncaab,2017-01-07T22:00Z,final,179,2244,St Bonaventure,George Mason,82,72,,,,0,,,,,,,,,,2,,0,Saint Bonaventure,NY,1,435,,,,-5.0,"38,44","29,43",,,,,,,,
ncaab:400918808,ncaab,2017-01-07T22:00Z,final,288,338,Lipscomb,Kennesaw St,82,79,,,,0,,,,,,,,,,2,,0,Nashville,TN,1,170,,,,-6.0,"27,55","36,43",,,,,,,,
ncaab:400919503,ncaab,2017-01-07T22:00Z,final,2572,2638,Southern Miss,UTEP,73,65,,,,0,,,,,,,,,,2,,0,Hattiesburg,MS,1,52,,,,-6.0,"39,34","31,34",,,,,,,,
ncaab:400919877,ncaab,2017-01-07T22:00Z,final,23,278,San José St,Fresno St,69,62,,,,0,,,,,,,,,,2,,0,San Jose,CA,1,26,,,,-8.0,"29,40","37,25",,,,,,,,
ncaab:400921972,ncaab,2017-01-07T22:00Z,final,2000,2617,Abilene Chrstn,SF Austin,69,60,,,,0,,,,,,,,,,2,,0,Abilene,TX,1,524,,,,-6.0,"33,36","21,39",,,,,,,,
ncaab:400922247,ncaab,2017-01-07T22:00Z,final,2400,2010,Miss Valley St,Alabama A&M,76,79,,,,0,,,,,,,,,,2,,0,Itta Bena,MS,1,40,,,,-6.0,"38,38","44,35",,,,,,,,
ncaab:400910643,ncaab,2017-01-07T22:15Z,final,57,2633,Florida,Tennessee,83,70,,,,0,,,,,,,,,,2,,0,Gainesville,FL,1,54,,,,-5.0,"32,51","33,37",,,,,,,,
ncaab:400916022,ncaab,2017-01-07T22:30Z,final,326,250,Texas St,UT Arlington,81,73,,,,0,,,,,,,,,,2,,0,San Marcos,TX,1,188,,,,-6.0,"40,41","39,34",,,,,,,,
ncaab:400917936,ncaab,2017-01-07T22:30Z,final,2571,2437,S Dakota St,Omaha,93,101,,,,0,,,,,,,,,,2,,0,Brookings,SD,1,494,,,,-6.0,"34,59","55,46",,,,,,,,
ncaab:400922108,ncaab,2017-01-07T22:30Z,final,2320,2545,Lamar,SE Louisiana,74,54,,,,0,,,,,,,,,,2,,0,Beaumont,TX,1,5,,,,-6.0,"44,30","26,28",,,,,,,,
ncaab:400910618,ncaab,2017-01-07T23:00Z,final,2,145,Auburn,Ole Miss,85,88,,,,0,,,,,,,,,,2,,0,Auburn,AL,1,215,,,,-6.0,"41,44","33,55",,,,,,,,
ncaab:400915821,ncaab,2017-01-07T23:00Z,final,2351,2541,LMU,Santa Clara,66,56,,,,0,,,,,,,,,,2,,0,Los Angeles,CA,1,89,,,,-8.0,"28,38","28,28",,,,,,,,
ncaab:400919475,ncaab,2017-01-07T23:00Z,final,98,295,Western KY,Old Dominion,67,79,,,,0,,,,,,,,,,2,,0,Bowling Green,KY,1,161,,,,-6.0,"35,32","31,48",,,,,,,,
ncaab:400919859,ncaab,2017-01-07T23:00Z,final,328,2439,Utah State,UNLV,79,63,,,,0,,,,,,,,,,2,,0,Logan,UT,1,1382,,,,-7.0,"37,42","31,32",,,,,,,,
ncaab:400920403,ncaab,2017-01-07T23:00Z,final,50,2154,Florida A&M,Coppin St,54,53,,,,0,,,,,,,,,,2,,0,Tallahassee,FL,1,62,,,,-5.0,"27,27","21,32",,,,,,,,
ncaab:400920437,ncaab,2017-01-07T23:00Z,void,2261,2569,Hampton,SC State,,,,,,0,,,,,,,,,,2,,0,Hampton,VA,1,1,,,,-5.0,,,,,,,,,,
ncaab:400922258,ncaab,2017-01-07T23:00Z,final,2504,2640,Prairie View,Texas Southern,82,87,,,,0,,,,,,,,,,2,,0,Prairie View,TX,1,82,,,,-6.0,"41,41","31,56",,,,,,,,
ncaab:400920522,ncaab,2017-01-07T23:30Z,void,2450,2542,Norfolk St,Savannah St,,,,,,0,,,,,,,,,,2,,0,Norfolk,VA,1,2,,,,-5.0,,,,,,,,,,
ncaab:400922198,ncaab,2017-01-07T23:30Z,void,2296,2016,Jackson St,Alcorn St,,,,,,0,,,,,,,,,,2,,0,Jackson,MS,1,85,,,,-6.0,,,,,,,,,,
ncaab:400922236,ncaab,2017-01-07T23:30Z,final,2755,2582,Grambling,Southern,79,87,,,,0,,,,,,,,,,2,,0,Grambling,LA,1,93,,,,-6.0,"35,44","44,43",,,,,,,,
ncaab:400910552,ncaab,2017-01-08T00:00Z,final,333,238,Alabama,Vanderbilt,59,56,,,,0,,,,,,,,,,2,,0,Tuscaloosa,AL,1,68,,,,-6.0,"30,29","30,26",,,,,,,,
ncaab:400915614,ncaab,2017-01-08T00:00Z,final,265,2483,Washington St,Oregon,66,85,,,,0,,,,,,,,,,2,,0,Pullman,WA,1,717,,,,-8.0,"37,29","37,48",,,,,,,,
ncaab:400916204,ncaab,2017-01-08T00:00Z,final,239,197,Baylor,Oklahoma St,61,57,,,,0,,,,,,,,,,2,,0,Waco,TX,1,143,,,,-6.0,"25,36","30,27",,,,,,,,
ncaab:400916920,ncaab,2017-01-08T00:00Z,void,2535,2747,Samford,Wofford,,,,,,0,,,,,,,,,,2,,0,Homewood,AL,1,203,,,,-6.0,,,,,,,,,,
ncaab:400917571,ncaab,2017-01-08T00:00Z,final,2561,2612,Siena,Saint Peter's,56,54,,,,0,,,,,,,,,,2,,0,Albany,NY,1,45,,,,-5.0,"29,27","31,23",,,,,,,,
ncaab:400917938,ncaab,2017-01-08T00:00Z,final,2870,2172,Purdue FW,Denver,87,83,,,,0,,,,,,,,,,2,,0,Fort Wayne,IN,1,247,,,,-5.0,"43,44","39,44",,,,,,,,
ncaab:400918794,ncaab,2017-01-08T00:00Z,final,294,2454,Jacksonville,North Florida,64,80,,,,0,,,,,,,,,,2,,0,Jacksonville,FL,1,5,,,,-5.0,"29,35","44,36",,,,,,,,
ncaab:400918945,ncaab,2017-01-08T00:00Z,final,299,27,Long Beach St,UC Riverside,70,64,,,,0,,,,,,,,,,2,,0,Long Beach,CA,1,9,,,,-8.0,"39,31","32,32",,,,,,,,
ncaab:400919283,ncaab,2017-01-08T00:00Z,final,171,47,Columbia,Howard,66,48,,,,0,,,,,,,,,,2,,0,New York,NY,1,10,,,,-5.0,"33,33","21,27",,,,,,,,
ncaab:400919313,ncaab,2017-01-08T00:00Z,final,159,108,Dartmouth,Harvard,58,74,,,,0,,,,,,,,,,2,,0,Hanover,NH,1,162,,,,-5.0,"26,32","33,41",,,,,,,,
ncaab:400919333,ncaab,2017-01-08T00:00Z,final,163,219,Princeton,Penn,61,52,,,,0,,,,,,,,,,2,,0,Princeton,NJ,1,62,,,,-5.0,"34,27","17,35",,,,,,,,
ncaab:400919350,ncaab,2017-01-08T00:00Z,final,276,2429,Marshall,Charlotte,110,93,,,,0,,,,,,,,,,2,,0,Huntington,WV,1,173,,,,-5.0,"51,59","51,42",,,,,,,,
ncaab:400919413,ncaab,2017-01-08T00:00Z,final,2348,2636,Louisiana Tech,UTSA,68,69,,,,0,,,,,,,,,,2,,0,Ruston,LA,1,102,,,,-6.0,"37,31","27,42",,,,,,,,
ncaab:400919587,ncaab,2017-01-08T00:00Z,final,48,350,Delaware,UNC Wilmington,81,91,,,,0,,,,,,,,,,2,,0,Newark,DE,1,38,,,,-5.0,"35,46","40,51",,,,,,,,
ncaab:400919622,ncaab,2017-01-08T00:00Z,final,2210,119,Elon,Towson,72,61,,,,0,,,,,,,,,,2,,0,Elon,NC,1,215,,,,-5.0,"33,39","29,32",,,,,,,,
ncaab:400919767,ncaab,2017-01-08T00:00Z,final,111,256,Northeastern,James Madison,64,54,,,,0,,,,,,,,,,2,,0,Boston,MA,1,14,,,,-5.0,"30,34","23,31",,,,,,,,
ncaab:400972706,ncaab,2017-01-08T00:00Z,void,304,2692,Idaho St,Weber St,,,,,,0,,,,,,,,,,2,,0,Pocatello,ID,1,1360,,,,-7.0,,,,,,,,,,
ncaab:400972707,ncaab,2017-01-08T00:00Z,void,2520,315,Rider,Niagara,,,,,,0,,,,,,,,,,2,,0,Lawrenceville,NJ,1,37,,,,-5.0,,,,,,,,,,
ncaab:400916205,ncaab,2017-01-08T00:15Z,final,2305,2641,Kansas,Texas Tech,85,68,,,,0,,,,,,,,,,2,,0,Lawrence,KS,1,263,,,,-6.0,"37,48","27,41",,,,,,,,
ncaab:400922140,ncaab,2017-01-08T00:15Z,final,2534,2447,Sam Houston,Nicholls,74,61,,,,0,,,,,,,,,,2,,0,Huntsville,TX,1,113,,,,-6.0,"32,42","32,29",,,,,,,,
ncaab:400919673,ncaab,2017-01-08T00:30Z,final,222,269,Villanova,Marquette,93,81,,,,0,,,,,,,,,,2,,0,Philadelphia,PA,1,12,,,,-5.0,"44,49","33,48",,,,,,,,
ncaab:400915366,ncaab,2017-01-08T01:00Z,void,153,152,North Carolina,NC State,,,,,,0,,,,,,,,,,2,,0,Chapel Hill,NC,1,148,,,,-5.0,,,,,,,,,,
ncaab:400917783,ncaab,2017-01-08T01:00Z,final,55,2046,Jax State,Austin Peay,71,68,,,,0,,,,,,,,,,2,,0,Jacksonville,AL,1,216,,,,-6.0,"30,41","31,37",,,,,,,,
ncaab:400917784,ncaab,2017-01-08T01:00Z,final,2057,2546,Belmont,SE Missouri,87,75,,,,0,,,,,,,,,,2,,0,Nashville,TN,1,170,,,,-6.0,"36,51","36,39",,,,,,,,
ncaab:400918052,ncaab,2017-01-08T01:00Z,final,140,292,Kansas City,UT Rio Grande,83,79,,,,0,,,,,,,,,,2,,0,Kansas City,MO,1,274,,,,-6.0,"38,45","36,43",,,,,,,,
ncaab:400918201,ncaab,2017-01-08T01:00Z,final,71,2350,Bradley,Loyola Chicago,62,78,,,,0,,,,,,,,,,2,,0,Peoria,IL,1,153,,,,-6.0,"31,31","44,34",,,,,,,,
ncaab:400918328,ncaab,2017-01-08T01:00Z,final,2325,2184,La Salle,Duquesne,88,81,,,,0,,,,,,,,,,2,,0,Philadelphia,PA,1,12,,,,-5.0,"36,52","36,45",,,,,,,,
ncaab:400918873,ncaab,2017-01-08T01:00Z,final,302,13,UC Davis,Cal Poly,68,64,,,,0,,,,,,,,,,2,,0,Davis,CA,1,16,,,,-8.0,"34,34","30,34",,,,,,,,
ncaab:400919491,ncaab,2017-01-08T01:00Z,final,242,5,Rice,UAB,81,88,,,,0,,,,,,,,,,2,,0,Houston,TX,1,12,,,,-6.0,"36,40,5","36,40,12",,,,,,,,
ncaab:400922049,ncaab,2017-01-08T01:00Z,final,2277,2377,Hou Christian,McNeese,60,49,,,,0,,,,,,,,,,2,,0,Houston,TX,1,12,,,,-6.0,"26,34","24,25",,,,,,,,
ncaab:400922162,ncaab,2017-01-08T01:00Z,final,357,2466,Texas A&M-CC,N'Western St,99,82,,,,0,,,,,,,,,,2,,0,Corpus Christi,TX,1,2,,,,-6.0,"52,47","34,48",,,,,,,,
ncaab:400916025,ncaab,2017-01-08T01:15Z,final,309,2433,Louisiana,UL Monroe,69,60,,,,0,,,,,,,,,,2,,0,Lafayette,LA,1,11,,,,-6.0,"41,28","29,31",,,,,,,,
ncaab:400910589,ncaab,2017-01-08T01:30Z,final,96,8,Kentucky,Arkansas,97,71,,,,0,,,,,,,,,,2,,0,Lexington,KY,1,295,,,,-5.0,"41,56","38,33",,,,,,,,
ncaab:400917787,ncaab,2017-01-08T01:30Z,final,2635,93,Tennessee Tech,Murray St,71,67,,,,0,,,,,,,,,,2,,0,Cookeville,TN,1,334,,,,-6.0,"29,42","28,39",,,,,,,,
ncaab:400917788,ncaab,2017-01-08T01:30Z,final,2634,2630,Tennessee St,UT Martin,76,65,,,,0,,,,,,,,,,2,,0,Nashville,TN,1,170,,,,-6.0,"26,50","30,35",,,,,,,,
ncaab:400922216,ncaab,2017-01-08T01:30Z,final,2029,2011,AR-Pine Bluff,Alabama St,71,63,,,,0,,,,,,,,,,2,,0,Pine Bluff,AR,1,67,,,,-6.0,"35,36","30,33",,,,,,,,
ncaab:400915819,ncaab,2017-01-08T02:00Z,final,252,279,BYU,Pacific,91,62,,,,0,,,,,,,,,,2,,0,Provo,UT,1,1387,,,,-7.0,"47,44","29,33",,,,,,,,
ncaab:400916375,ncaab,2017-01-08T02:00Z,final,2458,2464,N Colorado,N Arizona,83,79,,,,0,,,,,,,,,,2,,0,Greeley,CO,1,1425,,,,-7.0,"40,43","30,49",,,,,,,,
ncaab:400916573,ncaab,2017-01-08T02:00Z,final,248,2132,Houston,Cincinnati,58,67,,,,0,,,,,,,,,,2,,0,Houston,TX,1,12,,,,-6.0,"25,33","30,37",,,,,,,,
ncaab:400918053,ncaab,2017-01-08T02:00Z,final,2253,3084,Grand Canyon,Utah Valley,82,72,,,,0,,,,,,,,,,2,,0,Phoenix,AZ,1,331,,,,-7.0,"38,44","35,37",,,,,,,,
ncaab:400920365,ncaab,2017-01-08T02:00Z,final,2065,2415,Bethune,Morgan St,63,69,,,,0,,,,,,,,,,2,,0,Daytona Beach,FL,1,4,,,,-5.0,"32,31","30,39",,,,,,,,
ncaab:400911031,ncaab,2017-01-08T02:15Z,final,66,251,Iowa State,Texas,79,70,,,,0,,,,,,,,,,2,,0,Ames,IA,1,287,,,,-6.0,"40,39","31,39",,,,,,,,
ncaab:400915615,ncaab,2017-01-08T02:30Z,final,12,38,Arizona,Colorado,82,73,,,,0,,,,,,,,,,2,,0,Tucson,AZ,1,759,,,,-7.0,"39,43","27,46",,,,,,,,
ncaab:400915820,ncaab,2017-01-08T03:00Z,void,2501,2250,Portland,Gonzaga,,,,,,0,,,,,,,,,,2,,0,Portland,OR,1,12,,,,-8.0,,,,,,,,,,
ncaab:400916376,ncaab,2017-01-08T03:00Z,final,70,147,Idaho,Montana St,83,81,,,,0,,,,,,,,,,2,,0,Moscow,ID,1,786,,,,-8.0,"32,38,13","33,37,11",,,,,,,,
ncaab:400918051,ncaab,2017-01-08T03:00Z,final,2934,2547,Bakersfield,Seattle U,78,71,,,,0,,,,,,,,,,2,,0,Bakersfield,CA,1,123,,,,-8.0,"46,32","37,34",,,,,,,,
ncaab:400916378,ncaab,2017-01-08T03:05Z,final,2502,16,Portland St,Sacramento St,83,76,,,,0,,,,,,,,,,2,,0,Portland,OR,1,12,,,,-8.0,"35,48","34,42",,,,,,,,
ncaab:400918892,ncaab,2017-01-08T03:30Z,final,2239,2463,Fullerton,CSU Northridge,65,70,,,,0,,,,,,,,,,2,,0,Fullerton,CA,1,50,,,,-8.0,"38,27","31,39",,,,,,,,
ncaab:400918930,ncaab,2017-01-08T03:30Z,final,300,62,UC Irvine,Hawai'i,84,56,,,,0,,,,,,,,,,2,,0,Irvine,CA,1,17,,,,-8.0,"39,45","20,36",,,,,,,,
ncaab:400915823,ncaab,2017-01-08T04:00Z,final,2539,2608,San Francisco,Saint Mary's,52,63,,,,0,,,,,,,,,,2,,0,San Francisco,CA,1,16,,,,-8.0,"28,24","26,37",,,,,,,,
ncaab:400919823,ncaab,2017-01-08T04:00Z,final,68,21,Boise St,San Diego St,78,66,,,,0,,,,,,,,,,2,,0,Boise,ID,1,823,,,,-7.0,"39,39","35,31",,,,,,,,
ncaab:400919906,ncaab,2017-01-08T04:15Z,final,167,2440,New Mexico,Nevada,104,105,,,,0,,,,,,,,,,2,,0,Albuquerque,NM,1,1511,,,,-7.0,"44,50,10","31,63,11",,,,,,,,
ncaab:400918365,ncaab,2017-01-08T17:00Z,final,45,257,G Washington,Richmond,70,77,,,,0,,,,,,,,,,2,,0,Washington,DC,1,7,,,,-5.0,"29,41","40,37",,,,,,,,
ncaab:400918691,ncaab,2017-01-08T17:00Z,final,2378,311,UMBC,Maine,75,64,,,,0,,,,,,,,,,2,,0,Baltimore,MD,1,10,,,,-5.0,"40,35","30,34",,,,,,,,
ncaab:400918504,ncaab,2017-01-08T18:00Z,final,2674,2174,Valparaiso,Detroit Mercy,81,74,,,,0,,,,,,,,,,2,,0,Valparaiso,IN,1,242,,,,-6.0,"39,42","33,41",,,,,,,,
ncaab:400919056,ncaab,2017-01-08T18:00Z,final,107,2083,Holy Cross,Bucknell,49,68,,,,0,,,,,,,,,,2,,0,Worcester,MA,1,147,,,,-5.0,"26,23","34,34",,,,,,,,
ncaab:400919057,ncaab,2017-01-08T18:00Z,final,349,2352,Army,Loyola MD,66,57,,,,0,,,,,,,,,,2,,0,West Point,NY,1,47,,,,-5.0,"29,37","19,38",,,,,,,,
ncaab:400933455,ncaab,2017-01-08T18:00Z,final,153,152,North Carolina,NC State,107,56,,,,0,,,,,,,,,,2,,0,Chapel Hill,NC,1,148,,,,-5.0,"56,51","23,33",,,,,,,,
ncaab:400917575,ncaab,2017-01-08T19:00Z,final,2405,2368,Monmouth,Marist,71,64,,,,0,,,,,,,,,,2,,0,West Long Branch,NJ,1,9,,,,-5.0,"33,38","30,34",,,,,,,,
ncaab:400918267,ncaab,2017-01-08T19:00Z,final,139,2166,Saint Louis,Davidson,66,77,,,,0,,,,,,,,,,2,,0,St. Louis,MO,1,142,,,,-6.0,"28,38","47,30",,,,,,,,
ncaab:400918614,ncaab,2017-01-08T19:00Z,final,2619,399,Stony Brook,UAlbany,72,70,,,,0,,,,,,,,,,2,,0,Stony Brook,NY,1,27,,,,-5.0,"24,48","37,33",,,,,,,,
ncaab:400918645,ncaab,2017-01-08T19:00Z,final,2066,2349,Binghamton,UMass Lowell,75,79,,,,0,,,,,,,,,,2,,0,Binghamton,NY,1,264,,,,-5.0,"32,43","34,45",,,,,,,,
ncaab:400919058,ncaab,2017-01-08T19:00Z,final,322,104,Lafayette,Boston U,75,91,,,,0,,,,,,,,,,2,,0,Easton,PA,1,97,,,,-5.0,"33,42","45,46",,,,,,,,
ncaab:400919059,ncaab,2017-01-08T19:00Z,final,2329,44,Lehigh,American,79,73,,,,0,,,,,,,,,,2,,0,Bethlehem,PA,1,109,,,,-5.0,"42,37","31,42",,,,,,,,
ncaab:400919060,ncaab,2017-01-08T19:00Z,final,2426,2142,Navy,Colgate,67,55,,,,0,,,,,,,,,,2,,0,Annapolis,MD,1,12,,,,-5.0,"27,40","16,39",,,,,,,,
ncaab:400919300,ncaab,2017-01-08T19:00Z,final,172,524,Cornell,Fisher,100,72,,,,0,,,,,,,,,,2,,0,Ithaca,NY,1,125,,,,-5.0,"53,47","28,44",,,,,,,,
ncaab:400915111,ncaab,2017-01-08T19:15Z,final,158,77,Nebraska,Northwestern,66,74,,,,0,,,,,,,,,,2,,0,Lincoln,NE,1,367,,,,-6.0,"37,29","33,41",,,,,,,,
ncaab:400916574,ncaab,2017-01-08T20:00Z,final,2655,235,Tulane,Memphis,59,80,,,,0,,,,,,,,,,2,,0,New Orleans,LA,1,0,,,,-6.0,"26,33","36,44",,,,,,,,
ncaab:400917574,ncaab,2017-01-08T21:00Z,final,314,2099,Iona,Canisius,98,75,,,,0,,,,,,,,,,2,,0,New Rochelle,NY,1,26,,,,-5.0,"53,45","40,35",,,,,,,,
ncaab:400918117,ncaab,2017-01-08T21:00Z,final,2460,2724,Northern Iowa,Wichita St,66,80,,,,0,,,,,,,,,,2,,0,Cedar Falls,IA,1,268,,,,-6.0,"32,34","39,41",,,,,,,,
ncaab:400918239,ncaab,2017-01-08T21:00Z,final,2181,339,Drake,Evansville,88,76,,,,0,,,,,,,,,,2,,0,Des Moines,IA,1,266,,,,-6.0,"38,50","34,42",,,,,,,,
ncaab:400918666,ncaab,2017-01-08T21:00Z,final,261,42,Vermont,Hartford,85,54,,,,0,,,,,,,,,,2,,0,Burlington,VT,1,61,,,,-5.0,"52,33","22,32",,,,,,,,
ncaab:400933447,ncaab,2017-01-08T21:00Z,final,2535,2747,Samford,Wofford,91,89,,,,0,,,,,,,,,,2,,0,Homewood,AL,1,203,,,,-6.0,"37,45,9","24,58,7",,,,,,,,
ncaab:400914933,ncaab,2017-01-08T21:30Z,final,2509,275,Purdue,Wisconsin,66,55,,,,0,,,,,,,,,,2,,0,West Lafayette,IN,1,186,,,,-5.0,"29,37","23,32",,,,,,,,
ncaab:400915007,ncaab,2017-01-08T21:30Z,final,2294,164,Iowa,Rutgers,68,62,,,,0,,,,,,,,,,2,,0,Iowa City,IA,1,204,,,,-6.0,"32,36","32,30",,,,,,,,
ncaab:400916575,ncaab,2017-01-08T22:00Z,final,41,2116,UConn,UCF,64,49,,,,0,,,,,,,,,,2,,0,Storrs,CT,1,187,,,,-5.0,"35,29","18,31",,,,,,,,
ncaab:400917573,ncaab,2017-01-08T22:00Z,final,2520,315,Rider,Niagara,89,78,,,,0,,,,,,,,,,2,,0,Lawrenceville,NJ,1,37,,,,-5.0,"44,45","41,37",,,,,,,,
ncaab:400918555,ncaab,2017-01-08T22:00Z,final,82,2473,UIC,Oakland,57,58,,,,0,,,,,,,,,,2,,0,Chicago,IL,1,179,,,,-6.0,"37,20","31,27",,,,,,,,
ncaab:400915096,ncaab,2017-01-09T00:30Z,final,135,194,Minnesota,Ohio State,78,68,,,,0,,,,,,,,,,2,,0,Minneapolis,MN,1,253,,,,-6.0,"38,40","27,41",,,,,,,,
ncaab:400915367,ncaab,2017-01-09T01:00Z,final,258,154,Virginia,Wake Forest,79,62,,,,0,,,,,,,,,,2,,0,Charlottesville,VA,1,142,,,,-5.0,"28,51","29,33",,,,,,,,
ncaab:400915616,ncaab,2017-01-09T01:00Z,final,26,24,UCLA,Stanford,89,75,,,,0,,,,,,,,,,2,,0,Los Angeles,CA,1,89,,,,-8.0,"48,41","30,45",,,,,,,,
ncaab:400915617,ncaab,2017-01-09T03:00Z,final,30,25,USC,California,73,74,,,,0,,,,,,,,,,2,,0,Los Angeles,CA,1,89,,,,-8.0,"36,37","36,38",,,,,,,,
ncaab:400920483,ncaab,2017-01-09T21:00Z,final,2448,2379,NC A&T,MD Eastern,88,99,,,,0,,,,,,,,,,2,,0,Greensboro,NC,1,266,,,,-5.0,"39,49","54,45",,,,,,,,
ncaab:400919674,ncaab,2017-01-09T23:30Z,final,46,2599,Georgetown,St John's,83,55,,,,0,,,,,,,,,,2,,0,Washington,DC,1,7,,,,-5.0,"44,39","37,18",,,,,,,,
ncaab:400916026,ncaab,2017-01-10T00:00Z,final,2247,2653,Georgia St,Troy,77,80,,,,0,,,,,,,,,,2,,0,Atlanta,GA,1,320,,,,-5.0,"39,38","45,35",,,,,,,,
ncaab:400916027,ncaab,2017-01-10T00:00Z,final,324,2031,Coastal,Little Rock,66,63,,,,0,,,,,,,,,,2,,0,Conway,SC,1,10,,,,-5.0,"38,28","27,36",,,,,,,,
ncaab:400916028,ncaab,2017-01-10T00:00Z,final,2026,2032,App State,Arkansas St,70,57,,,,0,,,,,,,,,,2,,0,Boone,NC,1,981,,,,-5.0,"30,40","32,25",,,,,,,,
ncaab:400916029,ncaab,2017-01-10T00:00Z,final,290,6,GA Southern,South Alabama,84,79,,,,0,,,,,,,,,,2,,0,Statesboro,GA,1,77,,,,-5.0,"31,37,16","30,38,11",,,,,,,,
ncaab:400917576,ncaab,2017-01-10T00:00Z,final,2612,2514,Saint Peter's,Quinnipiac,58,54,,,,0,,,,,,,,,,2,,0,Jersey City,NJ,1,9,,,,-5.0,"30,28","24,30",,,,,,,,
ncaab:400917939,ncaab,2017-01-10T00:00Z,final,2870,354,Purdue FW,Olivet,115,60,,,,0,,,,,,,,,,2,,0,Fort Wayne,IN,1,247,,,,-5.0,"52,63","24,36",,,,,,,,
ncaab:400920438,ncaab,2017-01-10T00:00Z,final,2261,2542,Hampton,Savannah St,84,80,,,,0,,,,,,,,,,2,,0,Hampton,VA,1,1,,,,-5.0,"41,43","34,46",,,,,,,,
ncaab:400920366,ncaab,2017-01-10T00:30Z,final,2065,2154,Bethune,Coppin St,73,76,,,,0,,,,,,,,,,2,,0,Daytona Beach,FL,1,4,,,,-5.0,"30,43","35,41",,,,,,,,
ncaab:400920420,ncaab,2017-01-10T00:30Z,void,2428,2169,NC Central,Delaware St,,,,,,0,,,,,,,,,,2,,0,Durham,NC,1,123,,,,-5.0,,,,,,,,,,
ncaab:400920523,ncaab,2017-01-10T01:00Z,void,2450,2569,Norfolk St,SC State,,,,,,0,,,,,,,,,,2,,0,Norfolk,VA,1,2,,,,-5.0,,,,,,,,,,
ncaab:400922199,ncaab,2017-01-10T01:30Z,final,2755,2016,Grambling,Alcorn St,67,62,,,,0,,,,,,,,,,2,,0,Grambling,LA,1,93,,,,-6.0,"30,37","27,35",,,,,,,,
ncaab:400922217,ncaab,2017-01-10T01:30Z,final,2029,2010,AR-Pine Bluff,Alabama A&M,81,65,,,,0,,,,,,,,,,2,,0,Pine Bluff,AR,1,67,,,,-6.0,"37,44","34,31",,,,,,,,
ncaab:400922248,ncaab,2017-01-10T01:30Z,final,2400,2011,Miss Valley St,Alabama St,73,70,,,,0,,,,,,,,,,2,,0,Itta Bena,MS,1,40,,,,-6.0,"28,45","30,40",,,,,,,,
ncaab:400922387,ncaab,2017-01-10T01:30Z,final,2296,2582,Jackson St,Southern,65,61,,,,0,,,,,,,,,,2,,0,Jackson,MS,1,85,,,,-6.0,"34,31","29,32",,,,,,,,
ncaab:400933556,ncaab,2017-01-10T21:00Z,final,2428,2169,NC Central,Delaware St,68,69,,,,0,,,,,,,,,,2,,0,Durham,NC,1,123,,,,-5.0,"33,35","34,35",,,,,,,,
ncaab:400910619,ncaab,2017-01-11T00:00Z,final,142,2,Missouri,Auburn,72,77,,,,0,,,,,,,,,,2,,0,Columbia,MO,1,215,,,,-6.0,"35,37","34,43",,,,,,,,
ncaab:400910693,ncaab,2017-01-11T00:00Z,final,238,96,Vanderbilt,Kentucky,81,87,,,,0,,,,,,,,,,2,,0,Nashville,TN,1,170,,,,-6.0,"41,40","45,42",,,,,,,,
ncaab:400915368,ncaab,2017-01-11T00:00Z,final,259,183,Virginia Tech,Syracuse,83,73,,,,0,,,,,,,,,,2,,0,Blacksburg,VA,1,633,,,,-5.0,"37,46","31,42",,,,,,,,
ncaab:400916206,ncaab,2017-01-11T00:00Z,final,277,239,West Virginia,Baylor,89,68,,,,0,,,,,,,,,,2,,0,Morgantown,WV,1,271,,,,-5.0,"39,50","32,36",,,,,,,,
ncaab:400917115,ncaab,2017-01-11T00:00Z,final,2117,2006,C Michigan,Akron,85,89,,,,0,,,,,,,,,,2,,0,Mount Pleasant,MI,1,235,,,,-5.0,"41,44","49,40",,,,,,,,
ncaab:400917116,ncaab,2017-01-11T00:00Z,final,189,2199,Bowling Green,E Michigan,53,81,,,,0,,,,,,,,,,2,,0,Bowling Green,OH,1,212,,,,-5.0,"29,24","36,45",,,,,,,,
ncaab:400917117,ncaab,2017-01-11T00:00Z,final,2050,193,Ball State,Miami OH,85,74,,,,0,,,,,,,,,,2,,0,Muncie,IN,1,284,,,,-5.0,"43,42","26,48",,,,,,,,
ncaab:400917118,ncaab,2017-01-11T00:00Z,final,2309,2459,Kent State,N Illinois,70,74,,,,0,,,,,,,,,,2,,0,Kent,OH,1,325,,,,-5.0,"36,28,6","24,40,10",,,,,,,,
ncaab:400917119,ncaab,2017-01-11T00:00Z,final,2084,195,Buffalo,Ohio,72,74,,,,0,,,,,,,,,,2,,0,Buffalo,NY,1,183,,,,-5.0,"42,30","28,46",,,,,,,,
ncaab:400917120,ncaab,2017-01-11T00:00Z,final,2711,2649,W Michigan,Toledo,90,74,,,,0,,,,,,,,,,2,,0,Kalamazoo,MI,1,239,,,,-5.0,"42,48","37,37",,,,,,,,
ncaab:400917577,ncaab,2017-01-11T00:00Z,final,2363,315,Manhattan,Niagara,78,69,,,,0,,,,,,,,,,2,,0,Riverdale,NY,1,159,,,,-8.0,"32,46","36,33",,,,,,,,
ncaab:400917578,ncaab,2017-01-11T00:00Z,final,2217,2099,Fairfield,Canisius,72,86,,,,0,,,,,,,,,,2,,0,Bridgeport,CT,1,1,,,,-5.0,"31,41","46,40",,,,,,,,
ncaab:400918385,ncaab,2017-01-11T00:00Z,final,2603,2244,Saint Joseph's,George Mason,67,75,,,,0,,,,,,,,,,2,,0,Philadelphia,PA,1,12,,,,-5.0,"32,35","31,44",,,,,,,,
ncaab:400919324,ncaab,2017-01-11T00:00Z,final,108,110413,Harvard,McGill,70,45,,,,0,,,,,,,,,,2,,0,Cambridge,MA,1,5,,,,-5.0,"25,45","22,23",,,,,,,,
ncaab:400919675,ncaab,2017-01-11T00:00Z,final,222,2752,Villanova,Xavier,79,54,,,,0,,,,,,,,,,2,,0,Villanova,PA,1,121,,,,-5.0,"34,45","28,26",,,,,,,,
ncaab:400920493,ncaab,2017-01-11T00:00Z,final,50,2415,Florida A&M,Morgan St,59,62,,,,0,,,,,,,,,,2,,0,Tallahassee,FL,1,62,,,,-5.0,"22,37","33,29",,,,,,,,
ncaab:400917789,ncaab,2017-01-11T00:30Z,final,2546,2635,SE Missouri,Tennessee Tech,83,78,,,,0,,,,,,,,,,2,,0,Cape Girardeau,MO,1,108,,,,-6.0,"46,37","34,44",,,,,,,,
ncaab:400915369,ncaab,2017-01-11T01:00Z,final,52,150,Florida St,Duke,88,72,,,,0,,,,,,,,,,2,,0,Tallahassee,FL,1,62,,,,-5.0,"41,47","37,35",,,,,,,,
ncaab:400917790,ncaab,2017-01-11T01:00Z,final,55,2232,Jax State,Fort Valley St,81,69,,,,0,,,,,,,,,,2,,0,Jacksonville,AL,1,216,,,,-6.0,"35,46","27,42",,,,,,,,
ncaab:400918521,ncaab,2017-01-11T01:00Z,final,2739,94,Green Bay,N Kentucky,80,71,,,,0,,,,,,,,,,2,,0,Ashwaubenon,WI,1,185,,,,-6.0,"32,48","42,29",,,,,,,,
ncaab:400910553,ncaab,2017-01-11T02:00Z,final,333,57,Alabama,Florida,67,80,,,,0,,,,,,,,,,2,,0,Tuscaloosa,AL,1,68,,,,-6.0,"31,36","38,42",,,,,,,,
ncaab:400910590,ncaab,2017-01-11T02:00Z,final,8,344,Arkansas,Mississippi St,78,84,,,,0,,,,,,,,,,2,,0,Fayetteville,AR,1,427,,,,-6.0,"34,44","40,44",,,,,,,,
ncaab:400914977,ncaab,2017-01-11T02:00Z,final,120,84,Maryland,Indiana,75,72,,,,0,,,,,,,,,,2,,0,College Park,MD,1,21,,,,-5.0,"39,36","38,34",,,,,,,,
ncaab:400916207,ncaab,2017-01-11T02:00Z,final,201,2305,Oklahoma,Kansas,70,81,,,,0,,,,,,,,,,2,,0,Norman,OK,1,357,,,,-6.0,"36,34","27,54",,,,,,,,
ncaab:400919676,ncaab,2017-01-11T02:00Z,final,305,2507,DePaul,Providence,64,63,,,,0,,,,,,,,,,2,,0,Rosemont,IL,1,194,,,,-6.0,"26,38","35,28",,,,,,,,
ncaab:400919860,ncaab,2017-01-11T02:00Z,final,167,2439,New Mexico,UNLV,66,71,,,,0,,,,,,,,,,2,,0,Albuquerque,NM,1,1511,,,,-7.0,"37,29","31,40",,,,,,,,
ncaab:400916208,ncaab,2017-01-11T02:15Z,final,2641,2306,Texas Tech,Kansas St,66,65,,,,0,,,,,,,,,,2,,0,Lubbock,TX,1,976,,,,-6.0,"28,38","31,34",,,,,,,,
ncaab:400919926,ncaab,2017-01-11T04:00Z,final,21,23,San Diego St,San José St,76,61,,,,0,,,,,,,,,,2,,0,San Diego,CA,1,20,,,,-8.0,"42,34","23,38",,,,,,,,
ncaab:400916576,ncaab,2017-01-11T23:00Z,final,151,248,East Carolina,Houston,58,74,,,,0,,,,,,,,,,2,,0,Greenville,NC,1,18,,,,-5.0,"25,33","47,27",,,,,,,,
ncaab:400918366,ncaab,2017-01-11T23:00Z,final,2670,45,VCU,G Washington,85,55,,,,0,,,,,,,,,,2,,0,Richmond,VA,1,64,,,,-5.0,"41,44","27,28",,,,,,,,
ncaab:400933449,ncaab,2017-01-11T23:00Z,final,2428,2379,NC Central,MD Eastern,69,52,,,,0,,,,,,,,,,2,,0,Durham,NC,1,123,,,,-5.0,"34,35","25,27",,,,,,,,
ncaab:400910789,ncaab,2017-01-11T23:30Z,final,2633,2579,Tennessee,South Carolina,60,70,,,,0,,,,,,,,,,2,,0,Knoxville,TN,1,276,,,,-5.0,"21,39","27,43",,,,,,,,
ncaab:400916771,ncaab,2017-01-11T23:30Z,final,2737,2506,Winthrop,Presbyterian,75,52,,,,0,,,,,,,,,,2,,0,Rock Hill,SC,1,207,,,,-5.0,"30,45","21,31",,,,,,,,
ncaab:400910669,ncaab,2017-01-12T00:00Z,final,145,61,Ole Miss,Georgia,47,69,,,,0,,,,,,,,,,2,,0,Oxford,MS,1,154,,,,-6.0,"18,29","30,39",,,,,,,,
ncaab:400915076,ncaab,2017-01-12T00:00Z,final,127,135,Michigan St,Minnesota,65,47,,,,0,,,,,,,,,,2,,0,East Lansing,MI,1,261,,,,-5.0,"39,26","17,30",,,,,,,,
ncaab:400915370,ncaab,2017-01-12T00:00Z,final,97,221,Louisville,Pitt,85,80,,,,0,,,,,,,,,,2,,0,Louisville,KY,1,142,,,,-5.0,"47,38","26,54",,,,,,,,
ncaab:400916577,ncaab,2017-01-12T00:00Z,final,58,2655,South Florida,Tulane,67,82,,,,0,,,,,,,,,,2,,0,Tampa,FL,1,1,,,,-5.0,"38,29","40,42",,,,,,,,
ncaab:400916767,ncaab,2017-01-12T00:00Z,final,2241,2097,Gardner-Webb,Campbell,60,76,,,,0,,,,,,,,,,2,,0,Boiling Springs,NC,1,269,,,,-5.0,"32,28","50,26",,,,,,,,
ncaab:400916769,ncaab,2017-01-12T00:00Z,final,2272,2335,High Point,Liberty,58,62,,,,0,,,,,,,,,,2,,0,High Point,NC,1,281,,,,-5.0,"23,35","22,40",,,,,,,,
ncaab:400916770,ncaab,2017-01-12T00:00Z,final,2427,2344,UNC Asheville,Longwood,89,68,,,,0,,,,,,,,,,2,,0,Asheville,NC,1,649,,,,-5.0,"41,48","30,38",,,,,,,,
ncaab:400916923,ncaab,2017-01-12T00:00Z,final,236,2643,Chattanooga,The Citadel,83,73,,,,0,,,,,,,,,,2,,0,Chattanooga,TN,1,206,,,,-5.0,"46,37","38,35",,,,,,,,
ncaab:400917941,ncaab,2017-01-12T00:00Z,final,85,2437,IU Indy,Omaha,71,79,,,,0,,,,,,,,,,2,,0,Indianapolis,IN,1,218,,,,-5.0,"32,39","40,39",,,,,,,,
ncaab:400918118,ncaab,2017-01-12T00:00Z,final,2724,2350,Wichita St,Loyola Chicago,87,75,,,,0,,,,,,,,,,2,,0,Wichita,KS,1,396,,,,-6.0,"49,38","35,40",,,,,,,,
ncaab:400918268,ncaab,2017-01-12T00:00Z,final,2166,2230,Davidson,Fordham,54,60,,,,0,,,,,,,,,,2,,0,Davidson,NC,1,256,,,,-5.0,"25,29","28,32",,,,,,,,
ncaab:400918305,ncaab,2017-01-12T00:00Z,final,113,2168,UMass,Dayton,67,55,,,,0,,,,,,,,,,2,,0,Amherst,MA,1,82,,,,-5.0,"34,33","27,28",,,,,,,,
ncaab:400918329,ncaab,2017-01-12T00:00Z,final,2184,139,Duquesne,Saint Louis,73,66,,,,0,,,,,,,,,,2,,0,Pittsburgh,PA,1,233,,,,-5.0,"34,39","36,30",,,,,,,,
ncaab:400918449,ncaab,2017-01-12T00:00Z,final,257,179,Richmond,St Bonaventure,78,61,,,,0,,,,,,,,,,2,,0,Richmond,VA,1,64,,,,-5.0,"27,51","30,31",,,,,,,,
ncaab:400918615,ncaab,2017-01-12T00:00Z,final,399,160,UAlbany,New Hampshire,67,75,,,,0,,,,,,,,,,2,,0,Albany,NY,1,45,,,,-5.0,"29,38","31,44",,,,,,,,
ncaab:400918646,ncaab,2017-01-12T00:00Z,final,2066,261,Binghamton,Vermont,50,67,,,,0,,,,,,,,,,2,,0,Binghamton,NY,1,264,,,,-5.0,"27,23","38,29",,,,,,,,
ncaab:400918667,ncaab,2017-01-12T00:00Z,final,42,2378,Hartford,UMBC,68,84,,,,0,,,,,,,,,,2,,0,West Hartford,CT,1,40,,,,-5.0,"27,41","37,47",,,,,,,,
ncaab:400918692,ncaab,2017-01-12T00:00Z,final,311,2349,Maine,UMass Lowell,73,71,,,,0,,,,,,,,,,2,,0,Bangor,ME,1,36,,,,-5.0,"32,41","34,37",,,,,,,,
ncaab:400919061,ncaab,2017-01-12T00:00Z,final,349,2142,Army,Colgate,76,79,,,,0,,,,,,,,,,2,,0,West Point,NY,1,47,,,,-5.0,"22,43,11","31,34,14",,,,,,,,
ncaab:400919062,ncaab,2017-01-12T00:00Z,final,104,44,Boston U,American,76,66,,,,0,,,,,,,,,,2,,0,Boston,MA,1,14,,,,-5.0,"31,45","24,42",,,,,,,,
ncaab:400919065,ncaab,2017-01-12T00:00Z,final,2083,2329,Bucknell,Lehigh,71,82,,,,0,,,,,,,,,,2,,0,Lewisburg,PA,1,144,,,,-5.0,"34,37","40,42",,,,,,,,
ncaab:400919677,ncaab,2017-01-12T00:00Z,final,269,2550,Marquette,Seton Hall,89,86,,,,0,,,,,,,,,,2,,0,Milwaukee,WI,1,188,,,,-6.0,"35,42,12","30,47,9",,,,,,,,
ncaab:400919063,ncaab,2017-01-12T00:05Z,final,107,322,Holy Cross,Lafayette,71,54,,,,0,,,,,,,,,,2,,0,Worcester,MA,1,147,,,,-5.0,"33,38","13,41",,,,,,,,
ncaab:400916768,ncaab,2017-01-12T00:30Z,final,2127,2515,Charleston So,Radford,70,64,,,,0,,,,,,,,,,2,,0,Charleston,SC,1,6,,,,-5.0,"35,35","30,34",,,,,,,,
ncaab:400919064,ncaab,2017-01-12T00:30Z,final,2352,2426,Loyola MD,Navy,62,75,,,,0,,,,,,,,,,2,,0,Baltimore,MD,1,10,,,,-5.0,"28,34","36,39",,,,,,,,
ncaab:400911032,ncaab,2017-01-12T01:00Z,final,251,2628,Texas,TCU,61,64,,,,0,,,,,,,,,,2,,0,Austin,TX,1,149,,,,-6.0,"36,25","38,26",,,,,,,,
ncaab:400915371,ncaab,2017-01-12T01:00Z,final,154,153,Wake Forest,North Carolina,87,93,,,,0,,,,,,,,,,2,,0,Winston-Salem,NC,1,293,,,,-5.0,"34,53","49,44",,,,,,,,
ncaab:400916578,ncaab,2017-01-12T01:00Z,final,202,235,Tulsa,Memphis,81,71,,,,0,,,,,,,,,,2,,0,Tulsa,OK,1,220,,,,-6.0,"43,38","36,35",,,,,,,,
ncaab:400916924,ncaab,2017-01-12T01:00Z,final,2535,2382,Samford,Mercer,65,68,,,,0,,,,,,,,,,2,,0,Homewood,AL,1,203,,,,-6.0,"31,34","30,38",,,,,,,,
ncaab:400917942,ncaab,2017-01-12T01:00Z,final,233,2449,South Dakota,N Dakota St,69,70,,,,0,,,,,,,,,,2,,0,Vermillion,SD,1,374,,,,-6.0,"28,41","41,29",,,,,,,,
ncaab:400918143,ncaab,2017-01-12T01:00Z,final,79,2287,S Illinois,Illinois St,53,60,,,,0,,,,,,,,,,2,,0,Carbondale,IL,1,126,,,,-6.0,"33,20","29,31",,,,,,,,
ncaab:400918180,ncaab,2017-01-12T01:00Z,final,2623,339,Missouri St,Evansville,55,51,,,,0,,,,,,,,,,2,,0,Springfield,MO,1,396,,,,-6.0,"22,33","16,35",,,,,,,,
ncaab:400918215,ncaab,2017-01-12T01:00Z,final,2181,282,Drake,Indiana St,87,70,,,,0,,,,,,,,,,2,,0,Des Moines,IA,1,266,,,,-6.0,"42,45","33,37",,,,,,,,
ncaab:400922091,ncaab,2017-01-12T01:00Z,final,2320,2916,Lamar,Incarnate Word,87,72,,,,0,,,,,,,,,,2,,0,Beaumont,TX,1,5,,,,-6.0,"47,40","35,37",,,,,,,,
ncaab:400922188,ncaab,2017-01-12T01:00Z,final,2617,357,SF Austin,Texas A&M-CC,79,46,,,,0,,,,,,,,,,2,,0,Nacogdoches,TX,1,92,,,,-6.0,"31,48","26,20",,,,,,,,
ncaab:400933431,ncaab,2017-01-12T01:00Z,final,2450,2542,Norfolk St,Savannah St,80,76,,,,0,,,,,,,,,,2,,0,Norfolk,VA,1,2,,,,-5.0,"45,35","42,34",,,,,,,,
ncaab:400910715,ncaab,2017-01-12T01:30Z,final,245,99,Texas A&M,LSU,92,62,,,,0,,,,,,,,,,2,,0,College Station,TX,1,103,,,,-6.0,"43,49","27,35",,,,,,,,
ncaab:400933453,ncaab,2017-01-12T01:30Z,final,2296,2016,Jackson St,Alcorn St,50,63,,,,0,,,,,,,,,,2,,0,Jackson,MS,1,85,,,,-6.0,"22,28","32,31",,,,,,,,
ncaab:400914960,ncaab,2017-01-12T02:00Z,final,356,130,Illinois,Michigan,85,69,,,,0,,,,,,,,,,2,,0,Champaign,IL,1,225,,,,-6.0,"49,36","36,33",,,,,,,,
ncaab:400915372,ncaab,2017-01-12T02:00Z,final,103,152,Boston College,NC State,74,66,,,,0,,,,,,,,,,2,,0,Chestnut Hill,MA,1,60,,,,-5.0,"34,40","32,34",,,,,,,,
ncaab:400916209,ncaab,2017-01-12T02:00Z,final,197,66,Oklahoma St,Iowa State,86,96,,,,0,,,,,,,,,,2,,0,Stillwater,OK,1,273,,,,-6.0,"46,40","47,49",,,,,,,,
ncaab:400916579,ncaab,2017-01-12T02:00Z,final,41,218,UConn,Temple,73,59,,,,0,,,,,,,,,,2,,0,Storrs,CT,1,187,,,,-5.0,"39,34","28,31",,,,,,,,
ncaab:400917940,ncaab,2017-01-12T02:00Z,final,2172,2710,Denver,W Illinois,84,70,,,,0,,,,,,,,,,2,,0,Denver,CO,1,1609,,,,-7.0,"43,41","37,33",,,,,,,,
ncaab:400918162,ncaab,2017-01-12T02:00Z,final,71,2460,Bradley,Northern Iowa,72,61,,,,0,,,,,,,,,,2,,0,Peoria,IL,1,153,,,,-6.0,"42,30","27,34",,,,,,,,
ncaab:400919678,ncaab,2017-01-12T02:00Z,final,156,2086,Creighton,Butler,75,64,,,,0,,,,,,,,,,2,,0,Omaha,NE,1,323,,,,-6.0,"47,28","27,37",,,,,,,,
ncaab:400919806,ncaab,2017-01-12T02:00Z,final,2005,278,Air Force,Fresno St,81,72,,,,0,,,,,,,,,,2,,0,Colorado Springs,CO,1,1832,,,,-7.0,"37,44","33,39",,,,,,,,
ncaab:400919940,ncaab,2017-01-12T02:00Z,final,2751,328,Wyoming,Utah State,95,87,,,,0,,,,,,,,,,2,,0,Laramie,WY,1,2184,,,,-7.0,"57,38","39,48",,,,,,,,
ncaab:400918911,ncaab,2017-01-12T03:30Z,final,299,2463,Long Beach St,CSU Northridge,82,89,,,,0,,,,,,,,,,2,,0,Long Beach,CA,1,9,,,,-8.0,"35,47","32,57",,,,,,,,
ncaab:400919188,ncaab,2017-01-12T23:00Z,final,2523,2598,Robert Morris,Saint Francis,57,77,,,,0,,,,,,,,,,2,,0,Moon Township,PA,1,358,,,,-5.0,"30,27","36,41",,,,,,,,
ncaab:400914934,ncaab,2017-01-13T00:00Z,final,275,194,Wisconsin,Ohio State,89,66,,,,0,,,,,,,,,,2,,0,Madison,WI,1,267,,,,-6.0,"45,44","27,39",,,,,,,,
ncaab:400915373,ncaab,2017-01-13T00:00Z,final,59,228,Georgia Tech,Clemson,75,63,,,,0,,,,,,,,,,2,,0,Atlanta,GA,1,320,,,,-5.0,"32,43","30,33",,,,,,,,
ncaab:400915374,ncaab,2017-01-13T00:00Z,final,2390,87,Miami,Notre Dame,62,67,,,,0,,,,,,,,,,2,,0,Coral Gables,FL,1,3,,,,-5.0,"28,34","28,39",,,,,,,,
ncaab:400916925,ncaab,2017-01-13T00:00Z,final,2678,2717,VMI,W Carolina,79,78,,,,0,,,,,,,,,,2,,0,Lexington,VA,1,324,,,,-5.0,"40,39","38,40",,,,,,,,
ncaab:400916926,ncaab,2017-01-13T00:00Z,final,2193,2430,ETSU,UNC Greensboro,79,83,,,,0,,,,,,,,,,2,,0,Johnson City,TN,1,498,,,,-5.0,"37,42","43,40",,,,,,,,
ncaab:400917791,ncaab,2017-01-13T00:00Z,final,2413,2057,Morehead St,Belmont,78,84,,,,0,,,,,,,,,,2,,0,Morehead,KY,1,153,,,,-6.0,"42,36","43,41",,,,,,,,
ncaab:400917793,ncaab,2017-01-13T00:00Z,final,2198,2634,E Kentucky,Tennessee St,49,63,,,,0,,,,,,,,,,2,,0,Richmond,KY,1,289,,,,-5.0,"26,23","32,31",,,,,,,,
ncaab:400918403,ncaab,2017-01-13T00:00Z,final,227,2325,Rhode Island,La Salle,75,87,,,,0,,,,,,,,,,2,,0,Kingston,RI,1,75,,,,-5.0,"22,53","43,44",,,,,,,,
ncaab:400918772,ncaab,2017-01-13T00:00Z,final,338,526,Kennesaw St,FGCU,75,78,,,,0,,,,,,,,,,2,,0,Kennesaw,GA,1,332,,,,-5.0,"38,37","37,41",,,,,,,,
ncaab:400918795,ncaab,2017-01-13T00:00Z,final,2885,294,NJIT,Jacksonville,81,82,,,,0,,,,,,,,,,2,,0,Newark,NJ,1,9,,,,-5.0,"31,50","35,47",,,,,,,,
ncaab:400918837,ncaab,2017-01-13T00:00Z,final,2908,2454,SC Upstate,North Florida,65,73,,,,0,,,,,,,,,,2,,0,Spartanburg,SC,1,246,,,,-5.0,"36,29","29,44",,,,,,,,
ncaab:400919187,ncaab,2017-01-13T00:00Z,final,2803,2681,Bryant,Wagner,77,66,,,,0,,,,,,,,,,2,,0,Smithfield,RI,1,84,,,,-5.0,"29,48","31,35",,,,,,,,
ncaab:400919189,ncaab,2017-01-13T00:00Z,final,116,161,Mount St Marys,FDU,77,70,,,,0,,,,,,,,,,2,,0,Emmitsburg,MD,1,133,,,,-5.0,"43,34","28,42",,,,,,,,
ncaab:400919190,ncaab,2017-01-13T00:00Z,final,2597,2529,St Francis BK,Sacred Heart,75,87,,,,0,,,,,,,,,,2,,0,Brooklyn,NY,1,15,,,,-5.0,"27,48","41,46",,,,,,,,
ncaab:400919191,ncaab,2017-01-13T00:00Z,final,112358,2115,Long Island,C Connecticut,60,49,,,,0,,,,,,,,,,2,,0,Brooklyn,NY,1,15,,,,-5.0,"26,34","20,29",,,,,,,,
ncaab:400919351,ncaab,2017-01-13T00:00Z,final,2429,2348,Charlotte,Louisiana Tech,73,79,,,,0,,,,,,,,,,2,,0,Charlotte,NC,1,229,,,,-5.0,"31,42","45,34",,,,,,,,
ncaab:400919476,ncaab,2017-01-13T00:00Z,final,295,2572,Old Dominion,Southern Miss,54,50,,,,0,,,,,,,,,,2,,0,Norfolk,VA,1,2,,,,-5.0,"25,29","24,26",,,,,,,,
ncaab:400919567,ncaab,2017-01-13T00:00Z,final,256,232,James Madison,Charleston,51,53,,,,0,,,,,,,,,,2,,0,Harrisonburg,VA,1,404,,,,-5.0,"31,20","24,29",,,,,,,,
ncaab:400919588,ncaab,2017-01-13T00:00Z,final,119,48,Towson,Delaware,83,56,,,,0,,,,,,,,,,2,,0,Towson,MD,1,141,,,,-5.0,"36,47","28,28",,,,,,,,
ncaab:400919606,ncaab,2017-01-13T00:00Z,final,111,2182,Northeastern,Drexel,92,75,,,,0,,,,,,,,,,2,,0,Boston,MA,1,14,,,,-5.0,"38,54","32,43",,,,,,,,
ncaab:400919623,ncaab,2017-01-13T00:00Z,final,2210,2275,Elon,Hofstra,96,80,,,,0,,,,,,,,,,2,,0,Elon,NC,1,215,,,,-5.0,"50,46","34,46",,,,,,,,
ncaab:400919785,ncaab,2017-01-13T00:00Z,final,350,2729,UNC Wilmington,William & Mary,101,77,,,,0,,,,,,,,,,2,,0,Wilmington,NC,1,9,,,,-5.0,"47,54","36,41",,,,,,,,
ncaab:400918809,ncaab,2017-01-13T00:30Z,final,288,56,Lipscomb,Stetson,94,68,,,,0,,,,,,,,,,2,,0,Nashville,TN,1,170,,,,-6.0,"49,45","27,41",,,,,,,,
ncaab:400918484,ncaab,2017-01-13T00:45Z,final,325,82,Cleveland St,UIC,54,59,,,,0,,,,,,,,,,2,,0,Cleveland,OH,1,199,,,,-5.0,"23,31","20,39",,,,,,,,
ncaab:400918589,ncaab,2017-01-13T00:45Z,final,2754,2674,Youngstown St,Valparaiso,62,78,,,,0,,,,,,,,,,2,,0,Youngstown,OH,1,259,,,,-5.0,"30,32","41,37",,,,,,,,
ncaab:400917579,ncaab,2017-01-13T01:00Z,final,2561,2514,Siena,Quinnipiac,81,74,,,,0,,,,,,,,,,2,,0,Albany,NY,1,45,,,,-5.0,"44,37","30,44",,,,,,,,
ncaab:400917792,ncaab,2017-01-13T01:00Z,final,2197,93,E Illinois,Murray St,72,83,,,,0,,,,,,,,,,2,,0,Charleston,IL,1,204,,,,-6.0,"39,33","41,42",,,,,,,,
ncaab:400917943,ncaab,2017-01-13T01:00Z,final,198,2571,Oral Roberts,S Dakota St,94,88,,,,0,,,,,,,,,,2,,0,Tulsa,OK,1,220,,,,-6.0,"50,44","49,39",,,,,,,,
ncaab:400918055,ncaab,2017-01-13T01:00Z,final,292,2934,UT Rio Grande,Bakersfield,81,88,,,,0,,,,,,,,,,2,,0,Edinburg,TX,1,30,,,,-6.0,"31,50","42,46",,,,,,,,
ncaab:400918522,ncaab,2017-01-13T01:00Z,final,2739,2750,Green Bay,Wright St,78,61,,,,0,,,,,,,,,,2,,0,Ashwaubenon,WI,1,185,,,,-6.0,"35,43","30,31",,,,,,,,
ncaab:400918538,ncaab,2017-01-13T01:00Z,final,270,94,Milwaukee,N Kentucky,68,58,,,,0,,,,,,,,,,2,,0,Milwaukee,WI,1,188,,,,-6.0,"30,38","30,28",,,,,,,,
ncaab:400919371,ncaab,2017-01-13T01:00Z,final,2636,2226,UTSA,FAU,68,63,,,,0,,,,,,,,,,2,,0,San Antonio,TX,1,198,,,,-6.0,"28,40","33,30",,,,,,,,
ncaab:400919430,ncaab,2017-01-13T01:00Z,final,2393,276,MTSU,Marshall,69,57,,,,0,,,,,,,,,,2,,0,Murfreesboro,TN,1,186,,,,-6.0,"37,32","29,28",,,,,,,,
ncaab:400919513,ncaab,2017-01-13T01:00Z,final,5,98,UAB,Western KY,72,54,,,,0,,,,,,,,,,2,,0,Birmingham,AL,1,187,,,,-6.0,"30,42","20,34",,,,,,,,
ncaab:400916380,ncaab,2017-01-13T01:30Z,final,253,16,Southern Utah,Sacramento St,83,88,,,,0,,,,,,,,,,2,,0,Cedar City,UT,1,1782,,,,-7.0,"38,45","44,44",,,,,,,,
ncaab:400916381,ncaab,2017-01-13T01:30Z,void,2464,2502,N Arizona,Portland St,,,,,,0,,,,,,,,,,2,,0,Flagstaff,AZ,1,2104,,,,-7.0,,,,,,,,,,
ncaab:400921973,ncaab,2017-01-13T01:30Z,final,2000,2545,Abilene Chrstn,SE Louisiana,50,56,,,,0,,,,,,,,,,2,,0,Abilene,TX,1,524,,,,-6.0,"26,24","25,31",,,,,,,,
ncaab:400922141,ncaab,2017-01-13T01:30Z,final,2466,2447,N'Western St,Nicholls,86,81,,,,0,,,,,,,,,,2,,0,Natchitoches,LA,1,36,,,,-6.0,"36,50","43,38",,,,,,,,
ncaab:400922152,ncaab,2017-01-13T01:45Z,final,2443,2534,LSU N Orleans,Sam Houston,68,70,,,,0,,,,,,,,,,2,,0,New Orleans,LA,1,0,,,,-6.0,"23,45","35,35",,,,,,,,
ncaab:400915008,ncaab,2017-01-13T02:00Z,final,2294,2509,Iowa,Purdue,83,78,,,,0,,,,,,,,,,2,,0,Iowa City,IA,1,204,,,,-6.0,"38,45","47,31",,,,,,,,
ncaab:400915140,ncaab,2017-01-13T02:00Z,final,164,77,Rutgers,Northwestern,60,69,,,,0,,,,,,,,,,2,,0,Piscataway,NJ,1,30,,,,-5.0,"28,32","25,44",,,,,,,,
ncaab:400915618,ncaab,2017-01-13T02:00Z,final,25,264,California,Washington,69,59,,,,0,,,,,,,,,,2,,0,Berkeley,CA,1,52,,,,-8.0,"34,35","28,31",,,,,,,,
ncaab:400915619,ncaab,2017-01-13T02:00Z,final,254,30,Utah,USC,86,64,,,,0,,,,,,,,,,2,,0,Salt Lake City,UT,1,1299,,,,-7.0,"44,42","31,33",,,,,,,,
ncaab:400915620,ncaab,2017-01-13T02:00Z,final,12,9,Arizona,Arizona St,91,75,,,,0,,,,,,,,,,2,,0,Tucson,AZ,1,759,,,,-7.0,"45,46","25,50",,,,,,,,
ncaab:400915824,ncaab,2017-01-13T02:00Z,final,252,2539,BYU,San Francisco,85,75,,,,0,,,,,,,,,,2,,0,Provo,UT,1,1387,,,,-7.0,"38,47","32,43",,,,,,,,
ncaab:400915826,ncaab,2017-01-13T02:00Z,final,2250,2351,Gonzaga,LMU,93,55,,,,0,,,,,,,,,,2,,0,Spokane,WA,1,571,,,,-8.0,"46,47","35,20",,,,,,,,
ncaab:400916379,ncaab,2017-01-13T02:00Z,final,147,155,Montana St,North Dakota,85,90,,,,0,,,,,,,,,,2,,0,Bozeman,MT,1,1468,,,,-7.0,"42,43","38,52",,,,,,,,
ncaab:400916382,ncaab,2017-01-13T02:00Z,final,149,2458,Montana,N Colorado,89,68,,,,0,,,,,,,,,,2,,0,Missoula,MT,1,978,,,,-7.0,"50,39","30,38",,,,,,,,
ncaab:400916383,ncaab,2017-01-13T02:00Z,final,2692,70,Weber St,Idaho,91,66,,,,0,,,,,,,,,,2,,0,Ogden,UT,1,1311,,,,-7.0,"45,46","30,36",,,,,,,,
ncaab:400916580,ncaab,2017-01-13T02:00Z,final,2132,2567,Cincinnati,SMU,66,64,,,,0,,,,,,,,,,2,,0,Cincinnati,OH,1,191,,,,-5.0,"34,32","27,37",,,,,,,,
ncaab:400917794,ncaab,2017-01-13T02:00Z,final,2565,2046,SIUE,Austin Peay,81,83,,,,0,,,,,,,,,,2,,0,Edwardsville,IL,1,165,,,,-6.0,"25,45,11","35,35,13",,,,,,,,
ncaab:400918054,ncaab,2017-01-13T02:00Z,final,3084,2130,Utah Valley,Chicago St,61,70,,,,0,,,,,,,,,,2,,0,Orem,UT,1,1455,,,,-7.0,"33,28","28,42",,,,,,,,
ncaab:400918057,ncaab,2017-01-13T02:00Z,final,166,2253,New Mexico St,Grand Canyon,81,69,,,,0,,,,,,,,,,2,,0,Las Cruces,NM,1,1191,,,,-7.0,"38,43","25,44",,,,,,,,
ncaab:400919390,ncaab,2017-01-13T02:00Z,final,2638,2229,UTEP,FIU,88,87,,,,0,,,,,,,,,,2,,0,El Paso,TX,1,1133,,,,-7.0,"30,36,11,11","33,33,11,10",,,,,,,,
ncaab:400916384,ncaab,2017-01-13T02:05Z,final,304,331,Idaho St,E Washington,85,92,,,,0,,,,,,,,,,2,,0,Pocatello,ID,1,1360,,,,-7.0,"42,43","44,48",,,,,,,,
ncaab:400922029,ncaab,2017-01-13T02:05Z,final,2277,2110,Hou Christian,C Arkansas,78,89,,,,0,,,,,,,,,,2,,0,Houston,TX,1,12,,,,-6.0,"27,51","46,43",,,,,,,,
ncaab:400915825,ncaab,2017-01-13T03:00Z,final,301,2541,San Diego,Santa Clara,57,59,,,,0,,,,,,,,,,2,,0,San Diego,CA,1,20,,,,-8.0,"29,28","35,24",,,,,,,,
ncaab:400915827,ncaab,2017-01-13T03:00Z,final,279,2492,Pacific,Pepperdine,79,74,,,,0,,,,,,,,,,2,,0,Stockton,CA,1,4,,,,-8.0,"43,36","41,33",,,,,,,,
ncaab:400918056,ncaab,2017-01-13T03:00Z,final,2547,140,Seattle U,Kansas City,68,84,,,,0,,,,,,,,,,2,,0,Seattle,WA,1,56,,,,-8.0,"29,39","36,48",,,,,,,,
ncaab:400918874,ncaab,2017-01-13T03:00Z,final,13,2239,Cal Poly,Fullerton,74,87,,,,0,,,,,,,,,,2,,0,San Luis Obispo,CA,1,71,,,,-8.0,"33,41","37,50",,,,,,,,
ncaab:400918956,ncaab,2017-01-13T03:00Z,final,2540,300,Santa Barbara,UC Irvine,62,66,,,,0,,,,,,,,,,2,,0,Santa Barbara,CA,1,15,,,,-8.0,"25,37","32,34",,,,,,,,
ncaab:400915621,ncaab,2017-01-13T04:00Z,final,24,265,Stanford,Washington St,84,54,,,,0,,,,,,,,,,2,,0,Stanford,CA,1,23,,,,-8.0,"48,36","23,31",,,,,,,,
ncaab:400915622,ncaab,2017-01-13T04:00Z,final,38,26,Colorado,UCLA,89,104,,,,0,,,,,,,,,,2,,0,Boulder,CO,1,1624,,,,-7.0,"45,44","51,53",,,,,,,,
ncaab:400915828,ncaab,2017-01-13T04:00Z,final,2501,2608,Portland,Saint Mary's,33,74,,,,0,,,,,,,,,,2,,0,Portland,OR,1,12,,,,-8.0,"9,24","37,37",,,,,,,,
ncaab:400918966,ncaab,2017-01-13T04:00Z,final,27,302,UC Riverside,UC Davis,61,55,,,,0,,,,,,,,,,2,,0,Riverside,CA,1,252,,,,-8.0,"21,40","15,40",,,,,,,,
ncaab:400917125,ncaab,2017-01-14T00:00Z,final,2117,2649,C Michigan,Toledo,96,88,,,,0,,,,,,,,,,2,,0,Mount Pleasant,MI,1,235,,,,-5.0,"45,51","35,53",,,,,,,,
ncaab:400918505,ncaab,2017-01-14T00:00Z,final,2473,2174,Oakland,Detroit Mercy,88,93,,,,0,,,,,,,,,,2,,0,Rochester,MI,1,229,,,,-5.0,"51,37","42,51",,,,,,,,
ncaab:400918755,ncaab,2017-01-14T00:00Z,final,261,2378,Vermont,UMBC,81,72,,,,0,,,,,,,,,,2,,0,Burlington,VT,1,61,,,,-5.0,"44,37","36,36",,,,,,,,
ncaab:400919264,ncaab,2017-01-14T01:00Z,final,163,225,Princeton,Brown,97,66,,,,0,,,,,,,,,,2,,0,Princeton,NJ,1,62,,,,-5.0,"46,51","29,37",,,,,,,,
ncaab:400919334,ncaab,2017-01-14T01:00Z,final,219,43,Penn,Yale,60,68,,,,0,,,,,,,,,,2,,0,Philadelphia,PA,1,12,,,,-5.0,"32,28","34,34",,,,,,,,
ncaab:400917580,ncaab,2017-01-14T02:00Z,final,2363,2520,Manhattan,Rider,76,73,,,,0,,,,,,,,,,2,,0,Riverdale,NY,1,159,,,,-8.0,"32,44","34,39",,,,,,,,
ncaab:400910644,ncaab,2017-01-14T17:00Z,final,57,61,Florida,Georgia,80,76,,,,0,,,,,,,,,,2,,0,Gainesville,FL,1,54,,,,-5.0,"32,35,13","33,34,9",,,,,,,,
ncaab:400915097,ncaab,2017-01-14T17:00Z,final,213,135,Penn State,Minnesota,52,50,,,,0,,,,,,,,,,2,,0,University Park,PA,1,348,,,,-5.0,"22,30","32,18",,,,,,,,
ncaab:400915375,ncaab,2017-01-14T17:00Z,final,228,258,Clemson,Virginia,73,77,,,,0,,,,,,,,,,2,,0,Clemson,SC,1,221,,,,-5.0,"36,37","36,41",,,,,,,,
ncaab:400915376,ncaab,2017-01-14T17:00Z,final,97,150,Louisville,Duke,78,69,,,,0,,,,,,,,,,2,,0,Louisville,KY,1,142,,,,-5.0,"34,44","30,39",,,,,,,,
ncaab:400915377,ncaab,2017-01-14T17:00Z,final,221,2390,Pitt,Miami,46,72,,,,0,,,,,,,,,,2,,0,Pittsburgh,PA,1,233,,,,-5.0,"27,19","36,36",,,,,,,,
ncaab:400916584,ncaab,2017-01-14T17:00Z,final,46,41,Georgetown,UConn,72,69,,,,0,,,,,,,,,,2,,0,Washington,DC,1,7,,,,-5.0,"27,45","33,36",,,,,,,,
ncaab:400916772,ncaab,2017-01-14T17:00Z,final,2097,2737,Campbell,Winthrop,63,72,,,,0,,,,,,,,,,2,,0,Buies Creek,NC,1,63,,,,-5.0,"36,27","42,30",,,,,,,,
ncaab:400917124,ncaab,2017-01-14T17:00Z,final,189,2459,Bowling Green,N Illinois,52,69,,,,0,,,,,,,,,,2,,0,Bowling Green,OH,1,212,,,,-5.0,"25,27","31,38",,,,,,,,
ncaab:400917795,ncaab,2017-01-14T17:00Z,final,2197,2046,E Illinois,Austin Peay,84,92,,,,0,,,,,,,,,,2,,0,Charleston,IL,1,204,,,,-6.0,"43,41","44,48",,,,,,,,
ncaab:400918306,ncaab,2017-01-14T17:00Z,final,2184,2168,Duquesne,Dayton,57,76,,,,0,,,,,,,,,,2,,0,Pittsburgh,PA,1,233,,,,-5.0,"26,31","39,37",,,,,,,,
ncaab:400919679,ncaab,2017-01-14T17:00Z,final,2507,2550,Providence,Seton Hall,65,61,,,,0,,,,,,,,,,2,,0,Providence,RI,1,2,,,,-5.0,"34,31","28,33",,,,,,,,
ncaab:400919680,ncaab,2017-01-14T17:00Z,final,2599,222,St John's,Villanova,57,70,,,,0,,,,,,,,,,2,,0,New York,NY,1,10,,,,-5.0,"29,28","35,35",,,,,,,,
ncaab:400918450,ncaab,2017-01-14T17:30Z,final,2603,257,Saint Joseph's,Richmond,66,70,,,,0,,,,,,,,,,2,,0,Philadelphia,PA,1,12,,,,-5.0,"28,38","41,29",,,,,,,,
ncaab:400910732,ncaab,2017-01-14T18:00Z,final,344,245,Mississippi St,Texas A&M,67,59,,,,0,,,,,,,,,,2,,0,Starkville,MS,1,101,,,,-6.0,"25,42","24,35",,,,,,,,
ncaab:400916929,ncaab,2017-01-14T18:00Z,final,2678,2430,VMI,UNC Greensboro,82,91,,,,0,,,,,,,,,,2,,0,Lexington,VA,1,324,,,,-5.0,"34,48","48,43",,,,,,,,
ncaab:400916931,ncaab,2017-01-14T18:00Z,final,2643,2535,The Citadel,Samford,90,98,,,,0,,,,,,,,,,2,,0,Charleston,SC,1,6,,,,-5.0,"34,56","49,49",,,,,,,,
ncaab:400918216,ncaab,2017-01-14T18:00Z,final,282,71,Indiana St,Bradley,81,71,,,,0,,,,,,,,,,2,,0,Terre Haute,IN,1,152,,,,-5.0,"44,37","22,49",,,,,,,,
ncaab:400918647,ncaab,2017-01-14T18:00Z,final,160,2066,New Hampshire,Binghamton,73,66,,,,0,,,,,,,,,,2,,0,Durham,NH,1,15,,,,-5.0,"42,31","22,44",,,,,,,,
ncaab:400919683,ncaab,2017-01-14T18:00Z,final,156,2654,Creighton,Truman St,101,69,,,,0,,,,,,,,,,2,,0,Omaha,NE,1,323,,,,-6.0,"45,56","34,35",,,,,,,,
ncaab:400915053,ncaab,2017-01-14T19:00Z,final,130,158,Michigan,Nebraska,91,85,,,,0,,,,,,,,,,2,,0,Ann Arbor,MI,1,269,,,,-5.0,"40,51","36,49",,,,,,,,
ncaab:400915378,ncaab,2017-01-14T19:00Z,final,153,52,North Carolina,Florida St,96,83,,,,0,,,,,,,,,,2,,0,Chapel Hill,NC,1,148,,,,-5.0,"50,46","41,42",,,,,,,,
ncaab:400915379,ncaab,2017-01-14T19:00Z,final,259,87,Virginia Tech,Notre Dame,71,76,,,,0,,,,,,,,,,2,,0,Blacksburg,VA,1,633,,,,-5.0,"31,40","39,37",,,,,,,,
ncaab:400916210,ncaab,2017-01-14T19:00Z,final,2305,197,Kansas,Oklahoma St,87,80,,,,0,,,,,,,,,,2,,0,Lawrence,KS,1,263,,,,-6.0,"36,51","40,40",,,,,,,,
ncaab:400916774,ncaab,2017-01-14T19:00Z,final,2344,2241,Longwood,Gardner-Webb,79,85,,,,0,,,,,,,,,,2,,0,Farmville,VA,1,90,,,,-5.0,"33,46","44,41",,,,,,,,
ncaab:400916927,ncaab,2017-01-14T19:00Z,final,2382,236,Mercer,Chattanooga,68,70,,,,0,,,,,,,,,,2,,0,Macon,GA,1,112,,,,-5.0,"38,30","34,36",,,,,,,,
ncaab:400917121,ncaab,2017-01-14T19:00Z,final,2084,2050,Buffalo,Ball State,77,92,,,,0,,,,,,,,,,2,,0,Buffalo,NY,1,183,,,,-5.0,"34,43","43,49",,,,,,,,
ncaab:400917123,ncaab,2017-01-14T19:00Z,final,2711,2309,W Michigan,Kent State,92,88,,,,0,,,,,,,,,,2,,0,Kalamazoo,MI,1,239,,,,-5.0,"44,48","41,47",,,,,,,,
ncaab:400917581,ncaab,2017-01-14T19:00Z,final,2099,2368,Canisius,Marist,91,58,,,,0,,,,,,,,,,2,,0,Buffalo,NY,1,183,,,,-5.0,"38,53","33,25",,,,,,,,
ncaab:400917583,ncaab,2017-01-14T19:00Z,final,2514,314,Quinnipiac,Iona,97,91,,,,0,,,,,,,,,,2,,0,Hamden,CT,1,31,,,,-5.0,"35,42,20","35,42,14",,,,,,,,
ncaab:400917944,ncaab,2017-01-14T19:00Z,final,233,2870,South Dakota,Purdue FW,66,63,,,,0,,,,,,,,,,2,,0,Vermillion,SD,1,374,,,,-6.0,"29,37","37,26",,,,,,,,
ncaab:400918144,ncaab,2017-01-14T19:00Z,final,339,79,Evansville,S Illinois,61,73,,,,0,,,,,,,,,,2,,0,Evansville,IN,1,118,,,,-6.0,"31,30","33,40",,,,,,,,
ncaab:400918269,ncaab,2017-01-14T19:00Z,final,2166,2670,Davidson,VCU,69,63,,,,0,,,,,,,,,,2,,0,Davidson,NC,1,256,,,,-5.0,"29,40","26,37",,,,,,,,
ncaab:400918668,ncaab,2017-01-14T19:00Z,final,2349,42,UMass Lowell,Hartford,71,55,,,,0,,,,,,,,,,2,,0,Lowell,MA,1,36,,,,-5.0,"30,41","31,24",,,,,,,,
ncaab:400918693,ncaab,2017-01-14T19:00Z,final,311,2619,Maine,Stony Brook,54,74,,,,0,,,,,,,,,,2,,0,Bangor,ME,1,36,,,,-5.0,"31,23","28,46",,,,,,,,
ncaab:400918796,ncaab,2017-01-14T19:00Z,final,2908,294,SC Upstate,Jacksonville,73,66,,,,0,,,,,,,,,,2,,0,Spartanburg,SC,1,246,,,,-5.0,"31,42","37,29",,,,,,,,
ncaab:400919066,ncaab,2017-01-14T19:00Z,final,2329,107,Lehigh,Holy Cross,68,51,,,,0,,,,,,,,,,2,,0,Bethlehem,PA,1,109,,,,-5.0,"26,42","27,24",,,,,,,,
ncaab:400919067,ncaab,2017-01-14T19:00Z,final,2142,2083,Colgate,Bucknell,69,83,,,,0,,,,,,,,,,2,,0,Hamilton,NY,1,181,,,,-5.0,"20,49","33,50",,,,,,,,
ncaab:400919068,ncaab,2017-01-14T19:00Z,final,322,2426,Lafayette,Navy,51,88,,,,0,,,,,,,,,,2,,0,Easton,PA,1,97,,,,-5.0,"26,25","43,45",,,,,,,,
ncaab:400919069,ncaab,2017-01-14T19:00Z,final,44,349,American,Army,49,53,,,,0,,,,,,,,,,2,,0,Washington,DC,1,7,,,,-5.0,"16,33","25,28",,,,,,,,
ncaab:400919431,ncaab,2017-01-14T19:00Z,final,5,276,UAB,Marshall,94,78,,,,0,,,,,,,,,,2,,0,Birmingham,AL,1,187,,,,-6.0,"34,60","31,47",,,,,,,,
ncaab:400919636,ncaab,2017-01-14T19:00Z,final,350,2275,UNC Wilmington,Hofstra,84,76,,,,0,,,,,,,,,,2,,0,Wilmington,NC,1,9,,,,-5.0,"42,42","40,36",,,,,,,,
ncaab:400919681,ncaab,2017-01-14T19:00Z,final,2086,2752,Butler,Xavier,83,78,,,,0,,,,,,,,,,2,,0,Indianapolis,IN,1,218,,,,-5.0,"25,58","31,47",,,,,,,,
ncaab:400919682,ncaab,2017-01-14T19:00Z,final,269,305,Marquette,DePaul,83,58,,,,0,,,,,,,,,,2,,0,Milwaukee,WI,1,188,,,,-6.0,"52,31","31,27",,,,,,,,
ncaab:400919791,ncaab,2017-01-14T19:00Z,final,119,111,Towson,Northeastern,74,67,,,,0,,,,,,,,,,2,,0,Towson,MD,1,141,,,,-5.0,"39,35","29,38",,,,,,,,
ncaab:400919843,ncaab,2017-01-14T19:00Z,final,36,167,Colorado St,New Mexico,71,84,,,,0,,,,,,,,,,2,,0,Fort Collins,CO,1,1525,,,,-7.0,"34,37","44,40",,,,,,,,
ncaab:400916387,ncaab,2017-01-14T19:30Z,final,2464,16,N Arizona,Sacramento St,62,74,,,,0,,,,,,,,,,2,,0,Flagstaff,AZ,1,2104,,,,-7.0,"37,25","27,47",,,,,,,,
ncaab:400918386,ncaab,2017-01-14T19:30Z,final,2244,139,George Mason,Saint Louis,56,63,,,,0,,,,,,,,,,2,,0,Fairfax,VA,1,131,,,,-5.0,"18,38","31,32",,,,,,,,
ncaab:400918539,ncaab,2017-01-14T20:00Z,final,270,2750,Milwaukee,Wright St,67,70,,,,0,,,,,,,,,,2,,0,Milwaukee,WI,1,188,,,,-6.0,"31,36","28,42",,,,,,,,
ncaab:400919196,ncaab,2017-01-14T20:00Z,final,112358,2597,Long Island,St Francis BK,63,58,,,,0,,,,,,,,,,2,,0,Brooklyn,NY,1,15,,,,-5.0,"23,40","21,37",,,,,,,,
ncaab:400919462,ncaab,2017-01-14T20:00Z,final,242,249,Rice,North Texas,101,79,,,,0,,,,,,,,,,2,,0,Houston,TX,1,12,,,,-6.0,"37,64","39,40",,,,,,,,
ncaab:400910554,ncaab,2017-01-14T20:30Z,final,99,333,LSU,Alabama,66,81,,,,0,,,,,,,,,,2,,0,Baton Rouge,LA,1,14,,,,-6.0,"33,33","28,53",,,,,,,,
ncaab:400917122,ncaab,2017-01-14T20:30Z,final,195,2199,Ohio,E Michigan,49,53,,,,0,,,,,,,,,,2,,0,Athens,OH,1,219,,,,-5.0,"26,23","19,34",,,,,,,,
ncaab:400918485,ncaab,2017-01-14T20:30Z,final,325,2674,Cleveland St,Valparaiso,67,78,,,,0,,,,,,,,,,2,,0,Cleveland,OH,1,199,,,,-5.0,"28,39","34,44",,,,,,,,
ncaab:400919194,ncaab,2017-01-14T20:30Z,final,2115,161,C Connecticut,FDU,47,59,,,,0,,,,,,,,,,2,,0,New Britain,CT,1,51,,,,-5.0,"28,19","23,36",,,,,,,,
ncaab:400921257,ncaab,2017-01-14T20:30Z,final,193,2006,Miami OH,Akron,70,74,,,,0,,,,,,,,,,2,,0,Oxford,OH,1,283,,,,-5.0,"41,29","42,32",,,,,,,,
ncaab:400910620,ncaab,2017-01-14T21:00Z,final,96,2,Kentucky,Auburn,92,72,,,,0,,,,,,,,,,2,,0,Lexington,KY,1,295,,,,-5.0,"51,41","39,33",,,,,,,,
ncaab:400911033,ncaab,2017-01-14T21:00Z,final,251,277,Texas,West Virginia,72,74,,,,0,,,,,,,,,,2,,0,Austin,TX,1,149,,,,-6.0,"34,38","39,35",,,,,,,,
ncaab:400915380,ncaab,2017-01-14T21:00Z,final,183,103,Syracuse,Boston College,76,53,,,,0,,,,,,,,,,2,,0,Syracuse,NY,1,121,,,,-5.0,"35,41","22,31",,,,,,,,
ncaab:400915623,ncaab,2017-01-14T21:00Z,final,25,265,California,Washington St,58,54,,,,0,,,,,,,,,,2,,0,Berkeley,CA,1,52,,,,-8.0,"28,30","29,25",,,,,,,,
ncaab:400916385,ncaab,2017-01-14T21:00Z,final,147,2458,Montana St,N Colorado,68,53,,,,0,,,,,,,,,,2,,0,Bozeman,MT,1,1468,,,,-7.0,"33,35","20,33",,,,,,,,
ncaab:400916581,ncaab,2017-01-14T21:00Z,final,2116,248,UCF,Houston,77,70,,,,0,,,,,,,,,,2,,0,Orlando,FL,1,30,,,,-5.0,"34,43","29,41",,,,,,,,
ncaab:400916582,ncaab,2017-01-14T21:00Z,final,218,202,Temple,Tulsa,68,70,,,,0,,,,,,,,,,2,,0,Philadelphia,PA,1,12,,,,-5.0,"34,34","37,33",,,,,,,,
ncaab:400916930,ncaab,2017-01-14T21:00Z,final,2193,2717,ETSU,W Carolina,75,52,,,,0,,,,,,,,,,2,,0,Johnson City,TN,1,498,,,,-5.0,"46,29","25,27",,,,,,,,
ncaab:400917945,ncaab,2017-01-14T21:00Z,final,198,85,Oral Roberts,IU Indy,85,91,,,,0,,,,,,,,,,2,,0,Tulsa,OK,1,220,,,,-6.0,"47,38","50,41",,,,,,,,
ncaab:400918826,ncaab,2017-01-14T21:00Z,final,2885,2454,NJIT,North Florida,84,78,,,,0,,,,,,,,,,2,,0,Newark,NJ,1,9,,,,-5.0,"35,49","28,50",,,,,,,,
ncaab:400919192,ncaab,2017-01-14T21:00Z,final,116,2598,Mount St Marys,Saint Francis,78,72,,,,0,,,,,,,,,,2,,0,Emmitsburg,MD,1,133,,,,-5.0,"32,46","36,36",,,,,,,,
ncaab:400919193,ncaab,2017-01-14T21:00Z,final,2681,2523,Wagner,Robert Morris,53,50,,,,0,,,,,,,,,,2,,0,Staten Island,NY,1,21,,,,-5.0,"23,30","22,28",,,,,,,,
ncaab:400919195,ncaab,2017-01-14T21:00Z,final,2803,2529,Bryant,Sacred Heart,110,112,,,,0,,,,,,,,,,2,,0,Smithfield,RI,1,84,,,,-5.0,"43,37,11,10,9","34,46,11,10,11",,,,,,,,
ncaab:400919284,ncaab,2017-01-14T21:00Z,final,172,171,Cornell,Columbia,75,79,,,,0,,,,,,,,,,2,,0,Ithaca,NY,1,125,,,,-5.0,"32,43","37,42",,,,,,,,
ncaab:400919391,ncaab,2017-01-14T21:00Z,final,2636,2229,UTSA,FIU,57,55,,,,0,,,,,,,,,,2,,0,San Antonio,TX,1,198,,,,-6.0,"34,23","24,31",,,,,,,,
ncaab:400919414,ncaab,2017-01-14T21:00Z,final,295,2348,Old Dominion,Louisiana Tech,63,75,,,,0,,,,,,,,,,2,,0,Norfolk,VA,1,2,,,,-5.0,"28,35","35,40",,,,,,,,
ncaab:400919568,ncaab,2017-01-14T21:00Z,final,232,2729,Charleston,William & Mary,77,67,,,,0,,,,,,,,,,2,,0,Charleston,SC,1,6,,,,-5.0,"35,42","33,34",,,,,,,,
ncaab:400919589,ncaab,2017-01-14T21:00Z,final,2182,48,Drexel,Delaware,76,60,,,,0,,,,,,,,,,2,,0,Philadelphia,PA,1,12,,,,-5.0,"37,39","26,34",,,,,,,,
ncaab:400919624,ncaab,2017-01-14T21:00Z,final,256,2210,James Madison,Elon,60,59,,,,0,,,,,,,,,,2,,0,Harrisonburg,VA,1,404,,,,-5.0,"30,30","35,24",,,,,,,,
ncaab:400919807,ncaab,2017-01-14T21:00Z,final,2005,23,Air Force,San José St,85,89,,,,0,,,,,,,,,,2,,0,Colorado Springs,CO,1,1832,,,,-7.0,"42,43","45,44",,,,,,,,
ncaab:400920367,ncaab,2017-01-14T21:00Z,final,2569,2065,SC State,Bethune,78,74,,,,0,,,,,,,,,,2,,0,Orangeburg,SC,1,74,,,,-5.0,"32,46","31,43",,,,,,,,
ncaab:400920404,ncaab,2017-01-14T21:00Z,final,2154,2448,Coppin St,NC A&T,75,73,,,,0,,,,,,,,,,2,,0,Baltimore,MD,1,10,,,,-5.0,"27,42,6","36,33,4",,,,,,,,
ncaab:400920421,ncaab,2017-01-14T21:00Z,final,2169,2261,Delaware St,Hampton,77,85,,,,0,,,,,,,,,,2,,0,Dover,DE,1,9,,,,-5.0,"32,32,13","34,30,21",,,,,,,,
ncaab:400920450,ncaab,2017-01-14T21:00Z,final,2379,47,MD Eastern,Howard,66,74,,,,0,,,,,,,,,,2,,0,Princess Anne,MD,1,5,,,,-5.0,"24,42","35,39",,,,,,,,
ncaab:400922050,ncaab,2017-01-14T21:00Z,final,2916,2277,Incarnate Word,Hou Christian,82,77,,,,0,,,,,,,,,,2,,0,San Antonio,TX,1,198,,,,-6.0,"37,45","36,41",,,,,,,,
ncaab:400916033,ncaab,2017-01-14T21:05Z,final,6,326,South Alabama,Texas St,72,67,,,,0,,,,,,,,,,2,,0,Mobile,AL,1,3,,,,-6.0,"18,42,12","23,37,7",,,,,,,,
ncaab:400916030,ncaab,2017-01-14T21:30Z,final,324,2026,Coastal,App State,85,73,,,,0,,,,,,,,,,2,,0,Conway,SC,1,10,,,,-5.0,"44,41","33,40",,,,,,,,
ncaab:400916211,ncaab,2017-01-14T21:30Z,final,2306,239,Kansas St,Baylor,68,77,,,,0,,,,,,,,,,2,,0,Manhattan,KS,1,311,,,,-6.0,"30,38","31,46",,,,,,,,
ncaab:400916776,ncaab,2017-01-14T21:30Z,final,2515,2335,Radford,Liberty,64,71,,,,0,,,,,,,,,,2,,0,Radford,VA,1,567,,,,-5.0,"12,47,5","34,25,12",,,,,,,,
ncaab:400918350,ncaab,2017-01-14T21:30Z,final,179,2230,St Bonaventure,Fordham,73,53,,,,1,,,,,,,,,,2,,0,Rochester,NY,1,154,,,,-5.0,"38,35","32,21",,,,,,,,
ncaab:400918863,ncaab,2017-01-14T21:30Z,final,338,56,Kennesaw St,Stetson,84,65,,,,0,,,,,,,,,,2,,0,Kennesaw,GA,1,332,,,,-5.0,"52,32","25,40",,,,,,,,
ncaab:400922163,ncaab,2017-01-14T21:30Z,final,2466,2534,N'Western St,Sam Houston,68,77,,,,0,,,,,,,,,,2,,0,Natchitoches,LA,1,36,,,,-6.0,"32,36","39,38",,,,,,,,
ncaab:400916031,ncaab,2017-01-14T22:00Z,final,2433,2247,UL Monroe,Georgia St,65,73,,,,0,,,,,,,,,,2,,0,Monroe,LA,1,23,,,,-6.0,"28,31,6","26,33,14",,,,,,,,
ncaab:400918773,ncaab,2017-01-14T22:00Z,final,288,526,Lipscomb,FGCU,80,84,,,,0,,,,,,,,,,2,,0,Nashville,TN,1,170,,,,-6.0,"40,40","40,44",,,,,,,,
ncaab:400921974,ncaab,2017-01-14T22:00Z,final,2000,2320,Abilene Chrstn,Lamar,67,64,,,,0,,,,,,,,,,2,,0,Abilene,TX,1,524,,,,-6.0,"25,42","34,30",,,,,,,,
ncaab:400916035,ncaab,2017-01-14T22:15Z,final,2653,250,Troy,UT Arlington,93,71,,,,0,,,,,,,,,,2,,0,Troy,AL,1,165,,,,-6.0,"46,47","36,35",,,,,,,,
ncaab:400916212,ncaab,2017-01-14T22:30Z,final,2628,66,TCU,Iowa State,84,77,,,,0,,,,,,,,,,2,,0,Fort Worth,TX,1,199,,,,-6.0,"44,40","41,36",,,,,,,,
ncaab:400916773,ncaab,2017-01-14T22:30Z,final,2127,2427,Charleston So,UNC Asheville,67,76,,,,0,,,,,,,,,,2,,0,Charleston,SC,1,6,,,,-5.0,"33,34","25,51",,,,,,,,
ncaab:400910591,ncaab,2017-01-14T23:00Z,final,8,142,Arkansas,Missouri,92,73,,,,0,,,,,,,,,,2,,0,Fayetteville,AR,1,427,,,,-6.0,"50,42","36,37",,,,,,,,
ncaab:400914961,ncaab,2017-01-14T23:00Z,final,356,120,Illinois,Maryland,56,62,,,,0,,,,,,,,,,2,,0,Champaign,IL,1,225,,,,-6.0,"32,24","27,35",,,,,,,,
ncaab:400915624,ncaab,2017-01-14T23:00Z,final,254,26,Utah,UCLA,82,83,,,,0,,,,,,,,,,2,,0,Salt Lake City,UT,1,1299,,,,-7.0,"40,42","42,41",,,,,,,,
ncaab:400916583,ncaab,2017-01-14T23:00Z,final,235,58,Memphis,South Florida,62,56,,,,0,,,,,,,,,,2,,0,Memphis,TN,1,78,,,,-6.0,"30,32","22,34",,,,,,,,
ncaab:400917946,ncaab,2017-01-14T23:00Z,final,2172,2449,Denver,N Dakota St,79,55,,,,0,,,,,,,,,,2,,0,Denver,CO,1,1609,,,,-7.0,"43,36","23,32",,,,,,,,
ncaab:400919447,ncaab,2017-01-14T23:00Z,final,2393,98,MTSU,Western KY,91,76,,,,0,,,,,,,,,,2,,0,Murfreesboro,TN,1,186,,,,-6.0,"46,45","32,44",,,,,,,,
ncaab:400919554,ncaab,2017-01-14T23:00Z,final,2751,2440,Wyoming,Nevada,74,89,,,,0,,,,,,,,,,2,,0,Laramie,WY,1,2184,,,,-7.0,"31,43","39,50",,,,,,,,
ncaab:400923003,ncaab,2017-01-14T23:00Z,final,2542,50,Savannah St,Florida A&M,93,88,,,,0,,,,,,,,,,2,,0,Savannah,GA,1,6,,,,-5.0,"48,45","47,41",,,,,,,,
ncaab:400910768,ncaab,2017-01-14T23:30Z,final,2579,145,South Carolina,Ole Miss,67,56,,,,0,,,,,,,,,,2,,0,Columbia,SC,1,89,,,,-5.0,"34,33","20,36",,,,,,,,
ncaab:400920524,ncaab,2017-01-14T23:30Z,final,2450,2428,Norfolk St,NC Central,57,72,,,,0,,,,,,,,,,2,,0,Norfolk,VA,1,2,,,,-5.0,"27,30","33,39",,,,,,,,
ncaab:400922218,ncaab,2017-01-14T23:30Z,final,2582,2029,Southern,AR-Pine Bluff,76,75,,,,0,,,,,,,,,,2,,0,Baton Rouge,LA,1,14,,,,-6.0,"38,38","39,36",,,,,,,,
ncaab:400922641,ncaab,2017-01-14T23:30Z,final,2010,2011,Alabama A&M,Alabama St,55,57,,,,0,,,,,,,,,,2,,0,Normal,AL,1,220,,,,-6.0,"24,31","30,27",,,,,,,,
ncaab:400925425,ncaab,2017-01-14T23:30Z,final,2504,2296,Prairie View,Jackson St,63,57,,,,0,,,,,,,,,,2,,0,Prairie View,TX,1,82,,,,-6.0,"37,26","28,29",,,,,,,,
ncaab:400916775,ncaab,2017-01-15T00:00Z,final,2272,2506,High Point,Presbyterian,77,44,,,,0,,,,,,,,,,2,,0,High Point,NC,1,281,,,,-5.0,"39,38","23,21",,,,,,,,
ncaab:400916928,ncaab,2017-01-15T00:00Z,final,2747,231,Wofford,Furman,67,58,,,,0,,,,,,,,,,2,,0,Spartanburg,SC,1,246,,,,-5.0,"25,42","25,33",,,,,,,,
ncaab:400917582,ncaab,2017-01-15T00:00Z,final,315,2405,Niagara,Monmouth,83,90,,,,0,,,,,,,,,,2,,0,Niagara Falls,NY,1,187,,,,-5.0,"35,48","43,47",,,,,,,,
ncaab:400917796,ncaab,2017-01-15T00:00Z,final,2198,2057,E Kentucky,Belmont,59,72,,,,0,,,,,,,,,,2,,0,Richmond,KY,1,289,,,,-5.0,"29,30","36,36",,,,,,,,
ncaab:400918556,ncaab,2017-01-15T00:00Z,final,2754,82,Youngstown St,UIC,89,92,,,,0,,,,,,,,,,2,,0,Youngstown,OH,1,259,,,,-5.0,"27,49,13","30,46,16",,,,,,,,
ncaab:400919352,ncaab,2017-01-15T00:00Z,final,2429,2572,Charlotte,Southern Miss,82,66,,,,0,,,,,,,,,,2,,0,Charlotte,NC,1,229,,,,-5.0,"41,41","32,34",,,,,,,,
ncaab:400919824,ncaab,2017-01-15T00:00Z,final,278,68,Fresno St,Boise St,89,80,,,,0,,,,,,,,,,2,,0,Fresno,CA,1,94,,,,-8.0,"51,38","29,51",,,,,,,,
ncaab:400922142,ncaab,2017-01-15T00:00Z,final,2617,2447,SF Austin,Nicholls,80,60,,,,0,,,,,,,,,,2,,0,Nacogdoches,TX,1,92,,,,-6.0,"38,42","30,30",,,,,,,,
ncaab:400922200,ncaab,2017-01-15T00:00Z,final,2016,2400,Alcorn St,Miss Valley St,77,84,,,,0,,,,,,,,,,2,,0,Lorman,MS,1,66,,,,-6.0,"34,43","33,51",,,,,,,,
ncaab:400916032,ncaab,2017-01-15T00:15Z,final,2031,2032,Little Rock,Arkansas St,72,77,,,,0,,,,,,,,,,2,,0,Little Rock,AR,1,102,,,,-6.0,"43,29","31,46",,,,,,,,
ncaab:400917800,ncaab,2017-01-15T00:15Z,final,2630,2546,UT Martin,SE Missouri,79,69,,,,0,,,,,,,,,,2,,0,Martin,TN,1,124,,,,-6.0,"38,41","39,30",,,,,,,,
ncaab:400917798,ncaab,2017-01-15T00:45Z,final,2413,2634,Morehead St,Tennessee St,87,85,,,,0,,,,,,,,,,2,,0,Morehead,KY,1,153,,,,-6.0,"38,49","32,53",,,,,,,,
ncaab:400915625,ncaab,2017-01-15T01:00Z,final,24,264,Stanford,Washington,76,69,,,,0,,,,,,,,,,2,,0,Stanford,CA,1,23,,,,-8.0,"43,33","24,45",,,,,,,,
ncaab:400915831,ncaab,2017-01-15T01:00Z,final,2492,2541,Pepperdine,Santa Clara,61,75,,,,0,,,,,,,,,,2,,0,Malibu,CA,1,32,,,,-8.0,"24,37","25,50",,,,,,,,
ncaab:400917799,ncaab,2017-01-15T01:00Z,final,2565,93,SIUE,Murray St,59,67,,,,0,,,,,,,,,,2,,0,Edwardsville,IL,1,165,,,,-6.0,"28,31","30,37",,,,,,,,
ncaab:400917947,ncaab,2017-01-15T01:00Z,final,2437,2710,Omaha,W Illinois,86,72,,,,0,,,,,,,,,,2,,0,Omaha,NE,1,323,,,,-6.0,"43,43","36,36",,,,,,,,
ncaab:400918060,ncaab,2017-01-15T01:00Z,final,292,2253,UT Rio Grande,Grand Canyon,66,79,,,,0,,,,,,,,,,2,,0,Edinburg,TX,1,30,,,,-6.0,"32,34","33,46",,,,,,,,
ncaab:400918119,ncaab,2017-01-15T01:00Z,final,2287,2724,Illinois St,Wichita St,76,62,,,,0,,,,,,,,,,2,,0,Normal,IL,1,244,,,,-6.0,"36,40","27,35",,,,,,,,
ncaab:400918893,ncaab,2017-01-15T01:00Z,final,300,2239,UC Irvine,Fullerton,87,67,,,,0,,,,,,,,,,2,,0,Irvine,CA,1,17,,,,-8.0,"45,42","28,39",,,,,,,,
ncaab:400919265,ncaab,2017-01-15T01:00Z,final,219,225,Penn,Brown,70,82,,,,0,,,,,,,,,,2,,0,Philadelphia,PA,1,12,,,,-5.0,"31,39","36,46",,,,,,,,
ncaab:400919340,ncaab,2017-01-15T01:00Z,final,163,43,Princeton,Yale,66,58,,,,0,,,,,,,,,,2,,0,Princeton,NJ,1,62,,,,-5.0,"24,42","22,36",,,,,,,,
ncaab:400922030,ncaab,2017-01-15T01:00Z,final,357,2110,Texas A&M-CC,C Arkansas,88,81,,,,0,,,,,,,,,,2,,0,Corpus Christi,TX,1,2,,,,-6.0,"37,51","36,45",,,,,,,,
ncaab:400916034,ncaab,2017-01-15T01:15Z,final,309,290,Louisiana,GA Southern,76,81,,,,0,,,,,,,,,,2,,0,Lafayette,LA,1,11,,,,-6.0,"36,40","30,51",,,,,,,,
ncaab:400910803,ncaab,2017-01-15T01:30Z,final,238,2633,Vanderbilt,Tennessee,75,87,,,,0,,,,,,,,,,2,,0,Nashville,TN,1,170,,,,-6.0,"34,41","39,48",,,,,,,,
ncaab:400916213,ncaab,2017-01-15T01:30Z,final,201,2641,Oklahoma,Texas Tech,84,75,,,,0,,,,,,,,,,2,,0,Norman,OK,1,357,,,,-6.0,"41,43","35,40",,,,,,,,
ncaab:400916386,ncaab,2017-01-15T01:30Z,final,253,2502,Southern Utah,Portland St,77,88,,,,0,,,,,,,,,,2,,0,Cedar City,UT,1,1782,,,,-7.0,"41,36","41,47",,,,,,,,
ncaab:400922921,ncaab,2017-01-15T01:30Z,final,2640,2755,Texas Southern,Grambling,76,55,,,,0,,,,,,,,,,2,,0,Houston,TX,1,12,,,,-6.0,"38,38","24,31",,,,,,,,
ncaab:400917797,ncaab,2017-01-15T01:50Z,final,2635,55,Tennessee Tech,Jax State,59,74,,,,0,,,,,,,,,,2,,0,Cookeville,TN,1,334,,,,-6.0,"27,32","33,41",,,,,,,,
ncaab:400916388,ncaab,2017-01-15T02:00Z,final,149,155,Montana,North Dakota,76,70,,,,0,,,,,,,,,,2,,0,Missoula,MT,1,978,,,,-7.0,"32,44","31,39",,,,,,,,
ncaab:400916389,ncaab,2017-01-15T02:00Z,final,2692,331,Weber St,E Washington,70,67,,,,0,,,,,,,,,,2,,0,Ogden,UT,1,1311,,,,-7.0,"28,42","35,32",,,,,,,,
ncaab:400918058,ncaab,2017-01-15T02:00Z,final,166,2934,New Mexico St,Bakersfield,63,58,,,,0,,,,,,,,,,2,,0,Las Cruces,NM,1,1191,,,,-7.0,"24,39","31,27",,,,,,,,
ncaab:400918061,ncaab,2017-01-15T02:00Z,final,3084,140,Utah Valley,Kansas City,86,76,,,,0,,,,,,,,,,2,,0,Orem,UT,1,1455,,,,-7.0,"35,51","31,45",,,,,,,,
ncaab:400919372,ncaab,2017-01-15T02:00Z,final,2638,2226,UTEP,FAU,66,65,,,,0,,,,,,,,,,2,,0,El Paso,TX,1,1133,,,,-7.0,"26,29,11","23,32,10",,,,,,,,
ncaab:400916390,ncaab,2017-01-15T02:05Z,final,304,70,Idaho St,Idaho,62,77,,,,0,,,,,,,,,,2,,0,Pocatello,ID,1,1360,,,,-7.0,"30,32","31,46",,,,,,,,
ncaab:400915829,ncaab,2017-01-15T03:00Z,final,301,252,San Diego,BYU,88,75,,,,0,,,,,,,,,,2,,0,San Diego,CA,1,20,,,,-8.0,"34,54","32,43",,,,,,,,
ncaab:400915830,ncaab,2017-01-15T03:00Z,final,2501,2351,Portland,LMU,78,79,,,,0,,,,,,,,,,2,,0,Portland,OR,1,12,,,,-8.0,"35,43","35,44",,,,,,,,
ncaab:400915833,ncaab,2017-01-15T03:00Z,final,2250,2608,Gonzaga,Saint Mary's,79,56,,,,0,,,,,,,,,,2,,0,Spokane,WA,1,571,,,,-8.0,"43,36","34,22",,,,,,,,
ncaab:400918059,ncaab,2017-01-15T03:00Z,final,2547,2130,Seattle U,Chicago St,65,50,,,,0,,,,,,,,,,2,,0,Seattle,WA,1,56,,,,-8.0,"28,37","26,24",,,,,,,,
ncaab:400918875,ncaab,2017-01-15T03:00Z,final,2540,13,Santa Barbara,Cal Poly,58,53,,,,0,,,,,,,,,,2,,0,Santa Barbara,CA,1,15,,,,-8.0,"24,34","35,18",,,,,,,,
ncaab:400919555,ncaab,2017-01-15T03:00Z,final,21,328,San Diego St,Utah State,74,55,,,,0,,,,,,,,,,2,,0,San Diego,CA,1,20,,,,-8.0,"41,33","34,21",,,,,,,,
ncaab:400915626,ncaab,2017-01-15T03:30Z,final,2483,204,Oregon,Oregon St,85,43,,,,0,,,,,,,,,,2,,0,Eugene,OR,1,131,,,,-8.0,"41,44","13,30",,,,,,,,
ncaab:400918912,ncaab,2017-01-15T03:30Z,final,2463,302,CSU Northridge,UC Davis,68,71,,,,0,,,,,,,,,,2,,0,Northridge,CA,1,246,,,,-8.0,"31,37","30,41",,,,,,,,
ncaab:400915832,ncaab,2017-01-15T04:00Z,final,2539,279,San Francisco,Pacific,72,51,,,,0,,,,,,,,,,2,,0,San Francisco,CA,1,16,,,,-8.0,"43,29","18,33",,,,,,,,
ncaab:400918931,ncaab,2017-01-15T04:59Z,final,62,299,Hawai'i,Long Beach St,114,107,,,,0,,,,,,,,,,2,,0,Honolulu,HI,1,5,,,,-10.0,"40,51,23","47,44,16",,,,,,,,
ncaab:400914978,ncaab,2017-01-15T17:00Z,final,84,164,Indiana,Rutgers,76,57,,,,0,,,,,,,,,,2,,0,Bloomington,IN,1,235,,,,-5.0,"41,35","32,25",,,,,,,,
ncaab:400915077,ncaab,2017-01-15T18:30Z,final,194,127,Ohio State,Michigan St,72,67,,,,0,,,,,,,,,,2,,0,Columbus,OH,1,235,,,,-5.0,"36,36","33,34",,,,,,,,
ncaab:400917584,ncaab,2017-01-15T19:00Z,final,2217,2561,Fairfield,Siena,54,63,,,,0,,,,,,,,,,2,,0,Bridgeport,CT,1,1,,,,-5.0,"27,27","35,28",,,,,,,,
ncaab:400917585,ncaab,2017-01-15T19:00Z,final,2520,2612,Rider,Saint Peter's,65,71,,,,0,,,,,,,,,,2,,0,Lawrenceville,NJ,1,37,,,,-5.0,"33,32","41,30",,,,,,,,
ncaab:400918423,ncaab,2017-01-15T19:30Z,final,227,113,Rhode Island,UMass,79,77,,,,0,,,,,,,,,,2,,0,Kingston,RI,1,75,,,,-5.0,"34,45","38,39",,,,,,,,
ncaab:400916585,ncaab,2017-01-15T21:00Z,final,151,2132,East Carolina,Cincinnati,46,55,,,,0,,,,,,,,,,2,,0,Greenville,NC,1,18,,,,-5.0,"23,23","31,24",,,,,,,,
ncaab:400918163,ncaab,2017-01-15T21:00Z,final,2460,2181,Northern Iowa,Drake,79,60,,,,0,,,,,,,,,,2,,0,Cedar Falls,IA,1,268,,,,-6.0,"45,34","25,35",,,,,,,,
ncaab:400918181,ncaab,2017-01-15T21:00Z,final,2350,2623,Loyola Chicago,Missouri St,77,71,,,,0,,,,,,,,,,2,,0,Chicago,IL,1,179,,,,-6.0,"28,49","39,32",,,,,,,,
ncaab:400922127,ncaab,2017-01-15T21:00Z,final,2545,2377,SE Louisiana,McNeese,79,75,,,,0,,,,,,,,,,2,,0,Hammond,LA,1,13,,,,-6.0,"41,38","30,45",,,,,,,,
ncaab:400918367,ncaab,2017-01-15T21:30Z,final,2325,45,La Salle,G Washington,79,69,,,,0,,,,,,,,,,2,,0,Philadelphia,PA,1,12,,,,-5.0,"40,39","30,39",,,,,,,,
ncaab:400916586,ncaab,2017-01-15T23:00Z,final,2655,2567,Tulane,SMU,64,80,,,,0,,,,,,,,,,2,,0,New Orleans,LA,1,0,,,,-6.0,"35,29","37,43",,,,,,,,
ncaab:400915381,ncaab,2017-01-15T23:30Z,final,152,59,NC State,Georgia Tech,76,86,,,,0,,,,,,,,,,2,,0,Raleigh,NC,1,96,,,,-5.0,"41,35","42,44",,,,,,,,
ncaab:400915009,ncaab,2017-01-16T00:30Z,final,77,2294,Northwestern,Iowa,89,54,,,,0,,,,,,,,,,2,,0,Evanston,IL,1,187,,,,-6.0,"44,45","32,22",,,,,,,,
ncaab:400915627,ncaab,2017-01-16T01:30Z,final,38,30,Colorado,USC,68,71,,,,0,,,,,,,,,,2,,0,Boulder,CO,1,1624,,,,-7.0,"35,33","34,37",,,,,,,,
ncaab:400919684,ncaab,2017-01-16T17:00Z,final,2086,269,Butler,Marquette,88,80,,,,0,,,,,,,,,,2,,0,Indianapolis,IN,1,218,,,,-5.0,"25,63","41,39",,,,,,,,
ncaab:400918616,ncaab,2017-01-16T18:00Z,final,2378,399,UMBC,UAlbany,50,77,,,,0,,,,,,,,,,2,,0,Baltimore,MD,1,10,,,,-5.0,"25,25","37,40",,,,,,,,
ncaab:400918669,ncaab,2017-01-16T18:00Z,final,42,311,Hartford,Maine,54,44,,,,0,,,,,,,,,,2,,0,West Hartford,CT,1,40,,,,-5.0,"33,21","29,15",,,,,,,,
ncaab:400918729,ncaab,2017-01-16T18:00Z,final,160,261,New Hampshire,Vermont,59,71,,,,0,,,,,,,,,,2,,0,Durham,NH,1,15,,,,-5.0,"22,37","35,36",,,,,,,,
ncaab:400918709,ncaab,2017-01-16T19:00Z,final,2349,2619,UMass Lowell,Stony Brook,75,86,,,,0,,,,,,,,,,2,,0,Lowell,MA,1,36,,,,-5.0,"39,36","48,38",,,,,,,,
ncaab:400919685,ncaab,2017-01-16T19:00Z,final,2752,156,Xavier,Creighton,67,72,,,,0,,,,,,,,,,2,,0,Cincinnati,OH,1,191,,,,-5.0,"29,38","32,40",,,,,,,,
ncaab:400916037,ncaab,2017-01-16T20:00Z,final,6,250,South Alabama,UT Arlington,83,89,,,,0,,,,,,,,,,2,,0,Mobile,AL,1,3,,,,-6.0,"43,40","40,49",,,,,,,,
ncaab:400920405,ncaab,2017-01-16T21:25Z,final,47,2154,Howard,Coppin St,72,81,,,,0,,,,,,,,,,2,,0,Washington,DC,1,7,,,,-5.0,"33,39","32,49",,,,,,,,
ncaab:400919686,ncaab,2017-01-16T21:30Z,final,2599,305,St John's,DePaul,78,68,,,,0,,,,,,,,,,2,,0,Queens,NY,1,12,,,,-5.0,"40,38","29,39",,,,,,,,
ncaab:400933772,ncaab,2017-01-16T22:30Z,final,2464,2502,N Arizona,Portland St,83,76,,,,0,,,,,,,,,,2,,0,Flagstaff,AZ,1,2104,,,,-7.0,"37,46","37,39",,,,,,,,
ncaab:400920368,ncaab,2017-01-16T23:00Z,final,50,2065,Florida A&M,Bethune,76,82,,,,0,,,,,,,,,,2,,0,Tallahassee,FL,1,62,,,,-5.0,"38,38","49,33",,,,,,,,
ncaab:400919687,ncaab,2017-01-16T23:30Z,final,222,2550,Villanova,Seton Hall,76,46,,,,0,,,,,,,,,,2,,0,Villanova,PA,1,121,,,,-5.0,"36,40","23,23",,,,,,,,
ncaab:400915382,ncaab,2017-01-17T00:00Z,final,153,183,North Carolina,Syracuse,85,68,,,,0,,,,,,,,,,2,,0,Chapel Hill,NC,1,148,,,,-5.0,"42,43","30,38",,,,,,,,
ncaab:400917586,ncaab,2017-01-17T00:00Z,final,2099,2405,Canisius,Monmouth,72,76,,,,0,,,,,,,,,,2,,0,Buffalo,NY,1,183,,,,-5.0,"32,40","40,36",,,,,,,,
ncaab:400917587,ncaab,2017-01-17T00:00Z,final,315,2368,Niagara,Marist,87,93,,,,0,,,,,,,,,,2,,0,Niagara Falls,NY,1,187,,,,-5.0,"30,51,6","42,39,12",,,,,,,,
ncaab:400918486,ncaab,2017-01-17T00:00Z,final,2473,325,Oakland,Cleveland St,65,76,,,,0,,,,,,,,,,2,,0,Rochester,MI,1,229,,,,-5.0,"30,35","33,43",,,,,,,,
ncaab:400918506,ncaab,2017-01-17T00:00Z,final,2174,2754,Detroit Mercy,Youngstown St,87,71,,,,0,,,,,,,,,,2,,0,Detroit,MI,1,183,,,,-5.0,"42,45","34,37",,,,,,,,
ncaab:400919070,ncaab,2017-01-17T00:00Z,final,2352,104,Loyola MD,Boston U,77,69,,,,0,,,,,,,,,,2,,0,Baltimore,MD,1,10,,,,-5.0,"43,34","31,38",,,,,,,,
ncaab:400919197,ncaab,2017-01-17T00:00Z,final,2803,108,Bryant,Harvard,65,70,,,,0,,,,,,,,,,2,,0,Smithfield,RI,1,84,,,,-5.0,"26,39","40,30",,,,,,,,
ncaab:400919556,ncaab,2017-01-17T00:00Z,final,2261,2428,Hampton,NC Central,51,64,,,,0,,,,,,,,,,2,,0,Hampton,VA,1,1,,,,-5.0,"28,23","28,36",,,,,,,,
ncaab:400922249,ncaab,2017-01-17T00:30Z,final,2582,2400,Southern,Miss Valley St,87,81,,,,0,,,,,,,,,,2,,0,Baton Rouge,LA,1,14,,,,-6.0,"44,43","36,45",,,,,,,,
ncaab:400916036,ncaab,2017-01-17T01:00Z,final,2433,290,UL Monroe,GA Southern,60,62,,,,0,,,,,,,,,,2,,0,Monroe,LA,1,23,,,,-6.0,"26,34","21,41",,,,,,,,
ncaab:400916038,ncaab,2017-01-17T01:00Z,final,309,2247,Louisiana,Georgia St,86,101,,,,0,,,,,,,,,,2,,0,Lafayette,LA,1,11,,,,-6.0,"42,44","53,48",,,,,,,,
ncaab:400916039,ncaab,2017-01-17T01:00Z,final,2653,326,Troy,Texas St,71,75,,,,0,,,,,,,,,,2,,0,Troy,AL,1,165,,,,-6.0,"23,48","27,48",,,,,,,,
ncaab:400918523,ncaab,2017-01-17T01:00Z,final,2674,2739,Valparaiso,Green Bay,80,56,,,,0,,,,,,,,,,2,,0,Valparaiso,IN,1,242,,,,-6.0,"35,45","28,28",,,,,,,,
ncaab:400920422,ncaab,2017-01-17T01:00Z,final,2169,2450,Delaware St,Norfolk St,70,75,,,,0,,,,,,,,,,2,,0,Dover,DE,1,9,,,,-5.0,"31,39","34,41",,,,,,,,
ncaab:400920494,ncaab,2017-01-17T01:00Z,final,2415,2448,Morgan St,NC A&T,82,53,,,,0,,,,,,,,,,2,,0,Baltimore,MD,1,10,,,,-5.0,"42,40","29,24",,,,,,,,
ncaab:400923004,ncaab,2017-01-17T01:00Z,final,2569,2542,SC State,Savannah St,82,86,,,,0,,,,,,,,,,2,,0,Orangeburg,SC,1,74,,,,-5.0,"42,40","44,42",,,,,,,,
ncaab:400922259,ncaab,2017-01-17T01:30Z,final,2504,2755,Prairie View,Grambling,94,82,,,,0,,,,,,,,,,2,,0,Prairie View,TX,1,82,,,,-6.0,"47,47","37,45",,,,,,,,
ncaab:400922201,ncaab,2017-01-17T01:50Z,final,2016,2029,Alcorn St,AR-Pine Bluff,82,64,,,,0,,,,,,,,,,2,,0,Lorman,MS,1,66,,,,-6.0,"38,44","29,35",,,,,,,,
ncaab:400916214,ncaab,2017-01-17T02:00Z,final,66,2305,Iowa State,Kansas,72,76,,,,0,,,,,,,,,,2,,0,Ames,IA,1,287,,,,-6.0,"37,35","43,33",,,,,,,,
ncaab:400919557,ncaab,2017-01-17T02:00Z,final,2640,2296,Texas Southern,Jackson St,67,44,,,,0,,,,,,,,,,2,,0,Houston,TX,1,12,,,,-6.0,"17,50","18,26",,,,,,,,
ncaab:400919688,ncaab,2017-01-17T02:00Z,final,46,2507,Georgetown,Providence,56,74,,,,0,,,,,,,,,,2,,0,Washington,DC,1,7,,,,-5.0,"27,29","42,32",,,,,,,,
ncaab:400910592,ncaab,2017-01-18T00:00Z,final,245,8,Texas A&M,Arkansas,60,62,,,,0,,,,,,,,,,2,,0,College Station,TX,1,103,,,,-6.0,"32,28","30,32",,,,,,,,
ncaab:400910694,ncaab,2017-01-18T00:00Z,final,344,96,Mississippi St,Kentucky,81,88,,,,0,,,,,,,,,,2,,0,Starkville,MS,1,101,,,,-6.0,"34,47","46,42",,,,,,,,
ncaab:400911034,ncaab,2017-01-18T00:00Z,final,239,251,Baylor,Texas,74,64,,,,0,,,,,,,,,,2,,0,Waco,TX,1,143,,,,-6.0,"38,36","31,33",,,,,,,,
ncaab:400914962,ncaab,2017-01-18T00:00Z,final,2509,356,Purdue,Illinois,91,68,,,,0,,,,,,,,,,2,,0,West Lafayette,IN,1,186,,,,-5.0,"44,47","30,38",,,,,,,,
ncaab:400915383,ncaab,2017-01-18T00:00Z,final,152,221,NC State,Pitt,79,74,,,,0,,,,,,,,,,2,,0,Raleigh,NC,1,96,,,,-5.0,"35,44","34,40",,,,,,,,
ncaab:400916587,ncaab,2017-01-18T00:00Z,final,2116,58,UCF,South Florida,86,64,,,,0,,,,,,,,,,2,,0,Orlando,FL,1,30,,,,-5.0,"42,44","30,34",,,,,,,,
ncaab:400917126,ncaab,2017-01-18T00:00Z,final,2649,189,Toledo,Bowling Green,85,73,,,,0,,,,,,,,,,2,,0,Toledo,OH,1,186,,,,-5.0,"43,42","32,41",,,,,,,,
ncaab:400917127,ncaab,2017-01-18T00:00Z,final,2309,2084,Kent State,Buffalo,69,82,,,,0,,,,,,,,,,2,,0,Kent,OH,1,325,,,,-5.0,"37,32","40,42",,,,,,,,
ncaab:400917128,ncaab,2017-01-18T00:00Z,final,2050,2117,Ball State,C Michigan,98,83,,,,0,,,,,,,,,,2,,0,Muncie,IN,1,284,,,,-5.0,"48,50","43,40",,,,,,,,
ncaab:400917130,ncaab,2017-01-18T00:00Z,final,2006,195,Akron,Ohio,83,68,,,,0,,,,,,,,,,2,,0,Akron,OH,1,291,,,,-5.0,"38,45","35,33",,,,,,,,
ncaab:400917131,ncaab,2017-01-18T00:00Z,final,2199,2711,E Michigan,W Michigan,86,80,,,,0,,,,,,,,,,2,,0,Ypsilanti,MI,1,219,,,,-5.0,"28,58","33,47",,,,,,,,
ncaab:400917588,ncaab,2017-01-18T00:00Z,final,2217,2612,Fairfield,Saint Peter's,55,69,,,,0,,,,,,,,,,2,,0,Bridgeport,CT,1,1,,,,-5.0,"27,28","38,31",,,,,,,,
ncaab:400917589,ncaab,2017-01-18T00:00Z,final,2363,314,Manhattan,Iona,67,82,,,,0,,,,,,,,,,2,,0,Riverdale,NY,1,159,,,,-8.0,"43,24","43,39",,,,,,,,
ncaab:400917590,ncaab,2017-01-18T00:00Z,final,2561,2520,Siena,Rider,78,68,,,,0,,,,,,,,,,2,,0,Albany,NY,1,45,,,,-5.0,"40,38","45,23",,,,,,,,
ncaab:400917129,ncaab,2017-01-18T01:00Z,final,2459,193,N Illinois,Miami OH,62,58,,,,0,,,,,,,,,,2,,0,Dekalb,IL,1,268,,,,-6.0,"31,31","24,34",,,,,,,,
ncaab:400918540,ncaab,2017-01-18T01:00Z,final,82,270,UIC,Milwaukee,71,57,,,,0,,,,,,,,,,2,,0,Chicago,IL,1,179,,,,-6.0,"30,41","24,33",,,,,,,,
ncaab:400910670,ncaab,2017-01-18T02:00Z,final,61,238,Georgia,Vanderbilt,76,68,,,,0,,,,,,,,,,2,,0,Athens,GA,1,228,,,,-5.0,"34,42","25,43",,,,,,,,
ncaab:400910769,ncaab,2017-01-18T02:00Z,final,145,2633,Ole Miss,Tennessee,80,69,,,,0,,,,,,,,,,2,,0,Oxford,MS,1,154,,,,-6.0,"38,42","38,31",,,,,,,,
ncaab:400914935,ncaab,2017-01-18T02:00Z,final,275,130,Wisconsin,Michigan,68,64,,,,0,,,,,,,,,,2,,0,Madison,WI,1,267,,,,-6.0,"26,42","21,43",,,,,,,,
ncaab:400918062,ncaab,2017-01-18T02:00Z,final,2253,3096,Grand Canyon,S Diego Christ,90,58,,,,0,,,,,,,,,,2,,0,Phoenix,AZ,1,331,,,,-7.0,"43,47","33,25",,,,,,,,
ncaab:400918120,ncaab,2017-01-18T02:00Z,final,339,2724,Evansville,Wichita St,65,82,,,,0,,,,,,,,,,2,,0,Evansville,IN,1,118,,,,-6.0,"33,32","30,52",,,,,,,,
ncaab:400918464,ncaab,2017-01-18T02:00Z,final,139,179,Saint Louis,St Bonaventure,52,71,,,,0,,,,,,,,,,2,,0,St. Louis,MO,1,142,,,,-6.0,"15,37","46,25",,,,,,,,
ncaab:400919861,ncaab,2017-01-18T03:00Z,final,2439,21,UNLV,San Diego St,51,64,,,,0,,,,,,,,,,2,,0,Las Vegas,NV,1,610,,,,-8.0,"31,20","34,30",,,,,,,,
ncaab:400919825,ncaab,2017-01-18T04:00Z,final,68,167,Boise St,New Mexico,70,81,,,,0,,,,,,,,,,2,,0,Boise,ID,1,823,,,,-7.0,"31,39","49,32",,,,,,,,
ncaab:400910645,ncaab,2017-01-18T23:30Z,final,2579,57,South Carolina,Florida,57,53,,,,0,,,,,,,,,,2,,0,Columbia,SC,1,89,,,,-5.0,"21,36","28,25",,,,,,,,
ncaab:400910555,ncaab,2017-01-19T00:00Z,final,333,142,Alabama,Missouri,68,56,,,,0,,,,,,,,,,2,,0,Tuscaloosa,AL,1,68,,,,-6.0,"26,42","19,37",,,,,,,,
ncaab:400914979,ncaab,2017-01-19T00:00Z,final,213,84,Penn State,Indiana,75,78,,,,0,,,,,,,,,,2,,0,University Park,PA,1,348,,,,-5.0,"37,38","44,34",,,,,,,,
ncaab:400915384,ncaab,2017-01-19T00:00Z,final,52,87,Florida St,Notre Dame,83,80,,,,0,,,,,,,,,,2,,0,Tallahassee,FL,1,62,,,,-5.0,"39,44","33,47",,,,,,,,
ncaab:400916216,ncaab,2017-01-19T00:00Z,final,277,201,West Virginia,Oklahoma,87,89,,,,0,,,,,,,,,,2,,0,Morgantown,WV,1,271,,,,-5.0,"34,43,10","37,40,12",,,,,,,,
ncaab:400916589,ncaab,2017-01-19T00:00Z,final,2132,218,Cincinnati,Temple,81,74,,,,0,,,,,,,,,,2,,0,Cincinnati,OH,1,191,,,,-5.0,"26,55","28,46",,,,,,,,
ncaab:400917948,ncaab,2017-01-19T00:00Z,final,85,2571,IU Indy,S Dakota St,85,83,,,,0,,,,,,,,,,2,,0,Indianapolis,IN,1,218,,,,-5.0,"45,33,7","43,35,5",,,,,,,,
ncaab:400918182,ncaab,2017-01-19T00:00Z,final,282,2623,Indiana St,Missouri St,68,73,,,,0,,,,,,,,,,2,,0,Terre Haute,IN,1,152,,,,-5.0,"26,42","39,34",,,,,,,,
ncaab:400918330,ncaab,2017-01-19T00:00Z,final,45,2184,G Washington,Duquesne,65,63,,,,0,,,,,,,,,,2,,0,Washington,DC,1,7,,,,-5.0,"38,27","29,34",,,,,,,,
ncaab:400918351,ncaab,2017-01-19T00:00Z,final,2230,2670,Fordham,VCU,69,67,,,,0,,,,,,,,,,2,,0,Bronx,NY,1,28,,,,-5.0,"32,26,11","20,38,9",,,,,,,,
ncaab:400918424,ncaab,2017-01-19T00:00Z,final,113,2603,UMass,Saint Joseph's,62,57,,,,0,,,,,,,,,,2,,0,Amherst,MA,1,82,,,,-5.0,"29,33","29,28",,,,,,,,
ncaab:400919071,ncaab,2017-01-19T00:00Z,final,104,2142,Boston U,Colgate,58,67,,,,0,,,,,,,,,,2,,0,Boston,MA,1,14,,,,-5.0,"22,36","26,41",,,,,,,,
ncaab:400919072,ncaab,2017-01-19T00:00Z,final,2426,2329,Navy,Lehigh,75,72,,,,0,,,,,,,,,,2,,0,Annapolis,MD,1,12,,,,-5.0,"33,42","33,39",,,,,,,,
ncaab:400919073,ncaab,2017-01-19T00:00Z,final,349,107,Army,Holy Cross,76,85,,,,0,,,,,,,,,,2,,0,West Point,NY,1,47,,,,-5.0,"45,31","35,50",,,,,,,,
ncaab:400919074,ncaab,2017-01-19T00:00Z,final,2083,2352,Bucknell,Loyola MD,76,63,,,,0,,,,,,,,,,2,,0,Lewisburg,PA,1,144,,,,-5.0,"46,30","26,37",,,,,,,,
ncaab:400916215,ncaab,2017-01-19T00:30Z,final,2641,2628,Texas Tech,TCU,75,69,,,,0,,,,,,,,,,2,,0,Lubbock,TX,1,976,,,,-6.0,"41,34","33,36",,,,,,,,
ncaab:400916588,ncaab,2017-01-19T00:30Z,final,202,2655,Tulsa,Tulane,89,82,,,,0,,,,,,,,,,2,,0,Tulsa,OK,1,220,,,,-6.0,"42,47","28,54",,,,,,,,
ncaab:400919075,ncaab,2017-01-19T00:30Z,final,44,322,American,Lafayette,71,57,,,,0,,,,,,,,,,2,,0,Washington,DC,1,7,,,,-5.0,"27,44","21,36",,,,,,,,
ncaab:400915385,ncaab,2017-01-19T01:00Z,final,103,258,Boston College,Virginia,54,71,,,,0,,,,,,,,,,2,,0,Chestnut Hill,MA,1,60,,,,-5.0,"25,29","42,29",,,,,,,,
ncaab:400915386,ncaab,2017-01-19T01:00Z,final,154,2390,Wake Forest,Miami,96,79,,,,0,,,,,,,,,,2,,0,Winston-Salem,NC,1,293,,,,-5.0,"48,48","34,45",,,,,,,,
ncaab:400917949,ncaab,2017-01-19T01:00Z,final,2437,2172,Omaha,Denver,97,88,,,,0,,,,,,,,,,2,,0,Omaha,NE,1,323,,,,-6.0,"48,49","34,54",,,,,,,,
ncaab:400917950,ncaab,2017-01-19T01:00Z,final,198,233,Oral Roberts,South Dakota,90,80,,,,0,,,,,,,,,,2,,0,Tulsa,OK,1,220,,,,-6.0,"38,52","41,39",,,,,,,,
ncaab:400918145,ncaab,2017-01-19T01:00Z,final,2181,79,Drake,S Illinois,88,84,,,,0,,,,,,,,,,2,,0,Des Moines,IA,1,266,,,,-6.0,"38,38,12","34,42,8",,,,,,,,
ncaab:400918164,ncaab,2017-01-19T01:00Z,final,2460,2350,Northern Iowa,Loyola Chicago,72,69,,,,0,,,,,,,,,,2,,0,Cedar Falls,IA,1,268,,,,-6.0,"24,29,5,14","28,25,5,11",,,,,,,,
ncaab:400922031,ncaab,2017-01-19T01:00Z,final,2377,2110,McNeese,C Arkansas,82,72,,,,0,,,,,,,,,,2,,0,Lake Charles,LA,1,4,,,,-6.0,"45,37","34,38",,,,,,,,
ncaab:400918063,ncaab,2017-01-19T01:05Z,final,2130,3163,Chicago St,Roosevelt,77,57,,,,0,,,,,,,,,,2,,0,Chicago,IL,1,179,,,,-6.0,"43,34","35,22",,,,,,,,
ncaab:400910621,ncaab,2017-01-19T01:30Z,final,2,99,Auburn,LSU,78,74,,,,0,,,,,,,,,,2,,0,Auburn,AL,1,215,,,,-6.0,"35,43","32,42",,,,,,,,
ncaab:400915112,ncaab,2017-01-19T02:00Z,final,158,194,Nebraska,Ohio State,66,67,,,,0,,,,,,,,,,2,,0,Lincoln,NE,1,367,,,,-6.0,"40,26","32,35",,,,,,,,
ncaab:400915387,ncaab,2017-01-19T02:00Z,final,259,59,Virginia Tech,Georgia Tech,62,61,,,,0,,,,,,,,,,2,,0,Blacksburg,VA,1,633,,,,-5.0,"28,34","29,32",,,,,,,,
ncaab:400915628,ncaab,2017-01-19T02:00Z,final,265,254,Washington St,Utah,47,88,,,,0,,,,,,,,,,2,,0,Pullman,WA,1,717,,,,-8.0,"24,23","43,45",,,,,,,,
ncaab:400916217,ncaab,2017-01-19T02:00Z,final,197,2306,Oklahoma St,Kansas St,88,96,,,,0,,,,,,,,,,2,,0,Stillwater,OK,1,273,,,,-6.0,"54,34","51,45",,,,,,,,
ncaab:400918227,ncaab,2017-01-19T02:00Z,final,71,2287,Bradley,Illinois St,49,69,,,,0,,,,,,,,,,2,,0,Peoria,IL,1,153,,,,-6.0,"17,32","36,33",,,,,,,,
ncaab:400918876,ncaab,2017-01-19T03:00Z,final,13,300,Cal Poly,UC Irvine,48,70,,,,0,,,,,,,,,,2,,0,San Luis Obispo,CA,1,71,,,,-8.0,"22,26","31,39",,,,,,,,
ncaab:400918894,ncaab,2017-01-19T03:00Z,final,2239,27,Fullerton,UC Riverside,63,71,,,,0,,,,,,,,,,2,,0,Fullerton,CA,1,50,,,,-8.0,"32,31","33,38",,,,,,,,
ncaab:400919808,ncaab,2017-01-19T03:00Z,final,2440,2005,Nevada,Air Force,83,76,,,,0,,,,,,,,,,2,,0,Reno,NV,1,1373,,,,-8.0,"42,41","27,49",,,,,,,,
ncaab:400919933,ncaab,2017-01-19T03:00Z,final,23,2751,San José St,Wyoming,70,80,,,,0,,,,,,,,,,2,,0,San Jose,CA,1,26,,,,-8.0,"31,39","50,30",,,,,,,,
ncaab:400915629,ncaab,2017-01-19T04:00Z,final,264,38,Washington,Colorado,85,83,,,,0,,,,,,,,,,2,,0,Seattle,WA,1,56,,,,-8.0,"24,43,18","39,28,16",,,,,,,,
ncaab:400919844,ncaab,2017-01-19T04:00Z,final,278,36,Fresno St,Colorado St,78,57,,,,0,,,,,,,,,,2,,0,Fresno,CA,1,94,,,,-8.0,"37,41","25,32",,,,,,,,
ncaab:400918913,ncaab,2017-01-19T04:59Z,final,62,2463,Hawai'i,CSU Northridge,80,77,,,,0,,,,,,,,,,2,,0,Honolulu,HI,1,5,,,,-10.0,"40,40","39,38",,,,,,,,
ncaab:400915010,ncaab,2017-01-20T00:00Z,final,2294,120,Iowa,Maryland,76,84,,,,0,,,,,,,,,,2,,0,Iowa City,IA,1,204,,,,-6.0,"32,44","41,43",,,,,,,,
ncaab:400916590,ncaab,2017-01-20T00:00Z,final,2567,41,SMU,UConn,69,49,,,,0,,,,,,,,,,2,,0,Dallas,TX,1,128,,,,-6.0,"36,33","15,34",,,,,,,,
ncaab:400916777,ncaab,2017-01-20T00:00Z,final,2097,2272,Campbell,High Point,78,83,,,,0,,,,,,,,,,2,,0,Buies Creek,NC,1,63,,,,-5.0,"41,37","35,48",,,,,,,,
ncaab:400916778,ncaab,2017-01-20T00:00Z,final,2506,2127,Presbyterian,Charleston So,52,73,,,,0,,,,,,,,,,2,,0,Clinton,SC,1,76,,,,-5.0,"23,29","38,35",,,,,,,,
ncaab:400916779,ncaab,2017-01-20T00:00Z,final,2335,2241,Liberty,Gardner-Webb,65,62,,,,0,,,,,,,,,,2,,0,Lynchburg,VA,1,192,,,,-5.0,"27,38","30,32",,,,,,,,
ncaab:400916780,ncaab,2017-01-20T00:00Z,final,2344,2515,Longwood,Radford,60,72,,,,0,,,,,,,,,,2,,0,Farmville,VA,1,90,,,,-5.0,"26,34","31,41",,,,,,,,
ncaab:400916932,ncaab,2017-01-20T00:00Z,final,2717,2643,W Carolina,The Citadel,100,95,,,,0,,,,,,,,,,2,,0,Cullowhee,NC,1,645,,,,-5.0,"43,57","42,53",,,,,,,,
ncaab:400916933,ncaab,2017-01-20T00:00Z,final,231,2193,Furman,ETSU,75,62,,,,0,,,,,,,,,,2,,0,Greenville,SC,1,307,,,,-5.0,"32,43","22,40",,,,,,,,
ncaab:400916934,ncaab,2017-01-20T00:00Z,final,2747,2678,Wofford,VMI,88,70,,,,0,,,,,,,,,,2,,0,Spartanburg,SC,1,246,,,,-5.0,"49,39","35,35",,,,,,,,
ncaab:400916935,ncaab,2017-01-20T00:00Z,final,2430,2382,UNC Greensboro,Mercer,68,66,,,,0,,,,,,,,,,2,,0,Greensboro,NC,1,266,,,,-5.0,"28,40","28,38",,,,,,,,
ncaab:400918270,ncaab,2017-01-20T00:00Z,final,2325,2166,La Salle,Davidson,91,83,,,,0,,,,,,,,,,2,,0,Philadelphia,PA,1,12,,,,-5.0,"49,42","40,43",,,,,,,,
ncaab:400918307,ncaab,2017-01-20T00:00Z,final,2168,257,Dayton,Richmond,75,59,,,,0,,,,,,,,,,2,,0,Dayton,OH,1,225,,,,-5.0,"40,35","29,30",,,,,,,,
ncaab:400918617,ncaab,2017-01-20T00:00Z,final,399,2066,UAlbany,Binghamton,84,65,,,,0,,,,,,,,,,2,,0,Albany,NY,1,45,,,,-5.0,"40,44","31,34",,,,,,,,
ncaab:400918670,ncaab,2017-01-20T00:00Z,final,2619,42,Stony Brook,Hartford,80,64,,,,0,,,,,,,,,,2,,0,Stony Brook,NY,1,27,,,,-5.0,"42,38","34,30",,,,,,,,
ncaab:400918694,ncaab,2017-01-20T00:00Z,final,311,160,Maine,New Hampshire,63,74,,,,0,,,,,,,,,,2,,0,Bangor,ME,1,36,,,,-5.0,"27,36","33,41",,,,,,,,
ncaab:400918710,ncaab,2017-01-20T00:00Z,final,261,2349,Vermont,UMass Lowell,81,67,,,,0,,,,,,,,,,2,,0,Burlington,VT,1,61,,,,-5.0,"40,41","31,36",,,,,,,,
ncaab:400918774,ncaab,2017-01-20T00:00Z,final,526,2908,FGCU,SC Upstate,60,62,,,,0,,,,,,,,,,2,,0,Fort Myers,FL,1,3,,,,-5.0,"30,30","32,30",,,,,,,,
ncaab:400918797,ncaab,2017-01-20T00:00Z,final,294,288,Jacksonville,Lipscomb,95,112,,,,0,,,,,,,,,,2,,0,Jacksonville,FL,1,5,,,,-5.0,"44,51","59,53",,,,,,,,
ncaab:400918827,ncaab,2017-01-20T00:00Z,final,56,2885,Stetson,NJIT,82,76,,,,0,,,,,,,,,,2,,0,DeLand,FL,1,12,,,,-5.0,"48,34","35,41",,,,,,,,
ncaab:400918838,ncaab,2017-01-20T00:00Z,final,2454,338,North Florida,Kennesaw St,86,84,,,,0,,,,,,,,,,2,,0,Jacksonville,FL,1,5,,,,-5.0,"39,47","42,42",,,,,,,,
ncaab:400919198,ncaab,2017-01-20T00:00Z,final,112358,2681,Long Island,Wagner,76,69,,,,0,,,,,,,,,,2,,0,Brooklyn,NY,1,15,,,,-5.0,"40,36","32,37",,,,,,,,
ncaab:400919199,ncaab,2017-01-20T00:00Z,final,2523,2115,Robert Morris,C Connecticut,74,67,,,,0,,,,,,,,,,2,,0,Moon Township,PA,1,358,,,,-5.0,"33,41","28,39",,,,,,,,
ncaab:400919200,ncaab,2017-01-20T00:00Z,final,2598,2803,Saint Francis,Bryant,75,61,,,,0,,,,,,,,,,2,,0,Loretto,PA,1,595,,,,-5.0,"42,33","30,31",,,,,,,,
ncaab:400919201,ncaab,2017-01-20T00:00Z,final,2529,116,Sacred Heart,Mount St Marys,75,86,,,,0,,,,,,,,,,2,,0,Fairfield,CT,1,4,,,,-8.0,"27,48","51,35",,,,,,,,
ncaab:400919202,ncaab,2017-01-20T00:00Z,final,161,2597,FDU,St Francis BK,57,40,,,,0,,,,,,,,,,2,,0,Hackensack,NJ,1,6,,,,-5.0,"32,25","17,23",,,,,,,,
ncaab:400919392,ncaab,2017-01-20T00:00Z,final,2229,2393,FIU,MTSU,52,65,,,,0,,,,,,,,,,2,,0,Miami,FL,1,2,,,,-5.0,"25,27","37,28",,,,,,,,
ncaab:400919569,ncaab,2017-01-20T00:00Z,final,232,350,Charleston,UNC Wilmington,59,65,,,,0,,,,,,,,,,2,,0,Charleston,SC,1,6,,,,-5.0,"28,31","30,35",,,,,,,,
ncaab:400919590,ncaab,2017-01-20T00:00Z,final,48,111,Delaware,Northeastern,69,62,,,,0,,,,,,,,,,2,,0,Newark,DE,1,38,,,,-5.0,"28,41","25,37",,,,,,,,
ncaab:400919607,ncaab,2017-01-20T00:00Z,final,2210,2182,Elon,Drexel,93,73,,,,0,,,,,,,,,,2,,0,Elon,NC,1,215,,,,-5.0,"42,51","32,41",,,,,,,,
ncaab:400919637,ncaab,2017-01-20T00:00Z,final,2275,119,Hofstra,Towson,80,86,,,,0,,,,,,,,,,2,,0,Hempstead,NY,1,17,,,,-5.0,"40,40","32,54",,,,,,,,
ncaab:400919768,ncaab,2017-01-20T00:00Z,final,2729,256,William & Mary,James Madison,73,72,,,,0,,,,,,,,,,2,,0,Williamsburg,VA,1,25,,,,-5.0,"33,40","37,35",,,,,,,,
ncaab:400917804,ncaab,2017-01-20T00:30Z,final,2546,2565,SE Missouri,SIUE,79,76,,,,0,,,,,,,,,,2,,0,Cape Girardeau,MO,1,108,,,,-6.0,"31,48","34,42",,,,,,,,
ncaab:400919415,ncaab,2017-01-20T00:30Z,final,2348,242,Louisiana Tech,Rice,74,64,,,,0,,,,,,,,,,2,,0,Ruston,LA,1,102,,,,-6.0,"46,28","33,31",,,,,,,,
ncaab:400922109,ncaab,2017-01-20T00:30Z,final,2534,2320,Sam Houston,Lamar,87,65,,,,0,,,,,,,,,,2,,0,Huntsville,TX,1,113,,,,-6.0,"41,46","40,25",,,,,,,,
ncaab:400916392,ncaab,2017-01-20T01:00Z,final,155,2692,North Dakota,Weber St,83,77,,,,0,,,,,,,,,,2,,0,Grand Forks,ND,1,253,,,,-6.0,"35,48","40,37",,,,,,,,
ncaab:400917591,ncaab,2017-01-20T01:00Z,final,2612,2561,Saint Peter's,Siena,77,65,,,,0,,,,,,,,,,2,,0,Jersey City,NJ,1,9,,,,-5.0,"41,36","30,35",,,,,,,,
ncaab:400917801,ncaab,2017-01-20T01:00Z,final,2046,2413,Austin Peay,Morehead St,82,89,,,,0,,,,,,,,,,2,,0,Clarksville,TN,1,145,,,,-6.0,"42,40","38,51",,,,,,,,
ncaab:400917802,ncaab,2017-01-20T01:00Z,final,2057,55,Belmont,Jax State,77,60,,,,0,,,,,,,,,,2,,0,Nashville,TN,1,170,,,,-6.0,"35,42","27,33",,,,,,,,
ncaab:400917803,ncaab,2017-01-20T01:00Z,final,2630,2197,UT Martin,E Illinois,82,71,,,,0,,,,,,,,,,2,,0,Martin,TN,1,124,,,,-6.0,"34,24,6,18","33,25,6,7",,,,,,,,
ncaab:400917805,ncaab,2017-01-20T01:00Z,final,93,2198,Murray St,E Kentucky,86,79,,,,0,,,,,,,,,,2,,0,Murray,KY,1,163,,,,-6.0,"42,44","37,42",,,,,,,,
ncaab:400917806,ncaab,2017-01-20T01:00Z,final,2634,2635,Tennessee St,Tennessee Tech,74,80,,,,0,,,,,,,,,,2,,0,Nashville,TN,1,170,,,,-6.0,"29,35,10","32,32,16",,,,,,,,
ncaab:400917951,ncaab,2017-01-20T01:00Z,final,2449,2870,N Dakota St,Purdue FW,89,83,,,,0,,,,,,,,,,2,,0,Fargo,ND,1,276,,,,-6.0,"49,40","42,41",,,,,,,,
ncaab:400919373,ncaab,2017-01-20T01:00Z,final,2226,5,FAU,UAB,78,80,,,,0,,,,,,,,,,2,,0,Boca Raton,FL,1,4,,,,-5.0,"32,46","41,39",,,,,,,,
ncaab:400919463,ncaab,2017-01-20T01:00Z,final,2572,249,Southern Miss,North Texas,75,65,,,,0,,,,,,,,,,2,,0,Hattiesburg,MS,1,52,,,,-6.0,"31,44","20,45",,,,,,,,
ncaab:400922051,ncaab,2017-01-20T01:00Z,final,2443,2277,LSU N Orleans,Hou Christian,72,64,,,,0,,,,,,,,,,2,,0,New Orleans,LA,1,0,,,,-6.0,"36,36","25,39",,,,,,,,
ncaab:400922189,ncaab,2017-01-20T01:00Z,final,357,2617,Texas A&M-CC,SF Austin,58,61,,,,0,,,,,,,,,,2,,0,Corpus Christi,TX,1,2,,,,-6.0,"16,42","24,37",,,,,,,,
ncaab:400915388,ncaab,2017-01-20T02:00Z,final,97,228,Louisville,Clemson,92,60,,,,0,,,,,,,,,,2,,0,Louisville,KY,1,142,,,,-5.0,"41,51","31,29",,,,,,,,
ncaab:400915630,ncaab,2017-01-20T02:00Z,final,2483,25,Oregon,California,86,63,,,,0,,,,,,,,,,2,,0,Eugene,OR,1,131,,,,-8.0,"44,42","30,33",,,,,,,,
ncaab:400915631,ncaab,2017-01-20T02:00Z,final,30,12,USC,Arizona,66,73,,,,0,,,,,,,,,,2,,0,Los Angeles,CA,1,89,,,,-8.0,"19,47","29,44",,,,,,,,
ncaab:400915834,ncaab,2017-01-20T02:00Z,final,252,2492,BYU,Pepperdine,99,70,,,,0,,,,,,,,,,2,,0,Provo,UT,1,1387,,,,-7.0,"51,48","35,35",,,,,,,,
ncaab:400916393,ncaab,2017-01-20T02:00Z,final,2458,304,N Colorado,Idaho St,69,73,,,,0,,,,,,,,,,2,,0,Greeley,CO,1,1425,,,,-7.0,"43,26","32,41",,,,,,,,
ncaab:400916591,ncaab,2017-01-20T02:00Z,final,248,235,Houston,Memphis,67,70,,,,0,,,,,,,,,,2,,0,Houston,TX,1,12,,,,-6.0,"34,30,3","30,34,6",,,,,,,,
ncaab:400916781,ncaab,2017-01-20T02:00Z,final,2737,2427,Winthrop,UNC Asheville,76,73,,,,0,,,,,,,,,,2,,0,Rock Hill,SC,1,207,,,,-5.0,"36,40","41,32",,,,,,,,
ncaab:400921975,ncaab,2017-01-20T02:00Z,final,2447,2000,Nicholls,Abilene Chrstn,62,59,,,,0,,,,,,,,,,2,,0,Thibodaux,LA,1,4,,,,-6.0,"28,34","32,27",,,,,,,,
ncaab:400916391,ncaab,2017-01-20T02:05Z,final,331,2464,E Washington,N Arizona,84,62,,,,0,,,,,,,,,,2,,0,Cheney,WA,1,717,,,,-8.0,"37,47","31,31",,,,,,,,
ncaab:400915835,ncaab,2017-01-20T03:00Z,final,2351,301,LMU,San Diego,62,69,,,,0,,,,,,,,,,2,,0,Los Angeles,CA,1,89,,,,-8.0,"22,40","35,34",,,,,,,,
ncaab:400915837,ncaab,2017-01-20T03:00Z,final,2539,2501,San Francisco,Portland,75,50,,,,0,,,,,,,,,,2,,0,San Francisco,CA,1,16,,,,-8.0,"35,40","24,26",,,,,,,,
ncaab:400916394,ncaab,2017-01-20T03:00Z,final,70,253,Idaho,Southern Utah,79,67,,,,0,,,,,,,,,,2,,0,Moscow,ID,1,786,,,,-8.0,"28,51","27,40",,,,,,,,
ncaab:400916395,ncaab,2017-01-20T03:05Z,final,2502,149,Portland St,Montana,88,79,,,,0,,,,,,,,,,2,,0,Portland,OR,1,12,,,,-8.0,"37,51","34,45",,,,,,,,
ncaab:400916396,ncaab,2017-01-20T03:05Z,final,16,147,Sacramento St,Montana St,65,74,,,,0,,,,,,,,,,2,,0,Sacramento,CA,1,9,,,,-8.0,"24,41","35,39",,,,,,,,
ncaab:400918946,ncaab,2017-01-20T03:30Z,final,299,2540,Long Beach St,Santa Barbara,81,76,,,,0,,,,,,,,,,2,,0,Long Beach,CA,1,9,,,,-8.0,"47,34","37,39",,,,,,,,
ncaab:400915632,ncaab,2017-01-20T04:00Z,final,204,24,Oregon St,Stanford,46,62,,,,0,,,,,,,,,,2,,0,Corvallis,OR,1,71,,,,-8.0,"25,21","27,35",,,,,,,,
ncaab:400915633,ncaab,2017-01-20T04:00Z,final,26,9,UCLA,Arizona St,102,80,,,,0,,,,,,,,,,2,,0,Los Angeles,CA,1,89,,,,-8.0,"54,48","39,41",,,,,,,,
ncaab:400915836,ncaab,2017-01-20T04:00Z,final,2608,279,Saint Mary's,Pacific,62,50,,,,0,,,,,,,,,,2,,0,Moraga,CA,1,152,,,,-8.0,"33,29","25,25",,,,,,,,
ncaab:400915838,ncaab,2017-01-20T04:00Z,final,2541,2250,Santa Clara,Gonzaga,57,88,,,,0,,,,,,,,,,2,,0,Santa Clara,CA,1,23,,,,-8.0,"22,35","38,50",,,,,,,,
ncaab:400917133,ncaab,2017-01-20T23:30Z,final,2006,2199,Akron,E Michigan,70,63,,,,0,,,,,,,,,,2,,0,Akron,OH,1,291,,,,-5.0,"38,32","28,35",,,,,,,,
ncaab:400917592,ncaab,2017-01-21T00:00Z,final,314,2217,Iona,Fairfield,96,89,,,,0,,,,,,,,,,2,,0,New Rochelle,NY,1,26,,,,-5.0,"47,49","35,54",,,,,,,,
ncaab:400917593,ncaab,2017-01-21T00:00Z,final,2405,2363,Monmouth,Manhattan,82,71,,,,0,,,,,,,,,,2,,0,West Long Branch,NJ,1,9,,,,-5.0,"33,49","34,37",,,,,,,,
ncaab:400917594,ncaab,2017-01-21T00:00Z,final,2514,2099,Quinnipiac,Canisius,95,90,,,,0,,,,,,,,,,2,,0,Hamden,CT,1,31,,,,-5.0,"47,48","32,58",,,,,,,,
ncaab:400918507,ncaab,2017-01-21T00:00Z,final,2750,2174,Wright St,Detroit Mercy,106,88,,,,0,,,,,,,,,,2,,0,Dayton,OH,1,225,,,,-5.0,"60,46","38,50",,,,,,,,
ncaab:400918571,ncaab,2017-01-21T00:00Z,final,94,2473,N Kentucky,Oakland,70,79,,,,0,,,,,,,,,,2,,0,Highland Heights,KY,1,260,,,,-5.0,"42,28","38,41",,,,,,,,
ncaab:400918487,ncaab,2017-01-21T01:00Z,final,270,325,Milwaukee,Cleveland St,63,62,,,,0,,,,,,,,,,2,,0,Milwaukee,WI,1,188,,,,-6.0,"24,39","34,28",,,,,,,,
ncaab:400918524,ncaab,2017-01-21T01:00Z,final,2739,2754,Green Bay,Youngstown St,89,92,,,,0,,,,,,,,,,2,,0,Ashwaubenon,WI,1,185,,,,-6.0,"45,44","43,49",,,,,,,,
ncaab:400919266,ncaab,2017-01-21T01:00Z,final,225,43,Brown,Yale,74,75,,,,0,,,,,,,,,,2,,0,Providence,RI,1,2,,,,-5.0,"40,34","28,47",,,,,,,,
ncaab:400910646,ncaab,2017-01-21T17:00Z,final,57,238,Florida,Vanderbilt,66,68,,,,0,,,,,,,,,,2,,0,Gainesville,FL,1,54,,,,-5.0,"32,34","27,41",,,,,,,,
ncaab:400910671,ncaab,2017-01-21T17:00Z,final,245,61,Texas A&M,Georgia,63,62,,,,0,,,,,,,,,,2,,0,College Station,TX,1,103,,,,-6.0,"29,34","39,23",,,,,,,,
ncaab:400915113,ncaab,2017-01-21T17:00Z,final,164,158,Rutgers,Nebraska,65,64,,,,0,,,,,,,,,,2,,0,Piscataway,NJ,1,30,,,,-5.0,"31,34","21,43",,,,,,,,
ncaab:400915177,ncaab,2017-01-21T17:00Z,final,2509,213,Purdue,Penn State,77,52,,,,0,,,,,,,,,,2,,0,West Lafayette,IN,1,186,,,,-5.0,"41,36","23,29",,,,,,,,
ncaab:400915389,ncaab,2017-01-21T17:00Z,final,103,153,Boston College,North Carolina,82,90,,,,0,,,,,,,,,,2,,0,Chestnut Hill,MA,1,60,,,,-5.0,"33,49","34,56",,,,,,,,
ncaab:400915390,ncaab,2017-01-21T17:00Z,final,87,183,Notre Dame,Syracuse,84,66,,,,0,,,,,,,,,,2,,0,South Bend,IN,1,211,,,,-5.0,"41,43","32,34",,,,,,,,
ncaab:400916785,ncaab,2017-01-21T17:00Z,final,2515,2272,Radford,High Point,58,61,,,,0,,,,,,,,,,2,,0,Radford,VA,1,567,,,,-5.0,"22,36","27,34",,,,,,,,
ncaab:400917808,ncaab,2017-01-21T17:00Z,final,2057,2635,Belmont,Tennessee Tech,82,70,,,,0,,,,,,,,,,2,,0,Nashville,TN,1,170,,,,-6.0,"35,47","35,35",,,,,,,,
ncaab:400919689,ncaab,2017-01-21T17:00Z,final,222,2507,Villanova,Providence,78,68,,,,0,,,,,,,,,,2,,0,Philadelphia,PA,1,12,,,,-5.0,"35,43","31,37",,,,,,,,
ncaab:400918352,ncaab,2017-01-21T17:30Z,final,113,2230,UMass,Fordham,68,71,,,,0,,,,,,,,,,2,,0,Amherst,MA,1,82,,,,-5.0,"35,33","42,29",,,,,,,,
ncaab:400916592,ncaab,2017-01-21T18:00Z,final,58,202,South Florida,Tulsa,67,79,,,,0,,,,,,,,,,2,,0,Tampa,FL,1,1,,,,-5.0,"30,37","35,44",,,,,,,,
ncaab:400917952,ncaab,2017-01-21T18:00Z,final,85,2172,IU Indy,Denver,74,78,,,,0,,,,,,,,,,2,,0,Indianapolis,IN,1,218,,,,-5.0,"43,31","38,40",,,,,,,,
ncaab:400919076,ncaab,2017-01-21T18:30Z,final,349,2426,Army,Navy,80,96,,,,0,,,,,,,,,,2,,0,West Point,NY,1,47,,,,-5.0,"37,38,5","30,45,21",,,,,,,,
ncaab:400921258,ncaab,2017-01-21T18:30Z,final,2117,193,C Michigan,Miami OH,101,92,,,,0,,,,,,,,,,2,,0,Mount Pleasant,MI,1,235,,,,-5.0,"35,66","45,47",,,,,,,,
ncaab:400911035,ncaab,2017-01-21T19:00Z,final,2305,251,Kansas,Texas,79,67,,,,0,,,,,,,,,,2,,0,Lawrence,KS,1,263,,,,-6.0,"41,38","33,34",,,,,,,,
ncaab:400915391,ncaab,2017-01-21T19:00Z,final,52,97,Florida St,Louisville,73,68,,,,0,,,,,,,,,,2,,0,Tallahassee,FL,1,62,,,,-5.0,"41,32","35,33",,,,,,,,
ncaab:400915392,ncaab,2017-01-21T19:00Z,final,152,154,NC State,Wake Forest,88,93,,,,0,,,,,,,,,,2,,0,Raleigh,NC,1,96,,,,-5.0,"44,44","43,50",,,,,,,,
ncaab:400915393,ncaab,2017-01-21T19:00Z,final,258,59,Virginia,Georgia Tech,62,49,,,,0,,,,,,,,,,2,,0,Charlottesville,VA,1,142,,,,-5.0,"35,27","28,21",,,,,,,,
ncaab:400916218,ncaab,2017-01-21T19:00Z,final,201,66,Oklahoma,Iowa State,87,92,,,,0,,,,,,,,,,2,,0,Norman,OK,1,357,,,,-6.0,"29,40,9,9","30,39,9,14",,,,,,,,
ncaab:400916219,ncaab,2017-01-21T19:00Z,final,2641,197,Texas Tech,Oklahoma St,64,83,,,,0,,,,,,,,,,2,,0,Lubbock,TX,1,976,,,,-6.0,"30,34","46,37",,,,,,,,
ncaab:400916937,ncaab,2017-01-21T19:00Z,final,2717,2382,W Carolina,Mercer,50,70,,,,0,,,,,,,,,,2,,0,Cullowhee,NC,1,645,,,,-5.0,"23,27","43,27",,,,,,,,
ncaab:400917595,ncaab,2017-01-21T19:00Z,final,2612,315,Saint Peter's,Niagara,55,57,,,,0,,,,,,,,,,2,,0,Jersey City,NJ,1,9,,,,-5.0,"33,22","29,28",,,,,,,,
ncaab:400919077,ncaab,2017-01-21T19:00Z,final,2083,104,Bucknell,Boston U,70,59,,,,0,,,,,,,,,,2,,0,Lewisburg,PA,1,144,,,,-5.0,"22,48","29,30",,,,,,,,
ncaab:400919078,ncaab,2017-01-21T19:00Z,final,2142,2352,Colgate,Loyola MD,52,49,,,,0,,,,,,,,,,2,,0,Hamilton,NY,1,181,,,,-5.0,"26,26","22,27",,,,,,,,
ncaab:400919314,ncaab,2017-01-21T19:00Z,final,108,159,Harvard,Dartmouth,82,68,,,,0,,,,,,,,,,2,,0,Cambridge,MA,1,5,,,,-5.0,"34,48","35,33",,,,,,,,
ncaab:400919591,ncaab,2017-01-21T19:00Z,final,48,119,Delaware,Towson,58,75,,,,0,,,,,,,,,,2,,0,Newark,DE,1,38,,,,-5.0,"23,35","40,35",,,,,,,,
ncaab:400919690,ncaab,2017-01-21T19:00Z,final,305,2086,DePaul,Butler,69,70,,,,0,,,,,,,,,,2,,0,Rosemont,IL,1,194,,,,-6.0,"33,26,10","31,28,11",,,,,,,,
ncaab:400914963,ncaab,2017-01-21T19:15Z,final,130,356,Michigan,Illinois,66,57,,,,0,,,,,,,,,,2,,0,Ann Arbor,MI,1,269,,,,-5.0,"34,32","24,33",,,,,,,,
ncaab:400916040,ncaab,2017-01-21T19:15Z,final,2247,324,Georgia St,Coastal,76,56,,,,0,,,,,,,,,,2,,0,Atlanta,GA,1,320,,,,-5.0,"28,48","17,39",,,,,,,,
ncaab:400917132,ncaab,2017-01-21T19:30Z,final,189,2050,Bowling Green,Ball State,79,74,,,,0,,,,,,,,,,2,,0,Bowling Green,OH,1,212,,,,-5.0,"44,35","34,40",,,,,,,,
ncaab:400917136,ncaab,2017-01-21T19:30Z,final,2084,2711,Buffalo,W Michigan,66,54,,,,0,,,,,,,,,,2,,0,Buffalo,NY,1,183,,,,-5.0,"28,38","33,21",,,,,,,,
ncaab:400918331,ncaab,2017-01-21T19:30Z,final,2184,227,Duquesne,Rhode Island,69,90,,,,0,,,,,,,,,,2,,0,Pittsburgh,PA,1,233,,,,-5.0,"31,38","41,49",,,,,,,,
ncaab:400919691,ncaab,2017-01-21T19:30Z,final,156,269,Creighton,Marquette,94,102,,,,0,,,,,,,,,,2,,0,Omaha,NE,1,323,,,,-6.0,"40,54","50,52",,,,,,,,
ncaab:400916398,ncaab,2017-01-21T20:00Z,final,155,304,North Dakota,Idaho St,89,64,,,,0,,,,,,,,,,2,,0,Grand Forks,ND,1,253,,,,-6.0,"35,54","36,28",,,,,,,,
ncaab:400916784,ncaab,2017-01-21T20:00Z,final,2241,2506,Gardner-Webb,Presbyterian,78,61,,,,0,,,,,,,,,,2,,0,Boiling Springs,NC,1,269,,,,-5.0,"38,40","24,37",,,,,,,,
ncaab:400917953,ncaab,2017-01-21T20:00Z,final,2710,2449,W Illinois,N Dakota St,57,89,,,,0,,,,,,,,,,2,,0,Macomb,IL,1,215,,,,-6.0,"22,35","48,41",,,,,,,,
ncaab:400918121,ncaab,2017-01-21T20:00Z,final,2724,282,Wichita St,Indiana St,84,58,,,,0,,,,,,,,,,2,,0,Wichita,KS,1,396,,,,-6.0,"37,47","22,36",,,,,,,,
ncaab:400918183,ncaab,2017-01-21T20:00Z,final,2623,71,Missouri St,Bradley,76,62,,,,0,,,,,,,,,,2,,0,Springfield,MO,1,396,,,,-6.0,"41,35","31,31",,,,,,,,
ncaab:400919205,ncaab,2017-01-21T20:00Z,final,2598,2115,Saint Francis,C Connecticut,83,84,,,,0,,,,,,,,,,2,,0,Loretto,PA,1,595,,,,-5.0,"34,39,10","36,37,11",,,,,,,,
ncaab:400910751,ncaab,2017-01-21T20:30Z,final,142,145,Missouri,Ole Miss,71,75,,,,0,,,,,,,,,,2,,0,Columbia,MO,1,215,,,,-6.0,"33,38","39,36",,,,,,,,
ncaab:400919206,ncaab,2017-01-21T20:30Z,final,2529,2681,Sacred Heart,Wagner,62,67,,,,0,,,,,,,,,,2,,0,Fairfield,CT,1,4,,,,-8.0,"34,28","29,38",,,,,,,,
ncaab:400910556,ncaab,2017-01-21T21:00Z,final,2,333,Auburn,Alabama,84,64,,,,0,,,,,,,,,,2,,0,Auburn,AL,1,215,,,,-6.0,"30,54","30,34",,,,,,,,
ncaab:400914980,ncaab,2017-01-21T21:00Z,final,84,127,Indiana,Michigan St,82,75,,,,0,,,,,,,,,,2,,0,Bloomington,IN,1,235,,,,-5.0,"44,38","30,45",,,,,,,,
ncaab:400915634,ncaab,2017-01-21T21:00Z,final,265,38,Washington St,Colorado,91,89,,,,0,,,,,,,,,,2,,0,Pullman,WA,1,717,,,,-8.0,"39,44,8","35,48,6",,,,,,,,
ncaab:400915635,ncaab,2017-01-21T21:00Z,final,26,12,UCLA,Arizona,85,96,,,,0,,,,,,,,,,2,,0,Los Angeles,CA,1,89,,,,-8.0,"37,48","48,48",,,,,,,,
ncaab:400915843,ncaab,2017-01-21T21:00Z,final,2541,2351,Santa Clara,LMU,64,63,,,,0,,,,,,,,,,2,,0,Santa Clara,CA,1,23,,,,-8.0,"36,28","35,28",,,,,,,,
ncaab:400916593,ncaab,2017-01-21T21:00Z,final,2655,2132,Tulane,Cincinnati,61,78,,,,0,,,,,,,,,,2,,0,New Orleans,LA,1,0,,,,-6.0,"22,39","38,40",,,,,,,,
ncaab:400916938,ncaab,2017-01-21T21:00Z,final,231,2678,Furman,VMI,89,72,,,,0,,,,,,,,,,2,,0,Greenville,SC,1,307,,,,-5.0,"47,42","24,48",,,,,,,,
ncaab:400917954,ncaab,2017-01-21T21:00Z,final,198,2437,Oral Roberts,Omaha,103,86,,,,0,,,,,,,,,,2,,0,Tulsa,OK,1,220,,,,-6.0,"47,56","39,47",,,,,,,,
ncaab:400918202,ncaab,2017-01-21T21:00Z,final,2350,339,Loyola Chicago,Evansville,67,61,,,,0,,,,,,,,,,2,,0,Chicago,IL,1,179,,,,-6.0,"30,37","28,33",,,,,,,,
ncaab:400918852,ncaab,2017-01-21T21:00Z,final,56,2908,Stetson,SC Upstate,86,97,,,,0,,,,,,,,,,2,,0,DeLand,FL,1,12,,,,-5.0,"47,39","46,51",,,,,,,,
ncaab:400919203,ncaab,2017-01-21T21:00Z,final,2523,2803,Robert Morris,Bryant,56,59,,,,0,,,,,,,,,,2,,0,Moon Township,PA,1,358,,,,-5.0,"29,27","22,37",,,,,,,,
ncaab:400919204,ncaab,2017-01-21T21:00Z,final,161,112358,FDU,Long Island,83,66,,,,0,,,,,,,,,,2,,0,Hackensack,NJ,1,6,,,,-5.0,"40,43","28,38",,,,,,,,
ncaab:400919207,ncaab,2017-01-21T21:00Z,final,2597,116,St Francis BK,Mount St Marys,47,55,,,,0,,,,,,,,,,2,,0,Brooklyn,NY,1,15,,,,-5.0,"23,24","29,26",,,,,,,,
ncaab:400919570,ncaab,2017-01-21T21:00Z,final,232,256,Charleston,James Madison,73,60,,,,0,,,,,,,,,,2,,0,Charleston,SC,1,6,,,,-5.0,"31,42","27,33",,,,,,,,
ncaab:400919608,ncaab,2017-01-21T21:00Z,final,350,2182,UNC Wilmington,Drexel,87,74,,,,0,,,,,,,,,,2,,0,Wilmington,NC,1,9,,,,-5.0,"43,44","40,34",,,,,,,,
ncaab:400919638,ncaab,2017-01-21T21:00Z,final,2275,111,Hofstra,Northeastern,78,73,,,,0,,,,,,,,,,2,,0,Hempstead,NY,1,17,,,,-5.0,"41,37","32,41",,,,,,,,
ncaab:400920369,ncaab,2017-01-21T21:00Z,final,2065,2379,Bethune,MD Eastern,79,82,,,,0,,,,,,,,,,2,,0,Daytona Beach,FL,1,4,,,,-5.0,"42,37","33,49",,,,,,,,
ncaab:400920423,ncaab,2017-01-21T21:00Z,final,2569,2169,SC State,Delaware St,74,64,,,,0,,,,,,,,,,2,,0,Orangeburg,SC,1,74,,,,-5.0,"33,41","28,36",,,,,,,,
ncaab:400920451,ncaab,2017-01-21T21:00Z,final,2448,47,NC A&T,Howard,63,78,,,,0,,,,,,,,,,2,,0,Greensboro,NC,1,266,,,,-5.0,"28,35","35,43",,,,,,,,
ncaab:400922110,ncaab,2017-01-21T21:00Z,final,2447,2320,Nicholls,Lamar,76,87,,,,0,,,,,,,,,,2,,0,Thibodaux,LA,1,4,,,,-6.0,"40,36","34,53",,,,,,,,
ncaab:400922128,ncaab,2017-01-21T21:00Z,final,2377,2466,McNeese,N'Western St,65,78,,,,0,,,,,,,,,,2,,0,Lake Charles,LA,1,4,,,,-6.0,"23,42","31,47",,,,,,,,
ncaab:400916397,ncaab,2017-01-21T21:05Z,final,331,253,E Washington,Southern Utah,83,68,,,,0,,,,,,,,,,2,,0,Cheney,WA,1,717,,,,-8.0,"47,36","22,46",,,,,,,,
ncaab:400914936,ncaab,2017-01-21T21:30Z,final,135,275,Minnesota,Wisconsin,76,78,,,,0,,,,,,,,,,2,,0,Minneapolis,MN,1,253,,,,-6.0,"34,33,9","32,35,11",,,,,,,,
ncaab:400916782,ncaab,2017-01-21T21:30Z,final,2427,2097,UNC Asheville,Campbell,72,56,,,,0,,,,,,,,,,2,,0,Asheville,NC,1,649,,,,-5.0,"34,38","28,28",,,,,,,,
ncaab:400917134,ncaab,2017-01-21T21:30Z,final,2459,195,N Illinois,Ohio,69,78,,,,0,,,,,,,,,,2,,0,Dekalb,IL,1,268,,,,-6.0,"32,37","39,39",,,,,,,,
ncaab:400916045,ncaab,2017-01-21T22:00Z,final,290,2026,GA Southern,App State,92,88,,,,0,,,,,,,,,,2,,0,Statesboro,GA,1,77,,,,-5.0,"37,55","32,56",,,,,,,,
ncaab:400916936,ncaab,2017-01-21T22:00Z,final,236,2535,Chattanooga,Samford,82,78,,,,0,,,,,,,,,,2,,0,Chattanooga,TN,1,206,,,,-5.0,"39,43","32,46",,,,,,,,
ncaab:400916939,ncaab,2017-01-21T22:00Z,final,2430,2643,UNC Greensboro,The Citadel,81,72,,,,0,,,,,,,,,,2,,0,Greensboro,NC,1,266,,,,-5.0,"32,49","29,43",,,,,,,,
ncaab:400919492,ncaab,2017-01-21T22:00Z,final,2572,242,Southern Miss,Rice,58,61,,,,0,,,,,,,,,,2,,0,Hattiesburg,MS,1,52,,,,-6.0,"16,42","34,27",,,,,,,,
ncaab:400919826,ncaab,2017-01-21T22:00Z,final,23,68,San José St,Boise St,65,75,,,,0,,,,,,,,,,2,,0,San Jose,CA,1,26,,,,-8.0,"30,35","43,32",,,,,,,,
ncaab:400922032,ncaab,2017-01-21T22:00Z,final,2110,2443,C Arkansas,LSU N Orleans,63,81,,,,0,,,,,,,,,,2,,0,Conway,AR,1,95,,,,-6.0,"32,31","34,47",,,,,,,,
ncaab:400923016,ncaab,2017-01-21T22:00Z,final,2400,2504,Miss Valley St,Prairie View,72,87,,,,0,,,,,,,,,,2,,0,Itta Bena,MS,1,40,,,,-6.0,"31,41","39,48",,,,,,,,
ncaab:400917809,ncaab,2017-01-21T22:15Z,final,2546,2197,SE Missouri,E Illinois,83,71,,,,0,,,,,,,,,,2,,0,Cape Girardeau,MO,1,108,,,,-6.0,"35,48","28,43",,,,,,,,
ncaab:400916041,ncaab,2017-01-21T22:30Z,final,250,2433,UT Arlington,UL Monroe,71,55,,,,0,,,,,,,,,,2,,0,Arlington,TX,1,184,,,,-6.0,"33,38","31,24",,,,,,,,
ncaab:400916042,ncaab,2017-01-21T22:30Z,final,326,309,Texas St,Louisiana,73,79,,,,0,,,,,,,,,,2,,0,San Marcos,TX,1,188,,,,-6.0,"28,45","37,42",,,,,,,,
ncaab:400916783,ncaab,2017-01-21T22:30Z,final,2127,2344,Charleston So,Longwood,76,61,,,,0,,,,,,,,,,2,,0,Charleston,SC,1,6,,,,-5.0,"34,42","29,32",,,,,,,,
ncaab:400917955,ncaab,2017-01-21T22:30Z,final,2571,2870,S Dakota St,Purdue FW,77,67,,,,0,,,,,,,,,,2,,0,Brookings,SD,1,494,,,,-6.0,"32,45","30,37",,,,,,,,
ncaab:400910695,ncaab,2017-01-21T23:00Z,final,96,2579,Kentucky,South Carolina,85,69,,,,0,,,,,,,,,,2,,0,Lexington,KY,1,295,,,,-5.0,"47,38","38,31",,,,,,,,
ncaab:400910733,ncaab,2017-01-21T23:00Z,final,2633,344,Tennessee,Mississippi St,91,74,,,,0,,,,,,,,,,2,,0,Knoxville,TN,1,276,,,,-5.0,"37,54","34,40",,,,,,,,
ncaab:400915636,ncaab,2017-01-21T23:00Z,final,2483,24,Oregon,Stanford,69,52,,,,0,,,,,,,,,,2,,0,Eugene,OR,1,131,,,,-8.0,"40,29","22,30",,,,,,,,
ncaab:400915841,ncaab,2017-01-21T23:00Z,final,279,252,Pacific,BYU,47,62,,,,0,,,,,,,,,,2,,0,Stockton,CA,1,4,,,,-8.0,"22,25","29,33",,,,,,,,
ncaab:400916220,ncaab,2017-01-21T23:00Z,final,2306,277,Kansas St,West Virginia,79,75,,,,0,,,,,,,,,,2,,0,Manhattan,KS,1,311,,,,-6.0,"36,43","38,37",,,,,,,,
ncaab:400916594,ncaab,2017-01-21T23:00Z,final,2567,248,SMU,Houston,85,64,,,,0,,,,,,,,,,2,,0,Dallas,TX,1,128,,,,-6.0,"42,43","25,39",,,,,,,,
ncaab:400919432,ncaab,2017-01-21T23:00Z,final,276,98,Marshall,Western KY,94,80,,,,0,,,,,,,,,,2,,0,Huntington,WV,1,173,,,,-5.0,"40,54","39,41",,,,,,,,
ncaab:400919809,ncaab,2017-01-21T23:00Z,final,2439,2005,UNLV,Air Force,87,85,,,,0,,,,,,,,,,2,,0,Las Vegas,NV,1,610,,,,-8.0,"33,25,12,17","25,33,12,15",,,,,,,,
ncaab:400919878,ncaab,2017-01-21T23:00Z,final,2440,278,Nevada,Fresno St,76,81,,,,0,,,,,,,,,,2,,0,Reno,NV,1,1373,,,,-8.0,"26,50","39,42",,,,,,,,
ncaab:400920495,ncaab,2017-01-21T23:00Z,final,2542,2415,Savannah St,Morgan St,74,61,,,,0,,,,,,,,,,2,,0,Savannah,GA,1,6,,,,-5.0,"30,44","34,27",,,,,,,,
ncaab:400922052,ncaab,2017-01-21T23:00Z,final,2545,2277,SE Louisiana,Hou Christian,83,71,,,,0,,,,,,,,,,2,,0,Hammond,LA,1,13,,,,-6.0,"33,50","38,33",,,,,,,,
ncaab:400922202,ncaab,2017-01-21T23:00Z,final,2011,2016,Alabama St,Alcorn St,71,78,,,,0,,,,,,,,,,2,,0,Montgomery,AL,1,73,,,,-6.0,"35,36","42,36",,,,,,,,
ncaab:400920439,ncaab,2017-01-21T23:30Z,final,2450,2261,Norfolk St,Hampton,79,62,,,,0,,,,,,,,,,2,,0,Norfolk,VA,1,2,,,,-5.0,"38,41","27,35",,,,,,,,
ncaab:400922238,ncaab,2017-01-21T23:30Z,final,2755,2296,Grambling,Jackson St,72,57,,,,0,,,,,,,,,,2,,0,Grambling,LA,1,93,,,,-6.0,"38,34","20,37",,,,,,,,
ncaab:400916043,ncaab,2017-01-22T00:00Z,final,2031,6,Little Rock,South Alabama,73,56,,,,0,,,,,,,,,,2,,0,Little Rock,AR,1,102,,,,-6.0,"33,40","22,34",,,,,,,,
ncaab:400916786,ncaab,2017-01-22T00:00Z,final,2335,2737,Liberty,Winthrop,48,61,,,,0,,,,,,,,,,2,,0,Lynchburg,VA,1,192,,,,-5.0,"15,33","26,35",,,,,,,,
ncaab:400917135,ncaab,2017-01-22T00:00Z,final,2309,2649,Kent State,Toledo,85,61,,,,0,,,,,,,,,,2,,0,Kent,OH,1,325,,,,-5.0,"38,47","24,37",,,,,,,,
ncaab:400917596,ncaab,2017-01-22T00:00Z,final,2520,2368,Rider,Marist,84,66,,,,0,,,,,,,,,,2,,0,Lawrenceville,NJ,1,37,,,,-5.0,"40,44","35,31",,,,,,,,
ncaab:400917812,ncaab,2017-01-22T00:00Z,final,2630,2565,UT Martin,SIUE,75,67,,,,0,,,,,,,,,,2,,0,Martin,TN,1,124,,,,-6.0,"35,40","37,30",,,,,,,,
ncaab:400918459,ncaab,2017-01-22T00:00Z,final,2603,219,Saint Joseph's,Penn,78,71,,,,0,,,,,,,,,,2,,0,Philadelphia,PA,1,12,,,,-5.0,"35,43","31,40",,,,,,,,
ncaab:400918775,ncaab,2017-01-22T00:00Z,final,526,2885,FGCU,NJIT,84,71,,,,0,,,,,,,,,,2,,0,Fort Myers,FL,1,3,,,,-5.0,"41,43","30,41",,,,,,,,
ncaab:400918798,ncaab,2017-01-22T00:00Z,final,294,338,Jacksonville,Kennesaw St,71,81,,,,0,,,,,,,,,,2,,0,Jacksonville,FL,1,5,,,,-5.0,"25,46","43,38",,,,,,,,
ncaab:400918810,ncaab,2017-01-22T00:00Z,final,2454,288,North Florida,Lipscomb,90,84,,,,0,,,,,,,,,,2,,0,Jacksonville,FL,1,5,,,,-5.0,"39,51","34,50",,,,,,,,
ncaab:400919079,ncaab,2017-01-22T00:00Z,final,2329,322,Lehigh,Lafayette,75,68,,,,0,,,,,,,,,,2,,0,Bethlehem,PA,1,109,,,,-5.0,"28,47","25,43",,,,,,,,
ncaab:400919285,ncaab,2017-01-22T00:00Z,final,171,172,Columbia,Cornell,62,67,,,,0,,,,,,,,,,2,,0,New York,NY,1,10,,,,-5.0,"28,34","31,36",,,,,,,,
ncaab:400919374,ncaab,2017-01-22T00:00Z,final,2226,2393,FAU,MTSU,57,86,,,,0,,,,,,,,,,2,,0,Boca Raton,FL,1,4,,,,-5.0,"21,36","45,41",,,,,,,,
ncaab:400919393,ncaab,2017-01-22T00:00Z,final,2229,5,FIU,UAB,94,85,,,,0,,,,,,,,,,2,,0,Miami,FL,1,2,,,,-5.0,"40,54","39,46",,,,,,,,
ncaab:400919416,ncaab,2017-01-22T00:00Z,final,2348,249,Louisiana Tech,North Texas,81,57,,,,0,,,,,,,,,,2,,0,Ruston,LA,1,102,,,,-6.0,"33,48","30,27",,,,,,,,
ncaab:400919625,ncaab,2017-01-22T00:00Z,final,2210,2729,Elon,William & Mary,71,62,,,,0,,,,,,,,,,2,,0,Elon,NC,1,215,,,,-5.0,"22,49","30,32",,,,,,,,
ncaab:400922393,ncaab,2017-01-22T00:00Z,final,2010,2582,Alabama A&M,Southern,52,53,,,,0,,,,,,,,,,2,,0,Normal,AL,1,220,,,,-6.0,"26,26","28,25",,,,,,,,
ncaab:400925381,ncaab,2017-01-22T00:00Z,final,27,2540,UC Riverside,Santa Barbara,65,55,,,,0,,,,,,,,,,2,,0,Riverside,CA,1,252,,,,-8.0,"32,33","27,28",,,,,,,,
ncaab:400922173,ncaab,2017-01-22T00:15Z,final,2534,357,Sam Houston,Texas A&M-CC,76,62,,,,0,,,,,,,,,,2,,0,Huntsville,TX,1,113,,,,-6.0,"45,31","27,35",,,,,,,,
ncaab:400917807,ncaab,2017-01-22T00:30Z,final,2046,93,Austin Peay,Murray St,84,81,,,,0,,,,,,,,,,2,,0,Clarksville,TN,1,145,,,,-6.0,"28,42,14","32,38,11",,,,,,,,
ncaab:400917810,ncaab,2017-01-22T00:45Z,final,2413,2198,Morehead St,E Kentucky,80,54,,,,0,,,,,,,,,,2,,0,Morehead,KY,1,153,,,,-6.0,"41,39","30,24",,,,,,,,
ncaab:400915637,ncaab,2017-01-22T01:00Z,final,264,254,Washington,Utah,72,94,,,,0,,,,,,,,,,2,,0,Seattle,WA,1,56,,,,-8.0,"40,32","53,41",,,,,,,,
ncaab:400915840,ncaab,2017-01-22T01:00Z,final,2250,2501,Gonzaga,Portland,73,52,,,,0,,,,,,,,,,2,,0,Spokane,WA,1,571,,,,-8.0,"34,39","23,29",,,,,,,,
ncaab:400916044,ncaab,2017-01-22T01:00Z,final,2032,2653,Arkansas St,Troy,82,80,,,,0,,,,,,,,,,2,,0,Jonesboro,AR,1,99,,,,-6.0,"34,48","39,41",,,,,,,,
ncaab:400916221,ncaab,2017-01-22T01:00Z,final,2628,239,TCU,Baylor,53,62,,,,0,,,,,,,,,,2,,0,Fort Worth,TX,1,199,,,,-6.0,"28,25","26,36",,,,,,,,
ncaab:400918064,ncaab,2017-01-22T01:00Z,final,292,2130,UT Rio Grande,Chicago St,85,77,,,,0,,,,,,,,,,2,,0,Edinburg,TX,1,30,,,,-6.0,"33,37,15","35,35,7",,,,,,,,
ncaab:400918146,ncaab,2017-01-22T01:00Z,final,79,2460,S Illinois,Northern Iowa,57,58,,,,0,,,,,,,,,,2,,0,Carbondale,IL,1,126,,,,-6.0,"26,31","27,31",,,,,,,,
ncaab:400918228,ncaab,2017-01-22T01:00Z,final,2287,2181,Illinois St,Drake,72,58,,,,0,,,,,,,,,,2,,0,Normal,IL,1,244,,,,-6.0,"30,42","26,32",,,,,,,,
ncaab:400919353,ncaab,2017-01-22T01:00Z,final,2429,295,Charlotte,Old Dominion,74,72,,,,0,,,,,,,,,,2,,0,Charlotte,NC,1,229,,,,-5.0,"35,39","38,34",,,,,,,,
ncaab:400919907,ncaab,2017-01-22T01:00Z,final,167,2751,New Mexico,Wyoming,78,71,,,,0,,,,,,,,,,2,,0,Albuquerque,NM,1,1511,,,,-7.0,"38,40","38,33",,,,,,,,
ncaab:400915394,ncaab,2017-01-22T01:15Z,final,150,2390,Duke,Miami,70,58,,,,0,,,,,,,,,,2,,0,Durham,NC,1,123,,,,-5.0,"25,45","36,22",,,,,,,,
ncaab:400910593,ncaab,2017-01-22T01:30Z,final,8,99,Arkansas,LSU,99,86,,,,0,,,,,,,,,,2,,0,Fayetteville,AR,1,427,,,,-6.0,"47,52","37,49",,,,,,,,
ncaab:400917811,ncaab,2017-01-22T01:30Z,final,2634,55,Tennessee St,Jax State,79,86,,,,0,,,,,,,,,,2,,0,Nashville,TN,1,170,,,,-6.0,"32,47","44,42",,,,,,,,
ncaab:400922092,ncaab,2017-01-22T01:30Z,final,2916,2617,Incarnate Word,SF Austin,70,68,,,,0,,,,,,,,,,2,,0,San Antonio,TX,1,198,,,,-6.0,"31,39","32,36",,,,,,,,
ncaab:400922219,ncaab,2017-01-22T01:30Z,final,2029,2640,AR-Pine Bluff,Texas Southern,63,70,,,,0,,,,,,,,,,2,,0,Pine Bluff,AR,1,67,,,,-6.0,"29,34","26,44",,,,,,,,
ncaab:400915839,ncaab,2017-01-22T02:00Z,final,301,2539,San Diego,San Francisco,43,60,,,,0,,,,,,,,,,2,,0,San Diego,CA,1,20,,,,-8.0,"21,22","30,30",,,,,,,,
ncaab:400916399,ncaab,2017-01-22T02:00Z,final,2458,2692,N Colorado,Weber St,69,74,,,,0,,,,,,,,,,2,,0,Greeley,CO,1,1425,,,,-7.0,"34,35","37,37",,,,,,,,
ncaab:400918066,ncaab,2017-01-22T02:00Z,final,2253,2547,Grand Canyon,Seattle U,61,59,,,,0,,,,,,,,,,2,,0,Phoenix,AZ,1,331,,,,-7.0,"22,39","28,31",,,,,,,,
ncaab:400918067,ncaab,2017-01-22T02:00Z,final,166,140,New Mexico St,Kansas City,94,71,,,,0,,,,,,,,,,2,,0,Las Cruces,NM,1,1191,,,,-7.0,"46,48","33,38",,,,,,,,
ncaab:400919523,ncaab,2017-01-22T02:00Z,final,2638,2636,UTEP,UTSA,59,39,,,,0,,,,,,,,,,2,,0,El Paso,TX,1,1133,,,,-7.0,"39,20","21,18",,,,,,,,
ncaab:400919845,ncaab,2017-01-22T02:00Z,final,328,36,Utah State,Colorado St,56,64,,,,0,,,,,,,,,,2,,0,Logan,UT,1,1382,,,,-7.0,"23,33","35,29",,,,,,,,
ncaab:400916400,ncaab,2017-01-22T03:00Z,final,70,2464,Idaho,N Arizona,65,49,,,,0,,,,,,,,,,2,,0,Moscow,ID,1,786,,,,-8.0,"30,35","23,26",,,,,,,,
ncaab:400918065,ncaab,2017-01-22T03:00Z,final,2934,3084,Bakersfield,Utah Valley,68,65,,,,0,,,,,,,,,,2,,0,Bakersfield,CA,1,123,,,,-8.0,"41,27","36,29",,,,,,,,
ncaab:400918877,ncaab,2017-01-22T03:00Z,final,13,299,Cal Poly,Long Beach St,92,98,,,,0,,,,,,,,,,2,,0,San Luis Obispo,CA,1,71,,,,-8.0,"46,43,3","38,51,9",,,,,,,,
ncaab:400918914,ncaab,2017-01-22T03:00Z,final,2463,300,CSU Northridge,UC Irvine,73,105,,,,0,,,,,,,,,,2,,0,Northridge,CA,1,246,,,,-8.0,"30,43","58,47",,,,,,,,
ncaab:400916401,ncaab,2017-01-22T03:05Z,final,16,149,Sacramento St,Montana,92,83,,,,0,,,,,,,,,,2,,0,Sacramento,CA,1,9,,,,-8.0,"41,51","34,49",,,,,,,,
ncaab:400916402,ncaab,2017-01-22T03:05Z,final,2502,147,Portland St,Montana St,65,71,,,,0,,,,,,,,,,2,,0,Portland,OR,1,12,,,,-8.0,"35,30","35,36",,,,,,,,
ncaab:400915638,ncaab,2017-01-22T03:30Z,final,204,25,Oregon St,California,58,69,,,,0,,,,,,,,,,2,,0,Corvallis,OR,1,71,,,,-8.0,"29,29","34,35",,,,,,,,
ncaab:400915842,ncaab,2017-01-22T04:00Z,final,2608,2492,Saint Mary's,Pepperdine,85,65,,,,0,,,,,,,,,,2,,0,Moraga,CA,1,152,,,,-8.0,"47,38","33,32",,,,,,,,
ncaab:400918933,ncaab,2017-01-22T04:59Z,final,62,302,Hawai'i,UC Davis,70,76,,,,0,,,,,,,,,,2,,0,Honolulu,HI,1,5,,,,-10.0,"33,37","32,44",,,,,,,,
ncaab:400918711,ncaab,2017-01-22T17:00Z,final,2349,2378,UMass Lowell,UMBC,86,102,,,,0,,,,,,,,,,2,,0,Lowell,MA,1,36,,,,-5.0,"48,38","45,57",,,,,,,,
ncaab:400919692,ncaab,2017-01-22T17:00Z,final,2550,2599,Seton Hall,St John's,86,73,,,,0,,,,,,,,,,2,,0,Newark,NJ,1,9,,,,-5.0,"46,40","26,47",,,,,,,,
ncaab:400915141,ncaab,2017-01-22T18:00Z,final,194,77,Ohio State,Northwestern,72,74,,,,0,,,,,,,,,,2,,0,Columbus,OH,1,235,,,,-5.0,"31,41","36,38",,,,,,,,
ncaab:400918387,ncaab,2017-01-22T18:00Z,final,257,2244,Richmond,George Mason,77,82,,,,0,,,,,,,,,,2,,0,Richmond,VA,1,64,,,,-5.0,"34,43","49,33",,,,,,,,
ncaab:400918508,ncaab,2017-01-22T18:00Z,final,94,2174,N Kentucky,Detroit Mercy,101,87,,,,0,,,,,,,,,,2,,0,Highland Heights,KY,1,260,,,,-5.0,"41,60","36,51",,,,,,,,
ncaab:400918541,ncaab,2017-01-22T18:00Z,final,270,2754,Milwaukee,Youngstown St,94,85,,,,0,,,,,,,,,,2,,0,Milwaukee,WI,1,188,,,,-6.0,"35,40,19","36,39,10",,,,,,,,
ncaab:400918671,ncaab,2017-01-22T18:00Z,final,42,160,Hartford,New Hampshire,56,81,,,,0,,,,,,,,,,2,,0,West Hartford,CT,1,40,,,,-5.0,"20,36","43,38",,,,,,,,
ncaab:400916940,ncaab,2017-01-22T19:00Z,final,2193,2747,ETSU,Wofford,79,72,,,,0,,,,,,,,,,2,,0,Johnson City,TN,1,498,,,,-5.0,"41,38","37,35",,,,,,,,
ncaab:400917597,ncaab,2017-01-22T19:00Z,final,2363,2561,Manhattan,Siena,68,81,,,,0,,,,,,,,,,2,,0,Riverdale,NY,1,159,,,,-8.0,"33,35","39,42",,,,,,,,
ncaab:400917598,ncaab,2017-01-22T19:00Z,final,2405,2217,Monmouth,Fairfield,91,49,,,,0,,,,,,,,,,2,,0,West Long Branch,NJ,1,9,,,,-5.0,"50,41","24,25",,,,,,,,
ncaab:400918308,ncaab,2017-01-22T19:00Z,final,2168,139,Dayton,Saint Louis,67,46,,,,0,,,,,,,,,,2,,0,Dayton,OH,1,225,,,,-5.0,"31,36","18,28",,,,,,,,
ncaab:400918404,ncaab,2017-01-22T19:00Z,final,2670,2325,VCU,La Salle,90,52,,,,0,,,,,,,,,,2,,0,Richmond,VA,1,64,,,,-5.0,"42,48","16,36",,,,,,,,
ncaab:400918584,ncaab,2017-01-22T19:00Z,final,2750,2473,Wright St,Oakland,88,67,,,,0,,,,,,,,,,2,,0,Dayton,OH,1,225,,,,-5.0,"42,46","30,37",,,,,,,,
ncaab:400918618,ncaab,2017-01-22T19:00Z,final,399,311,UAlbany,Maine,81,63,,,,0,,,,,,,,,,2,,0,Albany,NY,1,45,,,,-5.0,"33,48","22,41",,,,,,,,
ncaab:400918648,ncaab,2017-01-22T19:00Z,final,2066,2619,Binghamton,Stony Brook,71,67,,,,0,,,,,,,,,,2,,0,Binghamton,NY,1,264,,,,-5.0,"28,43","26,41",,,,,,,,
ncaab:400919693,ncaab,2017-01-22T19:00Z,final,2752,46,Xavier,Georgetown,86,75,,,,0,,,,,,,,,,2,,0,Cincinnati,OH,1,191,,,,-5.0,"34,52","33,42",,,,,,,,
ncaab:400918557,ncaab,2017-01-22T20:00Z,final,2674,82,Valparaiso,UIC,96,65,,,,0,,,,,,,,,,2,,0,Valparaiso,IN,1,242,,,,-6.0,"50,46","26,39",,,,,,,,
ncaab:400916595,ncaab,2017-01-22T21:00Z,final,235,2116,Memphis,UCF,70,65,,,,0,,,,,,,,,,2,,0,Memphis,TN,1,78,,,,-6.0,"33,37","30,35",,,,,,,,
ncaab:400916596,ncaab,2017-01-22T23:00Z,final,41,151,UConn,East Carolina,72,65,,,,0,,,,,,,,,,2,,0,Hartford,CT,1,18,,,,-5.0,"38,34","28,37",,,,,,,,
ncaab:400915395,ncaab,2017-01-22T23:30Z,final,228,259,Clemson,Virginia Tech,81,82,,,,0,,,,,,,,,,2,,0,Clemson,SC,1,221,,,,-5.0,"40,41","41,41",,,,,,,,
ncaab:400915639,ncaab,2017-01-23T01:30Z,final,30,9,USC,Arizona St,82,79,,,,0,,,,,,,,,,2,,0,Los Angeles,CA,1,89,,,,-8.0,"45,37","38,41",,,,,,,,
ncaab:400916787,ncaab,2017-01-23T23:30Z,void,2737,2945,Winthrop,Pfeiffer,,,,,,0,,,,,,,,,,2,,0,Rock Hill,SC,1,207,,,,-5.0,,,,,,,,,,
ncaab:400915396,ncaab,2017-01-24T00:00Z,final,150,152,Duke,NC State,82,84,,,,0,,,,,,,,,,2,,0,Durham,NC,1,123,,,,-5.0,"44,38","38,46",,,,,,,,
ncaab:400916046,ncaab,2017-01-24T00:00Z,final,2247,2026,Georgia St,App State,83,72,,,,0,,,,,,,,,,2,,0,Atlanta,GA,1,320,,,,-5.0,"39,44","32,40",,,,,,,,
ncaab:400916051,ncaab,2017-01-24T00:00Z,final,290,324,GA Southern,Coastal,91,80,,,,0,,,,,,,,,,2,,0,Statesboro,GA,1,77,,,,-5.0,"44,47","34,46",,,,,,,,
ncaab:400916222,ncaab,2017-01-24T00:00Z,final,197,2628,Oklahoma St,TCU,89,76,,,,0,,,,,,,,,,2,,0,Stillwater,OK,1,273,,,,-6.0,"32,57","29,47",,,,,,,,
ncaab:400917599,ncaab,2017-01-24T00:00Z,final,314,2514,Iona,Quinnipiac,84,74,,,,0,,,,,,,,,,2,,0,New Rochelle,NY,1,26,,,,-5.0,"41,43","34,40",,,,,,,,
ncaab:400917600,ncaab,2017-01-24T00:00Z,final,315,2099,Niagara,Canisius,91,84,,,,0,,,,,,,,,,2,,0,Niagara Falls,NY,1,187,,,,-5.0,"51,40","34,50",,,,,,,,
ncaab:400917601,ncaab,2017-01-24T00:00Z,final,2612,2520,Saint Peter's,Rider,56,51,,,,0,,,,,,,,,,2,,0,Jersey City,NJ,1,9,,,,-5.0,"23,33","32,19",,,,,,,,
ncaab:400918488,ncaab,2017-01-24T00:00Z,final,2739,325,Green Bay,Cleveland St,83,73,,,,0,,,,,,,,,,2,,0,Ashwaubenon,WI,1,185,,,,-6.0,"36,47","34,39",,,,,,,,
ncaab:400919080,ncaab,2017-01-24T00:00Z,final,107,44,Holy Cross,American,63,55,,,,0,,,,,,,,,,2,,0,Worcester,MA,1,147,,,,-5.0,"28,35","23,32",,,,,,,,
ncaab:400916047,ncaab,2017-01-24T00:30Z,final,2031,2653,Little Rock,Troy,69,78,,,,0,,,,,,,,,,2,,0,Little Rock,AR,1,102,,,,-6.0,"39,30","45,33",,,,,,,,
ncaab:400920406,ncaab,2017-01-24T00:30Z,final,2154,2450,Coppin St,Norfolk St,64,74,,,,0,,,,,,,,,,2,,0,Baltimore,MD,1,10,,,,-5.0,"34,30","22,52",,,,,,,,
ncaab:400920452,ncaab,2017-01-24T00:30Z,final,2428,47,NC Central,Howard,74,39,,,,0,,,,,,,,,,2,,0,Durham,NC,1,123,,,,-5.0,"51,23","19,20",,,,,,,,
ncaab:400920496,ncaab,2017-01-24T00:30Z,final,2569,2415,SC State,Morgan St,75,77,,,,0,,,,,,,,,,2,,0,Orangeburg,SC,1,74,,,,-5.0,"35,40","30,47",,,,,,,,
ncaab:400916048,ncaab,2017-01-24T01:00Z,final,2032,6,Arkansas St,South Alabama,74,62,,,,0,,,,,,,,,,2,,0,Jonesboro,AR,1,99,,,,-6.0,"45,29","31,31",,,,,,,,
ncaab:400916050,ncaab,2017-01-24T01:00Z,final,326,2433,Texas St,UL Monroe,63,57,,,,0,,,,,,,,,,2,,0,San Marcos,TX,1,188,,,,-6.0,"22,41","25,32",,,,,,,,
ncaab:400920424,ncaab,2017-01-24T01:00Z,final,2542,2169,Savannah St,Delaware St,94,79,,,,0,,,,,,,,,,2,,0,Savannah,GA,1,6,,,,-5.0,"41,53","43,36",,,,,,,,
ncaab:400920484,ncaab,2017-01-24T01:00Z,final,50,2379,Florida A&M,MD Eastern,79,86,,,,0,,,,,,,,,,2,,0,Tallahassee,FL,1,62,,,,-5.0,"32,47","41,45",,,,,,,,
ncaab:400933945,ncaab,2017-01-24T01:00Z,final,2501,2250,Portland,Gonzaga,64,83,,,,0,,,,,,,,,,2,,0,Portland,OR,1,12,,,,-8.0,"23,41","38,45",,,,,,,,
ncaab:400922203,ncaab,2017-01-24T01:30Z,final,2010,2016,Alabama A&M,Alcorn St,70,81,,,,0,,,,,,,,,,2,,0,Normal,AL,1,220,,,,-6.0,"31,39","37,44",,,,,,,,
ncaab:400922260,ncaab,2017-01-24T01:30Z,final,2029,2504,AR-Pine Bluff,Prairie View,71,68,,,,0,,,,,,,,,,2,,0,Pine Bluff,AR,1,67,,,,-6.0,"26,29,8,8","25,30,8,5",,,,,,,,
ncaab:400922394,ncaab,2017-01-24T01:30Z,final,2011,2582,Alabama St,Southern,79,65,,,,0,,,,,,,,,,2,,0,Montgomery,AL,1,73,,,,-6.0,"42,37","25,40",,,,,,,,
ncaab:400911036,ncaab,2017-01-24T02:00Z,final,251,201,Texas,Oklahoma,84,83,,,,0,,,,,,,,,,2,,0,Austin,TX,1,149,,,,-6.0,"41,43","39,44",,,,,,,,
ncaab:400916049,ncaab,2017-01-24T02:00Z,final,250,309,UT Arlington,Louisiana,108,71,,,,0,,,,,,,,,,2,,0,Arlington,TX,1,184,,,,-6.0,"40,68","31,40",,,,,,,,
ncaab:400919558,ncaab,2017-01-24T02:00Z,final,2400,2640,Miss Valley St,Texas Southern,103,89,,,,0,,,,,,,,,,2,,0,Itta Bena,MS,1,40,,,,-6.0,"35,51,17","34,52,3",,,,,,,,
ncaab:400910622,ncaab,2017-01-24T23:30Z,final,2579,2,South Carolina,Auburn,98,69,,,,0,,,,,,,,,,2,,0,Columbia,SC,1,89,,,,-5.0,"48,50","27,42",,,,,,,,
ncaab:400915032,ncaab,2017-01-25T00:00Z,final,120,164,Maryland,Rutgers,67,55,,,,0,,,,,,,,,,2,,0,College Park,MD,1,21,,,,-5.0,"34,33","29,26",,,,,,,,
ncaab:400915078,ncaab,2017-01-25T00:00Z,final,127,2509,Michigan St,Purdue,73,84,,,,0,,,,,,,,,,2,,0,East Lansing,MI,1,261,,,,-5.0,"39,34","39,45",,,,,,,,
ncaab:400915397,ncaab,2017-01-25T00:00Z,final,221,97,Pitt,Louisville,51,106,,,,0,,,,,,,,,,2,,0,Pittsburgh,PA,1,233,,,,-5.0,"18,33","51,55",,,,,,,,
ncaab:400916223,ncaab,2017-01-25T00:00Z,final,277,2305,West Virginia,Kansas,85,69,,,,0,,,,,,,,,,2,,0,Morgantown,WV,1,271,,,,-5.0,"38,47","35,34",,,,,,,,
ncaab:400917137,ncaab,2017-01-25T00:00Z,final,2711,2006,W Michigan,Akron,80,90,,,,0,,,,,,,,,,2,,0,Kalamazoo,MI,1,239,,,,-5.0,"34,46","50,40",,,,,,,,
ncaab:400917139,ncaab,2017-01-25T00:00Z,final,2117,189,C Michigan,Bowling Green,82,76,,,,0,,,,,,,,,,2,,0,Mount Pleasant,MI,1,235,,,,-5.0,"42,40","30,46",,,,,,,,
ncaab:400917140,ncaab,2017-01-25T00:00Z,final,193,2084,Miami OH,Buffalo,75,74,,,,0,,,,,,,,,,2,,0,Oxford,OH,1,283,,,,-5.0,"31,44","39,35",,,,,,,,
ncaab:400917142,ncaab,2017-01-25T00:00Z,final,195,2649,Ohio,Toledo,76,79,,,,0,,,,,,,,,,2,,0,Athens,OH,1,219,,,,-5.0,"39,37","34,45",,,,,,,,
ncaab:400918122,ncaab,2017-01-25T00:00Z,final,2724,79,Wichita St,S Illinois,87,45,,,,0,,,,,,,,,,2,,0,Wichita,KS,1,396,,,,-6.0,"39,48","22,23",,,,,,,,
ncaab:400918460,ncaab,2017-01-25T00:00Z,final,179,2603,St Bonaventure,Saint Joseph's,67,63,,,,0,,,,,,,,,,2,,0,Saint Bonaventure,NY,1,435,,,,-5.0,"27,40","42,21",,,,,,,,
ncaab:400918271,ncaab,2017-01-25T00:30Z,final,2166,2184,Davidson,Duquesne,74,60,,,,0,,,,,,,,,,2,,0,Davidson,NC,1,256,,,,-5.0,"39,35","16,44",,,,,,,,
ncaab:400915398,ncaab,2017-01-25T01:00Z,final,87,258,Notre Dame,Virginia,54,71,,,,0,,,,,,,,,,2,,0,South Bend,IN,1,211,,,,-5.0,"26,28","27,44",,,,,,,,
ncaab:400915399,ncaab,2017-01-25T01:00Z,final,183,154,Syracuse,Wake Forest,81,76,,,,0,,,,,,,,,,2,,0,Syracuse,NY,1,121,,,,-5.0,"29,52","32,44",,,,,,,,
ncaab:400917141,ncaab,2017-01-25T01:00Z,final,2459,2309,N Illinois,Kent State,66,73,,,,0,,,,,,,,,,2,,0,Dekalb,IL,1,268,,,,-6.0,"37,29","35,38",,,,,,,,
ncaab:400918184,ncaab,2017-01-25T01:00Z,final,2623,2181,Missouri St,Drake,71,72,,,,0,,,,,,,,,,2,,0,Springfield,MO,1,396,,,,-6.0,"33,31,7","34,30,8",,,,,,,,
ncaab:400919694,ncaab,2017-01-25T01:00Z,final,269,222,Marquette,Villanova,74,72,,,,0,,,,,,,,,,2,,0,Milwaukee,WI,1,188,,,,-6.0,"24,50","39,33",,,,,,,,
ncaab:400910594,ncaab,2017-01-25T01:30Z,final,238,8,Vanderbilt,Arkansas,70,71,,,,0,,,,,,,,,,2,,0,Nashville,TN,1,170,,,,-6.0,"30,40","30,41",,,,,,,,
ncaab:400910696,ncaab,2017-01-25T02:00Z,final,2633,96,Tennessee,Kentucky,82,80,,,,0,,,,,,,,,,2,,0,Knoxville,TN,1,276,,,,-5.0,"39,43","34,46",,,,,,,,
ncaab:400914937,ncaab,2017-01-25T02:00Z,final,275,213,Wisconsin,Penn State,82,55,,,,0,,,,,,,,,,2,,0,Madison,WI,1,267,,,,-6.0,"36,46","33,22",,,,,,,,
ncaab:400916224,ncaab,2017-01-25T02:00Z,final,66,2306,Iowa State,Kansas St,70,65,,,,0,,,,,,,,,,2,,0,Ames,IA,1,287,,,,-6.0,"43,27","26,39",,,,,,,,
ncaab:400916597,ncaab,2017-01-25T02:00Z,final,248,2655,Houston,Tulane,65,51,,,,0,,,,,,,,,,2,,0,Houston,TX,1,12,,,,-6.0,"31,34","16,35",,,,,,,,
ncaab:400917138,ncaab,2017-01-25T02:00Z,final,2199,2050,E Michigan,Ball State,80,88,,,,0,,,,,,,,,,2,,0,Ypsilanti,MI,1,219,,,,-5.0,"30,50","38,50",,,,,,,,
ncaab:400919810,ncaab,2017-01-25T02:00Z,final,2005,21,Air Force,San Diego St,60,57,,,,0,,,,,,,,,,2,,0,Colorado Springs,CO,1,1832,,,,-7.0,"24,36","34,23",,,,,,,,
ncaab:400919908,ncaab,2017-01-25T04:00Z,final,167,328,New Mexico,Utah State,74,61,,,,0,,,,,,,,,,2,,0,Albuquerque,NM,1,1511,,,,-7.0,"32,42","29,32",,,,,,,,
ncaab:400916598,ncaab,2017-01-25T23:00Z,final,218,235,Temple,Memphis,77,66,,,,0,,,,,,,,,,2,,0,Philadelphia,PA,1,12,,,,-5.0,"30,47","30,36",,,,,,,,
ncaab:400916599,ncaab,2017-01-25T23:00Z,final,2116,2567,UCF,SMU,60,65,,,,0,,,,,,,,,,2,,0,Orlando,FL,1,30,,,,-5.0,"26,34","35,30",,,,,,,,
ncaab:400919695,ncaab,2017-01-25T23:30Z,final,2507,2599,Providence,St John's,86,91,,,,0,,,,,,,,,,2,,0,Providence,RI,1,2,,,,-5.0,"37,49","46,45",,,,,,,,
ncaab:400910734,ncaab,2017-01-26T00:00Z,final,344,142,Mississippi St,Missouri,89,74,,,,0,,,,,,,,,,2,,0,Starkville,MS,1,101,,,,-6.0,"39,50","43,31",,,,,,,,
ncaab:400915098,ncaab,2017-01-26T00:00Z,final,194,135,Ohio State,Minnesota,78,72,,,,0,,,,,,,,,,2,,0,Columbus,OH,1,235,,,,-5.0,"40,38","35,37",,,,,,,,
ncaab:400915400,ncaab,2017-01-26T00:00Z,final,59,52,Georgia Tech,Florida St,78,56,,,,0,,,,,,,,,,2,,0,Atlanta,GA,1,320,,,,-5.0,"41,37","15,41",,,,,,,,
ncaab:400916600,ncaab,2017-01-26T00:00Z,final,151,202,East Carolina,Tulsa,69,66,,,,0,,,,,,,,,,2,,0,Greenville,NC,1,18,,,,-5.0,"29,40","24,42",,,,,,,,
ncaab:400916601,ncaab,2017-01-26T00:00Z,final,58,41,South Florida,UConn,60,81,,,,0,,,,,,,,,,2,,0,Tampa,FL,1,1,,,,-5.0,"33,27","35,46",,,,,,,,
ncaab:400916942,ncaab,2017-01-26T00:00Z,final,236,2678,Chattanooga,VMI,64,80,,,,0,,,,,,,,,,2,,0,Chattanooga,TN,1,206,,,,-5.0,"32,32","30,50",,,,,,,,
ncaab:400916943,ncaab,2017-01-26T00:00Z,final,231,2717,Furman,W Carolina,85,37,,,,0,,,,,,,,,,2,,0,Greenville,SC,1,307,,,,-5.0,"40,45","14,23",,,,,,,,
ncaab:400916944,ncaab,2017-01-26T00:00Z,final,2747,2430,Wofford,UNC Greensboro,93,74,,,,0,,,,,,,,,,2,,0,Spartanburg,SC,1,246,,,,-5.0,"41,52","34,40",,,,,,,,
ncaab:400918368,ncaab,2017-01-26T00:00Z,final,2244,45,George Mason,G Washington,68,87,,,,0,,,,,,,,,,2,,0,Fairfax,VA,1,131,,,,-5.0,"24,44","35,52",,,,,,,,
ncaab:400918405,ncaab,2017-01-26T00:00Z,final,2325,219,La Salle,Penn,74,77,,,,0,,,,,,,,,,2,,0,Philadelphia,PA,1,12,,,,-5.0,"27,47","40,37",,,,,,,,
ncaab:400918619,ncaab,2017-01-26T00:00Z,final,399,261,UAlbany,Vermont,49,60,,,,0,,,,,,,,,,2,,0,Albany,NY,1,45,,,,-5.0,"25,24","31,29",,,,,,,,
ncaab:400918649,ncaab,2017-01-26T00:00Z,final,2066,42,Binghamton,Hartford,76,55,,,,0,,,,,,,,,,2,,0,Binghamton,NY,1,264,,,,-5.0,"31,45","34,21",,,,,,,,
ncaab:400918712,ncaab,2017-01-26T00:00Z,final,160,2349,New Hampshire,UMass Lowell,80,71,,,,0,,,,,,,,,,2,,0,Durham,NH,1,15,,,,-5.0,"37,43","34,37",,,,,,,,
ncaab:400918743,ncaab,2017-01-26T00:00Z,final,2619,2378,Stony Brook,UMBC,83,73,,,,0,,,,,,,,,,2,,0,Stony Brook,NY,1,27,,,,-5.0,"39,44","24,49",,,,,,,,
ncaab:400918776,ncaab,2017-01-26T00:00Z,final,2454,526,North Florida,FGCU,82,86,,,,0,,,,,,,,,,2,,0,Jacksonville,FL,1,5,,,,-5.0,"39,43","35,51",,,,,,,,
ncaab:400918799,ncaab,2017-01-26T00:00Z,final,294,56,Jacksonville,Stetson,103,92,,,,0,,,,,,,,,,2,,0,Jacksonville,FL,1,5,,,,-5.0,"59,44","42,50",,,,,,,,
ncaab:400918828,ncaab,2017-01-26T00:00Z,final,338,2885,Kennesaw St,NJIT,71,65,,,,0,,,,,,,,,,2,,0,Kennesaw,GA,1,332,,,,-5.0,"29,42","36,29",,,,,,,,
ncaab:400919081,ncaab,2017-01-26T00:00Z,final,322,2083,Lafayette,Bucknell,55,78,,,,0,,,,,,,,,,2,,0,Easton,PA,1,97,,,,-5.0,"23,32","40,38",,,,,,,,
ncaab:400919082,ncaab,2017-01-26T00:00Z,final,104,349,Boston U,Army,90,89,,,,0,,,,,,,,,,2,,0,Boston,MA,1,14,,,,-5.0,"46,31,13","42,35,12",,,,,,,,
ncaab:400919083,ncaab,2017-01-26T00:00Z,final,2142,2329,Colgate,Lehigh,62,76,,,,0,,,,,,,,,,2,,0,Hamilton,NY,1,181,,,,-5.0,"30,32","40,36",,,,,,,,
ncaab:400919211,ncaab,2017-01-26T00:00Z,final,2115,2803,C Connecticut,Bryant,54,65,,,,0,,,,,,,,,,2,,0,New Britain,CT,1,51,,,,-5.0,"29,25","31,34",,,,,,,,
ncaab:400919696,ncaab,2017-01-26T00:00Z,final,46,156,Georgetown,Creighton,71,51,,,,0,,,,,,,,,,2,,0,Washington,DC,1,7,,,,-5.0,"39,32","27,24",,,,,,,,
ncaab:400933427,ncaab,2017-01-26T00:00Z,final,2261,2569,Hampton,SC State,66,68,,,,0,,,,,,,,,,2,,0,Hampton,VA,1,1,,,,-5.0,"36,30","36,32",,,,,,,,
ncaab:400910770,ncaab,2017-01-26T00:30Z,final,145,245,Ole Miss,Texas A&M,76,80,,,,0,,,,,,,,,,2,,0,Oxford,MS,1,154,,,,-6.0,"39,37","47,33",,,,,,,,
ncaab:400917957,ncaab,2017-01-26T00:30Z,final,2870,85,Purdue FW,IU Indy,103,73,,,,0,,,,,,,,,,2,,0,Fort Wayne,IN,1,247,,,,-5.0,"48,55","32,41",,,,,,,,
ncaab:400918811,ncaab,2017-01-26T00:30Z,final,288,2908,Lipscomb,SC Upstate,84,77,,,,0,,,,,,,,,,2,,0,Nashville,TN,1,170,,,,-6.0,"34,50","49,28",,,,,,,,
ncaab:400919084,ncaab,2017-01-26T00:30Z,final,44,2426,American,Navy,53,71,,,,0,,,,,,,,,,2,,0,Washington,DC,1,7,,,,-5.0,"25,28","35,36",,,,,,,,
ncaab:400919085,ncaab,2017-01-26T00:30Z,final,2352,107,Loyola MD,Holy Cross,65,62,,,,0,,,,,,,,,,2,,0,Baltimore,MD,1,10,,,,-5.0,"31,34","27,35",,,,,,,,
ncaab:400916225,ncaab,2017-01-26T01:00Z,final,239,2641,Baylor,Texas Tech,65,61,,,,0,,,,,,,,,,2,,0,Waco,TX,1,143,,,,-6.0,"32,33","31,30",,,,,,,,
ncaab:400916941,ncaab,2017-01-26T01:00Z,final,2535,2193,Samford,ETSU,86,96,,,,0,,,,,,,,,,2,,0,Homewood,AL,1,203,,,,-6.0,"28,42,8,8","35,35,8,18",,,,,,,,
ncaab:400917813,ncaab,2017-01-26T01:00Z,final,2197,2057,E Illinois,Belmont,64,77,,,,0,,,,,,,,,,2,,0,Charleston,IL,1,204,,,,-6.0,"28,36","32,45",,,,,,,,
ncaab:400917814,ncaab,2017-01-26T01:00Z,final,2565,2634,SIUE,Tennessee St,56,76,,,,0,,,,,,,,,,2,,0,Edwardsville,IL,1,165,,,,-6.0,"18,38","32,44",,,,,,,,
ncaab:400917958,ncaab,2017-01-26T01:00Z,final,233,2710,South Dakota,W Illinois,62,55,,,,0,,,,,,,,,,2,,0,Vermillion,SD,1,374,,,,-6.0,"22,40","25,30",,,,,,,,
ncaab:400917959,ncaab,2017-01-26T01:00Z,final,2449,198,N Dakota St,Oral Roberts,81,71,,,,0,,,,,,,,,,2,,0,Fargo,ND,1,276,,,,-6.0,"32,49","41,30",,,,,,,,
ncaab:400918165,ncaab,2017-01-26T01:00Z,final,2460,339,Northern Iowa,Evansville,61,54,,,,0,,,,,,,,,,2,,0,Cedar Falls,IA,1,268,,,,-6.0,"35,26","22,32",,,,,,,,
ncaab:400918203,ncaab,2017-01-26T01:00Z,final,2350,71,Loyola Chicago,Bradley,70,50,,,,0,,,,,,,,,,2,,0,Chicago,IL,1,179,,,,-6.0,"34,36","30,20",,,,,,,,
ncaab:400918217,ncaab,2017-01-26T01:00Z,final,2287,282,Illinois St,Indiana St,71,66,,,,0,,,,,,,,,,2,,0,Normal,IL,1,244,,,,-6.0,"28,43","30,36",,,,,,,,
ncaab:400918425,ncaab,2017-01-26T01:00Z,final,139,113,Saint Louis,UMass,74,70,,,,0,,,,,,,,,,2,,0,St. Louis,MO,1,142,,,,-6.0,"36,38","27,43",,,,,,,,
ncaab:400918439,ncaab,2017-01-26T01:00Z,final,257,227,Richmond,Rhode Island,73,62,,,,0,,,,,,,,,,2,,0,Richmond,VA,1,64,,,,-5.0,"31,42","18,44",,,,,,,,
ncaab:400919697,ncaab,2017-01-26T01:30Z,final,2550,2086,Seton Hall,Butler,54,61,,,,0,,,,,,,,,,2,,0,Newark,NJ,1,9,,,,-5.0,"19,35","26,35",,,,,,,,
ncaab:400910557,ncaab,2017-01-26T02:00Z,final,61,333,Georgia,Alabama,60,80,,,,0,,,,,,,,,,2,,0,Athens,GA,1,228,,,,-5.0,"27,33","41,39",,,,,,,,
ncaab:400910647,ncaab,2017-01-26T02:00Z,final,99,57,LSU,Florida,71,106,,,,0,,,,,,,,,,2,,0,Baton Rouge,LA,1,14,,,,-6.0,"33,38","58,48",,,,,,,,
ncaab:400914964,ncaab,2017-01-26T02:00Z,final,356,2294,Illinois,Iowa,76,64,,,,0,,,,,,,,,,2,,0,Champaign,IL,1,225,,,,-6.0,"40,36","24,40",,,,,,,,
ncaab:400915401,ncaab,2017-01-26T02:00Z,final,2390,103,Miami,Boston College,78,77,,,,0,,,,,,,,,,2,,0,Coral Gables,FL,1,3,,,,-5.0,"30,48","22,55",,,,,,,,
ncaab:400917956,ncaab,2017-01-26T02:00Z,final,2172,2571,Denver,S Dakota St,91,82,,,,0,,,,,,,,,,2,,0,Denver,CO,1,1609,,,,-7.0,"44,47","31,51",,,,,,,,
ncaab:400919846,ncaab,2017-01-26T02:00Z,final,36,23,Colorado St,San José St,81,72,,,,0,,,,,,,,,,2,,0,Fort Collins,CO,1,1525,,,,-7.0,"33,48","29,43",,,,,,,,
ncaab:400919862,ncaab,2017-01-26T02:00Z,final,2751,2439,Wyoming,UNLV,66,65,,,,0,,,,,,,,,,2,,0,Laramie,WY,1,2184,,,,-7.0,"41,25","23,42",,,,,,,,
ncaab:400922033,ncaab,2017-01-26T02:00Z,final,2617,2110,SF Austin,C Arkansas,78,76,,,,0,,,,,,,,,,2,,0,Nacogdoches,TX,1,92,,,,-6.0,"42,36","39,37",,,,,,,,
ncaab:400922111,ncaab,2017-01-26T02:00Z,final,2320,357,Lamar,Texas A&M-CC,66,69,,,,0,,,,,,,,,,2,,0,Beaumont,TX,1,5,,,,-6.0,"31,29,6","28,32,9",,,,,,,,
ncaab:400922164,ncaab,2017-01-26T02:00Z,final,2545,2466,SE Louisiana,N'Western St,71,85,,,,0,,,,,,,,,,2,,0,Hammond,LA,1,13,,,,-6.0,"37,34","35,50",,,,,,,,
ncaab:400916377,ncaab,2017-01-26T02:05Z,final,304,2692,Idaho St,Weber St,73,85,,,,0,,,,,,,,,,2,,0,Pocatello,ID,1,1360,,,,-7.0,"27,46","45,40",,,,,,,,
ncaab:400918915,ncaab,2017-01-26T03:00Z,final,2540,2463,Santa Barbara,CSU Northridge,57,78,,,,0,,,,,,,,,,2,,0,Santa Barbara,CA,1,15,,,,-8.0,"32,25","36,42",,,,,,,,
ncaab:400919827,ncaab,2017-01-26T03:00Z,final,68,2440,Boise St,Nevada,57,76,,,,0,,,,,,,,,,2,,0,Boise,ID,1,823,,,,-7.0,"32,25","37,39",,,,,,,,
ncaab:400915640,ncaab,2017-01-26T04:00Z,final,30,26,USC,UCLA,84,76,,,,0,,,,,,,,,,2,,0,Los Angeles,CA,1,89,,,,-8.0,"50,34","38,38",,,,,,,,
ncaab:400915641,ncaab,2017-01-26T04:00Z,final,9,264,Arizona St,Washington,86,75,,,,0,,,,,,,,,,2,,0,Tempe,AZ,1,360,,,,-7.0,"34,52","29,46",,,,,,,,
ncaab:400918934,ncaab,2017-01-26T04:59Z,final,62,27,Hawai'i,UC Riverside,64,70,,,,0,,,,,,,,,,2,,0,Honolulu,HI,1,5,,,,-10.0,"30,34","34,36",,,,,,,,
ncaab:400916602,ncaab,2017-01-27T00:00Z,final,2132,2752,Cincinnati,Xavier,86,78,,,,0,,,,,,,,,,2,,0,Cincinnati,OH,1,191,,,,-5.0,"36,50","44,34",,,,,,,,
ncaab:400916788,ncaab,2017-01-27T00:00Z,final,2515,2097,Radford,Campbell,61,78,,,,0,,,,,,,,,,2,,0,Radford,VA,1,567,,,,-5.0,"25,36","37,41",,,,,,,,
ncaab:400916789,ncaab,2017-01-27T00:00Z,final,2272,2127,High Point,Charleston So,72,69,,,,0,,,,,,,,,,2,,0,High Point,NC,1,281,,,,-5.0,"29,32,11","30,31,8",,,,,,,,
ncaab:400916790,ncaab,2017-01-27T00:00Z,final,2241,2737,Gardner-Webb,Winthrop,70,72,,,,0,,,,,,,,,,2,,0,Boiling Springs,NC,1,269,,,,-5.0,"21,49","37,35",,,,,,,,
ncaab:400916791,ncaab,2017-01-27T00:00Z,final,2344,2335,Longwood,Liberty,62,93,,,,0,,,,,,,,,,2,,0,Farmville,VA,1,90,,,,-5.0,"25,37","50,43",,,,,,,,
ncaab:400916792,ncaab,2017-01-27T00:00Z,final,2506,2427,Presbyterian,UNC Asheville,47,73,,,,0,,,,,,,,,,2,,0,Clinton,SC,1,76,,,,-5.0,"21,26","40,33",,,,,,,,
ncaab:400917602,ncaab,2017-01-27T00:00Z,final,315,2363,Niagara,Manhattan,69,70,,,,0,,,,,,,,,,2,,0,Niagara Falls,NY,1,187,,,,-5.0,"36,33","42,28",,,,,,,,
ncaab:400917815,ncaab,2017-01-27T00:00Z,final,2635,2413,Tennessee Tech,Morehead St,76,73,,,,0,,,,,,,,,,2,,0,Cookeville,TN,1,334,,,,-6.0,"36,40","42,31",,,,,,,,
ncaab:400918068,ncaab,2017-01-27T00:00Z,final,140,2253,Kansas City,Grand Canyon,83,77,,,,0,,,,,,,,,,2,,0,Kansas City,MO,1,274,,,,-6.0,"30,53","42,35",,,,,,,,
ncaab:400919208,ncaab,2017-01-27T00:00Z,final,116,2523,Mount St Marys,Robert Morris,48,47,,,,0,,,,,,,,,,2,,0,Emmitsburg,MD,1,133,,,,-5.0,"25,23","20,27",,,,,,,,
ncaab:400919210,ncaab,2017-01-27T00:00Z,final,2681,2598,Wagner,Saint Francis,67,72,,,,0,,,,,,,,,,2,,0,Staten Island,NY,1,21,,,,-5.0,"34,33","29,43",,,,,,,,
ncaab:400919212,ncaab,2017-01-27T00:00Z,final,2529,112358,Sacred Heart,Long Island,57,60,,,,0,,,,,,,,,,2,,0,Fairfield,CT,1,4,,,,-8.0,"23,34","26,34",,,,,,,,
ncaab:400919213,ncaab,2017-01-27T00:00Z,final,2597,161,St Francis BK,FDU,73,79,,,,0,,,,,,,,,,2,,0,Brooklyn,NY,1,15,,,,-5.0,"32,41","34,45",,,,,,,,
ncaab:400919375,ncaab,2017-01-27T00:00Z,final,2229,2226,FIU,FAU,65,83,,,,0,,,,,,,,,,2,,0,Miami,FL,1,2,,,,-5.0,"35,30","40,43",,,,,,,,
ncaab:400919433,ncaab,2017-01-27T00:00Z,final,276,2636,Marshall,UTSA,92,71,,,,0,,,,,,,,,,2,,0,Huntington,WV,1,173,,,,-5.0,"45,47","24,47",,,,,,,,
ncaab:400919571,ncaab,2017-01-27T00:00Z,final,119,232,Towson,Charleston,83,77,,,,0,,,,,,,,,,2,,0,Towson,MD,1,141,,,,-5.0,"34,37,12","32,39,6",,,,,,,,
ncaab:400919592,ncaab,2017-01-27T00:00Z,final,2729,48,William & Mary,Delaware,82,58,,,,0,,,,,,,,,,2,,0,Williamsburg,VA,1,25,,,,-5.0,"35,47","22,36",,,,,,,,
ncaab:400919609,ncaab,2017-01-27T00:00Z,final,2182,2275,Drexel,Hofstra,81,80,,,,0,,,,,,,,,,2,,0,Philadelphia,PA,1,12,,,,-5.0,"44,25,12","31,38,11",,,,,,,,
ncaab:400919626,ncaab,2017-01-27T00:00Z,final,111,2210,Northeastern,Elon,49,51,,,,0,,,,,,,,,,2,,0,Boston,MA,1,14,,,,-5.0,"22,27","24,27",,,,,,,,
ncaab:400919769,ncaab,2017-01-27T00:00Z,final,256,350,James Madison,UNC Wilmington,76,87,,,,0,,,,,,,,,,2,,0,Harrisonburg,VA,1,404,,,,-5.0,"35,41","38,49",,,,,,,,
ncaab:400917603,ncaab,2017-01-27T00:30Z,final,2368,2612,Marist,Saint Peter's,65,81,,,,0,,,,,,,,,,2,,0,Poughkeepsie,NY,1,62,,,,-5.0,"36,29","39,42",,,,,,,,
ncaab:400919448,ncaab,2017-01-27T00:30Z,final,2393,2572,MTSU,Southern Miss,72,56,,,,0,,,,,,,,,,2,,0,Murfreesboro,TN,1,186,,,,-6.0,"37,35","23,33",,,,,,,,
ncaab:400915114,ncaab,2017-01-27T01:00Z,final,77,158,Northwestern,Nebraska,73,61,,,,0,,,,,,,,,,2,,0,Evanston,IL,1,187,,,,-6.0,"32,41","29,32",,,,,,,,
ncaab:400915402,ncaab,2017-01-27T01:00Z,final,153,259,North Carolina,Virginia Tech,91,72,,,,0,,,,,,,,,,2,,0,Chapel Hill,NC,1,148,,,,-5.0,"44,47","33,39",,,,,,,,
ncaab:400917816,ncaab,2017-01-27T01:00Z,final,55,2198,Jax State,E Kentucky,52,57,,,,0,,,,,,,,,,2,,0,Jacksonville,AL,1,216,,,,-6.0,"21,31","27,30",,,,,,,,
ncaab:400917817,ncaab,2017-01-27T01:00Z,final,93,2546,Murray St,SE Missouri,74,75,,,,0,,,,,,,,,,2,,0,Murray,KY,1,163,,,,-6.0,"41,33","32,43",,,,,,,,
ncaab:400919354,ncaab,2017-01-27T01:00Z,final,249,2429,North Texas,Charlotte,81,82,,,,0,,,,,,,,,,2,,0,Denton,TX,1,201,,,,-6.0,"43,38","29,53",,,,,,,,
ncaab:400919477,ncaab,2017-01-27T01:00Z,final,242,295,Rice,Old Dominion,72,80,,,,0,,,,,,,,,,2,,0,Houston,TX,1,12,,,,-6.0,"29,43","39,41",,,,,,,,
ncaab:400919524,ncaab,2017-01-27T01:00Z,final,98,2638,Western KY,UTEP,65,62,,,,0,,,,,,,,,,2,,0,Bowling Green,KY,1,161,,,,-6.0,"46,19","29,33",,,,,,,,
ncaab:400922053,ncaab,2017-01-27T01:00Z,final,2277,2447,Hou Christian,Nicholls,83,80,,,,0,,,,,,,,,,2,,0,Houston,TX,1,12,,,,-6.0,"40,43","45,35",,,,,,,,
ncaab:400922129,ncaab,2017-01-27T01:00Z,final,2443,2377,LSU N Orleans,McNeese,75,56,,,,0,,,,,,,,,,2,,0,New Orleans,LA,1,0,,,,-6.0,"40,35","22,34",,,,,,,,
ncaab:400918069,ncaab,2017-01-27T01:05Z,final,2130,2934,Chicago St,Bakersfield,59,75,,,,0,,,,,,,,,,2,,0,Chicago,IL,1,179,,,,-6.0,"29,30","38,37",,,,,,,,
ncaab:400915642,ncaab,2017-01-27T01:30Z,final,38,204,Colorado,Oregon St,85,78,,,,0,,,,,,,,,,2,,0,Boulder,CO,1,1624,,,,-7.0,"41,44","40,38",,,,,,,,
ncaab:400916404,ncaab,2017-01-27T01:30Z,final,253,155,Southern Utah,North Dakota,89,91,,,,0,,,,,,,,,,2,,0,Cedar City,UT,1,1782,,,,-7.0,"41,48","32,59",,,,,,,,
ncaab:400916405,ncaab,2017-01-27T01:30Z,final,2464,2458,N Arizona,N Colorado,63,50,,,,0,,,,,,,,,,2,,0,Flagstaff,AZ,1,2104,,,,-7.0,"28,35","29,21",,,,,,,,
ncaab:400921976,ncaab,2017-01-27T01:30Z,final,2916,2000,Incarnate Word,Abilene Chrstn,82,79,,,,0,,,,,,,,,,2,,0,San Antonio,TX,1,198,,,,-6.0,"42,40","46,33",,,,,,,,
ncaab:400914981,ncaab,2017-01-27T02:00Z,final,130,84,Michigan,Indiana,90,60,,,,0,,,,,,,,,,2,,0,Ann Arbor,MI,1,269,,,,-5.0,"50,40","35,25",,,,,,,,
ncaab:400915844,ncaab,2017-01-27T02:00Z,final,2250,301,Gonzaga,San Diego,79,43,,,,0,,,,,,,,,,2,,0,Spokane,WA,1,571,,,,-8.0,"37,42","23,20",,,,,,,,
ncaab:400916403,ncaab,2017-01-27T02:00Z,final,147,70,Montana St,Idaho,94,91,,,,0,,,,,,,,,,2,,0,Bozeman,MT,1,1468,,,,-7.0,"29,42,7,16","33,38,7,13",,,,,,,,
ncaab:400916406,ncaab,2017-01-27T02:00Z,final,149,331,Montana,E Washington,60,72,,,,0,,,,,,,,,,2,,0,Missoula,MT,1,978,,,,-7.0,"27,33","35,37",,,,,,,,
ncaab:400917818,ncaab,2017-01-27T02:00Z,final,2046,2630,Austin Peay,UT Martin,79,85,,,,0,,,,,,,,,,2,,0,Clarksville,TN,1,145,,,,-6.0,"37,42","51,34",,,,,,,,
ncaab:400918070,ncaab,2017-01-27T02:00Z,final,3084,292,Utah Valley,UT Rio Grande,92,81,,,,0,,,,,,,,,,2,,0,Orem,UT,1,1455,,,,-7.0,"41,51","37,44",,,,,,,,
ncaab:400919417,ncaab,2017-01-27T02:00Z,final,5,2348,UAB,Louisiana Tech,79,70,,,,0,,,,,,,,,,2,,0,Birmingham,AL,1,187,,,,-6.0,"38,41","32,38",,,,,,,,
ncaab:400915643,ncaab,2017-01-27T02:30Z,final,12,265,Arizona,Washington St,79,62,,,,0,,,,,,,,,,2,,0,Tucson,AZ,1,759,,,,-7.0,"39,40","33,29",,,,,,,,
ncaab:400915845,ncaab,2017-01-27T03:00Z,final,2351,279,LMU,Pacific,79,73,,,,0,,,,,,,,,,2,,0,Los Angeles,CA,1,89,,,,-8.0,"31,48","28,45",,,,,,,,
ncaab:400918071,ncaab,2017-01-27T03:00Z,final,2547,166,Seattle U,New Mexico St,56,71,,,,0,,,,,,,,,,2,,0,Seattle,WA,1,56,,,,-8.0,"20,36","31,40",,,,,,,,
ncaab:400918878,ncaab,2017-01-27T03:00Z,final,300,13,UC Irvine,Cal Poly,66,79,,,,0,,,,,,,,,,2,,0,Irvine,CA,1,17,,,,-8.0,"35,31","36,43",,,,,,,,
ncaab:400915644,ncaab,2017-01-27T03:30Z,final,254,2483,Utah,Oregon,67,73,,,,0,,,,,,,,,,2,,0,Salt Lake City,UT,1,1299,,,,-7.0,"31,36","33,40",,,,,,,,
ncaab:400915846,ncaab,2017-01-27T03:30Z,final,2492,2501,Pepperdine,Portland,78,60,,,,0,,,,,,,,,,2,,0,Malibu,CA,1,32,,,,-8.0,"38,40","32,28",,,,,,,,
ncaab:400918895,ncaab,2017-01-27T03:30Z,final,299,2239,Long Beach St,Fullerton,76,65,,,,0,,,,,,,,,,2,,0,Long Beach,CA,1,9,,,,-8.0,"35,41","28,37",,,,,,,,
ncaab:400915847,ncaab,2017-01-27T04:00Z,final,2608,2539,Saint Mary's,San Francisco,66,46,,,,0,,,,,,,,,,2,,0,Moraga,CA,1,152,,,,-8.0,"30,36","30,16",,,,,,,,
ncaab:400915848,ncaab,2017-01-27T04:00Z,final,2541,252,Santa Clara,BYU,76,68,,,,0,,,,,,,,,,2,,0,Santa Clara,CA,1,23,,,,-8.0,"34,42","28,40",,,,,,,,
ncaab:400919301,ncaab,2017-01-27T23:00Z,final,172,108,Cornell,Harvard,71,77,,,,0,,,,,,,,,,2,,0,Ithaca,NY,1,125,,,,-5.0,"40,31","33,44",,,,,,,,
ncaab:400917604,ncaab,2017-01-28T00:00Z,final,2405,2514,Monmouth,Quinnipiac,95,76,,,,0,,,,,,,,,,2,,0,West Long Branch,NJ,1,9,,,,-5.0,"49,46","42,34",,,,,,,,
ncaab:400917605,ncaab,2017-01-28T00:00Z,final,2561,314,Siena,Iona,66,77,,,,0,,,,,,,,,,2,,0,Albany,NY,1,45,,,,-5.0,"34,32","44,33",,,,,,,,
ncaab:400918509,ncaab,2017-01-28T00:00Z,final,2174,270,Detroit Mercy,Milwaukee,69,73,,,,0,,,,,,,,,,2,,0,Detroit,MI,1,183,,,,-5.0,"27,34,8","31,30,12",,,,,,,,
ncaab:400919286,ncaab,2017-01-28T00:00Z,final,171,159,Columbia,Dartmouth,66,54,,,,0,,,,,,,,,,2,,0,New York,NY,1,10,,,,-5.0,"32,34","19,35",,,,,,,,
ncaab:400918558,ncaab,2017-01-28T01:00Z,final,82,94,UIC,N Kentucky,62,79,,,,0,,,,,,,,,,2,,0,Chicago,IL,1,179,,,,-6.0,"30,32","39,40",,,,,,,,
ncaab:400918590,ncaab,2017-01-28T01:00Z,final,2674,2750,Valparaiso,Wright St,70,55,,,,0,,,,,,,,,,2,,0,Valparaiso,IN,1,242,,,,-6.0,"38,32","23,32",,,,,,,,
ncaab:400919267,ncaab,2017-01-28T01:00Z,final,43,225,Yale,Brown,85,75,,,,0,,,,,,,,,,2,,0,New Haven,CT,1,18,,,,-5.0,"39,46","40,35",,,,,,,,
ncaab:400916407,ncaab,2017-01-28T02:00Z,final,2692,304,Weber St,Idaho St,96,74,,,,0,,,,,,,,,,2,,0,Ogden,UT,1,1311,,,,-7.0,"45,51","36,38",,,,,,,,
ncaab:400918309,ncaab,2017-01-28T02:00Z,final,2670,2168,VCU,Dayton,73,68,,,,0,,,,,,,,,,2,,0,Richmond,VA,1,64,,,,-5.0,"31,42","33,35",,,,,,,,
ncaab:400918526,ncaab,2017-01-28T02:00Z,final,2473,2739,Oakland,Green Bay,72,80,,,,0,,,,,,,,,,2,,0,Rochester,MI,1,229,,,,-5.0,"28,44","40,40",,,,,,,,
ncaab:400910815,ncaab,2017-01-28T17:00Z,final,277,245,West Virginia,Texas A&M,81,77,,,,0,,,,,,,,,,2,,0,Morgantown,WV,1,271,,,,-5.0,"45,36","29,48",,,,,,,,
ncaab:400914938,ncaab,2017-01-28T17:00Z,final,164,275,Rutgers,Wisconsin,54,61,,,,1,,,,,,,,,,2,,0,New York,NY,1,10,,,,-5.0,"25,20,9","20,25,16",,,,,,,,
ncaab:400915403,ncaab,2017-01-28T17:00Z,final,59,87,Georgia Tech,Notre Dame,62,60,,,,0,,,,,,,,,,2,,0,Atlanta,GA,1,320,,,,-5.0,"35,27","31,29",,,,,,,,
ncaab:400915404,ncaab,2017-01-28T17:00Z,final,221,228,Pitt,Clemson,60,67,,,,0,,,,,,,,,,2,,0,Pittsburgh,PA,1,233,,,,-5.0,"36,24","31,36",,,,,,,,
ncaab:400915405,ncaab,2017-01-28T17:00Z,final,183,52,Syracuse,Florida St,82,72,,,,0,,,,,,,,,,2,,0,Syracuse,NY,1,121,,,,-5.0,"44,38","26,46",,,,,,,,
ncaab:400916797,ncaab,2017-01-28T17:00Z,final,2427,2515,UNC Asheville,Radford,80,69,,,,0,,,,,,,,,,2,,0,Asheville,NC,1,649,,,,-5.0,"39,41","31,38",,,,,,,,
ncaab:400917144,ncaab,2017-01-28T17:00Z,final,2309,2117,Kent State,C Michigan,98,105,,,,0,,,,,,,,,,2,,0,Kent,OH,1,325,,,,-5.0,"41,42,15","36,47,22",,,,,,,,
ncaab:400917821,ncaab,2017-01-28T17:00Z,final,55,2413,Jax State,Morehead St,69,72,,,,0,,,,,,,,,,2,,0,Jacksonville,AL,1,216,,,,-6.0,"39,30","36,36",,,,,,,,
ncaab:400918272,ncaab,2017-01-28T17:00Z,final,2230,2166,Fordham,Davidson,66,84,,,,0,,,,,,,,,,2,,0,Bronx,NY,1,28,,,,-5.0,"23,43","40,44",,,,,,,,
ncaab:400919216,ncaab,2017-01-28T17:00Z,final,2803,161,Bryant,FDU,73,72,,,,0,,,,,,,,,,2,,0,Smithfield,RI,1,84,,,,-5.0,"37,31,5","37,31,4",,,,,,,,
ncaab:400915406,ncaab,2017-01-28T18:00Z,final,2390,153,Miami,North Carolina,77,62,,,,0,,,,,,,,,,2,,0,Coral Gables,FL,1,3,,,,-5.0,"39,38","22,40",,,,,,,,
ncaab:400916948,ncaab,2017-01-28T18:00Z,final,2678,2535,VMI,Samford,67,69,,,,0,,,,,,,,,,2,,0,Lexington,VA,1,324,,,,-5.0,"33,34","28,41",,,,,,,,
ncaab:400917147,ncaab,2017-01-28T18:00Z,final,2050,2711,Ball State,W Michigan,84,78,,,,0,,,,,,,,,,2,,0,Muncie,IN,1,284,,,,-5.0,"44,40","34,44",,,,,,,,
ncaab:400917606,ncaab,2017-01-28T18:00Z,final,2217,2368,Fairfield,Marist,72,62,,,,0,,,,,,,,,,2,,0,Bridgeport,CT,1,1,,,,-5.0,"34,38","40,22",,,,,,,,
ncaab:400918388,ncaab,2017-01-28T18:00Z,final,113,2244,UMass,George Mason,74,76,,,,0,,,,,,,,,,2,,0,Amherst,MA,1,82,,,,-5.0,"34,40","43,33",,,,,,,,
ncaab:400918730,ncaab,2017-01-28T18:00Z,final,2378,160,UMBC,New Hampshire,105,103,,,,0,,,,,,,,,,2,,0,Baltimore,MD,1,10,,,,-5.0,"38,40,14,13","38,40,14,11",,,,,,,,
ncaab:400916603,ncaab,2017-01-28T18:30Z,final,202,2116,Tulsa,UCF,77,66,,,,0,,,,,,,,,,2,,0,Tulsa,OK,1,220,,,,-6.0,"37,40","34,32",,,,,,,,
ncaab:400910648,ncaab,2017-01-28T19:00Z,final,201,57,Oklahoma,Florida,52,84,,,,0,,,,,,,,,,2,,0,Norman,OK,1,357,,,,-6.0,"28,24","43,41",,,,,,,,
ncaab:400910716,ncaab,2017-01-28T19:00Z,final,2641,99,Texas Tech,LSU,77,64,,,,0,,,,,,,,,,2,,0,Lubbock,TX,1,976,,,,-6.0,"39,38","27,37",,,,,,,,
ncaab:400910804,ncaab,2017-01-28T19:00Z,final,2633,2306,Tennessee,Kansas St,70,58,,,,0,,,,,,,,,,2,,0,Knoxville,TN,1,276,,,,-5.0,"39,31","22,36",,,,,,,,
ncaab:400916793,ncaab,2017-01-28T19:00Z,final,2097,2335,Campbell,Liberty,40,72,,,,0,,,,,,,,,,2,,0,Buies Creek,NC,1,63,,,,-5.0,"16,24","23,49",,,,,,,,
ncaab:400916795,ncaab,2017-01-28T19:00Z,final,2737,2272,Winthrop,High Point,80,83,,,,0,,,,,,,,,,2,,0,Rock Hill,SC,1,207,,,,-5.0,"38,37,5","33,42,8",,,,,,,,
ncaab:400916949,ncaab,2017-01-28T19:00Z,final,2430,231,UNC Greensboro,Furman,67,73,,,,0,,,,,,,,,,2,,0,Greensboro,NC,1,266,,,,-5.0,"33,34","35,38",,,,,,,,
ncaab:400917145,ncaab,2017-01-28T19:00Z,final,2649,2459,Toledo,N Illinois,72,74,,,,0,,,,,,,,,,2,,0,Toledo,OH,1,186,,,,-5.0,"37,35","40,34",,,,,,,,
ncaab:400917608,ncaab,2017-01-28T19:00Z,final,2099,2363,Canisius,Manhattan,78,64,,,,0,,,,,,,,,,2,,0,Buffalo,NY,1,183,,,,-5.0,"34,44","24,40",,,,,,,,
ncaab:400918166,ncaab,2017-01-28T19:00Z,final,2181,2460,Drake,Northern Iowa,63,71,,,,0,,,,,,,,,,2,,0,Des Moines,IA,1,266,,,,-6.0,"22,41","25,46",,,,,,,,
ncaab:400918204,ncaab,2017-01-28T19:00Z,final,282,2350,Indiana St,Loyola Chicago,66,81,,,,0,,,,,,,,,,2,,0,Terre Haute,IN,1,152,,,,-5.0,"24,42","42,39",,,,,,,,
ncaab:400918440,ncaab,2017-01-28T19:00Z,final,227,179,Rhode Island,St Bonaventure,71,59,,,,0,,,,,,,,,,2,,0,Kingston,RI,1,75,,,,-5.0,"32,39","22,37",,,,,,,,
ncaab:400918713,ncaab,2017-01-28T19:00Z,final,2349,524,UMass Lowell,Fisher,97,73,,,,0,,,,,,,,,,2,,0,Lowell,MA,1,36,,,,-5.0,"56,41","30,43",,,,,,,,
ncaab:400918853,ncaab,2017-01-28T19:00Z,final,2908,338,SC Upstate,Kennesaw St,79,73,,,,0,,,,,,,,,,2,,0,Spartanburg,SC,1,246,,,,-5.0,"33,46","38,35",,,,,,,,
ncaab:400919086,ncaab,2017-01-28T19:00Z,final,322,2352,Lafayette,Loyola MD,62,70,,,,0,,,,,,,,,,2,,0,Easton,PA,1,97,,,,-5.0,"30,32","41,29",,,,,,,,
ncaab:400919572,ncaab,2017-01-28T19:00Z,final,2182,232,Drexel,Charleston,76,90,,,,0,,,,,,,,,,2,,0,Philadelphia,PA,1,12,,,,-5.0,"44,32","47,43",,,,,,,,
ncaab:400919698,ncaab,2017-01-28T19:00Z,final,269,2507,Marquette,Providence,78,79,,,,0,,,,,,,,,,2,,0,Milwaukee,WI,1,188,,,,-6.0,"32,46","40,39",,,,,,,,
ncaab:400915033,ncaab,2017-01-28T19:15Z,final,135,120,Minnesota,Maryland,78,85,,,,0,,,,,,,,,,2,,0,Minneapolis,MN,1,253,,,,-6.0,"33,45","26,59",,,,,,,,
ncaab:400919699,ncaab,2017-01-28T19:30Z,final,156,305,Creighton,DePaul,83,66,,,,0,,,,,,,,,,2,,0,Omaha,NE,1,323,,,,-6.0,"44,39","29,37",,,,,,,,
ncaab:400915407,ncaab,2017-01-28T20:00Z,final,154,150,Wake Forest,Duke,83,85,,,,0,,,,,,,,,,2,,0,Winston-Salem,NC,1,293,,,,-5.0,"42,41","32,53",,,,,,,,
ncaab:400917607,ncaab,2017-01-28T20:00Z,final,315,2520,Niagara,Rider,80,67,,,,0,,,,,,,,,,2,,0,Niagara Falls,NY,1,187,,,,-5.0,"31,49","37,30",,,,,,,,
ncaab:400919087,ncaab,2017-01-28T20:00Z,final,349,2083,Army,Bucknell,75,96,,,,0,,,,,,,,,,2,,0,West Point,NY,1,47,,,,-5.0,"36,39","52,44",,,,,,,,
ncaab:400919464,ncaab,2017-01-28T20:00Z,final,249,295,North Texas,Old Dominion,67,73,,,,0,,,,,,,,,,2,,0,Denton,TX,1,201,,,,-6.0,"27,40","30,43",,,,,,,,
ncaab:400918072,ncaab,2017-01-28T20:05Z,final,2130,2253,Chicago St,Grand Canyon,77,85,,,,0,,,,,,,,,,2,,0,Chicago,IL,1,179,,,,-6.0,"34,32,7,4","21,45,7,12",,,,,,,,
ncaab:400916055,ncaab,2017-01-28T20:30Z,final,2026,250,App State,UT Arlington,67,83,,,,0,,,,,,,,,,2,,0,Boone,NC,1,981,,,,-5.0,"32,35","24,59",,,,,,,,
ncaab:400916604,ncaab,2017-01-28T20:30Z,final,235,151,Memphis,East Carolina,57,50,,,,0,,,,,,,,,,2,,0,Memphis,TN,1,78,,,,-6.0,"19,38","22,28",,,,,,,,
ncaab:400919217,ncaab,2017-01-28T20:30Z,final,2115,112358,C Connecticut,Long Island,61,52,,,,0,,,,,,,,,,2,,0,New Britain,CT,1,51,,,,-5.0,"27,34","19,33",,,,,,,,
ncaab:400921262,ncaab,2017-01-28T20:30Z,final,193,2199,Miami OH,E Michigan,57,74,,,,0,,,,,,,,,,2,,0,Oxford,OH,1,283,,,,-5.0,"27,30","41,33",,,,,,,,
ncaab:400910595,ncaab,2017-01-28T21:00Z,final,197,8,Oklahoma St,Arkansas,99,71,,,,0,,,,,,,,,,2,,0,Stillwater,OK,1,273,,,,-6.0,"59,40","33,38",,,,,,,,
ncaab:400910672,ncaab,2017-01-28T21:00Z,final,61,251,Georgia,Texas,59,57,,,,0,,,,,,,,,,2,,0,Athens,GA,1,228,,,,-5.0,"23,36","32,25",,,,,,,,
ncaab:400910829,ncaab,2017-01-28T21:00Z,final,238,66,Vanderbilt,Iowa State,84,78,,,,0,,,,,,,,,,2,,0,Nashville,TN,1,170,,,,-6.0,"33,51","33,45",,,,,,,,
ncaab:400915851,ncaab,2017-01-28T21:00Z,final,279,2539,Pacific,San Francisco,60,81,,,,0,,,,,,,,,,2,,0,Stockton,CA,1,4,,,,-8.0,"24,36","33,48",,,,,,,,
ncaab:400916408,ncaab,2017-01-28T21:00Z,final,147,331,Montana St,E Washington,91,90,,,,0,,,,,,,,,,2,,0,Bozeman,MT,1,1468,,,,-7.0,"39,42,10","42,39,9",,,,,,,,
ncaab:400916410,ncaab,2017-01-28T21:00Z,final,2464,155,N Arizona,North Dakota,68,67,,,,0,,,,,,,,,,2,,0,Flagstaff,AZ,1,2104,,,,-7.0,"30,38","34,33",,,,,,,,
ncaab:400916947,ncaab,2017-01-28T21:00Z,final,2193,236,ETSU,Chattanooga,76,71,,,,0,,,,,,,,,,2,,0,Johnson City,TN,1,498,,,,-5.0,"34,42","34,37",,,,,,,,
ncaab:400917146,ncaab,2017-01-28T21:00Z,final,189,195,Bowling Green,Ohio,72,96,,,,0,,,,,,,,,,2,,0,Bowling Green,OH,1,212,,,,-5.0,"33,39","44,52",,,,,,,,
ncaab:400917960,ncaab,2017-01-28T21:00Z,final,198,2870,Oral Roberts,Purdue FW,83,87,,,,0,,,,,,,,,,2,,0,Tulsa,OK,1,220,,,,-6.0,"40,43","46,41",,,,,,,,
ncaab:400918369,ncaab,2017-01-28T21:00Z,final,45,139,G Washington,Saint Louis,63,55,,,,0,,,,,,,,,,2,,0,Washington,DC,1,7,,,,-5.0,"23,40","29,26",,,,,,,,
ncaab:400918812,ncaab,2017-01-28T21:00Z,final,2885,288,NJIT,Lipscomb,62,66,,,,0,,,,,,,,,,2,,0,Newark,NJ,1,9,,,,-5.0,"26,36","30,36",,,,,,,,
ncaab:400918839,ncaab,2017-01-28T21:00Z,final,56,2454,Stetson,North Florida,88,74,,,,0,,,,,,,,,,2,,0,DeLand,FL,1,12,,,,-5.0,"32,56","41,33",,,,,,,,
ncaab:400919088,ncaab,2017-01-28T21:00Z,final,2426,107,Navy,Holy Cross,60,47,,,,0,,,,,,,,,,2,,0,Annapolis,MD,1,12,,,,-5.0,"33,27","24,23",,,,,,,,
ncaab:400919214,ncaab,2017-01-28T21:00Z,final,116,2529,Mount St Marys,Sacred Heart,67,53,,,,0,,,,,,,,,,2,,0,Emmitsburg,MD,1,133,,,,-5.0,"33,34","36,17",,,,,,,,
ncaab:400919215,ncaab,2017-01-28T21:00Z,final,2681,2597,Wagner,St Francis BK,66,64,,,,0,,,,,,,,,,2,,0,Staten Island,NY,1,21,,,,-5.0,"31,35","32,32",,,,,,,,
ncaab:400919531,ncaab,2017-01-28T21:00Z,final,98,2636,Western KY,UTSA,81,66,,,,0,,,,,,,,,,2,,0,Bowling Green,KY,1,161,,,,-6.0,"43,38","35,31",,,,,,,,
ncaab:400919627,ncaab,2017-01-28T21:00Z,final,2275,2210,Hofstra,Elon,70,84,,,,0,,,,,,,,,,2,,0,Hempstead,NY,1,17,,,,-5.0,"32,38","41,43",,,,,,,,
ncaab:400919786,ncaab,2017-01-28T21:00Z,final,2729,350,William & Mary,UNC Wilmington,96,78,,,,0,,,,,,,,,,2,,0,Williamsburg,VA,1,25,,,,-5.0,"42,54","33,45",,,,,,,,
ncaab:400919909,ncaab,2017-01-28T21:00Z,final,2440,167,Nevada,New Mexico,82,65,,,,0,,,,,,,,,,2,,0,Reno,NV,1,1373,,,,-8.0,"37,45","31,34",,,,,,,,
ncaab:400920407,ncaab,2017-01-28T21:00Z,final,2154,2415,Coppin St,Morgan St,74,76,,,,0,,,,,,,,,,2,,0,Baltimore,MD,1,10,,,,-5.0,"35,39","40,36",,,,,,,,
ncaab:400920425,ncaab,2017-01-28T21:00Z,final,2169,50,Delaware St,Florida A&M,68,81,,,,0,,,,,,,,,,2,,0,Dover,DE,1,9,,,,-5.0,"32,36","26,55",,,,,,,,
ncaab:400920453,ncaab,2017-01-28T21:00Z,final,47,2542,Howard,Savannah St,70,73,,,,0,,,,,,,,,,2,,0,Washington,DC,1,7,,,,-5.0,"35,35","32,41",,,,,,,,
ncaab:400920485,ncaab,2017-01-28T21:00Z,final,2379,2569,MD Eastern,SC State,92,69,,,,0,,,,,,,,,,2,,0,Princess Anne,MD,1,5,,,,-5.0,"44,48","41,28",,,,,,,,
ncaab:400920534,ncaab,2017-01-28T21:00Z,final,2428,2448,NC Central,NC A&T,82,59,,,,0,,,,,,,,,,2,,0,Durham,NC,1,123,,,,-5.0,"39,43","29,30",,,,,,,,
ncaab:400917820,ncaab,2017-01-28T21:15Z,final,2197,2565,E Illinois,SIUE,75,60,,,,0,,,,,,,,,,2,,0,Charleston,IL,1,204,,,,-6.0,"41,34","32,28",,,,,,,,
ncaab:400917961,ncaab,2017-01-28T21:15Z,final,233,2172,South Dakota,Denver,88,83,,,,0,,,,,,,,,,2,,0,Vermillion,SD,1,374,,,,-6.0,"42,46","38,45",,,,,,,,
ncaab:400914965,ncaab,2017-01-28T21:30Z,final,213,356,Penn State,Illinois,71,67,,,,0,,,,,,,,,,2,,0,University Park,PA,1,348,,,,-5.0,"45,26","25,42",,,,,,,,
ncaab:400916052,ncaab,2017-01-28T21:30Z,final,324,326,Coastal,Texas St,50,52,,,,0,,,,,,,,,,2,,0,Conway,SC,1,10,,,,-5.0,"25,25","26,26",,,,,,,,
ncaab:400916945,ncaab,2017-01-28T21:30Z,final,2382,2643,Mercer,The Citadel,82,66,,,,0,,,,,,,,,,2,,0,Macon,GA,1,112,,,,-5.0,"33,49","30,36",,,,,,,,
ncaab:400916053,ncaab,2017-01-28T22:00Z,final,2433,2032,UL Monroe,Arkansas St,63,73,,,,0,,,,,,,,,,2,,0,Monroe,LA,1,23,,,,-6.0,"33,30","32,41",,,,,,,,
ncaab:400919863,ncaab,2017-01-28T22:00Z,final,23,2439,San José St,UNLV,76,72,,,,0,,,,,,,,,,2,,0,San Jose,CA,1,26,,,,-8.0,"27,49","36,36",,,,,,,,
ncaab:400922034,ncaab,2017-01-28T22:00Z,final,2110,2916,C Arkansas,Incarnate Word,80,81,,,,0,,,,,,,,,,2,,0,Conway,AR,1,95,,,,-6.0,"50,30","36,45",,,,,,,,
ncaab:400916057,ncaab,2017-01-28T22:15Z,final,2653,2247,Troy,Georgia St,72,78,,,,0,,,,,,,,,,2,,0,Troy,AL,1,165,,,,-6.0,"22,50","36,42",,,,,,,,
ncaab:400916794,ncaab,2017-01-28T22:30Z,final,2127,2241,Charleston So,Gardner-Webb,76,85,,,,0,,,,,,,,,,2,,0,Charleston,SC,1,6,,,,-5.0,"28,48","42,43",,,,,,,,
ncaab:400922112,ncaab,2017-01-28T22:30Z,final,2320,2466,Lamar,N'Western St,85,64,,,,0,,,,,,,,,,2,,0,Beaumont,TX,1,5,,,,-6.0,"42,43","25,39",,,,,,,,
ncaab:400910558,ncaab,2017-01-28T23:00Z,final,333,344,Alabama,Mississippi St,71,62,,,,0,,,,,,,,,,2,,0,Tuscaloosa,AL,1,68,,,,-6.0,"34,37","29,33",,,,,,,,
ncaab:400910623,ncaab,2017-01-28T23:00Z,final,2628,2,TCU,Auburn,80,88,,,,0,,,,,,,,,,2,,0,Fort Worth,TX,1,199,,,,-6.0,"43,37","45,43",,,,,,,,
ncaab:400910771,ncaab,2017-01-28T23:00Z,final,145,239,Ole Miss,Baylor,75,78,,,,0,,,,,,,,,,2,,0,Oxford,MS,1,154,,,,-6.0,"42,33","35,43",,,,,,,,
ncaab:400916409,ncaab,2017-01-28T23:00Z,final,253,2458,Southern Utah,N Colorado,71,89,,,,0,,,,,,,,,,2,,0,Cedar City,UT,1,1782,,,,-7.0,"28,43","40,49",,,,,,,,
ncaab:400918332,ncaab,2017-01-28T23:00Z,final,257,2184,Richmond,Duquesne,101,90,,,,0,,,,,,,,,,2,,0,Richmond,VA,1,64,,,,-5.0,"46,55","44,46",,,,,,,,
ncaab:400918406,ncaab,2017-01-28T23:00Z,final,2603,2325,Saint Joseph's,La Salle,73,72,,,,0,,,,,,,,,,2,,0,Philadelphia,PA,1,12,,,,-5.0,"37,36","29,43",,,,,,,,
ncaab:400919302,ncaab,2017-01-28T23:00Z,final,172,159,Cornell,Dartmouth,75,62,,,,0,,,,,,,,,,2,,0,Ithaca,NY,1,125,,,,-5.0,"35,40","23,39",,,,,,,,
ncaab:400919418,ncaab,2017-01-28T23:00Z,final,2393,2348,MTSU,Louisiana Tech,71,61,,,,0,,,,,,,,,,2,,0,Murfreesboro,TN,1,186,,,,-6.0,"28,43","32,29",,,,,,,,
ncaab:400919828,ncaab,2017-01-28T23:00Z,final,2751,68,Wyoming,Boise St,65,80,,,,0,,,,,,,,,,2,,0,Laramie,WY,1,2184,,,,-7.0,"28,37","42,38",,,,,,,,
ncaab:400919847,ncaab,2017-01-28T23:00Z,final,21,36,San Diego St,Colorado St,77,78,,,,0,,,,,,,,,,2,,0,San Diego,CA,1,20,,,,-8.0,"33,44","23,55",,,,,,,,
ncaab:400910697,ncaab,2017-01-28T23:15Z,final,96,2305,Kentucky,Kansas,73,79,,,,0,,,,,,,,,,2,,0,Lexington,KY,1,295,,,,-5.0,"32,41","27,52",,,,,,,,
ncaab:400920370,ncaab,2017-01-28T23:30Z,final,2450,2065,Norfolk St,Bethune,73,66,,,,0,,,,,,,,,,2,,0,Norfolk,VA,1,2,,,,-5.0,"27,46","29,37",,,,,,,,
ncaab:400922204,ncaab,2017-01-28T23:30Z,final,2016,2582,Alcorn St,Southern,74,64,,,,0,,,,,,,,,,2,,0,Lorman,MS,1,66,,,,-6.0,"44,30","30,34",,,,,,,,
ncaab:400922220,ncaab,2017-01-28T23:30Z,final,2755,2029,Grambling,AR-Pine Bluff,61,53,,,,0,,,,,,,,,,2,,0,Grambling,LA,1,93,,,,-6.0,"25,36","18,35",,,,,,,,
ncaab:400922250,ncaab,2017-01-28T23:30Z,final,2296,2400,Jackson St,Miss Valley St,83,68,,,,0,,,,,,,,,,2,,0,Jackson,MS,1,85,,,,-6.0,"33,50","30,38",,,,,,,,
ncaab:400915645,ncaab,2017-01-29T00:00Z,final,254,204,Utah,Oregon St,86,78,,,,0,,,,,,,,,,2,,0,Salt Lake City,UT,1,1299,,,,-7.0,"42,44","30,48",,,,,,,,
ncaab:400916796,ncaab,2017-01-29T00:00Z,final,2506,2344,Presbyterian,Longwood,71,62,,,,0,,,,,,,,,,2,,0,Clinton,SC,1,76,,,,-5.0,"31,40","28,34",,,,,,,,
ncaab:400916946,ncaab,2017-01-29T00:00Z,final,2717,2747,W Carolina,Wofford,68,62,,,,0,,,,,,,,,,2,,0,Cullowhee,NC,1,645,,,,-5.0,"31,37","28,34",,,,,,,,
ncaab:400918489,ncaab,2017-01-29T00:00Z,final,2754,325,Youngstown St,Cleveland St,67,64,,,,0,,,,,,,,,,2,,0,Youngstown,OH,1,259,,,,-5.0,"33,34","29,35",,,,,,,,
ncaab:400918620,ncaab,2017-01-29T00:00Z,final,42,399,Hartford,UAlbany,61,74,,,,0,,,,,,,,,,2,,0,West Hartford,CT,1,40,,,,-5.0,"26,35","34,40",,,,,,,,
ncaab:400918744,ncaab,2017-01-29T00:00Z,final,2619,261,Stony Brook,Vermont,64,71,,,,0,,,,,,,,,,2,,0,Stony Brook,NY,1,27,,,,-5.0,"30,34","39,32",,,,,,,,
ncaab:400918777,ncaab,2017-01-29T00:00Z,final,526,294,FGCU,Jacksonville,78,56,,,,0,,,,,,,,,,2,,0,Fort Myers,FL,1,3,,,,-5.0,"36,42","33,23",,,,,,,,
ncaab:400919218,ncaab,2017-01-29T00:00Z,final,2598,2523,Saint Francis,Robert Morris,89,83,,,,0,,,,,,,,,,2,,0,Loretto,PA,1,595,,,,-5.0,"32,36,21","33,35,15",,,,,,,,
ncaab:400919287,ncaab,2017-01-29T00:00Z,final,171,108,Columbia,Harvard,65,62,,,,0,,,,,,,,,,2,,0,New York,NY,1,10,,,,-5.0,"41,24","26,36",,,,,,,,
ncaab:400919434,ncaab,2017-01-29T00:00Z,final,276,2638,Marshall,UTEP,68,91,,,,0,,,,,,,,,,2,,0,Huntington,WV,1,173,,,,-5.0,"35,33","45,46",,,,,,,,
ncaab:400919593,ncaab,2017-01-29T00:00Z,final,48,256,Delaware,James Madison,66,61,,,,0,,,,,,,,,,2,,0,Newark,DE,1,38,,,,-5.0,"34,32","24,37",,,,,,,,
ncaab:400919792,ncaab,2017-01-29T00:00Z,final,111,119,Northeastern,Towson,69,62,,,,0,,,,,,,,,,2,,0,Boston,MA,1,14,,,,-5.0,"24,45","27,35",,,,,,,,
ncaab:400922153,ncaab,2017-01-29T00:00Z,final,2617,2443,SF Austin,LSU N Orleans,71,61,,,,0,,,,,,,,,,2,,0,Nacogdoches,TX,1,92,,,,-6.0,"42,29","31,30",,,,,,,,
ncaab:400922261,ncaab,2017-01-29T00:00Z,final,2504,2010,Prairie View,Alabama A&M,70,65,,,,0,,,,,,,,,,2,,0,Prairie View,TX,1,82,,,,-6.0,"31,39","23,42",,,,,,,,
ncaab:400922174,ncaab,2017-01-29T00:15Z,final,2534,2545,Sam Houston,SE Louisiana,71,69,,,,0,,,,,,,,,,2,,0,Huntsville,TX,1,113,,,,-6.0,"37,34","25,44",,,,,,,,
ncaab:400917143,ncaab,2017-01-29T00:30Z,final,2006,2084,Akron,Buffalo,91,90,,,,0,,,,,,,,,,2,,0,Akron,OH,1,291,,,,-5.0,"43,48","40,50",,,,,,,,
ncaab:400917819,ncaab,2017-01-29T00:30Z,final,2046,2546,Austin Peay,SE Missouri,71,82,,,,0,,,,,,,,,,2,,0,Clarksville,TN,1,145,,,,-6.0,"39,32","44,38",,,,,,,,
ncaab:400922130,ncaab,2017-01-29T00:30Z,final,2447,2377,Nicholls,McNeese,78,74,,,,0,,,,,,,,,,2,,0,Thibodaux,LA,1,4,,,,-6.0,"42,36","31,43",,,,,,,,
ncaab:400915011,ncaab,2017-01-29T01:00Z,final,2294,194,Iowa,Ohio State,85,72,,,,0,,,,,,,,,,2,,0,Iowa City,IA,1,204,,,,-6.0,"40,45","29,43",,,,,,,,
ncaab:400916605,ncaab,2017-01-29T01:00Z,final,41,2655,UConn,Tulane,78,68,,,,0,,,,,,,,,,2,,0,Storrs,CT,1,187,,,,-5.0,"34,44","36,32",,,,,,,,
ncaab:400917822,ncaab,2017-01-29T01:00Z,final,93,2630,Murray St,UT Martin,94,86,,,,0,,,,,,,,,,2,,0,Murray,KY,1,163,,,,-6.0,"49,45","46,40",,,,,,,,
ncaab:400917962,ncaab,2017-01-29T01:00Z,final,2710,85,W Illinois,IU Indy,78,69,,,,0,,,,,,,,,,2,,0,Macomb,IL,1,215,,,,-6.0,"30,48","29,40",,,,,,,,
ncaab:400917963,ncaab,2017-01-29T01:00Z,final,2437,2571,Omaha,S Dakota St,84,88,,,,0,,,,,,,,,,2,,0,Omaha,NE,1,323,,,,-6.0,"43,41","52,36",,,,,,,,
ncaab:400918073,ncaab,2017-01-29T01:00Z,final,140,2934,Kansas City,Bakersfield,63,74,,,,0,,,,,,,,,,2,,0,Kansas City,MO,1,274,,,,-6.0,"28,35","33,41",,,,,,,,
ncaab:400918147,ncaab,2017-01-29T01:00Z,final,79,2623,S Illinois,Missouri St,85,84,,,,0,,,,,,,,,,2,,0,Carbondale,IL,1,126,,,,-6.0,"28,41,16","40,29,15",,,,,,,,
ncaab:400918916,ncaab,2017-01-29T01:00Z,final,27,2463,UC Riverside,CSU Northridge,59,63,,,,0,,,,,,,,,,2,,0,Riverside,CA,1,252,,,,-8.0,"26,33","32,31",,,,,,,,
ncaab:400918957,ncaab,2017-01-29T01:00Z,final,302,300,UC Davis,UC Irvine,74,65,,,,0,,,,,,,,,,2,,0,Davis,CA,1,16,,,,-8.0,"27,47","33,32",,,,,,,,
ncaab:400919355,ncaab,2017-01-29T01:00Z,final,242,2429,Rice,Charlotte,84,67,,,,0,,,,,,,,,,2,,0,Houston,TX,1,12,,,,-6.0,"38,46","33,34",,,,,,,,
ncaab:400919504,ncaab,2017-01-29T01:00Z,final,5,2572,UAB,Southern Miss,87,43,,,,0,,,,,,,,,,2,,0,Birmingham,AL,1,187,,,,-6.0,"42,45","16,27",,,,,,,,
ncaab:400919700,ncaab,2017-01-29T01:00Z,final,2086,46,Butler,Georgetown,81,85,,,,0,,,,,,,,,,2,,0,Indianapolis,IN,1,218,,,,-5.0,"41,40","40,45",,,,,,,,
ncaab:400921977,ncaab,2017-01-29T01:00Z,final,357,2000,Texas A&M-CC,Abilene Chrstn,72,60,,,,0,,,,,,,,,,2,,0,Corpus Christi,TX,1,2,,,,-6.0,"37,35","25,35",,,,,,,,
ncaab:400916054,ncaab,2017-01-29T01:05Z,final,6,290,South Alabama,GA Southern,78,66,,,,0,,,,,,,,,,2,,0,Mobile,AL,1,3,,,,-6.0,"36,42","40,26",,,,,,,,
ncaab:400916056,ncaab,2017-01-29T01:15Z,final,309,2031,Louisiana,Little Rock,88,82,,,,0,,,,,,,,,,2,,0,Lafayette,LA,1,11,,,,-6.0,"45,43","25,57",,,,,,,,
ncaab:400910752,ncaab,2017-01-29T01:30Z,final,142,2579,Missouri,South Carolina,53,63,,,,0,,,,,,,,,,2,,0,Columbia,MO,1,215,,,,-6.0,"22,31","26,37",,,,,,,,
ncaab:400917823,ncaab,2017-01-29T01:30Z,final,2634,2057,Tennessee St,Belmont,76,93,,,,0,,,,,,,,,,2,,0,Nashville,TN,1,170,,,,-6.0,"28,48","39,54",,,,,,,,
ncaab:400917824,ncaab,2017-01-29T01:30Z,final,2635,2198,Tennessee Tech,E Kentucky,66,79,,,,0,,,,,,,,,,2,,0,Cookeville,TN,1,334,,,,-6.0,"34,32","33,46",,,,,,,,
ncaab:400922398,ncaab,2017-01-29T01:30Z,final,2640,2011,Texas Southern,Alabama St,70,68,,,,0,,,,,,,,,,2,,0,Houston,TX,1,12,,,,-6.0,"24,46","27,41",,,,,,,,
ncaab:400915849,ncaab,2017-01-29T02:00Z,final,252,2351,BYU,LMU,85,77,,,,0,,,,,,,,,,2,,0,Provo,UT,1,1387,,,,-7.0,"43,42","40,37",,,,,,,,
ncaab:400916411,ncaab,2017-01-29T02:00Z,final,149,70,Montana,Idaho,77,85,,,,0,,,,,,,,,,2,,0,Missoula,MT,1,978,,,,-7.0,"40,28,9","32,36,17",,,,,,,,
ncaab:400918074,ncaab,2017-01-29T02:00Z,final,3084,166,Utah Valley,New Mexico St,69,74,,,,0,,,,,,,,,,2,,0,Orem,UT,1,1455,,,,-7.0,"38,31","31,43",,,,,,,,
ncaab:400918879,ncaab,2017-01-29T02:00Z,final,2239,13,Fullerton,Cal Poly,81,71,,,,0,,,,,,,,,,2,,0,Fullerton,CA,1,50,,,,-8.0,"39,42","32,39",,,,,,,,
ncaab:400919879,ncaab,2017-01-29T02:00Z,final,328,278,Utah State,Fresno St,78,65,,,,0,,,,,,,,,,2,,0,Logan,UT,1,1382,,,,-7.0,"27,51","23,42",,,,,,,,
ncaab:400915646,ncaab,2017-01-29T02:30Z,final,38,2483,Colorado,Oregon,74,65,,,,0,,,,,,,,,,2,,0,Boulder,CO,1,1624,,,,-7.0,"35,39","34,31",,,,,,,,
ncaab:400915850,ncaab,2017-01-29T03:00Z,final,2501,301,Portland,San Diego,52,68,,,,0,,,,,,,,,,2,,0,Portland,OR,1,12,,,,-8.0,"30,22","38,30",,,,,,,,
ncaab:400915853,ncaab,2017-01-29T03:00Z,final,2492,2250,Pepperdine,Gonzaga,49,96,,,,0,,,,,,,,,,2,,0,Malibu,CA,1,32,,,,-8.0,"21,28","43,53",,,,,,,,
ncaab:400916606,ncaab,2017-01-29T03:00Z,final,248,218,Houston,Temple,79,66,,,,0,,,,,,,,,,2,,0,Houston,TX,1,12,,,,-6.0,"43,36","33,33",,,,,,,,
ncaab:400918075,ncaab,2017-01-29T03:00Z,final,2547,292,Seattle U,UT Rio Grande,96,84,,,,0,,,,,,,,,,2,,0,Seattle,WA,1,56,,,,-8.0,"53,43","40,44",,,,,,,,
ncaab:400916412,ncaab,2017-01-29T03:05Z,final,16,2502,Sacramento St,Portland St,80,77,,,,0,,,,,,,,,,2,,0,Sacramento,CA,1,9,,,,-8.0,"37,30,13","28,39,10",,,,,,,,
ncaab:400915852,ncaab,2017-01-29T04:00Z,final,2541,2608,Santa Clara,Saint Mary's,59,72,,,,0,,,,,,,,,,2,,0,Santa Clara,CA,1,23,,,,-8.0,"30,29","35,37",,,,,,,,
ncaab:400918972,ncaab,2017-01-29T05:30Z,final,62,2540,Hawai'i,Santa Barbara,78,56,,,,0,,,,,,,,,,2,,0,Honolulu,HI,1,5,,,,-10.0,"37,41","29,27",,,,,,,,
ncaab:400915054,ncaab,2017-01-29T18:00Z,final,127,130,Michigan St,Michigan,70,62,,,,0,,,,,,,,,,2,,0,East Lansing,MI,1,261,,,,-5.0,"32,38","28,34",,,,,,,,
ncaab:400915408,ncaab,2017-01-29T18:00Z,final,222,258,Villanova,Virginia,61,59,,,,0,,,,,,,,,,2,,0,Philadelphia,PA,1,12,,,,-5.0,"22,39","31,28",,,,,,,,
ncaab:400915409,ncaab,2017-01-29T18:00Z,final,97,152,Louisville,NC State,85,60,,,,0,,,,,,,,,,2,,0,Louisville,KY,1,142,,,,-5.0,"45,40","33,27",,,,,,,,
ncaab:400918542,ncaab,2017-01-29T18:00Z,final,2473,270,Oakland,Milwaukee,79,70,,,,0,,,,,,,,,,2,,0,Rochester,MI,1,229,,,,-5.0,"30,34,15","30,34,6",,,,,,,,
ncaab:400915647,ncaab,2017-01-29T19:00Z,final,9,265,Arizona St,Washington St,83,91,,,,0,,,,,,,,,,2,,0,Tempe,AZ,1,360,,,,-7.0,"40,43","37,54",,,,,,,,
ncaab:400918510,ncaab,2017-01-29T19:00Z,final,2174,2739,Detroit Mercy,Green Bay,93,92,,,,0,,,,,,,,,,2,,0,Detroit,MI,1,183,,,,-5.0,"45,48","50,42",,,,,,,,
ncaab:400918650,ncaab,2017-01-29T19:00Z,final,311,2066,Maine,Binghamton,54,65,,,,0,,,,,,,,,,2,,0,Bangor,ME,1,36,,,,-5.0,"24,30","27,38",,,,,,,,
ncaab:400919089,ncaab,2017-01-29T19:00Z,final,44,2142,American,Colgate,65,70,,,,0,,,,,,,,,,2,,0,Washington,DC,1,7,,,,-5.0,"31,34","28,42",,,,,,,,
ncaab:400918572,ncaab,2017-01-29T19:30Z,final,2674,94,Valparaiso,N Kentucky,65,58,,,,0,,,,,,,,,,2,,0,Valparaiso,IN,1,242,,,,-6.0,"38,27","37,21",,,,,,,,
ncaab:400915648,ncaab,2017-01-29T20:30Z,final,12,264,Arizona,Washington,77,66,,,,0,,,,,,,,,,2,,0,Tucson,AZ,1,759,,,,-7.0,"31,46","33,33",,,,,,,,
ncaab:400916607,ncaab,2017-01-29T21:00Z,final,2132,58,Cincinnati,South Florida,94,53,,,,0,,,,,,,,,,2,,0,Cincinnati,OH,1,191,,,,-5.0,"49,45","25,28",,,,,,,,
ncaab:400917609,ncaab,2017-01-29T21:00Z,final,314,2612,Iona,Saint Peter's,69,66,,,,0,,,,,,,,,,2,,0,New Rochelle,NY,1,26,,,,-5.0,"28,31,10","32,27,7",,,,,,,,
ncaab:400918123,ncaab,2017-01-29T21:00Z,final,71,2724,Bradley,Wichita St,49,64,,,,0,,,,,,,,,,2,,0,Peoria,IL,1,153,,,,-6.0,"25,24","20,44",,,,,,,,
ncaab:400918229,ncaab,2017-01-29T21:00Z,final,339,2287,Evansville,Illinois St,59,69,,,,0,,,,,,,,,,2,,0,Evansville,IN,1,118,,,,-6.0,"30,29","33,36",,,,,,,,
ncaab:400918559,ncaab,2017-01-29T21:00Z,final,82,2750,UIC,Wright St,86,88,,,,0,,,,,,,,,,2,,0,Chicago,IL,1,179,,,,-6.0,"43,43","39,49",,,,,,,,
ncaab:400915115,ncaab,2017-01-29T21:30Z,final,158,2509,Nebraska,Purdue,83,80,,,,0,,,,,,,,,,2,,0,Lincoln,NE,1,367,,,,-6.0,"39,44","33,47",,,,,,,,
ncaab:400919701,ncaab,2017-01-29T23:00Z,final,2599,2752,St John's,Xavier,77,82,,,,0,,,,,,,,,,2,,0,New York,NY,1,10,,,,-5.0,"25,52","32,50",,,,,,,,
ncaab:400914982,ncaab,2017-01-29T23:30Z,final,77,84,Northwestern,Indiana,68,55,,,,0,,,,,,,,,,2,,0,Evanston,IL,1,187,,,,-6.0,"35,33","23,32",,,,,,,,
ncaab:400915410,ncaab,2017-01-29T23:30Z,final,259,103,Virginia Tech,Boston College,85,79,,,,0,,,,,,,,,,2,,0,Blacksburg,VA,1,633,,,,-5.0,"47,38","36,43",,,,,,,,
ncaab:400915649,ncaab,2017-01-30T01:30Z,final,25,24,California,Stanford,66,55,,,,0,,,,,,,,,,2,,0,Berkeley,CA,1,52,,,,-8.0,"25,41","25,30",,,,,,,,
ncaab:400915411,ncaab,2017-01-31T00:00Z,final,87,150,Notre Dame,Duke,74,84,,,,0,,,,,,,,,,2,,0,South Bend,IN,1,211,,,,-5.0,"25,49","37,47",,,,,,,,
ncaab:400916058,ncaab,2017-01-31T00:00Z,final,324,250,Coastal,UT Arlington,72,70,,,,0,,,,,,,,,,2,,0,Conway,SC,1,10,,,,-5.0,"35,37","30,40",,,,,,,,
ncaab:400916061,ncaab,2017-01-31T00:00Z,final,2026,326,App State,Texas St,55,68,,,,0,,,,,,,,,,2,,0,Boone,NC,1,981,,,,-5.0,"29,26","37,31",,,,,,,,
ncaab:400916950,ncaab,2017-01-31T00:00Z,final,2382,2717,Mercer,W Carolina,62,47,,,,0,,,,,,,,,,2,,0,Macon,GA,1,112,,,,-5.0,"23,39","22,25",,,,,,,,
ncaab:400917610,ncaab,2017-01-31T00:00Z,final,2368,2405,Marist,Monmouth,71,83,,,,0,,,,,,,,,,2,,0,Poughkeepsie,NY,1,62,,,,-5.0,"34,37","27,56",,,,,,,,
ncaab:400917611,ncaab,2017-01-31T00:00Z,final,2099,2520,Canisius,Rider,66,72,,,,0,,,,,,,,,,2,,0,Buffalo,NY,1,183,,,,-5.0,"33,33","32,40",,,,,,,,
ncaab:400917612,ncaab,2017-01-31T00:00Z,final,2514,2561,Quinnipiac,Siena,75,84,,,,0,,,,,,,,,,2,,0,Hamden,CT,1,31,,,,-5.0,"37,38","39,45",,,,,,,,
ncaab:400918778,ncaab,2017-01-31T00:00Z,final,526,2454,FGCU,North Florida,74,59,,,,0,,,,,,,,,,2,,0,Fort Myers,FL,1,3,,,,-5.0,"34,40","32,27",,,,,,,,
ncaab:400918800,ncaab,2017-01-31T00:00Z,final,56,294,Stetson,Jacksonville,86,89,,,,0,,,,,,,,,,2,,0,DeLand,FL,1,12,,,,-5.0,"36,50","36,53",,,,,,,,
ncaab:400918813,ncaab,2017-01-31T00:00Z,final,2908,288,SC Upstate,Lipscomb,80,92,,,,0,,,,,,,,,,2,,0,Spartanburg,SC,1,246,,,,-5.0,"39,41","41,51",,,,,,,,
ncaab:400918829,ncaab,2017-01-31T00:00Z,final,2885,338,NJIT,Kennesaw St,53,54,,,,0,,,,,,,,,,2,,0,Newark,NJ,1,9,,,,-5.0,"28,25","23,31",,,,,,,,
ncaab:400919090,ncaab,2017-01-31T00:00Z,final,2329,104,Lehigh,Boston U,59,76,,,,0,,,,,,,,,,2,,0,Bethlehem,PA,1,109,,,,-5.0,"25,34","34,42",,,,,,,,
ncaab:400919981,ncaab,2017-01-31T00:00Z,final,47,2569,Howard,SC State,68,77,,,,0,,,,,,,,,,2,,0,Washington,DC,1,7,,,,-5.0,"26,42","29,48",,,,,,,,
ncaab:400920408,ncaab,2017-01-31T00:00Z,final,2261,2154,Hampton,Coppin St,77,65,,,,0,,,,,,,,,,2,,0,Hampton,VA,1,1,,,,-5.0,"30,47","25,40",,,,,,,,
ncaab:400933587,ncaab,2017-01-31T00:00Z,final,2729,2182,William & Mary,Drexel,108,85,,,,0,,,,,,,,,,2,,0,Williamsburg,VA,1,25,,,,-5.0,"45,63","44,41",,,,,,,,
ncaab:400920426,ncaab,2017-01-31T00:30Z,final,2169,2428,Delaware St,NC Central,74,82,,,,0,,,,,,,,,,2,,0,Dover,DE,1,9,,,,-5.0,"21,53","38,44",,,,,,,,
ncaab:400920486,ncaab,2017-01-31T00:30Z,final,2379,2542,MD Eastern,Savannah St,82,87,,,,0,,,,,,,,,,2,,0,Princess Anne,MD,1,5,,,,-5.0,"39,43","47,40",,,,,,,,
ncaab:400920497,ncaab,2017-01-31T00:30Z,final,2415,50,Morgan St,Florida A&M,77,60,,,,0,,,,,,,,,,2,,0,Baltimore,MD,1,10,,,,-5.0,"41,36","24,36",,,,,,,,
ncaab:400916059,ncaab,2017-01-31T01:00Z,final,2433,2031,UL Monroe,Little Rock,68,52,,,,0,,,,,,,,,,2,,0,Monroe,LA,1,23,,,,-6.0,"28,40","30,22",,,,,,,,
ncaab:400916062,ncaab,2017-01-31T01:00Z,final,309,2032,Louisiana,Arkansas St,69,88,,,,0,,,,,,,,,,2,,0,Lafayette,LA,1,11,,,,-6.0,"26,43","28,60",,,,,,,,
ncaab:400916063,ncaab,2017-01-31T01:00Z,final,2653,290,Troy,GA Southern,83,76,,,,0,,,,,,,,,,2,,0,Troy,AL,1,165,,,,-6.0,"38,45","32,44",,,,,,,,
ncaab:400920525,ncaab,2017-01-31T01:00Z,final,2450,2448,Norfolk St,NC A&T,83,69,,,,0,,,,,,,,,,2,,0,Norfolk,VA,1,2,,,,-5.0,"36,47","26,43",,,,,,,,
ncaab:400922221,ncaab,2017-01-31T01:30Z,final,2296,2029,Jackson St,AR-Pine Bluff,74,59,,,,0,,,,,,,,,,2,,0,Jackson,MS,1,85,,,,-6.0,"38,36","22,37",,,,,,,,
ncaab:400922239,ncaab,2017-01-31T01:30Z,final,2755,2400,Grambling,Miss Valley St,77,74,,,,0,,,,,,,,,,2,,0,Grambling,LA,1,93,,,,-6.0,"30,34,13","33,31,10",,,,,,,,
ncaab:400922399,ncaab,2017-01-31T01:30Z,final,2640,2010,Texas Southern,Alabama A&M,92,47,,,,0,,,,,,,,,,2,,0,Houston,TX,1,12,,,,-6.0,"46,46","22,25",,,,,,,,
ncaab:400916060,ncaab,2017-01-31T02:00Z,final,6,2247,South Alabama,Georgia St,80,83,,,,0,,,,,,,,,,2,,0,Mobile,AL,1,3,,,,-6.0,"28,52","39,44",,,,,,,,
ncaab:400916226,ncaab,2017-01-31T02:00Z,final,201,197,Oklahoma,Oklahoma St,66,68,,,,0,,,,,,,,,,2,,0,Norman,OK,1,357,,,,-6.0,"36,30","35,33",,,,,,,,
ncaab:400917825,ncaab,2017-01-31T02:00Z,final,2057,2565,Belmont,SIUE,92,69,,,,0,,,,,,,,,,2,,0,Nashville,TN,1,170,,,,-6.0,"43,49","29,40",,,,,,,,
ncaab:400918076,ncaab,2017-01-31T02:00Z,final,166,3141,New Mexico St,Northern NM,98,75,,,,1,,,,,,,,,,2,,0,Rio Rancho,NM,1,1610,,,,-7.0,"43,55","36,39",,,,,,,,
ncaab:400919982,ncaab,2017-01-31T02:00Z,final,2504,2011,Prairie View,Alabama St,72,52,,,,0,,,,,,,,,,2,,0,Prairie View,TX,1,82,,,,-6.0,"32,40","27,25",,,,,,,,
ncaab:400917152,ncaab,2017-01-31T23:00Z,final,2711,195,W Michigan,Ohio,90,85,,,,0,,,,,,,,,,2,,0,Kalamazoo,MI,1,239,,,,-5.0,"38,52","44,41",,,,,,,,
