id,league,start,status,home,away,home_name,away_name,home_score,away_score,ml_home,ml_away,odds_time,neutral,ml_home_open,ml_away_open,spread_home,spread_home_odds,spread_away_odds,inj_home,inj_away,sp_home,sp_away,stype,country,intl,city,state,indoor,elev,wx_temp,wx_wind,wx_rain,tzo,ls_home,ls_away,h1_ml_home,h1_ml_away,h1_spread_home,h1_spread_home_odds,h1_spread_away_odds,total,over_odds,under_odds
ncaab:400986109,ncaab,2017-12-01T00:00Z,final,127,87,Michigan St,Notre Dame,81,63,,,,0,,,,,,,,,,2,,0,East Lansing,MI,1,261,,,,-5.0,"46,35","26,37",,,,,,,,
ncaab:400987212,ncaab,2017-12-01T00:00Z,final,344,2449,Mississippi St,N Dakota St,83,59,,,,0,,,,,,,,,,2,,0,Starkville,MS,1,101,,,,-6.0,"29,54","24,35",,,,,,,,
ncaab:400987980,ncaab,2017-12-01T00:00Z,final,2210,58,Elon,South Florida,79,78,,,,0,,,,,,,,,,2,,0,Elon,NC,1,215,,,,-5.0,"36,34,9","34,36,8",,,,,,,,
ncaab:400988695,ncaab,2017-12-01T00:00Z,final,232,2717,Charleston,W Carolina,69,60,,,,0,,,,,,,,,,2,,0,Charleston,SC,1,6,,,,-5.0,"35,34","30,30",,,,,,,,
ncaab:400989279,ncaab,2017-12-01T00:00Z,final,277,2885,West Virginia,NJIT,102,69,,,,0,,,,,,,,,,2,,0,Morgantown,WV,1,271,,,,-5.0,"49,53","33,36",,,,,,,,
ncaab:400989320,ncaab,2017-12-01T00:00Z,final,2870,3192,Purdue FW,IU Kokomo,99,63,,,,0,,,,,,,,,,2,,0,Fort Wayne,IN,1,247,,,,-5.0,"52,47","33,30",,,,,,,,
ncaab:400990744,ncaab,2017-12-01T00:00Z,final,2115,2448,C Connecticut,NC A&T,72,59,,,,0,,,,,,,,,,2,,0,New Britain,CT,1,51,,,,-5.0,"32,40","23,36",,,,,,,,
ncaab:400990745,ncaab,2017-12-01T00:00Z,final,112358,42,Long Island,Hartford,79,78,,,,0,,,,,,,,,,2,,0,Brooklyn,NY,1,15,,,,-5.0,"37,42","34,44",,,,,,,,
ncaab:400991452,ncaab,2017-12-01T00:00Z,final,2275,2404,Hofstra,Molloy,107,72,,,,0,,,,,,,,,,2,,0,Hempstead,NY,1,17,,,,-5.0,"51,56","32,40",,,,,,,,
ncaab:400991490,ncaab,2017-12-01T00:00Z,final,111,108,Northeastern,Harvard,77,61,,,,0,,,,,,,,,,2,,0,Boston,MA,1,14,,,,-5.0,"41,36","34,27",,,,,,,,
ncaab:400991954,ncaab,2017-12-01T00:00Z,final,56,2097,Stetson,Campbell,78,85,,,,0,,,,,,,,,,2,,0,DeLand,FL,1,12,,,,-5.0,"31,47","41,44",,,,,,,,
ncaab:400992166,ncaab,2017-12-01T00:00Z,final,2473,2640,Oakland,Texas Southern,97,87,,,,0,,,,,,,,,,2,,0,Rochester,MI,1,229,,,,-5.0,"46,51","40,47",,,,,,,,
ncaab:400992199,ncaab,2017-12-01T00:00Z,final,2597,111171,St Francis BK,NEW ROCH,104,79,,,,0,,,,,,,,,,2,,0,Brooklyn,NY,1,15,,,,-5.0,"45,59","31,48",,,,,,,,
ncaab:400992765,ncaab,2017-12-01T00:00Z,final,47,3164,Howard,Central Penn,81,64,,,,0,,,,,,,,,,2,,0,Washington,DC,1,7,,,,-5.0,"38,43","36,28",,,,,,,,
ncaab:400992928,ncaab,2017-12-01T00:00Z,final,2542,3117,Savannah St,Carver,98,60,,,,0,,,,,,,,,,2,,0,Savannah,GA,1,6,,,,-5.0,"40,58","24,36",,,,,,,,
ncaab:400994187,ncaab,2017-12-01T00:00Z,final,2428,111180,NC Central,Christendom,116,38,,,,0,,,,,,,,,,2,,0,Durham,NC,1,123,,,,-5.0,"56,60","23,15",,,,,,,,
ncaab:400988944,ncaab,2017-12-01T00:30Z,final,2534,3170,Sam Houston,St Thomas TX,77,54,,,,0,,,,,,,,,,2,,0,Huntsville,TX,1,113,,,,-6.0,"39,38","27,27",,,,,,,,
ncaab:400991879,ncaab,2017-12-01T00:30Z,final,294,2065,Jacksonville,Bethune,66,77,,,,0,,,,,,,,,,2,,0,Jacksonville,FL,1,5,,,,-5.0,"26,40","34,43",,,,,,,,
ncaab:400987209,ncaab,2017-12-01T01:00Z,final,245,292,Texas A&M,UT Rio Grande,78,60,,,,0,,,,,,,,,,2,,0,College Station,TX,1,103,,,,-6.0,"40,38","28,32",,,,,,,,
ncaab:400987981,ncaab,2017-12-01T01:00Z,final,151,350,East Carolina,UNC Wilmington,93,88,,,,0,,,,,,,,,,2,,0,Greenville,NC,1,18,,,,-5.0,"48,31,14","42,37,9",,,,,,,,
ncaab:400987982,ncaab,2017-12-01T01:00Z,final,5,235,UAB,Memphis,71,56,,,,0,,,,,,,,,,2,,0,Birmingham,AL,1,187,,,,-6.0,"40,31","21,35",,,,,,,,
ncaab:400989215,ncaab,2017-12-01T01:00Z,final,201,249,Oklahoma,North Texas,82,72,,,,0,,,,,,,,,,2,,0,Norman,OK,1,357,,,,-6.0,"38,44","38,34",,,,,,,,
ncaab:400989319,ncaab,2017-12-01T01:00Z,final,140,233,Kansas City,South Dakota,63,82,,,,0,,,,,,,,,,2,,0,Kansas City,MO,1,274,,,,-6.0,"30,33","36,46",,,,,,,,
ncaab:400990913,ncaab,2017-12-01T01:00Z,final,55,2011,Jax State,Alabama St,77,69,,,,0,,,,,,,,,,2,,0,Jacksonville,AL,1,216,,,,-6.0,"37,40","22,47",,,,,,,,
ncaab:400992560,ncaab,2017-12-01T01:00Z,final,2636,111254,UTSA,Ottawa (AZ),125,64,,,,0,,,,,,,,,,2,,0,San Antonio,TX,1,198,,,,-6.0,"62,63","25,39",,,,,,,,
ncaab:400987210,ncaab,2017-12-01T02:00Z,final,218,2579,Temple,South Carolina,76,60,,,,1,,,,,,,,,,2,,0,New York,NY,1,10,,,,-5.0,"38,38","27,33",,,,,,,,
ncaab:400987211,ncaab,2017-12-01T02:00Z,final,2116,142,UCF,Missouri,59,62,,,,0,,,,,,,,,,2,,0,Orlando,FL,1,30,,,,-5.0,"24,35","29,33",,,,,,,,
ncaab:400986934,ncaab,2017-12-01T03:00Z,final,27,279,UC Riverside,Pacific,55,57,,,,0,,,,,,,,,,2,,0,Riverside,CA,1,252,,,,-8.0,"22,33","31,26",,,,,,,,
ncaab:400986975,ncaab,2017-12-01T03:00Z,final,2501,109661,Portland,Multnomah,112,65,,,,0,,,,,,,,,,2,,0,Portland,OR,1,12,,,,-8.0,"56,56","30,35",,,,,,,,
ncaab:400987087,ncaab,2017-12-01T03:00Z,final,2541,2464,Santa Clara,N Arizona,89,57,,,,0,,,,,,,,,,2,,0,Santa Clara,CA,1,23,,,,-8.0,"46,43","22,35",,,,,,,,
ncaab:400990608,ncaab,2017-12-01T03:00Z,final,2638,166,UTEP,New Mexico St,60,80,,,,0,,,,,,,,,,2,,0,El Paso,TX,1,1133,,,,-7.0,"23,37","37,43",,,,,,,,
ncaab:400991249,ncaab,2017-12-01T03:00Z,final,278,2692,Fresno St,Weber St,83,71,,,,0,,,,,,,,,,2,,0,Fresno,CA,1,94,,,,-8.0,"44,39","30,41",,,,,,,,
ncaab:400990609,ncaab,2017-12-01T03:30Z,final,2547,338,Seattle U,Kennesaw St,66,54,,,,0,,,,,,,,,,2,,0,Seattle,WA,1,56,,,,-8.0,"31,35","24,30",,,,,,,,
ncaab:400986995,ncaab,2017-12-01T04:00Z,final,301,21,San Diego,San Diego St,57,66,,,,0,,,,,,,,,,2,,0,San Diego,CA,1,20,,,,-8.0,"22,35","30,36",,,,,,,,
ncaab:400991085,ncaab,2017-12-01T16:30Z,final,2363,107,Manhattan,Holy Cross,70,54,,,,1,,,,,,,,,,2,,0,Belfast,Northern Ireland,1,7,,,,0.0,"39,31","23,31",,,,,,,,
ncaab:400990071,ncaab,2017-12-01T19:00Z,final,2325,119,La Salle,Towson,60,67,,,,1,,,,,,,,,,2,,0,Belfast,Northern Ireland,1,7,,,,0.0,"33,27","33,34",,,,,,,,
ncaab:400991084,ncaab,2017-12-01T20:00Z,final,2643,2368,The Citadel,Marist,91,100,,,,0,,,,,,,,,,2,,0,Charleston,SC,1,6,,,,-5.0,"57,34","39,61",,,,,,,,
ncaab:400991582,ncaab,2017-12-01T22:00Z,final,349,2378,Army,UMBC,81,70,,,,1,,,,,,,,,,2,,0,Charleston,SC,1,6,,,,-5.0,"41,40","43,27",,,,,,,,
ncaab:400986111,ncaab,2017-12-02T00:00Z,final,2184,221,Duquesne,Pitt,64,76,,,,1,,,,,,,,,,2,,0,Pittsburgh,PA,1,233,,,,-5.0,"26,38","37,39",,,,,,,,
ncaab:400986394,ncaab,2017-12-02T00:00Z,final,120,2509,Maryland,Purdue,75,80,,,,0,,,,,,,,,,2,,0,College Park,MD,1,21,,,,-5.0,"37,38","43,37",,,,,,,,
ncaab:400990143,ncaab,2017-12-02T00:00Z,final,195,2154,Ohio,Coppin St,80,37,,,,0,,,,,,,,,,2,,0,Athens,OH,1,219,,,,-5.0,"45,35","17,20",,,,,,,,
ncaab:400990144,ncaab,2017-12-02T00:00Z,final,2117,2296,C Michigan,Jackson St,70,63,,,,0,,,,,,,,,,2,,0,Mount Pleasant,MI,1,235,,,,-5.0,"37,33","28,35",,,,,,,,
ncaab:400990746,ncaab,2017-12-02T00:00Z,final,2681,2217,Wagner,Fairfield,78,76,,,,0,,,,,,,,,,2,,0,Staten Island,NY,1,21,,,,-5.0,"37,41","33,43",,,,,,,,
ncaab:400991395,ncaab,2017-12-02T00:00Z,final,2426,48,Navy,Delaware,82,76,,,,0,,,,,,,,,,2,,0,Annapolis,MD,1,12,,,,-5.0,"35,47","27,49",,,,,,,,
ncaab:400991955,ncaab,2017-12-02T00:00Z,final,56,2206,Stetson,Edward Waters,85,52,,,,0,,,,,,,,,,2,,0,DeLand,FL,1,12,,,,-5.0,"40,45","20,32",,,,,,,,
ncaab:400992328,ncaab,2017-12-02T00:00Z,final,2272,3169,High Point,J&W (NC),90,54,,,,0,,,,,,,,,,2,,0,High Point,NC,1,281,,,,-5.0,"48,42","22,32",,,,,,,,
ncaab:400986112,ncaab,2017-12-02T00:30Z,final,59,2755,Georgia Tech,Grambling,63,64,,,,0,,,,,,,,,,2,,0,Atlanta,GA,1,320,,,,-5.0,"23,40","25,39",,,,,,,,
ncaab:400986110,ncaab,2017-12-02T01:00Z,final,2166,153,Davidson,North Carolina,75,85,,,,0,,,,,,,,,,2,,0,Davidson,NC,1,256,,,,-5.0,"37,38","43,42",,,,,,,,
ncaab:400988945,ncaab,2017-12-02T01:00Z,final,357,2639,Texas A&M-CC,Texas Lutheran,80,42,,,,0,,,,,,,,,,2,,0,Corpus Christi,TX,1,2,,,,-6.0,"37,43","17,25",,,,,,,,
ncaab:400988946,ncaab,2017-12-02T01:00Z,final,2447,309,Nicholls,Louisiana,80,105,,,,0,,,,,,,,,,2,,0,Thibodaux,LA,1,4,,,,-6.0,"48,32","44,61",,,,,,,,
ncaab:400989634,ncaab,2017-12-02T01:00Z,final,71,2197,Bradley,E Illinois,67,56,,,,0,,,,,,,,,,2,,0,Peoria,IL,1,153,,,,-6.0,"25,42","22,34",,,,,,,,
ncaab:400992863,ncaab,2017-12-02T01:00Z,final,2016,2892,Alcorn St,Rust,89,50,,,,0,,,,,,,,,,2,,0,Lorman,MS,1,66,,,,-6.0,"38,51","28,22",,,,,,,,
ncaab:400986395,ncaab,2017-12-02T02:00Z,final,77,356,Northwestern,Illinois,72,68,,,,0,,,,,,,,,,2,,0,Rosemont,IL,1,194,,,,-6.0,"32,31,9","36,27,5",,,,,,,,
ncaab:400992398,ncaab,2017-12-02T02:00Z,final,304,3246,Idaho St,Bethesda,92,71,,,,0,,,,,,,,,,2,,0,Pocatello,ID,1,1360,,,,-7.0,"41,51","28,43",,,,,,,,
ncaab:400988238,ncaab,2017-12-02T02:30Z,final,2483,68,Oregon,Boise St,70,73,,,,0,,,,,,,,,,2,,0,Eugene,OR,1,131,,,,-8.0,"34,36","30,43",,,,,,,,
ncaab:400986881,ncaab,2017-12-02T03:00Z,final,2250,156,Gonzaga,Creighton,91,74,,,,0,,,,,,,,,,2,,0,Spokane,WA,1,571,,,,-8.0,"37,54","44,30",,,,,,,,
ncaab:401002871,ncaab,2017-12-02T14:30Z,final,107,2325,Holy Cross,La Salle,54,58,,,,1,,,,,,,,,,2,,0,Belfast,Northern Ireland,1,7,,,,0.0,"24,30","34,24",,,,,,,,
ncaab:400986113,ncaab,2017-12-02T17:00Z,final,152,2569,NC State,SC State,103,71,,,,0,,,,,,,,,,2,,0,Raleigh,NC,1,96,,,,-5.0,"48,55","33,38",,,,,,,,
ncaab:400986649,ncaab,2017-12-02T17:00Z,final,258,2329,Virginia,Lehigh,75,54,,,,0,,,,,,,,,,2,,0,Charlottesville,VA,1,142,,,,-5.0,"39,36","23,31",,,,,,,,
ncaab:400987983,ncaab,2017-12-02T17:00Z,final,2752,2132,Xavier,Cincinnati,89,76,,,,0,,,,,,,,,,2,,0,Cincinnati,OH,1,191,,,,-5.0,"43,46","30,46",,,,,,,,
ncaab:401002872,ncaab,2017-12-02T17:00Z,final,2363,119,Manhattan,Towson,55,56,,,,1,,,,,,,,,,2,,0,Belfast,Northern Ireland,1,7,,,,0.0,"31,24","22,34",,,,,,,,
ncaab:400986396,ncaab,2017-12-02T17:30Z,final,130,84,Michigan,Indiana,69,55,,,,0,,,,,,,,,,2,,0,Ann Arbor,MI,1,269,,,,-5.0,"34,35","21,34",,,,,,,,
ncaab:400988239,ncaab,2017-12-02T18:00Z,final,36,38,Colorado St,Colorado,72,63,,,,0,,,,,,,,,,2,,0,Fort Collins,CO,1,1525,,,,-7.0,"38,34","35,28",,,,,,,,
ncaab:400988697,ncaab,2017-12-02T18:00Z,final,2678,2515,VMI,Radford,50,63,,,,0,,,,,,,,,,2,,0,Lexington,VA,1,324,,,,-5.0,"26,24","30,33",,,,,,,,
ncaab:400988698,ncaab,2017-12-02T18:00Z,final,2335,2430,Liberty,UNC Greensboro,75,76,,,,0,,,,,,,,,,2,,0,Lynchburg,VA,1,192,,,,-5.0,"24,28,6,12,5","22,30,6,12,6",,,,,,,,
ncaab:400990747,ncaab,2017-12-02T18:00Z,final,160,2803,New Hampshire,Bryant,75,59,,,,0,,,,,,,,,,2,,0,Durham,NH,1,15,,,,-5.0,"37,38","29,30",,,,,,,,
ncaab:400990749,ncaab,2017-12-02T18:00Z,final,314,161,Iona,FDU,82,75,,,,0,,,,,,,,,,2,,0,New Rochelle,NY,1,26,,,,-5.0,"31,51","42,33",,,,,,,,
ncaab:400986643,ncaab,2017-12-02T19:00Z,final,145,259,Ole Miss,Virginia Tech,80,83,,,,0,,,,,,,,,,2,,0,Oxford,MS,1,154,,,,-6.0,"39,33,8","29,43,11",,,,,,,,
ncaab:400987213,ncaab,2017-12-02T19:00Z,final,2579,113,South Carolina,UMass,76,70,,,,0,,,,,,,,,,2,,0,Columbia,SC,1,89,,,,-5.0,"34,42","35,35",,,,,,,,
ncaab:400987215,ncaab,2017-12-02T19:00Z,final,269,61,Marquette,Georgia,66,73,,,,0,,,,,,,,,,2,,0,Milwaukee,WI,1,188,,,,-6.0,"31,35","31,42",,,,,,,,
ncaab:400987984,ncaab,2017-12-02T19:00Z,final,239,2724,Baylor,Wichita St,62,69,,,,0,,,,,,,,,,2,,0,Waco,TX,1,143,,,,-6.0,"29,33","33,36",,,,,,,,
ncaab:400988506,ncaab,2017-12-02T19:00Z,final,2086,139,Butler,Saint Louis,75,45,,,,0,,,,,,,,,,2,,0,Indianapolis,IN,1,218,,,,-5.0,"42,33","13,32",,,,,,,,
ncaab:400988507,ncaab,2017-12-02T19:00Z,final,305,2754,DePaul,Youngstown St,89,73,,,,0,,,,,,,,,,2,,0,Chicago,IL,1,179,,,,-6.0,"47,42","32,41",,,,,,,,
ncaab:400989636,ncaab,2017-12-02T19:00Z,final,339,2474,Evansville,Oakland City,98,56,,,,0,,,,,,,,,,2,,0,Evansville,IN,1,118,,,,-6.0,"39,59","27,29",,,,,,,,
ncaab:400989861,ncaab,2017-12-02T19:00Z,final,2230,311,Fordham,Maine,67,66,,,,0,,,,,,,,,,2,,0,Bronx,NY,1,28,,,,-5.0,"26,34,7","28,32,6",,,,,,,,
ncaab:400989935,ncaab,2017-12-02T19:00Z,final,2084,179,Buffalo,St Bonaventure,62,73,,,,0,,,,,,,,,,2,,0,Buffalo,NY,1,183,,,,-5.0,"35,27","32,41",,,,,,,,
ncaab:400990145,ncaab,2017-12-02T19:00Z,final,2050,85,Ball State,IU Indy,83,64,,,,0,,,,,,,,,,2,,0,Muncie,IN,1,284,,,,-5.0,"41,42","23,41",,,,,,,,
ncaab:400990151,ncaab,2017-12-02T19:00Z,final,2711,2473,W Michigan,Oakland,73,78,,,,0,,,,,,,,,,2,,0,Kalamazoo,MI,1,239,,,,-5.0,"40,33","37,41",,,,,,,,
ncaab:400990748,ncaab,2017-12-02T19:00Z,final,225,2115,Brown,C Connecticut,62,68,,,,0,,,,,,,,,,2,,0,Providence,RI,1,2,,,,-5.0,"31,31","27,41",,,,,,,,
ncaab:400990751,ncaab,2017-12-02T19:00Z,final,2561,2523,Siena,Robert Morris,76,74,,,,0,,,,,,,,,,2,,0,Albany,NY,1,45,,,,-5.0,"34,42","26,48",,,,,,,,
ncaab:400990919,ncaab,2017-12-02T19:00Z,final,2057,2739,Belmont,Green Bay,86,75,,,,0,,,,,,,,,,2,,0,Nashville,TN,1,170,,,,-6.0,"35,51","42,33",,,,,,,,
ncaab:400991086,ncaab,2017-12-02T19:00Z,final,322,2514,Lafayette,Quinnipiac,79,58,,,,0,,,,,,,,,,2,,0,Easton,PA,1,97,,,,-5.0,"29,50","30,28",,,,,,,,
ncaab:400992396,ncaab,2017-12-02T19:00Z,final,2737,2890,Winthrop,Reinhardt,107,76,,,,0,,,,,,,,,,2,,0,Rock Hill,SC,1,207,,,,-5.0,"54,53","35,41",,,,,,,,
ncaab:400990019,ncaab,2017-12-02T19:30Z,final,2066,2142,Binghamton,Colgate,76,65,,,,0,,,,,,,,,,2,,0,Binghamton,NY,1,264,,,,-5.0,"34,42","40,25",,,,,,,,
ncaab:400988240,ncaab,2017-12-02T20:00Z,final,265,302,Washington St,UC Davis,67,81,,,,0,,,,,,,,,,2,,0,Pullman,WA,1,717,,,,-8.0,"25,42","42,39",,,,,,,,
ncaab:400988947,ncaab,2017-12-02T20:00Z,final,2443,2981,LSU N Orleans,Wilms Baptist,87,70,,,,0,,,,,,,,,,2,,0,New Orleans,LA,1,0,,,,-6.0,"48,39","24,46",,,,,,,,
ncaab:400989322,ncaab,2017-12-02T20:00Z,final,2172,2005,Denver,Air Force,59,61,,,,0,,,,,,,,,,2,,0,Denver,CO,1,1609,,,,-7.0,"38,21","27,34",,,,,,,,
ncaab:400990610,ncaab,2017-12-02T20:00Z,final,242,292,Rice,UT Rio Grande,67,69,,,,0,,,,,,,,,,2,,0,Houston,TX,1,12,,,,-6.0,"36,31","32,37",,,,,,,,
ncaab:400991946,ncaab,2017-12-02T20:00Z,final,2241,2908,Gardner-Webb,SC Upstate,87,66,,,,0,,,,,,,,,,2,,0,Boiling Springs,NC,1,269,,,,-5.0,"52,35","30,36",,,,,,,,
ncaab:400992360,ncaab,2017-12-02T20:00Z,final,2344,2220,Longwood,Fay'ville St,61,52,,,,0,,,,,,,,,,2,,0,Farmville,VA,1,90,,,,-5.0,"29,32","22,30",,,,,,,,
ncaab:401002873,ncaab,2017-12-02T20:00Z,final,2643,2378,The Citadel,UMBC,72,98,,,,0,,,,,,,,,,2,,0,Charleston,SC,1,6,,,,-5.0,"31,41","44,54",,,,,,,,
ncaab:400990150,ncaab,2017-12-02T20:05Z,final,2130,2459,Chicago St,N Illinois,77,95,,,,0,,,,,,,,,,2,,0,Chicago,IL,1,179,,,,-6.0,"34,43","53,42",,,,,,,,
ncaab:400986114,ncaab,2017-12-02T20:30Z,final,150,233,Duke,South Dakota,96,80,,,,0,,,,,,,,,,2,,0,Durham,NC,1,123,,,,-5.0,"56,40","30,50",,,,,,,,
ncaab:400987214,ncaab,2017-12-02T20:30Z,final,96,108,Kentucky,Harvard,79,70,,,,0,,,,,,,,,,2,,0,Lexington,KY,1,295,,,,-5.0,"42,37","37,33",,,,,,,,
ncaab:400986637,ncaab,2017-12-02T21:00Z,final,154,257,Wake Forest,Richmond,82,53,,,,0,,,,,,,,,,2,,0,Winston-Salem,NC,1,293,,,,-5.0,"40,42","29,24",,,,,,,,
ncaab:400987985,ncaab,2017-12-02T21:00Z,final,41,2405,UConn,Monmouth,84,81,,,,0,,,,,,,,,,2,,0,Hartford,CT,1,18,,,,-5.0,"36,38,10","42,32,7",,,,,,,,
ncaab:400987990,ncaab,2017-12-02T21:00Z,final,2287,202,Illinois St,Tulsa,65,58,,,,0,,,,,,,,,,2,,0,Normal,IL,1,244,,,,-6.0,"36,29","32,26",,,,,,,,
ncaab:400988699,ncaab,2017-12-02T21:00Z,final,231,2635,Furman,Tennessee Tech,64,50,,,,0,,,,,,,,,,2,,0,Greenville,SC,1,307,,,,-5.0,"32,32","19,31",,,,,,,,
ncaab:400989323,ncaab,2017-12-02T21:00Z,final,2031,198,Little Rock,Oral Roberts,66,74,,,,0,,,,,,,,,,2,,0,Little Rock,AR,1,102,,,,-6.0,"18,36,10,2","23,31,10,10",,,,,,,,
ncaab:400989637,ncaab,2017-12-02T21:00Z,final,79,23,S Illinois,San José St,76,58,,,,0,,,,,,,,,,2,,0,Carbondale,IL,1,126,,,,-6.0,"29,47","20,38",,,,,,,,
ncaab:400989638,ncaab,2017-12-02T21:00Z,final,2350,82,Loyola Chicago,UIC,85,61,,,,0,,,,,,,,,,2,,0,Chicago,IL,1,179,,,,-6.0,"52,33","24,37",,,,,,,,
ncaab:400990750,ncaab,2017-12-02T21:00Z,final,116,2352,Mount St Marys,Loyola MD,80,75,,,,0,,,,,,,,,,2,,0,Emmitsburg,MD,1,133,,,,-5.0,"38,31,11","38,31,6",,,,,,,,
ncaab:400991087,ncaab,2017-12-02T21:00Z,final,2099,159,Canisius,Dartmouth,73,60,,,,0,,,,,,,,,,2,,0,Buffalo,NY,1,183,,,,-5.0,"38,35","32,28",,,,,,,,
ncaab:400991089,ncaab,2017-12-02T21:00Z,final,2182,2520,Drexel,Rider,89,77,,,,0,,,,,,,,,,2,,0,Philadelphia,PA,1,12,,,,-5.0,"39,50","41,36",,,,,,,,
ncaab:400991250,ncaab,2017-12-02T21:00Z,final,2502,3217,Portland St,Portland Bible,125,50,,,,0,,,,,,,,,,2,,0,Portland,OR,1,12,,,,-8.0,"71,54","28,22",,,,,,,,
ncaab:400991252,ncaab,2017-12-02T21:00Z,final,270,147,Milwaukee,Montana St,64,68,,,,0,,,,,,,,,,2,,0,Milwaukee,WI,1,188,,,,-6.0,"27,37","29,39",,,,,,,,
ncaab:400991491,ncaab,2017-12-02T21:00Z,final,111,172,Northeastern,Cornell,84,66,,,,0,,,,,,,,,,2,,0,Boston,MA,1,14,,,,-5.0,"39,45","36,30",,,,,,,,
ncaab:400991513,ncaab,2017-12-02T21:00Z,final,2542,2729,Savannah St,William & Mary,85,108,,,,0,,,,,,,,,,2,,0,Savannah,GA,1,6,,,,-5.0,"42,43","54,54",,,,,,,,
ncaab:400991958,ncaab,2017-12-02T21:00Z,final,2379,44,MD Eastern,American,74,70,,,,0,,,,,,,,,,2,,0,Princess Anne,MD,1,5,,,,-5.0,"37,37","45,25",,,,,,,,
ncaab:400992370,ncaab,2017-12-02T21:00Z,final,2506,2448,Presbyterian,NC A&T,73,70,,,,0,,,,,,,,,,2,,0,Clinton,SC,1,76,,,,-5.0,"32,41","22,48",,,,,,,,
ncaab:400988508,ncaab,2017-12-02T21:30Z,final,2599,2529,St John's,Sacred Heart,90,55,,,,0,,,,,,,,,,2,,0,Queens,NY,1,12,,,,-5.0,"36,54","34,21",,,,,,,,
ncaab:400988948,ncaab,2017-12-02T21:30Z,final,2617,2433,SF Austin,UL Monroe,68,65,,,,0,,,,,,,,,,2,,0,Nacogdoches,TX,1,92,,,,-6.0,"27,41","31,34",,,,,,,,
ncaab:400990918,ncaab,2017-12-02T21:30Z,final,2046,2010,Austin Peay,Alabama A&M,67,47,,,,0,,,,,,,,,,2,,0,Clarksville,TN,1,145,,,,-6.0,"32,35","20,27",,,,,,,,
ncaab:400986397,ncaab,2017-12-02T22:00Z,final,275,194,Wisconsin,Ohio State,58,83,,,,0,,,,,,,,,,2,,0,Madison,WI,1,267,,,,-6.0,"26,32","49,34",,,,,,,,
ncaab:400986398,ncaab,2017-12-02T22:00Z,final,2294,213,Iowa,Penn State,73,77,,,,0,,,,,,,,,,2,,0,Iowa City,IA,1,204,,,,-6.0,"34,39","39,38",,,,,,,,
ncaab:400986909,ncaab,2017-12-02T22:00Z,final,204,2351,Oregon St,LMU,78,74,,,,0,,,,,,,,,,2,,0,Corvallis,OR,1,71,,,,-8.0,"38,40","25,49",,,,,,,,
ncaab:400987986,ncaab,2017-12-02T22:00Z,final,151,2169,East Carolina,Delaware St,63,57,,,,0,,,,,,,,,,2,,0,Greenville,NC,1,18,,,,-5.0,"23,40","24,33",,,,,,,,
ncaab:400987987,ncaab,2017-12-02T22:00Z,final,235,2382,Memphis,Mercer,83,81,,,,0,,,,,,,,,,2,,0,Memphis,TN,1,78,,,,-6.0,"22,41,12,8","31,32,12,6",,,,,,,,
ncaab:400988509,ncaab,2017-12-02T22:00Z,final,227,2507,Rhode Island,Providence,75,68,,,,0,,,,,,,,,,2,,0,Kingston,RI,1,75,,,,-5.0,"42,33","31,37",,,,,,,,
ncaab:400988696,ncaab,2017-12-02T22:00Z,final,236,2630,Chattanooga,UT Martin,66,63,,,,0,,,,,,,,,,2,,0,Chattanooga,TN,1,206,,,,-5.0,"25,41","28,35",,,,,,,,
ncaab:400988949,ncaab,2017-12-02T22:00Z,final,2000,2544,Abilene Chrstn,Schreiner,71,43,,,,0,,,,,,,,,,2,,0,Abilene,TX,1,524,,,,-6.0,"42,29","24,19",,,,,,,,
ncaab:400990391,ncaab,2017-12-02T22:00Z,final,290,2632,GA Southern,TN Wesleyan,97,61,,,,0,,,,,,,,,,2,,0,Statesboro,GA,1,77,,,,-5.0,"52,45","32,29",,,,,,,,
ncaab:400992187,ncaab,2017-12-02T22:00Z,final,98,2750,Western KY,Wright St,78,60,,,,0,,,,,,,,,,2,,0,Bowling Green,KY,1,161,,,,-6.0,"41,37","30,30",,,,,,,,
ncaab:400986115,ncaab,2017-12-02T22:30Z,final,183,2305,Syracuse,Kansas,60,76,,,,1,,,,,,,,,,2,,0,Miami,FL,1,2,,,,-5.0,"21,39","35,41",,,,,,,,
ncaab:400988510,ncaab,2017-12-02T22:30Z,final,2603,222,Saint Joseph's,Villanova,53,94,,,,0,,,,,,,,,,2,,0,Philadelphia,PA,1,12,,,,-5.0,"27,26","41,53",,,,,,,,
ncaab:401002874,ncaab,2017-12-02T22:30Z,final,2368,349,Marist,Army,75,82,,,,1,,,,,,,,,,2,,0,Charleston,SC,1,6,,,,-5.0,"36,39","49,33",,,,,,,,
ncaab:400989635,ncaab,2017-12-02T23:00Z,final,2751,2181,Wyoming,Drake,96,89,,,,0,,,,,,,,,,2,,0,Laramie,WY,1,2184,,,,-7.0,"37,38,7,14","38,37,7,7",,,,,,,,
ncaab:400990146,ncaab,2017-12-02T23:00Z,final,2450,189,Norfolk St,Bowling Green,77,92,,,,0,,,,,,,,,,2,,0,Norfolk,VA,1,2,,,,-5.0,"31,46","46,46",,,,,,,,
ncaab:400990920,ncaab,2017-12-02T23:00Z,final,2198,294,E Kentucky,Jacksonville,70,65,,,,0,,,,,,,,,,2,,0,Richmond,KY,1,289,,,,-5.0,"29,30,11","31,28,6",,,,,,,,
ncaab:400986311,ncaab,2017-12-03T00:00Z,final,42,103,Hartford,Boston College,61,73,,,,0,,,,,,,,,,2,,0,West Hartford,CT,1,40,,,,-5.0,"30,31","31,42",,,,,,,,
ncaab:400987988,ncaab,2017-12-03T00:00Z,final,2026,58,App State,South Florida,84,61,,,,0,,,,,,,,,,2,,0,Boone,NC,1,981,,,,-5.0,"44,40","33,28",,,,,,,,
ncaab:400988241,ncaab,2017-12-03T00:00Z,final,254,62,Utah,Hawai'i,80,60,,,,0,,,,,,,,,,2,,0,Salt Lake City,UT,1,1299,,,,-7.0,"37,43","30,30",,,,,,,,
ncaab:400988952,ncaab,2017-12-03T00:00Z,final,324,2320,Coastal,Lamar,67,69,,,,0,,,,,,,,,,2,,0,Conway,SC,1,10,,,,-5.0,"25,31,11","29,27,13",,,,,,,,
ncaab:400989920,ncaab,2017-12-03T00:00Z,final,2670,295,VCU,Old Dominion,82,75,,,,0,,,,,,,,,,2,,0,Richmond,VA,1,64,,,,-5.0,"41,41","41,34",,,,,,,,
ncaab:400989993,ncaab,2017-12-03T00:00Z,final,399,171,UAlbany,Columbia,86,82,,,,0,,,,,,,,,,2,,0,Albany,NY,1,45,,,,-5.0,"29,57","26,56",,,,,,,,
ncaab:400990147,ncaab,2017-12-03T00:00Z,final,2649,2640,Toledo,Texas Southern,71,69,,,,0,,,,,,,,,,2,,0,Toledo,OH,1,186,,,,-5.0,"30,41","42,27",,,,,,,,
ncaab:400990148,ncaab,2017-12-03T00:00Z,final,2309,325,Kent State,Cleveland St,72,62,,,,0,,,,,,,,,,2,,0,Kent,OH,1,325,,,,-5.0,"35,37","24,38",,,,,,,,
ncaab:400990149,ncaab,2017-12-03T00:00Z,final,276,2006,Marshall,Akron,86,64,,,,0,,,,,,,,,,2,,0,Huntington,WV,1,173,,,,-5.0,"44,42","29,35",,,,,,,,
ncaab:400990390,ncaab,2017-12-03T00:00Z,final,2229,6,FIU,South Alabama,87,58,,,,0,,,,,,,,,,2,,0,Miami,FL,1,2,,,,-5.0,"49,38","32,26",,,,,,,,
ncaab:400990752,ncaab,2017-12-03T00:00Z,final,2619,2598,Stony Brook,Saint Francis,85,83,,,,0,,,,,,,,,,2,,0,Stony Brook,NY,1,27,,,,-5.0,"31,54","46,37",,,,,,,,
ncaab:400990915,ncaab,2017-12-03T00:00Z,final,2428,2546,NC Central,SE Missouri,77,86,,,,0,,,,,,,,,,2,,0,Durham,NC,1,123,,,,-5.0,"35,42","38,48",,,,,,,,
ncaab:400990916,ncaab,2017-12-03T00:00Z,final,94,2413,N Kentucky,Morehead St,86,49,,,,0,,,,,,,,,,2,,0,Highland Heights,KY,1,260,,,,-5.0,"38,48","28,21",,,,,,,,
ncaab:400991088,ncaab,2017-12-03T00:00Z,final,2210,2612,Elon,Saint Peter's,71,65,,,,0,,,,,,,,,,2,,0,Elon,NC,1,215,,,,-5.0,"26,26,9,10","23,29,9,4",,,,,,,,
ncaab:400991591,ncaab,2017-12-03T00:00Z,final,2083,261,Bucknell,Vermont,81,77,,,,0,,,,,,,,,,2,,0,Lewisburg,PA,1,144,,,,-5.0,"37,44","35,42",,,,,,,,
ncaab:400991745,ncaab,2017-12-03T00:00Z,final,299,278,Long Beach St,Fresno St,70,106,,,,0,,,,,,,,,,2,,0,Long Beach,CA,1,9,,,,-8.0,"28,42","51,55",,,,,,,,
ncaab:400991855,ncaab,2017-12-03T00:00Z,final,526,2393,FGCU,MTSU,76,81,,,,0,,,,,,,,,,2,,0,Fort Myers,FL,1,3,,,,-5.0,"31,45","34,47",,,,,,,,
ncaab:400991933,ncaab,2017-12-03T00:00Z,final,2454,3174,North Florida,Trinity Co Jax,85,58,,,,0,,,,,,,,,,2,,0,Jacksonville,FL,1,5,,,,-5.0,"41,44","32,26",,,,,,,,
ncaab:400992561,ncaab,2017-12-03T00:00Z,final,2348,2396,Louisiana Tech,Miles,106,55,,,,0,,,,,,,,,,2,,0,Ruston,LA,1,102,,,,-6.0,"55,51","26,29",,,,,,,,
ncaab:400992562,ncaab,2017-12-03T00:00Z,final,2226,2065,FAU,Bethune,93,75,,,,0,,,,,,,,,,2,,0,Boca Raton,FL,1,4,,,,-5.0,"52,41","35,40",,,,,,,,
ncaab:400987216,ncaab,2017-12-03T00:30Z,final,248,8,Houston,Arkansas,91,65,,,,0,,,,,,,,,,2,,0,Houston,TX,1,12,,,,-6.0,"44,47","29,36",,,,,,,,
ncaab:400986116,ncaab,2017-12-03T01:00Z,final,2390,163,Miami,Princeton,80,52,,,,1,,,,,,,,,,2,,0,Miami,FL,1,2,,,,-5.0,"38,42","20,32",,,,,,,,
ncaab:400988950,ncaab,2017-12-03T01:00Z,final,2277,326,Hou Christian,Texas St,71,52,,,,0,,,,,,,,,,2,,0,Houston,TX,1,12,,,,-6.0,"38,33","30,22",,,,,,,,
ncaab:400988951,ncaab,2017-12-03T01:00Z,void,2916,16,Incarnate Word,Sacramento St,,,,,,0,,,,,,,,,,2,,0,San Antonio,TX,1,198,,,,-6.0,,,,,,,,,,
ncaab:400989246,ncaab,2017-12-03T01:00Z,final,2628,43,TCU,Yale,92,66,,,,0,,,,,,,,,,2,,0,Fort Worth,TX,1,199,,,,-6.0,"45,47","31,35",,,,,,,,
ncaab:400989321,ncaab,2017-12-03T01:00Z,final,2710,193,W Illinois,Miami OH,73,76,,,,0,,,,,,,,,,2,,0,Macomb,IL,1,215,,,,-6.0,"31,26,9,7","35,22,9,10",,,,,,,,
ncaab:400989324,ncaab,2017-12-03T01:00Z,final,2571,2623,S Dakota St,Missouri St,53,73,,,,1,,,,,,,,,,2,,0,Sioux Falls,SD,1,448,,,,-6.0,"26,27","43,30",,,,,,,,
ncaab:400990389,ncaab,2017-12-03T01:00Z,final,250,249,UT Arlington,North Texas,65,60,,,,0,,,,,,,,,,2,,0,Arlington,TX,1,184,,,,-6.0,"24,41","22,38",,,,,,,,
ncaab:400990917,ncaab,2017-12-03T01:00Z,final,93,50,Murray St,Florida A&M,80,59,,,,0,,,,,,,,,,2,,0,Murray,KY,1,163,,,,-6.0,"42,38","27,32",,,,,,,,
ncaab:400990921,ncaab,2017-12-03T01:00Z,final,2634,288,Tennessee St,Lipscomb,86,95,,,,0,,,,,,,,,,2,,0,Nashville,TN,1,170,,,,-6.0,"38,39,9","42,35,18",,,,,,,,
ncaab:400991251,ncaab,2017-12-03T01:00Z,final,253,3096,Southern Utah,S Diego Christ,87,68,,,,0,,,,,,,,,,2,,0,Cedar City,UT,1,1782,,,,-7.0,"41,46","37,31",,,,,,,,
ncaab:400991468,ncaab,2017-12-03T01:00Z,final,256,2429,James Madison,Charlotte,87,82,,,,0,,,,,,,,,,2,,0,Harrisonburg,VA,1,404,,,,-5.0,"49,38","35,47",,,,,,,,
ncaab:400986853,ncaab,2017-12-03T02:00Z,final,328,252,Utah State,BYU,66,75,,,,0,,,,,,,,,,2,,0,Logan,UT,1,1382,,,,-7.0,"24,42","28,47",,,,,,,,
ncaab:400987051,ncaab,2017-12-03T02:00Z,final,9,2539,Arizona St,San Francisco,75,57,,,,0,,,,,,,,,,2,,0,Tempe,AZ,1,360,,,,-7.0,"40,35","25,32",,,,,,,,
ncaab:400990611,ncaab,2017-12-03T02:00Z,final,2253,27,Grand Canyon,UC Riverside,68,56,,,,0,,,,,,,,,,2,,0,Phoenix,AZ,1,331,,,,-7.0,"38,30","27,29",,,,,,,,
ncaab:400990612,ncaab,2017-12-03T02:00Z,final,3084,2636,Utah Valley,UTSA,88,80,,,,0,,,,,,,,,,2,,0,Orem,UT,1,1455,,,,-7.0,"42,46","32,48",,,,,,,,
ncaab:400991780,ncaab,2017-12-03T02:00Z,final,2638,167,UTEP,New Mexico,88,76,,,,0,,,,,,,,,,2,,0,El Paso,TX,1,1133,,,,-7.0,"45,43","31,45",,,,,,,,
ncaab:400992447,ncaab,2017-12-03T02:00Z,final,2239,2094,Fullerton,Cal Lutheran,86,58,,,,0,,,,,,,,,,2,,0,Fullerton,CA,1,50,,,,-8.0,"40,46","34,24",,,,,,,,
ncaab:400986958,ncaab,2017-12-03T03:00Z,final,13,2492,Cal Poly,Pepperdine,91,81,,,,0,,,,,,,,,,2,,0,San Luis Obispo,CA,1,71,,,,-8.0,"37,54","34,47",,,,,,,,
ncaab:400986996,ncaab,2017-12-03T03:00Z,final,2540,301,Santa Barbara,San Diego,67,57,,,,0,,,,,,,,,,2,,0,Santa Barbara,CA,1,15,,,,-8.0,"32,35","25,32",,,,,,,,
ncaab:400987088,ncaab,2017-12-03T03:00Z,final,2541,2029,Santa Clara,AR-Pine Bluff,72,57,,,,0,,,,,,,,,,2,,0,Santa Clara,CA,1,23,,,,-8.0,"38,34","24,33",,,,,,,,
ncaab:400987989,ncaab,2017-12-03T03:00Z,final,2567,30,SMU,USC,72,55,,,,0,,,,,,,,,,2,,0,Dallas,TX,1,128,,,,-6.0,"27,45","30,25",,,,,,,,
ncaab:400988242,ncaab,2017-12-03T03:00Z,final,2439,12,UNLV,Arizona,88,91,,,,0,,,,,,,,,,2,,0,Las Vegas,NV,1,610,,,,-8.0,"41,37,10","30,48,13",,,,,,,,
ncaab:400990613,ncaab,2017-12-03T03:00Z,final,2934,2464,Bakersfield,N Arizona,52,60,,,,0,,,,,,,,,,2,,0,Bakersfield,CA,1,123,,,,-8.0,"28,24","24,36",,,,,,,,
ncaab:400991764,ncaab,2017-12-03T03:00Z,final,300,2440,UC Irvine,Nevada,65,76,,,,0,,,,,,,,,,2,,0,Irvine,CA,1,17,,,,-8.0,"31,34","29,47",,,,,,,,
ncaab:400988243,ncaab,2017-12-03T04:00Z,final,25,2608,California,Saint Mary's,63,74,,,,0,,,,,,,,,,2,,0,Berkeley,CA,1,52,,,,-8.0,"30,33","44,30",,,,,,,,
ncaab:400992059,ncaab,2017-12-03T18:00Z,final,2426,2415,Navy,Morgan St,66,59,,,,0,,,,,,,,,,2,,0,Annapolis,MD,1,12,,,,-5.0,"32,34","28,31",,,,,,,,
ncaab:400986117,ncaab,2017-12-03T19:00Z,final,153,2655,North Carolina,Tulane,97,73,,,,0,,,,,,,,,,2,,0,Chapel Hill,NC,1,148,,,,-5.0,"52,45","29,44",,,,,,,,
ncaab:400986120,ncaab,2017-12-03T19:00Z,final,87,2597,Notre Dame,St Francis BK,71,53,,,,0,,,,,,,,,,2,,0,South Bend,IN,1,211,,,,-5.0,"43,28","25,28",,,,,,,,
ncaab:400987219,ncaab,2017-12-03T19:00Z,final,333,2116,Alabama,UCF,62,65,,,,0,,,,,,,,,,2,,0,Tuscaloosa,AL,1,68,,,,-6.0,"36,26","30,35",,,,,,,,
ncaab:400989325,ncaab,2017-12-03T19:00Z,final,2870,2565,Purdue FW,SIUE,86,71,,,,0,,,,,,,,,,2,,0,Fort Wayne,IN,1,247,,,,-5.0,"43,43","31,40",,,,,,,,
ncaab:400991573,ncaab,2017-12-03T19:00Z,final,2885,2349,NJIT,UMass Lowell,78,65,,,,0,,,,,,,,,,2,,0,Newark,NJ,1,9,,,,-5.0,"35,43","28,37",,,,,,,,
ncaab:400987220,ncaab,2017-12-03T19:30Z,final,238,2306,Vanderbilt,Kansas St,79,84,,,,0,,,,,,,,,,2,,0,Nashville,TN,1,170,,,,-6.0,"30,49","43,41",,,,,,,,
ncaab:400987991,ncaab,2017-12-03T19:30Z,final,45,218,G Washington,Temple,71,67,,,,1,,,,,,,,,,2,,0,Washington,DC,1,7,,,,-5.0,"40,31","25,42",,,,,,,,
ncaab:400986315,ncaab,2017-12-03T20:00Z,final,228,2427,Clemson,UNC Asheville,83,52,,,,0,,,,,,,,,,2,,0,Clemson,SC,1,221,,,,-5.0,"36,47","26,26",,,,,,,,
ncaab:400987218,ncaab,2017-12-03T20:00Z,final,2,2244,Auburn,George Mason,79,63,,,,0,,,,,,,,,,2,,0,Auburn,AL,1,215,,,,-6.0,"39,40","28,35",,,,,,,,
ncaab:400988700,ncaab,2017-12-03T20:00Z,final,55,2535,Jax State,Samford,89,58,,,,0,,,,,,,,,,2,,0,Jacksonville,AL,1,216,,,,-6.0,"49,40","29,29",,,,,,,,
ncaab:400989230,ncaab,2017-12-03T20:00Z,final,197,2400,Oklahoma St,Miss Valley St,83,62,,,,0,,,,,,,,,,2,,0,Stillwater,OK,1,273,,,,-6.0,"45,38","27,35",,,,,,,,
ncaab:400992563,ncaab,2017-12-03T20:00Z,final,2572,2892,Southern Miss,Rust,109,61,,,,0,,,,,,,,,,2,,0,Hattiesburg,MS,1,52,,,,-6.0,"57,52","36,25",,,,,,,,
ncaab:400986118,ncaab,2017-12-03T21:00Z,final,97,2550,Louisville,Seton Hall,77,79,,,,0,,,,,,,,,,2,,0,Louisville,KY,1,142,,,,-5.0,"37,40","38,41",,,,,,,,
ncaab:400986400,ncaab,2017-12-03T21:00Z,final,2509,77,Purdue,Northwestern,74,69,,,,0,,,,,,,,,,2,,0,West Lafayette,IN,1,186,,,,-5.0,"33,41","33,36",,,,,,,,
ncaab:400986976,ncaab,2017-12-03T21:00Z,final,68,2501,Boise St,Portland,77,54,,,,0,,,,,,,,,,2,,0,Boise,ID,1,823,,,,-7.0,"47,30","29,25",,,,,,,,
ncaab:400990614,ncaab,2017-12-03T21:00Z,final,2547,331,Seattle U,E Washington,84,65,,,,0,,,,,,,,,,2,,0,Seattle,WA,1,56,,,,-8.0,"43,41","30,35",,,,,,,,
ncaab:400986399,ncaab,2017-12-03T21:30Z,final,127,158,Michigan St,Nebraska,86,57,,,,0,,,,,,,,,,2,,0,East Lansing,MI,1,261,,,,-5.0,"38,48","26,31",,,,,,,,
ncaab:400988244,ncaab,2017-12-03T22:00Z,final,299,24,Long Beach St,Stanford,76,68,,,,0,,,,,,,,,,2,,0,Long Beach,CA,1,9,,,,-8.0,"27,49","29,39",,,,,,,,
ncaab:400986119,ncaab,2017-12-03T23:00Z,final,59,2633,Georgia Tech,Tennessee,70,77,,,,0,,,,,,,,,,2,,0,Atlanta,GA,1,320,,,,-5.0,"29,41","35,42",,,,,,,,
ncaab:400986401,ncaab,2017-12-03T23:00Z,final,135,164,Minnesota,Rutgers,89,67,,,,0,,,,,,,,,,2,,0,Minneapolis,MN,1,253,,,,-6.0,"43,46","33,34",,,,,,,,
ncaab:400986935,ncaab,2017-12-03T23:00Z,final,279,3157,Pacific,UA Fort Smith,105,68,,,,0,,,,,,,,,,2,,0,Stockton,CA,1,4,,,,-8.0,"57,48","34,34",,,,,,,,
ncaab:400989639,ncaab,2017-12-03T23:00Z,final,21,71,San Diego St,Bradley,75,52,,,,0,,,,,,,,,,2,,0,San Diego,CA,1,20,,,,-8.0,"37,38","23,29",,,,,,,,
ncaab:400990615,ncaab,2017-12-03T23:00Z,final,166,2504,New Mexico St,Prairie View,69,57,,,,0,,,,,,,,,,2,,0,Las Cruces,NM,1,1191,,,,-7.0,"32,37","28,29",,,,,,,,
ncaab:400988511,ncaab,2017-12-03T23:42Z,final,46,2154,Georgetown,Coppin St,76,60,,,,0,,,,,,,,,,2,,0,Washington,DC,1,7,,,,-5.0,"37,39","27,33",,,,,,,,
ncaab:400988245,ncaab,2017-12-04T00:00Z,final,264,2437,Washington,Omaha,86,73,,,,0,,,,,,,,,,2,,0,Seattle,WA,1,56,,,,-8.0,"42,44","39,34",,,,,,,,
ncaab:400988953,ncaab,2017-12-04T00:00Z,final,2447,70,Nicholls,Idaho,68,79,,,,0,,,,,,,,,,2,,0,Thibodaux,LA,1,4,,,,-6.0,"34,34","40,39",,,,,,,,
ncaab:400991253,ncaab,2017-12-04T00:00Z,final,2458,2714,N Colorado,Western St.,87,75,,,,0,,,,,,,,,,2,,0,Greeley,CO,1,1425,,,,-7.0,"39,48","43,32",,,,,,,,
ncaab:400986402,ncaab,2017-12-04T01:00Z,final,356,120,Illinois,Maryland,91,92,,,,0,,,,,,,,,,2,,0,Champaign,IL,1,225,,,,-6.0,"26,49,16","45,30,17",,,,,,,,
ncaab:400987217,ncaab,2017-12-04T01:00Z,final,344,2168,Mississippi St,Dayton,61,59,,,,0,,,,,,,,,,2,,0,Starkville,MS,1,101,,,,-6.0,"35,26","20,39",,,,,,,,
ncaab:400988246,ncaab,2017-12-04T02:00Z,final,26,2174,UCLA,Detroit Mercy,106,73,,,,0,,,,,,,,,,2,,0,Los Angeles,CA,1,89,,,,-8.0,"52,54","35,38",,,,,,,,
ncaab:400992463,ncaab,2017-12-04T02:00Z,final,149,2463,Montana,CSU Northridge,86,68,,,,0,,,,,,,,,,2,,0,Missoula,MT,1,978,,,,-7.0,"41,45","36,32",,,,,,,,
ncaab:400986404,ncaab,2017-12-04T23:30Z,final,194,130,Ohio State,Michigan,71,62,,,,0,,,,,,,,,,2,,0,Columbus,OH,1,235,,,,-5.0,"30,41","43,19",,,,,,,,
ncaab:400986403,ncaab,2017-12-05T00:00Z,final,213,275,Penn State,Wisconsin,63,64,,,,0,,,,,,,,,,2,,0,University Park,PA,1,348,,,,-5.0,"25,38","31,33",,,,,,,,
ncaab:400987992,ncaab,2017-12-05T00:00Z,final,151,2097,East Carolina,Campbell,69,66,,,,0,,,,,,,,,,2,,0,Greenville,NC,1,18,,,,-5.0,"30,39","42,24",,,,,,,,
ncaab:400988701,ncaab,2017-12-05T00:00Z,final,2717,2026,W Carolina,App State,72,71,,,,0,,,,,,,,,,2,,0,Cullowhee,NC,1,645,,,,-5.0,"31,41","30,41",,,,,,,,
ncaab:400989839,ncaab,2017-12-05T00:00Z,final,2184,2379,Duquesne,MD Eastern,86,61,,,,0,,,,,,,,,,2,,0,Pittsburgh,PA,1,233,,,,-5.0,"42,44","23,38",,,,,,,,
ncaab:400990555,ncaab,2017-12-05T00:00Z,final,2247,2335,Georgia St,Liberty,74,77,,,,0,,,,,,,,,,2,,0,Atlanta,GA,1,320,,,,-5.0,"35,33,6","27,41,9",,,,,,,,
ncaab:400990570,ncaab,2017-12-05T00:00Z,final,232,2272,Charleston,High Point,70,58,,,,0,,,,,,,,,,2,,0,Charleston,SC,1,6,,,,-5.0,"22,48","29,29",,,,,,,,
ncaab:400990753,ncaab,2017-12-05T00:00Z,final,6446,2619,Liu Brooklyn,Stony Brook,75,71,,,,0,,,,,,,,,,2,,0,Brooklyn,NY,1,15,,,,-5.0,"34,41","38,33",,,,,,,,
ncaab:400991090,ncaab,2017-12-05T00:00Z,final,171,2514,Columbia,Quinnipiac,87,89,,,,0,,,,,,,,,,2,,0,New York,NY,1,10,,,,-5.0,"48,39","46,43",,,,,,,,
ncaab:400991663,ncaab,2017-12-05T00:00Z,final,47,219,Howard,Penn,68,81,,,,0,,,,,,,,,,2,,0,Washington,DC,1,7,,,,-5.0,"28,40","32,49",,,,,,,,
ncaab:400986405,ncaab,2017-12-05T01:00Z,final,84,2294,Indiana,Iowa,77,64,,,,0,,,,,,,,,,2,,0,Bloomington,IN,1,235,,,,-5.0,"41,36","26,38",,,,,,,,
ncaab:400988954,ncaab,2017-12-05T01:00Z,final,239,2534,Baylor,Sam Houston,84,56,,,,0,,,,,,,,,,2,,0,Waco,TX,1,143,,,,-6.0,"40,44","25,31",,,,,,,,
ncaab:400989216,ncaab,2017-12-05T01:00Z,final,201,2636,Oklahoma,UTSA,97,85,,,,0,,,,,,,,,,2,,0,Norman,OK,1,357,,,,-6.0,"42,55","37,48",,,,,,,,
ncaab:400989326,ncaab,2017-12-05T01:00Z,final,2449,2623,N Dakota St,Missouri St,58,71,,,,0,,,,,,,,,,2,,0,Fargo,ND,1,276,,,,-6.0,"32,26","37,34",,,,,,,,
ncaab:400992880,ncaab,2017-12-05T01:00Z,final,2755,2650,Grambling,Tougaloo,111,95,,,,0,,,,,,,,,,2,,0,Grambling,LA,1,93,,,,-6.0,"57,54","44,51",,,,,,,,
ncaab:400990922,ncaab,2017-12-05T01:15Z,final,288,2057,Lipscomb,Belmont,69,54,,,,0,,,,,,,,,,2,,0,Nashville,TN,1,170,,,,-6.0,"28,41","20,34",,,,,,,,
ncaab:400986121,ncaab,2017-12-05T02:00Z,final,57,52,Florida,Florida St,66,83,,,,0,,,,,,,,,,2,,0,Gainesville,FL,1,54,,,,-5.0,"35,31","42,41",,,,,,,,
ncaab:400989154,ncaab,2017-12-05T02:00Z,final,66,2459,Iowa State,N Illinois,94,80,,,,0,,,,,,,,,,2,,0,Ames,IA,1,287,,,,-6.0,"36,58","38,42",,,,,,,,
ncaab:400991684,ncaab,2017-12-05T02:00Z,final,2005,2714,Air Force,Western St.,79,67,,,,0,,,,,,,,,,2,,0,Colorado Springs,CO,1,1832,,,,-7.0,"33,46","46,21",,,,,,,,
ncaab:400987052,ncaab,2017-12-05T03:00Z,final,2539,2110,San Francisco,C Arkansas,78,76,,,,0,,,,,,,,,,2,,0,San Francisco,CA,1,16,,,,-8.0,"37,41","33,43",,,,,,,,
ncaab:400990616,ncaab,2017-12-05T03:00Z,final,2547,2486,Seattle U,Pac Lutheran,99,69,,,,0,,,,,,,,,,2,,0,Seattle,WA,1,56,,,,-8.0,"44,55","24,45",,,,,,,,
ncaab:401000172,ncaab,2017-12-05T03:00Z,final,2608,16,Saint Mary's,Sacramento St,70,54,,,,0,,,,,,,,,,2,,0,Moraga,CA,1,152,,,,-8.0,"32,38","19,35",,,,,,,,
ncaab:400988704,ncaab,2017-12-05T23:00Z,final,2643,256,The Citadel,James Madison,84,82,,,,0,,,,,,,,,,2,,0,Charleston,SC,1,6,,,,-5.0,"48,36","38,44",,,,,,,,
ncaab:400990754,ncaab,2017-12-05T23:00Z,final,2529,159,Sacred Heart,Dartmouth,79,73,,,,0,,,,,,,,,,2,,0,Fairfield,CT,1,4,,,,-8.0,"40,39","32,41",,,,,,,,
ncaab:400986122,ncaab,2017-12-06T00:00Z,final,277,258,West Virginia,Virginia,68,61,,,,0,,,,,,,,,,2,,0,Morgantown,WV,1,271,,,,-5.0,"29,39","26,35",,,,,,,,
ncaab:400986125,ncaab,2017-12-06T00:00Z,final,87,2050,Notre Dame,Ball State,77,80,,,,0,,,,,,,,,,2,,0,South Bend,IN,1,211,,,,-5.0,"29,48","34,46",,,,,,,,
ncaab:400986126,ncaab,2017-12-06T00:00Z,final,221,116,Pitt,Mount St Marys,82,78,,,,0,,,,,,,,,,2,,0,Pittsburgh,PA,1,233,,,,-5.0,"31,42,9","24,49,5",,,,,,,,
ncaab:400986406,ncaab,2017-12-06T00:00Z,final,164,127,Rutgers,Michigan St,52,62,,,,0,,,,,,,,,,2,,0,Piscataway,NJ,1,30,,,,-5.0,"26,26","26,36",,,,,,,,
ncaab:400986638,ncaab,2017-12-06T00:00Z,final,2429,154,Charlotte,Wake Forest,57,80,,,,0,,,,,,,,,,2,,0,Charlotte,NC,1,229,,,,-5.0,"27,30","49,31",,,,,,,,
ncaab:400986702,ncaab,2017-12-06T00:00Z,final,2390,104,Miami,Boston U,69,54,,,,0,,,,,,,,,,2,,0,Coral Gables,FL,1,3,,,,-5.0,"30,39","30,24",,,,,,,,
ncaab:400986882,ncaab,2017-12-06T00:00Z,final,2250,222,Gonzaga,Villanova,72,88,,,,1,,,,,,,,,,2,,0,New York,NY,1,10,,,,-5.0,"30,42","43,45",,,,,,,,
ncaab:400987223,ncaab,2017-12-06T00:00Z,final,61,2737,Georgia,Winthrop,87,82,,,,0,,,,,,,,,,2,,0,Athens,GA,1,228,,,,-5.0,"40,47","38,44",,,,,,,,
ncaab:400988512,ncaab,2017-12-06T00:00Z,final,269,261,Marquette,Vermont,91,81,,,,0,,,,,,,,,,2,,0,Milwaukee,WI,1,188,,,,-6.0,"42,49","41,40",,,,,,,,
ncaab:400988702,ncaab,2017-12-06T00:00Z,final,2166,2678,Davidson,VMI,74,51,,,,0,,,,,,,,,,2,,0,Davidson,NC,1,256,,,,-5.0,"34,40","27,24",,,,,,,,
ncaab:400988703,ncaab,2017-12-06T00:00Z,final,276,236,Marshall,Chattanooga,70,66,,,,0,,,,,,,,,,2,,0,Huntington,WV,1,173,,,,-5.0,"30,40","36,30",,,,,,,,
ncaab:400989259,ncaab,2017-12-06T00:00Z,final,2670,251,VCU,Texas,67,71,,,,0,,,,,,,,,,2,,0,Richmond,VA,1,64,,,,-5.0,"32,35","40,31",,,,,,,,
ncaab:400989640,ncaab,2017-12-06T00:00Z,final,189,339,Bowling Green,Evansville,76,91,,,,0,,,,,,,,,,2,,0,Bowling Green,OH,1,212,,,,-5.0,"40,36","46,45",,,,,,,,
ncaab:400990152,ncaab,2017-12-06T00:00Z,final,2117,147,C Michigan,Montana St,75,48,,,,0,,,,,,,,,,2,,0,Mount Pleasant,MI,1,235,,,,-5.0,"37,38","20,28",,,,,,,,
ncaab:400990755,ncaab,2017-12-06T00:00Z,final,2681,2349,Wagner,UMass Lowell,90,72,,,,0,,,,,,,,,,2,,0,Staten Island,NY,1,21,,,,-5.0,"45,45","36,36",,,,,,,,
ncaab:400991091,ncaab,2017-12-06T00:00Z,final,160,315,New Hampshire,Niagara,70,78,,,,0,,,,,,,,,,2,,0,Durham,NH,1,15,,,,-5.0,"34,36","31,47",,,,,,,,
ncaab:400991492,ncaab,2017-12-06T00:00Z,final,111,2083,Northeastern,Bucknell,82,64,,,,0,,,,,,,,,,2,,0,Boston,MA,1,14,,,,-5.0,"41,41","32,32",,,,,,,,
ncaab:400991880,ncaab,2017-12-06T00:00Z,final,294,270,Jacksonville,Milwaukee,52,62,,,,0,,,,,,,,,,2,,0,Jacksonville,FL,1,5,,,,-5.0,"26,26","26,36",,,,,,,,
ncaab:400992188,ncaab,2017-12-06T00:00Z,final,2750,2479,Wright St,Ohio Vall,98,68,,,,0,,,,,,,,,,2,,0,Dayton,OH,1,225,,,,-5.0,"47,51","30,38",,,,,,,,
ncaab:400992371,ncaab,2017-12-06T00:00Z,final,2506,2569,Presbyterian,SC State,88,77,,,,0,,,,,,,,,,2,,0,Clinton,SC,1,76,,,,-5.0,"44,44","41,36",,,,,,,,
ncaab:400988705,ncaab,2017-12-06T00:30Z,final,231,2427,Furman,UNC Asheville,83,72,,,,0,,,,,,,,,,2,,0,Greenville,SC,1,307,,,,-5.0,"37,46","25,47",,,,,,,,
ncaab:400991530,ncaab,2017-12-06T00:30Z,final,311,2361,Maine,UMPI,75,55,,,,0,,,,,,,,,,2,,0,Bangor,ME,1,36,,,,-5.0,"40,35","20,35",,,,,,,,
ncaab:400991856,ncaab,2017-12-06T00:30Z,final,526,2226,FGCU,FAU,88,92,,,,0,,,,,,,,,,2,,0,Fort Myers,FL,1,3,,,,-5.0,"45,43","34,58",,,,,,,,
ncaab:400987224,ncaab,2017-12-06T01:00Z,final,8,36,Arkansas,Colorado St,92,66,,,,0,,,,,,,,,,2,,0,Fayetteville,AR,1,427,,,,-6.0,"47,45","29,37",,,,,,,,
ncaab:400987993,ncaab,2017-12-06T01:00Z,final,235,2535,Memphis,Samford,65,64,,,,0,,,,,,,,,,2,,0,Memphis,TN,1,78,,,,-6.0,"32,33","41,23",,,,,,,,
ncaab:400987994,ncaab,2017-12-06T01:00Z,final,2724,2571,Wichita St,S Dakota St,95,85,,,,0,,,,,,,,,,2,,0,Wichita,KS,1,396,,,,-6.0,"42,53","50,35",,,,,,,,
ncaab:400988513,ncaab,2017-12-06T01:00Z,final,156,155,Creighton,North Dakota,111,68,,,,0,,,,,,,,,,2,,0,Omaha,NE,1,323,,,,-6.0,"51,60","37,31",,,,,,,,
ncaab:400988955,ncaab,2017-12-06T01:00Z,final,2916,2639,Incarnate Word,Texas Lutheran,91,63,,,,0,,,,,,,,,,2,,0,San Antonio,TX,1,198,,,,-6.0,"42,49","30,33",,,,,,,,
ncaab:400988956,ncaab,2017-12-06T01:00Z,final,2320,3170,Lamar,St Thomas TX,60,46,,,,0,,,,,,,,,,2,,0,Beaumont,TX,1,5,,,,-6.0,"30,30","21,25",,,,,,,,
ncaab:400989199,ncaab,2017-12-06T01:00Z,final,2306,2908,Kansas St,SC Upstate,86,49,,,,0,,,,,,,,,,2,,0,Manhattan,KS,1,311,,,,-6.0,"43,43","23,26",,,,,,,,
ncaab:400989269,ncaab,2017-12-06T01:00Z,final,2641,2440,Texas Tech,Nevada,82,76,,,,0,,,,,,,,,,2,,0,Lubbock,TX,1,976,,,,-6.0,"31,39,12","36,34,6",,,,,,,,
ncaab:400990393,ncaab,2017-12-06T01:00Z,final,2653,5,Troy,UAB,78,90,,,,0,,,,,,,,,,2,,0,Troy,AL,1,165,,,,-6.0,"40,38","41,49",,,,,,,,
ncaab:400990392,ncaab,2017-12-06T01:30Z,final,2032,2630,Arkansas St,UT Martin,78,92,,,,0,,,,,,,,,,2,,0,Jonesboro,AR,1,99,,,,-6.0,"39,39","41,51",,,,,,,,
ncaab:400986123,ncaab,2017-12-06T02:00Z,final,150,2598,Duke,Saint Francis,124,67,,,,0,,,,,,,,,,2,,0,Durham,NC,1,123,,,,-5.0,"71,53","34,33",,,,,,,,
ncaab:400986407,ncaab,2017-12-06T02:00Z,final,158,135,Nebraska,Minnesota,78,68,,,,0,,,,,,,,,,2,,0,Lincoln,NE,1,367,,,,-6.0,"39,39","31,37",,,,,,,,
ncaab:400987221,ncaab,2017-12-06T02:00Z,final,12,245,Arizona,Texas A&M,67,64,,,,1,,,,,,,,,,2,,0,Phoenix,AZ,1,331,,,,-7.0,"29,38","31,33",,,,,,,,
ncaab:400987222,ncaab,2017-12-06T02:00Z,final,142,193,Missouri,Miami OH,70,51,,,,0,,,,,,,,,,2,,0,Columbia,MO,1,215,,,,-6.0,"36,34","24,27",,,,,,,,
ncaab:400987995,ncaab,2017-12-06T02:00Z,final,2628,2567,TCU,SMU,94,83,,,,0,,,,,,,,,,2,,0,Fort Worth,TX,1,199,,,,-6.0,"43,51","38,45",,,,,,,,
ncaab:400988247,ncaab,2017-12-06T02:00Z,final,2086,254,Butler,Utah,81,69,,,,0,,,,,,,,,,2,,0,Indianapolis,IN,1,218,,,,-5.0,"34,47","31,38",,,,,,,,
ncaab:400989327,ncaab,2017-12-06T02:00Z,final,2172,23,Denver,San José St,58,56,,,,0,,,,,,,,,,2,,0,Denver,CO,1,1609,,,,-7.0,"33,25","18,38",,,,,,,,
ncaab:400986124,ncaab,2017-12-06T02:41Z,final,41,183,UConn,Syracuse,63,72,,,,1,,,,,,,,,,2,,0,New York,NY,1,10,,,,-5.0,"29,34","40,32",,,,,,,,
ncaab:400986959,ncaab,2017-12-06T03:00Z,final,2492,27,Pepperdine,UC Riverside,70,59,,,,0,,,,,,,,,,2,,0,Malibu,CA,1,32,,,,-8.0,"39,31","24,35",,,,,,,,
ncaab:400988248,ncaab,2017-12-06T03:00Z,final,204,2198,Oregon St,E Kentucky,74,62,,,,0,,,,,,,,,,2,,0,Corvallis,OR,1,71,,,,-8.0,"31,43","35,27",,,,,,,,
ncaab:400989328,ncaab,2017-12-06T03:00Z,final,2439,198,UNLV,Oral Roberts,92,66,,,,1,,,,,,,,,,2,,0,Las Vegas,NV,1,610,,,,-8.0,"41,51","28,38",,,,,,,,
ncaab:400989329,ncaab,2017-12-06T03:00Z,final,2540,2437,Santa Barbara,Omaha,77,70,,,,0,,,,,,,,,,2,,0,Santa Barbara,CA,1,15,,,,-8.0,"29,48","30,40",,,,,,,,
ncaab:400990617,ncaab,2017-12-06T03:00Z,final,278,2934,Fresno St,Bakersfield,70,55,,,,0,,,,,,,,,,2,,0,Fresno,CA,1,94,,,,-8.0,"28,42","26,29",,,,,,,,
ncaab:400988514,ncaab,2017-12-06T04:30Z,final,2253,2599,Grand Canyon,St John's,60,68,,,,1,,,,,,,,,,2,,0,Phoenix,AZ,1,331,,,,-7.0,"27,33","32,36",,,,,,,,
ncaab:400987997,ncaab,2017-12-06T17:00Z,final,248,2217,Houston,Fairfield,88,66,,,,0,,,,,,,,,,2,,0,Houston,TX,1,12,,,,-6.0,"41,47","26,40",,,,,,,,
ncaab:400987996,ncaab,2017-12-06T18:00Z,final,2655,2582,Tulane,Southern,95,76,,,,0,,,,,,,,,,2,,0,New Orleans,LA,1,0,,,,-6.0,"51,44","29,47",,,,,,,,
ncaab:400986129,ncaab,2017-12-06T23:00Z,final,259,2515,Virginia Tech,Radford,95,68,,,,0,,,,,,,,,,2,,0,Blacksburg,VA,1,633,,,,-5.0,"47,48","30,38",,,,,,,,
ncaab:400986127,ncaab,2017-12-07T00:00Z,final,153,2717,North Carolina,W Carolina,104,61,,,,0,,,,,,,,,,2,,0,Chapel Hill,NC,1,148,,,,-5.0,"53,51","26,35",,,,,,,,
ncaab:400986128,ncaab,2017-12-07T00:00Z,final,97,2561,Louisville,Siena,86,60,,,,0,,,,,,,,,,2,,0,Louisville,KY,1,142,,,,-5.0,"39,47","36,24",,,,,,,,
ncaab:400986130,ncaab,2017-12-07T00:00Z,final,52,2352,Florida St,Loyola MD,96,71,,,,0,,,,,,,,,,2,,0,Tallahassee,FL,1,62,,,,-5.0,"46,50","31,40",,,,,,,,
ncaab:400986408,ncaab,2017-12-07T00:00Z,final,218,275,Temple,Wisconsin,59,55,,,,0,,,,,,,,,,2,,0,Philadelphia,PA,1,12,,,,-5.0,"31,28","28,27",,,,,,,,
ncaab:400986628,ncaab,2017-12-07T00:00Z,final,2747,59,Wofford,Georgia Tech,63,60,,,,0,,,,,,,,,,2,,0,Spartanburg,SC,1,246,,,,-5.0,"29,34","34,26",,,,,,,,
ncaab:400987225,ncaab,2017-12-07T00:00Z,final,2579,2751,South Carolina,Wyoming,80,64,,,,0,,,,,,,,,,2,,0,Columbia,SC,1,89,,,,-5.0,"35,45","25,39",,,,,,,,
ncaab:400988515,ncaab,2017-12-07T00:00Z,final,2507,225,Providence,Brown,77,72,,,,0,,,,,,,,,,2,,0,Providence,RI,1,2,,,,-5.0,"28,40,9","40,28,4",,,,,,,,
ncaab:400988516,ncaab,2017-12-07T00:00Z,final,2752,2309,Xavier,Kent State,96,70,,,,0,,,,,,,,,,2,,0,Cincinnati,OH,1,191,,,,-5.0,"48,48","32,38",,,,,,,,
ncaab:400988706,ncaab,2017-12-07T00:00Z,final,2193,94,ETSU,N Kentucky,84,71,,,,0,,,,,,,,,,2,,0,Johnson City,TN,1,498,,,,-5.0,"46,38","28,43",,,,,,,,
ncaab:400988957,ncaab,2017-12-07T00:00Z,final,2612,2277,Saint Peter's,Hou Christian,76,74,,,,0,,,,,,,,,,2,,0,Jersey City,NJ,1,9,,,,-5.0,"37,39","35,39",,,,,,,,
ncaab:400989330,ncaab,2017-12-07T00:00Z,final,2006,2870,Akron,Purdue FW,83,79,,,,0,,,,,,,,,,2,,0,Akron,OH,1,291,,,,-5.0,"46,37","36,43",,,,,,,,
ncaab:400989814,ncaab,2017-12-07T00:00Z,final,2168,2635,Dayton,Tennessee Tech,79,66,,,,0,,,,,,,,,,2,,0,Dayton,OH,1,225,,,,-5.0,"32,47","24,42",,,,,,,,
ncaab:400989862,ncaab,2017-12-07T00:00Z,final,2230,108,Fordham,Harvard,45,47,,,,0,,,,,,,,,,2,,0,Bronx,NY,1,28,,,,-5.0,"29,16","21,26",,,,,,,,
ncaab:400989883,ncaab,2017-12-07T00:00Z,final,2244,2729,George Mason,William & Mary,70,77,,,,0,,,,,,,,,,2,,0,Fairfax,VA,1,131,,,,-5.0,"43,27","33,44",,,,,,,,
ncaab:400989904,ncaab,2017-12-07T00:00Z,final,45,163,G Washington,Princeton,71,60,,,,0,,,,,,,,,,2,,0,Washington,DC,1,7,,,,-5.0,"31,40","28,32",,,,,,,,
ncaab:400989936,ncaab,2017-12-07T00:00Z,final,2099,179,Canisius,St Bonaventure,65,73,,,,0,,,,,,,,,,2,,0,Buffalo,NY,1,183,,,,-5.0,"34,31","36,37",,,,,,,,
ncaab:400989979,ncaab,2017-12-07T00:00Z,final,295,257,Old Dominion,Richmond,79,60,,,,0,,,,,,,,,,2,,0,Norfolk,VA,1,2,,,,-5.0,"31,48","33,27",,,,,,,,
ncaab:400989994,ncaab,2017-12-07T00:00Z,final,399,2803,UAlbany,Bryant,84,68,,,,0,,,,,,,,,,2,,0,Albany,NY,1,45,,,,-5.0,"37,47","37,31",,,,,,,,
ncaab:400990020,ncaab,2017-12-07T00:00Z,final,2066,349,Binghamton,Army,71,66,,,,0,,,,,,,,,,2,,0,Binghamton,NY,1,264,,,,-5.0,"38,33","34,32",,,,,,,,
ncaab:400990103,ncaab,2017-12-07T00:00Z,final,113,107,UMass,Holy Cross,64,50,,,,0,,,,,,,,,,2,,0,Amherst,MA,1,82,,,,-5.0,"34,30","31,19",,,,,,,,
ncaab:400990153,ncaab,2017-12-07T00:00Z,final,2199,2473,E Michigan,Oakland,95,89,,,,0,,,,,,,,,,2,,0,Ypsilanti,MI,1,219,,,,-5.0,"42,53","45,44",,,,,,,,
ncaab:400990154,ncaab,2017-12-07T00:00Z,final,2174,2649,Detroit Mercy,Toledo,86,89,,,,0,,,,,,,,,,2,,0,Detroit,MI,1,183,,,,-5.0,"42,44","46,43",,,,,,,,
ncaab:400990155,ncaab,2017-12-07T00:00Z,final,48,2084,Delaware,Buffalo,72,75,,,,0,,,,,,,,,,2,,0,Newark,DE,1,38,,,,-5.0,"32,40","38,37",,,,,,,,
ncaab:400990156,ncaab,2017-12-07T00:00Z,final,2711,325,W Michigan,Cleveland St,78,67,,,,0,,,,,,,,,,2,,0,Kalamazoo,MI,1,239,,,,-5.0,"38,40","30,37",,,,,,,,
ncaab:400990394,ncaab,2017-12-07T00:00Z,final,2261,324,Hampton,Coastal,81,85,,,,0,,,,,,,,,,2,,0,Hampton,VA,1,1,,,,-5.0,"38,43","36,49",,,,,,,,
ncaab:400990756,ncaab,2017-12-07T00:00Z,final,2523,2520,Robert Morris,Rider,78,75,,,,0,,,,,,,,,,2,,0,Pittsburgh,PA,1,233,,,,-5.0,"44,34","44,31",,,,,,,,
ncaab:400990923,ncaab,2017-12-07T00:00Z,final,85,2565,IU Indy,SIUE,81,82,,,,0,,,,,,,,,,2,,0,Indianapolis,IN,1,218,,,,-5.0,"41,40","42,40",,,,,,,,
ncaab:400991093,ncaab,2017-12-07T00:00Z,final,2405,2275,Monmouth,Hofstra,84,85,,,,0,,,,,,,,,,2,,0,West Long Branch,NJ,1,9,,,,-5.0,"43,41","30,55",,,,,,,,
ncaab:400991503,ncaab,2017-12-07T00:00Z,final,119,2415,Towson,Morgan St,82,78,,,,0,,,,,,,,,,2,,0,Towson,MD,1,141,,,,-5.0,"36,31,15","29,38,11",,,,,,,,
ncaab:400991680,ncaab,2017-12-07T00:00Z,final,2329,43,Lehigh,Yale,77,86,,,,0,,,,,,,,,,2,,0,Bethlehem,PA,1,109,,,,-5.0,"42,35","40,46",,,,,,,,
ncaab:400992060,ncaab,2017-12-07T00:00Z,final,2154,2426,Coppin St,Navy,53,70,,,,0,,,,,,,,,,2,,0,Baltimore,MD,1,10,,,,-5.0,"14,39","35,35",,,,,,,,
ncaab:400988959,ncaab,2017-12-07T00:30Z,final,2348,2617,Louisiana Tech,SF Austin,83,85,,,,0,,,,,,,,,,2,,0,Ruston,LA,1,102,,,,-6.0,"39,44","38,47",,,,,,,,
ncaab:400990618,ncaab,2017-12-07T00:30Z,final,2546,140,SE Missouri,Kansas City,91,87,,,,0,,,,,,,,,,2,,0,Cape Girardeau,MO,1,108,,,,-6.0,"48,43","37,50",,,,,,,,
ncaab:400991092,ncaab,2017-12-07T00:30Z,final,2368,2142,Marist,Colgate,78,76,,,,0,,,,,,,,,,2,,0,Poughkeepsie,NY,1,62,,,,-5.0,"46,32","34,42",,,,,,,,
ncaab:400991583,ncaab,2017-12-07T00:30Z,final,2169,2378,Delaware St,UMBC,60,81,,,,0,,,,,,,,,,2,,0,Dover,DE,1,9,,,,-5.0,"40,20","35,46",,,,,,,,
ncaab:400986409,ncaab,2017-12-07T01:00Z,final,356,2046,Illinois,Austin Peay,64,57,,,,0,,,,,,,,,,2,,0,Champaign,IL,1,225,,,,-6.0,"26,38","28,29",,,,,,,,
ncaab:400987226,ncaab,2017-12-07T01:00Z,final,2,2241,Auburn,Gardner-Webb,80,55,,,,0,,,,,,,,,,2,,0,Auburn,AL,1,215,,,,-6.0,"42,38","28,27",,,,,,,,
ncaab:400987227,ncaab,2017-12-07T01:00Z,final,57,2350,Florida,Loyola Chicago,59,65,,,,0,,,,,,,,,,2,,0,Gainesville,FL,1,54,,,,-5.0,"31,28","34,31",,,,,,,,
ncaab:400987228,ncaab,2017-12-07T01:00Z,final,333,227,Alabama,Rhode Island,68,64,,,,0,,,,,,,,,,2,,0,Tuscaloosa,AL,1,68,,,,-6.0,"32,36","25,39",,,,,,,,
ncaab:400987229,ncaab,2017-12-07T01:00Z,final,238,2393,Vanderbilt,MTSU,63,66,,,,0,,,,,,,,,,2,,0,Nashville,TN,1,170,,,,-6.0,"32,31","28,38",,,,,,,,
ncaab:400988960,ncaab,2017-12-07T01:00Z,final,292,357,UT Rio Grande,Texas A&M-CC,82,78,,,,0,,,,,,,,,,2,,0,Edinburg,TX,1,30,,,,-6.0,"45,37","37,41",,,,,,,,
ncaab:400989331,ncaab,2017-12-07T01:00Z,final,233,2181,South Dakota,Drake,93,65,,,,0,,,,,,,,,,2,,0,Vermillion,SD,1,374,,,,-6.0,"47,46","43,22",,,,,,,,
ncaab:400989332,ncaab,2017-12-07T01:00Z,final,2710,44,W Illinois,American,69,56,,,,0,,,,,,,,,,2,,0,Macomb,IL,1,215,,,,-6.0,"32,37","26,30",,,,,,,,
ncaab:400989641,ncaab,2017-12-07T01:00Z,final,249,282,North Texas,Indiana St,79,76,,,,0,,,,,,,,,,2,,0,Denton,TX,1,201,,,,-6.0,"23,45,11","30,38,8",,,,,,,,
ncaab:400989642,ncaab,2017-12-07T01:00Z,final,139,79,Saint Louis,S Illinois,74,69,,,,0,,,,,,,,,,2,,0,St. Louis,MO,1,142,,,,-6.0,"32,42","36,33",,,,,,,,
ncaab:400989840,ncaab,2017-12-07T01:00Z,final,2184,56,Duquesne,Stetson,73,59,,,,0,,,,,,,,,,2,,0,Pittsburgh,PA,1,233,,,,-5.0,"39,34","24,35",,,,,,,,
ncaab:400990395,ncaab,2017-12-07T01:00Z,final,309,100,Louisiana,Loyola NO,98,56,,,,0,,,,,,,,,,2,,0,Lafayette,LA,1,11,,,,-6.0,"44,54","19,37",,,,,,,,
ncaab:400990396,ncaab,2017-12-07T01:00Z,final,326,241,Texas St,McMurry,100,50,,,,0,,,,,,,,,,2,,0,San Marcos,TX,1,188,,,,-6.0,"56,44","28,22",,,,,,,,
ncaab:400990924,ncaab,2017-12-07T01:00Z,final,2739,2197,Green Bay,E Illinois,59,57,,,,0,,,,,,,,,,2,,0,Ashwaubenon,WI,1,185,,,,-6.0,"26,33","39,18",,,,,,,,
ncaab:400991664,ncaab,2017-12-07T01:00Z,final,322,219,Lafayette,Penn,68,73,,,,0,,,,,,,,,,2,,0,Easton,PA,1,97,,,,-5.0,"24,44","33,40",,,,,,,,
ncaab:400992177,ncaab,2017-12-07T01:00Z,final,82,2742,UIC,Parkside,76,48,,,,0,,,,,,,,,,2,,0,Chicago,IL,1,179,,,,-6.0,"35,41","25,23",,,,,,,,
ncaab:400991254,ncaab,2017-12-07T01:30Z,final,2464,3096,N Arizona,S Diego Christ,79,70,,,,0,,,,,,,,,,2,,0,Flagstaff,AZ,1,2104,,,,-7.0,"32,47","28,42",,,,,,,,
ncaab:400991255,ncaab,2017-12-07T01:30Z,final,253,299,Southern Utah,Long Beach St,94,89,,,,0,,,,,,,,,,2,,0,Cedar City,UT,1,1782,,,,-7.0,"42,52","33,56",,,,,,,,
ncaab:400986854,ncaab,2017-12-07T02:00Z,final,252,2287,BYU,Illinois St,80,68,,,,0,,,,,,,,,,2,,0,Provo,UT,1,1387,,,,-7.0,"39,41","17,51",,,,,,,,
ncaab:400986997,ncaab,2017-12-07T02:00Z,final,166,301,New Mexico St,San Diego,60,65,,,,0,,,,,,,,,,2,,0,Las Cruces,NM,1,1191,,,,-7.0,"29,31","29,36",,,,,,,,
ncaab:400988249,ncaab,2017-12-07T02:00Z,final,2305,264,Kansas,Washington,65,74,,,,0,,,,,,,,,,2,,0,Kansas City,MO,1,274,,,,-6.0,"34,31","36,38",,,,,,,,
ncaab:400988250,ncaab,2017-12-07T02:00Z,final,38,167,Colorado,New Mexico,75,57,,,,0,,,,,,,,,,2,,0,Boulder,CO,1,1624,,,,-7.0,"35,40","33,24",,,,,,,,
ncaab:400988517,ncaab,2017-12-07T02:00Z,final,305,2115,DePaul,C Connecticut,85,57,,,,0,,,,,,,,,,2,,0,Chicago,IL,1,179,,,,-6.0,"39,46","23,34",,,,,,,,
ncaab:400988958,ncaab,2017-12-07T02:00Z,final,2005,2000,Air Force,Abilene Chrstn,58,62,,,,0,,,,,,,,,,2,,0,Colorado Springs,CO,1,1832,,,,-7.0,"24,34","27,35",,,,,,,,
ncaab:400990619,ncaab,2017-12-07T02:00Z,final,3084,2692,Utah Valley,Weber St,83,56,,,,0,,,,,,,,,,2,,0,Orem,UT,1,1455,,,,-7.0,"43,40","29,27",,,,,,,,
ncaab:400991819,ncaab,2017-12-07T02:00Z,final,328,300,Utah State,UC Irvine,62,59,,,,0,,,,,,,,,,2,,0,Logan,UT,1,1382,,,,-7.0,"34,28","31,28",,,,,,,,
ncaab:400992399,ncaab,2017-12-07T02:00Z,final,304,2463,Idaho St,CSU Northridge,74,66,,,,0,,,,,,,,,,2,,0,Pocatello,ID,1,1360,,,,-7.0,"30,44","35,31",,,,,,,,
ncaab:400986977,ncaab,2017-12-07T03:00Z,final,2501,2239,Portland,Fullerton,66,76,,,,0,,,,,,,,,,2,,0,Portland,OR,1,12,,,,-8.0,"33,33","32,44",,,,,,,,
ncaab:400988251,ncaab,2017-12-07T03:00Z,final,25,2110,California,C Arkansas,69,96,,,,0,,,,,,,,,,2,,0,Berkeley,CA,1,52,,,,-8.0,"25,44","45,51",,,,,,,,
ncaab:400988252,ncaab,2017-12-07T03:00Z,final,70,265,Idaho,Washington St,91,64,,,,0,,,,,,,,,,2,,0,Moscow,ID,1,786,,,,-8.0,"49,42","30,34",,,,,,,,
ncaab:400993187,ncaab,2017-12-07T03:00Z,final,2351,2502,LMU,Portland St,85,94,,,,0,,,,,,,,,,2,,0,Los Angeles,CA,1,89,,,,-8.0,"37,48","43,51",,,,,,,,
ncaab:400986936,ncaab,2017-12-07T03:30Z,final,302,279,UC Davis,Pacific,71,67,,,,0,,,,,,,,,,2,,0,Davis,CA,1,16,,,,-8.0,"33,38","25,42",,,,,,,,
ncaab:400993052,ncaab,2017-12-07T03:35Z,final,16,109597,Sacramento St,Antelope Val,97,74,,,,0,,,,,,,,,,2,,0,Sacramento,CA,1,9,,,,-8.0,"45,52","35,39",,,,,,,,
ncaab:400988253,ncaab,2017-12-07T04:00Z,void,26,149,UCLA,Montana,,,,,,0,,,,,,,,,,2,,0,Los Angeles,CA,1,89,,,,-8.0,,,,,,,,,,
ncaab:400992483,ncaab,2017-12-07T04:59Z,final,62,2504,Hawai'i,Prairie View,72,60,,,,0,,,,,,,,,,2,,0,Honolulu,HI,1,5,,,,-10.0,"36,36","29,31",,,,,,,,
ncaab:400992946,ncaab,2017-12-07T23:00Z,final,2569,2913,SC State,Brevard,93,65,,,,0,,,,,,,,,,2,,0,Orangeburg,SC,1,74,,,,-5.0,"40,53","27,38",,,,,,,,
ncaab:400986412,ncaab,2017-12-07T23:30Z,final,2509,2674,Purdue,Valparaiso,80,50,,,,0,,,,,,,,,,2,,0,West Lafayette,IN,1,186,,,,-5.0,"36,44","16,34",,,,,,,,
ncaab:400986411,ncaab,2017-12-08T00:00Z,final,120,195,Maryland,Ohio,87,62,,,,0,,,,,,,,,,2,,0,College Park,MD,1,21,,,,-5.0,"41,46","28,34",,,,,,,,
ncaab:400986413,ncaab,2017-12-08T00:00Z,final,164,2885,Rutgers,NJIT,73,64,,,,0,,,,,,,,,,2,,0,Piscataway,NJ,1,30,,,,-5.0,"33,40","32,32",,,,,,,,
ncaab:400988707,ncaab,2017-12-08T00:00Z,final,2430,2210,UNC Greensboro,Elon,75,44,,,,0,,,,,,,,,,2,,0,Greensboro,NC,1,266,,,,-5.0,"35,40","19,25",,,,,,,,
ncaab:400990072,ncaab,2017-12-08T00:00Z,final,2325,2182,La Salle,Drexel,70,72,,,,0,,,,,,,,,,2,,0,Philadelphia,PA,1,12,,,,-5.0,"30,40","43,29",,,,,,,,
ncaab:400991094,ncaab,2017-12-08T00:00Z,final,42,2514,Hartford,Quinnipiac,77,75,,,,0,,,,,,,,,,2,,0,West Hartford,CT,1,40,,,,-5.0,"36,41","38,37",,,,,,,,
ncaab:400991562,ncaab,2017-12-08T00:00Z,final,171,2619,Columbia,Stony Brook,66,76,,,,0,,,,,,,,,,2,,0,New York,NY,1,10,,,,-5.0,"41,25","31,45",,,,,,,,
ncaab:400986410,ncaab,2017-12-08T01:00Z,final,66,2294,Iowa State,Iowa,84,78,,,,0,,,,,,,,,,2,,0,Ames,IA,1,287,,,,-6.0,"36,48","41,37",,,,,,,,
ncaab:400989643,ncaab,2017-12-08T01:00Z,final,2460,250,Northern Iowa,UT Arlington,62,58,,,,0,,,,,,,,,,2,,0,Cedar Falls,IA,1,268,,,,-6.0,"29,33","25,33",,,,,,,,
ncaab:400988518,ncaab,2017-12-08T01:30Z,final,46,47,Georgetown,Howard,81,67,,,,0,,,,,,,,,,2,,0,Washington,DC,1,7,,,,-5.0,"46,35","30,37",,,,,,,,
ncaab:400987053,ncaab,2017-12-08T03:00Z,final,2539,331,San Francisco,E Washington,81,71,,,,0,,,,,,,,,,2,,0,San Francisco,CA,1,16,,,,-8.0,"45,36","24,47",,,,,,,,
ncaab:400990620,ncaab,2017-12-08T19:00Z,final,2934,109670,Bakersfield,Life Pacific,100,71,,,,0,,,,,,,,,,2,,0,Bakersfield,CA,1,123,,,,-8.0,"50,50","35,36",,,,,,,,
ncaab:400989333,ncaab,2017-12-08T23:30Z,final,2571,507,S Dakota St,Concordia (NE),103,67,,,,0,,,,,,,,,,2,,0,Brookings,SD,1,494,,,,-6.0,"50,53","29,38",,,,,,,,
ncaab:400986131,ncaab,2017-12-09T00:00Z,final,154,349,Wake Forest,Army,109,80,,,,0,,,,,,,,,,2,,0,Winston-Salem,NC,1,293,,,,-5.0,"50,59","40,40",,,,,,,,
ncaab:400988708,ncaab,2017-12-09T00:00Z,void,2717,2576,W Carolina,S Wesleyan,,,,,,0,,,,,,,,,,2,,0,Cullowhee,NC,1,645,,,,-5.0,,,,,,,,,,
ncaab:400991531,ncaab,2017-12-09T00:00Z,final,311,159,Maine,Dartmouth,66,73,,,,0,,,,,,,,,,2,,0,Bangor,ME,1,36,,,,-5.0,"27,39","32,41",,,,,,,,
ncaab:400991996,ncaab,2017-12-09T00:00Z,final,2065,104,Bethune,Boston U,87,90,,,,0,,,,,,,,,,2,,0,Daytona Beach,FL,1,4,,,,-5.0,"44,43","44,46",,,,,,,,
ncaab:400992345,ncaab,2017-12-09T00:00Z,final,2335,2379,Liberty,MD Eastern,71,49,,,,0,,,,,,,,,,2,,0,Lynchburg,VA,1,192,,,,-5.0,"38,33","16,33",,,,,,,,
ncaab:400988254,ncaab,2017-12-09T01:00Z,final,9,2599,Arizona St,St John's,82,70,,,,1,,,,,,,,,,2,,0,Los Angeles,CA,1,89,,,,-8.0,"46,36","34,36",,,,,,,,
ncaab:400989334,ncaab,2017-12-09T01:00Z,final,198,200,Oral Roberts,S Nazarene,60,68,,,,0,,,,,,,,,,2,,0,Tulsa,OK,1,220,,,,-6.0,"26,34","30,38",,,,,,,,
ncaab:400989644,ncaab,2017-12-09T01:00Z,final,2623,2261,Missouri St,Hampton,88,75,,,,0,,,,,,,,,,2,,0,Springfield,MO,1,396,,,,-6.0,"49,39","42,33",,,,,,,,
ncaab:400990397,ncaab,2017-12-09T01:00Z,void,55,2433,Jax State,UL Monroe,,,,,,0,,,,,,,,,,2,,0,Jacksonville,AL,1,216,,,,-6.0,,,,,,,,,,
ncaab:400988255,ncaab,2017-12-09T03:00Z,final,2483,36,Oregon,Colorado St,95,65,,,,0,,,,,,,,,,2,,0,Eugene,OR,1,131,,,,-8.0,"38,57","32,33",,,,,,,,
ncaab:400991685,ncaab,2017-12-09T03:00Z,final,27,2005,UC Riverside,Air Force,67,48,,,,0,,,,,,,,,,2,,0,Riverside,CA,1,252,,,,-8.0,"34,33","26,22",,,,,,,,
ncaab:400988256,ncaab,2017-12-09T03:30Z,final,30,201,USC,Oklahoma,83,85,,,,1,,,,,,,,,,2,,0,Los Angeles,CA,1,89,,,,-8.0,"36,47","48,37",,,,,,,,
ncaab:400991765,ncaab,2017-12-09T06:00Z,final,2628,2440,TCU,Nevada,84,80,,,,1,,,,,,,,,,2,,0,Los Angeles,CA,1,89,,,,-8.0,"45,39","34,46",,,,,,,,
ncaab:400986132,ncaab,2017-12-09T17:00Z,final,103,150,Boston College,Duke,89,84,,,,0,,,,,,,,,,2,,0,Chestnut Hill,MA,1,60,,,,-5.0,"48,41","41,43",,,,,,,,
ncaab:400986417,ncaab,2017-12-09T17:00Z,final,130,26,Michigan,UCLA,78,69,,,,0,,,,,,,,,,2,,0,Ann Arbor,MI,1,269,,,,-5.0,"27,38,13","30,35,4",,,,,,,,
ncaab:400986418,ncaab,2017-12-09T17:00Z,final,194,2729,Ohio State,William & Mary,97,62,,,,0,,,,,,,,,,2,,0,Columbus,OH,1,235,,,,-5.0,"48,49","32,30",,,,,,,,
ncaab:400986422,ncaab,2017-12-09T17:00Z,final,275,269,Wisconsin,Marquette,63,82,,,,0,,,,,,,,,,2,,0,Madison,WI,1,267,,,,-6.0,"32,31","41,41",,,,,,,,
ncaab:400987232,ncaab,2017-12-09T17:00Z,final,2579,324,South Carolina,Coastal,80,78,,,,0,,,,,,,,,,2,,0,Columbia,SC,1,89,,,,-5.0,"47,33","47,31",,,,,,,,
ncaab:400987236,ncaab,2017-12-09T17:00Z,final,96,2405,Kentucky,Monmouth,93,76,,,,1,,,,,,,,,,2,,0,New York,NY,1,10,,,,-5.0,"54,39","31,45",,,,,,,,
ncaab:400988519,ncaab,2017-12-09T17:00Z,final,2086,2754,Butler,Youngstown St,95,67,,,,0,,,,,,,,,,2,,0,Indianapolis,IN,1,218,,,,-5.0,"48,47","23,44",,,,,,,,
ncaab:400986416,ncaab,2017-12-09T17:30Z,final,120,2241,Maryland,Gardner-Webb,82,60,,,,0,,,,,,,,,,2,,0,College Park,MD,1,21,,,,-5.0,"38,44","24,36",,,,,,,,
ncaab:400992736,ncaab,2017-12-09T17:30Z,final,2184,2169,Duquesne,Delaware St,97,48,,,,0,,,,,,,,,,2,,0,Pittsburgh,PA,1,233,,,,-5.0,"53,44","16,32",,,,,,,,
ncaab:400987998,ncaab,2017-12-09T18:00Z,final,235,2803,Memphis,Bryant,90,72,,,,0,,,,,,,,,,2,,0,Memphis,TN,1,78,,,,-6.0,"49,41","34,38",,,,,,,,
ncaab:400987999,ncaab,2017-12-09T18:00Z,final,2116,2582,UCF,Southern,76,60,,,,0,,,,,,,,,,2,,0,Orlando,FL,1,30,,,,-5.0,"34,42","32,28",,,,,,,,
ncaab:400988709,ncaab,2017-12-09T18:00Z,final,2678,2344,VMI,Longwood,81,70,,,,0,,,,,,,,,,2,,0,Lexington,VA,1,324,,,,-5.0,"44,37","34,36",,,,,,,,
ncaab:400989337,ncaab,2017-12-09T18:00Z,final,193,2870,Miami OH,Purdue FW,81,73,,,,0,,,,,,,,,,2,,0,Oxford,OH,1,283,,,,-5.0,"46,35","37,36",,,,,,,,
ncaab:400990157,ncaab,2017-12-09T18:00Z,final,2117,2635,C Michigan,Tennessee Tech,74,69,,,,0,,,,,,,,,,2,,0,Mount Pleasant,MI,1,235,,,,-5.0,"39,35","37,32",,,,,,,,
ncaab:400990164,ncaab,2017-12-09T18:00Z,final,2459,2115,N Illinois,C Connecticut,61,55,,,,0,,,,,,,,,,2,,0,Dekalb,IL,1,268,,,,-6.0,"35,26","24,31",,,,,,,,
ncaab:400991095,ncaab,2017-12-09T18:00Z,final,2368,56,Marist,Stetson,76,79,,,,0,,,,,,,,,,2,,0,Poughkeepsie,NY,1,62,,,,-5.0,"38,38","43,36",,,,,,,,
ncaab:400986133,ncaab,2017-12-09T19:00Z,final,97,84,Louisville,Indiana,71,62,,,,0,,,,,,,,,,2,,0,Louisville,KY,1,142,,,,-5.0,"35,36","36,26",,,,,,,,
ncaab:400986134,ncaab,2017-12-09T19:00Z,final,152,140,NC State,Kansas City,88,69,,,,0,,,,,,,,,,2,,0,Raleigh,NC,1,96,,,,-5.0,"47,41","24,45",,,,,,,,
ncaab:400986689,ncaab,2017-12-09T19:00Z,final,183,2142,Syracuse,Colgate,72,58,,,,0,,,,,,,,,,2,,0,Syracuse,NY,1,121,,,,-5.0,"38,34","26,32",,,,,,,,
ncaab:400988003,ncaab,2017-12-09T19:00Z,final,41,2154,UConn,Coppin St,72,59,,,,0,,,,,,,,,,2,,0,Storrs,CT,1,187,,,,-5.0,"36,36","31,28",,,,,,,,
ncaab:400989649,ncaab,2017-12-09T19:00Z,final,339,2099,Evansville,Canisius,65,58,,,,0,,,,,,,,,,2,,0,Evansville,IN,1,118,,,,-6.0,"31,34","23,35",,,,,,,,
ncaab:400989650,ncaab,2017-12-09T19:00Z,final,2050,2674,Ball State,Valparaiso,71,70,,,,0,,,,,,,,,,2,,0,Muncie,IN,1,284,,,,-5.0,"29,42","31,39",,,,,,,,
ncaab:400989937,ncaab,2017-12-09T19:00Z,final,179,43,St Bonaventure,Yale,75,67,,,,0,,,,,,,,,,2,,0,Saint Bonaventure,NY,1,435,,,,-5.0,"25,50","29,38",,,,,,,,
ncaab:400990158,ncaab,2017-12-09T19:00Z,final,2084,3164,Buffalo,Central Penn,88,54,,,,0,,,,,,,,,,2,,0,Buffalo,NY,1,183,,,,-5.0,"46,42","18,36",,,,,,,,
ncaab:400990159,ncaab,2017-12-09T19:00Z,final,2199,2119,E Michigan,Central St,80,65,,,,0,,,,,,,,,,2,,0,Ypsilanti,MI,1,219,,,,-5.0,"45,35","27,38",,,,,,,,
ncaab:400990541,ncaab,2017-12-09T19:00Z,final,2174,2711,Detroit Mercy,W Michigan,79,87,,,,0,,,,,,,,,,2,,0,Detroit,MI,1,183,,,,-5.0,"41,38","36,51",,,,,,,,
ncaab:400990556,ncaab,2017-12-09T19:00Z,final,2247,149,Georgia St,Montana,71,68,,,,0,,,,,,,,,,2,,0,Atlanta,GA,1,320,,,,-5.0,"43,28","26,42",,,,,,,,
ncaab:400990757,ncaab,2017-12-09T19:00Z,final,2329,116,Lehigh,Mount St Marys,75,60,,,,0,,,,,,,,,,2,,0,Bethlehem,PA,1,109,,,,-5.0,"33,42","34,26",,,,,,,,
ncaab:400991504,ncaab,2017-12-09T19:00Z,final,119,2378,Towson,UMBC,78,65,,,,0,,,,,,,,,,2,,0,Towson,MD,1,141,,,,-5.0,"35,43","33,32",,,,,,,,
ncaab:400991574,ncaab,2017-12-09T19:00Z,final,225,2349,Brown,UMass Lowell,89,75,,,,0,,,,,,,,,,2,,0,Providence,RI,1,2,,,,-5.0,"42,47","36,39",,,,,,,,
ncaab:401003535,ncaab,2017-12-09T19:00Z,final,55,2433,Jax State,UL Monroe,75,56,,,,0,,,,,,,,,,2,,0,Jacksonville,AL,1,216,,,,-6.0,"33,42","35,21",,,,,,,,
ncaab:400987231,ncaab,2017-12-09T19:15Z,final,2633,288,Tennessee,Lipscomb,81,71,,,,0,,,,,,,,,,2,,0,Knoxville,TN,1,276,,,,-5.0,"40,41","27,44",,,,,,,,
ncaab:400986415,ncaab,2017-12-09T19:30Z,final,156,158,Creighton,Nebraska,75,65,,,,0,,,,,,,,,,2,,0,Omaha,NE,1,323,,,,-6.0,"28,47","33,32",,,,,,,,
ncaab:400988000,ncaab,2017-12-09T19:30Z,final,218,2603,Temple,Saint Joseph's,81,78,,,,0,,,,,,,,,,2,,0,Philadelphia,PA,1,12,,,,-5.0,"40,41","29,49",,,,,,,,
ncaab:400988520,ncaab,2017-12-09T19:30Z,final,46,2448,Georgetown,NC A&T,83,74,,,,0,,,,,,,,,,2,,0,Washington,DC,1,7,,,,-5.0,"37,46","26,48",,,,,,,,
ncaab:400986316,ncaab,2017-12-09T20:00Z,final,228,2535,Clemson,Samford,81,59,,,,0,,,,,,,,,,2,,0,Clemson,SC,1,221,,,,-5.0,"35,46","30,29",,,,,,,,
ncaab:400988522,ncaab,2017-12-09T20:00Z,final,113,2507,UMass,Providence,72,63,,,,0,,,,,,,,,,2,,0,Amherst,MA,1,82,,,,-5.0,"38,34","33,30",,,,,,,,
ncaab:400988523,ncaab,2017-12-09T20:00Z,final,2550,2670,Seton Hall,VCU,90,67,,,,0,,,,,,,,,,2,,0,Newark,NJ,1,9,,,,-5.0,"43,47","30,37",,,,,,,,
ncaab:400988961,ncaab,2017-12-09T20:00Z,final,2617,242,SF Austin,Rice,81,62,,,,0,,,,,,,,,,2,,0,Nacogdoches,TX,1,92,,,,-6.0,"44,37","30,32",,,,,,,,
ncaab:400989338,ncaab,2017-12-09T20:00Z,final,2172,2908,Denver,SC Upstate,84,69,,,,0,,,,,,,,,,2,,0,Denver,CO,1,1609,,,,-7.0,"41,43","28,41",,,,,,,,
ncaab:400989815,ncaab,2017-12-09T20:00Z,final,2168,219,Dayton,Penn,70,78,,,,0,,,,,,,,,,2,,0,Dayton,OH,1,225,,,,-5.0,"35,35","35,43",,,,,,,,
ncaab:400989863,ncaab,2017-12-09T20:00Z,final,2230,2597,Fordham,St Francis BK,76,68,,,,0,,,,,,,,,,2,,0,Bronx,NY,1,28,,,,-5.0,"35,41","25,43",,,,,,,,
ncaab:400990162,ncaab,2017-12-09T20:00Z,final,2750,2309,Wright St,Kent State,63,54,,,,0,,,,,,,,,,2,,0,Dayton,OH,1,225,,,,-5.0,"31,32","24,30",,,,,,,,
ncaab:400990398,ncaab,2017-12-09T20:00Z,final,250,526,UT Arlington,FGCU,78,85,,,,0,,,,,,,,,,2,,0,Arlington,TX,1,184,,,,-6.0,"32,46","37,48",,,,,,,,
ncaab:400990621,ncaab,2017-12-09T20:00Z,final,2473,2130,Oakland,Chicago St,82,50,,,,0,,,,,,,,,,2,,0,Rochester,MI,1,229,,,,-5.0,"37,45","23,27",,,,,,,,
ncaab:400991548,ncaab,2017-12-09T20:05Z,final,107,160,Holy Cross,New Hampshire,62,58,,,,0,,,,,,,,,,2,,0,Worcester,MA,1,147,,,,-5.0,"27,35","22,36",,,,,,,,
ncaab:400990758,ncaab,2017-12-09T20:30Z,final,2529,322,Sacred Heart,Lafayette,62,50,,,,0,,,,,,,,,,2,,0,Fairfield,CT,1,4,,,,-8.0,"27,35","19,31",,,,,,,,
ncaab:400986419,ncaab,2017-12-09T21:00Z,final,213,45,Penn State,G Washington,74,54,,,,0,,,,,,,,,,2,,0,University Park,PA,1,348,,,,-5.0,"48,26","19,35",,,,,,,,
ncaab:400988001,ncaab,2017-12-09T21:00Z,final,197,2724,Oklahoma St,Wichita St,66,78,,,,0,,,,,,,,,,2,,0,Stillwater,OK,1,273,,,,-6.0,"23,43","26,52",,,,,,,,
ncaab:400988521,ncaab,2017-12-09T21:00Z,final,82,305,UIC,DePaul,55,65,,,,0,,,,,,,,,,2,,0,Chicago,IL,1,179,,,,-6.0,"26,29","29,36",,,,,,,,
ncaab:400988710,ncaab,2017-12-09T21:00Z,final,231,2569,Furman,SC State,101,72,,,,0,,,,,,,,,,2,,0,Greenville,SC,1,307,,,,-5.0,"52,49","32,40",,,,,,,,
ncaab:400988711,ncaab,2017-12-09T21:00Z,final,2382,50,Mercer,Florida A&M,82,64,,,,0,,,,,,,,,,2,,0,Macon,GA,1,112,,,,-5.0,"47,35","31,33",,,,,,,,
ncaab:400988712,ncaab,2017-12-09T21:00Z,final,2747,3169,Wofford,J&W (NC),104,45,,,,0,,,,,,,,,,2,,0,Spartanburg,SC,1,246,,,,-5.0,"50,54","10,35",,,,,,,,
ncaab:400989645,ncaab,2017-12-09T21:00Z,final,2287,93,Illinois St,Murray St,72,78,,,,0,,,,,,,,,,2,,0,Normal,IL,1,244,,,,-6.0,"27,45","36,42",,,,,,,,
ncaab:400989646,ncaab,2017-12-09T21:00Z,final,282,2292,Indiana St,Indianapolis,79,75,,,,0,,,,,,,,,,2,,0,Terre Haute,IN,1,152,,,,-5.0,"39,40","38,37",,,,,,,,
ncaab:400989647,ncaab,2017-12-09T21:00Z,final,2350,2450,Loyola Chicago,Norfolk St,80,52,,,,0,,,,,,,,,,2,,0,Chicago,IL,1,179,,,,-6.0,"47,33","28,24",,,,,,,,
ncaab:400989884,ncaab,2017-12-09T21:00Z,final,2244,2428,George Mason,NC Central,77,65,,,,0,,,,,,,,,,2,,0,Fairfax,VA,1,131,,,,-5.0,"39,38","26,39",,,,,,,,
ncaab:400990021,ncaab,2017-12-09T21:00Z,final,2352,2066,Loyola MD,Binghamton,64,77,,,,0,,,,,,,,,,2,,0,Baltimore,MD,1,10,,,,-5.0,"21,43","36,41",,,,,,,,
ncaab:400991097,ncaab,2017-12-09T21:00Z,final,2885,314,NJIT,Iona,70,74,,,,0,,,,,,,,,,2,,0,Newark,NJ,1,9,,,,-5.0,"31,39","40,34",,,,,,,,
ncaab:400991256,ncaab,2017-12-09T21:00Z,final,147,2540,Montana St,Santa Barbara,69,91,,,,0,,,,,,,,,,2,,0,Bozeman,MT,1,1468,,,,-7.0,"31,38","40,51",,,,,,,,
ncaab:400991493,ncaab,2017-12-09T21:00Z,final,111,261,Northeastern,Vermont,71,67,,,,0,,,,,,,,,,2,,0,Boston,MA,1,14,,,,-5.0,"36,35","32,35",,,,,,,,
ncaab:400991708,ncaab,2017-12-09T21:00Z,final,68,16,Boise St,Sacramento St,77,54,,,,0,,,,,,,,,,2,,0,Boise,ID,1,823,,,,-7.0,"38,39","23,31",,,,,,,,
ncaab:400991959,ncaab,2017-12-09T21:00Z,final,44,47,American,Howard,74,63,,,,0,,,,,,,,,,2,,0,Washington,DC,1,7,,,,-5.0,"31,43","29,34",,,,,,,,
ncaab:400992381,ncaab,2017-12-09T21:00Z,final,2515,2215,Radford,Erskine,76,49,,,,0,,,,,,,,,,2,,0,Radford,VA,1,567,,,,-5.0,"35,41","18,31",,,,,,,,
ncaab:400987230,ncaab,2017-12-09T21:30Z,final,245,2504,Texas A&M,Prairie View,73,53,,,,0,,,,,,,,,,2,,0,College Station,TX,1,103,,,,-6.0,"37,36","29,24",,,,,,,,
ncaab:400987237,ncaab,2017-12-09T21:30Z,final,2,5,Auburn,UAB,85,80,,,,0,,,,,,,,,,2,,0,Auburn,AL,1,215,,,,-6.0,"47,38","40,40",,,,,,,,
ncaab:400987234,ncaab,2017-12-09T22:00Z,final,344,2455,Mississippi St,North Georgia,95,62,,,,0,,,,,,,,,,2,,0,Starkville,MS,1,101,,,,-6.0,"53,42","26,36",,,,,,,,
ncaab:400988260,ncaab,2017-12-09T22:00Z,final,2752,38,Xavier,Colorado,96,69,,,,0,,,,,,,,,,2,,0,Cincinnati,OH,1,191,,,,-5.0,"49,47","33,36",,,,,,,,
ncaab:400988261,ncaab,2017-12-09T22:00Z,final,21,25,San Diego St,California,62,63,,,,0,,,,,,,,,,2,,0,San Diego,CA,1,20,,,,-8.0,"34,28","39,24",,,,,,,,
ncaab:400988962,ncaab,2017-12-09T22:00Z,final,2000,326,Abilene Chrstn,Texas St,72,68,,,,0,,,,,,,,,,2,,0,Abilene,TX,1,524,,,,-6.0,"27,45","35,33",,,,,,,,
ncaab:400988967,ncaab,2017-12-09T22:00Z,final,2466,2347,N'Western St,LA Christian,88,58,,,,1,,,,,,,,,,2,,0,Alexandria,LA,1,23,,,,-6.0,"43,45","26,32",,,,,,,,
ncaab:400990400,ncaab,2017-12-09T22:00Z,final,290,2542,GA Southern,Savannah St,102,91,,,,0,,,,,,,,,,2,,0,Statesboro,GA,1,77,,,,-5.0,"50,52","43,48",,,,,,,,
ncaab:400992508,ncaab,2017-12-09T22:00Z,final,302,3078,UC Davis,Jessup,86,52,,,,0,,,,,,,,,,2,,0,Davis,CA,1,16,,,,-8.0,"46,40","23,29",,,,,,,,
ncaab:400988963,ncaab,2017-12-09T22:30Z,final,2320,2758,Lamar,Howard Payne,112,56,,,,0,,,,,,,,,,2,,0,Beaumont,TX,1,5,,,,-6.0,"57,55","27,29",,,,,,,,
ncaab:400986423,ncaab,2017-12-09T23:00Z,final,127,253,Michigan St,Southern Utah,88,63,,,,0,,,,,,,,,,2,,0,East Lansing,MI,1,261,,,,-5.0,"42,46","30,33",,,,,,,,
ncaab:400986937,ncaab,2017-12-09T23:00Z,final,2751,279,Wyoming,Pacific,86,72,,,,0,,,,,,,,,,2,,0,Laramie,WY,1,2184,,,,-7.0,"38,48","34,38",,,,,,,,
ncaab:400987235,ncaab,2017-12-09T23:00Z,final,2393,145,MTSU,Ole Miss,77,58,,,,0,,,,,,,,,,2,,0,Murfreesboro,TN,1,186,,,,-6.0,"33,44","34,24",,,,,,,,
ncaab:400987238,ncaab,2017-12-09T23:00Z,final,57,2132,Florida,Cincinnati,66,60,,,,1,,,,,,,,,,2,,0,Newark,NJ,1,9,,,,-5.0,"34,32","28,32",,,,,,,,
ncaab:400988966,ncaab,2017-12-09T23:00Z,final,249,2377,North Texas,McNeese,85,47,,,,0,,,,,,,,,,2,,0,Denton,TX,1,201,,,,-6.0,"33,52","18,29",,,,,,,,
ncaab:400989339,ncaab,2017-12-09T23:00Z,final,2181,2437,Drake,Omaha,93,74,,,,0,,,,,,,,,,2,,0,Des Moines,IA,1,266,,,,-6.0,"40,53","39,35",,,,,,,,
ncaab:400989980,ncaab,2017-12-09T23:00Z,void,257,256,Richmond,James Madison,,,,,,0,,,,,,,,,,2,,0,Richmond,VA,1,64,,,,-5.0,,,,,,,,,,
ncaab:400991881,ncaab,2017-12-09T23:00Z,final,294,107730,Jacksonville,FL National,89,51,,,,0,,,,,,,,,,2,,0,Jacksonville,FL,1,5,,,,-5.0,"40,49","32,19",,,,,,,,
ncaab:400986414,ncaab,2017-12-09T23:45Z,final,8,135,Arkansas,Minnesota,95,79,,,,0,,,,,,,,,,2,,0,Fayetteville,AR,1,427,,,,-6.0,"50,45","42,37",,,,,,,,
ncaab:400986420,ncaab,2017-12-10T00:00Z,final,164,161,Rutgers,FDU,92,54,,,,0,,,,,,,,,,2,,0,Piscataway,NJ,1,30,,,,-5.0,"50,42","22,32",,,,,,,,
ncaab:400986695,ncaab,2017-12-10T00:00Z,final,48,87,Delaware,Notre Dame,68,92,,,,0,,,,,,,,,,2,,0,Newark,DE,1,38,,,,-5.0,"27,41","38,54",,,,,,,,
ncaab:400989129,ncaab,2017-12-10T00:00Z,final,239,3090,Baylor,Randall,105,82,,,,0,,,,,,,,,,2,,0,Fort Hood,TX,1,183,,,,-6.0,"49,56","34,48",,,,,,,,
ncaab:400990160,ncaab,2017-12-10T00:00Z,final,2006,2026,Akron,App State,94,89,,,,0,,,,,,,,,,2,,0,Akron,OH,1,291,,,,-5.0,"47,47","38,51",,,,,,,,
ncaab:400990161,ncaab,2017-12-10T00:00Z,final,2649,276,Toledo,Marshall,87,93,,,,0,,,,,,,,,,2,,0,Toledo,OH,1,186,,,,-5.0,"43,44","44,49",,,,,,,,
ncaab:400990163,ncaab,2017-12-10T00:00Z,final,295,189,Old Dominion,Bowling Green,88,46,,,,0,,,,,,,,,,2,,0,Norfolk,VA,1,2,,,,-5.0,"39,49","23,23",,,,,,,,
ncaab:400991096,ncaab,2017-12-10T00:00Z,final,2363,2415,Manhattan,Morgan St,80,66,,,,0,,,,,,,,,,2,,0,Riverdale,NY,1,159,,,,-8.0,"46,34","32,34",,,,,,,,
ncaab:400991098,ncaab,2017-12-10T00:00Z,final,2520,2275,Rider,Hofstra,82,88,,,,0,,,,,,,,,,2,,0,Lawrenceville,NJ,1,37,,,,-5.0,"41,41","43,45",,,,,,,,
ncaab:400992564,ncaab,2017-12-10T00:00Z,final,2348,2296,Louisiana Tech,Jackson St,91,62,,,,0,,,,,,,,,,2,,0,Ruston,LA,1,102,,,,-6.0,"53,38","40,22",,,,,,,,
ncaab:400988257,ncaab,2017-12-10T00:30Z,final,254,328,Utah,Utah State,77,67,,,,1,,,,,,,,,,2,,0,Salt Lake City,UT,1,1299,,,,-7.0,"47,30","36,31",,,,,,,,
ncaab:400989995,ncaab,2017-12-10T00:30Z,final,2561,399,Siena,UAlbany,69,74,,,,0,,,,,,,,,,2,,0,Albany,NY,1,45,,,,-5.0,"28,41","38,36",,,,,,,,
ncaab:400986697,ncaab,2017-12-10T01:00Z,final,221,277,Pitt,West Virginia,60,69,,,,0,,,,,,,,,,2,,0,Pittsburgh,PA,1,233,,,,-5.0,"27,33","45,24",,,,,,,,
ncaab:400988002,ncaab,2017-12-10T01:00Z,final,2306,202,Kansas St,Tulsa,54,61,,,,0,,,,,,,,,,2,,0,Manhattan,KS,1,311,,,,-6.0,"30,24","27,34",,,,,,,,
ncaab:400988004,ncaab,2017-12-10T01:00Z,final,139,248,Saint Louis,Houston,58,77,,,,0,,,,,,,,,,2,,0,St. Louis,MO,1,142,,,,-6.0,"26,32","36,41",,,,,,,,
ncaab:400988964,ncaab,2017-12-10T01:00Z,final,2110,2031,C Arkansas,Little Rock,69,54,,,,0,,,,,,,,,,2,,0,Conway,AR,1,95,,,,-6.0,"35,34","30,24",,,,,,,,
ncaab:400988965,ncaab,2017-12-10T01:00Z,final,2636,2277,UTSA,Hou Christian,87,71,,,,0,,,,,,,,,,2,,0,San Antonio,TX,1,198,,,,-6.0,"42,45","33,38",,,,,,,,
ncaab:400989335,ncaab,2017-12-10T01:00Z,final,155,2449,North Dakota,N Dakota St,79,88,,,,0,,,,,,,,,,2,,0,Grand Forks,ND,1,253,,,,-6.0,"37,42","44,44",,,,,,,,
ncaab:400989336,ncaab,2017-12-10T01:00Z,final,2710,270,W Illinois,Milwaukee,90,69,,,,0,,,,,,,,,,2,,0,Macomb,IL,1,215,,,,-6.0,"53,37","25,44",,,,,,,,
ncaab:400989648,ncaab,2017-12-10T01:00Z,final,79,2546,S Illinois,SE Missouri,69,75,,,,0,,,,,,,,,,2,,0,Carbondale,IL,1,126,,,,-6.0,"25,44","39,36",,,,,,,,
ncaab:400990399,ncaab,2017-12-10T01:00Z,final,2032,2271,Arkansas St,Henderson St,90,76,,,,0,,,,,,,,,,2,,0,Jonesboro,AR,1,99,,,,-6.0,"44,46","34,42",,,,,,,,
ncaab:400990622,ncaab,2017-12-10T01:00Z,final,292,300,UT Rio Grande,UC Irvine,73,59,,,,0,,,,,,,,,,2,,0,Edinburg,TX,1,30,,,,-6.0,"27,46","38,21",,,,,,,,
ncaab:400990627,ncaab,2017-12-10T01:00Z,final,2608,2547,Saint Mary's,Seattle U,97,73,,,,0,,,,,,,,,,2,,0,Moraga,CA,1,152,,,,-8.0,"49,48","32,41",,,,,,,,
ncaab:400987233,ncaab,2017-12-10T02:00Z,final,142,2739,Missouri,Green Bay,100,77,,,,0,,,,,,,,,,2,,0,Columbia,MO,1,215,,,,-6.0,"60,40","40,37",,,,,,,,
ncaab:400988258,ncaab,2017-12-10T02:00Z,final,2638,265,UTEP,Washington St,76,69,,,,0,,,,,,,,,,2,,0,El Paso,TX,1,1133,,,,-7.0,"39,37","42,27",,,,,,,,
ncaab:400990623,ncaab,2017-12-10T02:00Z,final,2253,2755,Grand Canyon,Grambling,87,53,,,,0,,,,,,,,,,2,,0,Phoenix,AZ,1,331,,,,-7.0,"39,48","21,32",,,,,,,,
ncaab:400990625,ncaab,2017-12-10T02:00Z,final,2239,3084,Fullerton,Utah Valley,91,83,,,,0,,,,,,,,,,2,,0,Fullerton,CA,1,50,,,,-8.0,"41,50","40,43",,,,,,,,
ncaab:400990626,ncaab,2017-12-10T02:00Z,final,167,166,New Mexico,New Mexico St,62,65,,,,0,,,,,,,,,,2,,0,Albuquerque,NM,1,1511,,,,-7.0,"33,29","35,30",,,,,,,,
ncaab:400992400,ncaab,2017-12-10T02:00Z,final,304,2887,Idaho St,NW Nazarene,73,57,,,,0,,,,,,,,,,2,,0,Pocatello,ID,1,1360,,,,-7.0,"39,34","32,25",,,,,,,,
ncaab:400986855,ncaab,2017-12-10T03:00Z,final,252,2692,BYU,Weber St,74,68,,,,1,,,,,,,,,,2,,0,Salt Lake City,UT,1,1299,,,,-7.0,"36,38","32,36",,,,,,,,
ncaab:400986910,ncaab,2017-12-10T03:00Z,final,2463,2351,CSU Northridge,LMU,57,74,,,,0,,,,,,,,,,2,,0,Northridge,CA,1,246,,,,-8.0,"23,34","38,36",,,,,,,,
ncaab:400986960,ncaab,2017-12-10T03:00Z,final,2492,299,Pepperdine,Long Beach St,71,78,,,,0,,,,,,,,,,2,,0,Malibu,CA,1,32,,,,-8.0,"35,36","35,43",,,,,,,,
ncaab:400986978,ncaab,2017-12-10T03:00Z,final,2501,23,Portland,San José St,64,55,,,,0,,,,,,,,,,2,,0,Portland,OR,1,12,,,,-8.0,"32,32","32,23",,,,,,,,
ncaab:400986998,ncaab,2017-12-10T03:00Z,final,301,2464,San Diego,N Arizona,79,51,,,,0,,,,,,,,,,2,,0,San Diego,CA,1,20,,,,-8.0,"38,41","18,33",,,,,,,,
ncaab:400987089,ncaab,2017-12-10T03:00Z,final,2541,2502,Santa Clara,Portland St,84,87,,,,0,,,,,,,,,,2,,0,Santa Clara,CA,1,23,,,,-8.0,"39,45","28,59",,,,,,,,
ncaab:400987239,ncaab,2017-12-10T03:00Z,final,12,333,Arizona,Alabama,88,82,,,,0,,,,,,,,,,2,,0,Tucson,AZ,1,759,,,,-7.0,"38,50","40,42",,,,,,,,
ncaab:400988259,ncaab,2017-12-10T03:00Z,final,204,2029,Oregon St,AR-Pine Bluff,85,58,,,,0,,,,,,,,,,2,,0,Corvallis,OR,1,71,,,,-8.0,"37,48","34,24",,,,,,,,
ncaab:400990624,ncaab,2017-12-10T03:00Z,final,2934,70,Bakersfield,Idaho,66,55,,,,0,,,,,,,,,,2,,0,Bakersfield,CA,1,123,,,,-8.0,"29,37","23,32",,,,,,,,
ncaab:400991746,ncaab,2017-12-10T03:00Z,final,13,278,Cal Poly,Fresno St,63,83,,,,0,,,,,,,,,,2,,0,San Luis Obispo,CA,1,71,,,,-8.0,"23,40","37,46",,,,,,,,
ncaab:400986421,ncaab,2017-12-10T04:59Z,final,2439,356,UNLV,Illinois,89,82,,,,1,,,,,,,,,,2,,0,Las Vegas,NV,1,610,,,,-8.0,"45,44","36,46",,,,,,,,
ncaab:400992484,ncaab,2017-12-10T04:59Z,final,62,2267,Hawai'i,Hawaiʻi Hilo,82,64,,,,0,,,,,,,,,,2,,0,Honolulu,HI,1,5,,,,-10.0,"38,44","19,45",,,,,,,,
ncaab:400986135,ncaab,2017-12-10T17:00Z,final,52,2655,Florida St,Tulane,72,53,,,,1,,,,,,,,,,2,,0,Tampa,FL,1,1,,,,-5.0,"29,43","17,36",,,,,,,,
ncaab:400992565,ncaab,2017-12-10T17:00Z,final,2226,2691,FAU,Webber Int'l,106,46,,,,0,,,,,,,,,,2,,0,Boca Raton,FL,1,4,,,,-5.0,"65,41","27,19",,,,,,,,
ncaab:400988524,ncaab,2017-12-10T18:00Z,final,222,2325,Villanova,La Salle,77,68,,,,0,,,,,,,,,,2,,0,Philadelphia,PA,1,12,,,,-5.0,"37,40","38,30",,,,,,,,
ncaab:400988713,ncaab,2017-12-10T18:00Z,final,236,2429,Chattanooga,Charlotte,64,50,,,,0,,,,,,,,,,2,,0,Chattanooga,TN,1,206,,,,-5.0,"29,35","29,21",,,,,,,,
ncaab:400991613,ncaab,2017-12-10T18:00Z,final,171,2426,Columbia,Navy,68,73,,,,0,,,,,,,,,,2,,0,New York,NY,1,10,,,,-5.0,"40,28","32,41",,,,,,,,
ncaab:400988262,ncaab,2017-12-10T19:00Z,final,2305,9,Kansas,Arizona St,85,95,,,,0,,,,,,,,,,2,,0,Lawrence,KS,1,263,,,,-6.0,"40,45","37,58",,,,,,,,
ncaab:400988714,ncaab,2017-12-10T19:00Z,final,2193,3171,ETSU,Hiwassee,94,48,,,,0,,,,,,,,,,2,,0,Johnson City,TN,1,498,,,,-5.0,"48,46","17,31",,,,,,,,
ncaab:400989340,ncaab,2017-12-10T19:00Z,final,233,331,South Dakota,E Washington,75,73,,,,0,,,,,,,,,,2,,0,Vermillion,SD,1,374,,,,-6.0,"32,43","31,42",,,,,,,,
ncaab:400990165,ncaab,2017-12-10T19:00Z,final,195,98,Ohio,Western KY,89,84,,,,0,,,,,,,,,,2,,0,Athens,OH,1,219,,,,-5.0,"42,47","30,54",,,,,,,,
ncaab:400990571,ncaab,2017-12-10T19:00Z,final,232,2822,Charleston,N Greenville,92,60,,,,0,,,,,,,,,,2,,0,Charleston,SC,1,6,,,,-5.0,"53,39","33,27",,,,,,,,
ncaab:400990760,ncaab,2017-12-10T19:00Z,final,2523,2182,Robert Morris,Drexel,74,60,,,,0,,,,,,,,,,2,,0,Pittsburgh,PA,1,233,,,,-5.0,"42,32","27,33",,,,,,,,
ncaab:400990761,ncaab,2017-12-10T19:00Z,final,315,2598,Niagara,Saint Francis,87,93,,,,0,,,,,,,,,,2,,0,Niagara Falls,NY,1,187,,,,-5.0,"33,45,9","47,31,15",,,,,,,,
ncaab:400991532,ncaab,2017-12-10T19:00Z,final,311,555,Maine,ME-Machias,104,51,,,,0,,,,,,,,,,2,,0,Bangor,ME,1,36,,,,-5.0,"53,51","21,30",,,,,,,,
ncaab:400992084,ncaab,2017-12-10T19:00Z,final,325,587,Cleveland St,ND Ohio,89,56,,,,0,,,,,,,,,,2,,0,Cleveland,OH,1,199,,,,-5.0,"38,51","21,35",,,,,,,,
ncaab:400992329,ncaab,2017-12-10T19:00Z,final,2272,2648,High Point,Toccoa Falls,110,39,,,,0,,,,,,,,,,2,,0,High Point,NC,1,281,,,,-5.0,"65,45","23,16",,,,,,,,
ncaab:401003534,ncaab,2017-12-10T19:00Z,final,257,256,Richmond,James Madison,74,71,,,,0,,,,,,,,,,2,,0,Richmond,VA,1,64,,,,-5.0,"28,46","28,43",,,,,,,,
ncaab:400986136,ncaab,2017-12-10T20:00Z,final,259,2379,Virginia Tech,MD Eastern,93,40,,,,0,,,,,,,,,,2,,0,Blacksburg,VA,1,633,,,,-5.0,"54,39","22,18",,,,,,,,
ncaab:400990401,ncaab,2017-12-10T20:00Z,final,2565,6,SIUE,South Alabama,76,75,,,,0,,,,,,,,,,2,,0,Edwardsville,IL,1,165,,,,-6.0,"37,39","44,31",,,,,,,,
ncaab:400990402,ncaab,2017-12-10T20:00Z,final,2572,2653,Southern Miss,Troy,89,71,,,,0,,,,,,,,,,2,,0,Hattiesburg,MS,1,52,,,,-6.0,"38,51","31,40",,,,,,,,
ncaab:400990925,ncaab,2017-12-10T20:00Z,final,2630,108799,UT Martin,Clermont (OH),127,92,,,,0,,,,,,,,,,2,,0,Martin,TN,1,124,,,,-6.0,"63,64","49,43",,,,,,,,
ncaab:400990759,ncaab,2017-12-10T20:30Z,final,112358,2217,Long Island,Fairfield,72,76,,,,0,,,,,,,,,,2,,0,Brooklyn,NY,1,15,,,,-5.0,"35,37","36,40",,,,,,,,
ncaab:400992389,ncaab,2017-12-10T20:30Z,final,2427,2397,UNC Asheville,Milligan,97,60,,,,0,,,,,,,,,,2,,0,Asheville,NC,1,649,,,,-5.0,"53,44","17,43",,,,,,,,
ncaab:400989341,ncaab,2017-12-10T21:00Z,final,198,2623,Oral Roberts,Missouri St,73,66,,,,0,,,,,,,,,,2,,0,Tulsa,OK,1,220,,,,-6.0,"34,39","38,28",,,,,,,,
ncaab:400990762,ncaab,2017-12-10T21:00Z,final,2681,2384,Wagner,Mercy,75,41,,,,0,,,,,,,,,,2,,0,Staten Island,NY,1,21,,,,-5.0,"30,45","18,23",,,,,,,,
ncaab:400986424,ncaab,2017-12-10T22:00Z,final,2294,2582,Iowa,Southern,91,60,,,,0,,,,,,,,,,2,,0,Iowa City,IA,1,204,,,,-6.0,"41,50","31,29",,,,,,,,
ncaab:400987240,ncaab,2017-12-10T22:00Z,final,99,350,LSU,UNC Wilmington,97,84,,,,0,,,,,,,,,,2,,0,Baton Rouge,LA,1,14,,,,-6.0,"52,45","36,48",,,,,,,,
ncaab:400989651,ncaab,2017-12-10T22:00Z,final,2460,49,Northern Iowa,Dubuque,80,47,,,,0,,,,,,,,,,2,,0,Cedar Falls,IA,1,268,,,,-6.0,"47,33","19,28",,,,,,,,
ncaab:400989155,ncaab,2017-12-10T23:00Z,final,66,2016,Iowa State,Alcorn St,78,58,,,,0,,,,,,,,,,2,,0,Ames,IA,1,287,,,,-6.0,"33,45","32,26",,,,,,,,
ncaab:400990926,ncaab,2017-12-10T23:00Z,final,94,2198,N Kentucky,E Kentucky,91,63,,,,0,,,,,,,,,,2,,0,Highland Heights,KY,1,260,,,,-5.0,"37,54","29,34",,,,,,,,
ncaab:400986425,ncaab,2017-12-11T00:00Z,final,2509,85,Purdue,IU Indy,86,61,,,,0,,,,,,,,,,2,,0,West Lafayette,IN,1,186,,,,-5.0,"40,46","31,30",,,,,,,,
ncaab:400991257,ncaab,2017-12-11T00:00Z,final,2458,2824,N Colorado,OK Panhandle,104,53,,,,0,,,,,,,,,,2,,0,Greeley,CO,1,1425,,,,-7.0,"56,48","21,32",,,,,,,,
ncaab:400986883,ncaab,2017-12-11T01:00Z,final,264,2250,Washington,Gonzaga,70,97,,,,0,,,,,,,,,,2,,0,Seattle,WA,1,56,,,,-8.0,"33,37","47,50",,,,,,,,
ncaab:400986137,ncaab,2017-12-12T00:00Z,final,97,2803,Louisville,Bryant,102,59,,,,0,,,,,,,,,,2,,0,Louisville,KY,1,142,,,,-5.0,"51,51","35,24",,,,,,,,
ncaab:400986426,ncaab,2017-12-12T00:00Z,final,77,2130,Northwestern,Chicago St,96,31,,,,0,,,,,,,,,,2,,0,Rosemont,IL,1,194,,,,-6.0,"55,41","8,23",,,,,,,,
ncaab:400988005,ncaab,2017-12-12T00:00Z,final,58,2229,South Florida,FIU,53,65,,,,0,,,,,,,,,,2,,0,Tampa,FL,1,1,,,,-5.0,"25,28","24,41",,,,,,,,
ncaab:400990763,ncaab,2017-12-12T00:00Z,final,42,2529,Hartford,Sacred Heart,86,72,,,,0,,,,,,,,,,2,,0,West Hartford,CT,1,40,,,,-5.0,"34,52","33,39",,,,,,,,
ncaab:400991099,ncaab,2017-12-12T00:00Z,final,261,2561,Vermont,Siena,81,57,,,,0,,,,,,,,,,2,,0,Burlington,VT,1,61,,,,-5.0,"45,36","29,28",,,,,,,,
ncaab:400991934,ncaab,2017-12-12T00:00Z,final,50,2454,Florida A&M,North Florida,89,101,,,,0,,,,,,,,,,2,,0,Tallahassee,FL,1,62,,,,-5.0,"41,48","60,41",,,,,,,,
ncaab:400992949,ncaab,2017-12-12T00:00Z,final,2296,2225,Jackson St,Fisk,60,53,,,,0,,,,,,,,,,2,,0,Jackson,MS,1,85,,,,-6.0,"32,28","25,28",,,,,,,,
ncaab:400986427,ncaab,2017-12-12T01:00Z,final,135,2181,Minnesota,Drake,68,67,,,,0,,,,,,,,,,2,,0,Minneapolis,MN,1,253,,,,-6.0,"24,44","28,39",,,,,,,,
ncaab:400988525,ncaab,2017-12-12T02:00Z,final,305,2010,DePaul,Alabama A&M,83,59,,,,0,,,,,,,,,,2,,0,Chicago,IL,1,179,,,,-6.0,"48,35","22,37",,,,,,,,
ncaab:400990628,ncaab,2017-12-12T02:00Z,final,2253,2428,Grand Canyon,NC Central,64,59,,,,0,,,,,,,,,,2,,0,Phoenix,AZ,1,331,,,,-7.0,"38,26","30,29",,,,,,,,
ncaab:400988263,ncaab,2017-12-12T03:00Z,final,2483,2640,Oregon,Texas Southern,74,68,,,,0,,,,,,,,,,2,,0,Eugene,OR,1,131,,,,-8.0,"32,42","31,37",,,,,,,,
ncaab:400990928,ncaab,2017-12-12T16:00Z,final,2413,3077,Morehead St,KCU,85,57,,,,0,,,,,,,,,,2,,0,Morehead,KY,1,153,,,,-6.0,"39,46","28,29",,,,,,,,
ncaab:400992291,ncaab,2017-12-12T18:00Z,final,2569,2127,SC State,Charleston So,91,88,,,,0,,,,,,,,,,2,,0,Orangeburg,SC,1,74,,,,-5.0,"38,43,10","42,39,7",,,,,,,,
ncaab:400986138,ncaab,2017-12-13T00:00Z,final,103,171,Boston College,Columbia,81,66,,,,0,,,,,,,,,,2,,0,Chestnut Hill,MA,1,60,,,,-5.0,"43,38","35,31",,,,,,,,
ncaab:400986428,ncaab,2017-12-13T00:00Z,final,120,2108,Maryland,Catholic,76,59,,,,0,,,,,,,,,,2,,0,College Park,MD,1,21,,,,-5.0,"37,39","31,28",,,,,,,,
ncaab:400986429,ncaab,2017-12-13T00:00Z,final,164,2230,Rutgers,Fordham,75,63,,,,0,,,,,,,,,,2,,0,Piscataway,NJ,1,30,,,,-5.0,"36,39","28,35",,,,,,,,
ncaab:400987241,ncaab,2017-12-13T00:00Z,final,2132,344,Cincinnati,Mississippi St,65,50,,,,0,,,,,,,,,,2,,0,Highland Heights,KY,1,260,,,,-5.0,"35,30","25,25",,,,,,,,
ncaab:400988006,ncaab,2017-12-13T00:00Z,final,2116,2545,UCF,SE Louisiana,61,53,,,,0,,,,,,,,,,2,,0,Orlando,FL,1,30,,,,-5.0,"30,31","28,25",,,,,,,,
ncaab:400988526,ncaab,2017-12-13T00:00Z,final,2550,2612,Seton Hall,Saint Peter's,84,61,,,,0,,,,,,,,,,2,,0,South Orange,NJ,1,45,,,,-5.0,"42,42","23,38",,,,,,,,
ncaab:400989652,ncaab,2017-12-13T00:00Z,final,282,2739,Indiana St,Green Bay,85,63,,,,0,,,,,,,,,,2,,0,Terre Haute,IN,1,152,,,,-5.0,"32,53","32,31",,,,,,,,
ncaab:400989885,ncaab,2017-12-13T00:00Z,final,2244,290,George Mason,GA Southern,51,74,,,,0,,,,,,,,,,2,,0,Fairfax,VA,1,131,,,,-5.0,"25,26","36,38",,,,,,,,
ncaab:400990557,ncaab,2017-12-13T00:00Z,final,2247,3179,Georgia St,Point,90,70,,,,0,,,,,,,,,,2,,0,Atlanta,GA,1,320,,,,-5.0,"50,40","36,34",,,,,,,,
ncaab:400990764,ncaab,2017-12-13T00:00Z,final,2597,349,St Francis BK,Army,64,76,,,,0,,,,,,,,,,2,,0,Brooklyn,NY,1,15,,,,-5.0,"30,34","44,32",,,,,,,,
ncaab:400991100,ncaab,2017-12-13T00:00Z,final,163,2405,Princeton,Monmouth,69,58,,,,0,,,,,,,,,,2,,0,Princeton,NJ,1,62,,,,-5.0,"31,38","26,32",,,,,,,,
ncaab:400991101,ncaab,2017-12-13T00:00Z,final,314,43,Iona,Yale,83,67,,,,0,,,,,,,,,,2,,0,New Rochelle,NY,1,26,,,,-5.0,"44,39","35,32",,,,,,,,
ncaab:400991453,ncaab,2017-12-13T00:00Z,final,2619,2275,Stony Brook,Hofstra,81,84,,,,0,,,,,,,,,,2,,0,Stony Brook,NY,1,27,,,,-5.0,"37,44","35,49",,,,,,,,
ncaab:400991584,ncaab,2017-12-13T00:00Z,final,2378,2154,UMBC,Coppin St,81,74,,,,0,,,,,,,,,,2,,0,Baltimore,MD,1,10,,,,-5.0,"43,38","29,45",,,,,,,,
ncaab:400991924,ncaab,2017-12-13T00:00Z,final,2142,2885,Colgate,NJIT,87,76,,,,0,,,,,,,,,,2,,0,Hamilton,NY,1,181,,,,-5.0,"42,45","36,40",,,,,,,,
ncaab:400992427,ncaab,2017-12-13T00:00Z,final,2065,13,Bethune,Cal Poly,67,53,,,,0,,,,,,,,,,2,,0,Daytona Beach,FL,1,4,,,,-5.0,"35,32","31,22",,,,,,,,
ncaab:400990404,ncaab,2017-12-13T00:30Z,final,2348,309,Louisiana Tech,Louisiana,71,75,,,,0,,,,,,,,,,2,,0,Ruston,LA,1,102,,,,-6.0,"25,46","38,37",,,,,,,,
ncaab:400986999,ncaab,2017-12-13T01:00Z,final,38,301,Colorado,San Diego,59,69,,,,0,,,,,,,,,,2,,0,Boulder,CO,1,1624,,,,-7.0,"21,38","29,40",,,,,,,,
ncaab:400989342,ncaab,2017-12-13T01:00Z,final,2449,628,N Dakota St,Valley City St,101,58,,,,0,,,,,,,,,,2,,0,Fargo,ND,1,276,,,,-6.0,"46,55","24,34",,,,,,,,
ncaab:400989343,ncaab,2017-12-13T01:00Z,final,2571,155,S Dakota St,North Dakota,99,63,,,,0,,,,,,,,,,2,,0,Brookings,SD,1,494,,,,-6.0,"55,44","30,33",,,,,,,,
ncaab:400989953,ncaab,2017-12-13T01:00Z,final,139,93,Saint Louis,Murray St,69,55,,,,0,,,,,,,,,,2,,0,St. Louis,MO,1,142,,,,-6.0,"28,41","31,24",,,,,,,,
ncaab:400990403,ncaab,2017-12-13T01:00Z,final,2433,2755,UL Monroe,Grambling,59,57,,,,0,,,,,,,,,,2,,0,Monroe,LA,1,23,,,,-6.0,"24,35","18,39",,,,,,,,
ncaab:400990927,ncaab,2017-12-13T01:00Z,final,2011,2634,Alabama St,Tennessee St,45,64,,,,0,,,,,,,,,,2,,0,Montgomery,AL,1,73,,,,-6.0,"29,16","33,31",,,,,,,,
ncaab:400992864,ncaab,2017-12-13T01:00Z,final,2016,2225,Alcorn St,Fisk,77,69,,,,0,,,,,,,,,,2,,0,Lorman,MS,1,66,,,,-6.0,"29,48","33,36",,,,,,,,
ncaab:400986430,ncaab,2017-12-13T02:00Z,final,251,130,Texas,Michigan,52,59,,,,0,,,,,,,,,,2,,0,Austin,TX,1,149,,,,-6.0,"20,32","32,27",,,,,,,,
ncaab:400988007,ncaab,2017-12-13T02:00Z,final,235,399,Memphis,UAlbany,67,58,,,,0,,,,,,,,,,2,,0,Memphis,TN,1,78,,,,-6.0,"29,38","22,36",,,,,,,,
ncaab:400991258,ncaab,2017-12-13T02:00Z,final,2751,331,Wyoming,E Washington,93,88,,,,0,,,,,,,,,,2,,0,Laramie,WY,1,2184,,,,-7.0,"32,46,15","38,40,10",,,,,,,,
ncaab:400997654,ncaab,2017-12-13T02:00Z,final,166,2201,New Mexico St,Eastern NM,84,62,,,,0,,,,,,,,,,2,,0,Las Cruces,NM,1,1191,,,,-7.0,"39,45","27,35",,,,,,,,
ncaab:400988264,ncaab,2017-12-13T03:00Z,final,204,55,Oregon St,Jax State,70,69,,,,0,,,,,,,,,,2,,0,Corvallis,OR,1,71,,,,-8.0,"33,37","36,33",,,,,,,,
ncaab:400991575,ncaab,2017-12-13T22:00Z,final,2349,104,UMass Lowell,Boston U,87,82,,,,0,,,,,,,,,,2,,0,Lowell,MA,1,36,,,,-5.0,"31,56","34,48",,,,,,,,
ncaab:400988008,ncaab,2017-12-14T00:00Z,final,218,222,Temple,Villanova,67,87,,,,0,,,,,,,,,,2,,0,Philadelphia,PA,1,12,,,,-5.0,"29,38","46,41",,,,,,,,
ncaab:400988715,ncaab,2017-12-14T00:00Z,final,2430,350,UNC Greensboro,UNC Wilmington,71,58,,,,0,,,,,,,,,,2,,0,Greensboro,NC,1,266,,,,-5.0,"32,39","33,25",,,,,,,,
ncaab:400989841,ncaab,2017-12-14T00:00Z,final,2184,2400,Duquesne,Miss Valley St,73,49,,,,0,,,,,,,,,,2,,0,Pittsburgh,PA,1,233,,,,-5.0,"34,39","20,29",,,,,,,,
ncaab:400991935,ncaab,2017-12-14T00:00Z,final,2454,2229,North Florida,FIU,87,85,,,,0,,,,,,,,,,2,,0,Jacksonville,FL,1,5,,,,-5.0,"47,40","40,45",,,,,,,,
ncaab:400990929,ncaab,2017-12-14T00:30Z,final,2057,270,Belmont,Milwaukee,82,63,,,,0,,,,,,,,,,2,,0,Nashville,TN,1,170,,,,-6.0,"32,50","26,37",,,,,,,,
ncaab:400986431,ncaab,2017-12-14T01:00Z,final,356,2344,Illinois,Longwood,92,45,,,,0,,,,,,,,,,2,,0,Champaign,IL,1,225,,,,-6.0,"50,42","24,21",,,,,,,,
ncaab:400986432,ncaab,2017-12-14T01:00Z,final,275,98,Wisconsin,Western KY,81,80,,,,0,,,,,,,,,,2,,0,Madison,WI,1,267,,,,-6.0,"34,47","38,42",,,,,,,,
ncaab:400987242,ncaab,2017-12-14T01:00Z,final,245,2542,Texas A&M,Savannah St,113,66,,,,0,,,,,,,,,,2,,0,College Station,TX,1,103,,,,-6.0,"52,61","33,33",,,,,,,,
ncaab:400987243,ncaab,2017-12-14T01:00Z,final,145,2534,Ole Miss,Sam Houston,82,69,,,,0,,,,,,,,,,2,,0,Oxford,MS,1,154,,,,-6.0,"39,43","33,36",,,,,,,,
ncaab:400988009,ncaab,2017-12-14T01:00Z,final,2567,2443,SMU,LSU N Orleans,79,66,,,,0,,,,,,,,,,2,,0,Dallas,TX,1,128,,,,-6.0,"44,35","34,32",,,,,,,,
ncaab:400989344,ncaab,2017-12-14T01:00Z,final,2437,2032,Omaha,Arkansas St,77,74,,,,0,,,,,,,,,,2,,0,Omaha,NE,1,323,,,,-6.0,"35,42","26,48",,,,,,,,
ncaab:400989653,ncaab,2017-12-14T01:00Z,final,79,2296,S Illinois,Jackson St,69,51,,,,0,,,,,,,,,,2,,0,Carbondale,IL,1,126,,,,-6.0,"32,37","29,22",,,,,,,,
ncaab:400989654,ncaab,2017-12-14T01:00Z,final,71,2031,Bradley,Little Rock,86,46,,,,0,,,,,,,,,,2,,0,Peoria,IL,1,153,,,,-6.0,"46,40","21,25",,,,,,,,
ncaab:400992566,ncaab,2017-12-14T01:00Z,final,2010,2572,Alabama A&M,Southern Miss,54,69,,,,0,,,,,,,,,,2,,0,Normal,AL,1,220,,,,-6.0,"23,31","44,25",,,,,,,,
ncaab:400987244,ncaab,2017-12-14T02:00Z,final,99,248,LSU,Houston,80,77,,,,0,,,,,,,,,,2,,0,Baton Rouge,LA,1,14,,,,-6.0,"37,43","38,39",,,,,,,,
ncaab:400989270,ncaab,2017-12-14T02:00Z,final,2641,338,Texas Tech,Kennesaw St,82,53,,,,0,,,,,,,,,,2,,0,Lubbock,TX,1,976,,,,-6.0,"42,40","19,34",,,,,,,,
ncaab:400989345,ncaab,2017-12-14T02:00Z,final,2458,2172,N Colorado,Denver,83,63,,,,0,,,,,,,,,,2,,0,Greeley,CO,1,1425,,,,-7.0,"45,38","22,41",,,,,,,,
ncaab:400990629,ncaab,2017-12-14T02:00Z,final,68,2253,Boise St,Grand Canyon,85,80,,,,0,,,,,,,,,,2,,0,Boise,ID,1,823,,,,-7.0,"30,33,6,16","36,27,6,11",,,,,,,,
ncaab:400988265,ncaab,2017-12-14T03:00Z,final,2483,2502,Oregon,Portland St,95,84,,,,0,,,,,,,,,,2,,0,Eugene,OR,1,131,,,,-8.0,"50,45","39,45",,,,,,,,
ncaab:400990630,ncaab,2017-12-14T03:00Z,final,2547,2606,Seattle U,Saint Martin's,88,72,,,,0,,,,,,,,,,2,,0,Seattle,WA,1,56,,,,-8.0,"44,44","48,24",,,,,,,,
ncaab:400991747,ncaab,2017-12-14T03:00Z,final,278,2029,Fresno St,AR-Pine Bluff,78,52,,,,0,,,,,,,,,,2,,0,Fresno,CA,1,94,,,,-8.0,"38,40","25,27",,,,,,,,
ncaab:400992567,ncaab,2017-12-14T17:30Z,final,242,244,Rice,St Edward's,91,86,,,,0,,,,,,,,,,2,,0,Houston,TX,1,12,,,,-6.0,"50,41","36,50",,,,,,,,
ncaab:400992767,ncaab,2017-12-14T23:00Z,final,47,408,Howard,Wsh Advent,76,65,,,,0,,,,,,,,,,2,,0,Washington,DC,1,7,,,,-5.0,"36,40","38,27",,,,,,,,
ncaab:400988010,ncaab,2017-12-15T00:00Z,final,58,2065,South Florida,Bethune,83,63,,,,0,,,,,,,,,,2,,0,Tampa,FL,1,1,,,,-5.0,"36,47","35,28",,,,,,,,
ncaab:400988716,ncaab,2017-12-15T00:00Z,final,2678,2576,VMI,S Wesleyan,90,52,,,,0,,,,,,,,,,2,,0,Lexington,VA,1,324,,,,-5.0,"51,39","23,29",,,,,,,,
ncaab:400988717,ncaab,2017-12-15T00:00Z,final,231,2410,Furman,Montreat,103,47,,,,0,,,,,,,,,,2,,0,Greenville,SC,1,307,,,,-5.0,"49,54","23,24",,,,,,,,
ncaab:400988718,ncaab,2017-12-15T00:00Z,final,2097,2643,Campbell,The Citadel,87,77,,,,0,,,,,,,,,,2,,0,Buies Creek,NC,1,63,,,,-5.0,"42,45","26,51",,,,,,,,
ncaab:400988969,ncaab,2017-12-15T00:00Z,final,2428,2377,NC Central,McNeese,77,71,,,,0,,,,,,,,,,2,,0,Durham,NC,1,123,,,,-5.0,"42,35","32,39",,,,,,,,
ncaab:400992372,ncaab,2017-12-15T00:00Z,final,2506,2648,Presbyterian,Toccoa Falls,104,35,,,,0,,,,,,,,,,2,,0,Clinton,SC,1,76,,,,-5.0,"57,47","24,11",,,,,,,,
ncaab:400992793,ncaab,2017-12-15T00:00Z,final,2450,108806,Norfolk St,Mid Atl Chrstn,112,34,,,,0,,,,,,,,,,2,,0,Norfolk,VA,1,2,,,,-5.0,"60,52","15,19",,,,,,,,
ncaab:400991911,ncaab,2017-12-15T00:30Z,final,288,3244,Lipscomb,Florida Col,100,68,,,,0,,,,,,,,,,2,,0,Nashville,TN,1,170,,,,-6.0,"44,56","36,32",,,,,,,,
ncaab:400992753,ncaab,2017-12-15T00:30Z,final,2582,50,Southern,Florida A&M,68,50,,,,0,,,,,,,,,,2,,0,Baton Rouge,LA,1,14,,,,-6.0,"25,43","31,19",,,,,,,,
ncaab:400986433,ncaab,2017-12-15T01:00Z,final,77,2674,Northwestern,Valparaiso,84,50,,,,0,,,,,,,,,,2,,0,Rosemont,IL,1,194,,,,-6.0,"43,41","26,24",,,,,,,,
ncaab:400988011,ncaab,2017-12-15T01:00Z,final,202,2504,Tulsa,Prairie View,77,73,,,,0,,,,,,,,,,2,,0,Tulsa,OK,1,220,,,,-6.0,"34,43","24,49",,,,,,,,
ncaab:400988968,ncaab,2017-12-15T01:00Z,final,2545,2573,SE Louisiana,Southern NO,106,77,,,,0,,,,,,,,,,2,,0,Hammond,LA,1,13,,,,-6.0,"52,54","32,45",,,,,,,,
ncaab:400989130,ncaab,2017-12-15T01:30Z,final,239,2640,Baylor,Texas Southern,99,68,,,,0,,,,,,,,,,2,,0,Waco,TX,1,143,,,,-6.0,"43,56","32,36",,,,,,,,
ncaab:400990631,ncaab,2017-12-15T02:00Z,final,3084,3246,Utah Valley,Bethesda,106,44,,,,0,,,,,,,,,,2,,0,Orem,UT,1,1455,,,,-7.0,"45,61","23,21",,,,,,,,
ncaab:400989346,ncaab,2017-12-15T02:30Z,final,2464,233,N Arizona,South Dakota,77,90,,,,0,,,,,,,,,,2,,0,Flagstaff,AZ,1,2104,,,,-7.0,"23,54","38,52",,,,,,,,
ncaab:400987090,ncaab,2017-12-15T03:00Z,final,30,2541,USC,Santa Clara,82,59,,,,0,,,,,,,,,,2,,0,Los Angeles,CA,1,89,,,,-8.0,"37,45","22,37",,,,,,,,
ncaab:400990932,ncaab,2017-12-16T00:00Z,final,2448,2634,NC A&T,Tennessee St,64,54,,,,0,,,,,,,,,,2,,0,Greensboro,NC,1,266,,,,-5.0,"27,37","24,30",,,,,,,,
ncaab:400988970,ncaab,2017-12-16T00:30Z,final,2534,2031,Sam Houston,Little Rock,57,55,,,,0,,,,,,,,,,2,,0,Huntsville,TX,1,113,,,,-6.0,"26,31","30,25",,,,,,,,
ncaab:400990765,ncaab,2017-12-16T00:30Z,final,116,2689,Mount St Marys,Wash Coll (MD),89,67,,,,0,,,,,,,,,,2,,0,Emmitsburg,MD,1,133,,,,-5.0,"41,48","32,35",,,,,,,,
ncaab:400992198,ncaab,2017-12-16T00:30Z,final,2127,2198,Charleston So,E Kentucky,65,70,,,,0,,,,,,,,,,2,,0,Charleston,SC,1,6,,,,-5.0,"36,29","43,27",,,,,,,,
ncaab:400988266,ncaab,2017-12-16T01:00Z,final,38,2571,Colorado,S Dakota St,112,103,,,,0,,,,,,,,,,2,,0,Boulder,CO,1,1624,,,,-7.0,"43,43,8,18","36,50,8,9",,,,,,,,
ncaab:400988527,ncaab,2017-12-16T01:00Z,final,156,2379,Creighton,MD Eastern,87,36,,,,0,,,,,,,,,,2,,0,Omaha,NE,1,323,,,,-6.0,"45,42","17,19",,,,,,,,
ncaab:400988719,ncaab,2017-12-16T01:00Z,final,2535,7639,Samford,Thomas,98,51,,,,0,,,,,,,,,,2,,0,Homewood,AL,1,203,,,,-6.0,"54,44","29,22",,,,,,,,
ncaab:400988971,ncaab,2017-12-16T01:00Z,final,2277,111162,Hou Christian,Barclay,100,65,,,,0,,,,,,,,,,2,,0,Houston,TX,1,12,,,,-6.0,"46,54","30,35",,,,,,,,
ncaab:400988972,ncaab,2017-12-16T01:00Z,final,357,2610,Texas A&M-CC,St Mary's (TX),71,55,,,,0,,,,,,,,,,2,,0,Corpus Christi,TX,1,2,,,,-6.0,"31,40","21,34",,,,,,,,
ncaab:400991643,ncaab,2017-12-16T01:00Z,final,82,159,UIC,Dartmouth,76,60,,,,0,,,,,,,,,,2,,0,Chicago,IL,1,179,,,,-6.0,"31,45","28,32",,,,,,,,
ncaab:400988267,ncaab,2017-12-16T03:00Z,final,24,2172,Stanford,Denver,75,62,,,,0,,,,,,,,,,2,,0,Stanford,CA,1,23,,,,-8.0,"37,38","28,34",,,,,,,,
ncaab:400991826,ncaab,2017-12-16T03:00Z,final,70,2829,Idaho,Simon Fraser,73,54,,,,0,,,,,,,,,,2,,0,Moscow,ID,1,786,,,,-8.0,"30,43","33,21",,,,,,,,
ncaab:400992509,ncaab,2017-12-16T04:00Z,final,2539,302,San Francisco,UC Davis,74,61,,,,0,,,,,,,,,,2,,0,San Francisco,CA,1,16,,,,-8.0,"38,36","28,33",,,,,,,,
ncaab:400986139,ncaab,2017-12-16T17:00Z,final,235,97,Memphis,Louisville,72,81,,,,1,,,,,,,,,,2,,0,New York,NY,1,10,,,,-5.0,"38,34","38,43",,,,,,,,
ncaab:400986145,ncaab,2017-12-16T17:00Z,final,152,2430,NC State,UNC Greensboro,76,81,,,,0,,,,,,,,,,2,,0,Raleigh,NC,1,96,,,,-5.0,"40,36","38,43",,,,,,,,
ncaab:400986437,ncaab,2017-12-16T17:00Z,final,2174,130,Detroit Mercy,Michigan,58,90,,,,1,,,,,,,,,,2,,0,Detroit,MI,1,183,,,,-5.0,"19,39","54,36",,,,,,,,
ncaab:400986441,ncaab,2017-12-16T17:00Z,final,2086,2509,Butler,Purdue,67,82,,,,1,,,,,,,,,,2,,0,Indianapolis,IN,1,218,,,,-5.0,"19,48","35,47",,,,,,,,
ncaab:400986442,ncaab,2017-12-16T17:00Z,final,164,2550,Rutgers,Seton Hall,71,65,,,,0,,,,,,,,,,2,,0,Piscataway,NJ,1,30,,,,-5.0,"32,39","42,23",,,,,,,,
ncaab:400986703,ncaab,2017-12-16T17:00Z,final,45,2390,G Washington,Miami,50,59,,,,0,,,,,,,,,,2,,0,Washington,DC,1,7,,,,-5.0,"15,35","32,27",,,,,,,,
ncaab:400989656,ncaab,2017-12-16T17:00Z,final,98,282,Western KY,Indiana St,81,65,,,,0,,,,,,,,,,2,,0,Bowling Green,KY,1,161,,,,-6.0,"43,38","28,37",,,,,,,,
ncaab:400986140,ncaab,2017-12-16T17:30Z,final,46,183,Georgetown,Syracuse,79,86,,,,0,,,,,,,,,,2,,0,Washington,DC,1,7,,,,-5.0,"28,41,10","24,45,17",,,,,,,,
ncaab:400987248,ncaab,2017-12-16T18:00Z,final,99,2617,LSU,SF Austin,82,83,,,,0,,,,,,,,,,2,,0,Baton Rouge,LA,1,14,,,,-6.0,"47,35","48,35",,,,,,,,
ncaab:400988720,ncaab,2017-12-16T18:00Z,final,2643,3179,The Citadel,Point,110,66,,,,0,,,,,,,,,,2,,0,Charleston,SC,1,6,,,,-5.0,"54,56","30,36",,,,,,,,
ncaab:400992346,ncaab,2017-12-16T18:00Z,final,2335,3077,Liberty,KCU,96,40,,,,0,,,,,,,,,,2,,0,Lynchburg,VA,1,192,,,,-5.0,"51,45","21,19",,,,,,,,
ncaab:400986141,ncaab,2017-12-16T19:00Z,final,96,259,Kentucky,Virginia Tech,93,86,,,,0,,,,,,,,,,2,,0,Lexington,KY,1,295,,,,-5.0,"41,52","47,39",,,,,,,,
ncaab:400986142,ncaab,2017-12-16T19:00Z,final,52,197,Florida St,Oklahoma St,70,71,,,,1,,,,,,,,,,2,,0,Sunrise,FL,1,1,,,,-5.0,"38,32","34,37",,,,,,,,
ncaab:400986144,ncaab,2017-12-16T19:00Z,final,258,2166,Virginia,Davidson,80,60,,,,0,,,,,,,,,,2,,0,Charlottesville,VA,1,142,,,,-5.0,"37,43","29,31",,,,,,,,
ncaab:400986434,ncaab,2017-12-16T19:00Z,final,305,77,DePaul,Northwestern,60,62,,,,0,,,,,,,,,,2,,0,Chicago,IL,1,179,,,,-6.0,"33,27","28,34",,,,,,,,
ncaab:400986436,ncaab,2017-12-16T19:00Z,final,2181,2294,Drake,Iowa,64,90,,,,1,,,,,,,,,,2,,0,Des Moines,IA,1,266,,,,-6.0,"33,31","40,50",,,,,,,,
ncaab:400986438,ncaab,2017-12-16T19:00Z,final,2473,127,Oakland,Michigan St,73,86,,,,1,,,,,,,,,,2,,0,Detroit,MI,1,183,,,,-5.0,"33,40","38,48",,,,,,,,
ncaab:400986691,ncaab,2017-12-16T19:00Z,final,221,2377,Pitt,McNeese,72,51,,,,0,,,,,,,,,,2,,0,Pittsburgh,PA,1,233,,,,-5.0,"24,48","19,32",,,,,,,,
ncaab:400988528,ncaab,2017-12-16T19:00Z,final,2752,2193,Xavier,ETSU,68,66,,,,0,,,,,,,,,,2,,0,Cincinnati,OH,1,191,,,,-5.0,"27,41","39,27",,,,,,,,
ncaab:400989260,ncaab,2017-12-16T19:00Z,final,251,2348,Texas,Louisiana Tech,75,60,,,,0,,,,,,,,,,2,,0,Austin,TX,1,149,,,,-6.0,"38,37","26,34",,,,,,,,
ncaab:400989347,ncaab,2017-12-16T19:00Z,final,2870,56,Purdue FW,Stetson,88,84,,,,0,,,,,,,,,,2,,0,Fort Wayne,IN,1,247,,,,-5.0,"40,48","47,37",,,,,,,,
ncaab:400989657,ncaab,2017-12-16T19:00Z,final,270,2350,Milwaukee,Loyola Chicago,73,56,,,,0,,,,,,,,,,2,,0,Milwaukee,WI,1,188,,,,-6.0,"42,31","25,31",,,,,,,,
ncaab:400990166,ncaab,2017-12-16T19:00Z,final,2084,2523,Buffalo,Robert Morris,86,70,,,,0,,,,,,,,,,2,,0,Buffalo,NY,1,183,,,,-5.0,"46,40","30,40",,,,,,,,
ncaab:400990167,ncaab,2017-12-16T19:00Z,final,2649,2750,Toledo,Wright St,69,77,,,,0,,,,,,,,,,2,,0,Toledo,OH,1,186,,,,-5.0,"34,35","33,44",,,,,,,,
ncaab:400990168,ncaab,2017-12-16T19:00Z,final,2006,2400,Akron,Miss Valley St,81,63,,,,0,,,,,,,,,,2,,0,Akron,OH,1,291,,,,-5.0,"42,39","25,38",,,,,,,,
ncaab:400991628,ncaab,2017-12-16T19:00Z,final,2344,172,Longwood,Cornell,62,69,,,,0,,,,,,,,,,2,,0,Farmville,VA,1,90,,,,-5.0,"30,32","37,32",,,,,,,,
ncaab:400992397,ncaab,2017-12-16T19:00Z,final,2011,2737,Alabama St,Winthrop,80,88,,,,0,,,,,,,,,,2,,0,Montgomery,AL,1,73,,,,-6.0,"35,45","31,57",,,,,,,,
ncaab:401000240,ncaab,2017-12-16T19:00Z,final,324,2410,Coastal,Montreat,83,70,,,,0,,,,,,,,,,2,,0,Conway,SC,1,10,,,,-5.0,"37,46","29,41",,,,,,,,
ncaab:400986146,ncaab,2017-12-16T19:30Z,final,87,84,Notre Dame,Indiana,77,80,,,,1,,,,,,,,,,2,,0,Indianapolis,IN,1,218,,,,-5.0,"31,34,12","25,40,15",,,,,,,,
ncaab:400990171,ncaab,2017-12-16T19:30Z,final,253,2117,Southern Utah,C Michigan,86,80,,,,0,,,,,,,,,,2,,0,Cedar City,UT,1,1782,,,,-7.0,"42,44","40,40",,,,,,,,
ncaab:400986961,ncaab,2017-12-16T20:00Z,final,2057,2492,Belmont,Pepperdine,79,62,,,,0,,,,,,,,,,2,,0,Nashville,TN,1,170,,,,-6.0,"37,42","26,36",,,,,,,,
ncaab:400987249,ncaab,2017-12-16T20:00Z,final,113,61,UMass,Georgia,72,62,,,,0,,,,,,,,,,2,,0,Amherst,MA,1,82,,,,-5.0,"43,29","24,38",,,,,,,,
ncaab:400988975,ncaab,2017-12-16T20:00Z,final,2545,2755,SE Louisiana,Grambling,67,68,,,,0,,,,,,,,,,2,,0,Hammond,LA,1,13,,,,-6.0,"46,21","27,41",,,,,,,,
ncaab:400991549,ncaab,2017-12-16T20:00Z,final,160,551,New Hampshire,VTSU Lyndon,111,31,,,,0,,,,,,,,,,2,,0,Durham,NH,1,15,,,,-5.0,"63,48","17,14",,,,,,,,
ncaab:400989658,ncaab,2017-12-16T20:05Z,final,2130,71,Chicago St,Bradley,58,84,,,,0,,,,,,,,,,2,,0,Chicago,IL,1,179,,,,-6.0,"30,28","48,36",,,,,,,,
ncaab:400992568,ncaab,2017-12-16T20:15Z,final,5,2010,UAB,Alabama A&M,90,58,,,,0,,,,,,,,,,2,,0,Birmingham,AL,1,187,,,,-6.0,"46,44","22,36",,,,,,,,
ncaab:400987247,ncaab,2017-12-16T20:30Z,final,145,2287,Ole Miss,Illinois St,97,101,,,,0,,,,,,,,,,2,,0,Oxford,MS,1,154,,,,-6.0,"33,54,10","43,44,14",,,,,,,,
ncaab:400988012,ncaab,2017-12-16T20:30Z,final,26,2132,UCLA,Cincinnati,63,77,,,,0,,,,,,,,,,2,,0,Los Angeles,CA,1,89,,,,-8.0,"23,40","36,41",,,,,,,,
ncaab:400988013,ncaab,2017-12-16T21:00Z,final,2724,201,Wichita St,Oklahoma,83,91,,,,0,,,,,,,,,,2,,0,Wichita,KS,1,396,,,,-6.0,"39,44","54,37",,,,,,,,
ncaab:400988268,ncaab,2017-12-16T21:00Z,final,25,2239,California,Fullerton,95,89,,,,0,,,,,,,,,,2,,0,Berkeley,CA,1,52,,,,-8.0,"46,34,15","37,43,9",,,,,,,,
ncaab:400988973,ncaab,2017-12-16T21:00Z,final,2916,140,Incarnate Word,Kansas City,77,73,,,,0,,,,,,,,,,2,,0,San Antonio,TX,1,198,,,,-6.0,"35,42","35,38",,,,,,,,
ncaab:400989655,ncaab,2017-12-16T21:00Z,final,339,2046,Evansville,Austin Peay,78,74,,,,0,,,,,,,,,,2,,0,Evansville,IN,1,118,,,,-6.0,"36,28,14","33,31,10",,,,,,,,
ncaab:400989938,ncaab,2017-12-16T21:00Z,final,179,261,St Bonaventure,Vermont,81,79,,,,1,,,,,,,,,,2,,0,Rochester,NY,1,154,,,,-5.0,"39,42","35,44",,,,,,,,
ncaab:400990092,ncaab,2017-12-16T21:00Z,final,227,232,Rhode Island,Charleston,68,62,,,,0,,,,,,,,,,2,,0,Kingston,RI,1,75,,,,-5.0,"30,38","27,35",,,,,,,,
ncaab:400990766,ncaab,2017-12-16T21:00Z,final,2885,161,NJIT,FDU,71,68,,,,0,,,,,,,,,,2,,0,Newark,NJ,1,9,,,,-5.0,"32,39","29,39",,,,,,,,
ncaab:400990767,ncaab,2017-12-16T21:00Z,final,2597,2951,St Francis BK,SUNY Maritime,88,67,,,,0,,,,,,,,,,2,,0,Brooklyn,NY,1,15,,,,-5.0,"56,32","29,38",,,,,,,,
ncaab:400990768,ncaab,2017-12-16T21:00Z,final,2520,2681,Rider,Wagner,90,84,,,,0,,,,,,,,,,2,,0,Lawrenceville,NJ,1,37,,,,-5.0,"36,35,19","27,44,13",,,,,,,,
ncaab:400990933,ncaab,2017-12-16T21:00Z,final,55,2908,Jax State,SC Upstate,77,61,,,,0,,,,,,,,,,2,,0,Jacksonville,AL,1,216,,,,-6.0,"35,42","30,31",,,,,,,,
ncaab:400991102,ncaab,2017-12-16T21:00Z,final,2450,315,Norfolk St,Niagara,82,85,,,,0,,,,,,,,,,2,,0,Norfolk,VA,1,2,,,,-5.0,"51,31","40,45",,,,,,,,
ncaab:400991259,ncaab,2017-12-16T21:00Z,final,2502,203,Portland St,Linfield,116,71,,,,0,,,,,,,,,,2,,0,Portland,OR,1,12,,,,-8.0,"47,69","30,41",,,,,,,,
ncaab:400991882,ncaab,2017-12-16T21:00Z,final,2569,294,SC State,Jacksonville,83,74,,,,0,,,,,,,,,,2,,0,Orangeburg,SC,1,74,,,,-5.0,"38,45","33,41",,,,,,,,
ncaab:400990405,ncaab,2017-12-16T21:05Z,final,6,2197,South Alabama,E Illinois,63,52,,,,0,,,,,,,,,,2,,0,Mobile,AL,1,3,,,,-6.0,"29,34","23,29",,,,,,,,
ncaab:400986143,ncaab,2017-12-16T21:30Z,final,57,228,Florida,Clemson,69,71,,,,1,,,,,,,,,,2,,0,Sunrise,FL,1,1,,,,-5.0,"40,29","33,38",,,,,,,,
ncaab:400989156,ncaab,2017-12-16T21:30Z,final,2460,66,Northern Iowa,Iowa State,65,76,,,,1,,,,,,,,,,2,,0,Des Moines,IA,1,266,,,,-6.0,"33,32","30,46",,,,,,,,
ncaab:400988014,ncaab,2017-12-16T22:00Z,final,218,2182,Temple,Drexel,63,60,,,,0,,,,,,,,,,2,,0,Philadelphia,PA,1,12,,,,-5.0,"38,25","29,31",,,,,,,,
ncaab:400990406,ncaab,2017-12-16T22:00Z,final,2934,290,Bakersfield,GA Southern,55,53,,,,0,,,,,,,,,,2,,0,Bakersfield,CA,1,123,,,,-8.0,"27,28","28,25",,,,,,,,
ncaab:400992569,ncaab,2017-12-16T22:00Z,final,2572,2730,Southern Miss,William Carey,75,58,,,,0,,,,,,,,,,2,,0,Hattiesburg,MS,1,52,,,,-6.0,"28,47","26,32",,,,,,,,
ncaab:400986440,ncaab,2017-12-16T23:00Z,final,194,2026,Ohio State,App State,80,67,,,,0,,,,,,,,,,2,,0,Columbus,OH,1,235,,,,-5.0,"40,40","27,40",,,,,,,,
ncaab:400987251,ncaab,2017-12-16T23:00Z,final,2,2393,Auburn,MTSU,76,70,,,,1,,,,,,,,,,2,,0,Birmingham,AL,1,187,,,,-6.0,"42,34","25,45",,,,,,,,
ncaab:400988269,ncaab,2017-12-16T23:00Z,final,278,2483,Fresno St,Oregon,61,68,,,,0,,,,,,,,,,2,,0,Fresno,CA,1,94,,,,-8.0,"38,23","28,40",,,,,,,,
ncaab:400988270,ncaab,2017-12-16T23:00Z,final,265,85,Washington St,IU Indy,72,59,,,,0,,,,,,,,,,2,,0,Pullman,WA,1,717,,,,-8.0,"36,36","30,29",,,,,,,,
ncaab:400989921,ncaab,2017-12-16T23:00Z,final,2670,2083,VCU,Bucknell,85,79,,,,0,,,,,,,,,,2,,0,Richmond,VA,1,64,,,,-5.0,"46,39","36,43",,,,,,,,
ncaab:400988974,ncaab,2017-12-16T23:45Z,final,2466,2353,N'Western St,LSU Shreveport,84,85,,,,1,,,,,,,,,,2,,0,Shreveport,LA,1,44,,,,-6.0,"43,41","36,49",,,,,,,,
ncaab:400988015,ncaab,2017-12-17T00:00Z,final,202,2363,Tulsa,Manhattan,80,66,,,,0,,,,,,,,,,2,,0,Tulsa,OK,1,220,,,,-6.0,"46,34","28,38",,,,,,,,
ncaab:400988977,ncaab,2017-12-17T00:00Z,final,2447,510,Nicholls,Culver Stock,92,51,,,,0,,,,,,,,,,2,,0,Thibodaux,LA,1,4,,,,-6.0,"52,40","14,37",,,,,,,,
ncaab:400989816,ncaab,2017-12-17T00:00Z,final,2168,2247,Dayton,Georgia St,88,83,,,,0,,,,,,,,,,2,,0,Dayton,OH,1,225,,,,-5.0,"40,35,13","36,39,8",,,,,,,,
ncaab:400989996,ncaab,2017-12-17T00:00Z,final,399,2099,UAlbany,Canisius,68,65,,,,0,,,,,,,,,,2,,0,Albany,NY,1,45,,,,-5.0,"34,34","35,30",,,,,,,,
ncaab:400990169,ncaab,2017-12-17T00:00Z,final,299,2199,Long Beach St,E Michigan,80,85,,,,0,,,,,,,,,,2,,0,Long Beach,CA,1,9,,,,-8.0,"37,43","38,47",,,,,,,,
ncaab:400990407,ncaab,2017-12-17T00:00Z,final,2226,2032,FAU,Arkansas St,63,64,,,,0,,,,,,,,,,2,,0,Boca Raton,FL,1,4,,,,-5.0,"29,34","29,35",,,,,,,,
ncaab:400991898,ncaab,2017-12-17T00:00Z,final,338,2065,Kennesaw St,Bethune,81,74,,,,0,,,,,,,,,,2,,0,Kennesaw,GA,1,332,,,,-5.0,"33,48","30,44",,,,,,,,
ncaab:400992123,ncaab,2017-12-17T00:00Z,final,2739,2742,Green Bay,Parkside,86,50,,,,0,,,,,,,,,,2,,0,Ashwaubenon,WI,1,185,,,,-6.0,"52,34","20,30",,,,,,,,
ncaab:400991469,ncaab,2017-12-17T00:30Z,final,2229,256,FIU,James Madison,67,76,,,,0,,,,,,,,,,2,,0,Miami Shores,FL,1,2,,,,-5.0,"29,38","35,41",,,,,,,,
ncaab:400986435,ncaab,2017-12-17T01:00Z,final,356,166,Illinois,New Mexico St,69,74,,,,1,,,,,,,,,,2,,0,Chicago,IL,1,179,,,,-6.0,"26,43","38,36",,,,,,,,
ncaab:400986439,ncaab,2017-12-17T01:00Z,final,158,2305,Nebraska,Kansas,72,73,,,,0,,,,,,,,,,2,,0,Lincoln,NE,1,367,,,,-6.0,"33,39","36,37",,,,,,,,
ncaab:400986884,ncaab,2017-12-17T01:00Z,final,2250,155,Gonzaga,North Dakota,89,83,,,,0,,,,,,,,,,2,,0,Spokane,WA,1,571,,,,-8.0,"30,39,20","34,35,14",,,,,,,,
ncaab:400987246,ncaab,2017-12-17T01:00Z,final,344,2630,Mississippi St,UT Martin,92,61,,,,0,,,,,,,,,,2,,0,Starkville,MS,1,101,,,,-6.0,"39,53","33,28",,,,,,,,
ncaab:400987250,ncaab,2017-12-17T01:00Z,final,8,2653,Arkansas,Troy,88,63,,,,1,,,,,,,,,,2,,0,North Little Rock,AR,1,81,,,,-6.0,"45,43","25,38",,,,,,,,
ncaab:400988271,ncaab,2017-12-17T01:00Z,final,167,12,New Mexico,Arizona,73,89,,,,0,,,,,,,,,,2,,0,Albuquerque,NM,1,1511,,,,-7.0,"33,40","49,40",,,,,,,,
ncaab:400988976,ncaab,2017-12-17T01:00Z,final,309,2443,Louisiana,LSU N Orleans,87,65,,,,0,,,,,,,,,,2,,0,Lafayette,LA,1,11,,,,-6.0,"42,45","35,30",,,,,,,,
ncaab:400989200,ncaab,2017-12-17T01:00Z,final,2306,2546,Kansas St,SE Missouri,89,71,,,,0,,,,,,,,,,2,,0,Manhattan,KS,1,311,,,,-6.0,"53,36","39,32",,,,,,,,
ncaab:400989271,ncaab,2017-12-17T01:00Z,final,2641,242,Texas Tech,Rice,73,53,,,,0,,,,,,,,,,2,,0,Lubbock,TX,1,976,,,,-6.0,"29,44","25,28",,,,,,,,
ncaab:400990170,ncaab,2017-12-17T01:00Z,final,276,195,Marshall,Ohio,99,96,,,,0,,,,,,,,,,2,,0,Huntington,WV,1,173,,,,-5.0,"46,44,9","37,53,6",,,,,,,,
ncaab:400990408,ncaab,2017-12-17T01:00Z,final,292,250,UT Rio Grande,UT Arlington,65,86,,,,0,,,,,,,,,,2,,0,Edinburg,TX,1,30,,,,-6.0,"29,36","39,47",,,,,,,,
ncaab:400990934,ncaab,2017-12-17T01:00Z,final,93,2368,Murray St,Marist,100,63,,,,0,,,,,,,,,,2,,0,Murray,KY,1,163,,,,-6.0,"52,48","32,31",,,,,,,,
ncaab:400992521,ncaab,2017-12-17T01:00Z,final,2608,300,Saint Mary's,UC Irvine,73,66,,,,0,,,,,,,,,,2,,0,Moraga,CA,1,152,,,,-8.0,"32,41","28,38",,,,,,,,
ncaab:400992570,ncaab,2017-12-17T01:00Z,final,2636,492,UTSA,Bethany (KS),95,67,,,,0,,,,,,,,,,2,,0,San Antonio,TX,1,198,,,,-6.0,"49,46","28,39",,,,,,,,
ncaab:400989348,ncaab,2017-12-17T01:15Z,final,526,198,FGCU,Oral Roberts,64,83,,,,0,,,,,,,,,,2,,0,Fort Myers,FL,1,3,,,,-5.0,"35,29","42,41",,,,,,,,
ncaab:400987245,ncaab,2017-12-17T01:30Z,final,142,2454,Missouri,North Florida,85,51,,,,0,,,,,,,,,,2,,0,Columbia,MO,1,215,,,,-6.0,"46,39","19,32",,,,,,,,
ncaab:400991260,ncaab,2017-12-17T02:00Z,final,2692,2029,Weber St,AR-Pine Bluff,96,74,,,,0,,,,,,,,,,2,,0,Ogden,UT,1,1311,,,,-7.0,"44,52","33,41",,,,,,,,
ncaab:400991820,ncaab,2017-12-17T02:00Z,final,328,109670,Utah State,Life Pacific,96,62,,,,0,,,,,,,,,,2,,0,Logan,UT,1,1382,,,,-7.0,"40,56","35,27",,,,,,,,
ncaab:400986938,ncaab,2017-12-17T03:00Z,final,279,2439,Pacific,UNLV,76,81,,,,0,,,,,,,,,,2,,0,Stockton,CA,1,4,,,,-8.0,"31,45","45,36",,,,,,,,
ncaab:400986979,ncaab,2017-12-17T03:00Z,final,2547,2501,Seattle U,Portland,89,76,,,,0,,,,,,,,,,2,,0,Seattle,WA,1,56,,,,-8.0,"38,51","42,34",,,,,,,,
ncaab:400991672,ncaab,2017-12-17T03:00Z,final,13,163,Cal Poly,Princeton,60,80,,,,0,,,,,,,,,,2,,0,San Luis Obispo,CA,1,71,,,,-8.0,"18,42","35,45",,,,,,,,
ncaab:400991825,ncaab,2017-12-17T03:00Z,final,2751,2640,Wyoming,Texas Southern,72,66,,,,0,,,,,,,,,,2,,0,Laramie,WY,1,2184,,,,-7.0,"30,42","35,31",,,,,,,,
ncaab:400987000,ncaab,2017-12-17T03:30Z,final,301,249,San Diego,North Texas,83,86,,,,0,,,,,,,,,,2,,0,San Diego,CA,1,20,,,,-8.0,"35,42,6","37,40,9",,,,,,,,
ncaab:400988272,ncaab,2017-12-17T03:30Z,final,204,139,Oregon St,Saint Louis,63,60,,,,0,,,,,,,,,,2,,0,Portland,OR,1,12,,,,-8.0,"26,37","29,31",,,,,,,,
ncaab:400986856,ncaab,2017-12-17T04:00Z,final,252,254,BYU,Utah,77,65,,,,0,,,,,,,,,,2,,0,Provo,UT,1,1387,,,,-7.0,"37,40","28,37",,,,,,,,
ncaab:400990770,ncaab,2017-12-17T17:00Z,final,112358,2612,Long Island,Saint Peter's,56,71,,,,0,,,,,,,,,,2,,0,Brooklyn,NY,1,15,,,,-5.0,"28,28","29,42",,,,,,,,
ncaab:400991585,ncaab,2017-12-17T17:00Z,final,2378,94,UMBC,N Kentucky,76,75,,,,0,,,,,,,,,,2,,0,Baltimore,MD,1,10,,,,-5.0,"43,33","43,32",,,,,,,,
ncaab:400989842,ncaab,2017-12-17T17:30Z,final,2184,2448,Duquesne,NC A&T,74,58,,,,0,,,,,,,,,,2,,0,Pittsburgh,PA,1,233,,,,-5.0,"34,40","24,34",,,,,,,,
ncaab:400986148,ncaab,2017-12-17T18:00Z,final,103,2115,Boston College,C Connecticut,84,65,,,,0,,,,,,,,,,2,,0,Chestnut Hill,MA,1,60,,,,-5.0,"43,41","36,29",,,,,,,,
ncaab:400990022,ncaab,2017-12-17T18:00Z,final,2529,2066,Sacred Heart,Binghamton,48,51,,,,0,,,,,,,,,,2,,0,Fairfield,CT,1,4,,,,-8.0,"33,15","23,28",,,,,,,,
ncaab:400990769,ncaab,2017-12-17T18:00Z,final,2803,2561,Bryant,Siena,68,87,,,,0,,,,,,,,,,2,,0,Smithfield,RI,1,84,,,,-5.0,"36,32","46,41",,,,,,,,
ncaab:400991103,ncaab,2017-12-17T18:00Z,final,2217,295,Fairfield,Old Dominion,77,82,,,,0,,,,,,,,,,2,,0,Fairfield,CT,1,4,,,,-8.0,"24,41,12","26,39,17",,,,,,,,
ncaab:400991437,ncaab,2017-12-17T18:00Z,final,104,2210,Boston U,Elon,69,77,,,,0,,,,,,,,,,2,,0,Boston,MA,1,14,,,,-5.0,"40,29","42,35",,,,,,,,
ncaab:400991686,ncaab,2017-12-17T18:30Z,final,349,2005,Army,Air Force,79,54,,,,1,,,,,,,,,,2,,0,New York,NY,1,10,,,,-5.0,"40,39","31,23",,,,,,,,
ncaab:400987252,ncaab,2017-12-17T19:00Z,final,9,238,Arizona St,Vanderbilt,76,64,,,,0,,,,,,,,,,2,,0,Tempe,AZ,1,360,,,,-7.0,"30,46","29,35",,,,,,,,
ncaab:400988721,ncaab,2017-12-17T19:00Z,final,2272,2747,High Point,Wofford,57,70,,,,1,,,,,,,,,,2,,0,Asheville,NC,1,649,,,,-5.0,"26,31","34,36",,,,,,,,
ncaab:400988724,ncaab,2017-12-17T19:00Z,final,350,231,UNC Wilmington,Furman,84,90,,,,0,,,,,,,,,,2,,0,Wilmington,NC,1,9,,,,-5.0,"44,40","47,43",,,,,,,,
ncaab:400988978,ncaab,2017-12-17T19:00Z,final,288,2000,Lipscomb,Abilene Chrstn,67,65,,,,0,,,,,,,,,,2,,0,Nashville,TN,1,170,,,,-6.0,"32,35","24,41",,,,,,,,
ncaab:400988979,ncaab,2017-12-17T19:00Z,final,2413,2110,Morehead St,C Arkansas,98,94,,,,0,,,,,,,,,,2,,0,Morehead,KY,1,153,,,,-6.0,"34,44,20","20,58,16",,,,,,,,
ncaab:400989350,ncaab,2017-12-17T19:00Z,final,2437,2155,Omaha,Cornell (IA),99,58,,,,0,,,,,,,,,,2,,0,Omaha,NE,1,323,,,,-6.0,"47,52","28,30",,,,,,,,
ncaab:400990172,ncaab,2017-12-17T19:00Z,final,193,2521,Miami OH,Rio Grande,109,70,,,,0,,,,,,,,,,2,,0,Oxford,OH,1,283,,,,-5.0,"54,55","25,45",,,,,,,,
ncaab:400991514,ncaab,2017-12-17T19:00Z,final,2729,2397,William & Mary,Milligan,126,69,,,,0,,,,,,,,,,2,,0,Williamsburg,VA,1,25,,,,-5.0,"58,68","34,35",,,,,,,,
ncaab:400992311,ncaab,2017-12-17T19:00Z,final,2261,2241,Hampton,Gardner-Webb,79,80,,,,0,,,,,,,,,,2,,0,Hampton,VA,1,1,,,,-5.0,"38,41","38,42",,,,,,,,
ncaab:400988529,ncaab,2017-12-17T19:30Z,final,2507,2619,Providence,Stony Brook,62,60,,,,0,,,,,,,,,,2,,0,Providence,RI,1,2,,,,-5.0,"29,33","31,29",,,,,,,,
ncaab:400986147,ncaab,2017-12-17T20:00Z,final,2633,153,Tennessee,North Carolina,73,78,,,,0,,,,,,,,,,2,,0,Knoxville,TN,1,276,,,,-5.0,"38,35","32,46",,,,,,,,
ncaab:400988723,ncaab,2017-12-17T20:00Z,final,2635,236,Tennessee Tech,Chattanooga,82,76,,,,0,,,,,,,,,,2,,0,Cookeville,TN,1,334,,,,-6.0,"36,46","31,45",,,,,,,,
ncaab:400989131,ncaab,2017-12-17T20:00Z,final,239,2542,Baylor,Savannah St,118,86,,,,0,,,,,,,,,,2,,0,Waco,TX,1,143,,,,-6.0,"61,57","37,49",,,,,,,,
ncaab:400992401,ncaab,2017-12-17T20:00Z,final,149,27,Montana,UC Riverside,77,61,,,,0,,,,,,,,,,2,,0,Missoula,MT,1,978,,,,-7.0,"33,44","21,40",,,,,,,,
ncaab:400986443,ncaab,2017-12-17T21:00Z,final,2244,213,George Mason,Penn State,54,72,,,,0,,,,,,,,,,2,,0,Fairfax,VA,1,131,,,,-5.0,"18,36","38,34",,,,,,,,
ncaab:400986629,ncaab,2017-12-17T21:00Z,final,59,50,Georgia Tech,Florida A&M,79,54,,,,0,,,,,,,,,,2,,0,Atlanta,GA,1,320,,,,-5.0,"35,44","22,32",,,,,,,,
ncaab:400988016,ncaab,2017-12-17T21:00Z,final,248,2504,Houston,Prairie View,92,72,,,,0,,,,,,,,,,2,,0,Houston,TX,1,12,,,,-6.0,"44,48","39,33",,,,,,,,
ncaab:400988980,ncaab,2017-12-17T21:00Z,final,79,2320,S Illinois,Lamar,71,61,,,,0,,,,,,,,,,2,,0,Carbondale,IL,1,126,,,,-6.0,"36,35","22,39",,,,,,,,
ncaab:400989659,ncaab,2017-12-17T21:00Z,final,339,111166,Evansville,Midway,79,52,,,,0,,,,,,,,,,2,,0,Evansville,IN,1,118,,,,-6.0,"38,41","33,19",,,,,,,,
ncaab:400991261,ncaab,2017-12-17T21:05Z,final,331,2463,E Washington,CSU Northridge,86,58,,,,0,,,,,,,,,,2,,0,Cheney,WA,1,717,,,,-8.0,"39,47","22,36",,,,,,,,
ncaab:400988530,ncaab,2017-12-17T21:30Z,final,2599,314,St John's,Iona,69,59,,,,0,,,,,,,,,,2,,0,New York,NY,1,10,,,,-5.0,"25,44","25,34",,,,,,,,
ncaab:400988722,ncaab,2017-12-17T21:30Z,final,2325,2382,La Salle,Mercer,95,85,,,,0,,,,,,,,,,2,,0,Philadelphia,PA,1,12,,,,-5.0,"49,46","29,56",,,,,,,,
ncaab:400988725,ncaab,2017-12-17T21:30Z,final,2427,2717,UNC Asheville,W Carolina,72,76,,,,0,,,,,,,,,,2,,0,Asheville,NC,1,649,,,,-5.0,"34,38","32,44",,,,,,,,
ncaab:400989967,ncaab,2017-12-17T21:30Z,final,2603,311,Saint Joseph's,Maine,72,59,,,,0,,,,,,,,,,2,,0,Philadelphia,PA,1,12,,,,-5.0,"30,42","27,32",,,,,,,,
ncaab:400990409,ncaab,2017-12-17T22:00Z,final,36,326,Colorado St,Texas St,66,58,,,,0,,,,,,,,,,2,,0,Fort Collins,CO,1,1525,,,,-7.0,"42,24","31,27",,,,,,,,
ncaab:400992214,ncaab,2017-12-17T22:30Z,final,2440,2515,Nevada,Radford,77,62,,,,0,,,,,,,,,,2,,0,Reno,NV,1,1373,,,,-8.0,"40,37","24,38",,,,,,,,
ncaab:400986911,ncaab,2017-12-17T23:00Z,final,264,2351,Washington,LMU,80,78,,,,0,,,,,,,,,,2,,0,Seattle,WA,1,56,,,,-8.0,"28,52","34,44",,,,,,,,
ncaab:400987055,ncaab,2017-12-17T23:00Z,final,24,2539,Stanford,San Francisco,71,59,,,,0,,,,,,,,,,2,,0,Stanford,CA,1,23,,,,-8.0,"38,33","21,38",,,,,,,,
ncaab:400989349,ncaab,2017-12-17T23:00Z,final,23,233,San José St,South Dakota,62,76,,,,0,,,,,,,,,,2,,0,San Jose,CA,1,26,,,,-8.0,"37,25","33,43",,,,,,,,
ncaab:400988273,ncaab,2017-12-18T01:00Z,final,30,2540,USC,Santa Barbara,98,87,,,,0,,,,,,,,,,2,,0,Los Angeles,CA,1,89,,,,-8.0,"52,46","33,54",,,,,,,,
ncaab:400991396,ncaab,2017-12-18T01:00Z,final,2169,48,Delaware St,Delaware,59,68,,,,0,,,,,,,,,,2,,0,Dover,DE,1,9,,,,-5.0,"28,27,4","32,23,13",,,,,,,,
ncaab:400990632,ncaab,2017-12-18T03:00Z,final,62,3084,Hawai'i,Utah Valley,70,69,,,,0,,,,,,,,,,2,,0,Honolulu,HI,1,5,,,,-10.0,"36,34","33,36",,,,,,,,
ncaab:400999954,ncaab,2017-12-18T16:00Z,final,2908,3189,SC Upstate,Coastal GA,83,75,,,,0,,,,,,,,,,2,,0,Spartanburg,SC,1,246,,,,-5.0,"44,39","37,38",,,,,,,,
ncaab:400986445,ncaab,2017-12-18T23:00Z,final,127,2277,Michigan St,Hou Christian,107,62,,,,0,,,,,,,,,,2,,0,East Lansing,MI,1,261,,,,-5.0,"54,53","33,29",,,,,,,,
ncaab:400986149,ncaab,2017-12-19T00:00Z,final,52,2127,Florida St,Charleston So,69,58,,,,0,,,,,,,,,,2,,0,Tallahassee,FL,1,62,,,,-5.0,"28,41","26,32",,,,,,,,
ncaab:400986150,ncaab,2017-12-19T00:00Z,final,324,154,Coastal,Wake Forest,80,84,,,,0,,,,,,,,,,2,,0,Conway,SC,1,10,,,,-5.0,"38,42","33,51",,,,,,,,
ncaab:400988017,ncaab,2017-12-19T00:00Z,final,151,2429,East Carolina,Charlotte,50,69,,,,0,,,,,,,,,,2,,0,Greenville,NC,1,18,,,,-5.0,"31,19","26,43",,,,,,,,
ncaab:400988018,ncaab,2017-12-19T00:00Z,final,58,2464,South Florida,N Arizona,70,56,,,,0,,,,,,,,,,2,,0,Tampa,FL,1,1,,,,-5.0,"33,37","23,33",,,,,,,,
ncaab:400988531,ncaab,2017-12-19T00:00Z,final,269,2459,Marquette,N Illinois,79,70,,,,0,,,,,,,,,,2,,0,Milwaukee,WI,1,188,,,,-6.0,"42,37","36,34",,,,,,,,
ncaab:400989179,ncaab,2017-12-19T00:00Z,final,2305,2437,Kansas,Omaha,109,64,,,,0,,,,,,,,,,2,,0,Lawrence,KS,1,263,,,,-6.0,"55,54","29,35",,,,,,,,
ncaab:400990173,ncaab,2017-12-19T00:00Z,final,2309,111,Kent State,Northeastern,69,81,,,,0,,,,,,,,,,2,,0,Kent,OH,1,325,,,,-5.0,"31,38","38,43",,,,,,,,
ncaab:400990542,ncaab,2017-12-19T00:00Z,final,2711,70,W Michigan,Idaho,52,82,,,,0,,,,,,,,,,2,,0,Kalamazoo,MI,1,239,,,,-5.0,"16,36","31,51",,,,,,,,
ncaab:400990771,ncaab,2017-12-19T00:00Z,final,44,116,American,Mount St Marys,56,59,,,,0,,,,,,,,,,2,,0,Washington,DC,1,7,,,,-5.0,"28,28","27,32",,,,,,,,
ncaab:400990772,ncaab,2017-12-19T00:00Z,final,2598,2062,Saint Francis,Bethany (WV),113,77,,,,0,,,,,,,,,,2,,0,Loretto,PA,1,595,,,,-5.0,"55,58","41,36",,,,,,,,
ncaab:400991104,ncaab,2017-12-19T00:00Z,final,2182,2514,Drexel,Quinnipiac,72,71,,,,0,,,,,,,,,,2,,0,Philadelphia,PA,1,12,,,,-5.0,"37,35","36,35",,,,,,,,
ncaab:400992041,ncaab,2017-12-19T00:00Z,final,322,216,Lafayette,Susquehanna,82,70,,,,0,,,,,,,,,,2,,0,Easton,PA,1,97,,,,-5.0,"36,46","31,39",,,,,,,,
ncaab:400990410,ncaab,2017-12-19T00:30Z,final,2031,3109,Little Rock,Ozarks,94,49,,,,0,,,,,,,,,,2,,0,Little Rock,AR,1,102,,,,-6.0,"45,49","25,24",,,,,,,,
ncaab:400986444,ncaab,2017-12-19T01:00Z,final,84,2870,Indiana,Purdue FW,72,92,,,,0,,,,,,,,,,2,,0,Bloomington,IN,1,235,,,,-5.0,"37,35","36,56",,,,,,,,
ncaab:400988019,ncaab,2017-12-19T01:00Z,final,2655,2447,Tulane,Nicholls,76,69,,,,0,,,,,,,,,,2,,0,New Orleans,LA,1,0,,,,-6.0,"28,48","45,24",,,,,,,,
ncaab:400988726,ncaab,2017-12-19T01:00Z,final,2535,2036,Samford,Asbury,99,70,,,,0,,,,,,,,,,2,,0,Homewood,AL,1,203,,,,-6.0,"43,56","29,41",,,,,,,,
ncaab:400988981,ncaab,2017-12-19T01:00Z,final,2443,2824,LSU N Orleans,OK Panhandle,107,59,,,,0,,,,,,,,,,2,,0,New Orleans,LA,1,0,,,,-6.0,"53,54","27,32",,,,,,,,
ncaab:400990411,ncaab,2017-12-19T01:00Z,final,2433,2398,UL Monroe,Millsaps,97,44,,,,0,,,,,,,,,,2,,0,Monroe,LA,1,23,,,,-6.0,"59,38","20,24",,,,,,,,
ncaab:400990935,ncaab,2017-12-19T01:00Z,final,55,47,Jax State,Howard,62,60,,,,0,,,,,,,,,,2,,0,Jacksonville,AL,1,216,,,,-6.0,"23,39","27,33",,,,,,,,
ncaab:400990936,ncaab,2017-12-19T01:00Z,final,2198,2450,E Kentucky,Norfolk St,83,66,,,,0,,,,,,,,,,2,,0,Richmond,KY,1,289,,,,-5.0,"41,42","30,36",,,,,,,,
ncaab:400992124,ncaab,2017-12-19T01:00Z,final,2739,2524,Green Bay,Rockford,108,64,,,,0,,,,,,,,,,2,,0,Ashwaubenon,WI,1,185,,,,-6.0,"59,49","41,23",,,,,,,,
ncaab:400992865,ncaab,2017-12-19T01:00Z,final,2016,494,Alcorn St,Blue Mountain,83,56,,,,0,,,,,,,,,,2,,0,Lorman,MS,1,66,,,,-6.0,"43,40","28,28",,,,,,,,
ncaab:400986885,ncaab,2017-12-19T02:00Z,final,2250,85,Gonzaga,IU Indy,101,71,,,,0,,,,,,,,,,2,,0,Spokane,WA,1,571,,,,-8.0,"47,54","31,40",,,,,,,,
ncaab:400988020,ncaab,2017-12-19T02:00Z,final,2567,68,SMU,Boise St,86,63,,,,0,,,,,,,,,,2,,0,Dallas,TX,1,128,,,,-6.0,"33,53","22,41",,,,,,,,
ncaab:400988274,ncaab,2017-12-19T02:00Z,final,12,2449,Arizona,N Dakota St,83,53,,,,0,,,,,,,,,,2,,0,Tucson,AZ,1,759,,,,-7.0,"38,45","22,31",,,,,,,,
ncaab:400988532,ncaab,2017-12-19T02:00Z,final,156,250,Creighton,UT Arlington,90,81,,,,0,,,,,,,,,,2,,0,Omaha,NE,1,323,,,,-6.0,"52,38","32,49",,,,,,,,
ncaab:400989248,ncaab,2017-12-19T02:00Z,final,2628,2640,TCU,Texas Southern,91,72,,,,0,,,,,,,,,,2,,0,Fort Worth,TX,1,199,,,,-6.0,"41,50","39,33",,,,,,,,
ncaab:400989261,ncaab,2017-12-19T02:00Z,final,251,2634,Texas,Tennessee St,47,46,,,,0,,,,,,,,,,2,,0,Austin,TX,1,149,,,,-6.0,"25,22","21,25",,,,,,,,
ncaab:400989351,ncaab,2017-12-19T02:00Z,final,147,2172,Montana St,Denver,79,65,,,,0,,,,,,,,,,2,,0,Bozeman,MT,1,1468,,,,-7.0,"39,40","27,38",,,,,,,,
ncaab:400990633,ncaab,2017-12-19T02:00Z,final,2253,2400,Grand Canyon,Miss Valley St,71,38,,,,0,,,,,,,,,,2,,0,Phoenix,AZ,1,331,,,,-7.0,"33,38","19,19",,,,,,,,
ncaab:400992195,ncaab,2017-12-19T02:00Z,final,304,2754,Idaho St,Youngstown St,86,62,,,,0,,,,,,,,,,2,,0,Pocatello,ID,1,1360,,,,-7.0,"40,46","26,36",,,,,,,,
ncaab:400987091,ncaab,2017-12-19T03:00Z,final,2541,2674,Santa Clara,Valparaiso,68,76,,,,0,,,,,,,,,,2,,0,Santa Clara,CA,1,23,,,,-8.0,"26,42","39,37",,,,,,,,
ncaab:400991748,ncaab,2017-12-19T03:00Z,final,278,2863,Fresno St,Cal State MB,93,56,,,,0,,,,,,,,,,2,,0,Fresno,CA,1,94,,,,-8.0,"45,48","28,28",,,,,,,,
ncaab:400988024,ncaab,2017-12-19T23:00Z,final,56,2116,Stetson,UCF,55,74,,,,0,,,,,,,,,,2,,0,DeLand,FL,1,12,,,,-5.0,"35,20","42,32",,,,,,,,
ncaab:400988533,ncaab,2017-12-19T23:30Z,final,2752,276,Xavier,Marshall,81,77,,,,0,,,,,,,,,,2,,0,Cincinnati,OH,1,191,,,,-5.0,"47,34","27,50",,,,,,,,
ncaab:400986151,ncaab,2017-12-20T00:00Z,final,228,2579,Clemson,South Carolina,64,48,,,,0,,,,,,,,,,2,,0,Clemson,SC,1,221,,,,-5.0,"31,33","26,22",,,,,,,,
ncaab:400986152,ncaab,2017-12-20T00:00Z,final,87,159,Notre Dame,Dartmouth,97,87,,,,0,,,,,,,,,,2,,0,South Bend,IN,1,211,,,,-5.0,"46,51","39,48",,,,,,,,
ncaab:400986154,ncaab,2017-12-20T00:00Z,final,183,2084,Syracuse,Buffalo,81,74,,,,0,,,,,,,,,,2,,0,Syracuse,NY,1,121,,,,-5.0,"36,45","27,47",,,,,,,,
ncaab:400986155,ncaab,2017-12-20T00:00Z,final,152,2523,NC State,Robert Morris,81,69,,,,0,,,,,,,,,,2,,0,Raleigh,NC,1,96,,,,-5.0,"36,45","39,30",,,,,,,,
ncaab:400986448,ncaab,2017-12-20T00:00Z,final,194,2643,Ohio State,The Citadel,94,65,,,,0,,,,,,,,,,2,,0,Columbus,OH,1,235,,,,-5.0,"44,50","23,42",,,,,,,,
ncaab:400986449,ncaab,2017-12-20T00:00Z,final,213,2066,Penn State,Binghamton,80,65,,,,0,,,,,,,,,,2,,0,University Park,PA,1,348,,,,-5.0,"39,41","36,29",,,,,,,,
ncaab:400986644,ncaab,2017-12-20T00:00Z,final,259,2506,Virginia Tech,Presbyterian,63,55,,,,0,,,,,,,,,,2,,0,Blacksburg,VA,1,633,,,,-5.0,"29,34","28,27",,,,,,,,
ncaab:400986650,ncaab,2017-12-20T00:00Z,final,258,2542,Virginia,Savannah St,78,47,,,,0,,,,,,,,,,2,,0,Charlottesville,VA,1,142,,,,-5.0,"42,36","21,26",,,,,,,,
ncaab:400986692,ncaab,2017-12-20T00:00Z,final,221,2169,Pitt,Delaware St,74,68,,,,0,,,,,,,,,,2,,0,Pittsburgh,PA,1,233,,,,-5.0,"44,30","22,46",,,,,,,,
ncaab:400987255,ncaab,2017-12-20T00:00Z,final,145,357,Ole Miss,Texas A&M-CC,85,63,,,,0,,,,,,,,,,2,,0,Oxford,MS,1,154,,,,-6.0,"50,35","31,32",,,,,,,,
ncaab:400988021,ncaab,2017-12-20T00:00Z,final,2132,2029,Cincinnati,AR-Pine Bluff,77,49,,,,0,,,,,,,,,,2,,0,Highland Heights,KY,1,260,,,,-5.0,"43,34","16,33",,,,,,,,
ncaab:400988727,ncaab,2017-12-20T00:00Z,final,2717,2272,W Carolina,High Point,61,72,,,,0,,,,,,,,,,2,,0,Cullowhee,NC,1,645,,,,-5.0,"23,38","32,40",,,,,,,,
ncaab:400988728,ncaab,2017-12-20T00:00Z,final,2174,2193,Detroit Mercy,ETSU,73,81,,,,0,,,,,,,,,,2,,0,Detroit,MI,1,183,,,,-5.0,"39,34","34,47",,,,,,,,
ncaab:400988729,ncaab,2017-12-20T00:00Z,final,2430,2427,UNC Greensboro,UNC Asheville,60,67,,,,0,,,,,,,,,,2,,0,Greensboro,NC,1,266,,,,-5.0,"45,15","33,34",,,,,,,,
ncaab:400988983,ncaab,2017-12-20T00:00Z,final,201,2466,Oklahoma,N'Western St,105,68,,,,0,,,,,,,,,,2,,0,Norman,OK,1,357,,,,-6.0,"53,52","37,31",,,,,,,,
ncaab:400988987,ncaab,2017-12-20T00:00Z,final,2184,2320,Duquesne,Lamar,65,64,,,,0,,,,,,,,,,2,,0,Pittsburgh,PA,1,233,,,,-5.0,"29,36","26,38",,,,,,,,
ncaab:400989922,ncaab,2017-12-20T00:00Z,final,2670,2737,VCU,Winthrop,69,55,,,,0,,,,,,,,,,2,,0,Richmond,VA,1,64,,,,-5.0,"34,35","19,36",,,,,,,,
ncaab:400989981,ncaab,2017-12-20T00:00Z,final,257,2083,Richmond,Bucknell,78,86,,,,0,,,,,,,,,,2,,0,Richmond,VA,1,64,,,,-5.0,"47,31","36,50",,,,,,,,
ncaab:400990174,ncaab,2017-12-20T00:00Z,final,2050,2454,Ball State,North Florida,79,65,,,,0,,,,,,,,,,2,,0,Muncie,IN,1,284,,,,-5.0,"43,36","30,35",,,,,,,,
ncaab:400990412,ncaab,2017-12-20T00:00Z,final,338,290,Kennesaw St,GA Southern,69,78,,,,0,,,,,,,,,,2,,0,Kennesaw,GA,1,332,,,,-5.0,"28,41","41,37",,,,,,,,
ncaab:400990572,ncaab,2017-12-20T00:00Z,final,232,2569,Charleston,SC State,80,64,,,,0,,,,,,,,,,2,,0,Charleston,SC,1,6,,,,-5.0,"35,45","25,39",,,,,,,,
ncaab:400991105,ncaab,2017-12-20T00:00Z,final,315,325,Niagara,Cleveland St,79,77,,,,0,,,,,,,,,,2,,0,Niagara Falls,NY,1,187,,,,-5.0,"39,40","38,39",,,,,,,,
ncaab:400991213,ncaab,2017-12-20T00:00Z,final,2099,2210,Canisius,Elon,67,51,,,,0,,,,,,,,,,2,,0,Buffalo,NY,1,183,,,,-5.0,"36,31","26,25",,,,,,,,
ncaab:400991857,ncaab,2017-12-20T00:00Z,final,2229,526,FIU,FGCU,91,88,,,,0,,,,,,,,,,2,,0,Miami,FL,1,2,,,,-5.0,"40,51","43,45",,,,,,,,
ncaab:400991106,ncaab,2017-12-20T00:05Z,final,107,314,Holy Cross,Iona,68,82,,,,0,,,,,,,,,,2,,0,Worcester,MA,1,147,,,,-5.0,"23,45","38,44",,,,,,,,
ncaab:400986447,ncaab,2017-12-20T01:00Z,final,77,2332,Northwestern,Lewis,85,48,,,,0,,,,,,,,,,2,,0,Rosemont,IL,1,194,,,,-6.0,"49,36","22,26",,,,,,,,
ncaab:400987253,ncaab,2017-12-20T01:00Z,final,245,94,Texas A&M,N Kentucky,64,58,,,,0,,,,,,,,,,2,,0,College Station,TX,1,103,,,,-6.0,"29,35","23,35",,,,,,,,
ncaab:400987256,ncaab,2017-12-20T01:00Z,final,99,2534,LSU,Sam Houston,80,58,,,,0,,,,,,,,,,2,,0,Baton Rouge,LA,1,14,,,,-6.0,"38,42","29,29",,,,,,,,
ncaab:400987257,ncaab,2017-12-20T01:00Z,final,8,198,Arkansas,Oral Roberts,104,69,,,,0,,,,,,,,,,2,,0,Fayetteville,AR,1,427,,,,-6.0,"52,52","23,46",,,,,,,,
ncaab:400987258,ncaab,2017-12-20T01:00Z,final,93,2,Murray St,Auburn,77,81,,,,0,,,,,,,,,,2,,0,Murray,KY,1,163,,,,-6.0,"36,41","42,39",,,,,,,,
ncaab:400988022,ncaab,2017-12-20T01:00Z,final,2567,13,SMU,Cal Poly,84,64,,,,0,,,,,,,,,,2,,0,Dallas,TX,1,128,,,,-6.0,"40,44","26,38",,,,,,,,
ncaab:400988023,ncaab,2017-12-20T01:00Z,final,2724,2032,Wichita St,Arkansas St,89,80,,,,0,,,,,,,,,,2,,0,Wichita,KS,1,396,,,,-6.0,"44,45","50,30",,,,,,,,
ncaab:400988982,ncaab,2017-12-20T01:00Z,final,2000,3166,Abilene Chrstn,Arlington Bapt,109,60,,,,0,,,,,,,,,,2,,0,Abilene,TX,1,524,,,,-6.0,"59,50","29,31",,,,,,,,
ncaab:400988984,ncaab,2017-12-20T01:00Z,final,2377,2637,McNeese,Texas College,84,68,,,,0,,,,,,,,,,2,,0,Lake Charles,LA,1,4,,,,-6.0,"44,40","29,39",,,,,,,,
ncaab:400988986,ncaab,2017-12-20T01:00Z,final,309,2545,Louisiana,SE Louisiana,82,74,,,,0,,,,,,,,,,2,,0,Lafayette,LA,1,11,,,,-6.0,"31,51","29,45",,,,,,,,
ncaab:400989272,ncaab,2017-12-20T01:00Z,final,2641,2226,Texas Tech,FAU,90,54,,,,0,,,,,,,,,,2,,0,Lubbock,TX,1,976,,,,-6.0,"40,50","33,21",,,,,,,,
ncaab:400989353,ncaab,2017-12-20T01:00Z,final,2571,2181,S Dakota St,Drake,87,74,,,,0,,,,,,,,,,2,,0,Brookings,SD,1,494,,,,-6.0,"43,44","32,42",,,,,,,,
ncaab:400989660,ncaab,2017-12-20T01:00Z,final,2287,82,Illinois St,UIC,71,70,,,,0,,,,,,,,,,2,,0,Normal,IL,1,244,,,,-6.0,"33,38","29,41",,,,,,,,
ncaab:400989661,ncaab,2017-12-20T01:00Z,final,2623,2750,Missouri St,Wright St,66,50,,,,0,,,,,,,,,,2,,0,Springfield,MO,1,396,,,,-6.0,"34,32","16,34",,,,,,,,
ncaab:400989662,ncaab,2017-12-20T01:00Z,final,79,2448,S Illinois,NC A&T,102,64,,,,0,,,,,,,,,,2,,0,Carbondale,IL,1,126,,,,-6.0,"58,44","37,27",,,,,,,,
ncaab:400990175,ncaab,2017-12-20T01:00Z,final,140,2117,Kansas City,C Michigan,86,92,,,,0,,,,,,,,,,2,,0,Kansas City,MO,1,274,,,,-6.0,"40,37,9","33,44,15",,,,,,,,
ncaab:400990413,ncaab,2017-12-20T01:00Z,final,326,3120,Texas St,Ecclesia,85,43,,,,0,,,,,,,,,,2,,0,San Marcos,TX,1,188,,,,-6.0,"42,43","19,24",,,,,,,,
ncaab:400990414,ncaab,2017-12-20T01:00Z,final,2046,2653,Austin Peay,Troy,75,73,,,,0,,,,,,,,,,2,,0,Clarksville,TN,1,145,,,,-6.0,"27,48","36,37",,,,,,,,
ncaab:400990634,ncaab,2017-12-20T01:00Z,final,2565,2130,SIUE,Chicago St,88,76,,,,0,,,,,,,,,,2,,0,Edwardsville,IL,1,165,,,,-6.0,"37,51","33,43",,,,,,,,
ncaab:400990937,ncaab,2017-12-20T01:00Z,final,98,2057,Western KY,Belmont,72,75,,,,0,,,,,,,,,,2,,0,Bowling Green,KY,1,161,,,,-6.0,"26,46","33,42",,,,,,,,
ncaab:400988534,ncaab,2017-12-20T01:30Z,final,2086,2413,Butler,Morehead St,85,69,,,,0,,,,,,,,,,2,,0,Indianapolis,IN,1,218,,,,-5.0,"33,52","28,41",,,,,,,,
ncaab:400989352,ncaab,2017-12-20T01:30Z,final,2197,2710,E Illinois,W Illinois,78,77,,,,0,,,,,,,,,,2,,0,Charleston,IL,1,204,,,,-6.0,"36,42","43,34",,,,,,,,
ncaab:400989954,ncaab,2017-12-20T01:30Z,final,139,2097,Saint Louis,Campbell,74,66,,,,0,,,,,,,,,,2,,0,St. Louis,MO,1,142,,,,-6.0,"30,44","38,28",,,,,,,,
ncaab:400986153,ncaab,2017-12-20T02:00Z,final,61,59,Georgia,Georgia Tech,80,59,,,,0,,,,,,,,,,2,,0,Athens,GA,1,228,,,,-5.0,"36,44","34,25",,,,,,,,
ncaab:400986446,ncaab,2017-12-20T02:00Z,final,2294,253,Iowa,Southern Utah,92,64,,,,0,,,,,,,,,,2,,0,Iowa City,IA,1,204,,,,-6.0,"51,41","31,33",,,,,,,,
ncaab:400986962,ncaab,2017-12-20T02:00Z,final,2692,2492,Weber St,Pepperdine,72,67,,,,0,,,,,,,,,,2,,0,Ogden,UT,1,1311,,,,-7.0,"43,29","27,40",,,,,,,,
ncaab:400987254,ncaab,2017-12-20T02:00Z,final,142,2617,Missouri,SF Austin,82,81,,,,0,,,,,,,,,,2,,0,Columbia,MO,1,215,,,,-6.0,"48,34","40,41",,,,,,,,
ncaab:400987259,ncaab,2017-12-20T02:00Z,final,333,2382,Alabama,Mercer,80,79,,,,1,,,,,,,,,,2,,0,Huntsville,AL,1,193,,,,-6.0,"31,49","35,44",,,,,,,,
ncaab:400988025,ncaab,2017-12-20T02:00Z,final,197,202,Oklahoma St,Tulsa,71,59,,,,0,,,,,,,,,,2,,0,Stillwater,OK,1,273,,,,-6.0,"28,43","28,31",,,,,,,,
ncaab:400988275,ncaab,2017-12-20T02:00Z,final,9,2344,Arizona St,Longwood,95,61,,,,0,,,,,,,,,,2,,0,Tempe,AZ,1,360,,,,-7.0,"35,60","30,31",,,,,,,,
ncaab:400988276,ncaab,2017-12-20T02:00Z,final,26,233,UCLA,South Dakota,85,82,,,,0,,,,,,,,,,2,,0,Los Angeles,CA,1,89,,,,-8.0,"33,52","36,46",,,,,,,,
ncaab:400988985,ncaab,2017-12-20T02:00Z,final,2638,2916,UTEP,Incarnate Word,72,66,,,,0,,,,,,,,,,2,,0,El Paso,TX,1,1133,,,,-7.0,"28,44","28,38",,,,,,,,
ncaab:400991262,ncaab,2017-12-20T02:00Z,final,2751,2458,Wyoming,N Colorado,84,91,,,,0,,,,,,,,,,2,,0,Laramie,WY,1,2184,,,,-7.0,"45,39","47,44",,,,,,,,
ncaab:400991727,ncaab,2017-12-20T02:00Z,final,36,3157,Colorado St,UA Fort Smith,87,73,,,,0,,,,,,,,,,2,,0,Fort Collins,CO,1,1525,,,,-7.0,"42,45","39,34",,,,,,,,
ncaab:400992402,ncaab,2017-12-20T02:00Z,final,149,300,Montana,UC Irvine,86,68,,,,0,,,,,,,,,,2,,0,Missoula,MT,1,978,,,,-7.0,"39,47","29,39",,,,,,,,
ncaab:400991781,ncaab,2017-12-20T02:30Z,final,167,242,New Mexico,Rice,78,69,,,,0,,,,,,,,,,2,,0,Albuquerque,NM,1,1511,,,,-7.0,"43,35","38,31",,,,,,,,
ncaab:400986980,ncaab,2017-12-20T03:00Z,final,2501,42,Portland,Hartford,78,67,,,,0,,,,,,,,,,2,,0,Portland,OR,1,12,,,,-8.0,"45,33","33,34",,,,,,,,
ncaab:400987056,ncaab,2017-12-20T03:00Z,final,2539,2515,San Francisco,Radford,52,41,,,,0,,,,,,,,,,2,,0,San Francisco,CA,1,16,,,,-8.0,"18,34","22,19",,,,,,,,
ncaab:400988277,ncaab,2017-12-20T03:00Z,final,264,2065,Washington,Bethune,106,55,,,,0,,,,,,,,,,2,,0,Seattle,WA,1,56,,,,-8.0,"43,63","36,19",,,,,,,,
ncaab:400988279,ncaab,2017-12-20T03:00Z,final,2547,25,Seattle U,California,59,81,,,,0,,,,,,,,,,2,,0,Seattle,WA,1,56,,,,-8.0,"28,31","34,47",,,,,,,,
ncaab:400989817,ncaab,2017-12-20T03:00Z,final,2608,2168,Saint Mary's,Dayton,69,54,,,,0,,,,,,,,,,2,,0,Moraga,CA,1,152,,,,-8.0,"29,40","31,23",,,,,,,,
ncaab:400991766,ncaab,2017-12-20T03:00Z,final,2440,302,Nevada,UC Davis,88,73,,,,0,,,,,,,,,,2,,0,Reno,NV,1,1373,,,,-8.0,"42,46","27,46",,,,,,,,
ncaab:400992533,ncaab,2017-12-20T03:00Z,final,2540,3096,Santa Barbara,S Diego Christ,87,69,,,,0,,,,,,,,,,2,,0,Santa Barbara,CA,1,15,,,,-8.0,"50,37","33,36",,,,,,,,
ncaab:400992464,ncaab,2017-12-20T03:05Z,final,16,2463,Sacramento St,CSU Northridge,66,61,,,,0,,,,,,,,,,2,,0,Sacramento,CA,1,9,,,,-8.0,"35,31","34,27",,,,,,,,
ncaab:400988278,ncaab,2017-12-20T04:00Z,final,30,163,USC,Princeton,93,103,,,,0,,,,,,,,,,2,,0,Los Angeles,CA,1,89,,,,-8.0,"36,50,7","33,53,17",,,,,,,,
ncaab:400992312,ncaab,2017-12-20T16:00Z,final,2241,2648,Gardner-Webb,Toccoa Falls,102,41,,,,0,,,,,,,,,,2,,0,Boiling Springs,NC,1,269,,,,-5.0,"58,44","18,23",,,,,,,,
ncaab:400989663,ncaab,2017-12-20T19:00Z,final,2546,71,SE Missouri,Bradley,67,75,,,,0,,,,,,,,,,2,,0,Cape Girardeau,MO,1,108,,,,-6.0,"29,38","41,34",,,,,,,,
ncaab:400988535,ncaab,2017-12-20T21:30Z,final,2603,2599,Saint Joseph's,St John's,73,77,,,,1,,,,,,,,,,2,,0,Uncasville,CT,1,19,,,,-5.0,"41,32","44,33",,,,,,,,
ncaab:400988026,ncaab,2017-12-20T23:30Z,final,2507,248,Providence,Houston,59,70,,,,1,,,,,,,,,,2,,0,Uncasville,CT,1,19,,,,-5.0,"23,36","31,39",,,,,,,,
ncaab:400986156,ncaab,2017-12-21T00:00Z,final,150,339,Duke,Evansville,104,40,,,,0,,,,,,,,,,2,,0,Durham,NC,1,123,,,,-5.0,"58,46","18,22",,,,,,,,
ncaab:400987262,ncaab,2017-12-21T00:00Z,final,57,256,Florida,James Madison,72,63,,,,0,,,,,,,,,,2,,0,Gainesville,FL,1,54,,,,-5.0,"31,41","30,33",,,,,,,,
ncaab:400987263,ncaab,2017-12-21T00:00Z,final,238,2277,Vanderbilt,Hou Christian,81,48,,,,0,,,,,,,,,,2,,0,Nashville,TN,1,170,,,,-6.0,"34,47","17,31",,,,,,,,
ncaab:400988536,ncaab,2017-12-21T00:00Z,final,46,249,Georgetown,North Texas,75,63,,,,0,,,,,,,,,,2,,0,Washington,DC,1,7,,,,-5.0,"34,41","33,30",,,,,,,,
ncaab:400988537,ncaab,2017-12-21T00:00Z,final,2550,2681,Seton Hall,Wagner,89,68,,,,0,,,,,,,,,,2,,0,Newark,NJ,1,9,,,,-5.0,"48,41","34,34",,,,,,,,
ncaab:400989157,ncaab,2017-12-21T00:00Z,final,66,2379,Iowa State,MD Eastern,55,49,,,,0,,,,,,,,,,2,,0,Ames,IA,1,287,,,,-6.0,"34,21","17,32",,,,,,,,
ncaab:400989280,ncaab,2017-12-21T00:00Z,final,277,2154,West Virginia,Coppin St,77,38,,,,0,,,,,,,,,,2,,0,Morgantown,WV,1,271,,,,-5.0,"42,35","18,20",,,,,,,,
ncaab:400989905,ncaab,2017-12-21T00:00Z,final,45,160,G Washington,New Hampshire,68,64,,,,0,,,,,,,,,,2,,0,Washington,DC,1,7,,,,-5.0,"29,39","33,31",,,,,,,,
ncaab:400989939,ncaab,2017-12-21T00:00Z,final,179,111,St Bonaventure,Northeastern,84,65,,,,0,,,,,,,,,,2,,0,Saint Bonaventure,NY,1,435,,,,-5.0,"44,40","35,30",,,,,,,,
ncaab:400990104,ncaab,2017-12-21T00:00Z,final,113,2247,UMass,Georgia St,63,71,,,,0,,,,,,,,,,2,,0,Amherst,MA,1,82,,,,-5.0,"28,35","28,43",,,,,,,,
ncaab:400990176,ncaab,2017-12-21T00:00Z,final,2649,2296,Toledo,Jackson St,83,57,,,,0,,,,,,,,,,2,,0,Toledo,OH,1,186,,,,-5.0,"43,40","27,30",,,,,,,,
ncaab:400990177,ncaab,2017-12-21T00:00Z,final,195,2504,Ohio,Prairie View,84,65,,,,0,,,,,,,,,,2,,0,Athens,OH,1,219,,,,-5.0,"29,55","31,34",,,,,,,,
ncaab:400990417,ncaab,2017-12-21T00:00Z,final,2261,2026,Hampton,App State,86,53,,,,0,,,,,,,,,,2,,0,Hampton,VA,1,1,,,,-5.0,"39,47","22,31",,,,,,,,
ncaab:400990635,ncaab,2017-12-21T00:00Z,final,48,2934,Delaware,Bakersfield,76,62,,,,0,,,,,,,,,,2,,0,Newark,DE,1,38,,,,-5.0,"38,38","27,35",,,,,,,,
ncaab:400990773,ncaab,2017-12-21T00:00Z,final,2115,311,C Connecticut,Maine,84,57,,,,0,,,,,,,,,,2,,0,New Britain,CT,1,51,,,,-5.0,"44,40","28,29",,,,,,,,
ncaab:400991107,ncaab,2017-12-21T00:00Z,final,2275,2363,Hofstra,Manhattan,61,63,,,,0,,,,,,,,,,2,,0,Hempstead,NY,1,17,,,,-5.0,"27,34","33,30",,,,,,,,
ncaab:400991263,ncaab,2017-12-21T00:00Z,final,294,2464,Jacksonville,N Arizona,72,83,,,,0,,,,,,,,,,2,,0,Jacksonville,FL,1,5,,,,-5.0,"23,49","35,48",,,,,,,,
ncaab:400991505,ncaab,2017-12-21T00:00Z,final,2473,119,Oakland,Towson,97,86,,,,0,,,,,,,,,,2,,0,Rochester,MI,1,229,,,,-5.0,"52,45","34,52",,,,,,,,
ncaab:400991629,ncaab,2017-12-21T00:00Z,final,172,322,Cornell,Lafayette,80,71,,,,0,,,,,,,,,,2,,0,Ithaca,NY,1,125,,,,-5.0,"45,35","35,36",,,,,,,,
ncaab:400986450,ncaab,2017-12-21T01:00Z,final,158,2636,Nebraska,UTSA,104,94,,,,0,,,,,,,,,,2,,0,Lincoln,NE,1,367,,,,-6.0,"49,55","42,52",,,,,,,,
ncaab:400987261,ncaab,2017-12-21T01:00Z,final,344,2031,Mississippi St,Little Rock,64,48,,,,0,,,,,,,,,,2,,0,Starkville,MS,1,101,,,,-6.0,"26,38","23,25",,,,,,,,
ncaab:400988027,ncaab,2017-12-21T01:00Z,final,235,2561,Memphis,Siena,70,66,,,,0,,,,,,,,,,2,,0,Memphis,TN,1,78,,,,-6.0,"26,44","34,32",,,,,,,,
ncaab:400988988,ncaab,2017-12-21T01:00Z,final,5,2443,UAB,LSU N Orleans,74,67,,,,0,,,,,,,,,,2,,0,Birmingham,AL,1,187,,,,-6.0,"45,29","30,37",,,,,,,,
ncaab:400988989,ncaab,2017-12-21T01:00Z,final,2447,2920,Nicholls,Mobile,96,52,,,,0,,,,,,,,,,2,,0,Thibodaux,LA,1,4,,,,-6.0,"57,39","26,26",,,,,,,,
ncaab:400989132,ncaab,2017-12-21T01:00Z,final,239,2582,Baylor,Southern,80,60,,,,0,,,,,,,,,,2,,0,Waco,TX,1,143,,,,-6.0,"39,41","27,33",,,,,,,,
ncaab:400990415,ncaab,2017-12-21T01:00Z,final,2433,2113,UL Monroe,Centenary (LA),74,51,,,,0,,,,,,,,,,2,,0,Monroe,LA,1,23,,,,-6.0,"47,27","27,24",,,,,,,,
ncaab:400990938,ncaab,2017-12-21T01:00Z,final,2630,494,UT Martin,Blue Mountain,84,76,,,,0,,,,,,,,,,2,,0,Martin,TN,1,124,,,,-6.0,"49,35","39,37",,,,,,,,
ncaab:400986157,ncaab,2017-12-21T02:00Z,final,153,2747,North Carolina,Wofford,75,79,,,,0,,,,,,,,,,2,,0,Chapel Hill,NC,1,148,,,,-5.0,"33,42","34,45",,,,,,,,
ncaab:400986158,ncaab,2017-12-21T02:00Z,final,97,399,Louisville,UAlbany,70,68,,,,0,,,,,,,,,,2,,0,Louisville,KY,1,142,,,,-5.0,"38,32","31,37",,,,,,,,
ncaab:400987260,ncaab,2017-12-21T02:00Z,final,2633,231,Tennessee,Furman,66,61,,,,0,,,,,,,,,,2,,0,Knoxville,TN,1,276,,,,-5.0,"29,37","26,35",,,,,,,,
ncaab:400988280,ncaab,2017-12-21T02:00Z,final,254,2466,Utah,N'Western St,84,62,,,,0,,,,,,,,,,2,,0,Salt Lake City,UT,1,1299,,,,-7.0,"41,43","26,36",,,,,,,,
ncaab:400988538,ncaab,2017-12-21T02:00Z,final,156,2908,Creighton,SC Upstate,116,62,,,,0,,,,,,,,,,2,,0,Omaha,NE,1,323,,,,-6.0,"58,58","24,38",,,,,,,,
ncaab:400990636,ncaab,2017-12-21T02:00Z,final,3084,148,Utah Valley,Montana Tech,84,56,,,,0,,,,,,,,,,2,,0,Orem,UT,1,1455,,,,-7.0,"47,37","25,31",,,,,,,,
ncaab:400991821,ncaab,2017-12-21T02:00Z,final,328,2754,Utah State,Youngstown St,91,74,,,,0,,,,,,,,,,2,,0,Logan,UT,1,1382,,,,-7.0,"41,50","34,40",,,,,,,,
ncaab:400991682,ncaab,2017-12-21T02:05Z,final,331,531,E Washington,Providence-MT,94,66,,,,0,,,,,,,,,,2,,0,Cheney,WA,1,717,,,,-8.0,"44,50","34,32",,,,,,,,
ncaab:400989664,ncaab,2017-12-21T03:00Z,final,27,2674,UC Riverside,Valparaiso,73,60,,,,0,,,,,,,,,,2,,0,Riverside,CA,1,252,,,,-8.0,"37,36","19,41",,,,,,,,
ncaab:400988281,ncaab,2017-12-21T04:00Z,final,2483,2110,Oregon,C Arkansas,96,82,,,,0,,,,,,,,,,2,,0,Eugene,OR,1,131,,,,-8.0,"55,41","40,42",,,,,,,,
ncaab:400988282,ncaab,2017-12-21T04:00Z,final,265,2306,Washington St,Kansas St,65,68,,,,0,,,,,,,,,,2,,0,Pullman,WA,1,717,,,,-8.0,"25,40","35,33",,,,,,,,
ncaab:400991813,ncaab,2017-12-21T04:00Z,final,2439,2400,UNLV,Miss Valley St,95,63,,,,0,,,,,,,,,,2,,0,Las Vegas,NV,1,610,,,,-8.0,"52,43","21,42",,,,,,,,
ncaab:400988028,ncaab,2017-12-21T18:00Z,final,2655,6,Tulane,South Alabama,77,73,,,,0,,,,,,,,,,2,,0,New Orleans,LA,1,0,,,,-6.0,"44,33","33,40",,,,,,,,
ncaab:400988730,ncaab,2017-12-21T18:00Z,final,55,236,Jax State,Chattanooga,67,70,,,,0,,,,,,,,,,2,,0,Jacksonville,AL,1,216,,,,-6.0,"32,35","25,45",,,,,,,,
ncaab:400989356,ncaab,2017-12-21T18:00Z,final,2335,2870,Liberty,Purdue FW,64,75,,,,1,,,,,,,,,,2,,0,New Orleans,LA,1,0,,,,-6.0,"27,37","47,28",,,,,,,,
ncaab:400986159,ncaab,2017-12-21T19:00Z,final,52,2572,Florida St,Southern Miss,98,45,,,,0,,,,,,,,,,2,,0,Tallahassee,FL,1,62,,,,-5.0,"47,51","21,24",,,,,,,,
ncaab:400992373,ncaab,2017-12-21T19:00Z,final,2506,2496,Presbyterian,Piedmont,77,60,,,,0,,,,,,,,,,2,,0,Clinton,SC,1,76,,,,-5.0,"45,32","33,27",,,,,,,,
ncaab:400990939,ncaab,2017-12-21T19:30Z,final,2197,2595,E Illinois,St Francis IL,74,38,,,,0,,,,,,,,,,2,,0,Charleston,IL,1,204,,,,-6.0,"36,38","25,13",,,,,,,,
ncaab:400992845,ncaab,2017-12-21T20:30Z,final,2348,2011,Louisiana Tech,Alabama St,74,62,,,,1,,,,,,,,,,2,,0,New Orleans,LA,1,0,,,,-6.0,"37,37","29,33",,,,,,,,
ncaab:400988731,ncaab,2017-12-21T22:00Z,final,2430,3105,UNC Greensboro,Southeastern,85,67,,,,0,,,,,,,,,,2,,0,Greensboro,NC,1,266,,,,-5.0,"39,46","31,36",,,,,,,,
ncaab:400986455,ncaab,2017-12-21T23:00Z,final,2509,2634,Purdue,Tennessee St,97,48,,,,0,,,,,,,,,,2,,0,West Lafayette,IN,1,186,,,,-5.0,"48,49","16,32",,,,,,,,
ncaab:400986452,ncaab,2017-12-22T00:00Z,final,120,161,Maryland,FDU,75,50,,,,0,,,,,,,,,,2,,0,College Park,MD,1,21,,,,-5.0,"46,29","23,27",,,,,,,,
ncaab:400986454,ncaab,2017-12-22T00:00Z,final,127,299,Michigan St,Long Beach St,102,60,,,,0,,,,,,,,,,2,,0,East Lansing,MI,1,261,,,,-5.0,"48,54","32,28",,,,,,,,
ncaab:400986696,ncaab,2017-12-22T00:00Z,final,87,2545,Notre Dame,SE Louisiana,86,50,,,,0,,,,,,,,,,2,,0,South Bend,IN,1,211,,,,-5.0,"37,49","29,21",,,,,,,,
ncaab:400988029,ncaab,2017-12-22T00:00Z,final,2116,2569,UCF,SC State,89,64,,,,0,,,,,,,,,,2,,0,Orlando,FL,1,30,,,,-5.0,"39,50","34,30",,,,,,,,
ncaab:400988030,ncaab,2017-12-22T00:00Z,final,2132,325,Cincinnati,Cleveland St,81,62,,,,0,,,,,,,,,,2,,0,Highland Heights,KY,1,260,,,,-5.0,"43,38","34,28",,,,,,,,
ncaab:400988031,ncaab,2017-12-22T00:00Z,final,58,2429,South Florida,Charlotte,78,76,,,,0,,,,,,,,,,2,,0,Tampa,FL,1,1,,,,-5.0,"39,39","41,35",,,,,,,,
ncaab:400988032,ncaab,2017-12-22T00:00Z,final,151,2755,East Carolina,Grambling,76,68,,,,0,,,,,,,,,,2,,0,Greenville,NC,1,18,,,,-5.0,"28,48","31,37",,,,,,,,
ncaab:400988283,ncaab,2017-12-22T00:00Z,final,2309,204,Kent State,Oregon St,79,78,,,,0,,,,,,,,,,2,,0,Kent,OH,1,325,,,,-5.0,"27,52","28,50",,,,,,,,
ncaab:400988539,ncaab,2017-12-22T00:00Z,final,2086,2710,Butler,W Illinois,107,46,,,,0,,,,,,,,,,2,,0,Indianapolis,IN,1,218,,,,-5.0,"49,58","22,24",,,,,,,,
ncaab:400988540,ncaab,2017-12-22T00:00Z,final,269,44,Marquette,American,92,51,,,,0,,,,,,,,,,2,,0,Milwaukee,WI,1,188,,,,-6.0,"46,46","30,21",,,,,,,,
ncaab:400988732,ncaab,2017-12-22T00:00Z,final,338,2535,Kennesaw St,Samford,71,66,,,,0,,,,,,,,,,2,,0,Kennesaw,GA,1,332,,,,-5.0,"29,42","28,38",,,,,,,,
ncaab:400988990,ncaab,2017-12-22T00:00Z,final,2617,3166,SF Austin,Arlington Bapt,116,66,,,,0,,,,,,,,,,2,,0,Nacogdoches,TX,1,92,,,,-6.0,"60,56","31,35",,,,,,,,
ncaab:400989355,ncaab,2017-12-22T00:00Z,final,2449,350,N Dakota St,UNC Wilmington,100,63,,,,1,,,,,,,,,,2,,0,El Paso,TX,1,1133,,,,-7.0,"52,48","28,35",,,,,,,,
ncaab:400989864,ncaab,2017-12-22T00:00Z,final,2230,50,Fordham,Florida A&M,79,69,,,,0,,,,,,,,,,2,,0,Bronx,NY,1,28,,,,-5.0,"40,39","36,33",,,,,,,,
ncaab:400990093,ncaab,2017-12-22T00:00Z,final,227,314,Rhode Island,Iona,80,74,,,,0,,,,,,,,,,2,,0,Kingston,RI,1,75,,,,-5.0,"30,50","31,43",,,,,,,,
ncaab:400990178,ncaab,2017-12-22T00:00Z,final,2739,189,Green Bay,Bowling Green,78,81,,,,0,,,,,,,,,,2,,0,Ashwaubenon,WI,1,185,,,,-6.0,"29,33,16","24,38,19",,,,,,,,
ncaab:400990419,ncaab,2017-12-22T00:00Z,final,2653,2397,Troy,Milligan,80,67,,,,0,,,,,,,,,,2,,0,Radford,VA,1,567,,,,-5.0,"46,34","30,37",,,,,,,,
ncaab:400990774,ncaab,2017-12-22T00:00Z,final,2598,2329,Saint Francis,Lehigh,84,70,,,,0,,,,,,,,,,2,,0,Loretto,PA,1,595,,,,-5.0,"38,46","32,38",,,,,,,,
ncaab:400991108,ncaab,2017-12-22T00:00Z,final,261,2514,Vermont,Quinnipiac,80,73,,,,0,,,,,,,,,,2,,0,Burlington,VT,1,61,,,,-5.0,"39,41","26,47",,,,,,,,
ncaab:400991417,ncaab,2017-12-22T00:00Z,final,2352,2182,Loyola MD,Drexel,66,62,,,,0,,,,,,,,,,2,,0,Baltimore,MD,1,10,,,,-5.0,"39,27","34,28",,,,,,,,
ncaab:400991655,ncaab,2017-12-22T00:00Z,final,108,104,Harvard,Boston U,74,63,,,,0,,,,,,,,,,2,,0,Cambridge,MA,1,5,,,,-5.0,"36,38","34,29",,,,,,,,
ncaab:400991912,ncaab,2017-12-22T00:00Z,final,2426,288,Navy,Lipscomb,64,73,,,,0,,,,,,,,,,2,,0,Annapolis,MD,1,12,,,,-5.0,"29,35","37,36",,,,,,,,
ncaab:400992292,ncaab,2017-12-22T00:30Z,final,2127,3169,Charleston So,J&W (NC),102,58,,,,0,,,,,,,,,,2,,0,Charleston,SC,1,6,,,,-5.0,"57,45","25,33",,,,,,,,
ncaab:400986451,ncaab,2017-12-22T01:00Z,final,84,2635,Indiana,Tennessee Tech,87,59,,,,0,,,,,,,,,,2,,0,Bloomington,IN,1,235,,,,-5.0,"38,49","26,33",,,,,,,,
ncaab:400986456,ncaab,2017-12-22T01:00Z,final,135,198,Minnesota,Oral Roberts,77,63,,,,0,,,,,,,,,,2,,0,Minneapolis,MN,1,253,,,,-6.0,"38,39","34,29",,,,,,,,
ncaab:400989357,ncaab,2017-12-22T01:00Z,final,2437,147,Omaha,Montana St,84,71,,,,0,,,,,,,,,,2,,0,Omaha,NE,1,323,,,,-6.0,"41,43","28,43",,,,,,,,
ncaab:400990179,ncaab,2017-12-22T01:00Z,final,2459,82,N Illinois,UIC,69,63,,,,0,,,,,,,,,,2,,0,Dekalb,IL,1,268,,,,-6.0,"33,36","29,34",,,,,,,,
ncaab:400990418,ncaab,2017-12-22T01:00Z,final,250,13,UT Arlington,Cal Poly,77,56,,,,0,,,,,,,,,,2,,0,Arlington,TX,1,184,,,,-6.0,"28,49","25,31",,,,,,,,
ncaab:400990637,ncaab,2017-12-22T01:00Z,final,2253,2344,Grand Canyon,Longwood,86,56,,,,0,,,,,,,,,,2,,0,Phoenix,AZ,1,331,,,,-7.0,"44,42","20,36",,,,,,,,
ncaab:400986981,ncaab,2017-12-22T01:30Z,final,16,2501,Sacramento St,Portland,75,80,,,,1,,,,,,,,,,2,,0,Sacramento,CA,1,9,,,,-8.0,"40,35","43,37",,,,,,,,
ncaab:400989354,ncaab,2017-12-22T01:30Z,final,233,2462,South Dakota,Northland,88,42,,,,0,,,,,,,,,,2,,0,Vermillion,SD,1,374,,,,-6.0,"46,42","19,23",,,,,,,,
ncaab:400986453,ncaab,2017-12-22T02:00Z,final,130,2010,Michigan,Alabama A&M,97,47,,,,0,,,,,,,,,,2,,0,Ann Arbor,MI,1,269,,,,-5.0,"51,46","23,24",,,,,,,,
ncaab:400986857,ncaab,2017-12-22T02:00Z,final,252,304,BYU,Idaho St,85,71,,,,0,,,,,,,,,,2,,0,Provo,UT,1,1387,,,,-7.0,"41,44","30,41",,,,,,,,
ncaab:400987264,ncaab,2017-12-22T02:00Z,final,245,2084,Texas A&M,Buffalo,89,73,,,,0,,,,,,,,,,2,,0,College Station,TX,1,103,,,,-6.0,"34,55","31,42",,,,,,,,
ncaab:400988033,ncaab,2017-12-22T02:00Z,final,12,41,Arizona,UConn,73,58,,,,0,,,,,,,,,,2,,0,Tucson,AZ,1,759,,,,-7.0,"30,43","23,35",,,,,,,,
ncaab:400988541,ncaab,2017-12-22T02:15Z,final,305,193,DePaul,Miami OH,83,66,,,,0,,,,,,,,,,2,,0,Chicago,IL,1,179,,,,-6.0,"35,48","26,40",,,,,,,,
ncaab:400992572,ncaab,2017-12-22T02:15Z,final,2638,47,UTEP,Howard,69,56,,,,0,,,,,,,,,,2,,0,El Paso,TX,1,1133,,,,-7.0,"37,32","30,26",,,,,,,,
ncaab:400991827,ncaab,2017-12-22T02:30Z,final,70,300,Idaho,UC Irvine,59,67,,,,1,,,,,,,,,,2,,0,Boise,ID,1,823,,,,-7.0,"28,31","34,33",,,,,,,,
ncaab:400986886,ncaab,2017-12-22T03:00Z,final,21,2250,San Diego St,Gonzaga,72,70,,,,0,,,,,,,,,,2,,0,San Diego,CA,1,20,,,,-8.0,"25,47","23,47",,,,,,,,
ncaab:400987092,ncaab,2017-12-22T03:00Z,final,2541,23,Santa Clara,San José St,63,75,,,,0,,,,,,,,,,2,,0,Santa Clara,CA,1,23,,,,-8.0,"18,45","39,36",,,,,,,,
ncaab:400988284,ncaab,2017-12-22T04:00Z,final,24,2305,Stanford,Kansas,54,75,,,,1,,,,,,,,,,2,,0,Sacramento,CA,1,9,,,,-8.0,"29,25","47,28",,,,,,,,
ncaab:400988285,ncaab,2017-12-22T04:00Z,final,25,2502,California,Portland St,81,106,,,,0,,,,,,,,,,2,,0,Berkeley,CA,1,52,,,,-8.0,"37,44","56,50",,,,,,,,
ncaab:400990775,ncaab,2017-12-22T17:00Z,final,159,2803,Dartmouth,Bryant,75,58,,,,0,,,,,,,,,,2,,0,Hanover,NH,1,162,,,,-5.0,"36,39","24,34",,,,,,,,
ncaab:400992140,ncaab,2017-12-22T17:00Z,final,85,3192,IU Indy,IU Kokomo,87,76,,,,0,,,,,,,,,,2,,0,Indianapolis,IN,1,218,,,,-5.0,"35,52","36,40",,,,,,,,
ncaab:400987268,ncaab,2017-12-22T18:00Z,final,61,218,Georgia,Temple,84,66,,,,0,,,,,,,,,,2,,0,Athens,GA,1,228,,,,-5.0,"42,42","23,43",,,,,,,,
ncaab:400988993,ncaab,2017-12-22T18:00Z,final,2534,3084,Sam Houston,Utah Valley,64,75,,,,0,,,,,,,,,,2,,0,Huntsville,TX,1,113,,,,-6.0,"27,37","38,37",,,,,,,,
ncaab:400989231,ncaab,2017-12-22T18:00Z,final,197,292,Oklahoma St,UT Rio Grande,102,83,,,,0,,,,,,,,,,2,,0,Stillwater,OK,1,273,,,,-6.0,"53,49","34,49",,,,,,,,
ncaab:401005578,ncaab,2017-12-22T18:00Z,final,2335,2011,Liberty,Alabama St,87,70,,,,1,,,,,,,,,,2,,0,New Orleans,LA,1,0,,,,-6.0,"35,52","23,47",,,,,,,,
ncaab:400991925,ncaab,2017-12-22T19:00Z,final,2885,109684,NJIT,Bryn Athyn,99,53,,,,0,,,,,,,,,,2,,0,Newark,NJ,1,9,,,,-5.0,"43,56","27,26",,,,,,,,
ncaab:400992022,ncaab,2017-12-22T19:00Z,final,2142,220,Colgate,Pitt-Bradford,103,52,,,,0,,,,,,,,,,2,,0,Hamilton,NY,1,181,,,,-5.0,"49,54","20,32",,,,,,,,
ncaab:400992270,ncaab,2017-12-22T19:00Z,final,2097,2019,Campbell,Allen,91,62,,,,0,,,,,,,,,,2,,0,Buies Creek,NC,1,63,,,,-5.0,"49,42","29,33",,,,,,,,
ncaab:400986317,ncaab,2017-12-22T20:00Z,final,228,309,Clemson,Louisiana,89,60,,,,0,,,,,,,,,,2,,0,Clemson,SC,1,221,,,,-5.0,"43,46","28,32",,,,,,,,
ncaab:400986939,ncaab,2017-12-22T20:00Z,final,9,279,Arizona St,Pacific,104,65,,,,0,,,,,,,,,,2,,0,Tempe,AZ,1,360,,,,-7.0,"47,57","31,34",,,,,,,,
ncaab:400988992,ncaab,2017-12-22T20:00Z,final,2641,2000,Texas Tech,Abilene Chrstn,74,47,,,,0,,,,,,,,,,2,,0,Lubbock,TX,1,976,,,,-6.0,"30,44","15,32",,,,,,,,
ncaab:400992382,ncaab,2017-12-22T20:00Z,final,2515,2448,Radford,NC A&T,66,60,,,,1,,,,,,,,,,2,,0,Las Vegas,NV,1,610,,,,-8.0,"35,31","26,34",,,,,,,,
ncaab:400991109,ncaab,2017-12-22T20:30Z,final,225,2368,Brown,Marist,90,69,,,,0,,,,,,,,,,2,,0,Providence,RI,1,2,,,,-5.0,"46,44","31,38",,,,,,,,
ncaab:401005577,ncaab,2017-12-22T20:30Z,final,2870,2348,Purdue FW,Louisiana Tech,76,85,,,,1,,,,,,,,,,2,,0,New Orleans,LA,1,0,,,,-6.0,"30,46","38,47",,,,,,,,
ncaab:400990105,ncaab,2017-12-22T21:00Z,final,113,311,UMass,Maine,74,63,,,,0,,,,,,,,,,2,,0,Amherst,MA,1,82,,,,-5.0,"40,34","15,48",,,,,,,,
ncaab:400991687,ncaab,2017-12-22T21:00Z,final,2005,3094,Air Force,Joh. & Wales CO,111,68,,,,0,,,,,,,,,,2,,0,Colorado Springs,CO,1,1832,,,,-7.0,"62,49","28,40",,,,,,,,
ncaab:400988991,ncaab,2017-12-22T22:30Z,final,302,2320,UC Davis,Lamar,77,68,,,,1,,,,,,,,,,2,,0,Las Vegas,NV,1,610,,,,-8.0,"29,48","30,38",,,,,,,,
ncaab:400991673,ncaab,2017-12-22T22:30Z,final,163,2393,Princeton,MTSU,67,69,,,,1,,,,,,,,,,2,,0,Honolulu,HI,1,5,,,,-10.0,"28,39","23,46",,,,,,,,
ncaab:400989668,ncaab,2017-12-22T23:00Z,final,282,2210,Indiana St,Elon,68,73,,,,0,,,,,,,,,,2,,0,Terre Haute,IN,1,152,,,,-5.0,"29,39","37,36",,,,,,,,
ncaab:400988542,ncaab,2017-12-22T23:30Z,final,2507,2529,Providence,Sacred Heart,89,75,,,,0,,,,,,,,,,2,,0,Providence,RI,1,2,,,,-5.0,"49,40","32,43",,,,,,,,
ncaab:400986160,ncaab,2017-12-23T00:00Z,final,183,179,Syracuse,St Bonaventure,57,60,,,,0,,,,,,,,,,2,,0,Syracuse,NY,1,121,,,,-5.0,"33,20,4","40,13,7",,,,,,,,
ncaab:400986161,ncaab,2017-12-23T00:00Z,final,152,294,NC State,Jacksonville,116,64,,,,0,,,,,,,,,,2,,0,Raleigh,NC,1,96,,,,-5.0,"60,56","28,36",,,,,,,,
ncaab:400986459,ncaab,2017-12-23T00:00Z,final,201,77,Oklahoma,Northwestern,104,78,,,,0,,,,,,,,,,2,,0,Norman,OK,1,357,,,,-6.0,"68,36","38,40",,,,,,,,
ncaab:400986460,ncaab,2017-12-23T00:00Z,final,164,2619,Rutgers,Stony Brook,73,75,,,,0,,,,,,,,,,2,,0,Piscataway,NJ,1,30,,,,-5.0,"23,41,9","22,42,11",,,,,,,,
ncaab:400986461,ncaab,2017-12-23T00:00Z,final,213,2520,Penn State,Rider,70,71,,,,0,,,,,,,,,,2,,0,University Park,PA,1,348,,,,-5.0,"35,35","31,40",,,,,,,,
ncaab:400986651,ncaab,2017-12-23T00:00Z,final,258,2261,Virginia,Hampton,82,48,,,,0,,,,,,,,,,2,,0,Charlottesville,VA,1,142,,,,-5.0,"40,42","25,23",,,,,,,,
ncaab:400986693,ncaab,2017-12-23T00:00Z,final,221,119,Pitt,Towson,63,59,,,,0,,,,,,,,,,2,,0,Pittsburgh,PA,1,233,,,,-5.0,"24,39","27,32",,,,,,,,
ncaab:400987266,ncaab,2017-12-23T00:00Z,final,145,71,Ole Miss,Bradley,82,59,,,,0,,,,,,,,,,2,,0,Oxford,MS,1,154,,,,-6.0,"40,42","20,39",,,,,,,,
ncaab:400987269,ncaab,2017-12-23T00:00Z,final,57,2916,Florida,Incarnate Word,75,60,,,,0,,,,,,,,,,2,,0,Gainesville,FL,1,54,,,,-5.0,"37,38","34,26",,,,,,,,
ncaab:400987271,ncaab,2017-12-23T00:00Z,final,238,2016,Vanderbilt,Alcorn St,92,51,,,,0,,,,,,,,,,2,,0,Nashville,TN,1,170,,,,-6.0,"52,40","24,27",,,,,,,,
ncaab:400988034,ncaab,2017-12-23T00:00Z,final,2724,526,Wichita St,FGCU,75,65,,,,0,,,,,,,,,,2,,0,Wichita,KS,1,396,,,,-6.0,"35,40","33,32",,,,,,,,
ncaab:400988733,ncaab,2017-12-23T00:00Z,final,2670,2678,VCU,VMI,75,65,,,,0,,,,,,,,,,2,,0,Richmond,VA,1,64,,,,-5.0,"39,36","21,44",,,,,,,,
ncaab:400988734,ncaab,2017-12-23T00:00Z,final,2193,290,ETSU,GA Southern,79,59,,,,0,,,,,,,,,,2,,0,Johnson City,TN,1,498,,,,-5.0,"36,43","31,28",,,,,,,,
ncaab:400989358,ncaab,2017-12-23T00:00Z,final,140,2571,Kansas City,S Dakota St,60,85,,,,0,,,,,,,,,,2,,0,Kansas City,MO,1,274,,,,-6.0,"30,30","46,39",,,,,,,,
ncaab:400989886,ncaab,2017-12-23T00:00Z,final,2244,2415,George Mason,Morgan St,86,79,,,,0,,,,,,,,,,2,,0,Fairfax,VA,1,131,,,,-5.0,"32,54","42,37",,,,,,,,
ncaab:400989955,ncaab,2017-12-23T00:00Z,final,139,2546,Saint Louis,SE Missouri,78,48,,,,0,,,,,,,,,,2,,0,St. Louis,MO,1,142,,,,-6.0,"35,43","23,25",,,,,,,,
ncaab:400990023,ncaab,2017-12-23T00:00Z,final,2066,112358,Binghamton,Long Island,66,74,,,,0,,,,,,,,,,2,,0,Binghamton,NY,1,264,,,,-5.0,"29,37","30,44",,,,,,,,
ncaab:400990073,ncaab,2017-12-23T00:00Z,final,2083,2325,Bucknell,La Salle,88,81,,,,0,,,,,,,,,,2,,0,Lewisburg,PA,1,144,,,,-5.0,"41,47","34,47",,,,,,,,
ncaab:400990180,ncaab,2017-12-23T00:00Z,final,2050,2296,Ball State,Jackson St,70,54,,,,0,,,,,,,,,,2,,0,Muncie,IN,1,284,,,,-5.0,"31,39","23,31",,,,,,,,
ncaab:400990181,ncaab,2017-12-23T00:00Z,final,2117,2565,C Michigan,SIUE,70,52,,,,0,,,,,,,,,,2,,0,Mount Pleasant,MI,1,235,,,,-5.0,"34,36","23,29",,,,,,,,
ncaab:400990182,ncaab,2017-12-23T00:00Z,final,2473,2199,Oakland,E Michigan,86,81,,,,0,,,,,,,,,,2,,0,Rochester,MI,1,229,,,,-5.0,"43,43","31,50",,,,,,,,
ncaab:400990420,ncaab,2017-12-23T00:00Z,final,324,232,Coastal,Charleston,65,67,,,,0,,,,,,,,,,2,,0,Conway,SC,1,10,,,,-5.0,"27,38","26,41",,,,,,,,
ncaab:400990776,ncaab,2017-12-23T00:00Z,final,2154,116,Coppin St,Mount St Marys,53,66,,,,0,,,,,,,,,,2,,0,Baltimore,MD,1,10,,,,-5.0,"21,32","33,33",,,,,,,,
ncaab:400990777,ncaab,2017-12-23T00:00Z,final,2523,2099,Robert Morris,Canisius,62,76,,,,0,,,,,,,,,,2,,0,Pittsburgh,PA,1,233,,,,-5.0,"28,34","37,39",,,,,,,,
ncaab:400990940,ncaab,2017-12-23T00:00Z,final,2174,93,Detroit Mercy,Murray St,72,81,,,,0,,,,,,,,,,2,,0,Detroit,MI,1,183,,,,-5.0,"36,36","40,41",,,,,,,,
ncaab:400990943,ncaab,2017-12-23T00:00Z,final,276,2198,Marshall,E Kentucky,91,71,,,,0,,,,,,,,,,2,,0,Huntington,WV,1,173,,,,-5.0,"48,43","32,39",,,,,,,,
ncaab:400991110,ncaab,2017-12-23T00:00Z,final,2217,160,Fairfield,New Hampshire,78,68,,,,0,,,,,,,,,,2,,0,Bridgeport,CT,1,1,,,,-5.0,"38,40","33,35",,,,,,,,
ncaab:400991111,ncaab,2017-12-23T00:00Z,final,43,2405,Yale,Monmouth,64,85,,,,0,,,,,,,,,,2,,0,New Haven,CT,1,18,,,,-5.0,"28,36","43,42",,,,,,,,
ncaab:400991112,ncaab,2017-12-23T00:00Z,final,2561,107,Siena,Holy Cross,71,65,,,,0,,,,,,,,,,2,,0,Albany,NY,1,45,,,,-5.0,"40,31","33,32",,,,,,,,
ncaab:400991516,ncaab,2017-12-23T00:00Z,final,2229,42,FIU,Hartford,72,79,,,,0,,,,,,,,,,2,,0,Miami,FL,1,2,,,,-5.0,"34,38","34,45",,,,,,,,
ncaab:400992573,ncaab,2017-12-23T00:00Z,final,295,2450,Old Dominion,Norfolk St,61,50,,,,0,,,,,,,,,,2,,0,Norfolk,VA,1,2,,,,-5.0,"23,38","22,28",,,,,,,,
ncaab:401005582,ncaab,2017-12-23T00:00Z,final,47,350,Howard,UNC Wilmington,80,75,,,,1,,,,,,,,,,2,,0,El Paso,TX,1,1133,,,,-7.0,"32,48","40,35",,,,,,,,
ncaab:400986458,ncaab,2017-12-23T01:00Z,final,158,2169,Nebraska,Delaware St,85,68,,,,0,,,,,,,,,,2,,0,Lincoln,NE,1,367,,,,-6.0,"42,43","26,42",,,,,,,,
ncaab:400987267,ncaab,2017-12-23T01:00Z,final,99,2454,LSU,North Florida,104,52,,,,0,,,,,,,,,,2,,0,Baton Rouge,LA,1,14,,,,-6.0,"54,50","23,29",,,,,,,,
ncaab:400988407,ncaab,2017-12-23T01:00Z,final,30,2006,USC,Akron,84,53,,,,1,,,,,,,,,,2,,0,Honolulu,HI,1,5,,,,-10.0,"29,55","33,20",,,,,,,,
ncaab:400989665,ncaab,2017-12-23T01:00Z,final,2181,2379,Drake,MD Eastern,81,57,,,,0,,,,,,,,,,2,,0,Des Moines,IA,1,266,,,,-6.0,"33,48","28,29",,,,,,,,
ncaab:400990421,ncaab,2017-12-23T01:00Z,final,2032,510,Arkansas St,Culver Stock,99,68,,,,0,,,,,,,,,,2,,0,Jonesboro,AR,1,99,,,,-6.0,"52,47","34,34",,,,,,,,
ncaab:400990422,ncaab,2017-12-23T01:00Z,final,242,326,Rice,Texas St,66,74,,,,0,,,,,,,,,,2,,0,Houston,TX,1,12,,,,-6.0,"33,33","33,41",,,,,,,,
ncaab:400990543,ncaab,2017-12-23T01:00Z,final,270,2711,Milwaukee,W Michigan,63,66,,,,0,,,,,,,,,,2,,0,Milwaukee,WI,1,188,,,,-6.0,"25,38","29,37",,,,,,,,
ncaab:400990941,ncaab,2017-12-23T01:00Z,final,2630,2029,UT Martin,AR-Pine Bluff,74,68,,,,0,,,,,,,,,,2,,0,Martin,TN,1,124,,,,-6.0,"32,42","29,39",,,,,,,,
ncaab:400990942,ncaab,2017-12-23T01:00Z,final,2046,98,Austin Peay,Western KY,55,72,,,,0,,,,,,,,,,2,,0,Clarksville,TN,1,145,,,,-6.0,"32,23","30,42",,,,,,,,
ncaab:400987057,ncaab,2017-12-23T01:30Z,final,2539,2184,San Francisco,Duquesne,65,67,,,,1,,,,,,,,,,2,,0,Las Vegas,NV,1,610,,,,-8.0,"22,43","31,36",,,,,,,,
ncaab:400988543,ncaab,2017-12-23T01:30Z,final,222,2275,Villanova,Hofstra,95,71,,,,1,,,,,,,,,,2,,0,Uniondale,NY,1,16,,,,-5.0,"52,43","31,40",,,,,,,,
ncaab:400986457,ncaab,2017-12-23T02:00Z,final,2294,38,Iowa,Colorado,80,73,,,,1,,,,,,,,,,2,,0,Sioux Falls,SD,1,448,,,,-6.0,"32,48","31,42",,,,,,,,
ncaab:400986630,ncaab,2017-12-23T02:00Z,final,59,2750,Georgia Tech,Wright St,81,85,,,,0,,,,,,,,,,2,,0,Atlanta,GA,1,320,,,,-5.0,"40,41","31,54",,,,,,,,
ncaab:400987270,ncaab,2017-12-23T02:00Z,final,333,251,Alabama,Texas,50,66,,,,0,,,,,,,,,,2,,0,Birmingham,AL,1,187,,,,-6.0,"28,22","35,31",,,,,,,,
ncaab:400988286,ncaab,2017-12-23T02:00Z,final,265,2065,Washington St,Bethune,86,58,,,,0,,,,,,,,,,2,,0,Pullman,WA,1,717,,,,-8.0,"40,46","40,18",,,,,,,,
ncaab:400988544,ncaab,2017-12-23T02:00Z,final,2460,2752,Northern Iowa,Xavier,67,77,,,,0,,,,,,,,,,2,,0,Cedar Falls,IA,1,268,,,,-6.0,"29,38","29,48",,,,,,,,
ncaab:400989249,ncaab,2017-12-23T02:00Z,final,2628,2729,TCU,William & Mary,86,75,,,,0,,,,,,,,,,2,,0,Fort Worth,TX,1,199,,,,-6.0,"36,50","31,44",,,,,,,,
ncaab:400989666,ncaab,2017-12-23T02:00Z,final,2623,2350,Missouri St,Loyola Chicago,64,59,,,,0,,,,,,,,,,2,,0,Springfield,MO,1,396,,,,-6.0,"33,31","26,33",,,,,,,,
ncaab:400991264,ncaab,2017-12-23T02:00Z,final,2692,597,Weber St,Presentation,88,48,,,,0,,,,,,,,,,2,,0,Ogden,UT,1,1311,,,,-7.0,"37,51","23,25",,,,,,,,
ncaab:400991782,ncaab,2017-12-23T02:00Z,final,167,2504,New Mexico,Prairie View,87,78,,,,0,,,,,,,,,,2,,0,Albuquerque,NM,1,1511,,,,-7.0,"49,38","41,37",,,,,,,,
ncaab:401005583,ncaab,2017-12-23T02:30Z,final,2638,2449,UTEP,N Dakota St,51,63,,,,0,,,,,,,,,,2,,0,El Paso,TX,1,1133,,,,-7.0,"25,26","21,42",,,,,,,,
ncaab:400986912,ncaab,2017-12-23T03:00Z,final,2351,2239,LMU,Fullerton,80,88,,,,0,,,,,,,,,,2,,0,Los Angeles,CA,1,89,,,,-8.0,"33,47","43,45",,,,,,,,
ncaab:400987001,ncaab,2017-12-23T03:00Z,final,301,109670,San Diego,Life Pacific,94,51,,,,0,,,,,,,,,,2,,0,San Diego,CA,1,20,,,,-8.0,"43,51","24,27",,,,,,,,
ncaab:400991265,ncaab,2017-12-23T03:00Z,final,2439,2458,UNLV,N Colorado,94,91,,,,0,,,,,,,,,,2,,0,Las Vegas,NV,1,610,,,,-8.0,"46,48","38,53",,,,,,,,
ncaab:400992390,ncaab,2017-12-23T03:00Z,final,2608,2427,Saint Mary's,UNC Asheville,95,69,,,,0,,,,,,,,,,2,,0,Moraga,CA,1,152,,,,-8.0,"56,39","37,32",,,,,,,,
ncaab:400992528,ncaab,2017-12-23T03:00Z,final,27,3185,UC Riverside,UC Merced,91,46,,,,0,,,,,,,,,,2,,0,Riverside,CA,1,252,,,,-8.0,"47,44","24,22",,,,,,,,
ncaab:400988287,ncaab,2017-12-23T04:00Z,final,264,149,Washington,Montana,66,63,,,,0,,,,,,,,,,2,,0,Seattle,WA,1,56,,,,-8.0,"33,33","32,31",,,,,,,,
ncaab:400989667,ncaab,2017-12-23T04:00Z,final,2440,79,Nevada,S Illinois,86,64,,,,1,,,,,,,,,,2,,0,Las Vegas,NV,1,610,,,,-8.0,"46,40","28,36",,,,,,,,
ncaab:400989781,ncaab,2017-12-23T04:00Z,final,166,2166,New Mexico St,Davidson,69,68,,,,1,,,,,,,,,,2,,0,Honolulu,HI,1,5,,,,-10.0,"35,34","27,41",,,,,,,,
ncaab:400986162,ncaab,2017-12-23T06:21Z,final,62,2390,Hawai'i,Miami,57,75,,,,0,,,,,,,,,,2,,0,Honolulu,HI,1,5,,,,-10.0,"33,24","33,42",,,,,,,,
ncaab:400988035,ncaab,2017-12-23T17:00Z,final,235,2352,Memphis,Loyola MD,83,71,,,,0,,,,,,,,,,2,,0,Memphis,TN,1,78,,,,-6.0,"35,48","35,36",,,,,,,,
ncaab:400988545,ncaab,2017-12-23T17:00Z,final,46,2010,Georgetown,Alabama A&M,89,49,,,,0,,,,,,,,,,2,,0,Washington,DC,1,7,,,,-5.0,"44,45","21,28",,,,,,,,
ncaab:400988546,ncaab,2017-12-23T17:00Z,final,2550,2363,Seton Hall,Manhattan,74,62,,,,0,,,,,,,,,,2,,0,Newark,NJ,1,9,,,,-5.0,"49,25","27,35",,,,,,,,
ncaab:400989281,ncaab,2017-12-23T17:00Z,final,277,2230,West Virginia,Fordham,86,69,,,,0,,,,,,,,,,2,,0,Morgantown,WV,1,271,,,,-5.0,"46,40","39,30",,,,,,,,
ncaab:400989906,ncaab,2017-12-23T17:00Z,final,45,108,G Washington,Harvard,58,48,,,,0,,,,,,,,,,2,,0,Washington,DC,1,7,,,,-5.0,"30,28","24,24",,,,,,,,
ncaab:400986163,ncaab,2017-12-23T17:30Z,final,154,2633,Wake Forest,Tennessee,60,79,,,,0,,,,,,,,,,2,,0,Winston-Salem,NC,1,293,,,,-5.0,"35,25","36,43",,,,,,,,
ncaab:400986165,ncaab,2017-12-23T18:00Z,final,97,2253,Louisville,Grand Canyon,74,56,,,,0,,,,,,,,,,2,,0,Louisville,KY,1,142,,,,-5.0,"31,43","25,31",,,,,,,,
ncaab:400986166,ncaab,2017-12-23T18:00Z,final,103,257,Boston College,Richmond,78,73,,,,0,,,,,,,,,,2,,0,Chestnut Hill,MA,1,60,,,,-5.0,"39,27,12","33,33,7",,,,,,,,
ncaab:400988735,ncaab,2017-12-23T18:00Z,final,236,2247,Chattanooga,Georgia St,48,71,,,,0,,,,,,,,,,2,,0,Chattanooga,TN,1,206,,,,-5.0,"15,33","33,38",,,,,,,,
ncaab:400990778,ncaab,2017-12-23T18:00Z,final,2349,2115,UMass Lowell,C Connecticut,73,76,,,,0,,,,,,,,,,2,,0,Lowell,MA,1,36,,,,-5.0,"37,36","34,42",,,,,,,,
ncaab:400991113,ncaab,2017-12-23T18:00Z,final,172,315,Cornell,Niagara,86,89,,,,0,,,,,,,,,,2,,0,Ithaca,NY,1,125,,,,-5.0,"38,48","49,40",,,,,,,,
ncaab:400986164,ncaab,2017-12-23T18:30Z,final,153,194,North Carolina,Ohio State,86,72,,,,1,,,,,,,,,,2,,0,New Orleans,LA,1,0,,,,-6.0,"41,45","27,45",,,,,,,,
ncaab:400989669,ncaab,2017-12-23T19:00Z,final,339,2287,Evansville,Illinois St,66,72,,,,0,,,,,,,,,,2,,0,Evansville,IN,1,118,,,,-6.0,"33,33","36,36",,,,,,,,
ncaab:400990183,ncaab,2017-12-23T19:00Z,final,325,2649,Cleveland St,Toledo,62,77,,,,0,,,,,,,,,,2,,0,Cleveland,OH,1,199,,,,-5.0,"30,32","32,45",,,,,,,,
ncaab:400990779,ncaab,2017-12-23T19:00Z,final,2612,2597,Saint Peter's,St Francis BK,71,68,,,,0,,,,,,,,,,2,,0,Jersey City,NJ,1,9,,,,-5.0,"25,37,9","22,40,6",,,,,,,,
ncaab:400987274,ncaab,2017-12-23T19:30Z,final,2,41,Auburn,UConn,89,64,,,,0,,,,,,,,,,2,,0,Auburn,AL,1,215,,,,-6.0,"47,42","24,40",,,,,,,,
ncaab:400989818,ncaab,2017-12-23T20:00Z,final,2168,2681,Dayton,Wagner,79,67,,,,0,,,,,,,,,,2,,0,Dayton,OH,1,225,,,,-5.0,"43,36","21,46",,,,,,,,
ncaab:400992574,ncaab,2017-12-23T20:00Z,final,5,2400,UAB,Miss Valley St,74,57,,,,0,,,,,,,,,,2,,0,Birmingham,AL,1,187,,,,-6.0,"40,34","23,34",,,,,,,,
ncaab:401005786,ncaab,2017-12-23T20:00Z,final,2448,2320,NC A&T,Lamar,74,70,,,,1,,,,,,,,,,2,,0,Las Vegas,NV,1,610,,,,-8.0,"32,42","21,49",,,,,,,,
ncaab:400986462,ncaab,2017-12-23T20:30Z,final,135,2226,Minnesota,FAU,95,60,,,,0,,,,,,,,,,2,,0,Minneapolis,MN,1,253,,,,-6.0,"53,42","31,29",,,,,,,,
ncaab:400987273,ncaab,2017-12-23T21:00Z,final,96,26,Kentucky,UCLA,75,83,,,,1,,,,,,,,,,2,,0,New Orleans,LA,1,0,,,,-6.0,"39,36","39,44",,,,,,,,
ncaab:400988994,ncaab,2017-12-23T21:00Z,final,2547,2447,Seattle U,Nicholls,95,89,,,,0,,,,,,,,,,2,,0,Seattle,WA,1,56,,,,-8.0,"47,48","38,51",,,,,,,,
ncaab:400991728,ncaab,2017-12-23T21:00Z,final,36,299,Colorado St,Long Beach St,68,66,,,,0,,,,,,,,,,2,,0,Fort Collins,CO,1,1525,,,,-7.0,"34,34","31,35",,,,,,,,
ncaab:400992178,ncaab,2017-12-23T21:00Z,final,82,2652,UIC,Trinity Chrstn,84,45,,,,0,,,,,,,,,,2,,0,Chicago,IL,1,179,,,,-6.0,"45,39","23,22",,,,,,,,
ncaab:400999694,ncaab,2017-12-23T21:30Z,final,30,2393,USC,MTSU,89,84,,,,1,,,,,,,,,,2,,0,Honolulu,HI,1,5,,,,-10.0,"42,47","43,41",,,,,,,,
ncaab:400986464,ncaab,2017-12-23T22:30Z,final,275,2739,Wisconsin,Green Bay,81,60,,,,0,,,,,,,,,,2,,0,Madison,WI,1,267,,,,-6.0,"44,37","24,36",,,,,,,,
ncaab:401005787,ncaab,2017-12-23T22:30Z,final,2515,302,Radford,UC Davis,72,62,,,,1,,,,,,,,,,2,,0,Las Vegas,NV,1,610,,,,-8.0,"32,23,17","29,26,7",,,,,,,,
ncaab:400992465,ncaab,2017-12-23T23:00Z,final,2463,304,CSU Northridge,Idaho St,55,67,,,,0,,,,,,,,,,2,,0,Northridge,CA,1,246,,,,-8.0,"33,22","33,34",,,,,,,,
ncaab:400987272,ncaab,2017-12-24T00:00Z,final,2572,344,Southern Miss,Mississippi St,64,70,,,,1,,,,,,,,,,2,,0,Jackson,MS,1,85,,,,-6.0,"27,37","36,34",,,,,,,,
ncaab:400999695,ncaab,2017-12-24T00:00Z,final,2006,163,Akron,Princeton,62,64,,,,1,,,,,,,,,,2,,0,Honolulu,HI,1,5,,,,-10.0,"32,30","25,39",,,,,,,,
ncaab:400986463,ncaab,2017-12-24T01:00Z,final,142,356,Missouri,Illinois,64,70,,,,1,,,,,,,,,,2,,0,St. Louis,MO,1,142,,,,-6.0,"22,42","42,28",,,,,,,,
ncaab:400989670,ncaab,2017-12-24T01:30Z,final,79,2184,S Illinois,Duquesne,74,64,,,,1,,,,,,,,,,2,,0,Las Vegas,NV,1,610,,,,-8.0,"33,41","30,34",,,,,,,,
ncaab:400986858,ncaab,2017-12-24T02:00Z,final,252,2640,BYU,Texas Southern,73,52,,,,0,,,,,,,,,,2,,0,Provo,UT,1,1387,,,,-7.0,"31,42","28,24",,,,,,,,
ncaab:400999696,ncaab,2017-12-24T03:00Z,final,2390,166,Miami,New Mexico St,54,63,,,,1,,,,,,,,,,2,,0,Honolulu,HI,1,5,,,,-10.0,"25,29","29,34",,,,,,,,
ncaab:400992534,ncaab,2017-12-24T03:05Z,final,16,2540,Sacramento St,Santa Barbara,72,82,,,,0,,,,,,,,,,2,,0,Sacramento,CA,1,9,,,,-8.0,"32,40","44,38",,,,,,,,
ncaab:400987058,ncaab,2017-12-24T04:00Z,final,2539,2440,San Francisco,Nevada,66,64,,,,1,,,,,,,,,,2,,0,Las Vegas,NV,1,610,,,,-8.0,"35,31","26,38",,,,,,,,
ncaab:400999697,ncaab,2017-12-24T05:30Z,final,62,2166,Hawai'i,Davidson,79,71,,,,0,,,,,,,,,,2,,0,Honolulu,HI,1,5,,,,-10.0,"40,39","32,39",,,,,,,,
ncaab:400999698,ncaab,2017-12-25T17:30Z,final,2166,2006,Davidson,Akron,91,78,,,,1,,,,,,,,,,2,,0,Honolulu,HI,1,5,,,,-10.0,"39,52","34,44",,,,,,,,
ncaab:400999699,ncaab,2017-12-25T19:46Z,final,62,163,Hawai'i,Princeton,63,77,,,,0,,,,,,,,,,2,,0,Honolulu,HI,1,5,,,,-10.0,"31,32","31,46",,,,,,,,
ncaab:400999700,ncaab,2017-12-25T23:00Z,final,166,30,New Mexico St,USC,72,77,,,,1,,,,,,,,,,2,,0,Honolulu,HI,1,5,,,,-10.0,"34,38","34,43",,,,,,,,
ncaab:400999701,ncaab,2017-12-26T01:30Z,final,2390,2393,Miami,MTSU,84,81,,,,1,,,,,,,,,,2,,0,Honolulu,HI,1,5,,,,-10.0,"34,50","29,52",,,,,,,,
ncaab:400987275,ncaab,2017-12-27T20:00Z,final,2579,2336,South Carolina,Limestone,74,45,,,,0,,,,,,,,,,2,,0,Columbia,SC,1,89,,,,-5.0,"34,40","25,20",,,,,,,,
ncaab:400988547,ncaab,2017-12-27T23:30Z,final,46,2086,Georgetown,Butler,89,91,,,,0,,,,,,,,,,2,,0,Washington,DC,1,7,,,,-5.0,"42,33,8,6","24,51,8,8",,,,,,,,
ncaab:400986167,ncaab,2017-12-28T00:00Z,final,183,2199,Syracuse,E Michigan,62,47,,,,0,,,,,,,,,,2,,0,Syracuse,NY,1,121,,,,-5.0,"24,38","24,23",,,,,,,,
ncaab:400990094,ncaab,2017-12-28T00:00Z,final,227,526,Rhode Island,FGCU,80,60,,,,0,,,,,,,,,,2,,0,Kingston,RI,1,75,,,,-5.0,"38,42","32,28",,,,,,,,
ncaab:400991665,ncaab,2017-12-28T00:00Z,final,219,2169,Penn,Delaware St,105,52,,,,0,,,,,,,,,,2,,0,Philadelphia,PA,1,12,,,,-5.0,"55,50","24,28",,,,,,,,
ncaab:400986168,ncaab,2017-12-28T00:30Z,final,59,2154,Georgia Tech,Coppin St,76,62,,,,0,,,,,,,,,,2,,0,Atlanta,GA,1,320,,,,-5.0,"30,46","33,29",,,,,,,,
ncaab:400988548,ncaab,2017-12-28T00:30Z,final,305,222,DePaul,Villanova,85,103,,,,0,,,,,,,,,,2,,0,Chicago,IL,1,179,,,,-6.0,"33,52","48,55",,,,,,,,
ncaab:400987276,ncaab,2017-12-28T01:00Z,final,8,2934,Arkansas,Bakersfield,95,68,,,,0,,,,,,,,,,2,,0,Fayetteville,AR,1,427,,,,-6.0,"42,53","38,30",,,,,,,,
ncaab:400988549,ncaab,2017-12-28T01:45Z,final,269,2752,Marquette,Xavier,87,91,,,,0,,,,,,,,,,2,,0,Milwaukee,WI,1,188,,,,-6.0,"39,48","42,49",,,,,,,,
ncaab:400986465,ncaab,2017-12-28T02:00Z,final,275,2130,Wisconsin,Chicago St,82,70,,,,0,,,,,,,,,,2,,0,Madison,WI,1,267,,,,-6.0,"41,41","24,46",,,,,,,,
ncaab:400988036,ncaab,2017-12-28T02:00Z,final,2567,2116,SMU,UCF,56,51,,,,0,,,,,,,,,,2,,0,Dallas,TX,1,128,,,,-6.0,"26,30","21,30",,,,,,,,
ncaab:400990638,ncaab,2017-12-28T02:00Z,final,2253,2415,Grand Canyon,Morgan St,100,74,,,,0,,,,,,,,,,2,,0,Phoenix,AZ,1,331,,,,-7.0,"46,54","33,41",,,,,,,,
ncaab:400991688,ncaab,2017-12-28T02:00Z,final,167,2005,New Mexico,Air Force,87,58,,,,0,,,,,,,,,,2,,0,Albuquerque,NM,1,1511,,,,-7.0,"36,51","20,38",,,,,,,,
ncaab:400991794,ncaab,2017-12-28T02:00Z,final,2751,21,Wyoming,San Diego St,82,69,,,,0,,,,,,,,,,2,,0,Laramie,WY,1,2184,,,,-7.0,"37,45","40,29",,,,,,,,
ncaab:400991804,ncaab,2017-12-28T02:00Z,final,328,23,Utah State,San José St,86,72,,,,0,,,,,,,,,,2,,0,Logan,UT,1,1382,,,,-7.0,"44,42","28,44",,,,,,,,
ncaab:400991709,ncaab,2017-12-28T02:30Z,final,68,36,Boise St,Colorado St,93,71,,,,0,,,,,,,,,,2,,0,Boise,ID,1,823,,,,-7.0,"43,50","33,38",,,,,,,,
ncaab:400991767,ncaab,2017-12-28T03:00Z,final,278,2440,Fresno St,Nevada,65,80,,,,0,,,,,,,,,,2,,0,Fresno,CA,1,94,,,,-8.0,"30,35","38,42",,,,,,,,
ncaab:400992466,ncaab,2017-12-28T03:00Z,final,2463,3096,CSU Northridge,S Diego Christ,93,63,,,,0,,,,,,,,,,2,,0,Northridge,CA,1,246,,,,-8.0,"51,42","23,40",,,,,,,,
ncaab:400986169,ncaab,2017-12-28T17:00Z,final,259,2448,Virginia Tech,NC A&T,76,59,,,,0,,,,,,,,,,2,,0,Blacksburg,VA,1,633,,,,-5.0,"38,38","20,39",,,,,,,,
ncaab:400988996,ncaab,2017-12-28T19:00Z,final,2110,357,C Arkansas,Texas A&M-CC,81,69,,,,0,,,,,,,,,,2,,0,Conway,AR,1,95,,,,-6.0,"41,40","31,38",,,,,,,,
ncaab:400991397,ncaab,2017-12-28T19:00Z,final,48,172,Delaware,Cornell,97,96,,,,0,,,,,,,,,,2,,0,Newark,DE,1,38,,,,-5.0,"36,45,16","47,34,15",,,,,,,,
ncaab:400988037,ncaab,2017-12-28T22:00Z,final,202,151,Tulsa,East Carolina,79,53,,,,0,,,,,,,,,,2,,0,Tulsa,OK,1,220,,,,-6.0,"31,48","27,26",,,,,,,,
ncaab:400990184,ncaab,2017-12-28T22:30Z,final,189,109671,Bowling Green,Lourdes,97,56,,,,0,,,,,,,,,,2,,0,Bowling Green,OH,1,212,,,,-5.0,"48,49","22,34",,,,,,,,
ncaab:400988550,ncaab,2017-12-28T23:30Z,final,2550,156,Seton Hall,Creighton,90,84,,,,0,,,,,,,,,,2,,0,Newark,NJ,1,9,,,,-5.0,"42,48","53,31",,,,,,,,
ncaab:400986466,ncaab,2017-12-29T00:00Z,final,164,42,Rutgers,Hartford,58,60,,,,0,,,,,,,,,,2,,0,Piscataway,NJ,1,30,,,,-5.0,"29,29","27,33",,,,,,,,
ncaab:400988038,ncaab,2017-12-29T00:00Z,final,218,2655,Temple,Tulane,75,85,,,,0,,,,,,,,,,2,,0,Philadelphia,PA,1,12,,,,-5.0,"29,46","38,47",,,,,,,,
ncaab:400988039,ncaab,2017-12-29T00:00Z,final,58,248,South Florida,Houston,60,79,,,,0,,,,,,,,,,2,,0,Tampa,FL,1,1,,,,-5.0,"33,27","42,37",,,,,,,,
ncaab:400988551,ncaab,2017-12-29T00:00Z,final,2599,2507,St John's,Providence,72,94,,,,0,,,,,,,,,,2,,0,Queens,NY,1,12,,,,-5.0,"40,32","41,53",,,,,,,,
ncaab:400988736,ncaab,2017-12-29T00:00Z,final,2382,338,Mercer,Kennesaw St,89,56,,,,0,,,,,,,,,,2,,0,Macon,GA,1,112,,,,-5.0,"38,51","31,25",,,,,,,,
ncaab:400988737,ncaab,2017-12-29T00:00Z,final,2193,2839,ETSU,Tusculum,84,65,,,,0,,,,,,,,,,2,,0,Johnson City,TN,1,498,,,,-5.0,"47,37","28,37",,,,,,,,
ncaab:400989360,ncaab,2017-12-29T00:00Z,final,2870,354,Purdue FW,Olivet,99,93,,,,0,,,,,,,,,,2,,0,Fort Wayne,IN,1,247,,,,-5.0,"44,55","47,46",,,,,,,,
ncaab:400989672,ncaab,2017-12-29T00:00Z,final,282,2674,Indiana St,Valparaiso,73,64,,,,0,,,,,,,,,,2,,0,Terre Haute,IN,1,152,,,,-5.0,"27,46","30,34",,,,,,,,
ncaab:400989997,ncaab,2017-12-29T00:00Z,final,399,2309,UAlbany,Kent State,78,68,,,,0,,,,,,,,,,2,,0,Albany,NY,1,45,,,,-5.0,"29,49","29,39",,,,,,,,
ncaab:400990185,ncaab,2017-12-29T00:00Z,final,2084,2885,Buffalo,NJIT,86,81,,,,0,,,,,,,,,,2,,0,Buffalo,NY,1,183,,,,-5.0,"45,23,18","36,32,13",,,,,,,,
ncaab:400990945,ncaab,2017-12-29T00:00Z,final,2630,2634,UT Martin,Tennessee St,63,60,,,,0,,,,,,,,,,2,,0,Martin,TN,1,124,,,,-6.0,"26,30,7","28,28,4",,,,,,,,
ncaab:400991114,ncaab,2017-12-29T00:00Z,final,2217,2612,Fairfield,Saint Peter's,70,61,,,,0,,,,,,,,,,2,,0,Bridgeport,CT,1,1,,,,-5.0,"37,33","27,34",,,,,,,,
ncaab:400991480,ncaab,2017-12-29T00:00Z,final,350,2256,UNC Wilmington,Greensboro,101,60,,,,0,,,,,,,,,,2,,0,Wilmington,NC,1,9,,,,-5.0,"54,47","32,28",,,,,,,,
ncaab:400991883,ncaab,2017-12-29T00:00Z,final,294,109014,Jacksonville,Middle Georgia,81,60,,,,0,,,,,,,,,,2,,0,Jacksonville,FL,1,5,,,,-5.0,"37,44","36,24",,,,,,,,
ncaab:400992179,ncaab,2017-12-29T00:00Z,final,2750,82,Wright St,UIC,65,61,,,,0,,,,,,,,,,2,,0,Dayton,OH,1,225,,,,-5.0,"29,36","29,32",,,,,,,,
ncaab:400992576,ncaab,2017-12-29T00:00Z,final,276,2572,Marshall,Southern Miss,85,66,,,,0,,,,,,,,,,2,,0,Huntington,WV,1,173,,,,-5.0,"35,50","25,41",,,,,,,,
ncaab:400988999,ncaab,2017-12-29T00:30Z,final,2377,2916,McNeese,Incarnate Word,85,62,,,,0,,,,,,,,,,2,,0,Lake Charles,LA,1,4,,,,-6.0,"44,41","26,36",,,,,,,,
ncaab:400991115,ncaab,2017-12-29T00:30Z,final,2514,2405,Quinnipiac,Monmouth,78,76,,,,0,,,,,,,,,,2,,0,Hamden,CT,1,31,,,,-5.0,"44,34","43,33",,,,,,,,
ncaab:400992141,ncaab,2017-12-29T00:30Z,final,94,85,N Kentucky,IU Indy,77,59,,,,0,,,,,,,,,,2,,0,Highland Heights,KY,1,260,,,,-5.0,"31,46","22,37",,,,,,,,
ncaab:400988995,ncaab,2017-12-29T01:00Z,final,2443,2000,LSU N Orleans,Abilene Chrstn,77,74,,,,0,,,,,,,,,,2,,0,New Orleans,LA,1,0,,,,-6.0,"34,43","36,38",,,,,,,,
ncaab:400988997,ncaab,2017-12-29T01:00Z,final,2545,2617,SE Louisiana,SF Austin,73,62,,,,0,,,,,,,,,,2,,0,Hammond,LA,1,13,,,,-6.0,"33,40","29,33",,,,,,,,
ncaab:400988998,ncaab,2017-12-29T01:00Z,final,2320,2277,Lamar,Hou Christian,86,68,,,,0,,,,,,,,,,2,,0,Beaumont,TX,1,5,,,,-6.0,"36,50","29,39",,,,,,,,
ncaab:400989000,ncaab,2017-12-29T01:00Z,final,2447,2466,Nicholls,N'Western St,87,46,,,,0,,,,,,,,,,2,,0,Thibodaux,LA,1,4,,,,-6.0,"48,39","18,28",,,,,,,,
ncaab:400989671,ncaab,2017-12-29T01:00Z,final,2460,79,Northern Iowa,S Illinois,53,56,,,,0,,,,,,,,,,2,,0,Cedar Falls,IA,1,268,,,,-6.0,"25,28","22,34",,,,,,,,
ncaab:400989673,ncaab,2017-12-29T01:00Z,final,2181,71,Drake,Bradley,66,64,,,,0,,,,,,,,,,2,,0,Des Moines,IA,1,266,,,,-6.0,"33,33","33,31",,,,,,,,
ncaab:400990639,ncaab,2017-12-29T01:00Z,final,140,2048,Kansas City,Avila,89,58,,,,0,,,,,,,,,,2,,0,Kansas City,MO,1,274,,,,-6.0,"46,43","29,29",,,,,,,,
ncaab:400990944,ncaab,2017-12-29T01:00Z,final,2046,2565,Austin Peay,SIUE,78,58,,,,0,,,,,,,,,,2,,0,Clarksville,TN,1,145,,,,-6.0,"42,36","26,32",,,,,,,,
ncaab:400990946,ncaab,2017-12-29T01:00Z,final,93,2197,Murray St,E Illinois,80,52,,,,0,,,,,,,,,,2,,0,Murray,KY,1,163,,,,-6.0,"41,39","31,21",,,,,,,,
ncaab:400992105,ncaab,2017-12-29T01:00Z,final,2739,2174,Green Bay,Detroit Mercy,95,83,,,,0,,,,,,,,,,2,,0,Ashwaubenon,WI,1,185,,,,-6.0,"48,47","41,42",,,,,,,,
ncaab:400992156,ncaab,2017-12-29T01:00Z,final,270,2473,Milwaukee,Oakland,68,76,,,,0,,,,,,,,,,2,,0,Milwaukee,WI,1,188,,,,-6.0,"32,36","36,40",,,,,,,,
ncaab:400992577,ncaab,2017-12-29T01:00Z,final,98,2348,Western KY,Louisiana Tech,69,68,,,,0,,,,,,,,,,2,,0,Bowling Green,KY,1,161,,,,-6.0,"38,31","29,39",,,,,,,,
ncaab:400992578,ncaab,2017-12-29T01:00Z,final,2636,242,UTSA,Rice,79,66,,,,0,,,,,,,,,,2,,0,San Antonio,TX,1,198,,,,-6.0,"34,45","25,41",,,,,,,,
ncaab:400990947,ncaab,2017-12-29T01:30Z,final,55,2198,Jax State,E Kentucky,76,58,,,,0,,,,,,,,,,2,,0,Jacksonville,AL,1,216,,,,-6.0,"32,44","14,44",,,,,,,,
ncaab:400990948,ncaab,2017-12-29T01:30Z,final,2546,2057,SE Missouri,Belmont,72,94,,,,0,,,,,,,,,,2,,0,Cape Girardeau,MO,1,108,,,,-6.0,"36,36","47,47",,,,,,,,
ncaab:400990949,ncaab,2017-12-29T01:30Z,final,2635,2413,Tennessee Tech,Morehead St,69,67,,,,0,,,,,,,,,,2,,0,Cookeville,TN,1,334,,,,-6.0,"36,33","28,39",,,,,,,,
ncaab:400991266,ncaab,2017-12-29T01:30Z,final,253,147,Southern Utah,Montana St,99,104,,,,0,,,,,,,,,,2,,0,Cedar City,UT,1,1782,,,,-7.0,"46,53","49,55",,,,,,,,
ncaab:400991267,ncaab,2017-12-29T01:30Z,final,2464,149,N Arizona,Montana,69,87,,,,0,,,,,,,,,,2,,0,Flagstaff,AZ,1,2104,,,,-7.0,"30,39","42,45",,,,,,,,
ncaab:400986859,ncaab,2017-12-29T02:00Z,final,252,2501,BYU,Portland,69,45,,,,0,,,,,,,,,,2,,0,Provo,UT,1,1387,,,,-7.0,"31,38","24,21",,,,,,,,
ncaab:400986887,ncaab,2017-12-29T02:00Z,final,2250,279,Gonzaga,Pacific,81,48,,,,0,,,,,,,,,,2,,0,Spokane,WA,1,571,,,,-8.0,"31,50","21,27",,,,,,,,
ncaab:400987002,ncaab,2017-12-29T02:00Z,final,301,2539,San Diego,San Francisco,73,63,,,,0,,,,,,,,,,2,,0,San Diego,CA,1,20,,,,-8.0,"37,36","26,37",,,,,,,,
ncaab:400987277,ncaab,2017-12-29T02:00Z,final,235,99,Memphis,LSU,61,71,,,,0,,,,,,,,,,2,,0,Memphis,TN,1,78,,,,-6.0,"36,25","36,35",,,,,,,,
ncaab:400989361,ncaab,2017-12-29T02:00Z,final,2172,11,Denver,Colorado Mesa,106,60,,,,0,,,,,,,,,,2,,0,Denver,CO,1,1609,,,,-7.0,"56,50","34,26",,,,,,,,
ncaab:400990640,ncaab,2017-12-29T02:00Z,final,3084,27,Utah Valley,UC Riverside,90,82,,,,0,,,,,,,,,,2,,0,Orem,UT,1,1455,,,,-7.0,"54,36","36,46",,,,,,,,
ncaab:400992575,ncaab,2017-12-29T02:00Z,final,2638,249,UTEP,North Texas,62,63,,,,0,,,,,,,,,,2,,0,El Paso,TX,1,1133,,,,-7.0,"30,32","24,39",,,,,,,,
ncaab:400986963,ncaab,2017-12-29T03:00Z,final,2541,2492,Santa Clara,Pepperdine,72,65,,,,0,,,,,,,,,,2,,0,Santa Clara,CA,1,23,,,,-8.0,"29,43","27,38",,,,,,,,
ncaab:400990641,ncaab,2017-12-29T03:00Z,final,300,166,UC Irvine,New Mexico St,60,65,,,,0,,,,,,,,,,2,,0,Irvine,CA,1,17,,,,-8.0,"24,36","26,39",,,,,,,,
ncaab:400990642,ncaab,2017-12-29T03:00Z,final,2547,2755,Seattle U,Grambling,93,63,,,,0,,,,,,,,,,2,,0,Seattle,WA,1,56,,,,-8.0,"46,47","19,44",,,,,,,,
ncaab:400986913,ncaab,2017-12-29T04:00Z,final,2608,2351,Saint Mary's,LMU,87,59,,,,0,,,,,,,,,,2,,0,Moraga,CA,1,152,,,,-8.0,"44,43","18,41",,,,,,,,
ncaab:400986170,ncaab,2017-12-29T18:00Z,final,96,97,Kentucky,Louisville,90,61,,,,0,,,,,,,,,,2,,0,Lexington,KY,1,295,,,,-5.0,"41,49","27,34",,,,,,,,
ncaab:400990186,ncaab,2017-12-29T19:00Z,final,2199,2947,E Michigan,Rchster Chrstn,67,48,,,,0,,,,,,,,,,2,,0,Ypsilanti,MI,1,219,,,,-5.0,"45,22","22,26",,,,,,,,
ncaab:400992915,ncaab,2017-12-29T19:00Z,final,2582,3120,Southern,Ecclesia,98,57,,,,0,,,,,,,,,,2,,0,Baton Rouge,LA,1,14,,,,-6.0,"47,51","24,33",,,,,,,,
ncaab:400990780,ncaab,2017-12-29T20:00Z,final,2803,2523,Bryant,Robert Morris,54,68,,,,0,,,,,,,,,,2,,0,Smithfield,RI,1,84,,,,-5.0,"29,25","28,40",,,,,,,,
ncaab:400990784,ncaab,2017-12-29T20:30Z,final,2529,2597,Sacred Heart,St Francis BK,68,73,,,,0,,,,,,,,,,2,,0,Fairfield,CT,1,4,,,,-8.0,"31,37","39,34",,,,,,,,
ncaab:400990190,ncaab,2017-12-29T21:00Z,final,219,2649,Penn,Toledo,72,85,,,,0,,,,,,,,,,2,,0,Philadelphia,PA,1,12,,,,-5.0,"37,35","33,52",,,,,,,,
ncaab:400992905,ncaab,2017-12-29T21:00Z,final,2504,2299,Prairie View,Jarvis Chrstn,110,80,,,,0,,,,,,,,,,2,,0,Prairie View,TX,1,82,,,,-6.0,"59,51","32,48",,,,,,,,
ncaab:400990782,ncaab,2017-12-29T21:30Z,final,112358,161,Long Island,FDU,71,82,,,,0,,,,,,,,,,2,,0,Brooklyn,NY,1,15,,,,-5.0,"36,35","39,43",,,,,,,,
ncaab:400991118,ncaab,2017-12-29T21:30Z,final,2099,2520,Canisius,Rider,77,76,,,,0,,,,,,,,,,2,,0,Buffalo,NY,1,183,,,,-5.0,"46,31","40,36",,,,,,,,
ncaab:400991858,ncaab,2017-12-29T22:00Z,final,526,2227,FGCU,FL Memorial,76,42,,,,0,,,,,,,,,,2,,0,Fort Myers,FL,1,3,,,,-5.0,"38,38","22,20",,,,,,,,
ncaab:400986470,ncaab,2017-12-29T23:00Z,final,127,325,Michigan St,Cleveland St,111,61,,,,0,,,,,,,,,,2,,0,East Lansing,MI,1,261,,,,-5.0,"63,48","25,36",,,,,,,,
ncaab:400989232,ncaab,2017-12-30T00:00Z,final,197,277,Oklahoma St,West Virginia,79,85,,,,0,,,,,,,,,,2,,0,Stillwater,OK,1,273,,,,-6.0,"46,33","39,46",,,,,,,,
ncaab:400990187,ncaab,2017-12-30T00:00Z,final,2006,2148,Akron,Concord,86,49,,,,0,,,,,,,,,,2,,0,Akron,OH,1,291,,,,-5.0,"44,42","16,33",,,,,,,,
ncaab:400990188,ncaab,2017-12-30T00:00Z,final,195,3250,Ohio,NW Ohio,65,58,,,,0,,,,,,,,,,2,,0,Athens,OH,1,219,,,,-5.0,"36,29","30,28",,,,,,,,
ncaab:400990189,ncaab,2017-12-30T00:00Z,final,2050,50,Ball State,Florida A&M,75,54,,,,0,,,,,,,,,,2,,0,Muncie,IN,1,284,,,,-5.0,"30,45","26,28",,,,,,,,
ncaab:400990330,ncaab,2017-12-30T00:00Z,final,2117,111168,C Michigan,Lawrence Tech,91,73,,,,0,,,,,,,,,,2,,0,Mount Pleasant,MI,1,235,,,,-5.0,"61,30","36,37",,,,,,,,
ncaab:400990423,ncaab,2017-12-30T00:00Z,final,324,250,Coastal,UT Arlington,90,65,,,,0,,,,,,,,,,2,,0,Conway,SC,1,10,,,,-5.0,"42,48","31,34",,,,,,,,
ncaab:400990783,ncaab,2017-12-30T00:00Z,final,2681,116,Wagner,Mount St Marys,76,57,,,,0,,,,,,,,,,2,,0,Staten Island,NY,1,21,,,,-5.0,"34,42","24,33",,,,,,,,
ncaab:400991116,ncaab,2017-12-30T00:00Z,final,2368,2561,Marist,Siena,63,58,,,,0,,,,,,,,,,2,,0,Poughkeepsie,NY,1,62,,,,-5.0,"31,32","31,27",,,,,,,,
ncaab:400991117,ncaab,2017-12-30T00:00Z,final,315,314,Niagara,Iona,93,98,,,,0,,,,,,,,,,2,,0,Niagara Falls,NY,1,187,,,,-5.0,"37,41,15","37,41,20",,,,,,,,
ncaab:400991960,ncaab,2017-12-30T00:00Z,final,2083,44,Bucknell,American,84,55,,,,0,,,,,,,,,,2,,0,Lewisburg,PA,1,144,,,,-5.0,"35,49","24,31",,,,,,,,
ncaab:400991979,ncaab,2017-12-30T00:00Z,final,104,349,Boston U,Army,90,82,,,,0,,,,,,,,,,2,,0,Boston,MA,1,14,,,,-5.0,"46,44","41,41",,,,,,,,
ncaab:400992042,ncaab,2017-12-30T00:00Z,final,322,2329,Lafayette,Lehigh,74,79,,,,0,,,,,,,,,,2,,0,Easton,PA,1,97,,,,-5.0,"42,32","37,42",,,,,,,,
ncaab:400992055,ncaab,2017-12-30T00:00Z,final,2352,2426,Loyola MD,Navy,72,63,,,,0,,,,,,,,,,2,,0,Baltimore,MD,1,10,,,,-5.0,"31,41","31,32",,,,,,,,
ncaab:400992023,ncaab,2017-12-30T00:05Z,final,107,2142,Holy Cross,Colgate,74,79,,,,0,,,,,,,,,,2,,0,Worcester,MA,1,147,,,,-5.0,"36,38","36,43",,,,,,,,
ncaab:400990427,ncaab,2017-12-30T00:30Z,final,2026,326,App State,Texas St,66,62,,,,0,,,,,,,,,,2,,0,Boone,NC,1,981,,,,-5.0,"36,30","35,27",,,,,,,,
ncaab:400990781,ncaab,2017-12-30T00:30Z,final,2115,2598,C Connecticut,Saint Francis,72,68,,,,0,,,,,,,,,,2,,0,New Britain,CT,1,51,,,,-5.0,"35,37","21,47",,,,,,,,
ncaab:400986467,ncaab,2017-12-30T01:00Z,final,84,2754,Indiana,Youngstown St,79,51,,,,0,,,,,,,,,,2,,0,Bloomington,IN,1,235,,,,-5.0,"29,50","20,31",,,,,,,,
ncaab:400986468,ncaab,2017-12-30T01:00Z,final,2294,2459,Iowa,N Illinois,98,75,,,,0,,,,,,,,,,2,,0,Iowa City,IA,1,204,,,,-6.0,"56,42","32,43",,,,,,,,
ncaab:400986469,ncaab,2017-12-30T01:00Z,final,120,2378,Maryland,UMBC,66,45,,,,0,,,,,,,,,,2,,0,College Park,MD,1,21,,,,-5.0,"18,48","24,21",,,,,,,,
ncaab:400986471,ncaab,2017-12-30T01:00Z,final,158,56,Nebraska,Stetson,71,62,,,,0,,,,,,,,,,2,,0,Lincoln,NE,1,367,,,,-6.0,"24,47","24,38",,,,,,,,
ncaab:400989133,ncaab,2017-12-30T01:00Z,final,2641,239,Texas Tech,Baylor,77,53,,,,0,,,,,,,,,,2,,0,Lubbock,TX,1,976,,,,-6.0,"40,37","19,34",,,,,,,,
ncaab:400990424,ncaab,2017-12-30T01:00Z,final,2031,309,Little Rock,Louisiana,63,77,,,,0,,,,,,,,,,2,,0,Little Rock,AR,1,102,,,,-6.0,"24,39","42,35",,,,,,,,
ncaab:400991268,ncaab,2017-12-30T01:00Z,final,155,70,North Dakota,Idaho,57,74,,,,0,,,,,,,,,,2,,0,Grand Forks,ND,1,253,,,,-6.0,"18,39","35,39",,,,,,,,
ncaab:400990428,ncaab,2017-12-30T01:15Z,final,2653,290,Troy,GA Southern,80,86,,,,0,,,,,,,,,,2,,0,Troy,AL,1,165,,,,-6.0,"45,35","41,45",,,,,,,,
ncaab:400990425,ncaab,2017-12-30T01:25Z,final,6,2247,South Alabama,Georgia St,86,64,,,,0,,,,,,,,,,2,,0,Mobile,AL,1,3,,,,-6.0,"32,54","25,39",,,,,,,,
ncaab:400990426,ncaab,2017-12-30T01:30Z,final,2032,2433,Arkansas St,UL Monroe,75,64,,,,0,,,,,,,,,,2,,0,Jonesboro,AR,1,99,,,,-6.0,"35,40","41,23",,,,,,,,
ncaab:400989158,ncaab,2017-12-30T02:00Z,final,66,2306,Iowa State,Kansas St,75,91,,,,0,,,,,,,,,,2,,0,Ames,IA,1,287,,,,-6.0,"50,25","53,38",,,,,,,,
ncaab:400989180,ncaab,2017-12-30T02:00Z,final,251,2305,Texas,Kansas,86,92,,,,0,,,,,,,,,,2,,0,Austin,TX,1,149,,,,-6.0,"34,52","37,55",,,,,,,,
ncaab:400991269,ncaab,2017-12-30T02:00Z,final,2458,331,N Colorado,E Washington,88,75,,,,0,,,,,,,,,,2,,0,Greeley,CO,1,1425,,,,-7.0,"37,51","30,45",,,,,,,,
ncaab:400988288,ncaab,2017-12-30T03:00Z,final,2483,254,Oregon,Utah,56,66,,,,0,,,,,,,,,,2,,0,Eugene,OR,1,131,,,,-8.0,"31,25","23,43",,,,,,,,
ncaab:400988289,ncaab,2017-12-30T03:30Z,final,30,264,USC,Washington,81,88,,,,0,,,,,,,,,,2,,0,Los Angeles,CA,1,89,,,,-8.0,"35,46","41,47",,,,,,,,
ncaab:400988290,ncaab,2017-12-30T04:00Z,final,204,38,Oregon St,Colorado,76,57,,,,0,,,,,,,,,,2,,0,Corvallis,OR,1,71,,,,-8.0,"32,44","23,34",,,,,,,,
ncaab:400988291,ncaab,2017-12-30T04:00Z,final,26,265,UCLA,Washington St,96,82,,,,0,,,,,,,,,,2,,0,Los Angeles,CA,1,89,,,,-8.0,"42,54","37,45",,,,,,,,
ncaab:400992486,ncaab,2017-12-30T04:59Z,final,62,47,Hawai'i,Howard,84,59,,,,0,,,,,,,,,,2,,0,Honolulu,HI,1,5,,,,-10.0,"38,46","36,23",,,,,,,,
ncaab:400986174,ncaab,2017-12-30T17:00Z,final,153,154,North Carolina,Wake Forest,73,69,,,,0,,,,,,,,,,2,,0,Chapel Hill,NC,1,148,,,,-5.0,"35,38","30,39",,,,,,,,
ncaab:400986475,ncaab,2017-12-30T17:00Z,final,77,225,Northwestern,Brown,95,73,,,,0,,,,,,,,,,2,,0,Rosemont,IL,1,194,,,,-6.0,"42,53","37,36",,,,,,,,
ncaab:400986476,ncaab,2017-12-30T17:00Z,final,194,193,Ohio State,Miami OH,72,59,,,,0,,,,,,,,,,2,,0,Columbus,OH,1,235,,,,-5.0,"35,37","28,31",,,,,,,,
ncaab:400988040,ncaab,2017-12-30T17:00Z,final,41,2724,UConn,Wichita St,62,72,,,,0,,,,,,,,,,2,,0,Hartford,CT,1,18,,,,-5.0,"29,33","33,39",,,,,,,,
ncaab:400989865,ncaab,2017-12-30T17:30Z,final,2670,2230,VCU,Fordham,76,63,,,,0,,,,,,,,,,2,,0,Richmond,VA,1,64,,,,-5.0,"48,28","28,35",,,,,,,,
ncaab:400986477,ncaab,2017-12-30T18:00Z,final,213,2154,Penn State,Coppin St,88,43,,,,0,,,,,,,,,,2,,0,University Park,PA,1,348,,,,-5.0,"43,45","23,20",,,,,,,,
ncaab:400987279,ncaab,2017-12-30T18:00Z,final,8,2633,Arkansas,Tennessee,95,93,,,,0,,,,,,,,,,2,,0,Fayetteville,AR,1,427,,,,-6.0,"31,42,22","38,35,20",,,,,,,,
ncaab:400988738,ncaab,2017-12-30T18:00Z,final,2678,231,VMI,Furman,57,87,,,,0,,,,,,,,,,2,,0,Lexington,VA,1,324,,,,-5.0,"18,39","41,46",,,,,,,,
ncaab:400988739,ncaab,2017-12-30T18:00Z,final,2643,2717,The Citadel,W Carolina,79,81,,,,0,,,,,,,,,,2,,0,Charleston,SC,1,6,,,,-5.0,"38,41","44,37",,,,,,,,
ncaab:400992125,ncaab,2017-12-30T18:00Z,final,2739,2473,Green Bay,Oakland,80,79,,,,0,,,,,,,,,,2,,0,Ashwaubenon,WI,1,185,,,,-6.0,"41,39","35,44",,,,,,,,
ncaab:400986171,ncaab,2017-12-30T19:00Z,final,150,52,Duke,Florida St,100,93,,,,0,,,,,,,,,,2,,0,Durham,NC,1,123,,,,-5.0,"45,55","49,44",,,,,,,,
ncaab:400986172,ncaab,2017-12-30T19:00Z,final,258,103,Virginia,Boston College,59,58,,,,0,,,,,,,,,,2,,0,Charlottesville,VA,1,142,,,,-5.0,"30,29","25,33",,,,,,,,
ncaab:400986175,ncaab,2017-12-30T19:00Z,final,87,59,Notre Dame,Georgia Tech,68,59,,,,0,,,,,,,,,,2,,0,South Bend,IN,1,211,,,,-5.0,"23,45","28,31",,,,,,,,
ncaab:400986472,ncaab,2017-12-30T19:00Z,final,135,108,Minnesota,Harvard,65,55,,,,0,,,,,,,,,,2,,0,Minneapolis,MN,1,253,,,,-6.0,"29,36","20,35",,,,,,,,
ncaab:400988552,ncaab,2017-12-30T19:00Z,final,2752,305,Xavier,DePaul,77,72,,,,0,,,,,,,,,,2,,0,Cincinnati,OH,1,191,,,,-5.0,"31,46","39,33",,,,,,,,
ncaab:400989217,ncaab,2017-12-30T19:00Z,final,2628,201,TCU,Oklahoma,89,90,,,,0,,,,,,,,,,2,,0,Fort Worth,TX,1,199,,,,-6.0,"46,43","41,49",,,,,,,,
ncaab:400989956,ncaab,2017-12-30T19:00Z,final,2325,139,La Salle,Saint Louis,83,60,,,,0,,,,,,,,,,2,,0,Philadelphia,PA,1,12,,,,-5.0,"44,39","19,41",,,,,,,,
ncaab:400991418,ncaab,2017-12-30T19:00Z,final,2210,2182,Elon,Drexel,90,75,,,,0,,,,,,,,,,2,,0,Elon,NC,1,215,,,,-5.0,"46,44","36,39",,,,,,,,
ncaab:400991533,ncaab,2017-12-30T19:00Z,final,171,311,Columbia,Maine,83,71,,,,0,,,,,,,,,,2,,0,New York,NY,1,10,,,,-5.0,"46,37","27,44",,,,,,,,
ncaab:400991947,ncaab,2017-12-30T19:00Z,final,2908,2822,SC Upstate,N Greenville,80,59,,,,0,,,,,,,,,,2,,0,Spartanburg,SC,1,246,,,,-5.0,"33,47","26,33",,,,,,,,
ncaab:400992271,ncaab,2017-12-30T19:00Z,final,2427,2097,UNC Asheville,Campbell,85,79,,,,0,,,,,,,,,,2,,0,Asheville,NC,1,649,,,,-5.0,"43,42","40,39",,,,,,,,
ncaab:400992330,ncaab,2017-12-30T19:00Z,final,2737,2272,Winthrop,High Point,76,60,,,,0,,,,,,,,,,2,,0,Rock Hill,SC,1,207,,,,-5.0,"30,46","29,31",,,,,,,,
ncaab:400992813,ncaab,2017-12-30T19:00Z,final,2428,2592,NC Central,St Andrews,75,55,,,,0,,,,,,,,,,2,,0,Durham,NC,1,123,,,,-5.0,"30,45","30,25",,,,,,,,
ncaab:400989940,ncaab,2017-12-30T19:30Z,final,179,113,St Bonaventure,UMass,98,78,,,,0,,,,,,,,,,2,,0,Saint Bonaventure,NY,1,435,,,,-5.0,"47,51","38,40",,,,,,,,
ncaab:400991272,ncaab,2017-12-30T19:30Z,final,253,149,Southern Utah,Montana,49,79,,,,0,,,,,,,,,,2,,0,Cedar City,UT,1,1782,,,,-7.0,"20,29","39,40",,,,,,,,
ncaab:400989362,ncaab,2017-12-30T20:00Z,final,2449,2939,N Dakota St,Jamestown,99,50,,,,0,,,,,,,,,,2,,0,Fargo,ND,1,276,,,,-6.0,"56,43","28,22",,,,,,,,
ncaab:400989363,ncaab,2017-12-30T20:00Z,final,2571,597,S Dakota St,Presentation,111,68,,,,0,,,,,,,,,,2,,0,Brookings,SD,1,494,,,,-6.0,"59,52","30,38",,,,,,,,
ncaab:400992581,ncaab,2017-12-30T20:00Z,final,98,2572,Western KY,Southern Miss,82,66,,,,0,,,,,,,,,,2,,0,Bowling Green,KY,1,161,,,,-6.0,"32,50","25,41",,,,,,,,
ncaab:400987280,ncaab,2017-12-30T20:30Z,final,2,172,Auburn,Cornell,98,77,,,,0,,,,,,,,,,2,,0,Auburn,AL,1,215,,,,-6.0,"47,51","35,42",,,,,,,,
ncaab:400986173,ncaab,2017-12-30T21:00Z,final,221,2390,Pitt,Miami,53,67,,,,0,,,,,,,,,,2,,0,Pittsburgh,PA,1,233,,,,-5.0,"19,34","30,37",,,,,,,,
ncaab:400986176,ncaab,2017-12-30T21:00Z,final,228,152,Clemson,NC State,78,62,,,,0,,,,,,,,,,2,,0,Clemson,SC,1,221,,,,-5.0,"33,45","24,38",,,,,,,,
ncaab:400986473,ncaab,2017-12-30T21:00Z,final,356,2253,Illinois,Grand Canyon,62,58,,,,0,,,,,,,,,,2,,0,Champaign,IL,1,225,,,,-6.0,"27,35","32,26",,,,,,,,
ncaab:400986479,ncaab,2017-12-30T21:00Z,final,275,2349,Wisconsin,UMass Lowell,82,53,,,,0,,,,,,,,,,2,,0,Madison,WI,1,267,,,,-6.0,"42,40","20,33",,,,,,,,
ncaab:400986860,ncaab,2017-12-30T21:00Z,final,252,2608,BYU,Saint Mary's,64,74,,,,0,,,,,,,,,,2,,0,Provo,UT,1,1387,,,,-7.0,"31,29,4","29,31,14",,,,,,,,
ncaab:400986964,ncaab,2017-12-30T21:00Z,final,301,2492,San Diego,Pepperdine,74,66,,,,0,,,,,,,,,,2,,0,San Diego,CA,1,20,,,,-8.0,"38,36","30,36",,,,,,,,
ncaab:400987281,ncaab,2017-12-30T21:00Z,final,57,238,Florida,Vanderbilt,81,74,,,,0,,,,,,,,,,2,,0,Gainesville,FL,1,54,,,,-5.0,"40,41","20,54",,,,,,,,
ncaab:400988553,ncaab,2017-12-30T21:00Z,final,2086,222,Butler,Villanova,101,93,,,,0,,,,,,,,,,2,,0,Indianapolis,IN,1,218,,,,-5.0,"53,48","45,48",,,,,,,,
ncaab:400989674,ncaab,2017-12-30T21:00Z,final,2350,339,Loyola Chicago,Evansville,66,59,,,,0,,,,,,,,,,2,,0,Chicago,IL,1,179,,,,-6.0,"20,46","28,31",,,,,,,,
ncaab:400989819,ncaab,2017-12-30T21:00Z,final,2184,2168,Duquesne,Dayton,70,62,,,,0,,,,,,,,,,2,,0,Pittsburgh,PA,1,233,,,,-5.0,"38,32","34,28",,,,,,,,
ncaab:400989887,ncaab,2017-12-30T21:00Z,final,227,2244,Rhode Island,George Mason,83,64,,,,0,,,,,,,,,,2,,0,Kingston,RI,1,75,,,,-5.0,"44,39","26,38",,,,,,,,
ncaab:400989907,ncaab,2017-12-30T21:00Z,final,45,2603,G Washington,Saint Joseph's,70,64,,,,0,,,,,,,,,,2,,0,Washington,DC,1,7,,,,-5.0,"30,40","23,41",,,,,,,,
ncaab:400990024,ncaab,2017-12-30T21:00Z,final,2066,347,Binghamton,Elmira,113,65,,,,0,,,,,,,,,,2,,0,Binghamton,NY,1,264,,,,-5.0,"53,60","37,28",,,,,,,,
ncaab:400990573,ncaab,2017-12-30T21:00Z,final,232,119,Charleston,Towson,73,62,,,,0,,,,,,,,,,2,,0,Charleston,SC,1,6,,,,-5.0,"36,37","34,28",,,,,,,,
ncaab:400990643,ncaab,2017-12-30T21:00Z,final,2547,27,Seattle U,UC Riverside,95,71,,,,0,,,,,,,,,,2,,0,Seattle,WA,1,56,,,,-8.0,"55,40","29,42",,,,,,,,
ncaab:400991454,ncaab,2017-12-30T21:00Z,final,2729,2275,William & Mary,Hofstra,90,87,,,,0,,,,,,,,,,2,,0,Williamsburg,VA,1,25,,,,-5.0,"45,45","41,46",,,,,,,,
ncaab:400991470,ncaab,2017-12-30T21:00Z,final,256,111,James Madison,Northeastern,70,81,,,,0,,,,,,,,,,2,,0,Harrisonburg,VA,1,404,,,,-5.0,"36,34","44,37",,,,,,,,
ncaab:400991681,ncaab,2017-12-30T21:00Z,final,338,43,Kennesaw St,Yale,74,89,,,,0,,,,,,,,,,2,,0,Kennesaw,GA,1,332,,,,-5.0,"30,44","46,43",,,,,,,,
ncaab:400992142,ncaab,2017-12-30T21:00Z,final,2750,85,Wright St,IU Indy,60,52,,,,0,,,,,,,,,,2,,0,Dayton,OH,1,225,,,,-5.0,"26,34","19,33",,,,,,,,
ncaab:400988554,ncaab,2017-12-30T21:30Z,final,269,46,Marquette,Georgetown,74,65,,,,0,,,,,,,,,,2,,0,Milwaukee,WI,1,188,,,,-6.0,"34,40","27,38",,,,,,,,
ncaab:400989001,ncaab,2017-12-30T21:30Z,final,2377,2466,McNeese,N'Western St,72,63,,,,0,,,,,,,,,,2,,0,Lake Charles,LA,1,4,,,,-6.0,"39,33","36,27",,,,,,,,
ncaab:400989364,ncaab,2017-12-30T21:30Z,final,2870,2985,Purdue FW,Concordia AA,92,59,,,,0,,,,,,,,,,2,,0,Fort Wayne,IN,1,247,,,,-5.0,"46,46","21,38",,,,,,,,
ncaab:400989365,ncaab,2017-12-30T21:30Z,final,233,2172,South Dakota,Denver,82,71,,,,0,,,,,,,,,,2,,0,Vermillion,SD,1,374,,,,-6.0,"45,37","33,38",,,,,,,,
ncaab:400989782,ncaab,2017-12-30T21:30Z,final,257,2166,Richmond,Davidson,69,58,,,,0,,,,,,,,,,2,,0,Richmond,VA,1,64,,,,-5.0,"25,44","29,29",,,,,,,,
ncaab:400990191,ncaab,2017-12-30T21:30Z,final,2711,2130,W Michigan,Chicago St,92,71,,,,0,,,,,,,,,,2,,0,Kalamazoo,MI,1,239,,,,-5.0,"49,43","28,43",,,,,,,,
ncaab:400992313,ncaab,2017-12-30T21:30Z,final,2241,2335,Gardner-Webb,Liberty,58,55,,,,0,,,,,,,,,,2,,0,Boiling Springs,NC,1,269,,,,-5.0,"22,36","25,30",,,,,,,,
ncaab:400992374,ncaab,2017-12-30T21:50Z,final,2506,2515,Presbyterian,Radford,62,78,,,,0,,,,,,,,,,2,,0,Clinton,SC,1,76,,,,-5.0,"32,30","40,38",,,,,,,,
ncaab:400987278,ncaab,2017-12-30T22:00Z,final,344,2454,Mississippi St,North Florida,109,81,,,,0,,,,,,,,,,2,,0,Starkville,MS,1,101,,,,-6.0,"47,62","43,38",,,,,,,,
ncaab:400988740,ncaab,2017-12-30T22:00Z,final,2430,2747,UNC Greensboro,Wofford,71,67,,,,0,,,,,,,,,,2,,0,Greensboro,NC,1,266,,,,-5.0,"33,38","47,20",,,,,,,,
ncaab:400991729,ncaab,2017-12-30T22:00Z,final,23,36,San José St,Colorado St,52,59,,,,0,,,,,,,,,,2,,0,San Jose,CA,1,26,,,,-8.0,"31,21","20,39",,,,,,,,
ncaab:400991768,ncaab,2017-12-30T22:00Z,final,2440,167,Nevada,New Mexico,77,74,,,,0,,,,,,,,,,2,,0,Reno,NV,1,1373,,,,-8.0,"42,35","34,40",,,,,,,,
ncaab:400992510,ncaab,2017-12-30T22:00Z,final,302,2868,UC Davis,Holy Names,89,62,,,,0,,,,,,,,,,2,,0,Davis,CA,1,16,,,,-8.0,"38,51","19,43",,,,,,,,
ncaab:400992579,ncaab,2017-12-30T22:00Z,final,5,2393,UAB,MTSU,60,63,,,,0,,,,,,,,,,2,,0,Birmingham,AL,1,187,,,,-6.0,"29,31","30,33",,,,,,,,
ncaab:400990951,ncaab,2017-12-30T22:30Z,final,55,2413,Jax State,Morehead St,76,69,,,,0,,,,,,,,,,2,,0,Jacksonville,AL,1,216,,,,-6.0,"31,45","40,29",,,,,,,,
ncaab:400992293,ncaab,2017-12-30T22:30Z,final,2127,2344,Charleston So,Longwood,84,43,,,,0,,,,,,,,,,2,,0,Charleston,SC,1,6,,,,-5.0,"42,42","23,20",,,,,,,,
ncaab:400986474,ncaab,2017-12-30T23:00Z,final,130,294,Michigan,Jacksonville,76,51,,,,0,,,,,,,,,,2,,0,Ann Arbor,MI,1,269,,,,-5.0,"32,44","18,33",,,,,,,,
ncaab:400987282,ncaab,2017-12-30T23:00Z,final,333,245,Alabama,Texas A&M,79,57,,,,0,,,,,,,,,,2,,0,Tuscaloosa,AL,1,68,,,,-6.0,"35,44","28,29",,,,,,,,
ncaab:400988041,ncaab,2017-12-30T23:00Z,final,248,218,Houston,Temple,76,73,,,,0,,,,,,,,,,2,,0,Houston,TX,1,12,,,,-6.0,"32,44","36,37",,,,,,,,
ncaab:400986888,ncaab,2017-12-31T00:00Z,final,2250,2541,Gonzaga,Santa Clara,101,52,,,,0,,,,,,,,,,2,,0,Spokane,WA,1,571,,,,-8.0,"52,49","25,27",,,,,,,,
ncaab:400989005,ncaab,2017-12-31T00:00Z,final,2447,2916,Nicholls,Incarnate Word,77,60,,,,0,,,,,,,,,,2,,0,Thibodaux,LA,1,4,,,,-6.0,"35,42","22,38",,,,,,,,
ncaab:400990952,ncaab,2017-12-31T00:00Z,final,2635,2198,Tennessee Tech,E Kentucky,77,69,,,,0,,,,,,,,,,2,,0,Cookeville,TN,1,334,,,,-6.0,"27,50","26,43",,,,,,,,
ncaab:400990953,ncaab,2017-12-31T00:00Z,final,2630,2057,UT Martin,Belmont,58,65,,,,0,,,,,,,,,,2,,0,Martin,TN,1,124,,,,-6.0,"29,29","34,31",,,,,,,,
ncaab:400991119,ncaab,2017-12-31T00:00Z,final,2363,2217,Manhattan,Fairfield,61,58,,,,0,,,,,,,,,,2,,0,Riverdale,NY,1,159,,,,-8.0,"26,35","30,28",,,,,,,,
ncaab:400991270,ncaab,2017-12-31T00:00Z,final,2464,147,N Arizona,Montana St,73,76,,,,0,,,,,,,,,,2,,0,Flagstaff,AZ,1,2104,,,,-7.0,"38,26,9","34,30,12",,,,,,,,
ncaab:400991398,ncaab,2017-12-31T00:00Z,final,350,48,UNC Wilmington,Delaware,56,58,,,,0,,,,,,,,,,2,,0,Wilmington,NC,1,9,,,,-5.0,"26,30","31,27",,,,,,,,
ncaab:400991550,ncaab,2017-12-31T00:00Z,final,160,159,New Hampshire,Dartmouth,83,66,,,,0,,,,,,,,,,2,,0,Durham,NH,1,15,,,,-5.0,"45,38","30,36",,,,,,,,
ncaab:400991563,ncaab,2017-12-31T00:00Z,final,2619,2450,Stony Brook,Norfolk St,68,74,,,,0,,,,,,,,,,2,,0,Stony Brook,NY,1,27,,,,-5.0,"39,29","34,40",,,,,,,,
ncaab:400991689,ncaab,2017-12-31T00:00Z,final,278,2005,Fresno St,Air Force,71,59,,,,0,,,,,,,,,,2,,0,Fresno,CA,1,94,,,,-8.0,"31,40","24,35",,,,,,,,
ncaab:400992106,ncaab,2017-12-31T00:00Z,final,270,2174,Milwaukee,Detroit Mercy,87,79,,,,0,,,,,,,,,,2,,0,Milwaukee,WI,1,188,,,,-6.0,"48,39","47,32",,,,,,,,
ncaab:400992180,ncaab,2017-12-31T00:00Z,final,94,82,N Kentucky,UIC,86,51,,,,0,,,,,,,,,,2,,0,Highland Heights,KY,1,260,,,,-5.0,"49,37","16,35",,,,,,,,
ncaab:400992497,ncaab,2017-12-31T00:00Z,final,299,3082,Long Beach St,TX A&M Int'l,77,59,,,,0,,,,,,,,,,2,,0,Long Beach,CA,1,9,,,,-8.0,"36,41","27,32",,,,,,,,
ncaab:400992583,ncaab,2017-12-31T00:00Z,final,295,2429,Old Dominion,Charlotte,89,58,,,,0,,,,,,,,,,2,,0,Norfolk,VA,1,2,,,,-5.0,"42,47","16,42",,,,,,,,
ncaab:400992584,ncaab,2017-12-31T00:00Z,final,276,2348,Marshall,Louisiana Tech,78,65,,,,0,,,,,,,,,,2,,0,Huntington,WV,1,173,,,,-5.0,"36,42","31,34",,,,,,,,
ncaab:400992585,ncaab,2017-12-31T00:00Z,final,2229,2226,FIU,FAU,58,57,,,,0,,,,,,,,,,2,,0,Miami,FL,1,2,,,,-5.0,"29,29","25,32",,,,,,,,
ncaab:400986478,ncaab,2017-12-31T01:00Z,final,2509,288,Purdue,Lipscomb,98,66,,,,0,,,,,,,,,,2,,0,West Lafayette,IN,1,186,,,,-5.0,"43,55","38,28",,,,,,,,
ncaab:400988741,ncaab,2017-12-31T01:00Z,final,2535,236,Samford,Chattanooga,73,56,,,,0,,,,,,,,,,2,,0,Homewood,AL,1,203,,,,-6.0,"41,32","30,26",,,,,,,,
ncaab:400989002,ncaab,2017-12-31T01:00Z,final,2277,2443,Hou Christian,LSU N Orleans,57,64,,,,0,,,,,,,,,,2,,0,Houston,TX,1,12,,,,-6.0,"27,30","31,33",,,,,,,,
ncaab:400989366,ncaab,2017-12-31T01:00Z,final,198,2437,Oral Roberts,Omaha,93,74,,,,0,,,,,,,,,,2,,0,Tulsa,OK,1,220,,,,-6.0,"50,43","34,40",,,,,,,,
ncaab:400990644,ncaab,2017-12-31T01:00Z,final,292,2261,UT Rio Grande,Hampton,80,69,,,,0,,,,,,,,,,2,,0,Edinburg,TX,1,30,,,,-6.0,"29,51","34,35",,,,,,,,
ncaab:400990645,ncaab,2017-12-31T01:00Z,final,3084,2239,Utah Valley,Fullerton,87,78,,,,0,,,,,,,,,,2,,0,Orem,UT,1,1455,,,,-7.0,"39,48","34,44",,,,,,,,
ncaab:400990950,ncaab,2017-12-31T01:00Z,final,2046,2197,Austin Peay,E Illinois,70,54,,,,0,,,,,,,,,,2,,0,Clarksville,TN,1,145,,,,-6.0,"36,34","33,21",,,,,,,,
ncaab:400990954,ncaab,2017-12-31T01:00Z,final,93,2565,Murray St,SIUE,87,63,,,,0,,,,,,,,,,2,,0,Murray,KY,1,163,,,,-6.0,"43,44","34,29",,,,,,,,
ncaab:400992582,ncaab,2017-12-31T01:00Z,final,2636,249,UTSA,North Texas,71,72,,,,0,,,,,,,,,,2,,0,San Antonio,TX,1,198,,,,-6.0,"41,30","34,38",,,,,,,,
ncaab:400989003,ncaab,2017-12-31T01:30Z,final,2000,2534,Abilene Chrstn,Sam Houston,75,72,,,,0,,,,,,,,,,2,,0,Abilene,TX,1,524,,,,-6.0,"39,36","39,33",,,,,,,,
ncaab:400989004,ncaab,2017-12-31T01:30Z,final,357,2320,Texas A&M-CC,Lamar,72,77,,,,0,,,,,,,,,,2,,0,Corpus Christi,TX,1,2,,,,-6.0,"29,43","35,42",,,,,,,,
ncaab:400986982,ncaab,2017-12-31T02:00Z,final,2501,2539,Portland,San Francisco,61,84,,,,0,,,,,,,,,,2,,0,Portland,OR,1,12,,,,-8.0,"28,33","46,38",,,,,,,,
ncaab:400988292,ncaab,2017-12-31T02:00Z,final,12,9,Arizona,Arizona St,84,78,,,,0,,,,,,,,,,2,,0,Tucson,AZ,1,759,,,,-7.0,"39,45","37,41",,,,,,,,
ncaab:400991271,ncaab,2017-12-31T02:00Z,final,2692,304,Weber St,Idaho St,60,62,,,,0,,,,,,,,,,2,,0,Ogden,UT,1,1311,,,,-7.0,"27,33","31,31",,,,,,,,
ncaab:400992580,ncaab,2017-12-31T02:00Z,final,2638,242,UTEP,Rice,80,62,,,,0,,,,,,,,,,2,,0,El Paso,TX,1,1133,,,,-7.0,"29,51","31,31",,,,,,,,
ncaab:400986914,ncaab,2017-12-31T03:00Z,final,279,2351,Pacific,LMU,88,82,,,,0,,,,,,,,,,2,,0,Stockton,CA,1,4,,,,-8.0,"33,33,22","38,28,16",,,,,,,,
ncaab:400988293,ncaab,2017-12-31T03:00Z,final,24,25,Stanford,California,74,77,,,,0,,,,,,,,,,2,,0,Stanford,CA,1,23,,,,-8.0,"37,37","24,53",,,,,,,,
ncaab:400991795,ncaab,2017-12-31T03:00Z,final,21,328,San Diego St,Utah State,79,59,,,,0,,,,,,,,,,2,,0,San Diego,CA,1,20,,,,-8.0,"43,36","29,30",,,,,,,,
ncaab:400992428,ncaab,2017-12-31T03:00Z,final,13,2468,Cal Poly,ND de Namur,73,40,,,,0,,,,,,,,,,2,,0,San Luis Obispo,CA,1,71,,,,-8.0,"41,32","20,20",,,,,,,,
ncaab:400992467,ncaab,2017-12-31T03:00Z,final,2463,2415,CSU Northridge,Morgan St,79,69,,,,0,,,,,,,,,,2,,0,Northridge,CA,1,246,,,,-8.0,"40,39","25,44",,,,,,,,
ncaab:400992535,ncaab,2017-12-31T03:00Z,final,2540,594,Santa Barbara,Pacific Union,81,49,,,,0,,,,,,,,,,2,,0,Santa Barbara,CA,1,15,,,,-8.0,"36,45","18,31",,,,,,,,
ncaab:400991273,ncaab,2017-12-31T03:05Z,final,16,2502,Sacramento St,Portland St,80,75,,,,0,,,,,,,,,,2,,0,Sacramento,CA,1,9,,,,-8.0,"33,47","39,36",,,,,,,,
ncaab:400991710,ncaab,2017-12-31T04:00Z,final,2439,68,UNLV,Boise St,74,83,,,,0,,,,,,,,,,2,,0,Las Vegas,NV,1,610,,,,-8.0,"37,37","35,48",,,,,,,,
ncaab:400986480,ncaab,2017-12-31T17:00Z,final,127,2542,Michigan St,Savannah St,108,52,,,,0,,,,,,,,,,2,,0,East Lansing,MI,1,261,,,,-5.0,"51,57","38,14",,,,,,,,
ncaab:400991120,ncaab,2017-12-31T17:00Z,final,2612,2405,Saint Peter's,Monmouth,77,64,,,,0,,,,,,,,,,2,,0,Jersey City,NJ,1,9,,,,-5.0,"30,47","30,34",,,,,,,,
ncaab:400990789,ncaab,2017-12-31T18:00Z,final,2597,2681,St Francis BK,Wagner,82,75,,,,0,,,,,,,,,,2,,0,Brooklyn,NY,1,15,,,,-5.0,"29,53","31,44",,,,,,,,
ncaab:400991121,ncaab,2017-12-31T18:00Z,final,315,2520,Niagara,Rider,76,99,,,,0,,,,,,,,,,2,,0,Niagara Falls,NY,1,187,,,,-5.0,"34,42","42,57",,,,,,,,
ncaab:400991122,ncaab,2017-12-31T18:00Z,final,2099,314,Canisius,Iona,85,78,,,,0,,,,,,,,,,2,,0,Buffalo,NY,1,183,,,,-5.0,"43,42","29,49",,,,,,,,
ncaab:400991586,ncaab,2017-12-31T18:00Z,final,2378,2114,UMBC,Centenary (NJ),85,41,,,,0,,,,,,,,,,2,,0,Baltimore,MD,1,10,,,,-5.0,"41,44","24,17",,,,,,,,
ncaab:400991859,ncaab,2017-12-31T18:00Z,final,526,53,FGCU,Florida Tech,62,54,,,,0,,,,,,,,,,2,,0,Fort Myers,FL,1,3,,,,-5.0,"32,30","23,31",,,,,,,,
ncaab:400988042,ncaab,2017-12-31T19:00Z,final,2655,202,Tulane,Tulsa,56,65,,,,0,,,,,,,,,,2,,0,New Orleans,LA,1,0,,,,-6.0,"23,33","27,38",,,,,,,,
ncaab:400988742,ncaab,2017-12-31T19:00Z,final,2382,2193,Mercer,ETSU,55,74,,,,0,,,,,,,,,,2,,0,Macon,GA,1,112,,,,-5.0,"30,25","36,38",,,,,,,,
ncaab:400989678,ncaab,2017-12-31T19:00Z,final,71,2460,Bradley,Northern Iowa,72,53,,,,0,,,,,,,,,,2,,0,Peoria,IL,1,153,,,,-6.0,"32,40","33,20",,,,,,,,
ncaab:400990788,ncaab,2017-12-31T19:00Z,final,112358,116,Long Island,Mount St Marys,71,57,,,,0,,,,,,,,,,2,,0,Brooklyn,NY,1,15,,,,-5.0,"39,32","28,29",,,,,,,,
ncaab:400990955,ncaab,2017-12-31T19:00Z,final,2546,2634,SE Missouri,Tennessee St,77,65,,,,0,,,,,,,,,,2,,0,Cape Girardeau,MO,1,108,,,,-6.0,"29,48","27,38",,,,,,,,
ncaab:400988556,ncaab,2017-12-31T19:30Z,final,156,2507,Creighton,Providence,83,64,,,,0,,,,,,,,,,2,,0,Omaha,NE,1,323,,,,-6.0,"39,44","29,35",,,,,,,,
ncaab:400990429,ncaab,2017-12-31T19:30Z,final,2026,250,App State,UT Arlington,80,76,,,,0,,,,,,,,,,2,,0,Boone,NC,1,981,,,,-5.0,"41,39","21,55",,,,,,,,
ncaab:400990787,ncaab,2017-12-31T19:30Z,final,2529,161,Sacred Heart,FDU,66,65,,,,0,,,,,,,,,,2,,0,Fairfield,CT,1,4,,,,-8.0,"30,36","30,35",,,,,,,,
ncaab:400990785,ncaab,2017-12-31T20:00Z,final,2803,2598,Bryant,Saint Francis,82,86,,,,0,,,,,,,,,,2,,0,Smithfield,RI,1,84,,,,-5.0,"36,41,5","29,48,9",,,,,,,,
ncaab:400992943,ncaab,2017-12-31T20:00Z,final,2379,3164,MD Eastern,Central Penn,74,69,,,,0,,,,,,,,,,2,,0,Princess Anne,MD,1,5,,,,-5.0,"48,26","34,35",,,,,,,,
ncaab:400993507,ncaab,2017-12-31T20:00Z,final,2710,111174,W Illinois,Lincoln Christ,91,57,,,,0,,,,,,,,,,2,,0,Macomb,IL,1,215,,,,-6.0,"43,48","33,24",,,,,,,,
ncaab:400990430,ncaab,2017-12-31T20:30Z,final,324,326,Coastal,Texas St,48,53,,,,0,,,,,,,,,,2,,0,Conway,SC,1,10,,,,-5.0,"24,24","32,21",,,,,,,,
ncaab:400990786,ncaab,2017-12-31T20:30Z,final,2115,2523,C Connecticut,Robert Morris,57,71,,,,0,,,,,,,,,,2,,0,New Britain,CT,1,51,,,,-5.0,"26,31","36,35",,,,,,,,
ncaab:400988043,ncaab,2017-12-31T21:00Z,final,2132,235,Cincinnati,Memphis,82,48,,,,0,,,,,,,,,,2,,0,Highland Heights,KY,1,260,,,,-5.0,"35,47","16,32",,,,,,,,
ncaab:400988044,ncaab,2017-12-31T21:00Z,final,151,2116,East Carolina,UCF,39,59,,,,0,,,,,,,,,,2,,0,Greenville,NC,1,18,,,,-5.0,"18,21","27,32",,,,,,,,
ncaab:400989006,ncaab,2017-12-31T21:00Z,final,2110,2545,C Arkansas,SE Louisiana,69,73,,,,0,,,,,,,,,,2,,0,Conway,AR,1,95,,,,-6.0,"31,38","36,37",,,,,,,,
ncaab:400989675,ncaab,2017-12-31T21:00Z,final,2287,282,Illinois St,Indiana St,84,81,,,,0,,,,,,,,,,2,,0,Normal,IL,1,244,,,,-6.0,"32,38,14","36,34,11",,,,,,,,
ncaab:400989676,ncaab,2017-12-31T21:00Z,final,79,2181,S Illinois,Drake,67,70,,,,0,,,,,,,,,,2,,0,Carbondale,IL,1,126,,,,-6.0,"26,41","36,34",,,,,,,,
ncaab:400989677,ncaab,2017-12-31T21:00Z,final,2674,2623,Valparaiso,Missouri St,50,67,,,,0,,,,,,,,,,2,,0,Valparaiso,IN,1,242,,,,-6.0,"21,29","37,30",,,,,,,,
ncaab:400991275,ncaab,2017-12-31T21:00Z,final,2458,70,N Colorado,Idaho,81,77,,,,0,,,,,,,,,,2,,0,Greeley,CO,1,1425,,,,-7.0,"37,44","35,42",,,,,,,,
ncaab:400990431,ncaab,2017-12-31T21:05Z,final,6,290,South Alabama,GA Southern,69,67,,,,0,,,,,,,,,,2,,0,Mobile,AL,1,3,,,,-6.0,"39,30","35,32",,,,,,,,
ncaab:400990434,ncaab,2017-12-31T21:15Z,final,2653,2247,Troy,Georgia St,68,66,,,,0,,,,,,,,,,2,,0,Troy,AL,1,165,,,,-6.0,"24,44","34,32",,,,,,,,
ncaab:400990432,ncaab,2017-12-31T21:30Z,final,2032,309,Arkansas St,Louisiana,78,88,,,,0,,,,,,,,,,2,,0,Jonesboro,AR,1,99,,,,-6.0,"40,38","40,48",,,,,,,,
ncaab:400988555,ncaab,2017-12-31T22:00Z,final,2550,2599,Seton Hall,St John's,75,70,,,,0,,,,,,,,,,2,,0,Newark,NJ,1,9,,,,-5.0,"43,32","33,37",,,,,,,,
ncaab:400990433,ncaab,2017-12-31T22:00Z,final,2031,2433,Little Rock,UL Monroe,71,62,,,,0,,,,,,,,,,2,,0,Little Rock,AR,1,102,,,,-6.0,"36,35","24,38",,,,,,,,
ncaab:400991274,ncaab,2017-12-31T22:00Z,final,155,331,North Dakota,E Washington,64,77,,,,0,,,,,,,,,,2,,0,Grand Forks,ND,1,253,,,,-6.0,"28,36","42,35",,,,,,,,
ncaab:400986177,ncaab,2017-12-31T23:00Z,final,183,259,Syracuse,Virginia Tech,68,56,,,,0,,,,,,,,,,2,,0,Syracuse,NY,1,121,,,,-5.0,"32,36","19,37",,,,,,,,
ncaab:400987283,ncaab,2017-12-31T23:00Z,final,145,2579,Ole Miss,South Carolina,74,69,,,,0,,,,,,,,,,2,,0,Oxford,MS,1,154,,,,-6.0,"31,43","30,39",,,,,,,,
ncaab:400987284,ncaab,2017-12-31T23:00Z,final,96,61,Kentucky,Georgia,66,61,,,,0,,,,,,,,,,2,,0,Lexington,KY,1,295,,,,-5.0,"26,40","27,34",,,,,,,,
ncaab:400988294,ncaab,2017-12-31T23:00Z,final,204,254,Oregon St,Utah,64,66,,,,0,,,,,,,,,,2,,0,Corvallis,OR,1,71,,,,-8.0,"32,32","38,28",,,,,,,,
