id,league,start,status,home,away,home_name,away_name,home_score,away_score,ml_home,ml_away,odds_time,neutral,ml_home_open,ml_away_open,spread_home,spread_home_odds,spread_away_odds,inj_home,inj_away,sp_home,sp_away,stype,country,intl,city,state,indoor,elev,wx_temp,wx_wind,wx_rain,tzo,ls_home,ls_away,h1_ml_home,h1_ml_away,h1_spread_home,h1_spread_home_odds,h1_spread_away_odds
ncaab:400990106,ncaab,2017-11-10T15:30Z,final,2199,2950,E Michigan,Spring Harbor,92,60,,,,0,,,,,,,,,,2,,0,Ypsilanti,MI,1,219,,,,-5.0,"40,52","25,35",,,,,
ncaab:400987825,ncaab,2017-11-10T17:00Z,final,2132,2542,Cincinnati,Savannah St,107,77,,,,0,,,,,,,,,,2,,0,Highland Heights,KY,1,260,,,,-5.0,"60,47","40,37",,,,,
ncaab:400991950,ncaab,2017-11-10T17:00Z,final,56,2691,Stetson,Webber Int'l,98,89,,,,0,,,,,,,,,,2,,0,DeLand,FL,1,12,,,,-5.0,"47,51","49,40",,,,,
ncaab:400992536,ncaab,2017-11-10T17:00Z,final,2393,2906,MTSU,Trevecca,104,52,,,,0,,,,,,,,,,2,,0,Murfreesboro,TN,1,186,,,,-6.0,"51,53","28,24",,,,,
ncaab:400987926,ncaab,2017-11-10T18:00Z,final,202,2320,Tulsa,Lamar,67,74,,,,0,,,,,,,,,,2,,0,Tulsa,OK,1,220,,,,-6.0,"28,39","37,37",,,,,
ncaab:400988882,ncaab,2017-11-10T18:00Z,final,239,2110,Baylor,C Arkansas,107,66,,,,0,,,,,,,,,,2,,0,Waco,TX,1,143,,,,-6.0,"53,54","37,29",,,,,
ncaab:400991544,ncaab,2017-11-10T18:00Z,final,160,450,New Hampshire,WHEELOCK,95,39,,,,0,,,,,,,,,,2,,0,Durham,NH,1,15,,,,-5.0,"50,45","20,19",,,,,
ncaab:400992947,ncaab,2017-11-10T18:15Z,final,2296,2398,Jackson St,Millsaps,84,46,,,,0,,,,,,,,,,2,,0,Jackson,MS,1,85,,,,-6.0,"48,36","17,29",,,,,
ncaab:400988646,ncaab,2017-11-10T20:00Z,final,2643,2476,The Citadel,Oglethorpe,109,73,,,,0,,,,,,,,,,2,,0,Charleston,SC,1,6,,,,-5.0,"70,39","37,36",,,,,
ncaab:400986328,ncaab,2017-11-10T21:00Z,final,213,2097,Penn State,Campbell,86,75,,,,0,,,,,,,,,,2,,0,University Park,PA,1,348,,,,-5.0,"36,50","28,47",,,,,
ncaab:400990107,ncaab,2017-11-10T21:00Z,final,2117,2562,C Michigan,Siena Heights,108,48,,,,0,,,,,,,,,,2,,0,Mount Pleasant,MI,1,235,,,,-5.0,"55,53","24,24",,,,,
ncaab:400991226,ncaab,2017-11-10T21:05Z,final,331,3152,E Washington,Walla Walla,82,61,,,,0,,,,,,,,,,2,,0,Cheney,WA,1,717,,,,-8.0,"39,43","26,35",,,,,
ncaab:400991464,ncaab,2017-11-10T22:00Z,final,256,2079,James Madison,Bridgewater,80,50,,,,0,,,,,,,,,,2,,0,Harrisonburg,VA,1,404,,,,-5.0,"40,40","26,24",,,,,
ncaab:400986025,ncaab,2017-11-10T23:00Z,final,259,2174,Virginia Tech,Detroit Mercy,111,79,,,,0,,,,,,,,,,2,,0,Blacksburg,VA,1,633,,,,-5.0,"52,59","42,37",,,,,
ncaab:400987146,ncaab,2017-11-10T23:00Z,final,277,245,West Virginia,Texas A&M,65,88,,,,1,,,,,,,,,,2,,0,Ramstein,Germany,1,291,,,,-6.0,"38,27","45,43",,,,,
ncaab:400990709,ncaab,2017-11-10T23:00Z,final,2529,107,Sacred Heart,Holy Cross,64,69,,,,0,,,,,,,,,,2,,0,Fairfield,CT,1,4,,,,-8.0,"25,39","36,33",,,,,
ncaab:400999873,ncaab,2017-11-10T23:00Z,final,249,101,North Texas,Eureka,122,65,,,,0,,,,,,,,,,2,,0,Denton,TX,1,201,,,,-6.0,"55,67","34,31",,,,,
ncaab:400987150,ncaab,2017-11-10T23:30Z,final,344,2011,Mississippi St,Alabama St,96,68,,,,0,,,,,,,,,,2,,0,Starkville,MS,1,101,,,,-6.0,"58,38","31,37",,,,,
ncaab:400987157,ncaab,2017-11-10T23:30Z,final,333,235,Alabama,Memphis,82,70,,,,1,,,,,,,,,,2,,0,Annapolis,MD,1,12,,,,-5.0,"38,44","36,34",,,,,
ncaab:400988408,ncaab,2017-11-10T23:30Z,final,2550,161,Seton Hall,FDU,90,68,,,,0,,,,,,,,,,2,,0,Newark,NJ,1,9,,,,-5.0,"47,43","28,40",,,,,
ncaab:400986021,ncaab,2017-11-11T00:00Z,final,153,2460,North Carolina,Northern Iowa,86,69,,,,0,,,,,,,,,,2,,0,Chapel Hill,NC,1,148,,,,-5.0,"45,41","31,38",,,,,
ncaab:400986024,ncaab,2017-11-11T00:00Z,final,183,172,Syracuse,Cornell,77,45,,,,0,,,,,,,,,,2,,0,Syracuse,NY,1,121,,,,-5.0,"33,44","22,23",,,,,
ncaab:400986046,ncaab,2017-11-11T00:00Z,final,152,2678,NC State,VMI,102,67,,,,0,,,,,,,,,,2,,0,Raleigh,NC,1,96,,,,-5.0,"56,46","34,33",,,,,
ncaab:400986312,ncaab,2017-11-11T00:00Z,final,228,2717,Clemson,W Carolina,85,57,,,,0,,,,,,,,,,2,,0,Clemson,SC,1,221,,,,-5.0,"44,41","22,35",,,,,
ncaab:400986320,ncaab,2017-11-11T00:00Z,final,150,2210,Duke,Elon,97,68,,,,0,,,,,,,,,,2,,0,Durham,NC,1,123,,,,-5.0,"45,52","25,43",,,,,
ncaab:400986322,ncaab,2017-11-11T00:00Z,final,84,282,Indiana,Indiana St,69,90,,,,0,,,,,,,,,,2,,0,Bloomington,IN,1,235,,,,-5.0,"33,36","54,36",,,,,
ncaab:400986327,ncaab,2017-11-11T00:00Z,final,194,2523,Ohio State,Robert Morris,95,64,,,,0,,,,,,,,,,2,,0,Columbus,OH,1,235,,,,-5.0,"46,49","26,38",,,,,
ncaab:400986330,ncaab,2017-11-11T00:00Z,final,164,170,Rutgers,City (NY),94,38,,,,0,,,,,,,,,,2,,0,Piscataway,NJ,1,30,,,,-5.0,"51,43","13,25",,,,,
ncaab:400986331,ncaab,2017-11-11T00:00Z,final,275,2569,Wisconsin,SC State,85,50,,,,0,,,,,,,,,,2,,0,Madison,WI,1,267,,,,-6.0,"46,39","28,22",,,,,
ncaab:400986332,ncaab,2017-11-11T00:00Z,final,2619,120,Stony Brook,Maryland,61,76,,,,1,,,,,,,,,,2,,0,Uniondale,NY,1,16,,,,-5.0,"23,38","41,35",,,,,
ncaab:400986648,ncaab,2017-11-11T00:00Z,final,258,2430,Virginia,UNC Greensboro,60,48,,,,0,,,,,,,,,,2,,0,Charlottesville,VA,1,142,,,,-5.0,"29,31","20,28",,,,,
ncaab:400987147,ncaab,2017-11-11T00:00Z,final,2633,2506,Tennessee,Presbyterian,88,53,,,,0,,,,,,,,,,2,,0,Knoxville,TN,1,276,,,,-5.0,"46,42","14,39",,,,,
ncaab:400987148,ncaab,2017-11-11T00:00Z,final,2747,2579,Wofford,South Carolina,52,73,,,,0,,,,,,,,,,2,,0,Spartanburg,SC,1,246,,,,-5.0,"24,28","33,40",,,,,
ncaab:400987153,ncaab,2017-11-11T00:00Z,final,96,3084,Kentucky,Utah Valley,73,63,,,,0,,,,,,,,,,2,,0,Lexington,KY,1,295,,,,-5.0,"25,48","34,29",,,,,
ncaab:400987154,ncaab,2017-11-11T00:00Z,final,61,2803,Georgia,Bryant,79,54,,,,0,,,,,,,,,,2,,0,Athens,GA,1,228,,,,-5.0,"40,39","17,37",,,,,
ncaab:400987927,ncaab,2017-11-11T00:00Z,final,41,2142,UConn,Colgate,70,58,,,,0,,,,,,,,,,2,,0,Storrs,CT,1,187,,,,-5.0,"33,37","31,27",,,,,
ncaab:400988187,ncaab,2017-11-11T00:00Z,final,24,13,Stanford,Cal Poly,78,62,,,,0,,,,,,,,,,2,,0,Stanford,CA,1,23,,,,-8.0,"38,40","24,38",,,,,
ncaab:400988409,ncaab,2017-11-11T00:00Z,final,2086,338,Butler,Kennesaw St,82,64,,,,0,,,,,,,,,,2,,0,Indianapolis,IN,1,218,,,,-5.0,"48,34","24,40",,,,,
ncaab:400988410,ncaab,2017-11-11T00:00Z,final,2599,2443,St John's,LSU N Orleans,77,61,,,,0,,,,,,,,,,2,,0,Queens,NY,1,12,,,,-5.0,"37,40","28,33",,,,,
ncaab:400988411,ncaab,2017-11-11T00:00Z,final,2752,2413,Xavier,Morehead St,101,49,,,,0,,,,,,,,,,2,,0,Cincinnati,OH,1,191,,,,-5.0,"62,39","24,25",,,,,
ncaab:400988412,ncaab,2017-11-11T00:00Z,final,2507,2277,Providence,Hou Christian,84,55,,,,0,,,,,,,,,,2,,0,Providence,RI,1,2,,,,-5.0,"42,42","23,32",,,,,
ncaab:400988647,ncaab,2017-11-11T00:00Z,final,231,3243,Furman,Bob Jones,101,48,,,,0,,,,,,,,,,2,,0,Greenville,SC,1,307,,,,-5.0,"47,54","31,17",,,,,
ncaab:400988648,ncaab,2017-11-11T00:00Z,final,94,2193,N Kentucky,ETSU,81,63,,,,0,,,,,,,,,,2,,0,Highland Heights,KY,1,260,,,,-5.0,"41,40","32,31",,,,,
ncaab:400989282,ncaab,2017-11-11T00:00Z,final,2473,2870,Oakland,Purdue FW,85,71,,,,0,,,,,,,,,,2,,0,Rochester,MI,1,229,,,,-5.0,"48,37","26,45",,,,,
ncaab:400989551,ncaab,2017-11-11T00:00Z,final,2737,79,Winthrop,S Illinois,66,81,,,,0,,,,,,,,,,2,,0,Rock Hill,SC,1,207,,,,-5.0,"41,25","47,34",,,,,
ncaab:400989776,ncaab,2017-11-11T00:00Z,final,2166,2127,Davidson,Charleston So,110,62,,,,0,,,,,,,,,,2,,0,Davidson,NC,1,256,,,,-5.0,"58,52","23,39",,,,,
ncaab:400989811,ncaab,2017-11-11T00:00Z,final,2168,2050,Dayton,Ball State,78,77,,,,0,,,,,,,,,,2,,0,Dayton,OH,1,225,,,,-5.0,"36,42","33,44",,,,,
ncaab:400989858,ncaab,2017-11-11T00:00Z,final,2230,193,Fordham,Miami OH,54,55,,,,0,,,,,,,,,,2,,0,Bronx,NY,1,28,,,,-5.0,"25,29","21,34",,,,,
ncaab:400989878,ncaab,2017-11-11T00:00Z,final,2244,322,George Mason,Lafayette,67,65,,,,0,,,,,,,,,,2,,0,Fairfax,VA,1,131,,,,-5.0,"38,29","36,29",,,,,
ncaab:400989917,ncaab,2017-11-11T00:00Z,final,2670,2755,VCU,Grambling,94,65,,,,0,,,,,,,,,,2,,0,Richmond,VA,1,64,,,,-5.0,"50,44","30,35",,,,,
ncaab:400989975,ncaab,2017-11-11T00:00Z,final,257,48,Richmond,Delaware,63,76,,,,0,,,,,,,,,,2,,0,Richmond,VA,1,64,,,,-5.0,"20,43","49,27",,,,,
ncaab:400989985,ncaab,2017-11-11T00:00Z,final,399,314,UAlbany,Iona,69,67,,,,0,,,,,,,,,,2,,0,Albany,NY,1,45,,,,-5.0,"34,35","23,44",,,,,
ncaab:400990014,ncaab,2017-11-11T00:00Z,final,2066,2415,Binghamton,Morgan St,76,59,,,,0,,,,,,,,,,2,,0,Binghamton,NY,1,264,,,,-5.0,"29,47","30,29",,,,,
ncaab:400990098,ncaab,2017-11-11T00:00Z,final,113,2349,UMass,UMass Lowell,74,69,,,,0,,,,,,,,,,2,,0,Amherst,MA,1,82,,,,-5.0,"32,42","34,35",,,,,
ncaab:400990108,ncaab,2017-11-11T00:00Z,final,2182,189,Drexel,Bowling Green,69,78,,,,0,,,,,,,,,,2,,0,Philadelphia,PA,1,12,,,,-5.0,"42,27","32,46",,,,,
ncaab:400990551,ncaab,2017-11-11T00:00Z,final,2247,3117,Georgia St,Carver,90,50,,,,0,,,,,,,,,,2,,0,Atlanta,GA,1,320,,,,-5.0,"42,48","19,31",,,,,
ncaab:400991053,ncaab,2017-11-11T00:00Z,final,232,2561,Charleston,Siena,68,60,,,,0,,,,,,,,,,2,,0,Charleston,SC,1,6,,,,-5.0,"28,25,15","25,28,7",,,,,
ncaab:400991450,ncaab,2017-11-11T00:00Z,final,2275,349,Hofstra,Army,77,74,,,,0,,,,,,,,,,2,,0,Hempstead,NY,1,17,,,,-5.0,"37,40","36,38",,,,,
ncaab:400991498,ncaab,2017-11-11T00:00Z,final,295,119,Old Dominion,Towson,57,54,,,,0,,,,,,,,,,2,,0,Norfolk,VA,1,2,,,,-5.0,"28,29","29,25",,,,,
ncaab:400991652,ncaab,2017-11-11T00:00Z,final,108,109,Harvard,MIT,73,64,,,,0,,,,,,,,,,2,,0,Cambridge,MA,1,5,,,,-5.0,"39,34","32,32",,,,,
ncaab:400992342,ncaab,2017-11-11T00:00Z,final,2335,109636,Liberty,Clarks Summit,87,42,,,,0,,,,,,,,,,2,,0,Lynchburg,VA,1,192,,,,-5.0,"48,39","18,24",,,,,
ncaab:400992380,ncaab,2017-11-11T00:00Z,final,2515,3068,Radford,Georgia Southwestern,72,63,,,,0,,,,,,,,,,2,,0,Radford,VA,1,567,,,,-5.0,"30,42","32,31",,,,,
ncaab:400992541,ncaab,2017-11-11T00:00Z,final,2229,2227,FIU,FL Memorial,70,47,,,,0,,,,,,,,,,2,,0,Miami,FL,1,2,,,,-5.0,"35,35","31,16",,,,,
ncaab:400986047,ncaab,2017-11-11T00:30Z,final,103,311,Boston College,Maine,85,65,,,,0,,,,,,,,,,2,,0,Chestnut Hill,MA,1,60,,,,-5.0,"35,50","28,37",,,,,
ncaab:400986636,ncaab,2017-11-11T00:30Z,final,154,290,Wake Forest,GA Southern,83,85,,,,0,,,,,,,,,,2,,0,Winston-Salem,NC,1,293,,,,-5.0,"46,37","40,45",,,,,
ncaab:400989900,ncaab,2017-11-11T00:30Z,final,45,47,G Washington,Howard,84,75,,,,0,,,,,,,,,,2,,0,Washington,DC,1,7,,,,-5.0,"40,44","36,39",,,,,
ncaab:400990088,ncaab,2017-11-11T00:30Z,final,227,2427,Rhode Island,UNC Asheville,84,60,,,,0,,,,,,,,,,2,,0,Kingston,RI,1,75,,,,-5.0,"40,44","24,36",,,,,
ncaab:400990354,ncaab,2017-11-11T00:30Z,final,324,108942,Coastal,Carolina U,102,50,,,,0,,,,,,,,,,2,,0,Conway,SC,1,10,,,,-5.0,"61,41","28,22",,,,,
ncaab:400990871,ncaab,2017-11-11T00:30Z,final,2546,2880,SE Missouri,Missouri Bapt,81,69,,,,0,,,,,,,,,,2,,0,Cape Girardeau,MO,1,108,,,,-6.0,"37,44","27,42",,,,,
ncaab:400991487,ncaab,2017-11-11T00:30Z,final,104,111,Boston U,Northeastern,59,65,,,,0,,,,,,,,,,2,,0,Boston,MA,1,14,,,,-5.0,"26,33","35,30",,,,,
ncaab:400991910,ncaab,2017-11-11T00:30Z,final,288,2212,Lipscomb,Emory,98,83,,,,0,,,,,,,,,,2,,0,Nashville,TN,1,170,,,,-6.0,"43,55","43,40",,,,,
ncaab:400992537,ncaab,2017-11-11T00:30Z,final,2348,3086,Louisiana Tech,UT Tyler,112,71,,,,0,,,,,,,,,,2,,0,Ruston,LA,1,102,,,,-6.0,"55,57","34,37",,,,,
ncaab:400992540,ncaab,2017-11-11T00:30Z,final,2429,291,Charlotte,Methodist,116,76,,,,0,,,,,,,,,,2,,0,Charlotte,NC,1,229,,,,-5.0,"54,62","36,40",,,,,
ncaab:400992735,ncaab,2017-11-11T00:30Z,final,2169,3216,Delaware St,Cairn,71,50,,,,0,,,,,,,,,,2,,0,Dover,DE,1,9,,,,-5.0,"35,36","20,30",,,,,
ncaab:400986321,ncaab,2017-11-11T01:00Z,final,356,2582,Illinois,Southern,102,55,,,,0,,,,,,,,,,2,,0,Champaign,IL,1,225,,,,-6.0,"53,49","31,24",,,,,
ncaab:400986324,ncaab,2017-11-11T01:00Z,final,127,2454,Michigan St,North Florida,98,66,,,,0,,,,,,,,,,2,,0,East Lansing,MI,1,261,,,,-5.0,"52,46","26,40",,,,,
ncaab:400986325,ncaab,2017-11-11T01:00Z,final,135,2908,Minnesota,SC Upstate,92,77,,,,0,,,,,,,,,,2,,0,Minneapolis,MN,1,253,,,,-6.0,"43,49","33,44",,,,,
ncaab:400986329,ncaab,2017-11-11T01:00Z,final,2509,2565,Purdue,SIUE,105,74,,,,0,,,,,,,,,,2,,0,West Lafayette,IN,1,186,,,,-5.0,"52,53","32,42",,,,,
ncaab:400986704,ncaab,2017-11-11T01:00Z,final,2390,2241,Miami,Gardner-Webb,77,45,,,,0,,,,,,,,,,2,,0,Coral Gables,FL,1,3,,,,-5.0,"27,50","23,22",,,,,
ncaab:400987151,ncaab,2017-11-11T01:00Z,final,145,309,Ole Miss,Louisiana,94,76,,,,0,,,,,,,,,,2,,0,Oxford,MS,1,154,,,,-6.0,"40,54","42,34",,,,,
ncaab:400987152,ncaab,2017-11-11T01:00Z,final,99,2016,LSU,Alcorn St,99,59,,,,0,,,,,,,,,,2,,0,Baton Rouge,LA,1,14,,,,-6.0,"51,48","34,25",,,,,
ncaab:400987155,ncaab,2017-11-11T01:00Z,final,8,2535,Arkansas,Samford,95,56,,,,0,,,,,,,,,,2,,0,Fayetteville,AR,1,427,,,,-6.0,"47,48","19,37",,,,,
ncaab:400987156,ncaab,2017-11-11T01:00Z,final,2,2450,Auburn,Norfolk St,102,74,,,,0,,,,,,,,,,2,,0,Auburn,AL,1,215,,,,-6.0,"49,53","32,42",,,,,
ncaab:400987928,ncaab,2017-11-11T01:00Z,final,2116,2382,UCF,Mercer,88,79,,,,0,,,,,,,,,,2,,0,Orlando,FL,1,30,,,,-5.0,"46,42","47,32",,,,,
ncaab:400987929,ncaab,2017-11-11T01:00Z,final,248,2377,Houston,McNeese,81,53,,,,0,,,,,,,,,,2,,0,Houston,TX,1,12,,,,-6.0,"48,33","34,19",,,,,
ncaab:400987930,ncaab,2017-11-11T01:00Z,final,58,2226,South Florida,FAU,60,59,,,,0,,,,,,,,,,2,,0,Tampa,FL,1,1,,,,-5.0,"33,27","29,30",,,,,
ncaab:400987931,ncaab,2017-11-11T01:00Z,final,2724,140,Wichita St,Kansas City,109,57,,,,0,,,,,,,,,,2,,0,Wichita,KS,1,396,,,,-6.0,"62,47","23,34",,,,,
ncaab:400987932,ncaab,2017-11-11T01:00Z,final,2567,2378,SMU,UMBC,78,67,,,,0,,,,,,,,,,2,,0,Dallas,TX,1,128,,,,-6.0,"38,40","45,22",,,,,
ncaab:400987933,ncaab,2017-11-11T01:00Z,final,2655,112358,Tulane,Long Island,102,96,,,,0,,,,,,,,,,2,,0,New Orleans,LA,1,0,,,,-6.0,"52,50","38,58",,,,,
ncaab:400988188,ncaab,2017-11-11T01:00Z,final,38,2458,Colorado,N Colorado,66,51,,,,0,,,,,,,,,,2,,0,Boulder,CO,1,1624,,,,-7.0,"35,31","24,27",,,,,
ncaab:400988189,ncaab,2017-11-11T01:00Z,final,12,2464,Arizona,N Arizona,101,67,,,,0,,,,,,,,,,2,,0,Tucson,AZ,1,759,,,,-7.0,"49,52","36,31",,,,,
ncaab:400988878,ncaab,2017-11-11T01:00Z,final,2916,2588,Incarnate Word,Southwestern,87,71,,,,0,,,,,,,,,,2,,0,San Antonio,TX,1,198,,,,-6.0,"36,51","32,39",,,,,
ncaab:400988884,ncaab,2017-11-11T01:00Z,final,292,2447,UT Rio Grande,Nicholls,106,111,,,,0,,,,,,,,,,2,,0,Edinburg,TX,1,30,,,,-6.0,"52,54","51,60",,,,,
ncaab:400989283,ncaab,2017-11-11T01:00Z,final,198,2048,Oral Roberts,Avila,86,72,,,,0,,,,,,,,,,2,,0,Tulsa,OK,1,220,,,,-6.0,"45,41","30,42",,,,,
ncaab:400989285,ncaab,2017-11-11T01:00Z,final,147,2437,Montana St,Omaha,89,80,,,,0,,,,,,,,,,2,,0,Bozeman,MT,1,1468,,,,-7.0,"32,36,21","25,43,12",,,,,
ncaab:400989549,ncaab,2017-11-11T01:00Z,final,339,2032,Evansville,Arkansas St,77,63,,,,0,,,,,,,,,,2,,0,Evansville,IN,1,118,,,,-6.0,"38,39","27,36",,,,,
ncaab:400989550,ncaab,2017-11-11T01:00Z,final,98,2623,Western KY,Missouri St,80,85,,,,0,,,,,,,,,,2,,0,Bowling Green,KY,1,161,,,,-6.0,"34,46","45,40",,,,,
ncaab:400989552,ncaab,2017-11-11T01:00Z,final,2350,2750,Loyola Chicago,Wright St,84,80,,,,0,,,,,,,,,,2,,0,Chicago,IL,1,179,,,,-6.0,"45,39","41,39",,,,,
ncaab:400989553,ncaab,2017-11-11T01:00Z,final,2674,75,Valparaiso,North Park,88,46,,,,0,,,,,,,,,,2,,0,Valparaiso,IN,1,242,,,,-6.0,"40,48","17,29",,,,,
ncaab:400989931,ncaab,2017-11-11T01:00Z,final,179,315,St Bonaventure,Niagara,75,77,,,,0,,,,,,,,,,2,,0,Saint Bonaventure,NY,1,435,,,,-5.0,"25,50","34,43",,,,,
ncaab:400989949,ncaab,2017-11-11T01:00Z,final,139,2547,Saint Louis,Seattle U,62,46,,,,0,,,,,,,,,,2,,0,St. Louis,MO,1,142,,,,-6.0,"34,28","27,19",,,,,
ncaab:400990525,ncaab,2017-11-11T01:00Z,void,2459,2595,N Illinois,St Francis IL,,,,,,0,,,,,,,,,,2,,0,Dekalb,IL,1,268,,,,-6.0,,,,,,,
ncaab:400990708,ncaab,2017-11-11T01:00Z,final,42,2115,Hartford,C Connecticut,85,84,,,,0,,,,,,,,,,2,,0,West Hartford,CT,1,40,,,,-5.0,"35,40,10","37,38,9",,,,,
ncaab:400990872,ncaab,2017-11-11T01:00Z,final,242,2198,Rice,E Kentucky,72,73,,,,0,,,,,,,,,,2,,0,Houston,TX,1,12,,,,-6.0,"36,36","31,42",,,,,
ncaab:400990873,ncaab,2017-11-11T01:00Z,final,55,2632,Jax State,TN Wesleyan,100,42,,,,0,,,,,,,,,,2,,0,Jacksonville,AL,1,216,,,,-6.0,"44,56","21,21",,,,,
ncaab:400990874,ncaab,2017-11-11T01:00Z,final,93,2855,Murray St,Brescia,118,61,,,,0,,,,,,,,,,2,,0,Murray,KY,1,163,,,,-6.0,"60,58","30,31",,,,,
ncaab:400990876,ncaab,2017-11-11T01:00Z,final,276,2630,Marshall,UT Martin,102,91,,,,0,,,,,,,,,,2,,0,Huntington,WV,1,173,,,,-5.0,"31,52,19","46,37,8",,,,,
ncaab:400991055,ncaab,2017-11-11T01:00Z,final,2520,2261,Rider,Hampton,90,75,,,,0,,,,,,,,,,2,,0,Lawrenceville,NJ,1,37,,,,-5.0,"36,54","36,39",,,,,
ncaab:400991508,ncaab,2017-11-11T01:00Z,final,2272,2729,High Point,William & Mary,100,66,,,,0,,,,,,,,,,2,,0,High Point,NC,1,281,,,,-5.0,"51,49","39,27",,,,,
ncaab:400991743,ncaab,2017-11-11T01:00Z,final,278,2662,Fresno St,UC Santa Cruz,96,65,,,,0,,,,,,,,,,2,,0,Fresno,CA,1,94,,,,-8.0,"52,44","25,40",,,,,
ncaab:400991874,ncaab,2017-11-11T01:00Z,final,5,294,UAB,Jacksonville,96,67,,,,0,,,,,,,,,,2,,0,Birmingham,AL,1,187,,,,-6.0,"43,53","27,40",,,,,
ncaab:400992153,ncaab,2017-11-11T01:00Z,final,270,2740,Milwaukee,UW-La Crosse,83,73,,,,0,,,,,,,,,,2,,0,Milwaukee,WI,1,188,,,,-6.0,"51,32","37,36",,,,,
ncaab:400992175,ncaab,2017-11-11T01:00Z,final,82,2428,UIC,NC Central,65,55,,,,0,,,,,,,,,,2,,0,Chicago,IL,1,179,,,,-6.0,"29,36","20,35",,,,,
ncaab:400992538,ncaab,2017-11-11T01:00Z,final,2572,2573,Southern Miss,Southern NO,79,69,,,,0,,,,,,,,,,2,,0,Hattiesburg,MS,1,52,,,,-6.0,"40,39","27,42",,,,,
ncaab:400992700,ncaab,2017-11-11T01:00Z,final,2065,3097,Bethune,JohnsonFL,108,66,,,,0,,,,,,,,,,2,,0,Daytona Beach,FL,1,4,,,,-5.0,"53,55","38,28",,,,,
ncaab:400992803,ncaab,2017-11-11T01:00Z,final,2448,2256,NC A&T,Greensboro,104,80,,,,0,,,,,,,,,,2,,0,Greensboro,NC,1,266,,,,-5.0,"49,55","37,43",,,,,
ncaab:400992942,ncaab,2017-11-11T01:00Z,final,2379,110414,MD Eastern,Valley Forge,95,69,,,,0,,,,,,,,,,2,,0,Princess Anne,MD,1,5,,,,-5.0,"45,50","38,31",,,,,
ncaab:400988883,ncaab,2017-11-11T01:15Z,final,251,2466,Texas,N'Western St,105,59,,,,0,,,,,,,,,,2,,0,Austin,TX,1,149,,,,-6.0,"62,43","27,32",,,,,
ncaab:400986326,ncaab,2017-11-11T01:30Z,final,77,2352,Northwestern,Loyola MD,79,75,,,,0,,,,,,,,,,2,,0,Rosemont,IL,1,194,,,,-6.0,"37,42","24,51",,,,,
ncaab:400986952,ncaab,2017-11-11T01:30Z,final,197,2492,Oklahoma St,Pepperdine,78,47,,,,0,,,,,,,,,,2,,0,Stillwater,OK,1,273,,,,-6.0,"34,44","21,26",,,,,
ncaab:400988413,ncaab,2017-11-11T01:30Z,final,222,171,Villanova,Columbia,75,60,,,,0,,,,,,,,,,2,,0,Philadelphia,PA,1,12,,,,-5.0,"32,43","23,37",,,,,
ncaab:400988879,ncaab,2017-11-11T01:30Z,final,2545,2113,SE Louisiana,Centenary (LA),99,67,,,,0,,,,,,,,,,2,,0,Hammond,LA,1,13,,,,-6.0,"53,46","40,27",,,,,
ncaab:400988880,ncaab,2017-11-11T01:30Z,final,2000,3090,Abilene Chrstn,Randall,86,68,,,,0,,,,,,,,,,2,,0,Abilene,TX,1,524,,,,-6.0,"39,47","33,35",,,,,
ncaab:400988881,ncaab,2017-11-11T01:30Z,final,357,3158,Texas A&M-CC,Lady of Lake,69,68,,,,0,,,,,,,,,,2,,0,Corpus Christi,TX,1,2,,,,-6.0,"28,41","29,39",,,,,
ncaab:400990875,ncaab,2017-11-11T01:30Z,final,2635,111166,Tennessee Tech,Midway,94,56,,,,0,,,,,,,,,,2,,0,Cookeville,TN,1,334,,,,-6.0,"48,46","32,24",,,,,
ncaab:400991054,ncaab,2017-11-11T01:30Z,final,2405,2083,Monmouth,Bucknell,79,78,,,,0,,,,,,,,,,2,,0,West Long Branch,NJ,1,9,,,,-5.0,"41,38","31,47",,,,,
ncaab:400986022,ncaab,2017-11-11T02:00Z,final,2426,221,Navy,Pitt,71,62,,,,0,,,,,,,,,,2,,0,Annapolis,MD,1,12,,,,-5.0,"39,32","38,24",,,,,
ncaab:400986877,ncaab,2017-11-11T02:00Z,final,2250,2640,Gonzaga,Texas Southern,97,69,,,,0,,,,,,,,,,2,,0,Spokane,WA,1,571,,,,-8.0,"52,45","31,38",,,,,
ncaab:400987149,ncaab,2017-11-11T02:00Z,final,142,66,Missouri,Iowa State,74,59,,,,0,,,,,,,,,,2,,0,Columbia,MO,1,215,,,,-6.0,"39,35","25,34",,,,,
ncaab:400988414,ncaab,2017-11-11T02:00Z,final,156,43,Creighton,Yale,92,76,,,,0,,,,,,,,,,2,,0,Omaha,NE,1,323,,,,-6.0,"47,45","35,41",,,,,
ncaab:400988415,ncaab,2017-11-11T02:00Z,final,269,116,Marquette,Mount St Marys,80,59,,,,0,,,,,,,,,,2,,0,Milwaukee,WI,1,188,,,,-6.0,"48,32","27,32",,,,,
ncaab:400988649,ncaab,2017-11-11T02:00Z,final,2751,236,Wyoming,Chattanooga,74,65,,,,0,,,,,,,,,,2,,0,Laramie,WY,1,2184,,,,-7.0,"40,34","29,36",,,,,
ncaab:400989174,ncaab,2017-11-11T02:00Z,final,2305,2634,Kansas,Tennessee St,92,56,,,,0,,,,,,,,,,2,,0,Lawrence,KS,1,263,,,,-6.0,"56,36","27,29",,,,,
ncaab:400989194,ncaab,2017-11-11T02:00Z,final,2306,44,Kansas St,American,83,45,,,,0,,,,,,,,,,2,,0,Manhattan,KS,1,311,,,,-6.0,"48,35","19,26",,,,,
ncaab:400989240,ncaab,2017-11-11T02:00Z,final,2628,2433,TCU,UL Monroe,83,73,,,,0,,,,,,,,,,2,,0,Fort Worth,TX,1,199,,,,-6.0,"38,45","35,38",,,,,
ncaab:400989266,ncaab,2017-11-11T02:00Z,final,2641,6,Texas Tech,South Alabama,75,50,,,,0,,,,,,,,,,2,,0,Lubbock,TX,1,976,,,,-6.0,"36,39","28,22",,,,,
ncaab:400990564,ncaab,2017-11-11T02:00Z,final,2253,50,Grand Canyon,Florida A&M,67,51,,,,0,,,,,,,,,,2,,0,Phoenix,AZ,1,331,,,,-7.0,"35,32","17,34",,,,,
ncaab:400991227,ncaab,2017-11-11T02:00Z,final,2692,328,Weber St,Utah State,65,59,,,,0,,,,,,,,,,2,,0,Ogden,UT,1,1311,,,,-7.0,"27,38","24,35",,,,,
ncaab:400992539,ncaab,2017-11-11T02:00Z,final,2638,2347,UTEP,LA Christian,100,50,,,,0,,,,,,,,,,2,,0,El Paso,TX,1,1133,,,,-7.0,"48,52","16,34",,,,,
ncaab:400997652,ncaab,2017-11-11T02:00Z,final,166,2191,New Mexico St,East Central,81,55,,,,0,,,,,,,,,,2,,0,Las Cruces,NM,1,1191,,,,-7.0,"31,50","25,30",,,,,
ncaab:401000089,ncaab,2017-11-11T02:00Z,final,149,2721,Montana,Whitworth,72,60,,,,0,,,,,,,,,,2,,0,Missoula,MT,1,978,,,,-7.0,"32,40","29,31",,,,,
ncaab:400986323,ncaab,2017-11-11T02:05Z,final,2294,2130,Iowa,Chicago St,95,62,,,,0,,,,,,,,,,2,,0,Iowa City,IA,1,204,,,,-6.0,"52,43","27,35",,,,,
ncaab:400989284,ncaab,2017-11-11T02:15Z,final,2571,300,S Dakota St,UC Irvine,65,54,,,,0,,,,,,,,,,2,,0,Brookings,SD,1,494,,,,-6.0,"31,34","31,23",,,,,
ncaab:400987158,ncaab,2017-11-11T02:30Z,final,238,2046,Vanderbilt,Austin Peay,73,54,,,,0,,,,,,,,,,2,,0,Nashville,TN,1,170,,,,-6.0,"41,32","28,26",,,,,
ncaab:400990355,ncaab,2017-11-11T02:30Z,final,155,2653,North Dakota,Troy,83,80,,,,1,,,,,,,,,,2,,0,Honolulu,HI,1,5,,,,-10.0,"30,53","33,47",,,,,
ncaab:400991725,ncaab,2017-11-11T02:30Z,final,36,16,Colorado St,Sacramento St,72,61,,,,0,,,,,,,,,,2,,0,Fort Collins,CO,1,1525,,,,-7.0,"34,38","32,29",,,,,
ncaab:400987063,ncaab,2017-11-11T03:00Z,final,2541,2318,Santa Clara,La Verne,120,70,,,,0,,,,,,,,,,2,,0,Santa Clara,CA,1,23,,,,-8.0,"66,54","44,26",,,,,
ncaab:400988190,ncaab,2017-11-11T03:00Z,final,264,2057,Washington,Belmont,86,82,,,,0,,,,,,,,,,2,,0,Seattle,WA,1,56,,,,-8.0,"35,51","43,39",,,,,
ncaab:400988191,ncaab,2017-11-11T03:00Z,final,204,253,Oregon St,Southern Utah,99,82,,,,0,,,,,,,,,,2,,0,Corvallis,OR,1,71,,,,-8.0,"51,48","28,54",,,,,
ncaab:400988192,ncaab,2017-11-11T03:00Z,final,9,304,Arizona St,Idaho St,94,74,,,,0,,,,,,,,,,2,,0,Tempe,AZ,1,360,,,,-7.0,"51,43","33,41",,,,,
ncaab:400988193,ncaab,2017-11-11T03:00Z,final,30,2239,USC,Fullerton,84,42,,,,0,,,,,,,,,,2,,0,Los Angeles,CA,1,89,,,,-8.0,"42,42","15,27",,,,,
ncaab:400988194,ncaab,2017-11-11T03:00Z,final,254,2504,Utah,Prairie View,83,62,,,,0,,,,,,,,,,2,,0,Salt Lake City,UT,1,1299,,,,-7.0,"39,44","31,31",,,,,
ncaab:400990565,ncaab,2017-11-11T03:00Z,final,2934,2850,Bakersfield,Whittier,88,66,,,,0,,,,,,,,,,2,,0,Bakersfield,CA,1,123,,,,-8.0,"44,44","31,35",,,,,
ncaab:400991706,ncaab,2017-11-11T03:00Z,final,68,2202,Boise St,Eastern Oregon,104,65,,,,0,,,,,,,,,,2,,0,Boise,ID,1,823,,,,-7.0,"50,54","28,37",,,,,
ncaab:400991762,ncaab,2017-11-11T03:00Z,final,2440,70,Nevada,Idaho,88,64,,,,0,,,,,,,,,,2,,0,Reno,NV,1,1373,,,,-8.0,"43,45","30,34",,,,,
ncaab:400991793,ncaab,2017-11-11T03:00Z,final,21,3096,San Diego St,S Diego Christ,91,52,,,,0,,,,,,,,,,2,,0,San Diego,CA,1,20,,,,-8.0,"46,45","24,28",,,,,
ncaab:400991801,ncaab,2017-11-11T03:00Z,final,23,109597,San José St,Antelope Val,97,45,,,,0,,,,,,,,,,2,,0,San Jose,CA,1,26,,,,-8.0,"48,49","33,12",,,,,
ncaab:400992462,ncaab,2017-11-11T03:30Z,final,2463,109670,CSU Northridge,Life Pacific,76,50,,,,0,,,,,,,,,,2,,0,Northridge,CA,1,246,,,,-8.0,"37,39","27,23",,,,,
ncaab:400987046,ncaab,2017-11-11T04:00Z,final,2539,299,San Francisco,Long Beach St,71,83,,,,0,,,,,,,,,,2,,0,San Francisco,CA,1,16,,,,-8.0,"34,37","37,46",,,,,
ncaab:400986023,ncaab,2017-11-11T04:30Z,final,26,59,UCLA,Georgia Tech,63,60,,,,1,,,,,,,,,,2,,0,Shanghai,China,1,221,,,,-6.0,"35,28","32,28",,,,,
ncaab:400988195,ncaab,2017-11-11T04:59Z,final,25,27,California,UC Riverside,66,74,,,,0,,,,,,,,,,2,,0,Berkeley,CA,1,52,,,,-8.0,"21,45","40,34",,,,,
ncaab:400988196,ncaab,2017-11-11T04:59Z,final,2483,2154,Oregon,Coppin St,70,54,,,,0,,,,,,,,,,2,,0,Eugene,OR,1,131,,,,-8.0,"42,28","14,40",,,,,
ncaab:400992480,ncaab,2017-11-11T04:59Z,final,62,2029,Hawai'i,AR-Pine Bluff,82,70,,,,0,,,,,,,,,,2,,0,Honolulu,HI,1,5,,,,-10.0,"46,36","36,34",,,,,
ncaab:400989554,ncaab,2017-11-11T18:00Z,final,526,2287,FGCU,Illinois St,98,87,,,,0,,,,,,,,,,2,,0,Fort Myers,FL,1,3,,,,-5.0,"45,53","42,45",,,,,
ncaab:400990109,ncaab,2017-11-11T18:00Z,final,2084,2099,Buffalo,Canisius,80,75,,,,0,,,,,,,,,,2,,0,Buffalo,NY,1,183,,,,-5.0,"42,38","39,36",,,,,
ncaab:400991056,ncaab,2017-11-11T18:00Z,final,2217,219,Fairfield,Penn,80,72,,,,0,,,,,,,,,,2,,0,Bridgeport,CT,1,1,,,,-5.0,"36,44","33,39",,,,,
ncaab:400989555,ncaab,2017-11-11T19:00Z,final,71,85,Bradley,IU Indy,68,53,,,,0,,,,,,,,,,2,,0,Peoria,IL,1,153,,,,-6.0,"28,40","19,34",,,,,
ncaab:400990110,ncaab,2017-11-11T19:00Z,final,195,2010,Ohio,Alabama A&M,61,53,,,,0,,,,,,,,,,2,,0,Athens,OH,1,219,,,,-5.0,"32,29","22,31",,,,,
ncaab:400990538,ncaab,2017-11-11T19:00Z,final,2711,2562,W Michigan,Siena Heights,103,72,,,,0,,,,,,,,,,2,,0,Kalamazoo,MI,1,239,,,,-5.0,"47,56","29,43",,,,,
ncaab:400991057,ncaab,2017-11-11T19:00Z,final,2514,159,Quinnipiac,Dartmouth,78,77,,,,0,,,,,,,,,,2,,0,Hamden,CT,1,31,,,,-5.0,"42,36","33,44",,,,,
ncaab:400988886,ncaab,2017-11-11T20:00Z,final,2344,2617,Longwood,SF Austin,61,74,,,,0,,,,,,,,,,2,,0,Farmville,VA,1,90,,,,-5.0,"31,30","41,33",,,,,
ncaab:400989556,ncaab,2017-11-11T20:00Z,final,2181,2141,Drake,Coe,101,54,,,,0,,,,,,,,,,2,,0,Des Moines,IA,1,266,,,,-6.0,"50,51","25,29",,,,,
ncaab:400990068,ncaab,2017-11-11T20:00Z,final,2325,2612,La Salle,Saint Peter's,61,40,,,,0,,,,,,,,,,2,,0,Philadelphia,PA,1,12,,,,-5.0,"30,31","19,21",,,,,
ncaab:400991594,ncaab,2017-11-11T20:00Z,final,225,353,Brown,J&W,106,78,,,,0,,,,,,,,,,2,,0,Providence,RI,1,2,,,,-5.0,"58,48","39,39",,,,,
ncaab:400990356,ncaab,2017-11-11T20:30Z,final,2026,2648,App State,Toccoa Falls,135,34,,,,0,,,,,,,,,,2,,0,Boone,NC,1,981,,,,-5.0,"63,72","16,18",,,,,
ncaab:400986049,ncaab,2017-11-11T21:00Z,final,305,87,DePaul,Notre Dame,58,72,,,,0,,,,,,,,,,2,,0,Chicago,IL,1,179,,,,-6.0,"25,33","29,43",,,,,
ncaab:400989287,ncaab,2017-11-11T21:00Z,final,2540,2449,Santa Barbara,N Dakota St,85,66,,,,0,,,,,,,,,,2,,0,Santa Barbara,CA,1,15,,,,-8.0,"40,45","31,35",,,,,
ncaab:400990357,ncaab,2017-11-11T21:00Z,final,2031,2888,Little Rock,Ouachita Bapt,79,81,,,,0,,,,,,,,,,2,,0,Little Rock,AR,1,102,,,,-6.0,"34,45","40,41",,,,,
ncaab:400989836,ncaab,2017-11-11T22:30Z,final,2184,2597,Duquesne,St Francis BK,80,70,,,,0,,,,,,,,,,2,,0,Pittsburgh,PA,1,233,,,,-5.0,"32,48","32,38",,,,,
ncaab:400990711,ncaab,2017-11-11T23:00Z,final,2885,2681,NJIT,Wagner,49,60,,,,0,,,,,,,,,,2,,0,Newark,NJ,1,9,,,,-5.0,"28,21","29,31",,,,,
ncaab:400986048,ncaab,2017-11-12T00:00Z,final,150,3084,Duke,Utah Valley,99,69,,,,0,,,,,,,,,,2,,0,Durham,NC,1,123,,,,-5.0,"48,51","33,36",,,,,
ncaab:400989288,ncaab,2017-11-12T00:00Z,final,233,561,South Dakota,Mayville St,87,59,,,,0,,,,,,,,,,2,,0,Vermillion,SD,1,374,,,,-6.0,"42,45","31,28",,,,,
ncaab:400989963,ncaab,2017-11-12T00:00Z,final,2649,2603,Toledo,Saint Joseph's,98,87,,,,0,,,,,,,,,,2,,0,Toledo,OH,1,186,,,,-5.0,"45,53","36,51",,,,,
ncaab:400990111,ncaab,2017-11-12T00:00Z,final,2006,325,Akron,Cleveland St,67,57,,,,0,,,,,,,,,,2,,0,Akron,OH,1,291,,,,-5.0,"22,45","30,27",,,,,
ncaab:400991058,ncaab,2017-11-12T00:00Z,final,2368,2329,Marist,Lehigh,76,84,,,,0,,,,,,,,,,2,,0,Poughkeepsie,NY,1,62,,,,-5.0,"26,43,7","38,31,15",,,,,
ncaab:400991432,ncaab,2017-11-12T00:00Z,final,2210,108807,Elon,Will Peace,96,53,,,,0,,,,,,,,,,2,,0,Elon,NC,1,215,,,,-5.0,"44,52","25,28",,,,,
ncaab:400991478,ncaab,2017-11-12T00:00Z,final,350,286,UNC Wilmington,NC Wesleyan,105,81,,,,0,,,,,,,,,,2,,0,Wilmington,NC,1,9,,,,-5.0,"57,48","40,41",,,,,
ncaab:400992368,ncaab,2017-11-12T00:00Z,final,2506,3239,Presbyterian,Johnson Univ,107,87,,,,0,,,,,,,,,,2,,0,Clinton,SC,1,76,,,,-5.0,"49,58","45,42",,,,,
ncaab:400986333,ncaab,2017-11-12T00:30Z,final,130,2454,Michigan,North Florida,86,66,,,,0,,,,,,,,,,2,,0,Ann Arbor,MI,1,269,,,,-5.0,"32,54","30,36",,,,,
ncaab:400988885,ncaab,2017-11-12T00:30Z,final,2534,3086,Sam Houston,UT Tyler,91,51,,,,0,,,,,,,,,,2,,0,Huntsville,TX,1,113,,,,-6.0,"37,54","22,29",,,,,
ncaab:400986903,ncaab,2017-11-12T01:00Z,final,250,2351,UT Arlington,LMU,85,80,,,,0,,,,,,,,,,2,,0,Arlington,TX,1,184,,,,-6.0,"36,49","41,39",,,,,
ncaab:400989286,ncaab,2017-11-12T01:00Z,final,2710,2899,W Illinois,St Mary's (MN),109,68,,,,0,,,,,,,,,,2,,0,Macomb,IL,1,215,,,,-6.0,"47,62","43,25",,,,,
ncaab:400990710,ncaab,2017-11-12T01:00Z,final,2608,2598,Saint Mary's,Saint Francis,85,68,,,,0,,,,,,,,,,2,,0,Moraga,CA,1,152,,,,-8.0,"46,39","36,32",,,,,
ncaab:400986334,ncaab,2017-11-12T01:30Z,final,158,2197,Nebraska,E Illinois,72,68,,,,0,,,,,,,,,,2,,0,Lincoln,NE,1,367,,,,-6.0,"34,38","33,35",,,,,
ncaab:400986846,ncaab,2017-11-12T02:00Z,final,252,2400,BYU,Miss Valley St,91,61,,,,0,,,,,,,,,,2,,0,Provo,UT,1,1387,,,,-7.0,"47,44","23,38",,,,,
ncaab:400991779,ncaab,2017-11-12T02:00Z,final,167,3141,New Mexico,Northern NM,147,76,,,,0,,,,,,,,,,2,,0,Albuquerque,NM,1,1511,,,,-7.0,"74,73","35,41",,,,,
ncaab:400990112,ncaab,2017-11-12T02:45Z,final,2309,2754,Kent State,Youngstown St,111,78,,,,1,,,,,,,,,,2,,0,Akron,OH,1,291,,,,-5.0,"46,65","41,37",,,,,
ncaab:400986973,ncaab,2017-11-12T03:00Z,final,2501,2502,Portland,Portland St,75,80,,,,0,,,,,,,,,,2,,0,Portland,OR,1,12,,,,-8.0,"43,32","39,41",,,,,
ncaab:400991810,ncaab,2017-11-12T03:00Z,final,2439,50,UNLV,Florida A&M,108,66,,,,0,,,,,,,,,,2,,0,Las Vegas,NV,1,610,,,,-8.0,"56,52","27,39",,,,,
ncaab:400988416,ncaab,2017-11-12T17:00Z,final,46,294,Georgetown,Jacksonville,73,57,,,,0,,,,,,,,,,2,,0,Washington,DC,1,7,,,,-5.0,"36,37","20,37",,,,,
ncaab:400986308,ncaab,2017-11-12T18:00Z,final,103,2569,Boston College,SC State,91,52,,,,0,,,,,,,,,,2,,0,Chestnut Hill,MA,1,60,,,,-5.0,"47,44","19,33",,,,,
ncaab:400991570,ncaab,2017-11-12T18:00Z,final,2349,2660,UMass Lowell,UMass Boston,102,63,,,,0,,,,,,,,,,2,,0,Lowell,MA,1,36,,,,-5.0,"42,60","42,21",,,,,
ncaab:400992061,ncaab,2017-11-12T18:00Z,final,94,2733,N Kentucky,Wilmington OH,93,65,,,,0,,,,,,,,,,2,,0,Highland Heights,KY,1,260,,,,-5.0,"52,41","32,33",,,,,
ncaab:400988417,ncaab,2017-11-12T18:30Z,final,2550,2405,Seton Hall,Monmouth,75,65,,,,0,,,,,,,,,,2,,0,Newark,NJ,1,9,,,,-5.0,"48,27","32,33",,,,,
ncaab:400986313,ncaab,2017-11-12T19:00Z,final,228,2448,Clemson,NC A&T,87,63,,,,0,,,,,,,,,,2,,0,Clemson,SC,1,221,,,,-5.0,"41,46","29,34",,,,,
ncaab:400986687,ncaab,2017-11-12T19:00Z,final,97,2244,Louisville,George Mason,72,61,,,,0,,,,,,,,,,2,,0,Louisville,KY,1,142,,,,-5.0,"24,48","27,34",,,,,
ncaab:400988650,ncaab,2017-11-12T19:00Z,final,2747,2688,Wofford,Wash and Lee,103,66,,,,0,,,,,,,,,,2,,0,Spartanburg,SC,1,246,,,,-5.0,"57,46","31,35",,,,,
ncaab:400988651,ncaab,2017-11-12T19:00Z,final,2382,2648,Mercer,Toccoa Falls,110,43,,,,0,,,,,,,,,,2,,0,Macon,GA,1,112,,,,-5.0,"57,53","19,24",,,,,
ncaab:400990099,ncaab,2017-11-12T19:00Z,final,108,113,Harvard,UMass,70,67,,,,0,,,,,,,,,,2,,0,Cambridge,MA,1,5,,,,-5.0,"29,29,12","25,33,9",,,,,
ncaab:400990113,ncaab,2017-11-12T19:00Z,final,2199,2391,E Michigan,UM Dearborn,97,73,,,,0,,,,,,,,,,2,,0,Ypsilanti,MI,1,219,,,,-5.0,"49,48","43,30",,,,,
ncaab:400986339,ncaab,2017-11-12T19:30Z,final,194,2515,Ohio State,Radford,82,72,,,,0,,,,,,,,,,2,,0,Columbus,OH,1,235,,,,-5.0,"44,38","34,38",,,,,
ncaab:400986341,ncaab,2017-11-12T19:30Z,final,164,2115,Rutgers,C Connecticut,71,67,,,,0,,,,,,,,,,2,,0,Piscataway,NJ,1,30,,,,-5.0,"30,41","29,38",,,,,
ncaab:400989213,ncaab,2017-11-12T20:00Z,final,201,2437,Oklahoma,Omaha,108,89,,,,0,,,,,,,,,,2,,0,Norman,OK,1,357,,,,-6.0,"52,56","38,51",,,,,
ncaab:400989289,ncaab,2017-11-12T20:00Z,final,2571,559,S Dakota St,Univ of Mary,78,54,,,,0,,,,,,,,,,2,,0,Brookings,SD,1,494,,,,-6.0,"39,39","28,26",,,,,
ncaab:400989557,ncaab,2017-11-12T20:00Z,final,2350,101,Loyola Chicago,Eureka,96,69,,,,0,,,,,,,,,,2,,0,Chicago,IL,1,179,,,,-6.0,"55,41","40,29",,,,,
ncaab:400991941,ncaab,2017-11-12T20:00Z,final,2908,2019,SC Upstate,Allen,85,66,,,,0,,,,,,,,,,2,,0,Spartanburg,SC,1,246,,,,-5.0,"39,46","29,37",,,,,
ncaab:400987159,ncaab,2017-11-12T20:30Z,final,96,261,Kentucky,Vermont,73,69,,,,0,,,,,,,,,,2,,0,Lexington,KY,1,295,,,,-5.0,"36,37","24,45",,,,,
ncaab:400990358,ncaab,2017-11-12T20:30Z,final,2026,2079,App State,Bridgewater,95,57,,,,0,,,,,,,,,,2,,0,Boone,NC,1,981,,,,-5.0,"41,54","21,36",,,,,
ncaab:400986051,ncaab,2017-11-12T21:00Z,final,152,2127,NC State,Charleston So,78,56,,,,0,,,,,,,,,,2,,0,Raleigh,NC,1,96,,,,-5.0,"42,36","21,35",,,,,
ncaab:400986340,ncaab,2017-11-12T21:00Z,final,2509,2130,Purdue,Chicago St,111,42,,,,0,,,,,,,,,,2,,0,West Lafayette,IN,1,186,,,,-5.0,"59,52","28,14",,,,,
ncaab:400987934,ncaab,2017-11-12T21:00Z,final,2567,2433,SMU,UL Monroe,83,65,,,,0,,,,,,,,,,2,,0,Dallas,TX,1,128,,,,-6.0,"35,48","31,34",,,,,
ncaab:400988197,ncaab,2017-11-12T21:00Z,final,25,13,California,Cal Poly,85,82,,,,0,,,,,,,,,,2,,0,Berkeley,CA,1,52,,,,-8.0,"44,41","30,52",,,,,
ncaab:400988198,ncaab,2017-11-12T21:00Z,final,265,2640,Washington St,Texas Southern,86,84,,,,0,,,,,,,,,,2,,0,Pullman,WA,1,717,,,,-8.0,"24,48,14","42,30,12",,,,,
ncaab:400990359,ncaab,2017-11-12T21:00Z,final,2005,326,Air Force,Texas St,65,57,,,,0,,,,,,,,,,2,,0,Colorado Springs,CO,1,1832,,,,-7.0,"33,32","24,33",,,,,
ncaab:400991228,ncaab,2017-11-12T21:00Z,final,68,253,Boise St,Southern Utah,90,69,,,,0,,,,,,,,,,2,,0,Boise,ID,1,823,,,,-7.0,"42,48","29,40",,,,,
ncaab:400991488,ncaab,2017-11-12T21:00Z,final,111,2976,Northeastern,Wentworth,83,49,,,,0,,,,,,,,,,2,,0,Boston,MA,1,14,,,,-5.0,"41,42","21,28",,,,,
ncaab:400992542,ncaab,2017-11-12T21:00Z,final,2636,2191,UTSA,East Central,92,59,,,,0,,,,,,,,,,2,,0,San Antonio,TX,1,198,,,,-6.0,"45,47","26,33",,,,,
ncaab:400997573,ncaab,2017-11-12T21:00Z,final,42,111172,Hartford,Gordon,80,63,,,,0,,,,,,,,,,2,,0,West Hartford,CT,1,40,,,,-5.0,"43,37","34,29",,,,,
ncaab:400986337,ncaab,2017-11-12T21:05Z,final,2294,2011,Iowa,Alabama St,92,58,,,,0,,,,,,,,,,2,,0,Iowa City,IA,1,204,,,,-6.0,"47,45","22,36",,,,,
ncaab:400989290,ncaab,2017-11-12T21:30Z,final,2870,190,Purdue FW,Defiance,114,59,,,,0,,,,,,,,,,2,,0,Fort Wayne,IN,1,247,,,,-5.0,"57,57","25,34",,,,,
ncaab:400986050,ncaab,2017-11-12T21:45Z,final,2390,2426,Miami,Navy,89,55,,,,0,,,,,,,,,,2,,0,Coral Gables,FL,1,3,,,,-5.0,"41,48","24,31",,,,,
ncaab:400986343,ncaab,2017-11-12T22:00Z,final,213,161,Penn State,FDU,81,57,,,,0,,,,,,,,,,2,,0,University Park,PA,1,348,,,,-5.0,"45,36","29,28",,,,,
ncaab:400986990,ncaab,2017-11-12T22:00Z,final,23,301,San José St,San Diego,64,81,,,,0,,,,,,,,,,2,,0,San Jose,CA,1,26,,,,-8.0,"29,35","51,30",,,,,
ncaab:400987935,ncaab,2017-11-12T22:00Z,final,151,2154,East Carolina,Coppin St,76,50,,,,0,,,,,,,,,,2,,0,Greenville,NC,1,18,,,,-5.0,"40,36","18,32",,,,,
ncaab:400988887,ncaab,2017-11-12T22:00Z,final,2110,3109,C Arkansas,Ozarks,99,51,,,,0,,,,,,,,,,2,,0,Conway,AR,1,95,,,,-6.0,"42,57","32,19",,,,,
ncaab:400988888,ncaab,2017-11-12T22:00Z,final,2466,2326,N'Western St,LeTourneau,84,99,,,,0,,,,,,,,,,2,,0,Natchitoches,LA,1,36,,,,-6.0,"37,47","38,61",,,,,
ncaab:400990586,ncaab,2017-11-12T22:00Z,final,140,535,Kansas City,Haskell,110,59,,,,0,,,,,,,,,,2,,0,Kansas City,MO,1,274,,,,-6.0,"56,54","20,39",,,,,
ncaab:400990877,ncaab,2017-11-12T22:00Z,final,288,2413,Lipscomb,Morehead St,77,70,,,,0,,,,,,,,,,2,,0,Nashville,TN,1,170,,,,-6.0,"34,43","28,42",,,,,
ncaab:400992934,ncaab,2017-11-12T22:00Z,final,2261,495,Hampton,Bluefield,85,68,,,,0,,,,,,,,,,2,,0,Hampton,VA,1,1,,,,-5.0,"33,52","35,33",,,,,
ncaab:400986335,ncaab,2017-11-12T23:00Z,final,356,2630,Illinois,UT Martin,77,74,,,,0,,,,,,,,,,2,,0,Champaign,IL,1,225,,,,-6.0,"44,33","29,45",,,,,
ncaab:400986338,ncaab,2017-11-12T23:00Z,final,120,2379,Maryland,MD Eastern,96,43,,,,0,,,,,,,,,,2,,0,College Park,MD,1,21,,,,-5.0,"44,52","18,25",,,,,
ncaab:400986342,ncaab,2017-11-12T23:00Z,final,275,43,Wisconsin,Yale,89,61,,,,0,,,,,,,,,,2,,0,Madison,WI,1,267,,,,-6.0,"43,46","22,39",,,,,
ncaab:400987160,ncaab,2017-11-12T23:00Z,final,8,2083,Arkansas,Bucknell,101,73,,,,0,,,,,,,,,,2,,0,Fayetteville,AR,1,427,,,,-6.0,"56,45","34,39",,,,,
ncaab:400988199,ncaab,2017-11-12T23:00Z,final,12,2378,Arizona,UMBC,103,78,,,,0,,,,,,,,,,2,,0,Tucson,AZ,1,759,,,,-7.0,"56,47","47,31",,,,,
ncaab:400988418,ncaab,2017-11-12T23:00Z,final,2086,163,Butler,Princeton,85,75,,,,0,,,,,,,,,,2,,0,Indianapolis,IN,1,218,,,,-5.0,"41,44","31,44",,,,,
ncaab:400989291,ncaab,2017-11-12T23:00Z,final,2172,300,Denver,UC Irvine,69,83,,,,0,,,,,,,,,,2,,0,Denver,CO,1,1609,,,,-7.0,"25,44","35,48",,,,,
ncaab:400986642,ncaab,2017-11-13T00:00Z,final,259,2643,Virginia Tech,The Citadel,132,93,,,,0,,,,,,,,,,2,,0,Blacksburg,VA,1,633,,,,-5.0,"66,66","47,46",,,,,
ncaab:400988419,ncaab,2017-11-13T00:00Z,final,156,2016,Creighton,Alcorn St,109,72,,,,0,,,,,,,,,,2,,0,Omaha,NE,1,323,,,,-6.0,"49,60","36,36",,,,,
ncaab:400990587,ncaab,2017-11-13T00:00Z,final,2547,2508,Seattle U,Puget Sound,121,70,,,,0,,,,,,,,,,2,,0,Seattle,WA,1,56,,,,-8.0,"67,54","30,40",,,,,
ncaab:400991951,ncaab,2017-11-13T00:00Z,final,2229,56,FIU,Stetson,64,70,,,,0,,,,,,,,,,2,,0,Miami,FL,1,2,,,,-5.0,"29,27,8","27,29,14",,,,,
ncaab:400990360,ncaab,2017-11-13T00:30Z,final,2653,2029,Troy,AR-Pine Bluff,81,57,,,,1,,,,,,,,,,2,,0,Honolulu,HI,1,5,,,,-10.0,"31,50","21,36",,,,,
ncaab:400986336,ncaab,2017-11-13T01:00Z,final,84,47,Indiana,Howard,86,77,,,,0,,,,,,,,,,2,,0,Bloomington,IN,1,235,,,,-5.0,"37,49","27,50",,,,,
ncaab:400988200,ncaab,2017-11-13T01:00Z,final,264,331,Washington,E Washington,79,69,,,,0,,,,,,,,,,2,,0,Seattle,WA,1,56,,,,-8.0,"40,39","34,35",,,,,
ncaab:400986927,ncaab,2017-11-13T03:00Z,final,24,279,Stanford,Pacific,89,80,,,,0,,,,,,,,,,2,,0,Stanford,CA,1,23,,,,-8.0,"53,36","31,49",,,,,
ncaab:400992404,ncaab,2017-11-13T03:00Z,final,62,155,Hawai'i,North Dakota,81,78,,,,0,,,,,,,,,,2,,0,Honolulu,HI,1,5,,,,-10.0,"46,35","31,47",,,,,
ncaab:400989558,ncaab,2017-11-13T17:00Z,final,339,2428,Evansville,NC Central,68,55,,,,0,,,,,,,,,,2,,0,Evansville,IN,1,118,,,,-6.0,"36,32","26,29",,,,,
ncaab:400989976,ncaab,2017-11-13T17:00Z,final,257,55,Richmond,Jax State,61,94,,,,0,,,,,,,,,,2,,0,Richmond,VA,1,64,,,,-5.0,"29,32","50,44",,,,,
ncaab:400986347,ncaab,2017-11-13T23:30Z,final,2507,135,Providence,Minnesota,74,86,,,,0,,,,,,,,,,2,,0,Providence,RI,1,2,,,,-5.0,"39,35","36,50",,,,,
ncaab:400987163,ncaab,2017-11-13T23:30Z,final,145,2198,Ole Miss,E Kentucky,85,75,,,,0,,,,,,,,,,2,,0,Oxford,MS,1,154,,,,-6.0,"40,45","34,41",,,,,
ncaab:400986052,ncaab,2017-11-14T00:00Z,final,87,116,Notre Dame,Mount St Marys,88,62,,,,0,,,,,,,,,,2,,0,South Bend,IN,1,211,,,,-5.0,"40,48","32,30",,,,,
ncaab:400986053,ncaab,2017-11-14T00:00Z,final,221,149,Pitt,Montana,78,83,,,,0,,,,,,,,,,2,,0,Pittsburgh,PA,1,233,,,,-5.0,"35,38,5","37,36,10",,,,,
ncaab:400986054,ncaab,2017-11-14T00:00Z,final,258,2046,Virginia,Austin Peay,93,49,,,,0,,,,,,,,,,2,,0,Charlottesville,VA,1,142,,,,-5.0,"51,42","22,27",,,,,
ncaab:400986344,ncaab,2017-11-14T00:00Z,final,130,2117,Michigan,C Michigan,72,65,,,,0,,,,,,,,,,2,,0,Ann Arbor,MI,1,269,,,,-5.0,"32,40","31,34",,,,,
ncaab:400987164,ncaab,2017-11-14T00:00Z,final,57,2241,Florida,Gardner-Webb,116,74,,,,0,,,,,,,,,,2,,0,Gainesville,FL,1,54,,,,-5.0,"55,61","32,42",,,,,
ncaab:400987936,ncaab,2017-11-14T00:00Z,final,2132,2717,Cincinnati,W Carolina,102,51,,,,0,,,,,,,,,,2,,0,Highland Heights,KY,1,260,,,,-5.0,"46,56","29,22",,,,,
ncaab:400987937,ncaab,2017-11-14T00:00Z,final,58,2415,South Florida,Morgan St,53,63,,,,0,,,,,,,,,,2,,0,Tampa,FL,1,1,,,,-5.0,"26,27","32,31",,,,,
ncaab:400988653,ncaab,2017-11-14T00:00Z,final,2542,2193,Savannah St,ETSU,61,76,,,,0,,,,,,,,,,2,,0,Savannah,GA,1,6,,,,-5.0,"31,30","39,37",,,,,
ncaab:400988889,ncaab,2017-11-14T00:00Z,final,2473,2443,Oakland,LSU N Orleans,87,68,,,,0,,,,,,,,,,2,,0,Rochester,MI,1,229,,,,-5.0,"46,41","26,42",,,,,
ncaab:400989292,ncaab,2017-11-14T00:00Z,final,189,233,Bowling Green,South Dakota,79,88,,,,0,,,,,,,,,,2,,0,Bowling Green,OH,1,212,,,,-5.0,"35,44","34,54",,,,,
ncaab:400989859,ncaab,2017-11-14T00:00Z,final,2230,112358,Fordham,Long Island,81,68,,,,0,,,,,,,,,,2,,0,Bronx,NY,1,28,,,,-5.0,"42,39","31,37",,,,,
ncaab:400989918,ncaab,2017-11-14T00:00Z,final,2670,2454,VCU,North Florida,95,85,,,,0,,,,,,,,,,2,,0,Richmond,VA,1,64,,,,-5.0,"50,45","45,40",,,,,
ncaab:400989986,ncaab,2017-11-14T00:00Z,final,104,399,Boston U,UAlbany,74,88,,,,0,,,,,,,,,,2,,0,Boston,MA,1,14,,,,-5.0,"40,34","38,50",,,,,
ncaab:400990015,ncaab,2017-11-14T00:00Z,final,172,2066,Cornell,Binghamton,94,84,,,,0,,,,,,,,,,2,,0,Ithaca,NY,1,125,,,,-5.0,"49,45","29,55",,,,,
ncaab:400990069,ncaab,2017-11-14T00:00Z,final,219,2325,Penn,La Salle,71,75,,,,0,,,,,,,,,,2,,0,Philadelphia,PA,1,12,,,,-5.0,"26,24,8,13","30,20,8,17",,,,,
ncaab:400991059,ncaab,2017-11-14T00:00Z,final,2514,225,Quinnipiac,Brown,72,79,,,,0,,,,,,,,,,2,,0,Hamden,CT,1,31,,,,-5.0,"34,38","44,35",,,,,
ncaab:400991060,ncaab,2017-11-14T00:00Z,final,2561,526,Siena,FGCU,53,86,,,,0,,,,,,,,,,2,,0,Albany,NY,1,45,,,,-5.0,"27,26","40,46",,,,,
ncaab:400991414,ncaab,2017-11-14T00:00Z,final,2182,407,Drexel,Arcadia,95,81,,,,0,,,,,,,,,,2,,0,Philadelphia,PA,1,12,,,,-5.0,"51,44","42,39",,,,,
ncaab:400991451,ncaab,2017-11-14T00:00Z,final,2275,338,Hofstra,Kennesaw St,75,57,,,,0,,,,,,,,,,2,,0,Hempstead,NY,1,17,,,,-5.0,"41,34","27,30",,,,,
ncaab:400991465,ncaab,2017-11-14T00:00Z,final,256,295,James Madison,Old Dominion,53,69,,,,0,,,,,,,,,,2,,0,Harrisonburg,VA,1,404,,,,-5.0,"23,30","30,39",,,,,
ncaab:400991499,ncaab,2017-11-14T00:00Z,final,119,341,Towson,Frostburg St,89,45,,,,0,,,,,,,,,,2,,0,Towson,MD,1,141,,,,-5.0,"47,42","24,21",,,,,
ncaab:400992103,ncaab,2017-11-14T00:00Z,final,2174,2391,Detroit Mercy,UM Dearborn,105,82,,,,0,,,,,,,,,,2,,0,Detroit,MI,1,183,,,,-5.0,"49,56","41,41",,,,,
ncaab:400992268,ncaab,2017-11-14T00:00Z,final,2097,3242,Campbell,Columbia Int'l,108,44,,,,0,,,,,,,,,,2,,0,Buies Creek,NC,1,63,,,,-5.0,"49,59","22,22",,,,,
ncaab:400992388,ncaab,2017-11-14T00:00Z,final,2427,2327,UNC Asheville,Lees McRae,92,60,,,,0,,,,,,,,,,2,,0,Asheville,NC,1,649,,,,-5.0,"50,42","26,34",,,,,
ncaab:400992543,ncaab,2017-11-14T00:00Z,final,276,2582,Marshall,Southern,83,74,,,,0,,,,,,,,,,2,,0,Huntington,WV,1,173,,,,-5.0,"45,38","40,34",,,,,
ncaab:400992790,ncaab,2017-11-14T00:00Z,final,2450,2355,Norfolk St,Lynchburg,80,83,,,,0,,,,,,,,,,2,,0,Norfolk,VA,1,2,,,,-5.0,"47,33","37,46",,,,,
ncaab:400987165,ncaab,2017-11-14T00:30Z,final,2057,238,Belmont,Vanderbilt,69,60,,,,0,,,,,,,,,,2,,0,Nashville,TN,1,170,,,,-6.0,"32,37","27,33",,,,,
ncaab:400990361,ncaab,2017-11-14T00:30Z,final,290,2934,GA Southern,Bakersfield,77,53,,,,0,,,,,,,,,,2,,0,Statesboro,GA,1,77,,,,-5.0,"36,41","19,34",,,,,
ncaab:400990880,ncaab,2017-11-14T00:30Z,final,2348,2546,Louisiana Tech,SE Missouri,96,95,,,,0,,,,,,,,,,2,,0,Ruston,LA,1,102,,,,-6.0,"39,40,17","39,40,16",,,,,
ncaab:400992139,ncaab,2017-11-14T00:30Z,final,85,2023,IU Indy,Anderson (IN),75,43,,,,0,,,,,,,,,,2,,0,Indianapolis,IN,1,218,,,,-5.0,"41,34","21,22",,,,,
ncaab:400986345,ncaab,2017-11-14T01:00Z,final,158,249,Nebraska,North Texas,86,67,,,,0,,,,,,,,,,2,,0,Lincoln,NE,1,367,,,,-6.0,"52,34","30,37",,,,,
ncaab:400986346,ncaab,2017-11-14T01:00Z,final,77,2612,Northwestern,Saint Peter's,75,66,,,,0,,,,,,,,,,2,,0,Rosemont,IL,1,194,,,,-6.0,"32,43","25,41",,,,,
ncaab:400987161,ncaab,2017-11-14T01:00Z,final,2579,2711,South Carolina,W Michigan,78,60,,,,0,,,,,,,,,,2,,0,Columbia,SC,1,89,,,,-5.0,"38,40","29,31",,,,,
ncaab:400987938,ncaab,2017-11-14T01:00Z,final,2655,2545,Tulane,SE Louisiana,89,66,,,,0,,,,,,,,,,2,,0,New Orleans,LA,1,0,,,,-6.0,"44,45","36,30",,,,,
ncaab:400987939,ncaab,2017-11-14T01:00Z,final,202,198,Tulsa,Oral Roberts,90,71,,,,0,,,,,,,,,,2,,0,Tulsa,OK,1,220,,,,-6.0,"45,45","30,41",,,,,
ncaab:400988420,ncaab,2017-11-14T01:00Z,final,305,2169,DePaul,Delaware St,81,57,,,,0,,,,,,,,,,2,,0,Chicago,IL,1,179,,,,-6.0,"35,46","21,36",,,,,
ncaab:400988652,ncaab,2017-11-14T01:00Z,final,5,236,UAB,Chattanooga,89,47,,,,0,,,,,,,,,,2,,0,Birmingham,AL,1,187,,,,-6.0,"43,46","21,26",,,,,
ncaab:400988654,ncaab,2017-11-14T01:00Z,final,2535,2010,Samford,Alabama A&M,87,68,,,,0,,,,,,,,,,2,,0,Homewood,AL,1,203,,,,-6.0,"37,50","23,45",,,,,
ncaab:400988890,ncaab,2017-11-14T01:00Z,final,2032,2000,Arkansas St,Abilene Chrstn,83,69,,,,0,,,,,,,,,,2,,0,Jonesboro,AR,1,99,,,,-6.0,"40,43","25,44",,,,,
ncaab:400988891,ncaab,2017-11-14T01:00Z,final,2916,386,Incarnate Word,Trinity (TX),93,57,,,,0,,,,,,,,,,2,,0,San Antonio,TX,1,198,,,,-6.0,"44,49","24,33",,,,,
ncaab:400988892,ncaab,2017-11-14T01:00Z,final,2377,3120,McNeese,Ecclesia,101,54,,,,0,,,,,,,,,,2,,0,Lake Charles,LA,1,4,,,,-6.0,"48,53","30,24",,,,,
ncaab:400988893,ncaab,2017-11-14T01:00Z,final,239,357,Baylor,Texas A&M-CC,70,46,,,,0,,,,,,,,,,2,,0,Waco,TX,1,143,,,,-6.0,"28,42","22,24",,,,,
ncaab:400989151,ncaab,2017-11-14T01:00Z,final,66,270,Iowa State,Milwaukee,56,74,,,,0,,,,,,,,,,2,,0,Ames,IA,1,287,,,,-6.0,"32,24","39,35",,,,,
ncaab:400989227,ncaab,2017-11-14T01:00Z,final,197,2429,Oklahoma St,Charlotte,83,65,,,,0,,,,,,,,,,2,,0,Stillwater,OK,1,273,,,,-6.0,"47,36","26,39",,,,,
ncaab:400989559,ncaab,2017-11-14T01:00Z,final,2674,2652,Valparaiso,Trinity Chrstn,83,46,,,,0,,,,,,,,,,2,,0,Valparaiso,IN,1,242,,,,-6.0,"40,43","21,25",,,,,
ncaab:400989560,ncaab,2017-11-14T01:00Z,final,2460,2016,Northern Iowa,Alcorn St,73,45,,,,0,,,,,,,,,,2,,0,Cedar Falls,IA,1,268,,,,-6.0,"37,36","27,18",,,,,
ncaab:400989964,ncaab,2017-11-14T01:00Z,final,82,2603,UIC,Saint Joseph's,82,86,,,,0,,,,,,,,,,2,,0,Chicago,IL,1,179,,,,-6.0,"40,34,8","42,32,12",,,,,
ncaab:400990588,ncaab,2017-11-14T01:00Z,final,292,2065,UT Rio Grande,Bethune,92,74,,,,0,,,,,,,,,,2,,0,Edinburg,TX,1,30,,,,-6.0,"51,41","32,42",,,,,
ncaab:400990879,ncaab,2017-11-14T01:00Z,final,93,2393,Murray St,MTSU,67,72,,,,0,,,,,,,,,,2,,0,Murray,KY,1,163,,,,-6.0,"44,23","42,30",,,,,
ncaab:400990881,ncaab,2017-11-14T01:00Z,final,2634,2890,Tennessee St,Reinhardt,92,53,,,,0,,,,,,,,,,2,,0,Nashville,TN,1,170,,,,-6.0,"48,44","25,28",,,,,
ncaab:400990362,ncaab,2017-11-14T01:05Z,final,6,2920,South Alabama,Mobile,71,49,,,,0,,,,,,,,,,2,,0,Mobile,AL,1,3,,,,-6.0,"29,42","25,24",,,,,
ncaab:400988421,ncaab,2017-11-14T01:30Z,final,2752,2520,Xavier,Rider,101,75,,,,0,,,,,,,,,,2,,0,Cincinnati,OH,1,191,,,,-5.0,"44,57","34,41",,,,,
ncaab:400989950,ncaab,2017-11-14T01:30Z,final,139,2525,Saint Louis,Rockhurst,74,50,,,,0,,,,,,,,,,2,,0,St. Louis,MO,1,142,,,,-6.0,"29,45","26,24",,,,,
ncaab:401000766,ncaab,2017-11-14T01:30Z,final,2464,111229,N Arizona,Emb-Rid (AZ),70,82,,,,0,,,,,,,,,,2,,0,Flagstaff,AZ,1,2104,,,,-7.0,"40,30","36,46",,,,,
ncaab:400987162,ncaab,2017-11-14T02:00Z,final,142,2681,Missouri,Wagner,99,55,,,,0,,,,,,,,,,2,,0,Columbia,MO,1,215,,,,-6.0,"54,45","21,34",,,,,
ncaab:400987940,ncaab,2017-11-14T02:00Z,final,2724,232,Wichita St,Charleston,81,63,,,,0,,,,,,,,,,2,,0,Wichita,KS,1,396,,,,-6.0,"47,34","22,41",,,,,
ncaab:400988201,ncaab,2017-11-14T02:00Z,final,2483,2504,Oregon,Prairie View,100,67,,,,0,,,,,,,,,,2,,0,Eugene,OR,1,131,,,,-8.0,"37,63","28,39",,,,,
ncaab:400988202,ncaab,2017-11-14T02:00Z,final,254,2400,Utah,Miss Valley St,91,51,,,,0,,,,,,,,,,2,,0,Salt Lake City,UT,1,1299,,,,-7.0,"41,50","21,30",,,,,
ncaab:400989241,ncaab,2017-11-14T02:00Z,final,2628,2635,TCU,Tennessee Tech,100,63,,,,0,,,,,,,,,,2,,0,Fort Worth,TX,1,199,,,,-6.0,"52,48","24,39",,,,,
ncaab:400990589,ncaab,2017-11-14T02:00Z,final,2253,2523,Grand Canyon,Robert Morris,75,61,,,,0,,,,,,,,,,2,,0,Phoenix,AZ,1,331,,,,-7.0,"48,27","28,33",,,,,
ncaab:400991229,ncaab,2017-11-14T02:00Z,final,2458,302,N Colorado,UC Davis,59,72,,,,0,,,,,,,,,,2,,0,Greeley,CO,1,1425,,,,-7.0,"35,24","32,40",,,,,
ncaab:400991230,ncaab,2017-11-14T02:00Z,final,328,147,Utah State,Montana St,81,73,,,,0,,,,,,,,,,2,,0,Logan,UT,1,1382,,,,-7.0,"40,41","41,32",,,,,
ncaab:400992405,ncaab,2017-11-14T02:30Z,final,2029,155,AR-Pine Bluff,North Dakota,71,80,,,,1,,,,,,,,,,2,,0,Honolulu,HI,1,5,,,,-10.0,"33,38","37,43",,,,,
ncaab:400987047,ncaab,2017-11-14T03:00Z,final,2539,2598,San Francisco,Saint Francis,75,63,,,,0,,,,,,,,,,2,,0,San Francisco,CA,1,16,,,,-8.0,"34,41","30,33",,,,,
ncaab:400991744,ncaab,2017-11-14T03:00Z,final,278,2463,Fresno St,CSU Northridge,89,73,,,,0,,,,,,,,,,2,,0,Fresno,CA,1,94,,,,-8.0,"50,39","34,39",,,,,
ncaab:400991817,ncaab,2017-11-14T03:00Z,final,70,415,Idaho,George Fox,101,62,,,,0,,,,,,,,,,2,,0,Moscow,ID,1,786,,,,-8.0,"59,42","35,27",,,,,
ncaab:400997653,ncaab,2017-11-14T03:00Z,final,2608,166,Saint Mary's,New Mexico St,92,74,,,,0,,,,,,,,,,2,,0,Moraga,CA,1,152,,,,-8.0,"47,45","42,32",,,,,
ncaab:400988203,ncaab,2017-11-14T04:00Z,final,204,2751,Oregon St,Wyoming,66,75,,,,0,,,,,,,,,,2,,0,Corvallis,OR,1,71,,,,-8.0,"36,30","40,35",,,,,
ncaab:400988204,ncaab,2017-11-14T04:00Z,final,30,2449,USC,N Dakota St,75,65,,,,0,,,,,,,,,,2,,0,Los Angeles,CA,1,89,,,,-8.0,"33,42","33,32",,,,,
ncaab:400990089,ncaab,2017-11-14T04:30Z,final,2440,227,Nevada,Rhode Island,88,81,,,,0,,,,,,,,,,2,,0,Reno,NV,1,1373,,,,-8.0,"38,50","28,53",,,,,
ncaab:400990363,ncaab,2017-11-14T04:59Z,final,62,2653,Hawai'i,Troy,72,67,,,,0,,,,,,,,,,2,,0,Honolulu,HI,1,5,,,,-10.0,"36,26,10","28,34,5",,,,,
ncaab:400988422,ncaab,2017-11-14T23:30Z,final,2599,2115,St John's,C Connecticut,80,55,,,,0,,,,,,,,,,2,,0,Queens,NY,1,12,,,,-5.0,"43,37","27,28",,,,,
ncaab:400988423,ncaab,2017-11-14T23:30Z,final,222,2447,Villanova,Nicholls,113,77,,,,0,,,,,,,,,,2,,0,Philadelphia,PA,1,12,,,,-5.0,"54,59","30,47",,,,,
ncaab:400986055,ncaab,2017-11-15T00:00Z,final,183,314,Syracuse,Iona,71,62,,,,0,,,,,,,,,,2,,0,Syracuse,NY,1,121,,,,-5.0,"32,39","28,34",,,,,
ncaab:400986057,ncaab,2017-11-15T00:00Z,final,103,2529,Boston College,Sacred Heart,73,53,,,,0,,,,,,,,,,2,,0,Chestnut Hill,MA,1,60,,,,-5.0,"30,43","31,22",,,,,
ncaab:400986058,ncaab,2017-11-15T00:00Z,final,127,150,Michigan St,Duke,81,88,,,,1,,,,,,,,,,2,,0,Chicago,IL,1,179,,,,-6.0,"34,47","38,50",,,,,
ncaab:400986349,ncaab,2017-11-15T00:00Z,final,164,325,Rutgers,Cleveland St,70,38,,,,0,,,,,,,,,,2,,0,Piscataway,NJ,1,30,,,,-5.0,"31,39","22,16",,,,,
ncaab:400986606,ncaab,2017-11-15T00:00Z,final,52,45,Florida St,G Washington,87,67,,,,0,,,,,,,,,,2,,0,Tallahassee,FL,1,62,,,,-5.0,"50,37","32,35",,,,,
ncaab:400986698,ncaab,2017-11-15T00:00Z,final,152,2803,NC State,Bryant,95,72,,,,0,,,,,,,,,,2,,0,Raleigh,NC,1,96,,,,-5.0,"50,45","40,32",,,,,
ncaab:400987166,ncaab,2017-11-15T00:00Z,final,2633,2272,Tennessee,High Point,84,53,,,,0,,,,,,,,,,2,,0,Knoxville,TN,1,276,,,,-5.0,"52,32","13,40",,,,,
ncaab:400987168,ncaab,2017-11-15T00:00Z,final,61,2908,Georgia,SC Upstate,74,65,,,,0,,,,,,,,,,2,,0,Athens,GA,1,228,,,,-5.0,"34,40","30,35",,,,,
ncaab:400987941,ncaab,2017-11-15T00:00Z,final,41,2619,UConn,Stony Brook,72,64,,,,0,,,,,,,,,,2,,0,Hartford,CT,1,18,,,,-5.0,"25,47","31,33",,,,,
ncaab:400988655,ncaab,2017-11-15T00:00Z,final,2382,2296,Mercer,Jackson St,86,58,,,,0,,,,,,,,,,2,,0,Macon,GA,1,112,,,,-5.0,"43,43","38,20",,,,,
ncaab:400988656,ncaab,2017-11-15T00:00Z,final,2184,2678,Duquesne,VMI,77,61,,,,0,,,,,,,,,,2,,0,Pittsburgh,PA,1,233,,,,-5.0,"44,33","29,32",,,,,
ncaab:400988657,ncaab,2017-11-15T00:00Z,final,231,2210,Furman,Elon,76,67,,,,0,,,,,,,,,,2,,0,Greenville,SC,1,307,,,,-5.0,"33,43","36,31",,,,,
ncaab:400989777,ncaab,2017-11-15T00:00Z,final,2166,350,Davidson,UNC Wilmington,108,81,,,,0,,,,,,,,,,2,,0,Davidson,NC,1,256,,,,-5.0,"50,58","32,49",,,,,
ncaab:400990114,ncaab,2017-11-15T00:00Z,final,2649,427,Toledo,Ohio Northern,72,62,,,,0,,,,,,,,,,2,,0,Toledo,OH,1,186,,,,-5.0,"36,36","35,27",,,,,
ncaab:400990115,ncaab,2017-11-15T00:00Z,final,193,2750,Miami OH,Wright St,73,67,,,,0,,,,,,,,,,2,,0,Oxford,OH,1,283,,,,-5.0,"37,26,10","33,30,4",,,,,
ncaab:400991061,ncaab,2017-11-15T00:00Z,final,2329,2405,Lehigh,Monmouth,72,80,,,,0,,,,,,,,,,2,,0,Bethlehem,PA,1,109,,,,-5.0,"28,44","33,47",,,,,
ncaab:400991062,ncaab,2017-11-15T00:00Z,final,2217,2352,Fairfield,Loyola MD,64,52,,,,0,,,,,,,,,,2,,0,Bridgeport,CT,1,1,,,,-5.0,"30,34","21,31",,,,,
ncaab:400991063,ncaab,2017-11-15T00:00Z,final,2005,2099,Air Force,Canisius,93,79,,,,0,,,,,,,,,,2,,0,Colorado Springs,CO,1,1832,,,,-7.0,"43,50","38,41",,,,,
ncaab:400991610,ncaab,2017-11-15T00:00Z,final,2344,171,Longwood,Columbia,77,87,,,,0,,,,,,,,,,2,,0,Farmville,VA,1,90,,,,-5.0,"35,42","46,41",,,,,
ncaab:400991641,ncaab,2017-11-15T00:00Z,final,159,108842,Dartmouth,Emerson,78,43,,,,0,,,,,,,,,,2,,0,Hanover,NH,1,162,,,,-5.0,"36,42","19,24",,,,,
ncaab:400991677,ncaab,2017-11-15T00:00Z,final,43,2569,Yale,SC State,86,54,,,,0,,,,,,,,,,2,,0,New Haven,CT,1,18,,,,-5.0,"53,33","22,32",,,,,
ncaab:400991922,ncaab,2017-11-15T00:00Z,final,2885,322,NJIT,Lafayette,96,80,,,,0,,,,,,,,,,2,,0,Newark,NJ,1,9,,,,-5.0,"51,45","30,50",,,,,
ncaab:400991978,ncaab,2017-11-15T00:00Z,final,349,212,Army,John Jay,92,43,,,,0,,,,,,,,,,2,,0,West Point,NY,1,47,,,,-5.0,"51,41","20,23",,,,,
ncaab:400986056,ncaab,2017-11-15T00:30Z,final,154,2335,Wake Forest,Liberty,66,79,,,,0,,,,,,,,,,2,,0,Winston-Salem,NC,1,293,,,,-5.0,"25,41","34,45",,,,,
ncaab:400988894,ncaab,2017-11-15T00:30Z,final,2534,2810,Sam Houston,Hardin Simmons,72,56,,,,0,,,,,,,,,,2,,0,Huntsville,TX,1,113,,,,-6.0,"33,39","22,34",,,,,
ncaab:400999201,ncaab,2017-11-15T00:35Z,final,2754,111170,Youngstown St,Franciscan,134,46,,,,0,,,,,,,,,,2,,0,Youngstown,OH,1,259,,,,-5.0,"61,73","20,26",,,,,
ncaab:400987169,ncaab,2017-11-15T01:00Z,final,333,288,Alabama,Lipscomb,86,64,,,,0,,,,,,,,,,2,,0,Tuscaloosa,AL,1,68,,,,-6.0,"38,48","31,33",,,,,
ncaab:400987942,ncaab,2017-11-15T01:00Z,final,235,2031,Memphis,Little Rock,70,62,,,,0,,,,,,,,,,2,,0,Memphis,TN,1,78,,,,-6.0,"27,43","32,30",,,,,
ncaab:400988895,ncaab,2017-11-15T01:00Z,final,2277,3166,Hou Christian,Arlington Bapt,108,67,,,,0,,,,,,,,,,2,,0,Houston,TX,1,12,,,,-6.0,"51,57","32,35",,,,,
ncaab:400988896,ncaab,2017-11-15T01:00Z,final,2320,324,Lamar,Coastal,66,60,,,,0,,,,,,,,,,2,,0,Beaumont,TX,1,5,,,,-6.0,"28,38","35,25",,,,,
ncaab:400989195,ncaab,2017-11-15T01:00Z,final,2306,140,Kansas St,Kansas City,72,51,,,,0,,,,,,,,,,2,,0,Manhattan,KS,1,311,,,,-6.0,"34,38","20,31",,,,,
ncaab:400989256,ncaab,2017-11-15T01:00Z,final,251,160,Texas,New Hampshire,78,60,,,,0,,,,,,,,,,2,,0,Austin,TX,1,149,,,,-6.0,"39,39","25,35",,,,,
ncaab:400989267,ncaab,2017-11-15T01:00Z,final,2641,311,Texas Tech,Maine,83,44,,,,0,,,,,,,,,,2,,0,Lubbock,TX,1,976,,,,-6.0,"49,34","13,31",,,,,
ncaab:400989294,ncaab,2017-11-15T01:00Z,final,2571,2011,S Dakota St,Alabama St,94,63,,,,0,,,,,,,,,,2,,0,Brookings,SD,1,494,,,,-6.0,"44,50","25,38",,,,,
ncaab:400989561,ncaab,2017-11-15T01:00Z,final,71,48,Bradley,Delaware,61,53,,,,0,,,,,,,,,,2,,0,Peoria,IL,1,153,,,,-6.0,"31,30","27,26",,,,,
ncaab:400990116,ncaab,2017-11-15T01:00Z,final,2459,2739,N Illinois,Green Bay,85,65,,,,0,,,,,,,,,,2,,0,Dekalb,IL,1,268,,,,-6.0,"42,43","29,36",,,,,
ncaab:400990364,ncaab,2017-11-15T01:00Z,final,309,2347,Louisiana,LA Christian,113,58,,,,0,,,,,,,,,,2,,0,Lafayette,LA,1,11,,,,-6.0,"57,56","25,33",,,,,
ncaab:400990552,ncaab,2017-11-15T01:00Z,final,242,2247,Rice,Georgia St,54,75,,,,0,,,,,,,,,,2,,0,Houston,TX,1,12,,,,-6.0,"25,29","42,33",,,,,
ncaab:400990590,ncaab,2017-11-15T01:05Z,final,2130,109708,Chicago St,SILVERLAKE,101,53,,,,0,,,,,,,,,,2,,0,Chicago,IL,1,179,,,,-6.0,"40,61","29,24",,,,,
ncaab:400986348,ncaab,2017-11-15T01:30Z,final,269,2509,Marquette,Purdue,71,86,,,,0,,,,,,,,,,2,,0,Milwaukee,WI,1,188,,,,-6.0,"30,41","32,54",,,,,
ncaab:400986878,ncaab,2017-11-15T02:00Z,final,2250,47,Gonzaga,Howard,106,69,,,,0,,,,,,,,,,2,,0,Spokane,WA,1,571,,,,-8.0,"54,52","27,42",,,,,
ncaab:400988205,ncaab,2017-11-15T02:00Z,final,9,21,Arizona St,San Diego St,90,68,,,,0,,,,,,,,,,2,,0,Tempe,AZ,1,360,,,,-7.0,"34,56","40,28",,,,,
ncaab:400988206,ncaab,2017-11-15T02:00Z,final,38,2172,Colorado,Denver,89,62,,,,0,,,,,,,,,,2,,0,Boulder,CO,1,1624,,,,-7.0,"43,46","33,29",,,,,
ncaab:400989293,ncaab,2017-11-15T02:00Z,final,167,2437,New Mexico,Omaha,103,71,,,,0,,,,,,,,,,2,,0,Albuquerque,NM,1,1511,,,,-7.0,"35,68","34,37",,,,,
ncaab:400990591,ncaab,2017-11-15T02:00Z,final,304,3084,Idaho St,Utah Valley,71,84,,,,0,,,,,,,,,,2,,0,Pocatello,ID,1,1360,,,,-7.0,"30,41","36,48",,,,,
ncaab:400991232,ncaab,2017-11-15T02:00Z,final,2692,110418,Weber St,West Coast,110,45,,,,0,,,,,,,,,,2,,0,Ogden,UT,1,1311,,,,-7.0,"55,55","22,23",,,,,
ncaab:400991726,ncaab,2017-11-15T02:00Z,final,36,2737,Colorado St,Winthrop,80,76,,,,0,,,,,,,,,,2,,0,Fort Collins,CO,1,1525,,,,-7.0,"32,48","39,37",,,,,
ncaab:400987167,ncaab,2017-11-15T02:30Z,final,2305,96,Kansas,Kentucky,65,61,,,,1,,,,,,,,,,2,,0,Chicago,IL,1,179,,,,-6.0,"34,31","33,28",,,,,
ncaab:400986953,ncaab,2017-11-15T03:00Z,final,2492,2094,Pepperdine,Cal Lutheran,107,82,,,,0,,,,,,,,,,2,,0,Malibu,CA,1,32,,,,-8.0,"59,48","42,40",,,,,
ncaab:400992496,ncaab,2017-11-15T03:00Z,final,299,22,Long Beach St,San Fran St,95,70,,,,0,,,,,,,,,,2,,0,Long Beach,CA,1,9,,,,-8.0,"43,52","33,37",,,,,
ncaab:400992519,ncaab,2017-11-15T03:00Z,final,300,411,UC Irvine,Chapman,91,52,,,,0,,,,,,,,,,2,,0,Irvine,CA,1,17,,,,-8.0,"48,43","22,30",,,,,
ncaab:400993051,ncaab,2017-11-15T03:05Z,final,16,2468,Sacramento St,ND de Namur,74,53,,,,0,,,,,,,,,,2,,0,Sacramento,CA,1,9,,,,-8.0,"42,32","30,23",,,,,
ncaab:400986974,ncaab,2017-11-15T03:30Z,final,2501,3152,Portland,Walla Walla,89,52,,,,0,,,,,,,,,,2,,0,Portland,OR,1,12,,,,-8.0,"39,50","20,32",,,,,
ncaab:400988207,ncaab,2017-11-15T04:00Z,final,24,331,Stanford,E Washington,61,67,,,,0,,,,,,,,,,2,,0,Stanford,CA,1,23,,,,-8.0,"27,34","33,34",,,,,
ncaab:400991233,ncaab,2017-11-15T04:00Z,final,2502,2930,Portland St,Willamette,111,60,,,,0,,,,,,,,,,2,,0,Portland,OR,1,12,,,,-8.0,"58,53","30,30",,,,,
ncaab:400992927,ncaab,2017-11-15T22:00Z,final,2542,109014,Savannah St,Middle Georgia,114,80,,,,0,,,,,,,,,,2,,0,Savannah,GA,1,6,,,,-5.0,"54,60","48,32",,,,,
ncaab:400986353,ncaab,2017-11-15T23:30Z,final,2550,84,Seton Hall,Indiana,84,68,,,,0,,,,,,,,,,2,,0,Newark,NJ,1,9,,,,-5.0,"33,51","32,36",,,,,
ncaab:400989562,ncaab,2017-11-15T23:30Z,final,2623,2582,Missouri St,Southern,86,58,,,,0,,,,,,,,,,2,,0,Springfield,MO,1,396,,,,-6.0,"49,37","26,32",,,,,
ncaab:400986060,ncaab,2017-11-16T00:00Z,final,221,2540,Pitt,Santa Barbara,70,62,,,,0,,,,,,,,,,2,,0,Pittsburgh,PA,1,233,,,,-5.0,"32,38","38,24",,,,,
ncaab:400986354,ncaab,2017-11-16T00:00Z,final,213,149,Penn State,Montana,70,57,,,,0,,,,,,,,,,2,,0,University Park,PA,1,348,,,,-5.0,"34,36","29,28",,,,,
ncaab:400986847,ncaab,2017-11-16T00:00Z,final,163,252,Princeton,BYU,56,65,,,,0,,,,,,,,,,2,,0,Princeton,NJ,1,62,,,,-5.0,"29,27","29,36",,,,,
ncaab:400987943,ncaab,2017-11-16T00:00Z,final,2116,2241,UCF,Gardner-Webb,68,65,,,,0,,,,,,,,,,2,,0,Orlando,FL,1,30,,,,-5.0,"31,37","28,37",,,,,
ncaab:400987944,ncaab,2017-11-16T00:00Z,final,151,2515,East Carolina,Radford,66,73,,,,0,,,,,,,,,,2,,0,Greenville,NC,1,18,,,,-5.0,"30,36","37,36",,,,,
ncaab:400988424,ncaab,2017-11-16T00:00Z,final,46,116,Georgetown,Mount St Marys,102,68,,,,0,,,,,,,,,,2,,0,Washington,DC,1,7,,,,-5.0,"54,48","36,32",,,,,
ncaab:400988658,ncaab,2017-11-16T00:00Z,final,2717,3171,W Carolina,Hiwassee,76,57,,,,0,,,,,,,,,,2,,0,Cullowhee,NC,1,645,,,,-5.0,"30,46","28,29",,,,,
ncaab:400988659,ncaab,2017-11-16T00:00Z,final,2430,286,UNC Greensboro,NC Wesleyan,82,48,,,,0,,,,,,,,,,2,,0,Greensboro,NC,1,266,,,,-5.0,"47,35","27,21",,,,,
ncaab:400988660,ncaab,2017-11-16T00:00Z,final,2448,2643,NC A&T,The Citadel,92,73,,,,0,,,,,,,,,,2,,0,Greensboro,NC,1,266,,,,-5.0,"48,44","36,37",,,,,
ncaab:400989275,ncaab,2017-11-16T00:00Z,final,277,44,West Virginia,American,98,64,,,,0,,,,,,,,,,2,,0,Morgantown,WV,1,271,,,,-5.0,"44,54","33,31",,,,,
ncaab:400989295,ncaab,2017-11-16T00:00Z,final,2870,2169,Purdue FW,Delaware St,85,71,,,,0,,,,,,,,,,2,,0,Fort Wayne,IN,1,247,,,,-5.0,"35,50","29,42",,,,,
ncaab:400989932,ncaab,2017-11-16T00:00Z,void,179,2379,St Bonaventure,MD Eastern,,,,,,0,,,,,,,,,,2,,0,Saint Bonaventure,NY,1,435,,,,-5.0,,,,,,,
ncaab:400990117,ncaab,2017-11-16T00:00Z,final,2084,55,Buffalo,Jax State,81,76,,,,0,,,,,,,,,,2,,0,Buffalo,NY,1,183,,,,-5.0,"33,48","32,44",,,,,
ncaab:400990712,ncaab,2017-11-16T00:00Z,final,161,2221,FDU,FDU Florham,111,49,,,,0,,,,,,,,,,2,,0,Hackensack,NJ,1,6,,,,-5.0,"63,48","23,26",,,,,
ncaab:400990713,ncaab,2017-11-16T00:00Z,final,2363,2597,Manhattan,St Francis BK,80,79,,,,0,,,,,,,,,,2,,0,Riverdale,NY,1,159,,,,-8.0,"34,33,13","38,29,12",,,,,
ncaab:400991065,ncaab,2017-11-16T00:00Z,final,2520,42,Rider,Hartford,89,53,,,,0,,,,,,,,,,2,,0,Lawrenceville,NJ,1,37,,,,-5.0,"36,53","36,17",,,,,
ncaab:400991509,ncaab,2017-11-16T00:00Z,final,2729,2261,William & Mary,Hampton,83,76,,,,0,,,,,,,,,,2,,0,Williamsburg,VA,1,25,,,,-5.0,"39,44","41,35",,,,,
ncaab:400991662,ncaab,2017-11-16T00:00Z,final,219,2426,Penn,Navy,66,45,,,,0,,,,,,,,,,2,,0,Philadelphia,PA,1,12,,,,-5.0,"43,23","16,29",,,,,
ncaab:400992200,ncaab,2017-11-16T00:00Z,final,112358,111171,Long Island,NEW ROCH,104,68,,,,0,,,,,,,,,,2,,0,Brooklyn,NY,1,15,,,,-5.0,"51,53","39,29",,,,,
ncaab:400991064,ncaab,2017-11-16T00:30Z,final,2349,2368,UMass Lowell,Marist,76,73,,,,0,,,,,,,,,,2,,0,Lowell,MA,1,36,,,,-5.0,"48,28","43,30",,,,,
ncaab:400992289,ncaab,2017-11-16T00:30Z,final,2127,3242,Charleston So,Columbia Int'l,98,58,,,,0,,,,,,,,,,2,,0,Charleston,SC,1,6,,,,-5.0,"50,48","26,32",,,,,
ncaab:400986059,ncaab,2017-11-16T01:00Z,final,153,2083,North Carolina,Bucknell,93,81,,,,0,,,,,,,,,,2,,0,Chapel Hill,NC,1,148,,,,-5.0,"50,43","41,40",,,,,
ncaab:400986351,ncaab,2017-11-16T01:00Z,final,135,315,Minnesota,Niagara,107,81,,,,0,,,,,,,,,,2,,0,Minneapolis,MN,1,253,,,,-6.0,"48,59","38,43",,,,,
ncaab:400987945,ncaab,2017-11-16T01:00Z,final,56,58,Stetson,South Florida,72,75,,,,0,,,,,,,,,,2,,0,DeLand,FL,1,12,,,,-5.0,"30,42","41,34",,,,,
ncaab:400987946,ncaab,2017-11-16T01:00Z,final,2567,2466,SMU,N'Western St,81,35,,,,0,,,,,,,,,,2,,0,Dallas,TX,1,128,,,,-6.0,"36,45","8,27",,,,,
ncaab:400988897,ncaab,2017-11-16T01:00Z,final,2617,244,SF Austin,St Edward's,89,66,,,,0,,,,,,,,,,2,,0,Nacogdoches,TX,1,92,,,,-6.0,"42,47","34,32",,,,,
ncaab:400988898,ncaab,2017-11-16T01:00Z,final,357,292,Texas A&M-CC,UT Rio Grande,75,82,,,,0,,,,,,,,,,2,,0,Corpus Christi,TX,1,2,,,,-6.0,"34,34,7","40,28,14",,,,,
ncaab:400989214,ncaab,2017-11-16T01:00Z,final,201,2050,Oklahoma,Ball State,108,69,,,,0,,,,,,,,,,2,,0,Norman,OK,1,357,,,,-6.0,"60,48","31,38",,,,,
ncaab:400989296,ncaab,2017-11-16T01:00Z,final,2710,2197,W Illinois,E Illinois,56,54,,,,0,,,,,,,,,,2,,0,Macomb,IL,1,215,,,,-6.0,"30,26","28,26",,,,,
ncaab:400989563,ncaab,2017-11-16T01:00Z,final,2565,2674,SIUE,Valparaiso,69,94,,,,0,,,,,,,,,,2,,0,Edwardsville,IL,1,165,,,,-6.0,"31,38","42,52",,,,,
ncaab:400989564,ncaab,2017-11-16T01:00Z,final,2460,2685,Northern Iowa,Wartburg,72,43,,,,0,,,,,,,,,,2,,0,Cedar Falls,IA,1,268,,,,-6.0,"31,41","26,17",,,,,
ncaab:400990365,ncaab,2017-11-16T01:00Z,final,326,2636,Texas St,UTSA,78,79,,,,0,,,,,,,,,,2,,0,San Marcos,TX,1,188,,,,-6.0,"32,46","34,45",,,,,
ncaab:400990882,ncaab,2017-11-16T01:00Z,final,2630,2428,UT Martin,NC Central,74,57,,,,0,,,,,,,,,,2,,0,Martin,TN,1,124,,,,-6.0,"42,32","24,33",,,,,
ncaab:400990883,ncaab,2017-11-16T01:00Z,final,2046,2474,Austin Peay,Oakland City,109,50,,,,0,,,,,,,,,,2,,0,Clarksville,TN,1,145,,,,-6.0,"46,63","29,21",,,,,
ncaab:400992545,ncaab,2017-11-16T01:00Z,final,98,2316,Western KY,KY Wesleyan,83,53,,,,0,,,,,,,,,,2,,0,Bowling Green,KY,1,161,,,,-6.0,"41,42","29,24",,,,,
ncaab:400986350,ncaab,2017-11-16T01:30Z,final,120,2086,Maryland,Butler,79,65,,,,0,,,,,,,,,,2,,0,College Park,MD,1,21,,,,-5.0,"42,37","35,30",,,,,
ncaab:400986352,ncaab,2017-11-16T02:00Z,final,77,156,Northwestern,Creighton,88,92,,,,0,,,,,,,,,,2,,0,Rosemont,IL,1,194,,,,-6.0,"43,45","51,41",,,,,
ncaab:400988208,ncaab,2017-11-16T02:00Z,final,265,2547,Washington St,Seattle U,75,59,,,,0,,,,,,,,,,2,,0,Pullman,WA,1,717,,,,-8.0,"26,49","31,28",,,,,
ncaab:400989242,ncaab,2017-11-16T02:00Z,final,2628,233,TCU,South Dakota,76,71,,,,0,,,,,,,,,,2,,0,Fort Worth,TX,1,199,,,,-6.0,"42,34","33,38",,,,,
ncaab:400991818,ncaab,2017-11-16T02:00Z,final,328,2400,Utah State,Miss Valley St,83,47,,,,0,,,,,,,,,,2,,0,Logan,UT,1,1382,,,,-7.0,"33,50","28,19",,,,,
ncaab:400986904,ncaab,2017-11-16T03:00Z,final,2351,27,LMU,UC Riverside,76,64,,,,0,,,,,,,,,,2,,0,Los Angeles,CA,1,89,,,,-8.0,"33,43","29,35",,,,,
ncaab:400986991,ncaab,2017-11-16T03:00Z,final,301,2523,San Diego,Robert Morris,65,53,,,,0,,,,,,,,,,2,,0,San Diego,CA,1,20,,,,-8.0,"30,35","27,26",,,,,
ncaab:400987064,ncaab,2017-11-16T03:00Z,final,2541,2440,Santa Clara,Nevada,63,93,,,,0,,,,,,,,,,2,,0,Santa Clara,CA,1,23,,,,-8.0,"26,37","50,43",,,,,
ncaab:400991811,ncaab,2017-11-16T03:00Z,final,2439,2504,UNLV,Prairie View,98,63,,,,0,,,,,,,,,,2,,0,Las Vegas,NV,1,610,,,,-8.0,"55,43","41,22",,,,,
ncaab:400992426,ncaab,2017-11-16T03:00Z,final,13,2868,Cal Poly,Holy Names,76,47,,,,0,,,,,,,,,,2,,0,San Luis Obispo,CA,1,71,,,,-8.0,"43,33","19,28",,,,,
ncaab:400992445,ncaab,2017-11-16T03:00Z,final,2608,2239,Saint Mary's,Fullerton,76,57,,,,0,,,,,,,,,,2,,0,Moraga,CA,1,152,,,,-8.0,"39,37","31,26",,,,,
ncaab:400991234,ncaab,2017-11-16T03:15Z,final,147,2701,Montana St,MT Western,109,81,,,,0,,,,,,,,,,2,,0,Bozeman,MT,1,1468,,,,-7.0,"51,58","41,40",,,,,
ncaab:400986928,ncaab,2017-11-16T03:30Z,final,279,302,Pacific,UC Davis,58,62,,,,0,,,,,,,,,,2,,0,Stockton,CA,1,4,,,,-8.0,"27,31","34,28",,,,,
ncaab:400988209,ncaab,2017-11-16T04:00Z,final,26,2110,UCLA,C Arkansas,106,101,,,,0,,,,,,,,,,2,,0,Los Angeles,CA,1,89,,,,-8.0,"47,39,20","45,41,15",,,,,
ncaab:400992547,ncaab,2017-11-16T16:00Z,final,2226,2206,FAU,Edward Waters,91,59,,,,0,,,,,,,,,,2,,0,Boca Raton,FL,1,4,,,,-5.0,"57,34","23,36",,,,,
ncaab:400987170,ncaab,2017-11-16T16:30Z,final,2579,2287,South Carolina,Illinois St,65,69,,,,1,,,,,,,,,,2,,0,Conway,SC,1,10,,,,-5.0,"23,42","32,37",,,,,
ncaab:400987173,ncaab,2017-11-16T16:30Z,final,282,2,Indiana St,Auburn,64,83,,,,1,,,,,,,,,,2,,0,Charleston,SC,1,6,,,,-5.0,"27,37","48,35",,,,,
ncaab:400987947,ncaab,2017-11-16T19:00Z,final,218,295,Temple,Old Dominion,76,65,,,,1,,,,,,,,,,2,,0,Charleston,SC,1,6,,,,-5.0,"46,30","29,36",,,,,
ncaab:400991707,ncaab,2017-11-16T19:00Z,final,2638,68,UTEP,Boise St,56,58,,,,1,,,,,,,,,,2,,0,Conway,SC,1,10,,,,-5.0,"22,34","31,27",,,,,
ncaab:400986061,ncaab,2017-11-16T22:00Z,final,195,228,Ohio,Clemson,76,81,,,,1,,,,,,,,,,2,,0,Charleston,SC,1,6,,,,-5.0,"38,38","42,39",,,,,
ncaab:400989152,ncaab,2017-11-16T22:30Z,final,2026,66,App State,Iowa State,98,104,,,,1,,,,,,,,,,2,,0,Conway,SC,1,10,,,,-5.0,"43,55","47,57",,,,,
ncaab:400986357,ncaab,2017-11-16T23:30Z,final,2599,158,St John's,Nebraska,79,56,,,,0,,,,,,,,,,2,,0,Queens,NY,1,12,,,,-5.0,"37,42","24,32",,,,,
ncaab:400986062,ncaab,2017-11-17T00:00Z,final,139,259,Saint Louis,Virginia Tech,77,71,,,,1,,,,,,,,,,2,,0,New York,NY,1,10,,,,-5.0,"36,41","29,42",,,,,
ncaab:400986063,ncaab,2017-11-17T00:00Z,final,87,2130,Notre Dame,Chicago St,105,66,,,,0,,,,,,,,,,2,,0,South Bend,IN,1,211,,,,-5.0,"56,49","29,37",,,,,
ncaab:400986356,ncaab,2017-11-17T00:00Z,final,130,2572,Michigan,Southern Miss,61,47,,,,0,,,,,,,,,,2,,0,Ann Arbor,MI,1,269,,,,-5.0,"32,29","33,14",,,,,
ncaab:400986359,ncaab,2017-11-17T00:00Z,final,194,2640,Ohio State,Texas Southern,82,64,,,,0,,,,,,,,,,2,,0,Columbus,OH,1,235,,,,-5.0,"42,40","29,35",,,,,
ncaab:400986699,ncaab,2017-11-17T00:00Z,final,152,2506,NC State,Presbyterian,86,68,,,,0,,,,,,,,,,2,,0,Raleigh,NC,1,96,,,,-5.0,"36,50","44,24",,,,,
ncaab:400986700,ncaab,2017-11-17T00:00Z,final,2390,50,Miami,Florida A&M,90,59,,,,0,,,,,,,,,,2,,0,Coral Gables,FL,1,3,,,,-5.0,"46,44","22,37",,,,,
ncaab:400987174,ncaab,2017-11-17T00:00Z,final,57,2454,Florida,North Florida,108,68,,,,0,,,,,,,,,,2,,0,Gainesville,FL,1,54,,,,-5.0,"45,63","23,45",,,,,
ncaab:400987948,ncaab,2017-11-17T00:00Z,final,2132,2154,Cincinnati,Coppin St,97,54,,,,0,,,,,,,,,,2,,0,Highland Heights,KY,1,260,,,,-5.0,"55,42","26,28",,,,,
ncaab:400988661,ncaab,2017-11-17T00:00Z,final,236,3171,Chattanooga,Hiwassee,94,46,,,,0,,,,,,,,,,2,,0,Chattanooga,TN,1,206,,,,-5.0,"42,52","23,23",,,,,
ncaab:400989297,ncaab,2017-11-17T00:00Z,final,2172,3094,Denver,Joh. & Wales CO,91,59,,,,0,,,,,,,,,,2,,0,Denver,CO,1,1609,,,,-7.0,"31,60","29,30",,,,,
ncaab:400989879,ncaab,2017-11-17T00:00Z,final,2244,2066,George Mason,Binghamton,69,57,,,,0,,,,,,,,,,2,,0,Fairfax,VA,1,131,,,,-5.0,"32,37","38,19",,,,,
ncaab:400990070,ncaab,2017-11-17T00:00Z,final,2325,6,La Salle,South Alabama,81,73,,,,0,,,,,,,,,,2,,0,Philadelphia,PA,1,12,,,,-5.0,"47,34","27,46",,,,,
ncaab:400990118,ncaab,2017-11-17T00:00Z,final,2199,2032,E Michigan,Arkansas St,76,59,,,,0,,,,,,,,,,2,,0,Ypsilanti,MI,1,219,,,,-5.0,"37,39","24,35",,,,,
ncaab:400990119,ncaab,2017-11-17T00:00Z,final,2309,3121,Kent State,Ohio Christian,90,45,,,,0,,,,,,,,,,2,,0,Kent,OH,1,325,,,,-5.0,"47,43","19,26",,,,,
ncaab:400990366,ncaab,2017-11-17T00:00Z,final,290,2073,GA Southern,Bluefield St,120,52,,,,0,,,,,,,,,,2,,0,Statesboro,GA,1,77,,,,-5.0,"50,70","30,22",,,,,
ncaab:400990885,ncaab,2017-11-17T00:00Z,final,2198,2310,E Kentucky,Kentucky St,97,66,,,,0,,,,,,,,,,2,,0,Richmond,KY,1,289,,,,-5.0,"35,62","36,30",,,,,
ncaab:400990886,ncaab,2017-11-17T00:00Z,final,2635,109700,Tennessee Tech,Boyce,106,48,,,,0,,,,,,,,,,2,,0,Cookeville,TN,1,334,,,,-6.0,"52,54","24,24",,,,,
ncaab:400990887,ncaab,2017-11-17T00:00Z,final,2413,276,Morehead St,Marshall,86,83,,,,0,,,,,,,,,,2,,0,Morehead,KY,1,153,,,,-6.0,"39,47","44,39",,,,,
ncaab:400991580,ncaab,2017-11-17T00:00Z,final,2378,3164,UMBC,Central Penn,93,62,,,,0,,,,,,,,,,2,,0,Baltimore,MD,1,10,,,,-5.0,"48,45","28,34",,,,,
ncaab:400991627,ncaab,2017-11-17T00:00Z,final,2142,172,Colgate,Cornell,72,61,,,,0,,,,,,,,,,2,,0,Hamilton,NY,1,181,,,,-5.0,"32,40","25,36",,,,,
ncaab:400991653,ncaab,2017-11-17T00:00Z,final,107,108,Holy Cross,Harvard,73,69,,,,0,,,,,,,,,,2,,0,Worcester,MA,1,147,,,,-5.0,"41,32","31,38",,,,,
ncaab:400991897,ncaab,2017-11-17T00:00Z,final,338,2496,Kennesaw St,Piedmont,77,54,,,,0,,,,,,,,,,2,,0,Kennesaw,GA,1,332,,,,-5.0,"37,40","31,23",,,,,
ncaab:400992780,ncaab,2017-11-17T00:00Z,final,2415,2339,Morgan St,Lincoln (PA),72,60,,,,0,,,,,,,,,,2,,0,Baltimore,MD,1,10,,,,-5.0,"30,42","32,28",,,,,
ncaab:400989812,ncaab,2017-11-17T00:30Z,final,2275,2168,Hofstra,Dayton,72,69,,,,1,,,,,,,,,,2,,0,Charleston,SC,1,6,,,,-5.0,"36,36","31,38",,,,,
ncaab:400990884,ncaab,2017-11-17T00:30Z,final,2393,2057,MTSU,Belmont,63,69,,,,0,,,,,,,,,,2,,0,Murfreesboro,TN,1,186,,,,-6.0,"27,36","29,40",,,,,
ncaab:400987171,ncaab,2017-11-17T01:00Z,final,254,142,Utah,Missouri,77,59,,,,0,,,,,,,,,,2,,0,Salt Lake City,UT,1,1299,,,,-7.0,"35,42","19,40",,,,,
ncaab:400987172,ncaab,2017-11-17T01:00Z,final,99,2535,LSU,Samford,105,86,,,,0,,,,,,,,,,2,,0,Baton Rouge,LA,1,14,,,,-6.0,"47,58","28,58",,,,,
ncaab:400988899,ncaab,2017-11-17T01:00Z,final,2000,2758,Abilene Chrstn,Howard Payne,112,62,,,,0,,,,,,,,,,2,,0,Abilene,TX,1,524,,,,-6.0,"62,50","30,32",,,,,
ncaab:400988900,ncaab,2017-11-17T01:00Z,final,2617,2326,SF Austin,LeTourneau,91,68,,,,0,,,,,,,,,,2,,0,Nacogdoches,TX,1,92,,,,-6.0,"48,43","34,34",,,,,
ncaab:400988902,ncaab,2017-11-17T01:00Z,final,2433,2545,UL Monroe,SE Louisiana,86,75,,,,0,,,,,,,,,,2,,0,Monroe,LA,1,23,,,,-6.0,"41,45","35,40",,,,,
ncaab:400989228,ncaab,2017-11-17T01:00Z,final,197,198,Oklahoma St,Oral Roberts,91,48,,,,0,,,,,,,,,,2,,0,Stillwater,OK,1,273,,,,-6.0,"44,47","27,21",,,,,
ncaab:400989565,ncaab,2017-11-17T01:00Z,final,339,2546,Evansville,SE Missouri,66,50,,,,0,,,,,,,,,,2,,0,Evansville,IN,1,118,,,,-6.0,"36,30","21,29",,,,,
ncaab:400989606,ncaab,2017-11-17T01:00Z,final,140,2350,Kansas City,Loyola Chicago,56,66,,,,0,,,,,,,,,,2,,0,Kansas City,MO,1,274,,,,-6.0,"26,30","20,46",,,,,
ncaab:400990367,ncaab,2017-11-17T01:00Z,final,2653,2077,Troy,Brewton Parker,106,71,,,,0,,,,,,,,,,2,,0,Troy,AL,1,165,,,,-6.0,"46,60","43,28",,,,,
ncaab:400992176,ncaab,2017-11-17T01:00Z,final,82,2169,UIC,Delaware St,95,55,,,,0,,,,,,,,,,2,,0,Chicago,IL,1,179,,,,-6.0,"53,42","19,36",,,,,
ncaab:400992546,ncaab,2017-11-17T01:00Z,final,5,2917,UAB,LeMoyne-Owen,81,57,,,,0,,,,,,,,,,2,,0,Birmingham,AL,1,187,,,,-6.0,"47,34","26,31",,,,,
ncaab:400992701,ncaab,2017-11-17T01:00Z,final,249,2065,North Texas,Bethune,90,78,,,,0,,,,,,,,,,2,,0,Denton,TX,1,201,,,,-6.0,"42,48","33,45",,,,,
ncaab:401000937,ncaab,2017-11-17T01:00Z,final,2459,2595,N Illinois,St Francis IL,70,60,,,,0,,,,,,,,,,2,,0,Dekalb,IL,1,268,,,,-6.0,"33,37","26,34",,,,,
ncaab:400986355,ncaab,2017-11-17T01:05Z,final,2294,2755,Iowa,Grambling,85,74,,,,0,,,,,,,,,,2,,0,Iowa City,IA,1,204,,,,-6.0,"43,42","35,39",,,,,
ncaab:400987949,ncaab,2017-11-17T01:15Z,final,2711,202,W Michigan,Tulsa,74,81,,,,1,,,,,,,,,,2,,0,Conway,SC,1,10,,,,-5.0,"27,47","43,38",,,,,
ncaab:400986358,ncaab,2017-11-17T01:30Z,final,275,2752,Wisconsin,Xavier,70,80,,,,0,,,,,,,,,,2,,0,Madison,WI,1,267,,,,-6.0,"34,36","34,46",,,,,
ncaab:400988901,ncaab,2017-11-17T01:30Z,final,2320,2299,Lamar,Jarvis Chrstn,103,66,,,,0,,,,,,,,,,2,,0,Beaumont,TX,1,5,,,,-6.0,"52,51","30,36",,,,,
ncaab:400991235,ncaab,2017-11-17T01:30Z,final,253,23,Southern Utah,San José St,81,69,,,,0,,,,,,,,,,2,,0,Cedar City,UT,1,1782,,,,-7.0,"32,49","20,49",,,,,
ncaab:400988210,ncaab,2017-11-17T02:00Z,final,25,2747,California,Wofford,79,65,,,,0,,,,,,,,,,2,,0,Berkeley,CA,1,52,,,,-8.0,"36,43","37,28",,,,,
ncaab:400988212,ncaab,2017-11-17T02:50Z,final,264,2507,Washington,Providence,70,77,,,,1,,,,,,,,,,2,,0,New York,NY,1,10,,,,-5.0,"30,40","37,40",,,,,
ncaab:400988211,ncaab,2017-11-17T03:00Z,final,12,2934,Arizona,Bakersfield,91,59,,,,0,,,,,,,,,,2,,0,Tucson,AZ,1,759,,,,-7.0,"44,47","27,32",,,,,
ncaab:400999668,ncaab,2017-11-17T15:30Z,final,2638,2579,UTEP,South Carolina,56,80,,,,1,,,,,,,,,,2,,0,Conway,SC,1,10,,,,-5.0,"24,32","50,30",,,,,
ncaab:400991052,ncaab,2017-11-17T16:00Z,final,261,71,Vermont,Bradley,65,64,,,,1,,,,,,,,,,2,,0,Freeport,Bahamas,1,6,,,,-5.0,"26,39","32,32",,,,,
ncaab:400999660,ncaab,2017-11-17T16:00Z,final,218,2,Temple,Auburn,88,74,,,,1,,,,,,,,,,2,,0,Charleston,SC,1,6,,,,-5.0,"32,56","31,43",,,,,
ncaab:400988662,ncaab,2017-11-17T17:00Z,final,2335,2382,Liberty,Mercer,48,63,,,,0,,,,,,,,,,2,,0,Lynchburg,VA,1,192,,,,-5.0,"25,23","28,35",,,,,
ncaab:400999669,ncaab,2017-11-17T18:00Z,final,68,2287,Boise St,Illinois St,82,64,,,,1,,,,,,,,,,2,,0,Conway,SC,1,10,,,,-5.0,"46,36","22,42",,,,,
ncaab:400999661,ncaab,2017-11-17T18:30Z,final,295,282,Old Dominion,Indiana St,62,44,,,,1,,,,,,,,,,2,,0,Charleston,SC,1,6,,,,-5.0,"33,29","25,19",,,,,
ncaab:400987950,ncaab,2017-11-17T19:00Z,final,36,2655,Colorado St,Tulane,53,80,,,,1,,,,,,,,,,2,,0,Montego Bay,Jamaica,1,1,,,,-5.0,"14,39","37,43",,,,,
ncaab:400990369,ncaab,2017-11-17T19:00Z,final,324,2636,Coastal,UTSA,83,69,,,,1,,,,,,,,,,2,,0,Freeport,Bahamas,1,6,,,,-5.0,"41,42","30,39",,,,,
ncaab:400987951,ncaab,2017-11-17T19:30Z,final,248,2182,Houston,Drexel,80,84,,,,1,,,,,,,,,,2,,0,Lynchburg,VA,1,192,,,,-5.0,"45,35","38,46",,,,,
ncaab:400986065,ncaab,2017-11-17T21:00Z,final,2670,258,VCU,Virginia,67,76,,,,0,,,,,,,,,,2,,0,Richmond,VA,1,64,,,,-5.0,"32,35","38,38",,,,,
ncaab:400990368,ncaab,2017-11-17T22:00Z,final,309,2542,Louisiana,Savannah St,115,82,,,,0,,,,,,,,,,2,,0,Lafayette,LA,1,11,,,,-6.0,"67,48","44,38",,,,,
ncaab:400991466,ncaab,2017-11-17T22:00Z,final,94,256,N Kentucky,James Madison,87,78,,,,1,,,,,,,,,,2,,0,Freeport,Bahamas,1,6,,,,-5.0,"44,43","24,54",,,,,
ncaab:400999670,ncaab,2017-11-17T22:00Z,final,2711,2026,W Michigan,App State,86,67,,,,1,,,,,,,,,,2,,0,Conway,SC,1,10,,,,-5.0,"40,46","40,27",,,,,
ncaab:400999766,ncaab,2017-11-17T22:00Z,final,264,259,Washington,Virginia Tech,79,103,,,,1,,,,,,,,,,2,,0,New York,NY,1,10,,,,-5.0,"28,51","59,44",,,,,
ncaab:400986068,ncaab,2017-11-17T23:00Z,final,52,2230,Florida St,Fordham,67,43,,,,1,,,,,,,,,,2,,0,Montego Bay,Jamaica,1,1,,,,-5.0,"35,32","18,25",,,,,
ncaab:400988213,ncaab,2017-11-17T23:00Z,final,38,2514,Colorado,Quinnipiac,70,69,,,,1,,,,,,,,,,2,,0,Lynchburg,VA,1,192,,,,-5.0,"32,38","29,40",,,,,
ncaab:400988214,ncaab,2017-11-17T23:00Z,final,24,111,Stanford,Northeastern,73,59,,,,0,,,,,,,,,,2,,0,Stanford,CA,1,23,,,,-8.0,"33,40","24,35",,,,,
ncaab:400991433,ncaab,2017-11-17T23:30Z,final,2210,2229,Elon,FIU,95,87,,,,1,,,,,,,,,,2,,0,Milwaukee,WI,1,188,,,,-6.0,"39,27,9,4,16","43,23,9,4,8",,,,,
ncaab:400986066,ncaab,2017-11-18T00:00Z,final,150,2582,Duke,Southern,78,61,,,,0,,,,,,,,,,2,,0,Durham,NC,1,123,,,,-5.0,"42,36","32,29",,,,,
ncaab:400986067,ncaab,2017-11-18T00:00Z,final,97,2437,Louisville,Omaha,87,78,,,,0,,,,,,,,,,2,,0,Louisville,KY,1,142,,,,-5.0,"40,47","25,53",,,,,
ncaab:400986361,ncaab,2017-11-18T00:00Z,final,213,171,Penn State,Columbia,79,65,,,,0,,,,,,,,,,2,,0,University Park,PA,1,348,,,,-5.0,"38,41","35,30",,,,,
ncaab:400987176,ncaab,2017-11-18T00:00Z,final,145,2247,Ole Miss,Georgia St,77,72,,,,0,,,,,,,,,,2,,0,Oxford,MS,1,154,,,,-6.0,"36,41","44,28",,,,,
ncaab:400987177,ncaab,2017-11-18T00:00Z,final,96,2193,Kentucky,ETSU,78,61,,,,0,,,,,,,,,,2,,0,Lexington,KY,1,295,,,,-5.0,"36,42","30,31",,,,,
ncaab:400987179,ncaab,2017-11-18T00:00Z,final,333,2010,Alabama,Alabama A&M,104,67,,,,0,,,,,,,,,,2,,0,Tuscaloosa,AL,1,68,,,,-6.0,"51,53","22,45",,,,,
ncaab:400987952,ncaab,2017-11-18T00:00Z,final,151,2115,East Carolina,C Connecticut,68,79,,,,0,,,,,,,,,,2,,0,Greenville,NC,1,18,,,,-5.0,"36,32","37,42",,,,,
ncaab:400988663,ncaab,2017-11-18T00:00Z,final,2430,366,UNC Greensboro,Ferrum,95,43,,,,0,,,,,,,,,,2,,0,Greensboro,NC,1,266,,,,-5.0,"49,46","24,19",,,,,
ncaab:400988904,ncaab,2017-11-18T00:00Z,final,2916,241,Incarnate Word,McMurry,88,49,,,,0,,,,,,,,,,2,,0,San Antonio,TX,1,198,,,,-6.0,"51,37","20,29",,,,,
ncaab:400989987,ncaab,2017-11-18T00:00Z,final,399,43,UAlbany,Yale,80,72,,,,0,,,,,,,,,,2,,0,Albany,NY,1,45,,,,-5.0,"36,44","39,33",,,,,
ncaab:400990120,ncaab,2017-11-18T00:00Z,final,2050,2619,Ball State,Stony Brook,87,76,,,,0,,,,,,,,,,2,,0,Muncie,IN,1,284,,,,-5.0,"34,53","42,34",,,,,
ncaab:400991066,ncaab,2017-11-18T00:00Z,final,2329,2561,Lehigh,Siena,91,90,,,,0,,,,,,,,,,2,,0,Bethlehem,PA,1,109,,,,-5.0,"43,37,11","39,41,10",,,,,
ncaab:400991391,ncaab,2017-11-18T00:00Z,final,48,2846,Delaware,Wesley,93,78,,,,0,,,,,,,,,,2,,0,Newark,DE,1,38,,,,-5.0,"51,42","36,42",,,,,
ncaab:400991500,ncaab,2017-11-18T00:00Z,final,2352,119,Loyola MD,Towson,72,95,,,,0,,,,,,,,,,2,,0,Baltimore,MD,1,10,,,,-5.0,"25,47","45,50",,,,,
ncaab:400992083,ncaab,2017-11-18T00:00Z,final,325,2154,Cleveland St,Coppin St,80,56,,,,0,,,,,,,,,,2,,0,Cleveland,OH,1,199,,,,-5.0,"41,39","24,32",,,,,
ncaab:400992811,ncaab,2017-11-18T00:00Z,final,2428,2684,NC Central,Warren Wilson,101,76,,,,0,,,,,,,,,,2,,0,Durham,NC,1,123,,,,-5.0,"57,44","30,46",,,,,
ncaab:400999662,ncaab,2017-11-18T00:00Z,final,2168,195,Dayton,Ohio,79,65,,,,1,,,,,,,,,,2,,0,Charleston,SC,1,6,,,,-5.0,"41,38","32,33",,,,,
ncaab:400999671,ncaab,2017-11-18T00:27Z,final,202,66,Tulsa,Iowa State,78,80,,,,1,,,,,,,,,,2,,0,Conway,SC,1,10,,,,-5.0,"30,48","39,41",,,,,
ncaab:400988903,ncaab,2017-11-18T00:30Z,final,2466,242,N'Western St,Rice,65,87,,,,0,,,,,,,,,,2,,0,Natchitoches,LA,1,36,,,,-6.0,"24,41","36,51",,,,,
ncaab:400999767,ncaab,2017-11-18T00:33Z,final,139,2507,Saint Louis,Providence,63,90,,,,1,,,,,,,,,,2,,0,New York,NY,1,10,,,,-5.0,"21,42","41,49",,,,,
ncaab:400987175,ncaab,2017-11-18T01:00Z,final,245,2540,Texas A&M,Santa Barbara,84,65,,,,0,,,,,,,,,,2,,0,College Station,TX,1,103,,,,-6.0,"46,38","32,33",,,,,
ncaab:400987178,ncaab,2017-11-18T01:00Z,final,8,278,Arkansas,Fresno St,83,75,,,,0,,,,,,,,,,2,,0,Fayetteville,AR,1,427,,,,-6.0,"39,44","25,50",,,,,
ncaab:400987180,ncaab,2017-11-18T01:00Z,final,238,2427,Vanderbilt,UNC Asheville,79,76,,,,0,,,,,,,,,,2,,0,Nashville,TN,1,170,,,,-6.0,"35,44","37,39",,,,,
ncaab:400988215,ncaab,2017-11-18T01:00Z,final,9,2464,Arizona St,N Arizona,97,62,,,,0,,,,,,,,,,2,,0,Tempe,AZ,1,360,,,,-7.0,"54,43","27,35",,,,,
ncaab:400988425,ncaab,2017-11-18T01:00Z,final,222,322,Villanova,Lafayette,104,57,,,,1,,,,,,,,,,2,,0,Allentown,PA,1,103,,,,-5.0,"56,48","23,34",,,,,
ncaab:400988906,ncaab,2017-11-18T01:00Z,final,2447,2590,Nicholls,Spring Hill,127,83,,,,0,,,,,,,,,,2,,0,Thibodaux,LA,1,4,,,,-6.0,"69,58","44,39",,,,,
ncaab:400989175,ncaab,2017-11-18T01:00Z,final,2305,2571,Kansas,S Dakota St,98,64,,,,0,,,,,,,,,,2,,0,Lawrence,KS,1,263,,,,-6.0,"57,41","28,36",,,,,
ncaab:400989298,ncaab,2017-11-18T01:00Z,final,2623,2449,Missouri St,N Dakota St,54,57,,,,0,,,,,,,,,,2,,0,Springfield,MO,1,396,,,,-6.0,"22,32","24,33",,,,,
ncaab:400991067,ncaab,2017-11-18T01:00Z,final,314,2692,Iona,Weber St,80,72,,,,1,,,,,,,,,,2,,0,Freeport,Bahamas,1,6,,,,-5.0,"40,40","30,42",,,,,
ncaab:400992121,ncaab,2017-11-18T01:00Z,final,2739,267,Green Bay,Lakeland,98,27,,,,0,,,,,,,,,,2,,0,Ashwaubenon,WI,1,185,,,,-6.0,"46,52","11,16",,,,,
ncaab:400986064,ncaab,2017-11-18T01:30Z,final,154,2181,Wake Forest,Drake,74,77,,,,1,,,,,,,,,,2,,0,Lynchburg,VA,1,192,,,,-5.0,"38,36","36,41",,,,,
ncaab:400986360,ncaab,2017-11-18T01:30Z,final,356,305,Illinois,DePaul,82,73,,,,0,,,,,,,,,,2,,0,Champaign,IL,1,225,,,,-6.0,"39,43","32,41",,,,,
ncaab:400990121,ncaab,2017-11-18T01:30Z,final,193,6446,Miami OH,Liu Brooklyn,78,74,,,,1,,,,,,,,,,2,,0,Montego Bay,Jamaica,1,1,,,,-5.0,"34,44","21,53",,,,,
ncaab:400990888,ncaab,2017-11-18T01:30Z,final,2197,85,E Illinois,IU Indy,80,79,,,,0,,,,,,,,,,2,,0,Charleston,IL,1,204,,,,-6.0,"38,42","41,38",,,,,
ncaab:400988216,ncaab,2017-11-18T02:00Z,final,26,2569,UCLA,SC State,96,68,,,,0,,,,,,,,,,2,,0,Los Angeles,CA,1,89,,,,-8.0,"41,55","35,33",,,,,
ncaab:400989128,ncaab,2017-11-18T02:00Z,final,239,2016,Baylor,Alcorn St,78,61,,,,0,,,,,,,,,,2,,0,Waco,TX,1,143,,,,-6.0,"42,36","25,36",,,,,
ncaab:400989196,ncaab,2017-11-18T02:00Z,final,2306,300,Kansas St,UC Irvine,71,49,,,,0,,,,,,,,,,2,,0,Manhattan,KS,1,311,,,,-6.0,"37,34","24,25",,,,,
ncaab:400990592,ncaab,2017-11-18T02:00Z,final,166,167,New Mexico St,New Mexico,75,56,,,,0,,,,,,,,,,2,,0,Las Cruces,NM,1,1191,,,,-7.0,"31,44","28,28",,,,,
ncaab:400992154,ncaab,2017-11-18T02:00Z,final,270,3066,Milwaukee,Concordia St P,55,69,,,,0,,,,,,,,,,2,,0,Milwaukee,WI,1,188,,,,-6.0,"25,30","47,22",,,,,
ncaab:400999663,ncaab,2017-11-18T02:30Z,final,2275,228,Hofstra,Clemson,59,78,,,,1,,,,,,,,,,2,,0,Charleston,SC,1,6,,,,-5.0,"32,27","42,36",,,,,
ncaab:400986954,ncaab,2017-11-18T03:00Z,final,2492,2458,Pepperdine,N Colorado,82,84,,,,0,,,,,,,,,,2,,0,Malibu,CA,1,32,,,,-8.0,"35,47","35,49",,,,,
ncaab:400987048,ncaab,2017-11-18T03:00Z,final,2539,16,San Francisco,Sacramento St,69,56,,,,0,,,,,,,,,,2,,0,San Francisco,CA,1,16,,,,-8.0,"40,29","24,32",,,,,
ncaab:400991236,ncaab,2017-11-18T03:00Z,final,2439,331,UNLV,E Washington,91,76,,,,0,,,,,,,,,,2,,0,Las Vegas,NV,1,610,,,,-8.0,"45,46","39,37",,,,,
ncaab:400988905,ncaab,2017-11-18T03:30Z,final,21,2377,San Diego St,McNeese,83,52,,,,0,,,,,,,,,,2,,0,San Diego,CA,1,20,,,,-8.0,"46,37","19,33",,,,,
ncaab:400988217,ncaab,2017-11-18T04:00Z,final,2483,2011,Oregon,Alabama St,114,56,,,,0,,,,,,,,,,2,,0,Eugene,OR,1,131,,,,-8.0,"59,55","26,30",,,,,
ncaab:401001058,ncaab,2017-11-18T16:00Z,final,71,2636,Bradley,UTSA,71,69,,,,1,,,,,,,,,,2,,0,Freeport,Bahamas,1,6,,,,-5.0,"30,41","26,43",,,,,
ncaab:400997868,ncaab,2017-11-18T16:30Z,final,219,111199,Penn,PSU Brandywine,99,40,,,,0,,,,,,,,,,2,,0,Philadelphia,PA,1,12,,,,-5.0,"56,43","17,23",,,,,
ncaab:400986069,ncaab,2017-11-18T17:00Z,final,103,2641,Boston College,Texas Tech,64,75,,,,1,,,,,,,,,,2,,0,Uncasville,CT,1,19,,,,-5.0,"31,33","36,39",,,,,
ncaab:400988486,ncaab,2017-11-18T17:00Z,final,46,2379,Georgetown,MD Eastern,83,57,,,,0,,,,,,,,,,2,,0,Washington,DC,1,7,,,,-5.0,"40,43","19,38",,,,,
ncaab:400989609,ncaab,2017-11-18T17:00Z,final,2460,2130,Northern Iowa,Chicago St,82,44,,,,0,,,,,,,,,,2,,0,Cedar Falls,IA,1,268,,,,-6.0,"46,36","21,23",,,,,
ncaab:401001040,ncaab,2017-11-18T17:00Z,final,2335,248,Liberty,Houston,66,68,,,,0,,,,,,,,,,2,,0,Lynchburg,VA,1,192,,,,-5.0,"25,41","27,41",,,,,
ncaab:400988664,ncaab,2017-11-18T18:00Z,final,2747,3243,Wofford,Bob Jones,96,65,,,,0,,,,,,,,,,2,,0,Spartanburg,SC,1,246,,,,-5.0,"48,48","28,37",,,,,
ncaab:400988665,ncaab,2017-11-18T18:00Z,final,2678,2506,VMI,Presbyterian,78,58,,,,0,,,,,,,,,,2,,0,Lexington,VA,1,324,,,,-5.0,"41,37","27,31",,,,,
ncaab:400990122,ncaab,2017-11-18T18:00Z,final,2117,101,C Michigan,Eureka,103,68,,,,0,,,,,,,,,,2,,0,Mount Pleasant,MI,1,235,,,,-5.0,"52,51","33,35",,,,,
ncaab:400990889,ncaab,2017-11-18T18:00Z,final,56,2565,Stetson,SIUE,76,80,,,,0,,,,,,,,,,2,,0,DeLand,FL,1,12,,,,-5.0,"39,37","43,37",,,,,
ncaab:400991070,ncaab,2017-11-18T18:00Z,final,2363,108,Manhattan,Harvard,73,69,,,,0,,,,,,,,,,2,,0,Riverdale,NY,1,159,,,,-8.0,"40,33","25,44",,,,,
ncaab:400987953,ncaab,2017-11-18T19:00Z,final,2116,2729,UCF,William & Mary,75,64,,,,0,,,,,,,,,,2,,0,Orlando,FL,1,30,,,,-5.0,"29,46","30,34",,,,,
ncaab:400988487,ncaab,2017-11-18T19:00Z,final,2086,231,Butler,Furman,82,65,,,,0,,,,,,,,,,2,,0,Indianapolis,IN,1,218,,,,-5.0,"41,41","29,36",,,,,
ncaab:400988666,ncaab,2017-11-18T19:00Z,final,2272,2643,High Point,The Citadel,77,79,,,,0,,,,,,,,,,2,,0,High Point,NC,1,281,,,,-5.0,"39,38","34,45",,,,,
ncaab:400989901,ncaab,2017-11-18T19:00Z,final,45,2261,G Washington,Hampton,65,57,,,,0,,,,,,,,,,2,,0,Washington,DC,1,7,,,,-5.0,"38,27","32,25",,,,,
ncaab:400990123,ncaab,2017-11-18T19:00Z,final,2199,47,E Michigan,Howard,76,66,,,,0,,,,,,,,,,2,,0,Ypsilanti,MI,1,219,,,,-5.0,"41,35","26,40",,,,,
ncaab:400990594,ncaab,2017-11-18T19:00Z,final,2174,2547,Detroit Mercy,Seattle U,71,102,,,,1,,,,,,,,,,2,,0,Nashville,TN,1,170,,,,-6.0,"40,31","49,53",,,,,
ncaab:400990715,ncaab,2017-11-18T19:00Z,final,161,2871,FDU,Kean,94,55,,,,0,,,,,,,,,,2,,0,Hackensack,NJ,1,6,,,,-5.0,"50,44","30,25",,,,,
ncaab:400990719,ncaab,2017-11-18T19:00Z,final,2681,44,Wagner,American,71,70,,,,0,,,,,,,,,,2,,0,Staten Island,NY,1,21,,,,-5.0,"35,36","32,38",,,,,
ncaab:400991942,ncaab,2017-11-18T19:00Z,final,2908,2127,SC Upstate,Charleston So,72,82,,,,0,,,,,,,,,,2,,0,Spartanburg,SC,1,246,,,,-5.0,"25,47","38,44",,,,,
ncaab:401001059,ncaab,2017-11-18T19:00Z,final,256,2692,James Madison,Weber St,65,73,,,,1,,,,,,,,,,2,,0,Freeport,Bahamas,1,6,,,,-5.0,"36,29","42,31",,,,,
ncaab:400986363,ncaab,2017-11-18T19:30Z,final,77,2325,Northwestern,La Salle,82,74,,,,1,,,,,,,,,,2,,0,Uncasville,CT,1,19,,,,-5.0,"46,36","24,50",,,,,
ncaab:401001053,ncaab,2017-11-18T19:30Z,final,154,2514,Wake Forest,Quinnipiac,72,55,,,,1,,,,,,,,,,2,,0,Lynchburg,VA,1,192,,,,-5.0,"44,28","22,33",,,,,
ncaab:400990718,ncaab,2017-11-18T20:00Z,final,2344,2598,Longwood,Saint Francis,56,83,,,,0,,,,,,,,,,2,,0,Farmville,VA,1,90,,,,-5.0,"30,26","38,45",,,,,
ncaab:400992309,ncaab,2017-11-18T20:00Z,final,2241,2684,Gardner-Webb,Warren Wilson,119,81,,,,0,,,,,,,,,,2,,0,Boiling Springs,NC,1,269,,,,-5.0,"56,63","40,41",,,,,
ncaab:400987181,ncaab,2017-11-18T21:00Z,final,344,50,Mississippi St,Florida A&M,79,48,,,,0,,,,,,,,,,2,,0,Starkville,MS,1,101,,,,-6.0,"28,51","17,31",,,,,
ncaab:400988488,ncaab,2017-11-18T21:00Z,final,2550,2885,Seton Hall,NJIT,82,53,,,,0,,,,,,,,,,2,,0,Newark,NJ,1,9,,,,-5.0,"39,43","30,23",,,,,
ncaab:400989300,ncaab,2017-11-18T21:00Z,final,82,2870,UIC,Purdue FW,51,67,,,,0,,,,,,,,,,2,,0,Chicago,IL,1,179,,,,-6.0,"25,26","25,42",,,,,
ncaab:400989607,ncaab,2017-11-18T21:00Z,final,339,2066,Evansville,Binghamton,66,61,,,,0,,,,,,,,,,2,,0,Evansville,IN,1,118,,,,-6.0,"36,30","24,37",,,,,
ncaab:400989933,ncaab,2017-11-18T21:00Z,final,179,2296,St Bonaventure,Jackson St,72,58,,,,0,,,,,,,,,,2,,0,Saint Bonaventure,NY,1,435,,,,-5.0,"39,33","26,32",,,,,
ncaab:400990714,ncaab,2017-11-18T21:00Z,final,2803,2426,Bryant,Navy,71,79,,,,0,,,,,,,,,,2,,0,Smithfield,RI,1,84,,,,-5.0,"35,36","33,46",,,,,
ncaab:400990716,ncaab,2017-11-18T21:00Z,final,2454,116,North Florida,Mount St Marys,81,84,,,,1,,,,,,,,,,2,,0,Spartanburg,SC,1,246,,,,-5.0,"41,40","42,42",,,,,
ncaab:400990891,ncaab,2017-11-18T21:00Z,final,2634,2393,Tennessee St,MTSU,65,75,,,,0,,,,,,,,,,2,,0,Nashville,TN,1,170,,,,-6.0,"26,39","40,35",,,,,
ncaab:400991434,ncaab,2017-11-18T21:00Z,final,3066,2210,Concordia St P,Elon,62,84,,,,1,,,,,,,,,,2,,0,Milwaukee,WI,1,188,,,,-6.0,"33,29","50,34",,,,,
ncaab:400992393,ncaab,2017-11-18T21:00Z,final,2737,3164,Winthrop,Central Penn,106,65,,,,0,,,,,,,,,,2,,0,Rock Hill,SC,1,207,,,,-5.0,"59,47","22,43",,,,,
ncaab:400988219,ncaab,2017-11-18T21:30Z,final,265,304,Washington St,Idaho St,83,62,,,,0,,,,,,,,,,2,,0,Pullman,WA,1,717,,,,-8.0,"35,48","31,31",,,,,
ncaab:400988909,ncaab,2017-11-18T21:30Z,final,2057,2277,Belmont,Hou Christian,93,88,,,,0,,,,,,,,,,2,,0,Nashville,TN,1,170,,,,-6.0,"51,42","33,55",,,,,
ncaab:400988907,ncaab,2017-11-18T22:00Z,final,2617,2758,SF Austin,Howard Payne,118,64,,,,0,,,,,,,,,,2,,0,Nacogdoches,TX,1,92,,,,-6.0,"63,55","35,29",,,,,
ncaab:400989257,ncaab,2017-11-18T22:00Z,final,251,288,Texas,Lipscomb,80,57,,,,0,,,,,,,,,,2,,0,Austin,TX,1,149,,,,-6.0,"36,44","22,35",,,,,
ncaab:400990370,ncaab,2017-11-18T22:00Z,final,6,311,South Alabama,Maine,68,46,,,,1,,,,,,,,,,2,,0,Uncasville,CT,1,19,,,,-5.0,"36,32","26,20",,,,,
ncaab:400990593,ncaab,2017-11-18T22:00Z,final,3084,302,Utah Valley,UC Davis,80,71,,,,0,,,,,,,,,,2,,0,Orem,UT,1,1455,,,,-7.0,"33,47","37,34",,,,,
ncaab:400992446,ncaab,2017-11-18T22:00Z,final,2239,3246,Fullerton,Bethesda,77,35,,,,0,,,,,,,,,,2,,0,Fullerton,CA,1,50,,,,-8.0,"33,44","14,21",,,,,
ncaab:401001057,ncaab,2017-11-18T22:00Z,final,261,324,Vermont,Coastal,80,67,,,,1,,,,,,,,,,2,,0,Freeport,Bahamas,1,6,,,,-5.0,"37,43","38,29",,,,,
ncaab:400990371,ncaab,2017-11-18T22:30Z,final,326,292,Texas St,UT Rio Grande,75,58,,,,0,,,,,,,,,,2,,0,San Marcos,TX,1,188,,,,-6.0,"34,41","24,34",,,,,
ncaab:400989880,ncaab,2017-11-18T23:00Z,final,2244,2463,George Mason,CSU Northridge,78,73,,,,0,,,,,,,,,,2,,0,Fairfax,VA,1,131,,,,-5.0,"35,31,12","41,25,7",,,,,
ncaab:400990124,ncaab,2017-11-18T23:00Z,final,189,526,Bowling Green,FGCU,83,80,,,,0,,,,,,,,,,2,,0,Bowling Green,OH,1,212,,,,-5.0,"40,43","43,37",,,,,
ncaab:400991515,ncaab,2017-11-18T23:00Z,final,6446,42,Liu Brooklyn,Hartford,86,84,,,,1,,,,,,,,,,2,,0,Montego Bay,Jamaica,1,1,,,,-5.0,"50,36","44,40",,,,,
ncaab:400991875,ncaab,2017-11-18T23:00Z,final,294,2448,Jacksonville,NC A&T,82,90,,,,0,,,,,,,,,,2,,0,Jacksonville,FL,1,5,,,,-5.0,"37,41,4","44,34,12",,,,,
ncaab:401001041,ncaab,2017-11-18T23:00Z,final,2182,2382,Drexel,Mercer,59,78,,,,1,,,,,,,,,,2,,0,Lynchburg,VA,1,192,,,,-5.0,"25,34","36,42",,,,,
ncaab:400992155,ncaab,2017-11-18T23:30Z,final,270,2229,Milwaukee,FIU,66,51,,,,0,,,,,,,,,,2,,0,Milwaukee,WI,1,188,,,,-6.0,"31,35","29,22",,,,,
ncaab:400986070,ncaab,2017-11-19T00:00Z,final,183,2640,Syracuse,Texas Southern,80,67,,,,0,,,,,,,,,,2,,0,Syracuse,NY,1,121,,,,-5.0,"38,42","30,37",,,,,
ncaab:400986364,ncaab,2017-11-19T00:00Z,final,2509,2217,Purdue,Fairfield,106,64,,,,0,,,,,,,,,,2,,0,West Lafayette,IN,1,186,,,,-5.0,"58,48","28,36",,,,,
ncaab:400989965,ncaab,2017-11-19T00:00Z,final,2603,163,Saint Joseph's,Princeton,71,58,,,,0,,,,,,,,,,2,,0,Philadelphia,PA,1,12,,,,-5.0,"32,39","31,27",,,,,
ncaab:400990125,ncaab,2017-11-19T00:00Z,final,2006,2630,Akron,UT Martin,76,59,,,,0,,,,,,,,,,2,,0,Akron,OH,1,291,,,,-5.0,"34,42","28,31",,,,,
ncaab:400990126,ncaab,2017-11-19T00:00Z,final,2649,2473,Toledo,Oakland,87,74,,,,0,,,,,,,,,,2,,0,Toledo,OH,1,186,,,,-5.0,"40,47","26,48",,,,,
ncaab:400990568,ncaab,2017-11-19T00:00Z,final,2429,232,Charlotte,Charleston,72,81,,,,0,,,,,,,,,,2,,0,Charlotte,NC,1,229,,,,-5.0,"25,47","37,44",,,,,
ncaab:400990890,ncaab,2017-11-19T00:00Z,final,2750,93,Wright St,Murray St,61,80,,,,0,,,,,,,,,,2,,0,Dayton,OH,1,225,,,,-5.0,"29,32","36,44",,,,,
ncaab:400990892,ncaab,2017-11-19T00:00Z,final,2635,338,Tennessee Tech,Kennesaw St,82,68,,,,0,,,,,,,,,,2,,0,Cookeville,TN,1,334,,,,-6.0,"36,46","33,35",,,,,
ncaab:400991068,ncaab,2017-11-19T00:00Z,final,2368,349,Marist,Army,73,94,,,,0,,,,,,,,,,2,,0,Poughkeepsie,NY,1,62,,,,-5.0,"35,38","41,53",,,,,
ncaab:400991069,ncaab,2017-11-19T00:00Z,final,2099,2754,Canisius,Youngstown St,104,84,,,,0,,,,,,,,,,2,,0,Buffalo,NY,1,183,,,,-5.0,"54,50","39,45",,,,,
ncaab:400991237,ncaab,2017-11-19T00:00Z,final,27,2502,UC Riverside,Portland St,82,94,,,,0,,,,,,,,,,2,,0,Riverside,CA,1,252,,,,-8.0,"36,46","47,47",,,,,
ncaab:400991479,ncaab,2017-11-19T00:00Z,final,350,2097,UNC Wilmington,Campbell,88,84,,,,0,,,,,,,,,,2,,0,Wilmington,NC,1,9,,,,-5.0,"37,51","34,50",,,,,
ncaab:400989276,ncaab,2017-11-19T00:30Z,final,277,2415,West Virginia,Morgan St,111,48,,,,0,,,,,,,,,,2,,0,Morgantown,WV,1,271,,,,-5.0,"59,52","20,28",,,,,
ncaab:400990717,ncaab,2017-11-19T00:30Z,final,2612,2529,Saint Peter's,Sacred Heart,70,61,,,,1,,,,,,,,,,2,,0,Uncasville,CT,1,19,,,,-5.0,"34,36","33,28",,,,,
ncaab:400987954,ncaab,2017-11-19T01:00Z,final,2567,2029,SMU,AR-Pine Bluff,72,37,,,,0,,,,,,,,,,2,,0,Dallas,TX,1,128,,,,-6.0,"36,36","15,22",,,,,
ncaab:400989299,ncaab,2017-11-19T01:00Z,final,233,2755,South Dakota,Grambling,84,55,,,,0,,,,,,,,,,2,,0,Vermillion,SD,1,374,,,,-6.0,"41,43","27,28",,,,,
ncaab:400989608,ncaab,2017-11-19T01:00Z,final,79,542,S Illinois,IL Springfield,69,64,,,,0,,,,,,,,,,2,,0,Carbondale,IL,1,126,,,,-6.0,"30,39","26,38",,,,,
ncaab:400991238,ncaab,2017-11-19T01:00Z,final,2348,147,Louisiana Tech,Montana St,71,58,,,,0,,,,,,,,,,2,,0,Ruston,LA,1,102,,,,-6.0,"35,36","31,27",,,,,
ncaab:400993506,ncaab,2017-11-19T01:00Z,final,2710,111176,W Illinois,Calvary,102,25,,,,0,,,,,,,,,,2,,0,Macomb,IL,1,215,,,,-6.0,"53,49","8,17",,,,,
ncaab:401001060,ncaab,2017-11-19T01:00Z,final,94,314,N Kentucky,Iona,85,72,,,,1,,,,,,,,,,2,,0,Freeport,Bahamas,1,6,,,,-5.0,"45,40","33,39",,,,,
ncaab:400986362,ncaab,2017-11-19T01:30Z,final,120,2083,Maryland,Bucknell,80,78,,,,0,,,,,,,,,,2,,0,College Park,MD,1,21,,,,-5.0,"35,45","50,28",,,,,
ncaab:401001054,ncaab,2017-11-19T01:30Z,final,2181,38,Drake,Colorado,81,86,,,,1,,,,,,,,,,2,,0,Lynchburg,VA,1,192,,,,-5.0,"31,50","39,47",,,,,
ncaab:400990372,ncaab,2017-11-19T02:00Z,final,2253,2031,Grand Canyon,Little Rock,76,51,,,,0,,,,,,,,,,2,,0,Phoenix,AZ,1,331,,,,-7.0,"42,34","23,28",,,,,
ncaab:400986848,ncaab,2017-11-19T02:30Z,final,252,250,BYU,UT Arlington,75,89,,,,0,,,,,,,,,,2,,0,Provo,UT,1,1387,,,,-7.0,"28,47","43,46",,,,,
ncaab:400986879,ncaab,2017-11-19T03:00Z,final,2250,328,Gonzaga,Utah State,79,66,,,,0,,,,,,,,,,2,,0,Spokane,WA,1,571,,,,-8.0,"45,34","42,24",,,,,
ncaab:400986929,ncaab,2017-11-19T03:00Z,final,279,2440,Pacific,Nevada,74,89,,,,0,,,,,,,,,,2,,0,Stockton,CA,1,4,,,,-8.0,"28,46","41,48",,,,,
ncaab:400986992,ncaab,2017-11-19T03:00Z,final,301,2450,San Diego,Norfolk St,71,62,,,,0,,,,,,,,,,2,,0,San Diego,CA,1,20,,,,-8.0,"38,33","16,46",,,,,
ncaab:400987065,ncaab,2017-11-19T03:00Z,final,2541,13,Santa Clara,Cal Poly,59,63,,,,0,,,,,,,,,,2,,0,Santa Clara,CA,1,23,,,,-8.0,"27,32","25,38",,,,,
ncaab:400988908,ncaab,2017-11-19T03:00Z,final,70,2534,Idaho,Sam Houston,63,54,,,,0,,,,,,,,,,2,,0,Moscow,ID,1,786,,,,-8.0,"30,33","27,27",,,,,
ncaab:400988218,ncaab,2017-11-19T04:00Z,final,204,299,Oregon St,Long Beach St,89,81,,,,0,,,,,,,,,,2,,0,Corvallis,OR,1,71,,,,-8.0,"40,49","31,50",,,,,
ncaab:401001171,ncaab,2017-11-19T16:00Z,final,2636,256,UTSA,James Madison,90,77,,,,1,,,,,,,,,,2,,0,Freeport,Bahamas,1,6,,,,-5.0,"45,45","39,38",,,,,
ncaab:400999672,ncaab,2017-11-19T16:30Z,final,2026,2638,App State,UTEP,76,72,,,,1,,,,,,,,,,2,,0,Conway,SC,1,10,,,,-5.0,"42,34","28,44",,,,,
ncaab:400990100,ncaab,2017-11-19T17:00Z,final,113,315,UMass,Niagara,101,76,,,,0,,,,,,,,,,2,,0,Amherst,MA,1,82,,,,-5.0,"46,55","28,48",,,,,
ncaab:401001161,ncaab,2017-11-19T17:00Z,final,2335,2514,Liberty,Quinnipiac,84,72,,,,0,,,,,,,,,,2,,0,Lynchburg,VA,1,192,,,,-5.0,"35,49","39,33",,,,,
ncaab:400986370,ncaab,2017-11-19T17:30Z,final,164,2154,Rutgers,Coppin St,64,39,,,,0,,,,,,,,,,2,,0,Piscataway,NJ,1,30,,,,-5.0,"28,36","22,17",,,,,
ncaab:401000130,ncaab,2017-11-19T17:30Z,final,311,2529,Maine,Sacred Heart,68,69,,,,1,,,,,,,,,,2,,0,Uncasville,CT,1,19,,,,-5.0,"35,24,9","35,24,10",,,,,
ncaab:400986071,ncaab,2017-11-19T18:00Z,final,258,2405,Virginia,Monmouth,73,53,,,,0,,,,,,,,,,2,,0,Charlottesville,VA,1,142,,,,-5.0,"39,34","21,32",,,,,
ncaab:400987182,ncaab,2017-11-19T18:00Z,final,61,357,Georgia,Texas A&M-CC,68,65,,,,0,,,,,,,,,,2,,0,Athens,GA,1,228,,,,-5.0,"30,38","16,49",,,,,
ncaab:400990090,ncaab,2017-11-19T18:00Z,final,227,107,Rhode Island,Holy Cross,88,66,,,,0,,,,,,,,,,2,,0,Kingston,RI,1,75,,,,-5.0,"40,48","37,29",,,,,
ncaab:400990721,ncaab,2017-11-19T18:00Z,final,2597,225,St Francis BK,Brown,77,74,,,,0,,,,,,,,,,2,,0,Brooklyn,NY,1,15,,,,-5.0,"42,35","34,40",,,,,
ncaab:400991571,ncaab,2017-11-19T18:00Z,final,2349,172,UMass Lowell,Cornell,98,78,,,,0,,,,,,,,,,2,,0,Lowell,MA,1,36,,,,-5.0,"43,55","33,45",,,,,
ncaab:400999664,ncaab,2017-11-19T18:00Z,final,195,282,Ohio,Indiana St,96,94,,,,1,,,,,,,,,,2,,0,Charleston,SC,1,6,,,,-5.0,"24,39,5,13,5,10","40,23,5,13,5,8",,,,,
ncaab:400986073,ncaab,2017-11-19T19:00Z,final,59,2065,Georgia Tech,Bethune,65,62,,,,0,,,,,,,,,,2,,0,Atlanta,GA,1,320,,,,-5.0,"35,30","29,33",,,,,
ncaab:400986368,ncaab,2017-11-19T19:00Z,final,158,155,Nebraska,North Dakota,92,70,,,,0,,,,,,,,,,2,,0,Lincoln,NE,1,367,,,,-6.0,"49,43","32,38",,,,,
ncaab:400986369,ncaab,2017-11-19T19:00Z,final,194,111,Ohio State,Northeastern,80,55,,,,0,,,,,,,,,,2,,0,Columbus,OH,1,235,,,,-5.0,"47,33","17,38",,,,,
ncaab:400988220,ncaab,2017-11-19T19:00Z,final,9,300,Arizona St,UC Irvine,99,78,,,,0,,,,,,,,,,2,,0,Tempe,AZ,1,360,,,,-7.0,"56,43","38,40",,,,,
ncaab:400988667,ncaab,2017-11-19T19:00Z,final,2747,2454,Wofford,North Florida,86,83,,,,0,,,,,,,,,,2,,0,Spartanburg,SC,1,246,,,,-5.0,"45,41","33,50",,,,,
ncaab:400988910,ncaab,2017-11-19T19:00Z,final,2110,2016,C Arkansas,Alcorn St,102,76,,,,0,,,,,,,,,,2,,0,Conway,AR,1,95,,,,-6.0,"52,50","30,46",,,,,
ncaab:400991581,ncaab,2017-11-19T19:00Z,final,2142,2378,Colgate,UMBC,93,88,,,,0,,,,,,,,,,2,,0,Hamilton,NY,1,181,,,,-5.0,"40,53","44,44",,,,,
ncaab:400991678,ncaab,2017-11-19T19:00Z,final,43,40,Yale,Curry,107,42,,,,0,,,,,,,,,,2,,0,New Haven,CT,1,18,,,,-5.0,"55,52","13,29",,,,,
ncaab:400992048,ncaab,2017-11-19T19:00Z,final,2329,2196,Lehigh,Eastern,95,70,,,,0,,,,,,,,,,2,,0,Bethlehem,PA,1,109,,,,-5.0,"45,50","29,41",,,,,
ncaab:400992548,ncaab,2017-11-19T19:00Z,final,2229,3066,FIU,Concordia St P,77,67,,,,1,,,,,,,,,,2,,0,Milwaukee,WI,1,188,,,,-6.0,"37,40","27,40",,,,,
ncaab:400999673,ncaab,2017-11-19T19:00Z,final,2711,2579,W Michigan,South Carolina,66,79,,,,1,,,,,,,,,,2,,0,Conway,SC,1,10,,,,-5.0,"34,32","35,44",,,,,
ncaab:401001159,ncaab,2017-11-19T19:00Z,final,71,2692,Bradley,Weber St,70,64,,,,1,,,,,,,,,,2,,0,Freeport,Bahamas,1,6,,,,-5.0,"38,32","26,38",,,,,
ncaab:401001170,ncaab,2017-11-19T19:00Z,final,2057,2547,Belmont,Seattle U,90,77,,,,0,,,,,,,,,,2,,0,Nashville,TN,1,170,,,,-6.0,"41,49","36,41",,,,,
ncaab:401001160,ncaab,2017-11-19T19:30Z,final,154,248,Wake Forest,Houston,73,78,,,,1,,,,,,,,,,2,,0,Lynchburg,VA,1,192,,,,-5.0,"42,31","41,37",,,,,
ncaab:400988668,ncaab,2017-11-19T20:00Z,final,2350,2535,Loyola Chicago,Samford,88,67,,,,0,,,,,,,,,,2,,0,Chicago,IL,1,179,,,,-6.0,"41,47","27,40",,,,,
ncaab:400990127,ncaab,2017-11-19T20:00Z,final,2309,2400,Kent State,Miss Valley St,80,67,,,,0,,,,,,,,,,2,,0,Kent,OH,1,325,,,,-5.0,"34,46","27,40",,,,,
ncaab:400990893,ncaab,2017-11-19T20:00Z,final,2046,2427,Austin Peay,UNC Asheville,79,82,,,,0,,,,,,,,,,2,,0,Clarksville,TN,1,145,,,,-6.0,"36,32,11","41,27,14",,,,,
ncaab:401000131,ncaab,2017-11-19T20:00Z,final,2325,103,La Salle,Boston College,61,82,,,,1,,,,,,,,,,2,,0,Uncasville,CT,1,19,,,,-5.0,"22,39","30,52",,,,,
ncaab:400999665,ncaab,2017-11-19T20:30Z,final,2168,295,Dayton,Old Dominion,67,75,,,,1,,,,,,,,,,2,,0,Charleston,SC,1,6,,,,-5.0,"29,38","39,36",,,,,
ncaab:400986367,ncaab,2017-11-19T21:00Z,final,127,2619,Michigan St,Stony Brook,93,71,,,,0,,,,,,,,,,2,,0,East Lansing,MI,1,261,,,,-5.0,"44,49","38,33",,,,,
ncaab:400988911,ncaab,2017-11-19T21:00Z,final,2320,2934,Lamar,Bakersfield,73,85,,,,0,,,,,,,,,,2,,0,Beaumont,TX,1,5,,,,-6.0,"33,40","36,49",,,,,
ncaab:400988912,ncaab,2017-11-19T21:00Z,final,2674,2545,Valparaiso,SE Louisiana,83,50,,,,0,,,,,,,,,,2,,0,Valparaiso,IN,1,242,,,,-6.0,"32,51","22,28",,,,,
ncaab:400992812,ncaab,2017-11-19T21:00Z,final,2428,2582,NC Central,Southern,80,67,,,,0,,,,,,,,,,2,,0,Durham,NC,1,123,,,,-5.0,"34,46","27,40",,,,,
ncaab:400986371,ncaab,2017-11-19T21:30Z,final,135,2717,Minnesota,W Carolina,92,64,,,,0,,,,,,,,,,2,,0,Minneapolis,MN,1,253,,,,-6.0,"42,50","33,31",,,,,
ncaab:400991435,ncaab,2017-11-19T21:30Z,final,270,2210,Milwaukee,Elon,72,71,,,,0,,,,,,,,,,2,,0,Milwaukee,WI,1,188,,,,-6.0,"29,43","46,25",,,,,
ncaab:401001169,ncaab,2017-11-19T21:30Z,final,2277,2174,Hou Christian,Detroit Mercy,109,116,,,,1,,,,,,,,,,2,,0,Nashville,TN,1,170,,,,-6.0,"48,47,14","55,40,21",,,,,
ncaab:400986072,ncaab,2017-11-19T22:00Z,final,52,36,Florida St,Colorado St,90,73,,,,1,,,,,,,,,,2,,0,Montego Bay,Jamaica,1,1,,,,-5.0,"47,43","36,37",,,,,
ncaab:400986365,ncaab,2017-11-19T22:00Z,final,356,276,Illinois,Marshall,91,74,,,,0,,,,,,,,,,2,,0,Champaign,IL,1,225,,,,-6.0,"46,45","36,38",,,,,
ncaab:400999674,ncaab,2017-11-19T22:00Z,final,202,2287,Tulsa,Illinois St,68,84,,,,1,,,,,,,,,,2,,0,Conway,SC,1,10,,,,-5.0,"27,41","46,38",,,,,
ncaab:401000129,ncaab,2017-11-19T22:00Z,final,77,2641,Northwestern,Texas Tech,49,85,,,,1,,,,,,,,,,2,,0,Uncasville,CT,1,19,,,,-5.0,"25,24","41,44",,,,,
ncaab:401001172,ncaab,2017-11-19T22:00Z,final,324,314,Coastal,Iona,89,84,,,,1,,,,,,,,,,2,,0,Freeport,Bahamas,1,6,,,,-5.0,"32,57","26,58",,,,,
ncaab:400989837,ncaab,2017-11-19T22:30Z,final,2184,2523,Duquesne,Robert Morris,59,66,,,,0,,,,,,,,,,2,,0,Pittsburgh,PA,1,233,,,,-5.0,"30,29","33,33",,,,,
ncaab:400986366,ncaab,2017-11-19T23:00Z,final,84,58,Indiana,South Florida,70,53,,,,0,,,,,,,,,,2,,0,Bloomington,IN,1,235,,,,-5.0,"33,37","34,19",,,,,
ncaab:400986905,ncaab,2017-11-19T23:00Z,final,2351,2377,LMU,McNeese,92,86,,,,0,,,,,,,,,,2,,0,Los Angeles,CA,1,89,,,,-8.0,"35,43,14","46,32,8",,,,,
ncaab:400987183,ncaab,2017-11-19T23:00Z,final,57,160,Florida,New Hampshire,70,63,,,,0,,,,,,,,,,2,,0,Gainesville,FL,1,54,,,,-5.0,"32,38","32,31",,,,,
ncaab:400987955,ncaab,2017-11-19T23:00Z,final,41,104,UConn,Boston U,85,66,,,,0,,,,,,,,,,2,,0,Hartford,CT,1,18,,,,-5.0,"39,46","31,35",,,,,
ncaab:400988913,ncaab,2017-11-19T23:00Z,final,98,2447,Western KY,Nicholls,100,86,,,,0,,,,,,,,,,2,,0,Bowling Green,KY,1,161,,,,-6.0,"62,38","32,54",,,,,
ncaab:401001174,ncaab,2017-11-19T23:00Z,final,2181,2182,Drake,Drexel,90,88,,,,1,,,,,,,,,,2,,0,Lynchburg,VA,1,192,,,,-5.0,"40,31,7,12","31,40,7,10",,,,,
ncaab:400999667,ncaab,2017-11-20T00:00Z,final,2275,2,Hofstra,Auburn,78,89,,,,1,,,,,,,,,,2,,0,Charleston,SC,1,6,,,,-5.0,"50,28","49,40",,,,,
ncaab:400987956,ncaab,2017-11-20T00:30Z,final,2230,2655,Fordham,Tulane,55,63,,,,1,,,,,,,,,,2,,0,Montego Bay,Jamaica,1,1,,,,-5.0,"29,26","27,36",,,,,
ncaab:400999675,ncaab,2017-11-20T00:30Z,final,66,68,Iowa State,Boise St,75,64,,,,1,,,,,,,,,,2,,0,Conway,SC,1,10,,,,-5.0,"39,36","21,43",,,,,
ncaab:400987184,ncaab,2017-11-20T01:00Z,final,238,30,Vanderbilt,USC,89,93,,,,0,,,,,,,,,,2,,0,Nashville,TN,1,170,,,,-6.0,"34,46,9","35,45,13",,,,,
ncaab:400991802,ncaab,2017-11-20T01:00Z,final,23,2608,San José St,Saint Mary's,61,79,,,,0,,,,,,,,,,2,,0,San Jose,CA,1,26,,,,-8.0,"33,28","43,36",,,,,
ncaab:401000128,ncaab,2017-11-20T01:00Z,final,2612,6,Saint Peter's,South Alabama,49,54,,,,1,,,,,,,,,,2,,0,Uncasville,CT,1,19,,,,-5.0,"21,28","24,30",,,,,
ncaab:401000171,ncaab,2017-11-20T01:00Z,final,2501,2484,Portland,Oregon Tech,86,59,,,,0,,,,,,,,,,2,,0,Portland,OR,1,12,,,,-8.0,"41,45","26,33",,,,,
ncaab:401001173,ncaab,2017-11-20T01:00Z,final,261,94,Vermont,N Kentucky,66,64,,,,1,,,,,,,,,,2,,0,Freeport,Bahamas,1,6,,,,-5.0,"33,33","35,29",,,,,
ncaab:401001175,ncaab,2017-11-20T01:30Z,final,38,2382,Colorado,Mercer,79,70,,,,1,,,,,,,,,,2,,0,Lynchburg,VA,1,192,,,,-5.0,"39,40","37,33",,,,,
ncaab:400988221,ncaab,2017-11-20T02:00Z,final,2483,2050,Oregon,Ball State,95,71,,,,0,,,,,,,,,,2,,0,Eugene,OR,1,131,,,,-8.0,"42,53","33,38",,,,,
ncaab:400999666,ncaab,2017-11-20T02:30Z,final,228,218,Clemson,Temple,60,67,,,,1,,,,,,,,,,2,,0,Charleston,SC,1,6,,,,-5.0,"31,29","37,30",,,,,
ncaab:400990128,ncaab,2017-11-20T03:10Z,final,42,193,Hartford,Miami OH,68,58,,,,1,,,,,,,,,,2,,0,Montego Bay,Jamaica,1,1,,,,-5.0,"44,24","28,30",,,,,
ncaab:400990595,ncaab,2017-11-20T16:00Z,final,140,2363,Kansas City,Manhattan,74,63,,,,1,,,,,,,,,,2,,0,Estero,FL,1,4,,,,-5.0,"32,42","25,38",,,,,
ncaab:400986372,ncaab,2017-11-20T17:00Z,final,2294,309,Iowa,Louisiana,71,80,,,,1,,,,,,,,,,2,,0,George Town,Cayman Islands,1,4,,,,-5.0,"17,54","37,43",,,,,
ncaab:400992290,ncaab,2017-11-20T17:00Z,final,2127,2648,Charleston So,Toccoa Falls,107,36,,,,0,,,,,,,,,,2,,0,Charleston,SC,1,6,,,,-5.0,"66,41","16,20",,,,,
ncaab:400989610,ncaab,2017-11-20T18:30Z,final,290,2623,GA Southern,Missouri St,74,73,,,,1,,,,,,,,,,2,,0,Estero,FL,1,4,,,,-5.0,"44,30","38,35",,,,,
ncaab:400990896,ncaab,2017-11-20T19:00Z,final,2504,2198,Prairie View,E Kentucky,80,70,,,,1,,,,,,,,,,2,,0,Las Vegas,NV,1,610,,,,-8.0,"39,41","29,41",,,,,
ncaab:400988489,ncaab,2017-11-20T19:30Z,final,2670,269,VCU,Marquette,83,94,,,,1,,,,,,,,,,2,,0,Maui,HI,1,1619,,,,-10.0,"44,39","45,49",,,,,
ncaab:400989301,ncaab,2017-11-20T19:30Z,final,2751,2571,Wyoming,S Dakota St,77,65,,,,1,,,,,,,,,,2,,0,George Town,Cayman Islands,1,4,,,,-5.0,"27,50","24,41",,,,,
ncaab:400987957,ncaab,2017-11-20T21:30Z,final,25,2724,California,Wichita St,82,92,,,,1,,,,,,,,,,2,,0,Maui,HI,1,1619,,,,-10.0,"47,35","38,54",,,,,
ncaab:400990553,ncaab,2017-11-20T21:30Z,final,2247,331,Georgia St,E Washington,68,50,,,,1,,,,,,,,,,2,,0,Las Vegas,NV,1,610,,,,-8.0,"31,37","23,27",,,,,
ncaab:400989977,ncaab,2017-11-20T22:00Z,final,5,257,UAB,Richmond,50,63,,,,1,,,,,,,,,,2,,0,George Town,Cayman Islands,1,4,,,,-5.0,"20,30","36,27",,,,,
ncaab:400990129,ncaab,2017-11-20T22:00Z,final,219,2459,Penn,N Illinois,93,80,,,,1,,,,,,,,,,2,,0,Estero,FL,1,4,,,,-5.0,"49,44","32,48",,,,,
ncaab:400990894,ncaab,2017-11-20T22:00Z,final,55,2542,Jax State,Savannah St,86,71,,,,1,,,,,,,,,,2,,0,Chattanooga,TN,1,206,,,,-5.0,"49,37","26,45",,,,,
ncaab:400988490,ncaab,2017-11-20T23:30Z,final,2599,2404,St John's,Molloy,71,43,,,,0,,,,,,,,,,2,,0,Queens,NY,1,12,,,,-5.0,"28,43","21,22",,,,,
ncaab:400986077,ncaab,2017-11-21T00:00Z,final,183,2473,Syracuse,Oakland,74,50,,,,0,,,,,,,,,,2,,0,Syracuse,NY,1,121,,,,-5.0,"39,35","25,25",,,,,
ncaab:400986078,ncaab,2017-11-21T00:00Z,final,150,231,Duke,Furman,92,63,,,,0,,,,,,,,,,2,,0,Durham,NC,1,123,,,,-5.0,"49,43","31,32",,,,,
ncaab:400986373,ncaab,2017-11-21T00:00Z,final,120,2296,Maryland,Jackson St,76,45,,,,0,,,,,,,,,,2,,0,College Park,MD,1,21,,,,-5.0,"38,38","25,20",,,,,
ncaab:400987185,ncaab,2017-11-21T00:00Z,final,197,245,Oklahoma St,Texas A&M,55,72,,,,1,,,,,,,,,,2,,0,Brooklyn,NY,1,15,,,,-5.0,"22,33","39,33",,,,,
ncaab:400987958,ncaab,2017-11-21T00:00Z,final,151,325,East Carolina,Cleveland St,72,69,,,,0,,,,,,,,,,2,,0,Greenville,NC,1,18,,,,-5.0,"33,39","32,37",,,,,
ncaab:400988222,ncaab,2017-11-21T00:00Z,final,156,26,Creighton,UCLA,100,89,,,,1,,,,,,,,,,2,,0,Kansas City,MO,1,274,,,,-6.0,"43,57","38,51",,,,,
ncaab:400988669,ncaab,2017-11-21T00:00Z,final,2193,2169,ETSU,Delaware St,81,57,,,,0,,,,,,,,,,2,,0,Johnson City,TN,1,498,,,,-5.0,"25,56","16,41",,,,,
ncaab:400988670,ncaab,2017-11-21T00:00Z,final,2430,48,UNC Greensboro,Delaware,79,66,,,,0,,,,,,,,,,2,,0,Greensboro,NC,1,266,,,,-5.0,"33,46","34,32",,,,,
ncaab:400989277,ncaab,2017-11-21T00:00Z,final,277,299,West Virginia,Long Beach St,91,62,,,,0,,,,,,,,,,2,,0,Morgantown,WV,1,271,,,,-5.0,"47,44","30,32",,,,,
ncaab:400989902,ncaab,2017-11-21T00:00Z,final,45,2520,G Washington,Rider,65,67,,,,0,,,,,,,,,,2,,0,Washington,DC,1,7,,,,-5.0,"32,33","32,35",,,,,
ncaab:400989988,ncaab,2017-11-21T00:00Z,final,399,355,UAlbany,SUNY Oneonta,102,77,,,,0,,,,,,,,,,2,,0,Albany,NY,1,45,,,,-5.0,"48,54","25,52",,,,,
ncaab:400990130,ncaab,2017-11-21T00:00Z,final,189,437,Bowling Green,Lake Erie,109,106,,,,0,,,,,,,,,,2,,0,Bowling Green,OH,1,212,,,,-5.0,"50,47,12","48,49,9",,,,,
ncaab:400991071,ncaab,2017-11-21T00:00Z,final,2083,2561,Bucknell,Siena,115,92,,,,0,,,,,,,,,,2,,0,Lewisburg,PA,1,144,,,,-5.0,"56,59","36,56",,,,,
ncaab:400991876,ncaab,2017-11-21T00:00Z,final,294,2691,Jacksonville,Webber Int'l,88,70,,,,0,,,,,,,,,,2,,0,Jacksonville,FL,1,5,,,,-5.0,"46,42","28,42",,,,,
ncaab:400991943,ncaab,2017-11-21T00:00Z,final,2908,2488,SC Upstate,Paine,79,59,,,,0,,,,,,,,,,2,,0,Spartanburg,SC,1,246,,,,-5.0,"41,38","26,33",,,,,
ncaab:400991952,ncaab,2017-11-21T00:00Z,final,56,3178,Stetson,Ave Maria,87,53,,,,0,,,,,,,,,,2,,0,DeLand,FL,1,12,,,,-5.0,"42,45","19,34",,,,,
ncaab:400992185,ncaab,2017-11-21T00:00Z,final,2750,2838,Wright St,Tiffin,73,49,,,,0,,,,,,,,,,2,,0,Dayton,OH,1,225,,,,-5.0,"40,33","22,27",,,,,
ncaab:400992269,ncaab,2017-11-21T00:00Z,final,2097,3169,Campbell,J&W (NC),98,53,,,,0,,,,,,,,,,2,,0,Buies Creek,NC,1,63,,,,-5.0,"51,47","24,29",,,,,
ncaab:400992369,ncaab,2017-11-21T00:00Z,final,2429,2506,Charlotte,Presbyterian,83,74,,,,0,,,,,,,,,,2,,0,Charlotte,NC,1,229,,,,-5.0,"33,50","38,36",,,,,
ncaab:400992752,ncaab,2017-11-21T00:00Z,final,50,2013,Florida A&M,Albany St,77,59,,,,0,,,,,,,,,,2,,0,Tallahassee,FL,1,62,,,,-5.0,"36,41","30,29",,,,,
ncaab:401001035,ncaab,2017-11-21T00:00Z,final,179,2379,St Bonaventure,MD Eastern,96,48,,,,0,,,,,,,,,,2,,0,Saint Bonaventure,NY,1,435,,,,-5.0,"49,47","27,21",,,,,
ncaab:400987959,ncaab,2017-11-21T00:30Z,final,2132,2084,Cincinnati,Buffalo,73,67,,,,1,,,,,,,,,,2,,0,George Town,Cayman Islands,1,4,,,,-5.0,"39,34","26,41",,,,,
ncaab:400988671,ncaab,2017-11-21T00:30Z,final,236,2011,Chattanooga,Alabama St,67,50,,,,0,,,,,,,,,,2,,0,Chattanooga,TN,1,206,,,,-5.0,"40,27","14,36",,,,,
ncaab:400991501,ncaab,2017-11-21T00:30Z,final,119,2226,Towson,FAU,76,52,,,,1,,,,,,,,,,2,,0,Estero,FL,1,4,,,,-5.0,"36,40","25,27",,,,,
ncaab:400987186,ncaab,2017-11-21T01:00Z,final,142,2214,Missouri,Emporia St,67,62,,,,0,,,,,,,,,,2,,0,Columbia,MO,1,215,,,,-6.0,"28,39","28,34",,,,,
ncaab:400987187,ncaab,2017-11-21T01:00Z,final,344,2739,Mississippi St,Green Bay,77,68,,,,0,,,,,,,,,,2,,0,Starkville,MS,1,101,,,,-6.0,"40,37","32,36",,,,,
ncaab:400987189,ncaab,2017-11-21T01:00Z,final,96,2653,Kentucky,Troy,70,62,,,,0,,,,,,,,,,2,,0,Lexington,KY,1,295,,,,-5.0,"41,29","25,37",,,,,
ncaab:400988914,ncaab,2017-11-21T01:00Z,final,2000,288,Abilene Chrstn,Lipscomb,67,75,,,,0,,,,,,,,,,2,,0,Abilene,TX,1,524,,,,-6.0,"25,42","25,50",,,,,
ncaab:400989197,ncaab,2017-11-21T01:00Z,final,2306,2464,Kansas St,N Arizona,80,58,,,,0,,,,,,,,,,2,,0,Manhattan,KS,1,311,,,,-6.0,"43,37","27,31",,,,,
ncaab:400989302,ncaab,2017-11-21T01:00Z,final,233,573,South Dakota,Mount Marty,93,54,,,,0,,,,,,,,,,2,,0,Vermillion,SD,1,374,,,,-6.0,"52,41","21,33",,,,,
ncaab:400989303,ncaab,2017-11-21T01:00Z,final,149,198,Montana,Oral Roberts,69,64,,,,1,,,,,,,,,,2,,0,Malibu,CA,1,32,,,,-8.0,"31,38","24,40",,,,,
ncaab:400990373,ncaab,2017-11-21T01:00Z,final,2032,47,Arkansas St,Howard,92,78,,,,0,,,,,,,,,,2,,0,Jonesboro,AR,1,99,,,,-6.0,"46,46","42,36",,,,,
ncaab:400990596,ncaab,2017-11-21T01:00Z,final,249,292,North Texas,UT Rio Grande,63,75,,,,0,,,,,,,,,,2,,0,Denton,TX,1,201,,,,-6.0,"35,28","30,45",,,,,
ncaab:400990599,ncaab,2017-11-21T01:00Z,final,3084,2202,Utah Valley,Eastern Oregon,97,52,,,,0,,,,,,,,,,2,,0,Orem,UT,1,1455,,,,-7.0,"57,40","24,28",,,,,
ncaab:400992549,ncaab,2017-11-21T01:00Z,final,2572,494,Southern Miss,Blue Mountain,90,46,,,,0,,,,,,,,,,2,,0,Hattiesburg,MS,1,52,,,,-6.0,"42,48","26,20",,,,,
ncaab:400988491,ncaab,2017-11-21T01:30Z,final,2752,2261,Xavier,Hampton,96,60,,,,0,,,,,,,,,,2,,0,Cincinnati,OH,1,191,,,,-5.0,"43,53","31,29",,,,,
ncaab:400986074,ncaab,2017-11-21T02:00Z,final,2124,87,Chaminade,Notre Dame,56,83,,,,1,,,,,,,,,,2,,0,Maui,HI,1,1619,,,,-10.0,"29,27","38,45",,,,,
ncaab:400989243,ncaab,2017-11-21T02:00Z,final,2628,2437,TCU,Omaha,99,66,,,,0,,,,,,,,,,2,,0,Fort Worth,TX,1,199,,,,-6.0,"50,49","28,38",,,,,
ncaab:400990597,ncaab,2017-11-21T02:00Z,final,2253,2450,Grand Canyon,Norfolk St,85,60,,,,0,,,,,,,,,,2,,0,Phoenix,AZ,1,331,,,,-7.0,"37,48","22,38",,,,,
ncaab:400991683,ncaab,2017-11-21T02:00Z,final,2005,2029,Air Force,AR-Pine Bluff,57,47,,,,0,,,,,,,,,,2,,0,Colorado Springs,CO,1,1832,,,,-7.0,"24,33","23,24",,,,,
ncaab:400986075,ncaab,2017-11-21T02:30Z,final,221,213,Pitt,Penn State,54,85,,,,1,,,,,,,,,,2,,0,Brooklyn,NY,1,15,,,,-5.0,"21,33","47,38",,,,,
ncaab:400986375,ncaab,2017-11-21T02:30Z,final,275,239,Wisconsin,Baylor,65,70,,,,1,,,,,,,,,,2,,0,Kansas City,MO,1,274,,,,-6.0,"26,39","38,32",,,,,
ncaab:400986993,ncaab,2017-11-21T03:00Z,final,301,2031,San Diego,Little Rock,66,52,,,,0,,,,,,,,,,2,,0,San Diego,CA,1,20,,,,-8.0,"28,38","19,33",,,,,
ncaab:400991239,ncaab,2017-11-21T03:00Z,final,2502,328,Portland St,Utah State,83,79,,,,0,,,,,,,,,,2,,0,Portland,OR,1,12,,,,-8.0,"45,38","29,50",,,,,
ncaab:400991812,ncaab,2017-11-21T03:00Z,final,2439,242,UNLV,Rice,95,68,,,,1,,,,,,,,,,2,,0,Las Vegas,NV,1,610,,,,-8.0,"51,44","24,44",,,,,
ncaab:400986955,ncaab,2017-11-21T03:30Z,final,2492,2540,Pepperdine,Santa Barbara,84,92,,,,0,,,,,,,,,,2,,0,Malibu,CA,1,32,,,,-8.0,"33,51","42,50",,,,,
ncaab:400990895,ncaab,2017-11-21T03:30Z,final,21,2197,San Diego St,E Illinois,94,63,,,,0,,,,,,,,,,2,,0,San Diego,CA,1,20,,,,-8.0,"40,54","25,38",,,,,
ncaab:400986374,ncaab,2017-11-21T04:00Z,final,99,130,LSU,Michigan,77,75,,,,1,,,,,,,,,,2,,0,Maui,HI,1,1619,,,,-10.0,"31,46","29,46",,,,,
ncaab:400986076,ncaab,2017-11-21T04:30Z,final,24,153,Stanford,North Carolina,72,96,,,,0,,,,,,,,,,2,,0,Stanford,CA,1,23,,,,-8.0,"36,36","50,46",,,,,
ncaab:400988223,ncaab,2017-11-21T05:30Z,final,145,254,Ole Miss,Utah,74,83,,,,1,,,,,,,,,,2,,0,Las Vegas,NV,1,610,,,,-8.0,"37,37","40,43",,,,,
ncaab:400992394,ncaab,2017-11-21T16:00Z,final,2737,2369,Winthrop,Mars Hill,104,49,,,,0,,,,,,,,,,2,,0,Rock Hill,SC,1,207,,,,-5.0,"52,52","24,25",,,,,
ncaab:401001787,ncaab,2017-11-21T16:00Z,final,2363,2623,Manhattan,Missouri St,65,69,,,,1,,,,,,,,,,2,,0,Estero,FL,1,4,,,,-5.0,"39,26","34,35",,,,,
ncaab:401001762,ncaab,2017-11-21T17:00Z,final,2571,2294,S Dakota St,Iowa,80,72,,,,1,,,,,,,,,,2,,0,George Town,Cayman Islands,1,4,,,,-5.0,"36,44","33,39",,,,,
ncaab:400990016,ncaab,2017-11-21T17:30Z,final,2066,147,Binghamton,Montana St,64,74,,,,1,,,,,,,,,,2,,0,Cancun,Mexico,1,11,,,,-5.0,"31,33","28,46",,,,,
ncaab:401001766,ncaab,2017-11-21T18:30Z,final,2724,269,Wichita St,Marquette,80,66,,,,1,,,,,,,,,,2,,0,Maui,HI,1,1619,,,,-10.0,"41,39","36,30",,,,,
ncaab:401001788,ncaab,2017-11-21T18:30Z,final,2459,2226,N Illinois,FAU,67,77,,,,1,,,,,,,,,,2,,0,Estero,FL,1,4,,,,-5.0,"29,38","26,51",,,,,
ncaab:401001763,ncaab,2017-11-21T19:30Z,final,2751,309,Wyoming,Louisiana,70,61,,,,1,,,,,,,,,,2,,0,George Town,Cayman Islands,1,4,,,,-5.0,"35,35","23,38",,,,,
ncaab:400990897,ncaab,2017-11-21T20:00Z,final,2546,2463,SE Missouri,CSU Northridge,74,59,,,,1,,,,,,,,,,2,,0,Cancun,Mexico,1,11,,,,-5.0,"39,35","28,31",,,,,
ncaab:400999768,ncaab,2017-11-21T20:30Z,final,197,221,Oklahoma St,Pitt,73,67,,,,1,,,,,,,,,,2,,0,Brooklyn,NY,1,15,,,,-5.0,"36,37","32,35",,,,,
ncaab:401001767,ncaab,2017-11-21T21:00Z,final,25,2670,California,VCU,69,83,,,,1,,,,,,,,,,2,,0,Maui,HI,1,1619,,,,-10.0,"29,40","55,28",,,,,
ncaab:400991392,ncaab,2017-11-21T21:30Z,final,48,286,Delaware,NC Wesleyan,88,70,,,,1,,,,,,,,,,2,,0,Greensboro,NC,1,266,,,,-5.0,"48,40","30,40",,,,,
ncaab:400992310,ncaab,2017-11-21T21:30Z,final,2241,2913,Gardner-Webb,Brevard,93,70,,,,0,,,,,,,,,,2,,0,Boiling Springs,NC,1,269,,,,-5.0,"45,48","31,39",,,,,
ncaab:401001764,ncaab,2017-11-21T22:00Z,final,2084,5,Buffalo,UAB,96,91,,,,1,,,,,,,,,,2,,0,George Town,Cayman Islands,1,4,,,,-5.0,"37,45,14","44,38,9",,,,,
ncaab:401001786,ncaab,2017-11-21T22:00Z,final,140,290,Kansas City,GA Southern,75,78,,,,1,,,,,,,,,,2,,0,Estero,FL,1,4,,,,-5.0,"38,37","40,38",,,,,
ncaab:401001891,ncaab,2017-11-21T22:00Z,final,2011,2542,Alabama St,Savannah St,97,101,,,,1,,,,,,,,,,2,,0,Chattanooga,TN,1,206,,,,-5.0,"36,61","45,56",,,,,
ncaab:400988673,ncaab,2017-11-21T23:00Z,final,2643,3174,The Citadel,Trinity Co Jax,116,66,,,,0,,,,,,,,,,2,,0,Charleston,SC,1,6,,,,-5.0,"58,58","34,32",,,,,
ncaab:400989881,ncaab,2017-11-21T23:00Z,final,2244,2348,George Mason,Louisiana Tech,64,77,,,,1,,,,,,,,,,2,,0,Cancun,Mexico,1,11,,,,-5.0,"24,40","42,35",,,,,
ncaab:400999769,ncaab,2017-11-21T23:00Z,final,245,213,Texas A&M,Penn State,98,87,,,,1,,,,,,,,,,2,,0,Brooklyn,NY,1,15,,,,-5.0,"42,56","40,47",,,,,
ncaab:400986079,ncaab,2017-11-22T00:00Z,final,259,2277,Virginia Tech,Hou Christian,99,73,,,,0,,,,,,,,,,2,,0,Blacksburg,VA,1,633,,,,-5.0,"44,55","38,35",,,,,
ncaab:400986080,ncaab,2017-11-22T00:00Z,final,97,79,Louisville,S Illinois,84,42,,,,0,,,,,,,,,,2,,0,Louisville,KY,1,142,,,,-5.0,"29,55","18,24",,,,,
ncaab:400986377,ncaab,2017-11-22T00:00Z,final,164,2803,Rutgers,Bryant,83,54,,,,0,,,,,,,,,,2,,0,Piscataway,NJ,1,30,,,,-5.0,"47,36","34,20",,,,,
ncaab:400988672,ncaab,2017-11-22T00:00Z,final,113,2717,UMass,W Carolina,85,76,,,,0,,,,,,,,,,2,,0,Amherst,MA,1,82,,,,-5.0,"42,43","35,41",,,,,
ncaab:400988675,ncaab,2017-11-22T00:00Z,final,2678,2479,VMI,Ohio Vall,81,66,,,,0,,,,,,,,,,2,,0,Lexington,VA,1,324,,,,-5.0,"45,36","30,36",,,,,
ncaab:400988917,ncaab,2017-11-22T00:00Z,final,2309,2545,Kent State,SE Louisiana,66,70,,,,0,,,,,,,,,,2,,0,Kent,OH,1,325,,,,-5.0,"34,32","26,44",,,,,
ncaab:400990722,ncaab,2017-11-22T00:00Z,final,2115,2154,C Connecticut,Coppin St,74,71,,,,0,,,,,,,,,,2,,0,New Britain,CT,1,51,,,,-5.0,"26,36,12","31,31,9",,,,,
ncaab:400990723,ncaab,2017-11-22T00:00Z,final,116,86853,Mount St Marys,York (PA),91,80,,,,0,,,,,,,,,,2,,0,Emmitsburg,MD,1,133,,,,-5.0,"36,55","30,50",,,,,
ncaab:400990724,ncaab,2017-11-22T00:00Z,final,2681,2901,Wagner,Staten Island,107,64,,,,0,,,,,,,,,,2,,0,Staten Island,NY,1,21,,,,-5.0,"53,54","28,36",,,,,
ncaab:400990898,ncaab,2017-11-22T00:00Z,final,85,2413,IU Indy,Morehead St,67,61,,,,0,,,,,,,,,,2,,0,Indianapolis,IN,1,218,,,,-5.0,"32,35","25,36",,,,,
ncaab:400991510,ncaab,2017-11-22T00:00Z,final,2729,2828,William & Mary,Shenandoah,103,54,,,,0,,,,,,,,,,2,,0,Williamsburg,VA,1,25,,,,-5.0,"50,53","20,34",,,,,
ncaab:400991545,ncaab,2017-11-22T00:00Z,final,160,44,New Hampshire,American,70,74,,,,0,,,,,,,,,,2,,0,Durham,NH,1,15,,,,-5.0,"32,38","46,28",,,,,
ncaab:400991611,ncaab,2017-11-22T00:00Z,final,349,171,Army,Columbia,88,78,,,,0,,,,,,,,,,2,,0,West Point,NY,1,47,,,,-5.0,"49,39","44,34",,,,,
ncaab:400991932,ncaab,2017-11-22T00:00Z,final,2454,2206,North Florida,Edward Waters,101,77,,,,0,,,,,,,,,,2,,0,Jacksonville,FL,1,5,,,,-5.0,"54,47","34,43",,,,,
ncaab:400992054,ncaab,2017-11-22T00:00Z,final,2352,2251,Loyola MD,Goucher,97,45,,,,0,,,,,,,,,,2,,0,Baltimore,MD,1,10,,,,-5.0,"44,53","17,28",,,,,
ncaab:400992193,ncaab,2017-11-22T00:00Z,final,2754,2849,Youngstown St,Westminster PA,91,83,,,,0,,,,,,,,,,2,,0,Youngstown,OH,1,259,,,,-5.0,"41,50","49,34",,,,,
ncaab:400992201,ncaab,2017-11-22T00:00Z,final,2598,111170,Saint Francis,Franciscan,96,54,,,,0,,,,,,,,,,2,,0,Loretto,PA,1,595,,,,-5.0,"48,48","26,28",,,,,
ncaab:400992702,ncaab,2017-11-22T00:00Z,final,2065,2755,Bethune,Grambling,87,78,,,,0,,,,,,,,,,2,,0,Daytona Beach,FL,1,4,,,,-5.0,"44,43","35,43",,,,,
ncaab:400992781,ncaab,2017-11-22T00:00Z,final,2415,108859,Morgan St,Goldey Beacom,82,67,,,,0,,,,,,,,,,2,,0,Baltimore,MD,1,10,,,,-5.0,"46,36","24,43",,,,,
ncaab:400988676,ncaab,2017-11-22T00:30Z,final,2430,2344,UNC Greensboro,Longwood,71,40,,,,0,,,,,,,,,,2,,0,Greensboro,NC,1,266,,,,-5.0,"33,38","29,11",,,,,
ncaab:400991852,ncaab,2017-11-22T00:30Z,final,2393,526,MTSU,FGCU,85,72,,,,0,,,,,,,,,,2,,0,Murfreesboro,TN,1,186,,,,-6.0,"47,38","29,43",,,,,
ncaab:401000132,ncaab,2017-11-22T00:30Z,final,26,275,UCLA,Wisconsin,72,70,,,,1,,,,,,,,,,2,,0,Kansas City,MO,1,274,,,,-6.0,"31,41","38,32",,,,,
ncaab:401001765,ncaab,2017-11-22T00:30Z,final,2132,257,Cincinnati,Richmond,75,48,,,,1,,,,,,,,,,2,,0,George Town,Cayman Islands,1,4,,,,-5.0,"40,35","14,34",,,,,
ncaab:401001789,ncaab,2017-11-22T00:30Z,final,219,119,Penn,Towson,71,79,,,,1,,,,,,,,,,2,,0,Estero,FL,1,4,,,,-5.0,"33,38","37,42",,,,,
ncaab:401001892,ncaab,2017-11-22T00:30Z,final,236,55,Chattanooga,Jax State,75,77,,,,0,,,,,,,,,,2,,0,Chattanooga,TN,1,206,,,,-5.0,"31,39,5","33,37,7",,,,,
ncaab:400988915,ncaab,2017-11-22T00:50Z,final,2569,2110,SC State,C Arkansas,64,73,,,,0,,,,,,,,,,2,,0,Orangeburg,SC,1,74,,,,-5.0,"30,34","28,45",,,,,
ncaab:400986376,ncaab,2017-11-22T01:00Z,final,135,2010,Minnesota,Alabama A&M,100,57,,,,0,,,,,,,,,,2,,0,Minneapolis,MN,1,253,,,,-6.0,"47,53","25,32",,,,,
ncaab:400987960,ncaab,2017-11-22T01:00Z,final,235,2443,Memphis,LSU N Orleans,63,52,,,,0,,,,,,,,,,2,,0,Memphis,TN,1,78,,,,-6.0,"32,31","16,36",,,,,
ncaab:400988674,ncaab,2017-11-22T01:00Z,final,2674,2535,Valparaiso,Samford,88,67,,,,0,,,,,,,,,,2,,0,Valparaiso,IN,1,242,,,,-6.0,"39,49","36,31",,,,,
ncaab:400989176,ncaab,2017-11-22T01:00Z,final,2305,2640,Kansas,Texas Southern,114,71,,,,0,,,,,,,,,,2,,0,Lawrence,KS,1,263,,,,-6.0,"66,48","30,41",,,,,
ncaab:400989612,ncaab,2017-11-22T01:00Z,final,2350,2400,Loyola Chicago,Miss Valley St,63,50,,,,0,,,,,,,,,,2,,0,Chicago,IL,1,179,,,,-6.0,"28,35","31,19",,,,,
ncaab:400990900,ncaab,2017-11-22T01:00Z,final,2634,2099,Tennessee St,Canisius,60,52,,,,0,,,,,,,,,,2,,0,Nashville,TN,1,170,,,,-6.0,"26,34","35,17",,,,,
ncaab:400992326,ncaab,2017-11-22T01:00Z,final,2272,291,High Point,Methodist,99,63,,,,0,,,,,,,,,,2,,0,High Point,NC,1,281,,,,-5.0,"46,53","32,31",,,,,
ncaab:400992406,ncaab,2017-11-22T01:00Z,final,155,2462,North Dakota,Northland,79,48,,,,0,,,,,,,,,,2,,0,Grand Forks,ND,1,253,,,,-6.0,"36,43","25,23",,,,,
ncaab:400992804,ncaab,2017-11-22T01:00Z,final,2448,108806,NC A&T,Mid Atl Chrstn,115,76,,,,0,,,,,,,,,,2,,0,Greensboro,NC,1,266,,,,-5.0,"57,58","33,43",,,,,
ncaab:400999770,ncaab,2017-11-22T01:00Z,final,2540,149,Santa Barbara,Montana,80,73,,,,1,,,,,,,,,,2,,0,Malibu,CA,1,32,,,,-8.0,"38,42","27,46",,,,,
ncaab:401000094,ncaab,2017-11-22T01:00Z,final,2124,130,Chaminade,Michigan,64,102,,,,1,,,,,,,,,,2,,0,Maui,HI,1,1619,,,,-10.0,"25,39","44,58",,,,,
ncaab:400990598,ncaab,2017-11-22T01:05Z,final,2130,3107,Chicago St,East West,113,65,,,,0,,,,,,,,,,2,,0,Chicago,IL,1,179,,,,-6.0,"51,62","32,33",,,,,
ncaab:400988916,ncaab,2017-11-22T01:30Z,final,2433,2466,UL Monroe,N'Western St,61,76,,,,0,,,,,,,,,,2,,0,Monroe,LA,1,23,,,,-6.0,"35,26","48,28",,,,,
ncaab:400989611,ncaab,2017-11-22T01:30Z,final,278,339,Fresno St,Evansville,57,59,,,,1,,,,,,,,,,2,,0,Cancun,Mexico,1,11,,,,-5.0,"28,29","26,33",,,,,
ncaab:400986849,ncaab,2017-11-22T02:00Z,final,252,315,BYU,Niagara,95,88,,,,0,,,,,,,,,,2,,0,Provo,UT,1,1387,,,,-7.0,"31,64","34,54",,,,,
ncaab:400986930,ncaab,2017-11-22T02:00Z,final,2005,279,Air Force,Pacific,71,83,,,,0,,,,,,,,,,2,,0,Colorado Springs,CO,1,1832,,,,-7.0,"29,42","47,36",,,,,
ncaab:400987190,ncaab,2017-11-22T02:00Z,final,333,250,Alabama,UT Arlington,77,76,,,,0,,,,,,,,,,2,,0,Tuscaloosa,AL,1,68,,,,-6.0,"41,36","46,30",,,,,
ncaab:400990899,ncaab,2017-11-22T02:00Z,final,167,2635,New Mexico,Tennessee Tech,96,104,,,,0,,,,,,,,,,2,,0,Albuquerque,NM,1,1511,,,,-7.0,"55,41","51,53",,,,,
ncaab:400991240,ncaab,2017-11-22T02:00Z,final,2458,3141,N Colorado,Northern NM,99,60,,,,0,,,,,,,,,,2,,0,Greeley,CO,1,1425,,,,-7.0,"35,64","27,33",,,,,
ncaab:400987049,ncaab,2017-11-22T03:00Z,final,2539,2574,San Francisco,Sonoma St,78,55,,,,0,,,,,,,,,,2,,0,San Francisco,CA,1,16,,,,-8.0,"45,33","19,36",,,,,
ncaab:400989778,ncaab,2017-11-22T03:00Z,final,2440,2166,Nevada,Davidson,81,68,,,,0,,,,,,,,,,2,,0,Reno,NV,1,1373,,,,-8.0,"31,50","29,39",,,,,
ncaab:400991241,ncaab,2017-11-22T03:00Z,final,253,110031,Southern Utah,B'tine Mesa,85,68,,,,0,,,,,,,,,,2,,0,Cedar City,UT,1,1782,,,,-7.0,"43,42","39,29",,,,,
ncaab:401000133,ncaab,2017-11-22T03:00Z,final,156,239,Creighton,Baylor,59,65,,,,1,,,,,,,,,,2,,0,Kansas City,MO,1,274,,,,-6.0,"33,26","24,41",,,,,
ncaab:400992507,ncaab,2017-11-22T03:05Z,final,302,16,UC Davis,Sacramento St,64,47,,,,1,,,,,,,,,,2,,0,Sacramento,CA,1,9,,,,-8.0,"36,28","20,27",,,,,
ncaab:400999771,ncaab,2017-11-22T03:30Z,final,2492,198,Pepperdine,Oral Roberts,80,76,,,,0,,,,,,,,,,2,,0,Malibu,CA,1,32,,,,-8.0,"33,47","40,36",,,,,
ncaab:401000095,ncaab,2017-11-22T03:30Z,final,99,87,LSU,Notre Dame,53,92,,,,1,,,,,,,,,,2,,0,Maui,HI,1,1619,,,,-10.0,"24,29","40,52",,,,,
ncaab:401001952,ncaab,2017-11-22T16:00Z,final,2363,2459,Manhattan,N Illinois,68,70,,,,1,,,,,,,,,,2,,0,Estero,FL,1,4,,,,-5.0,"36,32","43,27",,,,,
ncaab:400986380,ncaab,2017-11-22T17:00Z,final,2509,2633,Purdue,Tennessee,75,78,,,,1,,,,,,,,,,2,,0,Nassau,Bahamas,1,8,,,,-5.0,"31,32,12","31,32,15",,,,,
ncaab:401001924,ncaab,2017-11-22T17:00Z,final,5,2294,UAB,Iowa,85,95,,,,1,,,,,,,,,,2,,0,George Town,Cayman Islands,1,4,,,,-5.0,"37,48","49,46",,,,,
ncaab:401001948,ncaab,2017-11-22T17:30Z,final,2066,2463,Binghamton,CSU Northridge,70,65,,,,1,,,,,,,,,,2,,0,Cancun,Mexico,1,11,,,,-5.0,"26,44","31,34",,,,,
ncaab:400990727,ncaab,2017-11-22T18:00Z,final,2529,108838,Sacred Heart,Mitchell,84,60,,,,0,,,,,,,,,,2,,0,Fairfield,CT,1,4,,,,-8.0,"43,41","36,24",,,,,
ncaab:400991679,ncaab,2017-11-22T18:30Z,final,2016,43,Alcorn St,Yale,73,87,,,,0,,,,,,,,,,2,,0,Lorman,MS,1,66,,,,-6.0,"24,49","37,50",,,,,
ncaab:401001953,ncaab,2017-11-22T18:30Z,final,2623,2226,Missouri St,FAU,71,60,,,,1,,,,,,,,,,2,,0,Estero,FL,1,4,,,,-5.0,"36,35","28,32",,,,,
ncaab:400986083,ncaab,2017-11-22T19:00Z,final,52,338,Florida St,Kennesaw St,98,79,,,,0,,,,,,,,,,2,,0,Tallahassee,FL,1,62,,,,-5.0,"54,44","42,37",,,,,
ncaab:400990725,ncaab,2017-11-22T19:00Z,final,161,107,FDU,Holy Cross,87,76,,,,0,,,,,,,,,,2,,0,Hackensack,NJ,1,6,,,,-5.0,"37,50","36,40",,,,,
ncaab:400991529,ncaab,2017-11-22T19:00Z,final,311,104,Maine,Boston U,69,78,,,,0,,,,,,,,,,2,,0,Bangor,ME,1,36,,,,-5.0,"28,41","41,37",,,,,
ncaab:401001881,ncaab,2017-11-22T19:00Z,final,2198,331,E Kentucky,E Washington,62,83,,,,1,,,,,,,,,,2,,0,Las Vegas,NV,1,610,,,,-8.0,"16,46","39,44",,,,,
ncaab:401000096,ncaab,2017-11-22T19:30Z,final,2124,25,Chaminade,California,96,72,,,,1,,,,,,,,,,2,,0,Maui,HI,1,1619,,,,-10.0,"40,56","30,42",,,,,
ncaab:401001925,ncaab,2017-11-22T19:30Z,final,2084,2571,Buffalo,S Dakota St,80,94,,,,1,,,,,,,,,,2,,0,George Town,Cayman Islands,1,4,,,,-5.0,"24,56","46,48",,,,,
ncaab:400988492,ncaab,2017-11-22T19:49Z,final,222,98,Villanova,Western KY,66,58,,,,1,,,,,,,,,,2,,0,Nassau,Bahamas,1,8,,,,-5.0,"27,39","24,34",,,,,
ncaab:400990374,ncaab,2017-11-22T20:00Z,final,324,2592,Coastal,St Andrews,70,34,,,,0,,,,,,,,,,2,,0,Conway,SC,1,10,,,,-5.0,"36,34","17,17",,,,,
ncaab:400990726,ncaab,2017-11-22T20:00Z,final,2349,112358,UMass Lowell,Long Island,74,66,,,,0,,,,,,,,,,2,,0,Lowell,MA,1,36,,,,-5.0,"36,38","26,40",,,,,
ncaab:400991393,ncaab,2017-11-22T20:00Z,final,2344,48,Longwood,Delaware,57,65,,,,1,,,,,,,,,,2,,0,Greensboro,NC,1,266,,,,-5.0,"31,26","38,27",,,,,
ncaab:400992058,ncaab,2017-11-22T20:00Z,final,2426,2689,Navy,Wash Coll (MD),110,45,,,,0,,,,,,,,,,2,,0,Annapolis,MD,1,12,,,,-5.0,"51,59","20,25",,,,,
ncaab:401001949,ncaab,2017-11-22T20:00Z,final,147,2546,Montana St,SE Missouri,88,82,,,,1,,,,,,,,,,2,,0,Cancun,Mexico,1,11,,,,-5.0,"41,47","34,48",,,,,
ncaab:400986309,ncaab,2017-11-22T21:00Z,final,103,2142,Boston College,Colgate,83,79,,,,0,,,,,,,,,,2,,0,Chestnut Hill,MA,1,60,,,,-5.0,"27,56","41,38",,,,,
ncaab:400990375,ncaab,2017-11-22T21:00Z,final,256,2026,James Madison,App State,105,99,,,,0,,,,,,,,,,2,,0,Harrisonburg,VA,1,404,,,,-5.0,"41,41,7,16","47,35,7,10",,,,,
ncaab:400990569,ncaab,2017-11-22T21:00Z,final,232,13,Charleston,Cal Poly,68,73,,,,1,,,,,,,,,,2,,0,Anchorage,AK,1,31,,,,-9.0,"27,41","28,45",,,,,
ncaab:400990901,ncaab,2017-11-22T21:00Z,final,2046,2064,Austin Peay,Bethel (TN),90,58,,,,0,,,,,,,,,,2,,0,Fort Campbell,KY,1,168,,,,-6.0,"33,57","30,28",,,,,
ncaab:400991923,ncaab,2017-11-22T21:00Z,final,2885,2871,NJIT,Kean,116,63,,,,0,,,,,,,,,,2,,0,Newark,NJ,1,9,,,,-5.0,"52,64","25,38",,,,,
ncaab:401001882,ncaab,2017-11-22T21:30Z,final,2504,2247,Prairie View,Georgia St,71,56,,,,1,,,,,,,,,,2,,0,Las Vegas,NV,1,610,,,,-8.0,"40,31","27,29",,,,,
ncaab:400989614,ncaab,2017-11-22T22:00Z,final,282,141,Indiana St,MO St Louis,75,58,,,,0,,,,,,,,,,2,,0,Terre Haute,IN,1,152,,,,-5.0,"37,38","28,30",,,,,
ncaab:401000097,ncaab,2017-11-22T22:00Z,final,130,2670,Michigan,VCU,68,60,,,,1,,,,,,,,,,2,,0,Maui,HI,1,1619,,,,-10.0,"36,32","30,30",,,,,
ncaab:401001946,ncaab,2017-11-22T22:00Z,final,257,309,Richmond,Louisiana,76,82,,,,1,,,,,,,,,,2,,0,George Town,Cayman Islands,1,4,,,,-5.0,"34,42","30,52",,,,,
ncaab:401001954,ncaab,2017-11-22T22:00Z,final,140,219,Kansas City,Penn,65,68,,,,1,,,,,,,,,,2,,0,Estero,FL,1,4,,,,-5.0,"21,44","31,37",,,,,
ncaab:400986085,ncaab,2017-11-22T23:00Z,final,2390,2325,Miami,La Salle,57,46,,,,1,,,,,,,,,,2,,0,Reading,PA,1,93,,,,-5.0,"19,38","19,27",,,,,
ncaab:400991559,ncaab,2017-11-22T23:00Z,final,2619,225,Stony Brook,Brown,77,64,,,,0,,,,,,,,,,2,,0,Stony Brook,NY,1,27,,,,-5.0,"38,39","33,31",,,,,
ncaab:401001950,ncaab,2017-11-22T23:00Z,final,2244,278,George Mason,Fresno St,73,79,,,,1,,,,,,,,,,2,,0,Cancun,Mexico,1,11,,,,-5.0,"29,44","43,36",,,,,
ncaab:400988677,ncaab,2017-11-22T23:30Z,final,2641,2747,Texas Tech,Wofford,79,56,,,,0,,,,,,,,,,2,,0,Lubbock,TX,1,976,,,,-6.0,"50,29","22,34",,,,,
ncaab:400988919,ncaab,2017-11-22T23:30Z,final,2534,2117,Sam Houston,C Michigan,60,71,,,,1,,,,,,,,,,2,,0,Anchorage,AK,1,31,,,,-9.0,"30,30","42,29",,,,,
ncaab:400986081,ncaab,2017-11-23T00:00Z,final,152,12,NC State,Arizona,90,84,,,,1,,,,,,,,,,2,,0,Nassau,Bahamas,1,8,,,,-5.0,"40,50","40,44",,,,,
ncaab:400986082,ncaab,2017-11-23T00:00Z,final,183,2649,Syracuse,Toledo,72,64,,,,0,,,,,,,,,,2,,0,Syracuse,NY,1,121,,,,-5.0,"33,39","32,32",,,,,
ncaab:400986378,ncaab,2017-11-23T00:00Z,final,356,2042,Illinois,Augustana (IL),96,62,,,,0,,,,,,,,,,2,,0,Champaign,IL,1,225,,,,-6.0,"51,45","30,32",,,,,
ncaab:400986379,ncaab,2017-11-23T00:00Z,final,84,2032,Indiana,Arkansas St,87,70,,,,0,,,,,,,,,,2,,0,Bloomington,IN,1,235,,,,-5.0,"47,40","33,37",,,,,
ncaab:400987961,ncaab,2017-11-23T00:00Z,final,58,47,South Florida,Howard,75,52,,,,0,,,,,,,,,,2,,0,Tampa,FL,1,1,,,,-5.0,"36,39","24,28",,,,,
ncaab:400988493,ncaab,2017-11-23T00:00Z,final,2507,2057,Providence,Belmont,66,65,,,,0,,,,,,,,,,2,,0,Providence,RI,1,2,,,,-5.0,"28,38","25,40",,,,,
ncaab:400988678,ncaab,2017-11-23T00:00Z,final,2193,2653,ETSU,Troy,65,73,,,,0,,,,,,,,,,2,,0,Johnson City,TN,1,498,,,,-5.0,"25,40","32,41",,,,,
ncaab:400989989,ncaab,2017-11-23T00:00Z,final,159,399,Dartmouth,UAlbany,73,91,,,,0,,,,,,,,,,2,,0,Hanover,NH,1,162,,,,-5.0,"34,39","50,41",,,,,
ncaab:400990131,ncaab,2017-11-23T00:00Z,final,2083,2050,Bucknell,Ball State,87,83,,,,0,,,,,,,,,,2,,0,Lewisburg,PA,1,144,,,,-5.0,"39,48","44,39",,,,,
ncaab:400991072,ncaab,2017-11-23T00:00Z,final,2427,2405,UNC Asheville,Monmouth,62,51,,,,0,,,,,,,,,,2,,0,Asheville,NC,1,649,,,,-5.0,"34,28","27,24",,,,,
ncaab:400991436,ncaab,2017-11-23T00:00Z,final,2210,2515,Elon,Radford,77,74,,,,0,,,,,,,,,,2,,0,Elon,NC,1,215,,,,-5.0,"40,37","33,41",,,,,
ncaab:400991589,ncaab,2017-11-23T00:00Z,final,261,554,Vermont,ME Fort Kent,90,54,,,,0,,,,,,,,,,2,,0,Burlington,VT,1,61,,,,-5.0,"48,42","25,29",,,,,
ncaab:400991670,ncaab,2017-11-23T00:00Z,final,163,322,Princeton,Lafayette,60,46,,,,0,,,,,,,,,,2,,0,Princeton,NJ,1,62,,,,-5.0,"27,33","29,17",,,,,
ncaab:400986084,ncaab,2017-11-23T00:30Z,final,59,292,Georgia Tech,UT Rio Grande,78,68,,,,0,,,,,,,,,,2,,0,Atlanta,GA,1,320,,,,-5.0,"32,46","27,41",,,,,
ncaab:401001947,ncaab,2017-11-23T00:30Z,final,2132,2751,Cincinnati,Wyoming,78,53,,,,1,,,,,,,,,,2,,0,George Town,Cayman Islands,1,4,,,,-5.0,"37,41","20,33",,,,,
ncaab:401001955,ncaab,2017-11-23T00:30Z,final,290,119,GA Southern,Towson,67,70,,,,1,,,,,,,,,,2,,0,Estero,FL,1,4,,,,-5.0,"22,45","29,41",,,,,
ncaab:400986906,ncaab,2017-11-23T01:00Z,final,2916,2351,Incarnate Word,LMU,87,91,,,,0,,,,,,,,,,2,,0,San Antonio,TX,1,198,,,,-6.0,"46,41","41,50",,,,,
ncaab:400987191,ncaab,2017-11-23T01:00Z,final,344,2617,Mississippi St,SF Austin,80,75,,,,0,,,,,,,,,,2,,0,Starkville,MS,1,101,,,,-6.0,"32,48","40,35",,,,,
ncaab:400987192,ncaab,2017-11-23T01:00Z,final,96,2870,Kentucky,Purdue FW,86,67,,,,0,,,,,,,,,,2,,0,Lexington,KY,1,295,,,,-5.0,"45,41","37,30",,,,,
ncaab:400987962,ncaab,2017-11-23T01:00Z,final,2655,193,Tulane,Miami OH,80,59,,,,0,,,,,,,,,,2,,0,New Orleans,LA,1,0,,,,-6.0,"37,43","30,29",,,,,
ncaab:400988920,ncaab,2017-11-23T01:00Z,final,2320,2573,Lamar,Southern NO,105,67,,,,0,,,,,,,,,,2,,0,Beaumont,TX,1,5,,,,-6.0,"54,51","39,28",,,,,
ncaab:400989304,ncaab,2017-11-23T01:00Z,final,2565,2710,SIUE,W Illinois,67,69,,,,0,,,,,,,,,,2,,0,Edwardsville,IL,1,165,,,,-6.0,"35,32","30,39",,,,,
ncaab:400989305,ncaab,2017-11-23T01:00Z,final,2449,50,N Dakota St,Florida A&M,80,66,,,,0,,,,,,,,,,2,,0,Fargo,ND,1,276,,,,-6.0,"42,38","28,38",,,,,
ncaab:400989615,ncaab,2017-11-23T01:00Z,final,71,2402,Bradley,Missouri S&T,79,47,,,,0,,,,,,,,,,2,,0,Peoria,IL,1,153,,,,-6.0,"38,41","17,30",,,,,
ncaab:400989951,ncaab,2017-11-23T01:00Z,final,139,2174,Saint Louis,Detroit Mercy,70,72,,,,0,,,,,,,,,,2,,0,St. Louis,MO,1,142,,,,-6.0,"32,38","30,42",,,,,
ncaab:400990902,ncaab,2017-11-23T01:00Z,final,2582,2630,Southern,UT Martin,69,66,,,,0,,,,,,,,,,2,,0,Baton Rouge,LA,1,14,,,,-6.0,"39,30","31,35",,,,,
ncaab:400992550,ncaab,2017-11-23T01:00Z,final,249,3122,North Texas,Rogers St,86,74,,,,0,,,,,,,,,,2,,0,Denton,TX,1,201,,,,-6.0,"42,44","31,43",,,,,
ncaab:400992551,ncaab,2017-11-23T01:00Z,final,276,2428,Marshall,NC Central,92,84,,,,0,,,,,,,,,,2,,0,Huntington,WV,1,173,,,,-5.0,"47,45","38,46",,,,,
ncaab:401000098,ncaab,2017-11-23T01:00Z,final,99,269,LSU,Marquette,84,94,,,,1,,,,,,,,,,2,,0,Maui,HI,1,1619,,,,-10.0,"44,40","46,48",,,,,
ncaab:400990376,ncaab,2017-11-23T01:05Z,final,6,56,South Alabama,Stetson,77,81,,,,0,,,,,,,,,,2,,0,Mobile,AL,1,3,,,,-6.0,"31,39,7","26,44,11",,,,,
ncaab:401001951,ncaab,2017-11-23T01:30Z,final,2348,339,Louisiana Tech,Evansville,63,61,,,,1,,,,,,,,,,2,,0,Cancun,Mexico,1,11,,,,-5.0,"31,32","27,34",,,,,
ncaab:400989613,ncaab,2017-11-23T02:00Z,final,2287,2825,Illinois St,Quincy,86,57,,,,0,,,,,,,,,,2,,0,Normal,IL,1,244,,,,-6.0,"43,43","35,22",,,,,
ncaab:400990601,ncaab,2017-11-23T02:00Z,final,166,36,New Mexico St,Colorado St,89,76,,,,0,,,,,,,,,,2,,0,Las Cruces,NM,1,1191,,,,-7.0,"43,46","36,40",,,,,
ncaab:400987086,ncaab,2017-11-23T02:30Z,final,2541,70,Santa Clara,Idaho,59,69,,,,1,,,,,,,,,,2,,0,Anchorage,AK,1,31,,,,-9.0,"24,35","25,44",,,,,
ncaab:400987963,ncaab,2017-11-23T02:30Z,final,2567,2460,SMU,Northern Iowa,58,61,,,,1,,,,,,,,,,2,,0,Nassau,Bahamas,1,8,,,,-5.0,"23,35","31,30",,,,,
ncaab:400988224,ncaab,2017-11-23T03:00Z,final,30,2329,USC,Lehigh,88,63,,,,0,,,,,,,,,,2,,0,Los Angeles,CA,1,89,,,,-8.0,"44,44","34,29",,,,,
ncaab:400990377,ncaab,2017-11-23T03:00Z,final,2029,326,AR-Pine Bluff,Texas St,54,71,,,,1,,,,,,,,,,2,,0,Stockton,CA,1,4,,,,-8.0,"27,27","39,32",,,,,
ncaab:400991803,ncaab,2017-11-23T03:00Z,final,23,304,San José St,Idaho St,62,54,,,,0,,,,,,,,,,2,,0,San Jose,CA,1,26,,,,-8.0,"22,40","15,39",,,,,
ncaab:400992527,ncaab,2017-11-23T03:00Z,final,27,2703,UC Riverside,Western NM,75,57,,,,0,,,,,,,,,,2,,0,Riverside,CA,1,252,,,,-8.0,"33,42","26,31",,,,,
ncaab:401001883,ncaab,2017-11-23T03:00Z,final,242,145,Rice,Ole Miss,62,79,,,,1,,,,,,,,,,2,,0,Las Vegas,NV,1,610,,,,-8.0,"35,27","40,39",,,,,
ncaab:401000099,ncaab,2017-11-23T03:38Z,final,87,2724,Notre Dame,Wichita St,67,66,,,,1,,,,,,,,,,2,,0,Maui,HI,1,1619,,,,-10.0,"23,44","37,29",,,,,
ncaab:400990600,ncaab,2017-11-23T04:59Z,final,1,2934,AK-Anchorage,Bakersfield,39,59,,,,0,,,,,,,,,,2,,0,Anchorage,AK,1,31,,,,-9.0,"14,25","25,34",,,,,
ncaab:401001884,ncaab,2017-11-23T05:30Z,final,2439,254,UNLV,Utah,85,58,,,,1,,,,,,,,,,2,,0,Las Vegas,NV,1,610,,,,-8.0,"43,42","33,25",,,,,
ncaab:400987193,ncaab,2017-11-23T16:30Z,final,299,142,Long Beach St,Missouri,58,95,,,,1,,,,,,,,,,2,,0,Orlando,FL,1,30,,,,-5.0,"21,37","43,52",,,,,
ncaab:400990602,ncaab,2017-11-23T17:00Z,final,2378,2130,UMBC,Chicago St,84,73,,,,0,,,,,,,,,,2,,0,Baltimore,MD,1,10,,,,-5.0,"44,40","36,37",,,,,
ncaab:401000100,ncaab,2017-11-23T17:30Z,final,222,2633,Villanova,Tennessee,85,76,,,,1,,,,,,,,,,2,,0,Nassau,Bahamas,1,8,,,,-5.0,"34,51","46,30",,,,,
ncaab:400988225,ncaab,2017-11-23T19:00Z,final,204,2599,Oregon St,St John's,77,82,,,,1,,,,,,,,,,2,,0,Orlando,FL,1,30,,,,-5.0,"40,37","37,45",,,,,
ncaab:400991242,ncaab,2017-11-23T19:00Z,final,2261,2464,Hampton,N Arizona,76,66,,,,1,,,,,,,,,,2,,0,Las Vegas,NV,1,610,,,,-8.0,"37,39","25,41",,,,,
ncaab:400988921,ncaab,2017-11-23T19:30Z,final,2506,2447,Presbyterian,Nicholls,64,76,,,,1,,,,,,,,,,2,,0,Baltimore,MD,1,10,,,,-5.0,"37,27","42,34",,,,,
ncaab:400986086,ncaab,2017-11-23T19:35Z,final,153,2501,North Carolina,Portland,102,78,,,,1,,,,,,,,,,2,,0,Portland,OR,1,12,,,,-8.0,"48,54","35,43",,,,,
ncaab:401000101,ncaab,2017-11-23T20:09Z,final,2460,152,Northern Iowa,NC State,64,60,,,,1,,,,,,,,,,2,,0,Nassau,Bahamas,1,8,,,,-5.0,"32,32","32,28",,,,,
ncaab:400991654,ncaab,2017-11-23T21:00Z,final,108,2608,Harvard,Saint Mary's,71,89,,,,1,,,,,,,,,,2,,0,Fullerton,CA,1,50,,,,-8.0,"20,51","46,43",,,,,
ncaab:400986087,ncaab,2017-11-23T21:06Z,final,238,258,Vanderbilt,Virginia,42,68,,,,1,,,,,,,,,,2,,0,Brooklyn,NY,1,15,,,,-5.0,"17,25","43,25",,,,,
ncaab:400986088,ncaab,2017-11-23T21:38Z,final,150,2502,Duke,Portland St,99,81,,,,1,,,,,,,,,,2,,0,Portland,OR,1,12,,,,-8.0,"45,54","49,32",,,,,
ncaab:400988494,ncaab,2017-11-23T22:00Z,final,2752,45,Xavier,G Washington,83,64,,,,1,,,,,,,,,,2,,0,Las Vegas,NV,1,610,,,,-8.0,"43,40","36,28",,,,,
ncaab:400987195,ncaab,2017-11-23T22:05Z,final,201,8,Oklahoma,Arkansas,83,92,,,,1,,,,,,,,,,2,,0,Portland,OR,1,12,,,,-8.0,"45,38","50,42",,,,,
ncaab:400986382,ncaab,2017-11-23T23:00Z,final,158,2116,Nebraska,UCF,59,68,,,,1,,,,,,,,,,2,,0,Orlando,FL,1,30,,,,-5.0,"20,39","36,32",,,,,
ncaab:400988495,ncaab,2017-11-23T23:00Z,final,2550,227,Seton Hall,Rhode Island,74,75,,,,1,,,,,,,,,,2,,0,Brooklyn,NY,1,15,,,,-5.0,"45,29","54,21",,,,,
ncaab:400988226,ncaab,2017-11-23T23:30Z,final,265,2603,Washington St,Saint Joseph's,75,71,,,,1,,,,,,,,,,2,,0,Fullerton,CA,1,50,,,,-8.0,"24,51","38,33",,,,,
ncaab:401000102,ncaab,2017-11-24T00:00Z,final,98,2509,Western KY,Purdue,77,73,,,,1,,,,,,,,,,2,,0,Nassau,Bahamas,1,8,,,,-5.0,"42,35","31,42",,,,,
ncaab:400988496,ncaab,2017-11-24T00:19Z,final,251,2086,Texas,Butler,61,48,,,,1,,,,,,,,,,2,,0,Portland,OR,1,12,,,,-8.0,"22,39","19,29",,,,,
ncaab:400988227,ncaab,2017-11-24T00:30Z,final,2306,9,Kansas St,Arizona St,90,92,,,,1,,,,,,,,,,2,,0,Las Vegas,NV,1,610,,,,-8.0,"44,46","42,50",,,,,
ncaab:400989278,ncaab,2017-11-24T01:30Z,final,2368,277,Marist,West Virginia,78,84,,,,1,,,,,,,,,,2,,0,Orlando,FL,1,30,,,,-5.0,"26,52","39,45",,,,,
ncaab:400987964,ncaab,2017-11-24T02:00Z,final,2483,41,Oregon,UConn,63,71,,,,1,,,,,,,,,,2,,0,Portland,OR,1,12,,,,-8.0,"31,32","38,33",,,,,
ncaab:401000103,ncaab,2017-11-24T02:30Z,final,2567,12,SMU,Arizona,66,60,,,,1,,,,,,,,,,2,,0,Nassau,Bahamas,1,8,,,,-5.0,"30,36","31,29",,,,,
ncaab:401002121,ncaab,2017-11-24T02:30Z,final,2534,232,Sam Houston,Charleston,49,59,,,,1,,,,,,,,,,2,,0,Anchorage,AK,1,31,,,,-9.0,"18,31","25,34",,,,,
ncaab:400987196,ncaab,2017-11-24T03:00Z,final,24,57,Stanford,Florida,87,108,,,,1,,,,,,,,,,2,,0,Portland,OR,1,12,,,,-8.0,"39,48","58,50",,,,,
ncaab:400991073,ncaab,2017-11-24T03:00Z,final,2520,300,Rider,UC Irvine,90,82,,,,1,,,,,,,,,,2,,0,Las Vegas,NV,1,610,,,,-8.0,"40,50","36,46",,,,,
ncaab:400987194,ncaab,2017-11-24T03:30Z,final,2239,61,Fullerton,Georgia,57,64,,,,0,,,,,,,,,,2,,0,Fullerton,CA,1,50,,,,-8.0,"27,30","21,43",,,,,
ncaab:400986381,ncaab,2017-11-24T04:30Z,final,305,127,DePaul,Michigan St,51,73,,,,1,,,,,,,,,,2,,0,Portland,OR,1,12,,,,-8.0,"31,20","31,42",,,,,
ncaab:401002122,ncaab,2017-11-24T04:59Z,final,1,2541,AK-Anchorage,Santa Clara,78,73,,,,0,,,,,,,,,,2,,0,Anchorage,AK,1,31,,,,-9.0,"34,32,12","35,31,7",,,,,
ncaab:400986383,ncaab,2017-11-24T05:37Z,final,2250,194,Gonzaga,Ohio State,86,59,,,,1,,,,,,,,,,2,,0,Portland,OR,1,12,,,,-8.0,"44,42","31,28",,,,,
ncaab:400992969,ncaab,2017-11-24T06:00Z,final,16,21,Sacramento St,San Diego St,52,89,,,,1,,,,,,,,,,2,,0,Fullerton,CA,1,50,,,,-8.0,"14,38","49,40",,,,,
ncaab:400999686,ncaab,2017-11-24T16:00Z,final,2599,142,St John's,Missouri,82,90,,,,1,,,,,,,,,,2,,0,Orlando,FL,1,30,,,,-5.0,"36,46","42,48",,,,,
ncaab:400986387,ncaab,2017-11-24T17:00Z,final,135,113,Minnesota,UMass,69,51,,,,1,,,,,,,,,,2,,0,Brooklyn,NY,1,15,,,,-5.0,"40,29","21,30",,,,,
ncaab:400987965,ncaab,2017-11-24T17:00Z,final,58,2032,South Florida,Arkansas St,72,61,,,,0,,,,,,,,,,2,,0,Tampa,FL,1,1,,,,-5.0,"33,39","30,31",,,,,
ncaab:400989306,ncaab,2017-11-24T17:00Z,final,2437,2635,Omaha,Tennessee Tech,85,86,,,,1,,,,,,,,,,2,,0,Niceville,FL,1,11,,,,-6.0,"35,50","42,44",,,,,
ncaab:401002167,ncaab,2017-11-24T17:00Z,final,2130,2506,Chicago St,Presbyterian,73,75,,,,1,,,,,,,,,,2,,0,Baltimore,MD,1,10,,,,-5.0,"27,46","34,41",,,,,
ncaab:401002169,ncaab,2017-11-24T17:00Z,final,222,2460,Villanova,Northern Iowa,64,50,,,,1,,,,,,,,,,2,,0,Nassau,Bahamas,1,8,,,,-5.0,"32,32","29,21",,,,,
ncaab:400986390,ncaab,2017-11-24T18:00Z,final,164,151,Rutgers,East Carolina,61,47,,,,0,,,,,,,,,,2,,0,Piscataway,NJ,1,30,,,,-5.0,"32,29","21,26",,,,,
ncaab:400988679,ncaab,2017-11-24T18:00Z,final,160,231,New Hampshire,Furman,64,78,,,,1,,,,,,,,,,2,,0,Nashville,TN,1,170,,,,-6.0,"30,34","35,43",,,,,
ncaab:400999678,ncaab,2017-11-24T18:30Z,final,265,2608,Washington St,Saint Mary's,84,79,,,,1,,,,,,,,,,2,,0,Fullerton,CA,1,50,,,,-8.0,"42,42","40,39",,,,,
ncaab:400999687,ncaab,2017-11-24T18:30Z,final,204,299,Oregon St,Long Beach St,69,74,,,,1,,,,,,,,,,2,,0,Orlando,FL,1,30,,,,-5.0,"29,40","29,45",,,,,
ncaab:400988680,ncaab,2017-11-24T19:00Z,final,2535,2545,Samford,SE Louisiana,71,77,,,,0,,,,,,,,,,2,,0,Homewood,AL,1,203,,,,-6.0,"37,34","34,43",,,,,
ncaab:400988922,ncaab,2017-11-24T19:00Z,final,2097,2000,Campbell,Abilene Chrstn,80,85,,,,0,,,,,,,,,,2,,0,Buies Creek,NC,1,63,,,,-5.0,"35,35,10","46,24,15",,,,,
ncaab:401002175,ncaab,2017-11-24T19:00Z,final,2464,300,N Arizona,UC Irvine,71,77,,,,1,,,,,,,,,,2,,0,Las Vegas,NV,1,610,,,,-8.0,"37,34","31,46",,,,,
ncaab:400986850,ncaab,2017-11-24T19:30Z,final,252,333,BYU,Alabama,59,71,,,,1,,,,,,,,,,2,,0,Brooklyn,NY,1,15,,,,-5.0,"31,28","42,29",,,,,
ncaab:400992948,ncaab,2017-11-24T19:30Z,final,2296,2379,Jackson St,MD Eastern,63,66,,,,1,,,,,,,,,,2,,0,Niceville,FL,1,11,,,,-6.0,"37,26","37,29",,,,,
ncaab:401002166,ncaab,2017-11-24T19:30Z,final,2378,2447,UMBC,Nicholls,89,88,,,,0,,,,,,,,,,2,,0,Baltimore,MD,1,10,,,,-5.0,"40,49","35,53",,,,,
ncaab:401002170,ncaab,2017-11-24T19:30Z,final,2633,152,Tennessee,NC State,67,58,,,,1,,,,,,,,,,2,,0,Nassau,Bahamas,1,8,,,,-5.0,"30,37","23,35",,,,,
ncaab:400986314,ncaab,2017-11-24T20:00Z,final,228,2640,Clemson,Texas Southern,84,77,,,,0,,,,,,,,,,2,,0,Clemson,SC,1,221,,,,-5.0,"40,44","36,41",,,,,
ncaab:400986389,ncaab,2017-11-24T20:00Z,final,213,198,Penn State,Oral Roberts,86,48,,,,0,,,,,,,,,,2,,0,University Park,PA,1,348,,,,-5.0,"38,48","19,29",,,,,
ncaab:400988228,ncaab,2017-11-24T20:00Z,final,264,2547,Washington,Seattle U,89,84,,,,0,,,,,,,,,,2,,0,Seattle,WA,1,56,,,,-8.0,"38,51","36,48",,,,,
ncaab:400988923,ncaab,2017-11-24T20:00Z,final,2443,2590,LSU N Orleans,Spring Hill,74,67,,,,0,,,,,,,,,,2,,0,New Orleans,LA,1,0,,,,-6.0,"40,34","20,47",,,,,
ncaab:400990728,ncaab,2017-11-24T20:00Z,final,42,2803,Hartford,Bryant,73,78,,,,0,,,,,,,,,,2,,0,West Hartford,CT,1,40,,,,-5.0,"33,40","42,36",,,,,
ncaab:400999721,ncaab,2017-11-24T20:00Z,final,2086,2502,Butler,Portland St,71,69,,,,1,,,,,,,,,,2,,0,Portland,OR,1,12,,,,-8.0,"38,33","34,35",,,,,
ncaab:400991489,ncaab,2017-11-24T20:30Z,final,111,328,Northeastern,Utah State,67,71,,,,1,,,,,,,,,,2,,0,Nashville,TN,1,170,,,,-6.0,"33,34","32,39",,,,,
ncaab:400999725,ncaab,2017-11-24T20:30Z,final,8,153,Arkansas,North Carolina,68,87,,,,1,,,,,,,,,,2,,0,Portland,OR,1,12,,,,-8.0,"26,42","37,50",,,,,
ncaab:400986092,ncaab,2017-11-24T21:00Z,final,59,249,Georgia Tech,North Texas,63,49,,,,0,,,,,,,,,,2,,0,Atlanta,GA,1,320,,,,-5.0,"22,41","19,30",,,,,
ncaab:400990132,ncaab,2017-11-24T21:00Z,final,172,2649,Cornell,Toledo,80,77,,,,0,,,,,,,,,,2,,0,Ithaca,NY,1,125,,,,-5.0,"46,34","35,42",,,,,
ncaab:400990731,ncaab,2017-11-24T21:00Z,final,2426,2597,Navy,St Francis BK,85,76,,,,1,,,,,,,,,,2,,0,Fort Myers,FL,1,3,,,,-5.0,"33,52","35,41",,,,,
ncaab:400991074,ncaab,2017-11-24T21:00Z,final,315,2010,Niagara,Alabama A&M,96,74,,,,0,,,,,,,,,,2,,0,Niagara Falls,NY,1,187,,,,-5.0,"45,51","37,37",,,,,
ncaab:400999679,ncaab,2017-11-24T21:00Z,final,2603,108,Saint Joseph's,Harvard,71,77,,,,1,,,,,,,,,,2,,0,Fullerton,CA,1,50,,,,-8.0,"28,43","34,43",,,,,
ncaab:400986385,ncaab,2017-11-24T21:30Z,final,84,2199,Indiana,E Michigan,87,67,,,,0,,,,,,,,,,2,,0,Bloomington,IN,1,235,,,,-5.0,"42,45","37,30",,,,,
ncaab:400991075,ncaab,2017-11-24T21:30Z,final,294,2217,Jacksonville,Fairfield,92,84,,,,1,,,,,,,,,,2,,0,Dayton,OH,1,225,,,,-5.0,"58,34","37,47",,,,,
ncaab:400989617,ncaab,2017-11-24T22:00Z,final,2350,350,Loyola Chicago,UNC Wilmington,102,78,,,,1,,,,,,,,,,2,,0,Savannah,GA,1,6,,,,-5.0,"53,49","44,34",,,,,
ncaab:400990305,ncaab,2017-11-24T22:00Z,final,189,2908,Bowling Green,SC Upstate,83,74,,,,1,,,,,,,,,,2,,0,Buies Creek,NC,1,63,,,,-5.0,"46,37","36,38",,,,,
ncaab:400990729,ncaab,2017-11-24T22:00Z,final,325,2115,Cleveland St,C Connecticut,73,74,,,,0,,,,,,,,,,2,,0,Cleveland,OH,1,199,,,,-5.0,"29,44","43,31",,,,,
ncaab:400999688,ncaab,2017-11-24T22:00Z,final,277,2116,West Virginia,UCF,83,45,,,,1,,,,,,,,,,2,,0,Orlando,FL,1,30,,,,-5.0,"43,40","20,25",,,,,
ncaab:400999722,ncaab,2017-11-24T22:30Z,final,251,150,Texas,Duke,78,85,,,,1,,,,,,,,,,2,,0,Portland,OR,1,12,,,,-8.0,"43,30,5","31,42,12",,,,,
ncaab:401002171,ncaab,2017-11-24T22:30Z,final,2752,9,Xavier,Arizona St,86,102,,,,1,,,,,,,,,,2,,0,Las Vegas,NV,1,610,,,,-8.0,"46,40","44,58",,,,,
ncaab:400990730,ncaab,2017-11-24T23:00Z,final,2523,2450,Robert Morris,Norfolk St,75,53,,,,1,,,,,,,,,,2,,0,Little Rock,AR,1,102,,,,-6.0,"31,44","25,28",,,,,
ncaab:400999746,ncaab,2017-11-24T23:00Z,final,201,2501,Oklahoma,Portland,93,71,,,,1,,,,,,,,,,2,,0,Portland,OR,1,12,,,,-8.0,"46,47","31,40",,,,,
ncaab:400989307,ncaab,2017-11-24T23:30Z,final,233,2572,South Dakota,Southern Miss,84,71,,,,1,,,,,,,,,,2,,0,Sioux Falls,SD,1,448,,,,-6.0,"32,52","31,40",,,,,
ncaab:400986089,ncaab,2017-11-25T00:00Z,final,97,2598,Louisville,Saint Francis,84,72,,,,0,,,,,,,,,,2,,0,Louisville,KY,1,142,,,,-5.0,"46,38","35,37",,,,,
ncaab:400986090,ncaab,2017-11-25T00:00Z,final,154,2430,Wake Forest,UNC Greensboro,81,75,,,,0,,,,,,,,,,2,,0,Winston-Salem,NC,1,293,,,,-5.0,"36,45","30,45",,,,,
ncaab:400987198,ncaab,2017-11-25T00:00Z,final,2,2737,Auburn,Winthrop,119,85,,,,0,,,,,,,,,,2,,0,Auburn,AL,1,215,,,,-6.0,"58,61","36,49",,,,,
ncaab:400988681,ncaab,2017-11-25T00:00Z,final,250,2717,UT Arlington,W Carolina,89,65,,,,1,,,,,,,,,,2,,0,Niagara Falls,NY,1,187,,,,-5.0,"46,43","41,24",,,,,
ncaab:400989244,ncaab,2017-11-25T00:00Z,final,2628,167,TCU,New Mexico,69,67,,,,1,,,,,,,,,,2,,0,Niceville,FL,1,11,,,,-6.0,"40,29","33,34",,,,,
ncaab:400989308,ncaab,2017-11-25T00:00Z,final,526,2172,FGCU,Denver,79,71,,,,0,,,,,,,,,,2,,0,Fort Myers,FL,1,3,,,,-5.0,"35,44","32,39",,,,,
ncaab:400990133,ncaab,2017-11-25T00:00Z,final,195,116,Ohio,Mount St Marys,96,77,,,,0,,,,,,,,,,2,,0,Athens,OH,1,219,,,,-5.0,"53,43","40,37",,,,,
ncaab:400992122,ncaab,2017-11-25T00:00Z,final,2739,50,Green Bay,Florida A&M,57,50,,,,0,,,,,,,,,,2,,0,Ashwaubenon,WI,1,185,,,,-6.0,"25,32","31,19",,,,,
ncaab:400992186,ncaab,2017-11-25T00:00Z,final,2750,2241,Wright St,Gardner-Webb,67,47,,,,0,,,,,,,,,,2,,0,Dayton,OH,1,225,,,,-5.0,"34,33","24,23",,,,,
ncaab:400992327,ncaab,2017-11-25T00:00Z,final,2429,2272,Charlotte,High Point,70,67,,,,0,,,,,,,,,,2,,0,Charlotte,NC,1,229,,,,-5.0,"38,32","33,34",,,,,
ncaab:400999680,ncaab,2017-11-25T00:00Z,final,21,61,San Diego St,Georgia,75,68,,,,1,,,,,,,,,,2,,0,Fullerton,CA,1,50,,,,-8.0,"33,42","34,34",,,,,
ncaab:401000105,ncaab,2017-11-25T00:00Z,final,98,2567,Western KY,SMU,63,61,,,,1,,,,,,,,,,2,,0,Nassau,Bahamas,1,8,,,,-5.0,"24,39","29,32",,,,,
ncaab:400986384,ncaab,2017-11-25T00:30Z,final,356,2428,Illinois,NC Central,86,73,,,,0,,,,,,,,,,2,,0,Champaign,IL,1,225,,,,-6.0,"34,52","35,38",,,,,
ncaab:400989618,ncaab,2017-11-25T00:30Z,final,2674,2309,Valparaiso,Kent State,77,67,,,,1,,,,,,,,,,2,,0,Savannah,GA,1,6,,,,-5.0,"34,43","27,40",,,,,
ncaab:400999676,ncaab,2017-11-25T00:30Z,final,227,258,Rhode Island,Virginia,55,70,,,,1,,,,,,,,,,2,,0,Brooklyn,NY,1,15,,,,-5.0,"27,28","30,40",,,,,
ncaab:400999689,ncaab,2017-11-25T00:30Z,final,2368,158,Marist,Nebraska,59,84,,,,1,,,,,,,,,,2,,0,Orlando,FL,1,30,,,,-5.0,"29,30","45,39",,,,,
ncaab:400986091,ncaab,2017-11-25T01:00Z,final,52,2643,Florida St,The Citadel,113,78,,,,0,,,,,,,,,,2,,0,Tallahassee,FL,1,62,,,,-5.0,"52,61","35,43",,,,,
ncaab:400988229,ncaab,2017-11-25T01:00Z,final,254,331,Utah,E Washington,85,69,,,,0,,,,,,,,,,2,,0,Salt Lake City,UT,1,1299,,,,-7.0,"46,39","27,42",,,,,
ncaab:400988925,ncaab,2017-11-25T01:00Z,final,2636,357,UTSA,Texas A&M-CC,72,58,,,,0,,,,,,,,,,2,,0,San Antonio,TX,1,198,,,,-6.0,"41,31","27,31",,,,,
ncaab:400989177,ncaab,2017-11-25T01:00Z,final,2305,2473,Kansas,Oakland,102,59,,,,0,,,,,,,,,,2,,0,Lawrence,KS,1,263,,,,-6.0,"55,47","26,33",,,,,
ncaab:400989616,ncaab,2017-11-25T01:00Z,final,2623,2865,Missouri St,Evangel,80,48,,,,0,,,,,,,,,,2,,0,Springfield,MO,1,396,,,,-6.0,"42,38","23,25",,,,,
ncaab:401002172,ncaab,2017-11-25T01:00Z,final,45,2306,G Washington,Kansas St,59,67,,,,1,,,,,,,,,,2,,0,Las Vegas,NV,1,610,,,,-8.0,"29,30","38,29",,,,,
ncaab:400986388,ncaab,2017-11-25T01:30Z,final,77,2529,Northwestern,Sacred Heart,81,50,,,,0,,,,,,,,,,2,,0,Rosemont,IL,1,194,,,,-6.0,"43,38","31,19",,,,,
ncaab:400990903,ncaab,2017-11-25T01:30Z,final,2197,459,E Illinois,Fontbonne,96,44,,,,0,,,,,,,,,,2,,0,Charleston,IL,1,204,,,,-6.0,"56,40","18,26",,,,,
ncaab:400986391,ncaab,2017-11-25T02:00Z,final,275,270,Wisconsin,Milwaukee,71,49,,,,0,,,,,,,,,,2,,0,Madison,WI,1,267,,,,-6.0,"28,43","23,26",,,,,
ncaab:400986931,ncaab,2017-11-25T02:00Z,final,279,2029,Pacific,AR-Pine Bluff,78,69,,,,0,,,,,,,,,,2,,0,Stockton,CA,1,4,,,,-8.0,"40,38","19,50",,,,,
ncaab:400986956,ncaab,2017-11-25T02:00Z,final,245,2492,Texas A&M,Pepperdine,81,65,,,,0,,,,,,,,,,2,,0,College Station,TX,1,103,,,,-6.0,"41,40","28,37",,,,,
ncaab:400988924,ncaab,2017-11-25T02:00Z,final,36,2466,Colorado St,N'Western St,72,60,,,,0,,,,,,,,,,2,,0,Fort Collins,CO,1,1525,,,,-7.0,"36,36","32,28",,,,,
ncaab:400991243,ncaab,2017-11-25T02:00Z,final,2458,2754,N Colorado,Youngstown St,80,67,,,,1,,,,,,,,,,2,,0,Sioux Falls,SD,1,448,,,,-6.0,"44,36","34,33",,,,,
ncaab:400999723,ncaab,2017-11-25T02:00Z,final,194,24,Ohio State,Stanford,79,71,,,,1,,,,,,,,,,2,,0,Portland,OR,1,12,,,,-8.0,"32,47","32,39",,,,,
ncaab:400986386,ncaab,2017-11-25T02:30Z,final,120,179,Maryland,St Bonaventure,61,63,,,,1,,,,,,,,,,2,,0,Niceville,FL,1,11,,,,-6.0,"31,30","30,33",,,,,
ncaab:400999681,ncaab,2017-11-25T02:30Z,final,16,2239,Sacramento St,Fullerton,63,68,,,,1,,,,,,,,,,2,,0,Fullerton,CA,1,50,,,,-8.0,"23,40","23,45",,,,,
ncaab:400999747,ncaab,2017-11-25T02:30Z,final,305,2483,DePaul,Oregon,79,89,,,,1,,,,,,,,,,2,,0,Portland,OR,1,12,,,,-8.0,"35,40,4","36,39,14",,,,,
ncaab:401000104,ncaab,2017-11-25T02:30Z,final,2509,12,Purdue,Arizona,89,64,,,,1,,,,,,,,,,2,,0,Nassau,Bahamas,1,8,,,,-5.0,"50,39","33,31",,,,,
ncaab:401002123,ncaab,2017-11-25T02:30Z,final,2117,13,C Michigan,Cal Poly,56,53,,,,1,,,,,,,,,,2,,0,Anchorage,AK,1,31,,,,-9.0,"20,36","23,30",,,,,
ncaab:400999677,ncaab,2017-11-25T02:45Z,final,2550,238,Seton Hall,Vanderbilt,72,59,,,,1,,,,,,,,,,2,,0,Brooklyn,NY,1,15,,,,-5.0,"31,41","32,27",,,,,
ncaab:400992532,ncaab,2017-11-25T03:00Z,final,2540,2504,Santa Barbara,Prairie View,69,66,,,,0,,,,,,,,,,2,,0,Santa Barbara,CA,1,15,,,,-8.0,"28,41","30,36",,,,,
ncaab:401002176,ncaab,2017-11-25T03:30Z,final,2261,2520,Hampton,Rider,80,94,,,,1,,,,,,,,,,2,,0,Las Vegas,NV,1,610,,,,-8.0,"42,38","41,53",,,,,
ncaab:400999724,ncaab,2017-11-25T04:00Z,final,2250,57,Gonzaga,Florida,105,111,,,,1,,,,,,,,,,2,,0,Portland,OR,1,12,,,,-8.0,"36,42,17,10","29,49,17,16",,,,,
ncaab:400990378,ncaab,2017-11-25T04:30Z,final,326,2099,Texas St,Canisius,62,68,,,,1,,,,,,,,,,2,,0,Stockton,CA,1,4,,,,-8.0,"24,38","25,43",,,,,
ncaab:400999748,ncaab,2017-11-25T04:59Z,final,127,41,Michigan St,UConn,77,57,,,,1,,,,,,,,,,2,,0,Portland,OR,1,12,,,,-8.0,"28,49","27,30",,,,,
ncaab:401002124,ncaab,2017-11-25T04:59Z,final,2934,70,Bakersfield,Idaho,64,62,,,,1,,,,,,,,,,2,,0,Anchorage,AK,1,31,,,,-9.0,"28,36","32,30",,,,,
ncaab:400991763,ncaab,2017-11-25T06:00Z,final,62,2440,Hawai'i,Nevada,54,67,,,,0,,,,,,,,,,2,,0,Honolulu,HI,1,5,,,,-10.0,"24,30","34,33",,,,,
ncaab:401002194,ncaab,2017-11-25T16:00Z,final,2437,2296,Omaha,Jackson St,73,75,,,,1,,,,,,,,,,2,,0,Niceville,FL,1,11,,,,-6.0,"35,33,5","31,37,7",,,,,
ncaab:400987968,ncaab,2017-11-25T17:00Z,final,202,2110,Tulsa,C Arkansas,92,72,,,,0,,,,,,,,,,2,,0,Tulsa,OK,1,220,,,,-6.0,"47,45","32,40",,,,,
ncaab:400986093,ncaab,2017-11-25T18:00Z,final,259,2413,Virginia Tech,Morehead St,96,63,,,,0,,,,,,,,,,2,,0,Blacksburg,VA,1,633,,,,-5.0,"51,45","23,40",,,,,
ncaab:400989620,ncaab,2017-11-25T18:00Z,final,282,2050,Indiana St,Ball State,85,93,,,,0,,,,,,,,,,2,,0,Terre Haute,IN,1,152,,,,-5.0,"35,50","41,52",,,,,
ncaab:400990732,ncaab,2017-11-25T18:00Z,final,225,112358,Brown,Long Island,94,86,,,,0,,,,,,,,,,2,,0,Providence,RI,1,2,,,,-5.0,"47,47","48,38",,,,,
ncaab:400991546,ncaab,2017-11-25T18:00Z,final,328,160,Utah State,New Hampshire,77,63,,,,1,,,,,,,,,,2,,0,Nashville,TN,1,170,,,,-6.0,"39,38","25,38",,,,,
ncaab:400989990,ncaab,2017-11-25T18:05Z,final,107,399,Holy Cross,UAlbany,62,78,,,,0,,,,,,,,,,2,,0,Worcester,MA,1,147,,,,-5.0,"35,27","43,35",,,,,
ncaab:401002195,ncaab,2017-11-25T18:30Z,final,2635,2379,Tennessee Tech,MD Eastern,90,60,,,,1,,,,,,,,,,2,,0,Niceville,FL,1,11,,,,-6.0,"47,43","27,33",,,,,
ncaab:400986094,ncaab,2017-11-25T19:00Z,final,221,2329,Pitt,Lehigh,80,68,,,,0,,,,,,,,,,2,,0,Pittsburgh,PA,1,233,,,,-5.0,"32,48","27,41",,,,,
ncaab:400988928,ncaab,2017-11-25T19:00Z,final,2400,2545,Miss Valley St,SE Louisiana,59,73,,,,1,,,,,,,,,,2,,0,Homewood,AL,1,203,,,,-6.0,"27,32","46,27",,,,,
ncaab:400989623,ncaab,2017-11-25T19:00Z,final,71,290,Bradley,GA Southern,62,57,,,,0,,,,,,,,,,2,,0,Peoria,IL,1,153,,,,-6.0,"29,33","28,29",,,,,
ncaab:400990304,ncaab,2017-11-25T19:00Z,final,2097,189,Campbell,Bowling Green,72,78,,,,0,,,,,,,,,,2,,0,Buies Creek,NC,1,63,,,,-5.0,"31,41","45,33",,,,,
ncaab:400990540,ncaab,2017-11-25T19:00Z,final,2711,2886,W Michigan,Northwood,88,59,,,,0,,,,,,,,,,2,,0,Kalamazoo,MI,1,239,,,,-5.0,"43,45","27,32",,,,,
ncaab:400991077,ncaab,2017-11-25T19:00Z,final,2561,2275,Siena,Hofstra,85,76,,,,0,,,,,,,,,,2,,0,Albany,NY,1,45,,,,-5.0,"38,47","33,43",,,,,
ncaab:400991590,ncaab,2017-11-25T19:00Z,final,43,261,Yale,Vermont,73,79,,,,0,,,,,,,,,,2,,0,New Haven,CT,1,18,,,,-5.0,"36,37","37,42",,,,,
ncaab:400991612,ncaab,2017-11-25T19:00Z,final,2142,171,Colgate,Columbia,77,71,,,,0,,,,,,,,,,2,,0,Hamilton,NY,1,181,,,,-5.0,"36,41","30,41",,,,,
ncaab:400992104,ncaab,2017-11-25T19:00Z,final,2174,2562,Detroit Mercy,Siena Heights,131,69,,,,0,,,,,,,,,,2,,0,Detroit,MI,1,183,,,,-5.0,"55,76","27,42",,,,,
ncaab:400992343,ncaab,2017-11-25T19:00Z,final,2335,2648,Liberty,Toccoa Falls,96,50,,,,0,,,,,,,,,,2,,0,Lynchburg,VA,1,192,,,,-5.0,"54,42","25,25",,,,,
ncaab:400986851,ncaab,2017-11-25T19:30Z,final,113,252,UMass,BYU,66,68,,,,1,,,,,,,,,,2,,0,Brooklyn,NY,1,15,,,,-5.0,"38,28","28,40",,,,,
ncaab:400991076,ncaab,2017-11-25T19:30Z,final,2217,2241,Fairfield,Gardner-Webb,75,64,,,,1,,,,,,,,,,2,,0,Dayton,OH,1,225,,,,-5.0,"44,31","29,35",,,,,
ncaab:400988683,ncaab,2017-11-25T20:00Z,final,231,111,Furman,Northeastern,78,67,,,,1,,,,,,,,,,2,,0,Nashville,TN,1,170,,,,-6.0,"45,33","32,35",,,,,
ncaab:400989268,ncaab,2017-11-25T20:00Z,final,2641,2542,Texas Tech,Savannah St,103,69,,,,0,,,,,,,,,,2,,0,Lubbock,TX,1,976,,,,-6.0,"44,59","27,42",,,,,
ncaab:400990605,ncaab,2017-11-25T20:00Z,final,155,3084,North Dakota,Utah Valley,75,83,,,,0,,,,,,,,,,2,,0,Grand Forks,ND,1,253,,,,-6.0,"34,33,8","38,29,16",,,,,
ncaab:400986701,ncaab,2017-11-25T21:00Z,final,2390,2454,Miami,North Florida,86,65,,,,0,,,,,,,,,,2,,0,Coral Gables,FL,1,3,,,,-5.0,"38,48","25,40",,,,,
ncaab:400988684,ncaab,2017-11-25T21:00Z,final,2193,2870,ETSU,Purdue FW,83,73,,,,0,,,,,,,,,,2,,0,Johnson City,TN,1,498,,,,-5.0,"52,31","47,26",,,,,
ncaab:400988685,ncaab,2017-11-25T21:00Z,final,44,2678,American,VMI,69,64,,,,0,,,,,,,,,,2,,0,Washington,DC,1,7,,,,-5.0,"35,34","29,35",,,,,
ncaab:400988926,ncaab,2017-11-25T21:00Z,final,2377,2573,McNeese,Southern NO,103,79,,,,0,,,,,,,,,,2,,0,Lake Charles,LA,1,4,,,,-6.0,"56,47","34,45",,,,,
ncaab:400989309,ncaab,2017-11-25T21:00Z,final,2597,2172,St Francis BK,Denver,50,60,,,,1,,,,,,,,,,2,,0,Fort Myers,FL,1,3,,,,-5.0,"29,21","28,32",,,,,
ncaab:400990379,ncaab,2017-11-25T21:00Z,final,2031,2523,Little Rock,Robert Morris,64,78,,,,0,,,,,,,,,,2,,0,Little Rock,AR,1,102,,,,-6.0,"29,35","35,43",,,,,
ncaab:400991415,ncaab,2017-11-25T21:00Z,final,2885,2182,NJIT,Drexel,65,53,,,,0,,,,,,,,,,2,,0,Newark,NJ,1,9,,,,-5.0,"31,34","34,19",,,,,
ncaab:400991467,ncaab,2017-11-25T21:00Z,final,2515,256,Radford,James Madison,69,68,,,,0,,,,,,,,,,2,,0,Radford,VA,1,567,,,,-5.0,"38,31","34,34",,,,,
ncaab:400992703,ncaab,2017-11-25T21:00Z,final,2065,3244,Bethune,Florida Col,95,67,,,,0,,,,,,,,,,2,,0,Daytona Beach,FL,1,4,,,,-5.0,"51,44","29,38",,,,,
ncaab:400994186,ncaab,2017-11-25T21:00Z,final,2169,111179,Delaware St,Georgian Court,68,55,,,,0,,,,,,,,,,2,,0,Dover,DE,1,9,,,,-5.0,"35,33","29,26",,,,,
ncaab:401002183,ncaab,2017-11-25T21:00Z,final,2541,2534,Santa Clara,Sam Houston,59,73,,,,1,,,,,,,,,,2,,0,Seattle,WA,1,56,,,,-8.0,"17,42","36,37",,,,,
ncaab:401002353,ncaab,2017-11-25T21:00Z,final,120,167,Maryland,New Mexico,80,65,,,,1,,,,,,,,,,2,,0,Niceville,FL,1,11,,,,-6.0,"46,34","28,37",,,,,
ncaab:401002382,ncaab,2017-11-25T21:00Z,final,2717,2010,W Carolina,Alabama A&M,82,72,,,,1,,,,,,,,,,2,,0,Niagara Falls,NY,1,187,,,,-5.0,"45,37","33,39",,,,,
ncaab:400988497,ncaab,2017-11-25T21:30Z,final,156,2565,Creighton,SIUE,103,66,,,,0,,,,,,,,,,2,,0,Omaha,NE,1,323,,,,-6.0,"43,60","33,33",,,,,
ncaab:400986392,ncaab,2017-11-25T22:00Z,final,333,135,Alabama,Minnesota,84,89,,,,1,,,,,,,,,,2,,0,Brooklyn,NY,1,15,,,,-5.0,"29,55","41,48",,,,,
ncaab:400988927,ncaab,2017-11-25T22:00Z,final,2000,2908,Abilene Chrstn,SC Upstate,78,88,,,,1,,,,,,,,,,2,,0,Buies Creek,NC,1,63,,,,-5.0,"37,41","42,46",,,,,
ncaab:400989624,ncaab,2017-11-25T22:00Z,final,2309,2350,Kent State,Loyola Chicago,60,75,,,,1,,,,,,,,,,2,,0,Savannah,GA,1,6,,,,-5.0,"30,30","31,44",,,,,
ncaab:400990905,ncaab,2017-11-25T22:00Z,final,2198,2036,E Kentucky,Asbury,99,71,,,,0,,,,,,,,,,2,,0,Richmond,KY,1,289,,,,-5.0,"39,60","33,38",,,,,
ncaab:400991877,ncaab,2017-11-25T22:00Z,final,2750,294,Wright St,Jacksonville,68,44,,,,0,,,,,,,,,,2,,0,Dayton,OH,1,225,,,,-5.0,"41,27","28,16",,,,,
ncaab:400992194,ncaab,2017-11-25T22:00Z,final,2754,2572,Youngstown St,Southern Miss,64,71,,,,1,,,,,,,,,,2,,0,Sioux Falls,SD,1,448,,,,-6.0,"29,35","32,39",,,,,
ncaab:400987967,ncaab,2017-11-25T23:00Z,final,235,94,Memphis,N Kentucky,76,74,,,,0,,,,,,,,,,2,,0,Memphis,TN,1,78,,,,-6.0,"31,45","40,34",,,,,
ncaab:400988498,ncaab,2017-11-25T23:00Z,final,257,46,Richmond,Georgetown,76,82,,,,0,,,,,,,,,,2,,0,Richmond,VA,1,64,,,,-5.0,"39,37","40,42",,,,,
ncaab:400992862,ncaab,2017-11-25T23:00Z,final,2016,3099,Alcorn St,Concordia (AL),103,56,,,,0,,,,,,,,,,2,,0,Lorman,MS,1,66,,,,-6.0,"46,57","26,30",,,,,
ncaab:401002184,ncaab,2017-11-25T23:30Z,final,1,232,AK-Anchorage,Charleston,46,55,,,,1,,,,,,,,,,2,,0,Seattle,WA,1,56,,,,-8.0,"21,25","26,29",,,,,
ncaab:400988682,ncaab,2017-11-26T00:00Z,final,236,2632,Chattanooga,TN Wesleyan,95,60,,,,0,,,,,,,,,,2,,0,Chattanooga,TN,1,206,,,,-5.0,"43,52","21,39",,,,,
ncaab:400989779,ncaab,2017-11-26T00:00Z,final,2026,2166,App State,Davidson,78,62,,,,0,,,,,,,,,,2,,0,Boone,NC,1,981,,,,-5.0,"36,42","23,39",,,,,
ncaab:400989813,ncaab,2017-11-26T00:00Z,final,2168,2006,Dayton,Akron,73,60,,,,0,,,,,,,,,,2,,0,Dayton,OH,1,225,,,,-5.0,"32,41","37,23",,,,,
ncaab:400990904,ncaab,2017-11-26T00:00Z,final,338,2634,Kennesaw St,Tennessee St,74,77,,,,0,,,,,,,,,,2,,0,Kennesaw,GA,1,332,,,,-5.0,"26,43,5","32,37,8",,,,,
ncaab:400991078,ncaab,2017-11-26T00:00Z,final,2405,219,Monmouth,Penn,96,101,,,,0,,,,,,,,,,2,,0,West Long Branch,NJ,1,9,,,,-5.0,"31,33,7,7,11,7","45,19,7,7,11,12",,,,,
ncaab:400991511,ncaab,2017-11-26T00:00Z,final,2729,295,William & Mary,Old Dominion,79,77,,,,0,,,,,,,,,,2,,0,Williamsburg,VA,1,25,,,,-5.0,"27,52","34,43",,,,,
ncaab:400991853,ncaab,2017-11-26T00:00Z,final,526,2426,FGCU,Navy,70,54,,,,0,,,,,,,,,,2,,0,Fort Myers,FL,1,3,,,,-5.0,"28,42","26,28",,,,,
ncaab:401002354,ncaab,2017-11-26T00:00Z,final,179,2628,St Bonaventure,TCU,79,89,,,,1,,,,,,,,,,2,,0,Niceville,FL,1,11,,,,-6.0,"36,43","41,48",,,,,
ncaab:401002381,ncaab,2017-11-26T00:00Z,final,315,250,Niagara,UT Arlington,90,95,,,,0,,,,,,,,,,2,,0,Niagara Falls,NY,1,187,,,,-5.0,"50,40","46,49",,,,,
ncaab:400989310,ncaab,2017-11-26T00:30Z,final,2458,233,N Colorado,South Dakota,63,62,,,,1,,,,,,,,,,2,,0,Sioux Falls,SD,1,448,,,,-6.0,"27,36","22,40",,,,,
ncaab:400989622,ncaab,2017-11-26T00:30Z,final,2674,350,Valparaiso,UNC Wilmington,79,70,,,,1,,,,,,,,,,2,,0,Savannah,GA,1,6,,,,-5.0,"35,44","35,35",,,,,
ncaab:400992552,ncaab,2017-11-26T00:30Z,final,242,3170,Rice,St Thomas TX,70,59,,,,0,,,,,,,,,,2,,0,Houston,TX,1,12,,,,-6.0,"35,35","30,29",,,,,
ncaab:400986310,ncaab,2017-11-26T01:00Z,final,2507,103,Providence,Boston College,86,66,,,,0,,,,,,,,,,2,,0,Providence,RI,1,2,,,,-5.0,"44,42","35,31",,,,,
ncaab:400987966,ncaab,2017-11-26T01:00Z,final,248,2916,Houston,Incarnate Word,97,58,,,,0,,,,,,,,,,2,,0,Houston,TX,1,12,,,,-6.0,"44,53","30,28",,,,,
ncaab:400989153,ncaab,2017-11-26T01:00Z,final,66,2710,Iowa State,W Illinois,70,45,,,,0,,,,,,,,,,2,,0,Ames,IA,1,287,,,,-6.0,"29,41","25,20",,,,,
ncaab:400989311,ncaab,2017-11-26T01:00Z,final,2449,56,N Dakota St,Stetson,94,58,,,,0,,,,,,,,,,2,,0,Fargo,ND,1,276,,,,-6.0,"42,52","32,26",,,,,
ncaab:400989621,ncaab,2017-11-26T01:00Z,final,93,79,Murray St,S Illinois,81,73,,,,0,,,,,,,,,,2,,0,Murray,KY,1,163,,,,-6.0,"31,50","37,36",,,,,
ncaab:400990603,ncaab,2017-11-26T01:00Z,final,292,2755,UT Rio Grande,Grambling,76,82,,,,0,,,,,,,,,,2,,0,Edinburg,TX,1,30,,,,-6.0,"34,42","25,57",,,,,
ncaab:400986907,ncaab,2017-11-26T02:00Z,final,68,2351,Boise St,LMU,68,48,,,,0,,,,,,,,,,2,,0,Boise,ID,1,823,,,,-7.0,"29,39","26,22",,,,,
ncaab:400986932,ncaab,2017-11-26T02:00Z,final,279,326,Pacific,Texas St,78,85,,,,0,,,,,,,,,,2,,0,Stockton,CA,1,4,,,,-8.0,"26,52","36,49",,,,,
ncaab:400986994,ncaab,2017-11-26T02:00Z,final,2253,301,Grand Canyon,San Diego,62,72,,,,0,,,,,,,,,,2,,0,Phoenix,AZ,1,331,,,,-7.0,"35,27","34,38",,,,,
ncaab:400989619,ncaab,2017-11-26T02:00Z,final,2287,2127,Illinois St,Charleston So,62,64,,,,0,,,,,,,,,,2,,0,Normal,IL,1,244,,,,-6.0,"34,25,3","33,26,5",,,,,
ncaab:400990604,ncaab,2017-11-26T02:00Z,final,166,2638,New Mexico St,UTEP,72,63,,,,0,,,,,,,,,,2,,0,Las Cruces,NM,1,1191,,,,-7.0,"29,43","22,41",,,,,
ncaab:400991244,ncaab,2017-11-26T02:00Z,final,2692,2069,Weber St,Black Hills St,105,52,,,,0,,,,,,,,,,2,,0,Ogden,UT,1,1311,,,,-7.0,"58,47","35,17",,,,,
ncaab:401002361,ncaab,2017-11-26T02:30Z,final,70,13,Idaho,Cal Poly,75,66,,,,1,,,,,,,,,,2,,0,Seattle,WA,1,56,,,,-8.0,"37,38","28,38",,,,,
ncaab:400991245,ncaab,2017-11-26T03:00Z,final,2439,253,UNLV,Southern Utah,101,82,,,,0,,,,,,,,,,2,,0,Las Vegas,NV,1,610,,,,-8.0,"50,51","38,44",,,,,
ncaab:400991079,ncaab,2017-11-26T04:30Z,final,2029,2099,AR-Pine Bluff,Canisius,58,81,,,,1,,,,,,,,,,2,,0,Stockton,CA,1,4,,,,-8.0,"23,35","42,39",,,,,
ncaab:401002362,ncaab,2017-11-26T04:59Z,final,2934,2117,Bakersfield,C Michigan,72,75,,,,1,,,,,,,,,,2,,0,Seattle,WA,1,56,,,,-8.0,"36,36","39,36",,,,,
ncaab:400987969,ncaab,2017-11-26T17:00Z,final,2247,2655,Georgia St,Tulane,70,59,,,,0,,,,,,,,,,2,,0,Atlanta,GA,1,320,,,,-5.0,"28,42","25,34",,,,,
ncaab:400989312,ncaab,2017-11-26T17:00Z,final,2172,2426,Denver,Navy,71,79,,,,1,,,,,,,,,,2,,0,Fort Myers,FL,1,3,,,,-5.0,"22,49","37,42",,,,,
ncaab:400992553,ncaab,2017-11-26T17:00Z,final,2572,2458,Southern Miss,N Colorado,63,77,,,,1,,,,,,,,,,2,,0,Sioux Falls,SD,1,448,,,,-6.0,"32,31","28,49",,,,,
ncaab:400999690,ncaab,2017-11-26T17:00Z,final,2116,2599,UCF,St John's,43,46,,,,1,,,,,,,,,,2,,0,Orlando,FL,1,30,,,,-5.0,"23,20","22,24",,,,,
ncaab:400988929,ncaab,2017-11-26T18:00Z,final,189,2000,Bowling Green,Abilene Chrstn,83,88,,,,1,,,,,,,,,,2,,0,Buies Creek,NC,1,63,,,,-5.0,"36,47","44,44",,,,,
ncaab:400991878,ncaab,2017-11-26T18:00Z,final,2241,294,Gardner-Webb,Jacksonville,99,106,,,,1,,,,,,,,,,2,,0,Dayton,OH,1,225,,,,-5.0,"37,39,7,5,11","36,40,7,5,18",,,,,
ncaab:401001002,ncaab,2017-11-26T18:00Z,final,2250,251,Gonzaga,Texas,76,71,,,,1,,,,,,,,,,2,,0,Portland,OR,1,12,,,,-8.0,"42,25,9","28,39,4",,,,,
ncaab:401001003,ncaab,2017-11-26T18:00Z,final,2483,201,Oregon,Oklahoma,80,90,,,,1,,,,,,,,,,2,,0,Portland,OR,1,12,,,,-8.0,"40,40","48,42",,,,,
ncaab:400988687,ncaab,2017-11-26T19:00Z,final,2382,3171,Mercer,Hiwassee,90,53,,,,0,,,,,,,,,,2,,0,Macon,GA,1,112,,,,-5.0,"51,39","32,21",,,,,
ncaab:400989860,ncaab,2017-11-26T19:00Z,final,2230,2363,Fordham,Manhattan,70,57,,,,0,,,,,,,,,,2,,0,Bronx,NY,1,28,,,,-5.0,"31,39","23,34",,,,,
ncaab:400990017,ncaab,2017-11-26T19:00Z,final,2066,173,Binghamton,Hartwick,97,65,,,,0,,,,,,,,,,2,,0,Binghamton,NY,1,264,,,,-5.0,"45,52","36,29",,,,,
ncaab:400990734,ncaab,2017-11-26T19:00Z,final,161,163,FDU,Princeton,76,83,,,,0,,,,,,,,,,2,,0,Hackensack,NJ,1,6,,,,-5.0,"27,49","49,34",,,,,
ncaab:400990736,ncaab,2017-11-26T19:00Z,final,42,2681,Hartford,Wagner,50,72,,,,0,,,,,,,,,,2,,0,West Hartford,CT,1,40,,,,-5.0,"28,22","32,40",,,,,
ncaab:400991080,ncaab,2017-11-26T19:00Z,final,2514,311,Quinnipiac,Maine,72,78,,,,0,,,,,,,,,,2,,0,Hamden,CT,1,31,,,,-5.0,"23,49","46,32",,,,,
ncaab:400991082,ncaab,2017-11-26T19:00Z,final,322,2612,Lafayette,Saint Peter's,82,86,,,,0,,,,,,,,,,2,,0,Easton,PA,1,97,,,,-5.0,"35,47","38,48",,,,,
ncaab:400991560,ncaab,2017-11-26T19:00Z,final,2619,2083,Stony Brook,Bucknell,76,85,,,,0,,,,,,,,,,2,,0,Stony Brook,NY,1,27,,,,-5.0,"31,45","40,45",,,,,
ncaab:400991572,ncaab,2017-11-26T19:00Z,final,2349,2352,UMass Lowell,Loyola MD,83,75,,,,0,,,,,,,,,,2,,0,Lowell,MA,1,36,,,,-5.0,"40,43","45,30",,,,,
ncaab:400999682,ncaab,2017-11-26T19:30Z,final,16,2603,Sacramento St,Saint Joseph's,69,74,,,,1,,,,,,,,,,2,,0,Fullerton,CA,1,50,,,,-8.0,"36,33","32,42",,,,,
ncaab:400999691,ncaab,2017-11-26T19:31Z,final,158,299,Nebraska,Long Beach St,85,80,,,,1,,,,,,,,,,2,,0,Orlando,FL,1,30,,,,-5.0,"49,36","40,40",,,,,
ncaab:400987200,ncaab,2017-11-26T20:00Z,final,344,55,Mississippi St,Jax State,59,56,,,,0,,,,,,,,,,2,,0,Starkville,MS,1,101,,,,-6.0,"25,34","29,27",,,,,
ncaab:400988688,ncaab,2017-11-26T20:00Z,final,2535,2400,Samford,Miss Valley St,83,70,,,,0,,,,,,,,,,2,,0,Homewood,AL,1,203,,,,-6.0,"43,40","29,41",,,,,
ncaab:400988930,ncaab,2017-11-26T20:00Z,final,197,2277,Oklahoma St,Hou Christian,101,74,,,,0,,,,,,,,,,2,,0,Stillwater,OK,1,273,,,,-6.0,"52,49","30,44",,,,,
ncaab:400988931,ncaab,2017-11-26T20:00Z,final,2617,50,SF Austin,Florida A&M,79,63,,,,0,,,,,,,,,,2,,0,Nacogdoches,TX,1,92,,,,-6.0,"29,50","30,33",,,,,
ncaab:400989313,ncaab,2017-11-26T20:00Z,final,233,2754,South Dakota,Youngstown St,81,53,,,,1,,,,,,,,,,2,,0,Sioux Falls,SD,1,448,,,,-6.0,"45,36","24,29",,,,,
ncaab:400989359,ncaab,2017-11-26T20:00Z,final,2571,512,S Dakota St,Dakota St,92,60,,,,0,,,,,,,,,,2,,0,Brookings,SD,1,494,,,,-6.0,"45,47","29,31",,,,,
ncaab:400989625,ncaab,2017-11-26T20:00Z,final,2181,2130,Drake,Chicago St,79,67,,,,0,,,,,,,,,,2,,0,Des Moines,IA,1,266,,,,-6.0,"35,44","34,33",,,,,
ncaab:400990134,ncaab,2017-11-26T20:00Z,final,2046,193,Austin Peay,Miami OH,86,61,,,,0,,,,,,,,,,2,,0,Clarksville,TN,1,145,,,,-6.0,"51,35","29,32",,,,,
ncaab:400990906,ncaab,2017-11-26T20:00Z,final,2546,2428,SE Missouri,NC Central,70,77,,,,0,,,,,,,,,,2,,0,Cape Girardeau,MO,1,108,,,,-6.0,"32,38","41,36",,,,,
ncaab:400991246,ncaab,2017-11-26T20:00Z,final,278,147,Fresno St,Montana St,80,67,,,,0,,,,,,,,,,2,,0,Fresno,CA,1,94,,,,-8.0,"37,43","35,32",,,,,
ncaab:400992358,ncaab,2017-11-26T20:00Z,final,2344,286,Longwood,NC Wesleyan,107,78,,,,0,,,,,,,,,,2,,0,Farmville,VA,1,90,,,,-5.0,"55,52","33,45",,,,,
ncaab:400991081,ncaab,2017-11-26T20:30Z,final,2750,2217,Wright St,Fairfield,57,56,,,,0,,,,,,,,,,2,,0,Dayton,OH,1,225,,,,-5.0,"36,21","29,27",,,,,
ncaab:401000999,ncaab,2017-11-26T20:38Z,final,194,2086,Ohio State,Butler,66,67,,,,1,,,,,,,,,,2,,0,Portland,OR,1,12,,,,-8.0,"24,35,7","21,38,8",,,,,
ncaab:401001026,ncaab,2017-11-26T20:44Z,final,41,8,UConn,Arkansas,67,102,,,,1,,,,,,,,,,2,,0,Portland,OR,1,12,,,,-8.0,"31,36","45,57",,,,,
ncaab:400986393,ncaab,2017-11-26T21:00Z,final,130,27,Michigan,UC Riverside,87,42,,,,0,,,,,,,,,,2,,0,Ann Arbor,MI,1,269,,,,-5.0,"41,46","17,25",,,,,
ncaab:400987970,ncaab,2017-11-26T21:00Z,final,151,2448,East Carolina,NC A&T,81,87,,,,0,,,,,,,,,,2,,0,Greenville,NC,1,18,,,,-5.0,"40,41","43,44",,,,,
ncaab:400987972,ncaab,2017-11-26T21:00Z,final,58,2199,South Florida,E Michigan,47,65,,,,0,,,,,,,,,,2,,0,Tampa,FL,1,1,,,,-5.0,"29,18","27,38",,,,,
ncaab:400988230,ncaab,2017-11-26T21:00Z,final,38,2005,Colorado,Air Force,81,69,,,,0,,,,,,,,,,2,,0,Boulder,CO,1,1624,,,,-7.0,"33,48","34,35",,,,,
ncaab:400990380,ncaab,2017-11-26T21:00Z,final,2433,2892,UL Monroe,Rust,104,46,,,,0,,,,,,,,,,2,,0,Monroe,LA,1,23,,,,-6.0,"51,53","33,13",,,,,
ncaab:400990381,ncaab,2017-11-26T21:00Z,final,2031,2450,Little Rock,Norfolk St,70,55,,,,0,,,,,,,,,,2,,0,Little Rock,AR,1,102,,,,-6.0,"39,31","23,32",,,,,
ncaab:400991944,ncaab,2017-11-26T21:00Z,final,2097,2908,Campbell,SC Upstate,93,74,,,,0,,,,,,,,,,2,,0,Buies Creek,NC,1,63,,,,-5.0,"43,50","46,28",,,,,
ncaab:400991995,ncaab,2017-11-26T21:00Z,final,104,111242,Boston U,Wheaton (MA),83,48,,,,0,,,,,,,,,,2,,0,Boston,MA,1,14,,,,-5.0,"43,40","22,26",,,,,
ncaab:400992554,ncaab,2017-11-26T21:00Z,final,5,2401,UAB,Miss College,90,53,,,,0,,,,,,,,,,2,,0,Birmingham,AL,1,187,,,,-6.0,"52,38","16,37",,,,,
ncaab:400992555,ncaab,2017-11-26T21:00Z,final,276,2148,Marshall,Concord,106,70,,,,0,,,,,,,,,,2,,0,Huntington,WV,1,173,,,,-5.0,"55,51","36,34",,,,,
ncaab:400988932,ncaab,2017-11-26T21:05Z,final,6,2443,South Alabama,LSU N Orleans,55,52,,,,0,,,,,,,,,,2,,0,Mobile,AL,1,3,,,,-6.0,"34,21","23,29",,,,,
ncaab:400988686,ncaab,2017-11-26T21:30Z,final,2427,2747,UNC Asheville,Wofford,85,65,,,,0,,,,,,,,,,2,,0,Asheville,NC,1,649,,,,-5.0,"33,52","29,36",,,,,
ncaab:400990135,ncaab,2017-11-26T21:30Z,final,2459,2524,N Illinois,Rockford,105,53,,,,0,,,,,,,,,,2,,0,Dekalb,IL,1,268,,,,-6.0,"48,57","21,32",,,,,
ncaab:400987971,ncaab,2017-11-26T22:00Z,final,2325,218,La Salle,Temple,87,83,,,,0,,,,,,,,,,2,,0,Philadelphia,PA,1,12,,,,-5.0,"37,50","43,40",,,,,
ncaab:400990606,ncaab,2017-11-26T22:00Z,final,2630,140,UT Martin,Kansas City,55,65,,,,0,,,,,,,,,,2,,0,Martin,TN,1,124,,,,-6.0,"27,28","43,22",,,,,
ncaab:400999683,ncaab,2017-11-26T22:00Z,final,61,2608,Georgia,Saint Mary's,83,81,,,,1,,,,,,,,,,2,,0,Fullerton,CA,1,50,,,,-8.0,"35,36,12","34,37,10",,,,,
ncaab:400986933,ncaab,2017-11-26T23:00Z,final,279,2099,Pacific,Canisius,80,58,,,,0,,,,,,,,,,2,,0,Stockton,CA,1,4,,,,-8.0,"47,33","28,30",,,,,
ncaab:400987201,ncaab,2017-11-26T23:00Z,final,96,82,Kentucky,UIC,107,73,,,,0,,,,,,,,,,2,,0,Lexington,KY,1,295,,,,-5.0,"52,55","35,38",,,,,
ncaab:400988231,ncaab,2017-11-26T23:00Z,final,26,300,UCLA,UC Irvine,87,63,,,,0,,,,,,,,,,2,,0,Los Angeles,CA,1,89,,,,-8.0,"38,49","29,34",,,,,
ncaab:400990733,ncaab,2017-11-26T23:00Z,final,2803,225,Bryant,Brown,67,81,,,,0,,,,,,,,,,2,,0,Smithfield,RI,1,84,,,,-5.0,"36,31","40,41",,,,,
ncaab:400990735,ncaab,2017-11-26T23:00Z,final,526,2597,FGCU,St Francis BK,75,51,,,,0,,,,,,,,,,2,,0,Fort Myers,FL,1,3,,,,-5.0,"35,40","18,33",,,,,
ncaab:400991824,ncaab,2017-11-26T23:00Z,final,2751,2424,Wyoming,NM Highlands,83,70,,,,0,,,,,,,,,,2,,0,Laramie,WY,1,2184,,,,-7.0,"36,47","29,41",,,,,
ncaab:400992395,ncaab,2017-11-27T00:00Z,final,2737,2569,Winthrop,SC State,86,61,,,,0,,,,,,,,,,2,,0,Rock Hill,SC,1,207,,,,-5.0,"43,43","31,30",,,,,
ncaab:400999693,ncaab,2017-11-27T00:00Z,final,2368,204,Marist,Oregon St,46,65,,,,1,,,,,,,,,,2,,0,Orlando,FL,1,30,,,,-5.0,"25,21","28,37",,,,,
ncaab:401001004,ncaab,2017-11-27T00:00Z,final,305,2501,DePaul,Portland,82,69,,,,1,,,,,,,,,,2,,0,Portland,OR,1,12,,,,-8.0,"49,33","33,36",,,,,
ncaab:400988232,ncaab,2017-11-27T01:00Z,final,264,302,Washington,UC Davis,77,70,,,,0,,,,,,,,,,2,,0,Seattle,WA,1,56,,,,-8.0,"34,43","37,33",,,,,
ncaab:401001005,ncaab,2017-11-27T01:30Z,final,127,153,Michigan St,North Carolina,63,45,,,,1,,,,,,,,,,2,,0,Portland,OR,1,12,,,,-8.0,"37,26","23,22",,,,,
ncaab:401000090,ncaab,2017-11-27T02:00Z,final,149,2104,Montana,Carroll (MT),86,75,,,,0,,,,,,,,,,2,,0,Missoula,MT,1,978,,,,-7.0,"46,40","42,33",,,,,
ncaab:400999684,ncaab,2017-11-27T02:30Z,final,2239,108,Fullerton,Harvard,70,61,,,,0,,,,,,,,,,2,,0,Fullerton,CA,1,50,,,,-8.0,"32,38","30,31",,,,,
ncaab:400999692,ncaab,2017-11-27T02:30Z,final,277,142,West Virginia,Missouri,83,79,,,,1,,,,,,,,,,2,,0,Orlando,FL,1,30,,,,-5.0,"36,47","41,38",,,,,
ncaab:401001000,ncaab,2017-11-27T02:30Z,final,24,2502,Stanford,Portland St,78,87,,,,1,,,,,,,,,,2,,0,Portland,OR,1,12,,,,-8.0,"44,34","35,52",,,,,
ncaab:400987199,ncaab,2017-11-27T03:00Z,final,30,245,USC,Texas A&M,59,75,,,,0,,,,,,,,,,2,,0,Los Angeles,CA,1,89,,,,-8.0,"31,28","38,37",,,,,
ncaab:401001001,ncaab,2017-11-27T04:06Z,final,57,150,Florida,Duke,84,87,,,,1,,,,,,,,,,2,,0,Portland,OR,1,12,,,,-8.0,"53,31","49,38",,,,,
ncaab:400999685,ncaab,2017-11-27T04:59Z,final,21,265,San Diego St,Washington St,86,93,,,,1,,,,,,,,,,2,,0,Fullerton,CA,1,50,,,,-8.0,"43,43","46,47",,,,,
ncaab:401000088,ncaab,2017-11-27T17:00Z,final,2378,2828,UMBC,Shenandoah,88,59,,,,0,,,,,,,,,,2,,0,Baltimore,MD,1,10,,,,-5.0,"40,48","37,22",,,,,
ncaab:400991502,ncaab,2017-11-27T23:00Z,final,119,117,Towson,St Mary's (MD),90,57,,,,0,,,,,,,,,,2,,0,Towson,MD,1,141,,,,-5.0,"49,41","28,29",,,,,
ncaab:400986095,ncaab,2017-11-28T00:00Z,final,183,120,Syracuse,Maryland,72,70,,,,0,,,,,,,,,,2,,0,Syracuse,NY,1,121,,,,-5.0,"36,36","35,35",,,,,
ncaab:400987202,ncaab,2017-11-28T00:00Z,final,2229,2579,FIU,South Carolina,61,78,,,,0,,,,,,,,,,2,,0,Miami,FL,1,2,,,,-5.0,"36,25","38,40",,,,,
ncaab:400987973,ncaab,2017-11-28T00:00Z,final,2132,2011,Cincinnati,Alabama St,83,51,,,,0,,,,,,,,,,2,,0,Highland Heights,KY,1,260,,,,-5.0,"46,37","26,25",,,,,
ncaab:400989838,ncaab,2017-11-28T00:00Z,final,2184,172,Duquesne,Cornell,71,78,,,,0,,,,,,,,,,2,,0,Pittsburgh,PA,1,233,,,,-5.0,"35,36","32,46",,,,,
ncaab:400989991,ncaab,2017-11-28T00:00Z,final,2405,399,Monmouth,UAlbany,81,73,,,,0,,,,,,,,,,2,,0,West Long Branch,NJ,1,9,,,,-5.0,"29,52","38,35",,,,,
ncaab:400990737,ncaab,2017-11-28T00:00Z,final,116,2415,Mount St Marys,Morgan St,63,69,,,,0,,,,,,,,,,2,,0,Emmitsburg,MD,1,133,,,,-5.0,"31,32","32,37",,,,,
ncaab:400991083,ncaab,2017-11-28T00:00Z,final,315,349,Niagara,Army,77,71,,,,0,,,,,,,,,,2,,0,Niagara Falls,NY,1,187,,,,-5.0,"33,44","40,31",,,,,
ncaab:400991394,ncaab,2017-11-28T00:00Z,final,48,43,Delaware,Yale,66,76,,,,0,,,,,,,,,,2,,0,Newark,DE,1,38,,,,-5.0,"25,41","46,30",,,,,
ncaab:400992344,ncaab,2017-11-28T00:00Z,final,2335,47,Liberty,Howard,75,55,,,,0,,,,,,,,,,2,,0,Lynchburg,VA,1,192,,,,-5.0,"39,36","20,35",,,,,
ncaab:400992557,ncaab,2017-11-28T00:00Z,final,295,2379,Old Dominion,MD Eastern,83,44,,,,0,,,,,,,,,,2,,0,Norfolk,VA,1,2,,,,-5.0,"37,46","14,30",,,,,
ncaab:400992936,ncaab,2017-11-28T00:00Z,final,2261,2605,Hampton,Saint Leo,72,56,,,,0,,,,,,,,,,2,,0,Hampton,VA,1,1,,,,-5.0,"33,39","33,23",,,,,
ncaab:400990907,ncaab,2017-11-28T00:30Z,final,2057,288,Belmont,Lipscomb,66,74,,,,0,,,,,,,,,,2,,0,Nashville,TN,1,170,,,,-6.0,"26,40","26,48",,,,,
ncaab:400988499,ncaab,2017-11-28T01:00Z,final,269,2197,Marquette,E Illinois,86,83,,,,0,,,,,,,,,,2,,0,Milwaukee,WI,1,188,,,,-6.0,"35,33,18","38,30,15",,,,,
ncaab:400988933,ncaab,2017-11-28T01:00Z,final,2110,2413,C Arkansas,Morehead St,82,78,,,,0,,,,,,,,,,2,,0,Conway,AR,1,95,,,,-6.0,"39,43","37,41",,,,,
ncaab:400988935,ncaab,2017-11-28T01:00Z,final,2447,494,Nicholls,Blue Mountain,104,68,,,,0,,,,,,,,,,2,,0,Thibodaux,LA,1,4,,,,-6.0,"49,55","31,37",,,,,
ncaab:400989314,ncaab,2017-11-28T01:00Z,final,198,2473,Oral Roberts,Oakland,86,93,,,,0,,,,,,,,,,2,,0,Tulsa,OK,1,220,,,,-6.0,"32,49,5","42,39,12",,,,,
ncaab:400990382,ncaab,2017-11-28T01:00Z,final,250,2905,UT Arlington,UT Dallas,73,53,,,,0,,,,,,,,,,2,,0,Arlington,TX,1,184,,,,-6.0,"31,42","19,34",,,,,
ncaab:400990383,ncaab,2017-11-28T01:00Z,final,2653,2169,Troy,Delaware St,95,64,,,,0,,,,,,,,,,2,,0,Troy,AL,1,165,,,,-6.0,"47,48","30,34",,,,,
ncaab:400991953,ncaab,2017-11-28T01:00Z,final,2739,56,Green Bay,Stetson,71,83,,,,0,,,,,,,,,,2,,0,Ashwaubenon,WI,1,185,,,,-6.0,"31,40","51,32",,,,,
ncaab:400992556,ncaab,2017-11-28T01:00Z,final,249,2755,North Texas,Grambling,82,77,,,,0,,,,,,,,,,2,,0,Denton,TX,1,201,,,,-6.0,"36,46","38,39",,,,,
ncaab:400986096,ncaab,2017-11-28T02:00Z,final,258,275,Virginia,Wisconsin,49,37,,,,0,,,,,,,,,,2,,0,Charlottesville,VA,1,142,,,,-5.0,"24,25","20,17",,,,,
ncaab:400988934,ncaab,2017-11-28T02:00Z,final,2638,2320,UTEP,Lamar,52,66,,,,0,,,,,,,,,,2,,0,El Paso,TX,1,1133,,,,-7.0,"25,27","45,21",,,,,
ncaab:400990607,ncaab,2017-11-28T03:00Z,final,2547,304,Seattle U,Idaho St,73,67,,,,0,,,,,,,,,,2,,0,Seattle,WA,1,56,,,,-8.0,"28,45","37,30",,,,,
ncaab:400992481,ncaab,2017-11-28T04:59Z,final,62,2001,Hawai'i,Adams St,87,77,,,,0,,,,,,,,,,2,,0,Honolulu,HI,1,5,,,,-10.0,"40,47","32,45",,,,,
ncaab:400992558,ncaab,2017-11-28T20:30Z,final,2226,3178,FAU,Ave Maria,91,54,,,,0,,,,,,,,,,2,,0,Boca Raton,FL,1,4,,,,-5.0,"31,60","29,25",,,,,
ncaab:400988500,ncaab,2017-11-28T23:30Z,final,2752,239,Xavier,Baylor,76,63,,,,0,,,,,,,,,,2,,0,Cincinnati,OH,1,191,,,,-5.0,"39,37","34,29",,,,,
ncaab:400986097,ncaab,2017-11-29T00:00Z,final,164,52,Rutgers,Florida St,73,78,,,,0,,,,,,,,,,2,,0,Piscataway,NJ,1,30,,,,-5.0,"35,38","36,42",,,,,
ncaab:400986098,ncaab,2017-11-29T00:00Z,final,59,77,Georgia Tech,Northwestern,52,51,,,,0,,,,,,,,,,2,,0,Atlanta,GA,1,320,,,,-5.0,"28,24","22,29",,,,,
ncaab:400986102,ncaab,2017-11-29T00:00Z,final,221,2272,Pitt,High Point,71,63,,,,0,,,,,,,,,,2,,0,Pittsburgh,PA,1,233,,,,-5.0,"30,41","27,36",,,,,
ncaab:400988689,ncaab,2017-11-29T00:00Z,final,2506,2430,Presbyterian,UNC Greensboro,74,72,,,,0,,,,,,,,,,2,,0,Clinton,SC,1,76,,,,-5.0,"34,40","36,36",,,,,
ncaab:400988690,ncaab,2017-11-29T00:00Z,final,2006,236,Akron,Chattanooga,75,70,,,,0,,,,,,,,,,2,,0,Akron,OH,1,291,,,,-5.0,"39,36","28,42",,,,,
ncaab:400989315,ncaab,2017-11-29T00:00Z,final,2870,2174,Purdue FW,Detroit Mercy,91,82,,,,0,,,,,,,,,,2,,0,Fort Wayne,IN,1,247,,,,-5.0,"39,52","34,48",,,,,
ncaab:400989780,ncaab,2017-11-29T00:00Z,final,2429,2166,Charlotte,Davidson,70,85,,,,0,,,,,,,,,,2,,0,Charlotte,NC,1,229,,,,-5.0,"32,38","37,48",,,,,
ncaab:400989919,ncaab,2017-11-29T00:00Z,final,2670,2026,VCU,App State,85,72,,,,0,,,,,,,,,,2,,0,Richmond,VA,1,64,,,,-5.0,"46,39","45,27",,,,,
ncaab:400990091,ncaab,2017-11-29T00:00Z,final,227,225,Rhode Island,Brown,86,62,,,,0,,,,,,,,,,2,,0,Kingston,RI,1,75,,,,-5.0,"43,43","25,37",,,,,
ncaab:400990136,ncaab,2017-11-29T00:00Z,final,2050,2474,Ball State,Oakland City,81,57,,,,0,,,,,,,,,,2,,0,Muncie,IN,1,284,,,,-5.0,"40,41","38,19",,,,,
ncaab:400990137,ncaab,2017-11-29T00:00Z,final,195,314,Ohio,Iona,88,93,,,,0,,,,,,,,,,2,,0,Athens,OH,1,219,,,,-5.0,"42,46","42,51",,,,,
ncaab:400990738,ncaab,2017-11-29T00:00Z,final,2885,112358,NJIT,Long Island,73,69,,,,0,,,,,,,,,,2,,0,Newark,NJ,1,9,,,,-5.0,"41,32","38,31",,,,,
ncaab:400991642,ncaab,2017-11-29T00:00Z,final,159,2352,Dartmouth,Loyola MD,64,63,,,,0,,,,,,,,,,2,,0,Hanover,NH,1,162,,,,-5.0,"26,38","33,30",,,,,
ncaab:400992945,ncaab,2017-11-29T00:00Z,final,2569,571,SC State,Morris,100,91,,,,0,,,,,,,,,,2,,0,Orangeburg,SC,1,74,,,,-5.0,"51,49","43,48",,,,,
ncaab:400988691,ncaab,2017-11-29T00:30Z,final,2127,2678,Charleston So,VMI,68,76,,,,0,,,,,,,,,,2,,0,Charleston,SC,1,6,,,,-5.0,"31,37","30,46",,,,,
ncaab:400988936,ncaab,2017-11-29T00:30Z,final,2534,2544,Sam Houston,Schreiner,81,55,,,,0,,,,,,,,,,2,,0,Huntsville,TX,1,113,,,,-6.0,"30,51","33,22",,,,,
ncaab:400990908,ncaab,2017-11-29T00:30Z,final,2546,533,SE Missouri,Han LaGrange,83,59,,,,0,,,,,,,,,,2,,0,Cape Girardeau,MO,1,108,,,,-6.0,"33,50","33,26",,,,,
ncaab:400986099,ncaab,2017-11-29T01:00Z,final,2509,97,Purdue,Louisville,66,57,,,,0,,,,,,,,,,2,,0,West Lafayette,IN,1,186,,,,-5.0,"23,43","22,35",,,,,
ncaab:400987203,ncaab,2017-11-29T01:00Z,final,145,2571,Ole Miss,S Dakota St,97,99,,,,0,,,,,,,,,,2,,0,Oxford,MS,1,154,,,,-6.0,"35,47,15","55,27,17",,,,,
ncaab:400987204,ncaab,2017-11-29T01:00Z,final,238,2515,Vanderbilt,Radford,74,62,,,,0,,,,,,,,,,2,,0,Nashville,TN,1,170,,,,-6.0,"36,38","33,29",,,,,
ncaab:400987974,ncaab,2017-11-29T01:00Z,final,2567,292,SMU,UT Rio Grande,95,64,,,,0,,,,,,,,,,2,,0,Dallas,TX,1,128,,,,-6.0,"49,46","25,39",,,,,
ncaab:400987975,ncaab,2017-11-29T01:00Z,final,202,2636,Tulsa,UTSA,100,96,,,,0,,,,,,,,,,2,,0,Tulsa,OK,1,220,,,,-6.0,"53,47","45,51",,,,,
ncaab:400987976,ncaab,2017-11-29T01:00Z,final,2724,2542,Wichita St,Savannah St,112,66,,,,0,,,,,,,,,,2,,0,Wichita,KS,1,396,,,,-6.0,"55,57","29,37",,,,,
ncaab:400988937,ncaab,2017-11-29T01:00Z,final,2277,2937,Hou Christian,Dallas Chrstn,96,66,,,,0,,,,,,,,,,2,,0,Houston,TX,1,12,,,,-6.0,"51,45","37,29",,,,,
ncaab:400988938,ncaab,2017-11-29T01:00Z,final,2545,100,SE Louisiana,Loyola NO,80,53,,,,0,,,,,,,,,,2,,0,Hammond,LA,1,13,,,,-6.0,"43,37","21,32",,,,,
ncaab:400988940,ncaab,2017-11-29T01:00Z,final,309,2377,Louisiana,McNeese,89,78,,,,0,,,,,,,,,,2,,0,Lafayette,LA,1,11,,,,-6.0,"36,53","28,50",,,,,
ncaab:400989178,ncaab,2017-11-29T01:00Z,final,2305,2649,Kansas,Toledo,96,58,,,,0,,,,,,,,,,2,,0,Lawrence,KS,1,263,,,,-6.0,"59,37","30,28",,,,,
ncaab:400989316,ncaab,2017-11-29T01:00Z,final,2710,85,W Illinois,IU Indy,90,77,,,,0,,,,,,,,,,2,,0,Macomb,IL,1,215,,,,-6.0,"48,42","24,53",,,,,
ncaab:400989627,ncaab,2017-11-29T01:00Z,final,2623,36,Missouri St,Colorado St,77,67,,,,0,,,,,,,,,,2,,0,Springfield,MO,1,396,,,,-6.0,"42,35","26,41",,,,,
ncaab:400989628,ncaab,2017-11-29T01:00Z,final,2674,328,Valparaiso,Utah State,72,65,,,,0,,,,,,,,,,2,,0,Valparaiso,IN,1,242,,,,-6.0,"34,38","31,34",,,,,
ncaab:400989952,ncaab,2017-11-29T01:00Z,final,139,2711,Saint Louis,W Michigan,51,65,,,,0,,,,,,,,,,2,,0,St. Louis,MO,1,142,,,,-6.0,"22,29","23,42",,,,,
ncaab:400990384,ncaab,2017-11-29T01:00Z,final,2433,2296,UL Monroe,Jackson St,65,52,,,,0,,,,,,,,,,2,,0,Monroe,LA,1,23,,,,-6.0,"38,27","31,21",,,,,
ncaab:400990909,ncaab,2017-11-29T01:00Z,final,93,534,Murray St,Harris Stowe,85,56,,,,0,,,,,,,,,,2,,0,Murray,KY,1,163,,,,-6.0,"53,32","27,29",,,,,
ncaab:400990910,ncaab,2017-11-29T01:00Z,final,2634,2225,Tennessee St,Fisk,67,53,,,,0,,,,,,,,,,2,,0,Nashville,TN,1,170,,,,-6.0,"27,40","23,30",,,,,
ncaab:400992407,ncaab,2017-11-29T01:00Z,final,155,597,North Dakota,Presentation,82,75,,,,0,,,,,,,,,,2,,0,Grand Forks,ND,1,253,,,,-6.0,"45,37","31,44",,,,,
ncaab:400988939,ncaab,2017-11-29T01:30Z,final,2617,2449,SF Austin,N Dakota St,54,50,,,,0,,,,,,,,,,2,,0,Nacogdoches,TX,1,92,,,,-6.0,"28,26","24,26",,,,,
ncaab:400988501,ncaab,2017-11-29T01:45Z,final,46,311,Georgetown,Maine,76,55,,,,0,,,,,,,,,,2,,0,Washington,DC,1,7,,,,-5.0,"40,36","24,31",,,,,
ncaab:400986100,ncaab,2017-11-29T02:00Z,final,154,356,Wake Forest,Illinois,80,73,,,,0,,,,,,,,,,2,,0,Winston-Salem,NC,1,293,,,,-5.0,"35,45","34,39",,,,,
ncaab:400986101,ncaab,2017-11-29T02:00Z,final,259,2294,Virginia Tech,Iowa,79,55,,,,0,,,,,,,,,,2,,0,Blacksburg,VA,1,633,,,,-5.0,"38,41","38,17",,,,,
ncaab:400988233,ncaab,2017-11-29T02:00Z,final,264,338,Washington,Kennesaw St,85,71,,,,0,,,,,,,,,,2,,0,Seattle,WA,1,56,,,,-8.0,"48,37","29,42",,,,,
ncaab:400989626,ncaab,2017-11-29T02:00Z,final,68,2350,Boise St,Loyola Chicago,87,53,,,,0,,,,,,,,,,2,,0,Boise,ID,1,823,,,,-7.0,"41,46","20,33",,,,,
ncaab:400987050,ncaab,2017-11-29T03:00Z,final,2539,2540,San Francisco,Santa Barbara,72,79,,,,0,,,,,,,,,,2,,0,San Francisco,CA,1,16,,,,-8.0,"41,31","41,38",,,,,
ncaab:400986908,ncaab,2017-11-29T03:30Z,final,2351,2345,LMU,Cal State LA,87,66,,,,0,,,,,,,,,,2,,0,Los Angeles,CA,1,89,,,,-8.0,"46,41","37,29",,,,,
ncaab:400988234,ncaab,2017-11-29T04:00Z,final,25,2463,California,CSU Northridge,83,63,,,,0,,,,,,,,,,2,,0,Berkeley,CA,1,52,,,,-8.0,"48,35","30,33",,,,,
ncaab:400987205,ncaab,2017-11-30T00:00Z,final,2633,2382,Tennessee,Mercer,84,60,,,,0,,,,,,,,,,2,,0,Knoxville,TN,1,276,,,,-5.0,"46,38","27,33",,,,,
ncaab:400987207,ncaab,2017-11-30T00:00Z,final,2168,2,Dayton,Auburn,60,73,,,,0,,,,,,,,,,2,,0,Dayton,OH,1,225,,,,-5.0,"24,36","35,38",,,,,
ncaab:400987977,ncaab,2017-11-30T00:00Z,final,41,171,UConn,Columbia,77,73,,,,0,,,,,,,,,,2,,0,Storrs,CT,1,187,,,,-5.0,"30,35,12","41,24,8",,,,,
ncaab:400988502,ncaab,2017-11-30T00:00Z,final,2507,2520,Providence,Rider,88,84,,,,0,,,,,,,,,,2,,0,Providence,RI,1,2,,,,-5.0,"41,47","31,53",,,,,
ncaab:400988503,ncaab,2017-11-30T00:00Z,final,222,219,Villanova,Penn,90,62,,,,0,,,,,,,,,,2,,0,Villanova,PA,1,121,,,,-5.0,"46,44","28,34",,,,,
ncaab:400988692,ncaab,2017-11-30T00:00Z,final,324,2747,Coastal,Wofford,81,87,,,,0,,,,,,,,,,2,,0,Conway,SC,1,10,,,,-5.0,"32,49","40,47",,,,,
ncaab:400988693,ncaab,2017-11-30T00:00Z,final,2230,2193,Fordham,ETSU,77,82,,,,0,,,,,,,,,,2,,0,Bronx,NY,1,28,,,,-5.0,"28,49","33,49",,,,,
ncaab:400988694,ncaab,2017-11-30T00:00Z,final,231,2737,Furman,Winthrop,74,93,,,,0,,,,,,,,,,2,,0,Greenville,SC,1,307,,,,-5.0,"32,42","52,41",,,,,
ncaab:400989631,ncaab,2017-11-30T00:00Z,final,282,2005,Indiana St,Air Force,74,64,,,,0,,,,,,,,,,2,,0,Terre Haute,IN,1,152,,,,-5.0,"33,41","29,35",,,,,
ncaab:400989882,ncaab,2017-11-30T00:00Z,final,256,2244,James Madison,George Mason,72,76,,,,0,,,,,,,,,,2,,0,Harrisonburg,VA,1,404,,,,-5.0,"33,39","33,43",,,,,
ncaab:400989903,ncaab,2017-11-30T00:00Z,final,45,2415,G Washington,Morgan St,73,66,,,,0,,,,,,,,,,2,,0,Washington,DC,1,7,,,,-5.0,"27,46","32,34",,,,,
ncaab:400989934,ncaab,2017-11-30T00:00Z,final,2561,179,Siena,St Bonaventure,55,75,,,,0,,,,,,,,,,2,,0,Albany,NY,1,45,,,,-5.0,"21,34","35,40",,,,,
ncaab:400989966,ncaab,2017-11-30T00:00Z,final,2603,2083,Saint Joseph's,Bucknell,83,70,,,,0,,,,,,,,,,2,,0,Philadelphia,PA,1,12,,,,-5.0,"40,43","27,43",,,,,
ncaab:400989978,ncaab,2017-11-30T00:00Z,final,257,261,Richmond,Vermont,65,71,,,,0,,,,,,,,,,2,,0,Richmond,VA,1,64,,,,-5.0,"27,38","32,39",,,,,
ncaab:400989992,ncaab,2017-11-30T00:00Z,final,399,2142,UAlbany,Colgate,75,69,,,,0,,,,,,,,,,2,,0,Albany,NY,1,45,,,,-5.0,"35,40","37,32",,,,,
ncaab:400990102,ncaab,2017-11-30T00:00Z,final,2514,113,Quinnipiac,UMass,68,66,,,,0,,,,,,,,,,2,,0,Hamden,CT,1,31,,,,-5.0,"38,30","29,37",,,,,
ncaab:400990138,ncaab,2017-11-30T00:00Z,final,315,2084,Niagara,Buffalo,87,106,,,,0,,,,,,,,,,2,,0,Niagara Falls,NY,1,187,,,,-5.0,"34,53","46,60",,,,,
ncaab:400990140,ncaab,2017-11-30T00:00Z,final,2454,2199,North Florida,E Michigan,84,81,,,,0,,,,,,,,,,2,,0,Jacksonville,FL,1,5,,,,-5.0,"38,39,7","31,46,4",,,,,
ncaab:400990141,ncaab,2017-11-30T00:00Z,final,189,23,Bowling Green,San José St,85,79,,,,0,,,,,,,,,,2,,0,Bowling Green,OH,1,212,,,,-5.0,"48,37","32,47",,,,,
ncaab:400990341,ncaab,2017-11-30T00:00Z,final,193,111166,Miami OH,Midway,123,40,,,,0,,,,,,,,,,2,,0,Oxford,OH,1,283,,,,-5.0,"55,68","22,18",,,,,
ncaab:400990385,ncaab,2017-11-30T00:00Z,final,325,2032,Cleveland St,Arkansas St,75,72,,,,0,,,,,,,,,,2,,0,Cleveland,OH,1,199,,,,-5.0,"34,41","34,38",,,,,
ncaab:400990740,ncaab,2017-11-30T00:00Z,final,2612,161,Saint Peter's,FDU,77,53,,,,0,,,,,,,,,,2,,0,Jersey City,NJ,1,9,,,,-5.0,"33,44","27,26",,,,,
ncaab:400990741,ncaab,2017-11-30T00:00Z,final,2754,2523,Youngstown St,Robert Morris,74,81,,,,0,,,,,,,,,,2,,0,Youngstown,OH,1,259,,,,-5.0,"34,40","34,47",,,,,
ncaab:400990742,ncaab,2017-11-30T00:00Z,final,2349,2529,UMass Lowell,Sacred Heart,80,87,,,,0,,,,,,,,,,2,,0,Lowell,MA,1,36,,,,-5.0,"39,41","35,52",,,,,
ncaab:400990743,ncaab,2017-11-30T00:00Z,final,2598,44,Saint Francis,American,100,89,,,,0,,,,,,,,,,2,,0,Loretto,PA,1,595,,,,-5.0,"52,48","39,50",,,,,
ncaab:400990912,ncaab,2017-11-30T00:00Z,final,2635,288,Tennessee Tech,Lipscomb,86,80,,,,0,,,,,,,,,,2,,0,Cookeville,TN,1,334,,,,-6.0,"32,54","29,51",,,,,
ncaab:400991416,ncaab,2017-11-30T00:00Z,final,2182,322,Drexel,Lafayette,68,67,,,,0,,,,,,,,,,2,,0,Philadelphia,PA,1,12,,,,-5.0,"25,43","29,38",,,,,
ncaab:400991512,ncaab,2017-11-30T00:00Z,final,2729,276,William & Mary,Marshall,114,104,,,,0,,,,,,,,,,2,,0,Williamsburg,VA,1,25,,,,-5.0,"51,63","44,60",,,,,
ncaab:400991547,ncaab,2017-11-30T00:00Z,final,160,104,New Hampshire,Boston U,69,70,,,,0,,,,,,,,,,2,,0,Durham,NH,1,15,,,,-5.0,"26,43","38,32",,,,,
ncaab:400991561,ncaab,2017-11-30T00:00Z,final,2619,2893,Stony Brook,Shawnee St,101,58,,,,0,,,,,,,,,,2,,0,Stony Brook,NY,1,27,,,,-5.0,"60,41","31,27",,,,,
ncaab:400991854,ncaab,2017-11-30T00:00Z,final,526,2691,FGCU,Webber Int'l,115,61,,,,0,,,,,,,,,,2,,0,Fort Myers,FL,1,3,,,,-5.0,"63,52","21,40",,,,,
ncaab:400991945,ncaab,2017-11-30T00:00Z,final,2427,2908,UNC Asheville,SC Upstate,82,70,,,,0,,,,,,,,,,2,,0,Asheville,NC,1,649,,,,-5.0,"40,42","35,35",,,,,
ncaab:400992062,ncaab,2017-11-30T00:00Z,final,94,2061,N Kentucky,Berea,112,33,,,,0,,,,,,,,,,2,,0,Highland Heights,KY,1,260,,,,-5.0,"53,59","19,14",,,,,
ncaab:400992359,ncaab,2017-11-30T00:00Z,final,2344,2073,Longwood,Bluefield St,84,59,,,,0,,,,,,,,,,2,,0,Farmville,VA,1,90,,,,-5.0,"34,50","21,38",,,,,
ncaab:400992559,ncaab,2017-11-30T00:00Z,final,2229,107730,FIU,FL National,79,61,,,,0,,,,,,,,,,2,,0,Miami,FL,1,2,,,,-5.0,"44,35","31,30",,,,,
ncaab:400992914,ncaab,2017-11-30T00:00Z,final,2582,2728,Southern,Wiley,92,69,,,,0,,,,,,,,,,2,,0,Baton Rouge,LA,1,14,,,,-6.0,"48,44","29,40",,,,,
ncaab:400992937,ncaab,2017-11-30T00:00Z,final,2261,108806,Hampton,Mid Atl Chrstn,117,54,,,,0,,,,,,,,,,2,,0,Hampton,VA,1,1,,,,-5.0,"61,56","24,30",,,,,
ncaab:400986103,ncaab,2017-11-30T00:15Z,final,152,213,NC State,Penn State,85,78,,,,0,,,,,,,,,,2,,0,Raleigh,NC,1,96,,,,-5.0,"37,48","30,48",,,,,
ncaab:400986104,ncaab,2017-11-30T00:15Z,final,194,228,Ohio State,Clemson,65,79,,,,0,,,,,,,,,,2,,0,Columbus,OH,1,235,,,,-5.0,"37,28","30,49",,,,,
ncaab:400986105,ncaab,2017-11-30T00:30Z,final,153,130,North Carolina,Michigan,86,71,,,,0,,,,,,,,,,2,,0,Chapel Hill,NC,1,148,,,,-5.0,"51,35","37,34",,,,,
ncaab:400988941,ncaab,2017-11-30T00:30Z,final,2466,2358,N'Western St,Lyon,67,56,,,,0,,,,,,,,,,2,,0,Natchitoches,LA,1,36,,,,-6.0,"39,28","26,30",,,,,
ncaab:400988943,ncaab,2017-11-30T00:30Z,final,2031,2110,Little Rock,C Arkansas,71,65,,,,0,,,,,,,,,,2,,0,Little Rock,AR,1,102,,,,-6.0,"23,48","34,31",,,,,
ncaab:400987206,ncaab,2017-11-30T01:00Z,final,99,2630,LSU,UT Martin,84,60,,,,0,,,,,,,,,,2,,0,Baton Rouge,LA,1,14,,,,-6.0,"41,43","24,36",,,,,
ncaab:400987208,ncaab,2017-11-30T01:00Z,final,333,2348,Alabama,Louisiana Tech,77,74,,,,0,,,,,,,,,,2,,0,Tuscaloosa,AL,1,68,,,,-6.0,"37,40","38,36",,,,,
ncaab:400987978,ncaab,2017-11-30T01:00Z,final,248,2443,Houston,LSU N Orleans,75,66,,,,0,,,,,,,,,,2,,0,Houston,TX,1,12,,,,-6.0,"38,37","31,35",,,,,
ncaab:400987979,ncaab,2017-11-30T01:00Z,final,2655,2016,Tulane,Alcorn St,81,65,,,,0,,,,,,,,,,2,,0,New Orleans,LA,1,0,,,,-6.0,"42,39","29,36",,,,,
ncaab:400988235,ncaab,2017-11-30T01:00Z,final,12,299,Arizona,Long Beach St,91,56,,,,0,,,,,,,,,,2,,0,Tucson,AZ,1,759,,,,-7.0,"42,49","24,32",,,,,
ncaab:400988942,ncaab,2017-11-30T01:00Z,final,326,357,Texas St,Texas A&M-CC,66,53,,,,0,,,,,,,,,,2,,0,San Marcos,TX,1,188,,,,-6.0,"33,33","16,37",,,,,
ncaab:400989198,ncaab,2017-11-30T01:00Z,final,2306,198,Kansas St,Oral Roberts,77,68,,,,0,,,,,,,,,,2,,0,Manhattan,KS,1,311,,,,-6.0,"42,35","34,34",,,,,
ncaab:400989229,ncaab,2017-11-30T01:00Z,final,197,2046,Oklahoma St,Austin Peay,79,63,,,,0,,,,,,,,,,2,,0,Stillwater,OK,1,273,,,,-6.0,"47,32","26,37",,,,,
ncaab:400989258,ncaab,2017-11-30T01:00Z,final,251,50,Texas,Florida A&M,82,58,,,,0,,,,,,,,,,2,,0,Austin,TX,1,149,,,,-6.0,"35,47","26,32",,,,,
ncaab:400989317,ncaab,2017-11-30T01:00Z,final,2437,2181,Omaha,Drake,75,73,,,,0,,,,,,,,,,2,,0,Omaha,NE,1,323,,,,-6.0,"34,41","31,42",,,,,
ncaab:400989632,ncaab,2017-11-30T01:00Z,final,79,2565,S Illinois,SIUE,86,59,,,,0,,,,,,,,,,2,,0,Carbondale,IL,1,126,,,,-6.0,"35,51","22,37",,,,,
ncaab:400989633,ncaab,2017-11-30T01:00Z,final,2460,2439,Northern Iowa,UNLV,77,68,,,,0,,,,,,,,,,2,,0,Cedar Falls,IA,1,268,,,,-6.0,"34,27,16","29,32,7",,,,,
ncaab:400990018,ncaab,2017-11-30T01:00Z,final,2169,2066,Delaware St,Binghamton,64,85,,,,0,,,,,,,,,,2,,0,Dover,DE,1,9,,,,-5.0,"29,35","46,39",,,,,
ncaab:400990139,ncaab,2017-11-30T01:00Z,final,2450,2309,Norfolk St,Kent State,70,79,,,,0,,,,,,,,,,2,,0,Norfolk,VA,1,2,,,,-5.0,"32,38","28,51",,,,,
ncaab:400990386,ncaab,2017-11-30T01:00Z,final,250,242,UT Arlington,Rice,69,49,,,,0,,,,,,,,,,2,,0,Arlington,TX,1,184,,,,-6.0,"35,34","21,28",,,,,
ncaab:400990388,ncaab,2017-11-30T01:00Z,final,2653,82,Troy,UIC,87,66,,,,0,,,,,,,,,,2,,0,Troy,AL,1,165,,,,-6.0,"39,48","20,46",,,,,
ncaab:400990554,ncaab,2017-11-30T01:00Z,final,2010,2247,Alabama A&M,Georgia St,53,63,,,,0,,,,,,,,,,2,,0,Normal,AL,1,220,,,,-6.0,"29,24","29,34",,,,,
ncaab:400990739,ncaab,2017-11-30T01:00Z,final,43,2803,Yale,Bryant,84,67,,,,0,,,,,,,,,,2,,0,New Haven,CT,1,18,,,,-5.0,"41,43","35,32",,,,,
ncaab:400990911,ncaab,2017-11-30T01:00Z,final,98,2198,Western KY,E Kentucky,83,51,,,,0,,,,,,,,,,2,,0,Bowling Green,KY,1,161,,,,-6.0,"31,52","17,34",,,,,
ncaab:400991671,ncaab,2017-11-30T01:00Z,final,163,2329,Princeton,Lehigh,76,85,,,,0,,,,,,,,,,2,,0,Princeton,NJ,1,62,,,,-5.0,"25,51","47,38",,,,,
ncaab:400990387,ncaab,2017-11-30T01:05Z,final,6,2572,South Alabama,Southern Miss,69,58,,,,0,,,,,,,,,,2,,0,Mobile,AL,1,3,,,,-6.0,"40,29","19,39",,,,,
ncaab:400986852,ncaab,2017-11-30T02:00Z,final,3084,252,Utah Valley,BYU,58,85,,,,0,,,,,,,,,,2,,0,Orem,UT,1,1455,,,,-7.0,"26,32","42,43",,,,,
ncaab:400986880,ncaab,2017-11-30T02:00Z,final,2250,2916,Gonzaga,Incarnate Word,103,68,,,,0,,,,,,,,,,2,,0,Spokane,WA,1,571,,,,-8.0,"49,54","26,42",,,,,
ncaab:400988504,ncaab,2017-11-30T02:00Z,final,269,2130,Marquette,Chicago St,95,69,,,,0,,,,,,,,,,2,,0,Milwaukee,WI,1,188,,,,-6.0,"48,47","40,29",,,,,
ncaab:400989245,ncaab,2017-11-30T02:00Z,final,2628,2057,TCU,Belmont,87,76,,,,0,,,,,,,,,,2,,0,Fort Worth,TX,1,199,,,,-6.0,"42,45","31,45",,,,,
ncaab:400989318,ncaab,2017-11-30T02:00Z,final,2172,2751,Denver,Wyoming,88,78,,,,0,,,,,,,,,,2,,0,Denver,CO,1,1609,,,,-7.0,"43,45","30,48",,,,,
ncaab:400989629,ncaab,2017-11-30T02:00Z,final,167,339,New Mexico,Evansville,78,59,,,,0,,,,,,,,,,2,,0,Albuquerque,NM,1,1511,,,,-7.0,"35,43","27,32",,,,,
ncaab:400991248,ncaab,2017-11-30T02:00Z,final,147,3246,Montana St,Bethesda,98,61,,,,0,,,,,,,,,,2,,0,Bozeman,MT,1,1468,,,,-7.0,"37,61","25,36",,,,,
ncaab:400986106,ncaab,2017-11-30T02:15Z,final,135,2390,Minnesota,Miami,81,86,,,,0,,,,,,,,,,2,,0,Minneapolis,MN,1,253,,,,-6.0,"36,45","36,50",,,,,
ncaab:400986107,ncaab,2017-11-30T02:15Z,final,158,103,Nebraska,Boston College,71,62,,,,0,,,,,,,,,,2,,0,Lincoln,NE,1,367,,,,-6.0,"44,27","36,26",,,,,
ncaab:400986108,ncaab,2017-11-30T02:30Z,final,84,150,Indiana,Duke,81,91,,,,0,,,,,,,,,,2,,0,Bloomington,IN,1,235,,,,-5.0,"38,43","42,49",,,,,
ncaab:400990142,ncaab,2017-11-30T02:30Z,final,2459,270,N Illinois,Milwaukee,62,75,,,,0,,,,,,,,,,2,,0,Dekalb,IL,1,268,,,,-6.0,"33,29","37,38",,,,,
ncaab:400986957,ncaab,2017-11-30T03:00Z,final,2492,253,Pepperdine,Southern Utah,82,88,,,,0,,,,,,,,,,2,,0,Malibu,CA,1,32,,,,-8.0,"29,53","35,53",,,,,
ncaab:400988236,ncaab,2017-11-30T03:00Z,final,24,149,Stanford,Montana,70,54,,,,0,,,,,,,,,,2,,0,Stanford,CA,1,23,,,,-8.0,"30,40","25,29",,,,,
ncaab:400988237,ncaab,2017-11-30T03:00Z,final,26,2934,UCLA,Bakersfield,75,66,,,,0,,,,,,,,,,2,,0,Los Angeles,CA,1,89,,,,-8.0,"29,46","27,39",,,,,
ncaab:400989630,ncaab,2017-11-30T03:00Z,final,2440,2287,Nevada,Illinois St,98,68,,,,0,,,,,,,,,,2,,0,Reno,NV,1,1373,,,,-8.0,"51,47","36,32",,,,,
ncaab:400991247,ncaab,2017-11-30T03:00Z,final,302,2458,UC Davis,N Colorado,56,51,,,,0,,,,,,,,,,2,,0,Davis,CA,1,16,,,,-8.0,"21,35","22,29",,,,,
ncaab:400992520,ncaab,2017-11-30T03:00Z,final,300,2850,UC Irvine,Whittier,112,65,,,,0,,,,,,,,,,2,,0,Irvine,CA,1,17,,,,-8.0,"49,63","33,32",,,,,
ncaab:400990914,ncaab,2017-11-30T23:00Z,final,2413,484,Morehead St,Alice Lloyd,103,56,,,,0,,,,,,,,,,2,,0,Morehead,KY,1,153,,,,-6.0,"46,57","34,22",,,,,
ncaab:400988505,ncaab,2017-11-30T23:30Z,final,2550,2641,Seton Hall,Texas Tech,89,79,,,,1,,,,,,,,,,2,,0,New York,NY,1,10,,,,-5.0,"39,50","42,37",,,,,
