id,league,start,status,home,away,home_name,away_name,home_score,away_score,ml_home,ml_away,odds_time,neutral,ml_home_open,ml_away_open,spread_home,spread_home_odds,spread_away_odds,inj_home,inj_away,sp_home,sp_away,stype,country,intl,city,state,indoor,elev,wx_temp,wx_wind,wx_rain,tzo,ls_home,ls_away
ncaab:401089873,ncaab,2018-11-06T17:30Z,final,2739,2741,Green Bay,Wisc Lutheran,110,54,,,,0,,,,,,,,,,2,,0,Green Bay,WI,1,180,,,,-6.0,"59,51","20,34"
ncaab:401089358,ncaab,2018-11-06T21:00Z,final,2084,2598,Buffalo,Saint Francis,82,67,,,,0,,,,,,,,,,2,,0,Buffalo,NY,1,183,,,,-5.0,"42,40","34,33"
ncaab:401089177,ncaab,2018-11-06T23:00Z,final,2199,2947,E Michigan,Rchster Chrstn,77,67,,,,0,,,,,,,,,,2,,0,Ypsilanti,MI,1,219,,,,-5.0,"42,35","39,28"
ncaab:401090140,ncaab,2018-11-06T23:05Z,final,2413,3077,Morehead St,KCU,102,82,,,,0,,,,,,,,,,2,,0,Morehead,KY,1,153,,,,-6.0,"61,41","41,41"
ncaab:401082362,ncaab,2018-11-06T23:30Z,final,84,2130,Indiana,Chicago St,104,55,,,,0,,,,,,,,,,2,,0,Bloomington,IN,1,235,,,,-5.0,"53,51","32,23"
ncaab:401083308,ncaab,2018-11-06T23:30Z,final,2507,2561,Providence,Siena,77,67,,,,0,,,,,,,,,,2,,0,Providence,RI,1,2,,,,-5.0,"50,27","34,33"
ncaab:401083326,ncaab,2018-11-06T23:30Z,final,2550,2681,Seton Hall,Wagner,89,49,,,,0,,,,,,,,,,2,,0,South Orange,NJ,1,45,,,,-5.0,"43,46","27,22"
ncaab:401083337,ncaab,2018-11-06T23:30Z,final,2599,2352,St John's,Loyola MD,76,55,,,,0,,,,,,,,,,2,,0,Queens,NY,1,12,,,,-5.0,"48,28","23,32"
ncaab:401084639,ncaab,2018-11-06T23:30Z,final,2116,2520,UCF,Rider,84,70,,,,0,,,,,,,,,,2,,0,Orlando,FL,1,30,,,,-5.0,"43,41","34,36"
ncaab:401082470,ncaab,2018-11-07T00:00Z,final,2305,127,Kansas,Michigan St,92,87,,,,1,,,,,,,,,,2,,0,Indianapolis,IN,1,218,,,,-5.0,"50,42","36,51"
ncaab:401082580,ncaab,2018-11-07T00:00Z,final,2509,2217,Purdue,Fairfield,90,57,,,,0,,,,,,,,,,2,,0,West Lafayette,IN,1,186,,,,-5.0,"44,46","27,30"
ncaab:401082613,ncaab,2018-11-07T00:00Z,final,103,270,Boston College,Milwaukee,73,53,,,,0,,,,,,,,,,2,,0,Chestnut Hill,MA,1,60,,,,-5.0,"27,46","37,16"
ncaab:401082642,ncaab,2018-11-07T00:00Z,final,228,2643,Clemson,The Citadel,100,80,,,,0,,,,,,,,,,2,,0,Clemson,SC,1,221,,,,-5.0,"49,51","40,40"
ncaab:401082762,ncaab,2018-11-07T00:00Z,final,258,119,Virginia,Towson,73,42,,,,0,,,,,,,,,,2,,0,Charlottesville,VA,1,142,,,,-5.0,"28,45","19,23"
ncaab:401082781,ncaab,2018-11-07T00:00Z,final,183,331,Syracuse,E Washington,66,34,,,,0,,,,,,,,,,2,,0,Syracuse,NY,1,121,,,,-5.0,"28,38","10,24"
ncaab:401082800,ncaab,2018-11-07T00:00Z,final,221,2754,Pitt,Youngstown St,69,53,,,,0,,,,,,,,,,2,,0,Pittsburgh,PA,1,233,,,,-5.0,"27,42","24,29"
ncaab:401082820,ncaab,2018-11-07T00:00Z,final,87,82,Notre Dame,UIC,84,67,,,,0,,,,,,,,,,2,,0,South Bend,IN,1,211,,,,-5.0,"46,38","23,44"
ncaab:401082837,ncaab,2018-11-07T00:00Z,final,152,116,NC State,Mount St Marys,105,55,,,,0,,,,,,,,,,2,,0,Raleigh,NC,1,96,,,,-5.0,"40,65","30,25"
ncaab:401082853,ncaab,2018-11-07T00:00Z,final,2747,153,Wofford,North Carolina,67,78,,,,0,,,,,,,,,,2,,0,Spartanburg,SC,1,246,,,,-5.0,"26,41","33,45"
ncaab:401082974,ncaab,2018-11-07T00:00Z,final,2633,2331,Tennessee,Lenoir Rhyne,86,41,,,,0,,,,,,,,,,2,,0,Knoxville,TN,1,276,,,,-5.0,"50,36","30,11"
ncaab:401083021,ncaab,2018-11-07T00:00Z,final,2579,2908,South Carolina,SC Upstate,65,52,,,,0,,,,,,,,,,2,,0,Columbia,SC,1,89,,,,-5.0,"30,35","22,30"
ncaab:401083350,ncaab,2018-11-07T00:00Z,final,222,2415,Villanova,Morgan St,100,77,,,,0,,,,,,,,,,2,,0,Villanova,PA,1,121,,,,-5.0,"54,46","43,34"
ncaab:401083883,ncaab,2018-11-07T00:00Z,final,232,2506,Charleston,Presbyterian,85,73,,,,0,,,,,,,,,,2,,0,Charleston,SC,1,6,,,,-5.0,"36,49","30,43"
ncaab:401083958,ncaab,2018-11-07T00:00Z,final,256,2192,James Madison,E Mennonite,86,58,,,,0,,,,,,,,,,2,,0,Harrisonburg,VA,1,404,,,,-5.0,"48,38","27,31"
ncaab:401083993,ncaab,2018-11-07T00:00Z,final,2006,2109,Akron,Cedarville,70,50,,,,0,,,,,,,,,,2,,0,Akron,OH,1,291,,,,-5.0,"31,39","29,21"
ncaab:401084640,ncaab,2018-11-07T00:00Z,final,58,2010,South Florida,Alabama A&M,80,63,,,,0,,,,,,,,,,2,,0,Tampa,FL,1,1,,,,-5.0,"34,46","31,32"
ncaab:401085573,ncaab,2018-11-07T00:00Z,final,2166,325,Davidson,Cleveland St,83,63,,,,0,,,,,,,,,,2,,0,Davidson,NC,1,256,,,,-5.0,"42,41","31,32"
ncaab:401085735,ncaab,2018-11-07T00:00Z,final,2670,2241,VCU,Gardner-Webb,69,57,,,,0,,,,,,,,,,2,,0,Richmond,VA,1,64,,,,-5.0,"38,31","22,35"
ncaab:401085972,ncaab,2018-11-07T00:00Z,final,349,2368,Army,Marist,73,69,,,,0,,,,,,,,,,2,,0,West Point,NY,1,47,,,,-5.0,"33,40","27,42"
ncaab:401086234,ncaab,2018-11-07T00:00Z,final,2050,282,Ball State,Indiana St,86,69,,,,0,,,,,,,,,,2,,0,Muncie,IN,1,284,,,,-5.0,"32,54","32,37"
ncaab:401086280,ncaab,2018-11-07T00:00Z,final,2230,170,Fordham,City (NY),106,58,,,,0,,,,,,,,,,2,,0,Bronx,NY,1,28,,,,-5.0,"45,61","25,33"
ncaab:401086297,ncaab,2018-11-07T00:00Z,final,2244,219,George Mason,Penn,71,72,,,,0,,,,,,,,,,2,,0,Fairfax,VA,1,131,,,,-5.0,"37,34","33,39"
ncaab:401086312,ncaab,2018-11-07T00:00Z,final,45,2619,G Washington,Stony Brook,74,77,,,,0,,,,,,,,,,2,,0,Washington,DC,1,7,,,,-5.0,"34,29,11","24,39,14"
ncaab:401086329,ncaab,2018-11-07T00:00Z,final,113,2349,UMass,UMass Lowell,83,75,,,,0,,,,,,,,,,2,,0,Amherst,MA,1,82,,,,-5.0,"42,41","39,36"
ncaab:401086338,ncaab,2018-11-07T00:00Z,final,227,2803,Rhode Island,Bryant,97,63,,,,0,,,,,,,,,,2,,0,Kingston,RI,1,75,,,,-5.0,"49,48","32,31"
ncaab:401086562,ncaab,2018-11-07T00:00Z,final,42,2115,Hartford,C Connecticut,68,75,,,,0,,,,,,,,,,2,,0,West Hartford,CT,1,40,,,,-5.0,"40,28","36,39"
ncaab:401086652,ncaab,2018-11-07T00:00Z,final,2287,526,Illinois St,FGCU,74,66,,,,0,,,,,,,,,,2,,0,Normal,IL,1,244,,,,-6.0,"37,37","28,38"
ncaab:401086677,ncaab,2018-11-07T00:00Z,final,294,50,Jacksonville,Florida A&M,50,65,,,,0,,,,,,,,,,2,,0,Jacksonville,FL,1,5,,,,-5.0,"14,36","35,30"
ncaab:401086746,ncaab,2018-11-07T00:00Z,final,2885,2142,NJIT,Colgate,81,78,,,,0,,,,,,,,,,2,,0,Newark,NJ,1,9,,,,-5.0,"36,34,11","30,40,8"
ncaab:401087318,ncaab,2018-11-07T00:00Z,final,2429,236,Charlotte,Chattanooga,69,80,,,,0,,,,,,,,,,2,,0,Charlotte,NC,1,229,,,,-5.0,"28,41","41,39"
ncaab:401087435,ncaab,2018-11-07T00:00Z,final,2711,2174,W Michigan,Detroit Mercy,89,76,,,,0,,,,,,,,,,2,,0,Kalamazoo,MI,1,239,,,,-5.0,"45,44","28,48"
ncaab:401088049,ncaab,2018-11-07T00:00Z,final,159,108822,Dartmouth,Newberry,114,39,,,,0,,,,,,,,,,2,,0,Hanover,NH,1,162,,,,-5.0,"61,53","24,15"
ncaab:401088102,ncaab,2018-11-07T00:00Z,final,2247,2193,Georgia St,ETSU,74,68,,,,0,,,,,,,,,,2,,0,Atlanta,GA,1,320,,,,-5.0,"32,42","29,39"
ncaab:401088140,ncaab,2018-11-07T00:00Z,final,2261,108806,Hampton,Mid Atl Chrstn,110,58,,,,0,,,,,,,,,,2,,0,Hampton,VA,1,1,,,,-5.0,"55,55","28,30"
ncaab:401088141,ncaab,2018-11-07T00:00Z,final,2344,3153,Longwood,Randolph,84,56,,,,0,,,,,,,,,,2,,0,Farmville,VA,1,90,,,,-5.0,"48,36","16,40"
ncaab:401088142,ncaab,2018-11-07T00:00Z,final,2515,2167,Radford,Davis & Elkins,91,57,,,,0,,,,,,,,,,2,,0,Radford,VA,1,567,,,,-5.0,"51,40","29,28"
ncaab:401088196,ncaab,2018-11-07T00:00Z,final,108,109,Harvard,MIT,78,66,,,,0,,,,,,,,,,2,,0,Cambridge,MA,1,5,,,,-5.0,"40,38","39,27"
ncaab:401088379,ncaab,2018-11-07T00:00Z,final,295,2426,Old Dominion,Navy,67,44,,,,0,,,,,,,,,,2,,0,Norfolk,VA,1,2,,,,-5.0,"35,32","20,24"
ncaab:401088389,ncaab,2018-11-07T00:00Z,final,2026,2369,App State,Mars Hill,125,62,,,,0,,,,,,,,,,2,,0,Boone,NC,1,981,,,,-5.0,"60,65","39,23"
ncaab:401088396,ncaab,2018-11-07T00:00Z,final,189,2838,Bowling Green,Tiffin,91,52,,,,0,,,,,,,,,,2,,0,Bowling Green,OH,1,212,,,,-5.0,"45,46","20,32"
ncaab:401088457,ncaab,2018-11-07T00:00Z,final,112358,111171,Long Island,NEW ROCH,109,76,,,,0,,,,,,,,,,2,,0,Brooklyn,NY,1,15,,,,-5.0,"59,50","40,36"
ncaab:401088509,ncaab,2018-11-07T00:00Z,final,2117,2985,C Michigan,Concordia AA,98,67,,,,0,,,,,,,,,,2,,0,Mount Pleasant,MI,1,235,,,,-5.0,"41,57","25,42"
ncaab:401088817,ncaab,2018-11-07T00:00Z,final,2678,2689,VMI,Wash Coll (MD),89,56,,,,0,,,,,,,,,,2,,0,Lexington,VA,1,324,,,,-5.0,"45,44","16,40"
ncaab:401088879,ncaab,2018-11-07T00:00Z,final,231,3243,Furman,Bob Jones,102,48,,,,0,,,,,,,,,,2,,0,Greenville,SC,1,307,,,,-5.0,"51,51","29,19"
ncaab:401089562,ncaab,2018-11-07T00:00Z,final,2005,3094,Air Force,Joh. & Wales CO,90,65,,,,0,,,,,,,,,,2,,0,Colorado Springs,CO,1,1832,,,,-7.0,"50,40","32,33"
ncaab:401089690,ncaab,2018-11-07T00:00Z,final,2000,3166,Abilene Chrstn,Arlington Bapt,107,54,,,,0,,,,,,,,,,2,,0,Abilene,TX,1,524,,,,-6.0,"52,55","25,29"
ncaab:401089718,ncaab,2018-11-07T00:00Z,final,160,111913,New Hampshire,Rivier,108,54,,,,0,,,,,,,,,,2,,0,Durham,NH,1,15,,,,-5.0,"52,56","18,36"
ncaab:401089930,ncaab,2018-11-07T00:00Z,final,94,2733,N Kentucky,Wilmington OH,102,38,,,,0,,,,,,,,,,2,,0,Highland Heights,KY,1,260,,,,-5.0,"48,54","16,22"
ncaab:401090323,ncaab,2018-11-07T00:00Z,final,2569,2913,SC State,Brevard,99,51,,,,0,,,,,,,,,,2,,0,Orangeburg,SC,1,74,,,,-5.0,"47,52","18,33"
ncaab:401087516,ncaab,2018-11-07T00:05Z,final,107,2529,Holy Cross,Sacred Heart,93,81,,,,0,,,,,,,,,,2,,0,Worcester,MA,1,147,,,,-5.0,"51,42","30,51"
ncaab:401082418,ncaab,2018-11-07T00:30Z,final,120,48,Maryland,Delaware,73,67,,,,0,,,,,,,,,,2,,0,College Park,MD,1,21,,,,-5.0,"44,29","27,40"
ncaab:401083474,ncaab,2018-11-07T00:30Z,final,2641,2916,Texas Tech,Incarnate Word,87,37,,,,0,,,,,,,,,,2,,0,Lubbock,TX,1,976,,,,-6.0,"39,48","30,7"
ncaab:401084021,ncaab,2018-11-07T00:30Z,final,2097,350,Campbell,UNC Wilmington,97,93,,,,0,,,,,,,,,,2,,0,Buies Creek,NC,1,63,,,,-5.0,"40,42,15","39,43,11"
ncaab:401084641,ncaab,2018-11-07T00:30Z,final,218,2325,Temple,La Salle,75,67,,,,0,,,,,,,,,,2,,0,Philadelphia,PA,1,12,,,,-5.0,"28,47","28,39"
ncaab:401086764,ncaab,2018-11-07T00:30Z,final,2535,2453,Samford,North Alabama,91,74,,,,0,,,,,,,,,,2,,0,Homewood,AL,1,203,,,,-6.0,"49,42","30,44"
ncaab:401088139,ncaab,2018-11-07T00:30Z,final,2127,3242,Charleston So,Columbia Int'l,100,68,,,,0,,,,,,,,,,2,,0,Charleston,SC,1,6,,,,-5.0,"42,58","29,39"
ncaab:401088898,ncaab,2018-11-07T00:30Z,final,2448,2430,NC A&T,UNC Greensboro,66,74,,,,0,,,,,,,,,,2,,0,Greensboro,NC,1,266,,,,-5.0,"39,27","38,36"
ncaab:401089136,ncaab,2018-11-07T00:30Z,final,2617,2642,SF Austin,Texas Wesleyan,83,71,,,,0,,,,,,,,,,2,,0,Nacogdoches,TX,1,92,,,,-6.0,"37,46","39,32"
ncaab:401089206,ncaab,2018-11-07T00:30Z,final,2534,2194,Sam Houston,E TX Baptist,85,64,,,,0,,,,,,,,,,2,,0,Huntsville,TX,1,113,,,,-6.0,"36,49","32,32"
ncaab:401092612,ncaab,2018-11-07T00:30Z,final,2393,2327,MTSU,Lees McRae,91,69,,,,0,,,,,,,,,,2,,0,Murfreesboro,TN,1,186,,,,-6.0,"49,42","29,40"
ncaab:401093573,ncaab,2018-11-07T00:30Z,final,324,366,Coastal,Ferrum,91,47,,,,0,,,,,,,,,,2,,0,Conway,SC,1,10,,,,-5.0,"52,39","26,21"
ncaab:401084642,ncaab,2018-11-07T00:45Z,final,151,2169,East Carolina,Delaware St,81,56,,,,0,,,,,,,,,,2,,0,Greenville,NC,1,18,,,,-5.0,"37,44","29,27"
ncaab:401082492,ncaab,2018-11-07T01:00Z,final,135,2437,Minnesota,Omaha,104,76,,,,0,,,,,,,,,,2,,0,Minneapolis,MN,1,253,,,,-6.0,"50,54","31,45"
ncaab:401082512,ncaab,2018-11-07T01:00Z,final,158,2400,Nebraska,Miss Valley St,106,37,,,,0,,,,,,,,,,2,,0,Lincoln,NE,1,367,,,,-6.0,"55,51","13,24"
ncaab:401082602,ncaab,2018-11-07T01:00Z,final,275,2154,Wisconsin,Coppin St,85,63,,,,0,,,,,,,,,,2,,0,Madison,WI,1,267,,,,-6.0,"49,36","27,36"
ncaab:401082948,ncaab,2018-11-07T01:00Z,final,333,2582,Alabama,Southern,82,62,,,,0,,,,,,,,,,2,,0,Tuscaloosa,AL,1,68,,,,-6.0,"45,37","27,35"
ncaab:401083044,ncaab,2018-11-07T01:00Z,final,142,2110,Missouri,C Arkansas,68,55,,,,0,,,,,,,,,,2,,0,Columbia,MO,1,215,,,,-6.0,"30,38","20,35"
ncaab:401083402,ncaab,2018-11-07T01:00Z,final,66,2011,Iowa State,Alabama St,79,53,,,,0,,,,,,,,,,2,,0,Ames,IA,1,287,,,,-6.0,"36,43","23,30"
ncaab:401083494,ncaab,2018-11-07T01:00Z,final,251,2197,Texas,E Illinois,71,59,,,,0,,,,,,,,,,2,,0,Austin,TX,1,149,,,,-6.0,"38,33","28,31"
ncaab:401083651,ncaab,2018-11-07T01:00Z,final,2565,279,SIUE,Pacific,65,74,,,,0,,,,,,,,,,2,,0,Edwardsville,IL,1,165,,,,-6.0,"21,44","40,34"
ncaab:401084053,ncaab,2018-11-07T01:00Z,final,111,104,Northeastern,Boston U,74,77,,,,0,,,,,,,,,,2,,0,Boston,MA,1,14,,,,-5.0,"36,38","33,44"
ncaab:401084643,ncaab,2018-11-07T01:00Z,final,235,2635,Memphis,Tennessee Tech,76,61,,,,0,,,,,,,,,,2,,0,Memphis,TN,1,78,,,,-6.0,"46,30","31,30"
ncaab:401084644,ncaab,2018-11-07T01:00Z,final,202,2016,Tulsa,Alcorn St,73,56,,,,0,,,,,,,,,,2,,0,Tulsa,OK,1,220,,,,-6.0,"40,33","37,19"
ncaab:401084645,ncaab,2018-11-07T01:00Z,final,2724,2348,Wichita St,Louisiana Tech,58,71,,,,0,,,,,,,,,,2,,0,Wichita,KS,1,396,,,,-6.0,"29,29","39,32"
ncaab:401085698,ncaab,2018-11-07T01:00Z,final,139,2546,Saint Louis,SE Missouri,75,65,,,,0,,,,,,,,,,2,,0,St. Louis,MO,1,142,,,,-6.0,"40,35","24,41"
ncaab:401086068,ncaab,2018-11-07T01:00Z,final,292,2837,UT Rio Grande,East Texas A&M,91,84,,,,0,,,,,,,,,,2,,0,Edinburg,TX,1,30,,,,-6.0,"45,46","31,53"
ncaab:401086069,ncaab,2018-11-07T01:00Z,final,2571,2253,S Dakota St,Grand Canyon,79,74,,,,0,,,,,,,,,,2,,0,Brookings,SD,1,494,,,,-6.0,"38,41","36,38"
ncaab:401086537,ncaab,2018-11-07T01:00Z,final,2066,172,Binghamton,Cornell,75,86,,,,0,,,,,,,,,,2,,0,Binghamton,NY,1,264,,,,-5.0,"36,39","37,49"
ncaab:401087234,ncaab,2018-11-07T01:00Z,final,9,2239,Arizona St,Fullerton,102,94,,,,0,,,,,,,,,,2,,0,Tempe,AZ,1,360,,,,-7.0,"34,49,6,13","31,52,6,5"
ncaab:401087373,ncaab,2018-11-07T01:00Z,final,2459,2524,N Illinois,Rockford,93,54,,,,0,,,,,,,,,,2,,0,Dekalb,IL,1,268,,,,-6.0,"41,52","25,29"
ncaab:401087938,ncaab,2018-11-07T01:00Z,final,250,3086,UT Arlington,UT Tyler,90,66,,,,0,,,,,,,,,,2,,0,Arlington,TX,1,184,,,,-6.0,"51,39","25,41"
ncaab:401087980,ncaab,2018-11-07T01:00Z,final,2296,2433,Jackson St,UL Monroe,66,75,,,,0,,,,,,,,,,2,,0,Jackson,MS,1,85,,,,-6.0,"36,30","32,43"
ncaab:401088889,ncaab,2018-11-07T01:00Z,final,5,2382,UAB,Mercer,75,67,,,,0,,,,,,,,,,2,,0,Birmingham,AL,1,187,,,,-6.0,"34,41","25,42"
ncaab:401089056,ncaab,2018-11-07T01:00Z,final,155,2462,North Dakota,Northland,104,48,,,,0,,,,,,,,,,2,,0,Grand Forks,ND,1,253,,,,-6.0,"56,48","21,27"
ncaab:401089161,ncaab,2018-11-07T01:00Z,final,2623,198,Missouri St,Oral Roberts,84,50,,,,0,,,,,,,,,,2,,0,Springfield,MO,1,396,,,,-6.0,"44,40","28,22"
ncaab:401089162,ncaab,2018-11-07T01:00Z,final,2460,132,Northern Iowa,Bemidji St,97,51,,,,0,,,,,,,,,,2,,0,Cedar Falls,IA,1,268,,,,-6.0,"49,48","24,27"
ncaab:401089163,ncaab,2018-11-07T01:00Z,final,2674,2151,Valparaiso,Concordia Chi,121,65,,,,0,,,,,,,,,,2,,0,Valparaiso,IN,1,242,,,,-6.0,"63,58","31,34"
ncaab:401089455,ncaab,2018-11-07T01:00Z,final,2447,2401,Nicholls,Miss College,86,58,,,,0,,,,,,,,,,2,,0,Thibodaux,LA,1,4,,,,-6.0,"35,51","35,23"
ncaab:401089489,ncaab,2018-11-07T01:00Z,final,2320,2281,Lamar,Huston Till,79,59,,,,0,,,,,,,,,,2,,0,Beaumont,TX,1,5,,,,-6.0,"44,35","22,37"
ncaab:401089508,ncaab,2018-11-07T01:00Z,final,2046,2474,Austin Peay,Oakland City,114,53,,,,0,,,,,,,,,,2,,0,Clarksville,TN,1,145,,,,-6.0,"62,52","39,14"
ncaab:401089715,ncaab,2018-11-07T01:00Z,final,2351,111910,LMU,Westcliff,75,43,,,,0,,,,,,,,,,2,,0,Los Angeles,CA,1,89,,,,-8.0,"34,41","15,28"
ncaab:401090319,ncaab,2018-11-07T01:00Z,final,242,2605,Rice,Saint Leo,80,64,,,,0,,,,,,,,,,2,,0,Houston,TX,1,12,,,,-6.0,"39,41","31,33"
ncaab:401090335,ncaab,2018-11-07T01:00Z,final,249,2025,North Texas,Angelo St,89,55,,,,0,,,,,,,,,,2,,0,Denton,TX,1,201,,,,-6.0,"44,45","24,31"
ncaab:401093576,ncaab,2018-11-07T01:00Z,final,2653,2232,Troy,Fort Valley St,95,60,,,,0,,,,,,,,,,2,,0,Troy,AL,1,165,,,,-6.0,"41,54","21,39"
ncaab:401093612,ncaab,2018-11-07T01:00Z,final,2572,111951,Southern Miss,SE Baptist,111,66,,,,0,,,,,,,,,,2,,0,Hattiesburg,MS,1,52,,,,-6.0,"52,59","26,40"
ncaab:401086727,ncaab,2018-11-07T01:15Z,final,288,2553,Lipscomb,Sewanee,97,53,,,,0,,,,,,,,,,2,,0,Nashville,TN,1,170,,,,-6.0,"44,53","21,32"
ncaab:401098353,ncaab,2018-11-07T01:15Z,final,309,111982,Louisiana,Virgin Islands,121,80,,,,0,,,,,,,,,,2,,0,Lafayette,LA,1,11,,,,-6.0,"54,67","29,51"
ncaab:401082446,ncaab,2018-11-07T01:30Z,final,130,2450,Michigan,Norfolk St,63,44,,,,0,,,,,,,,,,2,,0,Ann Arbor,MI,1,269,,,,-5.0,"32,31","13,31"
ncaab:401083104,ncaab,2018-11-07T01:30Z,final,99,2545,LSU,SE Louisiana,94,63,,,,0,,,,,,,,,,2,,0,Baton Rouge,LA,1,14,,,,-6.0,"48,46","18,45"
ncaab:401083219,ncaab,2018-11-07T01:30Z,final,156,2710,Creighton,W Illinois,78,67,,,,0,,,,,,,,,,2,,0,Omaha,NE,1,323,,,,-6.0,"43,35","41,26"
ncaab:401083268,ncaab,2018-11-07T01:30Z,final,46,2379,Georgetown,MD Eastern,68,53,,,,0,,,,,,,,,,2,,0,Washington,DC,1,7,,,,-5.0,"31,37","21,32"
ncaab:401083362,ncaab,2018-11-07T01:30Z,final,2752,85,Xavier,IU Indy,82,69,,,,0,,,,,,,,,,2,,0,Cincinnati,OH,1,191,,,,-5.0,"37,45","34,35"
ncaab:401085894,ncaab,2018-11-07T01:30Z,final,2363,2210,Manhattan,Elon,56,62,,,,0,,,,,,,,,,2,,0,Riverdale,NY,1,159,,,,-8.0,"21,35","32,30"
ncaab:401086012,ncaab,2018-11-07T01:30Z,final,2405,2329,Monmouth,Lehigh,61,85,,,,0,,,,,,,,,,2,,0,West Long Branch,NJ,1,9,,,,-5.0,"30,31","36,49"
ncaab:401086809,ncaab,2018-11-07T01:30Z,final,253,110418,Southern Utah,West Coast,109,63,,,,0,,,,,,,,,,2,,0,Cedar City,UT,1,1782,,,,-7.0,"57,52","29,34"
ncaab:401090237,ncaab,2018-11-07T01:30Z,final,2630,2161,UT Martin,Cumberland,91,58,,,,0,,,,,,,,,,2,,0,Martin,TN,1,124,,,,-6.0,"42,49","27,31"
ncaab:401089421,ncaab,2018-11-07T01:45Z,final,2443,2590,LSU N Orleans,Spring Hill,95,66,,,,0,,,,,,,,,,2,,0,New Orleans,LA,1,0,,,,-6.0,"50,45","22,44"
ncaab:401082695,ncaab,2018-11-07T02:00Z,final,52,57,Florida St,Florida,81,60,,,,0,,,,,,,,,,2,,0,Tallahassee,FL,1,62,,,,-5.0,"31,50","20,40"
ncaab:401083163,ncaab,2018-11-07T02:00Z,final,2,6,Auburn,South Alabama,101,58,,,,0,,,,,,,,,,2,,0,Auburn,AL,1,215,,,,-6.0,"52,49","33,25"
ncaab:401083244,ncaab,2018-11-07T02:00Z,final,269,2378,Marquette,UMBC,67,42,,,,0,,,,,,,,,,2,,0,Milwaukee,WI,1,188,,,,-6.0,"37,30","24,18"
ncaab:401083627,ncaab,2018-11-07T02:00Z,final,2250,304,Gonzaga,Idaho St,120,79,,,,0,,,,,,,,,,2,,0,Spokane,WA,1,571,,,,-8.0,"60,60","42,37"
ncaab:401086066,ncaab,2018-11-07T02:00Z,final,2350,140,Loyola Chicago,Kansas City,76,45,,,,0,,,,,,,,,,2,,0,Chicago,IL,1,179,,,,-6.0,"40,36","18,27"
ncaab:401086070,ncaab,2018-11-07T02:00Z,final,3084,224,Utah Valley,Westminster UT,96,71,,,,0,,,,,,,,,,2,,0,Orem,UT,1,1455,,,,-7.0,"42,54","27,44"
ncaab:401086603,ncaab,2018-11-07T02:00Z,final,2172,311,Denver,Maine,63,50,,,,0,,,,,,,,,,2,,0,Denver,CO,1,1609,,,,-7.0,"27,36","27,23"
ncaab:401086807,ncaab,2018-11-07T02:00Z,final,147,328,Montana St,Utah State,71,101,,,,0,,,,,,,,,,2,,0,Bozeman,MT,1,1468,,,,-7.0,"34,37","50,51"
ncaab:401087119,ncaab,2018-11-07T02:00Z,final,204,27,Oregon St,UC Riverside,72,59,,,,0,,,,,,,,,,2,,0,Corvallis,OR,1,71,,,,-8.0,"28,44","27,32"
ncaab:401087147,ncaab,2018-11-07T02:00Z,final,26,2870,UCLA,Purdue FW,96,71,,,,0,,,,,,,,,,2,,0,Los Angeles,CA,1,89,,,,-8.0,"48,48","31,40"
ncaab:401089384,ncaab,2018-11-07T02:00Z,final,2466,2113,N'Western St,Centenary (LA),102,62,,,,0,,,,,,,,,,2,,0,Natchitoches,LA,1,36,,,,-6.0,"55,47","39,23"
ncaab:401090292,ncaab,2018-11-07T02:00Z,final,2638,94822,UTEP,TX Perm Basin,90,63,,,,0,,,,,,,,,,2,,0,El Paso,TX,1,1133,,,,-7.0,"38,52","34,29"
ncaab:401082918,ncaab,2018-11-07T02:30Z,final,238,2737,Vanderbilt,Winthrop,92,79,,,,0,,,,,,,,,,2,,0,Nashville,TN,1,170,,,,-6.0,"47,45","40,39"
ncaab:401083374,ncaab,2018-11-07T02:30Z,final,239,2640,Baylor,Texas Southern,69,72,,,,0,,,,,,,,,,2,,0,Waco,TX,1,143,,,,-6.0,"40,29","27,45"
ncaab:401086071,ncaab,2018-11-07T02:30Z,final,166,2449,New Mexico St,N Dakota St,73,56,,,,0,,,,,,,,,,2,,0,Las Cruces,NM,1,1191,,,,-7.0,"36,37","20,36"
ncaab:401083702,ncaab,2018-11-07T03:00Z,final,2501,109661,Portland,Multnomah,111,103,,,,0,,,,,,,,,,2,,0,Portland,OR,1,12,,,,-8.0,"54,57","56,47"
ncaab:401083745,ncaab,2018-11-07T03:00Z,final,302,2539,UC Davis,San Francisco,42,76,,,,0,,,,,,,,,,2,,0,Davis,CA,1,16,,,,-8.0,"26,16","46,30"
ncaab:401085322,ncaab,2018-11-07T03:00Z,final,2463,167,CSU Northridge,New Mexico,84,87,,,,0,,,,,,,,,,2,,0,Northridge,CA,1,246,,,,-8.0,"42,42","42,45"
ncaab:401086067,ncaab,2018-11-07T03:00Z,final,24,2547,Stanford,Seattle U,96,74,,,,0,,,,,,,,,,2,,0,Stanford,CA,1,23,,,,-8.0,"40,56","36,38"
ncaab:401086808,ncaab,2018-11-07T03:00Z,final,301,2692,San Diego,Weber St,83,66,,,,0,,,,,,,,,,2,,0,San Diego,CA,1,20,,,,-8.0,"25,58","32,34"
ncaab:401086983,ncaab,2018-11-07T03:00Z,final,300,70,UC Irvine,Idaho,86,68,,,,0,,,,,,,,,,2,,0,Irvine,CA,1,17,,,,-8.0,"30,56","34,34"
ncaab:401087823,ncaab,2018-11-07T03:00Z,final,2751,2540,Wyoming,Santa Barbara,66,76,,,,0,,,,,,,,,,2,,0,Laramie,WY,1,2184,,,,-7.0,"35,31","39,37"
ncaab:401088978,ncaab,2018-11-07T03:00Z,final,21,2029,San Diego St,AR-Pine Bluff,76,60,,,,0,,,,,,,,,,2,,0,San Diego,CA,1,20,,,,-8.0,"36,40","29,31"
ncaab:401089662,ncaab,2018-11-07T03:00Z,final,278,1,Fresno St,AK-Anchorage,91,63,,,,0,,,,,,,,,,2,,0,Fresno,CA,1,94,,,,-8.0,"41,50","32,31"
ncaab:401082669,ncaab,2018-11-07T03:03Z,final,96,150,Kentucky,Duke,84,118,,,,1,,,,,,,,,,2,,0,Indianapolis,IN,1,218,,,,-5.0,"42,42","59,59"
ncaab:401087177,ncaab,2018-11-07T03:30Z,final,264,98,Washington,Western KY,73,55,,,,0,,,,,,,,,,2,,0,Seattle,WA,1,56,,,,-8.0,"27,46","36,19"
ncaab:401083597,ncaab,2018-11-07T04:00Z,final,2440,252,Nevada,BYU,86,70,,,,0,,,,,,,,,,2,,0,Reno,NV,1,1373,,,,-8.0,"34,52","34,36"
ncaab:401086810,ncaab,2018-11-07T04:00Z,final,2483,2502,Oregon,Portland St,84,57,,,,0,,,,,,,,,,2,,0,Eugene,OR,1,131,,,,-8.0,"45,39","29,28"
ncaab:401087161,ncaab,2018-11-07T04:00Z,final,30,2523,USC,Robert Morris,83,62,,,,0,,,,,,,,,,2,,0,Los Angeles,CA,1,89,,,,-8.0,"37,46","35,27"
ncaab:401082547,ncaab,2018-11-07T23:00Z,final,2132,194,Cincinnati,Ohio State,56,64,,,,0,,,,,,,,,,2,,0,Cincinnati,OH,1,191,,,,-5.0,"18,38","27,37"
ncaab:401085596,ncaab,2018-11-08T00:00Z,final,2168,2454,Dayton,North Florida,78,70,,,,0,,,,,,,,,,2,,0,Dayton,OH,1,225,,,,-5.0,"41,37","35,35"
ncaab:401085717,ncaab,2018-11-08T00:00Z,final,179,2083,St Bonaventure,Bucknell,85,88,,,,0,,,,,,,,,,2,,0,Saint Bonaventure,NY,1,435,,,,-5.0,"35,36,14","31,40,17"
ncaab:401085884,ncaab,2018-11-08T00:00Z,final,2729,2272,William & Mary,High Point,79,69,,,,0,,,,,,,,,,2,,0,Williamsburg,VA,1,25,,,,-5.0,"34,45","30,39"
ncaab:401086058,ncaab,2018-11-08T00:00Z,final,2612,322,Saint Peter's,Lafayette,93,86,,,,0,,,,,,,,,,2,,0,Jersey City,NJ,1,9,,,,-5.0,"33,46,14","40,39,7"
ncaab:401086794,ncaab,2018-11-08T00:00Z,final,56,3097,Stetson,JohnsonFL,116,66,,,,0,,,,,,,,,,2,,0,DeLand,FL,1,12,,,,-5.0,"60,56","34,32"
ncaab:401087334,ncaab,2018-11-08T00:00Z,final,2226,53,FAU,Florida Tech,98,52,,,,0,,,,,,,,,,2,,0,Boca Raton,FL,1,4,,,,-5.0,"40,58","20,32"
ncaab:401087354,ncaab,2018-11-08T00:00Z,final,2229,2691,FIU,Webber Int'l,110,84,,,,0,,,,,,,,,,2,,0,Miami,FL,1,2,,,,-5.0,"57,53","42,42"
ncaab:401087395,ncaab,2018-11-08T00:00Z,final,195,2726,Ohio,Wilberforce,97,61,,,,0,,,,,,,,,,2,,0,Athens,OH,1,219,,,,-5.0,"48,49","29,32"
ncaab:401087788,ncaab,2018-11-08T00:00Z,final,2597,2380,St Francis BK,Medgar Evers,92,42,,,,0,,,,,,,,,,2,,0,Brooklyn,NY,1,15,,,,-5.0,"46,46","17,25"
ncaab:401088036,ncaab,2018-11-08T00:00Z,final,290,3117,GA Southern,Carver,139,51,,,,0,,,,,,,,,,2,,0,Statesboro,GA,1,77,,,,-5.0,"61,78","26,25"
ncaab:401088182,ncaab,2018-11-08T00:00Z,final,2198,276,E Kentucky,Marshall,77,105,,,,0,,,,,,,,,,2,,0,Richmond,KY,1,289,,,,-5.0,"38,39","57,48"
ncaab:401088904,ncaab,2018-11-08T00:00Z,final,2750,2717,Wright St,W Carolina,96,73,,,,0,,,,,,,,,,2,,0,Dayton,OH,1,225,,,,-5.0,"52,44","26,47"
ncaab:401090978,ncaab,2018-11-08T00:00Z,final,47,408,Howard,Wsh Advent,115,91,,,,0,,,,,,,,,,2,,0,Washington,DC,1,7,,,,-5.0,"46,69","40,51"
ncaab:401083291,ncaab,2018-11-08T00:30Z,final,305,2065,DePaul,Bethune,80,58,,,,0,,,,,,,,,,2,,0,Chicago,IL,1,179,,,,-6.0,"43,37","31,27"
ncaab:401090242,ncaab,2018-11-08T00:30Z,final,338,2476,Kennesaw St,Oglethorpe,68,57,,,,0,,,,,,,,,,2,,0,Kennesaw,GA,1,332,,,,-5.0,"32,36","31,26"
ncaab:401089113,ncaab,2018-11-08T01:00Z,final,357,2758,Texas A&M-CC,Howard Payne,81,34,,,,0,,,,,,,,,,2,,0,Corpus Christi,TX,1,2,,,,-6.0,"43,38","12,22"
ncaab:401089164,ncaab,2018-11-08T01:00Z,final,71,2742,Bradley,Parkside,74,58,,,,0,,,,,,,,,,2,,0,Peoria,IL,1,153,,,,-6.0,"40,34","28,30"
ncaab:401089406,ncaab,2018-11-08T01:00Z,final,233,109998,South Dakota,York (NE),83,58,,,,0,,,,,,,,,,2,,0,Vermillion,SD,1,374,,,,-6.0,"45,38","32,26"
ncaab:401090313,ncaab,2018-11-08T01:00Z,final,2636,244,UTSA,St Edward's,76,77,,,,0,,,,,,,,,,2,,0,San Antonio,TX,1,198,,,,-6.0,"32,44","34,43"
ncaab:401083509,ncaab,2018-11-08T02:00Z,final,2628,2934,TCU,Bakersfield,66,61,,,,0,,,,,,,,,,2,,0,Fort Worth,TX,1,199,,,,-6.0,"28,38","37,24"
ncaab:401087013,ncaab,2018-11-08T02:00Z,final,12,2277,Arizona,Hou Christian,90,60,,,,0,,,,,,,,,,2,,0,Tucson,AZ,1,759,,,,-7.0,"33,57","24,36"
ncaab:401089647,ncaab,2018-11-08T02:00Z,final,36,2862,Colorado St,CO Christian,100,66,,,,0,,,,,,,,,,2,,0,Fort Collins,CO,1,1525,,,,-7.0,"53,47","29,37"
ncaab:401084853,ncaab,2018-11-08T02:30Z,final,245,2542,Texas A&M,Savannah St,98,83,,,,0,,,,,,,,,,2,,0,College Station,TX,1,103,,,,-6.0,"53,45","37,46"
ncaab:401083678,ncaab,2018-11-08T03:00Z,final,2492,2092,Pepperdine,Cal State DH,100,66,,,,0,,,,,,,,,,2,,0,Malibu,CA,1,32,,,,-8.0,"51,49","33,33"
ncaab:401083725,ncaab,2018-11-08T03:00Z,final,2608,2377,Saint Mary's,McNeese,87,65,,,,0,,,,,,,,,,2,,0,Moraga,CA,1,152,,,,-8.0,"34,53","23,42"
ncaab:401085293,ncaab,2018-11-08T03:00Z,final,13,2381,Cal Poly,Menlo,82,75,,,,0,,,,,,,,,,2,,0,San Luis Obispo,CA,1,71,,,,-8.0,"35,47","31,44"
ncaab:401090033,ncaab,2018-11-08T03:00Z,final,23,109670,San José St,Life Pacific,89,72,,,,0,,,,,,,,,,2,,0,San Jose,CA,1,26,,,,-8.0,"49,40","38,34"
ncaab:401082821,ncaab,2018-11-09T00:00Z,final,87,2130,Notre Dame,Chicago St,89,62,,,,0,,,,,,,,,,2,,0,South Bend,IN,1,211,,,,-5.0,"40,49","35,27"
ncaab:401082908,ncaab,2018-11-09T00:00Z,final,97,2447,Louisville,Nicholls,85,72,,,,0,,,,,,,,,,2,,0,Louisville,KY,1,142,,,,-5.0,"35,50","25,47"
ncaab:401084613,ncaab,2018-11-09T00:00Z,final,41,2413,UConn,Morehead St,80,70,,,,0,,,,,,,,,,2,,0,Storrs,CT,1,187,,,,-5.0,"37,43","33,37"
ncaab:401086049,ncaab,2018-11-09T00:00Z,final,45,2561,G Washington,Siena,61,69,,,,0,,,,,,,,,,2,,0,Washington,DC,1,7,,,,-5.0,"32,29","39,30"
ncaab:401086653,ncaab,2018-11-09T00:00Z,final,526,3105,FGCU,Southeastern,81,54,,,,0,,,,,,,,,,2,,0,Fort Myers,FL,1,3,,,,-5.0,"35,46","24,30"
ncaab:401086704,ncaab,2018-11-09T00:00Z,final,2335,554,Liberty,ME Fort Kent,89,40,,,,0,,,,,,,,,,2,,0,Lynchburg,VA,1,192,,,,-5.0,"29,60","21,19"
ncaab:401088143,ncaab,2018-11-09T00:00Z,final,2427,2592,UNC Asheville,St Andrews,87,47,,,,0,,,,,,,,,,2,,0,Asheville,NC,1,649,,,,-5.0,"42,45","22,25"
ncaab:401088865,ncaab,2018-11-09T00:00Z,final,2193,3171,ETSU,Hiwassee,109,44,,,,0,,,,,,,,,,2,,0,Johnson City,TN,1,498,,,,-5.0,"58,51","19,25"
ncaab:401089034,ncaab,2018-11-09T00:00Z,final,2870,2189,Purdue FW,Earlham,112,51,,,,0,,,,,,,,,,2,,0,Fort Wayne,IN,1,247,,,,-5.0,"46,66","22,29"
ncaab:401090373,ncaab,2018-11-09T00:00Z,final,2450,108806,Norfolk St,Mid Atl Chrstn,108,50,,,,0,,,,,,,,,,2,,0,Norfolk,VA,1,2,,,,-5.0,"52,56","21,29"
ncaab:401093604,ncaab,2018-11-09T00:00Z,final,172,111947,Cornell,SUNY Canton,86,44,,,,0,,,,,,,,,,2,,0,Ithaca,NY,1,125,,,,-5.0,"42,44","18,26"
ncaab:401087829,ncaab,2018-11-09T00:30Z,final,2031,199,Little Rock,SE Oklahoma St,101,92,,,,0,,,,,,,,,,2,,0,Little Rock,AR,1,102,,,,-6.0,"34,45,22","39,40,13"
ncaab:401089137,ncaab,2018-11-09T00:30Z,final,2617,2904,SF Austin,Nelson,68,67,,,,0,,,,,,,,,,2,,0,Nacogdoches,TX,1,92,,,,-6.0,"36,32","33,34"
ncaab:401082333,ncaab,2018-11-09T01:00Z,final,356,339,Illinois,Evansville,99,60,,,,0,,,,,,,,,,2,,0,Champaign,IL,1,225,,,,-6.0,"53,46","22,38"
ncaab:401082391,ncaab,2018-11-09T01:00Z,final,2294,140,Iowa,Kansas City,77,63,,,,0,,,,,,,,,,2,,0,Iowa City,IA,1,204,,,,-6.0,"34,43","26,37"
ncaab:401082530,ncaab,2018-11-09T01:00Z,final,77,2443,Northwestern,LSU N Orleans,82,52,,,,0,,,,,,,,,,2,,0,Evanston,IL,1,187,,,,-6.0,"36,46","28,24"
ncaab:401084646,ncaab,2018-11-09T01:00Z,final,2567,2466,SMU,N'Western St,69,58,,,,0,,,,,,,,,,2,,0,Dallas,TX,1,128,,,,-6.0,"34,35","29,29"
ncaab:401088908,ncaab,2018-11-09T01:00Z,final,2571,2011,S Dakota St,Alabama St,78,61,,,,0,,,,,,,,,,2,,0,Brookings,SD,1,494,,,,-6.0,"54,24","38,23"
ncaab:401089165,ncaab,2018-11-09T01:00Z,final,2181,63,Drake,Buena Vista,98,52,,,,0,,,,,,,,,,2,,0,Des Moines,IA,1,266,,,,-6.0,"49,49","27,25"
ncaab:401089207,ncaab,2018-11-09T01:00Z,final,2534,2588,Sam Houston,Southwestern,94,56,,,,0,,,,,,,,,,2,,0,Huntsville,TX,1,113,,,,-6.0,"43,51","23,33"
ncaab:401089640,ncaab,2018-11-09T01:00Z,final,2110,418,C Arkansas,Hendrix,99,73,,,,0,,,,,,,,,,2,,0,Conway,AR,1,95,,,,-6.0,"46,53","34,39"
ncaab:401086604,ncaab,2018-11-09T02:00Z,final,254,311,Utah,Maine,75,61,,,,0,,,,,,,,,,2,,0,Salt Lake City,UT,1,1299,,,,-7.0,"45,30","28,33"
ncaab:401086072,ncaab,2018-11-09T03:00Z,final,2547,2508,Seattle U,Puget Sound,95,67,,,,0,,,,,,,,,,2,,0,Seattle,WA,1,56,,,,-8.0,"46,49","26,41"
ncaab:401083934,ncaab,2018-11-09T16:00Z,final,2199,2182,E Michigan,Drexel,66,62,,,,0,,,,,,,,,,2,,0,Ypsilanti,MI,1,219,,,,-5.0,"30,36","28,34"
ncaab:401088207,ncaab,2018-11-09T17:00Z,final,2393,2397,MTSU,Milligan,102,70,,,,0,,,,,,,,,,2,,0,Murfreesboro,TN,1,186,,,,-6.0,"55,47","25,45"
ncaab:401089364,ncaab,2018-11-09T18:00Z,final,2437,63,Omaha,Buena Vista,94,58,,,,0,,,,,,,,,,2,,0,Omaha,NE,1,323,,,,-6.0,"44,50","44,14"
ncaab:401086073,ncaab,2018-11-09T19:00Z,final,2934,109597,Bakersfield,Antelope Val,111,75,,,,0,,,,,,,,,,2,,0,Bakersfield,CA,1,123,,,,-8.0,"68,43","47,28"
ncaab:401089166,ncaab,2018-11-09T21:30Z,final,2739,282,Green Bay,Indiana St,74,78,,,,0,,,,,,,,,,2,,0,Green Bay,WI,1,180,,,,-6.0,"33,41","40,38"
ncaab:401083309,ncaab,2018-11-09T23:00Z,final,2507,2724,Providence,Wichita St,80,83,,,,1,,,,,,,,,,2,,0,Annapolis,MD,1,12,,,,-5.0,"39,41","44,39"
ncaab:401083338,ncaab,2018-11-09T23:30Z,final,2599,189,St John's,Bowling Green,84,80,,,,0,,,,,,,,,,2,,0,Queens,NY,1,12,,,,-5.0,"37,47","39,41"
ncaab:401082591,ncaab,2018-11-10T00:00Z,final,164,161,Rutgers,FDU,90,55,,,,0,,,,,,,,,,2,,0,Piscataway,NJ,1,30,,,,-5.0,"43,47","33,22"
ncaab:401082643,ncaab,2018-11-10T00:00Z,final,228,2428,Clemson,NC Central,71,51,,,,0,,,,,,,,,,2,,0,Clemson,SC,1,221,,,,-5.0,"40,31","20,31"
ncaab:401082740,ncaab,2018-11-10T00:00Z,final,259,2241,Virginia Tech,Gardner-Webb,87,59,,,,0,,,,,,,,,,2,,0,Blacksburg,VA,1,633,,,,-5.0,"42,45","33,26"
ncaab:401082801,ncaab,2018-11-10T00:00Z,final,221,2678,Pitt,VMI,94,55,,,,0,,,,,,,,,,2,,0,Pittsburgh,PA,1,233,,,,-5.0,"42,52","24,31"
ncaab:401082854,ncaab,2018-11-10T00:00Z,final,2210,153,Elon,North Carolina,67,116,,,,0,,,,,,,,,,2,,0,Elon,NC,1,215,,,,-5.0,"45,22","63,53"
ncaab:401082873,ncaab,2018-11-10T00:00Z,final,2390,2329,Miami,Lehigh,83,62,,,,0,,,,,,,,,,2,,0,Coral Gables,FL,1,3,,,,-5.0,"38,45","26,36"
ncaab:401082975,ncaab,2018-11-10T00:00Z,final,2633,309,Tennessee,Louisiana,87,65,,,,0,,,,,,,,,,2,,0,Knoxville,TN,1,276,,,,-5.0,"48,39","31,34"
ncaab:401082997,ncaab,2018-11-10T00:00Z,final,251,8,Texas,Arkansas,73,71,,,,1,,,,,,,,,,2,,0,Fort Bliss,TX,1,1186,,,,-7.0,"36,27,10","30,33,8"
ncaab:401083022,ncaab,2018-11-10T00:00Z,final,2579,2619,South Carolina,Stony Brook,81,83,,,,0,,,,,,,,,,2,,0,Columbia,SC,1,89,,,,-5.0,"32,49","33,50"
ncaab:401083045,ncaab,2018-11-10T00:00Z,final,66,142,Iowa State,Missouri,76,59,,,,0,,,,,,,,,,2,,0,Ames,IA,1,287,,,,-6.0,"34,42","25,34"
ncaab:401083123,ncaab,2018-11-10T00:00Z,final,96,79,Kentucky,S Illinois,71,59,,,,0,,,,,,,,,,2,,0,Lexington,KY,1,295,,,,-5.0,"31,40","28,31"
ncaab:401083154,ncaab,2018-11-10T00:00Z,final,57,2127,Florida,Charleston So,76,46,,,,0,,,,,,,,,,2,,0,Gainesville,FL,1,54,,,,-5.0,"36,40","20,26"
ncaab:401084022,ncaab,2018-11-10T00:00Z,final,350,24,UNC Wilmington,Stanford,59,72,,,,0,,,,,,,,,,2,,0,Wilmington,NC,1,9,,,,-5.0,"25,34","39,33"
ncaab:401084054,ncaab,2018-11-10T00:00Z,final,108,111,Harvard,Northeastern,71,81,,,,0,,,,,,,,,,2,,0,Cambridge,MA,1,5,,,,-5.0,"33,38","33,48"
ncaab:401084647,ncaab,2018-11-10T00:00Z,final,218,2174,Temple,Detroit Mercy,83,67,,,,0,,,,,,,,,,2,,0,Philadelphia,PA,1,12,,,,-5.0,"37,46","41,26"
ncaab:401085574,ncaab,2018-11-10T00:00Z,final,2166,159,Davidson,Dartmouth,79,76,,,,0,,,,,,,,,,2,,0,Davidson,NC,1,256,,,,-5.0,"33,46","40,36"
ncaab:401085653,ncaab,2018-11-10T00:00Z,final,257,2344,Richmond,Longwood,58,63,,,,0,,,,,,,,,,2,,0,Richmond,VA,1,64,,,,-5.0,"33,25","34,29"
ncaab:401085736,ncaab,2018-11-10T00:00Z,final,2670,2261,VCU,Hampton,69,57,,,,0,,,,,,,,,,2,,0,Richmond,VA,1,64,,,,-5.0,"35,34","19,38"
ncaab:401086013,ncaab,2018-11-10T00:00Z,final,2142,2405,Colgate,Monmouth,87,74,,,,0,,,,,,,,,,2,,0,Hamilton,NY,1,181,,,,-5.0,"34,53","35,39"
ncaab:401086298,ncaab,2018-11-10T00:00Z,final,2244,44,George Mason,American,75,78,,,,0,,,,,,,,,,2,,0,Fairfax,VA,1,131,,,,-5.0,"31,35,9","32,34,12"
ncaab:401086330,ncaab,2018-11-10T00:00Z,final,113,160,UMass,New Hampshire,104,75,,,,0,,,,,,,,,,2,,0,Amherst,MA,1,82,,,,-5.0,"56,48","29,46"
ncaab:401087316,ncaab,2018-11-10T00:00Z,final,104,261,Boston U,Vermont,72,78,,,,0,,,,,,,,,,2,,0,Boston,MA,1,14,,,,-5.0,"39,33","33,45"
ncaab:401087355,ncaab,2018-11-10T00:00Z,final,2229,543,FIU,Jnsnwlfl,117,47,,,,0,,,,,,,,,,2,,0,Miami,FL,1,2,,,,-5.0,"70,47","27,20"
ncaab:401087374,ncaab,2018-11-10T00:00Z,final,2459,94,N Illinois,N Kentucky,85,88,,,,0,,,,,,,,,,2,,0,Dekalb,IL,1,268,,,,-6.0,"35,30,10,10","27,38,10,13"
ncaab:401087414,ncaab,2018-11-10T00:00Z,final,2473,2649,Oakland,Toledo,86,87,,,,0,,,,,,,,,,2,,0,Rochester,MI,1,229,,,,-5.0,"37,49","36,51"
ncaab:401088510,ncaab,2018-11-10T00:00Z,final,2117,2130,C Michigan,Chicago St,101,60,,,,0,,,,,,,,,,2,,0,Mount Pleasant,MI,1,235,,,,-5.0,"61,40","32,28"
ncaab:401088890,ncaab,2018-11-10T00:00Z,final,2382,2496,Mercer,Piedmont,105,52,,,,0,,,,,,,,,,2,,0,Macon,GA,1,112,,,,-5.0,"55,50","24,28"
ncaab:401089359,ncaab,2018-11-10T00:00Z,final,2598,2415,Saint Francis,Morgan St,80,60,,,,0,,,,,,,,,,2,,0,Loretto,PA,1,595,,,,-5.0,"42,38","28,32"
ncaab:401093606,ncaab,2018-11-10T00:00Z,final,163,111949,Princeton,DeSales,85,51,,,,0,,,,,,,,,,2,,0,Princeton,NJ,1,62,,,,-5.0,"48,37","27,24"
ncaab:401082564,ncaab,2018-11-10T00:30Z,final,213,2454,Penn State,North Florida,87,72,,,,0,,,,,,,,,,2,,0,University Park,PA,1,348,,,,-5.0,"40,47","28,44"
ncaab:401082895,ncaab,2018-11-10T00:30Z,final,59,2320,Georgia Tech,Lamar,88,69,,,,0,,,,,,,,,,2,,0,Atlanta,GA,1,320,,,,-5.0,"44,44","22,47"
ncaab:401083063,ncaab,2018-11-10T00:30Z,final,344,2046,Mississippi St,Austin Peay,95,67,,,,0,,,,,,,,,,2,,0,Starkville,MS,1,101,,,,-6.0,"50,45","34,33"
ncaab:401083853,ncaab,2018-11-10T00:30Z,final,2275,116,Hofstra,Mount St Marys,79,61,,,,0,,,,,,,,,,2,,0,Hempstead,NY,1,17,,,,-5.0,"31,48","28,33"
ncaab:401085677,ncaab,2018-11-10T00:30Z,final,2603,295,Saint Joseph's,Old Dominion,79,64,,,,0,,,,,,,,,,2,,0,Philadelphia,PA,1,12,,,,-5.0,"42,37","39,25"
ncaab:401087876,ncaab,2018-11-10T00:30Z,final,112358,225,Long Island,Brown,83,81,,,,0,,,,,,,,,,2,,0,Brooklyn,NY,1,15,,,,-5.0,"43,40","40,41"
ncaab:401088144,ncaab,2018-11-10T00:30Z,final,2097,324,Campbell,Coastal,75,85,,,,0,,,,,,,,,,2,,0,Buies Creek,NC,1,63,,,,-5.0,"35,40","38,47"
ncaab:401088792,ncaab,2018-11-10T00:30Z,final,2535,55,Samford,Jax State,92,72,,,,0,,,,,,,,,,2,,0,Homewood,AL,1,203,,,,-6.0,"47,45","28,44"
ncaab:401083959,ncaab,2018-11-10T00:45Z,final,151,256,East Carolina,James Madison,72,73,,,,0,,,,,,,,,,2,,0,Greenville,NC,1,18,,,,-5.0,"30,42","35,38"
ncaab:401082363,ncaab,2018-11-10T01:00Z,final,84,147,Indiana,Montana St,80,35,,,,0,,,,,,,,,,2,,0,Bloomington,IN,1,235,,,,-5.0,"43,37","19,16"
ncaab:401083105,ncaab,2018-11-10T01:00Z,final,99,2430,LSU,UNC Greensboro,97,91,,,,0,,,,,,,,,,2,,0,Baton Rouge,LA,1,14,,,,-6.0,"49,48","36,55"
ncaab:401083426,ncaab,2018-11-10T01:00Z,final,2306,338,Kansas St,Kennesaw St,56,41,,,,0,,,,,,,,,,2,,0,Manhattan,KS,1,311,,,,-6.0,"31,25","27,14"
ncaab:401085947,ncaab,2018-11-10T01:00Z,final,314,399,Iona,UAlbany,72,68,,,,0,,,,,,,,,,2,,0,New Rochelle,NY,1,26,,,,-5.0,"26,46","30,38"
ncaab:401086538,ncaab,2018-11-10T01:00Z,final,2066,2885,Binghamton,NJIT,57,74,,,,0,,,,,,,,,,2,,0,Binghamton,NY,1,264,,,,-5.0,"20,37","29,45"
ncaab:401087496,ncaab,2018-11-10T01:00Z,final,2623,2523,Missouri St,Robert Morris,74,60,,,,0,,,,,,,,,,2,,0,Springfield,MO,1,396,,,,-6.0,"33,41","29,31"
ncaab:401087898,ncaab,2018-11-10T01:00Z,final,326,2005,Texas St,Air Force,67,57,,,,0,,,,,,,,,,2,,0,San Marcos,TX,1,188,,,,-6.0,"32,35","22,35"
ncaab:401088418,ncaab,2018-11-10T01:00Z,final,219,242,Penn,Rice,92,76,,,,0,,,,,,,,,,2,,0,Philadelphia,PA,1,12,,,,-5.0,"37,55","35,41"
ncaab:401088888,ncaab,2018-11-10T01:00Z,final,2350,231,Loyola Chicago,Furman,58,60,,,,0,,,,,,,,,,2,,0,Chicago,IL,1,179,,,,-6.0,"28,30","27,33"
ncaab:401088926,ncaab,2018-11-10T01:00Z,final,2016,494,Alcorn St,Blue Mountain,79,55,,,,0,,,,,,,,,,2,,0,Lorman,MS,1,66,,,,-6.0,"41,38","31,24"
ncaab:401089114,ncaab,2018-11-10T01:00Z,final,357,3158,Texas A&M-CC,Lady of Lake,113,83,,,,0,,,,,,,,,,2,,0,Corpus Christi,TX,1,2,,,,-6.0,"53,60","38,45"
ncaab:401089186,ncaab,2018-11-10T01:00Z,final,2545,2730,SE Louisiana,William Carey,78,57,,,,0,,,,,,,,,,2,,0,Hammond,LA,1,13,,,,-6.0,"43,35","28,29"
ncaab:401089397,ncaab,2018-11-10T01:00Z,final,198,7560,Oral Roberts,SW Col (KS),79,62,,,,0,,,,,,,,,,2,,0,Tulsa,OK,1,220,,,,-6.0,"42,37","30,32"
ncaab:401089624,ncaab,2018-11-10T01:00Z,final,2916,2595,Incarnate Word,St Francis IL,63,49,,,,0,,,,,,,,,,2,,0,San Antonio,TX,1,198,,,,-6.0,"32,31","24,25"
ncaab:401082419,ncaab,2018-11-10T01:30Z,final,2426,120,Navy,Maryland,57,78,,,,0,,,,,,,,,,2,,0,Annapolis,MD,1,12,,,,-5.0,"25,32","33,45"
ncaab:401083139,ncaab,2018-11-10T01:30Z,final,61,2542,Georgia,Savannah St,110,76,,,,0,,,,,,,,,,2,,0,Athens,GA,1,228,,,,-5.0,"59,51","34,42"
ncaab:401083538,ncaab,2018-11-10T01:30Z,final,292,201,UT Rio Grande,Oklahoma,76,91,,,,0,,,,,,,,,,2,,0,Edinburg,TX,1,30,,,,-6.0,"31,45","43,48"
ncaab:401088111,ncaab,2018-11-10T01:30Z,final,2000,2032,Abilene Chrstn,Arkansas St,94,73,,,,0,,,,,,,,,,2,,0,Abilene,TX,1,524,,,,-6.0,"48,46","33,40"
ncaab:401088995,ncaab,2018-11-10T01:30Z,final,2755,2299,Grambling,Jarvis Chrstn,105,68,,,,0,,,,,,,,,,2,,0,Grambling,LA,1,93,,,,-6.0,"45,60","24,44"
ncaab:401083454,ncaab,2018-11-10T02:00Z,final,277,2084,West Virginia,Buffalo,94,99,,,,0,,,,,,,,,,2,,0,Morgantown,WV,1,271,,,,-5.0,"38,46,10","30,54,15"
ncaab:401083475,ncaab,2018-11-10T02:00Z,final,2641,2400,Texas Tech,Miss Valley St,84,52,,,,0,,,,,,,,,,2,,0,Lubbock,TX,1,976,,,,-6.0,"43,41","20,32"
ncaab:401086074,ncaab,2018-11-10T02:00Z,final,166,2638,New Mexico St,UTEP,96,69,,,,0,,,,,,,,,,2,,0,Las Cruces,NM,1,1191,,,,-7.0,"43,53","39,30"
ncaab:401086563,ncaab,2018-11-10T02:00Z,final,328,42,Utah State,Hartford,100,73,,,,0,,,,,,,,,,2,,0,Logan,UT,1,1382,,,,-7.0,"53,47","31,42"
ncaab:401086812,ncaab,2018-11-10T02:00Z,final,2483,331,Oregon,E Washington,81,47,,,,0,,,,,,,,,,2,,0,Eugene,OR,1,131,,,,-8.0,"35,46","15,32"
ncaab:401086813,ncaab,2018-11-10T02:00Z,final,2458,2144,N Colorado,Colorado Coll,126,56,,,,0,,,,,,,,,,2,,0,Greeley,CO,1,1425,,,,-7.0,"60,66","30,26"
ncaab:401086814,ncaab,2018-11-10T02:00Z,final,2692,3246,Weber St,Bethesda,123,53,,,,0,,,,,,,,,,2,,0,Ogden,UT,1,1311,,,,-7.0,"63,60","22,31"
ncaab:401086987,ncaab,2018-11-10T02:00Z,final,149,2247,Montana,Georgia St,81,74,,,,0,,,,,,,,,,2,,0,Missoula,MT,1,978,,,,-7.0,"33,48","33,41"
ncaab:401087035,ncaab,2018-11-10T02:00Z,final,9,2377,Arizona St,McNeese,80,52,,,,0,,,,,,,,,,2,,0,Tempe,AZ,1,360,,,,-7.0,"33,47","23,29"
ncaab:401088145,ncaab,2018-11-10T02:00Z,final,2515,82,Radford,UIC,88,78,,,,0,,,,,,,,,,2,,0,Radford,VA,1,567,,,,-5.0,"38,50","34,44"
ncaab:401083164,ncaab,2018-11-10T02:30Z,final,2,264,Auburn,Washington,88,66,,,,0,,,,,,,,,,2,,0,Auburn,AL,1,215,,,,-6.0,"48,40","30,36"
ncaab:401084854,ncaab,2018-11-10T02:30Z,final,245,300,Texas A&M,UC Irvine,73,74,,,,0,,,,,,,,,,2,,0,College Station,TX,1,103,,,,-6.0,"42,31","32,42"
ncaab:401090337,ncaab,2018-11-10T02:30Z,final,6183,249,Humboldt,North Texas,48,93,,,,1,,,,,,,,,,2,,0,Honolulu,HI,1,5,,,,-10.0,"23,25","49,44"
ncaab:401083598,ncaab,2018-11-10T03:00Z,final,252,3084,BYU,Utah Valley,75,65,,,,0,,,,,,,,,,2,,0,Provo,UT,1,1387,,,,-7.0,"25,50","26,39"
ncaab:401083652,ncaab,2018-11-10T03:00Z,final,2440,279,Nevada,Pacific,83,61,,,,0,,,,,,,,,,2,,0,Reno,NV,1,1373,,,,-8.0,"34,49","25,36"
ncaab:401083764,ncaab,2018-11-10T03:00Z,final,2541,2504,Santa Clara,Prairie View,64,81,,,,0,,,,,,,,,,2,,0,Santa Clara,CA,1,23,,,,-8.0,"24,40","42,39"
ncaab:401086075,ncaab,2018-11-10T03:00Z,final,2856,3096,CA Baptist,S Diego Christ,87,71,,,,0,,,,,,,,,,2,,0,Riverside,CA,1,252,,,,-8.0,"44,43","31,40"
ncaab:401087309,ncaab,2018-11-10T03:00Z,final,302,301,UC Davis,San Diego,57,76,,,,0,,,,,,,,,,2,,0,Davis,CA,1,16,,,,-8.0,"32,25","37,39"
ncaab:401086811,ncaab,2018-11-10T03:05Z,final,16,612,Sacramento St,Simpson (CA),76,52,,,,0,,,,,,,,,,2,,0,Sacramento,CA,1,9,,,,-8.0,"36,40","25,27"
ncaab:401087057,ncaab,2018-11-10T04:00Z,final,25,43,California,Yale,59,76,,,,1,,,,,,,,,,2,,0,Shanghai,China,1,221,,,,-6.0,"21,38","33,43"
ncaab:401087148,ncaab,2018-11-10T04:00Z,final,26,299,UCLA,Long Beach St,91,80,,,,0,,,,,,,,,,2,,0,Los Angeles,CA,1,89,,,,-8.0,"45,46","41,39"
ncaab:401083703,ncaab,2018-11-10T04:59Z,final,62,2501,Hawai'i,Portland,82,64,,,,0,,,,,,,,,,2,,0,Honolulu,HI,1,5,,,,-10.0,"36,46","34,30"
ncaab:401082838,ncaab,2018-11-10T17:00Z,final,152,2379,NC State,MD Eastern,95,49,,,,0,,,,,,,,,,2,,0,Raleigh,NC,1,96,,,,-5.0,"51,44","15,34"
ncaab:401083884,ncaab,2018-11-10T17:00Z,final,2717,232,W Carolina,Charleston,74,77,,,,0,,,,,,,,,,2,,0,Cullowhee,NC,1,645,,,,-5.0,"28,46","32,45"
ncaab:401086621,ncaab,2018-11-10T18:00Z,final,2349,2681,UMass Lowell,Wagner,88,84,,,,0,,,,,,,,,,2,,0,Lowell,MA,1,36,,,,-5.0,"34,39,15","36,37,11"
ncaab:401087300,ncaab,2018-11-10T18:00Z,final,2378,2828,UMBC,Shenandoah,93,45,,,,0,,,,,,,,,,2,,0,Baltimore,MD,1,10,,,,-5.0,"29,64","24,21"
ncaab:401087981,ncaab,2018-11-10T18:00Z,final,2433,2398,UL Monroe,Millsaps,94,52,,,,0,,,,,,,,,,2,,0,Monroe,LA,1,23,,,,-6.0,"39,55","32,20"
ncaab:401089891,ncaab,2018-11-10T18:00Z,final,85,2197,IU Indy,E Illinois,71,65,,,,0,,,,,,,,,,2,,0,Indianapolis,IN,1,218,,,,-5.0,"35,36","31,34"
ncaab:401094553,ncaab,2018-11-10T18:00Z,final,50,2657,Florida A&M,Tuskegee,62,55,,,,0,,,,,,,,,,2,,0,Tallahassee,FL,1,62,,,,-5.0,"32,30","32,23"
ncaab:401082718,ncaab,2018-11-10T19:00Z,final,154,2448,Wake Forest,NC A&T,90,78,,,,0,,,,,,,,,,2,,0,Winston-Salem,NC,1,293,,,,-5.0,"46,44","37,41"
ncaab:401085718,ncaab,2018-11-10T19:00Z,final,179,2296,St Bonaventure,Jackson St,67,36,,,,0,,,,,,,,,,2,,0,Saint Bonaventure,NY,1,435,,,,-5.0,"34,33","21,15"
ncaab:401086678,ncaab,2018-11-10T19:00Z,final,2464,294,N Arizona,Jacksonville,97,82,,,,0,,,,,,,,,,2,,0,Flagstaff,AZ,1,2104,,,,-7.0,"43,54","30,52"
ncaab:401088146,ncaab,2018-11-10T19:00Z,final,2272,2747,High Point,Wofford,60,68,,,,0,,,,,,,,,,2,,0,High Point,NC,1,281,,,,-5.0,"26,34","39,29"
ncaab:401089167,ncaab,2018-11-10T19:00Z,final,71,2546,Bradley,SE Missouri,68,57,,,,0,,,,,,,,,,2,,0,Peoria,IL,1,153,,,,-6.0,"31,37","23,34"
ncaab:401084648,ncaab,2018-11-10T20:00Z,final,248,2010,Houston,Alabama A&M,101,54,,,,0,,,,,,,,,,2,,0,Houston,TX,1,12,,,,-6.0,"43,58","18,36"
ncaab:401086322,ncaab,2018-11-10T20:00Z,final,2325,322,La Salle,Lafayette,76,77,,,,0,,,,,,,,,,2,,0,Philadelphia,PA,1,12,,,,-5.0,"37,39","34,43"
ncaab:401087120,ncaab,2018-11-10T20:00Z,final,204,2751,Oregon St,Wyoming,83,64,,,,0,,,,,,,,,,2,,0,Corvallis,OR,1,71,,,,-8.0,"41,42","32,32"
ncaab:401093582,ncaab,2018-11-10T20:00Z,final,2710,75,W Illinois,North Park,84,56,,,,0,,,,,,,,,,2,,0,Macomb,IL,1,215,,,,-6.0,"40,44","20,36"
ncaab:401083084,ncaab,2018-11-10T21:00Z,final,145,2711,Ole Miss,W Michigan,90,64,,,,0,,,,,,,,,,2,,0,Oxford,MS,1,154,,,,-6.0,"43,47","22,42"
ncaab:401083245,ncaab,2018-11-10T21:00Z,final,269,2065,Marquette,Bethune,92,59,,,,0,,,,,,,,,,2,,0,Milwaukee,WI,1,188,,,,-6.0,"51,41","27,32"
ncaab:401083363,ncaab,2018-11-10T21:00Z,final,2752,339,Xavier,Evansville,91,85,,,,0,,,,,,,,,,2,,0,Cincinnati,OH,1,191,,,,-5.0,"49,42","45,40"
ncaab:401083526,ncaab,2018-11-10T21:00Z,final,2429,197,Charlotte,Oklahoma St,66,64,,,,0,,,,,,,,,,2,,0,Charlotte,NC,1,229,,,,-5.0,"19,47","37,27"
ncaab:401086728,ncaab,2018-11-10T21:00Z,final,288,2634,Lipscomb,Tennessee St,86,79,,,,0,,,,,,,,,,2,,0,Nashville,TN,1,170,,,,-6.0,"41,45","40,39"
ncaab:401088148,ncaab,2018-11-10T21:00Z,final,2908,2913,SC Upstate,Brevard,86,43,,,,0,,,,,,,,,,2,,0,Spartanburg,SC,1,246,,,,-5.0,"44,42","24,19"
ncaab:401088979,ncaab,2018-11-10T21:00Z,final,36,2029,Colorado St,AR-Pine Bluff,92,67,,,,0,,,,,,,,,,2,,0,Fort Collins,CO,1,1525,,,,-7.0,"47,45","28,39"
ncaab:401083994,ncaab,2018-11-10T21:30Z,final,2006,2754,Akron,Youngstown St,98,69,,,,1,,,,,,,,,,2,,0,Cleveland,OH,1,199,,,,-5.0,"46,52","44,25"
ncaab:401084649,ncaab,2018-11-10T21:30Z,final,202,2569,Tulsa,SC State,74,52,,,,0,,,,,,,,,,2,,0,Tulsa,OK,1,220,,,,-6.0,"36,38","25,27"
ncaab:401083746,ncaab,2018-11-10T22:00Z,final,2539,311,San Francisco,Maine,93,50,,,,0,,,,,,,,,,2,,0,San Francisco,CA,1,16,,,,-8.0,"44,49","20,30"
ncaab:401085620,ncaab,2018-11-10T22:00Z,final,2184,2729,Duquesne,William & Mary,84,70,,,,0,,,,,,,,,,2,,0,Pittsburgh,PA,1,233,,,,-5.0,"36,48","33,37"
ncaab:401087235,ncaab,2018-11-10T22:00Z,final,2239,110418,Fullerton,West Coast,106,53,,,,0,,,,,,,,,,2,,0,Fullerton,CA,1,50,,,,-8.0,"58,48","16,37"
ncaab:401089493,ncaab,2018-11-10T22:00Z,final,2571,132,S Dakota St,Bemidji St,86,63,,,,0,,,,,,,,,,2,,0,Brookings,SD,1,494,,,,-6.0,"48,38","36,27"
ncaab:401083269,ncaab,2018-11-10T23:00Z,final,46,2115,Georgetown,C Connecticut,85,78,,,,0,,,,,,,,,,2,,0,Washington,DC,1,7,,,,-5.0,"37,48","26,52"
ncaab:401083375,ncaab,2018-11-10T23:00Z,final,239,2582,Baylor,Southern,80,53,,,,0,,,,,,,,,,2,,0,Waco,TX,1,143,,,,-6.0,"31,49","27,26"
ncaab:401083908,ncaab,2018-11-10T23:00Z,final,2612,48,Saint Peter's,Delaware,75,78,,,,0,,,,,,,,,,2,,0,Jersey City,NJ,1,9,,,,-5.0,"29,37,9","39,27,12"
ncaab:401082782,ncaab,2018-11-11T00:00Z,final,183,2413,Syracuse,Morehead St,84,70,,,,0,,,,,,,,,,2,,0,Syracuse,NY,1,121,,,,-5.0,"36,48","30,40"
ncaab:401083193,ncaab,2018-11-11T00:00Z,final,2086,193,Butler,Miami OH,90,68,,,,0,,,,,,,,,,2,,0,Indianapolis,IN,1,218,,,,-5.0,"45,45","33,35"
ncaab:401085597,ncaab,2018-11-11T00:00Z,final,2168,2154,Dayton,Coppin St,76,46,,,,0,,,,,,,,,,2,,0,Dayton,OH,1,225,,,,-5.0,"41,35","18,28"
ncaab:401085973,ncaab,2018-11-11T00:00Z,final,2368,171,Marist,Columbia,82,76,,,,0,,,,,,,,,,2,,0,Poughkeepsie,NY,1,62,,,,-5.0,"38,44","35,41"
ncaab:401086038,ncaab,2018-11-11T00:00Z,final,2083,2217,Bucknell,Fairfield,58,60,,,,0,,,,,,,,,,2,,0,Lewisburg,PA,1,144,,,,-5.0,"28,30","38,22"
ncaab:401087267,ncaab,2018-11-11T00:00Z,final,299,2381,Long Beach St,Menlo,78,57,,,,0,,,,,,,,,,2,,0,Long Beach,CA,1,9,,,,-8.0,"28,50","25,32"
ncaab:401087415,ncaab,2018-11-11T00:00Z,final,2649,2726,Toledo,Wilberforce,99,58,,,,0,,,,,,,,,,2,,0,Toledo,OH,1,186,,,,-5.0,"52,47","29,29"
ncaab:401088147,ncaab,2018-11-11T00:00Z,final,2635,2506,Tennessee Tech,Presbyterian,65,80,,,,0,,,,,,,,,,2,,0,Cookeville,TN,1,334,,,,-6.0,"34,31","43,37"
ncaab:401088465,ncaab,2018-11-11T00:00Z,final,325,2309,Cleveland St,Kent State,79,83,,,,0,,,,,,,,,,2,,0,Cleveland,OH,1,199,,,,-5.0,"30,49","40,43"
ncaab:401088555,ncaab,2018-11-11T00:00Z,final,98,2630,Western KY,UT Martin,86,71,,,,0,,,,,,,,,,2,,0,Bowling Green,KY,1,161,,,,-6.0,"47,39","37,34"
ncaab:401088767,ncaab,2018-11-11T00:00Z,final,236,2198,Chattanooga,E Kentucky,78,81,,,,0,,,,,,,,,,2,,0,Chattanooga,TN,1,206,,,,-5.0,"45,33","36,45"
ncaab:401089057,ncaab,2018-11-11T00:00Z,final,270,155,Milwaukee,North Dakota,60,63,,,,0,,,,,,,,,,2,,0,Milwaukee,WI,1,188,,,,-6.0,"17,43","30,33"
ncaab:401090374,ncaab,2018-11-11T00:00Z,final,2450,2134,Norfolk St,Clarion,74,46,,,,0,,,,,,,,,,2,,0,Norfolk,VA,1,2,,,,-5.0,"32,42","27,19"
ncaab:401082447,ncaab,2018-11-11T00:30Z,final,130,107,Michigan,Holy Cross,56,37,,,,0,,,,,,,,,,2,,0,Ann Arbor,MI,1,269,,,,-5.0,"18,38","24,13"
ncaab:401082581,ncaab,2018-11-11T01:00Z,final,2509,2050,Purdue,Ball State,84,75,,,,0,,,,,,,,,,2,,0,West Lafayette,IN,1,186,,,,-5.0,"42,42","41,34"
ncaab:401083351,ncaab,2018-11-11T01:00Z,final,222,2514,Villanova,Quinnipiac,86,53,,,,0,,,,,,,,,,2,,0,Philadelphia,PA,1,12,,,,-5.0,"47,39","20,33"
ncaab:401085699,ncaab,2018-11-11T01:00Z,final,139,2653,Saint Louis,Troy,62,58,,,,0,,,,,,,,,,2,,0,St. Louis,MO,1,142,,,,-6.0,"23,39","29,29"
ncaab:401086281,ncaab,2018-11-11T01:00Z,final,2277,2230,Hou Christian,Fordham,75,72,,,,0,,,,,,,,,,2,,0,Houston,TX,1,12,,,,-6.0,"36,39","41,31"
ncaab:401087939,ncaab,2018-11-11T01:00Z,final,250,2460,UT Arlington,Northern Iowa,74,65,,,,0,,,,,,,,,,2,,0,Arlington,TX,1,184,,,,-6.0,"32,42","33,32"
ncaab:401088521,ncaab,2018-11-11T01:00Z,final,2565,2737,SIUE,Winthrop,82,94,,,,0,,,,,,,,,,2,,0,Edwardsville,IL,1,165,,,,-6.0,"42,40","43,51"
ncaab:401089168,ncaab,2018-11-11T01:00Z,final,2057,2287,Belmont,Illinois St,100,89,,,,0,,,,,,,,,,2,,0,Nashville,TN,1,170,,,,-6.0,"62,38","46,43"
ncaab:401089625,ncaab,2018-11-11T01:00Z,final,2916,3086,Incarnate Word,UT Tyler,66,54,,,,0,,,,,,,,,,2,,0,San Antonio,TX,1,198,,,,-6.0,"35,31","22,32"
ncaab:401089949,ncaab,2018-11-11T01:00Z,final,93,2750,Murray St,Wright St,73,54,,,,0,,,,,,,,,,2,,0,Murray,KY,1,163,,,,-6.0,"35,38","29,25"
ncaab:401086077,ncaab,2018-11-11T02:00Z,final,2253,2169,Grand Canyon,Delaware St,89,47,,,,0,,,,,,,,,,2,,0,Phoenix,AZ,1,331,,,,-7.0,"39,50","27,20"
ncaab:401086765,ncaab,2018-11-11T02:00Z,final,2453,494,North Alabama,Blue Mountain,72,59,,,,0,,,,,,,,,,2,,0,Florence,AL,1,167,,,,-6.0,"35,37","36,23"
ncaab:401086815,ncaab,2018-11-11T02:00Z,final,68,304,Boise St,Idaho St,70,72,,,,0,,,,,,,,,,2,,0,Boise,ID,1,823,,,,-7.0,"44,26","30,42"
ncaab:401086816,ncaab,2018-11-11T02:00Z,final,23,253,San José St,Southern Utah,59,66,,,,0,,,,,,,,,,2,,0,San Jose,CA,1,26,,,,-8.0,"31,28","31,35"
ncaab:401092613,ncaab,2018-11-11T02:30Z,final,249,2501,North Texas,Portland,78,73,,,,1,,,,,,,,,,2,,0,Honolulu,HI,1,5,,,,-10.0,"39,39","30,43"
ncaab:401083628,ncaab,2018-11-11T03:00Z,final,2250,2640,Gonzaga,Texas Southern,104,67,,,,0,,,,,,,,,,2,,0,Spokane,WA,1,571,,,,-8.0,"46,58","24,43"
ncaab:401083679,ncaab,2018-11-11T03:00Z,void,2492,2463,Pepperdine,CSU Northridge,,,,,,0,,,,,,,,,,2,,0,Malibu,CA,1,32,,,,-8.0,,
ncaab:401089502,ncaab,2018-11-11T03:00Z,final,2439,2351,UNLV,LMU,50,61,,,,0,,,,,,,,,,2,,0,Las Vegas,NV,1,610,,,,-8.0,"25,25","18,43"
ncaab:401086817,ncaab,2018-11-11T03:05Z,final,2502,27,Portland St,UC Riverside,71,64,,,,0,,,,,,,,,,2,,0,Portland,OR,1,12,,,,-8.0,"36,35","36,28"
ncaab:401090414,ncaab,2018-11-11T04:59Z,final,62,6183,Hawai'i,Humboldt,90,54,,,,0,,,,,,,,,,2,,0,Honolulu,HI,1,5,,,,-10.0,"47,43","21,33"
ncaab:401086641,ncaab,2018-11-12T18:00Z,final,160,329,New Hampshire,Mt St Vincent,100,61,,,,0,,,,,,,,,,2,,0,Durham,NH,1,15,,,,-5.0,"42,58","28,33"
ncaab:401083194,ncaab,2018-11-12T23:30Z,final,2086,2174,Butler,Detroit Mercy,84,63,,,,0,,,,,,,,,,2,,0,Indianapolis,IN,1,218,,,,-5.0,"40,44","22,41"
ncaab:401082420,ncaab,2018-11-13T00:00Z,final,120,2448,Maryland,NC A&T,82,59,,,,0,,,,,,,,,,2,,0,College Park,MD,1,21,,,,-5.0,"49,33","25,34"
ncaab:401082565,ncaab,2018-11-13T00:00Z,final,213,55,Penn State,Jax State,76,61,,,,0,,,,,,,,,,2,,0,University Park,PA,1,348,,,,-5.0,"37,39","32,29"
ncaab:401082802,ncaab,2018-11-13T00:00Z,final,221,2653,Pitt,Troy,84,75,,,,0,,,,,,,,,,2,,0,Pittsburgh,PA,1,233,,,,-5.0,"40,44","35,40"
ncaab:401082855,ncaab,2018-11-13T00:00Z,final,153,24,North Carolina,Stanford,90,72,,,,0,,,,,,,,,,2,,0,Chapel Hill,NC,1,148,,,,-5.0,"52,38","26,46"
ncaab:401083960,ncaab,2018-11-13T00:00Z,final,256,2079,James Madison,Bridgewater,82,59,,,,0,,,,,,,,,,2,,0,Harrisonburg,VA,1,404,,,,-5.0,"42,40","23,36"
ncaab:401084673,ncaab,2018-11-13T00:00Z,final,58,2046,South Florida,Austin Peay,74,70,,,,0,,,,,,,,,,2,,0,Tampa,FL,1,1,,,,-5.0,"29,34,11","29,34,7"
ncaab:401085678,ncaab,2018-11-13T00:00Z,final,2603,2405,Saint Joseph's,Monmouth,78,63,,,,0,,,,,,,,,,2,,0,Philadelphia,PA,1,12,,,,-5.0,"29,49","23,40"
ncaab:401085719,ncaab,2018-11-13T00:00Z,final,315,179,Niagara,St Bonaventure,80,72,,,,0,,,,,,,,,,2,,0,Niagara Falls,NY,1,187,,,,-5.0,"34,46","31,41"
ncaab:401085737,ncaab,2018-11-13T00:00Z,final,2670,189,VCU,Bowling Green,72,61,,,,0,,,,,,,,,,2,,0,Richmond,VA,1,64,,,,-5.0,"42,30","28,33"
ncaab:401085949,ncaab,2018-11-13T00:00Z,final,2378,2363,UMBC,Manhattan,75,52,,,,0,,,,,,,,,,2,,0,Baltimore,MD,1,10,,,,-5.0,"40,35","30,22"
ncaab:401087396,ncaab,2018-11-13T00:00Z,final,195,2097,Ohio,Campbell,81,73,,,,0,,,,,,,,,,2,,0,Athens,OH,1,219,,,,-5.0,"35,46","41,32"
ncaab:401088851,ncaab,2018-11-13T00:00Z,final,2643,108806,The Citadel,Mid Atl Chrstn,148,75,,,,0,,,,,,,,,,2,,0,Charleston,SC,1,6,,,,-5.0,"75,73","31,44"
ncaab:401089506,ncaab,2018-11-13T00:00Z,final,193,111166,Miami OH,Midway,91,42,,,,0,,,,,,,,,,2,,0,Oxford,OH,1,283,,,,-5.0,"47,44","24,18"
ncaab:401089955,ncaab,2018-11-13T00:00Z,final,2754,191,Youngstown St,Heidelberg,106,83,,,,0,,,,,,,,,,2,,0,Youngstown,OH,1,259,,,,-5.0,"47,59","39,44"
ncaab:401090395,ncaab,2018-11-13T00:00Z,final,2506,111922,Presbyterian,Welch,109,57,,,,0,,,,,,,,,,2,,0,Clinton,SC,1,76,,,,-5.0,"66,43","32,25"
ncaab:401090664,ncaab,2018-11-13T00:00Z,final,2066,111902,Binghamton,Misericordia,107,64,,,,0,,,,,,,,,,2,,0,Binghamton,NY,1,264,,,,-5.0,"54,53","41,23"
ncaab:401087517,ncaab,2018-11-13T00:30Z,final,2529,7933,Sacred Heart,W New England,114,72,,,,0,,,,,,,,,,2,,0,Fairfield,CT,1,4,,,,-8.0,"56,58","34,38"
ncaab:401088793,ncaab,2018-11-13T00:30Z,final,2535,338,Samford,Kennesaw St,74,60,,,,0,,,,,,,,,,2,,0,Homewood,AL,1,203,,,,-6.0,"31,43","26,34"
ncaab:401090201,ncaab,2018-11-13T00:30Z,final,2546,2825,SE Missouri,Quincy,102,66,,,,0,,,,,,,,,,2,,0,Cape Girardeau,MO,1,108,,,,-6.0,"53,49","32,34"
ncaab:401082531,ncaab,2018-11-13T01:00Z,final,77,44,Northwestern,American,63,51,,,,0,,,,,,,,,,2,,0,Evanston,IL,1,187,,,,-6.0,"38,25","31,20"
ncaab:401082998,ncaab,2018-11-13T01:00Z,final,8,302,Arkansas,UC Davis,81,58,,,,0,,,,,,,,,,2,,0,Fayetteville,AR,1,427,,,,-6.0,"37,44","30,28"
ncaab:401083376,ncaab,2018-11-13T01:00Z,final,239,2504,Baylor,Prairie View,91,80,,,,0,,,,,,,,,,2,,0,Waco,TX,1,143,,,,-6.0,"47,44","36,44"
ncaab:401083403,ncaab,2018-11-13T01:00Z,final,66,2640,Iowa State,Texas Southern,85,73,,,,0,,,,,,,,,,2,,0,Ames,IA,1,287,,,,-6.0,"48,37","35,38"
ncaab:401083495,ncaab,2018-11-13T01:00Z,final,251,2433,Texas,UL Monroe,65,55,,,,0,,,,,,,,,,2,,0,Austin,TX,1,149,,,,-6.0,"30,35","29,26"
ncaab:401083539,ncaab,2018-11-13T01:00Z,final,2636,201,UTSA,Oklahoma,67,87,,,,0,,,,,,,,,,2,,0,San Antonio,TX,1,198,,,,-6.0,"29,38","39,48"
ncaab:401085621,ncaab,2018-11-13T01:00Z,final,2184,82,Duquesne,UIC,89,88,,,,0,,,,,,,,,,2,,0,Pittsburgh,PA,1,233,,,,-5.0,"30,50,9","41,39,8"
ncaab:401086079,ncaab,2018-11-13T01:00Z,final,357,292,Texas A&M-CC,UT Rio Grande,69,76,,,,0,,,,,,,,,,2,,0,Corpus Christi,TX,1,2,,,,-6.0,"30,39","36,40"
ncaab:401086819,ncaab,2018-11-13T01:00Z,final,233,2464,South Dakota,N Arizona,90,74,,,,0,,,,,,,,,,2,,0,Vermillion,SD,1,374,,,,-6.0,"40,50","31,43"
ncaab:401088208,ncaab,2018-11-13T01:00Z,final,2057,2393,Belmont,MTSU,92,73,,,,0,,,,,,,,,,2,,0,Nashville,TN,1,170,,,,-6.0,"46,46","54,19"
ncaab:401089169,ncaab,2018-11-13T01:00Z,final,79,2084,S Illinois,Buffalo,53,62,,,,0,,,,,,,,,,2,,0,Carbondale,IL,1,126,,,,-6.0,"27,26","31,31"
ncaab:401089343,ncaab,2018-11-13T01:00Z,final,242,2010,Rice,Alabama A&M,73,59,,,,0,,,,,,,,,,2,,0,Houston,TX,1,12,,,,-6.0,"36,37","26,33"
ncaab:401089422,ncaab,2018-11-13T01:00Z,final,2443,3173,LSU N Orleans,Pensacola Chrs,87,59,,,,0,,,,,,,,,,2,,0,New Orleans,LA,1,0,,,,-6.0,"40,47","30,29"
ncaab:401089626,ncaab,2018-11-13T01:00Z,final,2916,2639,Incarnate Word,Texas Lutheran,70,59,,,,0,,,,,,,,,,2,,0,San Antonio,TX,1,198,,,,-6.0,"32,38","25,34"
ncaab:401089641,ncaab,2018-11-13T01:00Z,final,2110,3109,C Arkansas,Ozarks,93,52,,,,0,,,,,,,,,,2,,0,Conway,AR,1,95,,,,-6.0,"47,46","19,33"
ncaab:401083292,ncaab,2018-11-13T01:30Z,final,305,2415,DePaul,Morgan St,91,63,,,,0,,,,,,,,,,2,,0,Chicago,IL,1,179,,,,-6.0,"39,52","20,43"
ncaab:401088112,ncaab,2018-11-13T01:30Z,final,2032,2880,Arkansas St,Missouri Bapt,89,54,,,,0,,,,,,,,,,2,,0,Jonesboro,AR,1,99,,,,-6.0,"40,49","25,29"
ncaab:401082493,ncaab,2018-11-13T02:00Z,final,135,254,Minnesota,Utah,78,69,,,,0,,,,,,,,,,2,,0,Minneapolis,MN,1,253,,,,-6.0,"33,45","26,43"
ncaab:401083427,ncaab,2018-11-13T02:00Z,final,2306,2172,Kansas St,Denver,64,56,,,,0,,,,,,,,,,2,,0,Manhattan,KS,1,311,,,,-6.0,"31,33","28,28"
ncaab:401083547,ncaab,2018-11-13T02:00Z,final,2305,261,Kansas,Vermont,84,68,,,,0,,,,,,,,,,2,,0,Lawrence,KS,1,263,,,,-6.0,"40,44","36,32"
ncaab:401086080,ncaab,2018-11-13T02:00Z,final,2253,294,Grand Canyon,Jacksonville,76,59,,,,0,,,,,,,,,,2,,0,Phoenix,AZ,1,331,,,,-7.0,"41,35","22,37"
ncaab:401086988,ncaab,2018-11-13T02:00Z,final,149,148,Montana,Montana Tech,79,55,,,,0,,,,,,,,,,2,,0,Missoula,MT,1,978,,,,-7.0,"40,39","21,34"
ncaab:401087036,ncaab,2018-11-13T02:00Z,final,9,299,Arizona St,Long Beach St,90,58,,,,0,,,,,,,,,,2,,0,Tempe,AZ,1,360,,,,-7.0,"38,52","16,42"
ncaab:401083747,ncaab,2018-11-13T03:00Z,final,2539,2574,San Francisco,Sonoma St,88,54,,,,0,,,,,,,,,,2,,0,San Francisco,CA,1,16,,,,-8.0,"46,42","24,30"
ncaab:401093611,ncaab,2018-11-13T03:00Z,final,300,109670,UC Irvine,Life Pacific,87,53,,,,0,,,,,,,,,,2,,0,Irvine,CA,1,17,,,,-8.0,"46,41","20,33"
ncaab:401087178,ncaab,2018-11-13T04:00Z,final,264,301,Washington,San Diego,66,63,,,,0,,,,,,,,,,2,,0,Seattle,WA,1,56,,,,-8.0,"31,35","32,31"
ncaab:401082603,ncaab,2018-11-13T23:30Z,final,2752,275,Xavier,Wisconsin,68,77,,,,0,,,,,,,,,,2,,0,Cincinnati,OH,1,191,,,,-5.0,"28,40","30,47"
ncaab:401082839,ncaab,2018-11-14T00:00Z,final,152,2427,NC State,UNC Asheville,100,49,,,,0,,,,,,,,,,2,,0,Raleigh,NC,1,96,,,,-5.0,"44,56","22,27"
ncaab:401082874,ncaab,2018-11-14T00:00Z,final,2390,2617,Miami,SF Austin,96,58,,,,0,,,,,,,,,,2,,0,Coral Gables,FL,1,3,,,,-5.0,"53,43","32,26"
ncaab:401082909,ncaab,2018-11-14T00:00Z,final,97,2582,Louisville,Southern,104,54,,,,0,,,,,,,,,,2,,0,Louisville,KY,1,142,,,,-5.0,"49,55","22,32"
ncaab:401083023,ncaab,2018-11-14T00:00Z,final,2579,2450,South Carolina,Norfolk St,81,64,,,,0,,,,,,,,,,2,,0,Columbia,SC,1,89,,,,-5.0,"37,44","23,41"
ncaab:401083106,ncaab,2018-11-14T00:00Z,final,99,235,LSU,Memphis,85,76,,,,0,,,,,,,,,,2,,0,Baton Rouge,LA,1,14,,,,-6.0,"48,37","39,37"
ncaab:401083140,ncaab,2018-11-14T00:00Z,final,218,61,Temple,Georgia,81,77,,,,0,,,,,,,,,,2,,0,Philadelphia,PA,1,12,,,,-5.0,"45,36","34,43"
ncaab:401083310,ncaab,2018-11-14T00:00Z,final,2507,107,Providence,Holy Cross,70,61,,,,0,,,,,,,,,,2,,0,Providence,RI,1,2,,,,-5.0,"33,37","37,24"
ncaab:401083885,ncaab,2018-11-14T00:00Z,final,232,227,Charleston,Rhode Island,66,55,,,,0,,,,,,,,,,2,,0,Charleston,SC,1,6,,,,-5.0,"31,35","19,36"
ncaab:401083909,ncaab,2018-11-14T00:00Z,final,48,469,Delaware,Chestnut Hill,100,62,,,,0,,,,,,,,,,2,,0,Newark,DE,1,38,,,,-5.0,"50,50","28,34"
ncaab:401084023,ncaab,2018-11-14T00:00Z,final,350,2430,UNC Wilmington,UNC Greensboro,61,82,,,,0,,,,,,,,,,2,,0,Wilmington,NC,1,9,,,,-5.0,"29,32","45,37"
ncaab:401085905,ncaab,2018-11-14T00:00Z,final,2083,2099,Bucknell,Canisius,73,82,,,,0,,,,,,,,,,2,,0,Lewisburg,PA,1,144,,,,-5.0,"32,41","48,34"
ncaab:401085974,ncaab,2018-11-14T00:00Z,final,2329,2368,Lehigh,Marist,78,72,,,,0,,,,,,,,,,2,,0,Bethlehem,PA,1,109,,,,-5.0,"28,50","33,39"
ncaab:401086299,ncaab,2018-11-14T00:00Z,final,290,2244,GA Southern,George Mason,98,89,,,,0,,,,,,,,,,2,,0,Statesboro,GA,1,77,,,,-5.0,"34,64","54,35"
ncaab:401086331,ncaab,2018-11-14T00:00Z,final,113,108,UMass,Harvard,71,74,,,,0,,,,,,,,,,2,,0,Amherst,MA,1,82,,,,-5.0,"31,40","39,35"
ncaab:401086622,ncaab,2018-11-14T00:00Z,final,2115,2349,C Connecticut,UMass Lowell,86,74,,,,0,,,,,,,,,,2,,0,New Britain,CT,1,51,,,,-5.0,"52,34","35,39"
ncaab:401087356,ncaab,2018-11-14T00:00Z,final,2229,270,FIU,Milwaukee,86,83,,,,0,,,,,,,,,,2,,0,Miami,FL,1,2,,,,-5.0,"44,42","50,33"
ncaab:401087436,ncaab,2018-11-14T00:00Z,final,2473,2711,Oakland,W Michigan,77,85,,,,0,,,,,,,,,,2,,0,Rochester,MI,1,229,,,,-5.0,"36,37,4","27,46,12"
ncaab:401087899,ncaab,2018-11-14T00:00Z,final,326,2810,Texas St,Hardin Simmons,97,52,,,,0,,,,,,,,,,2,,0,San Marcos,TX,1,188,,,,-6.0,"46,51","19,33"
ncaab:401088103,ncaab,2018-11-14T00:00Z,final,2247,2382,Georgia St,Mercer,62,60,,,,0,,,,,,,,,,2,,0,Atlanta,GA,1,320,,,,-5.0,"40,22","25,35"
ncaab:401088150,ncaab,2018-11-14T00:00Z,final,231,2241,Furman,Gardner-Webb,88,86,,,,0,,,,,,,,,,2,,0,Greenville,SC,1,307,,,,-5.0,"46,32,10","33,45,8"
ncaab:401088151,ncaab,2018-11-14T00:00Z,final,2379,2344,MD Eastern,Longwood,63,66,,,,0,,,,,,,,,,2,,0,Princess Anne,MD,1,5,,,,-5.0,"25,38","27,39"
ncaab:401088419,ncaab,2018-11-14T00:00Z,final,219,322,Penn,Lafayette,91,61,,,,0,,,,,,,,,,2,,0,Philadelphia,PA,1,12,,,,-5.0,"44,47","27,34"
ncaab:401088466,ncaab,2018-11-14T00:00Z,final,325,2666,Cleveland St,Urbana,94,65,,,,0,,,,,,,,,,2,,0,Cleveland,OH,1,199,,,,-5.0,"43,51","25,40"
ncaab:401088522,ncaab,2018-11-14T00:00Z,final,2737,2945,Winthrop,Pfeiffer,134,99,,,,0,,,,,,,,,,2,,0,Rock Hill,SC,1,207,,,,-5.0,"73,61","42,57"
ncaab:401088768,ncaab,2018-11-14T00:00Z,final,236,2161,Chattanooga,Cumberland,92,61,,,,0,,,,,,,,,,2,,0,Chattanooga,TN,1,206,,,,-5.0,"42,50","32,29"
ncaab:401088834,ncaab,2018-11-14T00:00Z,final,2747,3117,Wofford,Carver,94,35,,,,0,,,,,,,,,,2,,0,Spartanburg,SC,1,246,,,,-5.0,"58,36","22,13"
ncaab:401089035,ncaab,2018-11-14T00:00Z,final,2870,2362,Purdue FW,Manchester,111,65,,,,0,,,,,,,,,,2,,0,Fort Wayne,IN,1,247,,,,-5.0,"47,64","37,28"
ncaab:401089100,ncaab,2018-11-14T00:00Z,final,2352,2169,Loyola MD,Delaware St,91,62,,,,0,,,,,,,,,,2,,0,Baltimore,MD,1,10,,,,-5.0,"35,56","29,33"
ncaab:401089395,ncaab,2018-11-14T00:00Z,final,2681,2782,Wagner,SUNY Cortland,90,58,,,,0,,,,,,,,,,2,,0,Staten Island,NY,1,21,,,,-5.0,"54,36","16,42"
ncaab:401089480,ncaab,2018-11-14T00:00Z,final,2309,2893,Kent State,Shawnee St,90,69,,,,0,,,,,,,,,,2,,0,Kent,OH,1,325,,,,-5.0,"43,47","37,32"
ncaab:401089957,ncaab,2018-11-14T00:00Z,final,2065,3174,Bethune,Trinity Co Jax,104,44,,,,0,,,,,,,,,,2,,0,Daytona Beach,FL,1,4,,,,-5.0,"53,51","14,30"
ncaab:401090111,ncaab,2018-11-14T00:00Z,final,2198,111166,E Kentucky,Midway,107,52,,,,0,,,,,,,,,,2,,0,Richmond,KY,1,289,,,,-5.0,"52,55","27,25"
ncaab:401090213,ncaab,2018-11-14T00:00Z,final,2542,2635,Savannah St,Tennessee Tech,97,83,,,,0,,,,,,,,,,2,,0,Savannah,GA,1,6,,,,-5.0,"42,55","36,47"
ncaab:401090381,ncaab,2018-11-14T00:00Z,final,2132,2428,Cincinnati,NC Central,73,51,,,,0,,,,,,,,,,2,,0,Cincinnati,OH,1,191,,,,-5.0,"34,39","19,32"
ncaab:401090980,ncaab,2018-11-14T00:00Z,final,47,111926,Howard,Regent,108,51,,,,0,,,,,,,,,,2,,0,Washington,DC,1,7,,,,-5.0,"51,57","26,25"
ncaab:401093605,ncaab,2018-11-14T00:00Z,final,159,111948,Dartmouth,Elms,100,54,,,,0,,,,,,,,,,2,,0,Hanover,NH,1,162,,,,-5.0,"41,59","22,32"
ncaab:401083476,ncaab,2018-11-14T00:30Z,final,2641,2545,Texas Tech,SE Louisiana,59,40,,,,0,,,,,,,,,,2,,0,Lubbock,TX,1,976,,,,-6.0,"32,27","19,21"
ncaab:401086039,ncaab,2018-11-14T00:30Z,final,2217,112358,Fairfield,Long Island,87,89,,,,0,,,,,,,,,,2,,0,Bridgeport,CT,1,1,,,,-5.0,"43,44","47,42"
ncaab:401088149,ncaab,2018-11-14T00:30Z,final,2127,2569,Charleston So,SC State,89,72,,,,0,,,,,,,,,,2,,0,Charleston,SC,1,6,,,,-5.0,"48,41","30,42"
ncaab:401098473,ncaab,2018-11-14T00:30Z,final,2348,2264,Louisiana Tech,Harding,89,58,,,,0,,,,,,,,,,2,,0,Ruston,LA,1,102,,,,-6.0,"51,38","26,32"
ncaab:401085700,ncaab,2018-11-14T01:00Z,final,139,2453,Saint Louis,North Alabama,69,58,,,,0,,,,,,,,,,2,,0,St. Louis,MO,1,142,,,,-6.0,"32,37","28,30"
ncaab:401086081,ncaab,2018-11-14T01:00Z,final,2287,2130,Illinois St,Chicago St,75,71,,,,0,,,,,,,,,,2,,0,Normal,IL,1,244,,,,-6.0,"39,36","29,42"
ncaab:401086082,ncaab,2018-11-14T01:00Z,final,198,2856,Oral Roberts,CA Baptist,69,70,,,,0,,,,,,,,,,2,,0,Tulsa,OK,1,220,,,,-6.0,"31,38","33,37"
ncaab:401087077,ncaab,2018-11-14T01:00Z,final,38,2181,Colorado,Drake,100,71,,,,0,,,,,,,,,,2,,0,Boulder,CO,1,1624,,,,-7.0,"45,55","34,37"
ncaab:401087830,ncaab,2018-11-14T01:00Z,final,2634,2031,Tennessee St,Little Rock,67,83,,,,0,,,,,,,,,,2,,0,Nashville,TN,1,170,,,,-6.0,"30,37","31,52"
ncaab:401093574,ncaab,2018-11-14T01:00Z,final,2655,324,Tulane,Coastal,81,76,,,,0,,,,,,,,,,2,,0,New Orleans,LA,1,0,,,,-6.0,"33,48","29,47"
ncaab:401082334,ncaab,2018-11-14T01:30Z,final,356,46,Illinois,Georgetown,80,88,,,,0,,,,,,,,,,2,,0,Champaign,IL,1,225,,,,-6.0,"37,43","39,49"
ncaab:401086705,ncaab,2018-11-14T01:30Z,final,2335,2906,Liberty,Trevecca,93,40,,,,0,,,,,,,,,,2,,0,Lynchburg,VA,1,192,,,,-5.0,"44,49","19,21"
ncaab:401082896,ncaab,2018-11-14T02:00Z,final,2633,59,Tennessee,Georgia Tech,66,53,,,,0,,,,,,,,,,2,,0,Knoxville,TN,1,276,,,,-5.0,"33,33","25,28"
ncaab:401083599,ncaab,2018-11-14T02:00Z,final,252,2466,BYU,N'Western St,82,57,,,,0,,,,,,,,,,2,,0,Provo,UT,1,1387,,,,-7.0,"42,40","25,32"
ncaab:401083680,ncaab,2018-11-14T02:00Z,final,2458,2492,N Colorado,Pepperdine,88,80,,,,0,,,,,,,,,,2,,0,Greeley,CO,1,1425,,,,-7.0,"43,45","40,40"
ncaab:401085323,ncaab,2018-11-14T02:00Z,final,2351,2463,LMU,CSU Northridge,79,64,,,,0,,,,,,,,,,2,,0,Los Angeles,CA,1,89,,,,-8.0,"36,43","31,33"
ncaab:401085948,ncaab,2018-11-14T02:00Z,final,167,314,New Mexico,Iona,90,83,,,,0,,,,,,,,,,2,,0,Albuquerque,NM,1,1511,,,,-7.0,"39,51","39,44"
ncaab:401089553,ncaab,2018-11-14T02:00Z,final,328,2400,Utah State,Miss Valley St,94,59,,,,0,,,,,,,,,,2,,0,Logan,UT,1,1382,,,,-7.0,"53,41","24,35"
ncaab:401083653,ncaab,2018-11-14T03:00Z,final,279,2616,Pacific,Stanislaus St,91,66,,,,0,,,,,,,,,,2,,0,Stockton,CA,1,4,,,,-8.0,"45,46","24,42"
ncaab:401086820,ncaab,2018-11-14T03:00Z,final,70,2447,Idaho,Nicholls,80,83,,,,0,,,,,,,,,,2,,0,Moscow,ID,1,786,,,,-8.0,"40,40","39,44"
ncaab:401087058,ncaab,2018-11-14T03:00Z,final,25,2261,California,Hampton,80,66,,,,0,,,,,,,,,,2,,0,Berkeley,CA,1,52,,,,-8.0,"48,32","31,35"
ncaab:401087814,ncaab,2018-11-14T03:00Z,final,2439,27,UNLV,UC Riverside,72,51,,,,0,,,,,,,,,,2,,0,Las Vegas,NV,1,610,,,,-8.0,"35,37","25,26"
ncaab:401098113,ncaab,2018-11-14T03:00Z,final,2540,2094,Santa Barbara,Cal Lutheran,88,32,,,,0,,,,,,,,,,2,,0,Santa Barbara,CA,1,15,,,,-8.0,"50,38","15,17"
ncaab:401085654,ncaab,2018-11-14T16:00Z,final,257,2597,Richmond,St Francis BK,88,66,,,,0,,,,,,,,,,2,,0,Richmond,VA,1,64,,,,-5.0,"48,40","35,31"
ncaab:401082448,ncaab,2018-11-14T23:30Z,final,222,130,Villanova,Michigan,46,73,,,,0,,,,,,,,,,2,,0,Villanova,PA,1,121,,,,-5.0,"17,29","44,29"
ncaab:401082472,ncaab,2018-11-15T00:00Z,final,127,2433,Michigan St,UL Monroe,80,59,,,,0,,,,,,,,,,2,,0,East Lansing,MI,1,261,,,,-5.0,"35,45","29,30"
ncaab:401082615,ncaab,2018-11-15T00:00Z,final,103,85,Boston College,IU Indy,69,76,,,,0,,,,,,,,,,2,,0,Chestnut Hill,MA,1,60,,,,-5.0,"42,27","36,40"
ncaab:401082644,ncaab,2018-11-15T00:00Z,final,228,2534,Clemson,Sam Houston,74,59,,,,0,,,,,,,,,,2,,0,Clemson,SC,1,221,,,,-5.0,"32,42","30,29"
ncaab:401082671,ncaab,2018-11-15T00:00Z,final,150,2199,Duke,E Michigan,84,46,,,,0,,,,,,,,,,2,,0,Durham,NC,1,123,,,,-5.0,"48,36","13,33"
ncaab:401082822,ncaab,2018-11-15T00:00Z,final,87,2515,Notre Dame,Radford,60,63,,,,0,,,,,,,,,,2,,0,South Bend,IN,1,211,,,,-5.0,"34,26","28,35"
ncaab:401083155,ncaab,2018-11-15T00:00Z,final,57,2325,Florida,La Salle,82,69,,,,0,,,,,,,,,,2,,0,Gainesville,FL,1,54,,,,-5.0,"40,42","32,37"
ncaab:401083855,ncaab,2018-11-15T00:00Z,final,2275,2448,Hofstra,NC A&T,92,72,,,,0,,,,,,,,,,2,,0,Hempstead,NY,1,17,,,,-5.0,"47,45","35,37"
ncaab:401083935,ncaab,2018-11-15T00:00Z,final,2182,109684,Drexel,Bryn Athyn,118,41,,,,0,,,,,,,,,,2,,0,Philadelphia,PA,1,12,,,,-5.0,"55,63","19,22"
ncaab:401086059,ncaab,2018-11-15T00:00Z,final,2803,2612,Bryant,Saint Peter's,71,63,,,,0,,,,,,,,,,2,,0,Smithfield,RI,1,84,,,,-5.0,"31,40","32,31"
ncaab:401086748,ncaab,2018-11-15T00:00Z,final,2885,2871,NJIT,Kean,73,40,,,,0,,,,,,,,,,2,,0,Newark,NJ,1,9,,,,-5.0,"37,36","24,16"
ncaab:401086782,ncaab,2018-11-15T00:00Z,final,2454,2206,North Florida,Edward Waters,95,83,,,,0,,,,,,,,,,2,,0,Jacksonville,FL,1,5,,,,-5.0,"46,49","28,55"
ncaab:401087317,ncaab,2018-11-15T00:00Z,final,261,551,Vermont,VTSU Lyndon,122,56,,,,0,,,,,,,,,,2,,0,Burlington,VT,1,61,,,,-5.0,"62,60","35,21"
ncaab:401087416,ncaab,2018-11-15T00:00Z,final,2750,2649,Wright St,Toledo,84,74,,,,0,,,,,,,,,,2,,0,Dayton,OH,1,225,,,,-5.0,"40,44","32,42"
ncaab:401088152,ncaab,2018-11-15T00:00Z,final,2678,2908,VMI,SC Upstate,78,72,,,,0,,,,,,,,,,2,,0,Lexington,VA,1,324,,,,-5.0,"31,47","31,41"
ncaab:401088183,ncaab,2018-11-15T00:00Z,final,276,116,Marshall,Mount St Marys,98,75,,,,0,,,,,,,,,,2,,0,Huntington,WV,1,173,,,,-5.0,"48,50","37,38"
ncaab:401088365,ncaab,2018-11-15T00:00Z,final,2142,110426,Colgate,Nazareth,86,68,,,,0,,,,,,,,,,2,,0,Hamilton,NY,1,181,,,,-5.0,"40,46","34,34"
ncaab:401088444,ncaab,2018-11-15T00:00Z,final,161,2512,FDU,Queens (NY),87,48,,,,0,,,,,,,,,,2,,0,Hackensack,NJ,1,6,,,,-5.0,"38,49","22,26"
ncaab:401088852,ncaab,2018-11-15T00:00Z,final,2643,3097,The Citadel,JohnsonFL,137,60,,,,0,,,,,,,,,,2,,0,Charleston,SC,1,6,,,,-5.0,"68,69","30,30"
ncaab:401089104,ncaab,2018-11-15T00:00Z,final,2426,2154,Navy,Coppin St,77,58,,,,0,,,,,,,,,,2,,0,Annapolis,MD,1,12,,,,-5.0,"34,43","32,26"
ncaab:401089170,ncaab,2018-11-15T00:00Z,final,282,2816,Indiana St,McKendree,80,63,,,,0,,,,,,,,,,2,,0,Terre Haute,IN,1,152,,,,-5.0,"42,38","36,27"
ncaab:401082514,ncaab,2018-11-15T00:30Z,final,158,2550,Nebraska,Seton Hall,80,57,,,,0,,,,,,,,,,2,,0,Lincoln,NE,1,367,,,,-6.0,"33,47","27,30"
ncaab:401086513,ncaab,2018-11-15T00:30Z,final,399,104,UAlbany,Boston U,61,71,,,,0,,,,,,,,,,2,,0,Albany,NY,1,45,,,,-5.0,"26,35","37,34"
ncaab:401088794,ncaab,2018-11-15T00:30Z,final,2535,2396,Samford,Miles,66,57,,,,0,,,,,,,,,,2,,0,Homewood,AL,1,203,,,,-6.0,"36,30","35,22"
ncaab:401092833,ncaab,2018-11-15T00:30Z,final,2523,111943,Robert Morris,Mt Aloysius,104,57,,,,0,,,,,,,,,,2,,0,Moon Township,PA,1,358,,,,-5.0,"51,53","24,33"
ncaab:401083165,ncaab,2018-11-15T01:00Z,final,2,2401,Auburn,Miss College,103,52,,,,0,,,,,,,,,,2,,0,Auburn,AL,1,215,,,,-6.0,"48,55","29,23"
ncaab:401083527,ncaab,2018-11-15T01:00Z,final,197,2636,Oklahoma St,UTSA,82,60,,,,0,,,,,,,,,,2,,0,Stillwater,OK,1,273,,,,-6.0,"36,46","27,33"
ncaab:401084674,ncaab,2018-11-15T01:00Z,final,248,242,Houston,Rice,79,68,,,,0,,,,,,,,,,2,,0,Houston,TX,1,12,,,,-6.0,"40,39","29,39"
ncaab:401084675,ncaab,2018-11-15T01:00Z,final,2567,2717,SMU,W Carolina,98,65,,,,0,,,,,,,,,,2,,0,Dallas,TX,1,128,,,,-6.0,"52,46","32,33"
ncaab:401085993,ncaab,2018-11-15T01:00Z,final,2350,315,Loyola Chicago,Niagara,75,62,,,,0,,,,,,,,,,2,,0,Chicago,IL,1,179,,,,-6.0,"35,40","29,33"
ncaab:401086084,ncaab,2018-11-15T01:00Z,final,292,2504,UT Rio Grande,Prairie View,70,57,,,,0,,,,,,,,,,2,,0,Edinburg,TX,1,30,,,,-6.0,"38,32","28,29"
ncaab:401086822,ncaab,2018-11-15T01:00Z,final,2437,2464,Omaha,N Arizona,66,76,,,,0,,,,,,,,,,2,,0,Omaha,NE,1,323,,,,-6.0,"31,35","32,44"
ncaab:401087014,ncaab,2018-11-15T01:00Z,final,12,2638,Arizona,UTEP,79,46,,,,0,,,,,,,,,,2,,0,Tucson,AZ,1,759,,,,-7.0,"34,45","23,23"
ncaab:401088910,ncaab,2018-11-15T01:00Z,final,2011,3,Alabama St,B'ham Southern,86,44,,,,0,,,,,,,,,,2,,0,Montgomery,AL,1,73,,,,-6.0,"38,48","28,16"
ncaab:401089171,ncaab,2018-11-15T01:00Z,final,71,55,Bradley,Jax State,74,65,,,,0,,,,,,,,,,2,,0,Peoria,IL,1,153,,,,-6.0,"34,40","23,42"
ncaab:401089423,ncaab,2018-11-15T01:00Z,final,5,2443,UAB,LSU N Orleans,75,68,,,,0,,,,,,,,,,2,,0,Birmingham,AL,1,187,,,,-6.0,"37,38","28,40"
ncaab:401090336,ncaab,2018-11-15T01:00Z,final,249,2837,North Texas,East Texas A&M,102,53,,,,0,,,,,,,,,,2,,0,Denton,TX,1,201,,,,-6.0,"53,49","27,26"
ncaab:401093583,ncaab,2018-11-15T01:00Z,final,2710,2936,W Illinois,Dominican (IL),95,56,,,,0,,,,,,,,,,2,,0,Macomb,IL,1,215,,,,-6.0,"50,45","24,32"
ncaab:401082364,ncaab,2018-11-15T01:30Z,final,84,269,Indiana,Marquette,96,73,,,,0,,,,,,,,,,2,,0,Bloomington,IN,1,235,,,,-5.0,"47,49","34,39"
ncaab:401083124,ncaab,2018-11-15T02:00Z,final,96,155,Kentucky,North Dakota,96,58,,,,0,,,,,,,,,,2,,0,Lexington,KY,1,295,,,,-5.0,"46,50","25,33"
ncaab:401083727,ncaab,2018-11-15T02:00Z,final,166,2608,New Mexico St,Saint Mary's,58,73,,,,0,,,,,,,,,,2,,0,Las Cruces,NM,1,1191,,,,-7.0,"23,35","32,41"
ncaab:401086821,ncaab,2018-11-15T02:00Z,final,36,147,Colorado St,Montana St,81,77,,,,0,,,,,,,,,,2,,0,Fort Collins,CO,1,1525,,,,-7.0,"34,47","32,45"
ncaab:401088996,ncaab,2018-11-15T02:00Z,final,2751,2755,Wyoming,Grambling,86,78,,,,0,,,,,,,,,,2,,0,Laramie,WY,1,2184,,,,-7.0,"52,34","42,36"
ncaab:401086083,ncaab,2018-11-15T03:00Z,final,2547,265,Seattle U,Washington St,78,69,,,,0,,,,,,,,,,2,,0,Kent,WA,1,13,,,,-8.0,"41,37","35,34"
ncaab:401086796,ncaab,2018-11-15T03:00Z,final,30,56,USC,Stetson,95,59,,,,0,,,,,,,,,,2,,0,Los Angeles,CA,1,89,,,,-8.0,"39,56","24,35"
ncaab:401088432,ncaab,2018-11-15T03:00Z,final,21,2640,San Diego St,Texas Southern,103,64,,,,0,,,,,,,,,,2,,0,San Diego,CA,1,20,,,,-8.0,"49,54","28,36"
ncaab:401082719,ncaab,2018-11-15T16:30Z,final,154,2603,Wake Forest,Saint Joseph's,69,89,,,,1,,,,,,,,,,2,,0,Conway,SC,1,10,,,,-5.0,"46,23","46,43"
ncaab:401082741,ncaab,2018-11-15T16:30Z,final,259,2050,Virginia Tech,Ball State,73,64,,,,1,,,,,,,,,,2,,0,Charleston,SC,1,6,,,,-5.0,"43,30","29,35"
ncaab:401088213,ncaab,2018-11-15T18:00Z,final,2506,109700,Presbyterian,Boyce,102,49,,,,0,,,,,,,,,,2,,0,Clinton,SC,1,76,,,,-5.0,"50,52","32,17"
ncaab:401084676,ncaab,2018-11-15T18:30Z,final,2239,2116,Fullerton,UCF,52,68,,,,1,,,,,,,,,,2,,0,Conway,SC,1,10,,,,-5.0,"22,30","32,36"
ncaab:401082950,ncaab,2018-11-15T19:00Z,final,111,333,Northeastern,Alabama,68,52,,,,1,,,,,,,,,,2,,0,Charleston,SC,1,6,,,,-5.0,"33,35","22,30"
ncaab:401082582,ncaab,2018-11-15T22:00Z,final,2026,2509,App State,Purdue,70,92,,,,1,,,,,,,,,,2,,0,Charleston,SC,1,6,,,,-5.0,"32,38","46,46"
ncaab:401088556,ncaab,2018-11-15T22:00Z,final,98,2674,Western KY,Valparaiso,83,71,,,,1,,,,,,,,,,2,,0,Conway,SC,1,10,,,,-5.0,"49,34","39,32"
ncaab:401086085,ncaab,2018-11-15T23:00Z,final,2117,2934,C Michigan,Bakersfield,67,55,,,,1,,,,,,,,,,2,,0,Bimini,Bahamas,1,6,,,,-5.0,"31,36","20,35"
ncaab:401082549,ncaab,2018-11-16T00:00Z,final,156,194,Creighton,Ohio State,60,69,,,,0,,,,,,,,,,2,,0,Omaha,NE,1,323,,,,-6.0,"25,35","37,32"
ncaab:401082783,ncaab,2018-11-16T00:00Z,final,41,183,UConn,Syracuse,83,76,,,,1,,,,,,,,,,2,,0,New York,NY,1,10,,,,-5.0,"38,45","32,44"
ncaab:401082803,ncaab,2018-11-16T00:00Z,final,221,2110,Pitt,C Arkansas,97,71,,,,0,,,,,,,,,,2,,0,Pittsburgh,PA,1,233,,,,-5.0,"48,49","37,34"
ncaab:401083455,ncaab,2018-11-16T00:00Z,final,277,2405,West Virginia,Monmouth,71,53,,,,1,,,,,,,,,,2,,0,Conway,SC,1,10,,,,-5.0,"36,35","31,22"
ncaab:401083910,ncaab,2018-11-16T00:00Z,final,172,48,Cornell,Delaware,56,73,,,,0,,,,,,,,,,2,,0,Ithaca,NY,1,125,,,,-5.0,"23,33","34,39"
ncaab:401084677,ncaab,2018-11-16T00:00Z,final,2166,2724,Davidson,Wichita St,57,53,,,,1,,,,,,,,,,2,,0,Charleston,SC,1,6,,,,-5.0,"27,30","32,21"
ncaab:401085753,ncaab,2018-11-16T00:00Z,final,2514,42,Quinnipiac,Hartford,54,68,,,,0,,,,,,,,,,2,,0,Hamden,CT,1,31,,,,-5.0,"22,32","35,33"
ncaab:401085895,ncaab,2018-11-16T00:00Z,final,2210,2397,Elon,Milligan,98,71,,,,0,,,,,,,,,,2,,0,Elon,NC,1,215,,,,-5.0,"60,38","33,38"
ncaab:401088397,ncaab,2018-11-16T00:00Z,final,189,2428,Bowling Green,NC Central,75,60,,,,0,,,,,,,,,,2,,0,Bowling Green,OH,1,212,,,,-5.0,"38,37","24,36"
ncaab:401088880,ncaab,2018-11-16T00:00Z,final,231,2822,Furman,N Greenville,107,67,,,,0,,,,,,,,,,2,,0,Greenville,SC,1,307,,,,-5.0,"55,52","38,29"
ncaab:401089172,ncaab,2018-11-16T00:00Z,final,339,2316,Evansville,KY Wesleyan,92,72,,,,0,,,,,,,,,,2,,0,Evansville,IN,1,118,,,,-6.0,"57,35","39,33"
ncaab:401089958,ncaab,2018-11-16T00:00Z,final,2065,3097,Bethune,JohnsonFL,97,47,,,,0,,,,,,,,,,2,,0,Daytona Beach,FL,1,4,,,,-5.0,"48,49","27,20"
ncaab:401090252,ncaab,2018-11-16T00:00Z,final,2634,3117,Tennessee St,Carver,92,57,,,,0,,,,,,,,,,2,,0,Nashville,TN,1,170,,,,-6.0,"47,45","29,28"
ncaab:401090271,ncaab,2018-11-16T00:00Z,final,2653,2572,Troy,Southern Miss,66,81,,,,0,,,,,,,,,,2,,0,Troy,AL,1,165,,,,-6.0,"26,40","42,39"
ncaab:401090279,ncaab,2018-11-16T00:00Z,void,2415,2339,Morgan St,Lincoln (PA),,,,,,0,,,,,,,,,,2,,0,Baltimore,MD,1,10,,,,-5.0,,
ncaab:401086729,ncaab,2018-11-16T00:30Z,final,288,2057,Lipscomb,Belmont,83,87,,,,0,,,,,,,,,,2,,0,Nashville,TN,1,170,,,,-6.0,"34,49","37,50"
ncaab:401085885,ncaab,2018-11-16T01:00Z,final,82,2729,UIC,William & Mary,100,95,,,,0,,,,,,,,,,2,,0,Chicago,IL,1,179,,,,-6.0,"38,44,18","45,37,13"
ncaab:401087169,ncaab,2018-11-16T01:00Z,final,254,2400,Utah,Miss Valley St,98,63,,,,0,,,,,,,,,,2,,0,Salt Lake City,UT,1,1299,,,,-7.0,"54,44","35,28"
ncaab:401090034,ncaab,2018-11-16T01:30Z,final,2692,23,Weber St,San José St,85,77,,,,1,,,,,,,,,,2,,0,Bimini,Bahamas,1,6,,,,-5.0,"45,40","29,48"
ncaab:401082566,ncaab,2018-11-16T02:00Z,final,305,213,DePaul,Penn State,72,70,,,,0,,,,,,,,,,2,,0,Chicago,IL,1,179,,,,-6.0,"36,32,4","31,37,2"
ncaab:401083511,ncaab,2018-11-16T02:00Z,final,2628,278,TCU,Fresno St,77,69,,,,0,,,,,,,,,,2,,0,Fort Worth,TX,1,199,,,,-6.0,"29,48","31,38"
ncaab:401083600,ncaab,2018-11-16T02:00Z,final,252,198,BYU,Oral Roberts,85,65,,,,0,,,,,,,,,,2,,0,Provo,UT,1,1387,,,,-7.0,"43,42","31,34"
ncaab:401083654,ncaab,2018-11-16T02:00Z,final,304,279,Idaho St,Pacific,76,83,,,,0,,,,,,,,,,2,,0,Pocatello,ID,1,1360,,,,-7.0,"45,31","39,44"
ncaab:401089013,ncaab,2018-11-16T02:00Z,final,2172,2000,Denver,Abilene Chrstn,61,67,,,,0,,,,,,,,,,2,,0,Denver,CO,1,1609,,,,-7.0,"21,40","30,37"
ncaab:401082393,ncaab,2018-11-16T02:15Z,final,2294,2483,Iowa,Oregon,77,69,,,,1,,,,,,,,,,2,,0,New York,NY,1,10,,,,-5.0,"39,38","28,41"
ncaab:401083765,ncaab,2018-11-16T03:00Z,final,2541,300,Santa Clara,UC Irvine,49,61,,,,0,,,,,,,,,,2,,0,Santa Clara,CA,1,23,,,,-8.0,"26,23","24,37"
ncaab:401087059,ncaab,2018-11-16T03:00Z,void,25,2174,California,Detroit Mercy,,,,,,0,,,,,,,,,,2,,0,Berkeley,CA,1,52,,,,-8.0,,
ncaab:401089498,ncaab,2018-11-16T03:00Z,final,301,3096,San Diego,S Diego Christ,95,47,,,,0,,,,,,,,,,2,,0,San Diego,CA,1,20,,,,-8.0,"55,40","24,23"
ncaab:401083629,ncaab,2018-11-16T04:30Z,final,2250,245,Gonzaga,Texas A&M,94,71,,,,0,,,,,,,,,,2,,0,Spokane,WA,1,571,,,,-8.0,"43,51","33,38"
ncaab:401086989,ncaab,2018-11-16T16:00Z,final,149,2916,Montana,Incarnate Word,93,66,,,,1,,,,,,,,,,2,,0,Freeport,Bahamas,1,6,,,,-5.0,"42,51","36,30"
ncaab:401096891,ncaab,2018-11-16T16:00Z,final,2239,154,Fullerton,Wake Forest,59,66,,,,1,,,,,,,,,,2,,0,Conway,SC,1,10,,,,-5.0,"25,34","24,42"
ncaab:401096901,ncaab,2018-11-16T16:00Z,final,111,259,Northeastern,Virginia Tech,60,88,,,,1,,,,,,,,,,2,,0,Charleston,SC,1,6,,,,-5.0,"26,34","46,42"
ncaab:401087473,ncaab,2018-11-16T16:30Z,final,2115,2046,C Connecticut,Austin Peay,78,80,,,,1,,,,,,,,,,2,,0,Montego Bay,Jamaica,1,1,,,,-5.0,"39,39","39,41"
ncaab:401083377,ncaab,2018-11-16T17:00Z,final,239,2447,Baylor,Nicholls,81,54,,,,0,,,,,,,,,,2,,0,Waco,TX,1,143,,,,-6.0,"37,44","21,33"
ncaab:401084678,ncaab,2018-11-16T18:00Z,final,202,2856,Tulsa,CA Baptist,82,79,,,,0,,,,,,,,,,2,,0,Tulsa,OK,1,220,,,,-6.0,"42,40","43,36"
ncaab:401087121,ncaab,2018-11-16T18:00Z,final,295,204,Old Dominion,Oregon St,56,61,,,,1,,,,,,,,,,2,,0,Saint Thomas,Virgin Islands,1,256,,,,-6.0,"26,30","24,37"
ncaab:401096892,ncaab,2018-11-16T18:30Z,final,2116,2603,UCF,Saint Joseph's,77,57,,,,1,,,,,,,,,,2,,0,Conway,SC,1,10,,,,-5.0,"40,37","30,27"
ncaab:401096900,ncaab,2018-11-16T18:30Z,final,333,2050,Alabama,Ball State,79,61,,,,1,,,,,,,,,,2,,0,Charleston,SC,1,6,,,,-5.0,"34,45","21,40"
ncaab:401088214,ncaab,2018-11-16T19:00Z,final,2097,50,Campbell,Florida A&M,66,59,,,,1,,,,,,,,,,2,,0,Montego Bay,Jamaica,1,1,,,,-5.0,"25,41","34,25"
ncaab:401089106,ncaab,2018-11-16T19:00Z,final,193,2449,Miami OH,N Dakota St,89,78,,,,1,,,,,,,,,,2,,0,Freeport,Bahamas,1,6,,,,-5.0,"40,49","42,36"
ncaab:401083046,ncaab,2018-11-16T20:00Z,final,142,338,Missouri,Kennesaw St,55,52,,,,1,,,,,,,,,,2,,0,Saint Thomas,Virgin Islands,1,256,,,,-6.0,"36,19","32,20"
ncaab:401087301,ncaab,2018-11-16T20:30Z,final,2378,2005,UMBC,Air Force,77,72,,,,1,,,,,,,,,,2,,0,Bimini,Bahamas,1,6,,,,-5.0,"29,33,4,11","33,29,4,6"
ncaab:401084679,ncaab,2018-11-16T21:30Z,final,58,195,South Florida,Ohio,73,46,,,,1,,,,,,,,,,2,,0,Montego Bay,Jamaica,1,1,,,,-5.0,"33,40","15,31"
ncaab:401085950,ncaab,2018-11-16T21:30Z,final,324,2363,Coastal,Manhattan,53,55,,,,1,,,,,,,,,,2,,0,Highland Heights,KY,1,260,,,,-5.0,"26,27","30,25"
ncaab:401096903,ncaab,2018-11-16T21:30Z,final,2724,2026,Wichita St,App State,82,76,,,,1,,,,,,,,,,2,,0,Charleston,SC,1,6,,,,-5.0,"44,38","35,41"
ncaab:401096917,ncaab,2018-11-16T21:30Z,final,2483,183,Oregon,Syracuse,80,65,,,,1,,,,,,,,,,2,,0,New York,NY,1,10,,,,-5.0,"35,45","22,43"
ncaab:401086087,ncaab,2018-11-16T22:00Z,final,140,2413,Kansas City,Morehead St,89,99,,,,1,,,,,,,,,,2,,0,Cheney,WA,1,717,,,,-8.0,"39,50","62,37"
ncaab:401087335,ncaab,2018-11-16T22:00Z,final,290,2226,GA Southern,FAU,80,70,,,,1,,,,,,,,,,2,,0,Freeport,Bahamas,1,6,,,,-5.0,"33,47","34,36"
ncaab:401087518,ncaab,2018-11-16T22:00Z,final,349,2529,Army,Sacred Heart,78,79,,,,1,,,,,,,,,,2,,0,Providence,RI,1,2,,,,-5.0,"32,46","35,44"
ncaab:401086679,ncaab,2018-11-16T22:05Z,final,294,2546,Jacksonville,SE Missouri,71,77,,,,1,,,,,,,,,,2,,0,Mobile,AL,1,3,,,,-6.0,"32,39","33,44"
ncaab:401088420,ncaab,2018-11-16T22:30Z,final,219,2460,Penn,Northern Iowa,78,71,,,,1,,,,,,,,,,2,,0,Saint Thomas,Virgin Islands,1,256,,,,-6.0,"34,44","39,32"
ncaab:401086282,ncaab,2018-11-16T23:00Z,final,2230,2229,Fordham,FIU,83,77,,,,0,,,,,,,,,,2,,0,Bronx,NY,1,28,,,,-5.0,"39,44","36,41"
ncaab:401087290,ncaab,2018-11-16T23:00Z,final,107,2619,Holy Cross,Stony Brook,84,70,,,,1,,,,,,,,,,2,,0,Uncasville,CT,1,19,,,,-5.0,"43,41","36,34"
ncaab:401088217,ncaab,2018-11-16T23:00Z,final,233,2272,South Dakota,High Point,56,60,,,,1,,,,,,,,,,2,,0,Bimini,Bahamas,1,6,,,,-5.0,"30,26","25,35"
ncaab:401096894,ncaab,2018-11-16T23:30Z,final,2405,2674,Monmouth,Valparaiso,53,64,,,,1,,,,,,,,,,2,,0,Conway,SC,1,10,,,,-5.0,"23,30","29,35"
ncaab:401096902,ncaab,2018-11-16T23:30Z,final,2166,2509,Davidson,Purdue,58,79,,,,1,,,,,,,,,,2,,0,Charleston,SC,1,6,,,,-5.0,"26,32","33,46"
ncaab:401096916,ncaab,2018-11-16T23:30Z,final,2294,41,Iowa,UConn,91,72,,,,1,,,,,,,,,,2,,0,New York,NY,1,10,,,,-5.0,"43,48","27,45"
ncaab:401082421,ncaab,2018-11-17T00:00Z,final,120,2275,Maryland,Hofstra,80,69,,,,0,,,,,,,,,,2,,0,College Park,MD,1,21,,,,-5.0,"31,49","37,32"
ncaab:401082532,ncaab,2018-11-17T00:00Z,final,77,2066,Northwestern,Binghamton,82,54,,,,0,,,,,,,,,,2,,0,Evanston,IL,1,187,,,,-6.0,"48,34","19,35"
ncaab:401082593,ncaab,2018-11-17T00:00Z,final,164,2599,Rutgers,St John's,65,84,,,,0,,,,,,,,,,2,,0,Piscataway,NJ,1,30,,,,-5.0,"27,38","38,46"
ncaab:401082764,ncaab,2018-11-17T00:00Z,final,258,2154,Virginia,Coppin St,97,40,,,,0,,,,,,,,,,2,,0,Charlottesville,VA,1,142,,,,-5.0,"45,52","17,23"
ncaab:401082856,ncaab,2018-11-17T00:00Z,final,153,2635,North Carolina,Tennessee Tech,108,58,,,,0,,,,,,,,,,2,,0,Chapel Hill,NC,1,148,,,,-5.0,"50,58","26,32"
ncaab:401082910,ncaab,2018-11-17T00:00Z,final,97,261,Louisville,Vermont,86,78,,,,0,,,,,,,,,,2,,0,Louisville,KY,1,142,,,,-5.0,"45,41","35,43"
ncaab:401083141,ncaab,2018-11-17T00:00Z,final,61,2534,Georgia,Sam Houston,75,64,,,,0,,,,,,,,,,2,,0,Athens,GA,1,228,,,,-5.0,"38,37","33,31"
ncaab:401083270,ncaab,2018-11-17T00:00Z,final,46,2351,Georgetown,LMU,52,65,,,,1,,,,,,,,,,2,,0,Montego Bay,Jamaica,1,1,,,,-5.0,"26,26","21,44"
ncaab:401083995,ncaab,2018-11-17T00:00Z,final,2006,2130,Akron,Chicago St,87,46,,,,0,,,,,,,,,,2,,0,Akron,OH,1,291,,,,-5.0,"39,48","13,33"
ncaab:401084680,ncaab,2018-11-17T00:00Z,final,218,2352,Temple,Loyola MD,81,67,,,,0,,,,,,,,,,2,,0,Philadelphia,PA,1,12,,,,-5.0,"45,36","33,34"
ncaab:401085598,ncaab,2018-11-17T00:00Z,final,2168,2870,Dayton,Purdue FW,91,80,,,,0,,,,,,,,,,2,,0,Dayton,OH,1,225,,,,-5.0,"42,49","47,33"
ncaab:401085655,ncaab,2018-11-17T00:00Z,final,257,85,Richmond,IU Indy,78,70,,,,0,,,,,,,,,,2,,0,Richmond,VA,1,64,,,,-5.0,"29,49","30,40"
ncaab:401086332,ncaab,2018-11-17T00:00Z,final,113,47,UMass,Howard,63,68,,,,0,,,,,,,,,,2,,0,Amherst,MA,1,82,,,,-5.0,"26,37","39,29"
ncaab:401086339,ncaab,2018-11-17T00:00Z,final,227,108,Rhode Island,Harvard,76,74,,,,0,,,,,,,,,,2,,0,Kingston,RI,1,75,,,,-5.0,"41,35","35,39"
ncaab:401086642,ncaab,2018-11-17T00:00Z,final,44,160,American,New Hampshire,68,44,,,,0,,,,,,,,,,2,,0,Washington,DC,1,7,,,,-5.0,"45,23","23,21"
ncaab:401086706,ncaab,2018-11-17T00:00Z,final,2309,2335,Kent State,Liberty,70,77,,,,0,,,,,,,,,,2,,0,Kent,OH,1,325,,,,-5.0,"23,47","31,46"
ncaab:401088216,ncaab,2018-11-17T00:00Z,final,2542,2241,Savannah St,Gardner-Webb,77,97,,,,0,,,,,,,,,,2,,0,Savannah,GA,1,6,,,,-5.0,"37,40","51,46"
ncaab:401088218,ncaab,2018-11-17T00:00Z,final,2344,2169,Longwood,Delaware St,89,73,,,,0,,,,,,,,,,2,,0,Farmville,VA,1,90,,,,-5.0,"49,40","42,31"
ncaab:401088219,ncaab,2018-11-17T00:00Z,final,94,2427,N Kentucky,UNC Asheville,77,50,,,,0,,,,,,,,,,2,,0,Highland Heights,KY,1,260,,,,-5.0,"37,40","19,31"
ncaab:401088445,ncaab,2018-11-17T00:00Z,final,161,108818,FDU,NYIT,85,57,,,,0,,,,,,,,,,2,,0,Hackensack,NJ,1,6,,,,-5.0,"40,45","30,27"
ncaab:401088467,ncaab,2018-11-17T00:00Z,final,325,2569,Cleveland St,SC State,84,69,,,,0,,,,,,,,,,2,,0,Cleveland,OH,1,199,,,,-5.0,"37,47","31,38"
ncaab:401088891,ncaab,2018-11-17T00:00Z,final,2382,2630,Mercer,UT Martin,77,60,,,,0,,,,,,,,,,2,,0,Macon,GA,1,112,,,,-5.0,"40,37","35,25"
ncaab:401088899,ncaab,2018-11-17T00:00Z,final,2430,3169,UNC Greensboro,J&W (NC),105,57,,,,0,,,,,,,,,,2,,0,Greensboro,NC,1,266,,,,-5.0,"45,60","28,29"
ncaab:401089920,ncaab,2018-11-17T00:00Z,final,2132,270,Cincinnati,Milwaukee,74,63,,,,0,,,,,,,,,,2,,0,Cincinnati,OH,1,191,,,,-5.0,"33,41","33,30"
ncaab:401082897,ncaab,2018-11-17T00:30Z,final,59,151,Georgia Tech,East Carolina,79,54,,,,0,,,,,,,,,,2,,0,Atlanta,GA,1,320,,,,-5.0,"40,39","24,30"
ncaab:401083428,ncaab,2018-11-17T00:30Z,final,2306,2198,Kansas St,E Kentucky,95,68,,,,1,,,,,,,,,,2,,0,Saint Thomas,Virgin Islands,1,256,,,,-6.0,"37,58","28,40"
ncaab:401083961,ncaab,2018-11-17T00:30Z,final,2429,256,Charlotte,James Madison,59,64,,,,0,,,,,,,,,,2,,0,Charlotte,NC,1,229,,,,-5.0,"23,36","30,34"
ncaab:401086623,ncaab,2018-11-17T00:30Z,final,225,2349,Brown,UMass Lowell,82,74,,,,0,,,,,,,,,,2,,0,Providence,RI,1,2,,,,-5.0,"45,37","30,44"
ncaab:401088215,ncaab,2018-11-17T00:30Z,final,2393,2127,MTSU,Charleston So,76,73,,,,0,,,,,,,,,,2,,0,Murfreesboro,TN,1,186,,,,-6.0,"45,31","25,48"
ncaab:401089468,ncaab,2018-11-17T00:30Z,final,2377,100,McNeese,Loyola NO,78,79,,,,0,,,,,,,,,,2,,0,Lake Charles,LA,1,4,,,,-6.0,"29,49","36,43"
ncaab:401086823,ncaab,2018-11-17T00:45Z,final,331,2739,E Washington,Green Bay,78,82,,,,0,,,,,,,,,,2,,0,Cheney,WA,1,717,,,,-8.0,"26,40,12","28,38,16"
ncaab:401082920,ncaab,2018-11-17T01:00Z,final,238,2016,Vanderbilt,Alcorn St,79,54,,,,0,,,,,,,,,,2,,0,Nashville,TN,1,170,,,,-6.0,"37,42","29,25"
ncaab:401083085,ncaab,2018-11-17T01:00Z,final,2086,145,Butler,Ole Miss,83,76,,,,0,,,,,,,,,,2,,0,Indianapolis,IN,1,218,,,,-5.0,"41,42","36,40"
ncaab:401083107,ncaab,2018-11-17T01:00Z,final,99,2348,LSU,Louisiana Tech,74,67,,,,0,,,,,,,,,,2,,0,Baton Rouge,LA,1,14,,,,-6.0,"36,38","33,34"
ncaab:401083496,ncaab,2018-11-17T01:00Z,final,251,2643,Texas,The Citadel,97,69,,,,0,,,,,,,,,,2,,0,Austin,TX,1,149,,,,-6.0,"42,55","30,39"
ncaab:401083548,ncaab,2018-11-17T01:00Z,final,2305,309,Kansas,Louisiana,89,76,,,,0,,,,,,,,,,2,,0,Lawrence,KS,1,263,,,,-6.0,"44,45","41,35"
ncaab:401083681,ncaab,2018-11-17T01:00Z,final,2492,119,Pepperdine,Towson,74,65,,,,1,,,,,,,,,,2,,0,Freeport,Bahamas,1,6,,,,-5.0,"35,39","32,33"
ncaab:401086654,ncaab,2018-11-17T01:00Z,final,526,2571,FGCU,S Dakota St,84,78,,,,0,,,,,,,,,,2,,0,Fort Myers,FL,1,3,,,,-5.0,"30,54","37,41"
ncaab:401087940,ncaab,2018-11-17T01:00Z,final,250,357,UT Arlington,Texas A&M-CC,67,73,,,,0,,,,,,,,,,2,,0,Arlington,TX,1,184,,,,-6.0,"39,28","30,43"
ncaab:401087959,ncaab,2018-11-17T01:00Z,final,6,236,South Alabama,Chattanooga,73,54,,,,0,,,,,,,,,,2,,0,Mobile,AL,1,3,,,,-6.0,"37,36","22,32"
ncaab:401088997,ncaab,2018-11-17T01:00Z,final,2350,2755,Loyola Chicago,Grambling,80,64,,,,0,,,,,,,,,,2,,0,Chicago,IL,1,179,,,,-6.0,"40,40","29,35"
ncaab:401090150,ncaab,2018-11-17T01:00Z,final,93,2589,Murray St,Spalding,106,36,,,,0,,,,,,,,,,2,,0,Murray,KY,1,163,,,,-6.0,"62,44","13,23"
ncaab:401086050,ncaab,2018-11-17T01:30Z,final,2561,2450,Siena,Norfolk St,61,58,,,,1,,,,,,,,,,2,,0,Uncasville,CT,1,19,,,,-5.0,"26,35","31,27"
ncaab:401087923,ncaab,2018-11-17T01:30Z,final,2754,171,Youngstown St,Columbia,94,83,,,,1,,,,,,,,,,2,,0,Bronx,NY,1,28,,,,-5.0,"52,42","45,38"
ncaab:401089092,ncaab,2018-11-17T01:30Z,final,2329,163,Lehigh,Princeton,72,57,,,,0,,,,,,,,,,2,,0,Bethlehem,PA,1,109,,,,-5.0,"28,44","26,31"
ncaab:401099795,ncaab,2018-11-17T01:30Z,final,2692,2117,Weber St,C Michigan,78,76,,,,1,,,,,,,,,,2,,0,Bimini,Bahamas,1,6,,,,-5.0,"30,48","32,44"
ncaab:401083065,ncaab,2018-11-17T02:00Z,final,344,299,Mississippi St,Long Beach St,79,51,,,,0,,,,,,,,,,2,,0,Starkville,MS,1,101,,,,-6.0,"36,43","28,23"
ncaab:401083748,ncaab,2018-11-17T02:00Z,void,2539,9,San Francisco,Arizona St,,,,,,0,,,,,,,,,,2,,0,San Francisco,CA,1,16,,,,-8.0,,
ncaab:401085994,ncaab,2018-11-17T02:00Z,final,2751,315,Wyoming,Niagara,67,72,,,,0,,,,,,,,,,2,,0,Laramie,WY,1,2184,,,,-7.0,"25,42","33,39"
ncaab:401086086,ncaab,2018-11-17T02:00Z,final,328,3084,Utah State,Utah Valley,65,46,,,,0,,,,,,,,,,2,,0,Logan,UT,1,1382,,,,-7.0,"32,33","20,26"
ncaab:401086088,ncaab,2018-11-17T02:00Z,final,2253,2032,Grand Canyon,Arkansas St,96,72,,,,0,,,,,,,,,,2,,0,Phoenix,AZ,1,331,,,,-7.0,"44,52","30,42"
ncaab:401087078,ncaab,2018-11-17T02:00Z,final,38,2437,Colorado,Omaha,79,75,,,,0,,,,,,,,,,2,,0,Boulder,CO,1,1624,,,,-7.0,"33,46","29,46"
ncaab:401096893,ncaab,2018-11-17T02:00Z,final,277,98,West Virginia,Western KY,57,63,,,,1,,,,,,,,,,2,,0,Conway,SC,1,10,,,,-5.0,"35,22","33,30"
ncaab:401085295,ncaab,2018-11-17T02:05Z,void,16,13,Sacramento St,Cal Poly,,,,,,0,,,,,,,,,,2,,0,Sacramento,CA,1,9,,,,-8.0,,
ncaab:401087136,ncaab,2018-11-17T03:00Z,void,24,2747,Stanford,Wofford,,,,,,0,,,,,,,,,,2,,0,Stanford,CA,1,23,,,,-8.0,,
ncaab:401089601,ncaab,2018-11-17T03:00Z,final,68,2296,Boise St,Jackson St,70,53,,,,0,,,,,,,,,,2,,0,Boise,ID,1,823,,,,-7.0,"26,44","27,26"
ncaab:401089943,ncaab,2018-11-17T03:00Z,final,2439,2473,UNLV,Oakland,74,61,,,,0,,,,,,,,,,2,,0,Las Vegas,NV,1,610,,,,-8.0,"42,32","28,33"
ncaab:401087149,ncaab,2018-11-17T04:00Z,final,26,2598,UCLA,Saint Francis,95,58,,,,0,,,,,,,,,,2,,0,Los Angeles,CA,1,89,,,,-8.0,"36,59","29,29"
ncaab:401087831,ncaab,2018-11-17T04:00Z,final,2440,2031,Nevada,Little Rock,87,59,,,,0,,,,,,,,,,2,,0,Reno,NV,1,1373,,,,-8.0,"43,44","23,36"
ncaab:401099942,ncaab,2018-11-17T16:00Z,final,2916,2449,Incarnate Word,N Dakota St,80,78,,,,1,,,,,,,,,,2,,0,Freeport,Bahamas,1,6,,,,-5.0,"40,34,6","41,33,4"
ncaab:401082449,ncaab,2018-11-17T17:00Z,final,45,130,G Washington,Michigan,61,84,,,,1,,,,,,,,,,2,,0,Uncasville,CT,1,19,,,,-5.0,"26,35","35,49"
ncaab:401082804,ncaab,2018-11-17T17:00Z,final,221,2453,Pitt,North Alabama,71,66,,,,0,,,,,,,,,,2,,0,Pittsburgh,PA,1,233,,,,-5.0,"29,42","33,33"
ncaab:401082823,ncaab,2018-11-17T17:00Z,final,87,2729,Notre Dame,William & Mary,73,64,,,,0,,,,,,,,,,2,,0,South Bend,IN,1,211,,,,-5.0,"27,46","28,36"
ncaab:401085622,ncaab,2018-11-17T17:00Z,final,2184,2515,Duquesne,Radford,69,64,,,,1,,,,,,,,,,2,,0,Akron,OH,1,291,,,,-5.0,"34,35","36,28"
ncaab:401083246,ncaab,2018-11-17T18:00Z,final,269,2506,Marquette,Presbyterian,74,55,,,,0,,,,,,,,,,2,,0,Milwaukee,WI,1,188,,,,-6.0,"26,48","26,29"
ncaab:401086040,ncaab,2018-11-17T18:00Z,final,2217,2681,Fairfield,Wagner,73,79,,,,0,,,,,,,,,,2,,0,Bridgeport,CT,1,1,,,,-5.0,"36,37","34,45"
ncaab:401082840,ncaab,2018-11-17T19:00Z,final,152,311,NC State,Maine,82,63,,,,0,,,,,,,,,,2,,0,Raleigh,NC,1,96,,,,-5.0,"48,34","24,39"
ncaab:401082875,ncaab,2018-11-17T19:00Z,final,2390,2065,Miami,Bethune,78,70,,,,0,,,,,,,,,,2,,0,Coral Gables,FL,1,3,,,,-5.0,"30,48","31,39"
ncaab:401087437,ncaab,2018-11-17T19:00Z,final,2711,486,W Michigan,Aquinas,99,52,,,,0,,,,,,,,,,2,,0,Kalamazoo,MI,1,239,,,,-5.0,"48,51","27,25"
ncaab:401099943,ncaab,2018-11-17T19:00Z,final,2226,119,FAU,Towson,85,71,,,,1,,,,,,,,,,2,,0,Freeport,Bahamas,1,6,,,,-5.0,"40,45","35,36"
ncaab:401083024,ncaab,2018-11-17T19:30Z,final,2507,2579,Providence,South Carolina,76,67,,,,1,,,,,,,,,,2,,0,Uncasville,CT,1,19,,,,-5.0,"27,49","35,32"
ncaab:401088090,ncaab,2018-11-17T19:30Z,final,2199,104,E Michigan,Boston U,80,62,,,,0,,,,,,,,,,2,,0,Ypsilanti,MI,1,219,,,,-5.0,"32,48","26,36"
ncaab:401088523,ncaab,2018-11-17T19:30Z,final,2737,2193,Winthrop,ETSU,74,76,,,,0,,,,,,,,,,2,,0,Rock Hill,SC,1,207,,,,-5.0,"30,44","35,41"
ncaab:401086783,ncaab,2018-11-17T20:00Z,final,2750,2454,Wright St,North Florida,89,72,,,,0,,,,,,,,,,2,,0,Dayton,OH,1,225,,,,-5.0,"44,45","33,39"
ncaab:401087310,ncaab,2018-11-17T20:00Z,final,302,357,UC Davis,Texas A&M-CC,57,54,,,,1,,,,,,,,,,2,,0,Arlington,TX,1,184,,,,-6.0,"25,26,6","27,24,3"
ncaab:401087375,ncaab,2018-11-17T20:00Z,final,2459,73,N Illinois,Illinois Tech,73,66,,,,0,,,,,,,,,,2,,0,Dekalb,IL,1,268,,,,-6.0,"37,36","23,43"
ncaab:401087900,ncaab,2018-11-17T20:00Z,final,2181,326,Drake,Texas St,75,69,,,,0,,,,,,,,,,2,,0,Des Moines,IA,1,266,,,,-6.0,"44,31","30,39"
ncaab:401088587,ncaab,2018-11-17T20:00Z,final,2320,2504,Lamar,Prairie View,74,67,,,,0,,,,,,,,,,2,,0,Beaumont,TX,1,5,,,,-6.0,"33,41","27,40"
ncaab:401089385,ncaab,2018-11-17T20:00Z,final,242,2466,Rice,N'Western St,102,74,,,,0,,,,,,,,,,2,,0,Houston,TX,1,12,,,,-6.0,"39,63","35,39"
ncaab:401099933,ncaab,2018-11-17T20:00Z,final,338,295,Kennesaw St,Old Dominion,47,65,,,,1,,,,,,,,,,2,,0,Saint Thomas,Virgin Islands,1,256,,,,-6.0,"14,33","31,34"
ncaab:401085906,ncaab,2018-11-17T20:30Z,final,2099,399,Canisius,UAlbany,66,75,,,,0,,,,,,,,,,2,,0,Buffalo,NY,1,183,,,,-5.0,"22,44","26,49"
ncaab:401086283,ncaab,2018-11-17T20:30Z,final,2230,2754,Fordham,Youngstown St,67,61,,,,0,,,,,,,,,,2,,0,Bronx,NY,1,28,,,,-5.0,"28,39","34,27"
ncaab:401086624,ncaab,2018-11-17T20:30Z,final,2349,349,UMass Lowell,Army,92,85,,,,1,,,,,,,,,,2,,0,Providence,RI,1,2,,,,-5.0,"44,48","42,43"
ncaab:401083936,ncaab,2018-11-17T21:00Z,final,2325,2182,La Salle,Drexel,84,89,,,,0,,,,,,,,,,2,,0,Philadelphia,PA,1,12,,,,-5.0,"29,55","35,54"
ncaab:401086300,ncaab,2018-11-17T21:00Z,final,2244,2582,George Mason,Southern,69,65,,,,0,,,,,,,,,,2,,0,Fairfax,VA,1,131,,,,-5.0,"37,32","25,40"
ncaab:401086749,ncaab,2018-11-17T21:00Z,final,2885,172,NJIT,Cornell,73,86,,,,0,,,,,,,,,,2,,0,Newark,NJ,1,9,,,,-5.0,"29,44","40,46"
ncaab:401088905,ncaab,2018-11-17T21:00Z,final,2717,3171,W Carolina,Hiwassee,94,55,,,,0,,,,,,,,,,2,,0,Cullowhee,NC,1,645,,,,-5.0,"42,52","23,32"
ncaab:401089058,ncaab,2018-11-17T21:00Z,final,155,2399,North Dakota,Minn Morris,112,58,,,,0,,,,,,,,,,2,,0,Grand Forks,ND,1,253,,,,-6.0,"47,65","27,31"
ncaab:401099946,ncaab,2018-11-17T21:05Z,final,2739,2413,Green Bay,Morehead St,87,70,,,,1,,,,,,,,,,2,,0,Cheney,WA,1,717,,,,-8.0,"38,49","30,40"
ncaab:401088221,ncaab,2018-11-17T21:30Z,final,2427,324,UNC Asheville,Coastal,52,78,,,,1,,,,,,,,,,2,,0,Highland Heights,KY,1,260,,,,-5.0,"25,27","47,31"
ncaab:401083352,ncaab,2018-11-17T22:00Z,final,222,231,Villanova,Furman,68,76,,,,0,,,,,,,,,,2,,0,Villanova,PA,1,121,,,,-5.0,"36,24,8","31,29,16"
ncaab:401086797,ncaab,2018-11-17T22:00Z,final,2545,56,SE Louisiana,Stetson,69,57,,,,0,,,,,,,,,,2,,0,Hammond,LA,1,13,,,,-6.0,"36,33","37,20"
ncaab:401086824,ncaab,2018-11-17T22:00Z,final,2540,147,Santa Barbara,Montana St,88,69,,,,0,,,,,,,,,,2,,0,Santa Barbara,CA,1,15,,,,-8.0,"48,40","32,37"
ncaab:401088769,ncaab,2018-11-17T22:00Z,final,2546,236,SE Missouri,Chattanooga,63,42,,,,1,,,,,,,,,,2,,0,Mobile,AL,1,3,,,,-6.0,"26,37","17,25"
ncaab:401099934,ncaab,2018-11-17T22:00Z,final,2198,2460,E Kentucky,Northern Iowa,85,90,,,,1,,,,,,,,,,2,,0,Saint Thomas,Virgin Islands,1,256,,,,-6.0,"42,43","48,42"
ncaab:401099944,ncaab,2018-11-17T22:00Z,final,149,193,Montana,Miami OH,73,71,,,,1,,,,,,,,,,2,,0,Freeport,Bahamas,1,6,,,,-5.0,"32,41","33,38"
ncaab:401083601,ncaab,2018-11-17T23:00Z,final,252,2010,BYU,Alabama A&M,91,60,,,,0,,,,,,,,,,2,,0,Provo,UT,1,1387,,,,-7.0,"46,45","24,36"
ncaab:401086089,ncaab,2018-11-17T23:00Z,final,167,166,New Mexico,New Mexico St,94,98,,,,0,,,,,,,,,,2,,0,Albuquerque,NM,1,1511,,,,-7.0,"38,56","44,54"
ncaab:401087357,ncaab,2018-11-17T23:00Z,final,171,2229,Columbia,FIU,87,98,,,,1,,,,,,,,,,2,,0,Bronx,NY,1,28,,,,-5.0,"41,46","43,55"
ncaab:401087519,ncaab,2018-11-17T23:00Z,final,225,2529,Brown,Sacred Heart,82,77,,,,0,,,,,,,,,,2,,0,Providence,RI,1,2,,,,-5.0,"42,40","28,49"
ncaab:401090255,ncaab,2018-11-17T23:00Z,final,249,2379,North Texas,MD Eastern,68,34,,,,0,,,,,,,,,,2,,0,Denton,TX,1,201,,,,-6.0,"30,38","21,13"
ncaab:401099937,ncaab,2018-11-17T23:00Z,final,23,2934,San José St,Bakersfield,72,73,,,,1,,,,,,,,,,2,,0,Bimini,Bahamas,1,6,,,,-5.0,"37,35","38,35"
ncaab:401099947,ncaab,2018-11-17T23:15Z,final,331,140,E Washington,Kansas City,87,80,,,,0,,,,,,,,,,2,,0,Cheney,WA,1,717,,,,-8.0,"35,34,18","31,38,11"
ncaab:401084682,ncaab,2018-11-18T00:00Z,final,2567,288,SMU,Lipscomb,73,79,,,,0,,,,,,,,,,2,,0,Dallas,TX,1,128,,,,-6.0,"36,37","29,50"
ncaab:401085951,ncaab,2018-11-18T00:00Z,final,94,2363,N Kentucky,Manhattan,59,53,,,,0,,,,,,,,,,2,,0,Highland Heights,KY,1,260,,,,-5.0,"25,34","19,34"
ncaab:401087497,ncaab,2018-11-18T00:00Z,final,2523,2400,Robert Morris,Miss Valley St,68,59,,,,0,,,,,,,,,,2,,0,Moon Township,PA,1,358,,,,-5.0,"37,31","31,28"
ncaab:401090661,ncaab,2018-11-18T00:00Z,final,27,3185,UC Riverside,UC Merced,63,53,,,,0,,,,,,,,,,2,,0,Riverside,CA,1,252,,,,-8.0,"34,29","26,27"
ncaab:401082604,ncaab,2018-11-18T01:00Z,final,275,2277,Wisconsin,Hou Christian,96,59,,,,0,,,,,,,,,,2,,0,Madison,WI,1,267,,,,-6.0,"50,46","24,35"
ncaab:401083327,ncaab,2018-11-18T01:00Z,final,2550,139,Seton Hall,Saint Louis,64,66,,,,0,,,,,,,,,,2,,0,Newark,NJ,1,9,,,,-5.0,"28,36","33,33"
ncaab:401084681,ncaab,2018-11-18T01:00Z,final,235,43,Memphis,Yale,109,102,,,,0,,,,,,,,,,2,,0,Memphis,TN,1,78,,,,-6.0,"47,36,13,13","45,38,13,6"
ncaab:401086680,ncaab,2018-11-18T01:00Z,final,6,294,South Alabama,Jacksonville,48,71,,,,0,,,,,,,,,,2,,0,Mobile,AL,1,3,,,,-6.0,"16,32","33,38"
ncaab:401088981,ncaab,2018-11-18T01:00Z,final,79,2029,S Illinois,AR-Pine Bluff,78,48,,,,0,,,,,,,,,,2,,0,Carbondale,IL,1,126,,,,-6.0,"40,38","23,25"
ncaab:401089213,ncaab,2018-11-18T01:00Z,final,82,71,UIC,Bradley,71,70,,,,0,,,,,,,,,,2,,0,Chicago,IL,1,179,,,,-6.0,"40,31","36,34"
ncaab:401090093,ncaab,2018-11-18T01:00Z,final,2197,2710,E Illinois,W Illinois,68,66,,,,0,,,,,,,,,,2,,0,Charleston,IL,1,204,,,,-6.0,"32,28,8","36,24,6"
ncaab:401090253,ncaab,2018-11-18T01:00Z,final,2634,2225,Tennessee St,Fisk,113,61,,,,0,,,,,,,,,,2,,0,Nashville,TN,1,170,,,,-6.0,"63,50","27,34"
ncaab:401099945,ncaab,2018-11-18T01:00Z,final,290,2492,GA Southern,Pepperdine,88,78,,,,1,,,,,,,,,,2,,0,Freeport,Bahamas,1,6,,,,-5.0,"45,43","46,32"
ncaab:401096967,ncaab,2018-11-18T01:30Z,final,2619,2450,Stony Brook,Norfolk St,72,65,,,,1,,,,,,,,,,2,,0,Uncasville,CT,1,19,,,,-5.0,"41,31","38,27"
ncaab:401099938,ncaab,2018-11-18T01:30Z,final,2272,2378,High Point,UMBC,59,68,,,,1,,,,,,,,,,2,,0,Bimini,Bahamas,1,6,,,,-5.0,"25,34","27,41"
ncaab:401083704,ncaab,2018-11-18T02:00Z,final,2463,2501,CSU Northridge,Portland,77,80,,,,0,,,,,,,,,,2,,0,Northridge,CA,1,246,,,,-8.0,"41,36","27,53"
ncaab:401086825,ncaab,2018-11-18T03:05Z,final,2502,2930,Portland St,Willamette,125,61,,,,0,,,,,,,,,,2,,0,Portland,OR,1,12,,,,-8.0,"70,55","26,35"
ncaab:401082645,ncaab,2018-11-19T16:00Z,final,228,2006,Clemson,Akron,72,69,,,,1,,,,,,,,,,2,,0,George Town,Cayman Islands,1,4,,,,-5.0,"31,41","24,45"
ncaab:401084683,ncaab,2018-11-19T16:00Z,final,2571,2655,S Dakota St,Tulane,80,84,,,,1,,,,,,,,,,2,,0,Estero,FL,1,4,,,,-5.0,"47,33","47,37"
ncaab:401099994,ncaab,2018-11-19T18:00Z,final,2198,338,E Kentucky,Kennesaw St,100,81,,,,1,,,,,,,,,,2,,0,Saint Thomas,Virgin Islands,1,256,,,,-6.0,"39,61","33,48"
ncaab:401083142,ncaab,2018-11-19T18:30Z,final,2287,61,Illinois St,Georgia,68,80,,,,1,,,,,,,,,,2,,0,George Town,Cayman Islands,1,4,,,,-5.0,"26,42","47,33"
ncaab:401087806,ncaab,2018-11-19T18:30Z,final,300,2636,UC Irvine,UTSA,65,56,,,,1,,,,,,,,,,2,,0,Estero,FL,1,4,,,,-5.0,"43,22","21,35"
ncaab:401090413,ncaab,2018-11-19T19:00Z,final,42,3084,Hartford,Utah Valley,65,72,,,,1,,,,,,,,,,2,,0,Las Vegas,NV,1,610,,,,-8.0,"27,38","35,37"
ncaab:401083166,ncaab,2018-11-19T19:30Z,final,2752,2,Xavier,Auburn,79,88,,,,1,,,,,,,,,,2,,0,Maui,HI,1,1619,,,,-10.0,"28,49,2","33,44,11"
ncaab:401099993,ncaab,2018-11-19T20:00Z,final,2460,295,Northern Iowa,Old Dominion,54,53,,,,1,,,,,,,,,,2,,0,Saint Thomas,Virgin Islands,1,256,,,,-6.0,"26,28","21,32"
ncaab:401089208,ncaab,2018-11-19T21:00Z,final,2534,2296,Sam Houston,Jackson St,75,60,,,,1,,,,,,,,,,2,,0,Johnson City,TN,1,498,,,,-5.0,"32,43","31,29"
ncaab:401085720,ncaab,2018-11-19T22:00Z,final,2247,179,Georgia St,St Bonaventure,75,65,,,,1,,,,,,,,,,2,,0,George Town,Cayman Islands,1,4,,,,-5.0,"37,38","32,33"
ncaab:401085927,ncaab,2018-11-19T22:00Z,final,314,299,Iona,Long Beach St,85,86,,,,1,,,,,,,,,,2,,0,Las Vegas,NV,1,610,,,,-8.0,"40,45","41,45"
ncaab:401088001,ncaab,2018-11-19T22:00Z,final,309,36,Louisiana,Colorado St,91,73,,,,1,,,,,,,,,,2,,0,Estero,FL,1,4,,,,-5.0,"40,51","26,47"
ncaab:401088225,ncaab,2018-11-19T22:00Z,final,189,2261,Bowling Green,Hampton,81,79,,,,1,,,,,,,,,,2,,0,Detroit,MI,1,183,,,,-5.0,"42,39","50,29"
ncaab:401082672,ncaab,2018-11-19T22:22Z,final,21,150,San Diego St,Duke,64,90,,,,1,,,,,,,,,,2,,0,Maui,HI,1,1619,,,,-10.0,"32,32","49,41"
ncaab:401100056,ncaab,2018-11-19T22:30Z,final,219,204,Penn,Oregon St,58,74,,,,1,,,,,,,,,,2,,0,Saint Thomas,Virgin Islands,1,256,,,,-6.0,"29,29","31,43"
ncaab:401100033,ncaab,2018-11-19T23:00Z,final,2005,2272,Air Force,High Point,62,69,,,,1,,,,,,,,,,2,,0,Bimini,Bahamas,1,6,,,,-5.0,"25,37","38,31"
ncaab:401085656,ncaab,2018-11-19T23:30Z,final,2350,257,Loyola Chicago,Richmond,82,66,,,,1,,,,,,,,,,2,,0,Fort Myers,FL,1,3,,,,-5.0,"33,49","36,30"
ncaab:401082515,ncaab,2018-11-20T00:00Z,final,158,2623,Nebraska,Missouri St,85,62,,,,1,,,,,,,,,,2,,0,Kansas City,MO,1,274,,,,-6.0,"36,49","29,33"
ncaab:401082594,ncaab,2018-11-20T00:00Z,final,164,2199,Rutgers,E Michigan,63,36,,,,0,,,,,,,,,,2,,0,Piscataway,NJ,1,30,,,,-5.0,"31,32","4,32"
ncaab:401082697,ncaab,2018-11-20T00:00Z,final,52,2099,Florida St,Canisius,93,61,,,,0,,,,,,,,,,2,,0,Tallahassee,FL,1,62,,,,-5.0,"42,51","27,34"
ncaab:401084684,ncaab,2018-11-20T00:00Z,final,151,292,East Carolina,UT Rio Grande,69,64,,,,0,,,,,,,,,,2,,0,Greenville,NC,1,18,,,,-5.0,"41,28","28,36"
ncaab:401086027,ncaab,2018-11-20T00:00Z,final,2520,2154,Rider,Coppin St,87,67,,,,0,,,,,,,,,,2,,0,Lawrenceville,NJ,1,37,,,,-5.0,"46,41","32,35"
ncaab:401086333,ncaab,2018-11-20T00:00Z,final,113,2029,UMass,AR-Pine Bluff,92,60,,,,0,,,,,,,,,,2,,0,Amherst,MA,1,82,,,,-5.0,"43,49","26,34"
ncaab:401086514,ncaab,2018-11-20T00:00Z,final,399,355,UAlbany,SUNY Oneonta,79,62,,,,0,,,,,,,,,,2,,0,Albany,NY,1,45,,,,-5.0,"32,47","27,35"
ncaab:401086539,ncaab,2018-11-20T00:00Z,final,2142,2066,Colgate,Binghamton,76,68,,,,0,,,,,,,,,,2,,0,Hamilton,NY,1,181,,,,-5.0,"33,43","33,35"
ncaab:401086798,ncaab,2018-11-20T00:00Z,final,56,2523,Stetson,Robert Morris,72,81,,,,0,,,,,,,,,,2,,0,DeLand,FL,1,12,,,,-5.0,"36,36","38,43"
ncaab:401087319,ncaab,2018-11-20T00:00Z,final,2429,2344,Charlotte,Longwood,42,39,,,,0,,,,,,,,,,2,,0,Charlotte,NC,1,229,,,,-5.0,"15,27","19,20"
ncaab:401087438,ncaab,2018-11-20T00:00Z,final,2132,2711,Cincinnati,W Michigan,78,52,,,,0,,,,,,,,,,2,,0,Cincinnati,OH,1,191,,,,-5.0,"43,35","29,23"
ncaab:401088184,ncaab,2018-11-20T00:00Z,final,276,2448,Marshall,NC A&T,95,71,,,,0,,,,,,,,,,2,,0,Huntington,WV,1,173,,,,-5.0,"47,48","27,44"
ncaab:401088588,ncaab,2018-11-20T00:00Z,final,2430,2504,UNC Greensboro,Prairie View,74,66,,,,0,,,,,,,,,,2,,0,Greensboro,NC,1,266,,,,-5.0,"35,39","41,25"
ncaab:401088866,ncaab,2018-11-20T00:00Z,final,2193,2130,ETSU,Chicago St,86,61,,,,0,,,,,,,,,,2,,0,Johnson City,TN,1,498,,,,-5.0,"27,59","28,33"
ncaab:401089944,ncaab,2018-11-20T00:00Z,final,2473,190,Oakland,Defiance,91,47,,,,0,,,,,,,,,,2,,0,Rochester,MI,1,229,,,,-5.0,"33,58","16,31"
ncaab:401090338,ncaab,2018-11-20T00:00Z,final,2169,66786,Delaware St,St Elizabeth,80,47,,,,0,,,,,,,,,,2,,0,Dover,DE,1,9,,,,-5.0,"36,44","22,25"
ncaab:401083339,ncaab,2018-11-20T00:20Z,final,25,2599,California,St John's,79,82,,,,1,,,,,,,,,,2,,0,Brooklyn,NY,1,15,,,,-5.0,"31,48","38,44"
ncaab:401083221,ncaab,2018-11-20T00:30Z,final,156,68,Creighton,Boise St,94,82,,,,1,,,,,,,,,,2,,0,George Town,Cayman Islands,1,4,,,,-5.0,"46,48","41,41"
ncaab:401086655,ncaab,2018-11-20T00:30Z,final,2649,526,Toledo,FGCU,90,62,,,,1,,,,,,,,,,2,,0,Estero,FL,1,4,,,,-5.0,"42,48","25,37"
ncaab:401088224,ncaab,2018-11-20T00:30Z,final,2127,3174,Charleston So,Trinity Co Jax,98,49,,,,0,,,,,,,,,,2,,0,Charleston,SC,1,6,,,,-5.0,"53,45","23,26"
ncaab:401088490,ncaab,2018-11-20T00:30Z,final,2174,2352,Detroit Mercy,Loyola MD,91,63,,,,0,,,,,,,,,,2,,0,Detroit,MI,1,183,,,,-5.0,"36,55","37,26"
ncaab:401100055,ncaab,2018-11-20T00:30Z,final,2306,142,Kansas St,Missouri,82,67,,,,1,,,,,,,,,,2,,0,Saint Thomas,Virgin Islands,1,256,,,,-6.0,"40,42","27,40"
ncaab:401082857,ncaab,2018-11-20T01:00Z,final,153,2598,North Carolina,Saint Francis,101,76,,,,0,,,,,,,,,,2,,0,Chapel Hill,NC,1,148,,,,-5.0,"52,49","36,40"
ncaab:401082921,ncaab,2018-11-20T01:00Z,final,238,2335,Vanderbilt,Liberty,79,70,,,,0,,,,,,,,,,2,,0,Nashville,TN,1,170,,,,-6.0,"37,42","33,37"
ncaab:401084685,ncaab,2018-11-20T01:00Z,final,248,2466,Houston,N'Western St,82,55,,,,0,,,,,,,,,,2,,0,Houston,TX,1,12,,,,-6.0,"39,43","28,27"
ncaab:401084686,ncaab,2018-11-20T01:00Z,final,202,2031,Tulsa,Little Rock,88,78,,,,0,,,,,,,,,,2,,0,Tulsa,OK,1,220,,,,-6.0,"37,51","42,36"
ncaab:401087960,ncaab,2018-11-20T01:00Z,final,6,2546,South Alabama,SE Missouri,79,58,,,,0,,,,,,,,,,2,,0,Mobile,AL,1,3,,,,-6.0,"39,40","30,28"
ncaab:401089214,ncaab,2018-11-20T01:00Z,final,79,47,S Illinois,Howard,83,69,,,,0,,,,,,,,,,2,,0,Carbondale,IL,1,126,,,,-6.0,"33,50","39,30"
ncaab:401089398,ncaab,2018-11-20T01:00Z,final,198,3120,Oral Roberts,Ecclesia,109,72,,,,0,,,,,,,,,,2,,0,Tulsa,OK,1,220,,,,-6.0,"56,53","35,37"
ncaab:401089490,ncaab,2018-11-20T01:00Z,final,2320,3166,Lamar,Arlington Bapt,105,40,,,,0,,,,,,,,,,2,,0,Beaumont,TX,1,5,,,,-6.0,"51,54","17,23"
ncaab:401083728,ncaab,2018-11-20T01:30Z,final,328,2608,Utah State,Saint Mary's,80,63,,,,1,,,,,,,,,,2,,0,Las Vegas,NV,1,610,,,,-8.0,"41,39","29,34"
ncaab:401100034,ncaab,2018-11-20T01:30Z,final,233,2378,South Dakota,UMBC,58,52,,,,1,,,,,,,,,,2,,0,Bimini,Bahamas,1,6,,,,-5.0,"35,23","31,21"
ncaab:401082616,ncaab,2018-11-20T02:00Z,final,103,2751,Boston College,Wyoming,88,76,,,,1,,,,,,,,,,2,,0,Fort Myers,FL,1,3,,,,-5.0,"48,40","32,44"
ncaab:401083404,ncaab,2018-11-20T02:00Z,final,66,12,Iowa State,Arizona,66,71,,,,1,,,,,,,,,,2,,0,Maui,HI,1,1619,,,,-10.0,"36,30","27,44"
ncaab:401085296,ncaab,2018-11-20T02:00Z,final,265,13,Washington St,Cal Poly,84,70,,,,0,,,,,,,,,,2,,0,Pullman,WA,1,717,,,,-8.0,"54,30","27,43"
ncaab:401090293,ncaab,2018-11-20T02:00Z,final,2638,2201,UTEP,Eastern NM,66,59,,,,0,,,,,,,,,,2,,0,El Paso,TX,1,1133,,,,-7.0,"33,33","27,32"
ncaab:401086828,ncaab,2018-11-20T02:05Z,final,304,3246,Idaho St,Bethesda,115,60,,,,0,,,,,,,,,,2,,0,Pocatello,ID,1,1360,,,,-7.0,"55,60","33,27"
ncaab:401083477,ncaab,2018-11-20T02:30Z,final,2641,30,Texas Tech,USC,78,63,,,,1,,,,,,,,,,2,,0,Kansas City,MO,1,274,,,,-6.0,"23,55","32,31"
ncaab:401084687,ncaab,2018-11-20T02:30Z,final,2670,218,VCU,Temple,57,51,,,,1,,,,,,,,,,2,,0,Brooklyn,NY,1,15,,,,-5.0,"28,29","21,30"
ncaab:401083705,ncaab,2018-11-20T03:00Z,final,2501,2333,Portland,Lewis & Clark,77,57,,,,0,,,,,,,,,,2,,0,Portland,OR,1,12,,,,-8.0,"29,48","30,27"
ncaab:401086091,ncaab,2018-11-20T03:00Z,final,2440,2856,Nevada,CA Baptist,90,55,,,,0,,,,,,,,,,2,,0,Reno,NV,1,1373,,,,-8.0,"42,48","24,31"
ncaab:401083066,ncaab,2018-11-20T04:00Z,final,9,344,Arizona St,Mississippi St,72,67,,,,1,,,,,,,,,,2,,0,Las Vegas,NV,1,610,,,,-8.0,"39,33","24,43"
ncaab:401087150,ncaab,2018-11-20T04:00Z,final,26,2506,UCLA,Presbyterian,80,65,,,,0,,,,,,,,,,2,,0,Los Angeles,CA,1,89,,,,-8.0,"41,39","19,46"
ncaab:401082335,ncaab,2018-11-20T04:30Z,final,356,2250,Illinois,Gonzaga,78,84,,,,1,,,,,,,,,,2,,0,Maui,HI,1,1619,,,,-10.0,"32,46","39,45"
ncaab:401100174,ncaab,2018-11-20T16:00Z,final,2571,2636,S Dakota St,UTSA,99,79,,,,1,,,,,,,,,,2,,0,Estero,FL,1,4,,,,-5.0,"51,48","43,36"
ncaab:401100178,ncaab,2018-11-20T16:00Z,final,2287,2006,Illinois St,Akron,73,68,,,,1,,,,,,,,,,2,,0,George Town,Cayman Islands,1,4,,,,-5.0,"37,36","32,36"
ncaab:401088906,ncaab,2018-11-20T17:30Z,final,55,2717,Jax State,W Carolina,84,53,,,,1,,,,,,,,,,2,,0,Cancun,Mexico,1,11,,,,-5.0,"33,51","24,29"
ncaab:401100175,ncaab,2018-11-20T18:30Z,final,36,526,Colorado St,FGCU,82,74,,,,1,,,,,,,,,,2,,0,Estero,FL,1,4,,,,-5.0,"40,42","32,42"
ncaab:401100179,ncaab,2018-11-20T18:30Z,final,61,228,Georgia,Clemson,49,64,,,,1,,,,,,,,,,2,,0,George Town,Cayman Islands,1,4,,,,-5.0,"26,23","34,30"
ncaab:401096918,ncaab,2018-11-20T19:30Z,final,21,2752,San Diego St,Xavier,79,74,,,,1,,,,,,,,,,2,,0,Maui,HI,1,1619,,,,-10.0,"37,42","40,34"
ncaab:401086784,ncaab,2018-11-20T20:00Z,final,2572,2454,Southern Miss,North Florida,48,64,,,,1,,,,,,,,,,2,,0,Cancun,Mexico,1,11,,,,-5.0,"23,25","44,20"
ncaab:401096926,ncaab,2018-11-20T22:00Z,final,25,218,California,Temple,59,76,,,,1,,,,,,,,,,2,,0,Brooklyn,NY,1,15,,,,-5.0,"28,31","32,44"
ncaab:401100176,ncaab,2018-11-20T22:00Z,final,2655,300,Tulane,UC Irvine,55,67,,,,1,,,,,,,,,,2,,0,Estero,FL,1,4,,,,-5.0,"25,30","25,42"
ncaab:401100180,ncaab,2018-11-20T22:00Z,final,68,179,Boise St,St Bonaventure,72,52,,,,1,,,,,,,,,,2,,0,George Town,Cayman Islands,1,4,,,,-5.0,"30,42","24,28"
ncaab:401100216,ncaab,2018-11-20T22:00Z,final,2352,2261,Loyola MD,Hampton,75,66,,,,1,,,,,,,,,,2,,0,Detroit,MI,1,183,,,,-5.0,"33,42","23,43"
ncaab:401096919,ncaab,2018-11-20T22:06Z,final,356,66,Illinois,Iowa State,68,84,,,,1,,,,,,,,,,2,,0,Maui,HI,1,1619,,,,-10.0,"39,29","34,50"
ncaab:401084688,ncaab,2018-11-20T23:00Z,final,2567,71,SMU,Bradley,62,75,,,,1,,,,,,,,,,2,,0,Cancun,Mexico,1,11,,,,-5.0,"28,34","30,45"
ncaab:401082366,ncaab,2018-11-21T00:00Z,final,84,250,Indiana,UT Arlington,78,64,,,,0,,,,,,,,,,2,,0,Bloomington,IN,1,235,,,,-5.0,"39,39","22,42"
ncaab:401082551,ncaab,2018-11-21T00:00Z,final,194,2535,Ohio State,Samford,68,50,,,,0,,,,,,,,,,2,,0,Columbus,OH,1,235,,,,-5.0,"29,39","32,18"
ncaab:401082824,ncaab,2018-11-21T00:00Z,final,87,2184,Notre Dame,Duquesne,67,56,,,,0,,,,,,,,,,2,,0,South Bend,IN,1,211,,,,-5.0,"33,34","27,29"
ncaab:401082841,ncaab,2018-11-21T00:00Z,final,152,2612,NC State,Saint Peter's,85,57,,,,0,,,,,,,,,,2,,0,Raleigh,NC,1,96,,,,-5.0,"59,26","27,30"
ncaab:401083086,ncaab,2018-11-21T00:00Z,final,145,2447,Ole Miss,Nicholls,75,55,,,,0,,,,,,,,,,2,,0,Oxford,MS,1,154,,,,-6.0,"37,38","22,33"
ncaab:401083962,ncaab,2018-11-21T00:00Z,final,256,2643,James Madison,The Citadel,82,91,,,,0,,,,,,,,,,2,,0,Harrisonburg,VA,1,404,,,,-5.0,"28,43,11","27,44,20"
ncaab:401084615,ncaab,2018-11-21T00:00Z,final,41,172,UConn,Cornell,91,74,,,,0,,,,,,,,,,2,,0,Hartford,CT,1,18,,,,-5.0,"48,43","33,41"
ncaab:401085754,ncaab,2018-11-21T00:00Z,final,160,2514,New Hampshire,Quinnipiac,63,69,,,,0,,,,,,,,,,2,,0,Durham,NH,1,15,,,,-5.0,"25,38","39,30"
ncaab:401085886,ncaab,2018-11-21T00:00Z,final,2729,2515,William & Mary,Radford,72,81,,,,0,,,,,,,,,,2,,0,Williamsburg,VA,1,25,,,,-5.0,"35,37","46,35"
ncaab:401086301,ncaab,2018-11-21T00:00Z,final,2244,2428,George Mason,NC Central,78,63,,,,0,,,,,,,,,,2,,0,Fairfax,VA,1,131,,,,-5.0,"29,49","32,31"
ncaab:401086515,ncaab,2018-11-21T00:00Z,final,399,107,UAlbany,Holy Cross,65,69,,,,0,,,,,,,,,,2,,0,Albany,NY,1,45,,,,-5.0,"20,36,9","29,27,13"
ncaab:401086750,ncaab,2018-11-21T00:00Z,final,2681,2885,Wagner,NJIT,60,71,,,,0,,,,,,,,,,2,,0,Staten Island,NY,1,21,,,,-5.0,"31,29","25,46"
ncaab:401086766,ncaab,2018-11-21T00:00Z,final,2453,2370,North Alabama,UT Southern,80,68,,,,0,,,,,,,,,,2,,0,Florence,AL,1,167,,,,-6.0,"36,44","21,47"
ncaab:401088819,ncaab,2018-11-21T00:00Z,final,2678,3077,VMI,KCU,106,80,,,,0,,,,,,,,,,2,,0,Lexington,VA,1,324,,,,-5.0,"58,48","39,41"
ncaab:401088892,ncaab,2018-11-21T00:00Z,final,2382,2379,Mercer,MD Eastern,80,42,,,,0,,,,,,,,,,2,,0,Macon,GA,1,112,,,,-5.0,"45,35","14,28"
ncaab:401089036,ncaab,2018-11-21T00:00Z,final,2870,2569,Purdue FW,SC State,72,68,,,,0,,,,,,,,,,2,,0,Fort Wayne,IN,1,247,,,,-5.0,"34,38","31,37"
ncaab:401089105,ncaab,2018-11-21T00:00Z,final,2415,2426,Morgan St,Navy,75,51,,,,0,,,,,,,,,,2,,0,Baltimore,MD,1,10,,,,-5.0,"34,41","25,26"
ncaab:401089481,ncaab,2018-11-21T00:00Z,final,2309,2542,Kent State,Savannah St,104,84,,,,0,,,,,,,,,,2,,0,Kent,OH,1,325,,,,-5.0,"63,41","38,46"
ncaab:401093575,ncaab,2018-11-21T00:00Z,final,324,291,Coastal,Methodist,88,57,,,,0,,,,,,,,,,2,,0,Conway,SC,1,10,,,,-5.0,"41,47","22,35"
ncaab:401096597,ncaab,2018-11-21T00:00Z,final,2450,111926,Norfolk St,Regent,97,57,,,,0,,,,,,,,,,2,,0,Norfolk,VA,1,2,,,,-5.0,"43,54","26,31"
ncaab:401096971,ncaab,2018-11-21T00:00Z,final,2623,30,Missouri St,USC,80,99,,,,1,,,,,,,,,,2,,0,Kansas City,MO,1,274,,,,-6.0,"27,53","44,55"
ncaab:401100173,ncaab,2018-11-21T00:00Z,final,2193,2534,ETSU,Sam Houston,77,63,,,,0,,,,,,,,,,2,,0,Johnson City,TN,1,498,,,,-5.0,"29,48","42,21"
ncaab:401100814,ncaab,2018-11-21T00:00Z,final,2130,2296,Chicago St,Jackson St,68,81,,,,1,,,,,,,,,,2,,0,Johnson City,TN,1,498,,,,-5.0,"26,42","42,39"
ncaab:401088164,ncaab,2018-11-21T00:30Z,final,2348,2650,Louisiana Tech,Tougaloo,87,68,,,,0,,,,,,,,,,2,,0,Ruston,LA,1,102,,,,-6.0,"40,47","26,42"
ncaab:401089365,ncaab,2018-11-21T00:30Z,final,2065,2437,Bethune,Omaha,56,76,,,,0,,,,,,,,,,2,,0,Daytona Beach,FL,1,4,,,,-5.0,"37,19","27,49"
ncaab:401089469,ncaab,2018-11-21T00:30Z,final,2377,2920,McNeese,Mobile,74,60,,,,0,,,,,,,,,,2,,0,Lake Charles,LA,1,4,,,,-6.0,"38,36","34,26"
ncaab:401090073,ncaab,2018-11-21T00:30Z,final,2057,2906,Belmont,Trevecca,104,50,,,,0,,,,,,,,,,2,,0,Nashville,TN,1,170,,,,-6.0,"53,51","20,30"
ncaab:401096927,ncaab,2018-11-21T00:30Z,final,2670,2599,VCU,St John's,86,87,,,,1,,,,,,,,,,2,,0,Brooklyn,NY,1,15,,,,-5.0,"36,37,13","31,42,14"
ncaab:401100177,ncaab,2018-11-21T00:30Z,final,309,2649,Louisiana,Toledo,64,77,,,,1,,,,,,,,,,2,,0,Estero,FL,1,4,,,,-5.0,"32,32","33,44"
ncaab:401100181,ncaab,2018-11-21T00:30Z,final,156,2247,Creighton,Georgia St,93,68,,,,1,,,,,,,,,,2,,0,George Town,Cayman Islands,1,4,,,,-5.0,"52,41","24,44"
ncaab:401100217,ncaab,2018-11-21T00:40Z,final,2174,189,Detroit Mercy,Bowling Green,82,67,,,,0,,,,,,,,,,2,,0,Detroit,MI,1,183,,,,-5.0,"46,36","27,40"
ncaab:401083512,ncaab,2018-11-21T01:00Z,final,2628,288,TCU,Lipscomb,64,73,,,,0,,,,,,,,,,2,,0,Fort Worth,TX,1,199,,,,-6.0,"30,34","29,44"
ncaab:401086605,ncaab,2018-11-21T01:00Z,final,249,311,North Texas,Maine,74,63,,,,0,,,,,,,,,,2,,0,Denton,TX,1,201,,,,-6.0,"35,25,14","23,37,3"
ncaab:401088458,ncaab,2018-11-21T01:00Z,final,270,6446,Milwaukee,Liu Brooklyn,92,87,,,,0,,,,,,,,,,2,,0,Milwaukee,WI,1,188,,,,-6.0,"29,47,16","33,43,11"
ncaab:401089059,ncaab,2018-11-21T01:00Z,final,155,507,North Dakota,Concordia (NE),89,56,,,,0,,,,,,,,,,2,,0,Grand Forks,ND,1,253,,,,-6.0,"49,40","32,24"
ncaab:401089187,ncaab,2018-11-21T01:00Z,final,2400,2545,Miss Valley St,SE Louisiana,69,59,,,,0,,,,,,,,,,2,,0,Itta Bena,MS,1,40,,,,-6.0,"24,45","21,38"
ncaab:401096921,ncaab,2018-11-21T01:00Z,final,150,2,Duke,Auburn,78,72,,,,1,,,,,,,,,,2,,0,Maui,HI,1,1619,,,,-10.0,"41,37","33,39"
ncaab:401082567,ncaab,2018-11-21T01:30Z,final,213,2750,Penn State,Wright St,77,59,,,,1,,,,,,,,,,2,,0,Cancun,Mexico,1,11,,,,-5.0,"45,32","28,31"
ncaab:401085975,ncaab,2018-11-21T01:30Z,final,2617,2368,SF Austin,Marist,64,60,,,,0,,,,,,,,,,2,,0,Nacogdoches,TX,1,92,,,,-6.0,"29,35","39,21"
ncaab:401088998,ncaab,2018-11-21T01:30Z,final,2755,3134,Grambling,Champ Chrstn,99,58,,,,0,,,,,,,,,,2,,0,Grambling,LA,1,93,,,,-6.0,"49,50","27,31"
ncaab:401096873,ncaab,2018-11-21T02:00Z,final,2541,135,Santa Clara,Minnesota,66,80,,,,1,,,,,,,,,,2,,0,Vancouver,BC,1,1128,,,,-8.0,"29,37","33,47"
ncaab:401096972,ncaab,2018-11-21T02:30Z,final,158,2641,Nebraska,Texas Tech,52,70,,,,1,,,,,,,,,,2,,0,Kansas City,MO,1,274,,,,-6.0,"26,26","32,38"
ncaab:401083655,ncaab,2018-11-21T03:00Z,final,2439,279,UNLV,Pacific,96,70,,,,0,,,,,,,,,,2,,0,Las Vegas,NV,1,610,,,,-8.0,"49,47","32,38"
ncaab:401085324,ncaab,2018-11-21T03:00Z,final,2463,2634,CSU Northridge,Tennessee St,80,77,,,,0,,,,,,,,,,2,,0,Northridge,CA,1,246,,,,-8.0,"48,32","38,39"
ncaab:401087079,ncaab,2018-11-21T03:00Z,final,301,38,San Diego,Colorado,70,64,,,,0,,,,,,,,,,2,,0,San Diego,CA,1,20,,,,-8.0,"35,35","30,34"
ncaab:401087100,ncaab,2018-11-21T03:00Z,final,2483,2739,Oregon,Green Bay,83,72,,,,0,,,,,,,,,,2,,0,Eugene,OR,1,131,,,,-8.0,"38,45","29,43"
ncaab:401086829,ncaab,2018-11-21T03:05Z,final,16,302,Sacramento St,UC Davis,58,55,,,,1,,,,,,,,,,2,,0,Sacramento,CA,1,9,,,,-8.0,"30,28","27,28"
ncaab:401096920,ncaab,2018-11-21T03:32Z,final,2250,12,Gonzaga,Arizona,91,74,,,,1,,,,,,,,,,2,,0,Maui,HI,1,1619,,,,-10.0,"37,54","45,29"
ncaab:401087179,ncaab,2018-11-21T04:30Z,final,264,245,Washington,Texas A&M,71,67,,,,1,,,,,,,,,,2,,0,Vancouver,BC,1,1128,,,,-8.0,"33,38","38,29"
ncaab:401100213,ncaab,2018-11-21T16:00Z,final,2636,526,UTSA,FGCU,76,65,,,,1,,,,,,,,,,2,,0,Estero,FL,1,4,,,,-5.0,"34,42","36,29"
ncaab:401100235,ncaab,2018-11-21T16:00Z,final,179,2006,St Bonaventure,Akron,49,61,,,,1,,,,,,,,,,2,,0,George Town,Cayman Islands,1,4,,,,-5.0,"23,26","30,31"
ncaab:401082805,ncaab,2018-11-21T17:00Z,final,221,139,Pitt,Saint Louis,75,73,,,,1,,,,,,,,,,2,,0,Brooklyn,NY,1,15,,,,-5.0,"38,37","33,40"
ncaab:401083156,ncaab,2018-11-21T17:00Z,final,57,201,Florida,Oklahoma,60,65,,,,1,,,,,,,,,,2,,0,Nassau,Bahamas,1,8,,,,-5.0,"30,30","32,33"
ncaab:401100239,ncaab,2018-11-21T17:30Z,final,2717,2572,W Carolina,Southern Miss,63,68,,,,1,,,,,,,,,,2,,0,Cancun,Mexico,1,11,,,,-5.0,"37,26","42,26"
ncaab:401083126,ncaab,2018-11-21T18:00Z,final,96,2737,Kentucky,Winthrop,87,74,,,,0,,,,,,,,,,2,,0,Lexington,KY,1,295,,,,-5.0,"51,36","37,37"
ncaab:401100214,ncaab,2018-11-21T18:30Z,final,2571,36,S Dakota St,Colorado St,78,65,,,,1,,,,,,,,,,2,,0,Estero,FL,1,4,,,,-5.0,"48,30","32,33"
ncaab:401100236,ncaab,2018-11-21T18:30Z,final,68,2287,Boise St,Illinois St,70,73,,,,1,,,,,,,,,,2,,0,George Town,Cayman Islands,1,4,,,,-5.0,"35,35","36,37"
ncaab:401100194,ncaab,2018-11-21T19:00Z,final,42,314,Hartford,Iona,75,80,,,,1,,,,,,,,,,2,,0,Las Vegas,NV,1,610,,,,-8.0,"33,42","38,42"
ncaab:401096922,ncaab,2018-11-21T19:30Z,final,66,21,Iowa State,San Diego St,87,57,,,,1,,,,,,,,,,2,,0,Maui,HI,1,1619,,,,-10.0,"46,41","32,25"
ncaab:401082605,ncaab,2018-11-21T19:31Z,final,275,24,Wisconsin,Stanford,62,46,,,,1,,,,,,,,,,2,,0,Nassau,Bahamas,1,8,,,,-5.0,"28,34","24,22"
ncaab:401083937,ncaab,2018-11-21T20:00Z,final,2182,104,Drexel,Boston U,86,67,,,,0,,,,,,,,,,2,,0,Philadelphia,PA,1,12,,,,-5.0,"44,42","38,29"
ncaab:401087878,ncaab,2018-11-21T20:00Z,final,225,2776,Brown,Salve Regina,96,64,,,,0,,,,,,,,,,2,,0,Providence,RI,1,2,,,,-5.0,"50,46","28,36"
ncaab:401100240,ncaab,2018-11-21T20:00Z,final,55,2454,Jax State,North Florida,83,78,,,,1,,,,,,,,,,2,,0,Cancun,Mexico,1,11,,,,-5.0,"37,46","42,36"
ncaab:401090238,ncaab,2018-11-21T21:30Z,final,2630,2710,UT Martin,W Illinois,92,90,,,,0,,,,,,,,,,2,,0,Martin,TN,1,124,,,,-6.0,"46,46","49,41"
ncaab:401082911,ncaab,2018-11-21T22:00Z,final,2633,97,Tennessee,Louisville,92,81,,,,1,,,,,,,,,,2,,0,Brooklyn,NY,1,15,,,,-5.0,"45,47","40,41"
ncaab:401089351,ncaab,2018-11-21T22:00Z,final,116,2448,Mount St Marys,NC A&T,60,74,,,,0,,,,,,,,,,2,,0,Emmitsburg,MD,1,133,,,,-5.0,"31,29","28,46"
ncaab:401096923,ncaab,2018-11-21T22:00Z,final,2250,150,Gonzaga,Duke,89,87,,,,1,,,,,,,,,,2,,0,Maui,HI,1,1619,,,,-10.0,"47,42","39,48"
ncaab:401100195,ncaab,2018-11-21T22:00Z,final,3084,299,Utah Valley,Long Beach St,87,72,,,,1,,,,,,,,,,2,,0,Las Vegas,NV,1,610,,,,-8.0,"41,46","34,38"
ncaab:401100196,ncaab,2018-11-21T22:00Z,final,2751,257,Wyoming,Richmond,68,66,,,,1,,,,,,,,,,2,,0,Fort Myers,FL,1,3,,,,-5.0,"27,41","35,31"
ncaab:401100233,ncaab,2018-11-21T22:00Z,final,2655,309,Tulane,Louisiana,61,68,,,,1,,,,,,,,,,2,,0,Estero,FL,1,4,,,,-5.0,"34,27","31,37"
ncaab:401100237,ncaab,2018-11-21T22:00Z,final,2247,61,Georgia St,Georgia,91,67,,,,1,,,,,,,,,,2,,0,George Town,Cayman Islands,1,4,,,,-5.0,"51,40","32,35"
ncaab:401086051,ncaab,2018-11-21T23:00Z,final,2561,2329,Siena,Lehigh,69,80,,,,0,,,,,,,,,,2,,0,Albany,NY,1,45,,,,-5.0,"37,32","42,38"
ncaab:401087291,ncaab,2018-11-21T23:00Z,final,2619,2404,Stony Brook,Molloy,97,61,,,,0,,,,,,,,,,2,,0,Stony Brook,NY,1,27,,,,-5.0,"46,51","29,32"
ncaab:401100242,ncaab,2018-11-21T23:00Z,final,2567,2750,SMU,Wright St,77,76,,,,1,,,,,,,,,,2,,0,Cancun,Mexico,1,11,,,,-5.0,"33,44","39,37"
ncaab:401087180,ncaab,2018-11-21T23:30Z,final,135,264,Minnesota,Washington,68,66,,,,1,,,,,,,,,,2,,0,Vancouver,BC,1,1128,,,,-8.0,"20,48","25,41"
ncaab:401088881,ncaab,2018-11-21T23:30Z,final,231,2576,Furman,S Wesleyan,74,57,,,,0,,,,,,,,,,2,,0,Greenville,SC,1,307,,,,-5.0,"42,32","32,25"
ncaab:401082784,ncaab,2018-11-22T00:00Z,final,183,2142,Syracuse,Colgate,77,56,,,,0,,,,,,,,,,2,,0,Syracuse,NY,1,121,,,,-5.0,"35,42","32,24"
ncaab:401083195,ncaab,2018-11-22T00:00Z,final,2086,2168,Butler,Dayton,64,69,,,,1,,,,,,,,,,2,,0,Nassau,Bahamas,1,8,,,,-5.0,"26,38","37,32"
ncaab:401083856,ncaab,2018-11-22T00:00Z,final,2275,2239,Hofstra,Fullerton,80,71,,,,0,,,,,,,,,,2,,0,Hempstead,NY,1,17,,,,-5.0,"41,39","29,42"
ncaab:401084689,ncaab,2018-11-22T00:00Z,final,151,2504,East Carolina,Prairie View,76,64,,,,0,,,,,,,,,,2,,0,Greenville,NC,1,18,,,,-5.0,"31,45","31,33"
ncaab:401084690,ncaab,2018-11-22T00:00Z,final,58,50,South Florida,Florida A&M,69,59,,,,0,,,,,,,,,,2,,0,Tampa,FL,1,1,,,,-5.0,"36,33","27,32"
ncaab:401086092,ncaab,2018-11-22T00:00Z,final,140,2181,Kansas City,Drake,63,66,,,,0,,,,,,,,,,2,,0,Kansas City,MO,1,274,,,,-6.0,"29,34","30,36"
ncaab:401086682,ncaab,2018-11-22T00:00Z,final,294,2227,Jacksonville,FL Memorial,123,77,,,,0,,,,,,,,,,2,,0,Jacksonville,FL,1,5,,,,-5.0,"54,69","44,33"
ncaab:401087312,ncaab,2018-11-22T00:00Z,final,261,43,Vermont,Yale,79,70,,,,0,,,,,,,,,,2,,0,Burlington,VT,1,61,,,,-5.0,"40,39","37,33"
ncaab:401087336,ncaab,2018-11-22T00:00Z,final,2226,2489,FAU,Palm Beach Atl,73,62,,,,0,,,,,,,,,,2,,0,Boca Raton,FL,1,4,,,,-5.0,"33,40","30,32"
ncaab:401088051,ncaab,2018-11-22T00:00Z,final,2084,159,Buffalo,Dartmouth,110,71,,,,0,,,,,,,,,,2,,0,Buffalo,NY,1,183,,,,-5.0,"55,55","39,32"
ncaab:401088446,ncaab,2018-11-22T00:00Z,final,163,161,Princeton,FDU,66,77,,,,0,,,,,,,,,,2,,0,Princeton,NJ,1,62,,,,-5.0,"34,32","30,47"
ncaab:401088835,ncaab,2018-11-22T00:00Z,final,2747,2154,Wofford,Coppin St,99,65,,,,0,,,,,,,,,,2,,0,Spartanburg,SC,1,246,,,,-5.0,"45,54","23,42"
ncaab:401089956,ncaab,2018-11-22T00:00Z,final,2754,2849,Youngstown St,Westminster PA,104,66,,,,0,,,,,,,,,,2,,0,Youngstown,OH,1,259,,,,-5.0,"52,52","36,30"
ncaab:401082898,ncaab,2018-11-22T00:30Z,final,59,292,Georgia Tech,UT Rio Grande,72,44,,,,0,,,,,,,,,,2,,0,Atlanta,GA,1,320,,,,-5.0,"42,30","11,33"
ncaab:401085297,ncaab,2018-11-22T00:30Z,final,13,326,Cal Poly,Texas St,42,54,,,,1,,,,,,,,,,2,,0,Portland,OR,1,12,,,,-8.0,"23,19","16,38"
ncaab:401088069,ncaab,2018-11-22T00:30Z,final,349,2951,Army,SUNY Maritime,91,40,,,,0,,,,,,,,,,2,,0,West Point,NY,1,47,,,,-5.0,"49,42","25,15"
ncaab:401100197,ncaab,2018-11-22T00:30Z,final,103,2350,Boston College,Loyola Chicago,78,66,,,,1,,,,,,,,,,2,,0,Fort Myers,FL,1,3,,,,-5.0,"36,42","26,40"
ncaab:401100234,ncaab,2018-11-22T00:30Z,final,300,2649,UC Irvine,Toledo,60,67,,,,1,,,,,,,,,,2,,0,Estero,FL,1,4,,,,-5.0,"30,30","23,44"
ncaab:401100238,ncaab,2018-11-22T00:30Z,final,156,228,Creighton,Clemson,87,82,,,,1,,,,,,,,,,2,,0,George Town,Cayman Islands,1,4,,,,-5.0,"45,42","35,47"
ncaab:401083247,ncaab,2018-11-22T00:34Z,final,2305,269,Kansas,Marquette,77,68,,,,1,,,,,,,,,,2,,0,Brooklyn,NY,1,15,,,,-5.0,"38,39","47,21"
ncaab:401082999,ncaab,2018-11-22T01:00Z,final,8,147,Arkansas,Montana St,90,68,,,,0,,,,,,,,,,2,,0,Fayetteville,AR,1,427,,,,-6.0,"54,36","38,30"
ncaab:401086093,ncaab,2018-11-22T01:00Z,final,166,2201,New Mexico St,Eastern NM,92,65,,,,0,,,,,,,,,,2,,0,Las Cruces,NM,1,1191,,,,-7.0,"51,41","29,36"
ncaab:401086830,ncaab,2018-11-22T01:00Z,final,2916,2458,Incarnate Word,N Colorado,64,90,,,,0,,,,,,,,,,2,,0,San Antonio,TX,1,198,,,,-6.0,"31,33","49,41"
ncaab:401089115,ncaab,2018-11-22T01:00Z,final,357,2610,Texas A&M-CC,St Mary's (TX),61,58,,,,0,,,,,,,,,,2,,0,Corpus Christi,TX,1,2,,,,-6.0,"21,40","30,28"
ncaab:401089215,ncaab,2018-11-22T01:00Z,final,2674,2565,Valparaiso,SIUE,75,70,,,,0,,,,,,,,,,2,,0,Valparaiso,IN,1,242,,,,-6.0,"31,37,7","33,35,2"
ncaab:401082394,ncaab,2018-11-22T01:30Z,final,2294,2011,Iowa,Alabama St,105,78,,,,0,,,,,,,,,,2,,0,Iowa City,IA,1,204,,,,-6.0,"68,37","37,41"
ncaab:401100193,ncaab,2018-11-22T01:30Z,final,2608,344,Saint Mary's,Mississippi St,57,61,,,,1,,,,,,,,,,2,,0,Las Vegas,NV,1,610,,,,-8.0,"27,30","35,26"
ncaab:401100241,ncaab,2018-11-22T01:30Z,final,71,213,Bradley,Penn State,59,56,,,,1,,,,,,,,,,2,,0,Cancun,Mexico,1,11,,,,-5.0,"32,27","33,23"
ncaab:401083602,ncaab,2018-11-22T02:00Z,final,252,242,BYU,Rice,105,78,,,,0,,,,,,,,,,2,,0,Provo,UT,1,1387,,,,-7.0,"54,51","43,35"
ncaab:401096924,ncaab,2018-11-22T02:00Z,final,356,2752,Illinois,Xavier,74,83,,,,1,,,,,,,,,,2,,0,Maui,HI,1,1619,,,,-10.0,"41,33","43,40"
ncaab:401082765,ncaab,2018-11-22T02:30Z,final,258,2393,Virginia,MTSU,74,52,,,,1,,,,,,,,,,2,,0,Nassau,Bahamas,1,8,,,,-5.0,"38,36","25,27"
ncaab:401083706,ncaab,2018-11-22T03:00Z,final,2501,2908,Portland,SC Upstate,73,56,,,,0,,,,,,,,,,2,,0,Portland,OR,1,12,,,,-8.0,"38,35","19,37"
ncaab:401083750,ncaab,2018-11-22T03:00Z,final,2539,108,San Francisco,Harvard,61,57,,,,0,,,,,,,,,,2,,0,San Francisco,CA,1,16,,,,-8.0,"32,29","21,36"
ncaab:401087475,ncaab,2018-11-22T03:00Z,final,2351,2115,LMU,C Connecticut,76,74,,,,0,,,,,,,,,,2,,0,Los Angeles,CA,1,89,,,,-8.0,"33,43","36,38"
ncaab:401100182,ncaab,2018-11-22T04:00Z,final,328,9,Utah State,Arizona St,82,87,,,,1,,,,,,,,,,2,,0,Las Vegas,NV,1,610,,,,-8.0,"35,47","37,50"
ncaab:401096925,ncaab,2018-11-22T04:30Z,final,12,2,Arizona,Auburn,57,73,,,,1,,,,,,,,,,2,,0,Maui,HI,1,1619,,,,-10.0,"22,35","28,45"
ncaab:401083353,ncaab,2018-11-22T18:30Z,final,2099,222,Canisius,Villanova,56,83,,,,1,,,,,,,,,,2,,0,Orlando,FL,1,30,,,,-5.0,"26,30","38,45"
ncaab:401089216,ncaab,2018-11-22T18:30Z,final,113,79,UMass,S Illinois,84,62,,,,1,,,,,,,,,,2,,0,Las Vegas,NV,1,610,,,,-8.0,"47,37","20,42"
ncaab:401096928,ncaab,2018-11-22T18:30Z,final,201,275,Oklahoma,Wisconsin,58,78,,,,1,,,,,,,,,,2,,0,Nassau,Bahamas,1,8,,,,-5.0,"28,30","31,47"
ncaab:401082876,ncaab,2018-11-22T19:30Z,final,2390,2325,Miami,La Salle,85,49,,,,1,,,,,,,,,,2,,0,Fullerton,CA,1,50,,,,-8.0,"49,36","18,31"
ncaab:401083656,ncaab,2018-11-22T20:30Z,final,279,27,Pacific,UC Riverside,74,54,,,,0,,,,,,,,,,2,,0,Stockton,CA,1,4,,,,-8.0,"30,44","23,31"
ncaab:401083529,ncaab,2018-11-22T21:00Z,final,235,197,Memphis,Oklahoma St,64,84,,,,1,,,,,,,,,,2,,0,Orlando,FL,1,30,,,,-5.0,"31,33","41,43"
ncaab:401084691,ncaab,2018-11-22T21:00Z,final,2440,202,Nevada,Tulsa,96,86,,,,1,,,,,,,,,,2,,0,Las Vegas,NV,1,610,,,,-8.0,"46,50","35,51"
ncaab:401096929,ncaab,2018-11-22T21:01Z,final,2168,258,Dayton,Virginia,59,66,,,,1,,,,,,,,,,2,,0,Nassau,Bahamas,1,8,,,,-5.0,"22,37","27,39"
ncaab:401082533,ncaab,2018-11-22T21:50Z,final,278,77,Fresno St,Northwestern,78,59,,,,1,,,,,,,,,,2,,0,Fullerton,CA,1,50,,,,-8.0,"42,36","28,31"
ncaab:401085896,ncaab,2018-11-22T23:00Z,final,2000,2210,Abilene Chrstn,Elon,72,56,,,,1,,,,,,,,,,2,,0,Stockton,CA,1,4,,,,-8.0,"34,38","32,24"
ncaab:401083108,ncaab,2018-11-23T00:00Z,final,99,232,LSU,Charleston,67,55,,,,1,,,,,,,,,,2,,0,Orlando,FL,1,30,,,,-5.0,"33,34","22,33"
ncaab:401096933,ncaab,2018-11-23T00:00Z,final,57,24,Florida,Stanford,72,49,,,,1,,,,,,,,,,2,,0,Nassau,Bahamas,1,8,,,,-5.0,"32,40","13,36"
ncaab:401082858,ncaab,2018-11-23T00:30Z,final,153,251,North Carolina,Texas,89,92,,,,1,,,,,,,,,,2,,0,Las Vegas,NV,1,610,,,,-8.0,"42,47","43,49"
ncaab:401083328,ncaab,2018-11-23T02:00Z,final,2253,2550,Grand Canyon,Seton Hall,75,82,,,,1,,,,,,,,,,2,,0,Fullerton,CA,1,50,,,,-8.0,"37,38","40,42"
ncaab:401082698,ncaab,2018-11-23T02:30Z,final,52,5,Florida St,UAB,81,63,,,,1,,,,,,,,,,2,,0,Orlando,FL,1,30,,,,-5.0,"42,39","31,32"
ncaab:401096934,ncaab,2018-11-23T02:30Z,final,2086,2393,Butler,MTSU,84,53,,,,1,,,,,,,,,,2,,0,Nassau,Bahamas,1,8,,,,-5.0,"44,40","27,26"
ncaab:401082474,ncaab,2018-11-23T03:00Z,final,26,127,UCLA,Michigan St,67,87,,,,1,,,,,,,,,,2,,0,Las Vegas,NV,1,610,,,,-8.0,"26,41","51,36"
ncaab:401087170,ncaab,2018-11-23T04:35Z,final,254,62,Utah,Hawai'i,79,90,,,,1,,,,,,,,,,2,,0,Fullerton,CA,1,50,,,,-8.0,"31,48","39,51"
ncaab:401100537,ncaab,2018-11-24T16:00Z,final,2428,2582,NC Central,Southern,83,71,,,,1,,,,,,,,,,2,,0,Niceville,FL,1,11,,,,-6.0,"39,44","31,40"
ncaab:401082825,ncaab,2018-11-24T17:00Z,final,87,305,Notre Dame,DePaul,95,70,,,,0,,,,,,,,,,2,,0,South Bend,IN,1,211,,,,-5.0,"39,56","36,34"
ncaab:401083272,ncaab,2018-11-24T17:00Z,final,46,2097,Georgetown,Campbell,93,85,,,,0,,,,,,,,,,2,,0,Washington,DC,1,7,,,,-5.0,"47,46","33,52"
ncaab:401083964,ncaab,2018-11-24T17:00Z,final,256,2459,James Madison,N Illinois,78,74,,,,1,,,,,,,,,,2,,0,Rochester,MI,1,229,,,,-5.0,"38,40","38,36"
ncaab:401084616,ncaab,2018-11-24T17:00Z,final,41,160,UConn,New Hampshire,91,66,,,,0,,,,,,,,,,2,,0,Hartford,CT,1,18,,,,-5.0,"48,43","29,37"
ncaab:401086767,ncaab,2018-11-24T17:30Z,final,2653,2453,Troy,North Alabama,77,58,,,,0,,,,,,,,,,2,,0,Troy,AL,1,165,,,,-6.0,"35,42","28,30"
ncaab:401082742,ncaab,2018-11-24T18:00Z,final,259,2598,Virginia Tech,Saint Francis,75,37,,,,0,,,,,,,,,,2,,0,Blacksburg,VA,1,633,,,,-5.0,"33,42","22,15"
ncaab:401084055,ncaab,2018-11-24T18:00Z,final,2166,111,Davidson,Northeastern,78,69,,,,0,,,,,,,,,,2,,0,Davidson,NC,1,256,,,,-5.0,"41,37","32,37"
ncaab:401087302,ncaab,2018-11-24T18:00Z,final,2378,44,UMBC,American,69,73,,,,0,,,,,,,,,,2,,0,Baltimore,MD,1,10,,,,-5.0,"32,37","27,46"
ncaab:401100539,ncaab,2018-11-24T18:00Z,final,2443,112006,LSU N Orleans,Governors St,97,53,,,,0,,,,,,,,,,2,,0,New Orleans,LA,1,0,,,,-6.0,"49,48","37,16"
ncaab:401100538,ncaab,2018-11-24T18:30Z,final,2447,2711,Nicholls,W Michigan,62,61,,,,1,,,,,,,,,,2,,0,Niceville,FL,1,11,,,,-6.0,"19,36,7","27,28,6"
ncaab:401082516,ncaab,2018-11-24T19:00Z,final,158,2710,Nebraska,W Illinois,73,49,,,,0,,,,,,,,,,2,,0,Lincoln,NE,1,367,,,,-6.0,"40,33","17,32"
ncaab:401083456,ncaab,2018-11-24T19:00Z,final,277,2674,West Virginia,Valparaiso,88,76,,,,0,,,,,,,,,,2,,0,Morgantown,WV,1,271,,,,-5.0,"39,49","36,40"
ncaab:401084693,ncaab,2018-11-24T19:00Z,final,58,2643,South Florida,The Citadel,81,84,,,,0,,,,,,,,,,2,,0,Tampa,FL,1,1,,,,-5.0,"38,43","35,49"
ncaab:401085976,ncaab,2018-11-24T19:00Z,final,2084,2368,Buffalo,Marist,76,49,,,,0,,,,,,,,,,2,,0,Buffalo,NY,1,183,,,,-5.0,"34,42","20,29"
ncaab:401086028,ncaab,2018-11-24T19:00Z,final,2681,2520,Wagner,Rider,65,89,,,,0,,,,,,,,,,2,,0,Staten Island,NY,1,21,,,,-5.0,"22,43","43,46"
ncaab:401086052,ncaab,2018-11-24T19:00Z,final,2561,2142,Siena,Colgate,79,84,,,,0,,,,,,,,,,2,,0,Albany,NY,1,45,,,,-5.0,"37,42","43,41"
ncaab:401086098,ncaab,2018-11-24T19:00Z,final,71,2130,Bradley,Chicago St,86,70,,,,0,,,,,,,,,,2,,0,Peoria,IL,1,153,,,,-6.0,"43,43","33,37"
ncaab:401086235,ncaab,2018-11-24T19:00Z,final,2050,339,Ball State,Evansville,82,72,,,,0,,,,,,,,,,2,,0,Muncie,IN,1,284,,,,-5.0,"37,45","26,46"
ncaab:401086340,ncaab,2018-11-24T19:00Z,final,227,2619,Rhode Island,Stony Brook,58,68,,,,0,,,,,,,,,,2,,0,Kingston,RI,1,75,,,,-5.0,"30,28","35,33"
ncaab:401086540,ncaab,2018-11-24T19:00Z,final,2066,2529,Binghamton,Sacred Heart,78,73,,,,0,,,,,,,,,,2,,0,Binghamton,NY,1,264,,,,-5.0,"32,46","33,40"
ncaab:401086564,ncaab,2018-11-24T19:00Z,final,42,7933,Hartford,W New England,93,53,,,,0,,,,,,,,,,2,,0,West Hartford,CT,1,40,,,,-5.0,"45,48","19,34"
ncaab:401086683,ncaab,2018-11-24T19:00Z,final,2717,294,W Carolina,Jacksonville,77,65,,,,0,,,,,,,,,,2,,0,Cullowhee,NC,1,645,,,,-5.0,"41,36","28,37"
ncaab:401086751,ncaab,2018-11-24T19:00Z,final,112358,2885,Long Island,NJIT,70,77,,,,0,,,,,,,,,,2,,0,Brooklyn,NY,1,15,,,,-5.0,"30,40","43,34"
ncaab:401086834,ncaab,2018-11-24T19:00Z,final,2437,147,Omaha,Montana St,89,65,,,,0,,,,,,,,,,2,,0,Omaha,NE,1,323,,,,-6.0,"46,43","32,33"
ncaab:401087398,ncaab,2018-11-24T19:00Z,final,195,2046,Ohio,Austin Peay,85,82,,,,0,,,,,,,,,,2,,0,Athens,OH,1,219,,,,-5.0,"42,35,8","28,49,5"
ncaab:401088070,ncaab,2018-11-24T19:00Z,final,193,349,Miami OH,Army,85,55,,,,0,,,,,,,,,,2,,0,Oxford,OH,1,283,,,,-5.0,"40,45","26,29"
ncaab:401088491,ncaab,2018-11-24T19:00Z,final,2199,2174,E Michigan,Detroit Mercy,74,78,,,,0,,,,,,,,,,2,,0,Ypsilanti,MI,1,219,,,,-5.0,"33,41","34,44"
ncaab:401088524,ncaab,2018-11-24T19:00Z,final,2737,2684,Winthrop,Warren Wilson,116,76,,,,0,,,,,,,,,,2,,0,Rock Hill,SC,1,207,,,,-5.0,"60,56","31,45"
ncaab:401088557,ncaab,2018-11-24T19:00Z,final,282,98,Indiana St,Western KY,63,54,,,,0,,,,,,,,,,2,,0,Terre Haute,IN,1,152,,,,-5.0,"32,31","30,24"
ncaab:401088928,ncaab,2018-11-24T19:00Z,final,2016,2542,Alcorn St,Savannah St,75,80,,,,1,,,,,,,,,,2,,0,Lynchburg,VA,1,192,,,,-5.0,"40,35","36,44"
ncaab:401093608,ncaab,2018-11-24T19:00Z,final,219,111950,Penn,Stockton,112,63,,,,0,,,,,,,,,,2,,0,Philadelphia,PA,1,12,,,,-5.0,"60,52","33,30"
ncaab:401100713,ncaab,2018-11-24T19:00Z,final,47,2856,Howard,CA Baptist,86,84,,,,1,,,,,,,,,,2,,0,Little Rock,AR,1,102,,,,-6.0,"35,51","38,46"
ncaab:401089399,ncaab,2018-11-24T19:30Z,final,2473,198,Oakland,Oral Roberts,87,76,,,,0,,,,,,,,,,2,,0,Rochester,MI,1,229,,,,-5.0,"35,52","37,39"
ncaab:401086014,ncaab,2018-11-24T20:00Z,final,2405,163,Monmouth,Princeton,57,60,,,,0,,,,,,,,,,2,,0,West Long Branch,NJ,1,9,,,,-5.0,"27,30","20,40"
ncaab:401086099,ncaab,2018-11-24T20:00Z,final,140,2048,Kansas City,Avila,94,58,,,,0,,,,,,,,,,2,,0,Kansas City,MO,1,274,,,,-6.0,"46,48","32,26"
ncaab:401088230,ncaab,2018-11-24T20:00Z,final,2172,2344,Denver,Longwood,64,62,,,,1,,,,,,,,,,2,,0,Seattle,WA,1,56,,,,-8.0,"30,34","20,42"
ncaab:401089217,ncaab,2018-11-24T20:00Z,final,2287,2815,Illinois St,Lindenwood,79,62,,,,0,,,,,,,,,,2,,0,Normal,IL,1,244,,,,-6.0,"36,43","22,40"
ncaab:401083311,ncaab,2018-11-24T21:00Z,final,2507,314,Providence,Iona,91,79,,,,0,,,,,,,,,,2,,0,Providence,RI,1,2,,,,-5.0,"48,43","32,47"
ncaab:401085679,ncaab,2018-11-24T21:00Z,final,2729,2603,William & Mary,Saint Joseph's,87,85,,,,0,,,,,,,,,,2,,0,Williamsburg,VA,1,25,,,,-5.0,"35,52","49,36"
ncaab:401085701,ncaab,2018-11-24T21:00Z,final,139,2110,Saint Louis,C Arkansas,73,61,,,,0,,,,,,,,,,2,,0,St. Louis,MO,1,142,,,,-6.0,"34,39","30,31"
ncaab:401085953,ncaab,2018-11-24T21:00Z,final,45,2363,G Washington,Manhattan,70,43,,,,0,,,,,,,,,,2,,0,Washington,DC,1,7,,,,-5.0,"35,35","16,27"
ncaab:401086060,ncaab,2018-11-24T21:00Z,final,249,2612,North Texas,Saint Peter's,75,66,,,,0,,,,,,,,,,2,,0,Denton,TX,1,201,,,,-6.0,"30,45","27,39"
ncaab:401088867,ncaab,2018-11-24T21:00Z,final,2193,2449,ETSU,N Dakota St,79,61,,,,0,,,,,,,,,,2,,0,Johnson City,TN,1,498,,,,-5.0,"39,40","27,34"
ncaab:401089908,ncaab,2018-11-24T21:00Z,final,82,2742,UIC,Parkside,94,74,,,,0,,,,,,,,,,2,,0,Chicago,IL,1,179,,,,-6.0,"39,55","37,37"
ncaab:401090074,ncaab,2018-11-24T21:00Z,final,338,2057,Kennesaw St,Belmont,53,91,,,,0,,,,,,,,,,2,,0,Kennesaw,GA,1,332,,,,-5.0,"31,22","45,46"
ncaab:401098433,ncaab,2018-11-24T21:00Z,final,2379,3164,MD Eastern,Central Penn,77,52,,,,0,,,,,,,,,,2,,0,Princess Anne,MD,1,5,,,,-5.0,"40,37","31,21"
ncaab:401100817,ncaab,2018-11-24T21:00Z,final,239,2244,Baylor,George Mason,72,61,,,,1,,,,,,,,,,2,,0,Niceville,FL,1,11,,,,-6.0,"28,44","27,34"
ncaab:401100835,ncaab,2018-11-24T21:00Z,final,85,2755,IU Indy,Grambling,80,69,,,,1,,,,,,,,,,2,,0,Niagara Falls,NY,1,187,,,,-5.0,"39,41","31,38"
ncaab:401083429,ncaab,2018-11-24T21:30Z,final,2306,2329,Kansas St,Lehigh,77,58,,,,0,,,,,,,,,,2,,0,Manhattan,KS,1,311,,,,-6.0,"37,40","35,23"
ncaab:401100714,ncaab,2018-11-24T21:30Z,final,2031,2029,Little Rock,AR-Pine Bluff,66,75,,,,0,,,,,,,,,,2,,0,Little Rock,AR,1,102,,,,-6.0,"31,35","38,37"
ncaab:401083751,ncaab,2018-11-24T22:00Z,final,2539,159,San Francisco,Dartmouth,84,65,,,,0,,,,,,,,,,2,,0,San Francisco,CA,1,16,,,,-8.0,"42,42","34,31"
ncaab:401084694,ncaab,2018-11-24T22:00Z,final,151,2272,East Carolina,High Point,52,55,,,,0,,,,,,,,,,2,,0,Greenville,NC,1,18,,,,-5.0,"24,28","27,28"
ncaab:401088153,ncaab,2018-11-24T22:00Z,final,2197,2032,E Illinois,Arkansas St,90,86,,,,1,,,,,,,,,,2,,0,Asheville,NC,1,649,,,,-5.0,"24,53,13","32,45,9"
ncaab:401088165,ncaab,2018-11-24T22:00Z,final,2430,2348,UNC Greensboro,Louisiana Tech,80,73,,,,1,,,,,,,,,,2,,0,Newark,DE,1,38,,,,-5.0,"35,45","29,44"
ncaab:401082842,ncaab,2018-11-24T22:30Z,final,152,2382,NC State,Mercer,78,74,,,,0,,,,,,,,,,2,,0,Raleigh,NC,1,96,,,,-5.0,"37,41","32,42"
ncaab:401083478,ncaab,2018-11-24T22:30Z,final,2641,2458,Texas Tech,N Colorado,93,62,,,,0,,,,,,,,,,2,,0,Lubbock,TX,1,976,,,,-6.0,"43,50","30,32"
ncaab:401085298,ncaab,2018-11-24T22:30Z,final,13,2908,Cal Poly,SC Upstate,75,74,,,,1,,,,,,,,,,2,,0,Portland,OR,1,12,,,,-8.0,"31,36,8","38,29,7"
ncaab:401083603,ncaab,2018-11-24T23:00Z,final,252,248,BYU,Houston,62,76,,,,0,,,,,,,,,,2,,0,Provo,UT,1,1387,,,,-7.0,"32,30","37,39"
ncaab:401083767,ncaab,2018-11-24T23:00Z,final,23,2541,San José St,Santa Clara,63,71,,,,0,,,,,,,,,,2,,0,San Jose,CA,1,26,,,,-8.0,"35,28","38,33"
ncaab:401084695,ncaab,2018-11-24T23:00Z,final,2116,94,UCF,N Kentucky,66,53,,,,0,,,,,,,,,,2,,0,Orlando,FL,1,30,,,,-5.0,"34,32","32,21"
ncaab:401086097,ncaab,2018-11-24T23:00Z,final,2547,2217,Seattle U,Fairfield,83,80,,,,0,,,,,,,,,,2,,0,Seattle,WA,1,56,,,,-8.0,"38,45","31,49"
ncaab:401086100,ncaab,2018-11-24T23:00Z,final,3084,155,Utah Valley,North Dakota,74,68,,,,0,,,,,,,,,,2,,0,Orem,UT,1,1455,,,,-7.0,"40,34","32,36"
ncaab:401087080,ncaab,2018-11-24T23:00Z,final,2005,38,Air Force,Colorado,56,93,,,,0,,,,,,,,,,2,,0,Colorado Springs,CO,1,1832,,,,-7.0,"26,30","36,57"
ncaab:401083857,ncaab,2018-11-25T00:00Z,final,2670,2275,VCU,Hofstra,69,67,,,,0,,,,,,,,,,2,,0,Richmond,VA,1,64,,,,-5.0,"36,25,8","23,38,6"
ncaab:401086835,ncaab,2018-11-25T00:00Z,final,2502,2887,Portland St,NW Nazarene,91,75,,,,1,,,,,,,,,,2,,0,Boise,ID,1,823,,,,-7.0,"48,43","23,52"
ncaab:401100818,ncaab,2018-11-25T00:00Z,final,145,2132,Ole Miss,Cincinnati,57,71,,,,1,,,,,,,,,,2,,0,Niceville,FL,1,11,,,,-6.0,"33,24","37,34"
ncaab:401100834,ncaab,2018-11-25T00:00Z,final,315,2597,Niagara,St Francis BK,63,75,,,,0,,,,,,,,,,2,,0,Niagara Falls,NY,1,187,,,,-5.0,"30,33","31,44"
ncaab:401084026,ncaab,2018-11-25T00:30Z,final,350,2241,UNC Wilmington,Gardner-Webb,72,81,,,,1,,,,,,,,,,2,,0,Asheville,NC,1,649,,,,-5.0,"27,45","42,39"
ncaab:401090037,ncaab,2018-11-25T00:30Z,final,167,2638,New Mexico,UTEP,84,78,,,,0,,,,,,,,,,2,,0,Albuquerque,NM,1,1511,,,,-7.0,"29,55","34,44"
ncaab:401083708,ncaab,2018-11-25T01:00Z,final,2501,326,Portland,Texas St,68,91,,,,0,,,,,,,,,,2,,0,Portland,OR,1,12,,,,-8.0,"34,34","36,55"
ncaab:401089218,ncaab,2018-11-25T01:00Z,final,93,2623,Murray St,Missouri St,77,66,,,,0,,,,,,,,,,2,,0,Murray,KY,1,163,,,,-6.0,"35,42","25,41"
ncaab:401087815,ncaab,2018-11-25T01:30Z,final,27,2000,UC Riverside,Abilene Chrstn,48,60,,,,1,,,,,,,,,,2,,0,Stockton,CA,1,4,,,,-8.0,"22,26","24,36"
ncaab:401083729,ncaab,2018-11-25T02:00Z,final,2608,108,Saint Mary's,Harvard,68,74,,,,0,,,,,,,,,,2,,0,Moraga,CA,1,152,,,,-8.0,"24,44","34,40"
ncaab:401086985,ncaab,2018-11-25T02:00Z,final,70,2540,Idaho,Santa Barbara,55,66,,,,1,,,,,,,,,,2,,0,Boise,ID,1,823,,,,-7.0,"36,19","32,34"
ncaab:401089499,ncaab,2018-11-25T03:00Z,final,301,2296,San Diego,Jackson St,76,58,,,,0,,,,,,,,,,2,,0,San Diego,CA,1,20,,,,-8.0,"35,41","31,27"
ncaab:401086833,ncaab,2018-11-25T03:05Z,final,16,2239,Sacramento St,Fullerton,87,82,,,,0,,,,,,,,,,2,,0,Sacramento,CA,1,9,,,,-8.0,"33,39,15","28,44,10"
ncaab:401087186,ncaab,2018-11-25T03:30Z,final,265,2169,Washington St,Delaware St,80,52,,,,0,,,,,,,,,,2,,0,Pullman,WA,1,717,,,,-8.0,"35,45","30,22"
ncaab:401089503,ncaab,2018-11-25T03:30Z,final,2351,50,LMU,Florida A&M,71,63,,,,0,,,,,,,,,,2,,0,Los Angeles,CA,1,89,,,,-8.0,"30,41","24,39"
ncaab:401083658,ncaab,2018-11-25T04:00Z,final,279,2210,Pacific,Elon,65,57,,,,0,,,,,,,,,,2,,0,Stockton,CA,1,4,,,,-8.0,"33,32","26,31"
ncaab:401096915,ncaab,2018-11-25T15:30Z,final,5,2099,UAB,Canisius,68,58,,,,1,,,,,,,,,,2,,0,Orlando,FL,1,30,,,,-5.0,"31,37","35,23"
ncaab:401083965,ncaab,2018-11-25T17:00Z,final,198,256,Oral Roberts,James Madison,78,69,,,,1,,,,,,,,,,2,,0,Rochester,MI,1,229,,,,-5.0,"29,34,15","20,43,6"
ncaab:401084027,ncaab,2018-11-25T18:00Z,final,350,2197,UNC Wilmington,E Illinois,82,65,,,,1,,,,,,,,,,2,,0,Asheville,NC,1,649,,,,-5.0,"45,37","32,33"
ncaab:401085623,ncaab,2018-11-25T18:00Z,final,2184,2349,Duquesne,UMass Lowell,83,71,,,,0,,,,,,,,,,2,,0,Pittsburgh,PA,1,233,,,,-5.0,"46,37","33,38"
ncaab:401088511,ncaab,2018-11-25T18:00Z,final,2117,2562,C Michigan,Siena Heights,103,75,,,,0,,,,,,,,,,2,,0,Mount Pleasant,MI,1,235,,,,-5.0,"52,51","38,37"
ncaab:401089352,ncaab,2018-11-25T18:00Z,final,2415,116,Morgan St,Mount St Marys,78,68,,,,0,,,,,,,,,,2,,0,Baltimore,MD,1,10,,,,-5.0,"35,43","35,33"
ncaab:401096913,ncaab,2018-11-25T18:00Z,final,52,222,Florida St,Villanova,60,66,,,,1,,,,,,,,,,2,,0,Orlando,FL,1,30,,,,-5.0,"25,35","26,40"
ncaab:401082336,ncaab,2018-11-25T19:00Z,final,356,2400,Illinois,Miss Valley St,86,67,,,,0,,,,,,,,,,2,,0,Champaign,IL,1,225,,,,-6.0,"45,41","29,38"
ncaab:401085755,ncaab,2018-11-25T19:00Z,final,2514,311,Quinnipiac,Maine,58,50,,,,0,,,,,,,,,,2,,0,Hamden,CT,1,31,,,,-5.0,"19,39","26,24"
ncaab:401086285,ncaab,2018-11-25T19:00Z,final,2230,2010,Fordham,Alabama A&M,77,46,,,,0,,,,,,,,,,2,,0,Bronx,NY,1,28,,,,-5.0,"35,42","18,28"
ncaab:401086708,ncaab,2018-11-25T19:00Z,final,2335,2542,Liberty,Savannah St,82,56,,,,0,,,,,,,,,,2,,0,Lynchburg,VA,1,192,,,,-5.0,"33,49","25,31"
ncaab:401087313,ncaab,2018-11-25T19:00Z,final,261,2083,Vermont,Bucknell,61,69,,,,0,,,,,,,,,,2,,0,Burlington,VT,1,61,,,,-5.0,"32,29","20,49"
ncaab:401087924,ncaab,2018-11-25T19:00Z,final,171,2990,Columbia,St Joseph BKN,85,38,,,,0,,,,,,,,,,2,,0,New York,NY,1,10,,,,-5.0,"55,30","19,19"
ncaab:401096878,ncaab,2018-11-25T19:00Z,final,254,77,Utah,Northwestern,57,79,,,,1,,,,,,,,,,2,,0,Fullerton,CA,1,50,,,,-8.0,"24,33","28,51"
ncaab:401086730,ncaab,2018-11-25T19:05Z,final,2413,288,Morehead St,Lipscomb,55,87,,,,0,,,,,,,,,,2,,0,Morehead,KY,1,153,,,,-6.0,"26,29","48,39"
ncaab:401083938,ncaab,2018-11-25T20:00Z,final,189,2182,Bowling Green,Drexel,81,71,,,,0,,,,,,,,,,2,,0,Bowling Green,OH,1,212,,,,-5.0,"43,38","45,26"
ncaab:401084696,ncaab,2018-11-25T20:00Z,final,2724,242,Wichita St,Rice,90,61,,,,0,,,,,,,,,,2,,0,Wichita,KS,1,396,,,,-6.0,"49,41","24,37"
ncaab:401086656,ncaab,2018-11-25T20:00Z,final,2226,526,FAU,FGCU,85,68,,,,0,,,,,,,,,,2,,0,Boca Raton,FL,1,4,,,,-5.0,"48,37","29,39"
ncaab:401087377,ncaab,2018-11-25T20:00Z,final,2473,2459,Oakland,N Illinois,72,92,,,,0,,,,,,,,,,2,,0,Rochester,MI,1,229,,,,-5.0,"44,28","45,47"
ncaab:401088447,ncaab,2018-11-25T20:00Z,final,161,322,FDU,Lafayette,76,80,,,,0,,,,,,,,,,2,,0,Hackensack,NJ,1,6,,,,-5.0,"40,36","33,47"
ncaab:401089014,ncaab,2018-11-25T20:00Z,final,2217,2172,Fairfield,Denver,86,85,,,,1,,,,,,,,,,2,,0,Seattle,WA,1,56,,,,-8.0,"46,40","38,47"
ncaab:401089627,ncaab,2018-11-25T20:00Z,final,2565,2916,SIUE,Incarnate Word,80,68,,,,0,,,,,,,,,,2,,0,Edwardsville,IL,1,165,,,,-6.0,"26,54","27,41"
ncaab:401090272,ncaab,2018-11-25T20:00Z,final,2572,2730,Southern Miss,William Carey,72,78,,,,0,,,,,,,,,,2,,0,Hattiesburg,MS,1,52,,,,-6.0,"41,31","38,40"
ncaab:401088154,ncaab,2018-11-25T20:30Z,final,2241,2032,Gardner-Webb,Arkansas St,69,77,,,,1,,,,,,,,,,2,,0,Asheville,NC,1,649,,,,-5.0,"29,40","40,37"
ncaab:401087476,ncaab,2018-11-25T21:00Z,final,2115,109656,C Connecticut,PINEMANOR,88,59,,,,0,,,,,,,,,,2,,0,New Britain,CT,1,51,,,,-5.0,"52,36","25,34"
ncaab:401088231,ncaab,2018-11-25T21:00Z,final,2427,231,UNC Asheville,Furman,51,65,,,,0,,,,,,,,,,2,,0,Asheville,NC,1,649,,,,-5.0,"22,29","38,27"
ncaab:401096880,ncaab,2018-11-25T21:00Z,final,62,278,Hawai'i,Fresno St,64,79,,,,1,,,,,,,,,,2,,0,Fullerton,CA,1,50,,,,-8.0,"28,36","39,40"
ncaab:401096914,ncaab,2018-11-25T21:00Z,final,99,197,LSU,Oklahoma St,77,90,,,,1,,,,,,,,,,2,,0,Orlando,FL,1,30,,,,-5.0,"37,40","42,48"
ncaab:401087122,ncaab,2018-11-25T22:00Z,final,299,204,Long Beach St,Oregon St,72,75,,,,0,,,,,,,,,,2,,0,Long Beach,CA,1,9,,,,-8.0,"38,34","33,42"
ncaab:401088469,ncaab,2018-11-25T22:00Z,final,325,2870,Cleveland St,Purdue FW,79,82,,,,0,,,,,,,,,,2,,0,Cleveland,OH,1,199,,,,-5.0,"39,40","40,42"
ncaab:401089138,ncaab,2018-11-25T22:30Z,final,2617,244,SF Austin,St Edward's,73,60,,,,0,,,,,,,,,,2,,0,Nacogdoches,TX,1,92,,,,-6.0,"38,35","33,27"
ncaab:401085657,ncaab,2018-11-25T23:00Z,final,257,2261,Richmond,Hampton,66,86,,,,0,,,,,,,,,,2,,0,Richmond,VA,1,64,,,,-5.0,"37,29","43,43"
ncaab:401085874,ncaab,2018-11-25T23:00Z,final,119,2352,Towson,Loyola MD,85,69,,,,0,,,,,,,,,,2,,0,Towson,MD,1,141,,,,-5.0,"36,49","41,28"
ncaab:401086102,ncaab,2018-11-25T23:00Z,final,2547,2344,Seattle U,Longwood,70,50,,,,0,,,,,,,,,,2,,0,Seattle,WA,1,56,,,,-8.0,"38,32","15,35"
ncaab:401087879,ncaab,2018-11-25T23:00Z,final,225,2803,Brown,Bryant,84,60,,,,0,,,,,,,,,,2,,0,Providence,RI,1,2,,,,-5.0,"37,47","21,39"
ncaab:401096912,ncaab,2018-11-25T23:30Z,final,232,235,Charleston,Memphis,78,75,,,,1,,,,,,,,,,2,,0,Orlando,FL,1,30,,,,-5.0,"40,38","42,33"
ncaab:401086101,ncaab,2018-11-26T00:00Z,final,30,2934,USC,Bakersfield,90,75,,,,0,,,,,,,,,,2,,0,Los Angeles,CA,1,89,,,,-8.0,"44,46","46,29"
ncaab:401088796,ncaab,2018-11-26T00:30Z,final,2535,2569,Samford,SC State,77,60,,,,0,,,,,,,,,,2,,0,Homewood,AL,1,203,,,,-6.0,"39,38","23,37"
ncaab:401096881,ncaab,2018-11-26T01:00Z,final,2253,2325,Grand Canyon,La Salle,82,70,,,,1,,,,,,,,,,2,,0,Fullerton,CA,1,50,,,,-8.0,"31,51","20,50"
ncaab:401096879,ncaab,2018-11-26T03:30Z,final,2550,2390,Seton Hall,Miami,83,81,,,,1,,,,,,,,,,2,,0,Fullerton,CA,1,50,,,,-8.0,"45,38","45,36"
ncaab:401082517,ncaab,2018-11-27T00:00Z,final,228,158,Clemson,Nebraska,66,68,,,,0,,,,,,,,,,2,,0,Clemson,SC,1,221,,,,-5.0,"31,35","31,37"
ncaab:401083025,ncaab,2018-11-27T00:00Z,final,2579,2747,South Carolina,Wofford,61,81,,,,0,,,,,,,,,,2,,0,Columbia,SC,1,89,,,,-5.0,"25,36","28,53"
ncaab:401083913,ncaab,2018-11-27T00:00Z,final,48,2348,Delaware,Louisiana Tech,75,71,,,,0,,,,,,,,,,2,,0,Newark,DE,1,38,,,,-5.0,"35,40","33,38"
ncaab:401086800,ncaab,2018-11-27T00:00Z,final,2065,56,Bethune,Stetson,84,74,,,,0,,,,,,,,,,2,,0,Daytona Beach,FL,1,4,,,,-5.0,"38,46","29,45"
ncaab:401088232,ncaab,2018-11-27T00:00Z,final,2515,2249,Radford,Glenville St,102,69,,,,0,,,,,,,,,,2,,0,Radford,VA,1,567,,,,-5.0,"41,61","35,34"
ncaab:401088390,ncaab,2018-11-27T00:00Z,final,2026,2736,App State,Winston-Salem,91,64,,,,0,,,,,,,,,,2,,0,Boone,NC,1,981,,,,-5.0,"44,47","24,40"
ncaab:401082951,ncaab,2018-11-27T01:00Z,final,333,93,Alabama,Murray St,78,72,,,,0,,,,,,,,,,2,,0,Tuscaloosa,AL,1,68,,,,-6.0,"39,39","29,43"
ncaab:401083067,ncaab,2018-11-27T01:00Z,final,344,2016,Mississippi St,Alcorn St,88,65,,,,0,,,,,,,,,,2,,0,Starkville,MS,1,101,,,,-6.0,"44,44","29,36"
ncaab:401083405,ncaab,2018-11-27T01:00Z,final,66,2437,Iowa State,Omaha,82,55,,,,0,,,,,,,,,,2,,0,Ames,IA,1,287,,,,-6.0,"41,41","28,27"
ncaab:401083513,ncaab,2018-11-27T01:00Z,final,2628,2199,TCU,E Michigan,87,69,,,,0,,,,,,,,,,2,,0,Fort Worth,TX,1,199,,,,-6.0,"35,52","24,45"
ncaab:401086103,ncaab,2018-11-27T01:00Z,final,292,357,UT Rio Grande,Texas A&M-CC,68,59,,,,0,,,,,,,,,,2,,0,Edinburg,TX,1,30,,,,-6.0,"35,33","33,26"
ncaab:401089188,ncaab,2018-11-27T01:00Z,final,2545,2347,SE Louisiana,LA Christian,86,71,,,,0,,,,,,,,,,2,,0,Hammond,LA,1,13,,,,-6.0,"40,46","31,40"
ncaab:401089635,ncaab,2018-11-27T01:00Z,final,2277,2636,Hou Christian,UTSA,82,86,,,,0,,,,,,,,,,2,,0,Houston,TX,1,12,,,,-6.0,"42,40","42,44"
ncaab:401082495,ncaab,2018-11-27T02:00Z,final,103,135,Boston College,Minnesota,68,56,,,,0,,,,,,,,,,2,,0,Chestnut Hill,MA,1,60,,,,-5.0,"33,35","32,24"
ncaab:401083630,ncaab,2018-11-27T02:00Z,final,2250,2449,Gonzaga,N Dakota St,102,60,,,,0,,,,,,,,,,2,,0,Spokane,WA,1,571,,,,-8.0,"53,49","25,35"
ncaab:401083768,ncaab,2018-11-27T02:00Z,final,25,2541,California,Santa Clara,78,66,,,,0,,,,,,,,,,2,,0,Berkeley,CA,1,52,,,,-8.0,"31,47","19,47"
ncaab:401083682,ncaab,2018-11-27T03:00Z,final,2492,304,Pepperdine,Idaho St,97,82,,,,0,,,,,,,,,,2,,0,Malibu,CA,1,32,,,,-8.0,"52,45","43,39"
ncaab:401087101,ncaab,2018-11-27T04:00Z,final,2483,2640,Oregon,Texas Southern,84,89,,,,0,,,,,,,,,,2,,0,Eugene,OR,1,131,,,,-8.0,"39,45","32,57"
ncaab:401090126,ncaab,2018-11-28T17:30Z,final,55,3117,Jax State,Carver,101,61,,,,0,,,,,,,,,,2,,0,Jacksonville,AL,1,216,,,,-6.0,"45,56","27,34"
ncaab:401084699,ncaab,2018-11-28T18:00Z,final,2655,2247,Tulane,Georgia St,76,80,,,,0,,,,,,,,,,2,,0,New Orleans,LA,1,0,,,,-6.0,"31,45","44,36"
ncaab:401082976,ncaab,2018-11-28T23:30Z,final,2633,2198,Tennessee,E Kentucky,95,67,,,,0,,,,,,,,,,2,,0,Knoxville,TN,1,276,,,,-5.0,"49,46","28,39"
ncaab:401083364,ncaab,2018-11-28T23:30Z,final,2752,193,Xavier,Miami OH,82,55,,,,0,,,,,,,,,,2,,0,Cincinnati,OH,1,191,,,,-5.0,"42,40","28,27"
ncaab:401083457,ncaab,2018-11-28T23:30Z,final,277,2520,West Virginia,Rider,92,78,,,,0,,,,,,,,,,2,,0,Morgantown,WV,1,271,,,,-5.0,"43,49","36,42"
ncaab:401083273,ncaab,2018-11-29T00:00Z,final,46,257,Georgetown,Richmond,90,82,,,,0,,,,,,,,,,2,,0,Washington,DC,1,7,,,,-5.0,"40,50","35,47"
ncaab:401083858,ncaab,2018-11-29T00:00Z,final,2275,2561,Hofstra,Siena,94,86,,,,0,,,,,,,,,,2,,0,Hempstead,NY,1,17,,,,-5.0,"45,49","37,49"
ncaab:401083886,ncaab,2018-11-29T00:00Z,final,232,2569,Charleston,SC State,83,70,,,,0,,,,,,,,,,2,,0,Charleston,SC,1,6,,,,-5.0,"36,47","28,42"
ncaab:401083939,ncaab,2018-11-29T00:00Z,final,2182,2885,Drexel,NJIT,67,70,,,,0,,,,,,,,,,2,,0,Philadelphia,PA,1,12,,,,-5.0,"36,31","45,25"
ncaab:401083996,ncaab,2018-11-29T00:00Z,final,2006,2011,Akron,Alabama St,86,54,,,,0,,,,,,,,,,2,,0,Akron,OH,1,291,,,,-5.0,"29,57","21,33"
ncaab:401084056,ncaab,2018-11-29T00:00Z,final,2083,111,Bucknell,Northeastern,78,96,,,,0,,,,,,,,,,2,,0,Lewisburg,PA,1,144,,,,-5.0,"37,41","56,40"
ncaab:401084700,ncaab,2018-11-29T00:00Z,final,58,56,South Florida,Stetson,75,71,,,,0,,,,,,,,,,2,,0,Tampa,FL,1,1,,,,-5.0,"40,35","34,37"
ncaab:401085680,ncaab,2018-11-29T00:00Z,final,2603,82,Saint Joseph's,UIC,89,75,,,,0,,,,,,,,,,2,,0,Philadelphia,PA,1,12,,,,-5.0,"32,57","40,35"
ncaab:401085721,ncaab,2018-11-29T00:00Z,final,179,2099,St Bonaventure,Canisius,70,55,,,,0,,,,,,,,,,2,,0,Saint Bonaventure,NY,1,435,,,,-5.0,"37,33","23,32"
ncaab:401085738,ncaab,2018-11-29T00:00Z,final,295,2670,Old Dominion,VCU,62,52,,,,0,,,,,,,,,,2,,0,Norfolk,VA,1,2,,,,-5.0,"20,42","32,20"
ncaab:401085756,ncaab,2018-11-29T00:00Z,final,113,2514,UMass,Quinnipiac,69,62,,,,0,,,,,,,,,,2,,0,Amherst,MA,1,82,,,,-5.0,"32,37","21,41"
ncaab:401085887,ncaab,2018-11-29T00:00Z,final,276,2729,Marshall,William & Mary,84,64,,,,0,,,,,,,,,,2,,0,Huntington,WV,1,173,,,,-5.0,"46,38","37,27"
ncaab:401086302,ncaab,2018-11-29T00:00Z,final,2244,2415,George Mason,Morgan St,82,75,,,,0,,,,,,,,,,2,,0,Fairfax,VA,1,131,,,,-5.0,"35,47","34,41"
ncaab:401086313,ncaab,2018-11-29T00:00Z,final,45,261,G Washington,Vermont,53,69,,,,0,,,,,,,,,,2,,0,Washington,DC,1,7,,,,-5.0,"28,25","38,31"
ncaab:401086341,ncaab,2018-11-29T00:00Z,final,227,225,Rhode Island,Brown,71,51,,,,0,,,,,,,,,,2,,0,Kingston,RI,1,75,,,,-5.0,"35,36","25,26"
ncaab:401086606,ncaab,2018-11-29T00:00Z,final,311,163,Maine,Princeton,59,73,,,,0,,,,,,,,,,2,,0,Bangor,ME,1,36,,,,-5.0,"25,34","36,37"
ncaab:401086643,ncaab,2018-11-29T00:00Z,final,160,104,New Hampshire,Boston U,53,82,,,,0,,,,,,,,,,2,,0,Durham,NH,1,15,,,,-5.0,"25,28","42,40"
ncaab:401086709,ncaab,2018-11-29T00:00Z,final,2426,2335,Navy,Liberty,58,76,,,,0,,,,,,,,,,2,,0,Annapolis,MD,1,12,,,,-5.0,"23,35","35,41"
ncaab:401086768,ncaab,2018-11-29T00:00Z,final,2649,2453,Toledo,North Alabama,80,59,,,,0,,,,,,,,,,2,,0,Toledo,OH,1,186,,,,-5.0,"37,43","25,34"
ncaab:401087498,ncaab,2018-11-29T00:00Z,final,2523,2754,Robert Morris,Youngstown St,76,56,,,,0,,,,,,,,,,2,,0,Moon Township,PA,1,358,,,,-5.0,"32,44","31,25"
ncaab:401087791,ncaab,2018-11-29T00:00Z,final,2506,2597,Presbyterian,St Francis BK,86,90,,,,0,,,,,,,,,,2,,0,Clinton,SC,1,76,,,,-5.0,"41,45","42,48"
ncaab:401088022,ncaab,2018-11-29T00:00Z,final,322,172,Lafayette,Cornell,58,63,,,,0,,,,,,,,,,2,,0,Easton,PA,1,97,,,,-5.0,"27,25,6","23,29,11"
ncaab:401088197,ncaab,2018-11-29T00:00Z,final,108,107,Harvard,Holy Cross,73,62,,,,0,,,,,,,,,,2,,0,Cambridge,MA,1,5,,,,-5.0,"40,33","29,33"
ncaab:401088234,ncaab,2018-11-29T00:00Z,final,2908,2241,SC Upstate,Gardner-Webb,61,74,,,,0,,,,,,,,,,2,,0,Spartanburg,SC,1,246,,,,-5.0,"32,29","33,41"
ncaab:401088433,ncaab,2018-11-29T00:00Z,final,2803,43,Bryant,Yale,61,103,,,,0,,,,,,,,,,2,,0,Smithfield,RI,1,84,,,,-5.0,"34,27","52,51"
ncaab:401088492,ncaab,2018-11-29T00:00Z,final,2174,2309,Detroit Mercy,Kent State,72,76,,,,0,,,,,,,,,,2,,0,Detroit,MI,1,183,,,,-5.0,"32,40","39,37"
ncaab:401088525,ncaab,2018-11-29T00:00Z,final,2635,2737,Tennessee Tech,Winthrop,70,82,,,,0,,,,,,,,,,2,,0,Cookeville,TN,1,334,,,,-6.0,"40,30","33,49"
ncaab:401089222,ncaab,2018-11-29T00:00Z,final,339,2751,Evansville,Wyoming,86,78,,,,0,,,,,,,,,,2,,0,Evansville,IN,1,118,,,,-6.0,"33,53","24,54"
ncaab:401089223,ncaab,2018-11-29T00:00Z,final,85,71,IU Indy,Bradley,85,73,,,,0,,,,,,,,,,2,,0,Indianapolis,IN,1,218,,,,-5.0,"44,41","38,35"
ncaab:401090383,ncaab,2018-11-29T00:00Z,final,2428,111180,NC Central,Christendom,110,51,,,,0,,,,,,,,,,2,,0,Durham,NC,1,123,,,,-5.0,"52,58","24,27"
ncaab:401082553,ncaab,2018-11-29T00:15Z,final,194,183,Ohio State,Syracuse,62,72,,,,0,,,,,,,,,,2,,0,Columbus,OH,1,235,,,,-5.0,"31,31","29,43"
ncaab:401082596,ncaab,2018-11-29T00:15Z,final,2390,164,Miami,Rutgers,54,57,,,,0,,,,,,,,,,2,,0,Coral Gables,FL,1,3,,,,-5.0,"24,30","28,29"
ncaab:401082424,ncaab,2018-11-29T00:30Z,final,120,258,Maryland,Virginia,71,76,,,,0,,,,,,,,,,2,,0,College Park,MD,1,21,,,,-5.0,"30,41","39,37"
ncaab:401083088,ncaab,2018-11-29T00:30Z,final,145,301,Ole Miss,San Diego,93,86,,,,0,,,,,,,,,,2,,0,Oxford,MS,1,154,,,,-6.0,"39,54","37,49"
ncaab:401086541,ncaab,2018-11-29T00:30Z,final,349,2066,Army,Binghamton,67,56,,,,0,,,,,,,,,,2,,0,West Point,NY,1,47,,,,-5.0,"23,44","24,32"
ncaab:401086657,ncaab,2018-11-29T00:30Z,final,526,2229,FGCU,FIU,80,81,,,,0,,,,,,,,,,2,,0,Fort Myers,FL,1,3,,,,-5.0,"41,39","34,47"
ncaab:401088512,ncaab,2018-11-29T00:30Z,final,2534,2117,Sam Houston,C Michigan,65,81,,,,0,,,,,,,,,,2,,0,Huntsville,TX,1,113,,,,-6.0,"39,26","30,51"
ncaab:401083167,ncaab,2018-11-29T01:00Z,final,2,2612,Auburn,Saint Peter's,99,49,,,,0,,,,,,,,,,2,,0,Auburn,AL,1,215,,,,-6.0,"51,48","23,26"
ncaab:401083293,ncaab,2018-11-29T01:00Z,final,305,325,DePaul,Cleveland St,83,73,,,,0,,,,,,,,,,2,,0,Chicago,IL,1,179,,,,-6.0,"34,49","31,42"
ncaab:401083604,ncaab,2018-11-29T01:00Z,final,2287,252,Illinois St,BYU,92,89,,,,0,,,,,,,,,,2,,0,Normal,IL,1,244,,,,-6.0,"31,47,14","40,38,11"
ncaab:401084701,ncaab,2018-11-29T01:00Z,final,248,292,Houston,UT Rio Grande,58,53,,,,0,,,,,,,,,,2,,0,Houston,TX,1,12,,,,-6.0,"21,37","23,30"
ncaab:401086105,ncaab,2018-11-29T01:00Z,final,2571,140,S Dakota St,Kansas City,75,47,,,,0,,,,,,,,,,2,,0,Brookings,SD,1,494,,,,-6.0,"45,30","30,17"
ncaab:401087378,ncaab,2018-11-29T01:00Z,final,2739,2459,Green Bay,N Illinois,85,83,,,,0,,,,,,,,,,2,,0,Ashwaubenon,WI,1,185,,,,-6.0,"47,38","44,39"
ncaab:401087853,ncaab,2018-11-29T01:00Z,final,2110,2031,C Arkansas,Little Rock,78,65,,,,0,,,,,,,,,,2,,0,Conway,AR,1,95,,,,-6.0,"33,45","32,33"
ncaab:401087902,ncaab,2018-11-29T01:00Z,final,326,242,Texas St,Rice,74,60,,,,0,,,,,,,,,,2,,0,San Marcos,TX,1,188,,,,-6.0,"36,38","26,34"
ncaab:401087961,ncaab,2018-11-29T01:00Z,final,2572,6,Southern Miss,South Alabama,71,67,,,,0,,,,,,,,,,2,,0,Hattiesburg,MS,1,52,,,,-6.0,"43,28","36,31"
ncaab:401088002,ncaab,2018-11-29T01:00Z,final,2443,309,LSU N Orleans,Louisiana,73,77,,,,0,,,,,,,,,,2,,0,New Orleans,LA,1,0,,,,-6.0,"29,30,14","26,33,18"
ncaab:401089037,ncaab,2018-11-29T01:00Z,final,2197,2870,E Illinois,Purdue FW,60,104,,,,0,,,,,,,,,,2,,0,Charleston,IL,1,204,,,,-6.0,"30,30","41,63"
ncaab:401089457,ncaab,2018-11-29T01:00Z,final,2447,2590,Nicholls,Spring Hill,85,65,,,,0,,,,,,,,,,2,,0,Thibodaux,LA,1,4,,,,-6.0,"35,50","39,26"
ncaab:401089555,ncaab,2018-11-29T01:00Z,final,2400,2892,Miss Valley St,Rust,102,62,,,,0,,,,,,,,,,2,,0,Itta Bena,MS,1,40,,,,-6.0,"39,63","20,42"
ncaab:401090211,ncaab,2018-11-29T01:00Z,final,2710,2565,W Illinois,SIUE,83,58,,,,0,,,,,,,,,,2,,0,Macomb,IL,1,215,,,,-6.0,"37,46","24,34"
ncaab:401083128,ncaab,2018-11-29T01:30Z,final,96,2405,Kentucky,Monmouth,90,44,,,,0,,,,,,,,,,2,,0,Lexington,KY,1,295,,,,-5.0,"44,46","22,22"
ncaab:401083222,ncaab,2018-11-29T01:45Z,final,156,149,Creighton,Montana,98,72,,,,0,,,,,,,,,,2,,0,Omaha,NE,1,323,,,,-6.0,"49,49","40,32"
ncaab:401083709,ncaab,2018-11-29T02:00Z,final,38,2501,Colorado,Portland,93,69,,,,0,,,,,,,,,,2,,0,Boulder,CO,1,1624,,,,-7.0,"39,54","36,33"
ncaab:401086106,ncaab,2018-11-29T02:00Z,final,3084,2714,Utah Valley,Western St.,82,59,,,,0,,,,,,,,,,2,,0,Orem,UT,1,1455,,,,-7.0,"46,36","35,24"
ncaab:401086107,ncaab,2018-11-29T02:00Z,final,2638,166,UTEP,New Mexico St,58,62,,,,0,,,,,,,,,,2,,0,El Paso,TX,1,1133,,,,-7.0,"26,32","28,34"
ncaab:401086840,ncaab,2018-11-29T02:00Z,final,2172,2458,Denver,N Colorado,72,88,,,,0,,,,,,,,,,2,,0,Denver,CO,1,1609,,,,-7.0,"29,43","48,40"
ncaab:401087037,ncaab,2018-11-29T02:00Z,final,9,2437,Arizona St,Omaha,89,71,,,,0,,,,,,,,,,2,,0,Tempe,AZ,1,360,,,,-7.0,"50,39","40,31"
ncaab:401087151,ncaab,2018-11-29T02:00Z,final,26,62,UCLA,Hawai'i,80,61,,,,0,,,,,,,,,,2,,0,Los Angeles,CA,1,89,,,,-8.0,"45,35","26,35"
ncaab:401089224,ncaab,2018-11-29T02:00Z,final,328,2460,Utah State,Northern Iowa,71,52,,,,0,,,,,,,,,,2,,0,Logan,UT,1,1382,,,,-7.0,"31,40","23,29"
ncaab:401082534,ncaab,2018-11-29T02:15Z,final,77,59,Northwestern,Georgia Tech,67,61,,,,0,,,,,,,,,,2,,0,Evanston,IL,1,187,,,,-6.0,"40,27","20,41"
ncaab:401082584,ncaab,2018-11-29T02:15Z,final,52,2509,Florida St,Purdue,73,72,,,,0,,,,,,,,,,2,,0,Tallahassee,FL,1,62,,,,-5.0,"44,29","32,40"
ncaab:401089225,ncaab,2018-11-29T02:15Z,final,2005,2623,Air Force,Missouri St,88,69,,,,0,,,,,,,,,,2,,0,Colorado Springs,CO,1,1832,,,,-7.0,"47,41","38,31"
ncaab:401082451,ncaab,2018-11-29T02:30Z,final,130,153,Michigan,North Carolina,84,67,,,,0,,,,,,,,,,2,,0,Ann Arbor,MI,1,269,,,,-5.0,"39,45","35,32"
ncaab:401083659,ncaab,2018-11-29T03:00Z,final,278,279,Fresno St,Pacific,81,78,,,,0,,,,,,,,,,2,,0,Fresno,CA,1,94,,,,-8.0,"36,26,19","30,32,16"
ncaab:401083730,ncaab,2018-11-29T03:00Z,final,2608,300,Saint Mary's,UC Irvine,75,80,,,,0,,,,,,,,,,2,,0,Moraga,CA,1,152,,,,-8.0,"35,40","33,47"
ncaab:401086104,ncaab,2018-11-29T03:00Z,final,2547,2465,Seattle U,Northwest U,107,72,,,,0,,,,,,,,,,2,,0,Seattle,WA,1,56,,,,-8.0,"45,62","35,37"
ncaab:401086841,ncaab,2018-11-29T03:00Z,final,24,2502,Stanford,Portland St,79,67,,,,0,,,,,,,,,,2,,0,Stanford,CA,1,23,,,,-8.0,"34,45","35,32"
ncaab:401089226,ncaab,2018-11-29T03:00Z,final,23,282,San José St,Indiana St,57,86,,,,0,,,,,,,,,,2,,0,San Jose,CA,1,26,,,,-8.0,"20,37","44,42"
ncaab:401089227,ncaab,2018-11-29T03:30Z,final,2439,2674,UNLV,Valparaiso,64,72,,,,0,,,,,,,,,,2,,0,Las Vegas,NV,1,610,,,,-8.0,"35,29","31,41"
ncaab:401087162,ncaab,2018-11-29T04:00Z,final,30,299,USC,Long Beach St,75,65,,,,0,,,,,,,,,,2,,0,Los Angeles,CA,1,89,,,,-8.0,"36,39","28,37"
ncaab:401085977,ncaab,2018-11-29T16:30Z,final,2368,159,Marist,Dartmouth,76,58,,,,1,,,,,,,,,,2,,0,Belfast,Northern Ireland,1,7,,,,0.0,"41,35","31,27"
ncaab:401086517,ncaab,2018-11-29T19:00Z,final,6446,399,Liu Brooklyn,UAlbany,80,77,,,,1,,,,,,,,,,2,,0,Belfast,Northern Ireland,1,7,,,,0.0,"23,57","32,45"
ncaab:401082617,ncaab,2018-11-30T00:00Z,final,103,2529,Boston College,Sacred Heart,81,73,,,,0,,,,,,,,,,2,,0,Chestnut Hill,MA,1,60,,,,-5.0,"34,47","24,49"
ncaab:401082952,ncaab,2018-11-30T00:00Z,final,2116,333,UCF,Alabama,70,64,,,,0,,,,,,,,,,2,,0,Orlando,FL,1,30,,,,-5.0,"29,41","25,39"
ncaab:401083966,ncaab,2018-11-30T00:00Z,final,256,2154,James Madison,Coppin St,81,71,,,,0,,,,,,,,,,2,,0,Harrisonburg,VA,1,404,,,,-5.0,"24,39,18","34,29,8"
ncaab:401088235,ncaab,2018-11-30T00:00Z,final,2097,3174,Campbell,Trinity Co Jax,79,29,,,,0,,,,,,,,,,2,,0,Buies Creek,NC,1,63,,,,-5.0,"38,41","15,14"
ncaab:401088236,ncaab,2018-11-30T00:00Z,final,2450,2261,Norfolk St,Hampton,94,89,,,,0,,,,,,,,,,2,,0,Norfolk,VA,1,2,,,,-5.0,"40,29,9,16","30,39,9,11"
ncaab:401087477,ncaab,2018-11-30T00:30Z,final,2448,2115,NC A&T,C Connecticut,72,60,,,,0,,,,,,,,,,2,,0,Greensboro,NC,1,266,,,,-5.0,"33,39","25,35"
ncaab:401088797,ncaab,2018-11-30T00:30Z,final,2535,2057,Samford,Belmont,93,99,,,,0,,,,,,,,,,2,,0,Homewood,AL,1,203,,,,-6.0,"39,43,11","43,39,17"
ncaab:401084702,ncaab,2018-11-30T01:00Z,final,2567,2377,SMU,McNeese,91,59,,,,0,,,,,,,,,,2,,0,Dallas,TX,1,128,,,,-6.0,"40,51","24,35"
ncaab:401086785,ncaab,2018-11-30T01:00Z,final,2454,50,North Florida,Florida A&M,81,62,,,,0,,,,,,,,,,2,,0,Jacksonville,FL,1,5,,,,-5.0,"35,46","17,45"
ncaab:401089345,ncaab,2018-11-30T01:00Z,final,2010,5,Alabama A&M,UAB,57,67,,,,0,,,,,,,,,,2,,0,Huntsville,AL,1,193,,,,-6.0,"27,30","34,33"
ncaab:401086108,ncaab,2018-11-30T01:05Z,final,2130,3107,Chicago St,East West,90,67,,,,0,,,,,,,,,,2,,0,Chicago,IL,1,179,,,,-6.0,"32,58","31,36"
ncaab:401089509,ncaab,2018-11-30T01:15Z,final,2653,2046,Troy,Austin Peay,74,79,,,,0,,,,,,,,,,2,,0,Troy,AL,1,165,,,,-6.0,"31,36,7","24,43,12"
ncaab:401086845,ncaab,2018-11-30T01:30Z,final,253,3096,Southern Utah,S Diego Christ,111,64,,,,0,,,,,,,,,,2,,0,Cedar City,UT,1,1782,,,,-7.0,"56,55","32,32"
ncaab:401088534,ncaab,2018-11-30T01:30Z,final,2640,2281,Texas Southern,Huston Till,81,76,,,,0,,,,,,,,,,2,,0,Houston,TX,1,12,,,,-6.0,"42,39","37,39"
ncaab:401087015,ncaab,2018-11-30T02:00Z,final,12,290,Arizona,GA Southern,100,70,,,,0,,,,,,,,,,2,,0,Tucson,AZ,1,759,,,,-7.0,"45,55","32,38"
ncaab:401086842,ncaab,2018-11-30T02:05Z,final,304,2701,Idaho St,MT Western,74,66,,,,0,,,,,,,,,,2,,0,Pocatello,ID,1,1360,,,,-7.0,"31,43","33,33"
ncaab:401083769,ncaab,2018-11-30T03:00Z,final,2541,2296,Santa Clara,Jackson St,81,70,,,,0,,,,,,,,,,2,,0,Santa Clara,CA,1,23,,,,-8.0,"39,42","32,38"
ncaab:401086109,ncaab,2018-11-30T03:00Z,final,27,2856,UC Riverside,CA Baptist,70,80,,,,0,,,,,,,,,,2,,0,Riverside,CA,1,252,,,,-8.0,"24,46","37,43"
ncaab:401086843,ncaab,2018-11-30T03:00Z,final,302,2464,UC Davis,N Arizona,73,57,,,,0,,,,,,,,,,2,,0,Davis,CA,1,16,,,,-8.0,"39,34","28,29"
ncaab:401086844,ncaab,2018-11-30T03:00Z,final,2540,16,Santa Barbara,Sacramento St,75,58,,,,0,,,,,,,,,,2,,0,Santa Barbara,CA,1,15,,,,-8.0,"32,43","27,31"
ncaab:401089504,ncaab,2018-11-30T03:00Z,final,2351,3246,LMU,Bethesda,106,50,,,,0,,,,,,,,,,2,,0,Los Angeles,CA,1,89,,,,-8.0,"57,49","27,23"
ncaab:401089559,ncaab,2018-11-30T10:30Z,final,270,2084,Milwaukee,Buffalo,77,96,,,,1,,,,,,,,,,2,,0,Belfast,Northern Ireland,1,7,,,,0.0,"32,45","43,53"
ncaab:401083752,ncaab,2018-11-30T13:00Z,final,2539,2617,San Francisco,SF Austin,76,58,,,,1,,,,,,,,,,2,,0,Belfast,Northern Ireland,1,7,,,,0.0,"37,39","34,24"
ncaab:401097250,ncaab,2018-11-30T16:05Z,final,2413,111966,Morehead St,OHCHILLI,103,50,,,,0,,,,,,,,,,2,,0,Morehead,KY,1,153,,,,-6.0,"48,55","24,26"
ncaab:401101473,ncaab,2018-11-30T17:00Z,final,159,399,Dartmouth,UAlbany,91,77,,,,1,,,,,,,,,,2,,0,Belfast,Northern Ireland,1,7,,,,0.0,"49,42","32,45"
ncaab:401101474,ncaab,2018-11-30T19:30Z,final,2368,6446,Marist,Liu Brooklyn,70,53,,,,1,,,,,,,,,,2,,0,Belfast,Northern Ireland,1,7,,,,0.0,"37,33","20,33"
ncaab:401082476,ncaab,2018-11-30T23:00Z,final,164,127,Rutgers,Michigan St,67,78,,,,0,,,,,,,,,,2,,0,Piscataway,NJ,1,30,,,,-5.0,"37,30","39,39"
