id,league,start,status,home,away,home_name,away_name,home_score,away_score,ml_home,ml_away,odds_time,neutral,ml_home_open,ml_away_open,spread_home,spread_home_odds,spread_away_odds,inj_home,inj_away,sp_home,sp_away,stype,country,intl,city,state,indoor,elev,wx_temp,wx_wind,wx_rain,tzo,ls_home,ls_away,h1_ml_home,h1_ml_away,h1_spread_home,h1_spread_home_odds,h1_spread_away_odds,total,over_odds,under_odds
ncaab:400986233,ncaab,2018-02-01T00:00Z,final,2390,221,Miami,Pitt,69,57,,,,0,,,,,,,,,,2,,0,Coral Gables,FL,1,3,,,,-5.0,"34,35","25,32",,,,,,,,
ncaab:400986234,ncaab,2018-02-01T00:00Z,final,258,97,Virginia,Louisville,74,64,,,,0,,,,,,,,,,2,,0,Charlottesville,VA,1,142,,,,-5.0,"32,42","26,38",,,,,,,,
ncaab:400988090,ncaab,2018-02-01T00:00Z,final,2132,248,Cincinnati,Houston,80,70,,,,0,,,,,,,,,,2,,0,Highland Heights,KY,1,260,,,,-5.0,"37,43","40,30",,,,,,,,
ncaab:400988593,ncaab,2018-02-01T00:00Z,final,2550,2507,Seton Hall,Providence,73,57,,,,0,,,,,,,,,,2,,0,Newark,NJ,1,9,,,,-5.0,"41,32","26,31",,,,,,,,
ncaab:400989165,ncaab,2018-02-01T00:00Z,final,66,277,Iowa State,West Virginia,93,77,,,,0,,,,,,,,,,2,,0,Ames,IA,1,287,,,,-6.0,"53,40","43,34",,,,,,,,
ncaab:400989790,ncaab,2018-02-01T00:00Z,final,2166,2325,Davidson,La Salle,84,65,,,,0,,,,,,,,,,2,,0,Davidson,NC,1,256,,,,-5.0,"41,43","24,41",,,,,,,,
ncaab:400989851,ncaab,2018-02-01T00:00Z,final,45,2184,G Washington,Duquesne,73,75,,,,0,,,,,,,,,,2,,0,Washington,DC,1,7,,,,-5.0,"36,37","33,42",,,,,,,,
ncaab:400989892,ncaab,2018-02-01T00:00Z,final,2244,179,George Mason,St Bonaventure,69,85,,,,0,,,,,,,,,,2,,0,Fairfax,VA,1,131,,,,-5.0,"33,36","49,36",,,,,,,,
ncaab:400989960,ncaab,2018-02-01T00:00Z,final,2603,139,Saint Joseph's,Saint Louis,59,60,,,,0,,,,,,,,,,2,,0,Philadelphia,PA,1,12,,,,-5.0,"27,32","30,30",,,,,,,,
ncaab:400990032,ncaab,2018-02-01T00:00Z,final,2066,261,Binghamton,Vermont,54,68,,,,0,,,,,,,,,,2,,0,Binghamton,NY,1,264,,,,-5.0,"23,31","32,36",,,,,,,,
ncaab:400991523,ncaab,2018-02-01T00:00Z,final,160,42,New Hampshire,Hartford,62,79,,,,0,,,,,,,,,,2,,0,Durham,NH,1,15,,,,-5.0,"34,28","39,40",,,,,,,,
ncaab:400991539,ncaab,2018-02-01T00:00Z,final,311,2349,Maine,UMass Lowell,64,88,,,,0,,,,,,,,,,2,,0,Bangor,ME,1,36,,,,-5.0,"35,29","49,39",,,,,,,,
ncaab:400991566,ncaab,2018-02-01T00:00Z,final,2619,2378,Stony Brook,UMBC,63,67,,,,0,,,,,,,,,,2,,0,Stony Brook,NY,1,27,,,,-5.0,"30,33","35,32",,,,,,,,
ncaab:400991970,ncaab,2018-02-01T00:00Z,final,44,2426,American,Navy,44,61,,,,0,,,,,,,,,,2,,0,Washington,DC,1,7,,,,-5.0,"23,21","21,40",,,,,,,,
ncaab:400991988,ncaab,2018-02-01T00:00Z,final,2083,349,Bucknell,Army,83,71,,,,0,,,,,,,,,,2,,0,Lewisburg,PA,1,144,,,,-5.0,"30,38,15","40,28,3",,,,,,,,
ncaab:400992005,ncaab,2018-02-01T00:00Z,final,104,2352,Boston U,Loyola MD,64,55,,,,0,,,,,,,,,,2,,0,Boston,MA,1,14,,,,-5.0,"33,31","29,26",,,,,,,,
ncaab:400992028,ncaab,2018-02-01T00:00Z,final,322,2142,Lafayette,Colgate,93,83,,,,0,,,,,,,,,,2,,0,Easton,PA,1,97,,,,-5.0,"42,51","38,45",,,,,,,,
ncaab:400992729,ncaab,2018-02-01T00:00Z,final,2261,2154,Hampton,Coppin St,70,59,,,,0,,,,,,,,,,2,,0,Hampton,VA,1,1,,,,-5.0,"25,29,16","24,30,5",,,,,,,,
ncaab:400986235,ncaab,2018-02-01T01:00Z,final,154,52,Wake Forest,Florida St,76,72,,,,0,,,,,,,,,,2,,0,Winston-Salem,NC,1,293,,,,-5.0,"33,43","39,33",,,,,,,,
ncaab:400986631,ncaab,2018-02-01T01:00Z,final,59,183,Georgia Tech,Syracuse,55,51,,,,0,,,,,,,,,,2,,0,Atlanta,GA,1,320,,,,-5.0,"24,31","21,30",,,,,,,,
ncaab:400989054,ncaab,2018-02-01T01:00Z,final,2443,2466,LSU N Orleans,N'Western St,82,64,,,,0,,,,,,,,,,2,,0,New Orleans,LA,1,0,,,,-6.0,"36,46","24,40",,,,,,,,
ncaab:400989055,ncaab,2018-02-01T01:00Z,final,2000,2320,Abilene Chrstn,Lamar,74,69,,,,0,,,,,,,,,,2,,0,Abilene,TX,1,524,,,,-6.0,"36,38","32,37",,,,,,,,
ncaab:400989056,ncaab,2018-02-01T01:00Z,final,2617,2277,SF Austin,Hou Christian,102,82,,,,0,,,,,,,,,,2,,0,Nacogdoches,TX,1,92,,,,-6.0,"51,51","40,42",,,,,,,,
ncaab:400989057,ncaab,2018-02-01T01:00Z,final,2545,357,SE Louisiana,Texas A&M-CC,54,67,,,,0,,,,,,,,,,2,,0,Hammond,LA,1,13,,,,-6.0,"24,30","26,41",,,,,,,,
ncaab:400989721,ncaab,2018-02-01T01:00Z,final,2674,282,Valparaiso,Indiana St,69,63,,,,0,,,,,,,,,,2,,0,Valparaiso,IN,1,242,,,,-6.0,"34,35","30,33",,,,,,,,
ncaab:400989722,ncaab,2018-02-01T01:00Z,final,71,2350,Bradley,Loyola Chicago,69,67,,,,0,,,,,,,,,,2,,0,Peoria,IL,1,153,,,,-6.0,"37,32","29,38",,,,,,,,
ncaab:400989723,ncaab,2018-02-01T01:00Z,final,339,2460,Evansville,Northern Iowa,57,49,,,,0,,,,,,,,,,2,,0,Evansville,IN,1,118,,,,-6.0,"21,36","21,28",,,,,,,,
ncaab:400992758,ncaab,2018-02-01T01:00Z,final,50,2542,Florida A&M,Savannah St,100,107,,,,0,,,,,,,,,,2,,0,Tallahassee,FL,1,62,,,,-5.0,"36,64","44,63",,,,,,,,
ncaab:400986542,ncaab,2018-02-01T01:30Z,final,2509,120,Purdue,Maryland,75,67,,,,0,,,,,,,,,,2,,0,West Lafayette,IN,1,186,,,,-5.0,"35,40","24,43",,,,,,,,
ncaab:400987351,ncaab,2018-02-01T01:30Z,final,2579,344,South Carolina,Mississippi St,76,81,,,,0,,,,,,,,,,2,,0,Columbia,SC,1,89,,,,-5.0,"36,40","37,44",,,,,,,,
ncaab:400988091,ncaab,2018-02-01T01:30Z,final,58,235,South Florida,Memphis,74,86,,,,0,,,,,,,,,,2,,0,Tampa,FL,1,1,,,,-5.0,"32,42","42,44",,,,,,,,
ncaab:400986236,ncaab,2018-02-01T02:00Z,final,103,259,Boston College,Virginia Tech,80,85,,,,0,,,,,,,,,,2,,0,Chestnut Hill,MA,1,60,,,,-5.0,"29,42,9","34,37,14",,,,,,,,
ncaab:400987352,ncaab,2018-02-01T02:00Z,final,333,142,Alabama,Missouri,60,69,,,,0,,,,,,,,,,2,,0,Tuscaloosa,AL,1,68,,,,-6.0,"33,27","35,34",,,,,,,,
ncaab:400988092,ncaab,2018-02-01T02:00Z,final,2116,41,UCF,UConn,70,61,,,,0,,,,,,,,,,2,,0,Orlando,FL,1,30,,,,-5.0,"31,39","29,32",,,,,,,,
ncaab:400988594,ncaab,2018-02-01T02:00Z,final,269,2086,Marquette,Butler,72,92,,,,0,,,,,,,,,,2,,0,Milwaukee,WI,1,188,,,,-6.0,"28,44","43,49",,,,,,,,
ncaab:400989264,ncaab,2018-02-01T02:00Z,final,2641,251,Texas Tech,Texas,73,71,,,,0,,,,,,,,,,2,,0,Lubbock,TX,1,976,,,,-6.0,"36,28,9","29,35,7",,,,,,,,
ncaab:400991737,ncaab,2018-02-01T02:00Z,final,36,2751,Colorado St,Wyoming,86,91,,,,0,,,,,,,,,,2,,0,Fort Collins,CO,1,1525,,,,-7.0,"30,42,8,6","32,40,8,11",,,,,,,,
ncaab:400991787,ncaab,2018-02-01T02:00Z,final,328,167,Utah State,New Mexico,89,80,,,,0,,,,,,,,,,2,,0,Logan,UT,1,1382,,,,-7.0,"39,50","35,45",,,,,,,,
ncaab:400988342,ncaab,2018-02-01T03:00Z,final,265,12,Washington St,Arizona,72,100,,,,0,,,,,,,,,,2,,0,Pullman,WA,1,717,,,,-8.0,"34,38","53,47",,,,,,,,
ncaab:400992436,ncaab,2018-02-01T03:00Z,final,13,27,Cal Poly,UC Riverside,71,68,,,,0,,,,,,,,,,2,,0,San Luis Obispo,CA,1,71,,,,-8.0,"38,33","34,34",,,,,,,,
ncaab:400992501,ncaab,2018-02-01T03:30Z,final,299,300,Long Beach St,UC Irvine,68,75,,,,0,,,,,,,,,,2,,0,Long Beach,CA,1,9,,,,-8.0,"31,37","28,47",,,,,,,,
ncaab:400991755,ncaab,2018-02-01T04:00Z,final,2440,278,Nevada,Fresno St,102,92,,,,0,,,,,,,,,,2,,0,Reno,NV,1,1373,,,,-8.0,"43,59","45,47",,,,,,,,
ncaab:400991807,ncaab,2018-02-01T04:00Z,final,2439,23,UNLV,San José St,76,67,,,,0,,,,,,,,,,2,,0,Las Vegas,NV,1,610,,,,-8.0,"39,37","34,33",,,,,,,,
ncaab:400988787,ncaab,2018-02-01T23:00Z,final,2643,2747,The Citadel,Wofford,80,78,,,,0,,,,,,,,,,2,,0,Charleston,SC,1,6,,,,-5.0,"42,38","41,37",,,,,,,,
ncaab:400990832,ncaab,2018-02-01T23:00Z,final,2598,161,Saint Francis,FDU,74,60,,,,0,,,,,,,,,,2,,0,Loretto,PA,1,595,,,,-5.0,"36,38","34,26",,,,,,,,
ncaab:400988595,ncaab,2018-02-01T23:30Z,final,222,156,Villanova,Creighton,98,78,,,,0,,,,,,,,,,2,,0,Philadelphia,PA,1,12,,,,-5.0,"49,49","34,44",,,,,,,,
ncaab:400988093,ncaab,2018-02-02T00:00Z,final,218,2724,Temple,Wichita St,81,79,,,,0,,,,,,,,,,2,,0,Philadelphia,PA,1,12,,,,-5.0,"40,34,7","48,26,5",,,,,,,,
ncaab:400988789,ncaab,2018-02-02T00:00Z,final,2193,2535,ETSU,Samford,96,76,,,,0,,,,,,,,,,2,,0,Johnson City,TN,1,498,,,,-5.0,"48,48","35,41",,,,,,,,
ncaab:400988790,ncaab,2018-02-02T00:00Z,final,2430,2678,UNC Greensboro,VMI,73,51,,,,0,,,,,,,,,,2,,0,Greensboro,NC,1,266,,,,-5.0,"41,32","18,33",,,,,,,,
ncaab:400989401,ncaab,2018-02-02T00:00Z,final,2870,198,Purdue FW,Oral Roberts,85,75,,,,0,,,,,,,,,,2,,0,Fort Wayne,IN,1,247,,,,-5.0,"37,48","31,44",,,,,,,,
ncaab:400990583,ncaab,2018-02-02T00:00Z,final,111,232,Northeastern,Charleston,64,69,,,,0,,,,,,,,,,2,,0,Boston,MA,1,14,,,,-5.0,"29,35","31,38",,,,,,,,
ncaab:400990830,ncaab,2018-02-02T00:00Z,final,2803,2597,Bryant,St Francis BK,69,73,,,,0,,,,,,,,,,2,,0,Smithfield,RI,1,84,,,,-5.0,"36,33","37,36",,,,,,,,
ncaab:400990831,ncaab,2018-02-02T00:00Z,final,2681,2115,Wagner,C Connecticut,72,59,,,,0,,,,,,,,,,2,,0,Staten Island,NY,1,21,,,,-5.0,"35,37","31,28",,,,,,,,
ncaab:400990834,ncaab,2018-02-02T00:00Z,final,2523,116,Robert Morris,Mount St Marys,42,67,,,,0,,,,,,,,,,2,,0,Pittsburgh,PA,1,233,,,,-5.0,"15,27","40,27",,,,,,,,
ncaab:400991406,ncaab,2018-02-02T00:00Z,final,48,119,Delaware,Towson,71,75,,,,0,,,,,,,,,,2,,0,Newark,DE,1,38,,,,-5.0,"28,43","23,52",,,,,,,,
ncaab:400991426,ncaab,2018-02-02T00:00Z,final,2182,256,Drexel,James Madison,76,74,,,,0,,,,,,,,,,2,,0,Philadelphia,PA,1,12,,,,-5.0,"30,46","22,52",,,,,,,,
ncaab:400991445,ncaab,2018-02-02T00:00Z,final,2729,2210,William & Mary,Elon,99,92,,,,0,,,,,,,,,,2,,0,Williamsburg,VA,1,25,,,,-5.0,"52,47","39,53",,,,,,,,
ncaab:400991459,ncaab,2018-02-02T00:00Z,final,2275,350,Hofstra,UNC Wilmington,96,76,,,,0,,,,,,,,,,2,,0,Hempstead,NY,1,17,,,,-5.0,"48,48","37,39",,,,,,,,
ncaab:400992095,ncaab,2018-02-02T00:00Z,final,325,2750,Cleveland St,Wright St,77,74,,,,0,,,,,,,,,,2,,0,Cleveland,OH,1,199,,,,-5.0,"39,38","30,44",,,,,,,,
ncaab:400992196,ncaab,2018-02-02T00:00Z,final,2754,94,Youngstown St,N Kentucky,85,95,,,,0,,,,,,,,,,2,,0,Youngstown,OH,1,259,,,,-5.0,"43,42","40,55",,,,,,,,
ncaab:400992281,ncaab,2018-02-02T00:00Z,final,2097,2427,Campbell,UNC Asheville,57,64,,,,0,,,,,,,,,,2,,0,Buies Creek,NC,1,63,,,,-5.0,"31,26","31,33",,,,,,,,
ncaab:400992321,ncaab,2018-02-02T00:00Z,final,2515,2241,Radford,Gardner-Webb,70,66,,,,0,,,,,,,,,,2,,0,Radford,VA,1,567,,,,-5.0,"35,35","32,34",,,,,,,,
ncaab:400992353,ncaab,2018-02-02T00:00Z,final,2335,2737,Liberty,Winthrop,77,61,,,,0,,,,,,,,,,2,,0,Lynchburg,VA,1,192,,,,-5.0,"37,40","26,35",,,,,,,,
ncaab:400992364,ncaab,2018-02-02T00:00Z,final,2506,2344,Presbyterian,Longwood,67,62,,,,0,,,,,,,,,,2,,0,Clinton,SC,1,76,,,,-5.0,"27,40","28,34",,,,,,,,
ncaab:400992636,ncaab,2018-02-02T00:00Z,final,2226,2348,FAU,Louisiana Tech,62,67,,,,0,,,,,,,,,,2,,0,Boca Raton,FL,1,4,,,,-5.0,"28,34","22,45",,,,,,,,
ncaab:400992638,ncaab,2018-02-02T00:00Z,final,2229,2572,FIU,Southern Miss,76,70,,,,0,,,,,,,,,,2,,0,Miami,FL,1,2,,,,-5.0,"31,45","28,42",,,,,,,,
ncaab:400992640,ncaab,2018-02-02T00:00Z,final,2429,5,Charlotte,UAB,64,76,,,,0,,,,,,,,,,2,,0,Charlotte,NC,1,229,,,,-5.0,"40,24","40,36",,,,,,,,
ncaab:400988786,ncaab,2018-02-02T00:30Z,final,2717,236,W Carolina,Chattanooga,70,68,,,,0,,,,,,,,,,2,,0,Cullowhee,NC,1,645,,,,-5.0,"29,41","28,40",,,,,,,,
ncaab:400988788,ncaab,2018-02-02T00:30Z,final,2382,231,Mercer,Furman,73,85,,,,0,,,,,,,,,,2,,0,Macon,GA,1,112,,,,-5.0,"35,38","41,44",,,,,,,,
ncaab:400991009,ncaab,2018-02-02T00:30Z,final,2413,2634,Morehead St,Tennessee St,58,61,,,,0,,,,,,,,,,2,,0,Morehead,KY,1,153,,,,-6.0,"29,29","28,33",,,,,,,,
ncaab:400992302,ncaab,2018-02-02T00:30Z,final,2127,2272,Charleston So,High Point,83,74,,,,0,,,,,,,,,,2,,0,Charleston,SC,1,6,,,,-5.0,"38,45","31,43",,,,,,,,
ncaab:400988094,ncaab,2018-02-02T01:00Z,final,202,2567,Tulsa,SMU,76,67,,,,0,,,,,,,,,,2,,0,Tulsa,OK,1,220,,,,-6.0,"30,46","31,36",,,,,,,,
ncaab:400989402,ncaab,2018-02-02T01:00Z,final,2710,233,W Illinois,South Dakota,54,80,,,,0,,,,,,,,,,2,,0,Macomb,IL,1,215,,,,-6.0,"25,29","44,36",,,,,,,,
ncaab:400989403,ncaab,2018-02-02T01:00Z,final,2571,2449,S Dakota St,N Dakota St,82,63,,,,0,,,,,,,,,,2,,0,Brookings,SD,1,494,,,,-6.0,"37,45","32,31",,,,,,,,
ncaab:400990475,ncaab,2018-02-02T01:00Z,final,2031,290,Little Rock,GA Southern,61,67,,,,0,,,,,,,,,,2,,0,Little Rock,AR,1,102,,,,-6.0,"30,31","24,43",,,,,,,,
ncaab:400991004,ncaab,2018-02-02T01:00Z,final,2198,2057,E Kentucky,Belmont,63,98,,,,0,,,,,,,,,,2,,0,Richmond,KY,1,289,,,,-5.0,"29,34","55,43",,,,,,,,
ncaab:400991008,ncaab,2018-02-02T01:00Z,final,2565,2635,SIUE,Tennessee Tech,67,68,,,,0,,,,,,,,,,2,,0,Edwardsville,IL,1,165,,,,-6.0,"24,43","29,39",,,,,,,,
ncaab:400991318,ncaab,2018-02-02T01:00Z,final,155,147,North Dakota,Montana St,75,74,,,,0,,,,,,,,,,2,,0,Grand Forks,ND,1,253,,,,-6.0,"38,37","33,41",,,,,,,,
ncaab:400992639,ncaab,2018-02-02T01:00Z,final,295,2393,Old Dominion,MTSU,59,66,,,,0,,,,,,,,,,2,,0,Norfolk,VA,1,2,,,,-5.0,"33,26","33,33",,,,,,,,
ncaab:400992641,ncaab,2018-02-02T01:00Z,final,2636,276,UTSA,Marshall,81,77,,,,0,,,,,,,,,,2,,0,San Antonio,TX,1,198,,,,-6.0,"43,38","41,36",,,,,,,,
ncaab:400990476,ncaab,2018-02-02T01:15Z,final,250,2026,UT Arlington,App State,89,77,,,,0,,,,,,,,,,2,,0,Arlington,TX,1,184,,,,-6.0,"35,54","39,38",,,,,,,,
ncaab:400986543,ncaab,2018-02-02T01:30Z,final,275,77,Wisconsin,Northwestern,52,60,,,,0,,,,,,,,,,2,,0,Madison,WI,1,267,,,,-6.0,"26,26","37,23",,,,,,,,
ncaab:400990477,ncaab,2018-02-02T01:30Z,final,2032,2247,Arkansas St,Georgia St,66,77,,,,0,,,,,,,,,,2,,0,Jonesboro,AR,1,99,,,,-6.0,"29,37","32,45",,,,,,,,
ncaab:400991005,ncaab,2018-02-02T01:30Z,final,2546,93,SE Missouri,Murray St,75,87,,,,0,,,,,,,,,,2,,0,Cape Girardeau,MO,1,108,,,,-6.0,"34,41","32,55",,,,,,,,
ncaab:400991006,ncaab,2018-02-02T01:30Z,final,2197,55,E Illinois,Jax State,56,75,,,,0,,,,,,,,,,2,,0,Charleston,IL,1,204,,,,-6.0,"29,27","31,44",,,,,,,,
ncaab:400991007,ncaab,2018-02-02T01:30Z,final,2630,2046,UT Martin,Austin Peay,57,59,,,,0,,,,,,,,,,2,,0,Martin,TN,1,124,,,,-6.0,"22,35","32,27",,,,,,,,
ncaab:400991322,ncaab,2018-02-02T01:30Z,final,253,2692,Southern Utah,Weber St,80,90,,,,0,,,,,,,,,,2,,0,Cedar City,UT,1,1782,,,,-7.0,"29,51","33,57",,,,,,,,
ncaab:400991323,ncaab,2018-02-02T01:30Z,final,2464,304,N Arizona,Idaho St,61,63,,,,0,,,,,,,,,,2,,0,Flagstaff,AZ,1,2104,,,,-7.0,"30,31","39,24",,,,,,,,
ncaab:400990478,ncaab,2018-02-02T01:55Z,final,326,324,Texas St,Coastal,54,56,,,,0,,,,,,,,,,2,,0,San Marcos,TX,1,188,,,,-6.0,"23,26,5","24,25,7",,,,,,,,
ncaab:400986897,ncaab,2018-02-02T02:00Z,final,2250,301,Gonzaga,San Diego,69,59,,,,0,,,,,,,,,,2,,0,Spokane,WA,1,571,,,,-8.0,"36,33","27,32",,,,,,,,
ncaab:400988343,ncaab,2018-02-02T02:00Z,final,25,2483,California,Oregon,53,66,,,,0,,,,,,,,,,2,,0,Berkeley,CA,1,52,,,,-8.0,"26,27","34,32",,,,,,,,
ncaab:400990676,ncaab,2018-02-02T02:00Z,final,2253,140,Grand Canyon,Kansas City,79,62,,,,0,,,,,,,,,,2,,0,Phoenix,AZ,1,331,,,,-7.0,"39,40","28,34",,,,,,,,
ncaab:400990833,ncaab,2018-02-02T02:00Z,final,2529,112358,Sacred Heart,Long Island,60,69,,,,0,,,,,,,,,,2,,0,Fairfield,CT,1,4,,,,-8.0,"27,33","34,35",,,,,,,,
ncaab:400991320,ncaab,2018-02-02T02:00Z,final,2458,149,N Colorado,Montana,79,88,,,,0,,,,,,,,,,2,,0,Greeley,CO,1,1425,,,,-7.0,"37,42","37,51",,,,,,,,
ncaab:400986969,ncaab,2018-02-02T03:00Z,final,2501,2492,Portland,Pepperdine,85,76,,,,0,,,,,,,,,,2,,0,Portland,OR,1,12,,,,-8.0,"45,26,14","42,29,5",,,,,,,,
ncaab:400990677,ncaab,2018-02-02T03:00Z,final,2934,2130,Bakersfield,Chicago St,91,61,,,,0,,,,,,,,,,2,,0,Bakersfield,CA,1,123,,,,-8.0,"45,46","30,31",,,,,,,,
ncaab:400992474,ncaab,2018-02-02T03:00Z,final,2463,302,CSU Northridge,UC Davis,56,63,,,,0,,,,,,,,,,2,,0,Northridge,CA,1,246,,,,-8.0,"22,34","29,34",,,,,,,,
ncaab:400992490,ncaab,2018-02-02T03:00Z,final,2540,62,Santa Barbara,Hawai'i,84,82,,,,0,,,,,,,,,,2,,0,Santa Barbara,CA,1,15,,,,-8.0,"36,34,14","30,40,12",,,,,,,,
ncaab:400992637,ncaab,2018-02-02T03:00Z,final,2638,98,UTEP,Western KY,60,72,,,,0,,,,,,,,,,2,,0,El Paso,TX,1,1133,,,,-7.0,"32,28","30,42",,,,,,,,
ncaab:400991321,ncaab,2018-02-02T03:05Z,final,16,331,Sacramento St,E Washington,54,74,,,,0,,,,,,,,,,2,,0,Sacramento,CA,1,9,,,,-8.0,"24,30","40,34",,,,,,,,
ncaab:400986869,ncaab,2018-02-02T04:00Z,final,2351,252,LMU,BYU,76,69,,,,0,,,,,,,,,,2,,0,Los Angeles,CA,1,89,,,,-8.0,"42,34","31,38",,,,,,,,
ncaab:400986946,ncaab,2018-02-02T04:00Z,final,2541,279,Santa Clara,Pacific,45,63,,,,0,,,,,,,,,,2,,0,Santa Clara,CA,1,23,,,,-8.0,"20,25","29,34",,,,,,,,
ncaab:400987061,ncaab,2018-02-02T04:00Z,final,2608,2539,Saint Mary's,San Francisco,79,43,,,,0,,,,,,,,,,2,,0,Moraga,CA,1,152,,,,-8.0,"38,41","21,22",,,,,,,,
ncaab:400988344,ncaab,2018-02-02T04:00Z,final,264,9,Washington,Arizona St,68,64,,,,0,,,,,,,,,,2,,0,Seattle,WA,1,56,,,,-8.0,"37,31","27,37",,,,,,,,
ncaab:400988345,ncaab,2018-02-02T04:00Z,final,24,204,Stanford,Oregon St,80,71,,,,0,,,,,,,,,,2,,0,Stanford,CA,1,23,,,,-8.0,"43,37","28,43",,,,,,,,
ncaab:400991319,ncaab,2018-02-02T04:00Z,final,2502,70,Portland St,Idaho,88,97,,,,0,,,,,,,,,,2,,0,Portland,OR,1,12,,,,-8.0,"37,51","48,49",,,,,,,,
ncaab:400991675,ncaab,2018-02-02T23:00Z,final,163,43,Princeton,Yale,76,73,,,,0,,,,,,,,,,2,,0,Princeton,NJ,1,62,,,,-5.0,"33,33,10","35,31,7",,,,,,,,
ncaab:400989927,ncaab,2018-02-03T00:00Z,final,2670,227,VCU,Rhode Island,68,81,,,,0,,,,,,,,,,2,,0,Richmond,VA,1,64,,,,-5.0,"38,30","41,40",,,,,,,,
ncaab:400990246,ncaab,2018-02-03T00:00Z,final,2084,2711,Buffalo,W Michigan,92,86,,,,0,,,,,,,,,,2,,0,Buffalo,NY,1,183,,,,-5.0,"41,51","30,56",,,,,,,,
ncaab:400991169,ncaab,2018-02-03T00:00Z,final,2405,2217,Monmouth,Fairfield,78,79,,,,0,,,,,,,,,,2,,0,West Long Branch,NJ,1,9,,,,-5.0,"49,29","41,38",,,,,,,,
ncaab:400991170,ncaab,2018-02-03T00:00Z,final,2612,315,Saint Peter's,Niagara,58,52,,,,0,,,,,,,,,,2,,0,Jersey City,NJ,1,9,,,,-5.0,"25,33","18,34",,,,,,,,
ncaab:400991171,ncaab,2018-02-03T00:00Z,final,2561,2363,Siena,Manhattan,47,51,,,,0,,,,,,,,,,2,,0,Albany,NY,1,45,,,,-5.0,"32,15","23,28",,,,,,,,
ncaab:400991172,ncaab,2018-02-03T00:00Z,final,2368,2099,Marist,Canisius,67,73,,,,0,,,,,,,,,,2,,0,Poughkeepsie,NY,1,62,,,,-5.0,"34,33","30,43",,,,,,,,
ncaab:400991173,ncaab,2018-02-03T00:00Z,final,314,2514,Iona,Quinnipiac,87,82,,,,0,,,,,,,,,,2,,0,New Rochelle,NY,1,26,,,,-5.0,"28,41,10,8","32,37,10,3",,,,,,,,
ncaab:400991600,ncaab,2018-02-03T00:00Z,final,219,225,Penn,Brown,95,90,,,,0,,,,,,,,,,2,,0,Philadelphia,PA,1,12,,,,-5.0,"42,40,13","43,39,8",,,,,,,,
ncaab:400991619,ncaab,2018-02-03T00:00Z,final,171,108,Columbia,Harvard,83,76,,,,0,,,,,,,,,,2,,0,New York,NY,1,10,,,,-5.0,"35,48","41,35",,,,,,,,
ncaab:400991633,ncaab,2018-02-03T00:00Z,final,172,159,Cornell,Dartmouth,86,85,,,,0,,,,,,,,,,2,,0,Ithaca,NY,1,125,,,,-5.0,"40,46","36,49",,,,,,,,
ncaab:400992114,ncaab,2018-02-03T00:00Z,final,2174,85,Detroit Mercy,IU Indy,74,60,,,,0,,,,,,,,,,2,,0,Detroit,MI,1,183,,,,-5.0,"38,36","28,32",,,,,,,,
ncaab:400992134,ncaab,2018-02-03T01:00Z,final,270,2739,Milwaukee,Green Bay,76,58,,,,0,,,,,,,,,,2,,0,Milwaukee,WI,1,188,,,,-6.0,"32,44","23,35",,,,,,,,
ncaab:400988346,ncaab,2018-02-03T02:00Z,final,38,254,Colorado,Utah,67,55,,,,0,,,,,,,,,,2,,0,Boulder,CO,1,1624,,,,-7.0,"27,40","20,35",,,,,,,,
ncaab:400992173,ncaab,2018-02-03T02:00Z,final,2473,82,Oakland,UIC,73,79,,,,0,,,,,,,,,,2,,0,Rochester,MI,1,229,,,,-5.0,"30,43","40,39",,,,,,,,
ncaab:400986237,ncaab,2018-02-03T17:00Z,final,152,87,NC State,Notre Dame,76,58,,,,0,,,,,,,,,,2,,0,Raleigh,NC,1,96,,,,-5.0,"37,39","21,37",,,,,,,,
ncaab:400986238,ncaab,2018-02-03T17:00Z,final,2599,150,St John's,Duke,81,77,,,,0,,,,,,,,,,2,,0,New York,NY,1,10,,,,-5.0,"32,49","39,38",,,,,,,,
ncaab:400988095,ncaab,2018-02-03T17:00Z,final,41,2132,UConn,Cincinnati,57,65,,,,0,,,,,,,,,,2,,0,Storrs,CT,1,187,,,,-5.0,"21,36","32,33",,,,,,,,
ncaab:400988096,ncaab,2018-02-03T17:00Z,final,2116,248,UCF,Houston,65,69,,,,0,,,,,,,,,,2,,0,Orlando,FL,1,30,,,,-5.0,"28,37","37,32",,,,,,,,
ncaab:400988596,ncaab,2018-02-03T17:00Z,final,2086,305,Butler,DePaul,80,57,,,,0,,,,,,,,,,2,,0,Indianapolis,IN,1,218,,,,-5.0,"40,40","30,27",,,,,,,,
ncaab:400989187,ncaab,2018-02-03T17:00Z,final,2305,197,Kansas,Oklahoma St,79,84,,,,0,,,,,,,,,,2,,0,Lawrence,KS,1,263,,,,-6.0,"33,46","46,38",,,,,,,,
ncaab:400990244,ncaab,2018-02-03T17:00Z,final,2006,2649,Akron,Toledo,56,77,,,,0,,,,,,,,,,2,,0,Akron,OH,1,291,,,,-5.0,"27,29","35,42",,,,,,,,
ncaab:400990245,ncaab,2018-02-03T17:00Z,final,2199,2050,E Michigan,Ball State,58,41,,,,0,,,,,,,,,,2,,0,Ypsilanti,MI,1,219,,,,-5.0,"27,31","26,15",,,,,,,,
ncaab:400988792,ncaab,2018-02-03T18:00Z,final,2643,231,The Citadel,Furman,100,92,,,,0,,,,,,,,,,2,,0,Charleston,SC,1,6,,,,-5.0,"44,44,12","52,36,4",,,,,,,,
ncaab:400990033,ncaab,2018-02-03T18:00Z,final,311,2066,Maine,Binghamton,81,79,,,,0,,,,,,,,,,2,,0,Bangor,ME,1,36,,,,-5.0,"30,39,12","28,41,10",,,,,,,,
ncaab:400986239,ncaab,2018-02-03T19:00Z,final,259,2390,Virginia Tech,Miami,75,84,,,,0,,,,,,,,,,2,,0,Blacksburg,VA,1,633,,,,-5.0,"32,43","44,40",,,,,,,,
ncaab:400986240,ncaab,2018-02-03T19:00Z,final,154,228,Wake Forest,Clemson,67,75,,,,0,,,,,,,,,,2,,0,Winston-Salem,NC,1,293,,,,-5.0,"30,37","35,40",,,,,,,,
ncaab:400987353,ncaab,2018-02-03T19:00Z,final,245,2579,Texas A&M,South Carolina,83,60,,,,0,,,,,,,,,,2,,0,College Station,TX,1,103,,,,-6.0,"49,34","27,33",,,,,,,,
ncaab:400987354,ncaab,2018-02-03T19:00Z,final,142,96,Missouri,Kentucky,69,60,,,,0,,,,,,,,,,2,,0,Columbia,MO,1,215,,,,-6.0,"28,41","18,42",,,,,,,,
ncaab:400988097,ncaab,2018-02-03T19:00Z,final,151,235,East Carolina,Memphis,88,85,,,,0,,,,,,,,,,2,,0,Greenville,NC,1,18,,,,-5.0,"41,36,11","36,41,8",,,,,,,,
ncaab:400989252,ncaab,2018-02-03T19:00Z,final,2628,2641,TCU,Texas Tech,71,83,,,,0,,,,,,,,,,2,,0,Fort Worth,TX,1,199,,,,-6.0,"24,47","48,35",,,,,,,,
ncaab:400989404,ncaab,2018-02-03T19:00Z,final,2870,2172,Purdue FW,Denver,91,63,,,,0,,,,,,,,,,2,,0,Fort Wayne,IN,1,247,,,,-5.0,"42,49","29,34",,,,,,,,
ncaab:400989725,ncaab,2018-02-03T19:00Z,final,2350,2623,Loyola Chicago,Missouri St,97,75,,,,0,,,,,,,,,,2,,0,Chicago,IL,1,179,,,,-6.0,"52,45","43,32",,,,,,,,
ncaab:400989827,ncaab,2018-02-03T19:00Z,final,113,2168,UMass,Dayton,86,82,,,,0,,,,,,,,,,2,,0,Amherst,MA,1,82,,,,-5.0,"35,34,8,9","28,41,8,5",,,,,,,,
ncaab:400990837,ncaab,2018-02-03T19:00Z,final,2523,161,Robert Morris,FDU,67,73,,,,0,,,,,,,,,,2,,0,Pittsburgh,PA,1,233,,,,-5.0,"26,41","37,36",,,,,,,,
ncaab:400991014,ncaab,2018-02-03T19:00Z,final,2565,55,SIUE,Jax State,75,67,,,,0,,,,,,,,,,2,,0,Edwardsville,IL,1,165,,,,-6.0,"38,37","30,37",,,,,,,,
ncaab:400991756,ncaab,2018-02-03T19:00Z,final,2751,278,Wyoming,Fresno St,62,80,,,,0,,,,,,,,,,2,,0,Laramie,WY,1,2184,,,,-7.0,"30,32","46,34",,,,,,,,
ncaab:400992052,ncaab,2018-02-03T19:00Z,final,2329,104,Lehigh,Boston U,80,75,,,,0,,,,,,,,,,2,,0,Bethlehem,PA,1,109,,,,-5.0,"40,40","31,44",,,,,,,,
ncaab:400992354,ncaab,2018-02-03T19:00Z,final,2344,2335,Longwood,Liberty,55,67,,,,0,,,,,,,,,,2,,0,Farmville,VA,1,90,,,,-5.0,"26,29","32,35",,,,,,,,
ncaab:400992386,ncaab,2018-02-03T19:00Z,final,2737,2515,Winthrop,Radford,75,57,,,,0,,,,,,,,,,2,,0,Rock Hill,SC,1,207,,,,-5.0,"36,39","25,32",,,,,,,,
ncaab:400986544,ncaab,2018-02-03T19:30Z,final,130,135,Michigan,Minnesota,76,73,,,,0,,,,,,,,,,2,,0,Ann Arbor,MI,1,269,,,,-5.0,"32,31,13","34,29,10",,,,,,,,
ncaab:400988597,ncaab,2018-02-03T19:30Z,final,269,2507,Marquette,Providence,75,77,,,,0,,,,,,,,,,2,,0,Milwaukee,WI,1,188,,,,-6.0,"38,37","37,40",,,,,,,,
ncaab:400991329,ncaab,2018-02-03T19:30Z,final,253,304,Southern Utah,Idaho St,84,80,,,,0,,,,,,,,,,2,,0,Cedar City,UT,1,1782,,,,-7.0,"40,44","41,39",,,,,,,,
ncaab:400989405,ncaab,2018-02-03T20:00Z,final,2449,233,N Dakota St,South Dakota,72,76,,,,0,,,,,,,,,,2,,0,Fargo,ND,1,276,,,,-6.0,"24,48","44,32",,,,,,,,
ncaab:400989406,ncaab,2018-02-03T20:00Z,final,2710,198,W Illinois,Oral Roberts,82,56,,,,0,,,,,,,,,,2,,0,Macomb,IL,1,215,,,,-6.0,"38,44","19,37",,,,,,,,
ncaab:400990479,ncaab,2018-02-03T20:00Z,final,2433,309,UL Monroe,Louisiana,59,80,,,,0,,,,,,,,,,2,,0,Monroe,LA,1,23,,,,-6.0,"33,26","38,42",,,,,,,,
ncaab:400991971,ncaab,2018-02-03T20:00Z,final,349,44,Army,American,82,70,,,,0,,,,,,,,,,2,,0,West Point,NY,1,47,,,,-5.0,"40,42","32,38",,,,,,,,
ncaab:400992096,ncaab,2018-02-03T20:00Z,final,325,94,Cleveland St,N Kentucky,61,78,,,,0,,,,,,,,,,2,,0,Cleveland,OH,1,199,,,,-5.0,"26,35","40,38",,,,,,,,
ncaab:400992303,ncaab,2018-02-03T20:00Z,final,2241,2127,Gardner-Webb,Charleston So,63,61,,,,0,,,,,,,,,,2,,0,Boiling Springs,NC,1,269,,,,-5.0,"39,24","29,32",,,,,,,,
ncaab:400987357,ncaab,2018-02-03T20:30Z,final,99,8,LSU,Arkansas,94,86,,,,0,,,,,,,,,,2,,0,Baton Rouge,LA,1,14,,,,-6.0,"43,51","35,51",,,,,,,,
ncaab:400990247,ncaab,2018-02-03T20:30Z,final,189,2309,Bowling Green,Kent State,70,62,,,,0,,,,,,,,,,2,,0,Bowling Green,OH,1,212,,,,-5.0,"24,46","31,31",,,,,,,,
ncaab:400990248,ncaab,2018-02-03T20:30Z,final,195,2117,Ohio,C Michigan,98,101,,,,0,,,,,,,,,,2,,0,Athens,OH,1,219,,,,-5.0,"36,41,12,9","31,46,12,12",,,,,,,,
ncaab:400990836,ncaab,2018-02-03T20:30Z,final,2529,2115,Sacred Heart,C Connecticut,67,54,,,,0,,,,,,,,,,2,,0,Fairfield,CT,1,4,,,,-8.0,"27,40","30,24",,,,,,,,
ncaab:400986241,ncaab,2018-02-03T21:00Z,final,183,258,Syracuse,Virginia,44,59,,,,0,,,,,,,,,,2,,0,Syracuse,NY,1,121,,,,-5.0,"21,23","31,28",,,,,,,,
ncaab:400986546,ncaab,2018-02-03T21:00Z,final,164,2509,Rutgers,Purdue,76,78,,,,0,,,,,,,,,,2,,0,Piscataway,NJ,1,30,,,,-5.0,"27,49","38,40",,,,,,,,
ncaab:400986608,ncaab,2018-02-03T21:00Z,final,97,52,Louisville,Florida St,76,80,,,,0,,,,,,,,,,2,,0,Louisville,KY,1,142,,,,-5.0,"38,38","39,41",,,,,,,,
ncaab:400986921,ncaab,2018-02-03T21:00Z,final,2501,2351,Portland,LMU,68,66,,,,0,,,,,,,,,,2,,0,Portland,OR,1,12,,,,-8.0,"37,31","27,39",,,,,,,,
ncaab:400987359,ncaab,2018-02-03T21:00Z,final,57,333,Florida,Alabama,50,68,,,,0,,,,,,,,,,2,,0,Gainesville,FL,1,54,,,,-5.0,"33,17","27,41",,,,,,,,
ncaab:400988793,ncaab,2018-02-03T21:00Z,final,2193,236,ETSU,Chattanooga,81,61,,,,0,,,,,,,,,,2,,0,Johnson City,TN,1,498,,,,-5.0,"35,46","24,37",,,,,,,,
ncaab:400989206,ncaab,2018-02-03T21:00Z,final,277,2306,West Virginia,Kansas St,89,51,,,,0,,,,,,,,,,2,,0,Morgantown,WV,1,271,,,,-5.0,"39,50","30,21",,,,,,,,
ncaab:400989724,ncaab,2018-02-03T21:00Z,final,2287,339,Illinois St,Evansville,75,71,,,,0,,,,,,,,,,2,,0,Normal,IL,1,244,,,,-6.0,"34,41","33,38",,,,,,,,
ncaab:400989727,ncaab,2018-02-03T21:00Z,final,2460,282,Northern Iowa,Indiana St,66,77,,,,0,,,,,,,,,,2,,0,Cedar Falls,IA,1,268,,,,-6.0,"33,33","33,44",,,,,,,,
ncaab:400989791,ncaab,2018-02-03T21:00Z,final,45,2166,G Washington,Davidson,58,87,,,,0,,,,,,,,,,2,,0,Washington,DC,1,7,,,,-5.0,"29,29","41,46",,,,,,,,
ncaab:400989970,ncaab,2018-02-03T21:00Z,final,2325,2603,La Salle,Saint Joseph's,81,78,,,,0,,,,,,,,,,2,,0,Philadelphia,PA,1,12,,,,-5.0,"38,43","43,35",,,,,,,,
ncaab:400990835,ncaab,2018-02-03T21:00Z,final,2803,112358,Bryant,Long Island,71,84,,,,0,,,,,,,,,,2,,0,Smithfield,RI,1,84,,,,-5.0,"30,41","42,42",,,,,,,,
ncaab:400990838,ncaab,2018-02-03T21:00Z,final,116,2598,Mount St Marys,Saint Francis,59,56,,,,0,,,,,,,,,,2,,0,Emmitsburg,MD,1,133,,,,-5.0,"32,27","30,26",,,,,,,,
ncaab:400990839,ncaab,2018-02-03T21:00Z,final,2681,2597,Wagner,St Francis BK,79,61,,,,0,,,,,,,,,,2,,0,Staten Island,NY,1,21,,,,-5.0,"33,46","22,39",,,,,,,,
ncaab:400991011,ncaab,2018-02-03T21:00Z,final,2413,2057,Morehead St,Belmont,73,83,,,,0,,,,,,,,,,2,,0,Morehead,KY,1,153,,,,-6.0,"30,43","43,40",,,,,,,,
ncaab:400991325,ncaab,2018-02-03T21:00Z,final,2458,147,N Colorado,Montana St,86,63,,,,0,,,,,,,,,,2,,0,Greeley,CO,1,1425,,,,-7.0,"38,48","34,29",,,,,,,,
ncaab:400991327,ncaab,2018-02-03T21:00Z,final,2502,331,Portland St,E Washington,94,81,,,,0,,,,,,,,,,2,,0,Portland,OR,1,12,,,,-8.0,"39,55","32,49",,,,,,,,
ncaab:400991427,ncaab,2018-02-03T21:00Z,final,2729,2182,William & Mary,Drexel,79,91,,,,0,,,,,,,,,,2,,0,Williamsburg,VA,1,25,,,,-5.0,"45,34","40,51",,,,,,,,
ncaab:400991475,ncaab,2018-02-03T21:00Z,final,256,119,James Madison,Towson,79,73,,,,0,,,,,,,,,,2,,0,Harrisonburg,VA,1,404,,,,-5.0,"29,50","35,38",,,,,,,,
ncaab:400991485,ncaab,2018-02-03T21:00Z,final,111,350,Northeastern,UNC Wilmington,107,100,,,,0,,,,,,,,,,2,,0,Boston,MA,1,14,,,,-5.0,"35,54,18","40,49,11",,,,,,,,
ncaab:400991588,ncaab,2018-02-03T21:00Z,final,2378,261,UMBC,Vermont,53,81,,,,0,,,,,,,,,,2,,0,Baltimore,MD,1,10,,,,-5.0,"32,21","39,42",,,,,,,,
ncaab:400992039,ncaab,2018-02-03T21:00Z,final,2352,107,Loyola MD,Holy Cross,57,73,,,,0,,,,,,,,,,2,,0,Baltimore,MD,1,10,,,,-5.0,"26,31","39,34",,,,,,,,
ncaab:400992647,ncaab,2018-02-03T21:00Z,final,2636,98,UTSA,Western KY,74,63,,,,0,,,,,,,,,,2,,0,San Antonio,TX,1,198,,,,-6.0,"37,37","25,38",,,,,,,,
ncaab:400992711,ncaab,2018-02-03T21:00Z,final,2065,2154,Bethune,Coppin St,80,60,,,,0,,,,,,,,,,2,,0,Daytona Beach,FL,1,4,,,,-5.0,"42,38","31,29",,,,,,,,
ncaab:400992744,ncaab,2018-02-03T21:00Z,final,2428,2169,NC Central,Delaware St,72,61,,,,0,,,,,,,,,,2,,0,Durham,NC,1,123,,,,-5.0,"40,32","37,24",,,,,,,,
ncaab:400992940,ncaab,2018-02-03T21:00Z,final,2448,2261,NC A&T,Hampton,92,84,,,,0,,,,,,,,,,2,,0,Greensboro,NC,1,266,,,,-5.0,"49,43","40,44",,,,,,,,
ncaab:400991012,ncaab,2018-02-03T21:15Z,final,2197,2635,E Illinois,Tennessee Tech,79,71,,,,0,,,,,,,,,,2,,0,Charleston,IL,1,204,,,,-6.0,"29,50","32,39",,,,,,,,
ncaab:400988794,ncaab,2018-02-03T21:30Z,final,2382,2747,Mercer,Wofford,73,65,,,,0,,,,,,,,,,2,,0,Macon,GA,1,112,,,,-5.0,"24,49","26,39",,,,,,,,
ncaab:400989058,ncaab,2018-02-03T21:30Z,final,2466,2377,N'Western St,McNeese,62,75,,,,0,,,,,,,,,,2,,0,Natchitoches,LA,1,36,,,,-6.0,"25,37","35,40",,,,,,,,
ncaab:400989059,ncaab,2018-02-03T21:30Z,final,2916,357,Incarnate Word,Texas A&M-CC,51,56,,,,0,,,,,,,,,,2,,0,San Antonio,TX,1,198,,,,-6.0,"32,19","24,32",,,,,,,,
ncaab:400989893,ncaab,2018-02-03T21:30Z,final,257,2244,Richmond,George Mason,75,79,,,,0,,,,,,,,,,2,,0,Richmond,VA,1,64,,,,-5.0,"31,44","35,44",,,,,,,,
ncaab:400990345,ncaab,2018-02-03T21:30Z,final,2459,193,N Illinois,Miami OH,65,81,,,,0,,,,,,,,,,2,,0,Dekalb,IL,1,268,,,,-6.0,"28,37","38,43",,,,,,,,
ncaab:400991906,ncaab,2018-02-03T21:30Z,final,338,2908,Kennesaw St,SC Upstate,93,69,,,,0,,,,,,,,,,2,,0,Kennesaw,GA,1,332,,,,-5.0,"36,57","37,32",,,,,,,,
ncaab:400992377,ncaab,2018-02-03T21:30Z,final,2427,2506,UNC Asheville,Presbyterian,75,61,,,,0,,,,,,,,,,2,,0,Asheville,NC,1,649,,,,-5.0,"37,38","31,30",,,,,,,,
ncaab:400988348,ncaab,2018-02-03T22:00Z,final,24,2483,Stanford,Oregon,96,61,,,,0,,,,,,,,,,2,,0,Stanford,CA,1,23,,,,-8.0,"50,46","34,27",,,,,,,,
ncaab:400991324,ncaab,2018-02-03T22:00Z,final,155,149,North Dakota,Montana,67,72,,,,0,,,,,,,,,,2,,0,Grand Forks,ND,1,253,,,,-6.0,"31,36","39,33",,,,,,,,
ncaab:400991919,ncaab,2018-02-03T22:00Z,final,288,2885,Lipscomb,NJIT,77,81,,,,0,,,,,,,,,,2,,0,Nashville,TN,1,170,,,,-6.0,"37,40","37,44",,,,,,,,
ncaab:400992759,ncaab,2018-02-03T22:00Z,final,47,50,Howard,Florida A&M,83,80,,,,0,,,,,,,,,,2,,0,Washington,DC,1,7,,,,-5.0,"33,41,9","36,38,6",,,,,,,,
ncaab:400992854,ncaab,2018-02-03T22:00Z,final,2400,2011,Miss Valley St,Alabama St,85,89,,,,0,,,,,,,,,,2,,0,Itta Bena,MS,1,40,,,,-6.0,"42,38,5","41,39,9",,,,,,,,
ncaab:400989060,ncaab,2018-02-03T22:15Z,final,2443,2447,LSU N Orleans,Nicholls,64,81,,,,0,,,,,,,,,,2,,0,New Orleans,LA,1,0,,,,-6.0,"23,41","35,46",,,,,,,,
ncaab:400990480,ncaab,2018-02-03T22:15Z,final,250,324,UT Arlington,Coastal,87,80,,,,0,,,,,,,,,,2,,0,Arlington,TX,1,184,,,,-6.0,"38,49","39,41",,,,,,,,
ncaab:400990484,ncaab,2018-02-03T22:15Z,final,2653,6,Troy,South Alabama,80,63,,,,0,,,,,,,,,,2,,0,Troy,AL,1,165,,,,-6.0,"40,40","32,31",,,,,,,,
ncaab:400991010,ncaab,2018-02-03T22:15Z,final,2546,2046,SE Missouri,Austin Peay,81,96,,,,0,,,,,,,,,,2,,0,Cape Girardeau,MO,1,108,,,,-6.0,"49,32","51,45",,,,,,,,
ncaab:400989061,ncaab,2018-02-03T22:30Z,final,2320,2617,Lamar,SF Austin,76,54,,,,0,,,,,,,,,,2,,0,Beaumont,TX,1,5,,,,-6.0,"39,37","26,28",,,,,,,,
ncaab:400990481,ncaab,2018-02-03T22:30Z,final,326,2026,Texas St,App State,56,59,,,,0,,,,,,,,,,2,,0,San Marcos,TX,1,188,,,,-6.0,"28,28","27,32",,,,,,,,
ncaab:400986547,ncaab,2018-02-03T23:00Z,final,213,2294,Penn State,Iowa,82,58,,,,0,,,,,,,,,,2,,0,University Park,PA,1,348,,,,-5.0,"47,35","28,30",,,,,,,,
ncaab:400987355,ncaab,2018-02-03T23:00Z,final,344,61,Mississippi St,Georgia,72,57,,,,0,,,,,,,,,,2,,0,Starkville,MS,1,101,,,,-6.0,"37,35","21,36",,,,,,,,
ncaab:400987356,ncaab,2018-02-03T23:00Z,final,2633,145,Tennessee,Ole Miss,94,61,,,,0,,,,,,,,,,2,,0,Knoxville,TN,1,276,,,,-5.0,"35,59","25,36",,,,,,,,
ncaab:400988347,ncaab,2018-02-03T23:00Z,final,26,30,UCLA,USC,82,79,,,,0,,,,,,,,,,2,,0,Los Angeles,CA,1,89,,,,-8.0,"40,42","41,38",,,,,,,,
ncaab:400988598,ncaab,2018-02-03T23:00Z,final,2752,46,Xavier,Georgetown,96,91,,,,0,,,,,,,,,,2,,0,Cincinnati,OH,1,191,,,,-5.0,"46,40,10","44,42,5",,,,,,,,
ncaab:400989062,ncaab,2018-02-03T23:00Z,final,2545,2110,SE Louisiana,C Arkansas,89,84,,,,0,,,,,,,,,,2,,0,Hammond,LA,1,13,,,,-6.0,"35,54","43,41",,,,,,,,
ncaab:400990482,ncaab,2018-02-03T23:00Z,final,2031,2247,Little Rock,Georgia St,51,81,,,,0,,,,,,,,,,2,,0,Little Rock,AR,1,102,,,,-6.0,"24,27","38,43",,,,,,,,
ncaab:400990678,ncaab,2018-02-03T23:00Z,final,166,292,New Mexico St,UT Rio Grande,90,67,,,,0,,,,,,,,,,2,,0,Las Cruces,NM,1,1191,,,,-7.0,"42,48","30,37",,,,,,,,
ncaab:400991601,ncaab,2018-02-03T23:00Z,final,163,225,Princeton,Brown,100,102,,,,0,,,,,,,,,,2,,0,Princeton,NJ,1,62,,,,-5.0,"49,41,10","49,41,12",,,,,,,,
ncaab:400991788,ncaab,2018-02-03T23:00Z,final,23,167,San José St,New Mexico,68,71,,,,0,,,,,,,,,,2,,0,San Jose,CA,1,26,,,,-8.0,"39,29","36,35",,,,,,,,
ncaab:400991868,ncaab,2018-02-03T23:00Z,final,294,526,Jacksonville,FGCU,55,80,,,,0,,,,,,,,,,2,,0,Jacksonville,FL,1,5,,,,-5.0,"25,30","33,47",,,,,,,,
ncaab:400992644,ncaab,2018-02-03T23:00Z,final,249,242,North Texas,Rice,74,70,,,,0,,,,,,,,,,2,,0,Denton,TX,1,201,,,,-6.0,"26,48","25,45",,,,,,,,
ncaab:400992910,ncaab,2018-02-03T23:00Z,final,2504,2640,Prairie View,Texas Southern,96,82,,,,0,,,,,,,,,,2,,0,Prairie View,TX,1,82,,,,-6.0,"53,43","34,48",,,,,,,,
ncaab:400992931,ncaab,2018-02-03T23:00Z,final,2542,2569,Savannah St,SC State,111,99,,,,0,,,,,,,,,,2,,0,Savannah,GA,1,6,,,,-5.0,"49,62","42,57",,,,,,,,
ncaab:400989223,ncaab,2018-02-03T23:15Z,final,251,201,Texas,Oklahoma,79,74,,,,0,,,,,,,,,,2,,0,Austin,TX,1,149,,,,-6.0,"35,44","40,34",,,,,,,,
ncaab:400989852,ncaab,2018-02-03T23:30Z,final,2184,179,Duquesne,St Bonaventure,81,84,,,,0,,,,,,,,,,2,,0,Pittsburgh,PA,1,233,,,,-5.0,"37,44","36,48",,,,,,,,
ncaab:400992787,ncaab,2018-02-03T23:30Z,final,2450,2415,Norfolk St,Morgan St,76,65,,,,0,,,,,,,,,,2,,0,Norfolk,VA,1,2,,,,-5.0,"39,37","29,36",,,,,,,,
ncaab:400992873,ncaab,2018-02-03T23:30Z,final,2296,2016,Jackson St,Alcorn St,60,57,,,,0,,,,,,,,,,2,,0,Jackson,MS,1,85,,,,-6.0,"31,29","25,32",,,,,,,,
ncaab:400992887,ncaab,2018-02-03T23:30Z,final,2755,2582,Grambling,Southern,69,68,,,,0,,,,,,,,,,2,,0,Grambling,LA,1,93,,,,-6.0,"22,47","27,41",,,,,,,,
ncaab:400990007,ncaab,2018-02-04T00:00Z,final,399,160,UAlbany,New Hampshire,83,74,,,,0,,,,,,,,,,2,,0,Albany,NY,1,45,,,,-5.0,"35,48","30,44",,,,,,,,
ncaab:400990584,ncaab,2018-02-04T00:00Z,final,2275,232,Hofstra,Charleston,85,86,,,,0,,,,,,,,,,2,,0,Hempstead,NY,1,17,,,,-5.0,"46,39","43,43",,,,,,,,
ncaab:400991013,ncaab,2018-02-04T00:00Z,final,2198,2634,E Kentucky,Tennessee St,60,73,,,,0,,,,,,,,,,2,,0,Richmond,KY,1,289,,,,-5.0,"28,32","32,41",,,,,,,,
ncaab:400991015,ncaab,2018-02-04T00:00Z,final,2630,93,UT Martin,Murray St,53,66,,,,0,,,,,,,,,,2,,0,Martin,TN,1,124,,,,-6.0,"33,20","35,31",,,,,,,,
ncaab:400991407,ncaab,2018-02-04T00:00Z,final,2210,48,Elon,Delaware,89,76,,,,0,,,,,,,,,,2,,0,Elon,NC,1,215,,,,-5.0,"42,47","30,46",,,,,,,,
ncaab:400991524,ncaab,2018-02-04T00:00Z,final,2619,42,Stony Brook,Hartford,64,73,,,,0,,,,,,,,,,2,,0,Stony Brook,NY,1,27,,,,-5.0,"27,37","30,43",,,,,,,,
ncaab:400991620,ncaab,2018-02-04T00:00Z,final,171,159,Columbia,Dartmouth,77,74,,,,0,,,,,,,,,,2,,0,New York,NY,1,10,,,,-5.0,"39,38","27,47",,,,,,,,
ncaab:400991634,ncaab,2018-02-04T00:00Z,final,172,108,Cornell,Harvard,73,76,,,,0,,,,,,,,,,2,,0,Ithaca,NY,1,125,,,,-5.0,"38,35","40,36",,,,,,,,
ncaab:400991667,ncaab,2018-02-04T00:00Z,final,219,43,Penn,Yale,59,50,,,,0,,,,,,,,,,2,,0,Philadelphia,PA,1,12,,,,-5.0,"31,28","25,25",,,,,,,,
ncaab:400991939,ncaab,2018-02-04T00:00Z,final,2454,56,North Florida,Stetson,97,91,,,,0,,,,,,,,,,2,,0,Jacksonville,FL,1,5,,,,-5.0,"49,48","41,50",,,,,,,,
ncaab:400992016,ncaab,2018-02-04T00:00Z,final,2083,322,Bucknell,Lafayette,74,59,,,,0,,,,,,,,,,2,,0,Lewisburg,PA,1,144,,,,-5.0,"39,35","34,25",,,,,,,,
ncaab:400992191,ncaab,2018-02-04T00:00Z,final,2754,2750,Youngstown St,Wright St,57,83,,,,0,,,,,,,,,,2,,0,Youngstown,OH,1,259,,,,-5.0,"25,32","40,43",,,,,,,,
ncaab:400992282,ncaab,2018-02-04T00:00Z,final,2272,2097,High Point,Campbell,67,56,,,,0,,,,,,,,,,2,,0,High Point,NC,1,281,,,,-5.0,"24,43","22,34",,,,,,,,
ncaab:400992502,ncaab,2018-02-04T00:00Z,final,299,302,Long Beach St,UC Davis,104,105,,,,0,,,,,,,,,,2,,0,Long Beach,CA,1,9,,,,-8.0,"34,48,11,11","35,47,11,12",,,,,,,,
ncaab:400992642,ncaab,2018-02-04T00:00Z,final,2226,2572,FAU,Southern Miss,66,77,,,,0,,,,,,,,,,2,,0,Boca Raton,FL,1,4,,,,-5.0,"21,45","38,39",,,,,,,,
ncaab:400992645,ncaab,2018-02-04T00:00Z,final,295,5,Old Dominion,UAB,65,60,,,,0,,,,,,,,,,2,,0,Norfolk,VA,1,2,,,,-5.0,"30,35","29,31",,,,,,,,
ncaab:400992646,ncaab,2018-02-04T00:00Z,final,2229,2348,FIU,Louisiana Tech,71,68,,,,0,,,,,,,,,,2,,0,Miami,FL,1,2,,,,-5.0,"33,38","32,36",,,,,,,,
ncaab:400992648,ncaab,2018-02-04T00:00Z,final,2429,2393,Charlotte,MTSU,73,78,,,,0,,,,,,,,,,2,,0,Charlotte,NC,1,229,,,,-5.0,"33,40","42,36",,,,,,,,
ncaab:400989063,ncaab,2018-02-04T00:15Z,final,2534,2000,Sam Houston,Abilene Chrstn,84,77,,,,0,,,,,,,,,,2,,0,Huntsville,TX,1,113,,,,-6.0,"43,41","32,45",,,,,,,,
ncaab:400988791,ncaab,2018-02-04T00:30Z,final,2717,2535,W Carolina,Samford,88,71,,,,0,,,,,,,,,,2,,0,Cullowhee,NC,1,645,,,,-5.0,"38,50","27,44",,,,,,,,
ncaab:400986242,ncaab,2018-02-04T01:00Z,final,153,221,North Carolina,Pitt,96,65,,,,0,,,,,,,,,,2,,0,Chapel Hill,NC,1,148,,,,-5.0,"45,51","35,30",,,,,,,,
ncaab:400988349,ncaab,2018-02-04T01:00Z,final,25,204,California,Oregon St,74,70,,,,0,,,,,,,,,,2,,0,Berkeley,CA,1,52,,,,-8.0,"36,38","28,42",,,,,,,,
ncaab:400989142,ncaab,2018-02-04T01:00Z,final,239,66,Baylor,Iowa State,81,67,,,,0,,,,,,,,,,2,,0,Waco,TX,1,143,,,,-6.0,"30,51","32,35",,,,,,,,
ncaab:400989726,ncaab,2018-02-04T01:00Z,final,79,2674,S Illinois,Valparaiso,65,59,,,,0,,,,,,,,,,2,,0,Carbondale,IL,1,126,,,,-6.0,"25,40","31,28",,,,,,,,
ncaab:400989728,ncaab,2018-02-04T01:00Z,final,71,2181,Bradley,Drake,68,78,,,,0,,,,,,,,,,2,,0,Peoria,IL,1,153,,,,-6.0,"33,35","36,42",,,,,,,,
ncaab:400989872,ncaab,2018-02-04T01:00Z,final,139,2230,Saint Louis,Fordham,73,50,,,,0,,,,,,,,,,2,,0,St. Louis,MO,1,142,,,,-6.0,"37,36","18,32",,,,,,,,
ncaab:400990483,ncaab,2018-02-04T01:00Z,final,2032,290,Arkansas St,GA Southern,91,89,,,,0,,,,,,,,,,2,,0,Jonesboro,AR,1,99,,,,-6.0,"36,55","37,52",,,,,,,,
ncaab:400991718,ncaab,2018-02-04T01:00Z,final,68,2439,Boise St,UNLV,93,91,,,,0,,,,,,,,,,2,,0,Boise,ID,1,823,,,,-7.0,"40,42,11","41,41,9",,,,,,,,
ncaab:400991738,ncaab,2018-02-04T01:00Z,final,36,2440,Colorado St,Nevada,67,76,,,,0,,,,,,,,,,2,,0,Fort Collins,CO,1,1525,,,,-7.0,"35,32","37,39",,,,,,,,
ncaab:400992835,ncaab,2018-02-04T01:00Z,final,2029,2010,AR-Pine Bluff,Alabama A&M,80,62,,,,0,,,,,,,,,,2,,0,Pine Bluff,AR,1,67,,,,-6.0,"37,43","28,34",,,,,,,,
ncaab:400986545,ncaab,2018-02-04T01:15Z,final,84,127,Indiana,Michigan St,60,63,,,,0,,,,,,,,,,2,,0,Bloomington,IN,1,235,,,,-5.0,"24,36","32,31",,,,,,,,
ncaab:400987358,ncaab,2018-02-04T01:30Z,final,2,238,Auburn,Vanderbilt,93,81,,,,0,,,,,,,,,,2,,0,Auburn,AL,1,215,,,,-6.0,"45,48","35,46",,,,,,,,
ncaab:400987005,ncaab,2018-02-04T02:00Z,final,301,2608,San Diego,Saint Mary's,62,65,,,,0,,,,,,,,,,2,,0,San Diego,CA,1,20,,,,-8.0,"24,38","36,29",,,,,,,,
ncaab:400990679,ncaab,2018-02-04T02:00Z,final,2253,2130,Grand Canyon,Chicago St,89,55,,,,0,,,,,,,,,,2,,0,Phoenix,AZ,1,331,,,,-7.0,"36,53","27,28",,,,,,,,
ncaab:400991328,ncaab,2018-02-04T02:00Z,final,2464,2692,N Arizona,Weber St,55,87,,,,0,,,,,,,,,,2,,0,Flagstaff,AZ,1,2104,,,,-7.0,"27,28","39,48",,,,,,,,
ncaab:400992643,ncaab,2018-02-04T02:00Z,final,2638,276,UTEP,Marshall,65,74,,,,0,,,,,,,,,,2,,0,El Paso,TX,1,1133,,,,-7.0,"24,41","34,40",,,,,,,,
ncaab:400986870,ncaab,2018-02-04T03:00Z,final,2250,252,Gonzaga,BYU,68,60,,,,0,,,,,,,,,,2,,0,Spokane,WA,1,571,,,,-8.0,"36,32","26,34",,,,,,,,
ncaab:400986947,ncaab,2018-02-04T03:00Z,final,2492,279,Pepperdine,Pacific,72,81,,,,0,,,,,,,,,,2,,0,Malibu,CA,1,32,,,,-8.0,"30,42","33,48",,,,,,,,
ncaab:400990680,ncaab,2018-02-04T03:00Z,final,2934,140,Bakersfield,Kansas City,81,58,,,,0,,,,,,,,,,2,,0,Bakersfield,CA,1,123,,,,-8.0,"44,37","20,38",,,,,,,,
ncaab:400990681,ncaab,2018-02-04T03:00Z,final,2547,3084,Seattle U,Utah Valley,55,54,,,,0,,,,,,,,,,2,,0,Seattle,WA,1,56,,,,-8.0,"36,19","24,30",,,,,,,,
ncaab:400991697,ncaab,2018-02-04T03:00Z,final,21,2005,San Diego St,Air Force,81,50,,,,0,,,,,,,,,,2,,0,San Diego,CA,1,20,,,,-8.0,"35,46","21,29",,,,,,,,
ncaab:400992437,ncaab,2018-02-04T03:00Z,final,13,62,Cal Poly,Hawai'i,78,64,,,,0,,,,,,,,,,2,,0,San Luis Obispo,CA,1,71,,,,-8.0,"28,50","35,29",,,,,,,,
ncaab:400992455,ncaab,2018-02-04T03:00Z,final,2239,300,Fullerton,UC Irvine,58,63,,,,0,,,,,,,,,,2,,0,Fullerton,CA,1,50,,,,-8.0,"23,35","27,36",,,,,,,,
ncaab:400992475,ncaab,2018-02-04T03:00Z,final,2540,2463,Santa Barbara,CSU Northridge,75,51,,,,0,,,,,,,,,,2,,0,Santa Barbara,CA,1,15,,,,-8.0,"32,43","25,26",,,,,,,,
ncaab:400991326,ncaab,2018-02-04T03:05Z,final,16,70,Sacramento St,Idaho,58,81,,,,0,,,,,,,,,,2,,0,Sacramento,CA,1,9,,,,-8.0,"20,38","40,41",,,,,,,,
ncaab:400988350,ncaab,2018-02-04T03:30Z,final,264,12,Washington,Arizona,78,75,,,,0,,,,,,,,,,2,,0,Seattle,WA,1,56,,,,-8.0,"35,43","28,47",,,,,,,,
ncaab:400987062,ncaab,2018-02-04T04:00Z,final,2541,2539,Santa Clara,San Francisco,59,70,,,,0,,,,,,,,,,2,,0,Santa Clara,CA,1,23,,,,-8.0,"23,36","35,35",,,,,,,,
ncaab:400986243,ncaab,2018-02-04T17:00Z,final,103,59,Boston College,Georgia Tech,80,72,,,,0,,,,,,,,,,2,,0,Chestnut Hill,MA,1,60,,,,-5.0,"28,41,11","36,33,3",,,,,,,,
ncaab:400986549,ncaab,2018-02-04T17:00Z,final,194,356,Ohio State,Illinois,75,67,,,,0,,,,,,,,,,2,,0,Columbus,OH,1,235,,,,-5.0,"34,41","30,37",,,,,,,,
ncaab:400988599,ncaab,2018-02-04T17:00Z,final,222,2550,Villanova,Seton Hall,92,76,,,,0,,,,,,,,,,2,,0,Philadelphia,PA,1,12,,,,-5.0,"41,51","37,39",,,,,,,,
ncaab:400991174,ncaab,2018-02-04T17:00Z,final,2368,314,Marist,Iona,64,98,,,,0,,,,,,,,,,2,,0,Poughkeepsie,NY,1,62,,,,-5.0,"30,34","55,43",,,,,,,,
ncaab:400992029,ncaab,2018-02-04T17:00Z,final,2426,2142,Navy,Colgate,64,69,,,,0,,,,,,,,,,2,,0,Annapolis,MD,1,12,,,,-5.0,"33,31","34,35",,,,,,,,
ncaab:400992147,ncaab,2018-02-04T17:00Z,final,2473,85,Oakland,IU Indy,82,74,,,,0,,,,,,,,,,2,,0,Rochester,MI,1,229,,,,-5.0,"49,33","36,38",,,,,,,,
ncaab:400986548,ncaab,2018-02-04T18:00Z,final,120,275,Maryland,Wisconsin,68,63,,,,0,,,,,,,,,,2,,0,College Park,MD,1,21,,,,-5.0,"33,35","23,40",,,,,,,,
ncaab:400988099,ncaab,2018-02-04T18:00Z,final,58,202,South Florida,Tulsa,54,63,,,,0,,,,,,,,,,2,,0,Tampa,FL,1,1,,,,-5.0,"23,31","28,35",,,,,,,,
ncaab:400991175,ncaab,2018-02-04T19:00Z,final,2405,315,Monmouth,Niagara,91,96,,,,0,,,,,,,,,,2,,0,West Long Branch,NJ,1,9,,,,-5.0,"44,47","42,54",,,,,,,,
ncaab:400991176,ncaab,2018-02-04T19:00Z,final,2612,2099,Saint Peter's,Canisius,58,73,,,,0,,,,,,,,,,2,,0,Jersey City,NJ,1,9,,,,-5.0,"30,28","42,31",,,,,,,,
ncaab:400992115,ncaab,2018-02-04T19:00Z,final,2174,82,Detroit Mercy,UIC,69,78,,,,0,,,,,,,,,,2,,0,Detroit,MI,1,183,,,,-5.0,"37,32","43,35",,,,,,,,
ncaab:400991177,ncaab,2018-02-04T19:30Z,final,2514,2520,Quinnipiac,Rider,59,74,,,,0,,,,,,,,,,2,,0,Hamden,CT,1,31,,,,-5.0,"29,30","40,34",,,,,,,,
ncaab:400988098,ncaab,2018-02-04T20:00Z,final,2655,218,Tulane,Temple,76,83,,,,0,,,,,,,,,,2,,0,New Orleans,LA,1,0,,,,-6.0,"42,34","42,41",,,,,,,,
ncaab:400988351,ncaab,2018-02-04T21:00Z,final,265,9,Washington St,Arizona St,78,88,,,,0,,,,,,,,,,2,,0,Pullman,WA,1,717,,,,-8.0,"38,40","40,48",,,,,,,,
ncaab:400986244,ncaab,2018-02-06T00:00Z,final,97,183,Louisville,Syracuse,73,78,,,,0,,,,,,,,,,2,,0,Louisville,KY,1,142,,,,-5.0,"33,40","39,39",,,,,,,,
ncaab:400986550,ncaab,2018-02-06T00:00Z,final,164,84,Rutgers,Indiana,43,65,,,,0,,,,,,,,,,2,,0,Piscataway,NJ,1,30,,,,-5.0,"16,27","26,39",,,,,,,,
ncaab:400991178,ncaab,2018-02-06T00:00Z,final,2217,2561,Fairfield,Siena,78,65,,,,0,,,,,,,,,,2,,0,Bridgeport,CT,1,1,,,,-5.0,"33,45","30,35",,,,,,,,
ncaab:400992017,ncaab,2018-02-06T00:00Z,final,2329,2083,Lehigh,Bucknell,92,89,,,,0,,,,,,,,,,2,,0,Bethlehem,PA,1,109,,,,-5.0,"38,38,16","40,36,13",,,,,,,,
ncaab:400992816,ncaab,2018-02-06T00:00Z,final,2428,2261,NC Central,Hampton,70,86,,,,0,,,,,,,,,,2,,0,Durham,NC,1,123,,,,-5.0,"33,37","46,40",,,,,,,,
ncaab:400992745,ncaab,2018-02-06T00:30Z,final,2448,2169,NC A&T,Delaware St,54,51,,,,0,,,,,,,,,,2,,0,Greensboro,NC,1,266,,,,-5.0,"28,26","30,21",,,,,,,,
ncaab:400992775,ncaab,2018-02-06T00:30Z,final,2415,47,Morgan St,Howard,97,61,,,,0,,,,,,,,,,2,,0,Baltimore,MD,1,10,,,,-5.0,"53,44","27,34",,,,,,,,
ncaab:400992712,ncaab,2018-02-06T00:45Z,final,2065,2450,Bethune,Norfolk St,79,83,,,,0,,,,,,,,,,2,,0,Daytona Beach,FL,1,4,,,,-5.0,"40,39","39,44",,,,,,,,
ncaab:400992760,ncaab,2018-02-06T00:50Z,final,2379,50,MD Eastern,Florida A&M,62,61,,,,0,,,,,,,,,,2,,0,Princess Anne,MD,1,5,,,,-5.0,"26,36","21,40",,,,,,,,
ncaab:400992730,ncaab,2018-02-06T01:00Z,final,2569,2154,SC State,Coppin St,60,84,,,,0,,,,,,,,,,2,,0,Orangeburg,SC,1,74,,,,-5.0,"31,29","46,38",,,,,,,,
ncaab:400992855,ncaab,2018-02-06T01:30Z,final,2029,2011,AR-Pine Bluff,Alabama St,59,65,,,,0,,,,,,,,,,2,,0,Pine Bluff,AR,1,67,,,,-6.0,"33,26","36,29",,,,,,,,
ncaab:400992836,ncaab,2018-02-06T01:45Z,final,2400,2010,Miss Valley St,Alabama A&M,77,67,,,,0,,,,,,,,,,2,,0,Itta Bena,MS,1,40,,,,-6.0,"37,40","37,30",,,,,,,,
ncaab:400992874,ncaab,2018-02-06T01:45Z,final,2755,2016,Grambling,Alcorn St,81,72,,,,0,,,,,,,,,,2,,0,Grambling,LA,1,93,,,,-6.0,"40,41","32,40",,,,,,,,
ncaab:400989224,ncaab,2018-02-06T02:00Z,final,201,277,Oklahoma,West Virginia,73,75,,,,0,,,,,,,,,,2,,0,Norman,OK,1,357,,,,-6.0,"40,33","50,25",,,,,,,,
ncaab:400992919,ncaab,2018-02-06T02:00Z,final,2296,2582,Jackson St,Southern,62,67,,,,0,,,,,,,,,,2,,0,Jackson,MS,1,85,,,,-6.0,"35,27","33,34",,,,,,,,
ncaab:400991668,ncaab,2018-02-06T23:00Z,final,163,219,Princeton,Penn,65,82,,,,0,,,,,,,,,,2,,0,Princeton,NJ,1,62,,,,-5.0,"35,30","40,42",,,,,,,,
ncaab:400988600,ncaab,2018-02-06T23:30Z,final,2086,2752,Butler,Xavier,93,98,,,,0,,,,,,,,,,2,,0,Indianapolis,IN,1,218,,,,-5.0,"30,54,9","40,44,14",,,,,,,,
ncaab:400986552,ncaab,2018-02-07T00:00Z,final,77,130,Northwestern,Michigan,61,52,,,,0,,,,,,,,,,2,,0,Rosemont,IL,1,194,,,,-6.0,"29,32","32,20",,,,,,,,
ncaab:400987360,ncaab,2018-02-07T00:00Z,final,96,2633,Kentucky,Tennessee,59,61,,,,0,,,,,,,,,,2,,0,Lexington,KY,1,295,,,,-5.0,"26,33","27,34",,,,,,,,
ncaab:400987361,ncaab,2018-02-07T00:00Z,final,8,2579,Arkansas,South Carolina,81,65,,,,0,,,,,,,,,,2,,0,Fayetteville,AR,1,427,,,,-6.0,"43,38","38,27",,,,,,,,
ncaab:400987363,ncaab,2018-02-07T00:00Z,final,344,333,Mississippi St,Alabama,67,63,,,,0,,,,,,,,,,2,,0,Starkville,MS,1,101,,,,-6.0,"30,37","28,35",,,,,,,,
ncaab:400988100,ncaab,2018-02-07T00:00Z,final,2132,2116,Cincinnati,UCF,77,40,,,,0,,,,,,,,,,2,,0,Highland Heights,KY,1,260,,,,-5.0,"33,44","13,27",,,,,,,,
ncaab:400989729,ncaab,2018-02-07T00:00Z,final,282,2623,Indiana St,Missouri St,62,81,,,,0,,,,,,,,,,2,,0,Terre Haute,IN,1,152,,,,-5.0,"25,37","36,45",,,,,,,,
ncaab:400989792,ncaab,2018-02-07T00:00Z,final,2166,2603,Davidson,Saint Joseph's,91,62,,,,0,,,,,,,,,,2,,0,Davidson,NC,1,256,,,,-5.0,"51,40","28,34",,,,,,,,
ncaab:400990249,ncaab,2018-02-07T00:00Z,final,195,2006,Ohio,Akron,99,75,,,,0,,,,,,,,,,2,,0,Athens,OH,1,219,,,,-5.0,"56,43","34,41",,,,,,,,
ncaab:400990250,ncaab,2018-02-07T00:00Z,final,2050,189,Ball State,Bowling Green,59,56,,,,0,,,,,,,,,,2,,0,Muncie,IN,1,284,,,,-5.0,"27,32","33,23",,,,,,,,
ncaab:400990251,ncaab,2018-02-07T00:00Z,final,2117,2084,C Michigan,Buffalo,82,88,,,,0,,,,,,,,,,2,,0,Mount Pleasant,MI,1,235,,,,-5.0,"29,53","37,51",,,,,,,,
ncaab:400990252,ncaab,2018-02-07T00:00Z,final,2649,2459,Toledo,N Illinois,82,77,,,,0,,,,,,,,,,2,,0,Toledo,OH,1,186,,,,-5.0,"40,42","28,49",,,,,,,,
ncaab:400990253,ncaab,2018-02-07T00:00Z,final,2309,2199,Kent State,E Michigan,67,71,,,,0,,,,,,,,,,2,,0,Kent,OH,1,325,,,,-5.0,"28,39","33,38",,,,,,,,
ncaab:400990254,ncaab,2018-02-07T00:00Z,final,2711,193,W Michigan,Miami OH,68,64,,,,0,,,,,,,,,,2,,0,Kalamazoo,MI,1,239,,,,-5.0,"36,32","38,26",,,,,,,,
ncaab:400986245,ncaab,2018-02-07T01:00Z,final,87,103,Notre Dame,Boston College,96,85,,,,0,,,,,,,,,,2,,0,South Bend,IN,1,211,,,,-5.0,"47,49","38,47",,,,,,,,
ncaab:400989143,ncaab,2018-02-07T01:00Z,final,197,239,Oklahoma St,Baylor,56,67,,,,0,,,,,,,,,,2,,0,Stillwater,OK,1,273,,,,-6.0,"30,26","39,28",,,,,,,,
ncaab:400988601,ncaab,2018-02-07T01:30Z,final,2507,46,Providence,Georgetown,73,69,,,,0,,,,,,,,,,2,,0,Providence,RI,1,2,,,,-5.0,"40,33","42,27",,,,,,,,
ncaab:400986551,ncaab,2018-02-07T02:00Z,final,2294,127,Iowa,Michigan St,93,96,,,,0,,,,,,,,,,2,,0,Iowa City,IA,1,204,,,,-6.0,"42,51","48,48",,,,,,,,
ncaab:400986553,ncaab,2018-02-07T02:00Z,final,135,158,Minnesota,Nebraska,85,91,,,,0,,,,,,,,,,2,,0,Minneapolis,MN,1,253,,,,-6.0,"37,48","44,47",,,,,,,,
ncaab:400987362,ncaab,2018-02-07T02:00Z,final,145,142,Ole Miss,Missouri,69,75,,,,0,,,,,,,,,,2,,0,Oxford,MS,1,154,,,,-6.0,"31,38","40,35",,,,,,,,
ncaab:400988101,ncaab,2018-02-07T02:00Z,final,235,2724,Memphis,Wichita St,65,85,,,,0,,,,,,,,,,2,,0,Memphis,TN,1,78,,,,-6.0,"29,36","40,45",,,,,,,,
ncaab:400989188,ncaab,2018-02-07T02:00Z,final,2305,2628,Kansas,TCU,71,64,,,,0,,,,,,,,,,2,,0,Lawrence,KS,1,263,,,,-6.0,"34,37","36,28",,,,,,,,
ncaab:400991698,ncaab,2018-02-07T03:00Z,final,2005,36,Air Force,Colorado St,78,73,,,,0,,,,,,,,,,2,,0,Colorado Springs,CO,1,1832,,,,-7.0,"37,41","27,46",,,,,,,,
ncaab:400991719,ncaab,2018-02-07T03:00Z,final,167,68,New Mexico,Boise St,71,73,,,,0,,,,,,,,,,2,,0,Albuquerque,NM,1,1511,,,,-7.0,"40,31","29,44",,,,,,,,
ncaab:400991757,ncaab,2018-02-07T04:00Z,final,278,21,Fresno St,San Diego St,79,61,,,,0,,,,,,,,,,2,,0,Fresno,CA,1,94,,,,-8.0,"37,42","26,35",,,,,,,,
ncaab:400986555,ncaab,2018-02-07T23:30Z,final,213,120,Penn State,Maryland,74,70,,,,0,,,,,,,,,,2,,0,University Park,PA,1,348,,,,-5.0,"41,33","35,35",,,,,,,,
ncaab:400987364,ncaab,2018-02-07T23:30Z,final,57,99,Florida,LSU,73,64,,,,0,,,,,,,,,,2,,0,Gainesville,FL,1,54,,,,-5.0,"31,42","33,31",,,,,,,,
ncaab:400986246,ncaab,2018-02-08T00:00Z,final,52,258,Florida St,Virginia,55,59,,,,0,,,,,,,,,,2,,0,Tallahassee,FL,1,62,,,,-5.0,"32,23","22,37",,,,,,,,
ncaab:400986247,ncaab,2018-02-08T00:00Z,final,2390,154,Miami,Wake Forest,87,81,,,,0,,,,,,,,,,2,,0,Coral Gables,FL,1,3,,,,-5.0,"35,52","31,50",,,,,,,,
ncaab:400988102,ncaab,2018-02-08T00:00Z,final,41,58,UConn,South Florida,68,65,,,,0,,,,,,,,,,2,,0,Storrs,CT,1,187,,,,-5.0,"35,33","23,42",,,,,,,,
ncaab:400988103,ncaab,2018-02-08T00:00Z,final,218,151,Temple,East Carolina,90,73,,,,0,,,,,,,,,,2,,0,Philadelphia,PA,1,12,,,,-5.0,"41,49","35,38",,,,,,,,
ncaab:400988602,ncaab,2018-02-08T00:00Z,final,2550,269,Seton Hall,Marquette,85,88,,,,0,,,,,,,,,,2,,0,Newark,NJ,1,9,,,,-5.0,"41,44","42,46",,,,,,,,
ncaab:400988603,ncaab,2018-02-08T00:00Z,final,222,2599,Villanova,St John's,75,79,,,,0,,,,,,,,,,2,,0,Philadelphia,PA,1,12,,,,-5.0,"34,41","39,40",,,,,,,,
ncaab:400988795,ncaab,2018-02-08T00:00Z,final,231,2430,Furman,UNC Greensboro,67,80,,,,0,,,,,,,,,,2,,0,Greenville,SC,1,307,,,,-5.0,"31,36","36,44",,,,,,,,
ncaab:400988796,ncaab,2018-02-08T00:00Z,final,2747,2535,Wofford,Samford,92,79,,,,0,,,,,,,,,,2,,0,Spartanburg,SC,1,246,,,,-5.0,"40,52","45,34",,,,,,,,
ncaab:400989828,ncaab,2018-02-08T00:00Z,final,2168,2184,Dayton,Duquesne,88,73,,,,0,,,,,,,,,,2,,0,Dayton,OH,1,225,,,,-5.0,"29,59","26,47",,,,,,,,
ncaab:400989873,ncaab,2018-02-08T00:00Z,final,2230,2244,Fordham,George Mason,67,66,,,,0,,,,,,,,,,2,,0,Bronx,NY,1,28,,,,-5.0,"23,44","33,33",,,,,,,,
ncaab:400989912,ncaab,2018-02-08T00:00Z,final,45,2325,G Washington,La Salle,80,69,,,,0,,,,,,,,,,2,,0,Washington,DC,1,7,,,,-5.0,"39,41","33,36",,,,,,,,
ncaab:400989944,ncaab,2018-02-08T00:00Z,final,179,139,St Bonaventure,Saint Louis,79,56,,,,0,,,,,,,,,,2,,0,Saint Bonaventure,NY,1,435,,,,-5.0,"36,43","28,28",,,,,,,,
ncaab:400991972,ncaab,2018-02-08T00:00Z,final,2352,44,Loyola MD,American,72,69,,,,0,,,,,,,,,,2,,0,Baltimore,MD,1,10,,,,-5.0,"32,40","25,44",,,,,,,,
ncaab:400991989,ncaab,2018-02-08T00:00Z,final,322,349,Lafayette,Army,81,54,,,,0,,,,,,,,,,2,,0,Easton,PA,1,97,,,,-5.0,"45,36","24,30",,,,,,,,
ncaab:400992006,ncaab,2018-02-08T00:00Z,final,2142,104,Colgate,Boston U,74,60,,,,0,,,,,,,,,,2,,0,Hamilton,NY,1,181,,,,-5.0,"40,34","33,27",,,,,,,,
ncaab:400992283,ncaab,2018-02-08T00:00Z,final,2241,2097,Gardner-Webb,Campbell,70,78,,,,0,,,,,,,,,,2,,0,Boiling Springs,NC,1,269,,,,-5.0,"34,36","33,45",,,,,,,,
ncaab:400992337,ncaab,2018-02-08T00:00Z,final,2515,2272,Radford,High Point,60,61,,,,0,,,,,,,,,,2,,0,Radford,VA,1,567,,,,-5.0,"31,29","28,33",,,,,,,,
ncaab:400992365,ncaab,2018-02-08T00:00Z,final,2344,2427,Longwood,UNC Asheville,73,78,,,,0,,,,,,,,,,2,,0,Farmville,VA,1,90,,,,-5.0,"40,33","36,42",,,,,,,,
ncaab:400992378,ncaab,2018-02-08T00:00Z,final,2737,2506,Winthrop,Presbyterian,63,49,,,,0,,,,,,,,,,2,,0,Rock Hill,SC,1,207,,,,-5.0,"32,31","21,28",,,,,,,,
ncaab:400992040,ncaab,2018-02-08T00:05Z,final,107,2426,Holy Cross,Navy,34,69,,,,0,,,,,,,,,,2,,0,Worcester,MA,1,147,,,,-5.0,"11,23","40,29",,,,,,,,
ncaab:400989064,ncaab,2018-02-08T00:30Z,final,2466,2320,N'Western St,Lamar,75,79,,,,0,,,,,,,,,,2,,0,Natchitoches,LA,1,36,,,,-6.0,"32,43","39,40",,,,,,,,
ncaab:400989065,ncaab,2018-02-08T00:30Z,final,2534,357,Sam Houston,Texas A&M-CC,66,64,,,,0,,,,,,,,,,2,,0,Huntsville,TX,1,113,,,,-6.0,"34,32","31,33",,,,,,,,
ncaab:400992304,ncaab,2018-02-08T00:30Z,final,2127,2335,Charleston So,Liberty,87,75,,,,0,,,,,,,,,,2,,0,Charleston,SC,1,6,,,,-5.0,"37,50","31,44",,,,,,,,
ncaab:400989066,ncaab,2018-02-08T01:00Z,final,2000,2447,Abilene Chrstn,Nicholls,65,69,,,,0,,,,,,,,,,2,,0,Abilene,TX,1,524,,,,-6.0,"35,30","33,36",,,,,,,,
ncaab:400989067,ncaab,2018-02-08T01:00Z,final,2277,2110,Hou Christian,C Arkansas,80,100,,,,0,,,,,,,,,,2,,0,Houston,TX,1,12,,,,-6.0,"35,45","47,53",,,,,,,,
ncaab:400989068,ncaab,2018-02-08T01:00Z,final,2916,2545,Incarnate Word,SE Louisiana,68,86,,,,0,,,,,,,,,,2,,0,San Antonio,TX,1,198,,,,-6.0,"37,31","40,46",,,,,,,,
ncaab:400989207,ncaab,2018-02-08T01:00Z,final,251,2306,Texas,Kansas St,64,67,,,,0,,,,,,,,,,2,,0,Austin,TX,1,149,,,,-6.0,"34,30","34,33",,,,,,,,
ncaab:400989730,ncaab,2018-02-08T01:00Z,final,2350,2181,Loyola Chicago,Drake,72,57,,,,0,,,,,,,,,,2,,0,Chicago,IL,1,179,,,,-6.0,"32,40","28,29",,,,,,,,
ncaab:400989731,ncaab,2018-02-08T01:00Z,final,2460,71,Northern Iowa,Bradley,74,65,,,,0,,,,,,,,,,2,,0,Cedar Falls,IA,1,268,,,,-6.0,"32,42","30,35",,,,,,,,
ncaab:400989732,ncaab,2018-02-08T01:00Z,final,339,2674,Evansville,Valparaiso,63,59,,,,0,,,,,,,,,,2,,0,Evansville,IN,1,118,,,,-6.0,"31,32","32,27",,,,,,,,
ncaab:400986554,ncaab,2018-02-08T01:30Z,final,2509,194,Purdue,Ohio State,63,64,,,,0,,,,,,,,,,2,,0,West Lafayette,IN,1,186,,,,-5.0,"31,32","29,35",,,,,,,,
ncaab:400987365,ncaab,2018-02-08T01:30Z,final,238,61,Vanderbilt,Georgia,81,66,,,,0,,,,,,,,,,2,,0,Nashville,TN,1,170,,,,-6.0,"39,42","31,35",,,,,,,,
ncaab:400986248,ncaab,2018-02-08T02:00Z,final,259,152,Virginia Tech,NC State,85,75,,,,0,,,,,,,,,,2,,0,Blacksburg,VA,1,633,,,,-5.0,"47,38","34,41",,,,,,,,
ncaab:400987366,ncaab,2018-02-08T02:00Z,final,2,245,Auburn,Texas A&M,80,81,,,,0,,,,,,,,,,2,,0,Auburn,AL,1,215,,,,-6.0,"36,44","46,35",,,,,,,,
ncaab:400988604,ncaab,2018-02-08T02:00Z,final,305,156,DePaul,Creighton,75,76,,,,0,,,,,,,,,,2,,0,Chicago,IL,1,179,,,,-6.0,"36,39","31,45",,,,,,,,
ncaab:400989166,ncaab,2018-02-08T02:00Z,final,2641,66,Texas Tech,Iowa State,76,58,,,,0,,,,,,,,,,2,,0,Lubbock,TX,1,976,,,,-6.0,"39,37","32,26",,,,,,,,
ncaab:400989928,ncaab,2018-02-08T02:00Z,final,257,2670,Richmond,VCU,77,76,,,,0,,,,,,,,,,2,,0,Richmond,VA,1,64,,,,-5.0,"41,36","41,35",,,,,,,,
ncaab:400991823,ncaab,2018-02-08T02:00Z,final,2751,328,Wyoming,Utah State,83,65,,,,0,,,,,,,,,,2,,0,Laramie,WY,1,2184,,,,-7.0,"46,37","33,32",,,,,,,,
ncaab:400992476,ncaab,2018-02-08T03:00Z,final,300,2463,UC Irvine,CSU Northridge,77,56,,,,0,,,,,,,,,,2,,0,Irvine,CA,1,17,,,,-8.0,"28,49","20,36",,,,,,,,
ncaab:400988352,ncaab,2018-02-08T04:00Z,final,38,25,Colorado,California,68,64,,,,0,,,,,,,,,,2,,0,Boulder,CO,1,1624,,,,-7.0,"28,40","28,36",,,,,,,,
ncaab:400991773,ncaab,2018-02-08T04:00Z,final,2440,2439,Nevada,UNLV,78,86,,,,0,,,,,,,,,,2,,0,Reno,NV,1,1373,,,,-8.0,"34,44","41,45",,,,,,,,
ncaab:400992491,ncaab,2018-02-08T04:59Z,final,62,27,Hawai'i,UC Riverside,60,64,,,,0,,,,,,,,,,2,,0,Honolulu,HI,1,5,,,,-10.0,"30,30","30,34",,,,,,,,
ncaab:400990840,ncaab,2018-02-08T22:00Z,final,2681,2803,Wagner,Bryant,96,76,,,,0,,,,,,,,,,2,,0,Staten Island,NY,1,21,,,,-5.0,"54,42","43,33",,,,,,,,
ncaab:400986249,ncaab,2018-02-09T00:00Z,final,228,221,Clemson,Pitt,72,48,,,,0,,,,,,,,,,2,,0,Clemson,SC,1,221,,,,-5.0,"32,40","22,26",,,,,,,,
ncaab:400986250,ncaab,2018-02-09T00:00Z,final,97,59,Louisville,Georgia Tech,77,54,,,,0,,,,,,,,,,2,,0,Louisville,KY,1,142,,,,-5.0,"34,43","16,38",,,,,,,,
ncaab:400988104,ncaab,2018-02-09T00:00Z,final,202,2655,Tulsa,Tulane,91,89,,,,0,,,,,,,,,,2,,0,Tulsa,OK,1,220,,,,-6.0,"34,46,11","44,36,9",,,,,,,,
ncaab:400988797,ncaab,2018-02-09T00:00Z,final,236,2643,Chattanooga,The Citadel,85,82,,,,0,,,,,,,,,,2,,0,Chattanooga,TN,1,206,,,,-5.0,"45,40","35,47",,,,,,,,
ncaab:400988798,ncaab,2018-02-09T00:00Z,final,2678,2717,VMI,W Carolina,60,72,,,,0,,,,,,,,,,2,,0,Lexington,VA,1,324,,,,-5.0,"21,39","29,43",,,,,,,,
ncaab:400990008,ncaab,2018-02-09T00:00Z,final,399,261,UAlbany,Vermont,67,72,,,,0,,,,,,,,,,2,,0,Albany,NY,1,45,,,,-5.0,"35,32","26,46",,,,,,,,
ncaab:400990034,ncaab,2018-02-09T00:00Z,final,2066,2378,Binghamton,UMBC,68,78,,,,0,,,,,,,,,,2,,0,Binghamton,NY,1,264,,,,-5.0,"28,40","41,37",,,,,,,,
ncaab:400990585,ncaab,2018-02-09T00:00Z,final,232,2729,Charleston,William & Mary,82,77,,,,0,,,,,,,,,,2,,0,Charleston,SC,1,6,,,,-5.0,"41,41","41,36",,,,,,,,
ncaab:400990841,ncaab,2018-02-09T00:00Z,final,2115,116,C Connecticut,Mount St Marys,57,71,,,,0,,,,,,,,,,2,,0,New Britain,CT,1,51,,,,-5.0,"32,25","27,44",,,,,,,,
ncaab:400990842,ncaab,2018-02-09T00:00Z,final,161,2529,FDU,Sacred Heart,77,67,,,,0,,,,,,,,,,2,,0,Hackensack,NJ,1,6,,,,-5.0,"40,37","33,34",,,,,,,,
ncaab:400990843,ncaab,2018-02-09T00:00Z,final,112358,2598,Long Island,Saint Francis,83,67,,,,0,,,,,,,,,,2,,0,Brooklyn,NY,1,15,,,,-5.0,"45,38","31,36",,,,,,,,
ncaab:400990844,ncaab,2018-02-09T00:00Z,final,2597,2523,St Francis BK,Robert Morris,77,65,,,,0,,,,,,,,,,2,,0,Brooklyn,NY,1,15,,,,-5.0,"43,34","27,38",,,,,,,,
ncaab:400991016,ncaab,2018-02-09T00:00Z,final,93,2046,Murray St,Austin Peay,84,63,,,,0,,,,,,,,,,2,,0,Murray,KY,1,163,,,,-6.0,"38,46","28,35",,,,,,,,
ncaab:400991179,ncaab,2018-02-09T00:00Z,final,2520,2363,Rider,Manhattan,77,73,,,,0,,,,,,,,,,2,,0,Lawrenceville,NJ,1,37,,,,-5.0,"30,47","37,36",,,,,,,,
ncaab:400991180,ncaab,2018-02-09T00:00Z,final,314,2405,Iona,Monmouth,50,72,,,,0,,,,,,,,,,2,,0,New Rochelle,NY,1,26,,,,-5.0,"24,26","41,31",,,,,,,,
ncaab:400991181,ncaab,2018-02-09T00:00Z,final,2612,2368,Saint Peter's,Marist,70,66,,,,0,,,,,,,,,,2,,0,Jersey City,NJ,1,9,,,,-5.0,"29,41","32,34",,,,,,,,
ncaab:400991182,ncaab,2018-02-09T00:00Z,final,315,2514,Niagara,Quinnipiac,95,76,,,,0,,,,,,,,,,2,,0,Niagara Falls,NY,1,187,,,,-5.0,"44,51","42,34",,,,,,,,
ncaab:400991183,ncaab,2018-02-09T00:00Z,final,2099,2561,Canisius,Siena,89,65,,,,0,,,,,,,,,,2,,0,Buffalo,NY,1,183,,,,-5.0,"38,51","29,36",,,,,,,,
ncaab:400991408,ncaab,2018-02-09T00:00Z,final,48,111,Delaware,Northeastern,67,70,,,,0,,,,,,,,,,2,,0,Newark,DE,1,38,,,,-5.0,"37,30","37,33",,,,,,,,
ncaab:400991428,ncaab,2018-02-09T00:00Z,final,2182,119,Drexel,Towson,92,94,,,,0,,,,,,,,,,2,,0,Philadelphia,PA,1,12,,,,-5.0,"39,44,9","37,46,11",,,,,,,,
ncaab:400991446,ncaab,2018-02-09T00:00Z,final,2210,2275,Elon,Hofstra,48,67,,,,0,,,,,,,,,,2,,0,Elon,NC,1,215,,,,-5.0,"28,20","24,43",,,,,,,,
ncaab:400991476,ncaab,2018-02-09T00:00Z,void,256,350,James Madison,UNC Wilmington,,,,,,0,,,,,,,,,,2,,0,Harrisonburg,VA,1,404,,,,-5.0,,,,,,,,,,
ncaab:400991540,ncaab,2018-02-09T00:00Z,final,160,311,New Hampshire,Maine,71,56,,,,0,,,,,,,,,,2,,0,Durham,NH,1,15,,,,-5.0,"24,47","34,22",,,,,,,,
ncaab:400991567,ncaab,2018-02-09T00:00Z,final,2619,2349,Stony Brook,UMass Lowell,81,68,,,,0,,,,,,,,,,2,,0,Stony Brook,NY,1,27,,,,-5.0,"40,41","24,44",,,,,,,,
ncaab:400991869,ncaab,2018-02-09T00:00Z,final,2885,526,NJIT,FGCU,70,75,,,,0,,,,,,,,,,2,,0,Newark,NJ,1,9,,,,-5.0,"29,41","35,40",,,,,,,,
ncaab:400991907,ncaab,2018-02-09T00:00Z,final,338,2454,Kennesaw St,North Florida,89,81,,,,0,,,,,,,,,,2,,0,Kennesaw,GA,1,332,,,,-5.0,"42,47","40,41",,,,,,,,
ncaab:400991949,ncaab,2018-02-09T00:00Z,final,2908,56,SC Upstate,Stetson,91,79,,,,0,,,,,,,,,,2,,0,Spartanburg,SC,1,246,,,,-5.0,"47,44","33,46",,,,,,,,
ncaab:400992097,ncaab,2018-02-09T00:00Z,final,85,325,IU Indy,Cleveland St,78,73,,,,0,,,,,,,,,,2,,0,Indianapolis,IN,1,218,,,,-5.0,"35,43","25,48",,,,,,,,
ncaab:400990561,ncaab,2018-02-09T00:15Z,final,2247,309,Georgia St,Louisiana,106,92,,,,0,,,,,,,,,,2,,0,Atlanta,GA,1,320,,,,-5.0,"51,55","45,47",,,,,,,,
ncaab:400989069,ncaab,2018-02-09T00:30Z,final,2377,2617,McNeese,SF Austin,95,99,,,,0,,,,,,,,,,2,,0,Lake Charles,LA,1,4,,,,-6.0,"32,63","56,43",,,,,,,,
ncaab:400990485,ncaab,2018-02-09T00:30Z,final,290,2433,GA Southern,UL Monroe,64,66,,,,0,,,,,,,,,,2,,0,Statesboro,GA,1,77,,,,-5.0,"25,33,6","29,29,8",,,,,,,,
ncaab:400991021,ncaab,2018-02-09T00:30Z,final,2413,2546,Morehead St,SE Missouri,62,78,,,,0,,,,,,,,,,2,,0,Morehead,KY,1,153,,,,-6.0,"36,26","35,43",,,,,,,,
ncaab:400991892,ncaab,2018-02-09T00:30Z,final,288,294,Lipscomb,Jacksonville,82,59,,,,0,,,,,,,,,,2,,0,Nashville,TN,1,170,,,,-6.0,"42,40","32,27",,,,,,,,
ncaab:400992135,ncaab,2018-02-09T00:30Z,final,2750,2739,Wright St,Green Bay,68,64,,,,0,,,,,,,,,,2,,0,Dayton,OH,1,225,,,,-5.0,"19,49","25,39",,,,,,,,
ncaab:400992163,ncaab,2018-02-09T00:30Z,final,94,270,N Kentucky,Milwaukee,54,52,,,,0,,,,,,,,,,2,,0,Highland Heights,KY,1,260,,,,-5.0,"27,27","24,28",,,,,,,,
ncaab:400992651,ncaab,2018-02-09T00:30Z,final,2393,242,MTSU,Rice,94,75,,,,0,,,,,,,,,,2,,0,Murfreesboro,TN,1,186,,,,-6.0,"50,44","33,42",,,,,,,,
ncaab:401011208,ncaab,2018-02-09T00:30Z,final,47,2261,Howard,Hampton,81,95,,,,0,,,,,,,,,,2,,0,Washington,DC,1,7,,,,-5.0,"41,40","45,50",,,,,,,,
ncaab:400986251,ncaab,2018-02-09T01:00Z,final,153,150,North Carolina,Duke,82,78,,,,0,,,,,,,,,,2,,0,Chapel Hill,NC,1,148,,,,-5.0,"45,37","49,29",,,,,,,,
ncaab:400988353,ncaab,2018-02-09T01:00Z,final,254,24,Utah,Stanford,75,60,,,,0,,,,,,,,,,2,,0,Salt Lake City,UT,1,1299,,,,-7.0,"40,35","28,32",,,,,,,,
ncaab:400989407,ncaab,2018-02-09T01:00Z,final,2437,2710,Omaha,W Illinois,71,68,,,,0,,,,,,,,,,2,,0,Omaha,NE,1,323,,,,-6.0,"30,41","34,34",,,,,,,,
ncaab:400989408,ncaab,2018-02-09T01:00Z,final,233,2870,South Dakota,Purdue FW,86,69,,,,0,,,,,,,,,,2,,0,Vermillion,SD,1,374,,,,-6.0,"45,41","23,46",,,,,,,,
ncaab:400989409,ncaab,2018-02-09T01:00Z,final,198,2449,Oral Roberts,N Dakota St,67,66,,,,0,,,,,,,,,,2,,0,Tulsa,OK,1,220,,,,-6.0,"30,31,6","32,29,5",,,,,,,,
ncaab:400990682,ncaab,2018-02-09T01:00Z,final,292,2253,UT Rio Grande,Grand Canyon,83,81,,,,0,,,,,,,,,,2,,0,Edinburg,TX,1,30,,,,-6.0,"40,43","36,45",,,,,,,,
ncaab:400990684,ncaab,2018-02-09T01:00Z,final,140,2547,Kansas City,Seattle U,74,67,,,,0,,,,,,,,,,2,,0,Kansas City,MO,1,274,,,,-6.0,"41,33","29,38",,,,,,,,
ncaab:400991018,ncaab,2018-02-09T01:00Z,final,2565,2197,SIUE,E Illinois,74,78,,,,0,,,,,,,,,,2,,0,Edwardsville,IL,1,165,,,,-6.0,"26,48","32,46",,,,,,,,
ncaab:400991019,ncaab,2018-02-09T01:00Z,final,2198,2630,E Kentucky,UT Martin,69,70,,,,0,,,,,,,,,,2,,0,Richmond,KY,1,289,,,,-5.0,"36,33","31,39",,,,,,,,
ncaab:400992182,ncaab,2018-02-09T01:00Z,final,82,2754,UIC,Youngstown St,100,75,,,,0,,,,,,,,,,2,,0,Chicago,IL,1,179,,,,-6.0,"47,53","34,41",,,,,,,,
ncaab:400992649,ncaab,2018-02-09T01:00Z,final,2348,2429,Louisiana Tech,Charlotte,83,65,,,,0,,,,,,,,,,2,,0,Ruston,LA,1,102,,,,-6.0,"44,39","32,33",,,,,,,,
ncaab:400992650,ncaab,2018-02-09T01:00Z,final,2572,295,Southern Miss,Old Dominion,63,68,,,,0,,,,,,,,,,2,,0,Hattiesburg,MS,1,52,,,,-6.0,"39,24","30,38",,,,,,,,
ncaab:400992653,ncaab,2018-02-09T01:00Z,final,5,249,UAB,North Texas,60,67,,,,0,,,,,,,,,,2,,0,Birmingham,AL,1,187,,,,-6.0,"21,39","33,34",,,,,,,,
ncaab:400992654,ncaab,2018-02-09T01:00Z,final,276,2229,Marshall,FIU,76,66,,,,0,,,,,,,,,,2,,0,Huntington,WV,1,173,,,,-5.0,"33,43","30,36",,,,,,,,
ncaab:400990486,ncaab,2018-02-09T01:05Z,final,6,2031,South Alabama,Little Rock,73,56,,,,0,,,,,,,,,,2,,0,Mobile,AL,1,3,,,,-6.0,"34,39","30,26",,,,,,,,
ncaab:400990683,ncaab,2018-02-09T01:05Z,final,2130,3084,Chicago St,Utah Valley,57,97,,,,0,,,,,,,,,,2,,0,Chicago,IL,1,179,,,,-6.0,"26,31","50,47",,,,,,,,
ncaab:400990487,ncaab,2018-02-09T01:15Z,final,2653,2032,Troy,Arkansas St,89,83,,,,0,,,,,,,,,,2,,0,Troy,AL,1,165,,,,-6.0,"38,40,11","40,38,5",,,,,,,,
ncaab:400991017,ncaab,2018-02-09T01:30Z,final,2634,2057,Tennessee St,Belmont,64,56,,,,0,,,,,,,,,,2,,0,Nashville,TN,1,170,,,,-6.0,"32,32","24,32",,,,,,,,
ncaab:400992652,ncaab,2018-02-09T01:30Z,final,98,2226,Western KY,FAU,75,63,,,,0,,,,,,,,,,2,,0,Bowling Green,KY,1,161,,,,-6.0,"35,40","34,29",,,,,,,,
ncaab:400986556,ncaab,2018-02-09T02:00Z,final,356,275,Illinois,Wisconsin,69,78,,,,0,,,,,,,,,,2,,0,Champaign,IL,1,225,,,,-6.0,"33,36","36,42",,,,,,,,
ncaab:400988105,ncaab,2018-02-09T02:00Z,final,248,2567,Houston,SMU,67,58,,,,0,,,,,,,,,,2,,0,Houston,TX,1,12,,,,-6.0,"36,31","33,25",,,,,,,,
ncaab:400989410,ncaab,2018-02-09T02:00Z,final,2172,2571,Denver,S Dakota St,77,81,,,,0,,,,,,,,,,2,,0,Denver,CO,1,1609,,,,-7.0,"31,46","45,36",,,,,,,,
ncaab:400989733,ncaab,2018-02-09T02:00Z,final,2287,79,Illinois St,S Illinois,76,68,,,,0,,,,,,,,,,2,,0,Normal,IL,1,244,,,,-6.0,"38,26,12","36,28,4",,,,,,,,
ncaab:400990685,ncaab,2018-02-09T02:00Z,final,166,2934,New Mexico St,Bakersfield,69,43,,,,0,,,,,,,,,,2,,0,Las Cruces,NM,1,1191,,,,-7.0,"31,38","18,25",,,,,,,,
ncaab:400991020,ncaab,2018-02-09T02:00Z,final,55,2635,Jax State,Tennessee Tech,82,65,,,,0,,,,,,,,,,2,,0,Jacksonville,AL,1,216,,,,-6.0,"40,42","27,38",,,,,,,,
ncaab:400991330,ncaab,2018-02-09T02:00Z,final,147,16,Montana St,Sacramento St,92,76,,,,0,,,,,,,,,,2,,0,Bozeman,MT,1,1468,,,,-7.0,"45,47","29,47",,,,,,,,
ncaab:400991331,ncaab,2018-02-09T02:00Z,final,149,2502,Montana,Portland St,80,60,,,,0,,,,,,,,,,2,,0,Missoula,MT,1,978,,,,-7.0,"34,46","29,31",,,,,,,,
ncaab:400991332,ncaab,2018-02-09T02:00Z,final,2692,155,Weber St,North Dakota,84,76,,,,0,,,,,,,,,,2,,0,Ogden,UT,1,1311,,,,-7.0,"31,53","29,47",,,,,,,,
ncaab:400991333,ncaab,2018-02-09T02:00Z,final,304,2458,Idaho St,N Colorado,82,85,,,,0,,,,,,,,,,2,,0,Pocatello,ID,1,1360,,,,-7.0,"40,42","32,53",,,,,,,,
ncaab:400986898,ncaab,2018-02-09T03:00Z,final,279,2250,Pacific,Gonzaga,61,71,,,,0,,,,,,,,,,2,,0,Stockton,CA,1,4,,,,-8.0,"29,32","36,35",,,,,,,,
ncaab:400986922,ncaab,2018-02-09T03:00Z,final,2351,2608,LMU,Saint Mary's,62,83,,,,0,,,,,,,,,,2,,0,Los Angeles,CA,1,89,,,,-8.0,"31,31","40,43",,,,,,,,
ncaab:400986987,ncaab,2018-02-09T03:00Z,final,2539,2501,San Francisco,Portland,65,63,,,,0,,,,,,,,,,2,,0,San Francisco,CA,1,16,,,,-8.0,"28,37","26,37",,,,,,,,
ncaab:400988355,ncaab,2018-02-09T03:00Z,final,12,26,Arizona,UCLA,74,82,,,,0,,,,,,,,,,2,,0,Tucson,AZ,1,759,,,,-7.0,"34,40","44,38",,,,,,,,
ncaab:400992438,ncaab,2018-02-09T03:00Z,final,2239,13,Fullerton,Cal Poly,75,59,,,,0,,,,,,,,,,2,,0,Fullerton,CA,1,50,,,,-8.0,"37,38","22,37",,,,,,,,
ncaab:400992514,ncaab,2018-02-09T03:00Z,final,302,2540,UC Davis,Santa Barbara,81,90,,,,0,,,,,,,,,,2,,0,Davis,CA,1,16,,,,-8.0,"37,44","49,41",,,,,,,,
ncaab:400988354,ncaab,2018-02-09T03:15Z,final,2483,264,Oregon,Washington,65,40,,,,0,,,,,,,,,,2,,0,Eugene,OR,1,131,,,,-8.0,"28,37","21,19",,,,,,,,
ncaab:400986970,ncaab,2018-02-09T03:30Z,final,2492,301,Pepperdine,San Diego,66,68,,,,0,,,,,,,,,,2,,0,Malibu,CA,1,32,,,,-8.0,"27,39","25,43",,,,,,,,
ncaab:400988356,ncaab,2018-02-09T03:30Z,final,204,265,Oregon St,Washington St,94,62,,,,0,,,,,,,,,,2,,0,Corvallis,OR,1,71,,,,-8.0,"37,57","24,38",,,,,,,,
ncaab:400986871,ncaab,2018-02-09T04:00Z,final,252,2541,BYU,Santa Clara,80,58,,,,0,,,,,,,,,,2,,0,Provo,UT,1,1387,,,,-7.0,"41,39","31,27",,,,,,,,
ncaab:400988357,ncaab,2018-02-09T04:00Z,final,9,30,Arizona St,USC,80,78,,,,0,,,,,,,,,,2,,0,Tempe,AZ,1,360,,,,-7.0,"33,47","37,41",,,,,,,,
ncaab:400990346,ncaab,2018-02-09T23:00Z,final,193,2649,Miami OH,Toledo,67,73,,,,0,,,,,,,,,,2,,0,Oxford,OH,1,283,,,,-5.0,"22,45","33,40",,,,,,,,
ncaab:400989793,ncaab,2018-02-10T00:00Z,final,227,2166,Rhode Island,Davidson,72,59,,,,0,,,,,,,,,,2,,0,Kingston,RI,1,75,,,,-5.0,"34,38","23,36",,,,,,,,
ncaab:400991602,ncaab,2018-02-10T00:00Z,final,225,172,Brown,Cornell,60,78,,,,0,,,,,,,,,,2,,0,Providence,RI,1,2,,,,-5.0,"35,25","47,31",,,,,,,,
ncaab:400991621,ncaab,2018-02-10T00:00Z,final,43,171,Yale,Columbia,88,84,,,,0,,,,,,,,,,2,,0,New Haven,CT,1,18,,,,-5.0,"45,43","47,37",,,,,,,,
ncaab:400991647,ncaab,2018-02-10T00:00Z,final,159,219,Dartmouth,Penn,61,64,,,,0,,,,,,,,,,2,,0,Hanover,NH,1,162,,,,-5.0,"24,37","27,37",,,,,,,,
ncaab:400991657,ncaab,2018-02-10T00:00Z,final,108,163,Harvard,Princeton,66,51,,,,0,,,,,,,,,,2,,0,Cambridge,MA,1,5,,,,-5.0,"35,31","20,31",,,,,,,,
ncaab:400986557,ncaab,2018-02-10T00:30Z,final,84,135,Indiana,Minnesota,80,56,,,,0,,,,,,,,,,2,,0,Bloomington,IN,1,235,,,,-5.0,"39,41","29,27",,,,,,,,
ncaab:400990255,ncaab,2018-02-10T02:00Z,final,2050,2309,Ball State,Kent State,87,68,,,,0,,,,,,,,,,2,,0,Muncie,IN,1,284,,,,-5.0,"41,46","30,38",,,,,,,,
ncaab:400992116,ncaab,2018-02-10T02:00Z,final,2473,2174,Oakland,Detroit Mercy,87,78,,,,0,,,,,,,,,,2,,0,Rochester,MI,1,229,,,,-5.0,"38,49","45,33",,,,,,,,
ncaab:400991334,ncaab,2018-02-10T03:30Z,final,70,331,Idaho,E Washington,66,64,,,,0,,,,,,,,,,2,,0,Moscow,ID,1,786,,,,-8.0,"26,40","29,35",,,,,,,,
ncaab:400986560,ncaab,2018-02-10T17:00Z,final,120,77,Maryland,Northwestern,73,57,,,,0,,,,,,,,,,2,,0,College Park,MD,1,21,,,,-5.0,"36,37","29,28",,,,,,,,
ncaab:400987368,ncaab,2018-02-10T17:00Z,final,2579,57,South Carolina,Florida,41,65,,,,0,,,,,,,,,,2,,0,Columbia,SC,1,89,,,,-5.0,"20,21","41,24",,,,,,,,
ncaab:400988106,ncaab,2018-02-10T17:00Z,final,58,218,South Florida,Temple,55,73,,,,0,,,,,,,,,,2,,0,Tampa,FL,1,1,,,,-5.0,"30,25","30,43",,,,,,,,
ncaab:400988605,ncaab,2018-02-10T17:00Z,final,2599,269,St John's,Marquette,86,78,,,,0,,,,,,,,,,2,,0,Queens,NY,1,12,,,,-5.0,"34,52","32,46",,,,,,,,
ncaab:400988606,ncaab,2018-02-10T17:00Z,final,222,2086,Villanova,Butler,86,75,,,,0,,,,,,,,,,2,,0,Philadelphia,PA,1,12,,,,-5.0,"35,51","38,37",,,,,,,,
ncaab:400989236,ncaab,2018-02-10T17:00Z,final,277,197,West Virginia,Oklahoma St,85,88,,,,0,,,,,,,,,,2,,0,Morgantown,WV,1,271,,,,-5.0,"39,46","36,52",,,,,,,,
ncaab:400989853,ncaab,2018-02-10T17:00Z,final,2184,2230,Duquesne,Fordham,57,80,,,,0,,,,,,,,,,2,,0,Pittsburgh,PA,1,233,,,,-5.0,"23,34","32,48",,,,,,,,
ncaab:400991187,ncaab,2018-02-10T17:00Z,final,2612,314,Saint Peter's,Iona,77,86,,,,0,,,,,,,,,,2,,0,Jersey City,NJ,1,9,,,,-5.0,"29,48","31,55",,,,,,,,
ncaab:400988800,ncaab,2018-02-10T18:00Z,final,2678,2193,VMI,ETSU,56,70,,,,0,,,,,,,,,,2,,0,Lexington,VA,1,324,,,,-5.0,"33,23","34,36",,,,,,,,
ncaab:400990845,ncaab,2018-02-10T18:00Z,final,2803,116,Bryant,Mount St Marys,79,77,,,,0,,,,,,,,,,2,,0,Smithfield,RI,1,84,,,,-5.0,"40,39","33,44",,,,,,,,
ncaab:400992007,ncaab,2018-02-10T18:00Z,final,104,107,Boston U,Holy Cross,62,73,,,,0,,,,,,,,,,2,,0,Boston,MA,1,14,,,,-5.0,"29,33","32,41",,,,,,,,
ncaab:400992148,ncaab,2018-02-10T18:00Z,final,85,2754,IU Indy,Youngstown St,80,84,,,,0,,,,,,,,,,2,,0,Indianapolis,IN,1,218,,,,-5.0,"37,43","47,37",,,,,,,,
ncaab:400991990,ncaab,2018-02-10T18:30Z,final,349,2426,Army,Navy,59,68,,,,0,,,,,,,,,,2,,0,West Point,NY,1,47,,,,-5.0,"23,36","35,33",,,,,,,,
ncaab:400986252,ncaab,2018-02-10T19:00Z,final,152,153,NC State,North Carolina,89,96,,,,0,,,,,,,,,,2,,0,Raleigh,NC,1,96,,,,-5.0,"37,52","35,61",,,,,,,,
ncaab:400986253,ncaab,2018-02-10T19:00Z,final,103,2390,Boston College,Miami,72,70,,,,0,,,,,,,,,,2,,0,Chestnut Hill,MA,1,60,,,,-5.0,"43,29","44,26",,,,,,,,
ncaab:400987369,ncaab,2018-02-10T19:00Z,final,142,344,Missouri,Mississippi St,89,85,,,,0,,,,,,,,,,2,,0,Columbia,MO,1,215,,,,-6.0,"42,37,10","33,46,6",,,,,,,,
ncaab:400989144,ncaab,2018-02-10T19:00Z,final,239,2305,Baylor,Kansas,80,64,,,,0,,,,,,,,,,2,,0,Waco,TX,1,143,,,,-6.0,"30,50","20,44",,,,,,,,
ncaab:400989167,ncaab,2018-02-10T19:00Z,final,66,201,Iowa State,Oklahoma,88,80,,,,0,,,,,,,,,,2,,0,Ames,IA,1,287,,,,-6.0,"45,43","35,45",,,,,,,,
ncaab:400989253,ncaab,2018-02-10T19:00Z,final,2628,251,TCU,Texas,87,71,,,,0,,,,,,,,,,2,,0,Fort Worth,TX,1,199,,,,-6.0,"48,39","37,34",,,,,,,,
ncaab:400989734,ncaab,2018-02-10T19:00Z,final,282,2350,Indiana St,Loyola Chicago,71,75,,,,0,,,,,,,,,,2,,0,Terre Haute,IN,1,152,,,,-5.0,"36,35","31,44",,,,,,,,
ncaab:400990258,ncaab,2018-02-10T19:00Z,final,2006,2117,Akron,C Michigan,69,63,,,,0,,,,,,,,,,2,,0,Akron,OH,1,291,,,,-5.0,"31,38","27,36",,,,,,,,
ncaab:400991026,ncaab,2018-02-10T19:00Z,final,2565,93,SIUE,Murray St,66,75,,,,0,,,,,,,,,,2,,0,Edwardsville,IL,1,165,,,,-6.0,"31,35","33,42",,,,,,,,
ncaab:400991188,ncaab,2018-02-10T19:00Z,final,2099,2514,Canisius,Quinnipiac,71,64,,,,0,,,,,,,,,,2,,0,Buffalo,NY,1,183,,,,-5.0,"29,42","28,36",,,,,,,,
ncaab:400991409,ncaab,2018-02-10T19:00Z,final,2729,48,William & Mary,Delaware,83,66,,,,0,,,,,,,,,,2,,0,Williamsburg,VA,1,25,,,,-5.0,"47,36","39,27",,,,,,,,
ncaab:400991495,ncaab,2018-02-10T19:00Z,final,119,111,Towson,Northeastern,62,77,,,,0,,,,,,,,,,2,,0,Towson,MD,1,141,,,,-5.0,"24,38","35,42",,,,,,,,
ncaab:400991973,ncaab,2018-02-10T19:00Z,final,44,2329,American,Lehigh,78,80,,,,0,,,,,,,,,,2,,0,Washington,DC,1,7,,,,-5.0,"30,38,10","35,33,12",,,,,,,,
ncaab:400992387,ncaab,2018-02-10T19:00Z,final,2427,2515,UNC Asheville,Radford,66,64,,,,0,,,,,,,,,,2,,0,Asheville,NC,1,649,,,,-5.0,"42,24","36,28",,,,,,,,
ncaab:400990562,ncaab,2018-02-10T19:15Z,final,2247,2433,Georgia St,UL Monroe,82,90,,,,0,,,,,,,,,,2,,0,Atlanta,GA,1,320,,,,-5.0,"36,40,6","47,29,14",,,,,,,,
ncaab:400988607,ncaab,2018-02-10T19:30Z,final,156,2752,Creighton,Xavier,71,72,,,,0,,,,,,,,,,2,,0,Omaha,NE,1,323,,,,-6.0,"35,36","43,29",,,,,,,,
ncaab:400989411,ncaab,2018-02-10T20:00Z,final,2172,2449,Denver,N Dakota St,66,63,,,,0,,,,,,,,,,2,,0,Denver,CO,1,1609,,,,-7.0,"31,35","24,39",,,,,,,,
ncaab:400989735,ncaab,2018-02-10T20:00Z,final,2623,339,Missouri St,Evansville,72,55,,,,0,,,,,,,,,,2,,0,Springfield,MO,1,396,,,,-6.0,"37,35","24,31",,,,,,,,
ncaab:400991184,ncaab,2018-02-10T20:00Z,final,315,2217,Niagara,Fairfield,95,83,,,,0,,,,,,,,,,2,,0,Niagara Falls,NY,1,187,,,,-5.0,"49,46","39,44",,,,,,,,
ncaab:400990686,ncaab,2018-02-10T20:05Z,final,2130,2547,Chicago St,Seattle U,81,91,,,,0,,,,,,,,,,2,,0,Chicago,IL,1,179,,,,-6.0,"20,61","44,47",,,,,,,,
ncaab:400987372,ncaab,2018-02-10T20:30Z,final,61,2,Georgia,Auburn,61,78,,,,0,,,,,,,,,,2,,0,Athens,GA,1,228,,,,-5.0,"31,30","40,38",,,,,,,,
ncaab:400990488,ncaab,2018-02-10T20:30Z,final,324,2026,Coastal,App State,66,81,,,,0,,,,,,,,,,2,,0,Conway,SC,1,10,,,,-5.0,"33,33","32,49",,,,,,,,
ncaab:400986254,ncaab,2018-02-10T21:00Z,final,87,52,Notre Dame,Florida St,84,69,,,,0,,,,,,,,,,2,,0,South Bend,IN,1,211,,,,-5.0,"40,44","34,35",,,,,,,,
ncaab:400986558,ncaab,2018-02-10T21:00Z,final,127,2509,Michigan St,Purdue,68,65,,,,0,,,,,,,,,,2,,0,East Lansing,MI,1,261,,,,-5.0,"31,37","36,29",,,,,,,,
ncaab:400986561,ncaab,2018-02-10T21:00Z,final,158,164,Nebraska,Rutgers,67,55,,,,0,,,,,,,,,,2,,0,Lincoln,NE,1,367,,,,-6.0,"37,30","28,27",,,,,,,,
ncaab:400986872,ncaab,2018-02-10T21:00Z,final,252,2539,BYU,San Francisco,75,73,,,,0,,,,,,,,,,2,,0,Provo,UT,1,1387,,,,-7.0,"26,39,10","27,38,8",,,,,,,,
ncaab:400987006,ncaab,2018-02-10T21:00Z,final,2541,301,Santa Clara,San Diego,70,64,,,,0,,,,,,,,,,2,,0,Santa Clara,CA,1,23,,,,-8.0,"27,43","36,28",,,,,,,,
ncaab:400987370,ncaab,2018-02-10T21:00Z,final,99,145,LSU,Ole Miss,82,66,,,,0,,,,,,,,,,2,,0,Baton Rouge,LA,1,14,,,,-6.0,"37,45","37,29",,,,,,,,
ncaab:400988608,ncaab,2018-02-10T21:00Z,final,46,2550,Georgetown,Seton Hall,83,80,,,,0,,,,,,,,,,2,,0,Washington,DC,1,7,,,,-5.0,"46,37","33,47",,,,,,,,
ncaab:400988609,ncaab,2018-02-10T21:00Z,final,2507,305,Providence,DePaul,63,80,,,,0,,,,,,,,,,2,,0,Providence,RI,1,2,,,,-5.0,"25,38","40,40",,,,,,,,
ncaab:400989075,ncaab,2018-02-10T21:00Z,final,2447,2277,Nicholls,Hou Christian,94,67,,,,0,,,,,,,,,,2,,0,Thibodaux,LA,1,4,,,,-6.0,"44,50","37,30",,,,,,,,
ncaab:400989736,ncaab,2018-02-10T21:00Z,final,2181,2460,Drake,Northern Iowa,71,64,,,,0,,,,,,,,,,2,,0,Des Moines,IA,1,266,,,,-6.0,"35,36","28,36",,,,,,,,
ncaab:400989894,ncaab,2018-02-10T21:00Z,final,2244,45,George Mason,G Washington,72,65,,,,0,,,,,,,,,,2,,0,Fairfax,VA,1,131,,,,-5.0,"26,46","25,40",,,,,,,,
ncaab:400989945,ncaab,2018-02-10T21:00Z,final,179,257,St Bonaventure,Richmond,97,88,,,,0,,,,,,,,,,2,,0,Saint Bonaventure,NY,1,435,,,,-5.0,"51,46","42,46",,,,,,,,
ncaab:400989971,ncaab,2018-02-10T21:00Z,final,2603,113,Saint Joseph's,UMass,85,73,,,,0,,,,,,,,,,2,,0,Philadelphia,PA,1,12,,,,-5.0,"41,44","41,32",,,,,,,,
ncaab:400990256,ncaab,2018-02-10T21:00Z,final,189,2199,Bowling Green,E Michigan,70,63,,,,0,,,,,,,,,,2,,0,Bowling Green,OH,1,212,,,,-5.0,"21,39,10","38,22,3",,,,,,,,
ncaab:400990846,ncaab,2018-02-10T21:00Z,final,2115,2529,C Connecticut,Sacred Heart,50,67,,,,0,,,,,,,,,,2,,0,New Britain,CT,1,51,,,,-5.0,"24,26","29,38",,,,,,,,
ncaab:400990848,ncaab,2018-02-10T21:00Z,final,2597,2598,St Francis BK,Saint Francis,65,90,,,,0,,,,,,,,,,2,,0,Brooklyn,NY,1,15,,,,-5.0,"33,32","42,48",,,,,,,,
ncaab:400991337,ncaab,2018-02-10T21:00Z,final,2464,253,N Arizona,Southern Utah,54,63,,,,0,,,,,,,,,,2,,0,Flagstaff,AZ,1,2104,,,,-7.0,"29,25","30,33",,,,,,,,
ncaab:400991339,ncaab,2018-02-10T21:00Z,final,147,2502,Montana St,Portland St,77,80,,,,0,,,,,,,,,,2,,0,Bozeman,MT,1,1468,,,,-7.0,"39,38","35,45",,,,,,,,
ncaab:400991386,ncaab,2018-02-10T21:00Z,final,232,2182,Charleston,Drexel,89,67,,,,0,,,,,,,,,,2,,0,Charleston,SC,1,6,,,,-5.0,"44,45","39,28",,,,,,,,
ncaab:400991658,ncaab,2018-02-10T21:00Z,final,108,219,Harvard,Penn,76,67,,,,0,,,,,,,,,,2,,0,Cambridge,MA,1,5,,,,-5.0,"31,45","24,43",,,,,,,,
ncaab:400991699,ncaab,2018-02-10T21:00Z,final,2005,167,Air Force,New Mexico,100,92,,,,0,,,,,,,,,,2,,0,Colorado Springs,CO,1,1832,,,,-7.0,"46,54","53,39",,,,,,,,
ncaab:400991739,ncaab,2018-02-10T21:00Z,final,36,23,Colorado St,San José St,90,79,,,,0,,,,,,,,,,2,,0,Fort Collins,CO,1,1525,,,,-7.0,"46,44","40,39",,,,,,,,
ncaab:400991870,ncaab,2018-02-10T21:00Z,final,2908,526,SC Upstate,FGCU,71,88,,,,0,,,,,,,,,,2,,0,Spartanburg,SC,1,246,,,,-5.0,"44,27","29,59",,,,,,,,
ncaab:400991929,ncaab,2018-02-10T21:00Z,final,2885,56,NJIT,Stetson,80,84,,,,0,,,,,,,,,,2,,0,Newark,NJ,1,9,,,,-5.0,"37,43","47,37",,,,,,,,
ncaab:400992305,ncaab,2018-02-10T21:00Z,final,2506,2127,Presbyterian,Charleston So,54,64,,,,0,,,,,,,,,,2,,0,Clinton,SC,1,76,,,,-5.0,"26,28","30,34",,,,,,,,
ncaab:400992713,ncaab,2018-02-10T21:00Z,final,2065,2379,Bethune,MD Eastern,87,67,,,,0,,,,,,,,,,2,,0,Daytona Beach,FL,1,4,,,,-5.0,"41,46","29,38",,,,,,,,
ncaab:400992807,ncaab,2018-02-10T21:00Z,final,2569,2448,SC State,NC A&T,90,85,,,,0,,,,,,,,,,2,,0,Orangeburg,SC,1,74,,,,-5.0,"45,45","30,55",,,,,,,,
ncaab:400990489,ncaab,2018-02-10T21:05Z,final,6,2032,South Alabama,Arkansas St,87,67,,,,0,,,,,,,,,,2,,0,Mobile,AL,1,3,,,,-6.0,"39,48","22,45",,,,,,,,
ncaab:400991022,ncaab,2018-02-10T21:15Z,final,2197,2046,E Illinois,Austin Peay,69,76,,,,0,,,,,,,,,,2,,0,Charleston,IL,1,204,,,,-6.0,"30,39","41,35",,,,,,,,
ncaab:400988801,ncaab,2018-02-10T21:30Z,final,231,2747,Furman,Wofford,76,52,,,,0,,,,,,,,,,2,,0,Greenville,SC,1,307,,,,-5.0,"39,37","21,31",,,,,,,,
ncaab:400989070,ncaab,2018-02-10T21:30Z,final,2377,2545,McNeese,SE Louisiana,67,74,,,,0,,,,,,,,,,2,,0,Lake Charles,LA,1,4,,,,-6.0,"30,37","40,34",,,,,,,,
ncaab:400990257,ncaab,2018-02-10T21:30Z,final,2459,2084,N Illinois,Buffalo,90,88,,,,0,,,,,,,,,,2,,0,Dekalb,IL,1,268,,,,-6.0,"37,45,8","45,37,6",,,,,,,,
ncaab:400990259,ncaab,2018-02-10T21:30Z,final,2711,195,W Michigan,Ohio,69,60,,,,0,,,,,,,,,,2,,0,Kalamazoo,MI,1,239,,,,-5.0,"26,43","21,39",,,,,,,,
ncaab:400990847,ncaab,2018-02-10T21:30Z,final,112358,2523,Long Island,Robert Morris,82,96,,,,0,,,,,,,,,,2,,0,Brooklyn,NY,1,15,,,,-5.0,"31,51","40,56",,,,,,,,
ncaab:400991893,ncaab,2018-02-10T21:30Z,final,338,294,Kennesaw St,Jacksonville,78,54,,,,0,,,,,,,,,,2,,0,Kennesaw,GA,1,332,,,,-5.0,"43,35","25,29",,,,,,,,
ncaab:400992284,ncaab,2018-02-10T21:30Z,final,2097,2344,Campbell,Longwood,88,54,,,,0,,,,,,,,,,2,,0,Buies Creek,NC,1,63,,,,-5.0,"48,40","19,35",,,,,,,,
ncaab:400992788,ncaab,2018-02-10T21:30Z,final,2542,2415,Savannah St,Morgan St,97,94,,,,0,,,,,,,,,,2,,0,Savannah,GA,1,6,,,,-5.0,"51,38,8","54,35,5",,,,,,,,
ncaab:400988799,ncaab,2018-02-10T22:00Z,final,236,2382,Chattanooga,Mercer,75,84,,,,0,,,,,,,,,,2,,0,Chattanooga,TN,1,206,,,,-5.0,"29,46","39,45",,,,,,,,
ncaab:400988802,ncaab,2018-02-10T22:00Z,final,2430,2717,UNC Greensboro,W Carolina,65,48,,,,0,,,,,,,,,,2,,0,Greensboro,NC,1,266,,,,-5.0,"31,34","26,22",,,,,,,,
ncaab:400989071,ncaab,2018-02-10T22:00Z,final,2000,2916,Abilene Chrstn,Incarnate Word,80,69,,,,0,,,,,,,,,,2,,0,Abilene,TX,1,524,,,,-6.0,"44,36","28,41",,,,,,,,
ncaab:400990490,ncaab,2018-02-10T22:00Z,final,290,309,GA Southern,Louisiana,91,102,,,,0,,,,,,,,,,2,,0,Statesboro,GA,1,77,,,,-5.0,"38,53","52,50",,,,,,,,
ncaab:400991920,ncaab,2018-02-10T22:00Z,final,288,2454,Lipscomb,North Florida,82,75,,,,0,,,,,,,,,,2,,0,Nashville,TN,1,170,,,,-6.0,"39,43","39,36",,,,,,,,
ncaab:400992655,ncaab,2018-02-10T22:30Z,final,2572,2429,Southern Miss,Charlotte,72,54,,,,0,,,,,,,,,,2,,0,Hattiesburg,MS,1,52,,,,-6.0,"30,42","24,30",,,,,,,,
ncaab:400990492,ncaab,2018-02-10T22:45Z,final,2653,2031,Troy,Little Rock,82,64,,,,0,,,,,,,,,,2,,0,Troy,AL,1,165,,,,-6.0,"44,38","32,32",,,,,,,,
ncaab:400986559,ncaab,2018-02-10T23:00Z,final,194,2294,Ohio State,Iowa,82,64,,,,0,,,,,,,,,,2,,0,Columbus,OH,1,235,,,,-5.0,"42,40","32,32",,,,,,,,
ncaab:400986923,ncaab,2018-02-10T23:00Z,final,2351,2492,LMU,Pepperdine,85,79,,,,0,,,,,,,,,,2,,0,Los Angeles,CA,1,89,,,,-8.0,"43,42","35,44",,,,,,,,
ncaab:400987367,ncaab,2018-02-10T23:00Z,final,333,2633,Alabama,Tennessee,78,50,,,,0,,,,,,,,,,2,,0,Tuscaloosa,AL,1,68,,,,-6.0,"37,41","27,23",,,,,,,,
ncaab:400988107,ncaab,2018-02-10T23:00Z,final,2724,41,Wichita St,UConn,95,74,,,,0,,,,,,,,,,2,,0,Wichita,KS,1,396,,,,-6.0,"55,40","33,41",,,,,,,,
ncaab:400989829,ncaab,2018-02-10T23:00Z,final,2670,2168,VCU,Dayton,88,84,,,,0,,,,,,,,,,2,,0,Richmond,VA,1,64,,,,-5.0,"38,41,9","40,39,5",,,,,,,,
ncaab:400990491,ncaab,2018-02-10T23:00Z,final,250,326,UT Arlington,Texas St,70,68,,,,0,,,,,,,,,,2,,0,Arlington,TX,1,184,,,,-6.0,"32,34,4","35,31,2",,,,,,,,
ncaab:400991603,ncaab,2018-02-10T23:00Z,final,225,171,Brown,Columbia,91,88,,,,0,,,,,,,,,,2,,0,Providence,RI,1,2,,,,-5.0,"36,41,14","29,48,11",,,,,,,,
ncaab:400992659,ncaab,2018-02-10T23:00Z,final,2393,249,MTSU,North Texas,79,73,,,,0,,,,,,,,,,2,,0,Murfreesboro,TN,1,186,,,,-6.0,"45,34","40,33",,,,,,,,
ncaab:400992761,ncaab,2018-02-10T23:00Z,final,50,2428,Florida A&M,NC Central,65,56,,,,0,,,,,,,,,,2,,0,Tallahassee,FL,1,62,,,,-5.0,"28,37","25,31",,,,,,,,
ncaab:400992798,ncaab,2018-02-10T23:00Z,final,2261,2450,Hampton,Norfolk St,82,52,,,,0,,,,,,,,,,2,,0,Hampton,VA,1,1,,,,-5.0,"35,47","20,32",,,,,,,,
ncaab:400992837,ncaab,2018-02-10T23:00Z,final,2010,2011,Alabama A&M,Alabama St,50,69,,,,0,,,,,,,,,,2,,0,Normal,AL,1,220,,,,-6.0,"25,25","37,32",,,,,,,,
ncaab:400992888,ncaab,2018-02-10T23:00Z,final,2504,2755,Prairie View,Grambling,85,90,,,,0,,,,,,,,,,2,,0,Prairie View,TX,1,82,,,,-6.0,"43,42","37,53",,,,,,,,
ncaab:400986255,ncaab,2018-02-10T23:15Z,final,258,259,Virginia,Virginia Tech,60,61,,,,0,,,,,,,,,,2,,0,Charlottesville,VA,1,142,,,,-5.0,"26,23,11","33,16,12",,,,,,,,
ncaab:400992875,ncaab,2018-02-10T23:30Z,final,2016,2400,Alcorn St,Miss Valley St,94,90,,,,0,,,,,,,,,,2,,0,Lorman,MS,1,66,,,,-6.0,"37,45,12","37,45,8",,,,,,,,
ncaab:400992920,ncaab,2018-02-10T23:30Z,final,2582,2029,Southern,AR-Pine Bluff,70,62,,,,0,,,,,,,,,,2,,0,Baton Rouge,LA,1,14,,,,-6.0,"27,43","31,31",,,,,,,,
ncaab:400988358,ncaab,2018-02-11T00:00Z,final,9,26,Arizona St,UCLA,88,79,,,,0,,,,,,,,,,2,,0,Tempe,AZ,1,360,,,,-7.0,"40,48","32,47",,,,,,,,
ncaab:400989072,ncaab,2018-02-11T00:00Z,final,2617,2466,SF Austin,N'Western St,97,50,,,,0,,,,,,,,,,2,,0,Nacogdoches,TX,1,92,,,,-6.0,"47,50","21,29",,,,,,,,
ncaab:400991024,ncaab,2018-02-11T00:00Z,final,2198,2413,E Kentucky,Morehead St,75,73,,,,0,,,,,,,,,,2,,0,Richmond,KY,1,289,,,,-5.0,"30,45","32,41",,,,,,,,
ncaab:400991027,ncaab,2018-02-11T00:00Z,final,2630,2546,UT Martin,SE Missouri,77,81,,,,0,,,,,,,,,,2,,0,Martin,TN,1,124,,,,-6.0,"39,35,3","29,45,7",,,,,,,,
ncaab:400991185,ncaab,2018-02-11T00:00Z,final,2368,2520,Marist,Rider,79,89,,,,0,,,,,,,,,,2,,0,Poughkeepsie,NY,1,62,,,,-5.0,"39,40","27,62",,,,,,,,
ncaab:400991186,ncaab,2018-02-11T00:00Z,final,2363,2405,Manhattan,Monmouth,93,76,,,,0,,,,,,,,,,2,,0,Riverdale,NY,1,159,,,,-8.0,"40,53","36,40",,,,,,,,
ncaab:400991447,ncaab,2018-02-11T00:00Z,void,2210,256,Elon,James Madison,,,,,,0,,,,,,,,,,2,,0,Elon,NC,1,215,,,,-5.0,,,,,,,,,,
ncaab:400991460,ncaab,2018-02-11T00:00Z,final,350,2275,UNC Wilmington,Hofstra,90,70,,,,0,,,,,,,,,,2,,0,Wilmington,NC,1,9,,,,-5.0,"42,48","37,33",,,,,,,,
ncaab:400991635,ncaab,2018-02-11T00:00Z,final,43,172,Yale,Cornell,74,65,,,,0,,,,,,,,,,2,,0,New Haven,CT,1,18,,,,-5.0,"30,44","26,39",,,,,,,,
ncaab:400991648,ncaab,2018-02-11T00:00Z,final,159,163,Dartmouth,Princeton,72,56,,,,0,,,,,,,,,,2,,0,Hanover,NH,1,162,,,,-5.0,"25,47","26,30",,,,,,,,
ncaab:400992136,ncaab,2018-02-11T00:00Z,final,94,2739,N Kentucky,Green Bay,86,80,,,,0,,,,,,,,,,2,,0,Highland Heights,KY,1,260,,,,-5.0,"47,39","37,43",,,,,,,,
ncaab:400992164,ncaab,2018-02-11T00:00Z,final,2750,270,Wright St,Milwaukee,73,74,,,,0,,,,,,,,,,2,,0,Dayton,OH,1,225,,,,-5.0,"32,41","40,34",,,,,,,,
ncaab:400992338,ncaab,2018-02-11T00:00Z,final,2272,2737,High Point,Winthrop,70,82,,,,0,,,,,,,,,,2,,0,High Point,NC,1,281,,,,-5.0,"22,48","41,41",,,,,,,,
ncaab:400992355,ncaab,2018-02-11T00:00Z,final,2335,2241,Liberty,Gardner-Webb,77,65,,,,0,,,,,,,,,,2,,0,Lynchburg,VA,1,192,,,,-5.0,"35,42","28,37",,,,,,,,
ncaab:400992656,ncaab,2018-02-11T00:00Z,final,2348,295,Louisiana Tech,Old Dominion,69,82,,,,0,,,,,,,,,,2,,0,Ruston,LA,1,102,,,,-6.0,"29,40","45,37",,,,,,,,
ncaab:400992658,ncaab,2018-02-11T00:00Z,final,276,2226,Marshall,FAU,79,68,,,,0,,,,,,,,,,2,,0,Huntington,WV,1,173,,,,-5.0,"33,46","28,40",,,,,,,,
ncaab:400992661,ncaab,2018-02-11T00:00Z,final,98,2229,Western KY,FIU,83,76,,,,0,,,,,,,,,,2,,0,Bowling Green,KY,1,161,,,,-6.0,"35,48","35,41",,,,,,,,
ncaab:400989073,ncaab,2018-02-11T00:15Z,final,2534,2320,Sam Houston,Lamar,71,69,,,,0,,,,,,,,,,2,,0,Huntsville,TX,1,113,,,,-6.0,"32,39","32,37",,,,,,,,
ncaab:400988803,ncaab,2018-02-11T01:00Z,final,2535,2643,Samford,The Citadel,116,103,,,,0,,,,,,,,,,2,,0,Homewood,AL,1,203,,,,-6.0,"62,54","51,52",,,,,,,,
ncaab:400989074,ncaab,2018-02-11T01:00Z,final,357,2443,Texas A&M-CC,LSU N Orleans,53,62,,,,0,,,,,,,,,,2,,0,Corpus Christi,TX,1,2,,,,-6.0,"22,31","29,33",,,,,,,,
ncaab:400989208,ncaab,2018-02-11T01:00Z,final,2306,2641,Kansas St,Texas Tech,47,66,,,,0,,,,,,,,,,2,,0,Manhattan,KS,1,311,,,,-6.0,"27,20","27,39",,,,,,,,
ncaab:400989412,ncaab,2018-02-11T01:00Z,final,2437,2870,Omaha,Purdue FW,90,85,,,,0,,,,,,,,,,2,,0,Omaha,NE,1,323,,,,-6.0,"45,45","49,36",,,,,,,,
ncaab:400989413,ncaab,2018-02-11T01:00Z,final,198,2571,Oral Roberts,S Dakota St,75,85,,,,0,,,,,,,,,,2,,0,Tulsa,OK,1,220,,,,-6.0,"25,50","43,42",,,,,,,,
ncaab:400989961,ncaab,2018-02-11T01:00Z,final,139,2325,Saint Louis,La Salle,70,62,,,,0,,,,,,,,,,2,,0,St. Louis,MO,1,142,,,,-6.0,"26,44","26,36",,,,,,,,
ncaab:400990687,ncaab,2018-02-11T01:00Z,final,292,2934,UT Rio Grande,Bakersfield,68,66,,,,0,,,,,,,,,,2,,0,Edinburg,TX,1,30,,,,-6.0,"26,42","26,40",,,,,,,,
ncaab:400990688,ncaab,2018-02-11T01:00Z,final,140,3084,Kansas City,Utah Valley,77,70,,,,0,,,,,,,,,,2,,0,Kansas City,MO,1,274,,,,-6.0,"40,37","31,39",,,,,,,,
ncaab:400991025,ncaab,2018-02-11T01:00Z,final,55,2634,Jax State,Tennessee St,47,65,,,,0,,,,,,,,,,2,,0,Jacksonville,AL,1,216,,,,-6.0,"25,22","33,32",,,,,,,,
ncaab:400991774,ncaab,2018-02-11T01:00Z,final,2440,21,Nevada,San Diego St,83,58,,,,0,,,,,,,,,,2,,0,Reno,NV,1,1373,,,,-8.0,"35,48","35,23",,,,,,,,
ncaab:400991815,ncaab,2018-02-11T01:00Z,final,2439,2751,UNLV,Wyoming,85,70,,,,0,,,,,,,,,,2,,0,Las Vegas,NV,1,610,,,,-8.0,"45,40","35,35",,,,,,,,
ncaab:400992098,ncaab,2018-02-11T01:00Z,final,82,325,UIC,Cleveland St,78,86,,,,0,,,,,,,,,,2,,0,Chicago,IL,1,179,,,,-6.0,"38,40","48,38",,,,,,,,
ncaab:400992456,ncaab,2018-02-11T01:00Z,final,302,2239,UC Davis,Fullerton,66,68,,,,0,,,,,,,,,,2,,0,Davis,CA,1,16,,,,-8.0,"26,40","33,35",,,,,,,,
ncaab:400992524,ncaab,2018-02-11T01:00Z,final,27,300,UC Riverside,UC Irvine,52,62,,,,0,,,,,,,,,,2,,0,Riverside,CA,1,252,,,,-8.0,"22,30","29,33",,,,,,,,
ncaab:400992660,ncaab,2018-02-11T01:00Z,final,5,242,UAB,Rice,61,56,,,,0,,,,,,,,,,2,,0,Birmingham,AL,1,187,,,,-6.0,"27,34","22,34",,,,,,,,
ncaab:400987371,ncaab,2018-02-11T01:15Z,final,245,96,Texas A&M,Kentucky,85,74,,,,0,,,,,,,,,,2,,0,College Station,TX,1,103,,,,-6.0,"26,59","30,44",,,,,,,,
ncaab:400987373,ncaab,2018-02-11T01:30Z,final,8,238,Arkansas,Vanderbilt,72,54,,,,0,,,,,,,,,,2,,0,Fayetteville,AR,1,427,,,,-6.0,"28,44","21,33",,,,,,,,
ncaab:400991023,ncaab,2018-02-11T01:30Z,final,2635,2057,Tennessee Tech,Belmont,70,75,,,,0,,,,,,,,,,2,,0,Cookeville,TN,1,334,,,,-6.0,"23,47","33,42",,,,,,,,
ncaab:400990689,ncaab,2018-02-11T02:00Z,final,166,2253,New Mexico St,Grand Canyon,74,70,,,,0,,,,,,,,,,2,,0,Las Cruces,NM,1,1191,,,,-7.0,"34,40","40,30",,,,,,,,
ncaab:400991335,ncaab,2018-02-11T02:00Z,final,304,155,Idaho St,North Dakota,82,67,,,,0,,,,,,,,,,2,,0,Pocatello,ID,1,1360,,,,-7.0,"37,45","37,30",,,,,,,,
ncaab:400991336,ncaab,2018-02-11T02:00Z,final,2692,2458,Weber St,N Colorado,71,66,,,,0,,,,,,,,,,2,,0,Ogden,UT,1,1311,,,,-7.0,"19,42,10","29,32,5",,,,,,,,
ncaab:400991338,ncaab,2018-02-11T02:00Z,final,149,16,Montana,Sacramento St,71,69,,,,0,,,,,,,,,,2,,0,Missoula,MT,1,978,,,,-7.0,"34,27,10","31,30,8",,,,,,,,
ncaab:400991720,ncaab,2018-02-11T02:00Z,final,328,68,Utah State,Boise St,71,65,,,,0,,,,,,,,,,2,,0,Logan,UT,1,1382,,,,-7.0,"27,44","34,31",,,,,,,,
ncaab:400992657,ncaab,2018-02-11T02:00Z,final,2638,2636,UTEP,UTSA,59,63,,,,0,,,,,,,,,,2,,0,El Paso,TX,1,1133,,,,-7.0,"28,31","31,32",,,,,,,,
ncaab:400992925,ncaab,2018-02-11T02:00Z,final,2640,2296,Texas Southern,Jackson St,86,75,,,,0,,,,,,,,,,2,,0,Houston,TX,1,12,,,,-6.0,"40,46","34,41",,,,,,,,
ncaab:400988359,ncaab,2018-02-11T02:30Z,final,254,25,Utah,California,77,43,,,,0,,,,,,,,,,2,,0,Salt Lake City,UT,1,1299,,,,-7.0,"40,37","24,19",,,,,,,,
ncaab:400986899,ncaab,2018-02-11T03:00Z,final,2608,2250,Saint Mary's,Gonzaga,65,78,,,,0,,,,,,,,,,2,,0,Moraga,CA,1,152,,,,-8.0,"30,35","42,36",,,,,,,,
ncaab:400986948,ncaab,2018-02-11T03:00Z,final,279,2501,Pacific,Portland,60,58,,,,0,,,,,,,,,,2,,0,Stockton,CA,1,4,,,,-8.0,"22,38","31,27",,,,,,,,
ncaab:400988360,ncaab,2018-02-11T03:00Z,final,204,264,Oregon St,Washington,97,94,,,,0,,,,,,,,,,2,,0,Corvallis,OR,1,71,,,,-8.0,"30,50,7,10","36,44,7,7",,,,,,,,
ncaab:400988361,ncaab,2018-02-11T03:15Z,final,12,30,Arizona,USC,81,67,,,,0,,,,,,,,,,2,,0,Tucson,AZ,1,759,,,,-7.0,"37,44","31,36",,,,,,,,
ncaab:400992439,ncaab,2018-02-11T04:00Z,final,299,13,Long Beach St,Cal Poly,73,54,,,,0,,,,,,,,,,2,,0,Long Beach,CA,1,9,,,,-8.0,"26,47","22,32",,,,,,,,
ncaab:400992477,ncaab,2018-02-11T04:59Z,final,62,2463,Hawai'i,CSU Northridge,71,77,,,,0,,,,,,,,,,2,,0,Honolulu,HI,1,5,,,,-10.0,"31,40","37,40",,,,,,,,
ncaab:400992045,ncaab,2018-02-11T17:00Z,final,322,2352,Lafayette,Loyola MD,84,67,,,,0,,,,,,,,,,2,,0,Easton,PA,1,97,,,,-5.0,"36,48","36,31",,,,,,,,
ncaab:400986256,ncaab,2018-02-11T18:00Z,final,221,97,Pitt,Louisville,60,94,,,,0,,,,,,,,,,2,,0,Pittsburgh,PA,1,233,,,,-5.0,"20,40","46,48",,,,,,,,
ncaab:400986562,ncaab,2018-02-11T18:00Z,final,275,130,Wisconsin,Michigan,72,83,,,,0,,,,,,,,,,2,,0,Madison,WI,1,267,,,,-6.0,"22,50","44,39",,,,,,,,
ncaab:400986640,ncaab,2018-02-11T18:00Z,final,183,154,Syracuse,Wake Forest,78,70,,,,0,,,,,,,,,,2,,0,Syracuse,NY,1,121,,,,-5.0,"31,47","21,49",,,,,,,,
ncaab:400991555,ncaab,2018-02-11T18:00Z,final,160,2378,New Hampshire,UMBC,59,68,,,,0,,,,,,,,,,2,,0,Durham,NH,1,15,,,,-5.0,"31,28","29,39",,,,,,,,
ncaab:400989422,ncaab,2018-02-11T19:00Z,final,233,596,South Dakota,Peru State,98,55,,,,0,,,,,,,,,,2,,0,Vermillion,SD,1,374,,,,-6.0,"45,53","34,21",,,,,,,,
ncaab:400990009,ncaab,2018-02-11T19:00Z,final,42,399,Hartford,UAlbany,63,69,,,,0,,,,,,,,,,2,,0,West Hartford,CT,1,40,,,,-5.0,"28,35","32,37",,,,,,,,
ncaab:400990849,ncaab,2018-02-11T19:00Z,final,161,2681,FDU,Wagner,76,69,,,,0,,,,,,,,,,2,,0,Hackensack,NJ,1,6,,,,-5.0,"33,43","18,51",,,,,,,,
ncaab:400991541,ncaab,2018-02-11T19:00Z,final,311,2619,Maine,Stony Brook,61,64,,,,0,,,,,,,,,,2,,0,Bangor,ME,1,36,,,,-5.0,"32,29","33,31",,,,,,,,
ncaab:400991578,ncaab,2018-02-11T19:00Z,final,261,2349,Vermont,UMass Lowell,81,69,,,,0,,,,,,,,,,2,,0,Burlington,VT,1,61,,,,-5.0,"44,37","38,31",,,,,,,,
ncaab:400988108,ncaab,2018-02-11T21:00Z,final,235,2116,Memphis,UCF,64,68,,,,0,,,,,,,,,,2,,0,Memphis,TN,1,78,,,,-6.0,"30,34","32,36",,,,,,,,
ncaab:400988110,ncaab,2018-02-11T21:00Z,final,2567,2132,SMU,Cincinnati,51,76,,,,0,,,,,,,,,,2,,0,Dallas,TX,1,128,,,,-6.0,"21,30","32,44",,,,,,,,
ncaab:400988362,ncaab,2018-02-11T21:00Z,final,38,24,Colorado,Stanford,64,56,,,,0,,,,,,,,,,2,,0,Boulder,CO,1,1624,,,,-7.0,"31,33","20,36",,,,,,,,
ncaab:400989737,ncaab,2018-02-11T21:00Z,final,79,71,S Illinois,Bradley,74,57,,,,0,,,,,,,,,,2,,0,Carbondale,IL,1,126,,,,-6.0,"29,45","29,28",,,,,,,,
ncaab:400989738,ncaab,2018-02-11T21:00Z,final,2674,2287,Valparaiso,Illinois St,74,58,,,,0,,,,,,,,,,2,,0,Valparaiso,IN,1,242,,,,-6.0,"37,37","35,23",,,,,,,,
ncaab:400986257,ncaab,2018-02-11T23:00Z,final,59,150,Georgia Tech,Duke,69,80,,,,0,,,,,,,,,,2,,0,Atlanta,GA,1,320,,,,-5.0,"26,43","43,37",,,,,,,,
ncaab:400988109,ncaab,2018-02-11T23:00Z,final,248,2655,Houston,Tulane,73,42,,,,0,,,,,,,,,,2,,0,Houston,TX,1,12,,,,-6.0,"39,34","15,27",,,,,,,,
ncaab:400986563,ncaab,2018-02-12T00:00Z,final,356,213,Illinois,Penn State,52,74,,,,0,,,,,,,,,,2,,0,Champaign,IL,1,225,,,,-6.0,"36,16","37,37",,,,,,,,
ncaab:400988363,ncaab,2018-02-12T01:00Z,final,2483,265,Oregon,Washington St,84,57,,,,0,,,,,,,,,,2,,0,Eugene,OR,1,131,,,,-8.0,"38,46","28,29",,,,,,,,
ncaab:400992900,ncaab,2018-02-12T22:00Z,final,2582,2400,Southern,Miss Valley St,55,51,,,,0,,,,,,,,,,2,,0,Baton Rouge,LA,1,14,,,,-6.0,"22,33","16,35",,,,,,,,
ncaab:400986258,ncaab,2018-02-13T00:00Z,final,153,87,North Carolina,Notre Dame,83,66,,,,0,,,,,,,,,,2,,0,Chapel Hill,NC,1,148,,,,-5.0,"38,45","34,32",,,,,,,,
ncaab:400988804,ncaab,2018-02-13T00:00Z,final,2430,2193,UNC Greensboro,ETSU,74,56,,,,0,,,,,,,,,,2,,0,Greensboro,NC,1,266,,,,-5.0,"33,41","31,25",,,,,,,,
ncaab:400991189,ncaab,2018-02-13T00:00Z,final,2099,2217,Canisius,Fairfield,81,63,,,,0,,,,,,,,,,2,,0,Buffalo,NY,1,183,,,,-5.0,"43,38","43,20",,,,,,,,
ncaab:400991190,ncaab,2018-02-13T00:00Z,final,2561,314,Siena,Iona,82,78,,,,0,,,,,,,,,,2,,0,Albany,NY,1,45,,,,-5.0,"33,33,16","36,30,12",,,,,,,,
ncaab:400992018,ncaab,2018-02-13T00:00Z,final,2083,2142,Bucknell,Colgate,65,64,,,,0,,,,,,,,,,2,,0,Lewisburg,PA,1,144,,,,-5.0,"20,45","31,33",,,,,,,,
ncaab:400992746,ncaab,2018-02-13T00:00Z,final,2450,2169,Norfolk St,Delaware St,93,58,,,,0,,,,,,,,,,2,,0,Norfolk,VA,1,2,,,,-5.0,"48,45","25,33",,,,,,,,
ncaab:400992714,ncaab,2018-02-13T00:30Z,final,2065,2428,Bethune,NC Central,99,81,,,,0,,,,,,,,,,2,,0,Daytona Beach,FL,1,4,,,,-5.0,"55,44","31,50",,,,,,,,
ncaab:400992731,ncaab,2018-02-13T00:30Z,final,2154,2261,Coppin St,Hampton,79,82,,,,0,,,,,,,,,,2,,0,Baltimore,MD,1,10,,,,-5.0,"40,39","30,52",,,,,,,,
ncaab:400992776,ncaab,2018-02-13T00:30Z,final,47,2379,Howard,MD Eastern,84,56,,,,0,,,,,,,,,,2,,0,Washington,DC,1,7,,,,-5.0,"44,40","16,40",,,,,,,,
ncaab:400988805,ncaab,2018-02-13T01:00Z,final,2535,2382,Samford,Mercer,69,74,,,,0,,,,,,,,,,2,,0,Homewood,AL,1,203,,,,-6.0,"28,41","34,40",,,,,,,,
ncaab:400992762,ncaab,2018-02-13T01:00Z,final,50,2415,Florida A&M,Morgan St,48,74,,,,0,,,,,,,,,,2,,0,Tallahassee,FL,1,62,,,,-5.0,"18,30","38,36",,,,,,,,
ncaab:400992808,ncaab,2018-02-13T01:00Z,final,2542,2448,Savannah St,NC A&T,108,106,,,,0,,,,,,,,,,2,,0,Savannah,GA,1,6,,,,-5.0,"55,53","44,62",,,,,,,,
ncaab:400992876,ncaab,2018-02-13T01:30Z,final,2016,2029,Alcorn St,AR-Pine Bluff,84,52,,,,0,,,,,,,,,,2,,0,Lorman,MS,1,66,,,,-6.0,"40,44","26,26",,,,,,,,
ncaab:400989145,ncaab,2018-02-13T02:00Z,final,251,239,Texas,Baylor,73,74,,,,0,,,,,,,,,,2,,0,Austin,TX,1,149,,,,-6.0,"22,34,8,9","25,31,8,10",,,,,,,,
ncaab:400989254,ncaab,2018-02-13T02:00Z,final,277,2628,West Virginia,TCU,82,66,,,,0,,,,,,,,,,2,,0,Morgantown,WV,1,271,,,,-5.0,"38,44","27,39",,,,,,,,
ncaab:400992889,ncaab,2018-02-13T02:00Z,final,2640,2755,Texas Southern,Grambling,55,78,,,,0,,,,,,,,,,2,,0,Houston,TX,1,12,,,,-6.0,"19,36","41,37",,,,,,,,
ncaab:400992911,ncaab,2018-02-13T02:00Z,final,2504,2296,Prairie View,Jackson St,63,58,,,,0,,,,,,,,,,2,,0,Prairie View,TX,1,82,,,,-6.0,"28,28,7","30,26,2",,,,,,,,
ncaab:400988610,ncaab,2018-02-13T23:30Z,final,2086,46,Butler,Georgetown,83,87,,,,0,,,,,,,,,,2,,0,Indianapolis,IN,1,218,,,,-5.0,"39,44","44,43",,,,,,,,
ncaab:400986259,ncaab,2018-02-14T00:00Z,final,221,103,Pitt,Boston College,58,81,,,,0,,,,,,,,,,2,,0,Pittsburgh,PA,1,233,,,,-5.0,"34,24","32,49",,,,,,,,
ncaab:400986565,ncaab,2018-02-14T00:00Z,final,158,120,Nebraska,Maryland,70,66,,,,0,,,,,,,,,,2,,0,Lincoln,NE,1,367,,,,-6.0,"30,40","32,34",,,,,,,,
ncaab:400987375,ncaab,2018-02-14T00:00Z,final,142,245,Missouri,Texas A&M,62,58,,,,0,,,,,,,,,,2,,0,Columbia,MO,1,215,,,,-6.0,"29,33","21,37",,,,,,,,
ncaab:400987376,ncaab,2018-02-14T00:00Z,final,145,8,Ole Miss,Arkansas,64,75,,,,0,,,,,,,,,,2,,0,Oxford,MS,1,154,,,,-6.0,"23,41","34,41",,,,,,,,
ncaab:400989168,ncaab,2018-02-14T00:00Z,final,66,2305,Iowa State,Kansas,77,83,,,,0,,,,,,,,,,2,,0,Ames,IA,1,287,,,,-6.0,"34,43","39,44",,,,,,,,
ncaab:400989225,ncaab,2018-02-14T00:00Z,final,2641,201,Texas Tech,Oklahoma,88,78,,,,0,,,,,,,,,,2,,0,Lubbock,TX,1,976,,,,-6.0,"36,52","37,41",,,,,,,,
ncaab:400989946,ncaab,2018-02-14T00:00Z,final,2325,179,La Salle,St Bonaventure,68,79,,,,0,,,,,,,,,,2,,0,Philadelphia,PA,1,12,,,,-5.0,"32,36","42,37",,,,,,,,
ncaab:400990260,ncaab,2018-02-14T00:00Z,final,189,2711,Bowling Green,W Michigan,83,81,,,,0,,,,,,,,,,2,,0,Bowling Green,OH,1,212,,,,-5.0,"34,49","45,36",,,,,,,,
ncaab:400990261,ncaab,2018-02-14T00:00Z,final,2084,2309,Buffalo,Kent State,84,72,,,,0,,,,,,,,,,2,,0,Buffalo,NY,1,183,,,,-5.0,"45,39","27,45",,,,,,,,
ncaab:400990262,ncaab,2018-02-14T00:00Z,final,2649,195,Toledo,Ohio,82,74,,,,0,,,,,,,,,,2,,0,Toledo,OH,1,186,,,,-5.0,"39,43","29,45",,,,,,,,
ncaab:400990264,ncaab,2018-02-14T00:00Z,final,2006,2050,Akron,Ball State,77,90,,,,0,,,,,,,,,,2,,0,Akron,OH,1,291,,,,-5.0,"40,37","41,49",,,,,,,,
ncaab:400990333,ncaab,2018-02-14T00:00Z,final,2199,193,E Michigan,Miami OH,58,57,,,,0,,,,,,,,,,2,,0,Ypsilanti,MI,1,219,,,,-5.0,"33,25","18,39",,,,,,,,
ncaab:400991191,ncaab,2018-02-14T00:00Z,final,2405,2612,Monmouth,Saint Peter's,73,57,,,,0,,,,,,,,,,2,,0,West Long Branch,NJ,1,9,,,,-5.0,"41,32","27,30",,,,,,,,
ncaab:401019074,ncaab,2018-02-14T00:00Z,final,256,350,James Madison,UNC Wilmington,62,61,,,,0,,,,,,,,,,2,,0,Harrisonburg,VA,1,404,,,,-5.0,"25,37","30,31",,,,,,,,
ncaab:400988611,ncaab,2018-02-14T01:00Z,final,156,132,Creighton,Bemidji St,94,46,,,,0,,,,,,,,,,2,,0,Omaha,NE,1,323,,,,-6.0,"45,49","34,12",,,,,,,,
ncaab:400989414,ncaab,2018-02-14T01:00Z,final,2449,561,N Dakota St,Mayville St,87,53,,,,0,,,,,,,,,,2,,0,Fargo,ND,1,276,,,,-6.0,"39,48","26,27",,,,,,,,
ncaab:400989739,ncaab,2018-02-14T01:00Z,final,2460,339,Northern Iowa,Evansville,47,41,,,,0,,,,,,,,,,2,,0,Cedar Falls,IA,1,268,,,,-6.0,"30,17","23,18",,,,,,,,
ncaab:400990263,ncaab,2018-02-14T01:00Z,final,2459,2117,N Illinois,C Michigan,72,80,,,,0,,,,,,,,,,2,,0,Dekalb,IL,1,268,,,,-6.0,"39,33","40,40",,,,,,,,
ncaab:400989983,ncaab,2018-02-14T01:30Z,final,227,257,Rhode Island,Richmond,85,67,,,,0,,,,,,,,,,2,,0,Kingston,RI,1,75,,,,-5.0,"35,50","29,38",,,,,,,,
ncaab:400986260,ncaab,2018-02-14T02:00Z,final,2390,258,Miami,Virginia,50,59,,,,0,,,,,,,,,,2,,0,Coral Gables,FL,1,3,,,,-5.0,"16,34","27,32",,,,,,,,
ncaab:400986564,ncaab,2018-02-14T02:00Z,final,135,127,Minnesota,Michigan St,57,87,,,,0,,,,,,,,,,2,,0,Minneapolis,MN,1,253,,,,-6.0,"25,32","43,44",,,,,,,,
ncaab:400986566,ncaab,2018-02-14T02:00Z,final,164,77,Rutgers,Northwestern,67,58,,,,0,,,,,,,,,,2,,0,Piscataway,NJ,1,30,,,,-5.0,"24,32,11","33,23,2",,,,,,,,
ncaab:400987374,ncaab,2018-02-14T02:00Z,final,2633,2579,Tennessee,South Carolina,70,67,,,,0,,,,,,,,,,2,,0,Knoxville,TN,1,276,,,,-5.0,"38,32","34,33",,,,,,,,
ncaab:400987377,ncaab,2018-02-14T02:00Z,final,333,99,Alabama,LSU,80,65,,,,0,,,,,,,,,,2,,0,Tuscaloosa,AL,1,68,,,,-6.0,"39,41","30,35",,,,,,,,
ncaab:400988111,ncaab,2018-02-14T23:00Z,final,2116,58,UCF,South Florida,72,57,,,,0,,,,,,,,,,2,,0,Orlando,FL,1,30,,,,-5.0,"33,39","27,30",,,,,,,,
ncaab:400986567,ncaab,2018-02-14T23:30Z,final,130,2294,Michigan,Iowa,74,59,,,,0,,,,,,,,,,2,,0,Ann Arbor,MI,1,269,,,,-5.0,"37,37","24,35",,,,,,,,
ncaab:400986261,ncaab,2018-02-15T00:00Z,final,150,259,Duke,Virginia Tech,74,52,,,,0,,,,,,,,,,2,,0,Durham,NC,1,123,,,,-5.0,"36,38","28,24",,,,,,,,
ncaab:400986318,ncaab,2018-02-15T00:00Z,final,52,228,Florida St,Clemson,81,79,,,,0,,,,,,,,,,2,,0,Tallahassee,FL,1,62,,,,-5.0,"29,41,11","41,29,9",,,,,,,,
ncaab:400987378,ncaab,2018-02-15T00:00Z,final,238,344,Vanderbilt,Mississippi St,81,80,,,,0,,,,,,,,,,2,,0,Nashville,TN,1,170,,,,-6.0,"40,41","31,49",,,,,,,,
ncaab:400988612,ncaab,2018-02-15T00:00Z,final,2507,222,Providence,Villanova,76,71,,,,0,,,,,,,,,,2,,0,Providence,RI,1,2,,,,-5.0,"27,49","23,48",,,,,,,,
ncaab:400989209,ncaab,2018-02-15T00:00Z,final,197,2306,Oklahoma St,Kansas St,72,82,,,,0,,,,,,,,,,2,,0,Stillwater,OK,1,273,,,,-6.0,"20,52","37,45",,,,,,,,
ncaab:400989415,ncaab,2018-02-15T00:00Z,final,2870,2710,Purdue FW,W Illinois,90,74,,,,0,,,,,,,,,,2,,0,Fort Wayne,IN,1,247,,,,-5.0,"45,45","31,43",,,,,,,,
ncaab:400989794,ncaab,2018-02-15T00:00Z,final,2670,2166,VCU,Davidson,63,74,,,,0,,,,,,,,,,2,,0,Richmond,VA,1,64,,,,-5.0,"24,39","28,46",,,,,,,,
ncaab:400989830,ncaab,2018-02-15T00:00Z,final,2244,2168,George Mason,Dayton,85,67,,,,0,,,,,,,,,,2,,0,Fairfax,VA,1,131,,,,-5.0,"36,49","27,40",,,,,,,,
ncaab:400989874,ncaab,2018-02-15T00:00Z,final,2230,2603,Fordham,Saint Joseph's,55,71,,,,0,,,,,,,,,,2,,0,Bronx,NY,1,28,,,,-5.0,"19,36","37,34",,,,,,,,
ncaab:400989913,ncaab,2018-02-15T00:00Z,final,113,45,UMass,G Washington,72,83,,,,0,,,,,,,,,,2,,0,Amherst,MA,1,82,,,,-5.0,"25,47","43,40",,,,,,,,
ncaab:400991974,ncaab,2018-02-15T00:00Z,final,44,104,American,Boston U,60,56,,,,0,,,,,,,,,,2,,0,Washington,DC,1,7,,,,-5.0,"35,25","28,28",,,,,,,,
ncaab:400991991,ncaab,2018-02-15T00:00Z,final,349,107,Army,Holy Cross,65,70,,,,0,,,,,,,,,,2,,0,West Point,NY,1,47,,,,-5.0,"30,35","38,32",,,,,,,,
ncaab:400992019,ncaab,2018-02-15T00:00Z,final,2083,2352,Bucknell,Loyola MD,94,53,,,,0,,,,,,,,,,2,,0,Lewisburg,PA,1,144,,,,-5.0,"44,50","31,22",,,,,,,,
ncaab:400992030,ncaab,2018-02-15T00:00Z,final,2142,2329,Colgate,Lehigh,78,88,,,,0,,,,,,,,,,2,,0,Hamilton,NY,1,181,,,,-5.0,"36,42","40,48",,,,,,,,
ncaab:400992046,ncaab,2018-02-15T00:00Z,final,2426,322,Navy,Lafayette,71,69,,,,0,,,,,,,,,,2,,0,Annapolis,MD,1,12,,,,-5.0,"31,40","33,36",,,,,,,,
ncaab:400992099,ncaab,2018-02-15T00:00Z,final,325,2174,Cleveland St,Detroit Mercy,75,72,,,,0,,,,,,,,,,2,,0,Cleveland,OH,1,199,,,,-5.0,"40,35","32,40",,,,,,,,
ncaab:400992174,ncaab,2018-02-15T00:00Z,final,2754,2473,Youngstown St,Oakland,75,73,,,,0,,,,,,,,,,2,,0,Youngstown,OH,1,259,,,,-5.0,"38,37","36,37",,,,,,,,
ncaab:400989080,ncaab,2018-02-15T00:30Z,final,2466,2277,N'Western St,Hou Christian,70,77,,,,0,,,,,,,,,,2,,0,Natchitoches,LA,1,36,,,,-6.0,"43,27","39,38",,,,,,,,
ncaab:400988112,ncaab,2018-02-15T01:00Z,final,2655,151,Tulane,East Carolina,80,82,,,,0,,,,,,,,,,2,,0,New Orleans,LA,1,0,,,,-6.0,"30,50","34,48",,,,,,,,
ncaab:400989076,ncaab,2018-02-15T01:00Z,final,2110,2377,C Arkansas,McNeese,72,76,,,,0,,,,,,,,,,2,,0,Conway,AR,1,95,,,,-6.0,"28,44","43,33",,,,,,,,
ncaab:400989077,ncaab,2018-02-15T01:00Z,final,2545,2443,SE Louisiana,LSU N Orleans,71,64,,,,0,,,,,,,,,,2,,0,Hammond,LA,1,13,,,,-6.0,"40,31","17,47",,,,,,,,
ncaab:400989078,ncaab,2018-02-15T01:00Z,final,357,2617,Texas A&M-CC,SF Austin,68,87,,,,0,,,,,,,,,,2,,0,Corpus Christi,TX,1,2,,,,-6.0,"29,39","40,47",,,,,,,,
ncaab:400989079,ncaab,2018-02-15T01:00Z,final,2320,2916,Lamar,Incarnate Word,85,62,,,,0,,,,,,,,,,2,,0,Beaumont,TX,1,5,,,,-6.0,"40,45","29,33",,,,,,,,
ncaab:400989416,ncaab,2018-02-15T01:00Z,final,198,233,Oral Roberts,South Dakota,67,85,,,,0,,,,,,,,,,2,,0,Tulsa,OK,1,220,,,,-6.0,"41,26","33,52",,,,,,,,
ncaab:400989740,ncaab,2018-02-15T01:00Z,final,2181,282,Drake,Indiana St,90,76,,,,0,,,,,,,,,,2,,0,Des Moines,IA,1,266,,,,-6.0,"46,44","44,32",,,,,,,,
ncaab:400989741,ncaab,2018-02-15T01:00Z,final,71,2287,Bradley,Illinois St,70,58,,,,0,,,,,,,,,,2,,0,Peoria,IL,1,153,,,,-6.0,"29,41","22,36",,,,,,,,
ncaab:400989742,ncaab,2018-02-15T01:00Z,final,79,2623,S Illinois,Missouri St,81,80,,,,0,,,,,,,,,,2,,0,Carbondale,IL,1,126,,,,-6.0,"35,35,11","34,36,10",,,,,,,,
ncaab:400989743,ncaab,2018-02-15T01:00Z,final,2350,2674,Loyola Chicago,Valparaiso,80,71,,,,0,,,,,,,,,,2,,0,Chicago,IL,1,179,,,,-6.0,"28,52","21,50",,,,,,,,
ncaab:400986568,ncaab,2018-02-15T01:30Z,final,84,356,Indiana,Illinois,78,68,,,,0,,,,,,,,,,2,,0,Bloomington,IN,1,235,,,,-5.0,"35,43","25,43",,,,,,,,
ncaab:400986262,ncaab,2018-02-15T02:00Z,final,154,59,Wake Forest,Georgia Tech,79,62,,,,0,,,,,,,,,,2,,0,Winston-Salem,NC,1,293,,,,-5.0,"44,35","36,26",,,,,,,,
ncaab:400986263,ncaab,2018-02-15T02:00Z,final,183,152,Syracuse,NC State,70,74,,,,0,,,,,,,,,,2,,0,Syracuse,NY,1,121,,,,-5.0,"32,38","35,39",,,,,,,,
ncaab:400987379,ncaab,2018-02-15T02:00Z,final,2,96,Auburn,Kentucky,76,66,,,,0,,,,,,,,,,2,,0,Auburn,AL,1,215,,,,-6.0,"39,37","33,33",,,,,,,,
ncaab:400987380,ncaab,2018-02-15T02:00Z,final,57,61,Florida,Georgia,69,72,,,,0,,,,,,,,,,2,,0,Gainesville,FL,1,54,,,,-5.0,"34,25,10","27,32,13",,,,,,,,
ncaab:400988113,ncaab,2018-02-15T02:00Z,final,2567,235,SMU,Memphis,67,70,,,,0,,,,,,,,,,2,,0,Dallas,TX,1,128,,,,-6.0,"20,47","29,41",,,,,,,,
ncaab:400988613,ncaab,2018-02-15T02:00Z,final,305,2599,DePaul,St John's,76,77,,,,0,,,,,,,,,,2,,0,Chicago,IL,1,179,,,,-6.0,"38,38","37,40",,,,,,,,
ncaab:400988614,ncaab,2018-02-15T02:00Z,final,2752,2550,Xavier,Seton Hall,102,90,,,,0,,,,,,,,,,2,,0,Cincinnati,OH,1,191,,,,-5.0,"45,57","25,65",,,,,,,,
ncaab:400989417,ncaab,2018-02-15T02:00Z,final,2172,2437,Denver,Omaha,94,78,,,,0,,,,,,,,,,2,,0,Denver,CO,1,1609,,,,-7.0,"52,42","36,42",,,,,,,,
ncaab:400991789,ncaab,2018-02-15T02:00Z,final,167,328,New Mexico,Utah State,78,63,,,,0,,,,,,,,,,2,,0,Albuquerque,NM,1,1511,,,,-7.0,"36,42","34,29",,,,,,,,
ncaab:400989081,ncaab,2018-02-15T02:15Z,final,2447,2534,Nicholls,Sam Houston,73,72,,,,0,,,,,,,,,,2,,0,Thibodaux,LA,1,4,,,,-6.0,"41,32","34,38",,,,,,,,
ncaab:400991700,ncaab,2018-02-15T03:00Z,final,2439,2005,UNLV,Air Force,81,73,,,,0,,,,,,,,,,2,,0,Las Vegas,NV,1,610,,,,-8.0,"31,50","25,48",,,,,,,,
ncaab:400991758,ncaab,2018-02-15T03:00Z,final,23,278,San José St,Fresno St,57,77,,,,0,,,,,,,,,,2,,0,San Jose,CA,1,26,,,,-8.0,"31,26","32,45",,,,,,,,
ncaab:400992478,ncaab,2018-02-15T03:00Z,final,2463,27,CSU Northridge,UC Riverside,62,69,,,,0,,,,,,,,,,2,,0,Northridge,CA,1,246,,,,-8.0,"30,32","28,41",,,,,,,,
ncaab:400991721,ncaab,2018-02-15T04:00Z,final,68,2440,Boise St,Nevada,72,77,,,,0,,,,,,,,,,2,,0,Boise,ID,1,823,,,,-7.0,"34,38","37,40",,,,,,,,
ncaab:400991798,ncaab,2018-02-15T04:00Z,final,21,2751,San Diego St,Wyoming,87,77,,,,0,,,,,,,,,,2,,0,San Diego,CA,1,20,,,,-8.0,"53,34","31,46",,,,,,,,
ncaab:400988807,ncaab,2018-02-15T23:00Z,final,2643,2430,The Citadel,UNC Greensboro,66,82,,,,0,,,,,,,,,,2,,0,Charleston,SC,1,6,,,,-5.0,"30,36","37,45",,,,,,,,
ncaab:400990854,ncaab,2018-02-15T23:00Z,final,2529,2681,Sacred Heart,Wagner,84,99,,,,0,,,,,,,,,,2,,0,Fairfield,CT,1,4,,,,-8.0,"36,48","45,54",,,,,,,,
ncaab:400986569,ncaab,2018-02-16T00:00Z,final,275,2509,Wisconsin,Purdue,57,53,,,,0,,,,,,,,,,2,,0,Madison,WI,1,267,,,,-6.0,"21,36","21,32",,,,,,,,
ncaab:400988114,ncaab,2018-02-16T00:00Z,final,2724,218,Wichita St,Temple,93,86,,,,0,,,,,,,,,,2,,0,Wichita,KS,1,396,,,,-6.0,"42,51","56,30",,,,,,,,
ncaab:400988115,ncaab,2018-02-16T00:00Z,final,41,202,UConn,Tulsa,71,73,,,,0,,,,,,,,,,2,,0,Hartford,CT,1,18,,,,-5.0,"40,31","31,42",,,,,,,,
ncaab:400988116,ncaab,2018-02-16T00:00Z,final,248,2132,Houston,Cincinnati,67,62,,,,0,,,,,,,,,,2,,0,Houston,TX,1,12,,,,-6.0,"24,43","27,35",,,,,,,,
ncaab:400988808,ncaab,2018-02-16T00:00Z,final,231,236,Furman,Chattanooga,75,56,,,,0,,,,,,,,,,2,,0,Greenville,SC,1,307,,,,-5.0,"43,32","23,33",,,,,,,,
ncaab:400988809,ncaab,2018-02-16T00:00Z,final,2382,2678,Mercer,VMI,82,58,,,,0,,,,,,,,,,2,,0,Macon,GA,1,112,,,,-5.0,"41,41","23,35",,,,,,,,
ncaab:400990010,ncaab,2018-02-16T00:00Z,final,2349,399,UMass Lowell,UAlbany,81,91,,,,0,,,,,,,,,,2,,0,Lowell,MA,1,36,,,,-5.0,"33,48","48,43",,,,,,,,
ncaab:400990035,ncaab,2018-02-16T00:00Z,final,2066,2619,Binghamton,Stony Brook,69,57,,,,0,,,,,,,,,,2,,0,Binghamton,NY,1,264,,,,-5.0,"32,37","26,31",,,,,,,,
ncaab:400990850,ncaab,2018-02-16T00:00Z,final,2523,2803,Robert Morris,Bryant,83,60,,,,0,,,,,,,,,,2,,0,Pittsburgh,PA,1,233,,,,-5.0,"46,37","32,28",,,,,,,,
ncaab:400990851,ncaab,2018-02-16T00:00Z,final,2598,2115,Saint Francis,C Connecticut,77,71,,,,0,,,,,,,,,,2,,0,Loretto,PA,1,595,,,,-5.0,"35,26,16","23,38,10",,,,,,,,
ncaab:400990852,ncaab,2018-02-16T00:00Z,final,116,161,Mount St Marys,FDU,79,80,,,,0,,,,,,,,,,2,,0,Emmitsburg,MD,1,133,,,,-5.0,"38,41","36,44",,,,,,,,
ncaab:400990853,ncaab,2018-02-16T00:00Z,final,2597,112358,St Francis BK,Long Island,84,79,,,,0,,,,,,,,,,2,,0,Brooklyn,NY,1,15,,,,-5.0,"48,36","41,38",,,,,,,,
ncaab:400991192,ncaab,2018-02-16T00:00Z,final,2217,2368,Fairfield,Marist,83,79,,,,0,,,,,,,,,,2,,0,Bridgeport,CT,1,1,,,,-5.0,"38,45","32,47",,,,,,,,
ncaab:400991193,ncaab,2018-02-16T00:00Z,final,2514,2363,Quinnipiac,Manhattan,71,70,,,,0,,,,,,,,,,2,,0,Hamden,CT,1,31,,,,-5.0,"38,33","37,33",,,,,,,,
ncaab:400991194,ncaab,2018-02-16T00:00Z,final,2520,2561,Rider,Siena,97,71,,,,0,,,,,,,,,,2,,0,Lawrenceville,NJ,1,37,,,,-5.0,"50,47","38,33",,,,,,,,
ncaab:400991387,ncaab,2018-02-16T00:00Z,final,256,232,James Madison,Charleston,78,81,,,,0,,,,,,,,,,2,,0,Harrisonburg,VA,1,404,,,,-5.0,"35,34,9","37,32,12",,,,,,,,
ncaab:400991410,ncaab,2018-02-16T00:00Z,final,119,48,Towson,Delaware,67,65,,,,0,,,,,,,,,,2,,0,Towson,MD,1,141,,,,-5.0,"30,37","32,33",,,,,,,,
ncaab:400991429,ncaab,2018-02-16T00:00Z,final,111,2182,Northeastern,Drexel,75,69,,,,0,,,,,,,,,,2,,0,Boston,MA,1,14,,,,-5.0,"43,32","33,36",,,,,,,,
ncaab:400991448,ncaab,2018-02-16T00:00Z,final,350,2210,UNC Wilmington,Elon,87,63,,,,0,,,,,,,,,,2,,0,Wilmington,NC,1,9,,,,-5.0,"54,33","36,27",,,,,,,,
ncaab:400991461,ncaab,2018-02-16T00:00Z,final,2275,2729,Hofstra,William & Mary,90,84,,,,0,,,,,,,,,,2,,0,Hempstead,NY,1,17,,,,-5.0,"48,42","36,48",,,,,,,,
ncaab:400991525,ncaab,2018-02-16T00:00Z,final,42,311,Hartford,Maine,67,63,,,,0,,,,,,,,,,2,,0,West Hartford,CT,1,40,,,,-5.0,"36,31","36,27",,,,,,,,
ncaab:400991556,ncaab,2018-02-16T00:00Z,final,261,160,Vermont,New Hampshire,71,58,,,,0,,,,,,,,,,2,,0,Burlington,VT,1,61,,,,-5.0,"33,38","33,25",,,,,,,,
ncaab:400991871,ncaab,2018-02-16T00:00Z,final,526,338,FGCU,Kennesaw St,93,97,,,,0,,,,,,,,,,2,,0,Fort Myers,FL,1,3,,,,-5.0,"39,54","43,54",,,,,,,,
ncaab:400991894,ncaab,2018-02-16T00:00Z,final,294,2885,Jacksonville,NJIT,69,71,,,,0,,,,,,,,,,2,,0,Jacksonville,FL,1,5,,,,-5.0,"25,44","31,40",,,,,,,,
ncaab:400991921,ncaab,2018-02-16T00:00Z,final,56,288,Stetson,Lipscomb,73,82,,,,0,,,,,,,,,,2,,0,DeLand,FL,1,12,,,,-5.0,"33,40","36,46",,,,,,,,
ncaab:400991940,ncaab,2018-02-16T00:00Z,final,2454,2908,North Florida,SC Upstate,109,100,,,,0,,,,,,,,,,2,,0,Jacksonville,FL,1,5,,,,-5.0,"47,62","42,58",,,,,,,,
ncaab:400992306,ncaab,2018-02-16T00:00Z,final,2344,2127,Longwood,Charleston So,65,77,,,,0,,,,,,,,,,2,,0,Farmville,VA,1,90,,,,-5.0,"33,32","31,46",,,,,,,,
ncaab:400992322,ncaab,2018-02-16T00:00Z,final,2241,2737,Gardner-Webb,Winthrop,71,90,,,,0,,,,,,,,,,2,,0,Boiling Springs,NC,1,269,,,,-5.0,"39,32","44,46",,,,,,,,
ncaab:400992339,ncaab,2018-02-16T00:00Z,final,2506,2272,Presbyterian,High Point,69,62,,,,0,,,,,,,,,,2,,0,Clinton,SC,1,76,,,,-5.0,"29,40","29,33",,,,,,,,
ncaab:400992356,ncaab,2018-02-16T00:00Z,final,2427,2335,UNC Asheville,Liberty,69,82,,,,0,,,,,,,,,,2,,0,Asheville,NC,1,649,,,,-5.0,"25,44,0","33,36,13",,,,,,,,
ncaab:400992666,ncaab,2018-02-16T00:00Z,final,2429,2638,Charlotte,UTEP,86,87,,,,0,,,,,,,,,,2,,0,Charlotte,NC,1,229,,,,-5.0,"45,41","53,34",,,,,,,,
ncaab:400988806,ncaab,2018-02-16T00:30Z,final,2717,2747,W Carolina,Wofford,69,84,,,,0,,,,,,,,,,2,,0,Cullowhee,NC,1,645,,,,-5.0,"24,45","36,48",,,,,,,,
ncaab:400990493,ncaab,2018-02-16T00:30Z,final,2026,6,App State,South Alabama,66,77,,,,0,,,,,,,,,,2,,0,Boone,NC,1,981,,,,-5.0,"32,34","31,46",,,,,,,,
ncaab:400990494,ncaab,2018-02-16T00:30Z,final,324,2653,Coastal,Troy,65,66,,,,0,,,,,,,,,,2,,0,Conway,SC,1,10,,,,-5.0,"31,34","31,35",,,,,,,,
ncaab:400991030,ncaab,2018-02-16T00:30Z,final,2546,2197,SE Missouri,E Illinois,80,73,,,,0,,,,,,,,,,2,,0,Cape Girardeau,MO,1,108,,,,-6.0,"45,35","30,43",,,,,,,,
ncaab:400986570,ncaab,2018-02-16T01:00Z,final,213,194,Penn State,Ohio State,79,56,,,,0,,,,,,,,,,2,,0,University Park,PA,1,348,,,,-5.0,"45,34","21,35",,,,,,,,
ncaab:400990495,ncaab,2018-02-16T01:00Z,final,2433,250,UL Monroe,UT Arlington,84,71,,,,0,,,,,,,,,,2,,0,Monroe,LA,1,23,,,,-6.0,"41,43","34,37",,,,,,,,
ncaab:400990690,ncaab,2018-02-16T01:00Z,final,140,2130,Kansas City,Chicago St,76,67,,,,0,,,,,,,,,,2,,0,Kansas City,MO,1,274,,,,-6.0,"39,37","23,44",,,,,,,,
ncaab:400991029,ncaab,2018-02-16T01:00Z,final,2057,2198,Belmont,E Kentucky,84,73,,,,0,,,,,,,,,,2,,0,Nashville,TN,1,170,,,,-6.0,"41,43","29,44",,,,,,,,
ncaab:400991031,ncaab,2018-02-16T01:00Z,final,93,55,Murray St,Jax State,68,60,,,,0,,,,,,,,,,2,,0,Murray,KY,1,163,,,,-6.0,"29,39","23,37",,,,,,,,
ncaab:400991032,ncaab,2018-02-16T01:00Z,final,2630,2565,UT Martin,SIUE,69,70,,,,0,,,,,,,,,,2,,0,Martin,TN,1,124,,,,-6.0,"34,35","41,29",,,,,,,,
ncaab:400991344,ncaab,2018-02-16T01:00Z,final,155,253,North Dakota,Southern Utah,61,57,,,,0,,,,,,,,,,2,,0,Grand Forks,ND,1,253,,,,-6.0,"27,34","33,24",,,,,,,,
ncaab:400992662,ncaab,2018-02-16T01:00Z,final,242,276,Rice,Marshall,80,93,,,,0,,,,,,,,,,2,,0,Houston,TX,1,12,,,,-6.0,"40,40","42,51",,,,,,,,
ncaab:400992663,ncaab,2018-02-16T01:00Z,final,2572,2393,Southern Miss,MTSU,62,72,,,,0,,,,,,,,,,2,,0,Hattiesburg,MS,1,52,,,,-6.0,"36,26","37,35",,,,,,,,
ncaab:400992665,ncaab,2018-02-16T01:00Z,final,295,2636,Old Dominion,UTSA,100,62,,,,0,,,,,,,,,,2,,0,Norfolk,VA,1,2,,,,-5.0,"52,48","36,26",,,,,,,,
ncaab:400990496,ncaab,2018-02-16T01:15Z,final,309,326,Louisiana,Texas St,73,63,,,,0,,,,,,,,,,2,,0,Lafayette,LA,1,11,,,,-6.0,"34,39","24,39",,,,,,,,
ncaab:400991028,ncaab,2018-02-16T01:30Z,final,2046,2635,Austin Peay,Tennessee Tech,80,86,,,,0,,,,,,,,,,2,,0,Clarksville,TN,1,145,,,,-6.0,"28,52","36,50",,,,,,,,
ncaab:400991033,ncaab,2018-02-16T01:30Z,final,2634,2413,Tennessee St,Morehead St,83,74,,,,0,,,,,,,,,,2,,0,Nashville,TN,1,170,,,,-6.0,"35,48","30,44",,,,,,,,
ncaab:400986900,ncaab,2018-02-16T02:00Z,final,2250,2351,Gonzaga,LMU,76,46,,,,0,,,,,,,,,,2,,0,Spokane,WA,1,571,,,,-8.0,"39,37","20,26",,,,,,,,
ncaab:400988364,ncaab,2018-02-16T02:00Z,final,264,254,Washington,Utah,58,70,,,,0,,,,,,,,,,2,,0,Seattle,WA,1,56,,,,-8.0,"32,26","24,46",,,,,,,,
ncaab:400988365,ncaab,2018-02-16T02:00Z,final,30,2483,USC,Oregon,72,70,,,,0,,,,,,,,,,2,,0,Los Angeles,CA,1,89,,,,-8.0,"28,44","29,41",,,,,,,,
ncaab:400988366,ncaab,2018-02-16T02:00Z,final,9,12,Arizona St,Arizona,70,77,,,,0,,,,,,,,,,2,,0,Tempe,AZ,1,360,,,,-7.0,"38,32","39,38",,,,,,,,
ncaab:400990691,ncaab,2018-02-16T02:00Z,final,3084,166,Utah Valley,New Mexico St,86,79,,,,0,,,,,,,,,,2,,0,Orem,UT,1,1455,,,,-7.0,"41,45","37,42",,,,,,,,
ncaab:400991345,ncaab,2018-02-16T02:00Z,final,2458,2464,N Colorado,N Arizona,95,60,,,,0,,,,,,,,,,2,,0,Greeley,CO,1,1425,,,,-7.0,"44,51","37,23",,,,,,,,
ncaab:400992285,ncaab,2018-02-16T02:00Z,final,2515,2097,Radford,Campbell,72,53,,,,0,,,,,,,,,,2,,0,Radford,VA,1,567,,,,-5.0,"37,35","22,31",,,,,,,,
ncaab:400992664,ncaab,2018-02-16T02:00Z,final,2348,5,Louisiana Tech,UAB,73,60,,,,0,,,,,,,,,,2,,0,Ruston,LA,1,102,,,,-6.0,"36,37","32,28",,,,,,,,
ncaab:400992667,ncaab,2018-02-16T02:00Z,final,249,98,North Texas,Western KY,94,102,,,,0,,,,,,,,,,2,,0,Denton,TX,1,201,,,,-6.0,"41,39,14","33,47,22",,,,,,,,
ncaab:400991340,ncaab,2018-02-16T02:05Z,final,331,149,E Washington,Montana,74,65,,,,0,,,,,,,,,,2,,0,Cheney,WA,1,717,,,,-8.0,"35,39","32,33",,,,,,,,
ncaab:400986873,ncaab,2018-02-16T03:00Z,final,2492,252,Pepperdine,BYU,70,75,,,,0,,,,,,,,,,2,,0,Malibu,CA,1,32,,,,-8.0,"36,28,6","34,30,11",,,,,,,,
ncaab:400986949,ncaab,2018-02-16T03:00Z,final,301,279,San Diego,Pacific,55,67,,,,0,,,,,,,,,,2,,0,San Diego,CA,1,20,,,,-8.0,"24,31","29,38",,,,,,,,
ncaab:400986988,ncaab,2018-02-16T03:00Z,final,2501,2541,Portland,Santa Clara,72,81,,,,0,,,,,,,,,,2,,0,Portland,OR,1,12,,,,-8.0,"35,37","33,48",,,,,,,,
ncaab:400990692,ncaab,2018-02-16T03:00Z,final,2547,292,Seattle U,UT Rio Grande,85,68,,,,0,,,,,,,,,,2,,0,Seattle,WA,1,56,,,,-8.0,"39,46","23,45",,,,,,,,
ncaab:400991341,ncaab,2018-02-16T03:00Z,final,70,147,Idaho,Montana St,88,78,,,,0,,,,,,,,,,2,,0,Moscow,ID,1,786,,,,-8.0,"38,50","40,38",,,,,,,,
ncaab:400992440,ncaab,2018-02-16T03:00Z,final,13,302,Cal Poly,UC Davis,84,92,,,,0,,,,,,,,,,2,,0,San Luis Obispo,CA,1,71,,,,-8.0,"18,46,6,5,9","27,37,6,5,17",,,,,,,,
ncaab:400992503,ncaab,2018-02-16T03:00Z,final,299,2540,Long Beach St,Santa Barbara,70,80,,,,0,,,,,,,,,,2,,0,Long Beach,CA,1,9,,,,-8.0,"17,53","37,43",,,,,,,,
ncaab:400991343,ncaab,2018-02-16T03:05Z,final,16,304,Sacramento St,Idaho St,64,67,,,,0,,,,,,,,,,2,,0,Sacramento,CA,1,9,,,,-8.0,"31,33","32,35",,,,,,,,
ncaab:400987059,ncaab,2018-02-16T04:00Z,final,2539,2608,San Francisco,Saint Mary's,70,63,,,,0,,,,,,,,,,2,,0,San Francisco,CA,1,16,,,,-8.0,"35,35","38,25",,,,,,,,
ncaab:400988367,ncaab,2018-02-16T04:00Z,final,265,38,Washington St,Colorado,73,69,,,,0,,,,,,,,,,2,,0,Pullman,WA,1,717,,,,-8.0,"30,43","29,40",,,,,,,,
ncaab:400988368,ncaab,2018-02-16T04:00Z,final,26,204,UCLA,Oregon St,75,68,,,,0,,,,,,,,,,2,,0,Los Angeles,CA,1,89,,,,-8.0,"42,33","36,32",,,,,,,,
ncaab:400991342,ncaab,2018-02-16T04:00Z,final,2502,2692,Portland St,Weber St,86,95,,,,0,,,,,,,,,,2,,0,Portland,OR,1,12,,,,-8.0,"34,43,9","36,41,18",,,,,,,,
ncaab:400992492,ncaab,2018-02-16T04:00Z,final,300,62,UC Irvine,Hawai'i,61,62,,,,0,,,,,,,,,,2,,0,Irvine,CA,1,17,,,,-8.0,"32,29","39,23",,,,,,,,
ncaab:400989947,ncaab,2018-02-17T00:00Z,final,179,227,St Bonaventure,Rhode Island,77,74,,,,0,,,,,,,,,,2,,0,Saint Bonaventure,NY,1,435,,,,-5.0,"37,40","36,38",,,,,,,,
ncaab:400990266,ncaab,2018-02-17T00:00Z,final,2084,189,Buffalo,Bowling Green,95,82,,,,0,,,,,,,,,,2,,0,Buffalo,NY,1,183,,,,-5.0,"51,44","36,46",,,,,,,,
ncaab:400991195,ncaab,2018-02-17T00:00Z,final,314,315,Iona,Niagara,84,85,,,,0,,,,,,,,,,2,,0,New Rochelle,NY,1,26,,,,-5.0,"47,37","37,48",,,,,,,,
ncaab:400991196,ncaab,2018-02-17T00:00Z,final,2405,2099,Monmouth,Canisius,60,78,,,,0,,,,,,,,,,2,,0,West Long Branch,NJ,1,9,,,,-5.0,"30,30","39,39",,,,,,,,
ncaab:400991604,ncaab,2018-02-17T00:00Z,final,108,225,Harvard,Brown,65,58,,,,0,,,,,,,,,,2,,0,Cambridge,MA,1,5,,,,-5.0,"27,38","25,33",,,,,,,,
ncaab:400991622,ncaab,2018-02-17T00:00Z,final,171,219,Columbia,Penn,62,74,,,,0,,,,,,,,,,2,,0,New York,NY,1,10,,,,-5.0,"34,28","31,43",,,,,,,,
ncaab:400991649,ncaab,2018-02-17T00:00Z,final,159,43,Dartmouth,Yale,65,77,,,,0,,,,,,,,,,2,,0,Hanover,NH,1,162,,,,-5.0,"29,36","41,36",,,,,,,,
ncaab:400992100,ncaab,2018-02-17T00:00Z,final,325,2473,Cleveland St,Oakland,66,82,,,,0,,,,,,,,,,2,,0,Cleveland,OH,1,199,,,,-5.0,"36,30","38,44",,,,,,,,
ncaab:400992117,ncaab,2018-02-17T00:00Z,final,2754,2174,Youngstown St,Detroit Mercy,84,94,,,,0,,,,,,,,,,2,,0,Youngstown,OH,1,259,,,,-5.0,"36,48","37,57",,,,,,,,
ncaab:400991636,ncaab,2018-02-17T01:00Z,final,172,163,Cornell,Princeton,107,101,,,,0,,,,,,,,,,2,,0,Ithaca,NY,1,125,,,,-5.0,"25,51,6,6,19","36,40,6,6,13",,,,,,,,
ncaab:400992149,ncaab,2018-02-17T01:00Z,final,270,85,Milwaukee,IU Indy,71,76,,,,0,,,,,,,,,,2,,0,Milwaukee,WI,1,188,,,,-6.0,"32,32,7","38,26,12",,,,,,,,
ncaab:400990497,ncaab,2018-02-17T02:00Z,final,290,2247,GA Southern,Georgia St,85,80,,,,0,,,,,,,,,,2,,0,Statesboro,GA,1,77,,,,-5.0,"38,47","30,50",,,,,,,,
ncaab:400992137,ncaab,2018-02-17T02:00Z,final,2739,82,Green Bay,UIC,75,83,,,,0,,,,,,,,,,2,,0,Ashwaubenon,WI,1,185,,,,-6.0,"38,37","34,49",,,,,,,,
ncaab:400992192,ncaab,2018-02-17T02:00Z,final,2750,94,Wright St,N Kentucky,69,67,,,,0,,,,,,,,,,2,,0,Dayton,OH,1,225,,,,-5.0,"32,37","30,37",,,,,,,,
ncaab:400988117,ncaab,2018-02-17T16:00Z,final,2116,2567,UCF,SMU,52,37,,,,0,,,,,,,,,,2,,0,Orlando,FL,1,30,,,,-5.0,"26,26","17,20",,,,,,,,
ncaab:400986264,ncaab,2018-02-17T17:00Z,final,2390,183,Miami,Syracuse,55,62,,,,0,,,,,,,,,,2,,0,Coral Gables,FL,1,3,,,,-5.0,"25,30","25,37",,,,,,,,
ncaab:400986265,ncaab,2018-02-17T17:00Z,final,59,259,Georgia Tech,Virginia Tech,56,76,,,,0,,,,,,,,,,2,,0,Atlanta,GA,1,320,,,,-5.0,"29,27","43,33",,,,,,,,
ncaab:400988615,ncaab,2018-02-17T17:00Z,final,2086,2507,Butler,Providence,69,54,,,,0,,,,,,,,,,2,,0,Indianapolis,IN,1,218,,,,-5.0,"33,36","35,19",,,,,,,,
ncaab:400989226,ncaab,2018-02-17T17:00Z,final,201,251,Oklahoma,Texas,66,77,,,,0,,,,,,,,,,2,,0,Norman,OK,1,357,,,,-6.0,"29,37","32,45",,,,,,,,
ncaab:400992008,ncaab,2018-02-17T17:00Z,final,104,2426,Boston U,Navy,48,62,,,,0,,,,,,,,,,2,,0,Boston,MA,1,14,,,,-5.0,"26,22","31,31",,,,,,,,
ncaab:400992020,ncaab,2018-02-17T17:05Z,final,107,2083,Holy Cross,Bucknell,67,68,,,,0,,,,,,,,,,2,,0,Worcester,MA,1,147,,,,-5.0,"33,33,1","32,34,2",,,,,,,,
ncaab:400988812,ncaab,2018-02-17T18:00Z,final,2643,2678,The Citadel,VMI,71,75,,,,0,,,,,,,,,,2,,0,Charleston,SC,1,6,,,,-5.0,"39,32","44,31",,,,,,,,
ncaab:400989169,ncaab,2018-02-17T18:00Z,final,2306,66,Kansas St,Iowa State,78,66,,,,0,,,,,,,,,,2,,0,Manhattan,KS,1,311,,,,-6.0,"33,45","33,33",,,,,,,,
ncaab:400990855,ncaab,2018-02-17T18:00Z,final,2598,2803,Saint Francis,Bryant,89,56,,,,0,,,,,,,,,,2,,0,Loretto,PA,1,595,,,,-5.0,"37,52","21,35",,,,,,,,
ncaab:400990859,ncaab,2018-02-17T18:00Z,final,2529,116,Sacred Heart,Mount St Marys,69,74,,,,0,,,,,,,,,,2,,0,Fairfield,CT,1,4,,,,-8.0,"30,39","37,37",,,,,,,,
ncaab:400991197,ncaab,2018-02-17T18:00Z,final,2217,2514,Fairfield,Quinnipiac,102,98,,,,0,,,,,,,,,,2,,0,Bridgeport,CT,1,1,,,,-5.0,"33,51,8,10","45,39,8,6",,,,,,,,
ncaab:400986571,ncaab,2018-02-17T19:00Z,final,77,127,Northwestern,Michigan St,60,65,,,,0,,,,,,,,,,2,,0,Rosemont,IL,1,194,,,,-6.0,"49,11","27,38",,,,,,,,
ncaab:400986572,ncaab,2018-02-17T19:00Z,final,2294,84,Iowa,Indiana,82,84,,,,0,,,,,,,,,,2,,0,Iowa City,IA,1,204,,,,-6.0,"45,37","42,42",,,,,,,,
ncaab:400987382,ncaab,2018-02-17T19:00Z,final,99,142,LSU,Missouri,64,63,,,,0,,,,,,,,,,2,,0,Baton Rouge,LA,1,14,,,,-6.0,"36,28","33,30",,,,,,,,
ncaab:400987386,ncaab,2018-02-17T19:00Z,final,96,333,Kentucky,Alabama,81,71,,,,0,,,,,,,,,,2,,0,Lexington,KY,1,295,,,,-5.0,"39,42","34,37",,,,,,,,
ncaab:400988811,ncaab,2018-02-17T19:00Z,final,2717,2193,W Carolina,ETSU,61,72,,,,0,,,,,,,,,,2,,0,Cullowhee,NC,1,645,,,,-5.0,"25,36","40,32",,,,,,,,
ncaab:400988813,ncaab,2018-02-17T19:00Z,final,2535,231,Samford,Furman,79,94,,,,0,,,,,,,,,,2,,0,Homewood,AL,1,203,,,,-6.0,"33,46","51,43",,,,,,,,
ncaab:400989745,ncaab,2018-02-17T19:00Z,final,282,79,Indiana St,S Illinois,72,76,,,,0,,,,,,,,,,2,,0,Terre Haute,IN,1,152,,,,-5.0,"32,33,7","42,23,11",,,,,,,,
ncaab:400989895,ncaab,2018-02-17T19:00Z,final,2325,2244,La Salle,George Mason,69,62,,,,0,,,,,,,,,,2,,0,Philadelphia,PA,1,12,,,,-5.0,"32,37","45,17",,,,,,,,
ncaab:400990265,ncaab,2018-02-17T19:00Z,final,2050,2649,Ball State,Toledo,99,71,,,,0,,,,,,,,,,2,,0,Muncie,IN,1,284,,,,-5.0,"51,48","34,37",,,,,,,,
ncaab:400990269,ncaab,2018-02-17T19:00Z,final,2309,2006,Kent State,Akron,78,68,,,,0,,,,,,,,,,2,,0,Kent,OH,1,325,,,,-5.0,"32,46","31,37",,,,,,,,
ncaab:400991701,ncaab,2018-02-17T19:00Z,final,68,2005,Boise St,Air Force,76,52,,,,0,,,,,,,,,,2,,0,Boise,ID,1,823,,,,-7.0,"38,38","25,27",,,,,,,,
ncaab:400991975,ncaab,2018-02-17T19:00Z,final,322,44,Lafayette,American,90,85,,,,0,,,,,,,,,,2,,0,Easton,PA,1,97,,,,-5.0,"39,51","39,46",,,,,,,,
ncaab:400992668,ncaab,2018-02-17T19:00Z,final,2226,2229,FAU,FIU,77,72,,,,0,,,,,,,,,,2,,0,Boca Raton,FL,1,4,,,,-5.0,"39,38","42,30",,,,,,,,
ncaab:400988118,ncaab,2018-02-17T20:00Z,final,2655,235,Tulane,Memphis,63,68,,,,0,,,,,,,,,,2,,0,New Orleans,LA,1,0,,,,-6.0,"22,41","28,40",,,,,,,,
ncaab:400989418,ncaab,2018-02-17T20:00Z,final,2571,2710,S Dakota St,W Illinois,82,62,,,,0,,,,,,,,,,2,,0,Brookings,SD,1,494,,,,-6.0,"38,44","23,39",,,,,,,,
ncaab:400989419,ncaab,2018-02-17T20:00Z,final,2449,2870,N Dakota St,Purdue FW,72,84,,,,0,,,,,,,,,,2,,0,Fargo,ND,1,276,,,,-6.0,"32,40","40,44",,,,,,,,
ncaab:400990502,ncaab,2018-02-17T20:00Z,final,2433,326,UL Monroe,Texas St,79,71,,,,0,,,,,,,,,,2,,0,Monroe,LA,1,23,,,,-6.0,"37,42","31,40",,,,,,,,
ncaab:400987381,ncaab,2018-02-17T20:30Z,final,2579,2,South Carolina,Auburn,84,75,,,,0,,,,,,,,,,2,,0,Columbia,SC,1,89,,,,-5.0,"46,38","25,50",,,,,,,,
ncaab:400990347,ncaab,2018-02-17T20:30Z,final,195,193,Ohio,Miami OH,92,87,,,,0,,,,,,,,,,2,,0,Athens,OH,1,219,,,,-5.0,"43,36,13","35,44,8",,,,,,,,
ncaab:400990498,ncaab,2018-02-17T20:30Z,final,2026,2653,App State,Troy,65,54,,,,0,,,,,,,,,,2,,0,Boone,NC,1,981,,,,-5.0,"34,31","27,27",,,,,,,,
ncaab:400990499,ncaab,2018-02-17T20:30Z,final,324,6,Coastal,South Alabama,72,70,,,,0,,,,,,,,,,2,,0,Conway,SC,1,10,,,,-5.0,"27,45","30,40",,,,,,,,
ncaab:400986266,ncaab,2018-02-17T21:00Z,final,103,87,Boston College,Notre Dame,67,84,,,,0,,,,,,,,,,2,,0,Chestnut Hill,MA,1,60,,,,-5.0,"30,37","46,38",,,,,,,,
ncaab:400986641,ncaab,2018-02-17T21:00Z,final,154,152,Wake Forest,NC State,84,90,,,,0,,,,,,,,,,2,,0,Winston-Salem,NC,1,293,,,,-5.0,"34,50","40,50",,,,,,,,
ncaab:400986874,ncaab,2018-02-17T21:00Z,final,301,252,San Diego,BYU,75,62,,,,0,,,,,,,,,,2,,0,San Diego,CA,1,20,,,,-8.0,"39,36","28,34",,,,,,,,
ncaab:400987385,ncaab,2018-02-17T21:00Z,final,8,245,Arkansas,Texas A&M,94,75,,,,0,,,,,,,,,,2,,0,Fayetteville,AR,1,427,,,,-6.0,"43,51","32,43",,,,,,,,
ncaab:400987387,ncaab,2018-02-17T21:00Z,final,238,57,Vanderbilt,Florida,71,68,,,,0,,,,,,,,,,2,,0,Nashville,TN,1,170,,,,-6.0,"28,43","34,34",,,,,,,,
ncaab:400988814,ncaab,2018-02-17T21:00Z,final,2382,2430,Mercer,UNC Greensboro,77,74,,,,0,,,,,,,,,,2,,0,Macon,GA,1,112,,,,-5.0,"31,46","30,44",,,,,,,,
ncaab:400989083,ncaab,2018-02-17T21:00Z,final,2916,2617,Incarnate Word,SF Austin,70,81,,,,0,,,,,,,,,,2,,0,San Antonio,TX,1,198,,,,-6.0,"20,50","39,42",,,,,,,,
ncaab:400989914,ncaab,2018-02-17T21:00Z,final,45,2670,G Washington,VCU,80,56,,,,0,,,,,,,,,,2,,0,Washington,DC,1,7,,,,-5.0,"45,35","27,29",,,,,,,,
ncaab:400990693,ncaab,2018-02-17T21:00Z,final,2547,166,Seattle U,New Mexico St,73,63,,,,0,,,,,,,,,,2,,0,Seattle,WA,1,56,,,,-8.0,"28,29,16","28,29,6",,,,,,,,
ncaab:400990857,ncaab,2018-02-17T21:00Z,final,2597,161,St Francis BK,FDU,87,74,,,,0,,,,,,,,,,2,,0,Brooklyn,NY,1,15,,,,-5.0,"43,44","42,32",,,,,,,,
ncaab:400990858,ncaab,2018-02-17T21:00Z,final,2681,112358,Wagner,Long Island,78,74,,,,0,,,,,,,,,,2,,0,Staten Island,NY,1,21,,,,-5.0,"38,40","36,38",,,,,,,,
ncaab:400991351,ncaab,2018-02-17T21:00Z,final,2502,304,Portland St,Idaho St,91,77,,,,0,,,,,,,,,,2,,0,Portland,OR,1,12,,,,-8.0,"34,57","38,39",,,,,,,,
ncaab:400991430,ncaab,2018-02-17T21:00Z,final,2275,2182,Hofstra,Drexel,88,76,,,,0,,,,,,,,,,2,,0,Hempstead,NY,1,17,,,,-5.0,"32,56","34,42",,,,,,,,
ncaab:400991496,ncaab,2018-02-17T21:00Z,final,111,2729,Northeastern,William & Mary,69,67,,,,0,,,,,,,,,,2,,0,Boston,MA,1,14,,,,-5.0,"37,32","34,33",,,,,,,,
ncaab:400991799,ncaab,2018-02-17T21:00Z,final,21,2439,San Diego St,UNLV,94,56,,,,0,,,,,,,,,,2,,0,San Diego,CA,1,20,,,,-8.0,"48,46","28,28",,,,,,,,
ncaab:400991808,ncaab,2018-02-17T21:00Z,final,2751,23,Wyoming,San José St,89,75,,,,0,,,,,,,,,,2,,0,Laramie,WY,1,2184,,,,-7.0,"45,44","37,38",,,,,,,,
ncaab:400991908,ncaab,2018-02-17T21:00Z,final,56,338,Stetson,Kennesaw St,86,74,,,,0,,,,,,,,,,2,,0,DeLand,FL,1,12,,,,-5.0,"38,48","39,35",,,,,,,,
ncaab:400992715,ncaab,2018-02-17T21:00Z,final,2154,2065,Coppin St,Bethune,85,89,,,,0,,,,,,,,,,2,,0,Baltimore,MD,1,10,,,,-5.0,"43,42","40,49",,,,,,,,
ncaab:400992747,ncaab,2018-02-17T21:00Z,final,2169,50,Delaware St,Florida A&M,63,66,,,,0,,,,,,,,,,2,,0,Dover,DE,1,9,,,,-5.0,"30,33","37,29",,,,,,,,
ncaab:400992777,ncaab,2018-02-17T21:00Z,final,2448,47,NC A&T,Howard,83,69,,,,0,,,,,,,,,,2,,0,Greensboro,NC,1,266,,,,-5.0,"36,47","26,43",,,,,,,,
ncaab:400988616,ncaab,2018-02-17T21:30Z,final,2752,222,Xavier,Villanova,79,95,,,,0,,,,,,,,,,2,,0,Cincinnati,OH,1,191,,,,-5.0,"37,42","51,44",,,,,,,,
ncaab:400989082,ncaab,2018-02-17T21:30Z,final,2110,2447,C Arkansas,Nicholls,83,87,,,,0,,,,,,,,,,2,,0,Conway,AR,1,95,,,,-6.0,"44,39","44,43",,,,,,,,
ncaab:400989420,ncaab,2018-02-17T21:30Z,final,233,2437,South Dakota,Omaha,79,64,,,,0,,,,,,,,,,2,,0,Vermillion,SD,1,374,,,,-6.0,"39,40","24,40",,,,,,,,
ncaab:400990267,ncaab,2018-02-17T21:30Z,final,2117,2199,C Michigan,E Michigan,67,72,,,,0,,,,,,,,,,2,,0,Mount Pleasant,MI,1,235,,,,-5.0,"34,33","28,44",,,,,,,,
ncaab:400990268,ncaab,2018-02-17T21:30Z,final,2459,2711,N Illinois,W Michigan,75,67,,,,0,,,,,,,,,,2,,0,Dekalb,IL,1,268,,,,-6.0,"27,48","31,36",,,,,,,,
ncaab:400992817,ncaab,2018-02-17T21:45Z,final,2428,2379,NC Central,MD Eastern,77,49,,,,0,,,,,,,,,,2,,0,Durham,NC,1,123,,,,-5.0,"33,44","28,21",,,,,,,,
ncaab:400988810,ncaab,2018-02-17T22:00Z,final,236,2747,Chattanooga,Wofford,64,74,,,,0,,,,,,,,,,2,,0,Chattanooga,TN,1,206,,,,-5.0,"32,32","30,44",,,,,,,,
ncaab:400991348,ncaab,2018-02-17T22:00Z,final,155,2464,North Dakota,N Arizona,86,81,,,,0,,,,,,,,,,2,,0,Grand Forks,ND,1,253,,,,-6.0,"32,37,17","26,43,12",,,,,,,,
ncaab:400992515,ncaab,2018-02-17T22:00Z,final,2540,302,Santa Barbara,UC Davis,54,71,,,,0,,,,,,,,,,2,,0,Santa Barbara,CA,1,15,,,,-8.0,"29,25","34,37",,,,,,,,
ncaab:400992669,ncaab,2018-02-17T22:00Z,final,2572,5,Southern Miss,UAB,69,87,,,,0,,,,,,,,,,2,,0,Hattiesburg,MS,1,52,,,,-6.0,"36,33","33,54",,,,,,,,
ncaab:400992901,ncaab,2018-02-17T22:00Z,final,2400,2640,Miss Valley St,Texas Southern,71,72,,,,0,,,,,,,,,,2,,0,Itta Bena,MS,1,40,,,,-6.0,"34,37","34,38",,,,,,,,
ncaab:400991346,ncaab,2018-02-17T22:05Z,final,331,147,E Washington,Montana St,84,79,,,,0,,,,,,,,,,2,,0,Cheney,WA,1,717,,,,-8.0,"38,46","40,39",,,,,,,,
ncaab:400989084,ncaab,2018-02-17T22:15Z,final,2443,2377,LSU N Orleans,McNeese,90,74,,,,0,,,,,,,,,,2,,0,New Orleans,LA,1,0,,,,-6.0,"33,57","32,42",,,,,,,,
ncaab:400991035,ncaab,2018-02-17T22:15Z,final,2546,2565,SE Missouri,SIUE,79,74,,,,0,,,,,,,,,,2,,0,Cape Girardeau,MO,1,108,,,,-6.0,"35,44","28,46",,,,,,,,
ncaab:400989085,ncaab,2018-02-17T22:30Z,final,2320,357,Lamar,Texas A&M-CC,79,76,,,,0,,,,,,,,,,2,,0,Beaumont,TX,1,5,,,,-6.0,"30,49","34,42",,,,,,,,
ncaab:400986924,ncaab,2018-02-17T23:00Z,final,2539,2351,San Francisco,LMU,72,63,,,,0,,,,,,,,,,2,,0,San Francisco,CA,1,16,,,,-8.0,"29,43","25,38",,,,,,,,
ncaab:400987384,ncaab,2018-02-17T23:00Z,final,61,2633,Georgia,Tennessee,73,62,,,,0,,,,,,,,,,2,,0,Athens,GA,1,228,,,,-5.0,"28,45","26,36",,,,,,,,
ncaab:400989086,ncaab,2018-02-17T23:00Z,final,2545,2000,SE Louisiana,Abilene Chrstn,68,54,,,,0,,,,,,,,,,2,,0,Hammond,LA,1,13,,,,-6.0,"38,30","24,30",,,,,,,,
ncaab:400989744,ncaab,2018-02-17T23:00Z,final,2287,2460,Illinois St,Northern Iowa,79,75,,,,0,,,,,,,,,,2,,0,Normal,IL,1,244,,,,-6.0,"26,53","37,38",,,,,,,,
ncaab:400989854,ncaab,2018-02-17T23:00Z,final,2603,2184,Saint Joseph's,Duquesne,82,75,,,,0,,,,,,,,,,2,,0,Philadelphia,PA,1,12,,,,-5.0,"36,46","31,44",,,,,,,,
ncaab:400989962,ncaab,2018-02-17T23:00Z,final,257,139,Richmond,Saint Louis,66,72,,,,0,,,,,,,,,,2,,0,Richmond,VA,1,64,,,,-5.0,"27,39","30,42",,,,,,,,
ncaab:400991775,ncaab,2018-02-17T23:00Z,final,328,2440,Utah State,Nevada,87,93,,,,0,,,,,,,,,,2,,0,Logan,UT,1,1382,,,,-7.0,"40,47","52,41",,,,,,,,
ncaab:400991895,ncaab,2018-02-17T23:00Z,final,294,2908,Jacksonville,SC Upstate,82,70,,,,0,,,,,,,,,,2,,0,Jacksonville,FL,1,5,,,,-5.0,"35,47","27,43",,,,,,,,
ncaab:400992670,ncaab,2018-02-17T23:00Z,final,249,276,North Texas,Marshall,72,74,,,,0,,,,,,,,,,2,,0,Denton,TX,1,201,,,,-6.0,"38,34","33,41",,,,,,,,
ncaab:400992838,ncaab,2018-02-17T23:00Z,final,2010,2016,Alabama A&M,Alcorn St,60,80,,,,0,,,,,,,,,,2,,0,Normal,AL,1,220,,,,-6.0,"40,20","39,41",,,,,,,,
ncaab:400992856,ncaab,2018-02-17T23:00Z,final,2011,2582,Alabama St,Southern,67,71,,,,0,,,,,,,,,,2,,0,Montgomery,AL,1,73,,,,-6.0,"24,43","25,46",,,,,,,,
ncaab:400992941,ncaab,2018-02-17T23:00Z,final,2261,2569,Hampton,SC State,79,66,,,,0,,,,,,,,,,2,,0,Hampton,VA,1,1,,,,-5.0,"33,46","28,38",,,,,,,,
ncaab:400989189,ncaab,2018-02-17T23:15Z,final,2305,277,Kansas,West Virginia,77,69,,,,0,,,,,,,,,,2,,0,Lawrence,KS,1,263,,,,-6.0,"34,43","34,35",,,,,,,,
ncaab:400991637,ncaab,2018-02-17T23:30Z,final,172,219,Cornell,Penn,71,79,,,,0,,,,,,,,,,2,,0,Ithaca,NY,1,125,,,,-5.0,"31,40","31,48",,,,,,,,
ncaab:400992799,ncaab,2018-02-17T23:30Z,final,2450,2542,Norfolk St,Savannah St,85,77,,,,0,,,,,,,,,,2,,0,Norfolk,VA,1,2,,,,-5.0,"29,56","41,36",,,,,,,,
ncaab:400992890,ncaab,2018-02-17T23:30Z,final,2755,2296,Grambling,Jackson St,71,64,,,,0,,,,,,,,,,2,,0,Grambling,LA,1,93,,,,-6.0,"38,33","28,36",,,,,,,,
ncaab:400989795,ncaab,2018-02-18T00:00Z,final,2166,113,Davidson,UMass,83,78,,,,0,,,,,,,,,,2,,0,Davidson,NC,1,256,,,,-5.0,"41,42","36,42",,,,,,,,
ncaab:400989831,ncaab,2018-02-18T00:00Z,final,2168,2230,Dayton,Fordham,80,70,,,,0,,,,,,,,,,2,,0,Dayton,OH,1,225,,,,-5.0,"42,38","33,37",,,,,,,,
ncaab:400990856,ncaab,2018-02-18T00:00Z,final,2523,2115,Robert Morris,C Connecticut,58,65,,,,0,,,,,,,,,,2,,0,Pittsburgh,PA,1,233,,,,-5.0,"30,28","23,42",,,,,,,,
ncaab:400991036,ncaab,2018-02-18T00:00Z,final,2630,2197,UT Martin,E Illinois,57,64,,,,0,,,,,,,,,,2,,0,Martin,TN,1,124,,,,-6.0,"26,31","36,28",,,,,,,,
ncaab:400991198,ncaab,2018-02-18T00:00Z,final,2368,2612,Marist,Saint Peter's,69,51,,,,0,,,,,,,,,,2,,0,Poughkeepsie,NY,1,62,,,,-5.0,"24,45","30,21",,,,,,,,
ncaab:400991388,ncaab,2018-02-18T00:00Z,final,350,232,UNC Wilmington,Charleston,74,88,,,,0,,,,,,,,,,2,,0,Wilmington,NC,1,9,,,,-5.0,"33,41","39,49",,,,,,,,
ncaab:400991411,ncaab,2018-02-18T00:00Z,final,48,2210,Delaware,Elon,72,57,,,,0,,,,,,,,,,2,,0,Newark,DE,1,38,,,,-5.0,"32,40","23,34",,,,,,,,
ncaab:400991477,ncaab,2018-02-18T00:00Z,final,119,256,Towson,James Madison,66,69,,,,0,,,,,,,,,,2,,0,Towson,MD,1,141,,,,-5.0,"30,36","34,35",,,,,,,,
ncaab:400991605,ncaab,2018-02-18T00:00Z,final,159,225,Dartmouth,Brown,66,63,,,,0,,,,,,,,,,2,,0,Hanover,NH,1,162,,,,-5.0,"37,29","34,29",,,,,,,,
ncaab:400991623,ncaab,2018-02-18T00:00Z,final,171,163,Columbia,Princeton,85,60,,,,0,,,,,,,,,,2,,0,New York,NY,1,10,,,,-5.0,"48,37","25,35",,,,,,,,
ncaab:400991740,ncaab,2018-02-18T00:00Z,final,278,36,Fresno St,Colorado St,86,65,,,,0,,,,,,,,,,2,,0,Fresno,CA,1,94,,,,-8.0,"37,49","26,39",,,,,,,,
ncaab:400991872,ncaab,2018-02-18T00:00Z,final,526,288,FGCU,Lipscomb,87,90,,,,0,,,,,,,,,,2,,0,Fort Myers,FL,1,3,,,,-5.0,"31,56","38,52",,,,,,,,
ncaab:400991930,ncaab,2018-02-18T00:00Z,final,2454,2885,North Florida,NJIT,86,75,,,,0,,,,,,,,,,2,,0,Jacksonville,FL,1,5,,,,-5.0,"39,47","39,36",,,,,,,,
ncaab:400991992,ncaab,2018-02-18T00:00Z,final,2329,349,Lehigh,Army,84,53,,,,0,,,,,,,,,,2,,0,Bethlehem,PA,1,109,,,,-5.0,"40,44","25,28",,,,,,,,
ncaab:400992671,ncaab,2018-02-18T00:00Z,final,2348,2393,Louisiana Tech,MTSU,70,87,,,,0,,,,,,,,,,2,,0,Ruston,LA,1,102,,,,-6.0,"33,37","39,48",,,,,,,,
ncaab:400992673,ncaab,2018-02-18T00:00Z,final,295,2638,Old Dominion,UTEP,82,33,,,,0,,,,,,,,,,2,,0,Norfolk,VA,1,2,,,,-5.0,"32,50","14,19",,,,,,,,
ncaab:400992674,ncaab,2018-02-18T00:00Z,final,2429,2636,Charlotte,UTSA,89,97,,,,0,,,,,,,,,,2,,0,Charlotte,NC,1,229,,,,-5.0,"34,50,5","41,43,13",,,,,,,,
ncaab:400989146,ncaab,2018-02-18T00:30Z,final,239,2641,Baylor,Texas Tech,59,57,,,,0,,,,,,,,,,2,,0,Waco,TX,1,143,,,,-6.0,"35,24","31,26",,,,,,,,
ncaab:400986573,ncaab,2018-02-18T01:00Z,final,120,164,Maryland,Rutgers,61,51,,,,0,,,,,,,,,,2,,0,College Park,MD,1,21,,,,-5.0,"31,30","19,32",,,,,,,,
ncaab:400986901,ncaab,2018-02-18T01:00Z,final,2250,2492,Gonzaga,Pepperdine,81,67,,,,0,,,,,,,,,,2,,0,Spokane,WA,1,571,,,,-8.0,"39,42","32,35",,,,,,,,
ncaab:400988369,ncaab,2018-02-18T01:00Z,final,264,38,Washington,Colorado,82,59,,,,0,,,,,,,,,,2,,0,Seattle,WA,1,56,,,,-8.0,"39,43","34,25",,,,,,,,
ncaab:400989087,ncaab,2018-02-18T01:00Z,final,2277,2534,Hou Christian,Sam Houston,78,86,,,,0,,,,,,,,,,2,,0,Houston,TX,1,12,,,,-6.0,"44,34","36,50",,,,,,,,
ncaab:400989237,ncaab,2018-02-18T01:00Z,final,2628,197,TCU,Oklahoma St,90,70,,,,0,,,,,,,,,,2,,0,Fort Worth,TX,1,199,,,,-6.0,"39,51","36,34",,,,,,,,
ncaab:400990500,ncaab,2018-02-18T01:00Z,final,2032,2031,Arkansas St,Little Rock,78,82,,,,0,,,,,,,,,,2,,0,Jonesboro,AR,1,99,,,,-6.0,"40,38","36,46",,,,,,,,
ncaab:400990501,ncaab,2018-02-18T01:00Z,final,309,250,Louisiana,UT Arlington,100,79,,,,0,,,,,,,,,,2,,0,Lafayette,LA,1,11,,,,-6.0,"47,53","33,46",,,,,,,,
ncaab:400991034,ncaab,2018-02-18T01:00Z,final,2046,55,Austin Peay,Jax State,60,57,,,,0,,,,,,,,,,2,,0,Clarksville,TN,1,145,,,,-6.0,"31,29","21,36",,,,,,,,
ncaab:400991037,ncaab,2018-02-18T01:00Z,final,2057,2413,Belmont,Morehead St,108,65,,,,0,,,,,,,,,,2,,0,Nashville,TN,1,170,,,,-6.0,"51,57","28,37",,,,,,,,
ncaab:400991039,ncaab,2018-02-18T01:00Z,final,93,2635,Murray St,Tennessee Tech,75,65,,,,0,,,,,,,,,,2,,0,Murray,KY,1,163,,,,-6.0,"38,37","27,38",,,,,,,,
ncaab:400992672,ncaab,2018-02-18T01:00Z,final,242,98,Rice,Western KY,66,85,,,,0,,,,,,,,,,2,,0,Houston,TX,1,12,,,,-6.0,"31,35","48,37",,,,,,,,
ncaab:400992912,ncaab,2018-02-18T01:00Z,final,2029,2504,AR-Pine Bluff,Prairie View,71,76,,,,0,,,,,,,,,,2,,0,Pine Bluff,AR,1,67,,,,-6.0,"30,34,7","36,28,12",,,,,,,,
ncaab:400986267,ncaab,2018-02-18T01:15Z,final,97,153,Louisville,North Carolina,76,93,,,,0,,,,,,,,,,2,,0,Louisville,KY,1,142,,,,-5.0,"40,36","49,44",,,,,,,,
ncaab:400987383,ncaab,2018-02-18T01:30Z,final,344,145,Mississippi St,Ole Miss,79,62,,,,0,,,,,,,,,,2,,0,Starkville,MS,1,101,,,,-6.0,"44,35","23,39",,,,,,,,
ncaab:400991038,ncaab,2018-02-18T01:30Z,final,2634,2198,Tennessee St,E Kentucky,59,72,,,,0,,,,,,,,,,2,,0,Nashville,TN,1,170,,,,-6.0,"24,35","31,41",,,,,,,,
ncaab:400989746,ncaab,2018-02-18T02:00Z,final,2674,71,Valparaiso,Bradley,77,64,,,,0,,,,,,,,,,2,,0,Valparaiso,IN,1,242,,,,-6.0,"26,51","31,33",,,,,,,,
ncaab:400990694,ncaab,2018-02-18T02:00Z,final,3084,292,Utah Valley,UT Rio Grande,84,72,,,,0,,,,,,,,,,2,,0,Orem,UT,1,1455,,,,-7.0,"41,43","36,36",,,,,,,,
ncaab:400991349,ncaab,2018-02-18T02:00Z,final,2458,253,N Colorado,Southern Utah,97,80,,,,0,,,,,,,,,,2,,0,Greeley,CO,1,1425,,,,-7.0,"38,59","33,47",,,,,,,,
ncaab:400992457,ncaab,2018-02-18T02:00Z,final,2239,2463,Fullerton,CSU Northridge,88,70,,,,0,,,,,,,,,,2,,0,Fullerton,CA,1,50,,,,-8.0,"41,47","37,33",,,,,,,,
ncaab:400991659,ncaab,2018-02-18T02:30Z,final,108,43,Harvard,Yale,64,49,,,,0,,,,,,,,,,2,,0,Cambridge,MA,1,5,,,,-5.0,"36,28","16,33",,,,,,,,
ncaab:400986989,ncaab,2018-02-18T03:00Z,final,2501,2608,Portland,Saint Mary's,61,73,,,,0,,,,,,,,,,2,,0,Portland,OR,1,12,,,,-8.0,"31,30","36,37",,,,,,,,
ncaab:400988370,ncaab,2018-02-18T03:00Z,final,265,254,Washington St,Utah,70,77,,,,0,,,,,,,,,,2,,0,Pullman,WA,1,717,,,,-8.0,"28,42","38,39",,,,,,,,
ncaab:400988617,ncaab,2018-02-18T03:00Z,final,156,269,Creighton,Marquette,86,90,,,,0,,,,,,,,,,2,,0,Omaha,NE,1,323,,,,-6.0,"53,33","41,49",,,,,,,,
ncaab:400990695,ncaab,2018-02-18T03:00Z,final,2934,2253,Bakersfield,Grand Canyon,71,58,,,,0,,,,,,,,,,2,,0,Bakersfield,CA,1,123,,,,-8.0,"34,37","21,37",,,,,,,,
ncaab:400991347,ncaab,2018-02-18T03:00Z,final,70,149,Idaho,Montana,79,77,,,,0,,,,,,,,,,2,,0,Moscow,ID,1,786,,,,-8.0,"35,36,8","35,36,6",,,,,,,,
ncaab:400992441,ncaab,2018-02-18T03:00Z,final,13,300,Cal Poly,UC Irvine,58,75,,,,0,,,,,,,,,,2,,0,San Luis Obispo,CA,1,71,,,,-8.0,"27,31","35,40",,,,,,,,
ncaab:400991350,ncaab,2018-02-18T03:05Z,final,16,2692,Sacramento St,Weber St,73,83,,,,0,,,,,,,,,,2,,0,Sacramento,CA,1,9,,,,-8.0,"32,41","41,42",,,,,,,,
ncaab:400988371,ncaab,2018-02-18T03:15Z,final,26,2483,UCLA,Oregon,86,78,,,,0,,,,,,,,,,2,,0,Los Angeles,CA,1,89,,,,-8.0,"40,31,15","35,36,7",,,,,,,,
ncaab:400992493,ncaab,2018-02-18T03:30Z,final,27,62,UC Riverside,Hawai'i,69,74,,,,0,,,,,,,,,,2,,0,Riverside,CA,1,252,,,,-8.0,"22,36,11","25,33,16",,,,,,,,
ncaab:400986950,ncaab,2018-02-18T04:00Z,final,279,2541,Pacific,Santa Clara,68,72,,,,0,,,,,,,,,,2,,0,Stockton,CA,1,4,,,,-8.0,"36,32","36,36",,,,,,,,
ncaab:400988372,ncaab,2018-02-18T04:00Z,final,30,204,USC,Oregon St,72,59,,,,0,,,,,,,,,,2,,0,Los Angeles,CA,1,89,,,,-8.0,"32,40","30,29",,,,,,,,
ncaab:400986268,ncaab,2018-02-18T18:00Z,final,228,150,Clemson,Duke,57,66,,,,0,,,,,,,,,,2,,0,Clemson,SC,1,221,,,,-5.0,"34,23","35,31",,,,,,,,
ncaab:400986575,ncaab,2018-02-18T18:00Z,final,130,194,Michigan,Ohio State,74,62,,,,0,,,,,,,,,,2,,0,Ann Arbor,MI,1,269,,,,-5.0,"33,41","28,34",,,,,,,,
ncaab:400988618,ncaab,2018-02-18T18:00Z,final,2550,305,Seton Hall,DePaul,82,77,,,,0,,,,,,,,,,2,,0,Newark,NJ,1,9,,,,-5.0,"38,44","36,41",,,,,,,,
ncaab:400990011,ncaab,2018-02-18T18:00Z,final,2378,399,UMBC,UAlbany,68,60,,,,0,,,,,,,,,,2,,0,Baltimore,MD,1,10,,,,-5.0,"28,40","37,23",,,,,,,,
ncaab:400990036,ncaab,2018-02-18T19:00Z,final,2349,2066,UMass Lowell,Binghamton,74,69,,,,0,,,,,,,,,,2,,0,Lowell,MA,1,36,,,,-5.0,"30,44","27,42",,,,,,,,
ncaab:400991199,ncaab,2018-02-18T19:00Z,final,2561,2405,Siena,Monmouth,89,93,,,,0,,,,,,,,,,2,,0,Albany,NY,1,45,,,,-5.0,"34,32,8,11,4","36,30,8,11,8",,,,,,,,
ncaab:400991200,ncaab,2018-02-18T19:00Z,final,2363,315,Manhattan,Niagara,82,72,,,,0,,,,,,,,,,2,,0,Riverdale,NY,1,159,,,,-8.0,"43,39","33,39",,,,,,,,
ncaab:400991201,ncaab,2018-02-18T19:00Z,final,2520,2099,Rider,Canisius,83,82,,,,0,,,,,,,,,,2,,0,Lawrenceville,NJ,1,37,,,,-5.0,"47,36","43,39",,,,,,,,
ncaab:400991526,ncaab,2018-02-18T19:00Z,final,261,42,Vermont,Hartford,68,69,,,,0,,,,,,,,,,2,,0,Burlington,VT,1,61,,,,-5.0,"34,34","33,36",,,,,,,,
ncaab:400991557,ncaab,2018-02-18T19:00Z,final,2619,160,Stony Brook,New Hampshire,72,63,,,,0,,,,,,,,,,2,,0,Stony Brook,NY,1,27,,,,-5.0,"33,39","36,27",,,,,,,,
ncaab:400992056,ncaab,2018-02-18T19:00Z,final,2352,2142,Loyola MD,Colgate,47,68,,,,0,,,,,,,,,,2,,0,Baltimore,MD,1,10,,,,-5.0,"18,29","38,30",,,,,,,,
ncaab:400992286,ncaab,2018-02-18T19:00Z,final,2097,2335,Campbell,Liberty,79,69,,,,0,,,,,,,,,,2,,0,Buies Creek,NC,1,63,,,,-5.0,"32,47","27,42",,,,,,,,
ncaab:400992323,ncaab,2018-02-18T19:00Z,final,2272,2241,High Point,Gardner-Webb,66,65,,,,0,,,,,,,,,,2,,0,High Point,NC,1,281,,,,-5.0,"35,31","33,32",,,,,,,,
ncaab:400992366,ncaab,2018-02-18T19:00Z,final,2737,2344,Winthrop,Longwood,79,64,,,,0,,,,,,,,,,2,,0,Rock Hill,SC,1,207,,,,-5.0,"32,47","28,36",,,,,,,,
ncaab:400988119,ncaab,2018-02-18T20:00Z,final,151,41,East Carolina,UConn,80,84,,,,0,,,,,,,,,,2,,0,Greenville,NC,1,18,,,,-5.0,"42,38","40,44",,,,,,,,
ncaab:400988120,ncaab,2018-02-18T20:00Z,final,202,58,Tulsa,South Florida,73,61,,,,0,,,,,,,,,,2,,0,Tulsa,OK,1,220,,,,-6.0,"34,39","23,38",,,,,,,,
ncaab:400989421,ncaab,2018-02-18T20:00Z,final,2172,198,Denver,Oral Roberts,66,65,,,,0,,,,,,,,,,2,,0,Denver,CO,1,1609,,,,-7.0,"34,32","30,35",,,,,,,,
ncaab:400992379,ncaab,2018-02-18T20:00Z,final,2515,2506,Radford,Presbyterian,74,68,,,,0,,,,,,,,,,2,,0,Radford,VA,1,567,,,,-5.0,"33,33,8","39,27,2",,,,,,,,
ncaab:400986574,ncaab,2018-02-18T20:30Z,final,356,158,Illinois,Nebraska,72,66,,,,0,,,,,,,,,,2,,0,Champaign,IL,1,225,,,,-6.0,"43,29","36,30",,,,,,,,
ncaab:400988121,ncaab,2018-02-18T21:00Z,final,2132,2724,Cincinnati,Wichita St,72,76,,,,0,,,,,,,,,,2,,0,Highland Heights,KY,1,260,,,,-5.0,"40,32","42,34",,,,,,,,
ncaab:400988122,ncaab,2018-02-18T21:00Z,final,218,248,Temple,Houston,59,80,,,,0,,,,,,,,,,2,,0,Philadelphia,PA,1,12,,,,-5.0,"20,39","41,39",,,,,,,,
ncaab:400989747,ncaab,2018-02-18T21:00Z,final,339,2350,Evansville,Loyola Chicago,66,76,,,,0,,,,,,,,,,2,,0,Evansville,IN,1,118,,,,-6.0,"28,38","27,49",,,,,,,,
ncaab:400989748,ncaab,2018-02-18T21:00Z,final,2623,2181,Missouri St,Drake,63,67,,,,0,,,,,,,,,,2,,0,Springfield,MO,1,396,,,,-6.0,"25,38","35,32",,,,,,,,
ncaab:400992307,ncaab,2018-02-18T22:30Z,final,2127,2427,Charleston So,UNC Asheville,80,85,,,,0,,,,,,,,,,2,,0,Charleston,SC,1,6,,,,-5.0,"33,41,6","38,36,11",,,,,,,,
ncaab:400986269,ncaab,2018-02-18T23:00Z,final,52,221,Florida St,Pitt,88,75,,,,0,,,,,,,,,,2,,0,Tallahassee,FL,1,62,,,,-5.0,"38,50","39,36",,,,,,,,
ncaab:400986576,ncaab,2018-02-19T01:00Z,final,2509,213,Purdue,Penn State,76,73,,,,0,,,,,,,,,,2,,0,West Lafayette,IN,1,186,,,,-5.0,"32,44","36,37",,,,,,,,
ncaab:400988373,ncaab,2018-02-19T01:00Z,final,25,24,California,Stanford,73,77,,,,0,,,,,,,,,,2,,0,Berkeley,CA,1,52,,,,-8.0,"36,37","37,40",,,,,,,,
ncaab:400986270,ncaab,2018-02-20T00:00Z,final,87,2390,Notre Dame,Miami,74,77,,,,0,,,,,,,,,,2,,0,South Bend,IN,1,211,,,,-5.0,"29,45","38,39",,,,,,,,
ncaab:400986578,ncaab,2018-02-20T00:00Z,final,77,120,Northwestern,Maryland,64,71,,,,0,,,,,,,,,,2,,0,Rosemont,IL,1,194,,,,-6.0,"37,27","30,41",,,,,,,,
ncaab:400992150,ncaab,2018-02-20T00:00Z,final,85,2473,IU Indy,Oakland,74,67,,,,0,,,,,,,,,,2,,0,Indianapolis,IN,1,218,,,,-5.0,"33,41","36,31",,,,,,,,
ncaab:400992778,ncaab,2018-02-20T00:00Z,final,2428,47,NC Central,Howard,83,66,,,,0,,,,,,,,,,2,,0,Durham,NC,1,123,,,,-5.0,"37,46","30,36",,,,,,,,
ncaab:400992101,ncaab,2018-02-20T00:30Z,final,2750,325,Wright St,Cleveland St,72,63,,,,0,,,,,,,,,,2,,0,Dayton,OH,1,225,,,,-5.0,"33,39","36,27",,,,,,,,
ncaab:400992197,ncaab,2018-02-20T00:30Z,final,94,2754,N Kentucky,Youngstown St,70,51,,,,0,,,,,,,,,,2,,0,Highland Heights,KY,1,260,,,,-5.0,"33,37","26,25",,,,,,,,
ncaab:400992716,ncaab,2018-02-20T00:30Z,final,2415,2065,Morgan St,Bethune,95,96,,,,0,,,,,,,,,,2,,0,Baltimore,MD,1,10,,,,-5.0,"32,50,13","34,48,14",,,,,,,,
ncaab:400992732,ncaab,2018-02-20T00:30Z,final,2169,2154,Delaware St,Coppin St,69,51,,,,0,,,,,,,,,,2,,0,Dover,DE,1,9,,,,-5.0,"24,45","19,32",,,,,,,,
ncaab:400992809,ncaab,2018-02-20T00:30Z,final,2448,2379,NC A&T,MD Eastern,78,69,,,,0,,,,,,,,,,2,,0,Greensboro,NC,1,266,,,,-5.0,"43,35","33,36",,,,,,,,
ncaab:400992932,ncaab,2018-02-20T00:30Z,final,2261,2542,Hampton,Savannah St,114,102,,,,0,,,,,,,,,,2,,0,Hampton,VA,1,1,,,,-5.0,"50,42,22","45,47,10",,,,,,,,
ncaab:400992118,ncaab,2018-02-20T01:00Z,final,82,2174,UIC,Detroit Mercy,94,87,,,,0,,,,,,,,,,2,,0,Chicago,IL,1,179,,,,-6.0,"46,48","40,47",,,,,,,,
ncaab:400992800,ncaab,2018-02-20T01:00Z,final,2450,2569,Norfolk St,SC State,76,62,,,,0,,,,,,,,,,2,,0,Norfolk,VA,1,2,,,,-5.0,"31,45","30,32",,,,,,,,
ncaab:400992839,ncaab,2018-02-20T01:30Z,final,2010,2582,Alabama A&M,Southern,50,60,,,,0,,,,,,,,,,2,,0,Normal,AL,1,220,,,,-6.0,"25,25","33,27",,,,,,,,
ncaab:400992902,ncaab,2018-02-20T01:30Z,final,2400,2504,Miss Valley St,Prairie View,76,71,,,,0,,,,,,,,,,2,,0,Itta Bena,MS,1,40,,,,-6.0,"24,52","32,39",,,,,,,,
ncaab:400992926,ncaab,2018-02-20T01:30Z,final,2029,2640,AR-Pine Bluff,Texas Southern,62,61,,,,0,,,,,,,,,,2,,0,Pine Bluff,AR,1,67,,,,-6.0,"27,35","35,26",,,,,,,,
ncaab:400986577,ncaab,2018-02-20T02:00Z,final,275,135,Wisconsin,Minnesota,73,63,,,,0,,,,,,,,,,2,,0,Madison,WI,1,267,,,,-6.0,"35,24,14","34,25,4",,,,,,,,
ncaab:400989190,ncaab,2018-02-20T02:00Z,final,2305,201,Kansas,Oklahoma,104,74,,,,0,,,,,,,,,,2,,0,Lawrence,KS,1,263,,,,-6.0,"49,55","39,35",,,,,,,,
ncaab:400992857,ncaab,2018-02-20T02:00Z,final,2011,2016,Alabama St,Alcorn St,82,62,,,,0,,,,,,,,,,2,,0,Montgomery,AL,1,73,,,,-6.0,"39,43","29,33",,,,,,,,
ncaab:400986271,ncaab,2018-02-21T00:00Z,final,152,103,NC State,Boston College,82,66,,,,0,,,,,,,,,,2,,0,Raleigh,NC,1,96,,,,-5.0,"44,38","28,38",,,,,,,,
ncaab:400986579,ncaab,2018-02-21T00:00Z,final,127,356,Michigan St,Illinois,81,61,,,,0,,,,,,,,,,2,,0,East Lansing,MI,1,261,,,,-5.0,"38,43","35,26",,,,,,,,
ncaab:400986581,ncaab,2018-02-21T00:00Z,final,194,164,Ohio State,Rutgers,79,52,,,,0,,,,,,,,,,2,,0,Columbus,OH,1,235,,,,-5.0,"32,47","27,25",,,,,,,,
ncaab:400987388,ncaab,2018-02-21T00:00Z,final,245,344,Texas A&M,Mississippi St,81,93,,,,0,,,,,,,,,,2,,0,College Station,TX,1,103,,,,-6.0,"39,42","41,52",,,,,,,,
ncaab:400988619,ncaab,2018-02-21T00:00Z,final,2086,156,Butler,Creighton,93,70,,,,0,,,,,,,,,,2,,0,Indianapolis,IN,1,218,,,,-5.0,"46,47","34,36",,,,,,,,
ncaab:400988815,ncaab,2018-02-21T00:00Z,final,2747,2430,Wofford,UNC Greensboro,66,76,,,,0,,,,,,,,,,2,,0,Spartanburg,SC,1,246,,,,-5.0,"33,33","36,40",,,,,,,,
ncaab:400988816,ncaab,2018-02-21T00:00Z,final,231,2678,Furman,VMI,76,54,,,,0,,,,,,,,,,2,,0,Greenville,SC,1,307,,,,-5.0,"34,42","26,28",,,,,,,,
ncaab:400988817,ncaab,2018-02-21T00:00Z,final,2193,2643,ETSU,The Citadel,82,84,,,,0,,,,,,,,,,2,,0,Johnson City,TN,1,498,,,,-5.0,"46,36","42,42",,,,,,,,
ncaab:400988818,ncaab,2018-02-21T00:00Z,final,2382,2717,Mercer,W Carolina,81,64,,,,0,,,,,,,,,,2,,0,Macon,GA,1,112,,,,-5.0,"42,39","33,31",,,,,,,,
ncaab:400989147,ncaab,2018-02-21T00:00Z,final,239,277,Baylor,West Virginia,60,71,,,,0,,,,,,,,,,2,,0,Waco,TX,1,143,,,,-6.0,"18,42","40,31",,,,,,,,
ncaab:400990077,ncaab,2018-02-21T00:00Z,final,2325,227,La Salle,Rhode Island,93,95,,,,0,,,,,,,,,,2,,0,Philadelphia,PA,1,12,,,,-5.0,"37,44,12","39,42,14",,,,,,,,
ncaab:400990270,ncaab,2018-02-21T00:00Z,final,189,2006,Bowling Green,Akron,79,81,,,,0,,,,,,,,,,2,,0,Bowling Green,OH,1,212,,,,-5.0,"38,41","41,40",,,,,,,,
ncaab:400990271,ncaab,2018-02-21T00:00Z,final,195,2309,Ohio,Kent State,88,76,,,,0,,,,,,,,,,2,,0,Athens,OH,1,219,,,,-5.0,"47,41","39,37",,,,,,,,
ncaab:400990272,ncaab,2018-02-21T00:00Z,final,2199,2649,E Michigan,Toledo,85,79,,,,0,,,,,,,,,,2,,0,Ypsilanti,MI,1,219,,,,-5.0,"41,44","46,33",,,,,,,,
ncaab:400990273,ncaab,2018-02-21T00:00Z,final,2050,2459,Ball State,N Illinois,77,68,,,,0,,,,,,,,,,2,,0,Muncie,IN,1,284,,,,-5.0,"37,40","32,36",,,,,,,,
ncaab:400990274,ncaab,2018-02-21T00:00Z,final,2711,2117,W Michigan,C Michigan,83,81,,,,0,,,,,,,,,,2,,0,Kalamazoo,MI,1,239,,,,-5.0,"39,30,14","33,36,12",,,,,,,,
ncaab:400990275,ncaab,2018-02-21T00:00Z,final,193,2084,Miami OH,Buffalo,84,81,,,,0,,,,,,,,,,2,,0,Oxford,OH,1,283,,,,-5.0,"36,48","41,40",,,,,,,,
ncaab:400986580,ncaab,2018-02-21T02:00Z,final,158,84,Nebraska,Indiana,66,57,,,,0,,,,,,,,,,2,,0,Lincoln,NE,1,367,,,,-6.0,"25,41","26,31",,,,,,,,
ncaab:400987389,ncaab,2018-02-21T02:00Z,final,142,145,Missouri,Ole Miss,87,90,,,,0,,,,,,,,,,2,,0,Columbia,MO,1,215,,,,-6.0,"35,49,3","42,42,6",,,,,,,,
ncaab:400987390,ncaab,2018-02-21T02:00Z,final,8,96,Arkansas,Kentucky,72,87,,,,0,,,,,,,,,,2,,0,Fayetteville,AR,1,427,,,,-6.0,"43,29","43,44",,,,,,,,
ncaab:400987391,ncaab,2018-02-21T02:00Z,final,99,238,LSU,Vanderbilt,88,78,,,,0,,,,,,,,,,2,,0,Baton Rouge,LA,1,14,,,,-6.0,"39,49","29,49",,,,,,,,
ncaab:400989749,ncaab,2018-02-21T02:00Z,final,2674,2460,Valparaiso,Northern Iowa,63,68,,,,0,,,,,,,,,,2,,0,Valparaiso,IN,1,242,,,,-6.0,"34,29","38,30",,,,,,,,
ncaab:400989832,ncaab,2018-02-21T02:00Z,final,2168,139,Dayton,Saint Louis,53,50,,,,0,,,,,,,,,,2,,0,Dayton,OH,1,225,,,,-5.0,"20,33","29,21",,,,,,,,
ncaab:400991790,ncaab,2018-02-21T02:00Z,final,2751,167,Wyoming,New Mexico,114,119,,,,0,,,,,,,,,,2,,0,Laramie,WY,1,2184,,,,-7.0,"53,61","55,64",,,,,,,,
ncaab:400987393,ncaab,2018-02-21T23:30Z,final,2579,61,South Carolina,Georgia,66,57,,,,0,,,,,,,,,,2,,0,Columbia,SC,1,89,,,,-5.0,"42,24","27,30",,,,,,,,
ncaab:400988620,ncaab,2018-02-21T23:30Z,final,46,2752,Georgetown,Xavier,77,89,,,,0,,,,,,,,,,2,,0,Washington,DC,1,7,,,,-5.0,"40,37","38,51",,,,,,,,
ncaab:400988621,ncaab,2018-02-21T23:30Z,void,2507,2550,Providence,Seton Hall,,,,,,0,,,,,,,,,,2,,0,Providence,RI,1,2,,,,-5.0,,,,,,,,,,
ncaab:400986272,ncaab,2018-02-22T00:00Z,final,258,59,Virginia,Georgia Tech,65,54,,,,0,,,,,,,,,,2,,0,Charlottesville,VA,1,142,,,,-5.0,"31,34","30,24",,,,,,,,
ncaab:400986273,ncaab,2018-02-22T00:00Z,final,259,228,Virginia Tech,Clemson,65,58,,,,0,,,,,,,,,,2,,0,Blacksburg,VA,1,633,,,,-5.0,"26,39","25,33",,,,,,,,
ncaab:400986274,ncaab,2018-02-22T00:00Z,final,183,153,Syracuse,North Carolina,74,78,,,,0,,,,,,,,,,2,,0,Syracuse,NY,1,121,,,,-5.0,"32,42","41,37",,,,,,,,
ncaab:400986582,ncaab,2018-02-22T00:00Z,final,213,130,Penn State,Michigan,63,72,,,,0,,,,,,,,,,2,,0,University Park,PA,1,348,,,,-5.0,"26,37","34,38",,,,,,,,
ncaab:400988123,ncaab,2018-02-22T00:00Z,final,151,2567,East Carolina,SMU,58,77,,,,0,,,,,,,,,,2,,0,Greenville,NC,1,18,,,,-5.0,"23,35","41,36",,,,,,,,
ncaab:400989238,ncaab,2018-02-22T00:00Z,final,197,2641,Oklahoma St,Texas Tech,79,71,,,,0,,,,,,,,,,2,,0,Stillwater,OK,1,273,,,,-6.0,"34,45","35,36",,,,,,,,
ncaab:400989750,ncaab,2018-02-22T00:00Z,final,282,339,Indiana St,Evansville,58,53,,,,0,,,,,,,,,,2,,0,Terre Haute,IN,1,152,,,,-5.0,"21,37","21,32",,,,,,,,
ncaab:400989796,ncaab,2018-02-22T00:00Z,final,2166,2230,Davidson,Fordham,76,52,,,,0,,,,,,,,,,2,,0,Davidson,NC,1,256,,,,-5.0,"39,37","25,27",,,,,,,,
ncaab:400989855,ncaab,2018-02-22T00:00Z,final,179,2184,St Bonaventure,Duquesne,73,67,,,,0,,,,,,,,,,2,,0,Saint Bonaventure,NY,1,435,,,,-5.0,"32,41","32,35",,,,,,,,
ncaab:400989896,ncaab,2018-02-22T00:00Z,final,2603,2244,Saint Joseph's,George Mason,76,79,,,,0,,,,,,,,,,2,,0,Philadelphia,PA,1,12,,,,-5.0,"26,50","37,42",,,,,,,,
ncaab:400989915,ncaab,2018-02-22T00:00Z,final,45,257,G Washington,Richmond,103,77,,,,0,,,,,,,,,,2,,0,Washington,DC,1,7,,,,-5.0,"54,49","25,52",,,,,,,,
ncaab:400989929,ncaab,2018-02-22T00:00Z,final,113,2670,UMass,VCU,78,82,,,,0,,,,,,,,,,2,,0,Amherst,MA,1,82,,,,-5.0,"38,40","39,43",,,,,,,,
ncaab:400990037,ncaab,2018-02-22T00:00Z,final,261,2066,Vermont,Binghamton,75,54,,,,0,,,,,,,,,,2,,0,Burlington,VT,1,61,,,,-5.0,"34,41","27,27",,,,,,,,
ncaab:400991202,ncaab,2018-02-22T00:00Z,final,2561,2217,Siena,Fairfield,69,70,,,,0,,,,,,,,,,2,,0,Albany,NY,1,45,,,,-5.0,"36,33","30,40",,,,,,,,
ncaab:400991203,ncaab,2018-02-22T00:00Z,final,315,2099,Niagara,Canisius,88,95,,,,0,,,,,,,,,,2,,0,Niagara Falls,NY,1,187,,,,-5.0,"40,48","37,58",,,,,,,,
ncaab:400991527,ncaab,2018-02-22T00:00Z,final,42,160,Hartford,New Hampshire,65,56,,,,0,,,,,,,,,,2,,0,West Hartford,CT,1,40,,,,-5.0,"31,34","32,24",,,,,,,,
ncaab:400991542,ncaab,2018-02-22T00:00Z,final,2349,311,UMass Lowell,Maine,88,76,,,,0,,,,,,,,,,2,,0,Lowell,MA,1,36,,,,-5.0,"47,41","43,33",,,,,,,,
ncaab:400991568,ncaab,2018-02-22T00:00Z,final,2378,2619,UMBC,Stony Brook,57,64,,,,0,,,,,,,,,,2,,0,Baltimore,MD,1,10,,,,-5.0,"25,32","33,31",,,,,,,,
ncaab:400991993,ncaab,2018-02-22T00:00Z,final,2142,349,Colgate,Army,87,83,,,,0,,,,,,,,,,2,,0,Hamilton,NY,1,181,,,,-5.0,"42,45","38,45",,,,,,,,
ncaab:400992009,ncaab,2018-02-22T00:00Z,final,104,322,Boston U,Lafayette,81,65,,,,0,,,,,,,,,,2,,0,Boston,MA,1,14,,,,-5.0,"36,45","41,24",,,,,,,,
ncaab:400992021,ncaab,2018-02-22T00:00Z,final,2083,2426,Bucknell,Navy,85,61,,,,0,,,,,,,,,,2,,0,Lewisburg,PA,1,144,,,,-5.0,"48,37","32,29",,,,,,,,
ncaab:400992053,ncaab,2018-02-22T00:00Z,final,2352,2329,Loyola MD,Lehigh,74,80,,,,0,,,,,,,,,,2,,0,Baltimore,MD,1,10,,,,-5.0,"35,39","38,42",,,,,,,,
ncaab:400991976,ncaab,2018-02-22T00:05Z,final,107,44,Holy Cross,American,70,64,,,,0,,,,,,,,,,2,,0,Worcester,MA,1,147,,,,-5.0,"31,39","38,26",,,,,,,,
ncaab:400988124,ncaab,2018-02-22T00:30Z,final,2724,2655,Wichita St,Tulane,93,86,,,,0,,,,,,,,,,2,,0,Wichita,KS,1,396,,,,-6.0,"47,46","31,55",,,,,,,,
ncaab:400989088,ncaab,2018-02-22T00:30Z,final,2534,2443,Sam Houston,LSU N Orleans,57,54,,,,0,,,,,,,,,,2,,0,Huntsville,TX,1,113,,,,-6.0,"28,29","26,28",,,,,,,,
ncaab:400989089,ncaab,2018-02-22T00:30Z,final,2377,2447,McNeese,Nicholls,79,96,,,,0,,,,,,,,,,2,,0,Lake Charles,LA,1,4,,,,-6.0,"36,43","53,43",,,,,,,,
ncaab:400989090,ncaab,2018-02-22T01:00Z,void,2000,357,Abilene Chrstn,Texas A&M-CC,,,,,,0,,,,,,,,,,2,,0,Abilene,TX,1,524,,,,-6.0,,,,,,,,,,
ncaab:400989091,ncaab,2018-02-22T01:00Z,final,2617,2110,SF Austin,C Arkansas,97,62,,,,0,,,,,,,,,,2,,0,Nacogdoches,TX,1,92,,,,-6.0,"49,48","30,32",,,,,,,,
ncaab:400989092,ncaab,2018-02-22T01:00Z,final,2277,2320,Hou Christian,Lamar,73,87,,,,0,,,,,,,,,,2,,0,Houston,TX,1,12,,,,-6.0,"35,38","36,51",,,,,,,,
ncaab:400989093,ncaab,2018-02-22T01:00Z,final,2916,2466,Incarnate Word,N'Western St,54,66,,,,0,,,,,,,,,,2,,0,San Antonio,TX,1,198,,,,-6.0,"32,22","38,28",,,,,,,,
ncaab:400989170,ncaab,2018-02-22T01:00Z,final,66,2628,Iowa State,TCU,83,89,,,,0,,,,,,,,,,2,,0,Ames,IA,1,287,,,,-6.0,"47,36","41,48",,,,,,,,
ncaab:400989751,ncaab,2018-02-22T01:00Z,final,2287,2181,Illinois St,Drake,89,81,,,,0,,,,,,,,,,2,,0,Normal,IL,1,244,,,,-6.0,"29,40,20","31,38,12",,,,,,,,
ncaab:400989752,ncaab,2018-02-22T01:00Z,final,2623,71,Missouri St,Bradley,78,82,,,,0,,,,,,,,,,2,,0,Springfield,MO,1,396,,,,-6.0,"41,37","38,44",,,,,,,,
ncaab:400989753,ncaab,2018-02-22T01:00Z,final,79,2350,S Illinois,Loyola Chicago,56,75,,,,0,,,,,,,,,,2,,0,Carbondale,IL,1,126,,,,-6.0,"36,20","44,31",,,,,,,,
ncaab:400987394,ncaab,2018-02-22T01:30Z,final,2,333,Auburn,Alabama,90,71,,,,0,,,,,,,,,,2,,0,Auburn,AL,1,215,,,,-6.0,"40,50","35,36",,,,,,,,
ncaab:400988622,ncaab,2018-02-22T01:30Z,final,269,2599,Marquette,St John's,85,73,,,,0,,,,,,,,,,2,,0,Milwaukee,WI,1,188,,,,-6.0,"38,47","34,39",,,,,,,,
ncaab:400988623,ncaab,2018-02-22T01:30Z,final,222,305,Villanova,DePaul,93,62,,,,0,,,,,,,,,,2,,0,Philadelphia,PA,1,12,,,,-5.0,"46,47","30,32",,,,,,,,
ncaab:400986275,ncaab,2018-02-22T02:00Z,final,150,97,Duke,Louisville,82,56,,,,0,,,,,,,,,,2,,0,Durham,NC,1,123,,,,-5.0,"42,40","25,31",,,,,,,,
ncaab:400986276,ncaab,2018-02-22T02:00Z,final,221,154,Pitt,Wake Forest,57,63,,,,0,,,,,,,,,,2,,0,Pittsburgh,PA,1,233,,,,-5.0,"28,29","27,36",,,,,,,,
ncaab:400986583,ncaab,2018-02-22T02:00Z,final,135,2294,Minnesota,Iowa,86,82,,,,0,,,,,,,,,,2,,0,Minneapolis,MN,1,253,,,,-6.0,"31,55","19,63",,,,,,,,
ncaab:400987392,ncaab,2018-02-22T02:00Z,final,2633,57,Tennessee,Florida,62,57,,,,0,,,,,,,,,,2,,0,Knoxville,TN,1,276,,,,-5.0,"27,35","18,39",,,,,,,,
ncaab:400988125,ncaab,2018-02-22T02:00Z,final,202,2116,Tulsa,UCF,70,61,,,,0,,,,,,,,,,2,,0,Tulsa,OK,1,220,,,,-6.0,"35,35","32,29",,,,,,,,
ncaab:400989210,ncaab,2018-02-22T02:00Z,final,2306,251,Kansas St,Texas,58,48,,,,0,,,,,,,,,,2,,0,Manhattan,KS,1,311,,,,-6.0,"25,33","25,23",,,,,,,,
ncaab:400991722,ncaab,2018-02-22T02:00Z,final,36,68,Colorado St,Boise St,54,87,,,,0,,,,,,,,,,2,,0,Fort Collins,CO,1,1525,,,,-7.0,"29,25","50,37",,,,,,,,
ncaab:400991702,ncaab,2018-02-22T02:30Z,final,2005,21,Air Force,San Diego St,56,67,,,,0,,,,,,,,,,2,,0,Colorado Springs,CO,1,1832,,,,-7.0,"23,33","26,41",,,,,,,,
ncaab:400991759,ncaab,2018-02-22T03:00Z,final,2439,278,UNLV,Fresno St,64,77,,,,0,,,,,,,,,,2,,0,Las Vegas,NV,1,610,,,,-8.0,"30,34","43,34",,,,,,,,
ncaab:400991776,ncaab,2018-02-22T03:00Z,final,2440,23,Nevada,San José St,80,67,,,,0,,,,,,,,,,2,,0,Reno,NV,1,1373,,,,-8.0,"42,38","29,38",,,,,,,,
ncaab:400992458,ncaab,2018-02-22T03:00Z,final,27,2239,UC Riverside,Fullerton,69,65,,,,0,,,,,,,,,,2,,0,Riverside,CA,1,252,,,,-8.0,"27,42","33,32",,,,,,,,
ncaab:400988374,ncaab,2018-02-22T03:30Z,final,38,30,Colorado,USC,64,75,,,,0,,,,,,,,,,2,,0,Boulder,CO,1,1624,,,,-7.0,"31,33","36,39",,,,,,,,
ncaab:401020670,ncaab,2018-02-22T17:00Z,final,2507,2550,Providence,Seton Hall,77,89,,,,0,,,,,,,,,,2,,0,Providence,RI,1,2,,,,-5.0,"34,43","39,50",,,,,,,,
ncaab:400986584,ncaab,2018-02-23T00:00Z,final,77,275,Northwestern,Wisconsin,64,70,,,,0,,,,,,,,,,2,,0,Rosemont,IL,1,194,,,,-6.0,"32,32","38,32",,,,,,,,
ncaab:400986585,ncaab,2018-02-23T00:00Z,final,356,2509,Illinois,Purdue,86,93,,,,0,,,,,,,,,,2,,0,Champaign,IL,1,225,,,,-6.0,"38,48","43,50",,,,,,,,
ncaab:400988126,ncaab,2018-02-23T00:00Z,final,2132,41,Cincinnati,UConn,77,52,,,,0,,,,,,,,,,2,,0,Highland Heights,KY,1,260,,,,-5.0,"38,39","25,27",,,,,,,,
ncaab:400990860,ncaab,2018-02-23T00:00Z,final,2803,2529,Bryant,Sacred Heart,84,94,,,,0,,,,,,,,,,2,,0,Smithfield,RI,1,84,,,,-5.0,"48,36","54,40",,,,,,,,
ncaab:400990861,ncaab,2018-02-23T00:00Z,final,2115,2681,C Connecticut,Wagner,62,64,,,,0,,,,,,,,,,2,,0,New Britain,CT,1,51,,,,-5.0,"34,28","31,33",,,,,,,,
ncaab:400990862,ncaab,2018-02-23T00:00Z,final,161,2598,FDU,Saint Francis,82,90,,,,0,,,,,,,,,,2,,0,Hackensack,NJ,1,6,,,,-5.0,"43,39","47,43",,,,,,,,
ncaab:400990864,ncaab,2018-02-23T00:00Z,final,116,2523,Mount St Marys,Robert Morris,72,53,,,,0,,,,,,,,,,2,,0,Emmitsburg,MD,1,133,,,,-5.0,"34,38","24,29",,,,,,,,
ncaab:400991204,ncaab,2018-02-23T00:00Z,final,2405,2520,Monmouth,Rider,91,77,,,,0,,,,,,,,,,2,,0,West Long Branch,NJ,1,9,,,,-5.0,"50,41","32,45",,,,,,,,
ncaab:400991389,ncaab,2018-02-23T00:00Z,final,232,2210,Charleston,Elon,79,58,,,,0,,,,,,,,,,2,,0,Charleston,SC,1,6,,,,-5.0,"29,50","18,40",,,,,,,,
ncaab:400991412,ncaab,2018-02-23T00:00Z,final,2182,48,Drexel,Delaware,85,83,,,,0,,,,,,,,,,2,,0,Philadelphia,PA,1,12,,,,-5.0,"29,56","56,27",,,,,,,,
ncaab:400991462,ncaab,2018-02-23T00:00Z,final,256,2275,James Madison,Hofstra,61,77,,,,0,,,,,,,,,,2,,0,Harrisonburg,VA,1,404,,,,-5.0,"23,38","35,42",,,,,,,,
ncaab:400991486,ncaab,2018-02-23T00:00Z,final,2729,350,William & Mary,UNC Wilmington,96,83,,,,0,,,,,,,,,,2,,0,Williamsburg,VA,1,25,,,,-5.0,"38,58","47,36",,,,,,,,
ncaab:400991497,ncaab,2018-02-23T00:00Z,final,111,119,Northeastern,Towson,80,75,,,,0,,,,,,,,,,2,,0,Boston,MA,1,14,,,,-5.0,"30,50","31,44",,,,,,,,
ncaab:400991873,ncaab,2018-02-23T00:00Z,final,56,526,Stetson,FGCU,60,76,,,,0,,,,,,,,,,2,,0,DeLand,FL,1,12,,,,-5.0,"26,34","33,43",,,,,,,,
ncaab:400991896,ncaab,2018-02-23T00:00Z,final,294,2454,Jacksonville,North Florida,86,81,,,,0,,,,,,,,,,2,,0,Jacksonville,FL,1,5,,,,-5.0,"34,52","41,40",,,,,,,,
ncaab:400991931,ncaab,2018-02-23T00:00Z,final,2908,2885,SC Upstate,NJIT,67,76,,,,0,,,,,,,,,,2,,0,Spartanburg,SC,1,246,,,,-5.0,"42,25","44,32",,,,,,,,
ncaab:400992119,ncaab,2018-02-23T00:00Z,final,2174,270,Detroit Mercy,Milwaukee,49,72,,,,0,,,,,,,,,,2,,0,Detroit,MI,1,183,,,,-5.0,"25,24","32,40",,,,,,,,
ncaab:400992138,ncaab,2018-02-23T00:00Z,final,2473,2739,Oakland,Green Bay,90,96,,,,0,,,,,,,,,,2,,0,Rochester,MI,1,229,,,,-5.0,"46,44","39,57",,,,,,,,
ncaab:400992324,ncaab,2018-02-23T00:00Z,final,2506,2241,Presbyterian,Gardner-Webb,63,78,,,,0,,,,,,,,,,2,,0,Clinton,SC,1,76,,,,-5.0,"24,39","42,36",,,,,,,,
ncaab:400992340,ncaab,2018-02-23T00:00Z,final,2272,2344,High Point,Longwood,75,56,,,,0,,,,,,,,,,2,,0,High Point,NC,1,281,,,,-5.0,"43,32","28,28",,,,,,,,
ncaab:400992357,ncaab,2018-02-23T00:00Z,final,2335,2515,Liberty,Radford,50,63,,,,0,,,,,,,,,,2,,0,Lynchburg,VA,1,192,,,,-5.0,"32,18","30,33",,,,,,,,
ncaab:400992392,ncaab,2018-02-23T00:00Z,final,2427,2737,UNC Asheville,Winthrop,89,75,,,,0,,,,,,,,,,2,,0,Asheville,NC,1,649,,,,-5.0,"43,46","37,38",,,,,,,,
ncaab:400992675,ncaab,2018-02-23T00:00Z,final,2226,242,FAU,Rice,76,79,,,,0,,,,,,,,,,2,,0,Boca Raton,FL,1,4,,,,-5.0,"22,44,10","35,31,13",,,,,,,,
ncaab:400992679,ncaab,2018-02-23T00:00Z,final,276,295,Marshall,Old Dominion,79,84,,,,0,,,,,,,,,,2,,0,Huntington,WV,1,173,,,,-5.0,"39,40","40,44",,,,,,,,
ncaab:400992979,ncaab,2018-02-23T00:00Z,final,2229,249,FIU,North Texas,69,68,,,,0,,,,,,,,,,2,,0,Miami,FL,1,2,,,,-5.0,"35,34","36,32",,,,,,,,
ncaab:400991045,ncaab,2018-02-23T00:30Z,final,2413,2630,Morehead St,UT Martin,70,53,,,,0,,,,,,,,,,2,,0,Morehead,KY,1,153,,,,-6.0,"33,37","30,23",,,,,,,,
ncaab:400991909,ncaab,2018-02-23T00:30Z,final,288,338,Lipscomb,Kennesaw St,83,74,,,,0,,,,,,,,,,2,,0,Nashville,TN,1,170,,,,-6.0,"44,39","33,41",,,,,,,,
ncaab:400992287,ncaab,2018-02-23T00:30Z,final,2127,2097,Charleston So,Campbell,72,68,,,,0,,,,,,,,,,2,,0,Charleston,SC,1,6,,,,-5.0,"35,37","24,44",,,,,,,,
ncaab:400989423,ncaab,2018-02-23T01:00Z,final,2571,233,S Dakota St,South Dakota,76,72,,,,0,,,,,,,,,,2,,0,Brookings,SD,1,494,,,,-6.0,"40,36","30,42",,,,,,,,
ncaab:400989424,ncaab,2018-02-23T01:00Z,final,2710,2449,W Illinois,N Dakota St,82,74,,,,0,,,,,,,,,,2,,0,Macomb,IL,1,215,,,,-6.0,"33,49","25,49",,,,,,,,
ncaab:400989425,ncaab,2018-02-23T01:00Z,final,2437,198,Omaha,Oral Roberts,75,83,,,,0,,,,,,,,,,2,,0,Omaha,NE,1,323,,,,-6.0,"35,40","35,48",,,,,,,,
ncaab:400990503,ncaab,2018-02-23T01:00Z,final,2031,324,Little Rock,Coastal,60,65,,,,0,,,,,,,,,,2,,0,Little Rock,AR,1,102,,,,-6.0,"23,37","31,34",,,,,,,,
ncaab:400990504,ncaab,2018-02-23T01:00Z,final,250,290,UT Arlington,GA Southern,83,63,,,,0,,,,,,,,,,2,,0,Arlington,TX,1,184,,,,-6.0,"37,46","33,30",,,,,,,,
ncaab:400990507,ncaab,2018-02-23T01:00Z,final,326,2247,Texas St,Georgia St,50,77,,,,0,,,,,,,,,,2,,0,San Marcos,TX,1,188,,,,-6.0,"25,25","35,42",,,,,,,,
ncaab:400990696,ncaab,2018-02-23T01:00Z,final,292,140,UT Rio Grande,Kansas City,59,83,,,,0,,,,,,,,,,2,,0,Edinburg,TX,1,30,,,,-6.0,"19,40","42,41",,,,,,,,
ncaab:400990863,ncaab,2018-02-23T01:00Z,final,112358,2597,Long Island,St Francis BK,81,76,,,,0,,,,,,,,,,2,,0,Brooklyn,NY,1,15,,,,-5.0,"39,42","39,37",,,,,,,,
ncaab:400991040,ncaab,2018-02-23T01:00Z,final,2565,2046,SIUE,Austin Peay,82,86,,,,0,,,,,,,,,,2,,0,Edwardsville,IL,1,165,,,,-6.0,"37,45","36,50",,,,,,,,
ncaab:400991043,ncaab,2018-02-23T01:00Z,final,2198,2546,E Kentucky,SE Missouri,91,88,,,,0,,,,,,,,,,2,,0,Richmond,KY,1,289,,,,-5.0,"43,48","46,42",,,,,,,,
ncaab:400992677,ncaab,2018-02-23T01:00Z,final,2636,2572,UTSA,Southern Miss,64,56,,,,0,,,,,,,,,,2,,0,San Antonio,TX,1,198,,,,-6.0,"37,27","28,28",,,,,,,,
ncaab:400992678,ncaab,2018-02-23T01:00Z,final,98,2429,Western KY,Charlotte,93,55,,,,0,,,,,,,,,,2,,0,Bowling Green,KY,1,161,,,,-6.0,"43,50","27,28",,,,,,,,
ncaab:401020586,ncaab,2018-02-23T01:00Z,final,2000,357,Abilene Chrstn,Texas A&M-CC,67,76,,,,0,,,,,,,,,,2,,0,Abilene,TX,1,524,,,,-6.0,"32,35","43,33",,,,,,,,
ncaab:400990505,ncaab,2018-02-23T01:05Z,final,6,2433,South Alabama,UL Monroe,62,66,,,,0,,,,,,,,,,2,,0,Mobile,AL,1,3,,,,-6.0,"30,32","32,34",,,,,,,,
ncaab:400990508,ncaab,2018-02-23T01:15Z,final,2653,309,Troy,Louisiana,76,81,,,,0,,,,,,,,,,2,,0,Troy,AL,1,165,,,,-6.0,"34,42","39,42",,,,,,,,
ncaab:400990506,ncaab,2018-02-23T01:30Z,final,2032,2026,Arkansas St,App State,82,79,,,,0,,,,,,,,,,2,,0,Jonesboro,AR,1,99,,,,-6.0,"31,38,13","34,35,10",,,,,,,,
ncaab:400991042,ncaab,2018-02-23T01:30Z,final,2197,93,E Illinois,Murray St,66,76,,,,0,,,,,,,,,,2,,0,Charleston,IL,1,204,,,,-6.0,"36,30","44,32",,,,,,,,
ncaab:400991044,ncaab,2018-02-23T01:30Z,final,2635,2634,Tennessee Tech,Tennessee St,69,64,,,,0,,,,,,,,,,2,,0,Cookeville,TN,1,334,,,,-6.0,"33,36","19,45",,,,,,,,
ncaab:400991354,ncaab,2018-02-23T01:30Z,final,2464,16,N Arizona,Sacramento St,58,53,,,,0,,,,,,,,,,2,,0,Flagstaff,AZ,1,2104,,,,-7.0,"18,40","27,26",,,,,,,,
ncaab:400991355,ncaab,2018-02-23T01:30Z,final,253,2502,Southern Utah,Portland St,91,96,,,,0,,,,,,,,,,2,,0,Cedar City,UT,1,1782,,,,-7.0,"43,37,11","40,40,16",,,,,,,,
ncaab:400986902,ncaab,2018-02-23T02:00Z,final,301,2250,San Diego,Gonzaga,72,77,,,,0,,,,,,,,,,2,,0,San Diego,CA,1,20,,,,-8.0,"37,35","34,43",,,,,,,,
ncaab:400988127,ncaab,2018-02-23T02:00Z,final,235,248,Memphis,Houston,91,85,,,,0,,,,,,,,,,2,,0,Memphis,TN,1,78,,,,-6.0,"37,54","43,42",,,,,,,,
ncaab:400988375,ncaab,2018-02-23T02:00Z,final,204,12,Oregon St,Arizona,65,75,,,,0,,,,,,,,,,2,,0,Corvallis,OR,1,71,,,,-8.0,"29,32,4","37,24,14",,,,,,,,
ncaab:400988376,ncaab,2018-02-23T02:00Z,final,24,264,Stanford,Washington,94,78,,,,0,,,,,,,,,,2,,0,Stanford,CA,1,23,,,,-8.0,"48,46","26,52",,,,,,,,
ncaab:400988377,ncaab,2018-02-23T02:00Z,final,254,26,Utah,UCLA,84,78,,,,0,,,,,,,,,,2,,0,Salt Lake City,UT,1,1299,,,,-7.0,"47,37","40,38",,,,,,,,
ncaab:400990698,ncaab,2018-02-23T02:00Z,final,2253,2547,Grand Canyon,Seattle U,76,64,,,,0,,,,,,,,,,2,,0,Phoenix,AZ,1,331,,,,-7.0,"35,41","26,38",,,,,,,,
ncaab:400990699,ncaab,2018-02-23T02:00Z,final,166,2130,New Mexico St,Chicago St,78,67,,,,0,,,,,,,,,,2,,0,Las Cruces,NM,1,1191,,,,-7.0,"39,39","36,31",,,,,,,,
ncaab:400991041,ncaab,2018-02-23T02:00Z,final,55,2057,Jax State,Belmont,78,67,,,,0,,,,,,,,,,2,,0,Jacksonville,AL,1,216,,,,-6.0,"37,41","35,32",,,,,,,,
ncaab:400991352,ncaab,2018-02-23T02:00Z,final,304,70,Idaho St,Idaho,86,83,,,,0,,,,,,,,,,2,,0,Pocatello,ID,1,1360,,,,-7.0,"45,41","38,45",,,,,,,,
ncaab:400991353,ncaab,2018-02-23T02:00Z,final,2692,331,Weber St,E Washington,70,75,,,,0,,,,,,,,,,2,,0,Ogden,UT,1,1311,,,,-7.0,"31,39","32,43",,,,,,,,
ncaab:400992676,ncaab,2018-02-23T02:00Z,final,2638,2348,UTEP,Louisiana Tech,74,72,,,,0,,,,,,,,,,2,,0,El Paso,TX,1,1133,,,,-7.0,"41,33","39,33",,,,,,,,
ncaab:400986925,ncaab,2018-02-23T03:00Z,final,2541,2351,Santa Clara,LMU,64,65,,,,0,,,,,,,,,,2,,0,Santa Clara,CA,1,23,,,,-8.0,"30,34","28,37",,,,,,,,
ncaab:400986951,ncaab,2018-02-23T03:00Z,final,279,2539,Pacific,San Francisco,74,84,,,,0,,,,,,,,,,2,,0,Stockton,CA,1,4,,,,-8.0,"27,47","33,51",,,,,,,,
ncaab:400986971,ncaab,2018-02-23T03:00Z,final,2608,2492,Saint Mary's,Pepperdine,75,61,,,,0,,,,,,,,,,2,,0,Moraga,CA,1,152,,,,-8.0,"46,29","26,35",,,,,,,,
ncaab:400990697,ncaab,2018-02-23T03:00Z,final,2934,3084,Bakersfield,Utah Valley,47,70,,,,0,,,,,,,,,,2,,0,Bakersfield,CA,1,123,,,,-8.0,"27,20","31,39",,,,,,,,
ncaab:400992442,ncaab,2018-02-23T03:00Z,final,13,2463,Cal Poly,CSU Northridge,90,86,,,,0,,,,,,,,,,2,,0,San Luis Obispo,CA,1,71,,,,-8.0,"40,29,9,12","31,38,9,8",,,,,,,,
ncaab:400992525,ncaab,2018-02-23T03:30Z,final,300,2540,UC Irvine,Santa Barbara,69,49,,,,0,,,,,,,,,,2,,0,Irvine,CA,1,17,,,,-8.0,"37,32","19,30",,,,,,,,
ncaab:400986875,ncaab,2018-02-23T04:00Z,final,2501,252,Portland,BYU,60,72,,,,0,,,,,,,,,,2,,0,Portland,OR,1,12,,,,-8.0,"28,32","42,30",,,,,,,,
ncaab:400988378,ncaab,2018-02-23T04:00Z,final,25,265,California,Washington St,76,78,,,,0,,,,,,,,,,2,,0,Berkeley,CA,1,52,,,,-8.0,"36,40","38,40",,,,,,,,
ncaab:400988379,ncaab,2018-02-23T04:30Z,final,2483,9,Oregon,Arizona St,75,68,,,,0,,,,,,,,,,2,,0,Eugene,OR,1,131,,,,-8.0,"43,32","40,28",,,,,,,,
ncaab:400992494,ncaab,2018-02-23T04:59Z,final,62,299,Hawai'i,Long Beach St,74,63,,,,0,,,,,,,,,,2,,0,Honolulu,HI,1,5,,,,-10.0,"34,40","25,38",,,,,,,,
ncaab:400992151,ncaab,2018-02-23T16:00Z,final,85,2750,IU Indy,Wright St,66,56,,,,0,,,,,,,,,,2,,0,Indianapolis,IN,1,218,,,,-5.0,"27,39","27,29",,,,,,,,
ncaab:400988819,ncaab,2018-02-23T23:00Z,final,2643,2382,The Citadel,Mercer,70,83,,,,0,,,,,,,,,,2,,0,Charleston,SC,1,6,,,,-5.0,"33,37","34,49",,,,,,,,
ncaab:400990280,ncaab,2018-02-23T23:30Z,final,2649,2117,Toledo,C Michigan,89,76,,,,0,,,,,,,,,,2,,0,Toledo,OH,1,186,,,,-5.0,"44,45","39,37",,,,,,,,
ncaab:400988820,ncaab,2018-02-24T00:00Z,final,2193,2747,ETSU,Wofford,71,75,,,,0,,,,,,,,,,2,,0,Johnson City,TN,1,498,,,,-5.0,"36,35","36,39",,,,,,,,
ncaab:400988821,ncaab,2018-02-24T00:00Z,final,2717,231,W Carolina,Furman,55,78,,,,0,,,,,,,,,,2,,0,Cullowhee,NC,1,645,,,,-5.0,"26,29","44,34",,,,,,,,
ncaab:400988822,ncaab,2018-02-24T00:00Z,final,2430,236,UNC Greensboro,Chattanooga,72,51,,,,0,,,,,,,,,,2,,0,Greensboro,NC,1,266,,,,-5.0,"31,41","16,35",,,,,,,,
ncaab:400988823,ncaab,2018-02-24T00:00Z,final,2678,2535,VMI,Samford,82,89,,,,0,,,,,,,,,,2,,0,Lexington,VA,1,324,,,,-5.0,"38,44","44,45",,,,,,,,
ncaab:400989833,ncaab,2018-02-24T00:00Z,final,227,2168,Rhode Island,Dayton,81,56,,,,0,,,,,,,,,,2,,0,Kingston,RI,1,75,,,,-5.0,"36,45","34,22",,,,,,,,
ncaab:400991206,ncaab,2018-02-24T00:00Z,final,315,2368,Niagara,Marist,100,76,,,,0,,,,,,,,,,2,,0,Niagara Falls,NY,1,187,,,,-5.0,"46,54","43,33",,,,,,,,
ncaab:400991207,ncaab,2018-02-24T00:00Z,final,2514,2612,Quinnipiac,Saint Peter's,43,52,,,,0,,,,,,,,,,2,,0,Hamden,CT,1,31,,,,-5.0,"19,24","28,24",,,,,,,,
ncaab:400991606,ncaab,2018-02-24T00:00Z,final,171,225,Columbia,Brown,89,82,,,,0,,,,,,,,,,2,,0,New York,NY,1,10,,,,-5.0,"36,53","33,49",,,,,,,,
ncaab:400991638,ncaab,2018-02-24T00:00Z,final,172,43,Cornell,Yale,80,82,,,,0,,,,,,,,,,2,,0,Ithaca,NY,1,125,,,,-5.0,"37,43","30,52",,,,,,,,
ncaab:400991650,ncaab,2018-02-24T00:00Z,final,219,159,Penn,Dartmouth,74,46,,,,0,,,,,,,,,,2,,0,Philadelphia,PA,1,12,,,,-5.0,"39,35","19,27",,,,,,,,
ncaab:400991660,ncaab,2018-02-24T00:00Z,final,163,108,Princeton,Harvard,66,72,,,,0,,,,,,,,,,2,,0,Princeton,NJ,1,62,,,,-5.0,"30,30,6","27,33,12",,,,,,,,
ncaab:400986586,ncaab,2018-02-24T01:00Z,final,84,194,Indiana,Ohio State,78,80,,,,0,,,,,,,,,,2,,0,Bloomington,IN,1,235,,,,-5.0,"33,30,7,8","33,30,7,10",,,,,,,,
ncaab:400992183,ncaab,2018-02-24T01:00Z,final,82,94,UIC,N Kentucky,72,79,,,,0,,,,,,,,,,2,,0,Chicago,IL,1,179,,,,-6.0,"26,46","41,38",,,,,,,,
ncaab:400990276,ncaab,2018-02-24T02:00Z,final,2050,2711,Ball State,W Michigan,80,87,,,,0,,,,,,,,,,2,,0,Muncie,IN,1,284,,,,-5.0,"37,43","34,53",,,,,,,,
ncaab:400991205,ncaab,2018-02-24T02:00Z,final,314,2363,Iona,Manhattan,88,75,,,,0,,,,,,,,,,2,,0,New Rochelle,NY,1,26,,,,-5.0,"47,41","34,41",,,,,,,,
ncaab:400986587,ncaab,2018-02-24T17:00Z,final,120,130,Maryland,Michigan,61,85,,,,0,,,,,,,,,,2,,0,College Park,MD,1,21,,,,-5.0,"24,37","54,31",,,,,,,,
ncaab:400988128,ncaab,2018-02-24T17:00Z,final,58,2655,South Florida,Tulane,68,79,,,,0,,,,,,,,,,2,,0,Tampa,FL,1,1,,,,-5.0,"28,40","41,38",,,,,,,,
ncaab:400988624,ncaab,2018-02-24T17:00Z,final,305,269,DePaul,Marquette,70,62,,,,0,,,,,,,,,,2,,0,Chicago,IL,1,179,,,,-6.0,"28,42","33,29",,,,,,,,
ncaab:400988625,ncaab,2018-02-24T17:00Z,final,46,2507,Georgetown,Providence,69,74,,,,0,,,,,,,,,,2,,0,Washington,DC,1,7,,,,-5.0,"40,29","35,39",,,,,,,,
ncaab:400988626,ncaab,2018-02-24T17:00Z,final,2599,2550,St John's,Seton Hall,74,81,,,,0,,,,,,,,,,2,,0,New York,NY,1,10,,,,-5.0,"34,36,4","38,32,11",,,,,,,,
ncaab:400989148,ncaab,2018-02-24T17:00Z,final,2628,239,TCU,Baylor,82,72,,,,0,,,,,,,,,,2,,0,Fort Worth,TX,1,199,,,,-6.0,"33,49","28,44",,,,,,,,
ncaab:400989797,ncaab,2018-02-24T17:00Z,final,2184,2166,Duquesne,Davidson,60,71,,,,0,,,,,,,,,,2,,0,Pittsburgh,PA,1,233,,,,-5.0,"31,29","33,38",,,,,,,,
ncaab:400990277,ncaab,2018-02-24T17:00Z,final,2199,2459,E Michigan,N Illinois,82,53,,,,0,,,,,,,,,,2,,0,Ypsilanti,MI,1,219,,,,-5.0,"31,51","23,30",,,,,,,,
ncaab:400991579,ncaab,2018-02-24T17:00Z,final,2378,2349,UMBC,UMass Lowell,83,75,,,,0,,,,,,,,,,2,,0,Baltimore,MD,1,10,,,,-5.0,"39,44","35,40",,,,,,,,
ncaab:400986277,ncaab,2018-02-24T18:00Z,final,259,97,Virginia Tech,Louisville,68,75,,,,0,,,,,,,,,,2,,0,Blacksburg,VA,1,633,,,,-5.0,"34,34","34,41",,,,,,,,
ncaab:400987395,ncaab,2018-02-24T18:00Z,final,145,2633,Ole Miss,Tennessee,65,73,,,,0,,,,,,,,,,2,,0,Oxford,MS,1,154,,,,-6.0,"26,39","41,32",,,,,,,,
ncaab:400991208,ncaab,2018-02-24T18:00Z,final,2217,2405,Fairfield,Monmouth,69,66,,,,0,,,,,,,,,,2,,0,Bridgeport,CT,1,1,,,,-5.0,"30,39","36,30",,,,,,,,
ncaab:400986278,ncaab,2018-02-24T19:00Z,final,2390,103,Miami,Boston College,79,78,,,,0,,,,,,,,,,2,,0,Coral Gables,FL,1,3,,,,-5.0,"39,40","41,37",,,,,,,,
ncaab:400987398,ncaab,2018-02-24T19:00Z,final,61,99,Georgia,LSU,93,82,,,,0,,,,,,,,,,2,,0,Athens,GA,1,228,,,,-5.0,"45,48","34,48",,,,,,,,
ncaab:400988129,ncaab,2018-02-24T19:00Z,final,2567,2724,SMU,Wichita St,78,84,,,,0,,,,,,,,,,2,,0,Dallas,TX,1,128,,,,-6.0,"35,43","37,47",,,,,,,,
ncaab:400989239,ncaab,2018-02-24T19:00Z,final,251,197,Texas,Oklahoma St,65,64,,,,0,,,,,,,,,,2,,0,Austin,TX,1,149,,,,-6.0,"33,32","28,36",,,,,,,,
ncaab:400989426,ncaab,2018-02-24T19:00Z,final,2437,2449,Omaha,N Dakota St,62,84,,,,0,,,,,,,,,,2,,0,Omaha,NE,1,323,,,,-6.0,"33,29","46,38",,,,,,,,
ncaab:400989754,ncaab,2018-02-24T19:00Z,final,2350,2287,Loyola Chicago,Illinois St,68,61,,,,0,,,,,,,,,,2,,0,Chicago,IL,1,179,,,,-6.0,"33,35","28,33",,,,,,,,
ncaab:400989756,ncaab,2018-02-24T19:00Z,final,2460,2623,Northern Iowa,Missouri St,71,56,,,,0,,,,,,,,,,2,,0,Cedar Falls,IA,1,268,,,,-6.0,"39,32","25,31",,,,,,,,
ncaab:400989757,ncaab,2018-02-24T19:00Z,final,339,79,Evansville,S Illinois,75,44,,,,0,,,,,,,,,,2,,0,Evansville,IN,1,118,,,,-6.0,"36,39","17,27",,,,,,,,
ncaab:400990292,ncaab,2018-02-24T19:00Z,final,2006,193,Akron,Miami OH,62,64,,,,0,,,,,,,,,,2,,0,Akron,OH,1,291,,,,-5.0,"31,20,11","17,34,13",,,,,,,,
ncaab:400990867,ncaab,2018-02-24T19:00Z,final,112358,2529,Long Island,Sacred Heart,88,77,,,,0,,,,,,,,,,2,,0,Brooklyn,NY,1,15,,,,-5.0,"42,46","33,44",,,,,,,,
ncaab:400991050,ncaab,2018-02-24T19:00Z,final,2413,2198,Morehead St,E Kentucky,70,66,,,,0,,,,,,,,,,2,,0,Morehead,KY,1,153,,,,-6.0,"28,42","27,39",,,,,,,,
ncaab:400991390,ncaab,2018-02-24T19:00Z,final,2729,232,William & Mary,Charleston,114,104,,,,0,,,,,,,,,,2,,0,Williamsburg,VA,1,25,,,,-5.0,"44,51,19","32,63,9",,,,,,,,
ncaab:400991977,ncaab,2018-02-24T19:00Z,final,44,2083,American,Bucknell,61,80,,,,0,,,,,,,,,,2,,0,Washington,DC,1,7,,,,-5.0,"22,39","38,42",,,,,,,,
ncaab:400991994,ncaab,2018-02-24T19:00Z,final,349,104,Army,Boston U,59,61,,,,0,,,,,,,,,,2,,0,West Point,NY,1,47,,,,-5.0,"23,36","35,26",,,,,,,,
ncaab:400992032,ncaab,2018-02-24T19:00Z,final,2142,107,Colgate,Holy Cross,59,53,,,,0,,,,,,,,,,2,,0,Hamilton,NY,1,181,,,,-5.0,"12,47","22,31",,,,,,,,
ncaab:400992057,ncaab,2018-02-24T19:00Z,final,2426,2352,Navy,Loyola MD,62,56,,,,0,,,,,,,,,,2,,0,Annapolis,MD,1,12,,,,-5.0,"30,32","24,32",,,,,,,,
ncaab:400992120,ncaab,2018-02-24T19:00Z,final,2174,2739,Detroit Mercy,Green Bay,97,107,,,,0,,,,,,,,,,2,,0,Detroit,MI,1,183,,,,-5.0,"36,61","61,46",,,,,,,,
ncaab:400992308,ncaab,2018-02-24T19:00Z,final,2737,2127,Winthrop,Charleston So,75,78,,,,0,,,,,,,,,,2,,0,Rock Hill,SC,1,207,,,,-5.0,"27,48","41,37",,,,,,,,
ncaab:400992341,ncaab,2018-02-24T19:00Z,final,2335,2272,Liberty,High Point,65,45,,,,0,,,,,,,,,,2,,0,Lynchburg,VA,1,192,,,,-5.0,"30,35","24,21",,,,,,,,
ncaab:400988380,ncaab,2018-02-24T19:30Z,final,254,30,Utah,USC,58,74,,,,0,,,,,,,,,,2,,0,Salt Lake City,UT,1,1299,,,,-7.0,"28,30","38,36",,,,,,,,
ncaab:400988627,ncaab,2018-02-24T19:30Z,final,156,222,Creighton,Villanova,89,83,,,,0,,,,,,,,,,2,,0,Omaha,NE,1,323,,,,-6.0,"38,34,17","40,32,11",,,,,,,,
ncaab:400991361,ncaab,2018-02-24T19:30Z,final,253,16,Southern Utah,Sacramento St,77,74,,,,0,,,,,,,,,,2,,0,Cedar City,UT,1,1782,,,,-7.0,"38,39","34,40",,,,,,,,
ncaab:400986279,ncaab,2018-02-24T20:00Z,final,154,87,Wake Forest,Notre Dame,71,76,,,,0,,,,,,,,,,2,,0,Winston-Salem,NC,1,293,,,,-5.0,"41,30","36,40",,,,,,,,
ncaab:400986319,ncaab,2018-02-24T20:00Z,final,228,59,Clemson,Georgia Tech,75,67,,,,0,,,,,,,,,,2,,0,Clemson,SC,1,221,,,,-5.0,"33,42","37,30",,,,,,,,
ncaab:400989094,ncaab,2018-02-24T20:00Z,final,357,2916,Texas A&M-CC,Incarnate Word,62,69,,,,0,,,,,,,,,,2,,0,Corpus Christi,TX,1,2,,,,-6.0,"26,36","35,34",,,,,,,,
ncaab:400989758,ncaab,2018-02-24T20:00Z,final,2181,2674,Drake,Valparaiso,64,69,,,,0,,,,,,,,,,2,,0,Des Moines,IA,1,266,,,,-6.0,"30,34","30,39",,,,,,,,
ncaab:400992165,ncaab,2018-02-24T20:00Z,final,2473,270,Oakland,Milwaukee,72,70,,,,0,,,,,,,,,,2,,0,Rochester,MI,1,229,,,,-5.0,"31,41","36,34",,,,,,,,
ncaab:400992367,ncaab,2018-02-24T20:00Z,final,2344,2515,Longwood,Radford,47,70,,,,0,,,,,,,,,,2,,0,Farmville,VA,1,90,,,,-5.0,"20,27","37,33",,,,,,,,
ncaab:400987396,ncaab,2018-02-24T20:30Z,final,344,2579,Mississippi St,South Carolina,72,68,,,,0,,,,,,,,,,2,,0,Starkville,MS,1,101,,,,-6.0,"25,37,10","32,30,6",,,,,,,,
ncaab:400990278,ncaab,2018-02-24T20:30Z,final,2084,195,Buffalo,Ohio,108,82,,,,0,,,,,,,,,,2,,0,Buffalo,NY,1,183,,,,-5.0,"56,52","42,40",,,,,,,,
ncaab:400990866,ncaab,2018-02-24T20:30Z,final,2115,2597,C Connecticut,St Francis BK,78,75,,,,0,,,,,,,,,,2,,0,New Britain,CT,1,51,,,,-5.0,"36,33,9","40,29,6",,,,,,,,
ncaab:400986280,ncaab,2018-02-24T21:00Z,final,221,258,Pitt,Virginia,37,66,,,,0,,,,,,,,,,2,,0,Pittsburgh,PA,1,233,,,,-5.0,"7,30","30,36",,,,,,,,
ncaab:400986926,ncaab,2018-02-24T21:00Z,final,2351,279,LMU,Pacific,74,71,,,,0,,,,,,,,,,2,,0,Los Angeles,CA,1,89,,,,-8.0,"28,46","39,32",,,,,,,,
ncaab:400987401,ncaab,2018-02-24T21:00Z,final,238,245,Vanderbilt,Texas A&M,81,89,,,,0,,,,,,,,,,2,,0,Nashville,TN,1,170,,,,-6.0,"31,50","43,46",,,,,,,,
ncaab:400989755,ncaab,2018-02-24T21:00Z,final,71,282,Bradley,Indiana St,64,66,,,,0,,,,,,,,,,2,,0,Peoria,IL,1,153,,,,-6.0,"31,33","34,32",,,,,,,,
ncaab:400989875,ncaab,2018-02-24T21:00Z,final,2230,2325,Fordham,La Salle,60,73,,,,0,,,,,,,,,,2,,0,Bronx,NY,1,28,,,,-5.0,"19,41","40,33",,,,,,,,
ncaab:400990868,ncaab,2018-02-24T21:00Z,final,116,2681,Mount St Marys,Wagner,73,62,,,,0,,,,,,,,,,2,,0,Emmitsburg,MD,1,133,,,,-5.0,"31,42","31,31",,,,,,,,
ncaab:400991359,ncaab,2018-02-24T21:00Z,final,155,2458,North Dakota,N Colorado,66,79,,,,0,,,,,,,,,,2,,0,Grand Forks,ND,1,253,,,,-6.0,"34,32","45,34",,,,,,,,
ncaab:400991413,ncaab,2018-02-24T21:00Z,final,48,256,Delaware,James Madison,68,66,,,,0,,,,,,,,,,2,,0,Newark,DE,1,38,,,,-5.0,"28,40","26,40",,,,,,,,
ncaab:400991431,ncaab,2018-02-24T21:00Z,final,2182,350,Drexel,UNC Wilmington,82,83,,,,0,,,,,,,,,,2,,0,Philadelphia,PA,1,12,,,,-5.0,"34,48","38,45",,,,,,,,
ncaab:400991463,ncaab,2018-02-24T21:00Z,final,2275,119,Hofstra,Towson,91,86,,,,0,,,,,,,,,,2,,0,Hempstead,NY,1,17,,,,-5.0,"41,50","37,49",,,,,,,,
ncaab:400991703,ncaab,2018-02-24T21:00Z,final,2005,328,Air Force,Utah State,75,65,,,,0,,,,,,,,,,2,,0,Colorado Springs,CO,1,1832,,,,-7.0,"32,43","45,20",,,,,,,,
ncaab:400992717,ncaab,2018-02-24T21:00Z,final,2065,2542,Bethune,Savannah St,121,92,,,,0,,,,,,,,,,2,,0,Daytona Beach,FL,1,4,,,,-5.0,"61,60","44,48",,,,,,,,
ncaab:400992748,ncaab,2018-02-24T21:00Z,final,47,2169,Howard,Delaware St,93,74,,,,0,,,,,,,,,,2,,0,Washington,DC,1,7,,,,-5.0,"47,46","31,43",,,,,,,,
ncaab:400992801,ncaab,2018-02-24T21:00Z,final,2379,2450,MD Eastern,Norfolk St,63,74,,,,0,,,,,,,,,,2,,0,Princess Anne,MD,1,5,,,,-5.0,"30,33","33,41",,,,,,,,
ncaab:400992818,ncaab,2018-02-24T21:00Z,final,2569,2428,SC State,NC Central,102,79,,,,0,,,,,,,,,,2,,0,Orangeburg,SC,1,74,,,,-5.0,"49,53","32,47",,,,,,,,
ncaab:400990038,ncaab,2018-02-24T21:10Z,final,2066,42,Binghamton,Hartford,57,67,,,,0,,,,,,,,,,2,,0,Binghamton,NY,1,264,,,,-5.0,"29,28","28,39",,,,,,,,
ncaab:400989191,ncaab,2018-02-24T21:15Z,final,2641,2305,Texas Tech,Kansas,72,74,,,,0,,,,,,,,,,2,,0,Lubbock,TX,1,976,,,,-6.0,"37,35","41,33",,,,,,,,
ncaab:400988381,ncaab,2018-02-24T21:30Z,final,25,264,California,Washington,51,68,,,,0,,,,,,,,,,2,,0,Berkeley,CA,1,52,,,,-8.0,"35,16","35,33",,,,,,,,
ncaab:400989096,ncaab,2018-02-24T21:30Z,final,2377,2277,McNeese,Hou Christian,88,79,,,,0,,,,,,,,,,2,,0,Lake Charles,LA,1,4,,,,-6.0,"39,49","41,38",,,,,,,,
ncaab:400990865,ncaab,2018-02-24T21:30Z,final,161,2803,FDU,Bryant,87,83,,,,0,,,,,,,,,,2,,0,Hackensack,NJ,1,6,,,,-5.0,"40,47","34,49",,,,,,,,
ncaab:400992288,ncaab,2018-02-24T21:30Z,final,2097,2506,Campbell,Presbyterian,72,56,,,,0,,,,,,,,,,2,,0,Buies Creek,NC,1,63,,,,-5.0,"35,37","25,31",,,,,,,,
ncaab:400992325,ncaab,2018-02-24T21:30Z,final,2241,2427,Gardner-Webb,UNC Asheville,72,61,,,,0,,,,,,,,,,2,,0,Boiling Springs,NC,1,269,,,,-5.0,"43,29","36,25",,,,,,,,
ncaab:400991049,ncaab,2018-02-24T21:45Z,final,2197,2565,E Illinois,SIUE,68,56,,,,0,,,,,,,,,,2,,0,Charleston,IL,1,204,,,,-6.0,"32,36","28,28",,,,,,,,
ncaab:400989097,ncaab,2018-02-24T22:00Z,final,2000,2110,Abilene Chrstn,C Arkansas,72,74,,,,0,,,,,,,,,,2,,0,Abilene,TX,1,524,,,,-6.0,"35,37","41,33",,,,,,,,
ncaab:400990509,ncaab,2018-02-24T22:15Z,final,250,2247,UT Arlington,Georgia St,89,81,,,,0,,,,,,,,,,2,,0,Arlington,TX,1,184,,,,-6.0,"46,43","38,43",,,,,,,,
ncaab:400990514,ncaab,2018-02-24T22:15Z,final,2653,2433,Troy,UL Monroe,73,67,,,,0,,,,,,,,,,2,,0,Troy,AL,1,165,,,,-6.0,"35,38","29,38",,,,,,,,
ncaab:400991046,ncaab,2018-02-24T22:15Z,final,2546,2630,SE Missouri,UT Martin,66,72,,,,0,,,,,,,,,,2,,0,Cape Girardeau,MO,1,108,,,,-6.0,"31,35","37,35",,,,,,,,
ncaab:400990510,ncaab,2018-02-24T22:30Z,final,326,290,Texas St,GA Southern,77,81,,,,0,,,,,,,,,,2,,0,San Marcos,TX,1,188,,,,-6.0,"36,41","34,47",,,,,,,,
ncaab:400987093,ncaab,2018-02-24T23:00Z,final,2608,2541,Saint Mary's,Santa Clara,67,40,,,,0,,,,,,,,,,2,,0,Moraga,CA,1,152,,,,-8.0,"31,36","19,21",,,,,,,,
ncaab:400987400,ncaab,2018-02-24T23:00Z,final,333,8,Alabama,Arkansas,73,76,,,,0,,,,,,,,,,2,,0,Tuscaloosa,AL,1,68,,,,-6.0,"31,42","35,41",,,,,,,,
ncaab:400989171,ncaab,2018-02-24T23:00Z,final,277,66,West Virginia,Iowa State,85,70,,,,0,,,,,,,,,,2,,0,Morgantown,WV,1,271,,,,-5.0,"39,46","30,40",,,,,,,,
ncaab:400989211,ncaab,2018-02-24T23:00Z,final,201,2306,Oklahoma,Kansas St,86,77,,,,0,,,,,,,,,,2,,0,Norman,OK,1,357,,,,-6.0,"43,43","35,42",,,,,,,,
ncaab:400989897,ncaab,2018-02-24T23:00Z,final,2244,113,George Mason,UMass,78,76,,,,0,,,,,,,,,,2,,0,Fairfax,VA,1,131,,,,-5.0,"36,28,14","20,44,12",,,,,,,,
ncaab:400989972,ncaab,2018-02-24T23:00Z,final,257,2603,Richmond,Saint Joseph's,70,72,,,,0,,,,,,,,,,2,,0,Richmond,VA,1,64,,,,-5.0,"29,41","35,37",,,,,,,,
ncaab:400990279,ncaab,2018-02-24T23:00Z,final,2309,189,Kent State,Bowling Green,64,63,,,,0,,,,,,,,,,2,,0,Kent,OH,1,325,,,,-5.0,"33,31","35,28",,,,,,,,
ncaab:400990511,ncaab,2018-02-24T23:00Z,final,2031,2026,Little Rock,App State,67,69,,,,0,,,,,,,,,,2,,0,Little Rock,AR,1,102,,,,-6.0,"33,34","33,36",,,,,,,,
ncaab:400991048,ncaab,2018-02-24T23:00Z,final,2057,2634,Belmont,Tennessee St,84,59,,,,0,,,,,,,,,,2,,0,Nashville,TN,1,170,,,,-6.0,"43,41","28,31",,,,,,,,
ncaab:400991607,ncaab,2018-02-24T23:00Z,final,172,225,Cornell,Brown,73,68,,,,0,,,,,,,,,,2,,0,Ithaca,NY,1,125,,,,-5.0,"31,42","35,33",,,,,,,,
ncaab:400991651,ncaab,2018-02-24T23:00Z,final,163,159,Princeton,Dartmouth,64,47,,,,0,,,,,,,,,,2,,0,Princeton,NJ,1,62,,,,-5.0,"24,40","14,33",,,,,,,,
ncaab:400992763,ncaab,2018-02-24T23:00Z,final,50,2448,Florida A&M,NC A&T,83,77,,,,0,,,,,,,,,,2,,0,Tallahassee,FL,1,62,,,,-5.0,"38,45","36,41",,,,,,,,
ncaab:400992789,ncaab,2018-02-24T23:00Z,final,2261,2415,Hampton,Morgan St,2,0,,,,0,,,,,,,,,,2,,0,Hampton,VA,1,1,,,,-5.0,2,0,,,,,,,,
ncaab:400992858,ncaab,2018-02-24T23:00Z,final,2504,2011,Prairie View,Alabama St,80,74,,,,0,,,,,,,,,,2,,0,Prairie View,TX,1,82,,,,-6.0,"38,42","32,42",,,,,,,,
ncaab:400986281,ncaab,2018-02-24T23:15Z,final,150,183,Duke,Syracuse,60,44,,,,0,,,,,,,,,,2,,0,Durham,NC,1,123,,,,-5.0,"27,33","16,28",,,,,,,,
ncaab:400992877,ncaab,2018-02-24T23:30Z,final,2016,2582,Alcorn St,Southern,89,85,,,,0,,,,,,,,,,2,,0,Lorman,MS,1,66,,,,-6.0,"44,45","35,50",,,,,,,,
ncaab:400992891,ncaab,2018-02-24T23:30Z,final,2755,2029,Grambling,AR-Pine Bluff,66,75,,,,0,,,,,,,,,,2,,0,Grambling,LA,1,93,,,,-6.0,"33,33","34,41",,,,,,,,
ncaab:400988383,ncaab,2018-02-25T00:00Z,final,24,265,Stanford,Washington St,86,84,,,,0,,,,,,,,,,2,,0,Stanford,CA,1,23,,,,-8.0,"49,37","40,44",,,,,,,,
ncaab:400989095,ncaab,2018-02-25T00:00Z,final,2466,2545,N'Western St,SE Louisiana,62,86,,,,0,,,,,,,,,,2,,0,Natchitoches,LA,1,36,,,,-6.0,"28,34","47,39",,,,,,,,
ncaab:400989098,ncaab,2018-02-25T00:00Z,final,2617,2320,SF Austin,Lamar,66,71,,,,0,,,,,,,,,,2,,0,Nacogdoches,TX,1,92,,,,-6.0,"26,40","33,38",,,,,,,,
ncaab:400989427,ncaab,2018-02-25T00:00Z,final,2870,2571,Purdue FW,S Dakota St,90,97,,,,0,,,,,,,,,,2,,0,Fort Wayne,IN,1,247,,,,-5.0,"38,52","45,52",,,,,,,,
ncaab:400990012,ncaab,2018-02-25T00:00Z,final,399,311,UAlbany,Maine,89,79,,,,0,,,,,,,,,,2,,0,Albany,NY,1,45,,,,-5.0,"39,50","26,53",,,,,,,,
ncaab:400990869,ncaab,2018-02-25T00:00Z,final,2598,2523,Saint Francis,Robert Morris,80,60,,,,0,,,,,,,,,,2,,0,Loretto,PA,1,595,,,,-5.0,"39,41","33,27",,,,,,,,
ncaab:400991449,ncaab,2018-02-25T00:00Z,final,2210,111,Elon,Northeastern,59,81,,,,0,,,,,,,,,,2,,0,Elon,NC,1,215,,,,-5.0,"28,31","41,40",,,,,,,,
ncaab:400991569,ncaab,2018-02-25T00:00Z,final,2619,261,Stony Brook,Vermont,60,69,,,,0,,,,,,,,,,2,,0,Stony Brook,NY,1,27,,,,-5.0,"31,29","31,38",,,,,,,,
ncaab:400991661,ncaab,2018-02-25T00:00Z,final,219,108,Penn,Harvard,74,71,,,,0,,,,,,,,,,2,,0,Philadelphia,PA,1,12,,,,-5.0,"35,39","35,36",,,,,,,,
ncaab:400992102,ncaab,2018-02-25T00:00Z,final,2754,325,Youngstown St,Cleveland St,94,99,,,,0,,,,,,,,,,2,,0,Youngstown,OH,1,259,,,,-5.0,"37,38,12,7","33,42,12,12",,,,,,,,
ncaab:400992680,ncaab,2018-02-25T00:00Z,final,2226,249,FAU,North Texas,74,54,,,,0,,,,,,,,,,2,,0,Boca Raton,FL,1,4,,,,-5.0,"34,40","26,28",,,,,,,,
ncaab:400992682,ncaab,2018-02-25T00:00Z,final,2229,242,FIU,Rice,67,64,,,,0,,,,,,,,,,2,,0,Miami,FL,1,2,,,,-5.0,"25,42","28,36",,,,,,,,
ncaab:400992683,ncaab,2018-02-25T00:00Z,final,98,295,Western KY,Old Dominion,88,66,,,,0,,,,,,,,,,2,,0,Bowling Green,KY,1,161,,,,-6.0,"46,42","30,36",,,,,,,,
ncaab:400992684,ncaab,2018-02-25T00:00Z,final,2393,5,MTSU,UAB,79,54,,,,0,,,,,,,,,,2,,0,Murfreesboro,TN,1,186,,,,-6.0,"40,39","19,35",,,,,,,,
ncaab:400992685,ncaab,2018-02-25T00:00Z,final,276,2429,Marshall,Charlotte,103,75,,,,0,,,,,,,,,,2,,0,Huntington,WV,1,173,,,,-5.0,"45,58","30,45",,,,,,,,
ncaab:400989099,ncaab,2018-02-25T00:30Z,final,2447,2443,Nicholls,LSU N Orleans,78,64,,,,0,,,,,,,,,,2,,0,Thibodaux,LA,1,4,,,,-6.0,"36,42","32,32",,,,,,,,
ncaab:400992047,ncaab,2018-02-25T00:30Z,final,2329,322,Lehigh,Lafayette,79,64,,,,0,,,,,,,,,,2,,0,Bethlehem,PA,1,109,,,,-5.0,"48,31","31,33",,,,,,,,
ncaab:400986876,ncaab,2018-02-25T01:00Z,final,252,2250,BYU,Gonzaga,65,79,,,,0,,,,,,,,,,2,,0,Provo,UT,1,1387,,,,-7.0,"38,27","43,36",,,,,,,,
ncaab:400986972,ncaab,2018-02-25T01:00Z,final,2492,2501,Pepperdine,Portland,75,64,,,,0,,,,,,,,,,2,,0,Malibu,CA,1,32,,,,-8.0,"42,33","17,47",,,,,,,,
ncaab:400988384,ncaab,2018-02-25T01:00Z,final,204,9,Oregon St,Arizona St,79,75,,,,0,,,,,,,,,,2,,0,Corvallis,OR,1,71,,,,-8.0,"36,43","30,45",,,,,,,,
ncaab:400989428,ncaab,2018-02-25T01:00Z,final,2710,2172,W Illinois,Denver,52,89,,,,0,,,,,,,,,,2,,0,Macomb,IL,1,215,,,,-6.0,"18,34","44,45",,,,,,,,
ncaab:400989916,ncaab,2018-02-25T01:00Z,final,139,45,Saint Louis,G Washington,62,53,,,,0,,,,,,,,,,2,,0,St. Louis,MO,1,142,,,,-6.0,"25,37","22,31",,,,,,,,
ncaab:400989930,ncaab,2018-02-25T01:00Z,final,2670,179,VCU,St Bonaventure,63,68,,,,0,,,,,,,,,,2,,0,Richmond,VA,1,64,,,,-5.0,"30,33","29,39",,,,,,,,
ncaab:400990512,ncaab,2018-02-25T01:00Z,final,2032,324,Arkansas St,Coastal,81,88,,,,0,,,,,,,,,,2,,0,Jonesboro,AR,1,99,,,,-6.0,"35,46","46,42",,,,,,,,
ncaab:400990700,ncaab,2018-02-25T01:00Z,final,292,2130,UT Rio Grande,Chicago St,83,75,,,,0,,,,,,,,,,2,,0,Edinburg,TX,1,30,,,,-6.0,"33,50","27,48",,,,,,,,
ncaab:400991047,ncaab,2018-02-25T01:00Z,final,2046,93,Austin Peay,Murray St,64,73,,,,0,,,,,,,,,,2,,0,Clarksville,TN,1,145,,,,-6.0,"37,27","23,50",,,,,,,,
ncaab:400991360,ncaab,2018-02-25T01:00Z,final,2464,2502,N Arizona,Portland St,66,72,,,,0,,,,,,,,,,2,,0,Flagstaff,AZ,1,2104,,,,-7.0,"23,43","24,48",,,,,,,,
ncaab:400992479,ncaab,2018-02-25T01:00Z,final,2463,2540,CSU Northridge,Santa Barbara,73,82,,,,0,,,,,,,,,,2,,0,Northridge,CA,1,246,,,,-8.0,"25,48","39,43",,,,,,,,
ncaab:400992516,ncaab,2018-02-25T01:00Z,final,302,27,UC Davis,UC Riverside,64,63,,,,0,,,,,,,,,,2,,0,Davis,CA,1,16,,,,-8.0,"33,31","23,40",,,,,,,,
ncaab:400992686,ncaab,2018-02-25T01:00Z,final,2636,2348,UTSA,Louisiana Tech,74,64,,,,0,,,,,,,,,,2,,0,San Antonio,TX,1,198,,,,-6.0,"33,41","35,29",,,,,,,,
ncaab:400990513,ncaab,2018-02-25T01:05Z,final,6,309,South Alabama,Louisiana,71,88,,,,0,,,,,,,,,,2,,0,Mobile,AL,1,3,,,,-6.0,"43,28","45,43",,,,,,,,
ncaab:400987397,ncaab,2018-02-25T01:15Z,final,96,142,Kentucky,Missouri,87,66,,,,0,,,,,,,,,,2,,0,Lexington,KY,1,295,,,,-5.0,"44,43","32,34",,,,,,,,
ncaab:400987399,ncaab,2018-02-25T01:30Z,final,57,2,Florida,Auburn,72,66,,,,0,,,,,,,,,,2,,0,Gainesville,FL,1,54,,,,-5.0,"33,39","24,42",,,,,,,,
ncaab:400991051,ncaab,2018-02-25T01:30Z,final,2635,55,Tennessee Tech,Jax State,57,66,,,,0,,,,,,,,,,2,,0,Cookeville,TN,1,334,,,,-6.0,"19,38","26,40",,,,,,,,
ncaab:400991624,ncaab,2018-02-25T01:30Z,final,171,43,Columbia,Yale,73,83,,,,0,,,,,,,,,,2,,0,New York,NY,1,10,,,,-5.0,"27,46","37,46",,,,,,,,
ncaab:400992903,ncaab,2018-02-25T01:30Z,final,2296,2400,Jackson St,Miss Valley St,60,59,,,,0,,,,,,,,,,2,,0,Jackson,MS,1,85,,,,-6.0,"28,32","22,37",,,,,,,,
ncaab:400990701,ncaab,2018-02-25T02:00Z,final,166,140,New Mexico St,Kansas City,82,58,,,,0,,,,,,,,,,2,,0,Las Cruces,NM,1,1191,,,,-7.0,"40,42","28,30",,,,,,,,
ncaab:400990702,ncaab,2018-02-25T02:00Z,final,2253,3084,Grand Canyon,Utah Valley,60,59,,,,0,,,,,,,,,,2,,0,Phoenix,AZ,1,331,,,,-7.0,"29,31","28,31",,,,,,,,
ncaab:400990703,ncaab,2018-02-25T02:00Z,final,2934,2547,Bakersfield,Seattle U,64,57,,,,0,,,,,,,,,,2,,0,Bakersfield,CA,1,123,,,,-8.0,"36,28","27,30",,,,,,,,
ncaab:400991356,ncaab,2018-02-25T02:00Z,final,149,147,Montana,Montana St,90,63,,,,0,,,,,,,,,,2,,0,Missoula,MT,1,978,,,,-7.0,"37,53","21,42",,,,,,,,
ncaab:400991357,ncaab,2018-02-25T02:00Z,final,2692,70,Weber St,Idaho,62,68,,,,0,,,,,,,,,,2,,0,Ogden,UT,1,1311,,,,-7.0,"37,25","32,36",,,,,,,,
ncaab:400991358,ncaab,2018-02-25T02:00Z,final,304,331,Idaho St,E Washington,69,74,,,,0,,,,,,,,,,2,,0,Pocatello,ID,1,1360,,,,-7.0,"25,44","38,36",,,,,,,,
ncaab:400992681,ncaab,2018-02-25T02:00Z,final,2638,2572,UTEP,Southern Miss,73,44,,,,0,,,,,,,,,,2,,0,El Paso,TX,1,1133,,,,-7.0,"38,35","15,29",,,,,,,,
ncaab:400992840,ncaab,2018-02-25T02:00Z,final,2640,2010,Texas Southern,Alabama A&M,106,71,,,,0,,,,,,,,,,2,,0,Houston,TX,1,12,,,,-6.0,"50,56","40,31",,,,,,,,
ncaab:400987007,ncaab,2018-02-25T03:00Z,final,2539,301,San Francisco,San Diego,61,64,,,,0,,,,,,,,,,2,,0,San Francisco,CA,1,16,,,,-8.0,"31,30","21,43",,,,,,,,
ncaab:400991760,ncaab,2018-02-25T03:00Z,final,278,2751,Fresno St,Wyoming,68,78,,,,0,,,,,,,,,,2,,0,Fresno,CA,1,94,,,,-8.0,"29,39","46,32",,,,,,,,
ncaab:400991800,ncaab,2018-02-25T03:00Z,final,23,21,San José St,San Diego St,59,71,,,,0,,,,,,,,,,2,,0,San Jose,CA,1,26,,,,-8.0,"27,32","30,41",,,,,,,,
ncaab:400992459,ncaab,2018-02-25T03:00Z,final,2239,299,Fullerton,Long Beach St,81,71,,,,0,,,,,,,,,,2,,0,Fullerton,CA,1,50,,,,-8.0,"27,54","29,42",,,,,,,,
ncaab:400988382,ncaab,2018-02-25T03:15Z,final,2483,12,Oregon,Arizona,98,93,,,,0,,,,,,,,,,2,,0,Eugene,OR,1,131,,,,-8.0,"37,46,15","43,40,10",,,,,,,,
ncaab:400992526,ncaab,2018-02-25T04:59Z,final,62,300,Hawai'i,UC Irvine,57,66,,,,0,,,,,,,,,,2,,0,Honolulu,HI,1,5,,,,-10.0,"24,33","33,33",,,,,,,,
ncaab:400988130,ncaab,2018-02-25T17:00Z,final,2132,202,Cincinnati,Tulsa,82,74,,,,0,,,,,,,,,,2,,0,Highland Heights,KY,1,260,,,,-5.0,"44,38","47,27",,,,,,,,
ncaab:400986589,ncaab,2018-02-25T18:00Z,final,275,127,Wisconsin,Michigan St,63,68,,,,0,,,,,,,,,,2,,0,Madison,WI,1,267,,,,-6.0,"27,36","34,34",,,,,,,,
ncaab:400988825,ncaab,2018-02-25T18:00Z,final,2678,236,VMI,Chattanooga,68,65,,,,0,,,,,,,,,,2,,0,Lexington,VA,1,324,,,,-5.0,"37,31","24,41",,,,,,,,
ncaab:400992152,ncaab,2018-02-25T18:00Z,final,85,94,IU Indy,N Kentucky,56,75,,,,0,,,,,,,,,,2,,0,Indianapolis,IN,1,218,,,,-5.0,"17,39","32,43",,,,,,,,
ncaab:400988131,ncaab,2018-02-25T19:00Z,final,218,2116,Temple,UCF,75,56,,,,0,,,,,,,,,,2,,0,Philadelphia,PA,1,12,,,,-5.0,"33,42","20,36",,,,,,,,
ncaab:400988824,ncaab,2018-02-25T19:00Z,final,2717,2643,W Carolina,The Citadel,92,75,,,,0,,,,,,,,,,2,,0,Cullowhee,NC,1,645,,,,-5.0,"49,43","37,38",,,,,,,,
ncaab:400988827,ncaab,2018-02-25T19:00Z,final,2193,231,ETSU,Furman,76,79,,,,0,,,,,,,,,,2,,0,Johnson City,TN,1,498,,,,-5.0,"39,37","40,39",,,,,,,,
ncaab:400988828,ncaab,2018-02-25T19:00Z,final,2747,2382,Wofford,Mercer,68,69,,,,0,,,,,,,,,,2,,0,Spartanburg,SC,1,246,,,,-5.0,"30,38","32,37",,,,,,,,
ncaab:400991209,ncaab,2018-02-25T19:00Z,final,2099,2368,Canisius,Marist,98,74,,,,0,,,,,,,,,,2,,0,Buffalo,NY,1,183,,,,-5.0,"47,51","39,35",,,,,,,,
ncaab:400991210,ncaab,2018-02-25T19:00Z,final,2612,2561,Saint Peter's,Siena,65,48,,,,0,,,,,,,,,,2,,0,Jersey City,NJ,1,9,,,,-5.0,"26,39","22,26",,,,,,,,
ncaab:400991212,ncaab,2018-02-25T19:00Z,final,2520,314,Rider,Iona,110,101,,,,0,,,,,,,,,,2,,0,Lawrenceville,NJ,1,37,,,,-5.0,"57,53","40,61",,,,,,,,
ncaab:400991791,ncaab,2018-02-25T19:00Z,final,167,2439,New Mexico,UNLV,91,90,,,,0,,,,,,,,,,2,,0,Albuquerque,NM,1,1511,,,,-7.0,"42,49","41,49",,,,,,,,
ncaab:400986591,ncaab,2018-02-25T20:00Z,final,164,356,Rutgers,Illinois,62,75,,,,0,,,,,,,,,,2,,0,Piscataway,NJ,1,30,,,,-5.0,"30,32","35,40",,,,,,,,
ncaab:400988133,ncaab,2018-02-25T20:00Z,final,248,151,Houston,East Carolina,109,58,,,,0,,,,,,,,,,2,,0,Houston,TX,1,12,,,,-6.0,"62,47","13,45",,,,,,,,
ncaab:400986590,ncaab,2018-02-25T21:00Z,final,2509,135,Purdue,Minnesota,84,60,,,,0,,,,,,,,,,2,,0,West Lafayette,IN,1,186,,,,-5.0,"37,47","29,31",,,,,,,,
ncaab:400988132,ncaab,2018-02-25T21:00Z,final,41,235,UConn,Memphis,79,83,,,,0,,,,,,,,,,2,,0,Storrs,CT,1,187,,,,-5.0,"31,48","41,42",,,,,,,,
ncaab:400988385,ncaab,2018-02-25T21:00Z,final,38,26,Colorado,UCLA,80,76,,,,0,,,,,,,,,,2,,0,Boulder,CO,1,1624,,,,-7.0,"45,35","36,40",,,,,,,,
ncaab:400988826,ncaab,2018-02-25T21:00Z,final,2430,2535,UNC Greensboro,Samford,88,75,,,,0,,,,,,,,,,2,,0,Greensboro,NC,1,266,,,,-5.0,"47,41","22,53",,,,,,,,
ncaab:400991741,ncaab,2018-02-25T21:00Z,final,2440,36,Nevada,Colorado St,92,83,,,,0,,,,,,,,,,2,,0,Reno,NV,1,1373,,,,-8.0,"40,52","38,45",,,,,,,,
ncaab:400986592,ncaab,2018-02-25T22:15Z,final,158,213,Nebraska,Penn State,76,64,,,,0,,,,,,,,,,2,,0,Lincoln,NE,1,367,,,,-6.0,"34,42","17,47",,,,,,,,
ncaab:400986282,ncaab,2018-02-25T23:00Z,final,152,52,NC State,Florida St,92,72,,,,0,,,,,,,,,,2,,0,Raleigh,NC,1,96,,,,-5.0,"48,44","29,43",,,,,,,,
ncaab:400991211,ncaab,2018-02-25T23:00Z,final,2363,2514,Manhattan,Quinnipiac,92,86,,,,0,,,,,,,,,,2,,0,Riverdale,NY,1,159,,,,-8.0,"26,39,11,16","23,42,11,10",,,,,,,,
ncaab:400992184,ncaab,2018-02-25T23:00Z,final,82,2750,UIC,Wright St,81,88,,,,0,,,,,,,,,,2,,0,Chicago,IL,1,179,,,,-6.0,"51,30","43,45",,,,,,,,
ncaab:400986588,ncaab,2018-02-26T00:30Z,final,2294,77,Iowa,Northwestern,77,70,,,,0,,,,,,,,,,2,,0,Iowa City,IA,1,204,,,,-6.0,"45,32","28,42",,,,,,,,
ncaab:400986283,ncaab,2018-02-27T00:00Z,final,259,150,Virginia Tech,Duke,64,63,,,,0,,,,,,,,,,2,,0,Blacksburg,VA,1,633,,,,-5.0,"27,37","33,30",,,,,,,,
ncaab:400988628,ncaab,2018-02-27T00:00Z,final,46,269,Georgetown,Marquette,86,90,,,,0,,,,,,,,,,2,,0,Washington,DC,1,7,,,,-5.0,"46,32,8","40,38,12",,,,,,,,
ncaab:400992779,ncaab,2018-02-27T00:00Z,final,47,2450,Howard,Norfolk St,74,79,,,,0,,,,,,,,,,2,,0,Washington,DC,1,7,,,,-5.0,"31,43","35,44",,,,,,,,
ncaab:401019073,ncaab,2018-02-27T00:00Z,final,2210,256,Elon,James Madison,84,90,,,,0,,,,,,,,,,2,,0,Elon,NC,1,215,,,,-5.0,"32,52","43,47",,,,,,,,
ncaab:401020699,ncaab,2018-02-27T00:00Z,final,526,2908,FGCU,SC Upstate,96,76,,,,0,,,,,,,,,,2,,0,Fort Myers,FL,1,3,,,,-5.0,"39,57","36,40",,,,,,,,
ncaab:401020702,ncaab,2018-02-27T00:00Z,final,294,338,Jacksonville,Kennesaw St,87,68,,,,0,,,,,,,,,,2,,0,Jacksonville,FL,1,5,,,,-5.0,"40,47","32,36",,,,,,,,
ncaab:400992718,ncaab,2018-02-27T00:30Z,final,2065,2448,Bethune,NC A&T,80,86,,,,0,,,,,,,,,,2,,0,Daytona Beach,FL,1,4,,,,-5.0,"43,37","49,37",,,,,,,,
ncaab:400992749,ncaab,2018-02-27T00:30Z,final,2379,2169,MD Eastern,Delaware St,59,47,,,,0,,,,,,,,,,2,,0,Princess Anne,MD,1,5,,,,-5.0,"25,34","17,30",,,,,,,,
ncaab:401020701,ncaab,2018-02-27T00:30Z,final,2885,2454,NJIT,North Florida,76,80,,,,0,,,,,,,,,,2,,0,Newark,NJ,1,9,,,,-5.0,"19,57","39,41",,,,,,,,
ncaab:400992733,ncaab,2018-02-27T01:00Z,final,2415,2154,Morgan St,Coppin St,69,56,,,,0,,,,,,,,,,2,,0,Baltimore,MD,1,10,,,,-5.0,"37,32","23,33",,,,,,,,
ncaab:400992764,ncaab,2018-02-27T01:00Z,final,50,2569,Florida A&M,SC State,76,74,,,,0,,,,,,,,,,2,,0,Tallahassee,FL,1,62,,,,-5.0,"34,42","32,42",,,,,,,,
ncaab:400992819,ncaab,2018-02-27T01:00Z,final,2542,2428,Savannah St,NC Central,85,75,,,,0,,,,,,,,,,2,,0,Savannah,GA,1,6,,,,-5.0,"42,43","38,37",,,,,,,,
ncaab:401020700,ncaab,2018-02-27T01:00Z,final,288,56,Lipscomb,Stetson,89,73,,,,0,,,,,,,,,,2,,0,Nashville,TN,1,170,,,,-6.0,"44,45","43,30",,,,,,,,
ncaab:400992841,ncaab,2018-02-27T01:30Z,final,2504,2010,Prairie View,Alabama A&M,71,58,,,,0,,,,,,,,,,2,,0,Prairie View,TX,1,82,,,,-6.0,"32,39","23,35",,,,,,,,
ncaab:400992892,ncaab,2018-02-27T01:30Z,final,2755,2400,Grambling,Miss Valley St,74,79,,,,0,,,,,,,,,,2,,0,Grambling,LA,1,93,,,,-6.0,"37,37","45,34",,,,,,,,
ncaab:400992952,ncaab,2018-02-27T01:30Z,final,2296,2029,Jackson St,AR-Pine Bluff,51,48,,,,0,,,,,,,,,,2,,0,Jackson,MS,1,85,,,,-6.0,"32,19","29,19",,,,,,,,
ncaab:400989192,ncaab,2018-02-27T02:00Z,final,2305,251,Kansas,Texas,80,70,,,,0,,,,,,,,,,2,,0,Lawrence,KS,1,263,,,,-6.0,"45,35","32,38",,,,,,,,
ncaab:400989274,ncaab,2018-02-27T02:00Z,final,277,2641,West Virginia,Texas Tech,84,74,,,,0,,,,,,,,,,2,,0,Morgantown,WV,1,271,,,,-5.0,"42,42","29,45",,,,,,,,
ncaab:401016386,ncaab,2018-02-27T02:00Z,final,2005,278,Air Force,Fresno St,48,54,,,,0,,,,,,,,,,2,,0,Colorado Springs,CO,1,1832,,,,-7.0,"19,29","23,31",,,,,,,,
ncaab:400992859,ncaab,2018-02-27T02:30Z,final,2640,2011,Texas Southern,Alabama St,95,77,,,,0,,,,,,,,,,2,,0,Houston,TX,1,12,,,,-6.0,"46,49","29,48",,,,,,,,
ncaab:400987402,ncaab,2018-02-28T00:00Z,final,344,2633,Mississippi St,Tennessee,54,76,,,,0,,,,,,,,,,2,,0,Starkville,MS,1,101,,,,-6.0,"34,20","40,36",,,,,,,,
ncaab:400987404,ncaab,2018-02-28T00:00Z,final,333,57,Alabama,Florida,52,73,,,,0,,,,,,,,,,2,,0,Tuscaloosa,AL,1,68,,,,-6.0,"18,34","37,36",,,,,,,,
ncaab:400987405,ncaab,2018-02-28T00:00Z,final,238,142,Vanderbilt,Missouri,66,74,,,,0,,,,,,,,,,2,,0,Nashville,TN,1,170,,,,-6.0,"32,34","30,44",,,,,,,,
ncaab:400989172,ncaab,2018-02-28T00:00Z,final,66,197,Iowa State,Oklahoma St,71,80,,,,0,,,,,,,,,,2,,0,Ames,IA,1,287,,,,-6.0,"43,28","48,32",,,,,,,,
ncaab:400989973,ncaab,2018-02-28T00:00Z,final,227,2603,Rhode Island,Saint Joseph's,48,78,,,,0,,,,,,,,,,2,,0,Kingston,RI,1,75,,,,-5.0,"16,32","35,43",,,,,,,,
ncaab:400990013,ncaab,2018-02-28T00:00Z,final,399,2066,UAlbany,Binghamton,71,54,,,,0,,,,,,,,,,2,,0,Albany,NY,1,45,,,,-5.0,"37,34","29,25",,,,,,,,
ncaab:400990281,ncaab,2018-02-28T00:00Z,final,2084,2006,Buffalo,Akron,80,68,,,,0,,,,,,,,,,2,,0,Buffalo,NY,1,183,,,,-5.0,"32,48","38,30",,,,,,,,
ncaab:400990282,ncaab,2018-02-28T00:00Z,final,195,189,Ohio,Bowling Green,75,59,,,,0,,,,,,,,,,2,,0,Athens,OH,1,219,,,,-5.0,"39,36","27,32",,,,,,,,
ncaab:400990283,ncaab,2018-02-28T00:00Z,final,2117,2050,C Michigan,Ball State,75,51,,,,0,,,,,,,,,,2,,0,Mount Pleasant,MI,1,235,,,,-5.0,"33,42","30,21",,,,,,,,
ncaab:400990284,ncaab,2018-02-28T00:00Z,final,2711,2199,W Michigan,E Michigan,58,74,,,,0,,,,,,,,,,2,,0,Kalamazoo,MI,1,239,,,,-5.0,"24,34","35,39",,,,,,,,
ncaab:400990338,ncaab,2018-02-28T00:00Z,final,2309,193,Kent State,Miami OH,90,83,,,,0,,,,,,,,,,2,,0,Kent,OH,1,325,,,,-5.0,"32,43,15","34,41,8",,,,,,,,
ncaab:400991528,ncaab,2018-02-28T00:00Z,final,42,2378,Hartford,UMBC,53,62,,,,0,,,,,,,,,,2,,0,West Hartford,CT,1,40,,,,-5.0,"23,30","30,32",,,,,,,,
ncaab:400991543,ncaab,2018-02-28T00:00Z,final,311,261,Maine,Vermont,62,74,,,,0,,,,,,,,,,2,,0,Bangor,ME,1,36,,,,-5.0,"28,34","33,41",,,,,,,,
ncaab:400999789,ncaab,2018-02-28T00:00Z,final,160,2349,New Hampshire,UMass Lowell,77,92,,,,0,,,,,,,,,,2,,0,Durham,NH,1,15,,,,-5.0,"49,28","47,45",,,,,,,,
ncaab:401020690,ncaab,2018-02-28T00:00Z,final,2272,2344,High Point,Longwood,55,68,,,,0,,,,,,,,,,2,,0,High Point,NC,1,281,,,,-5.0,"26,29","37,31",,,,,,,,
ncaab:401020691,ncaab,2018-02-28T00:00Z,final,2127,2506,Charleston So,Presbyterian,68,51,,,,0,,,,,,,,,,2,,0,Charleston,SC,1,6,,,,-5.0,"25,43","16,35",,,,,,,,
ncaab:401021351,ncaab,2018-02-28T00:00Z,final,2352,349,Loyola MD,Army,82,79,,,,0,,,,,,,,,,2,,0,Baltimore,MD,1,10,,,,-5.0,"34,48","39,40",,,,,,,,
ncaab:401021352,ncaab,2018-02-28T00:00Z,final,322,44,Lafayette,American,93,86,,,,0,,,,,,,,,,2,,0,Easton,PA,1,97,,,,-5.0,"42,51","31,55",,,,,,,,
ncaab:400990285,ncaab,2018-02-28T01:00Z,final,2459,2649,N Illinois,Toledo,67,97,,,,0,,,,,,,,,,2,,0,Dekalb,IL,1,268,,,,-6.0,"27,40","48,49",,,,,,,,
ncaab:400986284,ncaab,2018-02-28T02:00Z,final,153,2390,North Carolina,Miami,88,91,,,,0,,,,,,,,,,2,,0,Chapel Hill,NC,1,148,,,,-5.0,"36,52","44,47",,,,,,,,
ncaab:400987403,ncaab,2018-02-28T02:00Z,final,8,2,Arkansas,Auburn,91,82,,,,0,,,,,,,,,,2,,0,Fayetteville,AR,1,427,,,,-6.0,"52,39","42,40",,,,,,,,
ncaab:400988629,ncaab,2018-02-28T02:00Z,final,156,305,Creighton,DePaul,82,57,,,,0,,,,,,,,,,2,,0,Omaha,NE,1,323,,,,-6.0,"43,39","33,24",,,,,,,,
ncaab:400989149,ncaab,2018-02-28T02:00Z,final,239,201,Baylor,Oklahoma,87,64,,,,0,,,,,,,,,,2,,0,Waco,TX,1,143,,,,-6.0,"39,48","19,45",,,,,,,,
ncaab:400989212,ncaab,2018-02-28T02:00Z,final,2628,2306,TCU,Kansas St,66,59,,,,0,,,,,,,,,,2,,0,Fort Worth,TX,1,199,,,,-6.0,"33,33","29,30",,,,,,,,
ncaab:400989798,ncaab,2018-02-28T02:00Z,final,179,2166,St Bonaventure,Davidson,117,113,,,,0,,,,,,,,,,2,,0,Saint Bonaventure,NY,1,435,,,,-5.0,"37,41,13,9,17","41,37,13,9,13",,,,,,,,
ncaab:400991723,ncaab,2018-02-28T04:00Z,final,21,68,San Diego St,Boise St,72,64,,,,0,,,,,,,,,,2,,0,San Diego,CA,1,20,,,,-8.0,"38,34","37,27",,,,,,,,
ncaab:401020030,ncaab,2018-02-28T22:30Z,final,2294,356,Iowa,Illinois,96,87,,,,1,,,,,,,,,,2,,0,New York,NY,1,10,,,,-5.0,"35,61","31,56",,,,,,,,
ncaab:400987406,ncaab,2018-02-28T23:30Z,final,2579,99,South Carolina,LSU,83,74,,,,0,,,,,,,,,,2,,0,Columbia,SC,1,89,,,,-5.0,"31,41,11","31,41,2",,,,,,,,
ncaab:400988630,ncaab,2018-02-28T23:30Z,final,2752,2507,Xavier,Providence,84,74,,,,0,,,,,,,,,,2,,0,Cincinnati,OH,1,191,,,,-5.0,"40,44","37,37",,,,,,,,
