id,league,start,status,home,away,home_name,away_name,home_score,away_score,ml_home,ml_away,odds_time,neutral,ml_home_open,ml_away_open,spread_home,spread_home_odds,spread_away_odds,inj_home,inj_away,sp_home,sp_away,stype,country,intl,city,state,indoor,elev,wx_temp,wx_wind,wx_rain,tzo,ls_home,ls_away,h1_ml_home,h1_ml_away,h1_spread_home,h1_spread_home_odds,h1_spread_away_odds,total,over_odds,under_odds
ncaab:400988045,ncaab,2018-01-01T01:00Z,final,2567,58,SMU,South Florida,79,39,,,,0,,,,,,,,,,2,,0,Dallas,TX,1,128,,,,-6.0,"28,51","16,23",,,,,,,,
ncaab:400988295,ncaab,2018-01-01T01:00Z,final,26,264,UCLA,Washington,74,53,,,,0,,,,,,,,,,2,,0,Los Angeles,CA,1,89,,,,-8.0,"28,46","36,17",,,,,,,,
ncaab:400988296,ncaab,2018-01-01T02:00Z,final,30,265,USC,Washington St,89,71,,,,0,,,,,,,,,,2,,0,Los Angeles,CA,1,89,,,,-8.0,"41,48","31,40",,,,,,,,
ncaab:400988297,ncaab,2018-01-01T03:00Z,final,2483,38,Oregon,Colorado,77,62,,,,0,,,,,,,,,,2,,0,Eugene,OR,1,131,,,,-8.0,"37,40","28,34",,,,,,,,
ncaab:400991123,ncaab,2018-01-01T18:00Z,final,2561,2514,Siena,Quinnipiac,70,71,,,,0,,,,,,,,,,2,,0,Albany,NY,1,45,,,,-5.0,"36,34","32,39",,,,,,,,
ncaab:400991956,ncaab,2018-01-01T18:00Z,final,56,107730,Stetson,FL National,94,88,,,,0,,,,,,,,,,2,,0,DeLand,FL,1,12,,,,-5.0,"35,59","47,41",,,,,,,,
ncaab:400992085,ncaab,2018-01-01T18:00Z,final,325,2754,Cleveland St,Youngstown St,77,80,,,,0,,,,,,,,,,2,,0,Cleveland,OH,1,199,,,,-5.0,"32,45","43,37",,,,,,,,
ncaab:400992826,ncaab,2018-01-01T20:00Z,final,2755,2010,Grambling,Alabama A&M,64,71,,,,0,,,,,,,,,,2,,0,Grambling,LA,1,93,,,,-6.0,"23,41","36,35",,,,,,,,
ncaab:400989201,ncaab,2018-01-01T22:00Z,final,2306,277,Kansas St,West Virginia,69,77,,,,0,,,,,,,,,,2,,0,Manhattan,KS,1,311,,,,-6.0,"26,43","31,46",,,,,,,,
ncaab:400992895,ncaab,2018-01-01T22:30Z,final,2400,2029,Miss Valley St,AR-Pine Bluff,71,80,,,,0,,,,,,,,,,2,,0,Itta Bena,MS,1,40,,,,-6.0,"34,37","45,35",,,,,,,,
ncaab:400992866,ncaab,2018-01-01T23:00Z,final,2504,2016,Prairie View,Alcorn St,76,64,,,,0,,,,,,,,,,2,,0,Prairie View,TX,1,82,,,,-6.0,"38,38","31,33",,,,,,,,
ncaab:400989159,ncaab,2018-01-02T00:00Z,final,66,251,Iowa State,Texas,70,74,,,,0,,,,,,,,,,2,,0,Ames,IA,1,287,,,,-6.0,"31,30,9","31,30,13",,,,,,,,
ncaab:400992846,ncaab,2018-01-02T01:45Z,final,2296,2011,Jackson St,Alabama St,82,73,,,,0,,,,,,,,,,2,,0,Jackson,MS,1,85,,,,-6.0,"36,46","31,42",,,,,,,,
ncaab:400992916,ncaab,2018-01-02T02:00Z,final,2640,2582,Texas Southern,Southern,78,66,,,,0,,,,,,,,,,2,,0,Houston,TX,1,12,,,,-6.0,"37,41","34,32",,,,,,,,
ncaab:400986481,ncaab,2018-01-03T00:00Z,final,275,84,Wisconsin,Indiana,71,61,,,,0,,,,,,,,,,2,,0,Madison,WI,1,267,,,,-6.0,"30,41","33,28",,,,,,,,
ncaab:400986482,ncaab,2018-01-03T00:00Z,final,2294,130,Iowa,Michigan,68,75,,,,0,,,,,,,,,,2,,0,Iowa City,IA,1,204,,,,-6.0,"36,32","48,27",,,,,,,,
ncaab:400986483,ncaab,2018-01-03T00:00Z,final,120,213,Maryland,Penn State,75,69,,,,0,,,,,,,,,,2,,0,College Park,MD,1,21,,,,-5.0,"30,45","34,35",,,,,,,,
ncaab:400987286,ncaab,2018-01-03T00:00Z,final,2633,2,Tennessee,Auburn,84,94,,,,0,,,,,,,,,,2,,0,Knoxville,TN,1,276,,,,-5.0,"36,48","42,52",,,,,,,,
ncaab:400987288,ncaab,2018-01-03T00:00Z,final,238,333,Vanderbilt,Alabama,76,75,,,,0,,,,,,,,,,2,,0,Nashville,TN,1,170,,,,-6.0,"43,33","33,42",,,,,,,,
ncaab:400988557,ncaab,2018-01-03T00:00Z,final,2752,2086,Xavier,Butler,86,79,,,,0,,,,,,,,,,2,,0,Cincinnati,OH,1,191,,,,-5.0,"44,42","36,43",,,,,,,,
ncaab:400989134,ncaab,2018-01-03T00:00Z,final,239,2628,Baylor,TCU,78,81,,,,0,,,,,,,,,,2,,0,Waco,TX,1,143,,,,-6.0,"28,36,14","36,28,17",,,,,,,,
ncaab:400990192,ncaab,2018-01-03T00:00Z,final,2117,195,C Michigan,Ohio,75,50,,,,0,,,,,,,,,,2,,0,Mount Pleasant,MI,1,235,,,,-5.0,"37,38","31,19",,,,,,,,
ncaab:400990193,ncaab,2018-01-03T00:00Z,final,2050,2199,Ball State,E Michigan,72,62,,,,0,,,,,,,,,,2,,0,Muncie,IN,1,284,,,,-5.0,"31,41","36,26",,,,,,,,
ncaab:400990194,ncaab,2018-01-03T00:00Z,final,189,193,Bowling Green,Miami OH,72,77,,,,0,,,,,,,,,,2,,0,Bowling Green,OH,1,212,,,,-5.0,"34,38","39,38",,,,,,,,
ncaab:400990195,ncaab,2018-01-03T00:00Z,final,2711,2006,W Michigan,Akron,87,75,,,,0,,,,,,,,,,2,,0,Kalamazoo,MI,1,239,,,,-5.0,"47,40","31,44",,,,,,,,
ncaab:400990196,ncaab,2018-01-03T00:00Z,final,2084,2649,Buffalo,Toledo,104,94,,,,0,,,,,,,,,,2,,0,Buffalo,NY,1,183,,,,-5.0,"47,57","41,53",,,,,,,,
ncaab:400990574,ncaab,2018-01-03T00:00Z,final,232,48,Charleston,Delaware,93,78,,,,0,,,,,,,,,,2,,0,Charleston,SC,1,6,,,,-5.0,"43,50","44,34",,,,,,,,
ncaab:400991124,ncaab,2018-01-03T00:00Z,final,2368,2363,Marist,Manhattan,96,101,,,,0,,,,,,,,,,2,,0,Poughkeepsie,NY,1,62,,,,-5.0,"44,36,16","32,48,21",,,,,,,,
ncaab:400991419,ncaab,2018-01-03T00:00Z,final,350,2182,UNC Wilmington,Drexel,107,87,,,,0,,,,,,,,,,2,,0,Wilmington,NC,1,9,,,,-5.0,"57,50","40,47",,,,,,,,
ncaab:400991438,ncaab,2018-01-03T00:00Z,final,2210,119,Elon,Towson,75,72,,,,0,,,,,,,,,,2,,0,Elon,NC,1,215,,,,-5.0,"27,48","31,41",,,,,,,,
ncaab:400991455,ncaab,2018-01-03T00:00Z,final,111,2275,Northeastern,Hofstra,70,71,,,,0,,,,,,,,,,2,,0,Boston,MA,1,14,,,,-5.0,"40,30","41,30",,,,,,,,
ncaab:400991471,ncaab,2018-01-03T00:00Z,final,256,2729,James Madison,William & Mary,76,84,,,,0,,,,,,,,,,2,,0,Harrisonburg,VA,1,404,,,,-5.0,"41,35","38,46",,,,,,,,
ncaab:400991592,ncaab,2018-01-03T00:00Z,final,108,261,Harvard,Vermont,56,62,,,,0,,,,,,,,,,2,,0,Cambridge,MA,1,5,,,,-5.0,"31,25","30,32",,,,,,,,
ncaab:400991884,ncaab,2018-01-03T00:00Z,final,294,3174,Jacksonville,Trinity Co Jax,105,48,,,,0,,,,,,,,,,2,,0,Jacksonville,FL,1,5,,,,-5.0,"53,52","22,26",,,,,,,,
ncaab:400991899,ncaab,2018-01-03T00:00Z,final,338,3117,Kennesaw St,Carver,98,75,,,,0,,,,,,,,,,2,,0,Kennesaw,GA,1,332,,,,-5.0,"57,41","30,45",,,,,,,,
ncaab:400991936,ncaab,2018-01-03T00:00Z,final,2454,107730,North Florida,FL National,104,70,,,,0,,,,,,,,,,2,,0,Jacksonville,FL,1,5,,,,-5.0,"42,62","26,44",,,,,,,,
ncaab:400991961,ncaab,2018-01-03T00:00Z,final,44,2142,American,Colgate,63,72,,,,0,,,,,,,,,,2,,0,Washington,DC,1,7,,,,-5.0,"25,38","31,41",,,,,,,,
ncaab:400991980,ncaab,2018-01-03T00:00Z,final,349,2352,Army,Loyola MD,86,75,,,,0,,,,,,,,,,2,,0,West Point,NY,1,47,,,,-5.0,"43,43","42,33",,,,,,,,
ncaab:400991997,ncaab,2018-01-03T00:00Z,final,2083,104,Bucknell,Boston U,79,84,,,,0,,,,,,,,,,2,,0,Lewisburg,PA,1,144,,,,-5.0,"30,49","37,47",,,,,,,,
ncaab:400992033,ncaab,2018-01-03T00:00Z,final,322,107,Lafayette,Holy Cross,60,48,,,,0,,,,,,,,,,2,,0,Easton,PA,1,97,,,,-5.0,"21,39","24,24",,,,,,,,
ncaab:400992049,ncaab,2018-01-03T00:00Z,final,2426,2329,Navy,Lehigh,78,66,,,,0,,,,,,,,,,2,,0,Annapolis,MD,1,12,,,,-5.0,"31,47","35,31",,,,,,,,
ncaab:400992294,ncaab,2018-01-03T00:00Z,final,2335,2127,Liberty,Charleston So,70,53,,,,0,,,,,,,,,,2,,0,Lynchburg,VA,1,192,,,,-5.0,"30,40","25,28",,,,,,,,
ncaab:400990646,ncaab,2018-01-03T00:19Z,final,2908,140,SC Upstate,Kansas City,77,79,,,,0,,,,,,,,,,2,,0,Spartanburg,SC,1,246,,,,-5.0,"47,30","42,37",,,,,,,,
ncaab:400989368,ncaab,2018-01-03T01:00Z,final,2437,2178,Omaha,Doane,100,60,,,,0,,,,,,,,,,2,,0,Omaha,NE,1,323,,,,-6.0,"58,42","23,37",,,,,,,,
ncaab:400990197,ncaab,2018-01-03T01:00Z,final,2459,2309,N Illinois,Kent State,75,61,,,,0,,,,,,,,,,2,,0,Dekalb,IL,1,268,,,,-6.0,"33,42","32,29",,,,,,,,
ncaab:400990647,ncaab,2018-01-03T01:00Z,final,292,3158,UT Rio Grande,Lady of Lake,96,75,,,,0,,,,,,,,,,2,,0,Edinburg,TX,1,30,,,,-6.0,"49,47","31,44",,,,,,,,
ncaab:400992126,ncaab,2018-01-03T01:00Z,final,2739,85,Green Bay,IU Indy,63,67,,,,0,,,,,,,,,,2,,0,Ashwaubenon,WI,1,185,,,,-6.0,"33,30","33,34",,,,,,,,
ncaab:400986178,ncaab,2018-01-03T02:00Z,final,97,221,Louisville,Pitt,77,51,,,,0,,,,,,,,,,2,,0,Louisville,KY,1,142,,,,-5.0,"41,36","23,28",,,,,,,,
ncaab:400986484,ncaab,2018-01-03T02:00Z,final,77,158,Northwestern,Nebraska,55,70,,,,0,,,,,,,,,,2,,0,Rosemont,IL,1,194,,,,-6.0,"30,25","25,45",,,,,,,,
ncaab:400987285,ncaab,2018-01-03T02:00Z,final,344,8,Mississippi St,Arkansas,78,75,,,,0,,,,,,,,,,2,,0,Starkville,MS,1,101,,,,-6.0,"32,46","28,47",,,,,,,,
ncaab:400987287,ncaab,2018-01-03T02:00Z,final,245,57,Texas A&M,Florida,66,83,,,,0,,,,,,,,,,2,,0,College Station,TX,1,103,,,,-6.0,"30,36","46,37",,,,,,,,
ncaab:400988558,ncaab,2018-01-03T02:00Z,final,305,46,DePaul,Georgetown,81,90,,,,0,,,,,,,,,,2,,0,Chicago,IL,1,179,,,,-6.0,"37,44","46,44",,,,,,,,
ncaab:400989181,ncaab,2018-01-03T02:00Z,final,2305,2641,Kansas,Texas Tech,73,85,,,,0,,,,,,,,,,2,,0,Lawrence,KS,1,263,,,,-6.0,"32,41","43,42",,,,,,,,
ncaab:400991730,ncaab,2018-01-03T02:00Z,final,36,21,Colorado St,San Diego St,68,77,,,,0,,,,,,,,,,2,,0,Fort Collins,CO,1,1525,,,,-7.0,"31,37","34,43",,,,,,,,
ncaab:400987291,ncaab,2018-01-03T23:30Z,final,61,145,Georgia,Ole Miss,71,60,,,,0,,,,,,,,,,2,,0,Athens,GA,1,228,,,,-5.0,"39,32","31,29",,,,,,,,
ncaab:400988559,ncaab,2018-01-03T23:30Z,final,2507,269,Providence,Marquette,90,95,,,,0,,,,,,,,,,2,,0,Providence,RI,1,2,,,,-5.0,"38,41,11","37,42,16",,,,,,,,
ncaab:400986179,ncaab,2018-01-04T00:00Z,final,52,153,Florida St,North Carolina,81,80,,,,0,,,,,,,,,,2,,0,Tallahassee,FL,1,62,,,,-5.0,"51,30","40,40",,,,,,,,
ncaab:400986180,ncaab,2018-01-04T00:00Z,final,154,183,Wake Forest,Syracuse,73,67,,,,0,,,,,,,,,,2,,0,Winston-Salem,NC,1,293,,,,-5.0,"29,44","32,35",,,,,,,,
ncaab:400986181,ncaab,2018-01-04T00:00Z,final,103,228,Boston College,Clemson,70,74,,,,0,,,,,,,,,,2,,0,Chestnut Hill,MA,1,60,,,,-5.0,"23,47","38,36",,,,,,,,
ncaab:400986485,ncaab,2018-01-04T00:00Z,final,2509,164,Purdue,Rutgers,82,51,,,,0,,,,,,,,,,2,,0,West Lafayette,IN,1,186,,,,-5.0,"45,37","24,27",,,,,,,,
ncaab:400988046,ncaab,2018-01-04T00:00Z,final,58,151,South Florida,East Carolina,65,67,,,,0,,,,,,,,,,2,,0,Tampa,FL,1,1,,,,-5.0,"35,30","29,38",,,,,,,,
ncaab:400988047,ncaab,2018-01-04T00:00Z,final,202,41,Tulsa,UConn,90,88,,,,0,,,,,,,,,,2,,0,Tulsa,OK,1,220,,,,-6.0,"42,33,4,11","36,39,4,9",,,,,,,,
ncaab:400988048,ncaab,2018-01-04T00:00Z,final,2116,235,UCF,Memphis,65,56,,,,0,,,,,,,,,,2,,0,Orlando,FL,1,30,,,,-5.0,"21,44","22,34",,,,,,,,
ncaab:400989783,ncaab,2018-01-04T00:00Z,final,2166,139,Davidson,Saint Louis,54,51,,,,0,,,,,,,,,,2,,0,Davidson,NC,1,256,,,,-5.0,"22,32","33,18",,,,,,,,
ncaab:400989843,ncaab,2018-01-04T00:00Z,final,2184,45,Duquesne,G Washington,69,52,,,,0,,,,,,,,,,2,,0,Pittsburgh,PA,1,233,,,,-5.0,"34,35","29,23",,,,,,,,
ncaab:400989866,ncaab,2018-01-04T00:00Z,final,2230,257,Fordham,Richmond,69,65,,,,0,,,,,,,,,,2,,0,Bronx,NY,1,28,,,,-5.0,"35,25,9","33,27,5",,,,,,,,
ncaab:400989923,ncaab,2018-01-04T00:00Z,final,2603,2670,Saint Joseph's,VCU,87,81,,,,0,,,,,,,,,,2,,0,Philadelphia,PA,1,12,,,,-5.0,"46,30,11","40,36,5",,,,,,,,
ncaab:400989998,ncaab,2018-01-04T00:00Z,final,399,42,UAlbany,Hartford,64,72,,,,0,,,,,,,,,,2,,0,Albany,NY,1,45,,,,-5.0,"31,33","41,31",,,,,,,,
ncaab:400990074,ncaab,2018-01-04T00:00Z,final,227,2325,Rhode Island,La Salle,74,62,,,,0,,,,,,,,,,2,,0,Kingston,RI,1,75,,,,-5.0,"33,41","26,36",,,,,,,,
ncaab:400991534,ncaab,2018-01-04T00:00Z,final,2619,311,Stony Brook,Maine,71,70,,,,0,,,,,,,,,,2,,0,Stony Brook,NY,1,27,,,,-5.0,"41,30","28,42",,,,,,,,
ncaab:400991551,ncaab,2018-01-04T00:00Z,final,2378,160,UMBC,New Hampshire,71,67,,,,0,,,,,,,,,,2,,0,Baltimore,MD,1,10,,,,-5.0,"31,40","36,31",,,,,,,,
ncaab:400991595,ncaab,2018-01-04T00:00Z,final,225,2885,Brown,NJIT,70,69,,,,0,,,,,,,,,,2,,0,Providence,RI,1,2,,,,-5.0,"35,35","38,31",,,,,,,,
ncaab:400992272,ncaab,2018-01-04T00:00Z,final,2097,2241,Campbell,Gardner-Webb,80,82,,,,0,,,,,,,,,,2,,0,Buies Creek,NC,1,63,,,,-5.0,"39,32,9","30,41,11",,,,,,,,
ncaab:400992331,ncaab,2018-01-04T00:00Z,final,2272,2427,High Point,UNC Asheville,84,74,,,,0,,,,,,,,,,2,,0,High Point,NC,1,281,,,,-5.0,"36,48","33,41",,,,,,,,
ncaab:400992361,ncaab,2018-01-04T00:00Z,final,2344,2506,Longwood,Presbyterian,65,78,,,,0,,,,,,,,,,2,,0,Farmville,VA,1,90,,,,-5.0,"31,34","28,50",,,,,,,,
ncaab:400992383,ncaab,2018-01-04T00:00Z,final,2515,2737,Radford,Winthrop,85,79,,,,0,,,,,,,,,,2,,0,Radford,VA,1,567,,,,-5.0,"53,32","31,48",,,,,,,,
ncaab:400989007,ncaab,2018-01-04T00:30Z,final,2534,2110,Sam Houston,C Arkansas,82,76,,,,0,,,,,,,,,,2,,0,Huntsville,TX,1,113,,,,-6.0,"36,46","39,37",,,,,,,,
ncaab:400989888,ncaab,2018-01-04T00:30Z,final,113,2244,UMass,George Mason,72,80,,,,0,,,,,,,,,,2,,0,Amherst,MA,1,82,,,,-5.0,"34,32,6","36,30,14",,,,,,,,
ncaab:400991913,ncaab,2018-01-04T00:30Z,final,288,2225,Lipscomb,Fisk,99,53,,,,0,,,,,,,,,,2,,0,Nashville,TN,1,170,,,,-6.0,"53,46","22,31",,,,,,,,
ncaab:400992704,ncaab,2018-01-04T00:30Z,final,2065,2569,Bethune,SC State,86,80,,,,0,,,,,,,,,,2,,0,Daytona Beach,FL,1,4,,,,-5.0,"37,49","47,33",,,,,,,,
ncaab:400992737,ncaab,2018-01-04T00:30Z,final,2169,2428,Delaware St,NC Central,62,65,,,,0,,,,,,,,,,2,,0,Dover,DE,1,9,,,,-5.0,"30,32","34,31",,,,,,,,
ncaab:400992782,ncaab,2018-01-04T00:30Z,final,2415,2379,Morgan St,MD Eastern,85,82,,,,0,,,,,,,,,,2,,0,Baltimore,MD,1,10,,,,-5.0,"37,48","48,34",,,,,,,,
ncaab:400988560,ncaab,2018-01-04T01:00Z,final,156,2599,Creighton,St John's,78,71,,,,0,,,,,,,,,,2,,0,Omaha,NE,1,323,,,,-6.0,"36,42","43,28",,,,,,,,
ncaab:400989008,ncaab,2018-01-04T01:00Z,final,2000,2377,Abilene Chrstn,McNeese,79,74,,,,0,,,,,,,,,,2,,0,Abilene,TX,1,524,,,,-6.0,"30,49","42,32",,,,,,,,
ncaab:400989009,ncaab,2018-01-04T01:00Z,final,2617,2447,SF Austin,Nicholls,81,64,,,,0,,,,,,,,,,2,,0,Nacogdoches,TX,1,92,,,,-6.0,"40,41","31,33",,,,,,,,
ncaab:400989010,ncaab,2018-01-04T01:00Z,final,357,2466,Texas A&M-CC,N'Western St,67,65,,,,0,,,,,,,,,,2,,0,Corpus Christi,TX,1,2,,,,-6.0,"30,37","30,35",,,,,,,,
ncaab:400989011,ncaab,2018-01-04T01:00Z,final,2443,2320,LSU N Orleans,Lamar,72,62,,,,0,,,,,,,,,,2,,0,New Orleans,LA,1,0,,,,-6.0,"29,43","16,46",,,,,,,,
ncaab:400989369,ncaab,2018-01-04T01:00Z,final,233,2710,South Dakota,W Illinois,62,50,,,,0,,,,,,,,,,2,,0,Vermillion,SD,1,374,,,,-6.0,"35,27","22,28",,,,,,,,
ncaab:400989370,ncaab,2018-01-04T01:00Z,final,2449,2571,N Dakota St,S Dakota St,80,87,,,,0,,,,,,,,,,2,,0,Fargo,ND,1,276,,,,-6.0,"46,34","45,42",,,,,,,,
ncaab:400989679,ncaab,2018-01-04T01:00Z,final,2350,282,Loyola Chicago,Indiana St,57,61,,,,0,,,,,,,,,,2,,0,Chicago,IL,1,179,,,,-6.0,"25,32","33,28",,,,,,,,
ncaab:400989680,ncaab,2018-01-04T01:00Z,final,79,339,S Illinois,Evansville,65,63,,,,0,,,,,,,,,,2,,0,Carbondale,IL,1,126,,,,-6.0,"32,33","29,34",,,,,,,,
ncaab:400989681,ncaab,2018-01-04T01:00Z,final,2181,2287,Drake,Illinois St,87,62,,,,0,,,,,,,,,,2,,0,Des Moines,IA,1,266,,,,-6.0,"40,47","26,36",,,,,,,,
ncaab:400989682,ncaab,2018-01-04T01:00Z,final,71,2674,Bradley,Valparaiso,80,71,,,,0,,,,,,,,,,2,,0,Peoria,IL,1,153,,,,-6.0,"33,47","33,38",,,,,,,,
ncaab:400992721,ncaab,2018-01-04T01:00Z,final,2450,2154,Norfolk St,Coppin St,75,67,,,,0,,,,,,,,,,2,,0,Norfolk,VA,1,2,,,,-5.0,"33,42","26,41",,,,,,,,
ncaab:400992754,ncaab,2018-01-04T01:00Z,final,50,47,Florida A&M,Howard,84,76,,,,0,,,,,,,,,,2,,0,Tallahassee,FL,1,62,,,,-5.0,"34,50","39,37",,,,,,,,
ncaab:400987290,ncaab,2018-01-04T01:30Z,final,99,96,LSU,Kentucky,71,74,,,,0,,,,,,,,,,2,,0,Baton Rouge,LA,1,14,,,,-6.0,"36,35","31,43",,,,,,,,
ncaab:400989820,ncaab,2018-01-04T01:30Z,final,2168,179,Dayton,St Bonaventure,82,72,,,,0,,,,,,,,,,2,,0,Dayton,OH,1,225,,,,-5.0,"39,43","25,47",,,,,,,,
ncaab:400992827,ncaab,2018-01-04T01:30Z,final,2296,2010,Jackson St,Alabama A&M,59,56,,,,0,,,,,,,,,,2,,0,Jackson,MS,1,85,,,,-6.0,"30,29","26,30",,,,,,,,
ncaab:400992847,ncaab,2018-01-04T01:30Z,final,2755,2011,Grambling,Alabama St,66,74,,,,0,,,,,,,,,,2,,0,Grambling,LA,1,93,,,,-6.0,"40,26","33,41",,,,,,,,
ncaab:400992867,ncaab,2018-01-04T01:30Z,final,2640,2016,Texas Southern,Alcorn St,85,70,,,,0,,,,,,,,,,2,,0,Houston,TX,1,12,,,,-6.0,"38,47","36,34",,,,,,,,
ncaab:400992906,ncaab,2018-01-04T01:30Z,final,2504,2582,Prairie View,Southern,78,74,,,,0,,,,,,,,,,2,,0,Prairie View,TX,1,82,,,,-6.0,"46,32","31,43",,,,,,,,
ncaab:400986182,ncaab,2018-01-04T02:00Z,final,87,152,Notre Dame,NC State,88,58,,,,0,,,,,,,,,,2,,0,South Bend,IN,1,211,,,,-5.0,"48,40","36,22",,,,,,,,
ncaab:400986183,ncaab,2018-01-04T02:00Z,final,59,2390,Georgia Tech,Miami,64,54,,,,0,,,,,,,,,,2,,0,Atlanta,GA,1,320,,,,-5.0,"28,36","28,26",,,,,,,,
ncaab:400986486,ncaab,2018-01-04T02:00Z,final,135,356,Minnesota,Illinois,77,67,,,,0,,,,,,,,,,2,,0,Minneapolis,MN,1,253,,,,-6.0,"39,38","26,41",,,,,,,,
ncaab:400986645,ncaab,2018-01-04T02:00Z,final,259,258,Virginia Tech,Virginia,52,78,,,,0,,,,,,,,,,2,,0,Blacksburg,VA,1,633,,,,-5.0,"25,27","37,41",,,,,,,,
ncaab:400987289,ncaab,2018-01-04T02:00Z,final,2579,142,South Carolina,Missouri,68,79,,,,0,,,,,,,,,,2,,0,Columbia,SC,1,89,,,,-5.0,"27,41","39,40",,,,,,,,
ncaab:400989218,ncaab,2018-01-04T02:00Z,final,201,197,Oklahoma,Oklahoma St,109,89,,,,0,,,,,,,,,,2,,0,Norman,OK,1,357,,,,-6.0,"50,59","42,47",,,,,,,,
ncaab:400991711,ncaab,2018-01-04T02:00Z,final,68,167,Boise St,New Mexico,90,62,,,,0,,,,,,,,,,2,,0,Boise,ID,1,823,,,,-7.0,"45,45","22,40",,,,,,,,
ncaab:400991750,ncaab,2018-01-04T02:00Z,final,328,278,Utah State,Fresno St,81,79,,,,0,,,,,,,,,,2,,0,Logan,UT,1,1382,,,,-7.0,"39,30,12","35,34,10",,,,,,,,
ncaab:400992448,ncaab,2018-01-04T03:00Z,final,2239,27,Fullerton,UC Riverside,68,65,,,,0,,,,,,,,,,2,,0,Fullerton,CA,1,50,,,,-8.0,"37,31","32,33",,,,,,,,
ncaab:400991769,ncaab,2018-01-04T03:30Z,final,2440,2751,Nevada,Wyoming,92,83,,,,0,,,,,,,,,,2,,0,Reno,NV,1,1373,,,,-8.0,"36,56","33,50",,,,,,,,
ncaab:400991805,ncaab,2018-01-04T04:00Z,final,23,2439,San José St,UNLV,76,82,,,,0,,,,,,,,,,2,,0,San Jose,CA,1,26,,,,-8.0,"30,36,10","37,29,16",,,,,,,,
ncaab:400990958,ncaab,2018-01-04T23:00Z,final,2413,2197,Morehead St,E Illinois,52,61,,,,0,,,,,,,,,,2,,0,Morehead,KY,1,153,,,,-6.0,"21,31","29,32",,,,,,,,
ncaab:400986488,ncaab,2018-01-05T00:00Z,final,2294,194,Iowa,Ohio State,81,92,,,,0,,,,,,,,,,2,,0,Iowa City,IA,1,204,,,,-6.0,"32,49","46,46",,,,,,,,
ncaab:400988049,ncaab,2018-01-05T00:00Z,final,2724,248,Wichita St,Houston,81,63,,,,0,,,,,,,,,,2,,0,Wichita,KS,1,396,,,,-6.0,"53,28","32,31",,,,,,,,
ncaab:400988743,ncaab,2018-01-05T00:00Z,final,2747,2678,Wofford,VMI,92,53,,,,0,,,,,,,,,,2,,0,Spartanburg,SC,1,246,,,,-5.0,"45,47","21,32",,,,,,,,
ncaab:400990790,ncaab,2018-01-05T00:00Z,final,116,2803,Mount St Marys,Bryant,96,80,,,,0,,,,,,,,,,2,,0,Emmitsburg,MD,1,133,,,,-5.0,"45,51","25,55",,,,,,,,
ncaab:400990791,ncaab,2018-01-05T00:00Z,final,161,2115,FDU,C Connecticut,81,77,,,,0,,,,,,,,,,2,,0,Hackensack,NJ,1,6,,,,-5.0,"38,43","41,36",,,,,,,,
ncaab:400990792,ncaab,2018-01-05T00:00Z,final,2598,112358,Saint Francis,Long Island,85,68,,,,0,,,,,,,,,,2,,0,Loretto,PA,1,595,,,,-5.0,"33,52","35,33",,,,,,,,
ncaab:400990793,ncaab,2018-01-05T00:00Z,final,2523,2597,Robert Morris,St Francis BK,80,79,,,,0,,,,,,,,,,2,,0,Pittsburgh,PA,1,233,,,,-5.0,"33,33,14","31,35,13",,,,,,,,
ncaab:400990794,ncaab,2018-01-05T00:00Z,final,2681,2529,Wagner,Sacred Heart,69,63,,,,0,,,,,,,,,,2,,0,Staten Island,NY,1,21,,,,-5.0,"35,34","34,29",,,,,,,,
ncaab:400990956,ncaab,2018-01-05T00:00Z,final,2046,2630,Austin Peay,UT Martin,75,69,,,,0,,,,,,,,,,2,,0,Clarksville,TN,1,145,,,,-6.0,"36,39","25,44",,,,,,,,
ncaab:400991576,ncaab,2018-01-05T00:00Z,final,2349,261,UMass Lowell,Vermont,77,88,,,,0,,,,,,,,,,2,,0,Lowell,MA,1,36,,,,-5.0,"35,42","43,45",,,,,,,,
ncaab:400992086,ncaab,2018-01-05T00:00Z,final,325,2739,Cleveland St,Green Bay,80,79,,,,0,,,,,,,,,,2,,0,Cleveland,OH,1,199,,,,-5.0,"36,44","41,38",,,,,,,,
ncaab:400992143,ncaab,2018-01-05T00:00Z,final,85,82,IU Indy,UIC,65,70,,,,0,,,,,,,,,,2,,0,Indianapolis,IN,1,218,,,,-5.0,"41,24","34,36",,,,,,,,
ncaab:400992586,ncaab,2018-01-05T00:00Z,final,2226,5,FAU,UAB,44,75,,,,0,,,,,,,,,,2,,0,Boca Raton,FL,1,4,,,,-5.0,"21,23","32,43",,,,,,,,
ncaab:400992590,ncaab,2018-01-05T00:00Z,final,2229,2393,FIU,MTSU,66,71,,,,0,,,,,,,,,,2,,0,Miami,FL,1,2,,,,-5.0,"26,32,8","22,36,13",,,,,,,,
ncaab:400990544,ncaab,2018-01-05T00:15Z,final,2247,2031,Georgia St,Little Rock,73,64,,,,0,,,,,,,,,,2,,0,Atlanta,GA,1,320,,,,-5.0,"35,38","31,33",,,,,,,,
ncaab:400988744,ncaab,2018-01-05T00:30Z,final,236,2717,Chattanooga,W Carolina,63,75,,,,0,,,,,,,,,,2,,0,Chattanooga,TN,1,206,,,,-5.0,"28,35","42,33",,,,,,,,
ncaab:400988745,ncaab,2018-01-05T00:30Z,final,231,2643,Furman,The Citadel,107,67,,,,0,,,,,,,,,,2,,0,Greenville,SC,1,307,,,,-5.0,"56,51","33,34",,,,,,,,
ncaab:400990435,ncaab,2018-01-05T00:30Z,final,290,2032,GA Southern,Arkansas St,80,49,,,,0,,,,,,,,,,2,,0,Statesboro,GA,1,77,,,,-5.0,"44,36","26,23",,,,,,,,
ncaab:400992587,ncaab,2018-01-05T00:30Z,final,2348,2636,Louisiana Tech,UTSA,76,78,,,,0,,,,,,,,,,2,,0,Ruston,LA,1,102,,,,-6.0,"36,40","37,41",,,,,,,,
ncaab:400986487,ncaab,2018-01-05T01:00Z,final,127,120,Michigan St,Maryland,91,61,,,,0,,,,,,,,,,2,,0,East Lansing,MI,1,261,,,,-5.0,"44,47","32,29",,,,,,,,
ncaab:400988746,ncaab,2018-01-05T01:00Z,final,2535,2193,Samford,ETSU,72,90,,,,0,,,,,,,,,,2,,0,Homewood,AL,1,203,,,,-6.0,"34,38","44,46",,,,,,,,
ncaab:400989371,ncaab,2018-01-05T01:00Z,final,198,2870,Oral Roberts,Purdue FW,76,60,,,,0,,,,,,,,,,2,,0,Tulsa,OK,1,220,,,,-6.0,"37,39","32,28",,,,,,,,
ncaab:400990436,ncaab,2018-01-05T01:00Z,final,2433,324,UL Monroe,Coastal,82,72,,,,0,,,,,,,,,,2,,0,Monroe,LA,1,23,,,,-6.0,"37,45","21,51",,,,,,,,
ncaab:400990957,ncaab,2018-01-05T01:00Z,final,2057,2635,Belmont,Tennessee Tech,80,67,,,,0,,,,,,,,,,2,,0,Nashville,TN,1,170,,,,-6.0,"39,41","33,34",,,,,,,,
ncaab:400990959,ncaab,2018-01-05T01:00Z,final,2198,2565,E Kentucky,SIUE,82,85,,,,0,,,,,,,,,,2,,0,Richmond,KY,1,289,,,,-5.0,"37,45","40,45",,,,,,,,
ncaab:400990961,ncaab,2018-01-05T01:00Z,final,93,2546,Murray St,SE Missouri,89,73,,,,0,,,,,,,,,,2,,0,Murray,KY,1,163,,,,-6.0,"45,44","34,39",,,,,,,,
ncaab:400992588,ncaab,2018-01-05T01:00Z,final,242,295,Rice,Old Dominion,75,82,,,,0,,,,,,,,,,2,,0,Houston,TX,1,12,,,,-6.0,"31,38,6","35,34,13",,,,,,,,
ncaab:400992589,ncaab,2018-01-05T01:00Z,final,2572,2638,Southern Miss,UTEP,85,75,,,,0,,,,,,,,,,2,,0,Hattiesburg,MS,1,52,,,,-6.0,"35,50","24,51",,,,,,,,
ncaab:400992591,ncaab,2018-01-05T01:00Z,final,249,2429,North Texas,Charlotte,68,70,,,,0,,,,,,,,,,2,,0,Denton,TX,1,201,,,,-6.0,"28,40","34,36",,,,,,,,
ncaab:400990437,ncaab,2018-01-05T01:15Z,final,309,2026,Louisiana,App State,78,45,,,,0,,,,,,,,,,2,,0,Lafayette,LA,1,11,,,,-6.0,"46,32","17,28",,,,,,,,
ncaab:400990438,ncaab,2018-01-05T01:15Z,final,250,2653,UT Arlington,Troy,86,76,,,,0,,,,,,,,,,2,,0,Arlington,TX,1,184,,,,-6.0,"40,46","33,43",,,,,,,,
ncaab:400992157,ncaab,2018-01-05T01:15Z,final,2754,270,Youngstown St,Milwaukee,72,63,,,,0,,,,,,,,,,2,,0,Youngstown,OH,1,259,,,,-5.0,"30,42","28,35",,,,,,,,
ncaab:400988298,ncaab,2018-01-05T01:30Z,final,38,9,Colorado,Arizona St,90,81,,,,0,,,,,,,,,,2,,0,Boulder,CO,1,1624,,,,-7.0,"29,45,16","34,40,7",,,,,,,,
ncaab:400990439,ncaab,2018-01-05T01:30Z,final,326,6,Texas St,South Alabama,72,69,,,,0,,,,,,,,,,2,,0,San Marcos,TX,1,188,,,,-6.0,"41,31","30,39",,,,,,,,
ncaab:400990960,ncaab,2018-01-05T01:30Z,final,2634,55,Tennessee St,Jax State,67,60,,,,0,,,,,,,,,,2,,0,Nashville,TN,1,170,,,,-6.0,"25,42","25,35",,,,,,,,
ncaab:400988050,ncaab,2018-01-05T02:00Z,final,218,2132,Temple,Cincinnati,53,55,,,,0,,,,,,,,,,2,,0,Philadelphia,PA,1,12,,,,-5.0,"29,24","26,29",,,,,,,,
ncaab:400988051,ncaab,2018-01-05T02:00Z,final,2655,2567,Tulane,SMU,73,70,,,,0,,,,,,,,,,2,,0,New Orleans,LA,1,0,,,,-6.0,"26,47","33,37",,,,,,,,
ncaab:400988299,ncaab,2018-01-05T02:00Z,final,254,12,Utah,Arizona,82,94,,,,0,,,,,,,,,,2,,0,Salt Lake City,UT,1,1299,,,,-7.0,"32,50","46,48",,,,,,,,
ncaab:400989683,ncaab,2018-01-05T02:00Z,final,2623,2460,Missouri St,Northern Iowa,62,55,,,,0,,,,,,,,,,2,,0,Springfield,MO,1,396,,,,-6.0,"31,31","22,33",,,,,,,,
ncaab:400991276,ncaab,2018-01-05T02:00Z,final,147,2458,Montana St,N Colorado,76,64,,,,0,,,,,,,,,,2,,0,Bozeman,MT,1,1468,,,,-7.0,"39,37","31,33",,,,,,,,
ncaab:400991277,ncaab,2018-01-05T02:00Z,final,149,155,Montana,North Dakota,109,79,,,,0,,,,,,,,,,2,,0,Missoula,MT,1,978,,,,-7.0,"50,59","29,50",,,,,,,,
ncaab:400991280,ncaab,2018-01-05T02:00Z,final,2692,2464,Weber St,N Arizona,95,55,,,,0,,,,,,,,,,2,,0,Ogden,UT,1,1311,,,,-7.0,"39,56","27,28",,,,,,,,
ncaab:400991281,ncaab,2018-01-05T02:00Z,final,304,253,Idaho St,Southern Utah,93,78,,,,0,,,,,,,,,,2,,0,Pocatello,ID,1,1360,,,,-7.0,"49,44","42,36",,,,,,,,
ncaab:400991279,ncaab,2018-01-05T02:05Z,final,331,2502,E Washington,Portland St,81,74,,,,0,,,,,,,,,,2,,0,Cheney,WA,1,717,,,,-8.0,"38,43","40,34",,,,,,,,
ncaab:400986915,ncaab,2018-01-05T03:00Z,final,2351,2541,LMU,Santa Clara,49,65,,,,0,,,,,,,,,,2,,0,Los Angeles,CA,1,89,,,,-8.0,"23,26","31,34",,,,,,,,
ncaab:400986940,ncaab,2018-01-05T03:00Z,final,2608,279,Saint Mary's,Pacific,74,56,,,,0,,,,,,,,,,2,,0,Moraga,CA,1,152,,,,-8.0,"36,38","25,31",,,,,,,,
ncaab:400986983,ncaab,2018-01-05T03:00Z,final,2501,301,Portland,San Diego,74,81,,,,0,,,,,,,,,,2,,0,Portland,OR,1,12,,,,-8.0,"34,38,2","37,35,9",,,,,,,,
ncaab:400988300,ncaab,2018-01-05T03:00Z,final,24,26,Stanford,UCLA,107,99,,,,0,,,,,,,,,,2,,0,Stanford,CA,1,23,,,,-8.0,"36,49,9,13","41,44,9,5",,,,,,,,
ncaab:400991278,ncaab,2018-01-05T03:00Z,final,70,16,Idaho,Sacramento St,69,68,,,,0,,,,,,,,,,2,,0,Moscow,ID,1,786,,,,-8.0,"37,32","29,39",,,,,,,,
ncaab:400992429,ncaab,2018-01-05T03:00Z,final,13,2540,Cal Poly,Santa Barbara,80,79,,,,0,,,,,,,,,,2,,0,San Luis Obispo,CA,1,71,,,,-8.0,"36,44","40,39",,,,,,,,
ncaab:400992487,ncaab,2018-01-05T03:00Z,final,299,62,Long Beach St,Hawai'i,89,81,,,,0,,,,,,,,,,2,,0,Long Beach,CA,1,9,,,,-8.0,"46,43","38,43",,,,,,,,
ncaab:400992511,ncaab,2018-01-05T03:00Z,final,302,300,UC Davis,UC Irvine,64,53,,,,0,,,,,,,,,,2,,0,Davis,CA,1,16,,,,-8.0,"31,33","30,23",,,,,,,,
ncaab:400988301,ncaab,2018-01-05T03:30Z,final,25,30,California,USC,62,80,,,,0,,,,,,,,,,2,,0,Berkeley,CA,1,52,,,,-8.0,"20,42","41,39",,,,,,,,
ncaab:400986861,ncaab,2018-01-05T04:00Z,final,2539,252,San Francisco,BYU,59,69,,,,0,,,,,,,,,,2,,0,San Francisco,CA,1,16,,,,-8.0,"26,33","33,36",,,,,,,,
ncaab:400986889,ncaab,2018-01-05T04:00Z,final,2492,2250,Pepperdine,Gonzaga,59,89,,,,0,,,,,,,,,,2,,0,Malibu,CA,1,32,,,,-8.0,"23,36","41,48",,,,,,,,
ncaab:400991630,ncaab,2018-01-05T22:30Z,final,172,3164,Cornell,Central Penn,93,69,,,,0,,,,,,,,,,2,,0,Ithaca,NY,1,125,,,,-5.0,"45,48","28,41",,,,,,,,
ncaab:400992034,ncaab,2018-01-05T23:00Z,final,2329,107,Lehigh,Holy Cross,83,77,,,,0,,,,,,,,,,2,,0,Bethlehem,PA,1,109,,,,-5.0,"45,38","40,37",,,,,,,,
ncaab:400990198,ncaab,2018-01-05T23:30Z,final,2649,2006,Toledo,Akron,67,65,,,,0,,,,,,,,,,2,,0,Toledo,OH,1,186,,,,-5.0,"41,26","31,34",,,,,,,,
ncaab:400986489,ncaab,2018-01-06T00:00Z,final,164,275,Rutgers,Wisconsin,64,60,,,,0,,,,,,,,,,2,,0,Piscataway,NJ,1,30,,,,-5.0,"25,39","24,36",,,,,,,,
ncaab:400990575,ncaab,2018-01-06T00:00Z,final,2182,232,Drexel,Charleston,87,82,,,,0,,,,,,,,,,2,,0,Philadelphia,PA,1,12,,,,-5.0,"34,39,14","26,47,9",,,,,,,,
ncaab:400991125,ncaab,2018-01-06T00:00Z,final,2520,2217,Rider,Fairfield,96,77,,,,0,,,,,,,,,,2,,0,Lawrenceville,NJ,1,37,,,,-5.0,"50,46","34,43",,,,,,,,
ncaab:400991126,ncaab,2018-01-06T00:00Z,final,2561,315,Siena,Niagara,76,84,,,,0,,,,,,,,,,2,,0,Albany,NY,1,45,,,,-5.0,"31,45","37,47",,,,,,,,
ncaab:400991127,ncaab,2018-01-06T00:00Z,final,2405,2363,Monmouth,Manhattan,77,66,,,,0,,,,,,,,,,2,,0,West Long Branch,NJ,1,9,,,,-5.0,"33,44","33,33",,,,,,,,
ncaab:400991128,ncaab,2018-01-06T00:00Z,final,314,2612,Iona,Saint Peter's,73,69,,,,0,,,,,,,,,,2,,0,New Rochelle,NY,1,26,,,,-5.0,"29,44","28,41",,,,,,,,
ncaab:400991399,ncaab,2018-01-06T00:00Z,final,48,2729,Delaware,William & Mary,65,90,,,,0,,,,,,,,,,2,,0,Newark,DE,1,38,,,,-5.0,"28,37","49,41",,,,,,,,
ncaab:400991439,ncaab,2018-01-06T00:00Z,final,111,2210,Northeastern,Elon,72,60,,,,0,,,,,,,,,,2,,0,Boston,MA,1,14,,,,-5.0,"39,33","18,42",,,,,,,,
ncaab:400991456,ncaab,2018-01-06T00:00Z,final,2275,256,Hofstra,James Madison,87,81,,,,0,,,,,,,,,,2,,0,Hempstead,NY,1,17,,,,-5.0,"33,39,15","32,40,9",,,,,,,,
ncaab:400991481,ncaab,2018-01-06T00:00Z,final,119,350,Towson,UNC Wilmington,89,71,,,,0,,,,,,,,,,2,,0,Towson,MD,1,141,,,,-5.0,"45,44","35,36",,,,,,,,
ncaab:400991962,ncaab,2018-01-06T00:00Z,final,2426,44,Navy,American,70,64,,,,0,,,,,,,,,,2,,0,Annapolis,MD,1,12,,,,-5.0,"43,27","34,30",,,,,,,,
ncaab:400991981,ncaab,2018-01-06T00:00Z,final,349,2083,Army,Bucknell,66,83,,,,0,,,,,,,,,,2,,0,West Point,NY,1,47,,,,-5.0,"29,37","37,46",,,,,,,,
ncaab:400991998,ncaab,2018-01-06T00:00Z,final,2352,104,Loyola MD,Boston U,68,65,,,,0,,,,,,,,,,2,,0,Baltimore,MD,1,10,,,,-5.0,"34,34","29,36",,,,,,,,
ncaab:400992024,ncaab,2018-01-06T00:00Z,final,2142,322,Colgate,Lafayette,68,71,,,,0,,,,,,,,,,2,,0,Hamilton,NY,1,181,,,,-5.0,"40,28","28,43",,,,,,,,
ncaab:401038852,ncaab,2018-01-06T00:00Z,void,219,163,Penn,Princeton,,,,,,0,,,,,,,,,,2,,0,Philadelphia,PA,1,12,,,,-5.0,,,,,,,,,,
ncaab:400986490,ncaab,2018-01-06T01:00Z,final,213,77,Penn State,Northwestern,78,63,,,,0,,,,,,,,,,2,,0,University Park,PA,1,348,,,,-5.0,"41,37","34,29",,,,,,,,
ncaab:400991129,ncaab,2018-01-06T01:00Z,final,2514,2099,Quinnipiac,Canisius,74,82,,,,0,,,,,,,,,,2,,0,Hamden,CT,1,31,,,,-5.0,"34,40","48,34",,,,,,,,
ncaab:400992107,ncaab,2018-01-06T02:00Z,final,2174,2750,Detroit Mercy,Wright St,73,80,,,,0,,,,,,,,,,2,,0,Detroit,MI,1,183,,,,-5.0,"27,46","43,37",,,,,,,,
ncaab:400992167,ncaab,2018-01-06T02:00Z,final,2473,94,Oakland,N Kentucky,83,87,,,,0,,,,,,,,,,2,,0,Rochester,MI,1,229,,,,-5.0,"47,36","41,46",,,,,,,,
ncaab:400988302,ncaab,2018-01-06T03:00Z,final,204,2483,Oregon St,Oregon,76,64,,,,0,,,,,,,,,,2,,0,Corvallis,OR,1,71,,,,-8.0,"30,46","29,35",,,,,,,,
ncaab:400986184,ncaab,2018-01-06T17:00Z,final,228,97,Clemson,Louisville,74,69,,,,0,,,,,,,,,,2,,0,Clemson,SC,1,221,,,,-5.0,"23,32,19","23,32,14",,,,,,,,
ncaab:400986492,ncaab,2018-01-06T17:00Z,final,130,356,Michigan,Illinois,79,69,,,,0,,,,,,,,,,2,,0,Ann Arbor,MI,1,269,,,,-5.0,"31,48","34,35",,,,,,,,
ncaab:400986646,ncaab,2018-01-06T17:00Z,final,259,221,Virginia Tech,Pitt,81,67,,,,0,,,,,,,,,,2,,0,Blacksburg,VA,1,633,,,,-5.0,"39,42","34,33",,,,,,,,
ncaab:400987297,ncaab,2018-01-06T17:00Z,final,61,333,Georgia,Alabama,65,46,,,,0,,,,,,,,,,2,,0,Athens,GA,1,228,,,,-5.0,"44,21","24,22",,,,,,,,
ncaab:400988052,ncaab,2018-01-06T17:00Z,final,41,151,UConn,East Carolina,70,65,,,,0,,,,,,,,,,2,,0,Hartford,CT,1,18,,,,-5.0,"32,38","31,34",,,,,,,,
ncaab:400988561,ncaab,2018-01-06T17:00Z,final,46,156,Georgetown,Creighton,66,90,,,,0,,,,,,,,,,2,,0,Washington,DC,1,7,,,,-5.0,"27,39","45,45",,,,,,,,
ncaab:400988562,ncaab,2018-01-06T17:00Z,final,2507,2752,Providence,Xavier,81,72,,,,0,,,,,,,,,,2,,0,Providence,RI,1,2,,,,-5.0,"40,41","32,40",,,,,,,,
ncaab:400989821,ncaab,2018-01-06T17:00Z,final,2168,113,Dayton,UMass,60,62,,,,0,,,,,,,,,,2,,0,Dayton,OH,1,225,,,,-5.0,"32,28","27,35",,,,,,,,
ncaab:400990199,ncaab,2018-01-06T17:00Z,final,2199,189,E Michigan,Bowling Green,71,75,,,,0,,,,,,,,,,2,,0,Ypsilanti,MI,1,219,,,,-5.0,"30,36,5","29,37,9",,,,,,,,
ncaab:400986185,ncaab,2018-01-06T18:00Z,final,258,153,Virginia,North Carolina,61,49,,,,0,,,,,,,,,,2,,0,Charlottesville,VA,1,142,,,,-5.0,"35,26","28,21",,,,,,,,
ncaab:400987292,ncaab,2018-01-06T18:00Z,final,142,57,Missouri,Florida,75,77,,,,0,,,,,,,,,,2,,0,Columbia,MO,1,215,,,,-6.0,"35,40","36,41",,,,,,,,
ncaab:400988748,ncaab,2018-01-06T18:00Z,final,2678,2430,VMI,UNC Greensboro,61,63,,,,0,,,,,,,,,,2,,0,Lexington,VA,1,324,,,,-5.0,"25,36","37,26",,,,,,,,
ncaab:400989999,ncaab,2018-01-06T18:00Z,final,160,399,New Hampshire,UAlbany,64,61,,,,0,,,,,,,,,,2,,0,Durham,NH,1,15,,,,-5.0,"31,33","30,31",,,,,,,,
ncaab:400990025,ncaab,2018-01-06T18:00Z,final,2066,311,Binghamton,Maine,73,76,,,,0,,,,,,,,,,2,,0,Binghamton,NY,1,264,,,,-5.0,"34,39","27,49",,,,,,,,
ncaab:400990795,ncaab,2018-01-06T18:00Z,final,2529,2803,Sacred Heart,Bryant,74,79,,,,0,,,,,,,,,,2,,0,Fairfield,CT,1,4,,,,-8.0,"34,40","40,39",,,,,,,,
ncaab:400988303,ncaab,2018-01-06T19:00Z,final,38,12,Colorado,Arizona,80,77,,,,0,,,,,,,,,,2,,0,Boulder,CO,1,1624,,,,-7.0,"45,35","29,48",,,,,,,,
ncaab:400988563,ncaab,2018-01-06T19:00Z,final,2599,305,St John's,DePaul,74,91,,,,0,,,,,,,,,,2,,0,Queens,NY,1,12,,,,-5.0,"38,36","42,49",,,,,,,,
ncaab:400989135,ncaab,2018-01-06T19:00Z,final,239,251,Baylor,Texas,69,60,,,,0,,,,,,,,,,2,,0,Waco,TX,1,143,,,,-6.0,"38,31","40,20",,,,,,,,
ncaab:400989372,ncaab,2018-01-06T19:00Z,final,233,2449,South Dakota,N Dakota St,79,84,,,,0,,,,,,,,,,2,,0,Vermillion,SD,1,374,,,,-6.0,"33,46","44,40",,,,,,,,
ncaab:400989684,ncaab,2018-01-06T19:00Z,final,282,2181,Indiana St,Drake,72,75,,,,0,,,,,,,,,,2,,0,Terre Haute,IN,1,152,,,,-5.0,"29,43","39,36",,,,,,,,
ncaab:400989924,ncaab,2018-01-06T19:00Z,final,2325,2670,La Salle,VCU,74,80,,,,0,,,,,,,,,,2,,0,Philadelphia,PA,1,12,,,,-5.0,"40,34","32,48",,,,,,,,
ncaab:400990200,ncaab,2018-01-06T19:00Z,final,2050,2084,Ball State,Buffalo,63,83,,,,0,,,,,,,,,,2,,0,Muncie,IN,1,284,,,,-5.0,"25,38","43,40",,,,,,,,
ncaab:400991614,ncaab,2018-01-06T19:00Z,final,171,108862,Columbia,Sarah Lawrence,87,42,,,,0,,,,,,,,,,2,,0,New York,NY,1,10,,,,-5.0,"49,38","9,33",,,,,,,,
ncaab:400991644,ncaab,2018-01-06T19:00Z,final,108,159,Harvard,Dartmouth,61,51,,,,0,,,,,,,,,,2,,0,Cambridge,MA,1,5,,,,-5.0,"29,32","19,32",,,,,,,,
ncaab:400991690,ncaab,2018-01-06T19:00Z,final,2005,2440,Air Force,Nevada,75,86,,,,0,,,,,,,,,,2,,0,Colorado Springs,CO,1,1832,,,,-7.0,"40,35","41,45",,,,,,,,
ncaab:400992273,ncaab,2018-01-06T19:00Z,final,2097,2737,Campbell,Winthrop,88,77,,,,0,,,,,,,,,,2,,0,Buies Creek,NC,1,63,,,,-5.0,"50,38","38,39",,,,,,,,
ncaab:400992314,ncaab,2018-01-06T19:00Z,final,2344,2241,Longwood,Gardner-Webb,79,73,,,,0,,,,,,,,,,2,,0,Farmville,VA,1,90,,,,-5.0,"35,44","36,37",,,,,,,,
ncaab:400986491,ncaab,2018-01-06T19:15Z,final,2509,158,Purdue,Nebraska,74,62,,,,0,,,,,,,,,,2,,0,West Lafayette,IN,1,186,,,,-5.0,"41,33","31,31",,,,,,,,
ncaab:400987294,ncaab,2018-01-06T19:15Z,final,245,99,Texas A&M,LSU,68,69,,,,0,,,,,,,,,,2,,0,College Station,TX,1,103,,,,-6.0,"28,40","29,40",,,,,,,,
ncaab:400990558,ncaab,2018-01-06T19:15Z,final,2247,2032,Georgia St,Arkansas St,79,75,,,,0,,,,,,,,,,2,,0,Atlanta,GA,1,320,,,,-5.0,"37,42","36,39",,,,,,,,
ncaab:400988564,ncaab,2018-01-06T19:30Z,final,2086,2550,Butler,Seton Hall,87,90,,,,0,,,,,,,,,,2,,0,Indianapolis,IN,1,218,,,,-5.0,"40,47","36,54",,,,,,,,
ncaab:400989373,ncaab,2018-01-06T20:00Z,final,2172,2870,Denver,Purdue FW,63,82,,,,0,,,,,,,,,,2,,0,Denver,CO,1,1609,,,,-7.0,"35,28","45,37",,,,,,,,
ncaab:400990440,ncaab,2018-01-06T20:00Z,final,2433,2026,UL Monroe,App State,73,79,,,,0,,,,,,,,,,2,,0,Monroe,LA,1,23,,,,-6.0,"37,36","34,45",,,,,,,,
ncaab:400992592,ncaab,2018-01-06T20:00Z,final,242,2429,Rice,Charlotte,73,64,,,,0,,,,,,,,,,2,,0,Houston,TX,1,12,,,,-6.0,"40,33","37,27",,,,,,,,
ncaab:400990651,ncaab,2018-01-06T20:05Z,final,2130,166,Chicago St,New Mexico St,60,97,,,,0,,,,,,,,,,2,,0,Chicago,IL,1,179,,,,-6.0,"34,26","42,55",,,,,,,,
ncaab:400986187,ncaab,2018-01-06T20:15Z,final,183,87,Syracuse,Notre Dame,49,51,,,,0,,,,,,,,,,2,,0,Syracuse,NY,1,121,,,,-5.0,"28,21","19,32",,,,,,,,
ncaab:400989844,ncaab,2018-01-06T20:30Z,final,2230,2184,Fordham,Duquesne,41,64,,,,0,,,,,,,,,,2,,0,Bronx,NY,1,28,,,,-5.0,"26,15","33,31",,,,,,,,
ncaab:400990201,ncaab,2018-01-06T20:30Z,final,195,2459,Ohio,N Illinois,78,68,,,,0,,,,,,,,,,2,,0,Athens,OH,1,219,,,,-5.0,"36,42","22,46",,,,,,,,
ncaab:400990203,ncaab,2018-01-06T20:30Z,final,193,2711,Miami OH,W Michigan,62,67,,,,0,,,,,,,,,,2,,0,Oxford,OH,1,283,,,,-5.0,"33,29","27,40",,,,,,,,
ncaab:400992087,ncaab,2018-01-06T20:30Z,final,325,270,Cleveland St,Milwaukee,63,67,,,,0,,,,,,,,,,2,,0,Cleveland,OH,1,199,,,,-5.0,"21,42","29,38",,,,,,,,
ncaab:400986188,ncaab,2018-01-06T21:00Z,final,103,154,Boston College,Wake Forest,77,71,,,,0,,,,,,,,,,2,,0,Chestnut Hill,MA,1,60,,,,-5.0,"35,42","35,36",,,,,,,,
ncaab:400986965,ncaab,2018-01-06T21:00Z,final,2492,2539,Pepperdine,San Francisco,67,80,,,,0,,,,,,,,,,2,,0,Malibu,CA,1,32,,,,-8.0,"32,35","36,44",,,,,,,,
ncaab:400988053,ncaab,2018-01-06T21:00Z,final,235,202,Memphis,Tulsa,76,67,,,,0,,,,,,,,,,2,,0,Memphis,TN,1,78,,,,-6.0,"32,44","33,34",,,,,,,,
ncaab:400988304,ncaab,2018-01-06T21:00Z,final,265,264,Washington St,Washington,65,70,,,,0,,,,,,,,,,2,,0,Pullman,WA,1,717,,,,-8.0,"30,35","27,43",,,,,,,,
ncaab:400989013,ncaab,2018-01-06T21:00Z,final,2916,2534,Incarnate Word,Sam Houston,74,85,,,,0,,,,,,,,,,2,,0,San Antonio,TX,1,198,,,,-6.0,"40,34","33,52",,,,,,,,
ncaab:400989160,ncaab,2018-01-06T21:00Z,final,197,66,Oklahoma St,Iowa State,96,87,,,,0,,,,,,,,,,2,,0,Stillwater,OK,1,273,,,,-6.0,"32,47,17","34,45,8",,,,,,,,
ncaab:400989202,ncaab,2018-01-06T21:00Z,final,2641,2306,Texas Tech,Kansas St,74,58,,,,0,,,,,,,,,,2,,0,Lubbock,TX,1,976,,,,-6.0,"40,34","22,36",,,,,,,,
ncaab:400989685,ncaab,2018-01-06T21:00Z,final,2674,79,Valparaiso,S Illinois,83,72,,,,0,,,,,,,,,,2,,0,Valparaiso,IN,1,242,,,,-6.0,"43,40","29,43",,,,,,,,
ncaab:400989686,ncaab,2018-01-06T21:00Z,final,339,71,Evansville,Bradley,68,44,,,,0,,,,,,,,,,2,,0,Evansville,IN,1,118,,,,-6.0,"35,33","25,19",,,,,,,,
ncaab:400989908,ncaab,2018-01-06T21:00Z,final,45,227,G Washington,Rhode Island,60,81,,,,0,,,,,,,,,,2,,0,Washington,DC,1,7,,,,-5.0,"23,37","46,35",,,,,,,,
ncaab:400990796,ncaab,2018-01-06T21:00Z,final,116,2115,Mount St Marys,C Connecticut,78,51,,,,0,,,,,,,,,,2,,0,Emmitsburg,MD,1,133,,,,-5.0,"27,51","27,24",,,,,,,,
ncaab:400990797,ncaab,2018-01-06T21:00Z,final,2681,161,Wagner,FDU,73,65,,,,0,,,,,,,,,,2,,0,Staten Island,NY,1,21,,,,-5.0,"34,39","37,28",,,,,,,,
ncaab:400990798,ncaab,2018-01-06T21:00Z,final,2523,112358,Robert Morris,Long Island,88,79,,,,0,,,,,,,,,,2,,0,Pittsburgh,PA,1,233,,,,-5.0,"38,50","38,41",,,,,,,,
ncaab:400990799,ncaab,2018-01-06T21:00Z,final,2598,2597,Saint Francis,St Francis BK,91,87,,,,0,,,,,,,,,,2,,0,Loretto,PA,1,595,,,,-5.0,"31,60","39,48",,,,,,,,
ncaab:400990964,ncaab,2018-01-06T21:00Z,final,2198,2197,E Kentucky,E Illinois,53,54,,,,0,,,,,,,,,,2,,0,Richmond,KY,1,289,,,,-5.0,"19,34","29,25",,,,,,,,
ncaab:400991282,ncaab,2018-01-06T21:00Z,final,147,155,Montana St,North Dakota,79,68,,,,0,,,,,,,,,,2,,0,Bozeman,MT,1,1468,,,,-7.0,"45,34","31,37",,,,,,,,
ncaab:400991666,ncaab,2018-01-06T21:00Z,final,219,163,Penn,Princeton,76,70,,,,0,,,,,,,,,,2,,0,Philadelphia,PA,1,12,,,,-5.0,"36,40","27,43",,,,,,,,
ncaab:400991926,ncaab,2018-01-06T21:00Z,final,2885,2908,NJIT,SC Upstate,98,87,,,,0,,,,,,,,,,2,,0,Newark,NJ,1,9,,,,-5.0,"44,54","39,48",,,,,,,,
ncaab:400992347,ncaab,2018-01-06T21:00Z,final,2335,2506,Liberty,Presbyterian,60,48,,,,0,,,,,,,,,,2,,0,Lynchburg,VA,1,192,,,,-5.0,"21,39","22,26",,,,,,,,
ncaab:400992384,ncaab,2018-01-06T21:00Z,final,2515,2427,Radford,UNC Asheville,90,70,,,,0,,,,,,,,,,2,,0,Radford,VA,1,567,,,,-5.0,"37,53","32,38",,,,,,,,
ncaab:400992722,ncaab,2018-01-06T21:00Z,final,2154,2542,Coppin St,Savannah St,71,80,,,,0,,,,,,,,,,2,,0,Baltimore,MD,1,10,,,,-5.0,"37,34","40,40",,,,,,,,
ncaab:400992755,ncaab,2018-01-06T21:00Z,final,2415,50,Morgan St,Florida A&M,87,68,,,,0,,,,,,,,,,2,,0,Baltimore,MD,1,10,,,,-5.0,"43,44","38,30",,,,,,,,
ncaab:400992794,ncaab,2018-01-06T21:00Z,void,2448,2450,NC A&T,Norfolk St,,,,,,0,,,,,,,,,,2,,0,Greensboro,NC,1,266,,,,-5.0,,,,,,,,,,
ncaab:400992938,ncaab,2018-01-06T21:00Z,final,2379,2261,MD Eastern,Hampton,92,83,,,,0,,,,,,,,,,2,,0,Princess Anne,MD,1,5,,,,-5.0,"50,42","41,42",,,,,,,,
ncaab:400990966,ncaab,2018-01-06T21:15Z,final,2413,2565,Morehead St,SIUE,65,70,,,,0,,,,,,,,,,2,,0,Morehead,KY,1,153,,,,-6.0,"27,38","41,29",,,,,,,,
ncaab:400987293,ncaab,2018-01-06T21:30Z,final,145,344,Ole Miss,Mississippi St,64,58,,,,0,,,,,,,,,,2,,0,Oxford,MS,1,154,,,,-6.0,"28,36","34,24",,,,,,,,
ncaab:400988749,ncaab,2018-01-06T21:30Z,final,231,2382,Furman,Mercer,74,71,,,,0,,,,,,,,,,2,,0,Greenville,SC,1,307,,,,-5.0,"37,37","36,35",,,,,,,,
ncaab:400989012,ncaab,2018-01-06T21:30Z,final,2466,2617,N'Western St,SF Austin,56,64,,,,0,,,,,,,,,,2,,0,Natchitoches,LA,1,36,,,,-6.0,"30,26","29,35",,,,,,,,
ncaab:400989014,ncaab,2018-01-06T21:30Z,final,2377,2443,McNeese,LSU N Orleans,75,82,,,,0,,,,,,,,,,2,,0,Lake Charles,LA,1,4,,,,-6.0,"36,33,6","28,41,13",,,,,,,,
ncaab:400991900,ncaab,2018-01-06T21:30Z,final,338,288,Kennesaw St,Lipscomb,71,86,,,,0,,,,,,,,,,2,,0,Kennesaw,GA,1,332,,,,-5.0,"35,36","51,35",,,,,,,,
ncaab:400988747,ncaab,2018-01-06T22:00Z,final,236,2193,Chattanooga,ETSU,66,85,,,,0,,,,,,,,,,2,,0,Chattanooga,TN,1,206,,,,-5.0,"27,39","48,37",,,,,,,,
ncaab:400989015,ncaab,2018-01-06T22:00Z,final,2000,2545,Abilene Chrstn,SE Louisiana,70,72,,,,0,,,,,,,,,,2,,0,Abilene,TX,1,524,,,,-6.0,"32,38","41,31",,,,,,,,
ncaab:400990441,ncaab,2018-01-06T22:00Z,final,290,2031,GA Southern,Little Rock,72,69,,,,0,,,,,,,,,,2,,0,Statesboro,GA,1,77,,,,-5.0,"37,35","31,38",,,,,,,,
ncaab:400990967,ncaab,2018-01-06T22:00Z,final,2634,2635,Tennessee St,Tennessee Tech,81,87,,,,0,,,,,,,,,,2,,0,Nashville,TN,1,170,,,,-6.0,"33,40,8","30,43,14",,,,,,,,
ncaab:400992593,ncaab,2018-01-06T22:00Z,final,2572,2636,Southern Miss,UTSA,93,83,,,,0,,,,,,,,,,2,,0,Hattiesburg,MS,1,52,,,,-6.0,"40,53","29,54",,,,,,,,
ncaab:400992594,ncaab,2018-01-06T22:00Z,final,2226,2393,FAU,MTSU,57,61,,,,0,,,,,,,,,,2,,0,Boca Raton,FL,1,4,,,,-5.0,"35,22","29,32",,,,,,,,
ncaab:400991285,ncaab,2018-01-06T22:05Z,final,331,16,E Washington,Sacramento St,82,67,,,,0,,,,,,,,,,2,,0,Cheney,WA,1,717,,,,-8.0,"39,43","27,40",,,,,,,,
ncaab:400986493,ncaab,2018-01-06T22:15Z,final,135,84,Minnesota,Indiana,71,75,,,,0,,,,,,,,,,2,,0,Minneapolis,MN,1,253,,,,-6.0,"31,40","32,43",,,,,,,,
ncaab:400990442,ncaab,2018-01-06T22:15Z,final,250,6,UT Arlington,South Alabama,91,67,,,,0,,,,,,,,,,2,,0,Arlington,TX,1,184,,,,-6.0,"40,51","32,35",,,,,,,,
ncaab:400989016,ncaab,2018-01-06T22:30Z,final,2320,2110,Lamar,C Arkansas,91,100,,,,0,,,,,,,,,,2,,0,Beaumont,TX,1,5,,,,-6.0,"41,39,6,5","39,41,6,14",,,,,,,,
ncaab:400990443,ncaab,2018-01-06T22:30Z,final,326,2653,Texas St,Troy,57,56,,,,0,,,,,,,,,,2,,0,San Marcos,TX,1,188,,,,-6.0,"37,20","30,26",,,,,,,,
ncaab:400991731,ncaab,2018-01-06T22:30Z,final,36,278,Colorado St,Fresno St,79,82,,,,0,,,,,,,,,,2,,0,Fort Collins,CO,1,1525,,,,-7.0,"33,36,10","39,30,13",,,,,,,,
ncaab:400987296,ncaab,2018-01-06T23:00Z,final,2,8,Auburn,Arkansas,88,77,,,,0,,,,,,,,,,2,,0,Auburn,AL,1,215,,,,-6.0,"47,41","30,47",,,,,,,,
ncaab:400990963,ncaab,2018-01-06T23:00Z,final,2057,55,Belmont,Jax State,60,64,,,,0,,,,,,,,,,2,,0,Nashville,TN,1,170,,,,-6.0,"25,35","25,39",,,,,,,,
ncaab:400992596,ncaab,2018-01-06T23:00Z,final,249,295,North Texas,Old Dominion,60,63,,,,0,,,,,,,,,,2,,0,Denton,TX,1,201,,,,-6.0,"30,30","38,25",,,,,,,,
ncaab:400992705,ncaab,2018-01-06T23:00Z,final,47,2065,Howard,Bethune,87,92,,,,0,,,,,,,,,,2,,0,Washington,DC,1,7,,,,-5.0,"45,37,5","42,40,10",,,,,,,,
ncaab:400992848,ncaab,2018-01-06T23:00Z,final,2011,2400,Alabama St,Miss Valley St,63,46,,,,0,,,,,,,,,,2,,0,Montgomery,AL,1,73,,,,-6.0,"35,28","26,20",,,,,,,,
ncaab:400988305,ncaab,2018-01-06T23:30Z,final,25,26,California,UCLA,84,107,,,,0,,,,,,,,,,2,,0,Berkeley,CA,1,52,,,,-8.0,"33,51","54,53",,,,,,,,
ncaab:400992868,ncaab,2018-01-06T23:30Z,final,2016,2296,Alcorn St,Jackson St,55,60,,,,0,,,,,,,,,,2,,0,Lorman,MS,1,66,,,,-6.0,"26,29","29,31",,,,,,,,
ncaab:400992881,ncaab,2018-01-06T23:30Z,final,2582,2755,Southern,Grambling,80,69,,,,0,,,,,,,,,,2,,0,Baton Rouge,LA,1,14,,,,-6.0,"39,41","21,48",,,,,,,,
ncaab:400987298,ncaab,2018-01-06T23:45Z,final,2579,238,South Carolina,Vanderbilt,71,60,,,,0,,,,,,,,,,2,,0,Columbia,SC,1,89,,,,-5.0,"26,45","28,32",,,,,,,,
ncaab:400986189,ncaab,2018-01-07T00:00Z,final,59,43,Georgia Tech,Yale,74,60,,,,0,,,,,,,,,,2,,0,Atlanta,GA,1,320,,,,-5.0,"37,37","33,27",,,,,,,,
ncaab:400988750,ncaab,2018-01-07T00:00Z,final,2747,2643,Wofford,The Citadel,109,92,,,,0,,,,,,,,,,2,,0,Spartanburg,SC,1,246,,,,-5.0,"45,64","37,55",,,,,,,,
ncaab:400990202,ncaab,2018-01-07T00:00Z,final,2309,2117,Kent State,C Michigan,85,69,,,,0,,,,,,,,,,2,,0,Kent,OH,1,325,,,,-5.0,"46,39","30,39",,,,,,,,
ncaab:400991517,ncaab,2018-01-07T00:00Z,final,42,2619,Hartford,Stony Brook,61,63,,,,0,,,,,,,,,,2,,0,West Hartford,CT,1,40,,,,-5.0,"35,26","38,25",,,,,,,,
ncaab:400991587,ncaab,2018-01-07T00:00Z,final,261,2378,Vermont,UMBC,71,56,,,,0,,,,,,,,,,2,,0,Burlington,VT,1,61,,,,-5.0,"44,27","31,25",,,,,,,,
ncaab:400991860,ncaab,2018-01-07T00:00Z,final,526,56,FGCU,Stetson,90,52,,,,0,,,,,,,,,,2,,0,Fort Myers,FL,1,3,,,,-5.0,"52,38","23,29",,,,,,,,
ncaab:400991885,ncaab,2018-01-07T00:00Z,final,2454,294,North Florida,Jacksonville,86,90,,,,0,,,,,,,,,,2,,0,Jacksonville,FL,1,5,,,,-5.0,"52,34","42,48",,,,,,,,
ncaab:400992127,ncaab,2018-01-07T00:00Z,final,2754,2739,Youngstown St,Green Bay,85,74,,,,0,,,,,,,,,,2,,0,Youngstown,OH,1,259,,,,-5.0,"35,50","41,33",,,,,,,,
ncaab:400992295,ncaab,2018-01-07T00:00Z,final,2272,2127,High Point,Charleston So,80,59,,,,0,,,,,,,,,,2,,0,High Point,NC,1,281,,,,-5.0,"34,46","24,35",,,,,,,,
ncaab:400992595,ncaab,2018-01-07T00:00Z,final,2348,2638,Louisiana Tech,UTEP,97,88,,,,0,,,,,,,,,,2,,0,Ruston,LA,1,102,,,,-6.0,"42,55","38,50",,,,,,,,
ncaab:400992597,ncaab,2018-01-07T00:00Z,final,2229,5,FIU,UAB,64,75,,,,0,,,,,,,,,,2,,0,Miami,FL,1,2,,,,-5.0,"26,38","42,33",,,,,,,,
ncaab:400992598,ncaab,2018-01-07T00:00Z,final,276,98,Marshall,Western KY,87,112,,,,0,,,,,,,,,,2,,0,Huntington,WV,1,173,,,,-5.0,"35,52","61,51",,,,,,,,
ncaab:400992738,ncaab,2018-01-07T00:00Z,final,2169,2569,Delaware St,SC State,60,63,,,,0,,,,,,,,,,2,,0,Dover,DE,1,9,,,,-5.0,"29,31","30,33",,,,,,,,
ncaab:400992828,ncaab,2018-01-07T00:00Z,final,2010,2029,Alabama A&M,AR-Pine Bluff,62,69,,,,0,,,,,,,,,,2,,0,Normal,AL,1,220,,,,-6.0,"35,27","38,31",,,,,,,,
ncaab:400989219,ncaab,2018-01-07T00:15Z,final,277,201,West Virginia,Oklahoma,89,76,,,,0,,,,,,,,,,2,,0,Morgantown,WV,1,271,,,,-5.0,"44,45","36,40",,,,,,,,
ncaab:400986186,ncaab,2018-01-07T01:00Z,final,152,150,NC State,Duke,96,85,,,,0,,,,,,,,,,2,,0,Raleigh,NC,1,96,,,,-5.0,"43,53","41,44",,,,,,,,
ncaab:400988565,ncaab,2018-01-07T01:00Z,final,222,269,Villanova,Marquette,100,90,,,,0,,,,,,,,,,2,,0,Philadelphia,PA,1,12,,,,-5.0,"46,54","34,56",,,,,,,,
ncaab:400988751,ncaab,2018-01-07T01:00Z,final,2535,2717,Samford,W Carolina,85,71,,,,0,,,,,,,,,,2,,0,Homewood,AL,1,203,,,,-6.0,"42,43","29,42",,,,,,,,
ncaab:400989017,ncaab,2018-01-07T01:00Z,final,2277,2447,Hou Christian,Nicholls,71,72,,,,0,,,,,,,,,,2,,0,Houston,TX,1,12,,,,-6.0,"39,32","40,32",,,,,,,,
ncaab:400989374,ncaab,2018-01-07T01:00Z,final,2437,2571,Omaha,S Dakota St,88,101,,,,0,,,,,,,,,,2,,0,Omaha,NE,1,323,,,,-6.0,"35,53","50,51",,,,,,,,
ncaab:400989375,ncaab,2018-01-07T01:00Z,final,198,2710,Oral Roberts,W Illinois,81,66,,,,0,,,,,,,,,,2,,0,Tulsa,OK,1,220,,,,-6.0,"45,36","35,31",,,,,,,,
ncaab:400989941,ncaab,2018-01-07T01:00Z,final,2603,179,Saint Joseph's,St Bonaventure,85,78,,,,0,,,,,,,,,,2,,0,Philadelphia,PA,1,12,,,,-5.0,"42,43","35,43",,,,,,,,
ncaab:400989957,ncaab,2018-01-07T01:00Z,final,139,257,Saint Louis,Richmond,69,62,,,,0,,,,,,,,,,2,,0,St. Louis,MO,1,142,,,,-6.0,"27,42","26,36",,,,,,,,
ncaab:400990444,ncaab,2018-01-07T01:00Z,final,309,324,Louisiana,Coastal,81,64,,,,0,,,,,,,,,,2,,0,Lafayette,LA,1,11,,,,-6.0,"43,38","29,35",,,,,,,,
ncaab:400990648,ncaab,2018-01-07T01:00Z,final,140,292,Kansas City,UT Rio Grande,61,73,,,,0,,,,,,,,,,2,,0,Kansas City,MO,1,274,,,,-6.0,"19,42","31,42",,,,,,,,
ncaab:400990962,ncaab,2018-01-07T01:00Z,final,2046,2546,Austin Peay,SE Missouri,76,71,,,,0,,,,,,,,,,2,,0,Clarksville,TN,1,145,,,,-6.0,"36,40","27,44",,,,,,,,
ncaab:400990965,ncaab,2018-01-07T01:00Z,final,93,2630,Murray St,UT Martin,82,68,,,,0,,,,,,,,,,2,,0,Murray,KY,1,163,,,,-6.0,"31,51","25,43",,,,,,,,
ncaab:400991712,ncaab,2018-01-07T01:00Z,final,2751,68,Wyoming,Boise St,79,78,,,,0,,,,,,,,,,2,,0,Laramie,WY,1,2184,,,,-7.0,"27,43,9","43,27,8",,,,,,,,
ncaab:400992907,ncaab,2018-01-07T01:30Z,final,2640,2504,Texas Southern,Prairie View,100,94,,,,0,,,,,,,,,,2,,0,Houston,TX,1,12,,,,-6.0,"41,59","37,57",,,,,,,,
ncaab:400987295,ncaab,2018-01-07T02:00Z,final,2633,96,Tennessee,Kentucky,76,65,,,,0,,,,,,,,,,2,,0,Knoxville,TN,1,276,,,,-5.0,"29,47","37,28",,,,,,,,
ncaab:400990650,ncaab,2018-01-07T02:00Z,final,3084,2934,Utah Valley,Bakersfield,75,42,,,,0,,,,,,,,,,2,,0,Orem,UT,1,1455,,,,-7.0,"26,49","25,17",,,,,,,,
ncaab:400991283,ncaab,2018-01-07T02:00Z,final,149,2458,Montana,N Colorado,89,80,,,,0,,,,,,,,,,2,,0,Missoula,MT,1,978,,,,-7.0,"43,46","28,52",,,,,,,,
ncaab:400991286,ncaab,2018-01-07T02:00Z,final,2692,253,Weber St,Southern Utah,92,76,,,,0,,,,,,,,,,2,,0,Ogden,UT,1,1311,,,,-7.0,"43,49","32,44",,,,,,,,
ncaab:400991287,ncaab,2018-01-07T02:00Z,final,304,2464,Idaho St,N Arizona,64,60,,,,0,,,,,,,,,,2,,0,Pocatello,ID,1,1360,,,,-7.0,"26,38","20,40",,,,,,,,
ncaab:400991783,ncaab,2018-01-07T02:00Z,final,167,23,New Mexico,San José St,80,47,,,,0,,,,,,,,,,2,,0,Albuquerque,NM,1,1511,,,,-7.0,"39,41","23,24",,,,,,,,
ncaab:400989182,ncaab,2018-01-07T02:15Z,final,2628,2305,TCU,Kansas,84,88,,,,0,,,,,,,,,,2,,0,Fort Worth,TX,1,199,,,,-6.0,"34,50","42,46",,,,,,,,
ncaab:400986862,ncaab,2018-01-07T03:00Z,final,279,252,Pacific,BYU,67,66,,,,0,,,,,,,,,,2,,0,Stockton,CA,1,4,,,,-8.0,"36,31","29,37",,,,,,,,
ncaab:400986890,ncaab,2018-01-07T03:00Z,final,2351,2250,LMU,Gonzaga,66,85,,,,0,,,,,,,,,,2,,0,Los Angeles,CA,1,89,,,,-8.0,"41,25","46,39",,,,,,,,
ncaab:400986984,ncaab,2018-01-07T03:00Z,final,2541,2501,Santa Clara,Portland,70,68,,,,0,,,,,,,,,,2,,0,Santa Clara,CA,1,23,,,,-8.0,"39,31","35,33",,,,,,,,
ncaab:400990649,ncaab,2018-01-07T03:00Z,final,2547,2253,Seattle U,Grand Canyon,57,73,,,,0,,,,,,,,,,2,,0,Seattle,WA,1,56,,,,-8.0,"29,28","31,42",,,,,,,,
ncaab:400991284,ncaab,2018-01-07T03:00Z,final,70,2502,Idaho,Portland St,72,73,,,,0,,,,,,,,,,2,,0,Moscow,ID,1,786,,,,-8.0,"32,40","34,39",,,,,,,,
ncaab:400991814,ncaab,2018-01-07T03:00Z,final,2439,328,UNLV,Utah State,78,85,,,,0,,,,,,,,,,2,,0,Las Vegas,NV,1,610,,,,-8.0,"36,42","46,39",,,,,,,,
ncaab:400992430,ncaab,2018-01-07T03:00Z,final,13,2239,Cal Poly,Fullerton,97,101,,,,0,,,,,,,,,,2,,0,San Luis Obispo,CA,1,71,,,,-8.0,"33,52,12","42,43,16",,,,,,,,
ncaab:400992468,ncaab,2018-01-07T03:00Z,final,2463,62,CSU Northridge,Hawai'i,46,65,,,,0,,,,,,,,,,2,,0,Northridge,CA,1,246,,,,-8.0,"24,22","38,27",,,,,,,,
ncaab:400992498,ncaab,2018-01-07T03:00Z,final,300,299,UC Irvine,Long Beach St,86,73,,,,0,,,,,,,,,,2,,0,Irvine,CA,1,17,,,,-8.0,"51,35","31,42",,,,,,,,
ncaab:400987003,ncaab,2018-01-07T04:00Z,final,2608,301,Saint Mary's,San Diego,70,63,,,,0,,,,,,,,,,2,,0,Moraga,CA,1,152,,,,-8.0,"31,39","33,30",,,,,,,,
ncaab:400992529,ncaab,2018-01-07T04:59Z,final,2540,27,Santa Barbara,UC Riverside,65,57,,,,0,,,,,,,,,,2,,0,Santa Barbara,CA,1,15,,,,-8.0,"44,21","28,29",,,,,,,,
ncaab:400988054,ncaab,2018-01-07T17:00Z,final,2116,218,UCF,Temple,60,39,,,,0,,,,,,,,,,2,,0,Orlando,FL,1,30,,,,-5.0,"29,31","22,17",,,,,,,,
ncaab:400989784,ncaab,2018-01-07T17:00Z,final,2244,2166,George Mason,Davidson,59,86,,,,0,,,,,,,,,,2,,0,Fairfax,VA,1,131,,,,-5.0,"27,32","45,41",,,,,,,,
ncaab:400991130,ncaab,2018-01-07T18:00Z,final,314,2217,Iona,Fairfield,84,65,,,,0,,,,,,,,,,2,,0,New Rochelle,NY,1,26,,,,-5.0,"37,47","34,31",,,,,,,,
ncaab:400989687,ncaab,2018-01-07T19:00Z,final,2287,2623,Illinois St,Missouri St,72,68,,,,0,,,,,,,,,,2,,0,Normal,IL,1,244,,,,-6.0,"38,34","29,39",,,,,,,,
ncaab:400990576,ncaab,2018-01-07T19:00Z,final,119,232,Towson,Charleston,73,62,,,,0,,,,,,,,,,2,,0,Towson,MD,1,141,,,,-5.0,"45,28","26,36",,,,,,,,
ncaab:400991131,ncaab,2018-01-07T19:00Z,final,2368,315,Marist,Niagara,70,86,,,,0,,,,,,,,,,2,,0,Poughkeepsie,NY,1,62,,,,-5.0,"41,29","40,46",,,,,,,,
ncaab:400991133,ncaab,2018-01-07T19:00Z,final,2612,2514,Saint Peter's,Quinnipiac,84,58,,,,0,,,,,,,,,,2,,0,Jersey City,NJ,1,9,,,,-5.0,"43,41","28,30",,,,,,,,
ncaab:400991400,ncaab,2018-01-07T19:00Z,final,48,350,Delaware,UNC Wilmington,96,76,,,,0,,,,,,,,,,2,,0,Newark,DE,1,38,,,,-5.0,"46,50","40,36",,,,,,,,
ncaab:400991472,ncaab,2018-01-07T19:00Z,final,111,256,Northeastern,James Madison,80,67,,,,0,,,,,,,,,,2,,0,Boston,MA,1,14,,,,-5.0,"36,44","31,36",,,,,,,,
ncaab:400992108,ncaab,2018-01-07T19:00Z,final,2174,94,Detroit Mercy,N Kentucky,54,56,,,,0,,,,,,,,,,2,,0,Detroit,MI,1,183,,,,-5.0,"22,32","21,35",,,,,,,,
ncaab:400992168,ncaab,2018-01-07T20:00Z,final,2473,2750,Oakland,Wright St,81,86,,,,0,,,,,,,,,,2,,0,Rochester,MI,1,229,,,,-5.0,"32,39,10","40,31,15",,,,,,,,
ncaab:400991134,ncaab,2018-01-07T20:30Z,final,2561,2099,Siena,Canisius,65,62,,,,0,,,,,,,,,,2,,0,Albany,NY,1,45,,,,-5.0,"28,37","21,41",,,,,,,,
ncaab:400988055,ncaab,2018-01-07T21:00Z,final,2724,58,Wichita St,South Florida,95,57,,,,0,,,,,,,,,,2,,0,Wichita,KS,1,396,,,,-6.0,"51,44","20,37",,,,,,,,
ncaab:400989688,ncaab,2018-01-07T21:00Z,final,2460,2350,Northern Iowa,Loyola Chicago,50,56,,,,0,,,,,,,,,,2,,0,Cedar Falls,IA,1,268,,,,-6.0,"26,24","23,33",,,,,,,,
ncaab:400991420,ncaab,2018-01-07T21:00Z,final,2182,2729,Drexel,William & Mary,63,85,,,,0,,,,,,,,,,2,,0,Philadelphia,PA,1,12,,,,-5.0,"34,29","45,40",,,,,,,,
ncaab:400991440,ncaab,2018-01-07T21:00Z,final,2275,2210,Hofstra,Elon,76,89,,,,0,,,,,,,,,,2,,0,Hempstead,NY,1,17,,,,-5.0,"33,43","36,53",,,,,,,,
ncaab:400986494,ncaab,2018-01-07T21:30Z,final,194,127,Ohio State,Michigan St,80,64,,,,0,,,,,,,,,,2,,0,Columbus,OH,1,235,,,,-5.0,"41,39","29,35",,,,,,,,
ncaab:400986190,ncaab,2018-01-07T23:00Z,final,2390,52,Miami,Florida St,80,74,,,,0,,,,,,,,,,2,,0,Coral Gables,FL,1,3,,,,-5.0,"45,35","32,42",,,,,,,,
ncaab:400988056,ncaab,2018-01-07T23:00Z,final,2132,2567,Cincinnati,SMU,76,56,,,,0,,,,,,,,,,2,,0,Highland Heights,KY,1,260,,,,-5.0,"34,42","20,36",,,,,,,,
ncaab:400991132,ncaab,2018-01-07T23:00Z,final,2363,2520,Manhattan,Rider,76,82,,,,0,,,,,,,,,,2,,0,Riverdale,NY,1,159,,,,-8.0,"35,41","31,51",,,,,,,,
ncaab:400986495,ncaab,2018-01-08T01:00Z,final,120,2294,Maryland,Iowa,91,73,,,,0,,,,,,,,,,2,,0,College Park,MD,1,21,,,,-5.0,"48,43","44,29",,,,,,,,
ncaab:400988306,ncaab,2018-01-08T01:00Z,final,254,9,Utah,Arizona St,77,80,,,,0,,,,,,,,,,2,,0,Salt Lake City,UT,1,1299,,,,-7.0,"36,41","35,45",,,,,,,,
ncaab:400988307,ncaab,2018-01-08T03:00Z,final,24,30,Stanford,USC,77,76,,,,0,,,,,,,,,,2,,0,Stanford,CA,1,23,,,,-8.0,"36,41","47,29",,,,,,,,
ncaab:400992025,ncaab,2018-01-08T22:00Z,final,2142,2426,Colgate,Navy,70,62,,,,0,,,,,,,,,,2,,0,Hamilton,NY,1,181,,,,-5.0,"29,41","28,34",,,,,,,,
ncaab:400991963,ncaab,2018-01-09T00:00Z,final,44,349,American,Army,54,58,,,,0,,,,,,,,,,2,,0,Washington,DC,1,7,,,,-5.0,"30,24","25,33",,,,,,,,
ncaab:400991999,ncaab,2018-01-09T00:00Z,final,104,2329,Boston U,Lehigh,92,81,,,,0,,,,,,,,,,2,,0,Boston,MA,1,14,,,,-5.0,"49,43","25,56",,,,,,,,
ncaab:400992010,ncaab,2018-01-09T00:00Z,final,322,2083,Lafayette,Bucknell,75,80,,,,0,,,,,,,,,,2,,0,Easton,PA,1,97,,,,-5.0,"38,32,5","31,39,10",,,,,,,,
ncaab:400992849,ncaab,2018-01-09T00:00Z,final,2011,2029,Alabama St,AR-Pine Bluff,68,94,,,,0,,,,,,,,,,2,,0,Montgomery,AL,1,73,,,,-6.0,"32,36","43,51",,,,,,,,
ncaab:401038853,ncaab,2018-01-09T00:00Z,void,47,2261,Howard,Hampton,,,,,,0,,,,,,,,,,2,,0,Washington,DC,1,7,,,,-5.0,,,,,,,,,,
ncaab:400992035,ncaab,2018-01-09T00:05Z,final,107,2352,Holy Cross,Loyola MD,64,57,,,,0,,,,,,,,,,2,,0,Worcester,MA,1,147,,,,-5.0,"22,42","24,33",,,,,,,,
ncaab:400992706,ncaab,2018-01-09T00:30Z,final,2379,2065,MD Eastern,Bethune,84,89,,,,0,,,,,,,,,,2,,0,Princess Anne,MD,1,5,,,,-5.0,"41,43","40,49",,,,,,,,
ncaab:400992723,ncaab,2018-01-09T00:30Z,final,2154,50,Coppin St,Florida A&M,79,78,,,,0,,,,,,,,,,2,,0,Baltimore,MD,1,10,,,,-5.0,"34,23,10,12","30,27,10,11",,,,,,,,
ncaab:400992739,ncaab,2018-01-09T00:30Z,final,2169,2448,Delaware St,NC A&T,66,76,,,,0,,,,,,,,,,2,,0,Dover,DE,1,9,,,,-5.0,"32,34","40,36",,,,,,,,
ncaab:400992783,ncaab,2018-01-09T00:30Z,final,2415,2542,Morgan St,Savannah St,89,88,,,,0,,,,,,,,,,2,,0,Baltimore,MD,1,10,,,,-5.0,"55,34","59,29",,,,,,,,
ncaab:400992814,ncaab,2018-01-09T00:30Z,final,2428,2450,NC Central,Norfolk St,64,63,,,,0,,,,,,,,,,2,,0,Durham,NC,1,123,,,,-5.0,"31,33","27,36",,,,,,,,
ncaab:400992869,ncaab,2018-01-09T01:00Z,final,2016,2755,Alcorn St,Grambling,61,72,,,,0,,,,,,,,,,2,,0,Lorman,MS,1,66,,,,-6.0,"33,28","31,41",,,,,,,,
ncaab:400992829,ncaab,2018-01-09T01:30Z,final,2010,2400,Alabama A&M,Miss Valley St,65,55,,,,0,,,,,,,,,,2,,0,Normal,AL,1,220,,,,-6.0,"30,35","23,32",,,,,,,,
ncaab:400992917,ncaab,2018-01-09T01:30Z,final,2582,2296,Southern,Jackson St,61,65,,,,0,,,,,,,,,,2,,0,Baton Rouge,LA,1,14,,,,-6.0,"37,24","26,39",,,,,,,,
ncaab:400986498,ncaab,2018-01-09T23:30Z,final,84,213,Indiana,Penn State,74,70,,,,0,,,,,,,,,,2,,0,Bloomington,IN,1,235,,,,-5.0,"35,39","31,39",,,,,,,,
ncaab:400988566,ncaab,2018-01-09T23:30Z,final,2599,46,St John's,Georgetown,66,69,,,,0,,,,,,,,,,2,,0,New York,NY,1,10,,,,-5.0,"31,35","31,38",,,,,,,,
ncaab:400987300,ncaab,2018-01-10T00:00Z,final,333,2579,Alabama,South Carolina,76,62,,,,0,,,,,,,,,,2,,0,Tuscaloosa,AL,1,68,,,,-6.0,"40,36","33,29",,,,,,,,
ncaab:400987301,ncaab,2018-01-10T00:00Z,final,96,245,Kentucky,Texas A&M,74,73,,,,0,,,,,,,,,,2,,0,Lexington,KY,1,295,,,,-5.0,"37,37","35,38",,,,,,,,
ncaab:400988057,ncaab,2018-01-10T00:00Z,final,235,2655,Memphis,Tulane,96,89,,,,0,,,,,,,,,,2,,0,Memphis,TN,1,78,,,,-6.0,"50,46","31,58",,,,,,,,
ncaab:400989136,ncaab,2018-01-10T00:00Z,final,277,239,West Virginia,Baylor,57,54,,,,0,,,,,,,,,,2,,0,Morgantown,WV,1,271,,,,-5.0,"29,28","29,25",,,,,,,,
ncaab:400989220,ncaab,2018-01-10T00:00Z,final,201,2641,Oklahoma,Texas Tech,75,65,,,,0,,,,,,,,,,2,,0,Norman,OK,1,357,,,,-6.0,"29,46","31,34",,,,,,,,
ncaab:400989822,ncaab,2018-01-10T00:00Z,final,257,2168,Richmond,Dayton,81,87,,,,0,,,,,,,,,,2,,0,Richmond,VA,1,64,,,,-5.0,"35,46","47,40",,,,,,,,
ncaab:400989958,ncaab,2018-01-10T00:00Z,final,139,227,Saint Louis,Rhode Island,65,72,,,,0,,,,,,,,,,2,,0,St. Louis,MO,1,142,,,,-6.0,"35,30","38,34",,,,,,,,
ncaab:400990204,ncaab,2018-01-10T00:00Z,final,2006,2084,Akron,Buffalo,65,87,,,,0,,,,,,,,,,2,,0,Akron,OH,1,291,,,,-5.0,"17,48","38,49",,,,,,,,
ncaab:400990205,ncaab,2018-01-10T00:00Z,final,189,2459,Bowling Green,N Illinois,66,57,,,,0,,,,,,,,,,2,,0,Bowling Green,OH,1,212,,,,-5.0,"33,33","19,38",,,,,,,,
ncaab:400990206,ncaab,2018-01-10T00:00Z,final,195,2050,Ohio,Ball State,68,75,,,,0,,,,,,,,,,2,,0,Athens,OH,1,219,,,,-5.0,"31,37","29,46",,,,,,,,
ncaab:400990207,ncaab,2018-01-10T00:00Z,final,2199,2117,E Michigan,C Michigan,79,74,,,,0,,,,,,,,,,2,,0,Ypsilanti,MI,1,219,,,,-5.0,"38,41","38,36",,,,,,,,
ncaab:400990208,ncaab,2018-01-10T00:00Z,final,2649,2711,Toledo,W Michigan,84,61,,,,0,,,,,,,,,,2,,0,Toledo,OH,1,186,,,,-5.0,"36,48","28,33",,,,,,,,
ncaab:400990209,ncaab,2018-01-10T00:00Z,final,193,2309,Miami OH,Kent State,80,69,,,,0,,,,,,,,,,2,,0,Oxford,OH,1,283,,,,-5.0,"48,32","25,44",,,,,,,,
ncaab:400992274,ncaab,2018-01-10T00:00Z,final,2506,2097,Presbyterian,Campbell,79,83,,,,0,,,,,,,,,,2,,0,Clinton,SC,1,76,,,,-5.0,"35,44","37,46",,,,,,,,
ncaab:400992315,ncaab,2018-01-10T00:00Z,final,2241,2272,Gardner-Webb,High Point,62,45,,,,0,,,,,,,,,,2,,0,Boiling Springs,NC,1,269,,,,-5.0,"31,31","21,24",,,,,,,,
ncaab:400992348,ncaab,2018-01-10T00:00Z,final,2737,2335,Winthrop,Liberty,70,73,,,,0,,,,,,,,,,2,,0,Rock Hill,SC,1,207,,,,-5.0,"33,37","29,44",,,,,,,,
ncaab:400992362,ncaab,2018-01-10T00:00Z,final,2427,2344,UNC Asheville,Longwood,90,80,,,,0,,,,,,,,,,2,,0,Asheville,NC,1,649,,,,-5.0,"47,43","37,43",,,,,,,,
ncaab:400992296,ncaab,2018-01-10T00:30Z,final,2127,2515,Charleston So,Radford,61,64,,,,0,,,,,,,,,,2,,0,Charleston,SC,1,6,,,,-5.0,"26,35","30,34",,,,,,,,
ncaab:400992769,ncaab,2018-01-10T00:30Z,void,47,2261,Howard,Hampton,,,,,,0,,,,,,,,,,2,,0,Washington,DC,1,7,,,,-5.0,,,,,,,,,,
ncaab:400986191,ncaab,2018-01-10T01:00Z,final,153,103,North Carolina,Boston College,96,66,,,,0,,,,,,,,,,2,,0,Chapel Hill,NC,1,148,,,,-5.0,"50,46","35,31",,,,,,,,
ncaab:400986192,ncaab,2018-01-10T01:00Z,final,258,183,Virginia,Syracuse,68,61,,,,0,,,,,,,,,,2,,0,Charlottesville,VA,1,142,,,,-5.0,"29,39","26,35",,,,,,,,
ncaab:400989689,ncaab,2018-01-10T01:00Z,final,71,79,Bradley,S Illinois,68,62,,,,0,,,,,,,,,,2,,0,Peoria,IL,1,153,,,,-6.0,"30,38","22,40",,,,,,,,
ncaab:400989845,ncaab,2018-01-10T01:00Z,final,2670,2184,VCU,Duquesne,78,67,,,,0,,,,,,,,,,2,,0,Richmond,VA,1,64,,,,-5.0,"28,50","36,31",,,,,,,,
ncaab:400990445,ncaab,2018-01-10T01:05Z,final,6,3174,South Alabama,Trinity Co Jax,99,34,,,,0,,,,,,,,,,2,,0,Mobile,AL,1,3,,,,-6.0,"59,40","14,20",,,,,,,,
ncaab:400986496,ncaab,2018-01-10T01:30Z,final,158,275,Nebraska,Wisconsin,63,59,,,,0,,,,,,,,,,2,,0,Lincoln,NE,1,367,,,,-6.0,"26,37","22,37",,,,,,,,
ncaab:400988567,ncaab,2018-01-10T01:30Z,final,156,2086,Creighton,Butler,85,74,,,,0,,,,,,,,,,2,,0,Omaha,NE,1,323,,,,-6.0,"49,36","32,42",,,,,,,,
ncaab:400986497,ncaab,2018-01-10T02:00Z,final,130,2509,Michigan,Purdue,69,70,,,,0,,,,,,,,,,2,,0,Ann Arbor,MI,1,269,,,,-5.0,"32,37","39,31",,,,,,,,
ncaab:400987299,ncaab,2018-01-10T02:00Z,final,238,2633,Vanderbilt,Tennessee,84,92,,,,0,,,,,,,,,,2,,0,Nashville,TN,1,170,,,,-6.0,"45,39","35,57",,,,,,,,
ncaab:400987302,ncaab,2018-01-10T02:00Z,final,2,145,Auburn,Ole Miss,85,70,,,,0,,,,,,,,,,2,,0,Auburn,AL,1,215,,,,-6.0,"35,50","45,25",,,,,,,,
ncaab:400988568,ncaab,2018-01-10T02:00Z,final,269,2550,Marquette,Seton Hall,84,64,,,,0,,,,,,,,,,2,,0,Milwaukee,WI,1,188,,,,-6.0,"40,44","32,32",,,,,,,,
ncaab:400989161,ncaab,2018-01-10T02:00Z,final,2305,66,Kansas,Iowa State,83,78,,,,0,,,,,,,,,,2,,0,Lawrence,KS,1,263,,,,-6.0,"40,43","37,41",,,,,,,,
ncaab:400991713,ncaab,2018-01-10T04:00Z,final,278,68,Fresno St,Boise St,64,70,,,,0,,,,,,,,,,2,,0,Fresno,CA,1,94,,,,-8.0,"21,43","32,38",,,,,,,,
ncaab:400991796,ncaab,2018-01-10T04:00Z,final,21,23,San Diego St,San José St,85,49,,,,0,,,,,,,,,,2,,0,San Diego,CA,1,20,,,,-8.0,"32,53","23,26",,,,,,,,
ncaab:400986193,ncaab,2018-01-11T00:00Z,final,221,150,Pitt,Duke,52,87,,,,0,,,,,,,,,,2,,0,Pittsburgh,PA,1,233,,,,-5.0,"24,28","50,37",,,,,,,,
ncaab:400986194,ncaab,2018-01-11T00:00Z,final,59,87,Georgia Tech,Notre Dame,60,53,,,,0,,,,,,,,,,2,,0,Atlanta,GA,1,320,,,,-5.0,"30,30","20,33",,,,,,,,
ncaab:400986196,ncaab,2018-01-11T00:00Z,final,154,259,Wake Forest,Virginia Tech,75,83,,,,0,,,,,,,,,,2,,0,Winston-Salem,NC,1,293,,,,-5.0,"30,45","45,38",,,,,,,,
ncaab:400986499,ncaab,2018-01-11T00:00Z,final,127,164,Michigan St,Rutgers,76,72,,,,0,,,,,,,,,,2,,0,East Lansing,MI,1,261,,,,-5.0,"32,27,17","25,34,13",,,,,,,,
ncaab:400987304,ncaab,2018-01-11T00:00Z,final,57,344,Florida,Mississippi St,71,54,,,,0,,,,,,,,,,2,,0,Gainesville,FL,1,54,,,,-5.0,"33,38","28,26",,,,,,,,
ncaab:400988058,ncaab,2018-01-11T00:00Z,final,41,2116,UConn,UCF,62,53,,,,0,,,,,,,,,,2,,0,Storrs,CT,1,187,,,,-5.0,"30,32","21,32",,,,,,,,
ncaab:400988752,ncaab,2018-01-11T00:00Z,final,2717,2382,W Carolina,Mercer,58,56,,,,0,,,,,,,,,,2,,0,Cullowhee,NC,1,645,,,,-5.0,"28,30","28,28",,,,,,,,
ncaab:400988753,ncaab,2018-01-11T00:00Z,final,236,231,Chattanooga,Furman,55,73,,,,0,,,,,,,,,,2,,0,Chattanooga,TN,1,206,,,,-5.0,"31,24","36,37",,,,,,,,
ncaab:400988754,ncaab,2018-01-11T00:00Z,final,2747,108,Wofford,Harvard,63,62,,,,0,,,,,,,,,,2,,0,Spartanburg,SC,1,246,,,,-5.0,"28,35","28,34",,,,,,,,
ncaab:400989692,ncaab,2018-01-11T00:00Z,final,282,2460,Indiana St,Northern Iowa,69,67,,,,0,,,,,,,,,,2,,0,Terre Haute,IN,1,152,,,,-5.0,"31,38","38,29",,,,,,,,
ncaab:400989785,ncaab,2018-01-11T00:00Z,final,2166,45,Davidson,G Washington,72,45,,,,0,,,,,,,,,,2,,0,Davidson,NC,1,256,,,,-5.0,"29,43","17,28",,,,,,,,
ncaab:400989867,ncaab,2018-01-11T00:00Z,final,179,2230,St Bonaventure,Fordham,77,61,,,,0,,,,,,,,,,2,,0,Saint Bonaventure,NY,1,435,,,,-5.0,"34,43","31,30",,,,,,,,
ncaab:400989889,ncaab,2018-01-11T00:00Z,final,2244,2603,George Mason,Saint Joseph's,81,79,,,,0,,,,,,,,,,2,,0,Fairfax,VA,1,131,,,,-5.0,"47,34","42,37",,,,,,,,
ncaab:400990000,ncaab,2018-01-11T00:00Z,final,399,2619,UAlbany,Stony Brook,78,65,,,,0,,,,,,,,,,2,,0,Albany,NY,1,45,,,,-5.0,"33,45","29,36",,,,,,,,
ncaab:400990026,ncaab,2018-01-11T00:00Z,final,160,2066,New Hampshire,Binghamton,71,67,,,,0,,,,,,,,,,2,,0,Durham,NH,1,15,,,,-5.0,"45,26","35,32",,,,,,,,
ncaab:400990075,ncaab,2018-01-11T00:00Z,final,113,2325,UMass,La Salle,86,79,,,,0,,,,,,,,,,2,,0,Amherst,MA,1,82,,,,-5.0,"25,49,12","41,33,5",,,,,,,,
ncaab:400991135,ncaab,2018-01-11T00:00Z,final,2514,2368,Quinnipiac,Marist,80,79,,,,0,,,,,,,,,,2,,0,Hamden,CT,1,31,,,,-5.0,"26,47,7","32,41,6",,,,,,,,
ncaab:400991518,ncaab,2018-01-11T00:00Z,final,42,2349,Hartford,UMass Lowell,84,73,,,,0,,,,,,,,,,2,,0,West Hartford,CT,1,40,,,,-5.0,"41,43","38,35",,,,,,,,
ncaab:400991535,ncaab,2018-01-11T00:00Z,final,311,2378,Maine,UMBC,67,72,,,,0,,,,,,,,,,2,,0,Bangor,ME,1,36,,,,-5.0,"26,41","33,39",,,,,,,,
ncaab:400991593,ncaab,2018-01-11T00:00Z,final,159,261,Dartmouth,Vermont,78,91,,,,0,,,,,,,,,,2,,0,Hanover,NH,1,162,,,,-5.0,"30,48","43,48",,,,,,,,
ncaab:400992088,ncaab,2018-01-11T00:00Z,final,2174,325,Detroit Mercy,Cleveland St,85,84,,,,0,,,,,,,,,,2,,0,Detroit,MI,1,183,,,,-5.0,"32,53","37,47",,,,,,,,
ncaab:400992144,ncaab,2018-01-11T00:00Z,final,85,270,IU Indy,Milwaukee,72,71,,,,0,,,,,,,,,,2,,0,Indianapolis,IN,1,218,,,,-5.0,"32,40","36,35",,,,,,,,
ncaab:400992169,ncaab,2018-01-11T00:00Z,final,2473,2754,Oakland,Youngstown St,95,82,,,,0,,,,,,,,,,2,,0,Rochester,MI,1,229,,,,-5.0,"54,41","38,44",,,,,,,,
ncaab:400988569,ncaab,2018-01-11T01:00Z,final,222,2752,Villanova,Xavier,89,65,,,,0,,,,,,,,,,2,,0,Philadelphia,PA,1,12,,,,-5.0,"40,49","28,37",,,,,,,,
ncaab:400989018,ncaab,2018-01-11T01:00Z,final,2277,2000,Hou Christian,Abilene Chrstn,74,82,,,,0,,,,,,,,,,2,,0,Houston,TX,1,12,,,,-6.0,"37,37","36,46",,,,,,,,
ncaab:400989019,ncaab,2018-01-11T01:00Z,final,2110,2916,C Arkansas,Incarnate Word,92,76,,,,0,,,,,,,,,,2,,0,Conway,AR,1,95,,,,-6.0,"53,39","30,46",,,,,,,,
ncaab:400989020,ncaab,2018-01-11T01:00Z,final,2617,2443,SF Austin,LSU N Orleans,78,68,,,,0,,,,,,,,,,2,,0,Nacogdoches,TX,1,92,,,,-6.0,"33,45","25,43",,,,,,,,
ncaab:400989021,ncaab,2018-01-11T01:00Z,final,357,2534,Texas A&M-CC,Sam Houston,50,82,,,,0,,,,,,,,,,2,,0,Corpus Christi,TX,1,2,,,,-6.0,"23,27","42,40",,,,,,,,
ncaab:400989022,ncaab,2018-01-11T01:00Z,final,2320,2545,Lamar,SE Louisiana,58,63,,,,0,,,,,,,,,,2,,0,Beaumont,TX,1,5,,,,-6.0,"42,16","27,36",,,,,,,,
ncaab:400989023,ncaab,2018-01-11T01:00Z,final,2447,2377,Nicholls,McNeese,85,80,,,,0,,,,,,,,,,2,,0,Thibodaux,LA,1,4,,,,-6.0,"41,44","43,37",,,,,,,,
ncaab:400989203,ncaab,2018-01-11T01:00Z,final,2306,197,Kansas St,Oklahoma St,86,82,,,,0,,,,,,,,,,2,,0,Manhattan,KS,1,311,,,,-6.0,"33,53","34,48",,,,,,,,
ncaab:400989690,ncaab,2018-01-11T01:00Z,final,2287,2350,Illinois St,Loyola Chicago,61,68,,,,0,,,,,,,,,,2,,0,Normal,IL,1,244,,,,-6.0,"28,33","33,35",,,,,,,,
ncaab:400989691,ncaab,2018-01-11T01:00Z,final,339,2623,Evansville,Missouri St,64,55,,,,0,,,,,,,,,,2,,0,Evansville,IN,1,118,,,,-6.0,"31,33","24,31",,,,,,,,
ncaab:400989693,ncaab,2018-01-11T01:00Z,final,2674,2181,Valparaiso,Drake,77,60,,,,0,,,,,,,,,,2,,0,Valparaiso,IN,1,242,,,,-6.0,"46,31","35,25",,,,,,,,
ncaab:400992128,ncaab,2018-01-11T01:00Z,final,82,2739,UIC,Green Bay,84,73,,,,0,,,,,,,,,,2,,0,Chicago,IL,1,179,,,,-6.0,"42,42","25,48",,,,,,,,
ncaab:400986195,ncaab,2018-01-11T02:00Z,final,52,97,Florida St,Louisville,69,73,,,,0,,,,,,,,,,2,,0,Tallahassee,FL,1,62,,,,-5.0,"45,24","32,41",,,,,,,,
ncaab:400986500,ncaab,2018-01-11T02:00Z,final,77,135,Northwestern,Minnesota,83,60,,,,0,,,,,,,,,,2,,0,Rosemont,IL,1,194,,,,-6.0,"43,40","21,39",,,,,,,,
ncaab:400987303,ncaab,2018-01-11T02:00Z,final,142,61,Missouri,Georgia,68,56,,,,0,,,,,,,,,,2,,0,Columbia,MO,1,215,,,,-6.0,"20,48","23,33",,,,,,,,
ncaab:400987305,ncaab,2018-01-11T02:00Z,final,8,99,Arkansas,LSU,54,75,,,,0,,,,,,,,,,2,,0,Fayetteville,AR,1,427,,,,-6.0,"21,33","41,34",,,,,,,,
ncaab:400988059,ncaab,2018-01-11T02:00Z,final,2567,218,SMU,Temple,64,66,,,,0,,,,,,,,,,2,,0,Dallas,TX,1,128,,,,-6.0,"28,36","34,32",,,,,,,,
ncaab:400989250,ncaab,2018-01-11T02:00Z,final,251,2628,Texas,TCU,99,98,,,,0,,,,,,,,,,2,,0,Austin,TX,1,149,,,,-6.0,"43,34,11,11","33,44,11,10",,,,,,,,
ncaab:400991732,ncaab,2018-01-11T02:00Z,final,328,36,Utah State,Colorado St,75,84,,,,0,,,,,,,,,,2,,0,Logan,UT,1,1382,,,,-7.0,"31,44","41,43",,,,,,,,
ncaab:400991784,ncaab,2018-01-11T02:00Z,final,167,2751,New Mexico,Wyoming,75,66,,,,0,,,,,,,,,,2,,0,Albuquerque,NM,1,1511,,,,-7.0,"27,48","32,34",,,,,,,,
ncaab:400988308,ncaab,2018-01-11T03:00Z,final,30,38,USC,Colorado,70,58,,,,0,,,,,,,,,,2,,0,Los Angeles,CA,1,89,,,,-8.0,"38,32","34,24",,,,,,,,
ncaab:400991691,ncaab,2018-01-11T03:00Z,final,2005,2439,Air Force,UNLV,76,81,,,,0,,,,,,,,,,2,,0,Colorado Springs,CO,1,1832,,,,-7.0,"37,39","43,38",,,,,,,,
ncaab:400992469,ncaab,2018-01-11T03:30Z,final,299,2463,Long Beach St,CSU Northridge,80,70,,,,0,,,,,,,,,,2,,0,Long Beach,CA,1,9,,,,-8.0,"38,42","29,41",,,,,,,,
ncaab:400992431,ncaab,2018-01-11T04:59Z,final,62,13,Hawai'i,Cal Poly,57,45,,,,0,,,,,,,,,,2,,0,Honolulu,HI,1,5,,,,-10.0,"29,28","23,22",,,,,,,,
ncaab:400991982,ncaab,2018-01-11T17:00Z,final,349,322,Army,Lafayette,81,71,,,,0,,,,,,,,,,2,,0,West Point,NY,1,47,,,,-5.0,"26,55","43,28",,,,,,,,
ncaab:400988755,ncaab,2018-01-11T23:00Z,final,2643,2535,The Citadel,Samford,91,107,,,,0,,,,,,,,,,2,,0,Charleston,SC,1,6,,,,-5.0,"31,60","55,52",,,,,,,,
ncaab:400986502,ncaab,2018-01-12T00:00Z,final,194,120,Ohio State,Maryland,91,69,,,,0,,,,,,,,,,2,,0,Columbus,OH,1,235,,,,-5.0,"44,47","32,37",,,,,,,,
ncaab:400988060,ncaab,2018-01-12T00:00Z,final,248,202,Houston,Tulsa,104,71,,,,0,,,,,,,,,,2,,0,Houston,TX,1,12,,,,-6.0,"59,45","34,37",,,,,,,,
ncaab:400988756,ncaab,2018-01-12T00:00Z,final,2193,2430,ETSU,UNC Greensboro,68,58,,,,0,,,,,,,,,,2,,0,Johnson City,TN,1,498,,,,-5.0,"28,40","27,31",,,,,,,,
ncaab:400989376,ncaab,2018-01-12T00:00Z,final,2870,233,Purdue FW,South Dakota,58,68,,,,0,,,,,,,,,,2,,0,Fort Wayne,IN,1,247,,,,-5.0,"27,31","33,35",,,,,,,,
ncaab:400990577,ncaab,2018-01-12T00:00Z,final,232,111,Charleston,Northeastern,82,66,,,,0,,,,,,,,,,2,,0,Charleston,SC,1,6,,,,-5.0,"44,38","34,32",,,,,,,,
ncaab:400990800,ncaab,2018-01-12T00:00Z,final,2803,2681,Bryant,Wagner,62,71,,,,0,,,,,,,,,,2,,0,Smithfield,RI,1,84,,,,-5.0,"25,37","34,37",,,,,,,,
ncaab:400990801,ncaab,2018-01-12T00:00Z,final,2597,2115,St Francis BK,C Connecticut,77,60,,,,0,,,,,,,,,,2,,0,Brooklyn,NY,1,15,,,,-5.0,"43,34","29,31",,,,,,,,
ncaab:400990802,ncaab,2018-01-12T00:00Z,final,161,112358,FDU,Long Island,85,90,,,,0,,,,,,,,,,2,,0,Hackensack,NJ,1,6,,,,-5.0,"44,41","38,52",,,,,,,,
ncaab:400990803,ncaab,2018-01-12T00:00Z,final,116,2529,Mount St Marys,Sacred Heart,81,75,,,,0,,,,,,,,,,2,,0,Emmitsburg,MD,1,133,,,,-5.0,"42,39","30,45",,,,,,,,
ncaab:400990804,ncaab,2018-01-12T00:00Z,final,2523,2598,Robert Morris,Saint Francis,80,89,,,,0,,,,,,,,,,2,,0,Pittsburgh,PA,1,233,,,,-5.0,"37,43","52,37",,,,,,,,
ncaab:400990969,ncaab,2018-01-12T00:00Z,final,2197,2634,E Illinois,Tennessee St,65,69,,,,0,,,,,,,,,,2,,0,Charleston,IL,1,204,,,,-6.0,"30,35","28,41",,,,,,,,
ncaab:400991136,ncaab,2018-01-12T00:00Z,final,2217,2363,Fairfield,Manhattan,53,59,,,,0,,,,,,,,,,2,,0,Bridgeport,CT,1,1,,,,-5.0,"31,22","31,28",,,,,,,,
ncaab:400991137,ncaab,2018-01-12T00:00Z,final,314,2561,Iona,Siena,71,69,,,,0,,,,,,,,,,2,,0,New Rochelle,NY,1,26,,,,-5.0,"34,37","40,29",,,,,,,,
ncaab:400991401,ncaab,2018-01-12T00:00Z,final,48,2182,Delaware,Drexel,72,66,,,,0,,,,,,,,,,2,,0,Newark,DE,1,38,,,,-5.0,"31,41","27,39",,,,,,,,
ncaab:400991441,ncaab,2018-01-12T00:00Z,final,2210,350,Elon,UNC Wilmington,78,80,,,,0,,,,,,,,,,2,,0,Elon,NC,1,215,,,,-5.0,"39,33,6","46,26,8",,,,,,,,
ncaab:400991457,ncaab,2018-01-12T00:00Z,final,119,2275,Towson,Hofstra,73,76,,,,0,,,,,,,,,,2,,0,Towson,MD,1,141,,,,-5.0,"43,30","38,38",,,,,,,,
ncaab:400991473,ncaab,2018-01-12T00:00Z,final,2729,256,William & Mary,James Madison,89,82,,,,0,,,,,,,,,,2,,0,Williamsburg,VA,1,25,,,,-5.0,"28,47,14","45,30,7",,,,,,,,
ncaab:400991861,ncaab,2018-01-12T00:00Z,final,526,2908,FGCU,SC Upstate,75,58,,,,0,,,,,,,,,,2,,0,Fort Myers,FL,1,3,,,,-5.0,"38,37","17,41",,,,,,,,
ncaab:400991886,ncaab,2018-01-12T00:00Z,final,294,338,Jacksonville,Kennesaw St,65,58,,,,0,,,,,,,,,,2,,0,Jacksonville,FL,1,5,,,,-5.0,"25,40","32,26",,,,,,,,
ncaab:400991914,ncaab,2018-01-12T00:00Z,final,2454,288,North Florida,Lipscomb,102,96,,,,0,,,,,,,,,,2,,0,Jacksonville,FL,1,5,,,,-5.0,"46,56","48,48",,,,,,,,
ncaab:400991927,ncaab,2018-01-12T00:00Z,final,56,2885,Stetson,NJIT,80,67,,,,0,,,,,,,,,,2,,0,DeLand,FL,1,12,,,,-5.0,"34,46","41,26",,,,,,,,
ncaab:400991964,ncaab,2018-01-12T00:00Z,final,44,2352,American,Loyola MD,76,65,,,,0,,,,,,,,,,2,,0,Washington,DC,1,7,,,,-5.0,"39,37","29,36",,,,,,,,
ncaab:400992000,ncaab,2018-01-12T00:00Z,final,104,2142,Boston U,Colgate,72,58,,,,0,,,,,,,,,,2,,0,Boston,MA,1,14,,,,-5.0,"31,41","24,34",,,,,,,,
ncaab:400992011,ncaab,2018-01-12T00:00Z,final,2083,2329,Bucknell,Lehigh,78,65,,,,0,,,,,,,,,,2,,0,Lewisburg,PA,1,144,,,,-5.0,"28,50","26,39",,,,,,,,
ncaab:400992036,ncaab,2018-01-12T00:00Z,final,2426,107,Navy,Holy Cross,61,56,,,,0,,,,,,,,,,2,,0,Annapolis,MD,1,12,,,,-5.0,"29,19,13","23,25,8",,,,,,,,
ncaab:400992189,ncaab,2018-01-12T00:00Z,final,94,2750,N Kentucky,Wright St,81,84,,,,0,,,,,,,,,,2,,0,Highland Heights,KY,1,260,,,,-5.0,"38,43","40,44",,,,,,,,
ncaab:400992602,ncaab,2018-01-12T00:00Z,final,2429,276,Charlotte,Marshall,83,91,,,,0,,,,,,,,,,2,,0,Charlotte,NC,1,229,,,,-5.0,"38,45","40,51",,,,,,,,
ncaab:400990446,ncaab,2018-01-12T00:30Z,final,2026,2247,App State,Georgia St,58,71,,,,0,,,,,,,,,,2,,0,Boone,NC,1,981,,,,-5.0,"26,32","39,32",,,,,,,,
ncaab:400990447,ncaab,2018-01-12T00:30Z,final,324,290,Coastal,GA Southern,66,77,,,,0,,,,,,,,,,2,,0,Conway,SC,1,10,,,,-5.0,"26,40","37,40",,,,,,,,
ncaab:400986501,ncaab,2018-01-12T01:00Z,final,356,2294,Illinois,Iowa,97,104,,,,0,,,,,,,,,,2,,0,Champaign,IL,1,225,,,,-6.0,"54,36,7","41,49,14",,,,,,,,
ncaab:400989377,ncaab,2018-01-12T01:00Z,final,2710,2437,W Illinois,Omaha,66,87,,,,0,,,,,,,,,,2,,0,Macomb,IL,1,215,,,,-6.0,"30,36","42,45",,,,,,,,
ncaab:400989378,ncaab,2018-01-12T01:00Z,final,2449,2172,N Dakota St,Denver,61,67,,,,0,,,,,,,,,,2,,0,Fargo,ND,1,276,,,,-6.0,"22,39","35,32",,,,,,,,
ncaab:400989379,ncaab,2018-01-12T01:00Z,final,2571,198,S Dakota St,Oral Roberts,78,75,,,,0,,,,,,,,,,2,,0,Brookings,SD,1,494,,,,-6.0,"35,43","34,41",,,,,,,,
ncaab:400990448,ncaab,2018-01-12T01:00Z,final,2031,250,Little Rock,UT Arlington,77,65,,,,0,,,,,,,,,,2,,0,Little Rock,AR,1,102,,,,-6.0,"39,38","32,33",,,,,,,,
ncaab:400990973,ncaab,2018-01-12T01:00Z,final,2565,2057,SIUE,Belmont,61,76,,,,0,,,,,,,,,,2,,0,Edwardsville,IL,1,165,,,,-6.0,"29,32","41,35",,,,,,,,
ncaab:400991290,ncaab,2018-01-12T01:00Z,final,155,304,North Dakota,Idaho St,81,58,,,,0,,,,,,,,,,2,,0,Grand Forks,ND,1,253,,,,-6.0,"41,40","29,29",,,,,,,,
ncaab:400992601,ncaab,2018-01-12T01:00Z,final,2636,2229,UTSA,FIU,76,79,,,,0,,,,,,,,,,2,,0,San Antonio,TX,1,198,,,,-6.0,"37,39","47,32",,,,,,,,
ncaab:400992603,ncaab,2018-01-12T01:00Z,final,295,98,Old Dominion,Western KY,68,75,,,,0,,,,,,,,,,2,,0,Norfolk,VA,1,2,,,,-5.0,"32,36","30,45",,,,,,,,
ncaab:400992604,ncaab,2018-01-12T01:00Z,final,5,2572,UAB,Southern Miss,86,75,,,,0,,,,,,,,,,2,,0,Birmingham,AL,1,187,,,,-6.0,"46,40","27,48",,,,,,,,
ncaab:400990449,ncaab,2018-01-12T01:30Z,final,2032,326,Arkansas St,Texas St,67,73,,,,0,,,,,,,,,,2,,0,Jonesboro,AR,1,99,,,,-6.0,"30,37","33,40",,,,,,,,
ncaab:400990968,ncaab,2018-01-12T01:30Z,final,2635,2046,Tennessee Tech,Austin Peay,86,74,,,,0,,,,,,,,,,2,,0,Cookeville,TN,1,334,,,,-6.0,"36,50","30,44",,,,,,,,
ncaab:400990970,ncaab,2018-01-12T01:30Z,final,2546,2413,SE Missouri,Morehead St,78,75,,,,0,,,,,,,,,,2,,0,Cape Girardeau,MO,1,108,,,,-6.0,"37,41","28,47",,,,,,,,
ncaab:400990971,ncaab,2018-01-12T01:30Z,final,55,93,Jax State,Murray St,76,71,,,,0,,,,,,,,,,2,,0,Jacksonville,AL,1,216,,,,-6.0,"43,33","26,45",,,,,,,,
ncaab:400990972,ncaab,2018-01-12T01:30Z,final,2630,2198,UT Martin,E Kentucky,70,78,,,,0,,,,,,,,,,2,,0,Martin,TN,1,124,,,,-6.0,"31,39","39,39",,,,,,,,
ncaab:400986197,ncaab,2018-01-12T02:00Z,final,152,228,NC State,Clemson,78,77,,,,0,,,,,,,,,,2,,0,Raleigh,NC,1,96,,,,-5.0,"41,37","38,39",,,,,,,,
ncaab:400986863,ncaab,2018-01-12T02:00Z,final,252,2492,BYU,Pepperdine,83,63,,,,0,,,,,,,,,,2,,0,Provo,UT,1,1387,,,,-7.0,"40,43","34,29",,,,,,,,
ncaab:400986891,ncaab,2018-01-12T02:00Z,final,2250,2501,Gonzaga,Portland,103,57,,,,0,,,,,,,,,,2,,0,Spokane,WA,1,571,,,,-8.0,"45,58","29,28",,,,,,,,
ncaab:400988061,ncaab,2018-01-12T02:00Z,final,151,2724,East Carolina,Wichita St,60,95,,,,0,,,,,,,,,,2,,0,Greenville,NC,1,18,,,,-5.0,"23,37","45,50",,,,,,,,
ncaab:400988309,ncaab,2018-01-12T02:00Z,final,265,24,Washington St,Stanford,70,79,,,,0,,,,,,,,,,2,,0,Pullman,WA,1,717,,,,-8.0,"45,25","38,41",,,,,,,,
ncaab:400988310,ncaab,2018-01-12T02:00Z,final,12,204,Arizona,Oregon St,62,53,,,,0,,,,,,,,,,2,,0,Tucson,AZ,1,759,,,,-7.0,"21,41","22,31",,,,,,,,
ncaab:400990652,ncaab,2018-01-12T02:00Z,final,3084,140,Utah Valley,Kansas City,95,59,,,,0,,,,,,,,,,2,,0,Orem,UT,1,1455,,,,-7.0,"44,51","27,32",,,,,,,,
ncaab:400990653,ncaab,2018-01-12T02:00Z,final,2253,166,Grand Canyon,New Mexico St,59,70,,,,0,,,,,,,,,,2,,0,Phoenix,AZ,1,331,,,,-7.0,"37,22","37,33",,,,,,,,
ncaab:400991291,ncaab,2018-01-12T02:00Z,final,2458,2692,N Colorado,Weber St,74,78,,,,0,,,,,,,,,,2,,0,Greeley,CO,1,1425,,,,-7.0,"39,35","29,49",,,,,,,,
ncaab:400992599,ncaab,2018-01-12T02:00Z,final,2638,2226,UTEP,FAU,66,73,,,,0,,,,,,,,,,2,,0,El Paso,TX,1,1133,,,,-7.0,"34,32","29,44",,,,,,,,
ncaab:400992600,ncaab,2018-01-12T02:00Z,final,2393,2348,MTSU,Louisiana Tech,72,57,,,,0,,,,,,,,,,2,,0,Murfreesboro,TN,1,186,,,,-6.0,"32,40","30,27",,,,,,,,
ncaab:400986941,ncaab,2018-01-12T03:00Z,final,279,301,Pacific,San Diego,74,70,,,,0,,,,,,,,,,2,,0,Stockton,CA,1,4,,,,-8.0,"25,49","24,46",,,,,,,,
ncaab:400988311,ncaab,2018-01-12T03:00Z,final,9,2483,Arizona St,Oregon,72,76,,,,0,,,,,,,,,,2,,0,Tempe,AZ,1,360,,,,-7.0,"41,31","41,35",,,,,,,,
ncaab:400990654,ncaab,2018-01-12T03:00Z,final,2547,2130,Seattle U,Chicago St,67,64,,,,0,,,,,,,,,,2,,0,Seattle,WA,1,56,,,,-8.0,"31,36","33,31",,,,,,,,
ncaab:400990655,ncaab,2018-01-12T03:00Z,final,2934,292,Bakersfield,UT Rio Grande,74,87,,,,0,,,,,,,,,,2,,0,Bakersfield,CA,1,123,,,,-8.0,"34,40","37,50",,,,,,,,
ncaab:400992512,ncaab,2018-01-12T03:00Z,final,27,302,UC Riverside,UC Davis,65,75,,,,0,,,,,,,,,,2,,0,Riverside,CA,1,252,,,,-8.0,"36,29","30,45",,,,,,,,
ncaab:400991289,ncaab,2018-01-12T03:05Z,final,16,149,Sacramento St,Montana,66,78,,,,0,,,,,,,,,,2,,0,Sacramento,CA,1,9,,,,-8.0,"35,31","32,46",,,,,,,,
ncaab:400986916,ncaab,2018-01-12T03:30Z,final,2351,2539,LMU,San Francisco,67,65,,,,0,,,,,,,,,,2,,0,Los Angeles,CA,1,89,,,,-8.0,"31,36","27,38",,,,,,,,
ncaab:400992449,ncaab,2018-01-12T03:30Z,final,300,2239,UC Irvine,Fullerton,64,67,,,,0,,,,,,,,,,2,,0,Irvine,CA,1,17,,,,-8.0,"35,29","28,39",,,,,,,,
ncaab:400987094,ncaab,2018-01-12T04:00Z,final,2541,2608,Santa Clara,Saint Mary's,57,81,,,,0,,,,,,,,,,2,,0,Santa Clara,CA,1,23,,,,-8.0,"26,31","38,43",,,,,,,,
ncaab:400988312,ncaab,2018-01-12T04:00Z,final,264,25,Washington,California,66,56,,,,0,,,,,,,,,,2,,0,Seattle,WA,1,56,,,,-8.0,"28,38","24,32",,,,,,,,
ncaab:400988313,ncaab,2018-01-12T04:00Z,final,26,254,UCLA,Utah,83,64,,,,0,,,,,,,,,,2,,0,Los Angeles,CA,1,89,,,,-8.0,"41,42","33,31",,,,,,,,
ncaab:400991288,ncaab,2018-01-12T04:00Z,final,2502,147,Portland St,Montana St,93,74,,,,0,,,,,,,,,,2,,0,Portland,OR,1,12,,,,-8.0,"44,49","32,42",,,,,,,,
ncaab:400991596,ncaab,2018-01-12T22:30Z,final,43,225,Yale,Brown,78,72,,,,0,,,,,,,,,,2,,0,New Haven,CT,1,18,,,,-5.0,"42,36","37,35",,,,,,,,
ncaab:400988570,ncaab,2018-01-12T23:30Z,final,2086,269,Butler,Marquette,94,83,,,,0,,,,,,,,,,2,,0,Indianapolis,IN,1,218,,,,-5.0,"44,50","38,45",,,,,,,,
ncaab:400986503,ncaab,2018-01-13T00:00Z,final,213,158,Penn State,Nebraska,76,74,,,,0,,,,,,,,,,2,,0,University Park,PA,1,348,,,,-5.0,"33,32,11","24,41,9",,,,,,,,
ncaab:400989823,ncaab,2018-01-13T00:00Z,final,2168,2670,Dayton,VCU,106,79,,,,0,,,,,,,,,,2,,0,Dayton,OH,1,225,,,,-5.0,"66,40","41,38",,,,,,,,
ncaab:400990210,ncaab,2018-01-13T00:00Z,final,2309,195,Kent State,Ohio,70,69,,,,0,,,,,,,,,,2,,0,Kent,OH,1,325,,,,-5.0,"40,30","31,38",,,,,,,,
ncaab:400991138,ncaab,2018-01-13T00:00Z,final,315,2405,Niagara,Monmouth,78,77,,,,0,,,,,,,,,,2,,0,Niagara Falls,NY,1,187,,,,-5.0,"40,38","31,46",,,,,,,,
ncaab:400991139,ncaab,2018-01-13T00:00Z,final,2099,2612,Canisius,Saint Peter's,70,58,,,,0,,,,,,,,,,2,,0,Buffalo,NY,1,183,,,,-5.0,"38,32","29,29",,,,,,,,
ncaab:400991140,ncaab,2018-01-13T00:00Z,final,2520,2514,Rider,Quinnipiac,78,60,,,,0,,,,,,,,,,2,,0,Lawrenceville,NJ,1,37,,,,-5.0,"39,39","20,40",,,,,,,,
ncaab:400992089,ncaab,2018-01-13T00:00Z,final,2473,325,Oakland,Cleveland St,81,68,,,,0,,,,,,,,,,2,,0,Rochester,MI,1,229,,,,-5.0,"29,52","32,36",,,,,,,,
ncaab:400992109,ncaab,2018-01-13T00:00Z,final,2174,2754,Detroit Mercy,Youngstown St,93,91,,,,0,,,,,,,,,,2,,0,Detroit,MI,1,183,,,,-5.0,"34,59","41,50",,,,,,,,
ncaab:400992129,ncaab,2018-01-13T00:00Z,final,85,2739,IU Indy,Green Bay,67,61,,,,0,,,,,,,,,,2,,0,Indianapolis,IN,1,218,,,,-5.0,"35,32","24,37",,,,,,,,
ncaab:400992275,ncaab,2018-01-13T00:00Z,final,2097,2272,Campbell,High Point,65,64,,,,0,,,,,,,,,,2,,0,Buies Creek,NC,1,63,,,,-5.0,"24,41","33,31",,,,,,,,
ncaab:400992316,ncaab,2018-01-13T00:00Z,final,2241,2515,Gardner-Webb,Radford,59,54,,,,0,,,,,,,,,,2,,0,Boiling Springs,NC,1,269,,,,-5.0,"28,31","16,38",,,,,,,,
ncaab:400992349,ncaab,2018-01-13T00:00Z,final,2335,2344,Liberty,Longwood,51,58,,,,0,,,,,,,,,,2,,0,Lynchburg,VA,1,192,,,,-5.0,"28,23","20,38",,,,,,,,
ncaab:400992375,ncaab,2018-01-13T00:00Z,final,2506,2427,Presbyterian,UNC Asheville,56,76,,,,0,,,,,,,,,,2,,0,Clinton,SC,1,76,,,,-5.0,"23,33","45,31",,,,,,,,
ncaab:400992740,ncaab,2018-01-13T00:00Z,final,2261,2169,Hampton,Delaware St,78,56,,,,0,,,,,,,,,,2,,0,Hampton,VA,1,1,,,,-5.0,"39,39","28,28",,,,,,,,
ncaab:400992297,ncaab,2018-01-13T00:30Z,final,2127,2737,Charleston So,Winthrop,53,64,,,,0,,,,,,,,,,2,,0,Charleston,SC,1,6,,,,-5.0,"21,32","32,32",,,,,,,,
ncaab:400991615,ncaab,2018-01-13T01:00Z,final,163,171,Princeton,Columbia,72,56,,,,0,,,,,,,,,,2,,0,Princeton,NJ,1,62,,,,-5.0,"41,31","23,33",,,,,,,,
ncaab:400991631,ncaab,2018-01-13T01:00Z,final,219,172,Penn,Cornell,69,61,,,,0,,,,,,,,,,2,,0,Philadelphia,PA,1,12,,,,-5.0,"34,35","24,37",,,,,,,,
ncaab:400992158,ncaab,2018-01-13T01:00Z,final,82,270,UIC,Milwaukee,88,73,,,,0,,,,,,,,,,2,,0,Chicago,IL,1,179,,,,-6.0,"38,50","26,47",,,,,,,,
ncaab:400988571,ncaab,2018-01-13T01:45Z,final,305,2507,DePaul,Providence,64,71,,,,0,,,,,,,,,,2,,0,Chicago,IL,1,179,,,,-6.0,"35,29","34,37",,,,,,,,
ncaab:400991292,ncaab,2018-01-13T03:30Z,final,331,70,E Washington,Idaho,51,58,,,,0,,,,,,,,,,2,,0,Cheney,WA,1,717,,,,-8.0,"27,24","25,33",,,,,,,,
ncaab:400989942,ncaab,2018-01-13T16:00Z,final,227,179,Rhode Island,St Bonaventure,87,73,,,,0,,,,,,,,,,2,,0,Kingston,RI,1,75,,,,-5.0,"42,45","39,34",,,,,,,,
ncaab:400986198,ncaab,2018-01-13T17:00Z,final,150,154,Duke,Wake Forest,89,71,,,,0,,,,,,,,,,2,,0,Durham,NC,1,123,,,,-5.0,"46,43","33,38",,,,,,,,
ncaab:400986504,ncaab,2018-01-13T17:00Z,final,127,130,Michigan St,Michigan,72,82,,,,0,,,,,,,,,,2,,0,East Lansing,MI,1,261,,,,-5.0,"37,35","34,48",,,,,,,,
ncaab:400986505,ncaab,2018-01-13T17:00Z,final,135,2509,Minnesota,Purdue,47,81,,,,0,,,,,,,,,,2,,0,Minneapolis,MN,1,253,,,,-6.0,"27,20","40,41",,,,,,,,
ncaab:400988572,ncaab,2018-01-13T17:00Z,final,2550,46,Seton Hall,Georgetown,74,61,,,,0,,,,,,,,,,2,,0,Newark,NJ,1,9,,,,-5.0,"44,30","31,30",,,,,,,,
ncaab:400989183,ncaab,2018-01-13T17:00Z,final,2305,2306,Kansas,Kansas St,73,72,,,,0,,,,,,,,,,2,,0,Lawrence,KS,1,263,,,,-6.0,"34,39","34,38",,,,,,,,
ncaab:400990001,ncaab,2018-01-13T17:00Z,final,311,399,Maine,UAlbany,66,84,,,,0,,,,,,,,,,2,,0,Bangor,ME,1,36,,,,-5.0,"10,56","48,36",,,,,,,,
ncaab:400991577,ncaab,2018-01-13T17:00Z,final,2349,2378,UMass Lowell,UMBC,62,89,,,,0,,,,,,,,,,2,,0,Lowell,MA,1,36,,,,-5.0,"25,37","42,47",,,,,,,,
ncaab:400989846,ncaab,2018-01-13T17:30Z,final,2184,2325,Duquesne,La Salle,101,94,,,,0,,,,,,,,,,2,,0,Pittsburgh,PA,1,233,,,,-5.0,"35,31,15,7,13","34,32,15,7,6",,,,,,,,
ncaab:400986203,ncaab,2018-01-13T18:00Z,final,103,159,Boston College,Dartmouth,86,72,,,,0,,,,,,,,,,2,,0,Chestnut Hill,MA,1,60,,,,-5.0,"41,45","38,34",,,,,,,,
ncaab:400987308,ncaab,2018-01-13T18:00Z,final,145,57,Ole Miss,Florida,78,72,,,,0,,,,,,,,,,2,,0,Oxford,MS,1,154,,,,-6.0,"31,47","31,41",,,,,,,,
ncaab:400987310,ncaab,2018-01-13T18:00Z,final,61,2579,Georgia,South Carolina,57,64,,,,0,,,,,,,,,,2,,0,Athens,GA,1,228,,,,-5.0,"29,28","37,27",,,,,,,,
ncaab:400988062,ncaab,2018-01-13T18:00Z,final,2655,41,Tulane,UConn,57,67,,,,0,,,,,,,,,,2,,0,New Orleans,LA,1,0,,,,-6.0,"22,35","30,37",,,,,,,,
ncaab:400988758,ncaab,2018-01-13T18:00Z,final,2643,236,The Citadel,Chattanooga,110,101,,,,0,,,,,,,,,,2,,0,Charleston,SC,1,6,,,,-5.0,"41,52,17","53,40,8",,,,,,,,
ncaab:400989221,ncaab,2018-01-13T18:00Z,final,201,2628,Oklahoma,TCU,102,97,,,,0,,,,,,,,,,2,,0,Norman,OK,1,357,,,,-6.0,"49,40,13","47,42,8",,,,,,,,
ncaab:400986199,ncaab,2018-01-13T19:00Z,final,221,59,Pitt,Georgia Tech,54,69,,,,0,,,,,,,,,,2,,0,Pittsburgh,PA,1,233,,,,-5.0,"29,25","40,29",,,,,,,,
ncaab:400986607,ncaab,2018-01-13T19:00Z,final,52,183,Florida St,Syracuse,101,90,,,,0,,,,,,,,,,2,,0,Tallahassee,FL,1,62,,,,-5.0,"31,43,8,19","21,53,8,8",,,,,,,,
ncaab:400988063,ncaab,2018-01-13T19:00Z,final,218,235,Temple,Memphis,72,75,,,,0,,,,,,,,,,2,,0,Philadelphia,PA,1,12,,,,-5.0,"31,30,11","30,31,14",,,,,,,,
ncaab:400988314,ncaab,2018-01-13T19:00Z,final,12,2483,Arizona,Oregon,90,83,,,,0,,,,,,,,,,2,,0,Tucson,AZ,1,759,,,,-7.0,"41,49","38,45",,,,,,,,
ncaab:400988573,ncaab,2018-01-13T19:00Z,final,2752,156,Xavier,Creighton,92,70,,,,0,,,,,,,,,,2,,0,Cincinnati,OH,1,191,,,,-5.0,"50,42","34,36",,,,,,,,
ncaab:400989273,ncaab,2018-01-13T19:00Z,final,2641,277,Texas Tech,West Virginia,72,71,,,,0,,,,,,,,,,2,,0,Lubbock,TX,1,976,,,,-6.0,"31,41","38,33",,,,,,,,
ncaab:400990027,ncaab,2018-01-13T19:00Z,final,42,2066,Hartford,Binghamton,97,65,,,,0,,,,,,,,,,2,,0,West Hartford,CT,1,40,,,,-5.0,"56,41","30,35",,,,,,,,
ncaab:400990211,ncaab,2018-01-13T19:00Z,final,2006,189,Akron,Bowling Green,80,78,,,,0,,,,,,,,,,2,,0,Akron,OH,1,291,,,,-5.0,"36,44","32,46",,,,,,,,
ncaab:400990313,ncaab,2018-01-13T19:00Z,final,2084,193,Buffalo,Miami OH,82,66,,,,0,,,,,,,,,,2,,0,Buffalo,NY,1,183,,,,-5.0,"34,48","33,33",,,,,,,,
ncaab:400990808,ncaab,2018-01-13T19:00Z,final,2598,116,Saint Francis,Mount St Marys,80,81,,,,0,,,,,,,,,,2,,0,Loretto,PA,1,595,,,,-5.0,"30,45,5","28,47,6",,,,,,,,
ncaab:400991564,ncaab,2018-01-13T19:00Z,final,261,2619,Vermont,Stony Brook,73,62,,,,0,,,,,,,,,,2,,0,Burlington,VT,1,61,,,,-5.0,"40,33","30,32",,,,,,,,
ncaab:400989890,ncaab,2018-01-13T19:30Z,final,2244,139,George Mason,Saint Louis,86,81,,,,0,,,,,,,,,,2,,0,Fairfax,VA,1,131,,,,-5.0,"38,48","39,42",,,,,,,,
ncaab:400986200,ncaab,2018-01-13T20:00Z,final,228,2390,Clemson,Miami,72,63,,,,0,,,,,,,,,,2,,0,Clemson,SC,1,221,,,,-5.0,"34,38","30,33",,,,,,,,
ncaab:400989137,ncaab,2018-01-13T20:00Z,final,66,239,Iowa State,Baylor,75,65,,,,0,,,,,,,,,,2,,0,Ames,IA,1,287,,,,-6.0,"34,41","27,38",,,,,,,,
ncaab:400989380,ncaab,2018-01-13T20:00Z,final,2571,2172,S Dakota St,Denver,94,72,,,,0,,,,,,,,,,2,,0,Brookings,SD,1,494,,,,-6.0,"45,49","26,46",,,,,,,,
ncaab:400989381,ncaab,2018-01-13T20:00Z,final,2449,198,N Dakota St,Oral Roberts,82,64,,,,0,,,,,,,,,,2,,0,Fargo,ND,1,276,,,,-6.0,"39,43","36,28",,,,,,,,
ncaab:400991294,ncaab,2018-01-13T20:00Z,final,155,2692,North Dakota,Weber St,89,79,,,,0,,,,,,,,,,2,,0,Grand Forks,ND,1,253,,,,-6.0,"36,53","27,52",,,,,,,,
ncaab:400992605,ncaab,2018-01-13T20:00Z,final,242,249,Rice,North Texas,78,85,,,,0,,,,,,,,,,2,,0,Houston,TX,1,12,,,,-6.0,"37,41","35,50",,,,,,,,
ncaab:400992610,ncaab,2018-01-13T20:00Z,final,2636,2226,UTSA,FAU,69,73,,,,0,,,,,,,,,,2,,0,San Antonio,TX,1,198,,,,-6.0,"36,33","33,40",,,,,,,,
ncaab:400987311,ncaab,2018-01-13T20:30Z,final,344,2,Mississippi St,Auburn,68,76,,,,0,,,,,,,,,,2,,0,Starkville,MS,1,101,,,,-6.0,"35,33","24,52",,,,,,,,
ncaab:400990450,ncaab,2018-01-13T20:30Z,final,2026,290,App State,GA Southern,59,60,,,,0,,,,,,,,,,2,,0,Boone,NC,1,981,,,,-5.0,"25,34","21,39",,,,,,,,
ncaab:400990451,ncaab,2018-01-13T20:30Z,final,324,2247,Coastal,Georgia St,58,72,,,,0,,,,,,,,,,2,,0,Conway,SC,1,10,,,,-5.0,"33,25","36,36",,,,,,,,
ncaab:400990805,ncaab,2018-01-13T20:30Z,final,2115,2803,C Connecticut,Bryant,80,76,,,,0,,,,,,,,,,2,,0,New Britain,CT,1,51,,,,-5.0,"34,46","33,43",,,,,,,,
ncaab:400986201,ncaab,2018-01-13T21:00Z,final,97,259,Louisville,Virginia Tech,94,86,,,,0,,,,,,,,,,2,,0,Louisville,KY,1,142,,,,-5.0,"44,50","40,46",,,,,,,,
ncaab:400987309,ncaab,2018-01-13T21:00Z,final,238,96,Vanderbilt,Kentucky,67,74,,,,0,,,,,,,,,,2,,0,Nashville,TN,1,170,,,,-6.0,"27,40","36,38",,,,,,,,
ncaab:400988315,ncaab,2018-01-13T21:00Z,final,265,25,Washington St,California,78,53,,,,0,,,,,,,,,,2,,0,Pullman,WA,1,717,,,,-8.0,"30,48","25,28",,,,,,,,
ncaab:400988759,ncaab,2018-01-13T21:00Z,final,2382,2535,Mercer,Samford,81,50,,,,0,,,,,,,,,,2,,0,Macon,GA,1,112,,,,-5.0,"44,37","16,34",,,,,,,,
ncaab:400988760,ncaab,2018-01-13T21:00Z,final,2193,2678,ETSU,VMI,89,48,,,,0,,,,,,,,,,2,,0,Johnson City,TN,1,498,,,,-5.0,"35,54","19,29",,,,,,,,
ncaab:400989024,ncaab,2018-01-13T21:00Z,final,2466,2000,N'Western St,Abilene Chrstn,58,69,,,,0,,,,,,,,,,2,,0,Natchitoches,LA,1,36,,,,-6.0,"30,28","28,41",,,,,,,,
ncaab:400989029,ncaab,2018-01-13T21:00Z,final,2447,2110,Nicholls,C Arkansas,86,79,,,,0,,,,,,,,,,2,,0,Thibodaux,LA,1,4,,,,-6.0,"39,47","45,34",,,,,,,,
ncaab:400989697,ncaab,2018-01-13T21:00Z,final,2350,71,Loyola Chicago,Bradley,81,65,,,,0,,,,,,,,,,2,,0,Chicago,IL,1,179,,,,-6.0,"39,42","24,41",,,,,,,,
ncaab:400990656,ncaab,2018-01-13T21:00Z,final,2547,140,Seattle U,Kansas City,77,75,,,,0,,,,,,,,,,2,,0,Seattle,WA,1,56,,,,-8.0,"38,39","34,41",,,,,,,,
ncaab:400990809,ncaab,2018-01-13T21:00Z,final,2597,2529,St Francis BK,Sacred Heart,52,92,,,,0,,,,,,,,,,2,,0,Brooklyn,NY,1,15,,,,-5.0,"21,31","47,45",,,,,,,,
ncaab:400991295,ncaab,2018-01-13T21:00Z,final,2458,304,N Colorado,Idaho St,94,80,,,,0,,,,,,,,,,2,,0,Greeley,CO,1,1425,,,,-7.0,"37,57","31,49",,,,,,,,
ncaab:400991296,ncaab,2018-01-13T21:00Z,final,253,2464,Southern Utah,N Arizona,81,75,,,,0,,,,,,,,,,2,,0,Cedar City,UT,1,1782,,,,-7.0,"38,43","36,39",,,,,,,,
ncaab:400991297,ncaab,2018-01-13T21:00Z,final,2502,149,Portland St,Montana,89,92,,,,0,,,,,,,,,,2,,0,Portland,OR,1,12,,,,-8.0,"48,41","42,50",,,,,,,,
ncaab:400991402,ncaab,2018-01-13T21:00Z,final,256,48,James Madison,Delaware,60,61,,,,0,,,,,,,,,,2,,0,Harrisonburg,VA,1,404,,,,-5.0,"28,32","27,34",,,,,,,,
ncaab:400991421,ncaab,2018-01-13T21:00Z,final,2182,2275,Drexel,Hofstra,86,91,,,,0,,,,,,,,,,2,,0,Philadelphia,PA,1,12,,,,-5.0,"40,46","45,46",,,,,,,,
ncaab:400991506,ncaab,2018-01-13T21:00Z,final,2729,119,William & Mary,Towson,73,99,,,,0,,,,,,,,,,2,,0,Williamsburg,VA,1,25,,,,-5.0,"43,30","49,50",,,,,,,,
ncaab:400991733,ncaab,2018-01-13T21:00Z,final,2751,36,Wyoming,Colorado St,73,78,,,,0,,,,,,,,,,2,,0,Laramie,WY,1,2184,,,,-7.0,"29,44","30,48",,,,,,,,
ncaab:400991948,ncaab,2018-01-13T21:00Z,final,56,2908,Stetson,SC Upstate,87,69,,,,0,,,,,,,,,,2,,0,DeLand,FL,1,12,,,,-5.0,"46,41","33,36",,,,,,,,
ncaab:400992707,ncaab,2018-01-13T21:00Z,final,2065,50,Bethune,Florida A&M,99,81,,,,0,,,,,,,,,,2,,0,Daytona Beach,FL,1,4,,,,-5.0,"50,49","33,48",,,,,,,,
ncaab:400992724,ncaab,2018-01-13T21:00Z,final,2428,2154,NC Central,Coppin St,81,61,,,,0,,,,,,,,,,2,,0,Durham,NC,1,123,,,,-5.0,"34,47","26,35",,,,,,,,
ncaab:400992770,ncaab,2018-01-13T21:00Z,final,2569,47,SC State,Howard,91,88,,,,0,,,,,,,,,,2,,0,Orangeburg,SC,1,74,,,,-5.0,"30,46,15","42,34,12",,,,,,,,
ncaab:400992784,ncaab,2018-01-13T21:00Z,final,2448,2415,NC A&T,Morgan St,69,67,,,,0,,,,,,,,,,2,,0,Greensboro,NC,1,266,,,,-5.0,"37,32","37,30",,,,,,,,
ncaab:400992918,ncaab,2018-01-13T21:00Z,final,2029,2582,AR-Pine Bluff,Southern,78,76,,,,0,,,,,,,,,,2,,0,Pine Bluff,AR,1,67,,,,-6.0,"33,35,10","40,28,8",,,,,,,,
ncaab:400990452,ncaab,2018-01-13T21:05Z,final,6,2653,South Alabama,Troy,64,79,,,,0,,,,,,,,,,2,,0,Mobile,AL,1,3,,,,-6.0,"31,33","37,42",,,,,,,,
ncaab:400990978,ncaab,2018-01-13T21:15Z,final,2197,2057,E Illinois,Belmont,66,75,,,,0,,,,,,,,,,2,,0,Charleston,IL,1,204,,,,-6.0,"29,37","36,39",,,,,,,,
ncaab:400989909,ncaab,2018-01-13T21:30Z,final,257,45,Richmond,G Washington,78,68,,,,0,,,,,,,,,,2,,0,Richmond,VA,1,64,,,,-5.0,"34,44","32,36",,,,,,,,
ncaab:400990212,ncaab,2018-01-13T21:30Z,final,2117,2649,C Michigan,Toledo,82,93,,,,0,,,,,,,,,,2,,0,Mount Pleasant,MI,1,235,,,,-5.0,"39,43","45,48",,,,,,,,
ncaab:400990213,ncaab,2018-01-13T21:30Z,final,2711,2050,W Michigan,Ball State,73,58,,,,0,,,,,,,,,,2,,0,Kalamazoo,MI,1,239,,,,-5.0,"36,37","25,33",,,,,,,,
ncaab:400990214,ncaab,2018-01-13T21:30Z,final,2459,2199,N Illinois,E Michigan,72,66,,,,0,,,,,,,,,,2,,0,Dekalb,IL,1,268,,,,-6.0,"27,45","33,33",,,,,,,,
ncaab:400990806,ncaab,2018-01-13T21:30Z,final,161,2523,FDU,Robert Morris,75,81,,,,0,,,,,,,,,,2,,0,Hackensack,NJ,1,6,,,,-5.0,"37,38","35,46",,,,,,,,
ncaab:400990807,ncaab,2018-01-13T21:30Z,final,112358,2681,Long Island,Wagner,69,67,,,,0,,,,,,,,,,2,,0,Brooklyn,NY,1,15,,,,-5.0,"36,33","32,35",,,,,,,,
ncaab:400989233,ncaab,2018-01-13T22:00Z,final,197,251,Oklahoma St,Texas,65,64,,,,0,,,,,,,,,,2,,0,Stillwater,OK,1,273,,,,-6.0,"25,40","32,32",,,,,,,,
ncaab:400989694,ncaab,2018-01-13T22:00Z,final,2181,339,Drake,Evansville,81,65,,,,0,,,,,,,,,,2,,0,Des Moines,IA,1,266,,,,-6.0,"46,35","29,36",,,,,,,,
ncaab:400991692,ncaab,2018-01-13T22:00Z,final,23,2005,San José St,Air Force,71,78,,,,0,,,,,,,,,,2,,0,San Jose,CA,1,26,,,,-8.0,"34,37","40,38",,,,,,,,
ncaab:400992611,ncaab,2018-01-13T22:00Z,final,5,2348,UAB,Louisiana Tech,74,62,,,,0,,,,,,,,,,2,,0,Birmingham,AL,1,187,,,,-6.0,"39,35","40,22",,,,,,,,
ncaab:400992870,ncaab,2018-01-13T22:00Z,final,2400,2016,Miss Valley St,Alcorn St,63,77,,,,0,,,,,,,,,,2,,0,Itta Bena,MS,1,40,,,,-6.0,"29,34","43,34",,,,,,,,
ncaab:400989025,ncaab,2018-01-13T22:15Z,final,2443,357,LSU N Orleans,Texas A&M-CC,61,55,,,,0,,,,,,,,,,2,,0,New Orleans,LA,1,0,,,,-6.0,"22,39","16,39",,,,,,,,
ncaab:400990974,ncaab,2018-01-13T22:15Z,final,2546,2198,SE Missouri,E Kentucky,86,91,,,,0,,,,,,,,,,2,,0,Cape Girardeau,MO,1,108,,,,-6.0,"36,50","44,47",,,,,,,,
ncaab:400990975,ncaab,2018-01-13T22:30Z,final,55,2046,Jax State,Austin Peay,67,87,,,,0,,,,,,,,,,2,,0,Jacksonville,AL,1,216,,,,-6.0,"25,42","48,39",,,,,,,,
ncaab:400986202,ncaab,2018-01-13T23:00Z,final,87,153,Notre Dame,North Carolina,68,69,,,,0,,,,,,,,,,2,,0,South Bend,IN,1,211,,,,-5.0,"37,31","40,29",,,,,,,,
ncaab:400987306,ncaab,2018-01-13T23:00Z,final,2633,245,Tennessee,Texas A&M,75,62,,,,0,,,,,,,,,,2,,0,Knoxville,TN,1,276,,,,-5.0,"36,39","28,34",,,,,,,,
ncaab:400987307,ncaab,2018-01-13T23:00Z,final,8,142,Arkansas,Missouri,65,63,,,,0,,,,,,,,,,2,,0,Fayetteville,AR,1,427,,,,-6.0,"35,30","28,35",,,,,,,,
ncaab:400988316,ncaab,2018-01-13T23:00Z,final,9,204,Arizona St,Oregon St,77,75,,,,0,,,,,,,,,,2,,0,Tempe,AZ,1,360,,,,-7.0,"33,44","34,41",,,,,,,,
ncaab:400989026,ncaab,2018-01-13T23:00Z,final,2545,2377,SE Louisiana,McNeese,62,71,,,,0,,,,,,,,,,2,,0,Hammond,LA,1,13,,,,-6.0,"29,33","36,35",,,,,,,,
ncaab:400989695,ncaab,2018-01-13T23:00Z,final,79,2287,S Illinois,Illinois St,74,70,,,,0,,,,,,,,,,2,,0,Carbondale,IL,1,126,,,,-6.0,"27,47","30,40",,,,,,,,
ncaab:400990453,ncaab,2018-01-13T23:00Z,final,2031,326,Little Rock,Texas St,70,72,,,,0,,,,,,,,,,2,,0,Little Rock,AR,1,102,,,,-6.0,"32,38","33,39",,,,,,,,
ncaab:400991887,ncaab,2018-01-13T23:00Z,final,294,288,Jacksonville,Lipscomb,87,69,,,,0,,,,,,,,,,2,,0,Jacksonville,FL,1,5,,,,-5.0,"47,40","27,42",,,,,,,,
ncaab:400992608,ncaab,2018-01-13T23:00Z,final,2393,2572,MTSU,Southern Miss,69,49,,,,0,,,,,,,,,,2,,0,Murfreesboro,TN,1,186,,,,-6.0,"30,39","24,25",,,,,,,,
ncaab:400992830,ncaab,2018-01-13T23:00Z,final,2011,2010,Alabama St,Alabama A&M,70,67,,,,0,,,,,,,,,,2,,0,Montgomery,AL,1,73,,,,-6.0,"48,22","28,39",,,,,,,,
ncaab:400992929,ncaab,2018-01-13T23:00Z,final,2542,2379,Savannah St,MD Eastern,87,59,,,,0,,,,,,,,,,2,,0,Savannah,GA,1,6,,,,-5.0,"35,52","34,25",,,,,,,,
ncaab:400992882,ncaab,2018-01-13T23:30Z,final,2755,2504,Grambling,Prairie View,80,71,,,,0,,,,,,,,,,2,,0,Grambling,LA,1,93,,,,-6.0,"38,42","31,40",,,,,,,,
ncaab:400992923,ncaab,2018-01-13T23:30Z,final,2296,2640,Jackson St,Texas Southern,85,80,,,,0,,,,,,,,,,2,,0,Jackson,MS,1,85,,,,-6.0,"31,39,15","43,27,10",,,,,,,,
ncaab:400988064,ncaab,2018-01-14T00:00Z,final,58,2132,South Florida,Cincinnati,55,78,,,,0,,,,,,,,,,2,,0,Tampa,FL,1,1,,,,-5.0,"33,22","35,43",,,,,,,,
ncaab:400988761,ncaab,2018-01-14T00:00Z,final,2747,231,Wofford,Furman,79,70,,,,0,,,,,,,,,,2,,0,Spartanburg,SC,1,246,,,,-5.0,"41,38","38,32",,,,,,,,
ncaab:400989027,ncaab,2018-01-14T00:00Z,final,2617,2916,SF Austin,Incarnate Word,83,63,,,,0,,,,,,,,,,2,,0,Nacogdoches,TX,1,92,,,,-6.0,"42,41","31,32",,,,,,,,
ncaab:400989382,ncaab,2018-01-14T00:00Z,final,2870,2437,Purdue FW,Omaha,82,78,,,,0,,,,,,,,,,2,,0,Fort Wayne,IN,1,247,,,,-5.0,"37,45","41,37",,,,,,,,
ncaab:400990578,ncaab,2018-01-14T00:00Z,final,2210,232,Elon,Charleston,63,58,,,,0,,,,,,,,,,2,,0,Elon,NC,1,215,,,,-5.0,"26,37","31,27",,,,,,,,
ncaab:400990977,ncaab,2018-01-14T00:00Z,final,2630,2413,UT Martin,Morehead St,67,71,,,,0,,,,,,,,,,2,,0,Martin,TN,1,124,,,,-6.0,"29,38","38,33",,,,,,,,
ncaab:400991141,ncaab,2018-01-14T00:00Z,final,2368,2217,Marist,Fairfield,95,89,,,,0,,,,,,,,,,2,,0,Poughkeepsie,NY,1,62,,,,-5.0,"45,35,15","37,43,9",,,,,,,,
ncaab:400991142,ncaab,2018-01-14T00:00Z,final,2363,2561,Manhattan,Siena,72,61,,,,0,,,,,,,,,,2,,0,Riverdale,NY,1,159,,,,-8.0,"30,42","26,35",,,,,,,,
ncaab:400991482,ncaab,2018-01-14T00:00Z,final,350,111,UNC Wilmington,Northeastern,77,81,,,,0,,,,,,,,,,2,,0,Wilmington,NC,1,9,,,,-5.0,"28,40,9","33,35,13",,,,,,,,
ncaab:400991616,ncaab,2018-01-14T00:00Z,final,219,171,Penn,Columbia,77,71,,,,0,,,,,,,,,,2,,0,Philadelphia,PA,1,12,,,,-5.0,"33,44","28,43",,,,,,,,
ncaab:400991632,ncaab,2018-01-14T00:00Z,final,163,172,Princeton,Cornell,91,54,,,,0,,,,,,,,,,2,,0,Princeton,NJ,1,62,,,,-5.0,"53,38","19,35",,,,,,,,
ncaab:400991751,ncaab,2018-01-14T00:00Z,final,278,167,Fresno St,New Mexico,89,80,,,,0,,,,,,,,,,2,,0,Fresno,CA,1,94,,,,-8.0,"42,47","40,40",,,,,,,,
ncaab:400991862,ncaab,2018-01-14T00:00Z,final,526,2885,FGCU,NJIT,68,54,,,,0,,,,,,,,,,2,,0,Fort Myers,FL,1,3,,,,-5.0,"36,32","28,26",,,,,,,,
ncaab:400991901,ncaab,2018-01-14T00:00Z,final,2454,338,North Florida,Kennesaw St,85,78,,,,0,,,,,,,,,,2,,0,Jacksonville,FL,1,5,,,,-5.0,"35,50","34,44",,,,,,,,
ncaab:400992607,ncaab,2018-01-14T00:00Z,final,295,276,Old Dominion,Marshall,82,76,,,,0,,,,,,,,,,2,,0,Norfolk,VA,1,2,,,,-5.0,"40,42","26,50",,,,,,,,
ncaab:400992609,ncaab,2018-01-14T00:00Z,final,2429,98,Charlotte,Western KY,63,73,,,,0,,,,,,,,,,2,,0,Charlotte,NC,1,229,,,,-5.0,"20,43","28,45",,,,,,,,
ncaab:400989028,ncaab,2018-01-14T00:15Z,final,2534,2277,Sam Houston,Hou Christian,81,68,,,,0,,,,,,,,,,2,,0,Huntsville,TX,1,113,,,,-6.0,"39,42","35,33",,,,,,,,
ncaab:400988065,ncaab,2018-01-14T00:30Z,final,202,2724,Tulsa,Wichita St,69,72,,,,0,,,,,,,,,,2,,0,Tulsa,OK,1,220,,,,-6.0,"32,37","36,36",,,,,,,,
ncaab:400988757,ncaab,2018-01-14T00:30Z,final,2717,2430,W Carolina,UNC Greensboro,55,66,,,,0,,,,,,,,,,2,,0,Cullowhee,NC,1,645,,,,-5.0,"24,31","24,42",,,,,,,,
ncaab:400986966,ncaab,2018-01-14T01:00Z,final,2492,2608,Pepperdine,Saint Mary's,67,91,,,,0,,,,,,,,,,2,,0,Malibu,CA,1,32,,,,-8.0,"32,35","47,44",,,,,,,,
ncaab:400988317,ncaab,2018-01-14T01:00Z,final,264,24,Washington,Stanford,64,73,,,,0,,,,,,,,,,2,,0,Seattle,WA,1,56,,,,-8.0,"33,31","35,38",,,,,,,,
ncaab:400988574,ncaab,2018-01-14T01:00Z,final,2599,222,St John's,Villanova,71,78,,,,0,,,,,,,,,,2,,0,New York,NY,1,10,,,,-5.0,"27,44","34,44",,,,,,,,
ncaab:400989383,ncaab,2018-01-14T01:00Z,final,2710,110436,W Illinois,Oak Hills Chrs,107,45,,,,0,,,,,,,,,,2,,0,Macomb,IL,1,215,,,,-6.0,"46,61","26,19",,,,,,,,
ncaab:400989696,ncaab,2018-01-14T01:00Z,final,2460,2674,Northern Iowa,Valparaiso,81,76,,,,0,,,,,,,,,,2,,0,Cedar Falls,IA,1,268,,,,-6.0,"32,49","21,55",,,,,,,,
ncaab:400990454,ncaab,2018-01-14T01:00Z,final,2032,250,Arkansas St,UT Arlington,71,97,,,,0,,,,,,,,,,2,,0,Jonesboro,AR,1,99,,,,-6.0,"31,40","54,43",,,,,,,,
ncaab:400990455,ncaab,2018-01-14T01:00Z,final,309,2433,Louisiana,UL Monroe,82,48,,,,0,,,,,,,,,,2,,0,Lafayette,LA,1,11,,,,-6.0,"33,49","15,33",,,,,,,,
ncaab:400990979,ncaab,2018-01-14T01:00Z,final,2565,2634,SIUE,Tennessee St,82,79,,,,0,,,,,,,,,,2,,0,Edwardsville,IL,1,165,,,,-6.0,"38,44","37,42",,,,,,,,
ncaab:400991770,ncaab,2018-01-14T01:00Z,final,2440,328,Nevada,Utah State,83,57,,,,0,,,,,,,,,,2,,0,Reno,NV,1,1373,,,,-8.0,"50,33","26,31",,,,,,,,
ncaab:400987312,ncaab,2018-01-14T01:30Z,final,99,333,LSU,Alabama,66,74,,,,0,,,,,,,,,,2,,0,Baton Rouge,LA,1,14,,,,-6.0,"30,36","32,42",,,,,,,,
ncaab:400990976,ncaab,2018-01-14T01:30Z,final,2635,93,Tennessee Tech,Murray St,45,71,,,,0,,,,,,,,,,2,,0,Cookeville,TN,1,334,,,,-6.0,"23,22","37,34",,,,,,,,
ncaab:400990657,ncaab,2018-01-14T02:00Z,final,2253,292,Grand Canyon,UT Rio Grande,84,71,,,,0,,,,,,,,,,2,,0,Phoenix,AZ,1,331,,,,-7.0,"39,45","29,42",,,,,,,,
ncaab:400990658,ncaab,2018-01-14T02:00Z,final,3084,2130,Utah Valley,Chicago St,83,58,,,,0,,,,,,,,,,2,,0,Orem,UT,1,1455,,,,-7.0,"37,46","28,30",,,,,,,,
ncaab:400992450,ncaab,2018-01-14T02:00Z,final,2239,302,Fullerton,UC Davis,85,70,,,,0,,,,,,,,,,2,,0,Fullerton,CA,1,50,,,,-8.0,"48,37","37,33",,,,,,,,
ncaab:400992499,ncaab,2018-01-14T02:00Z,final,27,299,UC Riverside,Long Beach St,68,75,,,,0,,,,,,,,,,2,,0,Riverside,CA,1,252,,,,-8.0,"29,39","37,38",,,,,,,,
ncaab:400992606,ncaab,2018-01-14T02:00Z,final,2638,2229,UTEP,FIU,72,68,,,,0,,,,,,,,,,2,,0,El Paso,TX,1,1133,,,,-7.0,"30,42","18,50",,,,,,,,
ncaab:400986892,ncaab,2018-01-14T02:30Z,final,2539,2250,San Francisco,Gonzaga,65,75,,,,0,,,,,,,,,,2,,0,San Francisco,CA,1,16,,,,-8.0,"30,35","41,34",,,,,,,,
ncaab:400986864,ncaab,2018-01-14T03:00Z,final,2541,252,Santa Clara,BYU,50,84,,,,0,,,,,,,,,,2,,0,Santa Clara,CA,1,23,,,,-8.0,"28,22","46,38",,,,,,,,
ncaab:400986917,ncaab,2018-01-14T03:00Z,final,301,2351,San Diego,LMU,75,71,,,,0,,,,,,,,,,2,,0,San Diego,CA,1,20,,,,-8.0,"36,39","30,41",,,,,,,,
ncaab:400986942,ncaab,2018-01-14T03:00Z,final,2501,279,Portland,Pacific,54,66,,,,0,,,,,,,,,,2,,0,Portland,OR,1,12,,,,-8.0,"29,25","31,35",,,,,,,,
ncaab:400990659,ncaab,2018-01-14T03:00Z,final,2934,166,Bakersfield,New Mexico St,53,66,,,,0,,,,,,,,,,2,,0,Bakersfield,CA,1,123,,,,-8.0,"25,28","26,40",,,,,,,,
ncaab:400991714,ncaab,2018-01-14T03:00Z,final,68,21,Boise St,San Diego St,83,80,,,,0,,,,,,,,,,2,,0,Boise,ID,1,823,,,,-7.0,"40,43","34,46",,,,,,,,
ncaab:400992470,ncaab,2018-01-14T03:00Z,final,2463,300,CSU Northridge,UC Irvine,54,71,,,,0,,,,,,,,,,2,,0,Northridge,CA,1,246,,,,-8.0,"30,24","38,33",,,,,,,,
ncaab:400991293,ncaab,2018-01-14T03:05Z,final,16,147,Sacramento St,Montana St,87,68,,,,0,,,,,,,,,,2,,0,Sacramento,CA,1,9,,,,-8.0,"41,46","40,28",,,,,,,,
ncaab:400988318,ncaab,2018-01-14T03:30Z,final,26,38,UCLA,Colorado,59,68,,,,0,,,,,,,,,,2,,0,Los Angeles,CA,1,89,,,,-8.0,"29,30","39,29",,,,,,,,
ncaab:400992488,ncaab,2018-01-14T06:00Z,final,62,2540,Hawai'i,Santa Barbara,77,76,,,,0,,,,,,,,,,2,,0,Honolulu,HI,1,5,,,,-10.0,"42,35","33,43",,,,,,,,
ncaab:400991145,ncaab,2018-01-14T18:00Z,final,314,2520,Iona,Rider,91,64,,,,0,,,,,,,,,,2,,0,New Rochelle,NY,1,26,,,,-5.0,"44,47","40,24",,,,,,,,
ncaab:400992001,ncaab,2018-01-14T18:05Z,final,107,104,Holy Cross,Boston U,40,54,,,,0,,,,,,,,,,2,,0,Worcester,MA,1,147,,,,-5.0,"23,17","25,29",,,,,,,,
ncaab:400988066,ncaab,2018-01-14T19:00Z,final,151,248,East Carolina,Houston,49,65,,,,0,,,,,,,,,,2,,0,Greenville,NC,1,18,,,,-5.0,"17,32","36,29",,,,,,,,
ncaab:400991143,ncaab,2018-01-14T19:00Z,final,315,2612,Niagara,Saint Peter's,73,70,,,,0,,,,,,,,,,2,,0,Niagara Falls,NY,1,187,,,,-5.0,"33,40","26,44",,,,,,,,
ncaab:400991144,ncaab,2018-01-14T19:00Z,final,2099,2405,Canisius,Monmouth,94,79,,,,0,,,,,,,,,,2,,0,Buffalo,NY,1,183,,,,-5.0,"43,51","45,34",,,,,,,,
ncaab:400991965,ncaab,2018-01-14T19:00Z,final,2329,44,Lehigh,American,76,66,,,,0,,,,,,,,,,2,,0,Bethlehem,PA,1,109,,,,-5.0,"35,41","23,43",,,,,,,,
ncaab:400992043,ncaab,2018-01-14T19:00Z,final,2352,322,Loyola MD,Lafayette,83,77,,,,0,,,,,,,,,,2,,0,Baltimore,MD,1,10,,,,-5.0,"37,46","38,39",,,,,,,,
ncaab:400991983,ncaab,2018-01-14T19:30Z,final,2426,349,Navy,Army,62,64,,,,0,,,,,,,,,,2,,0,Annapolis,MD,1,12,,,,-5.0,"23,39","35,29",,,,,,,,
ncaab:400989698,ncaab,2018-01-14T20:00Z,final,2623,282,Missouri St,Indiana St,76,73,,,,0,,,,,,,,,,2,,0,Springfield,MO,1,396,,,,-6.0,"40,36","30,43",,,,,,,,
ncaab:400989786,ncaab,2018-01-14T20:00Z,final,2230,2166,Fordham,Davidson,45,75,,,,0,,,,,,,,,,2,,0,Bronx,NY,1,28,,,,-5.0,"26,19","37,38",,,,,,,,
ncaab:400986507,ncaab,2018-01-14T21:30Z,final,84,77,Indiana,Northwestern,66,46,,,,0,,,,,,,,,,2,,0,Bloomington,IN,1,235,,,,-5.0,"24,42","19,27",,,,,,,,
ncaab:400989968,ncaab,2018-01-14T22:00Z,final,113,2603,UMass,Saint Joseph's,72,69,,,,0,,,,,,,,,,2,,0,Amherst,MA,1,82,,,,-5.0,"25,47","37,32",,,,,,,,
ncaab:400986204,ncaab,2018-01-14T23:00Z,final,258,152,Virginia,NC State,68,51,,,,0,,,,,,,,,,2,,0,Charlottesville,VA,1,142,,,,-5.0,"30,38","20,31",,,,,,,,
ncaab:400986506,ncaab,2018-01-15T00:00Z,final,164,194,Rutgers,Ohio State,46,68,,,,0,,,,,,,,,,2,,0,Piscataway,NJ,1,30,,,,-5.0,"15,31","28,40",,,,,,,,
ncaab:400988319,ncaab,2018-01-15T01:00Z,final,30,254,USC,Utah,84,67,,,,0,,,,,,,,,,2,,0,Los Angeles,CA,1,89,,,,-8.0,"46,38","22,45",,,,,,,,
ncaab:400999895,ncaab,2018-01-15T19:30Z,final,2349,160,UMass Lowell,New Hampshire,62,74,,,,0,,,,,,,,,,2,,0,Lowell,MA,1,36,,,,-5.0,"26,36","41,33",,,,,,,,
ncaab:400991957,ncaab,2018-01-15T21:00Z,final,56,2065,Stetson,Bethune,62,74,,,,0,,,,,,,,,,2,,0,DeLand,FL,1,12,,,,-5.0,"24,38","34,40",,,,,,,,
ncaab:400992190,ncaab,2018-01-15T21:00Z,final,2750,2754,Wright St,Youngstown St,77,67,,,,0,,,,,,,,,,2,,0,Dayton,OH,1,225,,,,-5.0,"35,42","38,29",,,,,,,,
ncaab:400992785,ncaab,2018-01-15T21:00Z,final,2428,2415,NC Central,Morgan St,77,63,,,,0,,,,,,,,,,2,,0,Durham,NC,1,123,,,,-5.0,"39,38","32,31",,,,,,,,
ncaab:400988575,ncaab,2018-01-15T21:30Z,final,2507,2086,Providence,Butler,70,60,,,,0,,,,,,,,,,2,,0,Providence,RI,1,2,,,,-5.0,"25,45","29,31",,,,,,,,
ncaab:400992871,ncaab,2018-01-15T22:00Z,final,2029,2016,AR-Pine Bluff,Alcorn St,71,59,,,,0,,,,,,,,,,2,,0,Pine Bluff,AR,1,67,,,,-6.0,"30,41","26,33",,,,,,,,
ncaab:400991519,ncaab,2018-01-15T23:00Z,final,2378,42,UMBC,Hartford,78,56,,,,0,,,,,,,,,,2,,0,Baltimore,MD,1,10,,,,-5.0,"31,47","20,36",,,,,,,,
ncaab:400992741,ncaab,2018-01-15T23:20Z,final,50,2169,Florida A&M,Delaware St,94,89,,,,0,,,,,,,,,,2,,0,Tallahassee,FL,1,62,,,,-5.0,"29,40,11,14","35,34,11,9",,,,,,,,
ncaab:400986508,ncaab,2018-01-15T23:30Z,final,130,120,Michigan,Maryland,68,67,,,,0,,,,,,,,,,2,,0,Ann Arbor,MI,1,269,,,,-5.0,"20,48","30,37",,,,,,,,
ncaab:400986205,ncaab,2018-01-16T00:00Z,final,2390,150,Miami,Duke,75,83,,,,0,,,,,,,,,,2,,0,Coral Gables,FL,1,3,,,,-5.0,"40,35","42,41",,,,,,,,
ncaab:400986206,ncaab,2018-01-16T00:00Z,final,103,52,Boston College,Florida St,81,75,,,,0,,,,,,,,,,2,,0,Chestnut Hill,MA,1,60,,,,-5.0,"41,40","25,50",,,,,,,,
ncaab:400986510,ncaab,2018-01-16T00:00Z,final,213,135,Penn State,Minnesota,84,95,,,,0,,,,,,,,,,2,,0,University Park,PA,1,348,,,,-5.0,"37,37,10","41,33,21",,,,,,,,
ncaab:400988762,ncaab,2018-01-16T00:00Z,final,2717,2678,W Carolina,VMI,65,58,,,,0,,,,,,,,,,2,,0,Cullowhee,NC,1,645,,,,-5.0,"31,34","26,32",,,,,,,,
ncaab:400988763,ncaab,2018-01-16T00:00Z,final,2382,236,Mercer,Chattanooga,75,71,,,,0,,,,,,,,,,2,,0,Macon,GA,1,112,,,,-5.0,"28,38,9","30,36,5",,,,,,,,
ncaab:400990002,ncaab,2018-01-16T00:00Z,final,2066,399,Binghamton,UAlbany,79,66,,,,0,,,,,,,,,,2,,0,Binghamton,NY,1,264,,,,-5.0,"29,50","28,38",,,,,,,,
ncaab:400991536,ncaab,2018-01-16T00:00Z,final,261,311,Vermont,Maine,83,62,,,,0,,,,,,,,,,2,,0,Burlington,VT,1,61,,,,-5.0,"37,46","25,37",,,,,,,,
ncaab:400992012,ncaab,2018-01-16T00:00Z,final,2142,2083,Colgate,Bucknell,51,63,,,,0,,,,,,,,,,2,,0,Hamilton,NY,1,181,,,,-5.0,"25,26","23,40",,,,,,,,
ncaab:400992276,ncaab,2018-01-16T00:00Z,final,2344,2097,Longwood,Campbell,76,62,,,,0,,,,,,,,,,2,,0,Farmville,VA,1,90,,,,-5.0,"31,45","27,35",,,,,,,,
ncaab:400992298,ncaab,2018-01-16T00:00Z,final,2427,2127,UNC Asheville,Charleston So,83,73,,,,0,,,,,,,,,,2,,0,Asheville,NC,1,649,,,,-5.0,"47,36","42,31",,,,,,,,
ncaab:400992317,ncaab,2018-01-16T00:00Z,final,2737,2241,Winthrop,Gardner-Webb,90,67,,,,0,,,,,,,,,,2,,0,Rock Hill,SC,1,207,,,,-5.0,"38,52","30,37",,,,,,,,
ncaab:400992332,ncaab,2018-01-16T00:00Z,final,2272,2506,High Point,Presbyterian,73,49,,,,0,,,,,,,,,,2,,0,High Point,NC,1,281,,,,-5.0,"35,38","22,27",,,,,,,,
ncaab:400992350,ncaab,2018-01-16T00:00Z,final,2515,2335,Radford,Liberty,59,57,,,,0,,,,,,,,,,2,,0,Radford,VA,1,567,,,,-5.0,"18,34,7","25,27,5",,,,,,,,
ncaab:400992795,ncaab,2018-01-16T00:00Z,final,2450,2207,Norfolk St,Elizabeth City,67,76,,,,0,,,,,,,,,,2,,0,Norfolk,VA,1,2,,,,-5.0,"39,28","36,40",,,,,,,,
ncaab:400992090,ncaab,2018-01-16T00:30Z,final,94,325,N Kentucky,Cleveland St,70,55,,,,0,,,,,,,,,,2,,0,Highland Heights,KY,1,260,,,,-5.0,"37,33","21,34",,,,,,,,
ncaab:400992725,ncaab,2018-01-16T00:30Z,final,2448,2154,NC A&T,Coppin St,60,47,,,,0,,,,,,,,,,2,,0,Greensboro,NC,1,266,,,,-5.0,"27,33","21,26",,,,,,,,
ncaab:400992944,ncaab,2018-01-16T00:30Z,final,2569,2379,SC State,MD Eastern,66,62,,,,0,,,,,,,,,,2,,0,Orangeburg,SC,1,74,,,,-5.0,"25,41","32,30",,,,,,,,
ncaab:400992130,ncaab,2018-01-16T01:00Z,final,2739,270,Green Bay,Milwaukee,99,92,,,,0,,,,,,,,,,2,,0,Ashwaubenon,WI,1,185,,,,-6.0,"48,35,16","49,34,9",,,,,,,,
ncaab:400992170,ncaab,2018-01-16T01:00Z,final,82,2473,UIC,Oakland,68,78,,,,0,,,,,,,,,,2,,0,Chicago,IL,1,179,,,,-6.0,"40,28","44,34",,,,,,,,
ncaab:400992771,ncaab,2018-01-16T01:00Z,final,2542,47,Savannah St,Howard,91,90,,,,0,,,,,,,,,,2,,0,Savannah,GA,1,6,,,,-5.0,"53,38","49,41",,,,,,,,
ncaab:400992883,ncaab,2018-01-16T01:30Z,final,2755,2640,Grambling,Texas Southern,79,78,,,,0,,,,,,,,,,2,,0,Grambling,LA,1,93,,,,-6.0,"39,40","42,36",,,,,,,,
ncaab:400992896,ncaab,2018-01-16T01:30Z,final,2400,2582,Miss Valley St,Southern,70,78,,,,0,,,,,,,,,,2,,0,Itta Bena,MS,1,40,,,,-6.0,"33,28,9","33,28,17",,,,,,,,
ncaab:400992908,ncaab,2018-01-16T01:30Z,final,2296,2504,Jackson St,Prairie View,79,71,,,,0,,,,,,,,,,2,,0,Jackson,MS,1,85,,,,-6.0,"40,39","33,38",,,,,,,,
ncaab:400986509,ncaab,2018-01-16T02:00Z,final,158,356,Nebraska,Illinois,64,63,,,,0,,,,,,,,,,2,,0,Lincoln,NE,1,367,,,,-6.0,"32,32","30,33",,,,,,,,
ncaab:400988576,ncaab,2018-01-16T02:00Z,final,269,305,Marquette,DePaul,70,52,,,,0,,,,,,,,,,2,,0,Milwaukee,WI,1,188,,,,-6.0,"41,29","21,31",,,,,,,,
ncaab:400989138,ncaab,2018-01-16T02:00Z,final,239,197,Baylor,Oklahoma St,76,60,,,,0,,,,,,,,,,2,,0,Waco,TX,1,143,,,,-6.0,"26,50","27,33",,,,,,,,
ncaab:400989184,ncaab,2018-01-16T02:00Z,final,277,2305,West Virginia,Kansas,66,71,,,,0,,,,,,,,,,2,,0,Morgantown,WV,1,271,,,,-5.0,"41,25","28,43",,,,,,,,
ncaab:400986207,ncaab,2018-01-17T00:00Z,final,87,97,Notre Dame,Louisville,78,82,,,,0,,,,,,,,,,2,,0,South Bend,IN,1,211,,,,-5.0,"28,34,9,7","30,32,9,11",,,,,,,,
ncaab:400986208,ncaab,2018-01-17T00:00Z,final,153,228,North Carolina,Clemson,87,79,,,,0,,,,,,,,,,2,,0,Chapel Hill,NC,1,148,,,,-5.0,"38,49","23,56",,,,,,,,
ncaab:400986511,ncaab,2018-01-17T00:00Z,final,2509,275,Purdue,Wisconsin,78,50,,,,0,,,,,,,,,,2,,0,West Lafayette,IN,1,186,,,,-5.0,"39,39","22,28",,,,,,,,
ncaab:400987314,ncaab,2018-01-17T00:00Z,final,99,61,LSU,Georgia,60,61,,,,0,,,,,,,,,,2,,0,Baton Rouge,LA,1,14,,,,-6.0,"34,26","24,37",,,,,,,,
ncaab:400987316,ncaab,2018-01-17T00:00Z,final,344,238,Mississippi St,Vanderbilt,80,62,,,,0,,,,,,,,,,2,,0,Starkville,MS,1,101,,,,-6.0,"37,43","25,37",,,,,,,,
ncaab:400988067,ncaab,2018-01-17T00:00Z,final,2116,2132,UCF,Cincinnati,38,49,,,,0,,,,,,,,,,2,,0,Orlando,FL,1,30,,,,-5.0,"19,19","15,34",,,,,,,,
ncaab:400990215,ncaab,2018-01-17T00:00Z,final,2199,2006,E Michigan,Akron,63,49,,,,0,,,,,,,,,,2,,0,Ypsilanti,MI,1,219,,,,-5.0,"34,29","27,22",,,,,,,,
ncaab:400990216,ncaab,2018-01-17T00:00Z,final,195,2649,Ohio,Toledo,57,91,,,,0,,,,,,,,,,2,,0,Athens,OH,1,219,,,,-5.0,"25,32","44,47",,,,,,,,
ncaab:400990217,ncaab,2018-01-17T00:00Z,final,2050,2117,Ball State,C Michigan,82,76,,,,0,,,,,,,,,,2,,0,Muncie,IN,1,284,,,,-5.0,"37,45","31,45",,,,,,,,
ncaab:400990218,ncaab,2018-01-17T00:00Z,final,2084,2459,Buffalo,N Illinois,95,67,,,,0,,,,,,,,,,2,,0,Buffalo,NY,1,183,,,,-5.0,"36,59","33,34",,,,,,,,
ncaab:400990219,ncaab,2018-01-17T00:00Z,final,2309,2711,Kent State,W Michigan,73,71,,,,0,,,,,,,,,,2,,0,Kent,OH,1,325,,,,-5.0,"45,28","33,38",,,,,,,,
ncaab:400990220,ncaab,2018-01-17T00:00Z,final,193,189,Miami OH,Bowling Green,70,81,,,,0,,,,,,,,,,2,,0,Oxford,OH,1,283,,,,-5.0,"32,38","30,51",,,,,,,,
ncaab:400992110,ncaab,2018-01-17T00:00Z,final,85,2174,IU Indy,Detroit Mercy,81,66,,,,0,,,,,,,,,,2,,0,Indianapolis,IN,1,218,,,,-5.0,"45,36","26,40",,,,,,,,
ncaab:400989030,ncaab,2018-01-17T01:00Z,final,2447,357,Nicholls,Texas A&M-CC,91,61,,,,0,,,,,,,,,,2,,0,Thibodaux,LA,1,4,,,,-6.0,"42,49","27,34",,,,,,,,
ncaab:400989384,ncaab,2018-01-17T01:00Z,final,2449,155,N Dakota St,North Dakota,77,86,,,,0,,,,,,,,,,2,,0,Fargo,ND,1,276,,,,-6.0,"37,40","46,40",,,,,,,,
ncaab:400989699,ncaab,2018-01-17T01:00Z,final,2460,2181,Northern Iowa,Drake,68,54,,,,0,,,,,,,,,,2,,0,Cedar Falls,IA,1,268,,,,-6.0,"26,42","29,25",,,,,,,,
ncaab:400986209,ncaab,2018-01-17T02:00Z,final,183,221,Syracuse,Pitt,59,45,,,,0,,,,,,,,,,2,,0,Syracuse,NY,1,121,,,,-5.0,"27,32","22,23",,,,,,,,
ncaab:400987313,ncaab,2018-01-17T02:00Z,final,245,145,Texas A&M,Ole Miss,71,69,,,,0,,,,,,,,,,2,,0,College Station,TX,1,103,,,,-6.0,"45,26","37,32",,,,,,,,
ncaab:400987315,ncaab,2018-01-17T02:00Z,final,2579,96,South Carolina,Kentucky,76,68,,,,0,,,,,,,,,,2,,0,Columbia,SC,1,89,,,,-5.0,"34,42","37,31",,,,,,,,
ncaab:400988068,ncaab,2018-01-17T02:00Z,final,235,41,Memphis,UConn,73,49,,,,0,,,,,,,,,,2,,0,Memphis,TN,1,78,,,,-6.0,"32,41","18,31",,,,,,,,
ncaab:400989204,ncaab,2018-01-17T02:00Z,final,2306,201,Kansas St,Oklahoma,87,69,,,,0,,,,,,,,,,2,,0,Manhattan,KS,1,311,,,,-6.0,"38,49","33,36",,,,,,,,
ncaab:400988069,ncaab,2018-01-17T23:00Z,final,218,202,Temple,Tulsa,59,58,,,,0,,,,,,,,,,2,,0,Philadelphia,PA,1,12,,,,-5.0,"26,33","26,32",,,,,,,,
ncaab:400988577,ncaab,2018-01-17T23:30Z,final,46,222,Georgetown,Villanova,56,88,,,,0,,,,,,,,,,2,,0,Washington,DC,1,7,,,,-5.0,"20,36","42,46",,,,,,,,
ncaab:400989824,ncaab,2018-01-17T23:30Z,final,2603,2168,Saint Joseph's,Dayton,81,65,,,,0,,,,,,,,,,2,,0,Philadelphia,PA,1,12,,,,-5.0,"42,39","30,35",,,,,,,,
ncaab:400986513,ncaab,2018-01-18T00:00Z,final,164,2294,Rutgers,Iowa,80,64,,,,0,,,,,,,,,,2,,0,Piscataway,NJ,1,30,,,,-5.0,"38,42","24,40",,,,,,,,
ncaab:400987318,ncaab,2018-01-18T00:00Z,final,57,8,Florida,Arkansas,88,73,,,,0,,,,,,,,,,2,,0,Gainesville,FL,1,54,,,,-5.0,"48,40","33,40",,,,,,,,
ncaab:400987319,ncaab,2018-01-18T00:00Z,final,333,2,Alabama,Auburn,76,71,,,,0,,,,,,,,,,2,,0,Tuscaloosa,AL,1,68,,,,-6.0,"30,46","33,38",,,,,,,,
ncaab:400988070,ncaab,2018-01-18T00:00Z,final,151,58,East Carolina,South Florida,90,52,,,,0,,,,,,,,,,2,,0,Greenville,NC,1,18,,,,-5.0,"44,46","18,34",,,,,,,,
ncaab:400988071,ncaab,2018-01-18T00:00Z,final,2724,2567,Wichita St,SMU,78,83,,,,0,,,,,,,,,,2,,0,Wichita,KS,1,396,,,,-6.0,"32,46","35,48",,,,,,,,
ncaab:400989701,ncaab,2018-01-18T00:00Z,final,2287,71,Illinois St,Bradley,70,57,,,,0,,,,,,,,,,2,,0,Normal,IL,1,244,,,,-6.0,"29,41","22,35",,,,,,,,
ncaab:400989868,ncaab,2018-01-18T00:00Z,final,2325,2230,La Salle,Fordham,75,67,,,,0,,,,,,,,,,2,,0,Philadelphia,PA,1,12,,,,-5.0,"44,31","31,36",,,,,,,,
ncaab:400989891,ncaab,2018-01-18T00:00Z,final,45,2244,G Washington,George Mason,80,68,,,,0,,,,,,,,,,2,,0,Washington,DC,1,7,,,,-5.0,"44,36","29,39",,,,,,,,
ncaab:400989925,ncaab,2018-01-18T00:00Z,final,2670,257,VCU,Richmond,52,67,,,,0,,,,,,,,,,2,,0,Richmond,VA,1,64,,,,-5.0,"27,25","34,33",,,,,,,,
ncaab:400990095,ncaab,2018-01-18T00:00Z,final,227,113,Rhode Island,UMass,73,51,,,,0,,,,,,,,,,2,,0,Kingston,RI,1,75,,,,-5.0,"40,33","20,31",,,,,,,,
ncaab:400991966,ncaab,2018-01-18T00:00Z,final,104,44,Boston U,American,58,69,,,,0,,,,,,,,,,2,,0,Boston,MA,1,14,,,,-5.0,"24,34","29,40",,,,,,,,
ncaab:400992013,ncaab,2018-01-18T00:00Z,final,2352,2083,Loyola MD,Bucknell,70,78,,,,0,,,,,,,,,,2,,0,Baltimore,MD,1,10,,,,-5.0,"33,37","28,50",,,,,,,,
ncaab:400992026,ncaab,2018-01-18T00:00Z,final,2329,2142,Lehigh,Colgate,72,76,,,,0,,,,,,,,,,2,,0,Bethlehem,PA,1,109,,,,-5.0,"32,40","50,26",,,,,,,,
ncaab:400992044,ncaab,2018-01-18T00:00Z,final,322,2426,Lafayette,Navy,72,75,,,,0,,,,,,,,,,2,,0,Easton,PA,1,97,,,,-5.0,"32,40","33,42",,,,,,,,
ncaab:400991984,ncaab,2018-01-18T00:05Z,final,107,349,Holy Cross,Army,70,66,,,,0,,,,,,,,,,2,,0,Worcester,MA,1,147,,,,-5.0,"41,29","30,36",,,,,,,,
ncaab:400989031,ncaab,2018-01-18T00:30Z,final,2534,2466,Sam Houston,N'Western St,75,52,,,,0,,,,,,,,,,2,,0,Huntsville,TX,1,113,,,,-6.0,"27,48","19,33",,,,,,,,
ncaab:401008497,ncaab,2018-01-18T00:30Z,void,2448,2450,NC A&T,Norfolk St,,,,,,0,,,,,,,,,,2,,0,Greensboro,NC,1,266,,,,-5.0,,,,,,,,,,
ncaab:400988072,ncaab,2018-01-18T01:00Z,final,2655,248,Tulane,Houston,81,72,,,,0,,,,,,,,,,2,,0,New Orleans,LA,1,0,,,,-6.0,"41,40","34,38",,,,,,,,
ncaab:400989032,ncaab,2018-01-18T01:00Z,final,2000,2617,Abilene Chrstn,SF Austin,66,76,,,,0,,,,,,,,,,2,,0,Abilene,TX,1,524,,,,-6.0,"43,23","33,43",,,,,,,,
ncaab:400989033,ncaab,2018-01-18T01:00Z,final,2443,2110,LSU N Orleans,C Arkansas,57,81,,,,0,,,,,,,,,,2,,0,New Orleans,LA,1,0,,,,-6.0,"23,34","40,41",,,,,,,,
ncaab:400989034,ncaab,2018-01-18T01:00Z,final,2545,2277,SE Louisiana,Hou Christian,85,69,,,,0,,,,,,,,,,2,,0,Hammond,LA,1,13,,,,-6.0,"39,46","38,31",,,,,,,,
ncaab:400989035,ncaab,2018-01-18T01:00Z,final,2916,2320,Incarnate Word,Lamar,69,90,,,,0,,,,,,,,,,2,,0,San Antonio,TX,1,198,,,,-6.0,"34,35","47,43",,,,,,,,
ncaab:400989262,ncaab,2018-01-18T01:00Z,final,251,2641,Texas,Texas Tech,67,58,,,,0,,,,,,,,,,2,,0,Austin,TX,1,149,,,,-6.0,"29,38","24,34",,,,,,,,
ncaab:400989385,ncaab,2018-01-18T01:00Z,final,2710,2870,W Illinois,Purdue FW,75,74,,,,0,,,,,,,,,,2,,0,Macomb,IL,1,215,,,,-6.0,"26,42,7","36,32,6",,,,,,,,
ncaab:400989386,ncaab,2018-01-18T01:00Z,final,233,198,South Dakota,Oral Roberts,82,70,,,,0,,,,,,,,,,2,,0,Vermillion,SD,1,374,,,,-6.0,"43,39","31,39",,,,,,,,
ncaab:400989700,ncaab,2018-01-18T01:00Z,final,339,282,Evansville,Indiana St,66,71,,,,0,,,,,,,,,,2,,0,Evansville,IN,1,118,,,,-6.0,"26,40","35,36",,,,,,,,
ncaab:400989702,ncaab,2018-01-18T01:00Z,final,2350,79,Loyola Chicago,S Illinois,79,65,,,,0,,,,,,,,,,2,,0,Chicago,IL,1,179,,,,-6.0,"35,44","23,42",,,,,,,,
ncaab:400989703,ncaab,2018-01-18T01:00Z,final,2623,2674,Missouri St,Valparaiso,64,57,,,,0,,,,,,,,,,2,,0,Springfield,MO,1,396,,,,-6.0,"26,38","31,26",,,,,,,,
ncaab:400989847,ncaab,2018-01-18T01:00Z,final,139,2184,Saint Louis,Duquesne,76,63,,,,0,,,,,,,,,,2,,0,St. Louis,MO,1,142,,,,-6.0,"34,42","22,41",,,,,,,,
ncaab:400988578,ncaab,2018-01-18T01:30Z,final,156,2550,Creighton,Seton Hall,80,63,,,,0,,,,,,,,,,2,,0,Omaha,NE,1,323,,,,-6.0,"39,41","32,31",,,,,,,,
ncaab:400988579,ncaab,2018-01-18T01:30Z,final,2752,2599,Xavier,St John's,88,82,,,,0,,,,,,,,,,2,,0,Cincinnati,OH,1,191,,,,-5.0,"42,46","34,48",,,,,,,,
ncaab:400986512,ncaab,2018-01-18T02:00Z,final,77,194,Northwestern,Ohio State,65,71,,,,0,,,,,,,,,,2,,0,Rosemont,IL,1,194,,,,-6.0,"25,40","33,38",,,,,,,,
ncaab:400987317,ncaab,2018-01-18T02:00Z,final,142,2633,Missouri,Tennessee,59,55,,,,0,,,,,,,,,,2,,0,Columbia,MO,1,215,,,,-6.0,"27,32","27,28",,,,,,,,
ncaab:400988320,ncaab,2018-01-18T02:00Z,final,25,12,California,Arizona,58,79,,,,0,,,,,,,,,,2,,0,Berkeley,CA,1,52,,,,-8.0,"26,32","36,43",,,,,,,,
ncaab:400989162,ncaab,2018-01-18T02:00Z,final,2628,66,TCU,Iowa State,96,73,,,,0,,,,,,,,,,2,,0,Fort Worth,TX,1,199,,,,-6.0,"47,49","35,38",,,,,,,,
ncaab:400991693,ncaab,2018-01-18T02:00Z,final,36,2005,Colorado St,Air Force,71,76,,,,0,,,,,,,,,,2,,0,Fort Collins,CO,1,1525,,,,-7.0,"33,38","31,45",,,,,,,,
ncaab:400991715,ncaab,2018-01-18T02:00Z,final,68,328,Boise St,Utah State,71,67,,,,0,,,,,,,,,,2,,0,Boise,ID,1,823,,,,-7.0,"37,34","32,35",,,,,,,,
ncaab:400991785,ncaab,2018-01-18T03:00Z,final,2439,167,UNLV,New Mexico,81,85,,,,0,,,,,,,,,,2,,0,Las Vegas,NV,1,610,,,,-8.0,"35,46","35,50",,,,,,,,
ncaab:400992451,ncaab,2018-01-18T03:00Z,final,2540,2239,Santa Barbara,Fullerton,83,64,,,,0,,,,,,,,,,2,,0,Santa Barbara,CA,1,15,,,,-8.0,"46,37","31,33",,,,,,,,
ncaab:400992471,ncaab,2018-01-18T03:00Z,final,27,2463,UC Riverside,CSU Northridge,57,66,,,,0,,,,,,,,,,2,,0,Riverside,CA,1,252,,,,-8.0,"29,28","27,39",,,,,,,,
ncaab:400992500,ncaab,2018-01-18T03:00Z,final,302,299,UC Davis,Long Beach St,84,75,,,,0,,,,,,,,,,2,,0,Davis,CA,1,16,,,,-8.0,"42,42","37,38",,,,,,,,
ncaab:400991771,ncaab,2018-01-18T03:30Z,final,23,2440,San José St,Nevada,54,71,,,,0,,,,,,,,,,2,,0,San Jose,CA,1,26,,,,-8.0,"26,28","24,47",,,,,,,,
ncaab:400988321,ncaab,2018-01-18T04:00Z,final,24,9,Stanford,Arizona St,86,77,,,,0,,,,,,,,,,2,,0,Stanford,CA,1,23,,,,-8.0,"37,49","35,42",,,,,,,,
ncaab:400991752,ncaab,2018-01-18T04:00Z,final,21,278,San Diego St,Fresno St,73,77,,,,0,,,,,,,,,,2,,0,San Diego,CA,1,20,,,,-8.0,"40,33","36,41",,,,,,,,
ncaab:401013196,ncaab,2018-01-18T19:00Z,final,2448,2450,NC A&T,Norfolk St,71,68,,,,0,,,,,,,,,,2,,0,Greensboro,NC,1,266,,,,-5.0,"38,33","23,45",,,,,,,,
ncaab:400990813,ncaab,2018-01-18T23:00Z,final,2529,2523,Sacred Heart,Robert Morris,60,74,,,,0,,,,,,,,,,2,,0,Fairfield,CT,1,4,,,,-8.0,"20,40","42,32",,,,,,,,
ncaab:400990980,ncaab,2018-01-18T23:00Z,final,2634,2046,Tennessee St,Austin Peay,70,56,,,,0,,,,,,,,,,2,,0,Nashville,TN,1,170,,,,-6.0,"28,42","28,28",,,,,,,,
ncaab:400988765,ncaab,2018-01-19T00:00Z,final,2430,2643,UNC Greensboro,The Citadel,72,58,,,,0,,,,,,,,,,2,,0,Greensboro,NC,1,266,,,,-5.0,"41,31","30,28",,,,,,,,
ncaab:400988766,ncaab,2018-01-19T00:00Z,final,2678,2382,VMI,Mercer,56,62,,,,0,,,,,,,,,,2,,0,Lexington,VA,1,324,,,,-5.0,"29,27","34,28",,,,,,,,
ncaab:400990003,ncaab,2018-01-19T00:00Z,final,399,2349,UAlbany,UMass Lowell,70,62,,,,0,,,,,,,,,,2,,0,Albany,NY,1,45,,,,-5.0,"33,37","24,38",,,,,,,,
ncaab:400990028,ncaab,2018-01-19T00:00Z,final,2619,2066,Stony Brook,Binghamton,77,66,,,,0,,,,,,,,,,2,,0,Stony Brook,NY,1,27,,,,-5.0,"36,41","35,31",,,,,,,,
ncaab:400990579,ncaab,2018-01-19T00:00Z,final,232,350,Charleston,UNC Wilmington,80,76,,,,0,,,,,,,,,,2,,0,Charleston,SC,1,6,,,,-5.0,"48,32","31,45",,,,,,,,
ncaab:400990810,ncaab,2018-01-19T00:00Z,final,112358,2803,Long Island,Bryant,83,79,,,,0,,,,,,,,,,2,,0,Brooklyn,NY,1,15,,,,-5.0,"41,42","36,43",,,,,,,,
ncaab:400990811,ncaab,2018-01-19T00:00Z,final,2115,161,C Connecticut,FDU,66,65,,,,0,,,,,,,,,,2,,0,New Britain,CT,1,51,,,,-5.0,"33,33","29,36",,,,,,,,
ncaab:400990812,ncaab,2018-01-19T00:00Z,final,2597,116,St Francis BK,Mount St Marys,81,73,,,,0,,,,,,,,,,2,,0,Brooklyn,NY,1,15,,,,-5.0,"39,42","44,29",,,,,,,,
ncaab:400990814,ncaab,2018-01-19T00:00Z,final,2681,2598,Wagner,Saint Francis,73,64,,,,0,,,,,,,,,,2,,0,Staten Island,NY,1,21,,,,-5.0,"25,48","32,32",,,,,,,,
ncaab:400990981,ncaab,2018-01-19T00:00Z,final,2413,55,Morehead St,Jax State,57,58,,,,0,,,,,,,,,,2,,0,Morehead,KY,1,153,,,,-6.0,"25,32","26,32",,,,,,,,
ncaab:400990982,ncaab,2018-01-19T00:00Z,final,2057,93,Belmont,Murray St,79,72,,,,0,,,,,,,,,,2,,0,Nashville,TN,1,170,,,,-6.0,"28,51","32,40",,,,,,,,
ncaab:400991147,ncaab,2018-01-19T00:00Z,final,2514,315,Quinnipiac,Niagara,73,81,,,,0,,,,,,,,,,2,,0,Hamden,CT,1,31,,,,-5.0,"37,36","35,46",,,,,,,,
ncaab:400991403,ncaab,2018-01-19T00:00Z,final,2275,48,Hofstra,Delaware,90,63,,,,0,,,,,,,,,,2,,0,Hempstead,NY,1,17,,,,-5.0,"39,51","31,32",,,,,,,,
ncaab:400991422,ncaab,2018-01-19T00:00Z,final,119,2182,Towson,Drexel,90,68,,,,0,,,,,,,,,,2,,0,Towson,MD,1,141,,,,-5.0,"49,41","33,35",,,,,,,,
ncaab:400991442,ncaab,2018-01-19T00:00Z,final,256,2210,James Madison,Elon,85,74,,,,0,,,,,,,,,,2,,0,Harrisonburg,VA,1,404,,,,-5.0,"26,40,19","27,39,8",,,,,,,,
ncaab:400991494,ncaab,2018-01-19T00:00Z,final,2729,111,William & Mary,Northeastern,70,90,,,,0,,,,,,,,,,2,,0,Williamsburg,VA,1,25,,,,-5.0,"34,36","47,43",,,,,,,,
ncaab:400991520,ncaab,2018-01-19T00:00Z,final,311,42,Maine,Hartford,68,86,,,,0,,,,,,,,,,2,,0,Bangor,ME,1,36,,,,-5.0,"33,35","38,48",,,,,,,,
ncaab:400991553,ncaab,2018-01-19T00:00Z,final,160,261,New Hampshire,Vermont,56,67,,,,0,,,,,,,,,,2,,0,Durham,NH,1,15,,,,-5.0,"27,29","25,42",,,,,,,,
ncaab:400991888,ncaab,2018-01-19T00:00Z,final,2908,294,SC Upstate,Jacksonville,91,85,,,,0,,,,,,,,,,2,,0,Spartanburg,SC,1,246,,,,-5.0,"34,57","34,51",,,,,,,,
ncaab:400991902,ncaab,2018-01-19T00:00Z,final,338,56,Kennesaw St,Stetson,95,81,,,,0,,,,,,,,,,2,,0,Kennesaw,GA,1,332,,,,-5.0,"49,46","36,45",,,,,,,,
ncaab:400991928,ncaab,2018-01-19T00:00Z,final,2885,2454,NJIT,North Florida,91,59,,,,0,,,,,,,,,,2,,0,Newark,NJ,1,9,,,,-5.0,"58,33","30,29",,,,,,,,
ncaab:400992091,ncaab,2018-01-19T00:00Z,final,325,85,Cleveland St,IU Indy,70,67,,,,0,,,,,,,,,,2,,0,Cleveland,OH,1,199,,,,-5.0,"32,38","26,41",,,,,,,,
ncaab:400992181,ncaab,2018-01-19T00:00Z,final,2754,82,Youngstown St,UIC,78,92,,,,0,,,,,,,,,,2,,0,Youngstown,OH,1,259,,,,-5.0,"43,35","46,46",,,,,,,,
ncaab:400992277,ncaab,2018-01-19T00:00Z,final,2097,2127,Campbell,Charleston So,62,47,,,,0,,,,,,,,,,2,,0,Buies Creek,NC,1,63,,,,-5.0,"35,27","15,32",,,,,,,,
ncaab:400992318,ncaab,2018-01-19T00:00Z,final,2241,2506,Gardner-Webb,Presbyterian,61,53,,,,0,,,,,,,,,,2,,0,Boiling Springs,NC,1,269,,,,-5.0,"34,27","18,35",,,,,,,,
ncaab:400992333,ncaab,2018-01-19T00:00Z,final,2272,2335,High Point,Liberty,71,60,,,,0,,,,,,,,,,2,,0,High Point,NC,1,281,,,,-5.0,"25,46","35,25",,,,,,,,
ncaab:400992385,ncaab,2018-01-19T00:00Z,final,2515,2344,Radford,Longwood,70,63,,,,0,,,,,,,,,,2,,0,Radford,VA,1,567,,,,-5.0,"29,41","25,38",,,,,,,,
ncaab:400992612,ncaab,2018-01-19T00:00Z,final,2226,2429,FAU,Charlotte,75,64,,,,0,,,,,,,,,,2,,0,Boca Raton,FL,1,4,,,,-5.0,"38,37","27,37",,,,,,,,
ncaab:400992616,ncaab,2018-01-19T00:00Z,final,2229,295,FIU,Old Dominion,54,64,,,,0,,,,,,,,,,2,,0,Miami,FL,1,2,,,,-5.0,"28,26","28,36",,,,,,,,
ncaab:400991146,ncaab,2018-01-19T00:20Z,final,2561,2368,Siena,Marist,68,65,,,,0,,,,,,,,,,2,,0,Albany,NY,1,45,,,,-5.0,"36,32","40,25",,,,,,,,
ncaab:400988764,ncaab,2018-01-19T00:30Z,final,231,2193,Furman,ETSU,61,62,,,,0,,,,,,,,,,2,,0,Greenville,SC,1,307,,,,-5.0,"27,34","34,28",,,,,,,,
ncaab:400991148,ncaab,2018-01-19T00:30Z,final,2612,2520,Saint Peter's,Rider,84,88,,,,0,,,,,,,,,,2,,0,Jersey City,NJ,1,9,,,,-5.0,"43,41","37,51",,,,,,,,
ncaab:400991863,ncaab,2018-01-19T00:30Z,final,288,526,Lipscomb,FGCU,83,88,,,,0,,,,,,,,,,2,,0,Nashville,TN,1,170,,,,-6.0,"48,35","40,48",,,,,,,,
ncaab:400992613,ncaab,2018-01-19T00:30Z,final,2348,249,Louisiana Tech,North Texas,66,65,,,,0,,,,,,,,,,2,,0,Ruston,LA,1,102,,,,-6.0,"29,37","25,40",,,,,,,,
ncaab:400986210,ncaab,2018-01-19T01:00Z,final,59,258,Georgia Tech,Virginia,48,64,,,,0,,,,,,,,,,2,,0,Atlanta,GA,1,320,,,,-5.0,"19,29","28,36",,,,,,,,
ncaab:400986639,ncaab,2018-01-19T01:00Z,final,152,154,NC State,Wake Forest,72,63,,,,0,,,,,,,,,,2,,0,Raleigh,NC,1,96,,,,-5.0,"33,39","38,25",,,,,,,,
ncaab:400988322,ncaab,2018-01-19T01:00Z,final,38,265,Colorado,Washington St,82,73,,,,0,,,,,,,,,,2,,0,Boulder,CO,1,1624,,,,-7.0,"42,40","27,46",,,,,,,,
ncaab:400988767,ncaab,2018-01-19T01:00Z,final,2535,2747,Samford,Wofford,89,93,,,,0,,,,,,,,,,2,,0,Homewood,AL,1,203,,,,-6.0,"41,48","49,44",,,,,,,,
ncaab:400990660,ncaab,2018-01-19T01:00Z,final,292,3084,UT Rio Grande,Utah Valley,76,84,,,,0,,,,,,,,,,2,,0,Edinburg,TX,1,30,,,,-6.0,"46,30","51,33",,,,,,,,
ncaab:400990662,ncaab,2018-01-19T01:00Z,final,140,2934,Kansas City,Bakersfield,62,59,,,,0,,,,,,,,,,2,,0,Kansas City,MO,1,274,,,,-6.0,"33,29","31,28",,,,,,,,
ncaab:400990984,ncaab,2018-01-19T01:00Z,final,2198,2635,E Kentucky,Tennessee Tech,67,70,,,,0,,,,,,,,,,2,,0,Richmond,KY,1,289,,,,-5.0,"32,35","36,34",,,,,,,,
ncaab:400990985,ncaab,2018-01-19T01:00Z,final,2565,2546,SIUE,SE Missouri,74,86,,,,0,,,,,,,,,,2,,0,Edwardsville,IL,1,165,,,,-6.0,"28,46","35,51",,,,,,,,
ncaab:400992131,ncaab,2018-01-19T01:00Z,final,2739,2750,Green Bay,Wright St,67,80,,,,0,,,,,,,,,,2,,0,Ashwaubenon,WI,1,185,,,,-6.0,"26,41","36,44",,,,,,,,
ncaab:400992159,ncaab,2018-01-19T01:00Z,final,270,94,Milwaukee,N Kentucky,64,91,,,,0,,,,,,,,,,2,,0,Milwaukee,WI,1,188,,,,-6.0,"23,41","49,42",,,,,,,,
ncaab:400992614,ncaab,2018-01-19T01:00Z,final,2572,242,Southern Miss,Rice,86,75,,,,0,,,,,,,,,,2,,0,Hattiesburg,MS,1,52,,,,-6.0,"43,43","36,39",,,,,,,,
ncaab:400992615,ncaab,2018-01-19T01:00Z,final,276,2393,Marshall,MTSU,73,63,,,,0,,,,,,,,,,2,,0,Huntington,WV,1,173,,,,-5.0,"36,37","34,29",,,,,,,,
ncaab:400990456,ncaab,2018-01-19T01:05Z,final,6,324,South Alabama,Coastal,60,57,,,,0,,,,,,,,,,2,,0,Mobile,AL,1,3,,,,-6.0,"30,30","34,23",,,,,,,,
ncaab:400990661,ncaab,2018-01-19T01:05Z,final,2130,2253,Chicago St,Grand Canyon,58,86,,,,0,,,,,,,,,,2,,0,Chicago,IL,1,179,,,,-6.0,"21,37","40,46",,,,,,,,
ncaab:400990457,ncaab,2018-01-19T01:15Z,final,250,309,UT Arlington,Louisiana,65,77,,,,0,,,,,,,,,,2,,0,Arlington,TX,1,184,,,,-6.0,"44,21","32,45",,,,,,,,
ncaab:400990459,ncaab,2018-01-19T01:15Z,void,2653,2026,Troy,App State,,,,,,0,,,,,,,,,,2,,0,Troy,AL,1,165,,,,-6.0,,,,,,,,,,
ncaab:400986515,ncaab,2018-01-19T01:30Z,final,120,135,Maryland,Minnesota,77,66,,,,0,,,,,,,,,,2,,0,College Park,MD,1,21,,,,-5.0,"29,48","28,38",,,,,,,,
ncaab:400989387,ncaab,2018-01-19T01:30Z,final,2437,2172,Omaha,Denver,86,80,,,,0,,,,,,,,,,2,,0,Omaha,NE,1,323,,,,-6.0,"28,35,11,12","29,34,11,6",,,,,,,,
ncaab:400990458,ncaab,2018-01-19T01:30Z,final,326,2433,Texas St,UL Monroe,55,52,,,,0,,,,,,,,,,2,,0,San Marcos,TX,1,188,,,,-6.0,"23,32","21,31",,,,,,,,
ncaab:400990983,ncaab,2018-01-19T01:30Z,final,2197,2630,E Illinois,UT Martin,80,60,,,,0,,,,,,,,,,2,,0,Charleston,IL,1,204,,,,-6.0,"33,47","21,39",,,,,,,,
ncaab:400991298,ncaab,2018-01-19T01:30Z,final,2464,331,N Arizona,E Washington,76,81,,,,0,,,,,,,,,,2,,0,Flagstaff,AZ,1,2104,,,,-7.0,"27,49","48,33",,,,,,,,
ncaab:400991301,ncaab,2018-01-19T01:30Z,final,253,70,Southern Utah,Idaho,76,80,,,,0,,,,,,,,,,2,,0,Cedar City,UT,1,1782,,,,-7.0,"26,50","38,42",,,,,,,,
ncaab:400986514,ncaab,2018-01-19T02:00Z,final,158,130,Nebraska,Michigan,72,52,,,,0,,,,,,,,,,2,,0,Lincoln,NE,1,367,,,,-6.0,"32,40","21,31",,,,,,,,
ncaab:400986893,ncaab,2018-01-19T02:00Z,final,2250,2608,Gonzaga,Saint Mary's,71,74,,,,0,,,,,,,,,,2,,0,Spokane,WA,1,571,,,,-8.0,"42,29","38,36",,,,,,,,
ncaab:400988323,ncaab,2018-01-19T02:00Z,final,2483,30,Oregon,USC,70,75,,,,0,,,,,,,,,,2,,0,Eugene,OR,1,131,,,,-8.0,"35,35","36,39",,,,,,,,
ncaab:400990663,ncaab,2018-01-19T02:00Z,final,166,2547,New Mexico St,Seattle U,75,62,,,,0,,,,,,,,,,2,,0,Las Cruces,NM,1,1191,,,,-7.0,"37,38","22,40",,,,,,,,
ncaab:400991299,ncaab,2018-01-19T02:00Z,final,2692,16,Weber St,Sacramento St,80,64,,,,0,,,,,,,,,,2,,0,Ogden,UT,1,1311,,,,-7.0,"37,43","36,28",,,,,,,,
ncaab:400991300,ncaab,2018-01-19T02:00Z,final,304,2502,Idaho St,Portland St,83,87,,,,0,,,,,,,,,,2,,0,Pocatello,ID,1,1360,,,,-7.0,"51,32","37,50",,,,,,,,
ncaab:400992391,ncaab,2018-01-19T02:00Z,final,2737,2427,Winthrop,UNC Asheville,85,58,,,,0,,,,,,,,,,2,,0,Rock Hill,SC,1,207,,,,-5.0,"41,44","24,34",,,,,,,,
ncaab:400992617,ncaab,2018-01-19T02:00Z,final,98,5,Western KY,UAB,77,69,,,,0,,,,,,,,,,2,,0,Bowling Green,KY,1,161,,,,-6.0,"36,41","31,38",,,,,,,,
ncaab:400986943,ncaab,2018-01-19T03:00Z,final,279,2492,Pacific,Pepperdine,92,78,,,,0,,,,,,,,,,2,,0,Stockton,CA,1,4,,,,-8.0,"47,45","37,41",,,,,,,,
ncaab:400986985,ncaab,2018-01-19T03:00Z,final,301,2501,San Diego,Portland,49,55,,,,0,,,,,,,,,,2,,0,San Diego,CA,1,20,,,,-8.0,"24,25","32,23",,,,,,,,
ncaab:400988324,ncaab,2018-01-19T03:00Z,final,254,264,Utah,Washington,70,62,,,,0,,,,,,,,,,2,,0,Salt Lake City,UT,1,1299,,,,-7.0,"35,35","24,38",,,,,,,,
ncaab:400992432,ncaab,2018-01-19T03:00Z,final,300,13,UC Irvine,Cal Poly,80,73,,,,0,,,,,,,,,,2,,0,Irvine,CA,1,17,,,,-8.0,"39,41","27,46",,,,,,,,
ncaab:400986865,ncaab,2018-01-19T04:00Z,final,252,2351,BYU,LMU,82,67,,,,0,,,,,,,,,,2,,0,Provo,UT,1,1387,,,,-7.0,"46,36","29,38",,,,,,,,
ncaab:400987060,ncaab,2018-01-19T04:00Z,final,2539,2541,San Francisco,Santa Clara,62,65,,,,0,,,,,,,,,,2,,0,San Francisco,CA,1,16,,,,-8.0,"19,43","27,38",,,,,,,,
ncaab:400988325,ncaab,2018-01-19T04:00Z,final,204,26,Oregon St,UCLA,69,63,,,,0,,,,,,,,,,2,,0,Corvallis,OR,1,71,,,,-8.0,"31,38","26,37",,,,,,,,
ncaab:400986517,ncaab,2018-01-20T00:00Z,final,127,84,Michigan St,Indiana,85,57,,,,0,,,,,,,,,,2,,0,East Lansing,MI,1,261,,,,-5.0,"42,43","23,34",,,,,,,,
ncaab:400989787,ncaab,2018-01-20T00:00Z,final,2166,179,Davidson,St Bonaventure,83,73,,,,0,,,,,,,,,,2,,0,Davidson,NC,1,256,,,,-5.0,"41,42","37,36",,,,,,,,
ncaab:400990221,ncaab,2018-01-20T00:00Z,final,2711,2084,W Michigan,Buffalo,74,84,,,,0,,,,,,,,,,2,,0,Kalamazoo,MI,1,239,,,,-5.0,"34,40","36,48",,,,,,,,
ncaab:400991149,ncaab,2018-01-20T00:00Z,final,2405,314,Monmouth,Iona,73,76,,,,0,,,,,,,,,,2,,0,West Long Branch,NJ,1,9,,,,-5.0,"34,39","42,34",,,,,,,,
ncaab:400991597,ncaab,2018-01-20T01:00Z,final,225,43,Brown,Yale,81,80,,,,0,,,,,,,,,,2,,0,Providence,RI,1,2,,,,-5.0,"33,48","38,42",,,,,,,,
ncaab:400986516,ncaab,2018-01-20T02:00Z,final,275,356,Wisconsin,Illinois,75,50,,,,0,,,,,,,,,,2,,0,Madison,WI,1,267,,,,-6.0,"43,32","32,18",,,,,,,,
ncaab:400991150,ncaab,2018-01-20T02:00Z,final,2363,2099,Manhattan,Canisius,59,68,,,,0,,,,,,,,,,2,,0,Riverdale,NY,1,159,,,,-8.0,"28,31","27,41",,,,,,,,
ncaab:400986211,ncaab,2018-01-20T17:00Z,final,259,52,Virginia Tech,Florida St,82,91,,,,0,,,,,,,,,,2,,0,Blacksburg,VA,1,633,,,,-5.0,"38,44","41,50",,,,,,,,
ncaab:400986518,ncaab,2018-01-20T17:00Z,final,2294,2509,Iowa,Purdue,64,87,,,,0,,,,,,,,,,2,,0,Iowa City,IA,1,204,,,,-6.0,"20,44","51,36",,,,,,,,
ncaab:400986520,ncaab,2018-01-20T17:00Z,final,135,194,Minnesota,Ohio State,49,67,,,,1,,,,,,,,,,2,,0,New York,NY,1,10,,,,-5.0,"31,18","38,29",,,,,,,,
ncaab:400988073,ncaab,2018-01-20T17:00Z,final,41,222,UConn,Villanova,61,81,,,,0,,,,,,,,,,2,,0,Hartford,CT,1,18,,,,-5.0,"18,43","39,42",,,,,,,,
ncaab:400988074,ncaab,2018-01-20T17:00Z,final,248,2724,Houston,Wichita St,73,59,,,,0,,,,,,,,,,2,,0,Houston,TX,1,12,,,,-6.0,"35,38","26,33",,,,,,,,
ncaab:400988580,ncaab,2018-01-20T17:00Z,final,46,2599,Georgetown,St John's,93,89,,,,0,,,,,,,,,,2,,0,Washington,DC,1,7,,,,-5.0,"30,39,10,14","29,40,10,10",,,,,,,,
ncaab:400992014,ncaab,2018-01-20T17:00Z,final,2083,107,Bucknell,Holy Cross,77,56,,,,0,,,,,,,,,,2,,0,Lewisburg,PA,1,144,,,,-5.0,"36,41","19,37",,,,,,,,
ncaab:400989910,ncaab,2018-01-20T17:30Z,final,2670,45,VCU,G Washington,87,63,,,,0,,,,,,,,,,2,,0,Richmond,VA,1,64,,,,-5.0,"41,46","37,26",,,,,,,,
ncaab:400987326,ncaab,2018-01-20T18:00Z,final,238,99,Vanderbilt,LSU,77,71,,,,0,,,,,,,,,,2,,0,Nashville,TN,1,170,,,,-6.0,"34,43","28,43",,,,,,,,
ncaab:400988768,ncaab,2018-01-20T18:00Z,final,2678,2643,VMI,The Citadel,88,81,,,,0,,,,,,,,,,2,,0,Lexington,VA,1,324,,,,-5.0,"49,39","41,40",,,,,,,,
ncaab:400989388,ncaab,2018-01-20T18:00Z,final,2870,2449,Purdue FW,N Dakota St,92,88,,,,0,,,,,,,,,,2,,0,Fort Wayne,IN,1,247,,,,-5.0,"40,52","51,37",,,,,,,,
ncaab:400989825,ncaab,2018-01-20T18:00Z,final,2168,227,Dayton,Rhode Island,74,88,,,,0,,,,,,,,,,2,,0,Dayton,OH,1,225,,,,-5.0,"43,31","50,38",,,,,,,,
ncaab:400989869,ncaab,2018-01-20T18:00Z,final,2603,2230,Saint Joseph's,Fordham,68,46,,,,0,,,,,,,,,,2,,0,Philadelphia,PA,1,12,,,,-5.0,"28,40","27,19",,,,,,,,
ncaab:400990819,ncaab,2018-01-20T18:00Z,final,2529,2598,Sacred Heart,Saint Francis,60,73,,,,0,,,,,,,,,,2,,0,Fairfield,CT,1,4,,,,-8.0,"31,29","34,39",,,,,,,,
ncaab:400991151,ncaab,2018-01-20T18:00Z,final,2217,315,Fairfield,Niagara,104,85,,,,0,,,,,,,,,,2,,0,Bridgeport,CT,1,1,,,,-5.0,"58,46","40,45",,,,,,,,
ncaab:400992132,ncaab,2018-01-20T18:00Z,final,2739,94,Green Bay,N Kentucky,65,77,,,,0,,,,,,,,,,2,,0,Ashwaubenon,WI,1,185,,,,-6.0,"31,34","40,37",,,,,,,,
ncaab:400986212,ncaab,2018-01-20T19:00Z,final,153,59,North Carolina,Georgia Tech,80,66,,,,0,,,,,,,,,,2,,0,Chapel Hill,NC,1,148,,,,-5.0,"35,45","28,38",,,,,,,,
ncaab:400986519,ncaab,2018-01-20T19:00Z,final,77,213,Northwestern,Penn State,70,61,,,,0,,,,,,,,,,2,,0,Rosemont,IL,1,194,,,,-6.0,"33,37","35,26",,,,,,,,
ncaab:400988079,ncaab,2018-01-20T19:00Z,final,219,218,Penn,Temple,51,60,,,,0,,,,,,,,,,2,,0,Philadelphia,PA,1,12,,,,-5.0,"25,26","24,36",,,,,,,,
ncaab:400988581,ncaab,2018-01-20T19:00Z,final,305,2086,DePaul,Butler,67,79,,,,0,,,,,,,,,,2,,0,Chicago,IL,1,179,,,,-6.0,"19,48","41,38",,,,,,,,
ncaab:400989163,ncaab,2018-01-20T19:00Z,final,66,2641,Iowa State,Texas Tech,70,52,,,,0,,,,,,,,,,2,,0,Ames,IA,1,287,,,,-6.0,"33,37","25,27",,,,,,,,
ncaab:400989222,ncaab,2018-01-20T19:00Z,final,197,201,Oklahoma St,Oklahoma,83,81,,,,0,,,,,,,,,,2,,0,Stillwater,OK,1,273,,,,-6.0,"42,31,10","30,43,8",,,,,,,,
ncaab:400989263,ncaab,2018-01-20T19:00Z,final,277,251,West Virginia,Texas,86,51,,,,0,,,,,,,,,,2,,0,Morgantown,WV,1,271,,,,-5.0,"32,54","22,29",,,,,,,,
ncaab:400989705,ncaab,2018-01-20T19:00Z,final,282,2287,Indiana St,Illinois St,84,54,,,,0,,,,,,,,,,2,,0,Terre Haute,IN,1,152,,,,-5.0,"42,42","27,27",,,,,,,,
ncaab:400989959,ncaab,2018-01-20T19:00Z,final,113,139,UMass,Saint Louis,47,66,,,,0,,,,,,,,,,2,,0,Amherst,MA,1,82,,,,-5.0,"27,20","38,28",,,,,,,,
ncaab:400990222,ncaab,2018-01-20T19:00Z,final,2199,195,E Michigan,Ohio,66,72,,,,0,,,,,,,,,,2,,0,Ypsilanti,MI,1,219,,,,-5.0,"31,35","24,48",,,,,,,,
ncaab:400990990,ncaab,2018-01-20T19:00Z,final,2565,2630,SIUE,UT Martin,69,70,,,,0,,,,,,,,,,2,,0,Edwardsville,IL,1,165,,,,-6.0,"45,24","42,28",,,,,,,,
ncaab:400991404,ncaab,2018-01-20T19:00Z,final,111,48,Northeastern,Delaware,76,64,,,,0,,,,,,,,,,2,,0,Boston,MA,1,14,,,,-5.0,"28,48","31,33",,,,,,,,
ncaab:400991937,ncaab,2018-01-20T19:00Z,final,2908,2454,SC Upstate,North Florida,80,100,,,,0,,,,,,,,,,2,,0,Spartanburg,SC,1,246,,,,-5.0,"35,45","39,61",,,,,,,,
ncaab:400991967,ncaab,2018-01-20T19:00Z,final,44,322,American,Lafayette,53,62,,,,0,,,,,,,,,,2,,0,Washington,DC,1,7,,,,-5.0,"29,24","22,40",,,,,,,,
ncaab:400991985,ncaab,2018-01-20T19:00Z,final,349,2329,Army,Lehigh,93,81,,,,0,,,,,,,,,,2,,0,West Point,NY,1,47,,,,-5.0,"50,43","31,50",,,,,,,,
ncaab:400992002,ncaab,2018-01-20T19:00Z,final,2426,104,Navy,Boston U,68,75,,,,0,,,,,,,,,,2,,0,Annapolis,MD,1,12,,,,-5.0,"27,41","29,46",,,,,,,,
ncaab:400992027,ncaab,2018-01-20T19:00Z,final,2142,2352,Colgate,Loyola MD,77,72,,,,0,,,,,,,,,,2,,0,Hamilton,NY,1,181,,,,-5.0,"29,48","36,36",,,,,,,,
ncaab:400992618,ncaab,2018-01-20T19:00Z,final,2226,295,FAU,Old Dominion,62,73,,,,0,,,,,,,,,,2,,0,Boca Raton,FL,1,4,,,,-5.0,"27,35","34,39",,,,,,,,
ncaab:400990550,ncaab,2018-01-20T19:15Z,final,2247,290,Georgia St,GA Southern,83,66,,,,0,,,,,,,,,,2,,0,Atlanta,GA,1,320,,,,-5.0,"37,46","38,28",,,,,,,,
ncaab:400988582,ncaab,2018-01-20T19:30Z,final,2550,2752,Seton Hall,Xavier,64,73,,,,0,,,,,,,,,,2,,0,Newark,NJ,1,9,,,,-5.0,"35,29","30,43",,,,,,,,
ncaab:400989982,ncaab,2018-01-20T19:30Z,final,257,2325,Richmond,La Salle,81,74,,,,0,,,,,,,,,,2,,0,Richmond,VA,1,64,,,,-5.0,"40,41","41,33",,,,,,,,
ncaab:400991305,ncaab,2018-01-20T19:30Z,final,253,331,Southern Utah,E Washington,66,62,,,,0,,,,,,,,,,2,,0,Cedar City,UT,1,1782,,,,-7.0,"35,19,12","30,24,8",,,,,,,,
ncaab:400988583,ncaab,2018-01-20T20:00Z,final,2507,156,Providence,Creighton,85,71,,,,0,,,,,,,,,,2,,0,Providence,RI,1,2,,,,-5.0,"36,49","33,38",,,,,,,,
ncaab:400990664,ncaab,2018-01-20T20:05Z,final,2130,2934,Chicago St,Bakersfield,78,89,,,,0,,,,,,,,,,2,,0,Chicago,IL,1,179,,,,-6.0,"40,38","45,44",,,,,,,,
ncaab:400987323,ncaab,2018-01-20T20:30Z,final,8,145,Arkansas,Ole Miss,97,93,,,,0,,,,,,,,,,2,,0,Fayetteville,AR,1,427,,,,-6.0,"50,47","38,55",,,,,,,,
ncaab:400990224,ncaab,2018-01-20T20:30Z,final,189,2117,Bowling Green,C Michigan,75,84,,,,0,,,,,,,,,,2,,0,Bowling Green,OH,1,212,,,,-5.0,"37,38","34,50",,,,,,,,
ncaab:400990226,ncaab,2018-01-20T20:30Z,final,193,2050,Miami OH,Ball State,71,53,,,,0,,,,,,,,,,2,,0,Oxford,OH,1,283,,,,-5.0,"37,34","30,23",,,,,,,,
ncaab:400990816,ncaab,2018-01-20T20:30Z,final,2115,112358,C Connecticut,Long Island,72,63,,,,0,,,,,,,,,,2,,0,New Britain,CT,1,51,,,,-5.0,"29,43","31,32",,,,,,,,
ncaab:400992092,ncaab,2018-01-20T20:30Z,final,325,82,Cleveland St,UIC,80,87,,,,0,,,,,,,,,,2,,0,Cleveland,OH,1,199,,,,-5.0,"38,42","40,47",,,,,,,,
ncaab:400986213,ncaab,2018-01-20T21:00Z,final,228,87,Clemson,Notre Dame,67,58,,,,0,,,,,,,,,,2,,0,Clemson,SC,1,221,,,,-5.0,"33,34","30,28",,,,,,,,
ncaab:400986214,ncaab,2018-01-20T21:00Z,final,150,221,Duke,Pitt,81,54,,,,0,,,,,,,,,,2,,0,Durham,NC,1,123,,,,-5.0,"48,33","26,28",,,,,,,,
ncaab:400987321,ncaab,2018-01-20T21:00Z,final,245,142,Texas A&M,Missouri,60,49,,,,0,,,,,,,,,,2,,0,College Station,TX,1,103,,,,-6.0,"29,31","20,29",,,,,,,,
ncaab:400988075,ncaab,2018-01-20T21:00Z,final,2132,151,Cincinnati,East Carolina,86,60,,,,0,,,,,,,,,,2,,0,Highland Heights,KY,1,260,,,,-5.0,"46,40","38,22",,,,,,,,
ncaab:400988326,ncaab,2018-01-20T21:00Z,final,24,12,Stanford,Arizona,71,73,,,,0,,,,,,,,,,2,,0,Stanford,CA,1,23,,,,-8.0,"29,42","31,42",,,,,,,,
ncaab:400988769,ncaab,2018-01-20T21:00Z,final,2193,2717,ETSU,W Carolina,66,50,,,,0,,,,,,,,,,2,,0,Johnson City,TN,1,498,,,,-5.0,"31,35","20,30",,,,,,,,
ncaab:400989205,ncaab,2018-01-20T21:00Z,final,2306,2628,Kansas St,TCU,73,68,,,,0,,,,,,,,,,2,,0,Manhattan,KS,1,311,,,,-6.0,"38,35","30,38",,,,,,,,
ncaab:400989704,ncaab,2018-01-20T21:00Z,final,2181,2623,Drake,Missouri St,61,58,,,,0,,,,,,,,,,2,,0,Des Moines,IA,1,266,,,,-6.0,"23,38","28,30",,,,,,,,
ncaab:400990580,ncaab,2018-01-20T21:00Z,final,232,2275,Charleston,Hofstra,76,70,,,,0,,,,,,,,,,2,,0,Charleston,SC,1,6,,,,-5.0,"31,45","40,30",,,,,,,,
ncaab:400990815,ncaab,2018-01-20T21:00Z,final,2597,2803,St Francis BK,Bryant,85,80,,,,0,,,,,,,,,,2,,0,Brooklyn,NY,1,15,,,,-5.0,"44,41","39,41",,,,,,,,
ncaab:400990818,ncaab,2018-01-20T21:00Z,final,2681,2523,Wagner,Robert Morris,62,49,,,,0,,,,,,,,,,2,,0,Staten Island,NY,1,21,,,,-5.0,"32,30","25,24",,,,,,,,
ncaab:400991423,ncaab,2018-01-20T21:00Z,final,256,2182,James Madison,Drexel,75,73,,,,0,,,,,,,,,,2,,0,Harrisonburg,VA,1,404,,,,-5.0,"34,41","37,36",,,,,,,,
ncaab:400991694,ncaab,2018-01-20T21:00Z,void,2005,278,Air Force,Fresno St,,,,,,0,,,,,,,,,,2,,0,Colorado Springs,CO,1,1832,,,,-7.0,,,,,,,,,,
ncaab:400991889,ncaab,2018-01-20T21:00Z,final,2885,294,NJIT,Jacksonville,61,63,,,,0,,,,,,,,,,2,,0,Newark,NJ,1,9,,,,-5.0,"27,34","29,34",,,,,,,,
ncaab:400992111,ncaab,2018-01-20T21:00Z,final,2174,2473,Detroit Mercy,Oakland,86,92,,,,0,,,,,,,,,,2,,0,Detroit,MI,1,183,,,,-5.0,"29,57","50,42",,,,,,,,
ncaab:400992708,ncaab,2018-01-20T21:00Z,final,2169,2065,Delaware St,Bethune,78,85,,,,0,,,,,,,,,,2,,0,Dover,DE,1,9,,,,-5.0,"29,49","42,43",,,,,,,,
ncaab:400992726,ncaab,2018-01-20T21:00Z,final,2154,2415,Coppin St,Morgan St,80,73,,,,0,,,,,,,,,,2,,0,Baltimore,MD,1,10,,,,-5.0,"25,39,16","25,39,9",,,,,,,,
ncaab:400992772,ncaab,2018-01-20T21:00Z,final,47,2428,Howard,NC Central,84,78,,,,0,,,,,,,,,,2,,0,Washington,DC,1,7,,,,-5.0,"35,39,10","31,43,4",,,,,,,,
ncaab:400992796,ncaab,2018-01-20T21:00Z,final,2569,2450,SC State,Norfolk St,54,78,,,,0,,,,,,,,,,2,,0,Orangeburg,SC,1,74,,,,-5.0,"31,23","35,43",,,,,,,,
ncaab:400992805,ncaab,2018-01-20T21:00Z,final,2379,2448,MD Eastern,NC A&T,64,66,,,,0,,,,,,,,,,2,,0,Princess Anne,MD,1,5,,,,-5.0,"32,32","32,34",,,,,,,,
ncaab:400990460,ncaab,2018-01-20T21:05Z,final,6,2026,South Alabama,App State,83,77,,,,0,,,,,,,,,,2,,0,Mobile,AL,1,3,,,,-6.0,"40,43","45,32",,,,,,,,
ncaab:400990987,ncaab,2018-01-20T21:15Z,final,2197,2546,E Illinois,SE Missouri,74,86,,,,0,,,,,,,,,,2,,0,Charleston,IL,1,204,,,,-6.0,"43,31","36,50",,,,,,,,
ncaab:400990991,ncaab,2018-01-20T21:15Z,final,2413,2635,Morehead St,Tennessee Tech,74,55,,,,0,,,,,,,,,,2,,0,Morehead,KY,1,153,,,,-6.0,"35,39","22,33",,,,,,,,
ncaab:400988770,ncaab,2018-01-20T21:30Z,final,231,2535,Furman,Samford,78,67,,,,0,,,,,,,,,,2,,0,Greenville,SC,1,307,,,,-5.0,"38,40","32,35",,,,,,,,
ncaab:400989036,ncaab,2018-01-20T21:30Z,final,2110,2000,C Arkansas,Abilene Chrstn,63,80,,,,0,,,,,,,,,,2,,0,Conway,AR,1,95,,,,-6.0,"37,26","38,42",,,,,,,,
ncaab:400989848,ncaab,2018-01-20T21:30Z,final,2184,2244,Duquesne,George Mason,95,89,,,,0,,,,,,,,,,2,,0,Pittsburgh,PA,1,233,,,,-5.0,"38,37,10,10","34,41,10,4",,,,,,,,
ncaab:400990223,ncaab,2018-01-20T21:30Z,final,2006,2459,Akron,N Illinois,82,67,,,,0,,,,,,,,,,2,,0,Akron,OH,1,291,,,,-5.0,"43,39","30,37",,,,,,,,
ncaab:400990817,ncaab,2018-01-20T21:30Z,final,161,116,FDU,Mount St Marys,73,72,,,,0,,,,,,,,,,2,,0,Hackensack,NJ,1,6,,,,-5.0,"34,39","37,35",,,,,,,,
ncaab:400991864,ncaab,2018-01-20T21:30Z,final,338,526,Kennesaw St,FGCU,49,66,,,,0,,,,,,,,,,2,,0,Kennesaw,GA,1,332,,,,-5.0,"24,25","32,34",,,,,,,,
ncaab:400988771,ncaab,2018-01-20T22:00Z,final,2430,2382,UNC Greensboro,Mercer,70,66,,,,0,,,,,,,,,,2,,0,Greensboro,NC,1,266,,,,-5.0,"23,32,15","24,31,11",,,,,,,,
ncaab:400991734,ncaab,2018-01-20T22:00Z,final,36,2439,Colorado St,UNLV,74,79,,,,0,,,,,,,,,,2,,0,Fort Collins,CO,1,1525,,,,-7.0,"36,38","36,43",,,,,,,,
ncaab:400991915,ncaab,2018-01-20T22:00Z,final,288,56,Lipscomb,Stetson,85,82,,,,0,,,,,,,,,,2,,0,Nashville,TN,1,170,,,,-6.0,"39,46","39,43",,,,,,,,
ncaab:400992619,ncaab,2018-01-20T22:00Z,final,2572,249,Southern Miss,North Texas,85,78,,,,0,,,,,,,,,,2,,0,Hattiesburg,MS,1,52,,,,-6.0,"42,43","28,50",,,,,,,,
ncaab:400990461,ncaab,2018-01-20T22:15Z,final,250,2433,UT Arlington,UL Monroe,71,55,,,,0,,,,,,,,,,2,,0,Arlington,TX,1,184,,,,-6.0,"42,29","27,28",,,,,,,,
ncaab:400990464,ncaab,2018-01-20T22:15Z,final,2653,324,Troy,Coastal,73,74,,,,0,,,,,,,,,,2,,0,Troy,AL,1,165,,,,-6.0,"43,30","29,45",,,,,,,,
ncaab:400989038,ncaab,2018-01-20T22:30Z,final,2320,2534,Lamar,Sam Houston,84,77,,,,0,,,,,,,,,,2,,0,Beaumont,TX,1,5,,,,-6.0,"17,51,16","32,36,9",,,,,,,,
ncaab:400990462,ncaab,2018-01-20T22:30Z,final,326,309,Texas St,Louisiana,55,80,,,,0,,,,,,,,,,2,,0,San Marcos,TX,1,188,,,,-6.0,"20,35","32,48",,,,,,,,
ncaab:400987320,ncaab,2018-01-20T23:00Z,final,2579,2633,South Carolina,Tennessee,63,70,,,,0,,,,,,,,,,2,,0,Columbia,SC,1,89,,,,-5.0,"30,33","33,37",,,,,,,,
ncaab:400987322,ncaab,2018-01-20T23:00Z,final,2,61,Auburn,Georgia,79,65,,,,0,,,,,,,,,,2,,0,Auburn,AL,1,215,,,,-6.0,"26,53","40,25",,,,,,,,
ncaab:400988076,ncaab,2018-01-20T23:00Z,final,58,2116,South Florida,UCF,69,71,,,,0,,,,,,,,,,2,,0,Tampa,FL,1,1,,,,-5.0,"36,33","29,42",,,,,,,,
ncaab:400988077,ncaab,2018-01-20T23:00Z,final,2567,2655,SMU,Tulane,73,62,,,,0,,,,,,,,,,2,,0,Dallas,TX,1,128,,,,-6.0,"30,43","27,35",,,,,,,,
ncaab:400988327,ncaab,2018-01-20T23:00Z,final,38,264,Colorado,Washington,62,72,,,,0,,,,,,,,,,2,,0,Boulder,CO,1,1624,,,,-7.0,"27,35","36,36",,,,,,,,
ncaab:400989039,ncaab,2018-01-20T23:00Z,final,2545,2466,SE Louisiana,N'Western St,85,58,,,,0,,,,,,,,,,2,,0,Hammond,LA,1,13,,,,-6.0,"47,38","35,23",,,,,,,,
ncaab:400989139,ncaab,2018-01-20T23:00Z,final,2305,239,Kansas,Baylor,70,67,,,,0,,,,,,,,,,2,,0,Lawrence,KS,1,263,,,,-6.0,"38,32","27,40",,,,,,,,
ncaab:400990463,ncaab,2018-01-20T23:00Z,final,2031,2032,Little Rock,Arkansas St,62,70,,,,0,,,,,,,,,,2,,0,Little Rock,AR,1,102,,,,-6.0,"28,34","35,35",,,,,,,,
ncaab:400990667,ncaab,2018-01-20T23:00Z,final,166,3084,New Mexico St,Utah Valley,86,59,,,,0,,,,,,,,,,2,,0,Las Cruces,NM,1,1191,,,,-7.0,"39,47","29,30",,,,,,,,
ncaab:400990986,ncaab,2018-01-20T23:00Z,final,2057,2046,Belmont,Austin Peay,83,59,,,,0,,,,,,,,,,2,,0,Nashville,TN,1,170,,,,-6.0,"31,52","26,33",,,,,,,,
ncaab:400992909,ncaab,2018-01-20T23:00Z,final,2504,2029,Prairie View,AR-Pine Bluff,66,72,,,,0,,,,,,,,,,2,,0,Prairie View,TX,1,82,,,,-6.0,"22,44","37,35",,,,,,,,
ncaab:400992930,ncaab,2018-01-20T23:00Z,final,2542,2261,Savannah St,Hampton,103,101,,,,0,,,,,,,,,,2,,0,Savannah,GA,1,6,,,,-5.0,"49,54","48,53",,,,,,,,
ncaab:400992831,ncaab,2018-01-20T23:30Z,final,2016,2010,Alcorn St,Alabama A&M,68,52,,,,0,,,,,,,,,,2,,0,Lorman,MS,1,66,,,,-6.0,"23,45","24,28",,,,,,,,
ncaab:400992850,ncaab,2018-01-20T23:30Z,final,2582,2011,Southern,Alabama St,63,61,,,,0,,,,,,,,,,2,,0,Baton Rouge,LA,1,14,,,,-6.0,"30,33","22,39",,,,,,,,
ncaab:400992884,ncaab,2018-01-20T23:30Z,final,2296,2755,Jackson St,Grambling,45,72,,,,0,,,,,,,,,,2,,0,Jackson,MS,1,85,,,,-6.0,"23,22","46,26",,,,,,,,
ncaab:400988772,ncaab,2018-01-21T00:00Z,final,2747,236,Wofford,Chattanooga,71,67,,,,0,,,,,,,,,,2,,0,Spartanburg,SC,1,246,,,,-5.0,"23,48","31,36",,,,,,,,
ncaab:400990225,ncaab,2018-01-21T00:00Z,final,2649,2309,Toledo,Kent State,72,65,,,,0,,,,,,,,,,2,,0,Toledo,OH,1,186,,,,-5.0,"30,42","30,35",,,,,,,,
ncaab:400990988,ncaab,2018-01-21T00:00Z,final,2198,55,E Kentucky,Jax State,60,68,,,,0,,,,,,,,,,2,,0,Richmond,KY,1,289,,,,-5.0,"26,34","31,37",,,,,,,,
ncaab:400991152,ncaab,2018-01-21T00:00Z,final,2520,2368,Rider,Marist,60,57,,,,0,,,,,,,,,,2,,0,Lawrenceville,NJ,1,37,,,,-5.0,"29,31","23,34",,,,,,,,
ncaab:400991304,ncaab,2018-01-21T00:00Z,final,2464,70,N Arizona,Idaho,80,84,,,,0,,,,,,,,,,2,,0,Flagstaff,AZ,1,2104,,,,-7.0,"36,44","32,52",,,,,,,,
ncaab:400991443,ncaab,2018-01-21T00:00Z,final,2210,2729,Elon,William & Mary,73,80,,,,0,,,,,,,,,,2,,0,Elon,NC,1,215,,,,-5.0,"34,39","36,44",,,,,,,,
ncaab:400991483,ncaab,2018-01-21T00:00Z,final,350,119,UNC Wilmington,Towson,73,71,,,,0,,,,,,,,,,2,,0,Wilmington,NC,1,9,,,,-5.0,"31,30,12","36,25,10",,,,,,,,
ncaab:400991617,ncaab,2018-01-21T00:00Z,final,171,172,Columbia,Cornell,88,62,,,,0,,,,,,,,,,2,,0,New York,NY,1,10,,,,-5.0,"43,45","29,33",,,,,,,,
ncaab:400991645,ncaab,2018-01-21T00:00Z,final,159,108,Dartmouth,Harvard,57,62,,,,0,,,,,,,,,,2,,0,Hanover,NH,1,162,,,,-5.0,"18,30,9","27,21,14",,,,,,,,
ncaab:400991786,ncaab,2018-01-21T00:00Z,final,167,21,New Mexico,San Diego St,79,75,,,,0,,,,,,,,,,2,,0,Albuquerque,NM,1,1511,,,,-7.0,"38,41","48,27",,,,,,,,
ncaab:400992145,ncaab,2018-01-21T00:00Z,final,2754,85,Youngstown St,IU Indy,85,62,,,,0,,,,,,,,,,2,,0,Youngstown,OH,1,259,,,,-5.0,"48,37","35,27",,,,,,,,
ncaab:400992433,ncaab,2018-01-21T00:00Z,final,2463,13,CSU Northridge,Cal Poly,72,54,,,,0,,,,,,,,,,2,,0,Northridge,CA,1,246,,,,-8.0,"36,36","21,33",,,,,,,,
ncaab:400992620,ncaab,2018-01-21T00:00Z,final,2348,242,Louisiana Tech,Rice,69,54,,,,0,,,,,,,,,,2,,0,Ruston,LA,1,102,,,,-6.0,"34,35","28,26",,,,,,,,
ncaab:400992621,ncaab,2018-01-21T00:00Z,final,2229,2429,FIU,Charlotte,79,59,,,,0,,,,,,,,,,2,,0,Miami,FL,1,2,,,,-5.0,"41,38","24,35",,,,,,,,
ncaab:400992623,ncaab,2018-01-21T00:00Z,final,98,2393,Western KY,MTSU,62,66,,,,0,,,,,,,,,,2,,0,Bowling Green,KY,1,161,,,,-6.0,"22,40","29,37",,,,,,,,
ncaab:400992624,ncaab,2018-01-21T00:00Z,final,276,5,Marshall,UAB,86,78,,,,0,,,,,,,,,,2,,0,Huntington,WV,1,173,,,,-5.0,"45,31,10","37,39,2",,,,,,,,
ncaab:400989037,ncaab,2018-01-21T00:30Z,final,2443,2916,LSU N Orleans,Incarnate Word,74,70,,,,0,,,,,,,,,,2,,0,New Orleans,LA,1,0,,,,-6.0,"34,40","38,32",,,,,,,,
ncaab:400986894,ncaab,2018-01-21T01:00Z,final,2541,2250,Santa Clara,Gonzaga,60,75,,,,0,,,,,,,,,,2,,0,Santa Clara,CA,1,23,,,,-8.0,"29,31","36,39",,,,,,,,
ncaab:400988078,ncaab,2018-01-21T01:00Z,final,202,235,Tulsa,Memphis,64,51,,,,0,,,,,,,,,,2,,0,Tulsa,OK,1,220,,,,-6.0,"33,31","20,31",,,,,,,,
ncaab:400988328,ncaab,2018-01-21T01:00Z,final,204,30,Oregon St,USC,67,74,,,,0,,,,,,,,,,2,,0,Corvallis,OR,1,71,,,,-8.0,"33,34","35,39",,,,,,,,
ncaab:400989040,ncaab,2018-01-21T01:00Z,final,2277,2377,Hou Christian,McNeese,81,86,,,,0,,,,,,,,,,2,,0,Houston,TX,1,12,,,,-6.0,"45,36","45,41",,,,,,,,
ncaab:400989389,ncaab,2018-01-21T01:00Z,final,2710,2571,W Illinois,S Dakota St,70,98,,,,0,,,,,,,,,,2,,0,Macomb,IL,1,215,,,,-6.0,"30,40","44,54",,,,,,,,
ncaab:400989390,ncaab,2018-01-21T01:00Z,final,2437,233,Omaha,South Dakota,71,85,,,,0,,,,,,,,,,2,,0,Omaha,NE,1,323,,,,-6.0,"32,39","50,35",,,,,,,,
ncaab:400989391,ncaab,2018-01-21T01:00Z,final,198,2172,Oral Roberts,Denver,64,73,,,,0,,,,,,,,,,2,,0,Tulsa,OK,1,220,,,,-6.0,"25,39","34,39",,,,,,,,
ncaab:400989706,ncaab,2018-01-21T01:00Z,final,71,339,Bradley,Evansville,66,53,,,,0,,,,,,,,,,2,,0,Peoria,IL,1,153,,,,-6.0,"36,30","25,28",,,,,,,,
ncaab:400990665,ncaab,2018-01-21T01:00Z,final,292,2547,UT Rio Grande,Seattle U,76,79,,,,0,,,,,,,,,,2,,0,Edinburg,TX,1,30,,,,-6.0,"34,37,5","37,34,8",,,,,,,,
ncaab:400990666,ncaab,2018-01-21T01:00Z,final,140,2253,Kansas City,Grand Canyon,69,86,,,,0,,,,,,,,,,2,,0,Kansas City,MO,1,274,,,,-6.0,"32,37","47,39",,,,,,,,
ncaab:400992160,ncaab,2018-01-21T01:00Z,final,270,2750,Milwaukee,Wright St,66,61,,,,0,,,,,,,,,,2,,0,Milwaukee,WI,1,188,,,,-6.0,"37,29","30,31",,,,,,,,
ncaab:400987324,ncaab,2018-01-21T01:15Z,final,96,57,Kentucky,Florida,64,66,,,,0,,,,,,,,,,2,,0,Lexington,KY,1,295,,,,-5.0,"31,33","33,33",,,,,,,,
ncaab:400987325,ncaab,2018-01-21T01:30Z,final,333,344,Alabama,Mississippi St,68,62,,,,0,,,,,,,,,,2,,0,Tuscaloosa,AL,1,68,,,,-6.0,"41,27","22,40",,,,,,,,
ncaab:400992622,ncaab,2018-01-21T01:30Z,final,2636,2638,UTSA,UTEP,65,61,,,,0,,,,,,,,,,2,,0,San Antonio,TX,1,198,,,,-6.0,"38,27","42,19",,,,,,,,
ncaab:400992897,ncaab,2018-01-21T01:30Z,final,2640,2400,Texas Southern,Miss Valley St,91,77,,,,0,,,,,,,,,,2,,0,Houston,TX,1,12,,,,-6.0,"42,49","46,31",,,,,,,,
ncaab:400986866,ncaab,2018-01-21T02:00Z,final,252,301,BYU,San Diego,74,58,,,,0,,,,,,,,,,2,,0,Provo,UT,1,1387,,,,-7.0,"35,39","26,32",,,,,,,,
ncaab:400990989,ncaab,2018-01-21T02:00Z,final,2634,93,Tennessee St,Murray St,57,76,,,,0,,,,,,,,,,2,,0,Nashville,TN,1,170,,,,-6.0,"26,31","38,38",,,,,,,,
ncaab:400991302,ncaab,2018-01-21T02:00Z,final,147,149,Montana St,Montana,52,67,,,,0,,,,,,,,,,2,,0,Bozeman,MT,1,1468,,,,-7.0,"33,19","33,34",,,,,,,,
ncaab:400991303,ncaab,2018-01-21T02:00Z,final,2458,155,N Colorado,North Dakota,94,91,,,,0,,,,,,,,,,2,,0,Greeley,CO,1,1425,,,,-7.0,"46,37,11","37,46,8",,,,,,,,
ncaab:400991306,ncaab,2018-01-21T02:00Z,final,2692,2502,Weber St,Portland St,84,79,,,,0,,,,,,,,,,2,,0,Ogden,UT,1,1311,,,,-7.0,"36,48","33,46",,,,,,,,
ncaab:400991307,ncaab,2018-01-21T02:00Z,final,304,16,Idaho St,Sacramento St,71,65,,,,0,,,,,,,,,,2,,0,Pocatello,ID,1,1360,,,,-7.0,"38,33","37,28",,,,,,,,
ncaab:400991822,ncaab,2018-01-21T02:00Z,final,328,2751,Utah State,Wyoming,77,85,,,,0,,,,,,,,,,2,,0,Logan,UT,1,1382,,,,-7.0,"25,52","42,43",,,,,,,,
ncaab:400986918,ncaab,2018-01-21T03:00Z,final,2351,2501,LMU,Portland,65,72,,,,0,,,,,,,,,,2,,0,Los Angeles,CA,1,89,,,,-8.0,"27,38","39,33",,,,,,,,
ncaab:400986944,ncaab,2018-01-21T03:00Z,final,279,2608,Pacific,Saint Mary's,69,72,,,,0,,,,,,,,,,2,,0,Stockton,CA,1,4,,,,-8.0,"32,37","28,44",,,,,,,,
ncaab:400986967,ncaab,2018-01-21T03:00Z,final,2539,2492,San Francisco,Pepperdine,80,73,,,,0,,,,,,,,,,2,,0,San Francisco,CA,1,16,,,,-8.0,"37,43","30,43",,,,,,,,
ncaab:400991716,ncaab,2018-01-21T03:00Z,final,2440,68,Nevada,Boise St,74,68,,,,0,,,,,,,,,,2,,0,Reno,NV,1,1373,,,,-8.0,"35,39","29,39",,,,,,,,
ncaab:400988329,ncaab,2018-01-21T03:15Z,final,2483,26,Oregon,UCLA,94,91,,,,0,,,,,,,,,,2,,0,Eugene,OR,1,131,,,,-8.0,"52,42","38,53",,,,,,,,
ncaab:400988330,ncaab,2018-01-21T03:30Z,final,25,9,California,Arizona St,73,81,,,,0,,,,,,,,,,2,,0,Berkeley,CA,1,52,,,,-8.0,"30,43","41,40",,,,,,,,
ncaab:400992452,ncaab,2018-01-21T03:30Z,final,299,2239,Long Beach St,Fullerton,81,73,,,,0,,,,,,,,,,2,,0,Long Beach,CA,1,9,,,,-8.0,"46,35","29,44",,,,,,,,
ncaab:400992489,ncaab,2018-01-21T04:59Z,final,62,302,Hawai'i,UC Davis,77,72,,,,0,,,,,,,,,,2,,0,Honolulu,HI,1,5,,,,-10.0,"39,38","35,37",,,,,,,,
ncaab:400992522,ncaab,2018-01-21T04:59Z,final,2540,300,Santa Barbara,UC Irvine,70,58,,,,0,,,,,,,,,,2,,0,Santa Barbara,CA,1,15,,,,-8.0,"24,46","25,33",,,,,,,,
ncaab:400986215,ncaab,2018-01-21T17:00Z,final,97,103,Louisville,Boston College,77,69,,,,0,,,,,,,,,,2,,0,Louisville,KY,1,142,,,,-5.0,"31,46","29,40",,,,,,,,
ncaab:400986216,ncaab,2018-01-21T17:00Z,final,152,2390,NC State,Miami,81,86,,,,0,,,,,,,,,,2,,0,Raleigh,NC,1,96,,,,-5.0,"32,49","36,50",,,,,,,,
ncaab:400986521,ncaab,2018-01-21T17:00Z,final,130,164,Michigan,Rutgers,62,47,,,,0,,,,,,,,,,2,,0,Ann Arbor,MI,1,269,,,,-5.0,"27,35","21,26",,,,,,,,
ncaab:400991153,ncaab,2018-01-21T17:00Z,final,2612,2363,Saint Peter's,Manhattan,57,68,,,,0,,,,,,,,,,2,,0,Jersey City,NJ,1,9,,,,-5.0,"29,28","28,40",,,,,,,,
ncaab:400991154,ncaab,2018-01-21T18:00Z,final,314,2099,Iona,Canisius,82,84,,,,0,,,,,,,,,,2,,0,New Rochelle,NY,1,26,,,,-5.0,"42,40","44,40",,,,,,,,
ncaab:400991521,ncaab,2018-01-21T18:00Z,final,42,261,Hartford,Vermont,53,76,,,,0,,,,,,,,,,2,,0,West Hartford,CT,1,40,,,,-5.0,"25,28","38,38",,,,,,,,
ncaab:400991554,ncaab,2018-01-21T18:00Z,final,160,2619,New Hampshire,Stony Brook,53,51,,,,0,,,,,,,,,,2,,0,Durham,NH,1,15,,,,-5.0,"26,27","31,20",,,,,,,,
ncaab:400990004,ncaab,2018-01-21T19:00Z,final,399,2378,UAlbany,UMBC,83,39,,,,0,,,,,,,,,,2,,0,Albany,NY,1,45,,,,-5.0,"36,47","12,27",,,,,,,,
ncaab:400990029,ncaab,2018-01-21T19:00Z,final,2066,2349,Binghamton,UMass Lowell,71,79,,,,0,,,,,,,,,,2,,0,Binghamton,NY,1,264,,,,-5.0,"28,43","33,46",,,,,,,,
ncaab:400991155,ncaab,2018-01-21T19:00Z,final,2514,2561,Quinnipiac,Siena,76,69,,,,0,,,,,,,,,,2,,0,Hamden,CT,1,31,,,,-5.0,"38,38","32,37",,,,,,,,
ncaab:400992278,ncaab,2018-01-21T19:00Z,final,2097,2515,Campbell,Radford,59,56,,,,0,,,,,,,,,,2,,0,Buies Creek,NC,1,63,,,,-5.0,"33,26","35,21",,,,,,,,
ncaab:400992351,ncaab,2018-01-21T19:00Z,final,2335,2427,Liberty,UNC Asheville,68,84,,,,0,,,,,,,,,,2,,0,Lynchburg,VA,1,192,,,,-5.0,"32,36","51,33",,,,,,,,
ncaab:400992334,ncaab,2018-01-21T20:00Z,final,2344,2272,Longwood,High Point,55,75,,,,0,,,,,,,,,,2,,0,Farmville,VA,1,90,,,,-5.0,"21,34","42,33",,,,,,,,
ncaab:400989707,ncaab,2018-01-21T21:00Z,final,79,2460,S Illinois,Northern Iowa,64,53,,,,0,,,,,,,,,,2,,0,Carbondale,IL,1,126,,,,-6.0,"25,39","21,32",,,,,,,,
ncaab:400989708,ncaab,2018-01-21T21:00Z,final,2674,2350,Valparaiso,Loyola Chicago,54,70,,,,0,,,,,,,,,,2,,0,Valparaiso,IN,1,242,,,,-6.0,"23,31","27,43",,,,,,,,
ncaab:400992376,ncaab,2018-01-21T21:00Z,final,2506,2737,Presbyterian,Winthrop,68,81,,,,0,,,,,,,,,,2,,0,Clinton,SC,1,76,,,,-5.0,"33,35","34,47",,,,,,,,
ncaab:400992299,ncaab,2018-01-21T22:30Z,final,2127,2241,Charleston So,Gardner-Webb,83,68,,,,0,,,,,,,,,,2,,0,Charleston,SC,1,6,,,,-5.0,"31,52","30,38",,,,,,,,
ncaab:400986217,ncaab,2018-01-21T23:00Z,final,154,258,Wake Forest,Virginia,49,59,,,,0,,,,,,,,,,2,,0,Winston-Salem,NC,1,293,,,,-5.0,"24,25","22,37",,,,,,,,
ncaab:400988331,ncaab,2018-01-22T01:00Z,final,254,265,Utah,Washington St,82,69,,,,0,,,,,,,,,,2,,0,Salt Lake City,UT,1,1299,,,,-7.0,"42,40","32,37",,,,,,,,
ncaab:400986218,ncaab,2018-01-23T00:00Z,final,259,153,Virginia Tech,North Carolina,80,69,,,,0,,,,,,,,,,2,,0,Blacksburg,VA,1,633,,,,-5.0,"39,41","32,37",,,,,,,,
ncaab:400986524,ncaab,2018-01-23T00:00Z,final,84,120,Indiana,Maryland,71,68,,,,0,,,,,,,,,,2,,0,Bloomington,IN,1,235,,,,-5.0,"42,29","39,29",,,,,,,,
ncaab:400989164,ncaab,2018-01-23T00:00Z,final,251,66,Texas,Iowa State,73,57,,,,0,,,,,,,,,,2,,0,Austin,TX,1,149,,,,-6.0,"38,35","29,28",,,,,,,,
ncaab:400991968,ncaab,2018-01-23T00:00Z,final,44,107,American,Holy Cross,57,60,,,,0,,,,,,,,,,2,,0,Washington,DC,1,7,,,,-5.0,"25,32","23,37",,,,,,,,
ncaab:400992742,ncaab,2018-01-23T00:30Z,final,2415,2169,Morgan St,Delaware St,61,47,,,,0,,,,,,,,,,2,,0,Baltimore,MD,1,10,,,,-5.0,"30,31","23,24",,,,,,,,
ncaab:400992773,ncaab,2018-01-23T00:30Z,final,47,2448,Howard,NC A&T,90,88,,,,0,,,,,,,,,,2,,0,Washington,DC,1,7,,,,-5.0,"41,32,17","29,44,15",,,,,,,,
ncaab:400992815,ncaab,2018-01-23T00:30Z,final,2379,2428,MD Eastern,NC Central,60,63,,,,0,,,,,,,,,,2,,0,Princess Anne,MD,1,5,,,,-5.0,"27,33","28,35",,,,,,,,
ncaab:400992939,ncaab,2018-01-23T00:30Z,final,2569,2261,SC State,Hampton,84,91,,,,0,,,,,,,,,,2,,0,Orangeburg,SC,1,74,,,,-5.0,"37,47","42,49",,,,,,,,
ncaab:400986522,ncaab,2018-01-23T01:00Z,final,194,158,Ohio State,Nebraska,64,59,,,,0,,,,,,,,,,2,,0,Columbus,OH,1,235,,,,-5.0,"24,40","22,37",,,,,,,,
ncaab:400992797,ncaab,2018-01-23T01:00Z,final,2542,2450,Savannah St,Norfolk St,104,99,,,,0,,,,,,,,,,2,,0,Savannah,GA,1,6,,,,-5.0,"41,48,15","38,51,10",,,,,,,,
ncaab:400992851,ncaab,2018-01-23T01:00Z,final,2016,2011,Alcorn St,Alabama St,81,64,,,,0,,,,,,,,,,2,,0,Lorman,MS,1,66,,,,-6.0,"45,36","38,26",,,,,,,,
ncaab:401013487,ncaab,2018-01-23T01:15Z,final,2653,2026,Troy,App State,81,79,,,,0,,,,,,,,,,2,,0,Troy,AL,1,165,,,,-6.0,"35,46","38,41",,,,,,,,
ncaab:400992832,ncaab,2018-01-23T01:30Z,final,2582,2010,Southern,Alabama A&M,62,61,,,,0,,,,,,,,,,2,,0,Baton Rouge,LA,1,14,,,,-6.0,"34,28","26,35",,,,,,,,
ncaab:400992898,ncaab,2018-01-23T01:30Z,final,2504,2400,Prairie View,Miss Valley St,93,77,,,,0,,,,,,,,,,2,,0,Prairie View,TX,1,82,,,,-6.0,"53,40","32,45",,,,,,,,
ncaab:400992924,ncaab,2018-01-23T01:30Z,final,2640,2029,Texas Southern,AR-Pine Bluff,72,74,,,,0,,,,,,,,,,2,,0,Houston,TX,1,12,,,,-6.0,"28,44","32,42",,,,,,,,
ncaab:400986523,ncaab,2018-01-23T02:00Z,final,356,127,Illinois,Michigan St,74,87,,,,0,,,,,,,,,,2,,0,Champaign,IL,1,225,,,,-6.0,"32,42","39,48",,,,,,,,
ncaab:400989140,ncaab,2018-01-23T02:00Z,final,239,2306,Baylor,Kansas St,83,90,,,,0,,,,,,,,,,2,,0,Waco,TX,1,143,,,,-6.0,"40,43","45,45",,,,,,,,
ncaab:400989251,ncaab,2018-01-23T02:00Z,final,2628,277,TCU,West Virginia,82,73,,,,0,,,,,,,,,,2,,0,Fort Worth,TX,1,199,,,,-6.0,"35,47","33,40",,,,,,,,
ncaab:400987329,ncaab,2018-01-23T23:30Z,final,61,8,Georgia,Arkansas,77,80,,,,0,,,,,,,,,,2,,0,Athens,GA,1,228,,,,-5.0,"33,30,6,8","28,35,6,11",,,,,,,,
ncaab:400988584,ncaab,2018-01-23T23:30Z,final,222,2507,Villanova,Providence,89,69,,,,0,,,,,,,,,,2,,0,Philadelphia,PA,1,12,,,,-5.0,"39,50","30,39",,,,,,,,
ncaab:400986219,ncaab,2018-01-24T00:00Z,final,258,228,Virginia,Clemson,61,36,,,,0,,,,,,,,,,2,,0,Charlottesville,VA,1,142,,,,-5.0,"27,34","23,13",,,,,,,,
ncaab:400986525,ncaab,2018-01-24T00:00Z,final,2294,275,Iowa,Wisconsin,85,67,,,,0,,,,,,,,,,2,,0,Iowa City,IA,1,204,,,,-6.0,"37,48","28,39",,,,,,,,
ncaab:400987331,ncaab,2018-01-24T00:00Z,final,2633,238,Tennessee,Vanderbilt,67,62,,,,0,,,,,,,,,,2,,0,Knoxville,TN,1,276,,,,-5.0,"32,35","15,47",,,,,,,,
ncaab:400989185,ncaab,2018-01-24T00:00Z,final,201,2305,Oklahoma,Kansas,85,80,,,,0,,,,,,,,,,2,,0,Norman,OK,1,357,,,,-6.0,"43,42","41,39",,,,,,,,
ncaab:400989234,ncaab,2018-01-24T00:00Z,final,2641,197,Texas Tech,Oklahoma St,75,70,,,,0,,,,,,,,,,2,,0,Lubbock,TX,1,976,,,,-6.0,"25,50","37,33",,,,,,,,
ncaab:400989788,ncaab,2018-01-24T00:00Z,final,2168,2166,Dayton,Davidson,65,64,,,,0,,,,,,,,,,2,,0,Dayton,OH,1,225,,,,-5.0,"31,34","26,38",,,,,,,,
ncaab:400990227,ncaab,2018-01-24T00:00Z,final,2006,195,Akron,Ohio,71,68,,,,0,,,,,,,,,,2,,0,Akron,OH,1,291,,,,-5.0,"36,35","29,39",,,,,,,,
ncaab:400990228,ncaab,2018-01-24T00:00Z,final,2084,2199,Buffalo,E Michigan,83,69,,,,0,,,,,,,,,,2,,0,Buffalo,NY,1,183,,,,-5.0,"39,44","17,52",,,,,,,,
ncaab:400990229,ncaab,2018-01-24T00:00Z,final,2117,193,C Michigan,Miami OH,61,70,,,,0,,,,,,,,,,2,,0,Mount Pleasant,MI,1,235,,,,-5.0,"27,34","33,37",,,,,,,,
ncaab:400990230,ncaab,2018-01-24T00:00Z,final,2711,2649,W Michigan,Toledo,81,85,,,,0,,,,,,,,,,2,,0,Kalamazoo,MI,1,239,,,,-5.0,"41,40","43,42",,,,,,,,
ncaab:400990231,ncaab,2018-01-24T00:00Z,final,2309,2050,Kent State,Ball State,88,80,,,,0,,,,,,,,,,2,,0,Kent,OH,1,325,,,,-5.0,"38,33,17","31,40,9",,,,,,,,
ncaab:400990668,ncaab,2018-01-24T00:00Z,final,140,2911,Kansas City,William Jewell,74,86,,,,0,,,,,,,,,,2,,0,Kansas City,MO,1,274,,,,-6.0,"32,42","38,48",,,,,,,,
ncaab:400991156,ncaab,2018-01-24T00:00Z,final,2217,2520,Fairfield,Rider,88,90,,,,0,,,,,,,,,,2,,0,Bridgeport,CT,1,1,,,,-5.0,"42,46","45,45",,,,,,,,
ncaab:400992279,ncaab,2018-01-24T00:00Z,final,2335,2097,Liberty,Campbell,85,94,,,,0,,,,,,,,,,2,,0,Lynchburg,VA,1,192,,,,-5.0,"42,43","47,47",,,,,,,,
ncaab:400989392,ncaab,2018-01-24T01:00Z,final,198,2194,Oral Roberts,E TX Baptist,93,66,,,,0,,,,,,,,,,2,,0,Tulsa,OK,1,220,,,,-6.0,"44,49","39,27",,,,,,,,
ncaab:400989709,ncaab,2018-01-24T01:00Z,final,71,2623,Bradley,Missouri St,72,52,,,,0,,,,,,,,,,2,,0,Peoria,IL,1,153,,,,-6.0,"29,43","28,24",,,,,,,,
ncaab:400990232,ncaab,2018-01-24T01:00Z,final,2459,189,N Illinois,Bowling Green,93,62,,,,0,,,,,,,,,,2,,0,Dekalb,IL,1,268,,,,-6.0,"35,58","28,34",,,,,,,,
ncaab:400987330,ncaab,2018-01-24T01:30Z,final,145,333,Ole Miss,Alabama,78,66,,,,0,,,,,,,,,,2,,0,Oxford,MS,1,154,,,,-6.0,"41,37","31,35",,,,,,,,
ncaab:400988585,ncaab,2018-01-24T01:30Z,final,2599,156,St John's,Creighton,63,68,,,,0,,,,,,,,,,2,,0,Queens,NY,1,12,,,,-5.0,"25,38","36,32",,,,,,,,
ncaab:400986220,ncaab,2018-01-24T02:00Z,final,154,150,Wake Forest,Duke,70,84,,,,0,,,,,,,,,,2,,0,Winston-Salem,NC,1,293,,,,-5.0,"30,40","41,43",,,,,,,,
ncaab:400986526,ncaab,2018-01-24T02:00Z,final,135,77,Minnesota,Northwestern,69,77,,,,0,,,,,,,,,,2,,0,Minneapolis,MN,1,253,,,,-6.0,"40,29","34,43",,,,,,,,
ncaab:400987327,ncaab,2018-01-24T02:00Z,final,99,245,LSU,Texas A&M,77,65,,,,0,,,,,,,,,,2,,0,Baton Rouge,LA,1,14,,,,-6.0,"41,36","26,39",,,,,,,,
ncaab:400987328,ncaab,2018-01-24T02:00Z,final,96,344,Kentucky,Mississippi St,78,65,,,,0,,,,,,,,,,2,,0,Lexington,KY,1,295,,,,-5.0,"38,40","36,29",,,,,,,,
ncaab:400989926,ncaab,2018-01-24T02:00Z,final,139,2670,Saint Louis,VCU,74,75,,,,0,,,,,,,,,,2,,0,St. Louis,MO,1,142,,,,-6.0,"29,32,13","24,37,14",,,,,,,,
ncaab:400990669,ncaab,2018-01-24T02:00Z,final,2253,3078,Grand Canyon,Jessup,96,80,,,,0,,,,,,,,,,2,,0,Phoenix,AZ,1,331,,,,-7.0,"46,50","43,37",,,,,,,,
ncaab:400991753,ncaab,2018-01-24T04:00Z,final,278,2439,Fresno St,UNLV,69,63,,,,0,,,,,,,,,,2,,0,Fresno,CA,1,94,,,,-8.0,"36,33","29,34",,,,,,,,
ncaab:400988586,ncaab,2018-01-24T23:30Z,final,2752,269,Xavier,Marquette,89,70,,,,0,,,,,,,,,,2,,0,Cincinnati,OH,1,191,,,,-5.0,"51,38","33,37",,,,,,,,
ncaab:400986221,ncaab,2018-01-25T00:00Z,final,52,59,Florida St,Georgia Tech,88,77,,,,0,,,,,,,,,,2,,0,Tallahassee,FL,1,62,,,,-5.0,"50,38","36,41",,,,,,,,
ncaab:400986222,ncaab,2018-01-25T00:00Z,final,183,103,Syracuse,Boston College,81,63,,,,0,,,,,,,,,,2,,0,Syracuse,NY,1,121,,,,-5.0,"47,34","37,26",,,,,,,,
ncaab:400986527,ncaab,2018-01-25T00:00Z,final,164,158,Rutgers,Nebraska,54,60,,,,0,,,,,,,,,,2,,0,Piscataway,NJ,1,30,,,,-5.0,"25,29","27,33",,,,,,,,
ncaab:400987332,ncaab,2018-01-25T00:00Z,final,57,2579,Florida,South Carolina,72,77,,,,0,,,,,,,,,,2,,0,Gainesville,FL,1,54,,,,-5.0,"37,35","39,38",,,,,,,,
ncaab:400988773,ncaab,2018-01-25T00:00Z,final,236,2535,Chattanooga,Samford,78,71,,,,0,,,,,,,,,,2,,0,Chattanooga,TN,1,206,,,,-5.0,"37,41","22,49",,,,,,,,
ncaab:400988774,ncaab,2018-01-25T00:00Z,final,2678,2747,VMI,Wofford,46,63,,,,0,,,,,,,,,,2,,0,Lexington,VA,1,324,,,,-5.0,"18,28","31,32",,,,,,,,
ncaab:400988775,ncaab,2018-01-25T00:00Z,final,2193,2382,ETSU,Mercer,84,75,,,,0,,,,,,,,,,2,,0,Johnson City,TN,1,498,,,,-5.0,"39,45","35,40",,,,,,,,
ncaab:400988776,ncaab,2018-01-25T00:00Z,final,2430,231,UNC Greensboro,Furman,71,61,,,,0,,,,,,,,,,2,,0,Greensboro,NC,1,266,,,,-5.0,"32,39","34,27",,,,,,,,
ncaab:400989849,ncaab,2018-01-25T00:00Z,final,2184,257,Duquesne,Richmond,73,77,,,,0,,,,,,,,,,2,,0,Pittsburgh,PA,1,233,,,,-5.0,"28,40,5","34,34,9",,,,,,,,
ncaab:400989870,ncaab,2018-01-25T00:00Z,final,2230,227,Fordham,Rhode Island,58,78,,,,0,,,,,,,,,,2,,0,Bronx,NY,1,28,,,,-5.0,"27,31","36,42",,,,,,,,
ncaab:400989943,ncaab,2018-01-25T00:00Z,final,179,2603,St Bonaventure,Saint Joseph's,70,67,,,,0,,,,,,,,,,2,,0,Saint Bonaventure,NY,1,435,,,,-5.0,"33,37","33,34",,,,,,,,
ncaab:400990005,ncaab,2018-01-25T00:00Z,final,261,399,Vermont,UAlbany,61,50,,,,0,,,,,,,,,,2,,0,Burlington,VT,1,61,,,,-5.0,"34,27","23,27",,,,,,,,
ncaab:400990030,ncaab,2018-01-25T00:00Z,final,2378,2066,UMBC,Binghamton,69,57,,,,0,,,,,,,,,,2,,0,Baltimore,MD,1,10,,,,-5.0,"36,33","18,39",,,,,,,,
ncaab:400990076,ncaab,2018-01-25T00:00Z,final,2325,113,La Salle,UMass,87,72,,,,0,,,,,,,,,,2,,0,Philadelphia,PA,1,12,,,,-5.0,"47,40","27,45",,,,,,,,
ncaab:400991157,ncaab,2018-01-25T00:00Z,final,315,2363,Niagara,Manhattan,72,63,,,,0,,,,,,,,,,2,,0,Niagara Falls,NY,1,187,,,,-5.0,"40,32","33,30",,,,,,,,
ncaab:400991537,ncaab,2018-01-25T00:00Z,final,311,160,Maine,New Hampshire,69,68,,,,0,,,,,,,,,,2,,0,Bangor,ME,1,36,,,,-5.0,"42,27","40,28",,,,,,,,
ncaab:400991565,ncaab,2018-01-25T00:00Z,final,2349,2619,UMass Lowell,Stony Brook,82,79,,,,0,,,,,,,,,,2,,0,Lowell,MA,1,36,,,,-5.0,"36,35,11","36,35,8",,,,,,,,
ncaab:400991865,ncaab,2018-01-25T00:00Z,final,2454,526,North Florida,FGCU,87,96,,,,0,,,,,,,,,,2,,0,Jacksonville,FL,1,5,,,,-5.0,"41,46","53,43",,,,,,,,
ncaab:400991890,ncaab,2018-01-25T00:00Z,final,294,56,Jacksonville,Stetson,76,69,,,,0,,,,,,,,,,2,,0,Jacksonville,FL,1,5,,,,-5.0,"36,40","33,36",,,,,,,,
ncaab:400991903,ncaab,2018-01-25T00:00Z,final,338,2885,Kennesaw St,NJIT,60,66,,,,0,,,,,,,,,,2,,0,Kennesaw,GA,1,332,,,,-5.0,"29,31","32,34",,,,,,,,
ncaab:400991986,ncaab,2018-01-25T00:00Z,final,349,2142,Army,Colgate,78,81,,,,0,,,,,,,,,,2,,0,West Point,NY,1,47,,,,-5.0,"37,41","34,47",,,,,,,,
ncaab:400992003,ncaab,2018-01-25T00:00Z,final,322,104,Lafayette,Boston U,72,75,,,,0,,,,,,,,,,2,,0,Easton,PA,1,97,,,,-5.0,"34,38","30,45",,,,,,,,
ncaab:400992015,ncaab,2018-01-25T00:00Z,final,2426,2083,Navy,Bucknell,67,87,,,,0,,,,,,,,,,2,,0,Annapolis,MD,1,12,,,,-5.0,"33,34","47,40",,,,,,,,
ncaab:400992050,ncaab,2018-01-25T00:00Z,final,2329,2352,Lehigh,Loyola MD,88,91,,,,0,,,,,,,,,,2,,0,Bethlehem,PA,1,109,,,,-5.0,"38,34,7,9","28,44,7,12",,,,,,,,
ncaab:400992319,ncaab,2018-01-25T00:00Z,final,2427,2241,UNC Asheville,Gardner-Webb,65,60,,,,0,,,,,,,,,,2,,0,Asheville,NC,1,649,,,,-5.0,"29,36","31,29",,,,,,,,
ncaab:400992335,ncaab,2018-01-25T00:00Z,final,2272,2515,High Point,Radford,76,78,,,,0,,,,,,,,,,2,,0,High Point,NC,1,281,,,,-5.0,"41,24,11","27,38,13",,,,,,,,
ncaab:400992363,ncaab,2018-01-25T00:00Z,final,2344,2737,Longwood,Winthrop,78,95,,,,0,,,,,,,,,,2,,0,Farmville,VA,1,90,,,,-5.0,"44,34","41,54",,,,,,,,
ncaab:400989041,ncaab,2018-01-25T00:30Z,final,2466,2443,N'Western St,LSU N Orleans,67,73,,,,0,,,,,,,,,,2,,0,Natchitoches,LA,1,36,,,,-6.0,"31,36","35,38",,,,,,,,
ncaab:400989042,ncaab,2018-01-25T00:30Z,final,2534,2545,Sam Houston,SE Louisiana,75,65,,,,0,,,,,,,,,,2,,0,Huntsville,TX,1,113,,,,-6.0,"27,48","32,33",,,,,,,,
ncaab:400991916,ncaab,2018-01-25T00:30Z,final,288,2908,Lipscomb,SC Upstate,92,78,,,,0,,,,,,,,,,2,,0,Nashville,TN,1,170,,,,-6.0,"42,50","29,49",,,,,,,,
ncaab:400992300,ncaab,2018-01-25T00:30Z,final,2127,2506,Charleston So,Presbyterian,49,57,,,,0,,,,,,,,,,2,,0,Charleston,SC,1,6,,,,-5.0,"26,23","33,24",,,,,,,,
ncaab:400986223,ncaab,2018-01-25T01:00Z,final,2390,97,Miami,Louisville,78,75,,,,0,,,,,,,,,,2,,0,Coral Gables,FL,1,3,,,,-5.0,"37,32,9","38,31,6",,,,,,,,
ncaab:400989043,ncaab,2018-01-25T01:00Z,final,357,2000,Texas A&M-CC,Abilene Chrstn,80,66,,,,0,,,,,,,,,,2,,0,Corpus Christi,TX,1,2,,,,-6.0,"39,41","33,33",,,,,,,,
ncaab:400989044,ncaab,2018-01-25T01:00Z,final,2110,2617,C Arkansas,SF Austin,100,92,,,,0,,,,,,,,,,2,,0,Conway,AR,1,95,,,,-6.0,"43,57","44,48",,,,,,,,
ncaab:400989045,ncaab,2018-01-25T01:00Z,final,2277,2916,Hou Christian,Incarnate Word,102,86,,,,0,,,,,,,,,,2,,0,Houston,TX,1,12,,,,-6.0,"44,58","36,50",,,,,,,,
ncaab:400989046,ncaab,2018-01-25T01:00Z,final,2320,2447,Lamar,Nicholls,74,79,,,,0,,,,,,,,,,2,,0,Beaumont,TX,1,5,,,,-6.0,"42,32","45,34",,,,,,,,
ncaab:400989393,ncaab,2018-01-25T01:00Z,final,233,2571,South Dakota,S Dakota St,87,68,,,,0,,,,,,,,,,2,,0,Vermillion,SD,1,374,,,,-6.0,"38,49","32,36",,,,,,,,
ncaab:400989710,ncaab,2018-01-25T01:00Z,final,2460,2287,Northern Iowa,Illinois St,83,72,,,,0,,,,,,,,,,2,,0,Cedar Falls,IA,1,268,,,,-6.0,"41,42","19,53",,,,,,,,
ncaab:400989711,ncaab,2018-01-25T01:00Z,final,79,282,S Illinois,Indiana St,82,77,,,,0,,,,,,,,,,2,,0,Carbondale,IL,1,126,,,,-6.0,"41,41","29,48",,,,,,,,
ncaab:400989712,ncaab,2018-01-25T01:00Z,final,2674,339,Valparaiso,Evansville,65,75,,,,0,,,,,,,,,,2,,0,Valparaiso,IN,1,242,,,,-6.0,"30,35","38,37",,,,,,,,
ncaab:400989713,ncaab,2018-01-25T01:00Z,final,2181,2350,Drake,Loyola Chicago,57,80,,,,0,,,,,,,,,,2,,0,Des Moines,IA,1,266,,,,-6.0,"31,26","29,51",,,,,,,,
ncaab:400988587,ncaab,2018-01-25T01:30Z,final,46,305,Georgetown,DePaul,73,74,,,,0,,,,,,,,,,2,,0,Washington,DC,1,7,,,,-5.0,"33,40","37,37",,,,,,,,
ncaab:400986224,ncaab,2018-01-25T02:00Z,final,221,152,Pitt,NC State,68,72,,,,0,,,,,,,,,,2,,0,Pittsburgh,PA,1,233,,,,-5.0,"43,25","33,39",,,,,,,,
ncaab:400986528,ncaab,2018-01-25T02:00Z,final,356,84,Illinois,Indiana,73,71,,,,0,,,,,,,,,,2,,0,Champaign,IL,1,225,,,,-6.0,"32,41","38,33",,,,,,,,
ncaab:400987333,ncaab,2018-01-25T02:00Z,final,142,2,Missouri,Auburn,73,91,,,,0,,,,,,,,,,2,,0,Columbia,MO,1,215,,,,-6.0,"36,37","41,50",,,,,,,,
ncaab:400988080,ncaab,2018-01-25T02:00Z,final,2132,218,Cincinnati,Temple,75,42,,,,0,,,,,,,,,,2,,0,Highland Heights,KY,1,260,,,,-5.0,"35,40","19,23",,,,,,,,
ncaab:400988332,ncaab,2018-01-25T02:00Z,final,30,24,USC,Stanford,69,64,,,,0,,,,,,,,,,2,,0,Los Angeles,CA,1,89,,,,-8.0,"41,28","26,38",,,,,,,,
ncaab:400991695,ncaab,2018-01-25T02:00Z,final,328,2005,Utah State,Air Force,71,49,,,,0,,,,,,,,,,2,,0,Logan,UT,1,1382,,,,-7.0,"29,42","25,24",,,,,,,,
ncaab:400991717,ncaab,2018-01-25T03:00Z,final,68,23,Boise St,San José St,94,71,,,,0,,,,,,,,,,2,,0,Boise,ID,1,823,,,,-7.0,"47,47","34,37",,,,,,,,
ncaab:400992523,ncaab,2018-01-25T03:00Z,final,300,27,UC Irvine,UC Riverside,79,40,,,,0,,,,,,,,,,2,,0,Irvine,CA,1,17,,,,-8.0,"39,40","19,21",,,,,,,,
ncaab:400991735,ncaab,2018-01-25T04:00Z,final,21,36,San Diego St,Colorado St,97,78,,,,0,,,,,,,,,,2,,0,San Diego,CA,1,20,,,,-8.0,"47,50","33,45",,,,,,,,
ncaab:400991772,ncaab,2018-01-25T04:00Z,final,2751,2440,Wyoming,Nevada,104,103,,,,0,,,,,,,,,,2,,0,Laramie,WY,1,2184,,,,-7.0,"38,36,15,15","35,39,15,14",,,,,,,,
ncaab:400986530,ncaab,2018-01-26T00:00Z,final,2509,130,Purdue,Michigan,92,88,,,,0,,,,,,,,,,2,,0,West Lafayette,IN,1,186,,,,-5.0,"41,51","36,52",,,,,,,,
ncaab:400988081,ncaab,2018-01-26T00:00Z,final,41,2567,UConn,SMU,63,52,,,,0,,,,,,,,,,2,,0,Storrs,CT,1,187,,,,-5.0,"27,36","24,28",,,,,,,,
ncaab:400990581,ncaab,2018-01-26T00:00Z,final,48,232,Delaware,Charleston,54,62,,,,0,,,,,,,,,,2,,0,Newark,DE,1,38,,,,-5.0,"23,31","25,37",,,,,,,,
ncaab:400990820,ncaab,2018-01-26T00:00Z,final,2803,2115,Bryant,C Connecticut,74,80,,,,0,,,,,,,,,,2,,0,Smithfield,RI,1,84,,,,-5.0,"25,49","40,40",,,,,,,,
ncaab:400990821,ncaab,2018-01-26T00:00Z,final,161,2597,FDU,St Francis BK,70,76,,,,0,,,,,,,,,,2,,0,Hackensack,NJ,1,6,,,,-5.0,"30,40","37,39",,,,,,,,
ncaab:400990994,ncaab,2018-01-26T00:00Z,final,93,2413,Murray St,Morehead St,87,81,,,,0,,,,,,,,,,2,,0,Murray,KY,1,163,,,,-6.0,"36,51","26,55",,,,,,,,
ncaab:400991158,ncaab,2018-01-26T00:00Z,final,2368,2514,Marist,Quinnipiac,77,85,,,,0,,,,,,,,,,2,,0,Poughkeepsie,NY,1,62,,,,-5.0,"39,38","33,52",,,,,,,,
ncaab:400991159,ncaab,2018-01-26T00:00Z,final,2405,2561,Monmouth,Siena,67,56,,,,0,,,,,,,,,,2,,0,West Long Branch,NJ,1,9,,,,-5.0,"29,38","30,26",,,,,,,,
ncaab:400991424,ncaab,2018-01-26T00:00Z,final,2182,2210,Drexel,Elon,83,79,,,,0,,,,,,,,,,2,,0,Philadelphia,PA,1,12,,,,-5.0,"31,52","34,45",,,,,,,,
ncaab:400991458,ncaab,2018-01-26T00:00Z,final,2275,111,Hofstra,Northeastern,67,81,,,,0,,,,,,,,,,2,,0,Hempstead,NY,1,17,,,,-5.0,"30,37","36,45",,,,,,,,
ncaab:400991474,ncaab,2018-01-26T00:00Z,final,350,256,UNC Wilmington,James Madison,71,68,,,,0,,,,,,,,,,2,,0,Wilmington,NC,1,9,,,,-5.0,"33,38","32,36",,,,,,,,
ncaab:400991507,ncaab,2018-01-26T00:00Z,final,119,2729,Towson,William & Mary,96,82,,,,0,,,,,,,,,,2,,0,Towson,MD,1,141,,,,-5.0,"37,42,17","47,32,3",,,,,,,,
ncaab:401006577,ncaab,2018-01-26T00:00Z,final,2717,2576,W Carolina,S Wesleyan,108,48,,,,0,,,,,,,,,,2,,0,Cullowhee,NC,1,645,,,,-5.0,"51,57","25,23",,,,,,,,
ncaab:400990465,ncaab,2018-01-26T00:30Z,final,2026,2031,App State,Little Rock,72,67,,,,0,,,,,,,,,,2,,0,Boone,NC,1,981,,,,-5.0,"32,27,13","38,21,8",,,,,,,,
ncaab:400990466,ncaab,2018-01-26T00:30Z,final,324,2032,Coastal,Arkansas St,62,47,,,,0,,,,,,,,,,2,,0,Conway,SC,1,10,,,,-5.0,"20,42","17,30",,,,,,,,
ncaab:400990467,ncaab,2018-01-26T00:30Z,final,290,326,GA Southern,Texas St,61,62,,,,0,,,,,,,,,,2,,0,Statesboro,GA,1,77,,,,-5.0,"32,29","35,27",,,,,,,,
ncaab:400992627,ncaab,2018-01-26T00:30Z,final,2393,2636,MTSU,UTSA,75,51,,,,0,,,,,,,,,,2,,0,Murfreesboro,TN,1,186,,,,-6.0,"35,40","27,24",,,,,,,,
ncaab:400990559,ncaab,2018-01-26T00:47Z,final,2247,250,Georgia St,UT Arlington,81,75,,,,0,,,,,,,,,,2,,0,Atlanta,GA,1,320,,,,-5.0,"28,53","30,45",,,,,,,,
ncaab:400986529,ncaab,2018-01-26T01:00Z,final,194,213,Ohio State,Penn State,79,82,,,,0,,,,,,,,,,2,,0,Columbus,OH,1,235,,,,-5.0,"37,42","38,44",,,,,,,,
ncaab:400989394,ncaab,2018-01-26T01:00Z,final,2449,2437,N Dakota St,Omaha,73,58,,,,0,,,,,,,,,,2,,0,Fargo,ND,1,276,,,,-6.0,"43,30","33,25",,,,,,,,
ncaab:400990468,ncaab,2018-01-26T01:00Z,final,2433,2653,UL Monroe,Troy,76,71,,,,0,,,,,,,,,,2,,0,Monroe,LA,1,23,,,,-6.0,"24,52","38,33",,,,,,,,
ncaab:400990993,ncaab,2018-01-26T01:00Z,final,2057,2197,Belmont,E Illinois,81,59,,,,0,,,,,,,,,,2,,0,Nashville,TN,1,170,,,,-6.0,"51,30","28,31",,,,,,,,
ncaab:400992093,ncaab,2018-01-26T01:00Z,final,2739,325,Green Bay,Cleveland St,66,44,,,,0,,,,,,,,,,2,,0,Ashwaubenon,WI,1,185,,,,-6.0,"32,34","13,31",,,,,,,,
ncaab:400992161,ncaab,2018-01-26T01:00Z,final,270,2754,Milwaukee,Youngstown St,66,55,,,,0,,,,,,,,,,2,,0,Milwaukee,WI,1,188,,,,-6.0,"31,35","29,26",,,,,,,,
ncaab:400992625,ncaab,2018-01-26T01:00Z,final,242,2229,Rice,FIU,73,64,,,,0,,,,,,,,,,2,,0,Houston,TX,1,12,,,,-6.0,"32,41","28,36",,,,,,,,
ncaab:400992626,ncaab,2018-01-26T01:00Z,final,5,2638,UAB,UTEP,85,78,,,,0,,,,,,,,,,2,,0,Birmingham,AL,1,187,,,,-6.0,"41,44","36,42",,,,,,,,
ncaab:400992628,ncaab,2018-01-26T01:00Z,final,249,2226,North Texas,FAU,59,53,,,,0,,,,,,,,,,2,,0,Denton,TX,1,201,,,,-6.0,"26,33","24,29",,,,,,,,
ncaab:400990469,ncaab,2018-01-26T01:15Z,final,309,6,Louisiana,South Alabama,76,57,,,,0,,,,,,,,,,2,,0,Lafayette,LA,1,11,,,,-6.0,"34,42","29,28",,,,,,,,
ncaab:400988333,ncaab,2018-01-26T01:30Z,final,12,38,Arizona,Colorado,80,71,,,,0,,,,,,,,,,2,,0,Tucson,AZ,1,759,,,,-7.0,"30,50","30,41",,,,,,,,
ncaab:400990992,ncaab,2018-01-26T01:30Z,final,2046,2198,Austin Peay,E Kentucky,90,84,,,,0,,,,,,,,,,2,,0,Clarksville,TN,1,145,,,,-6.0,"40,50","35,49",,,,,,,,
ncaab:400990996,ncaab,2018-01-26T01:30Z,final,2635,2546,Tennessee Tech,SE Missouri,76,65,,,,0,,,,,,,,,,2,,0,Cookeville,TN,1,334,,,,-6.0,"29,47","33,32",,,,,,,,
ncaab:400990997,ncaab,2018-01-26T01:30Z,final,2634,2565,Tennessee St,SIUE,85,57,,,,0,,,,,,,,,,2,,0,Nashville,TN,1,170,,,,-6.0,"42,43","19,38",,,,,,,,
ncaab:400988082,ncaab,2018-01-26T02:00Z,final,2724,2116,Wichita St,UCF,81,62,,,,0,,,,,,,,,,2,,0,Wichita,KS,1,396,,,,-6.0,"39,42","31,31",,,,,,,,
ncaab:400988083,ncaab,2018-01-26T02:00Z,final,2655,58,Tulane,South Florida,75,80,,,,0,,,,,,,,,,2,,0,New Orleans,LA,1,0,,,,-6.0,"22,53","31,49",,,,,,,,
ncaab:400989395,ncaab,2018-01-26T02:00Z,final,2172,2710,Denver,W Illinois,70,58,,,,0,,,,,,,,,,2,,0,Denver,CO,1,1609,,,,-7.0,"30,40","24,34",,,,,,,,
ncaab:400990822,ncaab,2018-01-26T02:00Z,final,116,112358,Mount St Marys,Long Island,86,80,,,,0,,,,,,,,,,2,,0,Emmitsburg,MD,1,133,,,,-5.0,"41,45","39,41",,,,,,,,
ncaab:400990995,ncaab,2018-01-26T02:00Z,final,55,2630,Jax State,UT Martin,63,67,,,,0,,,,,,,,,,2,,0,Jacksonville,AL,1,216,,,,-6.0,"23,40","33,34",,,,,,,,
ncaab:400991308,ncaab,2018-01-26T02:00Z,final,147,2464,Montana St,N Arizona,75,77,,,,0,,,,,,,,,,2,,0,Bozeman,MT,1,1468,,,,-7.0,"36,39","32,45",,,,,,,,
ncaab:400991309,ncaab,2018-01-26T02:00Z,final,149,253,Montana,Southern Utah,71,47,,,,0,,,,,,,,,,2,,0,Missoula,MT,1,978,,,,-7.0,"30,41","21,26",,,,,,,,
ncaab:400991311,ncaab,2018-01-26T02:05Z,final,331,155,E Washington,North Dakota,95,71,,,,0,,,,,,,,,,2,,0,Cheney,WA,1,717,,,,-8.0,"50,45","36,35",,,,,,,,
ncaab:400988334,ncaab,2018-01-26T02:30Z,final,9,254,Arizona St,Utah,77,80,,,,0,,,,,,,,,,2,,0,Tempe,AZ,1,360,,,,-7.0,"33,36,8","40,29,11",,,,,,,,
ncaab:400986919,ncaab,2018-01-26T03:00Z,final,2492,2351,Pepperdine,LMU,71,70,,,,0,,,,,,,,,,2,,0,Malibu,CA,1,32,,,,-8.0,"22,49","32,38",,,,,,,,
ncaab:400986945,ncaab,2018-01-26T03:00Z,final,2539,279,San Francisco,Pacific,69,67,,,,0,,,,,,,,,,2,,0,San Francisco,CA,1,16,,,,-8.0,"39,30","27,40",,,,,,,,
ncaab:400987004,ncaab,2018-01-26T03:00Z,final,301,2541,San Diego,Santa Clara,66,58,,,,0,,,,,,,,,,2,,0,San Diego,CA,1,20,,,,-8.0,"30,36","24,34",,,,,,,,
ncaab:400991310,ncaab,2018-01-26T03:00Z,final,70,2458,Idaho,N Colorado,63,80,,,,0,,,,,,,,,,2,,0,Moscow,ID,1,786,,,,-8.0,"28,35","41,39",,,,,,,,
ncaab:400992434,ncaab,2018-01-26T03:00Z,final,13,299,Cal Poly,Long Beach St,71,87,,,,0,,,,,,,,,,2,,0,San Luis Obispo,CA,1,71,,,,-8.0,"30,41","41,46",,,,,,,,
ncaab:400992472,ncaab,2018-01-26T03:00Z,final,302,2463,UC Davis,CSU Northridge,63,56,,,,0,,,,,,,,,,2,,0,Davis,CA,1,16,,,,-8.0,"23,40","26,30",,,,,,,,
ncaab:400988335,ncaab,2018-01-26T03:30Z,final,26,25,UCLA,California,70,57,,,,0,,,,,,,,,,2,,0,Los Angeles,CA,1,89,,,,-8.0,"38,32","31,26",,,,,,,,
ncaab:400992453,ncaab,2018-01-26T03:30Z,final,2239,2540,Fullerton,Santa Barbara,65,70,,,,0,,,,,,,,,,2,,0,Fullerton,CA,1,50,,,,-8.0,"31,34","24,46",,,,,,,,
ncaab:400986867,ncaab,2018-01-26T04:00Z,final,2608,252,Saint Mary's,BYU,75,62,,,,0,,,,,,,,,,2,,0,Moraga,CA,1,152,,,,-8.0,"33,42","30,32",,,,,,,,
ncaab:400986895,ncaab,2018-01-26T04:00Z,final,2501,2250,Portland,Gonzaga,79,95,,,,0,,,,,,,,,,2,,0,Portland,OR,1,12,,,,-8.0,"30,49","46,49",,,,,,,,
ncaab:400990824,ncaab,2018-01-26T22:00Z,final,2598,2681,Saint Francis,Wagner,61,91,,,,0,,,,,,,,,,2,,0,Loretto,PA,1,595,,,,-5.0,"33,28","46,45",,,,,,,,
ncaab:400990233,ncaab,2018-01-26T23:30Z,final,195,2084,Ohio,Buffalo,66,73,,,,0,,,,,,,,,,2,,0,Athens,OH,1,219,,,,-5.0,"22,44","31,42",,,,,,,,
ncaab:400990823,ncaab,2018-01-27T00:00Z,final,2523,2529,Robert Morris,Sacred Heart,64,56,,,,0,,,,,,,,,,2,,0,Pittsburgh,PA,1,233,,,,-5.0,"26,38","26,30",,,,,,,,
ncaab:400991160,ncaab,2018-01-27T00:00Z,final,2520,2612,Rider,Saint Peter's,63,60,,,,0,,,,,,,,,,2,,0,Lawrenceville,NJ,1,37,,,,-5.0,"27,36","36,24",,,,,,,,
ncaab:400991598,ncaab,2018-01-27T00:00Z,final,225,159,Brown,Dartmouth,64,62,,,,0,,,,,,,,,,2,,0,Providence,RI,1,2,,,,-5.0,"37,27","24,38",,,,,,,,
ncaab:400991656,ncaab,2018-01-27T00:00Z,final,43,108,Yale,Harvard,52,54,,,,0,,,,,,,,,,2,,0,New Haven,CT,1,18,,,,-5.0,"27,25","31,23",,,,,,,,
ncaab:400992112,ncaab,2018-01-27T00:00Z,final,2750,2174,Wright St,Detroit Mercy,87,55,,,,0,,,,,,,,,,2,,0,Dayton,OH,1,225,,,,-5.0,"41,46","28,27",,,,,,,,
ncaab:400986531,ncaab,2018-01-27T01:00Z,final,127,275,Michigan St,Wisconsin,76,61,,,,0,,,,,,,,,,2,,0,East Lansing,MI,1,261,,,,-5.0,"37,39","21,40",,,,,,,,
ncaab:400992171,ncaab,2018-01-27T02:00Z,final,94,2473,N Kentucky,Oakland,70,83,,,,0,,,,,,,,,,2,,0,Highland Heights,KY,1,260,,,,-5.0,"32,38","36,47",,,,,,,,
ncaab:400990670,ncaab,2018-01-27T03:00Z,final,2547,2934,Seattle U,Bakersfield,59,55,,,,0,,,,,,,,,,2,,0,Seattle,WA,1,56,,,,-8.0,"29,30","25,30",,,,,,,,
ncaab:400986225,ncaab,2018-01-27T17:00Z,final,153,152,North Carolina,NC State,91,95,,,,0,,,,,,,,,,2,,0,Chapel Hill,NC,1,148,,,,-5.0,"41,42,8","38,45,12",,,,,,,,
ncaab:400987336,ncaab,2018-01-27T17:00Z,final,2579,2641,South Carolina,Texas Tech,63,70,,,,0,,,,,,,,,,2,,0,Columbia,SC,1,89,,,,-5.0,"26,37","30,40",,,,,,,,
ncaab:400987343,ncaab,2018-01-27T17:00Z,final,57,239,Florida,Baylor,81,60,,,,0,,,,,,,,,,2,,0,Gainesville,FL,1,54,,,,-5.0,"43,38","31,29",,,,,,,,
ncaab:400989850,ncaab,2018-01-27T17:00Z,final,227,2184,Rhode Island,Duquesne,61,58,,,,0,,,,,,,,,,2,,0,Kingston,RI,1,75,,,,-5.0,"23,38","29,29",,,,,,,,
ncaab:400990234,ncaab,2018-01-27T17:00Z,final,2050,2006,Ball State,Akron,111,106,,,,0,,,,,,,,,,2,,0,Muncie,IN,1,284,,,,-5.0,"29,52,14,16","32,49,14,11",,,,,,,,
ncaab:400990825,ncaab,2018-01-27T18:00Z,final,2803,161,Bryant,FDU,78,89,,,,0,,,,,,,,,,2,,0,Smithfield,RI,1,84,,,,-5.0,"35,43","36,53",,,,,,,,
ncaab:400991161,ncaab,2018-01-27T18:00Z,final,2514,2217,Quinnipiac,Fairfield,75,70,,,,1,,,,,,,,,,2,,0,Uniondale,NY,1,16,,,,-5.0,"41,34","32,38",,,,,,,,
ncaab:400991538,ncaab,2018-01-27T18:00Z,final,2378,311,UMBC,Maine,86,74,,,,0,,,,,,,,,,2,,0,Baltimore,MD,1,10,,,,-5.0,"35,51","36,38",,,,,,,,
ncaab:400992133,ncaab,2018-01-27T18:00Z,final,2739,2754,Green Bay,Youngstown St,85,67,,,,0,,,,,,,,,,2,,0,Ashwaubenon,WI,1,185,,,,-6.0,"41,44","31,36",,,,,,,,
ncaab:400986226,ncaab,2018-01-27T19:00Z,final,150,258,Duke,Virginia,63,65,,,,0,,,,,,,,,,2,,0,Durham,NC,1,123,,,,-5.0,"22,41","32,33",,,,,,,,
ncaab:400987338,ncaab,2018-01-27T19:00Z,final,251,145,Texas,Ole Miss,85,72,,,,0,,,,,,,,,,2,,0,Austin,TX,1,149,,,,-6.0,"45,40","36,36",,,,,,,,
ncaab:400987340,ncaab,2018-01-27T19:00Z,final,2306,61,Kansas St,Georgia,56,51,,,,0,,,,,,,,,,2,,0,Manhattan,KS,1,311,,,,-6.0,"26,30","23,28",,,,,,,,
ncaab:400989714,ncaab,2018-01-27T19:00Z,final,339,2181,Evansville,Drake,77,73,,,,0,,,,,,,,,,2,,0,Evansville,IN,1,118,,,,-6.0,"37,40","24,49",,,,,,,,
ncaab:400989759,ncaab,2018-01-27T19:00Z,final,2244,2670,George Mason,VCU,76,84,,,,0,,,,,,,,,,2,,0,Fairfax,VA,1,131,,,,-5.0,"29,47","41,43",,,,,,,,
ncaab:400989871,ncaab,2018-01-27T19:00Z,final,2230,113,Fordham,UMass,82,69,,,,0,,,,,,,,,,2,,0,Bronx,NY,1,28,,,,-5.0,"31,51","35,34",,,,,,,,
ncaab:400990237,ncaab,2018-01-27T19:00Z,final,2711,2459,W Michigan,N Illinois,79,72,,,,0,,,,,,,,,,2,,0,Kalamazoo,MI,1,239,,,,-5.0,"31,48","27,45",,,,,,,,
ncaab:400991425,ncaab,2018-01-27T19:00Z,final,2182,111,Drexel,Northeastern,68,67,,,,0,,,,,,,,,,2,,0,Philadelphia,PA,1,12,,,,-5.0,"32,36","36,31",,,,,,,,
ncaab:400991444,ncaab,2018-01-27T19:00Z,final,119,2210,Towson,Elon,76,83,,,,0,,,,,,,,,,2,,0,Towson,MD,1,141,,,,-5.0,"22,54","41,42",,,,,,,,
ncaab:400991904,ncaab,2018-01-27T19:00Z,final,2908,338,SC Upstate,Kennesaw St,80,81,,,,0,,,,,,,,,,2,,0,Spartanburg,SC,1,246,,,,-5.0,"44,36","43,38",,,,,,,,
ncaab:400991969,ncaab,2018-01-27T19:00Z,final,2142,44,Colgate,American,83,69,,,,0,,,,,,,,,,2,,0,Hamilton,NY,1,181,,,,-5.0,"43,40","29,40",,,,,,,,
ncaab:400992094,ncaab,2018-01-27T19:00Z,final,270,325,Milwaukee,Cleveland St,70,47,,,,0,,,,,,,,,,2,,0,Milwaukee,WI,1,188,,,,-6.0,"28,42","16,31",,,,,,,,
ncaab:400992280,ncaab,2018-01-27T19:00Z,final,2737,2097,Winthrop,Campbell,75,64,,,,0,,,,,,,,,,2,,0,Rock Hill,SC,1,207,,,,-5.0,"39,36","30,34",,,,,,,,
ncaab:400992301,ncaab,2018-01-27T19:00Z,final,2515,2127,Radford,Charleston So,81,84,,,,0,,,,,,,,,,2,,0,Radford,VA,1,567,,,,-5.0,"35,39,7","35,39,10",,,,,,,,
ncaab:400992037,ncaab,2018-01-27T19:05Z,final,107,322,Holy Cross,Lafayette,85,74,,,,0,,,,,,,,,,2,,0,Worcester,MA,1,147,,,,-5.0,"49,36","37,37",,,,,,,,
ncaab:400987344,ncaab,2018-01-27T19:15Z,final,333,201,Alabama,Oklahoma,80,73,,,,0,,,,,,,,,,2,,0,Tuscaloosa,AL,1,68,,,,-6.0,"41,39","35,38",,,,,,,,
ncaab:400990560,ncaab,2018-01-27T19:15Z,final,2247,326,Georgia St,Texas St,54,50,,,,0,,,,,,,,,,2,,0,Atlanta,GA,1,320,,,,-5.0,"21,33","23,27",,,,,,,,
ncaab:400988588,ncaab,2018-01-27T19:30Z,final,2086,2599,Butler,St John's,70,45,,,,0,,,,,,,,,,2,,0,Indianapolis,IN,1,218,,,,-5.0,"37,33","15,30",,,,,,,,
ncaab:400989048,ncaab,2018-01-27T20:00Z,final,2916,2443,Incarnate Word,LSU N Orleans,58,68,,,,0,,,,,,,,,,2,,0,San Antonio,TX,1,198,,,,-6.0,"27,31","29,39",,,,,,,,
ncaab:400989396,ncaab,2018-01-27T20:00Z,final,2449,2710,N Dakota St,W Illinois,80,69,,,,0,,,,,,,,,,2,,0,Fargo,ND,1,276,,,,-6.0,"42,38","40,29",,,,,,,,
ncaab:400990470,ncaab,2018-01-27T20:00Z,final,309,2653,Louisiana,Troy,81,69,,,,0,,,,,,,,,,2,,0,Lafayette,LA,1,11,,,,-6.0,"40,41","36,33",,,,,,,,
ncaab:400990471,ncaab,2018-01-27T20:00Z,final,2433,6,UL Monroe,South Alabama,83,74,,,,0,,,,,,,,,,2,,0,Monroe,LA,1,23,,,,-6.0,"47,36","29,45",,,,,,,,
ncaab:400990582,ncaab,2018-01-27T20:00Z,final,232,256,Charleston,James Madison,66,59,,,,0,,,,,,,,,,2,,0,Charleston,SC,1,6,,,,-5.0,"30,36","30,29",,,,,,,,
ncaab:400992320,ncaab,2018-01-27T20:00Z,final,2241,2344,Gardner-Webb,Longwood,60,57,,,,0,,,,,,,,,,2,,0,Boiling Springs,NC,1,269,,,,-5.0,"28,32","30,27",,,,,,,,
ncaab:400992629,ncaab,2018-01-27T20:00Z,final,242,2226,Rice,FAU,62,63,,,,0,,,,,,,,,,2,,0,Houston,TX,1,12,,,,-6.0,"22,40","30,33",,,,,,,,
ncaab:400990672,ncaab,2018-01-27T20:05Z,final,2130,292,Chicago St,UT Rio Grande,81,87,,,,0,,,,,,,,,,2,,0,Chicago,IL,1,179,,,,-6.0,"32,49","37,50",,,,,,,,
ncaab:400990332,ncaab,2018-01-27T20:30Z,final,193,2199,Miami OH,E Michigan,48,58,,,,0,,,,,,,,,,2,,0,Oxford,OH,1,283,,,,-5.0,"30,18","29,29",,,,,,,,
ncaab:400990472,ncaab,2018-01-27T20:30Z,final,2026,2032,App State,Arkansas St,88,93,,,,0,,,,,,,,,,2,,0,Boone,NC,1,981,,,,-5.0,"32,56","56,37",,,,,,,,
ncaab:400990473,ncaab,2018-01-27T20:30Z,final,324,2031,Coastal,Little Rock,72,62,,,,0,,,,,,,,,,2,,0,Conway,SC,1,10,,,,-5.0,"35,37","35,27",,,,,,,,
ncaab:400986227,ncaab,2018-01-27T21:00Z,final,52,2390,Florida St,Miami,103,94,,,,0,,,,,,,,,,2,,0,Tallahassee,FL,1,62,,,,-5.0,"44,39,20","39,44,11",,,,,,,,
ncaab:400986533,ncaab,2018-01-27T21:00Z,final,213,164,Penn State,Rutgers,60,43,,,,0,,,,,,,,,,2,,0,University Park,PA,1,348,,,,-5.0,"28,32","23,20",,,,,,,,
ncaab:400986690,ncaab,2018-01-27T21:00Z,final,221,183,Pitt,Syracuse,55,60,,,,0,,,,,,,,,,2,,0,Pittsburgh,PA,1,233,,,,-5.0,"20,35","22,38",,,,,,,,
ncaab:400986920,ncaab,2018-01-27T21:00Z,final,2351,301,LMU,San Diego,82,89,,,,0,,,,,,,,,,2,,0,Los Angeles,CA,1,89,,,,-8.0,"31,51","47,42",,,,,,,,
ncaab:400987335,ncaab,2018-01-27T21:00Z,final,66,2633,Iowa State,Tennessee,45,68,,,,0,,,,,,,,,,2,,0,Ames,IA,1,287,,,,-6.0,"19,26","31,37",,,,,,,,
ncaab:400987345,ncaab,2018-01-27T21:00Z,final,238,2628,Vanderbilt,TCU,81,78,,,,0,,,,,,,,,,2,,0,Nashville,TN,1,170,,,,-6.0,"43,38","40,38",,,,,,,,
ncaab:400988778,ncaab,2018-01-27T21:00Z,final,231,2717,Furman,W Carolina,100,66,,,,0,,,,,,,,,,2,,0,Greenville,SC,1,307,,,,-5.0,"58,42","28,38",,,,,,,,
ncaab:400988779,ncaab,2018-01-27T21:00Z,final,2382,2643,Mercer,The Citadel,74,76,,,,0,,,,,,,,,,2,,0,Macon,GA,1,112,,,,-5.0,"33,41","25,51",,,,,,,,
ncaab:400989047,ncaab,2018-01-27T21:00Z,final,2466,2110,N'Western St,C Arkansas,78,95,,,,0,,,,,,,,,,2,,0,Natchitoches,LA,1,36,,,,-6.0,"30,48","54,41",,,,,,,,
ncaab:400989826,ncaab,2018-01-27T21:00Z,final,139,2168,Saint Louis,Dayton,75,65,,,,0,,,,,,,,,,2,,0,St. Louis,MO,1,142,,,,-6.0,"36,39","30,35",,,,,,,,
ncaab:400990031,ncaab,2018-01-27T21:00Z,final,2066,160,Binghamton,New Hampshire,52,57,,,,0,,,,,,,,,,2,,0,Binghamton,NY,1,264,,,,-5.0,"25,27","28,29",,,,,,,,
ncaab:400990827,ncaab,2018-01-27T21:00Z,final,116,2597,Mount St Marys,St Francis BK,86,72,,,,0,,,,,,,,,,2,,0,Emmitsburg,MD,1,133,,,,-5.0,"43,43","34,38",,,,,,,,
ncaab:400991162,ncaab,2018-01-27T21:00Z,final,2405,2368,Monmouth,Marist,91,78,,,,1,,,,,,,,,,2,,0,Uniondale,NY,1,16,,,,-5.0,"40,51","30,48",,,,,,,,
ncaab:400991312,ncaab,2018-01-27T21:00Z,final,147,253,Montana St,Southern Utah,69,66,,,,0,,,,,,,,,,2,,0,Bozeman,MT,1,1468,,,,-7.0,"37,32","40,26",,,,,,,,
ncaab:400991317,ncaab,2018-01-27T21:00Z,final,2502,16,Portland St,Sacramento St,61,71,,,,0,,,,,,,,,,2,,0,Portland,OR,1,12,,,,-8.0,"33,28","26,45",,,,,,,,
ncaab:400991618,ncaab,2018-01-27T21:00Z,final,172,171,Cornell,Columbia,82,81,,,,0,,,,,,,,,,2,,0,Ithaca,NY,1,125,,,,-5.0,"35,47","39,42",,,,,,,,
ncaab:400991917,ncaab,2018-01-27T21:00Z,final,2885,288,NJIT,Lipscomb,79,86,,,,0,,,,,,,,,,2,,0,Newark,NJ,1,9,,,,-5.0,"38,37,4","24,51,11",,,,,,,,
ncaab:400991938,ncaab,2018-01-27T21:00Z,final,56,2454,Stetson,North Florida,65,73,,,,0,,,,,,,,,,2,,0,DeLand,FL,1,12,,,,-5.0,"34,31","39,34",,,,,,,,
ncaab:400991987,ncaab,2018-01-27T21:00Z,final,2352,349,Loyola MD,Army,79,68,,,,0,,,,,,,,,,2,,0,Baltimore,MD,1,10,,,,-5.0,"32,47","41,27",,,,,,,,
ncaab:400992146,ncaab,2018-01-27T21:00Z,final,82,85,UIC,IU Indy,71,62,,,,0,,,,,,,,,,2,,0,Chicago,IL,1,179,,,,-6.0,"27,44","32,30",,,,,,,,
ncaab:400992352,ncaab,2018-01-27T21:00Z,final,2506,2335,Presbyterian,Liberty,66,81,,,,0,,,,,,,,,,2,,0,Clinton,SC,1,76,,,,-5.0,"20,46","35,46",,,,,,,,
ncaab:400992727,ncaab,2018-01-27T21:00Z,final,2154,2569,Coppin St,SC State,73,65,,,,0,,,,,,,,,,2,,0,Baltimore,MD,1,10,,,,-5.0,"24,49","28,37",,,,,,,,
ncaab:400992743,ncaab,2018-01-27T21:00Z,final,2169,2542,Delaware St,Savannah St,86,106,,,,0,,,,,,,,,,2,,0,Dover,DE,1,9,,,,-5.0,"42,44","43,63",,,,,,,,
ncaab:400992774,ncaab,2018-01-27T21:00Z,final,2379,47,MD Eastern,Howard,75,85,,,,0,,,,,,,,,,2,,0,Princess Anne,MD,1,5,,,,-5.0,"44,31","39,46",,,,,,,,
ncaab:400992806,ncaab,2018-01-27T21:00Z,final,2448,2428,NC A&T,NC Central,70,64,,,,0,,,,,,,,,,2,,0,Greensboro,NC,1,266,,,,-5.0,"28,42","28,36",,,,,,,,
ncaab:400987334,ncaab,2018-01-27T21:30Z,final,2305,245,Kansas,Texas A&M,79,68,,,,0,,,,,,,,,,2,,0,Lawrence,KS,1,263,,,,-6.0,"45,34","27,41",,,,,,,,
ncaab:400990235,ncaab,2018-01-27T21:30Z,final,2117,2309,C Michigan,Kent State,76,84,,,,0,,,,,,,,,,2,,0,Mount Pleasant,MI,1,235,,,,-5.0,"41,35","32,52",,,,,,,,
ncaab:400990826,ncaab,2018-01-27T21:30Z,final,112358,2115,Long Island,C Connecticut,94,89,,,,0,,,,,,,,,,2,,0,Brooklyn,NY,1,15,,,,-5.0,"48,34,12","39,43,7",,,,,,,,
ncaab:400992336,ncaab,2018-01-27T21:30Z,final,2427,2272,UNC Asheville,High Point,84,77,,,,0,,,,,,,,,,2,,0,Asheville,NC,1,649,,,,-5.0,"43,41","26,51",,,,,,,,
ncaab:400988777,ncaab,2018-01-27T22:00Z,final,236,2678,Chattanooga,VMI,69,70,,,,0,,,,,,,,,,2,,0,Chattanooga,TN,1,206,,,,-5.0,"36,33","37,33",,,,,,,,
ncaab:400990474,ncaab,2018-01-27T22:00Z,final,290,250,GA Southern,UT Arlington,74,59,,,,0,,,,,,,,,,2,,0,Statesboro,GA,1,77,,,,-5.0,"29,45","31,28",,,,,,,,
ncaab:400990673,ncaab,2018-01-27T22:00Z,final,3084,2253,Utah Valley,Grand Canyon,68,56,,,,0,,,,,,,,,,2,,0,Orem,UT,1,1455,,,,-7.0,"30,38","24,32",,,,,,,,
ncaab:400991522,ncaab,2018-01-27T22:00Z,final,2349,42,UMass Lowell,Hartford,70,77,,,,0,,,,,,,,,,2,,0,Lowell,MA,1,36,,,,-5.0,"42,28","32,45",,,,,,,,
ncaab:400991806,ncaab,2018-01-27T22:00Z,final,23,2751,San José St,Wyoming,86,90,,,,0,,,,,,,,,,2,,0,San Jose,CA,1,26,,,,-8.0,"33,44,9","47,30,13",,,,,,,,
ncaab:400992899,ncaab,2018-01-27T22:00Z,final,2400,2296,Miss Valley St,Jackson St,72,67,,,,0,,,,,,,,,,2,,0,Itta Bena,MS,1,40,,,,-6.0,"37,35","34,33",,,,,,,,
ncaab:400993508,ncaab,2018-01-27T22:00Z,final,198,111175,Oral Roberts,NEBCHR,105,74,,,,0,,,,,,,,,,2,,0,Tulsa,OK,1,220,,,,-6.0,"57,48","32,42",,,,,,,,
ncaab:400991315,ncaab,2018-01-27T22:05Z,final,331,2458,E Washington,N Colorado,67,65,,,,0,,,,,,,,,,2,,0,Cheney,WA,1,717,,,,-8.0,"36,31","37,28",,,,,,,,
ncaab:400989398,ncaab,2018-01-27T22:15Z,final,2571,2870,S Dakota St,Purdue FW,78,76,,,,0,,,,,,,,,,2,,0,Brookings,SD,1,494,,,,-6.0,"43,35","26,50",,,,,,,,
ncaab:400988336,ncaab,2018-01-27T22:30Z,final,12,254,Arizona,Utah,74,73,,,,0,,,,,,,,,,2,,0,Tucson,AZ,1,759,,,,-7.0,"43,31","33,40",,,,,,,,
ncaab:400989049,ncaab,2018-01-27T22:30Z,final,2320,2377,Lamar,McNeese,86,80,,,,0,,,,,,,,,,2,,0,Beaumont,TX,1,5,,,,-6.0,"44,42","43,37",,,,,,,,
ncaab:400986968,ncaab,2018-01-27T23:00Z,final,2492,2541,Pepperdine,Santa Clara,59,73,,,,0,,,,,,,,,,2,,0,Malibu,CA,1,32,,,,-8.0,"28,31","35,38",,,,,,,,
ncaab:400987341,ncaab,2018-01-27T23:00Z,final,8,197,Arkansas,Oklahoma St,66,65,,,,0,,,,,,,,,,2,,0,Fayetteville,AR,1,427,,,,-6.0,"32,34","40,25",,,,,,,,
ncaab:400987342,ncaab,2018-01-27T23:00Z,final,2,99,Auburn,LSU,95,70,,,,0,,,,,,,,,,2,,0,Auburn,AL,1,215,,,,-6.0,"51,44","32,38",,,,,,,,
ncaab:400988084,ncaab,2018-01-27T23:00Z,final,235,2132,Memphis,Cincinnati,48,62,,,,0,,,,,,,,,,2,,0,Memphis,TN,1,78,,,,-6.0,"21,27","34,28",,,,,,,,
ncaab:400989399,ncaab,2018-01-27T23:00Z,final,2172,233,Denver,South Dakota,84,68,,,,0,,,,,,,,,,2,,0,Denver,CO,1,1609,,,,-7.0,"42,42","28,40",,,,,,,,
ncaab:400989716,ncaab,2018-01-27T23:00Z,final,2623,79,Missouri St,S Illinois,77,79,,,,0,,,,,,,,,,2,,0,Springfield,MO,1,396,,,,-6.0,"31,46","42,37",,,,,,,,
ncaab:400990999,ncaab,2018-01-27T23:00Z,final,2057,2565,Belmont,SIUE,83,72,,,,0,,,,,,,,,,2,,0,Nashville,TN,1,170,,,,-6.0,"30,53","32,40",,,,,,,,
ncaab:400991599,ncaab,2018-01-27T23:00Z,final,225,108,Brown,Harvard,77,86,,,,0,,,,,,,,,,2,,0,Providence,RI,1,2,,,,-5.0,"33,44","37,49",,,,,,,,
ncaab:400992630,ncaab,2018-01-27T23:00Z,final,249,2229,North Texas,FIU,69,67,,,,0,,,,,,,,,,2,,0,Denton,TX,1,201,,,,-6.0,"29,32,8","35,26,6",,,,,,,,
ncaab:400992756,ncaab,2018-01-27T23:00Z,final,2261,50,Hampton,Florida A&M,71,75,,,,0,,,,,,,,,,2,,0,Hampton,VA,1,1,,,,-5.0,"32,39","30,45",,,,,,,,
ncaab:400992852,ncaab,2018-01-27T23:00Z,final,2011,2504,Alabama St,Prairie View,80,86,,,,0,,,,,,,,,,2,,0,Montgomery,AL,1,73,,,,-6.0,"28,52","42,44",,,,,,,,
ncaab:400992709,ncaab,2018-01-27T23:30Z,final,2450,2065,Norfolk St,Bethune,71,70,,,,0,,,,,,,,,,2,,0,Norfolk,VA,1,2,,,,-5.0,"28,43","35,35",,,,,,,,
ncaab:400992872,ncaab,2018-01-27T23:30Z,final,2582,2016,Southern,Alcorn St,61,48,,,,0,,,,,,,,,,2,,0,Baton Rouge,LA,1,14,,,,-6.0,"24,37","22,26",,,,,,,,
ncaab:400987339,ncaab,2018-01-28T00:00Z,final,277,96,West Virginia,Kentucky,76,83,,,,0,,,,,,,,,,2,,0,Morgantown,WV,1,271,,,,-5.0,"48,28","33,50",,,,,,,,
ncaab:400988780,ncaab,2018-01-28T00:00Z,final,2747,2193,Wofford,ETSU,62,75,,,,0,,,,,,,,,,2,,0,Spartanburg,SC,1,246,,,,-5.0,"32,30","38,37",,,,,,,,
ncaab:400989050,ncaab,2018-01-28T00:00Z,final,2617,2534,SF Austin,Sam Houston,82,66,,,,0,,,,,,,,,,2,,0,Nacogdoches,TX,1,92,,,,-6.0,"46,36","28,38",,,,,,,,
ncaab:400989969,ncaab,2018-01-28T00:00Z,final,219,2603,Penn,Saint Joseph's,67,56,,,,0,,,,,,,,,,2,,0,Philadelphia,PA,1,12,,,,-5.0,"33,34","30,26",,,,,,,,
ncaab:400990006,ncaab,2018-01-28T00:00Z,final,2619,399,Stony Brook,UAlbany,50,57,,,,0,,,,,,,,,,2,,0,Stony Brook,NY,1,27,,,,-5.0,"32,18","26,31",,,,,,,,
ncaab:400990236,ncaab,2018-01-28T00:00Z,final,2649,189,Toledo,Bowling Green,101,75,,,,0,,,,,,,,,,2,,0,Toledo,OH,1,186,,,,-5.0,"54,47","30,45",,,,,,,,
ncaab:400991163,ncaab,2018-01-28T00:00Z,final,2363,314,Manhattan,Iona,65,78,,,,1,,,,,,,,,,2,,0,Uniondale,NY,1,16,,,,-5.0,"27,38","35,43",,,,,,,,
ncaab:400991164,ncaab,2018-01-28T00:00Z,final,2099,315,Canisius,Niagara,89,105,,,,0,,,,,,,,,,2,,0,Buffalo,NY,1,183,,,,-5.0,"25,64","44,61",,,,,,,,
ncaab:400991405,ncaab,2018-01-28T00:00Z,final,48,2275,Delaware,Hofstra,59,64,,,,0,,,,,,,,,,2,,0,Newark,DE,1,38,,,,-5.0,"36,23","28,36",,,,,,,,
ncaab:400991484,ncaab,2018-01-28T00:00Z,final,350,2729,UNC Wilmington,William & Mary,81,84,,,,0,,,,,,,,,,2,,0,Wilmington,NC,1,9,,,,-5.0,"31,50","40,44",,,,,,,,
ncaab:400991646,ncaab,2018-01-28T00:00Z,final,43,159,Yale,Dartmouth,74,64,,,,0,,,,,,,,,,2,,0,New Haven,CT,1,18,,,,-5.0,"36,38","31,33",,,,,,,,
ncaab:400991754,ncaab,2018-01-28T00:00Z,final,278,328,Fresno St,Utah State,62,65,,,,0,,,,,,,,,,2,,0,Fresno,CA,1,94,,,,-8.0,"31,31","39,26",,,,,,,,
ncaab:400991866,ncaab,2018-01-28T00:00Z,final,526,294,FGCU,Jacksonville,68,62,,,,0,,,,,,,,,,2,,0,Fort Myers,FL,1,3,,,,-5.0,"35,33","26,36",,,,,,,,
ncaab:400992051,ncaab,2018-01-28T00:00Z,final,2329,2426,Lehigh,Navy,75,77,,,,0,,,,,,,,,,2,,0,Bethlehem,PA,1,109,,,,-5.0,"34,41","39,38",,,,,,,,
ncaab:400992631,ncaab,2018-01-28T00:00Z,final,2348,2572,Louisiana Tech,Southern Miss,89,66,,,,0,,,,,,,,,,2,,0,Ruston,LA,1,102,,,,-6.0,"57,32","27,39",,,,,,,,
ncaab:400992633,ncaab,2018-01-28T00:00Z,final,2429,295,Charlotte,Old Dominion,66,88,,,,0,,,,,,,,,,2,,0,Charlotte,NC,1,229,,,,-5.0,"34,32","40,48",,,,,,,,
ncaab:400992634,ncaab,2018-01-28T00:00Z,final,2393,2638,MTSU,UTEP,81,50,,,,0,,,,,,,,,,2,,0,Murfreesboro,TN,1,186,,,,-6.0,"30,51","17,33",,,,,,,,
ncaab:400992635,ncaab,2018-01-28T00:00Z,final,98,276,Western KY,Marshall,85,74,,,,0,,,,,,,,,,2,,0,Bowling Green,KY,1,161,,,,-6.0,"41,44","37,37",,,,,,,,
ncaab:400992833,ncaab,2018-01-28T00:00Z,final,2010,2640,Alabama A&M,Texas Southern,56,58,,,,0,,,,,,,,,,2,,0,Normal,AL,1,220,,,,-6.0,"27,29","33,25",,,,,,,,
ncaab:400989052,ncaab,2018-01-28T00:30Z,final,2447,2545,Nicholls,SE Louisiana,63,67,,,,0,,,,,,,,,,2,,0,Thibodaux,LA,1,4,,,,-6.0,"31,32","31,36",,,,,,,,
ncaab:400986228,ncaab,2018-01-28T01:00Z,final,87,259,Notre Dame,Virginia Tech,75,80,,,,0,,,,,,,,,,2,,0,South Bend,IN,1,211,,,,-5.0,"27,48","34,46",,,,,,,,
ncaab:400986229,ncaab,2018-01-28T01:00Z,final,97,154,Louisville,Wake Forest,96,77,,,,0,,,,,,,,,,2,,0,Louisville,KY,1,142,,,,-5.0,"42,54","33,44",,,,,,,,
ncaab:400986532,ncaab,2018-01-28T01:00Z,final,158,2294,Nebraska,Iowa,98,84,,,,0,,,,,,,,,,2,,0,Lincoln,NE,1,367,,,,-6.0,"48,50","34,50",,,,,,,,
ncaab:400986896,ncaab,2018-01-28T01:00Z,final,2250,2539,Gonzaga,San Francisco,82,73,,,,0,,,,,,,,,,2,,0,Spokane,WA,1,571,,,,-8.0,"32,50","29,44",,,,,,,,
ncaab:400988337,ncaab,2018-01-28T01:00Z,final,2483,204,Oregon,Oregon St,66,57,,,,0,,,,,,,,,,2,,0,Eugene,OR,1,131,,,,-8.0,"41,25","25,32",,,,,,,,
ncaab:400988338,ncaab,2018-01-28T01:00Z,final,9,38,Arizona St,Colorado,80,66,,,,0,,,,,,,,,,2,,0,Tempe,AZ,1,360,,,,-7.0,"32,48","32,34",,,,,,,,
ncaab:400988589,ncaab,2018-01-28T01:00Z,final,156,46,Creighton,Georgetown,85,77,,,,0,,,,,,,,,,2,,0,Omaha,NE,1,323,,,,-6.0,"46,39","33,44",,,,,,,,
ncaab:400988781,ncaab,2018-01-28T01:00Z,final,2535,2430,Samford,UNC Greensboro,82,98,,,,0,,,,,,,,,,2,,0,Homewood,AL,1,203,,,,-6.0,"30,52","53,45",,,,,,,,
ncaab:400990671,ncaab,2018-01-28T01:00Z,final,140,166,Kansas City,New Mexico St,48,73,,,,0,,,,,,,,,,2,,0,Kansas City,MO,1,274,,,,-6.0,"20,28","32,41",,,,,,,,
ncaab:400990998,ncaab,2018-01-28T01:00Z,final,2046,2413,Austin Peay,Morehead St,92,76,,,,0,,,,,,,,,,2,,0,Clarksville,TN,1,145,,,,-6.0,"49,43","25,51",,,,,,,,
ncaab:400991001,ncaab,2018-01-28T01:00Z,final,93,2198,Murray St,E Kentucky,88,73,,,,0,,,,,,,,,,2,,0,Murray,KY,1,163,,,,-6.0,"39,49","33,40",,,,,,,,
ncaab:400991002,ncaab,2018-01-28T01:00Z,final,55,2546,Jax State,SE Missouri,78,60,,,,0,,,,,,,,,,2,,0,Jacksonville,AL,1,216,,,,-6.0,"39,39","27,33",,,,,,,,
ncaab:400992435,ncaab,2018-01-28T01:00Z,final,302,13,UC Davis,Cal Poly,80,56,,,,0,,,,,,,,,,2,,0,Davis,CA,1,16,,,,-8.0,"46,34","22,34",,,,,,,,
ncaab:400992530,ncaab,2018-01-28T01:00Z,final,27,2540,UC Riverside,Santa Barbara,69,76,,,,0,,,,,,,,,,2,,0,Riverside,CA,1,252,,,,-8.0,"28,41","39,37",,,,,,,,
ncaab:400992632,ncaab,2018-01-28T01:00Z,final,5,2636,UAB,UTSA,70,82,,,,0,,,,,,,,,,2,,0,Birmingham,AL,1,187,,,,-6.0,"26,44","42,40",,,,,,,,
ncaab:400987337,ncaab,2018-01-28T01:30Z,final,344,142,Mississippi St,Missouri,74,62,,,,0,,,,,,,,,,2,,0,Starkville,MS,1,101,,,,-6.0,"31,43","31,31",,,,,,,,
ncaab:400989051,ncaab,2018-01-28T01:30Z,final,357,2277,Texas A&M-CC,Hou Christian,79,69,,,,0,,,,,,,,,,2,,0,Corpus Christi,TX,1,2,,,,-6.0,"41,26,12","22,45,2",,,,,,,,
ncaab:400991000,ncaab,2018-01-28T01:30Z,final,2634,2197,Tennessee St,E Illinois,50,47,,,,0,,,,,,,,,,2,,0,Nashville,TN,1,170,,,,-6.0,"19,31","19,28",,,,,,,,
ncaab:400991003,ncaab,2018-01-28T01:30Z,final,2635,2630,Tennessee Tech,UT Martin,63,55,,,,0,,,,,,,,,,2,,0,Cookeville,TN,1,334,,,,-6.0,"31,32","20,35",,,,,,,,
ncaab:400986868,ncaab,2018-01-28T02:00Z,final,252,279,BYU,Pacific,80,65,,,,0,,,,,,,,,,2,,0,Provo,UT,1,1387,,,,-7.0,"30,50","33,32",,,,,,,,
ncaab:400991313,ncaab,2018-01-28T02:00Z,final,149,2464,Montana,N Arizona,82,64,,,,0,,,,,,,,,,2,,0,Missoula,MT,1,978,,,,-7.0,"31,51","24,40",,,,,,,,
ncaab:400991316,ncaab,2018-01-28T02:00Z,final,304,2692,Idaho St,Weber St,70,77,,,,0,,,,,,,,,,2,,0,Pocatello,ID,1,1360,,,,-7.0,"32,38","37,40",,,,,,,,
ncaab:400991736,ncaab,2018-01-28T02:00Z,final,167,36,New Mexico,Colorado St,80,65,,,,0,,,,,,,,,,2,,0,Albuquerque,NM,1,1511,,,,-7.0,"44,36","32,33",,,,,,,,
ncaab:400992885,ncaab,2018-01-28T02:19Z,final,2029,2755,AR-Pine Bluff,Grambling,68,69,,,,0,,,,,,,,,,2,,0,Pine Bluff,AR,1,67,,,,-6.0,"33,35","38,31",,,,,,,,
ncaab:400989715,ncaab,2018-01-28T03:00Z,final,2287,2674,Illinois St,Valparaiso,76,65,,,,0,,,,,,,,,,2,,0,Normal,IL,1,244,,,,-6.0,"34,42","23,42",,,,,,,,
ncaab:400991314,ncaab,2018-01-28T03:00Z,final,70,155,Idaho,North Dakota,96,71,,,,0,,,,,,,,,,2,,0,Moscow,ID,1,786,,,,-8.0,"46,50","41,30",,,,,,,,
ncaab:400991696,ncaab,2018-01-28T03:00Z,final,2005,68,Air Force,Boise St,64,70,,,,0,,,,,,,,,,2,,0,Colorado Springs,CO,1,1832,,,,-7.0,"25,39","29,41",,,,,,,,
ncaab:400991797,ncaab,2018-01-28T03:00Z,final,2439,21,UNLV,San Diego St,88,78,,,,0,,,,,,,,,,2,,0,Las Vegas,NV,1,610,,,,-8.0,"38,50","38,40",,,,,,,,
ncaab:400992473,ncaab,2018-01-28T03:00Z,final,2463,299,CSU Northridge,Long Beach St,66,70,,,,0,,,,,,,,,,2,,0,Northridge,CA,1,246,,,,-8.0,"36,30","37,33",,,,,,,,
ncaab:400988339,ncaab,2018-01-28T03:30Z,final,26,24,UCLA,Stanford,89,73,,,,0,,,,,,,,,,2,,0,Los Angeles,CA,1,89,,,,-8.0,"49,40","36,37",,,,,,,,
ncaab:400986986,ncaab,2018-01-28T04:00Z,final,2608,2501,Saint Mary's,Portland,72,55,,,,0,,,,,,,,,,2,,0,Moraga,CA,1,152,,,,-8.0,"44,28","22,33",,,,,,,,
ncaab:400992454,ncaab,2018-01-28T06:00Z,final,62,2239,Hawai'i,Fullerton,66,69,,,,0,,,,,,,,,,2,,0,Honolulu,HI,1,5,,,,-10.0,"41,25","35,34",,,,,,,,
ncaab:400989911,ncaab,2018-01-28T17:00Z,final,179,45,St Bonaventure,G Washington,70,52,,,,0,,,,,,,,,,2,,0,Saint Bonaventure,NY,1,435,,,,-5.0,"26,44","21,31",,,,,,,,
ncaab:400992004,ncaab,2018-01-28T17:00Z,final,104,2083,Boston U,Bucknell,79,91,,,,0,,,,,,,,,,2,,0,Boston,MA,1,14,,,,-5.0,"32,47","44,47",,,,,,,,
ncaab:400986534,ncaab,2018-01-28T18:00Z,final,120,127,Maryland,Michigan St,68,74,,,,0,,,,,,,,,,2,,0,College Park,MD,1,21,,,,-5.0,"37,31","24,50",,,,,,,,
ncaab:400988590,ncaab,2018-01-28T18:00Z,final,269,222,Marquette,Villanova,82,85,,,,0,,,,,,,,,,2,,0,Milwaukee,WI,1,188,,,,-6.0,"44,38","49,36",,,,,,,,
ncaab:400991674,ncaab,2018-01-28T18:00Z,final,163,2827,Princeton,Rowan,86,50,,,,0,,,,,,,,,,2,,0,Princeton,NJ,1,62,,,,-5.0,"44,42","19,31",,,,,,,,
ncaab:400992113,ncaab,2018-01-28T18:00Z,final,94,2174,N Kentucky,Detroit Mercy,72,44,,,,0,,,,,,,,,,2,,0,Highland Heights,KY,1,260,,,,-5.0,"33,39","16,28",,,,,,,,
ncaab:400988085,ncaab,2018-01-28T19:00Z,final,2567,151,SMU,East Carolina,86,61,,,,0,,,,,,,,,,2,,0,Dallas,TX,1,128,,,,-6.0,"44,42","33,28",,,,,,,,
ncaab:400989717,ncaab,2018-01-28T19:00Z,final,282,71,Indiana St,Bradley,73,81,,,,0,,,,,,,,,,2,,0,Terre Haute,IN,1,152,,,,-5.0,"33,40","36,45",,,,,,,,
ncaab:400989789,ncaab,2018-01-28T19:00Z,final,2166,257,Davidson,Richmond,63,66,,,,0,,,,,,,,,,2,,0,Davidson,NC,1,256,,,,-5.0,"24,39","25,41",,,,,,,,
ncaab:400990828,ncaab,2018-01-28T19:00Z,final,2523,2681,Robert Morris,Wagner,64,77,,,,0,,,,,,,,,,2,,0,Pittsburgh,PA,1,233,,,,-5.0,"42,22","32,45",,,,,,,,
ncaab:400990829,ncaab,2018-01-28T19:00Z,final,2598,2529,Saint Francis,Sacred Heart,72,71,,,,0,,,,,,,,,,2,,0,Loretto,PA,1,595,,,,-5.0,"36,36","34,37",,,,,,,,
ncaab:400992172,ncaab,2018-01-28T19:00Z,final,2750,2473,Wright St,Oakland,64,51,,,,0,,,,,,,,,,2,,0,Dayton,OH,1,225,,,,-5.0,"37,27","24,27",,,,,,,,
ncaab:400988086,ncaab,2018-01-28T20:00Z,final,248,58,Houston,South Florida,63,40,,,,0,,,,,,,,,,2,,0,Houston,TX,1,12,,,,-6.0,"33,30","17,23",,,,,,,,
ncaab:400986535,ncaab,2018-01-28T20:30Z,final,84,2509,Indiana,Purdue,67,74,,,,0,,,,,,,,,,2,,0,Bloomington,IN,1,235,,,,-5.0,"37,30","35,39",,,,,,,,
ncaab:400988340,ncaab,2018-01-28T21:00Z,final,30,25,USC,California,77,59,,,,0,,,,,,,,,,2,,0,Los Angeles,CA,1,89,,,,-8.0,"31,46","29,30",,,,,,,,
ncaab:400988591,ncaab,2018-01-28T21:00Z,final,305,2550,DePaul,Seton Hall,70,86,,,,0,,,,,,,,,,2,,0,Chicago,IL,1,179,,,,-6.0,"31,39","46,40",,,,,,,,
ncaab:400989718,ncaab,2018-01-28T21:00Z,final,2350,2460,Loyola Chicago,Northern Iowa,70,47,,,,0,,,,,,,,,,2,,0,Chicago,IL,1,179,,,,-6.0,"26,44","19,28",,,,,,,,
ncaab:400986230,ncaab,2018-01-28T23:00Z,final,59,228,Georgia Tech,Clemson,70,72,,,,0,,,,,,,,,,2,,0,Atlanta,GA,1,320,,,,-5.0,"38,32","36,36",,,,,,,,
ncaab:400988087,ncaab,2018-01-28T23:00Z,final,2724,202,Wichita St,Tulsa,90,71,,,,0,,,,,,,,,,2,,0,Wichita,KS,1,396,,,,-6.0,"45,45","35,36",,,,,,,,
ncaab:400988088,ncaab,2018-01-29T01:00Z,final,218,41,Temple,UConn,85,57,,,,0,,,,,,,,,,2,,0,Philadelphia,PA,1,12,,,,-5.0,"38,47","24,33",,,,,,,,
ncaab:400988341,ncaab,2018-01-29T01:00Z,final,264,265,Washington,Washington St,80,62,,,,0,,,,,,,,,,2,,0,Seattle,WA,1,56,,,,-8.0,"45,35","30,32",,,,,,,,
ncaab:400988783,ncaab,2018-01-29T23:00Z,final,2643,2193,The Citadel,ETSU,71,73,,,,0,,,,,,,,,,2,,0,Charleston,SC,1,6,,,,-5.0,"34,37","38,35",,,,,,,,
ncaab:400986231,ncaab,2018-01-30T00:00Z,final,150,87,Duke,Notre Dame,88,66,,,,0,,,,,,,,,,2,,0,Durham,NC,1,123,,,,-5.0,"42,46","34,32",,,,,,,,
ncaab:400986536,ncaab,2018-01-30T00:00Z,final,130,77,Michigan,Northwestern,58,47,,,,0,,,,,,,,,,2,,0,Ann Arbor,MI,1,269,,,,-5.0,"21,37","19,28",,,,,,,,
ncaab:400988782,ncaab,2018-01-30T00:00Z,final,236,2430,Chattanooga,UNC Greensboro,87,85,,,,0,,,,,,,,,,2,,0,Chattanooga,TN,1,206,,,,-5.0,"31,32,12,12","41,22,12,10",,,,,,,,
ncaab:400988784,ncaab,2018-01-30T00:00Z,final,2747,2717,Wofford,W Carolina,77,68,,,,0,,,,,,,,,,2,,0,Spartanburg,SC,1,246,,,,-5.0,"33,44","34,34",,,,,,,,
ncaab:400991165,ncaab,2018-01-30T00:00Z,final,2217,314,Fairfield,Iona,103,100,,,,0,,,,,,,,,,2,,0,Bridgeport,CT,1,1,,,,-5.0,"37,48,18","42,43,15",,,,,,,,
ncaab:400991166,ncaab,2018-01-30T00:00Z,final,2520,2405,Rider,Monmouth,92,85,,,,0,,,,,,,,,,2,,0,Lawrenceville,NJ,1,37,,,,-5.0,"46,46","33,52",,,,,,,,
ncaab:400991167,ncaab,2018-01-30T00:00Z,final,2561,2612,Siena,Saint Peter's,59,57,,,,0,,,,,,,,,,2,,0,Albany,NY,1,45,,,,-5.0,"16,24,5,5,9","24,16,5,5,7",,,,,,,,
ncaab:400991867,ncaab,2018-01-30T00:00Z,final,526,2454,FGCU,North Florida,103,70,,,,0,,,,,,,,,,2,,0,Fort Myers,FL,1,3,,,,-5.0,"55,48","28,42",,,,,,,,
ncaab:400991891,ncaab,2018-01-30T00:00Z,final,56,294,Stetson,Jacksonville,67,68,,,,0,,,,,,,,,,2,,0,DeLand,FL,1,12,,,,-5.0,"30,37","37,31",,,,,,,,
ncaab:400991905,ncaab,2018-01-30T00:00Z,final,2885,338,NJIT,Kennesaw St,74,71,,,,0,,,,,,,,,,2,,0,Newark,NJ,1,9,,,,-5.0,"40,34","30,41",,,,,,,,
ncaab:400991918,ncaab,2018-01-30T00:00Z,final,2908,288,SC Upstate,Lipscomb,106,110,,,,0,,,,,,,,,,2,,0,Spartanburg,SC,1,246,,,,-5.0,"29,56,11,10","36,49,11,14",,,,,,,,
ncaab:400992710,ncaab,2018-01-30T00:00Z,final,2261,2065,Hampton,Bethune,80,69,,,,0,,,,,,,,,,2,,0,Hampton,VA,1,1,,,,-5.0,"46,34","33,36",,,,,,,,
ncaab:400992038,ncaab,2018-01-30T00:05Z,final,107,2329,Holy Cross,Lehigh,67,71,,,,0,,,,,,,,,,2,,0,Worcester,MA,1,147,,,,-5.0,"33,34","35,36",,,,,,,,
ncaab:400992786,ncaab,2018-01-30T00:50Z,final,2415,2569,Morgan St,SC State,59,74,,,,0,,,,,,,,,,2,,0,Baltimore,MD,1,10,,,,-5.0,"33,26","32,42",,,,,,,,
ncaab:400992728,ncaab,2018-01-30T00:55Z,final,2154,2379,Coppin St,MD Eastern,71,68,,,,0,,,,,,,,,,2,,0,Baltimore,MD,1,10,,,,-5.0,"37,34","36,32",,,,,,,,
ncaab:400988785,ncaab,2018-01-30T01:00Z,final,2535,2678,Samford,VMI,93,79,,,,0,,,,,,,,,,2,,0,Homewood,AL,1,203,,,,-6.0,"40,53","34,45",,,,,,,,
ncaab:400992162,ncaab,2018-01-30T01:00Z,final,270,82,Milwaukee,UIC,56,74,,,,0,,,,,,,,,,2,,0,Milwaukee,WI,1,188,,,,-6.0,"31,25","40,34",,,,,,,,
ncaab:400992757,ncaab,2018-01-30T01:00Z,final,2450,50,Norfolk St,Florida A&M,80,71,,,,0,,,,,,,,,,2,,0,Norfolk,VA,1,2,,,,-5.0,"36,44","28,43",,,,,,,,
ncaab:400992834,ncaab,2018-01-30T01:30Z,final,2010,2504,Alabama A&M,Prairie View,67,88,,,,0,,,,,,,,,,2,,0,Normal,AL,1,220,,,,-6.0,"29,38","41,47",,,,,,,,
ncaab:400992886,ncaab,2018-01-30T01:30Z,final,2400,2755,Miss Valley St,Grambling,89,92,,,,0,,,,,,,,,,2,,0,Itta Bena,MS,1,40,,,,-6.0,"32,42,15","46,28,18",,,,,,,,
ncaab:400986537,ncaab,2018-01-30T02:00Z,final,275,158,Wisconsin,Nebraska,63,74,,,,0,,,,,,,,,,2,,0,Madison,WI,1,267,,,,-6.0,"32,31","30,44",,,,,,,,
ncaab:400989186,ncaab,2018-01-30T02:00Z,final,2306,2305,Kansas St,Kansas,56,70,,,,0,,,,,,,,,,2,,0,Manhattan,KS,1,311,,,,-6.0,"27,29","40,30",,,,,,,,
ncaab:400992853,ncaab,2018-01-30T02:00Z,final,2011,2640,Alabama St,Texas Southern,82,97,,,,0,,,,,,,,,,2,,0,Montgomery,AL,1,73,,,,-6.0,"31,51","40,57",,,,,,,,
ncaab:400992950,ncaab,2018-01-30T02:00Z,final,2029,2296,AR-Pine Bluff,Jackson St,60,58,,,,0,,,,,,,,,,2,,0,Pine Bluff,AR,1,67,,,,-6.0,"24,36","39,19",,,,,,,,
ncaab:400990096,ncaab,2018-01-30T23:30Z,final,113,227,UMass,Rhode Island,83,85,,,,0,,,,,,,,,,2,,0,Amherst,MA,1,82,,,,-5.0,"41,42","44,41",,,,,,,,
ncaab:400986232,ncaab,2018-01-31T00:00Z,final,228,153,Clemson,North Carolina,82,78,,,,0,,,,,,,,,,2,,0,Clemson,SC,1,221,,,,-5.0,"44,38","28,50",,,,,,,,
ncaab:400986538,ncaab,2018-01-31T00:00Z,final,194,84,Ohio State,Indiana,71,56,,,,0,,,,,,,,,,2,,0,Columbus,OH,1,235,,,,-5.0,"38,33","23,33",,,,,,,,
ncaab:400986540,ncaab,2018-01-31T00:00Z,final,356,164,Illinois,Rutgers,91,60,,,,0,,,,,,,,,,2,,0,Champaign,IL,1,225,,,,-6.0,"41,50","22,38",,,,,,,,
ncaab:400987348,ncaab,2018-01-31T00:00Z,final,61,57,Georgia,Florida,72,60,,,,0,,,,,,,,,,2,,0,Athens,GA,1,228,,,,-5.0,"37,35","32,28",,,,,,,,
ncaab:400989235,ncaab,2018-01-31T00:00Z,final,197,2628,Oklahoma St,TCU,66,79,,,,0,,,,,,,,,,2,,0,Stillwater,OK,1,273,,,,-6.0,"31,35","36,43",,,,,,,,
ncaab:400990238,ncaab,2018-01-31T00:00Z,final,2649,2050,Toledo,Ball State,63,75,,,,0,,,,,,,,,,2,,0,Toledo,OH,1,186,,,,-5.0,"27,36","37,38",,,,,,,,
ncaab:400990239,ncaab,2018-01-31T00:00Z,final,2117,2459,C Michigan,N Illinois,81,67,,,,0,,,,,,,,,,2,,0,Mount Pleasant,MI,1,235,,,,-5.0,"41,40","23,44",,,,,,,,
ncaab:400990240,ncaab,2018-01-31T00:00Z,final,2199,2711,E Michigan,W Michigan,57,71,,,,0,,,,,,,,,,2,,0,Ypsilanti,MI,1,219,,,,-5.0,"21,36","20,51",,,,,,,,
ncaab:400990241,ncaab,2018-01-31T00:00Z,final,189,195,Bowling Green,Ohio,66,50,,,,0,,,,,,,,,,2,,0,Bowling Green,OH,1,212,,,,-5.0,"41,25","19,31",,,,,,,,
ncaab:400990242,ncaab,2018-01-31T00:00Z,final,2309,2084,Kent State,Buffalo,82,79,,,,0,,,,,,,,,,2,,0,Kent,OH,1,325,,,,-5.0,"34,48","47,32",,,,,,,,
ncaab:400990243,ncaab,2018-01-31T00:00Z,final,193,2006,Miami OH,Akron,79,64,,,,0,,,,,,,,,,2,,0,Oxford,OH,1,283,,,,-5.0,"41,38","31,33",,,,,,,,
ncaab:400991168,ncaab,2018-01-31T00:00Z,final,2363,2368,Manhattan,Marist,59,62,,,,0,,,,,,,,,,2,,0,Riverdale,NY,1,159,,,,-8.0,"29,30","26,36",,,,,,,,
ncaab:400989053,ncaab,2018-01-31T00:30Z,final,2377,2534,McNeese,Sam Houston,57,67,,,,0,,,,,,,,,,2,,0,Lake Charles,LA,1,4,,,,-6.0,"28,29","33,34",,,,,,,,
ncaab:400989400,ncaab,2018-01-31T01:00Z,final,2571,2437,S Dakota St,Omaha,80,60,,,,0,,,,,,,,,,2,,0,Brookings,SD,1,494,,,,-6.0,"44,36","28,32",,,,,,,,
ncaab:400989719,ncaab,2018-01-31T01:00Z,final,2623,2287,Missouri St,Illinois St,60,76,,,,0,,,,,,,,,,2,,0,Springfield,MO,1,396,,,,-6.0,"21,39","30,46",,,,,,,,
ncaab:400989720,ncaab,2018-01-31T01:00Z,final,2181,79,Drake,S Illinois,67,78,,,,0,,,,,,,,,,2,,0,Des Moines,IA,1,266,,,,-6.0,"32,35","39,39",,,,,,,,
ncaab:400990674,ncaab,2018-01-31T01:00Z,final,292,630,UT Rio Grande,Wylnd Baptist,86,50,,,,0,,,,,,,,,,2,,0,Edinburg,TX,1,30,,,,-6.0,"39,47","23,27",,,,,,,,
ncaab:400988592,ncaab,2018-01-31T01:30Z,final,2599,2752,St John's,Xavier,68,73,,,,0,,,,,,,,,,2,,0,Queens,NY,1,12,,,,-5.0,"32,36","37,36",,,,,,,,
ncaab:400986539,ncaab,2018-01-31T02:00Z,final,2294,135,Iowa,Minnesota,94,80,,,,0,,,,,,,,,,2,,0,Iowa City,IA,1,204,,,,-6.0,"37,57","33,47",,,,,,,,
ncaab:400987346,ncaab,2018-01-31T02:00Z,final,145,2,Ole Miss,Auburn,70,79,,,,0,,,,,,,,,,2,,0,Oxford,MS,1,154,,,,-6.0,"36,34","38,41",,,,,,,,
ncaab:400987347,ncaab,2018-01-31T02:00Z,final,96,238,Kentucky,Vanderbilt,83,81,,,,0,,,,,,,,,,2,,0,Lexington,KY,1,295,,,,-5.0,"27,44,12","33,38,10",,,,,,,,
ncaab:400987349,ncaab,2018-01-31T02:00Z,final,245,8,Texas A&M,Arkansas,80,66,,,,0,,,,,,,,,,2,,0,College Station,TX,1,103,,,,-6.0,"33,47","32,34",,,,,,,,
ncaab:400989141,ncaab,2018-01-31T02:00Z,final,201,239,Oklahoma,Baylor,98,96,,,,0,,,,,,,,,,2,,0,Norman,OK,1,357,,,,-6.0,"52,46","46,50",,,,,,,,
ncaab:400990675,ncaab,2018-01-31T02:00Z,final,166,3141,New Mexico St,Northern NM,71,45,,,,0,,,,,,,,,,2,,0,Las Cruces,NM,1,1191,,,,-7.0,"39,32","21,24",,,,,,,,
ncaab:400986541,ncaab,2018-01-31T23:30Z,final,127,213,Michigan St,Penn State,76,68,,,,0,,,,,,,,,,2,,0,East Lansing,MI,1,261,,,,-5.0,"24,52","30,38",,,,,,,,
ncaab:400987350,ncaab,2018-01-31T23:30Z,final,2633,99,Tennessee,LSU,84,61,,,,0,,,,,,,,,,2,,0,Knoxville,TN,1,276,,,,-5.0,"42,42","31,30",,,,,,,,
ncaab:400988089,ncaab,2018-01-31T23:30Z,final,151,2655,East Carolina,Tulane,69,71,,,,0,,,,,,,,,,2,,0,Greenville,NC,1,18,,,,-5.0,"28,39,2","39,28,4",,,,,,,,
