id,league,start,status,home,away,home_name,away_name,home_score,away_score,ml_home,ml_away,odds_time,neutral,ml_home_open,ml_away_open,spread_home,spread_home_odds,spread_away_odds,inj_home,inj_away,sp_home,sp_away,stype,country,intl,city,state,indoor,elev,wx_temp,wx_wind,wx_rain,tzo,ls_home,ls_away,h1_ml_home,h1_ml_away,h1_spread_home,h1_spread_home_odds,h1_spread_away_odds,total,over_odds,under_odds
ncaab:401082806,ncaab,2018-12-01T00:00Z,final,221,2184,Pitt,Duquesne,74,53,-170,148,,1,,,-3.5,-110,-110,,,,,2,,0,Pittsburgh,PA,1,233,,,,-5.0,"32,42","29,24",-155,135,-2.0,-105,-115,142.5,-110,-110
ncaab:401083026,ncaab,2018-12-01T00:00Z,final,2579,324,South Carolina,Coastal,85,79,-795,595,,0,,,-11.5,-110,-110,,,,,2,,0,Columbia,SC,1,89,,,,-5.0,"50,35","41,38",-410,330,-6.5,-110,-110,146.5,-110,-110
ncaab:401083068,ncaab,2018-12-01T00:00Z,final,2168,344,Dayton,Mississippi St,58,65,125,-145,,0,,,2.5,-105,-115,,,,,2,,0,Dayton,OH,1,225,,,,-5.0,"29,29","26,39",120,-140,1.5,-110,-110,136.0,-110,-110
ncaab:401083497,ncaab,2018-12-01T00:00Z,final,251,2515,Texas,Radford,59,62,,,,0,,,,,,,,,,2,,0,Austin,TX,1,149,,,,-6.0,"34,25","33,29",,,,,,,,
ncaab:401083914,ncaab,2018-12-01T00:00Z,final,2379,48,MD Eastern,Delaware,62,71,,,,0,,,,,,,,,,2,,0,Princess Anne,MD,1,5,,,,-5.0,"27,35","29,42",,,,,,,,
ncaab:401084703,ncaab,2018-12-01T00:00Z,final,151,2026,East Carolina,App State,83,81,,,,0,,,,,,,,,,2,,0,Greenville,NC,1,18,,,,-5.0,"40,43","42,39",,,,,,,,
ncaab:401085875,ncaab,2018-12-01T00:00Z,final,119,261,Towson,Vermont,64,70,,,,0,,,,,,,,,,2,,0,Towson,MD,1,141,,,,-5.0,"25,39","27,43",,,,,,,,
ncaab:401085996,ncaab,2018-12-01T00:00Z,final,2598,315,Saint Francis,Niagara,79,75,,,,0,,,,,,,,,,2,,0,Loretto,PA,1,595,,,,-5.0,"43,36","33,42",,,,,,,,
ncaab:401087303,ncaab,2018-12-01T00:00Z,final,94,2378,N Kentucky,UMBC,78,60,,,,0,,,,,,,,,,2,,0,Highland Heights,KY,1,260,,,,-5.0,"39,39","21,39",,,,,,,,
ncaab:401087846,ncaab,2018-12-01T00:00Z,final,44,2681,American,Wagner,58,64,,,,0,,,,,,,,,,2,,0,Washington,DC,1,7,,,,-5.0,"27,31","20,44",,,,,,,,
ncaab:401083514,ncaab,2018-12-01T00:30Z,final,2628,2117,TCU,C Michigan,89,62,,,,0,,,,,,,,,,2,,0,Fort Worth,TX,1,199,,,,-6.0,"46,43","26,36",,,,,,,,
ncaab:401082396,ncaab,2018-12-01T01:00Z,final,2294,275,Iowa,Wisconsin,66,72,112,-132,,0,,,2.0,-115,-105,,,,,2,,0,Iowa City,IA,1,204,,,,-6.0,"27,39","27,45",100,-120,0.5,-110,-110,141.5,-110,-110
ncaab:401084704,ncaab,2018-12-01T01:30Z,final,58,2142,South Florida,Colgate,73,63,,,,0,,,,,,,,,,2,,0,Tampa,FL,1,1,,,,-5.0,"34,39","36,27",,,,,,,,
ncaab:401082496,ncaab,2018-12-01T03:00Z,final,135,197,Minnesota,Oklahoma St,83,76,-200,170,,1,,,-4.5,-110,-110,,,,,2,,0,Minneapolis,MN,1,253,,,,-6.0,"45,38","38,38",-155,135,-2.0,-110,-110,141.0,-110,-110
ncaab:401101476,ncaab,2018-12-01T13:00Z,final,270,2617,Milwaukee,SF Austin,51,66,,,,1,,,,,,,,,,2,,0,Belfast,Northern Ireland,1,7,,,,0.0,"25,26","29,37",,,,,,,,
ncaab:401101477,ncaab,2018-12-01T15:30Z,final,2084,2539,Buffalo,San Francisco,85,81,,,,1,,,,,,,,,,2,,0,Belfast,Northern Ireland,1,7,,,,0.0,"41,44","35,46",,,,,,,,
ncaab:401082900,ncaab,2018-12-01T17:00Z,final,59,2599,Georgia Tech,St John's,73,76,,,,1,,,,,,,,,,2,,0,Miami,FL,1,2,,,,-5.0,"38,35","29,47",,,,,,,,
ncaab:401082912,ncaab,2018-12-01T17:00Z,final,2550,97,Seton Hall,Louisville,65,70,-155,135,,0,,,-3.0,-115,-105,,,,,2,,0,Newark,NJ,1,9,,,,-5.0,"34,31","36,34",-155,135,-2.0,-110,-110,147.5,-116,-104
ncaab:401083365,ncaab,2018-12-01T17:00Z,final,2752,2473,Xavier,Oakland,73,63,-2000,1100,,0,,,-17.0,-110,-110,,,,,2,,0,Cincinnati,OH,1,191,,,,-5.0,"41,32","36,27",-909,650,-10.0,-115,-105,148.0,-110,-110
ncaab:401088929,ncaab,2018-12-01T17:00Z,final,2016,2892,Alcorn St,Rust,103,66,,,,0,,,,,,,,,,2,,0,Lorman,MS,1,66,,,,-6.0,"52,51","21,45",,,,,,,,
ncaab:401082369,ncaab,2018-12-01T18:00Z,final,84,77,Indiana,Northwestern,68,66,-320,260,,0,,,-7.0,-110,-110,,,,,2,,0,Bloomington,IN,1,235,,,,-5.0,"37,31","33,33",-230,190,-4.0,-110,-110,139.0,-115,-105
ncaab:401083129,ncaab,2018-12-01T18:00Z,final,96,2430,Kentucky,UNC Greensboro,78,61,-855,630,,0,,,-12.5,-110,-110,,,,,2,,0,Lexington,KY,1,295,,,,-5.0,"37,41","40,21",-470,345,-7.0,-110,-110,150.0,-110,-110
ncaab:401086041,ncaab,2018-12-01T18:00Z,final,349,2217,Army,Fairfield,63,60,,,,0,,,,,,,,,,2,,0,West Point,NY,1,47,,,,-5.0,"38,25","27,33",,,,,,,,
ncaab:401086237,ncaab,2018-12-01T18:00Z,final,85,2050,IU Indy,Ball State,75,85,130,-149,,0,,,2.5,-110,-110,,,,,2,,0,Indianapolis,IN,1,218,,,,-5.0,"40,35","44,41",120,-140,1.5,-110,-110,147.5,-110,-110
ncaab:401086644,ncaab,2018-12-01T18:00Z,final,2803,160,Bryant,New Hampshire,75,65,,,,0,,,,,,,,,,2,,0,Smithfield,RI,1,84,,,,-5.0,"29,46","39,26",,,,,,,,
ncaab:401086769,ncaab,2018-12-01T18:00Z,final,2453,55,North Alabama,Jax State,65,76,,,,0,,,,,,,,,,2,,0,Florence,AL,1,167,,,,-6.0,"26,39","42,34",,,,,,,,
ncaab:401088853,ncaab,2018-12-01T18:00Z,final,2643,2382,The Citadel,Mercer,79,69,105,-125,,0,,,1.5,-110,-110,,,,,2,,0,Charleston,SC,1,6,,,,-5.0,"25,54","33,36",100,-120,0.5,-105,-115,162.5,-110,-110
ncaab:401089101,ncaab,2018-12-01T18:00Z,final,2352,116,Loyola MD,Mount St Marys,75,65,,,,0,,,,,,,,,,2,,0,Baltimore,MD,1,10,,,,-5.0,"40,35","32,33",,,,,,,,
ncaab:401088448,ncaab,2018-12-01T18:05Z,final,107,161,Holy Cross,FDU,67,49,,,,0,,,,,,,,,,2,,0,Worcester,MA,1,147,,,,-5.0,"24,43","25,24",,,,,,,,
ncaab:401083089,ncaab,2018-12-01T19:00Z,final,145,2433,Ole Miss,UL Monroe,83,60,,,,0,,,,,,,,,,2,,0,Oxford,MS,1,154,,,,-6.0,"44,39","31,29",,,,,,,,
ncaab:401083223,ncaab,2018-12-01T19:00Z,final,156,2250,Creighton,Gonzaga,92,103,245,-285,,0,,,6.5,-110,-110,,,,,2,,0,Omaha,NE,1,323,,,,-6.0,"48,44","41,62",175,-210,3.5,-110,-110,167.0,-115,-105
ncaab:401083859,ncaab,2018-12-01T19:00Z,final,338,2275,Kennesaw St,Hofstra,52,78,,,,0,,,,,,,,,,2,,0,Kennesaw,GA,1,332,,,,-5.0,"22,30","37,41",,,,,,,,
ncaab:401083940,ncaab,2018-12-01T19:00Z,final,2182,2523,Drexel,Robert Morris,82,69,,,,0,,,,,,,,,,2,,0,Philadelphia,PA,1,12,,,,-5.0,"42,40","34,35",,,,,,,,
ncaab:401085899,ncaab,2018-12-01T19:00Z,final,2210,104,Elon,Boston U,58,65,,,,0,,,,,,,,,,2,,0,Elon,NC,1,215,,,,-5.0,"25,33","28,37",,,,,,,,
ncaab:401086015,ncaab,2018-12-01T19:00Z,final,2083,2405,Bucknell,Monmouth,65,43,,,,0,,,,,,,,,,2,,0,Lewisburg,PA,1,144,,,,-5.0,"29,36","22,21",,,,,,,,
ncaab:401086113,ncaab,2018-12-01T19:00Z,final,2870,140,Purdue FW,Kansas City,73,90,,,,0,,,,,,,,,,2,,0,Fort Wayne,IN,1,247,,,,-5.0,"32,41","36,54",,,,,,,,
ncaab:401086542,ncaab,2018-12-01T19:00Z,final,2066,173,Binghamton,Hartwick,89,70,,,,0,,,,,,,,,,2,,0,Binghamton,NY,1,264,,,,-5.0,"46,43","33,37",,,,,,,,
ncaab:401086566,ncaab,2018-12-01T19:00Z,final,42,189,Hartford,Bowling Green,76,63,,,,0,,,,,,,,,,2,,0,West Hartford,CT,1,40,,,,-5.0,"32,44","23,40",,,,,,,,
ncaab:401086627,ncaab,2018-12-01T19:00Z,final,2349,2885,UMass Lowell,NJIT,94,71,,,,0,,,,,,,,,,2,,0,Lowell,MA,1,36,,,,-5.0,"37,57","26,45",,,,,,,,
ncaab:401087417,ncaab,2018-12-01T19:00Z,final,2649,325,Toledo,Cleveland St,80,67,-1429,900,,0,,,-15.0,-110,-110,,,,,2,,0,Toledo,OH,1,186,,,,-5.0,"41,39","29,38",-833,600,-9.0,-110,-110,146.0,-112,-108
ncaab:401087440,ncaab,2018-12-01T19:00Z,final,2711,2908,W Michigan,SC Upstate,66,71,,,,0,,,,,,,,,,2,,0,Kalamazoo,MI,1,239,,,,-5.0,"30,36","30,41",,,,,,,,
ncaab:401088155,ncaab,2018-12-01T19:00Z,final,2329,2032,Lehigh,Arkansas St,82,70,,,,0,,,,,,,,,,2,,0,Bethlehem,PA,1,109,,,,-5.0,"41,41","30,40",,,,,,,,
ncaab:401088238,ncaab,2018-12-01T19:00Z,final,2272,2198,High Point,E Kentucky,69,70,,,,0,,,,,,,,,,2,,0,High Point,NC,1,281,,,,-5.0,"42,27","31,39",,,,,,,,
ncaab:401088771,ncaab,2018-12-01T19:00Z,final,236,2635,Chattanooga,Tennessee Tech,71,60,-258,213,,0,,,-6.0,-110,-110,,,,,2,,0,Chattanooga,TN,1,206,,,,-5.0,"40,31","23,37",-169,145,-2.5,-119,-101,139.5,-110,-110
ncaab:401089228,ncaab,2018-12-01T19:00Z,final,339,2790,Evansville,Albion,65,49,,,,0,,,,,,,,,,2,,0,Evansville,IN,1,118,,,,-6.0,"24,41","23,26",,,,,,,,
ncaab:401089229,ncaab,2018-12-01T19:00Z,final,282,2750,Indiana St,Wright St,69,63,103,-123,,0,,,1.0,-110,-110,,,,,2,,0,Terre Haute,IN,1,152,,,,-5.0,"31,38","27,36",-110,-110,0.0,-105,-115,139.0,-110,-110
ncaab:401089507,ncaab,2018-12-01T19:00Z,final,193,2726,Miami OH,Wilberforce,88,57,,,,0,,,,,,,,,,2,,0,Oxford,OH,1,283,,,,-5.0,"41,47","23,34",,,,,,,,
ncaab:401089874,ncaab,2018-12-01T19:00Z,final,2739,2057,Green Bay,Belmont,100,92,289,-360,,0,,,7.5,-105,-115,,,,,2,,0,Ashwaubenon,WI,1,185,,,,-6.0,"46,54","49,43",185,-225,3.5,-105,-115,169.0,104,-125
ncaab:401083249,ncaab,2018-12-01T19:30Z,final,269,2306,Marquette,Kansas St,83,71,-140,120,,0,,,-2.5,-110,-110,,,,,2,,0,Milwaukee,WI,1,188,,,,-6.0,"44,39","33,38",-140,120,-1.0,-110,-110,138.0,-115,-105
ncaab:401083479,ncaab,2018-12-01T19:42Z,final,235,2641,Memphis,Texas Tech,67,78,685,-935,,1,,,12.0,-105,-115,,,,,2,,0,Miami,FL,1,2,,,,-5.0,"37,30","28,50",340,-455,7.0,-115,-105,142.0,-110,-110
ncaab:401083354,ncaab,2018-12-01T20:00Z,final,2325,222,La Salle,Villanova,78,85,1150,-1800,,0,,,17.0,-105,-115,,,,,2,,0,Philadelphia,PA,1,12,,,,-5.0,"42,36","39,46",600,-900,10.0,-105,-115,147.0,-110,-110
ncaab:401084057,ncaab,2018-12-01T20:00Z,final,111,2199,Northeastern,E Michigan,81,67,,,,0,,,,,,,,,,2,,0,Boston,MA,1,14,,,,-5.0,"34,47","37,30",,,,,,,,
ncaab:401085299,ncaab,2018-12-01T20:00Z,final,278,13,Fresno St,Cal Poly,76,67,-3000,1500,,0,,,-19.0,-110,-110,,,,,2,,0,Fresno,CA,1,94,,,,-8.0,"32,44","23,44",-1000,700,-10.5,-110,-110,137.5,-110,-110
ncaab:401086053,ncaab,2018-12-01T20:00Z,final,2561,108,Siena,Harvard,67,64,215,-265,,0,,,6.0,-115,-105,,,,,2,,0,Albany,NY,1,45,,,,-5.0,"27,40","22,42",170,-200,3.5,-115,-105,136.5,-110,-110
ncaab:401086061,ncaab,2018-12-01T20:00Z,final,2612,311,Saint Peter's,Maine,63,59,,,,0,,,,,,,,,,2,,0,Jersey City,NJ,1,9,,,,-5.0,"28,23,12","28,23,8",,,,,,,,
ncaab:401086112,ncaab,2018-12-01T20:00Z,final,2130,2197,Chicago St,E Illinois,80,72,,,,0,,,,,,,,,,2,,0,Chicago,IL,1,179,,,,-6.0,"32,48","41,31",,,,,,,,
ncaab:401086114,ncaab,2018-12-01T20:00Z,final,250,292,UT Arlington,UT Rio Grande,65,76,,,,0,,,,,,,,,,2,,0,Arlington,TX,1,184,,,,-6.0,"29,36","32,44",,,,,,,,
ncaab:401087081,ncaab,2018-12-01T20:00Z,final,38,36,Colorado,Colorado St,86,80,-1100,700,,0,,,-14.0,-110,-110,,,,,2,,0,Boulder,CO,1,1624,,,,-7.0,"29,57","32,48",-526,415,-8.0,-110,-110,156.5,-110,-110
ncaab:401088237,ncaab,2018-12-01T20:00Z,final,2241,2542,Gardner-Webb,Savannah St,97,60,,,,0,,,,,,,,,,2,,0,Boiling Springs,NC,1,269,,,,-5.0,"49,48","29,31",,,,,,,,
ncaab:401088239,ncaab,2018-12-01T20:00Z,final,2344,2678,Longwood,VMI,65,45,,,,0,,,,,,,,,,2,,0,Farmville,VA,1,90,,,,-5.0,"28,37","23,22",,,,,,,,
ncaab:401089230,ncaab,2018-12-01T20:00Z,final,2287,21,Illinois St,San Diego St,65,75,115,-135,,0,,,2.0,-105,-115,,,,,2,,0,Normal,IL,1,244,,,,-6.0,"32,33","37,38",110,-130,1.0,-105,-115,147.0,-110,-110
ncaab:401089231,ncaab,2018-12-01T20:00Z,final,2565,79,SIUE,S Illinois,61,82,,,,0,,,,,,,,,,2,,0,Edwardsville,IL,1,165,,,,-6.0,"29,32","37,45",,,,,,,,
ncaab:401082452,ncaab,2018-12-01T20:30Z,final,130,2509,Michigan,Purdue,76,57,-293,239,,0,,,-6.0,-110,-110,,,,,2,,0,Ann Arbor,MI,1,269,,,,-5.0,"44,32","28,29",-200,170,-3.5,-110,-110,139.0,-110,-110
ncaab:401087399,ncaab,2018-12-01T20:30Z,final,195,276,Ohio,Marshall,101,84,135,-159,,0,,,3.0,-110,-110,,,,,2,,0,Athens,OH,1,219,,,,-5.0,"48,53","31,53",115,-135,2.0,-115,-105,164.0,-110,-110
ncaab:401083458,ncaab,2018-12-01T21:00Z,final,277,2754,West Virginia,Youngstown St,106,72,-15000,6000,,0,,,-26.0,-110,-110,,,,,2,,0,Morgantown,WV,1,271,,,,-5.0,"55,51","37,35",-2300,1350,-15.0,-110,-110,156.5,-110,-110
ncaab:401083887,ncaab,2018-12-01T21:00Z,final,232,2429,Charleston,Charlotte,72,64,-1250,800,,0,,,-14.5,-110,-110,,,,,2,,0,Charleston,SC,1,6,,,,-5.0,"31,41","30,34",-700,500,-8.5,-105,-115,125.0,-110,-110
ncaab:401085722,ncaab,2018-12-01T21:00Z,final,179,2169,St Bonaventure,Delaware St,90,61,,,,0,,,,,,,,,,2,,0,Saint Bonaventure,NY,1,435,,,,-5.0,"40,50","21,40",,,,,,,,
ncaab:401085888,ncaab,2018-12-01T21:00Z,final,2729,2244,William & Mary,George Mason,84,87,-220,180,,0,,,-5.0,-115,-105,,,,,2,,0,Williamsburg,VA,1,25,,,,-5.0,"42,42","36,51",-164,140,-2.5,-110,-110,152.5,-110,-110
ncaab:401086314,ncaab,2018-12-01T21:00Z,final,163,45,Princeton,G Washington,73,52,,,,0,,,,,,,,,,2,,0,Princeton,NJ,1,62,,,,-5.0,"33,40","26,26",,,,,,,,
ncaab:401086846,ncaab,2018-12-01T21:00Z,final,155,70,North Dakota,Idaho,54,67,-245,205,,0,,,-6.0,-110,-110,,,,,2,,0,Grand Forks,ND,1,253,,,,-6.0,"28,26","26,41",-189,160,-3.0,-110,-110,146.0,-110,-110
ncaab:401087337,ncaab,2018-12-01T21:00Z,final,2065,2226,Bethune,FAU,72,70,,,,0,,,,,,,,,,2,,0,Daytona Beach,FL,1,4,,,,-5.0,"38,34","31,39",,,,,,,,
ncaab:401087854,ncaab,2018-12-01T21:00Z,final,2031,2534,Little Rock,Sam Houston,79,52,,,,0,,,,,,,,,,2,,0,Little Rock,AR,1,102,,,,-6.0,"38,41","25,27",,,,,,,,
ncaab:401087880,ncaab,2018-12-01T21:00Z,final,2426,225,Navy,Brown,50,67,,,,0,,,,,,,,,,2,,0,Annapolis,MD,1,12,,,,-5.0,"23,27","32,35",,,,,,,,
ncaab:401087903,ncaab,2018-12-01T21:00Z,final,2636,326,UTSA,Texas St,68,69,103,-123,,0,,,1.5,-110,-110,,,,,2,,0,San Antonio,TX,1,198,,,,-6.0,"27,41","28,41",100,-120,0.0,-101,-119,140.5,-110,-110
ncaab:401088240,ncaab,2018-12-01T21:00Z,final,2448,2506,NC A&T,Presbyterian,70,75,,,,0,,,,,,,,,,2,,0,Greensboro,NC,1,266,,,,-5.0,"39,31","36,39",,,,,,,,
ncaab:401088882,ncaab,2018-12-01T21:00Z,final,231,2717,Furman,W Carolina,90,88,,,,0,,,,,,,,,,2,,0,Greenville,SC,1,307,,,,-5.0,"34,33,9,14","33,34,9,12",,,,,,,,
ncaab:401089232,ncaab,2018-12-01T21:00Z,final,82,2350,UIC,Loyola Chicago,64,73,170,-195,,0,,,4.5,-110,-110,,,,,2,,0,Chicago,IL,1,179,,,,-6.0,"28,36","37,36",145,-165,2.0,-110,-110,147.5,-110,-110
ncaab:401089471,ncaab,2018-12-01T21:00Z,final,2428,2377,NC Central,McNeese,67,66,,,,0,,,,,,,,,,2,,0,Durham,NC,1,123,,,,-5.0,"22,45","21,45",,,,,,,,
ncaab:401089482,ncaab,2018-12-01T21:00Z,final,2309,2450,Kent State,Norfolk St,78,67,,,,0,,,,,,,,,,2,,0,Kent,OH,1,325,,,,-5.0,"30,48","21,46",,,,,,,,
ncaab:401099816,ncaab,2018-12-01T21:00Z,final,2261,111926,Hampton,Regent,114,55,,,,0,,,,,,,,,,2,,0,Hampton,VA,1,1,,,,-5.0,"47,67","21,34",,,,,,,,
ncaab:401084707,ncaab,2018-12-01T21:30Z,final,2655,2545,Tulane,SE Louisiana,61,62,,,,0,,,,,,,,,,2,,0,New Orleans,LA,1,0,,,,-6.0,"31,30","25,37",,,,,,,,
ncaab:401086110,ncaab,2018-12-01T21:30Z,final,233,2934,South Dakota,Bakersfield,68,56,,,,0,,,,,,,,,,2,,0,Vermillion,SD,1,374,,,,-6.0,"35,33","21,35",,,,,,,,
ncaab:401087163,ncaab,2018-12-01T21:30Z,final,30,2440,USC,Nevada,61,73,215,-255,,0,,,5.5,-110,-110,,,,,2,,0,Los Angeles,CA,1,89,,,,-8.0,"35,26","34,39",160,-185,3.0,-105,-115,161.0,-110,-110
ncaab:401082425,ncaab,2018-12-01T22:00Z,final,120,213,Maryland,Penn State,66,59,-278,225,,0,,,-6.5,-110,-110,,,,,2,,0,College Park,MD,1,21,,,,-5.0,"30,36","31,28",-200,160,-3.5,-110,-110,142.0,-110,-110
ncaab:401082743,ncaab,2018-12-01T22:00Z,final,259,2115,Virginia Tech,C Connecticut,94,40,,,,0,,,,,,,,,,2,,0,Blacksburg,VA,1,633,,,,-5.0,"49,45","23,17",,,,,,,,
ncaab:401082843,ncaab,2018-12-01T22:00Z,final,152,238,NC State,Vanderbilt,80,65,,,,1,,,,,,,,,,2,,0,Miami,FL,1,2,,,,-5.0,"46,34","34,31",,,,,,,,
ncaab:401083109,ncaab,2018-12-01T22:00Z,final,99,2755,LSU,Grambling,78,57,,,,0,,,,,,,,,,2,,0,Baton Rouge,LA,1,14,,,,-6.0,"35,43","25,32",,,,,,,,
ncaab:401083196,ncaab,2018-12-01T22:00Z,final,139,2086,Saint Louis,Butler,64,52,160,-185,,0,,,4.0,-110,-110,,,,,2,,0,St. Louis,MO,1,142,,,,-6.0,"30,34","24,28",135,-155,2.0,-105,-115,133.0,-110,-110
ncaab:401083313,ncaab,2018-12-01T22:00Z,final,2507,227,Providence,Rhode Island,59,50,-320,260,,0,,,-7.0,-110,-110,,,,,2,,0,Providence,RI,1,2,,,,-5.0,"39,20","27,23",-220,180,-4.0,-105,-115,142.5,-110,-110
ncaab:401083997,ncaab,2018-12-01T22:00Z,final,2006,2174,Akron,Detroit Mercy,71,59,-1000,664,,0,,,-13.0,-110,-110,,,,,2,,0,Akron,OH,1,291,,,,-5.0,"25,46","25,34",-500,400,-7.0,-115,-105,146.0,-110,-110
ncaab:401084708,ncaab,2018-12-01T22:00Z,final,254,202,Utah,Tulsa,69,64,-300,250,,0,,,-7.0,-110,-110,,,,,2,,0,Salt Lake City,UT,1,1299,,,,-7.0,"23,46","17,47",-220,180,-3.5,-115,-105,145.5,-110,-110
ncaab:401088166,ncaab,2018-12-01T22:00Z,final,2348,2277,Louisiana Tech,Hou Christian,85,78,,,,0,,,,,,,,,,2,,0,Ruston,LA,1,102,,,,-6.0,"39,46","36,42",,,,,,,,
ncaab:401083549,ncaab,2018-12-01T22:30Z,final,2305,24,Kansas,Stanford,90,84,-4000,2000,,0,,,-20.0,-110,-110,,,,,2,,0,Lawrence,KS,1,263,,,,-6.0,"29,46,15","35,40,9",-1333,875,-12.0,-110,-110,149.0,-110,-110
ncaab:401084705,ncaab,2018-12-01T22:30Z,final,2603,218,Saint Joseph's,Temple,70,77,-145,125,,0,,,-2.5,-110,-110,,,,,2,,0,Philadelphia,PA,1,12,,,,-5.0,"41,29","33,44",-135,115,-1.5,-110,-110,149.0,-110,-110
ncaab:401086786,ncaab,2018-12-01T22:30Z,final,2127,2454,Charleston So,North Florida,70,76,,,,0,,,,,,,,,,2,,0,Charleston,SC,1,6,,,,-5.0,"37,33","42,34",,,,,,,,
ncaab:401089491,ncaab,2018-12-01T22:30Z,final,242,2320,Rice,Lamar,68,75,,,,0,,,,,,,,,,2,,0,Houston,TX,1,12,,,,-6.0,"26,42","37,38",,,,,,,,
ncaab:401086684,ncaab,2018-12-01T23:00Z,final,294,2569,Jacksonville,SC State,71,69,,,,0,,,,,,,,,,2,,0,Jacksonville,FL,1,5,,,,-5.0,"31,40","23,46",,,,,,,,
ncaab:401086710,ncaab,2018-12-01T23:00Z,final,2335,2247,Liberty,Georgia St,78,52,,,,0,,,,,,,,,,2,,0,Lynchburg,VA,1,192,,,,-5.0,"32,46","29,23",,,,,,,,
ncaab:401086731,ncaab,2018-12-01T23:00Z,final,2393,288,MTSU,Lipscomb,74,84,,,,0,,,,,,,,,,2,,0,Murfreesboro,TN,1,186,,,,-6.0,"38,36","37,47",,,,,,,,
ncaab:401086847,ncaab,2018-12-01T23:00Z,final,2751,2458,Wyoming,N Colorado,80,85,115,-137,,0,,,2.0,-105,-115,,,,,2,,0,Laramie,WY,1,2184,,,,-7.0,"28,52","31,54",100,-120,1.0,-110,-110,158.5,-115,-105
ncaab:401090001,ncaab,2018-12-01T23:00Z,final,2439,2132,UNLV,Cincinnati,61,65,250,-310,,0,,,6.5,-105,-115,,,,,2,,0,Las Vegas,NV,1,610,,,,-8.0,"24,37","33,32",165,-190,3.5,-110,-110,128.5,-110,-110
ncaab:401089107,ncaab,2018-12-01T23:30Z,final,2181,2449,Drake,N Dakota St,95,88,,,,1,,,,,,,,,,2,,0,Minneapolis,MN,1,253,,,,-6.0,"45,50","42,46",,,,,,,,
ncaab:401082673,ncaab,2018-12-02T00:00Z,final,150,56,Duke,Stetson,113,49,,,,0,,,,,,,,,,2,,0,Durham,NC,1,123,,,,-5.0,"59,54","25,24",,,,,,,,
ncaab:401083770,ncaab,2018-12-02T00:00Z,final,2541,2464,Santa Clara,N Arizona,81,74,-278,230,,0,,,-6.5,-110,-110,,,,,2,,0,Santa Clara,CA,1,23,,,,-8.0,"32,49","41,33",-200,160,-3.5,-110,-110,147.5,-110,-110
ncaab:401083967,ncaab,2018-12-02T00:00Z,final,295,256,Old Dominion,James Madison,67,42,-675,492,,0,,,-11.0,-110,-110,,,,,2,,0,Norfolk,VA,1,2,,,,-5.0,"28,39","11,31",-360,300,-6.0,-110,-110,127.5,-110,-110
ncaab:401084029,ncaab,2018-12-02T00:00Z,final,350,2166,UNC Wilmington,Davidson,85,91,300,-360,,0,,,7.5,-105,-115,,,,,2,,0,Wilmington,NC,1,9,,,,-5.0,"34,51","39,52",210,-250,4.5,-115,-105,147.0,-110,-110
ncaab:401085739,ncaab,2018-12-02T00:00Z,final,2670,314,VCU,Iona,88,59,-450,360,,0,,,-9.0,-105,-115,,,,,2,,0,Richmond,VA,1,64,,,,-5.0,"46,42","27,32",-280,240,-5.0,-110,-110,149.0,-110,-110
ncaab:401085757,ncaab,2018-12-02T00:00Z,final,2619,2514,Stony Brook,Quinnipiac,71,61,,,,0,,,,,,,,,,2,,0,Stony Brook,NY,1,27,,,,-5.0,"42,29","28,33",,,,,,,,
ncaab:401085954,ncaab,2018-12-02T00:00Z,final,2363,2230,Manhattan,Fordham,56,57,115,-135,,0,,,2.0,-105,-115,,,,,2,,0,Riverdale,NY,1,159,,,,-8.0,"27,29","25,32",110,-130,1.0,-110,-110,119.5,-112,-108
ncaab:401087123,ncaab,2018-12-02T00:00Z,final,204,2623,Oregon St,Missouri St,101,77,-500,384,,0,,,-9.0,-110,-110,,,,,2,,0,Corvallis,OR,1,71,,,,-8.0,"50,51","35,42",-300,220,-5.0,-105,-115,142.5,-110,-110
ncaab:401088558,ncaab,2018-12-02T00:00Z,final,98,2634,Western KY,Tennessee St,88,74,-1600,1050,,0,,,-15.5,-110,-110,,,,,2,,0,Bowling Green,KY,1,161,,,,-6.0,"38,50","33,41",-740,490,-9.5,-105,-115,143.0,-121,101
ncaab:401088837,ncaab,2018-12-02T00:00Z,final,2747,2193,Wofford,ETSU,79,62,,,,0,,,,,,,,,,2,,0,Spartanburg,SC,1,246,,,,-5.0,"33,46","29,33",,,,,,,,
ncaab:401089346,ncaab,2018-12-02T00:00Z,final,2010,2046,Alabama A&M,Austin Peay,61,73,,,,0,,,,,,,,,,2,,0,Normal,AL,1,220,,,,-6.0,"23,38","40,33",,,,,,,,
ncaab:401082722,ncaab,2018-12-02T00:30Z,final,257,154,Richmond,Wake Forest,84,74,-120,100,,0,,,-1.0,-110,-110,,,,,2,,0,Richmond,VA,1,64,,,,-5.0,"38,46","37,37",-115,-105,-0.5,-110,-110,146.0,100,-122
ncaab:401082868,ncaab,2018-12-02T00:30Z,final,2390,43,Miami,Yale,73,77,-475,367,,1,,,-9.5,-110,-110,,,,,2,,0,Miami,FL,1,2,,,,-5.0,"49,24","39,38",-260,220,-5.0,-105,-115,150.5,-110,-110
ncaab:401090203,ncaab,2018-12-02T00:30Z,final,2546,2710,SE Missouri,W Illinois,63,70,,,,0,,,,,,,,,,2,,0,Cape Girardeau,MO,1,108,,,,-6.0,"27,36","27,43",,,,,,,,
ncaab:401082785,ncaab,2018-12-02T01:00Z,final,183,172,Syracuse,Cornell,63,55,-4750,2375,,0,,,-21.5,-110,-110,,,,,2,,0,Syracuse,NY,1,121,,,,-5.0,"33,30","24,31",-1700,1100,-13.0,-115,-105,138.0,-110,-110
ncaab:401083001,ncaab,2018-12-02T01:00Z,final,8,2229,Arkansas,FIU,121,89,,,,0,,,,,,,,,,2,,0,Fayetteville,AR,1,427,,,,-6.0,"58,63","35,54",,,,,,,,
ncaab:401083379,ncaab,2018-12-02T01:00Z,final,2724,239,Wichita St,Baylor,71,63,-135,115,,0,,,-2.0,-110,-110,,,,,2,,0,Wichita,KS,1,396,,,,-6.0,"44,27","15,48",-130,110,-1.0,-110,-110,143.0,-105,-115
ncaab:401083683,ncaab,2018-12-02T01:00Z,final,2492,2000,Pepperdine,Abilene Chrstn,77,62,,,,0,,,,,,,,,,2,,0,Malibu,CA,1,32,,,,-8.0,"42,35","31,31",,,,,,,,
ncaab:401086111,ncaab,2018-12-02T01:00Z,final,2547,331,Seattle U,E Washington,88,68,,,,0,,,,,,,,,,2,,0,Seattle,WA,1,56,,,,-8.0,"39,49","25,43",,,,,,,,
ncaab:401087962,ncaab,2018-12-02T01:00Z,final,6,50,South Alabama,Florida A&M,66,57,,,,0,,,,,,,,,,2,,0,Mobile,AL,1,3,,,,-6.0,"37,29","31,26",,,,,,,,
ncaab:401088003,ncaab,2018-12-02T01:00Z,final,309,2582,Louisiana,Southern,88,78,,,,0,,,,,,,,,,2,,0,Lafayette,LA,1,11,,,,-6.0,"40,48","29,49",,,,,,,,
ncaab:401088589,ncaab,2018-12-02T01:00Z,final,93,2504,Murray St,Prairie View,83,67,,,,0,,,,,,,,,,2,,0,Murray,KY,1,163,,,,-6.0,"38,45","36,31",,,,,,,,
ncaab:401089233,ncaab,2018-12-02T01:00Z,final,71,167,Bradley,New Mexico,75,85,-325,265,,0,,,-7.5,-110,-110,,,,,2,,0,Peoria,IL,1,153,,,,-6.0,"32,43","41,44",-220,170,-4.0,-105,-115,150.0,-110,-110
ncaab:401088241,ncaab,2018-12-02T01:30Z,final,2630,2427,UT Martin,UNC Asheville,87,70,,,,0,,,,,,,,,,2,,0,Martin,TN,1,124,,,,-6.0,"44,43","34,36",,,,,,,,
ncaab:401083605,ncaab,2018-12-02T02:00Z,final,2692,252,Weber St,BYU,113,103,187,-224,,0,,,5.0,-110,-110,,,,,2,,0,Ogden,UT,1,1311,,,,-7.0,"47,66","46,57",150,-175,2.5,-110,-110,158.0,-110,-110
ncaab:401084706,ncaab,2018-12-02T02:00Z,final,248,2483,Houston,Oregon,65,61,-170,150,,0,,,-3.5,-110,-110,,,,,2,,0,Houston,TX,1,12,,,,-6.0,"37,28","18,43",-150,130,-1.5,-115,-105,139.0,-110,-110
ncaab:401086115,ncaab,2018-12-02T02:00Z,final,3084,2172,Utah Valley,Denver,98,75,,,,0,,,,,,,,,,2,,0,Orem,UT,1,1455,,,,-7.0,"53,45","37,38",,,,,,,,
ncaab:401086116,ncaab,2018-12-02T02:00Z,final,166,265,New Mexico St,Washington St,69,63,,,,0,,,,,,,,,,2,,0,Las Cruces,NM,1,1191,,,,-7.0,"33,36","25,38",,,,,,,,
ncaab:401086117,ncaab,2018-12-02T02:00Z,final,2253,68,Grand Canyon,Boise St,69,67,,,,0,,,,,,,,,,2,,0,Phoenix,AZ,1,331,,,,-7.0,"35,34","36,31",,,,,,,,
ncaab:401087236,ncaab,2018-12-02T02:00Z,final,2239,2094,Fullerton,Cal Lutheran,99,60,,,,0,,,,,,,,,,2,,0,Fullerton,CA,1,50,,,,-8.0,"50,49","29,31",,,,,,,,
ncaab:401089234,ncaab,2018-12-02T02:00Z,final,2571,2460,S Dakota St,Northern Iowa,82,50,,,,1,,,,,,,,,,2,,0,Minneapolis,MN,1,253,,,,-6.0,"40,42","25,25",,,,,,,,
ncaab:401089386,ncaab,2018-12-02T02:00Z,final,2638,2466,UTEP,N'Western St,77,47,,,,0,,,,,,,,,,2,,0,El Paso,TX,1,1133,,,,-7.0,"37,40","20,27",,,,,,,,
ncaab:401087038,ncaab,2018-12-02T02:30Z,final,9,2640,Arizona St,Texas Southern,83,71,,,,0,,,,,,,,,,2,,0,Tempe,AZ,1,360,,,,-7.0,"40,43","32,39",,,,,,,,
ncaab:401083660,ncaab,2018-12-02T03:00Z,final,279,2005,Pacific,Air Force,82,69,-275,225,,0,,,-6.0,-110,-110,,,,,2,,0,Stockton,CA,1,4,,,,-8.0,"36,46","32,37",-200,160,-3.5,-105,-115,136.5,-110,-110
ncaab:401083731,ncaab,2018-12-02T03:00Z,final,2608,25,Saint Mary's,California,84,71,-700,506,,0,,,-10.5,-115,-105,,,,,2,,0,Moraga,CA,1,152,,,,-8.0,"45,39","30,41",-380,280,-6.0,-113,-107,137.0,-115,-105
ncaab:401085326,ncaab,2018-12-02T03:00Z,final,2463,16,CSU Northridge,Sacramento St,68,88,,,,0,,,,,,,,,,2,,0,Northridge,CA,1,246,,,,-8.0,"31,37","44,44",,,,,,,,
ncaab:401086118,ncaab,2018-12-02T03:00Z,final,2856,2400,CA Baptist,Miss Valley St,107,71,,,,0,,,,,,,,,,2,,0,Riverside,CA,1,252,,,,-8.0,"57,50","37,34",,,,,,,,
ncaab:401087268,ncaab,2018-12-02T03:00Z,final,301,299,San Diego,Long Beach St,74,70,-625,475,,0,,,-10.0,-119,-102,,,,,2,,0,San Diego,CA,1,20,,,,-8.0,"29,45","29,41",-325,265,-5.5,-110,-110,152.0,-115,-105
ncaab:401087807,ncaab,2018-12-02T03:00Z,final,300,328,UC Irvine,Utah State,65,89,-120,100,,0,,,-1.0,-110,-110,,,,,2,,0,Irvine,CA,1,17,,,,-8.0,"27,38","37,52",-115,-105,-0.5,-105,-115,141.0,-105,-115
ncaab:401086848,ncaab,2018-12-02T03:05Z,final,2502,3217,Portland St,Portland Bible,123,40,,,,0,,,,,,,,,,2,,0,Portland,OR,1,12,,,,-8.0,"65,58","18,22",,,,,,,,
ncaab:401082977,ncaab,2018-12-02T17:00Z,final,2633,357,Tennessee,Texas A&M-CC,79,51,,,,0,,,,,,,,,,2,,0,Knoxville,TN,1,276,,,,-5.0,"34,45","19,32",,,,,,,,
ncaab:401084618,ncaab,2018-12-02T18:00Z,final,41,12,UConn,Arizona,72,76,,,,0,,,,,,,,,,2,,0,Hartford,CT,1,18,,,,-5.0,"38,34","42,34",,,,,,,,
ncaab:401086658,ncaab,2018-12-02T18:30Z,final,526,2142,FGCU,Colgate,56,74,,,,0,,,,,,,,,,2,,0,Fort Myers,FL,1,3,,,,-5.0,"19,37","30,44",,,,,,,,
ncaab:401083915,ncaab,2018-12-02T19:00Z,final,171,48,Columbia,Delaware,86,87,-110,-110,,0,,,0.0,-110,-110,,,,,2,,0,New York,NY,1,10,,,,-5.0,"35,35,9,7","33,37,9,8",-110,-110,0.0,-110,-110,146.0,-110,-110
ncaab:401087520,ncaab,2018-12-02T19:00Z,final,322,2529,Lafayette,Sacred Heart,62,64,,,,0,,,,,,,,,,2,,0,Easton,PA,1,97,,,,-5.0,"27,35","35,29",,,,,,,,
ncaab:401087816,ncaab,2018-12-02T19:00Z,final,2674,27,Valparaiso,UC Riverside,82,73,-1400,837,,0,,,-14.5,-110,-110,,,,,2,,0,Valparaiso,IN,1,242,,,,-6.0,"44,38","35,38",-590,415,-8.5,-105,-115,133.0,-110,-110
ncaab:401083048,ncaab,2018-12-02T20:00Z,final,142,2116,Missouri,UCF,64,62,130,-150,,0,,,3.0,-110,-110,,,,,2,,0,Columbia,MO,1,215,,,,-6.0,"21,36,7","27,30,5",120,-140,1.5,-110,-110,128.5,-108,-112
ncaab:401084709,ncaab,2018-12-02T20:00Z,final,2567,198,SMU,Oral Roberts,79,67,,,,0,,,,,,,,,,2,,0,Dallas,TX,1,128,,,,-6.0,"42,37","23,44",,,,,,,,
ncaab:401090273,ncaab,2018-12-02T20:00Z,final,2572,2892,Southern Miss,Rust,106,46,,,,0,,,,,,,,,,2,,0,Hattiesburg,MS,1,52,,,,-6.0,"54,52","18,28",,,,,,,,
ncaab:401084710,ncaab,2018-12-02T21:00Z,final,151,2379,East Carolina,MD Eastern,70,47,,,,0,,,,,,,,,,2,,0,Greenville,NC,1,18,,,,-5.0,"42,28","21,26",,,,,,,,
ncaab:401082338,ncaab,2018-12-02T22:00Z,final,158,356,Nebraska,Illinois,75,60,-1111,755,,0,,,-13.0,-115,-105,,,,,2,,0,Lincoln,NE,1,367,,,,-6.0,"39,36","23,37",-450,325,-7.5,100,-121,147.5,-110,-110
ncaab:401082497,ncaab,2018-12-03T00:00Z,final,194,135,Ohio State,Minnesota,79,59,-400,317,,0,,,-8.5,-110,-110,,,,,2,,0,Columbus,OH,1,235,,,,-5.0,"39,40","28,31",-250,210,-4.5,-110,-110,137.5,-110,-110
ncaab:401087181,ncaab,2018-12-03T01:00Z,final,264,2540,Washington,Santa Barbara,67,63,-1000,664,,0,,,-13.0,-105,-115,,,,,2,,0,Seattle,WA,1,56,,,,-8.0,"26,41","21,42",-450,360,-7.0,-110,-110,138.0,-109,-111
ncaab:401087152,ncaab,2018-12-03T03:00Z,final,26,2351,UCLA,LMU,82,58,,,,0,,,,,,,,,,2,,0,Los Angeles,CA,1,89,,,,-8.0,"39,43","27,31",,,,,,,,
ncaab:401082397,ncaab,2018-12-03T23:30Z,final,127,2294,Michigan St,Iowa,90,68,-619,459,,0,,,-10.5,-111,-109,,,,,2,,0,East Lansing,MI,1,261,,,,-5.0,"43,47","33,35",-350,250,-5.5,-105,-115,156.5,-110,-110
ncaab:401083274,ncaab,2018-12-03T23:30Z,final,46,2335,Georgetown,Liberty,88,78,,,,0,,,,,,,,,,2,,0,Washington,DC,1,7,,,,-5.0,"40,48","38,40",,,,,,,,
ncaab:401082766,ncaab,2018-12-04T00:00Z,final,258,2415,Virginia,Morgan St,83,45,,,,0,,,,,,,,,,2,,0,Charlottesville,VA,1,142,,,,-5.0,"47,36","23,22",,,,,,,,
ncaab:401082807,ncaab,2018-12-04T00:00Z,final,221,315,Pitt,Niagara,70,71,-1550,894,,0,,,-17.0,-115,-105,,,,,2,,0,Pittsburgh,PA,1,233,,,,-5.0,"33,37","34,37",-750,525,-10.0,-105,-115,147.5,-110,-110
ncaab:401083144,ncaab,2018-12-04T00:00Z,final,61,2640,Georgia,Texas Southern,92,75,,,,0,,,,,,,,,,2,,0,Athens,GA,1,228,,,,-5.0,"52,40","35,40",,,,,,,,
ncaab:401086303,ncaab,2018-12-04T00:00Z,final,2244,261,George Mason,Vermont,67,72,,,,0,,,,,,,,,,2,,0,Fairfax,VA,1,131,,,,-5.0,"22,45","27,45",,,,,,,,
ncaab:401087304,ncaab,2018-12-04T00:00Z,final,2154,2378,Coppin St,UMBC,60,71,,,,0,,,,,,,,,,2,,0,Baltimore,MD,1,10,,,,-5.0,"32,28","30,41",,,,,,,,
ncaab:401087792,ncaab,2018-12-04T00:00Z,final,2597,2990,St Francis BK,St Joseph BKN,104,75,,,,0,,,,,,,,,,2,,0,Brooklyn,NY,1,15,,,,-5.0,"56,48","30,45",,,,,,,,
ncaab:401088868,ncaab,2018-12-04T00:00Z,final,2193,2890,ETSU,Reinhardt,107,60,,,,0,,,,,,,,,,2,,0,Johnson City,TN,1,498,,,,-5.0,"52,55","27,33",,,,,,,,
ncaab:401090339,ncaab,2018-12-04T00:30Z,final,2169,3216,Delaware St,Cairn,102,66,,,,0,,,,,,,,,,2,,0,Dover,DE,1,9,,,,-5.0,"47,55","32,34",,,,,,,,
ncaab:401082597,ncaab,2018-12-04T01:00Z,final,275,164,Wisconsin,Rutgers,69,64,-910,660,,0,,,-12.0,-110,-110,,,,,2,,0,Madison,WI,1,267,,,,-6.0,"26,43","31,33",-450,325,-6.5,-115,-105,126.5,-110,-110
ncaab:401082699,ncaab,2018-12-04T01:00Z,final,52,2653,Florida St,Troy,83,67,-3750,1875,,0,,,-20.0,-110,-110,,,,,2,,0,Tallahassee,FL,1,62,,,,-5.0,"37,46","28,39",,,-11.5,-115,-105,142.0,-115,-106
ncaab:401083406,ncaab,2018-12-04T01:00Z,final,66,2449,Iowa State,N Dakota St,81,59,,,,0,,,,,,,,,,2,,0,Ames,IA,1,287,,,,-6.0,"43,38","27,32",,,,,,,,
ncaab:401084856,ncaab,2018-12-04T01:00Z,final,245,2466,Texas A&M,N'Western St,80,59,,,,0,,,,,,,,,,2,,0,College Station,TX,1,103,,,,-6.0,"38,42","24,35",,,,,,,,
ncaab:401083294,ncaab,2018-12-04T01:30Z,final,305,50,DePaul,Florida A&M,65,50,,,,0,,,,,,,,,,2,,0,Chicago,IL,1,179,,,,-6.0,"29,36","24,26",,,,,,,,
ncaab:401086991,ncaab,2018-12-04T02:00Z,final,149,3159,Montana,Coll Idaho,80,52,,,,0,,,,,,,,,,2,,0,Missoula,MT,1,978,,,,-7.0,"48,32","22,30",,,,,,,,
ncaab:401102014,ncaab,2018-12-04T03:00Z,final,2492,2463,Pepperdine,CSU Northridge,83,90,,,,0,,,,,,,,,,2,,0,Malibu,CA,1,32,,,,-8.0,"42,41","44,46",,,,,,,,
ncaab:401083329,ncaab,2018-12-04T23:30Z,final,2550,160,Seton Hall,New Hampshire,77,57,-275,235,,0,,,-7.0,-103,-129,,,,,2,,0,Newark,NJ,1,9,,,,-5.0,"31,46","19,38",,,,,,156.0,-115,-115
ncaab:401082370,ncaab,2018-12-05T00:00Z,final,213,84,Penn State,Indiana,62,64,-145,125,,0,,,-3.0,-103,-117,,,,,2,,0,University Park,PA,1,348,,,,-5.0,"30,32","34,30",-135,115,-1.5,-105,-115,135.0,-110,-110
ncaab:401082618,ncaab,2018-12-05T00:00Z,final,103,2507,Boston College,Providence,95,100,-170,148,,0,,,-3.5,-110,-110,,,,,2,,0,Chestnut Hill,MA,1,60,,,,-5.0,"43,44,8","39,48,13",-150,130,-2.0,-105,-115,144.0,-110,-110
ncaab:401082646,ncaab,2018-12-05T00:00Z,final,228,2612,Clemson,Saint Peter's,65,60,,,,0,,,,,,,,,,2,,0,Clemson,SC,1,221,,,,-5.0,"28,37","28,32",,,,,,,,
ncaab:401082786,ncaab,2018-12-05T00:00Z,final,183,111,Syracuse,Northeastern,72,49,-1000,650,,0,,,-12.5,-110,-110,,,,,2,,0,Syracuse,NY,1,121,,,,-5.0,"35,37","23,26",-425,325,-7.0,-110,-110,138.5,-110,-110
ncaab:401082826,ncaab,2018-12-05T00:00Z,final,87,201,Notre Dame,Oklahoma,80,85,,,,1,,,,,,,,,,2,,0,New York,NY,1,10,,,,-5.0,"36,44","43,42",,,,,,,,
ncaab:401082869,ncaab,2018-12-05T00:00Z,final,219,2390,Penn,Miami,89,75,205,-245,,0,,,5.5,-110,-110,,,,,2,,0,Philadelphia,PA,1,12,,,,-5.0,"50,39","36,39",160,-185,3.0,-110,-110,146.0,-110,-110
ncaab:401083968,ncaab,2018-12-05T00:00Z,final,256,2515,James Madison,Radford,73,66,,,,0,,,,,,,,,,2,,0,Harrisonburg,VA,1,404,,,,-5.0,"35,38","35,31",,,,,,,,
ncaab:401085576,ncaab,2018-12-05T00:00Z,final,2166,2737,Davidson,Winthrop,99,81,,,,0,,,,,,,,,,2,,0,Davidson,NC,1,256,,,,-5.0,"51,48","45,36",,,,,,,,
ncaab:401085599,ncaab,2018-12-05T00:00Z,final,2168,2174,Dayton,Detroit Mercy,98,59,-1350,818,,0,,,-14.0,-110,-110,,,,,2,,0,Dayton,OH,1,225,,,,-5.0,"49,49","29,30",-580,440,-8.0,-115,-105,141.5,-110,-110
ncaab:401085900,ncaab,2018-12-05T00:00Z,final,2210,231,Elon,Furman,77,98,330,-410,,0,,,8.0,-105,-115,,,,,2,,0,Elon,NC,1,215,,,,-5.0,"29,48","39,59",190,-233,4.5,-110,-110,141.5,-110,-110
ncaab:401086286,ncaab,2018-12-05T00:00Z,final,311,2230,Maine,Fordham,75,68,,,,0,,,,,,,,,,2,,0,Bangor,ME,1,36,,,,-5.0,"23,32,8,12","24,31,8,5",,,,,,,,
ncaab:401086323,ncaab,2018-12-05T00:00Z,final,2325,2083,La Salle,Bucknell,79,92,,,,0,,,,,,,,,,2,,0,Philadelphia,PA,1,12,,,,-5.0,"34,45","40,52",,,,,,,,
ncaab:401086334,ncaab,2018-12-05T00:00Z,final,113,107,UMass,Holy Cross,78,82,,,,0,,,,,,,,,,2,,0,Amherst,MA,1,82,,,,-5.0,"41,37","39,43",,,,,,,,
ncaab:401086628,ncaab,2018-12-05T00:00Z,final,104,2349,Boston U,UMass Lowell,79,60,,,,0,,,,,,,,,,2,,0,Boston,MA,1,14,,,,-5.0,"34,45","32,28",,,,,,,,
ncaab:401086685,ncaab,2018-12-05T00:00Z,final,2506,294,Presbyterian,Jacksonville,88,94,,,,0,,,,,,,,,,2,,0,Clinton,SC,1,76,,,,-5.0,"49,39","44,50",,,,,,,,
ncaab:401086752,ncaab,2018-12-05T00:00Z,final,2885,349,NJIT,Army,77,72,,,,0,,,,,,,,,,2,,0,Newark,NJ,1,9,,,,-5.0,"38,39","35,37",,,,,,,,
ncaab:401087847,ncaab,2018-12-05T00:00Z,final,44,2598,American,Saint Francis,95,82,,,,0,,,,,,,,,,2,,0,Washington,DC,1,7,,,,-5.0,"50,45","30,52",,,,,,,,
ncaab:401088391,ncaab,2018-12-05T00:00Z,final,2026,47,App State,Howard,100,86,,,,0,,,,,,,,,,2,,0,Boone,NC,1,981,,,,-5.0,"45,55","32,54",,,,,,,,
ncaab:401088513,ncaab,2018-12-05T00:00Z,final,2754,2117,Youngstown St,C Michigan,94,100,,,,0,,,,,,,,,,2,,0,Youngstown,OH,1,259,,,,-5.0,"38,30,8,6,12","45,23,8,6,18",,,,,,,,
ncaab:401089934,ncaab,2018-12-05T00:00Z,final,2132,94,Cincinnati,N Kentucky,78,65,-700,500,,0,,,-11.0,-110,-110,,,,,2,,0,Cincinnati,OH,1,191,,,,-5.0,"45,33","28,37",-355,295,-6.0,-110,-110,132.5,-110,-110
ncaab:401087855,ncaab,2018-12-05T00:30Z,final,2031,71,Little Rock,Bradley,62,68,170,-200,,0,,,4.5,-110,-110,,,,,2,,0,Little Rock,AR,1,102,,,,-6.0,"27,35","21,47",145,-170,2.5,-115,-105,140.5,-110,-110
ncaab:401088167,ncaab,2018-12-05T00:30Z,final,2348,2504,Louisiana Tech,Prairie View,82,68,,,,0,,,,,,,,,,2,,0,Ruston,LA,1,102,,,,-6.0,"39,43","25,43",,,,,,,,
ncaab:401082953,ncaab,2018-12-05T01:00Z,final,333,2247,Alabama,Georgia St,80,83,-340,274,,0,,,-8.0,-105,-115,,,,,2,,0,Tuscaloosa,AL,1,68,,,,-6.0,"52,28","31,52",-238,195,-4.5,-105,-115,144.5,-110,-110
ncaab:401083049,ncaab,2018-12-05T01:00Z,final,142,250,Missouri,UT Arlington,65,45,,,,0,,,,,,,,,,2,,0,Columbia,MO,1,215,,,,-6.0,"37,28","21,24",,,,,,,,
ncaab:401083069,ncaab,2018-12-05T01:00Z,final,344,2377,Mississippi St,McNeese,90,77,,,,0,,,,,,,,,,2,,0,Starkville,MS,1,101,,,,-6.0,"39,51","42,35",,,,,,,,
ncaab:401083168,ncaab,2018-12-05T01:00Z,final,2,2427,Auburn,UNC Asheville,67,41,,,,0,,,,,,,,,,2,,0,Auburn,AL,1,215,,,,-6.0,"33,34","18,23",,,,,,,,
ncaab:401083550,ncaab,2018-12-05T01:00Z,final,2305,2747,Kansas,Wofford,72,47,-1700,1100,,0,,,-16.5,-108,-112,,,,,2,,0,Lawrence,KS,1,263,,,,-6.0,"29,43","26,21",-790,540,-9.5,-110,-110,151.0,-110,-110
ncaab:401084711,ncaab,2018-12-05T01:00Z,final,248,2320,Houston,Lamar,79,56,,,,0,,,,,,,,,,2,,0,Houston,TX,1,12,,,,-6.0,"44,35","25,31",,,,,,,,
ncaab:401086732,ncaab,2018-12-05T01:00Z,final,2057,288,Belmont,Lipscomb,76,74,,,,0,,,,,,,,,,2,,0,Nashville,TN,1,170,,,,-6.0,"33,43","35,39",,,,,,,,
ncaab:401086770,ncaab,2018-12-05T01:00Z,final,5,2453,UAB,North Alabama,73,67,,,,0,,,,,,,,,,2,,0,Birmingham,AL,1,187,,,,-6.0,"35,38","31,36",,,,,,,,
ncaab:401088156,ncaab,2018-12-05T01:00Z,final,2032,339,Arkansas St,Evansville,87,77,-105,-115,,0,,,1.0,-110,-110,,,,,2,,0,Jonesboro,AR,1,99,,,,-6.0,"43,44","33,44",100,-120,0.5,-115,-105,156.0,-110,-110
ncaab:401088242,ncaab,2018-12-05T01:00Z,final,2000,2097,Abilene Chrstn,Campbell,83,68,,,,0,,,,,,,,,,2,,0,Abilene,TX,1,524,,,,-6.0,"36,47","28,40",,,,,,,,
ncaab:401088243,ncaab,2018-12-05T01:00Z,final,2674,2272,Valparaiso,High Point,53,55,,,,0,,,,,,,,,,2,,0,Valparaiso,IN,1,242,,,,-6.0,"24,29","23,32",,,,,,,,
ncaab:401089556,ncaab,2018-12-05T01:00Z,final,2400,2546,Miss Valley St,SE Missouri,57,77,,,,0,,,,,,,,,,2,,0,Itta Bena,MS,1,40,,,,-6.0,"25,32","33,44",,,,,,,,
ncaab:401089628,ncaab,2018-12-05T01:00Z,final,2916,386,Incarnate Word,Trinity (TX),82,57,,,,0,,,,,,,,,,2,,0,San Antonio,TX,1,198,,,,-6.0,"41,41","27,30",,,,,,,,
ncaab:401090094,ncaab,2018-12-05T01:00Z,final,2197,459,E Illinois,Fontbonne,90,37,,,,0,,,,,,,,,,2,,0,Charleston,IL,1,204,,,,-6.0,"46,44","19,18",,,,,,,,
ncaab:401083250,ncaab,2018-12-05T01:30Z,final,269,2638,Marquette,UTEP,76,69,-4750,2375,,0,,,-20.0,-110,-110,,,,,2,,0,Milwaukee,WI,1,188,,,,-6.0,"37,39","30,39",,,-12.0,-110,-110,139.5,-110,-110
ncaab:401088999,ncaab,2018-12-05T01:30Z,final,2755,2113,Grambling,Centenary (LA),81,57,,,,0,,,,,,,,,,2,,0,Grambling,LA,1,93,,,,-6.0,"37,44","21,36",,,,,,,,
ncaab:401082453,ncaab,2018-12-05T02:00Z,final,77,130,Northwestern,Michigan,60,62,200,-240,,0,,,5.0,-110,-110,,,,,2,,0,Evanston,IL,1,187,,,,-6.0,"30,30","36,26",160,-185,3.0,-110,-110,127.5,-110,-110
ncaab:401084712,ncaab,2018-12-05T02:00Z,final,235,2571,Memphis,S Dakota St,88,80,,,,0,,,,,,,,,,2,,0,Memphis,TN,1,78,,,,-6.0,"40,48","32,48",,,,,,,,
ncaab:401086119,ncaab,2018-12-05T02:00Z,final,166,167,New Mexico St,New Mexico,100,65,,,,0,,,,,,,,,,2,,0,Las Cruces,NM,1,1191,,,,-7.0,"50,50","22,43",,,,,,,,
ncaab:401087082,ncaab,2018-12-05T02:00Z,final,38,233,Colorado,South Dakota,82,58,-910,660,,0,,,-12.5,-115,-105,,,,,2,,0,Boulder,CO,1,1624,,,,-7.0,"41,41","28,30",-417,325,-7.0,-115,-105,143.5,-110,-110
ncaab:401083158,ncaab,2018-12-05T02:32Z,final,277,57,West Virginia,Florida,56,66,,,,1,,,,,,,,,,2,,0,New York,NY,1,10,,,,-5.0,"27,29","30,36",,,,,,,,
ncaab:401083732,ncaab,2018-12-05T03:00Z,final,2608,2065,Saint Mary's,Bethune,93,61,,,,0,,,,,,,,,,2,,0,Moraga,CA,1,152,,,,-8.0,"36,57","31,30",,,,,,,,
ncaab:401086120,ncaab,2018-12-05T03:00Z,final,2934,3185,Bakersfield,UC Merced,67,53,,,,0,,,,,,,,,,2,,0,Bakersfield,CA,1,123,,,,-8.0,"37,30","25,28",,,,,,,,
ncaab:401084619,ncaab,2018-12-05T23:00Z,final,41,322,UConn,Lafayette,90,63,,,,0,,,,,,,,,,2,,0,Hartford,CT,1,18,,,,-5.0,"45,45","29,34",,,,,,,,
ncaab:401083341,ncaab,2018-12-05T23:30Z,final,2599,116,St John's,Mount St Marys,85,71,,,,0,,,,,,,,,,2,,0,Queens,NY,1,12,,,,-5.0,"42,43","37,34",,,,,,,,
ncaab:401083366,ncaab,2018-12-05T23:30Z,final,2752,195,Xavier,Ohio,82,61,-725,520,,0,,,-11.5,-110,-110,,,,,2,,0,Cincinnati,OH,1,191,,,,-5.0,"35,47","34,27",-400,325,-6.5,-115,-105,145.0,-110,-110
ncaab:401082339,ncaab,2018-12-06T00:00Z,final,356,194,Illinois,Ohio State,67,77,200,-235,,1,,,5.0,-105,-115,,,,,2,,0,Chicago,IL,1,179,,,,-6.0,"38,29","34,43",158,-180,3.0,-115,-105,143.5,-110,-110
ncaab:401082674,ncaab,2018-12-06T00:00Z,final,150,42,Duke,Hartford,84,54,,,,0,,,,,,,,,,2,,0,Durham,NC,1,123,,,,-5.0,"33,51","24,30",,,,,,,,
ncaab:401082744,ncaab,2018-12-06T00:00Z,final,259,2678,Virginia Tech,VMI,89,68,,,,0,,,,,,,,,,2,,0,Blacksburg,VA,1,633,,,,-5.0,"42,47","21,47",,,,,,,,
ncaab:401082844,ncaab,2018-12-06T00:00Z,final,152,2717,NC State,W Carolina,100,67,,,,0,,,,,,,,,,2,,0,Raleigh,NC,1,96,,,,-5.0,"45,55","33,34",,,,,,,,
ncaab:401082913,ncaab,2018-12-06T00:00Z,final,97,2110,Louisville,C Arkansas,86,41,,,,0,,,,,,,,,,2,,0,Louisville,KY,1,142,,,,-5.0,"52,34","23,18",,,,,,,,
ncaab:401083197,ncaab,2018-12-06T00:00Z,final,2086,225,Butler,Brown,70,55,-2200,1315,,0,,,-18.0,-110,-110,,,,,2,,0,Indianapolis,IN,1,218,,,,-5.0,"36,34","17,38",-900,550,-11.0,-110,-110,144.5,-110,-110
ncaab:401083860,ncaab,2018-12-06T00:00Z,final,2275,2405,Hofstra,Monmouth,75,73,-1550,894,,0,,,-15.0,-110,-110,,,,,2,,0,Hempstead,NY,1,17,,,,-5.0,"45,30","43,30",-714,525,-9.0,-110,-110,144.0,-110,-110
ncaab:401083916,ncaab,2018-12-06T00:00Z,final,48,2426,Delaware,Navy,65,80,,,,0,,,,,,,,,,2,,0,Newark,DE,1,38,,,,-5.0,"26,39","33,47",,,,,,,,
ncaab:401083941,ncaab,2018-12-06T00:00Z,final,2182,2352,Drexel,Loyola MD,95,86,,,,0,,,,,,,,,,2,,0,Philadelphia,PA,1,12,,,,-5.0,"43,52","48,38",,,,,,,,
ncaab:401083998,ncaab,2018-12-06T00:00Z,final,2870,2006,Purdue FW,Akron,68,65,145,-165,,0,,,3.5,-107,-113,,,,,2,,0,Fort Wayne,IN,1,247,,,,-5.0,"40,28","25,40",130,-150,1.5,-105,-115,151.0,-110,-110
ncaab:401085624,ncaab,2018-12-06T00:00Z,final,2184,276,Duquesne,Marshall,93,82,105,-125,,0,,,1.0,-110,-110,,,,,2,,0,Pittsburgh,PA,1,233,,,,-5.0,"48,45","38,44",105,-125,0.5,-105,-115,162.5,-110,-110
ncaab:401085658,ncaab,2018-12-06T00:00Z,final,257,2154,Richmond,Coppin St,82,47,,,,0,,,,,,,,,,2,,0,Richmond,VA,1,64,,,,-5.0,"43,39","16,31",,,,,,,,
ncaab:401085681,ncaab,2018-12-06T00:00Z,final,163,2603,Princeton,Saint Joseph's,82,92,150,-170,,0,,,3.5,-110,-110,,,,,2,,0,Princeton,NJ,1,62,,,,-5.0,"36,46","39,53",125,-145,1.5,-110,-110,143.5,-110,-110
ncaab:401085723,ncaab,2018-12-06T00:00Z,final,179,2561,St Bonaventure,Siena,82,40,,,,0,,,,,,,,,,2,,0,Saint Bonaventure,NY,1,435,,,,-5.0,"42,40","16,24",,,,,,,,
ncaab:401085758,ncaab,2018-12-06T00:00Z,final,159,2514,Dartmouth,Quinnipiac,59,64,-135,115,,0,,,-2.0,-110,-110,,,,,2,,0,Hanover,NH,1,162,,,,-5.0,"22,37","27,37",-140,120,-1.5,-105,-115,143.0,-105,-115
ncaab:401085876,ncaab,2018-12-06T00:00Z,final,45,119,G Washington,Towson,68,64,,,,0,,,,,,,,,,2,,0,Washington,DC,1,7,,,,-5.0,"35,33","33,31",,,,,,,,
ncaab:401085889,ncaab,2018-12-06T00:00Z,final,295,2729,Old Dominion,William & Mary,71,53,-425,334,,0,,,-8.0,-110,-110,,,,,2,,0,Norfolk,VA,1,2,,,,-5.0,"33,38","23,30",-270,220,-4.5,-110,-110,137.0,-110,-110
ncaab:401085907,ncaab,2018-12-06T00:00Z,final,2099,2523,Canisius,Robert Morris,68,62,,,,0,,,,,,,,,,2,,0,Buffalo,NY,1,183,,,,-5.0,"31,37","25,37",,,,,,,,
ncaab:401085955,ncaab,2018-12-06T00:00Z,final,2363,2619,Manhattan,Stony Brook,62,69,,,,0,,,,,,,,,,2,,0,Riverdale,NY,1,159,,,,-8.0,"27,35","34,35",,,,,,,,
ncaab:401086543,ncaab,2018-12-06T00:00Z,final,2415,2066,Morgan St,Binghamton,74,68,,,,0,,,,,,,,,,2,,0,Baltimore,MD,1,10,,,,-5.0,"28,46","44,24",,,,,,,,
ncaab:401086801,ncaab,2018-12-06T00:00Z,final,56,2710,Stetson,W Illinois,68,64,,,,0,,,,,,,,,,2,,0,DeLand,FL,1,12,,,,-5.0,"30,38","38,26",,,,,,,,
ncaab:401087338,ncaab,2018-12-06T00:00Z,final,2226,2382,FAU,Mercer,68,64,,,,0,,,,,,,,,,2,,0,Boca Raton,FL,1,4,,,,-5.0,"29,39","19,45",,,,,,,,
ncaab:401087418,ncaab,2018-12-06T00:00Z,final,2649,2174,Toledo,Detroit Mercy,101,57,-1500,876,,0,,,-15.0,-105,-115,,,,,2,,0,Toledo,OH,1,186,,,,-5.0,"49,52","27,30",-680,455,-8.5,-110,-110,152.5,-110,-110
ncaab:401087925,ncaab,2018-12-06T00:00Z,final,171,2142,Columbia,Colgate,62,64,,,,0,,,,,,,,,,2,,0,New York,NY,1,10,,,,-5.0,"23,39","36,28",,,,,,,,
ncaab:401088427,ncaab,2018-12-06T00:00Z,final,43,2329,Yale,Lehigh,97,87,,,,0,,,,,,,,,,2,,0,New Haven,CT,1,18,,,,-5.0,"51,46","51,36",,,,,,,,
ncaab:401088854,ncaab,2018-12-06T00:00Z,final,2643,3169,The Citadel,J&W (NC),127,93,,,,0,,,,,,,,,,2,,0,Charleston,SC,1,6,,,,-5.0,"64,63","44,49",,,,,,,,
ncaab:401089235,ncaab,2018-12-06T00:00Z,final,282,249,Indiana St,North Texas,69,80,100,-120,,0,,,1.0,-105,-115,,,,,2,,0,Terre Haute,IN,1,152,,,,-5.0,"26,43","39,41",-105,-115,0.5,-115,-105,136.5,-110,-110
ncaab:401089236,ncaab,2018-12-06T00:00Z,final,82,2287,UIC,Illinois St,94,75,-140,120,,0,,,-2.5,-110,-110,,,,,2,,0,Chicago,IL,1,179,,,,-6.0,"54,40","43,32",-135,115,-1.5,-110,-110,153.5,-110,-110
ncaab:401089549,ncaab,2018-12-06T00:00Z,final,2750,193,Wright St,Miami OH,62,65,-312,255,,0,,,-7.0,-110,-110,,,,,2,,0,Dayton,OH,1,225,,,,-5.0,"21,41","30,35",-220,180,-4.0,-105,-115,140.5,-110,-110
ncaab:401089560,ncaab,2018-12-06T00:00Z,final,2084,2330,Buffalo,Le Moyne,89,55,,,,0,,,,,,,,,,2,,0,Buffalo,NY,1,183,,,,-5.0,"37,52","37,18",,,,,,,,
ncaab:401082924,ncaab,2018-12-06T00:30Z,final,238,2393,Vanderbilt,MTSU,79,51,,,,0,,,,,,,,,,2,,0,Nashville,TN,1,170,,,,-6.0,"42,37","21,30",,,,,,,,
ncaab:401083480,ncaab,2018-12-06T00:30Z,final,2641,2029,Texas Tech,AR-Pine Bluff,65,47,,,,0,,,,,,,,,,2,,0,Lubbock,TX,1,976,,,,-6.0,"35,30","25,22",,,,,,,,
ncaab:401088244,ncaab,2018-12-06T00:30Z,final,324,2261,Coastal,Hampton,75,66,,,,0,,,,,,,,,,2,,0,Conway,SC,1,10,,,,-5.0,"42,33","30,36",,,,,,,,
ncaab:401088245,ncaab,2018-12-06T00:30Z,final,2198,2908,E Kentucky,SC Upstate,79,77,,,,0,,,,,,,,,,2,,0,Richmond,KY,1,289,,,,-5.0,"36,43","26,51",,,,,,,,
ncaab:401088398,ncaab,2018-12-06T00:30Z,final,325,189,Cleveland St,Bowling Green,82,64,155,-175,,0,,,3.0,100,-120,,,,,2,,0,Cleveland,OH,1,199,,,,-5.0,"37,45","26,38",120,-140,1.5,-105,-115,150.0,-110,-110
ncaab:401083498,ncaab,2018-12-06T01:00Z,final,251,2670,Texas,VCU,53,54,-550,425,,0,,,-10.0,-105,-115,,,,,2,,0,Austin,TX,1,149,,,,-6.0,"31,22","32,22",-310,255,-5.0,-115,-105,138.5,-110,-110
ncaab:401083530,ncaab,2018-12-06T01:00Z,final,202,197,Tulsa,Oklahoma St,74,71,115,-135,,0,,,2.0,-110,-110,,,,,2,,0,Tulsa,OK,1,220,,,,-6.0,"30,44","29,42",100,-120,1.0,-115,-105,145.5,-110,-110
ncaab:401084713,ncaab,2018-12-06T01:00Z,final,2655,2630,Tulane,UT Martin,87,74,,,,0,,,,,,,,,,2,,0,New Orleans,LA,1,0,,,,-6.0,"38,49","31,43",,,,,,,,
ncaab:401085702,ncaab,2018-12-06T01:00Z,final,79,139,S Illinois,Saint Louis,61,56,,,,0,,,,,,,,,,2,,0,Carbondale,IL,1,126,,,,-6.0,"27,34","23,33",,,,,,,,
ncaab:401086121,ncaab,2018-12-06T01:00Z,final,292,155,UT Rio Grande,North Dakota,70,56,,,,0,,,,,,,,,,2,,0,Edinburg,TX,1,30,,,,-6.0,"35,35","18,38",,,,,,,,
ncaab:401086659,ncaab,2018-12-06T01:00Z,final,198,526,Oral Roberts,FGCU,76,96,,,,0,,,,,,,,,,2,,0,Tulsa,OK,1,220,,,,-6.0,"45,31","52,44",,,,,,,,
ncaab:401087280,ncaab,2018-12-06T01:00Z,final,2459,302,N Illinois,UC Davis,71,62,-365,292,,0,,,-7.5,-115,-105,,,,,2,,0,Dekalb,IL,1,268,,,,-6.0,"35,36","34,28",-230,190,-4.5,-110,-110,136.0,-110,-110
ncaab:401087904,ncaab,2018-12-06T01:00Z,final,357,326,Texas A&M-CC,Texas St,55,61,,,,0,,,,,,,,,,2,,0,Corpus Christi,TX,1,2,,,,-6.0,"24,31","24,37",,,,,,,,
ncaab:401087963,ncaab,2018-12-06T01:00Z,final,2443,6,LSU N Orleans,South Alabama,71,60,,,,0,,,,,,,,,,2,,0,New Orleans,LA,1,0,,,,-6.0,"28,43","34,26",,,,,,,,
ncaab:401088004,ncaab,2018-12-06T01:00Z,final,309,100,Louisiana,Loyola NO,97,84,,,,0,,,,,,,,,,2,,0,Lafayette,LA,1,11,,,,-6.0,"44,53","38,46",,,,,,,,
ncaab:401088559,ncaab,2018-12-06T01:00Z,final,2623,98,Missouri St,Western KY,84,78,140,-160,,0,,,3.0,-110,-110,,,,,2,,0,Springfield,MO,1,396,,,,-6.0,"28,56","29,49",125,-145,1.5,-110,-110,149.0,-110,-110
ncaab:401083355,ncaab,2018-12-06T01:30Z,final,222,218,Villanova,Temple,69,59,-410,330,,0,,,-8.0,-110,-110,,,,,2,,0,Villanova,PA,1,121,,,,-5.0,"24,45","23,36",-260,220,-4.5,-110,-110,142.0,-110,-110
ncaab:401082498,ncaab,2018-12-06T02:00Z,final,135,158,Minnesota,Nebraska,85,78,160,-185,,0,,,4.0,-121,-101,,,,,2,,0,Minneapolis,MN,1,253,,,,-6.0,"39,46","44,34",140,-160,2.0,-105,-115,145.0,-110,-110
ncaab:401082859,ncaab,2018-12-06T02:00Z,final,153,350,North Carolina,UNC Wilmington,97,69,-21500,8000,,0,,,-28.0,-110,-110,,,,,2,,0,Chapel Hill,NC,1,148,,,,-5.0,"44,53","35,34",,,-15.5,-110,-110,171.0,-110,-110
ncaab:401083027,ncaab,2018-12-06T02:00Z,final,2751,2579,Wyoming,South Carolina,73,64,184,-220,,0,,,5.0,-105,-115,,,,,2,,0,Laramie,WY,1,2184,,,,-7.0,"33,40","37,27",145,-165,2.5,-105,-115,156.5,-110,-110
ncaab:401083606,ncaab,2018-12-06T02:00Z,final,252,328,BYU,Utah State,95,80,-115,-105,,0,,,0.0,-110,-110,,,,,2,,0,Provo,UT,1,1387,,,,-7.0,"53,42","34,46",-120,100,-0.5,-105,-115,162.5,-110,-110
ncaab:401086238,ncaab,2018-12-06T02:00Z,final,2350,2050,Loyola Chicago,Ball State,69,75,-233,190,,0,,,-5.5,-105,-115,,,,,2,,0,Chicago,IL,1,179,,,,-6.0,"30,39","37,38",-169,145,-2.5,-110,-110,143.5,-110,-110
ncaab:401086849,ncaab,2018-12-06T02:00Z,final,265,70,Washington St,Idaho,90,70,-630,480,,0,,,-10.5,-115,-105,,,,,2,,0,Pullman,WA,1,717,,,,-8.0,"45,45","40,30",-355,255,-6.0,-110,-110,152.5,-110,-110
ncaab:401089015,ncaab,2018-12-06T02:00Z,final,2005,2172,Air Force,Denver,73,65,-200,170,,0,,,-4.5,-110,-110,,,,,2,,0,Colorado Springs,CO,1,1832,,,,-7.0,"26,47","23,42",-170,145,-2.5,-110,-110,139.5,-110,-110
ncaab:401083002,ncaab,2018-12-06T03:00Z,final,36,8,Colorado St,Arkansas,74,98,240,-290,,0,,,6.5,-110,-110,,,,,2,,0,Fort Collins,CO,1,1525,,,,-7.0,"33,41","44,54",175,-213,3.5,-110,-110,157.5,-110,-110
ncaab:401083515,ncaab,2018-12-06T03:00Z,final,2567,2628,SMU,TCU,59,67,,,,0,,,,,,,,,,2,,0,Dallas,TX,1,128,,,,-6.0,"35,24","29,38",,,,,,,,
ncaab:401083661,ncaab,2018-12-06T03:00Z,final,279,94822,Pacific,TX Perm Basin,74,69,,,,0,,,,,,,,,,2,,0,Stockton,CA,1,4,,,,-8.0,"27,47","22,47",,,,,,,,
ncaab:401086122,ncaab,2018-12-06T03:00Z,final,2856,300,CA Baptist,UC Irvine,66,69,,,,0,,,,,,,,,,2,,0,Riverside,CA,1,252,,,,-8.0,"28,38","33,36",,,,,,,,
ncaab:401086850,ncaab,2018-12-06T03:00Z,final,278,2692,Fresno St,Weber St,71,52,-525,400,,0,,,-9.5,-105,-115,,,,,2,,0,Fresno,CA,1,94,,,,-8.0,"30,41","20,32",-280,240,-5.0,-115,-105,157.5,-110,-110
ncaab:401086851,ncaab,2018-12-06T03:00Z,final,299,253,Long Beach St,Southern Utah,82,71,-225,185,,0,,,-5.0,-115,-105,,,,,2,,0,Long Beach,CA,1,9,,,,-8.0,"33,49","32,39",-170,150,-3.0,-105,-115,153.0,-110,-110
ncaab:401087237,ncaab,2018-12-06T03:00Z,final,2239,2351,Fullerton,LMU,49,59,,,,0,,,,,,,,,,2,,0,Fullerton,CA,1,50,,,,-8.0,"18,31","25,34",,,,,,,,
ncaab:401089500,ncaab,2018-12-06T03:00Z,final,21,301,San Diego St,San Diego,61,73,-275,225,,0,,,-6.0,-110,-110,,,,,2,,0,San Diego,CA,1,20,,,,-8.0,"33,28","26,47",-195,160,-3.0,-115,-105,142.5,-110,-110
ncaab:401102333,ncaab,2018-12-06T03:00Z,final,2463,3182,CSU Northridge,Cal State SM,76,72,,,,0,,,,,,,,,,2,,0,Northridge,CA,1,246,,,,-8.0,"39,37","33,39",,,,,,,,
ncaab:401083710,ncaab,2018-12-06T03:05Z,final,2502,2501,Portland St,Portland,87,78,-275,226,,0,,,-7.0,-110,-110,,,,,2,,0,Portland,OR,1,12,,,,-8.0,"46,41","43,35",-196,165,-3.5,-110,-110,157.0,-106,-114
ncaab:401083631,ncaab,2018-12-06T04:00Z,final,2250,264,Gonzaga,Washington,81,79,-1550,894,,0,,,-16.0,-110,-110,,,,,2,,0,Spokane,WA,1,571,,,,-8.0,"40,41","30,49",-700,500,-8.5,-115,-105,162.0,-110,-110
ncaab:401083753,ncaab,2018-12-06T04:00Z,final,25,2539,California,San Francisco,60,79,245,-300,,0,,,6.5,-105,-115,,,,,2,,0,Berkeley,CA,1,52,,,,-8.0,"24,36","34,45",170,-204,3.5,-110,-110,140.0,-110,-110
ncaab:401088246,ncaab,2018-12-06T16:00Z,final,2241,3243,Gardner-Webb,Bob Jones,105,37,,,,0,,,,,,,,,,2,,0,Boiling Springs,NC,1,269,,,,-5.0,"53,52","18,19",,,,,,,,
ncaab:401082426,ncaab,2018-12-07T00:00Z,final,2509,120,Purdue,Maryland,62,60,-400,317,,0,,,-8.5,-105,-115,,,,,2,,0,West Lafayette,IN,1,186,,,,-5.0,"30,32","34,26",-265,225,-4.5,-115,-105,149.0,-110,-110
ncaab:401082723,ncaab,2018-12-07T00:00Z,final,154,2429,Wake Forest,Charlotte,80,56,-560,435,,0,,,-10.0,-110,-110,,,,,2,,0,Winston-Salem,NC,1,293,,,,-5.0,"32,48","22,34",-323,260,-5.5,-110,-110,135.0,-110,-110
ncaab:401086042,ncaab,2018-12-07T00:00Z,final,2217,2473,Fairfield,Oakland,86,87,-120,100,,0,,,-1.0,-110,-110,,,,,2,,0,Fairfield,CT,1,4,,,,-8.0,"42,44","43,44",-125,105,-0.5,-115,-105,145.5,-110,-110
ncaab:401088838,ncaab,2018-12-07T00:00Z,final,2747,3077,Wofford,KCU,112,58,,,,0,,,,,,,,,,2,,0,Spartanburg,SC,1,246,,,,-5.0,"59,53","30,28",,,,,,,,
ncaab:401089892,ncaab,2018-12-07T00:00Z,final,85,3192,IU Indy,IU Kokomo,95,64,,,,0,,,,,,,,,,2,,0,Indianapolis,IN,1,218,,,,-5.0,"49,46","35,29",,,,,,,,
ncaab:401090214,ncaab,2018-12-07T00:00Z,final,2635,2684,Tennessee Tech,Warren Wilson,118,60,,,,0,,,,,,,,,,2,,0,Cookeville,TN,1,334,,,,-6.0,"53,65","32,28",,,,,,,,
ncaab:401094554,ncaab,2018-12-07T00:00Z,final,50,2232,Florida A&M,Fort Valley St,80,58,,,,0,,,,,,,,,,2,,0,Tallahassee,FL,1,62,,,,-5.0,"37,43","24,34",,,,,,,,
ncaab:401090324,ncaab,2018-12-07T00:30Z,final,2569,2679,SC State,Voorhees,90,69,,,,0,,,,,,,,,,2,,0,Orangeburg,SC,1,74,,,,-5.0,"47,43","25,44",,,,,,,,
ncaab:401082398,ncaab,2018-12-07T01:00Z,final,2294,66,Iowa,Iowa State,98,84,125,-145,,0,,,2.0,-105,-115,,,,,2,,0,Iowa City,IA,1,204,,,,-6.0,"45,53","38,46",115,-135,1.0,-110,-110,152.0,-110,-110
ncaab:401089237,ncaab,2018-12-07T01:00Z,final,270,2181,Milwaukee,Drake,61,75,125,-145,,0,,,3.0,-110,-110,,,,,2,,0,Milwaukee,WI,1,188,,,,-6.0,"22,39","38,37",115,-135,1.5,-115,-105,150.0,-110,-110
ncaab:401102376,ncaab,2018-12-07T01:05Z,final,2130,2652,Chicago St,Trinity Chrstn,84,82,,,,0,,,,,,,,,,2,,0,Chicago,IL,1,179,,,,-6.0,"36,48","42,40",,,,,,,,
ncaab:401086123,ncaab,2018-12-07T02:00Z,final,12,3084,Arizona,Utah Valley,80,69,,,,0,,,,,,,,,,2,,0,Tucson,AZ,1,759,,,,-7.0,"29,51","41,28",,,,,,,,
ncaab:401083684,ncaab,2018-12-07T03:00Z,final,27,2492,UC Riverside,Pepperdine,75,71,188,-225,,0,,,5.0,-110,-110,,,,,2,,0,Riverside,CA,1,252,,,,-8.0,"33,42","35,36",155,-185,3.0,-115,-105,147.5,-110,-110
ncaab:401086124,ncaab,2018-12-07T03:00Z,final,2547,2437,Seattle U,Omaha,90,71,,,,0,,,,,,,,,,2,,0,Seattle,WA,1,56,,,,-8.0,"39,51","35,36",,,,,,,,
ncaab:401089959,ncaab,2018-12-07T03:00Z,final,23,2065,San José St,Bethune,67,65,,,,0,,,,,,,,,,2,,0,San Jose,CA,1,26,,,,-8.0,"32,35","35,30",,,,,,,,
ncaab:401083050,ncaab,2018-12-08T00:00Z,final,142,198,Missouri,Oral Roberts,80,64,-1600,1050,,0,,,-16.0,-110,-110,,,,,2,,0,Columbia,MO,1,215,,,,-6.0,"33,47","26,38",-833,600,-9.5,-119,-101,132.5,-110,-110
ncaab:401083314,ncaab,2018-12-08T00:00Z,final,2507,113,Providence,UMass,78,79,,,,0,,,,,,,,,,2,,0,Providence,RI,1,2,,,,-5.0,"50,28","32,47",,,,,,,,
ncaab:401083733,ncaab,2018-12-08T00:00Z,final,2608,167,Saint Mary's,New Mexico,85,60,-405,320,,1,,,-8.5,-110,-110,,,,,2,,0,Los Angeles,CA,1,89,,,,-8.0,"43,42","29,31",-250,210,-4.5,-110,-110,157.5,-110,-110
ncaab:401083969,ncaab,2018-12-08T00:00Z,final,2244,256,George Mason,James Madison,66,53,-240,199,,0,,,-5.5,-110,-110,,,,,2,,0,Fairfax,VA,1,131,,,,-5.0,"29,37","26,27",-185,155,-3.0,-105,-115,143.0,-110,-110
ncaab:401085901,ncaab,2018-12-08T00:00Z,final,2210,2430,Elon,UNC Greensboro,74,75,711,-1100,,0,,,13.0,-110,-110,,,,,2,,0,Elon,NC,1,215,,,,-5.0,"35,39","43,32",360,-476,7.5,-117,-103,146.5,-110,-110
ncaab:401086629,ncaab,2018-12-08T00:00Z,final,2349,554,UMass Lowell,ME Fort Kent,110,63,,,,0,,,,,,,,,,2,,0,Lowell,MA,1,36,,,,-5.0,"56,54","39,24",,,,,,,,
ncaab:401087926,ncaab,2018-12-08T00:00Z,final,171,2803,Columbia,Bryant,90,68,,,,0,,,,,,,,,,2,,0,New York,NY,1,10,,,,-5.0,"43,47","42,26",,,,,,,,
ncaab:401088247,ncaab,2018-12-08T00:00Z,final,2344,341,Longwood,Frostburg St,68,65,,,,0,,,,,,,,,,2,,0,Farmville,VA,1,90,,,,-5.0,"30,26,12","24,33,8",,,,,,,,
ncaab:401088168,ncaab,2018-12-08T00:30Z,final,2617,2348,SF Austin,Louisiana Tech,93,96,,,,0,,,,,,,,,,2,,0,Nacogdoches,TX,1,92,,,,-6.0,"40,43,10","31,52,13",,,,,,,,
ncaab:401088569,ncaab,2018-12-08T01:00Z,final,2571,2582,S Dakota St,Southern,101,92,,,,0,,,,,,,,,,2,,0,Brookings,SD,1,494,,,,-6.0,"46,55","37,55",,,,,,,,
ncaab:401083516,ncaab,2018-12-08T02:30Z,final,30,2628,USC,TCU,61,96,120,-140,,1,,,2.5,-110,-110,,,,,2,,0,Los Angeles,CA,1,89,,,,-8.0,"26,35","46,50",115,-135,1.0,-105,-115,151.5,-115,-105
ncaab:401083771,ncaab,2018-12-08T03:00Z,final,2541,304,Santa Clara,Idaho St,66,68,-195,166,,0,,,-4.0,-105,-115,,,,,2,,0,Santa Clara,CA,1,23,,,,-8.0,"29,37","34,34",-155,135,-2.0,-115,-105,148.5,-110,-110
ncaab:401087039,ncaab,2018-12-08T04:59Z,final,9,2440,Arizona St,Nevada,66,72,230,-270,,1,,,6.0,-110,-110,,,,,2,,0,Los Angeles,CA,1,89,,,,-8.0,"36,30","24,48",170,-200,3.5,-115,-105,162.0,-110,-110
ncaab:401089692,ncaab,2018-12-08T16:30Z,final,2000,2544,Abilene Chrstn,Schreiner,93,53,,,,0,,,,,,,,,,2,,0,Abilene,TX,1,524,,,,-6.0,"43,50","29,24",,,,,,,,
ncaab:401082454,ncaab,2018-12-08T17:00Z,final,130,2579,Michigan,South Carolina,89,78,-2500,1400,,0,,,-17.0,-103,-117,,,,,2,,0,Ann Arbor,MI,1,269,,,,-5.0,"42,47","36,42",-900,600,-10.5,-105,-115,133.0,-110,-110
ncaab:401082477,ncaab,2018-12-08T17:00Z,final,57,127,Florida,Michigan St,59,63,115,-135,,0,,,2.0,-110,-110,,,,,2,,0,Gainesville,FL,1,54,,,,-5.0,"27,32","35,28",115,-135,1.0,-105,-115,140.0,-110,-110
ncaab:401082535,ncaab,2018-12-08T17:00Z,final,77,305,Northwestern,DePaul,75,68,-290,240,,0,,,-6.5,-110,-110,,,,,2,,0,Evanston,IL,1,187,,,,-6.0,"29,46","41,27",-220,170,-3.5,-110,-110,138.0,-110,-110
ncaab:401082808,ncaab,2018-12-08T17:00Z,final,277,221,West Virginia,Pitt,69,59,-520,395,,0,,,-9.0,-110,-110,,,,,2,,0,Morgantown,WV,1,271,,,,-5.0,"39,30","27,32",-340,240,-5.5,-110,-110,148.0,-107,-113
ncaab:401083130,ncaab,2018-12-08T17:00Z,final,96,2550,Kentucky,Seton Hall,83,84,,,,1,,,,,,,,,,2,,0,New York,NY,1,10,,,,-5.0,"31,39,13","25,45,14",,,,,,,,
ncaab:401083542,ncaab,2018-12-08T17:00Z,final,201,2724,Oklahoma,Wichita St,80,48,-280,230,,0,,,-6.0,-110,-110,,,,,2,,0,Oklahoma City,OK,1,366,,,,-6.0,"35,45","27,21",-208,175,-3.5,-115,-105,149.0,-110,-110
ncaab:401089179,ncaab,2018-12-08T17:00Z,final,2199,2119,E Michigan,Central St,105,53,,,,0,,,,,,,,,,2,,0,Ypsilanti,MI,1,219,,,,-5.0,"48,57","21,32",,,,,,,,
ncaab:401084714,ncaab,2018-12-08T18:00Z,final,2116,2755,UCF,Grambling,70,45,,,,0,,,,,,,,,,2,,0,Orlando,FL,1,30,,,,-5.0,"30,40","23,22",,,,,,,,
ncaab:401084715,ncaab,2018-12-08T18:00Z,final,235,5,Memphis,UAB,94,76,-465,365,,0,,,-9.0,-105,-115,,,,,2,,0,Memphis,TN,1,78,,,,-6.0,"49,45","39,37",-310,255,-5.5,-105,-115,148.0,100,-120
ncaab:401085978,ncaab,2018-12-08T18:00Z,final,56,2368,Stetson,Marist,75,79,,,,0,,,,,,,,,,2,,0,DeLand,FL,1,12,,,,-5.0,"34,41","43,36",,,,,,,,
ncaab:401086062,ncaab,2018-12-08T18:00Z,final,2612,112358,Saint Peter's,Long Island,58,74,,,,0,,,,,,,,,,2,,0,Jersey City,NJ,1,9,,,,-5.0,"34,24","34,40",,,,,,,,
ncaab:401088249,ncaab,2018-12-08T18:00Z,final,2427,2717,UNC Asheville,W Carolina,59,71,,,,0,,,,,,,,,,2,,0,Asheville,NC,1,649,,,,-5.0,"21,38","41,30",,,,,,,,
ncaab:401089238,ncaab,2018-12-08T18:00Z,final,282,2654,Indiana St,Truman St,77,69,,,,0,,,,,,,,,,2,,0,Terre Haute,IN,1,152,,,,-5.0,"36,41","30,39",,,,,,,,
ncaab:401093607,ncaab,2018-12-08T18:00Z,final,2115,111942,C Connecticut,PSU Wilkes-Bar,79,58,,,,0,,,,,,,,,,2,,0,New Britain,CT,1,51,,,,-5.0,"45,34","35,23",,,,,,,,
ncaab:401086342,ncaab,2018-12-08T18:05Z,final,107,227,Holy Cross,Rhode Island,63,79,,,,0,,,,,,,,,,2,,0,Worcester,MA,1,147,,,,-5.0,"29,34","38,41",,,,,,,,
ncaab:401085877,ncaab,2018-12-08T18:15Z,final,119,2415,Towson,Morgan St,69,74,,,,1,,,,,,,,,,2,,0,Baltimore,MD,1,10,,,,-5.0,"33,36","28,46",,,,,,,,
ncaab:401082340,ncaab,2018-12-08T19:00Z,final,356,2439,Illinois,UNLV,77,74,-275,226,,0,,,-6.5,-110,-110,,,,,2,,0,Champaign,IL,1,225,,,,-6.0,"40,37","34,40",-189,160,-3.5,-101,-119,149.0,-115,-105
ncaab:401082569,ncaab,2018-12-08T19:00Z,final,213,2142,Penn State,Colgate,76,65,,,,0,,,,,,,,,,2,,0,University Park,PA,1,348,,,,-5.0,"41,35","30,35",,,,,,,,
ncaab:401083356,ncaab,2018-12-08T19:00Z,final,222,2603,Villanova,Saint Joseph's,70,58,-795,595,,0,,,-11.5,-110,-110,,,,,2,,0,Villanova,PA,1,121,,,,-5.0,"38,32","28,30",-380,280,-6.0,-110,-110,143.5,-110,-110
ncaab:401083367,ncaab,2018-12-08T19:00Z,final,2132,2752,Cincinnati,Xavier,62,47,-300,245,,0,,,-6.5,-110,-110,,,,,2,,0,Cincinnati,OH,1,191,,,,-5.0,"28,34","22,25",-210,165,-3.5,-110,-110,131.5,-110,-110
ncaab:401083607,ncaab,2018-12-08T19:00Z,final,254,252,Utah,BYU,59,74,140,-164,,1,,,3.5,-110,-110,,,,,2,,0,Salt Lake City,UT,1,1299,,,,-7.0,"28,31","32,42",135,-155,1.5,-115,-105,158.5,-110,-110
ncaab:401083942,ncaab,2018-12-08T19:00Z,final,2182,2378,Drexel,UMBC,76,91,,,,0,,,,,,,,,,2,,0,Philadelphia,PA,1,12,,,,-5.0,"43,33","35,56",,,,,,,,
ncaab:401085759,ncaab,2018-12-08T19:00Z,final,2514,322,Quinnipiac,Lafayette,88,77,,,,0,,,,,,,,,,2,,0,Hamden,CT,1,31,,,,-5.0,"45,43","30,47",,,,,,,,
ncaab:401086127,ncaab,2018-12-08T19:00Z,final,233,140,South Dakota,Kansas City,63,65,,,,0,,,,,,,,,,2,,0,Vermillion,SD,1,374,,,,-6.0,"40,23","30,35",,,,,,,,
ncaab:401086607,ncaab,2018-12-08T19:00Z,final,159,311,Dartmouth,Maine,78,52,,,,0,,,,,,,,,,2,,0,Hanover,NH,1,162,,,,-5.0,"41,37","27,25",,,,,,,,
ncaab:401087293,ncaab,2018-12-08T19:00Z,final,225,2619,Brown,Stony Brook,71,69,,,,0,,,,,,,,,,2,,0,Providence,RI,1,2,,,,-5.0,"35,36","30,39",,,,,,,,
ncaab:401087441,ncaab,2018-12-08T19:00Z,final,2754,2711,Youngstown St,W Michigan,77,88,,,,0,,,,,,,,,,2,,0,Youngstown,OH,1,259,,,,-5.0,"38,39","49,39",,,,,,,,
ncaab:401088392,ncaab,2018-12-08T19:00Z,final,2026,2428,App State,NC Central,82,73,,,,0,,,,,,,,,,2,,0,Boone,NC,1,981,,,,-5.0,"38,44","36,37",,,,,,,,
ncaab:401089038,ncaab,2018-12-08T19:00Z,final,193,2870,Miami OH,Purdue FW,85,79,-275,226,,0,,,-6.5,-110,-110,,,,,2,,0,Oxford,OH,1,283,,,,-5.0,"45,40","44,35",-208,175,-3.5,-105,-115,155.5,-115,-105
ncaab:401089239,ncaab,2018-12-08T19:00Z,final,2460,49,Northern Iowa,Dubuque,75,67,,,,0,,,,,,,,,,2,,0,Cedar Falls,IA,1,268,,,,-6.0,"34,41","36,31",,,,,,,,
ncaab:401082371,ncaab,2018-12-08T19:30Z,final,84,97,Indiana,Louisville,68,67,-220,185,,0,,,-5.0,-105,-115,,,,,2,,0,Bloomington,IN,1,235,,,,-5.0,"28,40","33,34",-170,145,-2.5,-110,-110,149.0,-110,-110
ncaab:401082598,ncaab,2018-12-08T19:30Z,final,2230,164,Fordham,Rutgers,78,70,310,-370,,0,,,8.0,-110,-110,,,,,2,,0,Bronx,NY,1,28,,,,-5.0,"26,52","31,39",190,-230,4.5,-110,-110,130.5,-113,-107
ncaab:401086544,ncaab,2018-12-08T19:30Z,final,2066,2352,Binghamton,Loyola MD,65,83,,,,0,,,,,,,,,,2,,0,Binghamton,NY,1,264,,,,-5.0,"27,38","36,47",,,,,,,,
ncaab:401087419,ncaab,2018-12-08T19:30Z,final,276,2649,Marshall,Toledo,74,75,-135,115,,0,,,-2.5,-105,-115,,,,,2,,0,Huntington,WV,1,173,,,,-5.0,"23,42,9","41,24,10",-125,105,-1.0,-110,-110,169.5,-110,-110
ncaab:401088248,ncaab,2018-12-08T20:00Z,final,2241,3169,Gardner-Webb,J&W (NC),102,55,,,,0,,,,,,,,,,2,,0,Boiling Springs,NC,1,269,,,,-5.0,"46,56","19,36",,,,,,,,
ncaab:401090212,ncaab,2018-12-08T20:00Z,final,2565,534,SIUE,Harris Stowe,92,87,,,,0,,,,,,,,,,2,,0,Edwardsville,IL,1,165,,,,-6.0,"41,51","33,54",,,,,,,,
ncaab:401082787,ncaab,2018-12-08T20:30Z,final,183,46,Syracuse,Georgetown,72,71,-500,384,,0,,,-9.5,-110,-110,,,,,2,,0,Syracuse,NY,1,121,,,,-5.0,"22,50","35,36",-360,260,-6.0,-105,-115,150.5,-110,-110
ncaab:401083003,ncaab,2018-12-08T20:30Z,final,8,98,Arkansas,Western KY,77,78,-667,475,,0,,,-11.0,-110,-110,,,,,2,,0,Fayetteville,AR,1,427,,,,-6.0,"41,36","33,45",-355,255,-6.0,-110,-110,155.0,-110,-110
ncaab:401087400,ncaab,2018-12-08T20:30Z,final,195,2515,Ohio,Radford,78,69,,,,0,,,,,,,,,,2,,0,Athens,OH,1,219,,,,-5.0,"32,46","26,43",,,,,,,,
ncaab:401082427,ncaab,2018-12-08T21:00Z,final,120,2350,Maryland,Loyola Chicago,55,41,-450,351,,1,,,-9.0,-106,-114,,,,,2,,0,Baltimore,MD,1,10,,,,-5.0,"24,31","20,21",-270,210,-5.0,-105,-115,134.0,-110,-110
ncaab:401082499,ncaab,2018-12-08T21:00Z,final,135,2032,Minnesota,Arkansas St,72,56,-4250,2125,,0,,,-20.5,-110,-110,,,,,2,,0,Minneapolis,MN,1,253,,,,-6.0,"41,31","24,32",,,-12.0,-110,-110,162.5,-110,-110
ncaab:401082647,ncaab,2018-12-08T21:00Z,final,344,228,Mississippi St,Clemson,82,71,-200,170,,1,,,-4.5,-110,-110,,,,,2,,0,Newark,NJ,1,9,,,,-5.0,"42,40","34,37",-165,145,-2.5,-110,-110,134.0,-110,-110
ncaab:401083531,ncaab,2018-12-08T21:00Z,final,197,248,Oklahoma St,Houston,53,63,-145,125,,0,,,-2.5,-110,-110,,,,,2,,0,Stillwater,OK,1,273,,,,-6.0,"30,23","36,27",-130,110,-1.0,-110,-110,140.0,-110,-110
ncaab:401083861,ncaab,2018-12-08T21:00Z,final,2275,2520,Hofstra,Rider,89,73,-145,125,,0,,,-2.5,-105,-115,,,,,2,,0,Hempstead,NY,1,17,,,,-5.0,"44,45","39,34",-135,115,-1.5,-105,-115,164.5,-105,-115
ncaab:401084058,ncaab,2018-12-08T21:00Z,final,111,2473,Northeastern,Oakland,92,83,-560,435,,0,,,-10.0,-110,-110,,,,,2,,0,Boston,MA,1,14,,,,-5.0,"48,44","32,51",-320,240,-5.5,-110,-110,145.5,-110,-110
ncaab:401084716,ncaab,2018-12-08T21:00Z,final,6,2655,South Alabama,Tulane,81,60,100,-120,,0,,,1.0,-110,-110,,,,,2,,0,Mobile,AL,1,3,,,,-6.0,"47,34","30,30",-115,-105,-0.5,-105,-115,141.5,-110,-110
ncaab:401085724,ncaab,2018-12-08T21:00Z,final,179,2084,St Bonaventure,Buffalo,62,80,,,,0,,,,,,,,,,2,,0,Saint Bonaventure,NY,1,435,,,,-5.0,"25,37","47,33",,,,,,,,
ncaab:401085890,ncaab,2018-12-08T21:00Z,final,2261,2729,Hampton,William & Mary,71,76,,,,0,,,,,,,,,,2,,0,Hampton,VA,1,1,,,,-5.0,"34,37","38,38",,,,,,,,
ncaab:401086054,ncaab,2018-12-08T21:00Z,final,2523,2561,Robert Morris,Siena,71,74,,,,0,,,,,,,,,,2,,0,Moon Township,PA,1,358,,,,-5.0,"32,39","38,36",,,,,,,,
ncaab:401086315,ncaab,2018-12-08T21:00Z,final,45,2674,G Washington,Valparaiso,79,82,,,,0,,,,,,,,,,2,,0,Washington,DC,1,7,,,,-5.0,"44,35","42,40",,,,,,,,
ncaab:401086324,ncaab,2018-12-08T21:00Z,final,2325,219,La Salle,Penn,65,83,200,-240,,0,,,5.5,-105,-115,,,,,2,,0,Philadelphia,PA,1,12,,,,-5.0,"21,44","39,44",150,-170,2.5,-105,-115,151.5,-105,-115
ncaab:401086753,ncaab,2018-12-08T21:00Z,final,2885,2597,NJIT,St Francis BK,82,60,,,,0,,,,,,,,,,2,,0,Newark,NJ,1,9,,,,-5.0,"36,46","24,36",,,,,,,,
ncaab:401087848,ncaab,2018-12-08T21:00Z,final,47,44,Howard,American,85,83,,,,0,,,,,,,,,,2,,0,Washington,DC,1,7,,,,-5.0,"39,46","44,39",,,,,,,,
ncaab:401088038,ncaab,2018-12-08T21:00Z,final,2382,290,Mercer,GA Southern,74,89,,,,0,,,,,,,,,,2,,0,Macon,GA,1,112,,,,-5.0,"34,40","39,50",,,,,,,,
ncaab:401088071,ncaab,2018-12-08T21:00Z,final,2005,349,Air Force,Army,61,66,,,,0,,,,,,,,,,2,,0,Colorado Springs,CO,1,1832,,,,-7.0,"40,21","23,43",,,,,,,,
ncaab:401088869,ncaab,2018-12-08T21:00Z,final,2193,2630,ETSU,UT Martin,80,62,,,,0,,,,,,,,,,2,,0,Johnson City,TN,1,498,,,,-5.0,"33,47","38,24",,,,,,,,
ncaab:401089093,ncaab,2018-12-08T21:00Z,final,116,2329,Mount St Marys,Lehigh,78,85,,,,0,,,,,,,,,,2,,0,Emmitsburg,MD,1,133,,,,-5.0,"24,54","42,43",,,,,,,,
ncaab:401089209,ncaab,2018-12-08T21:00Z,final,36,2534,Colorado St,Sam Houston,71,65,,,,0,,,,,,,,,,2,,0,Fort Collins,CO,1,1525,,,,-7.0,"33,38","36,29",,,,,,,,
ncaab:401089483,ncaab,2018-12-08T21:00Z,final,2309,2750,Kent State,Wright St,83,76,105,-125,,0,,,1.5,-110,-110,,,,,2,,0,Kent,OH,1,325,,,,-5.0,"39,44","34,42",-105,-115,0.5,-110,-110,139.0,-110,-110
ncaab:401089602,ncaab,2018-12-08T21:00Z,final,68,2120,Boise St,C Washington,82,62,,,,0,,,,,,,,,,2,,0,Boise,ID,1,823,,,,-7.0,"35,47","31,31",,,,,,,,
ncaab:401090314,ncaab,2018-12-08T21:00Z,final,2636,3126,UTSA,Mid Amr Chrstn,104,74,,,,0,,,,,,,,,,2,,0,San Antonio,TX,1,198,,,,-6.0,"56,48","39,35",,,,,,,,
ncaab:401090349,ncaab,2018-12-08T21:00Z,final,2448,2256,NC A&T,Greensboro,92,67,,,,0,,,,,,,,,,2,,0,Greensboro,NC,1,266,,,,-5.0,"42,50","40,27",,,,,,,,
ncaab:401083198,ncaab,2018-12-08T21:30Z,final,2086,2459,Butler,N Illinois,95,68,-1429,925,,0,,,-14.5,-110,-110,,,,,2,,0,Indianapolis,IN,1,218,,,,-5.0,"51,44","28,40",-580,405,-8.5,-105,-115,142.0,-114,-107
ncaab:401083430,ncaab,2018-12-08T21:30Z,final,202,2306,Tulsa,Kansas St,47,46,219,-266,,0,,,6.0,-110,-110,,,,,2,,0,Tulsa,OK,1,220,,,,-6.0,"24,23","25,21",165,-190,3.0,-105,-115,140.5,-110,-110
ncaab:401086853,ncaab,2018-12-08T21:30Z,final,328,2692,Utah State,Weber St,76,67,,,,1,,,,,,,,,,2,,0,Salt Lake City,UT,1,1299,,,,-7.0,"39,37","27,40",,,,,,,,
ncaab:401086854,ncaab,2018-12-08T21:30Z,final,2117,253,C Michigan,Southern Utah,95,86,,,,0,,,,,,,,,,2,,0,Mount Pleasant,MI,1,235,,,,-5.0,"42,53","31,55",,,,,,,,
ncaab:401088250,ncaab,2018-12-08T21:30Z,final,2908,231,SC Upstate,Furman,60,74,,,,0,,,,,,,,,,2,,0,Spartanburg,SC,1,246,,,,-5.0,"34,26","30,44",,,,,,,,
ncaab:401082607,ncaab,2018-12-08T22:00Z,final,269,275,Marquette,Wisconsin,74,69,-135,115,,0,,,-2.0,-110,-110,,,,,2,,0,Milwaukee,WI,1,188,,,,-6.0,"32,29,13","33,28,8",-120,100,-0.5,-110,-110,138.5,-110,-110
ncaab:401087905,ncaab,2018-12-08T22:00Z,final,326,2277,Texas St,Hou Christian,90,80,,,,0,,,,,,,,,,2,,0,San Marcos,TX,1,188,,,,-6.0,"40,50","25,55",,,,,,,,
ncaab:401089510,ncaab,2018-12-08T22:00Z,final,2046,111176,Austin Peay,Calvary,116,33,,,,0,,,,,,,,,,2,,0,Clarksville,TN,1,145,,,,-6.0,"65,51","21,12",,,,,,,,
ncaab:401082675,ncaab,2018-12-08T22:30Z,final,150,43,Duke,Yale,91,58,-9000,3750,,0,,,-24.5,-110,-110,,,,,2,,0,Durham,NC,1,123,,,,-5.0,"41,50","32,26",,,-14.0,-110,-110,166.5,-115,-105
ncaab:401088930,ncaab,2018-12-08T22:30Z,final,2016,3134,Alcorn St,Champ Chrstn,109,45,,,,0,,,,,,,,,,2,,0,Lorman,MS,1,66,,,,-6.0,"46,63","22,23",,,,,,,,
ncaab:401090127,ncaab,2018-12-08T22:30Z,final,2169,55,Delaware St,Jax State,54,81,,,,0,,,,,,,,,,2,,0,Dover,DE,1,9,,,,-5.0,"22,32","34,47",,,,,,,,
ncaab:401082518,ncaab,2018-12-08T23:00Z,final,158,156,Nebraska,Creighton,94,75,-385,306,,0,,,-8.0,-115,-105,,,,,2,,0,Lincoln,NE,1,367,,,,-6.0,"47,47","34,41",-260,200,-4.5,-110,-110,152.5,-110,-110
ncaab:401082619,ncaab,2018-12-08T23:00Z,void,245,103,Texas A&M,Boston College,,,-170,148,,0,,,-3.5,-110,-110,,,,,2,,0,College Station,TX,1,103,,,,-6.0,,,-150,130,-2.0,-110,-110,147.5,-110,-110
ncaab:401086686,ncaab,2018-12-08T23:00Z,final,294,109014,Jacksonville,Middle Georgia,100,57,,,,0,,,,,,,,,,2,,0,Jacksonville,FL,1,5,,,,-5.0,"59,41","22,35",,,,,,,,
ncaab:401087083,ncaab,2018-12-08T23:00Z,final,38,82,Colorado,UIC,84,72,-700,506,,0,,,-11.0,-110,-110,,,,,2,,0,Boulder,CO,1,1624,,,,-7.0,"34,50","29,43",-345,245,-6.5,-105,-115,161.0,-110,-110
ncaab:401087941,ncaab,2018-12-08T23:00Z,final,249,250,North Texas,UT Arlington,63,61,,,,0,,,,,,,,,,2,,0,Denton,TX,1,201,,,,-6.0,"31,32","36,25",,,,,,,,
ncaab:401088399,ncaab,2018-12-08T23:00Z,final,189,2739,Bowling Green,Green Bay,97,68,-160,140,,0,,,-3.0,-110,-110,,,,,2,,0,Bowling Green,OH,1,212,,,,-5.0,"49,48","27,41",-140,120,-1.5,-110,-110,159.0,-110,-110
ncaab:401089935,ncaab,2018-12-08T23:00Z,final,2198,94,E Kentucky,N Kentucky,76,74,,,,0,,,,,,,,,,2,,0,Richmond,KY,1,289,,,,-5.0,"29,47","29,45",,,,,,,,
ncaab:401082700,ncaab,2018-12-08T23:30Z,final,41,52,UConn,Florida St,71,79,,,,1,,,,,,,,,,2,,0,Newark,NJ,1,9,,,,-5.0,"33,38","39,40",,,,,,,,
ncaab:401087856,ncaab,2018-12-08T23:30Z,final,2031,2110,Little Rock,C Arkansas,82,85,,,,0,,,,,,,,,,2,,0,Little Rock,AR,1,102,,,,-6.0,"35,47","44,41",,,,,,,,
ncaab:401086016,ncaab,2018-12-09T00:00Z,final,399,2405,UAlbany,Monmouth,82,63,,,,0,,,,,,,,,,2,,0,Albany,NY,1,45,,,,-5.0,"35,47","39,24",,,,,,,,
ncaab:401087269,ncaab,2018-12-09T00:00Z,final,278,299,Fresno St,Long Beach St,92,71,-745,570,,0,,,-11.0,-110,-110,,,,,2,,0,Fresno,CA,1,94,,,,-8.0,"42,50","32,39",-400,325,-6.5,-105,-115,144.5,-110,-110
ncaab:401087314,ncaab,2018-12-09T00:00Z,final,261,108,Vermont,Harvard,71,65,,,,0,,,,,,,,,,2,,0,Burlington,VT,1,61,,,,-5.0,"29,42","36,29",,,,,,,,
ncaab:401089240,ncaab,2018-12-09T00:30Z,final,2546,79,SE Missouri,S Illinois,73,83,,,,0,,,,,,,,,,2,,0,Cape Girardeau,MO,1,108,,,,-6.0,"33,40","35,48",,,,,,,,
ncaab:401083090,ncaab,2018-12-09T01:00Z,final,2287,145,Illinois St,Ole Miss,74,81,215,-255,,0,,,6.0,-110,-110,,,,,2,,0,Normal,IL,1,244,,,,-6.0,"36,38","41,40",165,-190,3.0,-105,-115,153.5,-110,-110
ncaab:401086125,ncaab,2018-12-09T01:00Z,final,2464,3084,N Arizona,Utah Valley,78,98,,,,0,,,,,,,,,,2,,0,Flagstaff,AZ,1,2104,,,,-7.0,"44,34","47,51",,,,,,,,
ncaab:401086852,ncaab,2018-12-09T01:00Z,final,2449,331,N Dakota St,E Washington,74,67,,,,0,,,,,,,,,,2,,0,Fargo,ND,1,276,,,,-6.0,"31,43","25,42",,,,,,,,
ncaab:401087102,ncaab,2018-12-09T01:00Z,final,2483,2437,Oregon,Omaha,84,61,-3750,1875,,0,,,-19.5,-110,-110,,,,,2,,0,Eugene,OR,1,131,,,,-8.0,"44,40","23,38",-1150,738,-11.5,-110,-110,151.5,-110,-110
ncaab:401088209,ncaab,2018-12-09T01:00Z,final,2393,93,MTSU,Murray St,42,64,,,,0,,,,,,,,,,2,,0,Murfreesboro,TN,1,186,,,,-6.0,"19,23","35,29",,,,,,,,
ncaab:401090095,ncaab,2018-12-09T01:00Z,final,2710,2197,W Illinois,E Illinois,67,74,,,,0,,,,,,,,,,2,,0,Macomb,IL,1,215,,,,-6.0,"38,29","29,45",,,,,,,,
ncaab:401083169,ncaab,2018-12-09T01:30Z,final,2,2168,Auburn,Dayton,82,72,-1500,876,,0,,,-16.0,-110,-110,,,,,2,,0,Auburn,AL,1,215,,,,-6.0,"51,31","32,40",-745,495,-9.0,-110,-110,143.0,-110,-110
ncaab:401083551,ncaab,2018-12-09T01:30Z,final,2305,166,Kansas,New Mexico St,63,60,,,,0,,,,,,,,,,2,,0,Kansas City,MO,1,274,,,,-6.0,"26,37","28,32",,,,,,,,
ncaab:401088535,ncaab,2018-12-09T01:30Z,final,2640,2153,Texas Southern,Concordia (TX),107,70,,,,0,,,,,,,,,,2,,0,Houston,TX,1,12,,,,-6.0,"55,52","36,34",,,,,,,,
ncaab:401083685,ncaab,2018-12-09T03:00Z,final,2492,2296,Pepperdine,Jackson St,69,66,,,,0,,,,,,,,,,2,,0,Malibu,CA,1,32,,,,-8.0,"29,40","33,33",,,,,,,,
ncaab:401083711,ncaab,2018-12-09T03:00Z,final,2501,16,Portland,Sacramento St,76,67,105,-125,,0,,,1.5,-115,-105,,,,,2,,0,Portland,OR,1,12,,,,-8.0,"30,46","29,38",102,-122,0.0,-105,-115,148.0,-110,-110
ncaab:401085300,ncaab,2018-12-09T03:00Z,final,13,2065,Cal Poly,Bethune,80,78,,,,0,,,,,,,,,,2,,0,San Luis Obispo,CA,1,71,,,,-8.0,"38,30,12","37,31,10",,,,,,,,
ncaab:401086126,ncaab,2018-12-09T03:00Z,final,70,2934,Idaho,Bakersfield,67,73,,,,0,,,,,,,,,,2,,0,Moscow,ID,1,786,,,,-8.0,"29,38","32,41",,,,,,,,
ncaab:401086128,ncaab,2018-12-09T03:00Z,final,2856,110450,CA Baptist,Caltech,87,48,,,,0,,,,,,,,,,2,,0,Riverside,CA,1,252,,,,-8.0,"35,52","19,29",,,,,,,,
ncaab:401086990,ncaab,2018-12-09T03:00Z,final,300,149,UC Irvine,Montana,60,51,-196,165,,0,,,-4.0,-119,-101,,,,,2,,0,Irvine,CA,1,17,,,,-8.0,"27,33","26,25",-140,120,-1.5,-120,100,137.5,-110,-110
ncaab:401087825,ncaab,2018-12-09T03:00Z,final,2540,2029,Santa Barbara,AR-Pine Bluff,55,45,,,,0,,,,,,,,,,2,,0,Santa Barbara,CA,1,15,,,,-8.0,"24,31","21,24",,,,,,,,
ncaab:401082827,ncaab,2018-12-09T03:30Z,final,26,87,UCLA,Notre Dame,65,62,-205,172,,0,,,-4.5,-115,-105,,,,,2,,0,Los Angeles,CA,1,89,,,,-8.0,"31,34","20,42",-170,145,-2.5,-110,-110,155.0,-110,-110
ncaab:401087060,ncaab,2018-12-09T03:30Z,final,25,21,California,San Diego St,89,83,241,-295,,0,,,6.0,-110,-110,,,,,2,,0,Berkeley,CA,1,52,,,,-8.0,"41,48","42,41",168,-195,3.0,-105,-115,137.0,-110,-110
ncaab:401087252,ncaab,2018-12-09T04:59Z,final,62,2267,Hawai'i,Hawaiʻi Hilo,82,75,,,,0,,,,,,,,,,2,,0,Honolulu,HI,1,5,,,,-10.0,"37,45","31,44",,,,,,,,
ncaab:401085929,ncaab,2018-12-09T16:00Z,final,171,314,Columbia,Iona,74,71,110,-130,,1,,,2.0,-114,-107,,,,,2,,0,New York,NY,1,10,,,,-5.0,"32,42","30,41",110,-130,1.0,-110,-110,159.5,-110,-110
ncaab:401085997,ncaab,2018-12-09T17:30Z,final,315,160,Niagara,New Hampshire,71,67,,,,0,,,,,,,,,,2,,0,Niagara Falls,NY,1,187,,,,-5.0,"32,39","29,38",,,,,,,,
ncaab:401082745,ncaab,2018-12-09T18:00Z,final,259,2569,Virginia Tech,SC State,81,44,,,,0,,,,,,,,,,2,,0,Blacksburg,VA,1,633,,,,-5.0,"34,47","23,21",,,,,,,,
ncaab:401082954,ncaab,2018-12-09T18:00Z,final,333,12,Alabama,Arizona,76,73,-150,130,,0,,,-3.0,-105,-115,,,,,2,,0,Tuscaloosa,AL,1,68,,,,-6.0,"39,37","30,43",-140,120,-1.5,-110,-110,146.5,-110,-110
ncaab:401083342,ncaab,2018-12-09T18:00Z,final,2599,163,St John's,Princeton,89,74,,,,0,,,,,,,,,,2,,0,New York,NY,1,10,,,,-5.0,"41,48","38,36",,,,,,,,
ncaab:401085625,ncaab,2018-12-09T18:00Z,final,2184,2344,Duquesne,Longwood,80,71,,,,0,,,,,,,,,,2,,0,Pittsburgh,PA,1,233,,,,-5.0,"32,48","47,24",,,,,,,,
ncaab:401086043,ncaab,2018-12-09T18:00Z,final,295,2217,Old Dominion,Fairfield,79,69,-1600,912,,0,,,-15.0,-105,-115,,,,,2,,0,Norfolk,VA,1,2,,,,-5.0,"33,46","37,32",-650,475,-8.5,-110,-110,133.5,-110,-110
ncaab:401088470,ncaab,2018-12-09T18:00Z,final,325,587,Cleveland St,ND Ohio,77,56,,,,0,,,,,,,,,,2,,0,Cleveland,OH,1,199,,,,-5.0,"34,43","23,33",,,,,,,,
ncaab:401088772,ncaab,2018-12-09T18:00Z,final,236,2678,Chattanooga,VMI,83,65,-175,155,,0,,,-4.0,102,-123,,,,,2,,0,Chattanooga,TN,1,206,,,,-5.0,"48,35","39,26",-150,130,-2.0,-110,-110,141.5,-110,-110
ncaab:401082767,ncaab,2018-12-09T18:30Z,final,258,2670,Virginia,VCU,57,49,-1500,876,,0,,,-15.0,-110,-110,,,,,2,,0,Charlottesville,VA,1,142,,,,-5.0,"29,28","24,25",-650,475,-8.5,-110,-110,122.0,-110,-110
ncaab:401082901,ncaab,2018-12-09T19:00Z,final,59,50,Georgia Tech,Florida A&M,73,40,,,,0,,,,,,,,,,2,,0,Atlanta,GA,1,320,,,,-5.0,"36,37","13,27",,,,,,,,
ncaab:401083110,ncaab,2018-12-09T19:00Z,final,99,2916,LSU,Incarnate Word,91,50,,,,0,,,,,,,,,,2,,0,Baton Rouge,LA,1,14,,,,-6.0,"51,40","29,21",,,,,,,,
ncaab:401083888,ncaab,2018-12-09T19:00Z,final,232,2246,Charleston,GA College,87,69,,,,0,,,,,,,,,,2,,0,Charleston,SC,1,6,,,,-5.0,"43,44","36,33",,,,,,,,
ncaab:401083917,ncaab,2018-12-09T19:00Z,final,48,2598,Delaware,Saint Francis,88,83,,,,0,,,,,,,,,,2,,0,Newark,DE,1,38,,,,-5.0,"43,45","39,44",,,,,,,,
ncaab:401084717,ncaab,2018-12-09T19:00Z,void,2429,58,Charlotte,South Florida,,,,,,0,,,,,,,,,,2,,0,Charlotte,NC,1,229,,,,-5.0,,,,,,,,,,
ncaab:401088839,ncaab,2018-12-09T19:00Z,final,2747,324,Wofford,Coastal,82,71,-725,550,,0,,,-11.5,-110,-110,,,,,2,,0,Spartanburg,SC,1,246,,,,-5.0,"35,47","21,50",-355,255,-6.0,-106,-114,144.5,-110,-110
ncaab:401089396,ncaab,2018-12-09T19:00Z,final,2681,111171,Wagner,NEW ROCH,105,57,,,,0,,,,,,,,,,2,,0,Staten Island,NY,1,21,,,,-5.0,"56,49","32,25",,,,,,,,
ncaab:401086733,ncaab,2018-12-09T19:30Z,final,288,2426,Lipscomb,Navy,107,81,,,,0,,,,,,,,,,2,,0,Nashville,TN,1,170,,,,-6.0,"52,55","45,36",,,,,,,,
ncaab:401082978,ncaab,2018-12-09T20:00Z,final,2250,2633,Gonzaga,Tennessee,73,76,-170,150,,1,,,-3.5,-110,-110,,,,,2,,0,Phoenix,AZ,1,331,,,,-7.0,"33,40","34,42",-150,130,-2.0,-110,-110,160.5,-110,-110
ncaab:401086239,ncaab,2018-12-09T20:00Z,final,339,2050,Evansville,Ball State,89,77,199,-240,,0,,,5.5,-110,-110,,,,,2,,0,Evansville,IN,1,118,,,,-6.0,"37,52","45,32",160,-189,3.0,-115,-105,157.0,-110,-110
ncaab:401089976,ncaab,2018-12-09T20:00Z,final,2154,2634,Coppin St,Tennessee St,55,64,,,,0,,,,,,,,,,2,,0,Baltimore,MD,1,10,,,,-5.0,"27,28","33,31",,,,,,,,
ncaab:401090215,ncaab,2018-12-09T20:00Z,final,2635,3171,Tennessee Tech,Hiwassee,97,60,,,,0,,,,,,,,,,2,,0,Cookeville,TN,1,334,,,,-6.0,"48,49","28,32",,,,,,,,
ncaab:401085703,ncaab,2018-12-09T20:30Z,final,139,204,Saint Louis,Oregon St,65,61,-170,150,,0,,,-3.5,-110,-110,,,,,2,,0,St. Louis,MO,1,142,,,,-6.0,"33,32","29,32",-150,130,-2.0,-110,-110,134.0,-110,-110
ncaab:401085327,ncaab,2018-12-09T21:00Z,final,301,2463,San Diego,CSU Northridge,82,68,,,,0,,,,,,,,,,2,,0,San Diego,CA,1,20,,,,-8.0,"40,42","24,44",,,,,,,,
ncaab:401088931,ncaab,2018-12-09T21:00Z,final,2016,2225,Alcorn St,Fisk,75,45,,,,0,,,,,,,,,,2,,0,Lorman,MS,1,66,,,,-6.0,"30,45","21,24",,,,,,,,
ncaab:401089060,ncaab,2018-12-09T21:00Z,final,155,270,North Dakota,Milwaukee,83,72,-145,125,,0,,,-2.5,-110,-110,,,,,2,,0,Grand Forks,ND,1,253,,,,-6.0,"38,45","40,32",-130,110,-1.0,-110,-110,139.5,-115,-105
ncaab:401089016,ncaab,2018-12-09T21:30Z,final,2172,2714,Denver,Western St.,93,69,,,,0,,,,,,,,,,2,,0,Denver,CO,1,1609,,,,-7.0,"45,48","37,32",,,,,,,,
ncaab:401083772,ncaab,2018-12-09T22:00Z,final,2541,2574,Santa Clara,Sonoma St,82,54,,,,0,,,,,,,,,,2,,0,Santa Clara,CA,1,23,,,,-8.0,"34,48","29,25",,,,,,,,
ncaab:401088798,ncaab,2018-12-09T22:00Z,final,2010,2535,Alabama A&M,Samford,59,77,,,,0,,,,,,,,,,2,,0,Normal,AL,1,220,,,,-6.0,"26,33","30,47",,,,,,,,
ncaab:401086131,ncaab,2018-12-09T22:30Z,final,2253,2440,Grand Canyon,Nevada,66,74,534,-750,,1,,,11.0,-116,-104,,,,,2,,0,Phoenix,AZ,1,331,,,,-7.0,"32,34","34,40",300,-385,6.0,-110,-110,150.5,-110,-110
ncaab:401082585,ncaab,2018-12-09T23:00Z,final,251,2509,Texas,Purdue,72,68,112,-132,,0,,,2.0,-110,-110,,,,,2,,0,Austin,TX,1,149,,,,-6.0,"36,36","31,37",110,-130,1.0,-110,-110,136.0,-110,-110
ncaab:401083407,ncaab,2018-12-09T23:00Z,final,66,2582,Iowa State,Southern,101,65,,,,0,,,,,,,,,,2,,0,Ames,IA,1,287,,,,-6.0,"46,55","29,36",,,,,,,,
ncaab:401086855,ncaab,2018-12-10T00:00Z,final,265,147,Washington St,Montana St,90,95,-700,500,,1,,,-11.5,-105,-115,,,,,2,,0,Kennewick,WA,1,124,,,,-8.0,"43,47","43,52",-390,290,-6.0,-110,-110,159.5,-110,-110
ncaab:401086129,ncaab,2018-12-10T02:00Z,final,264,2547,Washington,Seattle U,70,62,,,,0,,,,,,,,,,2,,0,Seattle,WA,1,56,,,,-8.0,"41,29","34,28",,,,,,,,
ncaab:401087521,ncaab,2018-12-10T17:00Z,final,159,2529,Dartmouth,Sacred Heart,82,73,,,,0,,,,,,,,,,2,,0,Hanover,NH,1,162,,,,-5.0,"42,40","27,46",,,,,,,,
ncaab:401083862,ncaab,2018-12-11T00:00Z,final,2363,2275,Manhattan,Hofstra,50,80,245,-300,,0,,,6.5,-110,-110,,,,,2,,0,Riverdale,NY,1,159,,,,-8.0,"24,26","35,45",170,-200,3.5,-110,-110,132.0,-110,-110
ncaab:401086608,ncaab,2018-12-11T00:00Z,final,311,555,Maine,ME-Machias,98,43,,,,0,,,,,,,,,,2,,0,Bangor,ME,1,36,,,,-5.0,"48,50","19,24",,,,,,,,
ncaab:401088185,ncaab,2018-12-11T00:00Z,final,276,2413,Marshall,Morehead St,76,64,-909,640,,0,,,-12.5,-110,-110,,,,,2,,0,Huntington,WV,1,173,,,,-5.0,"44,32","24,40",-460,335,-7.0,-110,-110,169.0,-110,-110
ncaab:401088980,ncaab,2018-12-11T02:00Z,final,2029,3134,AR-Pine Bluff,Champ Chrstn,84,51,,,,0,,,,,,,,,,2,,0,Pine Bluff,AR,1,67,,,,-6.0,"40,44","28,23",,,,,,,,
ncaab:401083662,ncaab,2018-12-11T03:00Z,final,279,299,Pacific,Long Beach St,74,68,-250,210,,0,,,-5.5,-115,-105,,,,,2,,0,Stockton,CA,1,4,,,,-8.0,"30,44","38,30",-185,155,-3.0,-105,-115,149.5,-115,-105
ncaab:401083734,ncaab,2018-12-11T03:00Z,final,2608,2239,Saint Mary's,Fullerton,81,66,-850,588,,0,,,-12.0,-110,-110,,,,,2,,0,Moraga,CA,1,152,,,,-8.0,"54,27","33,33",-400,300,-6.5,-115,-105,145.5,-110,-110
ncaab:401090274,ncaab,2018-12-11T22:00Z,final,2572,2398,Southern Miss,Millsaps,81,47,,,,0,,,,,,,,,,2,,0,Hattiesburg,MS,1,52,,,,-6.0,"44,37","23,24",,,,,,,,
ncaab:401086711,ncaab,2018-12-11T23:00Z,final,2335,2569,Liberty,SC State,79,55,,,,0,,,,,,,,,,2,,0,Lynchburg,VA,1,192,,,,-5.0,"35,44","19,36",,,,,,,,
ncaab:401082428,ncaab,2018-12-12T00:00Z,final,120,2352,Maryland,Loyola MD,94,71,,,,0,,,,,,,,,,2,,0,College Park,MD,1,21,,,,-5.0,"46,48","28,43",,,,,,,,
ncaab:401083357,ncaab,2018-12-12T00:00Z,final,219,222,Penn,Villanova,78,75,290,-350,,0,,,7.5,-110,-106,,,,,2,,0,Philadelphia,PA,1,12,,,,-5.0,"32,46","28,47",185,-230,4.0,-110,-110,141.5,-110,-110
ncaab:401084718,ncaab,2018-12-12T00:00Z,final,2116,290,UCF,GA Southern,95,88,,,,0,,,,,,,,,,2,,0,Orlando,FL,1,30,,,,-5.0,"42,53","31,57",,,,,,,,
ncaab:401085878,ncaab,2018-12-12T00:00Z,final,2378,119,UMBC,Towson,76,80,,,,0,,,,,,,,,,2,,0,Baltimore,MD,1,10,,,,-5.0,"30,28,13,5","32,26,13,9",,,,,,,,
ncaab:401086518,ncaab,2018-12-12T00:00Z,final,43,399,Yale,UAlbany,71,63,,,,0,,,,,,,,,,2,,0,New Haven,CT,1,18,,,,-5.0,"32,39","22,41",,,,,,,,
ncaab:401086630,ncaab,2018-12-12T00:00Z,final,2597,2349,St Francis BK,UMass Lowell,75,69,,,,0,,,,,,,,,,2,,0,Brooklyn,NY,1,15,,,,-5.0,"36,39","27,42",,,,,,,,
ncaab:401088251,ncaab,2018-12-12T00:00Z,final,231,2127,Furman,Charleston So,77,69,,,,0,,,,,,,,,,2,,0,Greenville,SC,1,307,,,,-5.0,"37,40","34,35",,,,,,,,
ncaab:401087857,ncaab,2018-12-12T00:30Z,final,2031,2396,Little Rock,Miles,67,47,,,,0,,,,,,,,,,2,,0,Little Rock,AR,1,102,,,,-6.0,"33,34","27,20",,,,,,,,
ncaab:401088169,ncaab,2018-12-12T00:30Z,final,2348,2400,Louisiana Tech,Miss Valley St,96,80,,,,0,,,,,,,,,,2,,0,Ruston,LA,1,102,,,,-6.0,"39,57","34,46",,,,,,,,
ncaab:401086287,ncaab,2018-12-12T01:00Z,final,2230,2885,Fordham,NJIT,50,53,,,,0,,,,,,,,,,2,,0,Bronx,NY,1,28,,,,-5.0,"29,21","27,26",,,,,,,,
ncaab:401087984,ncaab,2018-12-12T01:00Z,final,2433,2755,UL Monroe,Grambling,72,67,,,,0,,,,,,,,,,2,,0,Monroe,LA,1,23,,,,-6.0,"28,44","20,47",,,,,,,,
ncaab:401088005,ncaab,2018-12-12T01:00Z,final,309,2504,Louisiana,Prairie View,122,90,,,,0,,,,,,,,,,2,,0,Lafayette,LA,1,11,,,,-6.0,"65,57","40,50",,,,,,,,
ncaab:401089494,ncaab,2018-12-12T01:00Z,final,2571,2542,S Dakota St,Savannah St,139,72,,,,0,,,,,,,,,,2,,0,Brookings,SD,1,494,,,,-6.0,"90,49","33,39",,,,,,,,
ncaab:401089875,ncaab,2018-12-12T01:00Z,final,2739,2744,Green Bay,UW-Stout,112,46,,,,0,,,,,,,,,,2,,0,Green Bay,WI,1,180,,,,-6.0,"58,54","26,20",,,,,,,,
ncaab:401093580,ncaab,2018-12-12T01:00Z,final,2296,2225,Jackson St,Fisk,77,56,,,,0,,,,,,,,,,2,,0,Jackson,MS,1,85,,,,-6.0,"40,37","22,34",,,,,,,,
ncaab:401082500,ncaab,2018-12-12T02:00Z,final,135,2454,Minnesota,North Florida,80,71,,,,0,,,,,,,,,,2,,0,Minneapolis,MN,1,253,,,,-6.0,"35,45","34,37",,,,,,,,
ncaab:401086856,ncaab,2018-12-12T02:00Z,final,2458,3094,N Colorado,Joh. & Wales CO,118,52,,,,0,,,,,,,,,,2,,0,Greeley,CO,1,1425,,,,-7.0,"55,63","19,33",,,,,,,,
ncaab:401087084,ncaab,2018-12-12T02:00Z,final,167,38,New Mexico,Colorado,75,78,170,-195,,0,,,4.5,-115,-105,,,,,2,,0,Albuquerque,NM,1,1511,,,,-7.0,"43,32","34,44",145,-165,2.5,-115,-105,165.5,-110,-110
ncaab:401089017,ncaab,2018-12-12T02:00Z,final,2751,2172,Wyoming,Denver,87,90,-275,226,,0,,,-6.5,-105,-115,,,,,2,,0,Laramie,WY,1,2184,,,,-7.0,"39,33,15","48,24,18",-200,160,-3.5,-110,-110,146.5,-110,-110
ncaab:401086857,ncaab,2018-12-12T03:05Z,final,16,2868,Sacramento St,Holy Names,81,56,,,,0,,,,,,,,,,2,,0,Sacramento,CA,1,9,,,,-8.0,"35,46","37,19",,,,,,,,
ncaab:401093579,ncaab,2018-12-12T20:15Z,final,2653,111946,Troy,Carver,88,43,,,,0,,,,,,,,,,2,,0,Troy,AL,1,165,,,,-6.0,"56,32","17,26",,,,,,,,
ncaab:401082620,ncaab,2018-12-13T00:00Z,final,103,171,Boston College,Columbia,82,73,-925,627,,0,,,-12.0,-110,-110,,,,,2,,0,Chestnut Hill,MA,1,60,,,,-5.0,"38,44","32,41",-462,343,-7.0,-110,-110,150.0,-110,-110
ncaab:401082914,ncaab,2018-12-13T00:00Z,final,97,288,Louisville,Lipscomb,72,68,,,,0,,,,,,,,,,2,,0,Louisville,KY,1,142,,,,-5.0,"34,38","33,35",,,,,,,,
ncaab:401084719,ncaab,2018-12-13T00:00Z,final,218,113,Temple,UMass,65,63,,,,0,,,,,,,,,,2,,0,Philadelphia,PA,1,12,,,,-5.0,"27,38","37,26",,,,,,,,
ncaab:401086029,ncaab,2018-12-13T00:00Z,final,2520,2450,Rider,Norfolk St,81,71,,,,0,,,,,,,,,,2,,0,Lawrenceville,NJ,1,37,,,,-5.0,"46,35","40,31",,,,,,,,
ncaab:401086567,ncaab,2018-12-13T00:00Z,final,2803,42,Bryant,Hartford,74,91,,,,0,,,,,,,,,,2,,0,Smithfield,RI,1,84,,,,-5.0,"28,46","48,43",,,,,,,,
ncaab:401087294,ncaab,2018-12-13T00:00Z,final,2619,112358,Stony Brook,Long Island,83,79,,,,0,,,,,,,,,,2,,0,Stony Brook,NY,1,27,,,,-5.0,"41,42","43,36",,,,,,,,
ncaab:401088072,ncaab,2018-12-13T00:00Z,final,161,349,FDU,Army,93,84,,,,0,,,,,,,,,,2,,0,Hackensack,NJ,1,6,,,,-5.0,"50,43","42,42",,,,,,,,
ncaab:401088104,ncaab,2018-12-13T00:00Z,final,2247,236,Georgia St,Chattanooga,95,88,-1365,965,,0,,,-14.5,-110,-110,,,,,2,,0,Atlanta,GA,1,320,,,,-5.0,"47,48","38,50",-700,500,-8.5,-110,-110,142.5,-110,-110
ncaab:401088901,ncaab,2018-12-13T00:00Z,final,2430,2154,UNC Greensboro,Coppin St,77,54,,,,0,,,,,,,,,,2,,0,Greensboro,NC,1,266,,,,-5.0,"34,43","23,31",,,,,,,,
ncaab:401089893,ncaab,2018-12-13T00:00Z,final,85,3088,IU Indy,IU Northwest,116,79,,,,0,,,,,,,,,,2,,0,Indianapolis,IN,1,218,,,,-5.0,"54,62","38,41",,,,,,,,
ncaab:401083091,ncaab,2018-12-13T00:30Z,final,145,2545,Ole Miss,SE Louisiana,69,47,,,,1,,,,,,,,,,2,,0,Jackson,MS,1,85,,,,-6.0,"33,36","17,30",,,,,,,,
ncaab:401083481,ncaab,2018-12-13T00:30Z,final,2641,2466,Texas Tech,N'Western St,79,44,,,,0,,,,,,,,,,2,,0,Lubbock,TX,1,976,,,,-6.0,"53,26","10,34",,,,,,,,
ncaab:401088252,ncaab,2018-12-13T00:30Z,final,2506,2678,Presbyterian,VMI,103,70,,,,0,,,,,,,,,,2,,0,Clinton,SC,1,76,,,,-5.0,"54,49","33,37",,,,,,,,
ncaab:401083295,ncaab,2018-12-13T01:00Z,final,305,2130,DePaul,Chicago St,104,70,,,,0,,,,,,,,,,2,,0,Chicago,IL,1,179,,,,-6.0,"49,55","30,40",,,,,,,,
ncaab:401084720,ncaab,2018-12-13T01:00Z,final,2724,55,Wichita St,Jax State,69,65,,,,0,,,,,,,,,,2,,0,Wichita,KS,1,396,,,,-6.0,"37,32","33,32",,,,,,,,
ncaab:401089241,ncaab,2018-12-13T01:00Z,final,79,93,S Illinois,Murray St,52,80,,,,0,,,,,,,,,,2,,0,Carbondale,IL,1,126,,,,-6.0,"18,34","49,31",,,,,,,,
ncaab:401089407,ncaab,2018-12-13T01:00Z,final,233,2853,South Dakota,Bellevue,78,52,,,,0,,,,,,,,,,2,,0,Vermillion,SD,1,374,,,,-6.0,"42,36","26,26",,,,,,,,
ncaab:401083111,ncaab,2018-12-13T02:00Z,final,248,99,Houston,LSU,82,76,-190,165,,0,,,-4.0,-110,-110,,,,,2,,0,Houston,TX,1,12,,,,-6.0,"35,47","45,31",-150,130,-2.0,-105,-115,140.0,-110,-110
ncaab:401083608,ncaab,2018-12-13T02:00Z,final,252,2502,BYU,Portland St,85,66,-1352,818,,0,,,-14.5,-110,-110,,,,,2,,0,Provo,UT,1,1387,,,,-7.0,"45,40","32,34",-900,600,-8.5,-110,-110,167.0,-110,-110
ncaab:401088911,ncaab,2018-12-13T02:00Z,final,68,2011,Boise St,Alabama St,67,57,,,,0,,,,,,,,,,2,,0,Boise,ID,1,823,,,,-7.0,"25,42","30,27",,,,,,,,
ncaab:401087103,ncaab,2018-12-13T03:00Z,final,2483,301,Oregon,San Diego,65,55,-386,309,,0,,,-8.0,-115,-105,,,,,2,,0,Eugene,OR,1,131,,,,-8.0,"31,34","32,23",-275,215,-4.5,-110,-110,139.0,-110,-110
ncaab:401089678,ncaab,2018-12-13T03:00Z,final,21,2092,San Diego St,Cal State DH,99,46,,,,0,,,,,,,,,,2,,0,San Diego,CA,1,20,,,,-8.0,"48,51","16,30",,,,,,,,
ncaab:401086771,ncaab,2018-12-13T17:00Z,final,2453,2938,North Alabama,Huntingdon,90,58,,,,0,,,,,,,,,,2,,0,Florence,AL,1,167,,,,-6.0,"31,59","29,29",,,,,,,,
ncaab:401090320,ncaab,2018-12-13T17:15Z,final,242,244,Rice,St Edward's,78,73,,,,0,,,,,,,,,,2,,0,Houston,TX,1,12,,,,-6.0,"31,47","30,43",,,,,,,,
ncaab:401088254,ncaab,2018-12-13T22:00Z,final,2241,338,Gardner-Webb,Kennesaw St,81,77,,,,0,,,,,,,,,,2,,0,Boiling Springs,NC,1,269,,,,-5.0,"28,42,11","34,36,7",,,,,,,,
ncaab:401085626,ncaab,2018-12-14T00:00Z,final,2184,2379,Duquesne,MD Eastern,72,57,,,,0,,,,,,,,,,2,,0,Pittsburgh,PA,1,233,,,,-5.0,"41,31","26,31",,,,,,,,
ncaab:401086132,ncaab,2018-12-14T00:00Z,final,140,270,Kansas City,Milwaukee,66,69,,,,0,,,,,,,,,,2,,0,Kansas City,MO,1,274,,,,-6.0,"33,33","29,40",,,,,,,,
ncaab:401086787,ncaab,2018-12-14T00:00Z,final,2229,2454,FIU,North Florida,102,89,,,,0,,,,,,,,,,2,,0,Miami,FL,1,2,,,,-5.0,"50,52","49,40",,,,,,,,
ncaab:401088052,ncaab,2018-12-14T00:00Z,final,159,104,Dartmouth,Boston U,78,68,,,,0,,,,,,,,,,2,,0,Hanover,NH,1,162,,,,-5.0,"32,46","27,41",,,,,,,,
ncaab:401088253,ncaab,2018-12-14T00:00Z,final,2097,3164,Campbell,Central Penn,100,53,,,,0,,,,,,,,,,2,,0,Buies Creek,NC,1,63,,,,-5.0,"50,50","25,28",,,,,,,,
ncaab:401088255,ncaab,2018-12-14T00:00Z,final,2344,2047,Longwood,Averett,81,57,,,,0,,,,,,,,,,2,,0,Farmville,VA,1,90,,,,-5.0,"34,47","34,23",,,,,,,,
ncaab:401089951,ncaab,2018-12-14T00:00Z,final,2750,3250,Wright St,NW Ohio,91,52,,,,0,,,,,,,,,,2,,0,Dayton,OH,1,225,,,,-5.0,"33,58","27,25",,,,,,,,
ncaab:401088799,ncaab,2018-12-14T00:30Z,final,2535,2413,Samford,Morehead St,77,72,-320,260,,0,,,-7.0,-110,-110,,,,,2,,0,Homewood,AL,1,203,,,,-6.0,"24,41,12","35,30,7",-200,170,-4.0,-105,-115,149.0,-110,-110
ncaab:401089472,ncaab,2018-12-14T00:30Z,final,2377,2428,McNeese,NC Central,77,61,,,,0,,,,,,,,,,2,,0,Lake Charles,LA,1,4,,,,-6.0,"24,53","30,31",,,,,,,,
ncaab:401082608,ncaab,2018-12-14T01:00Z,final,275,2542,Wisconsin,Savannah St,101,60,,,,0,,,,,,,,,,2,,0,Madison,WI,1,267,,,,-6.0,"69,32","32,28",,,,,,,,
ncaab:401084721,ncaab,2018-12-14T01:00Z,final,202,2443,Tulsa,LSU N Orleans,70,60,,,,0,,,,,,,,,,2,,0,Tulsa,OK,1,220,,,,-6.0,"41,29","21,39",,,,,,,,
ncaab:401083754,ncaab,2018-12-14T03:00Z,final,2539,331,San Francisco,E Washington,85,63,,,,0,,,,,,,,,,2,,0,San Francisco,CA,1,16,,,,-8.0,"35,50","29,34",,,,,,,,
ncaab:401083773,ncaab,2018-12-14T03:00Z,final,2541,2400,Santa Clara,Miss Valley St,82,54,,,,0,,,,,,,,,,2,,0,Santa Clara,CA,1,23,,,,-8.0,"42,40","18,36",,,,,,,,
ncaab:401086133,ncaab,2018-12-14T03:00Z,final,2934,2320,Bakersfield,Lamar,86,65,,,,0,,,,,,,,,,2,,0,Bakersfield,CA,1,123,,,,-8.0,"30,56","29,36",,,,,,,,
ncaab:401103893,ncaab,2018-12-14T03:05Z,final,16,111910,Sacramento St,Westcliff,89,40,,,,0,,,,,,,,,,2,,0,Sacramento,CA,1,9,,,,-8.0,"47,42","20,20",,,,,,,,
ncaab:401083296,ncaab,2018-12-15T00:00Z,final,305,82,DePaul,UIC,90,70,-400,320,,0,,,-8.0,-115,-105,,,,,2,,0,Chicago,IL,1,179,,,,-6.0,"52,38","28,42",-250,200,-4.5,-110,-110,155.0,-110,-110
ncaab:401086316,ncaab,2018-12-15T00:00Z,final,45,47,G Washington,Howard,70,64,,,,0,,,,,,,,,,2,,0,Washington,DC,1,7,,,,-5.0,"32,38","22,42",,,,,,,,
ncaab:401088039,ncaab,2018-12-15T00:00Z,final,290,2077,GA Southern,Brewton Parker,101,64,,,,0,,,,,,,,,,2,,0,Statesboro,GA,1,77,,,,-5.0,"48,53","35,29",,,,,,,,
ncaab:401087339,ncaab,2018-12-15T01:00Z,final,2032,2226,Arkansas St,FAU,75,71,,,,0,,,,,,,,,,2,,0,Jonesboro,AR,1,99,,,,-6.0,"38,20,5,12","35,23,5,8",,,,,,,,
ncaab:401089061,ncaab,2018-12-15T01:00Z,final,155,561,North Dakota,Mayville St,83,66,,,,0,,,,,,,,,,2,,0,Grand Forks,ND,1,253,,,,-6.0,"47,36","36,30",,,,,,,,
ncaab:401089636,ncaab,2018-12-15T01:00Z,final,2277,3166,Hou Christian,Arlington Bapt,107,70,,,,0,,,,,,,,,,2,,0,Houston,TX,1,12,,,,-6.0,"47,60","35,35",,,,,,,,
ncaab:401083224,ncaab,2018-12-15T02:00Z,final,156,2739,Creighton,Green Bay,86,65,-1429,930,,0,,,-16.0,-110,-110,,,,,2,,0,Omaha,NE,1,323,,,,-6.0,"44,42","34,31",-833,600,-9.5,-110,-110,171.0,-110,-110
ncaab:401085930,ncaab,2018-12-15T16:30Z,final,163,314,Princeton,Iona,85,81,-185,160,,1,,,-4.0,-105,-115,,,,,2,,0,Atlantic City,NJ,1,2,,,,-5.0,"30,55","31,50",-150,130,-2.0,-105,-115,150.5,-108,-112
ncaab:401082554,ncaab,2018-12-15T17:00Z,final,194,2083,Ohio State,Bucknell,73,71,,,,0,,,,,,,,,,2,,0,Columbus,OH,1,235,,,,-5.0,"39,34","40,31",,,,,,,,
ncaab:401082788,ncaab,2018-12-15T17:00Z,final,183,295,Syracuse,Old Dominion,62,68,-500,400,,0,,,-9.0,-110,-110,,,,,2,,0,Syracuse,NY,1,121,,,,-5.0,"33,29","23,45",-302,238,-5.5,-105,-115,124.0,-110,-110
ncaab:401082979,ncaab,2018-12-15T17:00Z,final,235,2633,Memphis,Tennessee,92,102,323,-405,,0,,,8.0,-110,-110,,,,,2,,0,Memphis,TN,1,78,,,,-6.0,"35,57","50,52",199,-249,4.5,-110,-110,157.0,-105,-115
ncaab:401083275,ncaab,2018-12-15T17:00Z,final,46,2567,Georgetown,SMU,73,81,,,,0,,,,,,,,,,2,,0,Washington,DC,1,7,,,,-5.0,"34,39","39,42",,,,,,,,
ncaab:401083358,ncaab,2018-12-15T17:00Z,final,2305,222,Kansas,Villanova,74,71,-345,285,,0,,,-7.0,-115,-105,,,,,2,,0,Lawrence,KS,1,263,,,,-6.0,"33,41","31,40",-250,200,-4.5,-110,-110,144.5,-110,-110
ncaab:401084722,ncaab,2018-12-15T18:00Z,final,58,2026,South Florida,App State,76,69,,,,0,,,,,,,,,,2,,0,Tampa,FL,1,1,,,,-5.0,"38,38","29,40",,,,,,,,
ncaab:401087401,ncaab,2018-12-15T18:00Z,final,2174,195,Detroit Mercy,Ohio,61,63,245,-300,,0,,,7.0,-115,-105,,,,,2,,0,Detroit,MI,1,183,,,,-5.0,"30,31","36,27",175,-210,3.5,-110,-110,149.5,-108,-112
ncaab:401088091,ncaab,2018-12-15T18:00Z,final,104,2447,Boston U,Nicholls,75,63,,,,0,,,,,,,,,,2,,0,Boston,MA,1,14,,,,-5.0,"39,36","26,37",,,,,,,,
ncaab:401088855,ncaab,2018-12-15T18:00Z,final,2643,2546,The Citadel,SE Missouri,86,74,,,,0,,,,,,,,,,2,,0,Charleston,SC,1,6,,,,-5.0,"41,45","35,39",,,,,,,,
ncaab:401089894,ncaab,2018-12-15T18:00Z,final,85,2710,IU Indy,W Illinois,82,68,,,,0,,,,,,,,,,2,,0,Indianapolis,IN,1,218,,,,-5.0,"39,43","40,28",,,,,,,,
ncaab:401082586,ncaab,2018-12-15T18:30Z,final,87,2509,Notre Dame,Purdue,88,80,,,,1,,,,,,,,,,2,,0,Indianapolis,IN,1,218,,,,-5.0,"36,52","29,51",,,,,,,,
ncaab:401082341,ncaab,2018-12-15T19:00Z,final,356,2193,Illinois,ETSU,73,55,,,,0,,,,,,,,,,2,,0,Champaign,IL,1,225,,,,-6.0,"43,30","18,37",,,,,,,,
ncaab:401082455,ncaab,2018-12-15T19:00Z,final,130,2711,Michigan,W Michigan,70,62,,,,0,,,,,,,,,,2,,0,Ann Arbor,MI,1,269,,,,-5.0,"30,40","28,34",,,,,,,,
ncaab:401082570,ncaab,2018-12-15T19:00Z,final,213,152,Penn State,NC State,78,89,,,,1,,,,,,,,,,2,,0,Atlantic City,NJ,1,2,,,,-5.0,"37,41","40,49",,,,,,,,
ncaab:401082599,ncaab,2018-12-15T19:00Z,final,2550,164,Seton Hall,Rutgers,72,66,-300,245,,0,,,-6.5,-115,-105,,,,,2,,0,Newark,NJ,1,9,,,,-5.0,"34,38","25,41",-210,175,-3.5,-110,-110,139.0,-110,-110
ncaab:401082809,ncaab,2018-12-15T19:00Z,final,221,2379,Pitt,MD Eastern,78,43,,,,0,,,,,,,,,,2,,0,Pittsburgh,PA,1,233,,,,-5.0,"38,40","17,26",,,,,,,,
ncaab:401083999,ncaab,2018-12-15T19:00Z,final,2006,276,Akron,Marshall,74,75,-200,170,,0,,,-4.5,-110,-110,,,,,2,,0,Akron,OH,1,291,,,,-5.0,"36,38","42,33",-156,129,-2.0,-110,-110,155.0,-106,-114
ncaab:401085979,ncaab,2018-12-15T19:00Z,final,2142,2368,Colgate,Marist,82,66,,,,0,,,,,,,,,,2,,0,Hamilton,NY,1,181,,,,-5.0,"32,50","27,39",,,,,,,,
ncaab:401086545,ncaab,2018-12-15T19:00Z,final,2066,2754,Binghamton,Youngstown St,48,58,,,,0,,,,,,,,,,2,,0,Binghamton,NY,1,264,,,,-5.0,"17,31","26,32",,,,,,,,
ncaab:401086712,ncaab,2018-12-15T19:00Z,final,2335,3077,Liberty,KCU,96,55,,,,0,,,,,,,,,,2,,0,Lynchburg,VA,1,192,,,,-5.0,"47,49","24,31",,,,,,,,
ncaab:401088258,ncaab,2018-12-15T19:00Z,final,2506,3174,Presbyterian,Trinity Co Jax,87,44,,,,0,,,,,,,,,,2,,0,Clinton,SC,1,76,,,,-5.0,"48,39","19,25",,,,,,,,
ncaab:401089242,ncaab,2018-12-15T19:00Z,final,339,55,Evansville,Jax State,50,55,,,,0,,,,,,,,,,2,,0,Evansville,IN,1,118,,,,-6.0,"22,28","30,25",,,,,,,,
ncaab:401089243,ncaab,2018-12-15T19:00Z,final,2084,79,Buffalo,S Illinois,73,65,,,,0,,,,,,,,,,2,,0,Buffalo,NY,1,183,,,,-5.0,"33,40","28,37",,,,,,,,
ncaab:401082648,ncaab,2018-12-15T20:00Z,final,228,2515,Clemson,Radford,74,66,,,,0,,,,,,,,,,2,,0,Clemson,SC,1,221,,,,-5.0,"31,43","30,36",,,,,,,,
ncaab:401083686,ncaab,2018-12-15T20:00Z,final,253,2492,Southern Utah,Pepperdine,78,69,-130,110,,0,,,-2.0,-107,-109,,,,,2,,0,Cedar City,UT,1,1782,,,,-7.0,"36,28,14","30,34,5",-130,110,-1.0,-110,-110,159.0,-110,-110
ncaab:401086030,ncaab,2018-12-15T20:00Z,final,2520,2523,Rider,Robert Morris,69,50,,,,0,,,,,,,,,,2,,0,Lawrenceville,NJ,1,37,,,,-5.0,"36,33","23,27",,,,,,,,
ncaab:401086519,ncaab,2018-12-15T20:00Z,final,399,159,UAlbany,Dartmouth,52,61,,,,0,,,,,,,,,,2,,0,Albany,NY,1,45,,,,-5.0,"34,18","25,36",,,,,,,,
ncaab:401087826,ncaab,2018-12-15T20:00Z,final,242,2540,Rice,Santa Barbara,89,99,231,-279,,0,,,6.0,-110,-110,,,,,2,,0,Houston,TX,1,12,,,,-6.0,"39,38,12","32,45,22",160,-185,3.0,-105,-115,143.0,-110,-110
ncaab:401087985,ncaab,2018-12-15T20:00Z,final,2433,2617,UL Monroe,SF Austin,74,58,,,,0,,,,,,,,,,2,,0,Monroe,LA,1,23,,,,-6.0,"40,34","27,31",,,,,,,,
ncaab:401082372,ncaab,2018-12-15T20:45Z,final,2086,84,Butler,Indiana,68,71,105,-125,,1,,,1.5,-105,-115,,,,,2,,0,Indianapolis,IN,1,218,,,,-5.0,"38,30","34,37",-109,-112,0.5,-110,-110,141.5,-110,-110
ncaab:401082915,ncaab,2018-12-15T21:00Z,final,97,2309,Louisville,Kent State,83,70,-1185,835,,0,,,-13.5,-105,-115,,,,,2,,0,Louisville,KY,1,142,,,,-5.0,"45,38","28,42",-540,390,-7.5,-110,-110,148.0,-110,-110
ncaab:401083889,ncaab,2018-12-15T21:00Z,final,2670,232,VCU,Charleston,79,83,-234,196,,0,,,-5.0,-110,-110,,,,,2,,0,Richmond,VA,1,64,,,,-5.0,"28,51","32,51",-175,143,-2.5,-115,-105,135.5,100,-121
ncaab:401084030,ncaab,2018-12-15T21:00Z,final,231,350,Furman,UNC Wilmington,93,50,-600,450,,0,,,-10.0,-110,-110,,,,,2,,0,Greenville,SC,1,307,,,,-5.0,"40,53","23,27",-320,240,-5.5,-110,-110,154.0,-110,-110
ncaab:401085659,ncaab,2018-12-15T21:00Z,final,257,198,Richmond,Oral Roberts,52,59,-700,506,,0,,,-11.0,-110,-110,,,,,2,,0,Richmond,VA,1,64,,,,-5.0,"23,29","31,28",-385,318,-6.0,-115,-105,145.0,-110,-110
ncaab:401086063,ncaab,2018-12-15T21:00Z,final,2597,2612,St Francis BK,Saint Peter's,56,53,,,,0,,,,,,,,,,2,,0,Brooklyn,NY,1,15,,,,-5.0,"27,29","31,22",,,,,,,,
ncaab:401088260,ncaab,2018-12-15T21:00Z,final,2908,2569,SC Upstate,SC State,88,84,,,,0,,,,,,,,,,2,,0,Spartanburg,SC,1,246,,,,-5.0,"42,46","34,50",,,,,,,,
ncaab:401089721,ncaab,2018-12-15T21:00Z,final,116,111914,Mount St Marys,Wilson,74,59,,,,0,,,,,,,,,,2,,0,Emmitsburg,MD,1,133,,,,-5.0,"35,39","33,26",,,,,,,,
ncaab:401090216,ncaab,2018-12-15T21:00Z,final,338,2635,Kennesaw St,Tennessee Tech,73,68,,,,0,,,,,,,,,,2,,0,Kennesaw,GA,1,332,,,,-5.0,"41,32","36,32",,,,,,,,
ncaab:401083408,ncaab,2018-12-15T21:30Z,final,2181,66,Drake,Iowa State,68,77,797,-1300,,1,,,13.5,-110,-110,,,,,2,,0,Des Moines,IA,1,266,,,,-6.0,"32,36","36,41",400,-526,7.5,-105,-115,155.5,-109,-111
ncaab:401084723,ncaab,2018-12-15T21:30Z,final,218,2166,Temple,Davidson,77,75,-195,170,,1,,,-4.0,-115,-105,,,,,2,,0,Atlantic City,NJ,1,2,,,,-5.0,"27,39,11","35,31,9",-151,124,-2.5,-110,-110,139.0,-110,-110
ncaab:401083131,ncaab,2018-12-15T22:00Z,final,96,254,Kentucky,Utah,88,61,-1600,912,,0,,,-15.5,-110,-110,,,,,2,,0,Lexington,KY,1,295,,,,-5.0,"41,47","27,34",-660,435,-8.5,-110,-110,138.5,-110,-110
ncaab:401086772,ncaab,2018-12-15T22:00Z,final,2430,2453,UNC Greensboro,North Alabama,53,48,,,,0,,,,,,,,,,2,,0,Greensboro,NC,1,266,,,,-5.0,"26,27","17,31",,,,,,,,
ncaab:401086788,ncaab,2018-12-15T22:00Z,final,2454,2127,North Florida,Charleston So,68,61,,,,0,,,,,,,,,,2,,0,Jacksonville,FL,1,5,,,,-5.0,"24,44","26,35",,,,,,,,
ncaab:401087153,ncaab,2018-12-15T22:00Z,final,26,2057,UCLA,Belmont,72,74,-285,245,,0,,,-6.5,-105,-115,,,,,2,,0,Los Angeles,CA,1,89,,,,-8.0,"43,29","40,34",-200,160,-3.5,-110,-110,166.5,-110,-110
ncaab:401089039,ncaab,2018-12-15T22:00Z,final,2046,2870,Austin Peay,Purdue FW,95,68,-163,143,,0,,,-3.0,-110,-110,,,,,2,,0,Clarksville,TN,1,145,,,,-6.0,"46,49","39,29",-135,115,-1.5,-110,-110,159.0,-110,-110
ncaab:401090254,ncaab,2018-12-15T22:00Z,final,2634,2448,Tennessee St,NC A&T,76,78,,,,0,,,,,,,,,,2,,0,Nashville,TN,1,170,,,,-6.0,"39,37","39,39",,,,,,,,
ncaab:401084724,ncaab,2018-12-15T22:30Z,final,2724,2572,Wichita St,Southern Miss,63,60,-335,271,,0,,,-7.0,-113,-103,,,,,2,,0,Wichita,KS,1,396,,,,-6.0,"33,30","25,35",-241,193,-4.5,-115,-105,136.5,-110,-110
ncaab:401083145,ncaab,2018-12-15T23:00Z,final,61,9,Georgia,Arizona St,74,76,135,-155,,0,,,3.0,-115,-105,,,,,2,,0,Athens,GA,1,228,,,,-5.0,"47,27","33,43",120,-140,1.5,-110,-110,151.5,-110,-110
ncaab:401083499,ncaab,2018-12-15T23:00Z,final,251,2253,Texas,Grand Canyon,98,60,,,,0,,,,,,,,,,2,,0,Austin,TX,1,149,,,,-6.0,"56,42","30,30",,,,,,,,
ncaab:401086687,ncaab,2018-12-15T23:00Z,final,2065,294,Bethune,Jacksonville,71,79,,,,0,,,,,,,,,,2,,0,Daytona Beach,FL,1,4,,,,-5.0,"31,40","38,41",,,,,,,,
ncaab:401088256,ncaab,2018-12-15T23:00Z,final,2261,2605,Hampton,Saint Leo,72,60,,,,0,,,,,,,,,,2,,0,Hampton,VA,1,1,,,,-5.0,"37,35","30,30",,,,,,,,
ncaab:401086859,ncaab,2018-12-15T23:05Z,final,70,2437,Idaho,Omaha,80,89,105,-125,,0,,,1.5,-110,-110,,,,,2,,0,Moscow,ID,1,786,,,,-8.0,"35,45","38,51",-105,-115,0.5,-115,-105,147.5,-110,-110
ncaab:401082399,ncaab,2018-12-16T00:00Z,final,2460,2294,Northern Iowa,Iowa,54,77,,,,1,,,,,,,,,,2,,0,Des Moines,IA,1,266,,,,-6.0,"18,36","39,38",,,,,,,,
ncaab:401082746,ncaab,2018-12-16T00:00Z,final,264,259,Washington,Virginia Tech,61,73,275,-345,,1,,,7.0,-109,-111,,,,,2,,0,Atlantic City,NJ,1,2,,,,-5.0,"21,40","39,34",165,-210,3.5,-110,-110,144.0,-110,-110
ncaab:401083482,ncaab,2018-12-16T00:00Z,final,2641,2000,Texas Tech,Abilene Chrstn,82,48,,,,0,,,,,,,,,,2,,0,Lubbock,TX,1,976,,,,-6.0,"41,41","26,22",,,,,,,,
ncaab:401083650,ncaab,2018-12-16T00:00Z,final,153,2250,North Carolina,Gonzaga,103,90,-170,150,,0,,,-3.5,-110,-110,,,,,2,,0,Chapel Hill,NC,1,148,,,,-5.0,"53,50","39,51",-135,115,-1.5,-110,-110,174.5,-110,-110
ncaab:401086134,ncaab,2018-12-16T00:00Z,final,140,2377,Kansas City,McNeese,80,67,,,,0,,,,,,,,,,2,,0,Kansas City,MO,1,274,,,,-6.0,"31,49","29,38",,,,,,,,
ncaab:401086754,ncaab,2018-12-16T00:00Z,final,161,2885,FDU,NJIT,80,90,,,,0,,,,,,,,,,2,,0,Hackensack,NJ,1,6,,,,-5.0,"37,43","40,50",,,,,,,,
ncaab:401086858,ncaab,2018-12-16T00:00Z,final,24,331,Stanford,E Washington,78,62,,,,0,,,,,,,,,,2,,0,Stanford,CA,1,23,,,,-8.0,"27,51","32,30",,,,,,,,
ncaab:401087420,ncaab,2018-12-16T00:00Z,final,2649,2393,Toledo,MTSU,84,62,,,,0,,,,,,,,,,2,,0,Toledo,OH,1,186,,,,-5.0,"48,36","30,32",,,,,,,,
ncaab:401088257,ncaab,2018-12-16T00:00Z,final,2272,2717,High Point,W Carolina,86,59,,,,0,,,,,,,,,,2,,0,High Point,NC,1,281,,,,-5.0,"44,42","32,27",,,,,,,,
ncaab:401088259,ncaab,2018-12-16T00:00Z,final,2747,2427,Wofford,UNC Asheville,92,49,,,,0,,,,,,,,,,2,,0,Spartanburg,SC,1,246,,,,-5.0,"52,40","22,27",,,,,,,,
ncaab:401083170,ncaab,2018-12-16T00:30Z,final,5,2,UAB,Auburn,71,75,2125,-4250,,1,,,20.5,-110,-110,,,,,2,,0,Birmingham,AL,1,187,,,,-6.0,"27,36,8","28,35,12",775,-1200,12.0,-105,-115,144.5,-110,-110
ncaab:401083004,ncaab,2018-12-16T01:00Z,final,8,2636,Arkansas,UTSA,79,67,-1500,1000,,1,,,-15.0,-110,-110,,,,,2,,0,North Little Rock,AR,1,81,,,,-6.0,"35,44","28,39",-556,425,-8.0,-110,-110,158.5,-110,-110
ncaab:401083368,ncaab,2018-12-16T01:00Z,final,2752,2198,Xavier,E Kentucky,95,77,,,,0,,,,,,,,,,2,,0,Cincinnati,OH,1,191,,,,-5.0,"47,48","33,44",,,,,,,,
ncaab:401083431,ncaab,2018-12-16T01:00Z,final,2306,2247,Kansas St,Georgia St,71,59,-1090,790,,0,,,-13.5,-105,-115,,,,,2,,0,Manhattan,KS,1,311,,,,-6.0,"35,36","32,27",-464,344,-7.0,-110,-110,141.5,-110,-110
ncaab:401084620,ncaab,2018-12-16T01:00Z,final,41,2363,UConn,Manhattan,61,46,,,,0,,,,,,,,,,2,,0,Storrs,CT,1,187,,,,-5.0,"25,36","15,31",,,,,,,,
ncaab:401086135,ncaab,2018-12-16T01:00Z,final,292,326,UT Rio Grande,Texas St,68,77,,,,0,,,,,,,,,,2,,0,Edinburg,TX,1,30,,,,-6.0,"35,33","39,38",,,,,,,,
ncaab:401088006,ncaab,2018-12-16T01:00Z,final,309,2348,Louisiana,Louisiana Tech,62,83,-225,190,,0,,,-5.0,-110,-110,,,,,2,,0,Lafayette,LA,1,11,,,,-6.0,"28,34","32,51",-170,139,-2.5,-110,-110,158.5,-110,-110
ncaab:401089244,ncaab,2018-12-16T01:00Z,final,71,2197,Bradley,E Illinois,66,73,,,,0,,,,,,,,,,2,,0,Peoria,IL,1,153,,,,-6.0,"36,30","33,40",,,,,,,,
ncaab:401090151,ncaab,2018-12-16T01:00Z,final,93,2296,Murray St,Jackson St,74,57,,,,0,,,,,,,,,,2,,0,Murray,KY,1,163,,,,-6.0,"34,40","24,33",,,,,,,,
ncaab:401083070,ncaab,2018-12-16T01:30Z,final,344,2132,Mississippi St,Cincinnati,70,59,-135,115,,0,,,-2.5,-105,-115,,,,,2,,0,Starkville,MS,1,101,,,,-6.0,"37,33","32,27",-135,115,-1.5,-110,-110,129.5,-110,-110
ncaab:401083609,ncaab,2018-12-16T01:30Z,final,2439,252,UNLV,BYU,92,90,220,-260,,1,,,6.0,-111,-105,,,,,2,,0,Las Vegas,NV,1,610,,,,-8.0,"47,36,9","30,53,7",155,-190,3.0,-110,-110,153.0,-110,-110
ncaab:401088570,ncaab,2018-12-16T01:30Z,final,2466,2582,N'Western St,Southern,69,66,,,,1,,,,,,,,,,2,,0,Shreveport,LA,1,44,,,,-6.0,"27,42","38,28",,,,,,,,
ncaab:401089108,ncaab,2018-12-16T01:30Z,final,2449,2623,N Dakota St,Missouri St,74,67,,,,0,,,,,,,,,,2,,0,Fargo,ND,1,276,,,,-6.0,"35,39","30,37",,,,,,,,
ncaab:401090239,ncaab,2018-12-16T01:30Z,final,2630,2855,UT Martin,Brescia,108,79,,,,0,,,,,,,,,,2,,0,Martin,TN,1,124,,,,-6.0,"58,50","40,39",,,,,,,,
ncaab:401083543,ncaab,2018-12-16T02:00Z,final,201,30,Oklahoma,USC,81,70,-400,317,,0,,,-8.0,-110,-110,,,,,2,,0,Tulsa,OK,1,220,,,,-6.0,"40,41","28,42",-250,210,-4.5,-110,-110,156.0,-110,-110
ncaab:401086136,ncaab,2018-12-16T02:00Z,final,2692,3084,Weber St,Utah Valley,63,75,,,,0,,,,,,,,,,2,,0,Ogden,UT,1,1311,,,,-7.0,"23,40","41,34",,,,,,,,
ncaab:401087104,ncaab,2018-12-16T02:00Z,final,2483,68,Oregon,Boise St,66,54,-545,420,,0,,,-9.5,-110,-110,,,,,2,,0,Eugene,OR,1,131,,,,-8.0,"24,42","28,26",-330,270,-5.0,-110,-110,133.0,-110,-110
ncaab:401089495,ncaab,2018-12-16T02:00Z,final,2440,2571,Nevada,S Dakota St,72,68,,,,0,,,,,,,,,,2,,0,Reno,NV,1,1373,,,,-8.0,"33,39","40,28",,,,,,,,
ncaab:401090007,ncaab,2018-12-16T02:00Z,final,328,2011,Utah State,Alabama St,86,48,,,,0,,,,,,,,,,2,,0,Logan,UT,1,1382,,,,-7.0,"44,42","28,20",,,,,,,,
ncaab:401083712,ncaab,2018-12-16T03:00Z,final,2501,2755,Portland,Grambling,58,70,,,,0,,,,,,,,,,2,,0,Portland,OR,1,12,,,,-8.0,"35,23","34,36",,,,,,,,
ncaab:401085301,ncaab,2018-12-16T03:00Z,final,25,13,California,Cal Poly,67,66,-650,475,,0,,,-10.5,-113,-103,,,,,2,,0,Berkeley,CA,1,52,,,,-8.0,"32,35","29,37",-346,268,-6.0,-110,-110,135.5,-110,-110
ncaab:401086860,ncaab,2018-12-16T03:00Z,final,23,2464,San José St,N Arizona,79,74,-105,-115,,0,,,1.0,-111,-105,,,,,2,,0,San Jose,CA,1,26,,,,-8.0,"30,49","40,34",-105,-115,0.0,-110,-110,150.0,-110,-110
ncaab:401086861,ncaab,2018-12-16T03:00Z,final,301,2458,San Diego,N Colorado,85,65,-275,225,,0,,,-6.0,-105,-115,,,,,2,,0,San Diego,CA,1,20,,,,-8.0,"39,46","28,37",-184,150,-3.5,-105,-115,150.5,-110,-110
ncaab:401087808,ncaab,2018-12-16T03:00Z,final,300,2172,UC Irvine,Denver,86,52,-909,650,,0,,,-12.5,-105,-115,,,,,2,,0,Irvine,CA,1,17,,,,-8.0,"47,39","16,36",-450,325,-7.0,-106,-114,136.5,-110,-110
ncaab:401086862,ncaab,2018-12-16T03:05Z,final,2502,2351,Portland St,LMU,58,85,,,,0,,,,,,,,,,2,,0,Portland,OR,1,12,,,,-8.0,"25,33","43,42",,,,,,,,
ncaab:401083112,ncaab,2018-12-16T04:00Z,final,2608,99,Saint Mary's,LSU,74,78,145,-170,,1,,,3.0,-104,-116,,,,,2,,0,Las Vegas,NV,1,610,,,,-8.0,"28,46","29,49",135,-155,1.5,-105,-115,149.0,-110,-110
ncaab:401083380,ncaab,2018-12-16T04:00Z,final,12,239,Arizona,Baylor,49,58,-345,285,,0,,,-7.0,-103,-117,,,,,2,,0,Tucson,AZ,1,759,,,,-7.0,"23,26","20,38",-235,185,-4.0,-110,-110,142.5,-110,-110
ncaab:401083793,ncaab,2018-12-16T04:00Z,final,204,245,Oregon St,Texas A&M,64,67,-220,184,,1,,,-4.5,-115,-105,,,,,2,,0,Portland,OR,1,12,,,,-8.0,"30,34","33,34",-175,150,-2.5,-110,-110,139.0,-110,-110
ncaab:401085627,ncaab,2018-12-16T17:00Z,final,2184,311,Duquesne,Maine,72,46,,,,0,,,,,,,,,,2,,0,Pittsburgh,PA,1,233,,,,-5.0,"40,32","16,30",,,,,,,,
ncaab:401082621,ncaab,2018-12-16T18:00Z,final,103,2217,Boston College,Fairfield,77,67,-1200,755,,0,,,-13.5,-105,-115,,,,,2,,0,Chestnut Hill,MA,1,60,,,,-5.0,"34,43","31,36",-550,375,-8.0,-110,-110,150.0,-110,-110
ncaab:401083459,ncaab,2018-12-16T18:00Z,final,227,277,Rhode Island,West Virginia,83,70,,,,1,,,,,,,,,,2,,0,Uncasville,CT,1,19,,,,-5.0,"45,38","43,27",,,,,,,,
ncaab:401083315,ncaab,2018-12-16T19:00Z,final,2507,2115,Providence,C Connecticut,87,63,,,,0,,,,,,,,,,2,,0,Providence,RI,1,2,,,,-5.0,"46,41","32,31",,,,,,,,
ncaab:401083918,ncaab,2018-12-16T19:00Z,final,2619,48,Stony Brook,Delaware,74,68,,,,0,,,,,,,,,,2,,0,Stony Brook,NY,1,27,,,,-5.0,"35,39","30,38",,,,,,,,
ncaab:401084059,ncaab,2018-12-16T19:00Z,final,261,111,Vermont,Northeastern,75,70,,,,0,,,,,,,,,,2,,0,Burlington,VT,1,61,,,,-5.0,"29,46","29,41",,,,,,,,
ncaab:401085902,ncaab,2018-12-16T19:00Z,final,2210,2099,Elon,Canisius,91,92,-123,103,,0,,,-1.0,-110,-110,,,,,2,,0,Elon,NC,1,215,,,,-5.0,"44,47","38,54",-114,-106,-0.5,-105,-115,145.5,-110,-110
ncaab:401085998,ncaab,2018-12-16T19:00Z,final,315,172,Niagara,Cornell,77,74,-145,125,,0,,,-2.5,-110,-110,,,,,2,,0,Niagara Falls,NY,1,187,,,,-5.0,"37,40","40,34",-135,115,-1.5,-110,-110,147.5,-110,-110
ncaab:401086288,ncaab,2018-12-16T19:00Z,final,2230,47,Fordham,Howard,74,67,,,,0,,,,,,,,,,2,,0,Bronx,NY,1,28,,,,-5.0,"29,45","26,41",,,,,,,,
ncaab:401088471,ncaab,2018-12-16T19:00Z,final,2287,325,Illinois St,Cleveland St,88,77,-525,425,,0,,,-10.0,-105,-115,,,,,2,,0,Normal,IL,1,244,,,,-6.0,"38,37,13","33,42,2",-305,225,-5.5,-105,-115,151.0,-110,-110
ncaab:401088526,ncaab,2018-12-16T19:00Z,final,2737,3171,Winthrop,Hiwassee,109,66,,,,0,,,,,,,,,,2,,0,Rock Hill,SC,1,207,,,,-5.0,"54,55","25,41",,,,,,,,
ncaab:401090384,ncaab,2018-12-16T19:00Z,final,324,2428,Coastal,NC Central,69,65,,,,0,,,,,,,,,,2,,0,Conway,SC,1,10,,,,-5.0,"32,37","25,40",,,,,,,,
ncaab:401084725,ncaab,2018-12-16T20:00Z,final,248,139,Houston,Saint Louis,68,64,-375,299,,0,,,-8.0,-110,-110,,,,,2,,0,Houston,TX,1,12,,,,-6.0,"29,39","27,37",-254,203,-4.5,-105,-115,129.0,-110,-110
ncaab:401084726,ncaab,2018-12-16T20:00Z,final,2116,56,UCF,Stetson,90,65,,,,0,,,,,,,,,,2,,0,Orlando,FL,1,30,,,,-5.0,"44,46","26,39",,,,,,,,
ncaab:401087817,ncaab,2018-12-16T20:00Z,final,2638,27,UTEP,UC Riverside,68,56,-290,239,,0,,,-6.5,-105,-115,,,,,2,,0,El Paso,TX,1,1133,,,,-7.0,"22,46","17,39",-216,175,-3.5,-105,-115,129.5,-110,-110
ncaab:401088560,ncaab,2018-12-16T20:00Z,final,98,2653,Western KY,Troy,81,87,-525,415,,0,,,-9.5,-115,-105,,,,,2,,0,Bowling Green,KY,1,161,,,,-6.0,"40,41","43,44",-309,242,-5.5,-105,-115,146.0,102,-123
ncaab:401084727,ncaab,2018-12-16T20:50Z,final,2168,202,Dayton,Tulsa,67,72,,,,1,,,,,,,,,,2,,0,Uncasville,CT,1,19,,,,-5.0,"30,37","30,42",,,,,,,,
ncaab:401083755,ncaab,2018-12-16T21:00Z,final,2539,2239,San Francisco,Fullerton,68,54,-1159,748,,0,,,-13.5,-110,-110,,,,,2,,0,San Francisco,CA,1,16,,,,-8.0,"38,30","18,36",-516,376,-7.5,-105,-115,144.5,-110,-110
ncaab:401085891,ncaab,2018-12-16T21:00Z,final,2729,108807,William & Mary,Will Peace,106,89,,,,0,,,,,,,,,,2,,0,Williamsburg,VA,1,25,,,,-5.0,"55,51","46,43",,,,,,,,
ncaab:401088400,ncaab,2018-12-16T21:00Z,final,189,2224,Bowling Green,Findlay,82,57,,,,0,,,,,,,,,,2,,0,Bowling Green,OH,1,212,,,,-5.0,"35,47","35,22",,,,,,,,
ncaab:401089245,ncaab,2018-12-16T21:00Z,final,2350,2450,Loyola Chicago,Norfolk St,80,49,,,,0,,,,,,,,,,2,,0,Chicago,IL,1,179,,,,-6.0,"46,34","15,34",,,,,,,,
ncaab:401089408,ncaab,2018-12-16T21:00Z,final,36,233,Colorado St,South Dakota,63,68,-156,135,,0,,,-3.0,-110,-110,,,,,2,,0,Fort Collins,CO,1,1525,,,,-7.0,"30,33","29,39",-140,120,-1.5,-110,-110,142.0,-110,-110
ncaab:401089643,ncaab,2018-12-16T21:00Z,final,167,2110,New Mexico,C Arkansas,82,70,,,,0,,,,,,,,,,2,,0,Albuquerque,NM,1,1511,,,,-7.0,"40,42","32,38",,,,,,,,
ncaab:401083343,ncaab,2018-12-16T21:30Z,final,2599,2681,St John's,Wagner,73,58,,,,0,,,,,,,,,,2,,0,Queens,NY,1,12,,,,-5.0,"29,44","28,30",,,,,,,,
ncaab:401086568,ncaab,2018-12-16T21:30Z,final,42,2473,Hartford,Oakland,87,82,,,,0,,,,,,,,,,2,,0,West Hartford,CT,1,40,,,,-5.0,"45,42","44,38",,,,,,,,
ncaab:401082478,ncaab,2018-12-16T22:00Z,final,127,2739,Michigan St,Green Bay,104,83,-15000,6000,,0,,,-26.0,-105,-115,,,,,2,,0,East Lansing,MI,1,261,,,,-5.0,"64,40","35,48",,,-15.0,-110,-110,161.0,-110,-110
ncaab:401083517,ncaab,2018-12-16T22:00Z,final,2628,282,TCU,Indiana St,90,70,-1440,867,,0,,,-15.0,-106,-110,,,,,2,,0,Fort Worth,TX,1,199,,,,-6.0,"38,52","26,44",-630,465,-8.0,-115,-105,147.0,-106,-114
ncaab:401087281,ncaab,2018-12-16T22:00Z,final,302,3078,UC Davis,Jessup,83,65,,,,0,,,,,,,,,,2,,0,Davis,CA,1,16,,,,-8.0,"31,52","38,27",,,,,,,,
ncaab:401089921,ncaab,2018-12-16T22:00Z,final,270,2741,Milwaukee,Wisc Lutheran,87,64,,,,0,,,,,,,,,,2,,0,Milwaukee,WI,1,188,,,,-6.0,"41,46","33,31",,,,,,,,
ncaab:401083092,ncaab,2018-12-16T23:00Z,final,145,236,Ole Miss,Chattanooga,90,70,-3750,1875,,0,,,-19.0,-119,-101,,,,,2,,0,Oxford,MS,1,154,,,,-6.0,"37,53","39,31",-1100,700,-11.5,-110,-110,148.5,-110,-110
ncaab:401083663,ncaab,2018-12-16T23:00Z,final,2463,279,CSU Northridge,Pacific,77,79,,,,0,,,,,,,,,,2,,0,Northridge,CA,1,246,,,,-8.0,"40,37","40,39",,,,,,,,
ncaab:401083943,ncaab,2018-12-16T23:00Z,final,2514,2182,Quinnipiac,Drexel,83,92,-150,130,,1,,,-2.5,-110,-110,,,,,2,,0,Uncasville,CT,1,19,,,,-5.0,"45,38","41,51",-140,120,-1.5,-110,-110,149.5,-105,-115
ncaab:401082519,ncaab,2018-12-17T00:00Z,final,158,197,Nebraska,Oklahoma St,79,56,-345,270,,1,,,-7.5,-105,-115,,,,,2,,0,Sioux Falls,SD,1,448,,,,-6.0,"32,47","30,26",-225,181,-4.0,-115,-105,142.5,-110,-110
ncaab:401086660,ncaab,2018-12-17T00:00Z,final,2378,526,UMBC,FGCU,53,76,,,,0,,,,,,,,,,2,,0,Baltimore,MD,1,10,,,,-5.0,"26,27","40,36",,,,,,,,
ncaab:401089550,ncaab,2018-12-17T00:00Z,final,94,193,N Kentucky,Miami OH,72,66,-275,226,,0,,,-6.5,-110,-110,,,,,2,,0,Highland Heights,KY,1,260,,,,-5.0,"33,39","34,32",-205,166,-3.5,-110,-110,143.5,-110,-110
ncaab:401087253,ncaab,2018-12-17T03:00Z,final,62,2400,Hawai'i,Miss Valley St,76,51,,,,0,,,,,,,,,,2,,0,Honolulu,HI,1,5,,,,-10.0,"39,37","20,31",,,,,,,,
ncaab:401082701,ncaab,2018-12-18T00:00Z,final,52,2546,Florida St,SE Missouri,85,68,,,,0,,,,,,,,,,2,,0,Tallahassee,FL,1,62,,,,-5.0,"34,51","34,34",,,,,,,,
ncaab:401082724,ncaab,2018-12-18T00:00Z,final,154,2166,Wake Forest,Davidson,67,63,120,-141,,0,,,2.0,-110,-110,,,,,2,,0,Winston-Salem,NC,1,293,,,,-5.0,"33,34","24,39",115,-135,1.0,-105,-115,141.0,-110,-110
ncaab:401082925,ncaab,2018-12-18T00:00Z,final,238,9,Vanderbilt,Arizona St,81,65,-125,105,,0,,,-1.5,-110,-110,,,,,2,,0,Nashville,TN,1,170,,,,-6.0,"34,47","28,37",-110,-110,0.0,-115,-105,153.0,-110,-110
ncaab:401088023,ncaab,2018-12-18T00:00Z,final,172,2344,Cornell,Longwood,70,64,,,,0,,,,,,,,,,2,,0,Ithaca,NY,1,125,,,,-5.0,"36,34","26,38",,,,,,,,
ncaab:401088261,ncaab,2018-12-18T00:00Z,final,2272,286,High Point,NC Wesleyan,90,85,,,,0,,,,,,,,,,2,,0,High Point,NC,1,281,,,,-5.0,"40,38,12","40,38,7",,,,,,,,
ncaab:401090280,ncaab,2018-12-18T00:00Z,final,2415,2732,Morgan St,Wilmington DE,85,78,,,,0,,,,,,,,,,2,,0,Baltimore,MD,1,10,,,,-5.0,"39,46","35,43",,,,,,,,
ncaab:401082902,ncaab,2018-12-18T00:30Z,final,59,2241,Georgia Tech,Gardner-Webb,69,79,,,,0,,,,,,,,,,2,,0,Atlanta,GA,1,320,,,,-5.0,"38,31","45,34",,,,,,,,
ncaab:401086734,ncaab,2018-12-18T00:30Z,final,288,2157,Lipscomb,Covenant,119,48,,,,0,,,,,,,,,,2,,0,Nashville,TN,1,170,,,,-6.0,"59,60","14,34",,,,,,,,
ncaab:401088800,ncaab,2018-12-18T00:30Z,final,2535,2277,Samford,Hou Christian,85,61,,,,0,,,,,,,,,,2,,0,Homewood,AL,1,203,,,,-6.0,"42,43","29,32",,,,,,,,
ncaab:401084728,ncaab,2018-12-18T01:00Z,final,2655,2640,Tulane,Texas Southern,77,70,,,,0,,,,,,,,,,2,,0,New Orleans,LA,1,0,,,,-6.0,"34,43","22,48",,,,,,,,
ncaab:401086240,ncaab,2018-12-18T01:00Z,final,2674,2050,Valparaiso,Ball State,61,77,-110,-110,,0,,,0.0,-110,-110,,,,,2,,0,Valparaiso,IN,1,242,,,,-6.0,"25,36","35,42",-115,-105,0.0,-110,-110,147.5,-110,-110
ncaab:401087171,ncaab,2018-12-18T01:00Z,final,254,50,Utah,Florida A&M,93,64,,,,0,,,,,,,,,,2,,0,Salt Lake City,UT,1,1299,,,,-7.0,"44,49","34,30",,,,,,,,
ncaab:401089246,ncaab,2018-12-18T01:00Z,final,2181,2565,Drake,SIUE,79,66,,,,0,,,,,,,,,,2,,0,Des Moines,IA,1,266,,,,-6.0,"40,39","32,34",,,,,,,,
ncaab:401089629,ncaab,2018-12-18T01:00Z,final,82,2916,UIC,Incarnate Word,63,57,,,,0,,,,,,,,,,2,,0,Chicago,IL,1,179,,,,-6.0,"45,18","30,27",,,,,,,,
ncaab:401090315,ncaab,2018-12-18T01:00Z,final,2636,492,UTSA,Bethany (KS),101,77,,,,0,,,,,,,,,,2,,0,San Antonio,TX,1,198,,,,-6.0,"45,56","37,40",,,,,,,,
ncaab:401086137,ncaab,2018-12-18T01:30Z,final,2545,2856,SE Louisiana,CA Baptist,52,73,,,,0,,,,,,,,,,2,,0,Hammond,LA,1,13,,,,-6.0,"18,34","25,48",,,,,,,,
ncaab:401082536,ncaab,2018-12-18T02:00Z,final,77,2130,Northwestern,Chicago St,88,46,,,,0,,,,,,,,,,2,,0,Evanston,IL,1,187,,,,-6.0,"44,44","27,19",,,,,,,,
ncaab:401086138,ncaab,2018-12-18T02:00Z,final,166,2458,New Mexico St,N Colorado,74,62,,,,0,,,,,,,,,,2,,0,Las Cruces,NM,1,1191,,,,-7.0,"41,33","24,38",,,,,,,,
ncaab:401086863,ncaab,2018-12-18T02:00Z,final,149,2449,Montana,N Dakota St,60,53,,,,0,,,,,,,,,,2,,0,Missoula,MT,1,978,,,,-7.0,"19,41","23,30",,,,,,,,
ncaab:401087379,ncaab,2018-12-18T02:00Z,final,2459,2710,N Illinois,W Illinois,91,76,,,,0,,,,,,,,,,2,,0,Dekalb,IL,1,268,,,,-6.0,"42,49","30,46",,,,,,,,
ncaab:401083687,ncaab,2018-12-18T03:00Z,final,204,2492,Oregon St,Pepperdine,82,67,-1250,800,,0,,,-14.5,-105,-115,,,,,2,,0,Corvallis,OR,1,71,,,,-8.0,"46,36","36,31",-565,390,-8.5,-110,-110,154.0,-110,-110
ncaab:401083713,ncaab,2018-12-18T03:00Z,final,2501,2547,Portland,Seattle U,56,67,,,,0,,,,,,,,,,2,,0,Portland,OR,1,12,,,,-8.0,"22,34","39,28",,,,,,,,
ncaab:401086031,ncaab,2018-12-18T03:00Z,final,265,2520,Washington St,Rider,94,80,-145,125,,0,,,-2.5,-110,-110,,,,,2,,0,Pullman,WA,1,717,,,,-8.0,"45,49","35,45",-135,115,-1.0,-115,-105,167.5,-110,-110
ncaab:401088932,ncaab,2018-12-18T21:00Z,final,5,2016,UAB,Alcorn St,76,49,,,,0,,,,,,,,,,2,,0,Birmingham,AL,1,187,,,,-6.0,"43,33","28,21",,,,,,,,
ncaab:401082676,ncaab,2018-12-18T23:00Z,final,150,163,Duke,Princeton,101,50,-25000,9000,,0,,,-28.5,-110,-110,,,,,2,,0,Durham,NC,1,123,,,,-5.0,"39,62","26,24",,,-17.0,-105,-115,160.5,-110,-110
ncaab:401087105,ncaab,2018-12-18T23:00Z,final,2483,50,Oregon,Florida A&M,71,64,,,,0,,,,,,,,,,2,,0,Eugene,OR,1,131,,,,-8.0,"38,33","23,41",,,,,,,,
ncaab:401083276,ncaab,2018-12-18T23:30Z,final,46,2026,Georgetown,App State,83,73,,,,0,,,,,,,,,,2,,0,Washington,DC,1,7,,,,-5.0,"44,39","42,31",,,,,,,,
ncaab:401082555,ncaab,2018-12-19T00:00Z,final,194,2754,Ohio State,Youngstown St,75,56,-16500,6500,,0,,,-26.5,-110,-110,,,,,2,,0,Columbus,OH,1,235,,,,-5.0,"22,53","25,31",,,-15.0,-110,-110,138.5,-110,-110
ncaab:401082649,ncaab,2018-12-19T00:00Z,final,228,2127,Clemson,Charleston So,78,51,,,,0,,,,,,,,,,2,,0,Clemson,SC,1,221,,,,-5.0,"35,43","27,24",,,,,,,,
ncaab:401082828,ncaab,2018-12-19T00:00Z,final,87,2066,Notre Dame,Binghamton,69,56,,,,0,,,,,,,,,,2,,0,South Bend,IN,1,211,,,,-5.0,"25,44","21,35",,,,,,,,
ncaab:401083051,ncaab,2018-12-19T00:00Z,final,142,2752,Missouri,Xavier,71,56,120,-140,,0,,,2.0,-110,-110,,,,,2,,0,Columbia,MO,1,215,,,,-6.0,"41,30","27,29",120,-140,1.5,-110,-110,131.0,-110,-110
ncaab:401083146,ncaab,2018-12-19T00:00Z,final,61,2473,Georgia,Oakland,81,69,-650,477,,0,,,-11.0,-110,-110,,,,,2,,0,Athens,GA,1,228,,,,-5.0,"45,36","34,35",-345,245,-6.0,-115,-105,153.5,-110,-110
ncaab:401083316,ncaab,2018-12-19T00:00Z,final,2507,399,Providence,UAlbany,73,43,,,,0,,,,,,,,,,2,,0,Providence,RI,1,2,,,,-5.0,"23,50","20,23",,,,,,,,
ncaab:401083890,ncaab,2018-12-19T00:00Z,final,2561,232,Siena,Charleston,58,83,215,-260,,0,,,5.5,-110,-110,,,,,2,,0,Albany,NY,1,45,,,,-5.0,"28,30","33,50",155,-175,3.0,-115,-105,134.0,-110,-110
ncaab:401083944,ncaab,2018-12-19T00:00Z,final,41,2182,UConn,Drexel,97,65,,,,0,,,,,,,,,,2,,0,Hartford,CT,1,18,,,,-5.0,"42,55","28,37",,,,,,,,
ncaab:401084000,ncaab,2018-12-19T00:00Z,final,2006,2634,Akron,Tennessee St,82,60,-1290,793,,0,,,-14.0,-110,-110,,,,,2,,0,Akron,OH,1,291,,,,-5.0,"42,40","28,32",-550,425,-8.0,-110,-110,141.0,-110,-110
ncaab:401084730,ncaab,2018-12-19T00:00Z,final,2229,58,FIU,South Florida,73,82,,,,0,,,,,,,,,,2,,0,Miami,FL,1,2,,,,-5.0,"27,46","41,41",,,,,,,,
ncaab:401085725,ncaab,2018-12-19T00:00Z,final,261,179,Vermont,St Bonaventure,83,76,,,,0,,,,,,,,,,2,,0,Burlington,VT,1,61,,,,-5.0,"22,42,8,11","31,33,8,4",,,,,,,,
ncaab:401085903,ncaab,2018-12-19T00:00Z,final,338,2210,Kennesaw St,Elon,67,76,,,,0,,,,,,,,,,2,,0,Kennesaw,GA,1,332,,,,-5.0,"36,31","37,39",,,,,,,,
ncaab:401086802,ncaab,2018-12-19T00:00Z,final,56,2427,Stetson,UNC Asheville,80,74,,,,0,,,,,,,,,,2,,0,DeLand,FL,1,12,,,,-5.0,"27,53","31,43",,,,,,,,
ncaab:401087849,ncaab,2018-12-19T00:00Z,final,44,116,American,Mount St Marys,55,56,,,,0,,,,,,,,,,2,,0,Washington,DC,1,7,,,,-5.0,"22,33","29,27",,,,,,,,
ncaab:401088262,ncaab,2018-12-19T00:00Z,final,2097,2643,Campbell,The Citadel,76,82,,,,0,,,,,,,,,,2,,0,Buies Creek,NC,1,63,,,,-5.0,"30,46","33,49",,,,,,,,
ncaab:401088263,ncaab,2018-12-19T00:00Z,final,2430,2515,UNC Greensboro,Radford,65,58,,,,0,,,,,,,,,,2,,0,Greensboro,NC,1,266,,,,-5.0,"34,31","25,33",,,,,,,,
ncaab:401089040,ncaab,2018-12-19T00:00Z,final,2870,85,Purdue FW,IU Indy,87,77,-115,-101,,0,,,-1.0,-107,-114,,,,,2,,0,Fort Wayne,IN,1,247,,,,-5.0,"45,42","39,38",-110,-110,0.0,-115,-105,157.0,-110,-110
ncaab:401089361,ncaab,2018-12-19T00:00Z,final,2598,111170,Saint Francis,Franciscan,96,63,,,,0,,,,,,,,,,2,,0,Loretto,PA,1,595,,,,-5.0,"43,53","30,33",,,,,,,,
ncaab:401089952,ncaab,2018-12-19T00:00Z,final,2750,2413,Wright St,Morehead St,78,67,-588,440,,0,,,-10.5,-107,-109,,,,,2,,0,Dayton,OH,1,225,,,,-5.0,"31,47","34,33",-375,313,-6.0,-110,-110,143.0,-110,-110
ncaab:401084729,ncaab,2018-12-19T00:30Z,final,2429,151,Charlotte,East Carolina,55,49,-115,-105,,0,,,0.0,-110,-110,,,,,2,,0,Charlotte,NC,1,229,,,,-5.0,"33,22","26,23",-110,-110,0.0,-110,-110,128.0,-110,-110
ncaab:401088007,ncaab,2018-12-19T00:30Z,final,2377,309,McNeese,Louisiana,67,80,,,,0,,,,,,,,,,2,,0,Lake Charles,LA,1,4,,,,-6.0,"33,34","42,38",,,,,,,,
ncaab:401088040,ncaab,2018-12-19T00:30Z,final,290,71,GA Southern,Bradley,79,74,,,,0,,,,,,,,,,2,,0,Statesboro,GA,1,77,,,,-5.0,"28,31,20","30,29,15",,,,,,,,
ncaab:401088913,ncaab,2018-12-19T00:30Z,final,2534,2011,Sam Houston,Alabama St,78,57,,,,0,,,,,,,,,,2,,0,Huntsville,TX,1,113,,,,-6.0,"39,39","13,44",,,,,,,,
ncaab:401089387,ncaab,2018-12-19T00:30Z,final,2466,2347,N'Western St,LA Christian,84,64,,,,0,,,,,,,,,,2,,0,Natchitoches,LA,1,36,,,,-6.0,"48,36","25,39",,,,,,,,
ncaab:401082789,ncaab,2018-12-19T01:00Z,final,183,2084,Syracuse,Buffalo,59,71,-175,151,,0,,,-3.5,-110,-110,,,,,2,,0,Syracuse,NY,1,121,,,,-5.0,"36,23","32,39",-150,130,-1.5,-115,-105,147.0,-110,-110
ncaab:401082955,ncaab,2018-12-19T01:00Z,final,333,2335,Alabama,Liberty,84,75,,,,1,,,,,,,,,,2,,0,Huntsville,AL,1,193,,,,-6.0,"34,50","33,42",,,,,,,,
ncaab:401083159,ncaab,2018-12-19T01:00Z,final,57,2382,Florida,Mercer,71,63,-1675,955,,0,,,-16.0,-110,-110,,,,,2,,0,Gainesville,FL,1,54,,,,-5.0,"34,37","28,35",-800,500,-9.5,-110,-110,133.5,100,-121
ncaab:401083552,ncaab,2018-12-19T01:00Z,final,2305,233,Kansas,South Dakota,89,53,-5500,2625,,0,,,-22.5,-110,-110,,,,,2,,0,Lawrence,KS,1,263,,,,-6.0,"37,52","27,26",,,-13.0,-110,-110,139.5,-110,-110
ncaab:401086139,ncaab,2018-12-19T01:00Z,final,292,242,UT Rio Grande,Rice,67,75,,,,0,,,,,,,,,,2,,0,Edinburg,TX,1,30,,,,-6.0,"25,42","31,44",,,,,,,,
ncaab:401087986,ncaab,2018-12-19T01:00Z,final,2433,2447,UL Monroe,Nicholls,95,68,,,,0,,,,,,,,,,2,,0,Monroe,LA,1,23,,,,-6.0,"49,46","32,36",,,,,,,,
ncaab:401088157,ncaab,2018-12-19T01:00Z,final,2032,2623,Arkansas St,Missouri St,71,63,165,-190,,0,,,4.0,-105,-115,,,,,2,,0,Jonesboro,AR,1,99,,,,-6.0,"35,36","24,39",140,-160,2.0,-110,-110,155.0,-110,-110
ncaab:401089247,ncaab,2018-12-19T01:00Z,final,93,339,Murray St,Evansville,66,64,-1310,910,,0,,,-14.5,-105,-115,,,,,2,,0,Murray,KY,1,163,,,,-6.0,"35,31","28,36",-565,390,-8.5,-105,-115,147.0,-110,-110
ncaab:401089248,ncaab,2018-12-19T01:00Z,final,2350,5345,Loyola Chicago,Benedictine IL,75,47,,,,0,,,,,,,,,,2,,0,Chicago,IL,1,179,,,,-6.0,"40,35","26,21",,,,,,,,
ncaab:401089424,ncaab,2018-12-19T01:00Z,final,2443,2981,LSU N Orleans,Wilms Baptist,90,62,,,,0,,,,,,,,,,2,,0,Westwego,LA,1,0,,,,-6.0,"48,42","26,36",,,,,,,,
ncaab:401086773,ncaab,2018-12-19T01:15Z,final,55,2453,Jax State,North Alabama,64,50,,,,0,,,,,,,,,,2,,0,Jacksonville,AL,1,216,,,,-6.0,"31,33","24,26",,,,,,,,
ncaab:401083199,ncaab,2018-12-19T01:30Z,final,2086,2506,Butler,Presbyterian,76,67,,,,0,,,,,,,,,,2,,0,Indianapolis,IN,1,218,,,,-5.0,"41,35","42,25",,,,,,,,
ncaab:401083381,ncaab,2018-12-19T01:30Z,final,239,2617,Baylor,SF Austin,58,59,,,,0,,,,,,,,,,2,,0,Waco,TX,1,143,,,,-6.0,"33,25","25,34",,,,,,,,
ncaab:401088773,ncaab,2018-12-19T01:30Z,final,2630,236,UT Martin,Chattanooga,75,72,,,,0,,,,,,,,,,2,,0,Martin,TN,1,124,,,,-6.0,"30,45","29,43",,,,,,,,
ncaab:401089116,ncaab,2018-12-19T01:30Z,final,357,2281,Texas A&M-CC,Huston Till,81,63,,,,0,,,,,,,,,,2,,0,Corpus Christi,TX,1,2,,,,-6.0,"46,35","28,35",,,,,,,,
ncaab:401082400,ncaab,2018-12-19T02:00Z,final,2294,2717,Iowa,W Carolina,78,60,,,,0,,,,,,,,,,2,,0,Iowa City,IA,1,204,,,,-6.0,"48,30","29,31",,,,,,,,
ncaab:401083225,ncaab,2018-12-19T02:00Z,final,201,156,Oklahoma,Creighton,83,70,-260,215,,0,,,-6.5,-110,-110,,,,,2,,0,Norman,OK,1,357,,,,-6.0,"47,36","33,37",-200,170,-3.5,-110,-110,156.0,-107,-113
ncaab:401083251,ncaab,2018-12-19T02:00Z,final,269,155,Marquette,North Dakota,92,66,-4750,2375,,0,,,-21.5,-107,-109,,,,,2,,0,Milwaukee,WI,1,188,,,,-6.0,"49,43","27,39",,,-12.5,-110,-110,142.0,-110,-110
ncaab:401083632,ncaab,2018-12-19T02:00Z,final,2250,250,Gonzaga,UT Arlington,89,55,,,,0,,,,,,,,,,2,,0,Spokane,WA,1,571,,,,-8.0,"48,41","30,25",,,,,,,,
ncaab:401086865,ncaab,2018-12-19T02:00Z,final,2172,147,Denver,Montana St,76,64,-230,195,,0,,,-5.5,-105,-115,,,,,2,,0,Denver,CO,1,1609,,,,-7.0,"46,30","22,42",-190,155,-3.0,-110,-110,154.0,-114,-106
ncaab:401090038,ncaab,2018-12-19T02:00Z,final,167,249,New Mexico,North Texas,65,74,-155,135,,0,,,-3.0,-110,-110,,,,,2,,0,Albuquerque,NM,1,1511,,,,-7.0,"29,36","35,39",-138,114,-1.5,-110,-110,152.5,-110,-110
ncaab:401086864,ncaab,2018-12-19T02:05Z,final,331,2571,E Washington,S Dakota St,64,74,,,,0,,,,,,,,,,2,,0,Cheney,WA,1,717,,,,-8.0,"32,32","36,38",,,,,,,,
ncaab:401083774,ncaab,2018-12-19T03:00Z,final,2541,30,Santa Clara,USC,102,92,340,-425,,0,,,8.5,-107,-109,,,,,2,,0,Santa Clara,CA,1,23,,,,-8.0,"42,38,9,13","31,49,9,3",230,-270,5.0,-110,-110,146.0,-110,-110
ncaab:401085302,ncaab,2018-12-19T03:00Z,final,2934,13,Bakersfield,Cal Poly,74,61,,,,0,,,,,,,,,,2,,0,Bakersfield,CA,1,123,,,,-8.0,"39,35","23,38",,,,,,,,
ncaab:401087137,ncaab,2018-12-19T03:00Z,final,24,23,Stanford,San José St,78,73,-3000,1500,,0,,,-17.5,-107,-109,,,,,2,,0,Stanford,CA,1,23,,,,-8.0,"34,44","33,40",,,-11.0,-110,-110,140.0,-110,-110
ncaab:401085980,ncaab,2018-12-19T16:00Z,final,160,2368,New Hampshire,Marist,49,58,,,,0,,,,,,,,,,2,,0,Durham,NH,1,15,,,,-5.0,"12,37","33,25",,,,,,,,
ncaab:401088265,ncaab,2018-12-19T16:00Z,final,2908,3245,SC Upstate,Truett McCnnll,85,54,,,,0,,,,,,,,,,2,,0,Spartanburg,SC,1,246,,,,-5.0,"40,45","22,32",,,,,,,,
ncaab:401086141,ncaab,2018-12-19T20:30Z,final,2582,2856,Southern,CA Baptist,76,79,,,,0,,,,,,,,,,2,,0,Baton Rouge,LA,1,14,,,,-6.0,"36,40","41,38",,,,,,,,
ncaab:401088264,ncaab,2018-12-19T21:30Z,final,2241,2913,Gardner-Webb,Brevard,106,29,,,,0,,,,,,,,,,2,,0,Boiling Springs,NC,1,269,,,,-5.0,"51,55","15,14",,,,,,,,
ncaab:401087353,ncaab,2018-12-19T22:30Z,final,2226,3244,FAU,Florida Col,76,64,,,,0,,,,,,,,,,2,,0,Boca Raton,FL,1,4,,,,-5.0,"36,40","23,41",,,,,,,,
ncaab:401083330,ncaab,2018-12-19T23:30Z,final,2550,2529,Seton Hall,Sacred Heart,90,76,,,,0,,,,,,,,,,2,,0,Newark,NJ,1,9,,,,-5.0,"54,36","37,39",,,,,,,,
ncaab:401083344,ncaab,2018-12-19T23:30Z,final,2599,2597,St John's,St Francis BK,86,52,,,,0,,,,,,,,,,2,,0,Queens,NY,1,12,,,,-5.0,"37,49","25,27",,,,,,,,
ncaab:401082373,ncaab,2018-12-20T00:00Z,final,84,2110,Indiana,C Arkansas,86,53,,,,0,,,,,,,,,,2,,0,Bloomington,IN,1,235,,,,-5.0,"43,43","27,26",,,,,,,,
ncaab:401082571,ncaab,2018-12-20T00:00Z,final,2184,213,Duquesne,Penn State,67,73,200,-250,,0,,,5.5,-115,-105,,,,,2,,0,Pittsburgh,PA,1,233,,,,-5.0,"39,28","32,41",156,-192,3.0,-115,-105,138.5,-110,-110
ncaab:401082702,ncaab,2018-12-20T00:00Z,final,52,2454,Florida St,North Florida,95,81,,,,0,,,,,,,,,,2,,0,Tallahassee,FL,1,62,,,,-5.0,"46,49","39,42",,,,,,,,
ncaab:401082747,ncaab,2018-12-20T00:00Z,final,259,2448,Virginia Tech,NC A&T,82,60,,,,0,,,,,,,,,,2,,0,Blacksburg,VA,1,633,,,,-5.0,"36,46","23,37",,,,,,,,
ncaab:401082768,ncaab,2018-12-20T00:00Z,final,2579,258,South Carolina,Virginia,52,69,425,-550,,0,,,10.0,-107,-112,,,,,2,,0,Columbia,SC,1,89,,,,-5.0,"26,26","33,36",250,-312,5.5,-105,-115,127.0,-110,-110
ncaab:401082845,ncaab,2018-12-20T00:00Z,final,152,2,NC State,Auburn,78,71,,,,0,,,,,,,,,,2,,0,Raleigh,NC,1,96,,,,-5.0,"35,43","27,44",,,,,,,,
ncaab:401082870,ncaab,2018-12-20T00:00Z,final,2390,2277,Miami,Hou Christian,80,73,,,,0,,,,,,,,,,2,,0,Coral Gables,FL,1,3,,,,-5.0,"40,40","33,40",,,,,,,,
ncaab:401082980,ncaab,2018-12-20T00:00Z,final,2633,2535,Tennessee,Samford,83,70,-5500,2625,,0,,,-22.5,-106,-114,,,,,2,,0,Knoxville,TN,1,276,,,,-5.0,"41,42","32,38",,,-13.0,-105,-115,146.5,-108,-112
ncaab:401083863,ncaab,2018-12-20T00:00Z,final,2619,2275,Stony Brook,Hofstra,64,71,,,,0,,,,,,,,,,2,,0,Stony Brook,NY,1,27,,,,-5.0,"27,37","33,38",,,,,,,,
ncaab:401083919,ncaab,2018-12-20T00:00Z,final,48,2169,Delaware,Delaware St,71,73,,,,0,,,,,,,,,,2,,0,Newark,DE,1,38,,,,-5.0,"34,37","38,35",,,,,,,,
ncaab:401084031,ncaab,2018-12-20T00:00Z,final,2247,350,Georgia St,UNC Wilmington,86,71,-800,550,,0,,,-12.0,-110,-110,,,,,2,,0,Atlanta,GA,1,320,,,,-5.0,"51,35","33,38",-425,340,-6.5,-115,-105,159.0,-110,-110
ncaab:401085600,ncaab,2018-12-20T00:00Z,final,2168,2711,Dayton,W Michigan,85,72,,,,0,,,,,,,,,,2,,0,Dayton,OH,1,225,,,,-5.0,"45,40","33,39",,,,,,,,
ncaab:401085660,ncaab,2018-12-20T00:00Z,final,257,295,Richmond,Old Dominion,54,63,180,-220,,0,,,5.0,-110,-110,,,,,2,,0,Richmond,VA,1,64,,,,-5.0,"33,21","28,35",145,-169,3.0,-115,-105,132.0,-110,-110
ncaab:401086064,ncaab,2018-12-20T00:00Z,final,161,2612,FDU,Saint Peter's,83,74,,,,0,,,,,,,,,,2,,0,Hackensack,NJ,1,6,,,,-5.0,"40,43","25,49",,,,,,,,
ncaab:401086140,ncaab,2018-12-20T00:00Z,final,2117,140,C Michigan,Kansas City,81,72,,,,0,,,,,,,,,,2,,0,Mount Pleasant,MI,1,235,,,,-5.0,"33,48","35,37",,,,,,,,
ncaab:401087421,ncaab,2018-12-20T00:00Z,final,2649,172,Toledo,Cornell,86,70,-900,600,,0,,,-12.0,-110,-110,,,,,2,,0,Toledo,OH,1,186,,,,-5.0,"48,38","39,31",-510,385,-7.0,-112,-108,147.5,-110,-110
ncaab:401087809,ncaab,2018-12-20T00:00Z,final,2199,300,E Michigan,UC Irvine,48,52,,,,0,,,,,,,,,,2,,0,Ypsilanti,MI,1,219,,,,-5.0,"27,21","24,28",,,,,,,,
ncaab:401089000,ncaab,2018-12-20T00:00Z,final,2755,2545,Grambling,SE Louisiana,69,68,,,,0,,,,,,,,,,2,,0,Grambling,LA,1,93,,,,-6.0,"34,35","41,27",,,,,,,,
ncaab:401089083,ncaab,2018-12-20T00:00Z,final,322,465,Lafayette,Rosemont,95,54,,,,0,,,,,,,,,,2,,0,Easton,PA,1,97,,,,-5.0,"46,49","33,21",,,,,,,,
ncaab:401085999,ncaab,2018-12-20T00:30Z,final,325,315,Cleveland St,Niagara,82,60,-105,-115,,0,,,1.0,-110,-110,,,,,2,,0,Cleveland,OH,1,199,,,,-5.0,"32,50","28,32",-110,-110,0.0,-110,-110,152.5,-110,-110
ncaab:401088561,ncaab,2018-12-20T00:30Z,final,2057,98,Belmont,Western KY,80,74,-330,270,,0,,,-8.0,-102,-119,,,,,2,,0,Nashville,TN,1,170,,,,-6.0,"42,38","28,46",-220,180,-4.0,-105,-115,162.0,-114,-106
ncaab:401089717,ncaab,2018-12-20T00:30Z,final,526,111912,FGCU,Keiser,87,85,,,,0,,,,,,,,,,2,,0,Fort Myers,FL,1,3,,,,-5.0,"39,48","46,39",,,,,,,,
ncaab:401083071,ncaab,2018-12-20T01:00Z,final,344,2747,Mississippi St,Wofford,98,87,-476,360,,0,,,-9.0,-110,-110,,,,,2,,0,Starkville,MS,1,101,,,,-6.0,"41,57","50,37",-325,250,-5.0,-110,-110,139.0,-110,-110
ncaab:401083432,ncaab,2018-12-20T01:00Z,final,2306,2572,Kansas St,Southern Miss,55,51,-835,635,,0,,,-12.0,-110,-110,,,,,2,,0,Manhattan,KS,1,311,,,,-6.0,"19,36","31,20",-500,400,-7.5,103,-124,127.5,-110,-110
ncaab:401084731,ncaab,2018-12-20T01:00Z,final,235,2031,Memphis,Little Rock,99,89,-1300,850,,0,,,-14.0,-115,-105,,,,,2,,0,Memphis,TN,1,78,,,,-6.0,"48,51","39,50",-577,412,-8.0,-110,-110,159.0,-110,-110
ncaab:401084732,ncaab,2018-12-20T01:00Z,final,2724,198,Wichita St,Oral Roberts,84,63,-2000,1250,,0,,,-16.5,-105,-115,,,,,2,,0,Wichita,KS,1,396,,,,-6.0,"36,48","33,30",-760,530,-9.0,-110,-110,143.5,-110,-110
ncaab:401085704,ncaab,2018-12-20T01:00Z,final,139,2428,Saint Louis,NC Central,74,65,,,,0,,,,,,,,,,2,,0,St. Louis,MO,1,142,,,,-6.0,"31,43","36,29",,,,,,,,
ncaab:401085760,ncaab,2018-12-20T01:00Z,final,2514,2065,Quinnipiac,Bethune,87,63,,,,0,,,,,,,,,,2,,0,Hamden,CT,1,31,,,,-5.0,"42,45","26,37",,,,,,,,
ncaab:401086032,ncaab,2018-12-20T01:00Z,final,2181,2520,Drake,Rider,76,58,-200,170,,0,,,-5.0,-110,-110,,,,,2,,0,Des Moines,IA,1,266,,,,-6.0,"29,47","28,30",-164,140,-2.0,-115,-105,164.5,-110,-110
ncaab:401087827,ncaab,2018-12-20T01:00Z,final,2437,2540,Omaha,Santa Barbara,85,74,140,-160,,0,,,3.0,-110,-110,,,,,2,,0,Omaha,NE,1,323,,,,-6.0,"48,37","35,39",120,-141,1.5,-110,-110,149.0,-110,-110
ncaab:401087964,ncaab,2018-12-20T01:00Z,final,6,2010,South Alabama,Alabama A&M,79,67,,,,0,,,,,,,,,,2,,0,Mobile,AL,1,3,,,,-6.0,"37,42","30,37",,,,,,,,
ncaab:401088536,ncaab,2018-12-20T01:00Z,final,2320,2640,Lamar,Texas Southern,80,72,,,,0,,,,,,,,,,2,,0,Beaumont,TX,1,5,,,,-6.0,"41,39","32,40",,,,,,,,
ncaab:401089109,ncaab,2018-12-20T01:00Z,final,2449,2462,N Dakota St,Northland,90,43,,,,0,,,,,,,,,,2,,0,Fargo,ND,1,276,,,,-6.0,"51,39","16,27",,,,,,,,
ncaab:401083297,ncaab,2018-12-20T01:30Z,final,305,2916,DePaul,Incarnate Word,81,71,,,,0,,,,,,,,,,2,,0,Chicago,IL,1,179,,,,-6.0,"42,39","38,33",,,,,,,,
ncaab:401084857,ncaab,2018-12-20T01:30Z,final,245,2674,Texas A&M,Valparaiso,71,49,-630,480,,0,,,-10.5,-110,-110,,,,,2,,0,College Station,TX,1,103,,,,-6.0,"34,37","18,31",-405,325,-6.5,-105,-115,142.5,-110,-110
ncaab:401086142,ncaab,2018-12-20T01:30Z,final,2460,2253,Northern Iowa,Grand Canyon,62,73,,,,0,,,,,,,,,,2,,0,Cedar Falls,IA,1,268,,,,-6.0,"21,41","29,44",,,,,,,,
ncaab:401086992,ncaab,2018-12-20T01:30Z,final,12,149,Arizona,Montana,61,42,-385,305,,0,,,-8.0,-110,-110,,,,,2,,0,Tucson,AZ,1,759,,,,-7.0,"22,39","15,27",-245,195,-4.0,-115,-105,141.0,-110,-110
ncaab:401082903,ncaab,2018-12-20T02:00Z,final,8,59,Arkansas,Georgia Tech,65,69,-455,350,,0,,,-9.0,-110,-110,,,,,2,,0,Fayetteville,AR,1,427,,,,-6.0,"32,33","31,38",-295,225,-5.0,-110,-110,147.5,-110,-110
ncaab:401084733,ncaab,2018-12-20T02:00Z,final,2132,26,Cincinnati,UCLA,93,64,-400,325,,0,,,-9.0,-110,-110,,,,,2,,0,Cincinnati,OH,1,191,,,,-5.0,"48,45","31,33",-270,210,-4.5,-110,-110,134.5,-110,-110
ncaab:401085328,ncaab,2018-12-20T02:00Z,final,166,2463,New Mexico St,CSU Northridge,92,57,,,,0,,,,,,,,,,2,,0,Las Cruces,NM,1,1191,,,,-7.0,"47,45","26,31",,,,,,,,
ncaab:401086143,ncaab,2018-12-20T02:00Z,final,3084,304,Utah Valley,Idaho St,88,77,,,,0,,,,,,,,,,2,,0,Orem,UT,1,1455,,,,-7.0,"40,48","33,44",,,,,,,,
ncaab:401083735,ncaab,2018-12-20T03:00Z,final,2608,2083,Saint Mary's,Bucknell,85,56,,,,0,,,,,,,,,,2,,0,Moraga,CA,1,152,,,,-8.0,"42,43","28,28",,,,,,,,
ncaab:401083756,ncaab,2018-12-20T03:00Z,final,2539,2464,San Francisco,N Arizona,76,60,-6000,2750,,0,,,-23.0,-105,-115,,,,,2,,0,San Francisco,CA,1,16,,,,-8.0,"31,45","21,39",,,-13.0,-110,-110,151.0,-110,-110
ncaab:401087061,ncaab,2018-12-20T03:00Z,final,278,25,Fresno St,California,95,73,-560,435,,0,,,-10.0,-110,-110,,,,,2,,0,Fresno,CA,1,94,,,,-8.0,"44,51","32,41",-320,240,-5.5,-115,-105,144.0,-110,-110
ncaab:401089505,ncaab,2018-12-20T03:00Z,final,2351,68,LMU,Boise St,70,69,,,,0,,,,,,,,,,2,,0,Los Angeles,CA,1,89,,,,-8.0,"43,27","32,37",,,,,,,,
ncaab:401099473,ncaab,2018-12-20T03:00Z,final,27,109670,UC Riverside,Life Pacific,87,50,,,,0,,,,,,,,,,2,,0,Riverside,CA,1,252,,,,-8.0,"42,45","26,24",,,,,,,,
ncaab:401087187,ncaab,2018-12-20T03:30Z,final,265,2565,Washington St,SIUE,89,73,,,,0,,,,,,,,,,2,,0,Pullman,WA,1,717,,,,-8.0,"46,43","32,41",,,,,,,,
ncaab:401088527,ncaab,2018-12-20T16:00Z,final,2737,2379,Winthrop,MD Eastern,88,74,,,,0,,,,,,,,,,2,,0,Rock Hill,SC,1,207,,,,-5.0,"45,43","26,48",,,,,,,,
ncaab:401085908,ncaab,2018-12-20T19:00Z,final,107,2099,Holy Cross,Canisius,65,63,,,,0,,,,,,,,,,2,,0,Worcester,MA,1,147,,,,-5.0,"32,33","32,31",,,,,,,,
ncaab:401086144,ncaab,2018-12-20T20:00Z,final,2710,2130,W Illinois,Chicago St,81,52,,,,0,,,,,,,,,,2,,0,Macomb,IL,1,215,,,,-6.0,"41,40","17,35",,,,,,,,
ncaab:401090243,ncaab,2018-12-20T21:00Z,final,338,3105,Kennesaw St,Southeastern,90,72,,,,0,,,,,,,,,,2,,0,Kennesaw,GA,1,332,,,,-5.0,"37,53","28,44",,,,,,,,
ncaab:401082587,ncaab,2018-12-21T00:00Z,final,2509,195,Purdue,Ohio,95,67,-1995,1060,,0,,,-16.5,-109,-107,,,,,2,,0,West Lafayette,IN,1,186,,,,-5.0,"49,46","36,31",-770,520,-9.0,-110,-110,147.5,-110,-110
ncaab:401082677,ncaab,2018-12-21T00:00Z,final,150,2641,Duke,Texas Tech,69,58,-509,390,,1,,,-9.5,-106,-110,,,,,2,,0,New York,NY,1,10,,,,-5.0,"28,41","29,29",-286,226,-5.0,-110,-110,148.5,-110,-110
ncaab:401082810,ncaab,2018-12-21T00:00Z,final,221,2443,Pitt,LSU N Orleans,99,57,,,,0,,,,,,,,,,2,,0,Pittsburgh,PA,1,233,,,,-5.0,"52,47","26,31",,,,,,,,
ncaab:401082829,ncaab,2018-12-21T00:00Z,final,87,294,Notre Dame,Jacksonville,100,74,,,,0,,,,,,,,,,2,,0,South Bend,IN,1,211,,,,-5.0,"57,43","43,31",,,,,,,,
ncaab:401083970,ncaab,2018-12-21T00:00Z,final,2230,256,Fordham,James Madison,75,48,-175,155,,0,,,-3.5,-110,-110,,,,,2,,0,Bronx,NY,1,28,,,,-5.0,"40,35","24,24",-149,130,-1.5,-110,-110,129.5,-110,-110
ncaab:401085956,ncaab,2018-12-21T00:00Z,final,399,2363,UAlbany,Manhattan,77,67,,,,0,,,,,,,,,,2,,0,Albany,NY,1,45,,,,-5.0,"33,44","30,37",,,,,,,,
ncaab:401086017,ncaab,2018-12-21T00:00Z,final,2405,43,Monmouth,Yale,58,66,471,-640,,0,,,10.5,-110,-110,,,,,2,,0,West Long Branch,NJ,1,9,,,,-5.0,"31,27","29,37",265,-325,6.0,-115,-105,146.5,-110,-110
ncaab:401087372,ncaab,2018-12-21T00:00Z,final,2229,2227,FIU,FL Memorial,108,67,,,,0,,,,,,,,,,2,,0,Miami,FL,1,2,,,,-5.0,"46,62","23,44",,,,,,,,
ncaab:401087380,ncaab,2018-12-21T00:00Z,final,94,2459,N Kentucky,N Illinois,65,62,-275,226,,0,,,-6.5,-110,-110,,,,,2,,0,Highland Heights,KY,1,260,,,,-5.0,"25,40","31,31",-196,165,-3.0,-115,-105,147.5,-110,-110
ncaab:401088413,ncaab,2018-12-21T00:00Z,final,2026,2397,App State,Milligan,99,60,,,,0,,,,,,,,,,2,,0,Boone,NC,1,981,,,,-5.0,"40,59","31,29",,,,,,,,
ncaab:401089041,ncaab,2018-12-21T00:00Z,final,2870,2562,Purdue FW,Siena Heights,106,45,,,,0,,,,,,,,,,2,,0,Fort Wayne,IN,1,247,,,,-5.0,"47,59","27,18",,,,,,,,
ncaab:401089551,ncaab,2018-12-21T00:00Z,final,193,2569,Miami OH,SC State,79,55,,,,0,,,,,,,,,,2,,0,Oxford,OH,1,283,,,,-5.0,"49,30","26,29",,,,,,,,
ncaab:401090217,ncaab,2018-12-21T00:00Z,final,2635,2542,Tennessee Tech,Savannah St,91,80,,,,0,,,,,,,,,,2,,0,Cookeville,TN,1,334,,,,-6.0,"46,45","36,44",,,,,,,,
ncaab:401094573,ncaab,2018-12-21T00:00Z,final,2050,47,Ball State,Howard,98,71,,,,0,,,,,,,,,,2,,0,Muncie,IN,1,284,,,,-5.0,"52,46","40,31",,,,,,,,
ncaab:401083226,ncaab,2018-12-21T01:00Z,final,156,2141,Creighton,Coe,110,60,,,,0,,,,,,,,,,2,,0,Omaha,NE,1,323,,,,-6.0,"60,50","31,29",,,,,,,,
ncaab:401084734,ncaab,2018-12-21T01:00Z,final,248,328,Houston,Utah State,60,50,-240,199,,0,,,-5.0,-115,-105,,,,,2,,0,Houston,TX,1,12,,,,-6.0,"21,39","31,19",-178,145,-3.0,-105,-115,141.0,-109,-111
ncaab:401087965,ncaab,2018-12-21T01:00Z,final,6,2920,South Alabama,Mobile,86,47,,,,0,,,,,,,,,,2,,0,Mobile,AL,1,3,,,,-6.0,"46,40","26,21",,,,,,,,
ncaab:401088984,ncaab,2018-12-21T01:00Z,final,249,2029,North Texas,AR-Pine Bluff,77,66,,,,0,,,,,,,,,,2,,0,Denton,TX,1,201,,,,-6.0,"32,45","23,43",,,,,,,,
ncaab:401089117,ncaab,2018-12-21T01:30Z,final,357,2636,Texas A&M-CC,UTSA,50,64,,,,0,,,,,,,,,,2,,0,Corpus Christi,TX,1,2,,,,-6.0,"15,35","30,34",,,,,,,,
ncaab:401083688,ncaab,2018-12-21T03:00Z,final,299,2492,Long Beach St,Pepperdine,67,66,-220,180,,0,,,-5.5,-110,-110,,,,,2,,0,Long Beach,CA,1,9,,,,-8.0,"31,36","31,35",-179,150,-3.0,-110,-110,158.0,-110,-110
ncaab:401086146,ncaab,2018-12-21T03:00Z,final,2547,2504,Seattle U,Prairie View,102,64,,,,0,,,,,,,,,,2,,0,Seattle,WA,1,56,,,,-8.0,"51,51","21,43",,,,,,,,
ncaab:401086145,ncaab,2018-12-21T03:05Z,final,2502,2934,Portland St,Bakersfield,71,76,,,,0,,,,,,,,,,2,,0,Portland,OR,1,12,,,,-8.0,"29,42","47,29",,,,,,,,
ncaab:401088093,ncaab,2018-12-21T16:00Z,final,2803,159,Bryant,Dartmouth,68,67,,,,0,,,,,,,,,,2,,0,Smithfield,RI,1,84,,,,-5.0,"26,42","34,33",,,,,,,,
ncaab:401084060,ncaab,2018-12-21T17:00Z,final,111,179,Northeastern,St Bonaventure,64,59,,,,0,,,,,,,,,,2,,0,Boston,MA,1,14,,,,-5.0,"27,37","25,34",,,,,,,,
ncaab:401086546,ncaab,2018-12-21T17:00Z,final,112358,2066,Long Island,Binghamton,67,68,,,,0,,,,,,,,,,2,,0,Brooklyn,NY,1,15,,,,-5.0,"30,37","20,48",,,,,,,,
ncaab:401086713,ncaab,2018-12-21T17:00Z,final,2335,2011,Liberty,Alabama St,73,55,,,,1,,,,,,,,,,2,,0,St. Petersburg,FL,1,13,,,,-5.0,"35,38","18,37",,,,,,,,
ncaab:401088774,ncaab,2018-12-21T17:00Z,final,236,2081,Chattanooga,Bryan,79,45,,,,0,,,,,,,,,,2,,0,Chattanooga,TN,1,206,,,,-5.0,"39,40","23,22",,,,,,,,
ncaab:401083532,ncaab,2018-12-21T18:00Z,final,197,2110,Oklahoma St,C Arkansas,82,73,,,,0,,,,,,,,,,2,,0,Stillwater,OK,1,273,,,,-6.0,"43,39","33,40",,,,,,,,
ncaab:401087305,ncaab,2018-12-21T18:00Z,final,2378,108854,UMBC,Hood,86,65,,,,0,,,,,,,,,,2,,0,Baltimore,MD,1,10,,,,-5.0,"45,41","32,33",,,,,,,,
ncaab:401088401,ncaab,2018-12-21T18:00Z,final,189,2717,Bowling Green,W Carolina,73,52,,,,0,,,,,,,,,,2,,0,Bowling Green,OH,1,212,,,,-5.0,"32,41","25,27",,,,,,,,
ncaab:401088268,ncaab,2018-12-21T19:00Z,final,2427,2397,UNC Asheville,Milligan,86,76,,,,0,,,,,,,,,,2,,0,Asheville,NC,1,649,,,,-5.0,"37,49","38,38",,,,,,,,
ncaab:401088266,ncaab,2018-12-21T19:30Z,final,2046,2097,Austin Peay,Campbell,88,75,,,,1,,,,,,,,,,2,,0,St. Petersburg,FL,1,13,,,,-5.0,"38,50","23,52",,,,,,,,
ncaab:401087124,ncaab,2018-12-21T20:00Z,final,204,2309,Oregon St,Kent State,63,66,-555,430,,0,,,-9.5,-115,-105,,,,,2,,0,Corvallis,OR,1,71,,,,-8.0,"33,30","42,24",-323,252,-5.5,-110,-110,146.0,-110,-110
ncaab:401086335,ncaab,2018-12-21T20:30Z,final,113,161,UMass,FDU,85,84,,,,0,,,,,,,,,,2,,0,Amherst,MA,1,82,,,,-5.0,"36,49","44,40",,,,,,,,
ncaab:401084737,ncaab,2018-12-21T22:00Z,final,119,2655,Towson,Tulane,73,55,-175,155,,1,,,-3.5,-110,-110,,,,,2,,0,Atlantic City,NJ,1,2,,,,-5.0,"31,42","29,26",-153,125,-2.0,-105,-115,138.5,-110,-110
ncaab:401086866,ncaab,2018-12-21T22:05Z,final,331,3106,E Washington,Corban,92,73,,,,0,,,,,,,,,,2,,0,Cheney,WA,1,717,,,,-8.0,"46,46","28,45",,,,,,,,
ncaab:401089895,ncaab,2018-12-21T22:35Z,final,2413,85,Morehead St,IU Indy,74,70,120,-140,,0,,,2.5,-110,-110,,,,,2,,0,Morehead,KY,1,153,,,,-6.0,"36,38","37,33",110,-140,1.0,-110,-110,150.5,-110,-110
ncaab:401088041,ncaab,2018-12-21T23:00Z,final,2515,290,Radford,GA Southern,80,68,,,,0,,,,,,,,,,2,,0,Radford,VA,1,567,,,,-5.0,"35,45","35,33",,,,,,,,
ncaab:401083200,ncaab,2018-12-21T23:30Z,final,2086,300,Butler,UC Irvine,71,54,-450,351,,0,,,-9.0,-110,-110,,,,,2,,0,Indianapolis,IN,1,218,,,,-5.0,"41,30","17,37",-275,215,-5.0,-112,-108,136.5,-110,-110
ncaab:401082479,ncaab,2018-12-22T00:00Z,final,127,2473,Michigan St,Oakland,99,69,-10000,4000,,0,,,-24.5,-110,-110,,,,,2,,0,East Lansing,MI,1,261,,,,-5.0,"45,54","32,37",,,-14.5,102,-124,157.5,-110,-110
ncaab:401082916,ncaab,2018-12-22T00:00Z,final,97,2523,Louisville,Robert Morris,73,59,,,,0,,,,,,,,,,2,,0,Louisville,KY,1,142,,,,-5.0,"29,44","32,27",,,,,,,,
ncaab:401083369,ncaab,2018-12-22T00:00Z,final,2752,2174,Xavier,Detroit Mercy,69,55,-3500,1750,,0,,,-19.0,-110,-110,,,,,2,,0,Cincinnati,OH,1,191,,,,-5.0,"32,37","26,29",-1100,700,-11.0,-115,-105,149.0,-110,-110
ncaab:401083382,ncaab,2018-12-22T00:00Z,final,239,2483,Baylor,Oregon,57,47,-193,163,,0,,,-4.5,-112,-104,,,,,2,,0,Waco,TX,1,143,,,,-6.0,"28,29","16,31",-165,145,-2.0,-115,-105,127.5,-110,-110
ncaab:401083409,ncaab,2018-12-22T00:00Z,final,66,2197,Iowa State,E Illinois,101,53,,,,0,,,,,,,,,,2,,0,Ames,IA,1,287,,,,-6.0,"49,52","29,24",,,,,,,,
ncaab:401083891,ncaab,2018-12-22T00:00Z,final,232,324,Charleston,Coastal,73,71,-805,605,,0,,,-12.0,-110,-110,,,,,2,,0,Charleston,SC,1,6,,,,-5.0,"34,39","32,39",-395,301,-6.0,-115,-105,143.0,-105,-115
ncaab:401084032,ncaab,2018-12-22T00:00Z,final,2382,350,Mercer,UNC Wilmington,77,73,-365,295,,0,,,-8.0,-105,-111,,,,,2,,0,Macon,GA,1,112,,,,-5.0,"31,46","33,40",-233,190,-4.0,-110,-110,147.5,-110,-110
ncaab:401084735,ncaab,2018-12-22T00:00Z,final,2116,2287,UCF,Illinois St,77,56,-1000,650,,0,,,-13.5,-103,-117,,,,,2,,0,Orlando,FL,1,30,,,,-5.0,"43,34","18,38",-480,355,-7.5,-105,-115,143.0,-110,-110
ncaab:401084736,ncaab,2018-12-22T00:00Z,final,58,2016,South Florida,Alcorn St,83,44,,,,0,,,,,,,,,,2,,0,Tampa,FL,1,1,,,,-5.0,"43,40","23,21",,,,,,,,
ncaab:401086304,ncaab,2018-12-22T00:00Z,final,2244,2426,George Mason,Navy,84,63,,,,0,,,,,,,,,,2,,0,Fairfax,VA,1,131,,,,-5.0,"39,45","22,41",,,,,,,,
ncaab:401086631,ncaab,2018-12-22T00:00Z,final,2349,2352,UMass Lowell,Loyola MD,97,79,,,,0,,,,,,,,,,2,,0,Lowell,MA,1,36,,,,-5.0,"45,52","35,44",,,,,,,,
ncaab:401086774,ncaab,2018-12-22T00:00Z,final,2678,2453,VMI,North Alabama,89,68,,,,0,,,,,,,,,,2,,0,Lexington,VA,1,324,,,,-5.0,"52,37","25,43",,,,,,,,
ncaab:401086803,ncaab,2018-12-22T00:00Z,final,2344,56,Longwood,Stetson,77,63,,,,0,,,,,,,,,,2,,0,Farmville,VA,1,90,,,,-5.0,"36,41","30,33",,,,,,,,
ncaab:401088092,ncaab,2018-12-22T00:00Z,final,104,2065,Boston U,Bethune,66,74,,,,0,,,,,,,,,,2,,0,Boston,MA,1,14,,,,-5.0,"29,37","31,43",,,,,,,,
ncaab:401088870,ncaab,2018-12-22T00:00Z,final,2193,2751,ETSU,Wyoming,76,53,,,,1,,,,,,,,,,2,,0,El Paso,TX,1,1133,,,,-7.0,"43,33","11,42",,,,,,,,
ncaab:401089084,ncaab,2018-12-22T00:00Z,final,322,163,Lafayette,Princeton,79,81,,,,0,,,,,,,,,,2,,0,Easton,PA,1,97,,,,-5.0,"35,44","41,40",,,,,,,,
ncaab:401086325,ncaab,2018-12-22T00:30Z,final,2325,2010,La Salle,Alabama A&M,80,57,-1149,744,,1,,,-13.5,-115,-105,,,,,2,,0,Atlantic City,NJ,1,2,,,,-5.0,"40,40","24,33",-480,355,-7.5,-110,-110,146.0,-111,-109
ncaab:401088267,ncaab,2018-12-22T00:30Z,final,2127,3169,Charleston So,J&W (NC),86,61,,,,0,,,,,,,,,,2,,0,Charleston,SC,1,6,,,,-5.0,"32,54","20,41",,,,,,,,
ncaab:401089139,ncaab,2018-12-22T00:30Z,final,2617,3166,SF Austin,Arlington Bapt,97,47,,,,0,,,,,,,,,,2,,0,Nacogdoches,TX,1,92,,,,-6.0,"49,48","20,27",,,,,,,,
ncaab:401089693,ncaab,2018-12-22T00:30Z,final,2546,2000,SE Missouri,Abilene Chrstn,68,70,,,,0,,,,,,,,,,2,,0,Cape Girardeau,MO,1,108,,,,-6.0,"31,37","30,40",,,,,,,,
ncaab:401082501,ncaab,2018-12-22T01:00Z,final,135,2448,Minnesota,NC A&T,86,67,,,,0,,,,,,,,,,2,,0,Minneapolis,MN,1,253,,,,-6.0,"41,45","33,34",,,,,,,,
ncaab:401083093,ncaab,2018-12-22T01:00Z,final,2393,145,MTSU,Ole Miss,56,74,,,,1,,,,,,,,,,2,,0,Nashville,TN,1,170,,,,-6.0,"26,30","38,36",,,,,,,,
ncaab:401083113,ncaab,2018-12-22T01:00Z,final,99,231,LSU,Furman,75,57,-506,391,,0,,,-9.0,-110,-110,,,,,2,,0,Baton Rouge,LA,1,14,,,,-6.0,"31,44","27,30",-290,220,-5.0,-110,-110,148.5,-110,-110
ncaab:401083714,ncaab,2018-12-22T01:00Z,final,2501,50,Portland,Florida A&M,54,39,,,,0,,,,,,,,,,2,,0,Portland,OR,1,12,,,,-8.0,"29,25","18,21",,,,,,,,
ncaab:401087987,ncaab,2018-12-22T01:00Z,final,2433,2154,UL Monroe,Coppin St,80,63,,,,0,,,,,,,,,,2,,0,Monroe,LA,1,23,,,,-6.0,"36,44","26,37",,,,,,,,
ncaab:401089366,ncaab,2018-12-22T01:00Z,final,242,2437,Rice,Omaha,66,83,-115,-105,,0,,,-1.0,-105,-115,,,,,2,,0,Houston,TX,1,12,,,,-6.0,"24,42","32,51",-120,100,0.0,-110,-110,160.0,-110,-110
ncaab:401089409,ncaab,2018-12-22T01:00Z,final,233,2572,South Dakota,Southern Miss,60,66,-123,103,,0,,,-1.5,-110,-110,,,,,2,,0,Vermillion,SD,1,374,,,,-6.0,"34,26","29,37",-120,100,-0.5,-110,-110,127.5,-110,-110
ncaab:401089492,ncaab,2018-12-22T01:00Z,final,2320,2758,Lamar,Howard Payne,121,32,,,,0,,,,,,,,,,2,,0,Beaumont,TX,1,5,,,,-6.0,"47,74","13,19",,,,,,,,
ncaab:401089909,ncaab,2018-12-22T01:00Z,final,82,2595,UIC,St Francis IL,76,55,,,,0,,,,,,,,,,2,,0,Chicago,IL,1,179,,,,-6.0,"41,35","24,31",,,,,,,,
ncaab:401090245,ncaab,2018-12-22T01:00Z,final,5,2653,UAB,Troy,73,74,-210,176,,0,,,-5.0,-105,-115,,,,,2,,0,Birmingham,AL,1,187,,,,-6.0,"31,42","37,37",-160,140,-2.5,-102,-119,149.0,-110,-110
ncaab:401086735,ncaab,2018-12-22T01:15Z,final,288,261,Lipscomb,Vermont,91,66,,,,0,,,,,,,,,,2,,0,Nashville,TN,1,170,,,,-6.0,"42,49","32,34",,,,,,,,
ncaab:401083252,ncaab,2018-12-22T01:30Z,final,269,2084,Marquette,Buffalo,103,85,-210,175,,0,,,-4.0,-110,-110,,,,,2,,0,Milwaukee,WI,1,188,,,,-6.0,"39,64","38,47",-150,130,-2.0,-105,-115,158.5,-110,-110
ncaab:401082537,ncaab,2018-12-22T02:00Z,final,77,201,Northwestern,Oklahoma,69,76,-145,125,,0,,,-2.5,-110,-110,,,,,2,,0,Evanston,IL,1,187,,,,-6.0,"32,34,3","32,34,10",-135,115,-1.5,-105,-115,136.0,-110,-110
ncaab:401082572,ncaab,2018-12-22T02:00Z,final,333,213,Alabama,Penn State,73,64,-190,163,,0,,,-4.5,-105,-115,,,,,2,,0,Tuscaloosa,AL,1,68,,,,-6.0,"33,40","27,37",-150,130,-2.0,-115,-105,142.0,-115,-105
ncaab:401083317,ncaab,2018-12-22T02:00Z,final,251,2507,Texas,Providence,65,71,-315,256,,0,,,-7.0,-110,-110,,,,,2,,0,Austin,TX,1,149,,,,-6.0,"34,31","39,32",-260,200,-4.5,-110,-110,134.0,-110,-110
ncaab:401083633,ncaab,2018-12-22T02:00Z,final,2250,2172,Gonzaga,Denver,101,40,-21500,8000,,0,,,-28.0,-110,-110,,,,,2,,0,Spokane,WA,1,571,,,,-8.0,"56,45","19,21",,,-16.0,-110,-110,159.0,-110,-110
ncaab:401086867,ncaab,2018-12-22T02:00Z,final,254,2464,Utah,N Arizona,76,62,-2500,1250,,0,,,-17.5,-110,-110,,,,,2,,0,Salt Lake City,UT,1,1299,,,,-7.0,"38,38","30,32",-1000,650,-10.0,-110,-110,150.0,-110,-110
ncaab:401086868,ncaab,2018-12-22T02:00Z,final,264,16,Washington,Sacramento St,57,41,-1907,1033,,0,,,-16.0,-110,-110,,,,,2,,0,Seattle,WA,1,56,,,,-8.0,"19,38","22,19",-799,530,-9.5,-110,-110,140.5,-110,-110
ncaab:401090294,ncaab,2018-12-22T02:00Z,final,2638,2450,UTEP,Norfolk St,62,75,-348,282,,0,,,-7.0,-115,-105,,,,,2,,0,El Paso,TX,1,1133,,,,-7.0,"23,39","29,46",-220,170,-4.0,-105,-115,138.5,-110,-110
ncaab:401083775,ncaab,2018-12-22T03:00Z,final,2541,70,Santa Clara,Idaho,77,56,-290,237,,0,,,-6.0,-110,-110,,,,,2,,0,Santa Clara,CA,1,23,,,,-8.0,"37,40","23,33",-208,175,-3.5,-110,-110,141.0,-110,-110
ncaab:401085303,ncaab,2018-12-22T03:00Z,final,13,250,Cal Poly,UT Arlington,70,75,,,,0,,,,,,,,,,2,,0,San Luis Obispo,CA,1,71,,,,-8.0,"39,22,9","33,28,14",,,,,,,,
ncaab:401087062,ncaab,2018-12-22T03:00Z,final,25,23,California,San José St,88,80,-630,465,,0,,,-10.5,-110,-110,,,,,2,,0,Berkeley,CA,1,52,,,,-8.0,"30,58","32,48",-354,273,-6.0,-110,-110,145.0,-110,-110
ncaab:401086869,ncaab,2018-12-22T04:00Z,final,30,253,USC,Southern Utah,91,49,-1000,675,,0,,,-13.5,-106,-110,,,,,2,,0,Los Angeles,CA,1,89,,,,-8.0,"39,52","25,24",-510,360,-8.0,-105,-115,153.5,-110,-110
ncaab:401082609,ncaab,2018-12-22T17:00Z,final,275,2755,Wisconsin,Grambling,84,53,,,,0,,,,,,,,,,2,,0,Madison,WI,1,267,,,,-6.0,"39,45","27,26",,,,,,,,
ncaab:401082725,ncaab,2018-12-22T17:00Z,final,2633,154,Tennessee,Wake Forest,83,64,-3500,1750,,0,,,-19.5,-110,-110,,,,,2,,0,Knoxville,TN,1,276,,,,-5.0,"42,41","30,34",-165,125,-11.5,-110,-110,147.5,-110,-110
ncaab:401082846,ncaab,2018-12-22T17:00Z,final,152,2908,NC State,SC Upstate,98,71,,,,0,,,,,,,,,,2,,0,Raleigh,NC,1,96,,,,-5.0,"50,48","32,39",,,,,,,,
ncaab:401082904,ncaab,2018-12-22T17:00Z,final,59,61,Georgia Tech,Georgia,59,70,-204,171,,0,,,-5.0,-105,-115,,,,,2,,0,Atlanta,GA,1,320,,,,-5.0,"19,40","29,41",-170,145,-2.5,-110,-110,138.0,-110,-110
ncaab:401083277,ncaab,2018-12-22T17:00Z,final,46,2031,Georgetown,Little Rock,102,94,-1220,870,,0,,,-13.5,-110,-110,,,,,2,,0,Washington,DC,1,7,,,,-5.0,"51,33,18","52,32,10",-526,415,-7.5,-115,-105,157.5,-110,-110
ncaab:401083460,ncaab,2018-12-22T17:00Z,final,277,55,West Virginia,Jax State,74,72,,,,0,,,,,,,,,,2,,0,Morgantown,WV,1,271,,,,-5.0,"36,38","33,39",,,,,,,,
ncaab:401085577,ncaab,2018-12-22T17:00Z,final,2166,3164,Davidson,Central Penn,88,54,,,,0,,,,,,,,,,2,,0,Davidson,NC,1,256,,,,-5.0,"47,41","21,33",,,,,,,,
ncaab:401086055,ncaab,2018-12-22T17:00Z,final,107,2561,Holy Cross,Siena,60,57,,,,0,,,,,,,,,,2,,0,Worcester,MA,1,147,,,,-5.0,"26,34","31,26",,,,,,,,
ncaab:401087850,ncaab,2018-12-22T17:00Z,final,44,2379,American,MD Eastern,82,58,,,,0,,,,,,,,,,2,,0,Washington,DC,1,7,,,,-5.0,"43,39","25,33",,,,,,,,
ncaab:401089094,ncaab,2018-12-22T17:00Z,final,2329,2598,Lehigh,Saint Francis,88,76,,,,0,,,,,,,,,,2,,0,Bethlehem,PA,1,109,,,,-5.0,"39,49","45,31",,,,,,,,
ncaab:401107033,ncaab,2018-12-22T17:00Z,final,2011,2097,Alabama St,Campbell,69,70,,,,1,,,,,,,,,,2,,0,St. Petersburg,FL,1,13,,,,-5.0,"30,39","33,37",,,,,,,,
ncaab:401107055,ncaab,2018-12-22T17:00Z,final,2655,2010,Tulane,Alabama A&M,59,67,,,,1,,,,,,,,,,2,,0,Atlantic City,NJ,1,2,,,,-5.0,"35,24","31,36",,,,,,,,
ncaab:401083359,ncaab,2018-12-22T17:30Z,final,222,41,Villanova,UConn,81,58,,,,1,,,,,,,,,,2,,0,New York,NY,1,10,,,,-5.0,"30,51","30,28",,,,,,,,
ncaab:401082401,ncaab,2018-12-22T18:00Z,final,2294,2542,Iowa,Savannah St,110,64,,,,0,,,,,,,,,,2,,0,Iowa City,IA,1,204,,,,-6.0,"58,52","28,36",,,,,,,,
ncaab:401082600,ncaab,2018-12-22T18:00Z,final,164,171,Rutgers,Columbia,68,65,-725,520,,0,,,-11.0,-110,-110,,,,,2,,0,Piscataway,NJ,1,30,,,,-5.0,"21,33,14","31,23,11",-417,320,-6.5,-115,-105,140.5,-110,-110
ncaab:401083864,ncaab,2018-12-22T18:00Z,final,2275,465,Hofstra,Rosemont,107,54,,,,0,,,,,,,,,,2,,0,Hempstead,NY,1,17,,,,-5.0,"62,45","22,32",,,,,,,,
ncaab:401083945,ncaab,2018-12-22T18:00Z,final,2182,218,Drexel,Temple,64,82,500,-700,,0,,,11.0,-115,-105,,,,,2,,0,Philadelphia,PA,1,12,,,,-5.0,"30,34","41,41",280,-357,6.0,-105,-115,153.5,-110,-110
ncaab:401085981,ncaab,2018-12-22T18:00Z,final,2368,225,Marist,Brown,53,78,-125,105,,0,,,-1.5,-110,-110,,,,,2,,0,Poughkeepsie,NY,1,62,,,,-5.0,"24,29","30,48",-120,100,-0.5,-110,-110,134.5,-110,-110
ncaab:401086000,ncaab,2018-12-22T18:00Z,final,349,315,Army,Niagara,66,78,,,,0,,,,,,,,,,2,,0,West Point,NY,1,47,,,,-5.0,"29,37","27,51",,,,,,,,
ncaab:401086044,ncaab,2018-12-22T18:00Z,final,160,2217,New Hampshire,Fairfield,57,63,,,,0,,,,,,,,,,2,,0,Durham,NH,1,15,,,,-5.0,"24,33","28,35",,,,,,,,
ncaab:401086609,ncaab,2018-12-22T18:00Z,final,311,2115,Maine,C Connecticut,90,93,,,,0,,,,,,,,,,2,,0,Bangor,ME,1,36,,,,-5.0,"32,41,11,6","32,41,11,9",,,,,,,,
ncaab:401088514,ncaab,2018-12-22T18:00Z,final,2117,2296,C Michigan,Jackson St,81,72,,,,0,,,,,,,,,,2,,0,Mount Pleasant,MI,1,235,,,,-5.0,"35,46","34,38",,,,,,,,
ncaab:401082520,ncaab,2018-12-22T19:00Z,final,158,2239,Nebraska,Fullerton,86,62,-4174,1517,,0,,,-20.5,-110,-110,,,,,2,,0,Lincoln,NE,1,367,,,,-6.0,"36,50","25,37",-205,150,-12.0,-110,-110,138.5,-110,-110
ncaab:401082650,ncaab,2018-12-22T19:00Z,final,2579,228,South Carolina,Clemson,68,78,155,-175,,0,,,3.5,-105,-115,,,,,2,,0,Columbia,SC,1,89,,,,-5.0,"34,34","45,33",130,-150,2.0,-110,-110,139.0,-104,-116
ncaab:401082769,ncaab,2018-12-22T19:00Z,final,258,2729,Virginia,William & Mary,72,40,-5000,2500,,0,,,-22.0,-110,-110,,,,,2,,0,Charlottesville,VA,1,142,,,,-5.0,"34,38","23,17",,,-12.5,-110,-110,133.0,-110,-110
ncaab:401082790,ncaab,2018-12-22T19:00Z,final,183,2032,Syracuse,Arkansas St,82,52,-4250,2125,,0,,,-20.5,-110,-110,,,,,2,,0,Syracuse,NY,1,121,,,,-5.0,"38,44","36,16",-130,-110,-12.0,-110,-110,137.0,-110,-110
ncaab:401082871,ncaab,2018-12-22T19:00Z,final,2390,2226,Miami,FAU,75,55,,,,0,,,,,,,,,,2,,0,Coral Gables,FL,1,3,,,,-5.0,"46,29","23,32",,,,,,,,
ncaab:401083005,ncaab,2018-12-22T19:00Z,final,8,326,Arkansas,Texas St,73,70,-600,450,,0,,,-10.0,-110,-110,,,,,2,,0,Fayetteville,AR,1,427,,,,-6.0,"34,39","27,43",-350,280,-6.0,-105,-115,142.5,-110,-110
ncaab:401084858,ncaab,2018-12-22T19:00Z,final,245,276,Texas A&M,Marshall,92,68,-370,300,,0,,,-8.0,-110,-110,,,,,2,,0,College Station,TX,1,103,,,,-6.0,"41,51","33,35",-240,190,-4.0,-115,-105,161.5,-110,-110
ncaab:401085329,ncaab,2018-12-22T19:00Z,final,2565,2463,SIUE,CSU Northridge,79,85,,,,1,,,,,,,,,,2,,0,Las Vegas,NV,1,610,,,,-8.0,"32,47","36,49",,,,,,,,
ncaab:401085601,ncaab,2018-12-22T19:00Z,final,2168,2506,Dayton,Presbyterian,81,69,,,,0,,,,,,,,,,2,,0,Dayton,OH,1,225,,,,-5.0,"45,36","17,52",,,,,,,,
ncaab:401085628,ncaab,2018-12-22T19:00Z,final,2184,2198,Duquesne,E Kentucky,85,84,,,,0,,,,,,,,,,2,,0,Pittsburgh,PA,1,233,,,,-5.0,"42,37,6","48,31,5",,,,,,,,
ncaab:401085761,ncaab,2018-12-22T19:00Z,final,2514,2619,Quinnipiac,Stony Brook,73,76,,,,0,,,,,,,,,,2,,0,Hamden,CT,1,31,,,,-5.0,"28,45","34,42",,,,,,,,
ncaab:401085931,ncaab,2018-12-22T19:00Z,final,43,314,Yale,Iona,99,84,-625,462,,0,,,-10.5,-105,-115,,,,,2,,0,New Haven,CT,1,18,,,,-5.0,"48,51","31,53",-370,310,-6.0,-105,-115,158.5,-110,-110
ncaab:401086147,ncaab,2018-12-22T19:00Z,final,2459,2130,N Illinois,Chicago St,100,59,,,,0,,,,,,,,,,2,,0,Dekalb,IL,1,268,,,,-6.0,"41,59","24,35",,,,,,,,
ncaab:401086317,ncaab,2018-12-22T19:00Z,final,108,45,Harvard,G Washington,75,61,,,,0,,,,,,,,,,2,,0,Cambridge,MA,1,5,,,,-5.0,"39,36","28,33",,,,,,,,
ncaab:401086569,ncaab,2018-12-22T19:00Z,final,2681,42,Wagner,Hartford,77,68,,,,0,,,,,,,,,,2,,0,Staten Island,NY,1,21,,,,-5.0,"32,45","19,49",,,,,,,,
ncaab:401088381,ncaab,2018-12-22T19:00Z,final,295,2415,Old Dominion,Morgan St,76,53,,,,0,,,,,,,,,,2,,0,Norfolk,VA,1,2,,,,-5.0,"30,46","26,27",,,,,,,,
ncaab:401088985,ncaab,2018-12-22T19:00Z,final,2623,2029,Missouri St,AR-Pine Bluff,93,72,,,,0,,,,,,,,,,2,,0,Springfield,MO,1,396,,,,-6.0,"54,39","32,40",,,,,,,,
ncaab:401089062,ncaab,2018-12-22T19:00Z,final,2460,155,Northern Iowa,North Dakota,64,62,-355,295,,0,,,-7.5,-110,-110,,,,,2,,0,Cedar Falls,IA,1,268,,,,-6.0,"32,32","29,33",-245,205,-4.0,-110,-110,135.5,-110,-110
ncaab:401089180,ncaab,2018-12-22T19:00Z,final,2199,2562,E Michigan,Siena Heights,90,72,,,,0,,,,,,,,,,2,,0,Ypsilanti,MI,1,219,,,,-5.0,"48,42","33,39",,,,,,,,
ncaab:401089189,ncaab,2018-12-22T19:00Z,final,71,2545,Bradley,SE Louisiana,63,60,,,,0,,,,,,,,,,2,,0,Peoria,IL,1,153,,,,-6.0,"27,36","28,32",,,,,,,,
ncaab:401090325,ncaab,2018-12-22T19:00Z,final,2132,2569,Cincinnati,SC State,77,56,,,,0,,,,,,,,,,2,,0,Cincinnati,OH,1,191,,,,-5.0,"35,42","16,40",,,,,,,,
ncaab:401085661,ncaab,2018-12-22T19:30Z,final,257,2272,Richmond,High Point,74,59,,,,1,,,,,,,,,,2,,0,Washington,DC,1,7,,,,-5.0,"39,35","25,34",,,,,,,,
ncaab:401085705,ncaab,2018-12-22T19:30Z,final,52,139,Florida St,Saint Louis,81,59,-475,367,,1,,,-9.5,-110,-110,,,,,2,,0,Sunrise,FL,1,1,,,,-5.0,"40,41","25,34",-278,225,-5.0,-115,-105,136.5,-110,-110
ncaab:401107053,ncaab,2018-12-22T19:30Z,final,2046,2335,Austin Peay,Liberty,75,66,,,,1,,,,,,,,,,2,,0,St. Petersburg,FL,1,13,,,,-5.0,"40,35","45,21",,,,,,,,
ncaab:401107056,ncaab,2018-12-22T19:30Z,final,2325,119,La Salle,Towson,57,51,-145,125,,1,,,-2.5,-115,-105,,,,,2,,0,Atlantic City,NJ,1,2,,,,-5.0,"27,30","23,28",-140,120,-1.5,-105,-115,148.0,-110,-110
ncaab:401082556,ncaab,2018-12-22T20:00Z,final,26,194,UCLA,Ohio State,66,80,,,,1,,,,,,,,,,2,,0,Chicago,IL,1,179,,,,-6.0,"30,36","33,47",,,,,,,,
ncaab:401083664,ncaab,2018-12-22T20:00Z,final,68,279,Boise St,Pacific,83,71,-270,220,,0,,,-6.0,-110,-110,,,,,2,,0,Boise,ID,1,823,,,,-7.0,"39,44","35,36",-210,175,-3.5,-110,-110,137.5,-110,-110
ncaab:401083736,ncaab,2018-12-22T20:00Z,final,98,2608,Western KY,Saint Mary's,71,68,135,-154,,0,,,3.0,-110,-110,,,,,2,,0,Bowling Green,KY,1,161,,,,-6.0,"34,37","27,41",110,-133,1.5,-115,-105,147.0,-110,-110
ncaab:401084741,ncaab,2018-12-22T20:00Z,final,235,2634,Memphis,Tennessee St,99,41,-2262,1138,,0,,,-17.5,-102,-119,,,,,2,,0,Memphis,TN,1,78,,,,-6.0,"47,52","17,24",-1000,650,-10.0,-110,-110,158.0,-110,-110
ncaab:401085904,ncaab,2018-12-22T20:00Z,final,140,2210,Kansas City,Elon,95,59,,,,0,,,,,,,,,,2,,0,Kansas City,MO,1,274,,,,-6.0,"53,42","29,30",,,,,,,,
ncaab:401087099,ncaab,2018-12-22T20:00Z,final,38,282,Colorado,Indiana St,67,72,-370,310,,1,,,-8.0,-110,-110,,,,,2,,0,Honolulu,HI,1,5,,,,-10.0,"28,39","36,36",-230,190,-4.0,-115,-105,150.0,-110,-110
ncaab:401087442,ncaab,2018-12-22T20:00Z,final,2711,270,W Michigan,Milwaukee,66,67,,,,0,,,,,,,,,,2,,0,Kalamazoo,MI,1,239,,,,-5.0,"31,35","27,40",,,,,,,,
ncaab:401088801,ncaab,2018-12-22T20:00Z,final,2535,2430,Samford,UNC Greensboro,75,83,130,-150,,0,,,3.0,-111,-105,,,,,2,,0,Homewood,AL,1,203,,,,-6.0,"48,27","36,47",120,-140,1.5,-110,-110,140.5,-115,-105
ncaab:401089458,ncaab,2018-12-22T20:00Z,final,2447,2920,Nicholls,Mobile,84,67,,,,0,,,,,,,,,,2,,0,Thibodaux,LA,1,4,,,,-6.0,"52,32","29,38",,,,,,,,
ncaab:401082622,ncaab,2018-12-22T20:30Z,final,305,103,DePaul,Boston College,62,65,-200,170,,0,,,-4.5,-110,-110,,,,,2,,0,Chicago,IL,1,179,,,,-6.0,"32,30","28,37",-165,145,-2.5,-105,-115,146.5,-110,-110
ncaab:401082456,ncaab,2018-12-22T21:00Z,final,130,2005,Michigan,Air Force,71,50,-15000,6000,,0,,,-26.0,-110,-110,,,,,2,,0,Ann Arbor,MI,1,269,,,,-5.0,"28,43","21,29",,,-15.0,-110,-110,129.0,-110,-110
ncaab:401084738,ncaab,2018-12-22T21:00Z,final,2670,2724,VCU,Wichita St,70,54,-250,210,,0,,,-6.0,-105,-115,,,,,2,,0,Richmond,VA,1,64,,,,-5.0,"37,33","34,20",-179,150,-3.0,-105,-115,135.5,-110,-110
ncaab:401086150,ncaab,2018-12-22T21:00Z,final,3084,2534,Utah Valley,Sam Houston,85,79,,,,0,,,,,,,,,,2,,0,Orem,UT,1,1455,,,,-7.0,"36,49","31,48",,,,,,,,
ncaab:401086870,ncaab,2018-12-22T21:00Z,final,2692,2169,Weber St,Delaware St,83,69,,,,0,,,,,,,,,,2,,0,Ogden,UT,1,1311,,,,-7.0,"40,43","28,41",,,,,,,,
ncaab:401088422,ncaab,2018-12-22T21:00Z,final,167,219,New Mexico,Penn,65,75,107,-125,,0,,,2.0,-119,-102,,,,,2,,0,Albuquerque,NM,1,1511,,,,-7.0,"38,27","42,33",105,-125,1.0,-115,-105,156.0,-110,-110
ncaab:401088529,ncaab,2018-12-22T21:00Z,final,79,2737,S Illinois,Winthrop,71,79,,,,0,,,,,,,,,,2,,0,Carbondale,IL,1,126,,,,-6.0,"34,37","49,30",,,,,,,,
ncaab:401089353,ncaab,2018-12-22T21:00Z,final,116,117,Mount St Marys,St Mary's (MD),83,44,,,,0,,,,,,,,,,2,,0,Emmitsburg,MD,1,133,,,,-5.0,"43,40","19,25",,,,,,,,
ncaab:401083171,ncaab,2018-12-22T21:30Z,final,2,93,Auburn,Murray St,93,88,-1100,711,,0,,,-13.0,-115,-105,,,,,2,,0,Auburn,AL,1,215,,,,-6.0,"38,55","35,53",-526,415,-7.5,-115,-105,139.5,-110,-110
ncaab:401086033,ncaab,2018-12-22T21:30Z,final,2458,2520,N Colorado,Rider,67,74,,,,1,,,,,,,,,,2,,0,Las Vegas,NV,1,610,,,,-8.0,"29,38","39,35",,,,,,,,
ncaab:401083757,ncaab,2018-12-22T22:00Z,final,2539,24,San Francisco,Stanford,74,65,-435,335,,0,,,-9.0,-110,-110,,,,,2,,0,San Francisco,CA,1,16,,,,-8.0,"30,44","19,46",-278,225,-4.5,-115,-105,138.5,-110,-110
ncaab:401084861,ncaab,2018-12-22T22:00Z,final,57,526,Florida,FGCU,77,56,,,,1,,,,,,,,,,2,,0,Sunrise,FL,1,1,,,,-5.0,"37,40","26,30",,,,,,,,
ncaab:401085682,ncaab,2018-12-22T22:00Z,final,2603,2350,Saint Joseph's,Loyola Chicago,45,42,-190,165,,0,,,-4.5,-105,-111,,,,,2,,0,Philadelphia,PA,1,12,,,,-5.0,"20,25","16,26",-150,130,-2.0,-110,-110,143.0,-110,-110
ncaab:401086986,ncaab,2018-12-22T22:00Z,final,2540,304,Santa Barbara,Idaho St,84,65,-700,506,,0,,,-11.0,-108,-108,,,,,2,,0,Santa Barbara,CA,1,15,,,,-8.0,"37,47","38,27",-375,275,-6.0,-110,-110,148.5,-110,-110
ncaab:401087254,ncaab,2018-12-22T22:00Z,final,62,2439,Hawai'i,UNLV,59,73,,,,0,,,,,,,,,,2,,0,Honolulu,HI,1,5,,,,-10.0,"28,31","26,47",,,,,,,,
ncaab:401087270,ncaab,2018-12-22T22:00Z,final,299,36,Long Beach St,Colorado St,64,61,-175,155,,0,,,-3.5,-110,-110,,,,,2,,0,Long Beach,CA,1,9,,,,-8.0,"31,33","28,33",-155,135,-2.0,-110,-110,152.5,-110,-110
ncaab:401087818,ncaab,2018-12-22T22:00Z,final,27,2351,UC Riverside,LMU,60,53,,,,0,,,,,,,,,,2,,0,Riverside,CA,1,252,,,,-8.0,"31,29","31,22",,,,,,,,
ncaab:401088170,ncaab,2018-12-22T22:00Z,final,2348,357,Louisiana Tech,Texas A&M-CC,73,68,,,,0,,,,,,,,,,2,,0,Ruston,LA,1,102,,,,-6.0,"32,41","29,39",,,,,,,,
ncaab:401089249,ncaab,2018-12-22T22:00Z,final,339,2739,Evansville,Green Bay,80,75,-200,170,,0,,,-4.5,-110,-106,,,,,2,,0,Evansville,IN,1,118,,,,-6.0,"35,45","37,38",-166,136,-2.5,-105,-115,163.0,-107,-112
ncaab:401094574,ncaab,2018-12-22T22:00Z,final,47,2261,Howard,Hampton,82,89,,,,1,,,,,,,,,,2,,0,Washington,DC,1,7,,,,-5.0,"39,43","32,57",,,,,,,,
ncaab:401082860,ncaab,2018-12-22T22:15Z,final,153,96,North Carolina,Kentucky,72,80,-145,125,,1,,,-2.5,-106,-110,,,,,2,,0,Chicago,IL,1,179,,,,-6.0,"31,41","40,40",-135,115,-1.0,-115,-105,168.5,-110,-110
ncaab:401082429,ncaab,2018-12-22T22:30Z,final,120,2550,Maryland,Seton Hall,74,78,-357,275,,0,,,-7.5,-110,-110,,,,,2,,0,College Park,MD,1,21,,,,-5.0,"34,40","30,48",-220,170,-4.0,-110,-110,140.5,-108,-112
ncaab:401082374,ncaab,2018-12-22T23:00Z,final,84,294,Indiana,Jacksonville,94,64,,,,0,,,,,,,,,,2,,0,Bloomington,IN,1,235,,,,-5.0,"44,50","29,35",,,,,,,,
ncaab:401082926,ncaab,2018-12-23T00:00Z,final,2306,238,Kansas St,Vanderbilt,69,58,-154,133,,0,,,-3.0,-110,-110,,,,,2,,0,Kansas City,MO,1,274,,,,-6.0,"30,39","20,38",-145,125,-1.5,-110,-110,131.0,-110,-110
ncaab:401083072,ncaab,2018-12-23T00:00Z,final,344,2750,Mississippi St,Wright St,67,63,-1241,784,,1,,,-13.5,-110,-110,,,,,2,,0,Jackson,MS,1,85,,,,-6.0,"35,32","24,39",-476,360,-7.5,100,-121,139.0,-110,-110
ncaab:401083610,ncaab,2018-12-23T00:00Z,final,21,252,San Diego St,BYU,90,81,-120,100,,0,,,-1.5,-105,-111,,,,,2,,0,San Diego,CA,1,20,,,,-8.0,"52,38","38,43",-125,105,-1.0,-104,-116,153.5,-110,-110
ncaab:401084001,ncaab,2018-12-23T00:00Z,final,2440,2006,Nevada,Akron,68,62,-1720,971,,0,,,-16.0,-110,-110,,,,,2,,0,Reno,NV,1,1373,,,,-8.0,"28,40","25,37",-794,527,-9.5,-105,-115,139.5,-108,-112
ncaab:401087016,ncaab,2018-12-23T00:00Z,final,12,302,Arizona,UC Davis,70,68,-1913,1034,,0,,,-16.5,-110,-110,,,,,2,,0,Tucson,AZ,1,759,,,,-7.0,"41,29","30,38",-848,553,-10.0,-110,-110,136.0,-107,-113
ncaab:401089663,ncaab,2018-12-23T00:00Z,final,278,2630,Fresno St,UT Martin,93,53,,,,0,,,,,,,,,,2,,0,Fresno,CA,1,94,,,,-8.0,"46,47","32,21",,,,,,,,
ncaab:401107013,ncaab,2018-12-23T00:00Z,final,2638,2751,UTEP,Wyoming,76,65,-158,135,,0,,,-3.0,-111,-106,,,,,2,,0,El Paso,TX,1,1133,,,,-7.0,"35,41","27,38",-145,125,-1.5,-110,-110,144.0,-105,-115
ncaab:401086148,ncaab,2018-12-23T00:30Z,final,166,2181,New Mexico St,Drake,63,66,289,-360,,1,,,7.5,-110,-110,,,,,2,,0,Las Vegas,NV,1,610,,,,-8.0,"25,38","35,31",185,-225,4.0,-115,-105,143.5,-110,-110
ncaab:401082342,ncaab,2018-12-23T01:00Z,final,356,142,Illinois,Missouri,63,79,,,,1,,,,,,,,,,2,,0,St. Louis,MO,1,142,,,,-6.0,"35,28","39,40",,,,,,,,
ncaab:401083345,ncaab,2018-12-23T01:00Z,final,2599,2529,St John's,Sacred Heart,104,82,,,,0,,,,,,,,,,2,,0,Queens,NY,1,12,,,,-5.0,"53,51","38,44",,,,,,,,
ncaab:401084739,ncaab,2018-12-23T01:00Z,final,198,202,Oral Roberts,Tulsa,59,69,315,-395,,0,,,8.0,-108,-108,,,,,2,,0,Tulsa,OK,1,220,,,,-6.0,"31,28","26,43",195,-235,4.5,-110,-110,142.0,-110,-110
ncaab:401084740,ncaab,2018-12-23T01:00Z,final,2567,172,SMU,Cornell,81,53,,,,0,,,,,,,,,,2,,0,Dallas,TX,1,128,,,,-6.0,"44,37","21,32",,,,,,,,
ncaab:401086149,ncaab,2018-12-23T01:00Z,final,292,2377,UT Rio Grande,McNeese,68,64,,,,0,,,,,,,,,,2,,0,Edinburg,TX,1,30,,,,-6.0,"37,31","30,34",,,,,,,,
ncaab:401086871,ncaab,2018-12-23T01:00Z,final,2571,149,S Dakota St,Montana,74,85,,,,0,,,,,,,,,,2,,0,Brookings,SD,1,494,,,,-6.0,"36,38","42,43",,,,,,,,
ncaab:401083553,ncaab,2018-12-23T02:00Z,final,9,2305,Arizona St,Kansas,80,76,160,-185,,0,,,3.0,-104,-112,,,,,2,,0,Tempe,AZ,1,360,,,,-7.0,"31,49","39,37",125,-145,2.0,-115,-105,152.0,-105,-115
ncaab:401086151,ncaab,2018-12-23T02:00Z,final,2253,2400,Grand Canyon,Miss Valley St,85,64,,,,0,,,,,,,,,,2,,0,Phoenix,AZ,1,331,,,,-7.0,"34,51","27,37",,,,,,,,
ncaab:401107014,ncaab,2018-12-23T02:00Z,final,2450,2193,Norfolk St,ETSU,61,89,,,,1,,,,,,,,,,2,,0,El Paso,TX,1,1133,,,,-7.0,"30,31","45,44",,,,,,,,
ncaab:401086343,ncaab,2018-12-23T03:00Z,final,2083,227,Bucknell,Rhode Island,84,82,215,-265,,1,,,5.5,-105,-115,,,,,2,,0,Honolulu,HI,1,5,,,,-10.0,"35,49","42,40",155,-185,3.0,-110,-110,146.0,-107,-114
ncaab:401089501,ncaab,2018-12-23T03:00Z,final,265,301,Washington St,San Diego,75,82,205,-256,,1,,,5.5,-110,-106,,,,,2,,0,Las Vegas,NV,1,610,,,,-8.0,"38,37","40,42",160,-189,3.0,-110,-110,151.0,-110,-110
ncaab:401083518,ncaab,2018-12-23T05:30Z,final,2628,2429,TCU,Charlotte,82,57,-3750,1875,,1,,,-19.5,-110,-110,,,,,2,,0,Honolulu,HI,1,5,,,,-10.0,"40,42","26,31",,,-12.5,-104,-117,134.0,-110,-110
ncaab:401085957,ncaab,2018-12-23T19:00Z,final,2597,2363,St Francis BK,Manhattan,72,56,,,,0,,,,,,,,,,2,,0,Brooklyn,NY,1,15,,,,-5.0,"28,44","28,28",,,,,,,,
ncaab:401107074,ncaab,2018-12-23T19:00Z,final,2565,2458,SIUE,N Colorado,82,72,,,,1,,,,,,,,,,2,,0,Las Vegas,NV,1,610,,,,-8.0,"38,44","35,37",,,,,,,,
ncaab:401084742,ncaab,2018-12-23T21:00Z,final,248,2154,Houston,Coppin St,75,44,,,,0,,,,,,,,,,2,,0,Houston,TX,1,12,,,,-6.0,"37,38","22,22",,,,,,,,
ncaab:401096882,ncaab,2018-12-23T21:30Z,final,2439,282,UNLV,Indiana St,79,84,-165,145,,1,,,-3.5,-110,-110,,,,,2,,0,Honolulu,HI,1,5,,,,-10.0,"28,51","35,49",-140,120,-1.5,-105,-115,141.5,-110,-110
ncaab:401107075,ncaab,2018-12-23T21:30Z,final,2463,2520,CSU Northridge,Rider,81,80,,,,1,,,,,,,,,,2,,0,Las Vegas,NV,1,610,,,,-8.0,"41,40","33,47",,,,,,,,
ncaab:401096883,ncaab,2018-12-24T00:00Z,final,62,38,Hawai'i,Colorado,70,62,,,,0,,,,,,,,,,2,,0,Honolulu,HI,1,5,,,,-10.0,"24,32,14","24,32,6",,,,,,,,
ncaab:401107093,ncaab,2018-12-24T00:30Z,final,301,2181,San Diego,Drake,103,110,,,,1,,,,,,,,,,2,,0,Las Vegas,NV,1,610,,,,-8.0,"41,42,10,10","33,50,10,17",,,,,,,,
ncaab:401096890,ncaab,2018-12-24T03:00Z,final,2628,2083,TCU,Bucknell,82,65,-920,670,,1,,,-12.5,-110,-110,,,,,2,,0,Honolulu,HI,1,5,,,,-10.0,"44,38","41,24",-455,345,-7.5,-110,-110,151.5,-110,-110
ncaab:401107094,ncaab,2018-12-24T03:35Z,final,265,166,Washington St,New Mexico St,72,75,-330,267,,1,,,-7.0,-115,-105,,,,,2,,0,Las Vegas,NV,1,610,,,,-8.0,"31,41","41,34",-240,200,-4.0,-110,-110,146.5,-110,-110
ncaab:401096885,ncaab,2018-12-24T05:30Z,final,2429,227,Charlotte,Rhode Island,61,75,857,-1450,,1,,,14.5,-110,-110,,,,,2,,0,Honolulu,HI,1,5,,,,-10.0,"28,33","37,38",425,-588,8.0,-110,-110,131.0,-110,-110
ncaab:401107116,ncaab,2018-12-25T18:00Z,final,2429,38,Charlotte,Colorado,53,68,837,-1400,,1,,,14.5,-115,-105,,,,,2,,0,Honolulu,HI,1,5,,,,-10.0,"26,27","35,33",424,-599,8.0,-110,-110,132.0,-110,-110
ncaab:401107115,ncaab,2018-12-25T20:00Z,final,62,227,Hawai'i,Rhode Island,68,60,,,,0,,,,,,,,,,2,,0,Honolulu,HI,1,5,,,,-10.0,"34,34","32,28",,,,,,,,
ncaab:401107114,ncaab,2018-12-25T23:30Z,final,2083,2439,Bucknell,UNLV,97,72,140,-160,,1,,,3.0,-115,-105,,,,,2,,0,Honolulu,HI,1,5,,,,-10.0,"47,50","30,42",120,-140,1.5,-110,-110,147.0,-115,-105
ncaab:401107113,ncaab,2018-12-26T02:00Z,final,2628,282,TCU,Indiana St,83,69,-667,475,,1,,,-10.5,-110,-110,,,,,2,,0,Honolulu,HI,1,5,,,,-10.0,"40,43","30,39",-360,300,-6.0,-105,-115,148.5,-111,-109
ncaab:401083227,ncaab,2018-12-28T01:00Z,final,156,140,Creighton,Kansas City,89,53,,,,0,,,,,,,,,,2,,0,Omaha,NE,1,323,,,,-6.0,"42,47","24,29",,,,,,,,
ncaab:401088493,ncaab,2018-12-28T19:00Z,final,2754,2174,Youngstown St,Detroit Mercy,66,78,-125,105,,0,,,-1.5,-110,-110,,,,,2,,0,Youngstown,OH,1,259,,,,-5.0,"35,31","46,32",-125,105,-0.5,-115,-105,146.5,-126,104
ncaab:401082905,ncaab,2018-12-28T21:00Z,final,59,338,Georgia Tech,Kennesaw St,87,57,,,,0,,,,,,,,,,2,,0,Atlanta,GA,1,320,,,,-5.0,"49,38","23,34",,,,,,,,
ncaab:401089496,ncaab,2018-12-28T22:30Z,final,2710,2571,W Illinois,S Dakota St,58,100,,,,0,,,,,,,,,,2,,0,Macomb,IL,1,215,,,,-6.0,"30,28","55,45",,,,,,,,
ncaab:401082748,ncaab,2018-12-29T00:00Z,final,259,2379,Virginia Tech,MD Eastern,85,40,,,,0,,,,,,,,,,2,,0,Blacksburg,VA,1,633,,,,-5.0,"50,35","22,18",,,,,,,,
ncaab:401082847,ncaab,2018-12-29T00:00Z,final,152,2352,NC State,Loyola MD,97,64,,,,0,,,,,,,,,,2,,0,Raleigh,NC,1,96,,,,-5.0,"45,52","30,34",,,,,,,,
ncaab:401083483,ncaab,2018-12-29T00:00Z,final,2641,292,Texas Tech,UT Rio Grande,71,46,,,,0,,,,,,,,,,2,,0,Lubbock,TX,1,976,,,,-6.0,"38,33","31,15",,,,,,,,
ncaab:401083519,ncaab,2018-12-29T00:00Z,void,2269,2628,HI Pacific,TCU,,,,,,0,,,,,,,,,,2,,0,Honolulu,HI,1,5,,,,-10.0,,,,,,,,,,
ncaab:401083865,ncaab,2018-12-29T00:00Z,final,2275,48,Hofstra,Delaware,91,46,-650,475,,0,,,-10.5,-110,-110,,,,,2,,0,Hempstead,NY,1,17,,,,-5.0,"48,43","18,28",-340,240,-5.5,-115,-105,146.5,-110,-110
ncaab:401083946,ncaab,2018-12-29T00:00Z,final,111,2182,Northeastern,Drexel,93,83,-755,555,,0,,,-11.5,-111,-105,,,,,2,,0,Boston,MA,1,14,,,,-5.0,"41,52","36,47",-424,320,-7.0,-110,-110,153.0,-110,-110
ncaab:401083971,ncaab,2018-12-29T00:00Z,final,2729,256,William & Mary,James Madison,79,74,-323,260,,0,,,-7.0,-110,-110,,,,,2,,0,Williamsburg,VA,1,25,,,,-5.0,"37,42","36,38",-225,175,-4.0,-110,-110,150.0,-110,-110
ncaab:401084743,ncaab,2018-12-29T00:00Z,final,151,2448,East Carolina,NC A&T,77,57,,,,0,,,,,,,,,,2,,0,Greenville,NC,1,18,,,,-5.0,"38,39","27,30",,,,,,,,
ncaab:401085879,ncaab,2018-12-29T00:00Z,final,2210,119,Elon,Towson,60,77,-115,-105,,0,,,-1.0,-105,-115,,,,,2,,0,Elon,NC,1,215,,,,-5.0,"27,33","24,53",100,-120,0.5,-110,-110,140.5,-110,-110
ncaab:401086520,ncaab,2018-12-29T00:00Z,final,2309,399,Kent State,UAlbany,70,68,,,,0,,,,,,,,,,2,,0,Kent,OH,1,325,,,,-5.0,"34,36","34,34",,,,,,,,
ncaab:401088472,ncaab,2018-12-29T00:00Z,final,325,2473,Cleveland St,Oakland,77,89,-118,-102,,0,,,-1.0,-110,-110,,,,,2,,0,Cleveland,OH,1,199,,,,-5.0,"37,40","40,49",-130,107,-0.5,-110,-110,155.5,-110,-110
ncaab:401089896,ncaab,2018-12-29T00:00Z,final,94,85,N Kentucky,IU Indy,92,77,-400,317,,0,,,-8.5,-110,-110,,,,,2,,0,Highland Heights,KY,1,260,,,,-5.0,"51,41","30,47",-251,201,-4.5,-110,-110,146.0,-110,-110
ncaab:401089910,ncaab,2018-12-29T00:00Z,final,2750,82,Wright St,UIC,72,75,-330,270,,0,,,-7.5,-107,-113,,,,,2,,0,Dayton,OH,1,225,,,,-5.0,"24,35,13","27,32,16",-225,175,-4.0,-115,-105,147.5,-110,-110
ncaab:401083006,ncaab,2018-12-29T01:00Z,final,8,2046,Arkansas,Austin Peay,76,65,-1100,711,,0,,,-13.0,-111,-105,,,,,2,,0,Fayetteville,AR,1,427,,,,-6.0,"34,42","33,32",-479,354,-7.5,-110,-110,155.5,-110,-110
ncaab:401083114,ncaab,2018-12-29T01:00Z,final,99,2433,LSU,UL Monroe,81,69,,,,0,,,,,,,,,,2,,0,Baton Rouge,LA,1,14,,,,-6.0,"42,39","33,36",,,,,,,,
ncaab:401083253,ncaab,2018-12-29T01:00Z,final,269,2582,Marquette,Southern,84,41,,,,0,,,,,,,,,,2,,0,Milwaukee,WI,1,188,,,,-6.0,"48,36","17,24",,,,,,,,
ncaab:401083500,ncaab,2018-12-29T01:00Z,final,251,250,Texas,UT Arlington,76,56,,,,0,,,,,,,,,,2,,0,Austin,TX,1,149,,,,-6.0,"33,43","26,30",,,,,,,,
ncaab:401087819,ncaab,2018-12-29T01:00Z,final,2005,27,Air Force,UC Riverside,72,60,-375,299,,0,,,-8.0,-110,-110,,,,,2,,0,Colorado Springs,CO,1,1832,,,,-7.0,"35,37","24,36",-235,185,-4.0,-115,-105,126.5,-110,-110
ncaab:401089042,ncaab,2018-12-29T01:00Z,void,155,2870,North Dakota,Purdue FW,,,,,,0,,,,,,,,,,2,,0,Grand Forks,ND,1,253,,,,-6.0,,,,,,,,,,
ncaab:401089018,ncaab,2018-12-29T01:30Z,final,2437,2172,Omaha,Denver,91,84,-305,245,,0,,,-6.5,-110,-110,,,,,2,,0,Omaha,NE,1,323,,,,-6.0,"41,50","37,47",-200,160,-3.5,-110,-110,153.5,-110,-110
ncaab:401083634,ncaab,2018-12-29T02:00Z,final,2250,2453,Gonzaga,North Alabama,96,51,,,,0,,,,,,,,,,2,,0,Spokane,WA,1,571,,,,-8.0,"48,48","14,37",,,,,,,,
ncaab:401089110,ncaab,2018-12-29T02:00Z,void,2449,233,N Dakota St,South Dakota,,,,,,0,,,,,,,,,,2,,0,Fargo,ND,1,276,,,,-6.0,,,,,,,,,,
ncaab:401090008,ncaab,2018-12-29T02:00Z,final,328,2202,Utah State,Eastern Oregon,84,57,,,,0,,,,,,,,,,2,,0,Logan,UT,1,1382,,,,-7.0,"45,39","26,31",,,,,,,,
ncaab:401087282,ncaab,2018-12-29T03:00Z,final,2351,302,LMU,UC Davis,77,59,,,,0,,,,,,,,,,2,,0,Los Angeles,CA,1,89,,,,-8.0,"41,36","23,36",,,,,,,,
ncaab:401082557,ncaab,2018-12-29T17:00Z,final,194,2272,Ohio State,High Point,82,64,,,,0,,,,,,,,,,2,,0,Columbus,OH,1,235,,,,-5.0,"37,45","28,36",,,,,,,,
ncaab:401082830,ncaab,2018-12-29T17:00Z,final,87,2154,Notre Dame,Coppin St,63,56,,,,0,,,,,,,,,,2,,0,South Bend,IN,1,211,,,,-5.0,"29,34","27,29",,,,,,,,
ncaab:401082861,ncaab,2018-12-29T17:00Z,final,153,2166,North Carolina,Davidson,82,60,-1600,912,,0,,,-15.0,-117,-102,,,,,2,,0,Chapel Hill,NC,1,148,,,,-5.0,"39,43","28,32",-588,450,-8.5,-110,-110,160.5,-110,-110
ncaab:401083073,ncaab,2018-12-29T17:00Z,final,344,252,Mississippi St,BYU,103,81,-480,380,,0,,,-9.0,-110,-106,,,,,2,,0,Starkville,MS,1,101,,,,-6.0,"48,55","38,43",-310,255,-5.5,-105,-115,154.0,-110,-110
ncaab:401083278,ncaab,2018-12-29T17:00Z,final,46,47,Georgetown,Howard,102,67,,,,0,,,,,,,,,,2,,0,Washington,DC,1,7,,,,-5.0,"40,62","26,41",,,,,,,,
ncaab:401088528,ncaab,2018-12-29T17:00Z,final,2737,2504,Winthrop,Prairie View,76,62,,,,0,,,,,,,,,,2,,0,Rock Hill,SC,1,207,,,,-5.0,"32,44","34,28",,,,,,,,
ncaab:401088840,ncaab,2018-12-29T17:00Z,final,2717,2747,W Carolina,Wofford,54,74,,,,0,,,,,,,,,,2,,0,Cullowhee,NC,1,645,,,,-5.0,"25,29","33,41",,,,,,,,
ncaab:401082573,ncaab,2018-12-29T18:00Z,final,213,2378,Penn State,UMBC,74,52,,,,0,,,,,,,,,,2,,0,University Park,PA,1,348,,,,-5.0,"40,34","27,25",,,,,,,,
ncaab:401082981,ncaab,2018-12-29T18:00Z,final,2633,2635,Tennessee,Tennessee Tech,96,53,,,,0,,,,,,,,,,2,,0,Knoxville,TN,1,276,,,,-5.0,"51,45","33,20",,,,,,,,
ncaab:401084744,ncaab,2018-12-29T18:00Z,final,58,161,South Florida,FDU,60,54,,,,0,,,,,,,,,,2,,0,Tampa,FL,1,1,,,,-5.0,"33,27","23,31",,,,,,,,
ncaab:401084745,ncaab,2018-12-29T18:00Z,final,235,50,Memphis,Florida A&M,96,65,,,,0,,,,,,,,,,2,,0,Memphis,TN,1,78,,,,-6.0,"39,57","30,35",,,,,,,,
ncaab:401086065,ncaab,2018-12-29T18:00Z,final,2612,2261,Saint Peter's,Hampton,83,80,,,,0,,,,,,,,,,2,,0,Jersey City,NJ,1,9,,,,-5.0,"45,24,14","43,26,11",,,,,,,,
ncaab:401088105,ncaab,2018-12-29T18:00Z,final,2247,109014,Georgia St,Middle Georgia,117,69,,,,0,,,,,,,,,,2,,0,Atlanta,GA,1,320,,,,-5.0,"48,69","37,32",,,,,,,,
ncaab:401088269,ncaab,2018-12-29T18:00Z,final,2643,2344,The Citadel,Longwood,94,110,,,,0,,,,,,,,,,2,,0,Charleston,SC,1,6,,,,-5.0,"42,52","50,60",,,,,,,,
ncaab:401088986,ncaab,2018-12-29T18:00Z,final,2653,2029,Troy,AR-Pine Bluff,71,63,,,,0,,,,,,,,,,2,,0,Troy,AL,1,165,,,,-6.0,"37,34","37,26",,,,,,,,
ncaab:401107613,ncaab,2018-12-29T18:00Z,final,2449,233,N Dakota St,South Dakota,71,65,,,,0,,,,,,,,,,2,,0,Fargo,ND,1,276,,,,-6.0,"28,43","37,28",,,,,,,,
ncaab:401107633,ncaab,2018-12-29T18:00Z,final,155,2870,North Dakota,Purdue FW,73,84,105,-125,,0,,,1.5,-110,-110,,,,,2,,0,Grand Forks,ND,1,253,,,,-6.0,"30,43","46,38",-104,-117,0.0,-110,-110,154.0,100,-121
ncaab:401082927,ncaab,2018-12-29T18:30Z,final,238,2634,Vanderbilt,Tennessee St,95,76,-4250,2125,,0,,,-20.5,-110,-110,,,,,2,,0,Nashville,TN,1,170,,,,-6.0,"40,55","35,41",,,-12.0,-110,-110,145.5,-110,-110
ncaab:401088198,ncaab,2018-12-29T18:30Z,final,2382,108,Mercer,Harvard,67,71,199,-240,,1,,,5.5,-110,-110,,,,,2,,0,Atlanta,GA,1,320,,,,-5.0,"28,39","41,30",155,-185,3.0,-115,-105,134.5,-110,-110
ncaab:401082480,ncaab,2018-12-29T19:00Z,final,127,2459,Michigan St,N Illinois,88,60,-5800,2700,,0,,,-24.0,-105,-115,,,,,2,,0,East Lansing,MI,1,261,,,,-5.0,"43,45","19,41",,,-13.5,-110,-110,152.5,-110,-110
ncaab:401082521,ncaab,2018-12-29T19:00Z,final,158,2587,Nebraska,SW Minn St,79,38,,,,0,,,,,,,,,,2,,0,Lincoln,NE,1,367,,,,-6.0,"37,42","18,20",,,,,,,,
ncaab:401082726,ncaab,2018-12-29T19:00Z,final,154,2241,Wake Forest,Gardner-Webb,69,73,,,,0,,,,,,,,,,2,,0,Winston-Salem,NC,1,293,,,,-5.0,"28,41","26,47",,,,,,,,
ncaab:401082791,ncaab,2018-12-29T19:00Z,final,183,179,Syracuse,St Bonaventure,81,48,,,,0,,,,,,,,,,2,,0,Syracuse,NY,1,121,,,,-5.0,"46,35","25,23",,,,,,,,
ncaab:401082917,ncaab,2018-12-29T19:00Z,final,97,96,Louisville,Kentucky,58,71,125,-145,,0,,,2.5,-110,-110,,,,,2,,0,Louisville,KY,1,142,,,,-5.0,"27,31","35,36",115,-135,1.5,-115,-105,143.0,-110,-110
ncaab:401083052,ncaab,2018-12-29T19:00Z,final,142,2413,Missouri,Morehead St,75,61,-1300,797,,0,,,-14.0,-110,-110,,,,,2,,0,Columbia,MO,1,215,,,,-6.0,"45,30","22,39",-680,455,-8.0,-115,-105,139.5,-110,-110
ncaab:401083094,ncaab,2018-12-29T19:00Z,final,145,526,Ole Miss,FGCU,87,57,,,,0,,,,,,,,,,2,,0,Oxford,MS,1,154,,,,-6.0,"44,43","26,31",,,,,,,,
ncaab:401083298,ncaab,2018-12-29T19:00Z,final,305,2752,DePaul,Xavier,65,74,-145,125,,0,,,-2.0,-115,-105,,,,,2,,0,Chicago,IL,1,179,,,,-6.0,"32,33","38,36",-127,105,-1.0,-105,-115,143.5,-110,-110
ncaab:401083533,ncaab,2018-12-29T19:00Z,final,197,357,Oklahoma St,Texas A&M-CC,69,59,,,,0,,,,,,,,,,2,,0,Stillwater,OK,1,273,,,,-6.0,"35,34","28,31",,,,,,,,
ncaab:401083554,ncaab,2018-12-29T19:00Z,final,2305,2199,Kansas,E Michigan,87,63,,,,0,,,,,,,,,,2,,0,Lawrence,KS,1,263,,,,-6.0,"46,41","25,38",,,,,,,,
ncaab:401083776,ncaab,2018-12-29T19:00Z,final,265,2541,Washington St,Santa Clara,71,79,-385,306,,0,,,-8.0,-110,-110,,,,,2,,0,Pullman,WA,1,717,,,,-8.0,"36,35","40,39",-230,180,-4.0,-115,-105,150.0,106,-129
ncaab:401085304,ncaab,2018-12-29T19:00Z,final,2561,13,Siena,Cal Poly,75,54,-295,245,,0,,,-6.5,-115,-105,,,,,2,,0,Albany,NY,1,45,,,,-5.0,"36,39","25,29",-208,175,-3.5,-110,-110,132.0,-110,-110
ncaab:401085683,ncaab,2018-12-29T19:00Z,final,2603,2681,Saint Joseph's,Wagner,59,57,,,,0,,,,,,,,,,2,,0,Philadelphia,PA,1,12,,,,-5.0,"25,34","28,29",,,,,,,,
ncaab:401085982,ncaab,2018-12-29T19:00Z,final,42,2368,Hartford,Marist,65,56,,,,0,,,,,,,,,,2,,0,West Hartford,CT,1,40,,,,-5.0,"29,36","28,28",,,,,,,,
ncaab:401086242,ncaab,2018-12-29T19:00Z,final,2050,2169,Ball State,Delaware St,116,57,,,,0,,,,,,,,,,2,,0,Muncie,IN,1,284,,,,-5.0,"61,55","17,40",,,,,,,,
ncaab:401086318,ncaab,2018-12-29T19:00Z,final,45,44,G Washington,American,71,67,,,,0,,,,,,,,,,2,,0,Washington,DC,1,7,,,,-5.0,"29,28,14","33,24,10",,,,,,,,
ncaab:401086632,ncaab,2018-12-29T19:00Z,final,2529,2349,Sacred Heart,UMass Lowell,91,100,,,,0,,,,,,,,,,2,,0,Fairfield,CT,1,4,,,,-8.0,"42,40,9","41,41,18",,,,,,,,
ncaab:401087172,ncaab,2018-12-29T19:00Z,final,254,2440,Utah,Nevada,71,86,275,-335,,0,,,7.0,-110,-110,,,,,2,,0,Salt Lake City,UT,1,1299,,,,-7.0,"37,34","38,48",205,-245,4.0,-110,-110,145.0,-110,-110
ncaab:401087422,ncaab,2018-12-29T19:00Z,final,2649,219,Toledo,Penn,77,45,-185,160,,0,,,-4.0,-110,-110,,,,,2,,0,Toledo,OH,1,186,,,,-5.0,"34,43","27,18",-159,135,-2.0,-110,-110,156.0,-110,-110
ncaab:401088270,ncaab,2018-12-29T19:00Z,final,2427,2220,UNC Asheville,Fay'ville St,63,80,,,,0,,,,,,,,,,2,,0,Asheville,NC,1,649,,,,-5.0,"29,34","40,40",,,,,,,,
ncaab:401089637,ncaab,2018-12-29T19:00Z,final,2277,2937,Hou Christian,Dallas Chrstn,143,92,,,,0,,,,,,,,,,2,,0,Houston,TX,1,12,,,,-6.0,"66,77","49,43",,,,,,,,
ncaab:401089694,ncaab,2018-12-29T19:00Z,final,2000,241,Abilene Chrstn,McMurry,88,40,,,,0,,,,,,,,,,2,,0,Abilene,TX,1,524,,,,-6.0,"38,50","20,20",,,,,,,,
ncaab:401089716,ncaab,2018-12-29T19:00Z,final,2674,111995,Valparaiso,Purdue NW,97,61,,,,0,,,,,,,,,,2,,0,Valparaiso,IN,1,242,,,,-6.0,"48,49","29,32",,,,,,,,
ncaab:401090013,ncaab,2018-12-29T19:00Z,final,2447,111921,Nicholls,Campbellsv HB,88,63,,,,0,,,,,,,,,,2,,0,Thibodaux,LA,1,4,,,,-6.0,"43,45","26,37",,,,,,,,
ncaab:401090246,ncaab,2018-12-29T19:00Z,final,5,2028,UAB,UA Monticello,75,67,,,,0,,,,,,,,,,2,,0,Birmingham,AL,1,187,,,,-6.0,"32,43","30,37",,,,,,,,
ncaab:401082343,ncaab,2018-12-29T20:00Z,final,356,2226,Illinois,FAU,71,73,,,,0,,,,,,,,,,2,,0,Champaign,IL,1,225,,,,-6.0,"26,37,8","21,42,10",,,,,,,,
ncaab:401082601,ncaab,2018-12-29T20:00Z,final,164,311,Rutgers,Maine,70,55,,,,0,,,,,,,,,,2,,0,Piscataway,NJ,1,30,,,,-5.0,"30,40","27,28",,,,,,,,
ncaab:401086001,ncaab,2018-12-29T20:00Z,final,315,2450,Niagara,Norfolk St,83,75,,,,0,,,,,,,,,,2,,0,Niagara Falls,NY,1,187,,,,-5.0,"43,40","35,40",,,,,,,,
ncaab:401088802,ncaab,2018-12-29T20:00Z,final,2535,2678,Samford,VMI,96,68,-1000,700,,0,,,-13.0,-110,-110,,,,,2,,0,Homewood,AL,1,203,,,,-6.0,"42,54","30,38",-526,415,-7.5,-115,-105,152.0,103,-123
ncaab:401089250,ncaab,2018-12-29T20:00Z,final,2181,2816,Drake,McKendree,98,70,,,,0,,,,,,,,,,2,,0,Des Moines,IA,1,266,,,,-6.0,"51,47","27,43",,,,,,,,
ncaab:401089513,ncaab,2018-12-29T20:00Z,final,2320,3134,Lamar,Champ Chrstn,122,58,,,,0,,,,,,,,,,2,,0,Beaumont,TX,1,5,,,,-6.0,"60,62","31,27",,,,,,,,
ncaab:401090321,ncaab,2018-12-29T20:00Z,final,242,249,Rice,North Texas,87,103,465,-630,,0,,,10.0,-105,-115,,,,,2,,0,Houston,TX,1,12,,,,-6.0,"43,44","48,55",265,-333,6.0,-115,-105,144.0,-110,-110
ncaab:401084859,ncaab,2018-12-29T20:30Z,final,245,2640,Texas A&M,Texas Southern,73,88,,,,0,,,,,,,,,,2,,0,College Station,TX,1,103,,,,-6.0,"33,40","46,42",,,,,,,,
ncaab:401085602,ncaab,2018-12-29T20:30Z,final,2168,290,Dayton,GA Southern,94,90,,,,0,,,,,,,,,,2,,0,Dayton,OH,1,225,,,,-5.0,"47,47","34,56",,,,,,,,
ncaab:401082811,ncaab,2018-12-29T21:00Z,final,221,2142,Pitt,Colgate,68,54,,,,0,,,,,,,,,,2,,0,Pittsburgh,PA,1,233,,,,-5.0,"42,26","23,31",,,,,,,,
ncaab:401082872,ncaab,2018-12-29T21:00Z,final,2390,2097,Miami,Campbell,73,62,,,,0,,,,,,,,,,2,,0,Coral Gables,FL,1,3,,,,-5.0,"37,36","26,36",,,,,,,,
ncaab:401083160,ncaab,2018-12-29T21:00Z,final,57,2086,Florida,Butler,77,43,-217,181,,0,,,-4.5,-125,104,,,,,2,,0,Gainesville,FL,1,54,,,,-5.0,"43,34","18,25",-169,145,-2.5,-105,-115,124.5,-110,-110
ncaab:401084746,ncaab,2018-12-29T21:00Z,final,248,2885,Houston,NJIT,80,59,,,,0,,,,,,,,,,2,,0,Houston,TX,1,12,,,,-6.0,"27,53","23,36",,,,,,,,
ncaab:401085662,ncaab,2018-12-29T21:00Z,final,6,257,South Alabama,Richmond,82,91,105,-125,,0,,,1.0,-105,-115,,,,,2,,0,Mobile,AL,1,3,,,,-6.0,"34,48","43,48",-105,-115,0.0,-105,-115,137.0,-110,-110
ncaab:401086874,ncaab,2018-12-29T21:00Z,final,2464,149,N Arizona,Montana,73,86,562,-800,,0,,,11.5,-103,-117,,,,,2,,0,Flagstaff,AZ,1,2104,,,,-7.0,"41,32","40,46",308,-407,6.5,-110,-110,144.5,-110,-110
ncaab:401086875,ncaab,2018-12-29T21:00Z,final,253,147,Southern Utah,Montana St,62,92,-245,205,,0,,,-5.5,-110,-110,,,,,2,,0,Cedar City,UT,1,1782,,,,-7.0,"30,32","46,46",-210,175,-3.5,-105,-115,152.5,-110,-110
ncaab:401087040,ncaab,2018-12-29T21:00Z,final,9,163,Arizona St,Princeton,66,67,-1400,925,,0,,,-14.5,-110,-110,,,,,2,,0,Tempe,AZ,1,360,,,,-7.0,"30,36","37,30",-714,525,-9.0,-105,-115,152.5,-112,-108
ncaab:401087499,ncaab,2018-12-29T21:00Z,final,2523,108854,Robert Morris,Hood,108,51,,,,0,,,,,,,,,,2,,0,Moon Township,PA,1,358,,,,-5.0,"50,58","26,25",,,,,,,,
ncaab:401088271,ncaab,2018-12-29T21:00Z,final,2908,229,SC Upstate,Coker,89,69,,,,0,,,,,,,,,,2,,0,Spartanburg,SC,1,246,,,,-5.0,"49,40","35,34",,,,,,,,
ncaab:401088871,ncaab,2018-12-29T21:00Z,final,2193,231,ETSU,Furman,79,56,,,,0,,,,,,,,,,2,,0,Johnson City,TN,1,498,,,,-5.0,"34,45","24,32",,,,,,,,
ncaab:401090316,ncaab,2018-12-29T21:00Z,final,2636,199,UTSA,SE Oklahoma St,70,67,,,,0,,,,,,,,,,2,,0,San Antonio,TX,1,198,,,,-6.0,"34,36","35,32",,,,,,,,
ncaab:401082588,ncaab,2018-12-29T21:30Z,final,2509,2057,Purdue,Belmont,73,62,-850,588,,0,,,-12.0,-110,-110,,,,,2,,0,West Lafayette,IN,1,186,,,,-5.0,"40,33","24,38",-435,340,-7.0,-110,-110,157.0,-110,-110
ncaab:401083172,ncaab,2018-12-29T22:00Z,final,2,2454,Auburn,North Florida,95,49,,,,0,,,,,,,,,,2,,0,Auburn,AL,1,215,,,,-6.0,"45,50","23,26",,,,,,,,
ncaab:401087906,ncaab,2018-12-29T22:00Z,final,326,2758,Texas St,Howard Payne,105,29,,,,0,,,,,,,,,,2,,0,San Marcos,TX,1,188,,,,-6.0,"47,58","14,15",,,,,,,,
ncaab:401088008,ncaab,2018-12-29T22:00Z,final,2545,309,SE Louisiana,Louisiana,72,73,,,,0,,,,,,,,,,2,,0,Hammond,LA,1,13,,,,-6.0,"36,36","41,32",,,,,,,,
ncaab:401088171,ncaab,2018-12-29T22:00Z,final,2348,2572,Louisiana Tech,Southern Miss,71,56,-240,200,,0,,,-5.5,-107,-113,,,,,2,,0,Ruston,LA,1,102,,,,-6.0,"33,38","27,29",-175,155,-2.5,-110,-110,137.0,-110,-110
ncaab:401088775,ncaab,2018-12-29T22:00Z,final,2430,236,UNC Greensboro,Chattanooga,85,72,-1500,876,,0,,,-15.0,-109,-111,,,,,2,,0,Greensboro,NC,1,266,,,,-5.0,"37,48","32,40",-574,410,-8.5,-110,-110,139.5,-110,-110
ncaab:401086872,ncaab,2018-12-29T22:05Z,final,331,2692,E Washington,Weber St,72,84,,,,0,,,,,,,,,,2,,0,Cheney,WA,1,717,,,,-8.0,"33,39","37,47",,,,,,,,
ncaab:401082610,ncaab,2018-12-29T22:30Z,final,98,275,Western KY,Wisconsin,83,76,235,-275,,0,,,6.5,-110,-110,,,,,2,,0,Bowling Green,KY,1,161,,,,-6.0,"30,53","34,42",175,-213,3.5,-110,-110,135.0,-105,-115
ncaab:401090128,ncaab,2018-12-29T22:40Z,final,55,2890,Jax State,Reinhardt,109,77,,,,0,,,,,,,,,,2,,0,Jacksonville,AL,1,216,,,,-6.0,"48,61","41,36",,,,,,,,
ncaab:401082430,ncaab,2018-12-29T23:00Z,final,120,2515,Maryland,Radford,78,64,,,,0,,,,,,,,,,2,,0,College Park,MD,1,21,,,,-5.0,"34,44","32,32",,,,,,,,
ncaab:401083383,ncaab,2018-12-29T23:00Z,final,239,2443,Baylor,LSU N Orleans,84,44,,,,0,,,,,,,,,,2,,0,Waco,TX,1,143,,,,-6.0,"37,47","21,23",,,,,,,,
ncaab:401087154,ncaab,2018-12-29T23:00Z,final,26,2335,UCLA,Liberty,58,73,,,,0,,,,,,,,,,2,,0,Los Angeles,CA,1,89,,,,-8.0,"26,32","34,39",,,,,,,,
ncaab:401089992,ncaab,2018-12-29T23:00Z,final,2751,3101,Wyoming,Utah Tech,65,63,,,,0,,,,,,,,,,2,,0,Laramie,WY,1,2184,,,,-7.0,"30,35","30,33",,,,,,,,
ncaab:401090112,ncaab,2018-12-29T23:00Z,final,2198,2855,E Kentucky,Brescia,145,72,,,,0,,,,,,,,,,2,,0,Richmond,KY,1,289,,,,-5.0,"58,87","44,28",,,,,,,,
ncaab:401083892,ncaab,2018-12-30T00:00Z,final,350,232,UNC Wilmington,Charleston,66,73,280,-340,,0,,,7.5,-110,-110,,,,,2,,0,Wilmington,NC,1,9,,,,-5.0,"29,37","37,36",180,-222,4.0,-110,-110,151.0,-110,-110
ncaab:401085909,ncaab,2018-12-30T00:00Z,final,2099,2084,Canisius,Buffalo,72,87,900,-1250,,0,,,14.5,-110,-110,,,,,2,,0,Buffalo,NY,1,183,,,,-5.0,"35,37","41,46",422,-596,8.0,-105,-115,156.0,-110,-110
ncaab:401086152,ncaab,2018-12-30T00:00Z,final,278,3084,Fresno St,Utah Valley,60,64,,,,0,,,,,,,,,,2,,0,Fresno,CA,1,94,,,,-8.0,"32,28","33,31",,,,,,,,
ncaab:401107913,ncaab,2018-12-30T00:00Z,final,2296,2396,Jackson St,Miles,61,57,,,,0,,,,,,,,,,2,,0,Jackson,MS,1,85,,,,-6.0,"32,29","22,35",,,,,,,,
ncaab:401087106,ncaab,2018-12-30T00:30Z,final,68,2483,Boise St,Oregon,50,62,-105,-115,,0,,,0.0,-108,-108,,,,,2,,0,Boise,ID,1,823,,,,-7.0,"24,26","21,41",100,-120,0.5,-109,-111,127.5,-110,-110
ncaab:401082402,ncaab,2018-12-30T01:00Z,final,2294,2803,Iowa,Bryant,72,67,,,,0,,,,,,,,,,2,,0,Iowa City,IA,1,204,,,,-6.0,"43,29","34,33",,,,,,,,
ncaab:401083433,ncaab,2018-12-30T01:00Z,final,2306,2244,Kansas St,George Mason,59,58,-1205,769,,0,,,-13.5,-110,-110,,,,,2,,0,Manhattan,KS,1,311,,,,-6.0,"36,23","16,42",-581,414,-8.0,-110,-110,127.5,-110,-110
ncaab:401083737,ncaab,2018-12-30T01:00Z,final,2608,23,Saint Mary's,San José St,75,45,-6000,2750,,0,,,-23.0,-110,-110,,,,,2,,0,Moraga,CA,1,152,,,,-8.0,"44,31","17,28",,,-13.0,-110,-110,144.0,-110,-110
ncaab:401086153,ncaab,2018-12-30T01:00Z,final,25,2547,California,Seattle U,73,82,,,,0,,,,,,,,,,2,,0,Berkeley,CA,1,52,,,,-8.0,"31,42","40,42",,,,,,,,
ncaab:401087125,ncaab,2018-12-30T01:00Z,final,204,2115,Oregon St,C Connecticut,80,59,,,,0,,,,,,,,,,2,,0,Corvallis,OR,1,71,,,,-8.0,"50,30","21,38",,,,,,,,
ncaab:401087295,ncaab,2018-12-30T01:00Z,final,2460,2619,Northern Iowa,Stony Brook,63,73,,,,0,,,,,,,,,,2,,0,Cedar Falls,IA,1,268,,,,-6.0,"34,29","36,37",,,,,,,,
ncaab:401087881,ncaab,2018-12-30T01:00Z,final,21,225,San Diego St,Brown,61,82,-650,475,,0,,,-11.0,-105,-115,,,,,2,,0,San Diego,CA,1,20,,,,-8.0,"22,39","50,32",-340,240,-5.5,-115,-105,146.5,-102,-119
ncaab:401088158,ncaab,2018-12-30T01:00Z,final,2032,2264,Arkansas St,Harding,87,62,,,,0,,,,,,,,,,2,,0,Jonesboro,AR,1,99,,,,-6.0,"44,43","32,30",,,,,,,,
ncaab:401089876,ncaab,2018-12-30T01:00Z,final,270,2739,Milwaukee,Green Bay,82,92,110,-129,,0,,,2.0,-110,-110,,,,,2,,0,Milwaukee,WI,1,188,,,,-6.0,"42,40","39,53",110,-130,1.0,-110,-110,158.0,-110,-110
ncaab:401090152,ncaab,2018-12-30T01:00Z,final,93,2064,Murray St,Bethel (TN),110,82,,,,0,,,,,,,,,,2,,0,Murray,KY,1,163,,,,-6.0,"64,46","34,48",,,,,,,,
ncaab:401083331,ncaab,2018-12-30T01:30Z,final,2550,2599,Seton Hall,St John's,76,74,,,,0,,,,,,,,,,2,,0,Newark,NJ,1,9,,,,-5.0,"36,40","45,29",,,,,,,,
ncaab:401083715,ncaab,2018-12-30T02:00Z,final,2239,2501,Fullerton,Portland,79,64,-420,335,,0,,,-8.5,-110,-110,,,,,2,,0,Fullerton,CA,1,50,,,,-8.0,"46,33","36,28",-262,209,-4.5,-115,-105,144.0,-110,-110
ncaab:401083665,ncaab,2018-12-30T03:00Z,final,279,300,Pacific,UC Irvine,84,75,151,-175,,0,,,3.5,-107,-109,,,,,2,,0,Stockton,CA,1,4,,,,-8.0,"34,29,21","28,35,12",130,-150,2.0,-115,-105,132.0,-110,-110
ncaab:401083758,ncaab,2018-12-30T03:00Z,final,2540,2539,Santa Barbara,San Francisco,73,71,158,-180,,0,,,4.0,-110,-110,,,,,2,,0,Santa Barbara,CA,1,15,,,,-8.0,"38,35","39,32",135,-155,2.0,-101,-119,137.5,-110,-110
ncaab:401085330,ncaab,2018-12-30T03:00Z,final,2463,2415,CSU Northridge,Morgan St,94,86,,,,0,,,,,,,,,,2,,0,Northridge,CA,1,246,,,,-8.0,"46,48","37,49",,,,,,,,
ncaab:401086154,ncaab,2018-12-30T03:00Z,final,301,2253,San Diego,Grand Canyon,61,58,,,,0,,,,,,,,,,2,,0,San Diego,CA,1,20,,,,-8.0,"28,33","24,34",,,,,,,,
ncaab:401086155,ncaab,2018-12-30T03:00Z,final,2856,2318,CA Baptist,La Verne,97,46,,,,0,,,,,,,,,,2,,0,Riverside,CA,1,252,,,,-8.0,"53,44","25,21",,,,,,,,
ncaab:401086873,ncaab,2018-12-30T03:00Z,final,70,304,Idaho,Idaho St,55,72,-120,100,,0,,,-1.0,-110,-106,,,,,2,,0,Moscow,ID,1,786,,,,-8.0,"28,27","42,30",-115,-105,-0.5,-110,-110,151.0,-110,-110
ncaab:401086876,ncaab,2018-12-30T03:05Z,final,16,2458,Sacramento St,N Colorado,65,70,115,-135,,0,,,2.0,-110,-110,,,,,2,,0,Sacramento,CA,1,9,,,,-8.0,"37,28","27,43",100,-120,1.0,-115,-105,148.0,-110,-110
ncaab:401087138,ncaab,2018-12-30T03:30Z,final,24,299,Stanford,Long Beach St,93,86,-680,490,,0,,,-11.0,-107,-109,,,,,2,,0,Stanford,CA,1,23,,,,-8.0,"37,56","36,50",-417,325,-6.5,-110,-110,145.0,-110,-110
ncaab:401087255,ncaab,2018-12-30T04:59Z,final,62,2010,Hawai'i,Alabama A&M,71,63,,,,0,,,,,,,,,,2,,0,Honolulu,HI,1,5,,,,-10.0,"34,37","34,29",,,,,,,,
ncaab:401082457,ncaab,2018-12-30T17:00Z,final,130,2066,Michigan,Binghamton,74,52,,,,0,,,,,,,,,,2,,0,Ann Arbor,MI,1,269,,,,-5.0,"34,40","29,23",,,,,,,,
ncaab:401086645,ncaab,2018-12-30T17:00Z,final,159,160,Dartmouth,New Hampshire,76,68,,,,0,,,,,,,,,,2,,0,Hanover,NH,1,162,,,,-5.0,"35,41","33,35",,,,,,,,
ncaab:401085932,ncaab,2018-12-30T18:00Z,final,314,107,Iona,Holy Cross,71,78,,,,0,,,,,,,,,,2,,0,New Rochelle,NY,1,26,,,,-5.0,"33,38","40,38",,,,,,,,
ncaab:401088024,ncaab,2018-12-30T18:00Z,final,172,2426,Cornell,Navy,61,50,,,,0,,,,,,,,,,2,,0,Ithaca,NY,1,125,,,,-5.0,"21,40","24,26",,,,,,,,
ncaab:401088515,ncaab,2018-12-30T18:00Z,final,2117,2288,C Michigan,IU South Bend,123,76,,,,0,,,,,,,,,,2,,0,Mount Pleasant,MI,1,235,,,,-5.0,"52,71","35,41",,,,,,,,
ncaab:401089251,ncaab,2018-12-30T18:00Z,final,193,339,Miami OH,Evansville,70,67,-303,245,,0,,,-7.0,-106,-110,,,,,2,,0,Oxford,OH,1,283,,,,-5.0,"31,39","35,32",-210,165,-3.5,-110,-110,144.0,-110,-110
ncaab:401083461,ncaab,2018-12-30T19:00Z,final,277,2329,West Virginia,Lehigh,78,68,,,,0,,,,,,,,,,2,,0,Morgantown,WV,1,271,,,,-5.0,"38,40","34,34",,,,,,,,
ncaab:401084002,ncaab,2018-12-30T19:00Z,final,2006,2102,Akron,Carn Mellon,82,55,,,,0,,,,,,,,,,2,,0,Akron,OH,1,291,,,,-5.0,"43,39","27,28",,,,,,,,
ncaab:401085740,ncaab,2018-12-30T19:00Z,final,2670,2520,VCU,Rider,90,79,-735,560,,0,,,-11.5,105,-125,,,,,2,,0,Richmond,VA,1,64,,,,-5.0,"49,41","33,46",-400,325,-6.5,-105,-115,143.5,-110,-110
ncaab:401086688,ncaab,2018-12-30T19:00Z,final,294,2506,Jacksonville,Presbyterian,67,72,,,,0,,,,,,,,,,2,,0,Jacksonville,FL,1,5,,,,-5.0,"33,34","38,34",,,,,,,,
ncaab:401087359,ncaab,2018-12-30T19:00Z,final,195,2229,Ohio,FIU,68,66,,,,0,,,,,,,,,,2,,0,Athens,OH,1,219,,,,-5.0,"38,30","31,35",,,,,,,,
ncaab:401089945,ncaab,2018-12-30T19:00Z,final,2754,2473,Youngstown St,Oakland,74,76,200,-240,,0,,,5.5,-103,-117,,,,,2,,0,Youngstown,OH,1,259,,,,-5.0,"29,45","35,41",158,-180,3.0,-115,-105,156.0,-110,-110
ncaab:401090385,ncaab,2018-12-30T19:00Z,final,2428,2726,NC Central,Wilberforce,91,44,,,,0,,,,,,,,,,2,,0,Durham,NC,1,123,,,,-5.0,"42,49","18,26",,,,,,,,
ncaab:401088402,ncaab,2018-12-30T19:30Z,final,189,2630,Bowling Green,UT Martin,94,80,,,,0,,,,,,,,,,2,,0,Bowling Green,OH,1,212,,,,-5.0,"49,45","33,47",,,,,,,,
ncaab:401082651,ncaab,2018-12-30T20:00Z,final,228,288,Clemson,Lipscomb,84,67,,,,0,,,,,,,,,,2,,0,Clemson,SC,1,221,,,,-5.0,"46,38","27,40",,,,,,,,
ncaab:401085706,ncaab,2018-12-30T20:00Z,final,139,2026,Saint Louis,App State,83,55,,,,0,,,,,,,,,,2,,0,St. Louis,MO,1,142,,,,-6.0,"34,49","28,27",,,,,,,,
ncaab:401086775,ncaab,2018-12-30T20:00Z,final,2197,2453,E Illinois,North Alabama,81,70,,,,0,,,,,,,,,,2,,0,Charleston,IL,1,204,,,,-6.0,"38,43","35,35",,,,,,,,
ncaab:401089897,ncaab,2018-12-30T20:00Z,final,2750,85,Wright St,IU Indy,72,64,-400,320,,0,,,-8.5,-110,-110,,,,,2,,0,Dayton,OH,1,225,,,,-5.0,"35,37","32,32",-260,200,-4.5,-110,-110,143.5,-112,-108
ncaab:401082502,ncaab,2018-12-30T21:00Z,final,135,116,Minnesota,Mount St Marys,71,53,,,,0,,,,,,,,,,2,,0,Minneapolis,MN,1,253,,,,-6.0,"31,40","23,30",,,,,,,,
ncaab:401083866,ncaab,2018-12-30T21:00Z,final,2275,2182,Hofstra,Drexel,89,75,-1070,770,,0,,,-13.0,-110,-110,,,,,2,,0,Hempstead,NY,1,17,,,,-5.0,"47,42","27,48",-525,400,-7.5,-110,-110,158.5,-110,-110
ncaab:401083972,ncaab,2018-12-30T21:00Z,final,2210,256,Elon,James Madison,68,65,-105,-115,,0,,,1.0,-110,-110,,,,,2,,0,Elon,NC,1,215,,,,-5.0,"37,31","28,37",-115,-105,0.0,-110,-110,141.5,-110,-110
ncaab:401085880,ncaab,2018-12-30T21:00Z,final,2729,119,William & Mary,Towson,71,61,-320,260,,0,,,-7.0,-110,-110,,,,,2,,0,Williamsburg,VA,1,25,,,,-5.0,"34,37","24,37",-222,180,-4.0,-105,-115,141.5,-110,-110
ncaab:401086156,ncaab,2018-12-30T21:00Z,final,36,166,Colorado St,New Mexico St,68,88,,,,0,,,,,,,,,,2,,0,Fort Collins,CO,1,1525,,,,-7.0,"26,42","39,49",,,,,,,,
ncaab:401087443,ncaab,2018-12-30T21:00Z,final,2711,27,W Michigan,UC Riverside,73,64,,,,0,,,,,,,,,,2,,0,Kalamazoo,MI,1,239,,,,-5.0,"34,39","28,36",,,,,,,,
ncaab:401090039,ncaab,2018-12-30T21:00Z,final,3154,167,Southwest,New Mexico,47,103,,,,0,,,,,,,,,,2,,0,Hobbs,NM,1,1104,,,,-7.0,"19,28","50,53",,,,,,,,
ncaab:401082538,ncaab,2018-12-30T22:00Z,final,77,171,Northwestern,Columbia,75,54,-1345,945,,0,,,-14.0,-110,-110,,,,,2,,0,Evanston,IL,1,187,,,,-6.0,"37,38","29,25",-575,438,-8.0,-110,-110,139.5,-108,-112
ncaab:401083920,ncaab,2018-12-30T22:00Z,final,111,48,Northeastern,Delaware,80,82,-845,645,,0,,,-12.0,-112,-107,,,,,2,,0,Boston,MA,1,14,,,,-5.0,"34,30,7,9","29,35,7,11",-450,325,-7.0,-110,-110,145.5,-103,-118
ncaab:401086344,ncaab,2018-12-30T22:00Z,final,227,2393,Rhode Island,MTSU,72,60,,,,0,,,,,,,,,,2,,0,Kingston,RI,1,75,,,,-5.0,"29,43","27,33",,,,,,,,
ncaab:401089043,ncaab,2018-12-30T22:00Z,final,2449,2870,N Dakota St,Purdue FW,87,90,,,,0,,,,,,,,,,2,,0,Fargo,ND,1,276,,,,-6.0,"46,37,4","34,49,7",,,,,,,,
ncaab:401089388,ncaab,2018-12-30T22:00Z,final,2466,3134,N'Western St,Champ Chrstn,86,65,,,,0,,,,,,,,,,2,,0,Natchitoches,LA,1,36,,,,-6.0,"39,47","27,38",,,,,,,,
ncaab:401089644,ncaab,2018-12-30T22:00Z,final,2110,2358,C Arkansas,Lyon,62,47,,,,0,,,,,,,,,,2,,0,Conway,AR,1,95,,,,-6.0,"31,31","23,24",,,,,,,,
ncaab:401107873,ncaab,2018-12-30T22:00Z,final,2377,111921,McNeese,Campbellsv HB,91,73,,,,0,,,,,,,,,,2,,0,Lake Charles,LA,1,4,,,,-6.0,"50,41","38,35",,,,,,,,
ncaab:401088272,ncaab,2018-12-30T22:30Z,final,2127,108942,Charleston So,Carolina U,111,65,,,,0,,,,,,,,,,2,,0,Charleston,SC,1,6,,,,-5.0,"58,53","27,38",,,,,,,,
ncaab:401089019,ncaab,2018-12-30T22:30Z,final,2710,2172,W Illinois,Denver,78,60,,,,0,,,,,,,,,,2,,0,Macomb,IL,1,215,,,,-6.0,"36,42","31,29",,,,,,,,
ncaab:401089367,ncaab,2018-12-30T22:30Z,final,2437,198,Omaha,Oral Roberts,84,87,-420,335,,0,,,-8.5,-110,-110,,,,,2,,0,Omaha,NE,1,323,,,,-6.0,"38,46","49,38",-275,225,-5.0,101,-122,151.0,-110,-110
ncaab:401082956,ncaab,2018-12-30T23:00Z,final,2617,333,SF Austin,Alabama,69,79,,,,0,,,,,,,,,,2,,0,Nacogdoches,TX,1,92,,,,-6.0,"34,35","41,38",,,,,,,,
ncaab:401083147,ncaab,2018-12-30T23:00Z,final,61,113,Georgia,UMass,91,72,,,,0,,,,,,,,,,2,,0,Athens,GA,1,228,,,,-5.0,"43,48","32,40",,,,,,,,
ncaab:401089252,ncaab,2018-12-30T23:00Z,final,2623,2931,Missouri St,William Woods,110,56,,,,0,,,,,,,,,,2,,0,Springfield,MO,1,396,,,,-6.0,"59,51","25,31",,,,,,,,
ncaab:401089911,ncaab,2018-12-30T23:00Z,final,94,82,N Kentucky,UIC,73,58,-442,348,,0,,,-8.5,-110,-110,,,,,2,,0,Highland Heights,KY,1,260,,,,-5.0,"44,29","28,30",-265,205,-5.0,-110,-110,149.0,-110,-110
ncaab:401090233,ncaab,2018-12-30T23:00Z,final,2565,6760,SIUE,Missouri S&T,79,66,,,,0,,,,,,,,,,2,,0,Edwardsville,IL,1,165,,,,-6.0,"41,38","27,39",,,,,,,,
ncaab:401086289,ncaab,2018-12-31T00:00Z,final,2230,112358,Fordham,Long Island,57,60,,,,0,,,,,,,,,,2,,0,Bronx,NY,1,28,,,,-5.0,"36,21","26,34",,,,,,,,
ncaab:401088473,ncaab,2018-12-31T00:00Z,final,325,2174,Cleveland St,Detroit Mercy,61,73,-161,137,,0,,,-3.0,-110,-110,,,,,2,,0,Cleveland,OH,1,199,,,,-5.0,"28,33","34,39",-140,120,-1.5,-115,-105,145.5,-110,-110
ncaab:401087164,ncaab,2018-12-31T02:00Z,final,30,302,USC,UC Davis,73,55,-1100,711,,0,,,-13.0,-110,-110,,,,,2,,0,Los Angeles,CA,1,89,,,,-8.0,"32,41","30,25",-525,400,-7.5,-105,-115,143.5,-110,-110
ncaab:401082623,ncaab,2018-12-31T18:00Z,final,103,42,Boston College,Hartford,78,79,,,,0,,,,,,,,,,2,,0,Chestnut Hill,MA,1,60,,,,-5.0,"30,39,9","33,36,10",,,,,,,,
ncaab:401082770,ncaab,2018-12-31T18:00Z,final,258,276,Virginia,Marshall,100,64,-3750,1875,,0,,,-19.5,-110,-110,,,,,2,,0,Charlottesville,VA,1,142,,,,-5.0,"50,50","25,39",,,-11.5,-110,-110,136.0,-110,-110
ncaab:401086018,ncaab,2018-12-31T18:00Z,final,219,2405,Penn,Monmouth,74,76,-1165,815,,0,,,-13.5,-103,-113,,,,,2,,0,Philadelphia,PA,1,12,,,,-5.0,"32,35,7","30,37,9",-588,450,-8.0,-110,-110,136.5,-110,-110
ncaab:401087306,ncaab,2018-12-31T18:00Z,final,2378,2114,UMBC,Centenary (NJ),98,48,,,,0,,,,,,,,,,2,,0,Baltimore,MD,1,10,,,,-5.0,"50,48","23,25",,,,,,,,
ncaab:401090256,ncaab,2018-12-31T18:00Z,final,2379,469,MD Eastern,Chestnut Hill,68,62,,,,0,,,,,,,,,,2,,0,Princess Anne,MD,1,5,,,,-5.0,"38,30","32,30",,,,,,,,
ncaab:401082928,ncaab,2018-12-31T19:00Z,final,238,2427,Vanderbilt,UNC Asheville,90,59,,,,0,,,,,,,,,,2,,0,Nashville,TN,1,170,,,,-6.0,"40,50","34,25",,,,,,,,
ncaab:401083028,ncaab,2018-12-31T19:00Z,final,2579,2822,South Carolina,N Greenville,97,46,,,,0,,,,,,,,,,2,,0,Columbia,SC,1,89,,,,-5.0,"48,49","25,21",,,,,,,,
ncaab:401085629,ncaab,2018-12-31T19:00Z,final,2184,2885,Duquesne,NJIT,67,78,,,,0,,,,,,,,,,2,,0,Pittsburgh,PA,1,233,,,,-5.0,"31,36","39,39",,,,,,,,
ncaab:401086881,ncaab,2018-12-31T19:00Z,final,2464,147,N Arizona,Montana St,74,68,105,-125,,0,,,1.5,-115,-105,,,,,2,,0,Flagstaff,AZ,1,2104,,,,-7.0,"32,42","35,33",-110,-120,0.0,-105,-115,158.5,-110,-110
ncaab:401089484,ncaab,2018-12-31T19:00Z,final,2309,391,Kent State,Oberlin,71,48,,,,0,,,,,,,,,,2,,0,Kent,OH,1,325,,,,-5.0,"25,46","20,28",,,,,,,,
ncaab:401089210,ncaab,2018-12-31T20:00Z,final,2534,2639,Sam Houston,Texas Lutheran,84,54,,,,0,,,,,,,,,,2,,0,Huntsville,TX,1,113,,,,-6.0,"30,54","29,25",,,,,,,,
ncaab:401086002,ncaab,2018-12-31T20:30Z,final,315,399,Niagara,UAlbany,74,79,,,,0,,,,,,,,,,2,,0,Niagara Falls,NY,1,187,,,,-5.0,"31,43","42,37",,,,,,,,
ncaab:401083228,ncaab,2018-12-31T21:00Z,final,2507,156,Providence,Creighton,68,79,-141,120,,0,,,-2.5,-110,-110,,,,,2,,0,Providence,RI,1,2,,,,-5.0,"31,37","34,45",-130,107,-1.0,-110,-110,153.0,-110,-110
ncaab:401086877,ncaab,2018-12-31T21:05Z,final,331,304,E Washington,Idaho St,65,55,,,,0,,,,,,,,,,2,,0,Cheney,WA,1,717,,,,-8.0,"29,36","33,22",,,,,,,,
ncaab:401086879,ncaab,2018-12-31T22:00Z,final,70,2692,Idaho,Weber St,87,93,281,-350,,0,,,7.5,-105,-115,,,,,2,,0,Moscow,ID,1,786,,,,-8.0,"30,57","52,41",170,-200,3.5,-105,-115,145.0,-110,-110
ncaab:401086878,ncaab,2018-12-31T22:05Z,final,2502,2458,Portland St,N Colorado,60,73,105,-125,,0,,,1.5,-110,-110,,,,,2,,0,Portland,OR,1,12,,,,-8.0,"29,31","29,44",100,-120,1.0,-115,-105,162.5,-109,-111
ncaab:401083689,ncaab,2018-12-31T23:00Z,final,2492,2010,Pepperdine,Alabama A&M,100,64,,,,0,,,,,,,,,,2,,0,Malibu,CA,1,32,,,,-8.0,"50,50","24,40",,,,,,,,
