id,league,start,status,home,away,home_name,away_name,home_score,away_score,ml_home,ml_away,odds_time,neutral,ml_home_open,ml_away_open,spread_home,spread_home_odds,spread_away_odds,inj_home,inj_away,sp_home,sp_away,stype,country,intl,city,state,indoor,elev,wx_temp,wx_wind,wx_rain,tzo,ls_home,ls_away,h1_ml_home,h1_ml_away,h1_spread_home,h1_spread_home_odds,h1_spread_away_odds,total,over_odds,under_odds
ncaab:401082576,ncaab,2019-02-01T00:00Z,final,213,2509,Penn State,Purdue,90,99,289,-360,,0,,,7.5,-110,-110,,,,,2,,0,University Park,PA,1,348,,,,-5.0,"44,41,5","50,35,14",185,-225,4.0,-105,-115,138.5,-110,-110
ncaab:401083900,ncaab,2019-02-01T00:00Z,final,232,256,Charleston,James Madison,70,53,-1000,650,,0,,,-12.5,-110,-110,,,,,2,,0,Charleston,SC,1,6,,,,-5.0,"30,40","28,25",-465,340,-7.0,-110,-110,133.0,-110,-110
ncaab:401083927,ncaab,2019-02-01T00:00Z,final,2210,48,Elon,Delaware,57,56,135,-155,,0,,,3.0,-110,-110,,,,,2,,0,Elon,NC,1,215,,,,-5.0,"31,26","30,26",119,-144,1.5,-110,-110,140.0,-110,-110
ncaab:401083952,ncaab,2019-02-01T00:00Z,final,2729,2182,William & Mary,Drexel,75,69,-275,235,,0,,,-6.0,-115,-105,,,,,2,,0,Williamsburg,VA,1,25,,,,-5.0,"31,44","39,30",-208,175,-3.5,-110,-110,157.0,-115,-105
ncaab:401084037,ncaab,2019-02-01T00:00Z,final,350,119,UNC Wilmington,Towson,76,77,-201,170,,0,,,-4.5,-110,-110,,,,,2,,0,Wilmington,NC,1,9,,,,-5.0,"41,35","46,31",-169,145,-2.5,-105,-115,142.5,-115,-105
ncaab:401084655,ncaab,2019-02-01T00:00Z,final,151,2655,East Carolina,Tulane,66,65,-220,185,,0,,,-5.0,-110,-110,,,,,2,,0,Greenville,NC,1,18,,,,-5.0,"29,37","33,32",-175,155,-2.5,-115,-105,143.0,-110,-110
ncaab:401084786,ncaab,2019-02-01T00:00Z,final,248,218,Houston,Temple,73,66,-560,435,,0,,,-10.0,-110,-110,,,,,2,,0,Houston,TX,1,12,,,,-6.0,"35,38","29,37",-310,230,-5.5,-110,-110,142.5,-105,-115
ncaab:401085940,ncaab,2019-02-01T00:00Z,final,2368,314,Marist,Iona,78,74,115,-135,,0,,,2.0,-110,-110,,,,,2,,0,Poughkeepsie,NY,1,62,,,,-5.0,"47,31","34,40",105,-125,1.0,-110,-110,156.0,-110,-110
ncaab:401085965,ncaab,2019-02-01T00:00Z,final,2363,2217,Manhattan,Fairfield,62,49,125,-145,,0,,,2.5,-110,-110,,,,,2,,0,Riverdale,NY,1,159,,,,-8.0,"36,26","26,23",115,-135,1.5,-115,-105,125.5,-110,-110
ncaab:401086022,ncaab,2019-02-01T00:00Z,final,2405,2561,Monmouth,Siena,66,55,-105,-115,,0,,,0.0,-105,-111,,,,,2,,0,West Long Branch,NJ,1,9,,,,-5.0,"28,38","27,28",-130,110,-1.0,103,-125,123.5,-112,-108
ncaab:401086035,ncaab,2019-02-01T00:00Z,final,2520,2612,Rider,Saint Peter's,59,51,,,,0,,,,,,,,,,2,,0,Lawrenceville,NJ,1,37,,,,-5.0,"22,37","28,23",,,,,,,,
ncaab:401087329,ncaab,2019-02-01T00:00Z,final,2429,242,Charlotte,Rice,61,65,-135,115,,0,,,-2.0,-110,-110,,,,,2,,0,Charlotte,NC,1,229,,,,-5.0,"26,35","37,28",-130,110,-1.0,-110,-110,140.0,-110,-110
ncaab:401087347,ncaab,2019-02-01T00:00Z,final,2226,2348,FAU,Louisiana Tech,69,61,,,,0,,,,,,,,,,2,,0,Boca Raton,FL,1,4,,,,-5.0,"28,41","23,38",,,,,,,,
ncaab:401087365,ncaab,2019-02-01T00:00Z,final,2229,2572,FIU,Southern Miss,73,89,,,,0,,,,,,,,,,2,,0,Miami,FL,1,2,,,,-5.0,"38,35","47,42",,,,,,,,
ncaab:401087486,ncaab,2019-02-01T00:00Z,final,2115,2597,C Connecticut,St Francis BK,78,72,,,,0,,,,,,,,,,2,,0,New Britain,CT,1,51,,,,-5.0,"36,42","27,45",,,,,,,,
ncaab:401087507,ncaab,2019-02-01T00:00Z,final,2523,2598,Robert Morris,Saint Francis,73,76,,,,0,,,,,,,,,,2,,0,Moon Township,PA,1,358,,,,-5.0,"39,34","41,35",,,,,,,,
ncaab:401087528,ncaab,2019-02-01T00:00Z,final,116,2529,Mount St Marys,Sacred Heart,79,87,140,-160,,0,,,3.0,-110,-110,,,,,2,,0,Emmitsburg,MD,1,133,,,,-5.0,"41,38","41,46",,,,,,151.5,-110,-110
ncaab:401087993,ncaab,2019-02-01T00:00Z,final,324,2433,Coastal,UL Monroe,92,81,,,,0,,,,,,,,,,2,,0,Conway,SC,1,10,,,,-5.0,"46,46","35,46",,,,,,,,
ncaab:401088013,ncaab,2019-02-01T00:00Z,final,2026,309,App State,Louisiana,104,77,,,,0,,,,,,,,,,2,,0,Boone,NC,1,981,,,,-5.0,"51,53","31,46",,,,,,,,
ncaab:401088386,ncaab,2019-02-01T00:00Z,final,295,249,Old Dominion,North Texas,72,61,-200,170,,0,,,-4.0,-113,-103,,,,,2,,0,Norfolk,VA,1,2,,,,-5.0,"36,36","28,33",-165,145,-2.5,-104,-116,126.5,-110,-110
ncaab:401088438,ncaab,2019-02-01T00:00Z,final,2681,2803,Wagner,Bryant,64,71,-470,375,,0,,,-8.5,-109,-107,,,,,2,,0,Staten Island,NY,1,21,,,,-5.0,"29,35","31,40",,,,,,133.0,-104,-116
ncaab:401088481,ncaab,2019-02-01T00:00Z,final,2174,325,Detroit Mercy,Cleveland St,78,64,-390,310,,0,,,-8.0,-110,-110,,,,,2,,0,Detroit,MI,1,183,,,,-5.0,"38,40","28,36",-200,170,-3.5,-105,-115,152.0,-110,-110
ncaab:401088827,ncaab,2019-02-01T00:00Z,final,2430,2678,UNC Greensboro,VMI,93,66,-2150,1300,,0,,,-17.0,-110,-110,,,,,2,,0,Greensboro,NC,1,266,,,,-5.0,"43,50","33,33",-833,600,-10.5,-110,-110,147.5,-110,-110
ncaab:401088845,ncaab,2019-02-01T00:00Z,final,2382,2747,Mercer,Wofford,67,76,252,-310,,0,,,7.0,-115,-105,,,,,2,,0,Macon,GA,1,112,,,,-5.0,"37,30","40,36",180,-222,4.0,-110,-110,143.5,-107,-113
ncaab:401088864,ncaab,2019-02-01T00:00Z,final,2643,231,The Citadel,Furman,61,71,260,-310,,0,,,7.0,-106,-111,,,,,2,,0,Charleston,SC,1,6,,,,-5.0,"29,32","34,37",195,-238,4.0,-105,-115,170.0,-110,-110
ncaab:401089539,ncaab,2019-02-01T00:00Z,final,2635,2046,Tennessee Tech,Austin Peay,66,77,384,-495,,0,,,9.5,-110,-110,,,,,2,,0,Cookeville,TN,1,334,,,,-6.0,"24,42","37,40",250,-312,5.5,-110,-110,143.5,-110,-110
ncaab:401089947,ncaab,2019-02-01T00:00Z,final,2473,2754,Oakland,Youngstown St,74,75,-350,281,,0,,,-7.5,-110,-110,,,,,2,,0,Rochester,MI,1,229,,,,-5.0,"36,38","29,46",-230,190,-4.0,-110,-110,156.5,-111,-109
ncaab:401088190,ncaab,2019-02-01T00:30Z,final,276,2638,Marshall,UTEP,91,86,-490,390,,0,,,-9.0,-115,-105,,,,,2,,0,Huntington,WV,1,173,,,,-5.0,"37,54","37,49",-300,220,-5.0,-110,-110,152.0,-115,-105
ncaab:401088809,ncaab,2019-02-01T00:30Z,final,2535,2193,Samford,ETSU,66,74,,,,0,,,,,,,,,,2,,0,Homewood,AL,1,203,,,,-6.0,"30,36","29,45",,,,,,,,
ncaab:401083283,ncaab,2019-02-01T01:00Z,final,46,2752,Georgetown,Xavier,80,73,-170,150,,0,,,-3.5,-115,-105,,,,,2,,0,Washington,DC,1,7,,,,-5.0,"28,52","36,37",-150,130,-2.0,-105,-115,154.5,-110,-110
ncaab:401086189,ncaab,2019-02-01T01:00Z,final,292,2130,UT Rio Grande,Chicago St,77,46,,,,0,,,,,,,,,,2,,0,Edinburg,TX,1,30,,,,-6.0,"36,41","17,29",,,,,,,,
ncaab:401088563,ncaab,2019-02-01T01:00Z,final,98,2636,Western KY,UTSA,96,88,-255,211,,0,,,-6.0,-110,-110,,,,,2,,0,Bowling Green,KY,1,161,,,,-6.0,"41,37,18","39,39,10",-185,151,-3.0,-110,-110,145.5,-109,-111
ncaab:401088783,ncaab,2019-02-01T01:00Z,final,236,2717,Chattanooga,W Carolina,96,105,,,,0,,,,,,,,,,2,,0,Chattanooga,TN,1,206,,,,-5.0,"46,50","46,59",,,,,,,,
ncaab:401089074,ncaab,2019-02-01T01:00Z,void,2710,155,W Illinois,North Dakota,,,,,,0,,,,,,,,,,2,,0,Macomb,IL,1,215,,,,-6.0,,,,,,,,,,
ncaab:401089403,ncaab,2019-02-01T01:00Z,final,198,2571,Oral Roberts,S Dakota St,80,86,,,,0,,,,,,,,,,2,,0,Tulsa,OK,1,220,,,,-6.0,"33,47","44,42",,,,,,,,
ncaab:401090082,ncaab,2019-02-01T01:00Z,final,2057,2546,Belmont,SE Missouri,97,71,,,,0,,,,,,,,,,2,,0,Nashville,TN,1,170,,,,-6.0,"47,50","29,42",,,,,,,,
ncaab:401090146,ncaab,2019-02-01T01:00Z,final,2565,2413,SIUE,Morehead St,83,76,,,,0,,,,,,,,,,2,,0,Edwardsville,IL,1,165,,,,-6.0,"32,51","40,36",,,,,,,,
ncaab:401090133,ncaab,2019-02-01T01:15Z,final,55,93,Jax State,Murray St,88,68,,,,0,,,,,,,,,,2,,0,Jacksonville,AL,1,216,,,,-6.0,"41,47","34,34",,,,,,,,
ncaab:401090103,ncaab,2019-02-01T01:30Z,final,2197,2198,E Illinois,E Kentucky,67,66,,,,0,,,,,,,,,,2,,0,Charleston,IL,1,204,,,,-6.0,"39,28","30,36",,,,,,,,
ncaab:401090240,ncaab,2019-02-01T01:30Z,final,2634,2630,Tennessee St,UT Martin,68,67,,,,0,,,,,,,,,,2,,0,Nashville,TN,1,170,,,,-6.0,"35,33","26,41",,,,,,,,
ncaab:401084628,ncaab,2019-02-01T02:00Z,final,2116,41,UCF,UConn,73,67,,,,0,,,,,,,,,,2,,0,Orlando,FL,1,30,,,,-5.0,"34,39","22,45",,,,,,,,
ncaab:401086190,ncaab,2019-02-01T02:00Z,final,166,140,New Mexico St,Kansas City,70,54,-1700,1100,,0,,,-16.0,-115,-105,,,,,2,,0,Las Cruces,NM,1,1191,,,,-7.0,"30,40","22,32",,,,,,138.5,-110,-110
ncaab:401087025,ncaab,2019-02-01T02:00Z,final,9,12,Arizona St,Arizona,95,88,-259,215,,0,,,-5.5,-110,-110,,,,,2,,0,Tempe,AZ,1,360,,,,-7.0,"36,47,12","33,50,5",-189,160,-3.0,-110,-110,145.0,-110,-110
ncaab:401087090,ncaab,2019-02-01T02:00Z,final,38,204,Colorado,Oregon St,74,76,-130,110,,0,,,-2.0,-110,-110,,,,,2,,0,Boulder,CO,1,1624,,,,-7.0,"40,34","35,41",-123,101,-0.5,-115,-105,142.5,-110,-110
ncaab:401087112,ncaab,2019-02-01T02:00Z,final,254,2483,Utah,Oregon,72,78,-145,125,,0,,,-2.5,-110,-110,,,,,2,,0,Salt Lake City,UT,1,1299,,,,-7.0,"34,38","38,40",-140,120,-1.5,-105,-115,133.5,-110,-110
ncaab:401086919,ncaab,2019-02-01T02:05Z,final,304,16,Idaho St,Sacramento St,58,74,-132,113,,0,,,-2.0,-110,-110,,,,,2,,0,Pocatello,ID,1,1360,,,,-7.0,"22,36","42,32",-130,107,-1.0,-115,-105,141.5,-110,-110
ncaab:401086920,ncaab,2019-02-01T02:05Z,final,2692,2502,Weber St,Portland St,75,76,-450,351,,0,,,-9.0,-110,-110,,,,,2,,0,Ogden,UT,1,1311,,,,-7.0,"41,34","36,40",-265,205,-5.0,-115,-105,155.0,-110,-110
ncaab:401083696,ncaab,2019-02-01T03:00Z,final,2501,2492,Portland,Pepperdine,58,83,176,-209,,0,,,4.5,-105,-111,,,,,2,,0,Portland,OR,1,12,,,,-8.0,"20,38","46,37",145,-169,2.5,-105,-115,145.0,-110,-110
ncaab:401085311,ncaab,2019-02-01T03:00Z,final,27,13,UC Riverside,Cal Poly,45,71,-312,250,,0,,,-7.0,-110,-110,,,,,2,,0,Riverside,CA,1,252,,,,-8.0,"25,20","28,43",-225,185,-4.0,-110,-110,132.0,-105,-115
ncaab:401083671,ncaab,2019-02-01T03:30Z,final,2351,279,LMU,Pacific,60,42,,,,0,,,,,,,,,,2,,0,Los Angeles,CA,1,89,,,,-8.0,"27,33","21,21",,,,,,,,
ncaab:401083618,ncaab,2019-02-01T04:00Z,final,252,2250,BYU,Gonzaga,63,93,900,-1429,,0,,,14.5,-110,-110,,,,,2,,0,Provo,UT,1,1387,,,,-7.0,"24,39","41,52",460,-667,8.5,-105,-115,162.5,-106,-114
ncaab:401087811,ncaab,2019-02-01T04:00Z,final,2540,300,Santa Barbara,UC Irvine,62,66,-130,110,,0,,,-2.0,-110,-110,,,,,2,,0,Santa Barbara,CA,1,15,,,,-8.0,"28,28,6","28,28,10",-129,107,-0.5,-115,-105,131.0,-110,-110
ncaab:401087259,ncaab,2019-02-01T04:59Z,final,62,299,Hawai'i,Long Beach St,74,57,,,,0,,,,,,,,,,2,,0,Honolulu,HI,1,5,,,,-10.0,"36,38","28,29",,,,,,,,
ncaab:401088026,ncaab,2019-02-01T22:00Z,final,172,219,Cornell,Penn,80,71,250,-300,,0,,,6.5,-105,-115,,,,,2,,0,Ithaca,NY,1,125,,,,-5.0,"30,50","37,34",160,-185,3.5,-115,-105,140.0,-110,-110
ncaab:401116678,ncaab,2019-02-01T22:30Z,final,2710,155,W Illinois,North Dakota,73,74,,,,0,,,,,,,,,,2,,0,Macomb,IL,1,215,,,,-6.0,"30,43","32,42",,,,,,,,
ncaab:401082410,ncaab,2019-02-02T00:00Z,final,2294,130,Iowa,Michigan,74,59,200,-240,,0,,,5.5,-110,-110,,,,,2,,0,Iowa City,IA,1,204,,,,-6.0,"42,32","29,30",150,-175,2.5,102,-123,139.5,-110,-110
ncaab:401085585,ncaab,2019-02-02T00:00Z,final,179,2166,St Bonaventure,Davidson,66,75,,,,0,,,,,,,,,,2,,0,Saint Bonaventure,NY,1,435,,,,-5.0,"44,22","34,41",,,,,,,,
ncaab:401085770,ncaab,2019-02-02T00:00Z,final,2099,2514,Canisius,Quinnipiac,75,70,-155,135,,0,,,-2.5,-108,-108,,,,,2,,0,Buffalo,NY,1,183,,,,-5.0,"44,31","29,41",-145,125,-1.5,-110,-110,144.5,-109,-111
ncaab:401087886,ncaab,2019-02-02T00:00Z,final,159,225,Dartmouth,Brown,58,60,115,-135,,0,,,2.0,-110,-110,,,,,2,,0,Hanover,NH,1,162,,,,-5.0,"23,35","27,33",110,-130,1.0,-110,-110,147.5,-110,-110
ncaab:401087930,ncaab,2019-02-02T00:00Z,final,171,163,Columbia,Princeton,43,55,105,-125,,0,,,1.5,-110,-110,,,,,2,,0,New York,NY,1,10,,,,-5.0,"17,26","34,21",110,-130,1.0,-110,-110,139.0,-110,-110
ncaab:401088201,ncaab,2019-02-02T00:00Z,final,108,43,Harvard,Yale,65,49,-125,105,,0,,,-1.5,-110,-110,,,,,2,,0,Cambridge,MA,1,5,,,,-5.0,"35,30","20,29",-125,105,-0.5,-110,-110,144.5,-110,-110
ncaab:401089902,ncaab,2019-02-02T00:00Z,final,85,94,IU Indy,N Kentucky,83,77,135,-159,,0,,,3.0,-110,-110,,,,,2,,0,Indianapolis,IN,1,218,,,,-5.0,"43,40","34,43",125,-145,1.5,-105,-115,145.0,-110,-110
ncaab:401088407,ncaab,2019-02-02T01:00Z,final,189,2084,Bowling Green,Buffalo,92,88,320,-420,,0,,,7.5,-110,-110,,,,,2,,0,Bowling Green,OH,1,212,,,,-5.0,"39,53","47,41",195,-245,4.5,-110,-110,156.0,-110,-110
ncaab:401089883,ncaab,2019-02-02T01:00Z,final,2739,270,Green Bay,Milwaukee,90,74,-275,235,,0,,,-6.5,-110,-110,,,,,2,,0,Green Bay,WI,1,180,,,,-6.0,"41,49","33,41",-210,165,-3.5,-110,-110,154.5,-110,-110
ncaab:401082438,ncaab,2019-02-02T02:00Z,final,275,120,Wisconsin,Maryland,69,61,-235,200,,0,,,-5.5,-110,-110,,,,,2,,0,Madison,WI,1,267,,,,-6.0,"31,38","36,25",-183,149,-3.0,-105,-115,130.5,-110,-110
ncaab:401089915,ncaab,2019-02-02T02:00Z,final,82,2750,UIC,Wright St,67,53,129,-151,,0,,,2.5,-105,-115,,,,,2,,0,Chicago,IL,1,179,,,,-6.0,"26,41","22,31",115,-135,1.5,-115,-105,142.5,-110,-110
ncaab:401082560,ncaab,2019-02-02T17:00Z,final,194,164,Ohio State,Rutgers,76,62,-644,479,,0,,,-10.5,-110,-110,,,,,2,,0,Columbus,OH,1,235,,,,-5.0,"37,39","29,33",-320,240,-5.5,-110,-110,130.5,-112,-108
ncaab:401082685,ncaab,2019-02-02T17:00Z,final,150,2599,Duke,St John's,91,61,,,,0,,,,,,,,,,2,,0,Durham,NC,1,123,,,,-5.0,"47,44","37,24",,,,,,,,
ncaab:401082708,ncaab,2019-02-02T17:00Z,final,52,59,Florida St,Georgia Tech,59,49,-845,645,,0,,,-12.0,-110,-110,,,,,2,,0,Tallahassee,FL,1,62,,,,-5.0,"33,26","27,22",-470,375,-7.0,-115,-105,136.5,-110,-110
ncaab:401082755,ncaab,2019-02-02T17:00Z,final,152,259,NC State,Virginia Tech,24,47,,,,0,,,,,,,,,,2,,0,Raleigh,NC,1,96,,,,-5.0,"14,10","20,27",,,,,,,,
ncaab:401083210,ncaab,2019-02-02T17:00Z,final,2086,2550,Butler,Seton Hall,70,68,-235,195,,0,,,-5.0,-110,-110,,,,,2,,0,Indianapolis,IN,1,218,,,,-5.0,"46,24","34,34",-185,155,-3.0,-105,-115,143.5,-110,-110
ncaab:401083467,ncaab,2019-02-02T17:00Z,final,277,201,West Virginia,Oklahoma,79,71,130,-150,,0,,,2.5,-108,-108,,,,,2,,0,Morgantown,WV,1,271,,,,-5.0,"33,46","26,45",115,-135,1.5,-115,-105,147.5,-110,-110
ncaab:401084787,ncaab,2019-02-02T17:00Z,final,58,235,South Florida,Memphis,84,78,-130,110,,0,,,-2.0,-110,-110,,,,,2,,0,Tampa,FL,1,1,,,,-5.0,"38,46","13,65",-122,102,-0.5,-110,-110,150.0,-110,-110
ncaab:401086251,ncaab,2019-02-02T17:00Z,final,2050,2309,Ball State,Kent State,80,83,-200,170,,0,,,-4.5,-110,-110,,,,,2,,0,Muncie,IN,1,284,,,,-5.0,"33,37,10","35,35,13",-165,145,-2.5,-105,-115,151.5,-110,-110
ncaab:401089184,ncaab,2019-02-02T17:00Z,final,2199,193,E Michigan,Miami OH,48,59,,,,0,,,,,,,,,,2,,0,Ypsilanti,MI,1,219,,,,-5.0,"17,31","25,34",,,,,,,,
ncaab:401083035,ncaab,2019-02-02T18:00Z,final,61,2579,Georgia,South Carolina,80,86,-145,125,,0,,,-2.5,-110,-110,,,,,2,,0,Athens,GA,1,228,,,,-5.0,"40,40","45,41",-135,115,-1.0,-110,-110,149.0,-110,-110
ncaab:401085941,ncaab,2019-02-02T18:00Z,final,314,2561,Iona,Siena,54,56,-220,180,,0,,,-5.0,-110,-110,,,,,2,,0,New Rochelle,NY,1,26,,,,-5.0,"26,28","27,29",-180,150,-2.5,-110,-110,146.5,-110,-110
ncaab:401088043,ncaab,2019-02-02T18:00Z,final,2247,290,Georgia St,GA Southern,81,72,,,,0,,,,,,,,,,2,,0,Atlanta,GA,1,320,,,,-5.0,"37,44","31,41",,,,,,,,
ncaab:401088082,ncaab,2019-02-02T18:00Z,final,349,2329,Army,Lehigh,70,75,-118,-102,,0,,,-1.0,-110,-110,,,,,2,,0,West Point,NY,1,47,,,,-5.0,"41,29","28,47",,,,,,157.5,-110,-110
ncaab:401088119,ncaab,2019-02-02T18:00Z,final,2142,104,Colgate,Boston U,68,76,-350,290,,0,,,-8.0,-110,-110,,,,,2,,0,Hamilton,NY,1,181,,,,-5.0,"25,43","38,38",,,,,,140.5,-110,-110
ncaab:401088501,ncaab,2019-02-02T18:00Z,final,2174,2754,Detroit Mercy,Youngstown St,70,72,-240,200,,0,,,-5.5,-110,-110,,,,,2,,0,Detroit,MI,1,183,,,,-5.0,"37,33","35,37",-187,153,-3.0,-110,-110,151.0,-110,-110
ncaab:401088846,ncaab,2019-02-02T18:00Z,final,2643,2747,The Citadel,Wofford,61,99,675,-925,,0,,,12.5,-110,-110,,,,,2,,0,Charleston,SC,1,6,,,,-5.0,"26,35","45,54",340,-455,7.0,-105,-115,166.0,-110,-110
ncaab:401082631,ncaab,2019-02-02T19:00Z,final,103,87,Boston College,Notre Dame,73,79,-125,105,,0,,,-2.0,-105,-115,,,,,2,,0,Chestnut Hill,MA,1,60,,,,-5.0,"31,42","36,43",-129,106,-1.0,-110,-110,146.0,-110,-110
ncaab:401082773,ncaab,2019-02-02T19:00Z,final,258,2390,Virginia,Miami,56,46,-2264,1138,,0,,,-18.0,-110,-110,,,,,2,,0,Charlottesville,VA,1,142,,,,-5.0,"28,28","21,25",,,-11.0,-110,-110,129.0,-108,-112
ncaab:401082866,ncaab,2019-02-02T19:00Z,final,97,153,Louisville,North Carolina,69,79,115,-135,,0,,,1.5,-104,-112,,,,,2,,0,Louisville,KY,1,142,,,,-5.0,"28,41","44,35",105,-125,0.5,-105,-115,158.0,-110,-110
ncaab:401083417,ncaab,2019-02-02T19:00Z,final,66,251,Iowa State,Texas,65,60,-390,310,,0,,,-8.0,-105,-111,,,,,2,,0,Ames,IA,1,287,,,,-6.0,"31,34","27,33",-240,200,-4.5,-110,-110,139.5,-103,-118
ncaab:401084788,ncaab,2019-02-02T19:00Z,final,2724,202,Wichita St,Tulsa,79,68,-208,175,,0,,,-4.5,-110,-110,,,,,2,,0,Wichita,KS,1,396,,,,-6.0,"44,35","40,28",-170,150,-2.5,-110,-110,142.5,-110,-110
ncaab:401085611,ncaab,2019-02-02T19:00Z,final,2168,2184,Dayton,Duquesne,68,64,-460,365,,0,,,-9.0,-110,-110,,,,,2,,0,Dayton,OH,1,225,,,,-5.0,"28,40","36,28",-290,245,-5.0,-110,-110,145.5,-110,-110
ncaab:401086023,ncaab,2019-02-02T19:00Z,final,2405,2520,Monmouth,Rider,75,71,170,-200,,0,,,4.5,-110,-110,,,,,2,,0,West Long Branch,NJ,1,9,,,,-5.0,"40,35","28,43",135,-159,2.0,-110,-110,143.5,-110,-110
ncaab:401087994,ncaab,2019-02-02T19:00Z,final,2026,2433,App State,UL Monroe,85,84,,,,0,,,,,,,,,,2,,0,Boone,NC,1,981,,,,-5.0,"46,39","40,44",,,,,,,,
ncaab:401088014,ncaab,2019-02-02T19:00Z,final,324,309,Coastal,Louisiana,96,79,-159,135,,0,,,-3.0,-110,-110,,,,,2,,0,Conway,SC,1,10,,,,-5.0,"44,52","38,41",-140,120,-1.5,-110,-110,159.5,-110,-110
ncaab:401088060,ncaab,2019-02-02T19:00Z,final,44,107,American,Holy Cross,66,49,-210,175,,0,,,-4.5,-105,-115,,,,,2,,0,Washington,DC,1,7,,,,-5.0,"42,24","18,31",,,,,,129.5,-110,-110
ncaab:401088132,ncaab,2019-02-02T19:00Z,final,322,2083,Lafayette,Bucknell,66,94,210,-263,,0,,,6.0,-110,-110,,,,,2,,0,Easton,PA,1,97,,,,-5.0,"29,37","40,54",,,,,,150.0,-110,-110
ncaab:401088320,ncaab,2019-02-02T19:00Z,final,2097,2344,Campbell,Longwood,83,62,-323,260,,0,,,-7.0,-110,-110,,,,,2,,0,Buies Creek,NC,1,63,,,,-5.0,"39,44","20,42",,,,,,139.5,-110,-110
ncaab:401088324,ncaab,2019-02-02T19:00Z,final,2737,2515,Winthrop,Radford,61,80,-145,125,,0,,,-2.5,-110,-110,,,,,2,,0,Rock Hill,SC,1,207,,,,-5.0,"31,30","29,51",,,,,,154.5,-110,-110
ncaab:401089102,ncaab,2019-02-02T19:00Z,final,2426,2352,Navy,Loyola MD,71,68,-125,105,,0,,,-1.5,-110,-110,,,,,2,,0,Annapolis,MD,1,12,,,,-5.0,"31,40","21,47",,,,,,140.5,-110,-110
ncaab:401089298,ncaab,2019-02-02T19:00Z,final,71,79,Bradley,S Illinois,68,72,,,,0,,,,,,,,,,2,,0,Peoria,IL,1,153,,,,-6.0,"34,34","24,48",,,,,,,,
ncaab:401089299,ncaab,2019-02-02T19:00Z,final,339,2674,Evansville,Valparaiso,64,53,-149,130,,0,,,-2.5,-114,-106,,,,,2,,0,Evansville,IN,1,118,,,,-6.0,"24,40","27,26",-135,115,-1.5,-105,-115,135.0,-110,-110
ncaab:401089300,ncaab,2019-02-02T19:00Z,final,282,2181,Indiana St,Drake,62,68,-128,107,,0,,,-1.5,-110,-110,,,,,2,,0,Terre Haute,IN,1,152,,,,-5.0,"34,28","31,37",-120,100,-0.5,-110,-110,142.5,-110,-110
ncaab:401082352,ncaab,2019-02-02T19:15Z,final,356,158,Illinois,Nebraska,71,64,130,-150,,0,,,2.5,-105,-115,,,,,2,,0,Champaign,IL,1,225,,,,-6.0,"38,33","29,35",120,-140,1.5,-110,-110,145.0,-110,-110
ncaab:401083305,ncaab,2019-02-02T19:30Z,final,305,2507,DePaul,Providence,67,55,-125,105,,0,,,-1.5,-110,-110,,,,,2,,0,Chicago,IL,1,179,,,,-6.0,"33,34","23,32",-120,100,-0.5,-110,-110,144.0,-110,-110
ncaab:401087387,ncaab,2019-02-02T20:00Z,final,2459,2649,N Illinois,Toledo,55,69,115,-135,,0,,,2.0,-110,-110,,,,,2,,0,Dekalb,IL,1,268,,,,-6.0,"17,38","29,40",110,-130,1.0,-115,-105,146.0,-110,-110
ncaab:401088322,ncaab,2019-02-02T20:00Z,final,2241,2427,Gardner-Webb,UNC Asheville,82,81,-1600,1050,,0,,,-15.5,-110,-110,,,,,2,,0,Boiling Springs,NC,1,269,,,,-5.0,"38,37,7","30,45,6",,,,,,132.0,-110,-110
ncaab:401088482,ncaab,2019-02-02T20:00Z,final,2473,325,Oakland,Cleveland St,83,68,-490,390,,0,,,-9.0,-110,-110,,,,,2,,0,Rochester,MI,1,229,,,,-5.0,"43,40","33,35",-345,245,-5.5,-111,-109,155.5,-110,-110
ncaab:401088810,ncaab,2019-02-02T20:00Z,final,2535,2717,Samford,W Carolina,92,81,,,,0,,,,,,,,,,2,,0,Homewood,AL,1,203,,,,-6.0,"49,43","34,47",,,,,,,,
ncaab:401083078,ncaab,2019-02-02T20:30Z,final,145,344,Ole Miss,Mississippi St,75,81,-135,115,,0,,,-2.0,-110,-110,,,,,2,,0,Oxford,MS,1,154,,,,-6.0,"43,32","39,42",-130,110,-1.0,-110,-110,149.0,-110,-110
ncaab:401084010,ncaab,2019-02-02T20:30Z,final,195,2006,Ohio,Akron,53,65,-135,115,,0,,,-2.0,-105,-115,,,,,2,,0,Athens,OH,1,219,,,,-5.0,"22,31","30,35",-120,100,-0.5,-110,-110,130.5,-110,-110
ncaab:401087487,ncaab,2019-02-02T20:30Z,final,2115,2803,C Connecticut,Bryant,64,59,,,,0,,,,,,,,,,2,,0,New Britain,CT,1,51,,,,-5.0,"26,38","33,26",,,,,,,,
ncaab:401087529,ncaab,2019-02-02T20:30Z,final,2529,2597,Sacred Heart,St Francis BK,71,62,,,,0,,,,,,,,,,2,,0,Fairfield,CT,1,4,,,,-8.0,"26,45","32,30",,,,,,,,
ncaab:401083136,ncaab,2019-02-02T21:00Z,final,57,96,Florida,Kentucky,54,65,165,-190,,0,,,4.0,-110,-110,,,,,2,,0,Gainesville,FL,1,54,,,,-5.0,"33,21","29,36",135,-155,2.0,-110,-110,132.0,-110,-110
ncaab:401083487,ncaab,2019-02-02T21:00Z,final,2305,2641,Kansas,Texas Tech,79,63,-209,176,,0,,,-4.5,-110,-110,,,,,2,,0,Lawrence,KS,1,263,,,,-6.0,"46,33","26,37",-169,139,-2.5,-115,-105,135.5,-110,-110
ncaab:401083742,ncaab,2019-02-02T21:00Z,final,2608,2539,Saint Mary's,San Francisco,86,80,-235,195,,0,,,-5.5,-110,-110,,,,,2,,0,Moraga,CA,1,152,,,,-8.0,"47,39","30,50",-179,150,-2.5,-115,-105,136.5,-110,-110
ncaab:401083901,ncaab,2019-02-02T21:00Z,final,232,119,Charleston,Towson,54,53,-700,500,,0,,,-11.5,-105,-115,,,,,2,,0,Charleston,SC,1,6,,,,-5.0,"29,25","27,26",-385,318,-6.0,-115,-105,131.0,-110,-110
ncaab:401083928,ncaab,2019-02-02T21:00Z,final,2729,48,William & Mary,Delaware,84,63,-238,195,,0,,,-5.5,-110,-110,,,,,2,,0,Williamsburg,VA,1,25,,,,-5.0,"37,47","32,31",-183,149,-2.5,-115,-105,141.5,-110,-110
ncaab:401085711,ncaab,2019-02-02T21:00Z,final,227,139,Rhode Island,Saint Louis,65,54,-175,151,,0,,,-4.0,-105,-115,,,,,2,,0,Kingston,RI,1,75,,,,-5.0,"24,41","20,34",-160,140,-2.0,-110,-110,133.0,-110,-110
ncaab:401086805,ncaab,2019-02-02T21:00Z,final,56,338,Stetson,Kennesaw St,92,75,-145,125,,0,,,-2.5,-110,-110,,,,,2,,0,DeLand,FL,1,12,,,,-5.0,"39,53","34,41",,,,,,143.0,-110,-110
ncaab:401087157,ncaab,2019-02-02T21:00Z,final,264,26,Washington,UCLA,69,55,-310,260,,0,,,-6.5,-110,-106,,,,,2,,0,Seattle,WA,1,56,,,,-8.0,"31,38","23,32",-225,185,-4.0,-110,-110,146.0,-110,-110
ncaab:401087330,ncaab,2019-02-02T21:00Z,final,2429,249,Charlotte,North Texas,66,73,280,-340,,0,,,7.0,-108,-108,,,,,2,,0,Charlotte,NC,1,229,,,,-5.0,"34,32","32,41",180,-220,3.5,-105,-115,125.0,-110,-110
ncaab:401087348,ncaab,2019-02-02T21:00Z,final,2226,2572,FAU,Southern Miss,72,74,,,,0,,,,,,,,,,2,,0,Boca Raton,FL,1,4,,,,-5.0,"27,45","38,36",,,,,,,,
ncaab:401088461,ncaab,2019-02-02T21:00Z,final,2681,112358,Wagner,Long Island,71,59,,,,0,,,,,,,,,,2,,0,Staten Island,NY,1,21,,,,-5.0,"30,41","34,25",,,,,,,,
ncaab:401088885,ncaab,2019-02-02T21:00Z,final,2382,231,Mercer,Furman,63,74,120,-140,,0,,,2.5,-110,-110,,,,,2,,0,Macon,GA,1,112,,,,-5.0,"27,36","34,40",110,-130,1.0,-110,-110,141.0,-110,-110
ncaab:401089356,ncaab,2019-02-02T21:00Z,final,116,2598,Mount St Marys,Saint Francis,63,72,,,,0,,,,,,,,,,2,,0,Emmitsburg,MD,1,133,,,,-5.0,"37,26","41,31",,,,,,,,
ncaab:401089476,ncaab,2019-02-02T21:00Z,final,2377,2320,McNeese,Lamar,75,84,,,,0,,,,,,,,,,2,,0,Lake Charles,LA,1,4,,,,-6.0,"35,40","31,53",,,,,,,,
ncaab:401089572,ncaab,2019-02-02T21:00Z,final,2005,36,Air Force,Colorado St,53,85,-135,115,,0,,,-2.0,-110,-110,,,,,2,,0,Colorado Springs,CO,1,1832,,,,-7.0,"25,28","42,43",-130,110,-1.0,-110,-110,141.5,-110,-110
ncaab:401089967,ncaab,2019-02-02T21:00Z,final,2065,2428,Bethune,NC Central,74,64,,,,0,,,,,,,,,,2,,0,Daytona Beach,FL,1,4,,,,-5.0,"32,42","23,41",,,,,,,,
ncaab:401089984,ncaab,2019-02-02T21:00Z,final,2154,2415,Coppin St,Morgan St,73,71,100,-120,,0,,,1.0,-110,-110,,,,,2,,0,Baltimore,MD,1,10,,,,-5.0,"28,45","36,35",,,,,,145.5,110,-130
ncaab:401090263,ncaab,2019-02-02T21:00Z,final,2379,2569,MD Eastern,SC State,63,61,,,,0,,,,,,,,,,2,,0,Princess Anne,MD,1,5,,,,-5.0,"28,35","28,33",,,,,,,,
ncaab:401090345,ncaab,2019-02-02T21:00Z,final,2169,2542,Delaware St,Savannah St,73,76,100,-120,,0,,,1.0,-109,-107,,,,,2,,0,Dover,DE,1,9,,,,-5.0,"33,40","36,40",,,,,,164.0,-115,-105
ncaab:401090352,ncaab,2019-02-02T21:00Z,final,50,2448,Florida A&M,NC A&T,63,39,,,,0,,,,,,,,,,2,,0,Tallahassee,FL,1,62,,,,-5.0,"29,34","19,20",,,,,,,,
ncaab:401090377,ncaab,2019-02-02T21:00Z,final,47,2450,Howard,Norfolk St,78,80,-110,-110,,0,,,0.0,-110,-110,,,,,2,,0,Washington,DC,1,7,,,,-5.0,"45,33","30,50",,,,,,150.0,-110,-110
ncaab:401090104,ncaab,2019-02-02T21:15Z,final,2197,2413,E Illinois,Morehead St,78,84,,,,0,,,,,,,,,,2,,0,Charleston,IL,1,204,,,,-6.0,"38,40","34,50",,,,,,,,
ncaab:401083874,ncaab,2019-02-02T21:30Z,final,111,2275,Northeastern,Hofstra,75,61,-150,130,,0,,,-3.0,-110,-110,,,,,2,,0,Boston,MA,1,14,,,,-5.0,"37,38","29,32",-140,120,-1.5,-105,-115,148.0,-110,-110
ncaab:401085689,ncaab,2019-02-02T21:30Z,final,2603,113,Saint Joseph's,UMass,64,62,,,,0,,,,,,,,,,2,,0,Philadelphia,PA,1,12,,,,-5.0,"36,28","30,32",,,,,,,,
ncaab:401087449,ncaab,2019-02-02T21:30Z,final,2117,2711,C Michigan,W Michigan,85,64,,,,0,,,,,,,,,,2,,0,Mount Pleasant,MI,1,235,,,,-5.0,"39,46","35,29",,,,,,,,
ncaab:401087508,ncaab,2019-02-02T21:30Z,final,161,2523,FDU,Robert Morris,97,94,,,,0,,,,,,,,,,2,,0,Hackensack,NJ,1,6,,,,-5.0,"47,28,12,10","38,37,12,7",,,,,,,,
ncaab:401088321,ncaab,2019-02-02T21:30Z,final,2908,2127,SC Upstate,Charleston So,71,90,150,-170,,0,,,3.5,-110,-110,,,,,2,,0,Spartanburg,SC,1,246,,,,-5.0,"29,42","44,46",,,,,,145.0,-110,-110
ncaab:401088784,ncaab,2019-02-02T21:30Z,final,236,2193,Chattanooga,ETSU,64,77,,,,0,,,,,,,,,,2,,0,Chattanooga,TN,1,206,,,,-5.0,"33,31","30,47",,,,,,,,
ncaab:401090005,ncaab,2019-02-02T21:30Z,final,328,2439,Utah State,UNLV,82,65,-875,625,,0,,,-12.5,-110,-110,,,,,2,,0,Logan,UT,1,1382,,,,-7.0,"48,34","28,37",-417,315,-7.0,-110,-110,152.0,-110,-110
ncaab:401086192,ncaab,2019-02-02T22:00Z,final,166,2130,New Mexico St,Chicago St,83,39,,,,0,,,,,,,,,,2,,0,Las Cruces,NM,1,1191,,,,-7.0,"46,37","21,18",,,,,,,,
ncaab:401086741,ncaab,2019-02-02T22:00Z,final,288,2453,Lipscomb,North Alabama,102,80,,,,0,,,,,,,,,,2,,0,Nashville,TN,1,170,,,,-6.0,"64,38","36,44",,,,,,,,
ncaab:401087130,ncaab,2019-02-02T22:00Z,final,254,204,Utah,Oregon St,72,81,-165,145,,0,,,-3.0,-110,-110,,,,,2,,0,Salt Lake City,UT,1,1299,,,,-7.0,"32,40","46,35",-145,125,-1.5,-115,-105,142.0,-111,-109
ncaab:401087914,ncaab,2019-02-02T22:00Z,final,326,250,Texas St,UT Arlington,77,84,,,,0,,,,,,,,,,2,,0,San Marcos,TX,1,188,,,,-6.0,"29,31,8,9","27,33,8,16",,,,,,,,
ncaab:401089197,ncaab,2019-02-02T22:00Z,final,2545,2447,SE Louisiana,Nicholls,91,70,,,,0,,,,,,,,,,2,,0,Hammond,LA,1,13,,,,-6.0,"43,48","31,39",,,,,,,,
ncaab:401089413,ncaab,2019-02-02T22:00Z,final,2110,2466,C Arkansas,N'Western St,75,80,,,,0,,,,,,,,,,2,,0,Conway,AR,1,95,,,,-6.0,"27,48","51,29",,,,,,,,
ncaab:401089540,ncaab,2019-02-02T22:00Z,final,55,2046,Jax State,Austin Peay,71,74,,,,0,,,,,,,,,,2,,0,Jacksonville,AL,1,216,,,,-6.0,"31,40","39,35",,,,,,,,
ncaab:401086921,ncaab,2019-02-02T22:05Z,final,331,253,E Washington,Southern Utah,82,79,,,,0,,,,,,,,,,2,,0,Cheney,WA,1,717,,,,-8.0,"37,45","37,42",,,,,,,,
ncaab:401089431,ncaab,2019-02-02T22:15Z,final,2443,2916,LSU N Orleans,Incarnate Word,89,72,,,,0,,,,,,,,,,2,,0,New Orleans,LA,1,0,,,,-6.0,"40,49","29,43",,,,,,,,
ncaab:401086636,ncaab,2019-02-02T22:30Z,final,2349,261,UMass Lowell,Vermont,65,74,360,-450,,0,,,8.5,-110,-110,,,,,2,,0,Lowell,MA,1,36,,,,-5.0,"25,40","34,40",,,,,,152.5,-110,-110
ncaab:401082382,ncaab,2019-02-02T23:00Z,final,127,84,Michigan St,Indiana,75,79,-1365,965,,0,,,-14.0,-110,-110,,,,,2,,0,East Lansing,MI,1,261,,,,-5.0,"31,35,9","28,38,13",-550,425,-8.0,-110,-110,138.0,-110,-110
ncaab:401082796,ncaab,2019-02-02T23:00Z,final,221,183,Pitt,Syracuse,56,65,145,-165,,0,,,3.5,-110,-110,,,,,2,,0,Pittsburgh,PA,1,233,,,,-5.0,"22,34","35,30",130,-150,2.0,-115,-105,136.5,-110,-110
ncaab:401083014,ncaab,2019-02-02T23:00Z,final,99,8,LSU,Arkansas,89,90,-500,400,,0,,,-10.0,-110,-110,,,,,2,,0,Baton Rouge,LA,1,14,,,,-6.0,"41,48","45,45",-275,215,-5.5,-105,-115,155.5,-110,-110
ncaab:401083441,ncaab,2019-02-02T23:00Z,final,197,2306,Oklahoma St,Kansas St,57,75,140,-160,,0,,,3.0,-110,-110,,,,,2,,0,Stillwater,OK,1,273,,,,-6.0,"27,30","43,32",117,-142,1.5,-110,-110,127.0,-110,-110
ncaab:401084789,ncaab,2019-02-02T23:00Z,final,2655,218,Tulane,Temple,67,75,455,-614,,0,,,10.0,-110,-110,,,,,2,,0,New Orleans,LA,1,0,,,,-6.0,"31,36","39,36",270,-345,6.0,-118,-103,145.0,-110,-110
ncaab:401085668,ncaab,2019-02-02T23:00Z,final,257,2325,Richmond,La Salle,58,66,-230,192,,0,,,-5.5,-105,-115,,,,,2,,0,Richmond,VA,1,64,,,,-5.0,"35,23","30,36",-193,157,-3.0,-110,-110,145.0,-110,-110
ncaab:401087973,ncaab,2019-02-02T23:00Z,final,6,2653,South Alabama,Troy,81,75,-104,-113,,0,,,1.0,-110,-106,,,,,2,,0,Mobile,AL,1,3,,,,-6.0,"30,51","42,33",-115,-105,0.0,-110,-110,142.5,-110,-110
ncaab:401088596,ncaab,2019-02-02T23:00Z,final,2504,2010,Prairie View,Alabama A&M,81,65,-1400,925,,0,,,-14.5,-104,-112,,,,,2,,0,Prairie View,TX,1,82,,,,-6.0,"36,45","28,37",,,,,,136.0,-110,-110
ncaab:401088989,ncaab,2019-02-02T23:00Z,final,2755,2029,Grambling,AR-Pine Bluff,79,55,,,,0,,,,,,,,,,2,,0,Grambling,LA,1,93,,,,-6.0,"42,37","25,30",,,,,,,,
ncaab:401089610,ncaab,2019-02-02T23:00Z,final,2440,68,Nevada,Boise St,93,73,-1500,1000,,0,,,-14.5,-110,-110,,,,,2,,0,Reno,NV,1,1373,,,,-8.0,"41,52","30,43",-600,450,-8.5,-110,-110,144.5,-110,-110
ncaab:401090083,ncaab,2019-02-02T23:00Z,final,2057,2630,Belmont,UT Martin,82,67,,,,0,,,,,,,,,,2,,0,Nashville,TN,1,170,,,,-6.0,"40,42","32,35",,,,,,,,
ncaab:401085745,ncaab,2019-02-02T23:30Z,final,2670,2244,VCU,George Mason,79,63,-364,294,,0,,,-8.0,-110,-110,,,,,2,,0,Richmond,VA,1,64,,,,-5.0,"38,41","30,33",-243,195,-4.5,-105,-115,137.0,-110,-110
ncaab:401087866,ncaab,2019-02-02T23:30Z,final,2031,2032,Little Rock,Arkansas St,83,84,-225,185,,0,,,-5.0,-110,-110,,,,,2,,0,Little Rock,AR,1,102,,,,-6.0,"40,43","42,42",-178,146,-3.0,-105,-115,148.5,-110,-110
ncaab:401088578,ncaab,2019-02-02T23:30Z,final,2016,2582,Alcorn St,Southern,76,64,140,-160,,0,,,3.0,-110,-110,,,,,2,,0,Lorman,MS,1,66,,,,-6.0,"36,40","34,30",,,,,,133.0,-110,-110
ncaab:401089557,ncaab,2019-02-02T23:30Z,final,2296,2400,Jackson St,Miss Valley St,61,57,,,,0,,,,,,,,,,2,,0,Jackson,MS,1,85,,,,-6.0,"28,33","27,30",,,,,,,,
ncaab:401083953,ncaab,2019-02-03T00:00Z,final,2210,2182,Elon,Drexel,63,67,100,-120,,0,,,1.5,-115,-105,,,,,2,,0,Elon,NC,1,215,,,,-5.0,"27,36","31,36",105,-125,1.0,-110,-110,153.5,-105,-115
ncaab:401083976,ncaab,2019-02-03T00:00Z,final,350,256,UNC Wilmington,James Madison,95,104,-185,160,,0,,,-4.0,-110,-110,,,,,2,,0,Wilmington,NC,1,9,,,,-5.0,"48,47","44,60",-159,135,-2.0,-110,-110,148.0,-110,-110
ncaab:401085966,ncaab,2019-02-03T00:00Z,final,2363,2612,Manhattan,Saint Peter's,64,50,,,,0,,,,,,,,,,2,,0,Riverdale,NY,1,159,,,,-8.0,"28,36","18,32",,,,,,,,
ncaab:401085986,ncaab,2019-02-03T00:00Z,final,2368,2217,Marist,Fairfield,52,57,-145,125,,0,,,-2.5,-110,-110,,,,,2,,0,Poughkeepsie,NY,1,62,,,,-5.0,"22,30","32,25",-135,115,-1.5,100,-121,140.0,-110,-110
ncaab:401086528,ncaab,2019-02-03T00:00Z,final,399,2066,UAlbany,Binghamton,64,50,,,,0,,,,,,,,,,2,,0,Albany,NY,1,45,,,,-5.0,"31,33","25,25",,,,,,,,
ncaab:401086595,ncaab,2019-02-03T00:00Z,final,2619,42,Stony Brook,Hartford,86,77,-240,200,,0,,,-5.5,-110,-110,,,,,2,,0,Stony Brook,NY,1,27,,,,-5.0,"41,45","28,49",,,,,,139.0,-110,-110
ncaab:401086669,ncaab,2019-02-03T00:00Z,final,526,294,FGCU,Jacksonville,73,60,,,,0,,,,,,,,,,2,,0,Fort Myers,FL,1,3,,,,-5.0,"32,41","25,35",,,,,,,,
ncaab:401086720,ncaab,2019-02-03T00:00Z,final,2335,2885,Liberty,NJIT,77,57,,,,0,,,,,,,,,,2,,0,Lynchburg,VA,1,192,,,,-5.0,"40,37","28,29",,,,,,,,
ncaab:401087166,ncaab,2019-02-03T00:00Z,final,265,30,Washington St,USC,84,93,225,-272,,0,,,5.5,-107,-109,,,,,2,,0,Pullman,WA,1,717,,,,-8.0,"33,51","47,46",155,-185,3.0,-110,-110,156.0,-110,-110
ncaab:401087366,ncaab,2019-02-03T00:00Z,final,2229,2348,FIU,Louisiana Tech,75,69,,,,0,,,,,,,,,,2,,0,Miami,FL,1,2,,,,-5.0,"35,40","40,29",,,,,,,,
ncaab:401087887,ncaab,2019-02-03T00:00Z,final,108,225,Harvard,Brown,68,47,-290,240,,0,,,-6.5,-105,-115,,,,,2,,0,Cambridge,MA,1,5,,,,-5.0,"30,38","24,23",-208,175,-3.5,-110,-110,136.0,-110,-110
ncaab:401088096,ncaab,2019-02-03T00:00Z,final,159,43,Dartmouth,Yale,68,89,180,-220,,0,,,5.0,-110,-110,,,,,2,,0,Hanover,NH,1,162,,,,-5.0,"31,37","41,48",150,-175,2.5,-110,-110,147.0,-110,-110
ncaab:401088191,ncaab,2019-02-03T00:00Z,final,276,2636,Marshall,UTSA,106,116,-230,190,,0,,,-5.5,-110,-110,,,,,2,,0,Huntington,WV,1,173,,,,-5.0,"46,46,14","38,54,24",-185,160,-2.5,-115,-105,169.0,-110,-110
ncaab:401088323,ncaab,2019-02-03T00:00Z,final,2272,2261,High Point,Hampton,85,69,-145,125,,0,,,-2.5,-110,-110,,,,,2,,0,High Point,NC,1,281,,,,-5.0,"52,33","34,35",,,,,,141.0,-110,-110
ncaab:401088387,ncaab,2019-02-03T00:00Z,final,295,242,Old Dominion,Rice,80,76,-833,600,,0,,,-12.0,-110,-110,,,,,2,,0,Norfolk,VA,1,2,,,,-5.0,"30,50","34,42",-435,335,-7.0,-105,-115,143.0,-105,-115
ncaab:401088564,ncaab,2019-02-03T00:00Z,final,98,2638,Western KY,UTEP,76,59,-700,500,,0,,,-11.0,-110,-110,,,,,2,,0,Bowling Green,KY,1,161,,,,-6.0,"34,42","31,28",-380,280,-6.0,-110,-110,135.0,-110,-110
ncaab:401088027,ncaab,2019-02-03T00:30Z,final,172,163,Cornell,Princeton,61,70,105,-125,,0,,,1.5,-110,-110,,,,,2,,0,Ithaca,NY,1,125,,,,-5.0,"23,33,5","31,25,14",110,-130,1.0,-110,-110,134.5,-110,-110
ncaab:401082965,ncaab,2019-02-03T01:00Z,final,2,333,Auburn,Alabama,84,63,-526,415,,0,,,-10.0,-110,-110,,,,,2,,0,Auburn,AL,1,215,,,,-6.0,"48,36","28,35",-312,255,-5.5,-110,-110,153.0,-110,-110
ncaab:401082988,ncaab,2019-02-03T01:00Z,final,245,2633,Texas A&M,Tennessee,76,93,620,-820,,0,,,12.0,-110,-110,,,,,2,,0,College Station,TX,1,103,,,,-6.0,"39,37","46,47",325,-400,7.0,101,-123,148.5,-110,-110
ncaab:401083391,ncaab,2019-02-03T01:00Z,final,239,2628,Baylor,TCU,90,64,-220,180,,0,,,-5.0,-110,-110,,,,,2,,0,Waco,TX,1,143,,,,-6.0,"39,51","28,36",-174,143,-2.5,-115,-105,139.5,-110,-110
ncaab:401083642,ncaab,2019-02-03T01:00Z,final,2250,301,Gonzaga,San Diego,85,69,-6000,2750,,0,,,-22.5,-110,-110,,,,,2,,0,Spokane,WA,1,571,,,,-8.0,"40,45","32,37",,,-13.0,-110,-110,150.5,-110,-110
ncaab:401084790,ncaab,2019-02-03T01:00Z,final,2132,2567,Cincinnati,SMU,73,68,,,,0,,,,,,,,,,2,,0,Cincinnati,OH,1,191,,,,-5.0,"42,31","35,33",,,,,,,,
ncaab:401086193,ncaab,2019-02-03T01:00Z,final,292,140,UT Rio Grande,Kansas City,75,63,,,,0,,,,,,,,,,2,,0,Edinburg,TX,1,30,,,,-6.0,"30,45","33,30",,,,,,,,
ncaab:401087931,ncaab,2019-02-03T01:00Z,final,171,219,Columbia,Penn,70,72,190,-233,,0,,,5.0,-110,-110,,,,,2,,0,New York,NY,1,10,,,,-5.0,"31,39","32,40",147,-180,2.5,-110,-110,140.0,-110,-110
ncaab:401088376,ncaab,2019-02-03T01:00Z,final,5,2393,UAB,MTSU,78,79,,,,0,,,,,,,,,,2,,0,Birmingham,AL,1,187,,,,-6.0,"42,36","32,47",,,,,,,,
ncaab:401089050,ncaab,2019-02-03T01:00Z,final,198,2870,Oral Roberts,Purdue FW,81,82,150,-170,,0,,,3.5,-110,-110,,,,,2,,0,Tulsa,OK,1,220,,,,-6.0,"33,48","41,41",130,-150,2.0,-115,-105,157.5,-105,-115
ncaab:401089125,ncaab,2019-02-03T01:00Z,final,2277,357,Hou Christian,Texas A&M-CC,73,72,,,,0,,,,,,,,,,2,,0,Houston,TX,1,12,,,,-6.0,"32,41","22,50",,,,,,,,
ncaab:401089147,ncaab,2019-02-03T01:00Z,final,2534,2617,Sam Houston,SF Austin,94,72,,,,0,,,,,,,,,,2,,0,Huntsville,TX,1,113,,,,-6.0,"58,36","34,38",,,,,,,,
ncaab:401089156,ncaab,2019-02-03T01:00Z,final,2710,2449,W Illinois,N Dakota St,76,78,,,,0,,,,,,,,,,2,,0,Macomb,IL,1,215,,,,-6.0,"42,34","35,43",,,,,,,,
ncaab:401089301,ncaab,2019-02-03T01:00Z,final,2460,2623,Northern Iowa,Missouri St,64,59,-115,-105,,0,,,0.0,-115,-105,,,,,2,,0,Cedar Falls,IA,1,268,,,,-6.0,"28,36","27,32",-110,-110,0.0,-110,-110,126.0,-119,-102
ncaab:401090119,ncaab,2019-02-03T01:00Z,final,2565,2198,SIUE,E Kentucky,88,82,,,,0,,,,,,,,,,2,,0,Edwardsville,IL,1,165,,,,-6.0,"37,32,7,12","22,47,9,4",,,,,,,,
ncaab:401082937,ncaab,2019-02-03T01:30Z,final,142,238,Missouri,Vanderbilt,77,67,-165,145,,0,,,-3.0,-110,-110,,,,,2,,0,Columbia,MO,1,215,,,,-6.0,"37,40","28,39",-149,130,-1.5,-115,-105,134.5,-110,-110
ncaab:401088544,ncaab,2019-02-03T01:30Z,final,2640,2011,Texas Southern,Alabama St,83,59,-450,360,,0,,,-8.0,-115,-105,,,,,2,,0,Houston,TX,1,12,,,,-6.0,"44,39","31,28",,,,,,151.0,-115,-105
ncaab:401090157,ncaab,2019-02-03T01:30Z,final,2635,93,Tennessee Tech,Murray St,63,67,775,-1200,,0,,,13.5,-110,-110,,,,,2,,0,Cookeville,TN,1,334,,,,-6.0,"31,32","30,37",425,-550,8.0,-110,-110,142.5,-110,-110
ncaab:401090207,ncaab,2019-02-03T01:30Z,final,2634,2546,Tennessee St,SE Missouri,79,50,,,,0,,,,,,,,,,2,,0,Nashville,TN,1,170,,,,-6.0,"45,34","20,30",,,,,,,,
ncaab:401083619,ncaab,2019-02-03T02:00Z,final,252,2351,BYU,LMU,67,49,,,,0,,,,,,,,,,2,,0,Provo,UT,1,1387,,,,-7.0,"23,44","26,23",,,,,,,,
ncaab:401083719,ncaab,2019-02-03T02:00Z,final,2541,2501,Santa Clara,Portland,69,63,-360,300,,0,,,-8.0,-105,-115,,,,,2,,0,Santa Clara,CA,1,23,,,,-8.0,"22,34,13","23,33,7",-232,187,-4.0,-110,-110,133.5,-110,-110
ncaab:401086924,ncaab,2019-02-03T02:00Z,final,147,149,Montana St,Montana,78,83,235,-275,,0,,,6.5,-110,-110,,,,,2,,0,Bozeman,MT,1,1468,,,,-7.0,"48,30","46,37",166,-204,3.5,-110,-110,153.5,-110,-110
ncaab:401086925,ncaab,2019-02-03T02:00Z,final,2692,16,Weber St,Sacramento St,75,65,-420,340,,0,,,-8.5,-110,-110,,,,,2,,0,Ogden,UT,1,1311,,,,-7.0,"42,33","31,34",-270,220,-4.5,-110,-110,146.0,-105,-115
ncaab:401087286,ncaab,2019-02-03T02:00Z,final,27,302,UC Riverside,UC Davis,71,84,104,-121,,0,,,1.5,-110,-110,,,,,2,,0,Riverside,CA,1,252,,,,-8.0,"22,49","38,46",104,-125,0.5,-115,-105,132.0,-110,-110
ncaab:401089682,ncaab,2019-02-03T02:00Z,final,23,21,San José St,San Diego St,56,67,885,-1350,,0,,,13.5,-110,-110,,,,,2,,0,San Jose,CA,1,26,,,,-8.0,"21,35","25,42",400,-526,7.5,-105,-115,140.0,-110,-110
ncaab:401086923,ncaab,2019-02-03T02:05Z,final,304,2502,Idaho St,Portland St,69,67,-125,105,,0,,,-2.0,101,-121,,,,,2,,0,Pocatello,ID,1,1360,,,,-7.0,"38,31","35,32",-125,105,-1.0,-110,-110,151.0,-110,-110
ncaab:401087091,ncaab,2019-02-03T02:30Z,final,38,2483,Colorado,Oregon,73,51,-102,-117,,0,,,1.0,-110,-110,,,,,2,,0,Boulder,CO,1,1624,,,,-7.0,"40,33","17,34",-105,-115,0.5,-115,-105,136.5,-110,-110
ncaab:401083672,ncaab,2019-02-03T03:00Z,final,279,2492,Pacific,Pepperdine,66,59,-135,115,,0,,,-2.0,-110,-106,,,,,2,,0,Stockton,CA,1,4,,,,-8.0,"32,34","36,23",-130,110,-1.0,-110,-110,143.0,-110,-110
ncaab:401085312,ncaab,2019-02-03T03:00Z,final,2463,13,CSU Northridge,Cal Poly,83,65,,,,0,,,,,,,,,,2,,0,Northridge,CA,1,246,,,,-8.0,"45,38","33,32",,,,,,,,
ncaab:401086191,ncaab,2019-02-03T03:00Z,final,2547,2856,Seattle U,CA Baptist,64,75,,,,0,,,,,,,,,,2,,0,Seattle,WA,1,56,,,,-8.0,"35,29","33,42",,,,,,,,
ncaab:401086194,ncaab,2019-02-03T03:00Z,final,2934,2253,Bakersfield,Grand Canyon,59,72,170,-195,,0,,,4.0,100,-121,,,,,2,,0,Bakersfield,CA,1,123,,,,-8.0,"30,29","32,40",,,,,,140.0,-110,-110
ncaab:401086922,ncaab,2019-02-03T03:00Z,final,70,2464,Idaho,N Arizona,73,86,100,-120,,0,,,1.5,-110,-110,,,,,2,,0,Moscow,ID,1,786,,,,-8.0,"35,38","42,44",-107,-113,0.5,-120,100,140.0,-110,-110
ncaab:401087275,ncaab,2019-02-03T03:00Z,final,299,300,Long Beach St,UC Irvine,80,82,245,-295,,0,,,6.5,-110,-110,,,,,2,,0,Long Beach,CA,1,9,,,,-8.0,"35,45","38,44",170,-200,3.5,-110,-110,137.0,-110,-110
ncaab:401089302,ncaab,2019-02-03T03:00Z,final,2287,2350,Illinois St,Loyola Chicago,65,57,-115,-105,,0,,,0.0,-115,-105,,,,,2,,0,Normal,IL,1,244,,,,-6.0,"35,30","25,32",-115,-105,0.0,-110,-110,127.0,-115,-105
ncaab:401089669,ncaab,2019-02-03T03:00Z,final,278,167,Fresno St,New Mexico,82,70,-525,425,,0,,,-10.0,100,-117,,,,,2,,0,Fresno,CA,1,94,,,,-8.0,"35,47","33,37",-278,225,-5.0,-110,-110,147.0,-110,-110
ncaab:401087260,ncaab,2019-02-03T04:59Z,final,62,2540,Hawai'i,Santa Barbara,54,75,,,,0,,,,,,,,,,2,,0,Honolulu,HI,1,5,,,,-10.0,"26,28","30,45",,,,,,,,
ncaab:401082506,ncaab,2019-02-03T17:00Z,final,2509,135,Purdue,Minnesota,73,63,-750,575,,0,,,-11.5,-110,-106,,,,,2,,0,West Lafayette,IN,1,186,,,,-5.0,"27,46","28,35",-404,307,-6.5,-115,-105,148.0,-110,-110
ncaab:401082659,ncaab,2019-02-03T17:00Z,final,228,154,Clemson,Wake Forest,64,37,-1462,876,,0,,,-14.5,-110,-110,,,,,2,,0,Clemson,SC,1,221,,,,-5.0,"30,34","18,19",-600,450,-8.5,-110,-110,137.5,-110,-110
ncaab:401083284,ncaab,2019-02-03T17:00Z,final,222,46,Villanova,Georgetown,77,65,-750,525,,0,,,-11.5,-110,-110,,,,,2,,0,Philadelphia,PA,1,12,,,,-5.0,"33,44","34,31",-417,325,-6.5,-110,-110,155.5,-110,-110
ncaab:401083234,ncaab,2019-02-03T18:00Z,final,156,2752,Creighton,Xavier,76,54,-255,215,,0,,,-6.0,-110,-110,,,,,2,,0,Omaha,NE,1,323,,,,-6.0,"41,35","26,28",-195,168,-3.0,-110,-110,153.0,-110,-110
ncaab:401086615,ncaab,2019-02-03T18:00Z,final,311,160,Maine,New Hampshire,62,53,-476,360,,0,,,-8.5,-113,-103,,,,,2,,0,Bangor,ME,1,36,,,,-5.0,"27,35","23,30",,,,,,122.0,-110,-110
ncaab:401089069,ncaab,2019-02-03T18:00Z,final,2437,155,Omaha,North Dakota,90,72,-345,285,,0,,,-7.5,-110,-110,,,,,2,,0,Omaha,NE,1,323,,,,-6.0,"49,41","33,39",-233,190,-4.0,-115,-105,152.5,-110,-110
ncaab:401089903,ncaab,2019-02-03T18:00Z,final,85,2750,IU Indy,Wright St,74,79,-120,100,,0,,,-1.0,-115,-105,,,,,2,,0,Indianapolis,IN,1,218,,,,-5.0,"35,39","40,39",-122,102,-1.0,-105,-115,138.5,104,-126
ncaab:401084629,ncaab,2019-02-03T19:00Z,final,41,151,UConn,East Carolina,76,52,,,,0,,,,,,,,,,2,,0,Hartford,CT,1,18,,,,-5.0,"32,44","26,26",,,,,,,,
ncaab:401085771,ncaab,2019-02-03T19:00Z,final,315,2514,Niagara,Quinnipiac,73,84,-125,105,,0,,,-1.5,-110,-106,,,,,2,,0,Niagara Falls,NY,1,187,,,,-5.0,"41,32","38,46",-125,105,-0.5,-115,-105,150.0,-110,-110
ncaab:401089026,ncaab,2019-02-03T20:00Z,final,2172,2571,Denver,S Dakota St,82,92,,,,0,,,,,,,,,,2,,0,Denver,CO,1,1609,,,,-7.0,"31,51","42,50",,,,,,,,
ncaab:401087069,ncaab,2019-02-03T21:00Z,final,25,24,California,Stanford,81,84,175,-208,,0,,,4.5,-110,-110,,,,,2,,0,Berkeley,CA,1,52,,,,-8.0,"38,43","37,47",150,-175,2.5,-110,-110,143.0,-110,-110
ncaab:401089916,ncaab,2019-02-03T21:00Z,final,82,94,UIC,N Kentucky,69,67,175,-210,,0,,,5.0,-110,-110,,,,,2,,0,Chicago,IL,1,179,,,,-6.0,"33,36","25,42",150,-170,2.5,-110,-110,146.5,-110,-110
ncaab:401082756,ncaab,2019-02-05T00:00Z,final,259,97,Virginia Tech,Louisville,64,72,-215,178,,0,,,-5.0,-110,-110,,,,,2,,0,Blacksburg,VA,1,633,,,,-5.0,"26,38","31,41",-170,145,-2.5,-115,-105,135.0,-110,-110
ncaab:401085918,ncaab,2019-02-05T00:00Z,final,2099,2368,Canisius,Marist,71,78,-195,170,,0,,,-4.0,-110,-110,,,,,2,,0,Buffalo,NY,1,183,,,,-5.0,"30,35,6","31,34,13",-165,145,-2.0,-110,-110,141.5,-105,-115
ncaab:401086047,ncaab,2019-02-05T00:00Z,final,2561,2217,Siena,Fairfield,61,50,-195,170,,0,,,-4.5,-110,-110,,,,,2,,0,Albany,NY,1,45,,,,-5.0,"38,23","32,18",-169,145,-2.5,-105,-115,128.0,-110,-110
ncaab:401088370,ncaab,2019-02-05T00:00Z,final,2329,2142,Lehigh,Colgate,62,84,-280,240,,0,,,-6.0,-115,-105,,,,,2,,0,Bethlehem,PA,1,109,,,,-5.0,"25,37","50,34",,,,,,155.0,-110,-110
ncaab:401090387,ncaab,2019-02-05T00:00Z,final,50,2428,Florida A&M,NC Central,73,57,,,,0,,,,,,,,,,2,,0,Tallahassee,FL,1,62,,,,-5.0,"41,32","28,29",,,,,,,,
ncaab:401089968,ncaab,2019-02-05T00:30Z,final,2065,2448,Bethune,NC A&T,69,53,,,,0,,,,,,,,,,2,,0,Daytona Beach,FL,1,4,,,,-5.0,"24,45","28,25",,,,,,,,
ncaab:401090264,ncaab,2019-02-05T00:30Z,final,2379,2542,MD Eastern,Savannah St,63,68,,,,0,,,,,,,,,,2,,0,Princess Anne,MD,1,5,,,,-5.0,"29,34","29,39",,,,,,,,
ncaab:401090330,ncaab,2019-02-05T00:30Z,final,2169,2569,Delaware St,SC State,70,68,,,,0,,,,,,,,,,2,,0,Dover,DE,1,9,,,,-5.0,"28,42","34,34",,,,,,,,
ncaab:401082541,ncaab,2019-02-05T01:00Z,final,77,213,Northwestern,Penn State,52,59,-156,136,,0,,,-3.0,-110,-110,,,,,2,,0,Evanston,IL,1,187,,,,-6.0,"30,22","32,27",-140,120,-1.5,-110,-110,131.5,-110,-110
ncaab:401088545,ncaab,2019-02-05T01:30Z,final,2640,2010,Texas Southern,Alabama A&M,84,74,-2150,1300,,0,,,-16.5,-110,-110,,,,,2,,0,Houston,TX,1,12,,,,-6.0,"44,40","43,31",,,,,,146.0,-110,-110
ncaab:401088597,ncaab,2019-02-05T01:30Z,final,2504,2011,Prairie View,Alabama St,69,67,-340,280,,0,,,-7.5,-110,-110,,,,,2,,0,Prairie View,TX,1,82,,,,-6.0,"36,33","30,37",,,,,,143.0,-110,-110
ncaab:401088990,ncaab,2019-02-05T01:30Z,final,2296,2029,Jackson St,AR-Pine Bluff,65,52,,,,0,,,,,,,,,,2,,0,Jackson,MS,1,85,,,,-6.0,"34,31","28,24",,,,,,,,
ncaab:401083418,ncaab,2019-02-05T02:00Z,final,201,66,Oklahoma,Iowa State,74,75,140,-160,,0,,,3.0,-110,-110,,,,,2,,0,Norman,OK,1,357,,,,-6.0,"36,38","35,40",125,-145,1.5,-110,-110,146.5,-110,-110
ncaab:401083468,ncaab,2019-02-05T02:00Z,final,2641,277,Texas Tech,West Virginia,81,50,-788,562,,0,,,-11.5,-110,-110,,,,,2,,0,Lubbock,TX,1,976,,,,-6.0,"36,45","21,29",-410,330,-6.5,-110,-110,134.5,-110,-110
ncaab:401086926,ncaab,2019-02-05T02:00Z,final,331,2464,E Washington,N Arizona,82,64,,,,0,,,,,,,,,,2,,0,Cheney,WA,1,717,,,,-8.0,"43,39","31,33",,,,,,,,
ncaab:401086928,ncaab,2019-02-05T02:00Z,final,2458,147,N Colorado,Montana St,66,69,-409,323,,0,,,-8.5,-110,-110,,,,,2,,0,Greeley,CO,1,1425,,,,-7.0,"32,34","31,38",-260,220,-4.5,-112,-108,155.5,-110,-110
ncaab:401089003,ncaab,2019-02-05T02:00Z,final,2755,2400,Grambling,Miss Valley St,79,57,,,,0,,,,,,,,,,2,,0,Grambling,LA,1,93,,,,-6.0,"33,46","23,34",,,,,,,,
ncaab:401086927,ncaab,2019-02-05T03:00Z,final,70,253,Idaho,Southern Utah,64,75,170,-200,,0,,,4.5,-110,-110,,,,,2,,0,Moscow,ID,1,786,,,,-8.0,"32,32","44,31",145,-170,2.5,-115,-105,147.0,-115,-105
ncaab:401082353,ncaab,2019-02-06T00:00Z,final,356,127,Illinois,Michigan St,79,74,500,-650,,0,,,10.5,-110,-110,,,,,2,,0,Champaign,IL,1,225,,,,-6.0,"41,38","32,42",265,-333,5.5,-110,-110,148.0,-110,-110
ncaab:401082632,ncaab,2019-02-06T00:00Z,final,150,103,Duke,Boston College,80,55,-8500,3500,,0,,,-24.0,-105,-115,,,,,2,,0,Durham,NC,1,123,,,,-5.0,"28,52","30,25",,,-14.0,-110,-110,157.5,-110,-110
ncaab:401082734,ncaab,2019-02-06T00:00Z,final,154,221,Wake Forest,Pitt,78,76,140,-164,,0,,,3.0,-110,-110,,,,,2,,0,Winston-Salem,NC,1,293,,,,-5.0,"26,41,11","28,39,9",125,-145,1.5,-110,-110,140.5,-110,-110
ncaab:401083036,ncaab,2019-02-06T00:00Z,final,96,2579,Kentucky,South Carolina,76,48,-1667,1050,,0,,,-16.0,-110,-110,,,,,2,,0,Lexington,KY,1,295,,,,-5.0,"39,37","28,20",-650,475,-9.0,-110,-110,146.0,-110,-110
ncaab:401084011,ncaab,2019-02-06T00:00Z,final,2649,2006,Toledo,Akron,63,52,-305,255,,0,,,-7.0,-106,-110,,,,,2,,0,Toledo,OH,1,186,,,,-5.0,"29,34","20,32",-225,175,-4.0,-105,-115,135.5,-110,-110
ncaab:401085690,ncaab,2019-02-06T00:00Z,final,2325,2603,La Salle,Saint Joseph's,83,69,-120,100,,0,,,-1.5,-105,-115,,,,,2,,0,Philadelphia,PA,1,12,,,,-5.0,"39,44","33,36",-125,105,-0.5,-110,-110,138.5,-109,-111
ncaab:401085967,ncaab,2019-02-06T00:00Z,final,2363,2520,Manhattan,Rider,73,66,312,-389,,0,,,8.0,-105,-115,,,,,2,,0,Riverdale,NY,1,159,,,,-8.0,"31,42","35,31",190,-230,4.0,-115,-105,128.5,-110,-110
ncaab:401086721,ncaab,2019-02-06T00:00Z,final,2335,56,Liberty,Stetson,57,54,-6000,2750,,0,,,-22.0,-110,-110,,,,,2,,0,Lynchburg,VA,1,192,,,,-5.0,"29,28","21,33",,,,,,135.5,-110,-110
ncaab:401087450,ncaab,2019-02-06T00:00Z,final,2711,189,W Michigan,Bowling Green,72,85,,,,0,,,,,,,,,,2,,0,Kalamazoo,MI,1,239,,,,-5.0,"36,36","43,42",,,,,,,,
ncaab:401089303,ncaab,2019-02-06T00:00Z,final,2350,2181,Loyola Chicago,Drake,86,64,-310,255,,0,,,-7.0,-115,-105,,,,,2,,0,Chicago,IL,1,179,,,,-6.0,"48,38","32,32",-220,180,-4.0,-105,-115,130.5,-110,-110
ncaab:401089486,ncaab,2019-02-06T00:00Z,final,2309,193,Kent State,Miami OH,70,67,-190,165,,0,,,-4.0,-110,-110,,,,,2,,0,Kent,OH,1,325,,,,-5.0,"37,33","28,39",-160,140,-2.0,-110,-110,140.0,-110,-110
ncaab:401082463,ncaab,2019-02-06T01:00Z,final,164,130,Rutgers,Michigan,65,77,415,-540,,0,,,9.5,-110,-110,,,,,2,,0,Piscataway,NJ,1,30,,,,-5.0,"31,34","43,34",240,-305,5.5,-105,-115,126.0,115,-138
ncaab:401082709,ncaab,2019-02-06T01:00Z,final,183,52,Syracuse,Florida St,62,80,-150,130,,0,,,-3.0,-110,-110,,,,,2,,0,Syracuse,NY,1,121,,,,-5.0,"31,31","39,41",-138,113,-1.5,-105,-115,136.0,-110,-110
ncaab:401082851,ncaab,2019-02-06T01:00Z,final,153,152,North Carolina,NC State,113,96,,,,0,,,,,,,,,,2,,0,Chapel Hill,NC,1,148,,,,-5.0,"56,57","40,56",,,,,,,,
ncaab:401083261,ncaab,2019-02-06T01:00Z,final,269,2599,Marquette,St John's,69,70,,,,0,,,,,,,,,,2,,0,Milwaukee,WI,1,188,,,,-6.0,"30,39","40,30",,,,,,,,
ncaab:401086252,ncaab,2019-02-06T01:00Z,final,2459,2050,N Illinois,Ball State,71,72,-130,110,,0,,,-2.0,-110,-110,,,,,2,,0,Dekalb,IL,1,268,,,,-6.0,"25,46","27,45",-130,110,-1.0,-110,-110,147.5,-110,-110
ncaab:401089304,ncaab,2019-02-06T01:00Z,final,2287,2674,Illinois St,Valparaiso,53,69,-305,255,,0,,,-7.0,-110,-110,,,,,2,,0,Normal,IL,1,244,,,,-6.0,"24,29","41,28",-210,165,-4.0,-105,-115,125.5,-110,-110
ncaab:401082938,ncaab,2019-02-06T02:00Z,final,8,238,Arkansas,Vanderbilt,69,66,-305,245,,0,,,-6.5,-110,-110,,,,,2,,0,Fayetteville,AR,1,427,,,,-6.0,"34,35","35,31",-210,175,-4.0,-105,-115,147.0,-108,-112
ncaab:401083442,ncaab,2019-02-06T02:00Z,final,2306,2305,Kansas St,Kansas,74,67,-160,140,,0,,,-3.0,-110,-110,,,,,2,,0,Manhattan,KS,1,311,,,,-6.0,"30,44","33,34",-140,120,-1.5,-110,-110,134.0,-110,-110
ncaab:401083556,ncaab,2019-02-06T02:00Z,final,2633,142,Tennessee,Missouri,72,60,-3333,1315,,0,,,-18.5,-115,-105,,,,,2,,0,Knoxville,TN,1,276,,,,-5.0,"37,35","31,29",-1000,700,-11.0,-105,-115,144.5,-110,-110
ncaab:401083558,ncaab,2019-02-06T02:00Z,final,2,57,Auburn,Florida,76,62,-450,350,,0,,,-9.0,-110,-110,,,,,2,,0,Auburn,AL,1,215,,,,-6.0,"36,40","30,32",-265,205,-5.0,-110,-110,138.5,-115,-105
ncaab:401085612,ncaab,2019-02-06T02:00Z,final,139,2168,Saint Louis,Dayton,73,60,115,-135,,0,,,2.0,-110,-110,,,,,2,,0,St. Louis,MO,1,142,,,,-6.0,"34,39","22,38",102,-123,0.5,-115,-105,130.5,-110,-110
ncaab:401089670,ncaab,2019-02-06T03:30Z,final,278,328,Fresno St,Utah State,81,82,137,-157,,0,,,3.0,-110,-110,,,,,2,,0,Fresno,CA,1,94,,,,-8.0,"37,44","43,39",115,-135,1.0,-110,-110,142.0,-110,-110
ncaab:401089683,ncaab,2019-02-06T04:00Z,final,167,21,New Mexico,San Diego St,83,70,125,-145,,0,,,2.5,-110,-110,,,,,2,,0,Albuquerque,NM,1,1511,,,,-7.0,"36,47","37,33",115,-135,1.5,-115,-105,150.5,-110,-110
ncaab:401084630,ncaab,2019-02-06T23:00Z,final,218,41,Temple,UConn,81,63,,,,0,,,,,,,,,,2,,0,Philadelphia,PA,1,12,,,,-5.0,"46,35","20,43",,,,,,,,
ncaab:401082439,ncaab,2019-02-07T00:00Z,final,158,120,Nebraska,Maryland,45,60,-150,130,,0,,,-3.0,-105,-115,,,,,2,,0,Lincoln,NE,1,367,,,,-6.0,"20,25","28,32",-130,110,-1.0,-110,-110,133.5,-111,-109
ncaab:401082660,ncaab,2019-02-07T00:00Z,final,59,228,Georgia Tech,Clemson,42,65,160,-185,,0,,,3.5,-105,-115,,,,,2,,0,Atlanta,GA,1,320,,,,-5.0,"24,18","33,32",135,-155,2.0,-110,-110,126.5,-110,-110
ncaab:401082834,ncaab,2019-02-07T00:00Z,final,2390,87,Miami,Notre Dame,62,47,-176,149,,0,,,-3.5,-110,-110,,,,,2,,0,Coral Gables,FL,1,3,,,,-5.0,"28,34","23,24",-155,135,-2.0,-110,-110,143.5,-110,-110
ncaab:401083099,ncaab,2019-02-07T00:00Z,final,145,245,Ole Miss,Texas A&M,75,71,-540,415,,0,,,-9.5,-110,-110,,,,,2,,0,Oxford,MS,1,154,,,,-6.0,"37,38","36,35",-311,244,-5.5,-105,-115,147.5,-110,-110
ncaab:401084791,ncaab,2019-02-07T00:00Z,final,151,2724,East Carolina,Wichita St,49,65,199,-240,,0,,,5.5,-110,-110,,,,,2,,0,Greenville,NC,1,18,,,,-5.0,"20,29","34,31",160,-185,3.0,-110,-110,140.0,-110,-110
ncaab:401085586,ncaab,2019-02-07T00:00Z,final,2166,227,Davidson,Rhode Island,68,53,-190,163,,0,,,-4.5,-110,-110,,,,,2,,0,Davidson,NC,1,256,,,,-5.0,"30,38","27,26",-164,140,-2.5,-105,-115,137.0,-110,-110
ncaab:401085669,ncaab,2019-02-07T00:00Z,final,257,2244,Richmond,George Mason,81,67,135,-155,,0,,,3.0,-119,102,,,,,2,,0,Richmond,VA,1,64,,,,-5.0,"37,44","30,37",105,-128,1.0,-110,-110,142.5,-110,-110
ncaab:401085746,ncaab,2019-02-07T00:00Z,final,45,2670,G Washington,VCU,50,60,,,,0,,,,,,,,,,2,,0,Washington,DC,1,7,,,,-5.0,"30,20","34,26",,,,,,,,
ncaab:401086293,ncaab,2019-02-07T00:00Z,final,113,2230,UMass,Fordham,67,85,,,,0,,,,,,,,,,2,,0,Amherst,MA,1,82,,,,-5.0,"26,41","47,38",,,,,,,,
ncaab:401086555,ncaab,2019-02-07T00:00Z,final,2066,2619,Binghamton,Stony Brook,59,85,255,-310,,0,,,7.5,-110,-110,,,,,2,,0,Binghamton,NY,1,264,,,,-5.0,"25,34","39,46",,,,,,133.0,-105,-115
ncaab:401086596,ncaab,2019-02-07T00:00Z,final,2378,42,UMBC,Hartford,61,70,-185,160,,0,,,-4.0,-110,-110,,,,,2,,0,Baltimore,MD,1,10,,,,-5.0,"33,28","32,38",,,,,,135.0,-110,-110
ncaab:401086616,ncaab,2019-02-07T00:00Z,final,261,311,Vermont,Maine,86,63,-3250,1625,,0,,,-18.5,-110,-110,,,,,2,,0,Burlington,VT,1,61,,,,-5.0,"49,37","33,30",,,,,,132.0,-103,-128
ncaab:401086637,ncaab,2019-02-07T00:00Z,final,2349,160,UMass Lowell,New Hampshire,72,62,-960,710,,0,,,-12.5,-105,-115,,,,,2,,0,Lowell,MA,1,36,,,,-5.0,"44,28","32,30",,,,,,139.5,-110,-110
ncaab:401086670,ncaab,2019-02-07T00:00Z,final,526,2453,FGCU,North Alabama,71,64,,,,0,,,,,,,,,,2,,0,Fort Myers,FL,1,3,,,,-5.0,"31,40","31,33",,,,,,,,
ncaab:401086697,ncaab,2019-02-07T00:00Z,final,294,338,Jacksonville,Kennesaw St,82,73,-775,575,,0,,,-11.5,-110,-110,,,,,2,,0,Jacksonville,FL,1,5,,,,-5.0,"27,55","37,36",,,,,,143.0,-110,-110
ncaab:401086742,ncaab,2019-02-07T00:00Z,final,2454,288,North Florida,Lipscomb,55,92,500,-675,,0,,,11.0,-110,-110,,,,,2,,0,Jacksonville,FL,1,5,,,,-5.0,"23,32","47,45",,,,,,163.0,-110,-110
ncaab:401088061,ncaab,2019-02-07T00:00Z,final,2426,44,Navy,American,77,67,140,-160,,0,,,3.0,-109,-107,,,,,2,,0,Annapolis,MD,1,12,,,,-5.0,"33,44","27,40",,,,,,134.5,-110,-110
ncaab:401088120,ncaab,2019-02-07T00:00Z,final,104,322,Boston U,Lafayette,72,79,-350,290,,0,,,-7.5,109,-132,,,,,2,,0,Boston,MA,1,14,,,,-5.0,"38,34","39,40",,,,,,146.0,-110,-110
ncaab:401088133,ncaab,2019-02-07T00:00Z,final,2352,2083,Loyola MD,Bucknell,72,84,180,-220,,0,,,5.0,-110,-110,,,,,2,,0,Baltimore,MD,1,10,,,,-5.0,"25,47","34,50",,,,,,150.0,-110,-110
ncaab:401089305,ncaab,2019-02-07T00:00Z,final,282,339,Indiana St,Evansville,85,62,-200,170,,0,,,-4.5,-106,-114,,,,,2,,0,Terre Haute,IN,1,152,,,,-5.0,"39,46","17,45",-165,145,-2.5,-105,-115,137.0,-110,-110
ncaab:401088083,ncaab,2019-02-07T00:05Z,final,107,349,Holy Cross,Army,56,42,-170,150,,0,,,-3.5,-110,-110,,,,,2,,0,Worcester,MA,1,147,,,,-5.0,"25,31","19,23",,,,,,135.5,-110,-110
ncaab:401083285,ncaab,2019-02-07T00:30Z,final,2507,46,Providence,Georgetown,67,76,-260,220,,0,,,-6.0,-110,-110,,,,,2,,0,Providence,RI,1,2,,,,-5.0,"27,40","34,42",-170,150,-2.5,-115,-105,151.0,-110,-110
ncaab:401085637,ncaab,2019-02-07T00:30Z,final,2184,179,Duquesne,St Bonaventure,49,51,,,,0,,,,,,,,,,2,,0,Pittsburgh,PA,1,233,,,,-5.0,"22,27","23,28",,,,,,,,
ncaab:401089377,ncaab,2019-02-07T00:30Z,final,2534,2377,Sam Houston,McNeese,77,62,-615,465,,0,,,-10.5,-110,-110,,,,,2,,0,Huntsville,TX,1,113,,,,-6.0,"32,45","27,35",,,,,,140.5,-110,-110
ncaab:401089414,ncaab,2019-02-07T00:30Z,final,2466,2443,N'Western St,LSU N Orleans,73,81,,,,0,,,,,,,,,,2,,0,Natchitoches,LA,1,36,,,,-6.0,"34,35,4","36,33,12",,,,,,,,
ncaab:401083235,ncaab,2019-02-07T01:00Z,final,222,156,Villanova,Creighton,66,59,-640,490,,0,,,-10.5,-110,-110,,,,,2,,0,Villanova,PA,1,121,,,,-5.0,"25,24,17","24,25,10",-312,255,-5.5,-110,-110,149.0,-113,-107
ncaab:401083392,ncaab,2019-02-07T01:00Z,final,251,239,Texas,Baylor,84,72,-145,125,,0,,,-2.5,-110,-110,,,,,2,,0,Austin,TX,1,149,,,,-6.0,"45,39","30,42",-140,120,-1.5,-105,-115,134.0,-110,-110
ncaab:401087995,ncaab,2019-02-07T01:00Z,final,2433,2247,UL Monroe,Georgia St,82,76,,,,0,,,,,,,,,,2,,0,Monroe,LA,1,23,,,,-6.0,"40,42","34,42",,,,,,,,
ncaab:401088015,ncaab,2019-02-07T01:00Z,final,309,290,Louisiana,GA Southern,86,103,,,,0,,,,,,,,,,2,,0,Lafayette,LA,1,11,,,,-6.0,"38,48","51,52",,,,,,,,
ncaab:401089070,ncaab,2019-02-07T01:00Z,final,155,2449,North Dakota,N Dakota St,70,74,,,,0,,,,,,,,,,2,,0,Grand Forks,ND,1,253,,,,-6.0,"27,43","30,44",,,,,,,,
ncaab:401089126,ncaab,2019-02-07T01:00Z,final,357,2545,Texas A&M-CC,SE Louisiana,58,64,,,,0,,,,,,,,,,2,,0,Corpus Christi,TX,1,2,,,,-6.0,"34,24","32,32",,,,,,,,
ncaab:401089148,ncaab,2019-02-07T01:00Z,final,2277,2617,Hou Christian,SF Austin,77,79,,,,0,,,,,,,,,,2,,0,Houston,TX,1,12,,,,-6.0,"41,36","39,40",,,,,,,,
ncaab:401089306,ncaab,2019-02-07T01:00Z,final,2623,79,Missouri St,S Illinois,65,59,,,,0,,,,,,,,,,2,,0,Springfield,MO,1,396,,,,-6.0,"36,29","23,36",,,,,,,,
ncaab:401089307,ncaab,2019-02-07T01:00Z,final,2460,71,Northern Iowa,Bradley,71,79,-220,184,,0,,,-5.0,-110,-110,,,,,2,,0,Cedar Falls,IA,1,268,,,,-6.0,"34,37","36,43",-182,149,-2.5,-126,104,125.5,-110,-110
ncaab:401089517,ncaab,2019-02-07T01:00Z,final,2320,2000,Lamar,Abilene Chrstn,64,75,-102,-118,,0,,,0.0,-105,-115,,,,,2,,0,Beaumont,TX,1,5,,,,-6.0,"31,33","33,42",,,,,,141.0,-110,-110
ncaab:401082507,ncaab,2019-02-07T02:00Z,final,135,275,Minnesota,Wisconsin,51,56,125,-145,,0,,,2.5,-115,-105,,,,,2,,0,Minneapolis,MN,1,253,,,,-6.0,"21,30","24,32",115,-135,1.5,-115,-105,132.5,-110,-110
ncaab:401082966,ncaab,2019-02-07T02:00Z,final,333,61,Alabama,Georgia,89,74,-395,315,,0,,,-8.0,-110,-110,,,,,2,,0,Tuscaloosa,AL,1,68,,,,-6.0,"41,48","38,36",-240,190,-4.5,-105,-115,149.0,-110,-110
ncaab:401083079,ncaab,2019-02-07T02:00Z,final,344,99,Mississippi St,LSU,88,92,-160,140,,0,,,-3.0,-110,-110,,,,,2,,0,Starkville,MS,1,101,,,,-6.0,"42,41,5","34,49,9",-141,120,-1.5,-110,-110,154.5,-110,-110
ncaab:401083522,ncaab,2019-02-07T02:00Z,final,2628,197,TCU,Oklahoma St,70,68,-426,338,,0,,,-8.5,-110,-110,,,,,2,,0,Fort Worth,TX,1,199,,,,-6.0,"39,31","28,40",-275,225,-4.5,-110,-110,136.0,-110,-110
ncaab:401087092,ncaab,2019-02-07T02:00Z,final,26,38,UCLA,Colorado,73,84,-260,220,,0,,,-6.0,-107,-113,,,,,2,,0,Los Angeles,CA,1,89,,,,-8.0,"37,36","38,46",-196,165,-3.0,-115,-105,152.0,-110,-110
ncaab:401089593,ncaab,2019-02-07T02:00Z,final,2005,2751,Air Force,Wyoming,81,76,-450,350,,0,,,-9.0,-110,-110,,,,,2,,0,Colorado Springs,CO,1,1832,,,,-7.0,"44,37","35,41",-263,215,-5.0,-110,-110,128.5,-110,-110
ncaab:401087070,ncaab,2019-02-07T02:30Z,final,2483,25,Oregon,California,73,62,-1914,1035,,0,,,-16.0,-110,-110,,,,,2,,0,Eugene,OR,1,131,,,,-8.0,"32,41","21,41",-700,500,-9.0,-110,-110,139.0,-110,-110
ncaab:401085338,ncaab,2019-02-07T03:00Z,final,2540,2463,Santa Barbara,CSU Northridge,70,64,,,,0,,,,,,,,,,2,,0,Santa Barbara,CA,1,15,,,,-8.0,"28,42","29,35",,,,,,,,
ncaab:401087243,ncaab,2019-02-07T03:00Z,final,300,2239,UC Irvine,Fullerton,60,53,-265,225,,0,,,-6.0,-112,-104,,,,,2,,0,Irvine,CA,1,17,,,,-8.0,"18,42","21,32",-210,165,-3.5,-110,-110,136.0,-110,-110
ncaab:401089654,ncaab,2019-02-07T03:00Z,final,36,2440,Colorado St,Nevada,82,98,700,-1000,,0,,,12.5,-107,-109,,,,,2,,0,Fort Collins,CO,1,1525,,,,-7.0,"41,41","52,46",360,-450,7.0,-105,-115,155.5,-110,-110
ncaab:401087167,ncaab,2019-02-07T04:00Z,final,30,254,USC,Utah,70,77,-263,215,,0,,,-6.5,-105,-115,,,,,2,,0,Los Angeles,CA,1,89,,,,-8.0,"23,47","37,40",-196,165,-3.0,-115,-105,149.5,-110,-110
ncaab:401089611,ncaab,2019-02-07T04:00Z,final,68,2439,Boise St,UNLV,72,83,-263,215,,0,,,-6.0,-110,-110,,,,,2,,0,Boise,ID,1,823,,,,-7.0,"43,29","39,44",-196,165,-3.0,-123,101,146.5,-110,-110
ncaab:401087488,ncaab,2019-02-07T22:00Z,final,2598,2115,Saint Francis,C Connecticut,90,85,,,,0,,,,,,,,,,2,,0,Loretto,PA,1,595,,,,-5.0,"48,42","40,45",,,,,,,,
ncaab:401087530,ncaab,2019-02-07T23:00Z,final,2529,161,Sacred Heart,FDU,69,63,,,,0,,,,,,,,,,2,,0,Fairfield,CT,1,4,,,,-8.0,"29,40","25,38",,,,,,,,
ncaab:401082561,ncaab,2019-02-08T00:00Z,final,194,213,Ohio State,Penn State,74,70,-330,270,,0,,,-7.0,-110,-110,,,,,2,,0,Columbus,OH,1,235,,,,-5.0,"34,40","31,39",-225,175,-4.0,-110,-110,131.0,-110,-110
ncaab:401083875,ncaab,2019-02-08T00:00Z,final,2275,2210,Hofstra,Elon,102,61,-3000,1500,,0,,,-18.0,-110,-110,,,,,2,,0,Hempstead,NY,1,17,,,,-5.0,"57,45","22,39",-1000,700,-10.5,-115,-105,147.0,-110,-110
ncaab:401083902,ncaab,2019-02-08T00:00Z,final,48,232,Delaware,Charleston,75,83,184,-220,,0,,,5.0,-110,-110,,,,,2,,0,Newark,DE,1,38,,,,-5.0,"34,41","33,50",150,-175,2.5,-110,-110,133.5,-110,-110
ncaab:401083954,ncaab,2019-02-08T00:00Z,final,2182,350,Drexel,UNC Wilmington,69,57,-189,160,,0,,,-4.0,-110,-110,,,,,2,,0,Philadelphia,PA,1,12,,,,-5.0,"23,46","22,35",-165,145,-2.5,-105,-115,162.5,-110,-110
ncaab:401084064,ncaab,2019-02-08T00:00Z,final,111,2729,Northeastern,William & Mary,72,60,-507,392,,0,,,-9.5,-110,-110,,,,,2,,0,Boston,MA,1,14,,,,-5.0,"41,31","24,36",-305,225,-5.0,-115,-105,147.5,-110,-110
ncaab:401084792,ncaab,2019-02-08T00:00Z,final,235,2132,Memphis,Cincinnati,64,69,183,-217,,0,,,5.0,-110,-110,,,,,2,,0,Memphis,TN,1,78,,,,-6.0,"35,29","29,40",138,-168,2.0,-110,-110,147.5,-110,-110
ncaab:401084793,ncaab,2019-02-08T00:00Z,final,2116,248,UCF,Houston,68,77,125,-147,,0,,,2.5,-110,-110,,,,,2,,0,Orlando,FL,1,30,,,,-5.0,"25,43","40,37",110,-130,1.0,103,-125,132.0,-110,-110
ncaab:401086024,ncaab,2019-02-08T00:00Z,final,2612,2405,Saint Peter's,Monmouth,51,53,,,,0,,,,,,,,,,2,,0,Jersey City,NJ,1,9,,,,-5.0,"27,24","25,28",,,,,,,,
ncaab:401087509,ncaab,2019-02-08T00:00Z,final,2523,2803,Robert Morris,Bryant,72,59,-420,340,,0,,,-8.5,-110,-110,,,,,2,,0,Moon Township,PA,1,358,,,,-5.0,"24,48","31,28",,,,,,134.0,-110,-110
ncaab:401087799,ncaab,2019-02-08T00:00Z,final,2597,2681,St Francis BK,Wagner,51,44,,,,0,,,,,,,,,,2,,0,Brooklyn,NY,1,15,,,,-5.0,"17,34","19,25",,,,,,,,
ncaab:401087867,ncaab,2019-02-08T00:00Z,final,2653,2031,Troy,Little Rock,70,84,-160,140,,0,,,-3.5,-103,-113,,,,,2,,0,Troy,AL,1,165,,,,-6.0,"36,34","30,54",-140,120,-1.5,-105,-115,148.5,-110,-110
ncaab:401088325,ncaab,2019-02-08T00:00Z,final,2272,2097,High Point,Campbell,57,56,-130,110,,0,,,-2.0,-110,-110,,,,,2,,0,High Point,NC,1,281,,,,-5.0,"21,36","30,26",,,,,,133.5,-110,-110
ncaab:401088327,ncaab,2019-02-08T00:00Z,final,2344,2241,Longwood,Gardner-Webb,88,89,100,-120,,0,,,1.0,-110,-110,,,,,2,,0,Farmville,VA,1,90,,,,-5.0,"36,40,12","37,39,13",,,,,,140.0,-110,-110
ncaab:401088328,ncaab,2019-02-08T00:00Z,final,2261,2515,Hampton,Radford,98,101,150,-170,,0,,,3.5,-110,-110,,,,,2,,0,Hampton,VA,1,1,,,,-5.0,"41,45,12","41,45,15",,,,,,147.0,-110,-110
ncaab:401088329,ncaab,2019-02-08T00:00Z,final,2506,2427,Presbyterian,UNC Asheville,67,44,-1500,1000,,0,,,-15.5,-110,-110,,,,,2,,0,Clinton,SC,1,76,,,,-5.0,"32,35","17,27",,,,,,138.5,-110,-110
ncaab:401088462,ncaab,2019-02-08T00:00Z,final,112358,116,Long Island,Mount St Marys,77,62,,,,0,,,,,,,,,,2,,0,Brooklyn,NY,1,15,,,,-5.0,"36,41","33,29",,,,,,,,
ncaab:401088483,ncaab,2019-02-08T00:00Z,final,325,2739,Cleveland St,Green Bay,65,82,175,-208,,0,,,4.5,-113,-103,,,,,2,,0,Cleveland,OH,1,199,,,,-5.0,"31,34","40,42",140,-160,2.0,-105,-115,162.5,-110,-110
ncaab:401088502,ncaab,2019-02-08T00:00Z,final,94,2174,N Kentucky,Detroit Mercy,97,65,-947,647,,0,,,-13.0,-105,-115,,,,,2,,0,Highland Heights,KY,1,260,,,,-5.0,"51,46","31,34",-470,345,-7.5,-110,-110,147.5,-110,-110
ncaab:401088785,ncaab,2019-02-08T00:00Z,final,2678,236,VMI,Chattanooga,70,71,104,-121,,0,,,1.5,-110,-110,,,,,2,,0,Lexington,VA,1,324,,,,-5.0,"41,29","45,26",100,-120,0.5,-110,-110,152.5,-110,-110
ncaab:401088811,ncaab,2019-02-08T00:00Z,final,2430,2535,UNC Greensboro,Samford,75,67,-400,320,,0,,,-8.0,-115,-105,,,,,2,,0,Greensboro,NC,1,266,,,,-5.0,"35,40","27,40",-250,200,-4.5,-110,-110,149.5,-110,-110
ncaab:401088847,ncaab,2019-02-08T00:00Z,final,2193,2747,ETSU,Wofford,76,78,,,,0,,,,,,,,,,2,,0,Johnson City,TN,1,498,,,,-5.0,"38,26,12","37,27,14",,,,,,,,
ncaab:401089051,ncaab,2019-02-08T00:00Z,final,2870,2710,Purdue FW,W Illinois,79,64,,,,0,,,,,,,,,,2,,0,Fort Wayne,IN,1,247,,,,-5.0,"34,45","30,34",,,,,,,,
ncaab:401089926,ncaab,2019-02-08T00:00Z,final,2754,270,Youngstown St,Milwaukee,72,71,-167,142,,0,,,-3.0,-110,-110,,,,,2,,0,Youngstown,OH,1,259,,,,-5.0,"27,45","28,43",-141,120,-1.5,-110,-110,144.5,-110,-110
ncaab:401089948,ncaab,2019-02-08T00:00Z,final,2750,2473,Wright St,Oakland,76,62,-320,260,,0,,,-7.0,-115,-105,,,,,2,,0,Dayton,OH,1,225,,,,-5.0,"35,41","41,21",-222,180,-4.0,-105,-116,145.0,-110,-110
ncaab:401087331,ncaab,2019-02-08T00:30Z,final,2393,2429,MTSU,Charlotte,71,53,,,,0,,,,,,,,,,2,,0,Murfreesboro,TN,1,186,,,,-6.0,"35,36","31,22",,,,,,,,
ncaab:401088326,ncaab,2019-02-08T00:30Z,final,2127,2737,Charleston So,Winthrop,72,76,-110,-110,,0,,,0.0,-110,-110,,,,,2,,0,Charleston,SC,1,6,,,,-5.0,"35,37","33,43",,,,,,164.5,-110,-110
ncaab:401088886,ncaab,2019-02-08T00:30Z,final,2717,231,W Carolina,Furman,45,64,,,,0,,,,,,,,,,2,,0,Cullowhee,NC,1,645,,,,-5.0,"13,32","26,38",,,,,,,,
ncaab:401090084,ncaab,2019-02-08T00:30Z,final,2198,2057,E Kentucky,Belmont,65,83,,,,0,,,,,,,,,,2,,0,Richmond,KY,1,289,,,,-5.0,"31,34","45,38",,,,,,,,
ncaab:401090147,ncaab,2019-02-08T00:35Z,final,2413,2634,Morehead St,Tennessee St,80,81,-208,175,,0,,,-4.5,-110,-110,,,,,2,,0,Morehead,KY,1,153,,,,-6.0,"40,27,9,4","38,29,9,5",-170,150,-2.5,-110,-110,146.0,-110,-110
ncaab:401087049,ncaab,2019-02-08T01:00Z,final,9,265,Arizona St,Washington St,70,91,-1400,925,,0,,,-15.0,-110,-110,,,,,2,,0,Tempe,AZ,1,360,,,,-7.0,"33,37","50,41",-714,487,-9.0,-110,-110,157.0,-110,-110
ncaab:401087367,ncaab,2019-02-08T01:00Z,final,2636,2229,UTSA,FIU,100,67,,,,0,,,,,,,,,,2,,0,San Antonio,TX,1,198,,,,-6.0,"50,50","30,37",,,,,,,,
ncaab:401087915,ncaab,2019-02-08T01:00Z,final,326,2026,Texas St,App State,74,71,,,,0,,,,,,,,,,2,,0,San Marcos,TX,1,188,,,,-6.0,"38,36","38,33",,,,,,,,
ncaab:401087949,ncaab,2019-02-08T01:00Z,final,250,324,UT Arlington,Coastal,74,54,,,,0,,,,,,,,,,2,,0,Arlington,TX,1,184,,,,-6.0,"33,41","21,33",,,,,,,,
ncaab:401087974,ncaab,2019-02-08T01:00Z,final,6,2032,South Alabama,Arkansas St,70,62,-200,170,,0,,,-4.5,-110,-110,,,,,2,,0,Mobile,AL,1,3,,,,-6.0,"35,35","24,38",-170,150,-2.5,-110,-110,144.5,-110,-110
ncaab:401088192,ncaab,2019-02-08T01:00Z,final,249,276,North Texas,Marshall,78,51,-285,245,,0,,,-6.5,-110,-110,,,,,2,,0,Denton,TX,1,201,,,,-6.0,"36,42","26,25",-196,165,-3.0,-115,-105,158.5,-110,-110
ncaab:401088388,ncaab,2019-02-08T01:00Z,final,5,295,UAB,Old Dominion,59,70,105,-125,,0,,,1.5,-110,-110,,,,,2,,0,Birmingham,AL,1,187,,,,-6.0,"35,24","28,42",105,-125,0.5,-105,-115,130.0,-115,-105
ncaab:401089027,ncaab,2019-02-08T01:00Z,final,198,2172,Oral Roberts,Denver,78,65,-160,140,,0,,,-3.0,-110,-110,,,,,2,,0,Tulsa,OK,1,220,,,,-6.0,"38,40","22,43",-145,125,-1.5,-117,-103,145.0,-110,-110
ncaab:401089371,ncaab,2019-02-08T01:00Z,final,233,2437,South Dakota,Omaha,102,107,-115,-105,,1,,,0.0,-110,-110,,,,,2,,0,Sioux Falls,SD,1,448,,,,-6.0,"33,54,15","40,47,20",-115,-105,0.0,-115,-105,146.0,-110,-110
ncaab:401090105,ncaab,2019-02-08T01:00Z,final,93,2197,Murray St,E Illinois,86,75,,,,0,,,,,,,,,,2,,0,Murray,KY,1,163,,,,-6.0,"40,46","40,35",,,,,,,,
ncaab:401086931,ncaab,2019-02-08T01:30Z,final,2464,304,N Arizona,Idaho St,79,81,-150,130,,0,,,-3.0,-105,-115,,,,,2,,0,Flagstaff,AZ,1,2104,,,,-7.0,"39,40","50,31",-140,120,-1.5,-110,-110,147.5,-110,-110
ncaab:401086933,ncaab,2019-02-08T01:30Z,final,253,2692,Southern Utah,Weber St,65,53,135,-155,,0,,,3.0,-113,-103,,,,,2,,0,Cedar City,UT,1,1782,,,,-7.0,"33,32","27,26",130,-150,2.0,-115,-105,155.0,-110,-110
ncaab:401089541,ncaab,2019-02-08T01:30Z,final,2046,2565,Austin Peay,SIUE,80,45,,,,0,,,,,,,,,,2,,0,Clarksville,TN,1,145,,,,-6.0,"42,38","18,27",,,,,,,,
ncaab:401090134,ncaab,2019-02-08T01:30Z,final,2630,55,UT Martin,Jax State,66,64,,,,0,,,,,,,,,,2,,0,Martin,TN,1,124,,,,-6.0,"31,35","38,26",,,,,,,,
ncaab:401090221,ncaab,2019-02-08T01:45Z,final,2546,2635,SE Missouri,Tennessee Tech,71,66,,,,0,,,,,,,,,,2,,0,Cape Girardeau,MO,1,108,,,,-6.0,"19,39,13","19,39,8",,,,,,,,
ncaab:401082383,ncaab,2019-02-08T02:00Z,final,84,2294,Indiana,Iowa,72,77,-140,120,,0,,,-2.5,-110,-110,,,,,2,,0,Bloomington,IN,1,235,,,,-5.0,"36,36","46,31",-140,120,-1.5,-105,-115,147.0,-110,-110
ncaab:401083643,ncaab,2019-02-08T02:00Z,final,2250,2539,Gonzaga,San Francisco,92,62,-5488,1674,,0,,,-19.0,-105,-115,,,,,2,,0,Spokane,WA,1,571,,,,-8.0,"43,49","30,32",-1000,650,-11.0,-110,-110,151.0,-110,-110
ncaab:401084794,ncaab,2019-02-08T02:00Z,final,2567,58,SMU,South Florida,66,67,,,,0,,,,,,,,,,2,,0,Dallas,TX,1,128,,,,-6.0,"35,31","39,28",,,,,,,,
ncaab:401086195,ncaab,2019-02-08T02:00Z,final,2253,292,Grand Canyon,UT Rio Grande,69,72,,,,0,,,,,,,,,,2,,0,Phoenix,AZ,1,331,,,,-7.0,"32,37","30,42",,,,,,,,
ncaab:401086929,ncaab,2019-02-08T02:00Z,final,147,331,Montana St,E Washington,74,66,,,,0,,,,,,,,,,2,,0,Bozeman,MT,1,1468,,,,-7.0,"34,40","32,34",,,,,,,,
ncaab:401086930,ncaab,2019-02-08T02:00Z,final,149,70,Montana,Idaho,100,59,-4500,2250,,0,,,-20.5,-105,-115,,,,,2,,0,Missoula,MT,1,978,,,,-7.0,"59,41","25,34",,,-12.0,-110,-110,138.0,-110,-110
ncaab:401087026,ncaab,2019-02-08T02:00Z,final,12,264,Arizona,Washington,60,67,,,,0,,,,,,,,,,2,,0,Tucson,AZ,1,759,,,,-7.0,"28,32","29,38",,,,,,,,
ncaab:401087349,ncaab,2019-02-08T02:00Z,final,2638,2226,UTEP,FAU,48,61,,,,0,,,,,,,,,,2,,0,El Paso,TX,1,1133,,,,-7.0,"19,29","30,31",,,,,,,,
ncaab:401088565,ncaab,2019-02-08T02:00Z,final,242,98,Rice,Western KY,85,92,180,-220,,0,,,5.0,-110,-110,,,,,2,,0,Houston,TX,1,12,,,,-6.0,"42,29,9,5","44,27,9,12",145,-165,2.5,-105,-115,150.0,-110,-110
ncaab:401086932,ncaab,2019-02-08T02:05Z,final,2458,2502,N Colorado,Portland St,80,62,-420,340,,0,,,-8.5,-110,-110,,,,,2,,0,Greeley,CO,1,1425,,,,-7.0,"41,39","23,39",-270,220,-4.5,-110,-110,146.5,-110,-110
ncaab:401083697,ncaab,2019-02-08T03:00Z,final,2492,2541,Pepperdine,Santa Clara,71,79,-333,271,,0,,,-7.0,-115,-105,,,,,2,,0,Malibu,CA,1,32,,,,-8.0,"34,37","34,45",-220,170,-4.0,-105,-115,142.5,-110,-110
ncaab:401083781,ncaab,2019-02-08T03:00Z,final,2351,301,LMU,San Diego,63,65,,,,0,,,,,,,,,,2,,0,Los Angeles,CA,1,89,,,,-8.0,"31,32","29,36",,,,,,,,
ncaab:401085313,ncaab,2019-02-08T03:00Z,final,13,302,Cal Poly,UC Davis,53,63,160,-185,,0,,,4.0,-110,-110,,,,,2,,0,San Luis Obispo,CA,1,71,,,,-8.0,"25,28","34,29",130,-150,2.0,-110,-110,128.0,-110,-110
ncaab:401086196,ncaab,2019-02-08T03:00Z,final,2856,2130,CA Baptist,Chicago St,94,44,,,,0,,,,,,,,,,2,,0,Riverside,CA,1,252,,,,-8.0,"49,45","13,31",,,,,,,,
ncaab:401086197,ncaab,2019-02-08T03:00Z,final,2934,166,Bakersfield,New Mexico St,70,71,200,-240,,0,,,5.5,-110,-110,,,,,2,,0,Bakersfield,CA,1,123,,,,-8.0,"20,42,8","26,36,9",,,,,,137.5,-110,-110
ncaab:401087131,ncaab,2019-02-08T03:00Z,final,204,24,Oregon St,Stanford,60,83,-376,302,,0,,,-7.5,-110,-110,,,,,2,,0,Corvallis,OR,1,71,,,,-8.0,"35,25","48,35",-235,189,-4.0,-115,-105,144.5,-110,-110
ncaab:401087261,ncaab,2019-02-08T03:00Z,final,299,62,Long Beach St,Hawai'i,70,77,,,,0,,,,,,,,,,2,,0,Long Beach,CA,1,9,,,,-8.0,"35,35","41,36",,,,,,,,
ncaab:401083620,ncaab,2019-02-08T04:00Z,final,2501,252,Portland,BYU,48,83,675,-1050,,0,,,12.5,-110,-110,,,,,2,,0,Portland,OR,1,12,,,,-8.0,"21,27","40,43",350,-500,7.0,-105,-115,145.0,-105,-115
ncaab:401083673,ncaab,2019-02-08T04:00Z,final,2608,279,Saint Mary's,Pacific,78,66,-1365,837,,0,,,-14.5,-110,-110,,,,,2,,0,Moraga,CA,1,152,,,,-8.0,"42,36","39,27",-630,430,-8.5,-110,-110,131.5,-110,-110
ncaab:401085691,ncaab,2019-02-09T00:00Z,final,2603,139,Saint Joseph's,Saint Louis,91,61,150,-175,,0,,,3.5,-110,-110,,,,,2,,0,Philadelphia,PA,1,12,,,,-5.0,"45,46","34,27",120,-140,1.5,102,-124,135.5,-110,-110
ncaab:401085772,ncaab,2019-02-09T00:00Z,final,314,2514,Iona,Quinnipiac,65,66,-170,148,,0,,,-3.5,-110,-110,,,,,2,,0,New Rochelle,NY,1,26,,,,-5.0,"29,36","38,28",-159,135,-2.0,-105,-115,155.5,-110,-110
ncaab:401085919,ncaab,2019-02-09T00:00Z,final,2520,2099,Rider,Canisius,80,81,-475,380,,0,,,-9.5,-110,-110,,,,,2,,0,Lawrenceville,NJ,1,37,,,,-5.0,"40,40","42,39",-300,220,-5.0,-115,-105,151.0,-110,-110
ncaab:401085968,ncaab,2019-02-09T00:00Z,final,2363,2561,Manhattan,Siena,49,51,130,-149,,0,,,2.5,-106,-110,,,,,2,,0,Riverdale,NY,1,159,,,,-8.0,"17,32","16,35",120,-141,1.5,-110,-110,113.5,-110,-110
ncaab:401085987,ncaab,2019-02-09T00:00Z,final,2368,315,Marist,Niagara,79,58,-145,125,,0,,,-2.5,-110,-110,,,,,2,,0,Poughkeepsie,NY,1,62,,,,-5.0,"41,38","30,28",-140,120,-1.5,-110,-110,144.5,-110,-110
ncaab:401087888,ncaab,2019-02-09T00:00Z,final,225,219,Brown,Penn,82,92,103,-123,,0,,,1.5,-110,-110,,,,,2,,0,Providence,RI,1,2,,,,-5.0,"34,48","46,46",105,-127,0.5,-110,-110,141.0,-110,-110
ncaab:401087932,ncaab,2019-02-09T00:00Z,final,108,171,Harvard,Columbia,98,96,-665,515,,0,,,-10.5,-113,-104,,,,,2,,0,Cambridge,MA,1,5,,,,-5.0,"37,32,12,8,9","36,33,12,8,7",-375,275,-6.0,-110,-110,131.0,-110,-110
ncaab:401088028,ncaab,2019-02-09T00:00Z,final,159,172,Dartmouth,Cornell,80,83,-160,140,,0,,,-3.5,-110,-110,,,,,2,,0,Hanover,NH,1,162,,,,-5.0,"34,46","40,43",-150,130,-2.0,-105,-115,140.0,-110,-110
ncaab:401088430,ncaab,2019-02-09T00:00Z,final,43,163,Yale,Princeton,74,60,-320,260,,0,,,-7.5,-105,-115,,,,,2,,0,New Haven,CT,1,18,,,,-5.0,"36,38","22,38",-233,190,-4.0,-110,-110,140.0,-110,-110
ncaab:401087996,ncaab,2019-02-09T01:00Z,final,2433,290,UL Monroe,GA Southern,88,79,,,,0,,,,,,,,,,2,,0,Monroe,LA,1,23,,,,-6.0,"39,49","36,43",,,,,,,,
ncaab:401084012,ncaab,2019-02-09T02:00Z,final,2006,2309,Akron,Kent State,72,53,-175,155,,0,,,-10.5,-110,-110,,,,,2,,0,Akron,OH,1,291,,,,-5.0,"31,41","30,23",-159,135,-2.0,-110,-110,145.0,-110,-110
ncaab:401088016,ncaab,2019-02-09T02:00Z,final,309,2247,Louisiana,Georgia St,76,72,-123,103,,0,,,-1.5,-105,-115,,,,,2,,0,Lafayette,LA,1,11,,,,-6.0,"41,35","30,42",-117,-104,-0.5,-110,-110,162.0,-110,-110
ncaab:401082464,ncaab,2019-02-09T17:00Z,final,130,275,Michigan,Wisconsin,61,52,-312,250,,0,,,-7.0,-103,-113,,,,,2,,0,Ann Arbor,MI,1,269,,,,-5.0,"27,34","27,25",-212,171,-3.5,-110,-110,122.5,-110,-110
ncaab:401082661,ncaab,2019-02-09T17:00Z,final,228,259,Clemson,Virginia Tech,59,51,-164,140,,0,,,-3.0,-115,-105,,,,,2,,0,Clemson,SC,1,221,,,,-5.0,"33,26","29,22",-145,119,-1.5,-110,-110,125.5,-110,-110
ncaab:401082867,ncaab,2019-02-09T17:00Z,final,153,2390,North Carolina,Miami,88,85,-1700,1100,,0,,,-15.5,-110,-110,,,,,2,,0,Chapel Hill,NC,1,148,,,,-5.0,"31,46,11","30,47,8",-715,465,-9.5,-110,-110,154.5,-109,-111
ncaab:401083211,ncaab,2019-02-09T17:00Z,final,46,2086,Georgetown,Butler,69,73,-135,115,,0,,,-2.0,-110,-110,,,,,2,,0,Washington,DC,1,7,,,,-5.0,"35,34","41,32",-125,105,-0.5,-115,-105,153.0,-110,-110
ncaab:401083322,ncaab,2019-02-09T17:00Z,final,2599,2507,St John's,Providence,56,70,,,,0,,,,,,,,,,2,,0,New York,NY,1,10,,,,-5.0,"29,27","31,39",,,,,,,,
ncaab:401083536,ncaab,2019-02-09T17:00Z,final,2305,197,Kansas,Oklahoma St,84,72,-650,475,,0,,,-10.5,-115,-105,,,,,2,,0,Lawrence,KS,1,263,,,,-6.0,"36,48","36,36",-375,275,-6.0,-110,-110,137.5,-110,-110
ncaab:401084795,ncaab,2019-02-09T17:00Z,final,202,218,Tulsa,Temple,76,58,125,-145,,0,,,2.0,-104,-116,,,,,2,,0,Tulsa,OK,1,220,,,,-6.0,"39,37","31,27",105,-125,0.5,-110,-110,149.0,-108,-112
ncaab:401088121,ncaab,2019-02-09T17:00Z,final,2083,104,Bucknell,Boston U,82,76,-556,425,,0,,,-9.5,-110,-110,,,,,2,,0,Lewisburg,PA,1,144,,,,-5.0,"36,46","40,36",,,,,,149.5,-115,-105
ncaab:401083080,ncaab,2019-02-09T18:00Z,final,344,96,Mississippi St,Kentucky,67,71,160,-185,,0,,,3.5,-107,-109,,,,,2,,0,Starkville,MS,1,101,,,,-6.0,"25,42","40,31",135,-155,2.0,-110,-110,143.0,-110,-110
ncaab:401083100,ncaab,2019-02-09T18:00Z,final,61,145,Georgia,Ole Miss,64,80,140,-164,,0,,,3.0,-115,-105,,,,,2,,0,Athens,GA,1,228,,,,-5.0,"33,31","45,35",120,-140,1.5,-110,-110,152.0,-110,-110
ncaab:401085587,ncaab,2019-02-09T18:00Z,final,113,2166,UMass,Davidson,54,51,,,,0,,,,,,,,,,2,,0,Amherst,MA,1,82,,,,-5.0,"27,27","25,26",,,,,,,,
ncaab:401086025,ncaab,2019-02-09T18:00Z,final,2217,2405,Fairfield,Monmouth,49,61,-155,135,,0,,,-3.0,-110,-110,,,,,2,,0,Bridgeport,CT,1,1,,,,-5.0,"21,28","34,27",-140,120,-1.5,-110,-110,130.0,-126,105
ncaab:401086556,ncaab,2019-02-09T18:00Z,final,160,2066,New Hampshire,Binghamton,61,68,-125,105,,0,,,-1.5,-110,-110,,,,,2,,0,Durham,NH,1,15,,,,-5.0,"25,36","33,35",,,,,,122.5,-110,-110
ncaab:401088812,ncaab,2019-02-09T18:00Z,final,2678,2535,VMI,Samford,77,84,245,-305,,0,,,6.5,-110,-110,,,,,2,,0,Lexington,VA,1,324,,,,-5.0,"37,33,7","33,37,14",175,-210,3.5,-110,-110,157.5,-110,-110
ncaab:401089904,ncaab,2019-02-09T18:00Z,final,85,82,IU Indy,UIC,75,76,-185,160,,0,,,-4.0,-110,-110,,,,,2,,0,Indianapolis,IN,1,218,,,,-5.0,"36,39","50,26",-155,135,-2.0,-110,-110,146.5,-110,-110
ncaab:401082487,ncaab,2019-02-09T19:00Z,final,127,135,Michigan St,Minnesota,79,55,-1240,890,,0,,,-13.5,-114,-103,,,,,2,,0,East Lansing,MI,1,261,,,,-5.0,"35,44","24,31",-518,378,-7.5,-110,-110,142.5,-110,-110
ncaab:401082633,ncaab,2019-02-09T19:00Z,final,183,103,Syracuse,Boston College,67,56,-555,430,,0,,,-10.0,-110,-110,,,,,2,,0,Syracuse,NY,1,121,,,,-5.0,"31,36","24,32",-304,239,-5.5,-110,-110,137.5,-110,-110
ncaab:401082816,ncaab,2019-02-09T19:00Z,final,221,152,Pitt,NC State,76,79,,,,0,,,,,,,,,,2,,0,Pittsburgh,PA,1,233,,,,-5.0,"38,38","41,38",,,,,,,,
ncaab:401083117,ncaab,2019-02-09T19:00Z,final,99,2,LSU,Auburn,83,78,-149,130,,0,,,-2.5,-110,-110,,,,,2,,0,Baton Rouge,LA,1,14,,,,-6.0,"38,45","41,37",-140,120,-1.5,-105,-115,161.5,-110,-110
ncaab:401083419,ncaab,2019-02-09T19:00Z,final,66,2628,Iowa State,TCU,83,92,-543,416,,0,,,-9.5,-110,-110,,,,,2,,0,Ames,IA,1,287,,,,-6.0,"29,54","36,56",-320,260,-5.5,-105,-115,145.5,-110,-110
ncaab:401085638,ncaab,2019-02-09T19:00Z,final,2230,2184,Fordham,Duquesne,66,74,125,-145,,0,,,2.5,-105,-115,,,,,2,,0,Bronx,NY,1,28,,,,-5.0,"40,26","24,50",115,-135,1.5,-115,-105,139.0,-110,-110
ncaab:401085730,ncaab,2019-02-09T19:00Z,final,179,2670,St Bonaventure,VCU,55,85,,,,0,,,,,,,,,,2,,0,Saint Bonaventure,NY,1,435,,,,-5.0,"21,34","45,40",,,,,,,,
ncaab:401086273,ncaab,2019-02-09T19:00Z,final,2050,2711,Ball State,W Michigan,79,59,,,,0,,,,,,,,,,2,,0,Muncie,IN,1,284,,,,-5.0,"27,52","26,33",,,,,,,,
ncaab:401086529,ncaab,2019-02-09T19:00Z,final,261,399,Vermont,UAlbany,67,49,,,,0,,,,,,,,,,2,,0,Burlington,VT,1,61,,,,-5.0,"30,37","21,28",,,,,,,,
ncaab:401087388,ncaab,2019-02-09T19:00Z,final,2199,2459,E Michigan,N Illinois,57,49,,,,0,,,,,,,,,,2,,0,Ypsilanti,MI,1,219,,,,-5.0,"24,33","27,22",,,,,,,,
ncaab:401087406,ncaab,2019-02-09T19:00Z,final,193,195,Miami OH,Ohio,79,59,-229,192,,0,,,-5.0,-115,-105,,,,,2,,0,Oxford,OH,1,283,,,,-5.0,"47,32","27,32",-185,160,-3.0,-105,-115,132.5,-110,-110
ncaab:401088062,ncaab,2019-02-09T19:00Z,final,44,349,American,Army,71,68,-210,175,,0,,,-4.5,-115,-105,,,,,2,,0,Washington,DC,1,7,,,,-5.0,"31,40","35,33",,,,,,138.0,-110,-110
ncaab:401088331,ncaab,2019-02-09T19:00Z,final,2427,2127,UNC Asheville,Charleston So,75,85,430,-530,,0,,,9.0,-110,-110,,,,,2,,0,Asheville,NC,1,649,,,,-5.0,"34,41","33,52",,,,,,138.0,-115,-105
ncaab:401088333,ncaab,2019-02-09T19:00Z,final,2737,2261,Winthrop,Hampton,101,91,-310,230,,0,,,-7.0,-110,-110,,,,,2,,0,Rock Hill,SC,1,207,,,,-5.0,"47,54","43,48",,,,,,167.5,-110,-110
ncaab:401088371,ncaab,2019-02-09T19:00Z,final,2142,2352,Colgate,Loyola MD,75,72,-667,475,,0,,,-10.5,-110,-110,,,,,2,,0,Hamilton,NY,1,181,,,,-5.0,"35,40","48,24",,,,,,144.5,-110,-110
ncaab:401089612,ncaab,2019-02-09T19:00Z,final,68,23,Boise St,San José St,105,57,-3268,1367,,0,,,-18.5,-110,-110,,,,,2,,0,Boise,ID,1,823,,,,-7.0,"46,59","28,29",-1000,700,-10.5,-110,-110,137.5,-110,-110
ncaab:401089655,ncaab,2019-02-09T19:00Z,final,2751,36,Wyoming,Colorado St,74,66,235,-275,,0,,,6.5,-110,-110,,,,,2,,0,Laramie,WY,1,2184,,,,-7.0,"37,37","22,44",158,-194,3.0,-105,-115,142.5,-123,102
ncaab:401083262,ncaab,2019-02-09T19:30Z,final,269,222,Marquette,Villanova,66,65,-139,120,,0,,,-2.0,-110,-110,,,,,2,,0,Milwaukee,WI,1,188,,,,-6.0,"30,36","26,39",-130,110,-1.0,-110,-110,143.5,-112,-108
ncaab:401087531,ncaab,2019-02-09T20:00Z,final,2529,116,Sacred Heart,Mount St Marys,73,76,-630,480,,0,,,-10.5,-105,-115,,,,,2,,0,Fairfield,CT,1,4,,,,-8.0,"28,45","35,41",,,,,,149.0,-110,-110
ncaab:401087950,ncaab,2019-02-09T20:00Z,final,250,2026,UT Arlington,App State,78,68,,,,0,,,,,,,,,,2,,0,Arlington,TX,1,184,,,,-6.0,"39,39","37,31",,,,,,,,
ncaab:401088162,ncaab,2019-02-09T20:00Z,final,2653,2032,Troy,Arkansas St,84,79,-145,125,,0,,,-2.5,-107,-109,,,,,2,,0,Troy,AL,1,165,,,,-6.0,"36,48","34,45",-135,115,-1.5,-105,-115,146.0,-112,-108
ncaab:401088484,ncaab,2019-02-09T20:00Z,final,325,270,Cleveland St,Milwaukee,78,68,-115,-105,,0,,,-1.0,-110,-110,,,,,2,,0,Cleveland,OH,1,199,,,,-5.0,"46,32","37,31",-114,-106,-0.5,-105,-115,143.0,-110,-110
ncaab:401083555,ncaab,2019-02-09T20:30Z,final,2579,8,South Carolina,Arkansas,77,65,-125,105,,0,,,-1.5,-110,-110,,,,,2,,0,Columbia,SC,1,89,,,,-5.0,"31,46","35,30",-125,105,-0.5,-115,-105,154.0,-110,-110
ncaab:401088518,ncaab,2019-02-09T20:30Z,final,2084,2117,Buffalo,C Michigan,90,76,,,,0,,,,,,,,,,2,,0,Buffalo,NY,1,183,,,,-5.0,"38,52","43,33",,,,,,,,
ncaab:401082354,ncaab,2019-02-09T21:00Z,final,356,164,Illinois,Rutgers,99,94,-263,210,,0,,,-6.0,-110,-110,,,,,2,,0,Champaign,IL,1,225,,,,-6.0,"42,44,13","45,41,8",-190,155,-3.0,-115,-105,143.5,-110,-110
ncaab:401082710,ncaab,2019-02-09T21:00Z,final,52,97,Florida St,Louisville,80,75,-170,150,,0,,,-3.5,-110,-110,,,,,2,,0,Tallahassee,FL,1,62,,,,-5.0,"25,40,15","31,34,10",-145,125,-1.5,-115,-105,143.0,-110,-110
ncaab:401083488,ncaab,2019-02-09T21:00Z,final,201,2641,Oklahoma,Texas Tech,54,66,105,-125,,0,,,1.5,-110,-110,,,,,2,,0,Norman,OK,1,357,,,,-6.0,"24,30","35,31",100,-120,0.5,-110,-110,131.0,-110,-110
ncaab:401083557,ncaab,2019-02-09T21:00Z,final,2633,57,Tennessee,Florida,73,61,-720,510,,0,,,-11.0,-110,-110,,,,,2,,0,Knoxville,TN,1,276,,,,-5.0,"36,37","30,31",-385,318,-6.0,-110,-110,138.0,-110,-110
ncaab:401083698,ncaab,2019-02-09T21:00Z,final,2492,301,Pepperdine,San Diego,70,67,140,-160,,0,,,3.0,-108,-112,,,,,2,,0,Malibu,CA,1,32,,,,-8.0,"31,39","32,35",120,-141,1.5,-110,-110,145.5,-115,-105
ncaab:401083876,ncaab,2019-02-09T21:00Z,final,2275,2729,Hofstra,William & Mary,93,87,-794,565,,0,,,-11.5,-110,-110,,,,,2,,0,Hempstead,NY,1,17,,,,-5.0,"40,53","44,43",-380,315,-6.0,-115,-105,150.0,-110,-110
ncaab:401083903,ncaab,2019-02-09T21:00Z,final,2182,232,Drexel,Charleston,84,86,175,-210,,0,,,4.5,-110,-110,,,,,2,,0,Philadelphia,PA,1,12,,,,-5.0,"34,50","46,40",140,-164,2.5,-110,-110,146.5,-108,-112
ncaab:401083977,ncaab,2019-02-09T21:00Z,final,119,256,Towson,James Madison,66,59,-155,135,,0,,,-3.0,-110,-110,,,,,2,,0,Towson,MD,1,141,,,,-5.0,"26,40","30,29",-142,117,-1.5,-110,-110,132.0,-110,-110
ncaab:401084065,ncaab,2019-02-09T21:00Z,final,111,2210,Northeastern,Elon,72,60,-2052,1077,,0,,,-16.5,-110,-110,,,,,2,,0,Boston,MA,1,14,,,,-5.0,"34,26,12","35,25,0",-833,600,-9.5,-110,-110,143.0,-110,-110
ncaab:401085613,ncaab,2019-02-09T21:00Z,final,227,2168,Rhode Island,Dayton,48,77,-131,112,,0,,,-2.0,-110,-110,,,,,2,,0,Kingston,RI,1,75,,,,-5.0,"27,21","41,36",-130,110,-1.0,-110,-110,137.5,-110,-110
ncaab:401086935,ncaab,2019-02-09T21:00Z,final,147,70,Montana St,Idaho,86,72,-1400,837,,0,,,-14.5,-110,-110,,,,,2,,0,Bozeman,MT,1,1468,,,,-7.0,"45,41","32,40",-588,450,-8.5,-110,-110,151.5,-110,-110
ncaab:401086936,ncaab,2019-02-09T21:00Z,final,253,304,Southern Utah,Idaho St,78,72,-220,180,,0,,,-5.0,100,-120,,,,,2,,0,Cedar City,UT,1,1782,,,,-7.0,"42,36","42,30",-170,145,-2.5,-105,-115,149.0,-110,-110
ncaab:401086937,ncaab,2019-02-09T21:00Z,final,2464,2692,N Arizona,Weber St,71,86,175,-208,,0,,,4.5,-110,-110,,,,,2,,0,Flagstaff,AZ,1,2104,,,,-7.0,"27,44","46,40",145,-170,2.5,-110,-110,151.0,-110,-110
ncaab:401087350,ncaab,2019-02-09T21:00Z,final,2636,2226,UTSA,FAU,86,74,,,,0,,,,,,,,,,2,,0,San Antonio,TX,1,198,,,,-6.0,"46,40","39,35",,,,,,,,
ncaab:401087489,ncaab,2019-02-09T21:00Z,final,2523,2115,Robert Morris,C Connecticut,68,77,,,,0,,,,,,,,,,2,,0,Moon Township,PA,1,358,,,,-5.0,"26,42","31,46",,,,,,,,
ncaab:401087800,ncaab,2019-02-09T21:00Z,final,2597,161,St Francis BK,FDU,73,84,,,,0,,,,,,,,,,2,,0,Brooklyn,NY,1,15,,,,-5.0,"41,32","30,54",,,,,,,,
ncaab:401087868,ncaab,2019-02-09T21:00Z,final,6,2031,South Alabama,Little Rock,68,73,-165,145,,0,,,-3.0,-115,-105,,,,,2,,0,Mobile,AL,1,3,,,,-6.0,"38,30","29,44",-150,130,-1.5,-115,-105,145.5,-110,-110
ncaab:401088334,ncaab,2019-02-09T21:00Z,final,2515,2272,Radford,High Point,69,66,-476,360,,0,,,-9.0,-110,-110,,,,,2,,0,Radford,VA,1,567,,,,-5.0,"22,37,10","15,44,7",,,,,,130.0,-110,-110
ncaab:401088858,ncaab,2019-02-09T21:00Z,final,2382,2643,Mercer,The Citadel,61,67,-340,280,,0,,,-7.5,-110,-110,,,,,2,,0,Macon,GA,1,112,,,,-5.0,"26,35","26,41",-233,190,-4.0,-110,-110,161.0,-111,-109
ncaab:401088875,ncaab,2019-02-09T21:00Z,final,231,2193,Furman,ETSU,91,61,,,,0,,,,,,,,,,2,,0,Greenville,SC,1,307,,,,-5.0,"41,50","32,29",,,,,,,,
ncaab:401089415,ncaab,2019-02-09T21:00Z,final,2377,2466,McNeese,N'Western St,72,74,,,,0,,,,,,,,,,2,,0,Lake Charles,LA,1,4,,,,-6.0,"41,31","40,34",,,,,,,,
ncaab:401089969,ncaab,2019-02-09T21:00Z,final,2065,2450,Bethune,Norfolk St,84,76,-125,105,,0,,,-1.5,-110,-110,,,,,2,,0,Daytona Beach,FL,1,4,,,,-5.0,"33,51","24,52",,,,,,145.0,-110,-110
ncaab:401090265,ncaab,2019-02-09T21:00Z,final,2428,2379,NC Central,MD Eastern,78,53,,,,0,,,,,,,,,,2,,0,Durham,NC,1,123,,,,-5.0,"44,34","30,23",,,,,,,,
ncaab:401090287,ncaab,2019-02-09T21:00Z,final,2569,2415,SC State,Morgan St,85,81,,,,0,,,,,,,,,,2,,0,Orangeburg,SC,1,74,,,,-5.0,"35,50","39,42",,,,,,,,
ncaab:401090346,ncaab,2019-02-09T21:00Z,final,2448,2169,NC A&T,Delaware St,82,52,,,,0,,,,,,,,,,2,,0,Greensboro,NC,1,266,,,,-5.0,"34,48","24,28",,,,,,,,
ncaab:401090977,ncaab,2019-02-09T21:00Z,final,50,47,Florida A&M,Howard,66,70,-169,145,,0,,,-3.5,-110,-110,,,,,2,,0,Tallahassee,FL,1,62,,,,-5.0,"36,30","34,36",,,,,,137.0,-110,-110
ncaab:401086760,ncaab,2019-02-09T21:30Z,final,338,2885,Kennesaw St,NJIT,63,62,,,,0,,,,,,,,,,2,,0,Kennesaw,GA,1,332,,,,-5.0,"28,35","30,32",,,,,,,,
ncaab:401086779,ncaab,2019-02-09T21:30Z,final,2453,2454,North Alabama,North Florida,73,82,,,,0,,,,,,,,,,2,,0,Florence,AL,1,167,,,,-6.0,"30,43","40,42",,,,,,,,
ncaab:401086938,ncaab,2019-02-09T21:30Z,final,2458,16,N Colorado,Sacramento St,65,59,-415,327,,0,,,-8.5,-105,-115,,,,,2,,0,Greeley,CO,1,1425,,,,-7.0,"25,40","29,30",-260,200,-4.5,-110,-110,137.5,-110,-110
ncaab:401088330,ncaab,2019-02-09T21:30Z,final,2097,2908,Campbell,SC Upstate,82,66,-833,600,,0,,,-12.0,-110,-110,,,,,2,,0,Buies Creek,NC,1,63,,,,-5.0,"46,36","29,37",,,,,,140.0,-110,-110
ncaab:401088332,ncaab,2019-02-09T21:30Z,final,2506,2241,Presbyterian,Gardner-Webb,103,101,-220,180,,0,,,-5.0,-110,-110,,,,,2,,0,Clinton,SC,1,76,,,,-5.0,"39,51,13","41,49,11",,,,,,147.0,-110,-110
ncaab:401088463,ncaab,2019-02-09T21:30Z,final,112358,2681,Long Island,Wagner,65,68,,,,0,,,,,,,,,,2,,0,Brooklyn,NY,1,15,,,,-5.0,"34,31","28,40",,,,,,,,
ncaab:401089097,ncaab,2019-02-09T21:30Z,final,2329,2426,Lehigh,Navy,83,57,-570,445,,0,,,-10.0,-105,-115,,,,,2,,0,Bethlehem,PA,1,109,,,,-5.0,"42,41","23,34",,,,,,152.5,-110,-110
ncaab:401090222,ncaab,2019-02-09T21:30Z,final,2630,2635,UT Martin,Tennessee Tech,77,58,,,,0,,,,,,,,,,2,,0,Martin,TN,1,124,,,,-6.0,"34,43","24,34",,,,,,,,
ncaab:401090085,ncaab,2019-02-09T21:35Z,final,2413,2057,Morehead St,Belmont,86,96,450,-588,,0,,,10.0,-110,-110,,,,,2,,0,Morehead,KY,1,153,,,,-6.0,"37,49","53,43",290,-370,6.0,-111,-109,158.5,-110,-110
ncaab:401086698,ncaab,2019-02-09T22:00Z,final,288,294,Lipscomb,Jacksonville,86,77,,,,0,,,,,,,,,,2,,0,Nashville,TN,1,170,,,,-6.0,"37,49","33,44",,,,,,,,
ncaab:401087160,ncaab,2019-02-09T22:00Z,final,26,254,UCLA,Utah,92,93,-200,170,,0,,,-4.5,-110,-110,,,,,2,,0,Los Angeles,CA,1,89,,,,-8.0,"49,43","32,61",-170,150,-2.5,-105,-115,152.5,-110,-110
ncaab:401087916,ncaab,2019-02-09T22:00Z,final,326,324,Texas St,Coastal,65,57,-300,250,,0,,,-7.0,-110,-110,,,,,2,,0,San Marcos,TX,1,188,,,,-6.0,"38,27","23,34",-210,175,-3.5,-110,-110,137.0,-110,-110
ncaab:401088179,ncaab,2019-02-09T22:00Z,final,2572,2348,Southern Miss,Louisiana Tech,73,71,-159,135,,0,,,-3.0,-110,-110,,,,,2,,0,Hattiesburg,MS,1,52,,,,-6.0,"27,35,11","26,36,9",-145,125,-1.5,-110,-110,132.5,-112,-108
ncaab:401089028,ncaab,2019-02-09T22:00Z,final,2449,2172,N Dakota St,Denver,81,71,,,,0,,,,,,,,,,2,,0,Fargo,ND,1,276,,,,-6.0,"43,38","32,39",,,,,,,,
ncaab:401089198,ncaab,2019-02-09T22:00Z,final,2110,2545,C Arkansas,SE Louisiana,67,75,,,,0,,,,,,,,,,2,,0,Conway,AR,1,95,,,,-6.0,"30,37","38,37",,,,,,,,
ncaab:401089542,ncaab,2019-02-09T22:00Z,final,2046,2197,Austin Peay,E Illinois,94,86,,,,0,,,,,,,,,,2,,0,Clarksville,TN,1,145,,,,-6.0,"44,50","43,43",,,,,,,,
ncaab:401089671,ncaab,2019-02-09T22:00Z,final,2439,278,UNLV,Fresno St,65,83,125,-145,,0,,,2.5,-110,-110,,,,,2,,0,Las Vegas,NV,1,610,,,,-8.0,"33,32","45,38",110,-130,1.0,-110,-110,149.5,-110,-110
ncaab:401089071,ncaab,2019-02-09T22:15Z,final,2571,155,S Dakota St,North Dakota,80,55,,,,0,,,,,,,,,,2,,0,Brookings,SD,1,494,,,,-6.0,"33,47","32,23",,,,,,,,
ncaab:401089432,ncaab,2019-02-09T22:15Z,final,2443,2447,LSU N Orleans,Nicholls,63,64,,,,0,,,,,,,,,,2,,0,New Orleans,LA,1,0,,,,-6.0,"25,38","32,32",,,,,,,,
ncaab:401087071,ncaab,2019-02-09T22:30Z,final,204,25,Oregon St,California,79,71,-1400,925,,0,,,-14.5,-106,-110,,,,,2,,0,Corvallis,OR,1,71,,,,-8.0,"38,41","32,39",-588,450,-8.5,-105,-115,142.0,-111,-108
ncaab:401089149,ncaab,2019-02-09T22:30Z,final,2617,2320,SF Austin,Lamar,67,82,,,,0,,,,,,,,,,2,,0,Nacogdoches,TX,1,92,,,,-6.0,"29,38","45,37",,,,,,,,
ncaab:401090135,ncaab,2019-02-09T22:30Z,final,2546,55,SE Missouri,Jax State,64,81,,,,0,,,,,,,,,,2,,0,Cape Girardeau,MO,1,108,,,,-6.0,"28,36","42,39",,,,,,,,
ncaab:401082686,ncaab,2019-02-09T23:00Z,final,258,150,Virginia,Duke,71,81,-135,115,,0,,,-1.5,-115,-105,,,,,2,,0,Charlottesville,VA,1,142,,,,-5.0,"35,36","39,42",-130,110,-1.0,-110,-110,135.5,-110,-110
ncaab:401083056,ncaab,2019-02-09T23:00Z,final,142,245,Missouri,Texas A&M,59,68,-165,145,,0,,,-3.5,-105,-115,,,,,2,,0,Columbia,MO,1,215,,,,-6.0,"30,29","21,47",-150,130,-2.0,-105,-115,135.5,-110,-110
ncaab:401083393,ncaab,2019-02-09T23:00Z,final,239,2306,Baylor,Kansas St,63,70,105,-125,,0,,,1.0,-105,-111,,,,,2,,0,Waco,TX,1,143,,,,-6.0,"29,34","31,39",-120,100,-0.5,-110,-110,125.5,-110,-110
ncaab:401085670,ncaab,2019-02-09T23:00Z,final,257,45,Richmond,G Washington,89,63,,,,0,,,,,,,,,,2,,0,Richmond,VA,1,64,,,,-5.0,"43,46","30,33",,,,,,,,
ncaab:401087429,ncaab,2019-02-09T23:00Z,final,189,2649,Bowling Green,Toledo,71,78,-130,110,,0,,,-2.0,-104,-112,,,,,2,,0,Bowling Green,OH,1,212,,,,-5.0,"33,38","35,43",-125,103,-0.5,-115,-105,147.0,-114,-106
ncaab:401087889,ncaab,2019-02-09T23:00Z,final,225,163,Brown,Princeton,78,70,115,-135,,0,,,2.0,-110,-110,,,,,2,,0,Providence,RI,1,2,,,,-5.0,"47,31","35,35",110,-130,1.0,-110,-110,133.0,-110,-110
ncaab:401088566,ncaab,2019-02-09T23:00Z,final,249,98,North Texas,Western KY,59,62,-175,155,,0,,,-3.5,-113,-103,,,,,2,,0,Denton,TX,1,201,,,,-6.0,"15,44","30,32",-141,120,-1.5,-110,-110,135.5,-110,-110
ncaab:401088920,ncaab,2019-02-09T23:00Z,final,2011,2029,Alabama St,AR-Pine Bluff,69,75,,,,0,,,,,,,,,,2,,0,Montgomery,AL,1,73,,,,-6.0,"37,32","42,33",,,,,,,,
ncaab:401089308,ncaab,2019-02-09T23:00Z,final,2181,2460,Drake,Northern Iowa,83,77,-210,175,,0,,,-4.5,-111,-105,,,,,2,,0,Des Moines,IA,1,266,,,,-6.0,"40,43","36,41",-185,160,-3.0,-105,-115,134.0,100,-122
ncaab:401089699,ncaab,2019-02-09T23:00Z,final,2440,167,Nevada,New Mexico,91,62,-4250,2125,,0,,,-20.5,-110,-110,,,,,2,,0,Reno,NV,1,1373,,,,-8.0,"51,40","26,36",,,-12.0,-110,-110,157.5,-110,-110
ncaab:401089884,ncaab,2019-02-09T23:00Z,final,2754,2739,Youngstown St,Green Bay,96,77,105,-125,,0,,,1.5,-110,-110,,,,,2,,0,Youngstown,OH,1,259,,,,-5.0,"51,45","33,44",100,-120,1.0,-121,100,165.0,-110,-110
ncaab:401089985,ncaab,2019-02-09T23:00Z,final,2542,2154,Savannah St,Coppin St,71,62,-170,150,,0,,,-3.5,-110,-110,,,,,2,,0,Savannah,GA,1,6,,,,-5.0,"42,29","25,37",,,,,,161.0,-113,-117
ncaab:401088579,ncaab,2019-02-09T23:30Z,final,2582,2755,Southern,Grambling,40,59,130,-150,,0,,,3.0,-110,-110,,,,,2,,0,Baton Rouge,LA,1,14,,,,-6.0,"23,17","20,39",,,,,,136.5,-110,-110
ncaab:401088938,ncaab,2019-02-09T23:30Z,final,2016,2296,Alcorn St,Jackson St,66,52,140,-160,,0,,,3.0,-110,-110,,,,,2,,0,Lorman,MS,1,66,,,,-6.0,"35,31","28,24",,,,,,121.0,-115,-115
ncaab:401083929,ncaab,2019-02-10T00:00Z,final,48,350,Delaware,UNC Wilmington,70,66,-185,165,,0,,,-4.0,-110,-110,,,,,2,,0,Newark,DE,1,38,,,,-5.0,"37,33","29,37",-159,135,-2.0,-110,-110,151.0,-110,-110
ncaab:401086638,ncaab,2019-02-10T00:00Z,final,2619,2349,Stony Brook,UMass Lowell,76,65,-480,380,,0,,,-9.0,-106,-110,,,,,2,,0,Stony Brook,NY,1,27,,,,-5.0,"37,39","35,30",,,,,,149.5,-105,-115
ncaab:401086671,ncaab,2019-02-10T00:00Z,final,2335,526,Liberty,FGCU,74,67,,,,0,,,,,,,,,,2,,0,Lynchburg,VA,1,192,,,,-5.0,"35,39","31,36",,,,,,,,
ncaab:401087933,ncaab,2019-02-10T00:00Z,final,159,171,Dartmouth,Columbia,82,66,-200,170,,0,,,-4.5,-110,-110,,,,,2,,0,Hanover,NH,1,162,,,,-5.0,"39,43","25,41",-165,145,-2.0,-115,-105,139.5,-105,-115
ncaab:401088029,ncaab,2019-02-10T00:00Z,final,108,172,Harvard,Cornell,61,67,-570,445,,0,,,-10.0,-106,-110,,,,,2,,0,Cambridge,MA,1,5,,,,-5.0,"34,27","21,46",-370,310,-6.0,-105,-115,133.5,-110,-110
ncaab:401088377,ncaab,2019-02-10T00:00Z,final,2393,295,MTSU,Old Dominion,50,55,,,,0,,,,,,,,,,2,,0,Murfreesboro,TN,1,186,,,,-6.0,"23,27","21,34",,,,,,,,
ncaab:401088425,ncaab,2019-02-10T00:00Z,final,43,219,Yale,Penn,78,65,-220,180,,0,,,-5.0,-110,-110,,,,,2,,0,New Haven,CT,1,18,,,,-5.0,"34,44","29,36",-190,165,-3.0,-105,-115,148.5,-110,-110
ncaab:401088439,ncaab,2019-02-10T00:00Z,final,2598,2803,Saint Francis,Bryant,84,75,,,,0,,,,,,,,,,2,,0,Loretto,PA,1,595,,,,-5.0,"39,45","28,47",,,,,,,,
ncaab:401088503,ncaab,2019-02-10T00:00Z,final,2750,2174,Wright St,Detroit Mercy,83,60,-700,500,,0,,,-11.0,-110,-110,,,,,2,,0,Dayton,OH,1,225,,,,-5.0,"39,44","31,29",-370,310,-6.0,-110,-110,143.5,-110,-110
ncaab:401088786,ncaab,2019-02-10T00:00Z,final,236,2430,Chattanooga,UNC Greensboro,63,78,280,-340,,0,,,7.5,-110,-110,,,,,2,,0,Chattanooga,TN,1,206,,,,-5.0,"31,32","28,50",185,-225,4.0,-110,-110,145.0,-110,-110
ncaab:401088848,ncaab,2019-02-10T00:00Z,final,2747,2717,Wofford,W Carolina,83,56,,,,0,,,,,,,,,,2,,0,Spartanburg,SC,1,246,,,,-5.0,"44,39","27,29",,,,,,,,
ncaab:401089349,ncaab,2019-02-10T00:00Z,final,2010,2400,Alabama A&M,Miss Valley St,78,63,,,,0,,,,,,,,,,2,,0,Normal,AL,1,220,,,,-6.0,"33,45","27,36",,,,,,,,
ncaab:401089378,ncaab,2019-02-10T00:00Z,final,2000,2534,Abilene Chrstn,Sam Houston,85,90,-160,140,,0,,,-3.0,-110,-110,,,,,2,,0,Abilene,TX,1,524,,,,-6.0,"23,44,9,9","37,30,9,14",,,,,,134.5,-110,-110
ncaab:401089939,ncaab,2019-02-10T00:00Z,final,94,2473,N Kentucky,Oakland,79,64,-525,415,,0,,,-9.5,-110,-110,,,,,2,,0,Highland Heights,KY,1,260,,,,-5.0,"32,47","36,28",-320,240,-5.0,-115,-105,152.0,-110,-110
ncaab:401090120,ncaab,2019-02-10T00:00Z,final,2198,2634,E Kentucky,Tennessee St,75,65,,,,0,,,,,,,,,,2,,0,Richmond,KY,1,289,,,,-5.0,"32,43","31,34",,,,,,,,
ncaab:401087027,ncaab,2019-02-10T00:30Z,final,12,265,Arizona,Washington St,55,69,-795,595,,0,,,-11.5,-110,-110,,,,,2,,0,Tucson,AZ,1,759,,,,-7.0,"21,34","33,36",-397,302,-6.5,-110,-110,147.0,-110,-110
ncaab:401083236,ncaab,2019-02-10T01:00Z,final,2550,156,Seton Hall,Creighton,63,58,-189,160,,0,,,-4.0,-115,-105,,,,,2,,0,Newark,NJ,1,9,,,,-5.0,"31,32","29,29",-159,135,-2.0,-115,-105,147.5,-110,-110
ncaab:401083306,ncaab,2019-02-10T01:00Z,final,2752,305,Xavier,DePaul,62,74,-190,165,,0,,,-4.0,-110,-110,,,,,2,,0,Cincinnati,OH,1,191,,,,-5.0,"31,31","30,44",-164,140,-2.0,-110,-110,145.0,-110,-110
ncaab:401083469,ncaab,2019-02-10T01:00Z,final,277,251,West Virginia,Texas,53,75,164,-193,,0,,,4.0,-110,-110,,,,,2,,0,Morgantown,WV,1,271,,,,-5.0,"28,25","34,41",130,-150,2.0,-110,-110,141.0,-110,-110
ncaab:401084796,ncaab,2019-02-10T01:00Z,final,2724,2655,Wichita St,Tulane,77,62,-1300,797,,0,,,-13.5,-110,-110,,,,,2,,0,Wichita,KS,1,396,,,,-6.0,"41,36","35,27",-490,365,-7.5,-115,-105,141.5,-110,-110
ncaab:401087244,ncaab,2019-02-10T01:00Z,final,27,2239,UC Riverside,Fullerton,54,77,195,-235,,0,,,5.0,-110,-110,,,,,2,,0,Riverside,CA,1,252,,,,-8.0,"28,26","37,40",150,-175,3.0,-115,-105,137.5,105,-125
ncaab:401087332,ncaab,2019-02-10T01:00Z,final,5,2429,UAB,Charlotte,62,69,-610,460,,0,,,-10.5,-110,-110,,,,,2,,0,Birmingham,AL,1,187,,,,-6.0,"30,32","30,39",-343,266,-6.0,-105,-115,126.5,-110,-110
ncaab:401088193,ncaab,2019-02-10T01:00Z,final,242,276,Rice,Marshall,74,69,105,-125,,0,,,1.5,-110,-110,,,,,2,,0,Houston,TX,1,12,,,,-6.0,"40,34","31,38",-105,-115,0.5,-110,-110,172.0,-110,-110
ncaab:401089127,ncaab,2019-02-10T01:00Z,final,357,2916,Texas A&M-CC,Incarnate Word,70,61,-650,475,,0,,,-10.5,-108,-108,,,,,2,,0,Corpus Christi,TX,1,2,,,,-6.0,"36,34","28,33",,,,,,133.5,-116,-114
ncaab:401089309,ncaab,2019-02-10T01:00Z,final,71,282,Bradley,Indiana St,96,67,-158,135,,0,,,-3.0,-108,-112,,,,,2,,0,Peoria,IL,1,153,,,,-6.0,"54,42","27,40",-141,120,-1.5,-110,-110,134.5,-110,-110
ncaab:401089310,ncaab,2019-02-10T01:00Z,final,79,339,S Illinois,Evansville,78,73,,,,0,,,,,,,,,,2,,0,Carbondale,IL,1,126,,,,-6.0,"35,43","30,43",,,,,,,,
ncaab:401090158,ncaab,2019-02-10T01:00Z,final,93,2565,Murray St,SIUE,86,55,,,,0,,,,,,,,,,2,,0,Murray,KY,1,163,,,,-6.0,"32,54","38,17",,,,,,,,
ncaab:401082526,ncaab,2019-02-10T01:30Z,final,2509,158,Purdue,Nebraska,81,62,-1000,650,,0,,,-13.0,-110,-110,,,,,2,,0,West Lafayette,IN,1,186,,,,-5.0,"33,48","31,31",-440,350,-7.0,-115,-105,136.5,-110,-110
ncaab:401082939,ncaab,2019-02-10T01:30Z,final,238,333,Vanderbilt,Alabama,67,77,155,-180,,0,,,3.5,-106,-110,,,,,2,,0,Nashville,TN,1,170,,,,-6.0,"31,36","38,39",135,-155,2.0,-110,-110,144.5,-110,-110
ncaab:401088546,ncaab,2019-02-10T01:30Z,final,2640,2504,Texas Southern,Prairie View,95,90,-225,185,,0,,,-5.0,-105,-115,,,,,2,,0,Houston,TX,1,12,,,,-6.0,"45,50","53,37",,,,,,155.0,-126,105
ncaab:401083621,ncaab,2019-02-10T02:00Z,final,252,279,BYU,Pacific,69,59,-755,543,,0,,,-11.5,-109,-107,,,,,2,,0,Provo,UT,1,1387,,,,-7.0,"33,36","30,29",-400,325,-6.5,-105,-115,140.5,-110,-110
ncaab:401086199,ncaab,2019-02-10T02:00Z,final,2253,166,Grand Canyon,New Mexico St,64,67,-150,130,,0,,,-2.5,-110,-110,,,,,2,,0,Phoenix,AZ,1,331,,,,-7.0,"33,31","35,32",,,,,,136.5,-110,-110
ncaab:401086934,ncaab,2019-02-10T02:00Z,final,149,331,Montana,E Washington,75,74,,,,0,,,,,,,,,,2,,0,Missoula,MT,1,978,,,,-7.0,"38,37","31,43",,,,,,,,
ncaab:401087368,ncaab,2019-02-10T02:00Z,final,2638,2229,UTEP,FIU,85,75,,,,0,,,,,,,,,,2,,0,El Paso,TX,1,1133,,,,-7.0,"37,48","33,42",,,,,,,,
ncaab:401083644,ncaab,2019-02-10T03:00Z,final,2250,2608,Gonzaga,Saint Mary's,94,46,-2150,1300,,0,,,-17.0,-115,-105,,,,,2,,0,Spokane,WA,1,571,,,,-8.0,"53,41","20,26",-900,550,-10.0,-110,-110,148.5,-110,-110
ncaab:401083720,ncaab,2019-02-10T03:00Z,final,2501,2351,Portland,LMU,55,72,,,,0,,,,,,,,,,2,,0,Portland,OR,1,12,,,,-8.0,"24,31","24,48",,,,,,,,
ncaab:401085314,ncaab,2019-02-10T03:00Z,final,13,299,Cal Poly,Long Beach St,68,76,160,-185,,0,,,4.0,-110,-110,,,,,2,,0,San Luis Obispo,CA,1,71,,,,-8.0,"34,28,6","30,32,14",135,-159,2.0,-110,-110,140.0,-108,-112
ncaab:401086200,ncaab,2019-02-10T03:00Z,final,2934,292,Bakersfield,UT Rio Grande,74,79,,,,0,,,,,,,,,,2,,0,Bakersfield,CA,1,123,,,,-8.0,"45,23,6","32,36,11",,,,,,,,
ncaab:401086201,ncaab,2019-02-10T03:00Z,final,2856,140,CA Baptist,Kansas City,70,60,,,,0,,,,,,,,,,2,,0,Riverside,CA,1,252,,,,-8.0,"31,39","30,30",,,,,,,,
ncaab:401087050,ncaab,2019-02-10T03:00Z,final,9,264,Arizona St,Washington,75,63,,,,0,,,,,,,,,,2,,0,Tempe,AZ,1,360,,,,-7.0,"34,41","26,37",,,,,,,,
ncaab:401087093,ncaab,2019-02-10T03:00Z,final,30,38,USC,Colorado,65,69,-226,190,,0,,,-5.0,106,-124,,,,,2,,0,Los Angeles,CA,1,89,,,,-8.0,"29,36","29,40",-170,145,-2.5,-110,-110,147.0,-112,-108
ncaab:401087262,ncaab,2019-02-10T03:00Z,final,300,62,UC Irvine,Hawai'i,67,56,,,,0,,,,,,,,,,2,,0,Irvine,CA,1,17,,,,-8.0,"33,34","18,38",,,,,,,,
ncaab:401089684,ncaab,2019-02-10T03:00Z,final,21,328,San Diego St,Utah State,68,63,130,-150,,0,,,2.5,-110,-110,,,,,2,,0,San Diego,CA,1,20,,,,-8.0,"33,35","29,34",120,-140,1.5,-110,-110,144.5,-110,-110
ncaab:401083760,ncaab,2019-02-10T04:00Z,final,2539,2541,San Francisco,Santa Clara,78,72,-1195,764,,0,,,-13.5,-115,-105,,,,,2,,0,San Francisco,CA,1,16,,,,-8.0,"37,41","34,38",-526,400,-8.0,-105,-115,136.5,-110,-110
ncaab:401087287,ncaab,2019-02-10T04:59Z,final,2540,302,Santa Barbara,UC Davis,57,61,-417,325,,0,,,-8.5,-105,-115,,,,,2,,0,Santa Barbara,CA,1,15,,,,-8.0,"25,32","31,30",-241,193,-4.5,-115,-105,133.0,-110,-110
ncaab:401089081,ncaab,2019-02-10T17:00Z,final,322,107,Lafayette,Holy Cross,69,67,115,-135,,0,,,2.5,-110,-110,,,,,2,,0,Easton,PA,1,97,,,,-5.0,"47,22","35,32",,,,,,136.0,-110,-110
ncaab:401082384,ncaab,2019-02-10T18:00Z,final,84,194,Indiana,Ohio State,52,55,-145,125,,0,,,-2.5,-110,-110,,,,,2,,0,Bloomington,IN,1,235,,,,-5.0,"21,31","23,32",-140,120,-1.5,-105,-115,133.0,-110,-110
ncaab:401085920,ncaab,2019-02-10T18:00Z,final,2612,2099,Saint Peter's,Canisius,60,64,,,,0,,,,,,,,,,2,,0,Jersey City,NJ,1,9,,,,-5.0,"32,28","32,32",,,,,,,,
ncaab:401085942,ncaab,2019-02-10T18:00Z,final,314,315,Iona,Niagara,79,76,-300,250,,0,,,-6.5,-115,-105,,,,,2,,0,New Rochelle,NY,1,26,,,,-5.0,"35,44","42,34",-220,185,-3.5,-110,-110,164.5,-110,-110
ncaab:401086617,ncaab,2019-02-10T18:00Z,final,311,2378,Maine,UMBC,66,67,160,-185,,0,,,4.5,-110,-110,,,,,2,,0,Bangor,ME,1,36,,,,-5.0,"32,34","32,35",,,,,,120.0,-110,-110
ncaab:401084631,ncaab,2019-02-10T19:00Z,final,235,41,Memphis,UConn,78,71,,,,0,,,,,,,,,,2,,0,Memphis,TN,1,78,,,,-6.0,"37,41","30,41",,,,,,,,
ncaab:401084797,ncaab,2019-02-10T19:00Z,final,2567,2116,SMU,UCF,65,71,,,,0,,,,,,,,,,2,,0,Dallas,TX,1,128,,,,-6.0,"28,37","36,35",,,,,,,,
ncaab:401086036,ncaab,2019-02-10T19:00Z,final,2520,2561,Rider,Siena,57,59,-325,265,,0,,,-7.5,-110,-110,,,,,2,,0,Lawrenceville,NJ,1,37,,,,-5.0,"32,25","33,26",-225,175,-3.5,-121,100,133.5,-110,-110
ncaab:401086308,ncaab,2019-02-10T19:00Z,final,2244,2325,George Mason,La Salle,84,76,-310,260,,0,,,-7.0,-105,-115,,,,,2,,0,Fairfax,VA,1,131,,,,-5.0,"37,47","39,37",-220,180,-4.0,-105,-115,140.5,-110,-110
ncaab:401089404,ncaab,2019-02-10T19:00Z,final,233,198,South Dakota,Oral Roberts,72,86,-320,260,,0,,,-7.0,-110,-110,,,,,2,,0,Vermillion,SD,1,374,,,,-6.0,"39,33","44,42",-230,195,-4.0,-105,-115,142.5,-108,-112
ncaab:401084798,ncaab,2019-02-10T21:00Z,final,248,2132,Houston,Cincinnati,65,58,-225,185,,0,,,-4.5,-109,-112,,,,,2,,0,Houston,TX,1,12,,,,-6.0,"34,31","33,25",-170,145,-2.5,-110,-110,130.0,-110,-110
ncaab:401089311,ncaab,2019-02-10T21:00Z,final,2623,2287,Missouri St,Illinois St,66,65,-238,195,,0,,,-5.5,-110,-110,,,,,2,,0,Springfield,MO,1,396,,,,-6.0,"27,39","32,33",-190,155,-3.0,-110,-110,126.5,-110,-110
ncaab:401089312,ncaab,2019-02-10T21:00Z,final,2674,2350,Valparaiso,Loyola Chicago,51,56,140,-160,,0,,,3.5,-111,-105,,,,,2,,0,Valparaiso,IN,1,242,,,,-6.0,"24,27","22,34",125,-145,1.5,-105,-116,120.0,-110,-110
ncaab:401084799,ncaab,2019-02-10T22:30Z,final,58,151,South Florida,East Carolina,72,68,-918,632,,0,,,-12.5,-110,-110,,,,,2,,0,Tampa,FL,1,1,,,,-5.0,"28,34,10","39,23,6",-475,375,-7.0,-110,-110,131.5,-110,-110
ncaab:401082835,ncaab,2019-02-10T23:00Z,final,87,59,Notre Dame,Georgia Tech,69,59,-220,180,,0,,,-5.0,-110,-110,,,,,2,,0,South Bend,IN,1,211,,,,-5.0,"24,45","25,34",-170,150,-2.5,-115,-105,130.5,-110,-110
ncaab:401082411,ncaab,2019-02-10T23:30Z,final,2294,77,Iowa,Northwestern,80,79,-630,465,,0,,,-10.5,-110,-110,,,,,2,,0,Iowa City,IA,1,204,,,,-6.0,"35,45","41,38",-345,245,-6.0,-115,-105,144.0,-110,-110
ncaab:401087113,ncaab,2019-02-11T01:00Z,final,2483,24,Oregon,Stanford,69,46,-270,222,,0,,,-6.0,-110,-110,,,,,2,,0,Eugene,OR,1,131,,,,-8.0,"30,39","20,26",-200,160,-3.0,-115,-105,137.5,-110,-110
ncaab:401082774,ncaab,2019-02-12T00:00Z,final,153,258,North Carolina,Virginia,61,69,-115,-105,,0,,,-1.0,-106,-110,,,,,2,,0,Chapel Hill,NC,1,148,,,,-5.0,"29,32","36,33",-115,-105,0.0,-115,-105,139.5,-110,-110
ncaab:401088134,ncaab,2019-02-12T00:00Z,final,2083,2329,Bucknell,Lehigh,87,75,-220,180,,0,,,-5.0,-110,-110,,,,,2,,0,Lewisburg,PA,1,144,,,,-5.0,"35,52","38,37",,,,,,160.0,-110,-110
ncaab:401090378,ncaab,2019-02-12T00:00Z,final,50,2450,Florida A&M,Norfolk St,54,66,105,-125,,0,,,1.5,-110,-110,,,,,2,,0,Tallahassee,FL,1,62,,,,-5.0,"26,28","33,33",,,,,,132.5,-110,-110
ncaab:401089970,ncaab,2019-02-12T00:30Z,final,2065,47,Bethune,Howard,73,79,-170,150,,0,,,-3.5,-110,-110,,,,,2,,0,Daytona Beach,FL,1,4,,,,-5.0,"38,35","37,42",,,,,,153.0,-110,-110
ncaab:401089986,ncaab,2019-02-12T00:30Z,final,2569,2154,SC State,Coppin St,85,84,,,,0,,,,,,,,,,2,,0,Orangeburg,SC,1,74,,,,-5.0,"41,44","31,53",,,,,,,,
ncaab:401090266,ncaab,2019-02-12T00:30Z,final,2448,2379,NC A&T,MD Eastern,68,61,,,,0,,,,,,,,,,2,,0,Greensboro,NC,1,266,,,,-5.0,"23,45","31,30",,,,,,,,
ncaab:401090288,ncaab,2019-02-12T00:30Z,final,2542,2415,Savannah St,Morgan St,88,85,-118,-102,,0,,,-1.0,-110,-110,,,,,2,,0,Savannah,GA,1,6,,,,-5.0,"45,43","51,34",,,,,,166.0,-110,-110
ncaab:401090347,ncaab,2019-02-12T00:30Z,final,2428,2169,NC Central,Delaware St,87,52,,,,0,,,,,,,,,,2,,0,Durham,NC,1,123,,,,-5.0,"49,38","30,22",,,,,,,,
ncaab:401088921,ncaab,2019-02-12T01:30Z,final,2011,2400,Alabama St,Miss Valley St,82,59,,,,0,,,,,,,,,,2,,0,Montgomery,AL,1,73,,,,-6.0,"35,47","27,32",,,,,,,,
ncaab:401088939,ncaab,2019-02-12T01:30Z,final,2016,2755,Alcorn St,Grambling,53,65,245,-295,,0,,,6.5,-110,-110,,,,,2,,0,Lorman,MS,1,66,,,,-6.0,"16,37","32,33",,,,,,129.5,-110,-110
ncaab:401088991,ncaab,2019-02-12T01:30Z,final,2010,2029,Alabama A&M,AR-Pine Bluff,60,69,,,,0,,,,,,,,,,2,,0,Normal,AL,1,220,,,,-6.0,"28,32","29,40",,,,,,,,
ncaab:401088580,ncaab,2019-02-12T01:45Z,final,2582,2296,Southern,Jackson St,76,67,-102,-118,,0,,,1.0,-110,-110,,,,,2,,0,Baton Rouge,LA,1,14,,,,-6.0,"39,37","25,42",,,,,,124.0,-110,-110
ncaab:401083394,ncaab,2019-02-12T02:00Z,final,239,201,Baylor,Oklahoma,59,53,-265,225,,0,,,-6.0,-110,-110,,,,,2,,0,Waco,TX,1,143,,,,-6.0,"31,28","31,22",-205,175,-3.0,-115,-105,138.0,-110,-110
ncaab:401083523,ncaab,2019-02-12T02:00Z,final,2628,2305,TCU,Kansas,77,82,-149,127,,0,,,-3.0,-103,-113,,,,,2,,0,Fort Worth,TX,1,199,,,,-6.0,"37,32,8","37,32,13",-140,120,-1.5,-105,-115,147.5,-110,-110
ncaab:401086939,ncaab,2019-02-12T03:35Z,final,16,2502,Sacramento St,Portland St,78,67,-185,160,,0,,,-4.0,-105,-115,,,,,2,,0,Sacramento,CA,1,9,,,,-8.0,"43,35","31,36",-165,135,-2.0,-110,-110,139.5,-110,-110
ncaab:401082440,ncaab,2019-02-12T23:30Z,final,120,2509,Maryland,Purdue,70,56,130,-150,,0,,,2.5,-110,-110,,,,,2,,0,College Park,MD,1,21,,,,-5.0,"30,40","38,18",120,-140,1.0,-105,-115,138.5,-110,-110
ncaab:401085692,ncaab,2019-02-12T23:30Z,final,2603,179,Saint Joseph's,St Bonaventure,51,76,,,,0,,,,,,,,,,2,,0,Philadelphia,PA,1,12,,,,-5.0,"25,26","41,35",,,,,,,,
ncaab:401082488,ncaab,2019-02-13T00:00Z,final,275,127,Wisconsin,Michigan St,59,67,115,-135,,0,,,2.0,-110,-110,,,,,2,,0,Madison,WI,1,267,,,,-6.0,"38,21","37,30",110,-130,1.0,-110,-110,131.5,-110,-110
ncaab:401082634,ncaab,2019-02-13T00:00Z,final,103,221,Boston College,Pitt,66,57,-125,105,,0,,,-1.5,-110,-110,,,,,2,,0,Chestnut Hill,MA,1,60,,,,-5.0,"36,30","32,25",-135,115,-1.0,-115,-105,138.0,-108,-112
ncaab:401083118,ncaab,2019-02-13T00:00Z,final,96,99,Kentucky,LSU,71,73,-420,333,,0,,,-9.0,-105,-115,,,,,2,,0,Lexington,KY,1,295,,,,-5.0,"40,31","32,41",-260,200,-4.5,-110,-110,149.0,-105,-115
ncaab:401083151,ncaab,2019-02-13T00:00Z,final,245,61,Texas A&M,Georgia,73,56,-240,200,,0,,,-5.0,-115,-105,,,,,2,,0,College Station,TX,1,103,,,,-6.0,"34,39","21,35",-179,150,-2.5,-115,-105,148.0,-111,-109
ncaab:401084013,ncaab,2019-02-13T00:00Z,final,2006,2084,Akron,Buffalo,70,76,341,-431,,0,,,8.5,-110,-110,,,,,2,,0,Akron,OH,1,291,,,,-5.0,"28,42","30,46",190,-230,4.0,-105,-115,145.5,-110,-110
ncaab:401085588,ncaab,2019-02-13T00:00Z,final,2230,2166,Fordham,Davidson,69,79,285,-355,,0,,,7.5,-110,-110,,,,,2,,0,Bronx,NY,1,28,,,,-5.0,"25,44","36,43",185,-225,4.0,-110,-110,126.5,-110,-110
ncaab:401085773,ncaab,2019-02-13T00:00Z,final,2514,2520,Quinnipiac,Rider,98,88,105,-125,,0,,,1.5,-112,-105,,,,,2,,0,Hamden,CT,1,31,,,,-5.0,"31,50,17","32,49,7",100,-120,0.5,-110,-110,147.0,-110,-110
ncaab:401087389,ncaab,2019-02-13T00:00Z,final,2711,2459,W Michigan,N Illinois,76,74,,,,0,,,,,,,,,,2,,0,Kalamazoo,MI,1,239,,,,-5.0,"43,33","30,44",,,,,,,,
ncaab:401087407,ncaab,2019-02-13T00:00Z,final,195,2199,Ohio,E Michigan,57,66,,,,0,,,,,,,,,,2,,0,Athens,OH,1,219,,,,-5.0,"24,33","31,35",,,,,,,,
ncaab:401088408,ncaab,2019-02-13T00:00Z,final,189,2117,Bowling Green,C Michigan,79,72,,,,0,,,,,,,,,,2,,0,Bowling Green,OH,1,212,,,,-5.0,"32,47","42,30",,,,,,,,
ncaab:401083263,ncaab,2019-02-13T01:00Z,final,305,269,DePaul,Marquette,73,92,155,-175,,0,,,3.5,-110,-110,,,,,2,,0,Chicago,IL,1,179,,,,-6.0,"39,34","51,41",128,-156,2.0,-115,-105,149.5,-110,-110
ncaab:401089313,ncaab,2019-02-13T01:00Z,final,79,2181,S Illinois,Drake,69,72,,,,0,,,,,,,,,,2,,0,Carbondale,IL,1,126,,,,-6.0,"35,34","42,30",,,,,,,,
ncaab:401082465,ncaab,2019-02-13T01:30Z,final,213,130,Penn State,Michigan,75,69,288,-356,,0,,,7.0,-108,-112,,,,,2,,0,University Park,PA,1,348,,,,-5.0,"40,35","27,42",190,-233,4.5,-115,-105,128.5,-110,-110
ncaab:401083212,ncaab,2019-02-13T01:30Z,final,2599,2086,St John's,Butler,77,73,,,,0,,,,,,,,,,2,,0,Queens,NY,1,12,,,,-5.0,"38,28,11","30,36,7",,,,,,,,
ncaab:401082687,ncaab,2019-02-13T02:00Z,final,97,150,Louisville,Duke,69,71,315,-380,,0,,,7.5,-110,-110,,,,,2,,0,Louisville,KY,1,142,,,,-5.0,"38,31","29,42",180,-223,4.5,-120,100,152.0,-110,-110
ncaab:401082967,ncaab,2019-02-13T02:00Z,final,344,333,Mississippi St,Alabama,81,62,-233,190,,0,,,-5.5,-110,-110,,,,,2,,0,Starkville,MS,1,101,,,,-6.0,"43,38","30,32",-185,155,-3.0,-110,-110,151.5,-110,-110
ncaab:401083015,ncaab,2019-02-13T02:00Z,final,142,8,Missouri,Arkansas,79,78,115,-135,,0,,,1.5,-104,-112,,,,,2,,0,Columbia,MO,1,215,,,,-6.0,"46,33","36,42",105,-125,0.5,-105,-115,138.5,-110,-110
ncaab:401083443,ncaab,2019-02-13T02:00Z,final,251,2306,Texas,Kansas St,64,71,-159,135,,0,,,-3.0,-110,-110,,,,,2,,0,Austin,TX,1,149,,,,-6.0,"39,25","35,36",-145,125,-1.5,-110,-110,122.5,-110,-110
ncaab:401118813,ncaab,2019-02-13T03:00Z,final,2856,3246,CA Baptist,Bethesda,115,65,,,,0,,,,,,,,,,2,,0,Riverside,CA,1,252,,,,-8.0,"59,56","32,33",,,,,,,,
ncaab:401089594,ncaab,2019-02-13T03:30Z,final,2439,2005,UNLV,Air Force,77,72,-490,390,,0,,,-9.0,-115,-105,,,,,2,,0,Las Vegas,NV,1,610,,,,-8.0,"36,41","40,32",-300,220,-5.0,-115,-105,144.0,-110,-110
ncaab:401089656,ncaab,2019-02-13T04:00Z,final,36,21,Colorado St,San Diego St,60,71,140,-160,,0,,,3.0,-106,-110,,,,,2,,0,Fort Collins,CO,1,1525,,,,-7.0,"26,34","29,42",120,-140,1.5,-110,-110,145.5,-110,-110
ncaab:401088084,ncaab,2019-02-13T16:00Z,final,349,104,Army,Boston U,71,61,-170,150,,0,,,-3.5,-109,-111,,,,,2,,0,West Point,NY,1,47,,,,-5.0,"32,39","25,36",,,,,,142.0,-110,-110
ncaab:401083037,ncaab,2019-02-13T23:30Z,final,2633,2579,Tennessee,South Carolina,85,73,-1700,1100,,0,,,-15.5,-110,-110,,,,,2,,0,Knoxville,TN,1,276,,,,-5.0,"49,36","36,37",-714,500,-9.0,-110,-110,150.0,-110,-110
ncaab:401083323,ncaab,2019-02-13T23:30Z,final,222,2507,Villanova,Providence,85,67,-650,475,,0,,,-10.5,-110,-110,,,,,2,,0,Villanova,PA,1,121,,,,-5.0,"39,46","34,33",-375,275,-6.0,-110,-110,134.0,-110,-110
ncaab:401085712,ncaab,2019-02-13T23:30Z,final,45,139,G Washington,Saint Louis,58,73,,,,0,,,,,,,,,,2,,0,Washington,DC,1,7,,,,-5.0,"31,27","31,42",,,,,,,,
ncaab:401082542,ncaab,2019-02-14T00:00Z,final,77,164,Northwestern,Rutgers,56,59,-240,200,,0,,,-5.5,-110,-110,,,,,2,,0,Evanston,IL,1,187,,,,-6.0,"22,34","22,37",-185,160,-3.0,-105,-115,134.0,-110,-110
ncaab:401082662,ncaab,2019-02-14T00:00Z,final,2390,228,Miami,Clemson,65,64,135,-159,,0,,,3.0,-115,-105,,,,,2,,0,Coral Gables,FL,1,3,,,,-5.0,"24,41","26,38",120,-140,1.5,-110,-110,126.0,-110,-110
ncaab:401082711,ncaab,2019-02-14T00:00Z,final,52,154,Florida St,Wake Forest,88,66,-3000,1500,,0,,,-18.0,-110,-110,,,,,2,,0,Tallahassee,FL,1,62,,,,-5.0,"38,50","31,35",-1000,700,-11.0,-110,-110,142.5,-110,-110
ncaab:401084800,ncaab,2019-02-14T00:00Z,final,151,235,East Carolina,Memphis,69,79,350,-450,,0,,,8.5,-110,-110,,,,,2,,0,Greenville,NC,1,18,,,,-5.0,"37,32","40,39",210,-263,4.5,-110,-110,150.5,-110,-110
ncaab:401084801,ncaab,2019-02-14T00:00Z,final,218,2567,Temple,SMU,82,74,,,,0,,,,,,,,,,2,,0,Philadelphia,PA,1,12,,,,-5.0,"34,48","34,40",,,,,,,,
ncaab:401084802,ncaab,2019-02-14T00:00Z,final,2116,58,UCF,South Florida,78,65,-337,274,,0,,,-7.0,-110,-110,,,,,2,,0,Orlando,FL,1,30,,,,-5.0,"39,39","25,40",-227,185,-4.0,-105,-115,128.5,-110,-110
ncaab:401085639,ncaab,2019-02-14T00:00Z,final,2325,2184,La Salle,Duquesne,73,72,-125,105,,0,,,-1.5,-110,-110,,,,,2,,0,Philadelphia,PA,1,12,,,,-5.0,"30,43","30,42",-122,101,-0.5,-115,-105,146.5,-109,-111
ncaab:401085671,ncaab,2019-02-14T00:00Z,final,2670,257,VCU,Richmond,81,60,-650,477,,0,,,-10.5,-110,-110,,,,,2,,0,Richmond,VA,1,64,,,,-5.0,"41,40","25,35",-380,280,-6.0,-115,-105,140.5,-110,-110
ncaab:401085943,ncaab,2019-02-14T00:00Z,final,2561,314,Siena,Iona,52,57,-140,120,,0,,,-2.5,-110,-110,,,,,2,,0,Albany,NY,1,45,,,,-5.0,"30,22","26,31",-137,113,-1.0,-115,-105,135.0,-123,102
ncaab:401086309,ncaab,2019-02-14T00:00Z,final,2244,113,George Mason,UMass,80,75,,,,0,,,,,,,,,,2,,0,Fairfax,VA,1,131,,,,-5.0,"26,34,20","26,34,15",,,,,,,,
ncaab:401086530,ncaab,2019-02-14T00:00Z,final,399,2349,UAlbany,UMass Lowell,54,86,,,,0,,,,,,,,,,2,,0,Albany,NY,1,45,,,,-5.0,"25,29","42,44",,,,,,,,
ncaab:401086557,ncaab,2019-02-14T00:00Z,final,2066,2378,Binghamton,UMBC,50,64,240,-280,,0,,,6.5,-110,-110,,,,,2,,0,Binghamton,NY,1,264,,,,-5.0,"24,26","29,35",,,,,,125.0,-110,-110
ncaab:401086597,ncaab,2019-02-14T00:00Z,final,42,311,Hartford,Maine,81,73,-550,425,,0,,,-9.0,-110,-110,,,,,2,,0,West Hartford,CT,1,40,,,,-5.0,"41,40","36,37",,,,,,138.0,-110,-110
ncaab:401086649,ncaab,2019-02-14T00:00Z,final,261,160,Vermont,New Hampshire,73,44,-10500,4250,,0,,,-23.5,-110,-110,,,,,2,,0,Burlington,VT,1,61,,,,-5.0,"38,35","26,18",,,,,,126.5,-110,-110
ncaab:401086672,ncaab,2019-02-14T00:00Z,final,526,2885,FGCU,NJIT,57,55,,,,0,,,,,,,,,,2,,0,Fort Myers,FL,1,3,,,,-5.0,"33,24","25,30",,,,,,,,
ncaab:401086699,ncaab,2019-02-14T00:00Z,final,56,294,Stetson,Jacksonville,70,93,165,-185,,0,,,4.0,-110,-110,,,,,2,,0,DeLand,FL,1,12,,,,-5.0,"33,37","48,45",,,,,,152.0,-110,-110
ncaab:401086792,ncaab,2019-02-14T00:00Z,final,2454,338,North Florida,Kennesaw St,80,57,-1250,800,,0,,,-13.0,-110,-110,,,,,2,,0,Jacksonville,FL,1,5,,,,-5.0,"41,39","28,29",,,,,,152.5,-110,-110
ncaab:401087975,ncaab,2019-02-14T00:00Z,final,290,6,GA Southern,South Alabama,75,65,,,,0,,,,,,,,,,2,,0,Statesboro,GA,1,77,,,,-5.0,"42,33","27,38",,,,,,,,
ncaab:401088063,ncaab,2019-02-14T00:00Z,final,44,2352,American,Loyola MD,84,86,-310,255,,0,,,-7.0,-106,-110,,,,,2,,0,Washington,DC,1,7,,,,-5.0,"35,49","35,51",,,,,,138.0,-110,-110
ncaab:401088107,ncaab,2019-02-14T00:00Z,final,2247,2653,Georgia St,Troy,77,63,-450,360,,0,,,-9.0,-105,-115,,,,,2,,0,Atlanta,GA,1,320,,,,-5.0,"34,43","33,30",-265,205,-5.0,-110,-110,147.5,-110,-110
ncaab:401088335,ncaab,2019-02-14T00:00Z,final,2097,2261,Campbell,Hampton,87,84,-260,220,,0,,,-6.0,-110,-110,,,,,2,,0,Buies Creek,NC,1,63,,,,-5.0,"42,45","39,45",,,,,,154.0,-110,-110
ncaab:401088336,ncaab,2019-02-14T00:00Z,final,2241,2127,Gardner-Webb,Charleston So,77,74,-200,170,,0,,,-4.5,-110,-110,,,,,2,,0,Boiling Springs,NC,1,269,,,,-5.0,"47,30","33,41",,,,,,152.5,-110,-110
ncaab:401088337,ncaab,2019-02-14T00:00Z,final,2272,2344,High Point,Longwood,59,62,-340,280,,0,,,-7.5,-105,-115,,,,,2,,0,High Point,NC,1,281,,,,-5.0,"30,29","29,33",,,,,,128.5,-110,-110
ncaab:401088338,ncaab,2019-02-14T00:00Z,final,2737,2506,Winthrop,Presbyterian,93,85,-275,235,,0,,,-6.0,-110,-110,,,,,2,,0,Rock Hill,SC,1,207,,,,-5.0,"46,47","48,37",,,,,,162.5,-110,-110
ncaab:401088339,ncaab,2019-02-14T00:00Z,final,2908,2427,SC Upstate,UNC Asheville,53,57,-245,205,,0,,,-5.5,-110,-110,,,,,2,,0,Spartanburg,SC,1,246,,,,-5.0,"28,25","26,31",,,,,,131.5,-110,-110
ncaab:401089089,ncaab,2019-02-14T00:00Z,final,2426,322,Navy,Lafayette,74,80,-159,135,,0,,,-3.0,-110,-110,,,,,2,,0,Annapolis,MD,1,12,,,,-5.0,"41,33","34,46",,,,,,142.5,-110,-110
ncaab:401089314,ncaab,2019-02-14T00:00Z,final,339,2623,Evansville,Missouri St,56,68,140,-164,,0,,,3.5,-110,-110,,,,,2,,0,Evansville,IN,1,118,,,,-6.0,"24,32","42,26",125,-145,2.0,-115,-105,129.5,-108,-112
ncaab:401086722,ncaab,2019-02-14T00:30Z,final,288,2335,Lipscomb,Liberty,66,74,-345,285,,0,,,-7.5,-110,-110,,,,,2,,0,Nashville,TN,1,170,,,,-6.0,"27,39","38,36",,,,,,139.5,-110,-110
ncaab:401088372,ncaab,2019-02-14T00:30Z,final,107,2142,Holy Cross,Colgate,70,74,-103,-117,,0,,,1.0,-110,-110,,,,,2,,0,Worcester,MA,1,147,,,,-5.0,"39,31","37,37",,,,,,129.5,-110,-110
ncaab:401089150,ncaab,2019-02-14T00:30Z,final,2617,2377,SF Austin,McNeese,67,57,,,,0,,,,,,,,,,2,,0,Nacogdoches,TX,1,92,,,,-6.0,"33,34","29,28",,,,,,,,
ncaab:401082757,ncaab,2019-02-14T01:00Z,final,259,59,Virginia Tech,Georgia Tech,76,68,-802,570,,0,,,-12.5,-110,-110,,,,,2,,0,Blacksburg,VA,1,633,,,,-5.0,"27,49","30,38",-450,325,-7.0,-105,-115,122.0,-110,-110
ncaab:401082797,ncaab,2019-02-14T01:00Z,final,152,183,NC State,Syracuse,73,58,,,,0,,,,,,,,,,2,,0,Raleigh,NC,1,96,,,,-5.0,"30,43","27,31",,,,,,,,
ncaab:401089128,ncaab,2019-02-14T01:00Z,final,357,2534,Texas A&M-CC,Sam Houston,69,70,180,-220,,0,,,5.0,-110,-110,,,,,2,,0,Corpus Christi,TX,1,2,,,,-6.0,"29,40","28,42",,,,,,130.0,-110,-110
ncaab:401089199,ncaab,2019-02-14T01:00Z,final,2545,2916,SE Louisiana,Incarnate Word,70,64,,,,0,,,,,,,,,,2,,0,Hammond,LA,1,13,,,,-6.0,"36,34","33,31",,,,,,,,
ncaab:401089315,ncaab,2019-02-14T01:00Z,final,71,2350,Bradley,Loyola Chicago,61,54,135,-159,,0,,,3.0,-110,-110,,,,,2,,0,Peoria,IL,1,153,,,,-6.0,"22,39","26,28",120,-140,1.5,-110,-110,122.5,-110,-110
ncaab:401089316,ncaab,2019-02-14T01:00Z,final,2460,2287,Northern Iowa,Illinois St,77,64,-115,-105,,0,,,-1.0,-110,-110,,,,,2,,0,Cedar Falls,IA,1,268,,,,-6.0,"43,34","31,33",-115,-105,-0.5,-105,-115,129.0,-115,-105
ncaab:401089317,ncaab,2019-02-14T01:00Z,final,2674,282,Valparaiso,Indiana St,82,87,-200,170,,0,,,-4.5,-110,-110,,,,,2,,0,Valparaiso,IN,1,242,,,,-6.0,"36,35,11","39,32,16",-170,145,-2.5,-110,-110,129.0,-110,-110
ncaab:401089416,ncaab,2019-02-14T01:00Z,final,2320,2466,Lamar,N'Western St,75,70,,,,0,,,,,,,,,,2,,0,Beaumont,TX,1,5,,,,-6.0,"40,35","31,39",,,,,,,,
ncaab:401089464,ncaab,2019-02-14T01:00Z,final,2447,2000,Nicholls,Abilene Chrstn,48,64,225,-265,,0,,,6.0,-110,-110,,,,,2,,0,Thibodaux,LA,1,4,,,,-6.0,"16,32","30,34",,,,,,145.0,-110,-110
ncaab:401089639,ncaab,2019-02-14T01:00Z,final,2110,2277,C Arkansas,Hou Christian,71,75,,,,0,,,,,,,,,,2,,0,Conway,AR,1,95,,,,-6.0,"31,40","41,34",,,,,,,,
ncaab:401083101,ncaab,2019-02-14T01:30Z,final,2,145,Auburn,Ole Miss,55,60,-410,330,,0,,,-8.0,-110,-110,,,,,2,,0,Auburn,AL,1,215,,,,-6.0,"24,31","30,30",-250,200,-4.5,-110,-110,153.5,-110,-110
ncaab:401083237,ncaab,2019-02-14T01:30Z,final,2752,156,Xavier,Creighton,64,61,103,-123,,0,,,1.5,-110,-110,,,,,2,,0,Cincinnati,OH,1,191,,,,-5.0,"36,23,5","30,29,2",-105,-115,0.5,-115,-105,145.0,-110,-110
ncaab:401083286,ncaab,2019-02-14T01:30Z,final,2550,46,Seton Hall,Georgetown,90,75,-186,158,,0,,,-4.0,-110,-106,,,,,2,,0,Newark,NJ,1,9,,,,-5.0,"48,42","35,40",-160,140,-2.0,-110,-110,156.0,-110,-110
ncaab:401082508,ncaab,2019-02-14T02:00Z,final,158,135,Nebraska,Minnesota,62,61,-185,160,,0,,,-4.0,-110,-110,,,,,2,,0,Lincoln,NE,1,367,,,,-6.0,"30,32","31,30",-155,135,-2.0,-110,-110,134.5,-110,-110
ncaab:401082940,ncaab,2019-02-14T02:00Z,final,57,238,Florida,Vanderbilt,66,57,-655,505,,0,,,-10.5,-115,-105,,,,,2,,0,Gainesville,FL,1,54,,,,-5.0,"31,35","33,24",-340,280,-5.5,-110,-110,131.0,-110,-110
ncaab:401083489,ncaab,2019-02-14T02:00Z,final,197,2641,Oklahoma St,Texas Tech,50,78,245,-290,,0,,,6.5,-114,-103,,,,,2,,0,Stillwater,OK,1,273,,,,-6.0,"23,27","44,34",175,-210,3.5,-115,-105,128.0,-110,-110
ncaab:401089997,ncaab,2019-02-14T02:00Z,final,328,2751,Utah State,Wyoming,76,59,-4250,2125,,0,,,-20.0,-115,-105,,,,,2,,0,Logan,UT,1,1382,,,,-7.0,"37,39","37,22",,,-12.0,-110,-110,135.0,-110,-110
ncaab:401090035,ncaab,2019-02-14T02:00Z,final,167,23,New Mexico,San José St,92,60,-2500,1400,,0,,,-17.0,-115,-105,,,,,2,,0,Albuquerque,NM,1,1511,,,,-7.0,"42,50","32,28",-909,650,-10.5,-110,-110,151.0,-110,-110
ncaab:401085339,ncaab,2019-02-14T03:00Z,final,302,2463,UC Davis,CSU Northridge,76,59,,,,0,,,,,,,,,,2,,0,Davis,CA,1,16,,,,-8.0,"35,41","27,32",,,,,,,,
ncaab:401087072,ncaab,2019-02-14T03:00Z,final,25,26,California,UCLA,67,75,280,-340,,0,,,7.5,-110,-110,,,,,2,,0,Berkeley,CA,1,52,,,,-8.0,"34,30,3","25,39,11",185,-225,4.0,-110,-110,155.5,-110,-110
ncaab:401087245,ncaab,2019-02-14T03:00Z,final,2239,299,Fullerton,Long Beach St,85,82,-270,220,,0,,,-6.0,-110,-106,,,,,2,,0,Fullerton,CA,1,50,,,,-8.0,"34,51","27,55",-205,175,-3.0,-115,-105,150.0,-110,-110
ncaab:401087051,ncaab,2019-02-14T03:30Z,final,38,9,Colorado,Arizona St,77,73,-125,105,,0,,,-1.5,-110,-110,,,,,2,,0,Boulder,CO,1,1624,,,,-7.0,"32,45","32,41",-120,100,-0.5,-110,-110,149.0,-110,-110
ncaab:401089613,ncaab,2019-02-14T03:30Z,final,278,68,Fresno St,Boise St,65,63,-270,230,,0,,,-6.0,-110,-110,,,,,2,,0,Fresno,CA,1,94,,,,-8.0,"30,35","31,32",-196,165,-3.0,-115,-105,141.0,-110,-110
ncaab:401087144,ncaab,2019-02-14T04:00Z,final,24,30,Stanford,USC,79,76,-125,105,,0,,,-1.5,-110,-110,,,,,2,,0,Stanford,CA,1,23,,,,-8.0,"35,44","40,36",-120,100,-0.5,-106,-114,147.0,-110,-110
ncaab:401116695,ncaab,2019-02-14T22:00Z,final,2711,2309,W Michigan,Kent State,63,82,,,,0,,,,,,,,,,2,,0,Kalamazoo,MI,1,239,,,,-5.0,"30,33","31,51",,,,,,,,
ncaab:401088454,ncaab,2019-02-14T23:00Z,final,161,2598,FDU,Saint Francis,62,87,,,,0,,,,,,,,,,2,,0,Hackensack,NJ,1,6,,,,-5.0,"23,39","41,46",,,,,,,,
ncaab:401090106,ncaab,2019-02-14T23:30Z,final,2565,2197,SIUE,E Illinois,65,79,,,,0,,,,,,,,,,2,,0,Edwardsville,IL,1,165,,,,-6.0,"26,39","40,39",,,,,,,,
ncaab:401082355,ncaab,2019-02-15T00:00Z,final,194,356,Ohio State,Illinois,56,63,-369,295,,0,,,-8.0,-105,-115,,,,,2,,0,Columbus,OH,1,235,,,,-5.0,"27,29","30,33",-260,200,-4.5,-105,-115,144.0,-110,-110
ncaab:401083877,ncaab,2019-02-15T00:00Z,final,232,2275,Charleston,Hofstra,95,99,100,-120,,0,,,1.0,-112,-105,,,,,2,,0,Charleston,SC,1,6,,,,-5.0,"35,60","43,56",-110,-110,0.0,-110,-110,143.5,-110,-110
ncaab:401083930,ncaab,2019-02-15T00:00Z,final,119,48,Towson,Delaware,71,78,-110,-110,,0,,,0.0,-110,-110,,,,,2,,0,Towson,MD,1,141,,,,-5.0,"26,38,3,4","33,31,3,11",-119,-102,-0.5,-105,-115,128.5,-110,-110
ncaab:401083955,ncaab,2019-02-15T00:00Z,final,256,2182,James Madison,Drexel,71,69,-123,103,,0,,,-1.5,-107,-109,,,,,2,,0,Harrisonburg,VA,1,404,,,,-5.0,"37,34","28,41",-120,-100,-0.5,-105,-115,146.0,-105,-115
ncaab:401084038,ncaab,2019-02-15T00:00Z,final,350,111,UNC Wilmington,Northeastern,77,81,200,-240,,0,,,5.5,-110,-110,,,,,2,,0,Wilmington,NC,1,9,,,,-5.0,"44,33","33,48",160,-185,3.0,-110,-110,151.0,-110,-110
ncaab:401084632,ncaab,2019-02-15T00:00Z,final,41,248,UConn,Houston,63,71,,,,0,,,,,,,,,,2,,0,Hartford,CT,1,18,,,,-5.0,"29,34","32,39",,,,,,,,
ncaab:401084803,ncaab,2019-02-15T00:00Z,final,2655,202,Tulane,Tulsa,57,80,250,-310,,0,,,7.0,-110,-110,,,,,2,,0,New Orleans,LA,1,0,,,,-6.0,"24,33","34,46",175,-210,3.5,-105,-115,145.0,-110,-110
ncaab:401086202,ncaab,2019-02-15T00:00Z,final,140,2253,Kansas City,Grand Canyon,87,75,315,-380,,0,,,8.0,-105,-115,,,,,2,,0,Kansas City,MO,1,274,,,,-6.0,"42,29,16","27,44,4",,,,,,136.5,-105,-115
ncaab:401087351,ncaab,2019-02-15T00:00Z,final,2226,249,FAU,North Texas,57,47,,,,0,,,,,,,,,,2,,0,Boca Raton,FL,1,4,,,,-5.0,"25,32","23,24",,,,,,,,
ncaab:401087369,ncaab,2019-02-15T00:00Z,final,2229,242,FIU,Rice,86,65,,,,0,,,,,,,,,,2,,0,Miami,FL,1,2,,,,-5.0,"42,44","29,36",,,,,,,,
ncaab:401087490,ncaab,2019-02-15T00:00Z,final,2681,2115,Wagner,C Connecticut,63,57,,,,0,,,,,,,,,,2,,0,Staten Island,NY,1,21,,,,-5.0,"32,31","25,32",,,,,,,,
ncaab:401087510,ncaab,2019-02-15T00:00Z,final,116,2523,Mount St Marys,Robert Morris,76,62,150,-170,,0,,,3.5,-110,-110,,,,,2,,0,Emmitsburg,MD,1,133,,,,-5.0,"31,45","38,24",,,,,,134.0,-110,-110
ncaab:401087532,ncaab,2019-02-15T00:00Z,final,2803,2529,Bryant,Sacred Heart,104,105,160,-185,,0,,,4.0,-110,-106,,,,,2,,0,Smithfield,RI,1,84,,,,-5.0,"54,50","48,57",,,,,,151.5,-110,-110
ncaab:401087801,ncaab,2019-02-15T00:00Z,final,2597,112358,St Francis BK,Long Island,83,76,,,,0,,,,,,,,,,2,,0,Brooklyn,NY,1,15,,,,-5.0,"37,46","33,43",,,,,,,,
ncaab:401088485,ncaab,2019-02-15T00:00Z,final,325,82,Cleveland St,UIC,77,81,170,-195,,0,,,4.5,-110,-110,,,,,2,,0,Cleveland,OH,1,199,,,,-5.0,"34,43","45,36",145,-170,2.5,-115,-105,147.5,-110,-110
ncaab:401088828,ncaab,2019-02-15T00:00Z,final,2747,2678,Wofford,VMI,95,84,-6000,2750,,0,,,-23.0,-110,-110,,,,,2,,0,Spartanburg,SC,1,246,,,,-5.0,"53,42","28,56",,,-13.0,-110,-110,152.5,-110,-110
ncaab:401088859,ncaab,2019-02-15T00:00Z,final,2193,2643,ETSU,The Citadel,91,83,,,,0,,,,,,,,,,2,,0,Johnson City,TN,1,498,,,,-5.0,"40,51","46,37",,,,,,,,
ncaab:401088896,ncaab,2019-02-15T00:00Z,final,2717,2382,W Carolina,Mercer,65,74,,,,0,,,,,,,,,,2,,0,Cullowhee,NC,1,645,,,,-5.0,"25,40","40,34",,,,,,,,
ncaab:401089905,ncaab,2019-02-15T00:00Z,final,2754,85,Youngstown St,IU Indy,75,73,105,-125,,0,,,1.5,-110,-110,,,,,2,,0,Youngstown,OH,1,259,,,,-5.0,"39,36","30,43",100,-120,0.5,-110,-110,150.0,-110,-110
ncaab:401087869,ncaab,2019-02-15T00:30Z,final,2031,250,Little Rock,UT Arlington,56,52,,,,0,,,,,,,,,,2,,0,Little Rock,AR,1,102,,,,-6.0,"26,30","25,27",,,,,,,,
ncaab:401088180,ncaab,2019-02-15T00:30Z,final,2348,2638,Louisiana Tech,UTEP,71,57,-630,465,,0,,,-10.5,-110,-110,,,,,2,,0,Ruston,LA,1,102,,,,-6.0,"35,36","30,27",-370,310,-6.0,-110,-110,131.5,-110,-110
ncaab:401088887,ncaab,2019-02-15T00:30Z,final,231,2430,Furman,UNC Greensboro,67,57,-170,150,,0,,,-3.0,-105,-115,,,,,2,,0,Greenville,SC,1,307,,,,-5.0,"27,40","25,32",-141,120,-1.5,-110,-110,138.0,-110,-110
ncaab:401090121,ncaab,2019-02-15T00:35Z,final,2413,2198,Morehead St,E Kentucky,78,72,,,,0,,,,,,,,,,2,,0,Morehead,KY,1,153,,,,-6.0,"44,34","34,38",,,,,,,,
ncaab:401086203,ncaab,2019-02-15T01:00Z,final,292,2547,UT Rio Grande,Seattle U,59,44,,,,0,,,,,,,,,,2,,0,Edinburg,TX,1,30,,,,-6.0,"21,38","15,29",,,,,,,,
ncaab:401087917,ncaab,2019-02-15T01:00Z,final,2032,326,Arkansas St,Texas St,74,84,170,-200,,0,,,4.5,-110,-110,,,,,2,,0,Jonesboro,AR,1,99,,,,-6.0,"40,34","40,44",140,-160,2.5,-115,-105,136.5,-110,-110
ncaab:401088194,ncaab,2019-02-15T01:00Z,final,276,5,Marshall,UAB,68,77,-189,160,,0,,,-4.0,-110,-110,,,,,2,,0,Huntington,WV,1,173,,,,-5.0,"31,37","38,39",-159,130,-2.0,-110,-110,155.0,-110,-110
ncaab:401088378,ncaab,2019-02-15T01:00Z,final,98,2393,Western KY,MTSU,71,63,,,,0,,,,,,,,,,2,,0,Bowling Green,KY,1,161,,,,-6.0,"28,43","32,31",,,,,,,,
ncaab:401088504,ncaab,2019-02-15T01:00Z,final,270,2174,Milwaukee,Detroit Mercy,84,90,-140,120,,0,,,-2.5,-105,-115,,,,,2,,0,Milwaukee,WI,1,188,,,,-6.0,"46,38","44,46",-130,110,-1.0,-110,-110,144.5,-110,-110
ncaab:401089157,ncaab,2019-02-15T01:00Z,final,2449,198,N Dakota St,Oral Roberts,85,73,,,,0,,,,,,,,,,2,,0,Fargo,ND,1,276,,,,-6.0,"46,39","38,35",,,,,,,,
ncaab:401089372,ncaab,2019-02-15T01:00Z,final,2437,2571,Omaha,S Dakota St,85,84,,,,0,,,,,,,,,,2,,0,Omaha,NE,1,323,,,,-6.0,"30,55","43,41",,,,,,,,
ncaab:401089885,ncaab,2019-02-15T01:00Z,final,2739,2473,Green Bay,Oakland,66,54,-130,110,,0,,,-2.0,-110,-110,,,,,2,,0,Ashwaubenon,WI,1,185,,,,-6.0,"27,39","22,32",-130,110,-1.0,-106,-114,165.0,-110,-110
ncaab:401090086,ncaab,2019-02-15T01:00Z,final,2634,2057,Tennessee St,Belmont,66,77,711,-1100,,0,,,12.5,-106,-110,,,,,2,,0,Nashville,TN,1,170,,,,-6.0,"30,36","41,36",340,-455,7.0,-105,-115,153.5,-110,-110
ncaab:401090277,ncaab,2019-02-15T01:00Z,final,2572,2636,Southern Miss,UTSA,78,71,-170,150,,0,,,-3.5,-110,-110,,,,,2,,0,Hattiesburg,MS,1,52,,,,-6.0,"32,46","31,40",-150,130,-2.0,-105,-115,147.0,-110,-110
ncaab:401086204,ncaab,2019-02-15T01:05Z,final,2130,2934,Chicago St,Bakersfield,62,75,1000,-1500,,0,,,15.0,-115,-105,,,,,2,,0,Chicago,IL,1,179,,,,-6.0,"27,35","43,32",,,,,,141.5,-110,-110
ncaab:401090136,ncaab,2019-02-15T01:30Z,final,2635,55,Tennessee Tech,Jax State,57,67,,,,0,,,,,,,,,,2,,0,Cookeville,TN,1,334,,,,-6.0,"19,38","34,33",,,,,,,,
ncaab:401090208,ncaab,2019-02-15T01:30Z,final,2630,2546,UT Martin,SE Missouri,81,72,,,,0,,,,,,,,,,2,,0,Martin,TN,1,124,,,,-6.0,"43,38","21,51",,,,,,,,
ncaab:401086205,ncaab,2019-02-15T02:00Z,final,166,3084,New Mexico St,Utah Valley,84,77,-450,360,,0,,,-9.0,100,-121,,,,,2,,0,Las Cruces,NM,1,1191,,,,-7.0,"39,45","37,40",,,,,,139.5,-115,-115
ncaab:401086942,ncaab,2019-02-15T02:00Z,final,2692,149,Weber St,Montana,80,83,-120,100,,0,,,-1.0,-110,-110,,,,,2,,0,Ogden,UT,1,1311,,,,-7.0,"24,56","40,43",-110,-110,0.0,-110,-110,147.5,-110,-110
ncaab:401087028,ncaab,2019-02-15T02:00Z,final,254,12,Utah,Arizona,83,76,-170,150,,0,,,-3.5,-110,-110,,,,,2,,0,Salt Lake City,UT,1,1299,,,,-7.0,"31,52","32,44",-149,130,-1.5,-115,-105,143.5,-115,-105
ncaab:401089029,ncaab,2019-02-15T02:00Z,final,2172,2870,Denver,Purdue FW,81,94,135,-154,,0,,,3.0,-110,-110,,,,,2,,0,Denver,CO,1,1609,,,,-7.0,"30,51","45,49",120,-140,1.5,-110,-110,157.0,-110,-110
ncaab:401089543,ncaab,2019-02-15T02:00Z,final,2046,93,Austin Peay,Murray St,71,73,-103,-117,,0,,,1.0,-110,-110,,,,,2,,0,Clarksville,TN,1,145,,,,-6.0,"35,36","40,33",-105,-115,0.5,-115,-105,159.0,-109,-111
ncaab:401086941,ncaab,2019-02-15T02:05Z,final,304,147,Idaho St,Montana St,76,84,110,-130,,0,,,2.0,-121,100,,,,,2,,0,Pocatello,ID,1,1360,,,,-7.0,"40,36","38,46",105,-125,1.0,-115,-105,157.0,-110,-110
ncaab:401083622,ncaab,2019-02-15T03:00Z,final,301,252,San Diego,BYU,82,88,-165,145,,0,,,-3.0,-115,-105,,,,,2,,0,San Diego,CA,1,20,,,,-8.0,"39,36,7","30,45,13",-141,120,-1.5,-110,-110,142.0,-110,-110
ncaab:401083699,ncaab,2019-02-15T03:00Z,final,2539,2492,San Francisco,Pepperdine,89,77,-755,555,,0,,,-11.5,-110,-110,,,,,2,,0,San Francisco,CA,1,16,,,,-8.0,"36,53","44,33",-357,275,-6.0,-115,-105,144.5,-110,-110
ncaab:401086940,ncaab,2019-02-15T03:00Z,final,70,2458,Idaho,N Colorado,47,75,850,-1300,,0,,,14.0,-110,-110,,,,,2,,0,Moscow,ID,1,786,,,,-8.0,"20,27","43,32",425,-556,8.0,-110,-110,139.5,-110,-110
ncaab:401087822,ncaab,2019-02-15T03:00Z,final,27,2540,UC Riverside,Santa Barbara,71,57,285,-345,,0,,,7.5,-110,-110,,,,,2,,0,Riverside,CA,1,252,,,,-8.0,"41,30","33,24",195,-238,4.5,-110,-110,128.5,-110,-110
ncaab:401086943,ncaab,2019-02-15T03:05Z,final,2502,2464,Portland St,N Arizona,103,94,-245,205,,0,,,-5.5,-110,-110,,,,,2,,0,Portland,OR,1,12,,,,-8.0,"58,45","44,50",-189,160,-3.0,-110,-110,150.5,-110,-110
ncaab:401086944,ncaab,2019-02-15T03:05Z,final,16,253,Sacramento St,Southern Utah,84,73,-165,145,,0,,,-3.5,-110,-110,,,,,2,,0,Sacramento,CA,1,9,,,,-8.0,"32,52","33,40",-150,130,-2.0,-105,-115,140.0,-110,-110
ncaab:401083645,ncaab,2019-02-15T04:00Z,final,2351,2250,LMU,Gonzaga,60,73,,,,0,,,,,,,,,,2,,0,Los Angeles,CA,1,89,,,,-8.0,"31,29","32,41",,,,,,,,
ncaab:401083743,ncaab,2019-02-15T04:00Z,final,2541,2608,Santa Clara,Saint Mary's,55,66,688,-1050,,0,,,12.5,-110,-110,,,,,2,,0,Santa Clara,CA,1,23,,,,-8.0,"26,29","33,33",295,-355,6.5,-110,-110,134.5,-110,-110
ncaab:401085315,ncaab,2019-02-15T04:59Z,final,62,13,Hawai'i,Cal Poly,75,54,,,,0,,,,,,,,,,2,,0,Honolulu,HI,1,5,,,,-10.0,"26,49","19,35",,,,,,,,
ncaab:401085589,ncaab,2019-02-16T00:00Z,final,2166,2603,Davidson,Saint Joseph's,80,72,-725,526,,0,,,-11.5,-105,-115,,,,,2,,0,Davidson,NC,1,256,,,,-5.0,"35,45","42,30",-340,264,-6.5,-105,-115,137.5,-110,-110
ncaab:401085921,ncaab,2019-02-16T00:00Z,final,2099,2217,Canisius,Fairfield,72,68,-180,155,,0,,,-4.0,-105,-115,,,,,2,,0,Buffalo,NY,1,183,,,,-5.0,"32,40","35,33",-159,135,-2.0,-105,-115,141.0,-110,-110
ncaab:401085944,ncaab,2019-02-16T00:00Z,final,314,2612,Iona,Saint Peter's,62,46,,,,0,,,,,,,,,,2,,0,New Rochelle,NY,1,26,,,,-5.0,"27,35","22,24",,,,,,,,
ncaab:401085969,ncaab,2019-02-16T00:00Z,final,315,2363,Niagara,Manhattan,60,64,-240,199,,0,,,-5.5,-115,-105,,,,,2,,0,Niagara Falls,NY,1,187,,,,-5.0,"26,34","28,36",-185,155,-3.0,-110,-110,130.5,-110,-110
ncaab:401086026,ncaab,2019-02-16T00:00Z,final,2520,2405,Rider,Monmouth,81,72,-330,269,,0,,,-7.5,-105,-115,,,,,2,,0,Lawrenceville,NJ,1,37,,,,-5.0,"31,50","25,47",-225,175,-4.0,-105,-115,142.5,-110,-110
ncaab:401087430,ncaab,2019-02-16T00:00Z,final,2649,2084,Toledo,Buffalo,82,88,190,-233,,0,,,5.0,-115,-105,,,,,2,,0,Toledo,OH,1,186,,,,-5.0,"39,43","36,52",130,-150,2.5,-110,-110,159.5,-108,-112
ncaab:401087890,ncaab,2019-02-16T00:00Z,final,172,225,Cornell,Brown,70,66,-110,-110,,0,,,0.0,-110,-110,,,,,2,,0,Ithaca,NY,1,125,,,,-5.0,"27,33,10","31,29,6",-110,-110,0.0,-110,-110,142.5,-110,-110
ncaab:401087934,ncaab,2019-02-16T00:00Z,final,171,43,Columbia,Yale,64,70,375,-500,,0,,,9.0,-110,-110,,,,,2,,0,New York,NY,1,10,,,,-5.0,"25,39","35,35",215,-255,5.0,-115,-105,147.0,-110,-110
ncaab:401087976,ncaab,2019-02-16T00:00Z,final,2247,6,Georgia St,South Alabama,90,81,-440,360,,0,,,-9.0,-110,-110,,,,,2,,0,Atlanta,GA,1,320,,,,-5.0,"39,51","53,28",-266,212,-4.5,-115,-105,144.0,-110,-110
ncaab:401088097,ncaab,2019-02-16T00:00Z,final,219,159,Penn,Dartmouth,82,79,-400,325,,0,,,-8.0,-110,-110,,,,,2,,0,Philadelphia,PA,1,12,,,,-5.0,"37,33,12","42,28,9",-236,190,-4.5,-105,-115,145.5,-110,-110
ncaab:401088202,ncaab,2019-02-16T00:00Z,final,163,108,Princeton,Harvard,69,78,-120,100,,0,,,-1.0,-110,-110,,,,,2,,0,Princeton,NJ,1,62,,,,-5.0,"31,38","33,45",-130,110,-1.0,-110,-110,132.0,-110,-110
ncaab:401085774,ncaab,2019-02-16T01:00Z,final,2514,2368,Quinnipiac,Marist,61,63,-200,170,,0,,,-4.5,-110,-110,,,,,2,,0,Hamden,CT,1,31,,,,-5.0,"21,40","27,36",-160,140,-1.5,-131,108,139.0,-111,-109
ncaab:401088044,ncaab,2019-02-16T02:00Z,final,290,2653,GA Southern,Troy,76,51,,,,0,,,,,,,,,,2,,0,Statesboro,GA,1,77,,,,-5.0,"32,44","27,24",,,,,,,,
ncaab:401089940,ncaab,2019-02-16T02:00Z,final,2750,94,Wright St,N Kentucky,81,77,-135,115,,0,,,-2.0,-106,-110,,,,,2,,0,Dayton,OH,1,225,,,,-5.0,"44,37","49,28",-127,105,-1.0,-105,-115,142.0,-109,-111
ncaab:401082441,ncaab,2019-02-16T17:00Z,final,130,120,Michigan,Maryland,65,52,-385,300,,0,,,-7.5,-105,-111,,,,,2,,0,Ann Arbor,MI,1,269,,,,-5.0,"27,38","18,34",-222,180,-4.0,-110,-110,129.5,-112,-108
ncaab:401082663,ncaab,2019-02-16T17:00Z,final,97,228,Louisville,Clemson,56,55,-210,175,,0,,,-4.0,-115,-105,,,,,2,,0,Louisville,KY,1,142,,,,-5.0,"19,37","23,32",-165,145,-2.0,-117,-103,131.5,-110,-110
ncaab:401082735,ncaab,2019-02-16T17:00Z,final,154,153,Wake Forest,North Carolina,57,95,1250,-2000,,0,,,16.5,-110,-110,,,,,2,,0,Winston-Salem,NC,1,293,,,,-5.0,"21,36","49,46",625,-950,9.5,-105,-115,158.5,-110,-110
ncaab:401082941,ncaab,2019-02-16T17:00Z,final,238,2,Vanderbilt,Auburn,53,64,374,-480,,0,,,9.0,-105,-115,,,,,2,,0,Nashville,TN,1,170,,,,-6.0,"23,30","27,37",239,-304,4.5,103,-125,146.5,-114,-106
ncaab:401083524,ncaab,2019-02-16T17:00Z,final,2628,201,TCU,Oklahoma,62,71,-220,184,,0,,,-5.0,-105,-115,,,,,2,,0,Fort Worth,TX,1,199,,,,-6.0,"30,32","32,39",-185,160,-3.0,107,-130,144.5,-113,-107
ncaab:401085640,ncaab,2019-02-16T17:00Z,final,2184,45,Duquesne,G Washington,85,69,,,,0,,,,,,,,,,2,,0,Pittsburgh,PA,1,233,,,,-5.0,"47,38","41,28",,,,,,,,
ncaab:401089319,ncaab,2019-02-16T17:00Z,final,282,79,Indiana St,S Illinois,57,79,,,,0,,,,,,,,,,2,,0,Terre Haute,IN,1,152,,,,-5.0,"28,29","40,39",,,,,,,,
ncaab:401088135,ncaab,2019-02-16T17:05Z,final,107,2083,Holy Cross,Bucknell,72,71,155,-185,,0,,,4.0,-115,-105,,,,,2,,0,Worcester,MA,1,147,,,,-5.0,"31,41","34,37",,,,,,141.0,-110,-110
ncaab:401083038,ncaab,2019-02-16T18:00Z,final,2579,245,South Carolina,Texas A&M,84,77,-200,170,,0,,,-4.5,-105,-115,,,,,2,,0,Columbia,SC,1,89,,,,-5.0,"35,49","42,35",-159,135,-2.0,-110,-110,146.0,-110,-110
ncaab:401083506,ncaab,2019-02-16T18:00Z,final,251,197,Texas,Oklahoma St,69,57,-660,510,,0,,,-10.5,-110,-110,,,,,2,,0,Austin,TX,1,149,,,,-6.0,"38,31","27,30",-370,310,-6.0,-110,-110,130.0,-112,-108
ncaab:401086639,ncaab,2019-02-16T18:00Z,final,2378,2349,UMBC,UMass Lowell,70,66,-237,198,,0,,,-6.0,-110,-110,,,,,2,,0,Baltimore,MD,1,10,,,,-5.0,"32,38","28,38",,,,,,137.0,-115,-105
ncaab:401086650,ncaab,2019-02-16T18:00Z,final,160,2619,New Hampshire,Stony Brook,64,66,650,-909,,0,,,12.0,-112,-104,,,,,2,,0,Durham,NH,1,15,,,,-5.0,"26,38","26,40",,,,,,126.0,-110,-110
ncaab:401088505,ncaab,2019-02-16T18:00Z,final,2739,2174,Green Bay,Detroit Mercy,82,73,-245,205,,0,,,-5.5,-110,-110,,,,,2,,0,Ashwaubenon,WI,1,185,,,,-6.0,"33,49","37,36",-185,155,-3.0,-110,-110,165.0,-110,-110
ncaab:401082385,ncaab,2019-02-16T19:00Z,final,135,84,Minnesota,Indiana,84,63,-175,151,,0,,,-3.5,-110,-110,,,,,2,,0,Minneapolis,MN,1,253,,,,-6.0,"42,42","30,33",-150,130,-2.0,-105,-115,134.5,-110,-110
ncaab:401082712,ncaab,2019-02-16T19:00Z,final,59,52,Georgia Tech,Florida St,47,69,275,-345,,0,,,7.0,-110,-110,,,,,2,,0,Atlanta,GA,1,320,,,,-5.0,"23,24","34,35",176,-218,3.5,-105,-115,131.5,-110,-110
ncaab:401082775,ncaab,2019-02-16T19:00Z,final,258,87,Virginia,Notre Dame,60,54,-1900,1200,,0,,,-16.5,-112,-104,,,,,2,,0,Charlottesville,VA,1,142,,,,-5.0,"29,31","25,29",-850,575,-10.0,-105,-115,125.5,-110,-110
ncaab:401082968,ncaab,2019-02-16T19:00Z,final,333,57,Alabama,Florida,53,71,-175,155,,0,,,-3.5,-110,-110,,,,,2,,0,Tuscaloosa,AL,1,68,,,,-6.0,"26,27","35,36",-149,130,-2.0,-105,-115,135.5,-110,-110
ncaab:401083324,ncaab,2019-02-16T19:00Z,final,2507,2752,Providence,Xavier,61,75,-235,200,,0,,,-5.5,-110,-110,,,,,2,,0,Providence,RI,1,2,,,,-5.0,"32,29","26,49",-185,160,-2.5,-115,-105,134.5,-110,-110
ncaab:401083395,ncaab,2019-02-16T19:00Z,final,2641,239,Texas Tech,Baylor,86,61,-470,370,,0,,,-9.5,100,-120,,,,,2,,0,Lubbock,TX,1,976,,,,-6.0,"45,41","32,29",-263,209,-5.0,-115,-105,126.0,-110,-110
ncaab:401083956,ncaab,2019-02-16T19:00Z,final,119,2182,Towson,Drexel,92,77,-123,103,,0,,,-1.5,-110,-110,,,,,2,,0,Towson,MD,1,141,,,,-5.0,"46,46","19,58",-120,100,-0.5,-110,-110,139.5,-110,-110
ncaab:401084014,ncaab,2019-02-16T19:00Z,final,2050,2006,Ball State,Akron,57,56,-165,145,,0,,,-3.5,-105,-115,,,,,2,,0,Muncie,IN,1,284,,,,-5.0,"21,36","29,27",-150,130,-2.0,-105,-115,136.5,-112,-108
ncaab:401086294,ncaab,2019-02-16T19:00Z,final,227,2230,Rhode Island,Fordham,63,66,-780,580,,0,,,-11.5,-110,-110,,,,,2,,0,Kingston,RI,1,75,,,,-5.0,"29,29,5","32,26,8",-374,287,-6.0,-110,-110,133.5,-110,-110
ncaab:401087333,ncaab,2019-02-16T19:00Z,final,295,2429,Old Dominion,Charlotte,73,60,-1060,760,,0,,,-13.0,-105,-115,,,,,2,,0,Norfolk,VA,1,2,,,,-5.0,"42,31","27,33",-454,338,-7.0,-115,-105,120.5,-110,-110
ncaab:401087352,ncaab,2019-02-16T19:00Z,final,2226,242,FAU,Rice,60,41,,,,0,,,,,,,,,,2,,0,Boca Raton,FL,1,4,,,,-5.0,"28,32","12,29",,,,,,,,
ncaab:401087370,ncaab,2019-02-16T19:00Z,final,2229,249,FIU,North Texas,69,59,,,,0,,,,,,,,,,2,,0,Miami,FL,1,2,,,,-5.0,"45,24","34,25",,,,,,,,
ncaab:401087533,ncaab,2019-02-16T19:00Z,final,112358,2529,Long Island,Sacred Heart,92,84,,,,0,,,,,,,,,,2,,0,Brooklyn,NY,1,15,,,,-5.0,"47,45","36,48",,,,,,,,
ncaab:401088195,ncaab,2019-02-16T19:00Z,final,276,2393,Marshall,MTSU,98,93,,,,0,,,,,,,,,,2,,0,Huntington,WV,1,173,,,,-5.0,"41,57","41,52",,,,,,,,
ncaab:401088416,ncaab,2019-02-16T19:00Z,final,2026,324,App State,Coastal,88,79,,,,0,,,,,,,,,,2,,0,Boone,NC,1,981,,,,-5.0,"30,58","32,47",,,,,,,,
ncaab:401088860,ncaab,2019-02-16T19:00Z,final,2717,2643,W Carolina,The Citadel,103,82,,,,0,,,,,,,,,,2,,0,Cullowhee,NC,1,645,,,,-5.0,"43,60","39,43",,,,,,,,
ncaab:401087451,ncaab,2019-02-16T19:02Z,final,2711,193,W Michigan,Miami OH,84,79,,,,0,,,,,,,,,,2,,0,Kalamazoo,MI,1,239,,,,-5.0,"28,40,16","33,35,11",,,,,,,,
ncaab:401088085,ncaab,2019-02-16T19:30Z,final,2426,349,Navy,Army,79,68,125,-145,,0,,,2.5,-115,-105,,,,,2,,0,Annapolis,MD,1,12,,,,-5.0,"37,42","35,33",,,,,,138.0,-110,-110
ncaab:401088181,ncaab,2019-02-16T20:00Z,final,2348,2636,Louisiana Tech,UTSA,72,67,-205,173,,0,,,-4.5,-110,-110,,,,,2,,0,Ruston,LA,1,102,,,,-6.0,"35,37","34,33",-165,145,-2.5,-110,-110,148.0,-110,-110
ncaab:401088344,ncaab,2019-02-16T20:00Z,final,2344,2908,Longwood,SC Upstate,83,79,-476,360,,0,,,-9.0,-110,-110,,,,,2,,0,Farmville,VA,1,90,,,,-5.0,"36,33,14","28,41,10",,,,,,136.5,-110,-110
ncaab:401088567,ncaab,2019-02-16T20:00Z,final,98,5,Western KY,UAB,60,68,-305,245,,0,,,-6.5,-110,-110,,,,,2,,0,Bowling Green,KY,1,161,,,,-6.0,"23,37","28,40",-220,180,-3.5,-115,-105,136.5,-110,-110
ncaab:401089318,ncaab,2019-02-16T20:00Z,final,2181,2674,Drake,Valparaiso,84,79,-235,195,,0,,,-5.0,-105,-115,,,,,2,,0,Des Moines,IA,1,266,,,,-6.0,"38,46","32,47",-164,140,-2.5,-105,-115,133.0,-110,-110
ncaab:401089412,ncaab,2019-02-16T20:00Z,final,2710,233,W Illinois,South Dakota,67,80,,,,0,,,,,,,,,,2,,0,Macomb,IL,1,215,,,,-6.0,"29,38","35,45",,,,,,,,
ncaab:401090235,ncaab,2019-02-16T20:00Z,final,2565,2630,SIUE,UT Martin,69,73,,,,0,,,,,,,,,,2,,0,Edwardsville,IL,1,165,,,,-6.0,"25,44","31,42",,,,,,,,
ncaab:401090278,ncaab,2019-02-16T20:00Z,final,2572,2638,Southern Miss,UTEP,77,47,-475,375,,0,,,-9.0,-110,-110,,,,,2,,0,Hattiesburg,MS,1,52,,,,-6.0,"54,23","12,35",-290,245,-5.0,-110,-110,133.0,-110,-110
ncaab:401086206,ncaab,2019-02-16T20:05Z,final,2130,2253,Chicago St,Grand Canyon,59,90,,,,0,,,,,,,,,,2,,0,Chicago,IL,1,179,,,,-6.0,"23,36","51,39",,,,,,,,
ncaab:401083057,ncaab,2019-02-16T20:30Z,final,145,142,Ole Miss,Missouri,75,65,-500,400,,0,,,-9.5,-110,-110,,,,,2,,0,Oxford,MS,1,154,,,,-6.0,"35,40","26,39",-300,250,-5.0,-110,-110,139.5,-110,-110
ncaab:401082577,ncaab,2019-02-16T21:00Z,final,2509,213,Purdue,Penn State,76,64,-800,550,,0,,,-12.5,-110,-110,,,,,2,,0,West Lafayette,IN,1,186,,,,-5.0,"33,43","30,34",-450,360,-7.0,-110,-110,139.0,-110,-110
ncaab:401083420,ncaab,2019-02-16T21:00Z,final,2306,66,Kansas St,Iowa State,64,78,-147,126,,0,,,-2.5,-110,-110,,,,,2,,0,Manhattan,KS,1,311,,,,-6.0,"31,33","38,40",-140,120,-1.5,-105,-115,131.0,-110,-110
ncaab:401083470,ncaab,2019-02-16T21:00Z,final,2305,277,Kansas,West Virginia,78,53,-1350,885,,0,,,-14.5,-105,-111,,,,,2,,0,Lawrence,KS,1,263,,,,-6.0,"43,35","16,37",-556,425,-8.0,-110,-110,144.5,-110,-110
ncaab:401083623,ncaab,2019-02-16T21:00Z,final,2351,252,LMU,BYU,62,70,,,,0,,,,,,,,,,2,,0,Los Angeles,CA,1,89,,,,-8.0,"36,26","30,40",,,,,,,,
ncaab:401083904,ncaab,2019-02-16T21:00Z,final,232,111,Charleston,Northeastern,88,79,-140,120,,0,,,-2.0,-115,-105,,,,,2,,0,Charleston,SC,1,6,,,,-5.0,"36,33,19","38,31,10",-135,115,-1.0,-110,-110,139.0,-110,-110
ncaab:401085614,ncaab,2019-02-16T21:00Z,final,2168,2670,Dayton,VCU,68,69,-145,125,,0,,,-2.5,-110,-110,,,,,2,,0,Dayton,OH,1,225,,,,-5.0,"29,39","41,28",-135,115,-1.0,-115,-105,134.0,-110,-110
ncaab:401086673,ncaab,2019-02-16T21:00Z,final,56,526,Stetson,FGCU,67,55,,,,0,,,,,,,,,,2,,0,DeLand,FL,1,12,,,,-5.0,"37,30","20,35",,,,,,,,
ncaab:401086761,ncaab,2019-02-16T21:00Z,final,2885,2454,NJIT,North Florida,63,64,,,,0,,,,,,,,,,2,,0,Newark,NJ,1,9,,,,-5.0,"31,32","33,31",,,,,,,,
ncaab:401087491,ncaab,2019-02-16T21:00Z,final,2597,2115,St Francis BK,C Connecticut,90,79,,,,0,,,,,,,,,,2,,0,Brooklyn,NY,1,15,,,,-5.0,"32,58","27,52",,,,,,,,
ncaab:401087870,ncaab,2019-02-16T21:00Z,final,2031,326,Little Rock,Texas St,60,67,120,-140,,0,,,2.5,-115,-105,,,,,2,,0,Little Rock,AR,1,102,,,,-6.0,"26,34","36,31",120,-141,1.5,-113,-107,139.0,-111,-109
ncaab:401088064,ncaab,2019-02-16T21:00Z,final,44,2142,American,Colgate,81,83,-104,-112,,0,,,1.0,-110,-110,,,,,2,,0,Washington,DC,1,7,,,,-5.0,"36,35,10","31,40,12",,,,,,138.0,-104,-127
ncaab:401088876,ncaab,2019-02-16T21:00Z,final,2193,2382,ETSU,Mercer,88,69,,,,0,,,,,,,,,,2,,0,Johnson City,TN,1,498,,,,-5.0,"40,48","21,48",,,,,,,,
ncaab:401089357,ncaab,2019-02-16T21:00Z,final,116,2681,Mount St Marys,Wagner,56,58,103,-120,,0,,,1.5,-105,-115,,,,,2,,0,Emmitsburg,MD,1,133,,,,-5.0,"32,24","22,36",,,,,,128.5,-105,-115
ncaab:401089595,ncaab,2019-02-16T21:00Z,final,2005,328,Air Force,Utah State,62,76,450,-600,,0,,,10.0,-105,-115,,,,,2,,0,Colorado Springs,CO,1,1832,,,,-7.0,"27,35","34,42",275,-345,5.5,-110,-110,138.5,-110,-110
ncaab:401089632,ncaab,2019-02-16T21:00Z,final,2916,2000,Incarnate Word,Abilene Chrstn,48,68,435,-570,,0,,,10.0,-110,-110,,,,,2,,0,San Antonio,TX,1,198,,,,-6.0,"21,27","27,41",,,,,,138.0,-115,-115
ncaab:401089971,ncaab,2019-02-16T21:00Z,final,2569,2065,SC State,Bethune,73,98,,,,0,,,,,,,,,,2,,0,Orangeburg,SC,1,74,,,,-5.0,"35,38","46,52",,,,,,,,
ncaab:401089987,ncaab,2019-02-16T21:00Z,final,2379,2154,MD Eastern,Coppin St,55,58,,,,0,,,,,,,,,,2,,0,Princess Anne,MD,1,5,,,,-5.0,"31,24","23,35",,,,,,,,
ncaab:401090353,ncaab,2019-02-16T21:00Z,final,47,2448,Howard,NC A&T,81,85,,,,0,,,,,,,,,,2,,0,Washington,DC,1,7,,,,-5.0,"42,39","60,25",,,,,,,,
ncaab:401090107,ncaab,2019-02-16T21:15Z,final,2197,2546,E Illinois,SE Missouri,79,88,,,,0,,,,,,,,,,2,,0,Charleston,IL,1,204,,,,-6.0,"39,40","46,42",,,,,,,,
ncaab:401082758,ncaab,2019-02-16T21:30Z,final,221,259,Pitt,Virginia Tech,64,70,217,-264,,0,,,6.0,-110,-110,,,,,2,,0,Pittsburgh,PA,1,233,,,,-5.0,"26,38","31,39",160,-185,3.0,-110,-110,129.5,-110,-110
ncaab:401086723,ncaab,2019-02-16T21:30Z,final,2453,2335,North Alabama,Liberty,70,80,,,,0,,,,,,,,,,2,,0,Florence,AL,1,167,,,,-6.0,"28,42","35,45",,,,,,,,
ncaab:401086743,ncaab,2019-02-16T21:30Z,final,338,288,Kennesaw St,Lipscomb,67,83,,,,0,,,,,,,,,,2,,0,Kennesaw,GA,1,332,,,,-5.0,"29,38","33,50",,,,,,,,
ncaab:401087390,ncaab,2019-02-16T21:30Z,final,2459,189,N Illinois,Bowling Green,67,87,-108,-108,,0,,,0.0,-110,-110,,,,,2,,0,Dekalb,IL,1,268,,,,-6.0,"29,38","42,45",-107,-113,0.5,-120,100,145.5,-110,-110
ncaab:401087408,ncaab,2019-02-16T21:30Z,final,2117,195,C Michigan,Ohio,87,80,,,,0,,,,,,,,,,2,,0,Mount Pleasant,MI,1,235,,,,-5.0,"38,49","35,45",,,,,,,,
ncaab:401088122,ncaab,2019-02-16T21:30Z,final,104,2329,Boston U,Lehigh,79,84,105,-125,,0,,,1.5,-110,-110,,,,,2,,0,Boston,MA,1,14,,,,-5.0,"32,47","45,39",,,,,,155.0,-110,-110
ncaab:401088340,ncaab,2019-02-16T21:30Z,final,2506,2097,Presbyterian,Campbell,76,71,-155,132,,0,,,-3.0,-110,-110,,,,,2,,0,Clinton,SC,1,76,,,,-5.0,"34,42","25,46",,,,,,147.5,-110,-110
ncaab:401088440,ncaab,2019-02-16T21:30Z,final,161,2803,FDU,Bryant,97,84,,,,0,,,,,,,,,,2,,0,Hackensack,NJ,1,6,,,,-5.0,"45,52","33,51",,,,,,,,
ncaab:401088829,ncaab,2019-02-16T21:30Z,final,231,2678,Furman,VMI,96,62,-3250,1625,,0,,,-18.5,-110,-110,,,,,2,,0,Greenville,SC,1,307,,,,-5.0,"53,43","29,33",-110,-110,-10.5,-115,-105,149.0,-110,-110
ncaab:401089151,ncaab,2019-02-16T21:30Z,final,2466,2617,N'Western St,SF Austin,87,72,,,,0,,,,,,,,,,2,,0,Natchitoches,LA,1,36,,,,-6.0,"38,49","39,33",,,,,,,,
ncaab:401089544,ncaab,2019-02-16T21:35Z,final,2413,2046,Morehead St,Austin Peay,70,73,190,-225,,0,,,5.0,-110,-110,,,,,2,,0,Morehead,KY,1,153,,,,-6.0,"32,38","33,40",144,-177,2.5,-115,-105,152.0,-110,-110
ncaab:401085713,ncaab,2019-02-16T22:00Z,final,139,2325,Saint Louis,La Salle,62,49,-365,295,,0,,,-8.0,-105,-111,,,,,2,,0,St. Louis,MO,1,142,,,,-6.0,"26,36","20,29",-245,205,-4.5,-110,-110,133.0,-110,-110
ncaab:401086598,ncaab,2019-02-16T22:00Z,final,42,261,Hartford,Vermont,75,77,260,-333,,0,,,7.0,-105,-115,,,,,2,,0,West Hartford,CT,1,40,,,,-5.0,"36,39","36,41",,,,,,143.0,104,-126
ncaab:401086945,ncaab,2019-02-16T22:00Z,final,331,2458,E Washington,N Colorado,88,78,,,,0,,,,,,,,,,2,,0,Cheney,WA,1,717,,,,-8.0,"38,37,13","40,35,3",,,,,,,,
ncaab:401087951,ncaab,2019-02-16T22:00Z,final,2032,250,Arkansas St,UT Arlington,83,79,,,,0,,,,,,,,,,2,,0,Jonesboro,AR,1,99,,,,-6.0,"41,42","34,45",,,,,,,,
ncaab:401088342,ncaab,2019-02-16T22:00Z,final,2241,2737,Gardner-Webb,Winthrop,64,60,100,-120,,0,,,1.0,-110,-110,,,,,2,,0,Boiling Springs,NC,1,269,,,,-5.0,"42,22","25,35",,,,,,162.5,-110,-110
ncaab:401088787,ncaab,2019-02-16T22:00Z,final,2535,236,Samford,Chattanooga,80,76,-415,327,,0,,,-8.5,-110,-110,,,,,2,,0,Homewood,AL,1,203,,,,-6.0,"38,30,12","40,28,8",-257,205,-4.5,-110,-110,149.5,-110,-110
ncaab:401089158,ncaab,2019-02-16T22:00Z,final,2449,2571,N Dakota St,S Dakota St,77,78,,,,0,,,,,,,,,,2,,0,Fargo,ND,1,276,,,,-6.0,"39,38","30,48",,,,,,,,
ncaab:401089200,ncaab,2019-02-16T22:00Z,final,2545,2377,SE Louisiana,McNeese,88,52,,,,0,,,,,,,,,,2,,0,Hammond,LA,1,13,,,,-6.0,"44,44","27,25",,,,,,,,
ncaab:401090006,ncaab,2019-02-16T22:00Z,final,23,2439,San José St,UNLV,64,71,700,-1100,,0,,,13.0,-105,-115,,,,,2,,0,San Jose,CA,1,26,,,,-8.0,"31,33","28,43",360,-450,7.0,-105,-115,149.0,-110,-110
ncaab:401089129,ncaab,2019-02-16T22:15Z,final,2443,357,LSU N Orleans,Texas A&M-CC,68,58,,,,0,,,,,,,,,,2,,0,New Orleans,LA,1,0,,,,-6.0,"32,36","23,35",,,,,,,,
ncaab:401088341,ncaab,2019-02-16T22:30Z,final,2127,2515,Charleston So,Radford,53,52,132,-155,,0,,,3.5,-115,-105,,,,,2,,0,Charleston,SC,1,6,,,,-5.0,"28,25","27,25",,,,,,146.0,-115,-115
ncaab:401088940,ncaab,2019-02-16T22:30Z,final,2400,2016,Miss Valley St,Alcorn St,76,68,,,,0,,,,,,,,,,2,,0,Itta Bena,MS,1,40,,,,-6.0,"31,45","28,40",,,,,,,,
ncaab:401089052,ncaab,2019-02-16T22:30Z,final,2437,2870,Omaha,Purdue FW,74,71,-175,155,,0,,,-3.5,-115,-105,,,,,2,,0,Omaha,NE,1,323,,,,-6.0,"31,43","36,35",-156,128,-2.0,-105,-115,169.5,-110,-110
ncaab:401089379,ncaab,2019-02-16T22:30Z,final,2320,2534,Lamar,Sam Houston,75,72,105,-125,,0,,,1.5,-110,-110,,,,,2,,0,Beaumont,TX,1,5,,,,-6.0,"41,34","26,46",,,,,,141.5,-110,-110
ncaab:401082412,ncaab,2019-02-16T23:00Z,final,164,2294,Rutgers,Iowa,69,71,145,-165,,0,,,3.5,-110,-110,,,,,2,,0,Piscataway,NJ,1,30,,,,-5.0,"33,36","32,39",127,-154,1.5,100,-121,147.5,-115,-105
ncaab:401082688,ncaab,2019-02-16T23:00Z,final,150,152,Duke,NC State,94,78,,,,0,,,,,,,,,,2,,0,Durham,NC,1,123,,,,-5.0,"48,46","40,38",,,,,,,,
ncaab:401083119,ncaab,2019-02-16T23:00Z,final,61,99,Georgia,LSU,79,83,298,-370,,0,,,7.5,-108,-108,,,,,2,,0,Athens,GA,1,228,,,,-5.0,"37,42","41,42",190,-230,4.0,-105,-115,152.0,-110,-110
ncaab:401084804,ncaab,2019-02-16T23:00Z,final,2116,235,UCF,Memphis,79,72,-257,214,,0,,,-6.0,-110,-110,,,,,2,,0,Orlando,FL,1,30,,,,-5.0,"36,43","29,43",-189,160,-3.0,-110,-110,150.0,-110,-110
ncaab:401084805,ncaab,2019-02-16T23:00Z,final,58,218,South Florida,Temple,69,70,-140,120,,0,,,-2.5,-105,-111,,,,,2,,0,Tampa,FL,1,1,,,,-5.0,"23,36,10","20,39,11",-140,120,-1.5,-110,-110,138.5,-110,-110
ncaab:401088343,ncaab,2019-02-16T23:00Z,final,2261,2272,Hampton,High Point,81,86,-190,165,,0,,,-4.5,-107,-109,,,,,2,,0,Hampton,VA,1,1,,,,-5.0,"25,41,15","23,43,20",,,,,,142.0,-114,-106
ncaab:401088547,ncaab,2019-02-16T23:00Z,final,2755,2640,Grambling,Texas Southern,85,86,-102,-118,,0,,,1.0,-110,-110,,,,,2,,0,Grambling,LA,1,93,,,,-6.0,"35,50","43,43",,,,,,147.5,-118,-103
ncaab:401088922,ncaab,2019-02-16T23:00Z,final,2011,2010,Alabama St,Alabama A&M,68,62,-600,450,,0,,,-10.0,-102,-119,,,,,2,,0,Montgomery,AL,1,73,,,,-6.0,"33,35","33,29",,,,,,130.5,-110,-110
ncaab:401089917,ncaab,2019-02-16T23:00Z,final,2754,82,Youngstown St,UIC,81,73,100,-120,,0,,,1.0,-110,-110,,,,,2,,0,Youngstown,OH,1,259,,,,-5.0,"43,38","38,35",-105,-115,0.5,-115,-105,149.5,-110,-110
ncaab:401094556,ncaab,2019-02-16T23:00Z,final,2542,50,Savannah St,Florida A&M,74,78,-125,107,,0,,,-2.0,-105,-111,,,,,2,,0,Savannah,GA,1,6,,,,-5.0,"38,36","50,28",,,,,,148.0,-110,-110
ncaab:401088598,ncaab,2019-02-16T23:30Z,final,2296,2504,Jackson St,Prairie View,66,79,143,-168,,0,,,3.0,-110,-110,,,,,2,,0,Jackson,MS,1,85,,,,-6.0,"29,37","50,29",,,,,,131.0,-110,-110
ncaab:401090379,ncaab,2019-02-16T23:30Z,final,2450,2428,Norfolk St,NC Central,75,71,,,,0,,,,,,,,,,2,,0,Norfolk,VA,1,2,,,,-5.0,"25,39,11","29,35,7",,,,,,,,
ncaab:401083878,ncaab,2019-02-17T00:00Z,final,350,2275,UNC Wilmington,Hofstra,87,79,363,-464,,0,,,9.0,-110,-110,,,,,2,,0,Wilmington,NC,1,9,,,,-5.0,"34,53","32,47",250,-300,5.0,-109,-111,162.5,-110,-110
ncaab:401085893,ncaab,2019-02-17T00:00Z,final,2210,2729,Elon,William & Mary,74,84,205,-245,,0,,,5.5,-110,-110,,,,,2,,0,Elon,NC,1,215,,,,-5.0,"38,36","34,50",160,-185,2.5,101,-122,146.0,-110,-110
ncaab:401086207,ncaab,2019-02-17T00:00Z,final,140,2934,Kansas City,Bakersfield,75,67,-115,-105,,0,,,-1.0,100,-121,,,,,2,,0,Kansas City,MO,1,274,,,,-6.0,"36,39","24,43",,,,,,140.5,-110,-110
ncaab:401087511,ncaab,2019-02-17T00:00Z,final,2598,2523,Saint Francis,Robert Morris,72,69,,,,0,,,,,,,,,,2,,0,Loretto,PA,1,595,,,,-5.0,"38,34","28,41",,,,,,,,
ncaab:401087891,ncaab,2019-02-17T00:00Z,final,171,225,Columbia,Brown,63,65,-115,-105,,0,,,-1.0,-110,-110,,,,,2,,0,New York,NY,1,10,,,,-5.0,"27,36","25,40",-108,-112,0.0,-115,-105,138.0,-110,-110
ncaab:401088030,ncaab,2019-02-17T00:00Z,final,172,43,Cornell,Yale,92,98,200,-239,,0,,,5.5,-110,-110,,,,,2,,0,Ithaca,NY,1,125,,,,-5.0,"38,54","45,53",158,-180,3.0,-115,-105,143.0,-110,-110
ncaab:401088098,ncaab,2019-02-17T00:00Z,final,163,159,Princeton,Dartmouth,69,68,-271,225,,0,,,-6.0,-115,-105,,,,,2,,0,Princeton,NJ,1,62,,,,-5.0,"37,32","32,36",-208,175,-3.5,-110,-110,136.5,-110,-110
ncaab:401088203,ncaab,2019-02-17T00:00Z,final,219,108,Penn,Harvard,68,75,-125,105,,0,,,-1.5,-110,-110,,,,,2,,0,Philadelphia,PA,1,12,,,,-5.0,"26,35,7","28,33,14",-120,100,-0.5,-110,-110,138.0,-110,-110
ncaab:401088486,ncaab,2019-02-17T00:00Z,final,325,85,Cleveland St,IU Indy,89,86,148,-170,,0,,,3.5,-109,-111,,,,,2,,0,Cleveland,OH,1,199,,,,-5.0,"43,46","40,46",129,-157,1.5,-105,-115,148.0,-110,-110
ncaab:401088849,ncaab,2019-02-17T00:00Z,final,2747,2430,Wofford,UNC Greensboro,80,50,-262,216,,0,,,-6.0,-110,-110,,,,,2,,0,Spartanburg,SC,1,246,,,,-5.0,"36,44","30,20",-215,175,-3.0,-115,-105,142.5,-110,-110
ncaab:401089185,ncaab,2019-02-17T00:00Z,final,2309,2199,Kent State,E Michigan,71,58,,,,0,,,,,,,,,,2,,0,Kent,OH,1,325,,,,-5.0,"30,41","24,34",,,,,,,,
ncaab:401089614,ncaab,2019-02-17T00:00Z,final,21,68,San Diego St,Boise St,71,65,-200,170,,0,,,-4.5,-110,-110,,,,,2,,0,San Diego,CA,1,20,,,,-8.0,"25,46","29,36",-165,145,-2.5,-101,-120,138.5,-110,-110
ncaab:401089672,ncaab,2019-02-17T00:00Z,final,167,278,New Mexico,Fresno St,73,81,110,-130,,0,,,2.0,-110,-110,,,,,2,,0,Albuquerque,NM,1,1511,,,,-7.0,"38,35","35,46",107,-130,1.0,-110,-110,151.5,-110,-110
ncaab:401089927,ncaab,2019-02-17T00:00Z,final,270,2473,Milwaukee,Oakland,73,89,105,-125,,0,,,1.5,-110,-110,,,,,2,,0,Milwaukee,WI,1,188,,,,-6.0,"29,44","41,48",100,-120,0.5,-110,-110,145.0,-110,-110
ncaab:401090122,ncaab,2019-02-17T00:00Z,final,2198,93,E Kentucky,Murray St,70,102,,,,0,,,,,,,,,,2,,0,Richmond,KY,1,289,,,,-5.0,"35,35","46,56",,,,,,,,
ncaab:401082991,ncaab,2019-02-17T01:00Z,final,96,2633,Kentucky,Tennessee,86,69,-170,150,,0,,,-3.5,-115,-105,,,,,2,,0,Lexington,KY,1,295,,,,-5.0,"37,49","31,38",-150,130,-2.0,-105,-115,145.0,-110,-110
ncaab:401083213,ncaab,2019-02-17T01:00Z,final,2086,305,Butler,DePaul,91,78,-280,240,,0,,,-6.5,-110,-110,,,,,2,,0,Indianapolis,IN,1,218,,,,-5.0,"44,47","41,37",-208,175,-3.5,-110,-110,145.5,-110,-110
ncaab:401083931,ncaab,2019-02-17T01:00Z,final,256,48,James Madison,Delaware,68,61,-135,115,,0,,,-2.0,-110,-110,,,,,2,,0,Harrisonburg,VA,1,404,,,,-5.0,"32,36","31,30",-130,110,-1.0,-110,-110,136.0,-110,-110
ncaab:401086208,ncaab,2019-02-17T01:00Z,final,292,3084,UT Rio Grande,Utah Valley,64,76,,,,0,,,,,,,,,,2,,0,Edinburg,TX,1,30,,,,-6.0,"31,33","28,48",,,,,,,,
ncaab:401087073,ncaab,2019-02-17T01:00Z,final,25,30,California,USC,66,89,250,-300,,0,,,6.5,-110,-110,,,,,2,,0,Berkeley,CA,1,52,,,,-8.0,"26,40","41,48",175,-210,3.5,-110,-110,148.0,-110,-110
ncaab:401087183,ncaab,2019-02-17T01:00Z,final,265,264,Washington St,Washington,70,72,280,-350,,0,,,7.5,-115,-105,,,,,2,,0,Pullman,WA,1,717,,,,-8.0,"45,25","36,36",190,-230,4.0,-110,-110,143.5,-110,-110
ncaab:401087997,ncaab,2019-02-17T01:00Z,final,309,2433,Louisiana,UL Monroe,83,76,,,,0,,,,,,,,,,2,,0,Lafayette,LA,1,11,,,,-6.0,"37,46","29,47",,,,,,,,
ncaab:401089072,ncaab,2019-02-17T01:00Z,final,155,198,North Dakota,Oral Roberts,85,73,-147,126,,0,,,-2.5,-110,-110,,,,,2,,0,Grand Forks,ND,1,253,,,,-6.0,"34,51","33,40",-141,120,-1.5,-105,-115,144.0,-110,-110
ncaab:401089320,ncaab,2019-02-17T01:00Z,final,2287,71,Illinois St,Bradley,59,65,-190,165,,0,,,-4.5,-110,-110,,,,,2,,0,Normal,IL,1,244,,,,-6.0,"30,29","33,32",-164,140,-2.0,-115,-105,136.0,-110,-110
ncaab:401089465,ncaab,2019-02-17T01:00Z,final,2277,2447,Hou Christian,Nicholls,88,82,,,,0,,,,,,,,,,2,,0,Houston,TX,1,12,,,,-6.0,"38,50","46,36",,,,,,,,
ncaab:401090137,ncaab,2019-02-17T01:00Z,final,55,2634,Jax State,Tennessee St,84,65,,,,0,,,,,,,,,,2,,0,Jacksonville,AL,1,216,,,,-6.0,"37,47","20,45",,,,,,,,
ncaab:401082527,ncaab,2019-02-17T01:30Z,final,158,77,Nebraska,Northwestern,59,50,-230,190,,0,,,-5.5,-110,-110,,,,,2,,0,Lincoln,NE,1,367,,,,-6.0,"28,31","23,27",-169,145,-2.5,-110,-110,129.0,-105,-115
ncaab:401083016,ncaab,2019-02-17T01:30Z,final,8,344,Arkansas,Mississippi St,67,77,105,-125,,0,,,1.5,-110,-110,,,,,2,,0,Fayetteville,AR,1,427,,,,-6.0,"38,29","32,45",105,-125,0.5,-110,-110,150.5,-110,-110
ncaab:401088581,ncaab,2019-02-17T01:30Z,final,2029,2582,AR-Pine Bluff,Southern,61,45,,,,0,,,,,,,,,,2,,0,Pine Bluff,AR,1,67,,,,-6.0,"22,39","17,28",,,,,,,,
ncaab:401090087,ncaab,2019-02-17T01:30Z,final,2635,2057,Tennessee Tech,Belmont,65,93,1000,-1500,,0,,,15.0,-110,-110,,,,,2,,0,Cookeville,TN,1,334,,,,-6.0,"32,33","52,41",450,-600,8.5,-110,-110,148.0,-110,-110
ncaab:401083674,ncaab,2019-02-17T02:00Z,final,2541,279,Santa Clara,Pacific,64,59,105,-125,,0,,,1.5,-110,-110,,,,,2,,0,Santa Clara,CA,1,23,,,,-8.0,"41,23","21,38",-105,-115,0.5,-115,-105,128.5,-110,-110
ncaab:401086209,ncaab,2019-02-17T02:00Z,final,166,2547,New Mexico St,Seattle U,59,53,-1000,673,,0,,,-13.5,-113,-103,,,,,2,,0,Las Cruces,NM,1,1191,,,,-7.0,"22,37","29,24",,,,,,135.0,-110,-110
ncaab:401086947,ncaab,2019-02-17T02:00Z,final,2692,147,Weber St,Montana St,94,82,-230,195,,0,,,-5.0,-110,-106,,,,,2,,0,Ogden,UT,1,1311,,,,-7.0,"39,55","40,42",-185,160,-3.0,-110,-110,160.0,-110,-110
ncaab:401086946,ncaab,2019-02-17T02:05Z,final,304,149,Idaho St,Montana,68,80,340,-435,,0,,,8.5,-110,-110,,,,,2,,0,Pocatello,ID,1,1360,,,,-7.0,"32,36","40,40",220,-270,4.5,-110,-110,148.5,-110,-110
ncaab:401083646,ncaab,2019-02-17T03:00Z,final,301,2250,San Diego,Gonzaga,67,79,1200,-1900,,0,,,16.0,-105,-115,,,,,2,,0,San Diego,CA,1,20,,,,-8.0,"30,37","30,49",550,-800,9.5,-115,-105,149.0,-110,-110
ncaab:401083721,ncaab,2019-02-17T03:00Z,final,2501,2539,Portland,San Francisco,63,68,950,-1450,,0,,,15.0,-110,-110,,,,,2,,0,Portland,OR,1,12,,,,-8.0,"24,29,10","24,29,15",458,-659,8.5,-110,-110,139.5,-110,-110
ncaab:401085340,ncaab,2019-02-17T03:00Z,final,2463,2239,CSU Northridge,Fullerton,71,78,,,,0,,,,,,,,,,2,,0,Northridge,CA,1,246,,,,-8.0,"34,37","38,40",,,,,,,,
ncaab:401087052,ncaab,2019-02-17T03:00Z,final,254,9,Utah,Arizona St,87,98,-130,110,,0,,,-1.5,-117,-103,,,,,2,,0,Salt Lake City,UT,1,1299,,,,-7.0,"42,45","47,51",-122,102,-0.5,-115,-105,152.0,-110,-110
ncaab:401087145,ncaab,2019-02-17T03:00Z,final,24,26,Stanford,UCLA,104,80,-130,111,,0,,,-2.0,-110,-110,,,,,2,,0,Stanford,CA,1,23,,,,-8.0,"49,55","40,40",-120,-100,-0.5,-115,-105,153.5,-110,-110
ncaab:401087276,ncaab,2019-02-17T03:00Z,final,302,299,UC Davis,Long Beach St,77,73,-238,195,,0,,,-5.5,-110,-110,,,,,2,,0,Davis,CA,1,16,,,,-8.0,"33,44","41,32",-169,145,-2.5,-110,-110,144.5,-110,-110
ncaab:401089700,ncaab,2019-02-17T03:00Z,final,2751,2440,Wyoming,Nevada,49,82,2375,-4750,,0,,,22.0,-105,-115,,,,,2,,0,Laramie,WY,1,2184,,,,-7.0,"20,29","36,46",850,-1300,12.5,-109,-111,144.5,-110,-110
ncaab:401086948,ncaab,2019-02-17T03:05Z,final,2502,253,Portland St,Southern Utah,78,69,-169,145,,0,,,-3.5,-110,-110,,,,,2,,0,Portland,OR,1,12,,,,-8.0,"31,47","28,41",-155,135,-2.0,-110,-110,153.5,-110,-110
ncaab:401086949,ncaab,2019-02-17T03:05Z,final,16,2464,Sacramento St,N Arizona,66,78,-323,260,,0,,,-7.0,-112,-108,,,,,2,,0,Sacramento,CA,1,9,,,,-8.0,"25,41","31,47",-210,175,-4.0,-105,-115,144.5,-110,-110
ncaab:401087114,ncaab,2019-02-17T03:30Z,final,204,2483,Oregon St,Oregon,72,57,-145,126,,0,,,-2.5,-115,-105,,,,,2,,0,Corvallis,OR,1,71,,,,-8.0,"27,45","28,29",-143,118,-1.5,-110,-110,133.0,-110,-110
ncaab:401083700,ncaab,2019-02-17T04:00Z,final,2608,2492,Saint Mary's,Pepperdine,72,65,-1200,755,,0,,,-13.5,-110,-110,,,,,2,,0,Moraga,CA,1,152,,,,-8.0,"33,39","20,45",-550,425,-8.0,-110,-110,145.0,-110,-110
ncaab:401087812,ncaab,2019-02-17T04:59Z,final,300,2540,UC Irvine,Santa Barbara,83,70,-260,215,,0,,,-5.5,-115,-105,,,,,2,,0,Irvine,CA,1,17,,,,-8.0,"42,41","28,42",-196,165,-3.0,-115,-105,128.0,-110,-110
ncaab:401087263,ncaab,2019-02-17T06:00Z,final,62,27,Hawai'i,UC Riverside,87,64,,,,0,,,,,,,,,,2,,0,Honolulu,HI,1,5,,,,-10.0,"50,37","29,35",,,,,,,,
ncaab:401082489,ncaab,2019-02-17T18:00Z,final,127,194,Michigan St,Ohio State,62,44,-850,575,,0,,,-12.0,-110,-110,,,,,2,,0,East Lansing,MI,1,261,,,,-5.0,"25,37","31,13",-416,314,-6.5,-115,-105,133.5,-110,-110
ncaab:401084806,ncaab,2019-02-17T18:00Z,final,2132,2724,Cincinnati,Wichita St,72,62,-859,601,,0,,,-12.5,-110,-110,,,,,2,,0,Cincinnati,OH,1,191,,,,-5.0,"34,38","24,38",-420,335,-7.0,-115,-105,131.5,-110,-110
ncaab:401086531,ncaab,2019-02-17T18:00Z,final,311,399,Maine,UAlbany,54,63,,,,0,,,,,,,,,,2,,0,Bangor,ME,1,36,,,,-5.0,"29,25","35,28",,,,,,,,
ncaab:401084807,ncaab,2019-02-17T19:00Z,final,151,202,East Carolina,Tulsa,73,77,219,-263,,0,,,6.0,-110,-110,,,,,2,,0,Greenville,NC,1,18,,,,-5.0,"26,41,6","37,30,10",165,-190,3.0,-110,-110,140.0,-110,-110
ncaab:401084808,ncaab,2019-02-17T19:00Z,final,2655,248,Tulane,Houston,50,85,1500,-3000,,0,,,18.0,-110,-110,,,,,2,,0,New Orleans,LA,1,0,,,,-6.0,"28,22","37,48",,,10.5,-110,-110,141.5,-110,-110
ncaab:401085731,ncaab,2019-02-17T19:00Z,final,179,2244,St Bonaventure,George Mason,79,56,,,,0,,,,,,,,,,2,,0,Saint Bonaventure,NY,1,435,,,,-5.0,"42,37","25,31",,,,,,,,
ncaab:401085775,ncaab,2019-02-17T19:00Z,final,2561,2514,Siena,Quinnipiac,100,107,-155,135,,0,,,-3.0,-110,-110,,,,,2,,0,Albany,NY,1,45,,,,-5.0,"24,51,11,7,7","39,36,11,7,14",-141,120,-1.0,-121,100,127.0,-105,-115
ncaab:401085922,ncaab,2019-02-17T19:00Z,final,2099,2363,Canisius,Manhattan,65,70,-268,222,,0,,,-6.0,-110,-106,,,,,2,,0,Buffalo,NY,1,183,,,,-5.0,"36,29","34,36",-200,170,-3.5,-110,-110,124.5,-110,-110
ncaab:401085988,ncaab,2019-02-17T19:00Z,final,2405,2368,Monmouth,Marist,67,75,-160,140,,0,,,-3.5,-105,-111,,,,,2,,0,West Long Branch,NJ,1,9,,,,-5.0,"39,28","44,31",-151,124,-1.5,-115,-105,127.5,-110,-110
ncaab:401086008,ncaab,2019-02-17T19:00Z,final,315,2217,Niagara,Fairfield,78,73,-140,120,,0,,,-2.5,-110,-110,,,,,2,,0,Niagara Falls,NY,1,187,,,,-5.0,"37,41","37,36",-130,110,-1.0,-110,-110,145.5,-110,-110
ncaab:401086037,ncaab,2019-02-17T19:00Z,final,2612,2520,Saint Peter's,Rider,65,71,,,,0,,,,,,,,,,2,,0,Jersey City,NJ,1,9,,,,-5.0,"28,37","31,40",,,,,,,,
ncaab:401089090,ncaab,2019-02-17T19:00Z,final,2352,322,Loyola MD,Lafayette,64,69,-222,180,,0,,,-5.0,-109,-107,,,,,2,,0,Baltimore,MD,1,10,,,,-5.0,"34,30","40,29",,,,,,151.5,-110,-110
ncaab:401083238,ncaab,2019-02-17T20:00Z,final,156,2550,Creighton,Seton Hall,75,81,-230,195,,0,,,-5.5,-110,-110,,,,,2,,0,Omaha,NE,1,323,,,,-6.0,"33,42","30,51",-169,145,-2.5,-110,-110,146.5,-110,-110
ncaab:401089321,ncaab,2019-02-17T21:00Z,final,2350,2623,Loyola Chicago,Missouri St,61,65,-398,318,,0,,,-7.0,-104,-112,,,,,2,,0,Chicago,IL,1,179,,,,-6.0,"26,35","27,38",-200,170,-3.5,-119,-102,117.5,-110,-110
ncaab:401089322,ncaab,2019-02-17T21:00Z,final,339,2460,Evansville,Northern Iowa,58,73,-125,105,,0,,,-1.5,-110,-110,,,,,2,,0,Evansville,IN,1,118,,,,-6.0,"22,36","36,37",-125,105,-1.0,-110,-110,135.0,-110,-110
ncaab:401083347,ncaab,2019-02-17T22:00Z,final,2599,222,St John's,Villanova,71,65,,,,0,,,,,,,,,,2,,0,New York,NY,1,10,,,,-5.0,"26,45","37,28",,,,,,,,
ncaab:401082635,ncaab,2019-02-17T23:00Z,final,103,2390,Boston College,Miami,64,57,135,-154,,0,,,2.5,-110,-110,,,,,2,,0,Chestnut Hill,MA,1,60,,,,-5.0,"25,39","21,36",115,-135,1.0,-105,-115,139.0,-110,-110
ncaab:401087029,ncaab,2019-02-18T01:00Z,final,38,12,Colorado,Arizona,67,60,-285,243,,0,,,-6.0,-113,-104,,,,,2,,0,Boulder,CO,1,1624,,,,-7.0,"34,33","28,32",-187,152,-3.0,-115,-105,137.5,-110,-110
ncaab:401082759,ncaab,2019-02-19T00:00Z,final,259,258,Virginia Tech,Virginia,58,64,227,-274,,0,,,5.0,-105,-115,,,,,2,,0,Blacksburg,VA,1,633,,,,-5.0,"29,29","32,32",160,-185,3.5,-124,102,117.5,-115,-105
ncaab:401086950,ncaab,2019-02-19T00:00Z,final,331,70,E Washington,Idaho,82,57,,,,0,,,,,,,,,,2,,0,Cheney,WA,1,717,,,,-8.0,"34,48","27,30",,,,,,,,
ncaab:401088941,ncaab,2019-02-19T00:00Z,final,2029,2016,AR-Pine Bluff,Alcorn St,73,62,,,,0,,,,,,,,,,2,,0,Pine Bluff,AR,1,67,,,,-6.0,"29,44","21,41",,,,,,,,
ncaab:401088123,ncaab,2019-02-19T00:05Z,final,107,104,Holy Cross,Boston U,60,70,-240,200,,0,,,-5.0,-108,-108,,,,,2,,0,Worcester,MA,1,147,,,,-5.0,"29,31","37,33",,,,,,132.0,-110,-110
ncaab:401089972,ncaab,2019-02-19T00:30Z,final,2542,2065,Savannah St,Bethune,79,70,115,-135,,0,,,2.0,-110,-110,,,,,2,,0,Savannah,GA,1,6,,,,-5.0,"37,42","33,37",,,,,,167.5,-117,-113
ncaab:401090331,ncaab,2019-02-19T00:30Z,final,2569,50,SC State,Florida A&M,57,54,,,,0,,,,,,,,,,2,,0,Orangeburg,SC,1,74,,,,-5.0,"24,33","33,21",,,,,,,,
ncaab:401090388,ncaab,2019-02-19T00:30Z,final,47,2428,Howard,NC Central,90,98,,,,0,,,,,,,,,,2,,0,Washington,DC,1,7,,,,-5.0,"50,40","49,49",,,,,,,,
ncaab:401082356,ncaab,2019-02-19T01:00Z,final,275,356,Wisconsin,Illinois,64,58,-550,425,,0,,,-10.0,-110,-110,,,,,2,,0,Madison,WI,1,267,,,,-6.0,"25,39","26,32",-309,242,-5.0,-134,110,133.0,-110,-110
ncaab:401090354,ncaab,2019-02-19T01:00Z,final,2450,2448,Norfolk St,NC A&T,76,58,,,,0,,,,,,,,,,2,,0,Norfolk,VA,1,2,,,,-5.0,"38,38","21,37",,,,,,,,
ncaab:401088548,ncaab,2019-02-19T01:30Z,final,2296,2640,Jackson St,Texas Southern,65,77,200,-240,,0,,,5.5,-113,-103,,,,,2,,0,Jackson,MS,1,85,,,,-6.0,"35,30","23,54",,,,,,143.0,-110,-110
ncaab:401088582,ncaab,2019-02-19T01:30Z,final,2400,2582,Miss Valley St,Southern,70,59,,,,0,,,,,,,,,,2,,0,Itta Bena,MS,1,40,,,,-6.0,"27,43","19,40",,,,,,,,
ncaab:401088599,ncaab,2019-02-19T01:30Z,final,2755,2504,Grambling,Prairie View,87,92,-125,105,,0,,,-1.5,-110,-110,,,,,2,,0,Grambling,LA,1,93,,,,-6.0,"33,54","38,54",,,,,,142.5,-110,-110
ncaab:401083444,ncaab,2019-02-19T02:00Z,final,277,2306,West Virginia,Kansas St,51,65,278,-347,,0,,,7.0,-110,-106,,,,,2,,0,Morgantown,WV,1,271,,,,-5.0,"28,23","30,35",200,-250,4.0,-110,-110,129.5,-110,-110
ncaab:401083525,ncaab,2019-02-19T02:00Z,final,197,2628,Oklahoma St,TCU,68,61,105,-125,,0,,,1.0,-105,-111,,,,,2,,0,Stillwater,OK,1,273,,,,-6.0,"39,29","30,31",100,-120,1.0,-115,-105,137.5,-110,-110
ncaab:401085590,ncaab,2019-02-19T23:00Z,final,2166,2168,Davidson,Dayton,73,74,-190,163,,0,,,-4.0,-110,-110,,,,,2,,0,Davidson,NC,1,256,,,,-5.0,"25,48","37,37",-150,130,-2.0,-110,-110,133.5,-110,-110
ncaab:401082386,ncaab,2019-02-20T00:00Z,final,84,2509,Indiana,Purdue,46,48,243,-285,,0,,,6.0,-110,-110,,,,,2,,0,Bloomington,IN,1,235,,,,-5.0,"20,26","20,28",170,-195,3.0,-110,-110,137.5,-110,-110
ncaab:401082528,ncaab,2019-02-20T00:00Z,final,213,158,Penn State,Nebraska,95,71,-164,140,,0,,,-3.0,-110,-110,,,,,2,,0,University Park,PA,1,348,,,,-5.0,"44,51","25,46",-145,125,-1.5,-110,-110,129.5,-110,-110
ncaab:401082736,ncaab,2019-02-20T00:00Z,final,87,154,Notre Dame,Wake Forest,68,75,-740,565,,0,,,-11.5,-109,-107,,,,,2,,0,South Bend,IN,1,211,,,,-5.0,"36,32","35,40",-379,290,-6.0,-115,-105,141.0,-110,-110
ncaab:401082942,ncaab,2019-02-20T00:00Z,final,2633,238,Tennessee,Vanderbilt,58,46,-2200,1315,,0,,,-17.5,-110,-110,,,,,2,,0,Knoxville,TN,1,276,,,,-5.0,"36,22","27,19",-900,600,-10.5,-105,-115,145.5,-110,-110
ncaab:401083039,ncaab,2019-02-20T00:00Z,final,2579,145,South Carolina,Ole Miss,79,64,135,-155,,0,,,3.0,-110,-110,,,,,2,,0,Columbia,SC,1,89,,,,-5.0,"40,39","32,32",120,-140,1.5,-115,-105,148.0,-110,-110
ncaab:401084015,ncaab,2019-02-20T00:00Z,final,189,2006,Bowling Green,Akron,73,69,-233,190,,0,,,-5.0,-110,-110,,,,,2,,0,Bowling Green,OH,1,212,,,,-5.0,"25,48","29,40",-175,155,-2.5,-110,-110,133.5,-110,-110
ncaab:401085776,ncaab,2019-02-20T00:00Z,final,2514,314,Quinnipiac,Iona,77,81,125,-145,,0,,,2.5,-115,-105,,,,,2,,0,Hamden,CT,1,31,,,,-5.0,"39,38","36,45",110,-130,1.0,-110,-110,152.0,-110,-110
ncaab:401086057,ncaab,2019-02-20T00:00Z,final,2561,2612,Siena,Saint Peter's,72,62,,,,0,,,,,,,,,,2,,0,Albany,NY,1,45,,,,-5.0,"33,39","21,41",,,,,,,,
ncaab:401086274,ncaab,2019-02-20T00:00Z,final,193,2050,Miami OH,Ball State,69,66,110,-129,,0,,,2.0,-112,-104,,,,,2,,0,Oxford,OH,1,283,,,,-5.0,"41,28","35,31",-100,-121,0.5,-115,-105,141.0,-110,-110
ncaab:401087409,ncaab,2019-02-20T00:00Z,final,2084,195,Buffalo,Ohio,114,67,-3250,1625,,0,,,-18.5,-105,-115,,,,,2,,0,Buffalo,NY,1,183,,,,-5.0,"52,62","27,40",-1000,650,-10.5,-110,-110,154.0,-110,-110
ncaab:401087431,ncaab,2019-02-20T00:00Z,final,2199,2649,E Michigan,Toledo,76,69,,,,0,,,,,,,,,,2,,0,Ypsilanti,MI,1,219,,,,-5.0,"27,49","31,38",,,,,,,,
ncaab:401088136,ncaab,2019-02-20T00:00Z,final,2142,2083,Colgate,Bucknell,75,64,-135,115,,0,,,-2.0,-110,-110,,,,,2,,0,Hamilton,NY,1,181,,,,-5.0,"37,38","30,34",,,,,,149.0,-110,-110
ncaab:401088519,ncaab,2019-02-20T00:00Z,final,2117,2309,C Michigan,Kent State,84,74,,,,0,,,,,,,,,,2,,0,Mount Pleasant,MI,1,235,,,,-5.0,"40,44","33,41",,,,,,,,
ncaab:401119215,ncaab,2019-02-20T00:00Z,final,58,3244,South Florida,Florida Col,95,54,,,,0,,,,,,,,,,2,,0,Tampa,FL,1,1,,,,-5.0,"46,49","28,26",,,,,,,,
ncaab:401082413,ncaab,2019-02-20T01:00Z,final,2294,120,Iowa,Maryland,65,66,-155,135,,0,,,-3.0,-110,-110,,,,,2,,0,Iowa City,IA,1,204,,,,-6.0,"23,42","27,39",-140,120,-1.0,-115,-105,147.0,-110,-110
ncaab:401085747,ncaab,2019-02-20T01:00Z,final,2670,227,VCU,Rhode Island,76,42,-400,325,,0,,,-7.5,-107,-113,,,,,2,,0,Richmond,VA,1,64,,,,-5.0,"39,37","22,20",-230,190,-4.0,-105,-115,133.5,-110,-110
ncaab:401086210,ncaab,2019-02-20T01:00Z,final,292,630,UT Rio Grande,Wylnd Baptist,85,66,,,,0,,,,,,,,,,2,,0,Edinburg,TX,1,30,,,,-6.0,"43,42","28,38",,,,,,,,
ncaab:401089323,ncaab,2019-02-20T01:00Z,final,2181,71,Drake,Bradley,77,68,-201,170,,0,,,-4.5,-110,-110,,,,,2,,0,Des Moines,IA,1,266,,,,-6.0,"42,35","36,32",-170,150,-2.5,-105,-115,142.5,-110,-110
ncaab:401082664,ncaab,2019-02-20T02:00Z,final,228,52,Clemson,Florida St,64,77,-145,125,,0,,,-2.5,-110,-110,,,,,2,,0,Clemson,SC,1,221,,,,-5.0,"23,41","38,39",-125,105,-1.0,-104,-116,131.0,-110,-110
ncaab:401082969,ncaab,2019-02-20T02:00Z,final,245,333,Texas A&M,Alabama,65,56,110,-130,,0,,,1.5,-110,-110,,,,,2,,0,College Station,TX,1,103,,,,-6.0,"24,41","30,26",100,-120,0.5,-110,-110,144.5,-110,-110
ncaab:401083058,ncaab,2019-02-20T02:00Z,final,142,96,Missouri,Kentucky,58,66,545,-720,,0,,,11.0,-111,-105,,,,,2,,0,Columbia,MO,1,215,,,,-6.0,"23,35","41,25",290,-350,6.0,-110,-110,133.5,-110,-110
ncaab:401083396,ncaab,2019-02-20T02:00Z,final,66,239,Iowa State,Baylor,69,73,-630,465,,0,,,-10.0,-110,-110,,,,,2,,0,Ames,IA,1,287,,,,-6.0,"34,35","38,35",-350,290,-6.0,-105,-115,142.0,-110,-110
ncaab:401086211,ncaab,2019-02-20T02:00Z,final,166,3082,New Mexico St,TX A&M Int'l,80,42,,,,0,,,,,,,,,,2,,0,Las Cruces,NM,1,1191,,,,-7.0,"41,39","20,22",,,,,,,,
ncaab:401089998,ncaab,2019-02-20T03:00Z,final,2751,2439,Wyoming,UNLV,56,66,216,-260,,0,,,6.0,-112,-104,,,,,2,,0,Laramie,WY,1,2184,,,,-7.0,"23,33","30,36",171,-211,3.0,-105,-115,140.0,-111,-109
ncaab:401082490,ncaab,2019-02-20T23:30Z,final,127,164,Michigan St,Rutgers,71,60,-1838,1010,,0,,,-15.5,-110,-110,,,,,2,,0,East Lansing,MI,1,261,,,,-5.0,"25,46","32,28",-743,501,-9.0,-110,-110,133.0,-110,-110
ncaab:401083081,ncaab,2019-02-20T23:30Z,final,61,344,Georgia,Mississippi St,67,68,228,-275,,0,,,6.5,-110,-110,,,,,2,,0,Athens,GA,1,228,,,,-5.0,"25,42","36,32",175,-210,3.5,-110,-110,147.5,-110,-110
ncaab:401083287,ncaab,2019-02-20T23:30Z,final,46,222,Georgetown,Villanova,85,73,220,-260,,0,,,6.0,-110,-110,,,,,2,,0,Washington,DC,1,7,,,,-5.0,"42,43","32,41",165,-190,3.0,-105,-115,147.5,-110,-110
ncaab:401082636,ncaab,2019-02-21T00:00Z,final,152,103,NC State,Boston College,89,80,,,,0,,,,,,,,,,2,,0,Raleigh,NC,1,96,,,,-5.0,"46,27,16","37,36,7",,,,,,,,
ncaab:401082798,ncaab,2019-02-21T00:00Z,final,183,97,Syracuse,Louisville,69,49,-135,115,,0,,,-2.0,-110,-110,,,,,2,,0,Syracuse,NY,1,121,,,,-5.0,"35,34","23,26",-130,110,-1.0,-110,-110,131.5,-110,-110
ncaab:401083120,ncaab,2019-02-21T00:00Z,final,99,57,LSU,Florida,77,82,-310,250,,0,,,-6.5,-110,-110,,,,,2,,0,Baton Rouge,LA,1,14,,,,-6.0,"31,33,13","33,31,18",-215,178,-4.0,-105,-115,142.5,-110,-110
ncaab:401083334,ncaab,2019-02-21T00:00Z,final,2550,2752,Seton Hall,Xavier,69,70,-230,192,,0,,,-5.0,-110,-110,,,,,2,,0,Newark,NJ,1,9,,,,-5.0,"38,31","46,24",-185,151,-2.5,-115,-105,141.5,-110,-110
ncaab:401084809,ncaab,2019-02-21T00:00Z,final,235,2655,Memphis,Tulane,102,76,-2300,1350,,0,,,-17.5,-110,-110,,,,,2,,0,Memphis,TN,1,78,,,,-6.0,"47,55","38,38",-988,616,-10.0,-110,-110,156.0,-110,-110
ncaab:401085672,ncaab,2019-02-21T00:00Z,final,257,2230,Richmond,Fordham,72,69,-300,245,,0,,,-6.5,-110,-110,,,,,2,,0,Richmond,VA,1,64,,,,-5.0,"38,34","26,43",-210,175,-3.5,-110,-110,133.5,-110,-110
ncaab:401085732,ncaab,2019-02-21T00:00Z,final,179,2325,St Bonaventure,La Salle,62,60,,,,0,,,,,,,,,,2,,0,Saint Bonaventure,NY,1,435,,,,-5.0,"32,30","28,32",,,,,,,,
ncaab:401086320,ncaab,2019-02-21T00:00Z,final,45,113,G Washington,UMass,79,67,,,,0,,,,,,,,,,2,,0,Washington,DC,1,7,,,,-5.0,"38,41","25,42",,,,,,,,
ncaab:401086674,ncaab,2019-02-21T00:00Z,final,526,288,FGCU,Lipscomb,67,61,,,,0,,,,,,,,,,2,,0,Fort Myers,FL,1,3,,,,-5.0,"30,37","28,33",,,,,,,,
ncaab:401086700,ncaab,2019-02-21T00:00Z,final,294,2454,Jacksonville,North Florida,73,80,-113,-103,,0,,,-2.0,-115,-105,,,,,2,,0,Jacksonville,FL,1,5,,,,-5.0,"29,36,8","31,34,15",,,,,,157.0,-110,-110
ncaab:401086762,ncaab,2019-02-21T00:00Z,final,2885,56,NJIT,Stetson,82,77,,,,0,,,,,,,,,,2,,0,Newark,NJ,1,9,,,,-5.0,"48,34","43,34",,,,,,,,
ncaab:401086780,ncaab,2019-02-21T00:00Z,final,338,2453,Kennesaw St,North Alabama,61,76,,,,0,,,,,,,,,,2,,0,Kennesaw,GA,1,332,,,,-5.0,"34,27","35,41",,,,,,,,
ncaab:401088065,ncaab,2019-02-21T00:00Z,final,322,44,Lafayette,American,70,68,141,-166,,0,,,2.5,-110,-110,,,,,2,,0,Easton,PA,1,97,,,,-5.0,"29,41","35,33",,,,,,144.5,-110,-110
ncaab:401088086,ncaab,2019-02-21T00:00Z,final,2329,349,Lehigh,Army,91,81,-310,255,,0,,,-7.0,-105,-115,,,,,2,,0,Bethlehem,PA,1,109,,,,-5.0,"35,56","42,39",,,,,,154.0,-113,-117
ncaab:401089103,ncaab,2019-02-21T00:00Z,void,2352,2426,Loyola MD,Navy,,,-200,170,,0,,,-4.0,-112,-104,,,,,2,,0,Baltimore,MD,1,10,,,,-5.0,,,,,,,,142.5,-112,-119
ncaab:401089324,ncaab,2019-02-21T00:00Z,final,2350,339,Loyola Chicago,Evansville,70,58,-714,490,,0,,,-11.0,-110,-110,,,,,2,,0,Chicago,IL,1,179,,,,-6.0,"43,27","29,29",-376,288,-6.0,-110,-110,126.0,-110,-110
ncaab:401089325,ncaab,2019-02-21T00:00Z,final,282,2287,Indiana St,Illinois St,73,50,-123,103,,0,,,-1.5,-110,-110,,,,,2,,0,Terre Haute,IN,1,152,,,,-5.0,"37,36","21,29",-125,105,-0.5,-115,-105,137.5,-110,-110
ncaab:401089130,ncaab,2019-02-21T00:30Z,final,2617,357,SF Austin,Texas A&M-CC,55,65,,,,0,,,,,,,,,,2,,0,Nacogdoches,TX,1,92,,,,-6.0,"24,31","27,38",,,,,,,,
ncaab:401089380,ncaab,2019-02-21T00:30Z,final,2534,2447,Sam Houston,Nicholls,84,74,-1100,721,,0,,,-13.5,-110,-110,,,,,2,,0,Huntsville,TX,1,113,,,,-6.0,"34,33,17","38,29,7",,,,,,143.0,-110,-110
ncaab:401089477,ncaab,2019-02-21T00:30Z,final,2377,2110,McNeese,C Arkansas,83,75,,,,0,,,,,,,,,,2,,0,Lake Charles,LA,1,4,,,,-6.0,"36,32,15","45,23,7",,,,,,,,
ncaab:401089030,ncaab,2019-02-21T01:00Z,final,233,2172,South Dakota,Denver,72,45,-265,215,,0,,,-6.0,-105,-115,,,,,2,,0,Vermillion,SD,1,374,,,,-6.0,"36,36","22,23",-210,175,-3.5,-105,-115,142.0,-110,-110
ncaab:401089201,ncaab,2019-02-21T01:00Z,final,2443,2545,LSU N Orleans,SE Louisiana,89,68,,,,0,,,,,,,,,,2,,0,New Orleans,LA,1,0,,,,-6.0,"44,45","31,37",,,,,,,,
ncaab:401089326,ncaab,2019-02-21T01:00Z,final,2674,79,Valparaiso,S Illinois,55,52,,,,0,,,,,,,,,,2,,0,Valparaiso,IN,1,242,,,,-6.0,"24,31","28,24",,,,,,,,
ncaab:401089327,ncaab,2019-02-21T01:00Z,final,2623,2460,Missouri St,Northern Iowa,43,63,-275,225,,0,,,-6.0,-110,-110,,,,,2,,0,Springfield,MO,1,396,,,,-6.0,"19,24","17,46",-190,165,-3.0,-115,-105,123.0,-110,-110
ncaab:401089393,ncaab,2019-02-21T01:00Z,final,2437,2710,Omaha,W Illinois,77,63,,,,0,,,,,,,,,,2,,0,Omaha,NE,1,323,,,,-6.0,"33,44","30,33",,,,,,,,
ncaab:401089417,ncaab,2019-02-21T01:00Z,final,2277,2466,Hou Christian,N'Western St,92,54,,,,0,,,,,,,,,,2,,0,Houston,TX,1,12,,,,-6.0,"38,54","29,25",,,,,,,,
ncaab:401089518,ncaab,2019-02-21T01:00Z,final,2916,2320,Incarnate Word,Lamar,58,76,220,-260,,0,,,6.0,-108,-108,,,,,2,,0,San Antonio,TX,1,198,,,,-6.0,"28,30","40,36",,,,,,139.0,-114,-116
ncaab:401082543,ncaab,2019-02-21T01:30Z,final,194,77,Ohio State,Northwestern,63,49,-335,271,,0,,,-7.0,-110,-110,,,,,2,,0,Columbus,OH,1,235,,,,-5.0,"24,39","20,29",-225,185,-4.0,-105,-115,126.0,-110,-110
ncaab:401083017,ncaab,2019-02-21T01:30Z,final,2,8,Auburn,Arkansas,79,56,-833,600,,0,,,-12.0,-110,-110,,,,,2,,0,Auburn,AL,1,215,,,,-6.0,"45,34","20,36",-420,335,-7.0,-105,-115,151.0,-112,-108
ncaab:401083325,ncaab,2019-02-21T01:30Z,final,2507,2599,Providence,St John's,78,59,,,,0,,,,,,,,,,2,,0,Providence,RI,1,2,,,,-5.0,"34,44","26,33",,,,,,,,
ncaab:401082689,ncaab,2019-02-21T02:00Z,final,150,153,Duke,North Carolina,72,88,-555,430,,0,,,-10.0,-109,-107,,,,,2,,0,Durham,NC,1,123,,,,-5.0,"32,40","42,46",-300,250,-5.5,-108,-112,166.0,-110,-110
ncaab:401082817,ncaab,2019-02-21T02:00Z,final,59,221,Georgia Tech,Pitt,73,65,-120,100,,0,,,-1.5,-105,-115,,,,,2,,0,Atlanta,GA,1,320,,,,-5.0,"34,39","27,38",-125,105,-1.0,-105,-115,125.0,-107,-113
ncaab:401083214,ncaab,2019-02-21T02:00Z,final,269,2086,Marquette,Butler,79,69,-385,300,,0,,,-7.0,-110,-110,,,,,2,,0,Milwaukee,WI,1,188,,,,-6.0,"29,50","30,39",-215,174,-3.5,-110,-110,144.5,-110,-110
ncaab:401083239,ncaab,2019-02-21T02:00Z,final,305,156,DePaul,Creighton,67,79,-107,-111,,0,,,0.0,-110,-110,,,,,2,,0,Chicago,IL,1,179,,,,-6.0,"30,37","41,38",-115,-105,-0.5,-105,-115,149.0,-113,-107
ncaab:401084810,ncaab,2019-02-21T02:00Z,final,202,2724,Tulsa,Wichita St,60,81,-130,110,,0,,,-2.0,-110,-110,,,,,2,,0,Tulsa,OK,1,220,,,,-6.0,"28,32","42,39",-128,106,-1.0,-110,-110,141.0,-110,-110
ncaab:401087053,ncaab,2019-02-21T02:00Z,final,9,24,Arizona St,Stanford,80,62,-400,325,,0,,,-8.5,-110,-110,,,,,2,,0,Tempe,AZ,1,360,,,,-7.0,"42,38","34,28",-230,190,-4.0,-110,-110,152.0,-110,-110
ncaab:401085341,ncaab,2019-02-21T03:00Z,final,299,2463,Long Beach St,CSU Northridge,80,78,,,,0,,,,,,,,,,2,,0,Long Beach,CA,1,9,,,,-8.0,"31,49","42,36",,,,,,,,
ncaab:401087094,ncaab,2019-02-21T03:00Z,final,265,38,Washington St,Colorado,76,74,170,-200,,0,,,4.0,-105,-115,,,,,2,,0,Pullman,WA,1,717,,,,-8.0,"38,38","36,38",140,-160,2.0,-110,-110,148.5,-110,-110
ncaab:401089596,ncaab,2019-02-21T03:00Z,final,278,2005,Fresno St,Air Force,61,64,-905,625,,0,,,-13.0,-105,-115,,,,,2,,0,Fresno,CA,1,94,,,,-8.0,"20,41","23,41",-450,336,-7.5,-110,-110,135.5,-107,-113
ncaab:401089657,ncaab,2019-02-21T03:00Z,final,23,36,San José St,Colorado St,70,91,450,-600,,0,,,10.0,-105,-115,,,,,2,,0,San Jose,CA,1,26,,,,-8.0,"29,41","42,49",290,-360,6.0,-115,-105,146.0,-110,-110
ncaab:401087175,ncaab,2019-02-21T04:00Z,final,264,254,Washington,Utah,62,45,-400,310,,0,,,-8.5,-105,-115,,,,,2,,0,Seattle,WA,1,56,,,,-8.0,"33,29","27,18",-240,200,-4.0,-115,-105,140.0,-110,-110
ncaab:401089685,ncaab,2019-02-21T04:00Z,final,21,2440,San Diego St,Nevada,65,57,300,-385,,0,,,8.0,-110,-110,,,,,2,,0,San Diego,CA,1,20,,,,-8.0,"30,35","21,36",190,-230,4.0,-110,-110,146.5,-110,-110
ncaab:401090012,ncaab,2019-02-21T04:00Z,final,328,167,Utah State,New Mexico,71,55,-1500,1000,,0,,,-14.0,-115,-105,,,,,2,,0,Logan,UT,1,1382,,,,-7.0,"35,36","32,23",-547,394,-8.0,-110,-110,151.5,-110,-110
ncaab:401119216,ncaab,2019-02-21T19:00Z,final,2352,2426,Loyola MD,Navy,79,70,-200,170,,0,,,-4.5,-110,-110,,,,,2,,0,Baltimore,MD,1,10,,,,-5.0,"42,37","34,36",,,,,,139.5,-110,-110
ncaab:401082466,ncaab,2019-02-22T00:00Z,final,135,130,Minnesota,Michigan,60,69,197,-235,,0,,,5.5,-110,-110,,,,,2,,0,Minneapolis,MN,1,253,,,,-6.0,"18,42","28,41",170,-195,3.0,-110,-110,131.0,-113,-107
ncaab:401083879,ncaab,2019-02-22T00:00Z,final,2275,119,Hofstra,Towson,91,82,-1300,797,,0,,,-14.0,-109,-111,,,,,2,,0,Hempstead,NY,1,17,,,,-5.0,"39,33,10,9","37,35,10,0",-574,410,-8.0,-115,-105,144.5,-110,-110
ncaab:401083905,ncaab,2019-02-22T00:00Z,final,2729,232,William & Mary,Charleston,86,84,105,-125,,0,,,1.5,-110,-110,,,,,2,,0,Williamsburg,VA,1,25,,,,-5.0,"34,38,14","42,30,12",105,-125,1.0,-110,-110,142.5,-110,-110
ncaab:401083978,ncaab,2019-02-22T00:00Z,final,111,256,Northeastern,James Madison,76,60,-715,521,,0,,,-11.0,-115,-105,,,,,2,,0,Boston,MA,1,14,,,,-5.0,"33,43","26,34",-400,325,-6.5,-110,-110,137.5,-110,-110
ncaab:401084039,ncaab,2019-02-22T00:00Z,final,2210,350,Elon,UNC Wilmington,84,77,105,-125,,0,,,1.5,-110,-110,,,,,2,,0,Elon,NC,1,215,,,,-5.0,"45,39","40,37",-110,-110,0.0,-105,-115,153.0,-110,-110
ncaab:401084811,ncaab,2019-02-22T00:00Z,final,2132,2116,Cincinnati,UCF,60,55,-370,300,,0,,,-7.5,-110,-110,,,,,2,,0,Cincinnati,OH,1,191,,,,-5.0,"26,34","18,37",-245,205,-4.0,-110,-110,127.5,-112,-108
ncaab:401086532,ncaab,2019-02-22T00:00Z,final,2619,399,Stony Brook,UAlbany,70,74,,,,0,,,,,,,,,,2,,0,Stony Brook,NY,1,27,,,,-5.0,"33,37","36,38",,,,,,,,
ncaab:401086558,ncaab,2019-02-22T00:00Z,final,2349,2066,UMass Lowell,Binghamton,66,81,-500,400,,0,,,-9.5,-110,-110,,,,,2,,0,Lowell,MA,1,36,,,,-5.0,"29,37","41,40",,,,,,144.5,-117,-113
ncaab:401086599,ncaab,2019-02-22T00:00Z,final,160,42,New Hampshire,Hartford,50,70,445,-556,,0,,,10.0,-110,-110,,,,,2,,0,Durham,NH,1,15,,,,-5.0,"19,31","35,35",,,,,,134.5,-110,-110
ncaab:401087308,ncaab,2019-02-22T00:00Z,final,2378,261,UMBC,Vermont,65,56,250,-300,,0,,,7.0,-110,-106,,,,,2,,0,Baltimore,MD,1,10,,,,-5.0,"26,39","25,31",,,,,,127.0,-110,-110
ncaab:401087492,ncaab,2019-02-22T00:00Z,final,2115,116,C Connecticut,Mount St Marys,66,79,,,,0,,,,,,,,,,2,,0,New Britain,CT,1,51,,,,-5.0,"33,33","41,38",,,,,,,,
ncaab:401087512,ncaab,2019-02-22T00:00Z,final,2523,112358,Robert Morris,Long Island,62,49,,,,0,,,,,,,,,,2,,0,Moon Township,PA,1,358,,,,-5.0,"22,40","27,22",,,,,,,,
ncaab:401087534,ncaab,2019-02-22T00:00Z,final,161,2529,FDU,Sacred Heart,81,63,,,,0,,,,,,,,,,2,,0,Hackensack,NJ,1,6,,,,-5.0,"36,45","30,33",,,,,,,,
ncaab:401087802,ncaab,2019-02-22T00:00Z,final,2598,2597,Saint Francis,St Francis BK,81,71,,,,0,,,,,,,,,,2,,0,Loretto,PA,1,595,,,,-5.0,"38,43","27,44",,,,,,,,
ncaab:401088045,ncaab,2019-02-22T00:00Z,final,324,290,Coastal,GA Southern,74,79,,,,0,,,,,,,,,,2,,0,Conway,SC,1,10,,,,-5.0,"34,40","30,49",,,,,,,,
ncaab:401088108,ncaab,2019-02-22T00:00Z,final,2026,2247,App State,Georgia St,75,80,,,,0,,,,,,,,,,2,,0,Boone,NC,1,981,,,,-5.0,"36,39","40,40",,,,,,,,
ncaab:401088347,ncaab,2019-02-22T00:00Z,final,2427,2241,UNC Asheville,Gardner-Webb,55,65,330,-410,,0,,,8.5,-123,102,,,,,2,,0,Asheville,NC,1,649,,,,-5.0,"24,31","27,38",,,,,,135.0,-110,-110
ncaab:401088348,ncaab,2019-02-22T00:00Z,final,2261,2344,Hampton,Longwood,86,66,-280,240,,0,,,-6.5,-105,-115,,,,,2,,0,Hampton,VA,1,1,,,,-5.0,"44,42","42,24",,,,,,152.5,-110,-110
ncaab:401088349,ncaab,2019-02-22T00:00Z,final,2515,2737,Radford,Winthrop,87,81,-235,195,,0,,,-5.5,-110,-110,,,,,2,,0,Radford,VA,1,567,,,,-5.0,"37,50","39,42",,,,,,153.0,-110,-110
ncaab:401088441,ncaab,2019-02-22T00:00Z,final,2803,2681,Bryant,Wagner,67,65,105,-125,,0,,,1.5,-106,-110,,,,,2,,0,Smithfield,RI,1,84,,,,-5.0,"38,29","23,42",,,,,,133.5,-110,-110
ncaab:401088487,ncaab,2019-02-22T00:00Z,final,2750,325,Wright St,Cleveland St,87,61,-1330,930,,0,,,-14.0,-110,-110,,,,,2,,0,Dayton,OH,1,225,,,,-5.0,"43,44","38,23",-515,376,-8.0,-110,-110,145.0,-105,-115
ncaab:401088788,ncaab,2019-02-22T00:00Z,final,2643,236,The Citadel,Chattanooga,65,68,-230,190,,0,,,-5.5,-110,-110,,,,,2,,0,Charleston,SC,1,6,,,,-5.0,"27,38","37,31",-167,137,-2.5,-105,-115,162.0,-110,-110
ncaab:401088813,ncaab,2019-02-22T00:00Z,final,2382,2535,Mercer,Samford,65,62,-160,140,,0,,,-3.5,-105,-111,,,,,2,,0,Macon,GA,1,112,,,,-5.0,"38,27","20,42",-155,135,-2.0,-105,-115,150.0,-107,-113
ncaab:401088830,ncaab,2019-02-22T00:00Z,final,2678,2193,VMI,ETSU,70,94,,,,0,,,,,,,,,,2,,0,Lexington,VA,1,324,,,,-5.0,"39,31","39,55",,,,,,,,
ncaab:401088903,ncaab,2019-02-22T00:00Z,final,2430,2717,UNC Greensboro,W Carolina,79,76,,,,0,,,,,,,,,,2,,0,Greensboro,NC,1,266,,,,-5.0,"30,37,12","22,45,9",,,,,,,,
ncaab:401089941,ncaab,2019-02-22T00:00Z,final,94,2754,N Kentucky,Youngstown St,76,69,-1350,885,,0,,,-14.0,-110,-110,,,,,2,,0,Highland Heights,KY,1,260,,,,-5.0,"38,38","32,37",-550,425,-8.0,-105,-115,148.0,-110,-110
ncaab:401088346,ncaab,2019-02-22T00:30Z,final,2127,2908,Charleston So,SC Upstate,92,60,-700,500,,0,,,-11.0,-110,-110,,,,,2,,0,Charleston,SC,1,6,,,,-5.0,"40,52","28,32",,,,,,146.0,-110,-110
ncaab:401087918,ncaab,2019-02-22T01:00Z,final,326,2433,Texas St,UL Monroe,60,63,,,,0,,,,,,,,,,2,,0,San Marcos,TX,1,188,,,,-6.0,"28,32","36,27",,,,,,,,
ncaab:401087952,ncaab,2019-02-22T01:00Z,final,250,309,UT Arlington,Louisiana,64,76,,,,0,,,,,,,,,,2,,0,Arlington,TX,1,184,,,,-6.0,"21,43","46,30",,,,,,,,
ncaab:401089053,ncaab,2019-02-22T01:00Z,final,2571,2870,S Dakota St,Purdue FW,92,83,,,,0,,,,,,,,,,2,,0,Brookings,SD,1,494,,,,-6.0,"49,43","53,30",,,,,,,,
ncaab:401089545,ncaab,2019-02-22T01:00Z,final,2046,2546,Austin Peay,SE Missouri,83,70,,,,0,,,,,,,,,,2,,0,Clarksville,TN,1,145,,,,-6.0,"41,42","36,34",,,,,,,,
ncaab:401090088,ncaab,2019-02-22T01:00Z,final,2057,2197,Belmont,E Illinois,99,58,,,,0,,,,,,,,,,2,,0,Nashville,TN,1,170,,,,-6.0,"53,46","29,29",,,,,,,,
ncaab:401090159,ncaab,2019-02-22T01:00Z,final,93,2630,Murray St,UT Martin,85,75,,,,0,,,,,,,,,,2,,0,Murray,KY,1,163,,,,-6.0,"36,49","32,43",,,,,,,,
ncaab:401090138,ncaab,2019-02-22T01:15Z,final,55,2413,Jax State,Morehead St,65,64,,,,0,,,,,,,,,,2,,0,Jacksonville,AL,1,216,,,,-6.0,"30,35","34,30",,,,,,,,
ncaab:401086951,ncaab,2019-02-22T01:30Z,final,253,331,Southern Utah,E Washington,76,62,,,,0,,,,,,,,,,2,,0,Cedar City,UT,1,1782,,,,-7.0,"33,43","30,32",,,,,,,,
ncaab:401086952,ncaab,2019-02-22T01:30Z,final,2464,70,N Arizona,Idaho,75,54,-1000,650,,0,,,-12.5,-110,-110,,,,,2,,0,Flagstaff,AZ,1,2104,,,,-7.0,"42,33","22,32",-475,380,-7.0,-110,-110,145.5,-110,-110
ncaab:401090123,ncaab,2019-02-22T01:30Z,final,2635,2198,Tennessee Tech,E Kentucky,66,67,,,,0,,,,,,,,,,2,,0,Cookeville,TN,1,334,,,,-6.0,"33,33","40,27",,,,,,,,
ncaab:401090236,ncaab,2019-02-22T01:30Z,final,2634,2565,Tennessee St,SIUE,84,85,,,,0,,,,,,,,,,2,,0,Nashville,TN,1,170,,,,-6.0,"33,51","47,38",,,,,,,,
ncaab:401083624,ncaab,2019-02-22T02:00Z,final,252,2539,BYU,San Francisco,71,77,-180,155,,0,,,-4.0,-110,-110,,,,,2,,0,Provo,UT,1,1387,,,,-7.0,"38,33","34,43",-155,135,-2.0,-112,-108,145.5,-115,-105
ncaab:401083647,ncaab,2019-02-22T02:00Z,final,2250,2492,Gonzaga,Pepperdine,92,64,-21500,8000,,0,,,-28.5,-110,-110,,,,,2,,0,Spokane,WA,1,571,,,,-8.0,"53,39","33,31",,,-16.5,-105,-115,154.0,-111,-109
ncaab:401084633,ncaab,2019-02-22T02:00Z,final,2567,41,SMU,UConn,77,59,,,,0,,,,,,,,,,2,,0,Dallas,TX,1,128,,,,-6.0,"36,41","28,31",,,,,,,,
ncaab:401086213,ncaab,2019-02-22T02:00Z,final,2253,2856,Grand Canyon,CA Baptist,91,58,,,,0,,,,,,,,,,2,,0,Phoenix,AZ,1,331,,,,-7.0,"41,50","32,26",,,,,,,,
ncaab:401086214,ncaab,2019-02-22T02:00Z,final,3084,2130,Utah Valley,Chicago St,103,71,-21500,8000,,0,,,-26.5,-107,-109,,,,,2,,0,Orem,UT,1,1455,,,,-7.0,"54,49","38,33",,,,,,145.5,-110,-110
ncaab:401087030,ncaab,2019-02-22T02:00Z,final,12,25,Arizona,California,76,51,-1205,855,,0,,,-13.5,-110,-110,,,,,2,,0,Tucson,AZ,1,759,,,,-7.0,"30,46","20,31",-500,400,-7.5,-115,-105,137.5,-110,-110
ncaab:401087115,ncaab,2019-02-22T02:00Z,final,30,2483,USC,Oregon,66,49,-130,110,,0,,,-2.0,-106,-110,,,,,2,,0,Los Angeles,CA,1,89,,,,-8.0,"30,36","25,24",-125,105,-1.0,-110,-110,137.0,-110,-110
ncaab:401088345,ncaab,2019-02-22T02:00Z,final,2097,2272,Campbell,High Point,61,48,-220,180,,0,,,-5.0,-110,-110,,,,,2,,0,Buies Creek,NC,1,63,,,,-5.0,"25,36","26,22",,,,,,133.5,-110,-110
ncaab:401083675,ncaab,2019-02-22T03:00Z,final,279,2608,Pacific,Saint Mary's,32,58,340,-455,,0,,,8.5,-115,-105,,,,,2,,0,Stockton,CA,1,4,,,,-8.0,"15,17","26,32",230,-270,5.0,-115,-105,129.0,-110,-110
ncaab:401083722,ncaab,2019-02-22T03:00Z,final,301,2501,San Diego,Portland,63,52,-2000,1150,,0,,,-16.5,-110,-106,,,,,2,,0,San Diego,CA,1,20,,,,-8.0,"35,28","30,22",-800,550,-9.5,-105,-115,135.0,-110,-110
ncaab:401085316,ncaab,2019-02-22T03:00Z,final,300,13,UC Irvine,Cal Poly,74,47,-1667,1050,,0,,,-15.5,-110,-110,,,,,2,,0,Irvine,CA,1,17,,,,-8.0,"36,38","18,29",-650,475,-8.5,-110,-110,127.0,-110,-110
ncaab:401086212,ncaab,2019-02-22T03:00Z,final,2547,140,Seattle U,Kansas City,69,64,-275,235,,0,,,-7.0,-106,-110,,,,,2,,0,Seattle,WA,1,56,,,,-8.0,"30,39","36,28",,,,,,132.5,-116,-114
ncaab:401086953,ncaab,2019-02-22T03:05Z,final,2502,304,Portland St,Idaho St,99,93,-256,205,,0,,,-6.0,-110,-110,,,,,2,,0,Portland,OR,1,12,,,,-8.0,"47,52","49,44",-190,155,-3.0,-105,-115,151.0,-110,-110
ncaab:401086957,ncaab,2019-02-22T03:05Z,final,16,2692,Sacramento St,Weber St,78,76,-153,131,,0,,,-3.0,-110,-110,,,,,2,,0,Sacramento,CA,1,9,,,,-8.0,"31,47","37,39",-135,115,-1.5,-115,-105,141.5,-110,-110
ncaab:401087246,ncaab,2019-02-22T03:30Z,final,2239,302,Fullerton,UC Davis,62,58,-310,255,,0,,,-7.0,-110,-110,,,,,2,,0,Fullerton,CA,1,50,,,,-8.0,"27,35","22,36",-197,160,-3.0,-115,-105,136.5,-110,-110
ncaab:401087132,ncaab,2019-02-22T04:00Z,final,26,204,UCLA,Oregon St,68,67,-135,115,,0,,,-2.0,-115,-105,,,,,2,,0,Los Angeles,CA,1,89,,,,-8.0,"40,28","31,36",-130,110,-1.0,-110,-110,152.0,-110,-110
ncaab:401087264,ncaab,2019-02-22T04:00Z,final,2540,62,Santa Barbara,Hawai'i,79,61,,,,0,,,,,,,,,,2,,0,Santa Barbara,CA,1,15,,,,-8.0,"30,49","19,42",,,,,,,,
ncaab:401087410,ncaab,2019-02-22T23:30Z,final,195,189,Ohio,Bowling Green,92,87,174,-206,,0,,,4.5,-110,-110,,,,,2,,0,Athens,OH,1,219,,,,-5.0,"40,41,11","40,41,6",140,-170,2.0,-105,-115,147.0,-110,-110
ncaab:401085923,ncaab,2019-02-23T00:00Z,final,2405,2099,Monmouth,Canisius,59,60,-150,130,,0,,,-3.0,-110,-110,,,,,2,,0,West Long Branch,NJ,1,9,,,,-5.0,"36,23","36,24",-140,120,-1.5,-110,-110,136.5,-110,-110
ncaab:401085945,ncaab,2019-02-23T00:00Z,final,2363,314,Manhattan,Iona,52,66,160,-185,,0,,,4.0,-113,-107,,,,,2,,0,Riverdale,NY,1,159,,,,-8.0,"28,24","26,40",140,-164,2.0,-108,-112,130.5,-110,-110
ncaab:401085989,ncaab,2019-02-23T00:00Z,final,2368,2612,Marist,Saint Peter's,59,65,,,,0,,,,,,,,,,2,,0,Poughkeepsie,NY,1,62,,,,-5.0,"29,30","24,41",,,,,,,,
ncaab:401086009,ncaab,2019-02-23T00:00Z,final,2520,315,Rider,Niagara,97,81,-400,320,,0,,,-8.0,-110,-110,,,,,2,,0,Lawrenceville,NJ,1,37,,,,-5.0,"58,39","27,54",-260,220,-4.5,-110,-110,157.0,-111,-109
ncaab:401087892,ncaab,2019-02-23T00:00Z,final,225,108,Brown,Harvard,88,79,135,-155,,0,,,3.0,-110,-110,,,,,2,,0,Providence,RI,1,2,,,,-5.0,"37,51","27,52",121,-147,1.5,-115,-105,133.5,-110,-110
ncaab:401088099,ncaab,2019-02-23T00:00Z,final,43,159,Yale,Dartmouth,77,59,-540,415,,0,,,-9.5,-110,-110,,,,,2,,0,New Haven,CT,1,18,,,,-5.0,"40,37","25,34",-300,250,-5.5,-110,-110,149.0,-110,-110
ncaab:401089487,ncaab,2019-02-23T00:00Z,final,2084,2309,Buffalo,Kent State,80,57,-1631,939,,0,,,-15.0,-112,-104,,,,,2,,0,Buffalo,NY,1,183,,,,-5.0,"35,45","27,30",-720,490,-9.0,-110,-110,160.5,-115,-105
ncaab:401089906,ncaab,2019-02-23T00:00Z,final,85,270,IU Indy,Milwaukee,67,60,-514,397,,0,,,-9.5,-110,-110,,,,,2,,0,Indianapolis,IN,1,218,,,,-5.0,"37,30","36,24",-278,225,-5.0,-110,-110,146.5,-110,-110
ncaab:401087935,ncaab,2019-02-23T01:00Z,final,219,171,Penn,Columbia,77,79,-385,306,,0,,,-8.0,-110,-106,,,,,2,,0,Philadelphia,PA,1,12,,,,-5.0,"35,37,5","30,42,7",-235,189,-4.0,-115,-105,141.0,-110,-110
ncaab:401088031,ncaab,2019-02-23T01:00Z,final,163,172,Princeton,Cornell,68,59,-300,250,,0,,,-6.5,-110,-106,,,,,2,,0,Princeton,NJ,1,62,,,,-5.0,"36,32","30,29",-208,175,-3.5,-110,-110,136.5,-110,-110
ncaab:401085591,ncaab,2019-02-23T02:00Z,final,227,2166,Rhode Island,Davidson,66,75,105,-122,,0,,,1.5,-110,-110,,,,,2,,0,Kingston,RI,1,75,,,,-5.0,"27,39","36,39",103,-125,0.5,-106,-115,130.0,-110,-110
ncaab:401089886,ncaab,2019-02-23T02:00Z,final,82,2739,UIC,Green Bay,62,63,-200,170,,0,,,-4.5,-110,-110,,,,,2,,0,Chicago,IL,1,179,,,,-6.0,"39,23","20,43",-165,145,-2.5,-105,-115,158.0,-110,-110
ncaab:401082387,ncaab,2019-02-23T02:15Z,final,2294,84,Iowa,Indiana,76,70,-370,295,,0,,,-7.5,-110,-110,,,,,2,,0,Iowa City,IA,1,204,,,,-6.0,"28,35,13","28,35,7",-222,180,-4.0,-110,-110,145.5,-110,-110
ncaab:401082357,ncaab,2019-02-23T17:00Z,final,356,213,Illinois,Penn State,76,83,-127,109,,0,,,-2.0,-104,-112,,,,,2,,0,Champaign,IL,1,225,,,,-6.0,"32,44","39,44",-135,115,-1.5,-105,-115,145.5,-110,-110
ncaab:401082637,ncaab,2019-02-23T17:00Z,final,228,103,Clemson,Boston College,76,66,-714,500,,0,,,-11.0,-110,-110,,,,,2,,0,Clemson,SC,1,221,,,,-5.0,"33,43","29,37",-385,318,-6.0,-115,-105,130.5,-117,-103
ncaab:401082776,ncaab,2019-02-23T17:00Z,final,97,258,Louisville,Virginia,52,64,200,-239,,0,,,5.0,-105,-111,,,,,2,,0,Louisville,KY,1,142,,,,-5.0,"37,15","27,37",155,-185,3.0,-111,-109,124.5,-110,-110
ncaab:401082992,ncaab,2019-02-23T17:00Z,final,99,2633,LSU,Tennessee,82,80,160,-185,,0,,,4.0,-111,-105,,,,,2,,0,Baton Rouge,LA,1,14,,,,-6.0,"31,40,11","36,35,9",120,-140,1.5,-110,-110,153.5,-110,-110
ncaab:401083264,ncaab,2019-02-23T17:00Z,final,2507,269,Providence,Marquette,58,76,138,-159,,0,,,3.0,-121,101,,,,,2,,0,Providence,RI,1,2,,,,-5.0,"20,38","31,45",130,-150,1.5,-110,-110,141.5,-110,-110
ncaab:401083545,ncaab,2019-02-23T17:00Z,final,201,251,Oklahoma,Texas,69,67,-185,160,,0,,,-4.0,-110,-110,,,,,2,,0,Norman,OK,1,357,,,,-6.0,"42,27","28,39",-159,135,-2.0,-110,-110,130.5,-110,-110
ncaab:401084812,ncaab,2019-02-23T17:00Z,final,218,202,Temple,Tulsa,84,73,-425,334,,0,,,-8.5,-110,-110,,,,,2,,0,Philadelphia,PA,1,12,,,,-5.0,"31,53","30,43",-220,180,-3.5,-115,-105,142.0,-110,-110
ncaab:401084066,ncaab,2019-02-23T17:30Z,final,111,119,Northeastern,Towson,73,58,-850,575,,0,,,-12.0,-110,-110,,,,,2,,0,Boston,MA,1,14,,,,-5.0,"28,45","29,29",-420,317,-6.5,-115,-105,133.5,-110,-110
ncaab:401088464,ncaab,2019-02-23T18:00Z,final,2598,112358,Saint Francis,Long Island,66,69,,,,0,,,,,,,,,,2,,0,Loretto,PA,1,595,,,,-5.0,"32,34","38,31",,,,,,,,
ncaab:401088814,ncaab,2019-02-23T18:00Z,final,2643,2535,The Citadel,Samford,87,83,115,-135,,0,,,2.0,-110,-110,,,,,2,,0,Charleston,SC,1,6,,,,-5.0,"27,44,16","37,34,12",110,-130,1.0,-118,-103,167.0,-110,-110
ncaab:401118853,ncaab,2019-02-23T18:00Z,final,295,98,Old Dominion,Western KY,67,63,-217,183,,0,,,-5.0,-109,-107,,,,,2,,0,Norfolk,VA,1,2,,,,-5.0,"26,41","21,42",-170,150,-2.5,-110,-110,131.0,-110,-110
ncaab:401083137,ncaab,2019-02-23T18:30Z,final,96,2,Kentucky,Auburn,80,53,-401,320,,0,,,-8.0,-105,-115,,,,,2,,0,Lexington,KY,1,295,,,,-5.0,"45,35","31,22",-222,180,-4.0,-115,-105,144.0,-105,-115
ncaab:401082442,ncaab,2019-02-23T19:00Z,final,120,194,Maryland,Ohio State,72,62,-275,226,,0,,,-6.0,-110,-110,,,,,2,,0,College Park,MD,1,21,,,,-5.0,"33,39","28,34",-189,160,-3.0,-110,-110,126.0,105,-126
ncaab:401082529,ncaab,2019-02-23T19:00Z,final,158,2509,Nebraska,Purdue,72,75,215,-265,,0,,,6.0,-109,-111,,,,,2,,0,Lincoln,NE,1,367,,,,-6.0,"36,36","38,37",160,-196,3.0,-110,-110,137.5,-110,-110
ncaab:401082894,ncaab,2019-02-23T19:00Z,final,2390,59,Miami,Georgia Tech,80,65,-325,265,,0,,,-7.0,-110,-110,,,,,2,,0,Coral Gables,FL,1,3,,,,-5.0,"39,41","23,42",-222,180,-4.0,-110,-110,127.5,-110,-110
ncaab:401083397,ncaab,2019-02-23T19:00Z,final,239,277,Baylor,West Virginia,82,75,-900,614,,0,,,-12.0,-110,-110,,,,,2,,0,Waco,TX,1,143,,,,-6.0,"37,45","40,35",-450,360,-7.0,-110,-110,136.5,-110,-110
ncaab:401083421,ncaab,2019-02-23T19:00Z,final,2628,66,TCU,Iowa State,75,72,112,-132,,0,,,2.0,-113,-107,,,,,2,,0,Fort Worth,TX,1,199,,,,-6.0,"36,39","28,44",105,-125,0.5,-105,-115,150.5,-110,-110
ncaab:401084016,ncaab,2019-02-23T19:00Z,final,2006,193,Akron,Miami OH,70,58,-250,210,,0,,,-6.0,-110,-110,,,,,2,,0,Akron,OH,1,291,,,,-5.0,"37,33","27,31",-189,160,-3.0,-110,-110,127.5,-123,102
ncaab:401085673,ncaab,2019-02-23T19:00Z,final,2325,257,La Salle,Richmond,75,84,-132,112,,0,,,-2.0,-110,-110,,,,,2,,0,Philadelphia,PA,1,12,,,,-5.0,"43,32","44,40",-130,110,-1.0,-107,-113,143.0,-110,-110
ncaab:401085693,ncaab,2019-02-23T19:00Z,final,113,2603,UMass,Saint Joseph's,80,79,,,,0,,,,,,,,,,2,,0,Amherst,MA,1,82,,,,-5.0,"37,43","54,25",,,,,,,,
ncaab:401085748,ncaab,2019-02-23T19:00Z,final,2670,45,VCU,G Washington,85,57,,,,0,,,,,,,,,,2,,0,Richmond,VA,1,64,,,,-5.0,"43,42","40,17",,,,,,,,
ncaab:401086275,ncaab,2019-02-23T19:00Z,final,2050,2117,Ball State,C Michigan,57,64,,,,0,,,,,,,,,,2,,0,Muncie,IN,1,284,,,,-5.0,"34,23","23,41",,,,,,,,
ncaab:401086559,ncaab,2019-02-23T19:00Z,final,2066,261,Binghamton,Vermont,63,69,925,-1400,,0,,,14.5,-112,-104,,,,,2,,0,Binghamton,NY,1,264,,,,-5.0,"27,36","33,36",,,,,,134.0,-110,-110
ncaab:401087452,ncaab,2019-02-23T19:00Z,final,2199,2711,E Michigan,W Michigan,77,76,,,,0,,,,,,,,,,2,,0,Ypsilanti,MI,1,219,,,,-5.0,"33,30,14","34,29,13",,,,,,,,
ncaab:401088046,ncaab,2019-02-23T19:00Z,final,2026,290,App State,GA Southern,69,92,,,,0,,,,,,,,,,2,,0,Boone,NC,1,981,,,,-5.0,"34,35","52,40",,,,,,,,
ncaab:401088109,ncaab,2019-02-23T19:00Z,final,324,2247,Coastal,Georgia St,95,82,105,-125,,0,,,1.5,-110,-110,,,,,2,,0,Conway,SC,1,10,,,,-5.0,"58,37","33,49",100,-120,0.5,-110,-110,148.0,-110,-110
ncaab:401088351,ncaab,2019-02-23T19:00Z,final,2737,2127,Winthrop,Charleston So,80,78,-280,240,,0,,,-6.5,-110,-110,,,,,2,,0,Rock Hill,SC,1,207,,,,-5.0,"35,33,3,9","32,36,3,7",,,,,,161.5,-110,-110
ncaab:401088393,ncaab,2019-02-23T19:00Z,final,2142,2426,Colgate,Navy,93,71,-1000,700,,0,,,-13.0,-108,-108,,,,,2,,0,Hamilton,NY,1,181,,,,-5.0,"52,41","32,39",,,,,,140.5,-110,-110
ncaab:401089328,ncaab,2019-02-23T19:00Z,final,71,339,Bradley,Evansville,63,61,-251,210,,0,,,-5.5,-110,-110,,,,,2,,0,Peoria,IL,1,153,,,,-6.0,"30,33","25,36",-188,153,-3.0,-110,-110,137.0,-110,-110
ncaab:401089329,ncaab,2019-02-23T19:00Z,final,2623,282,Missouri St,Indiana St,67,61,-285,243,,0,,,-6.5,-110,-110,,,,,2,,0,Springfield,MO,1,396,,,,-6.0,"25,42","22,39",-207,168,-3.0,-121,-100,127.5,-110,-110
ncaab:401089658,ncaab,2019-02-23T19:00Z,final,36,2751,Colorado St,Wyoming,83,48,-630,465,,0,,,-10.5,-110,-110,,,,,2,,0,Fort Collins,CO,1,1525,,,,-7.0,"40,43","19,29",-365,295,-6.0,-105,-115,141.0,-106,-114
ncaab:401083240,ncaab,2019-02-23T19:30Z,final,156,46,Creighton,Georgetown,82,69,-260,215,,0,,,-6.0,-105,-115,,,,,2,,0,Omaha,NE,1,323,,,,-6.0,"40,42","34,35",-200,170,-3.0,-110,-110,160.0,-110,-110
ncaab:401087953,ncaab,2019-02-23T20:00Z,final,250,2433,UT Arlington,UL Monroe,91,86,,,,0,,,,,,,,,,2,,0,Arlington,TX,1,184,,,,-6.0,"36,33,9,13","26,43,9,8",,,,,,,,
ncaab:401088350,ncaab,2019-02-23T20:00Z,final,2344,2097,Longwood,Campbell,72,74,158,-180,,0,,,4.0,-110,-110,,,,,2,,0,Farmville,VA,1,90,,,,-5.0,"28,44","38,36",,,,,,139.0,-110,-110
ncaab:401088506,ncaab,2019-02-23T20:00Z,final,2473,2174,Oakland,Detroit Mercy,95,75,-250,200,,0,,,-5.5,-110,-110,,,,,2,,0,Rochester,MI,1,229,,,,-5.0,"45,50","36,39",-185,160,-3.0,-105,-115,155.5,-110,-110
ncaab:401089954,ncaab,2019-02-23T20:00Z,final,2750,2754,Wright St,Youngstown St,82,54,-776,555,,0,,,-11.5,-110,-110,,,,,2,,0,Dayton,OH,1,225,,,,-5.0,"49,33","27,27",-403,306,-6.5,-110,-110,143.5,-110,-110
ncaab:401118854,ncaab,2019-02-23T20:00Z,final,2572,5,Southern Miss,UAB,72,76,-235,200,,0,,,-5.5,-105,-115,,,,,2,,0,Hattiesburg,MS,1,52,,,,-6.0,"29,35,8","25,39,12",-176,144,-3.0,-105,-115,132.5,-110,-110
ncaab:401083102,ncaab,2019-02-23T20:30Z,final,145,61,Ole Miss,Georgia,72,71,-600,450,,0,,,-10.0,-115,-105,,,,,2,,0,Oxford,MS,1,154,,,,-6.0,"39,33","29,42",-312,255,-5.5,-110,-110,147.0,-109,-111
ncaab:401083676,ncaab,2019-02-23T20:30Z,final,279,2351,Pacific,LMU,56,63,,,,0,,,,,,,,,,2,,0,Stockton,CA,1,4,,,,-8.0,"23,33","26,37",,,,,,,,
ncaab:401087493,ncaab,2019-02-23T20:30Z,final,2115,2529,C Connecticut,Sacred Heart,66,80,,,,0,,,,,,,,,,2,,0,New Britain,CT,1,51,,,,-5.0,"35,31","42,38",,,,,,,,
ncaab:401082713,ncaab,2019-02-23T20:45Z,final,153,52,North Carolina,Florida St,77,59,-323,260,,0,,,-7.0,-110,-110,,,,,2,,0,Chapel Hill,NC,1,148,,,,-5.0,"37,40","34,25",-220,180,-4.0,-105,-115,160.5,-110,-110
ncaab:401082760,ncaab,2019-02-23T21:00Z,final,87,259,Notre Dame,Virginia Tech,59,67,160,-185,,0,,,4.0,-110,-110,,,,,2,,0,South Bend,IN,1,211,,,,-5.0,"23,36","30,37",135,-155,2.0,-105,-115,133.0,-110,-110
ncaab:401083059,ncaab,2019-02-23T21:00Z,final,57,142,Florida,Missouri,64,60,-577,437,,0,,,-10.0,-114,-106,,,,,2,,0,Gainesville,FL,1,54,,,,-5.0,"24,40","33,27",-312,255,-5.5,-110,-110,124.5,-110,-110
ncaab:401083445,ncaab,2019-02-23T21:00Z,final,2306,197,Kansas St,Oklahoma St,85,46,-575,436,,0,,,-10.0,-105,-115,,,,,2,,0,Manhattan,KS,1,311,,,,-6.0,"42,43","18,28",-300,250,-5.0,-115,-105,123.0,-110,-110
ncaab:401083880,ncaab,2019-02-23T21:00Z,final,2275,256,Hofstra,James Madison,99,104,-1360,960,,0,,,-14.0,-110,-110,,,,,2,,0,Hempstead,NY,1,17,,,,-5.0,"32,57,10","40,49,15",-588,450,-8.0,-110,-110,148.0,-110,-110
ncaab:401084040,ncaab,2019-02-23T21:00Z,final,2729,350,William & Mary,UNC Wilmington,71,63,-285,234,,0,,,-6.5,-110,-110,,,,,2,,0,Williamsburg,VA,1,25,,,,-5.0,"37,34","30,33",-208,175,-3.5,-110,-110,158.0,-110,-110
ncaab:401085615,ncaab,2019-02-23T21:00Z,final,2168,139,Dayton,Saint Louis,70,62,-275,235,,0,,,-6.0,-110,-110,,,,,2,,0,Dayton,OH,1,225,,,,-5.0,"22,48","21,41",-187,152,-3.0,-110,-110,131.5,-110,-110
ncaab:401085641,ncaab,2019-02-23T21:00Z,final,2244,2184,George Mason,Duquesne,78,79,-222,180,,0,,,-5.0,-110,-110,,,,,2,,0,Fairfax,VA,1,131,,,,-5.0,"42,36","34,45",-170,150,-2.5,-125,105,144.0,-110,-110
ncaab:401086215,ncaab,2019-02-23T21:00Z,final,2547,2130,Seattle U,Chicago St,77,57,-5000,2500,,0,,,-22.0,-113,-104,,,,,2,,0,Seattle,WA,1,56,,,,-8.0,"33,44","27,30",,,,,,137.5,-110,-110
ncaab:401086781,ncaab,2019-02-23T21:00Z,final,56,2453,Stetson,North Alabama,63,60,,,,0,,,,,,,,,,2,,0,DeLand,FL,1,12,,,,-5.0,"34,29","29,31",,,,,,,,
ncaab:401086954,ncaab,2019-02-23T21:00Z,final,2464,331,N Arizona,E Washington,73,86,,,,0,,,,,,,,,,2,,0,Flagstaff,AZ,1,2104,,,,-7.0,"29,44","41,45",,,,,,,,
ncaab:401086955,ncaab,2019-02-23T21:00Z,final,253,70,Southern Utah,Idaho,85,76,-2000,1250,,0,,,-16.5,-110,-110,,,,,2,,0,Cedar City,UT,1,1782,,,,-7.0,"43,42","34,42",-698,478,-10.0,-110,-110,140.0,-117,-104
ncaab:401088442,ncaab,2019-02-23T21:00Z,final,2803,116,Bryant,Mount St Marys,81,58,-132,112,,0,,,-2.0,-105,-111,,,,,2,,0,Smithfield,RI,1,84,,,,-5.0,"40,41","18,40",,,,,,143.5,-115,-115
ncaab:401088789,ncaab,2019-02-23T21:00Z,final,2382,236,Mercer,Chattanooga,74,69,-330,270,,0,,,-7.0,-115,-105,,,,,2,,0,Macon,GA,1,112,,,,-5.0,"34,40","42,27",-225,185,-4.0,-105,-115,140.0,-110,-110
ncaab:401088850,ncaab,2019-02-23T21:00Z,final,231,2747,Furman,Wofford,64,72,-120,100,,0,,,-1.0,-110,-110,,,,,2,,0,Greenville,SC,1,307,,,,-5.0,"28,36","39,33",-115,-105,-0.5,-105,-115,138.0,-110,-110
ncaab:401089031,ncaab,2019-02-23T21:00Z,final,155,2172,North Dakota,Denver,81,63,-220,180,,0,,,-5.0,-107,-113,,,,,2,,0,Grand Forks,ND,1,253,,,,-6.0,"44,37","30,33",-177,145,-2.5,-115,-105,142.5,-110,-110
ncaab:401089453,ncaab,2019-02-23T21:00Z,final,2377,2443,McNeese,LSU N Orleans,51,60,,,,0,,,,,,,,,,2,,0,Lake Charles,LA,1,4,,,,-6.0,"33,18","24,36",,,,,,,,
ncaab:401089597,ncaab,2019-02-23T21:00Z,final,2005,23,Air Force,San José St,82,68,-1126,733,,0,,,-13.5,-115,-105,,,,,2,,0,Colorado Springs,CO,1,1832,,,,-7.0,"48,34","25,43",-457,340,-7.5,104,-127,139.5,-110,-110
ncaab:401089615,ncaab,2019-02-23T21:00Z,final,68,328,Boise St,Utah State,71,78,150,-179,,0,,,3.5,-110,-110,,,,,2,,0,Boise,ID,1,823,,,,-7.0,"30,38,3","37,31,10",120,-141,1.5,-116,-104,138.0,-110,-110
ncaab:401089973,ncaab,2019-02-23T21:00Z,final,50,2065,Florida A&M,Bethune,54,67,,,,0,,,,,,,,,,2,,0,Tallahassee,FL,1,62,,,,-5.0,"24,30","28,39",,,,,,,,
ncaab:401089988,ncaab,2019-02-23T21:00Z,final,2154,47,Coppin St,Howard,73,74,115,-135,,0,,,2.0,-110,-110,,,,,2,,0,Baltimore,MD,1,10,,,,-5.0,"34,39","37,37",,,,,,151.5,-110,-110
ncaab:401090267,ncaab,2019-02-23T21:00Z,final,2169,2379,Delaware St,MD Eastern,56,62,,,,0,,,,,,,,,,2,,0,Dover,DE,1,9,,,,-5.0,"28,28","24,38",,,,,,,,
ncaab:401090289,ncaab,2019-02-23T21:00Z,final,2415,2450,Morgan St,Norfolk St,74,75,135,-155,,0,,,3.0,-110,-106,,,,,2,,0,Baltimore,MD,1,10,,,,-5.0,"41,33","45,30",,,,,,148.5,-110,-110
ncaab:401090332,ncaab,2019-02-23T21:00Z,final,2448,2569,NC A&T,SC State,63,62,,,,0,,,,,,,,,,2,,0,Greensboro,NC,1,266,,,,-5.0,"30,33","35,27",,,,,,,,
ncaab:401090389,ncaab,2019-02-23T21:00Z,final,2428,2542,NC Central,Savannah St,78,69,,,,0,,,,,,,,,,2,,0,Durham,NC,1,123,,,,-5.0,"24,54","27,42",,,,,,,,
ncaab:401118855,ncaab,2019-02-23T21:00Z,final,2226,2229,FAU,FIU,76,79,,,,0,,,,,,,,,,2,,0,Boca Raton,FL,1,4,,,,-5.0,"26,50","38,41",,,,,,,,
ncaab:401085733,ncaab,2019-02-23T21:30Z,final,2230,179,Fordham,St Bonaventure,53,74,,,,0,,,,,,,,,,2,,0,Bronx,NY,1,28,,,,-5.0,"22,31","32,42",,,,,,,,
ncaab:401088124,ncaab,2019-02-23T21:30Z,final,104,2352,Boston U,Loyola MD,72,65,-220,180,,0,,,-5.0,-107,-109,,,,,2,,0,Boston,MA,1,14,,,,-5.0,"28,44","32,33",,,,,,147.0,-110,-110
ncaab:401088354,ncaab,2019-02-23T21:30Z,final,2427,2506,UNC Asheville,Presbyterian,55,71,415,-525,,0,,,10.0,-105,-115,,,,,2,,0,Asheville,NC,1,649,,,,-5.0,"30,25","29,42",,,,,,136.0,-110,-110
ncaab:401088455,ncaab,2019-02-23T21:30Z,final,161,2681,FDU,Wagner,74,66,,,,0,,,,,,,,,,2,,0,Hackensack,NJ,1,6,,,,-5.0,"31,43","25,41",,,,,,,,
ncaab:401089131,ncaab,2019-02-23T21:30Z,final,357,2320,Texas A&M-CC,Lamar,58,63,-110,-110,,0,,,0.0,-105,-111,,,,,2,,0,Corpus Christi,TX,1,2,,,,-6.0,"22,36","29,34",,,,,,135.0,-117,-113
ncaab:401089202,ncaab,2019-02-23T21:30Z,final,2000,2545,Abilene Chrstn,SE Louisiana,66,75,,,,0,,,,,,,,,,2,,0,Abilene,TX,1,524,,,,-6.0,"29,37","42,33",,,,,,,,
ncaab:401089466,ncaab,2019-02-23T21:30Z,final,2447,2110,Nicholls,C Arkansas,100,57,,,,0,,,,,,,,,,2,,0,Thibodaux,LA,1,4,,,,-6.0,"44,56","25,32",,,,,,,,
ncaab:401083932,ncaab,2019-02-23T22:00Z,final,2182,48,Drexel,Delaware,68,60,-120,100,,0,,,-1.0,-115,-105,,,,,2,,0,Philadelphia,PA,1,12,,,,-5.0,"27,41","21,39",-115,-105,0.0,-105,-115,144.0,-110,-110
ncaab:401086724,ncaab,2019-02-23T22:00Z,final,2454,2335,North Florida,Liberty,75,70,180,-220,,0,,,5.5,-110,-110,,,,,2,,0,Jacksonville,FL,1,5,,,,-5.0,"27,48","30,40",,,,,,141.0,-110,-110
ncaab:401087513,ncaab,2019-02-23T22:00Z,final,2523,2597,Robert Morris,St Francis BK,67,62,,,,0,,,,,,,,,,2,,0,Moon Township,PA,1,358,,,,-5.0,"29,38","37,25",,,,,,,,
ncaab:401087871,ncaab,2019-02-23T22:00Z,final,2032,2031,Arkansas St,Little Rock,72,65,-125,105,,0,,,-1.5,-110,-110,,,,,2,,0,Jonesboro,AR,1,99,,,,-6.0,"34,38","31,34",-115,-105,-0.5,-105,-115,150.0,-110,-110
ncaab:401087919,ncaab,2019-02-23T22:00Z,final,326,309,Texas St,Louisiana,64,62,-250,210,,0,,,-6.0,-101,-116,,,,,2,,0,San Marcos,TX,1,188,,,,-6.0,"35,29","23,39",-185,160,-3.0,-105,-115,146.5,-110,-110
ncaab:401088353,ncaab,2019-02-23T22:00Z,final,2515,2261,Radford,Hampton,71,74,-380,315,,0,,,-8.0,-110,-110,,,,,2,,0,Radford,VA,1,567,,,,-5.0,"32,39","37,37",,,,,,152.5,-115,-115
ncaab:401089159,ncaab,2019-02-23T22:00Z,final,2449,2437,N Dakota St,Omaha,50,58,,,,0,,,,,,,,,,2,,0,Fargo,ND,1,276,,,,-6.0,"28,22","20,38",,,,,,,,
ncaab:401089433,ncaab,2019-02-23T22:00Z,final,2571,233,S Dakota St,South Dakota,94,89,,,,0,,,,,,,,,,2,,0,Brookings,SD,1,494,,,,-6.0,"44,50","55,34",,,,,,,,
ncaab:401089546,ncaab,2019-02-23T22:00Z,final,2046,2630,Austin Peay,UT Martin,92,78,,,,0,,,,,,,,,,2,,0,Clarksville,TN,1,145,,,,-6.0,"40,52","42,36",,,,,,,,
ncaab:401090124,ncaab,2019-02-23T22:00Z,final,55,2198,Jax State,E Kentucky,104,101,,,,0,,,,,,,,,,2,,0,Jacksonville,AL,1,216,,,,-6.0,"45,37,10,12","41,41,10,9",,,,,,,,
ncaab:401087977,ncaab,2019-02-23T22:15Z,final,2653,6,Troy,South Alabama,52,68,-120,100,,0,,,-1.0,-115,-105,,,,,2,,0,Troy,AL,1,165,,,,-6.0,"22,30","32,36",-115,-105,-0.5,-110,-110,143.0,-110,-110
ncaab:401086600,ncaab,2019-02-23T22:30Z,final,2349,42,UMass Lowell,Hartford,73,75,-110,-110,,0,,,0.0,-110,-110,,,,,2,,0,Lowell,MA,1,36,,,,-5.0,"39,34","43,32",,,,,,156.0,-110,-110
ncaab:401089152,ncaab,2019-02-23T22:30Z,final,2617,2916,SF Austin,Incarnate Word,81,54,,,,0,,,,,,,,,,2,,0,Nacogdoches,TX,1,92,,,,-6.0,"41,40","24,30",,,,,,,,
ncaab:401082690,ncaab,2019-02-23T23:00Z,final,183,150,Syracuse,Duke,65,75,196,-235,,0,,,5.0,-108,-108,,,,,2,,0,Syracuse,NY,1,121,,,,-5.0,"34,31","29,46",162,-199,3.0,-110,-110,144.5,-110,-110
ncaab:401082943,ncaab,2019-02-23T23:00Z,final,333,238,Alabama,Vanderbilt,68,61,-425,334,,0,,,-8.5,-108,-113,,,,,2,,0,Tuscaloosa,AL,1,68,,,,-6.0,"35,33","20,41",-258,206,-4.5,-113,-107,135.5,-110,-110
ncaab:401083040,ncaab,2019-02-23T23:00Z,final,344,2579,Mississippi St,South Carolina,76,61,-500,384,,0,,,-9.5,-110,-110,,,,,2,,0,Starkville,MS,1,101,,,,-6.0,"29,47","36,25",-310,255,-5.5,-110,-110,148.0,-110,-110
ncaab:401084813,ncaab,2019-02-23T23:00Z,final,248,58,Houston,South Florida,71,59,-1000,650,,0,,,-12.0,-110,-110,,,,,2,,0,Houston,TX,1,12,,,,-6.0,"34,37","26,33",-450,360,-7.0,-110,-110,131.0,-110,-110
ncaab:401086216,ncaab,2019-02-23T23:00Z,final,166,292,New Mexico St,UT Rio Grande,88,79,,,,0,,,,,,,,,,2,,0,Las Cruces,NM,1,1191,,,,-7.0,"45,43","32,47",,,,,,,,
ncaab:401086701,ncaab,2019-02-23T23:00Z,final,294,2885,Jacksonville,NJIT,73,77,,,,0,,,,,,,,,,2,,0,Jacksonville,FL,1,5,,,,-5.0,"32,41","37,40",,,,,,,,
ncaab:401087133,ncaab,2019-02-23T23:00Z,final,30,204,USC,Oregon St,62,67,-141,120,,0,,,-2.0,-115,-105,,,,,2,,0,Los Angeles,CA,1,89,,,,-8.0,"27,35","31,36",-130,110,-1.0,-110,-110,144.0,-110,-110
ncaab:401087391,ncaab,2019-02-23T23:00Z,final,2649,2459,Toledo,N Illinois,57,54,-525,415,,0,,,-10.0,-110,-110,,,,,2,,0,Toledo,OH,1,186,,,,-5.0,"21,36","23,31",-310,255,-5.0,-115,-105,144.0,-110,-110
ncaab:401087893,ncaab,2019-02-23T23:00Z,final,225,159,Brown,Dartmouth,68,65,-258,215,,0,,,-5.5,-110,-110,,,,,2,,0,Providence,RI,1,2,,,,-5.0,"31,37","30,35",-195,170,-3.0,-115,-105,142.5,-110,-110
ncaab:401088600,ncaab,2019-02-23T23:00Z,final,2504,2400,Prairie View,Miss Valley St,69,63,,,,0,,,,,,,,,,2,,0,Prairie View,TX,1,82,,,,-6.0,"30,39","39,24",,,,,,,,
ncaab:401090089,ncaab,2019-02-23T23:00Z,final,2057,2565,Belmont,SIUE,97,75,,,,0,,,,,,,,,,2,,0,Nashville,TN,1,170,,,,-6.0,"52,45","43,32",,,,,,,,
ncaab:401118857,ncaab,2019-02-23T23:00Z,final,2393,2429,MTSU,Charlotte,86,67,,,,0,,,,,,,,,,2,,0,Murfreesboro,TN,1,186,,,,-6.0,"48,38","32,35",,,,,,,,
ncaab:401088923,ncaab,2019-02-23T23:30Z,final,2016,2011,Alcorn St,Alabama St,74,69,145,-165,,0,,,3.5,-110,-110,,,,,2,,0,Lorman,MS,1,66,,,,-6.0,"31,30,13","34,27,8",,,,,,132.5,-110,-110
ncaab:401089004,ncaab,2019-02-23T23:30Z,final,2296,2755,Jackson St,Grambling,71,60,105,-125,,0,,,1.5,-110,-110,,,,,2,,0,Jackson,MS,1,85,,,,-6.0,"38,33","24,36",,,,,,126.0,-110,-110
ncaab:401083906,ncaab,2019-02-24T00:00Z,final,2210,232,Elon,Charleston,74,84,335,-420,,0,,,8.5,-110,-110,,,,,2,,0,Elon,NC,1,215,,,,-5.0,"31,43","39,45",225,-265,4.5,-110,-110,143.0,-110,-110
ncaab:401086533,ncaab,2019-02-24T00:00Z,final,399,2378,UAlbany,UMBC,84,75,,,,0,,,,,,,,,,2,,0,Albany,NY,1,45,,,,-5.0,"46,38","28,47",,,,,,,,
ncaab:401086618,ncaab,2019-02-24T00:00Z,final,2619,311,Stony Brook,Maine,81,53,-700,500,,0,,,-11.0,-105,-115,,,,,2,,0,Stony Brook,NY,1,27,,,,-5.0,"43,38","23,30",,,,,,132.5,-116,-104
ncaab:401086675,ncaab,2019-02-24T00:00Z,final,526,338,FGCU,Kennesaw St,78,56,,,,0,,,,,,,,,,2,,0,Fort Myers,FL,1,3,,,,-5.0,"42,36","20,36",,,,,,,,
ncaab:401088032,ncaab,2019-02-24T00:00Z,final,219,172,Penn,Cornell,68,50,-360,289,,0,,,-7.5,-110,-110,,,,,2,,0,Philadelphia,PA,1,12,,,,-5.0,"30,38","32,18",-235,195,-4.0,-110,-110,143.5,-110,-110
ncaab:401088204,ncaab,2019-02-24T00:00Z,final,43,108,Yale,Harvard,86,88,-265,215,,0,,,-6.0,-104,-116,,,,,2,,0,New Haven,CT,1,18,,,,-5.0,"44,42","43,45",-190,165,-3.0,-115,-105,142.5,100,-120
ncaab:401088352,ncaab,2019-02-24T00:00Z,final,2272,2241,High Point,Gardner-Webb,87,79,-155,135,,0,,,-3.0,100,-120,,,,,2,,0,High Point,NC,1,281,,,,-5.0,"48,39","39,40",,,,,,134.0,-110,-110
ncaab:401088488,ncaab,2019-02-24T00:00Z,final,94,325,N Kentucky,Cleveland St,77,83,-1536,904,,0,,,-16.0,-105,-115,,,,,2,,0,Highland Heights,KY,1,260,,,,-5.0,"34,43","36,47",-736,498,-9.0,-110,-110,150.0,-110,-110
ncaab:401088831,ncaab,2019-02-24T00:30Z,final,2717,2678,W Carolina,VMI,78,83,,,,0,,,,,,,,,,2,,0,Cullowhee,NC,1,645,,,,-5.0,"43,35","39,44",,,,,,,,
ncaab:401083335,ncaab,2019-02-24T01:00Z,final,2599,2550,St John's,Seton Hall,78,70,,,,0,,,,,,,,,,2,,0,New York,NY,1,10,,,,-5.0,"38,40","20,50",,,,,,,,
ncaab:401083490,ncaab,2019-02-24T01:00Z,final,2641,2305,Texas Tech,Kansas,91,62,-208,175,,0,,,-4.5,-115,-105,,,,,2,,0,Lubbock,TX,1,976,,,,-6.0,"45,46","20,42",-175,155,-2.5,-110,-110,134.0,-110,-110
ncaab:401083701,ncaab,2019-02-24T01:00Z,final,2492,2501,Pepperdine,Portland,86,80,-750,525,,0,,,-11.5,-105,-115,,,,,2,,0,Malibu,CA,1,32,,,,-8.0,"35,51","38,42",-400,325,-6.5,-110,-110,144.0,-110,-110
ncaab:401084814,ncaab,2019-02-24T01:00Z,final,2655,151,Tulane,East Carolina,81,85,-125,105,,0,,,-1.5,-110,-110,,,,,2,,0,New Orleans,LA,1,0,,,,-6.0,"53,28","47,38",-125,105,-1.0,-105,-115,139.0,-110,-110
ncaab:401084815,ncaab,2019-02-24T01:00Z,final,2724,235,Wichita St,Memphis,85,88,-200,170,,0,,,-4.5,-110,-110,,,,,2,,0,Wichita,KS,1,396,,,,-6.0,"40,45","36,52",-159,135,-2.0,-115,-105,156.5,-105,-115
ncaab:401087176,ncaab,2019-02-24T01:00Z,final,265,254,Washington St,Utah,79,92,112,-132,,0,,,1.5,-105,-115,,,,,2,,0,Pullman,WA,1,717,,,,-8.0,"43,36","45,47",103,-124,0.5,-105,-115,155.0,-110,-110
ncaab:401087277,ncaab,2019-02-24T01:00Z,final,27,299,UC Riverside,Long Beach St,67,71,105,-125,,0,,,1.5,-110,-110,,,,,2,,0,Riverside,CA,1,252,,,,-8.0,"32,27,8","26,33,12",110,-130,1.0,-115,-105,145.5,-110,-110
ncaab:401087956,ncaab,2019-02-24T01:00Z,final,163,171,Princeton,Columbia,79,61,-305,245,,0,,,-6.5,-106,-110,,,,,2,,0,Princeton,NJ,1,62,,,,-5.0,"34,45","29,32",-208,175,-3.5,-110,-110,132.5,-101,-120
ncaab:401089330,ncaab,2019-02-24T01:00Z,final,2460,2674,Northern Iowa,Valparaiso,64,53,-260,215,,0,,,-5.5,-113,-103,,,,,2,,0,Cedar Falls,IA,1,268,,,,-6.0,"30,34","23,30",-189,160,-3.0,-110,-110,124.5,-110,-110
ncaab:401089381,ncaab,2019-02-24T01:00Z,final,2534,2277,Sam Houston,Hou Christian,119,113,,,,0,,,,,,,,,,2,,0,Huntsville,TX,1,113,,,,-6.0,"51,44,13,11","32,63,13,5",,,,,,,,
ncaab:401089405,ncaab,2019-02-24T01:00Z,final,2710,198,W Illinois,Oral Roberts,75,66,,,,0,,,,,,,,,,2,,0,Macomb,IL,1,215,,,,-6.0,"37,38","25,41",,,,,,,,
ncaab:401089673,ncaab,2019-02-24T01:00Z,final,2440,278,Nevada,Fresno St,74,68,-1100,711,,0,,,-13.5,-115,-105,,,,,2,,0,Reno,NV,1,1373,,,,-8.0,"42,32","39,29",-525,415,-7.5,-110,-110,146.5,-110,-110
ncaab:401090160,ncaab,2019-02-24T01:00Z,final,93,2546,Murray St,SE Missouri,103,67,,,,0,,,,,,,,,,2,,0,Murray,KY,1,163,,,,-6.0,"51,52","26,41",,,,,,,,
ncaab:401118856,ncaab,2019-02-24T01:00Z,final,2348,249,Louisiana Tech,North Texas,66,53,-145,125,,0,,,-2.5,-110,-110,,,,,2,,0,Ruston,LA,1,102,,,,-6.0,"20,46","34,19",-141,120,-1.5,-110,-110,130.5,-110,-110
ncaab:401082544,ncaab,2019-02-24T01:30Z,final,77,275,Northwestern,Wisconsin,64,69,195,-233,,0,,,5.0,-110,-110,,,,,2,,0,Evanston,IL,1,187,,,,-6.0,"32,32","31,38",145,-165,2.0,-105,-115,119.5,-110,-110
ncaab:401083018,ncaab,2019-02-24T01:30Z,final,8,245,Arkansas,Texas A&M,80,87,-235,195,,0,,,-5.5,-111,-105,,,,,2,,0,Fayetteville,AR,1,427,,,,-6.0,"37,43","38,49",-188,153,-3.0,-110,-110,147.5,-110,-110
ncaab:401088549,ncaab,2019-02-24T01:30Z,final,2640,2029,Texas Southern,AR-Pine Bluff,94,74,,,,0,,,,,,,,,,2,,0,Houston,TX,1,12,,,,-6.0,"43,51","34,40",,,,,,,,
ncaab:401088583,ncaab,2019-02-24T01:30Z,final,2582,2010,Southern,Alabama A&M,59,49,-200,170,,0,,,-4.5,-110,-110,,,,,2,,0,Baton Rouge,LA,1,14,,,,-6.0,"36,23","28,21",,,,,,132.5,-108,-113
ncaab:401090108,ncaab,2019-02-24T01:30Z,final,2634,2197,Tennessee St,E Illinois,75,60,,,,0,,,,,,,,,,2,,0,Nashville,TN,1,170,,,,-6.0,"39,36","29,31",,,,,,,,
ncaab:401090148,ncaab,2019-02-24T01:30Z,final,2635,2413,Tennessee Tech,Morehead St,63,66,135,-155,,0,,,3.0,-110,-110,,,,,2,,0,Cookeville,TN,1,334,,,,-6.0,"37,26","30,36",120,-150,1.5,-110,-110,137.5,-110,-110
ncaab:401083744,ncaab,2019-02-24T02:00Z,final,301,2608,San Diego,Saint Mary's,46,66,116,-136,,0,,,2.0,-110,-110,,,,,2,,0,San Diego,CA,1,20,,,,-8.0,"20,26","29,37",115,-135,1.0,-105,-115,131.0,-110,-110
ncaab:401086217,ncaab,2019-02-24T02:00Z,final,3084,140,Utah Valley,Kansas City,79,67,-700,500,,0,,,-11.0,-110,-110,,,,,2,,0,Orem,UT,1,1455,,,,-7.0,"39,40","33,34",,,,,,143.5,-110,-110
ncaab:401086956,ncaab,2019-02-24T02:00Z,final,149,147,Montana,Montana St,89,83,-630,465,,0,,,-10.5,-110,-110,,,,,2,,0,Missoula,MT,1,978,,,,-7.0,"49,40","40,43",-370,310,-6.0,-110,-110,153.0,-110,-110
ncaab:401118858,ncaab,2019-02-24T02:00Z,final,2638,242,UTEP,Rice,81,85,-155,135,,0,,,-3.0,-104,-112,,,,,2,,0,El Paso,TX,1,1133,,,,-7.0,"37,26,10,8","20,43,10,12",-141,120,-1.5,-110,-110,140.0,-110,-110
ncaab:401083625,ncaab,2019-02-24T03:00Z,final,2250,252,Gonzaga,BYU,102,68,-3494,1409,,0,,,-19.5,-110,-110,,,,,2,,0,Spokane,WA,1,571,,,,-8.0,"51,51","38,30",-1100,700,-11.5,-110,-110,154.5,-110,-110
ncaab:401085317,ncaab,2019-02-24T03:00Z,final,13,62,Cal Poly,Hawai'i,88,80,,,,0,,,,,,,,,,2,,0,San Luis Obispo,CA,1,71,,,,-8.0,"38,50","40,40",,,,,,,,
ncaab:401085342,ncaab,2019-02-24T03:00Z,final,2463,302,CSU Northridge,UC Davis,81,76,,,,0,,,,,,,,,,2,,0,Northridge,CA,1,246,,,,-8.0,"34,30,17","36,28,12",,,,,,,,
ncaab:401086218,ncaab,2019-02-24T03:00Z,final,2934,2856,Bakersfield,CA Baptist,58,72,,,,0,,,,,,,,,,2,,0,Bakersfield,CA,1,123,,,,-8.0,"33,25","44,28",,,,,,,,
ncaab:401087116,ncaab,2019-02-24T03:00Z,final,26,2483,UCLA,Oregon,90,83,-120,100,,0,,,-1.5,-105,-115,,,,,2,,0,Los Angeles,CA,1,89,,,,-8.0,"28,62","44,39",-117,-104,-0.5,-110,-110,140.5,-110,-110
ncaab:401087247,ncaab,2019-02-24T03:00Z,final,2540,2239,Santa Barbara,Fullerton,82,67,-190,163,,0,,,-4.5,-105,-111,,,,,2,,0,Santa Barbara,CA,1,15,,,,-8.0,"36,46","26,41",-169,145,-2.5,-110,-110,137.0,-110,-110
ncaab:401089686,ncaab,2019-02-24T03:00Z,final,2439,21,UNLV,San Diego St,59,60,100,-120,,0,,,1.0,-110,-110,,,,,2,,0,Las Vegas,NV,1,610,,,,-8.0,"23,36","31,29",-105,-115,0.5,-115,-105,142.5,-110,-110
ncaab:401086981,ncaab,2019-02-24T03:05Z,final,2502,16,Portland St,Sacramento St,65,57,-160,140,,0,,,-3.0,-110,-110,,,,,2,,0,Portland,OR,1,12,,,,-8.0,"36,29","31,26",-141,120,-1.5,-110,-110,149.5,-109,-111
ncaab:401087095,ncaab,2019-02-24T03:30Z,final,264,38,Washington,Colorado,64,55,-395,315,,0,,,-8.0,-111,-105,,,,,2,,0,Seattle,WA,1,56,,,,-8.0,"35,29","27,28",-265,225,-4.5,-110,-110,135.0,-110,-110
ncaab:401083761,ncaab,2019-02-24T04:00Z,final,2541,2539,Santa Clara,San Francisco,68,65,298,-370,,0,,,7.5,-110,-110,,,,,2,,0,Santa Clara,CA,1,23,,,,-8.0,"33,35","30,35",200,-240,4.0,-115,-105,137.0,-110,-110
ncaab:401084816,ncaab,2019-02-24T17:00Z,final,2116,2567,UCF,SMU,95,48,,,,0,,,,,,,,,,2,,0,Orlando,FL,1,30,,,,-5.0,"41,54","18,30",,,,,,,,
ncaab:401089082,ncaab,2019-02-24T17:00Z,final,2329,107,Lehigh,Holy Cross,71,73,-350,290,,0,,,-7.0,-110,-110,,,,,2,,0,Bethlehem,PA,1,109,,,,-5.0,"35,36","36,37",,,,,,144.0,-115,-105
ncaab:401085924,ncaab,2019-02-24T18:00Z,final,314,2099,Iona,Canisius,87,80,-270,220,,0,,,-6.0,-110,-110,,,,,2,,0,New Rochelle,NY,1,26,,,,-5.0,"37,50","33,47",-195,158,-3.5,-110,-110,153.0,-110,-110
ncaab:401088066,ncaab,2019-02-24T18:00Z,final,349,44,Army,American,66,77,-135,115,,0,,,-2.0,-123,102,,,,,2,,0,West Point,NY,1,47,,,,-5.0,"29,37","35,42",,,,,,140.5,-110,-110
ncaab:401089887,ncaab,2019-02-24T18:00Z,final,85,2739,IU Indy,Green Bay,79,68,-250,207,,0,,,-5.5,-110,-110,,,,,2,,0,Indianapolis,IN,1,218,,,,-5.0,"35,44","37,31",-193,157,-3.0,-110,-110,158.0,-110,-110
ncaab:401083361,ncaab,2019-02-24T18:30Z,final,2752,222,Xavier,Villanova,66,54,215,-259,,0,,,5.5,-110,-110,,,,,2,,0,Cincinnati,OH,1,191,,,,-5.0,"27,39","30,24",170,-195,3.5,-110,-110,140.0,-110,-110
ncaab:401084634,ncaab,2019-02-24T19:00Z,final,41,2132,UConn,Cincinnati,60,64,,,,0,,,,,,,,,,2,,0,Hartford,CT,1,18,,,,-5.0,"29,31","32,32",,,,,,,,
ncaab:401085777,ncaab,2019-02-24T19:00Z,final,2405,2514,Monmouth,Quinnipiac,56,68,-115,-105,,0,,,-1.0,-110,-110,,,,,2,,0,West Long Branch,NJ,1,9,,,,-5.0,"25,31","35,33",-120,100,-0.5,-105,-115,138.5,-108,-112
ncaab:401085990,ncaab,2019-02-24T19:00Z,final,2561,2368,Siena,Marist,67,55,-185,155,,0,,,-4.0,-115,-105,,,,,2,,0,Albany,NY,1,45,,,,-5.0,"31,36","28,27",-159,135,-2.0,-110,-110,122.5,-110,-110
ncaab:401086010,ncaab,2019-02-24T19:00Z,final,2612,315,Saint Peter's,Niagara,78,60,,,,0,,,,,,,,,,2,,0,Jersey City,NJ,1,9,,,,-5.0,"37,41","31,29",,,,,,,,
ncaab:401088137,ncaab,2019-02-24T19:00Z,final,2083,322,Bucknell,Lafayette,118,76,-769,550,,0,,,-11.0,-112,-104,,,,,2,,0,Lewisburg,PA,1,144,,,,-5.0,"63,55","27,49",,,,,,152.5,-110,-110
ncaab:401089331,ncaab,2019-02-24T19:00Z,final,2287,2181,Illinois St,Drake,67,60,-130,110,,0,,,-2.0,-110,-110,,,,,2,,0,Normal,IL,1,244,,,,-6.0,"33,34","24,36",-135,115,-1.5,-105,-115,142.0,-110,-110
ncaab:401088877,ncaab,2019-02-24T20:00Z,final,2430,2193,UNC Greensboro,ETSU,60,59,,,,0,,,,,,,,,,2,,0,Greensboro,NC,1,266,,,,-5.0,"35,25","34,25",,,,,,,,
ncaab:401085970,ncaab,2019-02-24T20:30Z,final,2217,2363,Fairfield,Manhattan,72,59,-225,190,,0,,,-5.0,-110,-106,,,,,2,,0,Fairfield,CT,1,4,,,,-8.0,"36,36","22,37",-178,145,-2.5,-115,-105,120.5,-110,-110
ncaab:401082467,ncaab,2019-02-24T20:45Z,final,130,127,Michigan,Michigan St,70,77,-227,185,,0,,,-4.5,-110,-110,,,,,2,,0,Ann Arbor,MI,1,269,,,,-5.0,"37,33","39,38",-175,155,-2.5,-115,-105,132.5,-110,-110
ncaab:401089332,ncaab,2019-02-24T21:00Z,final,79,2350,S Illinois,Loyola Chicago,63,53,,,,0,,,,,,,,,,2,,0,Carbondale,IL,1,126,,,,-6.0,"29,34","30,23",,,,,,,,
ncaab:401089918,ncaab,2019-02-24T21:12Z,final,82,270,UIC,Milwaukee,74,59,-455,350,,0,,,-8.5,-115,-105,,,,,2,,0,Chicago,IL,1,179,,,,-6.0,"40,34","31,28",-277,220,-5.0,-106,-114,142.5,-110,-110
ncaab:401082737,ncaab,2019-02-24T23:00Z,final,152,154,NC State,Wake Forest,94,74,,,,0,,,,,,,,,,2,,0,Raleigh,NC,1,96,,,,-5.0,"41,53","32,42",,,,,,,,
ncaab:401087054,ncaab,2019-02-24T23:00Z,final,9,25,Arizona St,California,69,59,-1968,1052,,0,,,-17.0,-110,-110,,,,,2,,0,Tempe,AZ,1,360,,,,-7.0,"28,41","34,25",-900,600,-9.5,-110,-110,150.5,-110,-110
ncaab:401082509,ncaab,2019-02-24T23:30Z,final,164,135,Rutgers,Minnesota,68,64,-125,105,,0,,,-1.5,-110,-110,,,,,2,,0,Piscataway,NJ,1,30,,,,-5.0,"28,40","35,29",-120,100,-0.5,-115,-105,134.0,-110,-110
ncaab:401087031,ncaab,2019-02-25T01:00Z,final,12,24,Arizona,Stanford,70,54,-230,192,,0,,,-5.0,-110,-110,,,,,2,,0,Tucson,AZ,1,759,,,,-7.0,"31,39","23,31",-169,139,-2.5,-110,-110,141.0,-110,-110
ncaab:401082714,ncaab,2019-02-26T00:00Z,final,52,87,Florida St,Notre Dame,68,61,-891,618,,0,,,-11.5,-115,-105,,,,,2,,0,Tallahassee,FL,1,62,,,,-5.0,"33,35","33,28",-403,305,-6.5,-110,-110,140.5,-110,-110
ncaab:401090333,ncaab,2019-02-26T00:00Z,final,2428,2569,NC Central,SC State,72,62,,,,0,,,,,,,,,,2,,0,Durham,NC,1,123,,,,-5.0,"41,31","28,34",,,,,,,,
ncaab:401086744,ncaab,2019-02-26T00:30Z,final,288,2885,Lipscomb,NJIT,81,77,,,,0,,,,,,,,,,2,,0,Nashville,TN,1,170,,,,-6.0,"39,42","28,49",,,,,,,,
ncaab:401089989,ncaab,2019-02-26T00:30Z,final,2154,2169,Coppin St,Delaware St,60,70,-385,310,,0,,,-8.0,-115,-105,,,,,2,,0,Baltimore,MD,1,10,,,,-5.0,"26,34","28,42",,,,,,140.5,-110,-110
ncaab:401090290,ncaab,2019-02-26T00:30Z,final,2415,47,Morgan St,Howard,69,75,-120,100,,0,,,0.0,-111,-105,,,,,2,,0,Baltimore,MD,1,10,,,,-5.0,"36,33","27,48",,,,,,157.0,-110,-110
ncaab:401090355,ncaab,2019-02-26T00:30Z,final,2448,2542,NC A&T,Savannah St,63,58,,,,0,,,,,,,,,,2,,0,Greensboro,NC,1,266,,,,-5.0,"25,38","22,36",,,,,,,,
ncaab:401083422,ncaab,2019-02-26T01:00Z,final,66,201,Iowa State,Oklahoma,78,61,-380,303,,0,,,-8.0,-108,-108,,,,,2,,0,Ames,IA,1,287,,,,-6.0,"37,41","36,25",-246,197,-4.5,-102,-118,145.0,-110,-110
ncaab:401088550,ncaab,2019-02-26T01:30Z,final,2640,2400,Texas Southern,Miss Valley St,92,80,,,,0,,,,,,,,,,2,,0,Houston,TX,1,12,,,,-6.0,"48,44","32,48",,,,,,,,
ncaab:401088584,ncaab,2019-02-26T01:30Z,final,2582,2011,Southern,Alabama St,57,60,-103,-117,,0,,,1.0,-110,-106,,,,,2,,0,Baton Rouge,LA,1,14,,,,-6.0,"30,27","27,33",,,,,,133.0,-110,-110
ncaab:401088601,ncaab,2019-02-26T01:30Z,final,2504,2029,Prairie View,AR-Pine Bluff,48,44,,,,0,,,,,,,,,,2,,0,Prairie View,TX,1,82,,,,-6.0,"26,22","23,21",,,,,,,,
ncaab:401088942,ncaab,2019-02-26T01:30Z,final,2016,2010,Alcorn St,Alabama A&M,61,55,-230,190,,0,,,-5.5,-110,-110,,,,,2,,0,Lorman,MS,1,66,,,,-6.0,"29,32","25,30",,,,,,125.5,-110,-110
ncaab:401083446,ncaab,2019-02-26T02:00Z,final,2305,2306,Kansas,Kansas St,64,49,-210,175,,0,,,-4.5,-111,-105,,,,,2,,0,Lawrence,KS,1,263,,,,-6.0,"34,30","27,22",-160,140,-2.0,-115,-105,135.0,-113,-107
ncaab:401086958,ncaab,2019-02-26T02:00Z,final,149,2458,Montana,N Colorado,72,74,-255,215,,0,,,-5.5,-110,-110,,,,,2,,0,Missoula,MT,1,978,,,,-7.0,"32,40","35,39",-182,152,-3.0,-110,-110,141.5,-110,-110
ncaab:401082414,ncaab,2019-02-27T00:00Z,final,194,2294,Ohio State,Iowa,90,70,-168,148,,0,,,-3.5,-110,-110,,,,,2,,0,Columbus,OH,1,235,,,,-5.0,"36,54","33,37",-150,130,-2.0,-105,-115,138.5,-110,-110
ncaab:401082691,ncaab,2019-02-27T00:00Z,final,259,150,Virginia Tech,Duke,77,72,150,-170,,0,,,3.0,-110,-110,,,,,2,,0,Blacksburg,VA,1,633,,,,-5.0,"37,40","34,38",130,-150,1.5,-105,-115,143.0,-110,-110
ncaab:401082738,ncaab,2019-02-27T00:00Z,final,154,2390,Wake Forest,Miami,76,75,199,-237,,0,,,5.5,-115,-105,,,,,2,,0,Winston-Salem,NC,1,293,,,,-5.0,"28,48","35,40",155,-175,2.5,-105,-115,139.5,-110,-110
ncaab:401082970,ncaab,2019-02-27T00:00Z,final,2579,333,South Carolina,Alabama,62,68,-125,105,,0,,,-1.5,-110,-110,,,,,2,,0,Columbia,SC,1,89,,,,-5.0,"25,37","31,37",-130,110,-1.0,-110,-110,145.0,-110,-110
ncaab:401083060,ncaab,2019-02-27T00:00Z,final,344,142,Mississippi St,Missouri,68,49,-795,595,,0,,,-11.5,-110,-110,,,,,2,,0,Starkville,MS,1,101,,,,-6.0,"33,35","26,23",-381,291,-6.5,-110,-110,137.0,-110,-110
ncaab:401083215,ncaab,2019-02-27T00:00Z,final,2086,2507,Butler,Providence,67,73,-231,194,,0,,,-5.5,-105,-111,,,,,2,,0,Indianapolis,IN,1,218,,,,-5.0,"27,35,5","32,30,11",-175,155,-3.0,-105,-115,136.5,-105,-115
ncaab:401083471,ncaab,2019-02-27T00:00Z,final,277,2628,West Virginia,TCU,104,96,170,-200,,0,,,4.5,-110,-110,,,,,2,,0,Morgantown,WV,1,271,,,,-5.0,"36,32,9,11,16","30,38,9,11,8",145,-165,2.5,-115,-105,148.5,-110,-110
ncaab:401084017,ncaab,2019-02-27T00:00Z,final,2084,2006,Buffalo,Akron,77,64,-1500,1000,,0,,,-14.5,-110,-110,,,,,2,,0,Buffalo,NY,1,183,,,,-5.0,"35,42","36,28",-534,387,-8.0,-115,-105,149.0,-110,-110
ncaab:401085616,ncaab,2019-02-27T00:00Z,final,113,2168,UMass,Dayton,48,72,,,,0,,,,,,,,,,2,,0,Amherst,MA,1,82,,,,-5.0,"18,30","40,32",,,,,,,,
ncaab:401086276,ncaab,2019-02-27T00:00Z,final,2050,2649,Ball State,Toledo,72,80,-118,-102,,0,,,-1.0,-110,-110,,,,,2,,0,Muncie,IN,1,284,,,,-5.0,"36,36","41,39",-115,-105,-0.5,-105,-115,145.5,-110,-110
ncaab:401086321,ncaab,2019-02-27T00:00Z,final,227,45,Rhode Island,G Washington,80,53,,,,0,,,,,,,,,,2,,0,Kingston,RI,1,75,,,,-5.0,"44,36","31,22",,,,,,,,
ncaab:401086702,ncaab,2019-02-27T00:00Z,final,2453,294,North Alabama,Jacksonville,69,55,,,,0,,,,,,,,,,2,,0,Florence,AL,1,167,,,,-6.0,"37,32","26,29",,,,,,,,
ncaab:401086793,ncaab,2019-02-27T00:00Z,final,2454,56,North Florida,Stetson,77,67,-900,600,,0,,,-12.0,-110,-106,,,,,2,,0,Jacksonville,FL,1,5,,,,-5.0,"31,46","29,38",,,,,,154.5,-110,-110
ncaab:401087411,ncaab,2019-02-27T00:00Z,final,2309,195,Kent State,Ohio,78,73,-340,270,,0,,,-7.5,-110,-110,,,,,2,,0,Kent,OH,1,325,,,,-5.0,"35,43","31,42",-219,177,-4.0,-110,-110,144.5,-110,-110
ncaab:401088409,ncaab,2019-02-27T00:00Z,final,189,193,Bowling Green,Miami OH,69,82,-300,250,,0,,,-7.0,-110,-110,,,,,2,,0,Bowling Green,OH,1,212,,,,-5.0,"35,34","41,41",-200,170,-3.5,-110,-110,145.0,-110,-110
ncaab:401088520,ncaab,2019-02-27T00:00Z,final,2199,2117,E Michigan,C Michigan,66,77,,,,0,,,,,,,,,,2,,0,Ypsilanti,MI,1,219,,,,-5.0,"35,31","25,52",,,,,,,,
ncaab:401085714,ncaab,2019-02-27T00:30Z,final,2670,139,VCU,Saint Louis,71,65,-500,400,,0,,,-9.5,-110,-110,,,,,2,,0,Richmond,VA,1,64,,,,-5.0,"41,30","27,38",-340,264,-5.5,-110,-110,127.0,-110,-110
ncaab:401086725,ncaab,2019-02-27T00:30Z,final,2335,338,Liberty,Kennesaw St,76,59,-5000,2500,,0,,,-22.0,-110,-110,,,,,2,,0,Lynchburg,VA,1,192,,,,-5.0,"33,43","29,30",,,,,,131.5,-115,-105
ncaab:401087392,ncaab,2019-02-27T01:00Z,final,2459,2711,N Illinois,W Michigan,70,65,,,,0,,,,,,,,,,2,,0,Dekalb,IL,1,268,,,,-6.0,"38,32","29,36",,,,,,,,
ncaab:401082388,ncaab,2019-02-27T02:00Z,final,84,275,Indiana,Wisconsin,75,73,126,-147,,0,,,3.0,-115,-105,,,,,2,,0,Bloomington,IN,1,235,,,,-5.0,"33,29,6,7","29,33,6,5",112,-135,1.0,-110,-110,124.0,-110,-110
ncaab:401082799,ncaab,2019-02-27T02:00Z,final,153,183,North Carolina,Syracuse,93,85,-650,475,,0,,,-11.0,-108,-112,,,,,2,,0,Chapel Hill,NC,1,148,,,,-5.0,"43,50","46,39",-345,286,-6.0,-110,-110,147.5,-110,-110
ncaab:401083019,ncaab,2019-02-27T02:00Z,final,96,8,Kentucky,Arkansas,70,66,-1789,994,,0,,,-15.5,-110,-106,,,,,2,,0,Lexington,KY,1,295,,,,-5.0,"28,42","39,27",-815,537,-9.0,-110,-110,145.0,-110,-110
ncaab:401083121,ncaab,2019-02-27T02:00Z,final,99,245,LSU,Texas A&M,66,55,-630,480,,0,,,-10.5,-110,-110,,,,,2,,0,Baton Rouge,LA,1,14,,,,-6.0,"36,30","20,35",-370,301,-6.5,-105,-115,149.5,-110,-110
ncaab:401084817,ncaab,2019-02-27T02:00Z,final,235,218,Memphis,Temple,81,73,-180,155,,0,,,-4.0,-105,-115,,,,,2,,0,Memphis,TN,1,78,,,,-6.0,"33,48","38,35",-165,135,-2.5,-105,-115,161.0,-112,-108
ncaab:401089687,ncaab,2019-02-27T02:30Z,final,328,21,Utah State,San Diego St,70,54,-375,313,,0,,,-8.0,-110,-110,,,,,2,,0,Logan,UT,1,1382,,,,-7.0,"31,39","21,33",-220,180,-4.0,-110,-110,136.0,-110,-110
ncaab:401086198,ncaab,2019-02-27T03:00Z,final,2547,3084,Seattle U,Utah Valley,68,77,130,-150,,0,,,2.5,-110,-106,,,,,2,,0,Seattle,WA,1,56,,,,-8.0,"27,41","32,45",,,,,,141.5,-113,-118
ncaab:401090036,ncaab,2019-02-27T03:00Z,final,23,167,San José St,New Mexico,89,82,475,-639,,0,,,10.5,-105,-115,,,,,2,,0,San Jose,CA,1,26,,,,-8.0,"47,42","46,36",274,-355,5.5,-110,-110,154.0,-110,-110
ncaab:401088394,ncaab,2019-02-27T23:00Z,final,2142,107,Colgate,Holy Cross,79,59,-340,280,,0,,,-7.5,-110,-110,,,,,2,,0,Hamilton,NY,1,181,,,,-5.0,"29,50","18,41",,,,,,137.0,-116,-114
ncaab:401082443,ncaab,2019-02-27T23:30Z,final,213,120,Penn State,Maryland,78,61,100,-120,,0,,,1.0,-110,-110,,,,,2,,0,University Park,PA,1,348,,,,-5.0,"42,36","20,41",100,-120,0.5,-110,-110,135.5,-110,-110
ncaab:401082665,ncaab,2019-02-28T00:00Z,final,221,228,Pitt,Clemson,48,62,180,-210,,0,,,4.5,-110,-110,,,,,2,,0,Pittsburgh,PA,1,233,,,,-5.0,"16,32","38,24",140,-160,2.5,-115,-105,129.5,-107,-113
ncaab:401082777,ncaab,2019-02-28T00:00Z,final,258,59,Virginia,Georgia Tech,81,51,-2530,1207,,0,,,-19.0,-107,-109,,,,,2,,0,Charlottesville,VA,1,142,,,,-5.0,"41,40","22,29",,,-11.0,-115,-105,121.0,-110,-110
ncaab:401082993,ncaab,2019-02-28T00:00Z,final,145,2633,Ole Miss,Tennessee,71,73,195,-235,,0,,,5.0,-110,-110,,,,,2,,0,Oxford,MS,1,154,,,,-6.0,"39,32","34,39",158,-180,3.0,-115,-105,146.5,-110,-110
ncaab:401083288,ncaab,2019-02-28T00:00Z,final,46,305,Georgetown,DePaul,82,73,-220,184,,0,,,-5.0,-110,-110,,,,,2,,0,Washington,DC,1,7,,,,-5.0,"49,33","34,39",-175,155,-2.5,-114,-106,157.0,-110,-110
ncaab:401083491,ncaab,2019-02-28T00:00Z,final,2641,197,Texas Tech,Oklahoma St,84,80,-1400,925,,0,,,-14.5,-110,-110,,,,,2,,0,Lubbock,TX,1,976,,,,-6.0,"37,34,13","27,44,9",-616,434,-8.5,-110,-110,126.5,-105,-115
ncaab:401084818,ncaab,2019-02-28T00:00Z,final,151,248,East Carolina,Houston,65,99,883,-1482,,0,,,14.5,-110,-110,,,,,2,,0,Greenville,NC,1,18,,,,-5.0,"31,34","45,54",478,-588,8.5,-110,-110,135.0,-110,-110
ncaab:401084819,ncaab,2019-02-28T00:00Z,final,58,2116,South Florida,UCF,63,75,150,-170,,0,,,3.5,-110,-110,,,,,2,,0,Tampa,FL,1,1,,,,-5.0,"33,30","36,39",129,-156,2.0,-110,-110,128.5,-110,-110
ncaab:401085592,ncaab,2019-02-28T00:00Z,final,2325,2166,La Salle,Davidson,79,69,245,-305,,0,,,6.5,-110,-110,,,,,2,,0,Philadelphia,PA,1,12,,,,-5.0,"38,41","29,40",166,-204,3.0,-101,-119,135.0,-110,-110
ncaab:401085674,ncaab,2019-02-28T00:00Z,final,2244,257,George Mason,Richmond,77,63,-225,190,,0,,,-5.0,-110,-110,,,,,2,,0,Fairfax,VA,1,131,,,,-5.0,"32,45","29,34",-185,160,-2.5,-115,-105,144.5,-110,-110
ncaab:401086534,ncaab,2019-02-28T00:00Z,final,399,160,UAlbany,New Hampshire,58,62,,,,0,,,,,,,,,,2,,0,Albany,NY,1,45,,,,-5.0,"32,26","30,32",,,,,,,,
ncaab:401086560,ncaab,2019-02-28T00:00Z,final,2066,42,Binghamton,Hartford,76,96,220,-260,,0,,,6.0,-110,-110,,,,,2,,0,Binghamton,NY,1,264,,,,-5.0,"36,40","55,41",,,,,,139.0,-110,-110
ncaab:401086619,ncaab,2019-02-28T00:00Z,final,311,2349,Maine,UMass Lowell,61,70,105,-125,,0,,,1.5,-110,-110,,,,,2,,0,Bangor,ME,1,36,,,,-5.0,"31,30","31,39",,,,,,142.0,-110,-110
ncaab:401087298,ncaab,2019-02-28T00:00Z,final,2619,2378,Stony Brook,UMBC,78,63,-240,200,,0,,,-5.5,-108,-108,,,,,2,,0,Stony Brook,NY,1,27,,,,-5.0,"40,38","29,34",,,,,,129.5,-110,-110
ncaab:401088067,ncaab,2019-02-28T00:00Z,final,44,2329,American,Lehigh,66,80,-135,115,,0,,,-2.0,-110,-110,,,,,2,,0,Washington,DC,1,7,,,,-5.0,"22,44","36,44",,,,,,151.0,-105,-115
ncaab:401088087,ncaab,2019-02-28T00:00Z,final,349,2352,Army,Loyola MD,79,69,-220,180,,0,,,-5.0,-105,-111,,,,,2,,0,West Point,NY,1,47,,,,-5.0,"32,47","33,36",,,,,,146.0,-110,-110
ncaab:401088125,ncaab,2019-02-28T00:00Z,final,322,104,Lafayette,Boston U,82,84,100,-120,,0,,,1.0,-110,-110,,,,,2,,0,Easton,PA,1,97,,,,-5.0,"38,44","40,44",,,,,,148.0,-110,-110
ncaab:401088138,ncaab,2019-02-28T00:00Z,final,2426,2083,Navy,Bucknell,64,53,360,-450,,0,,,9.0,-110,-110,,,,,2,,0,Annapolis,MD,1,12,,,,-5.0,"35,29","21,32",,,,,,149.0,-110,-110
ncaab:401088355,ncaab,2019-02-28T00:00Z,final,2908,2097,SC Upstate,Campbell,73,85,325,-400,,0,,,8.0,-110,-110,,,,,2,,0,Spartanburg,SC,1,246,,,,-5.0,"27,46","41,44",,,,,,141.0,-110,-110
ncaab:401088357,ncaab,2019-02-28T00:00Z,final,2241,2506,Gardner-Webb,Presbyterian,78,70,-145,125,,0,,,-2.5,-110,-106,,,,,2,,0,Boiling Springs,NC,1,269,,,,-5.0,"45,33","31,39",,,,,,151.0,-110,-110
ncaab:401088358,ncaab,2019-02-28T00:00Z,final,2272,2515,High Point,Radford,54,72,115,-135,,0,,,2.0,-108,-108,,,,,2,,0,High Point,NC,1,281,,,,-5.0,"21,33","33,39",,,,,,130.0,-110,-110
ncaab:401089334,ncaab,2019-02-28T00:00Z,final,2287,2623,Illinois St,Missouri St,65,57,-134,114,,0,,,-2.0,-109,-111,,,,,2,,0,Normal,IL,1,244,,,,-6.0,"25,40","24,33",-128,106,-1.0,-107,-113,125.5,-110,-110
ncaab:401089335,ncaab,2019-02-28T00:00Z,final,339,79,Evansville,S Illinois,91,98,,,,0,,,,,,,,,,2,,0,Evansville,IN,1,118,,,,-6.0,"36,55","50,48",,,,,,,,
ncaab:401085642,ncaab,2019-02-28T00:30Z,final,179,2184,St Bonaventure,Duquesne,68,47,,,,0,,,,,,,,,,2,,0,Saint Bonaventure,NY,1,435,,,,-5.0,"33,35","22,25",,,,,,,,
ncaab:401085925,ncaab,2019-02-28T00:30Z,final,2099,315,Canisius,Niagara,84,86,-240,200,,0,,,-5.5,-110,-110,,,,,2,,0,Buffalo,NY,1,183,,,,-5.0,"32,52","43,43",-180,158,-2.5,-120,-101,148.5,-110,-110
ncaab:401088356,ncaab,2019-02-28T00:30Z,final,2127,2427,Charleston So,UNC Asheville,77,48,-1700,1100,,0,,,-16.0,-110,-110,,,,,2,,0,Charleston,SC,1,6,,,,-5.0,"36,41","21,27",,,,,,134.0,-115,-115
ncaab:401089418,ncaab,2019-02-28T00:30Z,final,2466,2916,N'Western St,Incarnate Word,68,60,,,,0,,,,,,,,,,2,,0,Natchitoches,LA,1,36,,,,-6.0,"28,40","35,25",,,,,,,,
ncaab:401089132,ncaab,2019-02-28T01:00Z,final,357,2000,Texas A&M-CC,Abilene Chrstn,64,73,115,-135,,0,,,2.0,-110,-110,,,,,2,,0,Corpus Christi,TX,1,2,,,,-6.0,"33,31","27,46",,,,,,126.5,-109,-111
ncaab:401089173,ncaab,2019-02-28T01:00Z,final,2110,2617,C Arkansas,SF Austin,92,74,,,,0,,,,,,,,,,2,,0,Conway,AR,1,95,,,,-6.0,"49,43","29,45",,,,,,,,
ncaab:401089333,ncaab,2019-02-28T01:00Z,final,2181,282,Drake,Indiana St,80,68,-250,210,,0,,,-6.0,-105,-115,,,,,2,,0,Des Moines,IA,1,266,,,,-6.0,"36,44","32,36",-185,160,-3.0,-115,-105,145.0,-110,-110
ncaab:401089336,ncaab,2019-02-28T01:00Z,final,2460,2350,Northern Iowa,Loyola Chicago,55,56,110,-130,,0,,,2.0,-115,-105,,,,,2,,0,Cedar Falls,IA,1,268,,,,-6.0,"23,32","32,24",105,-125,0.5,-105,-115,118.0,-110,-110
ncaab:401089337,ncaab,2019-02-28T01:00Z,final,71,2674,Bradley,Valparaiso,67,42,-233,195,,0,,,-5.5,-111,-105,,,,,2,,0,Peoria,IL,1,153,,,,-6.0,"31,36","22,20",-180,158,-3.0,-105,-115,125.5,-110,-110
ncaab:401089382,ncaab,2019-02-28T01:00Z,final,2443,2534,LSU N Orleans,Sam Houston,60,71,,,,0,,,,,,,,,,2,,0,New Orleans,LA,1,0,,,,-6.0,"30,30","38,33",,,,,,,,
ncaab:401089467,ncaab,2019-02-28T01:00Z,final,2447,2377,Nicholls,McNeese,75,84,-200,170,,0,,,-4.5,-110,-110,,,,,2,,0,Thibodaux,LA,1,4,,,,-6.0,"36,39","26,58",,,,,,145.5,-110,-110
ncaab:401089519,ncaab,2019-02-28T01:00Z,final,2320,2277,Lamar,Hou Christian,110,75,,,,0,,,,,,,,,,2,,0,Beaumont,TX,1,5,,,,-6.0,"58,52","41,34",,,,,,,,
ncaab:401082358,ncaab,2019-02-28T01:30Z,final,2509,356,Purdue,Illinois,73,56,-1000,673,,0,,,-13.0,-110,-110,,,,,2,,0,West Lafayette,IN,1,186,,,,-5.0,"32,41","33,23",-490,390,-7.0,-115,-105,148.0,-110,-110
ncaab:401082638,ncaab,2019-02-28T02:00Z,final,103,97,Boston College,Louisville,66,59,188,-225,,0,,,5.0,-110,-110,,,,,2,,0,Chestnut Hill,MA,1,60,,,,-5.0,"22,44","23,36",153,-187,2.5,-105,-115,141.0,-110,-110
ncaab:401082944,ncaab,2019-02-28T02:00Z,final,238,57,Vanderbilt,Florida,55,71,170,-195,,0,,,4.5,-111,-105,,,,,2,,0,Nashville,TN,1,170,,,,-6.0,"29,26","41,30",145,-165,2.0,-103,-118,129.0,-110,-110
ncaab:401083152,ncaab,2019-02-28T02:00Z,final,61,2,Georgia,Auburn,75,78,285,-345,,0,,,7.5,-110,-110,,,,,2,,0,Athens,GA,1,228,,,,-5.0,"40,35","50,28",190,-230,4.0,-105,-115,147.0,-110,-110
ncaab:401083265,ncaab,2019-02-28T02:00Z,final,222,269,Villanova,Marquette,67,61,-260,220,,0,,,-5.5,-110,-110,,,,,2,,0,Villanova,PA,1,121,,,,-5.0,"32,35","28,33",-177,145,-2.5,-115,-105,141.5,-106,-114
ncaab:401083398,ncaab,2019-02-28T02:00Z,final,239,251,Baylor,Texas,84,83,-196,162,,0,,,-4.0,-110,-110,,,,,2,,0,Waco,TX,1,143,,,,-6.0,"29,42,13","40,31,12",-155,135,-2.0,-110,-110,134.5,-110,-110
ncaab:401084820,ncaab,2019-02-28T02:00Z,final,2567,2132,SMU,Cincinnati,49,52,,,,0,,,,,,,,,,2,,0,Dallas,TX,1,128,,,,-6.0,"28,21","22,30",,,,,,,,
ncaab:401085694,ncaab,2019-02-28T02:00Z,final,2230,2603,Fordham,Saint Joseph's,52,66,137,-161,,0,,,3.0,-105,-115,,,,,2,,0,Bronx,NY,1,28,,,,-5.0,"34,18","23,43",125,-145,1.5,-110,-110,138.0,-110,-110
ncaab:401086219,ncaab,2019-02-28T02:00Z,final,2253,2201,Grand Canyon,Eastern NM,95,64,,,,0,,,,,,,,,,2,,0,Phoenix,AZ,1,331,,,,-7.0,"43,52","35,29",,,,,,,,
ncaab:401089616,ncaab,2019-02-28T02:00Z,final,68,36,Boise St,Colorado St,62,76,-285,243,,0,,,-6.5,-110,-110,,,,,2,,0,Boise,ID,1,823,,,,-7.0,"26,36","33,43",-200,170,-3.5,-110,-110,145.5,-116,-104
ncaab:401085343,ncaab,2019-02-28T03:00Z,final,2463,27,CSU Northridge,UC Riverside,70,68,,,,0,,,,,,,,,,2,,0,Northridge,CA,1,246,,,,-8.0,"33,37","38,30",,,,,,,,
ncaab:401089674,ncaab,2019-02-28T03:00Z,final,278,2751,Fresno St,Wyoming,71,60,-2000,1250,,0,,,-17.0,-110,-110,,,,,2,,0,Fresno,CA,1,94,,,,-8.0,"38,33","29,31",-1000,650,-10.0,107,-127,132.5,-110,-110
ncaab:401089701,ncaab,2019-02-28T04:00Z,final,2440,2439,Nevada,UNLV,89,73,-1936,1042,,0,,,-17.0,-110,-110,,,,,2,,0,Reno,NV,1,1373,,,,-8.0,"46,43","28,45",-926,589,-10.0,-105,-115,152.0,-110,-110
ncaab:401087514,ncaab,2019-02-28T23:00Z,final,2529,2523,Sacred Heart,Robert Morris,87,63,-185,160,,0,,,-4.0,-104,-112,,,,,2,,0,Fairfield,CT,1,4,,,,-8.0,"45,42","22,41",,,,,,143.5,-110,-110
ncaab:401089363,ncaab,2019-02-28T23:00Z,final,2681,2598,Wagner,Saint Francis,72,83,,,,0,,,,,,,,,,2,,0,Staten Island,NY,1,21,,,,-5.0,"39,33","43,40",,,,,,,,
ncaab:401083348,ncaab,2019-02-28T23:30Z,final,2599,2752,St John's,Xavier,73,84,,,,0,,,,,,,,,,2,,0,Queens,NY,1,12,,,,-5.0,"30,43","38,46",,,,,,,,
