id,league,start,status,home,away,home_name,away_name,home_score,away_score,ml_home,ml_away,odds_time,neutral,ml_home_open,ml_away_open,spread_home,spread_home_odds,spread_away_odds,inj_home,inj_away,sp_home,sp_away,stype,country,intl,city,state,indoor,elev,wx_temp,wx_wind,wx_rain,tzo,ls_home,ls_away
ncaab:401254102,ncaab,2020-12-01T00:00Z,final,2635,236,Tennessee Tech,Chattanooga,54,62,,,,0,,,,,,,,,,2,,0,Cookeville,TN,1,334,,,,-6.0,"25,29","24,38"
ncaab:401255064,ncaab,2020-12-01T00:00Z,final,2439,153,UNLV,North Carolina,51,78,,,,1,,,,,,,,,,2,,0,Asheville,NC,1,649,,,,-5.0,"30,21","37,41"
ncaab:401257488,ncaab,2020-12-01T00:00Z,final,2752,2198,Xavier,E Kentucky,99,96,,,,0,,,,,,,,,,2,,0,Cincinnati,OH,1,191,,,,-5.0,"48,35,16","39,44,13"
ncaab:401259021,ncaab,2020-12-01T00:00Z,final,2382,2247,Mercer,Georgia St,86,69,,,,0,,,,,,,,,,2,,0,Macon,GA,1,112,,,,-5.0,"42,44","37,32"
ncaab:401259926,ncaab,2020-12-01T00:00Z,void,152,2729,NC State,William & Mary,,,,,,0,,,,,,,,,,2,,0,Raleigh,NC,1,96,,,,-5.0,,
ncaab:401261567,ncaab,2020-12-01T00:00Z,final,2116,2,UCF,Auburn,63,55,,,,0,,,,,,,,,,2,,0,Orlando,FL,1,30,,,,-5.0,"30,33","21,34"
ncaab:401262868,ncaab,2020-12-01T00:00Z,final,56,2211,Stetson,Emmanuel (MA),61,64,,,,0,,,,,,,,,,2,,0,DeLand,FL,1,12,,,,-5.0,"36,25","37,27"
ncaab:401265813,ncaab,2020-12-01T00:00Z,final,2275,161,Hofstra,FDU,73,58,,,,0,,,,,,,,,,2,,0,Hempstead,NY,1,17,,,,-5.0,"31,42","40,18"
ncaab:401261507,ncaab,2020-12-01T00:30Z,final,25,2447,California,Nicholls,60,49,,,,0,,,,,,,,,,2,,0,Berkeley,CA,1,52,,,,-8.0,"23,37","18,31"
ncaab:401262255,ncaab,2020-12-01T00:30Z,void,2377,487,McNeese,Bacone,,,,,,0,,,,,,,,,,2,,0,Lake Charles,LA,1,4,,,,-6.0,,
ncaab:401254051,ncaab,2020-12-01T01:00Z,final,2306,140,Kansas St,Kansas City,62,58,,,,0,,,,,,,,,,2,,0,Manhattan,KS,1,311,,,,-6.0,"33,29","23,35"
ncaab:401258867,ncaab,2020-12-01T01:00Z,final,344,326,Mississippi St,Texas St,68,51,,,,0,,,,,,,,,,2,,0,Starkville,MS,1,101,,,,-6.0,"26,42","24,27"
ncaab:401261573,ncaab,2020-12-01T01:00Z,final,2567,357,SMU,Texas A&M-CC,91,54,,,,0,,,,,,,,,,2,,0,Dallas,TX,1,128,,,,-6.0,"47,44","22,32"
ncaab:401264954,ncaab,2020-12-01T01:00Z,final,99,2545,LSU,SE Louisiana,96,43,,,,0,,,,,,,,,,2,,0,Baton Rouge,LA,1,14,,,,-6.0,"50,46","18,25"
ncaab:401265493,ncaab,2020-12-01T01:00Z,final,135,2351,Minnesota,LMU,67,64,,,,0,,,,,,,,,,2,,0,Minneapolis,MN,1,253,,,,-6.0,"31,36","26,38"
ncaab:401260160,ncaab,2020-12-01T02:00Z,final,2751,2640,Wyoming,Texas Southern,74,76,,,,0,,,,,,,,,,2,,0,Laramie,WY,1,2184,,,,-7.0,"50,24","31,45"
ncaab:401262140,ncaab,2020-12-01T02:00Z,void,278,27,Fresno St,UC Riverside,,,,,,0,,,,,,,,,,2,,0,Fresno,CA,1,94,,,,-8.0,,
ncaab:401265993,ncaab,2020-12-01T02:00Z,final,2550,314,Seton Hall,Iona,86,64,,,,0,,,,,,,,,,2,,0,Newark,NJ,1,9,,,,-5.0,"35,51","37,27"
ncaab:401262908,ncaab,2020-12-01T02:05Z,void,331,148,E Washington,Montana Tech,,,,,,0,,,,,,,,,,2,,0,Cheney,WA,1,717,,,,-8.0,,
ncaab:401255065,ncaab,2020-12-01T02:30Z,final,333,24,Alabama,Stanford,64,82,,,,1,,,,,,,,,,2,,0,Asheville,NC,1,649,,,,-5.0,"29,35","41,41"
ncaab:401257634,ncaab,2020-12-01T02:30Z,final,2440,279,Nevada,Pacific,70,58,,,,0,,,,,,,,,,2,,0,Reno,NV,1,1373,,,,-8.0,"37,33","35,23"
ncaab:401262107,ncaab,2020-12-01T02:30Z,void,26,299,UCLA,Long Beach St,,,,,,0,,,,,,,,,,2,,0,Los Angeles,CA,1,89,,,,-8.0,,
ncaab:401256577,ncaab,2020-12-01T18:30Z,final,84,251,Indiana,Texas,44,66,,,,1,,,,,,,,,,2,,0,Asheville,NC,1,649,,,,-5.0,"19,25","31,35"
ncaab:401260340,ncaab,2020-12-01T19:30Z,final,252,30,BYU,USC,53,79,,,,1,,,,,,,,,,2,,0,Uncasville,CT,1,19,,,,-5.0,"20,33","31,48"
ncaab:401262283,ncaab,2020-12-01T20:00Z,final,2509,2473,Purdue,Oakland,93,50,,,,0,,,,,,,,,,2,,0,West Lafayette,IN,1,,,,,,"49,44","27,23"
ncaab:401256578,ncaab,2020-12-01T21:00Z,final,24,153,Stanford,North Carolina,63,67,,,,1,,,,,,,,,,2,,0,Asheville,NC,1,649,,,,-5.0,"33,30","29,38"
ncaab:401260337,ncaab,2020-12-01T21:00Z,final,258,2598,Virginia,Saint Francis,76,51,,,,0,,,,,,,,,,2,,0,Charlottesville,VA,1,142,,,,-5.0,"45,31","13,38"
ncaab:401266545,ncaab,2020-12-01T21:00Z,final,160,2803,New Hampshire,Bryant,85,93,,,,0,,,,,,,,,,2,,0,Durham,NH,1,15,,,,-5.0,"44,41","46,47"
ncaab:401266628,ncaab,2020-12-01T21:00Z,final,264,27,Washington,UC Riverside,42,57,,,,1,,,,,,,,,,2,,0,Las Vegas,NV,1,610,,,,-8.0,"22,20","29,28"
ncaab:401260339,ncaab,2020-12-01T22:00Z,void,238,41,Vanderbilt,UConn,,,,,,1,,,,,,,,,,2,,0,Uncasville,CT,1,19,,,,-5.0,,
ncaab:401263460,ncaab,2020-12-01T22:00Z,final,275,2739,Wisconsin,Green Bay,82,42,,,,0,,,,,,,,,,2,,0,Madison,WI,1,267,,,,-6.0,"34,48","12,30"
ncaab:401265819,ncaab,2020-12-01T22:00Z,final,156,2437,Creighton,Omaha,94,67,,,,0,,,,,,,,,,2,,0,Omaha,NE,1,323,,,,-6.0,"50,44","26,41"
ncaab:401266016,ncaab,2020-12-01T22:00Z,final,2678,2344,VMI,Longwood,84,71,,,,0,,,,,,,,,,2,,0,Lexington,VA,1,324,,,,-5.0,"37,47","36,35"
ncaab:401266133,ncaab,2020-12-01T22:00Z,final,42,222,Hartford,Villanova,53,87,,,,1,,,,,,,,,,2,,0,Uncasville,CT,1,19,,,,-5.0,"24,29","43,44"
ncaab:401266625,ncaab,2020-12-01T22:00Z,final,151,286,East Carolina,NC Wesleyan,91,62,,,,0,,,,,,,,,,2,,0,Greenville,NC,1,18,,,,-5.0,"44,47","30,32"
ncaab:401257609,ncaab,2020-12-01T23:00Z,final,2415,2339,Morgan St,Lincoln (PA),102,94,,,,0,,,,,,,,,,2,,0,Baltimore,MD,1,10,,,,-5.0,"43,59","43,51"
ncaab:401257671,ncaab,2020-12-01T23:00Z,final,97,98,Louisville,Western KY,75,54,,,,0,,,,,,,,,,2,,0,Louisville,KY,1,142,,,,-5.0,"34,41","29,25"
ncaab:401261582,ncaab,2020-12-01T23:00Z,final,46,2426,Georgetown,Navy,71,78,,,,0,,,,,,,,,,2,,0,Washington,DC,1,7,,,,-5.0,"26,45","29,49"
ncaab:401265776,ncaab,2020-12-01T23:00Z,void,2026,2592,App State,St Andrews,,,,,,0,,,,,,,,,,2,,0,Boone,NC,1,981,,,,-5.0,,
ncaab:401266686,ncaab,2020-12-01T23:00Z,final,2612,2619,Saint Peter's,Stony Brook,82,68,,,,0,,,,,,,,,,2,,0,Jersey City,NJ,1,9,,,,-5.0,"40,42","35,33"
ncaab:401254066,ncaab,2020-12-02T00:00Z,final,269,197,Marquette,Oklahoma St,62,70,,,,0,,,,,,,,,,2,,0,Milwaukee,WI,1,188,,,,-6.0,"35,27","32,38"
ncaab:401256575,ncaab,2020-12-02T00:00Z,final,2507,2166,Providence,Davidson,63,62,,,,1,,,,,,,,,,2,,0,Asheville,NC,1,649,,,,-5.0,"35,28","31,31"
ncaab:401257600,ncaab,2020-12-02T00:00Z,final,2649,325,Toledo,Cleveland St,70,61,,,,0,,,,,,,,,,2,,0,Toledo,OH,1,186,,,,-5.0,"23,47","35,26"
ncaab:401260353,ncaab,2020-12-02T00:00Z,final,2127,2448,Charleston So,NC A&T,63,70,,,,0,,,,,,,,,,2,,0,Charleston,SC,1,6,,,,-5.0,"28,35","31,39"
ncaab:401261659,ncaab,2020-12-02T00:00Z,final,6,2211,South Alabama,Emmanuel (MA),86,47,,,,0,,,,,,,,,,2,,0,Mobile,AL,1,3,,,,-6.0,"42,44","21,26"
ncaab:401262149,ncaab,2020-12-02T00:00Z,final,82,2674,UIC,Valparaiso,66,50,,,,0,,,,,,,,,,2,,0,Chicago,IL,1,179,,,,-6.0,"28,38","19,31"
ncaab:401264446,ncaab,2020-12-02T00:00Z,final,2229,2117,FIU,C Michigan,96,76,,,,0,,,,,,,,,,2,,0,Miami,FL,1,2,,,,-5.0,"41,55","30,46"
ncaab:401265780,ncaab,2020-12-02T00:00Z,void,120,119,Maryland,Towson,,,,,,0,,,,,,,,,,2,,0,College Park,MD,1,21,,,,-5.0,,
ncaab:401266619,ncaab,2020-12-02T00:00Z,final,2168,2197,Dayton,E Illinois,66,63,,,,0,,,,,,,,,,2,,0,Dayton,OH,1,225,,,,-5.0,"38,28","33,30"
ncaab:401258987,ncaab,2020-12-02T00:30Z,final,2617,2326,SF Austin,LeTourneau,102,57,,,,0,,,,,,,,,,2,,0,Nacogdoches,TX,1,92,,,,-6.0,"54,48","23,34"
ncaab:401260005,ncaab,2020-12-02T00:30Z,final,150,127,Duke,Michigan St,69,75,,,,0,,,,,,,,,,2,,0,Durham,NC,1,123,,,,-5.0,"33,36","37,38"
ncaab:401259542,ncaab,2020-12-02T01:00Z,final,71,546,Bradley,Judson,105,32,,,,0,,,,,,,,,,2,,0,Peoria,IL,1,153,,,,-6.0,"53,52","17,15"
ncaab:401262124,ncaab,2020-12-02T01:00Z,void,2623,2110,Missouri St,C Arkansas,,,,,,0,,,,,,,,,,2,,0,Springfield,MO,1,396,,,,-6.0,,
ncaab:401263096,ncaab,2020-12-02T01:00Z,final,45,2261,G Washington,Hampton,78,82,,,,0,,,,,,,,,,2,,0,Washington,DC,1,7,,,,-5.0,"33,45","37,45"
ncaab:401266553,ncaab,2020-12-02T01:00Z,final,2535,2157,Samford,Covenant,98,73,,,,0,,,,,,,,,,2,,0,Homewood,AL,1,203,,,,-6.0,"54,44","33,40"
ncaab:401261438,ncaab,2020-12-02T01:30Z,final,2000,2758,Abilene Chrstn,Howard Payne,81,51,,,,0,,,,,,,,,,2,,0,Abilene,TX,1,524,,,,-6.0,"44,37","25,26"
ncaab:401266689,ncaab,2020-12-02T01:30Z,final,2430,2737,UNC Greensboro,Winthrop,67,75,,,,1,,,,,,,,,,2,,0,Louisville,KY,1,142,,,,-5.0,"31,36","32,43"
ncaab:401262473,ncaab,2020-12-02T02:00Z,final,2253,2400,Grand Canyon,Miss Valley St,88,49,,,,0,,,,,,,,,,2,,0,Phoenix,AZ,1,331,,,,-7.0,"48,40","26,23"
ncaab:401263600,ncaab,2020-12-02T02:00Z,final,158,233,Nebraska,South Dakota,76,69,,,,0,,,,,,,,,,2,,0,Lincoln,NE,1,367,,,,-6.0,"36,40","29,40"
ncaab:401254041,ncaab,2020-12-02T02:30Z,final,96,2305,Kentucky,Kansas,62,65,,,,1,,,,,,,,,,2,,0,Indianapolis,IN,1,218,,,,-5.0,"35,27","29,36"
ncaab:401256576,ncaab,2020-12-02T02:30Z,final,333,2439,Alabama,UNLV,86,74,,,,1,,,,,,,,,,2,,0,Asheville,NC,1,649,,,,-5.0,"38,48","38,36"
ncaab:401266738,ncaab,2020-12-02T02:30Z,final,166,110031,New Mexico St,B'tine Mesa,92,54,,,,0,,,,,,,,,,2,,0,Las Cruces,NM,1,1191,,,,-7.0,"51,41","28,26"
ncaab:401259312,ncaab,2020-12-02T03:00Z,final,2608,2447,Saint Mary's,Nicholls,73,50,,,,0,,,,,,,,,,2,,0,Moraga,CA,1,152,,,,-8.0,"39,34","25,25"
ncaab:401262273,ncaab,2020-12-02T05:00Z,void,2885,161,NJIT,FDU,,,,,,0,,,,,,,,,,2,,0,Newark,NJ,1,9,,,,-5.0,,
ncaab:401264435,ncaab,2020-12-02T05:00Z,void,27,3246,UC Riverside,Bethesda,,,,,,0,,,,,,,,,,2,,0,Riverside,CA,1,252,,,,-8.0,,
ncaab:401264538,ncaab,2020-12-02T05:00Z,void,2005,2172,Air Force,Denver,,,,,,0,,,,,,,,,,2,,0,Colorado Springs,CO,1,1832,,,,-7.0,,
ncaab:401256580,ncaab,2020-12-02T18:30Z,final,24,84,Stanford,Indiana,63,79,,,,1,,,,,,,,,,2,,0,Asheville,NC,1,649,,,,-5.0,"26,37","31,48"
ncaab:401255044,ncaab,2020-12-02T19:00Z,void,222,2603,Villanova,Saint Joseph's,,,,,,0,,,,,,,,,,2,,0,Villanova,PA,1,121,,,,-5.0,,
ncaab:401266615,ncaab,2020-12-02T19:30Z,final,57,349,Florida,Army,76,69,,,,1,,,,,,,,,,2,,0,Uncasville,CT,1,19,,,,-5.0,"31,45","39,30"
ncaab:401256579,ncaab,2020-12-02T21:00Z,final,153,251,North Carolina,Texas,67,69,,,,1,,,,,,,,,,2,,0,Asheville,NC,1,649,,,,-5.0,"28,39","40,29"
ncaab:401258902,ncaab,2020-12-02T21:00Z,void,154,2653,Wake Forest,Troy,,,,,,0,,,,,,,,,,2,,0,Winston-Salem,NC,1,,,,,,,
ncaab:401260031,ncaab,2020-12-02T21:00Z,void,47,2325,Howard,La Salle,,,,,,0,,,,,,,,,,2,,0,Washington,DC,1,7,,,,-5.0,,
ncaab:401255663,ncaab,2020-12-02T22:00Z,final,194,2413,Ohio State,Morehead St,77,44,,,,0,,,,,,,,,,2,,0,Columbus,OH,1,235,,,,-5.0,"37,40","27,17"
ncaab:401257635,ncaab,2020-12-02T22:00Z,final,279,147,Pacific,Montana St,74,70,,,,0,,,,,,,,,,2,,0,Stockton,CA,1,4,,,,-8.0,"30,34,10","29,35,6"
ncaab:401262276,ncaab,2020-12-02T22:00Z,final,213,2670,Penn State,VCU,72,69,,,,0,,,,,,,,,,2,,0,University Park,PA,1,348,,,,-5.0,"35,37","32,37"
ncaab:401262377,ncaab,2020-12-02T22:00Z,final,2132,288,Cincinnati,Lipscomb,67,55,,,,0,,,,,,,,,,2,,0,Cincinnati,OH,1,191,,,,-5.0,"29,38","29,26"
ncaab:401266567,ncaab,2020-12-02T22:00Z,final,252,2599,BYU,St John's,74,68,,,,1,,,,,,,,,,2,,0,Uncasville,CT,1,19,,,,-5.0,"29,45","23,45"
ncaab:401266575,ncaab,2020-12-02T22:00Z,final,58,526,South Florida,FGCU,76,57,,,,0,,,,,,,,,,2,,0,Tampa,FL,1,1,,,,-5.0,"41,35","24,33"
ncaab:401266784,ncaab,2020-12-02T22:00Z,final,2309,214,Kent State,Point Park,90,41,,,,0,,,,,,,,,,2,,0,Kent,OH,1,325,,,,-5.0,"40,50","21,20"
ncaab:401262396,ncaab,2020-12-02T22:30Z,final,2908,2198,SC Upstate,E Kentucky,78,95,,,,0,,,,,,,,,,2,,0,Spartanburg,SC,1,246,,,,-5.0,"28,50","46,49"
ncaab:401257673,ncaab,2020-12-02T23:00Z,final,2184,2430,Duquesne,UNC Greensboro,81,68,,,,1,,,,,,,,,,2,,0,Louisville,KY,1,142,,,,-5.0,"42,39","33,35"
ncaab:401260326,ncaab,2020-12-02T23:00Z,final,228,2569,Clemson,SC State,75,38,,,,0,,,,,,,,,,2,,0,Clemson,SC,1,221,,,,-5.0,"36,39","18,20"
ncaab:401262678,ncaab,2020-12-02T23:00Z,void,2515,2369,Radford,Mars Hill,,,,,,0,,,,,,,,,,2,,0,Radford,VA,1,567,,,,-5.0,,
ncaab:401266521,ncaab,2020-12-02T23:00Z,final,2287,2257,Illinois St,Greenville,177,108,,,,0,,,,,,,,,,2,,0,Normal,IL,1,244,,,,-6.0,"83,94","50,58"
ncaab:401252482,ncaab,2020-12-03T00:00Z,void,2523,526,Robert Morris,FGCU,,,,,,0,,,,,,,,,,2,,0,Moon Township,PA,1,358,,,,-5.0,,
ncaab:401255580,ncaab,2020-12-03T00:00Z,final,227,2550,Rhode Island,Seton Hall,76,63,,,,0,,,,,,,,,,2,,0,Kingston,RI,1,75,,,,-5.0,"36,40","35,28"
ncaab:401256581,ncaab,2020-12-03T00:00Z,final,333,2507,Alabama,Providence,88,71,,,,1,,,,,,,,,,2,,0,Asheville,NC,1,649,,,,-5.0,"41,47","32,39"
ncaab:401257489,ncaab,2020-12-03T00:00Z,final,2752,2635,Xavier,Tennessee Tech,79,48,,,,0,,,,,,,,,,2,,0,Cincinnati,OH,1,191,,,,-5.0,"35,44","21,27"
ncaab:401257598,ncaab,2020-12-03T00:00Z,final,2459,2565,N Illinois,SIUE,53,73,,,,0,,,,,,,,,,2,,0,Dekalb,IL,1,268,,,,-6.0,"18,35","34,39"
ncaab:401257614,ncaab,2020-12-03T00:00Z,final,245,2627,Texas A&M,Tarleton St,73,66,,,,0,,,,,,,,,,2,,0,College Station,TX,1,103,,,,-6.0,"24,49","26,40"
ncaab:401259001,ncaab,2020-12-03T00:00Z,void,2453,2296,North Alabama,Jackson St,,,,,,0,,,,,,,,,,2,,0,Florence,AL,1,167,,,,-6.0,,
ncaab:401259043,ncaab,2020-12-03T00:00Z,final,2724,198,Wichita St,Oral Roberts,85,80,,,,0,,,,,,,,,,2,,0,Wichita,KS,1,396,,,,-6.0,"38,47","36,44"
ncaab:401259305,ncaab,2020-12-03T00:00Z,void,232,257,Charleston,Richmond,,,,,,0,,,,,,,,,,2,,0,Charleston,SC,1,6,,,,-5.0,,
ncaab:401259536,ncaab,2020-12-03T00:00Z,final,294,2506,Jacksonville,Presbyterian,78,65,,,,0,,,,,,,,,,2,,0,Jacksonville,FL,1,5,,,,-5.0,"35,43","27,38"
ncaab:401259860,ncaab,2020-12-03T00:00Z,final,66,2571,Iowa State,S Dakota St,68,71,,,,0,,,,,,,,,,2,,0,Ames,IA,1,287,,,,-6.0,"27,41","39,32"
ncaab:401260038,ncaab,2020-12-03T00:00Z,void,87,2711,Notre Dame,W Michigan,,,,,,0,,,,,,,,,,2,,0,South Bend,IN,1,211,,,,-5.0,,
ncaab:401262080,ncaab,2020-12-03T00:00Z,final,231,2576,Furman,S Wesleyan,89,49,,,,0,,,,,,,,,,2,,0,Greenville,SC,1,307,,,,-5.0,"37,52","26,23"
ncaab:401262446,ncaab,2020-12-03T00:00Z,final,2217,42,Fairfield,Hartford,61,66,,,,0,,,,,,,,,,2,,0,Fairfield,CT,1,4,,,,-8.0,"28,33","26,40"
ncaab:401263444,ncaab,2020-12-03T00:00Z,final,130,2050,Michigan,Ball State,84,65,,,,0,,,,,,,,,,2,,0,Ann Arbor,MI,1,269,,,,-5.0,"40,44","33,32"
ncaab:401265679,ncaab,2020-12-03T00:00Z,final,2250,277,Gonzaga,West Virginia,87,82,,,,1,,,,,,,,,,2,,0,Indianapolis,IN,1,218,,,,-5.0,"34,53","39,43"
ncaab:401266622,ncaab,2020-12-03T00:00Z,final,61,2455,Georgia,North Georgia,84,62,,,,0,,,,,,,,,,2,,0,Athens,GA,1,228,,,,-5.0,"46,38","26,36"
ncaab:401266814,ncaab,2020-12-03T00:00Z,final,2117,2228,C Michigan,Flagler,73,92,,,,1,,,,,,,,,,2,,0,Miami,FL,1,2,,,,-5.0,"30,43","43,49"
ncaab:401254698,ncaab,2020-12-03T00:30Z,final,5,338,UAB,Kennesaw St,73,48,,,,0,,,,,,,,,,2,,0,Birmingham,AL,1,187,,,,-6.0,"43,30","22,26"
ncaab:401255600,ncaab,2020-12-03T00:30Z,final,2514,2182,Quinnipiac,Drexel,48,66,,,,1,,,,,,,,,,2,,0,Uncasville,CT,1,19,,,,-5.0,"18,30","36,30"
ncaab:401258462,ncaab,2020-12-03T00:30Z,final,2546,79,SE Missouri,S Illinois,79,87,,,,0,,,,,,,,,,2,,0,Cape Girardeau,MO,1,108,,,,-6.0,"31,40,8","29,42,16"
ncaab:401259050,ncaab,2020-12-03T00:30Z,final,2393,93,MTSU,Murray St,78,61,,,,0,,,,,,,,,,2,,0,Murfreesboro,TN,1,186,,,,-6.0,"34,44","30,31"
ncaab:401262256,ncaab,2020-12-03T00:30Z,final,2377,2937,McNeese,Dallas Chrstn,140,37,,,,0,,,,,,,,,,2,,0,Lake Charles,LA,1,4,,,,-6.0,"67,73","15,22"
ncaab:401257052,ncaab,2020-12-03T01:00Z,final,2443,309,LSU N Orleans,Louisiana,63,66,,,,0,,,,,,,,,,2,,0,New Orleans,LA,1,0,,,,-6.0,"26,37","25,41"
ncaab:401257376,ncaab,2020-12-03T01:00Z,final,292,357,UT Rio Grande,Texas A&M-CC,62,59,,,,0,,,,,,,,,,2,,0,Edinburg,TX,1,30,,,,-6.0,"24,38","15,44"
ncaab:401257438,ncaab,2020-12-03T01:00Z,void,12,38,Arizona,Colorado,,,,,,0,,,,,,,,,,2,,0,Tucson,AZ,1,759,,,,-7.0,,
ncaab:401258889,ncaab,2020-12-03T01:00Z,final,235,2032,Memphis,Arkansas St,83,54,,,,0,,,,,,,,,,2,,0,Memphis,TN,1,78,,,,-6.0,"48,35","26,28"
ncaab:401259301,ncaab,2020-12-03T01:00Z,final,2450,295,Norfolk St,Old Dominion,66,80,,,,0,,,,,,,,,,2,,0,Norfolk,VA,1,2,,,,-5.0,"37,29","42,38"
ncaab:401260332,ncaab,2020-12-03T01:00Z,final,52,2454,Florida St,North Florida,86,58,,,,0,,,,,,,,,,2,,0,Tallahassee,FL,1,62,,,,-5.0,"36,50","21,37"
ncaab:401261449,ncaab,2020-12-03T01:00Z,final,2567,2277,SMU,Hou Christian,102,75,,,,0,,,,,,,,,,2,,0,Dallas,TX,1,128,,,,-6.0,"49,53","44,31"
ncaab:401261653,ncaab,2020-12-03T01:00Z,final,3084,224,Utah Valley,Westminster UT,79,71,,,,0,,,,,,,,,,2,,0,Orem,UT,1,1455,,,,-7.0,"42,37","25,46"
ncaab:401262163,ncaab,2020-12-03T01:00Z,final,2572,2730,Southern Miss,William Carey,80,53,,,,0,,,,,,,,,,2,,0,Hattiesburg,MS,1,52,,,,-6.0,"39,41","24,29"
ncaab:401263076,ncaab,2020-12-03T01:00Z,void,2492,23,Pepperdine,San José St,,,,,,0,,,,,,,,,,2,,0,Malibu,CA,1,32,,,,-8.0,,
ncaab:401263099,ncaab,2020-12-03T01:00Z,final,2630,339,UT Martin,Evansville,93,87,,,,0,,,,,,,,,,2,,0,Martin,TN,1,124,,,,-6.0,"36,33,8,16","31,38,8,10"
ncaab:401258844,ncaab,2020-12-03T02:00Z,final,8,250,Arkansas,UT Arlington,72,60,,,,0,,,,,,,,,,2,,0,Fayetteville,AR,1,427,,,,-6.0,"44,28","33,27"
ncaab:401260161,ncaab,2020-12-03T02:00Z,final,2751,2916,Wyoming,Incarnate Word,94,83,,,,0,,,,,,,,,,2,,0,Laramie,WY,1,2184,,,,-7.0,"27,51,16","33,45,5"
ncaab:401262711,ncaab,2020-12-03T02:00Z,final,2440,2539,Nevada,San Francisco,60,85,,,,0,,,,,,,,,,2,,0,Reno,NV,1,1373,,,,-8.0,"32,28","40,45"
ncaab:401263456,ncaab,2020-12-03T02:00Z,final,77,2029,Northwestern,AR-Pine Bluff,92,49,,,,0,,,,,,,,,,2,,0,Evanston,IL,1,187,,,,-6.0,"39,53","29,20"
ncaab:401264665,ncaab,2020-12-03T02:00Z,final,3101,155,Utah Tech,North Dakota,74,73,,,,0,,,,,,,,,,2,,0,St. George,UT,1,823,,,,-7.0,"24,50","29,44"
ncaab:401266546,ncaab,2020-12-03T02:00Z,final,2483,142,Oregon,Missouri,75,83,,,,1,,,,,,,,,,2,,0,Omaha,NE,1,323,,,,-6.0,"31,44","42,41"
ncaab:401266745,ncaab,2020-12-03T02:00Z,final,300,3167,UC Irvine,La Sierra,104,54,,,,0,,,,,,,,,,2,,0,Irvine,CA,1,17,,,,-8.0,"51,53","24,30"
ncaab:401266757,ncaab,2020-12-03T02:00Z,final,21,3249,San Diego St,St Katherine,83,41,,,,0,,,,,,,,,,2,,0,San Diego,CA,1,20,,,,-8.0,"48,35","16,25"
ncaab:401256582,ncaab,2020-12-03T02:30Z,final,2439,2166,UNLV,Davidson,73,77,,,,1,,,,,,,,,,2,,0,Asheville,NC,1,649,,,,-5.0,"29,44","41,36"
ncaab:401257439,ncaab,2020-12-03T03:00Z,final,265,204,Washington St,Oregon St,59,55,,,,0,,,,,,,,,,2,,0,Pullman,WA,1,717,,,,-8.0,"23,36","26,29"
ncaab:401262279,ncaab,2020-12-03T03:00Z,final,239,356,Baylor,Illinois,82,69,,,,1,,,,,,,,,,2,,0,Indianapolis,IN,1,218,,,,-5.0,"31,51","30,39"
ncaab:401264971,ncaab,2020-12-03T03:00Z,final,2856,2545,CA Baptist,SE Louisiana,80,81,,,,0,,,,,,,,,,2,,0,Riverside,CA,1,252,,,,-8.0,"44,36","38,43"
ncaab:401266620,ncaab,2020-12-03T03:30Z,final,2541,2934,Santa Clara,Bakersfield,53,47,,,,0,,,,,,,,,,2,,0,Santa Cruz,CA,1,11,,,,-8.0,"15,38","11,36"
ncaab:401260698,ncaab,2020-12-03T05:00Z,void,2363,2230,Manhattan,Fordham,,,,,,0,,,,,,,,,,2,,0,Riverdale,NY,1,159,,,,-8.0,,
ncaab:401262552,ncaab,2020-12-03T05:00Z,void,21,36,San Diego St,Colorado St,,,,,,0,,,,,,,,,,2,,0,San Diego,CA,1,20,,,,-8.0,,
ncaab:401262553,ncaab,2020-12-03T05:00Z,void,68,167,Boise St,New Mexico,,,,,,0,,,,,,,,,,2,,0,Boise,ID,1,823,,,,-7.0,,
ncaab:401266750,ncaab,2020-12-03T19:00Z,final,2182,2514,Drexel,Quinnipiac,70,58,,,,1,,,,,,,,,,2,,0,Uncasville,CT,1,19,,,,-5.0,"34,36","30,28"
ncaab:401258895,ncaab,2020-12-03T20:00Z,final,2197,2130,E Illinois,Chicago St,78,56,,,,0,,,,,,,,,,2,,0,Charleston,IL,1,204,,,,-6.0,"37,41","14,42"
ncaab:401262866,ncaab,2020-12-03T20:00Z,final,242,2326,Rice,LeTourneau,94,74,,,,0,,,,,,,,,,2,,0,Houston,TX,1,12,,,,-6.0,"46,48","33,41"
ncaab:401266690,ncaab,2020-12-03T21:00Z,final,2031,2737,Little Rock,Winthrop,75,80,,,,1,,,,,,,,,,2,,0,Louisville,KY,1,142,,,,-5.0,"40,35","42,38"
ncaab:401266670,ncaab,2020-12-03T21:30Z,final,152,2349,NC State,UMass Lowell,90,59,,,,1,,,,,,,,,,2,,0,Uncasville,CT,1,19,,,,-5.0,"43,47","19,40"
ncaab:401257441,ncaab,2020-12-03T23:00Z,final,254,264,Utah,Washington,76,62,,,,0,,,,,,,,,,2,,0,Salt Lake City,UT,1,1299,,,,-7.0,"37,39","32,30"
ncaab:401257621,ncaab,2020-12-03T23:00Z,void,2747,2428,Wofford,NC Central,,,,,,0,,,,,,,,,,2,,0,Spartanburg,SC,1,246,,,,-5.0,,
ncaab:401259029,ncaab,2020-12-03T23:00Z,final,94,2635,N Kentucky,Tennessee Tech,74,65,,,,0,,,,,,,,,,2,,0,Highland Heights,KY,1,260,,,,-5.0,"39,35","36,29"
ncaab:401259881,ncaab,2020-12-03T23:00Z,void,2026,108942,App State,Carolina U,,,,,,0,,,,,,,,,,2,,0,Boone,NC,1,981,,,,-5.0,,
ncaab:401262291,ncaab,2020-12-03T23:00Z,void,2344,111926,Longwood,Regent,,,,,,0,,,,,,,,,,2,,0,Farmville,VA,1,90,,,,-5.0,,
ncaab:401265675,ncaab,2020-12-03T23:00Z,final,324,3242,Coastal,Columbia Int'l,113,56,,,,0,,,,,,,,,,2,,0,Conway,SC,1,10,,,,-5.0,"77,36","31,25"
ncaab:401266608,ncaab,2020-12-03T23:00Z,void,314,2771,Iona,Merrimack,,,,,,0,,,,,,,,,,2,,0,New Rochelle,NY,1,26,,,,-5.0,,
ncaab:401266672,ncaab,2020-12-03T23:00Z,void,2504,98,Prairie View,Western KY,,,,,,1,,,,,,,,,,2,,0,Louisville,KY,1,142,,,,-5.0,,
ncaab:401255045,ncaab,2020-12-04T00:00Z,void,222,218,Villanova,Temple,,,,,,0,,,,,,,,,,2,,0,Villanova,PA,1,121,,,,-5.0,,
ncaab:401259022,ncaab,2020-12-04T00:00Z,void,2210,2382,Elon,Mercer,,,,,,0,,,,,,,,,,2,,0,Elon,NC,1,215,,,,-5.0,,
ncaab:401259294,ncaab,2020-12-04T00:00Z,final,2750,276,Wright St,Marshall,64,80,,,,0,,,,,,,,,,2,,0,Dayton,OH,1,225,,,,-5.0,"34,30","29,51"
ncaab:401259836,ncaab,2020-12-04T00:00Z,void,119,2154,Towson,Coppin St,,,,,,0,,,,,,,,,,2,,0,Towson,MD,1,141,,,,-5.0,,
ncaab:401259927,ncaab,2020-12-04T00:00Z,void,2729,2261,William & Mary,Hampton,,,,,,0,,,,,,,,,,2,,0,Williamsburg,VA,1,,,,,,,
ncaab:401262086,ncaab,2020-12-04T00:00Z,final,2643,2448,The Citadel,NC A&T,78,70,,,,0,,,,,,,,,,2,,0,Charleston,SC,1,6,,,,-5.0,"30,48","40,30"
ncaab:401262113,ncaab,2020-12-04T00:00Z,void,2870,2003,Purdue FW,Adrian,,,,,,0,,,,,,,,,,2,,0,Fort Wayne,IN,1,247,,,,-5.0,,
ncaab:401262135,ncaab,2020-12-04T00:00Z,final,2335,2598,Liberty,Saint Francis,78,62,,,,0,,,,,,,,,,2,,0,Lynchburg,VA,1,192,,,,-5.0,"39,39","32,30"
ncaab:401262159,ncaab,2020-12-04T00:00Z,final,2226,107730,FAU,FL National,128,64,,,,0,,,,,,,,,,2,,0,Boca Raton,FL,1,4,,,,-5.0,"85,43","31,33"
ncaab:401262288,ncaab,2020-12-04T00:00Z,void,2127,2592,Charleston So,St Andrews,,,,,,0,,,,,,,,,,2,,0,Charleston,SC,1,6,,,,-5.0,,
ncaab:401266547,ncaab,2020-12-04T00:00Z,final,30,41,USC,UConn,58,61,,,,1,,,,,,,,,,2,,0,Uncasville,CT,1,19,,,,-5.0,"34,24","39,22"
ncaab:401266715,ncaab,2020-12-04T00:00Z,final,2717,2444,W Carolina,Newberry,91,84,,,,0,,,,,,,,,,2,,0,Cullowhee,NC,1,645,,,,-5.0,"45,46","43,41"
ncaab:401266741,ncaab,2020-12-04T00:00Z,final,189,111995,Bowling Green,Purdue NW,88,67,,,,0,,,,,,,,,,2,,0,Bowling Green,OH,1,212,,,,-5.0,"40,48","37,30"
ncaab:401255051,ncaab,2020-12-04T00:30Z,final,2348,2433,Louisiana Tech,UL Monroe,78,62,,,,0,,,,,,,,,,2,,0,Ruston,LA,1,102,,,,-6.0,"45,33","31,31"
ncaab:401253910,ncaab,2020-12-04T01:00Z,final,2628,2466,TCU,N'Western St,74,68,,,,0,,,,,,,,,,2,,0,Fort Worth,TX,1,199,,,,-6.0,"40,34","34,34"
ncaab:401254058,ncaab,2020-12-04T01:00Z,final,201,2636,Oklahoma,UTSA,105,66,,,,0,,,,,,,,,,2,,0,Norman,OK,1,357,,,,-6.0,"51,54","28,38"
ncaab:401259578,ncaab,2020-12-04T01:00Z,final,26,2547,UCLA,Seattle U,78,52,,,,0,,,,,,,,,,2,,0,Los Angeles,CA,1,89,,,,-8.0,"43,35","29,23"
ncaab:401261744,ncaab,2020-12-04T01:00Z,final,259,2678,Virginia Tech,VMI,64,57,,,,0,,,,,,,,,,2,,0,Blacksburg,VA,1,633,,,,-5.0,"30,34","23,34"
ncaab:401262099,ncaab,2020-12-04T01:00Z,final,2755,2194,Grambling,E TX Baptist,68,59,,,,0,,,,,,,,,,2,,0,Grambling,LA,1,93,,,,-6.0,"33,35","29,30"
ncaab:401264467,ncaab,2020-12-04T01:00Z,final,2181,2437,Drake,Omaha,87,66,,,,0,,,,,,,,,,2,,0,Des Moines,IA,1,266,,,,-6.0,"40,47","32,34"
ncaab:401264484,ncaab,2020-12-04T01:00Z,final,2305,2687,Kansas,Washburn,89,54,,,,0,,,,,,,,,,2,,0,Lawrence,KS,1,263,,,,-6.0,"49,40","32,22"
ncaab:401264539,ncaab,2020-12-04T01:00Z,final,2294,2710,Iowa,W Illinois,99,58,,,,0,,,,,,,,,,2,,0,Iowa City,IA,1,204,,,,-6.0,"48,51","26,32"
ncaab:401264961,ncaab,2020-12-04T01:00Z,final,183,315,Syracuse,Niagara,75,45,,,,0,,,,,,,,,,2,,0,Syracuse,NY,1,121,,,,-5.0,"42,33","28,17"
ncaab:401268079,ncaab,2020-12-04T01:00Z,final,2540,3246,Santa Barbara,Bethesda,123,52,,,,0,,,,,,,,,,2,,0,Santa Barbara,CA,1,15,,,,-8.0,"65,58","16,36"
ncaab:401252579,ncaab,2020-12-04T02:00Z,final,253,149,Southern Utah,Montana,64,63,,,,0,,,,,,,,,,2,,0,Cedar City,UT,1,1782,,,,-7.0,"28,36","34,29"
ncaab:401255040,ncaab,2020-12-04T02:00Z,void,2641,2599,Texas Tech,St John's,,,,,,0,,,,,,,,,,2,,0,Lubbock,TX,1,976,,,,-6.0,,
ncaab:401252577,ncaab,2020-12-04T02:05Z,final,16,70,Sacramento St,Idaho,77,55,,,,0,,,,,,,,,,2,,0,Sacramento,CA,1,9,,,,-8.0,"35,42","36,19"
ncaab:401261604,ncaab,2020-12-04T02:30Z,final,103,57,Boston College,Florida,70,90,,,,1,,,,,,,,,,2,,0,Uncasville,CT,1,19,,,,-5.0,"29,41","49,41"
ncaab:401266739,ncaab,2020-12-04T02:30Z,final,2492,3249,Pepperdine,St Katherine,94,45,,,,0,,,,,,,,,,2,,0,Malibu,CA,1,32,,,,-8.0,"53,41","22,23"
ncaab:401257440,ncaab,2020-12-04T03:00Z,final,25,9,California,Arizona St,62,70,,,,0,,,,,,,,,,2,,0,Berkeley,CA,1,52,,,,-8.0,"34,28","35,35"
ncaab:401262820,ncaab,2020-12-04T03:00Z,final,2608,2640,Saint Mary's,Texas Southern,82,70,,,,0,,,,,,,,,,2,,0,Moraga,CA,1,152,,,,-8.0,"39,43","35,35"
ncaab:401259566,ncaab,2020-12-04T05:00Z,void,2349,2529,UMass Lowell,Sacred Heart,,,,,,0,,,,,,,,,,2,,0,Lowell,MA,1,36,,,,-5.0,,
ncaab:401262519,ncaab,2020-12-04T05:00Z,void,2405,2597,Monmouth,St Francis BK,,,,,,0,,,,,,,,,,2,,0,West Long Branch,NJ,1,9,,,,-5.0,,
ncaab:401257677,ncaab,2020-12-04T16:00Z,void,2737,2184,Winthrop,Duquesne,,,,,,1,,,,,,,,,,2,,0,Louisville,KY,1,142,,,,-5.0,,
ncaab:401257676,ncaab,2020-12-04T19:00Z,void,97,2430,Louisville,UNC Greensboro,,,,,,0,,,,,,,,,,2,,0,Louisville,KY,1,142,,,,-5.0,,
ncaab:401266953,ncaab,2020-12-04T20:00Z,final,120,2612,Maryland,Saint Peter's,90,57,,,,0,,,,,,,,,,2,,0,College Park,MD,1,21,,,,-5.0,"42,48","23,34"
ncaab:401255581,ncaab,2020-12-04T21:00Z,void,103,227,Boston College,Rhode Island,,,,,,0,,,,,,,,,,2,,0,Chestnut Hill,MA,1,60,,,,-5.0,,
ncaab:401260043,ncaab,2020-12-04T21:00Z,final,2619,2217,Stony Brook,Fairfield,72,69,,,,0,,,,,,,,,,2,,0,Stony Brook,NY,1,27,,,,-5.0,"26,36,10","29,33,7"
ncaab:401257627,ncaab,2020-12-04T22:00Z,final,2856,2545,CA Baptist,SE Louisiana,83,66,,,,0,,,,,,,,,,2,,0,Riverside,CA,1,252,,,,-8.0,"43,40","30,36"
ncaab:401257636,ncaab,2020-12-04T22:00Z,void,279,2716,Pacific,Westmont,,,,,,0,,,,,,,,,,2,,0,Stockton,CA,1,4,,,,-8.0,,
ncaab:401260047,ncaab,2020-12-04T22:00Z,final,202,250,Tulsa,UT Arlington,79,64,,,,0,,,,,,,,,,2,,0,Tulsa,OK,1,220,,,,-6.0,"40,39","37,27"
ncaab:401262406,ncaab,2020-12-04T22:00Z,final,156,338,Creighton,Kennesaw St,93,58,,,,0,,,,,,,,,,2,,0,Omaha,NE,1,323,,,,-6.0,"52,41","25,33"
ncaab:401263446,ncaab,2020-12-04T22:00Z,final,127,2174,Michigan St,Detroit Mercy,83,76,,,,0,,,,,,,,,,2,,0,East Lansing,MI,1,261,,,,-5.0,"35,48","35,41"
ncaab:401264410,ncaab,2020-12-04T22:00Z,void,58,50,South Florida,Florida A&M,,,,,,0,,,,,,,,,,2,,0,Tampa,FL,1,1,,,,-5.0,,
ncaab:401264411,ncaab,2020-12-04T22:00Z,void,2241,2097,Gardner-Webb,Campbell,,,,,,0,,,,,,,,,,2,,0,Boiling Springs,NC,1,269,,,,-5.0,,
ncaab:401260338,ncaab,2020-12-04T23:00Z,final,258,2309,Virginia,Kent State,71,64,,,,0,,,,,,,,,,2,,0,Charlottesville,VA,1,142,,,,-5.0,"29,33,9","22,40,2"
ncaab:401261720,ncaab,2020-12-04T23:00Z,final,2429,2247,Charlotte,Georgia St,65,76,,,,0,,,,,,,,,,2,,0,Charlotte,NC,1,229,,,,-5.0,"36,29","32,44"
ncaab:401266712,ncaab,2020-12-04T23:00Z,final,42,2115,Hartford,C Connecticut,80,65,,,,0,,,,,,,,,,2,,0,West Hartford,CT,1,40,,,,-5.0,"37,43","30,35"
ncaab:401253113,ncaab,2020-12-05T00:00Z,final,2199,2649,E Michigan,Toledo,74,91,,,,0,,,,,,,,,,2,,0,Ypsilanti,MI,1,219,,,,-5.0,"30,44","46,45"
ncaab:401254014,ncaab,2020-12-05T00:00Z,final,150,91,Duke,Bellarmine,76,54,,,,0,,,,,,,,,,2,,0,Durham,NC,1,123,,,,-5.0,"35,41","25,29"
ncaab:401255012,ncaab,2020-12-05T00:00Z,final,269,275,Marquette,Wisconsin,67,65,,,,0,,,,,,,,,,2,,0,Milwaukee,WI,1,188,,,,-6.0,"35,32","30,35"
ncaab:401257666,ncaab,2020-12-05T00:00Z,void,98,2031,Western KY,Little Rock,,,,,,1,,,,,,,,,,2,,0,Louisville,KY,1,142,,,,-5.0,,
ncaab:401258709,ncaab,2020-12-05T00:00Z,final,292,3158,UT Rio Grande,Lady of Lake,91,68,,,,0,,,,,,,,,,2,,0,Edinburg,TX,1,30,,,,-6.0,"45,46","36,32"
ncaab:401259549,ncaab,2020-12-05T00:00Z,final,2229,55,FIU,Jax State,74,70,,,,0,,,,,,,,,,2,,0,Miami,FL,1,2,,,,-5.0,"38,36","35,35"
ncaab:401259898,ncaab,2020-12-05T00:00Z,final,2509,2674,Purdue,Valparaiso,68,61,,,,0,,,,,,,,,,2,,0,West Lafayette,IN,1,186,,,,-5.0,"23,45","34,27"
ncaab:401262101,ncaab,2020-12-05T00:00Z,final,61,294,Georgia,Jacksonville,98,65,,,,0,,,,,,,,,,2,,0,Athens,GA,1,228,,,,-5.0,"46,52","36,29"
ncaab:401262164,ncaab,2020-12-05T00:00Z,final,2636,2834,UTSA,Sul Ross St,91,62,,,,0,,,,,,,,,,2,,0,San Antonio,TX,1,198,,,,-6.0,"49,42","39,23"
ncaab:401266566,ncaab,2020-12-05T00:00Z,final,2460,2591,Northern Iowa,St Ambrose,98,53,,,,0,,,,,,,,,,2,,0,Cedar Falls,IA,1,268,,,,-6.0,"52,46","27,26"
ncaab:401266746,ncaab,2020-12-05T00:00Z,final,2046,111946,Austin Peay,Carver,102,38,,,,0,,,,,,,,,,2,,0,Clarksville,TN,1,145,,,,-6.0,"54,48","22,16"
ncaab:401266774,ncaab,2020-12-05T00:00Z,final,302,3078,UC Davis,Jessup,95,62,,,,0,,,,,,,,,,2,,0,Davis,CA,1,16,,,,-8.0,"47,48","33,29"
ncaab:401267728,ncaab,2020-12-05T00:00Z,final,68,3159,Boise St,Coll Idaho,86,49,,,,0,,,,,,,,,,2,,0,Boise,ID,1,823,,,,-7.0,"47,39","26,23"
ncaab:401258988,ncaab,2020-12-05T00:30Z,final,2617,2377,SF Austin,McNeese,86,76,,,,0,,,,,,,,,,2,,0,Nacogdoches,TX,1,92,,,,-6.0,"38,48","39,37"
ncaab:401266954,ncaab,2020-12-05T00:30Z,final,2534,2937,Sam Houston,Dallas Chrstn,117,42,,,,0,,,,,,,,,,2,,0,Huntsville,TX,1,113,,,,-6.0,"56,61","24,18"
ncaab:401258868,ncaab,2020-12-05T01:00Z,final,344,249,Mississippi St,North Texas,69,63,,,,0,,,,,,,,,,2,,0,Starkville,MS,1,101,,,,-6.0,"29,40","20,43"
ncaab:401258890,ncaab,2020-12-05T01:00Z,final,2032,3168,Arkansas St,Crowley Ridge,115,49,,,,0,,,,,,,,,,2,,0,Jonesboro,AR,1,99,,,,-6.0,"57,58","23,26"
ncaab:401259544,ncaab,2020-12-05T01:00Z,final,71,2571,Bradley,S Dakota St,84,88,,,,0,,,,,,,,,,2,,0,Peoria,IL,1,153,,,,-6.0,"41,43","35,53"
ncaab:401260039,ncaab,2020-12-05T01:00Z,void,87,2633,Notre Dame,Tennessee,,,,,,0,,,,,,,,,,2,,0,South Bend,IN,1,211,,,,-5.0,,
ncaab:401260323,ncaab,2020-12-05T01:00Z,final,2390,56,Miami,Stetson,82,60,,,,0,,,,,,,,,,2,,0,Coral Gables,FL,1,3,,,,-5.0,"40,42","27,33"
ncaab:401263933,ncaab,2020-12-05T01:00Z,void,357,3166,Texas A&M-CC,Arlington Bapt,,,,,,0,,,,,,,,,,2,,0,Corpus Christi,TX,1,2,,,,-6.0,,
ncaab:401265823,ncaab,2020-12-05T01:00Z,final,235,2110,Memphis,C Arkansas,85,68,,,,0,,,,,,,,,,2,,0,Memphis,TN,1,78,,,,-6.0,"40,45","42,26"
ncaab:401261649,ncaab,2020-12-05T02:00Z,final,2351,299,LMU,Long Beach St,85,61,,,,0,,,,,,,,,,2,,0,Los Angeles,CA,1,89,,,,-8.0,"42,43","28,33"
ncaab:401261660,ncaab,2020-12-05T02:00Z,final,2,6,Auburn,South Alabama,90,81,,,,0,,,,,,,,,,2,,0,Auburn,AL,1,215,,,,-6.0,"47,43","32,49"
ncaab:401263453,ncaab,2020-12-05T02:00Z,final,135,155,Minnesota,North Dakota,76,67,,,,0,,,,,,,,,,2,,0,Minneapolis,MN,1,253,,,,-6.0,"36,40","35,32"
ncaab:401266523,ncaab,2020-12-05T02:00Z,final,2483,2550,Oregon,Seton Hall,83,70,,,,1,,,,,,,,,,2,,0,Omaha,NE,1,323,,,,-6.0,"34,49","28,42"
ncaab:401266749,ncaab,2020-12-05T02:00Z,final,2641,2653,Texas Tech,Troy,80,46,,,,0,,,,,,,,,,2,,0,Lubbock,TX,1,976,,,,-6.0,"47,33","22,24"
ncaab:401266955,ncaab,2020-12-05T02:00Z,final,13,2539,Cal Poly,San Francisco,60,88,,,,0,,,,,,,,,,2,,0,San Luis Obispo,CA,1,71,,,,-8.0,"32,28","45,43"
ncaab:401252795,ncaab,2020-12-05T05:00Z,void,311,111,Maine,Northeastern,,,,,,0,,,,,,,,,,2,,0,Bangor,ME,1,36,,,,-5.0,,
ncaab:401257337,ncaab,2020-12-05T05:00Z,void,145,235,Ole Miss,Memphis,,,,,,0,,,,,,,,,,2,,0,Oxford,MS,1,154,,,,-6.0,,
ncaab:401257605,ncaab,2020-12-05T05:00Z,void,2169,48,Delaware St,Delaware,,,,,,0,,,,,,,,,,2,,0,Dover,DE,1,9,,,,-5.0,,
ncaab:401259295,ncaab,2020-12-05T05:00Z,void,2006,276,Akron,Marshall,,,,,,0,,,,,,,,,,2,,0,Akron,OH,1,291,,,,-5.0,,
ncaab:401262554,ncaab,2020-12-05T05:00Z,void,68,167,Boise St,New Mexico,,,,,,0,,,,,,,,,,2,,0,Boise,ID,1,823,,,,-7.0,,
ncaab:401262555,ncaab,2020-12-05T05:00Z,void,21,36,San Diego St,Colorado St,,,,,,0,,,,,,,,,,2,,0,San Diego,CA,1,20,,,,-8.0,,
ncaab:401266874,ncaab,2020-12-05T15:00Z,final,2382,3242,Mercer,Columbia Int'l,88,62,,,,0,,,,,,,,,,2,,0,Macon,GA,1,112,,,,-5.0,"42,46","29,33"
ncaab:401262411,ncaab,2020-12-05T17:00Z,final,2335,495,Liberty,Bluefield,86,64,,,,0,,,,,,,,,,2,,0,Lynchburg,VA,1,192,,,,-5.0,"52,34","43,21"
ncaab:401264800,ncaab,2020-12-05T17:00Z,void,41,152,UConn,NC State,,,,,,1,,,,,,,,,,2,,0,Uncasville,CT,1,19,,,,-5.0,,
ncaab:401254044,ncaab,2020-12-05T18:00Z,void,239,2250,Baylor,Gonzaga,,,,,,1,,,,,,,,,,2,,0,Indianapolis,IN,1,218,,,,-5.0,,
ncaab:401260328,ncaab,2020-12-05T18:00Z,void,2378,119,UMBC,Towson,,,,,,0,,,,,,,,,,2,,0,Baltimore,MD,1,10,,,,-5.0,,
ncaab:401262087,ncaab,2020-12-05T18:00Z,final,2643,2648,The Citadel,Toccoa Falls,100,58,,,,0,,,,,,,,,,2,,0,Charleston,SC,1,6,,,,-5.0,"57,43","23,35"
ncaab:401252582,ncaab,2020-12-05T18:35Z,final,16,70,Sacramento St,Idaho,73,57,,,,0,,,,,,,,,,2,,0,Sacramento,CA,1,9,,,,-8.0,"30,43","21,36"
ncaab:401252584,ncaab,2020-12-05T19:00Z,final,253,149,Southern Utah,Montana,75,74,,,,0,,,,,,,,,,2,,0,Cedar City,UT,1,1782,,,,-7.0,"31,44","36,38"
ncaab:401259040,ncaab,2020-12-05T19:00Z,final,151,2515,East Carolina,Radford,63,50,,,,0,,,,,,,,,,2,,0,Greenville,NC,1,18,,,,-5.0,"31,32","27,23"
ncaab:401259535,ncaab,2020-12-05T19:00Z,final,2427,2569,UNC Asheville,SC State,77,56,,,,0,,,,,,,,,,2,,0,Asheville,NC,1,649,,,,-5.0,"43,34","27,29"
ncaab:401260360,ncaab,2020-12-05T19:00Z,final,2272,2454,High Point,North Florida,85,74,,,,0,,,,,,,,,,2,,0,High Point,NC,1,281,,,,-5.0,"41,44","34,40"
ncaab:401261574,ncaab,2020-12-05T19:00Z,final,2168,2567,Dayton,SMU,64,66,,,,0,,,,,,,,,,2,,0,Dayton,OH,1,225,,,,-5.0,"32,32","27,39"
ncaab:401262138,ncaab,2020-12-05T19:00Z,final,2670,116,VCU,Mount St Marys,60,42,,,,0,,,,,,,,,,2,,0,Richmond,VA,1,64,,,,-5.0,"37,23","20,22"
ncaab:401262150,ncaab,2020-12-05T19:00Z,final,2050,82,Ball State,UIC,68,66,,,,0,,,,,,,,,,2,,0,Muncie,IN,1,284,,,,-5.0,"32,36","22,44"
ncaab:401264528,ncaab,2020-12-05T19:00Z,void,2046,2975,Austin Peay,Transylvania,,,,,,0,,,,,,,,,,2,,0,Clarksville,TN,1,145,,,,-6.0,,
ncaab:401265320,ncaab,2020-12-05T19:00Z,final,2066,2368,Binghamton,Marist,65,68,,,,0,,,,,,,,,,2,,0,Binghamton,NY,1,264,,,,-5.0,"23,37,5","34,26,8"
ncaab:401266791,ncaab,2020-12-05T19:00Z,final,12,331,Arizona,E Washington,70,67,,,,0,,,,,,,,,,2,,0,Tucson,AZ,1,759,,,,-7.0,"38,32","43,24"
ncaab:401266883,ncaab,2020-12-05T19:00Z,final,232,231,Charleston,Furman,57,81,,,,0,,,,,,,,,,2,,0,Charleston,SC,1,6,,,,-5.0,"23,34","47,34"
ncaab:401266891,ncaab,2020-12-05T19:00Z,final,48,467,Delaware,Salem U,79,76,,,,0,,,,,,,,,,2,,0,Newark,DE,1,38,,,,-5.0,"44,35","31,45"
ncaab:401266897,ncaab,2020-12-05T19:00Z,final,45,2154,G Washington,Coppin St,85,69,,,,0,,,,,,,,,,2,,0,Washington,DC,1,7,,,,-5.0,"42,43","33,36"
ncaab:401266917,ncaab,2020-12-05T19:00Z,final,236,94,Chattanooga,N Kentucky,79,72,,,,0,,,,,,,,,,2,,0,Chattanooga,TN,1,206,,,,-5.0,"30,49","31,41"
ncaab:401253502,ncaab,2020-12-05T20:00Z,final,326,2916,Texas St,Incarnate Word,72,64,,,,0,,,,,,,,,,2,,0,San Marcos,TX,1,188,,,,-6.0,"32,40","34,30"
ncaab:401257057,ncaab,2020-12-05T20:00Z,final,2005,2320,Air Force,Lamar,59,44,,,,0,,,,,,,,,,2,,0,Colorado Springs,CO,1,1832,,,,-7.0,"24,35","21,23"
ncaab:401259033,ncaab,2020-12-05T20:00Z,final,2739,2197,Green Bay,E Illinois,91,93,,,,0,,,,,,,,,,2,,0,Green Bay,WI,1,180,,,,-6.0,"32,44,9,6","37,39,9,8"
ncaab:401259543,ncaab,2020-12-05T20:00Z,void,71,2603,Bradley,Saint Joseph's,,,,,,0,,,,,,,,,,2,,0,Peoria,IL,1,153,,,,-6.0,,
ncaab:401259572,ncaab,2020-12-05T20:00Z,final,2565,2437,SIUE,Omaha,63,65,,,,0,,,,,,,,,,2,,0,Edwardsville,IL,1,165,,,,-6.0,"24,39","35,30"
ncaab:401264412,ncaab,2020-12-05T20:00Z,void,2241,2097,Gardner-Webb,Campbell,,,,,,0,,,,,,,,,,2,,0,Boiling Springs,NC,1,269,,,,-5.0,,
ncaab:401266569,ncaab,2020-12-05T20:00Z,void,2634,109700,Tennessee St,Boyce,,,,,,0,,,,,,,,,,2,,0,Nashville,TN,1,170,,,,-6.0,,
ncaab:401266772,ncaab,2020-12-05T20:00Z,void,256,120,James Madison,Maryland,,,,,,0,,,,,,,,,,2,,0,Harrisonburg,VA,1,404,,,,-5.0,,
ncaab:401266945,ncaab,2020-12-05T20:00Z,final,2350,2332,Loyola Chicago,Lewis,76,48,,,,0,,,,,,,,,,2,,0,Chicago,IL,1,179,,,,-6.0,"39,37","11,37"
ncaab:401267775,ncaab,2020-12-05T20:00Z,final,2803,226,Bryant,RI College,138,83,,,,0,,,,,,,,,,2,,0,Smithfield,RI,1,84,,,,-5.0,"74,64","43,40"
ncaab:401254034,ncaab,2020-12-05T21:00Z,final,2305,2449,Kansas,N Dakota St,65,61,,,,0,,,,,,,,,,2,,0,Lawrence,KS,1,263,,,,-6.0,"35,30","33,28"
ncaab:401257437,ncaab,2020-12-05T21:00Z,final,3101,3249,Utah Tech,St Katherine,86,48,,,,0,,,,,,,,,,2,,0,St. George,UT,1,823,,,,-7.0,"40,46","26,22"
ncaab:401257442,ncaab,2020-12-05T21:00Z,void,38,265,Colorado,Washington St,,,,,,0,,,,,,,,,,2,,0,Boulder,CO,1,1624,,,,-7.0,,
ncaab:401262145,ncaab,2020-12-05T21:00Z,final,2750,193,Wright St,Miami OH,71,47,,,,0,,,,,,,,,,2,,0,Dayton,OH,1,225,,,,-5.0,"32,39","26,21"
ncaab:401264608,ncaab,2020-12-05T21:00Z,final,2275,314,Hofstra,Iona,74,82,,,,0,,,,,,,,,,2,,0,Hempstead,NY,1,17,,,,-5.0,"34,40","34,48"
ncaab:401255036,ncaab,2020-12-05T21:30Z,final,2507,161,Providence,FDU,79,67,,,,0,,,,,,,,,,2,,0,Providence,RI,1,2,,,,-5.0,"31,48","31,36"
ncaab:401253490,ncaab,2020-12-05T22:00Z,final,2057,2535,Belmont,Samford,83,96,,,,0,,,,,,,,,,2,,0,Nashville,TN,1,170,,,,-6.0,"39,44","52,44"
ncaab:401258845,ncaab,2020-12-05T22:00Z,final,8,288,Arkansas,Lipscomb,86,50,,,,0,,,,,,,,,,2,,0,Fayetteville,AR,1,427,,,,-6.0,"46,40","24,26"
ncaab:401258896,ncaab,2020-12-05T22:00Z,final,77,2130,Northwestern,Chicago St,111,66,,,,0,,,,,,,,,,2,,0,Evanston,IL,1,187,,,,-6.0,"51,60","35,31"
ncaab:401262141,ncaab,2020-12-05T22:00Z,void,79,2572,S Illinois,Southern Miss,,,,,,0,,,,,,,,,,2,,0,Carbondale,IL,1,126,,,,-6.0,,
ncaab:401267147,ncaab,2020-12-05T22:00Z,final,309,2353,Louisiana,LSU Shreveport,84,73,,,,0,,,,,,,,,,2,,0,Lafayette,LA,1,11,,,,-6.0,"40,44","43,30"
ncaab:401267720,ncaab,2020-12-05T22:00Z,void,2541,166,Santa Clara,New Mexico St,,,,,,0,,,,,,,,,,2,,0,Santa Cruz,CA,1,11,,,,-8.0,,
ncaab:401260964,ncaab,2020-12-05T23:00Z,final,248,2579,Houston,South Carolina,77,67,,,,0,,,,,,,,,,2,,0,Houston,TX,1,12,,,,-6.0,"31,46","35,32"
ncaab:401263077,ncaab,2020-12-05T23:00Z,void,2492,278,Pepperdine,Fresno St,,,,,,0,,,,,,,,,,2,,0,Malibu,CA,1,32,,,,-8.0,,
ncaab:401266790,ncaab,2020-12-05T23:00Z,final,2908,290,SC Upstate,GA Southern,69,72,,,,0,,,,,,,,,,2,,0,Spartanburg,SC,1,246,,,,-5.0,"27,42","30,42"
ncaab:401266881,ncaab,2020-12-05T23:00Z,final,93,2287,Murray St,Illinois St,76,65,,,,0,,,,,,,,,,2,,0,Murray,KY,1,163,,,,-6.0,"44,32","31,34"
ncaab:401266918,ncaab,2020-12-05T23:00Z,final,2523,214,Robert Morris,Point Park,75,57,,,,0,,,,,,,,,,2,,0,Moon Township,PA,1,358,,,,-5.0,"42,33","28,29"
ncaab:401255664,ncaab,2020-12-06T00:00Z,void,194,2010,Ohio State,Alabama A&M,,,,,,0,,,,,,,,,,2,,0,Columbus,OH,1,235,,,,-5.0,,
ncaab:401262695,ncaab,2020-12-06T00:00Z,final,526,107730,FGCU,FL National,91,74,,,,0,,,,,,,,,,2,,0,Fort Myers,FL,1,3,,,,-5.0,"47,44","29,45"
ncaab:401264962,ncaab,2020-12-06T00:00Z,final,183,2520,Syracuse,Rider,87,52,,,,0,,,,,,,,,,2,,0,Syracuse,NY,1,121,,,,-5.0,"49,38","29,23"
ncaab:401266707,ncaab,2020-12-06T00:00Z,final,221,2459,Pitt,N Illinois,89,59,,,,0,,,,,,,,,,2,,0,Pittsburgh,PA,1,233,,,,-5.0,"45,44","29,30"
ncaab:401254067,ncaab,2020-12-06T00:30Z,final,197,2473,Oklahoma St,Oakland,84,71,,,,0,,,,,,,,,,2,,0,Stillwater,OK,1,273,,,,-6.0,"37,47","36,35"
ncaab:401254052,ncaab,2020-12-06T01:00Z,final,2306,2439,Kansas St,UNLV,58,68,,,,0,,,,,,,,,,2,,0,Manhattan,KS,1,311,,,,-6.0,"30,28","31,37"
ncaab:401261439,ncaab,2020-12-06T01:00Z,final,2000,2627,Abilene Chrstn,Tarleton St,69,48,,,,0,,,,,,,,,,2,,0,Abilene,TX,1,524,,,,-6.0,"35,34","25,23"
ncaab:401261450,ncaab,2020-12-06T01:00Z,final,2277,242,Hou Christian,Rice,64,86,,,,0,,,,,,,,,,2,,0,Houston,TX,1,12,,,,-6.0,"24,40","49,37"
ncaab:401261731,ncaab,2020-12-06T01:00Z,void,198,3238,Oral Roberts,SW Christian U,,,,,,0,,,,,,,,,,2,,0,Tulsa,OK,1,220,,,,-6.0,,
ncaab:401262095,ncaab,2020-12-06T01:00Z,void,2253,2504,Grand Canyon,Prairie View,,,,,,0,,,,,,,,,,2,,0,Phoenix,AZ,1,331,,,,-7.0,,
ncaab:401262125,ncaab,2020-12-06T01:00Z,void,2623,2400,Missouri St,Miss Valley St,,,,,,0,,,,,,,,,,2,,0,Springfield,MO,1,396,,,,-6.0,,
ncaab:401262549,ncaab,2020-12-06T01:00Z,final,2638,2834,UTEP,Sul Ross St,84,65,,,,0,,,,,,,,,,2,,0,El Paso,TX,1,1133,,,,-7.0,"35,49","37,28"
ncaab:401264633,ncaab,2020-12-06T01:00Z,final,139,2029,Saint Louis,AR-Pine Bluff,107,54,,,,0,,,,,,,,,,2,,0,St. Louis,MO,1,142,,,,-6.0,"65,42","20,34"
ncaab:401265820,ncaab,2020-12-06T01:00Z,void,233,140,South Dakota,Kansas City,,,,,,0,,,,,,,,,,2,,0,Vermillion,SD,1,374,,,,-6.0,,
ncaab:401261635,ncaab,2020-12-06T02:00Z,final,328,252,Utah State,BYU,64,67,,,,0,,,,,,,,,,2,,0,Logan,UT,1,1382,,,,-7.0,"29,35","39,28"
ncaab:401266708,ncaab,2020-12-06T02:00Z,void,356,2630,Illinois,UT Martin,,,,,,0,,,,,,,,,,2,,0,Champaign,IL,1,225,,,,-6.0,,
ncaab:401262979,ncaab,2020-12-06T03:00Z,final,2501,2502,Portland,Portland St,86,73,,,,0,,,,,,,,,,2,,0,Portland,OR,1,12,,,,-8.0,"35,51","33,40"
ncaab:401262712,ncaab,2020-12-06T05:00Z,void,2539,2440,San Francisco,Nevada,,,,,,0,,,,,,,,,,2,,0,San Francisco,CA,1,16,,,,-8.0,,
ncaab:401257470,ncaab,2020-12-06T17:00Z,void,150,2210,Duke,Elon,,,,,,0,,,,,,,,,,2,,0,Durham,NC,1,123,,,,-5.0,,
ncaab:401259030,ncaab,2020-12-06T17:00Z,final,2717,2635,W Carolina,Tennessee Tech,76,75,,,,0,,,,,,,,,,2,,0,Cullowhee,NC,1,645,,,,-5.0,"29,40,7","29,40,6"
ncaab:401259857,ncaab,2020-12-06T18:00Z,final,251,222,Texas,Villanova,64,68,,,,0,,,,,,,,,,2,,0,Austin,TX,1,149,,,,-6.0,"30,34","32,36"
ncaab:401257622,ncaab,2020-12-06T19:00Z,void,2506,2747,Presbyterian,Wofford,,,,,,0,,,,,,,,,,2,,0,Clinton,SC,1,76,,,,-5.0,,
ncaab:401258863,ncaab,2020-12-06T19:00Z,final,2724,142,Wichita St,Missouri,62,72,,,,0,,,,,,,,,,2,,0,Wichita,KS,1,396,,,,-6.0,"30,32","34,38"
ncaab:401259550,ncaab,2020-12-06T19:00Z,void,2229,55,FIU,Jax State,,,,,,0,,,,,,,,,,2,,0,Miami,FL,1,2,,,,-5.0,,
ncaab:401259561,ncaab,2020-12-06T19:00Z,final,2641,2755,Texas Tech,Grambling,81,40,,,,0,,,,,,,,,,2,,0,Lubbock,TX,1,976,,,,-6.0,"33,48","19,21"
ncaab:401262420,ncaab,2020-12-06T19:00Z,final,57,56,Florida,Stetson,86,40,,,,0,,,,,,,,,,2,,0,Gainesville,FL,1,54,,,,-5.0,"34,52","15,25"
ncaab:401262445,ncaab,2020-12-06T19:00Z,final,2182,2154,Drexel,Coppin St,69,54,,,,0,,,,,,,,,,2,,0,Philadelphia,PA,1,12,,,,-5.0,"42,27","34,20"
ncaab:401262513,ncaab,2020-12-06T19:00Z,void,2086,94,Butler,N Kentucky,,,,,,0,,,,,,,,,,2,,0,Indianapolis,IN,1,218,,,,-5.0,,
ncaab:401263100,ncaab,2020-12-06T19:00Z,void,339,85,Evansville,IU Indy,,,,,,0,,,,,,,,,,2,,0,Evansville,IN,1,118,,,,-6.0,,
ncaab:401263601,ncaab,2020-12-06T19:00Z,void,158,50,Nebraska,Florida A&M,,,,,,0,,,,,,,,,,2,,0,Lincoln,NE,1,367,,,,-6.0,,
ncaab:401264451,ncaab,2020-12-06T19:00Z,final,195,325,Ohio,Cleveland St,101,46,,,,0,,,,,,,,,,2,,0,Athens,OH,1,219,,,,-5.0,"51,50","25,21"
ncaab:401264521,ncaab,2020-12-06T19:00Z,final,2674,546,Valparaiso,Judson,85,45,,,,0,,,,,,,,,,2,,0,Valparaiso,IN,1,242,,,,-6.0,"39,46","23,22"
ncaab:401266550,ncaab,2020-12-06T19:00Z,final,2514,160,Quinnipiac,New Hampshire,64,58,,,,0,,,,,,,,,,2,,0,Hamden,CT,1,31,,,,-5.0,"34,30","27,31"
ncaab:401266950,ncaab,2020-12-06T19:00Z,final,2382,2576,Mercer,S Wesleyan,96,85,,,,0,,,,,,,,,,2,,0,Macon,GA,1,112,,,,-5.0,"47,49","36,49"
ncaab:401268033,ncaab,2020-12-06T19:00Z,final,2448,24,NC A&T,Stanford,46,78,,,,0,,,,,,,,,,2,,0,Greensboro,NC,1,266,,,,-5.0,"23,23","31,47"
ncaab:401266695,ncaab,2020-12-06T19:30Z,final,2599,2619,St John's,Stony Brook,89,66,,,,0,,,,,,,,,,2,,0,Queens,NY,1,12,,,,-5.0,"49,40","35,31"
ncaab:401254699,ncaab,2020-12-06T20:00Z,final,5,2653,UAB,Troy,77,55,,,,0,,,,,,,,,,2,,0,Birmingham,AL,1,187,,,,-6.0,"42,35","29,26"
ncaab:401257490,ncaab,2020-12-06T20:00Z,final,2132,2752,Cincinnati,Xavier,69,77,,,,0,,,,,,,,,,2,,0,Cincinnati,OH,1,191,,,,-5.0,"35,34","37,40"
ncaab:401262167,ncaab,2020-12-06T20:00Z,final,98,2400,Western KY,Miss Valley St,96,69,,,,0,,,,,,,,,,2,,0,Bowling Green,KY,1,161,,,,-6.0,"45,51","33,36"
ncaab:401262481,ncaab,2020-12-06T20:00Z,final,2031,2110,Little Rock,C Arkansas,86,83,,,,0,,,,,,,,,,2,,0,Little Rock,AR,1,102,,,,-6.0,"38,48","39,44"
ncaab:401264436,ncaab,2020-12-06T20:00Z,final,2172,27,Denver,UC Riverside,63,83,,,,0,,,,,,,,,,2,,0,Denver,CO,1,1609,,,,-7.0,"29,34","48,35"
ncaab:401264468,ncaab,2020-12-06T20:00Z,final,2181,2591,Drake,St Ambrose,97,53,,,,0,,,,,,,,,,2,,0,Des Moines,IA,1,266,,,,-6.0,"42,55","24,29"
ncaab:401264477,ncaab,2020-12-06T20:00Z,final,2466,2433,N'Western St,UL Monroe,83,92,,,,0,,,,,,,,,,2,,0,Natchitoches,LA,1,36,,,,-6.0,"39,37,7","38,38,16"
ncaab:401265911,ncaab,2020-12-06T20:30Z,final,2710,2117,W Illinois,C Michigan,73,79,,,,0,,,,,,,,,,2,,0,Macomb,IL,1,215,,,,-6.0,"38,35","31,48"
ncaab:401262382,ncaab,2020-12-06T20:45Z,final,2453,111946,North Alabama,Carver,107,40,,,,0,,,,,,,,,,2,,0,Florence,AL,1,167,,,,-6.0,"47,60","22,18"
ncaab:401253830,ncaab,2020-12-06T21:00Z,final,2628,201,TCU,Oklahoma,78,82,,,,0,,,,,,,,,,2,,0,Fort Worth,TX,1,199,,,,-6.0,"42,36","39,43"
ncaab:401257615,ncaab,2020-12-06T21:00Z,final,245,292,Texas A&M,UT Rio Grande,81,68,,,,0,,,,,,,,,,2,,0,College Station,TX,1,103,,,,-6.0,"43,38","32,36"
ncaab:401259882,ncaab,2020-12-06T21:00Z,final,2026,286,App State,NC Wesleyan,81,57,,,,0,,,,,,,,,,2,,0,Boone,NC,1,981,,,,-5.0,"42,39","32,25"
ncaab:401260162,ncaab,2020-12-06T21:00Z,final,204,2751,Oregon St,Wyoming,73,76,,,,0,,,,,,,,,,2,,0,Corvallis,OR,1,71,,,,-8.0,"48,25","42,34"
ncaab:401261568,ncaab,2020-12-06T21:00Z,final,130,2116,Michigan,UCF,80,58,,,,0,,,,,,,,,,2,,0,Ann Arbor,MI,1,269,,,,-5.0,"38,42","34,24"
ncaab:401265321,ncaab,2020-12-06T21:00Z,final,2368,2066,Marist,Binghamton,64,60,,,,0,,,,,,,,,,2,,0,Poughkeepsie,NY,1,62,,,,-5.0,"30,34","28,32"
ncaab:401266888,ncaab,2020-12-06T21:00Z,final,349,2325,Army,La Salle,63,59,,,,0,,,,,,,,,,2,,0,West Point,NY,1,47,,,,-5.0,"23,40","31,28"
ncaab:401267729,ncaab,2020-12-06T21:00Z,final,2344,2256,Longwood,Greensboro,64,67,,,,0,,,,,,,,,,2,,0,Farmville,VA,1,90,,,,-5.0,"26,38","32,35"
ncaab:401259855,ncaab,2020-12-06T21:30Z,final,46,277,Georgetown,West Virginia,71,80,,,,0,,,,,,,,,,2,,0,Washington,DC,1,7,,,,-5.0,"34,37","32,48"
ncaab:401266740,ncaab,2020-12-06T21:30Z,final,21,2492,San Diego St,Pepperdine,65,60,,,,0,,,,,,,,,,2,,0,San Diego,CA,1,20,,,,-8.0,"22,43","36,24"
ncaab:401255627,ncaab,2020-12-06T22:00Z,final,59,96,Georgia Tech,Kentucky,79,62,,,,0,,,,,,,,,,2,,0,Atlanta,GA,1,320,,,,-5.0,"34,45","27,35"
ncaab:401259579,ncaab,2020-12-06T22:00Z,final,299,2547,Long Beach St,Seattle U,80,75,,,,0,,,,,,,,,,2,,0,Long Beach,CA,1,9,,,,-8.0,"33,47","28,47"
ncaab:401266792,ncaab,2020-12-06T22:00Z,final,79,2825,S Illinois,Quincy,102,61,,,,0,,,,,,,,,,2,,0,Carbondale,IL,1,126,,,,-6.0,"56,46","34,27"
ncaab:401267776,ncaab,2020-12-06T22:00Z,final,2617,108817,SF Austin,LSU Alexandria,97,79,,,,0,,,,,,,,,,2,,0,Nacogdoches,TX,1,92,,,,-6.0,"39,58","40,39"
ncaab:401253117,ncaab,2020-12-06T23:00Z,final,189,2084,Bowling Green,Buffalo,86,78,,,,0,,,,,,,,,,2,,0,Bowling Green,OH,1,212,,,,-5.0,"34,52","32,46"
ncaab:401255052,ncaab,2020-12-06T23:00Z,final,99,2348,LSU,Louisiana Tech,86,55,,,,0,,,,,,,,,,2,,0,Baton Rouge,LA,1,14,,,,-6.0,"43,43","24,31"
ncaab:401257471,ncaab,2020-12-06T23:00Z,final,47,91,Howard,Bellarmine,63,84,,,,0,,,,,,,,,,2,,0,Washington,DC,1,7,,,,-5.0,"35,28","45,39"
ncaab:401259856,ncaab,2020-12-06T23:00Z,void,66,305,Iowa State,DePaul,,,,,,0,,,,,,,,,,2,,0,Ames,IA,1,287,,,,-6.0,,
ncaab:401263447,ncaab,2020-12-06T23:00Z,final,127,2711,Michigan St,W Michigan,79,61,,,,0,,,,,,,,,,2,,0,East Lansing,MI,1,261,,,,-5.0,"39,40","35,26"
ncaab:401266744,ncaab,2020-12-06T23:00Z,final,2534,2758,Sam Houston,Howard Payne,117,54,,,,0,,,,,,,,,,2,,0,Huntsville,TX,1,113,,,,-6.0,"70,47","27,27"
ncaab:401266949,ncaab,2020-12-07T00:00Z,final,87,2174,Notre Dame,Detroit Mercy,78,70,,,,0,,,,,,,,,,2,,0,South Bend,IN,1,211,,,,-5.0,"37,41","31,39"
ncaab:401257443,ncaab,2020-12-07T01:00Z,final,26,25,UCLA,California,76,56,,,,0,,,,,,,,,,2,,0,Los Angeles,CA,1,89,,,,-8.0,"40,36","22,34"
ncaab:401262277,ncaab,2020-12-07T01:00Z,final,213,2550,Penn State,Seton Hall,92,98,,,,0,,,,,,,,,,2,,0,University Park,PA,1,348,,,,-5.0,"45,39,8","34,50,14"
ncaab:401257637,ncaab,2020-12-07T03:00Z,void,23,2235,San José St,Fresno Pacific,,,,,,0,,,,,,,,,,2,,0,San Jose,CA,1,26,,,,-8.0,,
ncaab:401267814,ncaab,2020-12-07T19:00Z,final,257,2747,Richmond,Wofford,77,72,,,,0,,,,,,,,,,2,,0,Richmond,VA,1,64,,,,-5.0,"37,40","30,42"
ncaab:401266709,ncaab,2020-12-07T20:00Z,void,2630,2064,UT Martin,Bethel (TN),,,,,,0,,,,,,,,,,2,,0,Martin,TN,1,124,,,,-6.0,,
ncaab:401266616,ncaab,2020-12-07T21:00Z,final,42,2217,Hartford,Fairfield,67,54,,,,0,,,,,,,,,,2,,0,West Hartford,CT,1,40,,,,-5.0,"27,40","30,24"
ncaab:401267774,ncaab,2020-12-07T21:00Z,void,2026,548,App State,LaGrange,,,,,,0,,,,,,,,,,2,,0,Boone,NC,1,981,,,,-5.0,,
ncaab:401268037,ncaab,2020-12-07T21:00Z,final,2378,45,UMBC,G Washington,92,81,,,,0,,,,,,,,,,2,,0,Baltimore,MD,1,10,,,,-5.0,"43,49","32,49"
ncaab:401259041,ncaab,2020-12-07T22:00Z,final,151,350,East Carolina,UNC Wilmington,88,78,,,,0,,,,,,,,,,2,,0,Greenville,NC,1,18,,,,-5.0,"51,22,15","37,36,5"
ncaab:401262859,ncaab,2020-12-07T23:00Z,final,2429,2569,Charlotte,SC State,78,40,,,,0,,,,,,,,,,2,,0,Charlotte,NC,1,229,,,,-5.0,"35,43","19,21"
ncaab:401264541,ncaab,2020-12-07T23:00Z,final,324,2428,Coastal,NC Central,78,71,,,,0,,,,,,,,,,2,,0,Conway,SC,1,10,,,,-5.0,"38,40","32,39"
ncaab:401254103,ncaab,2020-12-08T00:00Z,final,2393,236,MTSU,Chattanooga,70,80,,,,0,,,,,,,,,,2,,0,Murfreesboro,TN,1,186,,,,-6.0,"39,31","44,36"
ncaab:401257571,ncaab,2020-12-08T00:00Z,void,256,295,James Madison,Old Dominion,,,,,,0,,,,,,,,,,2,,0,Harrisonburg,VA,1,404,,,,-5.0,,
ncaab:401258398,ncaab,2020-12-08T00:00Z,final,2198,2413,E Kentucky,Morehead St,71,68,,,,0,,,,,,,,,,2,,0,Richmond,KY,1,289,,,,-5.0,"28,43","44,24"
ncaab:401259308,ncaab,2020-12-08T00:00Z,final,2450,2261,Norfolk St,Hampton,76,64,,,,0,,,,,,,,,,2,,0,Norfolk,VA,1,2,,,,-5.0,"38,38","37,27"
ncaab:401262088,ncaab,2020-12-08T00:00Z,final,2643,3242,The Citadel,Columbia Int'l,96,57,,,,0,,,,,,,,,,2,,0,Charleston,SC,1,6,,,,-5.0,"54,42","29,28"
ncaab:401262160,ncaab,2020-12-08T00:00Z,final,2454,2226,North Florida,FAU,77,79,,,,0,,,,,,,,,,2,,0,Jacksonville,FL,1,5,,,,-5.0,"39,38","41,38"
ncaab:401266621,ncaab,2020-12-08T00:00Z,final,2934,3246,Bakersfield,Bethesda,94,43,,,,0,,,,,,,,,,2,,0,Bakersfield,CA,1,123,,,,-8.0,"48,46","23,20"
ncaab:401266948,ncaab,2020-12-08T00:00Z,final,2711,2003,W Michigan,Adrian,62,42,,,,0,,,,,,,,,,2,,0,Kalamazoo,MI,1,239,,,,-5.0,"30,32","16,26"
ncaab:401268073,ncaab,2020-12-08T00:00Z,final,2483,331,Oregon,E Washington,69,52,,,,0,,,,,,,,,,2,,0,Eugene,OR,1,131,,,,-8.0,"36,33","32,20"
ncaab:401268103,ncaab,2020-12-08T00:00Z,final,2440,3078,Nevada,Jessup,86,64,,,,0,,,,,,,,,,2,,0,Reno,NV,1,1373,,,,-8.0,"41,45","32,32"
ncaab:401258421,ncaab,2020-12-08T00:30Z,final,2546,288,SE Missouri,Lipscomb,82,77,,,,0,,,,,,,,,,2,,0,Cape Girardeau,MO,1,108,,,,-6.0,"39,43","37,40"
ncaab:401266947,ncaab,2020-12-08T01:00Z,final,2540,2351,Santa Barbara,LMU,69,58,,,,0,,,,,,,,,,2,,0,Santa Barbara,CA,1,15,,,,-8.0,"34,35","24,34"
ncaab:401267734,ncaab,2020-12-08T01:00Z,final,71,2332,Bradley,Lewis,95,62,,,,0,,,,,,,,,,2,,0,Peoria,IL,1,153,,,,-6.0,"42,53","29,33"
ncaab:401266951,ncaab,2020-12-08T02:00Z,final,12,2464,Arizona,N Arizona,96,53,,,,0,,,,,,,,,,2,,0,Tucson,AZ,1,759,,,,-7.0,"53,43","27,26"
ncaab:401266956,ncaab,2020-12-08T02:00Z,void,13,166,Cal Poly,New Mexico St,,,,,,0,,,,,,,,,,2,,0,San Luis Obispo,CA,1,71,,,,-8.0,,
ncaab:401265118,ncaab,2020-12-08T05:00Z,void,278,2463,Fresno St,CSU Northridge,,,,,,0,,,,,,,,,,2,,0,Fresno,CA,1,94,,,,-8.0,,
ncaab:401264558,ncaab,2020-12-08T19:30Z,final,107730,2443,FL National,LSU N Orleans,57,74,,,,1,,,,,,,,,,2,,0,Jacksonville,FL,1,5,,,,-5.0,"20,37","39,35"
ncaab:401267721,ncaab,2020-12-08T20:00Z,final,314,2415,Iona,Morgan St,72,83,,,,0,,,,,,,,,,2,,0,New Rochelle,NY,1,26,,,,-5.0,"38,34","38,45"
ncaab:401262407,ncaab,2020-12-08T21:00Z,final,2378,48,UMBC,Delaware,76,61,,,,0,,,,,,,,,,2,,0,Baltimore,MD,1,10,,,,-5.0,"38,38","31,30"
ncaab:401268087,ncaab,2020-12-08T21:00Z,final,2325,2339,La Salle,Lincoln (PA),80,62,,,,0,,,,,,,,,,2,,0,Philadelphia,PA,1,12,,,,-5.0,"43,37","24,38"
ncaab:401255674,ncaab,2020-12-08T21:30Z,void,2856,302,CA Baptist,UC Davis,,,,,,0,,,,,,,,,,2,,0,Riverside,CA,1,252,,,,-8.0,,
ncaab:401254042,ncaab,2020-12-08T22:00Z,final,2305,156,Kansas,Creighton,73,72,,,,0,,,,,,,,,,2,,0,Lawrence,KS,1,263,,,,-6.0,"39,34","35,37"
ncaab:401256098,ncaab,2020-12-08T22:00Z,final,2390,2509,Miami,Purdue,58,54,,,,0,,,,,,,,,,2,,0,Coral Gables,FL,1,3,,,,-5.0,"14,44","32,22"
ncaab:401261745,ncaab,2020-12-08T22:00Z,final,2678,2256,VMI,Greensboro,100,65,,,,0,,,,,,,,,,2,,0,Lexington,VA,1,324,,,,-5.0,"55,45","28,37"
ncaab:401262421,ncaab,2020-12-08T22:00Z,final,58,56,South Florida,Stetson,73,62,,,,0,,,,,,,,,,2,,0,Tampa,FL,1,1,,,,-5.0,"40,33","26,36"
ncaab:401262863,ncaab,2020-12-08T22:00Z,final,2550,2681,Seton Hall,Wagner,78,45,,,,0,,,,,,,,,,2,,0,Newark,NJ,1,9,,,,-5.0,"37,41","21,24"
ncaab:401266617,ncaab,2020-12-08T22:00Z,final,282,2654,Indiana St,Truman St,80,66,,,,0,,,,,,,,,,2,,0,Terre Haute,IN,1,152,,,,-5.0,"33,47","36,30"
ncaab:401257472,ncaab,2020-12-08T23:00Z,void,47,2210,Howard,Elon,,,,,,0,,,,,,,,,,2,,0,Washington,DC,1,7,,,,-5.0,,
ncaab:401259288,ncaab,2020-12-08T23:00Z,final,254,304,Utah,Idaho St,75,59,,,,0,,,,,,,,,,2,,0,Salt Lake City,UT,1,1299,,,,-7.0,"41,34","20,39"
ncaab:401262292,ncaab,2020-12-08T23:00Z,final,2344,2448,Longwood,NC A&T,77,60,,,,0,,,,,,,,,,2,,0,Farmville,VA,1,90,,,,-5.0,"41,36","24,36"
ncaab:401267863,ncaab,2020-12-08T23:00Z,final,2633,38,Tennessee,Colorado,56,47,,,,0,,,,,,,,,,2,,0,Knoxville,TN,1,276,,,,-5.0,"31,25","24,23"
ncaab:401256093,ncaab,2020-12-09T00:00Z,final,135,103,Minnesota,Boston College,85,80,,,,0,,,,,,,,,,2,,0,Minneapolis,MN,1,253,,,,-6.0,"30,40,15","31,39,10"
ncaab:401258846,ncaab,2020-12-09T00:00Z,void,202,8,Tulsa,Arkansas,,,,,,0,,,,,,,,,,2,,0,Tulsa,OK,1,220,,,,-6.0,,
ncaab:401259000,ncaab,2020-12-09T00:00Z,void,2427,2193,UNC Asheville,ETSU,,,,,,0,,,,,,,,,,2,,0,Asheville,NC,1,649,,,,-5.0,,
ncaab:401259567,ncaab,2020-12-09T00:00Z,void,2885,2529,NJIT,Sacred Heart,,,,,,0,,,,,,,,,,2,,0,Newark,NJ,1,9,,,,-5.0,,
ncaab:401259838,ncaab,2020-12-09T00:00Z,final,46,2154,Georgetown,Coppin St,80,48,,,,0,,,,,,,,,,2,,0,Washington,DC,1,7,,,,-5.0,"38,42","23,25"
ncaab:401261661,ncaab,2020-12-09T00:00Z,final,6,2730,South Alabama,William Carey,80,67,,,,0,,,,,,,,,,2,,0,Mobile,AL,1,3,,,,-6.0,"42,38","29,38"
ncaab:401262102,ncaab,2020-12-09T00:00Z,final,61,149,Georgia,Montana,63,50,,,,0,,,,,,,,,,2,,0,Athens,GA,1,228,,,,-5.0,"32,31","24,26"
ncaab:401262127,ncaab,2020-12-09T00:00Z,final,2597,2803,St Francis BK,Bryant,82,101,,,,0,,,,,,,,,,2,,0,Brooklyn,NY,1,15,,,,-5.0,"38,44","58,43"
ncaab:401262128,ncaab,2020-12-09T00:00Z,final,161,2115,FDU,C Connecticut,87,94,,,,0,,,,,,,,,,2,,0,Hackensack,NJ,1,6,,,,-5.0,"42,45","46,48"
ncaab:401262129,ncaab,2020-12-09T00:00Z,final,116,2598,Mount St Marys,Saint Francis,75,57,,,,0,,,,,,,,,,2,,0,Emmitsburg,MD,1,133,,,,-5.0,"36,39","26,31"
ncaab:401263091,ncaab,2020-12-09T00:00Z,final,309,108817,Louisiana,LSU Alexandria,90,75,,,,0,,,,,,,,,,2,,0,Lafayette,LA,1,11,,,,-6.0,"51,39","35,40"
ncaab:401264384,ncaab,2020-12-09T00:00Z,final,294,2097,Jacksonville,Campbell,78,80,,,,0,,,,,,,,,,2,,0,Jacksonville,FL,1,5,,,,-5.0,"32,46","49,31"
ncaab:401264452,ncaab,2020-12-09T00:00Z,final,2174,2309,Detroit Mercy,Kent State,66,80,,,,0,,,,,,,,,,2,,0,Detroit,MI,1,183,,,,-5.0,"28,38","38,42"
ncaab:401266783,ncaab,2020-12-09T00:00Z,final,2599,2520,St John's,Rider,82,79,,,,0,,,,,,,,,,2,,0,Queens,NY,1,12,,,,-5.0,"33,49","35,44"
ncaab:401267730,ncaab,2020-12-09T00:00Z,final,2459,2050,N Illinois,Ball State,70,79,,,,0,,,,,,,,,,2,,0,Dekalb,IL,1,268,,,,-6.0,"34,29,7","28,35,16"
ncaab:401267856,ncaab,2020-12-09T00:00Z,final,2168,94,Dayton,N Kentucky,66,60,,,,0,,,,,,,,,,2,,0,Dayton,OH,1,225,,,,-5.0,"36,30","32,28"
ncaab:401268086,ncaab,2020-12-09T00:00Z,final,2127,111946,Charleston So,Carver,94,59,,,,0,,,,,,,,,,2,,0,Charleston,SC,1,6,,,,-5.0,"45,49","28,31"
ncaab:401256095,ncaab,2020-12-09T00:30Z,final,2294,153,Iowa,North Carolina,93,80,,,,0,,,,,,,,,,2,,0,Iowa City,IA,1,204,,,,-6.0,"43,50","31,49"
ncaab:401256096,ncaab,2020-12-09T00:30Z,final,87,194,Notre Dame,Ohio State,85,90,,,,0,,,,,,,,,,2,,0,South Bend,IN,1,211,,,,-5.0,"42,43","34,56"
ncaab:401259005,ncaab,2020-12-09T00:30Z,final,2057,2634,Belmont,Tennessee St,79,64,,,,0,,,,,,,,,,2,,0,Nashville,TN,1,170,,,,-6.0,"33,46","26,38"
ncaab:401261575,ncaab,2020-12-09T01:00Z,void,2567,238,SMU,Vanderbilt,,,,,,0,,,,,,,,,,2,,0,Dallas,TX,1,128,,,,-6.0,,
ncaab:401261732,ncaab,2020-12-09T01:00Z,final,197,198,Oklahoma St,Oral Roberts,83,78,,,,0,,,,,,,,,,2,,0,Stillwater,OK,1,273,,,,-6.0,"32,51","31,47"
ncaab:401262502,ncaab,2020-12-09T01:00Z,final,235,2400,Memphis,Miss Valley St,94,57,,,,0,,,,,,,,,,2,,0,Memphis,TN,1,78,,,,-6.0,"55,39","29,28"
ncaab:401264602,ncaab,2020-12-09T01:00Z,final,139,2110,Saint Louis,C Arkansas,88,65,,,,0,,,,,,,,,,2,,0,St. Louis,MO,1,142,,,,-6.0,"39,49","27,38"
ncaab:401268036,ncaab,2020-12-09T01:00Z,final,2306,2231,Kansas St,Fort Hays,68,81,,,,0,,,,,,,,,,2,,0,Manhattan,KS,1,311,,,,-6.0,"29,39","35,46"
ncaab:401259954,ncaab,2020-12-09T01:30Z,final,93,2046,Murray St,Austin Peay,87,57,,,,0,,,,,,,,,,2,,0,Murray,KY,1,163,,,,-6.0,"41,46","18,39"
ncaab:401254045,ncaab,2020-12-09T02:00Z,void,239,2447,Baylor,Nicholls,,,,,,0,,,,,,,,,,2,,0,Waco,TX,1,143,,,,-6.0,,
ncaab:401255033,ncaab,2020-12-09T02:00Z,final,269,2739,Marquette,Green Bay,82,68,,,,0,,,,,,,,,,2,,0,Milwaukee,WI,1,188,,,,-6.0,"40,42","33,35"
ncaab:401256097,ncaab,2020-12-09T02:00Z,final,259,213,Virginia Tech,Penn State,55,75,,,,0,,,,,,,,,,2,,0,Blacksburg,VA,1,633,,,,-5.0,"23,32","42,33"
ncaab:401258869,ncaab,2020-12-09T02:00Z,final,344,2296,Mississippi St,Jackson St,82,59,,,,0,,,,,,,,,,2,,0,Starkville,MS,1,101,,,,-6.0,"34,48","30,29"
ncaab:401261641,ncaab,2020-12-09T02:00Z,void,2250,2627,Gonzaga,Tarleton St,,,,,,0,,,,,,,,,,2,,0,Spokane,WA,1,571,,,,-8.0,,
ncaab:401268230,ncaab,2020-12-09T02:00Z,final,2692,224,Weber St,Westminster UT,85,73,,,,0,,,,,,,,,,2,,0,Ogden,UT,1,1311,,,,-7.0,"51,34","31,42"
ncaab:401268497,ncaab,2020-12-09T02:00Z,final,328,3159,Utah State,Coll Idaho,90,64,,,,0,,,,,,,,,,2,,0,Logan,UT,1,1382,,,,-7.0,"44,46","33,31"
ncaab:401256094,ncaab,2020-12-09T02:30Z,final,150,356,Duke,Illinois,68,83,,,,0,,,,,,,,,,2,,0,Durham,NC,1,123,,,,-5.0,"29,39","43,40"
ncaab:401256099,ncaab,2020-12-09T02:30Z,final,164,183,Rutgers,Syracuse,79,69,,,,0,,,,,,,,,,2,,0,Piscataway,NJ,1,30,,,,-5.0,"34,45","30,39"
ncaab:401259313,ncaab,2020-12-09T03:00Z,final,2608,2638,Saint Mary's,UTEP,73,61,,,,0,,,,,,,,,,2,,0,Moraga,CA,1,152,,,,-8.0,"38,35","29,32"
ncaab:401264532,ncaab,2020-12-09T03:00Z,final,30,300,USC,UC Irvine,91,56,,,,0,,,,,,,,,,2,,0,Los Angeles,CA,1,89,,,,-8.0,"46,45","21,35"
ncaab:401265119,ncaab,2020-12-09T03:05Z,final,2502,2465,Portland St,Northwest U,88,48,,,,0,,,,,,,,,,2,,0,Portland,OR,1,12,,,,-8.0,"36,52","24,24"
ncaab:401268085,ncaab,2020-12-09T19:00Z,final,2515,2369,Radford,Mars Hill,98,50,,,,0,,,,,,,,,,2,,0,Radford,VA,1,567,,,,-5.0,"49,49","23,27"
ncaab:401264433,ncaab,2020-12-09T19:30Z,final,2097,2443,Campbell,LSU N Orleans,79,70,,,,1,,,,,,,,,,2,,0,Jacksonville,FL,1,5,,,,-5.0,"41,38","26,44"
ncaab:401258897,ncaab,2020-12-09T20:00Z,final,2350,2130,Loyola Chicago,Chicago St,88,51,,,,0,,,,,,,,,,2,,0,Chicago,IL,1,179,,,,-6.0,"39,49","31,20"
ncaab:401260572,ncaab,2020-12-09T21:00Z,void,2325,113,La Salle,UMass,,,,,,0,,,,,,,,,,2,,0,Philadelphia,PA,1,12,,,,-5.0,,
ncaab:401262130,ncaab,2020-12-09T21:00Z,final,161,2115,FDU,C Connecticut,79,71,,,,0,,,,,,,,,,2,,0,Hackensack,NJ,1,6,,,,-5.0,"39,40","32,39"
ncaab:401262131,ncaab,2020-12-09T21:00Z,final,2597,2803,St Francis BK,Bryant,93,91,,,,0,,,,,,,,,,2,,0,Brooklyn,NY,1,15,,,,-5.0,"38,55","48,43"
ncaab:401268090,ncaab,2020-12-09T21:30Z,final,275,227,Wisconsin,Rhode Island,73,62,,,,0,,,,,,,,,,2,,0,Madison,WI,1,267,,,,-6.0,"33,40","16,46"
ncaab:401253911,ncaab,2020-12-09T22:00Z,final,2628,2507,TCU,Providence,70,79,,,,0,,,,,,,,,,2,,0,Fort Worth,TX,1,199,,,,-6.0,"32,38","43,36"
ncaab:401256103,ncaab,2020-12-09T22:00Z,final,228,120,Clemson,Maryland,67,51,,,,0,,,,,,,,,,2,,0,Clemson,SC,1,221,,,,-5.0,"38,29","15,36"
ncaab:401259915,ncaab,2020-12-09T22:00Z,void,24,2351,Stanford,LMU,,,,,,0,,,,,,,,,,2,,0,Stanford,CA,1,23,,,,-8.0,,
ncaab:401262081,ncaab,2020-12-09T22:00Z,final,2132,231,Cincinnati,Furman,78,73,,,,0,,,,,,,,,,2,,0,Cincinnati,OH,1,191,,,,-5.0,"40,38","28,45"
ncaab:401266894,ncaab,2020-12-09T22:30Z,final,193,2710,Miami OH,W Illinois,67,57,,,,0,,,,,,,,,,2,,0,Oxford,OH,1,283,,,,-5.0,"28,39","21,36"
ncaab:401260702,ncaab,2020-12-09T23:00Z,final,257,2460,Richmond,Northern Iowa,78,68,,,,0,,,,,,,,,,2,,0,Richmond,VA,1,64,,,,-5.0,"31,47","33,35"
ncaab:401262110,ncaab,2020-12-09T23:00Z,final,2413,2975,Morehead St,Transylvania,77,55,,,,0,,,,,,,,,,2,,0,Morehead,KY,1,153,,,,-6.0,"36,41","24,31"
ncaab:401268513,ncaab,2020-12-09T23:00Z,final,130,2649,Michigan,Toledo,91,71,,,,0,,,,,,,,,,2,,0,Ann Arbor,MI,1,269,,,,-5.0,"44,47","26,45"
ncaab:401254082,ncaab,2020-12-10T00:00Z,void,277,2523,West Virginia,Robert Morris,,,,,,0,,,,,,,,,,2,,0,Morgantown,WV,1,271,,,,-5.0,,
ncaab:401254104,ncaab,2020-12-10T00:00Z,final,91,236,Bellarmine,Chattanooga,68,77,,,,0,,,,,,,,,,2,,0,Louisville,KY,1,142,,,,-5.0,"36,32","40,37"
ncaab:401257059,ncaab,2020-12-10T00:00Z,final,2433,2320,UL Monroe,Lamar,60,63,,,,0,,,,,,,,,,2,,0,Monroe,LA,1,23,,,,-6.0,"36,24","25,38"
ncaab:401257945,ncaab,2020-12-10T00:00Z,void,2241,2506,Gardner-Webb,Presbyterian,,,,,,0,,,,,,,,,,2,,0,Boiling Springs,NC,1,269,,,,-5.0,,
ncaab:401258891,ncaab,2020-12-10T00:00Z,final,2032,2029,Arkansas St,AR-Pine Bluff,74,75,,,,0,,,,,,,,,,2,,0,Jonesboro,AR,1,99,,,,-6.0,"31,43","41,34"
ncaab:401259034,ncaab,2020-12-10T00:00Z,final,339,2197,Evansville,E Illinois,68,65,,,,0,,,,,,,,,,2,,0,Evansville,IN,1,118,,,,-6.0,"34,34","19,46"
ncaab:401259296,ncaab,2020-12-10T00:00Z,final,232,276,Charleston,Marshall,72,84,,,,0,,,,,,,,,,2,,0,Charleston,SC,1,6,,,,-5.0,"43,29","43,41"
ncaab:401259309,ncaab,2020-12-10T00:00Z,void,2450,2729,Norfolk St,William & Mary,,,,,,0,,,,,,,,,,2,,0,Norfolk,VA,1,2,,,,-5.0,,
ncaab:401259562,ncaab,2020-12-10T00:00Z,final,2641,2000,Texas Tech,Abilene Chrstn,51,44,,,,0,,,,,,,,,,2,,0,Lubbock,TX,1,976,,,,-6.0,"23,28","14,30"
ncaab:401259573,ncaab,2020-12-10T00:00Z,final,2674,2565,Valparaiso,SIUE,80,58,,,,0,,,,,,,,,,2,,0,Valparaiso,IN,1,242,,,,-6.0,"33,47","22,36"
ncaab:401260044,ncaab,2020-12-10T00:00Z,final,2275,2619,Hofstra,Stony Brook,72,67,,,,0,,,,,,,,,,2,,0,Hempstead,NY,1,17,,,,-5.0,"42,30","29,38"
ncaab:401262089,ncaab,2020-12-10T00:00Z,final,2643,111946,The Citadel,Carver,102,51,,,,0,,,,,,,,,,2,,0,Charleston,SC,1,6,,,,-5.0,"54,48","19,32"
ncaab:401262155,ncaab,2020-12-10T00:00Z,final,350,2592,UNC Wilmington,St Andrews,116,66,,,,0,,,,,,,,,,2,,0,Wilmington,NC,1,9,,,,-5.0,"62,54","32,34"
ncaab:401262284,ncaab,2020-12-10T00:00Z,final,2670,2448,VCU,NC A&T,95,59,,,,0,,,,,,,,,,2,,0,Richmond,VA,1,64,,,,-5.0,"47,48","26,33"
ncaab:401262980,ncaab,2020-12-10T00:00Z,void,111,2349,Northeastern,UMass Lowell,,,,,,0,,,,,,,,,,2,,0,Boston,MA,1,14,,,,-5.0,,
ncaab:401263463,ncaab,2020-12-10T00:00Z,final,12,2934,Arizona,Bakersfield,85,60,,,,0,,,,,,,,,,2,,0,Tucson,AZ,1,759,,,,-7.0,"46,39","26,34"
ncaab:401264387,ncaab,2020-12-10T00:00Z,final,294,107730,Jacksonville,FL National,78,69,,,,0,,,,,,,,,,2,,0,Jacksonville,FL,1,5,,,,-5.0,"40,38","25,44"
ncaab:401264639,ncaab,2020-12-10T00:00Z,final,2199,2003,E Michigan,Adrian,95,35,,,,0,,,,,,,,,,2,,0,Ypsilanti,MI,1,219,,,,-5.0,"64,31","19,16"
ncaab:401266642,ncaab,2020-12-10T00:00Z,void,2198,109700,E Kentucky,Boyce,,,,,,0,,,,,,,,,,2,,0,Richmond,KY,1,289,,,,-5.0,,
ncaab:401266710,ncaab,2020-12-10T00:00Z,void,2633,2630,Tennessee,UT Martin,,,,,,0,,,,,,,,,,2,,0,Knoxville,TN,1,276,,,,-5.0,,
ncaab:401268225,ncaab,2020-12-10T00:00Z,final,2754,214,Youngstown St,Point Park,72,52,,,,0,,,,,,,,,,2,,0,Youngstown,OH,1,259,,,,-5.0,"26,46","25,27"
ncaab:401256100,ncaab,2020-12-10T00:15Z,final,158,59,Nebraska,Georgia Tech,64,75,,,,0,,,,,,,,,,2,,0,Lincoln,NE,1,367,,,,-6.0,"30,34","32,43"
ncaab:401256101,ncaab,2020-12-10T00:15Z,final,52,84,Florida St,Indiana,69,67,,,,0,,,,,,,,,,2,,0,Tallahassee,FL,1,62,,,,-5.0,"33,29,7","31,31,5"
ncaab:401253491,ncaab,2020-12-10T00:30Z,void,2535,2011,Samford,Alabama St,,,,,,0,,,,,,,,,,2,,0,Homewood,AL,1,203,,,,-6.0,,
ncaab:401254700,ncaab,2020-12-10T00:30Z,final,5,2657,UAB,Tuskegee,89,64,,,,0,,,,,,,,,,2,,0,Birmingham,AL,1,187,,,,-6.0,"35,54","26,38"
ncaab:401255053,ncaab,2020-12-10T00:30Z,final,2348,2545,Louisiana Tech,SE Louisiana,78,69,,,,0,,,,,,,,,,2,,0,Ruston,LA,1,102,,,,-6.0,"33,45","33,36"
ncaab:401254061,ncaab,2020-12-10T01:00Z,final,2752,201,Xavier,Oklahoma,99,77,,,,0,,,,,,,,,,2,,0,Cincinnati,OH,1,191,,,,-5.0,"48,51","39,38"
ncaab:401258417,ncaab,2020-12-10T01:00Z,final,288,2546,Lipscomb,SE Missouri,80,74,,,,0,,,,,,,,,,2,,0,Nashville,TN,1,170,,,,-6.0,"32,31,17","22,41,11"
ncaab:401260962,ncaab,2020-12-10T01:00Z,final,251,326,Texas,Texas St,74,53,,,,0,,,,,,,,,,2,,0,Austin,TX,1,149,,,,-6.0,"33,41","20,33"
ncaab:401261570,ncaab,2020-12-10T01:00Z,void,248,2534,Houston,Sam Houston,,,,,,0,,,,,,,,,,2,,0,Houston,TX,1,12,,,,-6.0,,
ncaab:401261578,ncaab,2020-12-10T01:00Z,final,2655,2572,Tulane,Southern Miss,58,38,,,,0,,,,,,,,,,2,,0,New Orleans,LA,1,0,,,,-6.0,"24,34","12,26"
ncaab:401261654,ncaab,2020-12-10T01:00Z,final,3084,253,Utah Valley,Southern Utah,71,81,,,,0,,,,,,,,,,2,,0,Orem,UT,1,1455,,,,-7.0,"33,38","42,39"
ncaab:401264469,ncaab,2020-12-10T01:00Z,final,2181,2816,Drake,McKendree,90,66,,,,0,,,,,,,,,,2,,0,Des Moines,IA,1,266,,,,-6.0,"45,45","36,30"
ncaab:401264526,ncaab,2020-12-10T01:00Z,final,23,2235,San José St,Fresno Pacific,87,79,,,,0,,,,,,,,,,2,,0,San Jose,CA,1,26,,,,-8.0,"52,35","32,47"
ncaab:401268102,ncaab,2020-12-10T01:00Z,final,8,2582,Arkansas,Southern,79,44,,,,0,,,,,,,,,,2,,0,Fayetteville,AR,1,427,,,,-6.0,"42,37","20,24"
ncaab:401268224,ncaab,2020-12-10T01:00Z,final,239,2617,Baylor,SF Austin,83,52,,,,0,,,,,,,,,,2,,0,Waco,TX,1,143,,,,-6.0,"38,45","22,30"
ncaab:401268591,ncaab,2020-12-10T01:00Z,final,2627,3166,Tarleton St,Arlington Bapt,84,43,,,,0,,,,,,,,,,2,,0,Stephenville,TX,1,388,,,,-6.0,"48,36","16,27"
ncaab:401258864,ncaab,2020-12-10T01:15Z,final,142,2335,Missouri,Liberty,69,60,,,,0,,,,,,,,,,2,,0,Columbia,MO,1,215,,,,-6.0,"28,41","32,28"
ncaab:401268567,ncaab,2020-12-10T01:30Z,final,2458,2862,N Colorado,CO Christian,87,62,,,,0,,,,,,,,,,2,,0,Greeley,CO,1,1425,,,,-7.0,"39,48","31,31"
ncaab:401260163,ncaab,2020-12-10T02:00Z,final,2751,2172,Wyoming,Denver,83,61,,,,0,,,,,,,,,,2,,0,Laramie,WY,1,2184,,,,-7.0,"45,38","25,36"
ncaab:401261636,ncaab,2020-12-10T02:00Z,final,252,68,BYU,Boise St,70,74,,,,0,,,,,,,,,,2,,0,Provo,UT,1,1387,,,,-7.0,"21,49","30,44"
ncaab:401262108,ncaab,2020-12-10T02:00Z,final,26,301,UCLA,San Diego,83,56,,,,0,,,,,,,,,,2,,0,Los Angeles,CA,1,89,,,,-8.0,"33,50","23,33"
ncaab:401262398,ncaab,2020-12-10T02:00Z,final,265,70,Washington St,Idaho,61,58,,,,0,,,,,,,,,,2,,0,Pullman,WA,1,717,,,,-8.0,"23,38","29,29"
ncaab:401263078,ncaab,2020-12-10T02:00Z,final,2492,25,Pepperdine,California,74,62,,,,0,,,,,,,,,,2,,0,Malibu,CA,1,32,,,,-8.0,"44,30","30,32"
ncaab:401266957,ncaab,2020-12-10T02:00Z,final,13,2541,Cal Poly,Santa Clara,69,76,,,,0,,,,,,,,,,2,,0,San Luis Obispo,CA,1,71,,,,-8.0,"43,26","33,43"
ncaab:401256104,ncaab,2020-12-10T02:15Z,void,258,127,Virginia,Michigan St,,,,,,0,,,,,,,,,,2,,0,Charlottesville,VA,1,142,,,,-5.0,,
ncaab:401256106,ncaab,2020-12-10T02:15Z,final,77,221,Northwestern,Pitt,70,71,,,,0,,,,,,,,,,2,,0,Evanston,IL,1,187,,,,-6.0,"33,37","22,49"
ncaab:401262683,ncaab,2020-12-10T02:30Z,void,2439,331,UNLV,E Washington,,,,,,0,,,,,,,,,,2,,0,Las Vegas,NV,1,610,,,,-8.0,,
ncaab:401259580,ncaab,2020-12-10T04:00Z,final,264,2547,Washington,Seattle U,73,41,,,,0,,,,,,,,,,2,,0,Seattle,WA,1,56,,,,-8.0,"37,36","22,19"
ncaab:401268062,ncaab,2020-12-10T04:00Z,final,2483,50,Oregon,Florida A&M,87,66,,,,0,,,,,,,,,,2,,0,Eugene,OR,1,131,,,,-8.0,"47,40","35,31"
ncaab:401264434,ncaab,2020-12-10T18:00Z,final,2097,107730,Campbell,FL National,122,92,,,,1,,,,,,,,,,2,,0,Jacksonville,FL,1,5,,,,-5.0,"62,60","46,46"
ncaab:401266895,ncaab,2020-12-10T19:00Z,final,2710,2419,W Illinois,Mt St Joseph,80,55,,,,1,,,,,,,,,,2,,0,Oxford,OH,1,283,,,,-5.0,"48,32","26,29"
ncaab:401268588,ncaab,2020-12-10T19:00Z,final,195,368,Ohio,Purdue NW,92,72,,,,0,,,,,,,,,,2,,0,Athens,OH,1,219,,,,-5.0,"36,56","40,32"
ncaab:401267777,ncaab,2020-12-10T21:00Z,final,2084,2385,Buffalo,Mercyhurst,81,64,,,,0,,,,,,,,,,2,,0,Buffalo,NY,1,183,,,,-5.0,"50,31","29,35"
ncaab:401259042,ncaab,2020-12-10T22:00Z,final,151,2454,East Carolina,North Florida,73,67,,,,0,,,,,,,,,,2,,0,Greenville,NC,1,18,,,,-5.0,"40,33","38,29"
ncaab:401264388,ncaab,2020-12-10T22:00Z,final,294,2443,Jacksonville,LSU N Orleans,77,70,,,,0,,,,,,,,,,2,,0,Jacksonville,FL,1,5,,,,-5.0,"37,40","33,37"
ncaab:401257623,ncaab,2020-12-10T23:00Z,void,2579,2747,South Carolina,Wofford,,,,,,0,,,,,,,,,,2,,0,Columbia,SC,1,89,,,,-5.0,,
ncaab:401262111,ncaab,2020-12-10T23:00Z,final,2413,2975,Morehead St,Transylvania,81,55,,,,0,,,,,,,,,,2,,0,Morehead,KY,1,153,,,,-6.0,"38,43","27,28"
ncaab:401263097,ncaab,2020-12-10T23:00Z,void,2261,111926,Hampton,Regent,,,,,,0,,,,,,,,,,2,,0,Hampton,VA,1,1,,,,-5.0,,
ncaab:401261722,ncaab,2020-12-10T23:30Z,final,233,155,South Dakota,North Dakota,71,75,,,,1,,,,,,,,,,2,,0,Sioux Falls,SD,1,448,,,,-6.0,"29,42","35,40"
ncaab:401258903,ncaab,2020-12-11T00:00Z,final,2453,2653,North Alabama,Troy,57,62,,,,0,,,,,,,,,,2,,0,Florence,AL,1,167,,,,-6.0,"25,32","38,24"
ncaab:401261746,ncaab,2020-12-11T00:00Z,void,2678,2382,VMI,Mercer,,,,,,0,,,,,,,,,,2,,0,Lexington,VA,1,324,,,,-5.0,,
ncaab:401262126,ncaab,2020-12-11T00:00Z,void,112358,2771,Long Island,Merrimack,,,,,,0,,,,,,,,,,2,,0,Brooklyn,NY,1,15,,,,-5.0,,
ncaab:401264379,ncaab,2020-12-11T00:00Z,void,56,3244,Stetson,Florida Col,,,,,,0,,,,,,,,,,2,,0,DeLand,FL,1,12,,,,-5.0,,
ncaab:401264529,ncaab,2020-12-11T00:00Z,void,2198,109700,E Kentucky,Boyce,,,,,,0,,,,,,,,,,2,,0,Richmond,KY,1,289,,,,-5.0,,
ncaab:401268091,ncaab,2020-12-11T00:00Z,final,2154,2430,Coppin St,UNC Greensboro,86,80,,,,0,,,,,,,,,,2,,0,Baltimore,MD,1,10,,,,-5.0,"35,51","35,45"
ncaab:401268797,ncaab,2020-12-11T00:30Z,final,2534,2326,Sam Houston,LeTourneau,107,65,,,,0,,,,,,,,,,2,,0,Huntsville,TX,1,113,,,,-6.0,"50,57","29,36"
ncaab:401268813,ncaab,2020-12-11T00:30Z,final,2856,3249,CA Baptist,St Katherine,93,47,,,,0,,,,,,,,,,2,,0,Riverside,CA,1,252,,,,-8.0,"46,47","27,20"
ncaab:401257377,ncaab,2020-12-11T01:00Z,final,357,292,Texas A&M-CC,UT Rio Grande,64,68,,,,0,,,,,,,,,,2,,0,Corpus Christi,TX,1,2,,,,-6.0,"34,30","35,33"
ncaab:401261508,ncaab,2020-12-11T01:00Z,void,2447,111921,Nicholls,Campbellsv HB,,,,,,0,,,,,,,,,,2,,0,Thibodaux,LA,1,4,,,,-6.0,,
ncaab:401262166,ncaab,2020-12-11T01:00Z,final,98,2241,Western KY,Gardner-Webb,86,84,,,,0,,,,,,,,,,2,,0,Bowling Green,KY,1,161,,,,-6.0,"40,46","43,41"
ncaab:401262489,ncaab,2020-12-11T01:00Z,final,2464,27,N Arizona,UC Riverside,50,74,,,,0,,,,,,,,,,2,,0,Flagstaff,AZ,1,2104,,,,-7.0,"16,34","43,31"
ncaab:401263454,ncaab,2020-12-11T01:00Z,final,135,140,Minnesota,Kansas City,90,61,,,,0,,,,,,,,,,2,,0,Minneapolis,MN,1,253,,,,-6.0,"43,47","31,30"
ncaab:401263921,ncaab,2020-12-11T01:00Z,final,204,2501,Oregon St,Portland,86,87,,,,0,,,,,,,,,,2,,0,Corvallis,OR,1,71,,,,-8.0,"29,42,15","36,35,16"
ncaab:401266775,ncaab,2020-12-11T01:00Z,final,145,2296,Ole Miss,Jackson St,80,45,,,,0,,,,,,,,,,2,,0,Oxford,MS,1,154,,,,-6.0,"41,39","12,33"
ncaab:401268798,ncaab,2020-12-11T01:00Z,void,2229,2227,FIU,FL Memorial,,,,,,0,,,,,,,,,,2,,0,Miami,FL,1,2,,,,-5.0,,
ncaab:401261642,ncaab,2020-12-11T02:00Z,void,2250,2582,Gonzaga,Southern,,,,,,0,,,,,,,,,,2,,0,Spokane,WA,1,571,,,,-8.0,,
ncaab:401261723,ncaab,2020-12-11T02:00Z,final,2571,2449,S Dakota St,N Dakota St,77,75,,,,1,,,,,,,,,,2,,0,Sioux Falls,SD,1,448,,,,-6.0,"33,44","26,49"
ncaab:401264440,ncaab,2020-12-11T02:00Z,final,2539,299,San Francisco,Long Beach St,107,62,,,,0,,,,,,,,,,2,,0,San Francisco,CA,1,16,,,,-8.0,"44,63","25,37"
ncaab:401262674,ncaab,2020-12-11T03:00Z,final,9,21,Arizona St,San Diego St,68,80,,,,0,,,,,,,,,,2,,0,Tempe,AZ,1,360,,,,-7.0,"33,35","35,45"
ncaab:401262132,ncaab,2020-12-11T05:00Z,void,112358,2771,Long Island,Merrimack,,,,,,0,,,,,,,,,,2,,0,Brooklyn,NY,1,15,,,,-5.0,,
ncaab:401268239,ncaab,2020-12-11T18:30Z,final,113,111,UMass,Northeastern,94,79,,,,0,,,,,,,,,,2,,0,Amherst,MA,1,82,,,,-5.0,"47,47","36,43"
ncaab:401268678,ncaab,2020-12-11T20:00Z,final,277,249,West Virginia,North Texas,62,50,,,,0,,,,,,,,,,2,,0,Morgantown,WV,1,271,,,,-5.0,"21,41","29,21"
ncaab:401268223,ncaab,2020-12-11T21:30Z,final,2550,2599,Seton Hall,St John's,77,68,,,,0,,,,,,,,,,2,,0,Newark,NJ,1,9,,,,-5.0,"35,42","30,38"
ncaab:401257947,ncaab,2020-12-11T22:00Z,void,2427,2272,UNC Asheville,High Point,,,,,,0,,,,,,,,,,2,,0,Asheville,NC,1,649,,,,-5.0,,
ncaab:401259883,ncaab,2020-12-11T22:00Z,final,2429,2026,Charlotte,App State,57,61,,,,0,,,,,,,,,,2,,0,Charlotte,NC,1,229,,,,-5.0,"33,24","24,37"
ncaab:401268642,ncaab,2020-12-11T22:05Z,final,331,3159,E Washington,Coll Idaho,80,56,,,,0,,,,,,,,,,2,,0,Cheney,WA,1,717,,,,-8.0,"43,37","23,33"
ncaab:401266896,ncaab,2020-12-11T22:30Z,final,193,2419,Miami OH,Mt St Joseph,79,64,,,,0,,,,,,,,,,2,,0,Oxford,OH,1,283,,,,-5.0,"40,39","28,36"
ncaab:401261844,ncaab,2020-12-11T23:00Z,final,2363,2520,Manhattan,Rider,64,82,,,,0,,,,,,,,,,2,,0,Riverdale,NY,1,159,,,,-8.0,"38,26","43,39"
ncaab:401268836,ncaab,2020-12-11T23:00Z,final,2640,2326,Texas Southern,LeTourneau,103,60,,,,0,,,,,,,,,,2,,0,Houston,TX,1,12,,,,-6.0,"47,56","21,39"
ncaab:401261724,ncaab,2020-12-11T23:30Z,final,155,2571,North Dakota,S Dakota St,62,74,,,,1,,,,,,,,,,2,,0,Sioux Falls,SD,1,448,,,,-6.0,"31,31","32,42"
ncaab:401252796,ncaab,2020-12-12T00:00Z,final,232,2569,Charleston,SC State,90,63,,,,0,,,,,,,,,,2,,0,Charleston,SC,1,6,,,,-5.0,"44,46","33,30"
ncaab:401254035,ncaab,2020-12-12T00:00Z,final,2305,2437,Kansas,Omaha,95,50,,,,0,,,,,,,,,,2,,0,Lawrence,KS,1,263,,,,-6.0,"45,50","22,28"
ncaab:401254978,ncaab,2020-12-12T00:00Z,final,46,222,Georgetown,Villanova,63,76,,,,0,,,,,,,,,,2,,0,Washington,DC,1,7,,,,-5.0,"46,17","33,43"
ncaab:401259377,ncaab,2020-12-12T00:00Z,void,116,2378,Mount St Marys,UMBC,,,,,,0,,,,,,,,,,2,,0,Emmitsburg,MD,1,133,,,,-5.0,,
ncaab:401259568,ncaab,2020-12-12T00:00Z,void,2529,42,Sacred Heart,Hartford,,,,,,0,,,,,,,,,,2,,0,Fairfield,CT,1,4,,,,-8.0,,
ncaab:401261716,ncaab,2020-12-12T00:00Z,final,250,2810,UT Arlington,Hardin Simmons,91,66,,,,0,,,,,,,,,,2,,0,Arlington,TX,1,184,,,,-6.0,"59,32","31,35"
ncaab:401261841,ncaab,2020-12-12T00:00Z,final,2099,2368,Canisius,Marist,81,72,,,,0,,,,,,,,,,2,,0,Buffalo,NY,1,183,,,,-5.0,"36,45","30,42"
ncaab:401262075,ncaab,2020-12-12T00:00Z,void,2430,286,UNC Greensboro,NC Wesleyan,,,,,,0,,,,,,,,,,2,,0,Greensboro,NC,1,266,,,,-5.0,,
ncaab:401262524,ncaab,2020-12-12T00:00Z,final,2166,290,Davidson,GA Southern,77,45,,,,0,,,,,,,,,,2,,0,Davidson,NC,1,256,,,,-5.0,"38,39","18,27"
ncaab:401263602,ncaab,2020-12-12T00:00Z,final,156,158,Creighton,Nebraska,98,74,,,,0,,,,,,,,,,2,,0,Omaha,NE,1,323,,,,-6.0,"44,54","40,34"
ncaab:401268496,ncaab,2020-12-12T00:00Z,final,2217,314,Fairfield,Iona,42,70,,,,0,,,,,,,,,,2,,0,Fairfield,CT,1,4,,,,-8.0,"22,20","32,38"
ncaab:401268800,ncaab,2020-12-12T00:00Z,final,48,45,Delaware,G Washington,68,65,,,,0,,,,,,,,,,2,,0,Newark,DE,1,38,,,,-5.0,"37,31","37,28"
ncaab:401259955,ncaab,2020-12-12T00:30Z,final,79,93,S Illinois,Murray St,70,66,,,,0,,,,,,,,,,2,,0,Carbondale,IL,1,126,,,,-6.0,"40,30","32,34"
ncaab:401262257,ncaab,2020-12-12T00:30Z,void,2377,111921,McNeese,Campbellsv HB,,,,,,0,,,,,,,,,,2,,0,Lake Charles,LA,1,4,,,,-6.0,,
ncaab:401254053,ncaab,2020-12-12T01:00Z,final,2306,270,Kansas St,Milwaukee,76,75,,,,0,,,,,,,,,,2,,0,Manhattan,KS,1,311,,,,-6.0,"38,38","31,44"
ncaab:401261451,ncaab,2020-12-12T01:00Z,final,2277,3134,Hou Christian,Champ Chrstn,93,60,,,,0,,,,,,,,,,2,,0,Houston,TX,1,12,,,,-6.0,"50,43","31,29"
ncaab:401261845,ncaab,2020-12-12T01:00Z,final,2612,315,Saint Peter's,Niagara,70,54,,,,0,,,,,,,,,,2,,0,Jersey City,NJ,1,9,,,,-5.0,"32,38","21,33"
ncaab:401262992,ncaab,2020-12-12T01:00Z,void,238,2428,Vanderbilt,NC Central,,,,,,0,,,,,,,,,,2,,0,Nashville,TN,1,170,,,,-6.0,,
ncaab:401258892,ncaab,2020-12-12T01:30Z,final,2032,3079,Arkansas St,Cent Baptist,81,69,,,,0,,,,,,,,,,2,,0,Jonesboro,AR,1,99,,,,-6.0,"42,39","29,40"
ncaab:401268835,ncaab,2020-12-12T01:30Z,final,2458,2518,N Colorado,Regis U,83,58,,,,0,,,,,,,,,,2,,0,Greeley,CO,1,1425,,,,-7.0,"39,44","27,31"
ncaab:401261725,ncaab,2020-12-12T02:00Z,final,2449,233,N Dakota St,South Dakota,74,67,,,,1,,,,,,,,,,2,,0,Sioux Falls,SD,1,448,,,,-6.0,"27,47","30,37"
ncaab:401262474,ncaab,2020-12-12T02:00Z,final,2253,2440,Grand Canyon,Nevada,87,77,,,,0,,,,,,,,,,2,,0,Phoenix,AZ,1,331,,,,-7.0,"43,44","44,33"
ncaab:401265149,ncaab,2020-12-12T02:00Z,final,2294,66,Iowa,Iowa State,105,77,,,,0,,,,,,,,,,2,,0,Iowa City,IA,1,204,,,,-6.0,"52,53","41,36"
ncaab:401268834,ncaab,2020-12-12T02:00Z,void,301,2239,San Diego,Fullerton,,,,,,0,,,,,,,,,,2,,0,San Diego,CA,1,20,,,,-8.0,,
ncaab:401255034,ncaab,2020-12-12T02:30Z,final,26,269,UCLA,Marquette,69,60,,,,0,,,,,,,,,,2,,0,Los Angeles,CA,1,89,,,,-8.0,"36,33","34,26"
ncaab:401268500,ncaab,2020-12-12T03:00Z,final,2608,23,Saint Mary's,San José St,96,61,,,,0,,,,,,,,,,2,,0,Moraga,CA,1,152,,,,-8.0,"57,39","27,34"
ncaab:401268803,ncaab,2020-12-12T04:59Z,final,62,2269,Hawai'i,HI Pacific,83,50,,,,0,,,,,,,,,,2,,0,Honolulu,HI,1,5,,,,-10.0,"30,53","25,25"
ncaab:401255697,ncaab,2020-12-12T05:00Z,void,278,13,Fresno St,Cal Poly,,,,,,0,,,,,,,,,,2,,0,Fresno,CA,1,94,,,,-8.0,,
ncaab:401264663,ncaab,2020-12-12T05:00Z,void,2870,190,Purdue FW,Defiance,,,,,,0,,,,,,,,,,2,,0,Fort Wayne,IN,1,247,,,,-5.0,,
ncaab:401256760,ncaab,2020-12-12T16:00Z,final,52,57,Florida St,Florida,83,71,,,,0,,,,,,,,,,2,,0,Tallahassee,FL,1,62,,,,-5.0,"45,38","35,36"
ncaab:401257572,ncaab,2020-12-12T16:00Z,void,2244,256,George Mason,James Madison,,,,,,1,,,,,,,,,,2,,0,Richmond,VA,1,64,,,,-5.0,,
ncaab:401257601,ncaab,2020-12-12T17:00Z,final,2649,140,Toledo,Kansas City,64,57,,,,0,,,,,,,,,,2,,0,Toledo,OH,1,186,,,,-5.0,"38,26","28,29"
ncaab:401258860,ncaab,2020-12-12T17:00Z,final,96,87,Kentucky,Notre Dame,63,64,,,,0,,,,,,,,,,2,,0,Lexington,KY,1,295,,,,-5.0,"26,37","48,16"
ncaab:401259554,ncaab,2020-12-12T17:00Z,final,2390,526,Miami,FGCU,62,66,,,,0,,,,,,,,,,2,,0,Coral Gables,FL,1,3,,,,-5.0,"28,34","28,38"
ncaab:401262480,ncaab,2020-12-12T17:00Z,void,2460,2739,Northern Iowa,Green Bay,,,,,,0,,,,,,,,,,2,,0,Cedar Falls,IA,1,268,,,,-6.0,,
ncaab:401266893,ncaab,2020-12-12T17:00Z,final,85,2634,IU Indy,Tennessee St,69,66,,,,1,,,,,,,,,,2,,0,Indianapolis,IN,1,218,,,,-5.0,"41,28","37,29"
ncaab:401268593,ncaab,2020-12-12T17:00Z,final,58,2747,South Florida,Wofford,58,56,,,,1,,,,,,,,,,2,,0,Atlanta,GA,1,320,,,,-5.0,"25,33","24,32"
ncaab:401269113,ncaab,2020-12-12T17:00Z,final,2226,2227,FAU,FL Memorial,112,49,,,,0,,,,,,,,,,2,,0,Boca Raton,FL,1,4,,,,-5.0,"51,61","16,33"
ncaab:401258875,ncaab,2020-12-12T17:30Z,final,2633,2132,Tennessee,Cincinnati,65,56,,,,0,,,,,,,,,,2,,0,Knoxville,TN,1,276,,,,-5.0,"30,35","24,32"
ncaab:401260045,ncaab,2020-12-12T18:00Z,final,2803,2619,Bryant,Stony Brook,81,72,,,,0,,,,,,,,,,2,,0,Smithfield,RI,1,84,,,,-5.0,"37,44","41,31"
ncaab:401260173,ncaab,2020-12-12T18:00Z,final,103,183,Boston College,Syracuse,63,101,,,,0,,,,,,,,,,2,,0,Chestnut Hill,MA,1,60,,,,-5.0,"30,33","48,53"
ncaab:401260699,ncaab,2020-12-12T18:00Z,void,2230,311,Fordham,Maine,,,,,,0,,,,,,,,,,2,,0,Bronx,NY,1,28,,,,-5.0,,
ncaab:401269074,ncaab,2020-12-12T18:00Z,final,2335,3242,Liberty,Columbia Int'l,73,26,,,,0,,,,,,,,,,2,,0,Lynchburg,VA,1,192,,,,-5.0,"47,26","9,17"
ncaab:401253912,ncaab,2020-12-12T19:00Z,final,2628,245,TCU,Texas A&M,73,55,,,,1,,,,,,,,,,2,,0,Fort Worth,TX,1,199,,,,-6.0,"42,31","21,34"
ncaab:401256941,ncaab,2020-12-12T19:00Z,void,2885,160,NJIT,New Hampshire,,,,,,0,,,,,,,,,,2,,0,Newark,NJ,1,9,,,,-5.0,,
ncaab:401257378,ncaab,2020-12-12T19:00Z,final,2641,357,Texas Tech,Texas A&M-CC,77,57,,,,1,,,,,,,,,,2,,0,Frisco,TX,1,212,,,,-6.0,"33,44","21,36"
ncaab:401257948,ncaab,2020-12-12T19:00Z,final,2427,2272,UNC Asheville,High Point,80,67,,,,0,,,,,,,,,,2,,0,Asheville,NC,1,649,,,,-5.0,"45,35","34,33"
ncaab:401259569,ncaab,2020-12-12T19:00Z,void,2529,226,Sacred Heart,RI College,,,,,,0,,,,,,,,,,2,,0,Fairfield,CT,1,4,,,,-8.0,,
ncaab:401260033,ncaab,2020-12-12T19:00Z,final,2182,2325,Drexel,La Salle,48,58,,,,0,,,,,,,,,,2,,0,Philadelphia,PA,1,12,,,,-5.0,"23,25","32,26"
ncaab:401260335,ncaab,2020-12-12T19:00Z,void,150,2127,Duke,Charleston So,,,,,,0,,,,,,,,,,2,,0,Durham,NC,1,123,,,,-5.0,,
ncaab:401261440,ncaab,2020-12-12T19:00Z,final,2000,241,Abilene Chrstn,McMurry,83,46,,,,0,,,,,,,,,,2,,0,Abilene,TX,1,524,,,,-6.0,"29,54","24,22"
ncaab:401261485,ncaab,2020-12-12T19:00Z,void,2916,2755,Incarnate Word,Grambling,,,,,,0,,,,,,,,,,2,,0,San Antonio,TX,1,198,,,,-6.0,,
ncaab:401261571,ncaab,2020-12-12T19:00Z,void,248,242,Houston,Rice,,,,,,0,,,,,,,,,,2,,0,Houston,TX,1,12,,,,-6.0,,
ncaab:401261579,ncaab,2020-12-12T19:00Z,final,2655,2029,Tulane,AR-Pine Bluff,67,56,,,,0,,,,,,,,,,2,,0,New Orleans,LA,1,0,,,,-6.0,"36,31","25,31"
ncaab:401262082,ncaab,2020-12-12T19:00Z,final,231,2228,Furman,Flagler,86,61,,,,0,,,,,,,,,,2,,0,Greenville,SC,1,307,,,,-5.0,"50,36","25,36"
ncaab:401262410,ncaab,2020-12-12T19:00Z,final,338,3247,Kennesaw St,Dalton St,72,62,,,,0,,,,,,,,,,2,,0,Kennesaw,GA,1,332,,,,-5.0,"34,38","32,30"
ncaab:401262412,ncaab,2020-12-12T19:00Z,void,2335,108942,Liberty,Carolina U,,,,,,0,,,,,,,,,,2,,0,Lynchburg,VA,1,192,,,,-5.0,,
ncaab:401264460,ncaab,2020-12-12T19:00Z,final,2711,2174,W Michigan,Detroit Mercy,57,67,,,,0,,,,,,,,,,2,,0,Kalamazoo,MI,1,239,,,,-5.0,"33,24","29,38"
ncaab:401266645,ncaab,2020-12-12T19:00Z,void,179,2598,St Bonaventure,Saint Francis,,,,,,0,,,,,,,,,,2,,0,Saint Bonaventure,NY,1,435,,,,-5.0,,
ncaab:401266779,ncaab,2020-12-12T19:00Z,final,236,2455,Chattanooga,North Georgia,81,63,,,,0,,,,,,,,,,2,,0,Chattanooga,TN,1,206,,,,-5.0,"48,33","24,39"
ncaab:401267854,ncaab,2020-12-12T19:00Z,void,2692,328,Weber St,Utah State,,,,,,0,,,,,,,,,,2,,0,Ogden,UT,1,1311,,,,-7.0,,
ncaab:401268498,ncaab,2020-12-12T19:00Z,void,2066,2523,Binghamton,Robert Morris,,,,,,0,,,,,,,,,,2,,0,Binghamton,NY,1,264,,,,-5.0,,
ncaab:401268610,ncaab,2020-12-12T19:00Z,final,153,2428,North Carolina,NC Central,73,67,,,,0,,,,,,,,,,2,,0,Chapel Hill,NC,1,148,,,,-5.0,"30,43","28,39"
ncaab:401268849,ncaab,2020-12-12T19:00Z,final,2006,2109,Akron,Cedarville,97,49,,,,0,,,,,,,,,,2,,0,Akron,OH,1,291,,,,-5.0,"39,58","24,25"
ncaab:401269093,ncaab,2020-12-12T19:00Z,void,2066,2514,Binghamton,Quinnipiac,,,,,,0,,,,,,,,,,2,,0,Binghamton,NY,1,264,,,,-5.0,,
ncaab:401269133,ncaab,2020-12-12T19:00Z,final,304,3246,Idaho St,Bethesda,87,48,,,,0,,,,,,,,,,2,,0,Pocatello,ID,1,1360,,,,-7.0,"42,45","26,22"
ncaab:401255651,ncaab,2020-12-12T19:30Z,void,58,99,South Florida,LSU,,,,,,1,,,,,,,,,,2,,0,Atlanta,GA,1,320,,,,-5.0,,
ncaab:401254068,ncaab,2020-12-12T20:00Z,final,2724,197,Wichita St,Oklahoma St,64,67,,,,0,,,,,,,,,,2,,0,Wichita,KS,1,396,,,,-6.0,"34,30","40,27"
ncaab:401255764,ncaab,2020-12-12T20:00Z,final,2172,3101,Denver,Utah Tech,70,73,,,,0,,,,,,,,,,2,,0,Denver,CO,1,1609,,,,-7.0,"36,34","40,33"
ncaab:401258870,ncaab,2020-12-12T20:00Z,final,2168,344,Dayton,Mississippi St,85,82,,,,1,,,,,,,,,,2,,0,Atlanta,GA,1,320,,,,-5.0,"25,39,8,13","33,31,8,10"
ncaab:401260048,ncaab,2020-12-12T20:00Z,void,198,202,Oral Roberts,Tulsa,,,,,,0,,,,,,,,,,2,,0,Tulsa,OK,1,220,,,,-6.0,,
ncaab:401260573,ncaab,2020-12-12T20:00Z,void,2603,218,Saint Joseph's,Temple,,,,,,0,,,,,,,,,,2,,0,Philadelphia,PA,1,12,,,,-5.0,,
ncaab:401261662,ncaab,2020-12-12T20:00Z,final,2572,6,Southern Miss,South Alabama,75,76,,,,0,,,,,,,,,,2,,0,Hattiesburg,MS,1,52,,,,-6.0,"37,38","31,45"
ncaab:401263101,ncaab,2020-12-12T20:00Z,void,139,339,Saint Louis,Evansville,,,,,,0,,,,,,,,,,2,,0,St. Louis,MO,1,142,,,,-6.0,,
ncaab:401269135,ncaab,2020-12-12T20:00Z,final,198,3238,Oral Roberts,SW Christian U,111,58,,,,0,,,,,,,,,,2,,0,Tulsa,OK,1,220,,,,-6.0,"56,55","30,28"
ncaab:401254701,ncaab,2020-12-12T21:00Z,final,2193,5,ETSU,UAB,61,65,,,,0,,,,,,,,,,2,,0,Johnson City,TN,1,498,,,,-5.0,"25,36","22,43"
ncaab:401257949,ncaab,2020-12-12T21:00Z,final,2908,2737,SC Upstate,Winthrop,77,95,,,,0,,,,,,,,,,2,,0,Spartanburg,SC,1,246,,,,-5.0,"34,43","57,38"
ncaab:401260164,ncaab,2020-12-12T21:00Z,final,3084,2751,Utah Valley,Wyoming,88,93,,,,0,,,,,,,,,,2,,0,Orem,UT,1,1455,,,,-7.0,"41,47","48,45"
ncaab:401260357,ncaab,2020-12-12T21:00Z,final,221,2241,Pitt,Gardner-Webb,67,50,,,,0,,,,,,,,,,2,,0,Pittsburgh,PA,1,233,,,,-5.0,"27,40","18,32"
ncaab:401261739,ncaab,2020-12-12T21:00Z,final,2448,2717,NC A&T,W Carolina,98,104,,,,0,,,,,,,,,,2,,0,Greensboro,NC,1,266,,,,-5.0,"36,52,10","48,40,16"
ncaab:401262399,ncaab,2020-12-12T21:00Z,final,2934,70,Bakersfield,Idaho,76,66,,,,0,,,,,,,,,,2,,0,Bakersfield,CA,1,123,,,,-8.0,"44,32","37,29"
ncaab:401266671,ncaab,2020-12-12T21:00Z,final,2198,2975,E Kentucky,Transylvania,81,60,,,,0,,,,,,,,,,2,,0,Richmond,KY,1,289,,,,-5.0,"52,29","41,19"
ncaab:401269062,ncaab,2020-12-12T21:00Z,final,36,49865,Colorado St,CSU Pueblo,89,77,,,,0,,,,,,,,,,2,,0,Fort Collins,CO,1,1525,,,,-7.0,"40,49","42,35"
ncaab:401269136,ncaab,2020-12-12T21:00Z,final,149,123391,Montana,Yellowstone ,102,42,,,,0,,,,,,,,,,2,,0,Missoula,MT,1,978,,,,-7.0,"49,53","19,23"
ncaab:401264522,ncaab,2020-12-12T21:30Z,final,2117,2674,C Michigan,Valparaiso,84,79,,,,0,,,,,,,,,,2,,0,Mount Pleasant,MI,1,235,,,,-5.0,"44,40","30,49"
ncaab:401252483,ncaab,2020-12-12T22:00Z,final,2454,2229,North Florida,FIU,80,77,,,,0,,,,,,,,,,2,,0,Jacksonville,FL,1,5,,,,-5.0,"44,36","36,41"
ncaab:401254062,ncaab,2020-12-12T22:00Z,final,201,50,Oklahoma,Florida A&M,85,54,,,,0,,,,,,,,,,2,,0,Norman,OK,1,357,,,,-6.0,"41,44","27,27"
ncaab:401257074,ncaab,2020-12-12T22:00Z,final,2433,2617,UL Monroe,SF Austin,66,55,,,,0,,,,,,,,,,2,,0,Monroe,LA,1,23,,,,-6.0,"29,37","26,29"
ncaab:401257338,ncaab,2020-12-12T22:00Z,final,145,350,Ole Miss,UNC Wilmington,78,58,,,,0,,,,,,,,,,2,,0,Oxford,MS,1,154,,,,-6.0,"38,40","18,40"
ncaab:401258418,ncaab,2020-12-12T22:00Z,void,2630,2546,UT Martin,SE Missouri,,,,,,0,,,,,,,,,,2,,0,Martin,TN,1,124,,,,-6.0,,
ncaab:401259035,ncaab,2020-12-12T22:00Z,final,2197,2710,E Illinois,W Illinois,92,88,,,,0,,,,,,,,,,2,,0,Charleston,IL,1,204,,,,-6.0,"45,47","32,56"
ncaab:401259051,ncaab,2020-12-12T22:00Z,final,2393,2157,MTSU,Covenant,76,57,,,,0,,,,,,,,,,2,,0,Murfreesboro,TN,1,186,,,,-6.0,"35,41","22,35"
ncaab:401259302,ncaab,2020-12-12T22:00Z,final,2670,295,VCU,Old Dominion,77,54,,,,0,,,,,,,,,,2,,0,Richmond,VA,1,64,,,,-5.0,"40,37","22,32"
ncaab:401260350,ncaab,2020-12-12T22:00Z,void,2541,16,Santa Clara,Sacramento St,,,,,,1,,,,,,,,,,2,,0,Santa Cruz,CA,1,11,,,,-8.0,,
ncaab:401260963,ncaab,2020-12-12T22:00Z,final,326,3158,Texas St,Lady of Lake,58,61,,,,0,,,,,,,,,,2,,0,San Marcos,TX,1,188,,,,-6.0,"30,28","31,30"
ncaab:401261650,ncaab,2020-12-12T22:00Z,final,2351,2540,LMU,Santa Barbara,81,76,,,,0,,,,,,,,,,2,,0,Los Angeles,CA,1,89,,,,-8.0,"42,39","38,38"
ncaab:401261734,ncaab,2020-12-12T22:00Z,final,2466,3134,N'Western St,Champ Chrstn,77,44,,,,0,,,,,,,,,,2,,0,Natchitoches,LA,1,36,,,,-6.0,"41,36","27,17"
ncaab:401264542,ncaab,2020-12-12T22:00Z,final,324,2256,Coastal,Greensboro,103,45,,,,0,,,,,,,,,,2,,0,Conway,SC,1,10,,,,-5.0,"56,47","15,30"
ncaab:401263119,ncaab,2020-12-12T22:30Z,final,2,235,Auburn,Memphis,74,71,,,,1,,,,,,,,,,2,,0,Atlanta,GA,1,320,,,,-5.0,"37,37","38,33"
ncaab:401255675,ncaab,2020-12-12T23:00Z,void,279,302,Pacific,UC Davis,,,,,,0,,,,,,,,,,2,,0,Stockton,CA,1,4,,,,-8.0,,
ncaab:401261638,ncaab,2020-12-12T23:00Z,final,252,254,BYU,Utah,82,64,,,,0,,,,,,,,,,2,,0,Provo,UT,1,1387,,,,-7.0,"40,42","27,37"
ncaab:401261849,ncaab,2020-12-12T23:00Z,final,2363,2520,Manhattan,Rider,87,77,,,,0,,,,,,,,,,2,,0,Riverdale,NY,1,159,,,,-8.0,"44,43","41,36"
ncaab:401268080,ncaab,2020-12-12T23:00Z,final,12,2638,Arizona,UTEP,69,61,,,,0,,,,,,,,,,2,,0,Tucson,AZ,1,759,,,,-7.0,"35,34","27,34"
ncaab:401268802,ncaab,2020-12-12T23:00Z,final,2856,2235,CA Baptist,Fresno Pacific,110,71,,,,0,,,,,,,,,,2,,0,Riverside,CA,1,252,,,,-8.0,"48,62","27,44"
ncaab:401254981,ncaab,2020-12-12T23:30Z,void,2507,2752,Providence,Xavier,,,,,,0,,,,,,,,,,2,,0,Providence,RI,1,2,,,,-5.0,,
ncaab:401261726,ncaab,2020-12-12T23:30Z,final,2449,155,N Dakota St,North Dakota,53,52,,,,1,,,,,,,,,,2,,0,Sioux Falls,SD,1,448,,,,-6.0,"26,27","29,23"
ncaab:401253492,ncaab,2020-12-13T00:00Z,final,61,2535,Georgia,Samford,79,75,,,,0,,,,,,,,,,2,,0,Athens,GA,1,228,,,,-5.0,"31,48","35,40"
ncaab:401253503,ncaab,2020-12-13T00:00Z,final,309,2348,Louisiana,Louisiana Tech,61,56,,,,0,,,,,,,,,,2,,0,Lafayette,LA,1,11,,,,-6.0,"21,40","35,21"
ncaab:401260345,ncaab,2020-12-13T00:00Z,void,152,2226,NC State,FAU,,,,,,0,,,,,,,,,,2,,0,Raleigh,NC,1,96,,,,-5.0,,
ncaab:401261846,ncaab,2020-12-13T00:00Z,final,2099,2368,Canisius,Marist,52,56,,,,0,,,,,,,,,,2,,0,Buffalo,NY,1,183,,,,-5.0,"23,29","28,28"
ncaab:401261847,ncaab,2020-12-13T00:00Z,void,2217,2561,Fairfield,Siena,,,,,,0,,,,,,,,,,2,,0,Fairfield,CT,1,4,,,,-8.0,,
ncaab:401264455,ncaab,2020-12-13T00:00Z,final,2050,2287,Ball State,Illinois St,82,66,,,,0,,,,,,,,,,2,,0,Muncie,IN,1,284,,,,-5.0,"50,32","36,30"
ncaab:401266736,ncaab,2020-12-13T00:00Z,void,2514,314,Quinnipiac,Iona,,,,,,0,,,,,,,,,,2,,0,Hamden,CT,1,31,,,,-5.0,,
ncaab:401268993,ncaab,2020-12-13T00:00Z,final,2217,314,Fairfield,Iona,67,52,,,,0,,,,,,,,,,2,,0,Fairfield,CT,1,4,,,,-8.0,"36,31","23,29"
ncaab:401254086,ncaab,2020-12-13T00:30Z,final,2509,282,Purdue,Indiana St,80,68,,,,0,,,,,,,,,,2,,0,West Lafayette,IN,1,186,,,,-5.0,"38,42","29,39"
ncaab:401268237,ncaab,2020-12-13T00:30Z,final,2377,111946,McNeese,Carver,96,53,,,,0,,,,,,,,,,2,,0,Lake Charles,LA,1,4,,,,-6.0,"44,52","29,24"
ncaab:401257346,ncaab,2020-12-13T01:00Z,final,8,2110,Arkansas,C Arkansas,100,75,,,,0,,,,,,,,,,2,,0,Fayetteville,AR,1,427,,,,-6.0,"41,59","35,40"
ncaab:401257444,ncaab,2020-12-13T01:00Z,final,264,2483,Washington,Oregon,71,74,,,,0,,,,,,,,,,2,,0,Seattle,WA,1,56,,,,-8.0,"31,40","41,33"
ncaab:401257927,ncaab,2020-12-13T01:00Z,final,333,228,Alabama,Clemson,56,64,,,,1,,,,,,,,,,2,,0,Atlanta,GA,1,320,,,,-5.0,"30,26","34,30"
ncaab:401260367,ncaab,2020-12-13T01:00Z,final,288,2057,Lipscomb,Belmont,71,81,,,,0,,,,,,,,,,2,,0,Nashville,TN,1,170,,,,-6.0,"38,33","47,34"
ncaab:401261520,ncaab,2020-12-13T01:00Z,void,2623,2545,Missouri St,SE Louisiana,,,,,,0,,,,,,,,,,2,,0,Springfield,MO,1,396,,,,-6.0,,
ncaab:401261850,ncaab,2020-12-13T01:00Z,final,2612,315,Saint Peter's,Niagara,53,49,,,,0,,,,,,,,,,2,,0,Jersey City,NJ,1,9,,,,-5.0,"21,32","23,26"
ncaab:401262374,ncaab,2020-12-13T01:00Z,final,142,356,Missouri,Illinois,81,78,,,,0,,,,,,,,,,2,,0,Columbia,MO,1,215,,,,-6.0,"49,32","41,37"
ncaab:401261727,ncaab,2020-12-13T02:00Z,final,2571,233,S Dakota St,South Dakota,78,91,,,,1,,,,,,,,,,2,,0,Sioux Falls,SD,1,448,,,,-6.0,"41,37","56,35"
ncaab:401263079,ncaab,2020-12-13T02:00Z,final,2492,2463,Pepperdine,CSU Northridge,84,89,,,,0,,,,,,,,,,2,,0,Malibu,CA,1,32,,,,-8.0,"37,47","42,47"
ncaab:401261643,ncaab,2020-12-13T03:30Z,void,2250,2464,Gonzaga,N Arizona,,,,,,0,,,,,,,,,,2,,0,Spokane,WA,1,571,,,,-8.0,,
ncaab:401262114,ncaab,2020-12-13T05:00Z,void,62,2016,Hawai'i,Alcorn St,,,,,,0,,,,,,,,,,2,,0,Honolulu,HI,1,5,,,,-10.0,,
ncaab:401255582,ncaab,2020-12-13T17:00Z,final,98,227,Western KY,Rhode Island,68,65,,,,0,,,,,,,,,,2,,0,Bowling Green,KY,1,161,,,,-6.0,"33,35","27,38"
ncaab:401262383,ncaab,2020-12-13T17:00Z,final,84,2453,Indiana,North Alabama,87,52,,,,0,,,,,,,,,,2,,0,Bloomington,IN,1,235,,,,-5.0,"40,47","24,28"
ncaab:401263448,ncaab,2020-12-13T17:00Z,final,127,2473,Michigan St,Oakland,109,91,,,,0,,,,,,,,,,2,,0,East Lansing,MI,1,261,,,,-5.0,"44,65","40,51"
ncaab:401264662,ncaab,2020-12-13T17:00Z,final,111,113,Northeastern,UMass,78,75,,,,0,,,,,,,,,,2,,0,Boston,MA,1,14,,,,-5.0,"31,47","30,45"
ncaab:401265894,ncaab,2020-12-13T17:00Z,final,189,2750,Bowling Green,Wright St,67,85,,,,0,,,,,,,,,,2,,0,Bowling Green,OH,1,212,,,,-5.0,"21,46","54,31"
ncaab:401254083,ncaab,2020-12-13T18:00Z,final,277,257,West Virginia,Richmond,87,71,,,,0,,,,,,,,,,2,,0,Morgantown,WV,1,271,,,,-5.0,"52,35","30,41"
ncaab:401257611,ncaab,2020-12-13T18:00Z,void,2415,91,Morgan St,Bellarmine,,,,,,0,,,,,,,,,,2,,0,Baltimore,MD,1,10,,,,-5.0,,
ncaab:401261747,ncaab,2020-12-13T18:00Z,final,2678,2261,VMI,Hampton,79,64,,,,0,,,,,,,,,,2,,0,Lexington,VA,1,324,,,,-5.0,"44,35","35,29"
ncaab:401268841,ncaab,2020-12-13T18:00Z,final,2066,2754,Binghamton,Youngstown St,65,79,,,,0,,,,,,,,,,2,,0,Binghamton,NY,1,264,,,,-5.0,"38,27","31,48"
ncaab:401268994,ncaab,2020-12-13T18:00Z,final,2427,2272,UNC Asheville,High Point,90,84,,,,0,,,,,,,,,,2,,0,Asheville,NC,1,649,,,,-5.0,"31,42,17","35,38,11"
ncaab:401254036,ncaab,2020-12-13T19:00Z,void,2305,2627,Kansas,Tarleton St,,,,,,0,,,,,,,,,,2,,0,Lawrence,KS,1,263,,,,-6.0,,
ncaab:401256942,ncaab,2020-12-13T19:00Z,void,2885,160,NJIT,New Hampshire,,,,,,0,,,,,,,,,,2,,0,Newark,NJ,1,9,,,,-5.0,,
ncaab:401257950,ncaab,2020-12-13T19:00Z,final,2908,2737,SC Upstate,Winthrop,77,107,,,,0,,,,,,,,,,2,,0,Spartanburg,SC,1,246,,,,-5.0,"35,42","48,59"
ncaab:401259297,ncaab,2020-12-13T19:00Z,final,276,195,Marshall,Ohio,81,67,,,,0,,,,,,,,,,2,,0,Huntington,WV,1,173,,,,-5.0,"35,46","33,34"
ncaab:401262422,ncaab,2020-12-13T19:00Z,final,2569,294,SC State,Jacksonville,58,60,,,,0,,,,,,,,,,2,,0,Orangeburg,SC,1,74,,,,-5.0,"34,24","28,32"
ncaab:401262503,ncaab,2020-12-13T19:00Z,final,238,2400,Vanderbilt,Miss Valley St,84,41,,,,0,,,,,,,,,,2,,0,Nashville,TN,1,170,,,,-6.0,"34,50","22,19"
ncaab:401262514,ncaab,2020-12-13T19:00Z,final,2309,94,Kent State,N Kentucky,92,73,,,,0,,,,,,,,,,2,,0,Kent,OH,1,325,,,,-5.0,"52,40","37,36"
ncaab:401262677,ncaab,2020-12-13T19:00Z,final,2294,2459,Iowa,N Illinois,106,53,,,,0,,,,,,,,,,2,,0,Iowa City,IA,1,204,,,,-6.0,"51,55","27,26"
ncaab:401263326,ncaab,2020-12-13T19:00Z,final,130,213,Michigan,Penn State,62,58,,,,0,,,,,,,,,,2,,0,Ann Arbor,MI,1,269,,,,-5.0,"36,26","27,31"
ncaab:401264453,ncaab,2020-12-13T19:00Z,final,2711,270,W Michigan,Milwaukee,63,71,,,,0,,,,,,,,,,2,,0,Kalamazoo,MI,1,239,,,,-5.0,"32,31","40,31"
ncaab:401264493,ncaab,2020-12-13T19:00Z,final,2181,2005,Drake,Air Force,81,53,,,,0,,,,,,,,,,2,,0,Des Moines,IA,1,266,,,,-6.0,"38,43","28,25"
ncaab:401264664,ncaab,2020-12-13T19:00Z,void,2870,190,Purdue FW,Defiance,,,,,,0,,,,,,,,,,2,,0,Fort Wayne,IN,1,247,,,,-5.0,,
ncaab:401267725,ncaab,2020-12-13T19:00Z,final,82,2350,UIC,Loyola Chicago,66,77,,,,0,,,,,,,,,,2,,0,Chicago,IL,1,179,,,,-6.0,"33,33","41,36"
ncaab:401268495,ncaab,2020-12-13T19:00Z,final,2430,2450,UNC Greensboro,Norfolk St,64,47,,,,0,,,,,,,,,,2,,0,Greensboro,NC,1,266,,,,-5.0,"24,40","27,20"
ncaab:401253831,ncaab,2020-12-13T20:00Z,void,239,251,Baylor,Texas,,,,,,0,,,,,,,,,,2,,0,Waco,TX,1,143,,,,-6.0,,
ncaab:401259839,ncaab,2020-12-13T20:00Z,final,2154,2378,Coppin St,UMBC,49,66,,,,0,,,,,,,,,,2,,0,Baltimore,MD,1,10,,,,-5.0,"24,25","22,44"
ncaab:401264463,ncaab,2020-12-13T20:00Z,final,25,2539,California,San Francisco,72,70,,,,0,,,,,,,,,,2,,0,Berkeley,CA,1,52,,,,-8.0,"29,43","37,33"
ncaab:401268853,ncaab,2020-12-13T20:00Z,final,2653,3079,Troy,Cent Baptist,61,44,,,,0,,,,,,,,,,2,,0,Troy,AL,1,165,,,,-6.0,"35,26","24,20"
ncaab:401269454,ncaab,2020-12-13T20:00Z,final,242,167,Rice,New Mexico,61,72,,,,0,,,,,,,,,,2,,0,Houston,TX,1,12,,,,-6.0,"25,36","31,41"
ncaab:401259574,ncaab,2020-12-13T21:00Z,void,77,2565,Northwestern,SIUE,,,,,,0,,,,,,,,,,2,,0,Evanston,IL,1,187,,,,-6.0,,
ncaab:401262475,ncaab,2020-12-13T21:00Z,final,2253,9,Grand Canyon,Arizona St,70,71,,,,0,,,,,,,,,,2,,0,Phoenix,AZ,1,331,,,,-7.0,"30,40","29,42"
ncaab:401268053,ncaab,2020-12-13T21:00Z,final,194,325,Ohio State,Cleveland St,67,61,,,,0,,,,,,,,,,2,,0,Columbus,OH,1,235,,,,-5.0,"31,36","24,37"
ncaab:401268566,ncaab,2020-12-13T21:00Z,final,13,23,Cal Poly,San José St,73,71,,,,0,,,,,,,,,,2,,0,San Luis Obispo,CA,1,71,,,,-8.0,"32,41","36,35"
ncaab:401268589,ncaab,2020-12-13T21:00Z,final,147,123391,Montana St,Yellowstone ,114,74,,,,0,,,,,,,,,,2,,0,Bozeman,MT,1,1468,,,,-7.0,"55,59","40,34"
ncaab:401269193,ncaab,2020-12-13T21:00Z,final,68,2692,Boise St,Weber St,70,59,,,,0,,,,,,,,,,2,,0,Boise,ID,1,823,,,,-7.0,"35,35","26,33"
ncaab:401258408,ncaab,2020-12-13T22:00Z,final,2635,55,Tennessee Tech,Jax State,67,73,,,,0,,,,,,,,,,2,,0,Cookeville,TN,1,334,,,,-6.0,"27,40","33,40"
ncaab:401262978,ncaab,2020-12-13T22:00Z,final,265,2502,Washington St,Portland St,69,60,,,,0,,,,,,,,,,2,,0,Pullman,WA,1,717,,,,-8.0,"30,39","22,38"
ncaab:401259024,ncaab,2020-12-13T23:00Z,final,290,2382,GA Southern,Mercer,75,77,,,,0,,,,,,,,,,2,,0,Statesboro,GA,1,77,,,,-5.0,"40,35","32,45"
ncaab:401259537,ncaab,2020-12-13T23:00Z,void,154,2506,Wake Forest,Presbyterian,,,,,,0,,,,,,,,,,2,,0,Winston-Salem,NC,1,293,,,,-5.0,,
ncaab:401259929,ncaab,2020-12-13T23:00Z,void,258,2729,Virginia,William & Mary,,,,,,0,,,,,,,,,,2,,0,Charlottesville,VA,1,142,,,,-5.0,,
ncaab:401269313,ncaab,2020-12-13T23:00Z,final,2239,3096,Fullerton,S Diego Christ,94,70,,,,0,,,,,,,,,,2,,0,Fullerton,CA,1,50,,,,-8.0,"52,42","23,47"
ncaab:401254982,ncaab,2020-12-14T00:30Z,void,46,41,Georgetown,UConn,,,,,,0,,,,,,,,,,2,,0,Washington,DC,1,7,,,,-5.0,,
ncaab:401268587,ncaab,2020-12-14T00:30Z,final,46,2599,Georgetown,St John's,97,94,,,,0,,,,,,,,,,2,,0,Washington,DC,1,7,,,,-5.0,"42,46,9","40,48,6"
ncaab:401259581,ncaab,2020-12-14T02:00Z,final,2547,2465,Seattle U,Northwest U,89,40,,,,0,,,,,,,,,,2,,0,Seattle,WA,1,56,,,,-8.0,"34,55","25,15"
ncaab:401257445,ncaab,2020-12-14T02:30Z,void,30,24,USC,Stanford,,,,,,0,,,,,,,,,,2,,0,Los Angeles,CA,1,89,,,,-8.0,,
ncaab:401254984,ncaab,2020-12-14T05:00Z,void,222,305,Villanova,DePaul,,,,,,0,,,,,,,,,,2,,0,Villanova,PA,1,121,,,,-5.0,,
ncaab:401268590,ncaab,2020-12-14T17:00Z,final,99,2534,LSU,Sam Houston,88,66,,,,0,,,,,,,,,,2,,0,Baton Rouge,LA,1,14,,,,-6.0,"45,43","37,29"
ncaab:401269682,ncaab,2020-12-14T21:00Z,final,2754,2706,Youngstown St,WVU Tech,80,66,,,,0,,,,,,,,,,2,,0,Youngstown,OH,1,259,,,,-5.0,"37,43","43,23"
ncaab:401269253,ncaab,2020-12-14T21:30Z,final,2117,2595,C Michigan,St Francis IL,91,39,,,,0,,,,,,,,,,2,,0,Mount Pleasant,MI,1,235,,,,-5.0,"38,53","25,14"
ncaab:401254983,ncaab,2020-12-14T22:00Z,void,2086,2599,Butler,St John's,,,,,,0,,,,,,,,,,2,,0,Indianapolis,IN,1,218,,,,-5.0,,
ncaab:401257951,ncaab,2020-12-14T23:00Z,final,2515,2344,Radford,Longwood,67,66,,,,0,,,,,,,,,,2,,0,Radford,VA,1,567,,,,-5.0,"35,32","27,39"
ncaab:401258399,ncaab,2020-12-14T23:00Z,final,2413,2198,Morehead St,E Kentucky,75,62,,,,0,,,,,,,,,,2,,0,Morehead,KY,1,153,,,,-6.0,"35,40","33,29"
ncaab:401263327,ncaab,2020-12-14T23:00Z,final,120,164,Maryland,Rutgers,60,74,,,,0,,,,,,,,,,2,,0,College Park,MD,1,21,,,,-5.0,"28,32","27,47"
ncaab:401268854,ncaab,2020-12-14T23:00Z,final,2506,111946,Presbyterian,Carver,85,46,,,,0,,,,,,,,,,2,,0,Clinton,SC,1,76,,,,-5.0,"46,39","30,16"
ncaab:401269196,ncaab,2020-12-15T00:00Z,final,45,2729,G Washington,William & Mary,84,85,,,,0,,,,,,,,,,2,,0,Washington,DC,1,7,,,,-5.0,"46,29,9","31,44,10"
ncaab:401269533,ncaab,2020-12-15T00:00Z,final,292,3082,UT Rio Grande,TX A&M Int'l,89,51,,,,0,,,,,,,,,,2,,0,Edinburg,TX,1,30,,,,-6.0,"35,54","19,32"
ncaab:401262258,ncaab,2020-12-15T00:30Z,final,2377,3166,McNeese,Arlington Bapt,110,64,,,,0,,,,,,,,,,2,,0,Lake Charles,LA,1,4,,,,-6.0,"50,60","28,36"
ncaab:401258710,ncaab,2020-12-15T01:00Z,void,2916,292,Incarnate Word,UT Rio Grande,,,,,,0,,,,,,,,,,2,,0,San Antonio,TX,1,198,,,,-6.0,,
ncaab:401262671,ncaab,2020-12-15T01:00Z,final,2046,2816,Austin Peay,McKendree,82,68,,,,0,,,,,,,,,,2,,0,Clarksville,TN,1,145,,,,-6.0,"40,42","35,33"
ncaab:401266777,ncaab,2020-12-15T01:00Z,final,145,2110,Ole Miss,C Arkansas,68,54,,,,0,,,,,,,,,,2,,0,Oxford,MS,1,154,,,,-6.0,"35,33","23,31"
ncaab:401269386,ncaab,2020-12-15T01:00Z,final,36,2464,Colorado St,N Arizona,91,52,,,,0,,,,,,,,,,2,,0,Fort Collins,CO,1,1525,,,,-7.0,"35,56","32,20"
ncaab:401254985,ncaab,2020-12-15T02:00Z,final,156,269,Creighton,Marquette,84,89,,,,0,,,,,,,,,,2,,0,Omaha,NE,1,323,,,,-6.0,"44,40","35,54"
ncaab:401261644,ncaab,2020-12-15T02:00Z,void,2250,70,Gonzaga,Idaho,,,,,,0,,,,,,,,,,2,,0,Spokane,WA,1,571,,,,-8.0,,
ncaab:401262401,ncaab,2020-12-15T02:00Z,final,38,2458,Colorado,N Colorado,81,45,,,,0,,,,,,,,,,2,,0,Boulder,CO,1,1624,,,,-7.0,"45,36","21,24"
ncaab:401262713,ncaab,2020-12-15T02:00Z,final,301,2440,San Diego,Nevada,72,79,,,,0,,,,,,,,,,2,,0,San Diego,CA,1,20,,,,-8.0,"26,46","31,48"
ncaab:401262684,ncaab,2020-12-15T02:30Z,void,2439,2492,UNLV,Pepperdine,,,,,,0,,,,,,,,,,2,,0,Las Vegas,NV,1,610,,,,-8.0,,
ncaab:401260354,ncaab,2020-12-15T05:00Z,void,2428,2127,NC Central,Charleston So,,,,,,0,,,,,,,,,,2,,0,Durham,NC,1,123,,,,-5.0,,
ncaab:401268083,ncaab,2020-12-15T18:00Z,final,2619,214,Stony Brook,Point Park,83,39,,,,0,,,,,,,,,,2,,0,Stony Brook,NY,1,27,,,,-5.0,"40,43","17,22"
ncaab:401262672,ncaab,2020-12-15T19:00Z,final,2006,179,Akron,St Bonaventure,74,81,,,,1,,,,,,,,,,2,,0,Cleveland,OH,1,199,,,,-5.0,"25,49","36,45"
ncaab:401258898,ncaab,2020-12-15T20:00Z,final,2287,2130,Illinois St,Chicago St,91,62,,,,0,,,,,,,,,,2,,0,Normal,IL,1,244,,,,-6.0,"36,55","30,32"
ncaab:401261452,ncaab,2020-12-15T20:00Z,final,242,2277,Rice,Hou Christian,90,79,,,,0,,,,,,,,,,2,,0,Houston,TX,1,12,,,,-6.0,"43,47","34,45"
ncaab:401268914,ncaab,2020-12-15T20:00Z,final,2630,2064,UT Martin,Bethel (TN),95,60,,,,0,,,,,,,,,,2,,0,Martin,TN,1,124,,,,-6.0,"45,50","26,34"
ncaab:401270014,ncaab,2020-12-15T21:00Z,final,77,2825,Northwestern,Quincy,100,48,,,,0,,,,,,,,,,2,,0,Evanston,IL,1,187,,,,-6.0,"47,53","17,31"
ncaab:401262174,ncaab,2020-12-15T22:00Z,final,2115,2597,C Connecticut,St Francis BK,86,91,,,,0,,,,,,,,,,2,,0,New Britain,CT,1,51,,,,-5.0,"41,45","44,47"
ncaab:401266889,ncaab,2020-12-15T22:00Z,void,96,2174,Kentucky,Detroit Mercy,,,,,,0,,,,,,,,,,2,,0,Lexington,KY,1,295,,,,-5.0,,
ncaab:401269213,ncaab,2020-12-15T22:00Z,final,2463,24,CSU Northridge,Stanford,71,82,,,,0,,,,,,,,,,2,,0,Northridge,CA,1,246,,,,-8.0,"33,38","36,46"
ncaab:401268996,ncaab,2020-12-15T22:30Z,final,193,2084,Miami OH,Buffalo,62,90,,,,0,,,,,,,,,,2,,0,Oxford,OH,1,283,,,,-5.0,"28,34","47,43"
ncaab:401257624,ncaab,2020-12-15T23:00Z,final,2747,324,Wofford,Coastal,88,77,,,,0,,,,,,,,,,2,,0,Spartanburg,SC,1,246,,,,-5.0,"42,46","32,45"
ncaab:401257952,ncaab,2020-12-15T23:00Z,final,2515,2344,Radford,Longwood,62,53,,,,0,,,,,,,,,,2,,0,Radford,VA,1,567,,,,-5.0,"20,42","30,23"
ncaab:401260361,ncaab,2020-12-15T23:00Z,void,2272,229,High Point,Coker,,,,,,0,,,,,,,,,,2,,0,High Point,NC,1,281,,,,-5.0,,
ncaab:401262871,ncaab,2020-12-15T23:00Z,final,290,111946,GA Southern,Carver,92,27,,,,0,,,,,,,,,,2,,0,Statesboro,GA,1,77,,,,-5.0,"51,41","12,15"
ncaab:401260174,ncaab,2020-12-15T23:30Z,final,259,228,Virginia Tech,Clemson,66,60,,,,0,,,,,,,,,,2,,0,Blacksburg,VA,1,633,,,,-5.0,"32,34","27,33"
ncaab:401257616,ncaab,2020-12-16T00:00Z,final,245,2545,Texas A&M,SE Louisiana,69,52,,,,0,,,,,,,,,,2,,0,College Station,TX,1,103,,,,-6.0,"31,38","19,33"
ncaab:401258419,ncaab,2020-12-16T00:00Z,final,339,2546,Evansville,SE Missouri,66,63,,,,0,,,,,,,,,,2,,0,Evansville,IN,1,118,,,,-6.0,"24,32,10","26,30,7"
ncaab:401258876,ncaab,2020-12-16T00:00Z,final,2633,2026,Tennessee,App State,79,38,,,,0,,,,,,,,,,2,,0,Knoxville,TN,1,276,,,,-5.0,"36,43","13,25"
ncaab:401261655,ncaab,2020-12-16T00:00Z,final,254,3084,Utah,Utah Valley,75,67,,,,0,,,,,,,,,,2,,0,Salt Lake City,UT,1,1299,,,,-7.0,"41,34","35,32"
ncaab:401261740,ncaab,2020-12-16T00:00Z,final,2670,2717,VCU,W Carolina,93,68,,,,0,,,,,,,,,,2,,0,Richmond,VA,1,64,,,,-5.0,"43,50","30,38"
ncaab:401261748,ncaab,2020-12-16T00:00Z,final,2678,111921,VMI,Campbellsv HB,106,72,,,,0,,,,,,,,,,2,,0,Lexington,VA,1,324,,,,-5.0,"59,47","34,38"
ncaab:401262076,ncaab,2020-12-16T00:00Z,final,2430,2908,UNC Greensboro,SC Upstate,65,57,,,,0,,,,,,,,,,2,,0,Greensboro,NC,1,266,,,,-5.0,"28,37","24,33"
ncaab:401262161,ncaab,2020-12-16T00:00Z,final,56,2226,Stetson,FAU,78,69,,,,0,,,,,,,,,,2,,0,DeLand,FL,1,12,,,,-5.0,"39,39","30,39"
ncaab:401262177,ncaab,2020-12-16T00:00Z,void,116,2681,Mount St Marys,Wagner,,,,,,0,,,,,,,,,,2,,0,Emmitsburg,MD,1,133,,,,-5.0,,
ncaab:401262413,ncaab,2020-12-16T00:00Z,final,2335,2569,Liberty,SC State,82,52,,,,0,,,,,,,,,,2,,0,Lynchburg,VA,1,192,,,,-5.0,"44,38","17,35"
ncaab:401262525,ncaab,2020-12-16T00:00Z,final,2166,2429,Davidson,Charlotte,52,63,,,,0,,,,,,,,,,2,,0,Davidson,NC,1,256,,,,-5.0,"27,25","33,30"
ncaab:401263092,ncaab,2020-12-16T00:00Z,final,309,2443,Louisiana,LSU N Orleans,73,63,,,,0,,,,,,,,,,2,,0,Lafayette,LA,1,11,,,,-6.0,"31,42","35,28"
ncaab:401263328,ncaab,2020-12-16T00:00Z,final,356,135,Illinois,Minnesota,92,65,,,,0,,,,,,,,,,2,,0,Champaign,IL,1,225,,,,-6.0,"40,52","29,36"
ncaab:401264241,ncaab,2020-12-16T00:00Z,final,202,2724,Tulsa,Wichita St,65,69,,,,0,,,,,,,,,,2,,0,Tulsa,OK,1,220,,,,-6.0,"29,36","43,26"
ncaab:401264400,ncaab,2020-12-16T00:00Z,final,2,2640,Auburn,Texas Southern,80,63,,,,0,,,,,,,,,,2,,0,Auburn,AL,1,215,,,,-6.0,"39,41","40,23"
ncaab:401266892,ncaab,2020-12-16T00:00Z,final,2405,2275,Monmouth,Hofstra,88,96,,,,0,,,,,,,,,,2,,0,West Long Branch,NJ,1,9,,,,-5.0,"47,41","49,47"
ncaab:401269004,ncaab,2020-12-16T00:00Z,void,27,3246,UC Riverside,Bethesda,,,,,,0,,,,,,,,,,2,,0,Riverside,CA,1,252,,,,-8.0,,
ncaab:401269692,ncaab,2020-12-16T00:00Z,final,2193,2241,ETSU,Gardner-Webb,65,60,,,,0,,,,,,,,,,2,,0,Johnson City,TN,1,498,,,,-5.0,"28,37","30,30"
ncaab:401270009,ncaab,2020-12-16T00:00Z,final,167,3158,New Mexico,Lady of Lake,104,65,,,,1,,,,,,,,,,2,,0,Houston,TX,1,12,,,,-6.0,"52,52","35,30"
ncaab:401255054,ncaab,2020-12-16T00:30Z,final,2348,2296,Louisiana Tech,Jackson St,85,58,,,,0,,,,,,,,,,2,,0,Ruston,LA,1,102,,,,-6.0,"47,38","27,31"
ncaab:401257075,ncaab,2020-12-16T00:30Z,void,2031,123286,Little Rock,TAMU-Texarkana,,,,,,0,,,,,,,,,,2,,0,Little Rock,AR,1,102,,,,-6.0,,
ncaab:401268238,ncaab,2020-12-16T00:30Z,final,2377,3166,McNeese,Arlington Bapt,114,50,,,,0,,,,,,,,,,2,,0,Lake Charles,LA,1,4,,,,-6.0,"57,57","22,28"
ncaab:401253306,ncaab,2020-12-16T01:00Z,final,139,282,Saint Louis,Indiana St,78,59,,,,0,,,,,,,,,,2,,0,St. Louis,MO,1,142,,,,-6.0,"35,43","28,31"
ncaab:401253505,ncaab,2020-12-16T01:00Z,final,326,357,Texas St,Texas A&M-CC,51,46,,,,0,,,,,,,,,,2,,0,San Marcos,TX,1,188,,,,-6.0,"27,24","25,21"
ncaab:401254986,ncaab,2020-12-16T01:00Z,void,2752,2550,Xavier,Seton Hall,,,,,,0,,,,,,,,,,2,,0,Cincinnati,OH,1,191,,,,-5.0,,
ncaab:401257061,ncaab,2020-12-16T01:00Z,final,2320,2572,Lamar,Southern Miss,63,66,,,,0,,,,,,,,,,2,,0,Beaumont,TX,1,5,,,,-6.0,"20,43","33,33"
ncaab:401261733,ncaab,2020-12-16T01:00Z,final,198,487,Oral Roberts,Bacone,96,65,,,,0,,,,,,,,,,2,,0,Tulsa,OK,1,220,,,,-6.0,"48,48","28,37"
ncaab:401262378,ncaab,2020-12-16T01:00Z,final,288,2906,Lipscomb,Trevecca,61,45,,,,0,,,,,,,,,,2,,0,Nashville,TN,1,170,,,,-6.0,"31,30","21,24"
ncaab:401264576,ncaab,2020-12-16T01:00Z,final,249,2029,North Texas,AR-Pine Bluff,81,56,,,,0,,,,,,,,,,2,,0,Denton,TX,1,201,,,,-6.0,"36,45","32,24"
ncaab:401268850,ncaab,2020-12-16T01:00Z,final,2501,3159,Portland,Coll Idaho,88,74,,,,0,,,,,,,,,,2,,0,Portland,OR,1,12,,,,-8.0,"40,48","25,49"
ncaab:401268997,ncaab,2020-12-16T01:00Z,final,93,2975,Murray St,Transylvania,90,49,,,,0,,,,,,,,,,2,,0,Murray,KY,1,163,,,,-6.0,"38,52","29,20"
ncaab:401269002,ncaab,2020-12-16T01:00Z,void,239,2627,Baylor,Tarleton St,,,,,,0,,,,,,,,,,2,,0,Waco,TX,1,143,,,,-6.0,,
ncaab:401269392,ncaab,2020-12-16T01:00Z,final,275,2350,Wisconsin,Loyola Chicago,77,63,,,,0,,,,,,,,,,2,,0,Madison,WI,1,267,,,,-6.0,"31,46","26,37"
ncaab:401260175,ncaab,2020-12-16T01:30Z,final,52,59,Florida St,Georgia Tech,74,61,,,,0,,,,,,,,,,2,,0,Tallahassee,FL,1,62,,,,-5.0,"36,38","29,32"
ncaab:401266747,ncaab,2020-12-16T01:30Z,final,2046,50,Austin Peay,Florida A&M,70,76,,,,0,,,,,,,,,,2,,0,Clarksville,TN,1,145,,,,-6.0,"34,36","34,42"
ncaab:401253832,ncaab,2020-12-16T02:00Z,final,66,2306,Iowa State,Kansas St,65,74,,,,0,,,,,,,,,,2,,0,Ames,IA,1,287,,,,-6.0,"26,39","40,34"
ncaab:401255765,ncaab,2020-12-16T02:00Z,void,328,3101,Utah State,Utah Tech,,,,,,0,,,,,,,,,,2,,0,Logan,UT,1,1382,,,,-7.0,,
ncaab:401257928,ncaab,2020-12-16T02:00Z,final,333,231,Alabama,Furman,83,80,,,,0,,,,,,,,,,2,,0,Tuscaloosa,AL,1,68,,,,-6.0,"37,46","47,33"
ncaab:401259289,ncaab,2020-12-16T02:00Z,void,304,2202,Idaho St,Eastern Oregon,,,,,,0,,,,,,,,,,2,,0,Pocatello,ID,1,1360,,,,-7.0,,
ncaab:401259582,ncaab,2020-12-16T02:00Z,void,2547,3106,Seattle U,Corban,,,,,,0,,,,,,,,,,2,,0,Seattle,WA,1,56,,,,-8.0,,
ncaab:401262487,ncaab,2020-12-16T02:00Z,void,2253,112679,Grand Canyon,Nelson,,,,,,0,,,,,,,,,,2,,0,Phoenix,AZ,1,331,,,,-7.0,,
ncaab:401264240,ncaab,2020-12-16T02:00Z,void,248,2116,Houston,UCF,,,,,,0,,,,,,,,,,2,,0,Houston,TX,1,12,,,,-6.0,,
ncaab:401268653,ncaab,2020-12-16T02:00Z,void,26,299,UCLA,Long Beach St,,,,,,0,,,,,,,,,,2,,0,Los Angeles,CA,1,89,,,,-8.0,,
ncaab:401270015,ncaab,2020-12-16T02:00Z,final,2541,2235,Santa Clara,Fresno Pacific,88,65,,,,0,,,,,,,,,,2,,0,Santa Cruz,CA,1,11,,,,-8.0,"45,43","30,35"
ncaab:401259315,ncaab,2020-12-16T03:00Z,final,2608,331,Saint Mary's,E Washington,80,75,,,,0,,,,,,,,,,2,,0,Moraga,CA,1,152,,,,-8.0,"37,43","40,35"
ncaab:401267724,ncaab,2020-12-16T05:00Z,void,2459,2565,N Illinois,SIUE,,,,,,0,,,,,,,,,,2,,0,Dekalb,IL,1,268,,,,-6.0,,
ncaab:401268226,ncaab,2020-12-16T17:00Z,final,2325,113,La Salle,UMass,66,85,,,,0,,,,,,,,,,2,,0,Philadelphia,PA,1,12,,,,-5.0,"35,31","36,49"
ncaab:401260703,ncaab,2020-12-16T18:00Z,final,238,257,Vanderbilt,Richmond,67,78,,,,0,,,,,,,,,,2,,0,Nashville,TN,1,170,,,,-6.0,"21,46","45,33"
ncaab:401262181,ncaab,2020-12-16T18:00Z,final,2115,2597,C Connecticut,St Francis BK,78,59,,,,0,,,,,,,,,,2,,0,New Britain,CT,1,51,,,,-5.0,"30,48","31,28"
ncaab:401262154,ncaab,2020-12-16T20:00Z,final,2210,2097,Elon,Campbell,66,56,,,,0,,,,,,,,,,2,,0,Elon,NC,1,215,,,,-5.0,"32,34","26,30"
ncaab:401269679,ncaab,2020-12-16T20:00Z,final,183,111,Syracuse,Northeastern,62,56,,,,0,,,,,,,,,,2,,0,Syracuse,NY,1,121,,,,-5.0,"32,30","31,25"
ncaab:401262180,ncaab,2020-12-16T21:00Z,final,2529,112358,Sacred Heart,Long Island,55,75,,,,0,,,,,,,,,,2,,0,Fairfield,CT,1,4,,,,-8.0,"31,24","28,47"
ncaab:401269973,ncaab,2020-12-16T21:00Z,final,2803,2681,Bryant,Wagner,74,62,,,,0,,,,,,,,,,2,,0,Smithfield,RI,1,84,,,,-5.0,"40,34","34,28"
ncaab:401262448,ncaab,2020-12-16T22:00Z,final,38,2437,Colorado,Omaha,91,49,,,,0,,,,,,,,,,2,,0,Boulder,CO,1,1624,,,,-7.0,"47,44","25,24"
ncaab:401264403,ncaab,2020-12-16T22:00Z,final,204,2636,Oregon St,UTSA,73,61,,,,0,,,,,,,,,,2,,0,Corvallis,OR,1,71,,,,-8.0,"30,43","34,27"
ncaab:401255698,ncaab,2020-12-16T23:00Z,final,13,301,Cal Poly,San Diego,61,70,,,,0,,,,,,,,,,2,,0,San Luis Obispo,CA,1,71,,,,-8.0,"26,35","39,31"
ncaab:401257602,ncaab,2020-12-16T23:00Z,final,276,2649,Marshall,Toledo,87,96,,,,0,,,,,,,,,,2,,0,Huntington,WV,1,173,,,,-5.0,"39,41,7","42,38,16"
ncaab:401259025,ncaab,2020-12-16T23:00Z,final,2247,2382,Georgia St,Mercer,88,81,,,,0,,,,,,,,,,2,,0,Atlanta,GA,1,320,,,,-5.0,"47,41","34,47"
ncaab:401259853,ncaab,2020-12-16T23:00Z,void,2426,2415,Navy,Morgan St,,,,,,0,,,,,,,,,,2,,0,Annapolis,MD,1,12,,,,-5.0,,
ncaab:401259930,ncaab,2020-12-16T23:00Z,final,2261,2729,Hampton,William & Mary,58,75,,,,0,,,,,,,,,,2,,0,Hampton,VA,1,1,,,,-5.0,"27,31","52,23"
ncaab:401260178,ncaab,2020-12-16T23:00Z,final,2390,221,Miami,Pitt,55,70,,,,0,,,,,,,,,,2,,0,Coral Gables,FL,1,3,,,,-5.0,"25,30","27,43"
ncaab:401253493,ncaab,2020-12-17T00:00Z,final,2653,2535,Troy,Samford,79,71,,,,0,,,,,,,,,,2,,0,Troy,AL,1,165,,,,-6.0,"47,32","40,31"
ncaab:401253833,ncaab,2020-12-17T00:00Z,final,197,2628,Oklahoma St,TCU,76,77,,,,0,,,,,,,,,,2,,0,Stillwater,OK,1,273,,,,-6.0,"32,44","37,40"
ncaab:401254106,ncaab,2020-12-17T00:00Z,final,236,2427,Chattanooga,UNC Asheville,69,66,,,,0,,,,,,,,,,2,,0,Chattanooga,TN,1,206,,,,-5.0,"37,32","30,36"
ncaab:401254987,ncaab,2020-12-17T00:00Z,final,222,2086,Villanova,Butler,85,66,,,,0,,,,,,,,,,2,,0,Villanova,PA,1,121,,,,-5.0,"41,44","34,32"
ncaab:401256832,ncaab,2020-12-17T00:00Z,void,57,2454,Florida,North Florida,,,,,,0,,,,,,,,,,2,,0,Gainesville,FL,1,54,,,,-5.0,,
ncaab:401257076,ncaab,2020-12-17T00:00Z,final,2433,2755,UL Monroe,Grambling,61,78,,,,0,,,,,,,,,,2,,0,Monroe,LA,1,23,,,,-6.0,"27,34","40,38"
ncaab:401257629,ncaab,2020-12-17T00:00Z,void,12,2856,Arizona,CA Baptist,,,,,,0,,,,,,,,,,2,,0,Tucson,AZ,1,759,,,,-7.0,,
ncaab:401257638,ncaab,2020-12-17T00:00Z,void,2463,279,CSU Northridge,Pacific,,,,,,0,,,,,,,,,,2,,0,Northridge,CA,1,246,,,,-8.0,,
ncaab:401258871,ncaab,2020-12-17T00:00Z,final,344,2110,Mississippi St,C Arkansas,81,65,,,,0,,,,,,,,,,2,,0,Starkville,MS,1,101,,,,-6.0,"39,42","35,30"
ncaab:401259555,ncaab,2020-12-17T00:00Z,final,526,2229,FGCU,FIU,69,85,,,,0,,,,,,,,,,2,,0,Fort Myers,FL,1,3,,,,-5.0,"31,38","48,37"
ncaab:401259840,ncaab,2020-12-17T00:00Z,void,2244,2154,George Mason,Coppin St,,,,,,0,,,,,,,,,,2,,0,Fairfax,VA,1,131,,,,-5.0,,
ncaab:401260177,ncaab,2020-12-17T00:00Z,void,97,152,Louisville,NC State,,,,,,0,,,,,,,,,,2,,0,Louisville,KY,1,142,,,,-5.0,,
ncaab:401261663,ncaab,2020-12-17T00:00Z,final,6,2228,South Alabama,Flagler,103,81,,,,0,,,,,,,,,,2,,0,Mobile,AL,1,3,,,,-6.0,"56,47","41,40"
ncaab:401262384,ncaab,2020-12-17T00:00Z,void,2453,2010,North Alabama,Alabama A&M,,,,,,0,,,,,,,,,,2,,0,Florence,AL,1,167,,,,-6.0,,
ncaab:401263329,ncaab,2020-12-17T00:00Z,final,2509,194,Purdue,Ohio State,67,60,,,,0,,,,,,,,,,2,,0,West Lafayette,IN,1,186,,,,-5.0,"38,29","33,27"
ncaab:401264242,ncaab,2020-12-17T00:00Z,final,2132,58,Cincinnati,South Florida,71,74,,,,0,,,,,,,,,,2,,0,Cincinnati,OH,1,191,,,,-5.0,"41,30","43,31"
ncaab:401264471,ncaab,2020-12-17T00:00Z,void,233,2181,South Dakota,Drake,,,,,,0,,,,,,,,,,2,,0,Vermillion,SD,1,374,,,,-6.0,,
ncaab:401269838,ncaab,2020-12-17T00:00Z,final,2335,111946,Liberty,Carver,91,38,,,,0,,,,,,,,,,2,,0,Lynchburg,VA,1,192,,,,-5.0,"53,38","19,19"
ncaab:401254702,ncaab,2020-12-17T00:30Z,final,5,2582,UAB,Southern,88,46,,,,0,,,,,,,,,,2,,0,Birmingham,AL,1,187,,,,-6.0,"51,37","20,26"
ncaab:401257493,ncaab,2020-12-17T00:30Z,final,2057,338,Belmont,Kennesaw St,64,53,,,,0,,,,,,,,,,2,,0,Nashville,TN,1,170,,,,-6.0,"34,30","20,33"
ncaab:401258913,ncaab,2020-12-17T00:30Z,void,2617,2032,SF Austin,Arkansas St,,,,,,0,,,,,,,,,,2,,0,Nacogdoches,TX,1,92,,,,-6.0,,
ncaab:401257339,ncaab,2020-12-17T01:00Z,final,2393,145,MTSU,Ole Miss,51,70,,,,0,,,,,,,,,,2,,0,Murfreesboro,TN,1,186,,,,-6.0,"22,29","32,38"
ncaab:401259552,ncaab,2020-12-17T01:00Z,final,251,2534,Texas,Sam Houston,79,63,,,,0,,,,,,,,,,2,,0,Austin,TX,1,149,,,,-6.0,"44,35","26,37"
ncaab:401260179,ncaab,2020-12-17T01:00Z,void,154,258,Wake Forest,Virginia,,,,,,0,,,,,,,,,,2,,0,Winston-Salem,NC,1,293,,,,-5.0,,
ncaab:401261441,ncaab,2020-12-17T01:00Z,final,2000,2810,Abilene Chrstn,Hardin Simmons,95,73,,,,0,,,,,,,,,,2,,0,Abilene,TX,1,524,,,,-6.0,"47,48","41,32"
ncaab:401262987,ncaab,2020-12-17T01:00Z,void,2627,2834,Tarleton St,Sul Ross St,,,,,,0,,,,,,,,,,2,,0,Stephenville,TX,1,388,,,,-6.0,,
ncaab:401263080,ncaab,2020-12-17T01:00Z,final,2492,506,Pepperdine,Concordia Irv,91,68,,,,0,,,,,,,,,,2,,0,Malibu,CA,1,32,,,,-8.0,"42,49","36,32"
ncaab:401264243,ncaab,2020-12-17T01:00Z,final,2567,151,SMU,East Carolina,70,55,,,,0,,,,,,,,,,2,,0,Dallas,TX,1,128,,,,-6.0,"30,40","28,27"
ncaab:401264523,ncaab,2020-12-17T01:00Z,void,2674,2199,Valparaiso,E Michigan,,,,,,0,,,,,,,,,,2,,0,Valparaiso,IN,1,242,,,,-6.0,,
ncaab:401270114,ncaab,2020-12-17T01:00Z,final,2623,2911,Missouri St,William Jewell,73,64,,,,0,,,,,,,,,,2,,0,Springfield,MO,1,396,,,,-6.0,"33,40","20,44"
ncaab:401270119,ncaab,2020-12-17T01:00Z,final,201,198,Oklahoma,Oral Roberts,79,65,,,,0,,,,,,,,,,2,,0,Norman,OK,1,357,,,,-6.0,"40,39","22,43"
ncaab:401258409,ncaab,2020-12-17T01:30Z,final,55,2635,Jax State,Tennessee Tech,74,50,,,,0,,,,,,,,,,2,,0,Jacksonville,AL,1,216,,,,-6.0,"46,28","20,30"
ncaab:401259575,ncaab,2020-12-17T02:00Z,void,99,2443,LSU,LSU N Orleans,,,,,,0,,,,,,,,,,2,,0,Baton Rouge,LA,1,14,,,,-6.0,,
ncaab:401260176,ncaab,2020-12-17T02:00Z,final,87,150,Notre Dame,Duke,65,75,,,,0,,,,,,,,,,2,,0,South Bend,IN,1,211,,,,-5.0,"34,31","41,34"
ncaab:401262402,ncaab,2020-12-17T02:00Z,final,2172,2458,Denver,N Colorado,75,83,,,,0,,,,,,,,,,2,,0,Denver,CO,1,1609,,,,-7.0,"32,43","40,43"
ncaab:401263461,ncaab,2020-12-17T02:00Z,void,275,2460,Wisconsin,Northern Iowa,,,,,,0,,,,,,,,,,2,,0,Madison,WI,1,267,,,,-6.0,,
ncaab:401264244,ncaab,2020-12-17T02:00Z,final,2655,235,Tulane,Memphis,74,80,,,,0,,,,,,,,,,2,,0,New Orleans,LA,1,0,,,,-6.0,"30,44","31,49"
ncaab:401264457,ncaab,2020-12-17T02:00Z,final,9,2638,Arizona St,UTEP,63,76,,,,0,,,,,,,,,,2,,0,Tempe,AZ,1,360,,,,-7.0,"41,22","33,43"
ncaab:401264533,ncaab,2020-12-17T02:00Z,void,30,2539,USC,San Francisco,,,,,,0,,,,,,,,,,2,,0,Los Angeles,CA,1,89,,,,-8.0,,
ncaab:401262120,ncaab,2020-12-17T04:00Z,final,264,149,Washington,Montana,58,66,,,,0,,,,,,,,,,2,,0,Seattle,WA,1,56,,,,-8.0,"21,37","33,33"
ncaab:401267857,ncaab,2020-12-17T19:00Z,final,79,155,S Illinois,North Dakota,85,64,,,,0,,,,,,,,,,2,,0,Carbondale,IL,1,126,,,,-6.0,"37,48","20,44"
ncaab:401262175,ncaab,2020-12-17T21:00Z,final,2529,112358,Sacred Heart,Long Island,87,72,,,,0,,,,,,,,,,2,,0,Fairfield,CT,1,4,,,,-8.0,"35,52","31,41"
ncaab:401269974,ncaab,2020-12-17T21:00Z,final,2803,2681,Bryant,Wagner,81,75,,,,0,,,,,,,,,,2,,0,Smithfield,RI,1,84,,,,-5.0,"43,38","40,35"
ncaab:401270011,ncaab,2020-12-17T21:30Z,final,167,2326,New Mexico,LeTourneau,90,58,,,,0,,,,,,,,,,2,,0,Albuquerque,NM,1,1511,,,,-7.0,"40,50","21,37"
ncaab:401259884,ncaab,2020-12-17T23:00Z,final,2026,2256,App State,Greensboro,87,47,,,,0,,,,,,,,,,2,,0,Boone,NC,1,981,,,,-5.0,"46,41","25,22"
ncaab:401262152,ncaab,2020-12-17T23:00Z,final,2182,2603,Drexel,Saint Joseph's,81,77,,,,0,,,,,,,,,,2,,0,Philadelphia,PA,1,12,,,,-5.0,"44,37","37,40"
ncaab:401264465,ncaab,2020-12-17T23:00Z,final,324,2169,Coastal,Delaware St,99,73,,,,0,,,,,,,,,,2,,0,Conway,SC,1,10,,,,-5.0,"44,55","39,34"
ncaab:401268939,ncaab,2020-12-17T23:30Z,final,2674,111995,Valparaiso,Purdue NW,89,71,,,,0,,,,,,,,,,2,,0,Valparaiso,IN,1,242,,,,-6.0,"45,44","32,39"
ncaab:401253834,ncaab,2020-12-18T00:00Z,final,2641,2305,Texas Tech,Kansas,57,58,,,,0,,,,,,,,,,2,,0,Lubbock,TX,1,976,,,,-6.0,"26,31","29,29"
ncaab:401254988,ncaab,2020-12-18T00:00Z,final,2599,156,St John's,Creighton,76,94,,,,0,,,,,,,,,,2,,0,Queens,NY,1,12,,,,-5.0,"34,42","41,53"
ncaab:401260355,ncaab,2020-12-18T00:00Z,void,2127,3242,Charleston So,Columbia Int'l,,,,,,0,,,,,,,,,,2,,0,Charleston,SC,1,6,,,,-5.0,,
ncaab:401262385,ncaab,2020-12-18T00:00Z,final,2453,3168,North Alabama,Crowley Ridge,99,51,,,,0,,,,,,,,,,2,,0,Florence,AL,1,167,,,,-6.0,"50,49","25,26"
ncaab:401262414,ncaab,2020-12-18T00:00Z,void,2335,111926,Liberty,Regent,,,,,,0,,,,,,,,,,2,,0,Lynchburg,VA,1,192,,,,-5.0,,
ncaab:401264530,ncaab,2020-12-18T00:00Z,final,2198,111921,E Kentucky,Campbellsv HB,118,54,,,,0,,,,,,,,,,2,,0,Richmond,KY,1,289,,,,-5.0,"48,70","33,21"
ncaab:401269587,ncaab,2020-12-18T00:00Z,void,2507,305,Providence,DePaul,,,,,,0,,,,,,,,,,2,,0,Providence,RI,1,2,,,,-5.0,,
ncaab:401269833,ncaab,2020-12-18T00:00Z,final,2193,3242,ETSU,Columbia Int'l,96,54,,,,0,,,,,,,,,,2,,0,Johnson City,TN,1,498,,,,-5.0,"54,42","28,26"
ncaab:401270038,ncaab,2020-12-18T00:00Z,final,158,2178,Nebraska,Doane,110,64,,,,0,,,,,,,,,,2,,0,Lincoln,NE,1,367,,,,-6.0,"57,53","26,38"
ncaab:401270624,ncaab,2020-12-18T00:00Z,final,250,2937,UT Arlington,Dallas Chrstn,109,48,,,,0,,,,,,,,,,2,,0,Arlington,TX,1,184,,,,-6.0,"51,58","18,30"
ncaab:401254676,ncaab,2020-12-18T01:00Z,final,71,2296,Bradley,Jackson St,83,60,,,,0,,,,,,,,,,2,,0,Peoria,IL,1,153,,,,-6.0,"42,41","27,33"
ncaab:401261473,ncaab,2020-12-18T01:00Z,final,249,2277,North Texas,Hou Christian,85,55,,,,0,,,,,,,,,,2,,0,Denton,TX,1,201,,,,-6.0,"44,41","15,40"
ncaab:401269003,ncaab,2020-12-18T01:00Z,void,2627,2758,Tarleton St,Howard Payne,,,,,,0,,,,,,,,,,2,,0,Stephenville,TX,1,388,,,,-6.0,,
ncaab:401270039,ncaab,2020-12-18T01:00Z,final,2483,2539,Oregon,San Francisco,74,64,,,,0,,,,,,,,,,2,,0,Eugene,OR,1,131,,,,-8.0,"41,33","31,33"
ncaab:401270042,ncaab,2020-12-18T01:00Z,final,139,152,Saint Louis,NC State,80,69,,,,0,,,,,,,,,,2,,0,St. Louis,MO,1,142,,,,-6.0,"29,51","35,34"
ncaab:401254990,ncaab,2020-12-18T02:00Z,final,269,2550,Marquette,Seton Hall,63,70,,,,0,,,,,,,,,,2,,0,Milwaukee,WI,1,188,,,,-6.0,"28,35","34,36"
ncaab:401255766,ncaab,2020-12-18T02:00Z,final,253,3101,Southern Utah,Utah Tech,85,78,,,,0,,,,,,,,,,2,,0,Cedar City,UT,1,1782,,,,-7.0,"45,40","36,42"
ncaab:401259290,ncaab,2020-12-18T02:00Z,final,304,112679,Idaho St,Nelson,89,54,,,,0,,,,,,,,,,2,,0,Pocatello,ID,1,1360,,,,-7.0,"33,56","15,39"
ncaab:401260165,ncaab,2020-12-18T02:00Z,final,2751,2437,Wyoming,Omaha,82,78,,,,0,,,,,,,,,,2,,0,Laramie,WY,1,2184,,,,-7.0,"33,49","30,48"
ncaab:401261651,ncaab,2020-12-18T02:00Z,final,2351,300,LMU,UC Irvine,51,48,,,,0,,,,,,,,,,2,,0,Los Angeles,CA,1,89,,,,-8.0,"17,34","21,27"
ncaab:401270040,ncaab,2020-12-18T02:00Z,final,2547,3159,Seattle U,Coll Idaho,78,54,,,,0,,,,,,,,,,2,,0,Seattle,WA,1,56,,,,-8.0,"36,42","26,28"
ncaab:401261854,ncaab,2020-12-18T05:00Z,void,2514,2363,Quinnipiac,Manhattan,,,,,,0,,,,,,,,,,2,,0,Hamden,CT,1,31,,,,-5.0,,
ncaab:401264458,ncaab,2020-12-18T05:00Z,void,9,2916,Arizona St,Incarnate Word,,,,,,0,,,,,,,,,,2,,0,Tempe,AZ,1,360,,,,-7.0,,
ncaab:401261749,ncaab,2020-12-18T17:00Z,final,2241,2678,Gardner-Webb,VMI,88,77,,,,0,,,,,,,,,,2,,0,Boiling Springs,NC,1,269,,,,-5.0,"40,48","29,48"
ncaab:401254991,ncaab,2020-12-18T19:00Z,void,305,2752,DePaul,Xavier,,,,,,0,,,,,,,,,,2,,0,Chicago,IL,1,179,,,,-6.0,,
ncaab:401261721,ncaab,2020-12-18T19:00Z,final,2247,111946,Georgia St,Carver,122,57,,,,0,,,,,,,,,,2,,0,Atlanta,GA,1,320,,,,-5.0,"61,61","26,31"
ncaab:401262504,ncaab,2020-12-18T19:00Z,void,195,2400,Ohio,Miss Valley St,,,,,,0,,,,,,,,,,2,,0,Athens,OH,1,219,,,,-5.0,,
ncaab:401268842,ncaab,2020-12-18T19:00Z,final,2711,2117,W Michigan,C Michigan,76,61,,,,0,,,,,,,,,,2,,0,Kalamazoo,MI,1,239,,,,-5.0,"33,43","23,38"
ncaab:401270000,ncaab,2020-12-18T20:00Z,final,2448,2256,NC A&T,Greensboro,91,45,,,,0,,,,,,,,,,2,,0,Greensboro,NC,1,266,,,,-5.0,"42,49","26,19"
ncaab:401259310,ncaab,2020-12-18T21:00Z,final,2450,350,Norfolk St,UNC Wilmington,72,80,,,,0,,,,,,,,,,2,,0,Norfolk,VA,1,2,,,,-5.0,"34,38","37,43"
ncaab:401261852,ncaab,2020-12-18T21:00Z,final,315,2217,Niagara,Fairfield,68,51,,,,0,,,,,,,,,,2,,0,Niagara Falls,NY,1,187,,,,-5.0,"28,40","15,36"
ncaab:401267858,ncaab,2020-12-18T21:00Z,final,79,155,S Illinois,North Dakota,62,50,,,,0,,,,,,,,,,2,,0,Carbondale,IL,1,126,,,,-6.0,"29,33","25,25"
ncaab:401270626,ncaab,2020-12-18T21:00Z,final,2026,3242,App State,Columbia Int'l,77,41,,,,0,,,,,,,,,,2,,0,Boone,NC,1,981,,,,-5.0,"40,37","26,15"
ncaab:401261637,ncaab,2020-12-18T22:00Z,final,21,252,San Diego St,BYU,62,72,,,,0,,,,,,,,,,2,,0,San Diego,CA,1,20,,,,-8.0,"20,42","35,37"
ncaab:401261851,ncaab,2020-12-18T22:00Z,void,2561,2099,Siena,Canisius,,,,,,0,,,,,,,,,,2,,0,Albany,NY,1,45,,,,-5.0,,
ncaab:401261855,ncaab,2020-12-18T22:00Z,final,2405,2612,Monmouth,Saint Peter's,78,76,,,,0,,,,,,,,,,2,,0,West Long Branch,NJ,1,,,,,,"40,38","32,44"
ncaab:401263098,ncaab,2020-12-18T22:00Z,final,47,2261,Howard,Hampton,81,76,,,,0,,,,,,,,,,2,,0,Washington,DC,1,7,,,,-5.0,"29,52","39,37"
ncaab:401258177,ncaab,2020-12-18T23:00Z,final,2413,2565,Morehead St,SIUE,65,69,,,,0,,,,,,,,,,2,,0,Morehead,KY,1,153,,,,-6.0,"30,35","35,34"
ncaab:401259538,ncaab,2020-12-18T23:00Z,final,2506,2569,Presbyterian,SC State,62,56,,,,0,,,,,,,,,,2,,0,Clinton,SC,1,76,,,,-5.0,"36,26","25,31"
ncaab:401264381,ncaab,2020-12-18T23:00Z,void,56,2645,Stetson,Thomas Coll,,,,,,0,,,,,,,,,,2,,0,DeLand,FL,1,12,,,,-5.0,,
ncaab:401265676,ncaab,2020-12-18T23:00Z,final,324,484,Coastal,Alice Lloyd,86,63,,,,0,,,,,,,,,,2,,0,Conway,SC,1,10,,,,-5.0,"52,34","32,31"
ncaab:401270013,ncaab,2020-12-18T23:00Z,final,149,316,Montana,Dickinson St,78,51,,,,0,,,,,,,,,,2,,0,Missoula,MT,1,978,,,,-7.0,"41,37","33,18"
ncaab:401270123,ncaab,2020-12-18T23:00Z,final,233,2181,South Dakota,Drake,57,75,,,,0,,,,,,,,,,2,,0,Vermillion,SD,1,374,,,,-6.0,"27,30","37,38"
ncaab:401270473,ncaab,2020-12-18T23:00Z,final,2523,189,Robert Morris,Bowling Green,65,85,,,,0,,,,,,,,,,2,,0,Moon Township,PA,1,358,,,,-5.0,"37,28","41,44"
ncaab:401270494,ncaab,2020-12-18T23:00Z,final,2350,257,Loyola Chicago,Richmond,73,75,,,,1,,,,,,,,,,2,,0,Indianapolis,IN,1,218,,,,-5.0,"22,51","37,38"
ncaab:401255628,ncaab,2020-12-19T00:00Z,final,59,50,Georgia Tech,Florida A&M,74,64,,,,0,,,,,,,,,,2,,0,Atlanta,GA,1,320,,,,-5.0,"35,39","24,40"
ncaab:401257077,ncaab,2020-12-19T00:00Z,void,2670,309,VCU,Louisiana,,,,,,0,,,,,,,,,,2,,0,Richmond,VA,1,64,,,,-5.0,,
ncaab:401257599,ncaab,2020-12-19T00:00Z,final,2459,2130,N Illinois,Chicago St,64,54,,,,0,,,,,,,,,,2,,0,Dekalb,IL,1,268,,,,-6.0,"32,32","23,31"
ncaab:401258877,ncaab,2020-12-19T00:00Z,final,2633,2635,Tennessee,Tennessee Tech,103,49,,,,0,,,,,,,,,,2,,0,Knoxville,TN,1,276,,,,-5.0,"49,54","22,27"
ncaab:401259004,ncaab,2020-12-19T00:00Z,final,2634,2057,Tennessee St,Belmont,63,88,,,,0,,,,,,,,,,2,,0,Nashville,TN,1,170,,,,-6.0,"27,36","34,54"
ncaab:401259306,ncaab,2020-12-19T00:00Z,final,232,2717,Charleston,W Carolina,70,76,,,,0,,,,,,,,,,2,,0,Charleston,SC,1,6,,,,-5.0,"34,33,3","38,29,9"
ncaab:401259551,ncaab,2020-12-19T00:00Z,void,55,3068,Jax State,Georgia Southwestern,,,,,,0,,,,,,,,,,2,,0,Jacksonville,AL,1,216,,,,-6.0,,
ncaab:401259556,ncaab,2020-12-19T00:00Z,final,526,2691,FGCU,Webber Int'l,112,39,,,,0,,,,,,,,,,2,,0,Fort Myers,FL,1,3,,,,-5.0,"52,60","21,18"
ncaab:401260049,ncaab,2020-12-19T00:00Z,final,202,2466,Tulsa,N'Western St,82,55,,,,0,,,,,,,,,,2,,0,Tulsa,OK,1,220,,,,-6.0,"41,41","23,32"
ncaab:401260575,ncaab,2020-12-19T00:00Z,final,227,2166,Rhode Island,Davidson,58,67,,,,0,,,,,,,,,,2,,0,Kingston,RI,1,75,,,,-5.0,"28,30","32,35"
ncaab:401261853,ncaab,2020-12-19T00:00Z,final,2520,314,Rider,Iona,56,70,,,,0,,,,,,,,,,2,,0,Lawrenceville,NJ,1,37,,,,-5.0,"27,29","35,35"
ncaab:401262109,ncaab,2020-12-19T00:00Z,void,2046,2377,Austin Peay,McNeese,,,,,,0,,,,,,,,,,2,,0,Clarksville,TN,1,145,,,,-6.0,,
ncaab:401266737,ncaab,2020-12-19T00:00Z,void,2193,2842,ETSU,UVA Wise,,,,,,0,,,,,,,,,,2,,0,Johnson City,TN,1,498,,,,-5.0,,
ncaab:401268937,ncaab,2020-12-19T00:00Z,final,2724,2214,Wichita St,Emporia St,73,57,,,,0,,,,,,,,,,2,,0,Wichita,KS,1,396,,,,-6.0,"45,28","26,31"
ncaab:401258420,ncaab,2020-12-19T00:30Z,final,2546,2630,SE Missouri,UT Martin,67,69,,,,0,,,,,,,,,,2,,0,Cape Girardeau,MO,1,108,,,,-6.0,"31,36","31,38"
ncaab:401258990,ncaab,2020-12-19T00:30Z,void,2617,2353,SF Austin,LSU Shreveport,,,,,,0,,,,,,,,,,2,,0,Nacogdoches,TX,1,92,,,,-6.0,,
ncaab:401262482,ncaab,2020-12-19T00:30Z,final,2031,3134,Little Rock,Champ Chrstn,78,50,,,,0,,,,,,,,,,2,,0,Little Rock,AR,1,102,,,,-6.0,"41,37","19,31"
ncaab:401268679,ncaab,2020-12-19T01:00Z,void,142,2504,Missouri,Prairie View,,,,,,0,,,,,,,,,,2,,0,Columbia,MO,1,215,,,,-6.0,,
ncaab:401270615,ncaab,2020-12-19T01:00Z,void,2032,2915,Arkansas St,Freed Hardeman,,,,,,0,,,,,,,,,,2,,0,Jonesboro,AR,1,99,,,,-6.0,,
ncaab:401253835,ncaab,2020-12-19T02:00Z,final,277,66,West Virginia,Iowa State,70,65,,,,0,,,,,,,,,,2,,0,Morgantown,WV,1,271,,,,-5.0,"30,40","31,34"
ncaab:401263274,ncaab,2020-12-19T02:00Z,final,265,147,Washington St,Montana St,82,54,,,,0,,,,,,,,,,2,,0,Pullman,WA,1,717,,,,-8.0,"46,36","21,33"
ncaab:401265912,ncaab,2020-12-19T02:00Z,final,254,70,Utah,Idaho,79,41,,,,0,,,,,,,,,,2,,0,Salt Lake City,UT,1,1299,,,,-7.0,"40,39","16,25"
ncaab:401270653,ncaab,2020-12-19T02:00Z,final,253,3246,Southern Utah,Bethesda,98,64,,,,0,,,,,,,,,,2,,0,Cedar City,UT,1,1782,,,,-7.0,"36,62","33,31"
ncaab:401270666,ncaab,2020-12-19T02:00Z,final,304,112679,Idaho St,Nelson,113,46,,,,0,,,,,,,,,,2,,0,Pocatello,ID,1,1360,,,,-7.0,"59,54","15,31"
ncaab:401271073,ncaab,2020-12-19T02:00Z,final,328,2458,Utah State,N Colorado,63,50,,,,0,,,,,,,,,,2,,0,Logan,UT,1,1382,,,,-7.0,"28,35","27,23"
ncaab:401252576,ncaab,2020-12-19T02:05Z,void,2464,331,N Arizona,E Washington,,,,,,0,,,,,,,,,,2,,0,Flagstaff,AZ,1,2104,,,,-7.0,,
ncaab:401262556,ncaab,2020-12-19T03:00Z,final,2440,2005,Nevada,Air Force,74,57,,,,0,,,,,,,,,,2,,0,Reno,NV,1,1373,,,,-8.0,"41,33","39,18"
ncaab:401252580,ncaab,2020-12-19T03:05Z,final,2502,2692,Portland St,Weber St,66,94,,,,0,,,,,,,,,,2,,0,Portland,OR,1,12,,,,-8.0,"31,35","48,46"
ncaab:401264527,ncaab,2020-12-19T04:15Z,void,23,2541,San José St,Santa Clara,,,,,,0,,,,,,,,,,2,,0,San Jose,CA,1,26,,,,-8.0,,
ncaab:401256946,ncaab,2020-12-19T05:00Z,void,2349,261,UMass Lowell,Vermont,,,,,,0,,,,,,,,,,2,,0,Lowell,MA,1,36,,,,-5.0,,
ncaab:401261859,ncaab,2020-12-19T05:00Z,void,2514,2363,Quinnipiac,Manhattan,,,,,,0,,,,,,,,,,2,,0,Hamden,CT,1,31,,,,-5.0,,
ncaab:401262497,ncaab,2020-12-19T16:30Z,final,84,2086,Indiana,Butler,68,60,,,,1,,,,,,,,,,2,,0,Indianapolis,IN,1,218,,,,-5.0,"32,36","37,23"
ncaab:401255666,ncaab,2020-12-19T17:00Z,final,2250,2294,Gonzaga,Iowa,99,88,,,,1,,,,,,,,,,2,,0,Sioux Falls,SD,1,448,,,,-6.0,"51,48","37,51"
ncaab:401256833,ncaab,2020-12-19T17:00Z,void,57,2226,Florida,FAU,,,,,,0,,,,,,,,,,2,,0,Gainesville,FL,1,54,,,,-5.0,,
ncaab:401258904,ncaab,2020-12-19T17:00Z,final,2,2653,Auburn,Troy,77,41,,,,0,,,,,,,,,,2,,0,Auburn,AL,1,215,,,,-6.0,"43,34","10,31"
ncaab:401259576,ncaab,2020-12-19T17:00Z,void,99,249,LSU,North Texas,,,,,,0,,,,,,,,,,2,,0,Baton Rouge,LA,1,14,,,,-6.0,,
ncaab:401269680,ncaab,2020-12-19T17:00Z,final,275,97,Wisconsin,Louisville,85,48,,,,0,,,,,,,,,,2,,0,Madison,WI,1,267,,,,-6.0,"44,41","18,30"
ncaab:401269874,ncaab,2020-12-19T17:00Z,void,2579,228,South Carolina,Clemson,,,,,,0,,,,,,,,,,2,,0,Columbia,SC,1,89,,,,-5.0,,
ncaab:401262090,ncaab,2020-12-19T17:30Z,final,2344,2643,Longwood,The Citadel,89,91,,,,0,,,,,,,,,,2,,0,Farmville,VA,1,90,,,,-5.0,"38,51","44,47"
ncaab:401253307,ncaab,2020-12-19T18:00Z,final,282,2050,Indiana St,Ball State,67,57,,,,0,,,,,,,,,,2,,0,Terre Haute,IN,1,152,,,,-5.0,"38,29","23,34"
ncaab:401257573,ncaab,2020-12-19T18:00Z,final,151,256,East Carolina,James Madison,73,64,,,,0,,,,,,,,,,2,,0,Greenville,NC,1,18,,,,-5.0,"33,40","25,39"
ncaab:401260700,ncaab,2020-12-19T18:00Z,void,2230,2115,Fordham,C Connecticut,,,,,,0,,,,,,,,,,2,,0,Bronx,NY,1,28,,,,-5.0,,
ncaab:401262077,ncaab,2020-12-19T18:00Z,final,2210,2430,Elon,UNC Greensboro,64,71,,,,0,,,,,,,,,,2,,0,Elon,NC,1,215,,,,-5.0,"34,30","27,44"
ncaab:401262415,ncaab,2020-12-19T18:00Z,void,2335,2842,Liberty,UVA Wise,,,,,,0,,,,,,,,,,2,,0,Lynchburg,VA,1,192,,,,-5.0,,
ncaab:401270453,ncaab,2020-12-19T18:00Z,final,140,123410,Kansas City,Kansas Chrstn,98,42,,,,0,,,,,,,,,,2,,0,Kansas City,MO,1,274,,,,-6.0,"54,44","18,24"
ncaab:401253507,ncaab,2020-12-19T19:00Z,final,2172,326,Denver,Texas St,68,70,,,,0,,,,,,,,,,2,,0,Denver,CO,1,1609,,,,-7.0,"42,26","23,47"
ncaab:401255055,ncaab,2020-12-19T19:00Z,final,2348,2320,Louisiana Tech,Lamar,86,57,,,,0,,,,,,,,,,2,,0,Ruston,LA,1,102,,,,-6.0,"48,38","23,34"
ncaab:401256943,ncaab,2020-12-19T19:00Z,final,42,311,Hartford,Maine,63,60,,,,0,,,,,,,,,,2,,0,West Hartford,CT,1,40,,,,-5.0,"31,32","20,40"
ncaab:401256945,ncaab,2020-12-19T19:00Z,final,2066,2619,Binghamton,Stony Brook,59,73,,,,0,,,,,,,,,,2,,0,Binghamton,NY,1,264,,,,-5.0,"26,33","38,35"
ncaab:401257603,ncaab,2020-12-19T19:00Z,final,2649,2674,Toledo,Valparaiso,71,57,,,,0,,,,,,,,,,2,,0,Toledo,OH,1,186,,,,-5.0,"26,45","25,32"
ncaab:401258463,ncaab,2020-12-19T19:00Z,final,2174,2750,Detroit Mercy,Wright St,70,93,,,,0,,,,,,,,,,2,,0,Detroit,MI,1,183,,,,-5.0,"35,35","44,49"
ncaab:401258527,ncaab,2020-12-19T19:00Z,final,94,2754,N Kentucky,Youngstown St,79,64,,,,0,,,,,,,,,,2,,0,Highland Heights,KY,1,260,,,,-5.0,"34,45","31,33"
ncaab:401258539,ncaab,2020-12-19T19:00Z,final,2739,270,Green Bay,Milwaukee,65,68,,,,0,,,,,,,,,,2,,0,Green Bay,WI,1,180,,,,-6.0,"27,38","28,40"
ncaab:401259026,ncaab,2020-12-19T19:00Z,void,2382,12758,Mercer,Georgia SW,,,,,,0,,,,,,,,,,2,,0,Macon,GA,1,112,,,,-5.0,,
ncaab:401259298,ncaab,2020-12-19T19:00Z,void,276,2460,Marshall,Northern Iowa,,,,,,0,,,,,,,,,,2,,0,Huntington,WV,1,173,,,,-5.0,,
ncaab:401259931,ncaab,2020-12-19T19:00Z,final,2729,2272,William & Mary,High Point,49,71,,,,0,,,,,,,,,,2,,0,Williamsburg,VA,1,25,,,,-5.0,"15,34","31,40"
ncaab:401260704,ncaab,2020-12-19T19:00Z,void,257,2184,Richmond,Duquesne,,,,,,0,,,,,,,,,,2,,0,Richmond,VA,1,64,,,,-5.0,,
ncaab:401261580,ncaab,2020-12-19T19:00Z,final,2655,2755,Tulane,Grambling,77,65,,,,0,,,,,,,,,,2,,0,New Orleans,LA,1,0,,,,-6.0,"40,37","29,36"
ncaab:401262274,ncaab,2020-12-19T19:00Z,final,161,2182,FDU,Drexel,68,85,,,,0,,,,,,,,,,2,,0,Hackensack,NJ,1,6,,,,-5.0,"35,33","39,46"
ncaab:401266629,ncaab,2020-12-19T19:00Z,final,179,2275,St Bonaventure,Hofstra,77,69,,,,0,,,,,,,,,,2,,0,Saint Bonaventure,NY,1,435,,,,-5.0,"43,34","28,41"
ncaab:401266886,ncaab,2020-12-19T19:00Z,void,150,2241,Duke,Gardner-Webb,,,,,,0,,,,,,,,,,2,,0,Durham,NC,1,123,,,,-5.0,,
ncaab:401268735,ncaab,2020-12-19T19:00Z,final,2363,2368,Manhattan,Marist,39,61,,,,0,,,,,,,,,,2,,0,Riverdale,NY,1,159,,,,-8.0,"23,16","24,37"
ncaab:401269687,ncaab,2020-12-19T19:00Z,final,333,98,Alabama,Western KY,71,73,,,,0,,,,,,,,,,2,,0,Tuscaloosa,AL,1,68,,,,-6.0,"32,39","33,40"
ncaab:401269999,ncaab,2020-12-19T19:00Z,final,2415,2706,Morgan St,WVU Tech,67,73,,,,0,,,,,,,,,,2,,0,Baltimore,MD,1,10,,,,-5.0,"25,42","32,41"
ncaab:401270409,ncaab,2020-12-19T19:00Z,final,96,153,Kentucky,North Carolina,63,75,,,,1,,,,,,,,,,2,,0,Cleveland,OH,1,199,,,,-5.0,"38,25","34,41"
ncaab:401270618,ncaab,2020-12-19T19:00Z,final,2006,556,Akron,Malone,93,83,,,,0,,,,,,,,,,2,,0,Akron,OH,1,291,,,,-5.0,"41,52","43,40"
ncaab:401257340,ncaab,2020-12-19T19:30Z,final,2168,145,Dayton,Ole Miss,65,62,,,,0,,,,,,,,,,2,,0,Dayton,OH,1,225,,,,-5.0,"24,41","31,31"
ncaab:401260040,ncaab,2020-12-19T19:30Z,final,2509,87,Purdue,Notre Dame,88,78,,,,1,,,,,,,,,,2,,0,Indianapolis,IN,1,218,,,,-5.0,"47,41","42,36"
ncaab:401254107,ncaab,2020-12-19T20:00Z,final,5,236,UAB,Chattanooga,66,69,,,,0,,,,,,,,,,2,,0,Birmingham,AL,1,187,,,,-6.0,"31,35","35,34"
ncaab:401257078,ncaab,2020-12-19T20:00Z,final,2572,2433,Southern Miss,UL Monroe,60,47,,,,0,,,,,,,,,,2,,0,Hattiesburg,MS,1,52,,,,-6.0,"27,33","26,21"
ncaab:401257379,ncaab,2020-12-19T20:00Z,final,357,3158,Texas A&M-CC,Lady of Lake,99,72,,,,0,,,,,,,,,,2,,0,Corpus Christi,TX,1,2,,,,-6.0,"50,49","28,44"
ncaab:401261664,ncaab,2020-12-19T20:00Z,final,2010,6,Alabama A&M,South Alabama,93,90,,,,0,,,,,,,,,,2,,0,Normal,AL,1,220,,,,-6.0,"38,38,6,11","24,52,6,8"
ncaab:401261717,ncaab,2020-12-19T20:00Z,void,198,250,Oral Roberts,UT Arlington,,,,,,0,,,,,,,,,,2,,0,Tulsa,OK,1,220,,,,-6.0,,
ncaab:401262867,ncaab,2020-12-19T20:00Z,final,2534,242,Sam Houston,Rice,82,69,,,,0,,,,,,,,,,2,,0,Huntsville,TX,1,113,,,,-6.0,"30,52","34,35"
ncaab:401270407,ncaab,2020-12-19T20:00Z,final,2483,2501,Oregon,Portland,80,41,,,,0,,,,,,,,,,2,,0,Eugene,OR,1,131,,,,-8.0,"35,45","19,22"
ncaab:401271124,ncaab,2020-12-19T20:00Z,final,2110,3134,C Arkansas,Champ Chrstn,92,28,,,,0,,,,,,,,,,2,,0,Conway,AR,1,95,,,,-6.0,"50,42","11,17"
ncaab:401255676,ncaab,2020-12-19T20:05Z,void,16,302,Sacramento St,UC Davis,,,,,,0,,,,,,,,,,2,,0,Sacramento,CA,1,9,,,,-8.0,,
ncaab:401260325,ncaab,2020-12-19T20:30Z,final,2390,294,Miami,Jacksonville,73,64,,,,0,,,,,,,,,,2,,0,Coral Gables,FL,1,3,,,,-5.0,"37,36","26,38"
ncaab:401253836,ncaab,2020-12-19T21:00Z,final,2306,239,Kansas St,Baylor,69,100,,,,0,,,,,,,,,,2,,0,Manhattan,KS,1,311,,,,-6.0,"27,42","56,44"
ncaab:401256944,ncaab,2020-12-19T21:00Z,final,399,2378,UAlbany,UMBC,64,65,,,,0,,,,,,,,,,2,,0,Albany,NY,1,45,,,,-5.0,"36,28","32,33"
ncaab:401259291,ncaab,2020-12-19T21:00Z,void,3084,304,Utah Valley,Idaho St,,,,,,0,,,,,,,,,,2,,0,Orem,UT,1,1455,,,,-7.0,,
ncaab:401260344,ncaab,2020-12-19T21:00Z,final,152,2097,NC State,Campbell,69,50,,,,0,,,,,,,,,,2,,0,Raleigh,NC,1,96,,,,-5.0,"30,39","28,22"
ncaab:401261857,ncaab,2020-12-19T21:00Z,final,315,2217,Niagara,Fairfield,81,61,,,,0,,,,,,,,,,2,,0,Niagara Falls,NY,1,187,,,,-5.0,"37,44","34,27"
ncaab:401262083,ncaab,2020-12-19T21:00Z,final,2737,231,Winthrop,Furman,87,71,,,,0,,,,,,,,,,2,,0,Rock Hill,SC,1,207,,,,-5.0,"56,31","36,35"
ncaab:401262858,ncaab,2020-12-19T21:00Z,final,2429,2448,Charlotte,NC A&T,76,72,,,,0,,,,,,,,,,2,,0,Charlotte,NC,1,229,,,,-5.0,"27,49","35,37"
ncaab:401270436,ncaab,2020-12-19T21:00Z,final,2193,2875,ETSU,Lee (TN),62,53,,,,0,,,,,,,,,,2,,0,Johnson City,TN,1,498,,,,-5.0,"33,29","28,25"
ncaab:401253494,ncaab,2020-12-19T21:30Z,final,338,2535,Kennesaw St,Samford,63,65,,,,0,,,,,,,,,,2,,0,Kennesaw,GA,1,332,,,,-5.0,"32,31","39,26"
ncaab:401260035,ncaab,2020-12-19T21:30Z,final,2325,48,La Salle,Delaware,71,61,,,,0,,,,,,,,,,2,,0,Philadelphia,PA,1,12,,,,-5.0,"29,42","32,29"
ncaab:401266700,ncaab,2020-12-19T21:30Z,final,218,2885,Temple,NJIT,72,60,,,,0,,,,,,,,,,2,,0,Philadelphia,PA,1,12,,,,-5.0,"42,30","26,34"
ncaab:401270410,ncaab,2020-12-19T21:56Z,final,194,26,Ohio State,UCLA,77,70,,,,1,,,,,,,,,,2,,0,Cleveland,OH,1,199,,,,-5.0,"39,38","38,32"
ncaab:401254063,ncaab,2020-12-19T22:00Z,final,201,2277,Oklahoma,Hou Christian,84,65,,,,0,,,,,,,,,,2,,0,Norman,OK,1,357,,,,-6.0,"38,46","35,30"
ncaab:401261856,ncaab,2020-12-19T22:00Z,void,2561,2099,Siena,Canisius,,,,,,0,,,,,,,,,,2,,0,Albany,NY,1,45,,,,-5.0,,
ncaab:401261860,ncaab,2020-12-19T22:00Z,final,2405,2612,Monmouth,Saint Peter's,76,78,,,,0,,,,,,,,,,2,,0,West Long Branch,NJ,1,9,,,,-5.0,"30,46","36,42"
ncaab:401262418,ncaab,2020-12-19T22:00Z,final,2454,2228,North Florida,Flagler,66,73,,,,0,,,,,,,,,,2,,0,Jacksonville,FL,1,5,,,,-5.0,"33,33","41,32"
ncaab:401262985,ncaab,2020-12-19T22:00Z,void,2627,241,Tarleton St,McMurry,,,,,,0,,,,,,,,,,2,,0,Stephenville,TX,1,388,,,,-6.0,,
ncaab:401269214,ncaab,2020-12-19T22:00Z,final,25,2463,California,CSU Northridge,87,56,,,,0,,,,,,,,,,2,,0,Berkeley,CA,1,52,,,,-8.0,"43,44","25,31"
ncaab:401259841,ncaab,2020-12-19T22:30Z,final,259,2154,Virginia Tech,Coppin St,97,57,,,,0,,,,,,,,,,2,,0,Blacksburg,VA,1,633,,,,-5.0,"39,58","22,35"
ncaab:401257639,ncaab,2020-12-19T23:00Z,void,2239,279,Fullerton,Pacific,,,,,,0,,,,,,,,,,2,,0,Fullerton,CA,1,50,,,,-8.0,,
ncaab:401261565,ncaab,2020-12-19T23:00Z,final,183,2084,Syracuse,Buffalo,107,96,,,,0,,,,,,,,,,2,,0,Syracuse,NY,1,121,,,,-5.0,"37,50,20","48,39,9"
ncaab:401263081,ncaab,2020-12-19T23:00Z,final,2492,2540,Pepperdine,Santa Barbara,63,75,,,,0,,,,,,,,,,2,,0,Malibu,CA,1,32,,,,-8.0,"23,40","31,44"
ncaab:401270010,ncaab,2020-12-19T23:00Z,final,56,3117,Stetson,Carver,95,51,,,,0,,,,,,,,,,2,,0,DeLand,FL,1,12,,,,-5.0,"44,51","22,29"
ncaab:401270454,ncaab,2020-12-19T23:00Z,final,140,123410,Kansas City,Kansas Chrstn,95,36,,,,0,,,,,,,,,,2,,0,Kansas City,MO,1,274,,,,-6.0,"49,46","18,18"
ncaab:401252581,ncaab,2020-12-19T23:05Z,final,2464,331,N Arizona,E Washington,64,80,,,,0,,,,,,,,,,2,,0,Flagstaff,AZ,1,2104,,,,-7.0,"28,36","32,48"
ncaab:401257446,ncaab,2020-12-20T00:00Z,final,24,12,Stanford,Arizona,78,75,,,,0,,,,,,,,,,2,,0,Santa Cruz,CA,1,11,,,,-8.0,"30,48","23,52"
ncaab:401258481,ncaab,2020-12-20T00:00Z,final,82,2473,UIC,Oakland,74,72,,,,0,,,,,,,,,,2,,0,Chicago,IL,1,179,,,,-6.0,"34,40","40,32"
ncaab:401259052,ncaab,2020-12-20T00:00Z,void,91,2393,Bellarmine,MTSU,,,,,,0,,,,,,,,,,2,,0,Louisville,KY,1,142,,,,-5.0,,
ncaab:401261858,ncaab,2020-12-20T00:00Z,final,2520,314,Rider,Iona,64,72,,,,0,,,,,,,,,,2,,0,Lawrenceville,NJ,1,37,,,,-5.0,"32,32","39,33"
ncaab:401262872,ncaab,2020-12-20T00:00Z,final,2229,290,FIU,GA Southern,99,103,,,,0,,,,,,,,,,2,,0,Miami,FL,1,2,,,,-5.0,"24,45,16,14","35,34,16,18"
ncaab:401264437,ncaab,2020-12-20T00:00Z,void,27,2582,UC Riverside,Southern,,,,,,0,,,,,,,,,,2,,0,Riverside,CA,1,252,,,,-8.0,,
ncaab:401269390,ncaab,2020-12-20T00:00Z,final,278,2235,Fresno St,Fresno Pacific,78,65,,,,0,,,,,,,,,,2,,0,Fresno,CA,1,94,,,,-8.0,"35,43","14,51"
ncaab:401270973,ncaab,2020-12-20T00:00Z,final,2870,325,Purdue FW,Cleveland St,61,63,,,,0,,,,,,,,,,2,,0,Fort Wayne,IN,1,247,,,,-5.0,"24,37","29,34"
ncaab:401271093,ncaab,2020-12-20T00:00Z,final,2934,3249,Bakersfield,St Katherine,87,46,,,,0,,,,,,,,,,2,,0,Bakersfield,CA,1,123,,,,-8.0,"39,48","24,22"
ncaab:401271117,ncaab,2020-12-20T00:00Z,final,300,301,UC Irvine,San Diego,85,53,,,,0,,,,,,,,,,2,,0,Irvine,CA,1,17,,,,-8.0,"34,51","15,38"
ncaab:401259316,ncaab,2020-12-20T01:00Z,final,2608,36,Saint Mary's,Colorado St,53,33,,,,0,,,,,,,,,,2,,0,Moraga,CA,1,152,,,,-8.0,"33,20","17,16"
ncaab:401259545,ncaab,2020-12-20T01:00Z,final,71,193,Bradley,Miami OH,69,68,,,,0,,,,,,,,,,2,,0,Peoria,IL,1,153,,,,-6.0,"35,34","37,31"
ncaab:401259595,ncaab,2020-12-20T01:00Z,final,238,2515,Vanderbilt,Radford,59,50,,,,0,,,,,,,,,,2,,0,Nashville,TN,1,170,,,,-6.0,"26,33","25,25"
ncaab:401261735,ncaab,2020-12-20T01:00Z,final,2623,2466,Missouri St,N'Western St,94,67,,,,0,,,,,,,,,,2,,0,Springfield,MO,1,396,,,,-6.0,"44,50","31,36"
ncaab:401262103,ncaab,2020-12-20T01:00Z,final,61,2132,Georgia,Cincinnati,83,68,,,,0,,,,,,,,,,2,,0,Athens,GA,1,228,,,,-5.0,"49,34","26,42"
ncaab:401269153,ncaab,2020-12-20T01:00Z,final,309,2377,Louisiana,McNeese,75,65,,,,0,,,,,,,,,,2,,0,Lafayette,LA,1,11,,,,-6.0,"36,39","18,47"
ncaab:401270614,ncaab,2020-12-20T01:00Z,final,2634,3168,Tennessee St,Crowley Ridge,90,68,,,,0,,,,,,,,,,2,,0,Nashville,TN,1,170,,,,-6.0,"40,50","30,38"
ncaab:401255699,ncaab,2020-12-20T02:00Z,final,2351,13,LMU,Cal Poly,76,52,,,,0,,,,,,,,,,2,,0,Los Angeles,CA,1,89,,,,-8.0,"41,35","22,30"
ncaab:401255767,ncaab,2020-12-20T02:00Z,final,3101,3246,Utah Tech,Bethesda,90,69,,,,0,,,,,,,,,,2,,0,St. George,UT,1,823,,,,-7.0,"52,38","32,37"
ncaab:401257630,ncaab,2020-12-20T02:00Z,void,2856,299,CA Baptist,Long Beach St,,,,,,0,,,,,,,,,,2,,0,Riverside,CA,1,252,,,,-8.0,,
ncaab:401260333,ncaab,2020-12-20T02:00Z,final,52,2116,Florida St,UCF,74,86,,,,0,,,,,,,,,,2,,0,Tallahassee,FL,1,62,,,,-5.0,"39,35","34,52"
ncaab:401270594,ncaab,2020-12-20T02:00Z,final,222,2603,Villanova,Saint Joseph's,88,68,,,,0,,,,,,,,,,2,,0,Villanova,PA,1,121,,,,-5.0,"41,47","33,35"
ncaab:401271121,ncaab,2020-12-20T04:59Z,final,62,2267,Hawai'i,Hawaiʻi Hilo,89,66,,,,0,,,,,,,,,,2,,0,Honolulu,HI,1,5,,,,-10.0,"37,52","27,39"
ncaab:401256950,ncaab,2020-12-20T05:00Z,void,2349,261,UMass Lowell,Vermont,,,,,,0,,,,,,,,,,2,,0,Lowell,MA,1,36,,,,-5.0,,
ncaab:401270616,ncaab,2020-12-20T05:00Z,void,57,50,Florida,Florida A&M,,,,,,0,,,,,,,,,,2,,0,Gainesville,FL,1,54,,,,-5.0,,
ncaab:401254992,ncaab,2020-12-20T17:00Z,final,41,156,UConn,Creighton,74,76,,,,0,,,,,,,,,,2,,0,Storrs,CT,1,187,,,,-5.0,"29,37,8","33,33,10"
ncaab:401254675,ncaab,2020-12-20T18:00Z,final,66,2296,Iowa State,Jackson St,60,45,,,,0,,,,,,,,,,2,,0,Ames,IA,1,287,,,,-6.0,"25,35","19,26"
ncaab:401263350,ncaab,2020-12-20T18:00Z,final,164,356,Rutgers,Illinois,91,88,,,,0,,,,,,,,,,2,,0,Piscataway,NJ,1,30,,,,-5.0,"37,54","41,47"
ncaab:401270493,ncaab,2020-12-20T18:00Z,void,189,190,Bowling Green,Defiance,,,,,,0,,,,,,,,,,2,,0,Bowling Green,OH,1,212,,,,-5.0,,
ncaab:401271314,ncaab,2020-12-20T18:00Z,final,2117,354,C Michigan,Olivet,127,66,,,,0,,,,,,,,,,2,,0,Mount Pleasant,MI,1,235,,,,-5.0,"70,57","35,31"
ncaab:401253837,ncaab,2020-12-20T19:00Z,final,251,197,Texas,Oklahoma St,77,74,,,,0,,,,,,,,,,2,,0,Austin,TX,1,149,,,,-6.0,"29,48","34,40"
ncaab:401255013,ncaab,2020-12-20T19:00Z,final,2752,269,Xavier,Marquette,91,88,,,,0,,,,,,,,,,2,,0,Cincinnati,OH,1,191,,,,-5.0,"33,58","34,54"
ncaab:401256947,ncaab,2020-12-20T19:00Z,final,42,311,Hartford,Maine,65,50,,,,0,,,,,,,,,,2,,0,West Hartford,CT,1,40,,,,-5.0,"35,30","20,30"
ncaab:401256948,ncaab,2020-12-20T19:00Z,final,399,2378,UAlbany,UMBC,60,65,,,,0,,,,,,,,,,2,,0,Albany,NY,1,45,,,,-5.0,"34,26","29,36"
ncaab:401256949,ncaab,2020-12-20T19:00Z,final,2066,2619,Binghamton,Stony Brook,70,80,,,,0,,,,,,,,,,2,,0,Binghamton,NY,1,264,,,,-5.0,"28,36,6","32,32,16"
ncaab:401258464,ncaab,2020-12-20T19:00Z,final,2174,2750,Detroit Mercy,Wright St,72,85,,,,0,,,,,,,,,,2,,0,Detroit,MI,1,183,,,,-5.0,"32,40","35,50"
ncaab:401258540,ncaab,2020-12-20T19:00Z,final,2739,270,Green Bay,Milwaukee,62,74,,,,0,,,,,,,,,,2,,0,Green Bay,WI,1,180,,,,-6.0,"35,27","35,39"
ncaab:401258847,ncaab,2020-12-20T19:00Z,final,8,198,Arkansas,Oral Roberts,87,76,,,,0,,,,,,,,,,2,,0,Fayetteville,AR,1,427,,,,-6.0,"30,57","40,36"
ncaab:401268736,ncaab,2020-12-20T19:00Z,final,2363,2368,Manhattan,Marist,67,72,,,,0,,,,,,,,,,2,,0,Riverdale,NY,1,159,,,,-8.0,"35,23,9","30,28,14"
ncaab:401270663,ncaab,2020-12-20T19:00Z,final,276,2523,Marshall,Robert Morris,85,71,,,,0,,,,,,,,,,2,,0,Huntington,WV,1,173,,,,-5.0,"45,40","32,39"
ncaab:401271313,ncaab,2020-12-20T19:00Z,final,295,111,Old Dominion,Northeastern,66,62,,,,0,,,,,,,,,,2,,0,Norfolk,VA,1,2,,,,-5.0,"29,37","26,36"
ncaab:401257447,ncaab,2020-12-20T20:00Z,void,204,30,Oregon St,USC,,,,,,0,,,,,,,,,,2,,0,Corvallis,OR,1,71,,,,-8.0,,
ncaab:401258528,ncaab,2020-12-20T20:00Z,final,94,2754,N Kentucky,Youngstown St,60,70,,,,0,,,,,,,,,,2,,0,Highland Heights,KY,1,260,,,,-5.0,"27,33","25,45"
ncaab:401258899,ncaab,2020-12-20T20:00Z,final,2181,2130,Drake,Chicago St,111,67,,,,0,,,,,,,,,,2,,0,Des Moines,IA,1,266,,,,-6.0,"47,64","29,38"
ncaab:401262386,ncaab,2020-12-20T20:00Z,final,2453,2915,North Alabama,Freed Hardeman,82,56,,,,0,,,,,,,,,,2,,0,Florence,AL,1,167,,,,-6.0,"38,44","36,20"
ncaab:401252585,ncaab,2020-12-20T20:05Z,final,2502,2692,Portland St,Weber St,74,72,,,,0,,,,,,,,,,2,,0,Portland,OR,1,12,,,,-8.0,"42,32","30,42"
ncaab:401258914,ncaab,2020-12-20T21:00Z,final,2032,3134,Arkansas St,Champ Chrstn,90,50,,,,0,,,,,,,,,,2,,0,Jonesboro,AR,1,99,,,,-6.0,"42,48","20,30"
ncaab:401262165,ncaab,2020-12-20T21:00Z,final,2636,3158,UTSA,Lady of Lake,102,70,,,,0,,,,,,,,,,2,,0,San Antonio,TX,1,198,,,,-6.0,"54,48","30,40"
ncaab:401262558,ncaab,2020-12-20T21:00Z,void,2751,2439,Wyoming,UNLV,,,,,,0,,,,,,,,,,2,,0,Laramie,WY,1,2184,,,,-7.0,,
ncaab:401270041,ncaab,2020-12-20T21:00Z,final,248,2016,Houston,Alcorn St,88,55,,,,0,,,,,,,,,,2,,0,Houston,TX,1,12,,,,-6.0,"35,53","18,37"
ncaab:401255014,ncaab,2020-12-20T21:30Z,final,2550,2507,Seton Hall,Providence,77,80,,,,0,,,,,,,,,,2,,0,Newark,NJ,1,9,,,,-5.0,"40,32,5","38,34,8"
ncaab:401258482,ncaab,2020-12-20T22:00Z,final,82,2473,UIC,Oakland,90,73,,,,0,,,,,,,,,,2,,0,Chicago,IL,1,179,,,,-6.0,"53,37","35,38"
ncaab:401270974,ncaab,2020-12-20T22:00Z,final,2870,325,Purdue FW,Cleveland St,80,89,,,,0,,,,,,,,,,2,,0,Fort Wayne,IN,1,247,,,,-5.0,"31,49","53,36"
ncaab:401271193,ncaab,2020-12-20T22:00Z,final,233,573,South Dakota,Mount Marty,84,44,,,,0,,,,,,,,,,2,,0,Vermillion,SD,1,374,,,,-6.0,"44,40","25,19"
ncaab:401271354,ncaab,2020-12-20T22:00Z,final,256,484,James Madison,Alice Lloyd,98,55,,,,0,,,,,,,,,,2,,0,Harrisonburg,VA,1,404,,,,-5.0,"42,56","22,33"
ncaab:401255629,ncaab,2020-12-20T23:00Z,final,59,2169,Georgia Tech,Delaware St,97,69,,,,0,,,,,,,,,,2,,0,Atlanta,GA,1,320,,,,-5.0,"40,57","30,39"
ncaab:401262557,ncaab,2020-12-20T23:00Z,final,2440,2005,Nevada,Air Force,66,68,,,,0,,,,,,,,,,2,,0,Reno,NV,1,1373,,,,-8.0,"33,33","24,44"
ncaab:401270043,ncaab,2020-12-20T23:00Z,final,2638,110031,UTEP,B'tine Mesa,79,59,,,,0,,,,,,,,,,2,,0,El Paso,TX,1,1133,,,,-7.0,"42,37","23,36"
ncaab:401270593,ncaab,2020-12-20T23:00Z,final,2630,2710,UT Martin,W Illinois,63,81,,,,0,,,,,,,,,,2,,0,Martin,TN,1,124,,,,-6.0,"26,37","41,40"
ncaab:401255015,ncaab,2020-12-20T23:30Z,final,2599,46,St John's,Georgetown,94,83,,,,0,,,,,,,,,,2,,0,Queens,NY,1,12,,,,-5.0,"49,45","41,42"
ncaab:401262450,ncaab,2020-12-21T00:00Z,final,2539,2253,San Francisco,Grand Canyon,68,65,,,,1,,,,,,,,,,2,,0,Las Vegas,NV,1,610,,,,-8.0,"30,38","28,37"
ncaab:401263349,ncaab,2020-12-21T00:00Z,final,77,127,Northwestern,Michigan St,79,65,,,,0,,,,,,,,,,2,,0,Evanston,IL,1,187,,,,-6.0,"43,36","30,35"
ncaab:401271182,ncaab,2020-12-21T00:00Z,final,3117,290,Carver,GA Southern,43,119,,,,1,,,,,,,,,,2,,0,Miami,FL,1,2,,,,-5.0,"22,21","62,57"
ncaab:401271213,ncaab,2020-12-21T00:00Z,void,28,3096,UC San Diego,S Diego Christ,,,,,,0,,,,,,,,,,2,,0,San Diego,CA,1,20,,,,-8.0,,
ncaab:401271133,ncaab,2020-12-21T01:00Z,final,2716,279,Westmont,Pacific,64,92,,,,0,,,,,,,,,,2,,0,Santa Barbara,CA,1,15,,,,-8.0,"28,36","41,51"
ncaab:401263455,ncaab,2020-12-21T01:30Z,final,135,139,Minnesota,Saint Louis,90,82,,,,0,,,,,,,,,,2,,0,Minneapolis,MN,1,253,,,,-6.0,"42,48","40,42"
ncaab:401262121,ncaab,2020-12-21T03:00Z,final,38,264,Colorado,Washington,92,69,,,,1,,,,,,,,,,2,,0,Las Vegas,NV,1,610,,,,-8.0,"52,40","30,39"
ncaab:401260327,ncaab,2020-12-21T17:00Z,final,228,2413,Clemson,Morehead St,66,51,,,,0,,,,,,,,,,2,,0,Clemson,SC,1,221,,,,-5.0,"32,34","19,32"
ncaab:401257617,ncaab,2020-12-21T18:00Z,final,245,2747,Texas A&M,Wofford,70,52,,,,0,,,,,,,,,,2,,0,College Station,TX,1,103,,,,-6.0,"29,41","28,24"
ncaab:401262156,ncaab,2020-12-21T18:00Z,final,2097,350,Campbell,UNC Wilmington,59,78,,,,0,,,,,,,,,,2,,0,Buies Creek,NC,1,63,,,,-5.0,"19,40","33,45"
ncaab:401268934,ncaab,2020-12-21T18:00Z,final,2244,2678,George Mason,VMI,68,66,,,,0,,,,,,,,,,2,,0,Fairfax,VA,1,131,,,,-5.0,"31,37","34,32"
ncaab:401254054,ncaab,2020-12-21T19:00Z,final,2306,294,Kansas St,Jacksonville,70,46,,,,0,,,,,,,,,,2,,0,Manhattan,KS,1,311,,,,-6.0,"42,28","23,23"
ncaab:401262379,ncaab,2020-12-21T19:00Z,final,288,3168,Lipscomb,Crowley Ridge,97,60,,,,0,,,,,,,,,,2,,0,Nashville,TN,1,170,,,,-6.0,"50,47","27,33"
ncaab:401262405,ncaab,2020-12-21T19:00Z,final,253,3246,Southern Utah,Bethesda,96,57,,,,0,,,,,,,,,,2,,0,Cedar City,UT,1,1782,,,,-7.0,"38,58","25,32"
ncaab:401253508,ncaab,2020-12-21T20:00Z,final,326,2464,Texas St,N Arizona,70,65,,,,1,,,,,,,,,,2,,0,Denver,CO,1,1609,,,,-7.0,"29,41","28,37"
ncaab:401271480,ncaab,2020-12-21T20:00Z,final,242,2443,Rice,LSU N Orleans,73,62,,,,0,,,,,,,,,,2,,0,Houston,TX,1,12,,,,-6.0,"20,53","25,37"
ncaab:401262084,ncaab,2020-12-21T21:00Z,final,231,2569,Furman,SC State,118,52,,,,0,,,,,,,,,,2,,0,Greenville,SC,1,307,,,,-5.0,"56,62","27,25"
ncaab:401270851,ncaab,2020-12-21T21:00Z,final,113,2803,UMass,Bryant,88,93,,,,0,,,,,,,,,,2,,0,Amherst,MA,1,82,,,,-5.0,"40,48","48,45"
ncaab:401257640,ncaab,2020-12-21T22:00Z,void,279,3249,Pacific,St Katherine,,,,,,0,,,,,,,,,,2,,0,Stockton,CA,1,4,,,,-8.0,,
ncaab:401268234,ncaab,2020-12-21T22:00Z,final,2349,261,UMass Lowell,Vermont,73,65,,,,0,,,,,,,,,,2,,0,Lowell,MA,1,36,,,,-5.0,"29,44","22,43"
ncaab:401262162,ncaab,2020-12-21T22:30Z,final,2226,3244,FAU,Florida Col,107,72,,,,0,,,,,,,,,,2,,0,Boca Raton,FL,1,4,,,,-5.0,"48,59","27,45"
ncaab:401269996,ncaab,2020-12-21T22:30Z,void,193,190,Miami OH,Defiance,,,,,,0,,,,,,,,,,2,,0,Oxford,OH,1,283,,,,-5.0,,
ncaab:401258991,ncaab,2020-12-21T23:00Z,void,2617,2545,SF Austin,SE Louisiana,,,,,,0,,,,,,,,,,2,,0,Nacogdoches,TX,1,92,,,,-6.0,,
ncaab:401268966,ncaab,2020-12-21T23:00Z,final,2633,2603,Tennessee,Saint Joseph's,102,66,,,,0,,,,,,,,,,2,,0,Knoxville,TN,1,276,,,,-5.0,"56,46","33,33"
ncaab:401270945,ncaab,2020-12-21T23:00Z,void,12,301,Arizona,San Diego,,,,,,0,,,,,,,,,,2,,0,Tucson,AZ,1,759,,,,-7.0,,
ncaab:401252798,ncaab,2020-12-22T00:00Z,final,2247,232,Georgia St,Charleston,72,55,,,,0,,,,,,,,,,2,,0,Atlanta,GA,1,320,,,,-5.0,"43,29","28,27"
ncaab:401257953,ncaab,2020-12-22T00:00Z,final,2127,2261,Charleston So,Hampton,55,67,,,,0,,,,,,,,,,2,,0,Charleston,SC,1,6,,,,-5.0,"36,19","26,41"
ncaab:401258711,ncaab,2020-12-22T00:00Z,final,292,2534,UT Rio Grande,Sam Houston,66,69,,,,0,,,,,,,,,,2,,0,Edinburg,TX,1,30,,,,-6.0,"25,41","42,27"
ncaab:401259003,ncaab,2020-12-22T00:00Z,void,2453,2011,North Alabama,Alabama St,,,,,,0,,,,,,,,,,2,,0,Florence,AL,1,167,,,,-6.0,,
ncaab:401260369,ncaab,2020-12-22T00:00Z,final,339,2057,Evansville,Belmont,63,72,,,,0,,,,,,,,,,2,,0,Evansville,IN,1,118,,,,-6.0,"27,36","36,36"
ncaab:401262096,ncaab,2020-12-22T00:00Z,final,265,2504,Washington St,Prairie View,90,62,,,,0,,,,,,,,,,2,,0,Pullman,WA,1,717,,,,-8.0,"47,43","30,32"
ncaab:401262182,ncaab,2020-12-22T00:00Z,final,2681,2529,Wagner,Sacred Heart,74,46,,,,0,,,,,,,,,,2,,0,Staten Island,NY,1,21,,,,-5.0,"36,38","18,28"
ncaab:401262419,ncaab,2020-12-22T00:00Z,final,2454,2206,North Florida,Edward Waters,98,71,,,,0,,,,,,,,,,2,,0,Jacksonville,FL,1,5,,,,-5.0,"53,45","32,39"
ncaab:401264448,ncaab,2020-12-22T00:00Z,final,2229,111946,FIU,Carver,111,34,,,,0,,,,,,,,,,2,,0,Miami,FL,1,2,,,,-5.0,"60,51","16,18"
ncaab:401268240,ncaab,2020-12-22T00:00Z,final,52,2241,Florida St,Gardner-Webb,72,59,,,,0,,,,,,,,,,2,,0,Tallahassee,FL,1,62,,,,-5.0,"31,41","28,31"
ncaab:401268843,ncaab,2020-12-22T00:00Z,void,2674,2419,Valparaiso,Mt St Joseph,,,,,,0,,,,,,,,,,2,,0,Valparaiso,IN,1,242,,,,-6.0,,
ncaab:401271435,ncaab,2020-12-22T00:00Z,final,48,2415,Delaware,Morgan St,59,65,,,,0,,,,,,,,,,2,,0,Newark,DE,1,38,,,,-5.0,"25,34","28,37"
ncaab:401259073,ncaab,2020-12-22T00:30Z,void,2393,91,MTSU,Bellarmine,,,,,,0,,,,,,,,,,2,,0,Murfreesboro,TN,1,186,,,,-6.0,,
ncaab:401270634,ncaab,2020-12-22T00:30Z,final,2086,79,Butler,S Illinois,73,76,,,,0,,,,,,,,,,2,,0,Indianapolis,IN,1,218,,,,-5.0,"24,49","37,39"
ncaab:401253495,ncaab,2020-12-22T01:00Z,final,2535,2056,Samford,Belhaven,133,84,,,,0,,,,,,,,,,2,,0,Homewood,AL,1,203,,,,-6.0,"66,67","36,48"
ncaab:401254046,ncaab,2020-12-22T01:00Z,final,239,2029,Baylor,AR-Pine Bluff,99,42,,,,0,,,,,,,,,,2,,0,Waco,TX,1,143,,,,-6.0,"55,44","12,30"
ncaab:401257080,ncaab,2020-12-22T01:00Z,final,2623,2031,Missouri St,Little Rock,85,77,,,,0,,,,,,,,,,2,,0,Springfield,MO,1,396,,,,-6.0,"40,45","28,49"
ncaab:401258606,ncaab,2020-12-22T01:00Z,void,2565,2197,SIUE,E Illinois,,,,,,0,,,,,,,,,,2,,0,Edwardsville,IL,1,165,,,,-6.0,,
ncaab:401262393,ncaab,2020-12-22T01:00Z,final,259,2344,Virginia Tech,Longwood,84,58,,,,0,,,,,,,,,,2,,0,Blacksburg,VA,1,633,,,,-5.0,"34,50","30,28"
ncaab:401264245,ncaab,2020-12-22T01:00Z,final,235,202,Memphis,Tulsa,49,56,,,,0,,,,,,,,,,2,,0,Memphis,TN,1,78,,,,-6.0,"27,22","19,37"
ncaab:401268967,ncaab,2020-12-22T01:00Z,final,344,2400,Mississippi St,Miss Valley St,87,48,,,,0,,,,,,,,,,2,,0,Starkville,MS,1,101,,,,-6.0,"42,45","25,23"
ncaab:401258872,ncaab,2020-12-22T02:00Z,final,328,23,Utah State,San José St,107,62,,,,0,,,,,,,,,,2,,0,Logan,UT,1,1382,,,,-7.0,"47,60","26,36"
ncaab:401259957,ncaab,2020-12-22T02:00Z,final,2046,93,Austin Peay,Murray St,74,70,,,,0,,,,,,,,,,2,,0,Clarksville,TN,1,145,,,,-6.0,"33,41","39,31"
ncaab:401261640,ncaab,2020-12-22T02:00Z,final,252,2640,BYU,Texas Southern,87,71,,,,0,,,,,,,,,,2,,0,Provo,UT,1,1387,,,,-7.0,"42,45","32,39"
ncaab:401261645,ncaab,2020-12-22T02:00Z,final,2250,2466,Gonzaga,N'Western St,95,57,,,,0,,,,,,,,,,2,,0,Spokane,WA,1,571,,,,-8.0,"43,52","30,27"
ncaab:401270595,ncaab,2020-12-22T02:00Z,final,24,2934,Stanford,Bakersfield,63,50,,,,0,,,,,,,,,,2,,0,Santa Cruz,CA,1,11,,,,-8.0,"30,33","22,28"
ncaab:401271120,ncaab,2020-12-22T02:00Z,void,2351,2856,LMU,CA Baptist,,,,,,0,,,,,,,,,,2,,0,Los Angeles,CA,1,89,,,,-8.0,,
ncaab:401269388,ncaab,2020-12-22T02:30Z,final,68,167,Boise St,New Mexico,77,53,,,,0,,,,,,,,,,2,,0,Boise,ID,1,823,,,,-7.0,"36,41","26,27"
ncaab:401255677,ncaab,2020-12-22T05:00Z,void,302,3078,UC Davis,Jessup,,,,,,0,,,,,,,,,,2,,0,Davis,CA,1,16,,,,-8.0,,
ncaab:401261652,ncaab,2020-12-22T05:00Z,void,68,2351,Boise St,LMU,,,,,,0,,,,,,,,,,2,,0,Boise,ID,1,823,,,,-7.0,,
ncaab:401264441,ncaab,2020-12-22T05:00Z,void,301,299,San Diego,Long Beach St,,,,,,0,,,,,,,,,,2,,0,San Diego,CA,1,20,,,,-8.0,,
ncaab:401270474,ncaab,2020-12-22T17:00Z,final,103,311,Boston College,Maine,78,62,,,,0,,,,,,,,,,2,,0,Chestnut Hill,MA,1,60,,,,-5.0,"43,35","24,38"
ncaab:401253308,ncaab,2020-12-22T18:00Z,final,282,2546,Indiana St,SE Missouri,72,66,,,,0,,,,,,,,,,2,,0,Terre Haute,IN,1,152,,,,-5.0,"32,40","24,42"
ncaab:401258900,ncaab,2020-12-22T18:00Z,void,66,2130,Iowa State,Chicago St,,,,,,0,,,,,,,,,,2,,0,Ames,IA,1,287,,,,-6.0,,
ncaab:401259379,ncaab,2020-12-22T18:00Z,void,116,47,Mount St Marys,Howard,,,,,,0,,,,,,,,,,2,,0,Emmitsburg,MD,1,133,,,,-5.0,,
ncaab:401260046,ncaab,2020-12-22T18:00Z,void,2230,2619,Fordham,Stony Brook,,,,,,0,,,,,,,,,,2,,0,Bronx,NY,1,28,,,,-5.0,,
ncaab:401262115,ncaab,2020-12-22T18:00Z,final,2335,2016,Liberty,Alcorn St,108,65,,,,0,,,,,,,,,,2,,0,Lynchburg,VA,1,192,,,,-5.0,"57,51","33,32"
ncaab:401268999,ncaab,2020-12-22T18:00Z,void,2453,2296,North Alabama,Jackson St,,,,,,0,,,,,,,,,,2,,0,Florence,AL,1,167,,,,-6.0,,
ncaab:401271537,ncaab,2020-12-22T18:00Z,final,2350,2595,Loyola Chicago,St Francis IL,92,55,,,,0,,,,,,,,,,2,,0,Chicago,IL,1,179,,,,-6.0,"43,49","30,25"
ncaab:401253094,ncaab,2020-12-22T19:00Z,final,2006,195,Akron,Ohio,90,70,,,,0,,,,,,,,,,2,,0,Akron,OH,1,291,,,,-5.0,"44,46","34,36"
ncaab:401253118,ncaab,2020-12-22T19:00Z,final,2711,2050,W Michigan,Ball State,68,76,,,,0,,,,,,,,,,2,,0,Kalamazoo,MI,1,239,,,,-5.0,"43,25","36,40"
ncaab:401257494,ncaab,2020-12-22T19:00Z,final,338,2382,Kennesaw St,Mercer,71,81,,,,0,,,,,,,,,,2,,0,Kennesaw,GA,1,332,,,,-5.0,"38,33","31,50"
ncaab:401257613,ncaab,2020-12-22T19:00Z,void,2415,408,Morgan St,Wsh Advent,,,,,,0,,,,,,,,,,2,,0,Baltimore,MD,1,10,,,,-5.0,,
ncaab:401260705,ncaab,2020-12-22T19:00Z,final,257,2275,Richmond,Hofstra,71,76,,,,0,,,,,,,,,,2,,0,Richmond,VA,1,64,,,,-5.0,"33,38","36,40"
ncaab:401262490,ncaab,2020-12-22T19:00Z,final,2172,2464,Denver,N Arizona,65,68,,,,0,,,,,,,,,,2,,0,Denver,CO,1,1609,,,,-7.0,"31,34","30,38"
ncaab:401262857,ncaab,2020-12-22T19:00Z,final,45,2429,G Washington,Charlotte,65,66,,,,0,,,,,,,,,,2,,0,Washington,DC,1,7,,,,-5.0,"33,32","27,39"
ncaab:401268844,ncaab,2020-12-22T19:00Z,final,2649,2459,Toledo,N Illinois,78,55,,,,0,,,,,,,,,,2,,0,Toledo,OH,1,186,,,,-5.0,"40,38","26,29"
ncaab:401270117,ncaab,2020-12-22T19:00Z,void,2182,2561,Drexel,Siena,,,,,,0,,,,,,,,,,2,,0,Philadelphia,PA,1,12,,,,-5.0,,
ncaab:401270547,ncaab,2020-12-22T19:00Z,final,258,2729,Virginia,William & Mary,76,40,,,,0,,,,,,,,,,2,,0,Charlottesville,VA,1,142,,,,-5.0,"36,40","14,26"
ncaab:401271614,ncaab,2020-12-22T19:00Z,final,249,108817,North Texas,LSU Alexandria,110,78,,,,0,,,,,,,,,,2,,0,Denton,TX,1,201,,,,-6.0,"52,58","40,38"
ncaab:401254108,ncaab,2020-12-22T20:00Z,final,2634,236,Tennessee St,Chattanooga,63,66,,,,0,,,,,,,,,,2,,0,Nashville,TN,1,170,,,,-6.0,"28,35","25,41"
ncaab:401259539,ncaab,2020-12-22T20:00Z,final,2643,2506,The Citadel,Presbyterian,94,82,,,,0,,,,,,,,,,2,,0,Charleston,SC,1,6,,,,-5.0,"52,42","39,43"
ncaab:401259885,ncaab,2020-12-22T20:00Z,final,2,2026,Auburn,App State,67,53,,,,0,,,,,,,,,,2,,0,Auburn,AL,1,215,,,,-6.0,"34,33","31,22"
ncaab:401263920,ncaab,2020-12-22T20:00Z,final,2501,147,Portland,Montana St,62,59,,,,0,,,,,,,,,,2,,0,Portland,OR,1,12,,,,-8.0,"22,40","32,27"
ncaab:401268235,ncaab,2020-12-22T20:00Z,final,2349,261,UMass Lowell,Vermont,53,62,,,,0,,,,,,,,,,2,,0,Lowell,MA,1,36,,,,-5.0,"27,26","22,40"
ncaab:401269677,ncaab,2020-12-22T20:00Z,final,2217,161,Fairfield,FDU,65,69,,,,0,,,,,,,,,,2,,0,Fairfield,CT,1,4,,,,-8.0,"33,32","36,33"
ncaab:401270627,ncaab,2020-12-22T20:00Z,final,399,315,UAlbany,Niagara,65,70,,,,0,,,,,,,,,,2,,0,Albany,NY,1,45,,,,-5.0,"35,30","30,40"
ncaab:401271613,ncaab,2020-12-22T20:00Z,final,357,2491,Texas A&M-CC,Paul Quinn,59,35,,,,0,,,,,,,,,,2,,0,Corpus Christi,TX,1,2,,,,-6.0,"20,39","11,24"
ncaab:401264247,ncaab,2020-12-22T20:30Z,final,151,2655,East Carolina,Tulane,68,58,,,,0,,,,,,,,,,2,,0,Greenville,NC,1,18,,,,-5.0,"32,36","25,33"
ncaab:401252578,ncaab,2020-12-22T21:00Z,final,2458,304,N Colorado,Idaho St,69,64,,,,0,,,,,,,,,,2,,0,Greeley,CO,1,1425,,,,-7.0,"31,38","28,36"
ncaab:401262183,ncaab,2020-12-22T21:00Z,final,2681,2529,Wagner,Sacred Heart,85,86,,,,0,,,,,,,,,,2,,0,Staten Island,NY,1,21,,,,-5.0,"31,37,7,10","34,34,7,11"
ncaab:401262516,ncaab,2020-12-22T21:00Z,void,179,2084,St Bonaventure,Buffalo,,,,,,0,,,,,,,,,,2,,0,Saint Bonaventure,NY,1,435,,,,-5.0,,
ncaab:401264246,ncaab,2020-12-22T21:00Z,final,2116,2132,UCF,Cincinnati,75,70,,,,0,,,,,,,,,,2,,0,Orlando,FL,1,30,,,,-5.0,"35,40","35,35"
ncaab:401270633,ncaab,2020-12-22T21:00Z,void,2066,2115,Binghamton,C Connecticut,,,,,,0,,,,,,,,,,2,,0,Binghamton,NY,1,264,,,,-5.0,,
ncaab:401271353,ncaab,2020-12-22T21:00Z,final,2670,256,VCU,James Madison,82,81,,,,0,,,,,,,,,,2,,0,Richmond,VA,1,64,,,,-5.0,"46,36","31,50"
ncaab:401271615,ncaab,2020-12-22T21:00Z,final,2541,36,Santa Clara,Colorado St,57,70,,,,1,,,,,,,,,,2,,0,Santa Cruz,CA,1,11,,,,-8.0,"25,32","31,39"
ncaab:401257341,ncaab,2020-12-22T22:00Z,final,145,2630,Ole Miss,UT Martin,90,43,,,,0,,,,,,,,,,2,,0,Oxford,MS,1,154,,,,-6.0,"47,43","19,24"
ncaab:401258848,ncaab,2020-12-22T22:00Z,final,8,2000,Arkansas,Abilene Chrstn,85,72,,,,0,,,,,,,,,,2,,0,Fayetteville,AR,1,427,,,,-6.0,"47,38","31,41"
ncaab:401269215,ncaab,2020-12-22T22:00Z,void,2463,279,CSU Northridge,Pacific,,,,,,0,,,,,,,,,,2,,0,Northridge,CA,1,246,,,,-8.0,,
ncaab:401271565,ncaab,2020-12-22T22:00Z,final,25,2547,California,Seattle U,70,65,,,,0,,,,,,,,,,2,,0,Berkeley,CA,1,52,,,,-8.0,"33,37","37,28"
ncaab:401257954,ncaab,2020-12-22T23:00Z,final,2127,2261,Charleston So,Hampton,68,70,,,,0,,,,,,,,,,2,,0,Charleston,SC,1,6,,,,-5.0,"18,50","34,36"
ncaab:401259299,ncaab,2020-12-22T23:00Z,final,276,2427,Marshall,UNC Asheville,88,67,,,,0,,,,,,,,,,2,,0,Huntington,WV,1,173,,,,-5.0,"35,53","29,38"
ncaab:401262078,ncaab,2020-12-22T23:00Z,final,2448,2430,NC A&T,UNC Greensboro,65,86,,,,0,,,,,,,,,,2,,0,Greensboro,NC,1,266,,,,-5.0,"34,31","38,48"
ncaab:401252799,ncaab,2020-12-23T00:00Z,final,61,111,Georgia,Northeastern,76,58,,,,0,,,,,,,,,,2,,0,Athens,GA,1,228,,,,-5.0,"32,44","45,13"
ncaab:401253839,ncaab,2020-12-23T00:00Z,final,201,2641,Oklahoma,Texas Tech,67,69,,,,0,,,,,,,,,,2,,0,Norman,OK,1,357,,,,-6.0,"32,35","40,29"
ncaab:401254110,ncaab,2020-12-23T00:00Z,final,295,2672,Old Dominion,VA Wesleyan,77,57,,,,0,,,,,,,,,,2,,0,Norfolk,VA,1,2,,,,-5.0,"43,34","23,34"
ncaab:401257062,ncaab,2020-12-23T00:00Z,final,2636,2320,UTSA,Lamar,88,66,,,,0,,,,,,,,,,2,,0,San Antonio,TX,1,198,,,,-6.0,"34,54","31,35"
ncaab:401258865,ncaab,2020-12-23T00:00Z,final,142,71,Missouri,Bradley,54,53,,,,0,,,,,,,,,,2,,0,Columbia,MO,1,215,,,,-6.0,"21,33","19,34"
ncaab:401259009,ncaab,2020-12-23T00:00Z,final,98,2635,Western KY,Tennessee Tech,88,68,,,,0,,,,,,,,,,2,,0,Bowling Green,KY,1,161,,,,-6.0,"36,52","25,43"
ncaab:401259557,ncaab,2020-12-23T00:00Z,final,526,290,FGCU,GA Southern,73,60,,,,0,,,,,,,,,,2,,0,Fort Myers,FL,1,3,,,,-5.0,"33,40","26,34"
ncaab:401260036,ncaab,2020-12-23T00:00Z,final,120,2325,Maryland,La Salle,84,71,,,,0,,,,,,,,,,2,,0,College Park,MD,1,21,,,,-5.0,"40,44","25,46"
ncaab:401260180,ncaab,2020-12-23T00:00Z,final,221,97,Pitt,Louisville,54,64,,,,0,,,,,,,,,,2,,0,Pittsburgh,PA,1,233,,,,-5.0,"28,26","30,34"
ncaab:401260181,ncaab,2020-12-23T00:00Z,final,152,153,NC State,North Carolina,79,76,,,,0,,,,,,,,,,2,,0,Raleigh,NC,1,96,,,,-5.0,"49,30","42,34"
ncaab:401260182,ncaab,2020-12-23T00:00Z,void,183,87,Syracuse,Notre Dame,,,,,,0,,,,,,,,,,2,,0,Syracuse,NY,1,121,,,,-5.0,,
ncaab:401260362,ncaab,2020-12-23T00:00Z,final,2198,2272,E Kentucky,High Point,86,67,,,,0,,,,,,,,,,2,,0,Richmond,KY,1,289,,,,-5.0,"46,40","30,37"
ncaab:401261718,ncaab,2020-12-23T00:00Z,final,250,2758,UT Arlington,Howard Payne,117,53,,,,0,,,,,,,,,,2,,0,Arlington,TX,1,184,,,,-6.0,"67,50","25,28"
ncaab:401262526,ncaab,2020-12-23T00:00Z,final,2166,238,Davidson,Vanderbilt,85,65,,,,0,,,,,,,,,,2,,0,Davidson,NC,1,256,,,,-5.0,"35,50","29,36"
ncaab:401262975,ncaab,2020-12-23T00:00Z,final,12,149,Arizona,Montana,70,64,,,,0,,,,,,,,,,2,,0,Tucson,AZ,1,759,,,,-7.0,"29,41","36,28"
ncaab:401263330,ncaab,2020-12-23T00:00Z,final,275,158,Wisconsin,Nebraska,67,53,,,,0,,,,,,,,,,2,,0,Madison,WI,1,267,,,,-6.0,"25,42","24,29"
ncaab:401264249,ncaab,2020-12-23T00:00Z,final,58,2724,South Florida,Wichita St,77,82,,,,0,,,,,,,,,,2,,0,Tampa,FL,1,1,,,,-5.0,"29,41,7","22,48,12"
ncaab:401264472,ncaab,2020-12-23T00:00Z,final,2181,155,Drake,North Dakota,88,55,,,,0,,,,,,,,,,2,,0,Des Moines,IA,1,266,,,,-6.0,"36,52","28,27"
ncaab:401255056,ncaab,2020-12-23T00:30Z,final,2433,2348,UL Monroe,Louisiana Tech,57,68,,,,0,,,,,,,,,,2,,0,Monroe,LA,1,23,,,,-6.0,"32,25","34,34"
ncaab:401257930,ncaab,2020-12-23T00:30Z,final,333,2193,Alabama,ETSU,85,69,,,,0,,,,,,,,,,2,,0,Tuscaloosa,AL,1,68,,,,-6.0,"36,49","35,34"
ncaab:401264248,ncaab,2020-12-23T01:00Z,final,248,218,Houston,Temple,76,50,,,,0,,,,,,,,,,2,,0,Houston,TX,1,12,,,,-6.0,"32,44","22,28"
ncaab:401253838,ncaab,2020-12-23T02:00Z,final,2305,277,Kansas,West Virginia,79,65,,,,0,,,,,,,,,,2,,0,Lawrence,KS,1,263,,,,-6.0,"35,44","36,29"
ncaab:401253913,ncaab,2020-12-23T02:00Z,final,2628,2449,TCU,N Dakota St,89,82,,,,0,,,,,,,,,,2,,0,Fort Worth,TX,1,199,,,,-6.0,"49,40","45,37"
ncaab:401257448,ncaab,2020-12-23T02:00Z,void,9,254,Arizona St,Utah,,,,,,0,,,,,,,,,,2,,0,Tempe,AZ,1,360,,,,-7.0,,
ncaab:401262559,ncaab,2020-12-23T02:00Z,void,2751,2439,Wyoming,UNLV,,,,,,0,,,,,,,,,,2,,0,Laramie,WY,1,2184,,,,-7.0,,
ncaab:401262675,ncaab,2020-12-23T02:00Z,final,2608,21,Saint Mary's,San Diego St,49,74,,,,1,,,,,,,,,,2,,0,San Luis Obispo,CA,1,71,,,,-8.0,"20,29","40,34"
ncaab:401263331,ncaab,2020-12-23T02:00Z,final,2294,2509,Iowa,Purdue,70,55,,,,0,,,,,,,,,,2,,0,Iowa City,IA,1,204,,,,-6.0,"37,33","27,28"
ncaab:401271033,ncaab,2020-12-23T02:00Z,final,204,2502,Oregon St,Portland St,67,62,,,,0,,,,,,,,,,2,,0,Corvallis,OR,1,71,,,,-8.0,"32,35","17,45"
ncaab:401271214,ncaab,2020-12-23T02:00Z,final,28,3249,UC San Diego,St Katherine,77,51,,,,0,,,,,,,,,,2,,0,San Diego,CA,1,20,,,,-8.0,"37,40","18,33"
ncaab:401271433,ncaab,2020-12-23T02:00Z,final,2250,2466,Gonzaga,N'Western St,95,78,,,,0,,,,,,,,,,2,,0,Spokane,WA,1,571,,,,-8.0,"43,52","17,61"
ncaab:401262449,ncaab,2020-12-23T04:00Z,final,2253,38,Grand Canyon,Colorado,64,74,,,,1,,,,,,,,,,2,,0,Las Vegas,NV,1,610,,,,-8.0,"27,37","27,47"
ncaab:401261511,ncaab,2020-12-23T05:00Z,void,79,2447,S Illinois,Nicholls,,,,,,0,,,,,,,,,,2,,0,Carbondale,IL,1,126,,,,-6.0,,
ncaab:401262157,ncaab,2020-12-23T17:00Z,final,350,2169,UNC Wilmington,Delaware St,87,63,,,,0,,,,,,,,,,2,,0,Wilmington,NC,1,9,,,,-5.0,"43,44","31,32"
ncaab:401271556,ncaab,2020-12-23T17:00Z,final,87,91,Notre Dame,Bellarmine,81,70,,,,0,,,,,,,,,,2,,0,South Bend,IN,1,211,,,,-5.0,"45,36","36,34"
ncaab:401259534,ncaab,2020-12-23T17:05Z,void,399,2803,UAlbany,Bryant,,,,,,0,,,,,,,,,,2,,0,Albany,NY,1,45,,,,-5.0,,
ncaab:401264534,ncaab,2020-12-23T18:00Z,void,30,2640,USC,Texas Southern,,,,,,0,,,,,,,,,,2,,0,Los Angeles,CA,1,89,,,,-8.0,,
ncaab:401268855,ncaab,2020-12-23T19:00Z,final,2520,2885,Rider,NJIT,66,81,,,,0,,,,,,,,,,2,,0,Lawrenceville,NJ,1,37,,,,-5.0,"23,43","33,48"
ncaab:401272040,ncaab,2020-12-23T19:00Z,final,2597,2612,St Francis BK,Saint Peter's,64,70,,,,0,,,,,,,,,,2,,0,Brooklyn,NY,1,15,,,,-5.0,"29,35","35,35"
ncaab:401255016,ncaab,2020-12-23T20:00Z,final,156,2752,Creighton,Xavier,66,61,,,,0,,,,,,,,,,2,,0,Omaha,NE,1,323,,,,-6.0,"36,30","34,27"
ncaab:401262988,ncaab,2020-12-23T20:00Z,void,2005,3084,Air Force,Utah Valley,,,,,,0,,,,,,,,,,2,,0,Colorado Springs,CO,1,1832,,,,-7.0,,
ncaab:401252583,ncaab,2020-12-23T21:00Z,final,2458,304,N Colorado,Idaho St,56,71,,,,0,,,,,,,,,,2,,0,Greeley,CO,1,1425,,,,-7.0,"29,27","40,31"
ncaab:401260330,ncaab,2020-12-23T21:00Z,final,2244,119,George Mason,Towson,70,65,,,,0,,,,,,,,,,2,,0,Fairfax,VA,1,131,,,,-5.0,"30,40","24,41"
ncaab:401261521,ncaab,2020-12-23T21:00Z,final,2755,2545,Grambling,SE Louisiana,70,77,,,,0,,,,,,,,,,2,,0,Grambling,LA,1,93,,,,-6.0,"30,40","35,42"
ncaab:401263333,ncaab,2020-12-23T21:30Z,final,194,164,Ohio State,Rutgers,80,68,,,,0,,,,,,,,,,2,,0,Columbus,OH,1,235,,,,-5.0,"28,52","38,30"
ncaab:401255017,ncaab,2020-12-23T22:00Z,final,2550,46,Seton Hall,Georgetown,78,67,,,,0,,,,,,,,,,2,,0,Newark,NJ,1,9,,,,-5.0,"33,45","19,48"
ncaab:401258878,ncaab,2020-12-23T22:00Z,final,2633,2908,Tennessee,SC Upstate,80,60,,,,0,,,,,,,,,,2,,0,Knoxville,TN,1,276,,,,-5.0,"33,47","26,34"
ncaab:401263273,ncaab,2020-12-23T22:00Z,final,265,2466,Washington St,N'Western St,62,52,,,,0,,,,,,,,,,2,,0,Pullman,WA,1,717,,,,-8.0,"27,35","16,36"
ncaab:401257449,ncaab,2020-12-23T22:30Z,void,2483,26,Oregon,UCLA,,,,,,0,,,,,,,,,,2,,0,Eugene,OR,1,131,,,,-8.0,,
ncaab:401255018,ncaab,2020-12-23T23:00Z,final,2086,2507,Butler,Providence,70,64,,,,0,,,,,,,,,,2,,0,Indianapolis,IN,1,218,,,,-5.0,"31,39","30,34"
ncaab:401263934,ncaab,2020-12-23T23:00Z,void,357,2491,Texas A&M-CC,Paul Quinn,,,,,,0,,,,,,,,,,2,,0,Corpus Christi,TX,1,2,,,,-6.0,,
ncaab:401271013,ncaab,2020-12-23T23:00Z,final,2492,2934,Pepperdine,Bakersfield,51,79,,,,0,,,,,,,,,,2,,0,Malibu,CA,1,32,,,,-8.0,"29,22","39,40"
ncaab:401263334,ncaab,2020-12-23T23:30Z,final,213,356,Penn State,Illinois,81,98,,,,0,,,,,,,,,,2,,0,University Park,PA,1,348,,,,-5.0,"43,38","43,55"
ncaab:401255019,ncaab,2020-12-24T00:00Z,final,269,222,Marquette,Villanova,68,85,,,,0,,,,,,,,,,2,,0,Milwaukee,WI,1,188,,,,-6.0,"30,38","36,49"
ncaab:401260966,ncaab,2020-12-24T00:00Z,void,2579,2569,South Carolina,SC State,,,,,,0,,,,,,,,,,2,,0,Columbia,SC,1,89,,,,-5.0,,
ncaab:401261639,ncaab,2020-12-24T00:00Z,final,252,2692,BYU,Weber St,87,79,,,,0,,,,,,,,,,2,,0,Salt Lake City,UT,1,1299,,,,-7.0,"41,46","32,47"
ncaab:401268592,ncaab,2020-12-24T00:00Z,final,314,2154,Iona,Coppin St,85,65,,,,0,,,,,,,,,,2,,0,New Rochelle,NY,1,26,,,,-5.0,"36,49","31,34"
ncaab:401271215,ncaab,2020-12-24T00:00Z,final,28,3249,UC San Diego,St Katherine,75,39,,,,0,,,,,,,,,,2,,0,San Diego,CA,1,20,,,,-8.0,"40,35","15,24"
ncaab:401271536,ncaab,2020-12-24T00:00Z,final,202,3238,Tulsa,SW Christian U,102,45,,,,0,,,,,,,,,,2,,0,Tulsa,OK,1,220,,,,-6.0,"50,52","21,24"
ncaab:401254703,ncaab,2020-12-24T01:00Z,void,5,59,UAB,Georgia Tech,,,,,,0,,,,,,,,,,2,,0,Birmingham,AL,1,187,,,,-6.0,,
ncaab:401264603,ncaab,2020-12-24T01:00Z,final,139,140,Saint Louis,Kansas City,62,46,,,,0,,,,,,,,,,2,,0,St. Louis,MO,1,142,,,,-6.0,"28,34","26,20"
ncaab:401263332,ncaab,2020-12-24T01:30Z,final,84,77,Indiana,Northwestern,67,74,,,,0,,,,,,,,,,2,,0,Bloomington,IN,1,235,,,,-5.0,"28,39","37,37"
ncaab:401262560,ncaab,2020-12-24T02:00Z,final,328,23,Utah State,San José St,85,52,,,,0,,,,,,,,,,2,,0,Logan,UT,1,1382,,,,-7.0,"42,43","25,27"
ncaab:401271122,ncaab,2020-12-24T02:00Z,final,305,2710,DePaul,W Illinois,91,72,,,,0,,,,,,,,,,2,,0,Chicago,IL,1,179,,,,-6.0,"44,47","25,47"
ncaab:401269389,ncaab,2020-12-24T03:00Z,final,68,167,Boise St,New Mexico,89,52,,,,0,,,,,,,,,,2,,0,Boise,ID,1,823,,,,-7.0,"52,37","28,24"
ncaab:401263335,ncaab,2020-12-25T17:30Z,final,127,275,Michigan St,Wisconsin,76,85,,,,0,,,,,,,,,,2,,0,East Lansing,MI,1,261,,,,-5.0,"42,34","42,43"
ncaab:401263338,ncaab,2020-12-25T19:30Z,final,2509,120,Purdue,Maryland,73,70,,,,0,,,,,,,,,,2,,0,West Lafayette,IN,1,186,,,,-5.0,"41,32","28,42"
ncaab:401263337,ncaab,2020-12-25T23:00Z,final,158,130,Nebraska,Michigan,69,80,,,,0,,,,,,,,,,2,,0,Lincoln,NE,1,367,,,,-6.0,"34,35","36,44"
ncaab:401263336,ncaab,2020-12-26T01:00Z,final,135,2294,Minnesota,Iowa,102,95,,,,0,,,,,,,,,,2,,0,Minneapolis,MN,1,253,,,,-6.0,"38,45,19","33,50,12"
ncaab:401258424,ncaab,2020-12-26T18:00Z,final,325,2754,Cleveland St,Youngstown St,87,69,,,,0,,,,,,,,,,2,,0,Cleveland,OH,1,199,,,,-5.0,"38,49","28,41"
ncaab:401258861,ncaab,2020-12-26T18:00Z,final,97,96,Louisville,Kentucky,62,59,,,,0,,,,,,,,,,2,,0,Louisville,KY,1,142,,,,-5.0,"28,34","27,32"
ncaab:401268673,ncaab,2020-12-26T18:00Z,final,2116,248,UCF,Houston,54,63,,,,0,,,,,,,,,,2,,0,Orlando,FL,1,30,,,,-5.0,"25,29","25,38"
ncaab:401270115,ncaab,2020-12-26T18:00Z,void,2561,2099,Siena,Canisius,,,,,,0,,,,,,,,,,2,,0,Albany,NY,1,45,,,,-5.0,,
ncaab:401263340,ncaab,2020-12-26T19:00Z,final,77,194,Northwestern,Ohio State,71,70,,,,0,,,,,,,,,,2,,0,Evanston,IL,1,187,,,,-6.0,"34,37","34,36"
ncaab:401268940,ncaab,2020-12-26T19:00Z,final,119,2154,Towson,Coppin St,78,73,,,,0,,,,,,,,,,2,,0,Towson,MD,1,141,,,,-5.0,"34,44","33,40"
ncaab:401271553,ncaab,2020-12-26T19:00Z,final,99,2447,LSU,Nicholls,86,80,,,,0,,,,,,,,,,2,,0,Baton Rouge,LA,1,14,,,,-6.0,"44,42","39,41"
ncaab:401258541,ncaab,2020-12-26T21:00Z,final,2750,2739,Wright St,Green Bay,67,53,,,,0,,,,,,,,,,2,,0,Dayton,OH,1,225,,,,-5.0,"23,44","21,32"
ncaab:401263339,ncaab,2020-12-26T21:00Z,final,356,84,Illinois,Indiana,69,60,,,,0,,,,,,,,,,2,,0,Champaign,IL,1,225,,,,-6.0,"29,40","27,33"
ncaab:401270053,ncaab,2020-12-26T21:00Z,final,2244,2450,George Mason,Norfolk St,65,68,,,,0,,,,,,,,,,2,,0,Fairfax,VA,1,131,,,,-5.0,"30,35","27,41"
ncaab:401270544,ncaab,2020-12-26T21:00Z,final,2250,258,Gonzaga,Virginia,98,75,,,,1,,,,,,,,,,2,,0,Fort Worth,TX,1,199,,,,-6.0,"44,54","31,44"
ncaab:401273055,ncaab,2020-12-26T21:00Z,final,2174,2473,Detroit Mercy,Oakland,75,77,,,,0,,,,,,,,,,2,,0,Detroit,MI,1,183,,,,-5.0,"35,31,9","29,37,11"
ncaab:401258497,ncaab,2020-12-26T22:00Z,void,270,82,Milwaukee,UIC,,,,,,0,,,,,,,,,,2,,0,Milwaukee,WI,1,188,,,,-6.0,,
ncaab:401258557,ncaab,2020-12-27T00:00Z,final,2870,2523,Purdue FW,Robert Morris,88,102,,,,0,,,,,,,,,,2,,0,Fort Wayne,IN,1,247,,,,-5.0,"37,51","43,59"
ncaab:401252685,ncaab,2020-12-27T05:00Z,void,2239,2463,Fullerton,CSU Northridge,,,,,,0,,,,,,,,,,2,,0,Fullerton,CA,1,50,,,,-8.0,,
ncaab:401252686,ncaab,2020-12-27T05:00Z,void,27,299,UC Riverside,Long Beach St,,,,,,0,,,,,,,,,,2,,0,Riverside,CA,1,252,,,,-8.0,,
ncaab:401252687,ncaab,2020-12-27T05:00Z,void,2934,302,Bakersfield,UC Davis,,,,,,0,,,,,,,,,,2,,0,Bakersfield,CA,1,123,,,,-8.0,,
ncaab:401256951,ncaab,2020-12-27T18:00Z,final,2378,2066,UMBC,Binghamton,74,67,,,,0,,,,,,,,,,2,,0,Baltimore,MD,1,10,,,,-5.0,"29,45","29,38"
ncaab:401256952,ncaab,2020-12-27T18:00Z,final,160,42,New Hampshire,Hartford,77,69,,,,0,,,,,,,,,,2,,0,Durham,NH,1,15,,,,-5.0,"36,41","40,29"
ncaab:401258425,ncaab,2020-12-27T18:00Z,final,325,2754,Cleveland St,Youngstown St,81,74,,,,0,,,,,,,,,,2,,0,Cleveland,OH,1,199,,,,-5.0,"30,51","40,34"
ncaab:401266976,ncaab,2020-12-27T18:00Z,final,282,2181,Indiana St,Drake,63,81,,,,0,,,,,,,,,,2,,0,Terre Haute,IN,1,152,,,,-5.0,"30,33","31,50"
ncaab:401256953,ncaab,2020-12-27T19:00Z,final,2619,2349,Stony Brook,UMass Lowell,73,58,,,,0,,,,,,,,,,2,,0,Stony Brook,NY,1,27,,,,-5.0,"43,30","29,29"
ncaab:401258542,ncaab,2020-12-27T19:00Z,final,2750,2739,Wright St,Green Bay,90,77,,,,0,,,,,,,,,,2,,0,Dayton,OH,1,225,,,,-5.0,"36,54","39,38"
ncaab:401264640,ncaab,2020-12-27T19:00Z,final,2199,354,E Michigan,Olivet,94,65,,,,0,,,,,,,,,,2,,0,Ypsilanti,MI,1,219,,,,-5.0,"52,42","27,38"
ncaab:401271573,ncaab,2020-12-27T19:00Z,final,2405,2099,Monmouth,Canisius,84,66,,,,0,,,,,,,,,,2,,0,West Long Branch,NJ,1,9,,,,-5.0,"44,40","30,36"
ncaab:401256954,ncaab,2020-12-27T20:00Z,final,261,2885,Vermont,NJIT,92,78,,,,0,,,,,,,,,,2,,0,Burlington,VT,1,61,,,,-5.0,"52,40","33,45"
ncaab:401270852,ncaab,2020-12-27T20:00Z,final,55,111946,Jax State,Carver,104,45,,,,0,,,,,,,,,,2,,0,Jacksonville,AL,1,216,,,,-6.0,"54,50","22,23"
ncaab:401266974,ncaab,2020-12-27T21:00Z,final,2460,2623,Northern Iowa,Missouri St,59,79,,,,0,,,,,,,,,,2,,0,Cedar Falls,IA,1,268,,,,-6.0,"32,27","42,37"
ncaab:401266975,ncaab,2020-12-27T21:00Z,final,2350,2287,Loyola Chicago,Illinois St,90,60,,,,0,,,,,,,,,,2,,0,Chicago,IL,1,179,,,,-6.0,"39,51","23,37"
ncaab:401266977,ncaab,2020-12-27T21:00Z,final,79,339,S Illinois,Evansville,63,57,,,,0,,,,,,,,,,2,,0,Carbondale,IL,1,126,,,,-6.0,"28,35","19,38"
ncaab:401270628,ncaab,2020-12-27T21:00Z,final,238,2016,Vanderbilt,Alcorn St,87,59,,,,0,,,,,,,,,,2,,0,Nashville,TN,1,170,,,,-6.0,"41,46","21,38"
ncaab:401273056,ncaab,2020-12-27T21:00Z,final,2174,2473,Detroit Mercy,Oakland,80,83,,,,0,,,,,,,,,,2,,0,Detroit,MI,1,183,,,,-5.0,"42,38","44,39"
ncaab:401271123,ncaab,2020-12-27T21:30Z,final,2507,305,Providence,DePaul,95,90,,,,0,,,,,,,,,,2,,0,Providence,RI,1,2,,,,-5.0,"34,40,9,12","29,45,9,7"
ncaab:401258498,ncaab,2020-12-27T22:00Z,void,270,82,Milwaukee,UIC,,,,,,0,,,,,,,,,,2,,0,Milwaukee,WI,1,188,,,,-6.0,,
ncaab:401258558,ncaab,2020-12-27T22:00Z,final,2870,2523,Purdue FW,Robert Morris,87,82,,,,0,,,,,,,,,,2,,0,Fort Wayne,IN,1,247,,,,-5.0,"48,39","34,48"
ncaab:401271393,ncaab,2020-12-28T00:00Z,final,300,2540,UC Irvine,Santa Barbara,75,56,,,,0,,,,,,,,,,2,,0,Irvine,CA,1,17,,,,-8.0,"36,39","28,28"
ncaab:401252684,ncaab,2020-12-28T03:00Z,void,62,13,Hawai'i,Cal Poly,,,,,,0,,,,,,,,,,2,,0,Honolulu,HI,1,5,,,,-10.0,,
ncaab:401252690,ncaab,2020-12-28T05:00Z,void,2239,2463,Fullerton,CSU Northridge,,,,,,0,,,,,,,,,,2,,0,Fullerton,CA,1,50,,,,-8.0,,
ncaab:401252691,ncaab,2020-12-28T05:00Z,void,27,299,UC Riverside,Long Beach St,,,,,,0,,,,,,,,,,2,,0,Riverside,CA,1,252,,,,-8.0,,
ncaab:401252692,ncaab,2020-12-28T05:00Z,void,2934,302,Bakersfield,UC Davis,,,,,,0,,,,,,,,,,2,,0,Bakersfield,CA,1,123,,,,-8.0,,
ncaab:401256955,ncaab,2020-12-28T18:00Z,final,2378,2066,UMBC,Binghamton,69,75,,,,0,,,,,,,,,,2,,0,Baltimore,MD,1,10,,,,-5.0,"32,37","32,43"
ncaab:401256956,ncaab,2020-12-28T18:00Z,final,160,42,New Hampshire,Hartford,53,51,,,,0,,,,,,,,,,2,,0,Durham,NH,1,15,,,,-5.0,"26,27","24,27"
ncaab:401256957,ncaab,2020-12-28T18:00Z,final,2619,2349,Stony Brook,UMass Lowell,71,64,,,,0,,,,,,,,,,2,,0,Stony Brook,NY,1,27,,,,-5.0,"32,39","30,34"
ncaab:401256958,ncaab,2020-12-28T19:00Z,final,261,2885,Vermont,NJIT,80,81,,,,0,,,,,,,,,,2,,0,Burlington,VT,1,61,,,,-5.0,"37,27,8,8","31,33,8,9"
ncaab:401271554,ncaab,2020-12-28T19:00Z,final,2405,2099,Monmouth,Canisius,97,69,,,,0,,,,,,,,,,2,,0,West Long Branch,NJ,1,9,,,,-5.0,"54,43","30,39"
ncaab:401273273,ncaab,2020-12-28T20:00Z,final,2572,100,Southern Miss,Loyola NO,74,54,,,,0,,,,,,,,,,2,,0,Hattiesburg,MS,1,52,,,,-6.0,"35,39","27,27"
ncaab:401266980,ncaab,2020-12-28T22:00Z,final,282,2181,Indiana St,Drake,66,73,,,,0,,,,,,,,,,2,,0,Terre Haute,IN,1,152,,,,-5.0,"29,37","25,48"
ncaab:401273373,ncaab,2020-12-28T22:00Z,final,2463,166,CSU Northridge,New Mexico St,66,63,,,,0,,,,,,,,,,2,,0,Northridge,CA,1,246,,,,-8.0,"30,36","38,25"
ncaab:401266981,ncaab,2020-12-28T23:00Z,final,79,339,S Illinois,Evansville,72,84,,,,0,,,,,,,,,,2,,0,Carbondale,IL,1,126,,,,-6.0,"39,33","35,49"
ncaab:401252693,ncaab,2020-12-29T00:00Z,final,300,2540,UC Irvine,Santa Barbara,73,69,,,,0,,,,,,,,,,2,,0,Irvine,CA,1,17,,,,-8.0,"32,41","25,44"
ncaab:401258905,ncaab,2020-12-29T00:00Z,final,2653,111946,Troy,Carver,88,35,,,,0,,,,,,,,,,2,,0,Troy,AL,1,165,,,,-6.0,"43,45","15,20"
ncaab:401263342,ncaab,2020-12-29T00:00Z,final,275,120,Wisconsin,Maryland,64,70,,,,0,,,,,,,,,,2,,0,Madison,WI,1,267,,,,-6.0,"28,36","24,46"
ncaab:401266979,ncaab,2020-12-29T00:00Z,final,2350,2287,Loyola Chicago,Illinois St,86,55,,,,0,,,,,,,,,,2,,0,Chicago,IL,1,179,,,,-6.0,"40,46","22,33"
ncaab:401262561,ncaab,2020-12-29T01:00Z,final,36,278,Colorado St,Fresno St,75,53,,,,0,,,,,,,,,,2,,0,Fort Collins,CO,1,1525,,,,-7.0,"33,42","22,31"
ncaab:401263341,ncaab,2020-12-29T01:00Z,final,135,127,Minnesota,Michigan St,81,56,,,,0,,,,,,,,,,2,,0,Minneapolis,MN,1,253,,,,-6.0,"36,45","16,40"
ncaab:401266978,ncaab,2020-12-29T01:00Z,final,2460,2623,Northern Iowa,Missouri St,85,75,,,,0,,,,,,,,,,2,,0,Cedar Falls,IA,1,268,,,,-6.0,"41,44","28,47"
ncaab:401266982,ncaab,2020-12-29T01:00Z,void,2674,71,Valparaiso,Bradley,,,,,,0,,,,,,,,,,2,,0,Valparaiso,IN,1,242,,,,-6.0,,
ncaab:401270667,ncaab,2020-12-29T02:00Z,void,2638,3158,UTEP,Lady of Lake,,,,,,0,,,,,,,,,,2,,0,El Paso,TX,1,1133,,,,-7.0,,
ncaab:401271434,ncaab,2020-12-29T02:00Z,final,2250,2464,Gonzaga,N Arizona,88,58,,,,0,,,,,,,,,,2,,0,Spokane,WA,1,571,,,,-8.0,"51,37","23,35"
ncaab:401266973,ncaab,2020-12-29T02:30Z,final,12,38,Arizona,Colorado,88,74,,,,0,,,,,,,,,,2,,0,Tucson,AZ,1,759,,,,-7.0,"50,38","44,30"
ncaab:401252689,ncaab,2020-12-29T04:59Z,void,62,13,Hawai'i,Cal Poly,,,,,,0,,,,,,,,,,2,,0,Honolulu,HI,1,5,,,,-10.0,,
ncaab:401253114,ncaab,2020-12-29T05:00Z,void,193,195,Miami OH,Ohio,,,,,,0,,,,,,,,,,2,,0,Oxford,OH,1,283,,,,-5.0,,
ncaab:401254084,ncaab,2020-12-29T19:00Z,final,277,111,West Virginia,Northeastern,73,51,,,,0,,,,,,,,,,2,,0,Morgantown,WV,1,271,,,,-5.0,"34,39","26,25"
ncaab:401271414,ncaab,2020-12-29T20:00Z,void,314,119,Iona,Towson,,,,,,0,,,,,,,,,,2,,0,New Rochelle,NY,1,26,,,,-5.0,,
ncaab:401254047,ncaab,2020-12-29T21:00Z,final,239,2110,Baylor,C Arkansas,93,56,,,,0,,,,,,,,,,2,,0,Waco,TX,1,143,,,,-6.0,"53,40","35,21"
ncaab:401265030,ncaab,2020-12-29T23:00Z,final,259,2390,Virginia Tech,Miami,80,78,,,,0,,,,,,,,,,2,,0,Blacksburg,VA,1,633,,,,-5.0,"42,38","33,45"
ncaab:401253091,ncaab,2020-12-30T00:00Z,final,2199,2117,E Michigan,C Michigan,60,87,,,,0,,,,,,,,,,2,,0,Ypsilanti,MI,1,219,,,,-5.0,"28,32","33,54"
ncaab:401253402,ncaab,2020-12-30T00:00Z,final,2382,2747,Mercer,Wofford,65,78,,,,0,,,,,,,,,,2,,0,Macon,GA,1,112,,,,-5.0,"33,32","41,37"
ncaab:401258716,ncaab,2020-12-30T00:00Z,void,96,2579,Kentucky,South Carolina,,,,,,0,,,,,,,,,,2,,0,Lexington,KY,1,295,,,,-5.0,,
ncaab:401258717,ncaab,2020-12-30T00:00Z,final,99,245,LSU,Texas A&M,77,54,,,,0,,,,,,,,,,2,,0,Baton Rouge,LA,1,14,,,,-6.0,"41,36","27,27"
ncaab:401259594,ncaab,2020-12-30T00:00Z,final,2641,2916,Texas Tech,Incarnate Word,79,51,,,,0,,,,,,,,,,2,,0,Lubbock,TX,1,976,,,,-6.0,"41,38","19,32"
ncaab:401259842,ncaab,2020-12-30T00:00Z,void,2520,2154,Rider,Coppin St,,,,,,0,,,,,,,,,,2,,0,Lawrenceville,NJ,1,37,,,,-5.0,,
ncaab:401263344,ncaab,2020-12-30T00:00Z,final,164,2509,Rutgers,Purdue,81,76,,,,0,,,,,,,,,,2,,0,Piscataway,NJ,1,30,,,,-5.0,"40,41","34,42"
ncaab:401264250,ncaab,2020-12-30T00:00Z,final,235,58,Memphis,South Florida,58,57,,,,0,,,,,,,,,,2,,0,Memphis,TN,1,78,,,,-6.0,"25,33","23,34"
ncaab:401265031,ncaab,2020-12-30T00:00Z,final,228,52,Clemson,Florida St,77,67,,,,0,,,,,,,,,,2,,0,Clemson,SC,1,221,,,,-5.0,"29,48","34,33"
ncaab:401266983,ncaab,2020-12-30T00:00Z,void,2674,71,Valparaiso,Bradley,,,,,,0,,,,,,,,,,2,,0,Valparaiso,IN,1,242,,,,-6.0,,
ncaab:401273516,ncaab,2020-12-30T00:00Z,final,30,2541,USC,Santa Clara,86,63,,,,0,,,,,,,,,,2,,0,Los Angeles,CA,1,89,,,,-8.0,"41,45","27,36"
ncaab:401262259,ncaab,2020-12-30T00:30Z,final,2377,3134,McNeese,Champ Chrstn,94,36,,,,0,,,,,,,,,,2,,0,Lake Charles,LA,1,4,,,,-6.0,"46,48","20,16"
ncaab:401269473,ncaab,2020-12-30T00:30Z,final,2534,2371,Sam Houston,Mary Hardin,101,59,,,,0,,,,,,,,,,2,,0,Huntsville,TX,1,113,,,,-6.0,"57,44","29,30"
ncaab:401254055,ncaab,2020-12-30T01:00Z,final,2306,2437,Kansas St,Omaha,60,58,,,,0,,,,,,,,,,2,,0,Manhattan,KS,1,311,,,,-6.0,"32,28","30,28"
ncaab:401257063,ncaab,2020-12-30T01:00Z,final,2320,2545,Lamar,SE Louisiana,74,64,,,,0,,,,,,,,,,2,,0,Beaumont,TX,1,5,,,,-6.0,"34,40","30,34"
ncaab:401257380,ncaab,2020-12-30T01:00Z,void,251,357,Texas,Texas A&M-CC,,,,,,0,,,,,,,,,,2,,0,Austin,TX,1,149,,,,-6.0,,
ncaab:401261656,ncaab,2020-12-30T01:00Z,void,3084,3096,Utah Valley,S Diego Christ,,,,,,0,,,,,,,,,,2,,0,Orem,UT,1,1455,,,,-7.0,,
ncaab:401262380,ncaab,2020-12-30T01:00Z,final,288,2915,Lipscomb,Freed Hardeman,93,72,,,,0,,,,,,,,,,2,,0,Nashville,TN,1,170,,,,-6.0,"44,49","37,35"
ncaab:401264963,ncaab,2020-12-30T01:00Z,void,150,221,Duke,Pitt,,,,,,0,,,,,,,,,,2,,0,Durham,NC,1,123,,,,-5.0,,
ncaab:401266631,ncaab,2020-12-30T01:00Z,final,2000,2937,Abilene Chrstn,Dallas Chrstn,82,44,,,,0,,,,,,,,,,2,,0,Abilene,TX,1,524,,,,-6.0,"54,28","21,23"
ncaab:401255768,ncaab,2020-12-30T02:00Z,final,2250,3101,Gonzaga,Utah Tech,112,67,,,,0,,,,,,,,,,2,,0,Spokane,WA,1,571,,,,-8.0,"63,49","38,29"
ncaab:401258715,ncaab,2020-12-30T02:00Z,final,333,145,Alabama,Ole Miss,82,64,,,,0,,,,,,,,,,2,,0,Tuscaloosa,AL,1,68,,,,-6.0,"43,39","34,30"
ncaab:401262476,ncaab,2020-12-30T02:00Z,void,2253,2172,Grand Canyon,Denver,,,,,,0,,,,,,,,,,2,,0,Phoenix,AZ,1,331,,,,-7.0,,
ncaab:401263343,ncaab,2020-12-30T02:00Z,final,2294,77,Iowa,Northwestern,87,72,,,,0,,,,,,,,,,2,,0,Iowa City,IA,1,204,,,,-6.0,"45,42","36,36"
ncaab:401264251,ncaab,2020-12-30T02:00Z,final,202,248,Tulsa,Houston,65,64,,,,0,,,,,,,,,,2,,0,Tulsa,OK,1,220,,,,-6.0,"31,34","30,34"
ncaab:401257641,ncaab,2020-12-30T03:00Z,void,279,3078,Pacific,Jessup,,,,,,0,,,,,,,,,,2,,0,Stockton,CA,1,4,,,,-8.0,,
ncaab:401269592,ncaab,2020-12-30T05:00Z,void,222,2599,Villanova,St John's,,,,,,0,,,,,,,,,,2,,0,Villanova,PA,1,121,,,,-5.0,,
ncaab:401260582,ncaab,2020-12-30T17:00Z,final,2603,2670,Saint Joseph's,VCU,64,80,,,,0,,,,,,,,,,2,,0,Philadelphia,PA,1,12,,,,-5.0,"32,32","40,40"
ncaab:401253400,ncaab,2020-12-30T18:00Z,final,236,231,Chattanooga,Furman,73,77,,,,0,,,,,,,,,,2,,0,Chattanooga,TN,1,206,,,,-5.0,"34,39","35,42"
ncaab:401260579,ncaab,2020-12-30T18:00Z,final,2230,45,Fordham,G Washington,47,71,,,,0,,,,,,,,,,2,,0,Bronx,NY,1,28,,,,-5.0,"20,27","38,33"
ncaab:401274177,ncaab,2020-12-30T18:00Z,final,2169,2363,Delaware St,Manhattan,59,65,,,,0,,,,,,,,,,2,,0,Dover,DE,1,9,,,,-5.0,"23,36","33,32"
ncaab:401257955,ncaab,2020-12-30T19:00Z,final,2261,2241,Hampton,Gardner-Webb,80,69,,,,0,,,,,,,,,,2,,0,Hampton,VA,1,1,,,,-5.0,"37,43","30,39"
ncaab:401264253,ncaab,2020-12-30T19:00Z,final,218,2567,Temple,SMU,71,79,,,,0,,,,,,,,,,2,,0,Philadelphia,PA,1,12,,,,-5.0,"32,39","37,42"
ncaab:401273313,ncaab,2020-12-30T19:00Z,final,195,189,Ohio,Bowling Green,75,83,,,,0,,,,,,,,,,2,,0,Athens,OH,1,219,,,,-5.0,"42,33","32,51"
ncaab:401257935,ncaab,2020-12-30T20:00Z,final,2737,2097,Winthrop,Campbell,84,83,,,,0,,,,,,,,,,2,,0,Rock Hill,SC,1,207,,,,-5.0,"39,45","33,50"
ncaab:401257959,ncaab,2020-12-30T20:00Z,final,2344,2427,Longwood,UNC Asheville,73,80,,,,0,,,,,,,,,,2,,0,Farmville,VA,1,90,,,,-5.0,"35,38","36,44"
ncaab:401274073,ncaab,2020-12-30T20:00Z,final,239,2016,Baylor,Alcorn St,105,76,,,,0,,,,,,,,,,2,,0,Waco,TX,1,143,,,,-6.0,"59,46","27,49"
ncaab:401260581,ncaab,2020-12-30T21:00Z,final,227,179,Rhode Island,St Bonaventure,63,57,,,,0,,,,,,,,,,2,,0,Kingston,RI,1,75,,,,-5.0,"27,36","29,28"
ncaab:401262562,ncaab,2020-12-30T21:00Z,final,36,278,Colorado St,Fresno St,81,59,,,,0,,,,,,,,,,2,,0,Fort Collins,CO,1,1525,,,,-7.0,"41,40","17,42"
ncaab:401258041,ncaab,2020-12-30T22:00Z,final,2506,2515,Presbyterian,Radford,65,71,,,,0,,,,,,,,,,2,,0,Clinton,SC,1,76,,,,-5.0,"36,29","32,39"
ncaab:401265146,ncaab,2020-12-30T22:00Z,void,154,183,Wake Forest,Syracuse,,,,,,0,,,,,,,,,,2,,0,Winston-Salem,NC,1,293,,,,-5.0,,
ncaab:401269591,ncaab,2020-12-30T22:00Z,final,2507,2086,Providence,Butler,71,55,,,,0,,,,,,,,,,2,,0,Providence,RI,1,2,,,,-5.0,"35,36","18,37"
ncaab:401257957,ncaab,2020-12-30T23:00Z,final,2272,2908,High Point,SC Upstate,63,52,,,,0,,,,,,,,,,2,,0,High Point,NC,1,281,,,,-5.0,"36,27","28,24"
ncaab:401260580,ncaab,2020-12-30T23:00Z,final,113,2244,UMass,George Mason,92,93,,,,0,,,,,,,,,,2,,0,Amherst,MA,1,82,,,,-5.0,"28,34,18,12","25,37,18,13"
ncaab:401265054,ncaab,2020-12-30T23:00Z,final,87,258,Notre Dame,Virginia,57,66,,,,0,,,,,,,,,,2,,0,South Bend,IN,1,211,,,,-5.0,"24,33","30,36"
ncaab:401273393,ncaab,2020-12-30T23:00Z,void,119,2415,Towson,Morgan St,,,,,,0,,,,,,,,,,2,,0,Towson,MD,1,141,,,,-5.0,,
ncaab:401263346,ncaab,2020-12-30T23:30Z,final,194,158,Ohio State,Nebraska,90,54,,,,0,,,,,,,,,,2,,0,Columbus,OH,1,235,,,,-5.0,"38,52","21,33"
ncaab:401253403,ncaab,2020-12-31T00:00Z,final,2193,2717,ETSU,W Carolina,86,78,,,,0,,,,,,,,,,2,,0,Johnson City,TN,1,498,,,,-5.0,"33,53","38,40"
ncaab:401258174,ncaab,2020-12-31T00:00Z,final,2057,93,Belmont,Murray St,68,55,,,,0,,,,,,,,,,2,,0,Nashville,TN,1,170,,,,-6.0,"26,42","25,30"
ncaab:401258718,ncaab,2020-12-31T00:00Z,final,2,8,Auburn,Arkansas,85,97,,,,0,,,,,,,,,,2,,0,Auburn,AL,1,215,,,,-6.0,"41,44","47,50"
ncaab:401258720,ncaab,2020-12-31T00:00Z,final,61,344,Georgia,Mississippi St,73,83,,,,0,,,,,,,,,,2,,0,Athens,GA,1,228,,,,-5.0,"27,46","41,42"
ncaab:401260576,ncaab,2020-12-31T00:00Z,final,2166,257,Davidson,Richmond,74,80,,,,0,,,,,,,,,,2,,0,Davidson,NC,1,256,,,,-5.0,"36,38","36,44"
ncaab:401260577,ncaab,2020-12-31T00:00Z,final,2168,2325,Dayton,La Salle,65,67,,,,0,,,,,,,,,,2,,0,Dayton,OH,1,225,,,,-5.0,"30,35","25,42"
ncaab:401260578,ncaab,2020-12-31T00:00Z,void,139,2184,Saint Louis,Duquesne,,,,,,0,,,,,,,,,,2,,0,St. Louis,MO,1,142,,,,-6.0,,
ncaab:401264252,ncaab,2020-12-31T00:00Z,void,2116,2655,UCF,Tulane,,,,,,0,,,,,,,,,,2,,0,Orlando,FL,1,30,,,,-5.0,,
ncaab:401273353,ncaab,2020-12-31T00:00Z,final,2752,2550,Xavier,Seton Hall,68,85,,,,0,,,,,,,,,,2,,0,Cincinnati,OH,1,191,,,,-5.0,"28,40","44,41"
ncaab:401273456,ncaab,2020-12-31T00:00Z,final,2724,580,Wichita St,Newman,81,43,,,,0,,,,,,,,,,2,,0,Wichita,KS,1,396,,,,-6.0,"46,35","18,25"
ncaab:401262260,ncaab,2020-12-31T00:30Z,final,2377,3134,McNeese,Champ Chrstn,91,76,,,,0,,,,,,,,,,2,,0,Lake Charles,LA,1,4,,,,-6.0,"44,47","29,47"
ncaab:401253399,ncaab,2020-12-31T01:00Z,final,2535,2678,Samford,VMI,84,71,,,,0,,,,,,,,,,2,,0,Homewood,AL,1,203,,,,-6.0,"56,28","37,34"
ncaab:401253914,ncaab,2020-12-31T01:00Z,final,2628,2504,TCU,Prairie View,66,61,,,,0,,,,,,,,,,2,,0,Fort Worth,TX,1,199,,,,-6.0,"29,37","30,31"
ncaab:401258173,ncaab,2020-12-31T01:00Z,final,2634,2046,Tennessee St,Austin Peay,59,68,,,,0,,,,,,,,,,2,,0,Nashville,TN,1,170,,,,-6.0,"33,26","35,33"
ncaab:401258175,ncaab,2020-12-31T01:00Z,final,2198,2197,E Kentucky,E Illinois,69,61,,,,0,,,,,,,,,,2,,0,Richmond,KY,1,289,,,,-5.0,"43,26","36,25"
ncaab:401261474,ncaab,2020-12-31T01:00Z,void,2277,2937,Hou Christian,Dallas Chrstn,,,,,,0,,,,,,,,,,2,,0,Houston,TX,1,12,,,,-6.0,,
ncaab:401265032,ncaab,2020-12-31T01:00Z,final,152,103,NC State,Boston College,79,76,,,,0,,,,,,,,,,2,,0,Raleigh,NC,1,96,,,,-5.0,"45,34","35,41"
ncaab:401265053,ncaab,2020-12-31T01:00Z,final,59,153,Georgia Tech,North Carolina,72,67,,,,0,,,,,,,,,,2,,0,Atlanta,GA,1,320,,,,-5.0,"29,43","35,32"
ncaab:401271557,ncaab,2020-12-31T01:00Z,void,2253,3246,Grand Canyon,Bethesda,,,,,,0,,,,,,,,,,2,,0,Phoenix,AZ,1,331,,,,-7.0,,
ncaab:401258176,ncaab,2020-12-31T01:30Z,final,55,2630,Jax State,UT Martin,80,70,,,,0,,,,,,,,,,2,,0,Jacksonville,AL,1,216,,,,-6.0,"45,35","23,47"
ncaab:401263345,ncaab,2020-12-31T01:30Z,final,84,213,Indiana,Penn State,87,85,,,,0,,,,,,,,,,2,,0,Bloomington,IN,1,235,,,,-5.0,"38,42,7","33,47,5"
ncaab:401258178,ncaab,2020-12-31T02:00Z,final,2635,2546,Tennessee Tech,SE Missouri,72,63,,,,0,,,,,,,,,,2,,0,Cookeville,TN,1,334,,,,-6.0,"38,34","23,40"
ncaab:401258719,ncaab,2020-12-31T02:00Z,final,238,57,Vanderbilt,Florida,72,91,,,,0,,,,,,,,,,2,,0,Nashville,TN,1,170,,,,-6.0,"29,43","43,48"
ncaab:401258721,ncaab,2020-12-31T02:00Z,final,142,2633,Missouri,Tennessee,53,73,,,,0,,,,,,,,,,2,,0,Columbia,MO,1,215,,,,-6.0,"25,28","38,35"
ncaab:401262440,ncaab,2020-12-31T02:00Z,final,2547,2501,Seattle U,Portland,84,68,,,,0,,,,,,,,,,2,,0,Seattle,WA,1,56,,,,-8.0,"41,43","32,36"
ncaab:401269589,ncaab,2020-12-31T02:00Z,final,41,305,UConn,DePaul,82,61,,,,0,,,,,,,,,,2,,0,Storrs,CT,1,187,,,,-5.0,"41,41","27,34"
ncaab:401259317,ncaab,2020-12-31T03:00Z,final,2608,16,Saint Mary's,Sacramento St,63,45,,,,0,,,,,,,,,,2,,0,Moraga,CA,1,152,,,,-8.0,"36,27","22,23"
ncaab:401257956,ncaab,2020-12-31T17:00Z,final,2261,2241,Hampton,Gardner-Webb,69,80,,,,0,,,,,,,,,,2,,0,Hampton,VA,1,1,,,,-5.0,"31,38","45,35"
ncaab:401257936,ncaab,2020-12-31T18:00Z,final,2737,2097,Winthrop,Campbell,94,76,,,,0,,,,,,,,,,2,,0,Rock Hill,SC,1,207,,,,-5.0,"47,47","35,41"
ncaab:401261487,ncaab,2020-12-31T19:00Z,final,2916,241,Incarnate Word,McMurry,92,71,,,,0,,,,,,,,,,2,,0,San Antonio,TX,1,198,,,,-6.0,"46,46","37,34"
ncaab:401257960,ncaab,2020-12-31T20:00Z,final,2344,2427,Longwood,UNC Asheville,65,55,,,,0,,,,,,,,,,2,,0,Farmville,VA,1,90,,,,-5.0,"36,29","28,27"
ncaab:401258042,ncaab,2020-12-31T20:00Z,final,2506,2515,Presbyterian,Radford,65,63,,,,0,,,,,,,,,,2,,0,Clinton,SC,1,76,,,,-5.0,"30,35","31,32"
ncaab:401273454,ncaab,2020-12-31T20:00Z,final,154,2107,Wake Forest,Catawba,70,62,,,,0,,,,,,,,,,2,,0,Winston-Salem,NC,1,293,,,,-5.0,"32,38","30,32"
ncaab:401262564,ncaab,2020-12-31T21:00Z,final,2005,328,Air Force,Utah State,48,83,,,,0,,,,,,,,,,2,,0,Colorado Springs,CO,1,1832,,,,-7.0,"28,20","44,39"
ncaab:401265349,ncaab,2020-12-31T21:00Z,void,265,9,Washington St,Arizona St,,,,,,0,,,,,,,,,,2,,0,Pullman,WA,1,717,,,,-8.0,,
ncaab:401252590,ncaab,2020-12-31T21:30Z,void,147,253,Montana St,Southern Utah,,,,,,0,,,,,,,,,,2,,0,Bozeman,MT,1,1468,,,,-7.0,,
ncaab:401263348,ncaab,2020-12-31T21:30Z,final,275,135,Wisconsin,Minnesota,71,59,,,,0,,,,,,,,,,2,,0,Madison,WI,1,267,,,,-6.0,"29,42","22,37"
ncaab:401253708,ncaab,2020-12-31T22:00Z,final,2539,301,San Francisco,San Diego,70,62,,,,0,,,,,,,,,,2,,0,San Francisco,CA,1,16,,,,-8.0,"30,40","31,31"
ncaab:401262983,ncaab,2020-12-31T22:00Z,void,2627,2491,Tarleton St,Paul Quinn,,,,,,0,,,,,,,,,,2,,0,Stephenville,TX,1,388,,,,-6.0,,
ncaab:401274353,ncaab,2020-12-31T22:00Z,void,2541,166,Santa Clara,New Mexico St,,,,,,0,,,,,,,,,,2,,0,Santa Clara,CA,1,23,,,,-8.0,,
ncaab:401257958,ncaab,2020-12-31T23:00Z,final,2272,2908,High Point,SC Upstate,51,60,,,,0,,,,,,,,,,2,,0,High Point,NC,1,281,,,,-5.0,"28,23","23,37"
