id,league,start,status,home,away,home_name,away_name,home_score,away_score,ml_home,ml_away,odds_time,neutral,ml_home_open,ml_away_open,spread_home,spread_home_odds,spread_away_odds,inj_home,inj_away,sp_home,sp_away,stype,country,intl,city,state,indoor,elev,wx_temp,wx_wind,wx_rain,tzo,ls_home,ls_away
ncaab:401365260,ncaab,2021-12-01T00:00Z,final,2363,161,Manhattan,FDU,78,73,,,,0,,,,,,,,,,2,,0,Riverdale,NY,1,159,,,,-8.0,"35,43","41,32"
ncaab:401365262,ncaab,2021-12-01T00:00Z,final,349,2561,Army,Siena,67,83,,,,0,,,,,,,,,,2,,0,West Point,NY,1,47,,,,-5.0,"33,34","28,55"
ncaab:401369177,ncaab,2021-12-01T00:00Z,final,277,91,West Virginia,Bellarmine,74,55,,,,0,,,,,,,,,,2,,0,Morgantown,WV,1,271,,,,-5.0,"37,37","30,25"
ncaab:401369985,ncaab,2021-12-01T00:00Z,final,221,135,Pitt,Minnesota,53,54,,,,0,,,,,,,,,,2,,0,Pittsburgh,PA,1,233,,,,-5.0,"24,29","22,32"
ncaab:401370002,ncaab,2021-12-01T00:00Z,final,183,84,Syracuse,Indiana,112,110,,,,0,,,,,,,,,,2,,0,Syracuse,NY,1,121,,,,-5.0,"49,39,9,15","33,55,9,13"
ncaab:401370968,ncaab,2021-12-01T00:00Z,final,2885,2529,NJIT,Sacred Heart,75,70,,,,0,,,,,,,,,,2,,0,Newark,NJ,1,9,,,,-5.0,"38,37","26,44"
ncaab:401370998,ncaab,2021-12-01T00:00Z,final,2429,2166,Charlotte,Davidson,58,75,,,,0,,,,,,,,,,2,,0,Charlotte,NC,1,229,,,,-5.0,"28,30","37,38"
ncaab:401371613,ncaab,2021-12-01T00:00Z,final,245,2443,Texas A&M,LSU N Orleans,85,65,,,,0,,,,,,,,,,2,,0,College Station,TX,1,103,,,,-6.0,"44,41","26,39"
ncaab:401371806,ncaab,2021-12-01T00:00Z,final,151,295,East Carolina,Old Dominion,63,62,,,,0,,,,,,,,,,2,,0,Greenville,NC,1,18,,,,-5.0,"41,22","32,30"
ncaab:401371895,ncaab,2021-12-01T00:00Z,final,2633,2506,Tennessee,Presbyterian,86,44,,,,0,,,,,,,,,,2,,0,Knoxville,TN,1,276,,,,-5.0,"45,41","21,23"
ncaab:401371998,ncaab,2021-12-01T00:00Z,final,46,2344,Georgetown,Longwood,91,83,,,,0,,,,,,,,,,2,,0,Washington,DC,1,7,,,,-5.0,"36,55","31,52"
ncaab:401372028,ncaab,2021-12-01T00:00Z,final,41,2379,UConn,MD Eastern,72,63,,,,0,,,,,,,,,,2,,0,Hartford,CT,1,18,,,,-5.0,"39,33","31,32"
ncaab:401372191,ncaab,2021-12-01T00:00Z,final,48,112358,Delaware,Long Island,75,67,,,,0,,,,,,,,,,2,,0,Newark,DE,1,38,,,,-5.0,"45,30","33,34"
ncaab:401372203,ncaab,2021-12-01T00:00Z,final,2430,2210,UNC Greensboro,Elon,74,61,,,,0,,,,,,,,,,2,,0,Greensboro,NC,1,266,,,,-5.0,"39,35","25,36"
ncaab:401372217,ncaab,2021-12-01T00:00Z,final,111,2174,Northeastern,Detroit Mercy,66,56,,,,0,,,,,,,,,,2,,0,Boston,MA,1,14,,,,-5.0,"36,30","25,31"
ncaab:401372627,ncaab,2021-12-01T00:00Z,final,116,47,Mount St Marys,Howard,72,70,,,,0,,,,,,,,,,2,,0,Emmitsburg,MD,1,133,,,,-5.0,"31,41","33,37"
ncaab:401372676,ncaab,2021-12-01T00:00Z,final,2097,123306,Campbell,Lncstr Bible,83,39,,,,0,,,,,,,,,,2,,0,Buies Creek,NC,1,63,,,,-5.0,"37,46","22,17"
ncaab:401372968,ncaab,2021-12-01T00:00Z,final,2272,231,High Point,Furman,70,74,,,,0,,,,,,,,,,2,,0,High Point,NC,1,281,,,,-5.0,"25,34,6,5","26,33,6,9"
ncaab:401373466,ncaab,2021-12-01T00:00Z,final,2635,236,Tennessee Tech,Chattanooga,65,82,,,,0,,,,,,,,,,2,,0,Cookeville,TN,1,334,,,,-6.0,"41,24","35,47"
ncaab:401373806,ncaab,2021-12-01T00:00Z,final,2678,109636,VMI,Clarks Summit,88,40,,,,0,,,,,,,,,,2,,0,Lexington,VA,1,324,,,,-5.0,"39,49","19,21"
ncaab:401385631,ncaab,2021-12-01T00:00Z,final,2309,214,Kent State,Point Park,107,41,,,,0,,,,,,,,,,2,,0,Kent,OH,1,325,,,,-5.0,"48,59","21,20"
ncaab:401365261,ncaab,2021-12-01T00:30Z,final,145,2520,Ole Miss,Rider,75,51,,,,0,,,,,,,,,,2,,0,Oxford,MS,1,154,,,,-6.0,"31,44","25,26"
ncaab:401369875,ncaab,2021-12-01T00:30Z,final,2509,52,Purdue,Florida St,93,65,,,,0,,,,,,,,,,2,,0,West Lafayette,IN,1,186,,,,-5.0,"48,45","32,33"
ncaab:401372185,ncaab,2021-12-01T00:30Z,final,232,2655,Charleston,Tulane,81,77,,,,0,,,,,,,,,,2,,0,Charleston,SC,1,6,,,,-5.0,"36,45","31,46"
ncaab:401365612,ncaab,2021-12-01T01:00Z,final,155,597,North Dakota,Presentation,72,55,,,,0,,,,,,,,,,2,,0,Grand Forks,ND,1,253,,,,-6.0,"33,39","25,30"
ncaab:401365613,ncaab,2021-12-01T01:00Z,final,2437,2565,Omaha,SIUE,65,75,,,,0,,,,,,,,,,2,,0,Omaha,NE,1,323,,,,-6.0,"25,40","49,26"
ncaab:401371612,ncaab,2021-12-01T01:00Z,final,248,2466,Houston,N'Western St,99,58,,,,0,,,,,,,,,,2,,0,Houston,TX,1,12,,,,-6.0,"60,39","25,33"
ncaab:401371751,ncaab,2021-12-01T01:00Z,final,2571,2504,S Dakota St,Prairie View,99,90,,,,0,,,,,,,,,,2,,0,Brookings,SD,1,494,,,,-6.0,"49,50","33,57"
ncaab:401372790,ncaab,2021-12-01T01:00Z,final,242,326,Rice,Texas St,69,80,,,,0,,,,,,,,,,2,,0,Houston,TX,1,12,,,,-6.0,"38,31","26,54"
ncaab:401373790,ncaab,2021-12-01T01:00Z,final,2535,2401,Samford,Miss College,83,58,,,,0,,,,,,,,,,2,,0,Homewood,AL,1,203,,,,-6.0,"45,38","27,31"
ncaab:401388131,ncaab,2021-12-01T01:00Z,final,98,2519,Western KY,Rhodes,105,35,,,,0,,,,,,,,,,2,,0,Bowling Green,KY,1,161,,,,-6.0,"51,54","15,20"
ncaab:401365611,ncaab,2021-12-01T02:00Z,final,156,2449,Creighton,N Dakota St,80,55,,,,0,,,,,,,,,,2,,0,Omaha,NE,1,323,,,,-6.0,"40,40","32,23"
ncaab:401369929,ncaab,2021-12-01T02:00Z,final,164,228,Rutgers,Clemson,74,64,,,,0,,,,,,,,,,2,,0,Piscataway,NJ,1,30,,,,-5.0,"33,41","25,39"
ncaab:401370059,ncaab,2021-12-01T02:00Z,final,154,77,Wake Forest,Northwestern,77,73,,,,0,,,,,,,,,,2,,0,Winston-Salem,NC,1,293,,,,-5.0,"37,27,13","32,32,9"
ncaab:401371136,ncaab,2021-12-01T02:00Z,final,2541,62,Santa Clara,Hawai'i,70,58,,,,0,,,,,,,,,,2,,0,Santa Clara,CA,1,23,,,,-8.0,"31,39","35,23"
ncaab:401371396,ncaab,2021-12-01T02:00Z,final,166,167,New Mexico St,New Mexico,94,101,,,,0,,,,,,,,,,2,,0,Las Cruces,NM,1,1191,,,,-7.0,"42,52","49,52"
ncaab:401371780,ncaab,2021-12-01T02:00Z,final,68,139,Boise St,Saint Louis,82,86,,,,0,,,,,,,,,,2,,0,Boise,ID,1,823,,,,-7.0,"35,38,9","39,34,13"
ncaab:401372003,ncaab,2021-12-01T02:00Z,final,269,2296,Marquette,Jackson St,83,54,,,,0,,,,,,,,,,2,,0,Milwaukee,WI,1,188,,,,-6.0,"29,54","29,25"
ncaab:401386715,ncaab,2021-12-01T02:00Z,final,3101,3246,Utah Tech,Bethesda,99,61,,,,0,,,,,,,,,,2,,0,St. George,UT,1,823,,,,-7.0,"38,61","28,33"
ncaab:401369856,ncaab,2021-12-01T02:30Z,final,194,150,Ohio State,Duke,71,66,,,,0,,,,,,,,,,2,,0,Columbus,OH,1,235,,,,-5.0,"30,41","43,23"
ncaab:401371276,ncaab,2021-12-01T03:00Z,final,2440,2492,Nevada,Pepperdine,79,66,,,,0,,,,,,,,,,2,,0,Reno,NV,1,1373,,,,-8.0,"35,44","32,34"
ncaab:401372472,ncaab,2021-12-01T03:00Z,final,21,299,San Diego St,Long Beach St,72,47,,,,0,,,,,,,,,,2,,0,San Diego,CA,1,20,,,,-8.0,"35,37","21,26"
ncaab:401372478,ncaab,2021-12-01T03:00Z,final,23,233,San José St,South Dakota,61,52,,,,0,,,,,,,,,,2,,0,San Jose,CA,1,26,,,,-8.0,"33,28","22,30"
ncaab:401373809,ncaab,2021-12-01T22:00Z,final,2717,2684,W Carolina,Warren Wilson,102,47,,,,0,,,,,,,,,,2,,0,Cullowhee,NC,1,645,,,,-5.0,"53,49","26,21"
ncaab:401373004,ncaab,2021-12-01T23:00Z,final,2908,2428,SC Upstate,NC Central,65,67,,,,0,,,,,,,,,,2,,0,Spartanburg,SC,1,246,,,,-5.0,"33,32","30,37"
ncaab:401365040,ncaab,2021-12-01T23:30Z,final,2752,2117,Xavier,C Michigan,78,45,,,,0,,,,,,,,,,2,,0,Cincinnati,OH,1,191,,,,-5.0,"41,37","25,20"
ncaab:401370988,ncaab,2021-12-01T23:30Z,final,2619,44,Stony Brook,American,80,57,,,,0,,,,,,,,,,2,,0,Stony Brook,NY,1,27,,,,-5.0,"45,35","25,32"
ncaab:401373012,ncaab,2021-12-01T23:30Z,final,2427,2643,UNC Asheville,The Citadel,65,58,,,,0,,,,,,,,,,2,,0,Asheville,NC,1,649,,,,-5.0,"31,34","24,34"
ncaab:401365041,ncaab,2021-12-02T00:00Z,final,2006,276,Akron,Marshall,88,86,,,,0,,,,,,,,,,2,,0,Akron,OH,1,291,,,,-5.0,"49,39","40,46"
ncaab:401365043,ncaab,2021-12-02T00:00Z,final,2184,189,Duquesne,Bowling Green,70,78,,,,0,,,,,,,,,,2,,0,Pittsburgh,PA,1,233,,,,-5.0,"38,32","32,46"
ncaab:401365045,ncaab,2021-12-02T00:00Z,final,2710,2050,W Illinois,Ball State,93,80,,,,0,,,,,,,,,,2,,0,Macomb,IL,1,215,,,,-6.0,"44,49","33,47"
ncaab:401365263,ncaab,2021-12-02T00:00Z,final,2368,314,Marist,Iona,71,78,,,,0,,,,,,,,,,2,,0,Poughkeepsie,NY,1,62,,,,-5.0,"35,36","38,40"
ncaab:401367272,ncaab,2021-12-02T00:00Z,final,339,79,Evansville,S Illinois,52,54,,,,0,,,,,,,,,,2,,0,Evansville,IN,1,118,,,,-6.0,"17,35","32,22"
ncaab:401369179,ncaab,2021-12-02T00:00Z,final,2229,526,FIU,FGCU,77,61,,,,0,,,,,,,,,,2,,0,Miami,FL,1,2,,,,-5.0,"34,43","30,31"
ncaab:401369180,ncaab,2021-12-02T00:00Z,final,338,2382,Kennesaw St,Mercer,71,73,,,,0,,,,,,,,,,2,,0,Kennesaw,GA,1,332,,,,-5.0,"34,37","39,34"
ncaab:401370800,ncaab,2021-12-02T00:00Z,final,179,2154,St Bonaventure,Coppin St,93,81,,,,0,,,,,,,,,,2,,0,Saint Bonaventure,NY,1,435,,,,-5.0,"40,53","44,37"
ncaab:401370949,ncaab,2021-12-02T00:00Z,final,2603,2066,Saint Joseph's,Binghamton,79,57,,,,0,,,,,,,,,,2,,0,Philadelphia,PA,1,12,,,,-5.0,"44,35","35,22"
ncaab:401371007,ncaab,2021-12-02T00:00Z,final,2168,2011,Dayton,Alabama St,93,54,,,,0,,,,,,,,,,2,,0,Dayton,OH,1,225,,,,-5.0,"36,57","23,31"
ncaab:401371060,ncaab,2021-12-02T00:00Z,final,2378,171,UMBC,Columbia,98,60,,,,0,,,,,,,,,,2,,0,Baltimore,MD,1,10,,,,-5.0,"49,49","19,41"
ncaab:401371068,ncaab,2021-12-02T00:00Z,final,2349,225,UMass Lowell,Brown,63,73,,,,0,,,,,,,,,,2,,0,Lowell,MA,1,36,,,,-5.0,"28,35","33,40"
ncaab:401371083,ncaab,2021-12-02T00:00Z,final,2230,2597,Fordham,St Francis BK,68,46,,,,0,,,,,,,,,,2,,0,Bronx,NY,1,28,,,,-5.0,"34,34","23,23"
ncaab:401371097,ncaab,2021-12-02T00:00Z,final,108,227,Harvard,Rhode Island,57,64,,,,0,,,,,,,,,,2,,0,Cambridge,MA,1,5,,,,-5.0,"22,35","38,26"
ncaab:401371108,ncaab,2021-12-02T00:00Z,final,219,222,Penn,Villanova,56,71,,,,0,,,,,,,,,,2,,0,Philadelphia,PA,1,12,,,,-5.0,"21,35","33,38"
ncaab:401371397,ncaab,2021-12-02T00:00Z,final,2352,2130,Loyola MD,Chicago St,78,64,,,,0,,,,,,,,,,2,,0,Baltimore,MD,1,10,,,,-5.0,"42,36","29,35"
ncaab:401371579,ncaab,2021-12-02T00:00Z,final,45,104,G Washington,Boston U,54,56,,,,0,,,,,,,,,,2,,0,Washington,DC,1,7,,,,-5.0,"34,20","26,30"
ncaab:401371586,ncaab,2021-12-02T00:00Z,final,218,2325,Temple,La Salle,73,57,,,,0,,,,,,,,,,2,,0,Philadelphia,PA,1,12,,,,-5.0,"39,34","22,35"
ncaab:401371724,ncaab,2021-12-02T00:00Z,final,2747,257,Wofford,Richmond,64,73,,,,0,,,,,,,,,,2,,0,Spartanburg,SC,1,246,,,,-5.0,"26,38","36,37"
ncaab:401371796,ncaab,2021-12-02T00:00Z,final,193,2132,Miami OH,Cincinnati,58,59,,,,0,,,,,,,,,,2,,0,Oxford,OH,1,283,,,,-5.0,"29,29","30,29"
ncaab:401371887,ncaab,2021-12-02T00:00Z,final,324,2579,Coastal,South Carolina,80,56,,,,0,,,,,,,,,,2,,0,Conway,SC,1,10,,,,-5.0,"36,44","35,21"
ncaab:401372022,ncaab,2021-12-02T00:00Z,final,2550,2681,Seton Hall,Wagner,85,63,,,,0,,,,,,,,,,2,,0,Newark,NJ,1,9,,,,-5.0,"35,50","33,30"
ncaab:401372232,ncaab,2021-12-02T00:00Z,final,350,2450,UNC Wilmington,Norfolk St,69,74,,,,0,,,,,,,,,,2,,0,Wilmington,NC,1,9,,,,-5.0,"34,35","34,40"
ncaab:401372240,ncaab,2021-12-02T00:00Z,final,2426,2729,Navy,William & Mary,75,56,,,,0,,,,,,,,,,2,,0,Annapolis,MD,1,12,,,,-5.0,"36,39","30,26"
ncaab:401372524,ncaab,2021-12-02T00:00Z,final,2115,107,C Connecticut,Holy Cross,73,67,,,,0,,,,,,,,,,2,,0,New Britain,CT,1,51,,,,-5.0,"30,43","25,42"
ncaab:401372641,ncaab,2021-12-02T00:00Z,final,2598,2083,Saint Francis,Bucknell,93,67,,,,0,,,,,,,,,,2,,0,Loretto,PA,1,595,,,,-5.0,"42,51","32,35"
ncaab:401372685,ncaab,2021-12-02T00:00Z,final,2226,56,FAU,Stetson,83,73,,,,0,,,,,,,,,,2,,0,Boca Raton,FL,1,4,,,,-5.0,"39,44","25,48"
ncaab:401372750,ncaab,2021-12-02T00:00Z,final,2393,2630,MTSU,UT Martin,73,61,,,,0,,,,,,,,,,2,,0,Murfreesboro,TN,1,186,,,,-6.0,"34,39","27,34"
ncaab:401373135,ncaab,2021-12-02T00:00Z,final,50,2232,Florida A&M,Fort Valley St,76,63,,,,0,,,,,,,,,,2,,0,Tallahassee,FL,1,62,,,,-5.0,"39,37","24,39"
ncaab:401373236,ncaab,2021-12-02T00:00Z,final,2413,290,Morehead St,GA Southern,59,51,,,,0,,,,,,,,,,2,,0,Morehead,KY,1,153,,,,-6.0,"27,32","24,27"
ncaab:401373773,ncaab,2021-12-02T00:00Z,final,2275,163,Hofstra,Princeton,81,77,,,,0,,,,,,,,,,2,,0,Hempstead,NY,1,17,,,,-5.0,"50,31","34,43"
ncaab:401376556,ncaab,2021-12-02T00:00Z,final,43,2329,Yale,Lehigh,82,72,,,,0,,,,,,,,,,2,,0,New Haven,CT,1,18,,,,-5.0,"25,57","33,39"
ncaab:401378566,ncaab,2021-12-02T00:00Z,final,261,159,Vermont,Dartmouth,83,65,,,,0,,,,,,,,,,2,,0,Burlington,VT,1,61,,,,-5.0,"38,45","24,41"
ncaab:401370023,ncaab,2021-12-02T00:15Z,final,120,259,Maryland,Virginia Tech,58,62,,,,0,,,,,,,,,,2,,0,College Park,MD,1,21,,,,-5.0,"29,29","31,31"
ncaab:401370097,ncaab,2021-12-02T00:15Z,final,152,158,NC State,Nebraska,104,100,,,,0,,,,,,,,,,2,,0,Raleigh,NC,1,96,,,,-5.0,"38,32,4,12,6,12","39,31,4,12,6,8"
ncaab:401370126,ncaab,2021-12-02T00:15Z,final,127,97,Michigan St,Louisville,73,64,,,,0,,,,,,,,,,2,,0,East Lansing,MI,1,261,,,,-5.0,"36,37","28,36"
ncaab:401371849,ncaab,2021-12-02T00:15Z,final,61,235,Georgia,Memphis,82,79,,,,0,,,,,,,,,,2,,0,Athens,GA,1,228,,,,-5.0,"32,50","34,45"
ncaab:401370904,ncaab,2021-12-02T00:30Z,final,9,265,Arizona St,Washington St,29,51,,,,0,,,,,,,,,,2,,0,Tempe,AZ,1,360,,,,-7.0,"10,19","18,33"
ncaab:401372823,ncaab,2021-12-02T00:30Z,final,5,2193,UAB,ETSU,70,56,,,,0,,,,,,,,,,2,,0,Birmingham,AL,1,187,,,,-6.0,"31,39","32,24"
ncaab:401373020,ncaab,2021-12-02T00:30Z,final,2737,42,Winthrop,Hartford,82,75,,,,0,,,,,,,,,,2,,0,Rock Hill,SC,1,207,,,,-5.0,"42,40","38,37"
ncaab:401373390,ncaab,2021-12-02T00:30Z,final,2348,2640,Louisiana Tech,Texas Southern,87,60,,,,0,,,,,,,,,,2,,0,Ruston,LA,1,102,,,,-6.0,"42,45","23,37"
ncaab:401373810,ncaab,2021-12-02T00:30Z,final,2026,109700,App State,Boyce,90,29,,,,0,,,,,,,,,,2,,0,Boone,NC,1,981,,,,-5.0,"46,44","10,19"
ncaab:401373833,ncaab,2021-12-02T00:30Z,final,2433,2113,UL Monroe,Centenary (LA),104,67,,,,0,,,,,,,,,,2,,0,Monroe,LA,1,23,,,,-6.0,"57,47","36,31"
ncaab:401373859,ncaab,2021-12-02T00:30Z,final,2916,3158,Incarnate Word,Lady of Lake,93,66,,,,0,,,,,,,,,,2,,0,San Antonio,TX,1,198,,,,-6.0,"47,46","39,27"
ncaab:401386791,ncaab,2021-12-02T00:30Z,final,2617,124946,SF Austin,Lincoln (CA),90,54,,,,0,,,,,,,,,,2,,0,Nacogdoches,TX,1,92,,,,-6.0,"38,52","32,22"
ncaab:401365042,ncaab,2021-12-02T01:00Z,final,2459,2197,N Illinois,E Illinois,55,45,,,,0,,,,,,,,,,2,,0,Dekalb,IL,1,268,,,,-6.0,"29,26","23,22"
ncaab:401365044,ncaab,2021-12-02T01:00Z,final,99,195,LSU,Ohio,66,51,,,,0,,,,,,,,,,2,,0,Baton Rouge,LA,1,14,,,,-6.0,"34,32","22,29"
ncaab:401367273,ncaab,2021-12-02T01:00Z,final,2350,282,Loyola Chicago,Indiana St,88,76,,,,0,,,,,,,,,,2,,0,Chicago,IL,1,179,,,,-6.0,"39,49","38,38"
ncaab:401367274,ncaab,2021-12-02T01:00Z,final,2287,2623,Illinois St,Missouri St,79,74,,,,0,,,,,,,,,,2,,0,Normal,IL,1,244,,,,-6.0,"32,32,15","34,30,10"
ncaab:401367275,ncaab,2021-12-02T01:00Z,final,71,2460,Bradley,Northern Iowa,71,69,,,,0,,,,,,,,,,2,,0,Peoria,IL,1,153,,,,-6.0,"39,32","28,41"
ncaab:401369178,ncaab,2021-12-02T01:00Z,final,8,2110,Arkansas,C Arkansas,97,60,,,,0,,,,,,,,,,2,,0,Fayetteville,AR,1,427,,,,-6.0,"41,56","35,25"
ncaab:401370939,ncaab,2021-12-02T01:00Z,final,2306,399,Kansas St,UAlbany,71,43,,,,0,,,,,,,,,,2,,0,Manhattan,KS,1,311,,,,-6.0,"29,42","20,23"
ncaab:401371398,ncaab,2021-12-02T01:00Z,final,292,357,UT Rio Grande,Texas A&M-CC,77,83,,,,0,,,,,,,,,,2,,0,Edinburg,TX,1,30,,,,-6.0,"36,41","34,49"
ncaab:401371835,ncaab,2021-12-02T01:00Z,final,2,2116,Auburn,UCF,85,68,,,,0,,,,,,,,,,2,,0,Auburn,AL,1,215,,,,-6.0,"39,46","36,32"
ncaab:401371843,ncaab,2021-12-02T01:00Z,final,201,57,Oklahoma,Florida,74,67,,,,0,,,,,,,,,,2,,0,Norman,OK,1,357,,,,-6.0,"37,37","36,31"
ncaab:401371923,ncaab,2021-12-02T01:00Z,final,2567,2439,SMU,UNLV,83,64,,,,0,,,,,,,,,,2,,0,Dallas,TX,1,128,,,,-6.0,"44,39","21,43"
ncaab:401371953,ncaab,2021-12-02T01:00Z,final,197,2724,Oklahoma St,Wichita St,51,60,,,,0,,,,,,,,,,2,,0,Stillwater,OK,1,273,,,,-6.0,"29,22","31,29"
ncaab:401371987,ncaab,2021-12-02T01:00Z,final,66,2029,Iowa State,AR-Pine Bluff,83,64,,,,0,,,,,,,,,,2,,0,Ames,IA,1,287,,,,-6.0,"38,45","22,42"
ncaab:401372807,ncaab,2021-12-02T01:00Z,final,6,2572,South Alabama,Southern Miss,85,55,,,,0,,,,,,,,,,2,,0,Mobile,AL,1,3,,,,-6.0,"45,40","24,31"
ncaab:401373819,ncaab,2021-12-02T01:00Z,void,2247,2634,Georgia St,Tennessee St,,,,,,0,,,,,,,,,,2,,0,Atlanta,GA,1,320,,,,-5.0,,
ncaab:401390242,ncaab,2021-12-02T01:00Z,final,2000,2163,Abilene Chrstn,Dallas,108,65,,,,0,,,,,,,,,,2,,0,Abilene,TX,1,524,,,,-6.0,"52,56","30,35"
ncaab:401372008,ncaab,2021-12-02T01:30Z,final,2507,2641,Providence,Texas Tech,72,68,,,,0,,,,,,,,,,2,,0,Providence,RI,1,2,,,,-5.0,"28,44","30,38"
ncaab:401373828,ncaab,2021-12-02T01:30Z,final,2653,2892,Troy,Rust,81,48,,,,0,,,,,,,,,,2,,0,Troy,AL,1,165,,,,-6.0,"47,34","17,31"
ncaab:401371277,ncaab,2021-12-02T02:00Z,final,302,279,UC Davis,Pacific,63,57,,,,0,,,,,,,,,,2,,0,Davis,CA,1,16,,,,-8.0,"36,27","21,36"
ncaab:401371278,ncaab,2021-12-02T02:00Z,final,3084,252,Utah Valley,BYU,72,65,,,,0,,,,,,,,,,2,,0,Orem,UT,1,1455,,,,-7.0,"22,33,17","24,31,10"
ncaab:401371399,ncaab,2021-12-02T02:00Z,final,3101,3246,Utah Tech,Bethesda,99,67,,,,0,,,,,,,,,,2,,0,St. George,UT,1,823,,,,-7.0,"48,51","34,33"
ncaab:401372384,ncaab,2021-12-02T02:00Z,final,36,2031,Colorado St,Little Rock,86,55,,,,0,,,,,,,,,,2,,0,Fort Collins,CO,1,1525,,,,-7.0,"43,43","20,35"
ncaab:401383799,ncaab,2021-12-02T02:00Z,final,2453,2400,North Alabama,Miss Valley St,72,58,,,,0,,,,,,,,,,2,,0,Florence,AL,1,167,,,,-6.0,"41,31","31,27"
ncaab:401369894,ncaab,2021-12-02T02:15Z,final,59,275,Georgia Tech,Wisconsin,66,70,,,,0,,,,,,,,,,2,,0,Atlanta,GA,1,320,,,,-5.0,"31,35","32,38"
ncaab:401369947,ncaab,2021-12-02T02:15Z,final,153,130,North Carolina,Michigan,72,51,,,,0,,,,,,,,,,2,,0,Chapel Hill,NC,1,148,,,,-5.0,"29,43","27,24"
ncaab:401370077,ncaab,2021-12-02T02:15Z,final,213,2390,Penn State,Miami,58,63,,,,0,,,,,,,,,,2,,0,University Park,PA,1,348,,,,-5.0,"23,35","29,34"
ncaab:401370902,ncaab,2021-12-02T02:30Z,final,26,38,UCLA,Colorado,73,61,,,,0,,,,,,,,,,2,,0,Los Angeles,CA,1,89,,,,-8.0,"39,34","23,38"
ncaab:401371614,ncaab,2021-12-02T03:00Z,final,2547,2377,Seattle U,McNeese,78,62,,,,0,,,,,,,,,,2,,0,Seattle,WA,1,56,,,,-8.0,"40,38","33,29"
ncaab:401372390,ncaab,2021-12-02T03:00Z,final,278,301,Fresno St,San Diego,63,43,,,,0,,,,,,,,,,2,,0,Fresno,CA,1,94,,,,-8.0,"33,30","20,23"
ncaab:401373636,ncaab,2021-12-02T03:00Z,final,2483,27,Oregon,UC Riverside,71,65,,,,0,,,,,,,,,,2,,0,Eugene,OR,1,131,,,,-8.0,"42,29","37,28"
ncaab:401370903,ncaab,2021-12-02T04:30Z,final,30,254,USC,Utah,93,73,,,,0,,,,,,,,,,2,,0,Los Angeles,CA,1,89,,,,-8.0,"48,45","28,45"
ncaab:401368220,ncaab,2021-12-03T00:00Z,final,85,2174,IU Indy,Detroit Mercy,45,69,,,,0,,,,,,,,,,2,,0,Indianapolis,IN,1,218,,,,-5.0,"12,33","38,31"
ncaab:401368222,ncaab,2021-12-03T00:00Z,final,325,94,Cleveland St,N Kentucky,72,58,,,,0,,,,,,,,,,2,,0,Cleveland,OH,1,199,,,,-5.0,"39,33","25,33"
ncaab:401368223,ncaab,2021-12-03T00:00Z,final,2870,2750,Purdue FW,Wright St,73,86,,,,0,,,,,,,,,,2,,0,Fort Wayne,IN,1,247,,,,-5.0,"35,38","47,39"
ncaab:401369183,ncaab,2021-12-03T00:00Z,final,2335,142,Liberty,Missouri,66,45,,,,0,,,,,,,,,,2,,0,Lynchburg,VA,1,192,,,,-5.0,"35,31","14,31"
ncaab:401369184,ncaab,2021-12-03T00:00Z,final,2454,2206,North Florida,Edward Waters,103,57,,,,0,,,,,,,,,,2,,0,Jacksonville,FL,1,5,,,,-5.0,"45,58","30,27"
ncaab:401370969,ncaab,2021-12-03T00:00Z,final,2885,66786,NJIT,St Elizabeth,76,43,,,,0,,,,,,,,,,2,,0,Newark,NJ,1,9,,,,-5.0,"39,37","23,20"
ncaab:401372192,ncaab,2021-12-03T00:00Z,final,2169,48,Delaware St,Delaware,48,59,,,,0,,,,,,,,,,2,,0,Dover,DE,1,9,,,,-5.0,"20,28","26,33"
ncaab:401372211,ncaab,2021-12-03T00:00Z,final,256,2192,James Madison,E Mennonite,96,54,,,,0,,,,,,,,,,2,,0,Harrisonburg,VA,1,404,,,,-5.0,"31,65","33,21"
ncaab:401372221,ncaab,2021-12-03T00:00Z,final,119,112358,Towson,Long Island,72,63,,,,0,,,,,,,,,,2,,0,Towson,MD,1,141,,,,-5.0,"34,38","30,33"
ncaab:401372326,ncaab,2021-12-03T00:00Z,final,322,2529,Lafayette,Sacred Heart,67,74,,,,0,,,,,,,,,,2,,0,Easton,PA,1,97,,,,-5.0,"35,32","40,34"
ncaab:401373156,ncaab,2021-12-03T00:00Z,final,2755,2299,Grambling,Jarvis Chrstn,71,44,,,,0,,,,,,,,,,2,,0,Grambling,LA,1,93,,,,-6.0,"33,38","19,25"
ncaab:401389577,ncaab,2021-12-03T00:00Z,final,2182,161,Drexel,FDU,86,65,,,,0,,,,,,,,,,2,,0,Philadelphia,PA,1,12,,,,-5.0,"38,48","30,35"
ncaab:401371401,ncaab,2021-12-03T00:30Z,final,2534,2544,Sam Houston,Schreiner,106,46,,,,0,,,,,,,,,,2,,0,Huntsville,TX,1,113,,,,-6.0,"62,44","18,28"
ncaab:401365615,ncaab,2021-12-03T01:00Z,final,2449,2462,N Dakota St,Northland,114,51,,,,0,,,,,,,,,,2,,0,Fargo,ND,1,276,,,,-6.0,"49,65","28,23"
ncaab:401368221,ncaab,2021-12-03T01:00Z,final,82,2473,UIC,Oakland,77,81,,,,0,,,,,,,,,,2,,0,Chicago,IL,1,179,,,,-6.0,"29,48","41,40"
ncaab:401368224,ncaab,2021-12-03T01:00Z,final,2739,2523,Green Bay,Robert Morris,70,58,,,,0,,,,,,,,,,2,,0,Ashwaubenon,WI,1,185,,,,-6.0,"31,39","30,28"
ncaab:401368225,ncaab,2021-12-03T01:00Z,final,270,2754,Milwaukee,Youngstown St,68,70,,,,0,,,,,,,,,,2,,0,Milwaukee,WI,1,188,,,,-6.0,"29,39","28,42"
ncaab:401369182,ncaab,2021-12-03T01:00Z,final,2127,294,Charleston So,Jacksonville,56,67,,,,0,,,,,,,,,,2,,0,Charleston,SC,1,6,,,,-5.0,"23,33","27,40"
ncaab:401371400,ncaab,2021-12-03T01:00Z,final,344,2320,Mississippi St,Lamar,75,60,,,,0,,,,,,,,,,2,,0,Starkville,MS,1,101,,,,-6.0,"38,37","30,30"
ncaab:401371740,ncaab,2021-12-03T01:00Z,final,2628,198,TCU,Oral Roberts,71,63,,,,0,,,,,,,,,,2,,0,Fort Worth,TX,1,199,,,,-6.0,"39,32","29,34"
ncaab:401371760,ncaab,2021-12-03T01:00Z,final,2900,509,St Thomas,Crown,73,53,,,,0,,,,,,,,,,2,,0,Saint Paul,MN,1,242,,,,-6.0,"37,36","27,26"
ncaab:401372531,ncaab,2021-12-03T01:00Z,final,2458,147,N Colorado,Montana St,77,75,,,,0,,,,,,,,,,2,,0,Greeley,CO,1,1425,,,,-7.0,"30,34,13","28,36,11"
ncaab:401369181,ncaab,2021-12-03T01:30Z,final,2057,288,Belmont,Lipscomb,94,65,,,,0,,,,,,,,,,2,,0,Nashville,TN,1,170,,,,-6.0,"47,47","26,39"
ncaab:401370906,ncaab,2021-12-03T01:30Z,void,12,264,Arizona,Washington,,,,,,0,,,,,,,,,,2,,0,Tucson,AZ,1,759,,,,-7.0,,
ncaab:401365614,ncaab,2021-12-03T02:00Z,final,2751,2172,Wyoming,Denver,77,64,,,,0,,,,,,,,,,2,,0,Laramie,WY,1,2184,,,,-7.0,"38,39","41,23"
ncaab:401367276,ncaab,2021-12-03T02:00Z,final,2181,2674,Drake,Valparaiso,73,66,,,,0,,,,,,,,,,2,,0,Des Moines,IA,1,266,,,,-6.0,"40,33","32,34"
ncaab:401371202,ncaab,2021-12-03T02:00Z,final,328,2608,Utah State,Saint Mary's,58,60,,,,0,,,,,,,,,,2,,0,Logan,UT,1,1382,,,,-7.0,"20,38","16,44"
ncaab:401371402,ncaab,2021-12-03T02:00Z,final,2253,2636,Grand Canyon,UTSA,74,71,,,,0,,,,,,,,,,2,,0,Phoenix,AZ,1,331,,,,-7.0,"34,40","29,42"
ncaab:401372413,ncaab,2021-12-03T02:00Z,final,331,253,E Washington,Southern Utah,76,89,,,,0,,,,,,,,,,2,,0,Cheney,WA,1,717,,,,-8.0,"31,45","44,45"
ncaab:401372465,ncaab,2021-12-03T02:00Z,final,304,2502,Idaho St,Portland St,55,63,,,,0,,,,,,,,,,2,,0,Pocatello,ID,1,1360,,,,-7.0,"25,30","32,31"
ncaab:401372573,ncaab,2021-12-03T02:00Z,final,2692,2464,Weber St,N Arizona,67,44,,,,0,,,,,,,,,,2,,0,Ogden,UT,1,1311,,,,-7.0,"28,39","18,26"
ncaab:401365046,ncaab,2021-12-03T03:00Z,final,28,2199,UC San Diego,E Michigan,83,74,,,,0,,,,,,,,,,2,,0,San Diego,CA,1,20,,,,-8.0,"40,43","39,35"
ncaab:401371403,ncaab,2021-12-03T03:00Z,final,2856,13,CA Baptist,Cal Poly,64,55,,,,0,,,,,,,,,,2,,0,Riverside,CA,1,252,,,,-8.0,"33,31","32,23"
ncaab:401372508,ncaab,2021-12-03T03:00Z,final,16,149,Sacramento St,Montana,58,65,,,,0,,,,,,,,,,2,,0,Sacramento,CA,1,9,,,,-8.0,"26,32","31,34"
ncaab:401370905,ncaab,2021-12-03T03:30Z,final,25,204,California,Oregon St,73,61,,,,0,,,,,,,,,,2,,0,Berkeley,CA,1,52,,,,-8.0,"34,39","33,28"
ncaab:401372983,ncaab,2021-12-03T22:00Z,final,2448,3117,NC A&T,Carver,97,55,,,,0,,,,,,,,,,2,,0,Greensboro,NC,1,266,,,,-5.0,"44,53","20,35"
ncaab:401369914,ncaab,2021-12-03T23:00Z,final,103,87,Boston College,Notre Dame,73,57,,,,0,,,,,,,,,,2,,0,Chestnut Hill,MA,1,60,,,,-5.0,"37,36","27,30"
ncaab:401364343,ncaab,2021-12-04T00:00Z,final,356,164,Illinois,Rutgers,86,51,,,,0,,,,,,,,,,2,,0,Champaign,IL,1,225,,,,-6.0,"43,43","23,28"
ncaab:401365264,ncaab,2021-12-04T00:00Z,final,2099,2217,Canisius,Fairfield,68,74,,,,0,,,,,,,,,,2,,0,Buffalo,NY,1,183,,,,-5.0,"36,32","37,37"
ncaab:401365265,ncaab,2021-12-04T00:00Z,final,315,2405,Niagara,Monmouth,49,57,,,,0,,,,,,,,,,2,,0,Niagara Falls,NY,1,187,,,,-5.0,"27,22","25,32"
ncaab:401365266,ncaab,2021-12-04T00:00Z,final,2561,2363,Siena,Manhattan,72,77,,,,0,,,,,,,,,,2,,0,Albany,NY,1,45,,,,-5.0,"32,32,8","28,36,13"
ncaab:401365267,ncaab,2021-12-04T00:00Z,final,314,2520,Iona,Rider,80,54,,,,0,,,,,,,,,,2,,0,New Rochelle,NY,1,26,,,,-5.0,"45,35","26,28"
ncaab:401365268,ncaab,2021-12-04T00:00Z,final,2514,2612,Quinnipiac,Saint Peter's,59,69,,,,0,,,,,,,,,,2,,0,Hamden,CT,1,31,,,,-5.0,"29,30","34,35"
ncaab:401370801,ncaab,2021-12-04T00:00Z,final,172,2154,Cornell,Coppin St,92,77,,,,0,,,,,,,,,,2,,0,Ithaca,NY,1,125,,,,-5.0,"55,37","35,42"
ncaab:401371404,ncaab,2021-12-04T00:00Z,final,251,292,Texas,UT Rio Grande,88,58,,,,0,,,,,,,,,,2,,0,Austin,TX,1,149,,,,-6.0,"46,42","41,17"
ncaab:401372016,ncaab,2021-12-04T00:00Z,final,2599,2305,St John's,Kansas,75,95,,,,0,,,,,,,,,,2,,0,Elmont,NY,1,12,,,,-5.0,"30,45","43,52"
ncaab:401372186,ncaab,2021-12-04T00:00Z,final,231,232,Furman,Charleston,91,88,,,,0,,,,,,,,,,2,,0,Greenville,SC,1,307,,,,-5.0,"34,44,13","42,36,10"
ncaab:401372218,ncaab,2021-12-04T00:00Z,final,111,2142,Northeastern,Colgate,74,69,,,,0,,,,,,,,,,2,,0,Boston,MA,1,14,,,,-5.0,"23,51","37,32"
ncaab:401372989,ncaab,2021-12-04T00:00Z,final,2506,3243,Presbyterian,Bob Jones,90,61,,,,0,,,,,,,,,,2,,0,Clinton,SC,1,76,,,,-5.0,"47,43","24,37"
ncaab:401383803,ncaab,2021-12-04T00:00Z,final,58,2569,South Florida,SC State,64,65,,,,0,,,,,,,,,,2,,0,Tampa,FL,1,1,,,,-5.0,"34,30","36,29"
ncaab:401370042,ncaab,2021-12-04T01:00Z,final,258,221,Virginia,Pitt,57,56,,,,0,,,,,,,,,,2,,0,Charlottesville,VA,1,142,,,,-5.0,"30,27","26,30"
ncaab:401371563,ncaab,2021-12-04T01:00Z,void,3084,123391,Utah Valley,Yellowstone ,,,,,,0,,,,,,,,,,2,,0,Orem,UT,1,1455,,,,-7.0,,
ncaab:401371615,ncaab,2021-12-04T01:00Z,final,309,2443,Louisiana,LSU N Orleans,80,67,,,,0,,,,,,,,,,2,,0,Lafayette,LA,1,11,,,,-6.0,"34,46","32,35"
ncaab:401371752,ncaab,2021-12-04T01:00Z,final,2571,2399,S Dakota St,Minn Morris,112,47,,,,0,,,,,,,,,,2,,0,Brookings,SD,1,494,,,,-6.0,"56,56","23,24"
ncaab:401371813,ncaab,2021-12-04T01:00Z,final,248,2803,Houston,Bryant,111,44,,,,0,,,,,,,,,,2,,0,Houston,TX,1,12,,,,-6.0,"52,59","21,23"
ncaab:401372838,ncaab,2021-12-04T01:00Z,final,2638,166,UTEP,New Mexico St,69,72,,,,0,,,,,,,,,,2,,0,El Paso,TX,1,1133,,,,-7.0,"30,39","32,40"
ncaab:401374301,ncaab,2021-12-04T01:00Z,final,233,3080,South Dakota,Waldorf,93,37,,,,0,,,,,,,,,,2,,0,Vermillion,SD,1,374,,,,-6.0,"37,56","13,24"
ncaab:401364342,ncaab,2021-12-04T02:00Z,final,2509,2294,Purdue,Iowa,77,70,,,,0,,,,,,,,,,2,,0,West Lafayette,IN,1,186,,,,-5.0,"39,38","26,44"
ncaab:401371936,ncaab,2021-12-04T02:00Z,final,68,202,Boise St,Tulsa,63,58,,,,0,,,,,,,,,,2,,0,Boise,ID,1,823,,,,-7.0,"27,36","26,32"
ncaab:401365616,ncaab,2021-12-04T03:00Z,final,23,155,San José St,North Dakota,76,51,,,,0,,,,,,,,,,2,,0,San Jose,CA,1,26,,,,-8.0,"27,49","26,25"
ncaab:401371203,ncaab,2021-12-04T03:00Z,final,2501,2678,Portland,VMI,82,90,,,,0,,,,,,,,,,2,,0,Portland,OR,1,12,,,,-8.0,"31,51","49,41"
ncaab:401371279,ncaab,2021-12-04T03:00Z,final,2540,2492,Santa Barbara,Pepperdine,86,74,,,,0,,,,,,,,,,2,,0,Santa Barbara,CA,1,15,,,,-8.0,"41,45","41,33"
ncaab:401386950,ncaab,2021-12-04T03:00Z,final,300,3246,UC Irvine,Bethesda,86,54,,,,0,,,,,,,,,,2,,0,Irvine,CA,1,17,,,,-8.0,"41,45","21,33"
ncaab:401364344,ncaab,2021-12-04T17:00Z,final,84,158,Indiana,Nebraska,68,55,,,,0,,,,,,,,,,2,,0,Bloomington,IN,1,235,,,,-5.0,"26,42","22,33"
ncaab:401368226,ncaab,2021-12-04T17:00Z,final,85,2473,IU Indy,Oakland,45,78,,,,0,,,,,,,,,,2,,0,Indianapolis,IN,1,218,,,,-5.0,"20,25","36,42"
ncaab:401368229,ncaab,2021-12-04T17:00Z,final,270,2523,Milwaukee,Robert Morris,77,69,,,,0,,,,,,,,,,2,,0,Milwaukee,WI,1,188,,,,-6.0,"36,41","37,32"
ncaab:401370078,ncaab,2021-12-04T17:00Z,final,2390,228,Miami,Clemson,80,75,,,,0,,,,,,,,,,2,,0,Coral Gables,FL,1,3,,,,-5.0,"34,46","40,35"
ncaab:401371098,ncaab,2021-12-04T17:00Z,final,113,108,UMass,Harvard,87,77,,,,0,,,,,,,,,,2,,0,Amherst,MA,1,82,,,,-5.0,"43,44","42,35"
ncaab:401371772,ncaab,2021-12-04T17:00Z,final,222,2603,Villanova,Saint Joseph's,81,52,,,,0,,,,,,,,,,2,,0,Villanova,PA,1,121,,,,-5.0,"34,47","22,30"
ncaab:401371880,ncaab,2021-12-04T17:00Z,final,145,235,Ole Miss,Memphis,67,63,,,,0,,,,,,,,,,2,,0,Oxford,MS,1,154,,,,-6.0,"30,37","26,37"
ncaab:401372023,ncaab,2021-12-04T17:00Z,final,2550,428,Seton Hall,Alliance U,113,67,,,,0,,,,,,,,,,2,,0,South Orange,NJ,1,45,,,,-5.0,"48,65","34,33"
ncaab:401372004,ncaab,2021-12-04T17:30Z,final,275,269,Wisconsin,Marquette,89,76,,,,0,,,,,,,,,,2,,0,Madison,WI,1,267,,,,-6.0,"34,55","31,45"
ncaab:401365617,ncaab,2021-12-04T18:00Z,final,2437,331,Omaha,E Washington,81,92,,,,0,,,,,,,,,,2,,0,Omaha,NE,1,323,,,,-6.0,"46,35","48,44"
ncaab:401368227,ncaab,2021-12-04T18:00Z,final,2870,94,Purdue FW,N Kentucky,71,57,,,,0,,,,,,,,,,2,,0,Fort Wayne,IN,1,247,,,,-5.0,"36,35","20,37"
ncaab:401370950,ncaab,2021-12-04T18:00Z,final,104,2066,Boston U,Binghamton,68,63,,,,0,,,,,,,,,,2,,0,Boston,MA,1,14,,,,-5.0,"27,41","30,33"
ncaab:401372135,ncaab,2021-12-04T18:00Z,final,130,21,Michigan,San Diego St,72,58,,,,0,,,,,,,,,,2,,0,Ann Arbor,MI,1,269,,,,-5.0,"36,36","34,24"
ncaab:401372292,ncaab,2021-12-04T18:00Z,final,282,193,Indiana St,Miami OH,69,68,,,,0,,,,,,,,,,2,,0,Terre Haute,IN,1,152,,,,-5.0,"37,32","39,29"
ncaab:401372628,ncaab,2021-12-04T18:00Z,final,2352,116,Loyola MD,Mount St Marys,61,55,,,,0,,,,,,,,,,2,,0,Baltimore,MD,1,10,,,,-5.0,"37,24","34,21"
ncaab:401373021,ncaab,2021-12-04T18:00Z,final,324,2737,Coastal,Winthrop,74,64,,,,0,,,,,,,,,,2,,0,Conway,SC,1,10,,,,-5.0,"36,38","28,36"
ncaab:401365049,ncaab,2021-12-04T19:00Z,final,2168,2459,Dayton,N Illinois,79,41,,,,0,,,,,,,,,,2,,0,Dayton,OH,1,225,,,,-5.0,"41,38","22,19"
ncaab:401370024,ncaab,2021-12-04T19:00Z,final,259,154,Virginia Tech,Wake Forest,61,80,,,,0,,,,,,,,,,2,,0,Blacksburg,VA,1,633,,,,-5.0,"34,27","38,42"
ncaab:401370098,ncaab,2021-12-04T19:00Z,final,152,97,NC State,Louisville,68,73,,,,0,,,,,,,,,,2,,0,Raleigh,NC,1,96,,,,-5.0,"29,39","43,30"
ncaab:401370958,ncaab,2021-12-04T19:00Z,final,171,311,Columbia,Maine,77,66,,,,0,,,,,,,,,,2,,0,New York,NY,1,10,,,,-5.0,"39,38","25,41"
ncaab:401371120,ncaab,2021-12-04T19:00Z,final,2,43,Auburn,Yale,86,64,,,,0,,,,,,,,,,2,,0,Auburn,AL,1,215,,,,-6.0,"47,39","30,34"
ncaab:401371580,ncaab,2021-12-04T19:00Z,final,2429,45,Charlotte,G Washington,86,79,,,,0,,,,,,,,,,2,,0,Charlotte,NC,1,229,,,,-5.0,"41,45","29,50"
ncaab:401371587,ncaab,2021-12-04T19:00Z,final,2325,107,La Salle,Holy Cross,84,65,,,,0,,,,,,,,,,2,,0,Philadelphia,PA,1,12,,,,-5.0,"37,47","37,28"
ncaab:401371715,ncaab,2021-12-04T19:00Z,final,2507,227,Providence,Rhode Island,66,52,,,,0,,,,,,,,,,2,,0,Providence,RI,1,2,,,,-5.0,"35,31","24,28"
ncaab:401371896,ncaab,2021-12-04T19:00Z,final,38,2633,Colorado,Tennessee,54,69,,,,0,,,,,,,,,,2,,0,Boulder,CO,1,1624,,,,-7.0,"24,30","34,35"
ncaab:401372283,ncaab,2021-12-04T19:00Z,final,339,2635,Evansville,Tennessee Tech,59,51,,,,0,,,,,,,,,,2,,0,Evansville,IN,1,118,,,,-6.0,"28,31","23,28"
ncaab:401372398,ncaab,2021-12-04T19:00Z,final,249,2353,North Texas,LSU Shreveport,73,35,,,,0,,,,,,,,,,2,,0,Denton,TX,1,201,,,,-6.0,"28,45","12,23"
ncaab:401373013,ncaab,2021-12-04T19:00Z,final,2427,2428,UNC Asheville,NC Central,82,66,,,,0,,,,,,,,,,2,,0,Asheville,NC,1,649,,,,-5.0,"36,46","32,34"
ncaab:401373114,ncaab,2021-12-04T19:00Z,final,2655,2016,Tulane,Alcorn St,85,64,,,,0,,,,,,,,,,2,,0,New Orleans,LA,1,0,,,,-6.0,"41,44","31,33"
ncaab:401373254,ncaab,2021-12-04T19:00Z,final,2275,2083,Hofstra,Bucknell,88,69,,,,0,,,,,,,,,,2,,0,Hempstead,NY,1,17,,,,-5.0,"39,49","33,36"
ncaab:401373820,ncaab,2021-12-04T19:00Z,final,2382,2247,Mercer,Georgia St,83,77,,,,0,,,,,,,,,,2,,0,Macon,GA,1,112,,,,-5.0,"36,47","38,39"
ncaab:401383794,ncaab,2021-12-04T19:00Z,final,2710,2630,W Illinois,UT Martin,81,64,,,,0,,,,,,,,,,2,,0,Macomb,IL,1,215,,,,-6.0,"37,44","24,40"
ncaab:401368228,ncaab,2021-12-04T20:00Z,final,325,2750,Cleveland St,Wright St,85,75,,,,0,,,,,,,,,,2,,0,Cleveland,OH,1,199,,,,-5.0,"45,40","33,42"
ncaab:401370999,ncaab,2021-12-04T20:00Z,final,2166,2729,Davidson,William & Mary,70,46,,,,0,,,,,,,,,,2,,0,Davidson,NC,1,256,,,,-5.0,"35,35","20,26"
ncaab:401371617,ncaab,2021-12-04T20:00Z,final,357,2588,Texas A&M-CC,Southwestern,111,60,,,,0,,,,,,,,,,2,,0,Corpus Christi,TX,1,2,,,,-6.0,"56,55","32,28"
ncaab:401371618,ncaab,2021-12-04T20:00Z,final,2433,2466,UL Monroe,N'Western St,84,71,,,,0,,,,,,,,,,2,,0,Monroe,LA,1,23,,,,-6.0,"40,44","35,36"
ncaab:401371807,ncaab,2021-12-04T20:00Z,final,151,2241,East Carolina,Gardner-Webb,62,52,,,,0,,,,,,,,,,2,,0,Greenville,NC,1,18,,,,-5.0,"23,39","27,25"
ncaab:401372275,ncaab,2021-12-04T20:00Z,final,71,2565,Bradley,SIUE,80,55,,,,0,,,,,,,,,,2,,0,Peoria,IL,1,153,,,,-6.0,"45,35","26,29"
ncaab:401372791,ncaab,2021-12-04T20:00Z,final,242,2299,Rice,Jarvis Chrstn,100,62,,,,0,,,,,,,,,,2,,0,Houston,TX,1,12,,,,-6.0,"45,55","23,39"
ncaab:401372974,ncaab,2021-12-04T20:00Z,final,2344,2169,Longwood,Delaware St,78,58,,,,0,,,,,,,,,,2,,0,Farmville,VA,1,90,,,,-5.0,"34,44","27,31"
ncaab:401373215,ncaab,2021-12-04T20:00Z,final,2197,75,E Illinois,North Park,76,71,,,,0,,,,,,,,,,2,,0,Charleston,IL,1,204,,,,-6.0,"31,45","28,43"
ncaab:401373299,ncaab,2021-12-04T20:00Z,final,2546,2693,SE Missouri,Webster,76,64,,,,0,,,,,,,,,,2,,0,Cape Girardeau,MO,1,108,,,,-6.0,"34,42","31,33"
ncaab:401372642,ncaab,2021-12-04T20:30Z,final,195,2598,Ohio,Saint Francis,78,75,,,,0,,,,,,,,,,2,,0,Athens,OH,1,219,,,,-5.0,"41,37","30,45"
ncaab:401365748,ncaab,2021-12-04T21:00Z,final,179,2084,St Bonaventure,Buffalo,68,65,,,,0,,,,,,,,,,2,,0,Saint Bonaventure,NY,1,435,,,,-5.0,"35,33","29,36"
ncaab:401369876,ncaab,2021-12-04T21:00Z,final,52,183,Florida St,Syracuse,60,63,,,,0,,,,,,,,,,2,,0,Tallahassee,FL,1,62,,,,-5.0,"32,28","24,39"
ncaab:401370978,ncaab,2021-12-04T21:00Z,final,160,2115,New Hampshire,C Connecticut,67,45,,,,0,,,,,,,,,,2,,0,Durham,NH,1,15,,,,-5.0,"40,27","23,22"
ncaab:401371109,ncaab,2021-12-04T21:00Z,final,218,219,Temple,Penn,81,72,,,,0,,,,,,,,,,2,,0,Philadelphia,PA,1,12,,,,-5.0,"39,42","27,45"
ncaab:401371204,ncaab,2021-12-04T21:00Z,final,36,2608,Colorado St,Saint Mary's,74,58,,,,0,,,,,,,,,,2,,0,Fort Collins,CO,1,1525,,,,-7.0,"35,39","24,34"
ncaab:401371283,ncaab,2021-12-04T21:00Z,final,2623,252,Missouri St,BYU,68,74,,,,0,,,,,,,,,,2,,0,Springfield,MO,1,396,,,,-6.0,"27,41","35,39"
ncaab:401371405,ncaab,2021-12-04T21:00Z,final,2000,2916,Abilene Chrstn,Incarnate Word,98,65,,,,0,,,,,,,,,,2,,0,Abilene,TX,1,524,,,,-6.0,"55,43","27,38"
ncaab:401371619,ncaab,2021-12-04T21:00Z,final,2751,2377,Wyoming,McNeese,79,58,,,,0,,,,,,,,,,2,,0,Laramie,WY,1,2184,,,,-7.0,"33,46","26,32"
ncaab:401371827,ncaab,2021-12-04T21:00Z,final,8,2031,Arkansas,Little Rock,93,78,,,,0,,,,,,,,,,2,,0,Fayetteville,AR,1,427,,,,-6.0,"49,44","34,44"
ncaab:401371973,ncaab,2021-12-04T21:00Z,final,2670,2097,VCU,Campbell,65,61,,,,0,,,,,,,,,,2,,0,Richmond,VA,1,64,,,,-5.0,"31,34","32,29"
ncaab:401371991,ncaab,2021-12-04T21:00Z,final,305,2350,DePaul,Loyola Chicago,64,68,,,,0,,,,,,,,,,2,,0,Chicago,IL,1,179,,,,-6.0,"37,27","31,37"
ncaab:401372029,ncaab,2021-12-04T21:00Z,final,41,2755,UConn,Grambling,88,59,,,,0,,,,,,,,,,2,,0,Storrs,CT,1,187,,,,-5.0,"47,41","30,29"
ncaab:401372199,ncaab,2021-12-04T21:00Z,final,163,2182,Princeton,Drexel,81,79,,,,0,,,,,,,,,,2,,0,Princeton,NJ,1,62,,,,-5.0,"37,34,10","41,30,8"
ncaab:401372289,ncaab,2021-12-04T21:00Z,final,2287,2296,Illinois St,Jackson St,55,61,,,,0,,,,,,,,,,2,,0,Normal,IL,1,244,,,,-6.0,"30,25","32,29"
ncaab:401372321,ncaab,2021-12-04T21:00Z,final,277,2515,West Virginia,Radford,67,51,,,,0,,,,,,,,,,2,,0,Morgantown,WV,1,271,,,,-5.0,"42,25","24,27"
ncaab:401372370,ncaab,2021-12-04T21:00Z,final,2005,349,Air Force,Army,76,58,,,,0,,,,,,,,,,2,,0,Colorado Springs,CO,1,1832,,,,-7.0,"45,31","13,45"
ncaab:401372532,ncaab,2021-12-04T21:00Z,final,16,147,Sacramento St,Montana St,66,68,,,,0,,,,,,,,,,2,,0,Sacramento,CA,1,9,,,,-8.0,"27,39","41,27"
ncaab:401373069,ncaab,2021-12-04T21:30Z,final,2329,2379,Lehigh,MD Eastern,75,81,,,,0,,,,,,,,,,2,,0,Bethlehem,PA,1,109,,,,-5.0,"41,34","39,42"
ncaab:401365047,ncaab,2021-12-04T22:00Z,final,127,2649,Michigan St,Toledo,81,68,,,,0,,,,,,,,,,2,,0,East Lansing,MI,1,261,,,,-5.0,"43,38","23,45"
ncaab:401369185,ncaab,2021-12-04T22:00Z,final,2032,2110,Arkansas St,C Arkansas,95,82,,,,0,,,,,,,,,,2,,0,Jonesboro,AR,1,99,,,,-6.0,"51,44","35,47"
ncaab:401371137,ncaab,2021-12-04T22:00Z,final,2541,2348,Santa Clara,Louisiana Tech,75,78,,,,0,,,,,,,,,,2,,0,Santa Clara,CA,1,23,,,,-8.0,"32,43","33,45"
ncaab:401371406,ncaab,2021-12-04T22:00Z,final,2130,2634,Chicago St,Tennessee St,59,49,,,,0,,,,,,,,,,2,,0,Chicago,IL,1,179,,,,-6.0,"25,34","20,29"
ncaab:401371981,ncaab,2021-12-04T22:00Z,final,239,2029,Baylor,AR-Pine Bluff,99,54,,,,0,,,,,,,,,,2,,0,Waco,TX,1,143,,,,-6.0,"44,55","21,33"
ncaab:401372438,ncaab,2021-12-04T22:00Z,final,70,253,Idaho,Southern Utah,75,81,,,,0,,,,,,,,,,2,,0,Moscow,ID,1,786,,,,-8.0,"33,42","36,45"
ncaab:401373637,ncaab,2021-12-04T22:00Z,final,302,3185,UC Davis,UC Merced,81,40,,,,0,,,,,,,,,,2,,0,Davis,CA,1,16,,,,-8.0,"42,39","18,22"
ncaab:401373335,ncaab,2021-12-04T22:30Z,final,47,44,Howard,American,90,56,,,,0,,,,,,,,,,2,,0,Washington,DC,1,7,,,,-5.0,"43,47","22,34"
ncaab:401386090,ncaab,2021-12-04T22:30Z,final,2617,2728,SF Austin,Wiley,100,76,,,,0,,,,,,,,,,2,,0,Nacogdoches,TX,1,92,,,,-6.0,"58,42","41,35"
ncaab:401370907,ncaab,2021-12-04T23:00Z,final,265,30,Washington St,USC,61,63,,,,0,,,,,,,,,,2,,0,Pullman,WA,1,717,,,,-8.0,"32,29","30,33"
ncaab:401371910,ncaab,2021-12-04T23:00Z,final,2567,238,SMU,Vanderbilt,84,72,,,,0,,,,,,,,,,2,,0,Dallas,TX,1,128,,,,-6.0,"28,56","40,32"
ncaab:401373005,ncaab,2021-12-04T23:00Z,final,2908,2717,SC Upstate,W Carolina,73,78,,,,0,,,,,,,,,,2,,0,Spartanburg,SC,1,246,,,,-5.0,"39,34","43,35"
ncaab:401371781,ncaab,2021-12-04T23:30Z,final,139,5,Saint Louis,UAB,72,77,,,,0,,,,,,,,,,2,,0,St. Louis,MO,1,142,,,,-6.0,"48,24","41,36"
ncaab:401374413,ncaab,2021-12-04T23:30Z,final,2261,2450,Hampton,Norfolk St,58,57,,,,0,,,,,,,,,,2,,0,Hampton,VA,1,1,,,,-5.0,"33,25","25,32"
ncaab:401370989,ncaab,2021-12-04T23:31Z,final,2619,2681,Stony Brook,Wagner,49,78,,,,0,,,,,,,,,,2,,0,Stony Brook,NY,1,27,,,,-5.0,"23,26","30,48"
ncaab:401365048,ncaab,2021-12-05T00:00Z,final,2006,2582,Akron,Southern,79,62,,,,0,,,,,,,,,,2,,0,Akron,OH,1,291,,,,-5.0,"31,48","21,41"
ncaab:401368230,ncaab,2021-12-05T00:00Z,final,2739,2754,Green Bay,Youngstown St,58,82,,,,0,,,,,,,,,,2,,0,Green Bay,WI,1,180,,,,-6.0,"31,27","40,42"
ncaab:401369186,ncaab,2021-12-05T00:00Z,final,526,159,FGCU,Dartmouth,78,68,,,,0,,,,,,,,,,2,,0,Fort Myers,FL,1,3,,,,-5.0,"30,31,17","36,25,7"
ncaab:401371074,ncaab,2021-12-05T00:00Z,final,276,2184,Marshall,Duquesne,72,71,,,,0,,,,,,,,,,2,,0,Huntington,WV,1,173,,,,-5.0,"26,46","33,38"
ncaab:401371282,ncaab,2021-12-05T00:00Z,final,299,2351,Long Beach St,LMU,74,77,,,,0,,,,,,,,,,2,,0,Long Beach,CA,1,9,,,,-8.0,"37,37","30,47"
ncaab:401371570,ncaab,2021-12-05T00:00Z,final,2244,295,George Mason,Old Dominion,50,60,,,,0,,,,,,,,,,2,,0,Fairfax,VA,1,131,,,,-5.0,"26,24","25,35"
ncaab:401372204,ncaab,2021-12-05T00:00Z,final,2210,2272,Elon,High Point,77,83,,,,0,,,,,,,,,,2,,0,Elon,NC,1,215,,,,-5.0,"32,45","40,43"
ncaab:401372391,ncaab,2021-12-05T00:00Z,final,278,2463,Fresno St,CSU Northridge,61,43,,,,0,,,,,,,,,,2,,0,Fresno,CA,1,94,,,,-8.0,"39,22","17,26"
ncaab:401372922,ncaab,2021-12-05T00:00Z,final,2771,2349,Merrimack,UMass Lowell,57,61,,,,0,,,,,,,,,,2,,0,North Andover,MA,1,29,,,,-5.0,"37,20","27,34"
ncaab:401373763,ncaab,2021-12-05T00:00Z,final,2229,56,FIU,Stetson,72,65,,,,0,,,,,,,,,,2,,0,Miami,FL,1,2,,,,-5.0,"35,37","27,38"
ncaab:401373768,ncaab,2021-12-05T00:00Z,final,98,2198,Western KY,E Kentucky,85,80,,,,0,,,,,,,,,,2,,0,Bowling Green,KY,1,161,,,,-6.0,"39,46","38,42"
ncaab:401374420,ncaab,2021-12-05T00:30Z,final,2193,2331,ETSU,Lenoir Rhyne,90,66,,,,0,,,,,,,,,,2,,0,Johnson City,TN,1,498,,,,-5.0,"47,43","31,35"
ncaab:401371280,ncaab,2021-12-05T01:00Z,final,2250,333,Gonzaga,Alabama,82,91,,,,1,,,,,,,,,,2,,0,Seattle,WA,1,56,,,,-8.0,"35,47","51,40"
ncaab:401371281,ncaab,2021-12-05T01:00Z,final,2239,279,Fullerton,Pacific,66,57,,,,0,,,,,,,,,,2,,0,Fullerton,CA,1,50,,,,-8.0,"31,35","23,34"
ncaab:401371407,ncaab,2021-12-05T01:00Z,final,2253,2400,Grand Canyon,Miss Valley St,91,44,,,,0,,,,,,,,,,2,,0,Phoenix,AZ,1,331,,,,-7.0,"38,53","16,28"
ncaab:401371616,ncaab,2021-12-05T01:00Z,final,2277,198,Hou Christian,Oral Roberts,67,85,,,,0,,,,,,,,,,2,,0,Houston,TX,1,12,,,,-6.0,"27,40","34,51"
ncaab:401372466,ncaab,2021-12-05T01:00Z,final,304,2464,Idaho St,N Arizona,70,73,,,,0,,,,,,,,,,2,,0,Pocatello,ID,1,1360,,,,-7.0,"28,42","25,48"
ncaab:401372509,ncaab,2021-12-05T01:00Z,final,2458,149,N Colorado,Montana,78,75,,,,0,,,,,,,,,,2,,0,Greeley,CO,1,1425,,,,-7.0,"36,42","44,31"
ncaab:401372633,ncaab,2021-12-05T01:00Z,final,2692,2502,Weber St,Portland St,80,69,,,,0,,,,,,,,,,2,,0,Ogden,UT,1,1311,,,,-7.0,"41,39","29,40"
ncaab:401372751,ncaab,2021-12-05T01:00Z,final,93,2393,Murray St,MTSU,93,87,,,,0,,,,,,,,,,2,,0,Murray,KY,1,163,,,,-6.0,"44,49","40,47"
ncaab:401374305,ncaab,2021-12-05T01:00Z,final,140,111176,Kansas City,Calvary,94,32,,,,0,,,,,,,,,,2,,0,Kansas City,MO,1,274,,,,-6.0,"50,44","13,19"
ncaab:401369187,ncaab,2021-12-05T01:30Z,final,55,6,Jax State,South Alabama,64,74,,,,0,,,,,,,,,,2,,0,Jacksonville,AL,1,216,,,,-6.0,"27,37","28,46"
ncaab:401371408,ncaab,2021-12-05T02:00Z,final,3101,3249,Utah Tech,St Katherine,97,65,,,,0,,,,,,,,,,2,,0,St. George,UT,1,823,,,,-7.0,"55,42","31,34"
ncaab:401371966,ncaab,2021-12-05T02:00Z,final,156,66,Creighton,Iowa State,58,64,,,,0,,,,,,,,,,2,,0,Omaha,NE,1,323,,,,-6.0,"23,35","23,41"
ncaab:401372808,ncaab,2021-12-05T02:00Z,final,79,2572,S Illinois,Southern Miss,66,41,,,,0,,,,,,,,,,2,,0,Carbondale,IL,1,126,,,,-6.0,"32,34","23,18"
ncaab:401371171,ncaab,2021-12-05T03:00Z,final,2539,2439,San Francisco,UNLV,83,62,,,,0,,,,,,,,,,2,,0,San Francisco,CA,1,16,,,,-8.0,"40,43","37,25"
ncaab:401364345,ncaab,2021-12-05T17:00Z,final,120,77,Maryland,Northwestern,61,67,,,,0,,,,,,,,,,2,,0,College Park,MD,1,21,,,,-5.0,"27,34","30,37"
ncaab:401365269,ncaab,2021-12-05T18:00Z,final,2099,2405,Canisius,Monmouth,65,79,,,,0,,,,,,,,,,2,,0,Buffalo,NY,1,183,,,,-5.0,"26,39","47,32"
ncaab:401365271,ncaab,2021-12-05T18:00Z,final,315,2217,Niagara,Fairfield,71,81,,,,0,,,,,,,,,,2,,0,Niagara Falls,NY,1,187,,,,-5.0,"33,38","35,46"
ncaab:401374417,ncaab,2021-12-05T18:00Z,final,172,6319,Cornell,Keuka,122,64,,,,0,,,,,,,,,,2,,0,Ithaca,NY,1,125,,,,-5.0,"65,57","38,26"
ncaab:401365050,ncaab,2021-12-05T19:00Z,final,2711,2674,W Michigan,Valparaiso,60,71,,,,0,,,,,,,,,,2,,0,Kalamazoo,MI,1,239,,,,-5.0,"30,30","32,39"
ncaab:401365052,ncaab,2021-12-05T19:00Z,final,2117,2710,C Michigan,W Illinois,70,97,,,,0,,,,,,,,,,2,,0,Mount Pleasant,MI,1,235,,,,-5.0,"31,39","59,38"
ncaab:401365270,ncaab,2021-12-05T19:00Z,final,2612,2561,Saint Peter's,Siena,58,60,,,,0,,,,,,,,,,2,,0,Jersey City,NJ,1,9,,,,-5.0,"25,33","36,24"
ncaab:401365272,ncaab,2021-12-05T19:00Z,final,2363,2514,Manhattan,Quinnipiac,73,90,,,,0,,,,,,,,,,2,,0,Riverdale,NY,1,159,,,,-8.0,"31,42","33,57"
ncaab:401365273,ncaab,2021-12-05T19:00Z,final,2520,2368,Rider,Marist,67,79,,,,0,,,,,,,,,,2,,0,Lawrenceville,NJ,1,37,,,,-5.0,"24,43","37,42"
ncaab:401365618,ncaab,2021-12-05T19:00Z,final,326,2172,Texas St,Denver,71,58,,,,0,,,,,,,,,,2,,0,San Marcos,TX,1,188,,,,-6.0,"35,36","28,30"
ncaab:401368231,ncaab,2021-12-05T19:00Z,final,82,2174,UIC,Detroit Mercy,56,64,,,,0,,,,,,,,,,2,,0,Chicago,IL,1,179,,,,-6.0,"27,29","21,43"
ncaab:401369189,ncaab,2021-12-05T19:00Z,final,2226,2454,FAU,North Florida,76,41,,,,0,,,,,,,,,,2,,0,Boca Raton,FL,1,4,,,,-5.0,"39,37","29,12"
ncaab:401370970,ncaab,2021-12-05T19:00Z,final,322,2885,Lafayette,NJIT,86,90,,,,0,,,,,,,,,,2,,0,Easton,PA,1,97,,,,-5.0,"42,33,4,7","37,38,4,11"
ncaab:401371067,ncaab,2021-12-05T19:00Z,final,225,2529,Brown,Sacred Heart,79,66,,,,0,,,,,,,,,,2,,0,Providence,RI,1,2,,,,-5.0,"43,36","33,33"
ncaab:401371725,ncaab,2021-12-05T19:00Z,final,2460,257,Northern Iowa,Richmond,52,60,,,,0,,,,,,,,,,2,,0,Cedar Falls,IA,1,268,,,,-6.0,"27,25","28,32"
ncaab:401371868,ncaab,2021-12-05T19:00Z,final,344,135,Mississippi St,Minnesota,76,81,,,,0,,,,,,,,,,2,,0,Starkville,MS,1,101,,,,-6.0,"32,44","35,46"
ncaab:401371888,ncaab,2021-12-05T19:00Z,final,2579,46,South Carolina,Georgetown,80,67,,,,0,,,,,,,,,,2,,0,Columbia,SC,1,89,,,,-5.0,"36,44","27,40"
ncaab:401371944,ncaab,2021-12-05T19:00Z,final,2116,2065,UCF,Bethune,81,45,,,,0,,,,,,,,,,2,,0,Orlando,FL,1,30,,,,-5.0,"48,33","21,24"
ncaab:401372193,ncaab,2021-12-05T19:00Z,final,48,2378,Delaware,UMBC,70,60,,,,0,,,,,,,,,,2,,0,Newark,DE,1,38,,,,-5.0,"31,39","20,40"
ncaab:401373785,ncaab,2021-12-05T19:00Z,final,2597,42,St Francis BK,Hartford,55,68,,,,0,,,,,,,,,,2,,0,Brooklyn,NY,1,15,,,,-5.0,"25,30","35,33"
ncaab:401373854,ncaab,2021-12-05T19:00Z,final,2747,338,Wofford,Kennesaw St,88,62,,,,0,,,,,,,,,,2,,0,Spartanburg,SC,1,246,,,,-5.0,"39,49","30,32"
ncaab:401369895,ncaab,2021-12-05T20:00Z,final,59,153,Georgia Tech,North Carolina,62,79,,,,0,,,,,,,,,,2,,0,Atlanta,GA,1,320,,,,-5.0,"31,31","31,48"
ncaab:401370931,ncaab,2021-12-05T20:00Z,void,264,26,Washington,UCLA,,,,,,0,,,,,,,,,,2,,0,Seattle,WA,1,56,,,,-8.0,,
ncaab:401371761,ncaab,2021-12-05T20:00Z,final,2181,2900,Drake,St Thomas,74,64,,,,0,,,,,,,,,,2,,0,Des Moines,IA,1,266,,,,-6.0,"37,37","29,35"
ncaab:401373193,ncaab,2021-12-05T20:00Z,final,2046,2397,Austin Peay,Milligan,98,55,,,,0,,,,,,,,,,2,,0,Clarksville,TN,1,145,,,,-6.0,"50,48","36,19"
ncaab:401373260,ncaab,2021-12-05T20:00Z,final,2535,2057,Samford,Belmont,73,85,,,,0,,,,,,,,,,2,,0,Homewood,AL,1,203,,,,-6.0,"25,48","46,39"
ncaab:401385793,ncaab,2021-12-05T20:00Z,final,2453,3117,North Alabama,Carver,103,40,,,,0,,,,,,,,,,2,,0,Florence,AL,1,167,,,,-6.0,"47,56","22,18"
ncaab:401385794,ncaab,2021-12-05T20:00Z,final,91,190,Bellarmine,Defiance,92,43,,,,0,,,,,,,,,,2,,0,Louisville,KY,1,142,,,,-5.0,"40,52","27,16"
ncaab:401365051,ncaab,2021-12-05T21:00Z,final,2199,2886,E Michigan,Northwood,79,57,,,,0,,,,,,,,,,2,,0,Ypsilanti,MI,1,219,,,,-5.0,"34,45","29,28"
ncaab:401370908,ncaab,2021-12-05T21:00Z,final,204,12,Oregon St,Arizona,65,90,,,,0,,,,,,,,,,2,,0,Corvallis,OR,1,71,,,,-8.0,"36,29","44,46"
ncaab:401371409,ncaab,2021-12-05T21:00Z,final,2320,3158,Lamar,Lady of Lake,67,64,,,,0,,,,,,,,,,2,,0,Beaumont,TX,1,5,,,,-6.0,"35,32","32,32"
ncaab:401373807,ncaab,2021-12-05T21:00Z,final,2547,2678,Seattle U,VMI,82,89,,,,0,,,,,,,,,,2,,0,Seattle,WA,1,56,,,,-8.0,"35,47","39,50"
ncaab:401374297,ncaab,2021-12-05T21:00Z,final,301,13,San Diego,Cal Poly,52,51,,,,0,,,,,,,,,,2,,0,San Diego,CA,1,20,,,,-8.0,"31,21","22,29"
ncaab:401386341,ncaab,2021-12-05T21:00Z,final,2540,2094,Santa Barbara,Cal Lutheran,87,66,,,,0,,,,,,,,,,2,,0,Santa Barbara,CA,1,15,,,,-8.0,"37,50","34,32"
ncaab:401370930,ncaab,2021-12-05T22:00Z,final,254,25,Utah,California,66,58,,,,0,,,,,,,,,,2,,0,Salt Lake City,UT,1,1299,,,,-7.0,"29,37","35,23"
ncaab:401372040,ncaab,2021-12-05T22:00Z,final,197,2752,Oklahoma St,Xavier,71,77,,,,0,,,,,,,,,,2,,0,Stillwater,OK,1,273,,,,-6.0,"39,32","35,42"
ncaab:401372555,ncaab,2021-12-05T22:00Z,final,288,236,Lipscomb,Chattanooga,64,85,,,,0,,,,,,,,,,2,,0,Nashville,TN,1,170,,,,-6.0,"18,46","38,47"
ncaab:401373829,ncaab,2021-12-05T22:00Z,final,2653,2545,Troy,SE Louisiana,68,72,,,,0,,,,,,,,,,2,,0,Troy,AL,1,165,,,,-6.0,"31,37","33,39"
ncaab:401371954,ncaab,2021-12-05T23:00Z,final,2724,2306,Wichita St,Kansas St,59,65,,,,0,,,,,,,,,,2,,0,Wichita,KS,1,,,,,,"30,29","32,33"
ncaab:401370909,ncaab,2021-12-06T00:00Z,final,2483,9,Oregon,Arizona St,67,69,,,,0,,,,,,,,,,2,,0,Eugene,OR,1,131,,,,-8.0,"31,29,7","30,30,9"
ncaab:401371084,ncaab,2021-12-06T00:00Z,final,2599,2230,St John's,Fordham,83,69,,,,0,,,,,,,,,,2,,0,Queens,NY,1,12,,,,-5.0,"46,37","33,36"
ncaab:401371797,ncaab,2021-12-06T00:00Z,final,2132,2803,Cincinnati,Bryant,73,58,,,,0,,,,,,,,,,2,,0,Cincinnati,OH,1,191,,,,-5.0,"35,38","30,28"
ncaab:401364346,ncaab,2021-12-06T00:30Z,final,213,194,Penn State,Ohio State,64,76,,,,0,,,,,,,,,,2,,0,University Park,PA,1,348,,,,-5.0,"30,34","41,35"
ncaab:401372705,ncaab,2021-12-06T01:00Z,final,2627,2127,Tarleton St,Charleston So,57,59,,,,0,,,,,,,,,,2,,0,Stephenville,TX,1,388,,,,-6.0,"28,29","30,29"
ncaab:401378593,ncaab,2021-12-06T22:00Z,final,2415,210,Morgan St,Millersville,77,71,,,,0,,,,,,,,,,2,,0,Baltimore,MD,1,10,,,,-5.0,"38,39","37,34"
ncaab:401371844,ncaab,2021-12-06T23:00Z,final,57,2640,Florida,Texas Southern,54,69,,,,0,,,,,,,,,,2,,0,Gainesville,FL,1,54,,,,-5.0,"25,29","35,34"
ncaab:401364347,ncaab,2021-12-07T00:00Z,final,2294,356,Iowa,Illinois,83,87,,,,0,,,,,,,,,,2,,0,Iowa City,IA,1,204,,,,-6.0,"36,47","39,48"
ncaab:401369190,ncaab,2021-12-07T00:00Z,final,2335,2169,Liberty,Delaware St,96,60,,,,0,,,,,,,,,,2,,0,Lynchburg,VA,1,192,,,,-5.0,"53,43","27,33"
ncaab:401371099,ncaab,2021-12-07T00:00Z,final,108,5308,Harvard,Babson,74,64,,,,0,,,,,,,,,,2,,0,Cambridge,MA,1,5,,,,-5.0,"34,40","37,27"
ncaab:401372222,ncaab,2021-12-07T00:00Z,final,2309,119,Kent State,Towson,58,73,,,,0,,,,,,,,,,2,,0,Kent,OH,1,325,,,,-5.0,"29,29","43,30"
ncaab:401372990,ncaab,2021-12-07T00:00Z,final,2413,2506,Morehead St,Presbyterian,71,66,,,,0,,,,,,,,,,2,,0,Morehead,KY,1,153,,,,-6.0,"33,38","28,38"
ncaab:401373796,ncaab,2021-12-07T00:00Z,final,2643,2428,The Citadel,NC Central,80,67,,,,0,,,,,,,,,,2,,0,Charleston,SC,1,6,,,,-5.0,"42,38","32,35"
ncaab:401373821,ncaab,2021-12-07T00:00Z,final,2247,2679,Georgia St,Voorhees,80,51,,,,0,,,,,,,,,,2,,0,Atlanta,GA,1,320,,,,-5.0,"43,37","28,23"
ncaab:401378806,ncaab,2021-12-07T00:00Z,final,324,2382,Coastal,Mercer,69,74,,,,0,,,,,,,,,,2,,0,Conway,SC,1,10,,,,-5.0,"30,39","35,39"
ncaab:401381714,ncaab,2021-12-07T00:00Z,final,2142,171,Colgate,Columbia,89,61,,,,0,,,,,,,,,,2,,0,Hamilton,NY,1,181,,,,-5.0,"45,44","23,38"
ncaab:401371814,ncaab,2021-12-07T01:00Z,final,248,2016,Houston,Alcorn St,77,45,,,,0,,,,,,,,,,2,,0,Houston,TX,1,12,,,,-6.0,"39,38","19,26"
ncaab:401371410,ncaab,2021-12-07T02:00Z,final,167,166,New Mexico,New Mexico St,76,78,,,,0,,,,,,,,,,2,,0,Albuquerque,NM,1,1511,,,,-7.0,"31,37,8","27,41,10"
ncaab:401371284,ncaab,2021-12-07T03:00Z,final,2492,23,Pepperdine,San José St,82,69,,,,0,,,,,,,,,,2,,0,Malibu,CA,1,32,,,,-8.0,"46,36","28,41"
ncaab:401371716,ncaab,2021-12-07T23:00Z,final,227,2529,Rhode Island,Sacred Heart,72,62,,,,0,,,,,,,,,,2,,0,Kingston,RI,1,75,,,,-5.0,"29,43","31,31"
ncaab:401373331,ncaab,2021-12-07T23:00Z,final,349,3103,Army,Purchase,97,40,,,,0,,,,,,,,,,2,,0,West Point,NY,1,47,,,,-5.0,"42,55","24,16"
ncaab:401370043,ncaab,2021-12-07T23:30Z,final,256,258,James Madison,Virginia,52,49,,,,0,,,,,,,,,,2,,0,Harrisonburg,VA,1,404,,,,-5.0,"24,28","14,35"
ncaab:401372010,ncaab,2021-12-07T23:30Z,final,2507,261,Providence,Vermont,68,58,,,,0,,,,,,,,,,2,,0,Providence,RI,1,2,,,,-5.0,"30,38","20,38"
ncaab:401364348,ncaab,2021-12-08T00:00Z,final,158,130,Nebraska,Michigan,67,102,,,,0,,,,,,,,,,2,,0,Lincoln,NE,1,367,,,,-6.0,"32,35","51,51"
ncaab:401365053,ncaab,2021-12-08T00:00Z,final,2649,71,Toledo,Bradley,67,65,,,,0,,,,,,,,,,2,,0,Toledo,OH,1,186,,,,-5.0,"35,32","31,34"
ncaab:401365054,ncaab,2021-12-08T00:00Z,final,189,2473,Bowling Green,Oakland,73,72,,,,0,,,,,,,,,,2,,0,Bowling Green,OH,1,212,,,,-5.0,"38,35","41,31"
ncaab:401369191,ncaab,2021-12-08T00:00Z,final,50,526,Florida A&M,FGCU,55,69,,,,0,,,,,,,,,,2,,0,Tallahassee,FL,1,62,,,,-5.0,"28,27","42,27"
ncaab:401369192,ncaab,2021-12-08T00:00Z,final,61,294,Georgia,Jacksonville,69,58,,,,0,,,,,,,,,,2,,0,Athens,GA,1,228,,,,-5.0,"32,37","24,34"
ncaab:401370940,ncaab,2021-12-08T00:00Z,final,43,399,Yale,UAlbany,71,52,,,,0,,,,,,,,,,2,,0,New Haven,CT,1,18,,,,-5.0,"30,41","19,33"
ncaab:401371066,ncaab,2021-12-08T00:00Z,final,2771,225,Merrimack,Brown,56,76,,,,0,,,,,,,,,,2,,0,North Andover,MA,1,29,,,,-5.0,"19,37","35,41"
ncaab:401371571,ncaab,2021-12-08T00:00Z,final,2244,2426,George Mason,Navy,71,65,,,,0,,,,,,,,,,2,,0,Fairfax,VA,1,131,,,,-5.0,"32,39","26,39"
ncaab:401371588,ncaab,2021-12-08T00:00Z,final,2325,161,La Salle,FDU,81,55,,,,0,,,,,,,,,,2,,0,Philadelphia,PA,1,12,,,,-5.0,"44,37","33,22"
ncaab:401371789,ncaab,2021-12-08T00:00Z,final,111,113,Northeastern,UMass,82,76,,,,0,,,,,,,,,,2,,0,Boston,MA,1,14,,,,-5.0,"41,41","36,40"
ncaab:401371808,ncaab,2021-12-08T00:00Z,final,151,2448,East Carolina,NC A&T,82,71,,,,0,,,,,,,,,,2,,0,Greenville,NC,1,18,,,,-5.0,"37,45","30,41"
ncaab:401371855,ncaab,2021-12-08T00:00Z,final,96,2582,Kentucky,Southern,76,64,,,,0,,,,,,,,,,2,,0,Lexington,KY,1,295,,,,-5.0,"38,38","34,30"
ncaab:401371897,ncaab,2021-12-08T00:00Z,final,2633,2641,Tennessee,Texas Tech,52,57,,,,1,,,,,,,,,,2,,0,New York,NY,1,10,,,,-5.0,"25,19,8","29,15,13"
ncaab:401372241,ncaab,2021-12-08T00:00Z,final,2729,295,William & Mary,Old Dominion,59,74,,,,0,,,,,,,,,,2,,0,Williamsburg,VA,1,,,,,,"32,27","29,45"
ncaab:401372353,ncaab,2021-12-08T00:00Z,final,2674,3107,Valparaiso,East West,101,58,,,,0,,,,,,,,,,2,,0,Valparaiso,IN,1,242,,,,-6.0,"43,58","21,37"
ncaab:401372677,ncaab,2021-12-08T00:00Z,final,2097,3242,Campbell,Columbia Int'l,74,56,,,,0,,,,,,,,,,2,,0,Buies Creek,NC,1,63,,,,-5.0,"38,36","28,28"
ncaab:401372969,ncaab,2021-12-08T00:00Z,final,2272,2258,High Point,Guilford,64,59,,,,0,,,,,,,,,,2,,0,High Point,NC,1,281,,,,-5.0,"21,43","36,23"
ncaab:401373022,ncaab,2021-12-08T00:00Z,final,2737,231,Winthrop,Furman,85,80,,,,0,,,,,,,,,,2,,0,Rock Hill,SC,1,207,,,,-5.0,"43,42","42,38"
ncaab:401373255,ncaab,2021-12-08T00:00Z,final,163,2083,Princeton,Bucknell,82,69,,,,0,,,,,,,,,,2,,0,Princeton,NJ,1,62,,,,-5.0,"45,37","32,37"
ncaab:401365749,ncaab,2021-12-08T01:00Z,final,139,2057,Saint Louis,Belmont,59,64,,,,0,,,,,,,,,,2,,0,St. Louis,MO,1,142,,,,-6.0,"32,27","26,38"
ncaab:401371620,ncaab,2021-12-08T01:00Z,final,2277,3134,Hou Christian,Champ Chrstn,84,67,,,,0,,,,,,,,,,2,,0,Houston,TX,1,12,,,,-6.0,"51,33","22,45"
ncaab:401371874,ncaab,2021-12-08T01:00Z,final,142,2197,Missouri,E Illinois,72,44,,,,0,,,,,,,,,,2,,0,Columbia,MO,1,215,,,,-6.0,"32,40","21,23"
ncaab:401371911,ncaab,2021-12-08T01:00Z,final,238,218,Vanderbilt,Temple,68,72,,,,0,,,,,,,,,,2,,0,Nashville,TN,1,170,,,,-6.0,"25,33,10","28,30,14"
ncaab:401372006,ncaab,2021-12-08T01:00Z,final,2305,2638,Kansas,UTEP,78,52,,,,0,,,,,,,,,,2,,0,Kansas City,MO,1,274,,,,-6.0,"42,36","21,31"
ncaab:401372187,ncaab,2021-12-08T01:00Z,final,2655,232,Tulane,Charleston,72,86,,,,0,,,,,,,,,,2,,0,New Orleans,LA,1,0,,,,-6.0,"34,38","30,56"
ncaab:401372299,ncaab,2021-12-08T01:00Z,final,2350,3163,Loyola Chicago,Roosevelt,88,49,,,,0,,,,,,,,,,2,,0,Chicago,IL,1,179,,,,-6.0,"44,44","22,27"
ncaab:401372399,ncaab,2021-12-08T01:00Z,void,250,2440,UT Arlington,Nevada,,,,,,0,,,,,,,,,,2,,0,Arlington,TX,1,184,,,,-6.0,,
ncaab:401372589,ncaab,2021-12-08T01:00Z,final,2458,233,N Colorado,South Dakota,74,69,,,,0,,,,,,,,,,2,,0,Greeley,CO,1,1425,,,,-7.0,"35,39","27,42"
ncaab:401378843,ncaab,2021-12-08T01:00Z,final,2627,2937,Tarleton St,Dallas Chrstn,84,65,,,,0,,,,,,,,,,2,,0,Stephenville,TX,1,388,,,,-6.0,"46,38","36,29"
ncaab:401371077,ncaab,2021-12-08T01:30Z,final,305,2184,DePaul,Duquesne,87,67,,,,0,,,,,,,,,,2,,0,Chicago,IL,1,179,,,,-6.0,"36,51","30,37"
ncaab:401365619,ncaab,2021-12-08T02:00Z,final,147,2449,Montana St,N Dakota St,68,49,,,,0,,,,,,,,,,2,,0,Bozeman,MT,1,1468,,,,-7.0,"36,32","24,25"
ncaab:401371138,ncaab,2021-12-08T02:00Z,final,2541,116,Santa Clara,Mount St Marys,88,77,,,,0,,,,,,,,,,2,,0,Santa Clara,CA,1,23,,,,-8.0,"46,42","43,34"
ncaab:401371285,ncaab,2021-12-08T02:00Z,final,202,2351,Tulsa,LMU,55,60,,,,0,,,,,,,,,,2,,0,Tulsa,OK,1,220,,,,-6.0,"31,24","25,35"
ncaab:401371828,ncaab,2021-12-08T02:00Z,final,8,2429,Arkansas,Charlotte,86,66,,,,0,,,,,,,,,,2,,0,Fayetteville,AR,1,427,,,,-6.0,"41,45","31,35"
ncaab:401371949,ncaab,2021-12-08T02:00Z,final,201,2086,Oklahoma,Butler,62,66,,,,0,,,,,,,,,,2,,0,Norman,OK,1,357,,,,-6.0,"31,23,8","21,33,12"
ncaab:401365620,ncaab,2021-12-08T03:00Z,final,2856,155,CA Baptist,North Dakota,89,71,,,,0,,,,,,,,,,2,,0,Riverside,CA,1,252,,,,-8.0,"40,49","34,37"
ncaab:401372376,ncaab,2021-12-08T03:00Z,final,2463,68,CSU Northridge,Boise St,48,74,,,,0,,,,,,,,,,2,,0,Northridge,CA,1,246,,,,-8.0,"21,27","38,36"
ncaab:401373883,ncaab,2021-12-08T03:00Z,final,30,2198,USC,E Kentucky,80,68,,,,0,,,,,,,,,,2,,0,Los Angeles,CA,1,89,,,,-8.0,"41,39","25,43"
ncaab:401370003,ncaab,2021-12-08T03:01Z,final,183,222,Syracuse,Villanova,53,67,,,,1,,,,,,,,,,2,,0,New York,NY,1,10,,,,-5.0,"29,24","26,41"
ncaab:401365055,ncaab,2021-12-08T23:30Z,final,2752,2050,Xavier,Ball State,96,50,,,,0,,,,,,,,,,2,,0,Cincinnati,OH,1,191,,,,-5.0,"45,51","23,27"
ncaab:401370802,ncaab,2021-12-08T23:30Z,final,45,2154,G Washington,Coppin St,75,62,,,,0,,,,,,,,,,2,,0,Washington,DC,1,7,,,,-5.0,"38,37","36,26"
ncaab:401372556,ncaab,2021-12-08T23:30Z,final,2427,236,UNC Asheville,Chattanooga,73,78,,,,0,,,,,,,,,,2,,0,Asheville,NC,1,649,,,,-5.0,"26,47","39,39"
ncaab:401364349,ncaab,2021-12-09T00:00Z,final,275,84,Wisconsin,Indiana,64,59,,,,0,,,,,,,,,,2,,0,Madison,WI,1,267,,,,-6.0,"25,39","42,17"
ncaab:401365056,ncaab,2021-12-09T00:00Z,final,2754,2117,Youngstown St,C Michigan,84,77,,,,0,,,,,,,,,,2,,0,Youngstown,OH,1,259,,,,-5.0,"46,38","34,43"
ncaab:401365057,ncaab,2021-12-09T00:00Z,final,2199,315,E Michigan,Niagara,60,58,,,,0,,,,,,,,,,2,,0,Ypsilanti,MI,1,219,,,,-5.0,"30,30","27,31"
ncaab:401365274,ncaab,2021-12-09T00:00Z,final,2612,2597,Saint Peter's,St Francis BK,60,71,,,,0,,,,,,,,,,2,,0,Jersey City,NJ,1,9,,,,-5.0,"32,28","28,43"
ncaab:401365275,ncaab,2021-12-09T00:00Z,final,94,2099,N Kentucky,Canisius,75,62,,,,0,,,,,,,,,,2,,0,Highland Heights,KY,1,260,,,,-5.0,"38,37","28,34"
ncaab:401365276,ncaab,2021-12-09T00:00Z,final,2066,2368,Binghamton,Marist,51,64,,,,0,,,,,,,,,,2,,0,Binghamton,NY,1,264,,,,-5.0,"24,27","24,40"
ncaab:401365277,ncaab,2021-12-09T00:00Z,final,2217,107,Fairfield,Holy Cross,74,59,,,,0,,,,,,,,,,2,,0,Bridgeport,CT,1,1,,,,-5.0,"28,46","33,26"
ncaab:401365278,ncaab,2021-12-09T00:00Z,final,159,2514,Dartmouth,Quinnipiac,69,72,,,,0,,,,,,,,,,2,,0,Hanover,NH,1,162,,,,-5.0,"33,36","34,38"
ncaab:401369193,ncaab,2021-12-09T00:00Z,final,57,2454,Florida,North Florida,85,55,,,,0,,,,,,,,,,2,,0,Gainesville,FL,1,54,,,,-5.0,"41,44","23,32"
ncaab:401369194,ncaab,2021-12-09T00:00Z,final,2670,55,VCU,Jax State,66,52,,,,0,,,,,,,,,,2,,0,Richmond,VA,1,64,,,,-5.0,"34,32","30,22"
ncaab:401370079,ncaab,2021-12-09T00:00Z,final,2390,288,Miami,Lipscomb,76,59,,,,0,,,,,,,,,,2,,0,Coral Gables,FL,1,3,,,,-5.0,"35,41","26,33"
ncaab:401370990,ncaab,2021-12-09T00:00Z,final,2619,2275,Stony Brook,Hofstra,79,62,,,,0,,,,,,,,,,2,,0,Stony Brook,NY,1,27,,,,-5.0,"32,47","35,27"
ncaab:401371110,ncaab,2021-12-09T00:00Z,final,2603,219,Saint Joseph's,Penn,78,71,,,,0,,,,,,,,,,2,,0,Philadelphia,PA,1,12,,,,-5.0,"37,41","32,39"
ncaab:401371784,ncaab,2021-12-09T00:00Z,final,179,2352,St Bonaventure,Loyola MD,84,71,,,,0,,,,,,,,,,2,,0,Saint Bonaventure,NY,1,435,,,,-5.0,"38,46","41,30"
ncaab:401372030,ncaab,2021-12-09T00:00Z,final,277,41,West Virginia,UConn,56,53,,,,0,,,,,,,,,,2,,0,Morgantown,WV,1,271,,,,-5.0,"32,24","29,24"
ncaab:401372162,ncaab,2021-12-09T00:00Z,final,213,2681,Penn State,Wagner,74,54,,,,0,,,,,,,,,,2,,0,University Park,PA,1,348,,,,-5.0,"32,42","27,27"
ncaab:401372194,ncaab,2021-12-09T00:00Z,final,48,322,Delaware,Lafayette,68,58,,,,0,,,,,,,,,,2,,0,Newark,DE,1,38,,,,-5.0,"33,35","26,32"
ncaab:401372643,ncaab,2021-12-09T00:00Z,final,44,2598,American,Saint Francis,83,73,,,,0,,,,,,,,,,2,,0,Washington,DC,1,7,,,,-5.0,"43,40","40,33"
ncaab:401372686,ncaab,2021-12-09T00:00Z,final,2226,2489,FAU,Palm Beach Atl,84,63,,,,0,,,,,,,,,,2,,0,Boca Raton,FL,1,4,,,,-5.0,"36,48","33,30"
ncaab:401372729,ncaab,2021-12-09T00:00Z,final,276,495,Marshall,Bluefield,100,57,,,,0,,,,,,,,,,2,,0,Huntington,WV,1,173,,,,-5.0,"47,53","27,30"
ncaab:401372921,ncaab,2021-12-09T00:00Z,final,104,2349,Boston U,UMass Lowell,72,62,,,,0,,,,,,,,,,2,,0,Boston,MA,1,14,,,,-5.0,"34,38","22,40"
ncaab:401372962,ncaab,2021-12-09T00:00Z,final,2241,2747,Gardner-Webb,Wofford,70,78,,,,0,,,,,,,,,,2,,0,Boiling Springs,NC,1,269,,,,-5.0,"36,34","38,40"
ncaab:401373040,ncaab,2021-12-09T00:00Z,final,2523,123306,Robert Morris,Lncstr Bible,99,51,,,,0,,,,,,,,,,2,,0,Moon Township,PA,1,358,,,,-5.0,"54,45","24,27"
ncaab:401373070,ncaab,2021-12-09T00:00Z,final,2379,109636,MD Eastern,Clarks Summit,102,58,,,,0,,,,,,,,,,2,,0,Princess Anne,MD,1,5,,,,-5.0,"45,57","19,39"
ncaab:401373467,ncaab,2021-12-09T00:00Z,final,2717,2635,W Carolina,Tennessee Tech,74,69,,,,0,,,,,,,,,,2,,0,Cullowhee,NC,1,645,,,,-5.0,"25,38,11","23,40,6"
ncaab:401373791,ncaab,2021-12-09T00:00Z,final,2011,2535,Alabama St,Samford,64,74,,,,0,,,,,,,,,,2,,0,Montgomery,AL,1,73,,,,-6.0,"29,35","37,37"
ncaab:401374431,ncaab,2021-12-09T00:00Z,final,290,3117,GA Southern,Carver,85,43,,,,0,,,,,,,,,,2,,0,Statesboro,GA,1,77,,,,-5.0,"47,38","18,25"
ncaab:401381755,ncaab,2021-12-09T00:00Z,final,2453,2010,North Alabama,Alabama A&M,56,45,,,,0,,,,,,,,,,2,,0,Florence,AL,1,167,,,,-6.0,"27,29","19,26"
ncaab:401370979,ncaab,2021-12-09T00:30Z,final,2803,160,Bryant,New Hampshire,76,59,,,,0,,,,,,,,,,2,,0,Smithfield,RI,1,84,,,,-5.0,"37,39","33,26"
ncaab:401372284,ncaab,2021-12-09T00:30Z,final,2546,339,SE Missouri,Evansville,75,73,,,,0,,,,,,,,,,2,,0,Cape Girardeau,MO,1,108,,,,-6.0,"40,35","38,35"
ncaab:401372330,ncaab,2021-12-09T00:30Z,final,2031,2623,Little Rock,Missouri St,55,81,,,,0,,,,,,,,,,2,,0,Little Rock,AR,1,102,,,,-6.0,"28,27","42,39"
ncaab:401373834,ncaab,2021-12-09T00:30Z,final,2433,2347,UL Monroe,LA Christian,89,68,,,,0,,,,,,,,,,2,,0,Monroe,LA,1,23,,,,-6.0,"37,52","30,38"
ncaab:401371008,ncaab,2021-12-09T01:00Z,final,2567,2168,SMU,Dayton,77,69,,,,0,,,,,,,,,,2,,0,Dallas,TX,1,128,,,,-6.0,"36,41","28,41"
ncaab:401371411,ncaab,2021-12-09T01:00Z,final,357,292,Texas A&M-CC,UT Rio Grande,75,69,,,,0,,,,,,,,,,2,,0,Corpus Christi,TX,1,2,,,,-6.0,"29,46","36,33"
ncaab:401371621,ncaab,2021-12-09T01:00Z,final,309,2377,Louisiana,McNeese,83,68,,,,0,,,,,,,,,,2,,0,Lafayette,LA,1,11,,,,-6.0,"45,38","35,33"
ncaab:401372266,ncaab,2021-12-09T01:00Z,final,2628,254,TCU,Utah,76,62,,,,1,,,,,,,,,,2,,0,Fort Worth,TX,1,199,,,,-6.0,"36,40","27,35"
ncaab:401372414,ncaab,2021-12-09T01:00Z,final,38,331,Colorado,E Washington,60,57,,,,0,,,,,,,,,,2,,0,Boulder,CO,1,1624,,,,-7.0,"39,21","31,26"
ncaab:401373038,ncaab,2021-12-09T01:00Z,final,2565,2870,SIUE,Purdue FW,80,59,,,,0,,,,,,,,,,2,,0,Edwardsville,IL,1,165,,,,-6.0,"46,34","29,30"
ncaab:401373769,ncaab,2021-12-09T01:00Z,final,98,2084,Western KY,Buffalo,67,77,,,,0,,,,,,,,,,2,,0,Bowling Green,KY,1,161,,,,-6.0,"35,32","40,37"
ncaab:401373815,ncaab,2021-12-09T01:00Z,final,2029,2032,AR-Pine Bluff,Arkansas St,73,84,,,,0,,,,,,,,,,2,,0,Pine Bluff,AR,1,67,,,,-6.0,"48,25","38,46"
ncaab:401378844,ncaab,2021-12-09T01:00Z,final,2627,2904,Tarleton St,Nelson,81,75,,,,0,,,,,,,,,,2,,0,Stephenville,TX,1,388,,,,-6.0,"46,35","28,47"
ncaab:401371999,ncaab,2021-12-09T01:30Z,final,46,2378,Georgetown,UMBC,100,71,,,,0,,,,,,,,,,2,,0,Washington,DC,1,7,,,,-5.0,"48,52","40,31"
ncaab:401364350,ncaab,2021-12-09T02:00Z,final,135,127,Minnesota,Michigan St,67,75,,,,0,,,,,,,,,,2,,0,Minneapolis,MN,1,253,,,,-6.0,"24,43","37,38"
ncaab:401365621,ncaab,2021-12-09T02:00Z,final,2437,2181,Omaha,Drake,70,78,,,,0,,,,,,,,,,2,,0,Omaha,NE,1,323,,,,-6.0,"37,33","27,51"
ncaab:401370025,ncaab,2021-12-09T02:00Z,final,259,172,Virginia Tech,Cornell,93,60,,,,0,,,,,,,,,,2,,0,Blacksburg,VA,1,633,,,,-5.0,"47,46","31,29"
ncaab:401371286,ncaab,2021-12-09T02:00Z,final,252,328,BYU,Utah State,82,71,,,,0,,,,,,,,,,2,,0,Provo,UT,1,1387,,,,-7.0,"45,37","33,38"
ncaab:401371412,ncaab,2021-12-09T02:00Z,final,253,3084,Southern Utah,Utah Valley,60,56,,,,0,,,,,,,,,,2,,0,Cedar City,UT,1,1782,,,,-7.0,"33,27","28,28"
ncaab:401371753,ncaab,2021-12-09T02:00Z,final,70,2571,Idaho,S Dakota St,98,84,,,,0,,,,,,,,,,2,,0,Moscow,ID,1,786,,,,-8.0,"43,55","41,43"
ncaab:401372157,ncaab,2021-12-09T02:00Z,final,194,119,Ohio State,Towson,85,74,,,,0,,,,,,,,,,2,,0,Columbus,OH,1,235,,,,-5.0,"33,52","32,42"
ncaab:401372254,ncaab,2021-12-09T02:00Z,final,2306,269,Kansas St,Marquette,63,64,,,,0,,,,,,,,,,2,,0,Manhattan,KS,1,311,,,,-6.0,"30,33","31,33"
ncaab:401372371,ncaab,2021-12-09T02:00Z,final,149,2005,Montana,Air Force,66,48,,,,0,,,,,,,,,,2,,0,Missoula,MT,1,978,,,,-7.0,"35,31","24,24"
ncaab:401371172,ncaab,2021-12-09T03:00Z,final,2539,278,San Francisco,Fresno St,71,63,,,,0,,,,,,,,,,2,,0,San Francisco,CA,1,16,,,,-8.0,"24,47","31,32"
ncaab:401372467,ncaab,2021-12-09T03:00Z,final,25,304,California,Idaho St,72,46,,,,0,,,,,,,,,,2,,0,Berkeley,CA,1,52,,,,-8.0,"30,42","23,23"
ncaab:401372473,ncaab,2021-12-09T03:00Z,final,21,2239,San Diego St,Fullerton,66,56,,,,0,,,,,,,,,,2,,0,San Diego,CA,1,20,,,,-8.0,"32,34","22,34"
ncaab:401372483,ncaab,2021-12-09T03:00Z,final,2439,2547,UNLV,Seattle U,76,56,,,,0,,,,,,,,,,2,,0,Las Vegas,NV,1,610,,,,-8.0,"36,40","30,26"
ncaab:401372550,ncaab,2021-12-09T03:00Z,final,12,2751,Arizona,Wyoming,94,65,,,,0,,,,,,,,,,2,,0,Tucson,AZ,1,759,,,,-7.0,"53,41","22,43"
ncaab:401372634,ncaab,2021-12-09T03:00Z,final,265,2692,Washington St,Weber St,94,60,,,,0,,,,,,,,,,2,,0,Pullman,WA,1,717,,,,-8.0,"35,59","24,36"
ncaab:401373639,ncaab,2021-12-09T03:00Z,final,299,3246,Long Beach St,Bethesda,102,69,,,,0,,,,,,,,,,2,,0,Long Beach,CA,1,9,,,,-8.0,"52,50","30,39"
ncaab:401373638,ncaab,2021-12-09T04:59Z,final,62,2269,Hawai'i,HI Pacific,88,52,,,,0,,,,,,,,,,2,,0,Honolulu,HI,1,5,,,,-10.0,"42,46","24,28"
ncaab:401370099,ncaab,2021-12-09T23:30Z,final,152,2065,NC State,Bethune,65,48,,,,0,,,,,,,,,,2,,0,Raleigh,NC,1,96,,,,-5.0,"34,31","29,19"
ncaab:401372024,ncaab,2021-12-09T23:30Z,final,2550,251,Seton Hall,Texas,64,60,,,,0,,,,,,,,,,2,,0,Newark,NJ,1,9,,,,-5.0,"37,27","37,23"
ncaab:401364351,ncaab,2021-12-10T00:00Z,final,164,2509,Rutgers,Purdue,70,68,,,,0,,,,,,,,,,2,,0,Piscataway,NJ,1,30,,,,-5.0,"36,34","35,33"
ncaab:401369196,ncaab,2021-12-10T00:00Z,final,91,2036,Bellarmine,Asbury,87,55,,,,0,,,,,,,,,,2,,0,Louisville,KY,1,142,,,,-5.0,"43,44","28,27"
ncaab:401371085,ncaab,2021-12-10T00:00Z,final,2230,112358,Fordham,Long Island,73,57,,,,0,,,,,,,,,,2,,0,Bronx,NY,1,28,,,,-5.0,"39,34","33,24"
ncaab:401372242,ncaab,2021-12-10T00:00Z,final,2729,2261,William & Mary,Hampton,53,54,,,,0,,,,,,,,,,2,,0,Williamsburg,VA,1,25,,,,-5.0,"26,27","30,24"
ncaab:401372272,ncaab,2021-12-10T00:00Z,final,2309,2174,Kent State,Detroit Mercy,69,52,,,,0,,,,,,,,,,2,,0,Kent,OH,1,325,,,,-5.0,"28,41","22,30"
ncaab:401378795,ncaab,2021-12-10T00:00Z,final,2400,2447,Miss Valley St,Nicholls,80,95,,,,0,,,,,,,,,,2,,0,Itta Bena,MS,1,40,,,,-6.0,"33,47","55,40"
ncaab:401380988,ncaab,2021-12-10T00:00Z,final,2428,3117,NC Central,Carver,102,50,,,,0,,,,,,,,,,2,,0,Durham,NC,1,123,,,,-5.0,"51,51","22,28"
ncaab:401369986,ncaab,2021-12-10T01:00Z,final,221,2142,Pitt,Colgate,71,68,,,,0,,,,,,,,,,2,,0,Pittsburgh,PA,1,233,,,,-5.0,"31,40","33,35"
ncaab:401380973,ncaab,2021-12-10T01:00Z,final,2582,2877,Southern,Lindsey Wilson,86,68,,,,0,,,,,,,,,,2,,0,Baton Rouge,LA,1,14,,,,-6.0,"47,39","39,29"
ncaab:401365279,ncaab,2021-12-10T01:30Z,final,2599,2405,St John's,Monmouth,88,83,,,,0,,,,,,,,,,2,,0,Queens,NY,1,12,,,,-5.0,"42,46","36,47"
ncaab:401365622,ncaab,2021-12-10T02:00Z,final,167,2172,New Mexico,Denver,87,67,,,,0,,,,,,,,,,2,,0,Albuquerque,NM,1,1511,,,,-7.0,"41,46","27,40"
ncaab:401371287,ncaab,2021-12-10T02:00Z,final,2250,2771,Gonzaga,Merrimack,80,55,,,,0,,,,,,,,,,2,,0,Spokane,WA,1,571,,,,-8.0,"42,38","31,24"
ncaab:401372126,ncaab,2021-12-10T02:00Z,final,66,2294,Iowa State,Iowa,73,53,,,,0,,,,,,,,,,2,,0,Ames,IA,1,287,,,,-6.0,"38,35","26,27"
ncaab:401371413,ncaab,2021-12-10T02:30Z,final,9,2253,Arizona St,Grand Canyon,67,62,,,,0,,,,,,,,,,2,,0,Tempe,AZ,1,360,,,,-7.0,"33,34","24,38"
ncaab:401372510,ncaab,2021-12-10T22:00Z,final,149,123391,Montana,Yellowstone ,104,43,,,,0,,,,,,,,,,2,,0,Missoula,MT,1,978,,,,-7.0,"59,45","24,19"
ncaab:401369195,ncaab,2021-12-11T00:00Z,final,91,111166,Bellarmine,Midway,89,39,,,,0,,,,,,,,,,2,,0,Louisville,KY,1,142,,,,-5.0,"45,44","17,22"
ncaab:401370157,ncaab,2021-12-11T00:00Z,final,2569,2272,SC State,High Point,67,66,,,,1,,,,,,,,,,2,,0,Rock Hill,SC,1,207,,,,-5.0,"35,32","30,36"
ncaab:401370971,ncaab,2021-12-11T00:00Z,final,2885,349,NJIT,Army,49,66,,,,0,,,,,,,,,,2,,0,Newark,NJ,1,9,,,,-5.0,"23,26","30,36"
ncaab:401371065,ncaab,2021-12-11T00:00Z,final,225,261,Brown,Vermont,65,70,,,,0,,,,,,,,,,2,,0,Providence,RI,1,2,,,,-5.0,"23,42","29,41"
ncaab:401372195,ncaab,2021-12-11T00:00Z,final,48,323,Delaware,Moravian,94,55,,,,0,,,,,,,,,,2,,0,Newark,DE,1,38,,,,-5.0,"51,43","24,31"
ncaab:401373024,ncaab,2021-12-11T00:00Z,final,2634,85,Tennessee St,IU Indy,70,44,,,,0,,,,,,,,,,2,,0,Nashville,TN,1,170,,,,-6.0,"33,37","17,27"
ncaab:401373425,ncaab,2021-12-11T00:00Z,final,231,2026,Furman,App State,73,65,,,,0,,,,,,,,,,2,,0,Greenville,SC,1,307,,,,-5.0,"40,33","36,29"
ncaab:401365623,ncaab,2021-12-11T01:00Z,final,2449,2463,N Dakota St,CSU Northridge,68,54,,,,0,,,,,,,,,,2,,0,Fargo,ND,1,276,,,,-6.0,"32,36","25,29"
ncaab:401370127,ncaab,2021-12-11T01:00Z,final,97,305,Louisville,DePaul,55,62,,,,0,,,,,,,,,,2,,0,Louisville,KY,1,142,,,,-5.0,"29,26","26,36"
ncaab:401371912,ncaab,2021-12-11T01:00Z,final,238,2350,Vanderbilt,Loyola Chicago,58,69,,,,0,,,,,,,,,,2,,0,Nashville,TN,1,170,,,,-6.0,"27,31","30,39"
ncaab:401371917,ncaab,2021-12-11T01:00Z,final,235,93,Memphis,Murray St,72,74,,,,0,,,,,,,,,,2,,0,Memphis,TN,1,78,,,,-6.0,"40,32","26,48"
ncaab:401372249,ncaab,2021-12-11T01:00Z,final,140,2739,Kansas City,Green Bay,64,55,,,,0,,,,,,,,,,2,,0,Kansas City,MO,1,274,,,,-6.0,"22,42","19,36"
ncaab:401372377,ncaab,2021-12-11T02:00Z,final,68,2504,Boise St,Prairie View,97,60,,,,0,,,,,,,,,,2,,0,Boise,ID,1,823,,,,-7.0,"36,61","23,37"
ncaab:401373028,ncaab,2021-12-11T02:30Z,final,38,270,Colorado,Milwaukee,65,54,,,,0,,,,,,,,,,2,,0,Boulder,CO,1,1624,,,,-7.0,"28,37","24,30"
ncaab:401371836,ncaab,2021-12-11T16:30Z,final,2,158,Auburn,Nebraska,99,68,,,,1,,,,,,,,,,2,,0,Atlanta,GA,1,320,,,,-5.0,"45,54","28,40"
ncaab:401364354,ncaab,2021-12-11T17:00Z,final,194,275,Ohio State,Wisconsin,73,55,,,,0,,,,,,,,,,2,,0,Columbus,OH,1,235,,,,-5.0,"34,39","29,26"
ncaab:401370004,ncaab,2021-12-11T17:00Z,final,46,183,Georgetown,Syracuse,79,75,,,,0,,,,,,,,,,2,,0,Washington,DC,1,7,,,,-5.0,"34,45","44,31"
ncaab:401371288,ncaab,2021-12-11T17:00Z,final,156,252,Creighton,BYU,83,71,,,,1,,,,,,,,,,2,,0,Sioux Falls,SD,1,448,,,,-6.0,"48,35","30,41"
ncaab:401378812,ncaab,2021-12-11T17:00Z,final,2348,309,Louisiana Tech,Louisiana,78,69,,,,0,,,,,,,,,,2,,0,Ruston,LA,1,102,,,,-6.0,"31,47","34,35"
ncaab:401365058,ncaab,2021-12-11T18:00Z,final,2174,2711,Detroit Mercy,W Michigan,83,64,,,,0,,,,,,,,,,2,,0,Detroit,MI,1,183,,,,-5.0,"36,47","29,35"
ncaab:401365061,ncaab,2021-12-11T18:00Z,final,2199,2229,E Michigan,FIU,92,88,,,,0,,,,,,,,,,2,,0,Ypsilanti,MI,1,219,,,,-5.0,"27,28,7,10,10,10","29,26,7,10,10,6"
ncaab:401369198,ncaab,2021-12-11T18:00Z,final,338,2679,Kennesaw St,Voorhees,80,56,,,,0,,,,,,,,,,2,,0,Kennesaw,GA,1,332,,,,-5.0,"39,41","25,31"
ncaab:401370980,ncaab,2021-12-11T18:00Z,final,2184,160,Duquesne,New Hampshire,64,62,,,,0,,,,,,,,,,2,,0,Pittsburgh,PA,1,233,,,,-5.0,"31,33","26,36"
ncaab:401371773,ncaab,2021-12-11T18:00Z,final,2603,218,Saint Joseph's,Temple,68,49,,,,0,,,,,,,,,,2,,0,Philadelphia,PA,1,12,,,,-5.0,"37,31","22,27"
ncaab:401372354,ncaab,2021-12-11T18:00Z,final,2674,2429,Valparaiso,Charlotte,67,68,,,,0,,,,,,,,,,2,,0,Valparaiso,IN,1,242,,,,-6.0,"27,40","30,38"
ncaab:401372963,ncaab,2021-12-11T18:00Z,final,2678,2241,VMI,Gardner-Webb,64,61,,,,0,,,,,,,,,,2,,0,Lexington,VA,1,324,,,,-5.0,"36,28","34,27"
ncaab:401373039,ncaab,2021-12-11T18:00Z,final,2870,2546,Purdue FW,SE Missouri,78,65,,,,0,,,,,,,,,,2,,0,Fort Wayne,IN,1,247,,,,-5.0,"36,42","30,35"
ncaab:401373050,ncaab,2021-12-11T18:00Z,final,2169,2597,Delaware St,St Francis BK,61,75,,,,0,,,,,,,,,,2,,0,Dover,DE,1,9,,,,-5.0,"31,30","36,39"
ncaab:401386792,ncaab,2021-12-11T18:00Z,final,2084,374,Buffalo,St John Fisher,100,58,,,,0,,,,,,,,,,2,,0,Buffalo,NY,1,183,,,,-5.0,"48,52","27,31"
ncaab:401392050,ncaab,2021-12-11T18:00Z,final,2349,343,UMass Lowell,MCLA,109,45,,,,0,,,,,,,,,,2,,0,Lowell,MA,1,36,,,,-5.0,"51,58","22,23"
ncaab:401371829,ncaab,2021-12-11T18:30Z,final,201,8,Oklahoma,Arkansas,88,66,,,,1,,,,,,,,,,2,,0,Tulsa,OK,1,220,,,,-6.0,"39,49","33,33"
ncaab:401364353,ncaab,2021-12-11T19:00Z,final,127,213,Michigan St,Penn State,80,64,,,,0,,,,,,,,,,2,,0,East Lansing,MI,1,261,,,,-5.0,"42,38","29,35"
ncaab:401365281,ncaab,2021-12-11T19:00Z,final,2754,2099,Youngstown St,Canisius,71,43,,,,0,,,,,,,,,,2,,0,Youngstown,OH,1,259,,,,-5.0,"35,36","17,26"
ncaab:401365282,ncaab,2021-12-11T19:00Z,final,107,2561,Holy Cross,Siena,59,72,,,,0,,,,,,,,,,2,,0,Worcester,MA,1,147,,,,-5.0,"23,36","38,34"
ncaab:401365283,ncaab,2021-12-11T19:00Z,final,2514,311,Quinnipiac,Maine,73,47,,,,0,,,,,,,,,,2,,0,Hamden,CT,1,31,,,,-5.0,"29,44","27,20"
ncaab:401365625,ncaab,2021-12-11T19:00Z,final,155,331,North Dakota,E Washington,60,76,,,,0,,,,,,,,,,2,,0,Grand Forks,ND,1,253,,,,-6.0,"26,34","35,41"
ncaab:401369199,ncaab,2021-12-11T19:00Z,final,2454,2046,North Florida,Austin Peay,91,84,,,,0,,,,,,,,,,2,,0,Jacksonville,FL,1,5,,,,-5.0,"45,46","40,44"
ncaab:401369930,ncaab,2021-12-11T19:00Z,final,228,2181,Clemson,Drake,90,80,,,,1,,,,,,,,,,2,,0,Atlanta,GA,1,320,,,,-5.0,"39,35,16","32,42,6"
ncaab:401370951,ncaab,2021-12-11T19:00Z,final,2066,355,Binghamton,SUNY Oneonta,79,55,,,,0,,,,,,,,,,2,,0,Binghamton,NY,1,264,,,,-5.0,"41,38","24,31"
ncaab:401371111,ncaab,2021-12-11T19:00Z,final,2325,219,La Salle,Penn,76,74,,,,0,,,,,,,,,,2,,0,Philadelphia,PA,1,12,,,,-5.0,"40,36","35,39"
ncaab:401371765,ncaab,2021-12-11T19:00Z,final,36,344,Colorado St,Mississippi St,66,63,,,,1,,,,,,,,,,2,,0,Fort Worth,TX,1,199,,,,-6.0,"27,39","29,34"
ncaab:401371937,ncaab,2021-12-11T19:00Z,final,202,79,Tulsa,S Illinois,69,65,,,,0,,,,,,,,,,2,,0,Tulsa,OK,1,220,,,,-6.0,"41,28","33,32"
ncaab:401371945,ncaab,2021-12-11T19:00Z,final,2116,2448,UCF,NC A&T,83,68,,,,0,,,,,,,,,,2,,0,Orlando,FL,1,30,,,,-5.0,"46,37","34,34"
ncaab:401372011,ncaab,2021-12-11T19:00Z,final,2507,2115,Providence,C Connecticut,68,53,,,,0,,,,,,,,,,2,,0,Providence,RI,1,2,,,,-5.0,"44,24","25,28"
ncaab:401373014,ncaab,2021-12-11T19:00Z,final,2717,2427,W Carolina,UNC Asheville,72,73,,,,0,,,,,,,,,,2,,0,Cullowhee,NC,1,645,,,,-5.0,"33,39","37,36"
ncaab:401373381,ncaab,2021-12-11T19:00Z,final,322,163,Lafayette,Princeton,73,84,,,,0,,,,,,,,,,2,,0,Easton,PA,1,97,,,,-5.0,"28,45","41,43"
ncaab:401373468,ncaab,2021-12-11T19:00Z,final,2635,2653,Tennessee Tech,Troy,72,75,,,,0,,,,,,,,,,2,,0,Cookeville,TN,1,334,,,,-6.0,"39,33","37,38"
ncaab:401374432,ncaab,2021-12-11T19:00Z,final,2382,290,Mercer,GA Southern,77,68,,,,0,,,,,,,,,,2,,0,Macon,GA,1,112,,,,-5.0,"37,40","30,38"
ncaab:401369197,ncaab,2021-12-11T20:00Z,final,294,350,Jacksonville,UNC Wilmington,77,48,,,,0,,,,,,,,,,2,,0,Jacksonville,FL,1,5,,,,-5.0,"35,42","14,34"
ncaab:401370803,ncaab,2021-12-11T20:00Z,final,2154,119,Coppin St,Towson,75,89,,,,0,,,,,,,,,,2,,0,Baltimore,MD,1,10,,,,-5.0,"31,44","38,51"
ncaab:401371415,ncaab,2021-12-11T20:00Z,final,2130,2287,Chicago St,Illinois St,71,81,,,,0,,,,,,,,,,2,,0,Chicago,IL,1,179,,,,-6.0,"32,39","36,45"
ncaab:401371417,ncaab,2021-12-11T20:00Z,final,250,2320,UT Arlington,Lamar,56,47,,,,0,,,,,,,,,,2,,0,Arlington,TX,1,184,,,,-6.0,"31,25","12,35"
ncaab:401371754,ncaab,2021-12-11T20:00Z,final,265,2571,Washington St,S Dakota St,74,77,,,,1,,,,,,,,,,2,,0,Spokane,WA,1,571,,,,-8.0,"31,43","39,38"
ncaab:401372484,ncaab,2021-12-11T20:00Z,final,2439,42,UNLV,Hartford,95,78,,,,0,,,,,,,,,,2,,0,Las Vegas,NV,1,610,,,,-8.0,"44,51","35,43"
ncaab:401372619,ncaab,2021-12-11T20:00Z,final,253,3249,Southern Utah,St Katherine,100,61,,,,0,,,,,,,,,,2,,0,Cedar City,UT,1,1782,,,,-7.0,"47,53","33,28"
ncaab:401372809,ncaab,2021-12-11T20:00Z,void,2572,100,Southern Miss,Loyola NO,,,,,,0,,,,,,,,,,2,,0,Hattiesburg,MS,1,52,,,,-6.0,,
ncaab:401372975,ncaab,2021-12-11T20:00Z,final,2344,2415,Longwood,Morgan St,94,55,,,,0,,,,,,,,,,2,,0,Farmville,VA,1,90,,,,-5.0,"39,55","22,33"
ncaab:401374437,ncaab,2021-12-11T20:00Z,final,2031,2494,Little Rock,Philander Smth,60,51,,,,0,,,,,,,,,,2,,0,Little Rock,AR,1,102,,,,-6.0,"32,28","30,21"
ncaab:401385921,ncaab,2021-12-11T20:00Z,final,56,195,Stetson,Ohio,45,55,,,,0,,,,,,,,,,2,,0,DeLand,FL,1,12,,,,-5.0,"21,24","29,26"
ncaab:401371875,ncaab,2021-12-11T20:15Z,final,2305,142,Kansas,Missouri,102,65,,,,0,,,,,,,,,,2,,0,Lawrence,KS,1,263,,,,-6.0,"49,53","27,38"
ncaab:401373157,ncaab,2021-12-11T20:30Z,final,2916,2755,Incarnate Word,Grambling,72,62,,,,0,,,,,,,,,,2,,0,San Antonio,TX,1,198,,,,-6.0,"37,35","19,43"
ncaab:401371291,ncaab,2021-12-11T21:00Z,final,23,279,San José St,Pacific,78,66,,,,0,,,,,,,,,,2,,0,San Jose,CA,1,26,,,,-8.0,"35,43","28,38"
ncaab:401371416,ncaab,2021-12-11T21:00Z,final,2534,2636,Sam Houston,UTSA,73,78,,,,1,,,,,,,,,,2,,0,Houston,TX,1,12,,,,-6.0,"24,49","42,36"
ncaab:401371623,ncaab,2021-12-11T21:00Z,final,2466,2937,N'Western St,Dallas Chrstn,89,67,,,,0,,,,,,,,,,2,,0,Natchitoches,LA,1,36,,,,-6.0,"50,39","25,42"
ncaab:401371741,ncaab,2021-12-11T21:00Z,final,2623,198,Missouri St,Oral Roberts,69,60,,,,0,,,,,,,,,,2,,0,Springfield,MO,1,396,,,,-6.0,"27,42","25,35"
ncaab:401371785,ncaab,2021-12-11T21:00Z,final,41,179,UConn,St Bonaventure,74,64,,,,1,,,,,,,,,,2,,0,Newark,NJ,1,9,,,,-5.0,"29,45","28,36"
ncaab:401371962,ncaab,2021-12-11T21:00Z,final,2086,2197,Butler,E Illinois,66,54,,,,0,,,,,,,,,,2,,0,Indianapolis,IN,1,218,,,,-5.0,"32,34","21,33"
ncaab:401372629,ncaab,2021-12-11T21:00Z,final,116,44,Mount St Marys,American,66,72,,,,0,,,,,,,,,,2,,0,Emmitsburg,MD,1,133,,,,-5.0,"31,30,5","31,30,11"
ncaab:401373071,ncaab,2021-12-11T21:00Z,final,2379,117,MD Eastern,St Mary's (MD),79,43,,,,0,,,,,,,,,,2,,0,Princess Anne,MD,1,5,,,,-5.0,"40,39","19,24"
ncaab:401373237,ncaab,2021-12-11T21:00Z,final,2193,2413,ETSU,Morehead St,82,75,,,,0,,,,,,,,,,2,,0,Johnson City,TN,1,498,,,,-5.0,"39,43","41,34"
ncaab:401365059,ncaab,2021-12-11T21:30Z,final,2117,82,C Michigan,UIC,67,71,,,,0,,,,,,,,,,2,,0,Mount Pleasant,MI,1,235,,,,-5.0,"32,35","40,31"
ncaab:401371898,ncaab,2021-12-11T21:30Z,final,2633,2430,Tennessee,UNC Greensboro,76,36,,,,0,,,,,,,,,,2,,0,Knoxville,TN,1,276,,,,-5.0,"33,43","15,21"
ncaab:401371970,ncaab,2021-12-11T21:30Z,final,113,249,UMass,North Texas,57,66,,,,1,,,,,,,,,,2,,0,Fort Worth,TX,1,199,,,,-6.0,"27,30","39,27"
ncaab:401372574,ncaab,2021-12-11T21:30Z,final,233,2464,South Dakota,N Arizona,76,71,,,,0,,,,,,,,,,2,,0,Vermillion,SD,1,374,,,,-6.0,"24,36,16","22,38,11"
ncaab:401372635,ncaab,2021-12-11T21:30Z,final,2692,554,Weber St,ME Fort Kent,82,36,,,,0,,,,,,,,,,2,,0,Ogden,UT,1,1311,,,,-7.0,"36,46","8,28"
ncaab:401365280,ncaab,2021-12-11T22:00Z,final,254,2363,Utah,Manhattan,96,62,,,,0,,,,,,,,,,2,,0,Salt Lake City,UT,1,1299,,,,-7.0,"47,49","30,32"
ncaab:401365750,ncaab,2021-12-11T22:00Z,final,139,103,Saint Louis,Boston College,79,68,,,,0,,,,,,,,,,2,,0,St. Louis,MO,1,142,,,,-6.0,"36,43","19,49"
ncaab:401372112,ncaab,2021-12-11T22:00Z,final,356,12,Illinois,Arizona,79,83,,,,0,,,,,,,,,,2,,0,Champaign,IL,1,225,,,,-6.0,"42,37","38,45"
ncaab:401373816,ncaab,2021-12-11T22:00Z,final,2400,2032,Miss Valley St,Arkansas St,77,82,,,,0,,,,,,,,,,2,,0,Itta Bena,MS,1,40,,,,-6.0,"34,43","33,49"
ncaab:401369965,ncaab,2021-12-11T22:15Z,final,87,96,Notre Dame,Kentucky,66,62,,,,0,,,,,,,,,,2,,0,South Bend,IN,1,211,,,,-5.0,"28,38","30,32"
ncaab:401365060,ncaab,2021-12-11T23:00Z,final,257,2649,Richmond,Toledo,72,69,,,,0,,,,,,,,,,2,,0,Richmond,VA,1,64,,,,-5.0,"24,48","41,28"
ncaab:401369896,ncaab,2021-12-11T23:00Z,final,59,99,Georgia Tech,LSU,53,69,,,,0,,,,,,,,,,2,,0,Atlanta,GA,1,320,,,,-5.0,"34,19","30,39"
ncaab:401371205,ncaab,2021-12-11T23:00Z,final,2608,2540,Saint Mary's,Santa Barbara,80,59,,,,0,,,,,,,,,,2,,0,Moraga,CA,1,152,,,,-8.0,"38,42","22,37"
ncaab:401371290,ncaab,2021-12-11T23:00Z,final,2492,2011,Pepperdine,Alabama St,79,62,,,,0,,,,,,,,,,2,,0,Malibu,CA,1,32,,,,-8.0,"36,43","34,28"
ncaab:401364352,ncaab,2021-12-11T23:30Z,final,130,135,Michigan,Minnesota,65,75,,,,0,,,,,,,,,,2,,0,Ann Arbor,MI,1,269,,,,-5.0,"36,29","32,43"
ncaab:401370991,ncaab,2021-12-11T23:30Z,final,2619,2803,Stony Brook,Bryant,86,78,,,,0,,,,,,,,,,2,,0,Stony Brook,NY,1,27,,,,-5.0,"44,42","35,43"
ncaab:401371902,ncaab,2021-12-11T23:30Z,final,245,2628,Texas A&M,TCU,64,68,,,,1,,,,,,,,,,2,,0,Houston,TX,1,12,,,,-6.0,"23,41","33,35"
ncaab:401373379,ncaab,2021-12-11T23:30Z,final,159,104,Dartmouth,Boston U,62,65,,,,0,,,,,,,,,,2,,0,Hanover,NH,1,162,,,,-5.0,"31,31","33,32"
ncaab:401377975,ncaab,2021-12-11T23:30Z,final,2582,2545,Southern,SE Louisiana,72,66,,,,0,,,,,,,,,,2,,0,Baton Rouge,LA,1,14,,,,-6.0,"31,41","36,30"
ncaab:401369200,ncaab,2021-12-12T00:00Z,final,2523,526,Robert Morris,FGCU,74,85,,,,0,,,,,,,,,,2,,0,Moon Township,PA,1,358,,,,-5.0,"35,39","44,41"
ncaab:401369201,ncaab,2021-12-12T00:00Z,final,2617,2335,SF Austin,Liberty,63,51,,,,1,,,,,,,,,,2,,0,Fort Worth,TX,1,199,,,,-6.0,"29,34","26,25"
ncaab:401370060,ncaab,2021-12-12T00:00Z,final,154,2908,Wake Forest,SC Upstate,79,53,,,,0,,,,,,,,,,2,,0,Winston-Salem,NC,1,293,,,,-5.0,"29,50","18,35"
ncaab:401370158,ncaab,2021-12-12T00:00Z,final,3117,2737,Carver,Winthrop,52,83,,,,1,,,,,,,,,,2,,0,Rock Hill,SC,1,207,,,,-5.0,"31,21","44,39"
ncaab:401370941,ncaab,2021-12-12T00:00Z,final,399,171,UAlbany,Columbia,60,59,,,,0,,,,,,,,,,2,,0,Albany,NY,1,45,,,,-5.0,"40,20","35,24"
ncaab:401371289,ncaab,2021-12-12T00:00Z,final,2351,166,LMU,New Mexico St,58,63,,,,0,,,,,,,,,,2,,0,Los Angeles,CA,1,89,,,,-8.0,"23,35","25,38"
ncaab:401371414,ncaab,2021-12-12T00:00Z,final,2000,2182,Abilene Chrstn,Drexel,73,56,,,,0,,,,,,,,,,2,,0,Abilene,TX,1,524,,,,-6.0,"35,38","22,34"
ncaab:401371955,ncaab,2021-12-12T00:00Z,final,2724,2450,Wichita St,Norfolk St,71,58,,,,0,,,,,,,,,,2,,0,Wichita,KS,1,396,,,,-6.0,"29,42","23,35"
ncaab:401372212,ncaab,2021-12-12T00:00Z,final,256,2515,James Madison,Radford,79,70,,,,0,,,,,,,,,,2,,0,Harrisonburg,VA,1,404,,,,-5.0,"29,50","41,29"
ncaab:401372392,ncaab,2021-12-12T00:00Z,final,278,300,Fresno St,UC Irvine,63,55,,,,0,,,,,,,,,,2,,0,Fresno,CA,1,94,,,,-8.0,"26,37","21,34"
ncaab:401372730,ncaab,2021-12-12T00:00Z,final,2198,276,E Kentucky,Marshall,69,80,,,,0,,,,,,,,,,2,,0,Richmond,KY,1,289,,,,-5.0,"35,34","38,42"
ncaab:401373792,ncaab,2021-12-12T00:00Z,final,2535,2010,Samford,Alabama A&M,52,50,,,,0,,,,,,,,,,2,,0,Homewood,AL,1,203,,,,-6.0,"25,27","29,21"
ncaab:401365626,ncaab,2021-12-12T01:00Z,final,2437,357,Omaha,Texas A&M-CC,73,87,,,,0,,,,,,,,,,2,,0,Omaha,NE,1,323,,,,-6.0,"36,37","35,52"
ncaab:401369948,ncaab,2021-12-12T01:00Z,final,153,2210,North Carolina,Elon,80,63,,,,0,,,,,,,,,,2,,0,Chapel Hill,NC,1,148,,,,-5.0,"37,43","29,34"
ncaab:401371419,ncaab,2021-12-12T01:00Z,final,2253,111254,Grand Canyon,Ottawa (AZ),81,53,,,,0,,,,,,,,,,2,,0,Phoenix,AZ,1,331,,,,-7.0,"46,35","22,31"
ncaab:401371622,ncaab,2021-12-12T01:00Z,final,2277,242,Hou Christian,Rice,73,88,,,,0,,,,,,,,,,2,,0,Houston,TX,1,12,,,,-6.0,"32,41","51,37"
ncaab:401371762,ncaab,2021-12-12T01:00Z,final,2900,147,St Thomas,Montana St,65,72,,,,0,,,,,,,,,,2,,0,Saint Paul,MN,1,242,,,,-6.0,"36,29","39,33"
ncaab:401371974,ncaab,2021-12-12T01:00Z,final,295,2670,Old Dominion,VCU,66,75,,,,0,,,,,,,,,,2,,0,Norfolk,VA,1,2,,,,-5.0,"37,29","31,44"
ncaab:401371798,ncaab,2021-12-12T01:30Z,final,2752,2132,Xavier,Cincinnati,83,63,,,,0,,,,,,,,,,2,,0,Cincinnati,OH,1,191,,,,-5.0,"42,41","27,36"
ncaab:401371881,ncaab,2021-12-12T01:30Z,final,145,98,Ole Miss,Western KY,48,71,,,,1,,,,,,,,,,2,,0,Atlanta,GA,1,320,,,,-5.0,"19,29","34,37"
ncaab:401365624,ncaab,2021-12-12T02:00Z,final,3101,2172,Utah Tech,Denver,82,62,,,,0,,,,,,,,,,2,,0,St. George,UT,1,823,,,,-7.0,"48,34","28,34"
ncaab:401371139,ncaab,2021-12-12T02:00Z,final,25,2541,California,Santa Clara,72,60,,,,0,,,,,,,,,,2,,0,Berkeley,CA,1,52,,,,-8.0,"38,34","34,26"
ncaab:401371624,ncaab,2021-12-12T02:00Z,final,328,2443,Utah State,LSU N Orleans,82,50,,,,0,,,,,,,,,,2,,0,Logan,UT,1,1382,,,,-7.0,"48,34","17,33"
ncaab:401372752,ncaab,2021-12-12T02:00Z,final,2630,2393,UT Martin,MTSU,75,84,,,,0,,,,,,,,,,2,,0,Martin,TN,1,124,,,,-6.0,"39,36","43,41"
ncaab:401378825,ncaab,2021-12-12T02:00Z,final,2239,109670,Fullerton,Life Pacific,87,59,,,,0,,,,,,,,,,2,,0,Fullerton,CA,1,50,,,,-8.0,"48,39","20,39"
ncaab:401372005,ncaab,2021-12-12T02:30Z,final,269,26,Marquette,UCLA,56,67,,,,0,,,,,,,,,,2,,0,Milwaukee,WI,1,188,,,,-6.0,"21,35","35,32"
ncaab:401371418,ncaab,2021-12-12T03:00Z,final,2751,3084,Wyoming,Utah Valley,74,62,,,,0,,,,,,,,,,2,,0,Laramie,WY,1,2184,,,,-7.0,"39,35","27,35"
ncaab:401371815,ncaab,2021-12-12T03:00Z,final,333,248,Alabama,Houston,83,82,,,,0,,,,,,,,,,2,,0,Tuscaloosa,AL,1,68,,,,-6.0,"44,39","41,41"
ncaab:401372439,ncaab,2021-12-12T03:00Z,final,2934,70,Bakersfield,Idaho,59,58,,,,0,,,,,,,,,,2,,0,Bakersfield,CA,1,123,,,,-8.0,"32,27","26,32"
ncaab:401373368,ncaab,2021-12-12T03:00Z,final,2502,13,Portland St,Cal Poly,58,61,,,,0,,,,,,,,,,2,,0,Portland,OR,1,12,,,,-8.0,"21,37","27,34"
ncaab:401386052,ncaab,2021-12-12T03:00Z,final,301,2094,San Diego,Cal Lutheran,84,55,,,,0,,,,,,,,,,2,,0,San Diego,CA,1,20,,,,-8.0,"32,52","23,32"
ncaab:401370080,ncaab,2021-12-12T16:30Z,final,2230,2390,Fordham,Miami,66,72,,,,1,,,,,,,,,,2,,0,Brooklyn,NY,1,15,,,,-5.0,"37,29","35,37"
ncaab:401369877,ncaab,2021-12-12T17:00Z,final,2579,52,South Carolina,Florida St,66,65,,,,1,,,,,,,,,,2,,0,Rock Hill,SC,1,207,,,,-5.0,"30,36","36,29"
ncaab:401372017,ncaab,2021-12-12T17:00Z,final,2599,2142,St John's,Colgate,82,64,,,,0,,,,,,,,,,2,,0,Queens,NY,1,12,,,,-5.0,"46,36","35,29"
ncaab:401372118,ncaab,2021-12-12T17:00Z,final,84,2771,Indiana,Merrimack,81,49,,,,0,,,,,,,,,,2,,0,Bloomington,IN,1,235,,,,-5.0,"36,45","30,19"
ncaab:401365063,ncaab,2021-12-12T18:00Z,final,2050,3192,Ball State,IU Kokomo,85,58,,,,0,,,,,,,,,,2,,0,Muncie,IN,1,284,,,,-5.0,"53,32","30,28"
ncaab:401365286,ncaab,2021-12-12T18:00Z,final,2612,428,Saint Peter's,Alliance U,87,48,,,,0,,,,,,,,,,2,,0,Jersey City,NJ,1,9,,,,-5.0,"41,46","26,22"
ncaab:401365287,ncaab,2021-12-12T18:00Z,final,315,2085,Niagara,Buffalo St,112,52,,,,0,,,,,,,,,,2,,0,Niagara Falls,NY,1,187,,,,-5.0,"60,52","32,20"
ncaab:401365288,ncaab,2021-12-12T18:00Z,final,2729,2217,William & Mary,Fairfield,47,70,,,,0,,,,,,,,,,2,,0,Williamsburg,VA,1,25,,,,-5.0,"20,27","35,35"
ncaab:401371000,ncaab,2021-12-12T18:00Z,final,111,2166,Northeastern,Davidson,69,79,,,,0,,,,,,,,,,2,,0,Boston,MA,1,14,,,,-5.0,"27,42","38,41"
ncaab:401371988,ncaab,2021-12-12T18:00Z,final,66,2296,Iowa State,Jackson St,47,37,,,,0,,,,,,,,,,2,,0,Ames,IA,1,287,,,,-6.0,"28,19","20,17"
ncaab:401365062,ncaab,2021-12-12T19:00Z,final,2006,50,Akron,Florida A&M,73,66,,,,0,,,,,,,,,,2,,0,Akron,OH,1,291,,,,-5.0,"30,43","25,41"
ncaab:401365289,ncaab,2021-12-12T19:00Z,final,2368,2426,Marist,Navy,61,67,,,,0,,,,,,,,,,2,,0,Poughkeepsie,NY,1,62,,,,-5.0,"22,39","41,26"
ncaab:401365751,ncaab,2021-12-12T19:00Z,final,2168,259,Dayton,Virginia Tech,62,57,,,,0,,,,,,,,,,2,,0,Dayton,OH,1,225,,,,-5.0,"29,33","22,35"
ncaab:401370100,ncaab,2021-12-12T19:00Z,final,152,2509,NC State,Purdue,72,82,,,,1,,,,,,,,,,2,,0,Brooklyn,NY,1,15,,,,-5.0,"31,35,6","27,39,16"
ncaab:401372188,ncaab,2021-12-12T19:00Z,final,232,2506,Charleston,Presbyterian,78,76,,,,0,,,,,,,,,,2,,0,Charleston,SC,1,6,,,,-5.0,"42,30,6","37,35,4"
ncaab:401372557,ncaab,2021-12-12T19:00Z,final,236,2632,Chattanooga,TN Wesleyan,104,55,,,,0,,,,,,,,,,2,,0,Chattanooga,TN,1,206,,,,-5.0,"53,51","25,30"
ncaab:401373033,ncaab,2021-12-12T19:00Z,final,94,484,N Kentucky,Alice Lloyd,91,55,,,,0,,,,,,,,,,2,,0,Highland Heights,KY,1,260,,,,-5.0,"45,46","27,28"
ncaab:401373386,ncaab,2021-12-12T19:00Z,final,2352,2261,Loyola MD,Hampton,67,54,,,,0,,,,,,,,,,2,,0,Baltimore,MD,1,10,,,,-5.0,"26,41","22,32"
ncaab:401373855,ncaab,2021-12-12T19:00Z,final,324,2747,Coastal,Wofford,60,59,,,,0,,,,,,,,,,2,,0,Conway,SC,1,10,,,,-5.0,"29,31","27,32"
ncaab:401392210,ncaab,2021-12-12T19:00Z,final,2275,212,Hofstra,John Jay,102,51,,,,0,,,,,,,,,,2,,0,Hempstead,NY,1,17,,,,-5.0,"49,53","26,25"
ncaab:401372034,ncaab,2021-12-12T20:00Z,final,239,222,Baylor,Villanova,57,36,,,,0,,,,,,,,,,2,,0,Waco,TX,1,143,,,,-6.0,"25,32","15,21"
ncaab:401372407,ncaab,2021-12-12T20:00Z,final,167,2638,New Mexico,UTEP,69,77,,,,0,,,,,,,,,,2,,0,Albuquerque,NM,1,1511,,,,-7.0,"30,39","33,44"
ncaab:401372824,ncaab,2021-12-12T20:00Z,final,5,2398,UAB,Millsaps,103,29,,,,0,,,,,,,,,,2,,0,Birmingham,AL,1,187,,,,-6.0,"46,57","9,20"
ncaab:401373274,ncaab,2021-12-12T20:00Z,final,2565,140,SIUE,Kansas City,60,56,,,,0,,,,,,,,,,2,,0,Edwardsville,IL,1,165,,,,-6.0,"26,34","19,37"
ncaab:401370972,ncaab,2021-12-12T21:00Z,final,77,2885,Northwestern,NJIT,70,52,,,,0,,,,,,,,,,2,,0,Evanston,IL,1,187,,,,-6.0,"35,35","23,29"
ncaab:401372322,ncaab,2021-12-12T21:00Z,final,277,2309,West Virginia,Kent State,63,50,,,,0,,,,,,,,,,2,,0,Morgantown,WV,1,271,,,,-5.0,"25,38","22,28"
ncaab:401370154,ncaab,2021-12-12T21:30Z,final,120,57,Maryland,Florida,70,68,,,,1,,,,,,,,,,2,,0,Brooklyn,NY,1,15,,,,-5.0,"33,37","33,35"
ncaab:401371292,ncaab,2021-12-12T22:00Z,void,2250,264,Gonzaga,Washington,,,,,,0,,,,,,,,,,2,,0,Spokane,WA,1,571,,,,-8.0,,
ncaab:401372255,ncaab,2021-12-12T22:00Z,final,2306,2739,Kansas St,Green Bay,82,64,,,,0,,,,,,,,,,2,,0,Manhattan,KS,1,311,,,,-6.0,"46,36","30,34"
ncaab:401373640,ncaab,2021-12-12T22:00Z,final,30,299,USC,Long Beach St,73,62,,,,0,,,,,,,,,,2,,0,Los Angeles,CA,1,89,,,,-8.0,"38,35","38,24"
ncaab:401373825,ncaab,2021-12-12T22:00Z,final,326,2588,Texas St,Southwestern,101,54,,,,0,,,,,,,,,,2,,0,San Marcos,TX,1,188,,,,-6.0,"59,42","22,32"
ncaab:401381710,ncaab,2021-12-12T22:00Z,final,288,2634,Lipscomb,Tennessee St,65,73,,,,0,,,,,,,,,,2,,0,Nashville,TN,1,170,,,,-6.0,"28,37","39,34"
ncaab:401365284,ncaab,2021-12-13T00:00Z,final,221,2405,Pitt,Monmouth,52,56,,,,0,,,,,,,,,,2,,0,Pittsburgh,PA,1,233,,,,-5.0,"19,33","36,20"
ncaab:401365285,ncaab,2021-12-13T00:00Z,final,314,43,Iona,Yale,91,77,,,,1,,,,,,,,,,2,,0,Brooklyn,NY,1,15,,,,-5.0,"47,44","37,40"
ncaab:401370932,ncaab,2021-12-13T00:00Z,final,24,2483,Stanford,Oregon,72,69,,,,0,,,,,,,,,,2,,0,Stanford,CA,1,23,,,,-8.0,"37,35","30,39"
ncaab:401371420,ncaab,2021-12-13T00:00Z,final,27,2856,UC Riverside,CA Baptist,70,54,,,,0,,,,,,,,,,2,,0,Riverside,CA,1,252,,,,-8.0,"37,33","27,27"
ncaab:401372025,ncaab,2021-12-13T00:30Z,final,2550,164,Seton Hall,Rutgers,77,63,,,,0,,,,,,,,,,2,,0,Newark,NJ,1,9,,,,-5.0,"37,40","27,36"
ncaab:401373641,ncaab,2021-12-13T01:00Z,final,2547,28,Seattle U,UC San Diego,73,51,,,,0,,,,,,,,,,2,,0,Seattle,WA,1,56,,,,-8.0,"37,36","23,28"
ncaab:401365064,ncaab,2021-12-13T18:00Z,final,2130,2459,Chicago St,N Illinois,59,70,,,,0,,,,,,,,,,2,,0,Chicago,IL,1,179,,,,-6.0,"27,32","23,47"
ncaab:401372916,ncaab,2021-12-13T23:00Z,final,163,2378,Princeton,UMBC,89,77,,,,0,,,,,,,,,,2,,0,Princeton,NJ,1,62,,,,-5.0,"43,46","39,38"
ncaab:401373811,ncaab,2021-12-13T23:30Z,final,2026,2215,App State,Erskine,69,44,,,,0,,,,,,,,,,2,,0,Boone,NC,1,981,,,,-5.0,"30,39","17,27"
ncaab:401369202,ncaab,2021-12-14T00:00Z,final,55,548,Jax State,LaGrange,110,80,,,,0,,,,,,,,,,2,,0,Jacksonville,AL,1,216,,,,-6.0,"42,68","40,40"
ncaab:401369203,ncaab,2021-12-14T00:00Z,final,2335,3117,Liberty,Carver,95,36,,,,0,,,,,,,,,,2,,0,Lynchburg,VA,1,192,,,,-5.0,"48,47","21,15"
ncaab:401370981,ncaab,2021-12-14T00:00Z,final,160,6304,New Hampshire,Keene St,92,54,,,,0,,,,,,,,,,2,,0,Durham,NH,1,15,,,,-5.0,"42,50","31,23"
ncaab:401371581,ncaab,2021-12-14T00:00Z,final,45,2515,G Washington,Radford,67,58,,,,0,,,,,,,,,,2,,0,Washington,DC,1,7,,,,-5.0,"27,40","22,36"
ncaab:401372545,ncaab,2021-12-14T00:00Z,final,112358,2383,Long Island,Merch Marine,106,48,,,,0,,,,,,,,,,2,,0,Brooklyn,NY,1,15,,,,-5.0,"61,45","27,21"
ncaab:401378796,ncaab,2021-12-14T00:00Z,final,2447,494,Nicholls,Blue Mountain,87,69,,,,0,,,,,,,,,,2,,0,Thibodaux,LA,1,4,,,,-6.0,"39,48","35,34"
ncaab:401385922,ncaab,2021-12-14T00:00Z,final,56,3097,Stetson,JohnsonFL,104,58,,,,0,,,,,,,,,,2,,0,DeLand,FL,1,12,,,,-5.0,"52,52","22,36"
ncaab:401365627,ncaab,2021-12-14T01:00Z,final,2449,282,N Dakota St,Indiana St,77,70,,,,0,,,,,,,,,,2,,0,Fargo,ND,1,276,,,,-6.0,"34,43","43,27"
ncaab:401369915,ncaab,2021-12-14T01:00Z,final,103,399,Boston College,UAlbany,57,61,,,,0,,,,,,,,,,2,,0,Chestnut Hill,MA,1,60,,,,-5.0,"26,31","35,26"
ncaab:401371061,ncaab,2021-12-14T01:00Z,final,171,2529,Columbia,Sacred Heart,69,79,,,,0,,,,,,,,,,2,,0,New York,NY,1,10,,,,-5.0,"33,36","32,47"
ncaab:401371717,ncaab,2021-12-14T01:00Z,final,270,227,Milwaukee,Rhode Island,58,82,,,,0,,,,,,,,,,2,,0,Milwaukee,WI,1,188,,,,-6.0,"21,37","34,48"
ncaab:401372245,ncaab,2021-12-14T01:00Z,final,197,325,Oklahoma St,Cleveland St,98,93,,,,0,,,,,,,,,,2,,0,Stillwater,OK,1,273,,,,-6.0,"46,38,14","45,39,9"
ncaab:401392308,ncaab,2021-12-14T02:00Z,final,149,112679,Montana,Nelson,118,49,,,,0,,,,,,,,,,2,,0,Missoula,MT,1,978,,,,-7.0,"64,54","24,25"
ncaab:401371206,ncaab,2021-12-14T03:00Z,final,2501,13,Portland,Cal Poly,78,77,,,,0,,,,,,,,,,2,,0,Portland,OR,1,12,,,,-8.0,"37,41","37,40"
ncaab:401370128,ncaab,2021-12-14T23:00Z,final,97,2545,Louisville,SE Louisiana,86,60,,,,0,,,,,,,,,,2,,0,Louisville,KY,1,142,,,,-5.0,"42,44","31,29"
ncaab:401370992,ncaab,2021-12-14T23:30Z,final,2619,2115,Stony Brook,C Connecticut,87,67,,,,0,,,,,,,,,,2,,0,Stony Brook,NY,1,27,,,,-5.0,"47,40","30,37"
ncaab:401365290,ncaab,2021-12-15T00:00Z,final,43,2405,Yale,Monmouth,60,69,,,,0,,,,,,,,,,2,,0,New Haven,CT,1,18,,,,-5.0,"25,35","41,28"
ncaab:401369931,ncaab,2021-12-15T00:00Z,final,228,193,Clemson,Miami OH,89,76,,,,0,,,,,,,,,,2,,0,Clemson,SC,1,221,,,,-5.0,"36,53","35,41"
ncaab:401369949,ncaab,2021-12-15T00:00Z,final,153,231,North Carolina,Furman,74,61,,,,0,,,,,,,,,,2,,0,Chapel Hill,NC,1,148,,,,-5.0,"39,35","39,22"
ncaab:401370061,ncaab,2021-12-15T00:00Z,final,154,2678,Wake Forest,VMI,77,70,,,,0,,,,,,,,,,2,,0,Winston-Salem,NC,1,293,,,,-5.0,"29,48","42,28"
ncaab:401371625,ncaab,2021-12-15T00:00Z,final,99,2466,LSU,N'Western St,89,49,,,,0,,,,,,,,,,2,,0,Baton Rouge,LA,1,14,,,,-6.0,"41,48","15,34"
ncaab:401371799,ncaab,2021-12-15T00:00Z,final,2132,50,Cincinnati,Florida A&M,77,50,,,,0,,,,,,,,,,2,,0,Cincinnati,OH,1,191,,,,-5.0,"34,43","22,28"
ncaab:401371889,ncaab,2021-12-15T00:00Z,final,2579,2019,South Carolina,Allen,110,51,,,,0,,,,,,,,,,2,,0,Columbia,SC,1,89,,,,-5.0,"51,59","22,29"
ncaab:401371899,ncaab,2021-12-15T00:00Z,final,2633,2908,Tennessee,SC Upstate,96,52,,,,0,,,,,,,,,,2,,0,Knoxville,TN,1,276,,,,-5.0,"51,45","24,28"
ncaab:401371930,ncaab,2021-12-15T00:00Z,final,58,2046,South Florida,Austin Peay,60,51,,,,0,,,,,,,,,,2,,0,Tampa,FL,1,1,,,,-5.0,"22,38","16,35"
ncaab:401372223,ncaab,2021-12-15T00:00Z,final,119,2430,Towson,UNC Greensboro,74,64,,,,0,,,,,,,,,,2,,0,Towson,MD,1,141,,,,-5.0,"39,35","27,37"
ncaab:401372644,ncaab,2021-12-15T00:00Z,final,42,2598,Hartford,Saint Francis,66,81,,,,0,,,,,,,,,,2,,0,West Hartford,CT,1,40,,,,-5.0,"23,43","46,35"
ncaab:401372976,ncaab,2021-12-15T00:00Z,final,2344,108942,Longwood,Carolina U,98,56,,,,0,,,,,,,,,,2,,0,Farmville,VA,1,90,,,,-5.0,"47,51","27,29"
ncaab:401372984,ncaab,2021-12-15T00:00Z,final,2193,2448,ETSU,NC A&T,67,69,,,,0,,,,,,,,,,2,,0,Johnson City,TN,1,498,,,,-5.0,"37,30","31,38"
ncaab:401373786,ncaab,2021-12-15T00:00Z,final,2597,2380,St Francis BK,Medgar Evers,113,51,,,,0,,,,,,,,,,2,,0,Brooklyn,NY,1,15,,,,-5.0,"59,54","23,28"
ncaab:401373830,ncaab,2021-12-15T00:00Z,final,2653,2010,Troy,Alabama A&M,66,57,,,,0,,,,,,,,,,2,,0,Troy,AL,1,165,,,,-6.0,"28,38","28,29"
ncaab:401372825,ncaab,2021-12-15T00:30Z,final,5,2755,UAB,Grambling,79,61,,,,0,,,,,,,,,,2,,0,Birmingham,AL,1,187,,,,-6.0,"49,30","25,36"
ncaab:401373835,ncaab,2021-12-15T00:30Z,final,2617,2433,SF Austin,UL Monroe,69,82,,,,0,,,,,,,,,,2,,0,Nacogdoches,TX,1,92,,,,-6.0,"28,41","39,43"
ncaab:401392010,ncaab,2021-12-15T00:30Z,final,2348,2353,Louisiana Tech,LSU Shreveport,84,70,,,,0,,,,,,,,,,2,,0,Ruston,LA,1,102,,,,-6.0,"37,47","27,43"
ncaab:401365628,ncaab,2021-12-15T01:00Z,final,155,121894,North Dakota,N Central,110,65,,,,0,,,,,,,,,,2,,0,Grand Forks,ND,1,253,,,,-6.0,"59,51","22,43"
ncaab:401369204,ncaab,2021-12-15T01:00Z,void,2110,2031,C Arkansas,Little Rock,,,,,,0,,,,,,,,,,2,,0,Conway,AR,1,95,,,,-6.0,,
ncaab:401369205,ncaab,2021-12-15T01:00Z,final,2572,294,Southern Miss,Jacksonville,51,62,,,,0,,,,,,,,,,2,,0,Hattiesburg,MS,1,52,,,,-6.0,"19,32","29,33"
ncaab:401369857,ncaab,2021-12-15T01:00Z,final,150,2569,Duke,SC State,103,62,,,,0,,,,,,,,,,2,,0,Durham,NC,1,123,,,,-5.0,"60,43","27,35"
ncaab:401370804,ncaab,2021-12-15T01:00Z,final,2182,2154,Drexel,Coppin St,76,69,,,,0,,,,,,,,,,2,,0,Philadelphia,PA,1,12,,,,-5.0,"41,35","35,34"
ncaab:401371422,ncaab,2021-12-15T01:00Z,final,249,2534,North Texas,Sam Houston,65,55,,,,0,,,,,,,,,,2,,0,Denton,TX,1,201,,,,-6.0,"36,29","26,29"
ncaab:401371626,ncaab,2021-12-15T01:00Z,final,135,357,Minnesota,Texas A&M-CC,79,71,,,,0,,,,,,,,,,2,,0,Minneapolis,MN,1,253,,,,-6.0,"46,33","27,44"
ncaab:401371763,ncaab,2021-12-15T01:00Z,final,2900,2462,St Thomas,Northland,109,50,,,,0,,,,,,,,,,2,,0,Saint Paul,MN,1,242,,,,-6.0,"71,38","18,32"
ncaab:401371816,ncaab,2021-12-15T01:00Z,final,248,309,Houston,Louisiana,71,56,,,,0,,,,,,,,,,2,,0,Houston,TX,1,12,,,,-6.0,"41,30","23,33"
ncaab:401371869,ncaab,2021-12-15T01:00Z,final,344,2247,Mississippi St,Georgia St,79,50,,,,0,,,,,,,,,,2,,0,Starkville,MS,1,101,,,,-6.0,"43,36","22,28"
ncaab:401371903,ncaab,2021-12-15T01:00Z,void,245,2655,Texas A&M,Tulane,,,,,,0,,,,,,,,,,2,,0,College Station,TX,1,103,,,,-6.0,,
ncaab:401371956,ncaab,2021-12-15T01:00Z,final,2724,2016,Wichita St,Alcorn St,82,63,,,,0,,,,,,,,,,2,,0,Wichita,KS,1,396,,,,-6.0,"44,38","30,33"
ncaab:401371967,ncaab,2021-12-15T01:00Z,final,156,9,Creighton,Arizona St,57,58,,,,0,,,,,,,,,,2,,0,Omaha,NE,1,323,,,,-6.0,"32,25","26,32"
ncaab:401371992,ncaab,2021-12-15T01:00Z,final,82,305,UIC,DePaul,66,72,,,,0,,,,,,,,,,2,,0,Chicago,IL,1,179,,,,-6.0,"30,36","33,39"
ncaab:401372316,ncaab,2021-12-15T01:00Z,final,2641,2032,Texas Tech,Arkansas St,75,62,,,,0,,,,,,,,,,2,,0,Lubbock,TX,1,976,,,,-6.0,"45,30","28,34"
ncaab:401372338,ncaab,2021-12-15T01:00Z,final,2460,2296,Northern Iowa,Jackson St,66,56,,,,0,,,,,,,,,,2,,0,Cedar Falls,IA,1,268,,,,-6.0,"25,41","32,24"
ncaab:401373015,ncaab,2021-12-15T01:00Z,final,2630,2427,UT Martin,UNC Asheville,79,68,,,,0,,,,,,,,,,2,,0,Martin,TN,1,124,,,,-6.0,"45,34","34,34"
ncaab:401373770,ncaab,2021-12-15T01:00Z,final,98,2121,Western KY,Centre,90,52,,,,0,,,,,,,,,,2,,0,Bowling Green,KY,1,161,,,,-6.0,"48,42","18,34"
ncaab:401378845,ncaab,2021-12-15T01:00Z,final,6,2627,South Alabama,Tarleton St,69,62,,,,0,,,,,,,,,,2,,0,Mobile,AL,1,3,,,,-6.0,"28,41","32,30"
ncaab:401390790,ncaab,2021-12-15T01:00Z,final,2287,2825,Illinois St,Quincy,81,63,,,,0,,,,,,,,,,2,,0,Normal,IL,1,244,,,,-6.0,"46,35","22,41"
ncaab:401371423,ncaab,2021-12-15T01:30Z,final,292,2640,UT Rio Grande,Texas Southern,60,70,,,,0,,,,,,,,,,2,,0,Edinburg,TX,1,30,,,,-6.0,"21,39","32,38"
ncaab:401371140,ncaab,2021-12-15T02:00Z,final,68,2541,Boise St,Santa Clara,72,60,,,,0,,,,,,,,,,2,,0,Boise,ID,1,823,,,,-7.0,"27,45","30,30"
ncaab:401371822,ncaab,2021-12-15T02:00Z,final,235,333,Memphis,Alabama,92,78,,,,0,,,,,,,,,,2,,0,Memphis,TN,1,78,,,,-6.0,"37,55","32,46"
ncaab:401371837,ncaab,2021-12-15T02:00Z,final,2,2453,Auburn,North Alabama,70,44,,,,0,,,,,,,,,,2,,0,Auburn,AL,1,215,,,,-6.0,"32,38","27,17"
ncaab:401372311,ncaab,2021-12-15T02:00Z,final,251,2029,Texas,AR-Pine Bluff,63,31,,,,0,,,,,,,,,,2,,0,Austin,TX,1,149,,,,-6.0,"34,29","16,15"
ncaab:401371293,ncaab,2021-12-15T03:00Z,final,279,2540,Pacific,Santa Barbara,80,71,,,,0,,,,,,,,,,2,,0,Stockton,CA,1,4,,,,-8.0,"33,29,18","29,33,9"
ncaab:401373642,ncaab,2021-12-15T03:00Z,final,204,302,Oregon St,UC Davis,64,71,,,,0,,,,,,,,,,2,,0,Corvallis,OR,1,71,,,,-8.0,"30,34","28,43"
ncaab:401392307,ncaab,2021-12-15T03:00Z,final,2608,2616,Saint Mary's,Stanislaus St,76,39,,,,0,,,,,,,,,,2,,0,Moraga,CA,1,152,,,,-8.0,"27,49","28,11"
ncaab:401372558,ncaab,2021-12-15T23:00Z,final,2057,236,Belmont,Chattanooga,76,68,,,,0,,,,,,,,,,2,,0,Nashville,TN,1,170,,,,-6.0,"39,37","23,45"
ncaab:401372000,ncaab,2021-12-15T23:30Z,final,46,47,Georgetown,Howard,85,73,,,,0,,,,,,,,,,2,,0,Washington,DC,1,7,,,,-5.0,"46,39","39,34"
ncaab:401365065,ncaab,2021-12-16T00:00Z,final,2750,2006,Wright St,Akron,48,66,,,,0,,,,,,,,,,2,,0,Dayton,OH,1,225,,,,-5.0,"23,25","35,31"
ncaab:401365291,ncaab,2021-12-16T00:00Z,final,161,2217,FDU,Fairfield,54,72,,,,0,,,,,,,,,,2,,0,Hackensack,NJ,1,6,,,,-5.0,"27,27","44,28"
ncaab:401369206,ncaab,2021-12-16T00:00Z,final,55,2229,Jax State,FIU,66,59,,,,0,,,,,,,,,,2,,0,Jacksonville,AL,1,216,,,,-6.0,"30,36","29,30"
ncaab:401371755,ncaab,2021-12-16T00:00Z,final,2623,2571,Missouri St,S Dakota St,75,63,,,,0,,,,,,,,,,2,,0,Springfield,MO,1,396,,,,-6.0,"40,35","33,30"
ncaab:401371975,ncaab,2021-12-16T00:00Z,final,2670,2226,VCU,FAU,66,46,,,,0,,,,,,,,,,2,,0,Richmond,VA,1,64,,,,-5.0,"26,40","20,26"
ncaab:401372205,ncaab,2021-12-16T00:00Z,final,2210,2737,Elon,Winthrop,63,61,,,,0,,,,,,,,,,2,,0,Elon,NC,1,215,,,,-5.0,"25,38","30,31"
ncaab:401372233,ncaab,2021-12-16T00:00Z,final,350,2418,UNC Wilmington,Mount Olive,85,55,,,,0,,,,,,,,,,2,,0,Wilmington,NC,1,9,,,,-5.0,"45,40","32,23"
ncaab:401372678,ncaab,2021-12-16T00:00Z,final,2097,290,Campbell,GA Southern,66,69,,,,0,,,,,,,,,,2,,0,Buies Creek,NC,1,63,,,,-5.0,"30,36","33,36"
ncaab:401372731,ncaab,2021-12-16T00:00Z,final,195,276,Ohio,Marshall,75,65,,,,0,,,,,,,,,,2,,0,Athens,OH,1,219,,,,-5.0,"39,36","28,37"
ncaab:401372964,ncaab,2021-12-16T00:00Z,final,2428,2241,NC Central,Gardner-Webb,72,71,,,,0,,,,,,,,,,2,,0,Durham,NC,1,123,,,,-5.0,"28,44","30,41"
ncaab:401377690,ncaab,2021-12-16T00:00Z,final,218,2116,Temple,UCF,48,65,,,,0,,,,,,,,,,2,,0,Philadelphia,PA,1,12,,,,-5.0,"19,29","18,47"
ncaab:401381776,ncaab,2021-12-16T00:00Z,final,324,291,Coastal,Methodist,102,42,,,,0,,,,,,,,,,2,,0,Conway,SC,1,10,,,,-5.0,"48,54","21,21"
ncaab:401385873,ncaab,2021-12-16T00:00Z,final,2506,3117,Presbyterian,Carver,98,33,,,,0,,,,,,,,,,2,,0,Clinton,SC,1,76,,,,-5.0,"44,54","15,18"
ncaab:401385912,ncaab,2021-12-16T00:00Z,final,2198,111166,E Kentucky,Midway,121,67,,,,0,,,,,,,,,,2,,0,Richmond,KY,1,289,,,,-5.0,"55,66","38,29"
ncaab:401381765,ncaab,2021-12-16T00:05Z,final,2065,3097,Bethune,JohnsonFL,88,41,,,,0,,,,,,,,,,2,,0,Daytona Beach,FL,1,4,,,,-5.0,"37,51","25,16"
ncaab:401371882,ncaab,2021-12-16T00:30Z,final,145,2393,Ole Miss,MTSU,62,52,,,,0,,,,,,,,,,2,,0,Oxford,MS,1,154,,,,-6.0,"27,35","24,28"
ncaab:401369207,ncaab,2021-12-16T01:00Z,final,233,91,South Dakota,Bellarmine,78,64,,,,0,,,,,,,,,,2,,0,Vermillion,SD,1,374,,,,-6.0,"35,43","38,26"
ncaab:401371424,ncaab,2021-12-16T01:00Z,final,326,2320,Texas St,Lamar,67,47,,,,0,,,,,,,,,,2,,0,San Marcos,TX,1,188,,,,-6.0,"31,36","18,29"
ncaab:401372174,ncaab,2021-12-16T01:00Z,final,275,2447,Wisconsin,Nicholls,71,68,,,,0,,,,,,,,,,2,,0,Madison,WI,1,267,,,,-6.0,"28,43","37,31"
ncaab:401373300,ncaab,2021-12-16T01:00Z,final,79,2546,S Illinois,SE Missouri,80,55,,,,0,,,,,,,,,,2,,0,Carbondale,IL,1,126,,,,-6.0,"29,51","23,32"
ncaab:401376552,ncaab,2021-12-16T01:00Z,final,93,2632,Murray St,TN Wesleyan,118,48,,,,0,,,,,,,,,,2,,0,Murray,KY,1,163,,,,-6.0,"53,65","25,23"
ncaab:401372041,ncaab,2021-12-16T01:30Z,final,2752,2413,Xavier,Morehead St,86,63,,,,0,,,,,,,,,,2,,0,Cincinnati,OH,1,191,,,,-5.0,"47,39","19,44"
ncaab:401365630,ncaab,2021-12-16T02:00Z,final,2172,28,Denver,UC San Diego,64,56,,,,0,,,,,,,,,,2,,0,Denver,CO,1,1609,,,,-7.0,"24,40","20,36"
ncaab:401369878,ncaab,2021-12-16T02:00Z,final,52,288,Florida St,Lipscomb,97,60,,,,0,,,,,,,,,,2,,0,Tallahassee,FL,1,62,,,,-5.0,"44,53","28,32"
ncaab:401371207,ncaab,2021-12-16T02:00Z,final,2483,2501,Oregon,Portland,96,71,,,,0,,,,,,,,,,2,,0,Eugene,OR,1,131,,,,-8.0,"46,50","32,39"
ncaab:401371426,ncaab,2021-12-16T02:00Z,final,3101,112679,Utah Tech,Nelson,114,49,,,,0,,,,,,,,,,2,,0,St. George,UT,1,823,,,,-7.0,"47,67","23,26"
ncaab:401372415,ncaab,2021-12-16T02:00Z,final,331,109661,E Washington,Multnomah,95,56,,,,0,,,,,,,,,,2,,0,Cheney,WA,1,717,,,,-8.0,"50,45","33,23"
ncaab:401372590,ncaab,2021-12-16T02:00Z,final,12,2458,Arizona,N Colorado,101,76,,,,0,,,,,,,,,,2,,0,Tucson,AZ,1,759,,,,-7.0,"52,49","42,34"
ncaab:401372636,ncaab,2021-12-16T02:00Z,final,2692,328,Weber St,Utah State,80,95,,,,0,,,,,,,,,,2,,0,Ogden,UT,1,1311,,,,-7.0,"44,36","59,36"
ncaab:401373643,ncaab,2021-12-16T02:00Z,final,30,300,USC,UC Irvine,66,61,,,,0,,,,,,,,,,2,,0,Los Angeles,CA,1,89,,,,-8.0,"28,38","36,25"
ncaab:401385874,ncaab,2021-12-16T02:00Z,final,2000,2934,Abilene Chrstn,Bakersfield,69,59,,,,0,,,,,,,,,,2,,0,Abilene,TX,1,524,,,,-6.0,"27,42","21,38"
ncaab:401365629,ncaab,2021-12-16T03:00Z,final,2439,2437,UNLV,Omaha,84,71,,,,0,,,,,,,,,,2,,0,Las Vegas,NV,1,610,,,,-8.0,"35,49","38,33"
ncaab:401371425,ncaab,2021-12-16T03:00Z,final,265,166,Washington St,New Mexico St,61,64,,,,0,,,,,,,,,,2,,0,Pullman,WA,1,717,,,,-8.0,"35,26","22,42"
ncaab:401372400,ncaab,2021-12-16T03:00Z,final,2440,134,Nevada,Minn Duluth,98,62,,,,0,,,,,,,,,,2,,0,Reno,NV,1,1373,,,,-8.0,"47,51","35,27"
ncaab:401373879,ncaab,2021-12-16T04:00Z,void,26,2011,UCLA,Alabama St,,,,,,0,,,,,,,,,,2,,0,Los Angeles,CA,1,89,,,,-8.0,,
ncaab:401372792,ncaab,2021-12-16T17:15Z,final,242,2916,Rice,Incarnate Word,85,55,,,,0,,,,,,,,,,2,,0,Houston,TX,1,12,,,,-6.0,"39,46","23,32"
ncaab:401373469,ncaab,2021-12-16T21:00Z,final,2635,2410,Tennessee Tech,Montreat,117,60,,,,0,,,,,,,,,,2,,0,Cookeville,TN,1,334,,,,-6.0,"55,62","38,22"
ncaab:401390490,ncaab,2021-12-16T21:00Z,final,324,111926,Coastal,Regent,110,53,,,,0,,,,,,,,,,2,,0,Conway,SC,1,10,,,,-5.0,"46,64","17,36"
ncaab:401369858,ncaab,2021-12-17T00:00Z,final,150,2026,Duke,App State,92,67,,,,0,,,,,,,,,,2,,0,Durham,NC,1,123,,,,-5.0,"50,42","37,30"
ncaab:401371427,ncaab,2021-12-17T00:00Z,final,85,2130,IU Indy,Chicago St,55,61,,,,0,,,,,,,,,,2,,0,Indianapolis,IN,1,218,,,,-5.0,"17,38","27,34"
ncaab:401372189,ncaab,2021-12-17T00:00Z,final,56,232,Stetson,Charleston,67,59,,,,0,,,,,,,,,,2,,0,DeLand,FL,1,12,,,,-5.0,"31,36","27,32"
ncaab:401372917,ncaab,2021-12-17T00:00Z,final,2378,2430,UMBC,UNC Greensboro,51,62,,,,0,,,,,,,,,,2,,0,Baltimore,MD,1,10,,,,-5.0,"28,23","29,33"
ncaab:401373797,ncaab,2021-12-17T00:00Z,final,2643,2592,The Citadel,St Andrews,102,62,,,,0,,,,,,,,,,2,,0,Charleston,SC,1,6,,,,-5.0,"44,58","32,30"
ncaab:401374289,ncaab,2021-12-17T00:00Z,final,2681,107554,Wagner,Immaculata,104,46,,,,0,,,,,,,,,,2,,0,Staten Island,NY,1,21,,,,-5.0,"45,59","18,28"
ncaab:401383804,ncaab,2021-12-17T00:00Z,final,2569,3117,SC State,Carver,105,46,,,,0,,,,,,,,,,2,,0,Orangeburg,SC,1,74,,,,-5.0,"55,50","33,13"
ncaab:401371742,ncaab,2021-12-17T01:00Z,final,198,250,Oral Roberts,UT Arlington,71,62,,,,0,,,,,,,,,,2,,0,Tulsa,OK,1,220,,,,-6.0,"34,37","23,39"
ncaab:401371938,ncaab,2021-12-17T01:00Z,final,202,2016,Tulsa,Alcorn St,83,62,,,,0,,,,,,,,,,2,,0,Tulsa,OK,1,220,,,,-6.0,"37,46","28,34"
ncaab:401372277,ncaab,2021-12-17T01:00Z,final,2181,2296,Drake,Jackson St,70,65,,,,0,,,,,,,,,,2,,0,Des Moines,IA,1,266,,,,-6.0,"27,33,10","27,33,5"
ncaab:401372706,ncaab,2021-12-17T01:00Z,final,2127,2634,Charleston So,Tennessee St,75,78,,,,0,,,,,,,,,,2,,0,Charleston,SC,1,6,,,,-5.0,"41,34","34,44"
ncaab:401371627,ncaab,2021-12-17T02:00Z,final,2638,2377,UTEP,McNeese,82,72,,,,0,,,,,,,,,,2,,0,El Paso,TX,1,1133,,,,-7.0,"34,48","38,34"
ncaab:401373876,ncaab,2021-12-17T03:00Z,final,24,159,Stanford,Dartmouth,89,78,,,,0,,,,,,,,,,2,,0,Stanford,CA,1,23,,,,-8.0,"33,41,15","44,30,4"
ncaab:401369208,ncaab,2021-12-17T18:30Z,final,151,2335,East Carolina,Liberty,64,74,,,,1,,,,,,,,,,2,,0,Charlotte,NC,1,229,,,,-5.0,"35,29","32,42"
ncaab:401370026,ncaab,2021-12-17T21:00Z,final,259,179,Virginia Tech,St Bonaventure,86,49,,,,1,,,,,,,,,,2,,0,Charlotte,NC,1,229,,,,-5.0,"42,44","20,29"
ncaab:401372610,ncaab,2021-12-17T23:00Z,final,16,2381,Sacramento St,Menlo,67,53,,,,0,,,,,,,,,,2,,0,Sacramento,CA,1,9,,,,-8.0,"36,31","25,28"
ncaab:401370101,ncaab,2021-12-17T23:30Z,final,152,257,NC State,Richmond,74,83,,,,1,,,,,,,,,,2,,0,Charlotte,NC,1,229,,,,-5.0,"35,39","39,44"
ncaab:401365066,ncaab,2021-12-18T00:00Z,final,2711,486,W Michigan,Aquinas,67,56,,,,0,,,,,,,,,,2,,0,Kalamazoo,MI,1,239,,,,-5.0,"34,33","32,24"
ncaab:401371870,ncaab,2021-12-18T00:00Z,final,344,231,Mississippi St,Furman,69,66,,,,0,,,,,,,,,,2,,0,Starkville,MS,1,101,,,,-6.0,"35,34","24,42"
ncaab:401372687,ncaab,2021-12-18T00:00Z,final,2226,53,FAU,Florida Tech,78,55,,,,0,,,,,,,,,,2,,0,Boca Raton,FL,1,4,,,,-5.0,"42,36","35,20"
ncaab:401386793,ncaab,2021-12-18T00:00Z,final,2241,124947,Gardner-Webb,Converse,79,46,,,,0,,,,,,,,,,2,,0,Boiling Springs,NC,1,269,,,,-5.0,"39,40","24,22"
ncaab:401371429,ncaab,2021-12-18T01:00Z,final,3084,3246,Utah Valley,Bethesda,107,65,,,,0,,,,,,,,,,2,,0,Orem,UT,1,1455,,,,-7.0,"47,60","35,30"
ncaab:401371628,ncaab,2021-12-18T01:00Z,void,2443,2176,LSU N Orleans,Dillard,,,,,,0,,,,,,,,,,2,,0,New Orleans,LA,1,0,,,,-6.0,,
ncaab:401372845,ncaab,2021-12-18T01:00Z,final,2636,292,UTSA,UT Rio Grande,50,68,,,,0,,,,,,,,,,2,,0,San Antonio,TX,1,198,,,,-6.0,"26,24","27,41"
ncaab:401373511,ncaab,2021-12-18T01:00Z,final,156,222,Creighton,Villanova,79,59,,,,0,,,,,,,,,,2,,0,Omaha,NE,1,323,,,,-6.0,"39,40","30,29"
ncaab:401378846,ncaab,2021-12-18T01:00Z,final,2627,6,Tarleton St,South Alabama,65,52,,,,0,,,,,,,,,,2,,0,Stephenville,TX,1,388,,,,-6.0,"27,38","25,27"
ncaab:401370062,ncaab,2021-12-18T02:00Z,final,2429,154,Charlotte,Wake Forest,79,82,,,,1,,,,,,,,,,2,,0,Charlotte,NC,1,229,,,,-5.0,"34,45","48,34"
ncaab:401371141,ncaab,2021-12-18T02:00Z,final,2541,50,Santa Clara,Florida A&M,80,66,,,,0,,,,,,,,,,2,,0,Santa Clara,CA,1,23,,,,-8.0,"34,46","40,26"
ncaab:401371208,ncaab,2021-12-18T02:00Z,final,2501,23,Portland,San José St,78,90,,,,0,,,,,,,,,,2,,0,Portland,OR,1,12,,,,-8.0,"35,43","42,48"
ncaab:401365631,ncaab,2021-12-18T03:00Z,final,279,2449,Pacific,N Dakota St,61,73,,,,0,,,,,,,,,,2,,0,Stockton,CA,1,4,,,,-8.0,"24,37","34,39"
ncaab:401371209,ncaab,2021-12-18T03:00Z,final,2608,21,Saint Mary's,San Diego St,53,63,,,,1,,,,,,,,,,2,,0,Phoenix,AZ,1,331,,,,-7.0,"25,28","26,37"
ncaab:401372393,ncaab,2021-12-18T03:00Z,final,278,13,Fresno St,Cal Poly,83,48,,,,0,,,,,,,,,,2,,0,Fresno,CA,1,94,,,,-8.0,"50,33","29,19"
ncaab:401378827,ncaab,2021-12-18T03:00Z,final,2239,29,Fullerton,Redlands,93,78,,,,0,,,,,,,,,,2,,0,Fullerton,CA,1,50,,,,-8.0,"40,53","33,45"
ncaab:401369987,ncaab,2021-12-18T17:00Z,final,221,2599,Pitt,St John's,59,57,,,,0,,,,,,,,,,2,,0,Pittsburgh,PA,1,233,,,,-5.0,"31,28","35,22"
ncaab:401371900,ncaab,2021-12-18T17:00Z,void,235,2633,Memphis,Tennessee,,,,,,1,,,,,,,,,,2,,0,Nashville,TN,1,170,,,,-6.0,,
ncaab:401371950,ncaab,2021-12-18T17:00Z,final,2086,2509,Butler,Purdue,48,77,,,,1,,,,,,,,,,2,,0,Indianapolis,IN,1,218,,,,-5.0,"21,27","39,38"
ncaab:401373045,ncaab,2021-12-18T17:00Z,final,2754,2849,Youngstown St,Westminster PA,83,54,,,,0,,,,,,,,,,2,,0,Youngstown,OH,1,259,,,,-5.0,"38,45","19,35"
ncaab:401370959,ncaab,2021-12-18T18:00Z,final,311,3085,Maine,New England,86,50,,,,0,,,,,,,,,,2,,0,Bangor,ME,1,36,,,,-5.0,"42,44","27,23"
ncaab:401371001,ncaab,2021-12-18T18:00Z,final,2166,2515,Davidson,Radford,74,54,,,,0,,,,,,,,,,2,,0,Davidson,NC,1,256,,,,-5.0,"39,35","30,24"
ncaab:401371295,ncaab,2021-12-18T18:00Z,final,2250,2641,Gonzaga,Texas Tech,69,55,,,,1,,,,,,,,,,2,,0,Phoenix,AZ,1,331,,,,-7.0,"34,35","26,29"
ncaab:401371431,ncaab,2021-12-18T18:00Z,final,357,2320,Texas A&M-CC,Lamar,57,53,,,,0,,,,,,,,,,2,,0,Corpus Christi,TX,1,2,,,,-6.0,"19,38","16,37"
ncaab:401371845,ncaab,2021-12-18T18:00Z,final,57,58,Florida,South Florida,66,55,,,,1,,,,,,,,,,2,,0,Sunrise,FL,1,1,,,,-5.0,"30,36","18,37"
ncaab:401372113,ncaab,2021-12-18T18:00Z,final,356,2598,Illinois,Saint Francis,106,48,,,,0,,,,,,,,,,2,,0,Champaign,IL,1,225,,,,-6.0,"47,59","23,25"
ncaab:401372293,ncaab,2021-12-18T18:00Z,final,282,2010,Indiana St,Alabama A&M,67,43,,,,0,,,,,,,,,,2,,0,Terre Haute,IN,1,152,,,,-5.0,"39,28","23,20"
ncaab:401372525,ncaab,2021-12-18T18:00Z,final,2115,42,C Connecticut,Hartford,75,65,,,,0,,,,,,,,,,2,,0,New Britain,CT,1,51,,,,-5.0,"34,41","32,33"
ncaab:401393886,ncaab,2021-12-18T18:00Z,final,2132,308,Cincinnati,Ashland,71,57,,,,0,,,,,,,,,,2,,0,Cincinnati,OH,1,191,,,,-5.0,"34,37","21,36"
ncaab:401393875,ncaab,2021-12-18T18:20Z,final,2169,2428,Delaware St,NC Central,53,86,,,,1,,,,,,,,,,2,,0,Newark,NJ,1,9,,,,-5.0,"24,29","49,37"
ncaab:401365294,ncaab,2021-12-18T19:00Z,final,315,399,Niagara,UAlbany,66,58,,,,1,,,,,,,,,,2,,0,Buffalo,NY,1,183,,,,-5.0,"26,40","22,36"
ncaab:401365632,ncaab,2021-12-18T19:00Z,final,155,3101,North Dakota,Utah Tech,69,78,,,,0,,,,,,,,,,2,,0,Grand Forks,ND,1,253,,,,-6.0,"33,36","34,44"
ncaab:401369211,ncaab,2021-12-18T19:00Z,final,193,91,Miami OH,Bellarmine,68,77,,,,0,,,,,,,,,,2,,0,Oxford,OH,1,283,,,,-5.0,"34,34","32,45"
ncaab:401369213,ncaab,2021-12-18T19:00Z,final,2454,3174,North Florida,Trinity Co Jax,92,44,,,,0,,,,,,,,,,2,,0,Jacksonville,FL,1,5,,,,-5.0,"39,53","17,27"
ncaab:401370044,ncaab,2021-12-18T19:00Z,final,258,161,Virginia,FDU,82,49,,,,0,,,,,,,,,,2,,0,Charlottesville,VA,1,142,,,,-5.0,"34,48","19,30"
ncaab:401371589,ncaab,2021-12-18T19:00Z,final,2083,2325,Bucknell,La Salle,82,70,,,,0,,,,,,,,,,2,,0,Lewisburg,PA,1,144,,,,-5.0,"43,39","35,35"
ncaab:401371995,ncaab,2021-12-18T19:00Z,final,46,2628,Georgetown,TCU,73,80,,,,0,,,,,,,,,,2,,0,Washington,DC,1,7,,,,-5.0,"36,37","39,41"
ncaab:401372200,ncaab,2021-12-18T19:00Z,void,218,2182,Temple,Drexel,,,,,,0,,,,,,,,,,2,,0,Philadelphia,PA,1,12,,,,-5.0,,
ncaab:401372234,ncaab,2021-12-18T19:00Z,final,2272,350,High Point,UNC Wilmington,69,71,,,,0,,,,,,,,,,2,,0,High Point,NC,1,281,,,,-5.0,"26,33,10","29,30,12"
ncaab:401373016,ncaab,2021-12-18T19:00Z,final,2427,2193,UNC Asheville,ETSU,79,64,,,,0,,,,,,,,,,2,,0,Asheville,NC,1,649,,,,-5.0,"36,43","27,37"
ncaab:401373042,ncaab,2021-12-18T19:00Z,final,2750,2635,Wright St,Tennessee Tech,72,63,,,,0,,,,,,,,,,2,,0,Dayton,OH,1,225,,,,-5.0,"32,40","33,30"
ncaab:401373158,ncaab,2021-12-18T19:00Z,void,2655,2755,Tulane,Grambling,,,,,,0,,,,,,,,,,2,,0,New Orleans,LA,1,0,,,,-6.0,,
ncaab:401373873,ncaab,2021-12-18T19:00Z,final,38,2934,Colorado,Bakersfield,60,46,,,,0,,,,,,,,,,2,,0,Boulder,CO,1,1624,,,,-7.0,"24,36","15,31"
ncaab:401381711,ncaab,2021-12-18T19:00Z,final,2569,2634,SC State,Tennessee St,90,88,,,,0,,,,,,,,,,2,,0,Orangeburg,SC,1,74,,,,-5.0,"46,29,15","29,46,13"
ncaab:401369966,ncaab,2021-12-18T19:30Z,final,87,84,Notre Dame,Indiana,56,64,,,,1,,,,,,,,,,2,,0,Indianapolis,IN,1,218,,,,-5.0,"27,29","30,34"
ncaab:401371913,ncaab,2021-12-18T19:30Z,final,238,2046,Vanderbilt,Austin Peay,77,51,,,,0,,,,,,,,,,2,,0,Nashville,TN,1,170,,,,-6.0,"37,40","23,28"
ncaab:401365296,ncaab,2021-12-18T20:00Z,void,2550,314,Seton Hall,Iona,,,,,,1,,,,,,,,,,2,,0,New York,NY,1,10,,,,-5.0,,
ncaab:401370129,ncaab,2021-12-18T20:00Z,final,98,97,Western KY,Louisville,82,72,,,,0,,,,,,,,,,2,,0,Bowling Green,KY,1,161,,,,-6.0,"46,36","37,35"
ncaab:401371561,ncaab,2021-12-18T20:00Z,final,2534,2810,Sam Houston,Hardin Simmons,103,53,,,,0,,,,,,,,,,2,,0,Huntsville,TX,1,113,,,,-6.0,"50,53","27,26"
ncaab:401371774,ncaab,2021-12-18T20:00Z,final,71,2603,Bradley,Saint Joseph's,77,73,,,,0,,,,,,,,,,2,,0,Peoria,IL,1,153,,,,-6.0,"39,38","38,35"
ncaab:401371993,ncaab,2021-12-18T20:00Z,void,77,305,Northwestern,DePaul,,,,,,0,,,,,,,,,,2,,0,Evanston,IL,1,187,,,,-6.0,,
ncaab:401374433,ncaab,2021-12-18T20:00Z,final,290,2157,GA Southern,Covenant,85,51,,,,0,,,,,,,,,,2,,0,Statesboro,GA,1,77,,,,-5.0,"40,45","27,24"
ncaab:401376574,ncaab,2021-12-18T20:00Z,final,2029,3120,AR-Pine Bluff,Ecclesia,97,56,,,,0,,,,,,,,,,2,,0,Pine Bluff,AR,1,67,,,,-6.0,"47,50","26,30"
ncaab:401385919,ncaab,2021-12-18T20:00Z,final,2453,111951,North Alabama,SE Baptist,106,40,,,,0,,,,,,,,,,2,,0,Florence,AL,1,167,,,,-6.0,"54,52","15,25"
ncaab:401385995,ncaab,2021-12-18T20:00Z,final,2710,2197,W Illinois,E Illinois,71,54,,,,0,,,,,,,,,,2,,0,Macomb,IL,1,215,,,,-6.0,"39,32","29,25"
ncaab:401386794,ncaab,2021-12-18T20:00Z,final,2057,122634,Belmont,Bethel (IN),115,86,,,,0,,,,,,,,,,2,,0,Nashville,TN,1,170,,,,-6.0,"51,64","44,42"
ncaab:401365752,ncaab,2021-12-18T20:30Z,void,2670,213,VCU,Penn State,,,,,,0,,,,,,,,,,2,,0,Richmond,VA,1,64,,,,-5.0,,
ncaab:401369879,ncaab,2021-12-18T20:30Z,void,52,2116,Florida St,UCF,,,,,,1,,,,,,,,,,2,,0,Sunrise,FL,1,1,,,,-5.0,,
ncaab:401372810,ncaab,2021-12-18T20:30Z,final,2433,2572,UL Monroe,Southern Miss,74,65,,,,0,,,,,,,,,,2,,0,Monroe,LA,1,23,,,,-6.0,"31,43","31,34"
ncaab:401365069,ncaab,2021-12-18T21:00Z,final,2287,2050,Illinois St,Ball State,85,64,,,,0,,,,,,,,,,2,,0,Normal,IL,1,244,,,,-6.0,"37,48","29,35"
ncaab:401369210,ncaab,2021-12-18T21:00Z,final,294,2691,Jacksonville,Webber Int'l,87,48,,,,0,,,,,,,,,,2,,0,Jacksonville,FL,1,5,,,,-5.0,"45,42","17,31"
ncaab:401369897,ncaab,2021-12-18T21:00Z,final,30,59,USC,Georgia Tech,67,53,,,,1,,,,,,,,,,2,,0,Phoenix,AZ,1,331,,,,-7.0,"33,34","24,29"
ncaab:401371957,ncaab,2021-12-18T21:00Z,final,2724,249,Wichita St,North Texas,52,62,,,,0,,,,,,,,,,2,,0,Wichita,KS,1,396,,,,-6.0,"34,18","27,35"
ncaab:401372339,ncaab,2021-12-18T21:00Z,final,276,2460,Marshall,Northern Iowa,60,75,,,,0,,,,,,,,,,2,,0,Huntington,WV,1,173,,,,-5.0,"36,24","34,41"
ncaab:401372591,ncaab,2021-12-18T21:00Z,final,265,2458,Washington St,N Colorado,82,56,,,,0,,,,,,,,,,2,,0,Pullman,WA,1,717,,,,-8.0,"41,41","26,30"
ncaab:401372630,ncaab,2021-12-18T21:00Z,final,116,2415,Mount St Marys,Morgan St,74,60,,,,0,,,,,,,,,,2,,0,Emmitsburg,MD,1,133,,,,-5.0,"36,38","30,30"
ncaab:401372991,ncaab,2021-12-18T21:00Z,final,2506,2747,Presbyterian,Wofford,49,76,,,,0,,,,,,,,,,2,,0,Clinton,SC,1,76,,,,-5.0,"20,29","31,45"
ncaab:401373238,ncaab,2021-12-18T21:00Z,final,2413,484,Morehead St,Alice Lloyd,87,47,,,,0,,,,,,,,,,2,,0,Morehead,KY,1,153,,,,-6.0,"34,53","22,25"
ncaab:401373513,ncaab,2021-12-18T21:00Z,final,2752,269,Xavier,Marquette,80,71,,,,0,,,,,,,,,,2,,0,Cincinnati,OH,1,191,,,,-5.0,"38,42","36,35"
ncaab:401378797,ncaab,2021-12-18T21:00Z,final,2447,2400,Nicholls,Miss Valley St,104,73,,,,0,,,,,,,,,,2,,0,Thibodaux,LA,1,4,,,,-6.0,"48,56","38,35"
ncaab:401381706,ncaab,2021-12-18T21:00Z,final,79,310,S Illinois,Maryville (MO),75,55,,,,0,,,,,,,,,,2,,0,Carbondale,IL,1,126,,,,-6.0,"37,38","25,30"
ncaab:401393747,ncaab,2021-12-18T21:00Z,final,150,2210,Duke,Elon,87,56,,,,0,,,,,,,,,,2,,0,Durham,NC,1,123,,,,-5.0,"44,43","26,30"
ncaab:401393912,ncaab,2021-12-18T21:00Z,final,2908,124947,SC Upstate,Converse,78,38,,,,0,,,,,,,,,,2,,0,Spartanburg,SC,1,246,,,,-5.0,"25,53","12,26"
ncaab:401371876,ncaab,2021-12-18T21:30Z,final,142,254,Missouri,Utah,83,75,,,,0,,,,,,,,,,2,,0,Columbia,MO,1,215,,,,-6.0,"32,51","33,42"
ncaab:401371939,ncaab,2021-12-18T21:30Z,void,202,36,Tulsa,Colorado St,,,,,,1,,,,,,,,,,2,,0,Fort Worth,TX,1,199,,,,-6.0,,
ncaab:401372985,ncaab,2021-12-18T21:30Z,final,47,2448,Howard,NC A&T,79,57,,,,1,,,,,,,,,,2,,0,Newark,NJ,1,9,,,,-5.0,"31,48","30,27"
ncaab:401365068,ncaab,2021-12-18T22:00Z,final,2099,2084,Canisius,Buffalo,65,64,,,,1,,,,,,,,,,2,,0,Buffalo,NY,1,183,,,,-5.0,"37,28","25,39"
ncaab:401365292,ncaab,2021-12-18T22:00Z,final,104,2368,Boston U,Marist,79,84,,,,0,,,,,,,,,,2,,0,Boston,MA,1,14,,,,-5.0,"33,35,11","34,34,16"
ncaab:401365295,ncaab,2021-12-18T22:00Z,void,164,2520,Rutgers,Rider,,,,,,0,,,,,,,,,,2,,0,Piscataway,NJ,1,30,,,,-5.0,,
ncaab:401371629,ncaab,2021-12-18T22:00Z,void,2377,2937,McNeese,Dallas Chrstn,,,,,,0,,,,,,,,,,2,,0,Lake Charles,LA,1,4,,,,-6.0,,
ncaab:401372285,ncaab,2021-12-18T22:00Z,void,339,2630,Evansville,UT Martin,,,,,,0,,,,,,,,,,2,,0,Evansville,IN,1,118,,,,-6.0,,
ncaab:401372323,ncaab,2021-12-18T22:00Z,final,5,277,UAB,West Virginia,59,65,,,,0,,,,,,,,,,2,,0,Birmingham,AL,1,187,,,,-6.0,"29,30","26,39"
ncaab:401372440,ncaab,2021-12-18T22:00Z,final,70,112679,Idaho,Nelson,84,55,,,,0,,,,,,,,,,2,,0,Moscow,ID,1,786,,,,-8.0,"39,45","31,24"
ncaab:401373512,ncaab,2021-12-18T22:00Z,final,41,2507,UConn,Providence,53,57,,,,0,,,,,,,,,,2,,0,Hartford,CT,1,18,,,,-5.0,"22,31","31,26"
ncaab:401373826,ncaab,2021-12-18T22:00Z,final,326,2491,Texas St,Paul Quinn,75,36,,,,0,,,,,,,,,,2,,0,San Marcos,TX,1,188,,,,-6.0,"34,41","20,16"
ncaab:401386569,ncaab,2021-12-18T22:00Z,final,2653,2027,Troy,Ark Baptist,84,64,,,,0,,,,,,,,,,2,,0,Troy,AL,1,165,,,,-6.0,"47,37","19,45"
ncaab:401393745,ncaab,2021-12-18T22:30Z,final,96,153,Kentucky,North Carolina,98,69,,,,1,,,,,,,,,,2,,0,Las Vegas,NV,1,610,,,,-8.0,"40,58","29,40"
ncaab:401369932,ncaab,2021-12-18T23:00Z,final,228,2579,Clemson,South Carolina,70,56,,,,0,,,,,,,,,,2,,0,Clemson,SC,1,221,,,,-5.0,"30,40","24,32"
ncaab:401370005,ncaab,2021-12-18T23:00Z,void,183,2329,Syracuse,Lehigh,,,,,,0,,,,,,,,,,2,,0,Syracuse,NY,1,121,,,,-5.0,,
ncaab:401371430,ncaab,2021-12-18T23:00Z,final,12,2856,Arizona,CA Baptist,84,60,,,,0,,,,,,,,,,2,,0,Tucson,AZ,1,759,,,,-7.0,"40,44","33,27"
ncaab:401373822,ncaab,2021-12-18T23:00Z,final,2247,2648,Georgia St,Toccoa Falls,92,44,,,,0,,,,,,,,,,2,,0,Atlanta,GA,1,320,,,,-5.0,"47,45","21,23"
ncaab:401378820,ncaab,2021-12-18T23:00Z,final,166,3141,New Mexico St,Northern NM,93,60,,,,0,,,,,,,,,,2,,0,Las Cruces,NM,1,1191,,,,-7.0,"45,48","27,33"
ncaab:401365293,ncaab,2021-12-18T23:30Z,final,2619,2612,Stony Brook,Saint Peter's,64,63,,,,0,,,,,,,,,,2,,0,Stony Brook,NY,1,27,,,,-5.0,"27,37","34,29"
ncaab:401371009,ncaab,2021-12-18T23:30Z,final,145,2168,Ole Miss,Dayton,76,68,,,,0,,,,,,,,,,2,,0,Oxford,MS,1,154,,,,-6.0,"34,42","24,44"
ncaab:401369214,ncaab,2021-12-19T00:00Z,final,2535,338,Samford,Kennesaw St,85,84,,,,0,,,,,,,,,,2,,0,Homewood,AL,1,203,,,,-6.0,"46,39","41,43"
ncaab:401371572,ncaab,2021-12-19T00:00Z,final,61,2244,Georgia,George Mason,67,80,,,,0,,,,,,,,,,2,,0,Athens,GA,1,228,,,,-5.0,"30,37","38,42"
ncaab:401371817,ncaab,2021-12-19T00:00Z,final,248,197,Houston,Oklahoma St,72,61,,,,1,,,,,,,,,,2,,0,Fort Worth,TX,1,199,,,,-6.0,"35,37","30,31"
ncaab:401371862,ncaab,2021-12-19T00:00Z,final,2348,99,Louisiana Tech,LSU,57,66,,,,1,,,,,,,,,,2,,0,Bossier City,LA,1,53,,,,-6.0,"35,22","27,39"
ncaab:401372136,ncaab,2021-12-19T00:00Z,final,130,253,Michigan,Southern Utah,87,50,,,,0,,,,,,,,,,2,,0,Ann Arbor,MI,1,269,,,,-5.0,"49,38","20,30"
ncaab:401373645,ncaab,2021-12-19T00:00Z,final,28,110450,UC San Diego,Caltech,93,52,,,,0,,,,,,,,,,2,,0,San Diego,CA,1,20,,,,-8.0,"53,40","25,27"
ncaab:401385913,ncaab,2021-12-19T00:00Z,final,2198,94,E Kentucky,N Kentucky,81,68,,,,0,,,,,,,,,,2,,0,Richmond,KY,1,289,,,,-5.0,"28,36,17","32,32,4"
ncaab:401395170,ncaab,2021-12-19T00:00Z,final,2466,2903,N'Western St,SW Adventist,104,50,,,,0,,,,,,,,,,2,,0,Natchitoches,LA,1,36,,,,-6.0,"50,54","22,28"
ncaab:401371173,ncaab,2021-12-19T00:30Z,final,2253,2539,Grand Canyon,San Francisco,49,48,,,,1,,,,,,,,,,2,,0,Phoenix,AZ,1,331,,,,-7.0,"22,27","19,29"
ncaab:401369212,ncaab,2021-12-19T01:00Z,final,2623,2110,Missouri St,C Arkansas,106,70,,,,0,,,,,,,,,,2,,0,Springfield,MO,1,396,,,,-6.0,"45,61","30,40"
ncaab:401371294,ncaab,2021-12-19T01:00Z,final,2492,2546,Pepperdine,SE Missouri,83,77,,,,0,,,,,,,,,,2,,0,Malibu,CA,1,32,,,,-8.0,"35,48","30,47"
ncaab:401371297,ncaab,2021-12-19T01:00Z,final,2692,252,Weber St,BYU,71,89,,,,0,,,,,,,,,,2,,0,Ogden,UT,1,1311,,,,-7.0,"33,38","41,48"
ncaab:401371830,ncaab,2021-12-19T01:00Z,final,8,2275,Arkansas,Hofstra,81,89,,,,1,,,,,,,,,,2,,0,North Little Rock,AR,1,81,,,,-6.0,"32,49","40,49"
ncaab:401371904,ncaab,2021-12-19T01:00Z,final,204,245,Oregon St,Texas A&M,73,83,,,,0,,,,,,,,,,2,,0,Corvallis,OR,1,71,,,,-8.0,"29,44","36,47"
ncaab:401372251,ncaab,2021-12-19T01:00Z,final,2305,2617,Kansas,SF Austin,80,72,,,,0,,,,,,,,,,2,,0,Lawrence,KS,1,263,,,,-6.0,"38,42","31,41"
ncaab:401372468,ncaab,2021-12-19T01:00Z,final,304,3246,Idaho St,Bethesda,103,68,,,,0,,,,,,,,,,2,,0,Pocatello,ID,1,1360,,,,-7.0,"51,52","36,32"
ncaab:401376531,ncaab,2021-12-19T01:25Z,final,93,236,Murray St,Chattanooga,87,76,,,,0,,,,,,,,,,2,,0,Murray,KY,1,163,,,,-6.0,"34,53","37,39"
ncaab:401369209,ncaab,2021-12-19T01:30Z,final,333,55,Alabama,Jax State,65,59,,,,0,,,,,,,,,,2,,0,Tuscaloosa,AL,1,68,,,,-6.0,"29,36","28,31"
ncaab:401365753,ncaab,2021-12-19T02:00Z,final,139,2,Saint Louis,Auburn,70,74,,,,0,,,,,,,,,,2,,0,St. Louis,MO,1,142,,,,-6.0,"27,43","35,39"
ncaab:401373644,ncaab,2021-12-19T02:00Z,void,299,3167,Long Beach St,La Sierra,,,,,,0,,,,,,,,,,2,,0,Long Beach,CA,1,9,,,,-8.0,,
ncaab:401372127,ncaab,2021-12-19T02:10Z,final,2294,328,Iowa,Utah State,94,75,,,,1,,,,,,,,,,2,,0,Sioux Falls,SD,1,448,,,,-6.0,"51,43","43,32"
ncaab:401371982,ncaab,2021-12-19T03:00Z,final,2483,239,Oregon,Baylor,70,78,,,,0,,,,,,,,,,2,,0,Eugene,OR,1,131,,,,-8.0,"39,31","35,43"
ncaab:401372575,ncaab,2021-12-19T03:00Z,final,2464,301,N Arizona,San Diego,59,69,,,,1,,,,,,,,,,2,,0,Phoenix,AZ,1,331,,,,-7.0,"29,30","28,41"
ncaab:401373369,ncaab,2021-12-19T03:00Z,final,2463,2502,CSU Northridge,Portland St,69,66,,,,0,,,,,,,,,,2,,0,Northridge,CA,1,246,,,,-8.0,"29,40","22,44"
ncaab:401373887,ncaab,2021-12-19T03:00Z,final,264,2547,Washington,Seattle U,64,56,,,,0,,,,,,,,,,2,,0,Seattle,WA,1,56,,,,-8.0,"28,36","35,21"
ncaab:401371296,ncaab,2021-12-19T04:00Z,final,2440,2351,Nevada,LMU,68,63,,,,0,,,,,,,,,,2,,0,Reno,NV,1,1373,,,,-8.0,"35,33","28,35"
ncaab:401373764,ncaab,2021-12-19T17:00Z,void,2229,2065,FIU,Bethune,,,,,,0,,,,,,,,,,2,,0,Miami,FL,1,2,,,,-5.0,,
ncaab:401372977,ncaab,2021-12-19T17:30Z,void,2597,2344,St Francis BK,Longwood,,,,,,0,,,,,,,,,,2,,0,Brooklyn,NY,1,15,,,,-5.0,,
ncaab:401365297,ncaab,2021-12-19T18:00Z,final,113,2217,UMass,Fairfield,77,73,,,,0,,,,,,,,,,2,,0,Amherst,MA,1,82,,,,-5.0,"31,34,12","30,35,8"
ncaab:401371075,ncaab,2021-12-19T18:00Z,final,2184,300,Duquesne,UC Irvine,76,54,,,,1,,,,,,,,,,2,,0,Akron,OH,1,291,,,,-5.0,"38,38","23,31"
ncaab:401371989,ncaab,2021-12-19T18:00Z,final,66,2545,Iowa State,SE Louisiana,77,54,,,,0,,,,,,,,,,2,,0,Ames,IA,1,287,,,,-6.0,"25,52","17,37"
ncaab:401372219,ncaab,2021-12-19T18:00Z,void,111,261,Northeastern,Vermont,,,,,,0,,,,,,,,,,2,,0,Boston,MA,1,14,,,,-5.0,,
ncaab:401372327,ncaab,2021-12-19T18:00Z,final,2349,2529,UMass Lowell,Sacred Heart,70,62,,,,0,,,,,,,,,,2,,0,Lowell,MA,1,36,,,,-5.0,"33,37","31,31"
ncaab:401385890,ncaab,2021-12-19T18:00Z,final,2174,2117,Detroit Mercy,C Michigan,89,75,,,,0,,,,,,,,,,2,,0,Detroit,MI,1,183,,,,-5.0,"39,50","34,41"
ncaab:401365070,ncaab,2021-12-19T19:00Z,final,82,2459,UIC,N Illinois,61,60,,,,0,,,,,,,,,,2,,0,Chicago,IL,1,179,,,,-6.0,"35,26","28,32"
ncaab:401365071,ncaab,2021-12-19T19:00Z,final,189,2523,Bowling Green,Robert Morris,100,74,,,,0,,,,,,,,,,2,,0,Bowling Green,OH,1,212,,,,-5.0,"47,53","33,41"
ncaab:401365298,ncaab,2021-12-19T19:00Z,final,2405,2142,Monmouth,Colgate,77,66,,,,0,,,,,,,,,,2,,0,West Long Branch,NJ,1,9,,,,-5.0,"36,41","36,30"
ncaab:401371100,ncaab,2021-12-19T19:00Z,final,108,107,Harvard,Holy Cross,62,54,,,,0,,,,,,,,,,2,,0,Cambridge,MA,1,5,,,,-5.0,"32,30","24,30"
ncaab:401371718,ncaab,2021-12-19T19:00Z,void,227,232,Rhode Island,Charleston,,,,,,1,,,,,,,,,,2,,0,Washington,DC,1,7,,,,-5.0,,
ncaab:401372300,ncaab,2021-12-19T19:00Z,void,2350,2450,Loyola Chicago,Norfolk St,,,,,,0,,,,,,,,,,2,,0,Chicago,IL,1,179,,,,-6.0,,
ncaab:401372372,ncaab,2021-12-19T19:00Z,final,2032,2005,Arkansas St,Air Force,68,46,,,,0,,,,,,,,,,2,,0,Jonesboro,AR,1,99,,,,-6.0,"34,34","24,22"
ncaab:401372546,ncaab,2021-12-19T19:00Z,final,112358,349,Long Island,Army,90,65,,,,0,,,,,,,,,,2,,0,Brooklyn,NY,1,15,,,,-5.0,"56,34","33,32"
ncaab:401373275,ncaab,2021-12-19T19:00Z,final,2565,2931,SIUE,William Woods,84,29,,,,0,,,,,,,,,,2,,0,Edwardsville,IL,1,165,,,,-6.0,"43,41","16,13"
ncaab:401378807,ncaab,2021-12-19T19:00Z,final,526,2382,FGCU,Mercer,67,55,,,,0,,,,,,,,,,2,,0,Fort Myers,FL,1,3,,,,-5.0,"18,49","26,29"
ncaab:401371298,ncaab,2021-12-19T20:00Z,final,279,302,Pacific,UC Davis,67,77,,,,0,,,,,,,,,,2,,0,Stockton,CA,1,4,,,,-8.0,"21,46","41,36"
ncaab:401371924,ncaab,2021-12-19T20:00Z,final,167,2567,New Mexico,SMU,72,90,,,,0,,,,,,,,,,2,,0,Albuquerque,NM,1,1511,,,,-7.0,"30,42","46,44"
ncaab:401372258,ncaab,2021-12-19T20:00Z,final,201,250,Oklahoma,UT Arlington,70,50,,,,0,,,,,,,,,,2,,0,Norman,OK,1,357,,,,-6.0,"35,35","18,32"
ncaab:401372753,ncaab,2021-12-19T20:00Z,final,2393,324,MTSU,Coastal,84,80,,,,0,,,,,,,,,,2,,0,Murfreesboro,TN,1,186,,,,-6.0,"35,49","37,43"
ncaab:401372793,ncaab,2021-12-19T20:00Z,void,242,3170,Rice,St Thomas TX,,,,,,0,,,,,,,,,,2,,0,Houston,TX,1,12,,,,-6.0,,
ncaab:401373877,ncaab,2021-12-19T20:00Z,final,24,251,Stanford,Texas,53,60,,,,1,,,,,,,,,,2,,0,Las Vegas,NV,1,610,,,,-8.0,"27,26","34,26"
ncaab:401395190,ncaab,2021-12-19T20:00Z,final,2181,2630,Drake,UT Martin,80,54,,,,0,,,,,,,,,,2,,0,Des Moines,IA,1,266,,,,-6.0,"43,37","25,29"
ncaab:401371210,ncaab,2021-12-19T21:00Z,final,147,2501,Montana St,Portland,61,59,,,,0,,,,,,,,,,2,,0,Bozeman,MT,1,1468,,,,-7.0,"16,45","26,33"
ncaab:401371432,ncaab,2021-12-19T21:00Z,final,2000,2758,Abilene Chrstn,Howard Payne,112,41,,,,0,,,,,,,,,,2,,0,Abilene,TX,1,524,,,,-6.0,"57,55","23,18"
ncaab:401371726,ncaab,2021-12-19T21:00Z,final,257,295,Richmond,Old Dominion,67,61,,,,0,,,,,,,,,,2,,0,Richmond,VA,1,64,,,,-5.0,"32,35","27,34"
ncaab:401373872,ncaab,2021-12-19T21:00Z,final,25,159,California,Dartmouth,61,55,,,,0,,,,,,,,,,2,,0,Berkeley,CA,1,52,,,,-8.0,"27,34","23,32"
ncaab:401371142,ncaab,2021-12-19T22:00Z,final,2541,149,Santa Clara,Montana,79,64,,,,0,,,,,,,,,,2,,0,Santa Clara,CA,1,23,,,,-8.0,"33,46","26,38"
ncaab:401372609,ncaab,2021-12-19T22:00Z,void,27,16,UC Riverside,Sacramento St,,,,,,0,,,,,,,,,,2,,0,Riverside,CA,1,252,,,,-8.0,,
ncaab:401386795,ncaab,2021-12-19T22:00Z,final,288,2632,Lipscomb,TN Wesleyan,98,64,,,,0,,,,,,,,,,2,,0,Nashville,TN,1,170,,,,-6.0,"53,45","43,21"
ncaab:401372461,ncaab,2021-12-19T22:30Z,void,172,2803,Cornell,Bryant,,,,,,0,,,,,,,,,,2,,0,Ithaca,NY,1,125,,,,-5.0,,
ncaab:401380974,ncaab,2021-12-19T22:30Z,final,2309,2582,Kent State,Southern,76,78,,,,0,,,,,,,,,,2,,0,Kent,OH,1,325,,,,-5.0,"44,32","27,51"
ncaab:401371174,ncaab,2021-12-19T23:00Z,final,9,2539,Arizona St,San Francisco,65,66,,,,0,,,,,,,,,,2,,0,Tempe,AZ,1,360,,,,-7.0,"34,31","36,30"
ncaab:401372151,ncaab,2021-12-19T23:00Z,final,158,2306,Nebraska,Kansas St,58,67,,,,0,,,,,,,,,,2,,0,Lincoln,NE,1,367,,,,-6.0,"27,31","33,34"
ncaab:401372378,ncaab,2021-12-19T23:00Z,final,68,148,Boise St,Montana Tech,88,57,,,,0,,,,,,,,,,2,,0,Boise,ID,1,823,,,,-7.0,"41,47","23,34"
ncaab:401373136,ncaab,2021-12-20T03:00Z,final,2540,50,Santa Barbara,Florida A&M,73,62,,,,0,,,,,,,,,,2,,0,Santa Barbara,CA,1,15,,,,-8.0,"41,32","23,39"
ncaab:401369215,ncaab,2021-12-20T18:00Z,final,2110,418,C Arkansas,Hendrix,90,56,,,,0,,,,,,,,,,2,,0,Conway,AR,1,95,,,,-6.0,"47,43","24,32"
ncaab:401372294,ncaab,2021-12-20T22:00Z,final,282,2474,Indiana St,Oakland City,78,69,,,,0,,,,,,,,,,2,,0,Terre Haute,IN,1,152,,,,-5.0,"37,41","33,36"
ncaab:401373798,ncaab,2021-12-20T22:00Z,final,2643,2569,The Citadel,SC State,57,74,,,,0,,,,,,,,,,2,,0,Charleston,SC,1,6,,,,-5.0,"30,27","32,42"
ncaab:401365072,ncaab,2021-12-21T00:00Z,final,2674,2199,Valparaiso,E Michigan,67,55,,,,0,,,,,,,,,,2,,0,Valparaiso,IN,1,242,,,,-6.0,"26,41","28,27"
ncaab:401365073,ncaab,2021-12-21T00:00Z,void,2006,2515,Akron,Radford,,,,,,0,,,,,,,,,,2,,0,Akron,OH,1,291,,,,-5.0,,
ncaab:401370081,ncaab,2021-12-21T00:00Z,final,2390,56,Miami,Stetson,82,72,,,,0,,,,,,,,,,2,,0,Coral Gables,FL,1,3,,,,-5.0,"39,43","26,46"
ncaab:401371850,ncaab,2021-12-21T00:00Z,final,61,2717,Georgia,W Carolina,85,79,,,,0,,,,,,,,,,2,,0,Athens,GA,1,228,,,,-5.0,"35,50","33,46"
ncaab:401371983,ncaab,2021-12-21T00:00Z,final,239,2016,Baylor,Alcorn St,94,57,,,,0,,,,,,,,,,2,,0,Waco,TX,1,143,,,,-6.0,"50,44","31,26"
ncaab:401372155,ncaab,2021-12-21T00:00Z,final,77,542,Northwestern,IL Springfield,90,50,,,,0,,,,,,,,,,2,,0,Evanston,IL,1,187,,,,-6.0,"47,43","29,21"
ncaab:401372166,ncaab,2021-12-21T00:00Z,final,2509,2916,Purdue,Incarnate Word,79,59,,,,0,,,,,,,,,,2,,0,West Lafayette,IN,1,186,,,,-5.0,"45,34","27,32"
ncaab:401372654,ncaab,2021-12-21T00:00Z,final,2429,2379,Charlotte,MD Eastern,70,54,,,,0,,,,,,,,,,2,,0,Charlotte,NC,1,229,,,,-5.0,"35,35","33,21"
ncaab:401374290,ncaab,2021-12-21T00:00Z,final,2681,2169,Wagner,Delaware St,93,51,,,,0,,,,,,,,,,2,,0,Staten Island,NY,1,21,,,,-5.0,"56,37","20,31"
ncaab:401395150,ncaab,2021-12-21T00:00Z,final,2520,461,Rider,Gwynedd Mercy,82,57,,,,0,,,,,,,,,,2,,0,Lawrenceville,NJ,1,37,,,,-5.0,"40,42","27,30"
ncaab:401395419,ncaab,2021-12-21T00:00Z,void,2229,2013,FIU,Albany St,,,,,,0,,,,,,,,,,2,,0,Miami,FL,1,2,,,,-5.0,,
ncaab:401365299,ncaab,2021-12-21T00:15Z,final,2127,2363,Charleston So,Manhattan,75,99,,,,1,,,,,,,,,,2,,0,Charleston,SC,1,6,,,,-5.0,"27,48","52,47"
ncaab:401365074,ncaab,2021-12-21T01:00Z,final,87,2711,Notre Dame,W Michigan,85,52,,,,0,,,,,,,,,,2,,0,South Bend,IN,1,211,,,,-5.0,"44,41","23,29"
ncaab:401365633,ncaab,2021-12-21T01:00Z,final,2437,2900,Omaha,St Thomas,73,80,,,,0,,,,,,,,,,2,,0,Omaha,NE,1,323,,,,-6.0,"23,50","46,34"
ncaab:401365634,ncaab,2021-12-21T01:00Z,final,233,198,South Dakota,Oral Roberts,73,82,,,,0,,,,,,,,,,2,,0,Vermillion,SD,1,374,,,,-6.0,"35,38","46,36"
ncaab:401365635,ncaab,2021-12-21T01:00Z,final,2571,140,S Dakota St,Kansas City,89,57,,,,0,,,,,,,,,,2,,0,Brookings,SD,1,494,,,,-6.0,"42,47","22,35"
ncaab:401371434,ncaab,2021-12-21T01:00Z,final,2320,2433,Lamar,UL Monroe,77,80,,,,0,,,,,,,,,,2,,0,Beaumont,TX,1,5,,,,-6.0,"43,34","35,45"
ncaab:401378813,ncaab,2021-12-21T01:00Z,void,309,100,Louisiana,Loyola NO,,,,,,0,,,,,,,,,,2,,0,Lafayette,LA,1,11,,,,-6.0,,
ncaab:401373514,ncaab,2021-12-21T01:30Z,void,2550,2599,Seton Hall,St John's,,,,,,0,,,,,,,,,,2,,0,Newark,NJ,1,9,,,,-5.0,,
ncaab:401365636,ncaab,2021-12-21T02:00Z,final,2172,2710,Denver,W Illinois,80,84,,,,0,,,,,,,,,,2,,0,Denver,CO,1,1609,,,,-7.0,"33,38,9","32,39,13"
ncaab:401371299,ncaab,2021-12-21T02:00Z,final,2250,2464,Gonzaga,N Arizona,95,49,,,,0,,,,,,,,,,2,,0,Spokane,WA,1,571,,,,-8.0,"48,47","30,19"
ncaab:401391451,ncaab,2021-12-21T02:00Z,final,166,94822,New Mexico St,TX Perm Basin,84,59,,,,0,,,,,,,,,,2,,0,Las Cruces,NM,1,1191,,,,-7.0,"40,44","32,27"
ncaab:401373646,ncaab,2021-12-21T03:00Z,void,301,299,San Diego,Long Beach St,,,,,,0,,,,,,,,,,2,,0,San Diego,CA,1,20,,,,-8.0,,
ncaab:401371809,ncaab,2021-12-21T17:00Z,final,151,2572,East Carolina,Southern Miss,68,67,,,,0,,,,,,,,,,2,,0,Greenville,NC,1,18,,,,-5.0,"26,42","31,36"
ncaab:401373007,ncaab,2021-12-21T17:00Z,final,195,2908,Ohio,SC Upstate,85,70,,,,0,,,,,,,,,,2,,0,Athens,OH,1,219,,,,-5.0,"42,43","35,35"
ncaab:401386916,ncaab,2021-12-21T17:00Z,final,189,123313,Bowling Green,Carlow,129,50,,,,0,,,,,,,,,,2,,0,Bowling Green,OH,1,212,,,,-5.0,"76,53","23,27"
ncaab:401381712,ncaab,2021-12-21T18:00Z,final,2634,111921,Tennessee St,Campbellsv HB,108,66,,,,0,,,,,,,,,,2,,0,Nashville,TN,1,170,,,,-6.0,"49,59","29,37"
ncaab:401369219,ncaab,2021-12-21T19:00Z,final,221,294,Pitt,Jacksonville,64,55,,,,0,,,,,,,,,,2,,0,Pittsburgh,PA,1,233,,,,-5.0,"26,38","24,31"
ncaab:401386031,ncaab,2021-12-21T19:00Z,final,193,2589,Miami OH,Spalding,80,56,,,,0,,,,,,,,,,2,,0,Oxford,OH,1,283,,,,-5.0,"46,34","23,33"
ncaab:401369218,ncaab,2021-12-21T20:00Z,final,2031,55,Little Rock,Jax State,67,87,,,,0,,,,,,,,,,2,,0,Little Rock,AR,1,102,,,,-6.0,"43,24","42,45"
ncaab:401372290,ncaab,2021-12-21T20:00Z,final,2287,2636,Illinois St,UTSA,81,64,,,,0,,,,,,,,,,2,,0,Normal,IL,1,244,,,,-6.0,"39,42","28,36"
ncaab:401378650,ncaab,2021-12-21T20:00Z,void,2617,2296,SF Austin,Jackson St,,,,,,0,,,,,,,,,,2,,0,Nacogdoches,TX,1,92,,,,-6.0,,
ncaab:401371710,ncaab,2021-12-21T21:00Z,void,2325,2182,La Salle,Drexel,,,,,,0,,,,,,,,,,2,,0,Philadelphia,PA,1,12,,,,-5.0,,
ncaab:401371883,ncaab,2021-12-21T21:00Z,final,145,2535,Ole Miss,Samford,73,75,,,,0,,,,,,,,,,2,,0,Oxford,MS,1,154,,,,-6.0,"42,31","36,39"
ncaab:401370960,ncaab,2021-12-21T22:00Z,final,311,2771,Maine,Merrimack,47,49,,,,0,,,,,,,,,,2,,0,Bangor,ME,1,36,,,,-5.0,"21,26","25,24"
ncaab:401372724,ncaab,2021-12-21T22:00Z,final,2127,2569,Charleston So,SC State,65,75,,,,1,,,,,,,,,,2,,0,Charleston,SC,1,6,,,,-5.0,"44,21","42,33"
ncaab:401372986,ncaab,2021-12-21T22:00Z,final,2448,108806,NC A&T,Mid Atl Chrstn,88,63,,,,0,,,,,,,,,,2,,0,Greensboro,NC,1,266,,,,-5.0,"39,49","31,32"
ncaab:401373137,ncaab,2021-12-21T22:00Z,void,9,50,Arizona St,Florida A&M,,,,,,0,,,,,,,,,,2,,0,Tempe,AZ,1,360,,,,-7.0,,
ncaab:401373817,ncaab,2021-12-21T22:00Z,final,2032,2358,Arkansas St,Lyon,88,66,,,,0,,,,,,,,,,2,,0,Jonesboro,AR,1,99,,,,-6.0,"45,43","35,31"
ncaab:401380994,ncaab,2021-12-21T22:00Z,final,2934,159,Bakersfield,Dartmouth,61,57,,,,0,,,,,,,,,,2,,0,Bakersfield,CA,1,123,,,,-8.0,"26,35","31,26"
ncaab:401371632,ncaab,2021-12-21T23:00Z,final,245,2466,Texas A&M,N'Western St,80,61,,,,0,,,,,,,,,,2,,0,College Station,TX,1,103,,,,-6.0,"36,44","25,36"
ncaab:401372213,ncaab,2021-12-21T23:00Z,void,2415,256,Morgan St,James Madison,,,,,,0,,,,,,,,,,2,,0,Baltimore,MD,1,10,,,,-5.0,,
ncaab:401372547,ncaab,2021-12-21T23:00Z,void,112358,2349,Long Island,UMass Lowell,,,,,,0,,,,,,,,,,2,,0,Brooklyn,NY,1,15,,,,-5.0,,
ncaab:401395830,ncaab,2021-12-21T23:00Z,void,2309,2630,Kent State,UT Martin,,,,,,0,,,,,,,,,,2,,0,Kent,OH,1,325,,,,-5.0,,
ncaab:401371940,ncaab,2021-12-21T23:30Z,void,202,249,Tulsa,North Texas,,,,,,1,,,,,,,,,,2,,0,Oklahoma City,OK,1,366,,,,-6.0,,
ncaab:401386370,ncaab,2021-12-21T23:30Z,final,2427,2397,UNC Asheville,Milligan,114,54,,,,0,,,,,,,,,,2,,0,Asheville,NC,1,649,,,,-5.0,"61,53","30,24"
ncaab:401365075,ncaab,2021-12-22T00:00Z,final,2050,2197,Ball State,E Illinois,75,55,,,,0,,,,,,,,,,2,,0,Muncie,IN,1,284,,,,-5.0,"37,38","36,19"
ncaab:401365076,ncaab,2021-12-22T00:00Z,final,2649,276,Toledo,Marshall,95,63,,,,0,,,,,,,,,,2,,0,Toledo,OH,1,186,,,,-5.0,"54,41","31,32"
ncaab:401365077,ncaab,2021-12-22T00:00Z,void,2084,300,Buffalo,UC Irvine,,,,,,0,,,,,,,,,,2,,0,Buffalo,NY,1,183,,,,-5.0,,
ncaab:401365300,ncaab,2021-12-22T00:00Z,void,2066,315,Binghamton,Niagara,,,,,,0,,,,,,,,,,2,,0,Binghamton,NY,1,264,,,,-5.0,,
ncaab:401365301,ncaab,2021-12-22T00:00Z,final,2643,2363,The Citadel,Manhattan,74,77,,,,0,,,,,,,,,,2,,0,Charleston,SC,1,6,,,,-5.0,"40,34","34,43"
ncaab:401369216,ncaab,2021-12-22T00:00Z,final,91,2351,Bellarmine,LMU,57,71,,,,0,,,,,,,,,,2,,0,Louisville,KY,1,142,,,,-5.0,"29,28","31,40"
ncaab:401369217,ncaab,2021-12-22T00:00Z,void,52,2454,Florida St,North Florida,,,,,,0,,,,,,,,,,2,,0,Tallahassee,FL,1,62,,,,-5.0,,
ncaab:401369951,ncaab,2021-12-22T00:00Z,final,153,2026,North Carolina,App State,70,50,,,,0,,,,,,,,,,2,,0,Chapel Hill,NC,1,148,,,,-5.0,"35,35","27,23"
ncaab:401370102,ncaab,2021-12-22T00:00Z,final,152,2750,NC State,Wright St,70,84,,,,0,,,,,,,,,,2,,0,Raleigh,NC,1,96,,,,-5.0,"38,32","37,47"
ncaab:401370942,ncaab,2021-12-22T00:00Z,final,2329,399,Lehigh,UAlbany,52,68,,,,0,,,,,,,,,,2,,0,Bethlehem,PA,1,109,,,,-5.0,"12,40","36,32"
ncaab:401370982,ncaab,2021-12-22T00:00Z,void,2670,160,VCU,New Hampshire,,,,,,0,,,,,,,,,,2,,0,Richmond,VA,1,64,,,,-5.0,,
ncaab:401371070,ncaab,2021-12-22T00:00Z,final,2168,2582,Dayton,Southern,69,60,,,,0,,,,,,,,,,2,,0,Dayton,OH,1,225,,,,-5.0,"32,37","21,39"
ncaab:401371101,ncaab,2021-12-22T00:00Z,final,108,47,Harvard,Howard,77,69,,,,0,,,,,,,,,,2,,0,Cambridge,MA,1,5,,,,-5.0,"42,35","26,43"
ncaab:401371435,ncaab,2021-12-22T00:00Z,final,66,2130,Iowa State,Chicago St,79,48,,,,0,,,,,,,,,,2,,0,Ames,IA,1,287,,,,-6.0,"34,45","23,25"
ncaab:401371436,ncaab,2021-12-22T00:00Z,final,2534,71,Sam Houston,Bradley,61,87,,,,1,,,,,,,,,,2,,0,El Paso,TX,1,1133,,,,-7.0,"28,33","39,48"
ncaab:401371573,ncaab,2021-12-22T00:00Z,final,2244,44,George Mason,American,67,44,,,,0,,,,,,,,,,2,,0,Fairfax,VA,1,131,,,,-5.0,"34,33","18,26"
ncaab:401371630,ncaab,2021-12-22T00:00Z,void,2229,2277,FIU,Hou Christian,,,,,,0,,,,,,,,,,2,,0,Miami,FL,1,2,,,,-5.0,,
ncaab:401371801,ncaab,2021-12-22T00:00Z,final,2132,2635,Cincinnati,Tennessee Tech,76,67,,,,0,,,,,,,,,,2,,0,Cincinnati,OH,1,191,,,,-5.0,"37,39","26,41"
ncaab:401371831,ncaab,2021-12-22T00:00Z,final,8,2210,Arkansas,Elon,81,55,,,,0,,,,,,,,,,2,,0,Fayetteville,AR,1,427,,,,-6.0,"38,43","26,29"
ncaab:401371871,ncaab,2021-12-22T00:00Z,final,344,2737,Mississippi St,Winthrop,84,63,,,,1,,,,,,,,,,2,,0,Jackson,MS,1,85,,,,-6.0,"47,37","28,35"
ncaab:401371925,ncaab,2021-12-22T00:00Z,void,2567,339,SMU,Evansville,,,,,,0,,,,,,,,,,2,,0,Dallas,TX,1,128,,,,-6.0,,
ncaab:401372137,ncaab,2021-12-22T00:00Z,void,130,2870,Michigan,Purdue FW,,,,,,0,,,,,,,,,,2,,0,Ann Arbor,MI,1,269,,,,-5.0,,
ncaab:401372394,ncaab,2021-12-22T00:00Z,final,254,278,Utah,Fresno St,55,50,,,,0,,,,,,,,,,2,,0,Salt Lake City,UT,1,1299,,,,-7.0,"22,33","23,27"
ncaab:401372688,ncaab,2021-12-22T00:00Z,final,2272,2226,High Point,FAU,55,52,,,,0,,,,,,,,,,2,,0,High Point,NC,1,281,,,,-5.0,"26,29","27,25"
ncaab:401372992,ncaab,2021-12-22T00:00Z,final,231,2506,Furman,Presbyterian,75,61,,,,0,,,,,,,,,,2,,0,Greenville,SC,1,307,,,,-5.0,"42,33","22,39"
ncaab:401373025,ncaab,2021-12-22T00:00Z,final,85,2413,IU Indy,Morehead St,52,80,,,,0,,,,,,,,,,2,,0,Indianapolis,IN,1,218,,,,-5.0,"23,29","42,38"
ncaab:401373387,ncaab,2021-12-22T00:00Z,void,2352,2251,Loyola MD,Goucher,,,,,,0,,,,,,,,,,2,,0,Baltimore,MD,1,10,,,,-5.0,,
ncaab:401373516,ncaab,2021-12-22T00:00Z,final,222,2752,Villanova,Xavier,71,58,,,,0,,,,,,,,,,2,,0,Villanova,PA,1,121,,,,-5.0,"30,41","38,20"
ncaab:401373774,ncaab,2021-12-22T00:00Z,final,163,2871,Princeton,Kean,100,59,,,,0,,,,,,,,,,2,,0,Princeton,NJ,1,62,,,,-5.0,"55,45","30,29"
ncaab:401373803,ncaab,2021-12-22T00:00Z,void,2430,3169,UNC Greensboro,J&W (NC),,,,,,0,,,,,,,,,,2,,0,Greensboro,NC,1,266,,,,-5.0,,
ncaab:401395130,ncaab,2021-12-22T00:00Z,final,333,2166,Alabama,Davidson,78,79,,,,1,,,,,,,,,,2,,0,Birmingham,AL,1,187,,,,-6.0,"35,43","41,38"
ncaab:401372139,ncaab,2021-12-22T00:30Z,final,2473,127,Oakland,Michigan St,78,90,,,,1,,,,,,,,,,2,,0,Detroit,MI,1,183,,,,-5.0,"35,43","44,46"
ncaab:401372196,ncaab,2021-12-22T00:30Z,final,314,48,Iona,Delaware,83,72,,,,1,,,,,,,,,,2,,0,Elmont,NY,1,12,,,,-5.0,"32,51","39,33"
ncaab:401371439,ncaab,2021-12-22T01:00Z,void,292,2903,UT Rio Grande,SW Adventist,,,,,,0,,,,,,,,,,2,,0,Edinburg,TX,1,30,,,,-6.0,,
ncaab:401371631,ncaab,2021-12-22T01:00Z,final,2306,2377,Kansas St,McNeese,74,59,,,,0,,,,,,,,,,2,,0,Manhattan,KS,1,311,,,,-6.0,"35,39","28,31"
ncaab:401371633,ncaab,2021-12-22T01:00Z,void,2655,2443,Tulane,LSU N Orleans,,,,,,0,,,,,,,,,,2,,0,New Orleans,LA,1,0,,,,-6.0,,
ncaab:401371918,ncaab,2021-12-22T01:00Z,void,235,2011,Memphis,Alabama St,,,,,,0,,,,,,,,,,2,,0,Memphis,TN,1,78,,,,-6.0,,
ncaab:401372128,ncaab,2021-12-22T01:00Z,final,2294,2545,Iowa,SE Louisiana,93,62,,,,0,,,,,,,,,,2,,0,Iowa City,IA,1,204,,,,-6.0,"44,49","30,32"
ncaab:401372267,ncaab,2021-12-22T01:00Z,final,2628,2755,TCU,Grambling,90,55,,,,0,,,,,,,,,,2,,0,Fort Worth,TX,1,199,,,,-6.0,"47,43","28,27"
ncaab:401372373,ncaab,2021-12-22T01:00Z,final,2627,2005,Tarleton St,Air Force,67,45,,,,0,,,,,,,,,,2,,0,Stephenville,TX,1,388,,,,-6.0,"21,46","14,31"
ncaab:401372592,ncaab,2021-12-22T01:00Z,final,2458,3141,N Colorado,Northern NM,90,54,,,,0,,,,,,,,,,2,,0,Greeley,CO,1,1425,,,,-7.0,"55,35","24,30"
ncaab:401373276,ncaab,2021-12-22T01:00Z,final,6,2565,South Alabama,SIUE,84,69,,,,0,,,,,,,,,,2,,0,Mobile,AL,1,3,,,,-6.0,"49,35","35,34"
ncaab:401369898,ncaab,2021-12-22T02:00Z,final,59,2247,Georgia Tech,Georgia St,72,62,,,,0,,,,,,,,,,2,,0,Atlanta,GA,1,320,,,,-5.0,"40,19,13","33,26,3"
ncaab:401370006,ncaab,2021-12-22T02:00Z,void,183,172,Syracuse,Cornell,,,,,,0,,,,,,,,,,2,,0,Syracuse,NY,1,121,,,,-5.0,,
ncaab:401371301,ncaab,2021-12-22T02:00Z,final,2483,2492,Oregon,Pepperdine,68,59,,,,0,,,,,,,,,,2,,0,Eugene,OR,1,131,,,,-8.0,"37,31","33,26"
ncaab:401371438,ncaab,2021-12-22T02:00Z,final,264,3084,Washington,Utah Valley,52,68,,,,0,,,,,,,,,,2,,0,Seattle,WA,1,56,,,,-8.0,"27,25","30,38"
ncaab:401372252,ncaab,2021-12-22T02:00Z,void,38,2305,Colorado,Kansas,,,,,,0,,,,,,,,,,2,,0,Boulder,CO,1,1624,,,,-7.0,,
ncaab:401372408,ncaab,2021-12-22T02:00Z,final,167,2450,New Mexico,Norfolk St,68,54,,,,0,,,,,,,,,,2,,0,Albuquerque,NM,1,1511,,,,-7.0,"37,31","21,33"
ncaab:401372839,ncaab,2021-12-22T02:00Z,final,2638,2428,UTEP,NC Central,70,61,,,,0,,,,,,,,,,2,,0,El Paso,TX,1,1133,,,,-7.0,"33,37","26,35"
ncaab:401373410,ncaab,2021-12-22T02:00Z,final,328,2502,Utah State,Portland St,81,62,,,,0,,,,,,,,,,2,,0,Logan,UT,1,1382,,,,-7.0,"42,39","29,33"
ncaab:401373517,ncaab,2021-12-22T02:00Z,final,269,41,Marquette,UConn,70,78,,,,0,,,,,,,,,,2,,0,Milwaukee,WI,1,188,,,,-6.0,"37,33","43,35"
ncaab:401373884,ncaab,2021-12-22T02:00Z,void,197,30,Oklahoma St,USC,,,,,,1,,,,,,,,,,2,,0,Oklahoma City,OK,1,366,,,,-6.0,,
ncaab:401371143,ncaab,2021-12-22T03:00Z,final,23,2541,San José St,Santa Clara,57,79,,,,0,,,,,,,,,,2,,0,San Jose,CA,1,26,,,,-8.0,"24,33","36,43"
ncaab:401371437,ncaab,2021-12-22T03:00Z,void,2440,2253,Nevada,Grand Canyon,,,,,,0,,,,,,,,,,2,,0,Reno,NV,1,1373,,,,-8.0,,
ncaab:401371440,ncaab,2021-12-22T03:00Z,final,2856,2546,CA Baptist,SE Missouri,84,68,,,,0,,,,,,,,,,2,,0,Riverside,CA,1,252,,,,-8.0,"43,41","34,34"
ncaab:401373874,ncaab,2021-12-22T04:00Z,final,204,2447,Oregon St,Nicholls,83,61,,,,0,,,,,,,,,,2,,0,Corvallis,OR,1,71,,,,-8.0,"41,42","25,36"
ncaab:401372328,ncaab,2021-12-22T16:00Z,final,2529,42,Sacred Heart,Hartford,71,78,,,,0,,,,,,,,,,2,,0,Fairfield,CT,1,4,,,,-8.0,"28,43","27,51"
ncaab:401385914,ncaab,2021-12-22T16:00Z,void,2803,2198,Bryant,E Kentucky,,,,,,0,,,,,,,,,,2,,0,Smithfield,RI,1,84,,,,-5.0,,
ncaab:401371582,ncaab,2021-12-22T17:00Z,void,45,2379,G Washington,MD Eastern,,,,,,0,,,,,,,,,,2,,0,Washington,DC,1,7,,,,-5.0,,
ncaab:401371786,ncaab,2021-12-22T17:00Z,void,111,179,Northeastern,St Bonaventure,,,,,,0,,,,,,,,,,2,,0,Boston,MA,1,14,,,,-5.0,,
ncaab:401372235,ncaab,2021-12-22T17:00Z,final,350,2097,UNC Wilmington,Campbell,65,58,,,,0,,,,,,,,,,2,,0,Wilmington,NC,1,9,,,,-5.0,"31,34","31,27"
ncaab:401369967,ncaab,2021-12-22T18:00Z,final,87,357,Notre Dame,Texas A&M-CC,83,73,,,,0,,,,,,,,,,2,,0,South Bend,IN,1,211,,,,-5.0,"42,41","37,36"
ncaab:401370973,ncaab,2021-12-22T18:00Z,void,113,2885,UMass,NJIT,,,,,,0,,,,,,,,,,2,,0,Amherst,MA,1,82,,,,-5.0,,
ncaab:401372224,ncaab,2021-12-22T18:00Z,final,2426,119,Navy,Towson,52,69,,,,0,,,,,,,,,,2,,0,Annapolis,MD,1,12,,,,-5.0,"25,27","40,29"
ncaab:401372243,ncaab,2021-12-22T18:00Z,final,2674,2729,Valparaiso,William & Mary,88,66,,,,0,,,,,,,,,,2,,0,Valparaiso,IN,1,242,,,,-6.0,"50,38","36,30"
ncaab:401396268,ncaab,2021-12-22T18:00Z,final,2166,3169,Davidson,J&W (NC),106,64,,,,0,,,,,,,,,,2,,0,Davidson,NC,1,256,,,,-5.0,"48,58","23,41"
ncaab:401370993,ncaab,2021-12-22T19:00Z,final,57,2619,Florida,Stony Brook,87,62,,,,0,,,,,,,,,,2,,0,Gainesville,FL,1,54,,,,-5.0,"48,39","27,35"
ncaab:401372317,ncaab,2021-12-22T19:00Z,final,2641,331,Texas Tech,E Washington,78,46,,,,0,,,,,,,,,,2,,0,Lubbock,TX,1,976,,,,-6.0,"50,28","27,19"
ncaab:401372441,ncaab,2021-12-22T19:00Z,void,27,70,UC Riverside,Idaho,,,,,,0,,,,,,,,,,2,,0,Riverside,CA,1,252,,,,-8.0,,
ncaab:401378567,ncaab,2021-12-22T19:00Z,final,261,2142,Vermont,Colgate,78,68,,,,0,,,,,,,,,,2,,0,Burlington,VT,1,61,,,,-5.0,"43,35","31,37"
ncaab:401385923,ncaab,2021-12-22T19:00Z,final,56,2496,Stetson,Piedmont,97,53,,,,0,,,,,,,,,,2,,0,DeLand,FL,1,12,,,,-5.0,"52,45","21,32"
ncaab:401396269,ncaab,2021-12-22T19:00Z,final,251,2011,Texas,Alabama St,68,48,,,,0,,,,,,,,,,2,,0,Austin,TX,1,149,,,,-6.0,"29,39","25,23"
ncaab:401373051,ncaab,2021-12-22T19:30Z,final,218,2169,Temple,Delaware St,85,48,,,,0,,,,,,,,,,2,,0,Philadelphia,PA,1,12,,,,-5.0,"35,50","25,23"
ncaab:401365303,ncaab,2021-12-22T20:00Z,void,161,2612,FDU,Saint Peter's,,,,,,0,,,,,,,,,,2,,0,Hackensack,NJ,1,6,,,,-5.0,,
ncaab:401369221,ncaab,2021-12-22T20:00Z,final,2460,2335,Northern Iowa,Liberty,74,76,,,,1,,,,,,,,,,2,,0,Honolulu,HI,1,5,,,,-10.0,"31,43","39,37"
ncaab:401371076,ncaab,2021-12-22T20:00Z,void,2184,2747,Duquesne,Wofford,,,,,,0,,,,,,,,,,2,,0,Pittsburgh,PA,1,233,,,,-5.0,,
ncaab:401371890,ncaab,2021-12-22T20:00Z,final,2579,349,South Carolina,Army,105,75,,,,0,,,,,,,,,,2,,0,Columbia,SC,1,89,,,,-5.0,"61,44","43,32"
ncaab:401365641,ncaab,2021-12-22T21:00Z,final,2172,2900,Denver,St Thomas,75,74,,,,0,,,,,,,,,,2,,0,Denver,CO,1,1609,,,,-7.0,"29,46","44,30"
ncaab:401371086,ncaab,2021-12-22T21:00Z,void,2230,290,Fordham,GA Southern,,,,,,0,,,,,,,,,,2,,0,Bronx,NY,1,28,,,,-5.0,,
ncaab:401371727,ncaab,2021-12-22T21:00Z,final,257,2083,Richmond,Bucknell,81,50,,,,0,,,,,,,,,,2,,0,Richmond,VA,1,64,,,,-5.0,"37,44","26,24"
ncaab:401372469,ncaab,2021-12-22T21:00Z,final,2540,304,Santa Barbara,Idaho St,56,43,,,,0,,,,,,,,,,2,,0,Santa Barbara,CA,1,15,,,,-8.0,"27,29","26,17"
ncaab:401373808,ncaab,2021-12-22T21:00Z,void,2261,2678,Hampton,VMI,,,,,,0,,,,,,,,,,2,,0,Hampton,VA,1,1,,,,-5.0,,
ncaab:401365304,ncaab,2021-12-22T22:00Z,void,213,2514,Penn State,Quinnipiac,,,,,,0,,,,,,,,,,2,,0,University Park,PA,1,348,,,,-5.0,,
ncaab:401371175,ncaab,2021-12-22T22:00Z,final,2539,79,San Francisco,S Illinois,64,52,,,,0,,,,,,,,,,2,,0,San Francisco,CA,1,16,,,,-8.0,"36,28","26,26"
ncaab:401371212,ncaab,2021-12-22T22:00Z,final,302,2501,UC Davis,Portland,60,65,,,,0,,,,,,,,,,2,,0,Davis,CA,1,16,,,,-8.0,"34,26","33,32"
ncaab:401372144,ncaab,2021-12-22T22:00Z,final,135,2739,Minnesota,Green Bay,72,56,,,,0,,,,,,,,,,2,,0,Minneapolis,MN,1,253,,,,-6.0,"28,44","29,27"
ncaab:401372655,ncaab,2021-12-22T22:00Z,final,2429,2717,Charlotte,W Carolina,98,82,,,,0,,,,,,,,,,2,,0,Charlotte,NC,1,229,,,,-5.0,"45,53","43,39"
ncaab:401378832,ncaab,2021-12-22T22:00Z,final,2547,2465,Seattle U,Northwest U,100,68,,,,0,,,,,,,,,,2,,0,Seattle,WA,1,56,,,,-8.0,"47,53","34,34"
ncaab:401383809,ncaab,2021-12-22T22:00Z,final,2348,3168,Louisiana Tech,Crowley Ridge,99,56,,,,0,,,,,,,,,,2,,0,Ruston,LA,1,102,,,,-6.0,"50,49","22,34"
ncaab:401384954,ncaab,2021-12-22T22:00Z,final,2463,3246,CSU Northridge,Bethesda,80,82,,,,0,,,,,,,,,,2,,0,Northridge,CA,1,246,,,,-8.0,"35,45","44,38"
ncaab:401372551,ncaab,2021-12-22T22:30Z,final,24,2751,Stanford,Wyoming,66,63,,,,1,,,,,,,,,,2,,0,Honolulu,HI,1,5,,,,-10.0,"35,31","30,33"
ncaab:401370063,ncaab,2021-12-22T23:00Z,void,154,103,Wake Forest,Boston College,,,,,,0,,,,,,,,,,2,,0,Winston-Salem,NC,1,293,,,,-5.0,,
ncaab:401371302,ncaab,2021-12-22T23:00Z,final,25,279,California,Pacific,73,53,,,,0,,,,,,,,,,2,,0,Berkeley,CA,1,52,,,,-8.0,"25,48","30,23"
ncaab:401371775,ncaab,2021-12-22T23:00Z,void,2603,107,Saint Joseph's,Holy Cross,,,,,,0,,,,,,,,,,2,,0,Philadelphia,PA,1,12,,,,-5.0,,
ncaab:401371838,ncaab,2021-12-22T23:00Z,final,2,93,Auburn,Murray St,71,58,,,,0,,,,,,,,,,2,,0,Auburn,AL,1,215,,,,-6.0,"37,34","27,31"
ncaab:401372324,ncaab,2021-12-22T23:00Z,final,277,2754,West Virginia,Youngstown St,82,52,,,,0,,,,,,,,,,2,,0,Morgantown,WV,1,271,,,,-5.0,"24,58","23,29"
ncaab:401373831,ncaab,2021-12-22T23:00Z,final,2382,2653,Mercer,Troy,65,69,,,,0,,,,,,,,,,2,,0,Macon,GA,1,112,,,,-5.0,"33,32","38,31"
ncaab:401396290,ncaab,2021-12-22T23:00Z,final,96,98,Kentucky,Western KY,95,60,,,,0,,,,,,,,,,2,,0,Lexington,KY,1,295,,,,-5.0,"37,58","28,32"
ncaab:401396691,ncaab,2021-12-22T23:00Z,final,2181,2130,Drake,Chicago St,87,50,,,,0,,,,,,,,,,2,,0,Des Moines,IA,1,266,,,,-6.0,"43,44","25,25"
ncaab:401373518,ncaab,2021-12-22T23:30Z,void,2507,46,Providence,Georgetown,,,,,,0,,,,,,,,,,2,,0,Providence,RI,1,2,,,,-5.0,,
ncaab:401365302,ncaab,2021-12-23T00:00Z,final,2405,2275,Monmouth,Hofstra,71,77,,,,0,,,,,,,,,,2,,0,West Long Branch,NJ,1,9,,,,-5.0,"34,37","46,31"
ncaab:401365305,ncaab,2021-12-23T00:00Z,final,2368,2065,Marist,Bethune,68,45,,,,0,,,,,,,,,,2,,0,Poughkeepsie,NY,1,62,,,,-5.0,"33,35","18,27"
ncaab:401370045,ncaab,2021-12-23T00:00Z,final,258,228,Virginia,Clemson,50,67,,,,0,,,,,,,,,,2,,0,Charlottesville,VA,1,142,,,,-5.0,"27,23","35,32"
ncaab:401371064,ncaab,2021-12-23T00:00Z,void,227,225,Rhode Island,Brown,,,,,,0,,,,,,,,,,2,,0,Kingston,RI,1,75,,,,-5.0,,
ncaab:401371851,ncaab,2021-12-23T00:00Z,final,61,2193,Georgia,ETSU,84,86,,,,0,,,,,,,,,,2,,0,Athens,GA,1,228,,,,-5.0,"39,45","48,38"
ncaab:401371901,ncaab,2021-12-23T00:00Z,final,2633,12,Tennessee,Arizona,77,73,,,,0,,,,,,,,,,2,,0,Knoxville,TN,1,276,,,,-5.0,"34,43","21,52"
ncaab:401371946,ncaab,2021-12-23T00:00Z,final,2116,2453,UCF,North Alabama,75,64,,,,0,,,,,,,,,,2,,0,Orlando,FL,1,30,,,,-5.0,"43,32","36,28"
ncaab:401371958,ncaab,2021-12-23T00:00Z,final,2724,2504,Wichita St,Prairie View,102,66,,,,0,,,,,,,,,,2,,0,Wichita,KS,1,396,,,,-6.0,"57,45","33,33"
ncaab:401372119,ncaab,2021-12-23T00:00Z,final,84,94,Indiana,N Kentucky,79,61,,,,0,,,,,,,,,,2,,0,Bloomington,IN,1,235,,,,-5.0,"38,41","14,47"
ncaab:401372190,ncaab,2021-12-23T00:00Z,final,295,232,Old Dominion,Charleston,80,82,,,,0,,,,,,,,,,2,,0,Norfolk,VA,1,2,,,,-5.0,"39,41","41,41"
ncaab:401372631,ncaab,2021-12-23T00:00Z,void,116,2378,Mount St Marys,UMBC,,,,,,0,,,,,,,,,,2,,0,Emmitsburg,MD,1,133,,,,-5.0,,
ncaab:401372645,ncaab,2021-12-23T00:00Z,final,2598,2523,Saint Francis,Robert Morris,67,75,,,,0,,,,,,,,,,2,,0,Loretto,PA,1,595,,,,-5.0,"30,37","35,40"
ncaab:401372754,ncaab,2021-12-23T00:00Z,final,236,2393,Chattanooga,MTSU,77,65,,,,0,,,,,,,,,,2,,0,Chattanooga,TN,1,206,,,,-5.0,"31,46","34,31"
ncaab:401373382,ncaab,2021-12-23T00:00Z,final,322,461,Lafayette,Gwynedd Mercy,87,66,,,,0,,,,,,,,,,2,,0,Easton,PA,1,97,,,,-5.0,"48,39","24,42"
ncaab:401376708,ncaab,2021-12-23T00:00Z,final,2428,2534,NC Central,Sam Houston,51,68,,,,1,,,,,,,,,,2,,0,El Paso,TX,1,1133,,,,-7.0,"21,30","36,32"
ncaab:401385927,ncaab,2021-12-23T00:00Z,final,2099,526,Canisius,FGCU,97,90,,,,0,,,,,,,,,,2,,0,Buffalo,NY,1,183,,,,-5.0,"40,41,16","27,54,9"
ncaab:401369220,ncaab,2021-12-23T00:30Z,final,158,338,Nebraska,Kennesaw St,88,74,,,,0,,,,,,,,,,2,,0,Lincoln,NE,1,367,,,,-6.0,"45,43","34,40"
ncaab:401372826,ncaab,2021-12-23T00:30Z,final,5,2400,UAB,Miss Valley St,100,58,,,,0,,,,,,,,,,2,,0,Birmingham,AL,1,187,,,,-6.0,"40,60","28,30"
ncaab:401365078,ncaab,2021-12-23T01:00Z,void,2459,282,N Illinois,Indiana St,,,,,,0,,,,,,,,,,2,,0,Dekalb,IL,1,268,,,,-6.0,,
ncaab:401365637,ncaab,2021-12-23T01:00Z,final,233,140,South Dakota,Kansas City,57,68,,,,0,,,,,,,,,,2,,0,Vermillion,SD,1,374,,,,-6.0,"26,31","38,30"
ncaab:401365638,ncaab,2021-12-23T01:00Z,final,2437,2710,Omaha,W Illinois,84,78,,,,0,,,,,,,,,,2,,0,Omaha,NE,1,323,,,,-6.0,"40,44","34,44"
ncaab:401365639,ncaab,2021-12-23T01:00Z,final,2571,198,S Dakota St,Oral Roberts,82,76,,,,0,,,,,,,,,,2,,0,Brookings,SD,1,494,,,,-6.0,"38,44","29,47"
ncaab:401365640,ncaab,2021-12-23T01:00Z,final,2449,155,N Dakota St,North Dakota,86,76,,,,0,,,,,,,,,,2,,0,Fargo,ND,1,276,,,,-6.0,"45,41","39,37"
ncaab:401371441,ncaab,2021-12-23T01:00Z,final,2000,2344,Abilene Chrstn,Longwood,74,58,,,,0,,,,,,,,,,2,,0,Abilene,TX,1,524,,,,-6.0,"35,39","34,24"
ncaab:401371818,ncaab,2021-12-23T01:00Z,final,248,326,Houston,Texas St,80,47,,,,0,,,,,,,,,,2,,0,Houston,TX,1,12,,,,-6.0,"45,35","22,25"
ncaab:401371863,ncaab,2021-12-23T01:00Z,final,99,288,LSU,Lipscomb,95,60,,,,0,,,,,,,,,,2,,0,Baton Rouge,LA,1,14,,,,-6.0,"48,47","24,36"
ncaab:401372259,ncaab,2021-12-23T01:00Z,final,201,2016,Oklahoma,Alcorn St,72,48,,,,0,,,,,,,,,,2,,0,Norman,OK,1,357,,,,-6.0,"34,38","15,33"
ncaab:401372379,ncaab,2021-12-23T01:00Z,final,265,68,Washington St,Boise St,52,58,,,,0,,,,,,,,,,2,,0,Spokane,WA,1,571,,,,-8.0,"24,28","19,39"
ncaab:401372846,ncaab,2021-12-23T01:00Z,void,2636,3158,UTSA,Lady of Lake,,,,,,0,,,,,,,,,,2,,0,San Antonio,TX,1,198,,,,-6.0,,
ncaab:401373839,ncaab,2021-12-23T01:00Z,final,250,2758,UT Arlington,Howard Payne,95,46,,,,0,,,,,,,,,,2,,0,Arlington,TX,1,184,,,,-6.0,"59,36","14,32"
ncaab:401369860,ncaab,2021-12-23T02:00Z,final,150,259,Duke,Virginia Tech,76,65,,,,0,,,,,,,,,,2,,0,Durham,NC,1,123,,,,-5.0,"32,44","36,29"
ncaab:401371442,ncaab,2021-12-23T02:00Z,final,253,3101,Southern Utah,Utah Tech,87,59,,,,0,,,,,,,,,,2,,0,Cedar City,UT,1,1782,,,,-7.0,"50,37","17,42"
ncaab:401371877,ncaab,2021-12-23T02:00Z,final,356,142,Illinois,Missouri,88,63,,,,1,,,,,,,,,,2,,0,St. Louis,MO,1,142,,,,-6.0,"40,48","26,37"
ncaab:401372474,ncaab,2021-12-23T02:00Z,final,21,28,San Diego St,UC San Diego,78,57,,,,0,,,,,,,,,,2,,0,San Diego,CA,1,20,,,,-8.0,"45,33","30,27"
ncaab:401372533,ncaab,2021-12-23T02:00Z,final,147,112679,Montana St,Nelson,124,73,,,,0,,,,,,,,,,2,,0,Bozeman,MT,1,1468,,,,-7.0,"57,67","26,47"
ncaab:401376709,ncaab,2021-12-23T02:23Z,final,2638,71,UTEP,Bradley,66,73,,,,1,,,,,,,,,,2,,0,El Paso,TX,1,1133,,,,-7.0,"33,33","30,43"
ncaab:401371300,ncaab,2021-12-23T02:30Z,final,58,252,South Florida,BYU,39,54,,,,1,,,,,,,,,,2,,0,Honolulu,HI,1,5,,,,-10.0,"22,17","31,23"
ncaab:401371211,ncaab,2021-12-23T03:00Z,final,2608,2623,Saint Mary's,Missouri St,75,58,,,,0,,,,,,,,,,2,,0,Moraga,CA,1,152,,,,-8.0,"33,42","36,22"
ncaab:401372485,ncaab,2021-12-23T03:00Z,final,2439,301,UNLV,San Diego,80,57,,,,0,,,,,,,,,,2,,0,Las Vegas,NV,1,610,,,,-8.0,"42,38","24,33"
ncaab:401373880,ncaab,2021-12-23T03:00Z,void,26,13,UCLA,Cal Poly,,,,,,0,,,,,,,,,,2,,0,Los Angeles,CA,1,89,,,,-8.0,,
ncaab:401371810,ncaab,2021-12-23T04:59Z,final,62,238,Hawai'i,Vanderbilt,54,68,,,,0,,,,,,,,,,2,,0,Honolulu,HI,1,5,,,,-10.0,"24,30","35,33"
ncaab:401372923,ncaab,2021-12-23T18:00Z,void,2349,2597,UMass Lowell,St Francis BK,,,,,,0,,,,,,,,,,2,,0,Lowell,MA,1,36,,,,-5.0,,
ncaab:401365306,ncaab,2021-12-23T19:00Z,final,2217,2681,Fairfield,Wagner,50,63,,,,0,,,,,,,,,,2,,0,Bridgeport,CT,1,1,,,,-5.0,"24,26","28,35"
ncaab:401371121,ncaab,2021-12-23T19:00Z,void,43,47,Yale,Howard,,,,,,0,,,,,,,,,,2,,0,New Haven,CT,1,18,,,,-5.0,,
ncaab:401373029,ncaab,2021-12-23T19:00Z,final,270,2615,Milwaukee,Saint Xavier,74,52,,,,0,,,,,,,,,,2,,0,Milwaukee,WI,1,188,,,,-6.0,"34,40","25,27"
ncaab:401371303,ncaab,2021-12-23T21:00Z,final,2492,2716,Pepperdine,Westmont,96,69,,,,0,,,,,,,,,,2,,0,Malibu,CA,1,32,,,,-8.0,"49,47","34,35"
ncaab:401376696,ncaab,2021-12-23T21:00Z,final,24,2335,Stanford,Liberty,79,76,,,,1,,,,,,,,,,2,,0,Honolulu,HI,1,5,,,,-10.0,"36,43","36,40"
ncaab:401372395,ncaab,2021-12-23T23:00Z,final,2692,278,Weber St,Fresno St,43,69,,,,0,,,,,,,,,,2,,0,Ogden,UT,1,1311,,,,-7.0,"18,25","44,25"
ncaab:401373519,ncaab,2021-12-23T23:30Z,void,2599,2086,St John's,Butler,,,,,,0,,,,,,,,,,2,,0,Queens,NY,1,12,,,,-5.0,,
ncaab:401376692,ncaab,2021-12-23T23:43Z,final,2751,2460,Wyoming,Northern Iowa,71,69,,,,1,,,,,,,,,,2,,0,Honolulu,HI,1,5,,,,-10.0,"28,43","27,42"
ncaab:401369899,ncaab,2021-12-24T00:00Z,void,59,2010,Georgia Tech,Alabama A&M,,,,,,0,,,,,,,,,,2,,0,Atlanta,GA,1,320,,,,-5.0,,
ncaab:401396710,ncaab,2021-12-24T00:00Z,void,275,2244,Wisconsin,George Mason,,,,,,0,,,,,,,,,,2,,0,Madison,WI,1,267,,,,-6.0,,
ncaab:401372171,ncaab,2021-12-24T01:30Z,void,164,2115,Rutgers,C Connecticut,,,,,,0,,,,,,,,,,2,,0,Piscataway,NJ,1,30,,,,-5.0,,
ncaab:401373520,ncaab,2021-12-24T01:30Z,void,305,2550,DePaul,Seton Hall,,,,,,0,,,,,,,,,,2,,0,Chicago,IL,1,179,,,,-6.0,,
ncaab:401376694,ncaab,2021-12-24T03:00Z,final,238,252,Vanderbilt,BYU,69,67,,,,1,,,,,,,,,,2,,0,Honolulu,HI,1,5,,,,-10.0,"30,39","35,32"
ncaab:401376695,ncaab,2021-12-24T05:30Z,final,62,58,Hawai'i,South Florida,69,76,,,,0,,,,,,,,,,2,,0,Honolulu,HI,1,5,,,,-10.0,"23,46","34,42"
ncaab:401376687,ncaab,2021-12-25T18:30Z,final,58,2751,South Florida,Wyoming,57,77,,,,1,,,,,,,,,,2,,0,Honolulu,HI,1,5,,,,-10.0,"33,24","33,44"
ncaab:401376689,ncaab,2021-12-25T20:30Z,void,62,2460,Hawai'i,Northern Iowa,,,,,,0,,,,,,,,,,2,,0,Honolulu,HI,1,5,,,,-10.0,,
ncaab:401376690,ncaab,2021-12-25T23:30Z,final,252,2335,BYU,Liberty,80,75,,,,1,,,,,,,,,,2,,0,Honolulu,HI,1,5,,,,-10.0,"32,48","33,42"
ncaab:401376691,ncaab,2021-12-26T01:30Z,void,238,24,Vanderbilt,Stanford,,,,,,1,,,,,,,,,,2,,0,Honolulu,HI,1,5,,,,-10.0,,
ncaab:401378594,ncaab,2021-12-27T17:00Z,void,2415,111942,Morgan St,PSU Wilkes-Bar,,,,,,0,,,,,,,,,,2,,0,Baltimore,MD,1,10,,,,-5.0,,
ncaab:401397437,ncaab,2021-12-27T23:00Z,final,183,225,Syracuse,Brown,93,62,,,,0,,,,,,,,,,2,,0,Syracuse,NY,1,121,,,,-5.0,"38,55","32,30"
ncaab:401393885,ncaab,2021-12-28T01:00Z,final,245,2937,Texas A&M,Dallas Chrstn,102,52,,,,0,,,,,,,,,,2,,0,College Station,TX,1,103,,,,-6.0,"54,48","18,34"
ncaab:401365307,ncaab,2021-12-28T19:00Z,void,44,2561,American,Siena,,,,,,0,,,,,,,,,,2,,0,Washington,DC,1,7,,,,-5.0,,
ncaab:401371112,ncaab,2021-12-28T19:00Z,void,219,256,Penn,James Madison,,,,,,0,,,,,,,,,,2,,0,Philadelphia,PA,1,12,,,,-5.0,,
ncaab:401372318,ncaab,2021-12-28T19:00Z,final,2641,2011,Texas Tech,Alabama St,75,53,,,,0,,,,,,,,,,2,,0,Lubbock,TX,1,976,,,,-6.0,"42,33","27,26"
ncaab:401374418,ncaab,2021-12-28T19:00Z,void,172,42,Cornell,Hartford,,,,,,0,,,,,,,,,,2,,0,Ithaca,NY,1,125,,,,-5.0,,
ncaab:401398431,ncaab,2021-12-28T19:00Z,void,2612,39,Saint Peter's,CT College,,,,,,0,,,,,,,,,,2,,0,Jersey City,NJ,1,9,,,,-5.0,,
ncaab:401372608,ncaab,2021-12-28T19:30Z,void,204,16,Oregon St,Sacramento St,,,,,,0,,,,,,,,,,2,,0,Corvallis,OR,1,71,,,,-8.0,,
ncaab:401371304,ncaab,2021-12-28T22:00Z,final,2250,2453,Gonzaga,North Alabama,93,63,,,,0,,,,,,,,,,2,,0,Spokane,WA,1,571,,,,-8.0,"47,46","25,38"
ncaab:401371635,ncaab,2021-12-28T23:30Z,void,194,2443,Ohio State,LSU N Orleans,,,,,,0,,,,,,,,,,2,,0,Columbus,OH,1,235,,,,-5.0,,
ncaab:401365080,ncaab,2021-12-29T00:00Z,void,195,2199,Ohio,E Michigan,,,,,,0,,,,,,,,,,2,,0,Athens,OH,1,219,,,,-5.0,,
ncaab:401369222,ncaab,2021-12-29T00:00Z,final,55,3117,Jax State,Carver,123,59,,,,0,,,,,,,,,,2,,0,Jacksonville,AL,1,216,,,,-6.0,"64,59","29,30"
ncaab:401372355,ncaab,2021-12-29T00:00Z,void,2674,2504,Valparaiso,Prairie View,,,,,,0,,,,,,,,,,2,,0,Valparaiso,IN,1,242,,,,-6.0,,
ncaab:401373521,ncaab,2021-12-29T00:00Z,void,2752,41,Xavier,UConn,,,,,,0,,,,,,,,,,2,,0,Cincinnati,OH,1,191,,,,-5.0,,
ncaab:401369988,ncaab,2021-12-29T01:00Z,final,221,87,Pitt,Notre Dame,67,68,,,,0,,,,,,,,,,2,,0,Pittsburgh,PA,1,233,,,,-5.0,"30,37","30,38"
ncaab:401371062,ncaab,2021-12-29T01:00Z,void,171,2379,Columbia,MD Eastern,,,,,,0,,,,,,,,,,2,,0,New York,NY,1,10,,,,-5.0,,
ncaab:401371634,ncaab,2021-12-29T01:00Z,final,239,2466,Baylor,N'Western St,104,68,,,,0,,,,,,,,,,2,,0,Waco,TX,1,143,,,,-6.0,"58,46","30,38"
ncaab:401372278,ncaab,2021-12-29T01:00Z,final,2181,573,Drake,Mount Marty,82,53,,,,0,,,,,,,,,,2,,0,Des Moines,IA,1,266,,,,-6.0,"42,40","13,40"
ncaab:401377691,ncaab,2021-12-29T01:00Z,void,248,2132,Houston,Cincinnati,,,,,,0,,,,,,,,,,2,,0,Houston,TX,1,12,,,,-6.0,,
ncaab:401386567,ncaab,2021-12-29T01:00Z,void,249,108817,North Texas,LSU Alexandria,,,,,,0,,,,,,,,,,2,,0,Denton,TX,1,201,,,,-6.0,,
ncaab:401398370,ncaab,2021-12-29T01:00Z,final,79,2755,S Illinois,Grambling,75,64,,,,0,,,,,,,,,,2,,0,Carbondale,IL,1,126,,,,-6.0,"41,34","25,39"
ncaab:401373861,ncaab,2021-12-29T01:30Z,final,251,2916,Texas,Incarnate Word,78,33,,,,0,,,,,,,,,,2,,0,Austin,TX,1,149,,,,-6.0,"39,39","14,19"
ncaab:401398430,ncaab,2021-12-29T01:30Z,final,120,2329,Maryland,Lehigh,76,55,,,,0,,,,,,,,,,2,,0,College Park,MD,1,21,,,,-5.0,"37,39","34,21"
ncaab:401364710,ncaab,2021-12-29T02:00Z,final,68,278,Boise St,Fresno St,65,55,,,,0,,,,,,,,,,2,,0,Boise,ID,1,823,,,,-7.0,"35,30","25,30"
ncaab:401371176,ncaab,2021-12-29T02:00Z,final,2539,3136,San Francisco,Academy of Art,111,78,,,,0,,,,,,,,,,2,,0,San Francisco,CA,1,16,,,,-8.0,"55,56","41,37"
ncaab:401373522,ncaab,2021-12-29T02:00Z,void,156,46,Creighton,Georgetown,,,,,,0,,,,,,,,,,2,,0,Omaha,NE,1,323,,,,-6.0,,
ncaab:401373648,ncaab,2021-12-29T02:00Z,void,302,27,UC Davis,UC Riverside,,,,,,0,,,,,,,,,,2,,0,Davis,CA,1,16,,,,-8.0,,
ncaab:401396690,ncaab,2021-12-29T02:00Z,void,299,3091,Long Beach St,Hope Int'l,,,,,,0,,,,,,,,,,2,,0,Long Beach,CA,1,9,,,,-8.0,,
ncaab:401371122,ncaab,2021-12-29T03:00Z,final,2608,43,Saint Mary's,Yale,87,60,,,,0,,,,,,,,,,2,,0,Moraga,CA,1,152,,,,-8.0,"46,41","25,35"
ncaab:401397837,ncaab,2021-12-29T03:00Z,final,2856,2318,CA Baptist,La Verne,96,41,,,,0,,,,,,,,,,2,,0,Riverside,CA,1,252,,,,-8.0,"50,46","21,20"
ncaab:401364709,ncaab,2021-12-29T04:00Z,void,167,36,New Mexico,Colorado St,,,,,,0,,,,,,,,,,2,,0,Albuquerque,NM,1,1511,,,,-7.0,,
ncaab:401370983,ncaab,2021-12-29T18:00Z,void,159,160,Dartmouth,New Hampshire,,,,,,0,,,,,,,,,,2,,0,Hanover,NH,1,162,,,,-5.0,,
ncaab:401369933,ncaab,2021-12-29T19:00Z,void,228,150,Clemson,Duke,,,,,,0,,,,,,,,,,2,,0,Clemson,SC,1,221,,,,-5.0,,
ncaab:401378651,ncaab,2021-12-29T19:00Z,void,2296,111951,Jackson St,SE Baptist,,,,,,0,,,,,,,,,,2,,0,Jackson,MS,1,85,,,,-6.0,,
ncaab:401364712,ncaab,2021-12-29T20:00Z,final,2005,328,Air Force,Utah State,49,47,,,,0,,,,,,,,,,2,,0,Colorado Springs,CO,1,1832,,,,-7.0,"22,27","22,25"
ncaab:401371891,ncaab,2021-12-29T20:00Z,void,2579,2569,South Carolina,SC State,,,,,,0,,,,,,,,,,2,,0,Columbia,SC,1,89,,,,-5.0,,
ncaab:401372140,ncaab,2021-12-29T20:00Z,final,127,2272,Michigan St,High Point,81,68,,,,0,,,,,,,,,,2,,0,East Lansing,MI,1,261,,,,-5.0,"34,47","35,33"
ncaab:401365079,ncaab,2021-12-29T21:00Z,final,2084,193,Buffalo,Miami OH,81,91,,,,0,,,,,,,,,,2,,0,Buffalo,NY,1,183,,,,-5.0,"40,41","33,58"
ncaab:401369224,ncaab,2021-12-29T21:00Z,final,294,3117,Jacksonville,Carver,98,45,,,,0,,,,,,,,,,2,,0,Jacksonville,FL,1,5,,,,-5.0,"52,46","24,21"
ncaab:401372268,ncaab,2021-12-29T21:00Z,void,2628,2640,TCU,Texas Southern,,,,,,0,,,,,,,,,,2,,0,Fort Worth,TX,1,199,,,,-6.0,,
ncaab:401365082,ncaab,2021-12-29T21:30Z,final,2309,2117,Kent State,C Michigan,69,72,,,,0,,,,,,,,,,2,,0,Kent,OH,1,325,,,,-5.0,"30,39","31,41"
ncaab:401364840,ncaab,2021-12-29T22:00Z,void,145,57,Ole Miss,Florida,,,,,,0,,,,,,,,,,2,,0,Oxford,MS,1,154,,,,-6.0,,
ncaab:401364843,ncaab,2021-12-29T22:00Z,final,344,8,Mississippi St,Arkansas,81,68,,,,0,,,,,,,,,,2,,0,Starkville,MS,1,101,,,,-6.0,"33,48","31,37"
ncaab:401365084,ncaab,2021-12-29T22:00Z,void,2459,2050,N Illinois,Ball State,,,,,,0,,,,,,,,,,2,,0,Dekalb,IL,1,268,,,,-6.0,,
ncaab:401369916,ncaab,2021-12-29T22:00Z,void,103,52,Boston College,Florida St,,,,,,0,,,,,,,,,,2,,0,Chestnut Hill,MA,1,60,,,,-5.0,,
ncaab:401372167,ncaab,2021-12-29T22:00Z,final,2509,2447,Purdue,Nicholls,104,90,,,,0,,,,,,,,,,2,,0,West Lafayette,IN,1,186,,,,-5.0,"55,49","36,54"
ncaab:401373525,ncaab,2021-12-29T22:00Z,final,2086,305,Butler,DePaul,63,59,,,,0,,,,,,,,,,2,,0,Indianapolis,IN,1,218,,,,-5.0,"37,26","26,33"
ncaab:401365409,ncaab,2021-12-29T23:00Z,void,232,2182,Charleston,Drexel,,,,,,0,,,,,,,,,,2,,0,Charleston,SC,1,6,,,,-5.0,,
ncaab:401372163,ncaab,2021-12-29T23:00Z,void,213,2169,Penn State,Delaware St,,,,,,0,,,,,,,,,,2,,0,University Park,PA,1,348,,,,-5.0,,
ncaab:401398970,ncaab,2021-12-29T23:00Z,final,2754,190,Youngstown St,Defiance,96,56,,,,0,,,,,,,,,,2,,0,Youngstown,OH,1,,,,,,"49,47","21,35"
ncaab:401370994,ncaab,2021-12-29T23:30Z,final,2619,3149,Stony Brook,Farmingdale St,87,57,,,,0,,,,,,,,,,2,,0,Stony Brook,NY,1,27,,,,-5.0,"46,41","21,36"
ncaab:401364839,ncaab,2021-12-30T00:00Z,final,96,142,Kentucky,Missouri,83,56,,,,0,,,,,,,,,,2,,0,Lexington,KY,1,295,,,,-5.0,"44,39","27,29"
ncaab:401364842,ncaab,2021-12-30T00:00Z,final,2,99,Auburn,LSU,70,55,,,,0,,,,,,,,,,2,,0,Auburn,AL,1,215,,,,-6.0,"32,38","21,34"
ncaab:401365081,ncaab,2021-12-30T00:00Z,final,2649,2711,Toledo,W Michigan,83,56,,,,0,,,,,,,,,,2,,0,Toledo,OH,1,186,,,,-5.0,"40,43","25,31"
ncaab:401365083,ncaab,2021-12-30T00:00Z,void,189,2006,Bowling Green,Akron,,,,,,0,,,,,,,,,,2,,0,Bowling Green,OH,1,212,,,,-5.0,,
ncaab:401365407,ncaab,2021-12-30T00:00Z,final,2210,111,Elon,Northeastern,79,62,,,,0,,,,,,,,,,2,,0,Elon,NC,1,215,,,,-5.0,"46,33","24,38"
ncaab:401365408,ncaab,2021-12-30T00:00Z,final,350,48,UNC Wilmington,Delaware,70,68,,,,0,,,,,,,,,,2,,0,Wilmington,NC,1,9,,,,-5.0,"32,38","32,36"
ncaab:401365410,ncaab,2021-12-30T00:00Z,final,2729,2275,William & Mary,Hofstra,63,62,,,,0,,,,,,,,,,2,,0,Williamsburg,VA,1,25,,,,-5.0,"30,33","26,36"
ncaab:401365497,ncaab,2021-12-30T00:00Z,void,2643,2382,The Citadel,Mercer,,,,,,0,,,,,,,,,,2,,0,Charleston,SC,1,6,,,,-5.0,,
ncaab:401365499,ncaab,2021-12-30T00:00Z,final,231,2535,Furman,Samford,81,49,,,,0,,,,,,,,,,2,,0,Greenville,SC,1,307,,,,-5.0,"48,33","21,28"
ncaab:401365500,ncaab,2021-12-30T00:00Z,void,2717,2430,W Carolina,UNC Greensboro,,,,,,0,,,,,,,,,,2,,0,Cullowhee,NC,1,645,,,,-5.0,,
ncaab:401365501,ncaab,2021-12-30T00:00Z,final,2747,2678,Wofford,VMI,73,80,,,,0,,,,,,,,,,2,,0,Spartanburg,SC,1,246,,,,-5.0,"29,44","39,41"
ncaab:401369952,ncaab,2021-12-30T00:00Z,void,153,259,North Carolina,Virginia Tech,,,,,,0,,,,,,,,,,2,,0,Chapel Hill,NC,1,148,,,,-5.0,,
ncaab:401370816,ncaab,2021-12-30T00:00Z,final,2115,2803,C Connecticut,Bryant,76,80,,,,0,,,,,,,,,,2,,0,New Britain,CT,1,51,,,,-5.0,"31,45","40,40"
ncaab:401370847,ncaab,2021-12-30T00:00Z,final,2771,2597,Merrimack,St Francis BK,74,64,,,,0,,,,,,,,,,2,,0,North Andover,MA,1,29,,,,-5.0,"37,37","24,40"
ncaab:401370856,ncaab,2021-12-30T00:00Z,void,116,161,Mount St Marys,FDU,,,,,,0,,,,,,,,,,2,,0,Emmitsburg,MD,1,133,,,,-5.0,,
ncaab:401370865,ncaab,2021-12-30T00:00Z,final,2529,112358,Sacred Heart,Long Island,69,65,,,,0,,,,,,,,,,2,,0,Fairfield,CT,1,4,,,,-8.0,"34,35","37,28"
ncaab:401370883,ncaab,2021-12-30T00:00Z,final,2598,2681,Saint Francis,Wagner,64,72,,,,0,,,,,,,,,,2,,0,Loretto,PA,1,595,,,,-5.0,"30,34","31,41"
ncaab:401370943,ncaab,2021-12-30T00:00Z,void,399,2083,UAlbany,Bucknell,,,,,,0,,,,,,,,,,2,,0,Albany,NY,1,45,,,,-5.0,,
ncaab:401370952,ncaab,2021-12-30T00:00Z,void,2066,347,Binghamton,Elmira,,,,,,0,,,,,,,,,,2,,0,Binghamton,NY,1,264,,,,-5.0,,
ncaab:401371852,ncaab,2021-12-30T00:00Z,final,61,2241,Georgia,Gardner-Webb,60,77,,,,0,,,,,,,,,,2,,0,Athens,GA,1,228,,,,-5.0,"31,29","44,33"
ncaab:401371932,ncaab,2021-12-30T00:00Z,void,58,2400,South Florida,Miss Valley St,,,,,,0,,,,,,,,,,2,,0,Tampa,FL,1,1,,,,-5.0,,
ncaab:401372120,ncaab,2021-12-30T00:00Z,void,84,2427,Indiana,UNC Asheville,,,,,,0,,,,,,,,,,2,,0,Bloomington,IN,1,235,,,,-5.0,,
ncaab:401372918,ncaab,2021-12-30T00:00Z,void,2378,2515,UMBC,Radford,,,,,,0,,,,,,,,,,2,,0,Baltimore,MD,1,10,,,,-5.0,,
ncaab:401373216,ncaab,2021-12-30T00:00Z,final,2413,2197,Morehead St,E Illinois,63,50,,,,0,,,,,,,,,,2,,0,Morehead,KY,1,153,,,,-6.0,"23,40","26,24"
ncaab:401373524,ncaab,2021-12-30T00:00Z,final,2507,2550,Providence,Seton Hall,70,65,,,,0,,,,,,,,,,2,,0,Providence,RI,1,2,,,,-5.0,"36,34","27,38"
ncaab:401376557,ncaab,2021-12-30T00:00Z,final,2329,2196,Lehigh,Eastern,70,63,,,,0,,,,,,,,,,2,,0,Bethlehem,PA,1,109,,,,-5.0,"28,42","30,33"
ncaab:401377693,ncaab,2021-12-30T00:00Z,void,151,2724,East Carolina,Wichita St,,,,,,0,,,,,,,,,,2,,0,Greenville,NC,1,18,,,,-5.0,,
ncaab:401396730,ncaab,2021-12-30T00:00Z,final,282,111166,Indiana St,Midway,107,51,,,,0,,,,,,,,,,2,,0,Terre Haute,IN,1,152,,,,-5.0,"53,54","25,26"
ncaab:401398351,ncaab,2021-12-30T00:00Z,final,183,172,Syracuse,Cornell,80,68,,,,0,,,,,,,,,,2,,0,Syracuse,NY,1,121,,,,-5.0,"34,46","29,39"
ncaab:401381766,ncaab,2021-12-30T00:05Z,void,2065,107730,Bethune,FL National,,,,,,0,,,,,,,,,,2,,0,Daytona Beach,FL,1,4,,,,-5.0,,
ncaab:401372679,ncaab,2021-12-30T00:30Z,void,2097,2450,Campbell,Norfolk St,,,,,,0,,,,,,,,,,2,,0,Buies Creek,NC,1,63,,,,-5.0,,
ncaab:401369223,ncaab,2021-12-30T01:00Z,void,71,91,Bradley,Bellarmine,,,,,,0,,,,,,,,,,2,,0,Peoria,IL,1,153,,,,-6.0,,
ncaab:401369225,ncaab,2021-12-30T01:00Z,final,245,2110,Texas A&M,C Arkansas,85,59,,,,0,,,,,,,,,,2,,0,College Station,TX,1,103,,,,-6.0,"35,50","34,25"
ncaab:401370112,ncaab,2021-12-30T01:00Z,final,97,154,Louisville,Wake Forest,73,69,,,,0,,,,,,,,,,2,,0,Louisville,KY,1,142,,,,-5.0,"26,47","31,38"
ncaab:401372129,ncaab,2021-12-30T01:00Z,final,2294,2710,Iowa,W Illinois,92,71,,,,0,,,,,,,,,,2,,0,Iowa City,IA,1,204,,,,-6.0,"53,39","33,38"
ncaab:401372145,ncaab,2021-12-30T01:00Z,void,135,2016,Minnesota,Alcorn St,,,,,,0,,,,,,,,,,2,,0,Minneapolis,MN,1,253,,,,-6.0,,
ncaab:401372176,ncaab,2021-12-30T01:00Z,final,275,2287,Wisconsin,Illinois St,89,85,,,,0,,,,,,,,,,2,,0,Madison,WI,1,267,,,,-6.0,"46,43","36,49"
ncaab:401372256,ncaab,2021-12-30T01:00Z,void,2306,2454,Kansas St,North Florida,,,,,,0,,,,,,,,,,2,,0,Manhattan,KS,1,311,,,,-6.0,,
ncaab:401373523,ncaab,2021-12-30T01:00Z,void,2599,269,St John's,Marquette,,,,,,0,,,,,,,,,,2,,0,Queens,NY,1,12,,,,-5.0,,
ncaab:401374303,ncaab,2021-12-30T01:00Z,final,2900,121894,St Thomas,N Central,97,45,,,,0,,,,,,,,,,2,,0,Saint Paul,MN,1,242,,,,-6.0,"44,53","22,23"
ncaab:401377692,ncaab,2021-12-30T01:00Z,final,2655,235,Tulane,Memphis,85,84,,,,0,,,,,,,,,,2,,0,New Orleans,LA,1,0,,,,-6.0,"39,46","32,52"
ncaab:401377694,ncaab,2021-12-30T01:00Z,final,202,2567,Tulsa,SMU,69,74,,,,0,,,,,,,,,,2,,0,Tulsa,OK,1,220,,,,-6.0,"33,36","43,31"
ncaab:401377976,ncaab,2021-12-30T01:00Z,void,2545,2398,SE Louisiana,Millsaps,,,,,,0,,,,,,,,,,2,,0,Hammond,LA,1,13,,,,-6.0,,
ncaab:401382270,ncaab,2021-12-30T01:00Z,void,2460,2685,Northern Iowa,Wartburg,,,,,,0,,,,,,,,,,2,,0,Cedar Falls,IA,1,268,,,,-6.0,,
ncaab:401398463,ncaab,2021-12-30T01:00Z,final,2305,2440,Kansas,Nevada,88,61,,,,0,,,,,,,,,,2,,0,Lawrence,KS,1,263,,,,-6.0,"39,49","27,34"
ncaab:401364841,ncaab,2021-12-30T02:00Z,final,333,2633,Alabama,Tennessee,73,68,,,,0,,,,,,,,,,2,,0,Tuscaloosa,AL,1,68,,,,-6.0,"33,40","33,35"
ncaab:401371305,ncaab,2021-12-30T02:00Z,final,252,224,BYU,Westminster UT,65,53,,,,0,,,,,,,,,,2,,0,Provo,UT,1,1387,,,,-7.0,"29,36","24,29"
ncaab:401372035,ncaab,2021-12-30T02:00Z,void,222,218,Villanova,Temple,,,,,,0,,,,,,,,,,2,,0,Villanova,PA,1,121,,,,-5.0,,
ncaab:401372114,ncaab,2021-12-30T02:00Z,void,356,50,Illinois,Florida A&M,,,,,,0,,,,,,,,,,2,,0,Champaign,IL,1,225,,,,-6.0,,
ncaab:401382670,ncaab,2021-12-30T02:00Z,final,2390,152,Miami,NC State,91,83,,,,0,,,,,,,,,,2,,0,Coral Gables,FL,1,3,,,,-5.0,"40,51","41,42"
ncaab:401377367,ncaab,2021-12-30T04:00Z,void,265,264,Washington St,Washington,,,,,,0,,,,,,,,,,2,,0,Pullman,WA,1,717,,,,-8.0,,
ncaab:401371636,ncaab,2021-12-30T17:00Z,final,2377,3120,McNeese,Ecclesia,115,66,,,,0,,,,,,,,,,2,,0,Lake Charles,LA,1,4,,,,-6.0,"49,66","26,40"
ncaab:401370961,ncaab,2021-12-30T18:00Z,final,164,311,Rutgers,Maine,80,64,,,,0,,,,,,,,,,2,,0,Piscataway,NJ,1,30,,,,-5.0,"42,38","30,34"
ncaab:401372331,ncaab,2021-12-30T18:00Z,final,2623,2865,Missouri St,Evangel,103,56,,,,0,,,,,,,,,,2,,0,Springfield,MO,1,396,,,,-6.0,"52,51","30,26"
ncaab:401385924,ncaab,2021-12-30T20:00Z,final,56,3179,Stetson,Point,77,65,,,,0,,,,,,,,,,2,,0,DeLand,FL,1,12,,,,-5.0,"45,32","37,28"
ncaab:401365759,ncaab,2021-12-30T21:00Z,void,45,179,G Washington,St Bonaventure,,,,,,0,,,,,,,,,,2,,0,Washington,DC,1,7,,,,-5.0,,
ncaab:401369226,ncaab,2021-12-30T21:00Z,void,55,109014,Jax State,Middle Georgia,,,,,,0,,,,,,,,,,2,,0,Jacksonville,AL,1,216,,,,-6.0,,
ncaab:401373008,ncaab,2021-12-30T21:00Z,void,2908,3242,SC Upstate,Columbia Int'l,,,,,,0,,,,,,,,,,2,,0,Spartanburg,SC,1,246,,,,-5.0,,
ncaab:401372156,ncaab,2021-12-30T22:00Z,void,77,2504,Northwestern,Prairie View,,,,,,0,,,,,,,,,,2,,0,Evanston,IL,1,187,,,,-6.0,,
ncaab:401372755,ncaab,2021-12-30T22:00Z,void,2393,2636,MTSU,UTSA,,,,,,0,,,,,,,,,,2,,0,Murfreesboro,TN,1,186,,,,-6.0,,
ncaab:401367422,ncaab,2021-12-30T23:30Z,final,2026,309,App State,Louisiana,55,71,,,,0,,,,,,,,,,2,,0,Boone,NC,1,981,,,,-5.0,"19,36","43,28"
ncaab:401365498,ncaab,2021-12-31T00:00Z,final,236,2193,Chattanooga,ETSU,82,52,,,,0,,,,,,,,,,2,,0,Chattanooga,TN,1,206,,,,-5.0,"43,39","30,22"
ncaab:401365754,ncaab,2021-12-31T00:00Z,final,257,2603,Richmond,Saint Joseph's,56,83,,,,0,,,,,,,,,,2,,0,Richmond,VA,1,64,,,,-5.0,"32,24","38,45"
ncaab:401365755,ncaab,2021-12-31T00:00Z,void,2166,2184,Davidson,Duquesne,,,,,,0,,,,,,,,,,2,,0,Davidson,NC,1,256,,,,-5.0,,
ncaab:401365756,ncaab,2021-12-31T00:00Z,void,227,2168,Rhode Island,Dayton,,,,,,0,,,,,,,,,,2,,0,Kingston,RI,1,75,,,,-5.0,,
ncaab:401365757,ncaab,2021-12-31T00:00Z,final,2325,2230,La Salle,Fordham,61,69,,,,0,,,,,,,,,,2,,0,Philadelphia,PA,1,12,,,,-5.0,"31,30","26,43"
ncaab:401365758,ncaab,2021-12-31T00:00Z,void,2670,2244,VCU,George Mason,,,,,,0,,,,,,,,,,2,,0,Richmond,VA,1,64,,,,-5.0,,
ncaab:401365760,ncaab,2021-12-31T00:00Z,void,113,139,UMass,Saint Louis,,,,,,0,,,,,,,,,,2,,0,Amherst,MA,1,82,,,,-5.0,,
ncaab:401367423,ncaab,2021-12-31T00:00Z,final,324,2433,Coastal,UL Monroe,94,64,,,,0,,,,,,,,,,2,,0,Conway,SC,1,10,,,,-5.0,"45,49","36,28"
ncaab:401368234,ncaab,2021-12-31T00:00Z,final,94,2739,N Kentucky,Green Bay,79,74,,,,0,,,,,,,,,,2,,0,Highland Heights,KY,1,260,,,,-5.0,"33,46","38,36"
ncaab:401368235,ncaab,2021-12-31T00:00Z,final,2750,270,Wright St,Milwaukee,80,75,,,,0,,,,,,,,,,2,,0,Dayton,OH,1,225,,,,-5.0,"41,39","42,33"
ncaab:401368236,ncaab,2021-12-31T00:00Z,final,2473,2523,Oakland,Robert Morris,79,61,,,,0,,,,,,,,,,2,,0,Rochester,MI,1,229,,,,-5.0,"41,38","38,23"
ncaab:401368237,ncaab,2021-12-31T00:00Z,void,2174,2754,Detroit Mercy,Youngstown St,,,,,,0,,,,,,,,,,2,,0,Detroit,MI,1,183,,,,-5.0,,
ncaab:401369227,ncaab,2021-12-31T00:00Z,final,338,2648,Kennesaw St,Toccoa Falls,108,51,,,,0,,,,,,,,,,2,,0,Kennesaw,GA,1,332,,,,-5.0,"43,65","24,27"
ncaab:401369228,ncaab,2021-12-31T00:00Z,void,2454,107730,North Florida,FL National,,,,,,0,,,,,,,,,,2,,0,Jacksonville,FL,1,5,,,,-5.0,,
ncaab:401371063,ncaab,2021-12-31T00:00Z,final,120,225,Maryland,Brown,81,67,,,,0,,,,,,,,,,2,,0,College Park,MD,1,21,,,,-5.0,"35,46","39,28"
ncaab:401371947,ncaab,2021-12-31T00:00Z,final,2116,130,UCF,Michigan,85,71,,,,0,,,,,,,,,,2,,0,Orlando,FL,1,30,,,,-5.0,"31,54","35,36"
ncaab:401372656,ncaab,2021-12-31T00:00Z,void,2226,2429,FAU,Charlotte,,,,,,0,,,,,,,,,,2,,0,Boca Raton,FL,1,4,,,,-5.0,,
ncaab:401372781,ncaab,2021-12-31T00:00Z,final,2229,295,FIU,Old Dominion,77,82,,,,0,,,,,,,,,,2,,0,Miami,FL,1,2,,,,-5.0,"41,36","44,38"
ncaab:401372978,ncaab,2021-12-31T00:00Z,void,2379,2344,MD Eastern,Longwood,,,,,,0,,,,,,,,,,2,,0,Princess Anne,MD,1,5,,,,-5.0,,
ncaab:401372993,ncaab,2021-12-31T00:00Z,final,2506,3245,Presbyterian,Truett McCnnll,91,49,,,,0,,,,,,,,,,2,,0,Clinton,SC,1,76,,,,-5.0,"49,42","26,23"
ncaab:401374415,ncaab,2021-12-31T00:00Z,void,2261,47,Hampton,Howard,,,,,,0,,,,,,,,,,2,,0,Hampton,VA,1,1,,,,-5.0,,
ncaab:401398630,ncaab,2021-12-31T00:00Z,final,325,2870,Cleveland St,Purdue FW,90,81,,,,0,,,,,,,,,,2,,0,Cleveland,OH,1,199,,,,-5.0,"38,52","42,39"
ncaab:401367425,ncaab,2021-12-31T00:30Z,final,2031,290,Little Rock,GA Southern,78,66,,,,0,,,,,,,,,,2,,0,Little Rock,AR,1,102,,,,-6.0,"27,51","36,30"
ncaab:401371444,ncaab,2021-12-31T00:30Z,void,2617,292,SF Austin,UT Rio Grande,,,,,,0,,,,,,,,,,2,,0,Nacogdoches,TX,1,92,,,,-6.0,,
ncaab:401371445,ncaab,2021-12-31T00:30Z,final,2534,2320,Sam Houston,Lamar,75,64,,,,0,,,,,,,,,,2,,0,Huntsville,TX,1,113,,,,-6.0,"33,42","34,30"
ncaab:401372827,ncaab,2021-12-31T00:30Z,final,5,2638,UAB,UTEP,75,62,,,,0,,,,,,,,,,2,,0,Birmingham,AL,1,187,,,,-6.0,"42,33","28,34"
ncaab:401373862,ncaab,2021-12-31T00:30Z,void,2916,386,Incarnate Word,Trinity (TX),,,,,,0,,,,,,,,,,2,,0,San Antonio,TX,1,198,,,,-6.0,,
ncaab:401365642,ncaab,2021-12-31T01:00Z,void,155,233,North Dakota,South Dakota,,,,,,0,,,,,,,,,,2,,0,Grand Forks,ND,1,253,,,,-6.0,,
ncaab:401365643,ncaab,2021-12-31T01:00Z,final,2449,2571,N Dakota St,S Dakota St,86,90,,,,0,,,,,,,,,,2,,0,Fargo,ND,1,276,,,,-6.0,"37,49","48,42"
ncaab:401365644,ncaab,2021-12-31T01:00Z,final,198,2172,Oral Roberts,Denver,83,66,,,,0,,,,,,,,,,2,,0,Tulsa,OK,1,220,,,,-6.0,"43,40","27,39"
ncaab:401365645,ncaab,2021-12-31T01:00Z,void,140,2437,Kansas City,Omaha,,,,,,0,,,,,,,,,,2,,0,Kansas City,MO,1,274,,,,-6.0,,
ncaab:401367424,ncaab,2021-12-31T01:00Z,void,2032,2247,Arkansas St,Georgia St,,,,,,0,,,,,,,,,,2,,0,Jonesboro,AR,1,99,,,,-6.0,,
ncaab:401367426,ncaab,2021-12-31T01:00Z,final,250,6,UT Arlington,South Alabama,89,87,,,,0,,,,,,,,,,2,,0,Arlington,TX,1,184,,,,-6.0,"41,34,14","40,35,12"
ncaab:401367427,ncaab,2021-12-31T01:00Z,final,326,2653,Texas St,Troy,63,78,,,,0,,,,,,,,,,2,,0,San Marcos,TX,1,188,,,,-6.0,"24,39","33,45"
ncaab:401371447,ncaab,2021-12-31T01:00Z,final,3084,2000,Utah Valley,Abilene Chrstn,76,80,,,,0,,,,,,,,,,2,,0,Orem,UT,1,1455,,,,-7.0,"35,41","38,42"
ncaab:401371449,ncaab,2021-12-31T01:00Z,final,2253,2130,Grand Canyon,Chicago St,80,63,,,,0,,,,,,,,,,2,,0,Phoenix,AZ,1,331,,,,-7.0,"42,38","34,29"
ncaab:401372442,ncaab,2021-12-31T01:00Z,void,2464,70,N Arizona,Idaho,,,,,,0,,,,,,,,,,2,,0,Flagstaff,AZ,1,2104,,,,-7.0,,
ncaab:401372811,ncaab,2021-12-31T01:00Z,void,2572,98,Southern Miss,Western KY,,,,,,0,,,,,,,,,,2,,0,Hattiesburg,MS,1,52,,,,-6.0,,
ncaab:401373301,ncaab,2021-12-31T01:00Z,final,93,2546,Murray St,SE Missouri,106,81,,,,0,,,,,,,,,,2,,0,Murray,KY,1,163,,,,-6.0,"59,47","40,41"
ncaab:401381756,ncaab,2021-12-31T01:00Z,final,288,2010,Lipscomb,Alabama A&M,66,63,,,,0,,,,,,,,,,2,,0,Nashville,TN,1,170,,,,-6.0,"32,34","29,34"
ncaab:401373195,ncaab,2021-12-31T01:30Z,final,2046,2630,Austin Peay,UT Martin,62,65,,,,0,,,,,,,,,,2,,0,Clarksville,TN,1,145,,,,-6.0,"34,28","33,32"
ncaab:401373261,ncaab,2021-12-31T01:30Z,void,2565,2057,SIUE,Belmont,,,,,,0,,,,,,,,,,2,,0,Edwardsville,IL,1,165,,,,-6.0,,
ncaab:401373470,ncaab,2021-12-31T01:30Z,void,2634,2635,Tennessee St,Tennessee Tech,,,,,,0,,,,,,,,,,2,,0,Nashville,TN,1,170,,,,-6.0,,
ncaab:401371448,ncaab,2021-12-31T02:00Z,final,3101,2627,Utah Tech,Tarleton St,69,83,,,,0,,,,,,,,,,2,,0,St. George,UT,1,823,,,,-7.0,"31,38","42,41"
ncaab:401372490,ncaab,2021-12-31T02:00Z,final,149,304,Montana,Idaho St,78,54,,,,0,,,,,,,,,,2,,0,Missoula,MT,1,978,,,,-7.0,"41,37","29,25"
ncaab:401372534,ncaab,2021-12-31T02:00Z,final,147,2692,Montana St,Weber St,75,85,,,,0,,,,,,,,,,2,,0,Bozeman,MT,1,1468,,,,-7.0,"40,35","43,42"
ncaab:401372611,ncaab,2021-12-31T02:00Z,final,253,16,Southern Utah,Sacramento St,64,51,,,,0,,,,,,,,,,2,,0,Cedar City,UT,1,1782,,,,-7.0,"23,41","25,26"
ncaab:401372708,ncaab,2021-12-31T02:00Z,final,2348,276,Louisiana Tech,Marshall,79,56,,,,0,,,,,,,,,,2,,0,Ruston,LA,1,102,,,,-6.0,"42,37","27,29"
ncaab:401377368,ncaab,2021-12-31T02:00Z,final,204,254,Oregon St,Utah,88,76,,,,0,,,,,,,,,,2,,0,Corvallis,OR,1,71,,,,-8.0,"47,41","38,38"
ncaab:401377369,ncaab,2021-12-31T02:00Z,void,26,12,UCLA,Arizona,,,,,,0,,,,,,,,,,2,,0,Los Angeles,CA,1,89,,,,-8.0,,
ncaab:401371144,ncaab,2021-12-31T03:00Z,void,279,2541,Pacific,Santa Clara,,,,,,0,,,,,,,,,,2,,0,Stockton,CA,1,4,,,,-8.0,,
ncaab:401371213,ncaab,2021-12-31T03:00Z,void,301,2250,San Diego,Gonzaga,,,,,,0,,,,,,,,,,2,,0,San Diego,CA,1,20,,,,-8.0,,
ncaab:401371446,ncaab,2021-12-31T03:00Z,void,2547,166,Seattle U,New Mexico St,,,,,,0,,,,,,,,,,2,,0,Seattle,WA,1,56,,,,-8.0,,
ncaab:401372416,ncaab,2021-12-31T03:00Z,final,2502,331,Portland St,E Washington,58,63,,,,0,,,,,,,,,,2,,0,Portland,OR,1,12,,,,-8.0,"27,31","30,33"
ncaab:401373651,ncaab,2021-12-31T03:00Z,void,13,299,Cal Poly,Long Beach St,,,,,,0,,,,,,,,,,2,,0,San Luis Obispo,CA,1,71,,,,-8.0,,
ncaab:401373652,ncaab,2021-12-31T03:00Z,final,28,2540,UC San Diego,Santa Barbara,85,83,,,,0,,,,,,,,,,2,,0,San Diego,CA,1,20,,,,-8.0,"28,43,14","27,44,12"
ncaab:401373653,ncaab,2021-12-31T03:00Z,void,300,2463,UC Irvine,CSU Northridge,,,,,,0,,,,,,,,,,2,,0,Irvine,CA,1,17,,,,-8.0,,
ncaab:401373649,ncaab,2021-12-31T03:15Z,final,2934,2239,Bakersfield,Fullerton,67,73,,,,0,,,,,,,,,,2,,0,Bakersfield,CA,1,123,,,,-8.0,"31,36","32,41"
ncaab:401377390,ncaab,2021-12-31T04:00Z,void,2483,38,Oregon,Colorado,,,,,,0,,,,,,,,,,2,,0,Eugene,OR,1,131,,,,-8.0,,
ncaab:401377391,ncaab,2021-12-31T04:00Z,void,30,9,USC,Arizona St,,,,,,0,,,,,,,,,,2,,0,Los Angeles,CA,1,89,,,,-8.0,,
ncaab:401373650,ncaab,2021-12-31T04:59Z,void,62,302,Hawai'i,UC Davis,,,,,,0,,,,,,,,,,2,,0,Honolulu,HI,1,5,,,,-10.0,,
ncaab:401365413,ncaab,2021-12-31T17:00Z,void,2210,2275,Elon,Hofstra,,,,,,0,,,,,,,,,,2,,0,Elon,NC,1,215,,,,-5.0,,
ncaab:401371857,ncaab,2021-12-31T17:00Z,final,96,2272,Kentucky,High Point,92,48,,,,0,,,,,,,,,,2,,0,Lexington,KY,1,295,,,,-5.0,"43,49","25,23"
ncaab:401365309,ncaab,2021-12-31T18:00Z,void,2405,2368,Monmouth,Marist,,,,,,0,,,,,,,,,,2,,0,West Long Branch,NJ,1,9,,,,-5.0,,
ncaab:401365310,ncaab,2021-12-31T18:00Z,void,314,2561,Iona,Siena,,,,,,0,,,,,,,,,,2,,0,New Rochelle,NY,1,26,,,,-5.0,,
ncaab:401365411,ncaab,2021-12-31T18:00Z,void,350,2182,UNC Wilmington,Drexel,,,,,,0,,,,,,,,,,2,,0,Wilmington,NC,1,9,,,,-5.0,,
ncaab:401369229,ncaab,2021-12-31T18:00Z,final,2110,3134,C Arkansas,Champ Chrstn,119,47,,,,0,,,,,,,,,,2,,0,Conway,AR,1,95,,,,-6.0,"59,60","25,22"
ncaab:401369230,ncaab,2021-12-31T18:00Z,final,2335,109700,Liberty,Boyce,91,60,,,,0,,,,,,,,,,2,,0,Lynchburg,VA,1,192,,,,-5.0,"48,43","29,31"
ncaab:401370807,ncaab,2021-12-31T18:00Z,final,2803,2529,Bryant,Sacred Heart,85,82,,,,0,,,,,,,,,,2,,0,Smithfield,RI,1,84,,,,-5.0,"48,37","38,44"
ncaab:401371638,ncaab,2021-12-31T18:00Z,final,357,2834,Texas A&M-CC,Sul Ross St,101,49,,,,0,,,,,,,,,,2,,0,Corpus Christi,TX,1,2,,,,-6.0,"39,62","23,26"
ncaab:401386796,ncaab,2021-12-31T18:00Z,final,2737,124947,Winthrop,Converse,78,40,,,,0,,,,,,,,,,2,,0,Rock Hill,SC,1,207,,,,-5.0,"38,40","16,24"
ncaab:401398460,ncaab,2021-12-31T18:00Z,void,219,2196,Penn,Eastern,,,,,,0,,,,,,,,,,2,,0,Philadelphia,PA,1,12,,,,-5.0,,
ncaab:401365308,ncaab,2021-12-31T19:00Z,void,2612,2099,Saint Peter's,Canisius,,,,,,0,,,,,,,,,,2,,0,Jersey City,NJ,1,9,,,,-5.0,,
ncaab:401365311,ncaab,2021-12-31T19:00Z,void,2217,2363,Fairfield,Manhattan,,,,,,0,,,,,,,,,,2,,0,Bridgeport,CT,1,1,,,,-5.0,,
ncaab:401365312,ncaab,2021-12-31T19:00Z,final,2514,315,Quinnipiac,Niagara,77,68,,,,0,,,,,,,,,,2,,0,Hamden,CT,1,31,,,,-5.0,"46,31","30,38"
ncaab:401365412,ncaab,2021-12-31T19:00Z,final,232,48,Charleston,Delaware,66,67,,,,0,,,,,,,,,,2,,0,Charleston,SC,1,6,,,,-5.0,"32,34","34,33"
ncaab:401365414,ncaab,2021-12-31T19:00Z,final,2729,111,William & Mary,Northeastern,71,70,,,,0,,,,,,,,,,2,,0,Williamsburg,VA,1,,,,,,"32,39","37,33"
ncaab:401365415,ncaab,2021-12-31T19:00Z,void,119,256,Towson,James Madison,,,,,,0,,,,,,,,,,2,,0,Towson,MD,1,141,,,,-5.0,,
ncaab:401370848,ncaab,2021-12-31T19:00Z,final,2771,112358,Merrimack,Long Island,82,77,,,,0,,,,,,,,,,2,,0,North Andover,MA,1,29,,,,-5.0,"47,35","30,47"
ncaab:401370857,ncaab,2021-12-31T19:00Z,void,116,2681,Mount St Marys,Wagner,,,,,,0,,,,,,,,,,2,,0,Emmitsburg,MD,1,133,,,,-5.0,,
ncaab:401371637,ncaab,2021-12-31T19:00Z,final,2443,2056,LSU N Orleans,Belhaven,94,54,,,,0,,,,,,,,,,2,,0,New Orleans,LA,1,0,,,,-6.0,"47,47","18,36"
ncaab:401397836,ncaab,2021-12-31T19:00Z,void,2454,111912,North Florida,Keiser,,,,,,0,,,,,,,,,,2,,0,Jacksonville,FL,1,5,,,,-5.0,,
ncaab:401385915,ncaab,2021-12-31T20:37Z,final,2198,484,E Kentucky,Alice Lloyd,106,52,,,,0,,,,,,,,,,2,,0,Richmond,KY,1,289,,,,-5.0,"48,58","26,26"
ncaab:401370874,ncaab,2021-12-31T21:00Z,final,2597,2115,St Francis BK,C Connecticut,55,67,,,,0,,,,,,,,,,2,,0,Brooklyn,NY,1,15,,,,-5.0,"37,18","28,39"
ncaab:401370884,ncaab,2021-12-31T21:00Z,final,2598,161,Saint Francis,FDU,62,70,,,,0,,,,,,,,,,2,,0,Loretto,PA,1,595,,,,-5.0,"23,39","34,36"
