id,league,start,status,home,away,home_name,away_name,home_score,away_score,ml_home,ml_away,odds_time,neutral,ml_home_open,ml_away_open,spread_home,spread_home_odds,spread_away_odds,inj_home,inj_away,sp_home,sp_away,stype,country,intl,city,state,indoor,elev,wx_temp,wx_wind,wx_rain,tzo,ls_home,ls_away,h1_ml_home,h1_ml_away,h1_spread_home,h1_spread_home_odds,h1_spread_away_odds
ncaab:401368356,ncaab,2022-01-01T17:00Z,final,251,277,Texas,West Virginia,74,59,-910,550,,0,,,-11.5,-113,-108,,,,,2,,0,Austin,TX,1,149,,,,-6.0,"39,35","20,39",-360,260,-6.5,-115,-114
ncaab:401373526,ncaab,2022-01-01T17:00Z,void,46,2599,Georgetown,St John's,,,,,,0,,,,,,,,,,2,,0,Washington,DC,1,7,,,,-5.0,,,,,,,
ncaab:401373530,ncaab,2022-01-01T17:00Z,final,269,156,Marquette,Creighton,69,75,-133,105,,0,,,-2.0,-112,-108,,,,,2,,0,Milwaukee,WI,1,188,,,,-6.0,"24,34,9,2","30,28,9,8",-122,102,-0.5,-114,-113
ncaab:401377695,ncaab,2022-01-01T17:00Z,void,58,151,South Florida,East Carolina,,,,,,0,,,,,,,,,,2,,0,Tampa,FL,1,1,,,,-5.0,,,,,,,
ncaab:401377697,ncaab,2022-01-01T17:00Z,final,2724,235,Wichita St,Memphis,64,82,-109,-115,,0,,,1.0,-118,-100,,,,,2,,0,Wichita,KS,1,396,,,,-6.0,"34,30","49,33",-110,-110,-0.5,-109,-119
ncaab:401365504,ncaab,2022-01-01T18:00Z,final,2678,231,VMI,Furman,76,67,155,-194,,0,,,4.5,-110,-110,,,,,2,,0,Lexington,VA,1,324,,,,-5.0,"30,46","36,31",128,-175,2.0,-114,-113
ncaab:401381749,ncaab,2022-01-01T18:00Z,final,104,2083,Boston U,Bucknell,63,61,-625,450,,0,,,-11.5,-112,-107,,,,,2,,0,Boston,MA,1,14,,,,-5.0,"34,29","29,32",-385,240,-6.0,-115,-110
ncaab:401365086,ncaab,2022-01-01T19:00Z,final,2309,2649,Kent State,Toledo,66,63,-124,104,,0,,,-1.5,-110,-109,,,,,2,,0,Kent,OH,1,325,,,,-5.0,"33,33","26,37",-121,-110,-0.5,-121,-109
ncaab:401365087,ncaab,2022-01-01T19:00Z,void,2199,2084,E Michigan,Buffalo,,,,,,0,,,,,,,,,,2,,0,Ypsilanti,MI,1,219,,,,-5.0,,,,,,,
ncaab:401365089,ncaab,2022-01-01T19:00Z,final,2006,2084,Akron,Buffalo,88,76,104,-125,,0,,,1.5,-109,-110,,,,,2,,0,Akron,OH,1,291,,,,-5.0,"34,54","38,38",-106,-127,0.5,-114,-112
ncaab:401365505,ncaab,2022-01-01T19:00Z,void,2382,236,Mercer,Chattanooga,,,,,,0,,,,,,,,,,2,,0,Macon,GA,1,112,,,,-5.0,,,,,,,
ncaab:401365647,ncaab,2022-01-01T19:00Z,void,2449,233,N Dakota St,South Dakota,,,,,,0,,,,,,,,,,2,,0,Fargo,ND,1,276,,,,-6.0,,,,,,,
ncaab:401367429,ncaab,2022-01-01T19:00Z,final,324,309,Coastal,Louisiana,64,65,-220,176,,0,,,-5.0,-111,-109,,,,,2,,0,Conway,SC,1,10,,,,-5.0,"29,35","37,28",-220,160,-3.0,-117,-111
ncaab:401368239,ncaab,2022-01-01T19:00Z,void,85,2870,IU Indy,Purdue FW,,,,,,0,,,,,,,,,,2,,0,Indianapolis,IN,1,218,,,,-5.0,,,,,,,
ncaab:401368240,ncaab,2022-01-01T19:00Z,final,2750,2739,Wright St,Green Bay,72,69,-530,390,,0,,,-9.5,-110,-110,,,,,2,,0,Dayton,OH,1,225,,,,-5.0,"38,34","32,37",-360,250,-5.5,-109,-118
ncaab:401368241,ncaab,2022-01-01T19:00Z,final,94,270,N Kentucky,Milwaukee,55,61,-245,195,,0,,,-5.5,-110,-110,,,,,2,,0,Highland Heights,KY,1,260,,,,-5.0,"37,18","23,38",-210,155,-3.0,-114,-113
ncaab:401368352,ncaab,2022-01-01T19:00Z,final,66,239,Iowa State,Baylor,72,77,292,-405,,0,,,7.5,-115,-110,,,,,2,,0,Ames,IA,1,287,,,,-6.0,"33,39","41,36",210,-265,4.0,-112,-116
ncaab:401372709,ncaab,2022-01-01T19:00Z,final,2348,98,Louisiana Tech,Western KY,74,73,-245,195,,0,,,-5.5,-115,-109,,,,,2,,0,Ruston,LA,1,102,,,,-6.0,"21,53","31,42",-210,155,-3.0,-112,-116
ncaab:401372756,ncaab,2022-01-01T19:00Z,void,2393,2638,MTSU,UTEP,,,,,,0,,,,,,,,,,2,,0,Murfreesboro,TN,1,186,,,,-6.0,,,,,,,
ncaab:401373092,ncaab,2022-01-01T19:00Z,final,107,2426,Holy Cross,Navy,56,70,455,-715,,0,,,11.0,-110,-109,,,,,2,,0,Worcester,MA,1,147,,,,-5.0,"20,36","42,28",225,-360,5.5,-110,-115
ncaab:401373527,ncaab,2022-01-01T19:00Z,final,2550,222,Seton Hall,Villanova,67,73,102,-125,,0,,,1.5,-109,-110,,,,,2,,0,Newark,NJ,1,9,,,,-5.0,"28,39","31,42",106,-127,0.5,-108,-118
ncaab:401381715,ncaab,2022-01-01T19:00Z,void,322,2142,Lafayette,Colgate,,,,,,0,,,,,,,,,,2,,0,Easton,PA,1,97,,,,-5.0,,,,,,,
ncaab:401381741,ncaab,2022-01-01T19:00Z,final,349,2352,Army,Loyola MD,77,74,-134,110,,0,,,-2.0,-112,-109,,,,,2,,0,West Point,NY,1,47,,,,-5.0,"46,22,9","33,35,6",-134,100,-0.5,-118,-108
ncaab:401400470,ncaab,2022-01-01T19:00Z,final,2229,606,FIU,St Thomas FL,95,72,,,,0,,,,,,,,,,2,,0,Miami,FL,1,2,,,,-5.0,"40,55","33,39",,,,,
ncaab:401365502,ncaab,2022-01-01T20:00Z,void,2535,2643,Samford,The Citadel,,,,,,0,,,,,,,,,,2,,0,Homewood,AL,1,203,,,,-6.0,,,,,,,
ncaab:401365648,ncaab,2022-01-01T20:00Z,final,2900,2710,St Thomas,W Illinois,89,66,,,,0,,,,,,,,,,2,,0,Saint Paul,MN,1,242,,,,-6.0,"43,46","27,39",,,,,
ncaab:401367433,ncaab,2022-01-01T20:00Z,final,250,2653,UT Arlington,Troy,62,57,,,,0,,,,,,,,,,2,,0,Arlington,TX,1,184,,,,-6.0,"34,28","29,28",,,,,
ncaab:401368242,ncaab,2022-01-01T20:00Z,void,2174,2523,Detroit Mercy,Robert Morris,,,,,,0,,,,,,,,,,2,,0,Detroit,MI,1,183,,,,-5.0,,,,,,,
ncaab:401368243,ncaab,2022-01-01T20:00Z,final,2473,2754,Oakland,Youngstown St,87,72,-480,350,,0,,,-9.0,-110,-110,,,,,2,,0,Rochester,MI,1,229,,,,-5.0,"50,37","34,38",-335,235,-5.0,-113,-113
ncaab:401372491,ncaab,2022-01-01T20:00Z,final,147,304,Montana St,Idaho St,60,40,-1050,660,,0,,,-13.5,-110,-109,,,,,2,,0,Bozeman,MT,1,1468,,,,-7.0,"23,37","19,21",-480,325,-7.5,-109,-118
ncaab:401372732,ncaab,2022-01-01T20:00Z,void,2572,276,Southern Miss,Marshall,,,,,,0,,,,,,,,,,2,,0,Hattiesburg,MS,1,52,,,,-6.0,,,,,,,
ncaab:401372828,ncaab,2022-01-01T20:00Z,final,5,2636,UAB,UTSA,87,59,-4000,1400,,0,,,-21.0,-110,-109,,,,,2,,0,Birmingham,AL,1,187,,,,-6.0,"49,38","31,28",-1025,600,-12.0,-108,-118
ncaab:401373529,ncaab,2022-01-01T20:00Z,final,305,2507,DePaul,Providence,53,70,-125,102,,0,,,-1.5,-110,-109,,,,,2,,0,Chicago,IL,1,179,,,,-6.0,"17,36","42,28",-114,-106,-0.5,-116,-112
ncaab:401377392,ncaab,2022-01-01T20:00Z,void,26,9,UCLA,Arizona St,,,,,,0,,,,,,,,,,2,,0,Los Angeles,CA,1,89,,,,-8.0,,,,,,,
ncaab:401365085,ncaab,2022-01-01T20:30Z,final,2711,195,W Michigan,Ohio,47,59,,,,0,,,,,,,,,,2,,0,Kalamazoo,MI,1,239,,,,-5.0,"24,23","28,31",,,,,
ncaab:401365088,ncaab,2022-01-01T20:30Z,void,193,2117,Miami OH,C Michigan,,,,,,0,,,,,,,,,,2,,0,Oxford,OH,1,283,,,,-5.0,,,,,,,
ncaab:401364713,ncaab,2022-01-01T21:00Z,void,278,2005,Fresno St,Air Force,,,-2500,1100,,0,,,-16.0,-110,-110,,,,,2,,0,Fresno,CA,1,94,,,,-8.0,,,,,-9.5,-112,-120
ncaab:401364715,ncaab,2022-01-01T21:00Z,void,2751,68,Wyoming,Boise St,,,-105,-115,,0,,,1.0,-113,-107,,,,,2,,0,Laramie,WY,1,2184,,,,-7.0,,,,,,,
ncaab:401364717,ncaab,2022-01-01T21:00Z,final,2439,21,UNLV,San Diego St,55,62,135,-165,,0,,,3.5,-113,-110,,,,,2,,0,Las Vegas,NV,1,610,,,,-8.0,"32,23","35,27",117,-157,1.5,-114,-115
ncaab:401365503,ncaab,2022-01-01T21:00Z,void,2193,2717,ETSU,W Carolina,,,,,,0,,,,,,,,,,2,,0,Johnson City,TN,1,498,,,,-5.0,,,,,,,
ncaab:401367428,ncaab,2022-01-01T21:00Z,final,2026,2433,App State,UL Monroe,77,69,,,,0,,,,,,,,,,2,,0,Boone,NC,1,981,,,,-5.0,"32,45","38,31",,,,,
ncaab:401367430,ncaab,2022-01-01T21:00Z,void,2031,2247,Little Rock,Georgia St,,,,,,0,,,,,,,,,,2,,0,Little Rock,AR,1,102,,,,-6.0,,,,,,,
ncaab:401368355,ncaab,2022-01-01T21:00Z,void,2641,197,Texas Tech,Oklahoma St,,,,,,0,,,,,,,,,,2,,0,Lubbock,TX,1,976,,,,-6.0,,,,,,,
ncaab:401370027,ncaab,2022-01-01T21:00Z,void,259,221,Virginia Tech,Pitt,,,,,,0,,,,,,,,,,2,,0,Blacksburg,VA,1,633,,,,-5.0,,,,,,,
ncaab:401370103,ncaab,2022-01-01T21:00Z,final,152,52,NC State,Florida St,81,83,,,,0,,,,,,,,,,2,,0,Raleigh,NC,1,96,,,,-5.0,"41,40","43,40",,,,,
ncaab:401371453,ncaab,2022-01-01T21:00Z,final,3084,2627,Utah Valley,Tarleton St,77,55,-279,222,,0,,,-6.5,-109,-110,,,,,2,,0,Orem,UT,1,1455,,,,-7.0,"34,43","23,32",-245,180,-3.5,-112,-114
ncaab:401372417,ncaab,2022-01-01T21:00Z,final,2464,331,N Arizona,E Washington,65,78,,,,0,,,,,,,,,,2,,0,Flagstaff,AZ,1,2104,,,,-7.0,"36,29","38,40",,,,,
ncaab:401372689,ncaab,2022-01-01T21:00Z,void,2226,295,FAU,Old Dominion,,,,,,0,,,,,,,,,,2,,0,Boca Raton,FL,1,4,,,,-5.0,,,,,,,
ncaab:401373239,ncaab,2022-01-01T21:00Z,void,2413,2634,Morehead St,Tennessee St,,,,,,0,,,,,,,,,,2,,0,Morehead,KY,1,153,,,,-6.0,,,,,,,
ncaab:401373336,ncaab,2022-01-01T21:00Z,final,44,2329,American,Lehigh,61,63,-137,112,,0,,,-2.0,-112,-109,,,,,2,,0,Washington,DC,1,7,,,,-5.0,"35,26","26,37",-134,100,-0.5,-118,-108
ncaab:401373528,ncaab,2022-01-01T21:00Z,void,41,2086,UConn,Butler,,,,,,0,,,,,,,,,,2,,0,Hartford,CT,1,18,,,,-5.0,,,,,,,
ncaab:401373656,ncaab,2022-01-01T21:00Z,void,2934,299,Bakersfield,Long Beach St,,,-225,180,,0,,,-5.0,-112,-109,,,,,2,,0,Bakersfield,CA,1,123,,,,-8.0,,,-220,160,-3.0,-114,-112
ncaab:401368238,ncaab,2022-01-01T21:12Z,void,82,325,UIC,Cleveland St,,,,,,0,,,,,,,,,,2,,0,Chicago,IL,1,179,,,,-6.0,,,,,,,
ncaab:401372999,ncaab,2022-01-01T21:30Z,void,2515,2047,Radford,Averett,,,,,,0,,,,,,,,,,2,,0,Radford,VA,1,567,,,,-5.0,,,,,,,
ncaab:401373217,ncaab,2022-01-01T21:30Z,void,2197,2057,E Illinois,Belmont,,,,,,0,,,,,,,,,,2,,0,Charleston,IL,1,204,,,,-6.0,,,,,,,
ncaab:401373277,ncaab,2022-01-01T21:30Z,void,2630,2565,UT Martin,SIUE,,,,,,0,,,,,,,,,,2,,0,Martin,TN,1,124,,,,-6.0,,,,,,,
ncaab:401365506,ncaab,2022-01-01T22:00Z,void,2430,2747,UNC Greensboro,Wofford,,,,,,0,,,,,,,,,,2,,0,Greensboro,NC,1,266,,,,-5.0,,,,,,,
ncaab:401367431,ncaab,2022-01-01T22:00Z,final,2032,290,Arkansas St,GA Southern,74,56,,,,0,,,,,,,,,,2,,0,Jonesboro,AR,1,99,,,,-6.0,"27,47","22,34",,,,,
ncaab:401367432,ncaab,2022-01-01T22:00Z,void,326,6,Texas St,South Alabama,,,,,,0,,,,,,,,,,2,,0,San Marcos,TX,1,188,,,,-6.0,,,,,,,
ncaab:401371145,ncaab,2022-01-01T22:00Z,void,2541,301,Santa Clara,San Diego,,,,,,0,,,,,,,,,,2,,0,Santa Clara,CA,1,23,,,,-8.0,,,,,,,
ncaab:401397592,ncaab,2022-01-01T22:00Z,final,164,2115,Rutgers,C Connecticut,79,48,,,,0,,,,,,,,,,2,,0,Piscataway,NJ,1,30,,,,-5.0,"44,35","14,34",,,,,
ncaab:401398910,ncaab,2022-01-01T22:00Z,final,2305,2244,Kansas,George Mason,76,67,-3335,1300,,0,,,-19.5,-110,-110,,,,,2,,0,Lawrence,KS,1,263,,,,-6.0,"48,28","37,30",-1000,600,-11.0,-112,-114
ncaab:401373196,ncaab,2022-01-01T22:28Z,final,2546,2046,SE Missouri,Austin Peay,98,79,,,,0,,,,,,,,,,2,,0,Cape Girardeau,MO,1,108,,,,-6.0,"42,56","31,48",,,,,
ncaab:401365090,ncaab,2022-01-01T23:00Z,final,2050,189,Ball State,Bowling Green,81,80,120,-143,,0,,,2.5,-109,-112,,,,,2,,0,Muncie,IN,1,284,,,,-5.0,"36,45","34,46",112,-150,1.5,-121,-109
ncaab:401369968,ncaab,2022-01-01T23:00Z,void,87,150,Notre Dame,Duke,,,,,,0,,,,,,,,,,2,,0,South Bend,IN,1,211,,,,-5.0,,,,,,,
ncaab:401370008,ncaab,2022-01-01T23:00Z,final,183,258,Syracuse,Virginia,69,74,-159,132,,0,,,-3.0,-111,-109,,,,,2,,0,Syracuse,NY,1,121,,,,-5.0,"33,36","33,41",-152,114,-1.5,-109,-117
ncaab:401370083,ncaab,2022-01-01T23:00Z,final,2390,154,Miami,Wake Forest,92,84,-122,-108,,0,,,-1.5,-104,-120,,,,,2,,0,Coral Gables,FL,1,3,,,,-5.0,"43,49","38,46",-118,-113,-0.5,-112,-115
ncaab:401371452,ncaab,2022-01-01T23:00Z,final,166,2130,New Mexico St,Chicago St,78,61,-8238,1650,,0,,,-24.5,-112,-107,,,,,2,,0,Las Cruces,NM,1,1191,,,,-7.0,"30,48","26,35",,,-13.5,-118,-108
ncaab:401372767,ncaab,2022-01-01T23:00Z,final,249,242,North Texas,Rice,75,43,-560,400,,0,,,-10.0,-110,-110,,,,,2,,0,Denton,TX,1,201,,,,-6.0,"36,39","20,23",-400,265,-5.5,-114,-115
ncaab:401371306,ncaab,2022-01-02T00:00Z,void,2351,2250,LMU,Gonzaga,,,,,,0,,,,,,,,,,2,,0,Los Angeles,CA,1,89,,,,-8.0,,,,,,,
ncaab:401377696,ncaab,2022-01-02T00:00Z,final,2132,2655,Cincinnati,Tulane,60,68,-490,360,,0,,,-9.5,-110,-110,,,,,2,,0,Cincinnati,OH,1,191,,,,-5.0,"25,35","48,20",-315,220,-5.5,-108,-118
ncaab:401365646,ncaab,2022-01-02T01:00Z,void,155,2571,North Dakota,S Dakota St,,,,,,0,,,,,,,,,,2,,0,Grand Forks,ND,1,253,,,,-6.0,,,,,,,
ncaab:401365649,ncaab,2022-01-02T01:00Z,void,140,2172,Kansas City,Denver,,,,,,0,,,,,,,,,,2,,0,Kansas City,MO,1,274,,,,-6.0,,,,,,,
ncaab:401365650,ncaab,2022-01-02T01:00Z,final,198,2437,Oral Roberts,Omaha,107,62,-2500,1000,,0,,,-17.5,-110,-110,,,,,2,,0,Tulsa,OK,1,220,,,,-6.0,"59,48","27,35",-835,475,-9.5,-119,-111
ncaab:401368354,ncaab,2022-01-02T01:00Z,final,201,2306,Oklahoma,Kansas St,71,69,-400,285,,0,,,-8.0,-108,-112,,,,,2,,0,Norman,OK,1,357,,,,-6.0,"33,38","22,47",-265,190,-4.0,-110,-115
ncaab:401371177,ncaab,2022-01-02T01:00Z,void,2608,2539,Saint Mary's,San Francisco,,,,,,0,,,,,,,,,,2,,0,Moraga,CA,1,152,,,,-8.0,,,,,,,
ncaab:401373471,ncaab,2022-01-02T01:00Z,void,93,2635,Murray St,Tennessee Tech,,,,,,0,,,,,,,,,,2,,0,Murray,KY,1,163,,,,-6.0,,,,,,,
ncaab:401371307,ncaab,2022-01-02T01:30Z,void,279,2492,Pacific,Pepperdine,,,,,,0,,,,,,,,,,2,,0,Stockton,CA,1,4,,,,-8.0,,,,,,,
ncaab:401377393,ncaab,2022-01-02T01:30Z,void,204,38,Oregon St,Colorado,,,,,,0,,,,,,,,,,2,,0,Corvallis,OR,1,71,,,,-8.0,,,,,,,
ncaab:401364714,ncaab,2022-01-02T02:00Z,void,328,23,Utah State,San José St,,,,,,0,,,,,,,,,,2,,0,Logan,UT,1,1382,,,,-7.0,,,,,,,
ncaab:401364716,ncaab,2022-01-02T02:00Z,final,2440,167,Nevada,New Mexico,79,70,-715,480,,0,,,-11.0,-110,-110,,,,,2,,0,Reno,NV,1,1373,,,,-8.0,"35,44","36,34",-435,290,-6.5,-115,-112
ncaab:401371454,ncaab,2022-01-02T02:00Z,final,3101,2000,Utah Tech,Abilene Chrstn,50,64,400,-560,,0,,,10.0,-110,-110,,,,,2,,0,St. George,UT,1,823,,,,-7.0,"17,33","31,33",260,-375,5.5,-112,-114
ncaab:401372511,ncaab,2022-01-02T02:00Z,final,149,2692,Montana,Weber St,74,72,-160,130,,0,,,-3.5,-110,-110,,,,,2,,0,Missoula,MT,1,978,,,,-7.0,"32,42","33,39",-162,120,-1.5,-115,-114
ncaab:401372593,ncaab,2022-01-02T02:00Z,final,253,2458,Southern Utah,N Colorado,81,91,-295,230,,0,,,-6.5,-110,-110,,,,,2,,0,Cedar City,UT,1,1782,,,,-7.0,"32,49","44,47",-245,175,-4.0,-111,-119
ncaab:401373657,ncaab,2022-01-02T02:00Z,void,300,2540,UC Irvine,Santa Barbara,,,,,,0,,,,,,,,,,2,,0,Irvine,CA,1,17,,,,-8.0,,,,,,,
ncaab:401371214,ncaab,2022-01-02T03:00Z,void,2501,252,Portland,BYU,,,,,,0,,,,,,,,,,2,,0,Portland,OR,1,12,,,,-8.0,,,,,,,
ncaab:401371455,ncaab,2022-01-02T03:00Z,void,2856,2547,CA Baptist,Seattle U,,,,,,0,,,,,,,,,,2,,0,Riverside,CA,1,252,,,,-8.0,,,,,,,
ncaab:401372443,ncaab,2022-01-02T03:00Z,void,2502,70,Portland St,Idaho,,,,,,0,,,,,,,,,,2,,0,Portland,OR,1,12,,,,-8.0,,,,,,,
ncaab:401373655,ncaab,2022-01-02T03:00Z,void,13,2239,Cal Poly,Fullerton,,,,,,0,,,,,,,,,,2,,0,San Luis Obispo,CA,1,71,,,,-8.0,,,,,,,
ncaab:401373658,ncaab,2022-01-02T03:00Z,final,28,2463,UC San Diego,CSU Northridge,72,64,,,,0,,,,,,,,,,2,,0,San Diego,CA,1,20,,,,-8.0,"33,39","34,30",,,,,
ncaab:401377394,ncaab,2022-01-02T03:30Z,final,2483,254,Oregon,Utah,79,66,-255,195,,0,,,-5.5,-110,-120,,,,,2,,0,Eugene,OR,1,131,,,,-8.0,"29,50","35,31",-210,155,-3.0,-109,-117
ncaab:401373654,ncaab,2022-01-02T04:59Z,void,62,27,Hawai'i,UC Riverside,,,,,,0,,,,,,,,,,2,,0,Honolulu,HI,1,5,,,,-10.0,,,,,,,
ncaab:401365763,ncaab,2022-01-02T17:00Z,void,2168,179,Dayton,St Bonaventure,,,,,,0,,,,,,,,,,2,,0,Dayton,OH,1,225,,,,-5.0,,,,,,,
ncaab:401369722,ncaab,2022-01-02T17:00Z,void,43,171,Yale,Columbia,,,,,,0,,,,,,,,,,2,,0,New Haven,CT,1,18,,,,-5.0,,,,,,,
ncaab:401365316,ncaab,2022-01-02T18:00Z,void,2514,2520,Quinnipiac,Rider,,,,,,0,,,,,,,,,,2,,0,Hamden,CT,1,31,,,,-5.0,,,,,,,
ncaab:401365764,ncaab,2022-01-02T18:00Z,void,2603,45,Saint Joseph's,G Washington,,,,,,0,,,,,,,,,,2,,0,Philadelphia,PA,1,12,,,,-5.0,,,,,,,
ncaab:401367277,ncaab,2022-01-02T18:00Z,final,282,71,Indiana St,Bradley,76,71,145,-188,,0,,,3.5,-108,-112,,,,,2,,0,Terre Haute,IN,1,152,,,,-5.0,"43,33","41,30",120,-162,1.5,-110,-115
ncaab:401369630,ncaab,2022-01-02T18:00Z,void,160,2378,New Hampshire,UMBC,,,,,,0,,,,,,,,,,2,,0,Durham,NH,1,15,,,,-5.0,,,,,,,
ncaab:401369917,ncaab,2022-01-02T18:00Z,final,103,153,Boston College,North Carolina,65,91,280,-400,,0,,,8.0,-118,-100,,,,,2,,0,Chestnut Hill,MA,1,60,,,,-5.0,"20,45","49,42",215,-275,4.5,-112,-116
ncaab:401364357,ncaab,2022-01-02T19:00Z,final,77,127,Northwestern,Michigan St,67,73,130,-157,,0,,,3.0,-108,-112,,,,,2,,0,Evanston,IL,1,187,,,,-6.0,"33,34","26,47",112,-134,1.5,-117,-109
ncaab:401365314,ncaab,2022-01-02T19:00Z,void,2561,2099,Siena,Canisius,,,,,,0,,,,,,,,,,2,,0,Albany,NY,1,45,,,,-5.0,,,,,,,
ncaab:401365315,ncaab,2022-01-02T19:00Z,void,2363,315,Manhattan,Niagara,,,,,,0,,,,,,,,,,2,,0,Riverdale,NY,1,159,,,,-8.0,,,,,,,
ncaab:401365761,ncaab,2022-01-02T19:00Z,void,2184,2244,Duquesne,George Mason,,,,,,0,,,,,,,,,,2,,0,Pittsburgh,PA,1,233,,,,-5.0,,,,,,,
ncaab:401365765,ncaab,2022-01-02T19:00Z,void,2230,113,Fordham,UMass,,,,,,0,,,,,,,,,,2,,0,Bronx,NY,1,28,,,,-5.0,,,,,,,
ncaab:401365767,ncaab,2022-01-02T19:00Z,final,139,257,Saint Louis,Richmond,76,69,-139,112,,0,,,-2.0,-110,-110,,,,,2,,0,St. Louis,MO,1,142,,,,-6.0,"36,40","31,38",-134,100,-1.0,-114,-114
ncaab:401367279,ncaab,2022-01-02T19:00Z,final,2460,339,Northern Iowa,Evansville,83,61,-670,460,,0,,,-11.0,-110,-110,,,,,2,,0,Cedar Falls,IA,1,268,,,,-6.0,"40,43","33,28",-360,245,-6.0,-109,-117
ncaab:401367281,ncaab,2022-01-02T19:00Z,final,2674,2287,Valparaiso,Illinois St,81,76,-225,180,,0,,,-5.5,-110,-109,,,,,2,,0,Valparaiso,IN,1,242,,,,-6.0,"39,31,11","31,39,6",-220,163,-3.0,-112,-116
ncaab:401369231,ncaab,2022-01-02T19:00Z,void,2097,294,Campbell,Jacksonville,,,,,,0,,,,,,,,,,2,,0,Buies Creek,NC,1,63,,,,-5.0,,,,,,,
ncaab:401369329,ncaab,2022-01-02T19:00Z,final,2885,311,NJIT,Maine,69,66,,,,0,,,,,,,,,,2,,0,Newark,NJ,1,9,,,,-5.0,"29,40","33,33",,,,,
ncaab:401369631,ncaab,2022-01-02T19:00Z,final,2066,2349,Binghamton,UMass Lowell,68,63,165,-205,,0,,,4.5,-108,-112,,,,,2,,0,Binghamton,NY,1,264,,,,-5.0,"32,36","28,35",123,-165,1.5,-108,-118
ncaab:401369632,ncaab,2022-01-02T19:00Z,void,42,2619,Hartford,Stony Brook,,,,,,0,,,,,,,,,,2,,0,West Hartford,CT,1,40,,,,-5.0,,,,,,,
ncaab:401369723,ncaab,2022-01-02T19:00Z,final,172,159,Cornell,Dartmouth,79,71,-227,180,,0,,,-5.5,-110,-110,,,,,2,,0,Ithaca,NY,1,125,,,,-5.0,"33,46","34,37",-195,143,-2.5,-114,-113
ncaab:401369724,ncaab,2022-01-02T19:00Z,void,108,163,Harvard,Princeton,,,,,,0,,,,,,,,,,2,,0,Cambridge,MA,1,5,,,,-5.0,,,,,,,
ncaab:401377698,ncaab,2022-01-02T19:00Z,final,2567,2116,SMU,UCF,72,60,,,,0,,,,,,,,,,2,,0,Dallas,TX,1,128,,,,-6.0,"27,45","24,36",,,,,
ncaab:401381777,ncaab,2022-01-02T19:00Z,final,324,2213,Coastal,Emory & Henry,76,62,,,,0,,,,,,,,,,2,,0,Conway,SC,1,10,,,,-5.0,"43,33","23,39",,,,,
ncaab:401383805,ncaab,2022-01-02T19:00Z,void,2569,2256,SC State,Greensboro,,,,,,0,,,,,,,,,,2,,0,Orangeburg,SC,1,74,,,,-5.0,,,,,,,
ncaab:401400261,ncaab,2022-01-02T19:00Z,final,314,2368,Iona,Marist,69,66,-670,460,,0,,,-10.5,-110,-110,,,,,2,,0,New Rochelle,NY,1,26,,,,-5.0,"31,38","31,35",-385,260,-6.0,-114,-113
ncaab:401400496,ncaab,2022-01-02T19:00Z,void,2350,2615,Loyola Chicago,Saint Xavier,,,,,,0,,,,,,,,,,2,,0,Chicago,IL,1,179,,,,-6.0,,,,,,,
ncaab:401365762,ncaab,2022-01-02T19:30Z,void,2670,2166,VCU,Davidson,,,,,,0,,,,,,,,,,2,,0,Richmond,VA,1,64,,,,-5.0,,,,,,,
ncaab:401400952,ncaab,2022-01-02T19:30Z,final,227,2022,Rhode Island,American Int'l,70,55,,,,0,,,,,,,,,,2,,0,Kingston,RI,1,75,,,,-5.0,"35,35","22,33",,,,,
ncaab:401369721,ncaab,2022-01-02T20:00Z,final,219,225,Penn,Brown,77,73,-110,-110,,0,,,0.5,-110,-110,,,,,2,,0,Philadelphia,PA,1,12,,,,-5.0,"40,37","30,43",-115,-115,0.0,-113,-113
ncaab:401372707,ncaab,2022-01-02T20:00Z,void,2127,2648,Charleston So,Toccoa Falls,,,,,,0,,,,,,,,,,2,,0,Charleston,SC,1,6,,,,-5.0,,,,,,,
ncaab:401364356,ncaab,2022-01-02T21:00Z,final,213,84,Penn State,Indiana,61,58,171,-215,,0,,,5.0,-109,-112,,,,,2,,0,University Park,PA,1,348,,,,-5.0,"27,34","26,32",143,-180,2.5,-114,-114
ncaab:401369328,ncaab,2022-01-02T22:00Z,void,261,399,Vermont,UAlbany,,,,,,0,,,,,,,,,,2,,0,Burlington,VT,1,61,,,,-5.0,,,,,,,
ncaab:401377395,ncaab,2022-01-02T22:00Z,void,30,12,USC,Arizona,,,,,,0,,,,,,,,,,2,,0,Los Angeles,CA,1,89,,,,-8.0,,,,,,,
ncaab:401377699,ncaab,2022-01-02T22:00Z,final,218,248,Temple,Houston,61,66,550,-950,,0,,,12.5,-115,-115,,,,,2,,0,Philadelphia,PA,1,12,,,,-5.0,"29,32","40,26",235,-385,6.5,-109,-121
ncaab:401398950,ncaab,2022-01-02T22:00Z,final,2916,2937,Incarnate Word,Dallas Chrstn,90,45,,,,0,,,,,,,,,,2,,0,San Antonio,TX,1,198,,,,-6.0,"43,47","30,15",,,,,
ncaab:401369900,ncaab,2022-01-02T23:00Z,final,59,97,Georgia Tech,Louisville,64,67,130,-161,,0,,,3.0,-110,-110,,,,,2,,0,Atlanta,GA,1,320,,,,-5.0,"28,36","31,36",110,-143,1.5,-117,-109
ncaab:401398909,ncaab,2022-01-03T00:00Z,final,25,9,California,Arizona St,74,50,-124,104,,0,,,-1.5,-110,-115,,,,,2,,0,Berkeley,CA,1,52,,,,-8.0,"41,33","23,27",-130,105,-1.0,-111,-119
ncaab:401364358,ncaab,2022-01-03T01:00Z,final,158,194,Nebraska,Ohio State,79,87,375,-500,,0,,,9.5,-110,-110,,,,,2,,0,Lincoln,NE,1,367,,,,-6.0,"32,40,7","34,38,15",235,-286,5.5,-118,-108
ncaab:401367278,ncaab,2022-01-03T01:00Z,final,2623,2181,Missouri St,Drake,61,56,-186,152,,0,,,-4.0,-114,-106,,,,,2,,0,Springfield,MO,1,396,,,,-6.0,"23,38","29,27",-175,128,-2.0,-116,-112
ncaab:401382338,ncaab,2022-01-03T22:00Z,final,2400,2011,Miss Valley St,Alabama St,75,84,,,,0,,,,,,,,,,2,,0,Itta Bena,MS,1,40,,,,-6.0,"28,47","38,46",,,,,
ncaab:401365416,ncaab,2022-01-03T23:00Z,void,48,256,Delaware,James Madison,,,,,,0,,,,,,,,,,2,,0,Newark,DE,1,38,,,,-5.0,,,,,,,
ncaab:401365417,ncaab,2022-01-03T23:00Z,final,2182,119,Drexel,Towson,65,61,135,-162,,0,,,3.0,-108,-112,,,,,2,,0,Philadelphia,PA,1,12,,,,-5.0,"29,36","29,32",114,-152,1.5,-117,-109
ncaab:401398462,ncaab,2022-01-03T23:00Z,void,204,16,Oregon St,Sacramento St,,,-1000,600,,0,,,-14.0,-110,-109,,,,,2,,0,Corvallis,OR,1,71,,,,-8.0,,,-560,335,-8.0,-109,-117
ncaab:401364360,ncaab,2022-01-04T00:00Z,final,2509,275,Purdue,Wisconsin,69,74,-937,565,,0,,,-13.0,-110,-109,,,,,2,,0,West Lafayette,IN,1,186,,,,-5.0,"24,45","29,45",-435,320,-7.5,-111,-116
ncaab:401365418,ncaab,2022-01-04T00:00Z,void,111,232,Northeastern,Charleston,,,,,,0,,,,,,,,,,2,,0,Boston,MA,1,14,,,,-5.0,,,,,,,
ncaab:401368357,ncaab,2022-01-04T00:00Z,void,2628,277,TCU,West Virginia,,,,,,0,,,,,,,,,,2,,0,Fort Worth,TX,1,199,,,,-6.0,,,,,,,
ncaab:401371450,ncaab,2022-01-04T00:30Z,final,2534,292,Sam Houston,UT Rio Grande,86,78,,,,0,,,,,,,,,,2,,0,Huntsville,TX,1,113,,,,-6.0,"37,49","31,47",,,,,
ncaab:401373138,ncaab,2022-01-04T00:30Z,final,2065,50,Bethune,Florida A&M,66,59,110,-137,,0,,,2.0,-112,-114,,,,,2,,0,Daytona Beach,FL,1,4,,,,-5.0,"30,36","29,30",102,-134,0.5,-108,-118
ncaab:401365419,ncaab,2022-01-04T01:00Z,void,2275,350,Hofstra,UNC Wilmington,,,,,,0,,,,,,,,,,2,,0,Hempstead,NY,1,17,,,,-5.0,,,,,,,
ncaab:401371639,ncaab,2022-01-04T01:00Z,final,2277,3120,Hou Christian,Ecclesia,94,63,,,,0,,,,,,,,,,2,,0,Houston,TX,1,12,,,,-6.0,"48,46","27,36",,,,,
ncaab:401390830,ncaab,2022-01-04T01:00Z,final,12,264,Arizona,Washington,95,79,-8000,2200,,0,,,-24.5,-110,-109,,,,,2,,0,Tucson,AZ,1,759,,,,-7.0,"49,46","41,38",,,-13.5,-118,-108
ncaab:401399150,ncaab,2022-01-04T01:00Z,final,2636,2937,UTSA,Dallas Chrstn,101,48,,,,0,,,,,,,,,,2,,0,San Antonio,TX,1,198,,,,-6.0,"55,46","12,36",,,,,
ncaab:401373159,ncaab,2022-01-04T01:30Z,void,2755,2504,Grambling,Prairie View,,,,,,0,,,,,,,,,,2,,0,Grambling,LA,1,93,,,,-6.0,,,,,,,
ncaab:401376575,ncaab,2022-01-04T01:30Z,final,2029,2010,AR-Pine Bluff,Alabama A&M,50,70,,,,0,,,,,,,,,,2,,0,Pine Bluff,AR,1,67,,,,-6.0,"22,28","26,44",,,,,
ncaab:401380975,ncaab,2022-01-04T01:30Z,final,2582,2640,Southern,Texas Southern,63,50,-135,111,,0,,,-2.0,-111,-109,,,,,2,,0,Baton Rouge,LA,1,14,,,,-6.0,"30,33","22,28",-134,100,-0.5,-118,-108
ncaab:401364359,ncaab,2022-01-04T02:00Z,final,2294,120,Iowa,Maryland,80,75,-490,320,,0,,,-9.5,-110,-114,,,,,2,,0,Iowa City,IA,1,204,,,,-6.0,"36,44","40,35",-286,230,-5.0,-117,-109
ncaab:401401030,ncaab,2022-01-04T03:00Z,void,2483,38,Oregon,Colorado,,,-315,255,,0,,,-7.0,-110,-110,,,,,2,,0,Eugene,OR,1,131,,,,-8.0,,,,,,,
ncaab:401365093,ncaab,2022-01-04T23:00Z,final,2006,195,Akron,Ohio,63,69,-134,112,,0,,,-2.0,-112,-109,,,,,2,,0,Akron,OH,1,291,,,,-5.0,"23,40","33,36",-134,102,-0.5,-118,-109
ncaab:401364845,ncaab,2022-01-04T23:30Z,final,2579,2,South Carolina,Auburn,66,81,330,-455,,0,,,8.5,-115,-110,,,,,2,,0,Columbia,SC,1,89,,,,-5.0,"29,37","44,37",195,-245,4.5,-113,-113
ncaab:401364355,ncaab,2022-01-05T00:00Z,final,135,356,Minnesota,Illinois,53,76,235,-303,,0,,,6.5,-115,-110,,,,,2,,0,Minneapolis,MN,1,253,,,,-6.0,"30,23","41,35",170,-220,3.5,-114,-112
ncaab:401364361,ncaab,2022-01-05T00:00Z,final,164,130,Rutgers,Michigan,75,67,150,-182,,0,,,4.0,-112,-109,,,,,2,,0,Piscataway,NJ,1,30,,,,-5.0,"39,36","30,37",125,-167,2.0,-117,-109
ncaab:401364844,ncaab,2022-01-05T00:00Z,final,99,96,LSU,Kentucky,65,60,-134,112,,0,,,-2.0,-112,-109,,,,,2,,0,Baton Rouge,LA,1,14,,,,-6.0,"35,30","30,30",-127,105,-0.5,-118,-109
ncaab:401364846,ncaab,2022-01-05T00:00Z,final,61,245,Georgia,Texas A&M,79,81,210,-265,,0,,,6.0,-112,-109,,,,,2,,0,Athens,GA,1,228,,,,-5.0,"34,45","46,35",160,-220,3.0,-110,-115
ncaab:401365091,ncaab,2022-01-05T00:00Z,final,2711,2199,W Michigan,E Michigan,79,85,,,,0,,,,,,,,,,2,,0,Kalamazoo,MI,1,239,,,,-5.0,"30,49","47,38",,,,,
ncaab:401365092,ncaab,2022-01-05T00:00Z,final,2050,2309,Ball State,Kent State,65,66,112,-135,,0,,,2.0,-109,-112,,,,,2,,0,Muncie,IN,1,284,,,,-5.0,"28,37","28,38",100,-134,0.5,-109,-119
ncaab:401365095,ncaab,2022-01-05T00:00Z,void,189,193,Bowling Green,Miami OH,,,,,,0,,,,,,,,,,2,,0,Bowling Green,OH,1,212,,,,-5.0,,,,,,,
ncaab:401365096,ncaab,2022-01-05T00:00Z,final,2117,2649,C Michigan,Toledo,54,82,,,,0,,,,,,,,,,2,,0,Mount Pleasant,MI,1,235,,,,-5.0,"33,21","44,38",,,,,
ncaab:401368358,ncaab,2022-01-05T00:00Z,final,239,201,Baylor,Oklahoma,84,74,-833,550,,0,,,-12.0,-110,-109,,,,,2,,0,Waco,TX,1,143,,,,-6.0,"45,39","36,38",-385,265,-6.5,-118,-111
ncaab:401368360,ncaab,2022-01-05T00:00Z,final,2306,251,Kansas St,Texas,57,70,300,-385,,0,,,8.5,-110,-110,,,,,2,,0,Manhattan,KS,1,311,,,,-6.0,"35,22","29,41",195,-286,4.5,-112,-116
ncaab:401369232,ncaab,2022-01-05T00:00Z,final,2198,2110,E Kentucky,C Arkansas,72,79,,,,0,,,,,,,,,,2,,0,Richmond,KY,1,289,,,,-5.0,"33,39","41,38",,,,,
ncaab:401369234,ncaab,2022-01-05T00:00Z,void,55,91,Jax State,Bellarmine,,,,,,0,,,,,,,,,,2,,0,Jacksonville,AL,1,216,,,,-6.0,,,,,,,
ncaab:401369237,ncaab,2022-01-05T00:00Z,final,56,2335,Stetson,Liberty,59,75,215,-278,,0,,,6.5,-106,-114,,,,,2,,0,DeLand,FL,1,12,,,,-5.0,"28,31","37,38",175,-240,3.5,-114,-115
ncaab:401370028,ncaab,2022-01-05T00:00Z,final,259,152,Virginia Tech,NC State,63,68,,,,0,,,,,,,,,,2,,0,Blacksburg,VA,1,633,,,,-5.0,"33,30","29,39",,,,,
ncaab:401370064,ncaab,2022-01-05T00:00Z,final,154,52,Wake Forest,Florida St,76,54,-121,104,,0,,,-1.5,-109,-110,,,,,2,,0,Winston-Salem,NC,1,293,,,,-5.0,"35,41","22,32",-120,-103,-0.5,-112,-115
ncaab:401371113,ncaab,2022-01-05T00:00Z,void,219,47,Penn,Howard,,,-255,200,,0,,,-6.0,-115,-105,,,,,2,,0,Philadelphia,PA,1,12,,,,-5.0,,,,,,,
ncaab:401373093,ncaab,2022-01-05T00:00Z,final,2426,104,Navy,Boston U,83,71,-167,135,,0,,,-3.5,-112,-108,,,,,2,,0,Annapolis,MD,1,12,,,,-5.0,"42,41","38,33",-177,125,-2.0,-115,-112
ncaab:401373337,ncaab,2022-01-05T00:00Z,void,44,322,American,Lafayette,,,-117,-102,,0,,,-1.0,-112,-108,,,,,2,,0,Washington,DC,1,7,,,,-5.0,,,,,,,
ncaab:401373532,ncaab,2022-01-05T00:00Z,void,46,2752,Georgetown,Xavier,,,,,,0,,,,,,,,,,2,,0,Washington,DC,1,7,,,,-5.0,,,,,,,
ncaab:401376558,ncaab,2022-01-05T00:00Z,final,2329,2142,Lehigh,Colgate,85,81,325,-440,,0,,,9.0,-110,-110,,,,,2,,0,Bethlehem,PA,1,109,,,,-5.0,"44,41","38,43",225,-315,5.0,-114,-113
ncaab:401381731,ncaab,2022-01-05T00:00Z,final,2352,107,Loyola MD,Holy Cross,79,70,-625,410,,0,,,-10.5,-110,-110,,,,,2,,0,Baltimore,MD,1,10,,,,-5.0,"39,40","35,35",-360,230,-6.0,-109,-117
ncaab:401385997,ncaab,2022-01-05T00:00Z,final,2083,349,Bucknell,Army,89,96,-150,120,,0,,,-2.5,-112,-109,,,,,2,,0,Lewisburg,PA,1,144,,,,-5.0,"49,40","50,46",-141,106,-1.5,-111,-116
ncaab:401365094,ncaab,2022-01-05T01:00Z,void,2459,2084,N Illinois,Buffalo,,,,,,0,,,,,,,,,,2,,0,Dekalb,IL,1,268,,,,-6.0,,,,,,,
ncaab:401369236,ncaab,2022-01-05T01:00Z,final,288,2453,Lipscomb,North Alabama,84,74,-270,215,,0,,,-6.5,-113,-107,,,,,2,,0,Nashville,TN,1,170,,,,-6.0,"41,43","31,43",-245,175,-4.0,-114,-113
ncaab:401373531,ncaab,2022-01-05T01:00Z,final,2086,2550,Butler,Seton Hall,56,71,143,-175,,0,,,3.5,-108,-112,,,,,2,,0,Indianapolis,IN,1,218,,,,-5.0,"26,30","34,37",125,-152,1.5,-110,-115
ncaab:401364847,ncaab,2022-01-05T01:30Z,final,8,238,Arkansas,Vanderbilt,74,75,-360,280,,0,,,-7.5,-113,-110,,,,,2,,0,Fayetteville,AR,1,427,,,,-6.0,"40,34","35,40",-315,220,-5.0,-118,-109
ncaab:401364722,ncaab,2022-01-05T02:00Z,final,36,2005,Colorado St,Air Force,67,59,-10000,1400,,0,,,-21.0,-110,-109,,,,,2,,0,Fort Collins,CO,1,1525,,,,-7.0,"33,34","28,31",-835,480,-11.0,-112,-114
ncaab:401368359,ncaab,2022-01-05T02:00Z,final,197,2305,Oklahoma St,Kansas,63,74,220,-278,,0,,,6.5,-113,-110,,,,,2,,0,Stillwater,OK,1,273,,,,-6.0,"29,34","29,45",175,-215,3.5,-117,-110
ncaab:401369861,ncaab,2022-01-05T02:00Z,final,150,59,Duke,Georgia Tech,69,57,-3335,1200,,0,,,-18.5,-110,-110,,,,,2,,0,Durham,NC,1,123,,,,-5.0,"35,34","23,34",-715,420,-10.5,-112,-115
ncaab:401369934,ncaab,2022-01-05T02:00Z,final,228,258,Clemson,Virginia,65,75,-161,128,,0,,,-3.0,-110,-110,,,,,2,,0,Clemson,SC,1,221,,,,-5.0,"37,28","36,39",-152,114,-1.5,-109,-121
ncaab:401373533,ncaab,2022-01-05T02:00Z,final,269,2507,Marquette,Providence,88,56,-118,-105,,0,,,-1.0,-105,-115,,,,,2,,0,Milwaukee,WI,1,188,,,,-6.0,"42,46","22,34",-108,-113,0.0,-110,-115
ncaab:401377700,ncaab,2022-01-05T02:00Z,final,235,202,Memphis,Tulsa,67,64,-1000,624,,0,,,-12.5,-110,-109,,,,,2,,0,Memphis,TN,1,78,,,,-6.0,"34,33","25,39",-480,280,-7.5,-109,-118
ncaab:401364720,ncaab,2022-01-05T03:00Z,void,328,68,Utah State,Boise St,,,,,,0,,,,,,,,,,2,,0,Logan,UT,1,1382,,,,-7.0,,,,,,,
ncaab:401373659,ncaab,2022-01-05T03:00Z,void,2239,299,Fullerton,Long Beach St,,,-333,255,,0,,,-7.5,-110,-110,,,,,2,,0,Fullerton,CA,1,50,,,,-8.0,,,-278,195,-4.5,-114,-112
ncaab:401364719,ncaab,2022-01-05T04:00Z,void,2440,2751,Nevada,Wyoming,,,,,,0,,,,,,,,,,2,,0,Reno,NV,1,1373,,,,-8.0,,,,,,,
ncaab:401401508,ncaab,2022-01-05T18:00Z,final,2229,2065,FIU,Bethune,68,65,,,,0,,,,,,,,,,2,,0,Miami,FL,1,2,,,,-5.0,"20,48","35,30",,,,,
ncaab:401402025,ncaab,2022-01-05T20:00Z,final,2344,2945,Longwood,Pfeiffer,109,69,,,,0,,,,,,,,,,2,,0,Farmville,VA,1,90,,,,-5.0,"63,46","39,30",,,,,
ncaab:401386290,ncaab,2022-01-05T22:00Z,void,338,294,Kennesaw St,Jacksonville,,,,,,0,,,,,,,,,,2,,0,Kennesaw,GA,1,332,,,,-5.0,,,,,,,
ncaab:401402132,ncaab,2022-01-05T22:00Z,final,2415,2251,Morgan St,Goucher,100,41,,,,0,,,,,,,,,,2,,0,Baltimore,MD,1,10,,,,-5.0,"57,43","16,25",,,,,
ncaab:401373534,ncaab,2022-01-05T23:30Z,final,2599,305,St John's,DePaul,89,84,,,,0,,,,,,,,,,2,,0,Queens,NY,1,12,,,,-5.0,"39,50","35,49",,,,,
ncaab:401364362,ncaab,2022-01-06T00:00Z,final,127,158,Michigan St,Nebraska,79,67,-1700,800,,0,,,-15.5,-110,-114,,,,,2,,0,East Lansing,MI,1,261,,,,-5.0,"38,41","34,33",-530,335,-8.5,-113,-115
ncaab:401364848,ncaab,2022-01-06T00:00Z,final,57,333,Florida,Alabama,70,83,-129,108,,0,,,-1.5,-110,-110,,,,,2,,0,Gainesville,FL,1,54,,,,-5.0,"39,31","36,47",-118,-103,-0.5,-114,-115
ncaab:401364849,ncaab,2022-01-06T00:00Z,final,2633,145,Tennessee,Ole Miss,66,60,-2100,1000,,0,,,-17.5,-110,-109,,,,,2,,0,Knoxville,TN,1,276,,,,-5.0,"19,32,15","21,30,9",-770,450,-9.5,-114,-114
ncaab:401365421,ncaab,2022-01-06T00:00Z,void,111,350,Northeastern,UNC Wilmington,,,,,,0,,,,,,,,,,2,,0,Boston,MA,1,14,,,,-5.0,,,,,,,
ncaab:401365422,ncaab,2022-01-06T00:00Z,void,48,119,Delaware,Towson,,,105,-126,,0,,,1.5,-109,-111,,,,,2,,0,Newark,DE,1,38,,,,-5.0,,,,,,,
ncaab:401365424,ncaab,2022-01-06T00:00Z,void,2275,232,Hofstra,Charleston,,,,,,0,,,,,,,,,,2,,0,Hempstead,NY,1,17,,,,-5.0,,,,,,,
ncaab:401365507,ncaab,2022-01-06T00:00Z,final,2717,2643,W Carolina,The Citadel,94,90,,,,0,,,,,,,,,,2,,0,Cullowhee,NC,1,645,,,,-5.0,"44,37,13","35,46,9",,,,,
ncaab:401365508,ncaab,2022-01-06T00:00Z,final,2193,2678,ETSU,VMI,80,79,,,,0,,,,,,,,,,2,,0,Johnson City,TN,1,498,,,,-5.0,"47,33","30,49",,,,,
ncaab:401365509,ncaab,2022-01-06T00:00Z,final,2430,231,UNC Greensboro,Furman,54,58,155,-192,,0,,,4.0,-117,-108,,,,,2,,0,Greensboro,NC,1,266,,,,-5.0,"28,26","30,28",118,-159,1.5,-113,-113
ncaab:401365510,ncaab,2022-01-06T00:00Z,final,2382,2535,Mercer,Samford,83,80,-194,160,,0,,,-4.5,-104,-118,,,,,2,,0,Macon,GA,1,112,,,,-5.0,"33,50","38,42",-182,135,-2.5,-117,-108
ncaab:401365511,ncaab,2022-01-06T00:00Z,final,2747,236,Wofford,Chattanooga,67,75,-135,110,,0,,,-2.0,-108,-112,,,,,2,,0,Spartanburg,SC,1,246,,,,-5.0,"30,37","32,43",-132,100,-0.5,-118,-110
ncaab:401365768,ncaab,2022-01-06T00:00Z,void,2184,45,Duquesne,G Washington,,,,,,0,,,,,,,,,,2,,0,Pittsburgh,PA,1,233,,,,-5.0,,,,,,,
ncaab:401365769,ncaab,2022-01-06T00:00Z,final,257,113,Richmond,UMass,80,72,,,,0,,,,,,,,,,2,,0,Richmond,VA,1,64,,,,-5.0,"50,30","31,41",,,,,
ncaab:401365770,ncaab,2022-01-06T00:00Z,final,2603,2166,Saint Joseph's,Davidson,73,88,165,-202,,0,,,4.5,-108,-112,,,,,2,,0,Philadelphia,PA,1,12,,,,-5.0,"33,40","38,50",135,-182,2.0,-108,-118
ncaab:401365771,ncaab,2022-01-06T00:00Z,final,2168,2670,Dayton,VCU,52,53,-210,170,,0,,,-4.5,-115,-108,,,,,2,,0,Dayton,OH,1,225,,,,-5.0,"24,28","28,25",-175,130,-2.0,-121,-107
ncaab:401365772,ncaab,2022-01-06T00:00Z,void,179,2230,St Bonaventure,Fordham,,,,,,0,,,,,,,,,,2,,0,Saint Bonaventure,NY,1,435,,,,-5.0,,,,,,,
ncaab:401365773,ncaab,2022-01-06T00:00Z,void,139,2325,Saint Louis,La Salle,,,,,,0,,,,,,,,,,2,,0,St. Louis,MO,1,142,,,,-6.0,,,,,,,
ncaab:401365774,ncaab,2022-01-06T00:00Z,void,2244,227,George Mason,Rhode Island,,,,,,0,,,,,,,,,,2,,0,Fairfax,VA,1,131,,,,-5.0,,,,,,,
ncaab:401367283,ncaab,2022-01-06T00:00Z,void,282,339,Indiana St,Evansville,,,-275,205,,0,,,-6.0,-110,-109,,,,,2,,0,Terre Haute,IN,1,152,,,,-5.0,,,-225,163,-3.0,-117,-109
ncaab:401368244,ncaab,2022-01-06T00:00Z,final,325,2870,Cleveland St,Purdue FW,65,58,-590,410,,0,,,-10.0,-115,-105,,,,,2,,0,Cleveland,OH,1,199,,,,-5.0,"29,36","26,32",-385,260,-5.5,-116,-112
ncaab:401368245,ncaab,2022-01-06T00:00Z,void,2174,2473,Detroit Mercy,Oakland,,,,,,0,,,,,,,,,,2,,0,Detroit,MI,1,183,,,,-5.0,,,,,,,
ncaab:401368247,ncaab,2022-01-06T00:00Z,final,2523,2754,Robert Morris,Youngstown St,60,64,130,-157,,0,,,3.0,-108,-112,,,,,2,,0,Moon Township,PA,1,358,,,,-5.0,"25,35","27,37",110,-141,1.5,-117,-113
ncaab:401370113,ncaab,2022-01-06T00:00Z,final,97,221,Louisville,Pitt,75,72,-909,575,,0,,,-12.5,-110,-109,,,,,2,,0,Louisville,KY,1,142,,,,-5.0,"35,40","32,40",-435,295,-6.5,-113,-113
ncaab:401370696,ncaab,2022-01-06T00:00Z,final,2097,2427,Campbell,UNC Asheville,54,60,-295,230,,0,,,-7.0,-110,-110,,,,,2,,0,Buies Creek,NC,1,63,,,,-5.0,"30,24","33,27",-235,170,-4.0,-108,-119
ncaab:401370697,ncaab,2022-01-06T00:00Z,final,2127,2241,Charleston So,Gardner-Webb,63,88,460,-670,,0,,,11.0,-110,-110,,,,,2,,0,Charleston,SC,1,6,,,,-5.0,"26,37","51,37",250,-360,6.0,-112,-115
ncaab:401370699,ncaab,2022-01-06T00:00Z,void,2272,2737,High Point,Winthrop,,,,,,0,,,,,,,,,,2,,0,High Point,NC,1,281,,,,-5.0,,,,,,,
ncaab:401370700,ncaab,2022-01-06T00:00Z,final,2448,2506,NC A&T,Presbyterian,65,57,,,,0,,,,,,,,,,2,,0,Greensboro,NC,1,266,,,,-5.0,"29,36","29,28",,,,,
ncaab:401377701,ncaab,2022-01-06T00:00Z,final,2116,218,UCF,Temple,62,66,-625,400,,0,,,-10.5,-110,-110,,,,,2,,0,Orlando,FL,1,30,,,,-5.0,"30,32","29,37",-345,240,-6.0,-112,-116
ncaab:401377702,ncaab,2022-01-06T00:00Z,final,58,248,South Florida,Houston,66,83,720,-1250,,0,,,14.5,-110,-110,,,,,2,,0,Tampa,FL,1,1,,,,-5.0,"37,29","40,43",335,-500,8.0,-112,-115
ncaab:401377703,ncaab,2022-01-06T00:00Z,final,151,2655,East Carolina,Tulane,88,80,-115,-105,,0,,,-1.0,-109,-111,,,,,2,,0,Greenville,NC,1,18,,,,-5.0,"43,28,17","37,34,9",-120,-112,0.0,-117,-109
ncaab:401380990,ncaab,2022-01-06T00:00Z,void,2428,108806,NC Central,Mid Atl Chrstn,,,,,,0,,,,,,,,,,2,,0,Durham,NC,1,123,,,,-5.0,,,,,,,
ncaab:401401010,ncaab,2022-01-06T00:00Z,final,2084,189,Buffalo,Bowling Green,99,88,-345,270,,0,,,-7.5,-110,-110,,,,,2,,0,Buffalo,NY,1,183,,,,-5.0,"43,56","41,47",-265,190,-4.0,-114,-112
ncaab:401369233,ncaab,2022-01-06T00:30Z,final,526,2454,FGCU,North Florida,74,67,,,,0,,,,,,,,,,2,,0,Fort Myers,FL,1,3,,,,-5.0,"34,40","34,33",,,,,
ncaab:401367285,ncaab,2022-01-06T01:00Z,void,79,2181,S Illinois,Drake,,,,,,0,,,,,,,,,,2,,0,Carbondale,IL,1,126,,,,-6.0,,,,,,,
ncaab:401368246,ncaab,2022-01-06T01:00Z,final,2739,270,Green Bay,Milwaukee,49,63,111,-134,,0,,,2.0,-109,-111,,,,,2,,0,Ashwaubenon,WI,1,185,,,,-6.0,"21,28","28,35",102,-134,0.5,-108,-118
ncaab:401370084,ncaab,2022-01-06T01:00Z,final,2390,183,Miami,Syracuse,88,87,-131,106,,0,,,-2.0,-111,-114,,,,,2,,0,Coral Gables,FL,1,3,,,,-5.0,"30,58","44,43",-127,105,-1.0,-112,-116
ncaab:401372576,ncaab,2022-01-06T01:00Z,final,2464,111226,N Arizona,Embry Rid (AZ),101,54,,,,0,,,,,,,,,,2,,0,Flagstaff,AZ,1,2104,,,,-7.0,"46,55","18,36",,,,,
ncaab:401373115,ncaab,2022-01-06T01:30Z,final,2296,2016,Jackson St,Alcorn St,50,65,-375,285,,0,,,-7.5,-109,-110,,,,,2,,0,Jackson,MS,1,85,,,,-6.0,"24,26","28,37",-278,200,-4.5,-116,-115
ncaab:401373160,ncaab,2022-01-06T01:30Z,final,2755,2640,Grambling,Texas Southern,61,67,180,-225,,0,,,5.0,-110,-110,,,,,2,,0,Grambling,LA,1,93,,,,-6.0,"29,32","34,33",145,-195,2.5,-115,-114
ncaab:401373175,ncaab,2022-01-06T01:30Z,void,2582,2504,Southern,Prairie View,,,-205,167,,0,,,-4.5,-111,-109,,,,,2,,0,Baton Rouge,LA,1,14,,,,-6.0,,,,,,,
ncaab:401373535,ncaab,2022-01-06T01:30Z,final,222,156,Villanova,Creighton,75,41,-667,460,,0,,,-10.5,-110,-110,,,,,2,,0,Villanova,PA,1,121,,,,-5.0,"36,39","22,19",-360,270,-6.0,-112,-116
ncaab:401376576,ncaab,2022-01-06T01:30Z,final,2029,2011,AR-Pine Bluff,Alabama St,70,68,,,,0,,,,,,,,,,2,,0,Pine Bluff,AR,1,67,,,,-6.0,"34,36","35,33",,,,,
ncaab:401381757,ncaab,2022-01-06T01:30Z,final,2400,2010,Miss Valley St,Alabama A&M,67,72,,,,0,,,,,,,,,,2,,0,Itta Bena,MS,1,40,,,,-6.0,"27,40","33,39",,,,,
ncaab:401364363,ncaab,2022-01-06T02:00Z,final,77,213,Northwestern,Penn State,70,74,-360,270,,0,,,-8.0,-108,-112,,,,,2,,0,Evanston,IL,1,187,,,,-6.0,"34,36","29,45",-315,210,-5.0,-109,-121
ncaab:401364850,ncaab,2022-01-06T02:00Z,void,142,344,Missouri,Mississippi St,,,,,,0,,,,,,,,,,2,,0,Columbia,MO,1,215,,,,-6.0,,,,,,,
ncaab:401367282,ncaab,2022-01-06T02:00Z,final,71,2623,Bradley,Missouri St,69,71,-102,-118,,0,,,1.0,-112,-109,,,,,2,,0,Peoria,IL,1,153,,,,-6.0,"33,36","41,30",-112,-120,0.5,-112,-116
ncaab:401367284,ncaab,2022-01-06T02:00Z,void,2287,2350,Illinois St,Loyola Chicago,,,,,,0,,,,,,,,,,2,,0,Normal,IL,1,244,,,,-6.0,,,,,,,
ncaab:401367286,ncaab,2022-01-06T02:00Z,final,2460,2674,Northern Iowa,Valparaiso,92,65,-360,275,,0,,,-7.5,-110,-112,,,,,2,,0,Cedar Falls,IA,1,268,,,,-6.0,"43,49","22,43",-275,195,-4.0,-114,-112
ncaab:401368361,ncaab,2022-01-06T02:00Z,final,66,2641,Iowa State,Texas Tech,51,47,-227,177,,0,,,-5.0,-108,-112,,,,,2,,0,Ames,IA,1,287,,,,-6.0,"30,21","19,28",-182,150,-2.5,-112,-114
ncaab:401369969,ncaab,2022-01-06T02:00Z,final,87,153,Notre Dame,North Carolina,78,73,110,-137,,0,,,2.0,-109,-112,,,,,2,,0,South Bend,IN,1,211,,,,-5.0,"39,39","35,38",105,-127,0.5,-108,-118
ncaab:401402063,ncaab,2022-01-06T03:00Z,final,299,111910,Long Beach St,Westcliff,90,64,,,,0,,,,,,,,,,2,,0,Long Beach,CA,1,9,,,,-8.0,"48,42","35,29",,,,,
ncaab:401364721,ncaab,2022-01-06T03:30Z,void,21,278,San Diego St,Fresno St,,,,,,0,,,,,,,,,,2,,0,San Diego,CA,1,20,,,,-8.0,,,,,,,
ncaab:401400990,ncaab,2022-01-06T03:30Z,void,26,9,UCLA,Arizona St,,,,,,0,,,,,,,,,,2,,0,Los Angeles,CA,1,89,,,,-8.0,,,,,,,
ncaab:401364718,ncaab,2022-01-06T04:00Z,void,23,2439,San José St,UNLV,,,,,,0,,,,,,,,,,2,,0,San Jose,CA,1,26,,,,-8.0,,,,,,,
ncaab:401384882,ncaab,2022-01-06T17:00Z,final,2277,2545,Hou Christian,SE Louisiana,81,90,,,,1,,,,,,,,,,2,,0,Katy,TX,1,42,,,,-6.0,"30,51","45,45",,,,,
ncaab:401402012,ncaab,2022-01-06T19:00Z,final,2539,2350,San Francisco,Loyola Chicago,74,79,-149,-149,,1,,,2.5,-105,-114,,,,,2,,0,Salt Lake City,UT,1,1299,,,,-7.0,"39,35","38,41",-137,114,-1.0,-115,-110
ncaab:401384883,ncaab,2022-01-06T19:30Z,final,2377,2443,McNeese,LSU N Orleans,92,82,,,,1,,,,,,,,,,2,,0,Katy,TX,1,42,,,,-6.0,"42,29,8,13","31,40,8,3",,,,,
ncaab:401370701,ncaab,2022-01-06T21:00Z,final,2908,2515,SC Upstate,Radford,77,82,145,-182,,0,,,4.0,-113,-108,,,,,2,,0,Spartanburg,SC,1,246,,,,-5.0,"44,33","39,43",125,-167,2.0,-118,-108
ncaab:401384884,ncaab,2022-01-06T23:00Z,final,357,2466,Texas A&M-CC,N'Western St,89,67,,,,1,,,,,,,,,,2,,0,Katy,TX,1,42,,,,-6.0,"43,46","34,33",,,,,
ncaab:401386322,ncaab,2022-01-06T23:00Z,final,2349,2885,UMass Lowell,NJIT,72,77,,,,0,,,,,,,,,,2,,0,Lowell,MA,1,36,,,,-5.0,"28,44","35,42",,,,,
ncaab:401364365,ncaab,2022-01-07T00:00Z,final,356,120,Illinois,Maryland,76,64,-800,500,,0,,,-11.5,-122,100,,,,,2,,0,Champaign,IL,1,225,,,,-6.0,"30,46","34,30",-375,275,-6.5,-112,-114
ncaab:401364366,ncaab,2022-01-07T00:00Z,final,84,194,Indiana,Ohio State,67,51,-167,139,,0,,,-3.5,-110,-112,,,,,2,,0,Bloomington,IN,1,235,,,,-5.0,"33,34","30,21",-150,125,-1.5,-114,-112
ncaab:401365653,ncaab,2022-01-07T00:00Z,void,2710,140,W Illinois,Kansas City,,,,,,0,,,,,,,,,,2,,0,Macomb,IL,1,215,,,,-6.0,,,,,,,
ncaab:401367435,ncaab,2022-01-07T00:00Z,final,2653,324,Troy,Coastal,69,59,-107,-112,,0,,,0.0,-106,-114,,,,,2,,0,Troy,AL,1,165,,,,-6.0,"28,41","29,30",-120,-112,0.0,-117,-109
ncaab:401367436,ncaab,2022-01-07T00:00Z,final,2247,250,Georgia St,UT Arlington,63,70,,,,0,,,,,,,,,,2,,0,Atlanta,GA,1,320,,,,-5.0,"32,31","31,39",,,,,
ncaab:401367437,ncaab,2022-01-07T00:00Z,void,290,326,GA Southern,Texas St,,,,,,0,,,,,,,,,,2,,0,Statesboro,GA,1,77,,,,-5.0,,,,,,,
ncaab:401368248,ncaab,2022-01-07T00:00Z,void,94,85,N Kentucky,IU Indy,,,,,,0,,,,,,,,,,2,,0,Highland Heights,KY,1,260,,,,-5.0,,,,,,,
ncaab:401368249,ncaab,2022-01-07T00:00Z,final,2750,82,Wright St,UIC,90,72,-320,250,,0,,,-7.0,-110,-110,,,,,2,,0,Dayton,OH,1,225,,,,-5.0,"42,48","35,37",-250,185,-4.0,-111,-116
ncaab:401369634,ncaab,2022-01-07T00:00Z,void,311,42,Maine,Hartford,,,,,,0,,,,,,,,,,2,,0,Bangor,ME,1,36,,,,-5.0,,,,,,,
ncaab:401369636,ncaab,2022-01-07T00:00Z,final,261,160,Vermont,New Hampshire,82,68,-667,440,,0,,,-10.5,-110,-110,,,,,2,,0,Burlington,VT,1,61,,,,-5.0,"36,46","35,33",-345,250,-6.0,-112,-116
ncaab:401370817,ncaab,2022-01-07T00:00Z,void,2115,2529,C Connecticut,Sacred Heart,,,,,,0,,,,,,,,,,2,,0,New Britain,CT,1,51,,,,-5.0,,,,,,,
ncaab:401370829,ncaab,2022-01-07T00:00Z,void,161,2771,FDU,Merrimack,,,,,,0,,,,,,,,,,2,,0,Hackensack,NJ,1,6,,,,-5.0,,,,,,,
ncaab:401370838,ncaab,2022-01-07T00:00Z,final,112358,116,Long Island,Mount St Marys,74,57,,,,0,,,,,,,,,,2,,0,Brooklyn,NY,1,15,,,,-5.0,"36,38","21,36",,,,,
ncaab:401370875,ncaab,2022-01-07T00:00Z,final,2597,2598,St Francis BK,Saint Francis,70,53,,,,0,,,,,,,,,,2,,0,Brooklyn,NY,1,15,,,,-5.0,"21,49","26,27",,,,,
ncaab:401370892,ncaab,2022-01-07T00:00Z,final,2681,2803,Wagner,Bryant,84,81,-360,280,,0,,,-8.0,-110,-110,,,,,2,,0,Staten Island,NY,1,21,,,,-5.0,"31,44,9","37,38,6",-295,210,-4.5,-110,-115
ncaab:401373289,ncaab,2022-01-07T00:00Z,final,2634,2630,Tennessee St,UT Martin,78,94,,,,0,,,,,,,,,,2,,0,Nashville,TN,1,170,,,,-6.0,"34,44","49,45",,,,,
ncaab:401386321,ncaab,2022-01-07T00:00Z,void,2619,2378,Stony Brook,UMBC,,,,,,0,,,,,,,,,,2,,0,Stony Brook,NY,1,27,,,,-5.0,,,,,,,
ncaab:401386323,ncaab,2022-01-07T00:00Z,final,399,2066,UAlbany,Binghamton,79,88,,,,0,,,,,,,,,,2,,0,Albany,NY,1,45,,,,-5.0,"40,39","46,42",,,,,
ncaab:401367439,ncaab,2022-01-07T00:30Z,final,2433,2031,UL Monroe,Little Rock,80,72,,,,0,,,,,,,,,,2,,0,Monroe,LA,1,23,,,,-6.0,"37,43","35,37",,,,,
ncaab:401402090,ncaab,2022-01-07T00:30Z,final,26,299,UCLA,Long Beach St,96,78,-20000,3500,,0,,,-26.5,-110,-109,,,,,2,,0,Los Angeles,CA,1,89,,,,-8.0,"45,51","29,49",-1667,1050,-14.5,-110,-115
ncaab:401365651,ncaab,2022-01-07T01:00Z,final,2437,155,Omaha,North Dakota,98,82,-170,140,,0,,,-3.5,-112,-108,,,,,2,,0,Omaha,NE,1,323,,,,-6.0,"52,46","40,42",-159,120,-1.5,-115,-114
ncaab:401365652,ncaab,2022-01-07T01:00Z,final,2900,198,St Thomas,Oral Roberts,66,81,,,,0,,,,,,,,,,2,,0,Saint Paul,MN,1,242,,,,-6.0,"32,34","43,38",,,,,
ncaab:401367434,ncaab,2022-01-07T01:00Z,final,6,2026,South Alabama,App State,64,72,,,,0,,,,,,,,,,2,,0,Mobile,AL,1,3,,,,-6.0,"28,36","39,33",,,,,
ncaab:401367438,ncaab,2022-01-07T01:00Z,final,309,2032,Louisiana,Arkansas St,83,77,-250,190,,0,,,-5.5,-114,-107,,,,,2,,0,Lafayette,LA,1,11,,,,-6.0,"35,38,10","30,43,4",-215,155,-3.0,-115,-116
ncaab:401371456,ncaab,2022-01-07T01:00Z,final,2000,2617,Abilene Chrstn,SF Austin,58,64,,,,0,,,,,,,,,,2,,0,Abilene,TX,1,524,,,,-6.0,"23,35","35,29",,,,,
ncaab:401371457,ncaab,2022-01-07T01:00Z,final,2627,2534,Tarleton St,Sam Houston,75,64,-178,146,,0,,,-4.0,-111,-109,,,,,2,,0,Stephenville,TX,1,388,,,,-6.0,"42,33","31,33",-162,123,-1.5,-115,-110
ncaab:401371460,ncaab,2022-01-07T01:00Z,final,292,2253,UT Rio Grande,Grand Canyon,70,84,,,,0,,,,,,,,,,2,,0,Edinburg,TX,1,30,,,,-6.0,"29,41","39,45",,,,,
ncaab:401372757,ncaab,2022-01-07T01:00Z,final,242,2393,Rice,MTSU,65,61,,,,0,,,,,,,,,,2,,0,Houston,TX,1,12,,,,-6.0,"28,37","25,36",,,,,
ncaab:401372768,ncaab,2022-01-07T01:00Z,final,249,5,North Texas,UAB,63,69,-144,120,,0,,,-2.5,-111,-109,,,,,2,,0,Denton,TX,1,201,,,,-6.0,"34,29","35,34",-141,117,-1.0,-116,-111
ncaab:401372812,ncaab,2022-01-07T01:00Z,final,2636,2572,UTSA,Southern Miss,73,74,-202,165,,0,,,-4.5,-111,-109,,,,,2,,0,San Antonio,TX,1,198,,,,-6.0,"32,41","32,42",-182,135,-2.5,-116,-111
ncaab:401402243,ncaab,2022-01-07T01:00Z,final,2130,2547,Chicago St,Seattle U,77,93,400,-556,,0,,,10.0,-110,-110,,,,,2,,0,Chicago,IL,1,179,,,,-6.0,"38,39","45,48",225,-335,5.5,-113,-114
ncaab:401402244,ncaab,2022-01-07T01:00Z,void,2320,166,Lamar,New Mexico St,,,571,-975,,0,,,12.5,-110,-110,,,,,2,,0,Beaumont,TX,1,5,,,,-6.0,,,,,7.5,-125,-110
ncaab:401373218,ncaab,2022-01-07T01:30Z,void,2197,93,E Illinois,Murray St,,,,,,0,,,,,,,,,,2,,0,Charleston,IL,1,204,,,,-6.0,,,,,,,
ncaab:401373262,ncaab,2022-01-07T01:30Z,final,2057,2546,Belmont,SE Missouri,102,62,,,,0,,,,,,,,,,2,,0,Nashville,TN,1,170,,,,-6.0,"57,45","33,29",,,,,
ncaab:401384885,ncaab,2022-01-07T01:30Z,final,2916,2447,Incarnate Word,Nicholls,56,87,,,,1,,,,,,,,,,2,,0,Katy,TX,1,42,,,,-6.0,"17,39","50,37",,,,,
ncaab:401364364,ncaab,2022-01-07T02:00Z,final,275,2294,Wisconsin,Iowa,87,78,-175,140,,0,,,-3.5,-112,-108,,,,,2,,0,Madison,WI,1,267,,,,-6.0,"45,42","32,46",-141,118,-1.5,-113,-117
ncaab:401371308,ncaab,2022-01-07T02:00Z,final,252,279,BYU,Pacific,73,51,-2500,1055,,0,,,-17.0,-110,-109,,,,,2,,0,Provo,UT,1,1387,,,,-7.0,"35,38","31,20",-910,500,-10.0,-114,-113
ncaab:401372418,ncaab,2022-01-07T02:00Z,final,331,149,E Washington,Montana,78,90,,,,0,,,,,,,,,,2,,0,Cheney,WA,1,717,,,,-8.0,"34,44","36,54",,,,,
ncaab:401372444,ncaab,2022-01-07T02:00Z,final,70,147,Idaho,Montana St,72,92,418,-574,,0,,,10.5,-110,-110,,,,,2,,0,Moscow,ID,1,786,,,,-8.0,"36,36","45,47",210,-305,5.5,-115,-115
ncaab:401372620,ncaab,2022-01-07T02:00Z,void,253,2502,Southern Utah,Portland St,,,,,,0,,,,,,,,,,2,,0,Cedar City,UT,1,1782,,,,-7.0,,,,,,,
ncaab:401373661,ncaab,2022-01-07T02:00Z,void,302,300,UC Davis,UC Irvine,,,-265,210,,0,,,-5.5,-110,-109,,,,,2,,0,Davis,CA,1,16,,,,-8.0,,,-250,185,-3.5,-116,-112
ncaab:401377397,ncaab,2022-01-07T02:00Z,final,38,265,Colorado,Washington St,83,78,-159,130,,0,,,-3.0,-110,-110,,,,,2,,0,Boulder,CO,1,1624,,,,-7.0,"37,46","38,40",-152,114,-1.5,-109,-117
ncaab:401377399,ncaab,2022-01-07T02:30Z,final,254,264,Utah,Washington,68,74,-556,385,,0,,,-10.0,-110,-110,,,,,2,,0,Salt Lake City,UT,1,1299,,,,-7.0,"37,31","33,41",-385,260,-5.5,-114,-112
ncaab:401377704,ncaab,2022-01-07T02:30Z,final,2132,2567,Cincinnati,SMU,77,60,,,,0,,,,,,,,,,2,,0,Cincinnati,OH,1,191,,,,-5.0,"44,33","27,33",,,,,
ncaab:401372710,ncaab,2022-01-07T03:00Z,final,2638,2348,UTEP,Louisiana Tech,52,64,157,-195,,0,,,4.5,-114,-108,,,,,2,,0,El Paso,TX,1,1133,,,,-7.0,"25,27","41,23",130,-177,2.0,-111,-116
ncaab:401373660,ncaab,2022-01-07T03:00Z,void,2463,2934,CSU Northridge,Bakersfield,,,,,,0,,,,,,,,,,2,,0,Northridge,CA,1,246,,,,-8.0,,,,,,,
ncaab:401373662,ncaab,2022-01-07T03:00Z,void,2239,62,Fullerton,Hawai'i,,,,,,0,,,,,,,,,,2,,0,Fullerton,CA,1,50,,,,-8.0,,,,,,,
ncaab:401373663,ncaab,2022-01-07T03:00Z,void,2540,13,Santa Barbara,Cal Poly,,,,,,0,,,,,,,,,,2,,0,Santa Barbara,CA,1,15,,,,-8.0,,,,,,,
ncaab:401373664,ncaab,2022-01-07T03:00Z,final,27,28,UC Riverside,UC San Diego,59,51,,,,0,,,,,,,,,,2,,0,Riverside,CA,1,252,,,,-8.0,"27,32","26,25",,,,,
ncaab:401371146,ncaab,2022-01-07T04:00Z,void,2541,2608,Santa Clara,Saint Mary's,,,,,,0,,,,,,,,,,2,,0,Santa Clara,CA,1,23,,,,-8.0,,,,,,,
ncaab:401377400,ncaab,2022-01-07T04:00Z,final,25,30,California,USC,63,77,215,-270,,0,,,6.0,-109,-110,,,,,2,,0,Berkeley,CA,1,52,,,,-8.0,"31,32","36,41",155,-195,3.0,-109,-117
ncaab:401384888,ncaab,2022-01-07T17:00Z,final,2443,2277,LSU N Orleans,Hou Christian,81,65,,,,1,,,,,,,,,,2,,0,Katy,TX,1,42,,,,-6.0,"43,38","29,36",,,,,
ncaab:401384889,ncaab,2022-01-07T19:30Z,final,2916,2466,Incarnate Word,N'Western St,80,83,,,,1,,,,,,,,,,2,,0,Katy,TX,1,42,,,,-6.0,"39,41","46,37",,,,,
ncaab:401373338,ncaab,2022-01-07T22:00Z,void,2142,44,Colgate,American,,,,,,0,,,,,,,,,,2,,0,Hamilton,NY,1,181,,,,-5.0,,,,,,,
ncaab:401376559,ncaab,2022-01-07T22:00Z,final,349,2329,Army,Lehigh,77,55,-250,198,,0,,,-5.5,-115,-105,,,,,2,,0,West Point,NY,1,47,,,,-5.0,"39,38","13,42",-210,155,-3.0,-109,-117
ncaab:401381742,ncaab,2022-01-07T22:00Z,final,104,2352,Boston U,Loyola MD,58,66,-357,260,,0,,,-7.5,-110,-110,,,,,2,,0,Boston,MA,1,14,,,,-5.0,"17,41","27,39",-278,195,-4.0,-114,-112
ncaab:401384886,ncaab,2022-01-07T23:00Z,final,2377,2545,McNeese,SE Louisiana,78,83,,,,1,,,,,,,,,,2,,0,Katy,TX,1,42,,,,-6.0,"40,38","52,31",,,,,
ncaab:401365097,ncaab,2022-01-07T23:30Z,final,195,2309,Ohio,Kent State,80,72,-360,280,,0,,,-7.5,-110,-110,,,,,2,,0,Athens,OH,1,219,,,,-5.0,"41,39","26,46",-295,210,-4.5,-114,-113
ncaab:401373537,ncaab,2022-01-07T23:30Z,final,46,269,Georgetown,Marquette,64,92,128,-157,,0,,,3.0,-108,-112,,,,,2,,0,Washington,DC,1,7,,,,-5.0,"37,27","45,47",118,-141,1.5,-124,-107
ncaab:401365318,ncaab,2022-01-08T00:00Z,void,2405,2561,Monmouth,Siena,,,,,,0,,,,,,,,,,2,,0,West Long Branch,NJ,1,9,,,,-5.0,,,,,,,
ncaab:401365319,ncaab,2022-01-08T00:00Z,void,2612,314,Saint Peter's,Iona,,,,,,0,,,,,,,,,,2,,0,Jersey City,NJ,1,9,,,,-5.0,,,,,,,
ncaab:401365320,ncaab,2022-01-08T00:00Z,void,2520,2363,Rider,Manhattan,,,,,,0,,,,,,,,,,2,,0,Lawrenceville,NJ,1,37,,,,-5.0,,,,,,,
ncaab:401365321,ncaab,2022-01-08T00:00Z,final,2217,2368,Fairfield,Marist,51,60,-167,140,,0,,,-3.5,-100,-118,,,,,2,,0,Bridgeport,CT,1,1,,,,-5.0,"25,26","32,28",-155,115,-1.5,-110,-115
ncaab:401368250,ncaab,2022-01-08T00:00Z,final,2523,325,Robert Morris,Cleveland St,77,78,295,-400,,0,,,8.5,-110,-110,,,,,2,,0,Moon Township,PA,1,358,,,,-5.0,"37,40","35,43",215,-305,5.0,-115,-114
ncaab:401368251,ncaab,2022-01-08T00:00Z,final,2754,2870,Youngstown St,Purdue FW,61,71,-225,180,,0,,,-5.0,-112,-109,,,,,2,,0,Youngstown,OH,1,259,,,,-5.0,"27,34","30,41",-177,130,-2.5,-114,-114
ncaab:401368252,ncaab,2022-01-08T00:00Z,final,2473,3121,Oakland,Ohio Christian,108,40,,,,0,,,,,,,,,,2,,0,Rochester,MI,1,229,,,,-5.0,"53,55","18,22",,,,,
ncaab:401368253,ncaab,2022-01-08T00:00Z,final,2174,270,Detroit Mercy,Milwaukee,85,60,-275,210,,0,,,-6.0,-112,-108,,,,,2,,0,Detroit,MI,1,183,,,,-5.0,"48,37","20,40",-265,190,-3.5,-117,-109
ncaab:401369725,ncaab,2022-01-08T00:00Z,final,108,225,Harvard,Brown,73,84,-167,140,,0,,,-3.5,-110,-110,,,,,2,,0,Cambridge,MA,1,5,,,,-5.0,"30,43","36,48",-152,125,-1.5,-115,-110
ncaab:401369726,ncaab,2022-01-08T00:00Z,final,163,171,Princeton,Columbia,84,69,-2000,950,,0,,,-16.0,-110,-109,,,,,2,,0,Princeton,NJ,1,62,,,,-5.0,"33,51","45,24",-770,475,-9.5,-113,-113
ncaab:401369727,ncaab,2022-01-08T00:00Z,final,219,172,Penn,Cornell,79,65,-195,155,,0,,,-4.5,-112,-108,,,,,2,,0,Philadelphia,PA,1,12,,,,-5.0,"38,41","36,29",-182,135,-2.5,-116,-111
ncaab:401369728,ncaab,2022-01-08T00:00Z,void,159,43,Dartmouth,Yale,,,,,,0,,,,,,,,,,2,,0,Hanover,NH,1,162,,,,-5.0,,,,,,,
ncaab:401373094,ncaab,2022-01-08T00:00Z,final,2426,2083,Navy,Bucknell,73,55,-770,514,,0,,,-11.5,-110,-110,,,,,2,,0,Annapolis,MD,1,12,,,,-5.0,"32,41","32,23",-400,255,-6.5,-112,-114
ncaab:401381732,ncaab,2022-01-08T00:00Z,final,107,322,Holy Cross,Lafayette,79,74,135,-170,,0,,,3.5,-110,-110,,,,,2,,0,Worcester,MA,1,147,,,,-5.0,"34,45","38,36",106,-141,1.5,-116,-115
ncaab:401373536,ncaab,2022-01-08T01:30Z,final,2086,2752,Butler,Xavier,72,87,225,-278,,0,,,6.5,-114,-106,,,,,2,,0,Indianapolis,IN,1,218,,,,-5.0,"31,41","42,45",175,-220,3.5,-117,-109
ncaab:401384887,ncaab,2022-01-08T01:30Z,final,2447,357,Nicholls,Texas A&M-CC,84,75,,,,1,,,,,,,,,,2,,0,Katy,TX,1,42,,,,-6.0,"46,38","31,44",,,,,
ncaab:401364724,ncaab,2022-01-08T03:30Z,void,68,36,Boise St,Colorado St,,,,,,0,,,,,,,,,,2,,0,Boise,ID,1,823,,,,-7.0,,,,,,,
ncaab:401364369,ncaab,2022-01-08T17:00Z,final,213,2509,Penn State,Purdue,67,74,385,-530,,0,,,9.5,-110,-110,,,,,2,,0,University Park,PA,1,348,,,,-5.0,"30,37","35,39",225,-305,5.5,-118,-108
ncaab:401364857,ncaab,2022-01-08T17:00Z,final,238,2579,Vanderbilt,South Carolina,70,72,-400,300,,0,,,-8.5,-115,-109,,,,,2,,0,Nashville,TN,1,170,,,,-6.0,"32,38","34,38",-315,220,-4.5,-113,-114
ncaab:401365775,ncaab,2022-01-08T17:00Z,final,45,2168,G Washington,Dayton,58,83,,,,0,,,,,,,,,,2,,0,Washington,DC,1,7,,,,-5.0,"23,35","38,45",,,,,
ncaab:401365778,ncaab,2022-01-08T17:00Z,final,113,2184,UMass,Duquesne,74,78,,,,0,,,,,,,,,,2,,0,Amherst,MA,1,82,,,,-5.0,"30,44","31,47",,,,,
ncaab:401369638,ncaab,2022-01-08T17:00Z,final,160,399,New Hampshire,UAlbany,64,62,,,,0,,,,,,,,,,2,,0,Durham,NH,1,15,,,,-5.0,"38,26","28,34",,,,,
ncaab:401370104,ncaab,2022-01-08T17:00Z,final,152,228,NC State,Clemson,65,70,,,,0,,,,,,,,,,2,,0,Raleigh,NC,1,96,,,,-5.0,"28,37","30,40",,,,,
ncaab:401373539,ncaab,2022-01-08T17:00Z,final,2507,2599,Providence,St John's,83,73,,,,0,,,,,,,,,,2,,0,Providence,RI,1,2,,,,-5.0,"35,48","38,35",,,,,
ncaab:401373540,ncaab,2022-01-08T17:00Z,final,2550,41,Seton Hall,UConn,90,87,,,,0,,,,,,,,,,2,,0,Newark,NJ,1,9,,,,-5.0,"37,40,13","41,36,10",,,,,
ncaab:401377706,ncaab,2022-01-08T17:00Z,final,248,2724,Houston,Wichita St,76,66,-800,540,,0,,,-11.5,-110,-110,,,,,2,,0,Houston,TX,1,12,,,,-6.0,"36,40","31,35",-375,255,-6.5,-115,-114
ncaab:401384913,ncaab,2022-01-08T17:00Z,final,2916,2277,Incarnate Word,Hou Christian,60,50,,,,1,,,,,,,,,,2,,0,Katy,TX,1,42,,,,-6.0,"30,30","27,23",,,,,
ncaab:401364851,ncaab,2022-01-08T18:00Z,final,245,8,Texas A&M,Arkansas,86,81,104,-125,,0,,,1.5,-109,-110,,,,,2,,0,College Station,TX,1,103,,,,-6.0,"37,49","35,46",-112,-120,0.5,-113,-117
ncaab:401365515,ncaab,2022-01-08T18:00Z,final,2678,2430,VMI,UNC Greensboro,56,72,-225,175,,0,,,-5.0,-112,-109,,,,,2,,0,Lexington,VA,1,324,,,,-5.0,"25,31","36,36",-195,145,-2.5,-116,-113
ncaab:401365655,ncaab,2022-01-08T18:00Z,final,2437,2449,Omaha,N Dakota St,67,71,,,,0,,,,,,,,,,2,,0,Omaha,NE,1,323,,,,-6.0,"31,36","29,42",,,,,
ncaab:401369953,ncaab,2022-01-08T18:00Z,final,153,258,North Carolina,Virginia,74,58,-225,180,,0,,,-5.0,-110,-110,,,,,2,,0,Chapel Hill,NC,1,148,,,,-5.0,"31,43","25,33",-205,165,-3.0,-114,-112
ncaab:401370818,ncaab,2022-01-08T18:00Z,final,2115,2771,C Connecticut,Merrimack,57,66,,,,0,,,,,,,,,,2,,0,New Britain,CT,1,51,,,,-5.0,"30,27","33,33",,,,,
ncaab:401370893,ncaab,2022-01-08T18:00Z,void,2681,2529,Wagner,Sacred Heart,,,,,,0,,,,,,,,,,2,,0,Staten Island,NY,1,21,,,,-5.0,,,,,,,
ncaab:401371463,ncaab,2022-01-08T18:00Z,final,2130,2856,Chicago St,CA Baptist,58,56,,,,0,,,,,,,,,,2,,0,Chicago,IL,1,179,,,,-6.0,"28,30","28,28",,,,,
ncaab:401364368,ncaab,2022-01-08T19:00Z,final,164,158,Rutgers,Nebraska,93,65,-360,275,,0,,,-7.5,-110,-110,,,,,2,,0,Piscataway,NJ,1,30,,,,-5.0,"44,49","31,34",-275,195,-4.0,-114,-112
ncaab:401365101,ncaab,2022-01-08T19:00Z,void,193,2006,Miami OH,Akron,,,,,,0,,,,,,,,,,2,,0,Oxford,OH,1,283,,,,-5.0,,,,,,,
ncaab:401365102,ncaab,2022-01-08T19:00Z,final,2649,2459,Toledo,N Illinois,94,63,-10000,1500,,0,,,-20.5,-115,-109,,,,,2,,0,Toledo,OH,1,186,,,,-5.0,"47,47","28,35",-770,450,-10.5,-121,-109
ncaab:401365776,ncaab,2022-01-08T19:00Z,final,2325,2670,La Salle,VCU,66,85,300,-455,,0,,,8.5,-115,-115,,,,,2,,0,Philadelphia,PA,1,12,,,,-5.0,"28,38","38,47",210,-295,4.5,-115,-112
ncaab:401365777,ncaab,2022-01-08T19:00Z,final,2166,227,Davidson,Rhode Island,72,68,-352,277,,0,,,-8.0,-109,-111,,,,,2,,0,Davidson,NC,1,256,,,,-5.0,"35,37","35,33",-275,195,-4.0,-113,-113
ncaab:401365779,ncaab,2022-01-08T19:00Z,void,2230,257,Fordham,Richmond,,,,,,0,,,,,,,,,,2,,0,Bronx,NY,1,28,,,,-5.0,,,,,,,
ncaab:401367442,ncaab,2022-01-08T19:00Z,void,2247,326,Georgia St,Texas St,,,,,,0,,,,,,,,,,2,,0,Atlanta,GA,1,320,,,,-5.0,,,,,,,
ncaab:401368254,ncaab,2022-01-08T19:00Z,final,2750,85,Wright St,IU Indy,72,58,-8238,1694,,0,,,-21.5,-110,-110,,,,,2,,0,Dayton,OH,1,225,,,,-5.0,"33,39","23,35",,,-12.0,-114,-113
ncaab:401368255,ncaab,2022-01-08T19:00Z,void,94,82,N Kentucky,UIC,,,,,,0,,,,,,,,,,2,,0,Highland Heights,KY,1,260,,,,-5.0,,,,,,,
ncaab:401368365,ncaab,2022-01-08T19:00Z,final,277,2306,West Virginia,Kansas St,71,68,-455,310,,0,,,-9.0,-110,-110,,,,,2,,0,Morgantown,WV,1,271,,,,-5.0,"27,44","40,28",-305,215,-4.5,-112,-114
ncaab:401368366,ncaab,2022-01-08T19:00Z,final,197,251,Oklahoma St,Texas,64,51,139,-167,,0,,,3.5,-113,-109,,,,,2,,0,Stillwater,OK,1,273,,,,-6.0,"30,34","28,23",112,-136,1.5,-114,-114
ncaab:401369639,ncaab,2022-01-08T19:00Z,final,2619,311,Stony Brook,Maine,80,72,-2000,950,,0,,,-15.5,-110,-109,,,,,2,,0,Stony Brook,NY,1,27,,,,-5.0,"43,37","28,44",-670,370,-8.5,-117,-112
ncaab:401370065,ncaab,2022-01-08T19:00Z,final,154,183,Wake Forest,Syracuse,77,74,-182,146,,0,,,-4.0,-112,-108,,,,,2,,0,Winston-Salem,NC,1,293,,,,-5.0,"38,31,8","36,33,5",-175,128,-2.0,-112,-114
ncaab:401370704,ncaab,2022-01-08T19:00Z,final,2241,2261,Gardner-Webb,Hampton,78,69,-1429,700,,0,,,-14.5,-109,-115,,,,,2,,0,Boiling Springs,NC,1,269,,,,-5.0,"40,38","35,34",-530,310,-8.0,-119,-111
ncaab:401370830,ncaab,2022-01-08T19:00Z,void,161,2803,FDU,Bryant,,,,,,0,,,,,,,,,,2,,0,Hackensack,NJ,1,6,,,,-5.0,,,,,,,
ncaab:401370839,ncaab,2022-01-08T19:00Z,final,112358,2598,Long Island,Saint Francis,75,70,,,,0,,,,,,,,,,2,,0,Brooklyn,NY,1,15,,,,-5.0,"27,35,13","24,38,8",,,,,
ncaab:401373538,ncaab,2022-01-08T19:00Z,final,305,222,DePaul,Villanova,64,79,350,-500,,0,,,9.5,-115,-115,,,,,2,,0,Chicago,IL,1,179,,,,-6.0,"37,27","32,47",220,-278,5.0,-114,-112
ncaab:401377705,ncaab,2022-01-08T19:00Z,final,218,151,Temple,East Carolina,78,75,-205,165,,0,,,-4.5,-110,-114,,,,,2,,0,Philadelphia,PA,1,12,,,,-5.0,"34,44","40,35",-182,135,-2.5,-116,-111
ncaab:401377707,ncaab,2022-01-08T19:00Z,void,2116,202,UCF,Tulsa,,,,,,0,,,,,,,,,,2,,0,Orlando,FL,1,30,,,,-5.0,,,,,,,
ncaab:401364367,ncaab,2022-01-08T19:30Z,void,130,127,Michigan,Michigan St,,,-150,123,,0,,,-2.5,-115,-107,,,,,2,,0,Ann Arbor,MI,1,269,,,,-5.0,,,,,,,
ncaab:401384912,ncaab,2022-01-08T19:30Z,final,2466,2443,N'Western St,LSU N Orleans,79,80,,,,1,,,,,,,,,,2,,0,Katy,TX,1,42,,,,-6.0,"37,42","33,47",,,,,
ncaab:401365516,ncaab,2022-01-08T20:00Z,final,2535,2717,Samford,W Carolina,85,60,,,,0,,,,,,,,,,2,,0,Homewood,AL,1,203,,,,-6.0,"51,34","35,25",,,,,
ncaab:401365656,ncaab,2022-01-08T20:00Z,final,2710,198,W Illinois,Oral Roberts,86,87,,,,0,,,,,,,,,,2,,0,Macomb,IL,1,215,,,,-6.0,"44,42","45,42",,,,,
ncaab:401367443,ncaab,2022-01-08T20:00Z,final,290,250,GA Southern,UT Arlington,74,73,,,,0,,,,,,,,,,2,,0,Statesboro,GA,1,77,,,,-5.0,"33,32,9","30,35,8",,,,,
ncaab:401367445,ncaab,2022-01-08T20:00Z,final,2433,2032,UL Monroe,Arkansas St,83,90,,,,0,,,,,,,,,,2,,0,Monroe,LA,1,23,,,,-6.0,"51,32","42,48",,,,,
ncaab:401372849,ncaab,2022-01-08T20:00Z,final,98,2229,Western KY,FIU,84,71,,,,0,,,,,,,,,,2,,0,Bowling Green,KY,1,161,,,,-6.0,"43,41","38,33",,,,,
ncaab:401364852,ncaab,2022-01-08T20:30Z,final,142,333,Missouri,Alabama,92,86,700,-1225,,0,,,14.5,-113,-110,,,,,2,,0,Columbia,MO,1,215,,,,-6.0,"40,52","43,43",275,-420,7.0,-114,-113
ncaab:401365098,ncaab,2022-01-08T20:30Z,final,2199,2050,E Michigan,Ball State,72,78,,,,0,,,,,,,,,,2,,0,Ypsilanti,MI,1,219,,,,-5.0,"34,38","39,39",,,,,
ncaab:401364723,ncaab,2022-01-08T21:00Z,final,21,36,San Diego St,Colorado St,79,49,-143,120,,0,,,-2.5,-112,-115,,,,,2,,0,San Diego,CA,1,20,,,,-8.0,"36,43","32,17",-141,107,-1.0,-113,-113
ncaab:401365512,ncaab,2022-01-08T21:00Z,final,236,2643,Chattanooga,The Citadel,85,67,-1430,750,,0,,,-14.5,-110,-110,,,,,2,,0,Chattanooga,TN,1,206,,,,-5.0,"36,49","31,36",-530,350,-8.5,-115,-112
ncaab:401365513,ncaab,2022-01-08T21:00Z,final,2193,2747,ETSU,Wofford,57,68,,,,0,,,,,,,,,,2,,0,Johnson City,TN,1,498,,,,-5.0,"29,28","32,36",,,,,
ncaab:401365514,ncaab,2022-01-08T21:00Z,final,231,2382,Furman,Mercer,81,66,-670,460,,0,,,-10.5,-110,-110,,,,,2,,0,Greenville,SC,1,307,,,,-5.0,"44,37","27,39",-420,280,-6.0,-109,-117
ncaab:401365658,ncaab,2022-01-08T21:00Z,final,2172,155,Denver,North Dakota,93,74,-270,215,,0,,,-6.5,-110,-110,,,,,2,,0,Denver,CO,1,1609,,,,-7.0,"54,39","37,37",-225,163,-3.5,-118,-109
ncaab:401365780,ncaab,2022-01-08T21:00Z,void,2244,2603,George Mason,Saint Joseph's,,,,,,0,,,,,,,,,,2,,0,Fairfax,VA,1,131,,,,-5.0,,,,,,,
ncaab:401367289,ncaab,2022-01-08T21:00Z,final,2350,71,Loyola Chicago,Bradley,78,71,-1250,750,,0,,,-13.5,-109,-112,,,,,2,,0,Chicago,IL,1,179,,,,-6.0,"29,37,12","33,33,5",-480,295,-7.5,-113,-114
ncaab:401367441,ncaab,2022-01-08T21:00Z,void,6,324,South Alabama,Coastal,,,,,,0,,,,,,,,,,2,,0,Mobile,AL,1,3,,,,-6.0,,,,,,,
ncaab:401368364,ncaab,2022-01-08T21:00Z,final,2641,2305,Texas Tech,Kansas,75,67,245,-314,,0,,,7.0,-110,-110,,,,,2,,0,Lubbock,TX,1,976,,,,-6.0,"33,42","25,42",165,-230,3.5,-118,-113
ncaab:401369641,ncaab,2022-01-08T21:00Z,final,2066,2885,Binghamton,NJIT,56,67,,,,0,,,,,,,,,,2,,0,Binghamton,NY,1,264,,,,-5.0,"27,29","33,34",,,,,
ncaab:401369989,ncaab,2022-01-08T21:00Z,final,221,103,Pitt,Boston College,69,67,-167,135,,0,,,-3.0,-110,-110,,,,,2,,0,Pittsburgh,PA,1,233,,,,-5.0,"32,37","36,31",-148,110,-1.5,-116,-112
ncaab:401370707,ncaab,2022-01-08T21:00Z,final,2506,2908,Presbyterian,SC Upstate,72,82,-435,325,,0,,,-8.5,-110,-109,,,,,2,,0,Clinton,SC,1,76,,,,-5.0,"33,39","47,35",-295,195,-4.5,-117,-113
ncaab:401370876,ncaab,2022-01-08T21:00Z,final,2597,116,St Francis BK,Mount St Marys,61,69,,,,0,,,,,,,,,,2,,0,Brooklyn,NY,1,15,,,,-5.0,"32,29","24,45",,,,,
ncaab:401371464,ncaab,2022-01-08T21:00Z,void,2320,2253,Lamar,Grand Canyon,,,,,,0,,,,,,,,,,2,,0,Beaumont,TX,1,5,,,,-6.0,,,,,,,
ncaab:401371465,ncaab,2022-01-08T21:00Z,final,3084,3101,Utah Valley,Utah Tech,79,71,-835,550,,0,,,-11.5,-111,-109,,,,,2,,0,Orem,UT,1,1455,,,,-7.0,"46,33","32,39",-375,240,-6.5,-116,-112
ncaab:401372594,ncaab,2022-01-08T21:00Z,final,2458,16,N Colorado,Sacramento St,71,85,-835,540,,0,,,-11.5,-110,-110,,,,,2,,0,Greeley,CO,1,1425,,,,-7.0,"28,43","46,39",-420,280,-6.5,-118,-112
ncaab:401372711,ncaab,2022-01-08T21:00Z,final,2636,2348,UTSA,Louisiana Tech,63,79,650,-1115,,0,,,12.5,-118,-100,,,,,2,,0,San Antonio,TX,1,198,,,,-6.0,"26,37","40,39",230,-375,6.5,-118,-108
ncaab:401372794,ncaab,2022-01-08T21:00Z,final,242,5,Rice,UAB,85,80,410,-590,,0,,,10.5,-114,-115,,,,,2,,0,Houston,TX,1,12,,,,-6.0,"34,51","39,41",220,-315,5.5,-112,-114
ncaab:401373139,ncaab,2022-01-08T21:00Z,final,50,2582,Florida A&M,Southern,66,80,110,-133,,0,,,2.0,-109,-112,,,,,2,,0,Tallahassee,FL,1,62,,,,-5.0,"35,31","36,44",107,-141,1.0,-115,-114
ncaab:401373161,ncaab,2022-01-08T21:00Z,final,2065,2755,Bethune,Grambling,66,68,-136,112,,0,,,-2.0,-111,-109,,,,,2,,0,Daytona Beach,FL,1,4,,,,-5.0,"26,40","34,34",-127,-106,-0.5,-112,-116
ncaab:401373278,ncaab,2022-01-08T21:00Z,final,2565,93,SIUE,Murray St,69,74,,,,0,,,,,,,,,,2,,0,Edwardsville,IL,1,165,,,,-6.0,"27,42","42,32",,,,,
ncaab:401373302,ncaab,2022-01-08T21:00Z,final,2634,2546,Tennessee St,SE Missouri,95,84,,,,0,,,,,,,,,,2,,0,Nashville,TN,1,170,,,,-6.0,"42,53","30,54",,,,,
ncaab:401373666,ncaab,2022-01-08T21:00Z,final,2463,13,CSU Northridge,Cal Poly,68,55,,,,0,,,,,,,,,,2,,0,Northridge,CA,1,246,,,,-8.0,"32,36","33,22",,,,,
ncaab:401373667,ncaab,2022-01-08T21:00Z,final,299,62,Long Beach St,Hawai'i,67,72,,,,0,,,,,,,,,,2,,0,Long Beach,CA,1,9,,,,-8.0,"27,40","32,40",,,,,
ncaab:401373775,ncaab,2022-01-08T21:00Z,final,2569,2154,SC State,Coppin St,65,74,,,,0,,,,,,,,,,2,,0,Orangeburg,SC,1,74,,,,-5.0,"31,34","40,34",,,,,
ncaab:401377401,ncaab,2022-01-08T21:00Z,void,9,12,Arizona St,Arizona,,,,,,0,,,,,,,,,,2,,0,Tempe,AZ,1,360,,,,-7.0,,,,,,,
ncaab:401377708,ncaab,2022-01-08T21:00Z,final,2655,58,Tulane,South Florida,68,54,-300,220,,0,,,-6.5,-110,-118,,,,,2,,0,New Orleans,LA,1,0,,,,-6.0,"31,37","22,32",-245,175,-3.5,-113,-114
ncaab:401378595,ncaab,2022-01-08T21:00Z,void,2428,2415,NC Central,Morgan St,,,,,,0,,,,,,,,,,2,,0,Durham,NC,1,123,,,,-5.0,,,,,,,
ncaab:401402804,ncaab,2022-01-08T21:00Z,void,2429,2344,Charlotte,Longwood,,,,,,0,,,,,,,,,,2,,0,Charlotte,NC,1,229,,,,-5.0,,,,,,,
ncaab:401370703,ncaab,2022-01-08T21:30Z,final,2427,2127,UNC Asheville,Charleston So,82,59,-930,587,,0,,,-12.5,-111,-112,,,,,2,,0,Asheville,NC,1,649,,,,-5.0,"38,44","25,34",-400,255,-7.5,-109,-118
ncaab:401370706,ncaab,2022-01-08T21:30Z,final,2515,2448,Radford,NC A&T,72,73,,,,0,,,,,,,,,,2,,0,Radford,VA,1,567,,,,-5.0,"31,41","36,37",,,,,
ncaab:401373052,ncaab,2022-01-08T21:30Z,void,2169,47,Delaware St,Howard,,,,,,0,,,,,,,,,,2,,0,Dover,DE,1,9,,,,-5.0,,,,,,,
ncaab:401373263,ncaab,2022-01-08T21:30Z,final,2630,2057,UT Martin,Belmont,55,81,,,,0,,,,,,,,,,2,,0,Martin,TN,1,124,,,,-6.0,"31,24","42,39",,,,,
ncaab:401367440,ncaab,2022-01-08T22:00Z,final,2653,2026,Troy,App State,68,53,,,,0,,,,,,,,,,2,,0,Troy,AL,1,165,,,,-6.0,"30,38","29,24",,,,,
ncaab:401368362,ncaab,2022-01-08T22:00Z,final,2628,239,TCU,Baylor,64,76,390,-530,,0,,,9.5,-110,-110,,,,,2,,0,Fort Worth,TX,1,199,,,,-6.0,"37,27","31,45",230,-295,5.5,-118,-109
ncaab:401373198,ncaab,2022-01-08T22:00Z,final,2046,2413,Austin Peay,Morehead St,55,66,300,-400,,0,,,8.5,-110,-110,,,,,2,,0,Clarksville,TN,1,145,,,,-6.0,"29,26","38,28",195,-265,4.5,-115,-110
ncaab:401402505,ncaab,2022-01-08T22:00Z,final,189,193,Bowling Green,Miami OH,87,83,-133,110,,0,,,-2.0,-112,-109,,,,,2,,0,Bowling Green,OH,1,212,,,,-5.0,"26,51,10","35,42,6",-148,110,-1.0,-118,-108
ncaab:401402730,ncaab,2022-01-08T22:00Z,final,339,2181,Evansville,Drake,59,60,,,,0,,,,,,,,,,2,,0,Evansville,IN,1,118,,,,-6.0,"33,26","27,33",,,,,
ncaab:401369243,ncaab,2022-01-08T22:11Z,final,2454,56,North Florida,Stetson,66,68,-117,-102,,0,,,-1.5,-109,-111,,,,,2,,0,Jacksonville,FL,1,5,,,,-5.0,"26,37,3","31,32,5",-122,-109,-1.0,-114,-119
ncaab:401373116,ncaab,2022-01-08T22:20Z,final,2010,2016,Alabama A&M,Alcorn St,71,78,-105,-115,,0,,,1.0,-110,-110,,,,,2,,0,Normal,AL,1,220,,,,-6.0,"33,38","37,41",-118,-113,0.5,-117,-110
ncaab:401369640,ncaab,2022-01-08T22:30Z,final,2378,2349,UMBC,UMass Lowell,64,66,-122,102,,0,,,-1.5,-110,-110,,,,,2,,0,Baltimore,MD,1,10,,,,-5.0,"35,29","27,39",-125,-107,-0.5,-113,-115
ncaab:401373176,ncaab,2022-01-08T22:30Z,final,2504,2400,Prairie View,Miss Valley St,82,84,,,,0,,,,,,,,,,2,,0,Prairie View,TX,1,82,,,,-6.0,"37,37,8","35,39,10",,,,,
ncaab:401378652,ncaab,2022-01-08T22:30Z,final,2011,2296,Alabama St,Jackson St,72,57,118,-141,,0,,,2.5,-112,-108,,,,,2,,0,Montgomery,AL,1,73,,,,-6.0,"22,50","21,36",105,-139,1.0,-114,-112
ncaab:401364853,ncaab,2022-01-08T23:00Z,final,96,61,Kentucky,Georgia,92,77,-4446,1239,,0,,,-22.5,-110,-109,,,,,2,,0,Lexington,KY,1,295,,,,-5.0,"40,52","37,40",-1025,600,-12.5,-124,-107
ncaab:401364856,ncaab,2022-01-08T23:00Z,final,99,2633,LSU,Tennessee,79,67,-134,111,,0,,,-2.0,-111,-109,,,,,2,,0,Baton Rouge,LA,1,14,,,,-6.0,"42,37","35,32",-127,106,-0.5,-118,-108
ncaab:401367350,ncaab,2022-01-08T23:00Z,final,2623,2460,Missouri St,Northern Iowa,84,85,-189,145,,0,,,-3.5,-112,-108,,,,,2,,0,Springfield,MO,1,396,,,,-6.0,"34,50","33,52",-175,128,-2.0,-112,-114
ncaab:401368363,ncaab,2022-01-08T23:00Z,final,201,66,Oklahoma,Iowa State,79,66,-305,235,,0,,,-6.5,-110,-110,,,,,2,,0,Norman,OK,1,357,,,,-6.0,"32,47","36,30",-230,163,-3.5,-112,-114
ncaab:401369240,ncaab,2022-01-08T23:00Z,final,294,526,Jacksonville,FGCU,69,66,,,,0,,,,,,,,,,2,,0,Jacksonville,FL,1,5,,,,-5.0,"30,39","29,37",,,,,
ncaab:401369730,ncaab,2022-01-08T23:00Z,final,219,171,Penn,Columbia,69,73,-1430,800,,0,,,-14.0,-110,-110,,,,,2,,0,Philadelphia,PA,1,12,,,,-5.0,"36,33","41,32",-530,340,-8.0,-109,-117
ncaab:401369731,ncaab,2022-01-08T23:00Z,final,163,172,Princeton,Cornell,72,70,-250,200,,0,,,-6.0,-107,-113,,,,,2,,0,Princeton,NJ,1,62,,,,-5.0,"25,47","39,31",-210,150,-3.0,-114,-112
ncaab:401369901,ncaab,2022-01-08T23:00Z,final,59,87,Georgia Tech,Notre Dame,68,72,-105,-115,,0,,,1.0,-112,-109,,,,,2,,0,Atlanta,GA,1,320,,,,-5.0,"35,27,6","29,33,10",-112,-120,0.5,-112,-116
ncaab:401372758,ncaab,2022-01-08T23:00Z,final,249,2393,North Texas,MTSU,70,63,,,,0,,,,,,,,,,2,,0,Denton,TX,1,201,,,,-6.0,"36,34","33,30",,,,,
ncaab:401377402,ncaab,2022-01-08T23:00Z,final,254,265,Utah,Washington St,61,77,-106,-113,,0,,,0.5,-106,-114,,,,,2,,0,Salt Lake City,UT,1,1299,,,,-7.0,"30,31","40,37",-118,-113,0.5,-117,-110
ncaab:401384911,ncaab,2022-01-08T23:00Z,final,357,2377,Texas A&M-CC,McNeese,67,54,-205,165,,1,,,-4.5,-112,-108,,,,,2,,0,Katy,TX,1,42,,,,-6.0,"34,33","30,24",-182,135,-2.0,-118,-108
ncaab:401372419,ncaab,2022-01-08T23:30Z,final,331,70,E Washington,Idaho,96,93,,,,0,,,,,,,,,,2,,0,Cheney,WA,1,717,,,,-8.0,"39,57","36,57",,,,,
ncaab:401403070,ncaab,2022-01-08T23:30Z,final,23,3246,San José St,Bethesda,118,43,,,,0,,,,,,,,,,2,,0,San Jose,CA,1,26,,,,-8.0,"61,57","20,23",,,,,
ncaab:401364726,ncaab,2022-01-09T00:00Z,void,278,2751,Fresno St,Wyoming,,,,,,0,,,,,,,,,,2,,0,Fresno,CA,1,94,,,,-8.0,,,,,,,
ncaab:401365100,ncaab,2022-01-09T00:00Z,void,2117,2711,C Michigan,W Michigan,,,,,,0,,,,,,,,,,2,,0,Mount Pleasant,MI,1,235,,,,-5.0,,,,,,,
ncaab:401365657,ncaab,2022-01-09T00:00Z,final,2571,233,S Dakota St,South Dakota,84,65,,,,0,,,,,,,,,,2,,0,Brookings,SD,1,494,,,,-6.0,"49,35","30,35",,,,,
ncaab:401367351,ncaab,2022-01-09T00:00Z,final,2674,79,Valparaiso,S Illinois,60,63,,,,0,,,,,,,,,,2,,0,Valparaiso,IN,1,242,,,,-6.0,"22,38","32,31",,,,,
ncaab:401369238,ncaab,2022-01-09T00:00Z,final,91,2198,Bellarmine,E Kentucky,66,61,,,,0,,,,,,,,,,2,,0,Louisville,KY,1,142,,,,-5.0,"41,25","29,32",,,,,
ncaab:401369241,ncaab,2022-01-09T00:00Z,void,2335,338,Liberty,Kennesaw St,,,,,,0,,,,,,,,,,2,,0,Lynchburg,VA,1,192,,,,-5.0,,,,,,,
ncaab:401369642,ncaab,2022-01-09T00:00Z,void,42,261,Hartford,Vermont,,,,,,0,,,,,,,,,,2,,0,West Hartford,CT,1,40,,,,-5.0,,,,,,,
ncaab:401369729,ncaab,2022-01-09T00:00Z,final,159,225,Dartmouth,Brown,58,46,131,-157,,0,,,3.0,-112,-108,,,,,2,,0,Hanover,NH,1,162,,,,-5.0,"24,34","23,23",108,-143,1.0,-108,-118
ncaab:401371179,ncaab,2022-01-09T00:00Z,final,2539,301,San Francisco,San Diego,88,73,-2500,1098,,0,,,-17.0,-110,-109,,,,,2,,0,San Francisco,CA,1,16,,,,-8.0,"46,42","32,41",-1115,550,-9.5,-114,-114
ncaab:401371461,ncaab,2022-01-09T00:00Z,final,2000,2534,Abilene Chrstn,Sam Houston,63,65,-530,375,,0,,,-9.5,-106,-114,,,,,2,,0,Abilene,TX,1,524,,,,-6.0,"29,34","36,29",-305,220,-5.5,-115,-112
ncaab:401372577,ncaab,2022-01-09T00:00Z,void,253,2464,Southern Utah,N Arizona,,,-1000,620,,0,,,-13.0,-107,-112,,,,,2,,0,Cedar City,UT,1,1782,,,,-7.0,,,-435,300,-7.0,-113,-114
ncaab:401372690,ncaab,2022-01-09T00:00Z,final,276,2226,Marshall,FAU,77,90,,,,0,,,,,,,,,,2,,0,Huntington,WV,1,173,,,,-5.0,"32,45","40,50",,,,,
ncaab:401373072,ncaab,2022-01-09T00:30Z,void,2379,2450,MD Eastern,Norfolk St,,,,,,0,,,,,,,,,,2,,0,Princess Anne,MD,1,5,,,,-5.0,,,,,,,
ncaab:401364725,ncaab,2022-01-09T01:00Z,final,167,328,New Mexico,Utah State,87,90,230,-295,,0,,,6.5,-110,-110,,,,,2,,0,Albuquerque,NM,1,1511,,,,-7.0,"42,34,11","27,49,14",170,-235,3.5,-114,-112
ncaab:401364855,ncaab,2022-01-09T01:00Z,final,2,57,Auburn,Florida,85,73,-388,294,,0,,,-8.0,-110,-110,,,,,2,,0,Auburn,AL,1,215,,,,-6.0,"39,46","30,43",-250,185,-4.0,-117,-111
ncaab:401365659,ncaab,2022-01-09T01:00Z,void,2900,140,St Thomas,Kansas City,,,,,,0,,,,,,,,,,2,,0,Saint Paul,MN,1,242,,,,-6.0,,,,,,,
ncaab:401367444,ncaab,2022-01-09T01:00Z,void,309,2031,Louisiana,Little Rock,,,-650,460,,0,,,-10.5,-110,-110,,,,,2,,0,Lafayette,LA,1,11,,,,-6.0,,,-420,275,-6.0,-114,-113
ncaab:401369862,ncaab,2022-01-09T01:00Z,final,150,2390,Duke,Miami,74,76,-1667,800,,0,,,-15.0,-110,-114,,,,,2,,0,Durham,NC,1,123,,,,-5.0,"32,42","32,44",-530,375,-8.5,-115,-115
ncaab:401369880,ncaab,2022-01-09T01:00Z,final,52,97,Florida St,Louisville,79,70,-210,165,,0,,,-4.5,-110,-110,,,,,2,,0,Tallahassee,FL,1,62,,,,-5.0,"50,29","40,30",-182,135,-2.5,-116,-111
ncaab:401371462,ncaab,2022-01-09T01:00Z,final,2627,2617,Tarleton St,SF Austin,77,71,,,,0,,,,,,,,,,2,,0,Stephenville,TX,1,388,,,,-6.0,"28,34,15","32,30,9",,,,,
ncaab:401371466,ncaab,2022-01-09T01:00Z,final,292,166,UT Rio Grande,New Mexico St,73,85,,,,0,,,,,,,,,,2,,0,Edinburg,TX,1,30,,,,-6.0,"37,36","44,41",,,,,
ncaab:401372492,ncaab,2022-01-09T01:00Z,void,304,2692,Idaho St,Weber St,,,,,,0,,,,,,,,,,2,,0,Pocatello,ID,1,1360,,,,-7.0,,,,,,,
ncaab:401373665,ncaab,2022-01-09T01:00Z,final,302,28,UC Davis,UC San Diego,78,71,-213,165,,0,,,-4.5,-112,-108,,,,,2,,0,Davis,CA,1,16,,,,-8.0,"37,41","39,32",-190,140,-2.5,-119,-109
ncaab:401373668,ncaab,2022-01-09T01:00Z,final,27,300,UC Riverside,UC Irvine,51,68,,,,0,,,,,,,,,,2,,0,Riverside,CA,1,252,,,,-8.0,"29,22","28,40",,,,,
ncaab:401377403,ncaab,2022-01-09T01:00Z,final,25,26,California,UCLA,52,60,330,-435,,0,,,8.5,-115,-110,,,,,2,,0,Berkeley,CA,1,52,,,,-8.0,"25,27","31,29",225,-315,4.5,-109,-118
ncaab:401402792,ncaab,2022-01-09T01:00Z,final,139,314,Saint Louis,Iona,68,67,-182,148,,0,,,-4.0,-110,-110,,,,,2,,0,St. Louis,MO,1,142,,,,-6.0,"30,38","31,36",-167,125,-2.0,-114,-113
ncaab:401364854,ncaab,2022-01-09T01:30Z,final,145,344,Ole Miss,Mississippi St,82,72,117,-148,,0,,,2.5,-109,-111,,,,,2,,0,Oxford,MS,1,154,,,,-6.0,"50,32","36,36",107,-143,1.0,-113,-113
ncaab:401376577,ncaab,2022-01-09T01:30Z,final,2640,2029,Texas Southern,AR-Pine Bluff,90,71,,,,0,,,,,,,,,,2,,0,Houston,TX,1,12,,,,-6.0,"44,46","32,39",,,,,
ncaab:401384910,ncaab,2022-01-09T01:30Z,final,2447,2545,Nicholls,SE Louisiana,72,77,,,,1,,,,,,,,,,2,,0,Katy,TX,1,42,,,,-6.0,"32,40","34,43",,,,,
ncaab:401369242,ncaab,2022-01-09T02:00Z,final,2453,55,North Alabama,Jax State,55,65,,,,0,,,,,,,,,,2,,0,Florence,AL,1,167,,,,-6.0,"24,31","28,37",,,,,
ncaab:401371309,ncaab,2022-01-09T02:00Z,final,2250,2492,Gonzaga,Pepperdine,117,83,-10000,2400,,0,,,-30.0,-110,-109,,,,,2,,0,Spokane,WA,1,571,,,,-8.0,"63,54","41,42",,,-17.0,-115,-112
ncaab:401372813,ncaab,2022-01-09T02:00Z,final,2638,2572,UTEP,Southern Miss,87,54,-625,450,,0,,,-11.5,-112,-108,,,,,2,,0,El Paso,TX,1,1133,,,,-7.0,"44,43","23,31",-435,285,-6.5,-109,-118
ncaab:401364727,ncaab,2022-01-09T03:00Z,void,2005,2439,Air Force,UNLV,,,,,,0,,,,,,,,,,2,,0,Colorado Springs,CO,1,1832,,,,-7.0,,,,,,,
ncaab:401371217,ncaab,2022-01-09T03:00Z,final,252,2608,BYU,Saint Mary's,52,43,-190,155,,0,,,-4.0,-110,-110,,,,,2,,0,Provo,UT,1,1387,,,,-7.0,"28,24","16,27",-175,128,-2.0,-116,-112
ncaab:401373669,ncaab,2022-01-09T03:00Z,void,2540,2934,Santa Barbara,Bakersfield,,,,,,0,,,,,,,,,,2,,0,Santa Barbara,CA,1,15,,,,-8.0,,,,,,,
ncaab:401377404,ncaab,2022-01-09T03:00Z,void,24,30,Stanford,USC,,,,,,0,,,,,,,,,,2,,0,Stanford,CA,1,23,,,,-8.0,,,,,,,
ncaab:401377405,ncaab,2022-01-09T03:30Z,void,204,2483,Oregon St,Oregon,,,,,,0,,,,,,,,,,2,,0,Corvallis,OR,1,71,,,,-8.0,,,,,,,
ncaab:401402502,ncaab,2022-01-09T04:00Z,void,279,2541,Pacific,Santa Clara,,,,,,0,,,,,,,,,,2,,0,Stockton,CA,1,4,,,,-8.0,,,,,,,
ncaab:401364370,ncaab,2022-01-09T17:00Z,final,84,135,Indiana,Minnesota,73,60,-835,510,,0,,,-11.5,-110,-110,,,,,2,,0,Bloomington,IN,1,235,,,,-5.0,"39,34","29,31",-335,250,-6.0,-112,-115
ncaab:401365326,ncaab,2022-01-09T18:00Z,final,315,2514,Niagara,Quinnipiac,76,66,-205,165,,0,,,-4.5,-112,-108,,,,,2,,0,Niagara Falls,NY,1,187,,,,-5.0,"23,53","27,39",-182,135,-2.0,-118,-109
ncaab:401368257,ncaab,2022-01-09T18:00Z,final,2523,2870,Robert Morris,Purdue FW,70,76,-105,-120,,0,,,1.0,-112,-109,,,,,2,,0,Moon Township,PA,1,358,,,,-5.0,"30,40","39,37",-112,-120,0.5,-109,-118
ncaab:401368258,ncaab,2022-01-09T18:00Z,void,2174,2739,Detroit Mercy,Green Bay,,,,,,0,,,,,,,,,,2,,0,Detroit,MI,1,183,,,,-5.0,,,,,,,
ncaab:401365323,ncaab,2022-01-09T19:00Z,void,2363,2612,Manhattan,Saint Peter's,,,,,,0,,,,,,,,,,2,,0,Riverdale,NY,1,159,,,,-8.0,,,,,,,
ncaab:401365324,ncaab,2022-01-09T19:00Z,final,2561,2217,Siena,Fairfield,69,62,160,-194,,0,,,4.0,-108,-112,,,,,2,,0,Albany,NY,1,45,,,,-5.0,"25,44","26,36",116,-155,1.5,-114,-112
ncaab:401365325,ncaab,2022-01-09T19:00Z,void,2405,314,Monmouth,Iona,,,,,,0,,,,,,,,,,2,,0,West Long Branch,NJ,1,9,,,,-5.0,,,,,,,
ncaab:401365327,ncaab,2022-01-09T19:00Z,final,2368,2520,Marist,Rider,75,79,-360,275,,0,,,-8.0,-110,-110,,,,,2,,0,Poughkeepsie,NY,1,62,,,,-5.0,"39,36","40,39",-278,195,-4.5,-110,-115
ncaab:401367288,ncaab,2022-01-09T19:00Z,void,339,2287,Evansville,Illinois St,,,,,,0,,,,,,,,,,2,,0,Evansville,IN,1,118,,,,-6.0,,,,,,,
ncaab:401368256,ncaab,2022-01-09T19:00Z,final,2754,325,Youngstown St,Cleveland St,80,86,145,-182,,0,,,4.0,-110,-110,,,,,2,,0,Youngstown,OH,1,259,,,,-5.0,"35,40,5","27,48,11",133,-180,2.0,-110,-115
ncaab:401369732,ncaab,2022-01-09T19:00Z,void,108,43,Harvard,Yale,,,,,,0,,,,,,,,,,2,,0,Cambridge,MA,1,5,,,,-5.0,,,,,,,
ncaab:401369239,ncaab,2022-01-09T20:00Z,final,2110,288,C Arkansas,Lipscomb,93,88,,,,0,,,,,,,,,,2,,0,Conway,AR,1,95,,,,-6.0,"46,47","45,43",,,,,
ncaab:401377709,ncaab,2022-01-09T20:30Z,final,235,2132,Memphis,Cincinnati,87,80,-345,255,,0,,,-7.5,-110,-110,,,,,2,,0,Memphis,TN,1,78,,,,-6.0,"40,47","34,46",-230,185,-3.5,-114,-112
ncaab:401365427,ncaab,2022-01-09T21:00Z,final,232,2210,Charleston,Elon,65,61,-550,400,,0,,,-9.5,-110,-115,,,,,2,,0,Charleston,SC,1,6,,,,-5.0,"35,30","29,32",-335,235,-5.5,-117,-109
ncaab:401365428,ncaab,2022-01-09T21:00Z,final,256,2275,James Madison,Hofstra,80,87,113,-139,,0,,,2.0,-109,-112,,,,,2,,0,Harrisonburg,VA,1,404,,,,-5.0,"44,36","43,44",100,-134,0.5,-109,-118
ncaab:401368259,ncaab,2022-01-09T21:00Z,final,2473,270,Oakland,Milwaukee,86,65,-910,587,,0,,,-12.5,-112,-112,,,,,2,,0,Rochester,MI,1,229,,,,-5.0,"47,39","32,33",-400,275,-6.5,-118,-113
ncaab:401365425,ncaab,2022-01-09T21:30Z,final,119,111,Towson,Northeastern,70,67,-320,250,,0,,,-7.0,-110,-110,,,,,2,,0,Towson,MD,1,141,,,,-5.0,"37,33","28,39",-265,185,-4.0,-111,-116
ncaab:401377406,ncaab,2022-01-09T22:00Z,final,38,264,Colorado,Washington,78,64,-530,390,,0,,,-9.5,-110,-110,,,,,2,,0,Boulder,CO,1,1624,,,,-7.0,"39,39","28,36",-360,250,-5.5,-109,-119
ncaab:401364371,ncaab,2022-01-09T22:30Z,final,194,77,Ohio State,Northwestern,95,87,-345,265,,0,,,-7.5,-110,-110,,,,,2,,0,Columbus,OH,1,235,,,,-5.0,"51,44","39,48",-230,185,-3.5,-114,-112
ncaab:401365426,ncaab,2022-01-09T23:00Z,void,350,2729,UNC Wilmington,William & Mary,,,,,,0,,,,,,,,,,2,,0,Wilmington,NC,1,9,,,,-5.0,,,,,,,
ncaab:401372512,ncaab,2022-01-10T00:00Z,final,147,149,Montana St,Montana,66,59,-149,120,,0,,,-2.5,-112,-110,,,,,2,,0,Bozeman,MT,1,1468,,,,-7.0,"36,30","33,26",-141,107,-1.0,-113,-114
ncaab:401364372,ncaab,2022-01-10T00:30Z,final,120,275,Maryland,Wisconsin,69,70,-125,103,,0,,,-1.5,-110,-109,,,,,2,,0,College Park,MD,1,21,,,,-5.0,"26,43","33,37",-121,100,-0.5,-111,-117
ncaab:401370702,ncaab,2022-01-10T22:00Z,final,2737,2097,Winthrop,Campbell,74,72,-242,192,,0,,,-5.5,-110,-109,,,,,2,,0,Rock Hill,SC,1,207,,,,-5.0,"35,39","35,37",-210,155,-3.0,-109,-117
ncaab:401368261,ncaab,2022-01-10T23:00Z,void,94,2750,N Kentucky,Wright St,,,,,,0,,,,,,,,,,2,,0,Highland Heights,KY,1,260,,,,-5.0,,,,,,,
ncaab:401378596,ncaab,2022-01-10T23:00Z,final,2569,2415,SC State,Morgan St,81,88,,,,0,,,,,,,,,,2,,0,Orangeburg,SC,1,74,,,,-5.0,"30,49,2","40,39,9",,,,,
ncaab:401381716,ncaab,2022-01-10T23:00Z,final,2142,349,Colgate,Army,76,57,-480,330,,0,,,-9.0,-110,-110,,,,,2,,0,Hamilton,NY,1,181,,,,-5.0,"30,46","27,30",-335,230,-5.0,-118,-113
ncaab:401402060,ncaab,2022-01-10T23:00Z,final,2430,2747,UNC Greensboro,Wofford,58,54,132,-159,,0,,,3.0,-110,-110,,,,,2,,0,Greensboro,NC,1,266,,,,-5.0,"18,40","28,26",114,-152,1.5,-117,-109
ncaab:401368260,ncaab,2022-01-11T00:00Z,final,85,82,IU Indy,UIC,65,67,300,-400,,0,,,8.0,-110,-110,,,,,2,,0,Indianapolis,IN,1,218,,,,-5.0,"28,37","29,38",215,-305,4.5,-115,-112
ncaab:401373095,ncaab,2022-01-11T00:00Z,final,322,2426,Lafayette,Navy,55,69,290,-400,,0,,,8.5,-109,-110,,,,,2,,0,Easton,PA,1,97,,,,-5.0,"28,27","38,31",190,-265,4.5,-109,-121
ncaab:401373339,ncaab,2022-01-11T00:00Z,final,44,104,American,Boston U,53,79,280,-360,,0,,,7.5,-110,-109,,,,,2,,0,Washington,DC,1,7,,,,-5.0,"29,24","42,37",200,-278,4.0,-112,-114
ncaab:401376560,ncaab,2022-01-11T00:00Z,final,2329,107,Lehigh,Holy Cross,77,69,-287,227,,0,,,-6.5,-110,-110,,,,,2,,0,Bethlehem,PA,1,109,,,,-5.0,"35,42","26,43",-240,175,-3.5,-111,-119
ncaab:401381743,ncaab,2022-01-11T00:00Z,final,2352,2083,Loyola MD,Bucknell,71,67,-270,212,,0,,,-6.0,-110,-109,,,,,2,,0,Baltimore,MD,1,10,,,,-5.0,"35,36","32,35",-225,163,-3.0,-117,-109
ncaab:401402041,ncaab,2022-01-11T00:00Z,final,2193,2717,ETSU,W Carolina,87,69,,,,0,,,,,,,,,,2,,0,Johnson City,TN,1,498,,,,-5.0,"42,45","25,44",,,,,
ncaab:401373073,ncaab,2022-01-11T00:30Z,void,47,2379,Howard,MD Eastern,,,,,,0,,,,,,,,,,2,,0,Washington,DC,1,7,,,,-5.0,,,,,,,
ncaab:401373140,ncaab,2022-01-11T00:30Z,final,50,2755,Florida A&M,Grambling,75,66,-124,103,,0,,,-1.5,-110,-109,,,,,2,,0,Tallahassee,FL,1,62,,,,-5.0,"42,33","30,36",-137,105,-1.5,-115,-115
ncaab:401373776,ncaab,2022-01-11T00:30Z,void,2428,2154,NC Central,Coppin St,,,,,,0,,,,,,,,,,2,,0,Durham,NC,1,123,,,,-5.0,,,,,,,
ncaab:401380976,ncaab,2022-01-11T00:30Z,final,2065,2582,Bethune,Southern,59,69,165,-205,,0,,,4.5,-110,-110,,,,,2,,0,Daytona Beach,FL,1,4,,,,-5.0,"38,21","36,33",135,-182,2.0,-108,-119
ncaab:401372578,ncaab,2022-01-11T01:00Z,void,2464,16,N Arizona,Sacramento St,,,,,,0,,,,,,,,,,2,,0,Flagstaff,AZ,1,2104,,,,-7.0,,,,,,,
ncaab:401378653,ncaab,2022-01-11T01:00Z,final,2010,2296,Alabama A&M,Jackson St,60,58,104,-125,,0,,,1.5,-104,-115,,,,,2,,0,Normal,AL,1,220,,,,-6.0,"29,31","25,33",-105,-127,0.5,-114,-112
ncaab:401402029,ncaab,2022-01-11T01:00Z,final,155,233,North Dakota,South Dakota,68,75,207,-262,,0,,,6.0,-109,-110,,,,,2,,0,Grand Forks,ND,1,253,,,,-6.0,"28,40","39,36",163,-225,3.0,-109,-117
ncaab:401402039,ncaab,2022-01-11T01:00Z,final,140,2437,Kansas City,Omaha,64,61,-530,390,,0,,,-9.5,-112,-110,,,,,2,,0,Kansas City,MO,1,274,,,,-6.0,"33,31","30,31",-360,250,-5.5,-108,-118
ncaab:401373177,ncaab,2022-01-11T01:30Z,final,2504,2029,Prairie View,AR-Pine Bluff,75,58,,,,0,,,,,,,,,,2,,0,Prairie View,TX,1,82,,,,-6.0,"37,38","27,31",,,,,
ncaab:401382731,ncaab,2022-01-11T01:30Z,final,2640,2400,Texas Southern,Miss Valley St,95,58,,,,0,,,,,,,,,,2,,0,Houston,TX,1,12,,,,-6.0,"54,41","25,33",,,,,
ncaab:401365654,ncaab,2022-01-11T02:00Z,final,2172,2449,Denver,N Dakota St,69,87,,,,0,,,,,,,,,,2,,0,Denver,CO,1,1609,,,,-7.0,"23,46","44,43",,,,,
ncaab:401373117,ncaab,2022-01-11T02:00Z,final,2011,2016,Alabama St,Alcorn St,60,70,103,-124,,0,,,1.5,-109,-110,,,,,2,,0,Montgomery,AL,1,73,,,,-6.0,"21,39","25,45",100,-134,0.5,-108,-118
ncaab:401371216,ncaab,2022-01-11T03:00Z,final,2492,301,Pepperdine,San Diego,62,72,-200,163,,0,,,-4.5,-109,-112,,,,,2,,0,Malibu,CA,1,32,,,,-8.0,"27,35","34,38",-180,133,-2.0,-115,-110
ncaab:401372595,ncaab,2022-01-11T03:00Z,void,2502,2458,Portland St,N Colorado,,,,,,0,,,,,,,,,,2,,0,Portland,OR,1,12,,,,-8.0,,,,,,,
ncaab:401403250,ncaab,2022-01-11T03:00Z,final,204,2483,Oregon St,Oregon,76,78,166,-202,,0,,,4.5,-109,-115,,,,,2,,0,Corvallis,OR,1,71,,,,-8.0,"36,40","40,38",140,-167,2.0,-109,-117
ncaab:401400970,ncaab,2022-01-11T19:00Z,final,2217,314,Fairfield,Iona,76,80,255,-320,,0,,,7.5,-118,-110,,,,,2,,0,Bridgeport,CT,1,1,,,,-5.0,"43,33","37,43",205,-286,5.0,-115,-112
ncaab:401402176,ncaab,2022-01-11T19:00Z,final,2099,2514,Canisius,Quinnipiac,79,67,102,-125,,0,,,1.5,-109,-110,,,,,2,,0,Buffalo,NY,1,183,,,,-5.0,"38,41","24,43",-106,-127,0.5,-116,-112
ncaab:401365432,ncaab,2022-01-11T22:00Z,final,119,2275,Towson,Hofstra,78,66,-144,121,,0,,,-2.5,-113,-109,,,,,2,,0,Towson,MD,1,141,,,,-5.0,"37,41","35,31",-141,106,-1.5,-111,-116
ncaab:401402814,ncaab,2022-01-11T22:00Z,final,24,30,Stanford,USC,75,69,230,-295,,0,,,6.5,-107,-113,,,,,2,,0,Stanford,CA,1,23,,,,-8.0,"32,43","33,36",163,-200,3.5,-109,-118
ncaab:401364375,ncaab,2022-01-11T23:30Z,final,213,164,Penn State,Rutgers,66,49,-134,110,,0,,,-2.0,-112,-109,,,,,2,,0,University Park,PA,1,348,,,,-5.0,"27,39","19,30",-134,102,-0.5,-118,-108
ncaab:401364858,ncaab,2022-01-11T23:30Z,final,2633,2579,Tennessee,South Carolina,66,46,-2000,950,,0,,,-15.5,-110,-109,,,,,2,,0,Knoxville,TN,1,276,,,,-5.0,"30,36","24,22",-670,420,-8.5,-117,-113
ncaab:401364859,ncaab,2022-01-12T00:00Z,final,238,96,Vanderbilt,Kentucky,66,78,300,-400,,0,,,8.5,-113,-107,,,,,2,,0,Nashville,TN,1,170,,,,-6.0,"28,38","41,37",170,-235,4.5,-114,-114
ncaab:401365103,ncaab,2022-01-12T00:00Z,final,2199,2117,E Michigan,C Michigan,99,68,,,,0,,,,,,,,,,2,,0,Ypsilanti,MI,1,219,,,,-5.0,"46,53","31,37",,,,,
ncaab:401365104,ncaab,2022-01-12T00:00Z,final,193,2649,Miami OH,Toledo,72,75,-127,106,,0,,,-1.5,-110,-110,,,,,2,,0,Oxford,OH,1,283,,,,-5.0,"33,39","44,31",-129,-104,-0.5,-114,-112
ncaab:401365105,ncaab,2022-01-12T00:00Z,final,2711,2084,W Michigan,Buffalo,64,78,,,,0,,,,,,,,,,2,,0,Kalamazoo,MI,1,239,,,,-5.0,"34,30","33,45",,,,,
ncaab:401365106,ncaab,2022-01-12T00:00Z,final,2309,2459,Kent State,N Illinois,63,65,-2000,850,,0,,,-15.5,-110,-109,,,,,2,,0,Kent,OH,1,325,,,,-5.0,"37,26","34,31",-590,380,-8.5,-121,-109
ncaab:401365107,ncaab,2022-01-12T00:00Z,final,195,189,Ohio,Bowling Green,85,78,-385,295,,0,,,-8.0,-110,-109,,,,,2,,0,Athens,OH,1,219,,,,-5.0,"32,53","29,49",-286,205,-4.5,-110,-115
ncaab:401365108,ncaab,2022-01-12T00:00Z,final,2006,2050,Akron,Ball State,84,74,-435,310,,0,,,-8.5,-110,-110,,,,,2,,0,Akron,OH,1,291,,,,-5.0,"33,51","36,38",-315,220,-4.5,-117,-109
ncaab:401365429,ncaab,2022-01-12T00:00Z,final,2182,48,Drexel,Delaware,77,81,-105,-115,,0,,,1.5,-105,-115,,,,,2,,0,Philadelphia,PA,1,12,,,,-5.0,"32,45","45,36",-130,-104,-0.5,-115,-114
ncaab:401365431,ncaab,2022-01-12T00:00Z,final,256,111,James Madison,Northeastern,89,66,-245,195,,0,,,-5.5,-107,-113,,,,,2,,0,Harrisonburg,VA,1,404,,,,-5.0,"40,49","29,37",-210,155,-3.0,-109,-117
ncaab:401365433,ncaab,2022-01-12T00:00Z,void,232,2729,Charleston,William & Mary,,,,,,0,,,,,,,,,,2,,0,Charleston,SC,1,6,,,,-5.0,,,,,,,
ncaab:401365782,ncaab,2022-01-12T00:00Z,void,257,2244,Richmond,George Mason,,,,,,0,,,,,,,,,,2,,0,Richmond,VA,1,64,,,,-5.0,,,,,,,
ncaab:401365783,ncaab,2022-01-12T00:00Z,final,2166,113,Davidson,UMass,77,67,,,,0,,,,,,,,,,2,,0,Davidson,NC,1,256,,,,-5.0,"31,46","32,35",,,,,
ncaab:401365784,ncaab,2022-01-12T00:00Z,final,2168,139,Dayton,Saint Louis,68,63,-157,130,,0,,,-3.0,-110,-110,,,,,2,,0,Dayton,OH,1,225,,,,-5.0,"36,32","26,37",-139,104,-1.5,-109,-121
ncaab:401365785,ncaab,2022-01-12T00:00Z,final,2670,45,VCU,G Washington,84,57,,,,0,,,,,,,,,,2,,0,Richmond,VA,1,64,,,,-5.0,"42,42","22,35",,,,,
ncaab:401365786,ncaab,2022-01-12T00:00Z,final,2325,179,La Salle,St Bonaventure,76,80,,,,0,,,,,,,,,,2,,0,Philadelphia,PA,1,12,,,,-5.0,"37,33,6","34,36,10",,,,,
ncaab:401368367,ncaab,2022-01-12T00:00Z,final,239,2641,Baylor,Texas Tech,62,65,-801,527,,0,,,-11.5,-110,-110,,,,,2,,0,Waco,TX,1,143,,,,-6.0,"31,31","26,39",-335,260,-6.5,-118,-112
ncaab:401369244,ncaab,2022-01-12T00:00Z,final,91,2110,Bellarmine,C Arkansas,85,63,,,,0,,,,,,,,,,2,,0,Louisville,KY,1,142,,,,-5.0,"34,51","24,39",,,,,
ncaab:401369245,ncaab,2022-01-12T00:00Z,final,294,56,Jacksonville,Stetson,57,50,-220,175,,0,,,-5.5,-107,-112,,,,,2,,0,Jacksonville,FL,1,5,,,,-5.0,"26,31","26,24",-186,138,-2.0,-118,-108
ncaab:401369246,ncaab,2022-01-12T00:00Z,final,55,288,Jax State,Lipscomb,88,83,,,,0,,,,,,,,,,2,,0,Jacksonville,AL,1,216,,,,-6.0,"34,54","48,35",,,,,
ncaab:401369248,ncaab,2022-01-12T00:00Z,final,2335,2454,Liberty,North Florida,71,56,-1499,850,,0,,,-15.5,-110,-109,,,,,2,,0,Lynchburg,VA,1,192,,,,-5.0,"33,38","22,34",-670,430,-8.5,-116,-112
ncaab:401369249,ncaab,2022-01-12T00:00Z,final,2453,2198,North Alabama,E Kentucky,76,75,,,,0,,,,,,,,,,2,,0,Florence,AL,1,167,,,,-6.0,"39,37","38,37",,,,,
ncaab:401370009,ncaab,2022-01-12T00:00Z,final,183,221,Syracuse,Pitt,77,61,-569,415,,0,,,-10.0,-110,-110,,,,,2,,0,Syracuse,NY,1,121,,,,-5.0,"35,42","34,27",-385,265,-5.5,-114,-115
ncaab:401373542,ncaab,2022-01-12T00:00Z,final,269,305,Marquette,DePaul,87,76,-303,230,,0,,,-6.5,-110,-110,,,,,2,,0,Milwaukee,WI,1,188,,,,-6.0,"44,43","43,33",-240,170,-3.5,-115,-114
ncaab:401400971,ncaab,2022-01-12T00:00Z,void,2405,2368,Monmouth,Marist,,,,,,0,,,,,,,,,,2,,0,West Long Branch,NJ,1,9,,,,-5.0,,,,,,,
ncaab:401399156,ncaab,2022-01-12T00:30Z,final,2617,292,SF Austin,UT Rio Grande,86,75,,,,0,,,,,,,,,,2,,0,Nacogdoches,TX,1,92,,,,-6.0,"47,39","32,43",,,,,
ncaab:401367352,ncaab,2022-01-12T01:00Z,final,2460,282,Northern Iowa,Indiana St,80,74,-880,570,,0,,,-12.5,-110,-109,,,,,2,,0,Cedar Falls,IA,1,268,,,,-6.0,"30,42,8","38,34,2",-435,300,-7.0,-114,-114
ncaab:401368368,ncaab,2022-01-12T01:00Z,final,2305,66,Kansas,Iowa State,62,61,-1026,652,,0,,,-13.5,-106,-114,,,,,2,,0,Lawrence,KS,1,263,,,,-6.0,"31,31","33,28",-480,350,-7.5,-115,-115
ncaab:401369881,ncaab,2022-01-12T01:00Z,final,52,2390,Florida St,Miami,65,64,-286,230,,0,,,-6.5,-112,-108,,,,,2,,0,Tallahassee,FL,1,62,,,,-5.0,"28,37","29,35",-215,170,-3.5,-114,-114
ncaab:401386568,ncaab,2022-01-12T01:00Z,final,140,123312,Kansas City,Baptist (MO),98,57,,,,0,,,,,,,,,,2,,0,Kansas City,MO,1,274,,,,-6.0,"46,52","34,23",,,,,
ncaab:401402043,ncaab,2022-01-12T01:00Z,final,2443,2176,LSU N Orleans,Dillard,93,66,,,,0,,,,,,,,,,2,,0,New Orleans,LA,1,0,,,,-6.0,"46,47","32,34",,,,,
ncaab:401364373,ncaab,2022-01-12T01:30Z,final,158,356,Nebraska,Illinois,71,81,580,-950,,0,,,12.5,-110,-110,,,,,2,,0,Lincoln,NE,1,367,,,,-6.0,"34,37","31,50",300,-435,7.0,-114,-113
ncaab:401364860,ncaab,2022-01-12T01:30Z,final,245,145,Texas A&M,Ole Miss,67,51,-245,200,,0,,,-5.5,-110,-110,,,,,2,,0,College Station,TX,1,103,,,,-6.0,"33,34","29,22",-210,155,-3.0,-114,-113
ncaab:401368369,ncaab,2022-01-12T01:30Z,final,251,201,Texas,Oklahoma,66,52,-305,245,,0,,,-7.0,-107,-114,,,,,2,,0,Austin,TX,1,149,,,,-6.0,"33,33","21,31",-190,155,-3.0,-118,-110
ncaab:401364374,ncaab,2022-01-12T02:00Z,void,130,2509,Michigan,Purdue,,,,,,0,,,,,,,,,,2,,0,Ann Arbor,MI,1,269,,,,-5.0,,,,,,,
ncaab:401364861,ncaab,2022-01-12T02:00Z,final,333,2,Alabama,Auburn,77,81,-156,129,,0,,,-3.0,-111,-109,,,,,2,,0,Tuscaloosa,AL,1,68,,,,-6.0,"35,42","40,41",-141,118,-1.5,-109,-117
ncaab:401367353,ncaab,2022-01-12T02:00Z,final,2350,2674,Loyola Chicago,Valparaiso,81,74,-2000,1000,,0,,,-15.5,-110,-110,,,,,2,,0,Chicago,IL,1,179,,,,-6.0,"22,33,11,15","30,25,11,8",-670,400,-8.5,-117,-109
ncaab:401368370,ncaab,2022-01-12T02:00Z,final,277,197,West Virginia,Oklahoma St,70,60,-142,120,,0,,,-2.5,-111,-109,,,,,2,,0,Morgantown,WV,1,271,,,,-5.0,"34,36","23,37",-143,118,-1.5,-109,-117
ncaab:401373541,ncaab,2022-01-12T02:00Z,void,156,2507,Creighton,Providence,,,-200,165,,0,,,-4.5,-111,-109,,,,,2,,0,Omaha,NE,1,323,,,,-6.0,,,,,,,
ncaab:401364731,ncaab,2022-01-12T03:00Z,final,278,23,Fresno St,San José St,79,59,-1667,855,,0,,,-14.0,-110,-110,,,,,2,,0,Fresno,CA,1,94,,,,-8.0,"39,40","28,31",-590,375,-8.0,-109,-118
ncaab:401373670,ncaab,2022-01-12T03:00Z,void,300,28,UC Irvine,UC San Diego,,,,,,0,,,,,,,,,,2,,0,Irvine,CA,1,17,,,,-8.0,,,,,,,
ncaab:401364729,ncaab,2022-01-12T04:00Z,final,2439,167,UNLV,New Mexico,85,56,-255,205,,0,,,-6.0,-106,-114,,,,,2,,0,Las Vegas,NV,1,610,,,,-8.0,"40,45","30,26",-225,163,-3.5,-116,-112
ncaab:401402159,ncaab,2022-01-12T22:00Z,final,2377,3166,McNeese,Arlington Bapt,120,44,,,,0,,,,,,,,,,2,,0,Lake Charles,LA,1,4,,,,-6.0,"67,53","23,21",,,,,
ncaab:401370712,ncaab,2022-01-12T23:30Z,final,2515,2344,Radford,Longwood,75,83,120,-148,,0,,,2.5,-110,-112,,,,,2,,0,Radford,VA,1,567,,,,-5.0,"31,38,6","35,34,14",107,-141,1.0,-114,-113
ncaab:401373544,ncaab,2022-01-12T23:30Z,final,2752,222,Xavier,Villanova,60,64,-138,110,,0,,,-2.0,-110,-110,,,,,2,,0,Cincinnati,OH,1,191,,,,-5.0,"27,33","38,26",-127,106,-0.5,-118,-108
ncaab:401364377,ncaab,2022-01-13T00:00Z,final,127,135,Michigan St,Minnesota,71,69,-770,527,,0,,,-11.5,-112,-110,,,,,2,,0,East Lansing,MI,1,261,,,,-5.0,"34,37","31,38",-375,275,-6.5,-112,-116
ncaab:401364862,ncaab,2022-01-13T00:00Z,final,57,99,Florida,LSU,58,64,-167,135,,0,,,-3.5,-110,-114,,,,,2,,0,Gainesville,FL,1,54,,,,-5.0,"30,28","38,26",-148,120,-1.5,-113,-115
ncaab:401364863,ncaab,2022-01-13T00:00Z,final,344,61,Mississippi St,Georgia,88,72,-1667,850,,0,,,-14.5,-110,-109,,,,,2,,0,Starkville,MS,1,101,,,,-6.0,"35,53","36,36",-500,320,-8.0,-117,-110
ncaab:401365430,ncaab,2022-01-13T00:00Z,final,350,2210,UNC Wilmington,Elon,73,66,-120,100,,0,,,-1.5,-109,-111,,,,,2,,0,Wilmington,NC,1,9,,,,-5.0,"29,44","35,31",-124,-107,-0.5,-110,-115
ncaab:401365517,ncaab,2022-01-13T00:00Z,final,231,2193,Furman,ETSU,78,69,,,,0,,,,,,,,,,2,,0,Greenville,SC,1,307,,,,-5.0,"35,43","39,30",,,,,
ncaab:401365518,ncaab,2022-01-13T00:00Z,final,2747,2535,Wofford,Samford,87,64,-440,295,,0,,,-8.5,-110,-110,,,,,2,,0,Spartanburg,SC,1,246,,,,-5.0,"45,42","33,31",-335,225,-5.0,-110,-120
ncaab:401365519,ncaab,2022-01-13T00:00Z,final,2717,236,W Carolina,Chattanooga,70,59,,,,0,,,,,,,,,,2,,0,Cullowhee,NC,1,645,,,,-5.0,"26,44","30,29",,,,,
ncaab:401365787,ncaab,2022-01-13T00:00Z,final,2230,2184,Fordham,Duquesne,72,71,112,-138,,0,,,2.0,-107,-113,,,,,2,,0,Bronx,NY,1,28,,,,-5.0,"33,39","40,31",100,-134,0.5,-108,-118
ncaab:401365788,ncaab,2022-01-13T00:00Z,final,227,2603,Rhode Island,Saint Joseph's,75,64,-460,300,,0,,,-9.0,-110,-110,,,,,2,,0,Kingston,RI,1,75,,,,-5.0,"43,32","37,27",-295,215,-5.0,-113,-113
ncaab:401369643,ncaab,2022-01-13T00:00Z,void,2066,42,Binghamton,Hartford,,,,,,0,,,,,,,,,,2,,0,Binghamton,NY,1,264,,,,-5.0,,,,,,,
ncaab:401369644,ncaab,2022-01-13T00:00Z,void,160,311,New Hampshire,Maine,,,,,,0,,,,,,,,,,2,,0,Durham,NH,1,15,,,,-5.0,,,,,,,
ncaab:401369645,ncaab,2022-01-13T00:00Z,final,2885,2378,NJIT,UMBC,56,76,,,,0,,,,,,,,,,2,,0,Newark,NJ,1,9,,,,-5.0,"22,34","35,41",,,,,
ncaab:401369646,ncaab,2022-01-13T00:00Z,final,399,2349,UAlbany,UMass Lowell,57,47,,,,0,,,,,,,,,,2,,0,Albany,NY,1,45,,,,-5.0,"21,36","20,27",,,,,
ncaab:401369647,ncaab,2022-01-13T00:00Z,final,261,2619,Vermont,Stony Brook,98,65,-714,450,,0,,,-11.0,-110,-110,,,,,2,,0,Burlington,VT,1,61,,,,-5.0,"53,45","39,26",-435,295,-6.0,-115,-112
ncaab:401369970,ncaab,2022-01-13T00:00Z,final,87,228,Notre Dame,Clemson,72,56,-159,130,,0,,,-3.0,-112,-108,,,,,2,,0,South Bend,IN,1,211,,,,-5.0,"39,33","22,34",-152,114,-1.5,-109,-117
ncaab:401370066,ncaab,2022-01-13T00:00Z,final,154,150,Wake Forest,Duke,64,76,202,-265,,0,,,6.0,-109,-110,,,,,2,,0,Winston-Salem,NC,1,293,,,,-5.0,"29,35","35,41",170,-205,3.0,-109,-117
ncaab:401370708,ncaab,2022-01-13T00:00Z,final,2097,2127,Campbell,Charleston So,67,52,-2500,950,,0,,,-16.0,-110,-110,,,,,2,,0,Buies Creek,NC,1,63,,,,-5.0,"35,32","23,29",-715,420,-9.0,-113,-114
ncaab:401370709,ncaab,2022-01-13T00:00Z,final,2241,2506,Gardner-Webb,Presbyterian,64,61,-400,280,,0,,,-8.0,-118,-100,,,,,2,,0,Boiling Springs,NC,1,269,,,,-5.0,"26,38","32,29",-286,200,-4.5,-109,-122
ncaab:401370710,ncaab,2022-01-13T00:00Z,final,2448,2261,NC A&T,Hampton,67,59,,,,0,,,,,,,,,,2,,0,Greensboro,NC,1,266,,,,-5.0,"39,28","22,37",,,,,
ncaab:401373241,ncaab,2022-01-13T00:00Z,final,2413,2630,Morehead St,UT Martin,76,62,,,,0,,,,,,,,,,2,,0,Morehead,KY,1,153,,,,-6.0,"31,45","28,34",,,,,
ncaab:401377710,ncaab,2022-01-13T00:00Z,final,2132,151,Cincinnati,East Carolina,79,71,-670,450,,0,,,-11.0,-110,-110,,,,,2,,0,Cincinnati,OH,1,191,,,,-5.0,"49,30","29,42",-360,235,-6.0,-114,-113
ncaab:401377712,ncaab,2022-01-13T00:00Z,final,2116,235,UCF,Memphis,74,64,-107,-115,,0,,,1.0,-113,-107,,,,,2,,0,Orlando,FL,1,30,,,,-5.0,"36,38","27,37",-112,-120,0.5,-112,-117
ncaab:401377714,ncaab,2022-01-13T00:00Z,final,202,218,Tulsa,Temple,64,69,-166,132,,0,,,-3.0,-112,-108,,,,,2,,0,Tulsa,OK,1,220,,,,-6.0,"28,36","31,38",-152,114,-1.5,-112,-117
ncaab:401370711,ncaab,2022-01-13T00:30Z,final,2908,2272,SC Upstate,High Point,66,65,136,-163,,0,,,3.0,-110,-110,,,,,2,,0,Spartanburg,SC,1,246,,,,-5.0,"27,39","33,32",116,-155,1.5,-115,-112
ncaab:401373053,ncaab,2022-01-13T00:30Z,final,2450,2169,Norfolk St,Delaware St,80,51,-5732,1494,,0,,,-21.0,-110,-109,,,,,2,,0,Norfolk,VA,1,2,,,,-5.0,"27,53","20,31",-825,520,-12.0,-111,-116
ncaab:401367354,ncaab,2022-01-13T01:00Z,final,71,339,Bradley,Evansville,79,47,-405,312,,0,,,-8.0,-110,-110,,,,,2,,0,Peoria,IL,1,153,,,,-6.0,"36,43","24,23",-265,190,-4.0,-110,-115
ncaab:401367355,ncaab,2022-01-13T01:00Z,final,2181,2287,Drake,Illinois St,86,75,-1000,600,,0,,,-13.0,-110,-109,,,,,2,,0,Des Moines,IA,1,266,,,,-6.0,"44,42","42,33",-530,320,-7.5,-109,-118
ncaab:401367356,ncaab,2022-01-13T01:00Z,final,2623,79,Missouri St,S Illinois,81,76,,,,0,,,,,,,,,,2,,0,Springfield,MO,1,396,,,,-6.0,"36,45","34,42",,,,,
ncaab:401377711,ncaab,2022-01-13T01:00Z,final,2567,58,SMU,South Florida,77,65,,,,0,,,,,,,,,,2,,0,Dallas,TX,1,128,,,,-6.0,"37,40","33,32",,,,,
ncaab:401377713,ncaab,2022-01-13T01:00Z,final,2724,2655,Wichita St,Tulane,67,68,-455,335,,0,,,-8.5,-111,-108,,,,,2,,0,Wichita,KS,1,396,,,,-6.0,"42,25","28,40",-335,225,-5.0,-113,-118
ncaab:401378799,ncaab,2022-01-13T01:00Z,final,36,328,Colorado St,Utah State,77,72,-285,225,,0,,,-6.5,-110,-110,,,,,2,,0,Fort Collins,CO,1,1525,,,,-7.0,"33,44","24,48",-265,190,-4.0,-112,-114
ncaab:401404580,ncaab,2022-01-13T01:00Z,final,2545,2650,SE Louisiana,Tougaloo,77,72,,,,0,,,,,,,,,,2,,0,Hammond,LA,1,13,,,,-6.0,"39,38","38,34",,,,,
ncaab:401373543,ncaab,2022-01-13T01:30Z,final,41,2599,UConn,St John's,86,78,,,,0,,,,,,,,,,2,,0,Storrs,CT,1,187,,,,-5.0,"36,35,15","31,40,7",,,,,
ncaab:401364376,ncaab,2022-01-13T02:00Z,final,77,120,Northwestern,Maryland,87,94,-245,195,,0,,,-5.5,-105,-109,,,,,2,,0,Evanston,IL,1,187,,,,-6.0,"30,42,11,4","30,42,11,11",-235,170,-3.5,-109,-117
ncaab:401364864,ncaab,2022-01-13T02:00Z,final,8,142,Arkansas,Missouri,87,43,-1667,850,,0,,,-14.5,-100,-118,,,,,2,,0,Fayetteville,AR,1,427,,,,-6.0,"49,38","15,28",-530,325,-8.0,-108,-118
ncaab:401368371,ncaab,2022-01-13T02:00Z,final,2306,2628,Kansas St,TCU,57,60,-182,150,,0,,,-4.0,-109,-112,,,,,2,,0,Manhattan,KS,1,311,,,,-6.0,"25,32","26,34",-167,125,-2.0,-114,-113
ncaab:401369918,ncaab,2022-01-13T02:00Z,final,103,59,Boston College,Georgia Tech,76,81,-134,110,,0,,,-2.0,-110,-110,,,,,2,,0,Chestnut Hill,MA,1,60,,,,-5.0,"38,38","36,45",-134,102,-0.5,-118,-109
ncaab:401370046,ncaab,2022-01-13T02:00Z,final,258,259,Virginia,Virginia Tech,54,52,-116,-105,,0,,,-1.0,-109,-111,,,,,2,,0,Charlottesville,VA,1,142,,,,-5.0,"25,29","23,29",-120,-112,0.0,-117,-109
ncaab:401370114,ncaab,2022-01-13T02:00Z,final,97,152,Louisville,NC State,63,79,,,,0,,,,,,,,,,2,,0,Louisville,KY,1,142,,,,-5.0,"27,36","35,44",,,,,
ncaab:401364728,ncaab,2022-01-13T03:00Z,void,2751,21,Wyoming,San Diego St,,,,,,0,,,,,,,,,,2,,0,Laramie,WY,1,2184,,,,-7.0,,,,,,,
ncaab:401371467,ncaab,2022-01-13T03:00Z,final,2547,3084,Seattle U,Utah Valley,71,65,-125,104,,0,,,-1.5,-100,-118,,,,,2,,0,Seattle,WA,1,56,,,,-8.0,"23,48","32,33",-127,-106,-0.5,-112,-114
ncaab:401371472,ncaab,2022-01-13T03:00Z,final,2856,3101,CA Baptist,Utah Tech,76,79,,,,0,,,,,,,,,,2,,0,Riverside,CA,1,252,,,,-8.0,"41,35","42,37",,,,,
ncaab:401377407,ncaab,2022-01-13T03:00Z,final,264,25,Washington,California,64,55,-134,110,,0,,,-2.0,-110,-110,,,,,2,,0,Seattle,WA,1,56,,,,-8.0,"27,37","34,21",-134,102,-0.5,-118,-109
ncaab:401402996,ncaab,2022-01-13T03:00Z,final,279,2541,Pacific,Santa Clara,70,84,210,-265,,0,,,6.0,-111,-108,,,,,2,,0,Stockton,CA,1,4,,,,-8.0,"36,34","41,43",160,-220,3.0,-112,-114
ncaab:401364730,ncaab,2022-01-13T03:30Z,final,2440,68,Nevada,Boise St,70,85,-143,119,,0,,,-2.5,-112,-109,,,,,2,,0,Reno,NV,1,1373,,,,-8.0,"27,43","41,44",-141,106,-1.0,-113,-113
ncaab:401369247,ncaab,2022-01-13T21:30Z,final,338,526,Kennesaw St,FGCU,77,53,,,,0,,,,,,,,,,2,,0,Kennesaw,GA,1,332,,,,-5.0,"27,50","20,33",,,,,
ncaab:401377408,ncaab,2022-01-13T22:00Z,final,265,24,Washington St,Stanford,57,62,-334,257,,0,,,-7.5,-110,-110,,,,,2,,0,Pullman,WA,1,717,,,,-8.0,"35,22","26,36",-275,195,-4.0,-117,-111
ncaab:401398907,ncaab,2022-01-13T22:00Z,final,305,2550,DePaul,Seton Hall,96,92,230,-286,,0,,,6.5,-110,-110,,,,,2,,0,Chicago,IL,1,179,,,,-6.0,"52,44","35,57",180,-220,3.5,-114,-112
ncaab:401381750,ncaab,2022-01-13T23:00Z,final,349,104,Army,Boston U,73,63,112,-134,,0,,,2.0,-109,-112,,,,,2,,0,West Point,NY,1,47,,,,-5.0,"36,37","29,34",100,-134,1.0,-114,-114
ncaab:401367446,ncaab,2022-01-13T23:30Z,final,2026,324,App State,Coastal,61,60,,,,0,,,,,,,,,,2,,0,Boone,NC,1,981,,,,-5.0,"39,22","32,28",,,,,
ncaab:401364379,ncaab,2022-01-14T00:00Z,final,275,194,Wisconsin,Ohio State,78,68,-176,144,,0,,,-3.5,-113,-106,,,,,2,,0,Madison,WI,1,267,,,,-6.0,"40,38","27,41",-152,125,-1.5,-115,-110
ncaab:401365520,ncaab,2022-01-14T00:00Z,final,2643,2430,The Citadel,UNC Greensboro,74,69,140,-170,,0,,,3.5,-109,-110,,,,,2,,0,Charleston,SC,1,6,,,,-5.0,"18,56","33,36",108,-143,1.5,-111,-119
ncaab:401365521,ncaab,2022-01-14T00:00Z,final,2382,2678,Mercer,VMI,97,91,-145,115,,0,,,-2.5,-110,-110,,,,,2,,0,Macon,GA,1,112,,,,-5.0,"52,45","34,57",-136,102,-1.0,-114,-113
ncaab:401367448,ncaab,2022-01-14T00:00Z,void,2653,290,Troy,GA Southern,,,,,,0,,,,,,,,,,2,,0,Troy,AL,1,165,,,,-6.0,,,,,,,
ncaab:401368262,ncaab,2022-01-14T00:00Z,final,2870,2174,Purdue FW,Detroit Mercy,62,60,-115,-105,,0,,,-1.0,-109,-112,,,,,2,,0,Fort Wayne,IN,1,247,,,,-5.0,"28,34","24,36",-120,-112,0.0,-117,-109
ncaab:401368263,ncaab,2022-01-14T00:00Z,final,325,2473,Cleveland St,Oakland,65,70,-120,102,,0,,,-1.5,-110,-109,,,,,2,,0,Cleveland,OH,1,199,,,,-5.0,"32,33","33,37",-127,-106,-0.5,-112,-114
ncaab:401368266,ncaab,2022-01-14T00:00Z,final,2754,94,Youngstown St,N Kentucky,67,68,-159,130,,0,,,-3.0,-112,-108,,,,,2,,0,Youngstown,OH,1,259,,,,-5.0,"28,39","24,44",-152,114,-1.5,-113,-117
ncaab:401368267,ncaab,2022-01-14T00:00Z,final,2523,2750,Robert Morris,Wright St,73,75,185,-233,,0,,,5.5,-110,-109,,,,,2,,0,Moon Township,PA,1,358,,,,-5.0,"37,36","37,38",150,-205,3.0,-111,-116
ncaab:401370713,ncaab,2022-01-14T00:00Z,final,2737,2427,Winthrop,UNC Asheville,86,80,-245,190,,0,,,-5.5,-110,-115,,,,,2,,0,Rock Hill,SC,1,207,,,,-5.0,"39,36,11","36,39,5",-210,155,-3.0,-109,-117
ncaab:401372659,ncaab,2022-01-14T00:00Z,final,2429,2638,Charlotte,UTEP,66,53,-167,138,,0,,,-3.5,-112,-108,,,,,2,,0,Charlotte,NC,1,229,,,,-5.0,"32,34","29,24",-162,120,-1.5,-115,-112
ncaab:401372691,ncaab,2022-01-14T00:00Z,final,2393,2226,MTSU,FAU,70,57,,,,0,,,,,,,,,,2,,0,Murfreesboro,TN,1,186,,,,-6.0,"40,30","24,33",,,,,
ncaab:401372712,ncaab,2022-01-14T00:00Z,final,2348,2572,Louisiana Tech,Southern Miss,80,57,-3638,1348,,0,,,-19.0,-105,-115,,,,,2,,0,Ruston,LA,1,102,,,,-6.0,"31,49","24,33",-835,475,-10.5,-113,-114
ncaab:401372733,ncaab,2022-01-14T00:00Z,final,276,249,Marshall,North Texas,65,69,143,-175,,0,,,3.5,-110,-110,,,,,2,,0,Huntington,WV,1,173,,,,-5.0,"27,38","35,34",112,-152,1.5,-114,-115
ncaab:401372782,ncaab,2022-01-14T00:00Z,final,295,2636,Old Dominion,UTSA,83,51,-770,510,,0,,,-11.0,-111,-109,,,,,2,,0,Norfolk,VA,1,2,,,,-5.0,"33,50","21,30",-375,240,-6.0,-117,-109
ncaab:401373096,ncaab,2022-01-14T00:00Z,final,2426,2142,Navy,Colgate,50,69,-125,105,,0,,,-2.0,-110,-110,,,,,2,,0,Annapolis,MD,1,12,,,,-5.0,"24,26","33,36",-127,-106,-0.5,-112,-114
ncaab:401373340,ncaab,2022-01-14T00:00Z,void,107,44,Holy Cross,American,,,-148,120,,0,,,-2.5,-112,-109,,,,,2,,0,Worcester,MA,1,147,,,,-5.0,,,-159,118,-1.5,-111,-116
ncaab:401373545,ncaab,2022-01-14T00:00Z,final,46,2086,Georgetown,Butler,58,72,134,-162,,0,,,3.5,-114,-106,,,,,2,,0,Washington,DC,1,7,,,,-5.0,"27,31","32,40",116,-155,1.5,-115,-113
ncaab:401376561,ncaab,2022-01-14T00:00Z,final,2083,2329,Bucknell,Lehigh,64,97,-184,150,,0,,,-4.0,-112,-108,,,,,2,,0,Lewisburg,PA,1,144,,,,-5.0,"33,31","44,53",-175,128,-2.0,-116,-112
ncaab:401381744,ncaab,2022-01-14T00:00Z,final,2352,322,Loyola MD,Lafayette,74,60,-335,255,,0,,,-7.0,-110,-110,,,,,2,,0,Baltimore,MD,1,10,,,,-5.0,"35,39","22,38",-250,185,-4.0,-108,-118
ncaab:401398458,ncaab,2022-01-14T00:00Z,final,2641,197,Texas Tech,Oklahoma St,78,57,-320,255,,0,,,-7.5,-110,-110,,,,,2,,0,Lubbock,TX,1,976,,,,-6.0,"42,36","27,30",-240,195,-4.0,-111,-116
ncaab:401402174,ncaab,2022-01-14T00:00Z,final,315,2099,Niagara,Canisius,68,58,-285,230,,0,,,-6.5,-110,-110,,,,,2,,0,Niagara Falls,NY,1,187,,,,-5.0,"29,39","31,27",-240,175,-3.5,-111,-119
ncaab:401372829,ncaab,2022-01-14T00:30Z,final,5,2229,UAB,FIU,84,56,,,,0,,,,,,,,,,2,,0,Birmingham,AL,1,187,,,,-6.0,"38,46","34,22",,,,,
ncaab:401365660,ncaab,2022-01-14T01:00Z,void,2449,2900,N Dakota St,St Thomas,,,,,,0,,,,,,,,,,2,,0,Fargo,ND,1,276,,,,-6.0,,,,,,,
ncaab:401365661,ncaab,2022-01-14T01:00Z,final,155,2710,North Dakota,W Illinois,68,73,,,,0,,,,,,,,,,2,,0,Grand Forks,ND,1,253,,,,-6.0,"25,43","35,38",,,,,
ncaab:401365663,ncaab,2022-01-14T01:00Z,final,233,2172,South Dakota,Denver,80,71,-295,235,,0,,,-6.5,-110,-110,,,,,2,,0,Vermillion,SD,1,374,,,,-6.0,"44,36","34,37",-240,175,-3.5,-112,-114
ncaab:401367449,ncaab,2022-01-14T01:00Z,final,250,309,UT Arlington,Louisiana,83,73,,,,0,,,,,,,,,,2,,0,Arlington,TX,1,184,,,,-6.0,"39,44","33,40",,,,,
ncaab:401367450,ncaab,2022-01-14T01:00Z,final,326,2433,Texas St,UL Monroe,80,56,,,,0,,,,,,,,,,2,,0,San Marcos,TX,1,188,,,,-6.0,"51,29","33,23",,,,,
ncaab:401368264,ncaab,2022-01-14T01:00Z,final,2739,85,Green Bay,IU Indy,69,54,-455,330,,0,,,-8.5,-110,-110,,,,,2,,0,Ashwaubenon,WI,1,185,,,,-6.0,"34,35","26,28",-286,205,-4.5,-118,-110
ncaab:401368265,ncaab,2022-01-14T01:00Z,final,270,82,Milwaukee,UIC,77,81,-143,120,,0,,,-2.5,-112,-109,,,,,2,,0,Milwaukee,WI,1,188,,,,-6.0,"34,43","27,54",-134,100,-1.5,-116,-116
ncaab:401371468,ncaab,2022-01-14T01:00Z,final,292,2130,UT Rio Grande,Chicago St,85,63,,,,0,,,,,,,,,,2,,0,Edinburg,TX,1,30,,,,-6.0,"40,45","34,29",,,,,
ncaab:401371469,ncaab,2022-01-14T01:00Z,final,2320,2534,Lamar,Sam Houston,56,73,190,-240,,0,,,5.5,-105,-115,,,,,2,,0,Beaumont,TX,1,5,,,,-6.0,"25,31","35,38",138,-186,2.5,-109,-119
ncaab:401376553,ncaab,2022-01-14T01:00Z,final,93,2634,Murray St,Tennessee St,67,44,-5000,1400,,0,,,-20.0,-110,-109,,,,,2,,0,Murray,KY,1,163,,,,-6.0,"35,32","16,28",-1000,525,-11.0,-118,-109
ncaab:401365662,ncaab,2022-01-14T01:30Z,final,2437,2571,Omaha,S Dakota St,86,95,,,,0,,,,,,,,,,2,,0,Omaha,NE,1,323,,,,-6.0,"40,46","49,46",,,,,
ncaab:401367451,ncaab,2022-01-14T01:30Z,void,2032,2031,Arkansas St,Little Rock,,,,,,0,,,,,,,,,,2,,0,Jonesboro,AR,1,99,,,,-6.0,,,,,,,
ncaab:401373199,ncaab,2022-01-14T01:30Z,final,2057,2635,Belmont,Tennessee Tech,92,77,-4308,1667,,0,,,-21.0,-115,-106,,,,,2,,0,Nashville,TN,1,170,,,,-6.0,"50,42","28,49",-1125,660,-11.5,-125,-105
ncaab:401364378,ncaab,2022-01-14T02:00Z,final,2294,84,Iowa,Indiana,83,74,-198,164,,0,,,-4.5,-111,-109,,,,,2,,0,Iowa City,IA,1,204,,,,-6.0,"41,42","48,26",-190,155,-2.5,-112,-120
ncaab:401367447,ncaab,2022-01-14T02:00Z,final,6,2247,South Alabama,Georgia St,74,65,-143,116,,0,,,-2.5,-112,-109,,,,,2,,0,Mobile,AL,1,3,,,,-6.0,"29,45","34,31",-141,106,-1.0,-119,-111
ncaab:401371470,ncaab,2022-01-14T02:00Z,final,166,2627,New Mexico St,Tarleton St,73,57,-556,400,,0,,,-10.0,-113,-108,,,,,2,,0,Las Cruces,NM,1,1191,,,,-7.0,"35,38","29,28",-345,245,-5.5,-116,-112
ncaab:401371471,ncaab,2022-01-14T02:00Z,final,2253,2000,Grand Canyon,Abilene Chrstn,95,68,-180,145,,0,,,-3.5,-113,-107,,,,,2,,0,Phoenix,AZ,1,331,,,,-7.0,"50,45","37,31",-175,128,-2.0,-112,-115
ncaab:401372420,ncaab,2022-01-14T02:00Z,void,304,331,Idaho St,E Washington,,,,,,0,,,,,,,,,,2,,0,Pocatello,ID,1,1360,,,,-7.0,,,,,,,
ncaab:401372445,ncaab,2022-01-14T02:00Z,final,2692,70,Weber St,Idaho,84,74,-2500,1100,,0,,,-17.5,-110,-109,,,,,2,,0,Ogden,UT,1,1311,,,,-7.0,"38,46","27,47",-770,440,-10.0,-112,-116
ncaab:401372513,ncaab,2022-01-14T02:00Z,void,149,253,Montana,Southern Utah,,,,,,0,,,,,,,,,,2,,0,Missoula,MT,1,978,,,,-7.0,,,,,,,
ncaab:401372795,ncaab,2022-01-14T02:00Z,final,98,242,Western KY,Rice,80,66,-385,295,,0,,,-8.0,-110,-110,,,,,2,,0,Bowling Green,KY,1,161,,,,-6.0,"40,40","42,24",-286,205,-4.5,-110,-115
ncaab:401373220,ncaab,2022-01-14T02:00Z,final,2197,2565,E Illinois,SIUE,53,66,,,,0,,,,,,,,,,2,,0,Charleston,IL,1,204,,,,-6.0,"29,24","31,35",,,,,
ncaab:401377409,ncaab,2022-01-14T02:00Z,void,9,254,Arizona St,Utah,,,,,,0,,,,,,,,,,2,,0,Tempe,AZ,1,360,,,,-7.0,,,,,,,
ncaab:401377410,ncaab,2022-01-14T02:30Z,final,26,2483,UCLA,Oregon,81,84,-525,392,,0,,,-10.0,-108,-111,,,,,2,,0,Los Angeles,CA,1,89,,,,-8.0,"35,38,8","30,43,11",-315,240,-5.5,-111,-119
ncaab:401371219,ncaab,2022-01-14T03:00Z,final,301,2501,San Diego,Portland,68,63,-295,235,,0,,,-6.5,-110,-110,,,,,2,,0,San Diego,CA,1,20,,,,-8.0,"30,30,8","37,23,3",-240,175,-3.5,-113,-114
ncaab:401373671,ncaab,2022-01-14T03:00Z,void,2934,302,Bakersfield,UC Davis,,,,,,0,,,,,,,,,,2,,0,Bakersfield,CA,1,123,,,,-8.0,,,,,,,
ncaab:401373673,ncaab,2022-01-14T03:00Z,final,13,27,Cal Poly,UC Riverside,46,57,230,-305,,0,,,6.5,-110,-109,,,,,2,,0,San Luis Obispo,CA,1,71,,,,-8.0,"22,24","32,25",165,-230,3.5,-114,-115
ncaab:401373674,ncaab,2022-01-14T03:00Z,final,2239,2463,Fullerton,CSU Northridge,79,64,,,,0,,,,,,,,,,2,,0,Fullerton,CA,1,50,,,,-8.0,"40,39","35,29",,,,,
ncaab:401373675,ncaab,2022-01-14T03:00Z,final,299,2540,Long Beach St,Santa Barbara,65,58,160,-190,,0,,,4.0,-108,-112,,,,,2,,0,Long Beach,CA,1,9,,,,-8.0,"26,39","34,24",123,-165,2.0,-117,-111
ncaab:401371180,ncaab,2022-01-14T04:00Z,final,2539,2351,San Francisco,LMU,97,73,,,,0,,,,,,,,,,2,,0,San Francisco,CA,1,16,,,,-8.0,"52,45","29,44",,,,,
ncaab:401371218,ncaab,2022-01-14T04:00Z,final,2492,2608,Pepperdine,Saint Mary's,62,77,690,-1171,,0,,,13.5,-111,-110,,,,,2,,0,Malibu,CA,1,32,,,,-8.0,"30,32","39,38",275,-435,7.0,-113,-114
ncaab:401371311,ncaab,2022-01-14T04:00Z,final,2250,252,Gonzaga,BYU,110,84,-1551,830,,0,,,-15.0,-109,-111,,,,,2,,0,Spokane,WA,1,571,,,,-8.0,"61,49","49,35",-590,360,-8.5,-112,-115
ncaab:401377411,ncaab,2022-01-14T04:00Z,final,12,38,Arizona,Colorado,76,55,-1540,850,,0,,,-15.5,-114,-106,,,,,2,,0,Tucson,AZ,1,759,,,,-7.0,"32,44","28,27",-625,380,-9.0,-111,-118
ncaab:401377412,ncaab,2022-01-14T04:00Z,final,30,204,USC,Oregon St,81,71,-1430,800,,0,,,-14.5,-114,-107,,,,,2,,0,Los Angeles,CA,1,89,,,,-8.0,"37,44","42,29",-560,340,-8.0,-112,-114
ncaab:401373672,ncaab,2022-01-14T04:59Z,final,62,300,Hawai'i,UC Irvine,72,56,,,,0,,,,,,,,,,2,,0,Honolulu,HI,1,5,,,,-10.0,"34,38","26,30",,,,,
ncaab:401365114,ncaab,2022-01-14T23:00Z,final,2050,2084,Ball State,Buffalo,68,74,227,-293,,0,,,7.0,-108,-112,,,,,2,,0,Muncie,IN,1,284,,,,-5.0,"30,38","34,40",180,-250,4.0,-116,-111
ncaab:401364381,ncaab,2022-01-14T23:30Z,final,2509,158,Purdue,Nebraska,92,65,-5000,1348,,0,,,-20.0,-110,-109,,,,,2,,0,West Lafayette,IN,1,186,,,,-5.0,"48,44","33,32",-2000,750,-11.5,-117,-109
ncaab:401365329,ncaab,2022-01-15T00:00Z,final,314,2363,Iona,Manhattan,88,76,-1667,850,,0,,,-15.0,-118,-100,,,,,2,,0,New Rochelle,NY,1,26,,,,-5.0,"45,43","34,42",-715,425,-8.5,-117,-110
ncaab:401365330,ncaab,2022-01-15T00:00Z,final,2612,2405,Saint Peter's,Monmouth,67,62,,,,0,,,,,,,,,,2,,0,Jersey City,NJ,1,9,,,,-5.0,"33,34","24,38",,,,,
ncaab:401365331,ncaab,2022-01-15T00:00Z,final,2520,2514,Rider,Quinnipiac,70,77,-118,-103,,0,,,-1.0,-112,-108,,,,,2,,0,Lawrenceville,NJ,1,37,,,,-5.0,"32,29,9","26,35,16",-122,-109,-0.5,-108,-118
ncaab:401365332,ncaab,2022-01-15T00:00Z,final,2368,2561,Marist,Siena,60,67,-190,155,,0,,,-4.0,-110,-110,,,,,2,,0,Poughkeepsie,NY,1,62,,,,-5.0,"38,22","24,43",-175,128,-2.5,-122,-110
ncaab:401365790,ncaab,2022-01-15T00:30Z,final,179,2670,St Bonaventure,VCU,73,53,,,,0,,,,,,,,,,2,,0,Saint Bonaventure,NY,1,435,,,,-5.0,"34,39","28,25",,,,,
ncaab:401365112,ncaab,2022-01-15T01:00Z,final,2309,2006,Kent State,Akron,67,55,-124,101,,0,,,-1.5,-110,-109,,,,,2,,0,Kent,OH,1,325,,,,-5.0,"32,35","29,26",-127,-106,-0.5,-112,-116
ncaab:401364380,ncaab,2022-01-15T02:00Z,final,356,130,Illinois,Michigan,68,53,-625,410,,0,,,-10.5,-112,-110,,,,,2,,0,Champaign,IL,1,225,,,,-6.0,"26,42","22,31",-335,255,-6.0,-109,-117
ncaab:401365789,ncaab,2022-01-15T02:00Z,final,257,2166,Richmond,Davidson,84,87,-125,104,,0,,,-1.5,-110,-110,,,,,2,,0,Richmond,VA,1,64,,,,-5.0,"39,45","47,40",-139,105,-1.0,-108,-123
ncaab:401364733,ncaab,2022-01-15T04:00Z,final,2439,278,UNLV,Fresno St,68,73,102,-125,,0,,,1.5,-109,-110,,,,,2,,0,Las Vegas,NV,1,610,,,,-8.0,"23,45","33,40",110,-134,1.0,-116,-115
ncaab:401364382,ncaab,2022-01-15T17:00Z,final,127,77,Michigan St,Northwestern,62,64,-500,350,,0,,,-9.5,-118,-100,,,,,2,,0,East Lansing,MI,1,261,,,,-5.0,"33,29","38,26",-335,235,-5.0,-114,-112
ncaab:401368375,ncaab,2022-01-15T17:00Z,final,2306,2641,Kansas St,Texas Tech,62,51,185,-230,,0,,,5.0,-115,-105,,,,,2,,0,Manhattan,KS,1,311,,,,-6.0,"26,36","28,23",,,,,
ncaab:401373546,ncaab,2022-01-15T17:00Z,final,2752,156,Xavier,Creighton,80,73,-115,340,,0,,,0.5,-115,-115,,,,,2,,0,Cincinnati,OH,1,191,,,,-5.0,"29,51","34,39",-360,250,-5.5,-114,-114
ncaab:401373548,ncaab,2022-01-15T17:00Z,final,269,2550,Marquette,Seton Hall,73,72,102,-124,,0,,,1.5,-109,-110,,,,,2,,0,Milwaukee,WI,1,188,,,,-6.0,"44,29","41,31",-112,-120,0.0,-109,-117
ncaab:401365791,ncaab,2022-01-15T17:30Z,final,2184,2168,Duquesne,Dayton,52,72,138,-170,,0,,,3.5,-112,-110,,,,,2,,0,Pittsburgh,PA,1,233,,,,-5.0,"28,24","40,32",107,-143,1.5,-111,-119
ncaab:401364865,ncaab,2022-01-15T18:00Z,final,2579,57,South Carolina,Florida,63,71,155,-187,,0,,,4.5,-111,-113,,,,,2,,0,Columbia,SC,1,89,,,,-5.0,"28,35","36,35",140,-190,2.5,-114,-113
ncaab:401364871,ncaab,2022-01-15T18:00Z,final,96,2633,Kentucky,Tennessee,107,79,-210,170,,0,,,-4.5,-114,-110,,,,,2,,0,Lexington,KY,1,295,,,,-5.0,"52,55","38,41",-186,138,-2.5,-112,-117
ncaab:401365522,ncaab,2022-01-15T18:00Z,final,2643,2678,The Citadel,VMI,85,90,102,-124,,0,,,1.5,-110,-110,,,,,2,,0,Charleston,SC,1,6,,,,-5.0,"41,44","46,44",-106,-125,0.5,-116,-112
ncaab:401368269,ncaab,2022-01-15T18:00Z,final,2870,2473,Purdue FW,Oakland,68,76,205,-265,,0,,,6.0,-109,-110,,,,,2,,0,Fort Wayne,IN,1,247,,,,-5.0,"36,32","30,46",148,-200,3.0,-112,-116
ncaab:401369648,ncaab,2022-01-15T18:00Z,void,2349,42,UMass Lowell,Hartford,,,,,,0,,,,,,,,,,2,,0,Lowell,MA,1,36,,,,-5.0,,,,,,,
ncaab:401369651,ncaab,2022-01-15T18:00Z,final,2378,261,UMBC,Vermont,69,86,287,-385,,0,,,8.5,-112,-110,,,,,2,,0,Baltimore,MD,1,10,,,,-5.0,"33,36","50,36",210,-295,4.5,-115,-110
ncaab:401370808,ncaab,2022-01-15T18:00Z,final,2803,116,Bryant,Mount St Marys,73,66,-360,280,,0,,,-7.5,-112,-108,,,,,2,,0,Smithfield,RI,1,84,,,,-5.0,"37,36","28,38",-296,210,-4.0,-115,-110
ncaab:401370894,ncaab,2022-01-15T18:00Z,final,2681,2597,Wagner,St Francis BK,81,76,,,,0,,,,,,,,,,2,,0,Staten Island,NY,1,21,,,,-5.0,"34,47","31,45",,,,,
ncaab:401372660,ncaab,2022-01-15T18:00Z,final,2429,2636,Charlotte,UTSA,62,53,-1430,800,,0,,,-15.0,-110,-109,,,,,2,,0,Charlotte,NC,1,229,,,,-5.0,"34,28","22,31",-715,410,-8.5,-115,-115
ncaab:401364383,ncaab,2022-01-15T19:00Z,final,120,164,Maryland,Rutgers,59,70,-205,165,,0,,,-4.5,-112,-108,,,,,2,,0,College Park,MD,1,21,,,,-5.0,"38,21","27,43",-205,150,-2.5,-118,-108
ncaab:401364869,ncaab,2022-01-15T19:00Z,final,99,8,LSU,Arkansas,58,65,-295,235,,0,,,-6.5,-113,-106,,,,,2,,0,Baton Rouge,LA,1,14,,,,-6.0,"33,25","31,34",-275,190,-4.0,-114,-115
ncaab:401365110,ncaab,2022-01-15T19:00Z,final,2711,193,W Michigan,Miami OH,62,70,,,,0,,,,,,,,,,2,,0,Kalamazoo,MI,1,239,,,,-5.0,"33,29","32,38",,,,,
ncaab:401365435,ncaab,2022-01-15T19:00Z,final,111,2182,Northeastern,Drexel,68,76,-172,143,,0,,,-3.5,-110,-110,,,,,2,,0,Boston,MA,1,14,,,,-5.0,"23,45","24,52",-162,120,-1.5,-115,-114
ncaab:401365437,ncaab,2022-01-15T19:00Z,final,2275,48,Hofstra,Delaware,82,77,-213,165,,0,,,-4.5,-112,-108,,,,,2,,0,Hempstead,NY,1,17,,,,-5.0,"31,51","35,42",-210,150,-3.0,-109,-121
ncaab:401365525,ncaab,2022-01-15T19:00Z,final,2382,2430,Mercer,UNC Greensboro,58,49,-159,132,,0,,,-3.0,-112,-108,,,,,2,,0,Macon,GA,1,112,,,,-5.0,"30,28","23,26",-152,114,-1.5,-112,-117
ncaab:401365526,ncaab,2022-01-15T19:00Z,final,2717,2747,W Carolina,Wofford,64,84,,,,0,,,,,,,,,,2,,0,Cullowhee,NC,1,645,,,,-5.0,"35,29","47,37",,,,,
ncaab:401365666,ncaab,2022-01-15T19:00Z,final,2449,2710,N Dakota St,W Illinois,79,90,,,,0,,,,,,,,,,2,,0,Fargo,ND,1,276,,,,-6.0,"34,43,2","48,29,13",,,,,
ncaab:401365668,ncaab,2022-01-15T19:00Z,void,155,2900,North Dakota,St Thomas,,,,,,0,,,,,,,,,,2,,0,Grand Forks,ND,1,253,,,,-6.0,,,,,,,
ncaab:401367452,ncaab,2022-01-15T19:00Z,final,324,2026,Coastal,App State,76,84,,,,0,,,,,,,,,,2,,0,Conway,SC,1,10,,,,-5.0,"35,35,6","38,32,14",,,,,
ncaab:401368372,ncaab,2022-01-15T19:00Z,final,2305,277,Kansas,West Virginia,85,59,-835,530,,0,,,-11.5,-110,-110,,,,,2,,0,Lawrence,KS,1,263,,,,-6.0,"33,52","31,28",-400,280,-6.5,-113,-114
ncaab:401368374,ncaab,2022-01-15T19:00Z,final,66,251,Iowa State,Texas,79,70,120,-149,,0,,,2.5,-110,-110,,,,,2,,0,Ames,IA,1,287,,,,-6.0,"38,41","31,39",-105,-127,1.0,-114,-114
ncaab:401369733,ncaab,2022-01-15T19:00Z,final,163,225,Princeton,Brown,76,74,-167,138,,0,,,-3.5,-110,-109,,,,,2,,0,Princeton,NJ,1,62,,,,-5.0,"41,35","42,32",-159,118,-1.5,-114,-112
ncaab:401369734,ncaab,2022-01-15T19:00Z,final,43,172,Yale,Cornell,96,69,-265,210,,0,,,-6.0,-110,-110,,,,,2,,0,New Haven,CT,1,18,,,,-5.0,"44,52","33,36",-245,175,-3.5,-116,-112
ncaab:401369735,ncaab,2022-01-15T19:00Z,final,219,159,Penn,Dartmouth,78,68,-222,180,,0,,,-5.0,-112,-109,,,,,2,,0,Philadelphia,PA,1,12,,,,-5.0,"34,44","38,30",-220,160,-3.0,-114,-113
ncaab:401369736,ncaab,2022-01-15T19:00Z,final,171,108,Columbia,Harvard,82,91,360,-500,,0,,,9.5,-113,-107,,,,,2,,0,New York,NY,1,10,,,,-5.0,"41,41","44,47",230,-335,5.0,-109,-117
ncaab:401369863,ncaab,2022-01-15T19:00Z,final,150,152,Duke,NC State,88,73,,,,0,,,,,,,,,,2,,0,Durham,NC,1,123,,,,-5.0,"45,43","36,37",,,,,
ncaab:401370714,ncaab,2022-01-15T19:00Z,final,2097,2515,Campbell,Radford,70,58,-357,260,,0,,,-7.5,-110,-110,,,,,2,,0,Buies Creek,NC,1,63,,,,-5.0,"29,41","28,30",-286,200,-4.5,-108,-118
ncaab:401370719,ncaab,2022-01-15T19:00Z,final,2427,2908,UNC Asheville,SC Upstate,73,76,-530,380,,0,,,-9.5,-110,-112,,,,,2,,0,Asheville,NC,1,649,,,,-5.0,"33,40","35,41",-335,230,-5.0,-112,-114
ncaab:401370840,ncaab,2022-01-15T19:00Z,final,112358,2115,Long Island,C Connecticut,83,61,,,,0,,,,,,,,,,2,,0,Brooklyn,NY,1,15,,,,-5.0,"39,44","27,34",,,,,
ncaab:401370866,ncaab,2022-01-15T19:00Z,final,2529,161,Sacred Heart,FDU,77,71,,,,0,,,,,,,,,,2,,0,Fairfield,CT,1,4,,,,-8.0,"37,40","30,41",,,,,
ncaab:401373242,ncaab,2022-01-15T19:00Z,final,2634,2413,Tennessee St,Morehead St,64,71,280,-360,,0,,,7.5,-110,-110,,,,,2,,0,Nashville,TN,1,170,,,,-6.0,"31,33","41,30",200,-278,4.0,-112,-114
ncaab:401373547,ncaab,2022-01-15T19:00Z,void,2507,41,Providence,UConn,,,,,,0,,,,,,,,,,2,,0,Providence,RI,1,2,,,,-5.0,,,,,,,
ncaab:401377717,ncaab,2022-01-15T19:00Z,final,2655,2567,Tulane,SMU,66,75,,,,0,,,,,,,,,,2,,0,New Orleans,LA,1,0,,,,-6.0,"41,25","36,39",,,,,
ncaab:401365792,ncaab,2022-01-15T19:30Z,final,139,2230,Saint Louis,Fordham,63,45,-1179,655,,0,,,-13.5,-110,-113,,,,,2,,0,St. Louis,MO,1,142,,,,-6.0,"27,36","21,24",-530,350,-7.5,-113,-114
ncaab:401365523,ncaab,2022-01-15T20:00Z,final,2535,2193,Samford,ETSU,85,88,,,,0,,,,,,,,,,2,,0,Homewood,AL,1,203,,,,-6.0,"46,39","46,42",,,,,
ncaab:401365524,ncaab,2022-01-15T20:00Z,final,236,231,Chattanooga,Furman,71,69,-175,140,,0,,,-3.5,-113,-109,,,,,2,,0,Chattanooga,TN,1,206,,,,-5.0,"33,38","38,31",-155,120,-2.0,-114,-119
ncaab:401365667,ncaab,2022-01-15T20:00Z,final,2571,2172,S Dakota St,Denver,80,62,,,,0,,,,,,,,,,2,,0,Brookings,SD,1,494,,,,-6.0,"44,36","23,39",,,,,
ncaab:401367456,ncaab,2022-01-15T20:00Z,final,250,2433,UT Arlington,UL Monroe,55,62,,,,0,,,,,,,,,,2,,0,Arlington,TX,1,184,,,,-6.0,"25,21,9","24,22,16",,,,,
ncaab:401368270,ncaab,2022-01-15T20:00Z,final,270,85,Milwaukee,IU Indy,89,54,-800,500,,0,,,-12.0,-105,-115,,,,,2,,0,Milwaukee,WI,1,188,,,,-6.0,"38,51","25,29",-390,270,-6.5,-120,-112
ncaab:401370010,ncaab,2022-01-15T20:00Z,final,183,52,Syracuse,Florida St,71,76,-154,120,,0,,,-2.5,-112,-115,,,,,2,,0,Syracuse,NY,1,121,,,,-5.0,"37,34","36,40",-145,115,-1.5,-112,-120
ncaab:401370716,ncaab,2022-01-15T20:00Z,final,2344,2241,Longwood,Gardner-Webb,66,60,-188,145,,0,,,-3.5,-118,-104,,,,,2,,0,Farmville,VA,1,90,,,,-5.0,"27,39","26,34",-160,125,-2.0,-110,-122
ncaab:401370849,ncaab,2022-01-15T20:00Z,final,2771,2598,Merrimack,Saint Francis,46,62,,,,0,,,,,,,,,,2,,0,North Andover,MA,1,29,,,,-5.0,"18,28","29,33",,,,,
ncaab:401371474,ncaab,2022-01-15T20:00Z,final,2534,2617,Sam Houston,SF Austin,49,41,,,,0,,,,,,,,,,2,,0,Huntsville,TX,1,113,,,,-6.0,"25,24","12,29",,,,,
ncaab:401373290,ncaab,2022-01-15T20:00Z,final,2630,2635,UT Martin,Tennessee Tech,70,76,,,,0,,,,,,,,,,2,,0,Martin,TN,1,124,,,,-6.0,"42,28","36,40",,,,,
ncaab:401364866,ncaab,2022-01-15T20:30Z,final,142,245,Missouri,Texas A&M,64,67,175,-220,,0,,,5.0,-109,-112,,,,,2,,0,Columbia,MO,1,215,,,,-6.0,"34,30","24,43",130,-170,2.5,-117,-115
ncaab:401368268,ncaab,2022-01-15T20:30Z,final,325,2174,Cleveland St,Detroit Mercy,72,70,-280,225,,0,,,-6.5,-110,-110,,,,,2,,0,Cleveland,OH,1,199,,,,-5.0,"31,41","33,37",-215,165,-3.5,-110,-124
ncaab:401365434,ncaab,2022-01-15T21:00Z,final,2210,119,Elon,Towson,54,59,170,-213,,0,,,5.0,-109,-112,,,,,2,,0,Elon,NC,1,215,,,,-5.0,"31,23","26,33",130,-170,2.5,-122,-110
ncaab:401365436,ncaab,2022-01-15T21:00Z,final,2729,256,William & Mary,James Madison,91,95,540,-835,,0,,,11.5,-110,-110,,,,,2,,0,Williamsburg,VA,1,25,,,,-5.0,"45,35,11","35,45,15",235,-330,6.5,-115,-117
ncaab:401368376,ncaab,2022-01-15T21:00Z,final,2628,201,TCU,Oklahoma,59,58,-105,-118,,0,,,1.0,-114,-107,,,,,2,,0,Fort Worth,TX,1,199,,,,-6.0,"27,23,9","29,21,8",-105,-125,0.5,-114,-119
ncaab:401369250,ncaab,2022-01-15T21:00Z,final,2110,2453,C Arkansas,North Alabama,89,88,,,,0,,,,,,,,,,2,,0,Conway,AR,1,95,,,,-6.0,"29,47,13","39,37,12",,,,,
ncaab:401369255,ncaab,2022-01-15T21:00Z,final,56,338,Stetson,Kennesaw St,49,77,-115,-114,,0,,,-1.0,-112,-110,,,,,2,,0,DeLand,FL,1,12,,,,-5.0,"35,14","38,39",,,-0.5,-110,-125
ncaab:401369650,ncaab,2022-01-15T21:00Z,final,399,2885,UAlbany,NJIT,71,56,,,,0,,,,,,,,,,2,,0,Albany,NY,1,45,,,,-5.0,"31,40","18,38",,,,,
ncaab:401369990,ncaab,2022-01-15T21:00Z,final,221,97,Pitt,Louisville,65,53,165,-210,,0,,,4.5,-110,-112,,,,,2,,0,Pittsburgh,PA,1,233,,,,-5.0,"28,37","24,29",125,-160,2.5,-122,-110
ncaab:401371149,ncaab,2022-01-15T21:00Z,final,2541,2250,Santa Clara,Gonzaga,83,115,1000,-2100,,0,,,16.5,-110,-110,,,,,2,,0,Santa Clara,CA,1,23,,,,-8.0,"41,42","60,55",450,-625,9.5,-118,-109
ncaab:401371473,ncaab,2022-01-15T21:00Z,final,2320,2130,Lamar,Chicago St,56,67,-360,275,,0,,,-7.5,-110,-110,,,,,2,,0,Beaumont,TX,1,5,,,,-6.0,"41,15","34,33",-260,190,-4.0,-124,-110
ncaab:401371476,ncaab,2022-01-15T21:00Z,final,2547,3101,Seattle U,Utah Tech,79,68,-770,525,,0,,,-11.5,-110,-110,,,,,2,,0,Seattle,WA,1,56,,,,-8.0,"44,35","26,42",-360,250,-6.0,-115,-115
ncaab:401372579,ncaab,2022-01-15T21:00Z,void,2458,2464,N Colorado,N Arizona,,,,,,0,,,,,,,,,,2,,0,Greeley,CO,1,1425,,,,-7.0,,,,,,,
ncaab:401372692,ncaab,2022-01-15T21:00Z,final,5,2226,UAB,FAU,76,65,,,,0,,,,,,,,,,2,,0,Birmingham,AL,1,187,,,,-6.0,"31,45","31,34",,,,,
ncaab:401372769,ncaab,2022-01-15T21:00Z,final,98,249,Western KY,North Texas,60,65,-148,120,,0,,,-2.5,-112,-109,,,,,2,,0,Bowling Green,KY,1,161,,,,-6.0,"30,30","37,28",-130,-100,-1.0,-117,-115
ncaab:401373118,ncaab,2022-01-15T21:00Z,final,2016,2640,Alcorn St,Texas Southern,73,72,116,-138,,0,,,2.5,-109,-112,,,,,2,,0,Lorman,MS,1,66,,,,-6.0,"46,27","32,40",-100,-130,1.0,-115,-115
ncaab:401373679,ncaab,2022-01-15T21:00Z,final,2934,27,Bakersfield,UC Riverside,64,65,120,-148,,0,,,2.5,-109,-112,,,,,2,,0,Bakersfield,CA,1,123,,,,-8.0,"28,36","27,38",105,-135,1.5,-121,-112
ncaab:401373777,ncaab,2022-01-15T21:00Z,final,2415,2154,Morgan St,Coppin St,76,79,-127,104,,0,,,-1.5,-113,-108,,,,,2,,0,Baltimore,MD,1,10,,,,-5.0,"42,34","32,47",-125,-105,-0.5,-114,-119
ncaab:401377413,ncaab,2022-01-15T21:00Z,final,265,25,Washington St,California,65,57,-530,375,,0,,,-9.5,-110,-110,,,,,2,,0,Pullman,WA,1,717,,,,-8.0,"27,38","29,28",-320,225,-5.5,-115,-117
ncaab:401377715,ncaab,2022-01-15T21:00Z,final,151,235,East Carolina,Memphis,72,71,230,-303,,0,,,6.5,-115,-110,,,,,2,,0,Greenville,NC,1,18,,,,-5.0,"30,42","44,27",175,-240,4.0,-119,-114
ncaab:401380991,ncaab,2022-01-15T21:00Z,void,2569,2428,SC State,NC Central,,,,,,0,,,,,,,,,,2,,0,Orangeburg,SC,1,74,,,,-5.0,,,,,,,
ncaab:401381669,ncaab,2022-01-15T21:00Z,final,47,2450,Howard,Norfolk St,74,77,-167,138,,0,,,-3.5,-110,-110,,,,,2,,0,Washington,DC,1,7,,,,-5.0,"32,42","38,39",-145,115,-1.5,-117,-115
ncaab:401365109,ncaab,2022-01-15T21:30Z,final,2459,2199,N Illinois,E Michigan,77,70,,,,0,,,,,,,,,,2,,0,Dekalb,IL,1,268,,,,-6.0,"39,38","32,38",,,,,
ncaab:401365113,ncaab,2022-01-15T21:30Z,void,2117,195,C Michigan,Ohio,,,,,,0,,,,,,,,,,2,,0,Mount Pleasant,MI,1,235,,,,-5.0,,,,,,,
ncaab:401365793,ncaab,2022-01-15T21:30Z,final,113,227,UMass,Rhode Island,68,81,,,,0,,,,,,,,,,2,,0,Amherst,MA,1,82,,,,-5.0,"29,39","43,38",,,,,
ncaab:401370047,ncaab,2022-01-15T21:30Z,final,258,154,Virginia,Wake Forest,55,63,-182,143,,0,,,-3.5,-115,-109,,,,,2,,0,Charlottesville,VA,1,142,,,,-5.0,"29,26","27,36",-170,130,-2.0,-117,-115
ncaab:401371643,ncaab,2022-01-15T21:30Z,final,357,2916,Texas A&M-CC,Incarnate Word,80,64,-1533,836,,0,,,-15.0,-110,-115,,,,,2,,0,Corpus Christi,TX,1,2,,,,-6.0,"32,48","24,40",-470,320,-8.5,-116,-116
ncaab:401373054,ncaab,2022-01-15T21:30Z,void,2169,2379,Delaware St,MD Eastern,,,,,,0,,,,,,,,,,2,,0,Dover,DE,1,9,,,,-5.0,,,,,,,
ncaab:401373279,ncaab,2022-01-15T21:30Z,void,2565,2546,SIUE,SE Missouri,,,,,,0,,,,,,,,,,2,,0,Edwardsville,IL,1,165,,,,-6.0,,,,,,,
ncaab:401364734,ncaab,2022-01-15T22:00Z,final,2005,2440,Air Force,Nevada,68,75,330,-435,,0,,,8.5,-112,-110,,,,,2,,0,Colorado Springs,CO,1,1832,,,,-7.0,"27,41","34,41",200,-280,4.5,-116,-116
ncaab:401365111,ncaab,2022-01-15T22:00Z,final,189,2649,Bowling Green,Toledo,78,91,140,-178,,0,,,3.5,-108,-115,,,,,2,,0,Bowling Green,OH,1,212,,,,-5.0,"47,31","48,43",115,-145,1.5,-117,-115
ncaab:401365665,ncaab,2022-01-15T22:00Z,final,233,2437,South Dakota,Omaha,105,70,-410,315,,0,,,-8.5,-110,-110,,,,,2,,0,Vermillion,SD,1,374,,,,-6.0,"57,48","33,37",-315,220,-4.5,-117,-109
ncaab:401367360,ncaab,2022-01-15T22:00Z,final,2674,2623,Valparaiso,Missouri St,57,74,147,-178,,0,,,4.0,-109,-111,,,,,2,,0,Valparaiso,IN,1,242,,,,-6.0,"26,31","34,40",128,-175,2.0,-112,-116
ncaab:401367453,ncaab,2022-01-15T22:00Z,void,2653,2247,Troy,Georgia St,,,,,,0,,,,,,,,,,2,,0,Troy,AL,1,165,,,,-6.0,,,,,,,
ncaab:401367455,ncaab,2022-01-15T22:00Z,final,326,309,Texas St,Louisiana,72,68,-220,175,,0,,,-5.0,-108,-112,,,,,2,,0,San Marcos,TX,1,188,,,,-6.0,"32,40","32,36",-195,143,-2.5,-115,-114
ncaab:401367457,ncaab,2022-01-15T22:00Z,void,2031,2032,Little Rock,Arkansas St,,,,,,0,,,,,,,,,,2,,0,Little Rock,AR,1,102,,,,-6.0,,,,,,,
ncaab:401368373,ncaab,2022-01-15T22:00Z,final,239,197,Baylor,Oklahoma St,54,61,-1658,850,,0,,,-14.5,-109,-113,,,,,2,,0,Waco,TX,1,143,,,,-6.0,"22,32","34,27",-560,370,-8.0,-114,-112
ncaab:401369253,ncaab,2022-01-15T22:00Z,final,288,91,Lipscomb,Bellarmine,71,77,-121,-103,,0,,,-1.5,-111,-113,,,,,2,,0,Nashville,TN,1,170,,,,-6.0,"37,34","34,43",,,-0.5,-115,-115
ncaab:401369254,ncaab,2022-01-15T22:00Z,final,2454,294,North Florida,Jacksonville,51,54,118,-143,,0,,,2.5,-110,-110,,,,,2,,0,Jacksonville,FL,1,5,,,,-5.0,"24,27","21,33",106,-141,1.0,-114,-113
ncaab:401371640,ncaab,2022-01-15T22:00Z,final,2377,2277,McNeese,Hou Christian,78,75,,,,0,,,,,,,,,,2,,0,Lake Charles,LA,1,4,,,,-6.0,"39,39","37,38",,,,,
ncaab:401371642,ncaab,2022-01-15T22:00Z,final,2545,2466,SE Louisiana,N'Western St,79,74,,,,0,,,,,,,,,,2,,0,Hammond,LA,1,13,,,,-6.0,"40,39","40,34",,,,,
ncaab:401372612,ncaab,2022-01-15T22:00Z,final,16,2502,Sacramento St,Portland St,62,67,-160,135,,0,,,-3.5,-115,-110,,,,,2,,0,Sacramento,CA,1,9,,,,-8.0,"27,35","32,35",-152,114,-1.5,-109,-117
ncaab:401373200,ncaab,2022-01-15T22:00Z,void,2046,2197,Austin Peay,E Illinois,,,,,,0,,,,,,,,,,2,,0,Clarksville,TN,1,145,,,,-6.0,,,,,,,
ncaab:401373264,ncaab,2022-01-15T22:00Z,final,2057,93,Belmont,Murray St,60,82,-252,202,,0,,,-5.5,-100,-118,,,,,2,,0,Nashville,TN,1,170,,,,-6.0,"35,25","48,34",-230,170,-3.5,-112,-121
ncaab:401381767,ncaab,2022-01-15T22:00Z,final,2400,2065,Miss Valley St,Bethune,60,62,,,,0,,,,,,,,,,2,,0,Itta Bena,MS,1,40,,,,-6.0,"33,27","31,31",,,,,
ncaab:401364737,ncaab,2022-01-15T22:30Z,final,167,68,New Mexico,Boise St,63,71,325,-435,,0,,,8.5,-110,-110,,,,,2,,0,Albuquerque,NM,1,1511,,,,-7.0,"22,41","32,39",220,-315,4.5,-109,-117
ncaab:401367454,ncaab,2022-01-15T22:30Z,final,6,290,South Alabama,GA Southern,73,67,,,,0,,,,,,,,,,2,,0,Mobile,AL,1,3,,,,-6.0,"33,40","20,47",,,,,
ncaab:401370715,ncaab,2022-01-15T22:30Z,final,2127,2737,Charleston So,Winthrop,65,70,850,-1667,,0,,,14.5,-109,-110,,,,,2,,0,Charleston,SC,1,6,,,,-5.0,"33,32","33,37",350,-530,7.5,-112,-115
ncaab:401370717,ncaab,2022-01-15T22:30Z,void,2261,2506,Hampton,Presbyterian,,,,,,0,,,,,,,,,,2,,0,Hampton,VA,1,1,,,,-5.0,,,,,,,
ncaab:401371641,ncaab,2022-01-15T22:30Z,final,2443,2447,LSU N Orleans,Nicholls,78,66,,,,0,,,,,,,,,,2,,0,New Orleans,LA,1,0,,,,-6.0,"37,41","32,34",,,,,
ncaab:401381758,ncaab,2022-01-15T22:30Z,final,2011,2010,Alabama St,Alabama A&M,59,55,-175,144,,0,,,-3.5,-113,-106,,,,,2,,0,Montgomery,AL,1,73,,,,-6.0,"30,29","22,33",-162,120,-1.5,-115,-110
ncaab:401364735,ncaab,2022-01-15T23:00Z,final,23,36,San José St,Colorado St,42,78,590,-974,,0,,,12.5,-110,-112,,,,,2,,0,San Jose,CA,1,26,,,,-8.0,"17,25","35,43",245,-350,7.0,-121,-112
ncaab:401364867,ncaab,2022-01-15T23:00Z,final,344,333,Mississippi St,Alabama,78,76,-124,104,,0,,,-1.5,-110,-112,,,,,2,,0,Starkville,MS,1,101,,,,-6.0,"37,41","41,35",-127,-106,-0.5,-112,-114
ncaab:401364870,ncaab,2022-01-15T23:00Z,final,61,238,Georgia,Vanderbilt,66,73,177,-227,,0,,,5.0,-112,-114,,,,,2,,0,Athens,GA,1,228,,,,-5.0,"36,30","28,45",143,-195,2.5,-114,-114
ncaab:401370029,ncaab,2022-01-15T23:00Z,final,259,87,Virginia Tech,Notre Dame,79,73,-295,235,,0,,,-6.5,-110,-110,,,,,2,,0,Blacksburg,VA,1,633,,,,-5.0,"32,47","40,33",-245,175,-3.5,-112,-116
ncaab:401371475,ncaab,2022-01-15T23:00Z,final,166,2000,New Mexico St,Abilene Chrstn,77,63,-387,300,,0,,,-8.5,-112,-108,,,,,2,,0,Las Cruces,NM,1,1191,,,,-7.0,"28,49","24,39",-295,210,-4.5,-112,-115
ncaab:401372535,ncaab,2022-01-15T23:00Z,void,147,253,Montana St,Southern Utah,,,,,,0,,,,,,,,,,2,,0,Bozeman,MT,1,1468,,,,-7.0,,,,,,,
ncaab:401372759,ncaab,2022-01-15T23:00Z,final,2393,2229,MTSU,FIU,50,39,,,,0,,,,,,,,,,2,,0,Murfreesboro,TN,1,186,,,,-6.0,"25,25","20,19",,,,,
ncaab:401377414,ncaab,2022-01-15T23:00Z,final,264,24,Washington,Stanford,67,64,-115,-105,,0,,,-1.0,-109,-112,,,,,2,,0,Seattle,WA,1,56,,,,-8.0,"43,24","25,39",-120,-112,-0.5,-116,-112
ncaab:401369649,ncaab,2022-01-15T23:30Z,void,2619,160,Stony Brook,New Hampshire,,,,,,0,,,,,,,,,,2,,0,Stony Brook,NY,1,27,,,,-5.0,,,,,,,
ncaab:401369935,ncaab,2022-01-15T23:30Z,final,228,103,Clemson,Boston College,68,70,-600,425,,0,,,-10.0,-110,-110,,,,,2,,0,Clemson,SC,1,221,,,,-5.0,"39,29","32,38",-400,265,-5.5,-117,-111
ncaab:401373141,ncaab,2022-01-15T23:30Z,final,2029,50,AR-Pine Bluff,Florida A&M,66,71,,,,0,,,,,,,,,,2,,0,Pine Bluff,AR,1,67,,,,-6.0,"28,35,3","27,36,8",,,,,
ncaab:401373162,ncaab,2022-01-15T23:30Z,final,2755,2582,Grambling,Southern,83,77,125,-150,,0,,,3.0,-108,-112,,,,,2,,0,Grambling,LA,1,93,,,,-6.0,"43,40","44,33",114,-152,1.5,-117,-109
ncaab:401373178,ncaab,2022-01-15T23:30Z,final,2296,2504,Jackson St,Prairie View,73,63,-190,155,,0,,,-4.0,-100,-120,,,,,2,,0,Jackson,MS,1,85,,,,-6.0,"34,39","37,26",-175,128,-2.0,-116,-112
ncaab:401367358,ncaab,2022-01-16T00:00Z,final,282,2350,Indiana St,Loyola Chicago,56,64,277,-360,,0,,,8.0,-110,-110,,,,,2,,0,Terre Haute,IN,1,152,,,,-5.0,"33,23","30,34",195,-270,4.5,-120,-109
ncaab:401368271,ncaab,2022-01-16T00:00Z,final,2739,82,Green Bay,UIC,63,80,-105,-118,,0,,,1.0,-110,-110,,,,,2,,0,Ashwaubenon,WI,1,185,,,,-6.0,"25,38","36,44",-112,-120,0.5,-114,-113
ncaab:401368272,ncaab,2022-01-16T00:00Z,final,2523,94,Robert Morris,N Kentucky,74,64,120,-143,,0,,,2.5,-109,-112,,,,,2,,0,Moon Township,PA,1,358,,,,-5.0,"35,39","28,36",107,-141,1.0,-113,-113
ncaab:401368273,ncaab,2022-01-16T00:00Z,final,2754,2750,Youngstown St,Wright St,90,87,-142,118,,0,,,-2.5,-112,-109,,,,,2,,0,Youngstown,OH,1,259,,,,-5.0,"40,50","46,41",-141,106,-1.0,-113,-113
ncaab:401369251,ncaab,2022-01-16T00:00Z,final,2198,55,E Kentucky,Jax State,65,76,,,,0,,,,,,,,,,2,,0,Richmond,KY,1,289,,,,-5.0,"34,31","36,40",,,,,
ncaab:401369252,ncaab,2022-01-16T00:00Z,final,526,2335,FGCU,Liberty,75,78,,,,0,,,,,,,,,,2,,0,Fort Myers,FL,1,3,,,,-5.0,"40,35","31,47",,,,,
ncaab:401370718,ncaab,2022-01-16T00:00Z,final,2272,2448,High Point,NC A&T,78,71,,,,0,,,,,,,,,,2,,0,High Point,NC,1,281,,,,-5.0,"42,36","33,38",,,,,
ncaab:401372734,ncaab,2022-01-16T00:00Z,final,276,242,Marshall,Rice,77,87,-220,177,,0,,,-5.0,-109,-111,,,,,2,,0,Huntington,WV,1,173,,,,-5.0,"31,46","44,43",-195,143,-2.5,-114,-114
ncaab:401372783,ncaab,2022-01-16T00:00Z,final,295,2638,Old Dominion,UTEP,70,78,-205,165,,0,,,-4.5,-113,-108,,,,,2,,0,Norfolk,VA,1,2,,,,-5.0,"26,37,7","26,37,15",-186,138,-2.0,-121,-106
ncaab:401373678,ncaab,2022-01-16T00:00Z,final,299,2463,Long Beach St,CSU Northridge,71,55,,,,0,,,,,,,,,,2,,0,Long Beach,CA,1,9,,,,-8.0,"30,41","29,26",,,,,
ncaab:401377718,ncaab,2022-01-16T00:00Z,final,58,2116,South Florida,UCF,75,51,310,-400,,0,,,8.0,-110,-110,,,,,2,,0,Tampa,FL,1,1,,,,-5.0,"35,40","26,25",210,-295,4.5,-117,-110
ncaab:401371221,ncaab,2022-01-16T00:30Z,void,2608,279,Saint Mary's,Pacific,,,,,,0,,,,,,,,,,2,,0,Moraga,CA,1,152,,,,-8.0,,,,,,,
ncaab:401365664,ncaab,2022-01-16T01:00Z,final,140,198,Kansas City,Oral Roberts,72,84,165,-205,,0,,,4.5,-108,-112,,,,,2,,0,Kansas City,MO,1,274,,,,-6.0,"32,40","36,48",135,-182,2.5,-114,-114
ncaab:401367359,ncaab,2022-01-16T01:00Z,final,79,2460,S Illinois,Northern Iowa,68,69,,,,0,,,,,,,,,,2,,0,Carbondale,IL,1,126,,,,-6.0,"26,42","36,33",,,,,
ncaab:401369954,ncaab,2022-01-16T01:00Z,final,153,59,North Carolina,Georgia Tech,88,65,-930,585,,0,,,-12.5,-110,-109,,,,,2,,0,Chapel Hill,NC,1,148,,,,-5.0,"42,46","26,39",-435,330,-7.0,-116,-111
ncaab:401371220,ncaab,2022-01-16T01:00Z,final,2492,2501,Pepperdine,Portland,63,82,-278,220,,0,,,-6.5,-106,-114,,,,,2,,0,Malibu,CA,1,32,,,,-8.0,"32,31","43,39",-230,165,-3.5,-109,-118
ncaab:401372421,ncaab,2022-01-16T01:00Z,void,2692,331,Weber St,E Washington,,,,,,0,,,,,,,,,,2,,0,Ogden,UT,1,1311,,,,-7.0,,,,,,,
ncaab:401372446,ncaab,2022-01-16T01:00Z,final,304,70,Idaho St,Idaho,81,74,-164,136,,0,,,-3.5,-110,-110,,,,,2,,0,Pocatello,ID,1,1360,,,,-7.0,"35,46","34,40",-152,114,-1.5,-112,-116
ncaab:401377415,ncaab,2022-01-16T01:00Z,final,12,254,Arizona,Utah,82,64,-2860,1200,,0,,,-19.0,-110,-109,,,,,2,,0,Tucson,AZ,1,759,,,,-7.0,"34,48","31,33",-770,600,-11.0,-116,-112
ncaab:401377716,ncaab,2022-01-16T01:00Z,final,202,248,Tulsa,Houston,64,66,520,-825,,0,,,11.5,-110,-110,,,,,2,,0,Tulsa,OK,1,220,,,,-6.0,"21,43","38,28",300,-435,6.5,-114,-113
ncaab:401364868,ncaab,2022-01-16T01:30Z,final,145,2,Ole Miss,Auburn,71,80,270,-357,,0,,,7.5,-110,-110,,,,,2,,0,Oxford,MS,1,154,,,,-6.0,"44,27","38,42",180,-265,4.0,-111,-119
ncaab:401364736,ncaab,2022-01-16T02:00Z,final,328,2751,Utah State,Wyoming,69,71,-245,195,,0,,,-5.5,-110,-110,,,,,2,,0,Logan,UT,1,1382,,,,-7.0,"31,38","31,40",-210,155,-3.0,-112,-116
ncaab:401371222,ncaab,2022-01-16T02:00Z,final,301,2351,San Diego,LMU,70,65,,,,0,,,,,,,,,,2,,0,San Diego,CA,1,20,,,,-8.0,"34,36","29,36",,,,,
ncaab:401371477,ncaab,2022-01-16T02:00Z,final,2253,2627,Grand Canyon,Tarleton St,80,59,-485,360,,0,,,-9.0,-110,-110,,,,,2,,0,Phoenix,AZ,1,331,,,,-7.0,"44,36","22,37",-345,240,-5.0,-113,-114
ncaab:401373680,ncaab,2022-01-16T02:00Z,final,2239,2540,Fullerton,Santa Barbara,79,73,-130,110,,0,,,-2.0,-110,-110,,,,,2,,0,Fullerton,CA,1,50,,,,-8.0,"39,40","39,34",-127,-106,-0.5,-111,-119
ncaab:401371478,ncaab,2022-01-16T03:00Z,final,2856,3084,CA Baptist,Utah Valley,75,73,,,,0,,,,,,,,,,2,,0,Riverside,CA,1,252,,,,-8.0,"35,40","35,38",,,,,
ncaab:401373676,ncaab,2022-01-16T03:00Z,final,13,302,Cal Poly,UC Davis,82,74,185,-230,,0,,,5.5,-110,-115,,,,,2,,0,San Luis Obispo,CA,1,71,,,,-8.0,"37,45","27,47",145,-200,2.5,-114,-114
ncaab:401377416,ncaab,2022-01-16T03:00Z,final,9,38,Arizona St,Colorado,57,75,-105,-115,,0,,,1.0,-112,-109,,,,,2,,0,Tempe,AZ,1,360,,,,-7.0,"34,23","37,38",-112,-120,-0.5,-107,-121
ncaab:401377417,ncaab,2022-01-16T03:30Z,final,26,204,UCLA,Oregon St,81,65,-2049,1000,,0,,,-16.0,-110,-109,,,,,2,,0,Los Angeles,CA,1,89,,,,-8.0,"43,38","35,30",-590,400,-9.0,-113,-114
ncaab:401371181,ncaab,2022-01-16T04:00Z,final,2539,252,San Francisco,BYU,69,71,-182,150,,0,,,-4.0,-109,-112,,,,,2,,0,San Francisco,CA,1,16,,,,-8.0,"28,41","27,44",-167,125,-2.0,-109,-117
ncaab:401377418,ncaab,2022-01-16T04:00Z,final,30,2483,USC,Oregon,69,79,-265,205,,0,,,-6.0,-107,-113,,,,,2,,0,Los Angeles,CA,1,89,,,,-8.0,"29,40","45,34",-195,160,-3.0,-114,-113
ncaab:401373677,ncaab,2022-01-16T04:59Z,final,62,28,Hawai'i,UC San Diego,79,56,,,,0,,,,,,,,,,2,,0,Honolulu,HI,1,5,,,,-10.0,"41,38","18,38",,,,,
ncaab:401364385,ncaab,2022-01-16T17:00Z,final,194,213,Ohio State,Penn State,61,56,-625,450,,0,,,-10.5,-109,-112,,,,,2,,0,Columbus,OH,1,235,,,,-5.0,"27,34","22,34",-345,270,-5.5,-113,-113
ncaab:401373550,ncaab,2022-01-16T17:00Z,final,222,2086,Villanova,Butler,82,42,-1800,900,,0,,,-15.0,-114,-106,,,,,2,,0,Philadelphia,PA,1,12,,,,-5.0,"39,43","23,19",-530,360,-8.5,-117,-111
ncaab:401365333,ncaab,2022-01-16T18:00Z,final,314,315,Iona,Niagara,78,55,-530,390,,0,,,-9.5,-110,-110,,,,,2,,0,New Rochelle,NY,1,26,,,,-5.0,"36,42","26,29",-335,225,-5.5,-111,-118
ncaab:401369652,ncaab,2022-01-16T18:00Z,final,311,2066,Maine,Binghamton,65,73,120,-148,,0,,,2.5,-110,-110,,,,,2,,0,Bangor,ME,1,36,,,,-5.0,"37,28","42,31",107,-143,1.0,-113,-113
ncaab:401373097,ncaab,2022-01-16T18:00Z,final,104,2426,Boston U,Navy,65,72,104,-120,,0,,,1.5,-109,-110,,,,,2,,0,Boston,MA,1,14,,,,-5.0,"32,33","30,42",-114,-117,0.0,-109,-117
ncaab:401377719,ncaab,2022-01-16T18:00Z,final,2724,2132,Wichita St,Cincinnati,57,61,-164,130,,0,,,-3.0,-110,-110,,,,,2,,0,Wichita,KS,1,396,,,,-6.0,"31,26","28,33",-167,125,-2.0,-112,-117
ncaab:401364384,ncaab,2022-01-16T19:00Z,final,135,2294,Minnesota,Iowa,71,81,260,-345,,0,,,7.5,-110,-110,,,,,2,,0,Minneapolis,MN,1,253,,,,-6.0,"27,44","43,38",188,-235,4.0,-118,-109
ncaab:401365334,ncaab,2022-01-16T19:00Z,final,2520,2612,Rider,Saint Peter's,51,58,,,,0,,,,,,,,,,2,,0,Lawrenceville,NJ,1,37,,,,-5.0,"21,30","35,23",,,,,
ncaab:401365335,ncaab,2022-01-16T19:00Z,final,2363,2099,Manhattan,Canisius,80,75,-210,170,,0,,,-4.5,-112,-108,,,,,2,,0,Riverdale,NY,1,159,,,,-8.0,"41,39","28,47",-200,150,-2.5,-116,-111
ncaab:401365336,ncaab,2022-01-16T19:00Z,final,2514,2217,Quinnipiac,Fairfield,72,66,-125,104,,0,,,-1.5,-110,-110,,,,,2,,0,Hamden,CT,1,31,,,,-5.0,"36,36","28,38",-127,-106,-0.5,-115,-114
ncaab:401365337,ncaab,2022-01-16T19:00Z,final,2368,2405,Marist,Monmouth,84,48,180,-225,,0,,,5.0,-109,-112,,,,,2,,0,Poughkeepsie,NY,1,62,,,,-5.0,"46,38","22,26",130,-177,2.0,-113,-114
ncaab:401373341,ncaab,2022-01-16T19:00Z,final,44,2083,American,Bucknell,63,55,-110,-110,,0,,,-1.0,-109,-112,,,,,2,,0,Washington,DC,1,7,,,,-5.0,"26,37","23,32",-120,-112,-0.5,-113,-117
ncaab:401385998,ncaab,2022-01-16T19:00Z,final,322,349,Lafayette,Army,68,54,130,-157,,0,,,2.5,-115,-110,,,,,2,,0,Easton,PA,1,97,,,,-5.0,"23,45","26,28",114,-150,1.5,-117,-109
ncaab:401372713,ncaab,2022-01-16T20:00Z,final,2572,2348,Southern Miss,Louisiana Tech,62,76,720,-1200,,0,,,13.5,-107,-113,,,,,2,,0,Hattiesburg,MS,1,52,,,,-6.0,"26,36","30,46",290,-455,7.0,-109,-117
ncaab:401373549,ncaab,2022-01-16T21:30Z,final,2599,46,St John's,Georgetown,88,69,,,,0,,,,,,,,,,2,,0,New York,NY,1,10,,,,-5.0,"43,45","32,37",,,,,
ncaab:401376562,ncaab,2022-01-16T23:00Z,final,2329,2352,Lehigh,Loyola MD,57,69,110,-134,,0,,,2.0,-109,-112,,,,,2,,0,Bethlehem,PA,1,109,,,,-5.0,"33,24","23,46",100,-134,0.5,-109,-118
ncaab:401381717,ncaab,2022-01-16T23:00Z,void,2142,107,Colgate,Holy Cross,,,,,,0,,,,,,,,,,2,,0,Hamilton,NY,1,181,,,,-5.0,,,,,,,
ncaab:401367361,ncaab,2022-01-17T01:00Z,final,2287,71,Illinois St,Bradley,74,65,110,-139,,0,,,2.0,-112,-108,,,,,2,,0,Normal,IL,1,244,,,,-6.0,"26,48","40,25",102,-121,0.5,-110,-115
ncaab:401364387,ncaab,2022-01-17T17:00Z,final,356,2509,Illinois,Purdue,88,96,-128,105,,0,,,-1.5,-115,-109,,,,,2,,0,Champaign,IL,1,225,,,,-6.0,"26,43,9,10","37,32,9,18",-120,105,-0.5,-111,-119
ncaab:401365794,ncaab,2022-01-17T19:00Z,final,45,2244,G Washington,George Mason,77,76,,,,0,,,,,,,,,,2,,0,Washington,DC,1,7,,,,-5.0,"35,42","31,45",,,,,
ncaab:401369737,ncaab,2022-01-17T19:00Z,void,172,171,Cornell,Columbia,,,,,,0,,,,,,,,,,2,,0,Ithaca,NY,1,125,,,,-5.0,,,,,,,
ncaab:401399068,ncaab,2022-01-17T19:00Z,final,2634,2635,Tennessee St,Tennessee Tech,80,64,104,-120,,0,,,1.5,-109,-110,,,,,2,,0,Nashville,TN,1,170,,,,-6.0,"44,36","36,28",-112,-120,0.0,-109,-117
ncaab:401369971,ncaab,2022-01-17T19:30Z,final,47,87,Howard,Notre Dame,68,71,470,-714,,0,,,11.0,-107,-113,,,,,2,,0,Washington,DC,1,7,,,,-5.0,"30,38","31,40",245,-315,5.5,-106,-124
ncaab:401370850,ncaab,2022-01-17T20:00Z,final,2771,116,Merrimack,Mount St Marys,50,57,-156,130,,0,,,-3.0,-112,-107,,,,,2,,0,North Andover,MA,1,29,,,,-5.0,"30,20","31,26",-162,120,-1.5,-116,-112
ncaab:401370877,ncaab,2022-01-17T20:00Z,final,2597,112358,St Francis BK,Long Island,65,80,,,,0,,,,,,,,,,2,,0,Brooklyn,NY,1,15,,,,-5.0,"33,32","40,40",,,,,
ncaab:401365441,ncaab,2022-01-17T21:00Z,final,2210,256,Elon,James Madison,90,67,130,-160,,0,,,3.0,-110,-110,,,,,2,,0,Elon,NC,1,215,,,,-5.0,"46,44","31,36",114,-152,1.5,-117,-112
ncaab:401365442,ncaab,2022-01-17T21:00Z,final,2275,2182,Hofstra,Drexel,71,68,-392,297,,0,,,-8.0,-110,-110,,,,,2,,0,Hempstead,NY,1,17,,,,-5.0,"31,40","31,37",-286,205,-4.5,-110,-117
ncaab:401365795,ncaab,2022-01-17T21:00Z,final,2603,2325,Saint Joseph's,La Salle,64,75,-300,230,,0,,,-6.5,-110,-110,,,,,2,,0,Philadelphia,PA,1,12,,,,-5.0,"33,31","24,51",-265,190,-4.0,-115,-116
ncaab:401369739,ncaab,2022-01-17T21:00Z,final,163,219,Princeton,Penn,74,64,-175,140,,0,,,-4.5,-112,-108,,,,,2,,0,Princeton,NJ,1,62,,,,-5.0,"34,40","28,36",-180,132,-2.0,-115,-110
ncaab:401402013,ncaab,2022-01-17T21:00Z,final,2379,2450,MD Eastern,Norfolk St,58,72,,,,0,,,,,,,,,,2,,0,Princess Anne,MD,1,5,,,,-5.0,"34,24","34,38",,,,,
ncaab:401402800,ncaab,2022-01-17T21:00Z,final,2619,2378,Stony Brook,UMBC,65,51,-175,140,,0,,,-3.5,-112,-108,,,,,2,,0,Stony Brook,NY,1,27,,,,-5.0,"29,36","26,25",-159,120,-1.5,-115,-110
ncaab:401404466,ncaab,2022-01-17T21:00Z,final,2226,2429,FAU,Charlotte,96,67,,,,0,,,,,,,,,,2,,0,Boca Raton,FL,1,4,,,,-5.0,"49,47","35,32",,,,,
ncaab:401405168,ncaab,2022-01-17T21:00Z,final,9,254,Arizona St,Utah,64,62,-134,110,,0,,,-2.0,-112,-109,,,,,2,,0,Tempe,AZ,1,360,,,,-7.0,"26,38","28,34",-134,100,-0.5,-118,-109
ncaab:401402042,ncaab,2022-01-17T21:30Z,final,2197,93,E Illinois,Murray St,46,72,,,,0,,,,,,,,,,2,,0,Charleston,IL,1,204,,,,-6.0,"24,22","33,39",,,,,
ncaab:401369740,ncaab,2022-01-17T22:00Z,final,225,43,Brown,Yale,63,66,-124,102,,0,,,-1.5,-110,-109,,,,,2,,0,Providence,RI,1,2,,,,-5.0,"32,31","35,31",-120,-112,-0.5,-113,-114
ncaab:401364386,ncaab,2022-01-17T23:00Z,final,158,84,Nebraska,Indiana,71,78,315,-420,,0,,,8.5,-109,-110,,,,,2,,0,Lincoln,NE,1,367,,,,-6.0,"39,32","45,33",210,-275,4.5,-109,-117
ncaab:401378654,ncaab,2022-01-17T23:00Z,final,2296,2640,Jackson St,Texas Southern,61,58,-105,-115,,0,,,1.0,-108,-112,,,,,2,,0,Jackson,MS,1,85,,,,-6.0,"25,36","30,28",-112,-120,0.5,-117,-113
ncaab:401365438,ncaab,2022-01-18T00:00Z,final,2729,119,William & Mary,Towson,69,91,450,-667,,0,,,10.5,-110,-110,,,,,2,,0,Williamsburg,VA,1,25,,,,-5.0,"36,33","47,44",255,-375,5.5,-117,-109
ncaab:401365439,ncaab,2022-01-18T00:00Z,final,111,48,Northeastern,Delaware,76,82,115,-140,,0,,,2.5,-109,-112,,,,,2,,0,Boston,MA,1,14,,,,-5.0,"29,40,7","39,30,13",-106,-127,0.5,-116,-112
ncaab:401365440,ncaab,2022-01-18T00:00Z,final,232,350,Charleston,UNC Wilmington,78,86,-385,295,,0,,,-8.0,-110,-110,,,,,2,,0,Charleston,SC,1,6,,,,-5.0,"34,44","36,50",-286,205,-4.5,-110,-117
ncaab:401369260,ncaab,2022-01-18T00:00Z,final,2454,338,North Florida,Kennesaw St,60,62,115,-139,,0,,,1.5,-103,-118,,,,,2,,0,Jacksonville,FL,1,5,,,,-5.0,"34,26","28,34",105,-135,0.5,-105,-125
ncaab:401369738,ncaab,2022-01-18T00:00Z,final,159,108,Dartmouth,Harvard,59,60,106,-132,,0,,,2.0,-112,-109,,,,,2,,0,Hanover,NH,1,162,,,,-5.0,"31,28","39,21",100,-134,0.5,-111,-118
ncaab:401370809,ncaab,2022-01-18T00:00Z,final,2803,2598,Bryant,Saint Francis,82,52,,,,0,,,,,,,,,,2,,0,Smithfield,RI,1,84,,,,-5.0,"32,50","15,37",,,,,
ncaab:401370867,ncaab,2022-01-18T00:00Z,final,2529,2115,Sacred Heart,C Connecticut,74,66,,,,0,,,,,,,,,,2,,0,Fairfield,CT,1,4,,,,-8.0,"31,43","22,44",,,,,
ncaab:401370895,ncaab,2022-01-18T00:00Z,final,2681,161,Wagner,FDU,95,64,,,,0,,,,,,,,,,2,,0,Staten Island,NY,1,21,,,,-5.0,"41,54","25,39",,,,,
ncaab:401371215,ncaab,2022-01-18T00:00Z,final,2351,2501,LMU,Portland,70,58,,,,0,,,,,,,,,,2,,0,Los Angeles,CA,1,89,,,,-8.0,"31,39","28,30",,,,,
ncaab:401398631,ncaab,2022-01-18T00:00Z,final,2565,2057,SIUE,Belmont,64,80,,,,0,,,,,,,,,,2,,0,Edwardsville,IL,1,165,,,,-6.0,"32,32","46,34",,,,,
ncaab:401403752,ncaab,2022-01-18T00:00Z,final,2643,2382,The Citadel,Mercer,64,71,130,-154,,0,,,3.5,-108,-112,,,,,2,,0,Charleston,SC,1,6,,,,-5.0,"26,38","32,39",106,-141,1.5,-116,-111
ncaab:401406555,ncaab,2022-01-18T00:00Z,final,2870,2391,Purdue FW,UM Dearborn,102,59,,,,0,,,,,,,,,,2,,0,Fort Wayne,IN,1,247,,,,-5.0,"56,46","25,34",,,,,
ncaab:401371451,ncaab,2022-01-18T00:30Z,final,2617,2320,SF Austin,Lamar,86,78,,,,0,,,,,,,,,,2,,0,Nacogdoches,TX,1,92,,,,-6.0,"37,49","43,35",,,,,
ncaab:401402027,ncaab,2022-01-18T01:00Z,final,79,2181,S Illinois,Drake,59,60,,,,0,,,,,,,,,,2,,0,Carbondale,IL,1,126,,,,-6.0,"27,32","35,25",,,,,
ncaab:401402031,ncaab,2022-01-18T01:00Z,final,140,2172,Kansas City,Denver,55,63,-400,300,,0,,,-8.5,-110,-110,,,,,2,,0,Kansas City,MO,1,274,,,,-6.0,"23,32","30,33",-335,235,-5.0,-107,-124
ncaab:401402850,ncaab,2022-01-18T01:00Z,final,2464,70,N Arizona,Idaho,74,72,-225,180,,0,,,-5.0,-112,-109,,,,,2,,0,Flagstaff,AZ,1,2104,,,,-7.0,"35,39","33,39",-215,160,-3.0,-114,-112
ncaab:401403791,ncaab,2022-01-18T01:00Z,final,2440,2751,Nevada,Wyoming,67,77,-149,120,,0,,,-2.5,-100,-118,,,,,2,,0,Reno,NV,1,1373,,,,-8.0,"38,29","40,37",-141,106,-1.0,-113,-113
ncaab:401373119,ncaab,2022-01-18T01:30Z,final,2016,2504,Alcorn St,Prairie View,73,74,-183,152,,0,,,-4.0,-107,-113,,,,,2,,0,Lorman,MS,1,66,,,,-6.0,"28,45","35,39",-167,125,-2.0,-109,-117
ncaab:401373142,ncaab,2022-01-18T01:30Z,final,2400,50,Miss Valley St,Florida A&M,70,78,,,,0,,,,,,,,,,2,,0,Itta Bena,MS,1,40,,,,-6.0,"25,45","32,46",,,,,
ncaab:401376578,ncaab,2022-01-18T01:30Z,final,2029,2065,AR-Pine Bluff,Bethune,69,63,,,,0,,,,,,,,,,2,,0,Pine Bluff,AR,1,67,,,,-6.0,"34,35","21,42",,,,,
ncaab:401402643,ncaab,2022-01-18T02:00Z,final,304,2692,Idaho St,Weber St,61,78,475,-670,,0,,,10.5,-110,-110,,,,,2,,0,Pocatello,ID,1,1360,,,,-7.0,"30,31","30,48",255,-375,5.5,-117,-109
ncaab:401402851,ncaab,2022-01-18T02:00Z,final,253,2502,Southern Utah,Portland St,86,76,-667,460,,0,,,-10.5,-110,-110,,,,,2,,0,Cedar City,UT,1,1782,,,,-7.0,"39,47","39,37",-420,280,-6.0,-112,-116
ncaab:401405232,ncaab,2022-01-18T02:00Z,final,23,2439,San José St,UNLV,56,81,275,-360,,0,,,8.0,-114,-106,,,,,2,,0,San Jose,CA,1,26,,,,-8.0,"29,27","44,37",195,-275,4.0,-113,-114
ncaab:401399158,ncaab,2022-01-18T03:00Z,final,2856,2547,CA Baptist,Seattle U,85,92,,,,0,,,,,,,,,,2,,0,Riverside,CA,1,252,,,,-8.0,"41,32,12","33,40,19",,,,,
ncaab:401402997,ncaab,2022-01-18T03:00Z,void,279,2492,Pacific,Pepperdine,,,,,,0,,,,,,,,,,2,,0,Stockton,CA,1,4,,,,-8.0,,,,,,,
ncaab:401400972,ncaab,2022-01-18T19:00Z,final,2612,2099,Saint Peter's,Canisius,65,57,,,,0,,,,,,,,,,2,,0,Jersey City,NJ,1,9,,,,-5.0,"28,37","27,30",,,,,
ncaab:401368378,ncaab,2022-01-18T22:00Z,final,277,239,West Virginia,Baylor,68,77,180,-227,,0,,,5.0,-109,-112,,,,,2,,0,Morgantown,WV,1,271,,,,-5.0,"33,35","37,40",160,-195,3.0,-112,-116
ncaab:401365118,ncaab,2022-01-18T23:00Z,final,2006,2711,Akron,W Michigan,74,73,,,,0,,,,,,,,,,2,,0,Akron,OH,1,291,,,,-5.0,"41,33","44,29",,,,,
ncaab:401406794,ncaab,2022-01-18T23:00Z,final,2569,571,SC State,Morris,102,67,,,,0,,,,,,,,,,2,,0,Orangeburg,SC,1,74,,,,-5.0,"54,48","25,42",,,,,
ncaab:401364388,ncaab,2022-01-19T00:00Z,final,130,120,Michigan,Maryland,83,64,-342,262,,0,,,-7.5,-110,-110,,,,,2,,0,Ann Arbor,MI,1,269,,,,-5.0,"39,44","19,45",-250,180,-3.5,-116,-110
ncaab:401364872,ncaab,2022-01-19T00:00Z,final,145,142,Ole Miss,Missouri,53,78,-385,280,,0,,,-7.5,-110,-110,,,,,2,,0,Oxford,MS,1,154,,,,-6.0,"23,30","38,40",-315,220,-5.0,-123,-105
ncaab:401364873,ncaab,2022-01-19T00:00Z,final,8,2579,Arkansas,South Carolina,75,59,-880,500,,0,,,-12.0,-110,-109,,,,,2,,0,Fayetteville,AR,1,427,,,,-6.0,"33,42","40,19",-400,285,-7.0,-113,-113
ncaab:401365115,ncaab,2022-01-19T00:00Z,final,193,195,Miami OH,Ohio,63,86,110,-130,,0,,,2.0,-110,-110,,,,,2,,0,Oxford,OH,1,283,,,,-5.0,"27,36","45,41",-112,-120,0.5,-112,-116
ncaab:401365117,ncaab,2022-01-19T00:00Z,void,2084,2117,Buffalo,C Michigan,,,,,,0,,,,,,,,,,2,,0,Buffalo,NY,1,183,,,,-5.0,,,,,,,
ncaab:401365119,ncaab,2022-01-19T00:00Z,final,2649,2050,Toledo,Ball State,83,70,-1000,600,,0,,,-12.5,-110,-114,,,,,2,,0,Toledo,OH,1,186,,,,-5.0,"38,45","35,35",-435,300,-7.0,-116,-111
ncaab:401365120,ncaab,2022-01-19T00:00Z,final,2199,2309,E Michigan,Kent State,47,56,,,,0,,,,,,,,,,2,,0,Ypsilanti,MI,1,219,,,,-5.0,"17,30","26,30",,,,,
ncaab:401368377,ncaab,2022-01-19T00:00Z,final,201,2305,Oklahoma,Kansas,64,67,138,-175,,0,,,3.5,-108,-112,,,,,2,,0,Norman,OK,1,357,,,,-6.0,"32,32","34,33",125,-152,1.5,-110,-115
ncaab:401369256,ncaab,2022-01-19T00:00Z,final,91,2453,Bellarmine,North Alabama,68,60,-305,240,,0,,,-7.0,-110,-110,,,,,2,,0,Louisville,KY,1,142,,,,-5.0,"35,33","22,38",-250,185,-4.0,-111,-116
ncaab:401369258,ncaab,2022-01-19T00:00Z,final,2198,288,E Kentucky,Lipscomb,86,72,,,,0,,,,,,,,,,2,,0,Richmond,KY,1,289,,,,-5.0,"41,45","37,35",,,,,
ncaab:401369259,ncaab,2022-01-19T00:00Z,final,2335,294,Liberty,Jacksonville,88,49,-500,370,,0,,,-9.5,-109,-110,,,,,2,,0,Lynchburg,VA,1,192,,,,-5.0,"40,48","30,19",-335,235,-5.5,-111,-118
ncaab:401369261,ncaab,2022-01-19T00:00Z,final,56,526,Stetson,FGCU,91,93,,,,0,,,,,,,,,,2,,0,DeLand,FL,1,12,,,,-5.0,"32,50,9","47,35,11",,,,,
ncaab:401370085,ncaab,2022-01-19T00:00Z,final,2390,153,Miami,North Carolina,85,57,119,-142,,0,,,2.5,-109,-113,,,,,2,,0,Coral Gables,FL,1,3,,,,-5.0,"49,36","22,35",112,-134,1.0,-114,-113
ncaab:401377721,ncaab,2022-01-19T00:00Z,final,151,2116,East Carolina,UCF,85,92,130,-161,,0,,,3.0,-108,-112,,,,,2,,0,Greenville,NC,1,18,,,,-5.0,"44,28,13","28,44,20",114,-152,1.5,-118,-109
ncaab:401401114,ncaab,2022-01-19T00:00Z,final,2363,315,Manhattan,Niagara,63,72,-125,105,,0,,,-1.5,-110,-109,,,,,2,,0,Riverdale,NY,1,159,,,,-8.0,"33,30","24,48",-127,-106,-0.5,-115,-114
ncaab:401402046,ncaab,2022-01-19T00:00Z,final,2670,2166,VCU,Davidson,61,63,-155,125,,0,,,-2.5,-110,-115,,,,,2,,0,Richmond,VA,1,64,,,,-5.0,"28,33","36,27",-150,112,-1.5,-114,-114
ncaab:401402410,ncaab,2022-01-19T00:00Z,final,41,2086,UConn,Butler,76,59,,,,0,,,,,,,,,,2,,0,Hartford,CT,1,18,,,,-5.0,"39,37","24,35",,,,,
ncaab:401402450,ncaab,2022-01-19T00:00Z,final,2405,314,Monmouth,Iona,85,86,140,-175,,0,,,3.5,-108,-112,,,,,2,,0,West Long Branch,NJ,1,9,,,,-5.0,"43,36,6","45,34,7",120,-159,1.5,-110,-115
ncaab:401403071,ncaab,2022-01-19T00:00Z,final,2168,179,Dayton,St Bonaventure,68,50,,,,0,,,,,,,,,,2,,0,Dayton,OH,1,225,,,,-5.0,"35,33","23,27",,,,,
ncaab:401403743,ncaab,2022-01-19T00:00Z,final,194,85,Ohio State,IU Indy,83,37,-100000,4000,,0,,,-33.0,-110,-109,,,,,2,,0,Columbus,OH,1,235,,,,-5.0,"37,46","24,13",,,-18.5,-113,-113
ncaab:401365116,ncaab,2022-01-19T01:00Z,final,2459,189,N Illinois,Bowling Green,83,92,230,-295,,0,,,6.5,-110,-110,,,,,2,,0,Dekalb,IL,1,268,,,,-6.0,"32,51","32,60",170,-240,3.5,-114,-113
ncaab:401367362,ncaab,2022-01-19T01:00Z,final,339,2350,Evansville,Loyola Chicago,48,77,510,-833,,0,,,12.0,-110,-110,,,,,2,,0,Evansville,IN,1,118,,,,-6.0,"24,24","30,47",250,-375,6.0,-111,-116
ncaab:401369257,ncaab,2022-01-19T01:00Z,final,2110,55,C Arkansas,Jax State,81,86,,,,0,,,,,,,,,,2,,0,Conway,AR,1,95,,,,-6.0,"41,40","39,47",,,,,
ncaab:401377720,ncaab,2022-01-19T01:00Z,final,248,58,Houston,South Florida,74,55,-3335,1248,,0,,,-18.0,-110,-110,,,,,2,,0,Houston,TX,1,12,,,,-6.0,"38,36","18,37",-1667,650,-10.5,-116,-115
ncaab:401405189,ncaab,2022-01-19T01:00Z,final,2230,257,Fordham,Richmond,70,83,300,-400,,0,,,8.5,-110,-110,,,,,2,,0,Bronx,NY,1,28,,,,-5.0,"33,37","37,46",210,-295,4.5,-115,-110
ncaab:401368379,ncaab,2022-01-19T01:30Z,final,251,2306,Texas,Kansas St,65,66,-610,440,,0,,,-10.5,-109,-110,,,,,2,,0,Austin,TX,1,149,,,,-6.0,"35,30","31,35",-375,240,-6.0,-112,-116
ncaab:401364389,ncaab,2022-01-19T02:00Z,final,77,275,Northwestern,Wisconsin,76,82,115,-149,,0,,,2.5,-109,-112,,,,,2,,0,Evanston,IL,1,187,,,,-6.0,"35,41","41,41",112,-134,1.0,-113,-113
ncaab:401364738,ncaab,2022-01-19T02:00Z,void,21,2439,San Diego St,UNLV,,,,,,0,,,,,,,,,,2,,0,San Diego,CA,1,20,,,,-8.0,,,,,,,
ncaab:401364742,ncaab,2022-01-19T02:00Z,final,68,2005,Boise St,Air Force,62,56,-5000,1500,,0,,,-19.0,-110,-110,,,,,2,,0,Boise,ID,1,823,,,,-7.0,"29,33","26,30",-1430,650,-10.5,-117,-110
ncaab:401364874,ncaab,2022-01-19T02:00Z,final,238,2633,Vanderbilt,Tennessee,60,68,235,-295,,0,,,6.5,-110,-110,,,,,2,,0,Nashville,TN,1,170,,,,-6.0,"32,28","33,35",175,-240,3.5,-114,-113
ncaab:401368380,ncaab,2022-01-19T02:00Z,final,2641,66,Texas Tech,Iowa State,72,60,-430,300,,0,,,-8.5,-115,-115,,,,,2,,0,Lubbock,TX,1,976,,,,-6.0,"26,46","23,37",-278,220,-4.5,-110,-115
ncaab:401369882,ncaab,2022-01-19T02:00Z,final,52,150,Florida St,Duke,79,78,170,-213,,0,,,5.0,-110,-110,,,,,2,,0,Tallahassee,FL,1,62,,,,-5.0,"33,34,12","38,29,11",135,-165,2.5,-115,-116
ncaab:401370011,ncaab,2022-01-19T02:00Z,final,183,228,Syracuse,Clemson,91,78,-167,137,,0,,,-3.5,-111,-109,,,,,2,,0,Syracuse,NY,1,121,,,,-5.0,"40,51","39,39",-159,120,-1.5,-116,-110
ncaab:401373551,ncaab,2022-01-19T02:00Z,void,2550,2507,Seton Hall,Providence,,,,,,0,,,,,,,,,,2,,0,Newark,NJ,1,9,,,,-5.0,,,,,,,
ncaab:401373681,ncaab,2022-01-19T03:00Z,final,2934,13,Bakersfield,Cal Poly,73,60,-310,240,,0,,,-7.0,-109,-110,,,,,2,,0,Bakersfield,CA,1,123,,,,-8.0,"30,43","30,30",-265,190,-4.0,-108,-118
ncaab:401364741,ncaab,2022-01-19T04:00Z,final,278,328,Fresno St,Utah State,61,54,-184,152,,0,,,-4.0,-112,-108,,,,,2,,0,Fresno,CA,1,94,,,,-8.0,"21,40","31,23",-162,135,-2.0,-112,-115
ncaab:401373342,ncaab,2022-01-19T23:00Z,final,349,44,Army,American,76,66,100,390,,0,,,-1.5,-108,-113,,,,,2,,0,West Point,NY,1,47,,,,-5.0,"25,51","31,35",-360,250,-5.5,-112,-116
ncaab:401364391,ncaab,2022-01-19T23:30Z,void,213,135,Penn State,Minnesota,,,,,,0,,,,,,,,,,2,,0,University Park,PA,1,348,,,,-5.0,,,,,,,
ncaab:401364875,ncaab,2022-01-19T23:30Z,final,57,344,Florida,Mississippi St,80,72,-205,165,,0,,,-4.5,-112,-108,,,,,2,,0,Gainesville,FL,1,54,,,,-5.0,"35,45","41,31",-162,133,-2.0,-112,-114
ncaab:401370723,ncaab,2022-01-19T23:30Z,final,2515,2261,Radford,Hampton,54,51,-295,235,,0,,,-6.5,-110,-110,,,,,2,,0,Radford,VA,1,567,,,,-5.0,"30,24","28,23",-245,175,-3.5,-116,-112
ncaab:401370724,ncaab,2022-01-19T23:30Z,final,2427,2448,UNC Asheville,NC A&T,71,73,,,,0,,,,,,,,,,2,,0,Asheville,NC,1,649,,,,-5.0,"36,35","32,41",,,,,
ncaab:401364876,ncaab,2022-01-20T00:00Z,final,333,99,Alabama,LSU,70,67,-195,155,,0,,,-4.0,-112,-108,,,,,2,,0,Tuscaloosa,AL,1,68,,,,-6.0,"33,37","32,35",-190,155,-2.5,-118,-108
ncaab:401365527,ncaab,2022-01-20T00:00Z,final,2747,2643,Wofford,The Citadel,89,77,-1179,674,,0,,,-13.5,-110,-109,,,,,2,,0,Spartanburg,SC,1,246,,,,-5.0,"40,49","34,43",-435,310,-7.5,-111,-118
ncaab:401365528,ncaab,2022-01-20T00:00Z,final,2193,2382,ETSU,Mercer,72,64,,,,0,,,,,,,,,,2,,0,Johnson City,TN,1,498,,,,-5.0,"28,44","32,32",,,,,
ncaab:401365529,ncaab,2022-01-20T00:00Z,final,231,2717,Furman,W Carolina,88,50,,,,0,,,,,,,,,,2,,0,Greenville,SC,1,307,,,,-5.0,"33,55","16,34",,,,,
ncaab:401367366,ncaab,2022-01-20T00:00Z,final,2674,2460,Valparaiso,Northern Iowa,83,80,104,-125,,0,,,1.5,-109,-110,,,,,2,,0,Valparaiso,IN,1,242,,,,-6.0,"34,38,11","39,33,8",100,-134,0.5,-111,-116
ncaab:401369653,ncaab,2022-01-20T00:00Z,final,2378,399,UMBC,UAlbany,54,66,,,,0,,,,,,,,,,2,,0,Baltimore,MD,1,10,,,,-5.0,"28,26","30,36",,,,,
ncaab:401369654,ncaab,2022-01-20T00:00Z,final,2349,311,UMass Lowell,Maine,71,62,-1250,740,,0,,,-13.5,-110,-109,,,,,2,,0,Lowell,MA,1,36,,,,-5.0,"29,42","26,36",-500,325,-7.5,-116,-112
ncaab:401369655,ncaab,2022-01-20T00:00Z,final,42,160,Hartford,New Hampshire,69,57,120,-148,,0,,,2.5,-109,-112,,,,,2,,0,West Hartford,CT,1,40,,,,-5.0,"38,31","30,27",102,-137,1.0,-117,-109
ncaab:401369656,ncaab,2022-01-20T00:00Z,final,2066,2619,Binghamton,Stony Brook,71,74,177,-220,,0,,,5.0,-110,-109,,,,,2,,0,Binghamton,NY,1,264,,,,-5.0,"32,39","38,36",130,-175,2.5,-116,-111
ncaab:401369657,ncaab,2022-01-20T00:00Z,final,2885,261,NJIT,Vermont,57,83,,,,0,,,,,,,,,,2,,0,Newark,NJ,1,9,,,,-5.0,"29,28","48,35",,,,,
ncaab:401369902,ncaab,2022-01-20T00:00Z,final,59,154,Georgia Tech,Wake Forest,64,80,112,-137,,0,,,2.0,-109,-112,,,,,2,,0,Atlanta,GA,1,320,,,,-5.0,"33,31","37,43",-110,-121,0.5,-111,-116
ncaab:401370105,ncaab,2022-01-20T00:00Z,final,152,259,NC State,Virginia Tech,59,62,,,,0,,,,,,,,,,2,,0,Raleigh,NC,1,96,,,,-5.0,"21,38","35,27",,,,,
ncaab:401370720,ncaab,2022-01-20T00:00Z,final,2344,2097,Longwood,Campbell,72,64,-141,116,,0,,,-2.5,-110,-110,,,,,2,,0,Farmville,VA,1,90,,,,-5.0,"27,45","33,31",-148,110,-1.0,-115,-110
ncaab:401370721,ncaab,2022-01-20T00:00Z,final,2127,2272,Charleston So,High Point,70,66,187,-235,,0,,,5.5,-110,-110,,,,,2,,0,Charleston,SC,1,6,,,,-5.0,"34,36","23,43",140,-190,2.5,-117,-109
ncaab:401370722,ncaab,2022-01-20T00:00Z,final,2241,2908,Gardner-Webb,SC Upstate,61,74,-833,520,,0,,,-12.5,-110,-110,,,,,2,,0,Boiling Springs,NC,1,269,,,,-5.0,"29,32","33,41",-420,285,-6.5,-113,-114
ncaab:401373098,ncaab,2022-01-20T00:00Z,final,2426,2329,Navy,Lehigh,61,69,-670,460,,0,,,-10.5,-110,-110,,,,,2,,0,Annapolis,MD,1,12,,,,-5.0,"30,31","34,35",-315,220,-6.0,-112,-116
ncaab:401373552,ncaab,2022-01-20T00:00Z,final,156,2599,Creighton,St John's,87,64,,,,0,,,,,,,,,,2,,0,Omaha,NE,1,323,,,,-6.0,"49,38","34,30",,,,,
ncaab:401377722,ncaab,2022-01-20T00:00Z,void,218,2724,Temple,Wichita St,,,,,,0,,,,,,,,,,2,,0,Philadelphia,PA,1,12,,,,-5.0,,,,,,,
ncaab:401381718,ncaab,2022-01-20T00:00Z,final,2083,2142,Bucknell,Colgate,56,75,450,-625,,0,,,10.5,-110,-110,,,,,2,,0,Lewisburg,PA,1,144,,,,-5.0,"29,27","33,42",240,-360,6.0,-116,-112
ncaab:401381733,ncaab,2022-01-20T00:00Z,void,322,107,Lafayette,Holy Cross,,,,,,0,,,,,,,,,,2,,0,Easton,PA,1,97,,,,-5.0,,,,,,,
ncaab:401381745,ncaab,2022-01-20T00:00Z,final,2352,104,Loyola MD,Boston U,50,67,110,-134,,0,,,2.0,-100,-120,,,,,2,,0,Baltimore,MD,1,10,,,,-5.0,"16,34","30,37",102,-134,0.5,-109,-118
ncaab:401400973,ncaab,2022-01-20T00:00Z,final,2514,2520,Quinnipiac,Rider,73,67,-245,195,,0,,,-5.5,-110,-109,,,,,2,,0,Hamden,CT,1,31,,,,-5.0,"36,37","33,34",-210,155,-3.0,-109,-117
ncaab:401402047,ncaab,2022-01-20T00:00Z,final,2603,45,Saint Joseph's,G Washington,72,61,,,,0,,,,,,,,,,2,,0,Philadelphia,PA,1,12,,,,-5.0,"38,34","32,29",,,,,
ncaab:401405190,ncaab,2022-01-20T00:00Z,final,227,2325,Rhode Island,La Salle,56,54,-1000,610,,0,,,-12.5,-110,-110,,,,,2,,0,Kingston,RI,1,75,,,,-5.0,"27,29","35,19",-420,310,-7.0,-113,-114
ncaab:401367363,ncaab,2022-01-20T01:00Z,final,2181,71,Drake,Bradley,71,83,-333,240,,0,,,-7.0,-110,-110,,,,,2,,0,Des Moines,IA,1,266,,,,-6.0,"35,36","40,43",-250,185,-4.0,-111,-116
ncaab:401367364,ncaab,2022-01-20T01:00Z,final,2623,2287,Missouri St,Illinois St,88,63,-556,400,,0,,,-10.0,-100,-118,,,,,2,,0,Springfield,MO,1,396,,,,-6.0,"44,44","34,29",-335,235,-5.5,-114,-112
ncaab:401367365,ncaab,2022-01-20T01:00Z,final,79,282,S Illinois,Indiana St,63,55,,,,0,,,,,,,,,,2,,0,Carbondale,IL,1,126,,,,-6.0,"32,31","31,24",,,,,
ncaab:401368381,ncaab,2022-01-20T01:00Z,final,197,2628,Oklahoma St,TCU,57,56,-225,180,,0,,,-5.0,-112,-109,,,,,2,,0,Stillwater,OK,1,273,,,,-6.0,"20,37","25,31",-186,150,-2.5,-114,-114
ncaab:401373554,ncaab,2022-01-20T01:00Z,final,222,269,Villanova,Marquette,54,57,-1250,740,,0,,,-13.5,-110,-109,,,,,2,,0,Villanova,PA,1,121,,,,-5.0,"29,25","30,27",-500,350,-7.5,-114,-112
ncaab:401406590,ncaab,2022-01-20T01:00Z,final,2572,111951,Southern Miss,SE Baptist,100,50,,,,0,,,,,,,,,,2,,0,Hattiesburg,MS,1,52,,,,-6.0,"57,43","29,21",,,,,
ncaab:401370115,ncaab,2022-01-20T01:17Z,final,97,103,Louisville,Boston College,67,54,-345,272,,0,,,-7.5,-110,-110,,,,,2,,0,Louisville,KY,1,142,,,,-5.0,"30,37","28,26",-250,205,-4.0,-114,-112
ncaab:401364390,ncaab,2022-01-20T01:30Z,final,164,2294,Rutgers,Iowa,48,46,160,-200,,0,,,4.5,-113,-110,,,,,2,,0,Piscataway,NJ,1,30,,,,-5.0,"24,24","27,19",118,-141,1.5,-117,-109
ncaab:401364877,ncaab,2022-01-20T01:30Z,final,245,96,Texas A&M,Kentucky,58,64,237,-302,,0,,,6.5,-109,-112,,,,,2,,0,College Station,TX,1,103,,,,-6.0,"35,23","30,34",190,-235,4.0,-116,-111
ncaab:401364740,ncaab,2022-01-20T02:00Z,final,2751,23,Wyoming,San José St,84,69,-2252,1050,,0,,,-15.0,-110,-110,,,,,2,,0,Laramie,WY,1,2184,,,,-7.0,"45,39","37,32",-715,410,-9.0,-112,-115
ncaab:401364878,ncaab,2022-01-20T02:00Z,final,2,61,Auburn,Georgia,83,60,-10000,1500,,0,,,-21.5,-115,-114,,,,,2,,0,Auburn,AL,1,215,,,,-6.0,"52,31","27,33",,,-12.5,-116,-112
ncaab:401369991,ncaab,2022-01-20T02:00Z,final,221,258,Pitt,Virginia,61,66,147,-183,,0,,,3.5,-109,-114,,,,,2,,0,Pittsburgh,PA,1,233,,,,-5.0,"25,36","29,37",135,-165,2.0,-116,-115
ncaab:401373553,ncaab,2022-01-20T02:00Z,final,305,2752,DePaul,Xavier,67,68,350,-480,,0,,,9.0,-113,-108,,,,,2,,0,Chicago,IL,1,179,,,,-6.0,"36,31","34,34",230,-335,5.0,-113,-113
ncaab:401364739,ncaab,2022-01-20T03:00Z,final,36,167,Colorado St,New Mexico,80,74,-2000,1000,,0,,,-16.5,-110,-110,,,,,2,,0,Fort Collins,CO,1,1525,,,,-7.0,"37,43","32,42",-590,375,-9.0,-116,-112
ncaab:401405167,ncaab,2022-01-20T17:00Z,final,52,2454,Florida St,North Florida,86,73,102,1561,,0,,,-1.5,-110,-118,,,,,2,,0,Tallahassee,FL,1,62,,,,-5.0,"48,38","38,35",-1430,750,-13.5,-118,-109
ncaab:401400491,ncaab,2022-01-20T22:00Z,final,2507,46,Providence,Georgetown,83,75,-580,390,,0,,,-9.5,-100,-120,,,,,2,,0,Providence,RI,1,2,,,,-5.0,"37,46","34,41",-345,270,-5.5,-114,-112
ncaab:401370725,ncaab,2022-01-20T23:00Z,final,2506,2737,Presbyterian,Winthrop,58,60,155,-190,,0,,,4.0,-118,-100,,,,,2,,0,Clinton,SC,1,76,,,,-5.0,"24,34","20,40",135,-182,2.0,-108,-118
ncaab:401364392,ncaab,2022-01-21T00:00Z,final,84,2509,Indiana,Purdue,68,65,148,-179,,0,,,4.0,-113,-109,,,,,2,,0,Bloomington,IN,1,235,,,,-5.0,"37,31","28,37",128,-155,1.5,-109,-118
ncaab:401365443,ncaab,2022-01-21T00:00Z,final,119,232,Towson,Charleston,74,67,-295,230,,0,,,-6.5,-110,-110,,,,,2,,0,Towson,MD,1,141,,,,-5.0,"32,42","24,43",-240,170,-3.5,-112,-114
ncaab:401365444,ncaab,2022-01-21T00:00Z,final,256,350,James Madison,UNC Wilmington,70,71,-265,215,,0,,,-6.0,-110,-109,,,,,2,,0,Harrisonburg,VA,1,404,,,,-5.0,"30,40","31,40",-225,163,-3.0,-117,-109
ncaab:401365445,ncaab,2022-01-21T00:00Z,final,48,2729,Delaware,William & Mary,84,74,-1667,875,,0,,,-15.0,-110,-110,,,,,2,,0,Newark,DE,1,38,,,,-5.0,"42,42","36,38",-770,450,-8.5,-113,-115
ncaab:401365446,ncaab,2022-01-21T00:00Z,final,2182,2210,Drexel,Elon,77,49,-250,205,,0,,,-5.5,-114,-107,,,,,2,,0,Philadelphia,PA,1,12,,,,-5.0,"37,40","27,22",-215,155,-3.0,-112,-114
ncaab:401365530,ncaab,2022-01-21T00:00Z,final,2430,236,UNC Greensboro,Chattanooga,64,72,155,-186,,0,,,4.0,-106,-114,,,,,2,,0,Greensboro,NC,1,266,,,,-5.0,"30,34","34,38",132,-180,2.0,-111,-116
ncaab:401365531,ncaab,2022-01-21T00:00Z,final,2678,2535,VMI,Samford,99,80,-215,170,,0,,,-4.5,-110,-110,,,,,2,,0,Lexington,VA,1,324,,,,-5.0,"51,48","41,39",-190,140,-2.5,-112,-114
ncaab:401365671,ncaab,2022-01-21T00:00Z,void,2710,233,W Illinois,South Dakota,,,,,,0,,,,,,,,,,2,,0,Macomb,IL,1,215,,,,-6.0,,,,,,,
ncaab:401367458,ncaab,2022-01-21T00:00Z,final,2247,2026,Georgia St,App State,60,61,,,,0,,,,,,,,,,2,,0,Atlanta,GA,1,320,,,,-5.0,"27,33","35,26",,,,,
ncaab:401367459,ncaab,2022-01-21T00:00Z,final,290,324,GA Southern,Coastal,72,76,,,,0,,,,,,,,,,2,,0,Statesboro,GA,1,77,,,,-5.0,"28,44","31,45",,,,,
ncaab:401368277,ncaab,2022-01-21T00:00Z,final,85,2750,IU Indy,Wright St,45,73,800,-1667,,0,,,15.0,-113,-108,,,,,2,,0,Indianapolis,IN,1,218,,,,-5.0,"20,25","39,34",340,-560,8.0,-117,-109
ncaab:401372661,ncaab,2022-01-21T00:00Z,final,249,2429,North Texas,Charlotte,65,51,-1000,600,,0,,,-12.0,-110,-110,,,,,2,,0,Denton,TX,1,201,,,,-6.0,"22,43","20,31",-400,270,-6.5,-121,-109
ncaab:401372693,ncaab,2022-01-21T00:00Z,final,2226,98,FAU,Western KY,78,69,,,,0,,,,,,,,,,2,,0,Boca Raton,FL,1,4,,,,-5.0,"33,45","36,33",,,,,
ncaab:401372735,ncaab,2022-01-21T00:00Z,final,2229,276,FIU,Marshall,70,66,,,,0,,,,,,,,,,2,,0,Miami,FL,1,2,,,,-5.0,"29,41","31,35",,,,,
ncaab:401373201,ncaab,2022-01-21T00:00Z,final,2630,2046,UT Martin,Austin Peay,57,72,,,,0,,,,,,,,,,2,,0,Martin,TN,1,124,,,,-6.0,"28,29","33,39",,,,,
ncaab:401373243,ncaab,2022-01-21T00:00Z,final,2413,2057,Morehead St,Belmont,83,74,191,-237,,0,,,5.5,-107,-113,,,,,2,,0,Morehead,KY,1,153,,,,-6.0,"44,39","33,41",145,-195,2.5,-113,-114
ncaab:401373280,ncaab,2022-01-21T00:00Z,final,2635,2565,Tennessee Tech,SIUE,94,76,,,,0,,,,,,,,,,2,,0,Cookeville,TN,1,334,,,,-6.0,"50,44","36,40",,,,,
ncaab:401377723,ncaab,2022-01-21T00:00Z,final,235,2567,Memphis,SMU,62,70,,,,0,,,,,,,,,,2,,0,Memphis,TN,1,78,,,,-6.0,"21,41","32,38",,,,,
ncaab:401402044,ncaab,2022-01-21T00:00Z,final,113,139,UMass,Saint Louis,91,85,,,,0,,,,,,,,,,2,,0,Amherst,MA,1,82,,,,-5.0,"37,54","38,47",,,,,
ncaab:401402793,ncaab,2022-01-21T00:00Z,void,338,2335,Kennesaw St,Liberty,,,,,,0,,,,,,,,,,2,,0,Kennesaw,GA,1,332,,,,-5.0,,,,,,,
ncaab:401405379,ncaab,2022-01-21T00:00Z,final,189,2006,Bowling Green,Akron,66,91,-162,135,,0,,,-3.0,-100,-118,,,,,2,,0,Bowling Green,OH,1,212,,,,-5.0,"34,32","46,45",-148,110,-1.5,-119,-109
ncaab:401405380,ncaab,2022-01-21T00:00Z,void,2117,2711,C Michigan,W Michigan,,,,,,0,,,,,,,,,,2,,0,Mount Pleasant,MI,1,235,,,,-5.0,,,,,,,
ncaab:401365338,ncaab,2022-01-21T00:30Z,final,2217,2405,Fairfield,Monmouth,58,61,120,-143,,0,,,2.5,-109,-112,,,,,2,,0,Bridgeport,CT,1,1,,,,-5.0,"33,25","31,30",104,-137,1.0,-113,-113
ncaab:401367461,ncaab,2022-01-21T00:30Z,final,2433,2653,UL Monroe,Troy,65,73,,,,0,,,,,,,,,,2,,0,Monroe,LA,1,23,,,,-6.0,"29,36","43,30",,,,,
ncaab:401367463,ncaab,2022-01-21T00:30Z,final,2031,326,Little Rock,Texas St,59,69,330,-435,,0,,,9.0,-107,-112,,,,,2,,0,Little Rock,AR,1,102,,,,-6.0,"24,35","43,26",235,-345,4.5,-110,-120
ncaab:401371481,ncaab,2022-01-21T00:30Z,final,2617,2253,SF Austin,Grand Canyon,71,46,,,,0,,,,,,,,,,2,,0,Nacogdoches,TX,1,92,,,,-6.0,"32,39","31,15",,,,,
ncaab:401371482,ncaab,2022-01-21T00:30Z,final,2534,166,Sam Houston,New Mexico St,71,46,165,-210,,0,,,4.5,-110,-110,,,,,2,,0,Huntsville,TX,1,113,,,,-6.0,"38,33","18,28",123,-162,2.0,-109,-118
ncaab:401377420,ncaab,2022-01-21T00:30Z,final,38,30,Colorado,USC,58,61,120,-143,,0,,,2.5,-109,-112,,,,,2,,0,Boulder,CO,1,1624,,,,-7.0,"25,33","25,36",112,-134,1.0,-113,-113
ncaab:401365669,ncaab,2022-01-21T01:00Z,final,140,2449,Kansas City,N Dakota St,80,77,,,,0,,,,,,,,,,2,,0,Kansas City,MO,1,274,,,,-6.0,"34,46","41,36",,,,,
ncaab:401365670,ncaab,2022-01-21T01:00Z,final,2900,2571,St Thomas,S Dakota St,77,92,,,,0,,,,,,,,,,2,,0,Saint Paul,MN,1,242,,,,-6.0,"40,37","35,57",,,,,
ncaab:401365672,ncaab,2022-01-21T01:00Z,final,198,155,Oral Roberts,North Dakota,80,76,-6159,1348,,0,,,-20.5,-110,-110,,,,,2,,0,Tulsa,OK,1,220,,,,-6.0,"39,41","32,44",-835,480,-11.5,-113,-118
ncaab:401367460,ncaab,2022-01-21T01:00Z,final,309,6,Louisiana,South Alabama,70,77,-132,110,,0,,,-2.0,-110,-110,,,,,2,,0,Lafayette,LA,1,11,,,,-6.0,"26,44","20,57",-132,100,-0.5,-117,-109
ncaab:401367462,ncaab,2022-01-21T01:00Z,final,2032,250,Arkansas St,UT Arlington,75,70,,,,0,,,,,,,,,,2,,0,Jonesboro,AR,1,99,,,,-6.0,"26,49","35,35",,,,,
ncaab:401368274,ncaab,2022-01-21T01:00Z,final,2739,2174,Green Bay,Detroit Mercy,70,63,175,-225,,0,,,5.0,-110,-110,,,,,2,,0,Ashwaubenon,WI,1,185,,,,-6.0,"38,32","32,31",130,-177,2.5,-114,-116
ncaab:401368275,ncaab,2022-01-21T01:00Z,final,270,2473,Milwaukee,Oakland,88,78,270,-351,,0,,,7.5,-113,-107,,,,,2,,0,Milwaukee,WI,1,188,,,,-6.0,"37,51","23,55",190,-265,4.0,-114,-113
ncaab:401368276,ncaab,2022-01-21T01:00Z,final,82,94,UIC,N Kentucky,70,74,-167,138,,0,,,-3.5,-109,-112,,,,,2,,0,Chicago,IL,1,179,,,,-6.0,"31,34,5","25,40,9",-157,118,-1.5,-114,-114
ncaab:401371479,ncaab,2022-01-21T01:00Z,final,2000,2547,Abilene Chrstn,Seattle U,62,72,-265,212,,0,,,-6.0,-110,-109,,,,,2,,0,Abilene,TX,1,524,,,,-6.0,"22,40","35,37",-225,163,-3.0,-117,-109
ncaab:401371480,ncaab,2022-01-21T01:00Z,final,2627,2856,Tarleton St,CA Baptist,84,88,,,,0,,,,,,,,,,2,,0,Stephenville,TX,1,388,,,,-6.0,"28,56","40,48",,,,,
ncaab:401371483,ncaab,2022-01-21T01:00Z,final,3084,292,Utah Valley,UT Rio Grande,66,56,,,,0,,,,,,,,,,2,,0,Orem,UT,1,1455,,,,-7.0,"29,37","30,26",,,,,
ncaab:401371645,ncaab,2022-01-21T01:00Z,final,2447,2466,Nicholls,N'Western St,69,58,,,,0,,,,,,,,,,2,,0,Thibodaux,LA,1,4,,,,-6.0,"28,41","24,34",,,,,
ncaab:401372536,ncaab,2022-01-21T01:00Z,final,2464,147,N Arizona,Montana St,84,89,270,-347,,0,,,7.5,-110,-110,,,,,2,,0,Flagstaff,AZ,1,2104,,,,-7.0,"35,49","50,39",200,-278,4.0,-112,-114
ncaab:401372784,ncaab,2022-01-21T01:00Z,final,242,295,Rice,Old Dominion,77,69,-137,110,,0,,,-2.5,-115,-110,,,,,2,,0,Houston,TX,1,12,,,,-6.0,"40,37","38,31",-134,100,-0.5,-118,-108
ncaab:401373304,ncaab,2022-01-21T01:00Z,final,2546,2634,SE Missouri,Tennessee St,85,63,,,,0,,,,,,,,,,2,,0,Cape Girardeau,MO,1,108,,,,-6.0,"41,44","34,29",,,,,
ncaab:401371644,ncaab,2022-01-21T01:30Z,final,2443,2545,LSU N Orleans,SE Louisiana,78,72,,,,0,,,,,,,,,,2,,0,New Orleans,LA,1,0,,,,-6.0,"30,48","41,31",,,,,
ncaab:401371646,ncaab,2022-01-21T01:30Z,final,357,2377,Texas A&M-CC,McNeese,60,56,-590,420,,0,,,-10.5,-110,-110,,,,,2,,0,Corpus Christi,TX,1,2,,,,-6.0,"28,32","26,30",-335,235,-5.5,-114,-112
ncaab:401371647,ncaab,2022-01-21T01:30Z,final,2916,2277,Incarnate Word,Hou Christian,65,68,,,,0,,,,,,,,,,2,,0,San Antonio,TX,1,198,,,,-6.0,"24,41","31,37",,,,,
ncaab:401373221,ncaab,2022-01-21T01:40Z,final,93,2197,Murray St,E Illinois,91,51,,,,0,,,,,,,,,,2,,0,Murray,KY,1,163,,,,-6.0,"48,43","22,29",,,,,
ncaab:401371150,ncaab,2022-01-21T02:00Z,final,2608,2541,Saint Mary's,Santa Clara,73,65,-400,300,,0,,,-8.0,-113,-107,,,,,2,,0,Moraga,CA,1,152,,,,-8.0,"37,36","30,35",-275,190,-4.5,-113,-115
ncaab:401371223,ncaab,2022-01-21T02:00Z,final,252,301,BYU,San Diego,79,71,-1511,773,,0,,,-15.5,-108,-116,,,,,2,,0,Provo,UT,1,1387,,,,-7.0,"31,48","31,40",-670,390,-8.5,-115,-114
ncaab:401371484,ncaab,2022-01-21T02:00Z,final,3101,2320,Utah Tech,Lamar,71,55,-272,217,,0,,,-6.5,-109,-113,,,,,2,,0,St. George,UT,1,823,,,,-7.0,"36,35","32,23",-225,163,-3.0,-117,-109
ncaab:401372422,ncaab,2022-01-21T02:00Z,final,331,16,E Washington,Sacramento St,75,62,,,,0,,,,,,,,,,2,,0,Cheney,WA,1,717,,,,-8.0,"38,37","29,33",,,,,
ncaab:401372447,ncaab,2022-01-21T02:00Z,final,70,2458,Idaho,N Colorado,70,87,230,-293,,0,,,6.5,-114,-112,,,,,2,,0,Moscow,ID,1,786,,,,-8.0,"39,31","46,41",175,-245,3.5,-109,-117
ncaab:401372493,ncaab,2022-01-21T02:00Z,final,2692,304,Weber St,Idaho St,95,63,-2500,1050,,0,,,-16.0,-110,-109,,,,,2,,0,Ogden,UT,1,1311,,,,-7.0,"48,47","33,30",-770,450,-9.5,-109,-118
ncaab:401372840,ncaab,2022-01-21T02:00Z,final,2638,2636,UTEP,UTSA,69,64,-2500,1100,,0,,,-16.5,-111,-109,,,,,2,,0,El Paso,TX,1,1133,,,,-7.0,"27,42","38,26",-590,400,-9.0,-115,-112
ncaab:401373555,ncaab,2022-01-21T02:00Z,final,2086,41,Butler,UConn,56,75,,,,0,,,,,,,,,,2,,0,Indianapolis,IN,1,218,,,,-5.0,"28,28","24,51",,,,,
ncaab:401377724,ncaab,2022-01-21T02:00Z,final,2132,202,Cincinnati,Tulsa,90,69,-375,275,,0,,,-7.5,-113,-107,,,,,2,,0,Cincinnati,OH,1,191,,,,-5.0,"41,49","34,35",-250,185,-3.5,-117,-109
ncaab:401403792,ncaab,2022-01-21T02:00Z,final,2005,2439,Air Force,UNLV,69,62,186,-230,,0,,,5.0,-109,-112,,,,,2,,0,Colorado Springs,CO,1,1832,,,,-7.0,"33,36","25,37",150,-205,3.0,-114,-112
ncaab:401403793,ncaab,2022-01-21T02:00Z,final,328,68,Utah State,Boise St,59,62,-118,-105,,0,,,-1.0,-109,-112,,,,,2,,0,Logan,UT,1,1382,,,,-7.0,"30,29","24,38",-120,-112,-0.5,-116,-112
ncaab:401377421,ncaab,2022-01-21T02:30Z,void,2483,265,Oregon,Washington St,,,-157,130,,0,,,-3.0,-112,-108,,,,,2,,0,Eugene,OR,1,131,,,,-8.0,,,-180,133,-1.5,-115,-115
ncaab:401372514,ncaab,2022-01-21T03:00Z,final,2502,149,Portland St,Montana,64,66,138,-171,,0,,,3.5,-110,-113,,,,,2,,0,Portland,OR,1,12,,,,-8.0,"28,36","26,40",115,-155,1.5,-110,-117
ncaab:401373682,ncaab,2022-01-21T03:00Z,final,2934,62,Bakersfield,Hawai'i,59,63,,,,0,,,,,,,,,,2,,0,Bakersfield,CA,1,123,,,,-8.0,"28,31","26,37",,,,,
ncaab:401373683,ncaab,2022-01-21T03:00Z,final,2463,302,CSU Northridge,UC Davis,47,64,,,,0,,,,,,,,,,2,,0,Northridge,CA,1,246,,,,-8.0,"29,18","29,35",,,,,
ncaab:401373684,ncaab,2022-01-21T03:00Z,final,28,299,UC San Diego,Long Beach St,69,87,-103,-120,,0,,,1.5,-111,-113,,,,,2,,0,San Diego,CA,1,20,,,,-8.0,"21,48","41,46",102,-136,1.0,-118,-108
ncaab:401373685,ncaab,2022-01-21T03:00Z,final,300,2239,UC Irvine,Fullerton,63,65,-245,200,,0,,,-5.5,-110,-109,,,,,2,,0,Irvine,CA,1,17,,,,-8.0,"24,39","32,33",-210,155,-3.0,-109,-117
ncaab:401373686,ncaab,2022-01-21T03:00Z,void,2540,27,Santa Barbara,UC Riverside,,,-154,120,,0,,,-2.5,-118,-100,,,,,2,,0,Santa Barbara,CA,1,15,,,,-8.0,,,-160,125,-2.0,-110,-122
ncaab:401371312,ncaab,2022-01-21T04:00Z,final,2351,2492,LMU,Pepperdine,85,80,,,,0,,,,,,,,,,2,,0,Los Angeles,CA,1,89,,,,-8.0,"36,35,14","26,45,9",,,,,
ncaab:401377422,ncaab,2022-01-21T04:00Z,final,24,12,Stanford,Arizona,57,85,535,-830,,0,,,12.0,-113,-109,,,,,2,,0,Stanford,CA,1,23,,,,-8.0,"31,26","42,43",285,-375,6.5,-115,-114
ncaab:401377423,ncaab,2022-01-21T04:00Z,final,254,26,Utah,UCLA,58,63,350,-470,,0,,,9.0,-110,-110,,,,,2,,0,Salt Lake City,UT,1,1299,,,,-7.0,"32,26","31,32",220,-275,5.0,-116,-111
ncaab:401406558,ncaab,2022-01-21T04:00Z,final,2250,2539,Gonzaga,San Francisco,78,62,-1819,950,,0,,,-16.0,-110,-110,,,,,2,,0,Spokane,WA,1,571,,,,-8.0,"36,42","33,29",-715,460,-9.0,-118,-108
ncaab:401377424,ncaab,2022-01-21T04:30Z,final,204,264,Oregon St,Washington,72,82,,,,0,,,,,,,,,,2,,0,Corvallis,OR,1,71,,,,-8.0,"38,34","36,46",,,,,
ncaab:401365125,ncaab,2022-01-21T23:00Z,final,195,2649,Ohio,Toledo,69,87,215,165,,0,,,-6.5,-105,-108,,,,,2,,0,Athens,OH,1,219,,,,-5.0,"29,40","45,42",-190,155,-2.5,-116,-111
ncaab:401364393,ncaab,2022-01-22T00:00Z,final,120,356,Maryland,Illinois,81,65,165,-200,,0,,,4.5,-109,-110,,,,,2,,0,College Park,MD,1,21,,,,-5.0,"37,44","35,30",140,-167,2.0,-109,-117
ncaab:401365339,ncaab,2022-01-22T00:00Z,final,2363,2561,Manhattan,Siena,75,68,-123,102,,0,,,-2.0,-109,-111,,,,,2,,0,Riverdale,NY,1,159,,,,-8.0,"31,44","29,39",-124,-107,-0.5,-110,-115
ncaab:401365340,ncaab,2022-01-22T00:00Z,final,315,2612,Niagara,Saint Peter's,68,74,,,,0,,,,,,,,,,2,,0,Niagara Falls,NY,1,187,,,,-5.0,"32,30,6","30,32,12",,,,,
ncaab:401365341,ncaab,2022-01-22T00:00Z,final,2099,2520,Canisius,Rider,70,69,-175,143,,0,,,-3.5,-112,-108,,,,,2,,0,Buffalo,NY,1,183,,,,-5.0,"34,36","29,40",-162,120,-1.5,-115,-110
ncaab:401365797,ncaab,2022-01-22T00:00Z,final,2184,179,Duquesne,St Bonaventure,56,64,,,,0,,,,,,,,,,2,,0,Pittsburgh,PA,1,233,,,,-5.0,"22,34","33,31",,,,,
ncaab:401368278,ncaab,2022-01-22T00:00Z,final,2870,2523,Purdue FW,Robert Morris,86,62,-315,250,,0,,,-7.0,-110,-110,,,,,2,,0,Fort Wayne,IN,1,247,,,,-5.0,"43,43","20,42",-250,185,-4.0,-111,-116
ncaab:401368279,ncaab,2022-01-22T00:00Z,final,325,2754,Cleveland St,Youngstown St,64,61,-360,275,,0,,,-7.5,-110,-110,,,,,2,,0,Cleveland,OH,1,199,,,,-5.0,"32,32","31,30",-305,215,-4.5,-114,-113
ncaab:401370831,ncaab,2022-01-22T00:00Z,final,161,2597,FDU,St Francis BK,78,80,,,,0,,,,,,,,,,2,,0,Hackensack,NJ,1,6,,,,-5.0,"33,45","34,46",,,,,
ncaab:401370841,ncaab,2022-01-22T00:00Z,final,112358,2681,Long Island,Wagner,85,92,,,,0,,,,,,,,,,2,,0,Brooklyn,NY,1,15,,,,-5.0,"38,37,10","38,37,17",,,,,
ncaab:401370851,ncaab,2022-01-22T00:00Z,final,2771,2803,Merrimack,Bryant,63,79,102,-125,,0,,,1.5,-109,-110,,,,,2,,0,North Andover,MA,1,29,,,,-5.0,"32,31","42,37",-106,-127,0.5,-114,-115
ncaab:401370858,ncaab,2022-01-22T00:00Z,final,116,2529,Mount St Marys,Sacred Heart,98,59,-148,120,,0,,,-2.5,-112,-109,,,,,2,,0,Emmitsburg,MD,1,133,,,,-5.0,"55,43","26,33",-143,107,-1.5,-114,-114
ncaab:401370885,ncaab,2022-01-22T00:00Z,final,2598,2115,Saint Francis,C Connecticut,68,67,,,,0,,,,,,,,,,2,,0,Loretto,PA,1,595,,,,-5.0,"29,39","37,30",,,,,
ncaab:401403770,ncaab,2022-01-22T00:00Z,final,2287,339,Illinois St,Evansville,94,56,-357,275,,0,,,-7.5,-110,-110,,,,,2,,0,Normal,IL,1,244,,,,-6.0,"44,50","34,22",-278,200,-4.0,-114,-112
ncaab:401365124,ncaab,2022-01-22T01:00Z,final,2084,2309,Buffalo,Kent State,64,51,-303,230,,0,,,-7.0,-114,-106,,,,,2,,0,Buffalo,NY,1,183,,,,-5.0,"34,30","24,27",-265,190,-4.0,-113,-114
ncaab:401364394,ncaab,2022-01-22T02:00Z,final,275,127,Wisconsin,Michigan St,74,86,-160,130,,0,,,-3.0,-112,-108,,,,,2,,0,Madison,WI,1,267,,,,-6.0,"26,48","42,44",-143,118,-1.5,-109,-117
ncaab:401364745,ncaab,2022-01-22T04:00Z,final,2440,278,Nevada,Fresno St,77,73,-143,120,,0,,,-2.5,-111,-114,,,,,2,,0,Reno,NV,1,1373,,,,-8.0,"36,41","37,36",-152,125,-1.5,-115,-112
ncaab:401364397,ncaab,2022-01-22T17:00Z,final,135,164,Minnesota,Rutgers,68,65,-125,-175,,0,,,1.5,-110,-112,,,,,2,,0,Minneapolis,MN,1,253,,,,-6.0,"31,37","30,35",120,-162,1.5,-110,-115
ncaab:401365447,ncaab,2022-01-22T17:00Z,final,111,2275,Northeastern,Hofstra,50,72,140,-175,,0,,,3.5,-108,-112,,,,,2,,0,Boston,MA,1,14,,,,-5.0,"23,27","34,38",128,-175,2.0,-114,-112
ncaab:401368282,ncaab,2022-01-22T17:00Z,final,85,94,IU Indy,N Kentucky,41,60,610,-1000,,0,,,13.0,-110,-110,,,,,2,,0,Indianapolis,IN,1,218,,,,-5.0,"13,28","33,27",285,-500,7.5,-119,-110
ncaab:401368386,ncaab,2022-01-22T17:00Z,final,2641,277,Texas Tech,West Virginia,78,65,155,300,,0,,,4.5,-114,-110,,,,,2,,0,Lubbock,TX,1,976,,,,-6.0,"36,42","34,31",-275,220,-4.5,-110,-117
ncaab:401369660,ncaab,2022-01-22T17:00Z,final,311,2378,Maine,UMBC,46,88,350,-295,,0,,,8.5,-104,-110,,,,,2,,0,Bangor,ME,1,36,,,,-5.0,"20,26","45,43",175,-240,3.5,-114,-112
ncaab:401369864,ncaab,2022-01-22T17:00Z,final,150,183,Duke,Syracuse,79,59,-770,510,,0,,,-11.5,-110,-110,,,,,2,,0,Durham,NC,1,123,,,,-5.0,"36,43","22,37",-420,320,-6.5,-112,-114
ncaab:401369919,ncaab,2022-01-22T17:00Z,final,103,259,Boston College,Virginia Tech,68,63,215,-275,,0,,,6.0,-109,-110,,,,,2,,0,Chestnut Hill,MA,1,60,,,,-5.0,"31,37","33,30",165,-230,3.0,-109,-117
ncaab:401373556,ncaab,2022-01-22T17:00Z,final,2599,2550,St John's,Seton Hall,60,66,,,,0,,,,,,,,,,2,,0,New York,NY,1,10,,,,-5.0,"28,32","28,38",,,,,
ncaab:401373557,ncaab,2022-01-22T17:00Z,final,46,222,Georgetown,Villanova,74,85,750,-1250,,0,,,14.0,-109,-110,,,,,2,,0,Washington,DC,1,7,,,,-5.0,"40,34","37,48",310,-420,7.5,-111,-120
ncaab:401377725,ncaab,2022-01-22T17:00Z,void,58,218,South Florida,Temple,,,-1100,680,,0,,,-12.5,-115,-105,,,,,2,,0,Tampa,FL,1,1,,,,-5.0,,,,,,,
ncaab:401365798,ncaab,2022-01-22T17:30Z,final,227,45,Rhode Island,G Washington,61,63,,,,0,,,,,,,,,,2,,0,Kingston,RI,1,75,,,,-5.0,"33,28","25,38",,,,,
ncaab:401364880,ncaab,2022-01-22T18:00Z,final,57,238,Florida,Vanderbilt,61,42,-295,235,,0,,,-6.5,-110,-110,,,,,2,,0,Gainesville,FL,1,54,,,,-5.0,"31,30","28,14",-240,175,-3.5,-112,-114
ncaab:401364884,ncaab,2022-01-22T18:00Z,final,2,96,Auburn,Kentucky,80,71,-180,140,,0,,,-3.5,-110,-120,,,,,2,,0,Auburn,AL,1,215,,,,-6.0,"29,51","33,38",-159,132,-2.0,-113,-114
ncaab:401365451,ncaab,2022-01-22T18:00Z,final,48,2210,Delaware,Elon,80,77,-500,340,,0,,,-9.5,-110,-110,,,,,2,,0,Newark,DE,1,38,,,,-5.0,"44,36","32,45",-335,235,-5.0,-114,-113
ncaab:401365536,ncaab,2022-01-22T18:00Z,final,2678,236,VMI,Chattanooga,74,78,187,-232,,0,,,5.5,-112,-107,,,,,2,,0,Lexington,VA,1,324,,,,-5.0,"37,37","41,37",138,-186,2.5,-117,-109
ncaab:401367370,ncaab,2022-01-22T18:00Z,final,282,2674,Indiana St,Valparaiso,73,75,-175,140,,0,,,-3.5,-112,-108,,,,,2,,0,Terre Haute,IN,1,152,,,,-5.0,"40,33","35,40",-162,120,-1.5,-115,-112
ncaab:401368281,ncaab,2022-01-22T18:00Z,final,2739,2473,Green Bay,Oakland,61,68,307,-427,,0,,,8.5,-107,-112,,,,,2,,0,Ashwaubenon,WI,1,185,,,,-6.0,"26,35","38,30",220,-315,4.5,-109,-117
ncaab:401369661,ncaab,2022-01-22T18:00Z,final,160,2349,New Hampshire,UMass Lowell,67,61,-175,143,,0,,,-3.5,-118,-100,,,,,2,,0,Durham,NH,1,15,,,,-5.0,"30,37","26,35",-162,120,-1.5,-115,-110
ncaab:401376563,ncaab,2022-01-22T18:00Z,final,104,2329,Boston U,Lehigh,80,74,-435,325,,0,,,-8.5,-110,-111,,,,,2,,0,Boston,MA,1,14,,,,-5.0,"41,39","31,43",-315,225,-4.5,-117,-113
ncaab:401373099,ncaab,2022-01-22T18:30Z,final,2426,349,Navy,Army,73,74,-400,300,,0,,,-8.0,-110,-110,,,,,2,,0,Annapolis,MD,1,12,,,,-5.0,"40,25,8","18,47,9",-335,235,-5.0,-110,-120
ncaab:401364747,ncaab,2022-01-22T19:00Z,final,2005,36,Air Force,Colorado St,53,73,480,-690,,0,,,11.5,-110,-110,,,,,2,,0,Colorado Springs,CO,1,1832,,,,-7.0,"17,36","31,42",260,-375,5.5,-117,-109
ncaab:401365123,ncaab,2022-01-22T19:00Z,final,2711,189,W Michigan,Bowling Green,75,82,,,,0,,,,,,,,,,2,,0,Kalamazoo,MI,1,239,,,,-5.0,"40,35","41,41",,,,,
ncaab:401365449,ncaab,2022-01-22T19:00Z,final,2182,2729,Drexel,William & Mary,75,83,-1667,850,,0,,,-15.0,-100,-120,,,,,2,,0,Philadelphia,PA,1,12,,,,-5.0,"28,47","34,49",-625,390,-8.5,-116,-115
ncaab:401365450,ncaab,2022-01-22T19:00Z,final,119,350,Towson,UNC Wilmington,77,81,-530,390,,0,,,-9.5,-110,-110,,,,,2,,0,Towson,MD,1,141,,,,-5.0,"32,33,12","30,35,16",-360,250,-5.5,-108,-118
ncaab:401365801,ncaab,2022-01-22T19:00Z,final,2230,2166,Fordham,Davidson,66,69,490,-710,,0,,,11.5,-114,-115,,,,,2,,0,Bronx,NY,1,28,,,,-5.0,"31,35","24,45",240,-335,6.0,-117,-111
ncaab:401367465,ncaab,2022-01-22T19:00Z,final,2247,324,Georgia St,Coastal,68,72,-225,170,,0,,,-5.0,-112,-109,,,,,2,,0,Atlanta,GA,1,320,,,,-5.0,"30,29,9","26,33,13",-195,145,-2.5,-116,-113
ncaab:401368385,ncaab,2022-01-22T19:00Z,final,251,197,Texas,Oklahoma St,56,51,-607,440,,0,,,-10.0,-111,-109,,,,,2,,0,Austin,TX,1,149,,,,-6.0,"25,31","27,24",-360,260,-5.5,-117,-110
ncaab:401369741,ncaab,2022-01-22T19:00Z,final,171,225,Columbia,Brown,74,93,420,-590,,0,,,10.0,-120,-100,,,,,2,,0,New York,NY,1,10,,,,-5.0,"31,43","52,41",245,-360,5.5,-118,-109
ncaab:401369742,ncaab,2022-01-22T19:00Z,final,172,108,Cornell,Harvard,76,61,105,-126,,0,,,1.5,-109,-110,,,,,2,,0,Ithaca,NY,1,125,,,,-5.0,"32,44","37,24",-106,-127,0.5,-114,-113
ncaab:401369743,ncaab,2022-01-22T19:00Z,final,159,163,Dartmouth,Princeton,80,84,155,-190,,0,,,4.0,-108,-112,,,,,2,,0,Hanover,NH,1,162,,,,-5.0,"41,39","41,43",105,-139,1.0,-115,-112
ncaab:401370086,ncaab,2022-01-22T19:00Z,final,2390,52,Miami,Florida St,60,61,-146,122,,0,,,-2.5,-112,-115,,,,,2,,0,Coral Gables,FL,1,3,,,,-5.0,"19,41","43,18",-141,106,-1.0,-113,-113
ncaab:401370728,ncaab,2022-01-22T19:00Z,final,2737,2241,Winthrop,Gardner-Webb,64,62,-199,162,,0,,,-4.5,-112,-108,,,,,2,,0,Rock Hill,SC,1,207,,,,-5.0,"25,39","32,30",-182,135,-2.0,-118,-108
ncaab:401370731,ncaab,2022-01-22T19:00Z,final,2515,2427,Radford,UNC Asheville,74,78,-167,130,,0,,,-3.0,-118,-100,,,,,2,,0,Radford,VA,1,567,,,,-5.0,"26,38,10","36,28,14",-162,120,-1.5,-115,-114
ncaab:401372760,ncaab,2022-01-22T19:00Z,final,2393,2572,MTSU,Southern Miss,74,60,,,,0,,,,,,,,,,2,,0,Murfreesboro,TN,1,186,,,,-6.0,"30,44","33,27",,,,,
ncaab:401373343,ncaab,2022-01-22T19:00Z,final,2352,44,Loyola MD,American,78,73,-555,400,,0,,,-9.5,-109,-110,,,,,2,,0,Baltimore,MD,1,10,,,,-5.0,"37,41","37,36",-375,255,-5.5,-111,-118
ncaab:401377726,ncaab,2022-01-22T19:00Z,final,2116,2655,UCF,Tulane,68,66,-315,250,,0,,,-7.0,-110,-110,,,,,2,,0,Orlando,FL,1,30,,,,-5.0,"31,37","28,38",-250,185,-4.0,-111,-116
ncaab:401381719,ncaab,2022-01-22T19:00Z,void,2142,322,Colgate,Lafayette,,,,,,0,,,,,,,,,,2,,0,Hamilton,NY,1,181,,,,-5.0,,,,,,,
ncaab:401381734,ncaab,2022-01-22T19:00Z,final,107,2083,Holy Cross,Bucknell,65,68,-105,-124,,0,,,1.5,-109,-110,,,,,2,,0,Worcester,MA,1,147,,,,-5.0,"32,33","36,32",-106,-127,0.5,-117,-111
ncaab:401364395,ncaab,2022-01-22T19:15Z,void,194,158,Ohio State,Nebraska,,,,,,0,,,,,,,,,,2,,0,Columbus,OH,1,235,,,,-5.0,,,,,,,
ncaab:401369266,ncaab,2022-01-22T19:15Z,final,288,338,Lipscomb,Kennesaw St,77,73,-124,104,,0,,,-1.5,-110,-109,,,,,2,,0,Nashville,TN,1,170,,,,-6.0,"38,39","35,38",-127,-106,-0.5,-112,-114
ncaab:401365799,ncaab,2022-01-22T19:30Z,final,2670,2603,VCU,Saint Joseph's,70,54,-850,570,,0,,,-12.0,-110,-110,,,,,2,,0,Richmond,VA,1,64,,,,-5.0,"24,46","25,29",-480,320,-6.5,-113,-114
ncaab:401364743,ncaab,2022-01-22T20:00Z,final,2439,23,UNLV,San José St,70,62,-1026,629,,0,,,-13.0,-110,-109,,,,,2,,0,Las Vegas,NV,1,610,,,,-8.0,"38,32","24,38",-590,370,-7.5,-108,-118
ncaab:401365673,ncaab,2022-01-22T20:00Z,final,2710,2571,W Illinois,S Dakota St,75,93,,,,0,,,,,,,,,,2,,0,Macomb,IL,1,215,,,,-6.0,"29,46","40,53",,,,,
ncaab:401367464,ncaab,2022-01-22T20:00Z,final,290,2026,GA Southern,App State,62,70,,,,0,,,,,,,,,,2,,0,Statesboro,GA,1,77,,,,-5.0,"29,33","37,33",,,,,
ncaab:401367466,ncaab,2022-01-22T20:00Z,final,2433,6,UL Monroe,South Alabama,56,68,,,,0,,,,,,,,,,2,,0,Monroe,LA,1,23,,,,-6.0,"35,21","33,35",,,,,
ncaab:401367468,ncaab,2022-01-22T20:00Z,final,2031,250,Little Rock,UT Arlington,98,96,,,,0,,,,,,,,,,2,,0,Little Rock,AR,1,102,,,,-6.0,"35,34,6,11,12","26,43,6,11,10",,,,,
ncaab:401367469,ncaab,2022-01-22T20:00Z,final,2032,326,Arkansas St,Texas St,67,60,-105,-115,,0,,,1.0,-112,-109,,,,,2,,0,Jonesboro,AR,1,99,,,,-6.0,"32,35","32,28",-112,-120,0.0,-109,-117
ncaab:401368280,ncaab,2022-01-22T20:00Z,final,270,2174,Milwaukee,Detroit Mercy,58,71,-110,-110,,0,,,-0.5,-110,-110,,,,,2,,0,Milwaukee,WI,1,188,,,,-6.0,"34,24","33,38",-115,-115,-0.5,-111,-116
ncaab:401368383,ncaab,2022-01-22T20:00Z,final,201,239,Oklahoma,Baylor,51,65,152,-186,,0,,,4.0,-110,-110,,,,,2,,0,Norman,OK,1,357,,,,-6.0,"21,30","25,40",125,-152,1.5,-110,-115
ncaab:401370730,ncaab,2022-01-22T20:00Z,final,2506,2344,Presbyterian,Longwood,70,71,131,-156,,0,,,3.0,-106,-113,,,,,2,,0,Clinton,SC,1,76,,,,-5.0,"26,44","35,36",114,-152,1.5,-117,-109
ncaab:401371487,ncaab,2022-01-22T20:00Z,final,2534,2253,Sam Houston,Grand Canyon,58,56,109,-135,,0,,,1.5,-109,-110,,,,,2,,0,Huntsville,TX,1,113,,,,-6.0,"26,32","32,24",-106,-127,0.5,-114,-112
ncaab:401371488,ncaab,2022-01-22T20:00Z,final,2617,166,SF Austin,New Mexico St,58,72,,,,0,,,,,,,,,,2,,0,Nacogdoches,TX,1,92,,,,-6.0,"26,32","35,37",,,,,
ncaab:401372662,ncaab,2022-01-22T20:00Z,final,242,2429,Rice,Charlotte,64,67,-225,175,,0,,,-5.0,-112,-109,,,,,2,,0,Houston,TX,1,12,,,,-6.0,"36,28","30,37",-182,135,-2.5,-116,-111
ncaab:401373120,ncaab,2022-01-22T20:00Z,final,50,2016,Florida A&M,Alcorn St,70,68,-105,-115,,0,,,0.5,-108,-113,,,,,2,,0,Tallahassee,FL,1,62,,,,-5.0,"29,41","37,31",-112,-120,-0.5,-107,-121
ncaab:401369263,ncaab,2022-01-22T20:15Z,void,2110,2335,C Arkansas,Liberty,,,,,,0,,,,,,,,,,2,,0,Conway,AR,1,95,,,,-6.0,,,,,,,
ncaab:401364882,ncaab,2022-01-22T20:30Z,final,2579,61,South Carolina,Georgia,83,66,-480,350,,0,,,-9.0,-110,-110,,,,,2,,0,Columbia,SC,1,89,,,,-5.0,"36,47","42,24",-345,235,-5.5,-116,-113
ncaab:401365126,ncaab,2022-01-22T20:30Z,final,193,2459,Miami OH,N Illinois,85,82,-1650,800,,0,,,-14.5,-110,-115,,,,,2,,0,Oxford,OH,1,283,,,,-5.0,"27,47,11","37,37,8",-715,410,-8.0,-109,-117
ncaab:401367367,ncaab,2022-01-22T20:30Z,final,2350,2623,Loyola Chicago,Missouri St,69,79,-400,300,,0,,,-8.0,-110,-110,,,,,2,,0,Chicago,IL,1,179,,,,-6.0,"33,36","35,44",-295,210,-4.5,-110,-117
ncaab:401373163,ncaab,2022-01-22T20:30Z,final,2755,2400,Grambling,Miss Valley St,68,64,,,,0,,,,,,,,,,2,,0,Grambling,LA,1,93,,,,-6.0,"33,35","32,32",,,,,
ncaab:401364879,ncaab,2022-01-22T21:00Z,final,344,145,Mississippi St,Ole Miss,78,60,-770,500,,0,,,-11.0,-110,-110,,,,,2,,0,Starkville,MS,1,101,,,,-6.0,"42,36","41,19",-455,300,-6.0,-115,-112
ncaab:401365448,ncaab,2022-01-22T21:00Z,final,256,232,James Madison,Charleston,95,94,-160,130,,0,,,-3.0,-110,-110,,,,,2,,0,Harrisonburg,VA,1,404,,,,-5.0,"48,47","45,49",-150,112,-1.5,-109,-117
ncaab:401365532,ncaab,2022-01-22T21:00Z,final,2193,2643,ETSU,The Citadel,73,75,,,,0,,,,,,,,,,2,,0,Johnson City,TN,1,498,,,,-5.0,"32,41","30,45",,,,,
ncaab:401365676,ncaab,2022-01-22T21:00Z,final,2172,2437,Denver,Omaha,94,63,-295,230,,0,,,-6.5,-110,-110,,,,,2,,0,Denver,CO,1,1609,,,,-7.0,"50,44","24,39",-240,170,-3.5,-111,-120
ncaab:401368382,ncaab,2022-01-22T21:00Z,final,2306,2305,Kansas St,Kansas,75,78,210,-265,,0,,,6.0,-109,-110,,,,,2,,0,Manhattan,KS,1,311,,,,-6.0,"50,25","34,44",155,-186,3.0,-112,-116
ncaab:401368384,ncaab,2022-01-22T21:00Z,final,66,2628,Iowa State,TCU,44,59,-275,215,,0,,,-6.0,-110,-110,,,,,2,,0,Ames,IA,1,287,,,,-6.0,"23,21","34,25",-230,165,-3.5,-116,-112
ncaab:401369265,ncaab,2022-01-22T21:00Z,final,55,526,Jax State,FGCU,79,71,,,,0,,,,,,,,,,2,,0,Jacksonville,AL,1,216,,,,-6.0,"40,39","35,36",,,,,
ncaab:401369744,ncaab,2022-01-22T21:00Z,final,219,43,Penn,Yale,76,68,-107,-112,,0,,,1.0,-112,-109,,,,,2,,0,Philadelphia,PA,1,12,,,,-5.0,"35,41","23,45",-112,-120,0.0,-109,-117
ncaab:401370106,ncaab,2022-01-22T21:00Z,final,152,258,NC State,Virginia,77,63,,,,0,,,,,,,,,,2,,0,Raleigh,NC,1,96,,,,-5.0,"43,34","32,31",,,,,
ncaab:401370116,ncaab,2022-01-22T21:00Z,final,97,87,Louisville,Notre Dame,70,82,-165,133,,0,,,-3.5,-108,-117,,,,,2,,0,Louisville,KY,1,142,,,,-5.0,"45,25","38,44",-148,110,-1.5,-116,-112
ncaab:401370727,ncaab,2022-01-22T21:00Z,final,2908,2127,SC Upstate,Charleston So,70,57,-225,180,,0,,,-5.0,-112,-109,,,,,2,,0,Spartanburg,SC,1,246,,,,-5.0,"37,33","21,36",-220,160,-3.0,-114,-112
ncaab:401370729,ncaab,2022-01-22T21:00Z,final,2261,2272,Hampton,High Point,68,64,113,-136,,0,,,2.0,-109,-112,,,,,2,,0,Hampton,VA,1,1,,,,-5.0,"36,26,6","32,30,2",102,-134,0.5,-108,-118
ncaab:401371485,ncaab,2022-01-22T21:00Z,final,2000,2856,Abilene Chrstn,CA Baptist,77,68,,,,0,,,,,,,,,,2,,0,Abilene,TX,1,524,,,,-6.0,"33,44","25,43",,,,,
ncaab:401371489,ncaab,2022-01-22T21:00Z,final,3084,2320,Utah Valley,Lamar,58,41,-2500,1050,,0,,,-16.0,-107,-112,,,,,2,,0,Orem,UT,1,1455,,,,-7.0,"32,26","16,25",-1000,510,-9.0,-113,-114
ncaab:401372494,ncaab,2022-01-22T21:00Z,final,253,304,Southern Utah,Idaho St,86,74,-2500,1050,,0,,,-16.0,-110,-109,,,,,2,,0,Cedar City,UT,1,1782,,,,-7.0,"36,50","34,40",-910,500,-9.0,-113,-114
ncaab:401372515,ncaab,2022-01-22T21:00Z,final,2464,149,N Arizona,Montana,48,58,197,-245,,0,,,5.5,-109,-110,,,,,2,,0,Flagstaff,AZ,1,2104,,,,-7.0,"21,27","29,29",155,-210,3.0,-117,-109
ncaab:401372694,ncaab,2022-01-22T21:00Z,final,2226,276,FAU,Marshall,71,60,,,,0,,,,,,,,,,2,,0,Boca Raton,FL,1,4,,,,-5.0,"31,40","30,30",,,,,
ncaab:401372714,ncaab,2022-01-22T21:00Z,final,2348,5,Louisiana Tech,UAB,76,83,104,-124,,0,,,1.5,-109,-110,,,,,2,,0,Ruston,LA,1,102,,,,-6.0,"33,43","41,42",-106,-127,0.5,-117,-111
ncaab:401373074,ncaab,2022-01-22T21:00Z,final,2379,2569,MD Eastern,SC State,60,69,,,,0,,,,,,,,,,2,,0,Princess Anne,MD,1,5,,,,-5.0,"33,27","37,32",,,,,
ncaab:401373202,ncaab,2022-01-22T21:00Z,final,2634,2046,Tennessee St,Austin Peay,65,61,-146,122,,0,,,-2.5,-112,-109,,,,,2,,0,Nashville,TN,1,170,,,,-6.0,"31,34","31,30",-141,107,-1.0,-113,-113
ncaab:401373244,ncaab,2022-01-22T21:00Z,final,2413,2565,Morehead St,SIUE,77,74,,,,0,,,,,,,,,,2,,0,Morehead,KY,1,153,,,,-6.0,"33,44","32,42",,,,,
ncaab:401373688,ncaab,2022-01-22T21:00Z,final,299,300,Long Beach St,UC Irvine,73,67,195,-245,,0,,,5.5,-109,-110,,,,,2,,0,Long Beach,CA,1,9,,,,-8.0,"30,43","29,38",140,-190,2.5,-117,-109
ncaab:401373691,ncaab,2022-01-22T21:00Z,void,2540,302,Santa Barbara,UC Davis,,,,,,0,,,,,,,,,,2,,0,Santa Barbara,CA,1,15,,,,-8.0,,,,,,,
ncaab:401377977,ncaab,2022-01-22T21:00Z,final,2447,2545,Nicholls,SE Louisiana,93,101,,,,0,,,,,,,,,,2,,0,Thibodaux,LA,1,4,,,,-6.0,"46,47","49,52",,,,,
ncaab:401378597,ncaab,2022-01-22T21:00Z,final,2415,47,Morgan St,Howard,82,91,140,-175,,0,,,3.5,-108,-112,,,,,2,,0,Baltimore,MD,1,10,,,,-5.0,"43,39","46,45",120,-159,1.5,-110,-115
ncaab:401378655,ncaab,2022-01-22T21:00Z,final,2065,2296,Bethune,Jackson St,55,50,144,-175,,0,,,3.5,-108,-112,,,,,2,,0,Daytona Beach,FL,1,4,,,,-5.0,"27,28","25,25",123,-162,1.5,-112,-115
ncaab:401364396,ncaab,2022-01-22T21:30Z,final,2294,213,Iowa,Penn State,68,51,-660,420,,0,,,-10.5,-115,-110,,,,,2,,0,Iowa City,IA,1,204,,,,-6.0,"30,38","25,26",-385,245,-6.0,-112,-116
ncaab:401365800,ncaab,2022-01-22T21:30Z,final,2325,257,La Salle,Richmond,56,64,260,-360,,0,,,7.5,-110,-112,,,,,2,,0,Philadelphia,PA,1,12,,,,-5.0,"29,27","31,33",185,-250,4.0,-116,-116
ncaab:401369267,ncaab,2022-01-22T21:30Z,final,2453,56,North Alabama,Stetson,65,67,-200,163,,0,,,-4.5,-112,-111,,,,,2,,0,Florence,AL,1,167,,,,-6.0,"28,37","30,37",-205,150,-2.5,-121,-106
ncaab:401371650,ncaab,2022-01-22T21:30Z,final,357,2277,Texas A&M-CC,Hou Christian,71,77,,,,0,,,,,,,,,,2,,0,Corpus Christi,TX,1,2,,,,-6.0,"29,42","30,47",,,,,
ncaab:401373055,ncaab,2022-01-22T21:30Z,final,2169,2428,Delaware St,NC Central,49,73,,,,0,,,,,,,,,,2,,0,Dover,DE,1,9,,,,-5.0,"26,23","33,40",,,,,
ncaab:401373222,ncaab,2022-01-22T21:30Z,final,2197,2546,E Illinois,SE Missouri,58,87,,,,0,,,,,,,,,,2,,0,Charleston,IL,1,204,,,,-6.0,"32,26","51,36",,,,,
ncaab:401365534,ncaab,2022-01-22T22:00Z,final,2382,2717,Mercer,W Carolina,72,64,,,,0,,,,,,,,,,2,,0,Macon,GA,1,112,,,,-5.0,"25,47","28,36",,,,,
ncaab:401365535,ncaab,2022-01-22T22:00Z,final,2430,2535,UNC Greensboro,Samford,61,58,-275,215,,0,,,-6.0,-110,-110,,,,,2,,0,Greensboro,NC,1,266,,,,-5.0,"35,26","28,30",-225,163,-3.5,-112,-116
ncaab:401370726,ncaab,2022-01-22T22:00Z,final,2448,2097,NC A&T,Campbell,72,73,,,,0,,,,,,,,,,2,,0,Greensboro,NC,1,266,,,,-5.0,"44,28","43,30",,,,,
ncaab:401371648,ncaab,2022-01-22T22:00Z,final,2916,2377,Incarnate Word,McNeese,72,82,130,-165,,0,,,3.0,-108,-112,,,,,2,,0,San Antonio,TX,1,198,,,,-6.0,"28,44","49,33",114,-152,1.5,-118,-109
ncaab:401371649,ncaab,2022-01-22T22:00Z,final,2443,2466,LSU N Orleans,N'Western St,85,77,,,,0,,,,,,,,,,2,,0,New Orleans,LA,1,0,,,,-6.0,"44,41","31,46",,,,,
ncaab:401372423,ncaab,2022-01-22T22:00Z,final,331,2458,E Washington,N Colorado,83,87,,,,0,,,,,,,,,,2,,0,Cheney,WA,1,717,,,,-8.0,"40,43","40,47",,,,,
ncaab:401372448,ncaab,2022-01-22T22:00Z,final,70,16,Idaho,Sacramento St,73,72,-108,-111,,0,,,-0.5,-107,-113,,,,,2,,0,Moscow,ID,1,786,,,,-8.0,"33,34,6","25,42,5",-113,-118,0.0,-110,-115
ncaab:401373558,ncaab,2022-01-22T22:30Z,final,156,305,Creighton,DePaul,60,47,-590,420,,0,,,-10.0,-106,-114,,,,,2,,0,Omaha,NE,1,323,,,,-6.0,"23,37","32,15",-385,265,-5.5,-116,-112
ncaab:401364881,ncaab,2022-01-22T23:00Z,final,333,142,Alabama,Missouri,86,76,-3335,1200,,0,,,-18.5,-110,-109,,,,,2,,0,Tuscaloosa,AL,1,68,,,,-6.0,"36,50","40,36",-1250,600,-10.5,-110,-115
ncaab:401364885,ncaab,2022-01-22T23:00Z,final,2633,99,Tennessee,LSU,64,50,-245,195,,0,,,-5.5,-110,-109,,,,,2,,0,Knoxville,TN,1,276,,,,-5.0,"29,35","24,26",-195,160,-3.0,-112,-116
ncaab:401367368,ncaab,2022-01-22T23:00Z,final,2460,2181,Northern Iowa,Drake,74,82,-181,147,,0,,,-4.0,-113,-107,,,,,2,,0,Cedar Falls,IA,1,268,,,,-6.0,"41,29,4","34,36,12",-162,120,-1.5,-115,-110
ncaab:401369936,ncaab,2022-01-22T23:00Z,final,228,221,Clemson,Pitt,75,48,-500,350,,0,,,-9.0,-110,-110,,,,,2,,0,Clemson,SC,1,221,,,,-5.0,"38,37","27,21",-345,240,-5.0,-114,-114
ncaab:401372770,ncaab,2022-01-22T23:00Z,final,249,295,North Texas,Old Dominion,69,56,-715,480,,0,,,-10.5,-109,-110,,,,,2,,0,Denton,TX,1,201,,,,-6.0,"40,29","21,35",-435,295,-6.0,-112,-116
ncaab:401373778,ncaab,2022-01-22T23:00Z,final,2450,2154,Norfolk St,Coppin St,84,77,-315,247,,0,,,-7.0,-112,-107,,,,,2,,0,Norfolk,VA,1,2,,,,-5.0,"39,45","28,49",-278,200,-4.5,-111,-116
ncaab:401377727,ncaab,2022-01-22T23:00Z,final,248,151,Houston,East Carolina,79,36,-5000,1400,,0,,,-19.0,-110,-109,,,,,2,,0,Houston,TX,1,12,,,,-6.0,"44,35","14,22",-825,510,-10.5,-115,-112
ncaab:401373179,ncaab,2022-01-22T23:30Z,final,2504,2011,Prairie View,Alabama St,70,67,-245,195,,0,,,-5.5,-110,-109,,,,,2,,0,Prairie View,TX,1,82,,,,-6.0,"29,41","34,33",-235,170,-3.5,-109,-117
ncaab:401377425,ncaab,2022-01-22T23:30Z,final,254,30,Utah,USC,67,79,195,-245,,0,,,5.5,-110,-110,,,,,2,,0,Salt Lake City,UT,1,1299,,,,-7.0,"30,37","35,44",155,-210,3.0,-117,-109
ncaab:401376579,ncaab,2022-01-22T23:35Z,final,2582,2029,Southern,AR-Pine Bluff,99,51,,,,0,,,,,,,,,,2,,0,Baton Rouge,LA,1,14,,,,-6.0,"60,39","21,30",,,,,
ncaab:401365121,ncaab,2022-01-23T00:00Z,final,2006,2199,Akron,E Michigan,46,44,,,,0,,,,,,,,,,2,,0,Akron,OH,1,291,,,,-5.0,"23,23","29,15",,,,,
ncaab:401365122,ncaab,2022-01-23T00:00Z,void,2117,2050,C Michigan,Ball State,,,,,,0,,,,,,,,,,2,,0,Mount Pleasant,MI,1,235,,,,-5.0,,,,,,,
ncaab:401365533,ncaab,2022-01-23T00:00Z,final,2747,231,Wofford,Furman,50,75,-125,104,,0,,,-1.5,-110,-109,,,,,2,,0,Spartanburg,SC,1,246,,,,-5.0,"27,23","37,38",-127,-106,-0.5,-112,-114
ncaab:401365802,ncaab,2022-01-23T00:00Z,final,2244,2168,George Mason,Dayton,50,49,120,-148,,0,,,2.5,-118,-110,,,,,2,,0,Fairfax,VA,1,131,,,,-5.0,"25,25","24,25",107,-143,1.0,-114,-113
ncaab:401369262,ncaab,2022-01-23T00:00Z,final,91,294,Bellarmine,Jacksonville,76,73,-245,195,,0,,,-5.5,-107,-113,,,,,2,,0,Louisville,KY,1,142,,,,-5.0,"30,33,13","31,32,10",-240,175,-3.5,-109,-117
ncaab:401369264,ncaab,2022-01-23T00:00Z,final,2198,2454,E Kentucky,North Florida,67,58,,,,0,,,,,,,,,,2,,0,Richmond,KY,1,289,,,,-5.0,"41,26","26,32",,,,,
ncaab:401369658,ncaab,2022-01-23T00:00Z,final,2885,2066,NJIT,Binghamton,57,68,,,,0,,,,,,,,,,2,,0,Newark,NJ,1,9,,,,-5.0,"33,24","29,39",,,,,
ncaab:401369659,ncaab,2022-01-23T00:00Z,final,261,42,Vermont,Hartford,82,72,-1921,990,,0,,,-15.5,-110,-109,,,,,2,,0,Burlington,VT,1,61,,,,-5.0,"45,37","28,44",-625,390,-8.5,-117,-109
ncaab:401369662,ncaab,2022-01-23T00:00Z,final,399,2619,UAlbany,Stony Brook,75,86,,,,0,,,,,,,,,,2,,0,Albany,NY,1,45,,,,-5.0,"35,40","40,46",,,,,
ncaab:401372850,ncaab,2022-01-23T00:00Z,final,2229,98,FIU,Western KY,86,83,,,,0,,,,,,,,,,2,,0,Miami,FL,1,2,,,,-5.0,"42,44","38,45",,,,,
ncaab:401381759,ncaab,2022-01-23T00:00Z,final,2640,2010,Texas Southern,Alabama A&M,78,44,-835,525,,0,,,-11.5,-110,-110,,,,,2,,0,Houston,TX,1,12,,,,-6.0,"42,36","20,24",-455,310,-6.5,-112,-114
ncaab:401364746,ncaab,2022-01-23T00:30Z,final,2751,167,Wyoming,New Mexico,93,91,-910,570,,0,,,-12.0,-110,-109,,,,,2,,0,Laramie,WY,1,2184,,,,-7.0,"41,52","34,57",-435,300,-6.5,-118,-109
ncaab:401371183,ncaab,2022-01-23T00:30Z,final,2492,2539,Pepperdine,San Francisco,45,71,680,-1100,,0,,,13.5,-109,-110,,,,,2,,0,Malibu,CA,1,32,,,,-8.0,"20,25","33,38",300,-435,7.5,-108,-123
ncaab:401365674,ncaab,2022-01-23T01:00Z,final,2900,233,St Thomas,South Dakota,79,90,,,,0,,,,,,,,,,2,,0,Saint Paul,MN,1,242,,,,-6.0,"43,36","43,47",,,,,
ncaab:401365675,ncaab,2022-01-23T01:00Z,final,140,155,Kansas City,North Dakota,79,74,-649,455,,0,,,-10.5,-110,-110,,,,,2,,0,Kansas City,MO,1,274,,,,-6.0,"34,45","33,41",-420,280,-6.0,-112,-116
ncaab:401365677,ncaab,2022-01-23T01:00Z,final,198,2449,Oral Roberts,N Dakota St,71,72,,,,0,,,,,,,,,,2,,0,Tulsa,OK,1,220,,,,-6.0,"39,32","42,30",,,,,
ncaab:401367369,ncaab,2022-01-23T01:00Z,final,71,79,Bradley,S Illinois,70,62,,,,0,,,,,,,,,,2,,0,Peoria,IL,1,153,,,,-6.0,"38,32","34,28",,,,,
ncaab:401367467,ncaab,2022-01-23T01:00Z,final,309,2653,Louisiana,Troy,69,59,-205,162,,0,,,-4.5,-112,-108,,,,,2,,0,Lafayette,LA,1,11,,,,-6.0,"30,39","28,31",-182,135,-2.0,-118,-109
ncaab:401368283,ncaab,2022-01-23T01:00Z,final,82,2750,UIC,Wright St,81,97,123,-146,,0,,,2.5,-110,-110,,,,,2,,0,Chicago,IL,1,179,,,,-6.0,"46,35","52,45",108,-143,1.0,-112,-115
ncaab:401370067,ncaab,2022-01-23T01:00Z,final,154,153,Wake Forest,North Carolina,98,76,-115,-105,,0,,,-1.0,-107,-113,,,,,2,,0,Winston-Salem,NC,1,293,,,,-5.0,"46,52","36,40",-120,-112,0.0,-117,-109
ncaab:401371486,ncaab,2022-01-23T01:00Z,final,2627,2547,Tarleton St,Seattle U,68,76,-127,117,,0,,,-2.0,-107,-112,,,,,2,,0,Stephenville,TX,1,388,,,,-6.0,"32,36","35,41",-127,-106,-0.5,-112,-114
ncaab:401373291,ncaab,2022-01-23T01:00Z,final,93,2630,Murray St,UT Martin,74,66,,,,0,,,,,,,,,,2,,0,Murray,KY,1,163,,,,-6.0,"32,42","29,37",,,,,
ncaab:401377426,ncaab,2022-01-23T01:00Z,void,204,265,Oregon St,Washington St,,,-1800,920,,0,,,-15.5,-106,-114,,,,,2,,0,Corvallis,OR,1,71,,,,-8.0,,,,,,,
ncaab:401364883,ncaab,2022-01-23T01:30Z,final,8,245,Arkansas,Texas A&M,76,73,-480,350,,0,,,-9.0,-110,-110,,,,,2,,0,Fayetteville,AR,1,427,,,,-6.0,"33,31,12","29,35,9",-375,255,-5.0,-124,-104
ncaab:401371226,ncaab,2022-01-23T01:30Z,final,279,301,Pacific,San Diego,65,73,112,-136,,0,,,2.0,-109,-112,,,,,2,,0,Stockton,CA,1,4,,,,-8.0,"35,30","44,29",112,-150,1.0,-108,-118
ncaab:401371224,ncaab,2022-01-23T02:00Z,final,252,2501,BYU,Portland,78,65,-4446,1400,,0,,,-19.5,-110,-109,,,,,2,,0,Provo,UT,1,1387,,,,-7.0,"39,39","34,31",-1667,650,-11.5,-116,-111
ncaab:401371490,ncaab,2022-01-23T02:00Z,final,3101,292,Utah Tech,UT Rio Grande,85,74,,,,0,,,,,,,,,,2,,0,St. George,UT,1,823,,,,-7.0,"50,35","33,41",,,,,
ncaab:401373690,ncaab,2022-01-23T02:00Z,final,2239,28,Fullerton,UC San Diego,83,80,-465,345,,0,,,-9.0,-110,-110,,,,,2,,0,Fullerton,CA,1,50,,,,-8.0,"46,37","41,39",-335,235,-5.0,-113,-113
ncaab:401377427,ncaab,2022-01-23T02:00Z,final,38,26,Colorado,UCLA,65,71,143,-175,,0,,,3.5,-110,-112,,,,,2,,0,Boulder,CO,1,1624,,,,-7.0,"28,37","43,28",120,-162,1.5,-110,-116
ncaab:401364744,ncaab,2022-01-23T02:30Z,final,21,68,San Diego St,Boise St,37,42,-210,170,,0,,,-4.5,-112,-108,,,,,2,,0,San Diego,CA,1,20,,,,-8.0,"23,14","22,20",-210,155,-2.5,-116,-111
ncaab:401371225,ncaab,2022-01-23T03:00Z,final,2351,2608,LMU,Saint Mary's,51,83,,,,0,,,,,,,,,,2,,0,Los Angeles,CA,1,89,,,,-8.0,"26,25","37,46",,,,,
ncaab:401372537,ncaab,2022-01-23T03:00Z,final,2502,147,Portland St,Montana St,60,73,120,-154,,0,,,3.0,-105,-115,,,,,2,,0,Portland,OR,1,12,,,,-8.0,"32,28","35,38",120,-162,1.5,-110,-115
ncaab:401373687,ncaab,2022-01-23T03:00Z,final,2463,27,CSU Northridge,UC Riverside,67,77,,,,0,,,,,,,,,,2,,0,Northridge,CA,1,246,,,,-8.0,"30,37","48,29",,,,,
ncaab:401373689,ncaab,2022-01-23T03:00Z,final,13,62,Cal Poly,Hawai'i,56,69,,,,0,,,,,,,,,,2,,0,San Luis Obispo,CA,1,71,,,,-8.0,"34,22","36,33",,,,,
ncaab:401377428,ncaab,2022-01-23T04:00Z,final,24,9,Stanford,Arizona St,79,76,-245,195,,0,,,-5.5,-110,-110,,,,,2,,0,Stanford,CA,1,23,,,,-8.0,"42,37","32,44",-210,155,-3.0,-112,-116
ncaab:401373559,ncaab,2022-01-23T17:00Z,final,2507,2086,Providence,Butler,69,62,122,340,,0,,,2.5,-108,-110,,,,,2,,0,Providence,RI,1,2,,,,-5.0,"39,30","33,29",-305,240,-5.0,-116,-112
ncaab:401364399,ncaab,2022-01-23T18:00Z,final,2509,77,Purdue,Northwestern,80,60,-835,575,,0,,,-12.0,-110,-109,,,,,2,,0,West Lafayette,IN,1,186,,,,-5.0,"40,40","28,32",-420,300,-6.5,-119,-110
ncaab:401365344,ncaab,2022-01-23T18:00Z,final,2099,2612,Canisius,Saint Peter's,63,60,,,,0,,,,,,,,,,2,,0,Buffalo,NY,1,183,,,,-5.0,"33,30","34,26",,,,,
ncaab:401365346,ncaab,2022-01-23T18:00Z,final,315,2520,Niagara,Rider,67,70,-335,255,,0,,,-7.0,-110,-110,,,,,2,,0,Niagara Falls,NY,1,187,,,,-5.0,"42,25","25,45",-265,188,-4.0,-114,-112
ncaab:401370810,ncaab,2022-01-23T18:00Z,final,2803,2597,Bryant,St Francis BK,85,68,,,,0,,,,,,,,,,2,,0,Smithfield,RI,1,84,,,,-5.0,"51,34","33,35",,,,,
ncaab:401365343,ncaab,2022-01-23T19:00Z,final,2514,314,Quinnipiac,Iona,61,76,285,-400,,0,,,8.5,-109,-110,,,,,2,,0,Hamden,CT,1,31,,,,-5.0,"33,28","33,43",220,-315,4.5,-109,-117
ncaab:401365345,ncaab,2022-01-23T19:00Z,final,2405,2363,Monmouth,Manhattan,78,62,-385,290,,0,,,-8.0,-110,-110,,,,,2,,0,West Long Branch,NJ,1,9,,,,-5.0,"35,43","31,31",-335,235,-5.0,-113,-113
ncaab:401365347,ncaab,2022-01-23T19:00Z,final,2368,2217,Marist,Fairfield,66,69,-161,132,,0,,,-3.0,-110,-110,,,,,2,,0,Poughkeepsie,NY,1,62,,,,-5.0,"31,35","36,33",-152,114,-1.5,-109,-121
ncaab:401367371,ncaab,2022-01-23T19:00Z,final,339,2287,Evansville,Illinois St,56,53,163,-200,,0,,,4.5,-113,-109,,,,,2,,0,Evansville,IN,1,118,,,,-6.0,"19,37","25,28",148,-205,3.0,-110,-115
ncaab:401368285,ncaab,2022-01-23T19:00Z,final,2870,2754,Purdue FW,Youngstown St,82,71,-186,150,,0,,,-4.0,-112,-108,,,,,2,,0,Fort Wayne,IN,1,247,,,,-5.0,"32,50","25,46",-175,128,-2.0,-112,-114
ncaab:401370859,ncaab,2022-01-23T19:00Z,final,116,2115,Mount St Marys,C Connecticut,65,50,,,,0,,,,,,,,,,2,,0,Emmitsburg,MD,1,133,,,,-5.0,"27,38","16,34",,,,,
ncaab:401373560,ncaab,2022-01-23T19:00Z,final,269,2752,Marquette,Xavier,75,64,110,-130,,0,,,2.0,-120,-102,,,,,2,,0,Milwaukee,WI,1,188,,,,-6.0,"33,42","29,35",104,-125,0.5,-109,-117
ncaab:401365803,ncaab,2022-01-23T19:30Z,final,139,113,Saint Louis,UMass,90,59,,,,0,,,,,,,,,,2,,0,St. Louis,MO,1,142,,,,-6.0,"37,53","28,31",,,,,
ncaab:401368284,ncaab,2022-01-23T20:00Z,final,325,2523,Cleveland St,Robert Morris,75,68,-1115,650,,0,,,-13.0,-110,-109,,,,,2,,0,Cleveland,OH,1,199,,,,-5.0,"30,45","35,33",-435,300,-7.0,-111,-116
ncaab:401370852,ncaab,2022-01-23T20:00Z,final,2771,2681,Merrimack,Wagner,57,71,400,-560,,0,,,9.5,-115,-105,,,,,2,,0,North Andover,MA,1,29,,,,-5.0,"28,29","30,41",250,-375,6.0,-125,-106
ncaab:401377429,ncaab,2022-01-23T20:00Z,final,25,12,California,Arizona,71,96,740,-1200,,0,,,13.5,-110,-110,,,,,2,,0,Berkeley,CA,1,52,,,,-8.0,"27,44","48,48",300,-400,7.0,-111,-119
ncaab:401377728,ncaab,2022-01-23T20:00Z,final,202,235,Tulsa,Memphis,81,83,130,-157,,0,,,3.0,-110,-110,,,,,2,,0,Tulsa,OK,1,220,,,,-6.0,"46,35","33,50",114,-152,1.5,-117,-109
ncaab:401364398,ncaab,2022-01-23T20:30Z,final,84,130,Indiana,Michigan,62,80,-186,155,,0,,,-3.5,-114,-115,,,,,2,,0,Bloomington,IN,1,235,,,,-5.0,"30,32","38,42",-162,133,-2.0,-113,-114
ncaab:401370886,ncaab,2022-01-23T21:00Z,final,2598,2529,Saint Francis,Sacred Heart,85,74,,,,0,,,,,,,,,,2,,0,Loretto,PA,1,595,,,,-5.0,"39,46","41,33",,,,,
ncaab:401372841,ncaab,2022-01-23T21:00Z,final,2636,2638,UTSA,UTEP,54,59,270,-345,,0,,,7.5,-110,-110,,,,,2,,0,San Antonio,TX,1,198,,,,-6.0,"20,34","30,29",195,-278,4.0,-112,-114
ncaab:401377729,ncaab,2022-01-23T22:00Z,void,2567,2724,SMU,Wichita St,,,,,,0,,,,,,,,,,2,,0,Dallas,TX,1,128,,,,-6.0,,,,,,,
ncaab:401405812,ncaab,2022-01-23T22:00Z,final,59,2861,Georgia Tech,Clayton St,103,53,,,,0,,,,,,,,,,2,,0,Atlanta,GA,1,320,,,,-5.0,"51,52","20,33",,,,,
ncaab:401370832,ncaab,2022-01-24T00:00Z,final,161,112358,FDU,Long Island,75,79,,,,0,,,,,,,,,,2,,0,Hackensack,NJ,1,6,,,,-5.0,"38,37","34,45",,,,,
ncaab:401377430,ncaab,2022-01-24T03:00Z,final,2483,264,Oregon,Washington,84,56,-714,450,,0,,,-11.0,-110,-110,,,,,2,,0,Eugene,OR,1,131,,,,-8.0,"48,36","13,43",-345,270,-6.5,-115,-112
ncaab:401402998,ncaab,2022-01-24T22:00Z,final,338,294,Kennesaw St,Jacksonville,76,68,-125,143,,0,,,1.5,-110,-108,,,,,2,,0,Kennesaw,GA,1,332,,,,-5.0,"43,33","35,33",-162,120,-1.5,-115,-110
ncaab:401400264,ncaab,2022-01-24T23:00Z,final,2197,2057,E Illinois,Belmont,56,90,,,,0,,,,,,,,,,2,,0,Charleston,IL,1,204,,,,-6.0,"23,33","45,45",,,,,
ncaab:401402801,ncaab,2022-01-24T23:00Z,final,2261,2344,Hampton,Longwood,48,73,295,-385,,0,,,8.0,-113,-107,,,,,2,,0,Hampton,VA,1,1,,,,-5.0,"17,31","39,34",195,-275,4.5,-118,-108
ncaab:401403744,ncaab,2022-01-24T23:00Z,final,154,103,Wake Forest,Boston College,87,57,-625,450,,0,,,-10.5,-110,-112,,,,,2,,0,Winston-Salem,NC,1,293,,,,-5.0,"39,48","24,33",-335,245,-6.0,-109,-117
ncaab:401406797,ncaab,2022-01-24T23:00Z,final,2272,2737,High Point,Winthrop,65,56,143,-175,,0,,,3.5,-110,-110,,,,,2,,0,High Point,NC,1,281,,,,-5.0,"26,39","29,27",116,-157,1.5,-110,-115
ncaab:401369663,ncaab,2022-01-25T00:00Z,final,311,160,Maine,New Hampshire,71,64,392,-539,,0,,,10.0,-112,-107,,,,,2,,0,Bangor,ME,1,36,,,,-5.0,"32,39","23,41",225,-315,5.0,-112,-114
ncaab:401370048,ncaab,2022-01-25T00:00Z,final,258,97,Virginia,Louisville,64,52,-210,165,,0,,,-5.0,-110,-114,,,,,2,,0,Charlottesville,VA,1,142,,,,-5.0,"35,29","23,29",-186,155,-2.5,-114,-113
ncaab:401378598,ncaab,2022-01-25T00:00Z,final,2450,2415,Norfolk St,Morgan St,82,62,-345,270,,0,,,-7.5,-115,-110,,,,,2,,0,Norfolk,VA,1,2,,,,-5.0,"35,47","33,29",-275,195,-4.0,-114,-112
ncaab:401381852,ncaab,2022-01-25T00:00Z,final,2142,2352,Colgate,Loyola MD,65,52,-715,500,,0,,,-11.0,-110,-110,,,,,2,,0,Hamilton,NY,1,181,,,,-5.0,"27,38","28,24",-385,265,-6.0,-115,-110
ncaab:401400265,ncaab,2022-01-25T00:00Z,final,2413,2634,Morehead St,Tennessee St,67,54,-1115,655,,0,,,-13.0,-110,-109,,,,,2,,0,Morehead,KY,1,153,,,,-6.0,"41,26","32,22",-500,300,-7.5,-108,-118
ncaab:401401149,ncaab,2022-01-25T00:00Z,final,111,350,Northeastern,UNC Wilmington,68,74,-148,120,,0,,,-2.5,-112,-109,,,,,2,,0,Boston,MA,1,14,,,,-5.0,"38,30","36,38",-143,107,-1.0,-113,-113
ncaab:401402479,ncaab,2022-01-25T00:00Z,final,44,322,American,Lafayette,56,69,-130,-105,,0,,,-1.5,-114,-106,,,,,2,,0,Washington,DC,1,7,,,,-5.0,"29,27","37,32",-120,-112,0.0,-117,-109
ncaab:401402610,ncaab,2022-01-25T00:00Z,final,48,119,Delaware,Towson,62,69,-124,103,,0,,,-1.5,-110,-109,,,,,2,,0,Newark,DE,1,38,,,,-5.0,"29,33","31,38",-127,-106,-0.5,-112,-114
ncaab:401403796,ncaab,2022-01-25T00:00Z,final,145,57,Ole Miss,Florida,70,54,155,-190,,0,,,4.0,-108,-112,,,,,2,,0,Oxford,MS,1,154,,,,-6.0,"22,48","22,32",128,-152,2.0,-115,-113
ncaab:401406670,ncaab,2022-01-25T00:00Z,final,55,91,Jax State,Bellarmine,65,60,,,,0,,,,,,,,,,2,,0,Jacksonville,AL,1,216,,,,-6.0,"30,35","29,31",,,,,
ncaab:401406708,ncaab,2022-01-25T00:00Z,final,2244,2603,George Mason,Saint Joseph's,77,71,-335,255,,0,,,-7.0,-110,-110,,,,,2,,0,Fairfax,VA,1,131,,,,-5.0,"33,44","37,34",-250,185,-4.0,-111,-116
ncaab:401408013,ncaab,2022-01-25T00:00Z,final,2710,233,W Illinois,South Dakota,72,75,,,,0,,,,,,,,,,2,,0,Macomb,IL,1,215,,,,-6.0,"36,36","40,35",,,,,
ncaab:401408371,ncaab,2022-01-25T00:00Z,final,2473,2391,Oakland,UM Dearborn,104,61,,,,0,,,,,,,,,,2,,0,Rochester,MI,1,229,,,,-5.0,"50,54","26,35",,,,,
ncaab:401408548,ncaab,2022-01-25T00:00Z,final,140,125330,Kansas City,Spurgeon,111,44,,,,0,,,,,,,,,,2,,0,Kansas City,MO,1,274,,,,-6.0,"60,51","23,21",,,,,
ncaab:401373056,ncaab,2022-01-25T00:30Z,final,2169,2569,Delaware St,SC State,62,64,,,,0,,,,,,,,,,2,,0,Dover,DE,1,9,,,,-5.0,"33,29","39,25",,,,,
ncaab:401373075,ncaab,2022-01-25T00:30Z,final,2379,2428,MD Eastern,NC Central,63,75,,,,0,,,,,,,,,,2,,0,Princess Anne,MD,1,5,,,,-5.0,"33,30","43,32",,,,,
ncaab:401373121,ncaab,2022-01-25T00:30Z,final,2065,2016,Bethune,Alcorn St,67,70,118,-143,,0,,,2.5,-110,-110,,,,,2,,0,Daytona Beach,FL,1,4,,,,-5.0,"35,32","32,38",106,-141,1.0,-114,-113
ncaab:401373143,ncaab,2022-01-25T00:30Z,final,50,2296,Florida A&M,Jackson St,67,64,-115,-105,,0,,,-1.0,-110,-110,,,,,2,,0,Tallahassee,FL,1,62,,,,-5.0,"35,32","27,37",-120,-112,0.0,-117,-109
ncaab:401373779,ncaab,2022-01-25T00:30Z,final,2154,47,Coppin St,Howard,83,81,116,-137,,0,,,2.5,-109,-111,,,,,2,,0,Baltimore,MD,1,10,,,,-5.0,"41,42","50,31",100,-134,0.5,-108,-118
ncaab:401405188,ncaab,2022-01-25T00:30Z,final,2066,42,Binghamton,Hartford,74,64,143,-170,,0,,,3.5,-105,-115,,,,,2,,0,Binghamton,NY,1,264,,,,-5.0,"31,43","40,24",108,-143,1.0,-110,-115
ncaab:401398632,ncaab,2022-01-25T01:00Z,final,2630,2565,UT Martin,SIUE,76,70,,,,0,,,,,,,,,,2,,0,Martin,TN,1,124,,,,-6.0,"34,42","22,48",,,,,
ncaab:401398913,ncaab,2022-01-25T01:00Z,final,93,2635,Murray St,Tennessee Tech,79,53,-2396,1000,,0,,,-17.5,-110,-109,,,,,2,,0,Murray,KY,1,163,,,,-6.0,"39,40","24,29",-770,450,-10.5,-109,-117
ncaab:401403745,ncaab,2022-01-25T01:00Z,final,153,259,North Carolina,Virginia Tech,78,68,-210,170,,0,,,-4.5,-112,-108,,,,,2,,0,Chapel Hill,NC,1,148,,,,-5.0,"37,41","33,35",-175,140,-2.5,-114,-114
ncaab:401405378,ncaab,2022-01-25T01:00Z,final,2464,16,N Arizona,Sacramento St,70,65,-176,144,,0,,,-3.5,-112,-108,,,,,2,,0,Flagstaff,AZ,1,2104,,,,-7.0,"27,43","25,40",-167,128,-1.5,-115,-110
ncaab:401373164,ncaab,2022-01-25T01:30Z,final,2755,2029,Grambling,AR-Pine Bluff,76,65,,,,0,,,,,,,,,,2,,0,Grambling,LA,1,93,,,,-6.0,"30,46","39,26",,,,,
ncaab:401373180,ncaab,2022-01-25T01:30Z,final,2504,2010,Prairie View,Alabama A&M,72,48,-262,210,,0,,,-6.0,-109,-112,,,,,2,,0,Prairie View,TX,1,82,,,,-6.0,"44,28","16,32",-225,163,-3.0,-115,-110
ncaab:401380977,ncaab,2022-01-25T01:30Z,final,2582,2400,Southern,Miss Valley St,100,72,,,,0,,,,,,,,,,2,,0,Baton Rouge,LA,1,14,,,,-6.0,"49,51","38,34",,,,,
ncaab:401382339,ncaab,2022-01-25T01:30Z,final,2640,2011,Texas Southern,Alabama St,73,66,-715,500,,0,,,-11.0,-110,-110,,,,,2,,0,Houston,TX,1,12,,,,-6.0,"29,44","26,40",-385,255,-6.0,-115,-110
ncaab:401368387,ncaab,2022-01-25T02:00Z,final,2305,2641,Kansas,Texas Tech,94,91,-335,260,,0,,,-7.5,-110,-110,,,,,2,,0,Lawrence,KS,1,263,,,,-6.0,"36,39,11,8","30,45,11,5",-245,200,-4.0,-114,-112
ncaab:401372621,ncaab,2022-01-25T02:00Z,final,253,2692,Southern Utah,Weber St,84,92,-141,118,,0,,,-2.5,-109,-111,,,,,2,,0,Cedar City,UT,1,1782,,,,-7.0,"35,49","44,48",-155,115,-1.5,-112,-114
ncaab:401398906,ncaab,2022-01-25T02:00Z,final,2550,2599,Seton Hall,St John's,63,84,,,,0,,,,,,,,,,2,,0,South Orange,NJ,1,45,,,,-5.0,"36,27","46,38",,,,,
ncaab:401402465,ncaab,2022-01-25T02:00Z,final,2541,301,Santa Clara,San Diego,78,74,-450,320,,0,,,-9.0,-110,-110,,,,,2,,0,Santa Clara,CA,1,23,,,,-8.0,"32,38,8","34,36,4",-335,230,-5.0,-114,-113
ncaab:401403778,ncaab,2022-01-25T02:00Z,final,304,331,Idaho St,E Washington,63,89,,,,0,,,,,,,,,,2,,0,Pocatello,ID,1,1360,,,,-7.0,"22,41","52,37",,,,,
ncaab:401408372,ncaab,2022-01-25T02:00Z,final,21,2439,San Diego St,UNLV,80,55,-670,440,,0,,,-10.5,-110,-110,,,,,2,,0,San Diego,CA,1,20,,,,-8.0,"42,38","23,32",-375,250,-6.0,-112,-116
ncaab:401402852,ncaab,2022-01-25T03:00Z,final,2502,70,Portland St,Idaho,79,84,-375,290,,0,,,-8.0,-107,-113,,,,,2,,0,Portland,OR,1,12,,,,-8.0,"42,37","42,42",-250,185,-4.0,-108,-118
ncaab:401405169,ncaab,2022-01-25T04:00Z,final,30,9,USC,Arizona St,78,56,-833,510,,0,,,-12.0,-110,-110,,,,,2,,0,Los Angeles,CA,1,89,,,,-8.0,"31,47","24,32",-345,255,-6.5,-112,-114
ncaab:401364886,ncaab,2022-01-25T23:30Z,final,61,333,Georgia,Alabama,82,76,775,-1401,,0,,,14.5,-115,-106,,,,,2,,0,Athens,GA,1,228,,,,-5.0,"36,46","42,34",310,-400,7.5,-110,-120
ncaab:401365804,ncaab,2022-01-25T23:30Z,final,227,257,Rhode Island,Richmond,63,70,-200,-148,,0,,,-4.5,-110,-112,,,,,2,,0,Kingston,RI,1,75,,,,-5.0,"39,24","26,44",-107,-134,0.5,-109,-118
ncaab:401364401,ncaab,2022-01-26T00:00Z,final,356,127,Illinois,Michigan St,56,55,-134,112,,0,,,-2.0,-111,-109,,,,,2,,0,Champaign,IL,1,225,,,,-6.0,"34,22","20,35",-127,106,-0.5,-118,-109
ncaab:401365127,ncaab,2022-01-26T00:00Z,final,2050,193,Ball State,Miami OH,81,64,113,-134,,0,,,2.0,-109,-111,,,,,2,,0,Muncie,IN,1,284,,,,-5.0,"31,50","19,45",100,-134,0.5,-108,-118
ncaab:401365128,ncaab,2022-01-26T00:00Z,final,2649,2084,Toledo,Buffalo,86,75,-200,165,,0,,,-4.5,-110,-110,,,,,2,,0,Toledo,OH,1,186,,,,-5.0,"41,45","41,34",-200,148,-2.5,-118,-109
ncaab:401365129,ncaab,2022-01-26T00:00Z,final,2309,2711,Kent State,W Michigan,75,64,,,,0,,,,,,,,,,2,,0,Kent,OH,1,325,,,,-5.0,"47,28","30,34",,,,,
ncaab:401365130,ncaab,2022-01-26T00:00Z,final,2117,2006,C Michigan,Akron,56,60,,,,0,,,,,,,,,,2,,0,Mount Pleasant,MI,1,235,,,,-5.0,"24,32","31,29",,,,,
ncaab:401365131,ncaab,2022-01-26T00:00Z,final,189,2199,Bowling Green,E Michigan,85,71,,,,0,,,,,,,,,,2,,0,Bowling Green,OH,1,212,,,,-5.0,"46,39","31,40",,,,,
ncaab:401365132,ncaab,2022-01-26T00:00Z,final,195,2459,Ohio,N Illinois,74,62,-3335,1300,,0,,,-18.5,-110,-109,,,,,2,,0,Athens,OH,1,219,,,,-5.0,"41,33","22,40",-770,460,-10.5,-114,-116
ncaab:401367372,ncaab,2022-01-26T00:00Z,final,282,2623,Indiana St,Missouri St,76,72,182,-230,,0,,,5.5,-112,-111,,,,,2,,0,Terre Haute,IN,1,152,,,,-5.0,"41,35","29,43",123,-165,2.5,-114,-116
ncaab:401369865,ncaab,2022-01-26T00:00Z,final,150,228,Duke,Clemson,71,69,-770,510,,0,,,-11.5,-110,-110,,,,,2,,0,Durham,NC,1,123,,,,-5.0,"36,35","36,33",-360,265,-6.5,-113,-114
ncaab:401373561,ncaab,2022-01-26T00:00Z,final,222,305,Villanova,DePaul,67,43,-3335,1200,,0,,,-17.5,-110,-109,,,,,2,,0,Villanova,PA,1,121,,,,-5.0,"35,32","22,21",-770,450,-10.0,-109,-117
ncaab:401377730,ncaab,2022-01-26T00:00Z,final,218,2132,Temple,Cincinnati,61,58,155,-190,,0,,,4.0,-108,-112,,,,,2,,0,Philadelphia,PA,1,12,,,,-5.0,"25,36","37,21",128,-175,2.0,-114,-113
ncaab:401400931,ncaab,2022-01-26T00:00Z,final,314,2561,Iona,Siena,74,57,-1600,850,,0,,,-15.5,-115,-110,,,,,2,,0,New Rochelle,NY,1,26,,,,-5.0,"29,45","21,36",-625,350,-8.5,-113,-115
ncaab:401402156,ncaab,2022-01-26T00:00Z,final,43,171,Yale,Columbia,83,72,-1550,850,,0,,,-15.0,-110,-109,,,,,2,,0,New Haven,CT,1,18,,,,-5.0,"46,37","28,44",-560,350,-8.5,-113,-115
ncaab:401403072,ncaab,2022-01-26T00:00Z,final,2168,2230,Dayton,Fordham,68,61,-1753,829,,0,,,-14.5,-112,-110,,,,,2,,0,Dayton,OH,1,225,,,,-5.0,"37,31","25,36",-560,350,-8.0,-109,-117
ncaab:401405231,ncaab,2022-01-26T00:00Z,final,232,2729,Charleston,William & Mary,74,73,-1250,700,,0,,,-14.0,-110,-109,,,,,2,,0,Charleston,SC,1,6,,,,-5.0,"34,40","35,38",-530,340,-8.0,-109,-117
ncaab:401408650,ncaab,2022-01-26T00:00Z,final,94,2750,N Kentucky,Wright St,73,63,112,-134,,0,,,2.0,-109,-112,,,,,2,,0,Highland Heights,KY,1,260,,,,-5.0,"35,38","34,29",106,-141,1.0,-113,-113
ncaab:401364400,ncaab,2022-01-26T01:00Z,final,164,120,Rutgers,Maryland,60,68,-220,175,,0,,,-5.0,-108,-112,,,,,2,,0,Piscataway,NJ,1,30,,,,-5.0,"26,34","38,30",-152,114,-1.5,-109,-117
ncaab:401367373,ncaab,2022-01-26T01:00Z,final,2350,79,Loyola Chicago,S Illinois,59,47,,,,0,,,,,,,,,,2,,0,Chicago,IL,1,179,,,,-6.0,"30,29","17,30",,,,,
ncaab:401368388,ncaab,2022-01-26T01:00Z,final,239,2306,Baylor,Kansas St,74,49,-1111,650,,0,,,-12.5,-110,-115,,,,,2,,0,Waco,TX,1,143,,,,-6.0,"39,35","21,28",-455,290,-7.5,-109,-118
ncaab:401369992,ncaab,2022-01-26T01:00Z,final,221,183,Pitt,Syracuse,64,53,164,-205,,0,,,4.5,-108,-112,,,,,2,,0,Pittsburgh,PA,1,233,,,,-5.0,"24,40","28,25",135,-182,2.5,-111,-116
ncaab:401406705,ncaab,2022-01-26T01:00Z,final,2449,2900,N Dakota St,St Thomas,77,56,,,,0,,,,,,,,,,2,,0,Fargo,ND,1,276,,,,-6.0,"33,44","21,35",,,,,
ncaab:401364887,ncaab,2022-01-26T01:30Z,final,142,2,Missouri,Auburn,54,55,580,-1000,,0,,,12.5,-113,-108,,,,,2,,0,Columbia,MO,1,215,,,,-6.0,"31,23","31,24",230,-375,6.5,-115,-114
ncaab:401373562,ncaab,2022-01-26T01:30Z,final,41,46,UConn,Georgetown,96,73,,,,0,,,,,,,,,,2,,0,Storrs,CT,1,187,,,,-5.0,"52,44","40,33",,,,,
ncaab:401364749,ncaab,2022-01-26T02:00Z,final,68,2751,Boise St,Wyoming,65,62,-227,185,,0,,,-5.0,-112,-109,,,,,2,,0,Boise,ID,1,823,,,,-7.0,"30,35","24,38",-220,160,-3.0,-114,-112
ncaab:401364750,ncaab,2022-01-26T02:00Z,final,167,278,New Mexico,Fresno St,60,65,168,-207,,0,,,5.0,-109,-111,,,,,2,,0,Albuquerque,NM,1,1511,,,,-7.0,"26,34","41,24",130,-177,2.5,-114,-116
ncaab:401364751,ncaab,2022-01-26T02:00Z,final,36,2440,Colorado St,Nevada,77,66,-400,310,,0,,,-8.5,-110,-109,,,,,2,,0,Fort Collins,CO,1,1525,,,,-7.0,"27,50","34,32",-305,215,-4.5,-116,-112
ncaab:401364888,ncaab,2022-01-26T02:00Z,final,96,344,Kentucky,Mississippi St,82,74,-500,350,,0,,,-9.0,-110,-110,,,,,2,,0,Lexington,KY,1,295,,,,-5.0,"37,35,10","24,48,2",-295,230,-5.0,-113,-113
ncaab:401368389,ncaab,2022-01-26T02:00Z,final,2628,251,TCU,Texas,50,73,120,-145,,0,,,2.5,-109,-112,,,,,2,,0,Fort Worth,TX,1,199,,,,-6.0,"23,27","43,30",112,-136,1.5,-114,-114
ncaab:401364752,ncaab,2022-01-26T03:00Z,final,23,2005,San José St,Air Force,53,63,-136,110,,0,,,-1.5,-110,-115,,,,,2,,0,San Jose,CA,1,26,,,,-8.0,"28,25","31,32",-136,102,-0.5,-118,-113
ncaab:401373692,ncaab,2022-01-26T03:00Z,final,2463,2540,CSU Northridge,Santa Barbara,45,72,,,,0,,,,,,,,,,2,,0,Northridge,CA,1,246,,,,-8.0,"32,13","34,38",,,,,
ncaab:401408541,ncaab,2022-01-26T03:00Z,final,2483,38,Oregon,Colorado,78,82,-375,290,,0,,,-8.0,-111,-108,,,,,2,,0,Eugene,OR,1,131,,,,-8.0,"42,36","37,45",-305,215,-4.5,-113,-114
ncaab:401405170,ncaab,2022-01-26T04:00Z,final,26,12,UCLA,Arizona,75,59,115,-149,,0,,,2.5,-110,-110,,,,,2,,0,Los Angeles,CA,1,89,,,,-8.0,"40,35","29,30",,,,,
ncaab:401364889,ncaab,2022-01-26T23:00Z,final,2633,57,Tennessee,Florida,78,71,-240,400,,0,,,-5.5,-110,-110,,,,,2,,0,Knoxville,TN,1,276,,,,-5.0,"34,44","42,29",-360,280,-5.5,-114,-115
ncaab:401370737,ncaab,2022-01-26T23:00Z,final,2908,2737,SC Upstate,Winthrop,91,95,232,-302,,0,,,7.0,-115,-110,,,,,2,,0,Spartanburg,SC,1,246,,,,-5.0,"41,44,6","45,40,10",160,-215,3.5,-116,-111
ncaab:401364403,ncaab,2022-01-26T23:30Z,final,130,77,Michigan,Northwestern,72,70,-400,280,,0,,,-8.0,-110,-110,,,,,2,,0,Ann Arbor,MI,1,269,,,,-5.0,"34,38","31,39",-275,215,-4.5,-110,-115
ncaab:401373564,ncaab,2022-01-26T23:30Z,final,2086,156,Butler,Creighton,72,55,120,-148,,0,,,2.5,-114,-112,,,,,2,,0,Indianapolis,IN,1,218,,,,-5.0,"27,45","24,31",-108,-137,1.5,-112,-116
ncaab:401373565,ncaab,2022-01-26T23:30Z,final,2752,2507,Xavier,Providence,62,65,-385,290,,0,,,-8.0,-110,-110,,,,,2,,0,Cincinnati,OH,1,191,,,,-5.0,"29,33","35,30",-275,215,-4.5,-110,-115
ncaab:401364890,ncaab,2022-01-27T00:00Z,final,145,8,Ole Miss,Arkansas,55,64,150,-186,,0,,,4.0,-108,-112,,,,,2,,0,Oxford,MS,1,154,,,,-6.0,"23,32","30,34",128,-175,2.0,-114,-113
ncaab:401364891,ncaab,2022-01-27T00:00Z,final,2579,238,South Carolina,Vanderbilt,70,61,-126,105,,0,,,-1.5,-110,-115,,,,,2,,0,Columbia,SC,1,89,,,,-5.0,"26,44","30,31",-127,-106,-0.5,-112,-114
ncaab:401365537,ncaab,2022-01-27T00:00Z,final,2643,2717,The Citadel,W Carolina,68,66,,,,0,,,,,,,,,,2,,0,Charleston,SC,1,6,,,,-5.0,"18,50","33,33",,,,,
ncaab:401365538,ncaab,2022-01-27T00:00Z,final,2193,2430,ETSU,UNC Greensboro,76,80,,,,0,,,,,,,,,,2,,0,Johnson City,TN,1,498,,,,-5.0,"44,32","40,40",,,,,
ncaab:401365539,ncaab,2022-01-27T00:00Z,final,231,2678,Furman,VMI,79,64,-455,320,,0,,,-9.0,-110,-109,,,,,2,,0,Greenville,SC,1,307,,,,-5.0,"39,40","30,34",-335,230,-5.0,-114,-113
ncaab:401365541,ncaab,2022-01-27T00:00Z,final,236,2747,Chattanooga,Wofford,71,60,-245,195,,0,,,-5.5,-114,-106,,,,,2,,0,Chattanooga,TN,1,206,,,,-5.0,"32,39","23,37",-210,155,-3.0,-114,-113
ncaab:401365806,ncaab,2022-01-27T00:00Z,final,2603,2184,Saint Joseph's,Duquesne,72,61,-160,130,,0,,,-3.0,-112,-108,,,,,2,,0,Philadelphia,PA,1,12,,,,-5.0,"38,34","27,34",-150,114,-1.5,-109,-117
ncaab:401365807,ncaab,2022-01-27T00:00Z,final,2244,179,George Mason,St Bonaventure,75,66,,,,0,,,,,,,,,,2,,0,Fairfax,VA,1,131,,,,-5.0,"33,42","29,37",,,,,
ncaab:401365809,ncaab,2022-01-27T00:00Z,final,2325,113,La Salle,UMass,71,77,,,,0,,,,,,,,,,2,,0,Philadelphia,PA,1,12,,,,-5.0,"42,29","32,45",,,,,
ncaab:401367375,ncaab,2022-01-27T00:00Z,final,339,2460,Evansville,Northern Iowa,59,64,340,-455,,0,,,9.0,-110,-110,,,,,2,,0,Evansville,IN,1,118,,,,-6.0,"27,32","35,29",195,-275,4.5,-114,-114
ncaab:401367376,ncaab,2022-01-27T00:00Z,final,2674,71,Valparaiso,Bradley,56,71,118,-143,,0,,,2.5,-110,-110,,,,,2,,0,Valparaiso,IN,1,242,,,,-6.0,"22,34","37,34",106,-141,1.0,-112,-116
ncaab:401369664,ncaab,2022-01-27T00:00Z,final,2349,399,UMass Lowell,UAlbany,62,64,,,,0,,,,,,,,,,2,,0,Lowell,MA,1,36,,,,-5.0,"20,34,8","19,35,10",,,,,
ncaab:401369665,ncaab,2022-01-27T00:00Z,final,42,2066,Hartford,Binghamton,72,60,-250,200,,0,,,-6.0,-110,-109,,,,,2,,0,West Hartford,CT,1,40,,,,-5.0,"38,34","23,37",-225,163,-3.0,-117,-109
ncaab:401369666,ncaab,2022-01-27T00:00Z,final,2378,2885,UMBC,NJIT,73,69,,,,0,,,,,,,,,,2,,0,Baltimore,MD,1,10,,,,-5.0,"34,39","38,31",,,,,
ncaab:401369667,ncaab,2022-01-27T00:00Z,final,2619,261,Stony Brook,Vermont,67,80,310,-420,,0,,,9.0,-110,-110,,,,,2,,0,Stony Brook,NY,1,27,,,,-5.0,"31,36","34,46",210,-295,5.0,-113,-113
ncaab:401369955,ncaab,2022-01-27T00:00Z,final,153,103,North Carolina,Boston College,58,47,-1115,650,,0,,,-13.5,-110,-109,,,,,2,,0,Chapel Hill,NC,1,148,,,,-5.0,"33,25","31,16",-500,330,-7.5,-114,-112
ncaab:401370030,ncaab,2022-01-27T00:00Z,final,259,2390,Virginia Tech,Miami,75,78,-225,180,,0,,,-5.0,-112,-109,,,,,2,,0,Blacksburg,VA,1,633,,,,-5.0,"31,44","36,42",-195,145,-2.5,-114,-114
ncaab:401370732,ncaab,2022-01-27T00:00Z,final,2097,2261,Campbell,Hampton,75,60,-910,550,,0,,,-12.0,-110,-110,,,,,2,,0,Buies Creek,NC,1,63,,,,-5.0,"39,36","26,34",-455,285,-6.5,-118,-109
ncaab:401370733,ncaab,2022-01-27T00:00Z,final,2127,2506,Charleston So,Presbyterian,61,62,190,-245,,0,,,5.5,-110,-110,,,,,2,,0,Charleston,SC,1,6,,,,-5.0,"35,26","34,28",155,-210,3.0,-116,-112
ncaab:401370735,ncaab,2022-01-27T00:00Z,final,2272,2515,High Point,Radford,63,58,-125,105,,0,,,-1.5,-110,-109,,,,,2,,0,High Point,NC,1,281,,,,-5.0,"33,30","33,25",-127,-105,-1.0,-113,-114
ncaab:401370736,ncaab,2022-01-27T00:00Z,final,2344,2448,Longwood,NC A&T,79,71,,,,0,,,,,,,,,,2,,0,Farmville,VA,1,90,,,,-5.0,"28,51","33,38",,,,,
ncaab:401373100,ncaab,2022-01-27T00:00Z,final,2083,2426,Bucknell,Navy,63,81,257,-337,,0,,,7.5,-108,-112,,,,,2,,0,Lewisburg,PA,1,144,,,,-5.0,"27,36","35,46",185,-250,4.5,-119,-109
ncaab:401373344,ncaab,2022-01-27T00:00Z,final,44,107,American,Holy Cross,67,49,-213,170,,0,,,-4.5,-110,-110,,,,,2,,0,Washington,DC,1,7,,,,-5.0,"29,38","20,29",-195,145,-2.5,-114,-114
ncaab:401376564,ncaab,2022-01-27T00:00Z,final,2329,349,Lehigh,Army,84,71,-110,-110,,0,,,1.0,-112,-109,,,,,2,,0,Bethlehem,PA,1,109,,,,-5.0,"33,51","30,41",-112,-120,0.5,-119,-111
ncaab:401377732,ncaab,2022-01-27T00:00Z,final,58,2567,South Florida,SMU,54,74,,,,0,,,,,,,,,,2,,0,Tampa,FL,1,1,,,,-5.0,"25,29","36,38",,,,,
ncaab:401381751,ncaab,2022-01-27T00:00Z,final,322,104,Lafayette,Boston U,62,81,165,-205,,0,,,4.5,-110,-110,,,,,2,,0,Easton,PA,1,97,,,,-5.0,"28,34","37,44",123,-165,2.0,-114,-114
ncaab:401401509,ncaab,2022-01-27T00:00Z,final,2368,2612,Marist,Saint Peter's,62,69,,,,0,,,,,,,,,,2,,0,Poughkeepsie,NY,1,62,,,,-5.0,"34,28","31,38",,,,,
ncaab:401405311,ncaab,2022-01-27T00:00Z,final,160,311,New Hampshire,Maine,73,61,-1000,600,,0,,,-12.5,-115,-105,,,,,2,,0,Durham,NH,1,15,,,,-5.0,"42,31","27,34",-400,270,-6.5,-114,-114
ncaab:401408653,ncaab,2022-01-27T00:00Z,final,2429,295,Charlotte,Old Dominion,71,67,-159,130,,0,,,-3.0,-112,-108,,,,,2,,0,Charlotte,NC,1,229,,,,-5.0,"26,45","33,34",-152,114,-1.5,-113,-117
ncaab:401365540,ncaab,2022-01-27T01:00Z,final,2535,2382,Samford,Mercer,75,61,-116,-103,,0,,,-1.0,-111,-109,,,,,2,,0,Homewood,AL,1,203,,,,-6.0,"31,44","27,34",-120,-112,-0.5,-116,-112
ncaab:401365808,ncaab,2022-01-27T01:00Z,final,139,45,Saint Louis,G Washington,80,67,,,,0,,,,,,,,,,2,,0,St. Louis,MO,1,142,,,,-6.0,"38,42","25,42",,,,,
ncaab:401367374,ncaab,2022-01-27T01:00Z,final,2287,2181,Illinois St,Drake,88,89,160,-194,,0,,,4.0,-108,-112,,,,,2,,0,Normal,IL,1,244,,,,-6.0,"38,41,9","37,42,10",128,-175,2.0,-114,-113
ncaab:401368390,ncaab,2022-01-27T01:00Z,final,197,66,Oklahoma St,Iowa State,81,84,-159,130,,0,,,-3.0,-110,-110,,,,,2,,0,Stillwater,OK,1,273,,,,-6.0,"35,35,11","34,36,14",-143,120,-1.5,-112,-117
ncaab:401368391,ncaab,2022-01-27T01:00Z,final,277,201,West Virginia,Oklahoma,62,72,-149,123,,0,,,-2.5,-113,-107,,,,,2,,0,Morgantown,WV,1,271,,,,-5.0,"22,40","30,42",-143,107,-1.0,-113,-113
ncaab:401371492,ncaab,2022-01-27T01:00Z,final,292,2000,UT Rio Grande,Abilene Chrstn,85,87,,,,0,,,,,,,,,,2,,0,Edinburg,TX,1,30,,,,-6.0,"34,51","39,48",,,,,
ncaab:401371493,ncaab,2022-01-27T01:00Z,final,2320,2627,Lamar,Tarleton St,57,62,270,-344,,0,,,7.5,-110,-109,,,,,2,,0,Beaumont,TX,1,5,,,,-6.0,"28,29","34,28",175,-245,3.5,-114,-112
ncaab:401377731,ncaab,2022-01-27T01:00Z,final,2724,2116,Wichita St,UCF,84,79,-175,143,,0,,,-3.5,-112,-110,,,,,2,,0,Wichita,KS,1,396,,,,-6.0,"38,46","31,48",-180,133,-2.0,-115,-110
ncaab:401364404,ncaab,2022-01-27T01:30Z,final,84,213,Indiana,Penn State,74,57,-445,330,,0,,,-8.5,-113,-111,,,,,2,,0,Bloomington,IN,1,235,,,,-5.0,"46,28","17,40",-305,240,-5.0,-111,-116
ncaab:401365805,ncaab,2022-01-27T01:30Z,final,2166,2670,Davidson,VCU,68,70,-175,143,,0,,,-3.5,-112,-114,,,,,2,,0,Davidson,NC,1,256,,,,-5.0,"29,39","37,33",-162,120,-1.5,-115,-114
ncaab:401373563,ncaab,2022-01-27T01:30Z,final,2550,269,Seton Hall,Marquette,63,73,-225,180,,0,,,-5.0,-112,-109,,,,,2,,0,Newark,NJ,1,9,,,,-5.0,"21,42","38,35",-205,170,-3.0,-117,-109
ncaab:401364892,ncaab,2022-01-27T02:00Z,final,99,245,LSU,Texas A&M,70,64,-470,330,,0,,,-9.0,-113,-107,,,,,2,,0,Baton Rouge,LA,1,14,,,,-6.0,"34,36","31,33",-275,210,-5.0,-112,-115
ncaab:401369903,ncaab,2022-01-27T02:00Z,final,59,52,Georgia Tech,Florida St,75,61,180,-225,,0,,,5.0,-109,-112,,,,,2,,0,Atlanta,GA,1,320,,,,-5.0,"44,31","33,28",140,-190,2.5,-117,-109
ncaab:401369972,ncaab,2022-01-27T02:00Z,final,87,152,Notre Dame,NC State,73,65,,,,0,,,,,,,,,,2,,0,South Bend,IN,1,211,,,,-5.0,"30,43","30,35",,,,,
ncaab:401377733,ncaab,2022-01-27T02:00Z,final,2655,202,Tulane,Tulsa,97,63,-225,177,,0,,,-5.0,-112,-109,,,,,2,,0,New Orleans,LA,1,0,,,,-6.0,"52,45","31,32",-162,120,-1.5,-115,-110
ncaab:401371491,ncaab,2022-01-27T03:00Z,final,2547,2617,Seattle U,SF Austin,70,62,,,,0,,,,,,,,,,2,,0,Seattle,WA,1,56,,,,-8.0,"37,33","25,37",,,,,
ncaab:401371495,ncaab,2022-01-27T03:00Z,final,2856,2534,CA Baptist,Sam Houston,68,73,,,,0,,,,,,,,,,2,,0,Riverside,CA,1,252,,,,-8.0,"34,34","31,42",,,,,
ncaab:401377431,ncaab,2022-01-27T03:00Z,final,265,254,Washington St,Utah,71,54,-332,255,,0,,,-7.0,-110,-110,,,,,2,,0,Pullman,WA,1,717,,,,-8.0,"33,38","25,29",-250,185,-4.0,-111,-116
ncaab:401378800,ncaab,2022-01-27T03:30Z,final,328,21,Utah State,San Diego St,75,57,104,-120,,0,,,1.5,-113,-107,,,,,2,,0,Logan,UT,1,1382,,,,-7.0,"32,43","31,26",,,,,
ncaab:401364402,ncaab,2022-01-27T22:00Z,final,158,275,Nebraska,Wisconsin,65,73,330,-455,,0,,,8.5,-109,-110,,,,,2,,0,Lincoln,NE,1,367,,,,-6.0,"31,34","39,34",225,-278,4.5,-109,-117
ncaab:401369268,ncaab,2022-01-27T22:00Z,final,526,2198,FGCU,E Kentucky,77,73,,,,0,,,,,,,,,,2,,0,Fort Myers,FL,1,3,,,,-5.0,"36,41","28,45",,,,,
ncaab:401367470,ncaab,2022-01-27T23:30Z,final,2026,2032,App State,Arkansas St,61,54,,,,0,,,,,,,,,,2,,0,Boone,NC,1,981,,,,-5.0,"33,28","27,27",,,,,
ncaab:401365423,ncaab,2022-01-28T00:00Z,final,2210,2729,Elon,William & Mary,61,54,-385,290,,0,,,-8.0,-110,-110,,,,,2,,0,Elon,NC,1,215,,,,-5.0,"30,31","25,29",-286,205,-4.5,-110,-115
ncaab:401365452,ncaab,2022-01-28T00:00Z,void,119,48,Towson,Delaware,,,-205,160,,0,,,-4.5,-106,-114,,,,,2,,0,Towson,MD,1,141,,,,-5.0,,,-180,135,-2.5,-108,-114
ncaab:401365453,ncaab,2022-01-28T00:00Z,final,350,111,UNC Wilmington,Northeastern,67,62,-188,155,,0,,,-4.0,-112,-108,,,,,2,,0,Wilmington,NC,1,9,,,,-5.0,"34,33","29,33",-175,128,-2.0,-112,-112
ncaab:401365454,ncaab,2022-01-28T00:00Z,final,232,2275,Charleston,Hofstra,73,76,123,-148,,0,,,3.0,-114,-108,,,,,2,,0,Charleston,SC,1,6,,,,-5.0,"33,40","39,37",108,-143,1.0,-112,-115
ncaab:401365455,ncaab,2022-01-28T00:00Z,final,256,2182,James Madison,Drexel,82,88,-175,140,,0,,,-3.5,-112,-108,,,,,2,,0,Harrisonburg,VA,1,404,,,,-5.0,"40,42","43,45",-180,132,-2.0,-115,-110
ncaab:401367471,ncaab,2022-01-28T00:00Z,final,324,2031,Coastal,Little Rock,65,49,-670,460,,0,,,-10.5,-110,-110,,,,,2,,0,Conway,SC,1,10,,,,-5.0,"23,42","16,33",-360,245,-6.0,-109,-113
ncaab:401368286,ncaab,2022-01-28T00:00Z,final,2754,2739,Youngstown St,Green Bay,63,50,-275,215,,0,,,-6.0,-110,-109,,,,,2,,0,Youngstown,OH,1,259,,,,-5.0,"28,35","23,27",-225,165,-3.0,-116,-109
ncaab:401368287,ncaab,2022-01-28T00:00Z,final,2523,270,Robert Morris,Milwaukee,77,53,104,-125,,0,,,1.5,-110,-110,,,,,2,,0,Moon Township,PA,1,358,,,,-5.0,"39,38","23,30",-106,-127,0.5,-114,-113
ncaab:401368288,ncaab,2022-01-28T00:00Z,void,2473,85,Oakland,IU Indy,,,,,,0,,,,,,,,,,2,,0,Rochester,MI,1,229,,,,-5.0,,,,,,,
ncaab:401368289,ncaab,2022-01-28T00:00Z,final,2174,82,Detroit Mercy,UIC,80,67,-245,195,,0,,,-5.5,-115,-109,,,,,2,,0,Detroit,MI,1,183,,,,-5.0,"33,47","35,32",-210,155,-3.0,-109,-113
ncaab:401369269,ncaab,2022-01-28T00:00Z,final,294,288,Jacksonville,Lipscomb,66,59,-160,130,,0,,,-3.0,-110,-110,,,,,2,,0,Jacksonville,FL,1,5,,,,-5.0,"35,31","39,20",-152,114,-1.5,-109,-121
ncaab:401369271,ncaab,2022-01-28T00:00Z,final,2335,2453,Liberty,North Alabama,72,53,-1211,697,,0,,,-14.0,-110,-109,,,,,2,,0,Lynchburg,VA,1,192,,,,-5.0,"35,37","24,29",-530,330,-7.5,-114,-112
ncaab:401370734,ncaab,2022-01-28T00:00Z,final,2427,2241,UNC Asheville,Gardner-Webb,55,61,-120,102,,0,,,-1.5,-110,-109,,,,,2,,0,Asheville,NC,1,649,,,,-5.0,"23,32","37,24",-120,-112,-0.5,-113,-114
ncaab:401370811,ncaab,2022-01-28T00:00Z,final,2803,2771,Bryant,Merrimack,76,67,-360,280,,0,,,-7.5,-110,-110,,,,,2,,0,Smithfield,RI,1,84,,,,-5.0,"39,37","32,35",-278,200,-4.0,-117,-106
ncaab:401370819,ncaab,2022-01-28T00:00Z,final,2115,112358,C Connecticut,Long Island,65,62,,,,0,,,,,,,,,,2,,0,New Britain,CT,1,51,,,,-5.0,"29,36","39,23",,,,,
ncaab:401370833,ncaab,2022-01-28T00:00Z,final,161,116,FDU,Mount St Marys,56,67,,,,0,,,,,,,,,,2,,0,Hackensack,NJ,1,6,,,,-5.0,"18,38","31,36",,,,,
ncaab:401370868,ncaab,2022-01-28T00:00Z,final,2529,2597,Sacred Heart,St Francis BK,66,71,,,,0,,,,,,,,,,2,,0,Fairfield,CT,1,4,,,,-8.0,"30,36","34,37",,,,,
ncaab:401370896,ncaab,2022-01-28T00:00Z,final,2681,2598,Wagner,Saint Francis,69,54,,,,0,,,,,,,,,,2,,0,Staten Island,NY,1,21,,,,-5.0,"35,34","23,31",,,,,
ncaab:401372736,ncaab,2022-01-28T00:00Z,final,276,2393,Marshall,MTSU,79,81,,,,0,,,,,,,,,,2,,0,Huntington,WV,1,173,,,,-5.0,"40,39","37,44",,,,,
ncaab:401409590,ncaab,2022-01-28T00:00Z,final,2635,93,Tennessee Tech,Murray St,75,80,580,-950,,0,,,12.5,-118,-100,,,,,2,,0,Cookeville,TN,1,334,,,,-6.0,"36,39","34,46",295,-455,7.0,-108,-116
ncaab:401367473,ncaab,2022-01-28T00:30Z,final,2433,290,UL Monroe,GA Southern,45,50,,,,0,,,,,,,,,,2,,0,Monroe,LA,1,23,,,,-6.0,"22,23","25,25",,,,,
ncaab:401369270,ncaab,2022-01-28T00:30Z,final,338,55,Kennesaw St,Jax State,64,70,,,,0,,,,,,,,,,2,,0,Kennesaw,GA,1,332,,,,-5.0,"31,33","36,34",,,,,
ncaab:401369273,ncaab,2022-01-28T00:30Z,final,56,91,Stetson,Bellarmine,47,72,165,-200,,0,,,4.5,-109,-111,,,,,2,,0,DeLand,FL,1,12,,,,-5.0,"18,29","35,37",123,-165,1.5,-108,-118
ncaab:401372715,ncaab,2022-01-28T00:30Z,final,2348,242,Louisiana Tech,Rice,80,63,-625,450,,0,,,-10.5,-110,-110,,,,,2,,0,Ruston,LA,1,102,,,,-6.0,"44,36","29,34",-345,235,-6.0,-112,-116
ncaab:401364405,ncaab,2022-01-28T01:00Z,final,135,194,Minnesota,Ohio State,64,75,180,-225,,0,,,5.0,-109,-112,,,,,2,,0,Minneapolis,MN,1,253,,,,-6.0,"30,34","32,43",150,-182,2.5,-113,-114
ncaab:401365678,ncaab,2022-01-28T01:00Z,final,2571,155,S Dakota St,North Dakota,96,61,,,,0,,,,,,,,,,2,,0,Brookings,SD,1,494,,,,-6.0,"41,55","21,40",,,,,
ncaab:401365679,ncaab,2022-01-28T01:00Z,final,233,2449,South Dakota,N Dakota St,62,74,,,,0,,,,,,,,,,2,,0,Vermillion,SD,1,374,,,,-6.0,"26,34,2","25,35,14",,,,,
ncaab:401365680,ncaab,2022-01-28T01:00Z,final,2437,198,Omaha,Oral Roberts,88,100,700,-1250,,0,,,13.5,-110,-110,,,,,2,,0,Omaha,NE,1,323,,,,-6.0,"36,52","42,58",300,-455,7.5,-111,-116
ncaab:401367472,ncaab,2022-01-28T01:00Z,final,309,2247,Louisiana,Georgia St,64,68,-120,102,,0,,,-1.5,-110,-109,,,,,2,,0,Lafayette,LA,1,11,,,,-6.0,"34,30","35,33",-139,105,-1.0,-108,-123
ncaab:401367474,ncaab,2022-01-28T01:00Z,final,6,2653,South Alabama,Troy,82,63,-275,220,,0,,,-6.5,-110,-110,,,,,2,,0,Mobile,AL,1,3,,,,-6.0,"39,43","33,30",-240,175,-3.5,-112,-114
ncaab:401367475,ncaab,2022-01-28T01:00Z,final,250,326,UT Arlington,Texas St,70,58,,,,0,,,,,,,,,,2,,0,Arlington,TX,1,184,,,,-6.0,"36,34","21,37",,,,,
ncaab:401369272,ncaab,2022-01-28T01:00Z,final,2454,2110,North Florida,C Arkansas,93,74,,,,0,,,,,,,,,,2,,0,Jacksonville,FL,1,5,,,,-5.0,"38,55","40,34",,,,,
ncaab:401371494,ncaab,2022-01-28T01:00Z,final,2130,3084,Chicago St,Utah Valley,87,101,475,-690,,0,,,10.5,-118,-100,,,,,2,,0,Chicago,IL,1,179,,,,-6.0,"37,50","52,49",240,-360,5.5,-111,-115
ncaab:401371651,ncaab,2022-01-28T01:00Z,final,2277,2443,Hou Christian,LSU N Orleans,66,77,,,,0,,,,,,,,,,2,,0,Houston,TX,1,12,,,,-6.0,"33,33","41,36",,,,,
ncaab:401372596,ncaab,2022-01-28T01:00Z,final,2458,2692,N Colorado,Weber St,76,85,-105,-115,,0,,,1.0,-111,-109,,,,,2,,0,Greeley,CO,1,1425,,,,-7.0,"43,33","33,52",-112,-120,0.5,-112,-111
ncaab:401372771,ncaab,2022-01-28T01:00Z,final,2572,249,Southern Miss,North Texas,54,63,750,-1250,,0,,,14.0,-110,-110,,,,,2,,0,Hattiesburg,MS,1,52,,,,-6.0,"28,26","32,31",340,-460,8.0,-116,-112
ncaab:401372847,ncaab,2022-01-28T01:00Z,final,2636,2229,UTSA,FIU,73,66,,,,0,,,,,,,,,,2,,0,San Antonio,TX,1,198,,,,-6.0,"30,43","22,44",,,,,
ncaab:401402028,ncaab,2022-01-28T01:00Z,final,79,2350,S Illinois,Loyola Chicago,39,44,,,,0,,,,,,,,,,2,,0,Carbondale,IL,1,126,,,,-6.0,"21,18","19,25",,,,,
ncaab:401405381,ncaab,2022-01-28T01:00Z,final,2459,2050,N Illinois,Ball State,67,74,123,-150,,0,,,2.5,-112,-108,,,,,2,,0,Dekalb,IL,1,268,,,,-6.0,"27,40","33,41",108,-143,1.5,-112,-112
ncaab:401371652,ncaab,2022-01-28T01:30Z,final,2377,2447,McNeese,Nicholls,71,81,167,-210,,0,,,4.5,-107,-113,,,,,2,,0,Lake Charles,LA,1,4,,,,-6.0,"39,32","44,37",143,-195,2.5,-113,-114
ncaab:401371653,ncaab,2022-01-28T01:30Z,final,2466,2916,N'Western St,Incarnate Word,79,70,,,,0,,,,,,,,,,2,,0,Natchitoches,LA,1,36,,,,-6.0,"30,49","26,44",,,,,
ncaab:401373203,ncaab,2022-01-28T01:30Z,final,2046,2057,Austin Peay,Belmont,67,75,950,-2000,,0,,,16.5,-115,-105,,,,,2,,0,Clarksville,TN,1,145,,,,-6.0,"28,39","37,38",360,-590,9.0,-112,-116
ncaab:401373281,ncaab,2022-01-28T01:30Z,final,2565,2634,SIUE,Tennessee St,70,75,,,,0,,,,,,,,,,2,,0,Edwardsville,IL,1,165,,,,-6.0,"39,31","38,37",,,,,
ncaab:401364406,ncaab,2022-01-28T02:00Z,final,2294,2509,Iowa,Purdue,73,83,120,-140,,0,,,2.5,-106,-114,,,,,2,,0,Iowa City,IA,1,204,,,,-6.0,"33,40","48,35",114,-136,1.0,-110,-115
ncaab:401365681,ncaab,2022-01-28T02:00Z,final,2172,140,Denver,Kansas City,61,72,-103,-116,,0,,,1.5,-113,-107,,,,,2,,0,Denver,CO,1,1609,,,,-7.0,"27,34","32,40",-112,-120,0.5,-109,-113
ncaab:401371654,ncaab,2022-01-28T02:00Z,final,2545,357,SE Louisiana,Texas A&M-CC,71,86,,,,0,,,,,,,,,,2,,0,Hammond,LA,1,13,,,,-6.0,"36,35","34,52",,,,,
ncaab:401372424,ncaab,2022-01-28T02:00Z,final,147,331,Montana St,E Washington,69,65,,,,0,,,,,,,,,,2,,0,Bozeman,MT,1,1468,,,,-7.0,"26,43","25,40",,,,,
ncaab:401372449,ncaab,2022-01-28T02:00Z,final,149,70,Montana,Idaho,81,62,-1332,700,,0,,,-14.0,-112,-113,,,,,2,,0,Missoula,MT,1,978,,,,-7.0,"35,46","29,33",-530,360,-7.5,-115,-110
ncaab:401372695,ncaab,2022-01-28T02:00Z,final,2638,2226,UTEP,FAU,70,68,,,,0,,,,,,,,,,2,,0,El Paso,TX,1,1133,,,,-7.0,"36,34","38,30",,,,,
ncaab:401372830,ncaab,2022-01-28T02:00Z,final,98,5,Western KY,UAB,65,68,140,-170,,0,,,3.5,-118,-110,,,,,2,,0,Bowling Green,KY,1,161,,,,-6.0,"27,38","34,34",112,-150,1.5,-117,-109
ncaab:401373223,ncaab,2022-01-28T02:00Z,final,2630,2197,UT Martin,E Illinois,53,58,,,,0,,,,,,,,,,2,,0,Martin,TN,1,124,,,,-6.0,"23,30","30,28",,,,,
ncaab:401373245,ncaab,2022-01-28T02:00Z,final,2546,2413,SE Missouri,Morehead St,73,74,,,,0,,,,,,,,,,2,,0,Cape Girardeau,MO,1,108,,,,-6.0,"36,28,9","29,35,10",,,,,
ncaab:401373694,ncaab,2022-01-28T02:00Z,final,302,2239,UC Davis,Fullerton,58,74,-113,-115,,0,,,-0.5,-113,-107,,,,,2,,0,Davis,CA,1,16,,,,-8.0,"30,28","30,44",-118,-113,0.0,-115,-110
ncaab:401377432,ncaab,2022-01-28T02:00Z,final,26,25,UCLA,California,81,57,-1429,750,,0,,,-13.5,-110,-109,,,,,2,,0,Los Angeles,CA,1,89,,,,-8.0,"43,38","29,28",-435,290,-7.5,-119,-111
ncaab:401377734,ncaab,2022-01-28T02:00Z,final,235,151,Memphis,East Carolina,71,54,-772,530,,0,,,-11.5,-112,-107,,,,,2,,0,Memphis,TN,1,78,,,,-6.0,"28,43","24,30",-360,265,-6.5,-112,-116
ncaab:401371184,ncaab,2022-01-28T03:00Z,final,2539,2608,San Francisco,Saint Mary's,70,72,-136,113,,0,,,-2.0,-112,-109,,,,,2,,0,San Francisco,CA,1,16,,,,-8.0,"41,29","24,48",-134,102,-0.5,-118,-109
ncaab:401371227,ncaab,2022-01-28T03:00Z,final,2501,279,Portland,Pacific,64,56,-134,112,,0,,,-2.0,-115,-105,,,,,2,,0,Portland,OR,1,12,,,,-8.0,"24,40","25,31",-134,100,-0.5,-118,-109
ncaab:401372495,ncaab,2022-01-28T03:00Z,final,16,304,Sacramento St,Idaho St,61,60,-303,235,,0,,,-6.5,-110,-110,,,,,2,,0,Sacramento,CA,1,9,,,,-8.0,"29,32","25,35",-220,160,-3.5,-115,-112
ncaab:401372622,ncaab,2022-01-28T03:00Z,final,2502,253,Portland St,Southern Utah,82,85,230,-285,,0,,,6.5,-110,-110,,,,,2,,0,Portland,OR,1,12,,,,-8.0,"26,51,5","38,39,8",165,-230,3.5,-109,-113
ncaab:401373695,ncaab,2022-01-28T03:00Z,final,27,299,UC Riverside,Long Beach St,62,68,-250,200,,0,,,-5.5,-110,-110,,,,,2,,0,Riverside,CA,1,252,,,,-8.0,"31,31","38,30",-210,155,-3.0,-109,-113
ncaab:401373696,ncaab,2022-01-28T03:00Z,final,28,13,UC San Diego,Cal Poly,55,59,-285,220,,0,,,-6.5,-110,-110,,,,,2,,0,San Diego,CA,1,20,,,,-8.0,"33,22","22,37",-240,175,-3.5,-115,-114
ncaab:401373697,ncaab,2022-01-28T03:00Z,final,300,2934,UC Irvine,Bakersfield,57,52,,,,0,,,,,,,,,,2,,0,Irvine,CA,1,17,,,,-8.0,"28,29","28,24",,,,,
ncaab:401371228,ncaab,2022-01-28T03:30Z,final,301,2492,San Diego,Pepperdine,64,56,-375,280,,0,,,-7.5,-118,-100,,,,,2,,0,San Diego,CA,1,20,,,,-8.0,"34,30","24,32",-250,185,-4.0,-111,-111
ncaab:401371151,ncaab,2022-01-28T04:00Z,final,2541,252,Santa Clara,BYU,77,76,131,-159,,0,,,3.0,-111,-114,,,,,2,,0,Santa Clara,CA,1,23,,,,-8.0,"37,40","39,37",102,-136,1.5,-116,-109
ncaab:401371314,ncaab,2022-01-28T04:00Z,final,2250,2351,Gonzaga,LMU,89,55,,,,0,,,,,,,,,,2,,0,Spokane,WA,1,571,,,,-8.0,"36,53","19,36",,,,,
ncaab:401377433,ncaab,2022-01-28T04:00Z,final,30,24,USC,Stanford,61,64,-670,450,,0,,,-10.5,-113,-113,,,,,2,,0,Los Angeles,CA,1,89,,,,-8.0,"34,27","28,36",-375,290,-6.0,-109,-117
ncaab:401377434,ncaab,2022-01-28T04:00Z,final,264,38,Washington,Colorado,60,58,140,-180,,0,,,2.5,-118,-100,,,,,2,,0,Seattle,WA,1,56,,,,-8.0,"31,29","32,26",108,-143,1.0,-112,-112
ncaab:401373693,ncaab,2022-01-28T04:59Z,final,62,2463,Hawai'i,CSU Northridge,72,65,,,,0,,,,,,,,,,2,,0,Honolulu,HI,1,5,,,,-10.0,"36,36","24,41",,,,,
ncaab:401381721,ncaab,2022-01-28T19:00Z,final,104,2142,Boston U,Colgate,76,72,130,-156,,0,,,3.0,-109,-111,,,,,2,,0,Boston,MA,1,14,,,,-5.0,"40,36","32,40",114,-152,1.5,-117,-109
ncaab:401369671,ncaab,2022-01-28T22:00Z,final,160,2619,New Hampshire,Stony Brook,69,76,-118,-105,,0,,,-1.0,-109,-112,,,,,2,,0,Durham,NH,1,15,,,,-5.0,"24,45","40,36",-132,100,-0.5,-117,-109
ncaab:401369747,ncaab,2022-01-28T22:00Z,final,108,219,Harvard,Penn,74,78,-159,130,,0,,,-3.0,-100,-118,,,,,2,,0,Cambridge,MA,1,5,,,,-5.0,"38,36","45,33",-157,130,-2.0,-109,-121
ncaab:401376565,ncaab,2022-01-28T22:00Z,final,107,2329,Holy Cross,Lehigh,67,65,175,-225,,0,,,5.0,-109,-112,,,,,2,,0,Worcester,MA,1,147,,,,-5.0,"29,38","34,31",145,-195,2.5,-113,-114
ncaab:401364756,ncaab,2022-01-28T23:00Z,final,2005,2751,Air Force,Wyoming,61,63,280,-360,,0,,,7.5,-110,-109,,,,,2,,0,Colorado Springs,CO,1,1832,,,,-7.0,"30,31","33,30",180,-250,4.0,-124,-104
ncaab:401365351,ncaab,2022-01-28T23:00Z,final,2405,2099,Monmouth,Canisius,72,67,-715,500,,0,,,-11.5,-110,-110,,,,,2,,0,West Long Branch,NJ,1,9,,,,-5.0,"41,31","39,28",-400,275,-6.5,-112,-114
ncaab:401365134,ncaab,2022-01-29T00:00Z,final,2649,2006,Toledo,Akron,84,76,-360,275,,0,,,-7.5,-110,-110,,,,,2,,0,Toledo,OH,1,186,,,,-5.0,"46,38","37,39",-275,195,-4.0,-114,-108
ncaab:401365137,ncaab,2022-01-29T00:00Z,final,2084,195,Buffalo,Ohio,53,74,-146,120,,0,,,-2.5,-112,-109,,,,,2,,0,Buffalo,NY,1,183,,,,-5.0,"20,33","37,37",-141,106,-1.0,-113,-113
ncaab:401365348,ncaab,2022-01-29T00:00Z,final,2561,315,Siena,Niagara,60,56,-160,132,,0,,,-3.0,-112,-108,,,,,2,,0,Albany,NY,1,45,,,,-5.0,"24,36","26,30",-143,107,-1.0,-113,-113
ncaab:401365349,ncaab,2022-01-29T00:00Z,final,2612,2363,Saint Peter's,Manhattan,77,51,,,,0,,,,,,,,,,2,,0,Jersey City,NJ,1,9,,,,-5.0,"45,32","26,25",,,,,
ncaab:401365350,ncaab,2022-01-29T00:00Z,final,2520,2217,Rider,Fairfield,65,76,110,-132,,0,,,2.0,-109,-111,,,,,2,,0,Lawrenceville,NJ,1,37,,,,-5.0,"24,41","34,42",103,-129,1.0,-109,-114
ncaab:401365810,ncaab,2022-01-29T00:00Z,final,2168,227,Dayton,Rhode Island,53,51,-275,210,,0,,,-6.0,-110,-110,,,,,2,,0,Dayton,OH,1,225,,,,-5.0,"29,24","25,26",-235,165,-3.5,-111,-114
ncaab:401368291,ncaab,2022-01-29T00:00Z,final,94,2870,N Kentucky,Purdue FW,59,49,-155,126,,0,,,-2.5,-110,-120,,,,,2,,0,Highland Heights,KY,1,260,,,,-5.0,"28,31","31,18",-152,114,-1.5,-109,-117
ncaab:401365352,ncaab,2022-01-29T00:30Z,final,2514,2368,Quinnipiac,Marist,94,87,-105,-118,,0,,,-0.5,-107,-113,,,,,2,,0,Hamden,CT,1,31,,,,-5.0,"56,38","35,52",-113,-118,0.5,-115,-112
ncaab:401364754,ncaab,2022-01-29T02:00Z,final,167,23,New Mexico,San José St,86,70,-530,380,,0,,,-10.5,-110,-110,,,,,2,,0,Albuquerque,NM,1,1511,,,,-7.0,"43,43","32,38",-360,245,-5.5,-114,-114
ncaab:401364757,ncaab,2022-01-29T02:00Z,final,36,2439,Colorado St,UNLV,74,88,-1430,800,,0,,,-14.0,-110,-110,,,,,2,,0,Fort Collins,CO,1,1525,,,,-7.0,"25,49","43,45",-455,320,-8.0,-112,-111
ncaab:401368290,ncaab,2022-01-29T02:00Z,final,2750,325,Wright St,Cleveland St,67,71,-133,110,,0,,,-2.0,-112,-109,,,,,2,,0,Dayton,OH,1,225,,,,-5.0,"33,34","30,41",-134,100,-0.5,-118,-109
ncaab:401364755,ncaab,2022-01-29T04:00Z,final,278,68,Fresno St,Boise St,63,68,-105,-125,,0,,,1.5,-109,-110,,,,,2,,0,Fresno,CA,1,94,,,,-8.0,"25,28,10","29,24,15",-112,-120,0.5,-112,-113
ncaab:401365811,ncaab,2022-01-29T17:00Z,final,2166,2325,Davidson,La Salle,77,69,-1667,850,,0,,,-15.0,-110,-109,,,,,2,,0,Davidson,NC,1,256,,,,-5.0,"37,40","30,39",-560,410,-8.5,-114,-115
ncaab:401369904,ncaab,2022-01-29T17:00Z,final,59,2390,Georgia Tech,Miami,62,73,590,-149,,0,,,12.5,-114,-111,,,,,2,,0,Atlanta,GA,1,320,,,,-5.0,"28,34","36,37",112,-134,1.5,-111,-111
ncaab:401370117,ncaab,2022-01-29T17:00Z,final,97,150,Louisville,Duke,65,74,230,-286,,0,,,6.5,-110,-110,,,,,2,,0,Louisville,KY,1,142,,,,-5.0,"35,30","40,34",180,-220,3.5,-116,-112
ncaab:401371919,ncaab,2022-01-29T17:00Z,final,2628,99,TCU,LSU,77,68,144,-172,,0,,,3.5,-108,-112,,,,,2,,0,Fort Worth,TX,1,199,,,,-6.0,"38,39","29,39",112,-136,1.5,-111,-115
ncaab:401373566,ncaab,2022-01-29T17:00Z,final,2086,46,Butler,Georgetown,56,53,-265,205,,0,,,-5.5,-110,-110,,,,,2,,0,Indianapolis,IN,1,218,,,,-5.0,"32,24","26,27",-215,175,-3.5,-118,-110
ncaab:401377737,ncaab,2022-01-29T17:00Z,final,2655,2724,Tulane,Wichita St,67,66,2200,-143,,0,,,22.5,-110,-112,,,,,2,,0,New Orleans,LA,1,0,,,,-6.0,"30,37","31,35",107,-141,1.0,-113,-111
ncaab:401364409,ncaab,2022-01-29T17:30Z,final,127,130,Michigan St,Michigan,83,67,-196,160,,0,,,-4.0,-112,-108,,,,,2,,0,East Lansing,MI,1,261,,,,-5.0,"39,44","35,32",-162,133,-2.0,-113,-114
ncaab:401365542,ncaab,2022-01-29T18:00Z,final,2643,236,The Citadel,Chattanooga,62,75,365,-500,,0,,,9.5,-110,-110,,,,,2,,0,Charleston,SC,1,6,,,,-5.0,"27,35","35,40",245,-360,5.5,-116,-111
ncaab:401365543,ncaab,2022-01-29T18:00Z,final,2678,2193,VMI,ETSU,83,79,,,,0,,,,,,,,,,2,,0,Lexington,VA,1,324,,,,-5.0,"38,45","39,40",,,,,
ncaab:401367477,ncaab,2022-01-29T18:00Z,final,324,2032,Coastal,Arkansas St,66,73,-186,150,,0,,,-3.5,-110,-110,,,,,2,,0,Conway,SC,1,10,,,,-5.0,"35,31","33,40",-175,128,-2.0,-112,-112
ncaab:401368294,ncaab,2022-01-29T18:00Z,void,2174,85,Detroit Mercy,IU Indy,,,,,,0,,,,,,,,,,2,,0,Detroit,MI,1,183,,,,-5.0,,,,,,,
ncaab:401385999,ncaab,2022-01-29T18:00Z,final,349,322,Army,Lafayette,60,56,-295,220,,0,,,-6.5,-110,-110,,,,,2,,0,West Point,NY,1,47,,,,-5.0,"28,32","26,30",-240,175,-3.5,-112,-114
ncaab:401364896,ncaab,2022-01-29T19:00Z,final,8,277,Arkansas,West Virginia,77,68,-385,295,,0,,,-8.0,-106,-114,,,,,2,,0,Fayetteville,AR,1,427,,,,-6.0,"38,39","29,39",-265,215,-4.5,-112,-110
ncaab:401364897,ncaab,2022-01-29T19:00Z,final,2,201,Auburn,Oklahoma,86,68,-590,440,,0,,,-10.5,-110,-110,,,,,2,,0,Auburn,AL,1,215,,,,-6.0,"39,47","27,41",-345,250,-5.5,-114,-112
ncaab:401364901,ncaab,2022-01-29T19:00Z,final,66,142,Iowa State,Missouri,67,50,-715,500,,0,,,-11.0,-110,-110,,,,,2,,0,Ames,IA,1,287,,,,-6.0,"32,35","29,21",-385,300,-6.0,-109,-117
ncaab:401365459,ncaab,2022-01-29T19:00Z,final,119,2182,Towson,Drexel,66,62,-295,225,,0,,,-6.5,-110,-110,,,,,2,,0,Towson,MD,1,141,,,,-5.0,"22,44","34,28",-240,175,-3.5,-111,-114
ncaab:401365546,ncaab,2022-01-29T19:00Z,final,2717,2535,W Carolina,Samford,64,74,,,,0,,,,,,,,,,2,,0,Cullowhee,NC,1,645,,,,-5.0,"31,33","38,36",,,,,
ncaab:401365812,ncaab,2022-01-29T19:00Z,final,179,2603,St Bonaventure,Saint Joseph's,80,69,,,,0,,,,,,,,,,2,,0,Saint Bonaventure,NY,1,435,,,,-5.0,"33,47","29,40",,,,,
ncaab:401365813,ncaab,2022-01-29T19:00Z,final,2184,139,Duquesne,Saint Louis,53,77,205,-275,,0,,,6.0,-110,-110,,,,,2,,0,Pittsburgh,PA,1,233,,,,-5.0,"29,24","42,35",163,-225,3.0,-109,-117
ncaab:401367378,ncaab,2022-01-29T19:00Z,final,2460,2287,Northern Iowa,Illinois St,79,64,-515,375,,0,,,-9.5,-110,-110,,,,,2,,0,Cedar Falls,IA,1,268,,,,-6.0,"30,49","28,36",-360,245,-5.5,-108,-118
ncaab:401368293,ncaab,2022-01-29T19:00Z,final,2754,270,Youngstown St,Milwaukee,86,72,-278,205,,0,,,-5.5,-110,-109,,,,,2,,0,Youngstown,OH,1,259,,,,-5.0,"41,45","21,51",-225,163,-3.0,-118,-109
ncaab:401369669,ncaab,2022-01-29T19:00Z,final,261,311,Vermont,Maine,81,68,-30000,4000,,0,,,-24.5,-100,-118,,,,,2,,0,Burlington,VT,1,61,,,,-5.0,"42,39","37,31",,,-14.0,-114,-113
ncaab:401369670,ncaab,2022-01-29T19:00Z,final,2066,2378,Binghamton,UMBC,68,70,-113,112,,0,,,-0.5,-113,-107,,,,,2,,0,Binghamton,NY,1,264,,,,-5.0,"39,29","38,32",-118,-113,0.5,-117,-111
ncaab:401369717,ncaab,2022-01-29T19:00Z,void,42,2349,Hartford,UMass Lowell,,,,,,0,,,,,,,,,,2,,0,West Hartford,CT,1,40,,,,-5.0,,,,,,,
ncaab:401369746,ncaab,2022-01-29T19:00Z,final,171,159,Columbia,Dartmouth,63,76,172,-210,,0,,,4.5,-110,-110,,,,,2,,0,New York,NY,1,10,,,,-5.0,"30,33","35,41",145,-195,2.5,-111,-117
ncaab:401369956,ncaab,2022-01-29T19:00Z,final,153,152,North Carolina,NC State,100,80,,,,0,,,,,,,,,,2,,0,Chapel Hill,NC,1,148,,,,-5.0,"56,44","31,49",,,,,
ncaab:401370738,ncaab,2022-01-29T19:00Z,final,2097,2272,Campbell,High Point,77,72,-333,260,,0,,,-7.5,-110,-110,,,,,2,,0,Buies Creek,NC,1,63,,,,-5.0,"39,38","30,42",-278,200,-4.0,-114,-111
ncaab:401370869,ncaab,2022-01-29T19:00Z,void,2529,2771,Sacred Heart,Merrimack,,,,,,0,,,,,,,,,,2,,0,Fairfield,CT,1,4,,,,-8.0,,,,,,,
ncaab:401372696,ncaab,2022-01-29T19:00Z,final,2636,2226,UTSA,FAU,64,73,,,,0,,,,,,,,,,2,,0,San Antonio,TX,1,198,,,,-6.0,"38,26","35,38",,,,,
ncaab:401373101,ncaab,2022-01-29T19:00Z,final,2426,44,Navy,American,47,45,-1667,850,,0,,,-14.0,-110,-110,,,,,2,,0,Annapolis,MD,1,12,,,,-5.0,"27,20","17,28",-625,390,-8.0,-109,-113
ncaab:401373568,ncaab,2022-01-29T19:00Z,final,156,2752,Creighton,Xavier,64,74,104,-125,,0,,,1.5,-109,-110,,,,,2,,0,Omaha,NE,1,323,,,,-6.0,"36,28","19,55",-106,-127,0.5,-116,-112
ncaab:401364408,ncaab,2022-01-29T19:30Z,final,120,84,Maryland,Indiana,55,68,105,-126,,0,,,1.5,-110,-110,,,,,2,,0,College Park,MD,1,21,,,,-5.0,"26,29","33,35",100,-121,0.5,-114,-113
ncaab:401377435,ncaab,2022-01-29T19:30Z,final,12,9,Arizona,Arizona St,67,56,-5000,1600,,0,,,-21.5,-110,-109,,,,,2,,0,Tucson,AZ,1,759,,,,-7.0,"32,35","32,24",,,-12.0,-112,-114
ncaab:401365136,ncaab,2022-01-29T20:00Z,final,2199,193,E Michigan,Miami OH,85,75,,,,0,,,,,,,,,,2,,0,Ypsilanti,MI,1,219,,,,-5.0,"55,30","28,47",,,,,
ncaab:401365683,ncaab,2022-01-29T20:00Z,final,2571,2449,S Dakota St,N Dakota St,80,76,,,,0,,,,,,,,,,2,,0,Brookings,SD,1,494,,,,-6.0,"38,42","38,38",,,,,
ncaab:401365684,ncaab,2022-01-29T20:00Z,final,2710,2900,W Illinois,St Thomas,81,52,,,,0,,,,,,,,,,2,,0,Macomb,IL,1,215,,,,-6.0,"45,36","26,26",,,,,
ncaab:401367479,ncaab,2022-01-29T20:00Z,final,2433,2247,UL Monroe,Georgia St,62,73,,,,0,,,,,,,,,,2,,0,Monroe,LA,1,23,,,,-6.0,"35,27","39,34",,,,,
ncaab:401368295,ncaab,2022-01-29T20:00Z,final,2473,82,Oakland,UIC,81,74,-625,450,,0,,,-10.5,-110,-110,,,,,2,,0,Rochester,MI,1,229,,,,-5.0,"34,47","29,45",-420,275,-6.0,-109,-117
ncaab:401369883,ncaab,2022-01-29T20:00Z,final,52,259,Florida St,Virginia Tech,72,85,-136,112,,0,,,-2.0,-111,-109,,,,,2,,0,Tallahassee,FL,1,62,,,,-5.0,"31,41","39,46",-152,114,-1.5,-109,-117
ncaab:401370741,ncaab,2022-01-29T20:00Z,final,2344,2737,Longwood,Winthrop,92,88,-154,130,,0,,,-3.0,-112,-108,,,,,2,,0,Farmville,VA,1,90,,,,-5.0,"38,54","27,61",-152,114,-1.5,-109,-113
ncaab:401371497,ncaab,2022-01-29T20:00Z,final,2130,3101,Chicago St,Utah Tech,65,79,119,-142,,0,,,2.5,-109,-111,,,,,2,,0,Chicago,IL,1,179,,,,-6.0,"31,34","43,36",105,-135,1.0,-113,-110
ncaab:401372761,ncaab,2022-01-29T20:00Z,final,98,2393,Western KY,MTSU,85,93,,,,0,,,,,,,,,,2,,0,Bowling Green,KY,1,161,,,,-6.0,"37,48","42,51",,,,,
ncaab:401372796,ncaab,2022-01-29T20:00Z,final,2572,242,Southern Miss,Rice,62,76,197,-255,,0,,,5.5,-109,-110,,,,,2,,0,Hattiesburg,MS,1,52,,,,-6.0,"36,26","42,34",155,-210,3.0,-115,-109
ncaab:401373266,ncaab,2022-01-29T20:00Z,final,2057,2630,Belmont,UT Martin,87,58,,,,0,,,,,,,,,,2,,0,Nashville,TN,1,170,,,,-6.0,"47,40","27,31",,,,,
ncaab:401377736,ncaab,2022-01-29T20:00Z,final,2567,218,SMU,Temple,69,61,,,,0,,,,,,,,,,2,,0,Dallas,TX,1,128,,,,-6.0,"31,38","28,33",,,,,
ncaab:401365135,ncaab,2022-01-29T20:30Z,final,2050,2711,Ball State,W Michigan,83,72,,,,0,,,,,,,,,,2,,0,Muncie,IN,1,284,,,,-5.0,"46,37","39,33",,,,,
ncaab:401364895,ncaab,2022-01-29T21:00Z,final,333,239,Alabama,Baylor,87,78,129,-156,,0,,,3.0,-109,-111,,,,,2,,0,Tuscaloosa,AL,1,68,,,,-6.0,"38,49","34,44",118,-141,1.5,-117,-109
ncaab:401364898,ncaab,2022-01-29T21:00Z,final,57,197,Florida,Oklahoma St,81,72,-161,132,,0,,,-3.5,-115,-110,,,,,2,,0,Gainesville,FL,1,54,,,,-5.0,"32,49","45,27",-152,114,-1.5,-109,-117
ncaab:401365138,ncaab,2022-01-29T21:00Z,final,2459,2117,N Illinois,C Michigan,63,69,,,,0,,,,,,,,,,2,,0,Dekalb,IL,1,268,,,,-6.0,"28,35","33,36",,,,,
ncaab:401365456,ncaab,2022-01-29T21:00Z,final,256,48,James Madison,Delaware,69,85,-157,130,,0,,,-3.0,-111,-109,,,,,2,,0,Harrisonburg,VA,1,404,,,,-5.0,"34,35","43,42",-141,112,-1.5,-111,-115
ncaab:401365458,ncaab,2022-01-29T21:00Z,final,2729,2210,William & Mary,Elon,65,61,130,-157,,0,,,3.0,-110,-110,,,,,2,,0,Williamsburg,VA,1,25,,,,-5.0,"33,32","22,39",114,-152,1.5,-117,-109
ncaab:401365460,ncaab,2022-01-29T21:00Z,final,232,111,Charleston,Northeastern,81,63,-265,210,,0,,,-6.0,-110,-109,,,,,2,,0,Charleston,SC,1,6,,,,-5.0,"41,40","39,24",-225,163,-3.0,-116,-109
ncaab:401365682,ncaab,2022-01-29T21:00Z,final,2172,198,Denver,Oral Roberts,80,89,245,-315,,0,,,7.0,-105,-115,,,,,2,,0,Denver,CO,1,1609,,,,-7.0,"41,39","42,47",180,-250,4.0,-114,-109
ncaab:401365814,ncaab,2022-01-29T21:00Z,final,257,2670,Richmond,VCU,62,64,-152,125,,0,,,-2.5,-100,-118,,,,,2,,0,Richmond,VA,1,64,,,,-5.0,"29,33","32,32",-143,107,-1.0,-113,-113
ncaab:401367476,ncaab,2022-01-29T21:00Z,final,2026,2031,App State,Little Rock,72,57,,,,0,,,,,,,,,,2,,0,Boone,NC,1,981,,,,-5.0,"35,37","29,28",,,,,
ncaab:401369279,ncaab,2022-01-29T21:00Z,final,56,2198,Stetson,E Kentucky,113,95,,,,0,,,,,,,,,,2,,0,DeLand,FL,1,12,,,,-5.0,"53,60","37,58",,,,,
ncaab:401370742,ncaab,2022-01-29T21:00Z,final,2448,2908,NC A&T,SC Upstate,64,84,,,,0,,,,,,,,,,2,,0,Greensboro,NC,1,266,,,,-5.0,"32,32","42,42",,,,,
ncaab:401370743,ncaab,2022-01-29T21:00Z,final,2506,2427,Presbyterian,UNC Asheville,67,68,-125,104,,0,,,-1.5,-110,-110,,,,,2,,0,Clinton,SC,1,76,,,,-5.0,"26,41","28,40",-127,-105,-0.5,-112,-114
ncaab:401371496,ncaab,2022-01-29T21:00Z,final,2320,2000,Lamar,Abilene Chrstn,82,85,525,-770,,0,,,11.5,-110,-110,,,,,2,,0,Beaumont,TX,1,5,,,,-6.0,"37,45","36,49",250,-385,6.5,-114,-111
ncaab:401371499,ncaab,2022-01-29T21:00Z,final,2547,2534,Seattle U,Sam Houston,78,63,-186,148,,0,,,-4.0,-108,-113,,,,,2,,0,Seattle,WA,1,56,,,,-8.0,"30,48","39,24",-175,128,-2.0,-112,-114
ncaab:401371657,ncaab,2022-01-29T21:00Z,final,2466,357,N'Western St,Texas A&M-CC,90,76,,,,0,,,,,,,,,,2,,0,Natchitoches,LA,1,36,,,,-6.0,"41,49","31,45",,,,,
ncaab:401371769,ncaab,2022-01-29T21:00Z,final,145,2306,Ole Miss,Kansas St,67,56,-105,-116,,0,,,1.0,-112,-109,,,,,2,,0,Oxford,MS,1,154,,,,-6.0,"30,37","24,32",-112,-120,0.0,-109,-117
ncaab:401372580,ncaab,2022-01-29T21:00Z,final,2464,2502,N Arizona,Portland St,76,97,-137,114,,0,,,-2.0,-111,-109,,,,,2,,0,Flagstaff,AZ,1,2104,,,,-7.0,"46,30","52,45",-134,100,-0.5,-118,-108
ncaab:401372716,ncaab,2022-01-29T21:00Z,final,2348,249,Louisiana Tech,North Texas,62,63,-162,132,,0,,,-3.0,-112,-108,,,,,2,,0,Ruston,LA,1,102,,,,-6.0,"31,31","28,35",-152,114,-1.5,-112,-117
ncaab:401373057,ncaab,2022-01-29T21:00Z,void,2415,2169,Morgan St,Delaware St,,,,,,0,,,,,,,,,,2,,0,Baltimore,MD,1,10,,,,-5.0,,,,,,,
ncaab:401373076,ncaab,2022-01-29T21:00Z,final,2154,2379,Coppin St,MD Eastern,61,64,,,,0,,,,,,,,,,2,,0,Baltimore,MD,1,10,,,,-5.0,"33,28","35,29",,,,,
ncaab:401373122,ncaab,2022-01-29T21:00Z,final,2016,2582,Alcorn St,Southern,68,64,111,-134,,0,,,2.0,-109,-111,,,,,2,,0,Lorman,MS,1,66,,,,-6.0,"30,38","19,45",100,-134,0.5,-105,-118
ncaab:401373699,ncaab,2022-01-29T21:00Z,final,302,299,UC Davis,Long Beach St,63,70,-167,130,,0,,,-3.0,-112,-108,,,,,2,,0,Davis,CA,1,16,,,,-8.0,"34,29","34,36",-150,114,-1.5,-109,-117
ncaab:401380992,ncaab,2022-01-29T21:00Z,final,2428,47,NC Central,Howard,74,75,,,,0,,,,,,,,,,2,,0,Durham,NC,1,123,,,,-5.0,"20,42,12","39,23,13",,,,,
ncaab:401381703,ncaab,2022-01-29T21:00Z,final,2569,2450,SC State,Norfolk St,69,87,,,,0,,,,,,,,,,2,,0,Orangeburg,SC,1,74,,,,-5.0,"28,41","30,57",,,,,
ncaab:401364407,ncaab,2022-01-29T21:30Z,final,77,356,Northwestern,Illinois,56,59,185,-230,,0,,,5.5,-114,-106,,,,,2,,0,Evanston,IL,1,187,,,,-6.0,"19,37","24,35",145,-190,2.5,-112,-115
ncaab:401370740,ncaab,2022-01-29T21:30Z,final,2241,2515,Gardner-Webb,Radford,61,42,-360,280,,0,,,-7.5,-112,-108,,,,,2,,0,Boiling Springs,NC,1,269,,,,-5.0,"26,35","18,24",-278,200,-4.0,-114,-111
ncaab:401373224,ncaab,2022-01-29T21:30Z,final,2197,2634,E Illinois,Tennessee St,62,57,,,,0,,,,,,,,,,2,,0,Charleston,IL,1,204,,,,-6.0,"24,38","23,34",,,,,
ncaab:401373570,ncaab,2022-01-29T21:30Z,final,222,2599,Villanova,St John's,73,62,,,,0,,,,,,,,,,2,,0,Villanova,PA,1,121,,,,-5.0,"40,33","26,36",,,,,
ncaab:401365133,ncaab,2022-01-29T22:00Z,final,189,2309,Bowling Green,Kent State,83,91,-143,118,,0,,,-2.5,-112,-109,,,,,2,,0,Bowling Green,OH,1,212,,,,-5.0,"37,46","33,58",-141,106,-1.0,-119,-109
ncaab:401365685,ncaab,2022-01-29T22:00Z,final,233,155,South Dakota,North Dakota,71,58,-500,350,,0,,,-8.5,-118,-102,,,,,2,,0,Vermillion,SD,1,374,,,,-6.0,"39,32","18,40",-335,230,-5.0,-114,-113
ncaab:401367481,ncaab,2022-01-29T22:00Z,final,326,250,Texas St,UT Arlington,58,53,,,,0,,,,,,,,,,2,,0,San Marcos,TX,1,188,,,,-6.0,"26,32","29,24",,,,,
ncaab:401369278,ncaab,2022-01-29T22:00Z,final,2454,288,North Florida,Lipscomb,74,77,-134,110,,0,,,-2.0,-112,-109,,,,,2,,0,Jacksonville,FL,1,5,,,,-5.0,"32,42","36,41",-134,100,-0.5,-118,-109
ncaab:401370860,ncaab,2022-01-29T22:00Z,final,116,2598,Mount St Marys,Saint Francis,71,54,,,,0,,,,,,,,,,2,,0,Emmitsburg,MD,1,133,,,,-5.0,"35,36","28,26",,,,,
ncaab:401373144,ncaab,2022-01-29T22:00Z,final,2010,50,Alabama A&M,Florida A&M,60,65,111,-134,,0,,,2.0,-109,-112,,,,,2,,0,Normal,AL,1,220,,,,-6.0,"30,30","30,35",102,-136,0.5,-108,-118
ncaab:401373165,ncaab,2022-01-29T22:00Z,final,2296,2755,Jackson St,Grambling,64,73,-227,182,,0,,,-5.0,-112,-109,,,,,2,,0,Jackson,MS,1,85,,,,-6.0,"34,30","37,36",-200,145,-2.5,-114,-113
ncaab:401373246,ncaab,2022-01-29T22:00Z,final,93,2413,Murray St,Morehead St,77,66,-600,430,,0,,,-9.5,-110,-110,,,,,2,,0,Murray,KY,1,163,,,,-6.0,"33,44","28,38",-385,265,-5.5,-112,-115
ncaab:401373282,ncaab,2022-01-29T22:00Z,final,2546,2565,SE Missouri,SIUE,85,77,,,,0,,,,,,,,,,2,,0,Cape Girardeau,MO,1,108,,,,-6.0,"35,50","31,46",,,,,
ncaab:401373863,ncaab,2022-01-29T22:00Z,final,2545,2916,SE Louisiana,Incarnate Word,78,68,,,,0,,,,,,,,,,2,,0,Hammond,LA,1,13,,,,-6.0,"38,40","39,29",,,,,
ncaab:401376580,ncaab,2022-01-29T22:00Z,final,2400,2029,Miss Valley St,AR-Pine Bluff,68,74,,,,0,,,,,,,,,,2,,0,Itta Bena,MS,1,40,,,,-6.0,"30,38","25,49",,,,,
ncaab:401377436,ncaab,2022-01-29T22:00Z,final,264,254,Washington,Utah,77,73,-125,102,,0,,,-1.5,-110,-110,,,,,2,,0,Seattle,WA,1,56,,,,-8.0,"34,25,9,9","30,29,9,5",-127,-106,-0.5,-113,-114
ncaab:401369276,ncaab,2022-01-29T22:30Z,final,338,2453,Kennesaw St,North Alabama,58,71,-360,275,,0,,,-7.5,-110,-110,,,,,2,,0,Kennesaw,GA,1,332,,,,-5.0,"27,31","39,32",-275,195,-4.0,-113,-112
ncaab:401370739,ncaab,2022-01-29T22:30Z,final,2127,2261,Charleston So,Hampton,74,78,-159,130,,0,,,-3.0,-112,-108,,,,,2,,0,Charleston,SC,1,6,,,,-5.0,"42,32","45,33",-141,107,-1.5,-111,-111
ncaab:401364893,ncaab,2022-01-29T23:00Z,final,238,61,Vanderbilt,Georgia,85,77,-480,360,,0,,,-9.0,-106,-114,,,,,2,,0,Nashville,TN,1,170,,,,-6.0,"46,39","36,41",-335,235,-5.0,-113,-112
ncaab:401364899,ncaab,2022-01-29T23:00Z,final,2305,96,Kansas,Kentucky,62,80,-207,171,,0,,,-5.0,-112,-108,,,,,2,,0,Lawrence,KS,1,263,,,,-6.0,"31,31","51,29",-180,148,-2.5,-113,-113
ncaab:401364900,ncaab,2022-01-29T23:00Z,final,2641,344,Texas Tech,Mississippi St,76,50,-360,280,,0,,,-7.5,-110,-110,,,,,2,,0,Lubbock,TX,1,976,,,,-6.0,"37,39","22,28",-278,200,-4.0,-114,-111
ncaab:401365544,ncaab,2022-01-29T23:00Z,final,2382,231,Mercer,Furman,50,80,200,-250,,0,,,5.5,-110,-110,,,,,2,,0,Macon,GA,1,112,,,,-5.0,"25,25","44,36",155,-210,3.0,-116,-109
ncaab:401369275,ncaab,2022-01-29T23:00Z,final,294,2110,Jacksonville,C Arkansas,79,59,,,,0,,,,,,,,,,2,,0,Jacksonville,FL,1,5,,,,-5.0,"35,44","31,28",,,,,
ncaab:401369748,ncaab,2022-01-29T23:00Z,final,163,43,Princeton,Yale,74,80,-170,140,,0,,,-3.5,-111,-109,,,,,2,,0,Princeton,NJ,1,62,,,,-5.0,"26,48","43,37",-159,127,-2.0,-112,-110
ncaab:401369973,ncaab,2022-01-29T23:00Z,final,87,258,Notre Dame,Virginia,69,65,-162,135,,0,,,-3.0,-110,-110,,,,,2,,0,South Bend,IN,1,211,,,,-5.0,"34,35","27,38",-155,116,-1.5,-109,-117
ncaab:401372450,ncaab,2022-01-29T23:00Z,final,147,70,Montana St,Idaho,70,64,-1450,825,,0,,,-15.0,-110,-109,,,,,2,,0,Bozeman,MT,1,1468,,,,-7.0,"29,41","24,40",-590,360,-8.5,-123,-107
ncaab:401373181,ncaab,2022-01-29T23:00Z,final,2504,2640,Prairie View,Texas Southern,74,75,130,-161,,0,,,3.0,-110,-110,,,,,2,,0,Prairie View,TX,1,82,,,,-6.0,"40,27,7","33,34,8",114,-152,1.5,-117,-109
ncaab:401364410,ncaab,2022-01-29T23:30Z,final,158,164,Nebraska,Rutgers,61,63,146,-177,,0,,,3.5,-111,-108,,,,,2,,0,Lincoln,NE,1,367,,,,-6.0,"31,30","28,35",111,-138,1.5,-114,-109
ncaab:401373569,ncaab,2022-01-29T23:30Z,final,305,41,DePaul,UConn,50,57,,,,0,,,,,,,,,,2,,0,Chicago,IL,1,179,,,,-6.0,"29,21","28,29",,,,,
ncaab:401365457,ncaab,2022-01-30T00:00Z,final,350,2275,UNC Wilmington,Hofstra,78,72,155,-200,,0,,,4.5,-108,-112,,,,,2,,0,Wilmington,NC,1,9,,,,-5.0,"34,44","40,32",135,-182,2.0,-108,-118
ncaab:401365545,ncaab,2022-01-30T00:00Z,final,2747,2430,Wofford,UNC Greensboro,85,66,-305,240,,0,,,-6.5,-110,-110,,,,,2,,0,Spartanburg,SC,1,246,,,,-5.0,"37,48","27,39",-245,175,-3.5,-112,-114
ncaab:401367480,ncaab,2022-01-30T00:00Z,final,2653,6,Troy,South Alabama,77,68,110,-134,,0,,,2.0,-109,-112,,,,,2,,0,Troy,AL,1,165,,,,-6.0,"31,46","22,46",100,-134,0.5,-109,-118
ncaab:401368292,ncaab,2022-01-30T00:00Z,final,2523,2739,Robert Morris,Green Bay,62,60,-205,170,,0,,,-5.0,-111,-109,,,,,2,,0,Moon Township,PA,1,358,,,,-5.0,"26,36","27,33",-182,135,-2.5,-118,-106
ncaab:401369274,ncaab,2022-01-30T00:00Z,final,526,91,FGCU,Bellarmine,63,74,,,,0,,,,,,,,,,2,,0,Fort Myers,FL,1,3,,,,-5.0,"30,33","31,43",,,,,
ncaab:401369277,ncaab,2022-01-30T00:00Z,final,2335,55,Liberty,Jax State,67,77,,,,0,,,,,,,,,,2,,0,Lynchburg,VA,1,192,,,,-5.0,"25,42","38,39",,,,,
ncaab:401369668,ncaab,2022-01-30T00:00Z,final,2885,399,NJIT,UAlbany,53,64,,,,0,,,,,,,,,,2,,0,Newark,NJ,1,9,,,,-5.0,"19,34","34,30",,,,,
ncaab:401371152,ncaab,2022-01-30T00:00Z,final,2539,2541,San Francisco,Santa Clara,88,85,-347,270,,0,,,-7.5,-110,-110,,,,,2,,0,San Francisco,CA,1,16,,,,-8.0,"43,45","42,43",-275,195,-4.0,-114,-112
ncaab:401371230,ncaab,2022-01-30T00:00Z,final,2351,301,LMU,San Diego,65,69,,,,0,,,,,,,,,,2,,0,Los Angeles,CA,1,89,,,,-8.0,"33,32","33,36",,,,,
ncaab:401372663,ncaab,2022-01-30T00:00Z,final,295,2429,Old Dominion,Charlotte,68,52,-175,143,,0,,,-3.5,-112,-112,,,,,2,,0,Norfolk,VA,1,2,,,,-5.0,"35,33","19,33",-162,120,-1.5,-115,-114
ncaab:401372737,ncaab,2022-01-30T00:00Z,final,276,5,Marshall,UAB,84,81,400,-560,,0,,,10.5,-110,-110,,,,,2,,0,Huntington,WV,1,173,,,,-5.0,"41,43","30,51",260,-375,5.5,-112,-114
ncaab:401377437,ncaab,2022-01-30T00:00Z,final,30,25,USC,California,79,72,-909,575,,0,,,-12.5,-115,-105,,,,,2,,0,Los Angeles,CA,1,89,,,,-8.0,"41,38","35,37",-435,300,-7.0,-114,-116
ncaab:401364902,ncaab,2022-01-30T01:00Z,final,251,2633,Texas,Tennessee,52,51,-190,155,,0,,,-4.0,-110,-110,,,,,2,,0,Austin,TX,1,149,,,,-6.0,"27,25","25,26",-175,130,-2.0,-112,-112
ncaab:401365686,ncaab,2022-01-30T01:00Z,final,2437,140,Omaha,Kansas City,69,68,210,-265,,0,,,6.0,-109,-110,,,,,2,,0,Omaha,NE,1,323,,,,-6.0,"25,44","33,35",163,-225,3.0,-109,-117
ncaab:401367377,ncaab,2022-01-30T01:00Z,final,2623,339,Missouri St,Evansville,72,58,-1800,1025,,0,,,-16.5,-110,-110,,,,,2,,0,Springfield,MO,1,396,,,,-6.0,"28,44","21,37",-770,450,-9.5,-118,-112
ncaab:401367478,ncaab,2022-01-30T01:00Z,final,309,290,Louisiana,GA Southern,65,66,,,,0,,,,,,,,,,2,,0,Lafayette,LA,1,11,,,,-6.0,"29,36","32,34",,,,,
ncaab:401370012,ncaab,2022-01-30T01:00Z,final,183,154,Syracuse,Wake Forest,94,72,-124,102,,0,,,-1.5,-110,-110,,,,,2,,0,Syracuse,NY,1,121,,,,-5.0,"39,55","42,30",-127,-106,-0.5,-115,-114
ncaab:401371231,ncaab,2022-01-30T01:00Z,final,2608,2492,Saint Mary's,Pepperdine,81,57,-10000,1600,,0,,,-20.5,-110,-109,,,,,2,,0,Moraga,CA,1,152,,,,-8.0,"41,40","21,36",,,-11.5,-113,-113
ncaab:401371500,ncaab,2022-01-30T01:00Z,final,292,2627,UT Rio Grande,Tarleton St,64,79,,,,0,,,,,,,,,,2,,0,Edinburg,TX,1,30,,,,-6.0,"26,38","42,37",,,,,
ncaab:401371655,ncaab,2022-01-30T01:00Z,final,2277,2447,Hou Christian,Nicholls,61,73,,,,0,,,,,,,,,,2,,0,Houston,TX,1,12,,,,-6.0,"34,27","33,40",,,,,
ncaab:401372496,ncaab,2022-01-30T01:00Z,void,2458,304,N Colorado,Idaho St,,,,,,0,,,,,,,,,,2,,0,Greeley,CO,1,1425,,,,-7.0,,,,,,,
ncaab:401373700,ncaab,2022-01-30T01:00Z,final,27,2239,UC Riverside,Fullerton,67,54,-107,-113,,0,,,-0.5,-107,-113,,,,,2,,0,Riverside,CA,1,252,,,,-8.0,"37,30","22,32",-113,-118,0.5,-112,-110
ncaab:401377735,ncaab,2022-01-30T01:00Z,final,202,58,Tulsa,South Florida,76,45,-255,205,,0,,,-5.5,-110,-110,,,,,2,,0,Tulsa,OK,1,220,,,,-6.0,"40,36","27,18",-215,155,-3.0,-109,-117
ncaab:401377738,ncaab,2022-01-30T01:00Z,final,2116,248,UCF,Houston,49,63,220,-286,,0,,,6.5,-110,-115,,,,,2,,0,Orlando,FL,1,30,,,,-5.0,"23,26","34,29",180,-225,3.5,-114,-112
ncaab:401381768,ncaab,2022-01-30T01:00Z,final,2011,2065,Alabama St,Bethune,79,73,-200,165,,0,,,-4.5,-112,-108,,,,,2,,0,Montgomery,AL,1,73,,,,-6.0,"30,49","38,35",-182,138,-2.0,-118,-108
ncaab:401364894,ncaab,2022-01-30T01:30Z,final,245,2579,Texas A&M,South Carolina,63,74,-335,255,,0,,,-7.0,-110,-110,,,,,2,,0,College Station,TX,1,103,,,,-6.0,"31,32","27,47",-250,185,-4.0,-111,-111
ncaab:401373204,ncaab,2022-01-30T01:30Z,final,2635,2046,Tennessee Tech,Austin Peay,55,58,-242,195,,0,,,-5.5,-110,-109,,,,,2,,0,Cookeville,TN,1,334,,,,-6.0,"19,36","30,28",-210,155,-3.0,-109,-117
ncaab:401371229,ncaab,2022-01-30T02:00Z,final,2250,2501,Gonzaga,Portland,104,72,-100000,4000,,0,,,-32.5,-110,-110,,,,,2,,0,Spokane,WA,1,571,,,,-8.0,"48,56","28,44",,,-18.0,-111,-113
ncaab:401371498,ncaab,2022-01-30T02:00Z,final,166,2253,New Mexico St,Grand Canyon,71,61,-230,188,,0,,,-5.0,-115,-105,,,,,2,,0,Las Cruces,NM,1,1191,,,,-7.0,"33,38","27,34",-210,155,-3.0,-112,-113
ncaab:401372425,ncaab,2022-01-30T02:00Z,final,149,331,Montana,E Washington,61,59,,,,0,,,,,,,,,,2,,0,Missoula,MT,1,978,,,,-7.0,"34,27","32,27",,,,,
ncaab:401372842,ncaab,2022-01-30T02:00Z,final,2638,2229,UTEP,FIU,79,68,,,,0,,,,,,,,,,2,,0,El Paso,TX,1,1133,,,,-7.0,"36,43","38,30",,,,,
ncaab:401373701,ncaab,2022-01-30T02:00Z,final,300,13,UC Irvine,Cal Poly,72,48,-1111,650,,0,,,-13.5,-115,-105,,,,,2,,0,Irvine,CA,1,17,,,,-8.0,"31,41","19,29",-625,350,-7.5,-114,-114
ncaab:401371315,ncaab,2022-01-30T02:30Z,final,279,252,Pacific,BYU,76,73,600,-975,,0,,,12.5,-118,-100,,,,,2,,0,Stockton,CA,1,4,,,,-8.0,"33,43","28,45",260,-385,7.0,-114,-112
ncaab:401377438,ncaab,2022-01-30T02:30Z,final,26,24,UCLA,Stanford,66,43,-835,550,,0,,,-11.5,-110,-110,,,,,2,,0,Los Angeles,CA,1,89,,,,-8.0,"37,29","18,25",-480,320,-7.0,-115,-116
ncaab:401364753,ncaab,2022-01-30T03:00Z,final,2440,328,Nevada,Utah State,49,78,-110,-110,,0,,,0.0,-109,-111,,,,,2,,0,Reno,NV,1,1373,,,,-8.0,"27,22","45,33",-120,-112,0.0,-117,-109
ncaab:401371501,ncaab,2022-01-30T03:00Z,final,2856,2617,CA Baptist,SF Austin,77,81,,,,0,,,,,,,,,,2,,0,Riverside,CA,1,252,,,,-8.0,"35,42","35,46",,,,,
ncaab:401372613,ncaab,2022-01-30T03:00Z,final,16,2692,Sacramento St,Weber St,59,79,425,-625,,0,,,10.5,-110,-110,,,,,2,,0,Sacramento,CA,1,9,,,,-8.0,"25,34","40,39",235,-385,6.0,-116,-109
ncaab:401373702,ncaab,2022-01-30T03:00Z,final,28,2934,UC San Diego,Bakersfield,83,75,,,,0,,,,,,,,,,2,,0,San Diego,CA,1,20,,,,-8.0,"43,40","32,43",,,,,
ncaab:401377439,ncaab,2022-01-30T03:00Z,final,2483,204,Oregon,Oregon St,78,56,-953,595,,0,,,-12.5,-112,-107,,,,,2,,0,Eugene,OR,1,131,,,,-8.0,"44,34","25,31",-480,310,-6.5,-113,-113
ncaab:401373698,ncaab,2022-01-30T04:59Z,final,62,2540,Hawai'i,Santa Barbara,65,62,,,,0,,,,,,,,,,2,,0,Honolulu,HI,1,5,,,,-10.0,"19,46","30,32",,,,,
ncaab:401369745,ncaab,2022-01-30T16:00Z,final,225,172,Brown,Cornell,72,74,-225,180,,0,,,-5.0,-112,-109,,,,,2,,0,Providence,RI,1,2,,,,-5.0,"25,47","43,31",-195,143,-2.5,-116,-113
ncaab:401364412,ncaab,2022-01-30T17:00Z,final,2509,194,Purdue,Ohio State,81,78,-455,345,,0,,,-9.0,-110,-110,,,,,2,,0,West Lafayette,IN,1,186,,,,-5.0,"39,42","30,48",-305,240,-5.0,-116,-111
ncaab:401365815,ncaab,2022-01-30T17:00Z,final,45,2230,G Washington,Fordham,64,55,,,,0,,,,,,,,,,2,,0,Washington,DC,1,7,,,,-5.0,"29,35","22,33",,,,,
ncaab:401368296,ncaab,2022-01-30T17:00Z,final,94,325,N Kentucky,Cleveland St,78,72,115,-148,,0,,,2.5,-109,-112,,,,,2,,0,Highland Heights,KY,1,260,,,,-5.0,"30,48","36,36",118,-159,1.5,-113,-113
ncaab:401368297,ncaab,2022-01-30T17:00Z,final,2750,2870,Wright St,Purdue FW,75,63,-265,205,,0,,,-6.0,-110,-110,,,,,2,,0,Dayton,OH,1,225,,,,-5.0,"36,39","30,33",-225,163,-3.5,-113,-114
ncaab:401377739,ncaab,2022-01-30T17:00Z,final,151,2132,East Carolina,Cincinnati,59,60,210,-265,,0,,,6.5,-115,-105,,,,,2,,0,Greenville,NC,1,18,,,,-5.0,"26,33","32,28",170,-210,3.0,-109,-117
ncaab:401373567,ncaab,2022-01-30T17:30Z,final,2507,269,Providence,Marquette,65,63,-150,121,,0,,,-2.5,-113,-109,,,,,2,,0,Providence,RI,1,2,,,,-5.0,"23,42","29,34",-150,123,-1.5,-113,-113
ncaab:401364411,ncaab,2022-01-30T18:00Z,final,275,135,Wisconsin,Minnesota,66,60,-770,550,,0,,,-11.5,-110,-110,,,,,2,,0,Madison,WI,1,267,,,,-6.0,"32,34","25,35",-375,275,-6.5,-112,-114
ncaab:401365355,ncaab,2022-01-30T18:00Z,final,314,2612,Iona,Saint Peter's,85,77,,,,0,,,,,,,,,,2,,0,New Rochelle,NY,1,26,,,,-5.0,"29,56","30,47",,,,,
ncaab:401370812,ncaab,2022-01-30T18:00Z,final,2803,112358,Bryant,Long Island,88,81,,,,0,,,,,,,,,,2,,0,Smithfield,RI,1,84,,,,-5.0,"39,49","29,52",,,,,
ncaab:401370834,ncaab,2022-01-30T18:00Z,final,161,2115,FDU,C Connecticut,75,55,,,,0,,,,,,,,,,2,,0,Hackensack,NJ,1,6,,,,-5.0,"33,42","21,34",,,,,
ncaab:401365353,ncaab,2022-01-30T19:00Z,final,2520,2099,Rider,Canisius,70,62,-125,102,,0,,,-1.5,-110,-109,,,,,2,,0,Lawrenceville,NJ,1,37,,,,-5.0,"39,31","32,30",-127,-106,-0.5,-112,-114
ncaab:401365354,ncaab,2022-01-30T19:00Z,final,2405,315,Monmouth,Niagara,69,70,-375,285,,0,,,-8.5,-110,-109,,,,,2,,0,West Long Branch,NJ,1,9,,,,-5.0,"28,33,8","30,31,9",-345,250,-5.5,-117,-110
ncaab:401365356,ncaab,2022-01-30T19:00Z,final,2363,2368,Manhattan,Marist,72,66,104,-125,,0,,,1.5,-109,-110,,,,,2,,0,Riverdale,NY,1,159,,,,-8.0,"34,38","32,34",-112,-118,0.5,-114,-112
ncaab:401365357,ncaab,2022-01-30T19:00Z,final,2561,2514,Siena,Quinnipiac,85,76,-139,112,,0,,,-2.0,-110,-110,,,,,2,,0,Albany,NY,1,45,,,,-5.0,"36,49","34,42",-134,100,-0.5,-118,-109
ncaab:401365816,ncaab,2022-01-30T19:00Z,final,113,2244,UMass,George Mason,62,72,,,,0,,,,,,,,,,2,,0,Amherst,MA,1,82,,,,-5.0,"27,35","37,35",,,,,
ncaab:401367380,ncaab,2022-01-30T19:00Z,final,71,282,Bradley,Indiana St,67,52,-385,295,,0,,,-8.0,-110,-110,,,,,2,,0,Peoria,IL,1,153,,,,-6.0,"34,33","23,29",-335,230,-4.5,-115,-112
ncaab:401367381,ncaab,2022-01-30T19:00Z,final,2181,2350,Drake,Loyola Chicago,77,68,113,-134,,0,,,2.0,-107,-113,,,,,2,,0,Des Moines,IA,1,266,,,,-6.0,"32,45","31,37",102,-134,0.5,-108,-118
ncaab:401370878,ncaab,2022-01-30T19:00Z,final,2597,2681,St Francis BK,Wagner,69,72,,,,0,,,,,,,,,,2,,0,Brooklyn,NY,1,15,,,,-5.0,"31,38","37,35",,,,,
ncaab:401410619,ncaab,2022-01-30T19:00Z,final,2415,2169,Morgan St,Delaware St,82,70,-1667,850,,0,,,-14.5,-110,-109,,,,,2,,0,Baltimore,MD,1,10,,,,-5.0,"36,46","39,31",-500,340,-8.5,-113,-115
ncaab:401369920,ncaab,2022-01-30T21:20Z,final,103,221,Boston College,Pitt,69,56,-186,152,,0,,,-4.0,-112,-108,,,,,2,,0,Chestnut Hill,MA,1,60,,,,-5.0,"31,38","22,34",-182,135,-2.0,-115,-110
ncaab:401367379,ncaab,2022-01-30T22:00Z,final,79,2674,S Illinois,Valparaiso,77,55,,,,0,,,,,,,,,,2,,0,Carbondale,IL,1,126,,,,-6.0,"43,34","28,27",,,,,
ncaab:401371656,ncaab,2022-01-30T23:00Z,final,2377,2443,McNeese,LSU N Orleans,78,84,,,,0,,,,,,,,,,2,,0,Lake Charles,LA,1,4,,,,-6.0,"41,37","38,46",,,,,
ncaab:401381746,ncaab,2022-01-30T23:00Z,final,2083,2352,Bucknell,Loyola MD,82,80,147,-179,,0,,,4.0,-109,-111,,,,,2,,0,Lewisburg,PA,1,144,,,,-5.0,"32,38,12","30,40,10",110,-143,1.0,-110,-115
ncaab:401377440,ncaab,2022-01-31T03:00Z,final,265,38,Washington St,Colorado,70,43,-275,205,,0,,,-6.0,-110,-109,,,,,2,,0,Pullman,WA,1,717,,,,-8.0,"39,31","18,25",-210,170,-3.5,-113,-114
