id,league,start,status,home,away,home_name,away_name,home_score,away_score,ml_home,ml_away,odds_time,neutral,ml_home_open,ml_away_open,spread_home,spread_home_odds,spread_away_odds,inj_home,inj_away,sp_home,sp_away,stype,country,intl,city,state,indoor,elev,wx_temp,wx_wind,wx_rain,tzo,ls_home,ls_away,h1_ml_home,h1_ml_away,h1_spread_home,h1_spread_home_odds,h1_spread_away_odds
ncaab:401483265,ncaab,2022-11-07T17:00Z,final,239,2400,Baylor,Miss Valley St,117,53,,,,0,,,,,,,,,,2,,0,Waco,TX,1,143,,,,-6.0,"61,56","21,32",,,,,
ncaab:401489751,ncaab,2022-11-07T17:00Z,final,2393,2855,MTSU,Brescia,79,52,,,,0,,,,,,,,,,2,,0,Murfreesboro,TN,1,186,,,,-6.0,"36,43","19,33",,,,,
ncaab:401494597,ncaab,2022-11-07T18:00Z,final,2504,123410,Prairie View,Kansas Chrstn,94,79,,,,0,,,,,,,,,,2,,0,Prairie View,TX,1,82,,,,-6.0,"47,47","41,38",,,,,
ncaab:401485025,ncaab,2022-11-07T19:00Z,final,24,279,Stanford,Pacific,88,78,-1667,900,,0,,,-15.0,-110,-109,,,,,2,,0,Stanford,CA,1,23,,,,-8.0,"44,44","32,46",-715,460,-9.5,-115,-115
ncaab:401489513,ncaab,2022-11-07T21:00Z,final,256,110414,James Madison,Valley Forge,123,38,,,,0,,,,,,,,,,2,,0,Harrisonburg,VA,1,404,,,,-5.0,"72,51","11,27",,,,,
ncaab:401487408,ncaab,2022-11-07T22:00Z,final,60,108,Morehouse,Harvard,63,68,,,,0,,,,,,,,,,2,,0,Atlanta,GA,1,320,,,,-5.0,"27,36","47,21",,,,,
ncaab:401489662,ncaab,2022-11-07T22:00Z,final,2430,3169,UNC Greensboro,J&W (NC),93,60,,,,0,,,,,,,,,,2,,0,Greensboro,NC,1,266,,,,-5.0,"40,53","22,38",,,,,
ncaab:401493663,ncaab,2022-11-07T22:30Z,final,2473,190,Oakland,Defiance,92,27,,,,0,,,,,,,,,,2,,0,Rochester,MI,1,229,,,,-5.0,"43,49","14,13",,,,,
ncaab:401486936,ncaab,2022-11-07T23:00Z,final,2429,2154,Charlotte,Coppin St,82,59,-678,465,,0,,,-10.5,-110,-110,,,,,2,,0,Charlotte,NC,1,229,,,,-5.0,"45,37","32,27",-400,265,-5.5,-120,-112
ncaab:401489690,ncaab,2022-11-07T23:00Z,final,2349,524,UMass Lowell,Fisher,108,43,,,,0,,,,,,,,,,2,,0,Lowell,MA,1,36,,,,-5.0,"49,59","25,18",,,,,
ncaab:401493633,ncaab,2022-11-07T23:00Z,final,270,110437,Milwaukee,MSOE,102,46,,,,0,,,,,,,,,,2,,0,Milwaukee,WI,1,188,,,,-6.0,"52,50","27,19",,,,,
ncaab:401483365,ncaab,2022-11-07T23:30Z,final,130,2870,Michigan,Purdue FW,75,56,-1648,903,,0,,,-16.0,-109,-111,,,,,2,,0,Ann Arbor,MI,1,269,,,,-5.0,"40,35","28,28",-667,419,-9.0,-116,-115
ncaab:401484362,ncaab,2022-11-07T23:30Z,final,222,2325,Villanova,La Salle,81,68,-1522,853,,0,,,-15.5,-110,-110,,,,,2,,0,Villanova,PA,1,121,,,,-5.0,"37,44","23,45",-619,399,-8.5,-107,-117
ncaab:401489550,ncaab,2022-11-07T23:30Z,final,2026,2684,App State,Warren Wilson,142,74,,,,0,,,,,,,,,,2,,0,Boone,NC,1,981,,,,-5.0,"83,59","37,37",,,,,
ncaab:401494401,ncaab,2022-11-07T23:30Z,final,96,47,Kentucky,Howard,95,63,-5000,1600,,0,,,-25.0,-107,-113,,,,,2,,0,Lexington,KY,1,295,,,,-5.0,"49,46","26,37",-2500,1100,-14.0,-118,-118
ncaab:401485101,ncaab,2022-11-07T23:43Z,final,2086,2443,Butler,LSU N Orleans,89,53,,,,0,,,,,,,,,,2,,0,Indianapolis,IN,1,218,,,,-5.0,"46,43","21,32",,,,,
ncaab:401485102,ncaab,2022-11-07T23:50Z,final,2599,2771,St John's,Merrimack,97,72,,,,0,,,,,,,,,,2,,0,Queens,NY,1,12,,,,-5.0,"51,46","30,42",,,,,
ncaab:401482897,ncaab,2022-11-08T00:00Z,final,228,2643,Clemson,The Citadel,80,69,-2726,1148,,0,,,-18.0,-107,-112,,,,,2,,0,Clemson,SC,1,221,,,,-5.0,"45,35","31,38",-770,500,-10.5,-115,-110
ncaab:401482906,ncaab,2022-11-08T00:00Z,final,150,294,Duke,Jacksonville,71,44,-1548,850,,0,,,-15.0,-110,-110,,,,,2,,0,Durham,NC,1,123,,,,-5.0,"42,29","26,18",-835,460,-8.5,-125,-110
ncaab:401482914,ncaab,2022-11-08T00:00Z,final,52,56,Florida St,Stetson,74,83,-2472,1092,,0,,,-17.5,-109,-111,,,,,2,,0,Tallahassee,FL,1,62,,,,-5.0,"37,37","44,39",-835,500,-10.5,-115,-115
ncaab:401482965,ncaab,2022-11-08T00:00Z,final,221,2630,Pitt,UT Martin,80,58,,,,0,,,,,,,,,,2,,0,Pittsburgh,PA,1,233,,,,-5.0,"37,43","24,34",,,,,
ncaab:401483235,ncaab,2022-11-08T00:00Z,final,2633,2635,Tennessee,Tennessee Tech,75,43,-66678,4000,,0,,,-36.0,-108,-113,,,,,2,,0,Knoxville,TN,1,276,,,,-5.0,"27,48","16,27",,,-20.0,-110,-115
ncaab:401483328,ncaab,2022-11-08T00:00Z,final,277,116,West Virginia,Mount St Marys,76,58,-2283,1070,,0,,,-17.0,-110,-110,,,,,2,,0,Morgantown,WV,1,271,,,,-5.0,"30,46","18,40",-770,500,-10.0,-115,-117
ncaab:401483344,ncaab,2022-11-08T00:00Z,final,84,2413,Indiana,Morehead St,88,53,-5836,1895,,0,,,-24.5,-110,-109,,,,,2,,0,Bloomington,IN,1,235,,,,-5.0,"41,47","29,24",-1667,1100,-14.0,-115,-110
ncaab:401483352,ncaab,2022-11-08T00:00Z,final,2294,2065,Iowa,Bethune,89,58,-14950,3255,,0,,,-28.5,-110,-110,,,,,2,,0,Iowa City,IA,1,204,,,,-6.0,"54,35","35,23",,,-16.5,-116,-116
ncaab:401483357,ncaab,2022-11-08T00:00Z,final,120,315,Maryland,Niagara,71,49,-2004,1048,,0,,,-17.0,-110,-109,,,,,2,,0,College Park,MD,1,21,,,,-5.0,"34,37","27,22",-770,460,-9.5,-120,-115
ncaab:401483391,ncaab,2022-11-08T00:00Z,final,194,2523,Ohio State,Robert Morris,91,53,-3500,1280,,0,,,-20.5,-108,-111,,,,,2,,0,Columbus,OH,1,235,,,,-5.0,"42,49","28,25",-1250,700,-12.0,-110,-118
ncaab:401483398,ncaab,2022-11-08T00:00Z,final,213,2737,Penn State,Winthrop,93,68,-1000,600,,0,,,-12.5,-110,-110,,,,,2,,0,University Park,PA,1,348,,,,-5.0,"44,49","32,36",-500,320,-7.0,-114,-119
ncaab:401483411,ncaab,2022-11-08T00:00Z,final,164,171,Rutgers,Columbia,75,35,,,,0,,,,,,,,,,2,,0,Piscataway,NJ,1,30,,,,-5.0,"31,44","21,14",,,,,
ncaab:401483431,ncaab,2022-11-08T00:00Z,final,9,2627,Arizona St,Tarleton St,62,59,-1321,736,,0,,,-14.5,-107,-114,,,,,2,,0,Tempe,AZ,1,360,,,,-7.0,"32,30","29,30",-500,350,-8.5,-110,-115
ncaab:401484855,ncaab,2022-11-08T00:00Z,final,127,2464,Michigan St,N Arizona,73,55,-4000,1400,,0,,,-21.0,-110,-109,,,,,2,,0,East Lansing,MI,1,261,,,,-5.0,"34,39","20,35",-1667,900,-12.0,-118,-110
ncaab:401484860,ncaab,2022-11-08T00:00Z,final,231,2822,Furman,N Greenville,91,55,,,,0,,,,,,,,,,2,,0,Greenville,SC,1,307,,,,-5.0,"37,54","19,36",,,,,
ncaab:401485026,ncaab,2022-11-08T00:00Z,final,257,2678,Richmond,VMI,69,48,-2500,1738,,0,,,-18.0,-110,-109,,,,,2,,0,Richmond,VA,1,64,,,,-5.0,"28,41","21,27",-2500,550,-12.5,-112,-112
ncaab:401485292,ncaab,2022-11-08T00:00Z,final,2335,111926,Liberty,Regent,104,38,,,,0,,,,,,,,,,2,,0,Lynchburg,VA,1,192,,,,-5.0,"55,49","17,21",,,,,
ncaab:401485293,ncaab,2022-11-08T00:00Z,final,2511,276,Queens,Marshall,83,82,157,-200,,0,,,4.5,-110,-110,,,,,2,,0,Charlotte,NC,1,229,,,,-5.0,"41,42","36,46",125,-175,2.0,-110,-122
ncaab:401485389,ncaab,2022-11-08T00:00Z,final,2193,2213,ETSU,Emory & Henry,88,66,,,,0,,,,,,,,,,2,,0,Johnson City,TN,1,498,,,,-5.0,"45,43","31,35",,,,,
ncaab:401487275,ncaab,2022-11-08T00:00Z,final,189,2005,Bowling Green,Air Force,62,58,-181,148,,0,,,-3.5,-107,-112,,,,,2,,0,Bowling Green,OH,1,212,,,,-5.0,"35,27","29,29",-167,125,-2.0,-110,-110
ncaab:401487327,ncaab,2022-11-08T00:00Z,final,261,225,Vermont,Brown,80,65,-937,565,,0,,,-12.5,-110,-109,,,,,2,,0,Burlington,VT,1,61,,,,-5.0,"37,43","28,37",-530,335,-7.0,-115,-115
ncaab:401487449,ncaab,2022-11-08T00:00Z,final,314,219,Iona,Penn,78,50,-281,225,,0,,,-6.5,-110,-110,,,,,2,,0,New Rochelle,NY,1,26,,,,-5.0,"34,44","21,29",-250,185,-3.5,-110,-110
ncaab:401487469,ncaab,2022-11-08T00:00Z,final,43,108862,Yale,Sarah Lawrence,96,41,,,,0,,,,,,,,,,2,,0,New Haven,CT,1,18,,,,-5.0,"56,40","21,20",,,,,
ncaab:401487612,ncaab,2022-11-08T00:00Z,final,2168,2815,Dayton,Lindenwood,73,46,-100000,10000,,0,,,-32.5,-110,-110,,,,,2,,0,Dayton,OH,1,225,,,,-5.0,"35,38","21,25",,,-18.5,-110,-120
ncaab:401487643,ncaab,2022-11-08T00:00Z,final,45,330,G Washington,Virginia St,85,58,,,,0,,,,,,,,,,2,,0,Washington,DC,1,7,,,,-5.0,"43,42","30,28",,,,,
ncaab:401487662,ncaab,2022-11-08T00:00Z,final,227,2514,Rhode Island,Quinnipiac,62,67,-485,340,,0,,,-9.5,-107,-112,,,,,2,,0,Kingston,RI,1,75,,,,-5.0,"31,31","34,33",-335,225,-5.0,-115,-112
ncaab:401487690,ncaab,2022-11-08T00:00Z,final,179,2598,St Bonaventure,Saint Francis,71,58,,,,0,,,,,,,,,,2,,0,Saint Bonaventure,NY,1,435,,,,-5.0,"32,39","32,26",,,,,
ncaab:401487702,ncaab,2022-11-08T00:00Z,final,2670,2363,VCU,Manhattan,73,56,-3344,996,,0,,,-22.5,-112,-107,,,,,2,,0,Richmond,VA,1,64,,,,-5.0,"48,25","30,26",-3335,850,-13.5,-115,-115
ncaab:401488791,ncaab,2022-11-08T00:00Z,final,325,587,Cleveland St,ND Ohio,68,72,,,,0,,,,,,,,,,2,,0,Cleveland,OH,1,199,,,,-5.0,"31,37","32,40",,,,,
ncaab:401488809,ncaab,2022-11-08T00:00Z,final,94,2309,N Kentucky,Kent State,57,79,-116,-103,,0,,,-1.0,-114,-107,,,,,2,,0,Highland Heights,KY,1,260,,,,-5.0,"29,28","35,44",-122,-109,-0.5,-105,-115
ncaab:401488823,ncaab,2022-11-08T00:00Z,final,218,2681,Temple,Wagner,73,76,-1748,958,,0,,,-16.5,-110,-110,,,,,2,,0,Philadelphia,PA,1,12,,,,-5.0,"31,38,4","28,41,7",-835,475,-9.5,-115,-115
ncaab:401488826,ncaab,2022-11-08T00:00Z,final,2172,70,Denver,Idaho,68,63,-558,415,,0,,,-10.0,-112,-107,,,,,2,,0,Denver,CO,1,1609,,,,-7.0,"35,33","30,33",-420,275,-5.5,-110,-110
ncaab:401489506,ncaab,2022-11-08T00:00Z,final,295,2379,Old Dominion,MD Eastern,84,65,,,,0,,,,,,,,,,2,,0,Norfolk,VA,1,2,,,,-5.0,"40,44","33,32",,,,,
ncaab:401489596,ncaab,2022-11-08T00:00Z,final,2229,2277,FIU,Hou Christian,77,66,,,,0,,,,,,,,,,2,,0,Miami,FL,1,2,,,,-5.0,"32,45","41,25",,,,,
ncaab:401489620,ncaab,2022-11-08T00:00Z,final,119,399,Towson,UAlbany,67,62,,,,0,,,,,,,,,,2,,0,Towson,MD,1,141,,,,-5.0,"38,29","28,34",,,,,
ncaab:401489671,ncaab,2022-11-08T00:00Z,final,2132,2124,Cincinnati,Chaminade,98,55,,,,0,,,,,,,,,,2,,0,Cincinnati,OH,1,191,,,,-5.0,"54,44","28,27",,,,,
ncaab:401489700,ncaab,2022-11-08T00:00Z,final,2747,3243,Wofford,Bob Jones,120,48,,,,0,,,,,,,,,,2,,0,Spartanburg,SC,1,246,,,,-5.0,"64,56","19,29",,,,,
ncaab:401489714,ncaab,2022-11-08T00:00Z,final,2226,2357,FAU,Lynn,81,46,,,,0,,,,,,,,,,2,,0,Boca Raton,FL,1,4,,,,-5.0,"42,39","16,30",,,,,
ncaab:401491259,ncaab,2022-11-08T00:00Z,final,107,2561,Holy Cross,Siena,68,75,101,-123,,0,,,1.5,-111,-109,,,,,2,,0,Worcester,MA,1,147,,,,-5.0,"26,42","37,38",-110,-122,0.5,-120,-110
ncaab:401491278,ncaab,2022-11-08T00:00Z,final,2084,2142,Buffalo,Colgate,88,87,125,-154,,0,,,2.5,-107,-112,,,,,2,,0,Buffalo,NY,1,183,,,,-5.0,"38,50","41,46",110,-148,1.0,-112,-120
ncaab:401491655,ncaab,2022-11-08T00:00Z,final,2803,2645,Bryant,Thomas Coll,147,39,,,,0,,,,,,,,,,2,,0,Smithfield,RI,1,84,,,,-5.0,"74,73","22,17",,,,,
ncaab:401491665,ncaab,2022-11-08T00:00Z,final,2612,2885,Saint Peter's,NJIT,73,59,,,,0,,,,,,,,,,2,,0,Jersey City,NJ,1,9,,,,-5.0,"41,32","20,39",,,,,
ncaab:401491791,ncaab,2022-11-08T00:00Z,final,2166,2258,Davidson,Guilford,87,64,,,,0,,,,,,,,,,2,,0,Davidson,NC,1,256,,,,-5.0,"36,51","25,39",,,,,
ncaab:401491815,ncaab,2022-11-08T00:00Z,final,48,2732,Delaware,Wilmington DE,78,54,,,,0,,,,,,,,,,2,,0,Newark,DE,1,38,,,,-5.0,"34,44","19,35",,,,,
ncaab:401491825,ncaab,2022-11-08T00:00Z,final,2210,2215,Elon,Erskine,80,56,,,,0,,,,,,,,,,2,,0,Elon,NC,1,215,,,,-5.0,"42,38","25,31",,,,,
ncaab:401491837,ncaab,2022-11-08T00:00Z,final,2448,2206,NC A&T,Edward Waters,100,61,,,,0,,,,,,,,,,2,,0,Greensboro,NC,1,266,,,,-5.0,"46,54","20,41",,,,,
ncaab:401492254,ncaab,2022-11-08T00:00Z,final,2083,388,Bucknell,Lebanon Valley,113,52,,,,0,,,,,,,,,,2,,0,Lewisburg,PA,1,144,,,,-5.0,"50,63","26,26",,,,,
ncaab:401492424,ncaab,2022-11-08T00:00Z,final,282,2739,Indiana St,Green Bay,80,53,-2049,1048,,0,,,-17.0,-110,-110,,,,,2,,0,Terre Haute,IN,1,152,,,,-5.0,"34,46","31,22",-835,525,-9.5,-118,-115
ncaab:401493699,ncaab,2022-11-08T00:00Z,final,2006,2571,Akron,S Dakota St,81,80,,,,0,,,,,,,,,,2,,0,Akron,OH,1,291,,,,-5.0,"35,35,11","41,29,10",,,,,
ncaab:401493705,ncaab,2022-11-08T00:00Z,final,2050,2189,Ball State,Earlham,109,39,,,,0,,,,,,,,,,2,,0,Muncie,IN,1,284,,,,-5.0,"55,54","19,20",,,,,
ncaab:401493749,ncaab,2022-11-08T00:00Z,final,2649,2674,Toledo,Valparaiso,85,70,-1047,645,,0,,,-13.0,-112,-107,,,,,2,,0,Toledo,OH,1,186,,,,-5.0,"52,33","26,44",,,-7.0,-115,-115
ncaab:401493949,ncaab,2022-11-08T00:00Z,final,2653,2409,Troy,Montevallo,87,67,,,,0,,,,,,,,,,2,,0,Troy,AL,1,165,,,,-6.0,"34,53","31,36",,,,,
ncaab:401497514,ncaab,2022-11-08T00:00Z,final,2506,108942,Presbyterian,Carolina U,76,42,,,,0,,,,,,,,,,2,,0,Clinton,SC,1,76,,,,-5.0,"43,33","23,19",,,,,
ncaab:401497670,ncaab,2022-11-08T00:00Z,final,324,117,Coastal,St Mary's (MD),97,43,,,,0,,,,,,,,,,2,,0,Conway,SC,1,10,,,,-5.0,"50,47","16,27",,,,,
ncaab:401500363,ncaab,2022-11-08T00:00Z,final,2597,289,St Francis BK,Mt St Mary,94,56,,,,0,,,,,,,,,,2,,0,Brooklyn,NY,1,15,,,,-5.0,"48,46","27,29",,,,,
ncaab:401500556,ncaab,2022-11-08T00:00Z,final,338,548,Kennesaw St,LaGrange,99,56,,,,0,,,,,,,,,,2,,0,Kennesaw,GA,1,332,,,,-5.0,"42,57","37,19",,,,,
ncaab:401500557,ncaab,2022-11-08T00:00Z,final,2453,3083,North Alabama,Oakwood,108,51,,,,0,,,,,,,,,,2,,0,Florence,AL,1,167,,,,-6.0,"60,48","25,26",,,,,
ncaab:401482929,ncaab,2022-11-08T00:30Z,final,2390,322,Miami,Lafayette,67,54,-10000,2000,,0,,,-26.5,-110,-110,,,,,2,,0,Coral Gables,FL,1,3,,,,-5.0,"28,39","30,24",-10000,1200,-15.5,-120,-112
ncaab:401485098,ncaab,2022-11-08T00:30Z,final,41,284,UConn,Stonehill,85,54,,,,0,,,,,,,,,,2,,0,Hartford,CT,1,18,,,,-5.0,"38,47","19,35",,,,,
ncaab:401485470,ncaab,2022-11-08T00:30Z,final,2450,3229,Norfolk St,VA Lynchburg,109,59,,,,0,,,,,,,,,,2,,0,Norfolk,VA,1,2,,,,-5.0,"58,51","29,30",,,,,
ncaab:401487131,ncaab,2022-11-08T00:30Z,final,5,2011,UAB,Alabama St,111,70,-5000,1600,,0,,,-26.0,-110,-109,,,,,2,,0,Birmingham,AL,1,187,,,,-6.0,"53,58","34,36",-10000,1050,-15.5,-115,-115
ncaab:401487363,ncaab,2022-11-08T00:30Z,final,2230,159,Fordham,Dartmouth,88,74,-280,217,,0,,,-6.0,-110,-110,,,,,2,,0,Bronx,NY,1,28,,,,-5.0,"43,45","38,36",-265,190,,,-110
ncaab:401487486,ncaab,2022-11-08T00:30Z,final,113,2115,UMass,C Connecticut,94,67,,,,0,,,,,,,,,,2,,0,Amherst,MA,1,82,,,,-5.0,"41,53","33,34",,,,,
ncaab:401487718,ncaab,2022-11-08T00:30Z,final,2729,2426,William & Mary,Navy,59,74,106,-132,,0,,,2.0,-109,-110,,,,,2,,0,Williamsburg,VA,1,25,,,,-5.0,"37,22","39,35",-100,-134,0.5,-116,-116
ncaab:401488558,ncaab,2022-11-08T00:30Z,final,59,2861,Georgia Tech,Clayton St,93,63,,,,0,,,,,,,,,,2,,0,Atlanta,GA,1,320,,,,-5.0,"34,59","34,29",,,,,
ncaab:401488786,ncaab,2022-11-08T00:30Z,final,2908,2913,SC Upstate,Brevard,90,42,,,,0,,,,,,,,,,2,,0,Spartanburg,SC,1,246,,,,-5.0,"47,43","18,24",,,,,
ncaab:401488998,ncaab,2022-11-08T00:30Z,final,2057,195,Belmont,Ohio,70,69,-265,205,,0,,,-6.0,-114,-106,,,,,2,,0,Nashville,TN,1,170,,,,-6.0,"41,29","34,35",-240,175,-3.0,-118,-118
ncaab:401489637,ncaab,2022-11-08T00:30Z,final,344,357,Mississippi St,Texas A&M-CC,63,44,-1633,880,,0,,,-15.0,-114,-107,,,,,2,,0,Starkville,MS,1,101,,,,-6.0,"25,38","30,14",-590,390,-9.0,-115,-115
ncaab:401490544,ncaab,2022-11-08T00:30Z,final,349,108860,Army,Keystone,110,65,,,,0,,,,,,,,,,2,,0,West Point,NY,1,47,,,,-5.0,"56,54","30,35",,,,,
ncaab:401491811,ncaab,2022-11-08T00:30Z,final,232,236,Charleston,Chattanooga,85,78,-200,161,,0,,,-4.5,-109,-111,,,,,2,,0,Charleston,SC,1,6,,,,-5.0,"42,43","31,47",-177,132,-2.5,-115,-110
ncaab:401491833,ncaab,2022-11-08T00:30Z,final,163,2275,Princeton,Hofstra,77,83,,,,0,,,,,,,,,,2,,0,Princeton,NJ,1,62,,,,-5.0,"42,35","38,45",,,,,
ncaab:401491839,ncaab,2022-11-08T00:30Z,final,104,111,Boston U,Northeastern,72,63,-135,111,,0,,,-2.0,-110,-109,,,,,2,,0,Boston,MA,1,14,,,,-5.0,"37,35","32,31",-134,-100,-1.0,-122,-110
ncaab:401492095,ncaab,2022-11-08T00:30Z,final,265,326,Washington St,Texas St,83,61,-974,640,,0,,,-12.5,-110,-111,,,,,2,,0,Pullman,WA,1,717,,,,-8.0,"38,45","31,30",-530,340,-7.0,-110,-118
ncaab:401492427,ncaab,2022-11-08T00:30Z,final,2099,2754,Canisius,Youngstown St,81,92,140,-176,,0,,,3.5,-109,-111,,,,,2,,0,Buffalo,NY,1,183,,,,-5.0,"35,46","58,34",118,-159,1.5,-110,-125
ncaab:401493733,ncaab,2022-11-08T00:30Z,final,2199,131,E Michigan,Wayne St (MI),75,66,,,,0,,,,,,,,,,2,,0,Ypsilanti,MI,1,219,,,,-5.0,"35,40","20,46",,,,,
ncaab:401496947,ncaab,2022-11-08T00:30Z,final,160,5426,New Hampshire,Brandeis,79,47,,,,0,,,,,,,,,,2,,0,Durham,NH,1,15,,,,-5.0,"39,40","25,22",,,,,
ncaab:401499091,ncaab,2022-11-08T00:30Z,final,2066,126955,Binghamton,Cazenovia Coll,87,56,,,,0,,,,,,,,,,2,,0,Binghamton,NY,1,264,,,,-5.0,"53,34","32,24",,,,,
ncaab:401499435,ncaab,2022-11-08T00:30Z,final,2198,126972,E Kentucky,Miami Mid'town,137,52,,,,0,,,,,,,,,,2,,0,Richmond,KY,1,289,,,,-5.0,"59,78","31,21",,,,,
ncaab:401485103,ncaab,2022-11-08T00:40Z,final,2752,2415,Xavier,Morgan St,96,73,-4737,1236,,0,,,-23.5,-107,-114,,,,,2,,0,Cincinnati,OH,1,191,,,,-5.0,"50,46","26,47",-2500,850,-14.5,-116,-116
ncaab:401485104,ncaab,2022-11-08T00:45Z,final,305,2352,DePaul,Loyola MD,72,66,-1667,900,,0,,,-14.0,-110,-110,,,,,2,,0,Chicago,IL,1,179,,,,-6.0,"38,34","25,41",-455,325,-8.0,-115,-115
ncaab:401482889,ncaab,2022-11-08T01:00Z,final,103,172,Boston College,Cornell,79,77,-524,362,,0,,,-9.5,-114,-107,,,,,2,,0,Chestnut Hill,MA,1,60,,,,-5.0,"43,36","41,36",-360,250,-5.5,-112,-112
ncaab:401482938,ncaab,2022-11-08T01:00Z,final,152,2046,NC State,Austin Peay,99,50,,,,0,,,,,,,,,,2,,0,Raleigh,NC,1,96,,,,-5.0,"49,50","21,29",,,,,
ncaab:401482974,ncaab,2022-11-08T01:00Z,final,183,2329,Syracuse,Lehigh,90,72,-2273,1080,,0,,,-17.5,-111,-108,,,,,2,,0,Syracuse,NY,1,121,,,,-5.0,"44,46","26,46",-1000,510,-10.0,-115,-117
ncaab:401482999,ncaab,2022-11-08T01:00Z,final,154,2217,Wake Forest,Fairfield,71,59,-835,624,,0,,,-13.0,-110,-110,,,,,2,,0,Winston-Salem,NC,1,293,,,,-5.0,"32,39","25,34",-480,330,-7.0,-110,-115
ncaab:401483030,ncaab,2022-11-08T01:00Z,final,57,2619,Florida,Stony Brook,81,45,-6221,1694,,0,,,-26.5,-114,-107,,,,,2,,0,Gainesville,FL,1,54,,,,-5.0,"38,43","22,23",,,-15.0,-112,-112
ncaab:401483039,ncaab,2022-11-08T01:00Z,final,2,2244,Auburn,George Mason,70,52,-627,425,,0,,,-10.5,-107,-114,,,,,2,,0,Auburn,AL,1,215,,,,-6.0,"31,39","24,28",-375,255,-5.5,-118,-110
ncaab:401483050,ncaab,2022-11-08T01:00Z,final,61,2717,Georgia,W Carolina,68,55,,,,0,,,,,,,,,,2,,0,Athens,GA,1,228,,,,-5.0,"37,31","22,33",,,,,
ncaab:401483194,ncaab,2022-11-08T01:00Z,final,142,88,Missouri,S Indiana,97,91,,,,0,,,,,,,,,,2,,0,Columbia,MO,1,215,,,,-6.0,"47,50","31,60",,,,,
ncaab:401483236,ncaab,2022-11-08T01:00Z,final,245,2433,Texas A&M,UL Monroe,87,54,,,,0,,,,,,,,,,2,,0,College Station,TX,1,103,,,,-6.0,"45,42","31,23",,,,,
ncaab:401483247,ncaab,2022-11-08T01:00Z,final,238,235,Vanderbilt,Memphis,67,76,116,-146,,0,,,2.5,-110,-109,,,,,2,,0,Nashville,TN,1,170,,,,-6.0,"22,45","34,42",105,-139,1.0,-110,-115
ncaab:401483266,ncaab,2022-11-08T01:00Z,final,66,85,Iowa State,IU Indy,88,39,-17758,3944,,0,,,-26.5,-112,-108,,,,,2,,0,Ames,IA,1,287,,,,-6.0,"45,43","22,17",,,-15.0,-118,-118
ncaab:401483275,ncaab,2022-11-08T01:00Z,final,2305,2437,Kansas,Omaha,89,64,-15025,4446,,0,,,-34.0,-107,-113,,,,,2,,0,Lawrence,KS,1,263,,,,-6.0,"46,43","33,31",,,,,-110
ncaab:401483290,ncaab,2022-11-08T01:00Z,final,201,2534,Oklahoma,Sam Houston,51,52,-2096,942,,0,,,-16.0,-110,-110,,,,,2,,0,Norman,OK,1,357,,,,-6.0,"26,25","19,33",-835,475,-9.5,-112,-110
ncaab:401483298,ncaab,2022-11-08T01:00Z,final,2628,2029,TCU,AR-Pine Bluff,73,72,,,,0,,,,,,,,,,2,,0,Fort Worth,TX,1,199,,,,-6.0,"35,38","46,26",,,,,
ncaab:401483378,ncaab,2022-11-08T01:00Z,final,158,311,Nebraska,Maine,79,66,-4121,1290,,0,,,-21.5,-110,-110,,,,,2,,0,Lincoln,NE,1,367,,,,-6.0,"40,39","28,38",-1667,700,-13.0,-114,-119
ncaab:401483383,ncaab,2022-11-08T01:00Z,final,77,2130,Northwestern,Chicago St,85,54,-4737,1649,,0,,,-24.5,-110,-110,,,,,2,,0,Evanston,IL,1,187,,,,-6.0,"37,48","21,33",,,-14.5,-112,-112
ncaab:401485294,ncaab,2022-11-08T01:00Z,final,2724,2110,Wichita St,C Arkansas,79,55,,,,0,,,,,,,,,,2,,0,Wichita,KS,1,396,,,,-6.0,"41,38","21,34",,,,,
ncaab:401487296,ncaab,2022-11-08T01:00Z,final,2636,386,UTSA,Trinity (TX),74,47,,,,0,,,,,,,,,,2,,0,San Antonio,TX,1,198,,,,-6.0,"29,45","17,30",,,,,
ncaab:401487516,ncaab,2022-11-08T01:00Z,final,2350,161,Loyola Chicago,FDU,88,82,,,,0,,,,,,,,,,2,,0,Chicago,IL,1,179,,,,-6.0,"41,36,11","39,38,5",,,,,
ncaab:401487681,ncaab,2022-11-08T01:00Z,final,139,93,Saint Louis,Murray St,91,68,-1048,665,,0,,,-13.5,-108,-112,,,,,2,,0,St. Louis,MO,1,142,,,,-6.0,"44,47","29,39",,,-7.5,-118,-110
ncaab:401488666,ncaab,2022-11-08T01:00Z,final,2116,2427,UCF,UNC Asheville,95,98,-525,382,,0,,,-9.5,-110,-110,,,,,2,,0,Orlando,FL,1,30,,,,-5.0,"33,43,10,9","36,40,10,12",-345,240,-5.5,-114,-119
ncaab:401488718,ncaab,2022-11-08T01:00Z,final,58,2546,South Florida,SE Missouri,61,64,,,,0,,,,,,,,,,2,,0,Tampa,FL,1,1,,,,-5.0,"30,31","30,34",,,,,
ncaab:401489004,ncaab,2022-11-08T01:00Z,final,71,2742,Bradley,Parkside,93,59,,,,0,,,,,,,,,,2,,0,Peoria,IL,1,153,,,,-6.0,"45,48","28,31",,,,,
ncaab:401489498,ncaab,2022-11-08T01:00Z,final,2572,2730,Southern Miss,William Carey,75,42,,,,0,,,,,,,,,,2,,0,Hattiesburg,MS,1,52,,,,-6.0,"27,48","22,20",,,,,
ncaab:401489520,ncaab,2022-11-08T01:00Z,final,2247,3189,Georgia St,Coastal GA,76,59,,,,0,,,,,,,,,,2,,0,Atlanta,GA,1,320,,,,-5.0,"31,45","23,36",,,,,
ncaab:401489542,ncaab,2022-11-08T01:00Z,final,2032,2264,Arkansas St,Harding,86,55,,,,0,,,,,,,,,,2,,0,Jonesboro,AR,1,99,,,,-6.0,"40,46","28,27",,,,,
ncaab:401489571,ncaab,2022-11-08T01:00Z,final,8,2449,Arkansas,N Dakota St,76,58,,,,0,,,,,,,,,,2,,0,Fayetteville,AR,1,427,,,,-6.0,"34,42","26,32",,,,,
ncaab:401489582,ncaab,2022-11-08T01:00Z,final,140,2876,Kansas City,Lincoln (MO),56,59,,,,0,,,,,,,,,,2,,0,Kansas City,MO,1,274,,,,-6.0,"35,21","26,33",,,,,
ncaab:401489607,ncaab,2022-11-08T01:00Z,final,2320,126749,Lamar,St. Thomas (TX),63,61,,,,0,,,,,,,,,,2,,0,Beaumont,TX,1,5,,,,-6.0,"25,38","28,33",,,,,
ncaab:401489611,ncaab,2022-11-08T01:00Z,final,2377,3134,McNeese,Champ Chrstn,110,54,,,,0,,,,,,,,,,2,,0,Lake Charles,LA,1,4,,,,-6.0,"48,62","23,31",,,,,
ncaab:401489651,ncaab,2022-11-08T01:00Z,final,248,2458,Houston,N Colorado,83,36,-6221,1600,,0,,,-23.5,-108,-110,,,,,2,,0,Houston,TX,1,12,,,,-6.0,"32,51","13,23",-1111,500,-14.5,-118,-115
ncaab:401491703,ncaab,2022-11-08T01:00Z,final,2097,395,Campbell,St Augustine's,79,62,,,,0,,,,,,,,,,2,,0,Buies Creek,NC,1,63,,,,-5.0,"39,40","22,40",,,,,
ncaab:401491709,ncaab,2022-11-08T01:00Z,final,2127,2648,Charleston So,Toccoa Falls,83,52,,,,0,,,,,,,,,,2,,0,Charleston,SC,1,6,,,,-5.0,"42,41","24,28",,,,,
ncaab:401491722,ncaab,2022-11-08T01:00Z,final,2272,2945,High Point,Pfeiffer,111,71,,,,0,,,,,,,,,,2,,0,High Point,NC,1,281,,,,-5.0,"66,45","30,41",,,,,
ncaab:401492306,ncaab,2022-11-08T01:00Z,final,2755,126794,Grambling,UNT Dallas,82,57,,,,0,,,,,,,,,,2,,0,Grambling,LA,1,93,,,,-6.0,"40,42","32,25",,,,,
ncaab:401492374,ncaab,2022-11-08T01:00Z,final,79,2031,S Illinois,Little Rock,94,63,,,,0,,,,,,,,,,2,,0,Carbondale,IL,1,126,,,,-6.0,"54,40","27,36",,,,,
ncaab:401493741,ncaab,2022-11-08T01:00Z,final,2459,542,N Illinois,IL Springfield,77,83,,,,0,,,,,,,,,,2,,0,Dekalb,IL,1,268,,,,-6.0,"38,39","37,46",,,,,
ncaab:401493753,ncaab,2022-11-08T01:00Z,final,2287,2710,Illinois St,W Illinois,68,71,,,,0,,,,,,,,,,2,,0,Normal,IL,1,244,,,,-6.0,"40,28","33,38",,,,,
ncaab:401493777,ncaab,2022-11-08T01:00Z,final,82,2652,UIC,Trinity Chrstn,82,48,,,,0,,,,,,,,,,2,,0,Chicago,IL,1,179,,,,-6.0,"41,41","25,23",,,,,
ncaab:401493805,ncaab,2022-11-08T01:00Z,final,2565,534,SIUE,Harris Stowe,85,57,,,,0,,,,,,,,,,2,,0,Edwardsville,IL,1,165,,,,-6.0,"42,43","25,32",,,,,
ncaab:401493939,ncaab,2022-11-08T01:00Z,final,2535,380,Samford,Anderson (SC),109,85,,,,0,,,,,,,,,,2,,0,Homewood,AL,1,203,,,,-6.0,"56,53","34,51",,,,,
ncaab:401493953,ncaab,2022-11-08T01:00Z,final,2000,2296,Abilene Chrstn,Jackson St,65,56,-2171,1048,,0,,,-16.0,-107,-110,,,,,2,,0,Abilene,TX,1,524,,,,-6.0,"45,20","25,31",-910,500,-9.5,-120,-112
ncaab:401501670,ncaab,2022-11-08T01:00Z,final,249,200,North Texas,S Nazarene,53,47,,,,0,,,,,,,,,,2,,0,Denton,TX,1,201,,,,-6.0,"19,34","23,24",,,,,
ncaab:401483420,ncaab,2022-11-08T01:30Z,final,275,233,Wisconsin,South Dakota,85,59,-863,557,,0,,,-12.0,-110,-110,,,,,2,,0,Madison,WI,1,267,,,,-6.0,"38,47","28,31",-500,,-7.0,-110,-120
ncaab:401483452,ncaab,2022-11-08T01:30Z,final,38,27,Colorado,UC Riverside,82,66,-708,497,,0,,,-11.5,-111,-108,,,,,2,,0,Boulder,CO,1,1624,,,,-7.0,"46,36","28,38",-435,295,-6.5,-115,-110
ncaab:401485099,ncaab,2022-11-08T01:30Z,final,156,2900,Creighton,St Thomas,72,60,,,,0,,,,,,,,,,2,,0,Omaha,NE,1,323,,,,-6.0,"40,32","35,25",,,,,
ncaab:401488380,ncaab,2022-11-08T01:30Z,final,333,2344,Alabama,Longwood,75,54,-1450,810,,0,,,-15.5,-105,-115,,,,,2,,0,Tuscaloosa,AL,1,68,,,,-6.0,"34,41","26,28",-715,425,-9.0,-115,-115
ncaab:401488712,ncaab,2022-11-08T01:30Z,final,2655,2378,Tulane,UMBC,89,67,-1837,965,,0,,,-16.5,-112,-107,,,,,2,,0,New Orleans,LA,1,0,,,,-6.0,"45,44","32,35",-835,475,-9.5,-116,-116
ncaab:401488725,ncaab,2022-11-08T01:30Z,final,2567,2837,SMU,East Texas A&M,77,60,,,,0,,,,,,,,,,2,,0,Dallas,TX,1,128,,,,-6.0,"31,46","27,33",,,,,
ncaab:401489576,ncaab,2022-11-08T01:30Z,final,2916,155,Incarnate Word,North Dakota,57,65,117,-142,,0,,,2.5,-110,-110,,,,,2,,0,San Antonio,TX,1,198,,,,-6.0,"28,29","28,37",106,-141,1.0,-114,-119
ncaab:401489631,ncaab,2022-11-08T01:30Z,final,2545,100,SE Louisiana,Loyola NO,90,72,,,,0,,,,,,,,,,2,,0,Hammond,LA,1,13,,,,-6.0,"40,50","37,35",,,,,
ncaab:401491889,ncaab,2022-11-08T01:30Z,final,193,339,Miami OH,Evansville,74,78,-275,215,,0,,,-6.0,-110,-110,,,,,2,,0,Oxford,OH,1,283,,,,-5.0,"32,42","36,42",-230,170,-3.5,-115,-110
ncaab:401492630,ncaab,2022-11-08T01:30Z,final,309,2113,Louisiana,Centenary (LA),106,55,,,,0,,,,,,,,,,2,,0,Lafayette,LA,1,11,,,,-6.0,"59,47","21,34",,,,,
ncaab:401493776,ncaab,2022-11-08T01:30Z,final,2460,2685,Northern Iowa,Wartburg,105,49,,,,0,,,,,,,,,,2,,0,Cedar Falls,IA,1,268,,,,-6.0,"53,52","20,29",,,,,
ncaab:401485100,ncaab,2022-11-08T01:37Z,final,269,2515,Marquette,Radford,79,69,-2642,1180,,0,,,-19.5,-108,-111,,,,,2,,0,Milwaukee,WI,1,188,,,,-6.0,"42,37","34,35",-1250,600,-11.5,-119,-114
ncaab:401482947,ncaab,2022-11-08T02:00Z,final,153,350,North Carolina,UNC Wilmington,69,56,-5768,1779,,0,,,-23.5,-106,-114,,,,,2,,0,Chapel Hill,NC,1,148,,,,-5.0,"32,37","21,35",,,-13.5,-115,-110
ncaab:401482983,ncaab,2022-11-08T02:00Z,final,258,2428,Virginia,NC Central,73,61,,,,0,,,,,,,,,,2,,0,Charlottesville,VA,1,142,,,,-5.0,"38,35","30,31",,,,,
ncaab:401482991,ncaab,2022-11-08T02:00Z,final,259,2169,Virginia Tech,Delaware St,95,57,-20000,3500,,0,,,-34.0,-110,-109,,,,,2,,0,Blacksburg,VA,1,633,,,,-5.0,"56,39","31,26",-2000,700,-19.0,-118,-118
ncaab:401483206,ncaab,2022-11-08T02:00Z,final,145,2016,Ole Miss,Alcorn St,73,58,-4121,1338,,0,,,-20.5,-107,-112,,,,,2,,0,Oxford,MS,1,154,,,,-6.0,"28,45","27,31",-1430,650,-12.0,-115,-115
ncaab:401483281,ncaab,2022-11-08T02:00Z,final,2306,292,Kansas St,UT Rio Grande,93,59,,,,0,,,,,,,,,,2,,0,Manhattan,KS,1,311,,,,-6.0,"52,41","26,33",,,,,
ncaab:401483308,ncaab,2022-11-08T02:00Z,final,251,2638,Texas,UTEP,72,57,-5000,1650,,0,,,-22.0,-118,-105,,,,,2,,0,Austin,TX,1,149,,,,-6.0,"33,39","20,37",,,-12.5,-118,-107
ncaab:401483319,ncaab,2022-11-08T02:00Z,final,2641,2466,Texas Tech,N'Western St,73,49,,,,0,,,,,,,,,,2,,0,Lubbock,TX,1,976,,,,-6.0,"42,31","23,26",,,,,
ncaab:401483337,ncaab,2022-11-08T02:00Z,final,356,2197,Illinois,E Illinois,87,57,,,,0,,,,,,,,,,2,,0,Champaign,IL,1,225,,,,-6.0,"46,41","31,26",,,,,
ncaab:401483371,ncaab,2022-11-08T02:00Z,final,135,2711,Minnesota,W Michigan,61,60,,,,0,,,,,,,,,,2,,0,Minneapolis,MN,1,253,,,,-6.0,"35,26","26,34",,,,,
ncaab:401487288,ncaab,2022-11-08T02:00Z,final,36,2241,Colorado St,Gardner-Webb,65,63,-360,275,,0,,,-7.5,-110,-110,,,,,2,,0,Fort Collins,CO,1,1525,,,,-7.0,"25,40","36,27",-265,190,-5.0,-115,-115
ncaab:401487352,ncaab,2022-11-08T02:00Z,final,167,253,New Mexico,Southern Utah,89,81,-387,285,,0,,,-8.5,-105,-116,,,,,2,,0,Albuquerque,NM,1,1511,,,,-7.0,"39,50","33,48",-315,220,-4.0,-110,-110
ncaab:401487398,ncaab,2022-11-08T02:00Z,final,328,3084,Utah State,Utah Valley,75,58,-450,337,,0,,,-9.0,-106,-114,,,,,2,,0,Logan,UT,1,1382,,,,-7.0,"41,34","28,30",-345,240,-5.0,-115,-115
ncaab:401489050,ncaab,2022-11-08T02:00Z,final,252,304,BYU,Idaho St,60,56,-6678,1600,,0,,,-23.5,-110,-109,,,,,2,,0,Provo,UT,1,1387,,,,-7.0,"27,33","22,34",,,-13.5,-115,-115
ncaab:401489086,ncaab,2022-11-08T02:00Z,final,197,250,Oklahoma St,UT Arlington,77,66,,,,0,,,,,,,,,,2,,0,Stillwater,OK,1,273,,,,-6.0,"27,50","22,44",,,,,
ncaab:401489108,ncaab,2022-11-08T02:00Z,final,2253,147,Grand Canyon,Montana St,60,54,-306,242,,0,,,-6.5,-109,-110,,,,,2,,0,Phoenix,AZ,1,331,,,,-7.0,"19,41","36,18",-265,188,-3.5,-112,-112
ncaab:401493820,ncaab,2022-11-08T02:00Z,final,2634,2225,Tennessee St,Fisk,85,75,,,,0,,,,,,,,,,2,,0,Nashville,TN,1,170,,,,-6.0,"37,48","35,40",,,,,
ncaab:401494415,ncaab,2022-11-08T02:00Z,final,2751,2862,Wyoming,CO Christian,102,69,,,,0,,,,,,,,,,2,,0,Laramie,WY,1,2184,,,,-7.0,"50,52","35,34",,,,,
ncaab:401494593,ncaab,2022-11-08T02:00Z,final,2348,2401,Louisiana Tech,Miss College,78,61,,,,0,,,,,,,,,,2,,0,Ruston,LA,1,102,,,,-6.0,"43,35","26,35",,,,,
ncaab:401494750,ncaab,2022-11-08T02:00Z,final,166,2424,New Mexico St,NM Highlands,101,52,,,,0,,,,,,,,,,2,,0,Las Cruces,NM,1,1191,,,,-7.0,"47,54","26,26",,,,,
ncaab:401497505,ncaab,2022-11-08T02:00Z,final,2250,2454,Gonzaga,North Florida,104,63,-10000,2400,,0,,,-29.5,-112,-107,,,,,2,,0,Spokane,WA,1,571,,,,-8.0,"53,51","23,40",-1250,550,-17.5,-110,-122
ncaab:401500558,ncaab,2022-11-08T02:00Z,final,55,2560,Jax State,Shorter,111,48,,,,0,,,,,,,,,,2,,0,Jacksonville,AL,1,216,,,,-6.0,"52,59","24,24",,,,,
ncaab:401498237,ncaab,2022-11-08T02:25Z,final,2617,2326,SF Austin,LeTourneau,93,40,,,,0,,,,,,,,,,2,,0,Nacogdoches,TX,1,92,,,,-6.0,"53,40","13,27",,,,,
ncaab:401483470,ncaab,2022-11-08T02:30Z,final,30,526,USC,FGCU,61,74,,,,0,,,,,,,,,,2,,0,Los Angeles,CA,1,89,,,,-8.0,"30,31","29,45",,,,,
ncaab:401494933,ncaab,2022-11-08T02:30Z,final,12,2447,Arizona,Nicholls,117,75,-6418,1641,,0,,,-24.0,-111,-110,,,,,2,,0,Tucson,AZ,1,759,,,,-7.0,"59,58","37,38",-3335,900,-14.5,-115,-115
ncaab:401487103,ncaab,2022-11-08T03:00Z,final,2492,242,Pepperdine,Rice,106,67,-211,169,,0,,,-4.5,-112,-107,,,,,2,,0,Malibu,CA,1,32,,,,-8.0,"46,60","38,29",-186,138,-2.5,-110,-120
ncaab:401487318,ncaab,2022-11-08T03:00Z,final,2440,3101,Nevada,Utah Tech,84,71,-710,490,,0,,,-11.5,-109,-110,,,,,2,,0,Reno,NV,1,1373,,,,-8.0,"44,40","39,32",-500,320,-6.5,-115,-115
ncaab:401487712,ncaab,2022-11-08T03:00Z,final,28,2547,UC San Diego,Seattle U,71,85,127,-162,,0,,,3.0,-110,-110,,,,,2,,0,San Diego,CA,1,20,,,,-8.0,"29,42","42,43",112,-150,1.5,-110,-110
ncaab:401488142,ncaab,2022-11-08T03:00Z,final,2540,22,Santa Barbara,San Fran St,75,59,,,,0,,,,,,,,,,2,,0,Santa Barbara,CA,1,15,,,,-8.0,"32,43","27,32",,,,,
ncaab:401488190,ncaab,2022-11-08T03:00Z,final,300,411,UC Irvine,Chapman,96,50,,,,0,,,,,,,,,,2,,0,Irvine,CA,1,17,,,,-8.0,"49,47","17,33",,,,,
ncaab:401488209,ncaab,2022-11-08T03:00Z,final,2856,299,CA Baptist,Long Beach St,64,79,,,,0,,,,,,,,,,2,,0,Riverside,CA,1,252,,,,-8.0,"31,33","38,41",,,,,
ncaab:401488780,ncaab,2022-11-08T03:00Z,final,2541,331,Santa Clara,E Washington,84,72,,,,0,,,,,,,,,,2,,0,Santa Clara,CA,1,23,,,,-8.0,"40,44","34,38",,,,,
ncaab:401489012,ncaab,2022-11-08T03:00Z,final,2608,198,Saint Mary's,Oral Roberts,78,70,-490,355,,0,,,-9.5,-107,-114,,,,,2,,0,Moraga,CA,1,152,,,,-8.0,"47,31","29,41",-385,265,-5.0,-115,-110
ncaab:401489045,ncaab,2022-11-08T03:00Z,final,2351,109670,LMU,Life Pacific,99,49,,,,0,,,,,,,,,,2,,0,Los Angeles,CA,1,89,,,,-8.0,"46,53","21,28",,,,,
ncaab:401491799,ncaab,2022-11-08T03:00Z,final,21,2239,San Diego St,Fullerton,80,57,-10000,1700,,0,,,-23.5,-110,-109,,,,,2,,0,San Diego,CA,1,20,,,,-8.0,"32,48","25,32",,,-13.0,-115,-110
ncaab:401492454,ncaab,2022-11-08T03:00Z,final,2483,50,Oregon,Florida A&M,80,45,-10000,2400,,0,,,-31.0,-110,-110,,,,,2,,0,Eugene,OR,1,131,,,,-8.0,"36,44","25,20",-1429,600,-18.5,-111,-121
ncaab:401493931,ncaab,2022-11-08T03:00Z,final,2539,2640,San Francisco,Texas Southern,90,77,-1600,880,,0,,,-15.5,-108,-111,,,,,2,,0,San Francisco,CA,1,16,,,,-8.0,"50,40","35,42",-715,425,-9.0,-120,-112
ncaab:401494382,ncaab,2022-11-08T03:00Z,final,2463,3167,CSU Northridge,La Sierra,90,55,,,,0,,,,,,,,,,2,,0,Northridge,CA,1,246,,,,-8.0,"37,53","28,27",,,,,
ncaab:401497494,ncaab,2022-11-08T03:00Z,final,13,3246,Cal Poly,Bethesda,94,59,,,,0,,,,,,,,,,2,,0,San Luis Obispo,CA,1,71,,,,-8.0,"51,43","21,38",,,,,
ncaab:401497711,ncaab,2022-11-08T03:00Z,final,2934,3096,Bakersfield,S Diego Christ,68,35,,,,0,,,,,,,,,,2,,0,Bakersfield,CA,1,123,,,,-8.0,"39,29","20,15",,,,,
ncaab:401501770,ncaab,2022-11-08T03:00Z,final,278,2235,Fresno St,Fresno Pacific,69,56,,,,0,,,,,,,,,,2,,0,Fresno,CA,1,94,,,,-8.0,"33,36","32,24",,,,,
ncaab:401487388,ncaab,2022-11-08T03:15Z,final,2439,2582,UNLV,Southern,66,56,-1429,800,,0,,,-14.5,-110,-110,,,,,2,,0,Las Vegas,NV,1,610,,,,-8.0,"33,33","25,31",-670,390,-8.0,-119,-114
ncaab:401489019,ncaab,2022-11-08T03:30Z,final,2501,2333,Portland,Lewis & Clark,89,62,,,,0,,,,,,,,,,2,,0,Portland,OR,1,12,,,,-8.0,"46,43","22,40",,,,,
ncaab:401498729,ncaab,2022-11-08T03:30Z,final,301,2574,San Diego,Sonoma St,81,59,,,,0,,,,,,,,,,2,,0,San Diego,CA,1,20,,,,-8.0,"37,44","25,34",,,,,
ncaab:401483443,ncaab,2022-11-08T04:00Z,final,25,302,California,UC Davis,65,75,-292,229,,0,,,-6.0,-112,-107,,,,,2,,0,Berkeley,CA,1,52,,,,-8.0,"36,29","41,34",-225,163,-3.0,-112,-112
ncaab:401483479,ncaab,2022-11-08T04:00Z,final,254,112358,Utah,Long Island,89,48,,,,0,,,,,,,,,,2,,0,Salt Lake City,UT,1,1299,,,,-7.0,"42,47","28,20",,,,,
ncaab:401492099,ncaab,2022-11-08T04:00Z,final,264,2692,Washington,Weber St,69,52,-739,507,,0,,,-11.5,-107,-110,,,,,2,,0,Seattle,WA,1,56,,,,-8.0,"31,38","23,29",-500,350,-7.5,-115,-118
ncaab:401483461,ncaab,2022-11-08T04:30Z,final,26,16,UCLA,Sacramento St,76,50,-10000,2000,,0,,,-25.5,-110,-110,,,,,2,,0,Los Angeles,CA,1,89,,,,-8.0,"39,37","25,25",-10000,1150,-14.5,-115,-110
ncaab:401492624,ncaab,2022-11-08T04:59Z,final,204,202,Oregon St,Tulsa,73,70,-153,127,,0,,,-2.5,-118,-104,,,,,2,,0,Corvallis,OR,1,71,,,,-8.0,"28,45","44,26",-148,112,-2.0,-112,-115
ncaab:401489621,ncaab,2022-11-08T22:00Z,final,107554,399,Immaculata,UAlbany,47,74,,,,0,,,,,,,,,,2,,0,Rosemont,PA,1,15,,,,-8.0,"19,28","26,48",,,,,
ncaab:401483405,ncaab,2022-11-08T23:30Z,final,2509,270,Purdue,Milwaukee,84,53,-10426,2183,,0,,,-24.5,-110,-109,,,,,2,,0,West Lafayette,IN,1,186,,,,-5.0,"39,45","20,33",-5000,1050,-14.5,-110,-115
ncaab:401485106,ncaab,2022-11-08T23:30Z,final,2507,2520,Providence,Rider,66,65,,,,0,,,,,,,,,,2,,0,Providence,RI,1,2,,,,-5.0,"30,36","40,25",,,,,
ncaab:401483216,ncaab,2022-11-09T00:00Z,final,2579,2569,South Carolina,SC State,80,77,,,,0,,,,,,,,,,2,,0,Columbia,SC,1,89,,,,-5.0,"36,44","33,44",,,,,
ncaab:401487618,ncaab,2022-11-09T00:00Z,final,2184,149,Duquesne,Montana,91,63,-171,138,,0,,,-3.5,-110,-110,,,,,2,,0,Pittsburgh,PA,1,233,,,,-5.0,"45,46","19,44",-157,117,-1.5,-118,-118
ncaab:401489644,ncaab,2022-11-09T00:00Z,final,151,2382,East Carolina,Mercer,77,75,-100,-123,,0,,,1.5,-111,-108,,,,,2,,0,Greenville,NC,1,18,,,,-5.0,"30,47","39,36",-106,-127,0.5,-125,-110
ncaab:401492447,ncaab,2022-11-09T00:00Z,final,42,2529,Hartford,Sacred Heart,70,77,220,-295,,0,,,6.5,-110,-110,,,,,2,,0,West Hartford,CT,1,40,,,,-5.0,"35,35","44,33",160,-225,3.5,-110,-115
ncaab:401503540,ncaab,2022-11-09T00:00Z,final,2174,2947,Detroit Mercy,Rchster Chrstn,93,65,,,,0,,,,,,,,,,2,,0,Detroit,MI,1,183,,,,-5.0,"46,47","35,30",,,,,
ncaab:401485105,ncaab,2022-11-09T01:30Z,final,46,2154,Georgetown,Coppin St,99,89,-2997,1200,,0,,,-18.5,-110,-110,,,,,2,,0,Washington,DC,1,7,,,,-5.0,"36,47,16","34,49,6",-1000,540,-10.5,-110,-118
ncaab:401489525,ncaab,2022-11-09T03:00Z,final,23,290,San José St,GA Southern,63,48,,,,0,,,,,,,,,,2,,0,San Jose,CA,1,26,,,,-8.0,"31,32","22,26",,,,,
ncaab:401485471,ncaab,2022-11-10T00:00Z,final,2450,3216,Norfolk St,Cairn,87,59,,,,0,,,,,,,,,,2,,0,Norfolk,VA,1,2,,,,-5.0,"50,37","22,37",,,,,
ncaab:401487517,ncaab,2022-11-10T00:00Z,final,161,2384,FDU,Mercy,106,66,,,,0,,,,,,,,,,2,,0,Hackensack,NJ,1,6,,,,-5.0,"52,54","37,29",,,,,
ncaab:401488539,ncaab,2022-11-10T00:00Z,final,2754,2630,Youngstown St,UT Martin,90,72,,,,0,,,,,,,,,,2,,0,Youngstown,OH,1,259,,,,-5.0,"37,53","29,43",,,,,
ncaab:401489514,ncaab,2022-11-10T00:00Z,final,256,2261,James Madison,Hampton,106,58,-1800,1000,,0,,,-16.5,-110,-110,,,,,2,,0,Harrisonburg,VA,1,404,,,,-5.0,"57,49","19,39",-770,460,-9.5,-110,-115
ncaab:401490523,ncaab,2022-11-10T00:00Z,final,2368,44,Marist,American,73,69,-125,-100,,0,,,-1.5,-110,-110,,,,,2,,0,Poughkeepsie,NY,1,62,,,,-5.0,"38,35","39,30",-130,-100,-1.0,-112,-112
ncaab:401491748,ncaab,2022-11-10T00:00Z,final,2737,2496,Winthrop,Piedmont,78,56,,,,0,,,,,,,,,,2,,0,Rock Hill,SC,1,207,,,,-5.0,"43,35","34,22",,,,,
ncaab:401491792,ncaab,2022-11-10T00:00Z,final,2750,2166,Wright St,Davidson,97,102,140,-179,,0,,,4.0,-109,-111,,,,,2,,0,Dayton,OH,1,225,,,,-5.0,"52,27,10,8","36,43,10,13",114,-152,2.0,-110,-110
ncaab:401493672,ncaab,2022-11-10T00:00Z,final,2523,126821,Robert Morris,Pitt-Greensbrg,84,49,,,,0,,,,,,,,,,2,,0,Moon Township,PA,1,358,,,,-5.0,"45,39","24,25",,,,,
ncaab:401494598,ncaab,2022-11-10T00:00Z,final,2504,126750,Prairie View,N American,95,68,,,,0,,,,,,,,,,2,,0,Prairie View,TX,1,82,,,,-6.0,"47,48","38,30",,,,,
ncaab:401497564,ncaab,2022-11-10T00:00Z,final,47,2177,Howard,Dist Columbia,87,74,,,,0,,,,,,,,,,2,,0,Washington,DC,1,7,,,,-5.0,"36,51","37,37",,,,,
ncaab:401498236,ncaab,2022-11-10T00:00Z,final,2710,2524,W Illinois,Rockford,113,56,,,,0,,,,,,,,,,2,,0,Macomb,IL,1,215,,,,-6.0,"55,58","28,28",,,,,
ncaab:401484869,ncaab,2022-11-10T01:00Z,final,2550,2405,Seton Hall,Monmouth,79,52,,,,0,,,,,,,,,,2,,0,Newark,NJ,1,9,,,,-5.0,"36,43","17,35",,,,,
ncaab:401485297,ncaab,2022-11-10T01:00Z,final,233,288,South Dakota,Lipscomb,85,77,-255,197,,0,,,-6.0,-107,-112,,,,,2,,0,Vermillion,SD,1,374,,,,-6.0,"35,50","42,35",-235,175,-3.0,-110,-118
ncaab:401485461,ncaab,2022-11-10T01:00Z,final,99,140,LSU,Kansas City,74,63,-6996,1949,,0,,,-23.5,-107,-112,,,,,2,,0,Baton Rouge,LA,1,14,,,,-6.0,"41,33","34,29",-5000,900,-13.5,-110,-110
ncaab:401489060,ncaab,2022-11-10T01:00Z,final,3084,112694,Utah Valley,W Colorado,91,64,,,,0,,,,,,,,,,2,,0,Orem,UT,1,1455,,,,-7.0,"40,51","35,29",,,,,
ncaab:401491886,ncaab,2022-11-10T01:00Z,final,2181,85,Drake,IU Indy,80,48,-10000,1400,,0,,,-26.5,-110,-109,,,,,2,,0,Des Moines,IA,1,266,,,,-6.0,"40,40","17,31",-2994,1200,-15.0,-119,-114
ncaab:401493771,ncaab,2022-11-10T01:00Z,final,2623,2402,Missouri St,Missouri S&T,82,47,,,,0,,,,,,,,,,2,,0,Springfield,MO,1,396,,,,-6.0,"51,31","25,22",,,,,
ncaab:401494479,ncaab,2022-11-10T01:00Z,final,2029,3134,AR-Pine Bluff,Champ Chrstn,87,55,,,,0,,,,,,,,,,2,,0,Pine Bluff,AR,1,67,,,,-6.0,"35,52","33,22",,,,,
ncaab:401494606,ncaab,2022-11-10T01:00Z,final,6,2920,South Alabama,Mobile,97,59,,,,0,,,,,,,,,,2,,0,Mobile,AL,1,3,,,,-6.0,"47,50","28,31",,,,,
ncaab:401485295,ncaab,2022-11-10T02:00Z,final,97,91,Louisville,Bellarmine,66,67,-360,275,,0,,,-7.5,-110,-110,,,,,2,,0,Louisville,KY,1,142,,,,-5.0,"30,36","41,26",-286,205,-4.0,-112,-112
ncaab:401488199,ncaab,2022-11-10T02:00Z,final,302,500,UC Davis,Cal Maritime,90,67,,,,0,,,,,,,,,,2,,0,Davis,CA,1,16,,,,-8.0,"43,47","26,41",,,,,
ncaab:401489109,ncaab,2022-11-10T02:00Z,final,2253,3096,Grand Canyon,S Diego Christ,101,50,,,,0,,,,,,,,,,2,,0,Phoenix,AZ,1,331,,,,-7.0,"43,58","21,29",,,,,
ncaab:401493466,ncaab,2022-11-10T02:00Z,final,68,2571,Boise St,S Dakota St,66,68,,,,0,,,,,,,,,,2,,0,Boise,ID,1,823,,,,-7.0,"31,35","36,32",,,,,
ncaab:401485296,ncaab,2022-11-10T03:00Z,final,301,526,San Diego,FGCU,79,73,,,,0,,,,,,,,,,2,,0,San Diego,CA,1,20,,,,-8.0,"32,47","27,46",,,,,
ncaab:401489100,ncaab,2022-11-10T03:00Z,final,2547,2508,Seattle U,Puget Sound,106,55,,,,0,,,,,,,,,,2,,0,Seattle,WA,1,56,,,,-8.0,"52,54","33,22",,,,,
ncaab:401489020,ncaab,2022-11-10T03:30Z,final,2501,50,Portland,Florida A&M,91,54,-10000,1949,,0,,,-23.5,-112,-107,,,,,2,,0,Portland,OR,1,12,,,,-8.0,"42,49","21,33",-3335,950,-14.0,-115,-110
ncaab:401499090,ncaab,2022-11-10T17:00Z,final,2511,126954,Queens,Clinton,99,65,,,,0,,,,,,,,,,2,,0,Charlotte,NC,1,229,,,,-5.0,"42,57","35,30",,,,,
ncaab:401489627,ncaab,2022-11-10T18:00Z,final,2466,2888,N'Western St,Ouachita Bapt,79,68,,,,0,,,,,,,,,,2,,0,Natchitoches,LA,1,36,,,,-6.0,"30,49","38,30",,,,,
ncaab:401488810,ncaab,2022-11-10T22:00Z,final,2309,188,Kent State,Baldwin Wall,76,55,,,,0,,,,,,,,,,2,,0,Kent,OH,1,325,,,,-5.0,"41,35","29,26",,,,,
ncaab:401482992,ncaab,2022-11-10T23:00Z,final,259,2329,Virginia Tech,Lehigh,78,52,-6418,1614,,0,,,-22.0,-112,-107,,,,,2,,0,Blacksburg,VA,1,633,,,,-5.0,"43,35","25,27",-2000,850,-12.5,-116,-116
ncaab:401487104,ncaab,2022-11-10T23:00Z,final,242,126749,Rice,St. Thomas (TX),85,48,,,,0,,,,,,,,,,2,,0,Houston,TX,1,12,,,,-6.0,"38,47","24,24",,,,,
ncaab:401491895,ncaab,2022-11-10T23:00Z,final,2413,111921,Morehead St,Campbellsv HB,99,58,,,,0,,,,,,,,,,2,,0,Morehead,KY,1,153,,,,-6.0,"52,47","27,31",,,,,
ncaab:401483392,ncaab,2022-11-10T23:30Z,final,194,2127,Ohio State,Charleston So,82,56,-10000,2200,,0,,,-27.0,-109,-110,,,,,2,,0,Columbus,OH,1,235,,,,-5.0,"46,36","22,34",-10000,1150,-15.5,-112,-120
ncaab:401489551,ncaab,2022-11-10T23:30Z,final,2026,2428,App State,NC Central,79,74,,,,0,,,,,,,,,,2,,0,Boone,NC,1,981,,,,-5.0,"28,36,15","33,31,10",,,,,
ncaab:401483358,ncaab,2022-11-11T00:00Z,final,120,2717,Maryland,W Carolina,71,51,,,,0,,,,,,,,,,2,,0,College Park,MD,1,21,,,,-5.0,"32,39","15,36",,,,,
ncaab:401483399,ncaab,2022-11-11T00:00Z,final,213,2352,Penn State,Loyola MD,90,65,-2726,1293,,0,,,-18.5,-110,-109,,,,,2,,0,University Park,PA,1,348,,,,-5.0,"40,50","29,36",-1430,800,-11.0,-110,-122
ncaab:401483412,ncaab,2022-11-11T00:00Z,final,164,2529,Rutgers,Sacred Heart,88,50,,,,0,,,,,,,,,,2,,0,Piscataway,NJ,1,30,,,,-5.0,"46,42","25,25",,,,,
ncaab:401487328,ncaab,2022-11-11T00:00Z,final,225,2142,Brown,Colgate,68,77,214,-285,,0,,,6.5,-110,-110,,,,,2,,0,Providence,RI,1,2,,,,-5.0,"31,37","34,43",170,-230,3.0,-112,-120
ncaab:401487698,ncaab,2022-11-11T00:00Z,final,113,119,UMass,Towson,55,67,,,,0,,,,,,,,,,2,,0,Amherst,MA,1,82,,,,-5.0,"28,27","42,25",,,,,
ncaab:401489691,ncaab,2022-11-11T00:00Z,final,171,2349,Columbia,UMass Lowell,62,89,282,-385,,0,,,8.5,-110,-110,,,,,2,,0,New York,NY,1,10,,,,-5.0,"24,38","36,53",190,-265,4.5,-112,-120
ncaab:401489706,ncaab,2022-11-11T00:00Z,final,2378,112706,UMBC,PSU York,92,65,,,,0,,,,,,,,,,2,,0,Baltimore,MD,1,10,,,,-5.0,"40,52","24,41",,,,,
ncaab:401490463,ncaab,2022-11-11T00:00Z,final,2169,107554,Delaware St,Immaculata,104,67,,,,0,,,,,,,,,,2,,0,Dover,DE,1,9,,,,-5.0,"47,57","29,38",,,,,
ncaab:401491260,ncaab,2022-11-11T00:00Z,final,107,110411,Holy Cross,Dean,85,71,,,,0,,,,,,,,,,2,,0,Worcester,MA,1,147,,,,-5.0,"44,41","33,38",,,,,
ncaab:401491734,ncaab,2022-11-11T00:00Z,final,2643,2506,The Citadel,Presbyterian,70,58,-155,124,,0,,,-3.0,-111,-109,,,,,2,,0,Charleston,SC,1,6,,,,-5.0,"35,35","35,23",-134,100,-1.5,-114,-119
ncaab:401491805,ncaab,2022-11-11T00:00Z,final,2198,98,E Kentucky,Western KY,60,66,,,,0,,,,,,,,,,2,,0,Richmond,KY,1,289,,,,-5.0,"35,25","30,36",,,,,
ncaab:401491863,ncaab,2022-11-11T00:00Z,final,2729,108806,William & Mary,Mid Atl Chrstn,116,40,,,,0,,,,,,,,,,2,,0,Williamsburg,VA,1,25,,,,-5.0,"54,62","27,13",,,,,
ncaab:401492295,ncaab,2022-11-11T00:00Z,final,236,2474,Chattanooga,Oakland City,93,49,,,,0,,,,,,,,,,2,,0,Chattanooga,TN,1,206,,,,-5.0,"47,46","19,30",,,,,
ncaab:401492301,ncaab,2022-11-11T00:00Z,final,2635,2632,Tennessee Tech,TN Wesleyan,82,48,,,,0,,,,,,,,,,2,,0,Cookeville,TN,1,334,,,,-6.0,"31,51","31,17",,,,,
ncaab:401492440,ncaab,2022-11-11T00:00Z,final,284,2514,Stonehill,Quinnipiac,95,102,425,-690,,0,,,10.5,-110,-114,,,,,2,,0,South Easton,MA,1,33,,,,-5.0,"49,46","52,50",222,-324,6.0,-116,-116
ncaab:401492635,ncaab,2022-11-11T00:00Z,final,2229,107730,FIU,FL National,95,74,,,,0,,,,,,,,,,2,,0,Miami,FL,1,2,,,,-5.0,"49,46","25,49",,,,,
ncaab:401493781,ncaab,2022-11-11T00:00Z,final,2771,106,Merrimack,Clark (MA),64,48,,,,0,,,,,,,,,,2,,0,North Andover,MA,1,29,,,,-5.0,"29,35","17,31",,,,,
ncaab:401493950,ncaab,2022-11-11T00:00Z,final,2653,126826,Troy,Miss for Women,96,42,,,,0,,,,,,,,,,2,,0,Troy,AL,1,165,,,,-6.0,"59,37","22,20",,,,,
ncaab:401494633,ncaab,2022-11-11T00:00Z,final,172,126848,Cornell,SUNY Delhi,114,57,,,,0,,,,,,,,,,2,,0,Ithaca,NY,1,125,,,,-5.0,"55,59","34,23",,,,,
ncaab:401497498,ncaab,2022-11-11T00:00Z,final,326,3126,Texas St,Mid Amr Chrstn,71,53,,,,0,,,,,,,,,,2,,0,San Marcos,TX,1,188,,,,-6.0,"43,28","21,32",,,,,
ncaab:401497710,ncaab,2022-11-11T00:00Z,final,2678,126910,VMI,PSU New Kens,100,58,,,,0,,,,,,,,,,2,,0,Lexington,VA,1,324,,,,-5.0,"51,49","33,25",,,,,
ncaab:401499590,ncaab,2022-11-11T00:00Z,final,42,551,Hartford,VTSU Lyndon,85,43,,,,0,,,,,,,,,,2,,0,West Hartford,CT,1,40,,,,-5.0,"44,41","18,25",,,,,
ncaab:401500559,ncaab,2022-11-11T00:00Z,final,2711,3067,W Michigan,Goshen,99,62,,,,0,,,,,,,,,,2,,0,Kalamazoo,MI,1,239,,,,-5.0,"43,56","25,37",,,,,
ncaab:401500560,ncaab,2022-11-11T00:00Z,void,56,3097,Stetson,JohnsonFL,,,,,,0,,,,,,,,,,2,,0,DeLand,FL,1,12,,,,-5.0,,,,,,,
ncaab:401489490,ncaab,2022-11-11T00:30Z,final,2433,2937,UL Monroe,Dallas Chrstn,111,59,,,,0,,,,,,,,,,2,,0,Monroe,LA,1,23,,,,-6.0,"60,51","25,34",,,,,
ncaab:401491716,ncaab,2022-11-11T00:30Z,final,2617,2241,SF Austin,Gardner-Webb,86,71,,,,0,,,,,,,,,,2,,0,Nacogdoches,TX,1,92,,,,-6.0,"45,41","37,34",,,,,
ncaab:401493940,ncaab,2022-11-11T00:30Z,final,2535,2590,Samford,Spring Hill,80,61,,,,0,,,,,,,,,,2,,0,Homewood,AL,1,203,,,,-6.0,"33,47","31,30",,,,,
ncaab:401499511,ncaab,2022-11-11T00:30Z,final,2534,2903,Sam Houston,SW Adventist,120,33,,,,0,,,,,,,,,,2,,0,Huntsville,TX,1,113,,,,-6.0,"49,71","17,16",,,,,
ncaab:401482955,ncaab,2022-11-11T01:00Z,final,87,2515,Notre Dame,Radford,79,76,-3156,1290,,0,,,-19.0,-109,-111,,,,,2,,0,South Bend,IN,1,211,,,,-5.0,"40,39","39,37",-1000,525,-10.5,-112,-120
ncaab:401483276,ncaab,2022-11-11T01:00Z,final,2305,2449,Kansas,N Dakota St,82,59,,,,0,,,,,,,,,,2,,0,Lawrence,KS,1,263,,,,-6.0,"48,34","19,40",,,,,
ncaab:401483320,ncaab,2022-11-11T01:00Z,final,2641,2640,Texas Tech,Texas Southern,78,54,-3297,1248,,0,,,-19.0,-115,-107,,,,,2,,0,Lubbock,TX,1,976,,,,-6.0,"44,34","28,26",-1115,650,-10.5,-116,-116
ncaab:401483379,ncaab,2022-11-11T01:00Z,final,158,2437,Nebraska,Omaha,75,61,-2247,1200,,0,,,-17.5,-110,-109,,,,,2,,0,Lincoln,NE,1,367,,,,-6.0,"41,34","31,30",-910,575,-10.5,-110,-115
ncaab:401485108,ncaab,2022-11-11T01:00Z,final,269,2117,Marquette,C Michigan,97,73,,,,0,,,,,,,,,,2,,0,Milwaukee,WI,1,188,,,,-6.0,"47,50","29,44",,,,,
ncaab:401488792,ncaab,2022-11-11T01:00Z,final,2132,325,Cincinnati,Cleveland St,69,58,-5000,1548,,0,,,-22.5,-110,-109,,,,,2,,0,Cincinnati,OH,1,191,,,,-5.0,"30,39","29,29",-2500,850,-12.5,-118,-110
ncaab:401492375,ncaab,2022-11-11T01:00Z,final,197,79,Oklahoma St,S Illinois,60,61,,,,0,,,,,,,,,,2,,0,Stillwater,OK,1,273,,,,-6.0,"33,27","28,33",,,,,
ncaab:401493754,ncaab,2022-11-11T01:00Z,final,2197,2287,E Illinois,Illinois St,49,54,,,,0,,,,,,,,,,2,,0,Charleston,IL,1,204,,,,-6.0,"16,33","28,26",,,,,
ncaab:401493795,ncaab,2022-11-11T01:00Z,final,2815,533,Lindenwood,Han LaGrange,85,58,,,,0,,,,,,,,,,2,,0,Saint Charles,MO,1,147,,,,-6.0,"41,44","33,25",,,,,
ncaab:401494406,ncaab,2022-11-11T01:00Z,final,2010,2453,Alabama A&M,North Alabama,76,84,-108,-115,,0,,,-0.5,-110,-110,,,,,2,,0,Normal,AL,1,220,,,,-6.0,"26,50","35,49",-115,-115,0.0,-118,-118
ncaab:401496887,ncaab,2022-11-11T01:00Z,final,2415,124950,Morgan St,PSU Allegheny,130,49,,,,0,,,,,,,,,,2,,0,Baltimore,MD,1,10,,,,-5.0,"67,63","29,20",,,,,
ncaab:401497502,ncaab,2022-11-11T01:00Z,final,2627,123410,Tarleton St,Kansas Chrstn,95,49,,,,0,,,,,,,,,,2,,0,Stephenville,TX,1,388,,,,-6.0,"39,56","30,19",,,,,
ncaab:401483345,ncaab,2022-11-11T01:30Z,final,84,2065,Indiana,Bethune,101,49,-18249,2404,,0,,,-32.5,-110,-109,,,,,2,,0,Bloomington,IN,1,235,,,,-5.0,"49,52","23,26",,,-18.0,-116,-116
ncaab:401493798,ncaab,2022-11-11T01:54Z,final,2031,2027,Little Rock,Ark Baptist,71,60,,,,0,,,,,,,,,,2,,0,Little Rock,AR,1,102,,,,-6.0,"31,40","27,33",,,,,
ncaab:401483309,ncaab,2022-11-11T02:00Z,final,251,2277,Texas,Hou Christian,82,31,,,,0,,,,,,,,,,2,,0,Austin,TX,1,149,,,,-6.0,"39,43","12,19",,,,,
ncaab:401483432,ncaab,2022-11-11T02:00Z,final,9,2464,Arizona St,N Arizona,84,68,-2300,1060,,0,,,-16.5,-110,-110,,,,,2,,0,Tempe,AZ,1,360,,,,-7.0,"47,37","22,46",-770,450,-9.5,-112,-112
ncaab:401485107,ncaab,2022-11-11T02:00Z,final,156,155,Creighton,North Dakota,96,61,-18249,2677,,0,,,-30.5,-105,-115,,,,,2,,0,Omaha,NE,1,323,,,,-6.0,"53,43","22,39",,,-17.5,-118,-115
ncaab:401488827,ncaab,2022-11-11T02:00Z,final,70,3152,Idaho,Walla Walla,122,48,,,,0,,,,,,,,,,2,,0,Moscow,ID,1,786,,,,-8.0,"70,52","23,25",,,,,
ncaab:401489093,ncaab,2022-11-11T02:00Z,final,253,2318,Southern Utah,La Verne,117,55,,,,0,,,,,,,,,,2,,0,Cedar City,UT,1,1782,,,,-7.0,"54,63","29,26",,,,,
ncaab:401489588,ncaab,2022-11-11T02:00Z,final,2172,2144,Denver,Colorado Coll,90,68,,,,0,,,,,,,,,,2,,0,Denver,CO,1,1609,,,,-7.0,"49,41","29,39",,,,,
ncaab:401491677,ncaab,2022-11-11T02:00Z,final,304,111910,Idaho St,Westcliff,97,56,,,,0,,,,,,,,,,2,,0,Pocatello,ID,1,1360,,,,-7.0,"56,41","25,31",,,,,
ncaab:401493496,ncaab,2022-11-11T02:00Z,final,2692,112694,Weber St,W Colorado,83,67,,,,0,,,,,,,,,,2,,0,Ogden,UT,1,1311,,,,-7.0,"50,33","28,39",,,,,
ncaab:401489013,ncaab,2022-11-11T03:00Z,final,2608,261,Saint Mary's,Vermont,79,53,-382,277,,0,,,-7.5,-112,-107,,,,,2,,0,Moraga,CA,1,152,,,,-8.0,"35,44","24,29",-305,215,-4.0,-116,-116
ncaab:401489046,ncaab,2022-11-11T03:00Z,final,2351,27,LMU,UC Riverside,79,81,,,,0,,,,,,,,,,2,,0,Los Angeles,CA,1,89,,,,-8.0,"52,27","34,47",,,,,
ncaab:401489526,ncaab,2022-11-11T03:00Z,final,2541,290,Santa Clara,GA Southern,78,62,,,,0,,,,,,,,,,2,,0,Santa Clara,CA,1,23,,,,-8.0,"42,36","25,37",,,,,
ncaab:401493932,ncaab,2022-11-11T03:00Z,final,2539,13,San Francisco,Cal Poly,60,48,-1177,720,,0,,,-14.5,-107,-112,,,,,2,,0,San Francisco,CA,1,16,,,,-8.0,"24,36","27,21",-500,330,-7.5,-115,-110
ncaab:401494416,ncaab,2022-11-11T03:00Z,final,2751,2447,Wyoming,Nicholls,79,68,-1510,880,,0,,,-15.5,-110,-109,,,,,2,,0,Laramie,WY,1,2184,,,,-7.0,"36,43","28,40",-590,390,-9.0,-112,-120
ncaab:401483471,ncaab,2022-11-11T04:00Z,final,30,2011,USC,Alabama St,96,58,-10000,1600,,0,,,-24.0,-115,-105,,,,,2,,0,Los Angeles,CA,1,89,,,,-8.0,"48,48","23,35",-10000,1150,-13.5,-115,-115
ncaab:401482890,ncaab,2022-11-11T18:00Z,final,103,2174,Boston College,Detroit Mercy,70,66,-442,312,,0,,,-8.5,-110,-109,,,,,2,,0,Chestnut Hill,MA,1,60,,,,-5.0,"33,37","34,32",-315,215,-5.0,-110,-125
ncaab:401491672,ncaab,2022-11-11T18:00Z,final,160,2217,New Hampshire,Fairfield,83,71,215,-285,,0,,,6.5,-110,-109,,,,,2,,0,Durham,NH,1,15,,,,-5.0,"43,40","35,36",160,-227,3.5,-119,-114
ncaab:401500561,ncaab,2022-11-11T19:00Z,final,294,3097,Jacksonville,JohnsonFL,85,34,,,,0,,,,,,,,,,2,,0,Jacksonville,FL,1,5,,,,-5.0,"37,48","24,10",,,,,
ncaab:401487132,ncaab,2022-11-11T22:00Z,final,2649,5,Toledo,UAB,93,85,168,-211,,1,,,5.5,-108,-112,,,,,2,,0,Philadelphia,PA,1,12,,,,-5.0,"39,54","46,39",145,-179,2.5,-111,-121
ncaab:401487276,ncaab,2022-11-11T22:00Z,final,2005,48,Air Force,Delaware,75,71,102,-125,,0,,,1.5,-110,-110,,,,,2,,0,Colorado Springs,CO,1,1832,,,,-7.0,"37,38","27,44",-112,-108,0.5,-118,-118
ncaab:401488143,ncaab,2022-11-11T22:00Z,final,2540,278,Santa Barbara,Fresno St,61,54,125,-160,,1,,,3.0,-110,-110,,,,,2,,0,Santa Cruz,CA,1,11,,,,-8.0,"23,38","21,33",107,-143,1.0,-120,-110
ncaab:401489645,ncaab,2022-11-11T22:30Z,final,2382,2397,Mercer,Milligan,118,64,,,,0,,,,,,,,,,2,,0,Macon,GA,1,112,,,,-5.0,"66,52","38,26",,,,,
ncaab:401485109,ncaab,2022-11-11T23:00Z,final,41,104,UConn,Boston U,86,57,,,,0,,,,,,,,,,2,,0,Storrs,CT,1,187,,,,-5.0,"40,46","23,34",,,,,
ncaab:401486286,ncaab,2022-11-11T23:00Z,final,108,309,Harvard,Louisiana,61,75,117,-146,,1,,,2.5,-109,-111,,,,,2,,0,Asheville,NC,1,649,,,,-5.0,"23,38","34,41",106,-141,1.0,-118,-115
ncaab:401487644,ncaab,2022-11-11T23:00Z,final,45,47,G Washington,Howard,85,75,,,,0,,,,,,,,,,2,,0,Washington,DC,1,7,,,,-5.0,"36,49","32,43",,,,,
ncaab:401487676,ncaab,2022-11-11T23:00Z,final,2603,248,Saint Joseph's,Houston,55,81,1600,-6159,,1,,,22.5,-110,-110,,,,,2,,0,Annapolis,MD,1,12,,,,-5.0,"26,29","46,35",900,-3335,12.5,-110,-118
ncaab:401482907,ncaab,2022-11-11T23:30Z,final,150,2908,Duke,SC Upstate,84,38,-13344,3006,,0,,,-29.5,-105,-115,,,,,2,,0,Durham,NC,1,123,,,,-5.0,"43,41","18,20",-10000,1900,-17.0,-116,-116
ncaab:401484527,ncaab,2022-11-11T23:30Z,final,2250,127,Gonzaga,Michigan St,64,63,-879,519,,1,,,-11.5,-107,-114,,,,,2,,0,San Diego,CA,1,20,,,,-8.0,"31,33","38,25",-400,310,-6.5,-115,-115
ncaab:401485299,ncaab,2022-11-11T23:30Z,final,2110,418,C Arkansas,Hendrix,107,56,,,,0,,,,,,,,,,2,,0,Conway,AR,1,95,,,,-6.0,"50,57","23,33",,,,,
ncaab:401491841,ncaab,2022-11-11T23:30Z,final,2619,124809,Stony Brook,Miami Hamilton,86,65,,,,0,,,,,,,,,,2,,0,Stony Brook,NY,1,27,,,,-5.0,"40,46","24,41",,,,,
ncaab:401482898,ncaab,2022-11-12T00:00Z,final,2579,228,South Carolina,Clemson,60,58,134,-161,,0,,,2.5,-109,-112,,,,,2,,0,Columbia,SC,1,89,,,,-5.0,"35,25","26,32",117,-157,1.5,-112,-115
ncaab:401482915,ncaab,2022-11-12T00:00Z,final,2116,52,UCF,Florida St,68,54,112,-138,,0,,,1.5,-108,-112,,,,,2,,0,Orlando,FL,1,30,,,,-5.0,"39,29","29,25",104,-139,1.0,-114,-114
ncaab:401482930,ncaab,2022-11-12T00:00Z,final,2390,2430,Miami,UNC Greensboro,79,65,-553,400,,0,,,-10.0,-107,-114,,,,,2,,0,Coral Gables,FL,1,3,,,,-5.0,"33,46","34,31",-345,245,-5.5,-110,-125
ncaab:401482939,ncaab,2022-11-12T00:00Z,final,152,2097,NC State,Campbell,73,67,,,,0,,,,,,,,,,2,,0,Raleigh,NC,1,96,,,,-5.0,"39,34","34,33",,,,,
ncaab:401482948,ncaab,2022-11-12T00:00Z,final,153,232,North Carolina,Charleston,102,86,-2726,1293,,0,,,-19.5,-112,-107,,,,,2,,0,Chapel Hill,NC,1,148,,,,-5.0,"43,59","50,36",-1115,650,-11.0,-116,-111
ncaab:401482966,ncaab,2022-11-12T00:00Z,final,221,277,Pitt,West Virginia,56,81,130,-162,,0,,,3.0,-109,-111,,,,,2,,0,Pittsburgh,PA,1,233,,,,-5.0,"36,20","47,34",112,-150,1.5,-120,-110
ncaab:401483031,ncaab,2022-11-12T00:00Z,final,57,338,Florida,Kennesaw St,88,78,-3734,1382,,0,,,-20.5,-109,-111,,,,,2,,0,Gainesville,FL,1,54,,,,-5.0,"44,44","34,44",-2500,850,-12.5,-111,-121
ncaab:401483207,ncaab,2022-11-12T00:00Z,final,145,2226,Ole Miss,FAU,80,67,,,,0,,,,,,,,,,2,,0,Oxford,MS,1,154,,,,-6.0,"39,41","30,37",,,,,
ncaab:401483248,ncaab,2022-11-12T00:00Z,final,238,2572,Vanderbilt,Southern Miss,48,60,-2000,981,,0,,,-16.5,-105,-116,,,,,2,,0,Nashville,TN,1,170,,,,-6.0,"25,23","29,31",-910,525,-9.5,-117,-107
ncaab:401483282,ncaab,2022-11-12T00:00Z,final,25,2306,California,Kansas St,54,63,215,-280,,0,,,6.5,-110,-110,,,,,2,,0,Berkeley,CA,1,52,,,,-8.0,"21,33","36,27",160,-220,3.5,-115,-110
ncaab:401483372,ncaab,2022-11-12T00:00Z,final,135,2597,Minnesota,St Francis BK,72,54,,,,0,,,,,,,,,,2,,0,Minneapolis,MN,1,253,,,,-6.0,"37,35","28,26",,,,,
ncaab:401483406,ncaab,2022-11-12T00:00Z,final,2509,2046,Purdue,Austin Peay,63,44,-6221,1956,,0,,,-25.0,-110,-110,,,,,2,,0,West Lafayette,IN,1,186,,,,-5.0,"31,32","16,28",,,-14.5,-110,-122
ncaab:401483480,ncaab,2022-11-12T00:00Z,final,254,2934,Utah,Bakersfield,72,44,-3159,1248,,0,,,-18.5,-112,-107,,,,,2,,0,Salt Lake City,UT,1,1299,,,,-7.0,"36,36","23,21",-1250,650,-10.5,-110,-118
ncaab:401484363,ncaab,2022-11-12T00:00Z,final,218,222,Temple,Villanova,68,64,184,-228,,0,,,5.5,-109,-110,,,,,2,,0,Philadelphia,PA,1,12,,,,-5.0,"34,34","29,35",152,-207,3.0,-112,-112
ncaab:401484861,ncaab,2022-11-12T00:00Z,final,231,2057,Furman,Belmont,89,74,-440,325,,0,,,-9.0,-110,-109,,,,,2,,0,Greenville,SC,1,307,,,,-5.0,"37,52","37,37",-315,225,-4.5,-110,-120
ncaab:401487364,ncaab,2022-11-12T00:00Z,final,159,2803,Dartmouth,Bryant,70,89,170,-212,,0,,,5.5,-110,-110,,,,,2,,0,Hanover,NH,1,162,,,,-5.0,"28,42","41,48",128,-175,3.0,-120,-112
ncaab:401487487,ncaab,2022-11-12T00:00Z,void,2363,2115,Manhattan,C Connecticut,,,,,,0,,,,,,,,,,2,,0,Riverdale,NY,1,159,,,,-8.0,,,,,,,
ncaab:401487613,ncaab,2022-11-12T00:00Z,final,2168,2567,Dayton,SMU,74,62,,,,0,,,,,,,,,,2,,0,Dayton,OH,1,225,,,,-5.0,"29,45","24,38",,,,,
ncaab:401487636,ncaab,2022-11-12T00:00Z,final,2244,2344,George Mason,Longwood,83,69,-341,257,,0,,,-7.5,-107,-112,,,,,2,,0,Fairfax,VA,1,131,,,,-5.0,"49,34","38,31",-265,195,-4.0,-122,-110
ncaab:401487669,ncaab,2022-11-12T00:00Z,final,257,2460,Richmond,Northern Iowa,68,55,-297,220,,0,,,-6.5,-111,-109,,,,,2,,0,Richmond,VA,1,64,,,,-5.0,"32,36","29,26",-235,170,-3.5,-115,-115
ncaab:401488713,ncaab,2022-11-12T00:00Z,final,2655,2377,Tulane,McNeese,75,58,-3159,1248,,0,,,-19.5,-110,-110,,,,,2,,0,New Orleans,LA,1,0,,,,-6.0,"33,42","26,32",-1250,650,-11.5,-116,-116
ncaab:401488801,ncaab,2022-11-12T00:00Z,final,2154,116,Coppin St,Mount St Marys,83,78,-115,-107,,0,,,-1.0,-110,-110,,,,,2,,0,Baltimore,MD,1,10,,,,-5.0,"34,49","32,46",-134,102,-0.5,-120,-112
ncaab:401489507,ncaab,2022-11-12T00:00Z,final,2182,295,Drexel,Old Dominion,71,59,125,-155,,0,,,2.5,-109,-110,,,,,2,,0,Philadelphia,PA,1,12,,,,-5.0,"30,41","28,31",102,-136,1.0,-120,-110
ncaab:401489534,ncaab,2022-11-12T00:00Z,final,324,291,Coastal,Methodist,110,47,,,,0,,,,,,,,,,2,,0,Conway,SC,1,10,,,,-5.0,"52,58","23,24",,,,,
ncaab:401491661,ncaab,2022-11-12T00:00Z,final,311,554,Maine,ME Fort Kent,90,45,,,,0,,,,,,,,,,2,,0,Bangor,ME,1,36,,,,-5.0,"48,42","20,25",,,,,
ncaab:401491834,ncaab,2022-11-12T00:00Z,final,2275,314,Hofstra,Iona,83,78,130,-156,,0,,,3.0,-108,-112,,,,,2,,0,Hempstead,NY,1,17,,,,-5.0,"43,40","40,38",106,-141,1.5,-115,-110
ncaab:401491860,ncaab,2022-11-12T00:00Z,final,350,2019,UNC Wilmington,Allen,104,55,,,,0,,,,,,,,,,2,,0,Wilmington,NC,1,9,,,,-5.0,"59,45","23,32",,,,,
ncaab:401493664,ncaab,2022-11-12T00:00Z,final,2473,189,Oakland,Bowling Green,82,87,-351,265,,0,,,-7.5,-112,-107,,,,,2,,0,Rochester,MI,1,229,,,,-5.0,"39,43","45,42",-286,205,-4.5,-112,-112
ncaab:401497509,ncaab,2022-11-12T00:00Z,final,96,2184,Kentucky,Duquesne,77,52,-2726,1293,,0,,,-19.5,-108,-112,,,,,2,,0,Lexington,KY,1,295,,,,-5.0,"38,39","22,30",-835,600,-11.0,-116,-110
ncaab:401483421,ncaab,2022-11-12T00:30Z,final,275,24,Wisconsin,Stanford,60,50,-194,160,,1,,,-4.5,-112,-108,,,,,2,,0,Milwaukee,WI,1,188,,,,-6.0,"32,28","20,30",-167,128,-2.5,-115,-110
ncaab:401493700,ncaab,2022-11-12T00:50Z,final,2006,344,Akron,Mississippi St,54,73,,,,1,,,,,,,,,,2,,0,Philadelphia,PA,1,12,,,,-5.0,"27,27","35,38",,,,,
ncaab:401483040,ncaab,2022-11-12T01:00Z,final,2,58,Auburn,South Florida,67,59,-4121,1338,,0,,,-20.0,-110,-110,,,,,2,,0,Auburn,AL,1,215,,,,-6.0,"21,46","30,29",-2000,800,-11.5,-116,-116
ncaab:401483195,ncaab,2022-11-12T01:00Z,final,142,219,Missouri,Penn,92,85,-834,550,,0,,,-11.5,-112,-108,,,,,2,,0,Columbia,MO,1,215,,,,-6.0,"43,49","43,42",-480,310,-7.0,-118,-110
ncaab:401483237,ncaab,2022-11-12T01:00Z,final,245,2000,Texas A&M,Abilene Chrstn,77,58,-889,590,,0,,,-12.5,-110,-109,,,,,2,,0,College Station,TX,1,103,,,,-6.0,"34,43","29,29",-455,310,-7.0,-110,-115
ncaab:401483262,ncaab,2022-11-12T01:00Z,final,239,2450,Baylor,Norfolk St,87,70,-10000,2000,,0,,,-27.5,-107,-113,,,,,2,,0,Waco,TX,1,143,,,,-6.0,"42,45","34,36",-10000,1200,-16.5,-115,-115
ncaab:401483291,ncaab,2022-11-12T01:00Z,final,201,2029,Oklahoma,AR-Pine Bluff,66,58,,,,0,,,,,,,,,,2,,0,Norman,OK,1,357,,,,-6.0,"30,36","26,32",,,,,
ncaab:401483299,ncaab,2022-11-12T01:00Z,final,2628,2320,TCU,Lamar,77,66,-66678,6711,,0,,,-35.5,-110,-109,,,,,2,,0,Fort Worth,TX,1,199,,,,-6.0,"36,41","27,39",,,-20.5,-116,-116
ncaab:401483353,ncaab,2022-11-12T01:00Z,final,2294,2448,Iowa,NC A&T,112,71,,,,0,,,,,,,,,,2,,0,Iowa City,IA,1,204,,,,-6.0,"52,60","32,39",,,,,
ncaab:401483384,ncaab,2022-11-12T01:00Z,final,77,2459,Northwestern,N Illinois,63,46,-2500,1100,,0,,,-18.0,-110,-109,,,,,2,,0,Evanston,IL,1,187,,,,-6.0,"36,27","27,19",-1000,550,-10.5,-115,-115
ncaab:401483453,ncaab,2022-11-12T01:00Z,final,2755,38,Grambling,Colorado,83,74,800,-1321,,0,,,14.5,-107,-112,,,,,2,,0,Grambling,LA,1,93,,,,-6.0,"46,37","32,42",370,-590,8.5,-119,-114
ncaab:401485130,ncaab,2022-11-12T01:00Z,final,2752,149,Xavier,Montana,86,64,-2367,1124,,0,,,-18.0,-110,-109,,,,,2,,0,Cincinnati,OH,1,191,,,,-5.0,"49,37","37,27",-835,475,-10.5,-112,-120
ncaab:401485298,ncaab,2022-11-12T01:00Z,final,333,2335,Alabama,Liberty,95,59,-490,351,,0,,,-9.5,-110,-110,,,,,2,,0,Tuscaloosa,AL,1,68,,,,-6.0,"40,55","31,28",-315,245,-5.0,-112,-120
ncaab:401487297,ncaab,2022-11-12T01:00Z,final,357,2636,Texas A&M-CC,UTSA,75,55,-301,240,,0,,,-6.5,-110,-110,,,,,2,,0,Corpus Christi,TX,1,2,,,,-6.0,"25,50","28,27",-278,200,-4.0,-112,-120
ncaab:401487626,ncaab,2022-11-12T01:00Z,final,8,2230,Arkansas,Fordham,74,48,-4121,1290,,0,,,-19.5,-110,-109,,,,,2,,0,Fayetteville,AR,1,427,,,,-6.0,"32,42","21,27",-1430,650,-11.5,-115,-110
ncaab:401487659,ncaab,2022-11-12T01:00Z,final,82,2350,UIC,Loyola Chicago,63,70,417,-658,,0,,,11.0,-110,-110,,,,,2,,0,Chicago,IL,1,179,,,,-6.0,"31,32","34,36",270,-400,6.0,-118,-110
ncaab:401489554,ncaab,2022-11-12T01:00Z,final,2900,2130,St Thomas,Chicago St,83,61,,,,0,,,,,,,,,,2,,0,Saint Paul,MN,1,242,,,,-6.0,"38,45","24,37",,,,,
ncaab:401491870,ncaab,2022-11-12T01:00Z,final,198,2301,Oral Roberts,John Brown,95,62,,,,0,,,,,,,,,,2,,0,Tulsa,OK,1,220,,,,-6.0,"39,56","35,27",,,,,
ncaab:401493492,ncaab,2022-11-12T01:00Z,final,2458,2837,N Colorado,East Texas A&M,80,77,-911,535,,0,,,-12.5,-114,-106,,,,,2,,0,Greeley,CO,1,1425,,,,-7.0,"46,34","28,49",-437,283,-7.0,-115,-115
ncaab:401483000,ncaab,2022-11-12T01:30Z,final,154,61,Wake Forest,Georgia,81,71,-351,270,,0,,,-7.5,-110,-110,,,,,2,,0,Winston-Salem,NC,1,293,,,,-5.0,"41,40","22,49",-267,200,-4.0,-114,-114
ncaab:401485510,ncaab,2022-11-12T01:30Z,final,2193,2210,ETSU,Elon,77,64,,,,1,,,,,,,,,,2,,0,Asheville,NC,1,649,,,,-5.0,"39,38","31,33",,,,,
ncaab:401487711,ncaab,2022-11-12T01:30Z,final,2426,163,Navy,Princeton,74,73,,,,0,,,,,,,,,,2,,0,Annapolis,MD,1,12,,,,-5.0,"46,28","26,47",,,,,
ncaab:401482984,ncaab,2022-11-12T02:00Z,final,258,2405,Virginia,Monmouth,89,42,,,,0,,,,,,,,,,2,,0,Charlottesville,VA,1,142,,,,-5.0,"42,47","21,21",,,,,
ncaab:401483338,ncaab,2022-11-12T02:00Z,final,356,140,Illinois,Kansas City,86,48,-8982,2336,,0,,,-25.5,-114,-106,,,,,2,,0,Champaign,IL,1,225,,,,-6.0,"39,47","23,25",,,-14.5,-110,-118
ncaab:401483366,ncaab,2022-11-12T02:00Z,final,130,2199,Michigan,E Michigan,88,83,,,,1,,,,,,,,,,2,,0,Detroit,MI,1,183,,,,-5.0,"42,46","45,38",,,,,
ncaab:401487353,ncaab,2022-11-12T02:00Z,final,167,6,New Mexico,South Alabama,80,74,-452,334,,0,,,-8.5,-107,-114,,,,,2,,0,Albuquerque,NM,1,1511,,,,-7.0,"36,44","35,39",-315,225,-5.0,-115,-110
ncaab:401487399,ncaab,2022-11-12T02:00Z,final,328,71,Utah State,Bradley,84,62,-351,260,,0,,,-7.5,-110,-110,,,,,2,,0,Logan,UT,1,1382,,,,-7.0,"45,39","32,30",-315,225,-4.0,-110,-125
ncaab:401492625,ncaab,2022-11-12T02:00Z,final,204,50,Oregon St,Florida A&M,60,43,-2894,1226,,0,,,-18.5,-110,-110,,,,,2,,0,Corvallis,OR,1,71,,,,-8.0,"22,38","17,26",-1000,600,-10.5,-116,-116
ncaab:401493835,ncaab,2022-11-12T02:00Z,final,12,2582,Arizona,Southern,95,78,-10000,2449,,0,,,-27.5,-110,-110,,,,,2,,0,Tucson,AZ,1,759,,,,-7.0,"49,46","31,47",,,-16.5,-116,-116
ncaab:401487289,ncaab,2022-11-12T02:30Z,final,36,2545,Colorado St,SE Louisiana,80,69,,,,0,,,,,,,,,,2,,0,Fort Collins,CO,1,1525,,,,-7.0,"42,38","40,29",,,,,
ncaab:401487470,ncaab,2022-11-12T02:30Z,final,331,43,E Washington,Yale,60,74,,,,1,,,,,,,,,,2,,0,Honolulu,HI,1,5,,,,-10.0,"33,27","32,42",,,,,
ncaab:401485131,ncaab,2022-11-12T03:00Z,final,305,2710,DePaul,W Illinois,86,74,,,,0,,,,,,,,,,2,,0,Chicago,IL,1,179,,,,-6.0,"42,44","35,39",,,,,
ncaab:401489021,ncaab,2022-11-12T03:00Z,final,2501,2502,Portland,Portland St,98,91,-1522,853,,0,,,-15.0,-110,-110,,,,,2,,0,Portland,OR,1,12,,,,-8.0,"42,56","42,49",-715,430,-8.5,-110,-110
ncaab:401489029,ncaab,2022-11-12T03:00Z,final,2239,2492,Fullerton,Pepperdine,74,71,150,-187,,0,,,4.0,-109,-111,,,,,2,,0,Fullerton,CA,1,50,,,,-8.0,"37,37","37,34",138,-186,2.0,-125,-110
ncaab:401489480,ncaab,2022-11-12T03:00Z,final,2856,2885,CA Baptist,NJIT,59,43,,,,0,,,,,,,,,,2,,0,Riverside,CA,1,252,,,,-8.0,"31,28","26,17",,,,,
ncaab:401489051,ncaab,2022-11-12T03:30Z,final,21,252,San Diego St,BYU,82,75,-645,435,,0,,,-11.0,-110,-110,,,,,2,,0,San Diego,CA,1,20,,,,-8.0,"36,46","40,35",-371,260,-6.0,-120,-112
ncaab:401483462,ncaab,2022-11-12T04:00Z,final,26,299,UCLA,Long Beach St,93,69,-3082,1300,,0,,,-19.5,-110,-109,,,,,2,,0,Los Angeles,CA,1,89,,,,-8.0,"48,45","33,36",-1430,800,-11.5,-110,-110
ncaab:401488191,ncaab,2022-11-12T04:00Z,final,2483,300,Oregon,UC Irvine,56,69,-2000,1000,,0,,,-16.0,-110,-109,,,,,2,,0,Eugene,OR,1,131,,,,-8.0,"22,34","35,34",-715,475,-9.0,-118,-115
ncaab:401492100,ncaab,2022-11-12T04:00Z,final,264,2454,Washington,North Florida,75,67,-2000,1003,,0,,,-16.5,-110,-109,,,,,2,,0,Seattle,WA,1,56,,,,-8.0,"28,47","34,33",-770,450,-9.5,-110,-120
ncaab:401487589,ncaab,2022-11-12T04:59Z,final,62,2400,Hawai'i,Miss Valley St,72,54,,,,0,,,,,,,,,,2,,0,Honolulu,HI,1,5,,,,-10.0,"30,42","28,26",,,,,
ncaab:401485132,ncaab,2022-11-12T16:00Z,final,46,2739,Georgetown,Green Bay,92,58,-2223,1050,,0,,,-17.5,-112,-108,,,,,2,,0,Washington,DC,1,7,,,,-5.0,"31,61","29,29",-835,480,-9.5,-115,-115
ncaab:401485133,ncaab,2022-11-12T17:00Z,final,2550,2612,Seton Hall,Saint Peter's,80,44,,,,0,,,,,,,,,,2,,0,Newark,NJ,1,9,,,,-5.0,"36,44","23,21",,,,,
ncaab:401493821,ncaab,2022-11-12T17:00Z,final,2634,2569,Tennessee St,SC State,80,61,,,,0,,,,,,,,,,2,,0,Nashville,TN,1,170,,,,-6.0,"35,45","35,26",,,,,
ncaab:401488701,ncaab,2022-11-12T18:00Z,final,97,2750,Louisville,Wright St,72,73,-250,200,,0,,,-5.5,-114,-107,,,,,2,,0,Louisville,KY,1,142,,,,-5.0,"37,35","34,39",-221,162,-3.0,-112,-112
ncaab:401488793,ncaab,2022-11-12T18:00Z,final,195,325,Ohio,Cleveland St,81,70,-550,390,,0,,,-9.5,-112,-108,,,,,2,,0,Athens,OH,1,219,,,,-5.0,"38,43","30,40",-345,240,-5.0,-115,-118
ncaab:401489515,ncaab,2022-11-12T18:00Z,final,2084,256,Buffalo,James Madison,62,97,139,-168,,0,,,3.5,-110,-110,,,,,2,,0,Buffalo,NY,1,183,,,,-5.0,"24,38","40,57",107,-141,1.5,-110,-118
ncaab:401490545,ncaab,2022-11-12T18:00Z,final,349,284,Army,Stonehill,77,82,-800,527,,0,,,-11.5,-110,-110,,,,,2,,0,West Point,NY,1,47,,,,-5.0,"34,43","44,38",-400,260,-6.5,-120,-112
ncaab:401493667,ncaab,2022-11-12T18:00Z,final,2870,2565,Purdue FW,SIUE,81,76,,,,0,,,,,,,,,,2,,0,Fort Wayne,IN,1,247,,,,-5.0,"43,38","32,44",,,,,
ncaab:401502000,ncaab,2022-11-12T18:00Z,final,193,3067,Miami OH,Goshen,87,44,,,,0,,,,,,,,,,2,,0,Oxford,OH,1,283,,,,-5.0,"26,61","21,23",,,,,
ncaab:401483413,ncaab,2022-11-12T19:00Z,final,164,2349,Rutgers,UMass Lowell,73,65,,,,0,,,,,,,,,,2,,0,Piscataway,NJ,1,30,,,,-5.0,"34,39","21,44",,,,,
ncaab:401493706,ncaab,2022-11-12T19:00Z,final,282,2050,Indiana St,Ball State,83,71,-351,267,,0,,,-7.5,-112,-108,,,,,2,,0,Terre Haute,IN,1,152,,,,-5.0,"43,40","31,40",-270,188,-4.0,-120,-110
ncaab:401494364,ncaab,2022-11-12T19:00Z,final,94,108799,N Kentucky,Clermont (OH),89,49,,,,0,,,,,,,,,,2,,0,Highland Heights,KY,1,260,,,,-5.0,"41,48","28,21",,,,,
ncaab:401487652,ncaab,2022-11-12T20:00Z,final,2325,2681,La Salle,Wagner,77,69,-312,237,,0,,,-6.5,-114,-107,,,,,2,,0,Philadelphia,PA,1,12,,,,-5.0,"39,38","26,43",-258,186,-3.5,-115,-118
ncaab:401488540,ncaab,2022-11-12T20:00Z,final,2630,3134,UT Martin,Champ Chrstn,124,65,,,,0,,,,,,,,,,2,,0,Martin,TN,1,124,,,,-6.0,"58,66","29,36",,,,,
ncaab:401491743,ncaab,2022-11-12T20:00Z,final,2427,2913,UNC Asheville,Brevard,94,46,,,,0,,,,,,,,,,2,,0,Asheville,NC,1,649,,,,-5.0,"57,37","22,24",,,,,
ncaab:401492645,ncaab,2022-11-12T20:00Z,final,202,2296,Tulsa,Jackson St,85,79,-904,590,,0,,,-12.5,-110,-109,,,,,2,,0,Tulsa,OK,1,220,,,,-6.0,"37,48","34,45",-560,350,-7.0,-120,-112
ncaab:401493941,ncaab,2022-11-12T20:00Z,final,2535,2056,Samford,Belhaven,90,38,,,,0,,,,,,,,,,2,,0,Homewood,AL,1,203,,,,-6.0,"45,45","21,17",,,,,
ncaab:401487319,ncaab,2022-11-12T21:00Z,final,2440,2253,Nevada,Grand Canyon,59,46,-127,104,,0,,,-2.0,-110,-110,,,,,2,,0,Reno,NV,1,1373,,,,-8.0,"24,35","24,22",-143,102,-1.0,-110,-115
ncaab:401487663,ncaab,2022-11-12T21:00Z,final,227,326,Rhode Island,Texas St,66,70,-360,275,,0,,,-7.5,-110,-110,,,,,2,,0,Kingston,RI,1,75,,,,-5.0,"26,40","35,35",-271,191,-4.0,-116,-114
ncaab:401489061,ncaab,2022-11-12T21:00Z,final,3084,2464,Utah Valley,N Arizona,73,69,-626,410,,0,,,-10.5,-110,-110,,,,,2,,0,Orem,UT,1,1455,,,,-7.0,"43,30","31,38",-353,242,-6.0,-110,-117
ncaab:401489655,ncaab,2022-11-12T21:00Z,final,151,2506,East Carolina,Presbyterian,77,57,-247,194,,0,,,-5.5,-109,-111,,,,,2,,0,Greenville,NC,1,18,,,,-5.0,"26,51","32,25",-245,180,-4.0,-115,-115
ncaab:401489701,ncaab,2022-11-12T21:00Z,final,2272,2747,High Point,Wofford,91,80,121,-145,,0,,,2.5,-110,-110,,,,,2,,0,High Point,NC,1,281,,,,-5.0,"39,52","22,58",102,-134,1.0,-118,-115
ncaab:401489752,ncaab,2022-11-12T21:00Z,final,2737,2393,Winthrop,MTSU,76,68,,,,0,,,,,,,,,,2,,0,Rock Hill,SC,1,207,,,,-5.0,"41,35","28,40",,,,,
ncaab:401492177,ncaab,2022-11-12T21:00Z,final,2724,2016,Wichita St,Alcorn St,57,66,-1779,948,,0,,,-16.0,-107,-113,,,,,2,,0,Wichita,KS,1,396,,,,-6.0,"31,26","28,38",-734,427,-9.0,-118,-115
ncaab:401492255,ncaab,2022-11-12T21:00Z,final,2083,315,Bucknell,Niagara,68,50,-122,102,,0,,,-1.5,-110,-109,,,,,2,,0,Lewisburg,PA,1,144,,,,-5.0,"27,41","23,27",-132,102,-0.5,-110,-125
ncaab:401492309,ncaab,2022-11-12T21:00Z,final,2379,109684,MD Eastern,Bryn Athyn,90,43,,,,0,,,,,,,,,,2,,0,Princess Anne,MD,1,5,,,,-5.0,"50,40","21,22",,,,,
ncaab:401492445,ncaab,2022-11-12T21:00Z,final,2520,2442,Rider,College of NJ,87,50,,,,0,,,,,,,,,,2,,0,Lawrenceville,NJ,1,37,,,,-5.0,"46,41","27,23",,,,,
ncaab:401494387,ncaab,2022-11-12T21:00Z,final,23,3246,San José St,Bethesda,90,68,,,,0,,,,,,,,,,2,,0,San Jose,CA,1,26,,,,-8.0,"45,45","29,39",,,,,
ncaab:401489616,ncaab,2022-11-12T22:00Z,final,2443,2595,LSU N Orleans,St Francis IL,65,63,,,,0,,,,,,,,,,2,,0,New Orleans,LA,1,0,,,,-6.0,"32,33","30,33",,,,,
ncaab:401493814,ncaab,2022-11-12T22:00Z,final,2546,2358,SE Missouri,Lyon,83,46,,,,0,,,,,,,,,,2,,0,Cape Girardeau,MO,1,108,,,,-6.0,"34,49","13,33",,,,,
ncaab:401485300,ncaab,2022-11-12T22:30Z,final,288,111921,Lipscomb,Campbellsv HB,107,54,,,,0,,,,,,,,,,2,,0,Nashville,TN,1,170,,,,-6.0,"53,54","21,33",,,,,
ncaab:401485134,ncaab,2022-11-12T23:00Z,final,2599,322,St John's,Lafayette,83,68,,,,0,,,,,,,,,,2,,0,Queens,NY,1,12,,,,-5.0,"34,49","32,36",,,,,
ncaab:401485462,ncaab,2022-11-12T23:00Z,final,99,2032,LSU,Arkansas St,61,52,-2283,1092,,0,,,-18.5,-110,-109,,,,,2,,0,Baton Rouge,LA,1,14,,,,-6.0,"31,30","26,26",-1430,650,-10.5,-112,-112
ncaab:401487389,ncaab,2022-11-12T23:00Z,final,2439,2916,UNLV,Incarnate Word,88,63,-10000,2000,,0,,,-25.5,-111,-109,,,,,2,,0,Las Vegas,NV,1,610,,,,-8.0,"43,45","29,34",,,-15.0,-114,-119
ncaab:401496631,ncaab,2022-11-12T23:00Z,final,233,512,South Dakota,Dakota St,82,64,,,,0,,,,,,,,,,2,,0,Vermillion,SD,1,374,,,,-6.0,"31,51","32,32",,,,,
ncaab:401482922,ncaab,2022-11-13T00:00Z,final,2247,59,Georgia St,Georgia Tech,57,59,-107,-119,,0,,,1.5,-111,-109,,,,,2,,0,Atlanta,GA,1,320,,,,-5.0,"26,31","25,34",-100,-132,0.5,-110,-110
ncaab:401487365,ncaab,2022-11-13T00:00Z,final,159,343,Dartmouth,MCLA,107,52,,,,0,,,,,,,,,,2,,0,Hanover,NH,1,162,,,,-5.0,"61,46","30,22",,,,,
ncaab:401487682,ncaab,2022-11-13T00:00Z,final,139,339,Saint Louis,Evansville,83,65,-5000,1600,,0,,,-23.5,-110,-110,,,,,2,,0,St. Louis,MO,1,142,,,,-6.0,"37,46","39,26",,,-13.5,-115,-115
ncaab:401487691,ncaab,2022-11-13T00:00Z,final,2099,179,Canisius,St Bonaventure,84,80,,,,0,,,,,,,,,,2,,0,Buffalo,NY,1,183,,,,-5.0,"34,32,18","33,33,14",,,,,
ncaab:401487703,ncaab,2022-11-13T00:00Z,final,2670,2415,VCU,Morgan St,69,54,-3734,1338,,0,,,-20.0,-110,-110,,,,,2,,0,Richmond,VA,1,64,,,,-5.0,"28,41","27,27",-1540,674,-12.0,-112,-120
ncaab:401489527,ncaab,2022-11-13T00:00Z,final,290,3174,GA Southern,Trinity Co Jax,53,32,,,,0,,,,,,,,,,2,,0,Statesboro,GA,1,77,,,,-5.0,"25,28","14,18",,,,,
ncaab:401491650,ncaab,2022-11-13T00:00Z,final,2368,2066,Marist,Binghamton,75,78,-156,127,,0,,,-3.0,-111,-109,,,,,2,,0,Poughkeepsie,NY,1,62,,,,-5.0,"30,45","37,41",-150,112,-1.5,-120,-112
ncaab:401491806,ncaab,2022-11-13T00:00Z,final,98,2310,Western KY,Kentucky St,127,61,,,,0,,,,,,,,,,2,,0,Bowling Green,KY,1,161,,,,-6.0,"67,60","36,25",,,,,
ncaab:401492096,ncaab,2022-11-13T00:00Z,final,68,265,Boise St,Washington St,71,61,111,-133,,1,,,2.5,-112,-107,,,,,2,,0,Boise,ID,1,823,,,,-7.0,"29,42","22,39",100,-125,1.0,-120,-110
ncaab:401493634,ncaab,2022-11-13T00:00Z,final,270,2100,Milwaukee,Card Stritch,112,38,,,,0,,,,,,,,,,2,,0,Milwaukee,WI,1,188,,,,-6.0,"54,58","17,21",,,,,
ncaab:401493785,ncaab,2022-11-13T00:00Z,final,2598,42,Saint Francis,Hartford,77,53,,,,0,,,,,,,,,,2,,0,Loretto,PA,1,595,,,,-5.0,"33,44","21,32",,,,,
ncaab:401489622,ncaab,2022-11-13T00:30Z,final,2561,399,Siena,UAlbany,75,62,,,,0,,,,,,,,,,2,,0,Albany,NY,1,45,,,,-5.0,"27,48","38,24",,,,,
ncaab:401485135,ncaab,2022-11-13T01:00Z,final,2507,111,Providence,Northeastern,89,65,-1252,747,,0,,,-14.0,-110,-110,,,,,2,,0,Providence,RI,1,2,,,,-5.0,"38,51","36,29",-605,374,-8.0,-115,-112
ncaab:401485301,ncaab,2022-11-13T01:00Z,final,2413,91,Morehead St,Bellarmine,62,55,-148,120,,0,,,-2.5,-110,-110,,,,,2,,0,Morehead,KY,1,153,,,,-6.0,"28,34","16,39",-143,107,-1.5,-116,-116
ncaab:401489077,ncaab,2022-11-13T01:00Z,final,292,2903,UT Rio Grande,SW Adventist,115,33,,,,0,,,,,,,,,,2,,0,Edinburg,TX,1,30,,,,-6.0,"52,63","14,19",,,,,
ncaab:401489628,ncaab,2022-11-13T01:00Z,final,2466,2287,N'Western St,Illinois St,67,69,,,,0,,,,,,,,,,2,,0,Natchitoches,LA,1,36,,,,-6.0,"32,35","32,37",,,,,
ncaab:401491829,ncaab,2022-11-13T01:00Z,final,2261,111926,Hampton,Regent,89,60,,,,0,,,,,,,,,,2,,0,Hampton,VA,1,1,,,,-5.0,"47,42","27,33",,,,,
ncaab:401493774,ncaab,2022-11-13T01:00Z,final,93,2877,Murray St,Lindsey Wilson,90,53,,,,0,,,,,,,,,,2,,0,Murray,KY,1,163,,,,-6.0,"46,44","27,26",,,,,
ncaab:401489087,ncaab,2022-11-13T01:30Z,final,250,2588,UT Arlington,Southwestern,103,61,,,,0,,,,,,,,,,2,,0,Arlington,TX,1,184,,,,-6.0,"53,50","34,27",,,,,
ncaab:401487153,ncaab,2022-11-13T02:00Z,final,2638,166,UTEP,New Mexico St,67,64,-117,-105,,0,,,-1.5,-107,-113,,,,,2,,0,El Paso,TX,1,1133,,,,-7.0,"39,28","31,33",-125,-106,-0.5,-110,-115
ncaab:401489067,ncaab,2022-11-13T02:00Z,final,3101,2463,Utah Tech,CSU Northridge,69,63,,,,0,,,,,,,,,,2,,0,St. George,UT,1,823,,,,-7.0,"33,36","25,38",,,,,
ncaab:401489094,ncaab,2022-11-13T02:00Z,final,253,3249,Southern Utah,St Katherine,91,48,,,,0,,,,,,,,,,2,,0,Cedar City,UT,1,1782,,,,-7.0,"52,39","23,25",,,,,
ncaab:401487713,ncaab,2022-11-13T03:00Z,final,28,16,UC San Diego,Sacramento St,55,65,-134,110,,0,,,-2.0,-110,-109,,,,,2,,0,San Diego,CA,1,20,,,,-8.0,"24,31","29,36",-134,-100,-1.0,-120,-110
ncaab:401488200,ncaab,2022-11-13T03:00Z,final,2351,302,LMU,UC Davis,85,75,,,,0,,,,,,,,,,2,,0,Los Angeles,CA,1,89,,,,-8.0,"40,45","31,44",,,,,
ncaab:401489672,ncaab,2022-11-13T17:00Z,final,2132,2198,Cincinnati,E Kentucky,87,69,,,,0,,,,,,,,,,2,,0,Cincinnati,OH,1,191,,,,-5.0,"49,38","34,35",,,,,
ncaab:401497565,ncaab,2022-11-13T17:00Z,final,47,417,Howard,Gallaudet,108,56,,,,0,,,,,,,,,,2,,0,Washington,DC,1,7,,,,-5.0,"45,63","22,34",,,,,
ncaab:401483267,ncaab,2022-11-13T18:00Z,final,66,2448,Iowa State,NC A&T,80,43,,,,0,,,,,,,,,,2,,0,Ames,IA,1,287,,,,-6.0,"39,41","16,27",,,,,
ncaab:401487488,ncaab,2022-11-13T18:00Z,final,2115,2514,C Connecticut,Quinnipiac,70,72,,,,0,,,,,,,,,,2,,0,New Britain,CT,1,51,,,,-5.0,"33,37","26,46",,,,,
ncaab:401492364,ncaab,2022-11-13T18:00Z,final,2529,171,Sacred Heart,Columbia,88,85,-210,173,,0,,,-4.5,-112,-108,,,,,2,,0,Fairfield,CT,1,4,,,,-8.0,"47,41","46,39",-244,177,-3.0,-120,-110
ncaab:401483231,ncaab,2022-11-13T19:00Z,final,2633,38,Tennessee,Colorado,66,78,-1667,950,,1,,,-15.5,-107,-114,,,,,2,,0,Nashville,TN,1,170,,,,-6.0,"34,32","32,46",-530,374,-9.0,-102,-122
ncaab:401485027,ncaab,2022-11-13T19:00Z,final,2166,2678,Davidson,VMI,75,71,-4000,1448,,0,,,-21.5,-110,-110,,,,,2,,0,Davidson,NC,1,256,,,,-5.0,"38,37","24,47",-2000,800,-12.5,-112,-116
ncaab:401486287,ncaab,2022-11-13T19:00Z,final,2210,108,Elon,Harvard,77,92,215,-285,,1,,,6.5,-112,-107,,,,,2,,0,Asheville,NC,1,649,,,,-5.0,"36,41","47,45",167,-230,3.5,-115,-110
ncaab:401489035,ncaab,2022-11-13T19:00Z,final,2449,279,N Dakota St,Pacific,86,91,,,,0,,,,,,,,,,2,,0,Fargo,ND,1,276,,,,-6.0,"29,57","45,46",,,,,
ncaab:401491279,ncaab,2022-11-13T19:00Z,final,2142,124846,Colgate,Wells College,93,60,,,,0,,,,,,,,,,2,,0,Hamilton,NY,1,181,,,,-5.0,"42,51","22,38",,,,,
ncaab:401493791,ncaab,2022-11-13T19:00Z,final,2117,2197,C Michigan,E Illinois,76,60,,,,0,,,,,,,,,,2,,0,Mount Pleasant,MI,1,235,,,,-5.0,"42,34","21,39",,,,,
ncaab:401483433,ncaab,2022-11-13T20:00Z,final,2640,9,Texas Southern,Arizona St,67,66,550,-800,,0,,,12.5,-109,-110,,,,,2,,0,Houston,TX,1,12,,,,-6.0,"24,33,10","28,29,9",277,-417,6.0,-115,-115
ncaab:401488828,ncaab,2022-11-13T20:00Z,final,2437,70,Omaha,Idaho,79,72,-210,175,,0,,,-5.0,-111,-109,,,,,2,,0,Omaha,NE,1,323,,,,-6.0,"46,33","26,46",-167,125,-2.5,-116,-114
ncaab:401489555,ncaab,2022-11-13T20:00Z,final,2900,2597,St Thomas,St Francis BK,84,48,,,,0,,,,,,,,,,2,,0,Saint Paul,MN,1,242,,,,-6.0,"46,38","23,25",,,,,
ncaab:401491727,ncaab,2022-11-13T20:00Z,final,2344,2945,Longwood,Pfeiffer,100,68,,,,0,,,,,,,,,,2,,0,Farmville,VA,1,90,,,,-5.0,"51,49","30,38",,,,,
ncaab:401492618,ncaab,2022-11-13T20:00Z,final,2473,197,Oakland,Oklahoma St,62,91,320,-440,,0,,,8.5,-110,-110,,,,,2,,0,Rochester,MI,1,229,,,,-5.0,"27,35","42,49",215,-295,5.0,-114,-116
ncaab:401494404,ncaab,2022-11-13T20:00Z,final,344,2029,Mississippi St,AR-Pine Bluff,80,47,,,,0,,,,,,,,,,2,,0,Starkville,MS,1,101,,,,-6.0,"41,39","19,28",,,,,
ncaab:401482956,ncaab,2022-11-13T21:00Z,final,87,2754,Notre Dame,Youngstown St,88,81,-600,404,,0,,,-10.5,-110,-110,,,,,2,,0,South Bend,IN,1,211,,,,-5.0,"43,45","36,45",-335,265,-6.0,-110,-110
ncaab:401487450,ncaab,2022-11-13T21:00Z,final,219,119,Penn,Towson,74,80,137,-173,,0,,,3.5,-113,-108,,,,,2,,0,Philadelphia,PA,1,12,,,,-5.0,"24,50","34,46",109,-146,2.0,-116,-110
ncaab:401487637,ncaab,2022-11-13T21:00Z,final,2244,44,George Mason,American,73,56,-1600,900,,0,,,-15.5,-105,-115,,,,,2,,0,Fairfax,VA,1,131,,,,-5.0,"27,46","34,22",-535,334,-8.5,-118,-118
ncaab:401489632,ncaab,2022-11-13T21:00Z,final,2751,2545,Wyoming,SE Louisiana,72,76,,,,0,,,,,,,,,,2,,0,Laramie,WY,1,2184,,,,-7.0,"38,34","38,38",,,,,
ncaab:401489683,ncaab,2022-11-13T21:00Z,final,2717,2855,W Carolina,Brescia,112,45,,,,0,,,,,,,,,,2,,0,Cullowhee,NC,1,645,,,,-5.0,"43,69","20,25",,,,,
ncaab:401492376,ncaab,2022-11-13T21:00Z,final,88,79,S Indiana,S Illinois,71,53,,,,0,,,,,,,,,,2,,0,Evansville,IN,1,118,,,,-6.0,"28,43","26,27",,,,,
ncaab:401496932,ncaab,2022-11-13T21:00Z,final,2329,111902,Lehigh,Misericordia,97,58,,,,0,,,,,,,,,,2,,0,Bethlehem,PA,1,109,,,,-5.0,"47,50","20,38",,,,,
ncaab:401486288,ncaab,2022-11-13T21:30Z,final,2193,309,ETSU,Louisiana,77,81,,,,1,,,,,,,,,,2,,0,Asheville,NC,1,649,,,,-5.0,"28,49","42,39",,,,,
ncaab:401487329,ncaab,2022-11-13T22:00Z,final,2352,225,Loyola MD,Brown,75,70,-153,130,,0,,,-3.5,-108,-111,,,,,2,,0,Baltimore,MD,1,10,,,,-5.0,"34,41","35,35",-150,112,-2.5,100,-130
ncaab:401487518,ncaab,2022-11-13T22:00Z,final,161,2363,FDU,Manhattan,77,74,,,,0,,,,,,,,,,2,,0,Hackensack,NJ,1,6,,,,-5.0,"34,43","38,36",,,,,
ncaab:401489030,ncaab,2022-11-13T22:00Z,final,2492,2011,Pepperdine,Alabama St,91,62,-3335,1200,,0,,,-18.5,-110,-110,,,,,2,,0,Malibu,CA,1,32,,,,-8.0,"47,44","25,37",-1115,550,-10.5,-105,-125
ncaab:401491666,ncaab,2022-11-13T22:00Z,final,301,2885,San Diego,NJIT,74,64,,,,0,,,,,,,,,,2,,0,San Diego,CA,1,20,,,,-8.0,"39,35","33,31",,,,,
ncaab:401493751,ncaab,2022-11-13T22:00Z,final,2674,2711,Valparaiso,W Michigan,81,65,,,,0,,,,,,,,,,2,,0,Valparaiso,IN,1,242,,,,-6.0,"40,41","36,29",,,,,
ncaab:401493933,ncaab,2022-11-13T22:00Z,final,2539,3185,San Francisco,UC Merced,88,71,,,,0,,,,,,,,,,2,,0,San Francisco,CA,1,16,,,,-8.0,"48,40","35,36",,,,,
ncaab:401482993,ncaab,2022-11-13T23:00Z,final,259,2729,Virginia Tech,William & Mary,94,77,-25000,4000,,0,,,-26.5,-110,-110,,,,,2,,0,Blacksburg,VA,1,633,,,,-5.0,"57,37","35,42",-2500,1100,-15.0,-114,-114
ncaab:401483196,ncaab,2022-11-13T23:00Z,final,142,2815,Missouri,Lindenwood,82,53,-10000,1200,,0,,,-28.0,-114,-107,,,,,2,,0,Columbia,MO,1,215,,,,-6.0,"40,42","25,28",,,-15.5,-115,-115
ncaab:401485302,ncaab,2022-11-13T23:00Z,final,526,3178,FGCU,Ave Maria,105,61,,,,0,,,,,,,,,,2,,0,Fort Myers,FL,1,3,,,,-5.0,"62,43","27,34",,,,,
ncaab:401489101,ncaab,2022-11-13T23:00Z,final,2547,2502,Seattle U,Portland St,83,71,-440,320,,0,,,-8.5,-112,-107,,,,,2,,0,Seattle,WA,1,56,,,,-8.0,"43,40","34,37",-336,231,-4.5,-107,-117
ncaab:401488210,ncaab,2022-11-14T00:00Z,final,299,147,Long Beach St,Montana St,57,70,-168,134,,0,,,-3.5,-110,-110,,,,,2,,0,Long Beach,CA,1,9,,,,-8.0,"24,33","32,38",-141,106,-1.5,-112,-112
ncaab:401487471,ncaab,2022-11-14T00:30Z,final,43,2400,Yale,Miss Valley St,80,51,,,,1,,,,,,,,,,2,,0,Honolulu,HI,1,5,,,,-10.0,"35,45","21,30",,,,,
ncaab:401489014,ncaab,2022-11-14T01:00Z,final,2608,249,Saint Mary's,North Texas,63,33,-452,340,,0,,,-9.0,-112,-107,,,,,2,,0,Moraga,CA,1,152,,,,-8.0,"34,29","12,21",-267,200,-4.0,-120,-110
ncaab:401489678,ncaab,2022-11-14T01:00Z,final,2239,261,Fullerton,Vermont,94,85,154,-196,,0,,,4.5,-108,-112,,,,,2,,0,Fullerton,CA,1,50,,,,-8.0,"37,28,9,20","36,29,9,11",120,-164,1.5,-112,-117
ncaab:401487610,ncaab,2022-11-14T03:00Z,final,62,331,Hawai'i,E Washington,71,51,,,,0,,,,,,,,,,2,,0,Honolulu,HI,1,5,,,,-10.0,"33,38","23,28",,,,,
ncaab:401482891,ncaab,2022-11-14T23:00Z,final,103,311,Boston College,Maine,64,69,-5000,1400,,0,,,-20.5,-114,-107,,,,,2,,0,Chestnut Hill,MA,1,60,,,,-5.0,"30,34","34,35",-1250,600,-11.5,-120,-110
ncaab:401485303,ncaab,2022-11-14T23:00Z,final,91,111921,Bellarmine,Campbellsv HB,86,46,,,,0,,,,,,,,,,2,,0,Louisville,KY,1,142,,,,-5.0,"48,38","23,23",,,,,
ncaab:401487569,ncaab,2022-11-14T23:00Z,final,112358,329,Long Island,Mt St Vincent,111,50,,,,0,,,,,,,,,,2,,0,Brooklyn,NY,1,15,,,,-5.0,"53,58","30,20",,,,,
ncaab:401489707,ncaab,2022-11-14T23:00Z,final,2378,163,UMBC,Princeton,64,94,,,,0,,,,,,,,,,2,,0,Baltimore,MD,1,10,,,,-5.0,"27,37","41,53",,,,,
ncaab:401484364,ncaab,2022-11-14T23:30Z,final,222,2169,Villanova,Delaware St,60,50,-71447,6711,,0,,,-34.0,-112,-107,,,,,2,,0,Villanova,PA,1,121,,,,-5.0,"24,36","27,23",-4422,1234,-19.5,-117,-112
ncaab:401479695,ncaab,2022-11-15T00:00Z,final,135,305,Minnesota,DePaul,53,69,-100,-119,,0,,,1.5,-109,-110,,,,,2,,0,Minneapolis,MN,1,253,,,,-6.0,"22,31","34,35",-105,-127,0.5,-118,-110
ncaab:401483032,ncaab,2022-11-15T00:00Z,final,57,2226,Florida,FAU,74,76,,,,0,,,,,,,,,,2,,0,Gainesville,FL,1,54,,,,-5.0,"35,39","35,41",,,,,
ncaab:401483051,ncaab,2022-11-15T00:00Z,final,61,193,Georgia,Miami OH,77,70,-909,600,,0,,,-12.5,-110,-110,,,,,2,,0,Athens,GA,1,228,,,,-5.0,"38,39","28,42",-452,329,-7.0,-116,-112
ncaab:401485305,ncaab,2022-11-15T00:00Z,final,2335,2428,Liberty,NC Central,79,63,,,,0,,,,,,,,,,2,,0,Lynchburg,VA,1,192,,,,-5.0,"45,34","21,42",,,,,
ncaab:401486937,ncaab,2022-11-15T00:00Z,final,2429,2379,Charlotte,MD Eastern,80,47,,,,0,,,,,,,,,,2,,0,Charlotte,NC,1,229,,,,-5.0,"41,39","18,29",,,,,
ncaab:401487645,ncaab,2022-11-15T00:00Z,final,2275,45,Hofstra,G Washington,85,80,,,,0,,,,,,,,,,2,,0,Hempstead,NY,1,17,,,,-5.0,"48,37","37,43",,,,,
ncaab:401487670,ncaab,2022-11-15T00:00Z,final,232,257,Charleston,Richmond,92,90,-155,127,,0,,,-3.0,-111,-109,,,,,2,,0,Charleston,SC,1,6,,,,-5.0,"45,36,11","31,50,9",-123,-101,-1.5,-112,-120
ncaab:401487677,ncaab,2022-11-15T00:00Z,final,2603,322,Saint Joseph's,Lafayette,63,59,-627,430,,0,,,-10.0,-110,-110,,,,,2,,0,Philadelphia,PA,1,12,,,,-5.0,"36,27","26,33",-335,235,-5.5,-118,-118
ncaab:401487719,ncaab,2022-11-15T00:00Z,final,2154,2426,Coppin St,Navy,75,68,118,-142,,0,,,2.5,-109,-111,,,,,2,,0,Baltimore,MD,1,10,,,,-5.0,"41,34","32,36",100,-141,1.0,-118,-118
ncaab:401488667,ncaab,2022-11-15T00:00Z,final,2116,2710,UCF,W Illinois,70,37,,,,0,,,,,,,,,,2,,0,Orlando,FL,1,30,,,,-5.0,"37,33","18,19",,,,,
ncaab:401488719,ncaab,2022-11-15T00:00Z,final,58,56,South Florida,Stetson,67,68,-379,280,,0,,,-8.0,-112,-108,,,,,2,,0,Tampa,FL,1,1,,,,-5.0,"28,39","38,30",-285,212,-4.5,-115,-115
ncaab:401488811,ncaab,2022-11-15T00:00Z,final,2309,2501,Kent State,Portland,77,65,-240,192,,0,,,-5.5,-112,-108,,,,,2,,0,Kent,OH,1,325,,,,-5.0,"38,39","24,41",-219,160,-3.0,-110,-110
ncaab:401489508,ncaab,2022-11-15T00:00Z,final,295,2672,Old Dominion,VA Wesleyan,72,58,,,,0,,,,,,,,,,2,,0,Norfolk,VA,1,2,,,,-5.0,"36,36","21,37",,,,,
ncaab:401489623,ncaab,2022-11-15T00:00Z,final,399,2785,UAlbany,Union,87,75,,,,0,,,,,,,,,,2,,0,Albany,NY,1,45,,,,-5.0,"29,58","30,45",,,,,
ncaab:401490510,ncaab,2022-11-15T00:00Z,final,2598,172,Saint Francis,Cornell,77,80,,,,0,,,,,,,,,,2,,0,Loretto,PA,1,595,,,,-5.0,"40,37","39,41",,,,,
ncaab:401491656,ncaab,2022-11-15T00:00Z,void,2803,554,Bryant,ME Fort Kent,,,,,,0,,,,,,,,,,2,,0,Smithfield,RI,1,84,,,,-5.0,,,,,,,
ncaab:401491738,ncaab,2022-11-15T00:00Z,final,2515,2079,Radford,Bridgewater,97,46,,,,0,,,,,,,,,,2,,0,Radford,VA,1,567,,,,-5.0,"45,52","20,26",,,,,
ncaab:401491876,ncaab,2022-11-15T00:00Z,final,276,2635,Marshall,Tennessee Tech,91,65,-2000,965,,0,,,-17.0,-108,-112,,,,,2,,0,Huntington,WV,1,173,,,,-5.0,"43,48","27,38",-707,432,-9.5,-112,-115
ncaab:401492203,ncaab,2022-11-15T00:00Z,final,2065,107730,Bethune,FL National,71,57,,,,0,,,,,,,,,,2,,0,Daytona Beach,FL,1,4,,,,-5.0,"26,45","32,25",,,,,
ncaab:401492243,ncaab,2022-11-15T00:00Z,final,104,353,Boston U,J&W,96,51,,,,0,,,,,,,,,,2,,0,Boston,MA,1,14,,,,-5.0,"45,51","23,28",,,,,
ncaab:401492627,ncaab,2022-11-15T00:00Z,final,2681,422,Wagner,Neumann,82,52,,,,0,,,,,,,,,,2,,0,Staten Island,NY,1,21,,,,-5.0,"35,47","19,33",,,,,
ncaab:401493668,ncaab,2022-11-15T00:00Z,final,2870,2362,Purdue FW,Manchester,111,31,,,,0,,,,,,,,,,2,,0,Fort Wayne,IN,1,247,,,,-5.0,"58,53","12,19",,,,,
ncaab:401496875,ncaab,2022-11-15T00:00Z,final,2184,2569,Duquesne,SC State,96,71,,,,0,,,,,,,,,,2,,0,Pittsburgh,PA,1,233,,,,-5.0,"50,46","29,42",,,,,
ncaab:401500562,ncaab,2022-11-15T00:00Z,final,338,2077,Kennesaw St,Brewton Parker,95,36,,,,0,,,,,,,,,,2,,0,Kennesaw,GA,1,332,,,,-5.0,"54,41","19,17",,,,,
ncaab:401500563,ncaab,2022-11-15T00:00Z,final,2453,494,North Alabama,Blue Mountain,100,60,,,,0,,,,,,,,,,2,,0,Florence,AL,1,167,,,,-6.0,"54,46","29,31",,,,,
ncaab:401489078,ncaab,2022-11-15T00:30Z,final,292,2595,UT Rio Grande,St Francis IL,77,51,,,,0,,,,,,,,,,2,,0,Edinburg,TX,1,30,,,,-6.0,"41,36","18,33",,,,,
ncaab:401489491,ncaab,2022-11-15T00:30Z,final,2433,3079,UL Monroe,Cent Baptist,105,56,,,,0,,,,,,,,,,2,,0,Monroe,LA,1,23,,,,-6.0,"53,52","30,26",,,,,
ncaab:401499512,ncaab,2022-11-15T00:30Z,final,2534,2326,Sam Houston,LeTourneau,84,48,,,,0,,,,,,,,,,2,,0,Huntsville,TX,1,113,,,,-6.0,"45,39","16,32",,,,,
ncaab:401482916,ncaab,2022-11-15T01:00Z,final,52,2653,Florida St,Troy,72,79,-558,400,,0,,,-10.0,-110,-110,,,,,2,,0,Tallahassee,FL,1,62,,,,-5.0,"25,47","32,47",-323,230,-5.5,-110,-115
ncaab:401482985,ncaab,2022-11-15T01:00Z,void,258,2460,Virginia,Northern Iowa,,,,,,0,,,,,,,,,,2,,0,Charlottesville,VA,1,142,,,,-5.0,,,,,,,
ncaab:401483263,ncaab,2022-11-15T01:00Z,final,239,2458,Baylor,N Colorado,95,62,-24004,4000,,0,,,-28.0,-110,-110,,,,,2,,0,Waco,TX,1,143,,,,-6.0,"44,51","26,36",-4737,1393,-16.0,-112,-112
ncaab:401483300,ncaab,2022-11-15T01:00Z,final,2628,2466,TCU,N'Western St,63,64,,,,0,,,,,,,,,,2,,0,Fort Worth,TX,1,199,,,,-6.0,"31,32","29,35",,,,,
ncaab:401483321,ncaab,2022-11-15T01:00Z,final,2641,2348,Texas Tech,Louisiana Tech,64,55,-1113,674,,0,,,-13.0,-107,-113,,,,,2,,0,Lubbock,TX,1,976,,,,-6.0,"32,32","27,28",-530,350,-7.5,-105,-115
ncaab:401483481,ncaab,2022-11-15T01:00Z,final,254,304,Utah,Idaho St,70,58,-6159,1694,,0,,,-23.0,-110,-109,,,,,2,,0,Salt Lake City,UT,1,1299,,,,-7.0,"38,32","31,27",-1667,750,-13.0,-112,-112
ncaab:401485304,ncaab,2022-11-15T01:00Z,final,2110,2031,C Arkansas,Little Rock,82,71,,,,0,,,,,,,,,,2,,0,Conway,AR,1,95,,,,-6.0,"37,45","30,41",,,,,
ncaab:401485306,ncaab,2022-11-15T01:00Z,final,288,2057,Lipscomb,Belmont,77,75,123,-156,,0,,,2.5,-107,-113,,,,,2,,0,Nashville,TN,1,170,,,,-6.0,"37,40","34,41",110,-145,1.0,-118,-115
ncaab:401487298,ncaab,2022-11-15T01:00Z,final,2636,2610,UTSA,St Mary's (TX),66,59,,,,0,,,,,,,,,,2,,0,San Antonio,TX,1,198,,,,-6.0,"32,34","33,26",,,,,
ncaab:401488642,ncaab,2022-11-15T01:00Z,final,248,198,Houston,Oral Roberts,83,45,-3228,1338,,0,,,-20.0,-110,-109,,,,,2,,0,Houston,TX,1,12,,,,-6.0,"51,32","24,21",-1667,750,-12.0,-112,-117
ncaab:401489499,ncaab,2022-11-15T01:00Z,final,2572,100,Southern Miss,Loyola NO,86,62,,,,0,,,,,,,,,,2,,0,Hattiesburg,MS,1,52,,,,-6.0,"45,41","32,30",,,,,
ncaab:401489543,ncaab,2022-11-15T01:00Z,final,2032,2358,Arkansas St,Lyon,82,58,,,,0,,,,,,,,,,2,,0,Jonesboro,AR,1,99,,,,-6.0,"44,38","34,24",,,,,
ncaab:401489583,ncaab,2022-11-15T01:00Z,final,140,111176,Kansas City,Calvary,113,54,,,,0,,,,,,,,,,2,,0,Kansas City,MO,1,274,,,,-6.0,"68,45","21,33",,,,,
ncaab:401489597,ncaab,2022-11-15T01:00Z,final,2277,3134,Hou Christian,Champ Chrstn,119,97,,,,0,,,,,,,,,,2,,0,Houston,TX,1,12,,,,-6.0,"56,63","39,58",,,,,
ncaab:401489608,ncaab,2022-11-15T01:00Z,final,2320,2281,Lamar,Huston Till,98,69,,,,0,,,,,,,,,,2,,0,Beaumont,TX,1,5,,,,-6.0,"41,57","42,27",,,,,
ncaab:401489638,ncaab,2022-11-15T01:00Z,final,357,386,Texas A&M-CC,Trinity (TX),91,73,,,,0,,,,,,,,,,2,,0,Corpus Christi,TX,1,2,,,,-6.0,"49,42","31,42",,,,,
ncaab:401489702,ncaab,2022-11-15T01:00Z,final,2181,2747,Drake,Wofford,80,72,-870,562,,0,,,-12.5,-111,-109,,,,,2,,0,Des Moines,IA,1,266,,,,-6.0,"36,44","33,39",-458,303,-7.0,-117,-112
ncaab:401493742,ncaab,2022-11-15T01:00Z,final,2459,368,N Illinois,Purdue NW,99,73,,,,0,,,,,,,,,,2,,0,Dekalb,IL,1,268,,,,-6.0,"42,57","31,42",,,,,
ncaab:401493778,ncaab,2022-11-15T01:00Z,final,82,55,UIC,Jax State,67,60,,,,0,,,,,,,,,,2,,0,Chicago,IL,1,179,,,,-6.0,"32,35","27,33",,,,,
ncaab:401500564,ncaab,2022-11-15T01:00Z,final,2046,2397,Austin Peay,Milligan,98,74,,,,0,,,,,,,,,,2,,0,Clarksville,TN,1,145,,,,-6.0,"50,48","34,40",,,,,
ncaab:401479694,ncaab,2022-11-15T01:30Z,final,213,2086,Penn State,Butler,68,62,-255,205,,0,,,-5.5,-110,-109,,,,,2,,0,University Park,PA,1,348,,,,-5.0,"33,35","26,36",-215,156,-3.0,-115,-110
ncaab:401483339,ncaab,2022-11-15T02:00Z,final,356,2405,Illinois,Monmouth,103,65,,,,0,,,,,,,,,,2,,0,Champaign,IL,1,225,,,,-6.0,"63,40","33,32",,,,,
ncaab:401485136,ncaab,2022-11-15T02:00Z,final,156,107,Creighton,Holy Cross,94,65,-20000,2919,,0,,,-30.5,-106,-114,,,,,2,,0,Omaha,NE,1,323,,,,-6.0,"52,42","27,38",-8000,2000,-17.5,-115,-115
ncaab:401487277,ncaab,2022-11-15T02:00Z,final,2005,2837,Air Force,East Texas A&M,69,73,-585,387,,0,,,-10.5,-107,-114,,,,,2,,0,Colorado Springs,CO,1,1832,,,,-7.0,"28,33,8","31,30,12",-325,230,-5.5,-111,-121
ncaab:401487290,ncaab,2022-11-15T02:00Z,final,36,2692,Colorado St,Weber St,77,52,-405,297,,0,,,-8.5,-110,-110,,,,,2,,0,Fort Collins,CO,1,1525,,,,-7.0,"36,41","15,37",-295,210,-4.5,-110,-120
ncaab:401487400,ncaab,2022-11-15T02:00Z,final,328,2541,Utah State,Santa Clara,96,74,-320,245,,0,,,-7.5,-110,-110,,,,,2,,0,Logan,UT,1,1382,,,,-7.0,"50,46","36,38",-257,187,-4.0,-120,-112
ncaab:401489095,ncaab,2022-11-15T02:00Z,final,253,3246,Southern Utah,Bethesda,126,67,,,,0,,,,,,,,,,2,,0,Cedar City,UT,1,1782,,,,-7.0,"68,58","33,34",,,,,
ncaab:401489589,ncaab,2022-11-15T02:00Z,final,2172,16,Denver,Sacramento St,69,73,-124,101,,0,,,-1.5,-110,-110,,,,,2,,0,Denver,CO,1,1609,,,,-7.0,"36,33","33,40",-146,111,-1.0,-110,-120
ncaab:401493822,ncaab,2022-11-15T02:00Z,final,2634,2010,Tennessee St,Alabama A&M,87,76,-495,357,,0,,,-9.5,-110,-110,,,,,2,,0,Nashville,TN,1,170,,,,-6.0,"47,40","35,41",-315,225,-5.0,-112,-120
ncaab:401493502,ncaab,2022-11-15T02:15Z,final,2130,85,Chicago St,IU Indy,68,58,-329,250,,0,,,-7.0,-112,-107,,,,,2,,0,Chicago,IL,1,179,,,,-6.0,"24,44","26,32",-251,181,-3.5,-115,-116
ncaab:401487611,ncaab,2022-11-15T02:30Z,final,2400,331,Miss Valley St,E Washington,52,60,,,,1,,,,,,,,,,2,,0,Honolulu,HI,1,5,,,,-10.0,"28,24","26,34",,,,,
ncaab:401483463,ncaab,2022-11-15T03:00Z,final,26,2450,UCLA,Norfolk St,86,56,-8000,1600,,0,,,-21.0,-110,-109,,,,,2,,0,Los Angeles,CA,1,89,,,,-8.0,"46,40","33,23",-1667,750,-12.0,-118,-118
ncaab:401489068,ncaab,2022-11-15T03:00Z,final,264,3101,Washington,Utah Tech,78,67,-1637,884,,0,,,-15.5,-110,-110,,,,,2,,0,Seattle,WA,1,56,,,,-8.0,"34,44","36,31",-590,390,-9.5,-115,-117
ncaab:401487472,ncaab,2022-11-15T04:59Z,final,62,43,Hawai'i,Yale,59,62,,,,0,,,,,,,,,,2,,0,Honolulu,HI,1,5,,,,-10.0,"16,35,8","17,34,11",,,,,
ncaab:401493683,ncaab,2022-11-15T16:00Z,final,2754,126822,Youngstown St,Grace Chrstn,96,68,,,,0,,,,,,,,,,2,,0,Youngstown,OH,1,259,,,,-5.0,"48,48","31,37",,,,,
ncaab:401485138,ncaab,2022-11-15T22:00Z,final,2507,284,Providence,Stonehill,100,76,-5000,1600,,0,,,-23.0,-110,-110,,,,,2,,0,Providence,RI,1,2,,,,-5.0,"47,53","36,40",-2082,869,-13.0,-118,-112
ncaab:401488663,ncaab,2022-11-15T23:00Z,final,97,2026,Louisville,App State,60,61,,,,0,,,,,,,,,,2,,0,Louisville,KY,1,142,,,,-5.0,"25,35","38,23",,,,,
ncaab:401479697,ncaab,2022-11-15T23:30Z,final,46,77,Georgetown,Northwestern,63,75,104,-131,,0,,,1.5,-110,-110,,,,,2,,0,Washington,DC,1,7,,,,-5.0,"35,28","33,42",-105,-127,0.5,-118,-110
ncaab:401482899,ncaab,2022-11-16T00:00Z,final,228,2908,Clemson,SC Upstate,81,70,-4000,1448,,0,,,-21.0,-112,-107,,,,,2,,0,Clemson,SC,1,221,,,,-5.0,"41,40","32,38",-1250,700,-11.5,-114,-106
ncaab:401482931,ncaab,2022-11-16T00:00Z,final,2390,50,Miami,Florida A&M,87,61,-31780,5059,,0,,,-32.0,-109,-110,,,,,2,,0,Coral Gables,FL,1,3,,,,-5.0,"41,46","27,34",-12500,2500,-18.0,-115,-115
ncaab:401482975,ncaab,2022-11-16T00:00Z,final,183,2142,Syracuse,Colgate,68,80,-327,240,,0,,,-7.0,-107,-114,,,,,2,,0,Syracuse,NY,1,121,,,,-5.0,"30,38","44,36",-258,187,-4.5,-110,-117
ncaab:401483001,ncaab,2022-11-16T00:00Z,final,154,3084,Wake Forest,Utah Valley,68,65,-800,499,,0,,,-12.0,-110,-110,,,,,2,,0,Winston-Salem,NC,1,293,,,,-5.0,"30,29,9","29,30,6",-360,255,-6.5,-115,-116
ncaab:401483041,ncaab,2022-11-16T00:00Z,final,2,2737,Auburn,Winthrop,89,65,-3228,1338,,0,,,-19.0,-114,-107,,,,,2,,0,Auburn,AL,1,215,,,,-6.0,"39,50","26,39",-1250,575,-10.5,-118,-109
ncaab:401483165,ncaab,2022-11-16T00:00Z,final,127,96,Michigan St,Kentucky,86,77,242,-307,,1,,,7.0,-110,-110,,,,,2,,0,Indianapolis,IN,1,218,,,,-5.0,"36,26,9,15","34,28,9,6",185,-240,3.5,-115,-115
ncaab:401483249,ncaab,2022-11-16T00:00Z,final,218,238,Temple,Vanderbilt,87,89,-170,140,,0,,,-3.5,-110,-110,,,,,2,,0,Philadelphia,PA,1,12,,,,-5.0,"37,39,11","37,39,13",-167,125,-2.0,-110,-110
ncaab:401483329,ncaab,2022-11-16T00:00Z,final,277,2413,West Virginia,Morehead St,75,57,-2728,1248,,0,,,-18.5,-110,-110,,,,,2,,0,Morgantown,WV,1,271,,,,-5.0,"37,38","28,29",-1250,600,-10.5,-110,-110
ncaab:401483359,ncaab,2022-11-16T00:00Z,final,120,2066,Maryland,Binghamton,76,52,-4000,1348,,0,,,-21.0,-110,-110,,,,,2,,0,College Park,MD,1,21,,,,-5.0,"44,32","23,29",-1430,650,-11.5,-115,-115
ncaab:401485137,ncaab,2022-11-16T00:00Z,final,41,2084,UConn,Buffalo,84,64,,,,0,,,,,,,,,,2,,0,Hartford,CT,1,18,,,,-5.0,"44,40","28,36",,,,,
ncaab:401485139,ncaab,2022-11-16T00:00Z,final,2599,2115,St John's,C Connecticut,91,74,,,,0,,,,,,,,,,2,,0,Queens,NY,1,12,,,,-5.0,"40,51","36,38",,,,,
ncaab:401485307,ncaab,2022-11-16T00:00Z,final,2325,2511,La Salle,Queens,72,60,-300,224,,0,,,-6.5,-112,-107,,,,,2,,0,Philadelphia,PA,1,12,,,,-5.0,"36,36","28,32",-225,170,-3.5,-114,-106
ncaab:401487105,ncaab,2022-11-16T00:00Z,final,2393,242,MTSU,Rice,81,46,,,,0,,,,,,,,,,2,,0,Murfreesboro,TN,1,186,,,,-6.0,"44,37","18,28",,,,,
ncaab:401487366,ncaab,2022-11-16T00:00Z,final,2514,159,Quinnipiac,Dartmouth,81,72,-435,335,,0,,,-9.0,-109,-111,,,,,2,,0,Hamden,CT,1,31,,,,-5.0,"43,38","32,40",-335,235,-5.0,-112,-112
ncaab:401487451,ncaab,2022-11-16T00:00Z,final,2182,219,Drexel,Penn,59,64,126,-159,,0,,,3.0,-108,-112,,,,,2,,0,Philadelphia,PA,1,12,,,,-5.0,"22,37","33,31",112,-150,1.0,-116,-116
ncaab:401487627,ncaab,2022-11-16T00:00Z,final,2230,160,Fordham,New Hampshire,79,61,-334,252,,0,,,-7.5,-108,-111,,,,,2,,0,Bronx,NY,1,28,,,,-5.0,"40,39","30,31",-286,205,-3.5,-114,-110
ncaab:401487664,ncaab,2022-11-16T00:00Z,final,227,2619,Rhode Island,Stony Brook,74,64,-806,501,,0,,,-12.0,-109,-111,,,,,2,,0,Kingston,RI,1,75,,,,-5.0,"34,40","30,34",-530,330,-6.5,-109,-113
ncaab:401488541,ncaab,2022-11-16T00:00Z,final,2630,534,UT Martin,Harris Stowe,96,53,,,,0,,,,,,,,,,2,,0,Martin,TN,1,124,,,,-6.0,"49,47","32,21",,,,,
ncaab:401488802,ncaab,2022-11-16T00:00Z,final,116,14632,Mount St Marys,McDaniel,60,38,,,,0,,,,,,,,,,2,,0,Emmitsburg,MD,1,133,,,,-5.0,"31,29","25,13",,,,,
ncaab:401489516,ncaab,2022-11-16T00:00Z,final,47,256,Howard,James Madison,69,95,500,-823,,0,,,13.0,-110,-110,,,,,2,,0,Washington,DC,1,7,,,,-5.0,"31,38","43,52",295,-455,7.0,-110,-125
ncaab:401489521,ncaab,2022-11-16T00:00Z,final,2247,2382,Georgia St,Mercer,85,83,-175,141,,0,,,-3.5,-110,-110,,,,,2,,0,Atlanta,GA,1,320,,,,-5.0,"43,34,8","40,37,6",-159,120,-1.5,-114,-116
ncaab:401491723,ncaab,2022-11-16T00:00Z,final,2272,2327,High Point,Lees McRae,100,83,,,,0,,,,,,,,,,2,,0,High Point,NC,1,281,,,,-5.0,"52,48","54,29",,,,,
ncaab:401492256,ncaab,2022-11-16T00:00Z,final,2612,2083,Saint Peter's,Bucknell,82,71,,,,0,,,,,,,,,,2,,0,Jersey City,NJ,1,9,,,,-5.0,"40,42","35,36",,,,,
ncaab:401493678,ncaab,2022-11-16T00:00Z,final,2750,189,Wright St,Bowling Green,80,71,-322,250,,0,,,-7.0,-110,-110,,,,,2,,0,Dayton,OH,1,225,,,,-5.0,"32,48","27,44",-265,188,-3.5,-115,-110
ncaab:401493701,ncaab,2022-11-16T00:00Z,final,2006,2415,Akron,Morgan St,65,59,-1100,680,,0,,,-13.5,-110,-110,,,,,2,,0,Akron,OH,1,291,,,,-5.0,"40,25","28,31",-530,350,-8.0,-111,-114
ncaab:401494599,ncaab,2022-11-16T00:00Z,final,2504,265,Prairie View,Washington St,70,59,455,-668,,0,,,11.0,-110,-110,,,,,2,,0,Prairie View,TX,1,82,,,,-6.0,"41,29","27,32",255,-360,6.0,-116,-116
ncaab:401496895,ncaab,2022-11-16T00:00Z,final,2643,571,The Citadel,Morris,109,66,,,,0,,,,,,,,,,2,,0,Charleston,SC,1,6,,,,-5.0,"54,55","30,36",,,,,
ncaab:401483208,ncaab,2022-11-16T00:30Z,final,145,236,Ole Miss,Chattanooga,70,58,-637,445,,0,,,-10.5,-110,-110,,,,,2,,0,Oxford,MS,1,154,,,,-6.0,"33,37","33,25",-335,232,-5.5,-110,-115
ncaab:401489600,ncaab,2022-11-16T00:30Z,final,2916,2639,Incarnate Word,Texas Lutheran,84,47,,,,0,,,,,,,,,,2,,0,San Antonio,TX,1,198,,,,-6.0,"39,45","25,22",,,,,
ncaab:401492178,ncaab,2022-11-16T00:30Z,final,2617,2016,SF Austin,Alcorn St,60,69,,,,0,,,,,,,,,,2,,0,Nacogdoches,TX,1,92,,,,-6.0,"24,36","28,41",,,,,
ncaab:401482949,ncaab,2022-11-16T01:00Z,final,153,2241,North Carolina,Gardner-Webb,72,66,-5000,1600,,0,,,-22.5,-110,-110,,,,,2,,0,Chapel Hill,NC,1,148,,,,-5.0,"26,46","22,44",-2500,950,-12.5,-122,-110
ncaab:401483197,ncaab,2022-11-16T01:00Z,final,142,2565,Missouri,SIUE,105,80,,,,0,,,,,,,,,,2,,0,Columbia,MO,1,215,,,,-6.0,"52,53","31,49",,,,,
ncaab:401483292,ncaab,2022-11-16T01:00Z,final,201,350,Oklahoma,UNC Wilmington,74,53,-865,556,,0,,,-12.5,-110,-110,,,,,2,,0,Norman,OK,1,357,,,,-6.0,"37,37","21,32",-420,295,-6.5,-115,-115
ncaab:401487354,ncaab,2022-11-16T01:00Z,final,2567,167,SMU,New Mexico,63,84,,,,0,,,,,,,,,,2,,0,Dallas,TX,1,128,,,,-6.0,"32,31","45,39",,,,,
ncaab:401487692,ncaab,2022-11-16T01:00Z,final,2571,179,S Dakota St,St Bonaventure,66,62,,,,1,,,,,,,,,,2,,0,Sioux Falls,SD,1,448,,,,-6.0,"30,36","32,30",,,,,
ncaab:401488644,ncaab,2022-11-16T01:00Z,final,2640,198,Texas Southern,Oral Roberts,64,82,154,-191,,0,,,4.5,-110,-110,,,,,2,,0,Houston,TX,1,12,,,,-6.0,"38,26","38,44",125,-167,2.0,-115,-118
ncaab:401489005,ncaab,2022-11-16T01:00Z,final,71,2199,Bradley,E Michigan,89,61,,,,0,,,,,,,,,,2,,0,Peoria,IL,1,153,,,,-6.0,"41,48","21,40",,,,,
ncaab:401489036,ncaab,2022-11-16T01:00Z,final,155,279,North Dakota,Pacific,63,93,210,-275,,0,,,6.5,-109,-114,,,,,2,,0,Grand Forks,ND,1,253,,,,-6.0,"26,37","42,51",163,-225,3.5,-112,-115
ncaab:401489088,ncaab,2022-11-16T01:00Z,final,250,2810,UT Arlington,Hardin Simmons,100,59,,,,0,,,,,,,,,,2,,0,Arlington,TX,1,184,,,,-6.0,"50,50","32,27",,,,,
ncaab:401491692,ncaab,2022-11-16T01:00Z,final,2464,110031,N Arizona,B'tine Mesa,105,49,,,,0,,,,,,,,,,2,,0,Flagstaff,AZ,1,2104,,,,-7.0,"57,48","23,26",,,,,
ncaab:401491807,ncaab,2022-11-16T01:00Z,final,98,2292,Western KY,Indianapolis,68,50,,,,0,,,,,,,,,,2,,0,Bowling Green,KY,1,161,,,,-6.0,"38,30","27,23",,,,,
ncaab:401493954,ncaab,2022-11-16T01:00Z,final,2000,241,Abilene Chrstn,McMurry,104,46,,,,0,,,,,,,,,,2,,0,Abilene,TX,1,524,,,,-6.0,"50,54","30,16",,,,,
ncaab:401479696,ncaab,2022-11-16T01:30Z,final,2509,269,Purdue,Marquette,75,70,-387,287,,0,,,-8.0,-110,-110,,,,,2,,0,West Lafayette,IN,1,186,,,,-5.0,"32,43","34,36",-265,190,-4.0,-115,-118
ncaab:401482940,ncaab,2022-11-16T02:00Z,final,152,2229,NC State,FIU,107,74,,,,0,,,,,,,,,,2,,0,Raleigh,NC,1,96,,,,-5.0,"57,50","32,42",,,,,
ncaab:401483422,ncaab,2022-11-16T02:00Z,final,275,2739,Wisconsin,Green Bay,56,45,-10000,2200,,0,,,-27.0,-109,-111,,,,,2,,0,Madison,WI,1,267,,,,-6.0,"32,24","15,30",-4000,1400,-15.5,-112,-112
ncaab:401484368,ncaab,2022-11-16T02:00Z,final,139,235,Saint Louis,Memphis,90,84,-161,130,,0,,,-3.5,-107,-112,,,,,2,,0,St. Louis,MO,1,142,,,,-6.0,"47,43","43,41",-149,112,-1.5,-110,-115
ncaab:401485021,ncaab,2022-11-16T02:00Z,final,24,21,Stanford,San Diego St,62,74,165,-205,,0,,,4.5,-110,-110,,,,,2,,0,Stanford,CA,1,23,,,,-8.0,"30,32","41,33",133,-175,2.5,-114,-112
ncaab:401485140,ncaab,2022-11-16T02:00Z,final,2752,2217,Xavier,Fairfield,78,65,-4121,1462,,0,,,-20.5,-108,-111,,,,,2,,0,Cincinnati,OH,1,191,,,,-5.0,"35,43","37,28",-1430,650,-10.5,-115,-110
ncaab:401487154,ncaab,2022-11-16T02:00Z,final,2638,2834,UTEP,Sul Ross St,99,59,,,,0,,,,,,,,,,2,,0,El Paso,TX,1,1133,,,,-7.0,"47,52","30,29",,,,,
ncaab:401491688,ncaab,2022-11-16T02:00Z,final,2483,147,Oregon,Montana St,81,51,-684,482,,0,,,-11.0,-110,-110,,,,,2,,0,Eugene,OR,1,131,,,,-8.0,"34,47","22,29",-342,235,-6.5,-110,-110
ncaab:401483444,ncaab,2022-11-16T03:00Z,final,28,25,UC San Diego,California,64,62,104,-127,,0,,,1.5,-110,-110,,,,,2,,0,San Diego,CA,1,20,,,,-8.0,"37,27","27,35",-105,-122,0.5,-120,-110
ncaab:401487320,ncaab,2022-11-16T03:00Z,final,2440,3078,Nevada,Jessup,98,54,,,,0,,,,,,,,,,2,,0,Reno,NV,1,1373,,,,-8.0,"42,56","18,36",,,,,
ncaab:401488192,ncaab,2022-11-16T03:00Z,final,300,2351,UC Irvine,LMU,79,64,,,,0,,,,,,,,,,2,,0,Irvine,CA,1,17,,,,-8.0,"45,34","25,39",,,,,
ncaab:401488381,ncaab,2022-11-16T03:00Z,final,6,333,South Alabama,Alabama,55,65,460,-670,,0,,,10.5,-110,-110,,,,,2,,0,Mobile,AL,1,3,,,,-6.0,"22,33","32,33",250,-375,6.5,-114,-114
ncaab:401489481,ncaab,2022-11-16T03:00Z,final,2856,2463,CA Baptist,CSU Northridge,62,55,,,,0,,,,,,,,,,2,,0,Riverside,CA,1,252,,,,-8.0,"28,34","28,27",,,,,
ncaab:401491902,ncaab,2022-11-16T03:00Z,final,23,2011,San José St,Alabama St,70,57,-1399,800,,0,,,-14.5,-114,-107,,,,,2,,0,San Jose,CA,1,26,,,,-8.0,"36,34","33,24",-530,350,-8.5,-112,-112
ncaab:401496647,ncaab,2022-11-16T03:00Z,final,2492,2585,Pepperdine,Vanguard,94,80,,,,0,,,,,,,,,,2,,0,Malibu,CA,1,32,,,,-8.0,"49,45","37,43",,,,,
ncaab:401482908,ncaab,2022-11-16T03:24Z,final,2305,150,Kansas,Duke,69,64,-109,-112,,1,,,0.5,-107,-114,,,,,2,,0,Indianapolis,IN,1,218,,,,-5.0,"33,36","29,35",105,-127,1.0,-113,-111
ncaab:401483472,ncaab,2022-11-16T04:00Z,final,30,261,USC,Vermont,59,57,-612,415,,0,,,-10.0,-112,-108,,,,,2,,0,Los Angeles,CA,1,89,,,,-8.0,"22,37","27,30",-350,265,-5.5,-110,-115
ncaab:401487390,ncaab,2022-11-16T04:00Z,final,2439,2168,UNLV,Dayton,60,52,150,-185,,0,,,4.5,-110,-110,,,,,2,,0,Las Vegas,NV,1,610,,,,-8.0,"22,38","32,20",133,-175,2.0,-110,-110
ncaab:401497115,ncaab,2022-11-16T04:00Z,final,204,3142,Oregon St,Bushnell,83,66,,,,0,,,,,,,,,,2,,0,Corvallis,OR,1,71,,,,-8.0,"41,42","34,32",,,,,
ncaab:401488812,ncaab,2022-11-16T17:00Z,final,2309,2029,Kent State,AR-Pine Bluff,94,68,,,,0,,,,,,,,,,2,,0,Kent,OH,1,325,,,,-5.0,"40,54","28,40",,,,,
ncaab:401489692,ncaab,2022-11-16T21:00Z,final,2349,2529,UMass Lowell,Sacred Heart,90,81,-1050,700,,0,,,-13.0,-115,-105,,,,,2,,0,Lowell,MA,1,36,,,,-5.0,"43,47","38,43",-450,350,-7.5,-114,-110
ncaab:401482967,ncaab,2022-11-16T23:00Z,final,221,130,Pitt,Michigan,60,91,300,-375,,1,,,8.5,-110,-110,,,,,2,,0,Brooklyn,NY,1,15,,,,-5.0,"32,28","38,53",215,-270,5.0,-115,-115
ncaab:401483232,ncaab,2022-11-17T00:00Z,final,2633,526,Tennessee,FGCU,81,50,,,,0,,,,,,,,,,2,,0,Knoxville,TN,1,276,,,,-5.0,"37,44","20,30",,,,,
ncaab:401483393,ncaab,2022-11-17T00:00Z,final,194,2197,Ohio State,E Illinois,65,43,,,,0,,,,,,,,,,2,,0,Columbus,OH,1,235,,,,-5.0,"26,39","20,23",,,,,
ncaab:401487409,ncaab,2022-11-17T00:00Z,final,111,108,Northeastern,Harvard,69,70,110,-130,,0,,,2.0,-110,-110,,,,,2,,0,Boston,MA,1,14,,,,-5.0,"32,37","30,40",105,-125,0.5,-107,-117
ncaab:401488714,ncaab,2022-11-17T00:00Z,final,2655,2127,Tulane,Charleston So,99,79,-4500,1600,,0,,,-20.5,-110,-112,,,,,2,,0,New Orleans,LA,1,0,,,,-6.0,"50,49","44,35",-1435,797,-12.0,-114,-110
ncaab:401488794,ncaab,2022-11-17T00:00Z,final,2099,325,Canisius,Cleveland St,57,58,-127,-105,,0,,,-1.5,-110,-110,,,,,2,,0,Buffalo,NY,1,183,,,,-5.0,"18,35,4","30,23,5",-115,-105,-0.5,-111,-113
ncaab:401489656,ncaab,2022-11-17T00:00Z,final,151,2261,East Carolina,Hampton,82,73,-500,375,,0,,,-9.5,-110,-110,,,,,2,,0,Greenville,NC,1,18,,,,-5.0,"33,49","39,34",-315,245,-5.0,-117,-108
ncaab:401489673,ncaab,2022-11-17T00:00Z,final,94,2132,N Kentucky,Cincinnati,64,51,235,-295,,0,,,6.5,-110,-110,,,,,2,,0,Highland Heights,KY,1,260,,,,-5.0,"36,28","40,11",160,-200,3.0,-110,-120
ncaab:401490464,ncaab,2022-11-17T00:00Z,final,171,2169,Columbia,Delaware St,70,65,-350,290,,0,,,-8.0,-110,-110,,,,,2,,0,New York,NY,1,10,,,,-5.0,"31,39","23,42",-264,212,-4.5,-115,-110
ncaab:401490524,ncaab,2022-11-17T00:00Z,final,44,2729,American,William & Mary,71,64,-125,105,,0,,,-1.5,-110,-110,,,,,2,,0,Washington,DC,1,7,,,,-5.0,"38,33","37,27",-135,105,-1.0,-112,-112
ncaab:401491739,ncaab,2022-11-17T00:00Z,final,2515,2047,Radford,Averett,79,34,,,,0,,,,,,,,,,2,,0,Radford,VA,1,567,,,,-5.0,"45,34","13,21",,,,,
ncaab:401491866,ncaab,2022-11-17T00:00Z,final,2174,195,Detroit Mercy,Ohio,88,74,105,-125,,0,,,1.5,-110,-110,,,,,2,,0,Detroit,MI,1,183,,,,-5.0,"47,41","34,40",105,-125,0.5,-113,-111
ncaab:401492435,ncaab,2022-11-17T00:00Z,final,2329,2368,Lehigh,Marist,64,54,-175,150,,0,,,-3.5,-110,-110,,,,,2,,0,Bethlehem,PA,1,109,,,,-5.0,"29,35","16,38",-152,127,-2.0,-112,-112
ncaab:401493665,ncaab,2022-11-17T00:00Z,final,2649,2473,Toledo,Oakland,112,90,-1175,712,,0,,,-13.5,-110,-110,,,,,2,,0,Toledo,OH,1,186,,,,-5.0,"57,55","37,53",-550,400,-8.5,-111,-113
ncaab:401493673,ncaab,2022-11-17T00:00Z,final,2523,455,Robert Morris,WV Wesleyan,111,56,,,,0,,,,,,,,,,2,,0,Moon Township,PA,1,358,,,,-5.0,"60,51","21,35",,,,,
ncaab:401496937,ncaab,2022-11-17T00:00Z,final,2428,108806,NC Central,Mid Atl Chrstn,109,50,,,,0,,,,,,,,,,2,,0,Durham,NC,1,123,,,,-5.0,"54,55","27,23",,,,,
ncaab:401479698,ncaab,2022-11-17T00:30Z,final,2550,2294,Seton Hall,Iowa,67,83,-105,-115,,0,,,0.5,-110,-110,,,,,2,,0,Newark,NJ,1,9,,,,-5.0,"22,45","34,49",-115,-115,0.5,-112,-108
ncaab:401486707,ncaab,2022-11-17T00:30Z,final,5,2506,UAB,Presbyterian,92,61,-10000,2200,,0,,,-26.5,-110,-110,,,,,2,,0,Birmingham,AL,1,187,,,,-6.0,"44,48","30,31",-3431,1293,-15.5,-116,-110
ncaab:401490546,ncaab,2022-11-17T00:31Z,final,2561,349,Siena,Army,94,96,-250,210,,0,,,-6.0,-110,-110,,,,,2,,0,Albany,NY,1,45,,,,-5.0,"39,43,12","41,41,14",-210,175,-3.5,-115,-110
ncaab:401482957,ncaab,2022-11-17T01:00Z,final,87,88,Notre Dame,S Indiana,82,70,,,,0,,,,,,,,,,2,,0,South Bend,IN,1,211,,,,-5.0,"42,40","25,45",,,,,
ncaab:401488643,ncaab,2022-11-17T01:00Z,final,248,2640,Houston,Texas Southern,83,48,-18591,4876,,0,,,-31.5,-110,-110,,,,,2,,0,Houston,TX,1,12,,,,-6.0,"43,40","20,28",-6000,1500,-18.5,-117,-108
ncaab:401491890,ncaab,2022-11-17T01:00Z,final,339,2546,Evansville,SE Missouri,61,67,,,,0,,,,,,,,,,2,,0,Evansville,IN,1,118,,,,-6.0,"23,38","36,31",,,,,
ncaab:401492204,ncaab,2022-11-17T01:00Z,final,2065,3174,Bethune,Trinity Co Jax,83,46,,,,0,,,,,,,,,,2,,0,Daytona Beach,FL,1,4,,,,-5.0,"50,33","22,24",,,,,
ncaab:401493618,ncaab,2022-11-17T01:00Z,final,2130,2674,Chicago St,Valparaiso,87,74,400,-550,,0,,,9.5,-110,-110,,,,,2,,0,Chicago,IL,1,179,,,,-6.0,"49,38","24,50",250,-320,5.5,-118,-104
ncaab:401496630,ncaab,2022-11-17T01:00Z,final,8,2571,Arkansas,S Dakota St,71,56,,,,0,,,,,,,,,,2,,0,Fayetteville,AR,1,427,,,,-6.0,"41,30","29,27",,,,,
ncaab:401483434,ncaab,2022-11-17T01:30Z,final,9,2670,Arizona St,VCU,63,59,145,-175,,1,,,3.5,-110,-110,,,,,2,,0,Brooklyn,NY,1,15,,,,-5.0,"28,35","35,24",125,-160,1.5,-110,-115
ncaab:401489015,ncaab,2022-11-17T01:30Z,final,2608,2582,Saint Mary's,Southern,72,54,-2500,1100,,0,,,-19.0,-107,-112,,,,,2,,0,Moraga,CA,1,152,,,,-8.0,"35,37","27,27",-712,482,-11.0,-110,-114
ncaab:401489565,ncaab,2022-11-17T01:30Z,final,2437,2050,Omaha,Ball State,61,71,172,-207,,0,,,4.5,-110,-110,,,,,2,,0,Omaha,NE,1,323,,,,-6.0,"27,34","37,34",130,-160,2.5,-114,-110
ncaab:401488829,ncaab,2022-11-17T02:00Z,final,70,2934,Idaho,Bakersfield,43,52,-150,130,,0,,,-2.5,-110,-110,,,,,2,,0,Moscow,ID,1,786,,,,-8.0,"21,22","22,30",-140,110,-1.5,-112,-112
ncaab:401489052,ncaab,2022-11-17T02:00Z,final,252,2623,BYU,Missouri St,66,64,-500,370,,0,,,-9.5,-110,-110,,,,,2,,0,Provo,UT,1,1387,,,,-7.0,"36,30","35,29",-305,240,-5.5,-112,-112
ncaab:401483310,ncaab,2022-11-17T02:30Z,final,251,2250,Texas,Gonzaga,93,74,-135,115,,0,,,-2.5,-110,-110,,,,,2,,0,Austin,TX,1,149,,,,-6.0,"47,46","37,37",-130,110,-0.5,-120,-102
ncaab:401491695,ncaab,2022-11-17T03:00Z,final,2502,2866,Portland St,Evergreen,113,40,,,,0,,,,,,,,,,2,,0,Portland,OR,1,12,,,,-8.0,"44,69","19,21",,,,,
ncaab:401493934,ncaab,2022-11-17T03:00Z,final,278,2539,Fresno St,San Francisco,60,67,-118,-102,,0,,,-1.5,-107,-112,,,,,2,,0,Fresno,CA,1,94,,,,-8.0,"26,34","29,38",-117,-105,-0.5,-107,-119
ncaab:401483400,ncaab,2022-11-17T16:30Z,final,213,231,Penn State,Furman,73,68,-140,118,,1,,,-2.5,-110,-110,,,,,2,,0,Charleston,SC,1,6,,,,-5.0,"46,27","29,39",-135,115,-1.5,-102,-120
ncaab:401483454,ncaab,2022-11-17T18:30Z,final,113,38,UMass,Colorado,66,63,,,,1,,,,,,,,,,2,,0,Conway,SC,1,10,,,,-5.0,"37,29","34,29",,,,,
ncaab:401482994,ncaab,2022-11-17T19:00Z,final,259,295,Virginia Tech,Old Dominion,75,71,-1522,810,,1,,,-14.5,-105,-115,,,,,2,,0,Charleston,SC,1,6,,,,-5.0,"39,36","25,46",-500,360,-7.5,-115,-115
ncaab:401483238,ncaab,2022-11-17T21:00Z,final,245,93,Texas A&M,Murray St,79,88,-900,625,,1,,,-13.5,-110,-110,,,,,2,,0,Conway,SC,1,10,,,,-5.0,"28,51","35,53",-425,310,-7.0,-120,-110
ncaab:401483217,ncaab,2022-11-17T22:00Z,final,2579,36,South Carolina,Colorado St,53,85,-110,-110,,1,,,-1.0,-110,-110,,,,,2,,0,Charleston,SC,1,6,,,,-5.0,"19,34","40,45",-110,-115,0.5,-120,-106
ncaab:401479699,ncaab,2022-11-17T23:30Z,final,2599,158,St John's,Nebraska,70,50,,,,0,,,,,,,,,,2,,0,Queens,NY,1,12,,,,-5.0,"20,50","27,23",,,,,
ncaab:401483283,ncaab,2022-11-17T23:30Z,final,2306,140,Kansas St,Kansas City,69,53,-4236,1500,,0,,,-19.5,-110,-110,,,,,2,,0,Manhattan,KS,1,311,,,,-6.0,"41,28","25,28",-1000,650,-11.0,-116,-105
ncaab:401485142,ncaab,2022-11-17T23:30Z,final,2086,2598,Butler,Saint Francis,95,67,,,,0,,,,,,,,,,2,,0,Indianapolis,IN,1,218,,,,-5.0,"44,51","33,34",,,,,
ncaab:401485010,ncaab,2022-11-18T00:00Z,final,2405,2450,Monmouth,Norfolk St,59,64,340,-425,,0,,,9.0,-105,-115,,,,,2,,0,West Long Branch,NJ,1,9,,,,-5.0,"22,37","32,32",205,-255,4.5,-115,-115
ncaab:401485511,ncaab,2022-11-18T00:00Z,final,2193,2031,ETSU,Little Rock,84,76,,,,0,,,,,,,,,,2,,0,Johnson City,TN,1,498,,,,-5.0,"42,42","35,41",,,,,
ncaab:401486295,ncaab,2022-11-18T00:00Z,final,2670,221,VCU,Pitt,71,67,-187,152,,1,,,-4.0,-107,-112,,,,,2,,0,Brooklyn,NY,1,15,,,,-5.0,"30,41","24,43",-160,130,-2.5,-110,-120
ncaab:401486297,ncaab,2022-11-18T00:00Z,final,232,2166,Charleston,Davidson,89,66,-154,128,,0,,,-3.0,-110,-110,,,,,2,,0,Charleston,SC,1,6,,,,-5.0,"44,45","30,36",-140,114,-1.5,-105,-115
ncaab:401486322,ncaab,2022-11-18T00:00Z,final,2429,68,Charlotte,Boise St,54,42,202,-250,,1,,,5.5,-110,-110,,,,,2,,0,Conway,SC,1,10,,,,-5.0,"28,26","11,31",145,-177,2.5,-110,-115
ncaab:401486708,ncaab,2022-11-18T00:00Z,final,2603,399,Saint Joseph's,UAlbany,99,79,,,,0,,,,,,,,,,2,,0,Philadelphia,PA,1,12,,,,-5.0,"60,39","30,49",,,,,
ncaab:401486709,ncaab,2022-11-18T00:00Z,final,58,2046,South Florida,Austin Peay,60,62,-275,220,,0,,,-6.5,-110,-110,,,,,2,,0,Tampa,FL,1,1,,,,-5.0,"30,30","32,30",-235,185,-4.0,-115,-115
ncaab:401487330,ncaab,2022-11-18T00:00Z,final,225,2619,Brown,Stony Brook,64,53,-320,250,,0,,,-7.0,-110,-110,,,,,2,,0,Providence,RI,1,2,,,,-5.0,"30,34","31,22",-230,175,-3.5,-110,-110
ncaab:401489572,ncaab,2022-11-18T00:00Z,final,282,2449,Indiana St,N Dakota St,101,75,,,,0,,,,,,,,,,2,,0,Terre Haute,IN,1,152,,,,-5.0,"49,52","26,49",,,,,
ncaab:401489663,ncaab,2022-11-18T00:00Z,final,2430,119,UNC Greensboro,Towson,53,56,105,-125,,0,,,1.5,-110,-110,,,,,2,,0,Greensboro,NC,1,266,,,,-5.0,"33,20","20,36",-100,-125,0.5,-115,-114
ncaab:401489715,ncaab,2022-11-18T00:00Z,final,2226,2803,FAU,Bryant,85,74,,,,0,,,,,,,,,,2,,0,Boca Raton,FL,1,4,,,,-5.0,"37,48","35,39",,,,,
ncaab:401491223,ncaab,2022-11-18T00:00Z,final,2352,2689,Loyola MD,Wash Coll (MD),81,53,,,,0,,,,,,,,,,2,,0,Baltimore,MD,1,10,,,,-5.0,"41,40","23,30",,,,,
ncaab:401491877,ncaab,2022-11-18T00:00Z,final,193,276,Miami OH,Marshall,69,95,190,-245,,0,,,5.5,-110,-110,,,,,2,,0,Oxford,OH,1,283,,,,-5.0,"31,38","45,50",150,-187,3.0,-117,-112
ncaab:401492244,ncaab,2022-11-18T00:00Z,final,104,42,Boston U,Hartford,102,66,-1700,890,,0,,,-15.5,-110,-110,,,,,2,,0,Boston,MA,1,14,,,,-5.0,"55,47","32,34",-650,425,-9.0,-115,-115
ncaab:401492646,ncaab,2022-11-18T00:00Z,final,257,2724,Richmond,Wichita St,53,56,-200,164,,0,,,-4.5,-116,-105,,,,,2,,0,Richmond,VA,1,64,,,,-5.0,"19,34","28,28",-180,140,-2.0,-114,-111
ncaab:401493679,ncaab,2022-11-18T00:00Z,final,2750,190,Wright St,Defiance,99,56,,,,0,,,,,,,,,,2,,0,Dayton,OH,1,225,,,,-5.0,"49,50","33,23",,,,,
ncaab:401493782,ncaab,2022-11-18T00:00Z,final,2653,2771,Troy,Merrimack,73,54,-275,225,,1,,,-6.5,-115,-105,,,,,2,,0,Missoula,MT,1,978,,,,-7.0,"38,35","29,25",-220,165,-3.5,-115,-115
ncaab:401496876,ncaab,2022-11-18T00:00Z,final,96,2569,Kentucky,SC State,106,63,,,,0,,,,,,,,,,2,,0,Lexington,KY,1,295,,,,-5.0,"49,57","30,33",,,,,
ncaab:401482923,ncaab,2022-11-18T01:00Z,final,59,2459,Georgia Tech,N Illinois,68,50,-1000,600,,0,,,-13.5,-114,-107,,,,,2,,0,Atlanta,GA,1,320,,,,-5.0,"43,25","20,30",-450,331,-7.0,-120,-110
ncaab:401483301,ncaab,2022-11-18T01:00Z,final,2628,2433,TCU,UL Monroe,95,60,,,,0,,,,,,,,,,2,,0,Fort Worth,TX,1,199,,,,-6.0,"53,42","26,34",,,,,
ncaab:401485463,ncaab,2022-11-18T01:00Z,final,99,2443,LSU,LSU N Orleans,91,62,,,,0,,,,,,,,,,2,,0,Baton Rouge,LA,1,14,,,,-6.0,"47,44","25,37",,,,,
ncaab:401487299,ncaab,2022-11-18T01:00Z,final,2636,326,UTSA,Texas St,61,56,182,-222,,0,,,5.0,-114,-107,,,,,2,,0,San Antonio,TX,1,198,,,,-6.0,"31,30","27,29",137,-165,2.5,-110,-110
ncaab:401489079,ncaab,2022-11-18T01:00Z,final,357,292,Texas A&M-CC,UT Rio Grande,97,75,,,,0,,,,,,,,,,2,,0,Corpus Christi,TX,1,2,,,,-6.0,"47,50","38,37",,,,,
ncaab:401489577,ncaab,2022-11-18T01:00Z,final,2210,155,Elon,North Dakota,73,77,-280,230,,0,,,-6.5,-110,-110,,,,,2,,0,Elon,NC,1,215,,,,-5.0,"27,46","37,40",-215,175,-3.5,-113,-112
ncaab:401489629,ncaab,2022-11-18T01:00Z,final,2287,2466,Illinois St,N'Western St,67,70,,,,0,,,,,,,,,,2,,0,Normal,IL,1,244,,,,-6.0,"30,37","38,32",,,,,
ncaab:401492377,ncaab,2022-11-18T01:00Z,final,79,2634,S Illinois,Tennessee St,57,44,,,,0,,,,,,,,,,2,,0,Carbondale,IL,1,126,,,,-6.0,"36,21","27,17",,,,,
ncaab:401492631,ncaab,2022-11-18T01:00Z,final,309,2348,Louisiana,Louisiana Tech,94,88,-200,162,,0,,,-4.5,-110,-110,,,,,2,,0,Lafayette,LA,1,11,,,,-6.0,"35,59","42,46",-170,140,-2.5,-115,-115
ncaab:401493942,ncaab,2022-11-18T01:00Z,final,2010,2535,Alabama A&M,Samford,64,84,475,-700,,0,,,11.5,-110,-110,,,,,2,,0,Normal,AL,1,220,,,,-6.0,"29,35","40,44",252,-322,6.5,-110,-114
ncaab:401485141,ncaab,2022-11-18T01:30Z,final,156,27,Creighton,UC Riverside,80,51,-3000,1200,,0,,,-18.5,-110,-110,,,,,2,,0,Omaha,NE,1,323,,,,-6.0,"41,39","28,23",-948,574,-10.5,-111,-115
ncaab:401485143,ncaab,2022-11-18T01:30Z,final,269,112358,Marquette,Long Island,95,58,,,,0,,,,,,,,,,2,,0,Milwaukee,WI,1,188,,,,-6.0,"47,48","24,34",,,,,
ncaab:401490428,ncaab,2022-11-18T01:30Z,final,2635,2154,Tennessee Tech,Coppin St,85,90,160,-190,,0,,,4.5,-110,-110,,,,,2,,0,Cookeville,TN,1,334,,,,-6.0,"33,40,12","31,42,17",130,-155,1.5,-106,-120
ncaab:401483190,ncaab,2022-11-18T02:00Z,final,344,233,Mississippi St,South Dakota,79,42,-1499,850,,0,,,-14.5,-110,-110,,,,,2,,0,Starkville,MS,1,101,,,,-6.0,"38,41","15,27",-500,375,-8.5,-115,-110
ncaab:401483373,ncaab,2022-11-18T02:00Z,final,135,2117,Minnesota,C Michigan,68,60,,,,0,,,,,,,,,,2,,0,Minneapolis,MN,1,253,,,,-6.0,"31,37","26,34",,,,,
ncaab:401483482,ncaab,2022-11-18T02:00Z,final,254,2534,Utah,Sam Houston,55,65,-520,375,,0,,,-9.5,-110,-110,,,,,2,,0,Salt Lake City,UT,1,1299,,,,-7.0,"23,32","27,38",-302,240,-5.5,-115,-115
ncaab:401487278,ncaab,2022-11-18T02:00Z,final,2005,2501,Air Force,Portland,51,64,130,-155,,0,,,2.5,-110,-110,,,,,2,,0,Colorado Springs,CO,1,1832,,,,-7.0,"29,22","32,32",120,-145,1.5,-113,-115
ncaab:401489069,ncaab,2022-11-18T02:00Z,final,12,3101,Arizona,Utah Tech,104,77,-17241,3500,,0,,,-27.5,-110,-110,,,,,2,,0,Tucson,AZ,1,759,,,,-7.0,"49,55","21,56",-4000,1300,-15.5,-120,-110
ncaab:401486296,ncaab,2022-11-18T02:30Z,final,9,130,Arizona St,Michigan,87,62,270,-350,,1,,,7.5,-110,-110,,,,,2,,0,Brooklyn,NY,1,15,,,,-5.0,"46,41","28,34",186,-235,3.5,-110,-115
ncaab:401486323,ncaab,2022-11-18T02:30Z,final,202,2350,Tulsa,Loyola Chicago,85,66,255,-327,,1,,,7.5,-110,-110,,,,,2,,0,Conway,SC,1,10,,,,-5.0,"30,55","30,36",190,-230,4.5,-120,-102
ncaab:401489556,ncaab,2022-11-18T02:30Z,final,149,2900,Montana,St Thomas,78,59,,,,1,,,,,,,,,,2,,0,Houston,TX,1,12,,,,-6.0,"43,35","28,31",,,,,
ncaab:401487401,ncaab,2022-11-18T03:00Z,final,301,328,San Diego,Utah State,89,91,210,-275,,0,,,6.0,-110,-110,,,,,2,,0,San Diego,CA,1,20,,,,-8.0,"31,47,11","30,48,13",160,-195,3.5,-114,-110
ncaab:401494389,ncaab,2022-11-18T03:00Z,final,23,2275,San José St,Hofstra,76,85,130,-152,,0,,,2.5,-110,-110,,,,,2,,0,San Jose,CA,1,26,,,,-8.0,"41,35","31,54",105,-135,1.5,-115,-105
ncaab:401489482,ncaab,2022-11-18T04:00Z,final,264,2856,Washington,CA Baptist,64,73,,,,0,,,,,,,,,,2,,0,Seattle,WA,1,56,,,,-8.0,"26,38","33,40",,,,,
ncaab:401479941,ncaab,2022-11-18T10:00Z,final,56,2520,Stetson,Rider,78,68,128,-151,,1,,,3.0,-109,-111,,,,,2,,0,Dublin,Ireland,1,112,,,,-8.0,"37,41","27,41",114,-137,1.5,-114,-106
ncaab:401479942,ncaab,2022-11-18T16:00Z,final,315,2110,Niagara,C Arkansas,73,64,,,,1,,,,,,,,,,2,,0,Dublin,Ireland,1,112,,,,-8.0,"33,40","26,38",,,,,
ncaab:401485309,ncaab,2022-11-18T16:30Z,final,2739,2511,Green Bay,Queens,65,81,255,-322,,1,,,7.5,-107,-112,,,,,2,,0,Montego Bay,Jamaica,1,1,,,,-5.0,"35,30","34,47",190,-230,3.5,-107,-119
ncaab:401486298,ncaab,2022-11-18T17:00Z,final,259,213,Virginia Tech,Penn State,61,59,-160,132,,1,,,-3.0,-110,-110,,,,,2,,0,Charleston,SC,1,6,,,,-5.0,"37,24","29,30",-142,115,-1.5,-110,-114
ncaab:401486325,ncaab,2022-11-18T17:00Z,final,245,38,Texas A&M,Colorado,75,103,-260,210,,1,,,-6.5,-110,-110,,,,,2,,0,Conway,SC,1,10,,,,-5.0,"33,42","54,49",-210,168,-3.5,-108,-116
ncaab:401486440,ncaab,2022-11-18T18:00Z,final,2181,2084,Drake,Buffalo,80,72,-1077,636,,1,,,-13.0,-110,-110,,,,,2,,0,Saint Thomas,Virgin Islands,1,256,,,,-6.0,"33,47","40,32",-450,350,-7.5,-116,-109
ncaab:401483002,ncaab,2022-11-18T19:00Z,final,154,2325,Wake Forest,La Salle,75,63,-357,270,,1,,,-7.5,-110,-110,,,,,2,,0,Montego Bay,Jamaica,1,1,,,,-5.0,"35,40","33,30",-245,190,-3.5,-118,-105
ncaab:401488694,ncaab,2022-11-18T19:00Z,final,2378,322,UMBC,Lafayette,71,63,-120,-100,,0,,,-1.5,-110,-110,,,,,2,,0,Baltimore,MD,1,10,,,,-5.0,"23,48","24,39",-117,-107,-0.5,-115,-111
ncaab:401486299,ncaab,2022-11-18T19:30Z,final,295,231,Old Dominion,Furman,82,77,305,-405,,1,,,8.0,-110,-110,,,,,2,,0,Charleston,SC,1,6,,,,-5.0,"34,48","27,50",210,-265,4.5,-112,-113
ncaab:401486326,ncaab,2022-11-18T19:30Z,final,93,113,Murray St,UMass,69,71,,,,1,,,,,,,,,,2,,0,Conway,SC,1,10,,,,-5.0,"36,33","33,38",,,,,
ncaab:401488682,ncaab,2022-11-18T20:00Z,final,2815,2320,Lindenwood,Lamar,71,73,-105,-115,,1,,,1.0,-110,-110,,,,,2,,0,Lake Charles,LA,1,4,,,,-6.0,"39,32","33,40",-110,-115,-0.5,-105,-125
ncaab:401494590,ncaab,2022-11-18T20:00Z,final,16,3185,Sacramento St,UC Merced,58,43,,,,0,,,,,,,,,,2,,0,Sacramento,CA,1,9,,,,-8.0,"26,32","16,27",,,,,
ncaab:401486441,ncaab,2022-11-18T20:15Z,final,2751,47,Wyoming,Howard,78,71,-1048,650,,1,,,-13.5,-110,-110,,,,,2,,0,Saint Thomas,Virgin Islands,1,256,,,,-6.0,"32,46","38,33",-450,325,-7.5,-114,-106
ncaab:401488634,ncaab,2022-11-18T21:00Z,final,338,2545,Kennesaw St,SE Louisiana,72,68,,,,1,,,,,,,,,,2,,0,Boone,NC,1,981,,,,-5.0,"46,26","34,34",,,,,
ncaab:401492442,ncaab,2022-11-18T21:00Z,final,2514,440,Quinnipiac,Albertus,86,68,,,,0,,,,,,,,,,2,,0,Hamden,CT,1,31,,,,-5.0,"47,39","35,33",,,,,
ncaab:401485144,ncaab,2022-11-18T21:30Z,final,46,2351,Georgetown,LMU,66,84,,,,1,,,,,,,,,,2,,0,Montego Bay,Jamaica,1,1,,,,-5.0,"42,24","32,52",,,,,
ncaab:401483414,ncaab,2022-11-18T22:00Z,final,164,218,Rutgers,Temple,66,72,-207,171,,1,,,-4.5,-112,-107,,,,,2,,0,Uncasville,CT,1,19,,,,-5.0,"23,43","38,34",-172,140,-2.5,-105,-115
ncaab:401485028,ncaab,2022-11-18T22:00Z,final,2344,2678,Longwood,VMI,90,58,-899,600,,0,,,-13.5,-105,-115,,,,,2,,0,Farmville,VA,1,90,,,,-5.0,"46,44","27,31",-425,320,-7.5,-114,-110
ncaab:401486300,ncaab,2022-11-18T22:00Z,final,232,36,Charleston,Colorado St,74,64,-103,-116,,0,,,1.5,-110,-110,,,,,2,,0,Charleston,SC,1,6,,,,-5.0,"37,37","27,37",-120,-110,0.5,-114,-105
ncaab:401488676,ncaab,2022-11-18T22:30Z,final,2377,2717,McNeese,W Carolina,69,88,,,,0,,,,,,,,,,2,,0,Lake Charles,LA,1,4,,,,-6.0,"30,39","41,47",,,,,
ncaab:401486442,ncaab,2022-11-18T22:45Z,final,2057,2627,Belmont,Tarleton St,81,89,-195,160,,1,,,-4.5,-110,-110,,,,,2,,0,Saint Thomas,Virgin Islands,1,256,,,,-6.0,"31,50","44,45",-167,140,-2.5,-108,-117
ncaab:401479700,ncaab,2022-11-18T23:00Z,final,2752,84,Xavier,Indiana,79,81,110,-132,,0,,,2.0,-107,-112,,,,,2,,0,Cincinnati,OH,1,191,,,,-5.0,"40,39","38,43",110,-130,1.0,-108,-117
ncaab:401487619,ncaab,2022-11-18T23:00Z,final,2184,2142,Duquesne,Colgate,85,80,100,-120,,1,,,1.0,-110,-110,,,,,2,,0,Akron,OH,1,291,,,,-5.0,"48,37","34,46",-105,-115,0.5,-125,-102
ncaab:401488645,ncaab,2022-11-18T23:00Z,final,2247,2198,Georgia St,E Kentucky,61,62,,,,0,,,,,,,,,,2,,0,Atlanta,GA,1,320,,,,-5.0,"43,18","28,34",,,,,
ncaab:401491821,ncaab,2022-11-18T23:00Z,final,2182,407,Drexel,Arcadia,85,45,,,,0,,,,,,,,,,2,,0,Philadelphia,PA,1,12,,,,-5.0,"39,46","22,23",,,,,
ncaab:401482900,ncaab,2022-11-19T00:00Z,final,228,91,Clemson,Bellarmine,76,66,-765,525,,0,,,-11.5,-110,-110,,,,,2,,0,Clemson,SC,1,221,,,,-5.0,"33,43","28,38",-370,290,-6.5,-115,-111
ncaab:401482909,ncaab,2022-11-19T00:00Z,final,150,48,Duke,Delaware,92,58,-5654,1600,,0,,,-24.0,-110,-110,,,,,2,,0,Durham,NC,1,123,,,,-5.0,"42,50","36,22",-2500,1100,-13.5,-106,-114
ncaab:401482958,ncaab,2022-11-19T00:00Z,final,87,288,Notre Dame,Lipscomb,66,65,-900,590,,0,,,-12.0,-110,-110,,,,,2,,0,South Bend,IN,1,211,,,,-5.0,"29,37","23,42",-450,320,-7.0,-120,-110
ncaab:401482986,ncaab,2022-11-19T00:00Z,final,239,258,Baylor,Virginia,79,86,,,,1,,,,,,,,,,2,,0,Las Vegas,NV,1,610,,,,-8.0,"33,46","30,56",,,,,
ncaab:401483052,ncaab,2022-11-19T00:00Z,final,61,2083,Georgia,Bucknell,65,61,-900,600,,0,,,-12.5,-110,-110,,,,,2,,0,Athens,GA,1,228,,,,-5.0,"30,35","30,31",-425,310,-6.5,-120,-105
ncaab:401483250,ncaab,2022-11-19T00:00Z,final,238,2413,Vanderbilt,Morehead St,76,43,-899,600,,0,,,-12.5,-110,-110,,,,,2,,0,Nashville,TN,1,170,,,,-6.0,"38,38","13,30",-437,321,-7.0,-115,-115
ncaab:401483330,ncaab,2022-11-19T00:00Z,final,277,219,West Virginia,Penn,92,58,-1600,900,,0,,,-16.5,-110,-110,,,,,2,,0,Morgantown,WV,1,271,,,,-5.0,"52,40","31,27",-612,422,-9.0,-117,-107
ncaab:401485308,ncaab,2022-11-19T00:00Z,final,2335,2572,Liberty,Southern Miss,72,76,-750,525,,0,,,-11.5,-105,-115,,,,,2,,0,Lynchburg,VA,1,192,,,,-5.0,"22,50","39,37",-375,285,-7.0,-108,-117
ncaab:401486327,ncaab,2022-11-19T00:00Z,final,202,2429,Tulsa,Charlotte,65,68,120,-142,,1,,,2.5,-110,-110,,,,,2,,0,Conway,SC,1,10,,,,-5.0,"27,38","40,28",107,-132,0.5,-106,-120
ncaab:401486358,ncaab,2022-11-19T00:00Z,final,197,2116,Oklahoma St,UCF,56,60,,,,1,,,,,,,,,,2,,0,Nassau,Bahamas,1,8,,,,-5.0,"28,24,4","17,35,8",,,,,
ncaab:401486420,ncaab,2022-11-19T00:00Z,final,2415,3084,Morgan St,Utah Valley,73,72,390,-530,,1,,,9.5,-110,-110,,,,,2,,0,Montego Bay,Jamaica,1,1,,,,-5.0,"35,33,5","32,36,4",230,-290,5.5,-119,-110
ncaab:401487106,ncaab,2022-11-19T00:00Z,final,242,290,Rice,GA Southern,88,71,,,,0,,,,,,,,,,2,,0,Houston,TX,1,12,,,,-6.0,"47,41","48,23",,,,,
ncaab:401487646,ncaab,2022-11-19T00:00Z,final,45,2379,G Washington,MD Eastern,69,64,,,,0,,,,,,,,,,2,,0,Washington,DC,1,7,,,,-5.0,"31,38","21,43",,,,,
ncaab:401487714,ncaab,2022-11-19T00:00Z,final,2426,28,Navy,UC San Diego,78,69,-250,205,,0,,,-5.5,-110,-110,,,,,2,,0,Annapolis,MD,1,12,,,,-5.0,"28,30,20","23,35,11",-205,170,-3.0,-117,-108
ncaab:401488629,ncaab,2022-11-19T00:00Z,final,2026,2097,App State,Campbell,58,63,,,,0,,,,,,,,,,2,,0,Boone,NC,1,981,,,,-5.0,"24,34","29,34",,,,,
ncaab:401488690,ncaab,2022-11-19T00:00Z,final,2747,2241,Wofford,Gardner-Webb,60,58,-160,134,,0,,,-3.5,-105,-115,,,,,2,,0,Spartanburg,SC,1,246,,,,-5.0,"23,37","29,29",-150,125,-1.5,-105,-115
ncaab:401488795,ncaab,2022-11-19T00:00Z,final,325,2029,Cleveland St,AR-Pine Bluff,67,58,,,,0,,,,,,,,,,2,,0,Cleveland,OH,1,199,,,,-5.0,"35,32","24,34",,,,,
ncaab:401489563,ncaab,2022-11-19T00:00Z,final,2900,2653,St Thomas,Troy,78,76,,,,1,,,,,,,,,,2,,0,Missoula,MT,1,978,,,,-7.0,"36,42","38,38",,,,,
ncaab:401490511,ncaab,2022-11-19T00:00Z,final,172,175,Cornell,Ithaca,83,61,,,,0,,,,,,,,,,2,,0,Ithaca,NY,1,125,,,,-5.0,"38,45","24,37",,,,,
ncaab:401491662,ncaab,2022-11-19T00:00Z,final,311,171,Maine,Columbia,93,70,-192,160,,0,,,-4.5,-105,-115,,,,,2,,0,Orono,ME,1,38,,,,-5.0,"45,48","32,38",-172,142,-2.0,-116,-109
ncaab:401492373,ncaab,2022-11-19T00:00Z,final,2363,329,Manhattan,Mt St Vincent,86,39,,,,0,,,,,,,,,,2,,0,Riverdale,NY,1,159,,,,-8.0,"56,30","20,19",,,,,
ncaab:401492432,ncaab,2022-11-19T00:00Z,final,2681,2217,Wagner,Fairfield,68,52,105,-125,,0,,,1.5,-110,-110,,,,,2,,0,Staten Island,NY,1,21,,,,-5.0,"37,31","23,29",110,-135,1.0,-107,-117
ncaab:401483209,ncaab,2022-11-19T00:30Z,final,145,2630,Ole Miss,UT Martin,72,68,,,,0,,,,,,,,,,2,,0,Oxford,MS,1,154,,,,-6.0,"32,40","39,29",,,,,
ncaab:401486301,ncaab,2022-11-19T00:30Z,final,2166,2579,Davidson,South Carolina,69,60,-133,111,,1,,,-2.5,-107,-112,,,,,2,,0,Charleston,SC,1,6,,,,-5.0,"25,44","29,31",-129,-100,-0.5,-114,-110
ncaab:401487519,ncaab,2022-11-19T00:30Z,final,2565,161,SIUE,FDU,79,78,,,,1,,,,,,,,,,2,,0,Farmville,VA,1,90,,,,-5.0,"34,45","36,42",,,,,
ncaab:401488787,ncaab,2022-11-19T00:30Z,final,2908,324,SC Upstate,Coastal,79,78,160,-190,,0,,,4.5,-110,-110,,,,,2,,0,Spartanburg,SC,1,246,,,,-5.0,"43,36","35,43",135,-160,2.5,-116,-109
ncaab:401491689,ncaab,2022-11-19T00:30Z,final,147,2952,Montana St,Warner Pacific,106,64,,,,0,,,,,,,,,,2,,0,Bozeman,MT,1,1468,,,,-7.0,"46,60","34,30",,,,,
ncaab:401486397,ncaab,2022-11-19T00:40Z,final,314,261,Iona,Vermont,71,50,-150,130,,1,,,-3.0,-110,-110,,,,,2,,0,Uncasville,CT,1,19,,,,-5.0,"37,34","28,22",-145,120,-1.5,-106,-120
ncaab:401479701,ncaab,2022-11-19T01:00Z,final,127,222,Michigan St,Villanova,73,71,-290,230,,0,,,-7.0,-110,-110,,,,,2,,0,East Lansing,MI,1,261,,,,-5.0,"34,39","24,47",-212,175,-3.5,-115,-115
ncaab:401482917,ncaab,2022-11-19T01:00Z,final,52,57,Florida St,Florida,67,76,242,-307,,0,,,7.0,-110,-110,,,,,2,,0,Tallahassee,FL,1,62,,,,-5.0,"43,24","26,50",170,-210,3.5,-107,-120
ncaab:401483042,ncaab,2022-11-19T01:00Z,final,2,2640,Auburn,Texas Southern,72,56,-6996,1895,,0,,,-24.5,-110,-110,,,,,2,,0,Auburn,AL,1,215,,,,-6.0,"29,43","27,29",-2049,1000,-14.0,-114,-110
ncaab:401483277,ncaab,2022-11-19T01:00Z,final,2305,253,Kansas,Southern Utah,82,76,-4000,1448,,0,,,-21.5,-110,-110,,,,,2,,0,Lawrence,KS,1,263,,,,-6.0,"41,41","39,37",-1649,874,-13.0,-112,-112
ncaab:401483293,ncaab,2022-11-19T01:00Z,final,201,6,Oklahoma,South Alabama,64,60,-720,487,,0,,,-11.5,-110,-110,,,,,2,,0,Norman,OK,1,357,,,,-6.0,"30,34","33,27",-350,270,-6.5,-115,-110
ncaab:401483385,ncaab,2022-11-19T01:00Z,final,77,2870,Northwestern,Purdue FW,60,52,-700,475,,0,,,-11.5,-110,-110,,,,,2,,0,Evanston,IL,1,187,,,,-6.0,"31,29","24,28",-360,280,-6.5,-120,-110
ncaab:401487321,ncaab,2022-11-19T01:00Z,final,250,2440,UT Arlington,Nevada,43,62,,,,0,,,,,,,,,,2,,0,Arlington,TX,1,184,,,,-6.0,"18,25","26,36",,,,,
ncaab:401488144,ncaab,2022-11-19T01:00Z,final,2464,2540,N Arizona,Santa Barbara,63,54,340,-450,,0,,,9.0,-110,-110,,,,,2,,0,Flagstaff,AZ,1,2104,,,,-7.0,"26,37","19,35",230,-280,4.5,-107,-117
ncaab:401488221,ncaab,2022-11-19T01:00Z,final,2277,2711,Hou Christian,W Michigan,84,90,,,,0,,,,,,,,,,2,,0,Houston,TX,1,12,,,,-6.0,"39,45","41,49",,,,,
ncaab:401493721,ncaab,2022-11-19T01:00Z,final,2400,2453,Miss Valley St,North Alabama,76,68,,,,0,,,,,,,,,,2,,0,Itta Bena,MS,1,40,,,,-6.0,"31,45","33,35",,,,,
ncaab:401493816,ncaab,2022-11-19T01:00Z,final,88,263,S Indiana,Loras,87,55,,,,0,,,,,,,,,,2,,0,Evansville,IN,1,118,,,,-6.0,"37,50","20,35",,,,,
ncaab:401501999,ncaab,2022-11-19T01:00Z,void,2011,3117,Alabama St,Carver,,,,,,0,,,,,,,,,,2,,0,Montgomery,AL,1,73,,,,-6.0,,,,,,,
ncaab:401482892,ncaab,2022-11-19T01:30Z,final,2244,103,George Mason,Boston College,56,71,-160,132,,1,,,-2.5,-110,-110,,,,,2,,0,Saint Thomas,Virgin Islands,1,256,,,,-6.0,"21,35","47,24",-140,110,-1.5,-108,-112
ncaab:401485145,ncaab,2022-11-19T01:30Z,final,41,350,UConn,UNC Wilmington,86,50,,,,0,,,,,,,,,,2,,0,Storrs,CT,1,187,,,,-5.0,"40,46","28,22",,,,,
ncaab:401488670,ncaab,2022-11-19T01:30Z,final,2837,2427,East Texas A&M,UNC Asheville,64,72,330,-430,,1,,,8.5,-110,-110,,,,,2,,0,Atlanta,GA,1,320,,,,-5.0,"21,43","34,38",222,-275,5.0,-120,-110
ncaab:401483445,ncaab,2022-11-19T02:00Z,final,25,2582,California,Southern,66,74,-185,155,,0,,,-4.5,-110,-110,,,,,2,,0,Berkeley,CA,1,52,,,,-8.0,"26,40","38,36",-165,135,-2.0,-120,-110
ncaab:401488201,ncaab,2022-11-19T02:00Z,final,302,2032,UC Davis,Arkansas St,75,60,-355,280,,0,,,-7.5,-110,-110,,,,,2,,0,Davis,CA,1,16,,,,-8.0,"31,44","25,35",-250,195,-4.0,-115,-111
ncaab:401488382,ncaab,2022-11-19T02:00Z,final,333,55,Alabama,Jax State,104,62,,,,0,,,,,,,,,,2,,0,Tuscaloosa,AL,1,68,,,,-6.0,"51,53","39,23",,,,,
ncaab:401489110,ncaab,2022-11-19T02:00Z,final,2253,2755,Grand Canyon,Grambling,81,48,-1100,680,,0,,,-13.5,-110,-110,,,,,2,,0,Phoenix,AZ,1,331,,,,-7.0,"42,39","15,33",-457,344,-8.0,-110,-115
ncaab:401489590,ncaab,2022-11-19T02:00Z,final,304,2172,Idaho St,Denver,69,70,-170,145,,0,,,-3.5,-110,-110,,,,,2,,0,Pocatello,ID,1,1360,,,,-7.0,"28,41","30,40",-145,117,-1.5,-110,-120
ncaab:401486337,ncaab,2022-11-19T02:30Z,final,2350,68,Loyola Chicago,Boise St,48,70,-125,105,,1,,,-1.5,-110,-110,,,,,2,,0,Conway,SC,1,10,,,,-5.0,"26,22","31,39",-120,-105,0.5,-125,-105
ncaab:401491682,ncaab,2022-11-19T02:30Z,final,149,2771,Montana,Merrimack,62,51,-650,450,,0,,,-10.5,-110,-110,,,,,2,,0,Missoula,MT,1,978,,,,-7.0,"25,37","25,26",-342,270,-6.0,-115,-110
ncaab:401485146,ncaab,2022-11-19T02:50Z,final,305,2541,DePaul,Santa Clara,61,69,,,,1,,,,,,,,,,2,,0,Nassau,Bahamas,1,8,,,,-5.0,"28,33","43,26",,,,,
ncaab:401483340,ncaab,2022-11-19T02:52Z,final,26,356,UCLA,Illinois,70,79,,,,1,,,,,,,,,,2,,0,Las Vegas,NV,1,610,,,,-8.0,"37,33","28,51",,,,,
ncaab:401487391,ncaab,2022-11-19T03:00Z,final,2439,2272,UNLV,High Point,78,68,-774,529,,0,,,-12.0,-112,-107,,,,,2,,0,Las Vegas,NV,1,610,,,,-8.0,"33,45","36,32",-375,280,-6.5,-120,-106
ncaab:401489037,ncaab,2022-11-19T03:00Z,final,279,2239,Pacific,Fullerton,91,94,-170,140,,0,,,-3.5,-110,-110,,,,,2,,0,Stockton,CA,1,4,,,,-8.0,"27,43,11,10","33,37,11,13",-150,125,-1.5,-110,-110
ncaab:401483473,ncaab,2022-11-19T04:00Z,final,30,116,USC,Mount St Marys,83,74,-2000,1000,,0,,,-16.0,-105,-115,,,,,2,,0,Los Angeles,CA,1,89,,,,-8.0,"32,51","28,46",-587,417,-9.0,-115,-115
ncaab:401485022,ncaab,2022-11-19T04:00Z,final,24,13,Stanford,Cal Poly,80,43,-1600,850,,0,,,-14.5,-110,-110,,,,,2,,0,Stanford,CA,1,23,,,,-8.0,"47,33","19,24",-520,380,-8.5,-109,-116
ncaab:401479943,ncaab,2022-11-19T11:00Z,final,2110,2520,C Arkansas,Rider,90,85,,,,1,,,,,,,,,,2,,0,Dublin,Ireland,1,112,,,,-8.0,"41,49","39,46",,,,,
ncaab:401479944,ncaab,2022-11-19T17:00Z,final,56,315,Stetson,Niagara,62,66,,,,1,,,,,,,,,,2,,0,Dublin,Ireland,1,112,,,,-8.0,"29,33","31,35",,,,,
ncaab:401487489,ncaab,2022-11-19T17:00Z,final,322,2115,Lafayette,C Connecticut,55,50,,,,1,,,,,,,,,,2,,0,Baltimore,MD,1,10,,,,-5.0,"31,24","17,33",,,,,
ncaab:401488679,ncaab,2022-11-19T17:00Z,final,2320,2717,Lamar,W Carolina,91,98,,,,1,,,,,,,,,,2,,0,Lake Charles,LA,1,4,,,,-6.0,"43,42,6","42,43,13",,,,,
ncaab:401493503,ncaab,2022-11-19T17:00Z,final,85,2233,IU Indy,Franklin,59,45,,,,0,,,,,,,,,,2,,0,Indianapolis,IN,1,218,,,,-5.0,"22,37","19,26",,,,,
ncaab:401482941,ncaab,2022-11-19T18:00Z,final,152,2210,NC State,Elon,74,63,,,,0,,,,,,,,,,2,,0,Raleigh,NC,1,96,,,,-5.0,"37,37","27,36",,,,,
ncaab:401483360,ncaab,2022-11-19T18:00Z,final,120,139,Maryland,Saint Louis,95,67,,,,1,,,,,,,,,,2,,0,Uncasville,CT,1,19,,,,-5.0,"51,44","27,40",,,,,
ncaab:401487614,ncaab,2022-11-19T18:00Z,final,2168,2523,Dayton,Robert Morris,60,51,-4500,1548,,0,,,-20.5,-115,-105,,,,,2,,0,Dayton,OH,1,225,,,,-5.0,"30,30","21,30",-1300,750,-11.5,-104,-118
ncaab:401486292,ncaab,2022-11-19T19:00Z,final,179,189,St Bonaventure,Bowling Green,81,68,,,,0,,,,,,,,,,2,,0,Saint Bonaventure,NY,1,435,,,,-5.0,"33,48","26,42",,,,,
ncaab:401488813,ncaab,2022-11-19T19:00Z,final,2309,2130,Kent State,Chicago St,88,59,-4000,1500,,0,,,-20.5,-110,-110,,,,,2,,0,Kent,OH,1,325,,,,-5.0,"56,32","28,31",-1148,700,-12.0,-120,-110
ncaab:401489646,ncaab,2022-11-19T19:00Z,final,2382,2737,Mercer,Winthrop,77,68,-165,140,,0,,,-3.5,-110,-110,,,,,2,,0,Macon,GA,1,112,,,,-5.0,"40,37","31,37",-160,130,-2.0,-115,-115
ncaab:401491651,ncaab,2022-11-19T19:00Z,final,2066,2529,Binghamton,Sacred Heart,60,75,-197,165,,0,,,-4.5,-110,-110,,,,,2,,0,Binghamton,NY,1,264,,,,-5.0,"24,36","29,46",-180,145,-2.5,-115,-115
ncaab:401492296,ncaab,2022-11-19T19:00Z,final,236,2157,Chattanooga,Covenant,108,55,,,,0,,,,,,,,,,2,,0,Chattanooga,TN,1,206,,,,-5.0,"61,47","14,41",,,,,
ncaab:401493707,ncaab,2022-11-19T19:00Z,final,2050,2288,Ball State,IU South Bend,86,72,,,,0,,,,,,,,,,2,,0,Muncie,IN,1,284,,,,-5.0,"41,45","34,38",,,,,
ncaab:401498233,ncaab,2022-11-19T19:00Z,final,2597,2612,St Francis BK,Saint Peter's,61,58,,,,0,,,,,,,,,,2,,0,Brooklyn,NY,1,15,,,,-5.0,"35,26","38,20",,,,,
ncaab:401499591,ncaab,2022-11-19T19:00Z,final,42,538,Hartford,Houghton,98,32,,,,0,,,,,,,,,,2,,0,West Hartford,CT,1,40,,,,-5.0,"58,40","16,16",,,,,
ncaab:401488677,ncaab,2022-11-19T19:30Z,final,2377,2815,McNeese,Lindenwood,60,78,-325,250,,0,,,-7.0,-110,-110,,,,,2,,0,Lake Charles,LA,1,4,,,,-6.0,"27,33","35,43",-255,205,-4.5,-115,-115
ncaab:401488646,ncaab,2022-11-19T20:00Z,final,2247,2837,Georgia St,East Texas A&M,57,53,-442,350,,0,,,-8.5,-110,-110,,,,,2,,0,Atlanta,GA,1,320,,,,-5.0,"30,27","23,30",-325,230,-5.5,-115,-115
ncaab:401488726,ncaab,2022-11-19T20:00Z,final,2567,339,SMU,Evansville,55,47,,,,0,,,,,,,,,,2,,0,Dallas,TX,1,128,,,,-6.0,"17,38","21,26",,,,,
ncaab:401489753,ncaab,2022-11-19T20:00Z,final,2623,2393,Missouri St,MTSU,75,51,,,,0,,,,,,,,,,2,,0,Springfield,MO,1,396,,,,-6.0,"41,34","22,29",,,,,
ncaab:401493666,ncaab,2022-11-19T20:00Z,final,2473,2199,Oakland,E Michigan,92,90,,,,0,,,,,,,,,,2,,0,Rochester,MI,1,229,,,,-5.0,"45,37,10","36,46,8",,,,,
ncaab:401486444,ncaab,2022-11-19T20:15Z,final,47,2084,Howard,Buffalo,63,59,170,-200,,1,,,4.5,-110,-110,,,,,2,,0,Saint Thomas,Virgin Islands,1,256,,,,-6.0,"24,39","29,30",140,-165,2.5,-117,-108
ncaab:401482932,ncaab,2022-11-19T21:00Z,final,2507,2390,Providence,Miami,64,74,,,,1,,,,,,,,,,2,,0,Uncasville,CT,1,19,,,,-5.0,"26,38","38,36",,,,,
ncaab:401488632,ncaab,2022-11-19T21:00Z,final,2545,2097,SE Louisiana,Campbell,70,69,,,,1,,,,,,,,,,2,,0,Boone,NC,1,981,,,,-5.0,"22,48","30,39",,,,,
ncaab:401488698,ncaab,2022-11-19T21:00Z,final,2729,349,William & Mary,Army,76,67,105,-125,,0,,,1.5,-110,-110,,,,,2,,0,Williamsburg,VA,1,25,,,,-5.0,"36,40","38,29",-115,-115,0.5,-125,-105
ncaab:401489006,ncaab,2022-11-19T21:00Z,final,71,2546,Bradley,SE Missouri,73,60,,,,0,,,,,,,,,,2,,0,Peoria,IL,1,153,,,,-6.0,"42,31","36,24",,,,,
ncaab:401490525,ncaab,2022-11-19T21:00Z,final,2885,44,NJIT,American,53,58,,,,0,,,,,,,,,,2,,0,Newark,NJ,1,9,,,,-5.0,"19,34","24,34",,,,,
ncaab:401493493,ncaab,2022-11-19T21:00Z,final,2458,23,N Colorado,San José St,69,80,-225,180,,0,,,-5.0,-110,-110,,,,,2,,0,Greeley,CO,1,1425,,,,-7.0,"41,28","41,39",-200,160,-2.5,-110,-110
ncaab:401482976,ncaab,2022-11-19T22:00Z,final,183,111,Syracuse,Northeastern,76,48,-1600,860,,0,,,-15.5,-110,-110,,,,,2,,0,Syracuse,NY,1,121,,,,-5.0,"39,37","25,23",-550,400,-8.5,-112,-110
ncaab:401487520,ncaab,2022-11-19T22:00Z,final,2344,161,Longwood,FDU,99,83,,,,0,,,,,,,,,,2,,0,Farmville,VA,1,90,,,,-5.0,"47,52","37,46",,,,,
ncaab:401487629,ncaab,2022-11-19T22:00Z,final,2230,82,Fordham,UIC,79,65,-342,265,,0,,,-7.5,-110,-110,,,,,2,,0,Bronx,NY,1,28,,,,-5.0,"33,46","40,25",-240,190,-4.5,-115,-115
ncaab:401488692,ncaab,2022-11-19T22:00Z,final,2241,2448,Gardner-Webb,NC A&T,66,64,,,,1,,,,,,,,,,2,,0,Spartanburg,SC,1,246,,,,-5.0,"21,45","30,34",,,,,
ncaab:401488990,ncaab,2022-11-19T22:00Z,final,70,3101,Idaho,Utah Tech,71,81,150,-180,,0,,,4.0,-110,-110,,,,,2,,0,Moscow,ID,1,786,,,,-8.0,"36,35","46,35",124,-150,2.0,-113,-112
ncaab:401489693,ncaab,2022-11-19T22:00Z,final,2349,108842,UMass Lowell,Emerson,105,53,,,,0,,,,,,,,,,2,,0,Lowell,MA,1,36,,,,-5.0,"41,64","37,16",,,,,
ncaab:401491803,ncaab,2022-11-19T22:00Z,final,62,2269,Hawai'i,HI Pacific,79,55,,,,1,,,,,,,,,,2,,0,Laie,HI,1,3,,,,-10.0,"43,36","23,32",,,,,
ncaab:401496879,ncaab,2022-11-19T22:00Z,final,2454,2569,North Florida,SC State,72,66,,,,0,,,,,,,,,,2,,0,Jacksonville,FL,1,5,,,,-5.0,"28,44","32,34",,,,,
ncaab:401488648,ncaab,2022-11-19T22:30Z,final,2427,2198,UNC Asheville,E Kentucky,75,77,,,,1,,,,,,,,,,2,,0,Atlanta,GA,1,320,,,,-5.0,"30,45","43,34",,,,,
ncaab:401486443,ncaab,2022-11-19T22:45Z,final,2244,2057,George Mason,Belmont,62,66,-160,135,,1,,,-3.5,-110,-110,,,,,2,,0,Saint Thomas,Virgin Islands,1,256,,,,-6.0,"26,36","30,36",-140,120,-1.5,-105,-115
ncaab:401485472,ncaab,2022-11-19T23:00Z,final,2010,2450,Alabama A&M,Norfolk St,83,89,,,,1,,,,,,,,,,2,,0,Atlanta,GA,1,320,,,,-5.0,"38,45","42,47",,,,,
ncaab:401487107,ncaab,2022-11-19T23:00Z,final,242,2711,Rice,W Michigan,96,88,,,,0,,,,,,,,,,2,,0,Houston,TX,1,12,,,,-6.0,"41,55","41,47",,,,,
ncaab:401487715,ncaab,2022-11-19T23:00Z,final,28,2754,UC San Diego,Youngstown St,54,73,240,-307,,1,,,7.5,-110,-110,,,,,2,,0,Annapolis,MD,1,12,,,,-5.0,"37,17","32,41",182,-227,3.5,-115,-114
ncaab:401489716,ncaab,2022-11-19T23:00Z,final,2226,2174,FAU,Detroit Mercy,76,55,,,,0,,,,,,,,,,2,,0,Boca Raton,FL,1,4,,,,-5.0,"42,34","20,35",,,,,
ncaab:401490420,ncaab,2022-11-19T23:00Z,final,249,278,North Texas,Fresno St,61,52,-290,227,,0,,,-6.5,-110,-110,,,,,2,,0,Denton,TX,1,201,,,,-6.0,"31,30","28,24",-205,165,-3.5,-115,-115
ncaab:401485147,ncaab,2022-11-20T00:00Z,final,2086,2643,Butler,The Citadel,89,42,-3977,1300,,0,,,-17.5,-110,-110,,,,,2,,0,Indianapolis,IN,1,218,,,,-5.0,"53,36","22,20",-780,529,-10.0,-115,-115
ncaab:401487355,ncaab,2022-11-20T00:00Z,void,167,166,New Mexico,New Mexico St,,,-300,240,,0,,,-6.5,-105,-115,,,,,2,,0,Albuquerque,NM,1,1511,,,,-7.0,,,-212,167,-3.5,-114,-110
ncaab:401488211,ncaab,2022-11-20T00:00Z,final,299,3249,Long Beach St,St Katherine,84,55,,,,0,,,,,,,,,,2,,0,Long Beach,CA,1,9,,,,-8.0,"36,48","13,42",,,,,
ncaab:401488630,ncaab,2022-11-20T00:00Z,final,2026,338,App State,Kennesaw St,67,71,,,,0,,,,,,,,,,2,,0,Boone,NC,1,981,,,,-5.0,"28,39","28,43",,,,,
ncaab:401489564,ncaab,2022-11-20T00:00Z,final,2771,2900,Merrimack,St Thomas,61,72,,,,1,,,,,,,,,,2,,0,Missoula,MT,1,978,,,,-7.0,"34,27","37,35",,,,,
ncaab:401490429,ncaab,2022-11-20T00:00Z,final,276,2154,Marshall,Coppin St,86,67,-750,525,,0,,,-11.5,-110,-110,,,,,2,,0,Huntington,WV,1,173,,,,-5.0,"47,39","32,35",-375,285,-6.5,-115,-115
ncaab:401491657,ncaab,2022-11-20T00:00Z,final,2229,2803,FIU,Bryant,85,91,,,,0,,,,,,,,,,2,,0,Miami,FL,1,2,,,,-5.0,"51,34","43,48",,,,,
ncaab:401492370,ncaab,2022-11-20T00:00Z,final,2368,163,Marist,Princeton,55,62,240,-300,,0,,,6.5,-115,-105,,,,,2,,0,Poughkeepsie,NY,1,62,,,,-5.0,"19,36","36,26",175,-215,3.5,-115,-107
ncaab:401493500,ncaab,2022-11-20T00:00Z,final,27,2475,UC Riverside,Occidental,106,30,,,,0,,,,,,,,,,2,,0,Riverside,CA,1,252,,,,-8.0,"52,54","19,11",,,,,
ncaab:401494050,ncaab,2022-11-20T00:00Z,final,2571,2617,S Dakota St,SF Austin,82,93,,,,0,,,,,,,,,,2,,0,Brookings,SD,1,494,,,,-6.0,"41,41","44,49",,,,,
ncaab:401491261,ncaab,2022-11-20T00:30Z,final,107,284,Holy Cross,Stonehill,79,81,-130,110,,1,,,-1.5,-110,-110,,,,,2,,0,Bronx,NY,1,28,,,,-5.0,"34,45","33,48",-135,105,-1.0,-115,-115
ncaab:401485029,ncaab,2022-11-20T00:45Z,final,2678,2565,VMI,SIUE,67,93,,,,1,,,,,,,,,,2,,0,Farmville,VA,1,90,,,,-5.0,"27,40","46,47",,,,,
ncaab:401488193,ncaab,2022-11-20T01:00Z,final,2492,300,Pepperdine,UC Irvine,64,55,-155,130,,0,,,-2.5,-110,-110,,,,,2,,0,Malibu,CA,1,32,,,,-8.0,"29,35","30,25",-150,120,-1.5,-114,-106
ncaab:401488219,ncaab,2022-11-20T01:00Z,final,2277,290,Hou Christian,GA Southern,77,84,,,,0,,,,,,,,,,2,,0,Houston,TX,1,12,,,,-6.0,"28,49","47,37",,,,,
ncaab:401489022,ncaab,2022-11-20T01:00Z,final,2501,2547,Portland,Seattle U,68,80,-165,140,,0,,,-3.5,-110,-110,,,,,2,,0,Portland,OR,1,12,,,,-8.0,"42,26","36,44",-140,110,-2.5,-106,-114
ncaab:401489601,ncaab,2022-11-20T01:00Z,final,2674,2916,Valparaiso,Incarnate Word,68,64,-2000,1060,,0,,,-17.0,-110,-110,,,,,2,,0,Valparaiso,IN,1,242,,,,-6.0,"29,39","26,38",-712,482,-9.5,-117,-107
ncaab:401491871,ncaab,2022-11-20T01:00Z,final,198,319,Oral Roberts,OK Baptist,98,86,,,,0,,,,,,,,,,2,,0,Tulsa,OK,1,220,,,,-6.0,"57,41","41,45",,,,,
ncaab:401489016,ncaab,2022-11-20T01:30Z,final,2608,2275,Saint Mary's,Hofstra,76,48,-1175,683,,0,,,-13.5,-110,-110,,,,,2,,0,Moraga,CA,1,152,,,,-8.0,"34,42","18,30",-450,340,-7.5,-120,-110
ncaab:401489053,ncaab,2022-11-20T02:00Z,final,252,2447,BYU,Nicholls,87,73,-1250,800,,0,,,-14.0,-110,-110,,,,,2,,0,Provo,UT,1,1387,,,,-7.0,"37,50","40,33",-550,360,-8.0,-115,-115
ncaab:401491683,ncaab,2022-11-20T02:30Z,final,149,2653,Montana,Troy,62,73,-130,110,,0,,,-2.0,-105,-115,,,,,2,,0,Missoula,MT,1,978,,,,-7.0,"32,30","26,47",-130,105,-1.0,-115,-115
ncaab:401491696,ncaab,2022-11-20T03:00Z,final,204,2502,Oregon St,Portland St,66,79,-350,260,,0,,,-7.5,-110,-110,,,,,2,,0,Corvallis,OR,1,71,,,,-8.0,"33,33","37,42",-225,180,-4.0,-115,-115
ncaab:401486302,ncaab,2022-11-20T15:30Z,final,2579,231,South Carolina,Furman,60,79,227,-290,,1,,,7.0,-110,-110,,,,,2,,0,Charleston,SC,1,6,,,,-5.0,"31,29","38,41",176,-220,3.5,-110,-110
ncaab:401486338,ncaab,2022-11-20T15:30Z,final,202,93,Tulsa,Murray St,60,77,140,-170,,1,,,3.5,-115,-105,,,,,2,,0,Conway,SC,1,10,,,,-5.0,"28,32","41,36",105,-130,0.5,-108,-112
ncaab:401482950,ncaab,2022-11-20T17:00Z,final,153,256,North Carolina,James Madison,80,64,-900,575,,0,,,-12.5,-110,-110,,,,,2,,0,Chapel Hill,NC,1,148,,,,-5.0,"45,35","26,38",-390,295,-7.0,-110,-120
ncaab:401486436,ncaab,2022-11-20T17:00Z,final,46,2325,Georgetown,La Salle,69,62,-180,150,,1,,,-3.5,-109,-111,,,,,2,,0,Montego Bay,Jamaica,1,1,,,,-5.0,"41,28","21,41",-165,135,-2.0,-120,-110
ncaab:401488633,ncaab,2022-11-20T17:00Z,final,2097,338,Campbell,Kennesaw St,85,61,-105,-115,,1,,,1.0,-110,-110,,,,,2,,0,Boone,NC,1,981,,,,-5.0,"31,54","34,27",102,-127,1.0,-112,-112
ncaab:401488680,ncaab,2022-11-20T17:00Z,final,2717,2815,W Carolina,Lindenwood,90,88,,,,1,,,,,,,,,,2,,0,Lake Charles,LA,1,4,,,,-6.0,"28,52,10","38,42,8",,,,,
ncaab:401486303,ncaab,2022-11-20T18:00Z,final,2166,295,Davidson,Old Dominion,66,61,-170,140,,1,,,-3.5,-110,-110,,,,,2,,0,Charleston,SC,1,6,,,,-5.0,"32,34","23,38",-155,130,-1.5,-115,-105
ncaab:401486339,ncaab,2022-11-20T18:00Z,final,2429,113,Charlotte,UMass,54,60,,,,1,,,,,,,,,,2,,0,Conway,SC,1,10,,,,-5.0,"28,26","38,22",,,,,
ncaab:401486451,ncaab,2022-11-20T18:00Z,final,120,2390,Maryland,Miami,88,70,,,,1,,,,,,,,,,2,,0,Uncasville,CT,1,19,,,,-5.0,"47,41","34,36",,,,,
ncaab:401487510,ncaab,2022-11-20T18:00Z,final,2378,2115,UMBC,C Connecticut,78,76,,,,0,,,,,,,,,,2,,0,Baltimore,MD,1,10,,,,-5.0,"34,44","35,41",,,,,
ncaab:401488220,ncaab,2022-11-20T18:00Z,final,290,2711,GA Southern,W Michigan,63,57,,,,1,,,,,,,,,,2,,0,Houston,TX,1,12,,,,-6.0,"37,26","27,30",,,,,
ncaab:401488649,ncaab,2022-11-20T18:00Z,final,2198,2837,E Kentucky,East Texas A&M,61,75,,,,1,,,,,,,,,,2,,0,Atlanta,GA,1,320,,,,-5.0,"33,28","36,39",,,,,
ncaab:401491673,ncaab,2022-11-20T18:00Z,final,160,104,New Hampshire,Boston U,57,64,200,-250,,0,,,5.5,-110,-110,,,,,2,,0,Durham,NH,1,15,,,,-5.0,"26,31","25,39",147,-177,2.5,-107,-117
ncaab:401492365,ncaab,2022-11-20T18:00Z,final,171,2951,Columbia,SUNY Maritime,96,44,,,,0,,,,,,,,,,2,,0,New York,NY,1,10,,,,-5.0,"53,43","16,28",,,,,
ncaab:401488675,ncaab,2022-11-20T18:30Z,final,2344,2565,Longwood,SIUE,56,61,,,,0,,,,,,,,,,2,,0,Farmville,VA,1,90,,,,-5.0,"27,29","35,26",,,,,
ncaab:401482968,ncaab,2022-11-20T19:00Z,final,221,2011,Pitt,Alabama St,73,54,-2994,1280,,0,,,-21.0,-108,-112,,,,,2,,0,Pittsburgh,PA,1,233,,,,-5.0,"31,42","34,20",-1074,674,-11.5,-112,-112
ncaab:401487430,ncaab,2022-11-20T19:00Z,final,108,2561,Harvard,Siena,69,59,-190,160,,0,,,-4.5,-105,-115,,,,,2,,0,Cambridge,MA,1,5,,,,-5.0,"35,34","27,32",-170,145,-2.0,-117,-108
ncaab:401487720,ncaab,2022-11-20T19:00Z,final,2426,2754,Navy,Youngstown St,80,67,135,-160,,0,,,3.0,-105,-115,,,,,2,,0,Annapolis,MD,1,12,,,,-5.0,"45,35","35,32",120,-142,1.5,-110,-115
ncaab:401488700,ncaab,2022-11-20T19:00Z,final,349,2515,Army,Radford,75,90,128,-150,,1,,,2.5,-112,-107,,,,,2,,0,Williamsburg,VA,1,25,,,,-5.0,"47,28","37,53",120,-150,1.5,-115,-110
ncaab:401489578,ncaab,2022-11-20T19:00Z,final,155,147,North Dakota,Montana St,71,81,387,-533,,0,,,10.0,-110,-110,,,,,2,,0,Grand Forks,ND,1,253,,,,-6.0,"27,44","37,44",250,-300,5.5,-116,-109
ncaab:401498264,ncaab,2022-11-20T19:00Z,final,2449,509,N Dakota St,Crown,76,55,,,,0,,,,,,,,,,2,,0,Fargo,ND,1,276,,,,-6.0,"40,36","26,29",,,,,
ncaab:401500692,ncaab,2022-11-20T19:00Z,final,294,2679,Jacksonville,Voorhees,91,61,,,,0,,,,,,,,,,2,,0,Jacksonville,FL,1,5,,,,-5.0,"45,46","31,30",,,,,
ncaab:401504319,ncaab,2022-11-20T19:00Z,final,43,212,Yale,John Jay,112,55,,,,0,,,,,,,,,,2,,0,New Haven,CT,1,18,,,,-5.0,"66,46","23,32",,,,,
ncaab:401486434,ncaab,2022-11-20T19:30Z,final,2351,154,LMU,Wake Forest,77,75,,,,1,,,,,,,,,,2,,0,Montego Bay,Jamaica,1,1,,,,-5.0,"35,30,12","25,40,10",,,,,
ncaab:401488631,ncaab,2022-11-20T19:30Z,final,2026,2545,App State,SE Louisiana,83,74,,,,0,,,,,,,,,,2,,0,Boone,NC,1,981,,,,-5.0,"30,53","35,39",,,,,
ncaab:401488678,ncaab,2022-11-20T19:30Z,final,2377,2320,McNeese,Lamar,66,57,-340,270,,0,,,-7.5,-110,-110,,,,,2,,0,Lake Charles,LA,1,4,,,,-6.0,"26,40","24,33",-242,197,-5.0,-108,-117
ncaab:401485148,ncaab,2022-11-20T20:00Z,final,2550,2681,Seton Hall,Wagner,82,44,-2894,1270,,0,,,-18.5,-110,-110,,,,,2,,0,Newark,NJ,1,9,,,,-5.0,"35,47","22,22",-896,591,-10.5,-112,-112
ncaab:401488542,ncaab,2022-11-20T20:00Z,final,2630,2504,UT Martin,Prairie View,80,79,,,,0,,,,,,,,,,2,,0,Martin,TN,1,124,,,,-6.0,"37,43","36,43",,,,,
ncaab:401493936,ncaab,2022-11-20T20:00Z,final,2535,2640,Samford,Texas Southern,78,63,-487,369,,0,,,-9.0,-110,-110,,,,,2,,0,Homewood,AL,1,203,,,,-6.0,"43,35","28,35",-290,230,-5.0,-119,-107
ncaab:401497570,ncaab,2022-11-20T20:00Z,final,258,356,Virginia,Illinois,70,61,,,,1,,,,,,,,,,2,,0,Las Vegas,NV,1,610,,,,-8.0,"29,41","31,30",,,,,
ncaab:401505450,ncaab,2022-11-20T20:00Z,final,2428,2410,NC Central,Montreat,86,70,,,,0,,,,,,,,,,2,,0,Durham,NC,1,123,,,,-5.0,"48,38","36,34",,,,,
ncaab:401483380,ncaab,2022-11-20T20:30Z,final,158,2029,Nebraska,AR-Pine Bluff,82,58,,,,0,,,,,,,,,,2,,0,Lincoln,NE,1,367,,,,-6.0,"36,46","39,19",,,,,
ncaab:401486304,ncaab,2022-11-20T20:30Z,final,232,259,Charleston,Virginia Tech,77,75,215,-275,,0,,,5.5,-110,-110,,,,,2,,0,Charleston,SC,1,6,,,,-5.0,"35,42","30,45",175,-215,3.0,-107,-119
ncaab:401486452,ncaab,2022-11-20T20:30Z,final,139,2507,Saint Louis,Providence,76,73,,,,1,,,,,,,,,,2,,0,Uncasville,CT,1,19,,,,-5.0,"30,46","36,37",,,,,
ncaab:401488647,ncaab,2022-11-20T20:30Z,final,2247,2427,Georgia St,UNC Asheville,74,68,102,-122,,0,,,1.5,-110,-110,,,,,2,,0,Atlanta,GA,1,320,,,,-5.0,"29,45","30,38",-105,-120,0.5,-117,-108
ncaab:401485512,ncaab,2022-11-20T21:00Z,final,2635,2193,Tennessee Tech,ETSU,69,62,,,,0,,,,,,,,,,2,,0,Cookeville,TN,1,334,,,,-6.0,"33,36","30,32",,,,,
ncaab:401485050,ncaab,2022-11-20T21:30Z,final,161,2678,FDU,VMI,93,89,,,,1,,,,,,,,,,2,,0,Farmville,VA,1,90,,,,-5.0,"52,41","41,48",,,,,
ncaab:401486340,ncaab,2022-11-20T21:30Z,final,2350,245,Loyola Chicago,Texas A&M,51,67,190,-240,,1,,,5.5,-105,-115,,,,,2,,0,Conway,SC,1,10,,,,-5.0,"22,29","33,34",140,-172,2.5,-115,-112
ncaab:401486359,ncaab,2022-11-20T21:30Z,final,197,305,Oklahoma St,DePaul,82,78,,,,1,,,,,,,,,,2,,0,Nassau,Bahamas,1,8,,,,-5.0,"44,38","36,42",,,,,
ncaab:401485149,ncaab,2022-11-20T22:00Z,final,41,2169,UConn,Delaware St,95,60,,,,0,,,,,,,,,,2,,0,Hartford,CT,1,18,,,,-5.0,"57,38","24,36",,,,,
ncaab:401487704,ncaab,2022-11-20T22:00Z,final,235,2670,Memphis,VCU,62,47,-550,395,,0,,,-10.5,-110,-110,,,,,2,,0,Memphis,TN,1,78,,,,-6.0,"30,32","16,31",-300,250,-5.5,-115,-115
ncaab:401488691,ncaab,2022-11-20T22:00Z,final,2747,2448,Wofford,NC A&T,78,64,,,,0,,,,,,,,,,2,,0,Spartanburg,SC,1,246,,,,-5.0,"41,37","30,34",,,,,
ncaab:401486433,ncaab,2022-11-20T22:20Z,final,2415,2511,Morgan St,Queens,64,74,122,-145,,1,,,3.0,-110,-110,,,,,2,,0,Montego Bay,Jamaica,1,1,,,,-5.0,"25,39","37,37",115,-135,1.0,-120,-110
ncaab:401483346,ncaab,2022-11-20T22:30Z,final,84,193,Indiana,Miami OH,86,56,-16678,2784,,1,,,-27.5,-110,-110,,,,,2,,0,Indianapolis,IN,1,218,,,,-5.0,"43,43","26,30",-2728,1124,-14.5,-120,-110
ncaab:401497571,ncaab,2022-11-20T22:30Z,final,239,26,Baylor,UCLA,80,75,,,,1,,,,,,,,,,2,,0,Las Vegas,NV,1,610,,,,-8.0,"37,43","35,40",,,,,
ncaab:401486445,ncaab,2022-11-20T22:45Z,final,2751,2181,Wyoming,Drake,56,61,185,-225,,1,,,5.5,-110,-110,,,,,2,,0,Saint Thomas,Virgin Islands,1,256,,,,-6.0,"18,38","34,27",152,-187,3.0,-110,-114
ncaab:401483268,ncaab,2022-11-20T23:00Z,final,66,270,Iowa State,Milwaukee,68,53,-7463,2000,,0,,,-24.0,-110,-110,,,,,2,,0,Ames,IA,1,287,,,,-6.0,"37,31","26,27",-1649,874,-14.0,-110,-115
ncaab:401486305,ncaab,2022-11-20T23:00Z,final,36,213,Colorado St,Penn State,56,68,164,-202,,1,,,4.5,-107,-112,,,,,2,,0,Charleston,SC,1,6,,,,-5.0,"21,35","33,35",137,-172,2.5,-115,-110
ncaab:401492428,ncaab,2022-11-20T23:00Z,final,2099,2902,Canisius,SUNY Fredonia,98,52,,,,0,,,,,,,,,,2,,0,Buffalo,NY,1,183,,,,-5.0,"58,40","23,29",,,,,
ncaab:401486341,ncaab,2022-11-21T00:00Z,final,68,38,Boise St,Colorado,68,55,110,-130,,1,,,2.0,-110,-110,,,,,2,,0,Conway,SC,1,10,,,,-5.0,"41,27","33,22",-105,-128,0.5,-115,-114
ncaab:401483198,ncaab,2022-11-21T00:30Z,final,142,2400,Missouri,Miss Valley St,83,62,,,,0,,,,,,,,,,2,,0,Columbia,MO,1,215,,,,-6.0,"40,43","37,25",,,,,
ncaab:401483367,ncaab,2022-11-21T00:30Z,final,130,195,Michigan,Ohio,70,66,-1400,800,,0,,,-14.5,-110,-110,,,,,2,,0,Ann Arbor,MI,1,269,,,,-5.0,"33,30,7","31,32,3",-587,401,-8.5,-112,-115
ncaab:401486360,ncaab,2022-11-21T00:30Z,final,2116,2541,UCF,Santa Clara,57,50,,,,1,,,,,,,,,,2,,0,Nassau,Bahamas,1,8,,,,-5.0,"25,32","16,34",,,,,
ncaab:401486432,ncaab,2022-11-21T00:30Z,final,3084,2739,Utah Valley,Green Bay,79,56,-900,595,,1,,,-12.0,-110,-110,,,,,2,,0,Montego Bay,Jamaica,1,1,,,,-5.0,"33,46","23,33",-450,325,-7.5,-111,-115
ncaab:401486453,ncaab,2022-11-21T00:30Z,final,2031,2296,Little Rock,Jackson St,94,91,-138,115,,0,,,-2.5,-108,-112,,,,,2,,0,Little Rock,AR,1,102,,,,-6.0,"37,57","41,50",-140,110,-1.5,-107,-117
ncaab:401497506,ncaab,2022-11-21T00:30Z,final,2250,96,Gonzaga,Kentucky,88,72,-184,150,,0,,,-4.5,-110,-110,,,,,2,,0,Spokane,WA,1,571,,,,-8.0,"41,47","25,47",-163,131,-1.5,-120,-110
ncaab:401486446,ncaab,2022-11-21T01:00Z,final,103,2627,Boston College,Tarleton St,54,70,-179,145,,1,,,-3.5,-110,-110,,,,,2,,0,Saint Thomas,Virgin Islands,1,256,,,,-6.0,"19,35","35,35",-155,125,-1.5,-112,-112
ncaab:401489652,ncaab,2022-11-21T02:40Z,final,2483,248,Oregon,Houston,56,66,250,-325,,0,,,6.5,-108,-112,,,,,2,,0,Eugene,OR,1,131,,,,-8.0,"24,32","31,35",180,-232,4.0,-110,-120
ncaab:401488803,ncaab,2022-11-21T03:00Z,final,13,116,Cal Poly,Mount St Marys,68,73,-142,118,,0,,,-2.5,-106,-114,,,,,2,,0,San Luis Obispo,CA,1,71,,,,-8.0,"26,42","30,43",-140,112,-1.0,-116,-109
ncaab:401485464,ncaab,2022-11-21T16:00Z,final,99,2287,LSU,Illinois St,77,61,-1099,675,,1,,,-12.5,-110,-110,,,,,2,,0,George Town,Cayman Islands,1,4,,,,-5.0,"45,32","18,43",-475,350,-7.5,-104,-118
ncaab:401486677,ncaab,2022-11-21T16:15Z,final,2649,140,Toledo,Kansas City,71,83,,,,1,,,,,,,,,,2,,0,Estero,FL,1,4,,,,-5.0,"38,33","33,50",,,,,
ncaab:401486711,ncaab,2022-11-21T17:00Z,final,399,2046,UAlbany,Austin Peay,59,74,,,,1,,,,,,,,,,2,,0,Daytona Beach,FL,1,4,,,,-5.0,"32,27","30,44",,,,,
ncaab:401491658,ncaab,2022-11-21T17:00Z,final,2174,2803,Detroit Mercy,Bryant,88,98,,,,1,,,,,,,,,,2,,0,Boca Raton,FL,1,4,,,,-5.0,"55,33","56,42",,,,,
ncaab:401486785,ncaab,2022-11-21T17:30Z,final,2539,2460,San Francisco,Northern Iowa,75,69,-297,237,,1,,,-7.0,-110,-110,,,,,2,,0,Kansas City,MO,1,274,,,,-6.0,"32,43","43,26",-215,173,-3.5,-105,-115
ncaab:401486447,ncaab,2022-11-21T18:00Z,final,2244,2084,George Mason,Buffalo,74,82,-275,225,,1,,,-6.5,-110,-110,,,,,2,,0,Saint Thomas,Virgin Islands,1,256,,,,-6.0,"32,42","38,44",-205,165,-3.5,-111,-113
ncaab:401493792,ncaab,2022-11-21T18:00Z,final,2197,126824,E Illinois,St Mary's,102,40,,,,0,,,,,,,,,,2,,0,Charleston,IL,1,204,,,,-6.0,"43,59","21,19",,,,,
ncaab:401486456,ncaab,2022-11-21T18:30Z,final,98,2006,Western KY,Akron,53,72,-167,137,,1,,,-3.5,-110,-110,,,,,2,,0,George Town,Cayman Islands,1,4,,,,-5.0,"30,23","32,40",-142,116,-1.5,-112,-112
ncaab:401486712,ncaab,2022-11-21T19:25Z,final,2506,2083,Presbyterian,Bucknell,65,66,200,-252,,1,,,6.0,-115,-105,,,,,2,,0,Daytona Beach,FL,1,4,,,,-5.0,"26,39","31,35",154,-192,3.0,-115,-111
ncaab:401483322,ncaab,2022-11-21T19:30Z,final,156,2641,Creighton,Texas Tech,76,65,-157,132,,1,,,-3.0,-110,-110,,,,,2,,0,Maui,HI,1,1619,,,,-10.0,"31,45","31,34",-139,113,-1.5,-102,-120
ncaab:401486678,ncaab,2022-11-21T19:30Z,final,151,282,East Carolina,Indiana St,75,79,,,,1,,,,,,,,,,2,,0,Estero,FL,1,4,,,,-5.0,"38,37","43,36",,,,,
ncaab:401486700,ncaab,2022-11-21T20:00Z,final,2634,2463,Tennessee St,CSU Northridge,74,73,,,,1,,,,,,,,,,2,,0,San Juan Capistrano,CA,1,37,,,,-8.0,"40,34","41,32",,,,,
ncaab:401486786,ncaab,2022-11-21T20:00Z,final,2724,2253,Wichita St,Grand Canyon,55,43,-114,-105,,1,,,-1.0,-110,-110,,,,,2,,0,Kansas City,MO,1,274,,,,-6.0,"30,25","24,19",-115,-110,-0.5,-102,-123
ncaab:401486448,ncaab,2022-11-21T20:35Z,final,2057,47,Belmont,Howard,96,73,-350,280,,1,,,-7.5,-114,-106,,,,,2,,0,Saint Thomas,Virgin Islands,1,256,,,,-6.0,"47,49","34,39",-245,197,-4.5,-106,-120
ncaab:401492450,ncaab,2022-11-21T21:00Z,final,284,82,Stonehill,UIC,71,77,,,,1,,,,,,,,,,2,,0,Bronx,NY,1,28,,,,-5.0,"32,39","36,41",,,,,
ncaab:401486457,ncaab,2022-11-21T22:00Z,final,2655,2440,Tulane,Nevada,66,75,-161,135,,1,,,-3.5,-110,-110,,,,,2,,0,George Town,Cayman Islands,1,4,,,,-5.0,"32,34","29,46",-150,120,-1.5,-112,-112
ncaab:401486689,ncaab,2022-11-21T22:15Z,final,8,97,Arkansas,Louisville,80,54,-1400,800,,1,,,-15.0,-110,-110,,,,,2,,0,Maui,HI,1,1619,,,,-10.0,"36,44","28,26",-612,412,-8.5,-112,-108
ncaab:401486679,ncaab,2022-11-21T22:25Z,final,2182,250,Drexel,UT Arlington,59,38,,,,1,,,,,,,,,,2,,0,Estero,FL,1,4,,,,-5.0,"29,30","25,13",,,,,
ncaab:401486699,ncaab,2022-11-21T22:30Z,final,2272,2117,High Point,C Michigan,68,67,,,,1,,,,,,,,,,2,,0,San Juan Capistrano,CA,1,37,,,,-8.0,"27,41","30,37",,,,,
ncaab:401486449,ncaab,2022-11-21T22:45Z,final,103,2751,Boston College,Wyoming,59,48,133,-157,,1,,,3.0,-112,-107,,,,,2,,0,Saint Thomas,Virgin Islands,1,256,,,,-6.0,"26,33","21,27",110,-137,1.5,-116,-109
ncaab:401482924,ncaab,2022-11-21T23:00Z,final,59,254,Georgia Tech,Utah,64,68,,,,1,,,,,,,,,,2,,0,Fort Myers,FL,1,3,,,,-5.0,"28,36","36,32",,,,,
ncaab:401486710,ncaab,2022-11-21T23:00Z,final,58,5,South Florida,UAB,65,80,895,-1838,,1,,,16.5,-107,-112,,,,,2,,0,Daytona Beach,FL,1,4,,,,-5.0,"37,28","42,38",430,-700,9.0,-110,-120
ncaab:401489080,ncaab,2022-11-21T23:00Z,final,292,2710,UT Rio Grande,W Illinois,78,77,,,,0,,,,,,,,,,2,,0,Edinburg,TX,1,30,,,,-6.0,"32,46","28,49",,,,,
ncaab:401482918,ncaab,2022-11-21T23:30Z,final,52,2382,Florida St,Mercer,81,72,-330,260,,0,,,-7.5,-108,-112,,,,,2,,0,Tallahassee,FL,1,62,,,,-5.0,"42,39","34,38",-210,170,-3.5,-114,-110
ncaab:401482901,ncaab,2022-11-22T00:00Z,final,228,2352,Clemson,Loyola MD,72,41,-1200,724,,0,,,-15.0,-115,-105,,,,,2,,0,Clemson,SC,1,221,,,,-5.0,"43,29","14,27",-520,380,-8.5,-120,-110
ncaab:401482977,ncaab,2022-11-22T00:00Z,final,257,183,Richmond,Syracuse,71,74,150,-185,,1,,,3.5,-110,-110,,,,,2,,0,Brooklyn,NY,1,15,,,,-5.0,"29,34,8","34,29,11",125,-158,1.5,-110,-118
ncaab:401485011,ncaab,2022-11-22T00:00Z,final,2142,2405,Colgate,Monmouth,85,66,-2000,1060,,0,,,-18.0,-110,-110,,,,,2,,0,Hamilton,NY,1,181,,,,-5.0,"41,44","29,37",-849,562,-10.5,-116,-109
ncaab:401487628,ncaab,2022-11-22T00:00Z,final,2230,107,Fordham,Holy Cross,67,53,-899,600,,0,,,-12.5,-112,-108,,,,,2,,0,Bronx,NY,1,28,,,,-5.0,"36,31","12,41",-450,340,-7.0,-112,-112
ncaab:401489492,ncaab,2022-11-22T00:00Z,final,2348,2433,Louisiana Tech,UL Monroe,79,58,,,,0,,,,,,,,,,2,,0,Ruston,LA,1,102,,,,-6.0,"35,44","25,33",,,,,
ncaab:401491710,ncaab,2022-11-22T00:00Z,final,2127,2065,Charleston So,Bethune,78,63,-120,100,,0,,,-1.5,-110,-110,,,,,2,,0,Charleston,SC,1,6,,,,-5.0,"46,32","35,28",-130,-100,-1.0,-112,-113
ncaab:401491861,ncaab,2022-11-22T00:00Z,final,350,2418,UNC Wilmington,Mount Olive,94,47,,,,0,,,,,,,,,,2,,0,Wilmington,NC,1,9,,,,-5.0,"48,46","18,29",,,,,
ncaab:401491878,ncaab,2022-11-22T00:00Z,final,276,2130,Marshall,Chicago St,82,70,-5000,1494,,0,,,-21.0,-110,-110,,,,,2,,0,Huntington,WV,1,173,,,,-5.0,"39,43","39,31",-1450,800,-12.0,-115,-115
ncaab:401493786,ncaab,2022-11-22T00:00Z,final,2598,2329,Saint Francis,Lehigh,76,82,,,,0,,,,,,,,,,2,,0,Loretto,PA,1,595,,,,-5.0,"30,46","36,46",,,,,
ncaab:401497510,ncaab,2022-11-22T00:00Z,final,2184,2454,Duquesne,North Florida,83,82,-500,370,,0,,,-9.0,-110,-110,,,,,2,,0,Pittsburgh,PA,1,233,,,,-5.0,"42,41","43,39",-305,240,-5.0,-112,-112
ncaab:401501930,ncaab,2022-11-22T00:00Z,final,50,2013,Florida A&M,Albany St,70,65,,,,0,,,,,,,,,,2,,0,Tallahassee,FL,1,62,,,,-5.0,"21,38,11","24,35,6",,,,,
ncaab:401483284,ncaab,2022-11-22T00:30Z,final,2306,227,Kansas St,Rhode Island,77,57,-675,470,,1,,,-11.5,-110,-110,,,,,2,,0,George Town,Cayman Islands,1,4,,,,-5.0,"44,33","27,30",-367,275,-6.5,-100,-122
ncaab:401485310,ncaab,2022-11-22T00:30Z,final,94,526,N Kentucky,FGCU,61,82,,,,1,,,,,,,,,,2,,0,Estero,FL,1,4,,,,-5.0,"31,30","34,48",,,,,
ncaab:401491796,ncaab,2022-11-22T00:30Z,final,2750,2000,Wright St,Abilene Chrstn,77,61,,,,1,,,,,,,,,,2,,0,Henderson,NV,1,569,,,,-8.0,"42,35","31,30",,,,,
ncaab:401483354,ncaab,2022-11-22T01:00Z,final,2294,2437,Iowa,Omaha,100,64,-12004,2500,,0,,,-29.5,-110,-110,,,,,2,,0,Iowa City,IA,1,204,,,,-6.0,"49,51","28,36",-6000,1500,-17.0,-113,-112
ncaab:401485311,ncaab,2022-11-22T01:00Z,final,288,2157,Lipscomb,Covenant,86,61,,,,0,,,,,,,,,,2,,0,Nashville,TN,1,170,,,,-6.0,"45,41","22,39",,,,,
ncaab:401486450,ncaab,2022-11-22T01:00Z,final,2627,2181,Tarleton St,Drake,64,71,237,-297,,1,,,6.5,-110,-110,,,,,2,,0,Saint Thomas,Virgin Islands,1,256,,,,-6.0,"25,39","35,36",170,-210,3.5,-114,-110
ncaab:401487108,ncaab,2022-11-22T01:00Z,final,242,2277,Rice,Hou Christian,76,67,,,,0,,,,,,,,,,2,,0,Houston,TX,1,12,,,,-6.0,"24,52","41,26",,,,,
ncaab:401482910,ncaab,2022-11-22T01:30Z,final,150,91,Duke,Bellarmine,74,57,-8929,2095,,0,,,-24.0,-110,-110,,,,,2,,0,Durham,NC,1,123,,,,-5.0,"41,33","33,24",-1700,900,-13.5,-112,-115
ncaab:401483053,ncaab,2022-11-22T01:30Z,final,2603,61,Saint Joseph's,Georgia,53,66,110,-138,,1,,,2.5,-110,-110,,,,,2,,0,Daytona Beach,FL,1,4,,,,-5.0,"15,38","38,28",110,-135,0.5,-110,-112
ncaab:401483191,ncaab,2022-11-22T01:30Z,final,344,269,Mississippi St,Marquette,58,55,,,,1,,,,,,,,,,2,,0,Fort Myers,FL,1,3,,,,-5.0,"23,35","17,38",,,,,
ncaab:401483311,ncaab,2022-11-22T02:00Z,final,2464,251,N Arizona,Texas,48,73,,,,1,,,,,,,,,,2,,0,Edinburg,TX,1,30,,,,-6.0,"22,26","50,23",,,,,
ncaab:401483394,ncaab,2022-11-22T02:00Z,final,21,194,San Diego St,Ohio State,88,77,-210,175,,1,,,-4.5,-115,-105,,,,,2,,0,Maui,HI,1,1619,,,,-10.0,"37,51","26,51",-175,141,-2.5,-118,-104
ncaab:401487279,ncaab,2022-11-22T02:00Z,final,2005,2908,Air Force,SC Upstate,83,56,-320,250,,0,,,-7.0,-105,-115,,,,,2,,0,Colorado Springs,CO,1,1832,,,,-7.0,"45,38","26,30",-250,200,-4.0,-113,-111
ncaab:401488145,ncaab,2022-11-22T02:00Z,final,2540,2261,Santa Barbara,Hampton,79,66,-2059,1000,,0,,,-17.5,-110,-110,,,,,2,,0,Santa Barbara,CA,1,15,,,,-8.0,"42,37","23,43",-760,510,-10.5,-107,-119
ncaab:401488781,ncaab,2022-11-22T02:00Z,final,331,265,E Washington,Washington St,56,82,,,,1,,,,,,,,,,2,,0,Spokane,WA,1,571,,,,-8.0,"21,35","36,46",,,,,
ncaab:401485150,ncaab,2022-11-22T02:30Z,final,218,2599,Temple,St John's,72,78,,,,1,,,,,,,,,,2,,0,Brooklyn,NY,1,15,,,,-5.0,"30,42","32,46",,,,,
ncaab:401483446,ncaab,2022-11-22T03:00Z,final,25,326,California,Texas St,55,59,-130,110,,0,,,-1.5,-109,-111,,,,,2,,0,Berkeley,CA,1,52,,,,-8.0,"22,33","25,34",-120,-105,-0.5,-110,-115
ncaab:401488194,ncaab,2022-11-22T03:00Z,final,300,109670,UC Irvine,Life Pacific,116,54,,,,0,,,,,,,,,,2,,0,Irvine,CA,1,17,,,,-8.0,"52,64","33,21",,,,,
ncaab:401491700,ncaab,2022-11-22T03:00Z,final,2692,27,Weber St,UC Riverside,65,72,,,,1,,,,,,,,,,2,,0,Henderson,NV,1,569,,,,-8.0,"31,34","50,22",,,,,
ncaab:401498750,ncaab,2022-11-22T03:00Z,final,301,3096,San Diego,S Diego Christ,98,69,,,,0,,,,,,,,,,2,,0,San Diego,CA,1,20,,,,-8.0,"59,39","29,40",,,,,
ncaab:401483374,ncaab,2022-11-22T03:30Z,final,135,2856,Minnesota,CA Baptist,62,61,,,,1,,,,,,,,,,2,,0,San Juan Capistrano,CA,1,37,,,,-8.0,"26,27,9","18,35,8",,,,,
ncaab:401483428,ncaab,2022-11-22T04:30Z,final,12,2132,Arizona,Cincinnati,101,93,-540,365,,1,,,-10.5,-110,-110,,,,,2,,0,Maui,HI,1,1619,,,,-10.0,"40,61","30,63",-302,240,-5.5,-115,-115
ncaab:401486701,ncaab,2022-11-22T06:00Z,final,2439,79,UNLV,S Illinois,56,49,,,,1,,,,,,,,,,2,,0,San Juan Capistrano,CA,1,37,,,,-8.0,"26,30","30,19",,,,,
ncaab:401486458,ncaab,2022-11-22T16:00Z,final,98,2287,Western KY,Illinois St,78,66,-450,340,,1,,,-9.5,-110,-110,,,,,2,,0,George Town,Cayman Islands,1,4,,,,-5.0,"38,40","35,31",-300,235,-5.0,-120,-110
ncaab:401486682,ncaab,2022-11-22T16:00Z,final,2649,151,Toledo,East Carolina,75,86,,,,1,,,,,,,,,,2,,0,Estero,FL,1,4,,,,-5.0,"33,42","32,54",,,,,
ncaab:401486788,ncaab,2022-11-22T16:30Z,final,2253,2460,Grand Canyon,Northern Iowa,69,67,-181,150,,1,,,-4.0,-110,-110,,,,,2,,0,Kansas City,MO,1,274,,,,-6.0,"41,28","27,40",-167,135,-2.0,-114,-112
ncaab:401486306,ncaab,2022-11-22T17:00Z,final,2459,2534,N Illinois,Sam Houston,54,88,,,,1,,,,,,,,,,2,,0,Fort Myers,FL,1,3,,,,-5.0,"22,32","41,47",,,,,
ncaab:401486715,ncaab,2022-11-22T17:00Z,final,2083,2046,Bucknell,Austin Peay,79,65,-105,-115,,1,,,1.0,-107,-112,,,,,2,,0,Daytona Beach,FL,1,4,,,,-5.0,"29,50","33,32",-115,-110,-0.5,-107,-120
ncaab:401486400,ncaab,2022-11-22T17:30Z,final,2199,2870,E Michigan,Purdue FW,67,74,,,,1,,,,,,,,,,2,,0,Cancun,Mexico,1,11,,,,-5.0,"30,37","33,41",,,,,
ncaab:401491667,ncaab,2022-11-22T18:15Z,final,2529,2885,Sacred Heart,NJIT,75,85,,,,0,,,,,,,,,,2,,0,Fairfield,CT,1,4,,,,-8.0,"32,43","39,46",,,,,
ncaab:401486459,ncaab,2022-11-22T18:30Z,final,2006,99,Akron,LSU,58,73,152,-189,,1,,,4.5,-110,-110,,,,,2,,0,George Town,Cayman Islands,1,4,,,,-5.0,"35,23","33,40",132,-162,1.5,-104,-118
ncaab:401486683,ncaab,2022-11-22T18:30Z,final,250,94,UT Arlington,N Kentucky,60,56,,,,1,,,,,,,,,,2,,0,Estero,FL,1,4,,,,-5.0,"30,30","30,26",,,,,
ncaab:401486787,ncaab,2022-11-22T19:00Z,final,2724,2539,Wichita St,San Francisco,63,67,-115,-105,,1,,,-1.0,-110,-110,,,,,2,,0,Kansas City,MO,1,274,,,,-6.0,"23,40","27,40",-112,-112,0.0,-112,-113
ncaab:401486307,ncaab,2022-11-22T19:30Z,final,112358,233,Long Island,South Dakota,58,68,,,,1,,,,,,,,,,2,,0,Fort Myers,FL,1,3,,,,-5.0,"31,27","28,40",,,,,
ncaab:401486693,ncaab,2022-11-22T19:30Z,final,97,2641,Louisville,Texas Tech,38,70,680,-1147,,1,,,13.5,-115,-105,,,,,2,,0,Maui,HI,1,1619,,,,-10.0,"13,25","32,38",340,-450,7.5,-110,-110
ncaab:401486401,ncaab,2022-11-22T20:00Z,final,2737,2572,Winthrop,Southern Miss,52,77,110,-130,,1,,,1.5,-105,-115,,,,,2,,0,Cancun,Mexico,1,11,,,,-5.0,"34,18","30,47",103,-129,1.0,-111,-113
ncaab:401491830,ncaab,2022-11-22T20:00Z,final,2261,2453,Hampton,North Alabama,74,75,-101,-119,,1,,,1.0,-110,-110,,,,,2,,0,Santa Barbara,CA,1,15,,,,-8.0,"30,44","39,36",,,0.5,-115,-105
ncaab:401486713,ncaab,2022-11-22T21:00Z,final,5,61,UAB,Georgia,87,73,,,,1,,,,,,,,,,2,,0,Daytona Beach,FL,1,4,,,,-5.0,"41,46","42,31",,,,,
ncaab:401491262,ncaab,2022-11-22T21:00Z,final,82,107,UIC,Holy Cross,89,66,,,,1,,,,,,,,,,2,,0,Bronx,NY,1,28,,,,-5.0,"45,44","34,32",,,,,
ncaab:401486460,ncaab,2022-11-22T22:00Z,final,227,2655,Rhode Island,Tulane,75,78,345,-450,,1,,,8.5,-110,-110,,,,,2,,0,George Town,Cayman Islands,1,4,,,,-5.0,"29,46","38,40",215,-270,4.5,-112,-112
ncaab:401486680,ncaab,2022-11-22T22:00Z,final,140,282,Kansas City,Indiana St,63,61,,,,1,,,,,,,,,,2,,0,Estero,FL,1,4,,,,-5.0,"28,35","30,31",,,,,
ncaab:401486692,ncaab,2022-11-22T22:00Z,final,2132,194,Cincinnati,Ohio State,53,81,142,-172,,1,,,3.5,-110,-110,,,,,2,,0,Maui,HI,1,1619,,,,-10.0,"27,26","38,43",115,-142,1.5,-120,-110
ncaab:401490512,ncaab,2022-11-22T22:00Z,final,172,2099,Cornell,Canisius,79,70,-280,230,,0,,,-6.5,-110,-110,,,,,2,,0,Ithaca,NY,1,125,,,,-5.0,"45,34","34,36",-195,160,-3.5,-109,-116
ncaab:401483043,ncaab,2022-11-22T23:00Z,final,2,71,Auburn,Bradley,85,64,-850,550,,1,,,-12.5,-110,-110,,,,,2,,0,Cancun,Mexico,1,11,,,,-5.0,"45,40","32,32",-400,295,-6.5,-115,-115
ncaab:401488543,ncaab,2022-11-22T23:00Z,final,2032,2630,Arkansas St,UT Martin,70,64,,,,0,,,,,,,,,,2,,0,Jonesboro,AR,1,99,,,,-6.0,"29,41","29,35",,,,,
ncaab:401488697,ncaab,2022-11-22T23:00Z,final,357,2934,Texas A&M-CC,Bakersfield,63,73,-375,300,,1,,,-8.5,-110,-110,,,,,2,,0,El Paso,TX,1,1133,,,,-7.0,"21,42","33,40",-265,210,-4.5,-112,-114
ncaab:401491838,ncaab,2022-11-22T23:00Z,final,2448,2592,NC A&T,St Andrews,109,57,,,,0,,,,,,,,,,2,,0,Greensboro,NC,1,266,,,,-5.0,"53,56","28,29",,,,,
ncaab:401499592,ncaab,2022-11-22T23:00Z,final,42,2221,Hartford,FDU Florham,82,45,,,,0,,,,,,,,,,2,,0,West Hartford,CT,1,40,,,,-5.0,"35,47","20,25",,,,,
ncaab:401482959,ncaab,2022-11-22T23:30Z,final,87,189,Notre Dame,Bowling Green,82,66,-1600,900,,0,,,-15.5,-107,-112,,,,,2,,0,South Bend,IN,1,211,,,,-5.0,"42,40","40,26",-700,450,-9.5,-115,-115
ncaab:401486714,ncaab,2022-11-22T23:30Z,final,2603,58,Saint Joseph's,South Florida,62,75,-140,118,,1,,,-2.5,-110,-110,,,,,2,,0,Daytona Beach,FL,1,4,,,,-5.0,"30,32","37,38",-132,102,-1.5,103,-126
ncaab:401483415,ncaab,2022-11-23T00:00Z,final,164,2520,Rutgers,Rider,76,46,-1600,824,,0,,,-15.0,-110,-110,,,,,2,,0,Piscataway,NJ,1,30,,,,-5.0,"35,41","23,23",-625,410,-9.5,-110,-120
ncaab:401485473,ncaab,2022-11-23T00:00Z,final,2450,117,Norfolk St,St Mary's (MD),91,41,,,,0,,,,,,,,,,2,,0,Norfolk,VA,1,2,,,,-5.0,"53,38","10,31",,,,,
ncaab:401486293,ncaab,2022-11-23T00:00Z,final,179,88,St Bonaventure,S Indiana,80,66,,,,0,,,,,,,,,,2,,0,Saint Bonaventure,NY,1,435,,,,-5.0,"30,50","24,42",,,,,
ncaab:401486675,ncaab,2022-11-23T00:00Z,final,257,218,Richmond,Temple,61,49,,,,1,,,,,,,,,,2,,0,Brooklyn,NY,1,15,,,,-5.0,"27,34","21,28",,,,,
ncaab:401487474,ncaab,2022-11-23T00:00Z,final,43,261,Yale,Vermont,73,44,104,-120,,0,,,1.5,-110,-110,,,,,2,,0,New Haven,CT,1,18,,,,-5.0,"27,46","30,14",105,-135,1.0,-112,-112
ncaab:401487630,ncaab,2022-11-23T00:00Z,final,2230,284,Fordham,Stonehill,71,60,-800,550,,0,,,-11.5,-110,-110,,,,,2,,0,Bronx,NY,1,28,,,,-5.0,"36,35","27,33",-400,300,-7.0,-112,-112
ncaab:401487647,ncaab,2022-11-23T00:00Z,final,45,28,G Washington,UC San Diego,70,75,,,,0,,,,,,,,,,2,,0,Washington,DC,1,7,,,,-5.0,"25,45","41,34",,,,,
ncaab:401489664,ncaab,2022-11-23T00:00Z,final,2430,2378,UNC Greensboro,UMBC,76,72,-1147,720,,0,,,-13.5,-110,-110,,,,,2,,0,Greensboro,NC,1,266,,,,-5.0,"35,41","32,40",-450,340,-8.0,-115,-110
ncaab:401490450,ncaab,2022-11-23T00:00Z,final,119,2154,Towson,Coppin St,83,67,-1500,900,,0,,,-14.5,-108,-112,,,,,2,,0,Towson,MD,1,141,,,,-5.0,"44,39","36,31",-520,380,-8.5,-108,-117
ncaab:401492302,ncaab,2022-11-23T00:00Z,final,2635,3245,Tennessee Tech,Truett McCnnll,84,48,,,,0,,,,,,,,,,2,,0,Cookeville,TN,1,334,,,,-6.0,"49,35","25,23",,,,,
ncaab:401501191,ncaab,2022-11-23T00:00Z,final,2653,2573,Troy,Southern NO,118,61,,,,0,,,,,,,,,,2,,0,Troy,AL,1,165,,,,-6.0,"66,52","30,31",,,,,
ncaab:401491896,ncaab,2022-11-23T00:15Z,final,2413,2310,Morehead St,Kentucky St,114,49,,,,0,,,,,,,,,,2,,0,Morehead,KY,1,153,,,,-6.0,"49,65","26,23",,,,,
ncaab:401486461,ncaab,2022-11-23T00:30Z,final,2306,2440,Kansas St,Nevada,96,87,-200,162,,1,,,-4.5,-110,-110,,,,,2,,0,George Town,Cayman Islands,1,4,,,,-5.0,"36,44,16","38,42,7",-165,135,-2.5,-112,-112
ncaab:401486681,ncaab,2022-11-23T00:30Z,final,2182,526,Drexel,FGCU,59,67,,,,1,,,,,,,,,,2,,0,Estero,FL,1,4,,,,-5.0,"29,30","31,36",,,,,
ncaab:401486688,ncaab,2022-11-23T00:30Z,final,292,2464,UT Rio Grande,N Arizona,91,79,,,,0,,,,,,,,,,2,,0,Edinburg,TX,1,30,,,,-6.0,"35,56","41,38",,,,,
ncaab:401489602,ncaab,2022-11-23T00:30Z,final,2916,3158,Incarnate Word,Lady of Lake,85,76,,,,0,,,,,,,,,,2,,0,San Antonio,TX,1,198,,,,-6.0,"44,41","32,44",,,,,
ncaab:401491701,ncaab,2022-11-23T00:30Z,final,2000,2692,Abilene Chrstn,Weber St,67,77,,,,1,,,,,,,,,,2,,0,Henderson,NV,1,569,,,,-8.0,"40,27","40,37",,,,,
ncaab:401491826,ncaab,2022-11-23T00:30Z,final,55,2210,Jax State,Elon,78,53,,,,0,,,,,,,,,,2,,0,Jacksonville,AL,1,216,,,,-6.0,"39,39","29,24",,,,,
ncaab:401493815,ncaab,2022-11-23T00:30Z,final,2546,2931,SE Missouri,William Woods,87,49,,,,0,,,,,,,,,,2,,0,Cape Girardeau,MO,1,108,,,,-6.0,"49,38","21,28",,,,,
ncaab:401486690,ncaab,2022-11-23T01:00Z,final,8,156,Arkansas,Creighton,87,90,107,-130,,1,,,1.5,-107,-112,,,,,2,,0,Maui,HI,1,1619,,,,-10.0,"34,53","40,50",-100,-125,0.5,-111,-114
ncaab:401487300,ncaab,2022-11-23T01:00Z,final,2636,2504,UTSA,Prairie View,82,75,-115,-105,,0,,,-1.0,-110,-110,,,,,2,,0,San Antonio,TX,1,198,,,,-6.0,"36,46","32,43",-115,-115,-0.5,-104,-122
ncaab:401489579,ncaab,2022-11-23T01:00Z,final,155,2744,North Dakota,UW-Stout,92,61,,,,0,,,,,,,,,,2,,0,Grand Forks,ND,1,253,,,,-6.0,"51,41","39,22",,,,,
ncaab:401492350,ncaab,2022-11-23T01:00Z,final,2379,2368,MD Eastern,Marist,70,59,,,,0,,,,,,,,,,2,,0,Princess Anne,MD,1,5,,,,-5.0,"38,32","31,28",,,,,
ncaab:401493494,ncaab,2022-11-23T01:00Z,final,2458,2862,N Colorado,CO Christian,69,70,,,,0,,,,,,,,,,2,,0,Greeley,CO,1,1425,,,,-7.0,"37,32","40,30",,,,,
ncaab:401494480,ncaab,2022-11-23T01:00Z,final,2029,3168,AR-Pine Bluff,Crowley Ridge,70,56,,,,0,,,,,,,,,,2,,0,Pine Bluff,AR,1,67,,,,-6.0,"35,35","25,31",,,,,
ncaab:401499130,ncaab,2022-11-23T01:00Z,final,2447,2299,Nicholls,Jarvis Chrstn,97,52,,,,0,,,,,,,,,,2,,0,Thibodaux,LA,1,4,,,,-6.0,"45,52","30,22",,,,,
ncaab:401501671,ncaab,2022-11-23T01:00Z,final,249,2491,North Texas,Paul Quinn,76,46,,,,0,,,,,,,,,,2,,0,Denton,TX,1,201,,,,-6.0,"39,37","28,18",,,,,
ncaab:401482969,ncaab,2022-11-23T01:30Z,final,221,161,Pitt,FDU,83,61,,,,0,,,,,,,,,,2,,0,Pittsburgh,PA,1,233,,,,-5.0,"35,48","28,33",,,,,
ncaab:401487452,ncaab,2022-11-23T01:30Z,final,322,219,Lafayette,Penn,68,74,220,-260,,0,,,6.0,-110,-110,,,,,2,,0,Easton,PA,1,97,,,,-5.0,"29,32,7","27,34,13",150,-185,3.0,-111,-115
ncaab:401488727,ncaab,2022-11-23T01:30Z,final,2567,309,SMU,Louisiana,72,76,,,,0,,,,,,,,,,2,,0,Dallas,TX,1,128,,,,-6.0,"34,33,5","30,37,9",,,,,
ncaab:401483386,ncaab,2022-11-23T01:40Z,final,77,2335,Northwestern,Liberty,66,52,-157,135,,1,,,-3.5,-107,-112,,,,,2,,0,Cancun,Mexico,1,11,,,,-5.0,"28,38","29,23",-144,118,-1.5,-110,-120
ncaab:401483435,ncaab,2022-11-23T02:00Z,final,9,2755,Arizona St,Grambling,80,49,-2642,1200,,0,,,-18.5,-110,-110,,,,,2,,0,Tempe,AZ,1,360,,,,-7.0,"34,46","17,32",-875,575,-10.5,-110,-110
ncaab:401486716,ncaab,2022-11-23T02:00Z,final,2506,399,Presbyterian,UAlbany,65,68,,,,1,,,,,,,,,,2,,0,Daytona Beach,FL,1,4,,,,-5.0,"39,26","40,28",,,,,
ncaab:401487155,ncaab,2022-11-23T02:00Z,final,2638,2016,UTEP,Alcorn St,73,61,-275,220,,0,,,-6.5,-112,-107,,,,,2,,0,El Paso,TX,1,1133,,,,-7.0,"30,23,6,14","22,31,6,2",-215,175,-3.5,-108,-117
ncaab:401487402,ncaab,2022-11-23T02:00Z,final,328,198,Utah State,Oral Roberts,95,85,-510,375,,0,,,-9.5,-110,-110,,,,,2,,0,Logan,UT,1,1382,,,,-7.0,"49,46","40,45",-300,240,-5.5,-113,-112
ncaab:401491684,ncaab,2022-11-23T02:00Z,final,149,569,Montana,MT St Northern,63,51,,,,0,,,,,,,,,,2,,0,Missoula,MT,1,978,,,,-7.0,"33,30","20,31",,,,,
ncaab:401486676,ncaab,2022-11-23T02:25Z,final,2599,183,St John's,Syracuse,76,69,,,,1,,,,,,,,,,2,,0,Brooklyn,NY,1,15,,,,-5.0,"29,36,11","35,30,4",,,,,
ncaab:401488804,ncaab,2022-11-23T03:00Z,final,279,116,Pacific,Mount St Marys,65,69,-265,210,,0,,,-6.5,-110,-110,,,,,2,,0,Stockton,CA,1,4,,,,-8.0,"33,32","37,32",-205,165,-3.5,-112,-112
ncaab:401491797,ncaab,2022-11-23T03:00Z,final,27,2750,UC Riverside,Wright St,70,65,,,,1,,,,,,,,,,2,,0,Henderson,NV,1,569,,,,-8.0,"38,32","34,31",,,,,
ncaab:401491800,ncaab,2022-11-23T03:00Z,final,2239,111910,Fullerton,Westcliff,78,57,,,,0,,,,,,,,,,2,,0,Fullerton,CA,1,50,,,,-8.0,"44,34","19,38",,,,,
ncaab:401488202,ncaab,2022-11-23T03:30Z,final,302,16,UC Davis,Sacramento St,82,71,-190,157,,1,,,-4.0,-110,-110,,,,,2,,0,Sacramento,CA,1,9,,,,-8.0,"33,49","40,31",-155,125,-1.5,-119,-107
ncaab:401486691,ncaab,2022-11-23T03:38Z,final,12,21,Arizona,San Diego St,87,70,-145,125,,1,,,-2.5,-110,-110,,,,,2,,0,Maui,HI,1,1619,,,,-10.0,"37,50","33,37",-132,105,-1.0,-115,-115
ncaab:401486308,ncaab,2022-11-23T16:00Z,final,112358,2459,Long Island,N Illinois,61,86,,,,1,,,,,,,,,,2,,0,Fort Myers,FL,1,3,,,,-5.0,"27,34","50,36",,,,,
ncaab:401486463,ncaab,2022-11-23T16:00Z,final,227,2287,Rhode Island,Illinois St,57,44,-160,135,,1,,,-3.5,-110,-110,,,,,2,,0,George Town,Cayman Islands,1,4,,,,-5.0,"24,33","22,22",-155,125,-2.5,-115,-115
ncaab:401486687,ncaab,2022-11-23T16:00Z,final,2649,94,Toledo,N Kentucky,82,69,,,,1,,,,,,,,,,2,,0,Estero,FL,1,4,,,,-5.0,"45,37","33,36",,,,,
ncaab:401485151,ncaab,2022-11-23T16:30Z,final,46,44,Georgetown,American,70,74,-948,619,,0,,,-12.5,-110,-110,,,,,2,,0,Washington,DC,1,7,,,,-5.0,"40,30","30,44",-459,340,-7.5,-111,-115
ncaab:401482942,ncaab,2022-11-23T17:00Z,final,2305,152,Kansas,NC State,80,74,,,,1,,,,,,,,,,2,,0,Nassau,Bahamas,1,8,,,,-5.0,"39,41","31,43",,,,,
ncaab:401486938,ncaab,2022-11-23T17:00Z,final,2174,2429,Detroit Mercy,Charlotte,70,49,117,-142,,0,,,2.0,-110,-110,,,,,2,,0,Detroit,MI,1,183,,,,-5.0,"35,35","22,27",107,-134,1.0,-108,-117
ncaab:401486402,ncaab,2022-11-23T17:30Z,final,2737,2199,Winthrop,E Michigan,101,87,,,,1,,,,,,,,,,2,,0,Cancun,Mexico,1,11,,,,-5.0,"47,54","37,50",,,,,
ncaab:401488796,ncaab,2022-11-23T18:00Z,final,325,2130,Cleveland St,Chicago St,77,63,-500,375,,0,,,-8.5,-110,-110,,,,,2,,0,Cleveland,OH,1,199,,,,-5.0,"34,43","34,29",-289,230,-5.5,-115,-115
ncaab:401489703,ncaab,2022-11-23T18:00Z,final,2747,2822,Wofford,N Greenville,70,59,,,,0,,,,,,,,,,2,,0,Spartanburg,SC,1,246,,,,-5.0,"32,38","27,32",,,,,
ncaab:401499110,ncaab,2022-11-23T18:00Z,final,2612,3087,Saint Peter's,Old Westbury,98,51,,,,0,,,,,,,,,,2,,0,Jersey City,NJ,1,9,,,,-5.0,"48,50","29,22",,,,,
ncaab:401486309,ncaab,2022-11-23T18:30Z,final,2534,233,Sam Houston,South Dakota,80,49,,,,1,,,,,,,,,,2,,0,Fort Myers,FL,1,3,,,,-5.0,"33,47","19,30",,,,,
ncaab:401486462,ncaab,2022-11-23T18:30Z,final,2655,98,Tulane,Western KY,65,71,-105,-115,,1,,,1.0,-110,-110,,,,,2,,0,George Town,Cayman Islands,1,4,,,,-5.0,"34,31","29,42",-115,-115,0.0,-114,-110
ncaab:401486685,ncaab,2022-11-23T18:30Z,final,151,250,East Carolina,UT Arlington,79,65,,,,1,,,,,,,,,,2,,0,Estero,FL,1,4,,,,-5.0,"37,42","29,36",,,,,
ncaab:401488699,ncaab,2022-11-23T19:00Z,final,2729,2515,William & Mary,Radford,62,51,136,-164,,0,,,3.5,-110,-110,,,,,2,,0,Williamsburg,VA,1,25,,,,-5.0,"30,32","26,25",121,-151,1.5,-110,-114
ncaab:401491652,ncaab,2022-11-23T19:00Z,final,2066,171,Binghamton,Columbia,81,79,-300,240,,0,,,-6.5,-110,-110,,,,,2,,0,Binghamton,NY,1,264,,,,-5.0,"41,40","39,40",-240,195,-4.0,-109,-116
ncaab:401483423,ncaab,2022-11-23T19:30Z,final,2168,275,Dayton,Wisconsin,42,43,,,,1,,,,,,,,,,2,,0,Nassau,Bahamas,1,8,,,,-5.0,"14,28","23,20",,,,,
ncaab:401486696,ncaab,2022-11-23T19:30Z,final,194,2641,Ohio State,Texas Tech,80,73,110,-130,,1,,,1.5,-105,-115,,,,,2,,0,Maui,HI,1,1619,,,,-10.0,"41,39","37,36",-105,-124,0.5,-115,-112
ncaab:401486403,ncaab,2022-11-23T20:00Z,final,2572,2870,Southern Miss,Purdue FW,70,58,-110,-110,,1,,,0.5,-112,-107,,,,,2,,0,Cancun,Mexico,1,11,,,,-5.0,"39,31","26,32",-110,-115,0.5,-120,-102
ncaab:401486705,ncaab,2022-11-23T20:00Z,final,2117,2463,C Michigan,CSU Northridge,82,66,,,,1,,,,,,,,,,2,,0,San Juan Capistrano,CA,1,37,,,,-8.0,"31,51","23,43",,,,,
ncaab:401488635,ncaab,2022-11-23T20:00Z,final,2443,2643,LSU N Orleans,The Citadel,65,72,,,,0,,,,,,,,,,2,,0,New Orleans,LA,1,0,,,,-6.0,"35,30","29,43",,,,,
ncaab:401489047,ncaab,2022-11-23T20:00Z,final,2351,2415,LMU,Morgan St,81,80,,,,0,,,,,,,,,,2,,0,Los Angeles,CA,1,89,,,,-8.0,"38,36,7","46,28,6",,,,,
ncaab:401489557,ncaab,2022-11-23T20:00Z,final,270,2900,Milwaukee,St Thomas,72,76,,,,0,,,,,,,,,,2,,0,Milwaukee,WI,1,188,,,,-6.0,"33,39","35,41",,,,,
ncaab:401492436,ncaab,2022-11-23T20:00Z,final,315,126796,Niagara,D'Youville,91,53,,,,0,,,,,,,,,,2,,0,Niagara Falls,NY,1,187,,,,-5.0,"40,51","28,25",,,,,
ncaab:401497590,ncaab,2022-11-23T20:00Z,final,2535,2674,Samford,Valparaiso,79,49,-462,350,,0,,,-9.5,-110,-110,,,,,2,,0,Homewood,AL,1,203,,,,-6.0,"52,27","22,27",-300,237,-5.5,-109,-116
ncaab:401487511,ncaab,2022-11-23T20:30Z,final,2115,311,C Connecticut,Maine,58,66,,,,0,,,,,,,,,,2,,0,New Britain,CT,1,51,,,,-5.0,"30,28","36,30",,,,,
ncaab:401483264,ncaab,2022-11-23T21:00Z,final,239,2377,Baylor,McNeese,89,60,-117650,6551,,0,,,-35.5,-110,-110,,,,,2,,0,Waco,TX,1,143,,,,-6.0,"39,50","30,30",-20000,3000,-20.5,-112,-112
ncaab:401485312,ncaab,2022-11-23T21:00Z,final,236,288,Chattanooga,Lipscomb,66,72,-297,237,,0,,,-7.5,-110,-110,,,,,2,,0,Chattanooga,TN,1,206,,,,-5.0,"24,42","27,45",-240,195,-4.0,-117,-108
ncaab:401491702,ncaab,2022-11-23T21:00Z,final,2692,2750,Weber St,Wright St,65,87,,,,1,,,,,,,,,,2,,0,Henderson,NV,1,569,,,,-8.0,"32,33","52,35",,,,,
ncaab:401491704,ncaab,2022-11-23T21:00Z,final,2097,294,Campbell,Jacksonville,43,64,-118,-102,,0,,,-1.0,-110,-110,,,,,2,,0,Buies Creek,NC,1,63,,,,-5.0,"18,25","32,32",-130,-100,-0.5,-113,-112
ncaab:401497591,ncaab,2022-11-23T21:00Z,final,96,2454,Kentucky,North Florida,96,56,-17096,3231,,0,,,-27.5,-110,-110,,,,,2,,0,Lexington,KY,1,295,,,,-5.0,"54,42","23,33",-4000,1248,-15.5,-108,-117
ncaab:401499436,ncaab,2022-11-23T21:30Z,final,2198,2855,E Kentucky,Brescia,122,84,,,,0,,,,,,,,,,2,,0,Richmond,KY,1,289,,,,-5.0,"61,61","31,53",,,,,
ncaab:401483474,ncaab,2022-11-23T22:00Z,final,30,252,USC,BYU,82,76,,,,1,,,,,,,,,,2,,0,Nassau,Bahamas,1,8,,,,-5.0,"31,51","30,46",,,,,
ncaab:401486465,ncaab,2022-11-23T22:00Z,final,2440,2006,Nevada,Akron,62,58,-125,105,,1,,,-1.5,-110,-110,,,,,2,,0,George Town,Cayman Islands,1,4,,,,-5.0,"20,42","24,34",-119,103,0.0,-120,-106
ncaab:401486686,ncaab,2022-11-23T22:00Z,final,282,2182,Indiana St,Drexel,85,81,,,,1,,,,,,,,,,2,,0,Estero,FL,1,4,,,,-5.0,"40,45","35,46",,,,,
ncaab:401486694,ncaab,2022-11-23T22:00Z,final,12,156,Arizona,Creighton,81,79,-160,135,,1,,,-3.5,-115,-105,,,,,2,,0,Maui,HI,1,1619,,,,-10.0,"39,42","30,49",-160,127,-2.0,-120,-110
ncaab:401486704,ncaab,2022-11-23T22:30Z,final,2272,2634,High Point,Tennessee St,77,72,-150,126,,1,,,-3.0,-110,-110,,,,,2,,0,San Juan Capistrano,CA,1,37,,,,-8.0,"38,39","37,35",-145,120,-1.5,-110,-115
ncaab:401488638,ncaab,2022-11-23T22:35Z,final,85,2172,IU Indy,Denver,64,86,,,,1,,,,,,,,,,2,,0,New Orleans,LA,1,0,,,,-6.0,"34,30","46,40",,,,,
ncaab:401485313,ncaab,2022-11-23T23:00Z,final,2511,2355,Queens,Lynchburg,107,72,,,,0,,,,,,,,,,2,,0,Charlotte,NC,1,229,,,,-5.0,"54,53","31,41",,,,,
ncaab:401486310,ncaab,2022-11-23T23:00Z,final,59,269,Georgia Tech,Marquette,60,84,,,,1,,,,,,,,,,2,,0,Fort Myers,FL,1,3,,,,-5.0,"28,32","41,43",,,,,
ncaab:401486398,ncaab,2022-11-23T23:00Z,final,2335,71,Liberty,Bradley,55,44,-134,112,,1,,,-2.0,-110,-110,,,,,2,,0,Cancun,Mexico,1,11,,,,-5.0,"23,32","17,27",-130,105,-1.5,-115,-115
ncaab:401487280,ncaab,2022-11-23T23:00Z,final,2005,2400,Air Force,Miss Valley St,64,51,,,,0,,,,,,,,,,2,,0,Colorado Springs,CO,1,1832,,,,-7.0,"30,34","19,32",,,,,
ncaab:401488695,ncaab,2022-11-23T23:00Z,final,2016,357,Alcorn St,Texas A&M-CC,67,98,138,-168,,1,,,3.5,-110,-110,,,,,2,,0,El Paso,TX,1,1133,,,,-7.0,"28,39","48,50",130,-160,2.0,-112,-112
ncaab:401488814,ncaab,2022-11-23T23:00Z,final,232,2309,Charleston,Kent State,74,72,-147,122,,0,,,-2.5,-110,-110,,,,,2,,0,Charleston,SC,1,6,,,,-5.0,"36,38","40,32",-142,115,-1.5,-110,-119
ncaab:401482933,ncaab,2022-11-23T23:30Z,final,2390,2597,Miami,St Francis BK,79,56,,,,0,,,,,,,,,,2,,0,Coral Gables,FL,1,3,,,,-5.0,"38,41","26,30",,,,,
ncaab:401483347,ncaab,2022-11-23T23:30Z,final,84,2031,Indiana,Little Rock,87,68,-19944,3431,,0,,,-28.5,-110,-110,,,,,2,,0,Bloomington,IN,1,235,,,,-5.0,"39,48","30,38",-3756,1334,-16.0,-124,-103
ncaab:401491798,ncaab,2022-11-23T23:30Z,final,27,2000,UC Riverside,Abilene Chrstn,76,65,,,,1,,,,,,,,,,2,,0,Henderson,NV,1,569,,,,-8.0,"37,39","31,34",,,,,
ncaab:401483199,ncaab,2022-11-24T00:00Z,final,142,324,Missouri,Coastal,89,51,-1400,725,,0,,,-14.0,-110,-110,,,,,2,,0,Columbia,MO,1,215,,,,-6.0,"45,44","32,19",-487,362,-8.0,-117,-108
ncaab:401485152,ncaab,2022-11-24T00:00Z,final,2507,2771,Providence,Merrimack,71,57,-4121,1462,,0,,,-20.0,-110,-110,,,,,2,,0,Providence,RI,1,2,,,,-5.0,"37,34","26,31",-1200,700,-12.0,-110,-115
ncaab:401485514,ncaab,2022-11-24T00:00Z,final,2193,2026,ETSU,App State,70,74,,,,0,,,,,,,,,,2,,0,Johnson City,TN,1,498,,,,-5.0,"33,37","32,42",,,,,
ncaab:401487331,ncaab,2022-11-24T00:00Z,final,225,2349,Brown,UMass Lowell,62,73,140,-165,,0,,,3.5,-110,-110,,,,,2,,0,Providence,RI,1,2,,,,-5.0,"39,23","32,41",120,-150,1.5,-112,-112
ncaab:401487620,ncaab,2022-11-24T00:00Z,final,2184,2011,Duquesne,Alabama St,75,57,-3500,1400,,0,,,-19.5,-115,-105,,,,,2,,0,Pittsburgh,PA,1,233,,,,-5.0,"37,38","28,29",-1050,650,-11.5,-110,-114
ncaab:401488668,ncaab,2022-11-24T00:00Z,final,2116,339,UCF,Evansville,76,56,-1499,850,,0,,,-14.5,-110,-110,,,,,2,,0,Orlando,FL,1,30,,,,-5.0,"35,41","30,26",-524,385,-8.5,-116,-109
ncaab:401488708,ncaab,2022-11-24T00:00Z,final,2229,2619,FIU,Stony Brook,83,50,,,,0,,,,,,,,,,2,,0,Miami,FL,1,2,,,,-5.0,"38,45","21,29",,,,,
ncaab:401488991,ncaab,2022-11-24T00:00Z,final,13,70,Cal Poly,Idaho,82,71,-375,300,,0,,,-7.5,-110,-110,,,,,2,,0,San Luis Obispo,CA,1,71,,,,-8.0,"39,43","36,35",-250,200,-4.0,-117,-107
ncaab:401493787,ncaab,2022-11-24T00:00Z,final,2598,111170,Saint Francis,Franciscan,120,53,,,,0,,,,,,,,,,2,,0,Loretto,PA,1,595,,,,-5.0,"64,56","28,25",,,,,
ncaab:401493958,ncaab,2022-11-24T00:00Z,final,2541,2381,Santa Clara,Menlo,64,51,,,,0,,,,,,,,,,2,,0,Santa Clara,CA,1,23,,,,-8.0,"24,40","24,27",,,,,
ncaab:401483233,ncaab,2022-11-24T00:30Z,final,2633,2086,Tennessee,Butler,71,45,,,,1,,,,,,,,,,2,,0,Nassau,Bahamas,1,8,,,,-5.0,"28,43","23,22",,,,,
ncaab:401486464,ncaab,2022-11-24T00:30Z,final,2306,99,Kansas St,LSU,61,59,-132,112,,1,,,-2.5,-110,-110,,,,,2,,0,George Town,Cayman Islands,1,4,,,,-5.0,"33,28","41,18",-122,100,-0.5,-115,-105
ncaab:401486684,ncaab,2022-11-24T00:30Z,final,140,526,Kansas City,FGCU,59,73,,,,1,,,,,,,,,,2,,0,Estero,FL,1,4,,,,-5.0,"23,36","36,37",,,,,
ncaab:401486697,ncaab,2022-11-24T00:30Z,final,2132,97,Cincinnati,Louisville,81,62,-400,310,,1,,,-8.5,-110,-110,,,,,2,,0,Maui,HI,1,1619,,,,-10.0,"31,50","30,32",-252,202,-4.5,-120,-110
ncaab:401487683,ncaab,2022-11-24T01:00Z,final,139,2491,Saint Louis,Paul Quinn,96,53,,,,0,,,,,,,,,,2,,0,St. Louis,MO,1,142,,,,-6.0,"50,46","30,23",,,,,
ncaab:401491678,ncaab,2022-11-24T01:00Z,final,2815,304,Lindenwood,Idaho St,77,76,110,-130,,0,,,1.5,-107,-112,,,,,2,,0,Saint Charles,MO,1,147,,,,-6.0,"32,36,9","17,51,8",-105,-122,0.5,-120,-110
ncaab:401494407,ncaab,2022-11-24T01:00Z,final,2010,2348,Alabama A&M,Louisiana Tech,75,80,665,-1048,,0,,,13.5,-110,-110,,,,,2,,0,Normal,AL,1,220,,,,-6.0,"33,42","35,45",320,-425,7.5,-112,-112
ncaab:401483003,ncaab,2022-11-24T01:30Z,final,154,2569,Wake Forest,SC State,105,74,,,,0,,,,,,,,,,2,,0,Winston-Salem,NC,1,293,,,,-5.0,"51,54","27,47",,,,,
ncaab:401483368,ncaab,2022-11-24T01:30Z,final,130,2296,Michigan,Jackson St,78,68,-5096,1650,,0,,,-22.5,-110,-110,,,,,2,,0,Ann Arbor,MI,1,269,,,,-5.0,"37,41","27,41",-1275,724,-12.5,-110,-115
ncaab:401486311,ncaab,2022-11-24T01:30Z,final,344,254,Mississippi St,Utah,52,49,-275,220,,1,,,-6.5,-110,-110,,,,,2,,0,Fort Myers,FL,1,3,,,,-5.0,"25,27","21,28",-197,155,-3.5,-105,-115
ncaab:401486399,ncaab,2022-11-24T01:30Z,final,77,2,Northwestern,Auburn,42,43,250,-325,,1,,,7.5,-110,-110,,,,,2,,0,Cancun,Mexico,1,11,,,,-5.0,"19,23","19,24",180,-230,3.5,-110,-110
ncaab:401487156,ncaab,2022-11-24T02:00Z,final,2638,2934,UTEP,Bakersfield,68,67,-500,375,,0,,,-9.5,-108,-112,,,,,2,,0,El Paso,TX,1,1133,,,,-7.0,"34,21,13","21,34,12",-295,227,-5.0,-120,-106
ncaab:401486725,ncaab,2022-11-24T02:30Z,final,264,278,Washington,Fresno St,62,57,-155,127,,1,,,-2.5,-110,-110,,,,,2,,0,Anaheim,CA,1,48,,,,-8.0,"27,35","28,29",-150,120,-2.0,-110,-120
ncaab:401485314,ncaab,2022-11-24T03:00Z,final,2540,2453,Santa Barbara,North Alabama,89,71,-2100,1100,,0,,,-18.0,-110,-110,,,,,2,,0,Santa Barbara,CA,1,15,,,,-8.0,"41,48","37,34",-875,575,-11.0,-109,-116
ncaab:401486695,ncaab,2022-11-24T03:00Z,final,21,8,San Diego St,Arkansas,74,78,-130,108,,1,,,-1.5,-110,-110,,,,,2,,0,Maui,HI,1,1619,,,,-10.0,"35,32,7","26,41,11",-129,102,-0.5,-120,-108
ncaab:401489102,ncaab,2022-11-24T03:00Z,final,2547,2486,Seattle U,Pac Lutheran,89,53,,,,0,,,,,,,,,,2,,0,Seattle,WA,1,56,,,,-8.0,"40,49","23,30",,,,,
ncaab:401483464,ncaab,2022-11-24T03:30Z,final,26,2492,UCLA,Pepperdine,100,53,-1939,1000,,0,,,-16.0,-110,-110,,,,,2,,0,Los Angeles,CA,1,89,,,,-8.0,"43,57","29,24",-697,450,-9.5,-110,-120
ncaab:401486703,ncaab,2022-11-24T03:30Z,final,2439,135,UNLV,Minnesota,71,62,-196,162,,1,,,-4.5,-110,-110,,,,,2,,0,San Juan Capistrano,CA,1,37,,,,-8.0,"38,33","24,38",-166,132,-2.0,-110,-120
ncaab:401483251,ncaab,2022-11-24T04:59Z,final,238,2608,Vanderbilt,Saint Mary's,65,75,280,-350,,1,,,7.5,-105,-115,,,,,2,,0,Anaheim,CA,1,48,,,,-8.0,"27,38","35,40",198,-250,4.5,-115,-115
ncaab:401486702,ncaab,2022-11-24T06:00Z,final,79,2856,S Illinois,CA Baptist,64,61,,,,1,,,,,,,,,,2,,0,San Juan Capistrano,CA,1,37,,,,-8.0,"33,24,7","26,31,4",,,,,
ncaab:401486720,ncaab,2022-11-24T16:00Z,final,2305,275,Kansas,Wisconsin,69,68,,,,1,,,,,,,,,,2,,0,Nassau,Bahamas,1,8,,,,-5.0,"33,30,6","20,43,5",,,,,
ncaab:401486728,ncaab,2022-11-24T16:00Z,final,2561,52,Siena,Florida St,80,63,314,-417,,1,,,8.5,-110,-110,,,,,2,,0,Kissimmee,FL,1,20,,,,-5.0,"43,37","26,37",225,-290,5.0,-115,-110
ncaab:401487581,ncaab,2022-11-24T17:00Z,final,111,2363,Northeastern,Manhattan,69,67,-171,140,,1,,,-3.5,-110,-110,,,,,2,,0,London,England,1,25,,,,0.0,"29,28,12","29,28,10",-140,110,-1.5,-115,-110
ncaab:401482951,ncaab,2022-11-24T18:00Z,final,2501,153,Portland,North Carolina,81,89,810,-1399,,1,,,14.5,-110,-110,,,,,2,,0,Portland,OR,1,12,,,,-8.0,"38,43","40,49",380,-550,8.5,-109,-116
ncaab:401483210,ncaab,2022-11-24T18:30Z,final,24,145,Stanford,Ole Miss,68,72,102,-120,,1,,,1.5,-110,-110,,,,,2,,0,Kissimmee,FL,1,20,,,,-5.0,"22,46","29,43",-107,-117,0.5,-120,-110
ncaab:401486719,ncaab,2022-11-24T18:45Z,final,30,2633,USC,Tennessee,66,73,,,,1,,,,,,,,,,2,,0,Nassau,Bahamas,1,8,,,,-5.0,"34,28,4","37,25,11",,,,,
ncaab:401487582,ncaab,2022-11-24T19:30Z,final,349,163,Army,Princeton,66,74,334,-461,,1,,,9.0,-110,-110,,,,,2,,0,London,England,1,25,,,,0.0,"32,34","33,41",225,-285,5.0,-110,-114
ncaab:401482911,ncaab,2022-11-24T20:00Z,final,204,150,Oregon St,Duke,51,54,1800,-7000,,1,,,21.5,-110,-110,,,,,2,,0,Portland,OR,1,12,,,,-8.0,"27,24","29,25",797,-1461,12.5,-115,-115
ncaab:401488636,ncaab,2022-11-24T20:00Z,final,2443,85,LSU N Orleans,IU Indy,87,84,,,,0,,,,,,,,,,2,,0,New Orleans,LA,1,0,,,,-6.0,"45,42","42,42",,,,,
ncaab:401483269,ncaab,2022-11-24T20:30Z,final,222,66,Villanova,Iowa State,79,81,-125,104,,1,,,-1.5,-115,-105,,,,,2,,0,Portland,OR,1,12,,,,-8.0,"34,33,12","34,33,14",-119,-102,-0.5,-106,-114
ncaab:401486718,ncaab,2022-11-24T21:20Z,final,152,2168,NC State,Dayton,76,64,,,,1,,,,,,,,,,2,,0,Nassau,Bahamas,1,8,,,,-5.0,"36,40","32,32",,,,,
ncaab:401483294,ncaab,2022-11-24T22:00Z,final,158,201,Nebraska,Oklahoma,56,69,215,-262,,1,,,6.5,-114,-107,,,,,2,,0,Kissimmee,FL,1,20,,,,-5.0,"34,22","41,28",162,-200,3.5,-112,-115
ncaab:401483033,ncaab,2022-11-24T22:38Z,final,2752,57,Xavier,Florida,90,83,-127,105,,1,,,-1.5,-115,-106,,,,,2,,0,Portland,OR,1,12,,,,-8.0,"42,48","38,45",-137,110,-1.0,-115,-115
ncaab:401488639,ncaab,2022-11-24T23:00Z,final,2172,2643,Denver,The Citadel,74,71,-155,130,,1,,,-2.5,-115,-105,,,,,2,,0,New Orleans,LA,1,0,,,,-6.0,"34,40","33,38",-140,115,-1.5,-110,-114
ncaab:401486717,ncaab,2022-11-24T23:30Z,final,252,2086,BYU,Butler,70,75,,,,1,,,,,,,,,,2,,0,Nassau,Bahamas,1,8,,,,-5.0,"30,40","37,38",,,,,
ncaab:401485154,ncaab,2022-11-25T00:30Z,final,2550,235,Seton Hall,Memphis,70,69,106,-125,,1,,,1.5,-105,-115,,,,,2,,0,Kissimmee,FL,1,20,,,,-5.0,"30,40","31,38",-100,-124,0.5,-120,-110
ncaab:401484355,ncaab,2022-11-25T01:00Z,final,2483,41,Oregon,UConn,59,83,,,,1,,,,,,,,,,2,,0,Portland,OR,1,12,,,,-8.0,"28,31","39,44",,,,,
ncaab:401483331,ncaab,2022-11-25T03:00Z,final,277,2509,West Virginia,Purdue,68,80,106,-129,,1,,,1.5,-110,-110,,,,,2,,0,Portland,OR,1,12,,,,-8.0,"32,36","43,37",-100,-123,0.5,-120,-110
ncaab:401486726,ncaab,2022-11-25T03:00Z,final,238,278,Vanderbilt,Fresno St,67,59,-194,155,,1,,,-4.0,-110,-110,,,,,2,,0,Anaheim,CA,1,48,,,,-8.0,"31,36","26,33",-162,132,-1.5,-120,-105
ncaab:401484356,ncaab,2022-11-25T03:40Z,final,127,333,Michigan St,Alabama,70,81,164,-197,,1,,,5.0,-110,-110,,,,,2,,0,Portland,OR,1,12,,,,-8.0,"37,33","42,39",127,-160,2.5,-115,-110
ncaab:401486727,ncaab,2022-11-25T05:30Z,final,2608,264,Saint Mary's,Washington,64,68,-670,470,,1,,,-10.5,-110,-110,,,,,2,,0,Anaheim,CA,1,48,,,,-8.0,"22,36,6","28,30,10",-350,265,-5.5,-121,-104
ncaab:401484367,ncaab,2022-11-25T05:43Z,final,2250,2502,Gonzaga,Portland St,102,78,-10000,3000,,1,,,-27.5,-110,-110,,,,,2,,0,Portland,OR,1,12,,,,-8.0,"55,47","31,47",-3431,1229,-16.0,-114,-110
ncaab:401486730,ncaab,2022-11-25T16:00Z,final,145,2561,Ole Miss,Siena,74,62,-850,560,,1,,,-12.0,-105,-115,,,,,2,,0,Kissimmee,FL,1,20,,,,-5.0,"26,48","27,35",-375,290,-7.0,-115,-110
ncaab:401502043,ncaab,2022-11-25T16:00Z,final,256,3189,James Madison,Coastal GA,100,54,,,,1,,,,,,,,,,2,,0,Savannah,GA,1,6,,,,-5.0,"49,51","23,31",,,,,
ncaab:401486368,ncaab,2022-11-25T17:00Z,final,261,2050,Vermont,Ball State,78,73,,,,1,,,,,,,,,,2,,0,Nassau,Bahamas,1,8,,,,-5.0,"36,42","32,41",,,,,
ncaab:401486404,ncaab,2022-11-25T17:00Z,final,2352,2582,Loyola MD,Southern,58,76,150,-180,,1,,,4.0,-107,-112,,,,,2,,0,Niceville,FL,1,11,,,,-6.0,"27,31","44,32",122,-150,1.5,-115,-115
ncaab:401500675,ncaab,2022-11-25T17:00Z,final,2344,124942,Longwood,Mary Baldwin,112,60,,,,0,,,,,,,,,,2,,0,Farmville,VA,1,90,,,,-5.0,"55,57","27,33",,,,,
ncaab:401483348,ncaab,2022-11-25T17:30Z,final,84,2296,Indiana,Jackson St,90,51,-10000,2000,,0,,,-27.5,-110,-110,,,,,2,,0,Bloomington,IN,1,235,,,,-5.0,"44,46","28,23",-4000,1300,-16.0,-110,-115
ncaab:401483239,ncaab,2022-11-25T18:00Z,final,305,245,DePaul,Texas A&M,66,82,160,-190,,0,,,4.5,-105,-115,,,,,2,,0,Chicago,IL,1,179,,,,-6.0,"27,39","38,44",130,-155,1.5,-110,-120
ncaab:401486724,ncaab,2022-11-25T18:00Z,final,275,30,Wisconsin,USC,64,59,,,,1,,,,,,,,,,2,,0,Nassau,Bahamas,1,8,,,,-5.0,"36,28","34,25",,,,,
ncaab:401488696,ncaab,2022-11-25T18:00Z,final,2016,2934,Alcorn St,Bakersfield,62,54,102,-125,,1,,,2.0,-107,-114,,,,,2,,0,El Paso,TX,1,1133,,,,-7.0,"31,31","28,26",-110,-120,0.5,-113,-112
ncaab:401486729,ncaab,2022-11-25T18:30Z,final,24,52,Stanford,Florida St,70,60,-275,220,,1,,,-6.0,-115,-105,,,,,2,,0,Kissimmee,FL,1,20,,,,-5.0,"21,49","27,33",-212,172,-4.0,-108,-116
ncaab:401497578,ncaab,2022-11-25T18:30Z,final,2674,2571,Valparaiso,S Dakota St,50,61,,,,1,,,,,,,,,,2,,0,Savannah,GA,1,6,,,,-5.0,"23,27","23,38",,,,,
ncaab:401484862,ncaab,2022-11-25T19:00Z,final,231,2839,Furman,Tusculum,102,74,,,,0,,,,,,,,,,2,,0,Greenville,SC,1,307,,,,-5.0,"57,45","27,47",,,,,
ncaab:401485012,ncaab,2022-11-25T19:00Z,final,2405,172,Monmouth,Cornell,63,81,215,-267,,0,,,6.0,-110,-110,,,,,2,,0,West Long Branch,NJ,1,9,,,,-5.0,"27,36","39,42",155,-190,3.5,-117,-108
ncaab:401487431,ncaab,2022-11-25T19:00Z,final,108,2350,Harvard,Loyola Chicago,61,55,125,-145,,0,,,3.0,-115,-105,,,,,2,,0,Cambridge,MA,1,5,,,,-5.0,"33,28","26,29",115,-145,1.5,-115,-115
ncaab:401488216,ncaab,2022-11-25T19:00Z,final,2142,48,Colgate,Delaware,68,72,,,,1,,,,,,,,,,2,,0,Philadelphia,PA,1,12,,,,-5.0,"29,39","26,46",,,,,
ncaab:401488683,ncaab,2022-11-25T19:00Z,final,195,2197,Ohio,E Illinois,78,67,,,,0,,,,,,,,,,2,,0,Athens,OH,1,219,,,,-5.0,"37,41","35,32",,,,,
ncaab:401488720,ncaab,2022-11-25T19:00Z,final,58,2597,South Florida,St Francis BK,75,60,,,,0,,,,,,,,,,2,,0,Tampa,FL,1,1,,,,-5.0,"36,39","33,27",,,,,
ncaab:401489070,ncaab,2022-11-25T19:00Z,final,155,3101,North Dakota,Utah Tech,67,52,140,-167,,0,,,3.5,-110,-110,,,,,2,,0,Grand Forks,ND,1,253,,,,-6.0,"34,33","29,23",105,-135,1.0,-115,-115
ncaab:401491793,ncaab,2022-11-25T19:00Z,final,2166,2539,Davidson,San Francisco,89,80,-145,121,,0,,,-2.5,-110,-110,,,,,2,,0,Davidson,NC,1,256,,,,-5.0,"36,53","40,40",-130,105,-1.0,-112,-112
ncaab:401498726,ncaab,2022-11-25T19:00Z,final,2514,2617,Quinnipiac,SF Austin,58,44,,,,1,,,,,,,,,,2,,0,Laval,PQ,1,34,,,,-5.0,"30,28","26,18",,,,,
ncaab:401486369,ncaab,2022-11-25T19:30Z,final,2623,350,Missouri St,UNC Wilmington,54,68,,,,1,,,,,,,,,,2,,0,Nassau,Bahamas,1,8,,,,-5.0,"28,26","29,39",,,,,
ncaab:401486405,ncaab,2022-11-25T19:30Z,final,2437,2433,Omaha,UL Monroe,63,56,,,,1,,,,,,,,,,2,,0,Niceville,FL,1,11,,,,-6.0,"28,35","27,29",,,,,
ncaab:401485315,ncaab,2022-11-25T20:00Z,final,2351,91,LMU,Bellarmine,80,59,,,,0,,,,,,,,,,2,,0,Los Angeles,CA,1,89,,,,-8.0,"37,43","34,25",,,,,
ncaab:401486737,ncaab,2022-11-25T20:00Z,final,222,2501,Villanova,Portland,71,83,-297,237,,1,,,-6.5,-115,-105,,,,,2,,0,Portland,OR,1,12,,,,-8.0,"27,44","35,48",-220,172,-3.5,-115,-106
ncaab:401488637,ncaab,2022-11-25T20:00Z,final,2443,2172,LSU N Orleans,Denver,76,77,,,,0,,,,,,,,,,2,,0,New Orleans,LA,1,0,,,,-6.0,"30,46","35,42",,,,,
ncaab:401493944,ncaab,2022-11-25T20:00Z,final,2535,2348,Samford,Louisiana Tech,76,79,-250,195,,0,,,-6.0,-112,-107,,,,,2,,0,Homewood,AL,1,203,,,,-6.0,"35,41","33,46",-200,160,-3.5,-107,-118
ncaab:401486723,ncaab,2022-11-25T20:30Z,final,2168,252,Dayton,BYU,75,79,,,,1,,,,,,,,,,2,,0,Nassau,Bahamas,1,8,,,,-5.0,"40,24,11","24,40,15",,,,,
ncaab:401486746,ncaab,2022-11-25T20:30Z,final,2752,150,Xavier,Duke,64,71,185,-225,,1,,,5.5,-107,-112,,,,,2,,0,Portland,OR,1,12,,,,-8.0,"34,30","40,31",137,-175,2.5,-112,-115
ncaab:401482960,ncaab,2022-11-25T21:00Z,final,179,87,St Bonaventure,Notre Dame,63,51,,,,1,,,,,,,,,,2,,0,Elmont,NY,1,12,,,,-5.0,"31,32","20,31",,,,,
ncaab:401483218,ncaab,2022-11-25T21:00Z,final,2579,2908,South Carolina,SC Upstate,68,53,-765,510,,0,,,-11.5,-106,-113,,,,,2,,0,Charleston,SC,1,6,,,,-5.0,"28,40","31,22",-390,295,-7.0,-114,-110
ncaab:401483361,ncaab,2022-11-25T21:00Z,final,120,2154,Maryland,Coppin St,95,79,-5000,1600,,0,,,-23.5,-112,-108,,,,,2,,0,College Park,MD,1,21,,,,-5.0,"47,48","36,43",-1700,900,-14.0,-112,-112
ncaab:401487157,ncaab,2022-11-25T21:00Z,final,2638,357,UTEP,Texas A&M-CC,72,67,-190,160,,0,,,-3.5,-115,-106,,,,,2,,0,El Paso,TX,1,1133,,,,-7.0,"37,35","26,41",-165,135,-2.0,-117,-107
ncaab:401491867,ncaab,2022-11-25T21:00Z,final,265,2174,Washington St,Detroit Mercy,96,54,-800,535,,0,,,-11.5,-105,-115,,,,,2,,0,Pullman,WA,1,717,,,,-8.0,"56,40","23,31",-355,270,-6.5,-112,-112
ncaab:401497575,ncaab,2022-11-25T21:00Z,final,119,2217,Towson,Fairfield,69,74,,,,1,,,,,,,,,,2,,0,Savannah,GA,1,6,,,,-5.0,"33,36","34,40",,,,,
ncaab:401487453,ncaab,2022-11-25T21:30Z,final,219,42,Penn,Hartford,75,55,-2472,1184,,0,,,-19.0,-110,-110,,,,,2,,0,Philadelphia,PA,1,12,,,,-5.0,"34,41","24,31",-1050,650,-12.0,-107,-117
ncaab:401497078,ncaab,2022-11-25T21:30Z,final,147,2430,Montana St,UNC Greensboro,66,77,,,,1,,,,,,,,,,2,,0,Laval,PQ,1,34,,,,-5.0,"38,28","39,38",,,,,
ncaab:401486370,ncaab,2022-11-25T22:30Z,final,249,23,North Texas,San José St,69,54,,,,1,,,,,,,,,,2,,0,Nassau,Bahamas,1,8,,,,-5.0,"43,26","27,27",,,,,
ncaab:401486731,ncaab,2022-11-25T22:30Z,final,235,158,Memphis,Nebraska,73,61,-575,412,,1,,,-10.5,-110,-110,,,,,2,,0,Kissimmee,FL,1,20,,,,-5.0,"33,40","30,31",-337,252,-5.5,-115,-115
ncaab:401486738,ncaab,2022-11-25T22:30Z,final,66,153,Iowa State,North Carolina,70,65,202,-250,,1,,,5.5,-110,-110,,,,,2,,0,Portland,OR,1,12,,,,-8.0,"32,38","34,31",155,-192,2.5,-105,-118
ncaab:401488707,ncaab,2022-11-25T22:30Z,final,331,2619,E Washington,Stony Brook,81,52,,,,1,,,,,,,,,,2,,0,Miami,FL,1,2,,,,-5.0,"36,45","25,27",,,,,
ncaab:401482987,ncaab,2022-11-25T23:00Z,final,258,2379,Virginia,MD Eastern,72,45,,,,0,,,,,,,,,,2,,0,Charlottesville,VA,1,142,,,,-5.0,"40,32","22,23",,,,,
ncaab:401486745,ncaab,2022-11-25T23:00Z,final,57,204,Florida,Oregon St,81,68,-1399,800,,1,,,-14.0,-110,-110,,,,,2,,0,Portland,OR,1,12,,,,-8.0,"42,39","29,39",-475,350,-8.0,-116,-109
ncaab:401487367,ncaab,2022-11-25T23:00Z,final,2916,159,Incarnate Word,Dartmouth,69,64,250,-325,,1,,,7.5,-110,-110,,,,,2,,0,San Antonio,TX,1,198,,,,-6.0,"38,31","32,32",185,-230,4.5,-116,-109
ncaab:401493504,ncaab,2022-11-25T23:00Z,final,2643,85,The Citadel,IU Indy,74,53,,,,1,,,,,,,,,,2,,0,New Orleans,LA,1,0,,,,-6.0,"41,33","11,42",,,,,
ncaab:401491891,ncaab,2022-11-25T23:30Z,final,6,339,South Alabama,Evansville,78,67,,,,1,,,,,,,,,,2,,0,Savannah,GA,1,6,,,,-5.0,"37,41","37,30",,,,,
ncaab:401482902,ncaab,2022-11-26T00:00Z,final,228,2294,Clemson,Iowa,71,74,275,-380,,1,,,8.5,-110,-110,,,,,2,,0,Niceville,FL,1,11,,,,-6.0,"27,44","34,40",200,-250,4.5,-115,-115
ncaab:401482970,ncaab,2022-11-26T00:00Z,final,221,2729,Pitt,William & Mary,80,64,-1099,680,,0,,,-13.5,-110,-110,,,,,2,,0,Pittsburgh,PA,1,233,,,,-5.0,"33,47","37,27",-450,336,-8.0,-111,-114
ncaab:401483401,ncaab,2022-11-26T00:00Z,final,213,322,Penn State,Lafayette,70,57,-4000,1400,,0,,,-21.5,-115,-105,,,,,2,,0,University Park,PA,1,348,,,,-5.0,"42,28","32,25",-1600,850,-13.0,-112,-112
ncaab:401487261,ncaab,2022-11-26T00:00Z,final,167,55,New Mexico,Jax State,79,61,,,,0,,,,,,,,,,2,,0,Albuquerque,NM,1,1511,,,,-7.0,"42,37","21,40",,,,,
ncaab:401494408,ncaab,2022-11-26T00:00Z,final,2010,2370,Alabama A&M,UT Southern,90,79,,,,0,,,,,,,,,,2,,0,Normal,AL,1,220,,,,-6.0,"37,53","39,40",,,,,
ncaab:401497572,ncaab,2022-11-26T00:00Z,final,300,2447,UC Irvine,Nicholls,83,56,,,,1,,,,,,,,,,2,,0,Las Vegas,NV,1,610,,,,-8.0,"29,54","29,27",,,,,
ncaab:401489754,ncaab,2022-11-26T00:27Z,final,2275,2393,Hofstra,MTSU,54,64,,,,1,,,,,,,,,,2,,0,Laval,PQ,1,34,,,,-5.0,"26,28","40,24",,,,,
ncaab:401486722,ncaab,2022-11-26T00:30Z,final,2305,2633,Kansas,Tennessee,50,64,,,,1,,,,,,,,,,2,,0,Nassau,Bahamas,1,8,,,,-5.0,"25,25","33,31",,,,,
ncaab:401482995,ncaab,2022-11-26T01:00Z,final,259,2127,Virginia Tech,Charleston So,69,64,-7000,2000,,0,,,-25.5,-107,-112,,,,,2,,0,Blacksburg,VA,1,633,,,,-5.0,"37,32","33,31",-1700,900,-14.5,-112,-112
ncaab:401486378,ncaab,2022-11-26T01:00Z,final,2473,299,Oakland,Long Beach St,70,78,,,,1,,,,,,,,,,2,,0,Nassau,Bahamas,1,8,,,,-5.0,"34,36","35,43",,,,,
ncaab:401486732,ncaab,2022-11-26T01:00Z,final,2550,201,Seton Hall,Oklahoma,64,77,-132,110,,1,,,-2.0,-110,-110,,,,,2,,0,Kissimmee,FL,1,20,,,,-5.0,"33,31","34,43",-130,105,-0.5,-105,-115
ncaab:401489544,ncaab,2022-11-26T01:00Z,final,2032,2504,Arkansas St,Prairie View,59,67,-180,150,,0,,,-4.5,-106,-114,,,,,2,,0,Jonesboro,AR,1,99,,,,-6.0,"31,28","26,41",-175,140,-2.0,-115,-111
ncaab:401492619,ncaab,2022-11-26T01:00Z,final,197,202,Oklahoma St,Tulsa,82,56,-1400,800,,0,,,-14.5,-110,-110,,,,,2,,0,Stillwater,OK,1,273,,,,-6.0,"41,41","29,27",-520,380,-8.0,-115,-111
ncaab:401487301,ncaab,2022-11-26T01:30Z,final,2636,2755,UTSA,Grambling,55,75,-195,165,,0,,,-4.5,-110,-110,,,,,2,,0,San Antonio,TX,1,198,,,,-6.0,"19,36","35,40",-175,140,-2.5,-110,-115
ncaab:401487585,ncaab,2022-11-26T01:30Z,final,62,16,Hawai'i,Sacramento St,74,61,,,,1,,,,,,,,,,2,,0,Laie,HI,1,3,,,,-10.0,"44,30","30,31",,,,,
ncaab:401483341,ncaab,2022-11-26T02:00Z,final,356,2815,Illinois,Lindenwood,92,59,-100000,10000,,0,,,-32.5,-110,-110,,,,,2,,0,Champaign,IL,1,225,,,,-6.0,"49,43","25,34",-6000,1500,-18.5,-115,-115
ncaab:401486747,ncaab,2022-11-26T02:00Z,final,2502,277,Portland St,West Virginia,71,89,874,-1600,,1,,,15.5,-112,-107,,,,,2,,0,Portland,OR,1,12,,,,-8.0,"36,35","53,36",382,-557,8.5,-110,-110
ncaab:401488992,ncaab,2022-11-26T02:00Z,final,279,70,Pacific,Idaho,81,84,-1024,650,,0,,,-13.5,-110,-110,,,,,2,,0,Stockton,CA,1,4,,,,-8.0,"39,42","42,42",-437,330,-7.5,-112,-112
ncaab:401493674,ncaab,2022-11-26T02:00Z,final,2382,2523,Mercer,Robert Morris,72,66,,,,1,,,,,,,,,,2,,0,Savannah,GA,1,6,,,,-5.0,"29,43","27,39",,,,,
ncaab:401486740,ncaab,2022-11-26T02:30Z,final,333,41,Alabama,UConn,67,82,,,,1,,,,,,,,,,2,,0,Portland,OR,1,12,,,,-8.0,"30,37","35,47",,,,,
ncaab:401487262,ncaab,2022-11-26T02:30Z,final,2449,2458,N Dakota St,N Colorado,70,80,,,,1,,,,,,,,,,2,,0,Albuquerque,NM,1,1511,,,,-7.0,"27,43","40,40",,,,,
ncaab:401494751,ncaab,2022-11-26T02:30Z,final,301,166,San Diego,New Mexico St,77,90,-138,115,,1,,,-2.5,-107,-112,,,,,2,,0,Las Vegas,NV,1,610,,,,-8.0,"25,52","41,49",-130,-105,-0.5,-114,-106
ncaab:401483302,ncaab,2022-11-26T03:00Z,final,2628,25,TCU,California,59,48,,,,1,,,,,,,,,,2,,0,Niceville,FL,1,11,,,,-6.0,"27,32","21,27",,,,,
ncaab:401486721,ncaab,2022-11-26T03:00Z,final,152,2086,NC State,Butler,76,61,,,,1,,,,,,,,,,2,,0,Nassau,Bahamas,1,8,,,,-5.0,"35,41","22,39",,,,,
ncaab:401487586,ncaab,2022-11-26T04:00Z,final,253,326,Southern Utah,Texas St,65,78,,,,1,,,,,,,,,,2,,0,Laie,HI,1,3,,,,-10.0,"26,39","34,44",,,,,
ncaab:401486748,ncaab,2022-11-26T04:41Z,final,2250,2509,Gonzaga,Purdue,66,84,-300,235,,1,,,-6.5,-110,-110,,,,,2,,0,Portland,OR,1,12,,,,-8.0,"28,38","33,51",-207,167,-3.0,-120,-110
ncaab:401486739,ncaab,2022-11-26T04:59Z,final,127,2483,Michigan St,Oregon,74,70,-180,150,,1,,,-3.5,-110,-110,,,,,2,,0,Portland,OR,1,12,,,,-8.0,"33,41","30,40",-152,125,-2.0,-110,-120
ncaab:401487584,ncaab,2022-11-26T14:30Z,final,2363,349,Manhattan,Army,72,71,,,,1,,,,,,,,,,2,,0,London,England,1,25,,,,0.0,"31,41","36,35",,,,,
ncaab:401486406,ncaab,2022-11-26T16:00Z,final,2433,2352,UL Monroe,Loyola MD,64,65,,,,1,,,,,,,,,,2,,0,Niceville,FL,1,11,,,,-6.0,"21,43","30,35",,,,,
ncaab:401487721,ncaab,2022-11-26T16:00Z,final,2426,116,Navy,Mount St Marys,75,59,-235,187,,0,,,-5.5,-110,-110,,,,,2,,0,Annapolis,MD,1,12,,,,-5.0,"35,40","24,35",-195,160,-3.0,-115,-115
ncaab:401483200,ncaab,2022-11-26T17:00Z,final,142,2277,Missouri,Hou Christian,105,69,,,,0,,,,,,,,,,2,,0,Columbia,MO,1,215,,,,-6.0,"54,51","30,39",,,,,
ncaab:401485157,ncaab,2022-11-26T17:00Z,final,46,2378,Georgetown,UMBC,79,70,-587,427,,0,,,-10.5,-110,-110,,,,,2,,0,Washington,DC,1,7,,,,-5.0,"42,37","42,28",-354,260,-6.0,-115,-115
ncaab:401486379,ncaab,2022-11-26T17:00Z,final,2050,2623,Ball State,Missouri St,67,64,,,,1,,,,,,,,,,2,,0,Nassau,Bahamas,1,8,,,,-5.0,"35,32","38,26",,,,,
ncaab:401487583,ncaab,2022-11-26T17:00Z,final,163,111,Princeton,Northeastern,56,54,-405,310,,1,,,-8.5,-110,-110,,,,,2,,0,London,England,1,25,,,,0.0,"30,26","32,22",-280,217,-4.5,-115,-115
ncaab:401488797,ncaab,2022-11-26T17:00Z,final,2711,325,W Michigan,Cleveland St,49,71,,,,0,,,,,,,,,,2,,0,Kalamazoo,MI,1,239,,,,-5.0,"19,30","38,33",,,,,
ncaab:401497580,ncaab,2022-11-26T17:00Z,final,2571,256,S Dakota St,James Madison,60,79,,,,1,,,,,,,,,,2,,0,Savannah,GA,1,6,,,,-5.0,"29,31","37,42",,,,,
ncaab:401483004,ncaab,2022-11-26T17:30Z,final,154,2261,Wake Forest,Hampton,97,70,-4000,1448,,0,,,-20.5,-107,-112,,,,,2,,0,Winston-Salem,NC,1,293,,,,-5.0,"53,44","24,46",-1112,661,-11.5,-114,-106
ncaab:401485051,ncaab,2022-11-26T18:00Z,final,2678,111926,VMI,Regent,108,58,,,,0,,,,,,,,,,2,,0,Lexington,VA,1,324,,,,-5.0,"53,55","17,41",,,,,
ncaab:401486454,ncaab,2022-11-26T18:00Z,final,193,2031,Miami OH,Little Rock,80,67,-172,142,,0,,,-3.5,-110,-110,,,,,2,,0,Oxford,OH,1,283,,,,-5.0,"43,37","27,40",-150,120,-2.0,-110,-120
ncaab:401487133,ncaab,2022-11-26T18:00Z,final,5,2519,UAB,Rhodes,110,53,,,,0,,,,,,,,,,2,,0,Birmingham,AL,1,187,,,,-6.0,"63,47","24,29",,,,,
ncaab:401489528,ncaab,2022-11-26T18:00Z,final,290,2476,GA Southern,Oglethorpe,101,73,,,,0,,,,,,,,,,2,,0,Statesboro,GA,1,77,,,,-5.0,"59,42","36,37",,,,,
ncaab:401489624,ncaab,2022-11-26T18:00Z,final,399,2226,UAlbany,FAU,56,73,,,,0,,,,,,,,,,2,,0,Albany,NY,1,45,,,,-5.0,"26,30","38,35",,,,,
ncaab:401489633,ncaab,2022-11-26T18:00Z,final,2545,2730,SE Louisiana,William Carey,96,62,,,,0,,,,,,,,,,2,,0,Hammond,LA,1,13,,,,-6.0,"51,45","26,36",,,,,
ncaab:401486407,ncaab,2022-11-26T18:30Z,final,2437,2582,Omaha,Southern,88,78,262,-347,,1,,,7.0,-110,-110,,,,,2,,0,Niceville,FL,1,11,,,,-6.0,"37,51","36,42",182,-227,4.0,-111,-113
ncaab:401485158,ncaab,2022-11-26T19:00Z,final,2599,315,St John's,Niagara,78,70,,,,0,,,,,,,,,,2,,0,Queens,NY,1,12,,,,-5.0,"37,41","28,42",,,,,
ncaab:401485317,ncaab,2022-11-26T19:00Z,final,2244,2511,George Mason,Queens,72,65,-350,290,,0,,,-8.0,-105,-115,,,,,2,,0,Fairfax,VA,1,131,,,,-5.0,"37,35","33,32",-275,215,-5.0,-110,-120
ncaab:401487648,ncaab,2022-11-26T19:00Z,final,45,160,G Washington,New Hampshire,75,54,,,,0,,,,,,,,,,2,,0,Washington,DC,1,7,,,,-5.0,"39,36","24,30",,,,,
ncaab:401487653,ncaab,2022-11-26T19:00Z,final,2325,2066,La Salle,Binghamton,65,62,-720,500,,0,,,-10.5,-114,-106,,,,,2,,0,Philadelphia,PA,1,12,,,,-5.0,"36,29","27,35",-320,250,-6.0,-119,-107
ncaab:401488217,ncaab,2022-11-26T19:00Z,final,48,42,Delaware,Hartford,78,50,,,,1,,,,,,,,,,2,,0,Philadelphia,PA,1,12,,,,-5.0,"37,41","24,26",,,,,
ncaab:401488685,ncaab,2022-11-26T19:00Z,final,2197,2011,E Illinois,Alabama St,58,67,,,,1,,,,,,,,,,2,,0,Athens,OH,1,219,,,,-5.0,"29,29","36,31",,,,,
ncaab:401489076,ncaab,2022-11-26T19:00Z,final,2239,3101,Fullerton,Utah Tech,60,66,,,,1,,,,,,,,,,2,,0,Grand Forks,ND,1,253,,,,-6.0,"33,27","29,37",,,,,
ncaab:401489535,ncaab,2022-11-26T19:00Z,final,324,233,Coastal,South Dakota,66,59,-177,147,,0,,,-3.5,-110,-110,,,,,2,,0,Conway,SC,1,10,,,,-5.0,"37,29","27,32",-140,112,-1.5,-112,-112
ncaab:401489684,ncaab,2022-11-26T19:00Z,final,2427,2717,UNC Asheville,W Carolina,73,61,,,,0,,,,,,,,,,2,,0,Asheville,NC,1,649,,,,-5.0,"30,43","31,30",,,,,
ncaab:401491717,ncaab,2022-11-26T19:00Z,final,2448,2256,NC A&T,Greensboro,78,51,,,,0,,,,,,,,,,2,,0,Greensboro,NC,1,266,,,,-5.0,"45,33","24,27",,,,,
ncaab:401491835,ncaab,2022-11-26T19:00Z,final,2275,2430,Hofstra,UNC Greensboro,65,53,-107,-112,,1,,,-0.5,-110,-110,,,,,2,,0,Laval,PQ,1,34,,,,-5.0,"35,30","27,26",-110,-110,-0.5,-102,-120
ncaab:401492245,ncaab,2022-11-26T19:00Z,final,2546,104,SE Missouri,Boston U,63,52,,,,1,,,,,,,,,,2,,0,Milwaukee,WI,1,188,,,,-6.0,"28,35","18,34",,,,,
ncaab:401492257,ncaab,2022-11-26T19:00Z,final,2083,2368,Bucknell,Marist,54,60,-325,250,,0,,,-6.5,-105,-115,,,,,2,,0,Lewisburg,PA,1,144,,,,-5.0,"21,30,3","24,27,9",-235,190,-4.5,-111,-115
ncaab:401493743,ncaab,2022-11-26T19:00Z,final,2460,2459,Northern Iowa,N Illinois,83,76,-800,500,,0,,,-11.5,-110,-110,,,,,2,,0,Cedar Falls,IA,1,268,,,,-6.0,"32,51","31,45",-375,285,-6.5,-110,-110
ncaab:401486380,ncaab,2022-11-26T19:30Z,final,23,2473,San José St,Oakland,80,67,,,,1,,,,,,,,,,2,,0,Nassau,Bahamas,1,8,,,,-5.0,"47,33","27,40",,,,,
ncaab:401488815,ncaab,2022-11-26T19:30Z,final,248,2309,Houston,Kent State,49,44,-4000,1400,,0,,,-18.5,-115,-105,,,,,2,,0,Houston,TX,1,12,,,,-6.0,"24,25","22,22",-1250,700,-11.5,-115,-115
ncaab:401494607,ncaab,2022-11-26T19:30Z,final,119,6,Towson,South Alabama,62,60,,,,1,,,,,,,,,,2,,0,Savannah,GA,1,6,,,,-5.0,"21,41","24,36",,,,,
ncaab:401483416,ncaab,2022-11-26T20:00Z,final,164,2115,Rutgers,C Connecticut,83,49,,,,0,,,,,,,,,,2,,0,Piscataway,NJ,1,30,,,,-5.0,"44,39","24,25",,,,,
ncaab:401493684,ncaab,2022-11-26T20:00Z,final,2710,2754,W Illinois,Youngstown St,64,88,,,,0,,,,,,,,,,2,,0,Macomb,IL,1,215,,,,-6.0,"31,33","37,51",,,,,
ncaab:401496940,ncaab,2022-11-26T20:30Z,final,2428,2241,NC Central,Gardner-Webb,58,53,,,,0,,,,,,,,,,2,,0,Durham,NC,1,123,,,,-5.0,"27,31","27,26",,,,,
ncaab:401497566,ncaab,2022-11-26T20:30Z,final,2046,47,Austin Peay,Howard,55,56,-162,135,,0,,,-4.0,-110,-110,,,,,2,,0,Clarksville,TN,1,145,,,,-6.0,"29,26","24,32",-165,135,-2.0,-117,-108
ncaab:401482925,ncaab,2022-11-26T21:00Z,final,59,2453,Georgia Tech,North Alabama,80,61,-1099,700,,0,,,-15.0,-105,-115,,,,,2,,0,Atlanta,GA,1,320,,,,-5.0,"43,37","24,37",-568,390,-8.0,-115,-115
ncaab:401482978,ncaab,2022-11-26T21:00Z,final,183,2803,Syracuse,Bryant,72,73,-500,375,,0,,,-9.5,-110,-110,,,,,2,,0,Syracuse,NY,1,121,,,,-5.0,"29,43","40,33",-282,214,-5.5,-105,-115
ncaab:401483312,ncaab,2022-11-26T21:00Z,final,251,292,Texas,UT Rio Grande,91,54,,,,0,,,,,,,,,,2,,0,Austin,TX,1,149,,,,-6.0,"44,47","22,32",,,,,
ncaab:401485159,ncaab,2022-11-26T21:00Z,final,2507,171,Providence,Columbia,78,64,-5000,1600,,0,,,-22.5,-110,-110,,,,,2,,0,Providence,RI,1,2,,,,-5.0,"38,40","28,36",-1631,850,-12.5,-110,-120
ncaab:401486294,ncaab,2022-11-26T21:00Z,final,189,88,Bowling Green,S Indiana,57,69,,,,0,,,,,,,,,,2,,0,Bowling Green,OH,1,212,,,,-5.0,"34,23","37,32",,,,,
ncaab:401486408,ncaab,2022-11-26T21:00Z,final,25,228,California,Clemson,59,67,427,-597,,1,,,10.5,-110,-110,,,,,2,,0,Niceville,FL,1,11,,,,-6.0,"28,31","31,36",240,-305,5.5,-115,-115
ncaab:401486939,ncaab,2022-11-26T21:00Z,final,2429,2506,Charlotte,Presbyterian,69,42,-880,580,,0,,,-12.5,-106,-114,,,,,2,,0,Charlotte,NC,1,229,,,,-5.0,"32,37","17,25",-390,295,-7.0,-117,-108
ncaab:401487291,ncaab,2022-11-26T21:00Z,final,36,2400,Colorado St,Miss Valley St,88,45,,,,0,,,,,,,,,,2,,0,Fort Collins,CO,1,1525,,,,-7.0,"42,46","20,25",,,,,
ncaab:401487705,ncaab,2022-11-26T21:00Z,final,2670,338,VCU,Kennesaw St,64,61,-800,550,,0,,,-12.0,-115,-105,,,,,2,,0,Richmond,VA,1,64,,,,-5.0,"28,36","34,27",-395,287,-6.5,-106,-114
ncaab:401488640,ncaab,2022-11-26T21:00Z,final,304,2065,Idaho St,Bethune,66,68,,,,1,,,,,,,,,,2,,0,Conway,AR,1,95,,,,-6.0,"32,32,2","27,37,4",,,,,
ncaab:401489007,ncaab,2022-11-26T21:00Z,final,71,2771,Bradley,Merrimack,83,41,-950,610,,0,,,-13.5,-115,-105,,,,,2,,0,Peoria,IL,1,153,,,,-6.0,"39,44","20,21",-400,300,-7.0,-115,-115
ncaab:401489062,ncaab,2022-11-26T21:00Z,final,68,3084,Boise St,Utah Valley,87,69,-515,377,,0,,,-9.5,-110,-110,,,,,2,,0,Boise,ID,1,823,,,,-7.0,"44,43","33,36",-295,240,-5.0,-119,-107
ncaab:401491808,ncaab,2022-11-26T21:00Z,final,98,2569,Western KY,SC State,90,64,,,,0,,,,,,,,,,2,,0,Bowling Green,KY,1,161,,,,-6.0,"47,43","30,34",,,,,
ncaab:401492647,ncaab,2022-11-26T21:00Z,final,2724,2627,Wichita St,Tarleton St,83,71,-257,210,,0,,,-5.5,-110,-110,,,,,2,,0,Wichita,KS,1,396,,,,-6.0,"44,39","32,39",-200,157,-3.5,-106,-114
ncaab:401494594,ncaab,2022-11-26T21:00Z,final,2370,2348,UT Southern,Louisiana Tech,47,91,,,,1,,,,,,,,,,2,,0,Homewood,AL,1,203,,,,-6.0,"23,24","46,45",,,,,
ncaab:401487454,ncaab,2022-11-26T21:30Z,final,219,2142,Penn,Colgate,81,69,140,-170,,0,,,3.5,-106,-115,,,,,2,,0,Philadelphia,PA,1,12,,,,-5.0,"34,47","31,38",-107,-122,0.5,-120,-110
ncaab:401489755,ncaab,2022-11-26T21:30Z,final,2393,2617,MTSU,SF Austin,75,63,,,,1,,,,,,,,,,2,,0,Laval,PQ,1,34,,,,-5.0,"33,42","26,37",,,,,
ncaab:401485318,ncaab,2022-11-26T22:00Z,final,2335,2169,Liberty,Delaware St,80,53,-6221,1956,,0,,,-23.0,-110,-110,,,,,2,,0,Lynchburg,VA,1,192,,,,-5.0,"49,31","26,27",-1700,900,-14.0,-110,-114
ncaab:401488203,ncaab,2022-11-26T22:00Z,final,270,302,Milwaukee,UC Davis,87,85,166,-205,,0,,,5.0,-110,-110,,,,,2,,0,Milwaukee,WI,1,188,,,,-6.0,"39,48","36,49",137,-165,2.5,-112,-112
ncaab:401491892,ncaab,2022-11-26T22:00Z,final,339,2523,Evansville,Robert Morris,54,53,-108,-111,,1,,,0.5,-111,-109,,,,,2,,0,Savannah,GA,1,6,,,,-5.0,"25,29","37,16",-102,-122,0.5,-118,-104
ncaab:401486381,ncaab,2022-11-26T22:30Z,final,261,350,Vermont,UNC Wilmington,66,68,,,,1,,,,,,,,,,2,,0,Nassau,Bahamas,1,8,,,,-5.0,"33,33","23,45",,,,,
ncaab:401491887,ncaab,2022-11-26T23:00Z,final,2181,309,Drake,Louisiana,76,64,-395,308,,0,,,-8.0,-112,-107,,,,,2,,0,Des Moines,IA,1,266,,,,-6.0,"40,36","23,41",-265,202,-4.5,-115,-115
ncaab:401485316,ncaab,2022-11-26T23:30Z,final,2110,2466,C Arkansas,N'Western St,66,74,,,,0,,,,,,,,,,2,,0,Conway,AR,1,95,,,,-6.0,"27,37,2","30,34,10",,,,,
ncaab:401486409,ncaab,2022-11-27T00:00Z,final,2628,2294,TCU,Iowa,79,66,245,-310,,1,,,7.0,-112,-107,,,,,2,,0,Niceville,FL,1,11,,,,-6.0,"36,43","34,32",187,-232,3.5,-108,-112
ncaab:401487263,ncaab,2022-11-27T00:00Z,final,167,2449,New Mexico,N Dakota St,76,55,,,,0,,,,,,,,,,2,,0,Albuquerque,NM,1,1511,,,,-7.0,"32,44","25,30",,,,,
ncaab:401489509,ncaab,2022-11-27T00:00Z,final,295,151,Old Dominion,East Carolina,71,50,-200,165,,0,,,-4.5,-110,-110,,,,,2,,0,Norfolk,VA,1,2,,,,-5.0,"31,40","30,20",-160,130,-2.0,-110,-120
ncaab:401490526,ncaab,2022-11-27T00:00Z,final,2598,44,Saint Francis,American,55,66,,,,0,,,,,,,,,,2,,0,Loretto,PA,1,595,,,,-5.0,"26,29","24,42",,,,,
ncaab:401491879,ncaab,2022-11-27T00:00Z,final,276,2413,Marshall,Morehead St,83,59,-715,500,,0,,,-11.5,-110,-110,,,,,2,,0,Huntington,WV,1,173,,,,-5.0,"37,46","31,28",-350,272,-6.5,-110,-114
ncaab:401492297,ncaab,2022-11-27T00:00Z,final,236,93,Chattanooga,Murray St,69,66,-110,-110,,0,,,1.0,-115,-105,,,,,2,,0,Chattanooga,TN,1,206,,,,-5.0,"30,39","34,32",-110,-115,0.5,-120,-105
ncaab:401492425,ncaab,2022-11-27T00:00Z,final,2739,82,Green Bay,UIC,64,78,185,-225,,0,,,5.0,-110,-110,,,,,2,,0,Green Bay,WI,1,180,,,,-6.0,"29,35","36,42",142,-175,2.0,-110,-120
ncaab:401497512,ncaab,2022-11-27T00:00Z,final,147,2514,Montana St,Quinnipiac,53,70,-163,134,,1,,,-3.5,-110,-110,,,,,2,,0,Laval,PQ,1,34,,,,-5.0,"24,29","26,44",-140,112,-1.5,-113,-111
ncaab:401497573,ncaab,2022-11-27T00:00Z,final,2447,301,Nicholls,San Diego,72,70,,,,1,,,,,,,,,,2,,0,Las Vegas,NV,1,610,,,,-8.0,"42,30","37,33",,,,,
ncaab:401497576,ncaab,2022-11-27T00:30Z,final,2382,2217,Mercer,Fairfield,60,58,,,,1,,,,,,,,,,2,,0,Savannah,GA,1,6,,,,-5.0,"24,36","24,34",,,,,
ncaab:401483483,ncaab,2022-11-27T01:00Z,final,254,2900,Utah,St Thomas,95,66,,,,0,,,,,,,,,,2,,0,Salt Lake City,UT,1,1299,,,,-7.0,"36,59","24,42",,,,,
ncaab:401486392,ncaab,2022-11-27T01:00Z,final,249,299,North Texas,Long Beach St,68,47,,,,1,,,,,,,,,,2,,0,Nassau,Bahamas,1,8,,,,-5.0,"29,39","28,19",,,,,
ncaab:401489483,ncaab,2022-11-27T01:00Z,final,2856,2117,CA Baptist,C Michigan,77,61,,,,0,,,,,,,,,,2,,0,Riverside,CA,1,252,,,,-8.0,"33,44","31,30",,,,,
ncaab:401489584,ncaab,2022-11-27T01:00Z,final,140,2565,Kansas City,SIUE,54,64,,,,0,,,,,,,,,,2,,0,Kansas City,MO,1,274,,,,-6.0,"24,30","26,38",,,,,
ncaab:401506451,ncaab,2022-11-27T01:00Z,final,2253,110031,Grand Canyon,B'tine Mesa,110,53,,,,0,,,,,,,,,,2,,0,Phoenix,AZ,1,331,,,,-7.0,"54,56","24,29",,,,,
ncaab:401485160,ncaab,2022-11-27T01:30Z,final,269,2130,Marquette,Chicago St,82,68,-10000,2200,,0,,,-28.5,-110,-110,,,,,2,,0,Milwaukee,WI,1,188,,,,-6.0,"40,42","33,35",-3000,1200,-17.5,-110,-110
ncaab:401487264,ncaab,2022-11-27T02:30Z,final,2458,55,N Colorado,Jax State,86,82,,,,1,,,,,,,,,,2,,0,Albuquerque,NM,1,1511,,,,-7.0,"43,26,17","35,34,13",,,,,
ncaab:401487588,ncaab,2022-11-27T02:30Z,final,16,253,Sacramento St,Southern Utah,87,91,175,-215,,1,,,4.5,-102,-117,,,,,2,,0,Laie,HI,1,3,,,,-10.0,"29,35,10,13","34,30,10,17",130,-160,1.5,-110,-115
ncaab:401497574,ncaab,2022-11-27T02:30Z,final,300,166,UC Irvine,New Mexico St,85,68,,,,1,,,,,,,,,,2,,0,Las Vegas,NV,1,610,,,,-8.0,"48,37","30,38",,,,,
ncaab:401487392,ncaab,2022-11-27T03:30Z,final,2439,109670,UNLV,Life Pacific,126,54,,,,0,,,,,,,,,,2,,0,Las Vegas,NV,1,610,,,,-8.0,"65,61","36,18",,,,,
ncaab:401487576,ncaab,2022-11-27T04:59Z,final,2541,314,Santa Clara,Iona,86,76,140,-170,,1,,,3.5,-110,-110,,,,,2,,0,Las Vegas,NV,1,610,,,,-8.0,"39,47","35,41",120,-148,1.5,-115,-110
ncaab:401487587,ncaab,2022-11-27T04:59Z,final,62,326,Hawai'i,Texas St,72,65,,,,1,,,,,,,,,,2,,0,Laie,HI,1,3,,,,-10.0,"28,44","29,36",,,,,
ncaab:401486733,ncaab,2022-11-27T16:00Z,final,235,24,Memphis,Stanford,56,48,-250,207,,1,,,-6.0,-110,-110,,,,,2,,0,Kissimmee,FL,1,20,,,,-5.0,"25,31","20,28",,,-2.5,-114,-106
ncaab:401497079,ncaab,2022-11-27T16:00Z,final,2430,2617,UNC Greensboro,SF Austin,58,75,,,,1,,,,,,,,,,2,,0,Laval,PQ,1,34,,,,-5.0,"32,26","41,34",,,,,
ncaab:401482893,ncaab,2022-11-27T17:00Z,final,103,227,Boston College,Rhode Island,53,49,-247,200,,0,,,-6.0,-105,-115,,,,,2,,0,Chestnut Hill,MA,1,60,,,,-5.0,"28,25","28,21",,,-3.5,-112,-108
ncaab:401486393,ncaab,2022-11-27T17:00Z,final,2623,2473,Missouri St,Oakland,76,64,,,,1,,,,,,,,,,2,,0,Nassau,Bahamas,1,8,,,,-5.0,"33,43","33,31",,,,,
ncaab:401497579,ncaab,2022-11-27T17:00Z,final,256,2674,James Madison,Valparaiso,79,81,-1698,965,,1,,,-15.5,-110,-110,,,,,2,,0,Savannah,GA,1,6,,,,-5.0,"37,37,5","36,38,7",,,,,
ncaab:401483054,ncaab,2022-11-27T18:00Z,final,61,2193,Georgia,ETSU,62,47,,,,0,,,,,,,,,,2,,0,Athens,GA,1,228,,,,-5.0,"30,32","26,21",,,,,
ncaab:401488205,ncaab,2022-11-27T18:00Z,final,302,2546,UC Davis,SE Missouri,73,71,,,,1,,,,,,,,,,2,,0,Milwaukee,WI,1,188,,,,-6.0,"32,41","32,39",,,,,
ncaab:401489694,ncaab,2022-11-27T18:00Z,final,2349,284,UMass Lowell,Stonehill,73,59,-1074,700,,0,,,-13.5,-110,-110,,,,,2,,0,Lowell,MA,1,36,,,,-5.0,"37,36","31,28",-440,330,-7.5,-114,-111
ncaab:401491263,ncaab,2022-11-27T18:00Z,final,107,35,Holy Cross,Colby Sawyer,95,61,,,,0,,,,,,,,,,2,,0,Worcester,MA,1,147,,,,-5.0,"46,49","28,33",,,,,
ncaab:401491705,ncaab,2022-11-27T18:00Z,final,2097,56,Campbell,Stetson,87,85,-170,142,,0,,,-3.0,-110,-110,,,,,2,,0,Buies Creek,NC,1,63,,,,-5.0,"29,49,9","36,42,7",-160,130,-2.0,-113,-111
ncaab:401486734,ncaab,2022-11-27T18:30Z,final,201,145,Oklahoma,Ole Miss,59,55,-151,128,,1,,,-3.0,-110,-110,,,,,2,,0,Kissimmee,FL,1,20,,,,-5.0,"32,27","34,21",-140,110,-1.5,-112,-112
ncaab:401487432,ncaab,2022-11-27T18:30Z,final,2230,108,Fordham,Harvard,68,60,-156,130,,0,,,-3.0,-110,-110,,,,,2,,0,Bronx,NY,1,28,,,,-5.0,"31,37","24,36",-155,125,-2.0,-107,-117
ncaab:401489756,ncaab,2022-11-27T18:30Z,final,2393,147,MTSU,Montana St,72,71,,,,1,,,,,,,,,,2,,0,Laval,PQ,1,34,,,,-5.0,"33,39","32,39",,,,,
ncaab:401487332,ncaab,2022-11-27T19:00Z,final,225,311,Brown,Maine,70,63,-200,165,,0,,,-4.5,-110,-110,,,,,2,,0,Providence,RI,1,2,,,,-5.0,"38,32","34,29",-180,145,-2.5,-109,-116
ncaab:401487521,ncaab,2022-11-27T19:00Z,final,2612,161,Saint Peter's,FDU,77,63,,,,0,,,,,,,,,,2,,0,Jersey City,NJ,1,9,,,,-5.0,"42,35","30,33",,,,,
ncaab:401487716,ncaab,2022-11-27T19:00Z,final,2199,28,E Michigan,UC San Diego,63,66,,,,0,,,,,,,,,,2,,0,Ypsilanti,MI,1,219,,,,-5.0,"27,36","34,32",,,,,
ncaab:401488218,ncaab,2022-11-27T19:00Z,final,2142,42,Colgate,Hartford,92,58,-4000,1500,,1,,,-21.5,-110,-110,,,,,2,,0,Philadelphia,PA,1,12,,,,-5.0,"46,46","30,28",-1300,750,-12.0,-112,-112
ncaab:401488641,ncaab,2022-11-27T19:00Z,final,2065,2466,Bethune,N'Western St,66,69,,,,1,,,,,,,,,,2,,0,Conway,AR,1,95,,,,-6.0,"32,34","33,36",,,,,
ncaab:401488684,ncaab,2022-11-27T19:00Z,final,195,2011,Ohio,Alabama St,72,58,-1800,1000,,0,,,-17.0,-112,-107,,,,,2,,0,Athens,OH,1,219,,,,-5.0,"45,27","27,31",-690,470,-10.0,-114,-110
ncaab:401488824,ncaab,2022-11-27T19:00Z,final,218,2182,Temple,Drexel,73,61,-415,310,,0,,,-8.5,-110,-110,,,,,2,,0,Philadelphia,PA,1,12,,,,-5.0,"35,38","31,30",-275,210,-5.0,-112,-112
ncaab:401488999,ncaab,2022-11-27T19:00Z,final,2247,2057,Georgia St,Belmont,66,68,112,-137,,0,,,2.0,-105,-115,,,,,2,,0,Atlanta,GA,1,320,,,,-5.0,"29,37","31,37",-100,-122,0.5,-112,-112
ncaab:401489580,ncaab,2022-11-27T19:00Z,final,155,2239,North Dakota,Fullerton,73,57,190,-240,,0,,,5.5,-111,-109,,,,,2,,0,Grand Forks,ND,1,253,,,,-6.0,"30,43","34,23",145,-180,2.5,-110,-114
ncaab:401491668,ncaab,2022-11-27T19:00Z,final,2885,2681,NJIT,Wagner,57,62,,,,0,,,,,,,,,,2,,0,Newark,NJ,1,9,,,,-5.0,"29,28","27,35",,,,,
ncaab:401491740,ncaab,2022-11-27T19:00Z,final,2210,2515,Elon,Radford,53,69,140,-165,,0,,,3.5,-110,-110,,,,,2,,0,Elon,NC,1,215,,,,-5.0,"29,24","30,39",125,-155,2.0,-113,-111
ncaab:401492303,ncaab,2022-11-27T19:00Z,final,94,2635,N Kentucky,Tennessee Tech,85,77,-700,487,,0,,,-10.5,-115,-105,,,,,2,,0,Highland Heights,KY,1,260,,,,-5.0,"27,36,7,15","37,26,7,7",-352,267,-6.5,-110,-114
ncaab:401493669,ncaab,2022-11-27T19:00Z,final,2870,2074,Purdue FW,Bluffton,106,41,,,,0,,,,,,,,,,2,,0,Fort Wayne,IN,1,247,,,,-5.0,"58,48","21,20",,,,,
ncaab:401493756,ncaab,2022-11-27T19:00Z,final,282,2652,Indiana St,Trinity Chrstn,105,68,,,,0,,,,,,,,,,2,,0,Terre Haute,IN,1,152,,,,-5.0,"51,54","24,44",,,,,
ncaab:401486394,ncaab,2022-11-27T19:30Z,final,2050,23,Ball State,San José St,65,67,,,,1,,,,,,,,,,2,,0,Nassau,Bahamas,1,8,,,,-5.0,"24,41","31,36",,,,,
ncaab:401492429,ncaab,2022-11-27T19:30Z,final,2084,2099,Buffalo,Canisius,86,66,-270,212,,0,,,-6.0,-110,-110,,,,,2,,0,Buffalo,NY,1,183,,,,-5.0,"39,47","27,39",-195,160,-3.0,-112,-113
ncaab:401493675,ncaab,2022-11-27T19:30Z,final,2523,6,Robert Morris,South Alabama,70,84,300,-382,,1,,,8.5,-110,-110,,,,,2,,0,Savannah,GA,1,6,,,,-5.0,"33,37","40,44",210,-265,4.5,-115,-105
ncaab:401483044,ncaab,2022-11-27T20:00Z,final,2,139,Auburn,Saint Louis,65,60,-300,240,,0,,,-6.5,-110,-110,,,,,2,,0,Auburn,AL,1,215,,,,-6.0,"36,29","33,27",-210,170,-3.5,-112,-112
ncaab:401483455,ncaab,2022-11-27T20:00Z,final,38,43,Colorado,Yale,65,62,-450,345,,0,,,-9.5,-110,-110,,,,,2,,0,Boulder,CO,1,1624,,,,-7.0,"38,27","28,34",-290,230,-5.0,-115,-115
ncaab:401485465,ncaab,2022-11-27T20:00Z,final,99,2747,LSU,Wofford,78,75,-974,617,,0,,,-12.5,-110,-110,,,,,2,,0,Baton Rouge,LA,1,14,,,,-6.0,"37,41","33,42",-415,310,-7.0,-115,-115
ncaab:401486741,ncaab,2022-11-27T20:00Z,final,2483,222,Oregon,Villanova,74,67,150,-180,,1,,,3.5,-110,-110,,,,,2,,0,Portland,OR,1,12,,,,-8.0,"35,39","31,36",120,-150,2.0,-112,-112
ncaab:401487281,ncaab,2022-11-27T20:00Z,final,2005,149,Air Force,Montana,59,56,-130,110,,0,,,-1.5,-112,-107,,,,,2,,0,Colorado Springs,CO,1,1832,,,,-7.0,"24,35","23,33",-125,-105,-0.5,-115,-110
ncaab:401488728,ncaab,2022-11-27T20:00Z,final,2567,2320,SMU,Lamar,75,50,,,,0,,,,,,,,,,2,,0,Dallas,TX,1,128,,,,-6.0,"38,37","23,27",,,,,
ncaab:401489500,ncaab,2022-11-27T20:00Z,final,2572,2920,Southern Miss,Mobile,103,52,,,,0,,,,,,,,,,2,,0,Hattiesburg,MS,1,52,,,,-6.0,"53,50","30,22",,,,,
ncaab:401489545,ncaab,2022-11-27T20:00Z,final,2032,2064,Arkansas St,Bethel (TN),90,65,,,,0,,,,,,,,,,2,,0,Jonesboro,AR,1,99,,,,-6.0,"44,46","27,38",,,,,
ncaab:401491693,ncaab,2022-11-27T20:00Z,final,2464,2000,N Arizona,Abilene Chrstn,82,92,100,-127,,0,,,1.5,-105,-115,,,,,2,,0,Flagstaff,AZ,1,2104,,,,-7.0,"40,42","39,53",-100,-125,0.5,-112,-113
ncaab:401492620,ncaab,2022-11-27T20:00Z,final,197,2504,Oklahoma St,Prairie View,78,53,-3734,1382,,0,,,-20.0,-110,-110,,,,,2,,0,Stillwater,OK,1,273,,,,-6.0,"27,51","26,27",-1100,675,-12.0,-110,-115
ncaab:401493943,ncaab,2022-11-27T20:00Z,final,2535,2370,Samford,UT Southern,82,84,,,,0,,,,,,,,,,2,,0,Homewood,AL,1,203,,,,-6.0,"35,47","35,49",,,,,
ncaab:401486744,ncaab,2022-11-27T20:30Z,final,333,153,Alabama,North Carolina,103,101,-125,105,,1,,,-1.5,-110,-110,,,,,2,,0,Portland,OR,1,12,,,,-8.0,"37,40,4,8,7,7","34,43,4,8,7,5",-120,-104,-0.5,-110,-112
ncaab:401486751,ncaab,2022-11-27T20:30Z,final,2509,150,Purdue,Duke,75,56,105,-127,,1,,,2.0,-115,-105,,,,,2,,0,Portland,OR,1,12,,,,-8.0,"46,29","35,21",-106,-120,0.5,-120,-104
ncaab:401491836,ncaab,2022-11-27T21:00Z,final,2275,2514,Hofstra,Quinnipiac,72,70,,,,1,,,,,,,,,,2,,0,Laval,PQ,1,34,,,,-5.0,"36,36","28,42",,,,,
ncaab:401492148,ncaab,2022-11-27T21:00Z,final,270,104,Milwaukee,Boston U,67,46,145,-170,,0,,,4.0,-109,-111,,,,,2,,0,Milwaukee,WI,1,188,,,,-6.0,"32,35","13,33",115,-145,1.5,-115,-114
ncaab:401485319,ncaab,2022-11-27T21:30Z,final,2110,304,C Arkansas,Idaho St,81,77,,,,0,,,,,,,,,,2,,0,Conway,AR,1,95,,,,-6.0,"37,44","29,48",,,,,
ncaab:401487455,ncaab,2022-11-27T21:30Z,final,219,48,Penn,Delaware,86,73,-162,135,,0,,,-3.5,-107,-112,,,,,2,,0,Philadelphia,PA,1,12,,,,-5.0,"42,44","39,34",-135,107,-1.5,-106,-114
ncaab:401482934,ncaab,2022-11-27T22:00Z,final,2116,2390,UCF,Miami,64,66,105,-126,,0,,,1.5,-105,-115,,,,,2,,0,Orlando,FL,1,30,,,,-5.0,"26,38","32,34",-100,-122,0.5,-120,-110
ncaab:401483436,ncaab,2022-11-27T22:00Z,final,9,2016,Arizona St,Alcorn St,76,54,-2500,1192,,0,,,-17.5,-112,-108,,,,,2,,0,Tempe,AZ,1,360,,,,-7.0,"32,44","23,31",-790,530,-10.0,-115,-110
ncaab:401486736,ncaab,2022-11-27T22:00Z,final,2550,2561,Seton Hall,Siena,55,60,-1400,747,,1,,,-14.5,-110,-110,,,,,2,,0,Kissimmee,FL,1,20,,,,-5.0,"27,28","35,25",-500,375,-8.5,-109,-116
ncaab:401487265,ncaab,2022-11-27T22:00Z,final,55,2449,Jax State,N Dakota St,81,71,,,,1,,,,,,,,,,2,,0,Albuquerque,NM,1,1511,,,,-7.0,"32,49","23,48",,,,,
ncaab:401491872,ncaab,2022-11-27T22:00Z,final,198,3122,Oral Roberts,Rogers St,81,70,,,,0,,,,,,,,,,2,,0,Tulsa,OK,1,220,,,,-6.0,"36,45","37,33",,,,,
ncaab:401497577,ncaab,2022-11-27T22:00Z,final,2382,119,Mercer,Towson,60,70,,,,1,,,,,,,,,,2,,0,Savannah,GA,1,6,,,,-5.0,"30,30","31,39",,,,,
ncaab:401486395,ncaab,2022-11-27T22:30Z,final,261,299,Vermont,Long Beach St,58,78,,,,1,,,,,,,,,,2,,0,Nassau,Bahamas,1,8,,,,-5.0,"27,31","41,37",,,,,
ncaab:401486742,ncaab,2022-11-27T22:30Z,final,127,2501,Michigan St,Portland,78,77,-300,235,,1,,,-6.5,-110,-110,,,,,2,,0,Portland,OR,1,12,,,,-8.0,"34,44","42,35",-210,170,-3.0,-120,-110
ncaab:401488628,ncaab,2022-11-27T23:00Z,final,2755,2916,Grambling,Incarnate Word,61,63,,,,1,,,,,,,,,,2,,0,San Antonio,TX,1,198,,,,-6.0,"24,37","29,34",,,,,
ncaab:401488706,ncaab,2022-11-27T23:00Z,final,2229,331,FIU,E Washington,90,79,,,,0,,,,,,,,,,2,,0,Miami,FL,1,2,,,,-5.0,"48,42","35,44",,,,,
ncaab:401483465,ncaab,2022-11-28T00:00Z,final,26,91,UCLA,Bellarmine,81,60,-8471,2000,,0,,,-23.0,-115,-105,,,,,2,,0,Los Angeles,CA,1,89,,,,-8.0,"43,38","27,33",-1700,900,-12.5,-125,-105
ncaab:401485013,ncaab,2022-11-28T00:00Z,final,2329,2405,Lehigh,Monmouth,80,76,-375,297,,0,,,-8.0,-112,-107,,,,,2,,0,Bethlehem,PA,1,109,,,,-5.0,"39,41","38,38",-270,215,-5.0,-107,-119
ncaab:401486752,ncaab,2022-11-28T00:30Z,final,2250,2752,Gonzaga,Xavier,88,84,-350,275,,1,,,-7.5,-110,-110,,,,,2,,0,Portland,OR,1,12,,,,-8.0,"40,48","34,50",-242,190,-4.5,-105,-115
ncaab:401487266,ncaab,2022-11-28T00:30Z,final,167,2458,New Mexico,N Colorado,98,74,-1200,700,,0,,,-13.5,-110,-110,,,,,2,,0,Albuquerque,NM,1,1511,,,,-7.0,"50,48","42,32",-437,330,-7.5,-116,-109
ncaab:401491893,ncaab,2022-11-28T00:30Z,final,2217,339,Fairfield,Evansville,63,56,,,,1,,,,,,,,,,2,,0,Savannah,GA,1,6,,,,-5.0,"28,35","27,29",,,,,
ncaab:401486735,ncaab,2022-11-28T00:40Z,final,158,52,Nebraska,Florida St,75,58,-142,117,,1,,,-2.5,-110,-110,,,,,2,,0,Kissimmee,FL,1,20,,,,-5.0,"33,42","26,32",-134,102,-1.0,-115,-115
ncaab:401486396,ncaab,2022-11-28T01:00Z,final,350,249,UNC Wilmington,North Texas,55,51,,,,1,,,,,,,,,,2,,0,Nassau,Bahamas,1,8,,,,-5.0,"28,27","23,28",,,,,
ncaab:401486750,ncaab,2022-11-28T01:30Z,final,277,57,West Virginia,Florida,84,55,105,-125,,1,,,1.5,-105,-115,,,,,2,,0,Portland,OR,1,12,,,,-8.0,"41,43","33,22",-104,-121,0.5,-115,-108
ncaab:401491770,ncaab,2022-11-28T01:30Z,final,2636,159,UTSA,Dartmouth,77,78,-202,165,,0,,,-4.5,-108,-112,,,,,2,,0,San Antonio,TX,1,198,,,,-6.0,"28,40,9","35,33,10",-177,145,-2.5,-117,-110
ncaab:401486743,ncaab,2022-11-28T03:00Z,final,41,66,UConn,Iowa State,71,53,,,,1,,,,,,,,,,2,,0,Portland,OR,1,12,,,,-8.0,"38,33","28,25",,,,,
ncaab:401486749,ncaab,2022-11-28T04:00Z,final,2502,204,Portland St,Oregon St,83,71,152,-195,,1,,,4.5,-120,-108,,,,,2,,0,Portland,OR,1,12,,,,-8.0,"45,38","34,37",126,-159,1.5,-115,-115
ncaab:401488204,ncaab,2022-11-28T19:00Z,final,104,302,Boston U,UC Davis,70,81,175,-210,,1,,,5.0,-110,-110,,,,,2,,0,Milwaukee,WI,1,188,,,,-6.0,"21,45,4","43,23,15",136,-170,2.5,-115,-115
ncaab:401487368,ncaab,2022-11-28T21:00Z,final,159,2755,Dartmouth,Grambling,49,73,,,,1,,,,,,,,,,2,,0,San Antonio,TX,1,198,,,,-6.0,"20,29","34,39",,,,,
ncaab:401479670,ncaab,2022-11-29T00:00Z,final,259,135,Virginia Tech,Minnesota,67,57,-880,580,,0,,,-12.5,-110,-110,,,,,2,,0,Blacksburg,VA,1,633,,,,-5.0,"39,28","27,30",-432,320,-7.0,-115,-115
ncaab:401488544,ncaab,2022-11-29T00:00Z,final,2630,2377,UT Martin,McNeese,86,83,,,,0,,,,,,,,,,2,,0,Martin,TN,1,124,,,,-6.0,"39,47","32,51",,,,,
ncaab:401488715,ncaab,2022-11-29T00:00Z,final,2655,2433,Tulane,UL Monroe,75,60,,,,0,,,,,,,,,,2,,0,New Orleans,LA,1,0,,,,-6.0,"35,40","24,36",,,,,
ncaab:401492366,ncaab,2022-11-29T00:00Z,final,2368,171,Marist,Columbia,52,39,-315,250,,0,,,-6.5,-110,-110,,,,,2,,0,Poughkeepsie,NY,1,62,,,,-5.0,"22,30","10,29",-215,175,-3.5,-115,-110
ncaab:401492448,ncaab,2022-11-29T00:00Z,final,2529,7933,Sacred Heart,W New England,100,59,,,,0,,,,,,,,,,2,,0,Fairfield,CT,1,4,,,,-8.0,"35,65","30,29",,,,,
ncaab:401493946,ncaab,2022-11-29T00:00Z,final,2837,3166,East Texas A&M,Arlington Bapt,101,46,,,,0,,,,,,,,,,2,,0,Commerce,TX,1,169,,,,-6.0,"56,45","24,22",,,,,
ncaab:401499093,ncaab,2022-11-29T00:00Z,final,2803,126956,Bryant,Framingham St,98,44,,,,0,,,,,,,,,,2,,0,Smithfield,RI,1,84,,,,-5.0,"46,52","20,24",,,,,
ncaab:401487303,ncaab,2022-11-29T00:30Z,final,2636,2916,UTSA,Incarnate Word,68,62,-325,250,,0,,,-7.0,-110,-110,,,,,2,,0,San Antonio,TX,1,198,,,,-6.0,"32,36","26,36",-205,165,-3.5,-112,-112
ncaab:401489566,ncaab,2022-11-29T00:30Z,final,344,2437,Mississippi St,Omaha,74,54,-9435,2000,,0,,,-23.0,-110,-110,,,,,2,,0,Starkville,MS,1,101,,,,-6.0,"34,40","24,30",-1499,800,-13.5,-100,-130
ncaab:401493836,ncaab,2022-11-29T00:30Z,final,2582,3134,Southern,Champ Chrstn,112,52,,,,0,,,,,,,,,,2,,0,Baton Rouge,LA,1,14,,,,-6.0,"53,59","25,27",,,,,
ncaab:401483278,ncaab,2022-11-29T01:00Z,final,2305,2640,Kansas,Texas Southern,87,55,-8890,1924,,0,,,-25.5,-110,-110,,,,,2,,0,Lawrence,KS,1,263,,,,-6.0,"40,47","25,30",-2500,1100,-14.5,-122,-105
ncaab:401489089,ncaab,2022-11-29T01:00Z,final,250,2758,UT Arlington,Howard Payne,99,41,,,,0,,,,,,,,,,2,,0,Arlington,TX,1,184,,,,-6.0,"38,61","16,25",,,,,
ncaab:401493635,ncaab,2022-11-29T01:00Z,final,270,2546,Milwaukee,SE Missouri,84,68,,,,0,,,,,,,,,,2,,0,Milwaukee,WI,1,188,,,,-6.0,"46,38","31,37",,,,,
ncaab:401493952,ncaab,2022-11-29T01:00Z,final,8,2653,Arkansas,Troy,74,61,-1894,1050,,0,,,-16.5,-110,-110,,,,,2,,0,Fayetteville,AR,1,427,,,,-6.0,"31,43","33,28",-661,432,-9.5,-120,-110
ncaab:401494409,ncaab,2022-11-29T01:00Z,final,2010,2225,Alabama A&M,Fisk,71,55,,,,0,,,,,,,,,,2,,0,Normal,AL,1,220,,,,-6.0,"38,33","26,29",,,,,
ncaab:401496632,ncaab,2022-11-29T01:00Z,final,233,573,South Dakota,Mount Marty,97,58,,,,0,,,,,,,,,,2,,0,Vermillion,SD,1,374,,,,-6.0,"52,45","21,37",,,,,
ncaab:401479671,ncaab,2022-11-29T02:00Z,final,77,221,Northwestern,Pitt,58,87,-325,250,,0,,,-7.5,-110,-110,,,,,2,,0,Evanston,IL,1,187,,,,-6.0,"28,30","37,50",-250,185,-3.5,-120,-110
ncaab:401498751,ncaab,2022-11-29T02:00Z,final,301,2344,San Diego,Longwood,71,68,-172,145,,0,,,-3.5,-111,-109,,,,,2,,0,San Diego,CA,1,20,,,,-8.0,"34,37","26,42",-145,115,-1.5,-112,-113
ncaab:401487322,ncaab,2022-11-29T03:00Z,final,2440,2534,Nevada,Sam Houston,78,60,-185,152,,0,,,-3.5,-110,-110,,,,,2,,0,Reno,NV,1,1373,,,,-8.0,"29,49","28,32",-165,135,-2.0,-118,-107
ncaab:401489038,ncaab,2022-11-29T03:00Z,final,279,13,Pacific,Cal Poly,58,62,-300,230,,0,,,-7.0,-112,-107,,,,,2,,0,Stockton,CA,1,4,,,,-8.0,"32,26","23,39",-220,176,-3.5,-111,-113
ncaab:401489103,ncaab,2022-11-29T03:00Z,final,264,2547,Washington,Seattle U,77,66,-200,165,,0,,,-4.5,-110,-110,,,,,2,,0,Seattle,WA,1,56,,,,-8.0,"38,39","40,26",-164,134,-1.5,-120,-104
ncaab:401496888,ncaab,2022-11-29T23:00Z,final,2415,3229,Morgan St,VA Lynchburg,123,59,,,,0,,,,,,,,,,2,,0,Baltimore,MD,1,10,,,,-5.0,"62,61","39,20",,,,,
ncaab:401484863,ncaab,2022-11-29T23:30Z,final,2026,231,App State,Furman,61,65,,,,0,,,,,,,,,,2,,0,Boone,NC,1,981,,,,-5.0,"19,42","32,33",,,,,
ncaab:401485162,ncaab,2022-11-29T23:30Z,final,2599,112358,St John's,Long Island,95,68,,,,0,,,,,,,,,,2,,0,Queens,NY,1,12,,,,-5.0,"44,51","20,48",,,,,
ncaab:401491842,ncaab,2022-11-29T23:30Z,final,2619,3196,Stony Brook,St Joseph's LI,89,48,,,,0,,,,,,,,,,2,,0,Stony Brook,NY,1,27,,,,-5.0,"46,43","33,15",,,,,
ncaab:401479673,ncaab,2022-11-30T00:00Z,final,97,120,Louisville,Maryland,54,79,650,-1000,,0,,,13.5,-110,-110,,,,,2,,0,Louisville,KY,1,142,,,,-5.0,"26,28","37,42",338,-474,7.5,-115,-115
ncaab:401479674,ncaab,2022-11-30T00:00Z,final,228,213,Clemson,Penn State,101,94,-140,120,,0,,,-2.5,-110,-110,,,,,2,,0,Clemson,SC,1,221,,,,-5.0,"29,42,12,18","35,36,12,11",-135,105,-1.0,-115,-115
ncaab:401482943,ncaab,2022-11-30T00:00Z,final,152,2729,NC State,William & Mary,85,64,,,,0,,,,,,,,,,2,,0,Raleigh,NC,1,96,,,,-5.0,"43,42","28,36",,,,,
ncaab:401483166,ncaab,2022-11-30T00:00Z,final,96,91,Kentucky,Bellarmine,60,41,-10000,2500,,0,,,-25.5,-110,-110,,,,,2,,0,Lexington,KY,1,295,,,,-5.0,"21,39","21,20",-3000,1200,-14.5,-123,-103
ncaab:401485052,ncaab,2022-11-30T00:00Z,final,2506,2678,Presbyterian,VMI,72,57,-245,200,,0,,,-5.5,-112,-107,,,,,2,,0,Clinton,SC,1,76,,,,-5.0,"42,30","37,20",-195,160,-3.0,-115,-110
ncaab:401485320,ncaab,2022-11-30T00:00Z,final,189,2511,Bowling Green,Queens,66,72,-120,-100,,0,,,-1.5,-110,-110,,,,,2,,0,Bowling Green,OH,1,212,,,,-5.0,"29,37","40,32",-125,-105,-0.5,-115,-115
ncaab:401486455,ncaab,2022-11-30T00:00Z,final,193,2296,Miami OH,Jackson St,95,78,-240,190,,0,,,-5.5,-110,-110,,,,,2,,0,Oxford,OH,1,283,,,,-5.0,"45,50","32,46",-175,140,-2.5,-110,-120
ncaab:401486940,ncaab,2022-11-30T00:00Z,final,2166,2429,Davidson,Charlotte,66,68,-190,158,,0,,,-4.0,-110,-110,,,,,2,,0,Davidson,NC,1,256,,,,-5.0,"30,29,7","32,27,9",-160,130,-2.0,-116,-109
ncaab:401487333,ncaab,2022-11-30T00:00Z,final,2115,225,C Connecticut,Brown,51,59,,,,0,,,,,,,,,,2,,0,New Britain,CT,1,51,,,,-5.0,"25,26","34,25",,,,,
ncaab:401487621,ncaab,2022-11-30T00:00Z,final,2184,2540,Duquesne,Santa Barbara,72,61,-180,150,,0,,,-4.0,-110,-110,,,,,2,,0,Pittsburgh,PA,1,233,,,,-5.0,"37,35","27,34",-147,120,-1.5,-116,-109
ncaab:401487699,ncaab,2022-11-30T00:00Z,final,58,113,South Florida,UMass,67,73,,,,0,,,,,,,,,,2,,0,Tampa,FL,1,1,,,,-5.0,"25,42","40,33",,,,,
ncaab:401489510,ncaab,2022-11-30T00:00Z,final,232,295,Charleston,Old Dominion,75,60,-295,235,,0,,,-6.5,-110,-110,,,,,2,,0,Charleston,SC,1,6,,,,-5.0,"32,43","31,29",-220,177,-3.5,-110,-114
ncaab:401489625,ncaab,2022-11-30T00:00Z,final,44,399,American,UAlbany,88,62,,,,0,,,,,,,,,,2,,0,Washington,DC,1,7,,,,-5.0,"43,45","31,31",,,,,
ncaab:401489657,ncaab,2022-11-30T00:00Z,final,151,2569,East Carolina,SC State,68,73,,,,0,,,,,,,,,,2,,0,Greenville,NC,1,18,,,,-5.0,"35,33","39,34",,,,,
ncaab:401491744,ncaab,2022-11-30T00:00Z,final,2428,2427,NC Central,UNC Asheville,79,66,,,,0,,,,,,,,,,2,,0,Durham,NC,1,123,,,,-5.0,"34,45","29,37",,,,,
ncaab:401491749,ncaab,2022-11-30T00:00Z,final,2737,2648,Winthrop,Toccoa Falls,99,52,,,,0,,,,,,,,,,2,,0,Rock Hill,SC,1,207,,,,-5.0,"58,41","13,39",,,,,
ncaab:401491897,ncaab,2022-11-30T00:00Z,final,2413,3077,Morehead St,KCU,109,62,,,,0,,,,,,,,,,2,,0,Morehead,KY,1,153,,,,-6.0,"58,51","34,28",,,,,
ncaab:401496898,ncaab,2022-11-30T00:00Z,final,2117,368,C Michigan,Purdue NW,74,67,,,,0,,,,,,,,,,2,,0,Mount Pleasant,MI,1,235,,,,-5.0,"36,38","34,33",,,,,
ncaab:401500676,ncaab,2022-11-30T00:00Z,final,2454,3174,North Florida,Trinity Co Jax,90,49,,,,0,,,,,,,,,,2,,0,Jacksonville,FL,1,5,,,,-5.0,"42,48","21,28",,,,,
ncaab:401504318,ncaab,2022-11-30T00:00Z,final,56,3097,Stetson,JohnsonFL,125,51,,,,0,,,,,,,,,,2,,0,DeLand,FL,1,12,,,,-5.0,"53,72","26,25",,,,,
ncaab:401479672,ncaab,2022-11-30T00:30Z,final,356,183,Illinois,Syracuse,73,44,-974,619,,0,,,-12.5,-110,-110,,,,,2,,0,Champaign,IL,1,225,,,,-6.0,"30,43","23,21",-425,320,-6.5,-115,-115
ncaab:401483201,ncaab,2022-11-30T01:00Z,final,2724,142,Wichita St,Missouri,84,88,115,-137,,0,,,2.5,-110,-110,,,,,2,,0,Wichita,KS,1,396,,,,-6.0,"36,39,9","43,32,13",102,-129,0.5,-110,-115
ncaab:401485474,ncaab,2022-11-30T01:00Z,final,248,2450,Houston,Norfolk St,100,52,-12500,2000,,0,,,-26.5,-110,-110,,,,,2,,0,Houston,TX,1,12,,,,-6.0,"54,46","20,32",-2994,1200,-15.0,-115,-115
ncaab:401489501,ncaab,2022-11-30T01:00Z,final,2572,149,Southern Miss,Montana,64,54,-390,300,,0,,,-9.0,-110,-110,,,,,2,,0,Hattiesburg,MS,1,52,,,,-6.0,"32,32","24,30",-244,194,-4.5,-112,-112
ncaab:401489558,ncaab,2022-11-30T01:00Z,final,2900,121894,St Thomas,N Central,111,63,,,,0,,,,,,,,,,2,,0,Saint Paul,MN,1,242,,,,-6.0,"61,50","32,31",,,,,
ncaab:401489585,ncaab,2022-11-30T01:00Z,final,140,304,Kansas City,Idaho St,65,75,-225,185,,0,,,-4.5,-110,-110,,,,,2,,0,Kansas City,MO,1,274,,,,-6.0,"26,39","34,41",-187,150,-2.5,-111,-114
ncaab:401491694,ncaab,2022-11-30T01:00Z,final,2464,111254,N Arizona,Ottawa (AZ),82,51,,,,0,,,,,,,,,,2,,0,Flagstaff,AZ,1,2104,,,,-7.0,"48,34","24,27",,,,,
ncaab:401491873,ncaab,2022-11-30T01:00Z,final,198,127162,Oral Roberts,Ozark Chrstn,116,68,,,,0,,,,,,,,,,2,,0,Tulsa,OK,1,220,,,,-6.0,"54,62","42,26",,,,,
ncaab:401492643,ncaab,2022-11-30T01:00Z,final,309,100,Louisiana,Loyola NO,104,70,,,,0,,,,,,,,,,2,,0,Lafayette,LA,1,11,,,,-6.0,"49,55","38,32",,,,,
ncaab:401493497,ncaab,2022-11-30T01:00Z,final,2627,2692,Tarleton St,Weber St,75,65,-350,265,,0,,,-7.5,-110,-110,,,,,2,,0,Stephenville,TX,1,388,,,,-6.0,"35,40","28,37",-245,197,-4.0,-115,-110
ncaab:401493806,ncaab,2022-11-30T01:00Z,final,2565,2591,SIUE,St Ambrose,89,54,,,,0,,,,,,,,,,2,,0,Edwardsville,IL,1,165,,,,-6.0,"47,42","30,24",,,,,
ncaab:401499131,ncaab,2022-11-30T01:00Z,final,2447,3134,Nicholls,Champ Chrstn,115,50,,,,0,,,,,,,,,,2,,0,Thibodaux,LA,1,4,,,,-6.0,"46,69","25,25",,,,,
ncaab:401479684,ncaab,2022-11-30T01:30Z,final,269,239,Marquette,Baylor,96,70,200,-250,,0,,,5.5,-110,-110,,,,,2,,0,Milwaukee,WI,1,188,,,,-6.0,"51,45","25,45",150,-185,2.0,-110,-120
ncaab:401479676,ncaab,2022-11-30T02:00Z,final,275,154,Wisconsin,Wake Forest,75,78,-252,205,,0,,,-6.0,-110,-110,,,,,2,,0,Madison,WI,1,267,,,,-6.0,"34,41","37,41",-217,169,-3.5,-120,-110
ncaab:401479677,ncaab,2022-11-30T02:00Z,final,2294,59,Iowa,Georgia Tech,81,65,-1895,1000,,0,,,-15.5,-110,-110,,,,,2,,0,Iowa City,IA,1,204,,,,-6.0,"40,41","29,36",-625,430,-9.5,-108,-117
ncaab:401489058,ncaab,2022-11-30T02:00Z,final,252,224,BYU,Westminster UT,100,70,,,,1,,,,,,,,,,2,,0,Salt Lake City,UT,1,1299,,,,-7.0,"63,37","26,44",,,,,
ncaab:401489111,ncaab,2022-11-30T02:00Z,final,2253,2016,Grand Canyon,Alcorn St,80,72,-1150,740,,0,,,-13.5,-110,-110,,,,,2,,0,Phoenix,AZ,1,331,,,,-7.0,"48,32","33,39",-440,330,-7.5,-119,-107
ncaab:401493467,ncaab,2022-11-30T02:00Z,final,68,2463,Boise St,CSU Northridge,55,46,,,,0,,,,,,,,,,2,,0,Boise,ID,1,823,,,,-7.0,"28,27","27,19",,,,,
ncaab:401479675,ncaab,2022-11-30T02:30Z,final,130,258,Michigan,Virginia,68,70,150,-180,,0,,,4.5,-110,-110,,,,,2,,0,Ann Arbor,MI,1,269,,,,-5.0,"45,23","34,36",126,-155,2.0,-120,-110
ncaab:401488195,ncaab,2022-11-30T03:00Z,final,21,300,San Diego St,UC Irvine,72,69,-800,550,,0,,,-11.5,-115,-104,,,,,2,,0,San Diego,CA,1,20,,,,-8.0,"32,40","30,39",-387,287,-6.5,-114,-115
ncaab:401497712,ncaab,2022-11-30T03:00Z,final,2934,3167,Bakersfield,La Sierra,90,49,,,,0,,,,,,,,,,2,,0,Bakersfield,CA,1,123,,,,-8.0,"42,48","23,26",,,,,
ncaab:401485322,ncaab,2022-11-30T17:00Z,final,288,2426,Lipscomb,Navy,82,77,-182,150,,0,,,-4.5,-110,-110,,,,,2,,0,Nashville,TN,1,170,,,,-6.0,"41,41","37,40",-167,136,-2.5,-109,-116
ncaab:401493959,ncaab,2022-11-30T21:00Z,final,2751,2541,Wyoming,Santa Clara,85,89,,,,1,,,,,,,,,,2,,0,Salt Lake City,UT,1,1299,,,,-7.0,"44,33,8","36,41,12",,,,,
ncaab:401487654,ncaab,2022-11-30T23:00Z,final,2325,218,La Salle,Temple,51,67,176,-225,,1,,,5.0,-107,-112,,,,,2,,0,Philadelphia,PA,1,12,,,,-5.0,"29,22","21,46",142,-175,2.5,-115,-115
ncaab:401489695,ncaab,2022-11-30T23:00Z,final,2349,2771,UMass Lowell,Merrimack,77,51,-1200,700,,0,,,-13.5,-110,-110,,,,,2,,0,Lowell,MA,1,36,,,,-5.0,"39,38","19,32",-475,350,-8.0,-115,-110
ncaab:401490547,ncaab,2022-11-30T23:00Z,final,349,2383,Army,Merch Marine,88,57,,,,0,,,,,,,,,,2,,0,West Point,NY,1,47,,,,-5.0,"45,43","28,29",,,,,
ncaab:401491224,ncaab,2022-11-30T23:00Z,final,2066,2352,Binghamton,Loyola MD,70,84,-150,130,,0,,,-3.5,-110,-110,,,,,2,,0,Binghamton,NY,1,264,,,,-5.0,"34,36","37,47",-145,115,-1.5,-115,-115
ncaab:401479687,ncaab,2022-11-30T23:30Z,final,2086,2306,Butler,Kansas St,76,64,-155,130,,0,,,-3.0,-110,-110,,,,,2,,0,Indianapolis,IN,1,218,,,,-5.0,"37,39","25,39",-135,105,-1.5,-110,-110
