id,league,start,status,home,away,home_name,away_name,home_score,away_score,ml_home,ml_away,odds_time,neutral,ml_home_open,ml_away_open,spread_home,spread_home_odds,spread_away_odds,inj_home,inj_away,sp_home,sp_away,stype,country,intl,city,state,indoor,elev,wx_temp,wx_wind,wx_rain,tzo,ls_home,ls_away
ncaab:401364413,ncaab,2022-02-01T00:00Z,final,213,2294,Penn State,Iowa,90,86,,,,0,,,,,,,,,,2,,0,University Park,PA,1,,,,,,"32,34,12,12","34,32,12,8"
ncaab:401365548,ncaab,2022-02-01T00:00Z,final,2382,2747,Mercer,Wofford,67,62,,,,0,,,,,,,,,,2,,0,Macon,GA,1,112,,,,-5.0,"31,36","39,23"
ncaab:401373197,ncaab,2022-02-01T00:00Z,final,2046,2565,Austin Peay,SIUE,68,63,,,,0,,,,,,,,,,2,,0,Clarksville,TN,1,145,,,,-6.0,"25,25,6,12","33,17,6,7"
ncaab:401373240,ncaab,2022-02-01T00:00Z,final,2635,2413,Tennessee Tech,Morehead St,56,70,,,,0,,,,,,,,,,2,,0,Cookeville,TN,1,334,,,,-6.0,"21,35","42,28"
ncaab:401381853,ncaab,2022-02-01T00:00Z,final,104,107,Boston U,Holy Cross,70,75,,,,0,,,,,,,,,,2,,0,Boston,MA,1,14,,,,-5.0,"36,34","33,42"
ncaab:401398594,ncaab,2022-02-01T00:00Z,final,350,2182,UNC Wilmington,Drexel,70,63,,,,0,,,,,,,,,,2,,0,Wilmington,NC,1,,,,,,"32,38","37,26"
ncaab:401402642,ncaab,2022-02-01T00:00Z,final,253,2464,Southern Utah,N Arizona,78,66,,,,0,,,,,,,,,,2,,0,Cedar City,UT,1,1782,,,,-7.0,"38,40","41,25"
ncaab:401402803,ncaab,2022-02-01T00:00Z,final,261,399,Vermont,UAlbany,73,61,,,,0,,,,,,,,,,2,,0,Burlington,VT,1,61,,,,-5.0,"34,39","29,32"
ncaab:401402880,ncaab,2022-02-01T00:00Z,final,311,42,Maine,Hartford,66,78,,,,0,,,,,,,,,,2,,0,Bangor,ME,1,36,,,,-5.0,"36,30","37,41"
ncaab:401403746,ncaab,2022-02-01T00:00Z,final,87,150,Notre Dame,Duke,43,57,,,,0,,,,,,,,,,2,,0,South Bend,IN,1,211,,,,-5.0,"14,29","27,30"
ncaab:401407270,ncaab,2022-02-01T00:00Z,final,338,2335,Kennesaw St,Liberty,50,65,,,,0,,,,,,,,,,2,,0,Kennesaw,GA,1,332,,,,-5.0,"21,29","36,29"
ncaab:401410510,ncaab,2022-02-01T00:00Z,final,2174,2391,Detroit Mercy,UM Dearborn,96,51,,,,0,,,,,,,,,,2,,0,Detroit,MI,1,183,,,,-5.0,"43,53","22,29"
ncaab:401410916,ncaab,2022-02-01T00:00Z,final,2710,140,W Illinois,Kansas City,75,83,,,,0,,,,,,,,,,2,,0,Macomb,IL,1,215,,,,-6.0,"31,44","48,35"
ncaab:401411246,ncaab,2022-02-01T00:00Z,final,85,3107,IU Indy,East West,75,59,,,,0,,,,,,,,,,2,,0,Indianapolis,IN,1,218,,,,-5.0,"29,46","20,39"
ncaab:401373077,ncaab,2022-02-01T00:30Z,final,2379,2415,MD Eastern,Morgan St,79,72,,,,0,,,,,,,,,,2,,0,Princess Anne,MD,1,5,,,,-5.0,"35,44","22,50"
ncaab:401381692,ncaab,2022-02-01T00:30Z,final,2569,47,SC State,Howard,58,55,,,,0,,,,,,,,,,2,,0,Orangeburg,SC,1,74,,,,-5.0,"21,37","24,31"
ncaab:401364758,ncaab,2022-02-01T01:00Z,final,2751,36,Wyoming,Colorado St,84,78,,,,0,,,,,,,,,,2,,0,Laramie,WY,1,2184,,,,-7.0,"34,36,14","35,35,8"
ncaab:401381760,ncaab,2022-02-01T01:00Z,final,2010,2065,Alabama A&M,Bethune,67,52,,,,0,,,,,,,,,,2,,0,Normal,AL,1,220,,,,-6.0,"22,45","19,33"
ncaab:401402035,ncaab,2022-02-01T01:00Z,final,155,2571,North Dakota,S Dakota St,64,70,,,,0,,,,,,,,,,2,,0,Grand Forks,ND,1,253,,,,-6.0,"27,37","30,40"
ncaab:401373123,ncaab,2022-02-01T01:30Z,final,2016,2755,Alcorn St,Grambling,73,80,,,,0,,,,,,,,,,2,,0,Lorman,MS,1,66,,,,-6.0,"26,47","36,44"
ncaab:401378656,ncaab,2022-02-01T01:30Z,final,2296,2582,Jackson St,Southern,64,75,,,,0,,,,,,,,,,2,,0,Jackson,MS,1,85,,,,-6.0,"36,28","39,36"
ncaab:401368392,ncaab,2022-02-01T02:00Z,final,239,277,Baylor,West Virginia,81,77,,,,0,,,,,,,,,,2,,0,Waco,TX,1,,,,,,"31,50","39,38"
ncaab:401368393,ncaab,2022-02-01T02:00Z,final,201,2628,Oklahoma,TCU,63,72,,,,0,,,,,,,,,,2,,0,Norman,OK,1,357,,,,-6.0,"35,28","36,36"
ncaab:401371148,ncaab,2022-02-01T02:00Z,final,2541,279,Santa Clara,Pacific,81,59,,,,0,,,,,,,,,,2,,0,Santa Clara,CA,1,23,,,,-8.0,"29,52","34,25"
ncaab:401373145,ncaab,2022-02-01T02:00Z,final,2011,50,Alabama St,Florida A&M,65,66,,,,0,,,,,,,,,,2,,0,Montgomery,AL,1,73,,,,-6.0,"27,38","39,27"
ncaab:401380993,ncaab,2022-02-01T02:00Z,final,2428,2450,NC Central,Norfolk St,70,67,,,,0,,,,,,,,,,2,,0,Durham,NC,1,123,,,,-5.0,"30,40","34,33"
ncaab:401403779,ncaab,2022-02-01T02:00Z,final,2692,331,Weber St,E Washington,90,84,,,,0,,,,,,,,,,2,,0,Ogden,UT,1,1311,,,,-7.0,"46,44","35,49"
ncaab:401364759,ncaab,2022-02-01T03:00Z,final,21,167,San Diego St,New Mexico,72,47,,,,0,,,,,,,,,,2,,0,San Diego,CA,1,20,,,,-8.0,"36,36","22,25"
ncaab:401402853,ncaab,2022-02-01T03:30Z,final,2502,2458,Portland St,N Colorado,79,76,,,,0,,,,,,,,,,2,,0,Portland,OR,1,12,,,,-8.0,"51,28","30,46"
ncaab:401370049,ncaab,2022-02-01T23:00Z,final,258,103,Virginia,Boston College,67,55,,,,0,,,,,,,,,,2,,0,Charlottesville,VA,1,142,,,,-5.0,"30,37","25,30"
ncaab:401373571,ncaab,2022-02-01T23:30Z,final,41,156,UConn,Creighton,55,59,,,,0,,,,,,,,,,2,,0,Hartford,CT,1,18,,,,-5.0,"22,33","32,27"
ncaab:401364414,ncaab,2022-02-02T00:00Z,final,120,127,Maryland,Michigan St,63,65,,,,0,,,,,,,,,,2,,0,College Park,MD,1,21,,,,-5.0,"25,38","35,30"
ncaab:401364416,ncaab,2022-02-02T00:00Z,final,77,164,Northwestern,Rutgers,79,78,,,,0,,,,,,,,,,2,,0,Evanston,IL,1,187,,,,-6.0,"43,27,9","25,45,8"
ncaab:401364903,ncaab,2022-02-02T00:00Z,final,344,2579,Mississippi St,South Carolina,78,64,,,,0,,,,,,,,,,2,,0,Starkville,MS,1,101,,,,-6.0,"45,33","23,41"
ncaab:401364904,ncaab,2022-02-02T00:00Z,final,2633,245,Tennessee,Texas A&M,90,80,,,,0,,,,,,,,,,2,,0,Knoxville,TN,1,276,,,,-5.0,"43,47","35,45"
ncaab:401365140,ncaab,2022-02-02T00:00Z,final,193,2309,Miami OH,Kent State,65,78,,,,0,,,,,,,,,,2,,0,Oxford,OH,1,283,,,,-5.0,"24,41","50,28"
ncaab:401365141,ncaab,2022-02-02T00:00Z,final,2117,189,C Michigan,Bowling Green,78,74,,,,0,,,,,,,,,,2,,0,Mount Pleasant,MI,1,235,,,,-5.0,"39,39","33,41"
ncaab:401365142,ncaab,2022-02-02T00:00Z,final,2199,2649,E Michigan,Toledo,66,86,,,,0,,,,,,,,,,2,,0,Ypsilanti,MI,1,,,,,,"35,31","45,41"
ncaab:401365143,ncaab,2022-02-02T00:00Z,final,195,2050,Ohio,Ball State,87,63,,,,0,,,,,,,,,,2,,0,Athens,OH,1,219,,,,-5.0,"44,43","23,40"
ncaab:401365144,ncaab,2022-02-02T00:00Z,final,2711,2459,W Michigan,N Illinois,56,75,,,,0,,,,,,,,,,2,,0,Kalamazoo,MI,1,239,,,,-5.0,"30,26","38,37"
ncaab:401365817,ncaab,2022-02-02T00:00Z,final,179,2166,St Bonaventure,Davidson,76,81,,,,0,,,,,,,,,,2,,0,Saint Bonaventure,NY,1,435,,,,-5.0,"29,47","34,47"
ncaab:401365818,ncaab,2022-02-02T00:00Z,final,2184,257,Duquesne,Richmond,57,74,,,,0,,,,,,,,,,2,,0,Pittsburgh,PA,1,233,,,,-5.0,"32,25","35,39"
ncaab:401368394,ncaab,2022-02-02T00:00Z,final,66,2305,Iowa State,Kansas,61,70,,,,0,,,,,,,,,,2,,0,Ames,IA,1,287,,,,-6.0,"24,37","30,40"
ncaab:401401113,ncaab,2022-02-02T00:00Z,final,2561,2099,Siena,Canisius,73,65,,,,0,,,,,,,,,,2,,0,Albany,NY,1,45,,,,-5.0,"32,41","27,38"
ncaab:401370118,ncaab,2022-02-02T01:00Z,final,97,153,Louisville,North Carolina,83,90,,,,0,,,,,,,,,,2,,0,Louisville,KY,1,142,,,,-5.0,"35,39,9","36,38,16"
ncaab:401373572,ncaab,2022-02-02T01:30Z,final,46,2550,Georgetown,Seton Hall,63,70,,,,0,,,,,,,,,,2,,0,Washington,DC,1,,,,,,"28,35","35,35"
ncaab:401364415,ncaab,2022-02-02T02:00Z,final,130,158,Michigan,Nebraska,85,79,,,,0,,,,,,,,,,2,,0,Ann Arbor,MI,1,269,,,,-5.0,"37,48","44,35"
ncaab:401364762,ncaab,2022-02-02T02:00Z,final,328,2005,Utah State,Air Force,73,46,,,,0,,,,,,,,,,2,,0,Logan,UT,1,1382,,,,-7.0,"36,37","23,23"
ncaab:401364905,ncaab,2022-02-02T02:00Z,final,2,333,Auburn,Alabama,100,81,,,,0,,,,,,,,,,2,,0,Auburn,AL,1,215,,,,-6.0,"51,49","37,44"
ncaab:401364906,ncaab,2022-02-02T02:00Z,final,99,145,LSU,Ole Miss,72,76,,,,0,,,,,,,,,,2,,0,Baton Rouge,LA,1,14,,,,-6.0,"32,40","45,31"
ncaab:401368395,ncaab,2022-02-02T02:00Z,final,2641,251,Texas Tech,Texas,77,64,,,,0,,,,,,,,,,2,,0,Lubbock,TX,1,976,,,,-6.0,"43,34","29,35"
ncaab:401373573,ncaab,2022-02-02T02:00Z,final,2599,2507,St John's,Providence,82,86,,,,0,,,,,,,,,,2,,0,Queens,NY,1,12,,,,-5.0,"32,50","40,46"
ncaab:401377740,ncaab,2022-02-02T02:00Z,final,2724,202,Wichita St,Tulsa,58,48,,,,0,,,,,,,,,,2,,0,Wichita,KS,1,,,,,,"29,29","30,18"
ncaab:401373703,ncaab,2022-02-02T03:00Z,final,27,302,UC Riverside,UC Davis,60,65,,,,0,,,,,,,,,,2,,0,Riverside,CA,1,252,,,,-8.0,"22,38","32,33"
ncaab:401405171,ncaab,2022-02-02T03:00Z,final,24,25,Stanford,California,57,50,,,,0,,,,,,,,,,2,,0,Stanford,CA,1,,,,,,"21,36","20,30"
ncaab:401364761,ncaab,2022-02-02T03:30Z,final,2439,2440,UNLV,Nevada,69,58,,,,0,,,,,,,,,,2,,0,Las Vegas,NV,1,610,,,,-8.0,"42,27","26,32"
ncaab:401364760,ncaab,2022-02-02T04:00Z,final,23,278,San José St,Fresno St,43,73,,,,0,,,,,,,,,,2,,0,San Jose,CA,1,26,,,,-8.0,"23,20","32,41"
ncaab:401364909,ncaab,2022-02-02T20:00Z,final,142,57,Missouri,Florida,65,66,,,,0,,,,,,,,,,2,,0,Columbia,MO,1,215,,,,-6.0,"31,34","33,33"
ncaab:401371502,ncaab,2022-02-02T23:00Z,final,2000,2130,Abilene Chrstn,Chicago St,77,73,,,,0,,,,,,,,,,2,,0,Abilene,TX,1,524,,,,-6.0,"42,35","28,45"
ncaab:401370745,ncaab,2022-02-02T23:30Z,final,2515,2127,Radford,Charleston So,64,52,,,,0,,,,,,,,,,2,,0,Radford,VA,1,567,,,,-5.0,"21,43","24,28"
ncaab:401370747,ncaab,2022-02-02T23:30Z,final,2427,2344,UNC Asheville,Longwood,48,56,,,,0,,,,,,,,,,2,,0,Asheville,NC,1,649,,,,-5.0,"15,33","34,22"
ncaab:401364417,ncaab,2022-02-03T00:00Z,final,135,2509,Minnesota,Purdue,73,88,,,,0,,,,,,,,,,2,,0,Minneapolis,MN,1,253,,,,-6.0,"36,37","51,37"
ncaab:401364907,ncaab,2022-02-03T00:00Z,final,61,8,Georgia,Arkansas,73,99,,,,0,,,,,,,,,,2,,0,Athens,GA,1,228,,,,-5.0,"47,26","53,46"
ncaab:401364908,ncaab,2022-02-03T00:00Z,final,96,238,Kentucky,Vanderbilt,77,70,,,,0,,,,,,,,,,2,,0,Lexington,KY,1,295,,,,-5.0,"41,36","31,39"
ncaab:401365547,ncaab,2022-02-03T00:00Z,final,231,2643,Furman,The Citadel,102,83,,,,0,,,,,,,,,,2,,0,Greenville,SC,1,307,,,,-5.0,"63,39","31,52"
ncaab:401365549,ncaab,2022-02-03T00:00Z,final,2430,2678,UNC Greensboro,VMI,65,76,,,,0,,,,,,,,,,2,,0,Greensboro,NC,1,266,,,,-5.0,"32,33","37,39"
ncaab:401365551,ncaab,2022-02-03T00:00Z,final,2717,2193,W Carolina,ETSU,87,84,,,,0,,,,,,,,,,2,,0,Cullowhee,NC,1,645,,,,-5.0,"34,53","47,37"
ncaab:401365820,ncaab,2022-02-03T00:00Z,final,2230,227,Fordham,Rhode Island,61,55,,,,0,,,,,,,,,,2,,0,Bronx,NY,1,28,,,,-5.0,"36,25","19,36"
ncaab:401365821,ncaab,2022-02-03T00:00Z,final,2244,139,George Mason,Saint Louis,90,92,,,,0,,,,,,,,,,2,,0,Fairfax,VA,1,131,,,,-5.0,"33,43,5,9","38,38,5,11"
ncaab:401365822,ncaab,2022-02-03T00:00Z,final,45,2325,G Washington,La Salle,89,87,,,,0,,,,,,,,,,2,,0,Washington,DC,1,,,,,,"48,41","46,41"
ncaab:401367383,ncaab,2022-02-03T00:00Z,final,282,2181,Indiana St,Drake,67,85,,,,0,,,,,,,,,,2,,0,Terre Haute,IN,1,,,,,,"37,30","42,43"
ncaab:401369672,ncaab,2022-02-03T00:00Z,final,2619,2066,Stony Brook,Binghamton,61,77,,,,0,,,,,,,,,,2,,0,Stony Brook,NY,1,,,,,,"29,32","40,37"
ncaab:401369673,ncaab,2022-02-03T00:00Z,final,160,42,New Hampshire,Hartford,70,64,,,,0,,,,,,,,,,2,,0,Durham,NH,1,15,,,,-5.0,"35,35","17,47"
ncaab:401369674,ncaab,2022-02-03T00:00Z,final,399,2378,UAlbany,UMBC,53,59,,,,0,,,,,,,,,,2,,0,Albany,NY,1,45,,,,-5.0,"32,21","26,33"
ncaab:401369675,ncaab,2022-02-03T00:00Z,final,311,2349,Maine,UMass Lowell,50,62,,,,0,,,,,,,,,,2,,0,Bangor,ME,1,36,,,,-5.0,"22,28","34,28"
ncaab:401369676,ncaab,2022-02-03T00:00Z,final,261,2885,Vermont,NJIT,90,67,,,,0,,,,,,,,,,2,,0,Burlington,VT,1,61,,,,-5.0,"49,41","22,45"
ncaab:401369937,ncaab,2022-02-03T00:00Z,final,228,52,Clemson,Florida St,75,69,,,,0,,,,,,,,,,2,,0,Clemson,SC,1,221,,,,-5.0,"45,30","36,33"
ncaab:401370068,ncaab,2022-02-03T00:00Z,final,154,221,Wake Forest,Pitt,91,75,,,,0,,,,,,,,,,2,,0,Winston-Salem,NC,1,,,,,,"46,45","24,51"
ncaab:401370087,ncaab,2022-02-03T00:00Z,final,2390,87,Miami,Notre Dame,64,68,,,,0,,,,,,,,,,2,,0,Coral Gables,FL,1,3,,,,-5.0,"28,36","30,38"
ncaab:401370744,ncaab,2022-02-03T00:00Z,final,2506,2097,Presbyterian,Campbell,64,58,,,,0,,,,,,,,,,2,,0,Clinton,SC,1,76,,,,-5.0,"29,35","32,26"
ncaab:401370746,ncaab,2022-02-03T00:00Z,final,2272,2241,High Point,Gardner-Webb,57,65,,,,0,,,,,,,,,,2,,0,High Point,NC,1,281,,,,-5.0,"38,19","27,38"
ncaab:401370748,ncaab,2022-02-03T00:00Z,final,2261,2908,Hampton,SC Upstate,78,85,,,,0,,,,,,,,,,2,,0,Hampton,VA,1,1,,,,-5.0,"40,38","33,52"
ncaab:401373102,ncaab,2022-02-03T00:00Z,final,2329,2426,Lehigh,Navy,63,62,,,,0,,,,,,,,,,2,,0,Bethlehem,PA,1,109,,,,-5.0,"32,31","34,28"
ncaab:401373575,ncaab,2022-02-03T00:00Z,final,2752,2086,Xavier,Butler,68,66,,,,0,,,,,,,,,,2,,0,Cincinnati,OH,1,191,,,,-5.0,"29,39","26,40"
ncaab:401377741,ncaab,2022-02-03T00:00Z,final,151,218,East Carolina,Temple,63,71,,,,0,,,,,,,,,,2,,0,Greenville,NC,1,18,,,,-5.0,"22,41","28,43"
ncaab:401381722,ncaab,2022-02-03T00:00Z,final,2142,2083,Colgate,Bucknell,83,69,,,,0,,,,,,,,,,2,,0,Hamilton,NY,1,181,,,,-5.0,"43,40","40,29"
ncaab:401381747,ncaab,2022-02-03T00:00Z,final,2352,349,Loyola MD,Army,61,57,,,,0,,,,,,,,,,2,,0,Baltimore,MD,1,10,,,,-5.0,"35,26","29,28"
ncaab:401386003,ncaab,2022-02-03T00:00Z,final,322,44,Lafayette,American,71,62,,,,0,,,,,,,,,,2,,0,Easton,PA,1,97,,,,-5.0,"35,36","22,40"
ncaab:401373058,ncaab,2022-02-03T00:30Z,final,2169,2154,Delaware St,Coppin St,57,59,,,,0,,,,,,,,,,2,,0,Dover,DE,1,9,,,,-5.0,"28,29","23,36"
ncaab:401365550,ncaab,2022-02-03T01:00Z,final,2535,236,Samford,Chattanooga,80,72,,,,0,,,,,,,,,,2,,0,Homewood,AL,1,203,,,,-6.0,"39,41","32,40"
ncaab:401367384,ncaab,2022-02-03T01:00Z,final,2350,2287,Loyola Chicago,Illinois St,78,64,,,,0,,,,,,,,,,2,,0,Chicago,IL,1,179,,,,-6.0,"42,36","22,42"
ncaab:401367385,ncaab,2022-02-03T01:00Z,final,2460,71,Northern Iowa,Bradley,78,65,,,,0,,,,,,,,,,2,,0,Cedar Falls,IA,1,268,,,,-6.0,"37,41","28,37"
ncaab:401371503,ncaab,2022-02-03T01:00Z,final,292,2320,UT Rio Grande,Lamar,93,79,,,,0,,,,,,,,,,2,,0,Edinburg,TX,1,30,,,,-6.0,"42,51","37,42"
ncaab:401377742,ncaab,2022-02-03T01:00Z,final,248,2655,Houston,Tulane,73,62,,,,0,,,,,,,,,,2,,0,Houston,TX,1,12,,,,-6.0,"41,32","30,32"
ncaab:401364418,ncaab,2022-02-03T02:00Z,final,356,275,Illinois,Wisconsin,80,67,,,,0,,,,,,,,,,2,,0,Champaign,IL,1,225,,,,-6.0,"42,38","38,29"
ncaab:401365819,ncaab,2022-02-03T02:00Z,final,2670,2168,VCU,Dayton,52,82,,,,0,,,,,,,,,,2,,0,Richmond,VA,1,64,,,,-5.0,"28,24","43,39"
ncaab:401367386,ncaab,2022-02-03T02:00Z,final,79,2623,S Illinois,Missouri St,54,69,,,,0,,,,,,,,,,2,,0,Carbondale,IL,1,126,,,,-6.0,"24,30","29,40"
ncaab:401368396,ncaab,2022-02-03T02:00Z,final,2306,197,Kansas St,Oklahoma St,71,68,,,,0,,,,,,,,,,2,,0,Manhattan,KS,1,311,,,,-6.0,"39,32","32,36"
ncaab:401370031,ncaab,2022-02-03T02:00Z,final,259,59,Virginia Tech,Georgia Tech,81,66,,,,0,,,,,,,,,,2,,0,Blacksburg,VA,1,633,,,,-5.0,"46,35","35,31"
ncaab:401370107,ncaab,2022-02-03T02:00Z,final,152,183,NC State,Syracuse,82,89,,,,0,,,,,,,,,,2,,0,Raleigh,NC,1,96,,,,-5.0,"45,37","42,47"
ncaab:401373574,ncaab,2022-02-03T03:00Z,final,269,222,Marquette,Villanova,83,73,,,,0,,,,,,,,,,2,,0,Milwaukee,WI,1,188,,,,-6.0,"46,37","32,41"
ncaab:401369280,ncaab,2022-02-03T18:30Z,final,91,2335,Bellarmine,Liberty,53,66,,,,0,,,,,,,,,,2,,0,Louisville,KY,1,142,,,,-5.0,"25,28","25,41"
ncaab:401373247,ncaab,2022-02-03T19:00Z,final,2413,2635,Morehead St,Tennessee Tech,75,68,,,,0,,,,,,,,,,2,,0,Morehead,KY,1,153,,,,-6.0,"31,44","25,43"
ncaab:401408074,ncaab,2022-02-03T19:00Z,final,195,2199,Ohio,E Michigan,81,68,,,,0,,,,,,,,,,2,,0,Athens,OH,1,219,,,,-5.0,"44,37","34,34"
ncaab:401369282,ncaab,2022-02-03T22:00Z,final,2198,338,E Kentucky,Kennesaw St,82,81,,,,0,,,,,,,,,,2,,0,Richmond,KY,1,289,,,,-5.0,"27,33,8,6,8","31,29,8,6,7"
ncaab:401373205,ncaab,2022-02-03T22:30Z,final,2046,93,Austin Peay,Murray St,53,65,,,,0,,,,,,,,,,2,,0,Clarksville,TN,1,145,,,,-6.0,"31,22","35,30"
ncaab:401373292,ncaab,2022-02-03T22:30Z,final,2630,2546,UT Martin,SE Missouri,84,63,,,,0,,,,,,,,,,2,,0,Martin,TN,1,124,,,,-6.0,"38,46","34,29"
ncaab:401365466,ncaab,2022-02-03T23:00Z,final,48,2182,Delaware,Drexel,68,76,,,,0,,,,,,,,,,2,,0,Newark,DE,1,38,,,,-5.0,"36,32","45,31"
ncaab:401367482,ncaab,2022-02-03T23:00Z,final,326,2026,Texas St,App State,68,66,,,,0,,,,,,,,,,2,,0,San Marcos,TX,1,188,,,,-6.0,"41,27","29,37"
ncaab:401402004,ncaab,2022-02-03T23:00Z,final,46,2599,Georgetown,St John's,77,90,,,,0,,,,,,,,,,2,,0,Washington,DC,1,,,,,,"38,39","45,45"
ncaab:401367486,ncaab,2022-02-03T23:30Z,final,2031,309,Little Rock,Louisiana,51,75,,,,0,,,,,,,,,,2,,0,Little Rock,AR,1,102,,,,-6.0,"19,32","24,51"
ncaab:401365461,ncaab,2022-02-04T00:00Z,final,2729,232,William & Mary,Charleston,61,84,,,,0,,,,,,,,,,2,,0,Williamsburg,VA,1,,,,,,"30,31","35,49"
ncaab:401365462,ncaab,2022-02-04T00:00Z,final,111,256,Northeastern,James Madison,71,76,,,,0,,,,,,,,,,2,,0,Boston,MA,1,14,,,,-5.0,"32,39","39,37"
ncaab:401365463,ncaab,2022-02-04T00:00Z,final,2210,350,Elon,UNC Wilmington,78,65,,,,0,,,,,,,,,,2,,0,Elon,NC,1,215,,,,-5.0,"31,47","31,34"
ncaab:401365464,ncaab,2022-02-04T00:00Z,final,2275,119,Hofstra,Towson,68,78,,,,0,,,,,,,,,,2,,0,Hempstead,NY,1,17,,,,-5.0,"33,35","43,35"
ncaab:401367484,ncaab,2022-02-04T00:00Z,final,2247,2653,Georgia St,Troy,63,67,,,,0,,,,,,,,,,2,,0,Atlanta,GA,1,320,,,,-5.0,"26,37","34,33"
ncaab:401367485,ncaab,2022-02-04T00:00Z,final,290,6,GA Southern,South Alabama,58,57,,,,0,,,,,,,,,,2,,0,Statesboro,GA,1,77,,,,-5.0,"38,20","23,34"
ncaab:401368298,ncaab,2022-02-04T00:00Z,void,2750,2174,Wright St,Detroit Mercy,,,,,,0,,,,,,,,,,2,,0,Dayton,OH,1,225,,,,-5.0,,
ncaab:401368299,ncaab,2022-02-04T00:00Z,void,94,2473,N Kentucky,Oakland,,,,,,0,,,,,,,,,,2,,0,Highland Heights,KY,1,260,,,,-5.0,,
ncaab:401368301,ncaab,2022-02-04T00:00Z,final,85,2754,IU Indy,Youngstown St,55,61,,,,0,,,,,,,,,,2,,0,Indianapolis,IN,1,218,,,,-5.0,"27,28","28,33"
ncaab:401370749,ncaab,2022-02-04T00:00Z,final,2737,2448,Winthrop,NC A&T,64,54,,,,0,,,,,,,,,,2,,0,Rock Hill,SC,1,207,,,,-5.0,"25,39","31,23"
ncaab:401370820,ncaab,2022-02-04T00:00Z,final,2115,2681,C Connecticut,Wagner,52,54,,,,0,,,,,,,,,,2,,0,New Britain,CT,1,51,,,,-5.0,"17,35","38,16"
ncaab:401370842,ncaab,2022-02-04T00:00Z,final,112358,2529,Long Island,Sacred Heart,79,75,,,,0,,,,,,,,,,2,,0,Brooklyn,NY,1,15,,,,-5.0,"43,36","33,42"
ncaab:401370861,ncaab,2022-02-04T00:00Z,final,116,2771,Mount St Marys,Merrimack,69,53,,,,0,,,,,,,,,,2,,0,Emmitsburg,MD,1,133,,,,-5.0,"29,40","24,29"
ncaab:401370879,ncaab,2022-02-04T00:00Z,final,2597,161,St Francis BK,FDU,81,64,,,,0,,,,,,,,,,2,,0,Brooklyn,NY,1,15,,,,-5.0,"41,40","36,28"
ncaab:401370887,ncaab,2022-02-04T00:00Z,final,2598,2803,Saint Francis,Bryant,82,89,,,,0,,,,,,,,,,2,,0,Loretto,PA,1,595,,,,-5.0,"37,45","38,51"
ncaab:401372664,ncaab,2022-02-04T00:00Z,final,2429,98,Charlotte,Western KY,59,78,,,,0,,,,,,,,,,2,,0,Charlotte,NC,1,229,,,,-5.0,"19,40","43,35"
ncaab:401372697,ncaab,2022-02-04T00:00Z,final,2226,2348,FAU,Louisiana Tech,83,73,,,,0,,,,,,,,,,2,,0,Boca Raton,FL,1,4,,,,-5.0,"44,39","30,43"
ncaab:401372814,ncaab,2022-02-04T00:00Z,final,2229,2572,FIU,Southern Miss,77,67,,,,0,,,,,,,,,,2,,0,Miami,FL,1,2,,,,-5.0,"30,47","33,34"
ncaab:401377743,ncaab,2022-02-04T00:00Z,final,2116,58,UCF,South Florida,68,49,,,,0,,,,,,,,,,2,,0,Orlando,FL,1,30,,,,-5.0,"36,32","24,25"
ncaab:401377744,ncaab,2022-02-04T00:00Z,void,2132,235,Cincinnati,Memphis,,,,,,0,,,,,,,,,,2,,0,Cincinnati,OH,1,191,,,,-5.0,,
ncaab:401409353,ncaab,2022-02-04T00:00Z,void,2567,2724,SMU,Wichita St,,,,,,0,,,,,,,,,,2,,0,Dallas,TX,1,128,,,,-6.0,,
ncaab:401410513,ncaab,2022-02-04T00:00Z,final,2117,2711,C Michigan,W Michigan,65,55,,,,0,,,,,,,,,,2,,0,Mount Pleasant,MI,1,235,,,,-5.0,"24,41","28,27"
ncaab:401371504,ncaab,2022-02-04T00:30Z,final,2617,3084,SF Austin,Utah Valley,78,59,,,,0,,,,,,,,,,2,,0,Nacogdoches,TX,1,92,,,,-6.0,"38,40","31,28"
ncaab:401371505,ncaab,2022-02-04T00:30Z,final,2534,3101,Sam Houston,Utah Tech,77,53,,,,0,,,,,,,,,,2,,0,Huntsville,TX,1,113,,,,-6.0,"38,39","28,25"
ncaab:401364419,ncaab,2022-02-04T01:00Z,void,194,2294,Ohio State,Iowa,,,,,,0,,,,,,,,,,2,,0,Columbus,OH,1,235,,,,-5.0,,
ncaab:401365687,ncaab,2022-02-04T01:00Z,final,155,2172,North Dakota,Denver,79,81,,,,0,,,,,,,,,,2,,0,Grand Forks,ND,1,253,,,,-6.0,"36,34,9","30,40,11"
ncaab:401365688,ncaab,2022-02-04T01:00Z,final,2449,2437,N Dakota St,Omaha,71,64,,,,0,,,,,,,,,,2,,0,Fargo,ND,1,276,,,,-6.0,"37,34","34,30"
ncaab:401365689,ncaab,2022-02-04T01:00Z,final,198,2710,Oral Roberts,W Illinois,85,90,,,,0,,,,,,,,,,2,,0,Tulsa,OK,1,,,,,,"22,63","45,45"
ncaab:401365690,ncaab,2022-02-04T01:00Z,final,140,2900,Kansas City,St Thomas,81,72,,,,0,,,,,,,,,,2,,0,Kansas City,MO,1,274,,,,-6.0,"42,39","41,31"
ncaab:401367483,ncaab,2022-02-04T01:00Z,void,250,324,UT Arlington,Coastal,,,,,,0,,,,,,,,,,2,,0,Arlington,TX,1,184,,,,-6.0,,
ncaab:401367487,ncaab,2022-02-04T01:00Z,final,2032,2433,Arkansas St,UL Monroe,59,60,,,,0,,,,,,,,,,2,,0,Jonesboro,AR,1,99,,,,-6.0,"29,30","26,34"
ncaab:401368300,ncaab,2022-02-04T01:00Z,final,82,2523,UIC,Robert Morris,80,75,,,,0,,,,,,,,,,2,,0,Chicago,IL,1,179,,,,-6.0,"39,41","34,41"
ncaab:401371658,ncaab,2022-02-04T01:00Z,final,2277,2466,Hou Christian,N'Western St,87,97,,,,0,,,,,,,,,,2,,0,Houston,TX,1,12,,,,-6.0,"43,44","48,49"
ncaab:401372597,ncaab,2022-02-04T01:00Z,final,2458,2502,N Colorado,Portland St,99,106,,,,0,,,,,,,,,,2,,0,Greeley,CO,1,1425,,,,-7.0,"42,57","43,63"
ncaab:401372738,ncaab,2022-02-04T01:00Z,final,295,276,Old Dominion,Marshall,79,64,,,,0,,,,,,,,,,2,,0,Norfolk,VA,1,2,,,,-5.0,"50,29","28,36"
ncaab:401372797,ncaab,2022-02-04T01:00Z,final,242,2636,Rice,UTSA,91,78,,,,0,,,,,,,,,,2,,0,Houston,TX,1,12,,,,-6.0,"44,47","40,38"
ncaab:401377441,ncaab,2022-02-04T01:00Z,final,12,26,Arizona,UCLA,76,66,,,,0,,,,,,,,,,2,,0,Tucson,AZ,1,,,,,,"42,34","30,36"
ncaab:401369284,ncaab,2022-02-04T01:15Z,final,288,56,Lipscomb,Stetson,71,77,,,,0,,,,,,,,,,2,,0,Nashville,TN,1,170,,,,-6.0,"30,41","31,46"
ncaab:401369283,ncaab,2022-02-04T01:30Z,final,55,2454,Jax State,North Florida,76,88,,,,0,,,,,,,,,,2,,0,Jacksonville,AL,1,216,,,,-6.0,"31,45","35,53"
ncaab:401371659,ncaab,2022-02-04T01:30Z,final,2377,2545,McNeese,SE Louisiana,78,83,,,,0,,,,,,,,,,2,,0,Lake Charles,LA,1,4,,,,-6.0,"35,43","45,38"
ncaab:401371660,ncaab,2022-02-04T01:30Z,final,357,2443,Texas A&M-CC,LSU N Orleans,70,79,,,,0,,,,,,,,,,2,,0,Corpus Christi,TX,1,2,,,,-6.0,"22,48","31,48"
ncaab:401373225,ncaab,2022-02-04T01:30Z,void,2565,2197,SIUE,E Illinois,,,,,,0,,,,,,,,,,2,,0,Edwardsville,IL,1,165,,,,-6.0,,
ncaab:401369281,ncaab,2022-02-04T01:45Z,final,2110,526,C Arkansas,FGCU,93,95,,,,0,,,,,,,,,,2,,0,Conway,AR,1,95,,,,-6.0,"42,45,6","44,43,8"
ncaab:401369285,ncaab,2022-02-04T02:00Z,final,2453,294,North Alabama,Jacksonville,50,56,,,,0,,,,,,,,,,2,,0,Florence,AL,1,167,,,,-6.0,"21,29","19,37"
ncaab:401371153,ncaab,2022-02-04T02:00Z,final,2541,2351,Santa Clara,LMU,79,60,,,,0,,,,,,,,,,2,,0,Santa Clara,CA,1,23,,,,-8.0,"35,44","31,29"
ncaab:401371506,ncaab,2022-02-04T02:00Z,final,166,2856,New Mexico St,CA Baptist,68,57,,,,0,,,,,,,,,,2,,0,Las Cruces,NM,1,1191,,,,-7.0,"23,45","33,24"
ncaab:401371507,ncaab,2022-02-04T02:00Z,final,2253,2547,Grand Canyon,Seattle U,78,66,,,,0,,,,,,,,,,2,,0,Phoenix,AZ,1,331,,,,-7.0,"38,40","26,40"
ncaab:401372451,ncaab,2022-02-04T02:00Z,final,253,70,Southern Utah,Idaho,75,59,,,,0,,,,,,,,,,2,,0,Cedar City,UT,1,1782,,,,-7.0,"42,33","28,31"
ncaab:401372497,ncaab,2022-02-04T02:00Z,void,304,147,Idaho St,Montana St,,,,,,0,,,,,,,,,,2,,0,Pocatello,ID,1,1360,,,,-7.0,,
ncaab:401372516,ncaab,2022-02-04T02:00Z,final,2692,149,Weber St,Montana,80,75,,,,0,,,,,,,,,,2,,0,Ogden,UT,1,1311,,,,-7.0,"37,43","39,36"
ncaab:401373267,ncaab,2022-02-04T02:00Z,final,2634,2057,Tennessee St,Belmont,61,88,,,,0,,,,,,,,,,2,,0,Nashville,TN,1,170,,,,-6.0,"24,37","41,47"
ncaab:401373864,ncaab,2022-02-04T02:00Z,final,2916,2447,Incarnate Word,Nicholls,60,63,,,,0,,,,,,,,,,2,,0,San Antonio,TX,1,198,,,,-6.0,"21,39","36,27"
ncaab:401377443,ncaab,2022-02-04T02:00Z,final,24,265,Stanford,Washington St,60,66,,,,0,,,,,,,,,,2,,0,Stanford,CA,1,23,,,,-8.0,"21,39","33,33"
ncaab:401377444,ncaab,2022-02-04T02:00Z,final,254,204,Utah,Oregon St,84,59,,,,0,,,,,,,,,,2,,0,Salt Lake City,UT,1,1299,,,,-7.0,"46,38","33,26"
ncaab:401408370,ncaab,2022-02-04T02:00Z,final,301,2250,San Diego,Gonzaga,62,92,,,,0,,,,,,,,,,2,,0,San Diego,CA,1,20,,,,-8.0,"24,38","38,54"
ncaab:401408919,ncaab,2022-02-04T02:00Z,final,2751,68,Wyoming,Boise St,72,65,,,,0,,,,,,,,,,2,,0,Laramie,WY,1,2184,,,,-7.0,"28,44","28,37"
ncaab:401408920,ncaab,2022-02-04T02:00Z,final,328,23,Utah State,San José St,78,62,,,,0,,,,,,,,,,2,,0,Logan,UT,1,1382,,,,-7.0,"34,44","33,29"
ncaab:401371185,ncaab,2022-02-04T03:00Z,final,252,2539,BYU,San Francisco,59,73,,,,0,,,,,,,,,,2,,0,Provo,UT,1,1387,,,,-7.0,"25,34","40,33"
ncaab:401372581,ncaab,2022-02-04T03:00Z,final,16,2464,Sacramento St,N Arizona,61,62,,,,0,,,,,,,,,,2,,0,Sacramento,CA,1,9,,,,-8.0,"21,40","28,34"
ncaab:401373704,ncaab,2022-02-04T03:00Z,final,2463,28,CSU Northridge,UC San Diego,77,83,,,,0,,,,,,,,,,2,,0,Northridge,CA,1,246,,,,-8.0,"27,50","37,46"
ncaab:401373705,ncaab,2022-02-04T03:00Z,final,2239,13,Fullerton,Cal Poly,61,50,,,,0,,,,,,,,,,2,,0,Fullerton,CA,1,50,,,,-8.0,"19,42","26,24"
ncaab:401373706,ncaab,2022-02-04T03:00Z,final,2540,300,Santa Barbara,UC Irvine,52,53,,,,0,,,,,,,,,,2,,0,Santa Barbara,CA,1,15,,,,-8.0,"21,31","33,20"
ncaab:401373707,ncaab,2022-02-04T03:00Z,final,299,2934,Long Beach St,Bakersfield,74,65,,,,0,,,,,,,,,,2,,0,Long Beach,CA,1,9,,,,-8.0,"39,35","39,26"
ncaab:401377445,ncaab,2022-02-04T03:00Z,final,38,2483,Colorado,Oregon,51,66,,,,0,,,,,,,,,,2,,0,Boulder,CO,1,1624,,,,-7.0,"35,16","36,30"
ncaab:401408053,ncaab,2022-02-04T03:00Z,final,279,2492,Pacific,Pepperdine,81,76,,,,0,,,,,,,,,,2,,0,Stockton,CA,1,,,,,,"29,52","44,32"
ncaab:401371232,ncaab,2022-02-04T04:00Z,final,2501,2608,Portland,Saint Mary's,54,75,,,,0,,,,,,,,,,2,,0,Portland,OR,1,12,,,,-8.0,"28,26","34,41"
ncaab:401373708,ncaab,2022-02-04T04:00Z,final,27,62,UC Riverside,Hawai'i,64,59,,,,0,,,,,,,,,,2,,0,Riverside,CA,1,252,,,,-8.0,"30,34","32,27"
ncaab:401377442,ncaab,2022-02-04T04:00Z,final,9,30,Arizona St,USC,53,58,,,,0,,,,,,,,,,2,,0,Tempe,AZ,1,,,,,,"24,29","26,32"
ncaab:401377446,ncaab,2022-02-04T04:00Z,final,25,264,California,Washington,63,84,,,,0,,,,,,,,,,2,,0,Berkeley,CA,1,52,,,,-8.0,"29,34","38,46"
ncaab:401369749,ncaab,2022-02-04T22:00Z,final,43,159,Yale,Dartmouth,72,69,,,,0,,,,,,,,,,2,,0,New Haven,CT,1,18,,,,-5.0,"41,31","32,37"
ncaab:401365552,ncaab,2022-02-04T23:00Z,final,2678,2717,VMI,W Carolina,76,69,,,,0,,,,,,,,,,2,,0,Lexington,VA,1,324,,,,-5.0,"36,40","41,28"
ncaab:401365823,ncaab,2022-02-04T23:00Z,final,257,179,Richmond,St Bonaventure,71,61,,,,0,,,,,,,,,,2,,0,Richmond,VA,1,64,,,,-5.0,"38,33","31,30"
ncaab:401409399,ncaab,2022-02-04T23:30Z,final,2006,193,Akron,Miami OH,66,55,,,,0,,,,,,,,,,2,,0,Akron,OH,1,291,,,,-5.0,"30,36","27,28"
ncaab:401365358,ncaab,2022-02-05T00:00Z,final,2405,2217,Monmouth,Fairfield,59,56,,,,0,,,,,,,,,,2,,0,West Long Branch,NJ,1,,,,,,"26,33","21,35"
ncaab:401365359,ncaab,2022-02-05T00:00Z,final,315,2363,Niagara,Manhattan,80,74,,,,0,,,,,,,,,,2,,0,Niagara Falls,NY,1,187,,,,-5.0,"37,33,10","35,35,4"
ncaab:401365360,ncaab,2022-02-05T00:00Z,final,2099,314,Canisius,Iona,62,70,,,,0,,,,,,,,,,2,,0,Buffalo,NY,1,183,,,,-5.0,"21,41","40,30"
ncaab:401365361,ncaab,2022-02-05T00:00Z,final,2561,2520,Siena,Rider,60,74,,,,0,,,,,,,,,,2,,0,Albany,NY,1,45,,,,-5.0,"27,33","34,40"
ncaab:401365362,ncaab,2022-02-05T00:00Z,final,2612,2514,Saint Peter's,Quinnipiac,83,74,,,,0,,,,,,,,,,2,,0,Jersey City,NJ,1,9,,,,-5.0,"32,51","35,39"
ncaab:401368302,ncaab,2022-02-05T00:00Z,final,325,2739,Cleveland St,Green Bay,85,69,,,,0,,,,,,,,,,2,,0,Cleveland,OH,1,199,,,,-5.0,"44,41","33,36"
ncaab:401368303,ncaab,2022-02-05T00:00Z,final,2870,270,Purdue FW,Milwaukee,70,60,,,,0,,,,,,,,,,2,,0,Fort Wayne,IN,1,247,,,,-5.0,"24,46","28,32"
ncaab:401369750,ncaab,2022-02-05T00:00Z,final,225,108,Brown,Harvard,50,65,,,,0,,,,,,,,,,2,,0,Providence,RI,1,2,,,,-5.0,"8,42","29,36"
ncaab:401369751,ncaab,2022-02-05T00:00Z,final,171,219,Columbia,Penn,66,81,,,,0,,,,,,,,,,2,,0,New York,NY,1,10,,,,-5.0,"27,39","35,46"
ncaab:401369752,ncaab,2022-02-05T00:00Z,final,172,163,Cornell,Princeton,88,83,,,,0,,,,,,,,,,2,,0,Ithaca,NY,1,125,,,,-5.0,"46,42","40,43"
ncaab:401373576,ncaab,2022-02-05T00:00Z,final,2550,156,Seton Hall,Creighton,74,55,,,,0,,,,,,,,,,2,,0,Newark,NJ,1,9,,,,-5.0,"37,37","16,39"
ncaab:401412351,ncaab,2022-02-05T00:00Z,final,2750,2174,Wright St,Detroit Mercy,90,59,,,,0,,,,,,,,,,2,,0,Dayton,OH,1,225,,,,-5.0,"42,48","25,34"
ncaab:401412352,ncaab,2022-02-05T00:00Z,final,94,2473,N Kentucky,Oakland,87,78,,,,0,,,,,,,,,,2,,0,Highland Heights,KY,1,260,,,,-5.0,"26,44,17","38,32,8"
ncaab:401364767,ncaab,2022-02-05T02:00Z,final,36,21,Colorado St,San Diego St,58,57,,,,0,,,,,,,,,,2,,0,Fort Collins,CO,1,1525,,,,-7.0,"23,35","18,39"
ncaab:401365148,ncaab,2022-02-05T02:00Z,final,2050,2649,Ball State,Toledo,93,83,,,,0,,,,,,,,,,2,,0,Muncie,IN,1,284,,,,-5.0,"51,42","45,38"
ncaab:401364763,ncaab,2022-02-05T04:00Z,final,278,2440,Fresno St,Nevada,73,56,,,,0,,,,,,,,,,2,,0,Fresno,CA,1,94,,,,-8.0,"33,40","24,32"
ncaab:401364420,ncaab,2022-02-05T17:00Z,final,84,356,Indiana,Illinois,57,74,,,,0,,,,,,,,,,2,,0,Bloomington,IN,1,235,,,,-5.0,"36,21","34,40"
ncaab:401365555,ncaab,2022-02-05T17:00Z,final,231,2430,Furman,UNC Greensboro,56,58,,,,0,,,,,,,,,,2,,0,Greenville,SC,1,307,,,,-5.0,"22,34","32,26"
ncaab:401365556,ncaab,2022-02-05T17:00Z,final,236,2382,Chattanooga,Mercer,77,68,,,,0,,,,,,,,,,2,,0,Chattanooga,TN,1,206,,,,-5.0,"32,45","36,32"
ncaab:401368306,ncaab,2022-02-05T17:00Z,final,85,2523,IU Indy,Robert Morris,49,66,,,,0,,,,,,,,,,2,,0,Indianapolis,IN,1,218,,,,-5.0,"27,22","28,38"
ncaab:401368400,ncaab,2022-02-05T17:00Z,final,197,201,Oklahoma St,Oklahoma,64,55,,,,0,,,,,,,,,,2,,0,Stillwater,OK,1,,,,,,"29,35","28,27"
ncaab:401369884,ncaab,2022-02-05T17:00Z,final,52,154,Florida St,Wake Forest,60,68,,,,0,,,,,,,,,,2,,0,Tallahassee,FL,1,,,,,,"21,39","25,43"
ncaab:401373577,ncaab,2022-02-05T17:00Z,final,222,41,Villanova,UConn,85,74,,,,0,,,,,,,,,,2,,0,Philadelphia,PA,1,12,,,,-5.0,"40,45","29,45"
ncaab:401373578,ncaab,2022-02-05T17:00Z,final,2086,2599,Butler,St John's,72,75,,,,0,,,,,,,,,,2,,0,Indianapolis,IN,1,218,,,,-5.0,"41,31","41,34"
ncaab:401364423,ncaab,2022-02-05T18:00Z,final,158,77,Nebraska,Northwestern,63,87,,,,0,,,,,,,,,,2,,0,Lincoln,NE,1,367,,,,-6.0,"27,36","49,38"
ncaab:401364910,ncaab,2022-02-05T18:00Z,final,61,2,Georgia,Auburn,72,74,,,,0,,,,,,,,,,2,,0,Athens,GA,1,228,,,,-5.0,"30,42","42,32"
ncaab:401364911,ncaab,2022-02-05T18:00Z,final,2579,2633,South Carolina,Tennessee,57,81,,,,0,,,,,,,,,,2,,0,Columbia,SC,1,89,,,,-5.0,"29,28","33,48"
ncaab:401365553,ncaab,2022-02-05T18:00Z,final,2643,2535,The Citadel,Samford,107,93,,,,0,,,,,,,,,,2,,0,Charleston,SC,1,6,,,,-5.0,"54,53","53,40"
ncaab:401365827,ncaab,2022-02-05T18:00Z,final,2603,2230,Saint Joseph's,Fordham,72,69,,,,0,,,,,,,,,,2,,0,Philadelphia,PA,1,12,,,,-5.0,"31,41","30,39"
ncaab:401369681,ncaab,2022-02-05T18:00Z,final,2349,261,UMass Lowell,Vermont,67,78,,,,0,,,,,,,,,,2,,0,Lowell,MA,1,36,,,,-5.0,"26,41","38,40"
ncaab:401370825,ncaab,2022-02-05T18:00Z,final,2115,161,C Connecticut,FDU,91,82,,,,0,,,,,,,,,,2,,0,New Britain,CT,1,51,,,,-5.0,"32,41,18","40,33,9"
ncaab:401370897,ncaab,2022-02-05T18:00Z,final,2681,112358,Wagner,Long Island,79,64,,,,0,,,,,,,,,,2,,0,Staten Island,NY,1,21,,,,-5.0,"35,44","32,32"
ncaab:401381736,ncaab,2022-02-05T18:00Z,final,349,107,Army,Holy Cross,65,69,,,,0,,,,,,,,,,2,,0,West Point,NY,1,,,,,,"34,31","31,38"
ncaab:401365145,ncaab,2022-02-05T19:00Z,final,2309,2199,Kent State,E Michigan,90,71,,,,0,,,,,,,,,,2,,0,Kent,OH,1,325,,,,-5.0,"35,55","39,32"
ncaab:401365149,ncaab,2022-02-05T19:00Z,final,195,2711,Ohio,W Michigan,77,64,,,,0,,,,,,,,,,2,,0,Athens,OH,1,219,,,,-5.0,"40,37","39,25"
ncaab:401365465,ncaab,2022-02-05T19:00Z,final,111,119,Northeastern,Towson,58,53,,,,0,,,,,,,,,,2,,0,Boston,MA,1,14,,,,-5.0,"32,26","21,32"
ncaab:401365469,ncaab,2022-02-05T19:00Z,final,2275,256,Hofstra,James Madison,85,78,,,,0,,,,,,,,,,2,,0,Hempstead,NY,1,17,,,,-5.0,"31,40,14","30,41,7"
ncaab:401365554,ncaab,2022-02-05T19:00Z,final,2747,2193,Wofford,ETSU,62,60,,,,0,,,,,,,,,,2,,0,Spartanburg,SC,1,246,,,,-5.0,"26,36","30,30"
ncaab:401365691,ncaab,2022-02-05T19:00Z,final,155,2437,North Dakota,Omaha,92,85,,,,0,,,,,,,,,,2,,0,Grand Forks,ND,1,253,,,,-6.0,"44,48","31,54"
ncaab:401365693,ncaab,2022-02-05T19:00Z,final,2449,2172,N Dakota St,Denver,73,65,,,,0,,,,,,,,,,2,,0,Fargo,ND,1,276,,,,-6.0,"37,36","30,35"
ncaab:401365824,ncaab,2022-02-05T19:00Z,final,45,2166,G Washington,Davidson,73,78,,,,0,,,,,,,,,,2,,0,Washington,DC,1,,,,,,"42,31","34,44"
ncaab:401365825,ncaab,2022-02-05T19:00Z,final,139,2168,Saint Louis,Dayton,72,61,,,,0,,,,,,,,,,2,,0,St. Louis,MO,1,142,,,,-6.0,"34,38","25,36"
ncaab:401365828,ncaab,2022-02-05T19:00Z,final,2325,2244,La Salle,George Mason,83,78,,,,0,,,,,,,,,,2,,0,Philadelphia,PA,1,12,,,,-5.0,"43,40","36,42"
ncaab:401365829,ncaab,2022-02-05T19:00Z,final,227,113,Rhode Island,UMass,67,78,,,,0,,,,,,,,,,2,,0,Kingston,RI,1,75,,,,-5.0,"26,41","32,46"
ncaab:401367387,ncaab,2022-02-05T19:00Z,final,339,71,Evansville,Bradley,41,76,,,,0,,,,,,,,,,2,,0,Evansville,IN,1,118,,,,-6.0,"19,22","37,39"
ncaab:401367490,ncaab,2022-02-05T19:00Z,final,2247,6,Georgia St,South Alabama,69,62,,,,0,,,,,,,,,,2,,0,Atlanta,GA,1,320,,,,-5.0,"42,27","24,38"
ncaab:401368307,ncaab,2022-02-05T19:00Z,final,82,2754,UIC,Youngstown St,64,66,,,,0,,,,,,,,,,2,,0,Chicago,IL,1,179,,,,-6.0,"29,35","32,34"
ncaab:401368397,ncaab,2022-02-05T19:00Z,final,251,66,Texas,Iowa State,63,41,,,,0,,,,,,,,,,2,,0,Austin,TX,1,149,,,,-6.0,"25,38","23,18"
ncaab:401368401,ncaab,2022-02-05T19:00Z,final,277,2641,West Virginia,Texas Tech,53,60,,,,0,,,,,,,,,,2,,0,Morgantown,WV,1,271,,,,-5.0,"32,21","26,34"
ncaab:401369678,ncaab,2022-02-05T19:00Z,final,2066,311,Binghamton,Maine,69,60,,,,0,,,,,,,,,,2,,0,Binghamton,NY,1,264,,,,-5.0,"24,45","23,37"
ncaab:401369905,ncaab,2022-02-05T19:00Z,final,59,228,Georgia Tech,Clemson,69,64,,,,0,,,,,,,,,,2,,0,Atlanta,GA,1,320,,,,-5.0,"33,36","20,44"
ncaab:401370013,ncaab,2022-02-05T19:00Z,final,183,97,Syracuse,Louisville,92,69,,,,0,,,,,,,,,,2,,0,Syracuse,NY,1,,,,,,"43,49","26,43"
ncaab:401370752,ncaab,2022-02-05T19:00Z,final,2241,2448,Gardner-Webb,NC A&T,69,62,,,,0,,,,,,,,,,2,,0,Boiling Springs,NC,1,269,,,,-5.0,"37,32","30,32"
ncaab:401370888,ncaab,2022-02-05T19:00Z,final,2598,2771,Saint Francis,Merrimack,64,65,,,,0,,,,,,,,,,2,,0,Loretto,PA,1,595,,,,-5.0,"24,33,7","28,29,8"
ncaab:401373579,ncaab,2022-02-05T19:00Z,final,2752,305,Xavier,DePaul,65,69,,,,0,,,,,,,,,,2,,0,Cincinnati,OH,1,191,,,,-5.0,"27,38","34,35"
ncaab:401376566,ncaab,2022-02-05T19:00Z,final,2329,104,Lehigh,Boston U,74,80,,,,0,,,,,,,,,,2,,0,Bethlehem,PA,1,109,,,,-5.0,"35,39","35,45"
ncaab:401377745,ncaab,2022-02-05T19:00Z,final,2655,151,Tulane,East Carolina,86,66,,,,0,,,,,,,,,,2,,0,New Orleans,LA,1,0,,,,-6.0,"49,37","26,40"
ncaab:401377746,ncaab,2022-02-05T19:00Z,final,218,202,Temple,Tulsa,67,58,,,,0,,,,,,,,,,2,,0,Philadelphia,PA,1,12,,,,-5.0,"32,35","21,37"
ncaab:401386001,ncaab,2022-02-05T19:00Z,final,322,2083,Lafayette,Bucknell,74,72,,,,0,,,,,,,,,,2,,0,Easton,PA,1,97,,,,-5.0,"35,32,7","32,35,5"
ncaab:401364421,ncaab,2022-02-05T19:30Z,final,2509,130,Purdue,Michigan,82,76,,,,0,,,,,,,,,,2,,0,West Lafayette,IN,1,,,,,,"39,43","33,43"
ncaab:401367493,ncaab,2022-02-05T20:00Z,final,2031,2433,Little Rock,UL Monroe,72,75,,,,0,,,,,,,,,,2,,0,Little Rock,AR,1,102,,,,-6.0,"30,34,8","31,33,11"
ncaab:401370108,ncaab,2022-02-05T20:00Z,final,152,87,NC State,Notre Dame,57,69,,,,0,,,,,,,,,,2,,0,Raleigh,NC,1,96,,,,-5.0,"28,29","33,36"
ncaab:401371510,ncaab,2022-02-05T20:00Z,final,2534,3084,Sam Houston,Utah Valley,54,57,,,,0,,,,,,,,,,2,,0,Huntsville,TX,1,113,,,,-6.0,"30,24","22,35"
ncaab:401371511,ncaab,2022-02-05T20:00Z,final,2617,3101,SF Austin,Utah Tech,81,52,,,,0,,,,,,,,,,2,,0,Nacogdoches,TX,1,92,,,,-6.0,"35,46","26,26"
ncaab:401372798,ncaab,2022-02-05T20:00Z,final,242,2638,Rice,UTEP,70,72,,,,0,,,,,,,,,,2,,0,Houston,TX,1,12,,,,-6.0,"30,40","28,44"
ncaab:401364912,ncaab,2022-02-05T20:30Z,final,57,145,Florida,Ole Miss,62,57,,,,0,,,,,,,,,,2,,0,Gainesville,FL,1,54,,,,-5.0,"21,27,14","30,18,9"
ncaab:401373166,ncaab,2022-02-05T20:30Z,final,2755,2011,Grambling,Alabama St,72,80,,,,0,,,,,,,,,,2,,0,Grambling,LA,1,93,,,,-6.0,"31,41","39,41"
ncaab:401364422,ncaab,2022-02-05T21:00Z,final,164,127,Rutgers,Michigan St,84,63,,,,0,,,,,,,,,,2,,0,Piscataway,NJ,1,30,,,,-5.0,"40,44","38,25"
ncaab:401364916,ncaab,2022-02-05T21:00Z,final,245,142,Texas A&M,Missouri,66,70,,,,0,,,,,,,,,,2,,0,College Station,TX,1,103,,,,-6.0,"32,34","37,33"
ncaab:401365467,ncaab,2022-02-05T21:00Z,final,2729,350,William & Mary,UNC Wilmington,70,92,,,,0,,,,,,,,,,2,,0,Williamsburg,VA,1,,,,,,"25,45","38,54"
ncaab:401365468,ncaab,2022-02-05T21:00Z,final,2210,232,Elon,Charleston,64,66,,,,0,,,,,,,,,,2,,0,Elon,NC,1,215,,,,-5.0,"31,33","24,42"
ncaab:401365826,ncaab,2022-02-05T21:00Z,final,2670,2184,VCU,Duquesne,71,62,,,,0,,,,,,,,,,2,,0,Richmond,VA,1,64,,,,-5.0,"29,42","30,32"
ncaab:401367491,ncaab,2022-02-05T21:00Z,final,290,2653,GA Southern,Troy,52,61,,,,0,,,,,,,,,,2,,0,Statesboro,GA,1,,,,,,"23,29","35,26"
ncaab:401368398,ncaab,2022-02-05T21:00Z,final,2305,239,Kansas,Baylor,83,59,,,,0,,,,,,,,,,2,,0,Lawrence,KS,1,263,,,,-6.0,"39,44","21,38"
ncaab:401369677,ncaab,2022-02-05T21:00Z,final,42,399,Hartford,UAlbany,52,71,,,,0,,,,,,,,,,2,,0,West Hartford,CT,1,,,,,,"29,23","29,42"
ncaab:401370750,ncaab,2022-02-05T21:00Z,final,2908,2097,SC Upstate,Campbell,71,80,,,,0,,,,,,,,,,2,,0,Spartanburg,SC,1,246,,,,-5.0,"35,36","45,35"
ncaab:401370862,ncaab,2022-02-05T21:00Z,final,116,2803,Mount St Marys,Bryant,61,62,,,,0,,,,,,,,,,2,,0,Emmitsburg,MD,1,133,,,,-5.0,"36,25","31,31"
ncaab:401370880,ncaab,2022-02-05T21:00Z,final,2597,2529,St Francis BK,Sacred Heart,62,66,,,,0,,,,,,,,,,2,,0,Brooklyn,NY,1,15,,,,-5.0,"27,28,7","25,30,11"
ncaab:401371508,ncaab,2022-02-05T21:00Z,final,2000,292,Abilene Chrstn,UT Rio Grande,83,66,,,,0,,,,,,,,,,2,,0,Abilene,TX,1,524,,,,-6.0,"47,36","31,35"
ncaab:401372582,ncaab,2022-02-05T21:00Z,final,2464,2458,N Arizona,N Colorado,71,74,,,,0,,,,,,,,,,2,,0,Flagstaff,AZ,1,2104,,,,-7.0,"34,37","29,45"
ncaab:401372665,ncaab,2022-02-05T21:00Z,final,2429,276,Charlotte,Marshall,88,64,,,,0,,,,,,,,,,2,,0,Charlotte,NC,1,229,,,,-5.0,"40,48","22,42"
ncaab:401372698,ncaab,2022-02-05T21:00Z,final,2226,2572,FAU,Southern Miss,84,57,,,,0,,,,,,,,,,2,,0,Boca Raton,FL,1,4,,,,-5.0,"42,42","30,27"
ncaab:401372762,ncaab,2022-02-05T21:00Z,final,5,2393,UAB,MTSU,97,75,,,,0,,,,,,,,,,2,,0,Birmingham,AL,1,187,,,,-6.0,"48,49","39,36"
ncaab:401373182,ncaab,2022-02-05T21:00Z,final,2065,2504,Bethune,Prairie View,68,67,,,,0,,,,,,,,,,2,,0,Daytona Beach,FL,1,4,,,,-5.0,"30,38","35,32"
ncaab:401373713,ncaab,2022-02-05T21:00Z,final,2540,28,Santa Barbara,UC San Diego,84,48,,,,0,,,,,,,,,,2,,0,Santa Barbara,CA,1,15,,,,-8.0,"46,38","24,24"
ncaab:401377447,ncaab,2022-02-05T21:00Z,final,25,265,California,Washington St,64,68,,,,0,,,,,,,,,,2,,0,Berkeley,CA,1,52,,,,-8.0,"31,33","33,35"
ncaab:401381854,ncaab,2022-02-05T21:00Z,final,44,2142,American,Colgate,68,86,,,,0,,,,,,,,,,2,,0,Washington,DC,1,,,,,,"28,40","40,46"
ncaab:401401498,ncaab,2022-02-05T21:00Z,final,47,2379,Howard,MD Eastern,72,64,,,,0,,,,,,,,,,2,,0,Washington,DC,1,,,,,,"32,40","24,40"
ncaab:401412490,ncaab,2022-02-05T21:00Z,final,2428,2154,NC Central,Coppin St,69,68,,,,0,,,,,,,,,,2,,0,Durham,NC,1,123,,,,-5.0,"37,32","36,32"
ncaab:401369287,ncaab,2022-02-05T21:15Z,final,2110,56,C Arkansas,Stetson,79,75,,,,0,,,,,,,,,,2,,0,Conway,AR,1,95,,,,-6.0,"33,46","31,44"
ncaab:401373206,ncaab,2022-02-05T21:25Z,final,2413,2046,Morehead St,Austin Peay,77,52,,,,0,,,,,,,,,,2,,0,Morehead,KY,1,153,,,,-6.0,"43,34","20,32"
ncaab:401365146,ncaab,2022-02-05T21:30Z,final,2117,2084,C Michigan,Buffalo,54,74,,,,0,,,,,,,,,,2,,0,Mount Pleasant,MI,1,235,,,,-5.0,"27,27","34,40"
ncaab:401369291,ncaab,2022-02-05T21:30Z,final,2453,2454,North Alabama,North Florida,58,71,,,,0,,,,,,,,,,2,,0,Florence,AL,1,167,,,,-6.0,"27,31","32,39"
ncaab:401373146,ncaab,2022-02-05T21:30Z,final,50,2640,Florida A&M,Texas Southern,55,67,,,,0,,,,,,,,,,2,,0,Tallahassee,FL,1,,,,,,"31,24","36,31"
ncaab:401373293,ncaab,2022-02-05T21:30Z,final,2630,2634,UT Martin,Tennessee St,61,69,,,,0,,,,,,,,,,2,,0,Martin,TN,1,124,,,,-6.0,"30,31","32,37"
ncaab:401365147,ncaab,2022-02-05T22:00Z,final,189,2459,Bowling Green,N Illinois,87,65,,,,0,,,,,,,,,,2,,0,Bowling Green,OH,1,212,,,,-5.0,"35,52","31,34"
ncaab:401367492,ncaab,2022-02-05T22:00Z,final,2032,309,Arkansas St,Louisiana,67,58,,,,0,,,,,,,,,,2,,0,Jonesboro,AR,1,99,,,,-6.0,"34,33","23,35"
ncaab:401369290,ncaab,2022-02-05T22:00Z,final,288,526,Lipscomb,FGCU,68,77,,,,0,,,,,,,,,,2,,0,Nashville,TN,1,170,,,,-6.0,"45,23","31,46"
ncaab:401370050,ncaab,2022-02-05T22:00Z,final,258,2390,Virginia,Miami,71,58,,,,0,,,,,,,,,,2,,0,Charlottesville,VA,1,142,,,,-5.0,"35,36","26,32"
ncaab:401370755,ncaab,2022-02-05T22:00Z,final,2515,2506,Radford,Presbyterian,70,78,,,,0,,,,,,,,,,2,,0,Radford,VA,1,567,,,,-5.0,"37,33","34,44"
ncaab:401371662,ncaab,2022-02-05T22:00Z,final,2377,2466,McNeese,N'Western St,93,84,,,,0,,,,,,,,,,2,,0,Lake Charles,LA,1,4,,,,-6.0,"44,49","39,45"
ncaab:401371663,ncaab,2022-02-05T22:00Z,final,2916,2443,Incarnate Word,LSU N Orleans,78,70,,,,0,,,,,,,,,,2,,0,San Antonio,TX,1,198,,,,-6.0,"38,40","27,43"
ncaab:401373103,ncaab,2022-02-05T22:00Z,final,2352,2426,Loyola MD,Navy,55,56,,,,0,,,,,,,,,,2,,0,Baltimore,MD,1,10,,,,-5.0,"27,28","27,29"
ncaab:401373226,ncaab,2022-02-05T22:00Z,final,2546,2197,SE Missouri,E Illinois,63,56,,,,0,,,,,,,,,,2,,0,Cape Girardeau,MO,1,108,,,,-6.0,"34,29","15,41"
ncaab:401377448,ncaab,2022-02-05T22:00Z,final,12,30,Arizona,USC,72,63,,,,0,,,,,,,,,,2,,0,Tucson,AZ,1,,,,,,"29,43","28,35"
ncaab:401378657,ncaab,2022-02-05T22:00Z,final,2400,2296,Miss Valley St,Jackson St,65,69,,,,0,,,,,,,,,,2,,0,Itta Bena,MS,1,40,,,,-6.0,"29,36","26,43"
ncaab:401369289,ncaab,2022-02-05T22:30Z,final,55,294,Jax State,Jacksonville,64,58,,,,0,,,,,,,,,,2,,0,Jacksonville,AL,1,216,,,,-6.0,"33,31","30,28"
ncaab:401370751,ncaab,2022-02-05T22:30Z,final,2127,2344,Charleston So,Longwood,67,69,,,,0,,,,,,,,,,2,,0,Charleston,SC,1,6,,,,-5.0,"24,43","35,34"
ncaab:401370753,ncaab,2022-02-05T22:30Z,final,2261,2737,Hampton,Winthrop,57,69,,,,0,,,,,,,,,,2,,0,Hampton,VA,1,1,,,,-5.0,"31,26","30,39"
ncaab:401364424,ncaab,2022-02-05T23:00Z,final,275,213,Wisconsin,Penn State,51,49,,,,0,,,,,,,,,,2,,0,Madison,WI,1,267,,,,-6.0,"18,33","13,36"
ncaab:401364764,ncaab,2022-02-05T23:00Z,final,68,23,Boise St,San José St,76,60,,,,0,,,,,,,,,,2,,0,Boise,ID,1,823,,,,-7.0,"40,36","26,34"
ncaab:401364766,ncaab,2022-02-05T23:00Z,final,328,2439,Utah State,UNLV,90,75,,,,0,,,,,,,,,,2,,0,Logan,UT,1,1382,,,,-7.0,"40,50","38,37"
ncaab:401364913,ncaab,2022-02-05T23:00Z,final,238,99,Vanderbilt,LSU,75,66,,,,0,,,,,,,,,,2,,0,Nashville,TN,1,170,,,,-6.0,"43,32","25,41"
ncaab:401367388,ncaab,2022-02-05T23:00Z,final,2181,2460,Drake,Northern Iowa,69,74,,,,0,,,,,,,,,,2,,0,Des Moines,IA,1,266,,,,-6.0,"36,27,6","34,29,11"
ncaab:401367488,ncaab,2022-02-05T23:00Z,final,250,2026,UT Arlington,App State,61,70,,,,0,,,,,,,,,,2,,0,Arlington,TX,1,184,,,,-6.0,"34,27","20,50"
ncaab:401367489,ncaab,2022-02-05T23:00Z,final,326,324,Texas St,Coastal,69,64,,,,0,,,,,,,,,,2,,0,San Marcos,TX,1,188,,,,-6.0,"29,40","29,35"
ncaab:401369753,ncaab,2022-02-05T23:00Z,final,225,159,Brown,Dartmouth,62,60,,,,0,,,,,,,,,,2,,0,Providence,RI,1,2,,,,-5.0,"24,38","19,41"
ncaab:401369755,ncaab,2022-02-05T23:00Z,final,172,219,Cornell,Penn,68,73,,,,0,,,,,,,,,,2,,0,Ithaca,NY,1,125,,,,-5.0,"22,46","29,44"
ncaab:401369957,ncaab,2022-02-05T23:00Z,final,153,150,North Carolina,Duke,67,87,,,,0,,,,,,,,,,2,,0,Chapel Hill,NC,1,148,,,,-5.0,"28,39","39,48"
ncaab:401371512,ncaab,2022-02-05T23:00Z,final,166,2547,New Mexico St,Seattle U,79,64,,,,0,,,,,,,,,,2,,0,Las Cruces,NM,1,1191,,,,-7.0,"40,39","28,36"
ncaab:401372773,ncaab,2022-02-05T23:00Z,final,249,2636,North Texas,UTSA,69,45,,,,0,,,,,,,,,,2,,0,Denton,TX,1,201,,,,-6.0,"34,35","17,28"
ncaab:401377451,ncaab,2022-02-05T23:00Z,final,38,204,Colorado,Oregon St,86,63,,,,0,,,,,,,,,,2,,0,Boulder,CO,1,1624,,,,-7.0,"49,37","27,36"
ncaab:401377747,ncaab,2022-02-05T23:00Z,final,2724,2567,Wichita St,SMU,72,57,,,,0,,,,,,,,,,2,,0,Wichita,KS,1,,,,,,"39,33","23,34"
ncaab:401373124,ncaab,2022-02-05T23:30Z,final,2029,2016,AR-Pine Bluff,Alcorn St,64,70,,,,0,,,,,,,,,,2,,0,Pine Bluff,AR,1,67,,,,-6.0,"24,40","29,41"
ncaab:401380978,ncaab,2022-02-05T23:30Z,final,2582,2010,Southern,Alabama A&M,73,64,,,,0,,,,,,,,,,2,,0,Baton Rouge,LA,1,14,,,,-6.0,"41,32","30,34"
ncaab:401367390,ncaab,2022-02-06T00:00Z,final,2674,282,Valparaiso,Indiana St,79,72,,,,0,,,,,,,,,,2,,0,Valparaiso,IN,1,,,,,,"33,27,8,11","34,26,8,4"
ncaab:401368304,ncaab,2022-02-06T00:00Z,final,94,2174,N Kentucky,Detroit Mercy,68,74,,,,0,,,,,,,,,,2,,0,Highland Heights,KY,1,260,,,,-5.0,"27,41","33,41"
ncaab:401368305,ncaab,2022-02-06T00:00Z,final,2750,2473,Wright St,Oakland,75,64,,,,0,,,,,,,,,,2,,0,Dayton,OH,1,225,,,,-5.0,"33,42","34,30"
ncaab:401369286,ncaab,2022-02-06T00:00Z,final,91,338,Bellarmine,Kennesaw St,70,75,,,,0,,,,,,,,,,2,,0,Louisville,KY,1,142,,,,-5.0,"39,31","38,37"
ncaab:401369288,ncaab,2022-02-06T00:00Z,final,2198,2335,E Kentucky,Liberty,84,91,,,,0,,,,,,,,,,2,,0,Richmond,KY,1,289,,,,-5.0,"30,54","49,42"
ncaab:401369679,ncaab,2022-02-06T00:00Z,final,2378,160,UMBC,New Hampshire,88,77,,,,0,,,,,,,,,,2,,0,Baltimore,MD,1,10,,,,-5.0,"51,37","33,44"
ncaab:401369680,ncaab,2022-02-06T00:00Z,final,2885,2619,NJIT,Stony Brook,65,62,,,,0,,,,,,,,,,2,,0,Newark,NJ,1,9,,,,-5.0,"38,27","37,25"
ncaab:401369754,ncaab,2022-02-06T00:00Z,final,43,108,Yale,Harvard,58,55,,,,0,,,,,,,,,,2,,0,New Haven,CT,1,18,,,,-5.0,"27,31","14,41"
ncaab:401369756,ncaab,2022-02-06T00:00Z,final,171,163,Columbia,Princeton,63,85,,,,0,,,,,,,,,,2,,0,New York,NY,1,10,,,,-5.0,"30,33","46,39"
ncaab:401369993,ncaab,2022-02-06T00:00Z,final,221,259,Pitt,Virginia Tech,71,76,,,,0,,,,,,,,,,2,,0,Pittsburgh,PA,1,233,,,,-5.0,"22,49","49,27"
ncaab:401370754,ncaab,2022-02-06T00:00Z,final,2272,2427,High Point,UNC Asheville,91,83,,,,0,,,,,,,,,,2,,0,High Point,NC,1,281,,,,-5.0,"38,40,13","34,44,5"
ncaab:401371154,ncaab,2022-02-06T00:00Z,final,301,2541,San Diego,Santa Clara,66,79,,,,0,,,,,,,,,,2,,0,San Diego,CA,1,20,,,,-8.0,"29,37","48,31"
ncaab:401372717,ncaab,2022-02-06T00:00Z,final,2229,2348,FIU,Louisiana Tech,82,86,,,,0,,,,,,,,,,2,,0,Miami,FL,1,2,,,,-5.0,"25,57","30,56"
ncaab:401372785,ncaab,2022-02-06T00:00Z,final,295,98,Old Dominion,Western KY,60,77,,,,0,,,,,,,,,,2,,0,Norfolk,VA,1,2,,,,-5.0,"26,34","33,44"
ncaab:401373711,ncaab,2022-02-06T00:00Z,final,299,13,Long Beach St,Cal Poly,78,65,,,,0,,,,,,,,,,2,,0,Long Beach,CA,1,9,,,,-8.0,"30,48","31,34"
ncaab:401364765,ncaab,2022-02-06T01:00Z,final,2005,167,Air Force,New Mexico,77,91,,,,0,,,,,,,,,,2,,0,Colorado Springs,CO,1,1832,,,,-7.0,"30,47","43,48"
ncaab:401364914,ncaab,2022-02-06T01:00Z,final,333,96,Alabama,Kentucky,55,66,,,,0,,,,,,,,,,2,,0,Tuscaloosa,AL,1,,,,,,"27,28","33,33"
ncaab:401365692,ncaab,2022-02-06T01:00Z,final,233,2571,South Dakota,S Dakota St,79,89,,,,0,,,,,,,,,,2,,0,Vermillion,SD,1,,,,,,"35,44","40,49"
ncaab:401365694,ncaab,2022-02-06T01:00Z,final,140,2710,Kansas City,W Illinois,91,82,,,,0,,,,,,,,,,2,,0,Kansas City,MO,1,274,,,,-6.0,"40,51","37,45"
ncaab:401365695,ncaab,2022-02-06T01:00Z,final,198,2900,Oral Roberts,St Thomas,88,66,,,,0,,,,,,,,,,2,,0,Tulsa,OK,1,,,,,,"34,54","36,30"
ncaab:401367389,ncaab,2022-02-06T01:00Z,final,2287,79,Illinois St,S Illinois,69,75,,,,0,,,,,,,,,,2,,0,Normal,IL,1,244,,,,-6.0,"38,31","41,34"
ncaab:401368399,ncaab,2022-02-06T01:00Z,final,2628,2306,TCU,Kansas St,63,75,,,,0,,,,,,,,,,2,,0,Fort Worth,TX,1,199,,,,-6.0,"28,35","35,40"
ncaab:401371186,ncaab,2022-02-06T01:00Z,final,2501,2539,Portland,San Francisco,71,74,,,,0,,,,,,,,,,2,,0,Portland,OR,1,12,,,,-8.0,"41,30","36,38"
ncaab:401371318,ncaab,2022-02-06T01:00Z,final,2492,279,Pepperdine,Pacific,70,64,,,,0,,,,,,,,,,2,,0,Malibu,CA,1,32,,,,-8.0,"29,41","28,36"
ncaab:401371509,ncaab,2022-02-06T01:00Z,final,2627,2130,Tarleton St,Chicago St,57,54,,,,0,,,,,,,,,,2,,0,Stephenville,TX,1,,,,,,"27,30","27,27"
ncaab:401371513,ncaab,2022-02-06T01:00Z,final,2253,2856,Grand Canyon,CA Baptist,56,50,,,,0,,,,,,,,,,2,,0,Phoenix,AZ,1,331,,,,-7.0,"28,28","19,31"
ncaab:401371661,ncaab,2022-02-06T01:00Z,final,2277,2545,Hou Christian,SE Louisiana,93,80,,,,0,,,,,,,,,,2,,0,Houston,TX,1,12,,,,-6.0,"44,49","50,30"
ncaab:401372498,ncaab,2022-02-06T01:00Z,final,304,149,Idaho St,Montana,86,63,,,,0,,,,,,,,,,2,,0,Pocatello,ID,1,1360,,,,-7.0,"43,43","33,30"
ncaab:401372538,ncaab,2022-02-06T01:00Z,final,2692,147,Weber St,Montana St,57,78,,,,0,,,,,,,,,,2,,0,Ogden,UT,1,1311,,,,-7.0,"29,28","37,41"
ncaab:401373283,ncaab,2022-02-06T01:00Z,final,93,2565,Murray St,SIUE,79,59,,,,0,,,,,,,,,,2,,0,Murray,KY,1,163,,,,-6.0,"44,35","24,35"
ncaab:401373709,ncaab,2022-02-06T01:00Z,final,302,62,UC Davis,Hawai'i,68,65,,,,0,,,,,,,,,,2,,0,Davis,CA,1,16,,,,-8.0,"29,39","29,36"
ncaab:401377748,ncaab,2022-02-06T01:00Z,final,235,2116,Memphis,UCF,88,60,,,,0,,,,,,,,,,2,,0,Memphis,TN,1,78,,,,-6.0,"36,52","27,33"
ncaab:401364915,ncaab,2022-02-06T01:30Z,final,8,344,Arkansas,Mississippi St,63,55,,,,0,,,,,,,,,,2,,0,Fayetteville,AR,1,427,,,,-6.0,"25,38","25,30"
ncaab:401373268,ncaab,2022-02-06T01:30Z,final,2635,2057,Tennessee Tech,Belmont,92,100,,,,0,,,,,,,,,,2,,0,Cookeville,TN,1,334,,,,-6.0,"52,32,8","37,47,16"
ncaab:401377449,ncaab,2022-02-06T01:30Z,final,254,2483,Utah,Oregon,77,80,,,,0,,,,,,,,,,2,,0,Salt Lake City,UT,1,1299,,,,-7.0,"31,46","43,37"
ncaab:401372426,ncaab,2022-02-06T02:00Z,final,253,331,Southern Utah,E Washington,84,72,,,,0,,,,,,,,,,2,,0,Cedar City,UT,1,1782,,,,-7.0,"36,48","37,35"
ncaab:401371233,ncaab,2022-02-06T03:00Z,final,2608,2351,Saint Mary's,LMU,71,60,,,,0,,,,,,,,,,2,,0,Moraga,CA,1,152,,,,-8.0,"38,33","32,28"
ncaab:401371317,ncaab,2022-02-06T03:00Z,final,252,2250,BYU,Gonzaga,57,90,,,,0,,,,,,,,,,2,,0,Provo,UT,1,1387,,,,-7.0,"23,34","47,43"
ncaab:401372614,ncaab,2022-02-06T03:00Z,final,2502,16,Portland St,Sacramento St,73,65,,,,0,,,,,,,,,,2,,0,Portland,OR,1,12,,,,-8.0,"35,38","30,35"
ncaab:401373710,ncaab,2022-02-06T03:00Z,final,2463,300,CSU Northridge,UC Irvine,70,75,,,,0,,,,,,,,,,2,,0,Northridge,CA,1,246,,,,-8.0,"24,46","31,44"
ncaab:401373712,ncaab,2022-02-06T03:00Z,final,2239,2934,Fullerton,Bakersfield,75,61,,,,0,,,,,,,,,,2,,0,Fullerton,CA,1,50,,,,-8.0,"36,39","25,36"
ncaab:401377450,ncaab,2022-02-06T03:00Z,final,9,26,Arizona St,UCLA,87,84,,,,0,,,,,,,,,,2,,0,Tempe,AZ,1,,,,,,"34,28,8,4,13","32,30,8,4,10"
ncaab:401373580,ncaab,2022-02-06T17:00Z,final,46,2507,Georgetown,Providence,52,71,,,,0,,,,,,,,,,2,,0,Washington,DC,1,,,,,,"30,22","27,44"
ncaab:401364425,ncaab,2022-02-06T18:00Z,final,194,120,Ohio State,Maryland,82,67,,,,0,,,,,,,,,,2,,0,Columbus,OH,1,235,,,,-5.0,"42,40","29,38"
ncaab:401365365,ncaab,2022-02-06T18:00Z,final,2099,2363,Canisius,Manhattan,77,70,,,,0,,,,,,,,,,2,,0,Buffalo,NY,1,183,,,,-5.0,"38,39","34,36"
ncaab:401365366,ncaab,2022-02-06T18:00Z,final,315,314,Niagara,Iona,80,71,,,,0,,,,,,,,,,2,,0,Niagara Falls,NY,1,187,,,,-5.0,"39,41","37,34"
ncaab:401365363,ncaab,2022-02-06T19:00Z,final,2217,2561,Fairfield,Siena,56,62,,,,0,,,,,,,,,,2,,0,Bridgeport,CT,1,1,,,,-5.0,"24,32","30,32"
ncaab:401365364,ncaab,2022-02-06T19:00Z,final,2612,2368,Saint Peter's,Marist,66,50,,,,0,,,,,,,,,,2,,0,Jersey City,NJ,1,9,,,,-5.0,"27,39","20,30"
ncaab:401365367,ncaab,2022-02-06T19:00Z,final,2514,2405,Quinnipiac,Monmouth,63,76,,,,0,,,,,,,,,,2,,0,Hamden,CT,1,31,,,,-5.0,"32,31","43,33"
ncaab:401367391,ncaab,2022-02-06T19:00Z,final,2623,2350,Missouri St,Loyola Chicago,62,71,,,,0,,,,,,,,,,2,,0,Springfield,MO,1,396,,,,-6.0,"29,33","28,43"
ncaab:401368308,ncaab,2022-02-06T19:00Z,final,2870,2739,Purdue FW,Green Bay,71,55,,,,0,,,,,,,,,,2,,0,Fort Wayne,IN,1,247,,,,-5.0,"35,36","31,24"
ncaab:401368309,ncaab,2022-02-06T20:00Z,final,325,270,Cleveland St,Milwaukee,84,71,,,,0,,,,,,,,,,2,,0,Cleveland,OH,1,199,,,,-5.0,"44,40","28,43"
ncaab:401365150,ncaab,2022-02-06T21:00Z,final,193,2006,Miami OH,Akron,59,71,,,,0,,,,,,,,,,2,,0,Oxford,OH,1,283,,,,-5.0,"26,33","28,43"
ncaab:401377452,ncaab,2022-02-06T21:00Z,final,24,264,Stanford,Washington,87,69,,,,0,,,,,,,,,,2,,0,Stanford,CA,1,23,,,,-8.0,"46,41","33,36"
ncaab:401408922,ncaab,2022-02-06T21:00Z,final,21,2440,San Diego St,Nevada,65,63,,,,0,,,,,,,,,,2,,0,San Diego,CA,1,20,,,,-8.0,"28,37","27,36"
ncaab:401364426,ncaab,2022-02-06T21:30Z,final,2294,135,Iowa,Minnesota,71,59,,,,0,,,,,,,,,,2,,0,Iowa City,IA,1,204,,,,-6.0,"34,37","38,21"
ncaab:401377749,ncaab,2022-02-06T23:00Z,final,2132,248,Cincinnati,Houston,58,80,,,,0,,,,,,,,,,2,,0,Cincinnati,OH,1,191,,,,-5.0,"31,27","42,38"
ncaab:401408921,ncaab,2022-02-07T00:00Z,final,278,2751,Fresno St,Wyoming,59,61,,,,0,,,,,,,,,,2,,0,Fresno,CA,1,94,,,,-8.0,"24,35","28,33"
ncaab:401401148,ncaab,2022-02-07T22:00Z,final,2275,350,Hofstra,UNC Wilmington,73,71,,,,0,,,,,,,,,,2,,0,Hempstead,NY,1,17,,,,-5.0,"31,42","30,41"
ncaab:401412467,ncaab,2022-02-07T22:00Z,final,2229,2429,FIU,Charlotte,68,81,,,,0,,,,,,,,,,2,,0,Miami,FL,1,2,,,,-5.0,"33,35","35,46"
ncaab:401408032,ncaab,2022-02-07T23:00Z,final,2349,42,UMass Lowell,Hartford,85,75,,,,0,,,,,,,,,,2,,0,Lowell,MA,1,36,,,,-5.0,"39,46","40,35"
ncaab:401410480,ncaab,2022-02-07T23:00Z,final,2142,107,Colgate,Holy Cross,87,60,,,,0,,,,,,,,,,2,,0,Hamilton,NY,1,181,,,,-5.0,"47,40","30,30"
ncaab:401365420,ncaab,2022-02-08T00:00Z,final,2182,256,Drexel,James Madison,72,66,,,,0,,,,,,,,,,2,,0,Philadelphia,PA,1,12,,,,-5.0,"16,56","28,38"
ncaab:401365557,ncaab,2022-02-08T00:00Z,final,2193,231,ETSU,Furman,75,71,,,,0,,,,,,,,,,2,,0,Johnson City,TN,1,498,,,,-5.0,"43,32","30,41"
ncaab:401369866,ncaab,2022-02-08T00:00Z,final,150,258,Duke,Virginia,68,69,,,,0,,,,,,,,,,2,,0,Durham,NC,1,123,,,,-5.0,"29,39","34,35"
ncaab:401373104,ncaab,2022-02-08T00:00Z,final,2426,322,Navy,Lafayette,68,44,,,,0,,,,,,,,,,2,,0,Annapolis,MD,1,12,,,,-5.0,"30,38","30,14"
ncaab:401373219,ncaab,2022-02-08T00:00Z,final,2635,2197,Tennessee Tech,E Illinois,84,58,,,,0,,,,,,,,,,2,,0,Cookeville,TN,1,334,,,,-6.0,"41,43","31,27"
ncaab:401398911,ncaab,2022-02-08T00:00Z,final,2127,2648,Charleston So,Toccoa Falls,97,60,,,,0,,,,,,,,,,2,,0,Charleston,SC,1,6,,,,-5.0,"49,48","30,30"
ncaab:401402061,ncaab,2022-02-08T00:00Z,final,2717,2430,W Carolina,UNC Greensboro,49,68,,,,0,,,,,,,,,,2,,0,Cullowhee,NC,1,645,,,,-5.0,"19,30","36,32"
ncaab:401402062,ncaab,2022-02-08T00:00Z,final,2382,236,Mercer,Chattanooga,72,74,,,,0,,,,,,,,,,2,,0,Macon,GA,1,112,,,,-5.0,"31,31,10","24,38,12"
ncaab:401405755,ncaab,2022-02-08T00:00Z,final,2619,160,Stony Brook,New Hampshire,65,67,,,,0,,,,,,,,,,2,,0,Stony Brook,NY,1,,,,,,"29,36","34,33"
ncaab:401405810,ncaab,2022-02-08T00:00Z,final,259,221,Virginia Tech,Pitt,74,47,,,,0,,,,,,,,,,2,,0,Blacksburg,VA,1,633,,,,-5.0,"35,39","17,30"
ncaab:401408030,ncaab,2022-02-08T00:00Z,final,2393,2636,MTSU,UTSA,84,75,,,,0,,,,,,,,,,2,,0,Murfreesboro,TN,1,186,,,,-6.0,"38,46","32,43"
ncaab:401408910,ncaab,2022-02-08T00:00Z,final,257,2244,Richmond,George Mason,62,59,,,,0,,,,,,,,,,2,,0,Richmond,VA,1,64,,,,-5.0,"29,33","31,28"
ncaab:401409433,ncaab,2022-02-08T00:00Z,final,2261,2506,Hampton,Presbyterian,74,69,,,,0,,,,,,,,,,2,,0,Hampton,VA,1,1,,,,-5.0,"36,38","40,29"
ncaab:401410563,ncaab,2022-02-08T00:00Z,final,58,218,South Florida,Temple,52,49,,,,0,,,,,,,,,,2,,0,Tampa,FL,1,,,,,,"22,30","20,29"
ncaab:401411810,ncaab,2022-02-08T00:00Z,void,2174,2947,Detroit Mercy,Rchster Chrstn,,,,,,0,,,,,,,,,,2,,0,Detroit,MI,1,183,,,,-5.0,,
ncaab:401373147,ncaab,2022-02-08T00:30Z,final,50,2504,Florida A&M,Prairie View,61,60,,,,0,,,,,,,,,,2,,0,Tallahassee,FL,1,,,,,,"17,44","28,32"
ncaab:401381769,ncaab,2022-02-08T00:30Z,final,2065,2640,Bethune,Texas Southern,63,66,,,,0,,,,,,,,,,2,,0,Daytona Beach,FL,1,4,,,,-5.0,"22,41","40,26"
ncaab:401401499,ncaab,2022-02-08T00:30Z,final,2169,47,Delaware St,Howard,64,69,,,,0,,,,,,,,,,2,,0,Dover,DE,1,9,,,,-5.0,"20,44","26,43"
ncaab:401405815,ncaab,2022-02-08T00:30Z,final,2057,2046,Belmont,Austin Peay,72,58,,,,0,,,,,,,,,,2,,0,Nashville,TN,1,170,,,,-6.0,"24,48","31,27"
ncaab:401372772,ncaab,2022-02-08T01:00Z,final,249,2638,North Texas,UTEP,66,58,,,,0,,,,,,,,,,2,,0,Denton,TX,1,201,,,,-6.0,"27,39","27,31"
ncaab:401402030,ncaab,2022-02-08T01:00Z,final,2449,233,N Dakota St,South Dakota,76,74,,,,0,,,,,,,,,,2,,0,Fargo,ND,1,276,,,,-6.0,"32,44","29,45"
ncaab:401411830,ncaab,2022-02-08T01:00Z,final,304,147,Idaho St,Montana St,54,72,,,,0,,,,,,,,,,2,,0,Pocatello,ID,1,1360,,,,-7.0,"23,31","35,37"
ncaab:401413308,ncaab,2022-02-08T01:00Z,final,2569,2428,SC State,NC Central,74,68,,,,0,,,,,,,,,,2,,0,Orangeburg,SC,1,74,,,,-5.0,"34,40","29,39"
ncaab:401373125,ncaab,2022-02-08T01:30Z,final,2400,2016,Miss Valley St,Alcorn St,71,79,,,,0,,,,,,,,,,2,,0,Itta Bena,MS,1,40,,,,-6.0,"36,35","39,40"
ncaab:401376581,ncaab,2022-02-08T01:30Z,final,2029,2296,AR-Pine Bluff,Jackson St,47,60,,,,0,,,,,,,,,,2,,0,Pine Bluff,AR,1,67,,,,-6.0,"17,30","33,27"
ncaab:401368402,ncaab,2022-02-08T02:00Z,final,251,2305,Texas,Kansas,79,76,,,,0,,,,,,,,,,2,,0,Austin,TX,1,149,,,,-6.0,"40,39","35,41"
ncaab:401373167,ncaab,2022-02-08T02:00Z,final,2755,2010,Grambling,Alabama A&M,58,50,,,,0,,,,,,,,,,2,,0,Grambling,LA,1,93,,,,-6.0,"27,31","31,19"
ncaab:401380979,ncaab,2022-02-08T02:00Z,final,2582,2011,Southern,Alabama St,72,58,,,,0,,,,,,,,,,2,,0,Baton Rouge,LA,1,14,,,,-6.0,"39,33","28,30"
ncaab:401405382,ncaab,2022-02-08T02:00Z,final,149,253,Montana,Southern Utah,78,67,,,,0,,,,,,,,,,2,,0,Missoula,MT,1,978,,,,-7.0,"30,48","29,38"
ncaab:401405386,ncaab,2022-02-08T02:00Z,final,2565,2546,SIUE,SE Missouri,47,76,,,,0,,,,,,,,,,2,,0,Edwardsville,IL,1,165,,,,-6.0,"24,23","40,36"
ncaab:401408904,ncaab,2022-02-08T02:00Z,final,9,12,Arizona St,Arizona,79,91,,,,0,,,,,,,,,,2,,0,Tempe,AZ,1,,,,,,"36,43","40,51"
ncaab:401405791,ncaab,2022-02-08T02:30Z,final,2458,2464,N Colorado,N Arizona,82,60,,,,0,,,,,,,,,,2,,0,Greeley,CO,1,1425,,,,-7.0,"42,40","34,26"
ncaab:401369938,ncaab,2022-02-08T23:00Z,final,228,153,Clemson,North Carolina,77,79,,,,0,,,,,,,,,,2,,0,Clemson,SC,1,221,,,,-5.0,"25,52","30,49"
ncaab:401381693,ncaab,2022-02-08T23:00Z,final,47,417,Howard,Gallaudet,96,38,,,,0,,,,,,,,,,2,,0,Washington,DC,1,,,,,,"39,57","17,21"
ncaab:401412468,ncaab,2022-02-08T23:00Z,final,2226,295,FAU,Old Dominion,81,62,,,,0,,,,,,,,,,2,,0,Boca Raton,FL,1,4,,,,-5.0,"48,33","25,37"
ncaab:401373582,ncaab,2022-02-08T23:30Z,final,41,269,UConn,Marquette,80,72,,,,0,,,,,,,,,,2,,0,Hartford,CT,1,18,,,,-5.0,"46,34","36,36"
ncaab:401364429,ncaab,2022-02-09T00:00Z,final,127,275,Michigan St,Wisconsin,62,70,,,,0,,,,,,,,,,2,,0,East Lansing,MI,1,261,,,,-5.0,"23,39","29,41"
ncaab:401364917,ncaab,2022-02-09T00:00Z,final,8,2,Arkansas,Auburn,80,76,,,,0,,,,,,,,,,2,,0,Fayetteville,AR,1,427,,,,-6.0,"28,38,14","25,41,10"
ncaab:401364918,ncaab,2022-02-09T00:00Z,final,2579,96,South Carolina,Kentucky,76,86,,,,0,,,,,,,,,,2,,0,Columbia,SC,1,89,,,,-5.0,"34,42","39,47"
ncaab:401364919,ncaab,2022-02-09T00:00Z,final,245,99,Texas A&M,LSU,68,76,,,,0,,,,,,,,,,2,,0,College Station,TX,1,103,,,,-6.0,"16,52","36,40"
ncaab:401365151,ncaab,2022-02-09T00:00Z,final,2084,2199,Buffalo,E Michigan,102,64,,,,0,,,,,,,,,,2,,0,Buffalo,NY,1,183,,,,-5.0,"50,52","35,29"
ncaab:401365152,ncaab,2022-02-09T00:00Z,final,2309,189,Kent State,Bowling Green,76,68,,,,0,,,,,,,,,,2,,0,Kent,OH,1,325,,,,-5.0,"29,47","28,40"
ncaab:401365153,ncaab,2022-02-09T00:00Z,final,193,2711,Miami OH,W Michigan,62,57,,,,0,,,,,,,,,,2,,0,Oxford,OH,1,283,,,,-5.0,"24,38","30,27"
ncaab:401365154,ncaab,2022-02-09T00:00Z,final,2649,195,Toledo,Ohio,77,62,,,,0,,,,,,,,,,2,,0,Toledo,OH,1,,,,,,"38,39","27,35"
ncaab:401365155,ncaab,2022-02-09T00:00Z,final,2050,2117,Ball State,C Michigan,85,89,,,,0,,,,,,,,,,2,,0,Muncie,IN,1,284,,,,-5.0,"37,41,7","33,45,11"
ncaab:401365830,ncaab,2022-02-09T00:00Z,final,2325,139,La Salle,Saint Louis,57,75,,,,0,,,,,,,,,,2,,0,Philadelphia,PA,1,12,,,,-5.0,"27,30","41,34"
ncaab:401365831,ncaab,2022-02-09T00:00Z,final,2670,227,VCU,Rhode Island,73,64,,,,0,,,,,,,,,,2,,0,Richmond,VA,1,64,,,,-5.0,"41,32","24,40"
ncaab:401368403,ncaab,2022-02-09T00:00Z,final,277,66,West Virginia,Iowa State,79,63,,,,0,,,,,,,,,,2,,0,Morgantown,WV,1,271,,,,-5.0,"39,40","28,35"
ncaab:401368404,ncaab,2022-02-09T00:00Z,final,2628,197,TCU,Oklahoma St,77,73,,,,0,,,,,,,,,,2,,0,Fort Worth,TX,1,199,,,,-6.0,"39,38","32,41"
ncaab:401369295,ncaab,2022-02-09T00:00Z,final,2335,288,Liberty,Lipscomb,78,69,,,,0,,,,,,,,,,2,,0,Lynchburg,VA,1,192,,,,-5.0,"41,37","26,43"
ncaab:401402048,ncaab,2022-02-09T00:00Z,final,179,2230,St Bonaventure,Fordham,76,51,,,,0,,,,,,,,,,2,,0,Saint Bonaventure,NY,1,435,,,,-5.0,"34,42","29,22"
ncaab:401402451,ncaab,2022-02-09T00:00Z,final,2405,2368,Monmouth,Marist,58,83,,,,0,,,,,,,,,,2,,0,West Long Branch,NJ,1,,,,,,"26,32","40,43"
ncaab:401403666,ncaab,2022-02-09T00:00Z,final,2520,2363,Rider,Manhattan,76,67,,,,0,,,,,,,,,,2,,0,Lawrenceville,NJ,1,37,,,,-5.0,"38,38","38,29"
ncaab:401403771,ncaab,2022-02-09T00:00Z,final,282,339,Indiana St,Evansville,56,65,,,,0,,,,,,,,,,2,,0,Terre Haute,IN,1,,,,,,"23,33","33,32"
ncaab:401365156,ncaab,2022-02-09T01:00Z,final,2459,2006,N Illinois,Akron,64,70,,,,0,,,,,,,,,,2,,0,Dekalb,IL,1,268,,,,-6.0,"33,31","35,35"
ncaab:401369921,ncaab,2022-02-09T01:00Z,final,103,183,Boston College,Syracuse,64,73,,,,0,,,,,,,,,,2,,0,Chestnut Hill,MA,1,60,,,,-5.0,"24,40","34,39"
ncaab:401377750,ncaab,2022-02-09T01:00Z,final,202,151,Tulsa,East Carolina,71,73,,,,0,,,,,,,,,,2,,0,Tulsa,OK,1,,,,,,"32,39","27,46"
ncaab:401402037,ncaab,2022-02-09T01:00Z,final,2900,140,St Thomas,Kansas City,67,76,,,,0,,,,,,,,,,2,,0,Saint Paul,MN,1,242,,,,-6.0,"32,35","30,46"
ncaab:401413402,ncaab,2022-02-09T01:00Z,final,242,2299,Rice,Jarvis Chrstn,98,63,,,,0,,,,,,,,,,2,,0,Houston,TX,1,12,,,,-6.0,"41,57","32,31"
ncaab:401373581,ncaab,2022-02-09T01:30Z,final,2599,222,St John's,Villanova,69,75,,,,0,,,,,,,,,,2,,0,New York,NY,1,10,,,,-5.0,"28,41","34,41"
ncaab:401364427,ncaab,2022-02-09T02:00Z,final,77,84,Northwestern,Indiana,59,51,,,,0,,,,,,,,,,2,,0,Evanston,IL,1,187,,,,-6.0,"26,33","30,21"
ncaab:401364428,ncaab,2022-02-09T02:00Z,final,213,130,Penn State,Michigan,57,58,,,,0,,,,,,,,,,2,,0,University Park,PA,1,,,,,,"34,23","34,24"
ncaab:401364432,ncaab,2022-02-09T02:00Z,final,2509,356,Purdue,Illinois,84,68,,,,0,,,,,,,,,,2,,0,West Lafayette,IN,1,,,,,,"36,48","38,30"
ncaab:401364772,ncaab,2022-02-09T02:00Z,final,2751,328,Wyoming,Utah State,78,76,,,,0,,,,,,,,,,2,,0,Laramie,WY,1,2184,,,,-7.0,"36,32,10","40,28,8"
ncaab:401364920,ncaab,2022-02-09T02:00Z,final,238,142,Vanderbilt,Missouri,70,62,,,,0,,,,,,,,,,2,,0,Nashville,TN,1,170,,,,-6.0,"27,43","22,40"
ncaab:401373583,ncaab,2022-02-09T02:00Z,final,156,2086,Creighton,Butler,54,52,,,,0,,,,,,,,,,2,,0,Omaha,NE,1,323,,,,-6.0,"26,28","30,22"
ncaab:401377751,ncaab,2022-02-09T02:00Z,final,2116,2724,UCF,Wichita St,71,66,,,,0,,,,,,,,,,2,,0,Orlando,FL,1,30,,,,-5.0,"43,28","29,37"
ncaab:401364771,ncaab,2022-02-09T03:00Z,final,2439,2005,UNLV,Air Force,78,44,,,,0,,,,,,,,,,2,,0,Las Vegas,NV,1,610,,,,-8.0,"39,39","25,19"
ncaab:401373714,ncaab,2022-02-09T03:00Z,final,299,2239,Long Beach St,Fullerton,71,61,,,,0,,,,,,,,,,2,,0,Long Beach,CA,1,9,,,,-8.0,"28,43","33,28"
ncaab:401411670,ncaab,2022-02-09T03:00Z,final,30,279,USC,Pacific,74,68,,,,0,,,,,,,,,,2,,0,Los Angeles,CA,1,89,,,,-8.0,"22,52","30,38"
ncaab:401411940,ncaab,2022-02-09T03:00Z,final,2539,2501,San Francisco,Portland,68,69,,,,0,,,,,,,,,,2,,0,San Francisco,CA,1,16,,,,-8.0,"29,39","24,45"
ncaab:401364769,ncaab,2022-02-09T04:00Z,final,2440,36,Nevada,Colorado St,72,82,,,,0,,,,,,,,,,2,,0,Reno,NV,1,1373,,,,-8.0,"31,41","36,46"
ncaab:401402453,ncaab,2022-02-09T04:00Z,final,2541,2608,Santa Clara,Saint Mary's,77,72,,,,0,,,,,,,,,,2,,0,Santa Clara,CA,1,23,,,,-8.0,"35,42","34,38"
ncaab:401408897,ncaab,2022-02-09T04:00Z,final,24,26,Stanford,UCLA,70,79,,,,0,,,,,,,,,,2,,0,Stanford,CA,1,,,,,,"31,39","41,38"
ncaab:401409435,ncaab,2022-02-09T22:00Z,final,172,171,Cornell,Columbia,88,75,,,,0,,,,,,,,,,2,,0,Ithaca,NY,1,125,,,,-5.0,"50,38","39,36"
ncaab:401364921,ncaab,2022-02-09T23:30Z,final,57,61,Florida,Georgia,72,63,,,,0,,,,,,,,,,2,,0,Gainesville,FL,1,54,,,,-5.0,"38,34","30,33"
ncaab:401370758,ncaab,2022-02-09T23:30Z,final,2427,2261,UNC Asheville,Hampton,69,53,,,,0,,,,,,,,,,2,,0,Asheville,NC,1,649,,,,-5.0,"37,32","23,30"
ncaab:401364431,ncaab,2022-02-10T00:00Z,final,164,194,Rutgers,Ohio State,66,64,,,,0,,,,,,,,,,2,,0,Piscataway,NJ,1,30,,,,-5.0,"32,34","31,33"
ncaab:401365368,ncaab,2022-02-10T00:00Z,final,2217,2514,Fairfield,Quinnipiac,60,69,,,,0,,,,,,,,,,2,,0,Bridgeport,CT,1,1,,,,-5.0,"29,31","36,33"
ncaab:401365559,ncaab,2022-02-10T00:00Z,final,236,2717,Chattanooga,W Carolina,65,47,,,,0,,,,,,,,,,2,,0,Chattanooga,TN,1,206,,,,-5.0,"26,39","17,30"
ncaab:401365832,ncaab,2022-02-10T00:00Z,final,2166,2603,Davidson,Saint Joseph's,73,67,,,,0,,,,,,,,,,2,,0,Davidson,NC,1,256,,,,-5.0,"31,29,13","38,22,7"
ncaab:401365833,ncaab,2022-02-10T00:00Z,final,2168,2184,Dayton,Duquesne,75,54,,,,0,,,,,,,,,,2,,0,Dayton,OH,1,225,,,,-5.0,"35,40","24,30"
ncaab:401365834,ncaab,2022-02-10T00:00Z,final,2244,257,George Mason,Richmond,87,84,,,,0,,,,,,,,,,2,,0,Fairfax,VA,1,131,,,,-5.0,"34,38,15","39,33,12"
ncaab:401365835,ncaab,2022-02-10T00:00Z,final,113,45,UMass,G Washington,68,77,,,,0,,,,,,,,,,2,,0,Amherst,MA,1,82,,,,-5.0,"38,30","43,34"
ncaab:401368310,ncaab,2022-02-10T00:00Z,final,2523,2174,Robert Morris,Detroit Mercy,62,79,,,,0,,,,,,,,,,2,,0,Moon Township,PA,1,358,,,,-5.0,"27,35","37,42"
ncaab:401368311,ncaab,2022-02-10T00:00Z,final,2754,2473,Youngstown St,Oakland,78,71,,,,0,,,,,,,,,,2,,0,Youngstown,OH,1,,,,,,"37,41","31,40"
ncaab:401369293,ncaab,2022-02-10T00:00Z,final,294,2198,Jacksonville,E Kentucky,81,68,,,,0,,,,,,,,,,2,,0,Jacksonville,FL,1,5,,,,-5.0,"45,36","32,36"
ncaab:401369296,ncaab,2022-02-10T00:00Z,final,2454,91,North Florida,Bellarmine,70,73,,,,0,,,,,,,,,,2,,0,Jacksonville,FL,1,5,,,,-5.0,"29,41","48,25"
ncaab:401369682,ncaab,2022-02-10T00:00Z,final,261,2066,Vermont,Binghamton,82,51,,,,0,,,,,,,,,,2,,0,Burlington,VT,1,61,,,,-5.0,"35,47","20,31"
ncaab:401369683,ncaab,2022-02-10T00:00Z,final,2378,42,UMBC,Hartford,68,64,,,,0,,,,,,,,,,2,,0,Baltimore,MD,1,10,,,,-5.0,"22,46","31,33"
ncaab:401369684,ncaab,2022-02-10T00:00Z,final,399,311,UAlbany,Maine,63,73,,,,0,,,,,,,,,,2,,0,Albany,NY,1,45,,,,-5.0,"28,35","29,44"
ncaab:401369685,ncaab,2022-02-10T00:00Z,final,2619,2349,Stony Brook,UMass Lowell,87,85,,,,0,,,,,,,,,,2,,0,Stony Brook,NY,1,,,,,,"38,49","38,47"
ncaab:401369686,ncaab,2022-02-10T00:00Z,final,160,2885,New Hampshire,NJIT,55,60,,,,0,,,,,,,,,,2,,0,Durham,NH,1,15,,,,-5.0,"24,31","27,33"
ncaab:401369974,ncaab,2022-02-10T00:00Z,final,87,97,Notre Dame,Louisville,63,57,,,,0,,,,,,,,,,2,,0,South Bend,IN,1,211,,,,-5.0,"35,28","23,34"
ncaab:401370088,ncaab,2022-02-10T00:00Z,final,2390,59,Miami,Georgia Tech,79,70,,,,0,,,,,,,,,,2,,0,Coral Gables,FL,1,3,,,,-5.0,"34,45","36,34"
ncaab:401370109,ncaab,2022-02-10T00:00Z,final,152,154,NC State,Wake Forest,51,69,,,,0,,,,,,,,,,2,,0,Raleigh,NC,1,96,,,,-5.0,"28,23","31,38"
ncaab:401370756,ncaab,2022-02-10T00:00Z,final,2097,2241,Campbell,Gardner-Webb,45,57,,,,0,,,,,,,,,,2,,0,Buies Creek,NC,1,63,,,,-5.0,"25,20","28,29"
ncaab:401370757,ncaab,2022-02-10T00:00Z,final,2448,2127,NC A&T,Charleston So,62,51,,,,0,,,,,,,,,,2,,0,Greensboro,NC,1,266,,,,-5.0,"26,36","23,28"
ncaab:401370759,ncaab,2022-02-10T00:00Z,final,2506,2272,Presbyterian,High Point,70,79,,,,0,,,,,,,,,,2,,0,Clinton,SC,1,76,,,,-5.0,"25,45","35,44"
ncaab:401370761,ncaab,2022-02-10T00:00Z,final,2737,2515,Winthrop,Radford,58,48,,,,0,,,,,,,,,,2,,0,Rock Hill,SC,1,207,,,,-5.0,"23,35","18,30"
ncaab:401373346,ncaab,2022-02-10T00:00Z,final,2083,44,Bucknell,American,68,66,,,,0,,,,,,,,,,2,,0,Lewisburg,PA,1,144,,,,-5.0,"39,29","28,38"
ncaab:401373584,ncaab,2022-02-10T00:00Z,final,2550,2752,Seton Hall,Xavier,73,71,,,,0,,,,,,,,,,2,,0,Newark,NJ,1,9,,,,-5.0,"37,36","27,44"
ncaab:401376567,ncaab,2022-02-10T00:00Z,final,2142,2329,Colgate,Lehigh,78,62,,,,0,,,,,,,,,,2,,0,Hamilton,NY,1,181,,,,-5.0,"41,37","32,30"
ncaab:401377753,ncaab,2022-02-10T00:00Z,final,58,2132,South Florida,Cincinnati,59,70,,,,0,,,,,,,,,,2,,0,Tampa,FL,1,,,,,,"26,33","35,35"
ncaab:401377754,ncaab,2022-02-10T00:00Z,final,2567,248,SMU,Houston,85,83,,,,0,,,,,,,,,,2,,0,Dallas,TX,1,128,,,,-6.0,"40,45","51,32"
ncaab:401381737,ncaab,2022-02-10T00:00Z,final,107,2352,Holy Cross,Loyola MD,68,64,,,,0,,,,,,,,,,2,,0,Worcester,MA,1,,,,,,"39,29","33,31"
ncaab:401381752,ncaab,2022-02-10T00:00Z,final,104,349,Boston U,Army,75,74,,,,0,,,,,,,,,,2,,0,Boston,MA,1,14,,,,-5.0,"36,39","35,39"
ncaab:401404420,ncaab,2022-02-10T00:00Z,final,108,43,Harvard,Yale,59,62,,,,0,,,,,,,,,,2,,0,Cambridge,MA,1,5,,,,-5.0,"26,33","32,30"
ncaab:401369292,ncaab,2022-02-10T00:30Z,final,526,2453,FGCU,North Alabama,92,60,,,,0,,,,,,,,,,2,,0,Fort Myers,FL,1,3,,,,-5.0,"43,49","31,29"
ncaab:401369294,ncaab,2022-02-10T00:30Z,final,338,2110,Kennesaw St,C Arkansas,83,72,,,,0,,,,,,,,,,2,,0,Kennesaw,GA,1,332,,,,-5.0,"51,32","41,31"
ncaab:401369297,ncaab,2022-02-10T00:30Z,final,56,55,Stetson,Jax State,63,57,,,,0,,,,,,,,,,2,,0,DeLand,FL,1,12,,,,-5.0,"29,34","41,16"
ncaab:401402014,ncaab,2022-02-10T00:30Z,final,2169,2379,Delaware St,MD Eastern,50,58,,,,0,,,,,,,,,,2,,0,Dover,DE,1,9,,,,-5.0,"15,35","27,31"
ncaab:401365558,ncaab,2022-02-10T01:00Z,final,2535,2747,Samford,Wofford,65,60,,,,0,,,,,,,,,,2,,0,Homewood,AL,1,203,,,,-6.0,"22,32,11","31,23,6"
ncaab:401367393,ncaab,2022-02-10T01:00Z,final,2181,2623,Drake,Missouri St,62,66,,,,0,,,,,,,,,,2,,0,Des Moines,IA,1,266,,,,-6.0,"30,32","29,37"
ncaab:401367394,ncaab,2022-02-10T01:00Z,final,2287,2674,Illinois St,Valparaiso,78,75,,,,0,,,,,,,,,,2,,0,Normal,IL,1,244,,,,-6.0,"33,37,8","37,33,5"
ncaab:401367396,ncaab,2022-02-10T01:00Z,final,2460,79,Northern Iowa,S Illinois,53,44,,,,0,,,,,,,,,,2,,0,Cedar Falls,IA,1,268,,,,-6.0,"26,27","19,25"
ncaab:401368312,ncaab,2022-02-10T01:00Z,final,270,94,Milwaukee,N Kentucky,39,75,,,,0,,,,,,,,,,2,,0,Milwaukee,WI,1,188,,,,-6.0,"22,17","30,45"
ncaab:401368313,ncaab,2022-02-10T01:00Z,final,2739,2750,Green Bay,Wright St,62,79,,,,0,,,,,,,,,,2,,0,Ashwaubenon,WI,1,185,,,,-6.0,"34,28","38,41"
ncaab:401368405,ncaab,2022-02-10T01:00Z,final,2306,239,Kansas St,Baylor,60,75,,,,0,,,,,,,,,,2,,0,Manhattan,KS,1,311,,,,-6.0,"34,26","34,41"
ncaab:401377752,ncaab,2022-02-10T01:00Z,final,235,2655,Memphis,Tulane,80,69,,,,0,,,,,,,,,,2,,0,Memphis,TN,1,78,,,,-6.0,"37,43","30,39"
ncaab:401364923,ncaab,2022-02-10T01:30Z,final,145,333,Ole Miss,Alabama,83,97,,,,0,,,,,,,,,,2,,0,Oxford,MS,1,154,,,,-6.0,"38,45","49,48"
ncaab:401364430,ncaab,2022-02-10T02:00Z,final,158,135,Nebraska,Minnesota,78,65,,,,0,,,,,,,,,,2,,0,Lincoln,NE,1,367,,,,-6.0,"32,46","21,44"
ncaab:401364922,ncaab,2022-02-10T02:00Z,final,344,2633,Mississippi St,Tennessee,63,72,,,,0,,,,,,,,,,2,,0,Starkville,MS,1,,,,,,"33,30","35,37"
ncaab:401367392,ncaab,2022-02-10T02:00Z,final,71,2350,Bradley,Loyola Chicago,68,61,,,,0,,,,,,,,,,2,,0,Peoria,IL,1,153,,,,-6.0,"32,36","30,31"
ncaab:401368406,ncaab,2022-02-10T02:00Z,final,201,2641,Oklahoma,Texas Tech,70,55,,,,0,,,,,,,,,,2,,0,Norman,OK,1,357,,,,-6.0,"25,45","30,25"
ncaab:401369885,ncaab,2022-02-10T02:00Z,final,52,221,Florida St,Pitt,51,56,,,,0,,,,,,,,,,2,,0,Tallahassee,FL,1,,,,,,"20,31","21,35"
ncaab:401373585,ncaab,2022-02-10T02:00Z,final,305,46,DePaul,Georgetown,82,74,,,,0,,,,,,,,,,2,,0,Chicago,IL,1,179,,,,-6.0,"30,52","31,43"
ncaab:401364768,ncaab,2022-02-10T04:00Z,final,23,21,San José St,San Diego St,62,72,,,,0,,,,,,,,,,2,,0,San Jose,CA,1,26,,,,-8.0,"22,40","28,44"
ncaab:401377453,ncaab,2022-02-10T04:00Z,final,204,25,Oregon St,California,61,63,,,,0,,,,,,,,,,2,,0,Corvallis,OR,1,71,,,,-8.0,"31,30","30,33"
ncaab:401365472,ncaab,2022-02-10T22:00Z,final,119,2729,Towson,William & Mary,75,60,,,,0,,,,,,,,,,2,,0,Towson,MD,1,,,,,,"33,42","35,25"
ncaab:401370898,ncaab,2022-02-10T22:00Z,final,2681,116,Wagner,Mount St Marys,69,57,,,,0,,,,,,,,,,2,,0,Staten Island,NY,1,21,,,,-5.0,"39,30","23,34"
ncaab:401414030,ncaab,2022-02-10T23:00Z,final,2428,2684,NC Central,Warren Wilson,115,43,,,,0,,,,,,,,,,2,,0,Durham,NC,1,123,,,,-5.0,"63,52","13,30"
ncaab:401367494,ncaab,2022-02-10T23:30Z,final,2026,290,App State,GA Southern,65,61,,,,0,,,,,,,,,,2,,0,Boone,NC,1,981,,,,-5.0,"33,32","29,32"
ncaab:401364433,ncaab,2022-02-11T00:00Z,final,120,2294,Maryland,Iowa,87,110,,,,0,,,,,,,,,,2,,0,College Park,MD,1,21,,,,-5.0,"41,46","57,53"
ncaab:401365470,ncaab,2022-02-11T00:00Z,final,256,2210,James Madison,Elon,66,70,,,,0,,,,,,,,,,2,,0,Harrisonburg,VA,1,404,,,,-5.0,"29,37","24,46"
ncaab:401365471,ncaab,2022-02-11T00:00Z,final,48,111,Delaware,Northeastern,74,61,,,,0,,,,,,,,,,2,,0,Newark,DE,1,38,,,,-5.0,"38,36","33,28"
ncaab:401365473,ncaab,2022-02-11T00:00Z,final,2182,2275,Drexel,Hofstra,73,83,,,,0,,,,,,,,,,2,,0,Philadelphia,PA,1,12,,,,-5.0,"36,37","36,47"
ncaab:401365560,ncaab,2022-02-11T00:00Z,final,2430,2643,UNC Greensboro,The Citadel,86,66,,,,0,,,,,,,,,,2,,0,Greensboro,NC,1,266,,,,-5.0,"44,42","28,38"
ncaab:401365561,ncaab,2022-02-11T00:00Z,final,2678,2382,VMI,Mercer,85,79,,,,0,,,,,,,,,,2,,0,Lexington,VA,1,324,,,,-5.0,"40,45","34,45"
ncaab:401365696,ncaab,2022-02-11T00:00Z,final,2710,2449,W Illinois,N Dakota St,81,84,,,,0,,,,,,,,,,2,,0,Macomb,IL,1,215,,,,-6.0,"33,35,8,5","37,31,8,8"
ncaab:401367495,ncaab,2022-02-11T00:00Z,final,324,2247,Coastal,Georgia St,50,61,,,,0,,,,,,,,,,2,,0,Conway,SC,1,10,,,,-5.0,"21,29","32,29"
ncaab:401367499,ncaab,2022-02-11T00:00Z,final,2653,2032,Troy,Arkansas St,79,77,,,,0,,,,,,,,,,2,,0,Troy,AL,1,,,,,,"29,50","35,42"
ncaab:401368314,ncaab,2022-02-11T00:00Z,final,2870,85,Purdue FW,IU Indy,72,57,,,,0,,,,,,,,,,2,,0,Fort Wayne,IN,1,247,,,,-5.0,"33,39","28,29"
ncaab:401368315,ncaab,2022-02-11T00:00Z,final,325,82,Cleveland St,UIC,75,76,,,,0,,,,,,,,,,2,,0,Cleveland,OH,1,199,,,,-5.0,"44,31","33,43"
ncaab:401370760,ncaab,2022-02-11T00:00Z,final,2344,2908,Longwood,SC Upstate,85,72,,,,0,,,,,,,,,,2,,0,Farmville,VA,1,90,,,,-5.0,"46,39","41,31"
ncaab:401370835,ncaab,2022-02-11T00:00Z,final,161,2598,FDU,Saint Francis,65,78,,,,0,,,,,,,,,,2,,0,Hackensack,NJ,1,6,,,,-5.0,"21,44","36,42"
ncaab:401370843,ncaab,2022-02-11T00:00Z,final,112358,2597,Long Island,St Francis BK,74,69,,,,0,,,,,,,,,,2,,0,Brooklyn,NY,1,15,,,,-5.0,"35,39","33,36"
ncaab:401370853,ncaab,2022-02-11T00:00Z,final,2771,2115,Merrimack,C Connecticut,57,60,,,,0,,,,,,,,,,2,,0,North Andover,MA,1,29,,,,-5.0,"28,29","27,33"
ncaab:401370870,ncaab,2022-02-11T00:00Z,final,2529,2803,Sacred Heart,Bryant,86,99,,,,0,,,,,,,,,,2,,0,Fairfield,CT,1,4,,,,-8.0,"38,48","50,49"
ncaab:401372666,ncaab,2022-02-11T00:00Z,final,2429,2348,Charlotte,Louisiana Tech,77,82,,,,0,,,,,,,,,,2,,0,Charlotte,NC,1,229,,,,-5.0,"32,45","33,49"
ncaab:401372739,ncaab,2022-02-11T00:00Z,final,276,2229,Marshall,FIU,71,72,,,,0,,,,,,,,,,2,,0,Huntington,WV,1,173,,,,-5.0,"29,42","39,33"
ncaab:401372763,ncaab,2022-02-11T00:00Z,final,2393,295,MTSU,Old Dominion,63,48,,,,0,,,,,,,,,,2,,0,Murfreesboro,TN,1,186,,,,-6.0,"30,33","30,18"
ncaab:401372815,ncaab,2022-02-11T00:00Z,final,5,2572,UAB,Southern Miss,84,63,,,,0,,,,,,,,,,2,,0,Birmingham,AL,1,187,,,,-6.0,"37,47","37,26"
ncaab:401403772,ncaab,2022-02-11T00:00Z,final,339,282,Evansville,Indiana St,77,80,,,,0,,,,,,,,,,2,,0,Evansville,IN,1,118,,,,-6.0,"25,35,9,8","26,34,9,11"
ncaab:401410514,ncaab,2022-02-11T00:00Z,final,2117,195,C Michigan,Ohio,72,81,,,,0,,,,,,,,,,2,,0,Mount Pleasant,MI,1,235,,,,-5.0,"29,43","28,53"
ncaab:401367497,ncaab,2022-02-11T00:30Z,final,2433,250,UL Monroe,UT Arlington,74,71,,,,0,,,,,,,,,,2,,0,Monroe,LA,1,23,,,,-6.0,"40,34","38,33"
ncaab:401365697,ncaab,2022-02-11T01:00Z,final,2437,233,Omaha,South Dakota,69,91,,,,0,,,,,,,,,,2,,0,Omaha,NE,1,323,,,,-6.0,"29,40","49,42"
ncaab:401365698,ncaab,2022-02-11T01:00Z,final,2900,155,St Thomas,North Dakota,70,78,,,,0,,,,,,,,,,2,,0,Saint Paul,MN,1,242,,,,-6.0,"36,34","34,44"
ncaab:401367496,ncaab,2022-02-11T01:00Z,final,6,2031,South Alabama,Little Rock,77,46,,,,0,,,,,,,,,,2,,0,Mobile,AL,1,3,,,,-6.0,"42,35","25,21"
ncaab:401367498,ncaab,2022-02-11T01:00Z,final,309,326,Louisiana,Texas St,73,82,,,,0,,,,,,,,,,2,,0,Lafayette,LA,1,11,,,,-6.0,"36,37","41,41"
ncaab:401371514,ncaab,2022-02-11T01:00Z,final,2130,2617,Chicago St,SF Austin,61,81,,,,0,,,,,,,,,,2,,0,Chicago,IL,1,179,,,,-6.0,"29,32","38,43"
ncaab:401371516,ncaab,2022-02-11T01:00Z,final,3084,2253,Utah Valley,Grand Canyon,69,79,,,,0,,,,,,,,,,2,,0,Orem,UT,1,1455,,,,-7.0,"30,39","28,51"
ncaab:401371664,ncaab,2022-02-11T01:00Z,final,2443,357,LSU N Orleans,Texas A&M-CC,78,69,,,,0,,,,,,,,,,2,,0,New Orleans,LA,1,0,,,,-6.0,"34,44","37,32"
ncaab:401372699,ncaab,2022-02-11T01:00Z,final,98,2226,Western KY,FAU,76,69,,,,0,,,,,,,,,,2,,0,Bowling Green,KY,1,161,,,,-6.0,"30,46","27,42"
ncaab:401373248,ncaab,2022-02-11T01:00Z,final,2057,2413,Belmont,Morehead St,48,47,,,,0,,,,,,,,,,2,,0,Nashville,TN,1,170,,,,-6.0,"22,26","29,18"
ncaab:401373284,ncaab,2022-02-11T01:00Z,final,2565,2630,SIUE,UT Martin,71,63,,,,0,,,,,,,,,,2,,0,Edwardsville,IL,1,165,,,,-6.0,"36,35","30,33"
ncaab:401373865,ncaab,2022-02-11T01:00Z,final,2447,2916,Nicholls,Incarnate Word,69,58,,,,0,,,,,,,,,,2,,0,Thibodaux,LA,1,,,,,,"40,29","29,29"
ncaab:401408050,ncaab,2022-02-11T01:00Z,final,228,150,Clemson,Duke,64,82,,,,0,,,,,,,,,,2,,0,Clemson,SC,1,221,,,,-5.0,"27,37","38,44"
ncaab:401371665,ncaab,2022-02-11T01:30Z,final,2466,2277,N'Western St,Hou Christian,69,76,,,,0,,,,,,,,,,2,,0,Natchitoches,LA,1,36,,,,-6.0,"40,29","33,43"
ncaab:401373207,ncaab,2022-02-11T01:30Z,final,2046,2546,Austin Peay,SE Missouri,74,66,,,,0,,,,,,,,,,2,,0,Clarksville,TN,1,145,,,,-6.0,"41,33","32,34"
ncaab:401373227,ncaab,2022-02-11T01:30Z,final,2197,2635,E Illinois,Tennessee Tech,62,73,,,,0,,,,,,,,,,2,,0,Charleston,IL,1,204,,,,-6.0,"26,36","40,33"
ncaab:401376554,ncaab,2022-02-11T01:30Z,final,2634,93,Tennessee St,Murray St,62,73,,,,0,,,,,,,,,,2,,0,Nashville,TN,1,170,,,,-6.0,"36,26","29,44"
ncaab:401365699,ncaab,2022-02-11T02:00Z,final,2172,2571,Denver,S Dakota St,61,84,,,,0,,,,,,,,,,2,,0,Denver,CO,1,1609,,,,-7.0,"35,26","35,49"
ncaab:401371234,ncaab,2022-02-11T02:00Z,final,2608,301,Saint Mary's,San Diego,86,57,,,,0,,,,,,,,,,2,,0,Moraga,CA,1,152,,,,-8.0,"42,44","21,36"
ncaab:401371319,ncaab,2022-02-11T02:00Z,final,2250,279,Gonzaga,Pacific,89,51,,,,0,,,,,,,,,,2,,0,Spokane,WA,1,571,,,,-8.0,"46,43","28,23"
ncaab:401371517,ncaab,2022-02-11T02:00Z,final,3101,166,Utah Tech,New Mexico St,69,77,,,,0,,,,,,,,,,2,,0,St. George,UT,1,823,,,,-7.0,"32,37","39,38"
ncaab:401372427,ncaab,2022-02-11T02:00Z,final,331,2692,E Washington,Weber St,75,67,,,,0,,,,,,,,,,2,,0,Cheney,WA,1,717,,,,-8.0,"37,38","34,33"
ncaab:401372452,ncaab,2022-02-11T02:00Z,final,70,304,Idaho,Idaho St,70,79,,,,0,,,,,,,,,,2,,0,Moscow,ID,1,786,,,,-8.0,"34,36","37,42"
ncaab:401372517,ncaab,2022-02-11T02:00Z,final,149,2464,Montana,N Arizona,67,72,,,,0,,,,,,,,,,2,,0,Missoula,MT,1,978,,,,-7.0,"25,36,6","27,34,11"
ncaab:401372539,ncaab,2022-02-11T02:00Z,final,147,2502,Montana St,Portland St,77,74,,,,0,,,,,,,,,,2,,0,Bozeman,MT,1,1468,,,,-7.0,"40,37","33,41"
ncaab:401377454,ncaab,2022-02-11T02:00Z,final,2483,24,Oregon,Stanford,68,60,,,,0,,,,,,,,,,2,,0,Eugene,OR,1,131,,,,-8.0,"32,36","24,36"
ncaab:401377455,ncaab,2022-02-11T02:00Z,final,265,12,Washington St,Arizona,60,72,,,,0,,,,,,,,,,2,,0,Pullman,WA,1,717,,,,-8.0,"20,40","33,39"
ncaab:401409769,ncaab,2022-02-11T02:00Z,final,130,2509,Michigan,Purdue,82,58,,,,0,,,,,,,,,,2,,0,Ann Arbor,MI,1,269,,,,-5.0,"38,44","29,29"
ncaab:401371666,ncaab,2022-02-11T02:25Z,final,2545,2377,SE Louisiana,McNeese,91,86,,,,0,,,,,,,,,,2,,0,Hammond,LA,1,13,,,,-6.0,"34,57","40,46"
ncaab:401371515,ncaab,2022-02-11T03:00Z,final,2547,292,Seattle U,UT Rio Grande,67,59,,,,0,,,,,,,,,,2,,0,Seattle,WA,1,56,,,,-8.0,"29,38","24,35"
ncaab:401371518,ncaab,2022-02-11T03:00Z,final,2856,2320,CA Baptist,Lamar,83,61,,,,0,,,,,,,,,,2,,0,Riverside,CA,1,252,,,,-8.0,"34,49","25,36"
ncaab:401372598,ncaab,2022-02-11T03:00Z,final,16,2458,Sacramento St,N Colorado,61,79,,,,0,,,,,,,,,,2,,0,Sacramento,CA,1,9,,,,-8.0,"32,29","38,41"
ncaab:401373716,ncaab,2022-02-11T03:00Z,final,13,2463,Cal Poly,CSU Northridge,78,83,,,,0,,,,,,,,,,2,,0,San Luis Obispo,CA,1,71,,,,-8.0,"24,35,8,11","30,29,8,16"
ncaab:401373717,ncaab,2022-02-11T03:00Z,final,2934,2540,Bakersfield,Santa Barbara,62,74,,,,0,,,,,,,,,,2,,0,Bakersfield,CA,1,123,,,,-8.0,"24,38","36,38"
ncaab:401373718,ncaab,2022-02-11T03:00Z,void,28,302,UC San Diego,UC Davis,,,,,,0,,,,,,,,,,2,,0,San Diego,CA,1,20,,,,-8.0,,
ncaab:401373719,ncaab,2022-02-11T03:00Z,final,300,27,UC Irvine,UC Riverside,66,56,,,,0,,,,,,,,,,2,,0,Irvine,CA,1,17,,,,-8.0,"23,43","25,31"
ncaab:401371187,ncaab,2022-02-11T04:00Z,final,2539,2492,San Francisco,Pepperdine,105,61,,,,0,,,,,,,,,,2,,0,San Francisco,CA,1,16,,,,-8.0,"60,45","27,34"
ncaab:401371320,ncaab,2022-02-11T04:00Z,final,2351,252,LMU,BYU,82,83,,,,0,,,,,,,,,,2,,0,Los Angeles,CA,1,89,,,,-8.0,"45,31,6","33,43,7"
ncaab:401377456,ncaab,2022-02-11T04:00Z,final,264,9,Washington,Arizona St,87,64,,,,0,,,,,,,,,,2,,0,Seattle,WA,1,56,,,,-8.0,"42,45","32,32"
ncaab:401373715,ncaab,2022-02-11T04:59Z,final,62,299,Hawai'i,Long Beach St,66,73,,,,0,,,,,,,,,,2,,0,Honolulu,HI,1,5,,,,-10.0,"23,43","28,45"
ncaab:401365159,ncaab,2022-02-12T00:00Z,final,2006,2309,Akron,Kent State,64,66,,,,0,,,,,,,,,,2,,0,Akron,OH,1,291,,,,-5.0,"25,39","30,36"
ncaab:401365369,ncaab,2022-02-12T00:00Z,final,2363,2405,Manhattan,Monmouth,65,75,,,,0,,,,,,,,,,2,,0,Riverdale,NY,1,159,,,,-8.0,"29,36","35,40"
ncaab:401365370,ncaab,2022-02-12T00:00Z,final,2612,2520,Saint Peter's,Rider,49,58,,,,0,,,,,,,,,,2,,0,Jersey City,NJ,1,9,,,,-5.0,"28,21","26,32"
ncaab:401368316,ncaab,2022-02-12T00:00Z,final,2754,2174,Youngstown St,Detroit Mercy,82,69,,,,0,,,,,,,,,,2,,0,Youngstown,OH,1,,,,,,"40,42","32,37"
ncaab:401368317,ncaab,2022-02-12T00:00Z,final,2523,2473,Robert Morris,Oakland,68,71,,,,0,,,,,,,,,,2,,0,Moon Township,PA,1,358,,,,-5.0,"35,33","39,32"
ncaab:401368319,ncaab,2022-02-12T00:00Z,final,270,2750,Milwaukee,Wright St,60,57,,,,0,,,,,,,,,,2,,0,Milwaukee,WI,1,188,,,,-6.0,"23,37","31,26"
ncaab:401402002,ncaab,2022-02-12T00:00Z,final,2752,41,Xavier,UConn,74,68,,,,0,,,,,,,,,,2,,0,Cincinnati,OH,1,191,,,,-5.0,"34,40","31,37"
ncaab:401368318,ncaab,2022-02-12T01:00Z,final,2739,94,Green Bay,N Kentucky,62,71,,,,0,,,,,,,,,,2,,0,Green Bay,WI,1,180,,,,-6.0,"25,37","30,41"
ncaab:401365371,ncaab,2022-02-12T02:00Z,final,2561,314,Siena,Iona,70,64,,,,0,,,,,,,,,,2,,0,Albany,NY,1,45,,,,-5.0,"24,46","24,40"
ncaab:401365836,ncaab,2022-02-12T02:00Z,final,139,179,Saint Louis,St Bonaventure,61,68,,,,0,,,,,,,,,,2,,0,St. Louis,MO,1,142,,,,-6.0,"30,31","34,34"
ncaab:401378801,ncaab,2022-02-12T02:00Z,final,328,2440,Utah State,Nevada,72,85,,,,0,,,,,,,,,,2,,0,Logan,UT,1,1382,,,,-7.0,"37,35","32,53"
ncaab:401414070,ncaab,2022-02-12T02:00Z,final,167,3141,New Mexico,Northern NM,78,46,,,,0,,,,,,,,,,2,,0,Albuquerque,NM,1,1511,,,,-7.0,"32,46","22,24"
ncaab:401364775,ncaab,2022-02-12T02:30Z,final,36,278,Colorado St,Fresno St,65,50,,,,0,,,,,,,,,,2,,0,Fort Collins,CO,1,1525,,,,-7.0,"25,40","28,22"
ncaab:401364777,ncaab,2022-02-12T04:00Z,final,68,2439,Boise St,UNLV,69,63,,,,0,,,,,,,,,,2,,0,Boise,ID,1,823,,,,-7.0,"29,40","36,27"
ncaab:401364925,ncaab,2022-02-12T17:00Z,final,2,245,Auburn,Texas A&M,75,58,,,,0,,,,,,,,,,2,,0,Auburn,AL,1,215,,,,-6.0,"33,42","18,40"
ncaab:401364928,ncaab,2022-02-12T17:00Z,final,333,8,Alabama,Arkansas,68,67,,,,0,,,,,,,,,,2,,0,Tuscaloosa,AL,1,,,,,,"37,31","32,35"
ncaab:401365841,ncaab,2022-02-12T17:00Z,final,113,2603,UMass,Saint Joseph's,69,67,,,,0,,,,,,,,,,2,,0,Amherst,MA,1,82,,,,-5.0,"36,33","35,32"
ncaab:401368411,ncaab,2022-02-12T17:00Z,final,239,251,Baylor,Texas,80,63,,,,0,,,,,,,,,,2,,0,Waco,TX,1,,,,,,"44,36","31,32"
ncaab:401373586,ncaab,2022-02-12T17:00Z,final,46,156,Georgetown,Creighton,66,80,,,,0,,,,,,,,,,2,,0,Washington,DC,1,,,,,,"37,29","42,38"
ncaab:401376568,ncaab,2022-02-12T17:00Z,final,2329,322,Lehigh,Lafayette,69,73,,,,0,,,,,,,,,,2,,0,Bethlehem,PA,1,109,,,,-5.0,"29,40","36,37"
ncaab:401365372,ncaab,2022-02-12T18:00Z,final,2217,315,Fairfield,Niagara,73,53,,,,0,,,,,,,,,,2,,0,Bridgeport,CT,1,1,,,,-5.0,"32,41","20,33"
ncaab:401367398,ncaab,2022-02-12T18:00Z,final,282,2287,Indiana St,Illinois St,60,57,,,,0,,,,,,,,,,2,,0,Terre Haute,IN,1,,,,,,"24,36","36,21"
ncaab:401368408,ncaab,2022-02-12T18:00Z,final,2305,201,Kansas,Oklahoma,71,69,,,,0,,,,,,,,,,2,,0,Lawrence,KS,1,263,,,,-6.0,"31,40","34,35"
ncaab:401370826,ncaab,2022-02-12T18:00Z,final,2115,2597,C Connecticut,St Francis BK,50,67,,,,0,,,,,,,,,,2,,0,New Britain,CT,1,51,,,,-5.0,"20,30","39,28"
ncaab:401370836,ncaab,2022-02-12T18:00Z,final,161,2529,FDU,Sacred Heart,82,75,,,,0,,,,,,,,,,2,,0,Hackensack,NJ,1,6,,,,-5.0,"38,44","31,44"
ncaab:401370899,ncaab,2022-02-12T18:00Z,final,2681,2771,Wagner,Merrimack,65,80,,,,0,,,,,,,,,,2,,0,Staten Island,NY,1,21,,,,-5.0,"24,34,7","25,33,22"
ncaab:401373347,ncaab,2022-02-12T18:00Z,final,104,44,Boston U,American,85,67,,,,0,,,,,,,,,,2,,0,Boston,MA,1,14,,,,-5.0,"48,37","30,37"
ncaab:401373587,ncaab,2022-02-12T18:00Z,final,222,2550,Villanova,Seton Hall,73,67,,,,0,,,,,,,,,,2,,0,Philadelphia,PA,1,12,,,,-5.0,"29,44","32,35"
ncaab:401373105,ncaab,2022-02-12T18:30Z,final,349,2426,Army,Navy,49,52,,,,0,,,,,,,,,,2,,0,West Point,NY,1,,,,,,"23,26","25,27"
ncaab:401364437,ncaab,2022-02-12T19:00Z,final,275,164,Wisconsin,Rutgers,65,73,,,,0,,,,,,,,,,2,,0,Madison,WI,1,267,,,,-6.0,"35,30","38,35"
ncaab:401364924,ncaab,2022-02-12T19:00Z,final,61,2579,Georgia,South Carolina,68,80,,,,0,,,,,,,,,,2,,0,Athens,GA,1,228,,,,-5.0,"38,30","42,38"
ncaab:401365157,ncaab,2022-02-12T19:00Z,final,2084,2050,Buffalo,Ball State,80,74,,,,0,,,,,,,,,,2,,0,Buffalo,NY,1,183,,,,-5.0,"38,42","36,38"
ncaab:401365477,ncaab,2022-02-12T19:00Z,final,119,2210,Towson,Elon,86,50,,,,0,,,,,,,,,,2,,0,Towson,MD,1,,,,,,"42,44","16,34"
ncaab:401365478,ncaab,2022-02-12T19:00Z,final,2182,111,Drexel,Northeastern,67,51,,,,0,,,,,,,,,,2,,0,Philadelphia,PA,1,12,,,,-5.0,"36,31","16,35"
ncaab:401365564,ncaab,2022-02-12T19:00Z,final,231,236,Furman,Chattanooga,58,64,,,,0,,,,,,,,,,2,,0,Greenville,SC,1,307,,,,-5.0,"27,31","20,44"
ncaab:401365838,ncaab,2022-02-12T19:00Z,final,227,2166,Rhode Island,Davidson,72,65,,,,0,,,,,,,,,,2,,0,Kingston,RI,1,75,,,,-5.0,"40,32","35,30"
ncaab:401365839,ncaab,2022-02-12T19:00Z,final,2168,45,Dayton,G Washington,80,54,,,,0,,,,,,,,,,2,,0,Dayton,OH,1,225,,,,-5.0,"48,32","23,31"
ncaab:401367500,ncaab,2022-02-12T19:00Z,final,324,290,Coastal,GA Southern,79,58,,,,0,,,,,,,,,,2,,0,Conway,SC,1,10,,,,-5.0,"41,38","30,28"
ncaab:401368410,ncaab,2022-02-12T19:00Z,final,197,277,Oklahoma St,West Virginia,81,58,,,,0,,,,,,,,,,2,,0,Stillwater,OK,1,,,,,,"36,45","30,28"
ncaab:401369689,ncaab,2022-02-12T19:00Z,final,2066,160,Binghamton,New Hampshire,60,69,,,,0,,,,,,,,,,2,,0,Binghamton,NY,1,264,,,,-5.0,"30,30","33,36"
ncaab:401369757,ncaab,2022-02-12T19:00Z,final,172,225,Cornell,Brown,80,81,,,,0,,,,,,,,,,2,,0,Ithaca,NY,1,125,,,,-5.0,"41,39","49,32"
ncaab:401369759,ncaab,2022-02-12T19:00Z,final,219,108,Penn,Harvard,82,74,,,,0,,,,,,,,,,2,,0,Philadelphia,PA,1,12,,,,-5.0,"41,41","33,41"
ncaab:401369760,ncaab,2022-02-12T19:00Z,final,171,43,Columbia,Yale,59,84,,,,0,,,,,,,,,,2,,0,New York,NY,1,10,,,,-5.0,"30,29","39,45"
ncaab:401369958,ncaab,2022-02-12T19:00Z,final,153,52,North Carolina,Florida St,94,74,,,,0,,,,,,,,,,2,,0,Chapel Hill,NC,1,148,,,,-5.0,"62,32","24,50"
ncaab:401370763,ncaab,2022-02-12T19:00Z,final,2241,2127,Gardner-Webb,Charleston So,82,65,,,,0,,,,,,,,,,2,,0,Boiling Springs,NC,1,269,,,,-5.0,"41,41","38,27"
ncaab:401370844,ncaab,2022-02-12T19:00Z,final,112358,2803,Long Island,Bryant,99,88,,,,0,,,,,,,,,,2,,0,Brooklyn,NY,1,15,,,,-5.0,"49,50","42,46"
ncaab:401372540,ncaab,2022-02-12T19:00Z,final,147,2464,Montana St,N Arizona,72,70,,,,0,,,,,,,,,,2,,0,Bozeman,MT,1,1468,,,,-7.0,"39,33","33,37"
ncaab:401377756,ncaab,2022-02-12T19:00Z,final,2655,218,Tulane,Temple,92,83,,,,0,,,,,,,,,,2,,0,New Orleans,LA,1,0,,,,-6.0,"38,33,21","34,37,12"
ncaab:401378599,ncaab,2022-02-12T19:00Z,final,2415,2428,Morgan St,NC Central,64,74,,,,0,,,,,,,,,,2,,0,Baltimore,MD,1,10,,,,-5.0,"41,23","29,45"
ncaab:401381738,ncaab,2022-02-12T19:00Z,final,2083,107,Bucknell,Holy Cross,72,78,,,,0,,,,,,,,,,2,,0,Lewisburg,PA,1,144,,,,-5.0,"33,39","39,39"
ncaab:401365701,ncaab,2022-02-12T20:00Z,final,2710,155,W Illinois,North Dakota,70,68,,,,0,,,,,,,,,,2,,0,Macomb,IL,1,215,,,,-6.0,"36,34","35,33"
ncaab:401367504,ncaab,2022-02-12T20:00Z,final,309,250,Louisiana,UT Arlington,77,80,,,,0,,,,,,,,,,2,,0,Lafayette,LA,1,11,,,,-6.0,"33,37,7","29,41,10"
ncaab:401367505,ncaab,2022-02-12T20:00Z,final,2433,326,UL Monroe,Texas St,54,63,,,,0,,,,,,,,,,2,,0,Monroe,LA,1,23,,,,-6.0,"29,25","30,33"
ncaab:401368320,ncaab,2022-02-12T20:00Z,final,325,85,Cleveland St,IU Indy,83,45,,,,0,,,,,,,,,,2,,0,Cleveland,OH,1,199,,,,-5.0,"46,37","17,28"
ncaab:401369994,ncaab,2022-02-12T20:00Z,final,221,152,Pitt,NC State,71,69,,,,0,,,,,,,,,,2,,0,Pittsburgh,PA,1,233,,,,-5.0,"26,45","31,38"
ncaab:401370069,ncaab,2022-02-12T20:00Z,final,154,2390,Wake Forest,Miami,72,76,,,,0,,,,,,,,,,2,,0,Winston-Salem,NC,1,,,,,,"40,32","33,43"
ncaab:401371520,ncaab,2022-02-12T20:00Z,final,2130,2534,Chicago St,Sam Houston,59,72,,,,0,,,,,,,,,,2,,0,Chicago,IL,1,179,,,,-6.0,"26,33","39,33"
ncaab:401372774,ncaab,2022-02-12T20:00Z,final,242,249,Rice,North Texas,44,67,,,,0,,,,,,,,,,2,,0,Houston,TX,1,12,,,,-6.0,"18,26","34,33"
ncaab:401364434,ncaab,2022-02-12T20:30Z,final,127,84,Michigan St,Indiana,76,61,,,,0,,,,,,,,,,2,,0,East Lansing,MI,1,261,,,,-5.0,"37,39","30,31"
ncaab:401365158,ncaab,2022-02-12T20:30Z,final,2199,195,E Michigan,Ohio,56,74,,,,0,,,,,,,,,,2,,0,Ypsilanti,MI,1,,,,,,"33,23","25,49"
ncaab:401365162,ncaab,2022-02-12T20:30Z,final,193,189,Miami OH,Bowling Green,94,78,,,,0,,,,,,,,,,2,,0,Oxford,OH,1,283,,,,-5.0,"47,47","32,46"
ncaab:401365562,ncaab,2022-02-12T20:30Z,final,2678,2643,VMI,The Citadel,79,83,,,,0,,,,,,,,,,2,,0,Lexington,VA,1,324,,,,-5.0,"32,47","40,43"
ncaab:401377757,ncaab,2022-02-12T20:30Z,final,248,235,Houston,Memphis,59,69,,,,0,,,,,,,,,,2,,0,Houston,TX,1,12,,,,-6.0,"31,28","28,41"
ncaab:401364929,ncaab,2022-02-12T21:00Z,final,96,57,Kentucky,Florida,78,57,,,,0,,,,,,,,,,2,,0,Lexington,KY,1,295,,,,-5.0,"33,45","28,29"
ncaab:401365475,ncaab,2022-02-12T21:00Z,final,256,2729,James Madison,William & Mary,69,55,,,,0,,,,,,,,,,2,,0,Harrisonburg,VA,1,404,,,,-5.0,"50,19","29,26"
ncaab:401365563,ncaab,2022-02-12T21:00Z,final,2193,2535,ETSU,Samford,73,77,,,,0,,,,,,,,,,2,,0,Johnson City,TN,1,498,,,,-5.0,"38,35","42,35"
ncaab:401365703,ncaab,2022-02-12T21:00Z,final,2172,233,Denver,South Dakota,76,84,,,,0,,,,,,,,,,2,,0,Denver,CO,1,1609,,,,-7.0,"37,39","39,45"
ncaab:401365842,ncaab,2022-02-12T21:00Z,final,2244,2670,George Mason,VCU,70,85,,,,0,,,,,,,,,,2,,0,Fairfax,VA,1,131,,,,-5.0,"30,40","40,45"
ncaab:401367399,ncaab,2022-02-12T21:00Z,final,2623,2674,Missouri St,Valparaiso,84,66,,,,0,,,,,,,,,,2,,0,Springfield,MO,1,396,,,,-6.0,"41,43","36,30"
ncaab:401367501,ncaab,2022-02-12T21:00Z,final,2026,2247,App State,Georgia St,49,58,,,,0,,,,,,,,,,2,,0,Boone,NC,1,981,,,,-5.0,"16,33","28,30"
ncaab:401368407,ncaab,2022-02-12T21:00Z,final,66,2306,Iowa State,Kansas St,69,75,,,,0,,,,,,,,,,2,,0,Ames,IA,1,287,,,,-6.0,"40,23,6","28,35,12"
ncaab:401368409,ncaab,2022-02-12T21:00Z,final,2641,2628,Texas Tech,TCU,82,69,,,,0,,,,,,,,,,2,,0,Lubbock,TX,1,976,,,,-6.0,"37,45","40,29"
ncaab:401369298,ncaab,2022-02-12T21:00Z,final,526,56,FGCU,Stetson,89,82,,,,0,,,,,,,,,,2,,0,Fort Myers,FL,1,3,,,,-5.0,"36,40,13","36,40,6"
ncaab:401369758,ncaab,2022-02-12T21:00Z,final,163,159,Princeton,Dartmouth,85,40,,,,0,,,,,,,,,,2,,0,Princeton,NJ,1,62,,,,-5.0,"43,42","13,27"
ncaab:401370051,ncaab,2022-02-12T21:00Z,final,258,59,Virginia,Georgia Tech,63,53,,,,0,,,,,,,,,,2,,0,Charlottesville,VA,1,142,,,,-5.0,"32,31","19,34"
ncaab:401370765,ncaab,2022-02-12T21:00Z,final,2448,2344,NC A&T,Longwood,70,62,,,,0,,,,,,,,,,2,,0,Greensboro,NC,1,266,,,,-5.0,"30,40","27,35"
ncaab:401370767,ncaab,2022-02-12T21:00Z,final,2908,2427,SC Upstate,UNC Asheville,56,83,,,,0,,,,,,,,,,2,,0,Spartanburg,SC,1,246,,,,-5.0,"23,33","35,48"
ncaab:401370889,ncaab,2022-02-12T21:00Z,final,2598,116,Saint Francis,Mount St Marys,52,54,,,,0,,,,,,,,,,2,,0,Loretto,PA,1,595,,,,-5.0,"27,25","19,35"
ncaab:401371521,ncaab,2022-02-12T21:00Z,final,2547,2320,Seattle U,Lamar,76,50,,,,0,,,,,,,,,,2,,0,Seattle,WA,1,56,,,,-8.0,"43,33","19,31"
ncaab:401371522,ncaab,2022-02-12T21:00Z,final,3084,166,Utah Valley,New Mexico St,72,68,,,,0,,,,,,,,,,2,,0,Orem,UT,1,1455,,,,-7.0,"32,40","23,45"
ncaab:401372615,ncaab,2022-02-12T21:00Z,final,16,253,Sacramento St,Southern Utah,57,83,,,,0,,,,,,,,,,2,,0,Sacramento,CA,1,9,,,,-8.0,"22,35","43,40"
ncaab:401372848,ncaab,2022-02-12T21:00Z,final,2636,98,UTSA,Western KY,65,71,,,,0,,,,,,,,,,2,,0,San Antonio,TX,1,198,,,,-6.0,"35,30","37,34"
ncaab:401373059,ncaab,2022-02-12T21:00Z,final,47,2169,Howard,Delaware St,85,72,,,,0,,,,,,,,,,2,,0,Washington,DC,1,,,,,,"41,44","32,40"
ncaab:401373126,ncaab,2022-02-12T21:00Z,final,2016,2065,Alcorn St,Bethune,63,71,,,,0,,,,,,,,,,2,,0,Lorman,MS,1,66,,,,-6.0,"35,24,4","27,32,12"
ncaab:401373249,ncaab,2022-02-12T21:00Z,final,2413,93,Morehead St,Murray St,53,57,,,,0,,,,,,,,,,2,,0,Morehead,KY,1,153,,,,-6.0,"28,25","24,33"
ncaab:401373724,ncaab,2022-02-12T21:00Z,final,28,27,UC San Diego,UC Riverside,85,62,,,,0,,,,,,,,,,2,,0,San Diego,CA,1,20,,,,-8.0,"36,49","33,29"
ncaab:401373780,ncaab,2022-02-12T21:00Z,final,2154,2569,Coppin St,SC State,58,66,,,,0,,,,,,,,,,2,,0,Baltimore,MD,1,10,,,,-5.0,"29,29","33,33"
ncaab:401377457,ncaab,2022-02-12T21:00Z,final,2483,25,Oregon,California,64,78,,,,0,,,,,,,,,,2,,0,Eugene,OR,1,131,,,,-8.0,"22,42","38,40"
ncaab:401369303,ncaab,2022-02-12T21:30Z,final,2453,91,North Alabama,Bellarmine,69,75,,,,0,,,,,,,,,,2,,0,Florence,AL,1,167,,,,-6.0,"32,37","32,43"
ncaab:401370766,ncaab,2022-02-12T21:30Z,final,2737,2506,Winthrop,Presbyterian,65,61,,,,0,,,,,,,,,,2,,0,Rock Hill,SC,1,207,,,,-5.0,"28,37","24,37"
ncaab:401371668,ncaab,2022-02-12T21:30Z,final,2447,357,Nicholls,Texas A&M-CC,83,80,,,,0,,,,,,,,,,2,,0,Thibodaux,LA,1,,,,,,"41,29,13","43,27,10"
ncaab:401371669,ncaab,2022-02-12T21:30Z,final,2466,2377,N'Western St,McNeese,75,80,,,,0,,,,,,,,,,2,,0,Natchitoches,LA,1,36,,,,-6.0,"35,40","42,38"
ncaab:401373168,ncaab,2022-02-12T21:30Z,final,2640,2755,Texas Southern,Grambling,68,65,,,,0,,,,,,,,,,2,,0,Houston,TX,1,12,,,,-6.0,"29,39","31,34"
ncaab:401373228,ncaab,2022-02-12T21:30Z,final,2197,2630,E Illinois,UT Martin,82,70,,,,0,,,,,,,,,,2,,0,Charleston,IL,1,204,,,,-6.0,"40,42","29,41"
ncaab:401373285,ncaab,2022-02-12T21:30Z,final,2565,2635,SIUE,Tennessee Tech,61,60,,,,0,,,,,,,,,,2,,0,Edwardsville,IL,1,165,,,,-6.0,"31,30","19,41"
ncaab:401373588,ncaab,2022-02-12T21:30Z,final,2086,269,Butler,Marquette,85,79,,,,0,,,,,,,,,,2,,0,Indianapolis,IN,1,218,,,,-5.0,"42,43","27,52"
ncaab:401365160,ncaab,2022-02-12T22:00Z,final,2459,2649,N Illinois,Toledo,72,100,,,,0,,,,,,,,,,2,,0,Dekalb,IL,1,268,,,,-6.0,"35,37","53,47"
ncaab:401367503,ncaab,2022-02-12T22:00Z,final,2653,2031,Troy,Little Rock,62,66,,,,0,,,,,,,,,,2,,0,Troy,AL,1,,,,,,"31,31","31,35"
ncaab:401369300,ncaab,2022-02-12T22:00Z,final,55,2110,Jax State,C Arkansas,62,72,,,,0,,,,,,,,,,2,,0,Jacksonville,AL,1,216,,,,-6.0,"23,39","32,40"
ncaab:401369302,ncaab,2022-02-12T22:00Z,final,288,2198,Lipscomb,E Kentucky,83,73,,,,0,,,,,,,,,,2,,0,Nashville,TN,1,170,,,,-6.0,"43,40","37,36"
ncaab:401369688,ncaab,2022-02-12T22:00Z,final,2349,2378,UMass Lowell,UMBC,88,71,,,,0,,,,,,,,,,2,,0,Lowell,MA,1,36,,,,-5.0,"36,52","39,32"
ncaab:401369922,ncaab,2022-02-12T22:00Z,final,103,150,Boston College,Duke,61,72,,,,0,,,,,,,,,,2,,0,Chestnut Hill,MA,1,60,,,,-5.0,"28,33","37,35"
ncaab:401371667,ncaab,2022-02-12T22:00Z,final,2443,2916,LSU N Orleans,Incarnate Word,84,57,,,,0,,,,,,,,,,2,,0,New Orleans,LA,1,0,,,,-6.0,"42,42","24,33"
ncaab:401371670,ncaab,2022-02-12T22:00Z,final,2545,2277,SE Louisiana,Hou Christian,89,84,,,,0,,,,,,,,,,2,,0,Hammond,LA,1,13,,,,-6.0,"38,51","46,38"
ncaab:401372428,ncaab,2022-02-12T22:00Z,final,331,304,E Washington,Idaho St,75,72,,,,0,,,,,,,,,,2,,0,Cheney,WA,1,717,,,,-8.0,"38,37","29,43"
ncaab:401372453,ncaab,2022-02-12T22:00Z,final,70,2692,Idaho,Weber St,83,79,,,,0,,,,,,,,,,2,,0,Moscow,ID,1,786,,,,-8.0,"37,46","24,55"
ncaab:401373208,ncaab,2022-02-12T22:00Z,final,2046,2634,Austin Peay,Tennessee St,54,52,,,,0,,,,,,,,,,2,,0,Clarksville,TN,1,145,,,,-6.0,"19,35","29,23"
ncaab:401373269,ncaab,2022-02-12T22:00Z,final,2546,2057,SE Missouri,Belmont,72,81,,,,0,,,,,,,,,,2,,0,Cape Girardeau,MO,1,108,,,,-6.0,"35,37","37,44"
ncaab:401381723,ncaab,2022-02-12T22:00Z,final,2352,2142,Loyola MD,Colgate,56,64,,,,0,,,,,,,,,,2,,0,Baltimore,MD,1,10,,,,-5.0,"24,32","35,29"
ncaab:401381761,ncaab,2022-02-12T22:00Z,final,2010,2400,Alabama A&M,Miss Valley St,94,92,,,,0,,,,,,,,,,2,,0,Normal,AL,1,220,,,,-6.0,"33,28,7,11,8,7","31,30,7,11,8,5"
ncaab:401365700,ncaab,2022-02-12T22:15Z,final,2571,2437,S Dakota St,Omaha,82,61,,,,0,,,,,,,,,,2,,0,Brookings,SD,1,494,,,,-6.0,"44,38","19,42"
ncaab:401365840,ncaab,2022-02-12T22:30Z,final,2184,2230,Duquesne,Fordham,54,65,,,,0,,,,,,,,,,2,,0,Pittsburgh,PA,1,233,,,,-5.0,"24,30","34,31"
ncaab:401369301,ncaab,2022-02-12T22:30Z,final,338,2454,Kennesaw St,North Florida,72,74,,,,0,,,,,,,,,,2,,0,Kennesaw,GA,1,332,,,,-5.0,"34,38","44,30"
ncaab:401370764,ncaab,2022-02-12T22:30Z,final,2261,2515,Hampton,Radford,54,60,,,,0,,,,,,,,,,2,,0,Hampton,VA,1,1,,,,-5.0,"28,26","26,34"
ncaab:401376582,ncaab,2022-02-12T22:30Z,final,2011,2029,Alabama St,AR-Pine Bluff,70,75,,,,0,,,,,,,,,,2,,0,Montgomery,AL,1,73,,,,-6.0,"27,43","33,42"
ncaab:401364435,ncaab,2022-02-12T23:00Z,final,130,194,Michigan,Ohio State,57,68,,,,0,,,,,,,,,,2,,0,Ann Arbor,MI,1,269,,,,-5.0,"30,27","33,35"
ncaab:401364926,ncaab,2022-02-12T23:00Z,final,2633,238,Tennessee,Vanderbilt,73,64,,,,0,,,,,,,,,,2,,0,Knoxville,TN,1,276,,,,-5.0,"44,29","32,32"
ncaab:401365837,ncaab,2022-02-12T23:00Z,final,257,2325,Richmond,La Salle,77,63,,,,0,,,,,,,,,,2,,0,Richmond,VA,1,64,,,,-5.0,"36,41","33,30"
ncaab:401369299,ncaab,2022-02-12T23:00Z,final,294,2335,Jacksonville,Liberty,73,69,,,,0,,,,,,,,,,2,,0,Jacksonville,FL,1,5,,,,-5.0,"32,41","42,27"
ncaab:401370032,ncaab,2022-02-12T23:00Z,final,259,183,Virginia Tech,Syracuse,71,59,,,,0,,,,,,,,,,2,,0,Blacksburg,VA,1,633,,,,-5.0,"39,32","29,30"
ncaab:401370762,ncaab,2022-02-12T23:00Z,final,2272,2097,High Point,Campbell,42,60,,,,0,,,,,,,,,,2,,0,High Point,NC,1,281,,,,-5.0,"19,23","25,35"
ncaab:401371155,ncaab,2022-02-12T23:00Z,final,2541,2539,Santa Clara,San Francisco,58,74,,,,0,,,,,,,,,,2,,0,Santa Clara,CA,1,23,,,,-8.0,"28,30","40,34"
ncaab:401373078,ncaab,2022-02-12T23:00Z,final,2450,2379,Norfolk St,MD Eastern,70,63,,,,0,,,,,,,,,,2,,0,Norfolk,VA,1,2,,,,-5.0,"30,40","26,37"
ncaab:401377458,ncaab,2022-02-12T23:00Z,final,264,12,Washington,Arizona,68,92,,,,0,,,,,,,,,,2,,0,Seattle,WA,1,56,,,,-8.0,"36,32","45,47"
ncaab:401377758,ncaab,2022-02-12T23:00Z,final,151,2567,East Carolina,SMU,66,80,,,,0,,,,,,,,,,2,,0,Greenville,NC,1,18,,,,-5.0,"30,36","33,47"
ncaab:401365476,ncaab,2022-02-12T23:30Z,final,48,2275,Delaware,Hofstra,66,80,,,,0,,,,,,,,,,2,,0,Newark,DE,1,38,,,,-5.0,"35,31","39,41"
ncaab:401373148,ncaab,2022-02-12T23:30Z,final,2296,50,Jackson St,Florida A&M,60,56,,,,0,,,,,,,,,,2,,0,Jackson,MS,1,85,,,,-6.0,"28,32","28,28"
ncaab:401373183,ncaab,2022-02-12T23:30Z,final,2504,2582,Prairie View,Southern,84,77,,,,0,,,,,,,,,,2,,0,Prairie View,TX,1,82,,,,-6.0,"42,42","31,46"
ncaab:401373589,ncaab,2022-02-12T23:30Z,final,2507,305,Providence,DePaul,76,73,,,,0,,,,,,,,,,2,,0,Providence,RI,1,2,,,,-5.0,"24,36,16","28,32,13"
ncaab:401365161,ncaab,2022-02-13T00:00Z,final,2711,2117,W Michigan,C Michigan,77,63,,,,0,,,,,,,,,,2,,0,Kalamazoo,MI,1,239,,,,-5.0,"47,30","24,39"
ncaab:401365373,ncaab,2022-02-13T00:00Z,final,2368,2099,Marist,Canisius,71,70,,,,0,,,,,,,,,,2,,0,Poughkeepsie,NY,1,62,,,,-5.0,"29,42","32,38"
ncaab:401365474,ncaab,2022-02-13T00:00Z,final,350,232,UNC Wilmington,Charleston,85,79,,,,0,,,,,,,,,,2,,0,Wilmington,NC,1,,,,,,"47,38","38,41"
ncaab:401365565,ncaab,2022-02-13T00:00Z,final,2747,2717,Wofford,W Carolina,69,57,,,,0,,,,,,,,,,2,,0,Spartanburg,SC,1,246,,,,-5.0,"36,33","31,26"
ncaab:401367502,ncaab,2022-02-13T00:00Z,final,6,2032,South Alabama,Arkansas St,70,51,,,,0,,,,,,,,,,2,,0,Mobile,AL,1,3,,,,-6.0,"45,25","25,26"
ncaab:401368321,ncaab,2022-02-13T00:00Z,final,2870,82,Purdue FW,UIC,73,66,,,,0,,,,,,,,,,2,,0,Fort Wayne,IN,1,247,,,,-5.0,"35,38","33,33"
ncaab:401369687,ncaab,2022-02-13T00:00Z,final,2885,42,NJIT,Hartford,49,65,,,,0,,,,,,,,,,2,,0,Newark,NJ,1,9,,,,-5.0,"31,18","37,28"
ncaab:401369690,ncaab,2022-02-13T00:00Z,final,399,261,UAlbany,Vermont,63,76,,,,0,,,,,,,,,,2,,0,Albany,NY,1,45,,,,-5.0,"28,35","38,38"
ncaab:401369939,ncaab,2022-02-13T00:00Z,final,228,87,Clemson,Notre Dame,61,76,,,,0,,,,,,,,,,2,,0,Clemson,SC,1,221,,,,-5.0,"28,33","38,38"
ncaab:401364773,ncaab,2022-02-13T01:00Z,final,21,2005,San Diego St,Air Force,76,64,,,,0,,,,,,,,,,2,,0,San Diego,CA,1,20,,,,-8.0,"37,39","33,31"
ncaab:401364930,ncaab,2022-02-13T01:00Z,final,99,344,LSU,Mississippi St,69,65,,,,0,,,,,,,,,,2,,0,Baton Rouge,LA,1,14,,,,-6.0,"37,32","22,43"
ncaab:401365702,ncaab,2022-02-13T01:00Z,final,2900,2449,St Thomas,N Dakota St,64,75,,,,0,,,,,,,,,,2,,0,Saint Paul,MN,1,242,,,,-6.0,"34,30","31,44"
ncaab:401365704,ncaab,2022-02-13T01:00Z,final,198,140,Oral Roberts,Kansas City,91,86,,,,0,,,,,,,,,,2,,0,Tulsa,OK,1,,,,,,"35,56","45,41"
ncaab:401367397,ncaab,2022-02-13T01:00Z,final,71,2181,Bradley,Drake,68,59,,,,0,,,,,,,,,,2,,0,Peoria,IL,1,153,,,,-6.0,"28,40","27,32"
ncaab:401367400,ncaab,2022-02-13T01:00Z,final,79,339,S Illinois,Evansville,69,62,,,,0,,,,,,,,,,2,,0,Carbondale,IL,1,126,,,,-6.0,"36,33","26,36"
ncaab:401371237,ncaab,2022-02-13T01:00Z,final,301,279,San Diego,Pacific,60,54,,,,0,,,,,,,,,,2,,0,San Diego,CA,1,20,,,,-8.0,"32,28","27,27"
ncaab:401371519,ncaab,2022-02-13T01:00Z,final,2627,2000,Tarleton St,Abilene Chrstn,63,77,,,,0,,,,,,,,,,2,,0,Stephenville,TX,1,388,,,,-6.0,"37,26","37,40"
ncaab:401377459,ncaab,2022-02-13T01:00Z,final,38,254,Colorado,Utah,81,76,,,,0,,,,,,,,,,2,,0,Boulder,CO,1,1624,,,,-7.0,"33,48","36,40"
ncaab:401377755,ncaab,2022-02-13T01:00Z,final,202,2132,Tulsa,Cincinnati,83,77,,,,0,,,,,,,,,,2,,0,Tulsa,OK,1,,,,,,"39,44","34,43"
ncaab:401377759,ncaab,2022-02-13T01:00Z,final,2724,58,Wichita St,South Florida,73,69,,,,0,,,,,,,,,,2,,0,Wichita,KS,1,,,,,,"34,39","30,39"
ncaab:401364436,ncaab,2022-02-13T01:30Z,final,135,213,Minnesota,Penn State,76,70,,,,0,,,,,,,,,,2,,0,Minneapolis,MN,1,253,,,,-6.0,"36,40","36,34"
ncaab:401364927,ncaab,2022-02-13T01:30Z,final,142,145,Missouri,Ole Miss,74,68,,,,0,,,,,,,,,,2,,0,Columbia,MO,1,215,,,,-6.0,"43,31","32,36"
ncaab:401364776,ncaab,2022-02-13T02:00Z,final,23,2751,San José St,Wyoming,52,74,,,,0,,,,,,,,,,2,,0,San Jose,CA,1,26,,,,-8.0,"29,23","33,41"
ncaab:401371523,ncaab,2022-02-13T02:00Z,final,3101,2253,Utah Tech,Grand Canyon,61,60,,,,0,,,,,,,,,,2,,0,St. George,UT,1,823,,,,-7.0,"23,38","25,35"
ncaab:401372518,ncaab,2022-02-13T02:00Z,final,149,2502,Montana,Portland St,85,76,,,,0,,,,,,,,,,2,,0,Missoula,MT,1,978,,,,-7.0,"41,44","35,41"
ncaab:401371235,ncaab,2022-02-13T03:00Z,final,2250,2608,Gonzaga,Saint Mary's,74,58,,,,0,,,,,,,,,,2,,0,Spokane,WA,1,571,,,,-8.0,"36,38","23,35"
ncaab:401371236,ncaab,2022-02-13T03:00Z,final,2501,2351,Portland,LMU,86,76,,,,0,,,,,,,,,,2,,0,Portland,OR,1,12,,,,-8.0,"47,39","39,37"
ncaab:401371321,ncaab,2022-02-13T03:00Z,final,2492,252,Pepperdine,BYU,85,91,,,,0,,,,,,,,,,2,,0,Malibu,CA,1,32,,,,-8.0,"38,47","48,43"
ncaab:401371524,ncaab,2022-02-13T03:00Z,final,2856,292,CA Baptist,UT Rio Grande,80,72,,,,0,,,,,,,,,,2,,0,Riverside,CA,1,252,,,,-8.0,"34,46","34,38"
ncaab:401373721,ncaab,2022-02-13T03:00Z,final,13,2540,Cal Poly,Santa Barbara,64,69,,,,0,,,,,,,,,,2,,0,San Luis Obispo,CA,1,71,,,,-8.0,"28,36","33,36"
ncaab:401373722,ncaab,2022-02-13T03:00Z,final,2934,2463,Bakersfield,CSU Northridge,65,71,,,,0,,,,,,,,,,2,,0,Bakersfield,CA,1,123,,,,-8.0,"23,42","31,40"
ncaab:401377460,ncaab,2022-02-13T03:00Z,final,30,26,USC,UCLA,67,64,,,,0,,,,,,,,,,2,,0,Los Angeles,CA,1,89,,,,-8.0,"33,34","31,33"
ncaab:401377461,ncaab,2022-02-13T03:00Z,final,265,9,Washington St,Arizona St,55,58,,,,0,,,,,,,,,,2,,0,Pullman,WA,1,717,,,,-8.0,"29,26","27,31"
ncaab:401373723,ncaab,2022-02-13T03:30Z,void,300,302,UC Irvine,UC Davis,,,,,,0,,,,,,,,,,2,,0,Irvine,CA,1,17,,,,-8.0,,
ncaab:401377462,ncaab,2022-02-13T03:30Z,final,204,24,Oregon St,Stanford,65,76,,,,0,,,,,,,,,,2,,0,Corvallis,OR,1,71,,,,-8.0,"34,31","37,39"
ncaab:401373720,ncaab,2022-02-13T04:59Z,final,62,2239,Hawai'i,Fullerton,72,55,,,,0,,,,,,,,,,2,,0,Honolulu,HI,1,5,,,,-10.0,"30,42","24,31"
ncaab:401368324,ncaab,2022-02-13T17:00Z,final,2750,94,Wright St,N Kentucky,71,75,,,,0,,,,,,,,,,2,,0,Dayton,OH,1,225,,,,-5.0,"22,49","34,41"
ncaab:401368325,ncaab,2022-02-13T17:00Z,final,2754,2523,Youngstown St,Robert Morris,68,73,,,,0,,,,,,,,,,2,,0,Youngstown,OH,1,,,,,,"33,35","28,45"
ncaab:401373590,ncaab,2022-02-13T17:00Z,final,2599,41,St John's,UConn,60,63,,,,0,,,,,,,,,,2,,0,New York,NY,1,10,,,,-5.0,"29,31","30,33"
ncaab:401364438,ncaab,2022-02-13T18:00Z,final,2509,120,Purdue,Maryland,62,61,,,,0,,,,,,,,,,2,,0,West Lafayette,IN,1,,,,,,"26,36","23,38"
ncaab:401365374,ncaab,2022-02-13T18:00Z,final,2520,2561,Rider,Siena,75,76,,,,0,,,,,,,,,,2,,0,Lawrenceville,NJ,1,37,,,,-5.0,"38,34,3","40,32,4"
ncaab:401365375,ncaab,2022-02-13T18:00Z,final,314,2405,Iona,Monmouth,70,62,,,,0,,,,,,,,,,2,,0,New Rochelle,NY,1,26,,,,-5.0,"42,28","30,32"
ncaab:401368322,ncaab,2022-02-13T18:00Z,final,2473,2174,Oakland,Detroit Mercy,75,59,,,,0,,,,,,,,,,2,,0,Rochester,MI,1,229,,,,-5.0,"30,45","32,27"
ncaab:401369691,ncaab,2022-02-13T18:00Z,final,311,2619,Maine,Stony Brook,74,85,,,,0,,,,,,,,,,2,,0,Bangor,ME,1,36,,,,-5.0,"40,34","46,39"
ncaab:401364439,ncaab,2022-02-13T19:00Z,final,2294,158,Iowa,Nebraska,98,75,,,,0,,,,,,,,,,2,,0,Iowa City,IA,1,204,,,,-6.0,"53,45","25,50"
ncaab:401364440,ncaab,2022-02-13T19:00Z,final,356,77,Illinois,Northwestern,73,66,,,,0,,,,,,,,,,2,,0,Champaign,IL,1,225,,,,-6.0,"44,29","30,36"
ncaab:401365376,ncaab,2022-02-13T19:00Z,final,2514,2363,Quinnipiac,Manhattan,66,83,,,,0,,,,,,,,,,2,,0,Hamden,CT,1,31,,,,-5.0,"36,30","42,41"
ncaab:401368323,ncaab,2022-02-13T19:00Z,final,270,2739,Milwaukee,Green Bay,54,44,,,,0,,,,,,,,,,2,,0,Milwaukee,WI,1,188,,,,-6.0,"17,37","22,22"
ncaab:401372786,ncaab,2022-02-13T19:00Z,final,295,5,Old Dominion,UAB,81,72,,,,0,,,,,,,,,,2,,0,Norfolk,VA,1,2,,,,-5.0,"37,44","37,35"
ncaab:401365566,ncaab,2022-02-13T20:00Z,final,2430,2382,UNC Greensboro,Mercer,64,73,,,,0,,,,,,,,,,2,,0,Greensboro,NC,1,266,,,,-5.0,"25,39","38,35"
ncaab:401372667,ncaab,2022-02-13T20:00Z,final,2393,2429,MTSU,Charlotte,78,63,,,,0,,,,,,,,,,2,,0,Murfreesboro,TN,1,186,,,,-6.0,"41,37","34,29"
ncaab:401372740,ncaab,2022-02-13T20:00Z,final,2638,276,UTEP,Marshall,79,88,,,,0,,,,,,,,,,2,,0,El Paso,TX,1,1133,,,,-7.0,"38,41","39,49"
ncaab:401367401,ncaab,2022-02-13T21:00Z,final,2350,2460,Loyola Chicago,Northern Iowa,85,58,,,,0,,,,,,,,,,2,,0,Chicago,IL,1,179,,,,-6.0,"47,38","35,23"
ncaab:401410964,ncaab,2022-02-13T21:00Z,final,68,36,Boise St,Colorado St,74,77,,,,0,,,,,,,,,,2,,0,Boise,ID,1,823,,,,-7.0,"37,30,7","39,28,10"
ncaab:401402503,ncaab,2022-02-14T19:00Z,final,350,2729,UNC Wilmington,William & Mary,80,73,,,,0,,,,,,,,,,2,,0,Wilmington,NC,1,,,,,,"31,32,17","27,36,10"
ncaab:401408132,ncaab,2022-02-14T21:00Z,final,160,2378,New Hampshire,UMBC,68,62,,,,0,,,,,,,,,,2,,0,Durham,NH,1,15,,,,-5.0,"35,33","36,26"
ncaab:401408911,ncaab,2022-02-14T22:00Z,final,179,139,St Bonaventure,Saint Louis,83,79,,,,0,,,,,,,,,,2,,0,Saint Bonaventure,NY,1,435,,,,-5.0,"48,35","32,47"
ncaab:401405754,ncaab,2022-02-14T23:00Z,final,2046,2197,Austin Peay,E Illinois,62,54,,,,0,,,,,,,,,,2,,0,Clarksville,TN,1,145,,,,-6.0,"40,22","22,32"
ncaab:401413454,ncaab,2022-02-14T23:00Z,final,2142,322,Colgate,Lafayette,69,61,,,,0,,,,,,,,,,2,,0,Hamilton,NY,1,181,,,,-5.0,"38,31","36,25"
ncaab:401365377,ncaab,2022-02-15T00:00Z,final,2217,2099,Fairfield,Canisius,80,76,,,,0,,,,,,,,,,2,,0,Bridgeport,CT,1,1,,,,-5.0,"40,32,8","33,39,4"
ncaab:401365378,ncaab,2022-02-15T00:00Z,final,2368,315,Marist,Niagara,77,70,,,,0,,,,,,,,,,2,,0,Poughkeepsie,NY,1,62,,,,-5.0,"33,44","21,49"
ncaab:401368326,ncaab,2022-02-15T00:00Z,final,2870,325,Purdue FW,Cleveland St,102,98,,,,0,,,,,,,,,,2,,0,Fort Wayne,IN,1,247,,,,-5.0,"26,48,8,7,13","33,41,8,7,9"
ncaab:401368413,ncaab,2022-02-15T00:00Z,final,2306,277,Kansas St,West Virginia,78,73,,,,0,,,,,,,,,,2,,0,Manhattan,KS,1,311,,,,-6.0,"35,43","42,31"
ncaab:401370033,ncaab,2022-02-15T00:00Z,final,259,258,Virginia Tech,Virginia,62,53,,,,0,,,,,,,,,,2,,0,Blacksburg,VA,1,633,,,,-5.0,"25,37","29,24"
ncaab:401373079,ncaab,2022-02-15T00:00Z,final,2379,47,MD Eastern,Howard,71,77,,,,0,,,,,,,,,,2,,0,Princess Anne,MD,1,5,,,,-5.0,"35,36","37,40"
ncaab:401373781,ncaab,2022-02-15T00:00Z,final,2154,2428,Coppin St,NC Central,74,77,,,,0,,,,,,,,,,2,,0,Baltimore,MD,1,10,,,,-5.0,"31,43","37,40"
ncaab:401376569,ncaab,2022-02-15T00:00Z,final,2329,2083,Lehigh,Bucknell,86,77,,,,0,,,,,,,,,,2,,0,Bethlehem,PA,1,109,,,,-5.0,"35,51","40,37"
ncaab:401398593,ncaab,2022-02-15T00:00Z,final,232,2182,Charleston,Drexel,79,75,,,,0,,,,,,,,,,2,,0,Charleston,SC,1,6,,,,-5.0,"37,42","26,49"
ncaab:401401146,ncaab,2022-02-15T00:00Z,final,48,256,Delaware,James Madison,81,60,,,,0,,,,,,,,,,2,,0,Newark,DE,1,38,,,,-5.0,"32,49","29,31"
ncaab:401406704,ncaab,2022-02-15T00:00Z,final,2116,202,UCF,Tulsa,76,67,,,,0,,,,,,,,,,2,,0,Orlando,FL,1,30,,,,-5.0,"41,35","30,37"
ncaab:401408133,ncaab,2022-02-15T00:00Z,final,2166,2184,Davidson,Duquesne,72,61,,,,0,,,,,,,,,,2,,0,Davidson,NC,1,256,,,,-5.0,"39,33","28,33"
ncaab:401408134,ncaab,2022-02-15T00:00Z,final,42,261,Hartford,Vermont,75,74,,,,0,,,,,,,,,,2,,0,West Hartford,CT,1,,,,,,"41,26,8","33,34,7"
ncaab:401410481,ncaab,2022-02-15T00:00Z,final,107,44,Holy Cross,American,54,60,,,,0,,,,,,,,,,2,,0,Worcester,MA,1,,,,,,"14,40","26,34"
ncaab:401373060,ncaab,2022-02-15T00:30Z,final,2169,2450,Delaware St,Norfolk St,66,69,,,,0,,,,,,,,,,2,,0,Dover,DE,1,9,,,,-5.0,"23,43","26,43"
ncaab:401378600,ncaab,2022-02-15T00:30Z,final,2415,2569,Morgan St,SC State,76,66,,,,0,,,,,,,,,,2,,0,Baltimore,MD,1,10,,,,-5.0,"38,38","35,31"
ncaab:401368327,ncaab,2022-02-15T01:00Z,final,82,85,UIC,IU Indy,57,54,,,,0,,,,,,,,,,2,,0,Chicago,IL,1,179,,,,-6.0,"22,35","28,26"
ncaab:401372599,ncaab,2022-02-15T01:00Z,final,2458,253,N Colorado,Southern Utah,100,95,,,,0,,,,,,,,,,2,,0,Greeley,CO,1,1425,,,,-7.0,"44,56","35,60"
ncaab:401376583,ncaab,2022-02-15T01:00Z,final,2010,2029,Alabama A&M,AR-Pine Bluff,74,69,,,,0,,,,,,,,,,2,,0,Normal,AL,1,220,,,,-6.0,"30,44","27,42"
ncaab:401410450,ncaab,2022-02-15T01:00Z,final,2572,98,Southern Miss,Western KY,77,87,,,,0,,,,,,,,,,2,,0,Hattiesburg,MS,1,52,,,,-6.0,"38,39","46,41"
ncaab:401373127,ncaab,2022-02-15T01:30Z,final,2016,50,Alcorn St,Florida A&M,68,56,,,,0,,,,,,,,,,2,,0,Lorman,MS,1,66,,,,-6.0,"35,33","18,38"
ncaab:401373169,ncaab,2022-02-15T01:30Z,final,2504,2755,Prairie View,Grambling,71,70,,,,0,,,,,,,,,,2,,0,Prairie View,TX,1,82,,,,-6.0,"30,41","30,40"
ncaab:401378658,ncaab,2022-02-15T01:30Z,final,2296,2065,Jackson St,Bethune,71,51,,,,0,,,,,,,,,,2,,0,Jackson,MS,1,85,,,,-6.0,"36,35","20,31"
ncaab:401380980,ncaab,2022-02-15T01:30Z,final,2640,2582,Texas Southern,Southern,58,70,,,,0,,,,,,,,,,2,,0,Houston,TX,1,12,,,,-6.0,"36,22","39,31"
ncaab:401368412,ncaab,2022-02-15T02:00Z,final,2305,197,Kansas,Oklahoma St,76,62,,,,0,,,,,,,,,,2,,0,Lawrence,KS,1,263,,,,-6.0,"38,38","28,34"
ncaab:401371147,ncaab,2022-02-15T02:00Z,void,2501,2541,Portland,Santa Clara,,,,,,0,,,,,,,,,,2,,0,Portland,OR,1,12,,,,-8.0,,
ncaab:401382340,ncaab,2022-02-15T02:00Z,final,2011,2400,Alabama St,Miss Valley St,71,85,,,,0,,,,,,,,,,2,,0,Montgomery,AL,1,73,,,,-6.0,"37,34","45,40"
ncaab:401400492,ncaab,2022-02-15T02:00Z,final,156,46,Creighton,Georgetown,88,77,,,,0,,,,,,,,,,2,,0,Omaha,NE,1,323,,,,-6.0,"48,40","31,46"
ncaab:401402160,ncaab,2022-02-15T02:00Z,final,227,2168,Rhode Island,Dayton,57,63,,,,0,,,,,,,,,,2,,0,Kingston,RI,1,75,,,,-5.0,"24,33","24,39"
ncaab:401411673,ncaab,2022-02-15T02:00Z,final,2483,265,Oregon,Washington St,62,59,,,,0,,,,,,,,,,2,,0,Eugene,OR,1,131,,,,-8.0,"35,27","29,30"
ncaab:401365166,ncaab,2022-02-15T23:00Z,final,2649,2309,Toledo,Kent State,59,72,,,,0,,,,,,,,,,2,,0,Toledo,OH,1,,,,,,"20,39","36,36"
ncaab:401365167,ncaab,2022-02-15T23:00Z,final,2711,2006,W Michigan,Akron,61,57,,,,0,,,,,,,,,,2,,0,Kalamazoo,MI,1,239,,,,-5.0,"26,24,11","29,21,7"
ncaab:401404530,ncaab,2022-02-15T23:00Z,final,2344,2272,Longwood,High Point,70,66,,,,0,,,,,,,,,,2,,0,Farmville,VA,1,90,,,,-5.0,"35,35","32,34"
ncaab:401364441,ncaab,2022-02-15T23:30Z,final,213,127,Penn State,Michigan St,62,58,,,,0,,,,,,,,,,2,,0,University Park,PA,1,,,,,,"24,38","24,34"
ncaab:401364931,ncaab,2022-02-16T00:00Z,final,245,57,Texas A&M,Florida,56,55,,,,0,,,,,,,,,,2,,0,College Station,TX,1,103,,,,-6.0,"27,29","20,35"
ncaab:401364932,ncaab,2022-02-16T00:00Z,final,145,2579,Ole Miss,South Carolina,74,77,,,,0,,,,,,,,,,2,,0,Oxford,MS,1,154,,,,-6.0,"29,39,6","28,40,9"
ncaab:401365163,ncaab,2022-02-16T00:00Z,final,189,2084,Bowling Green,Buffalo,85,112,,,,0,,,,,,,,,,2,,0,Bowling Green,OH,1,212,,,,-5.0,"38,47","51,61"
ncaab:401365164,ncaab,2022-02-16T00:00Z,final,195,193,Ohio,Miami OH,91,78,,,,0,,,,,,,,,,2,,0,Athens,OH,1,219,,,,-5.0,"39,52","39,39"
ncaab:401365165,ncaab,2022-02-16T00:00Z,final,2117,2199,C Michigan,E Michigan,70,75,,,,0,,,,,,,,,,2,,0,Mount Pleasant,MI,1,235,,,,-5.0,"30,40","43,32"
ncaab:401365168,ncaab,2022-02-16T00:00Z,final,2050,2459,Ball State,N Illinois,58,64,,,,0,,,,,,,,,,2,,0,Muncie,IN,1,284,,,,-5.0,"27,31","27,37"
ncaab:401365843,ncaab,2022-02-16T00:00Z,final,2230,2670,Fordham,VCU,61,66,,,,0,,,,,,,,,,2,,0,Bronx,NY,1,28,,,,-5.0,"26,35","40,26"
ncaab:401368415,ncaab,2022-02-16T00:00Z,final,201,251,Oklahoma,Texas,78,80,,,,0,,,,,,,,,,2,,0,Norman,OK,1,357,,,,-6.0,"29,37,12","31,35,14"
ncaab:401369305,ncaab,2022-02-16T00:00Z,final,2454,2335,North Florida,Liberty,72,69,,,,0,,,,,,,,,,2,,0,Jacksonville,FL,1,5,,,,-5.0,"33,39","38,31"
ncaab:401369867,ncaab,2022-02-16T00:00Z,final,150,154,Duke,Wake Forest,76,74,,,,0,,,,,,,,,,2,,0,Durham,NC,1,123,,,,-5.0,"42,34","33,41"
ncaab:401369886,ncaab,2022-02-16T00:00Z,final,52,228,Florida St,Clemson,81,80,,,,0,,,,,,,,,,2,,0,Tallahassee,FL,1,,,,,,"36,45","40,40"
ncaab:401377760,ncaab,2022-02-16T00:00Z,final,58,2655,South Florida,Tulane,57,76,,,,0,,,,,,,,,,2,,0,Tampa,FL,1,,,,,,"28,29","41,35"
ncaab:401401147,ncaab,2022-02-16T00:00Z,final,2210,2275,Elon,Hofstra,64,97,,,,0,,,,,,,,,,2,,0,Elon,NC,1,215,,,,-5.0,"34,30","56,41"
ncaab:401409510,ncaab,2022-02-16T00:00Z,final,2612,314,Saint Peter's,Iona,61,70,,,,0,,,,,,,,,,2,,0,Jersey City,NJ,1,9,,,,-5.0,"24,37","30,40"
ncaab:401411811,ncaab,2022-02-16T00:00Z,final,2132,235,Cincinnati,Memphis,74,81,,,,0,,,,,,,,,,2,,0,Cincinnati,OH,1,191,,,,-5.0,"26,48","41,40"
ncaab:401412532,ncaab,2022-02-16T00:00Z,final,2529,2771,Sacred Heart,Merrimack,63,70,,,,0,,,,,,,,,,2,,0,Fairfield,CT,1,4,,,,-8.0,"24,39","37,33"
ncaab:401367402,ncaab,2022-02-16T01:00Z,final,2623,282,Missouri St,Indiana St,79,70,,,,0,,,,,,,,,,2,,0,Springfield,MO,1,396,,,,-6.0,"31,48","33,37"
ncaab:401367403,ncaab,2022-02-16T01:00Z,final,79,71,S Illinois,Bradley,65,57,,,,0,,,,,,,,,,2,,0,Carbondale,IL,1,126,,,,-6.0,"41,24","22,35"
ncaab:401367405,ncaab,2022-02-16T01:00Z,final,2287,2460,Illinois St,Northern Iowa,70,72,,,,0,,,,,,,,,,2,,0,Normal,IL,1,244,,,,-6.0,"33,37","32,40"
ncaab:401369906,ncaab,2022-02-16T01:00Z,final,59,152,Georgia Tech,NC State,61,76,,,,0,,,,,,,,,,2,,0,Atlanta,GA,1,320,,,,-5.0,"25,36","51,25"
ncaab:401373591,ncaab,2022-02-16T01:00Z,final,2507,222,Providence,Villanova,84,89,,,,0,,,,,,,,,,2,,0,Providence,RI,1,2,,,,-5.0,"39,45","46,43"
ncaab:401414032,ncaab,2022-02-16T01:00Z,final,2501,3142,Portland,Bushnell,84,39,,,,0,,,,,,,,,,2,,0,Portland,OR,1,12,,,,-8.0,"44,40","18,21"
ncaab:401364442,ncaab,2022-02-16T01:30Z,final,194,135,Ohio State,Minnesota,70,45,,,,0,,,,,,,,,,2,,0,Columbus,OH,1,235,,,,-5.0,"23,47","25,20"
ncaab:401364443,ncaab,2022-02-16T02:00Z,final,84,275,Indiana,Wisconsin,69,74,,,,0,,,,,,,,,,2,,0,Bloomington,IN,1,235,,,,-5.0,"31,38","32,42"
ncaab:401364779,ncaab,2022-02-16T02:00Z,final,167,2751,New Mexico,Wyoming,75,66,,,,0,,,,,,,,,,2,,0,Albuquerque,NM,1,1511,,,,-7.0,"30,45","33,33"
ncaab:401364933,ncaab,2022-02-16T02:00Z,final,142,8,Missouri,Arkansas,57,76,,,,0,,,,,,,,,,2,,0,Columbia,MO,1,215,,,,-6.0,"27,30","46,30"
ncaab:401364934,ncaab,2022-02-16T02:00Z,final,2633,96,Tennessee,Kentucky,76,63,,,,0,,,,,,,,,,2,,0,Knoxville,TN,1,276,,,,-5.0,"46,30","32,31"
ncaab:401368414,ncaab,2022-02-16T02:00Z,final,2628,66,TCU,Iowa State,51,54,,,,0,,,,,,,,,,2,,0,Fort Worth,TX,1,199,,,,-6.0,"24,27","22,32"
ncaab:401373592,ncaab,2022-02-16T02:00Z,final,305,2086,DePaul,Butler,71,73,,,,0,,,,,,,,,,2,,0,Chicago,IL,1,179,,,,-6.0,"35,36","35,38"
ncaab:401412466,ncaab,2022-02-16T02:00Z,final,204,38,Oregon St,Colorado,64,90,,,,0,,,,,,,,,,2,,0,Corvallis,OR,1,71,,,,-8.0,"32,32","44,46"
ncaab:401364778,ncaab,2022-02-16T03:00Z,final,21,328,San Diego St,Utah State,75,56,,,,0,,,,,,,,,,2,,0,San Diego,CA,1,20,,,,-8.0,"42,33","34,22"
ncaab:401373725,ncaab,2022-02-16T03:00Z,final,28,300,UC San Diego,UC Irvine,50,56,,,,0,,,,,,,,,,2,,0,San Diego,CA,1,20,,,,-8.0,"25,25","28,28"
ncaab:401364782,ncaab,2022-02-16T04:00Z,final,2440,23,Nevada,San José St,81,72,,,,0,,,,,,,,,,2,,0,Reno,NV,1,1373,,,,-8.0,"39,42","43,29"
ncaab:401400188,ncaab,2022-02-16T18:00Z,final,2217,2363,Fairfield,Manhattan,67,74,,,,0,,,,,,,,,,2,,0,Bridgeport,CT,1,1,,,,-5.0,"33,34","30,44"
ncaab:401370773,ncaab,2022-02-16T23:00Z,final,2908,2506,SC Upstate,Presbyterian,60,55,,,,0,,,,,,,,,,2,,0,Spartanburg,SC,1,246,,,,-5.0,"30,30","30,25"
ncaab:401381724,ncaab,2022-02-16T23:00Z,final,349,2142,Army,Colgate,90,100,,,,0,,,,,,,,,,2,,0,West Point,NY,1,,,,,,"43,47","52,48"
ncaab:401370768,ncaab,2022-02-16T23:30Z,final,2515,2097,Radford,Campbell,71,67,,,,0,,,,,,,,,,2,,0,Radford,VA,1,567,,,,-5.0,"34,37","32,35"
ncaab:401373594,ncaab,2022-02-16T23:30Z,final,2752,2599,Xavier,St John's,73,86,,,,0,,,,,,,,,,2,,0,Cincinnati,OH,1,191,,,,-5.0,"42,31","45,41"
ncaab:401364444,ncaab,2022-02-17T00:00Z,final,164,356,Rutgers,Illinois,70,59,,,,0,,,,,,,,,,2,,0,Piscataway,NJ,1,30,,,,-5.0,"33,37","24,35"
ncaab:401364935,ncaab,2022-02-17T00:00Z,final,333,344,Alabama,Mississippi St,80,75,,,,0,,,,,,,,,,2,,0,Tuscaloosa,AL,1,,,,,,"34,46","30,45"
ncaab:401364936,ncaab,2022-02-17T00:00Z,final,99,61,LSU,Georgia,84,65,,,,0,,,,,,,,,,2,,0,Baton Rouge,LA,1,14,,,,-6.0,"38,46","22,43"
ncaab:401365567,ncaab,2022-02-17T00:00Z,final,2643,2747,The Citadel,Wofford,58,65,,,,0,,,,,,,,,,2,,0,Charleston,SC,1,6,,,,-5.0,"26,32","35,30"
ncaab:401365568,ncaab,2022-02-17T00:00Z,final,2382,2193,Mercer,ETSU,65,56,,,,0,,,,,,,,,,2,,0,Macon,GA,1,112,,,,-5.0,"33,32","42,14"
ncaab:401365569,ncaab,2022-02-17T00:00Z,final,2717,231,W Carolina,Furman,85,103,,,,0,,,,,,,,,,2,,0,Cullowhee,NC,1,645,,,,-5.0,"36,49","51,52"
ncaab:401365844,ncaab,2022-02-17T00:00Z,final,2603,2244,Saint Joseph's,George Mason,70,75,,,,0,,,,,,,,,,2,,0,Philadelphia,PA,1,12,,,,-5.0,"30,34,6","27,37,11"
ncaab:401365845,ncaab,2022-02-17T00:00Z,final,179,113,St Bonaventure,UMass,83,71,,,,0,,,,,,,,,,2,,0,Saint Bonaventure,NY,1,435,,,,-5.0,"36,47","37,34"
ncaab:401369307,ncaab,2022-02-17T00:00Z,final,526,338,FGCU,Kennesaw St,82,76,,,,0,,,,,,,,,,2,,0,Fort Myers,FL,1,3,,,,-5.0,"42,40","29,47"
ncaab:401369309,ncaab,2022-02-17T00:00Z,final,56,294,Stetson,Jacksonville,45,67,,,,0,,,,,,,,,,2,,0,DeLand,FL,1,12,,,,-5.0,"18,27","36,31"
ncaab:401369692,ncaab,2022-02-17T00:00Z,final,2066,399,Binghamton,UAlbany,67,68,,,,0,,,,,,,,,,2,,0,Binghamton,NY,1,264,,,,-5.0,"33,34","29,39"
ncaab:401369693,ncaab,2022-02-17T00:00Z,final,42,311,Hartford,Maine,75,65,,,,0,,,,,,,,,,2,,0,West Hartford,CT,1,,,,,,"37,38","35,30"
ncaab:401369694,ncaab,2022-02-17T00:00Z,final,2885,2349,NJIT,UMass Lowell,59,55,,,,0,,,,,,,,,,2,,0,Newark,NJ,1,9,,,,-5.0,"27,32","17,38"
ncaab:401369695,ncaab,2022-02-17T00:00Z,final,2378,2619,UMBC,Stony Brook,95,84,,,,0,,,,,,,,,,2,,0,Baltimore,MD,1,10,,,,-5.0,"49,46","44,40"
ncaab:401369696,ncaab,2022-02-17T00:00Z,final,160,261,New Hampshire,Vermont,50,71,,,,0,,,,,,,,,,2,,0,Durham,NH,1,15,,,,-5.0,"25,25","42,29"
ncaab:401369975,ncaab,2022-02-17T00:00Z,final,87,103,Notre Dame,Boston College,99,95,,,,0,,,,,,,,,,2,,0,South Bend,IN,1,211,,,,-5.0,"39,47,13","43,43,9"
ncaab:401370119,ncaab,2022-02-17T00:00Z,final,97,2390,Louisville,Miami,63,70,,,,0,,,,,,,,,,2,,0,Louisville,KY,1,142,,,,-5.0,"25,38","35,35"
ncaab:401370769,ncaab,2022-02-17T00:00Z,final,2127,2427,Charleston So,UNC Asheville,66,85,,,,0,,,,,,,,,,2,,0,Charleston,SC,1,6,,,,-5.0,"36,30","47,38"
ncaab:401370770,ncaab,2022-02-17T00:00Z,final,2241,2737,Gardner-Webb,Winthrop,70,81,,,,0,,,,,,,,,,2,,0,Boiling Springs,NC,1,269,,,,-5.0,"32,38","37,44"
ncaab:401370771,ncaab,2022-02-17T00:00Z,final,2261,2448,Hampton,NC A&T,93,82,,,,0,,,,,,,,,,2,,0,Hampton,VA,1,1,,,,-5.0,"43,50","37,45"
ncaab:401373106,ncaab,2022-02-17T00:00Z,final,44,2426,American,Navy,46,55,,,,0,,,,,,,,,,2,,0,Washington,DC,1,,,,,,"14,32","22,33"
ncaab:401381739,ncaab,2022-02-17T00:00Z,final,107,104,Holy Cross,Boston U,65,78,,,,0,,,,,,,,,,2,,0,Worcester,MA,1,,,,,,"34,31","41,37"
ncaab:401381748,ncaab,2022-02-17T00:00Z,final,322,2352,Lafayette,Loyola MD,77,68,,,,0,,,,,,,,,,2,,0,Easton,PA,1,97,,,,-5.0,"40,37","33,35"
ncaab:401369304,ncaab,2022-02-17T00:30Z,final,2198,2453,E Kentucky,North Alabama,80,76,,,,0,,,,,,,,,,2,,0,Richmond,KY,1,289,,,,-5.0,"32,36,12","37,31,8"
ncaab:401371525,ncaab,2022-02-17T00:30Z,final,2617,2130,SF Austin,Chicago St,88,71,,,,0,,,,,,,,,,2,,0,Nacogdoches,TX,1,92,,,,-6.0,"41,47","39,32"
ncaab:401408135,ncaab,2022-02-17T00:30Z,final,2184,45,Duquesne,G Washington,52,73,,,,0,,,,,,,,,,2,,0,Pittsburgh,PA,1,233,,,,-5.0,"19,33","33,40"
ncaab:401367404,ncaab,2022-02-17T01:00Z,final,2181,339,Drake,Evansville,73,51,,,,0,,,,,,,,,,2,,0,Des Moines,IA,1,266,,,,-6.0,"47,26","15,36"
ncaab:401367406,ncaab,2022-02-17T01:00Z,final,2674,2350,Valparaiso,Loyola Chicago,69,71,,,,0,,,,,,,,,,2,,0,Valparaiso,IN,1,,,,,,"36,33","30,41"
ncaab:401369306,ncaab,2022-02-17T01:00Z,final,2110,91,C Arkansas,Bellarmine,69,79,,,,0,,,,,,,,,,2,,0,Conway,AR,1,95,,,,-6.0,"25,44","30,49"
ncaab:401369308,ncaab,2022-02-17T01:00Z,final,288,55,Lipscomb,Jax State,67,78,,,,0,,,,,,,,,,2,,0,Nashville,TN,1,170,,,,-6.0,"41,26","41,37"
ncaab:401369959,ncaab,2022-02-17T01:00Z,final,153,221,North Carolina,Pitt,67,76,,,,0,,,,,,,,,,2,,0,Chapel Hill,NC,1,148,,,,-5.0,"23,44","40,36"
ncaab:401371526,ncaab,2022-02-17T01:00Z,final,292,2547,UT Rio Grande,Seattle U,62,102,,,,0,,,,,,,,,,2,,0,Edinburg,TX,1,30,,,,-6.0,"31,31","56,46"
ncaab:401371527,ncaab,2022-02-17T01:00Z,final,2627,3084,Tarleton St,Utah Valley,56,69,,,,0,,,,,,,,,,2,,0,Stephenville,TX,1,388,,,,-6.0,"35,21","35,34"
ncaab:401373595,ncaab,2022-02-17T01:00Z,final,269,46,Marquette,Georgetown,77,66,,,,0,,,,,,,,,,2,,0,Milwaukee,WI,1,188,,,,-6.0,"48,29","31,35"
ncaab:401402045,ncaab,2022-02-17T01:00Z,final,139,2325,Saint Louis,La Salle,90,64,,,,0,,,,,,,,,,2,,0,St. Louis,MO,1,142,,,,-6.0,"51,39","32,32"
ncaab:401373593,ncaab,2022-02-17T01:30Z,final,41,2550,UConn,Seton Hall,70,65,,,,0,,,,,,,,,,2,,0,Storrs,CT,1,,,,,,"28,42","27,38"
ncaab:401364445,ncaab,2022-02-17T02:00Z,final,77,2509,Northwestern,Purdue,64,70,,,,0,,,,,,,,,,2,,0,Evanston,IL,1,187,,,,-6.0,"28,36","32,38"
ncaab:401364937,ncaab,2022-02-17T02:00Z,final,2,238,Auburn,Vanderbilt,94,80,,,,0,,,,,,,,,,2,,0,Auburn,AL,1,215,,,,-6.0,"42,52","38,42"
ncaab:401368416,ncaab,2022-02-17T02:00Z,final,2641,239,Texas Tech,Baylor,83,73,,,,0,,,,,,,,,,2,,0,Lubbock,TX,1,976,,,,-6.0,"32,51","39,34"
ncaab:401371529,ncaab,2022-02-17T02:00Z,final,166,3101,New Mexico St,Utah Tech,75,64,,,,0,,,,,,,,,,2,,0,Las Cruces,NM,1,1191,,,,-7.0,"37,38","25,39"
ncaab:401373250,ncaab,2022-02-17T02:00Z,final,2630,2413,UT Martin,Morehead St,60,68,,,,0,,,,,,,,,,2,,0,Martin,TN,1,124,,,,-6.0,"34,26","30,38"
ncaab:401377761,ncaab,2022-02-17T02:00Z,final,218,2567,Temple,SMU,64,57,,,,0,,,,,,,,,,2,,0,Philadelphia,PA,1,12,,,,-5.0,"22,42","28,29"
ncaab:401364781,ncaab,2022-02-17T03:00Z,final,2005,68,Air Force,Boise St,59,85,,,,0,,,,,,,,,,2,,0,Colorado Springs,CO,1,1832,,,,-7.0,"31,28","45,40"
ncaab:401371530,ncaab,2022-02-17T03:00Z,final,2856,2253,CA Baptist,Grand Canyon,60,65,,,,0,,,,,,,,,,2,,0,Riverside,CA,1,252,,,,-8.0,"31,29","33,32"
ncaab:401364780,ncaab,2022-02-17T03:30Z,final,278,2439,Fresno St,UNLV,57,60,,,,0,,,,,,,,,,2,,0,Fresno,CA,1,94,,,,-8.0,"31,26","33,27"
ncaab:401371316,ncaab,2022-02-17T04:00Z,final,2492,2250,Pepperdine,Gonzaga,66,86,,,,0,,,,,,,,,,2,,0,Malibu,CA,1,32,,,,-8.0,"29,37","45,41"
ncaab:401408137,ncaab,2022-02-17T17:00Z,final,2199,2084,E Michigan,Buffalo,69,83,,,,0,,,,,,,,,,2,,0,Ypsilanti,MI,1,,,,,,"30,39","38,45"
ncaab:401410613,ncaab,2022-02-17T21:00Z,final,213,135,Penn State,Minnesota,67,46,,,,0,,,,,,,,,,2,,0,University Park,PA,1,,,,,,"27,40","19,27"
ncaab:401365481,ncaab,2022-02-17T23:00Z,final,350,119,UNC Wilmington,Towson,55,79,,,,0,,,,,,,,,,2,,0,Wilmington,NC,1,,,,,,"27,28","35,44"
ncaab:401367506,ncaab,2022-02-17T23:30Z,final,2026,2653,App State,Troy,61,67,,,,0,,,,,,,,,,2,,0,Boone,NC,1,981,,,,-5.0,"39,22","37,30"
ncaab:401364446,ncaab,2022-02-18T00:00Z,final,2294,130,Iowa,Michigan,79,84,,,,0,,,,,,,,,,2,,0,Iowa City,IA,1,204,,,,-6.0,"39,40","37,47"
ncaab:401365479,ncaab,2022-02-18T00:00Z,final,232,256,Charleston,James Madison,63,71,,,,0,,,,,,,,,,2,,0,Charleston,SC,1,6,,,,-5.0,"28,35","34,37"
ncaab:401365480,ncaab,2022-02-18T00:00Z,final,2210,48,Elon,Delaware,62,71,,,,0,,,,,,,,,,2,,0,Elon,NC,1,215,,,,-5.0,"18,44","25,46"
ncaab:401365482,ncaab,2022-02-18T00:00Z,final,2729,2182,William & Mary,Drexel,57,72,,,,0,,,,,,,,,,2,,0,Williamsburg,VA,1,,,,,,"24,33","34,38"
ncaab:401365570,ncaab,2022-02-18T00:00Z,final,236,2430,Chattanooga,UNC Greensboro,70,73,,,,0,,,,,,,,,,2,,0,Chattanooga,TN,1,206,,,,-5.0,"29,41","30,43"
ncaab:401367507,ncaab,2022-02-18T00:00Z,final,324,6,Coastal,South Alabama,68,71,,,,0,,,,,,,,,,2,,0,Conway,SC,1,10,,,,-5.0,"28,40","31,40"
ncaab:401367508,ncaab,2022-02-18T00:00Z,final,2247,290,Georgia St,GA Southern,79,63,,,,0,,,,,,,,,,2,,0,Atlanta,GA,1,320,,,,-5.0,"32,47","29,34"
ncaab:401368328,ncaab,2022-02-18T00:00Z,final,2523,85,Robert Morris,IU Indy,56,66,,,,0,,,,,,,,,,2,,0,Moon Township,PA,1,358,,,,-5.0,"24,32","24,42"
ncaab:401368329,ncaab,2022-02-18T00:00Z,final,2754,82,Youngstown St,UIC,88,79,,,,0,,,,,,,,,,2,,0,Youngstown,OH,1,,,,,,"39,49","45,34"
ncaab:401370813,ncaab,2022-02-18T00:00Z,final,2803,2115,Bryant,C Connecticut,75,61,,,,0,,,,,,,,,,2,,0,Smithfield,RI,1,84,,,,-5.0,"36,39","28,33"
ncaab:401370854,ncaab,2022-02-18T00:00Z,final,2771,161,Merrimack,FDU,64,44,,,,0,,,,,,,,,,2,,0,North Andover,MA,1,29,,,,-5.0,"29,35","27,17"
ncaab:401370863,ncaab,2022-02-18T00:00Z,final,116,2597,Mount St Marys,St Francis BK,55,64,,,,0,,,,,,,,,,2,,0,Emmitsburg,MD,1,133,,,,-5.0,"29,26","29,35"
ncaab:401370871,ncaab,2022-02-18T00:00Z,final,2529,2681,Sacred Heart,Wagner,67,76,,,,0,,,,,,,,,,2,,0,Fairfield,CT,1,4,,,,-8.0,"37,30","33,43"
ncaab:401370890,ncaab,2022-02-18T00:00Z,final,2598,112358,Saint Francis,Long Island,63,81,,,,0,,,,,,,,,,2,,0,Loretto,PA,1,595,,,,-5.0,"31,32","44,37"
ncaab:401372700,ncaab,2022-02-18T00:00Z,final,2226,249,FAU,North Texas,51,54,,,,0,,,,,,,,,,2,,0,Boca Raton,FL,1,4,,,,-5.0,"26,25","26,28"
ncaab:401372741,ncaab,2022-02-18T00:00Z,final,276,295,Marshall,Old Dominion,67,63,,,,0,,,,,,,,,,2,,0,Huntington,WV,1,173,,,,-5.0,"32,35","29,34"
ncaab:401372764,ncaab,2022-02-18T00:00Z,final,2229,2393,FIU,MTSU,65,71,,,,0,,,,,,,,,,2,,0,Miami,FL,1,2,,,,-5.0,"33,32","37,34"
ncaab:401373209,ncaab,2022-02-18T00:00Z,final,93,2046,Murray St,Austin Peay,91,56,,,,0,,,,,,,,,,2,,0,Murray,KY,1,163,,,,-6.0,"49,42","23,33"
ncaab:401377763,ncaab,2022-02-18T00:00Z,final,2132,2724,Cincinnati,Wichita St,85,76,,,,0,,,,,,,,,,2,,0,Cincinnati,OH,1,191,,,,-5.0,"42,43","35,41"
ncaab:401405746,ncaab,2022-02-18T00:00Z,final,58,151,South Florida,East Carolina,57,65,,,,0,,,,,,,,,,2,,0,Tampa,FL,1,,,,,,"28,29","29,36"
ncaab:401408136,ncaab,2022-02-18T00:00Z,final,2006,2459,Akron,N Illinois,63,66,,,,0,,,,,,,,,,2,,0,Akron,OH,1,291,,,,-5.0,"25,38","22,44"
ncaab:401367509,ncaab,2022-02-18T00:30Z,final,2433,309,UL Monroe,Louisiana,77,78,,,,0,,,,,,,,,,2,,0,Monroe,LA,1,23,,,,-6.0,"31,46","41,37"
ncaab:401371528,ncaab,2022-02-18T00:30Z,final,2534,2000,Sam Houston,Abilene Chrstn,75,71,,,,0,,,,,,,,,,2,,0,Huntsville,TX,1,113,,,,-6.0,"38,25,12","28,35,8"
ncaab:401372718,ncaab,2022-02-18T00:30Z,final,2348,2638,Louisiana Tech,UTEP,60,63,,,,0,,,,,,,,,,2,,0,Ruston,LA,1,102,,,,-6.0,"28,32","29,34"
ncaab:401377463,ncaab,2022-02-18T00:30Z,final,12,204,Arizona,Oregon St,83,69,,,,0,,,,,,,,,,2,,0,Tucson,AZ,1,,,,,,"44,39","42,27"
ncaab:401365571,ncaab,2022-02-18T01:00Z,final,2535,2678,Samford,VMI,100,99,,,,0,,,,,,,,,,2,,0,Homewood,AL,1,203,,,,-6.0,"39,49,12","42,46,11"
ncaab:401365705,ncaab,2022-02-18T01:00Z,final,2449,198,N Dakota St,Oral Roberts,77,59,,,,0,,,,,,,,,,2,,0,Fargo,ND,1,276,,,,-6.0,"39,38","34,25"
ncaab:401365706,ncaab,2022-02-18T01:00Z,final,2571,2710,S Dakota St,W Illinois,91,66,,,,0,,,,,,,,,,2,,0,Brookings,SD,1,494,,,,-6.0,"48,43","26,40"
ncaab:401365707,ncaab,2022-02-18T01:00Z,final,233,2900,South Dakota,St Thomas,81,60,,,,0,,,,,,,,,,2,,0,Vermillion,SD,1,,,,,,"37,44","23,37"
ncaab:401365708,ncaab,2022-02-18T01:00Z,final,155,140,North Dakota,Kansas City,65,80,,,,0,,,,,,,,,,2,,0,Grand Forks,ND,1,253,,,,-6.0,"26,39","45,35"
ncaab:401365710,ncaab,2022-02-18T01:00Z,final,2437,2172,Omaha,Denver,72,69,,,,0,,,,,,,,,,2,,0,Omaha,NE,1,323,,,,-6.0,"29,43","23,46"
ncaab:401367510,ncaab,2022-02-18T01:00Z,final,326,2032,Texas St,Arkansas St,84,67,,,,0,,,,,,,,,,2,,0,San Marcos,TX,1,188,,,,-6.0,"48,36","29,38"
ncaab:401367511,ncaab,2022-02-18T01:00Z,final,250,2031,UT Arlington,Little Rock,85,70,,,,0,,,,,,,,,,2,,0,Arlington,TX,1,184,,,,-6.0,"40,45","34,36"
ncaab:401371672,ncaab,2022-02-18T01:00Z,final,2447,2377,Nicholls,McNeese,82,73,,,,0,,,,,,,,,,2,,0,Thibodaux,LA,1,,,,,,"40,42","31,42"
ncaab:401372668,ncaab,2022-02-18T01:00Z,final,98,2429,Western KY,Charlotte,77,67,,,,0,,,,,,,,,,2,,0,Bowling Green,KY,1,161,,,,-6.0,"47,30","36,31"
ncaab:401372799,ncaab,2022-02-18T01:00Z,final,5,242,UAB,Rice,92,68,,,,0,,,,,,,,,,2,,0,Birmingham,AL,1,187,,,,-6.0,"39,53","25,43"
ncaab:401372816,ncaab,2022-02-18T01:00Z,final,2572,2636,Southern Miss,UTSA,79,98,,,,0,,,,,,,,,,2,,0,Hattiesburg,MS,1,52,,,,-6.0,"38,38,3","38,38,22"
ncaab:401373229,ncaab,2022-02-18T01:00Z,final,2057,2197,Belmont,E Illinois,81,57,,,,0,,,,,,,,,,2,,0,Nashville,TN,1,170,,,,-6.0,"31,50","20,37"
ncaab:401373726,ncaab,2022-02-18T01:00Z,void,302,13,UC Davis,Cal Poly,,,,,,0,,,,,,,,,,2,,0,Davis,CA,1,16,,,,-8.0,,
ncaab:401371671,ncaab,2022-02-18T01:30Z,final,2916,2466,Incarnate Word,N'Western St,64,88,,,,0,,,,,,,,,,2,,0,San Antonio,TX,1,198,,,,-6.0,"40,24","42,46"
ncaab:401371673,ncaab,2022-02-18T01:30Z,final,357,2545,Texas A&M-CC,SE Louisiana,74,83,,,,0,,,,,,,,,,2,,0,Corpus Christi,TX,1,2,,,,-6.0,"32,42","41,42"
ncaab:401373286,ncaab,2022-02-18T01:30Z,final,2634,2565,Tennessee St,SIUE,81,65,,,,0,,,,,,,,,,2,,0,Nashville,TN,1,170,,,,-6.0,"44,37","31,34"
ncaab:401373305,ncaab,2022-02-18T01:30Z,final,2635,2546,Tennessee Tech,SE Missouri,98,94,,,,0,,,,,,,,,,2,,0,Cookeville,TN,1,334,,,,-6.0,"44,54","40,54"
ncaab:401370772,ncaab,2022-02-18T02:00Z,final,2272,2344,High Point,Longwood,71,78,,,,0,,,,,,,,,,2,,0,High Point,NC,1,281,,,,-5.0,"35,36","45,33"
ncaab:401372429,ncaab,2022-02-18T02:00Z,final,331,147,E Washington,Montana St,88,86,,,,0,,,,,,,,,,2,,0,Cheney,WA,1,717,,,,-8.0,"41,33,14","38,36,12"
ncaab:401372454,ncaab,2022-02-18T02:00Z,final,70,149,Idaho,Montana,82,76,,,,0,,,,,,,,,,2,,0,Moscow,ID,1,786,,,,-8.0,"34,48","42,34"
ncaab:401372499,ncaab,2022-02-18T02:00Z,final,304,2458,Idaho St,N Colorado,61,58,,,,0,,,,,,,,,,2,,0,Pocatello,ID,1,1360,,,,-7.0,"33,28","29,29"
ncaab:401372616,ncaab,2022-02-18T02:00Z,final,2692,16,Weber St,Sacramento St,65,50,,,,0,,,,,,,,,,2,,0,Ogden,UT,1,1311,,,,-7.0,"34,31","35,15"
ncaab:401377464,ncaab,2022-02-18T02:00Z,final,9,2483,Arizona St,Oregon,81,57,,,,0,,,,,,,,,,2,,0,Tempe,AZ,1,,,,,,"36,45","30,27"
ncaab:401377762,ncaab,2022-02-18T02:00Z,final,248,2116,Houston,UCF,70,52,,,,0,,,,,,,,,,2,,0,Houston,TX,1,12,,,,-6.0,"31,39","25,27"
ncaab:401410965,ncaab,2022-02-18T02:00Z,final,167,36,New Mexico,Colorado St,68,83,,,,0,,,,,,,,,,2,,0,Albuquerque,NM,1,1511,,,,-7.0,"42,26","40,43"
ncaab:401377465,ncaab,2022-02-18T02:30Z,final,25,38,California,Colorado,62,70,,,,0,,,,,,,,,,2,,0,Berkeley,CA,1,52,,,,-8.0,"35,27","28,42"
ncaab:401371156,ncaab,2022-02-18T03:00Z,final,2351,2541,LMU,Santa Clara,80,84,,,,0,,,,,,,,,,2,,0,Los Angeles,CA,1,89,,,,-8.0,"34,46","35,49"
ncaab:401371238,ncaab,2022-02-18T03:00Z,final,2501,301,Portland,San Diego,92,60,,,,0,,,,,,,,,,2,,0,Portland,OR,1,12,,,,-8.0,"44,48","33,27"
ncaab:401372583,ncaab,2022-02-18T03:00Z,final,2502,2464,Portland St,N Arizona,68,67,,,,0,,,,,,,,,,2,,0,Portland,OR,1,12,,,,-8.0,"34,34","25,42"
ncaab:401373727,ncaab,2022-02-18T03:00Z,final,2540,2239,Santa Barbara,Fullerton,58,67,,,,0,,,,,,,,,,2,,0,Santa Barbara,CA,1,15,,,,-8.0,"27,31","27,40"
ncaab:401373728,ncaab,2022-02-18T03:00Z,final,2463,299,CSU Northridge,Long Beach St,59,72,,,,0,,,,,,,,,,2,,0,Northridge,CA,1,246,,,,-8.0,"29,30","40,32"
ncaab:401373729,ncaab,2022-02-18T03:00Z,final,28,62,UC San Diego,Hawai'i,53,65,,,,0,,,,,,,,,,2,,0,San Diego,CA,1,20,,,,-8.0,"20,33","30,35"
ncaab:401373730,ncaab,2022-02-18T03:00Z,final,27,2934,UC Riverside,Bakersfield,79,69,,,,0,,,,,,,,,,2,,0,Riverside,CA,1,252,,,,-8.0,"36,43","25,44"
ncaab:401398908,ncaab,2022-02-18T03:00Z,final,305,156,DePaul,Creighton,59,71,,,,0,,,,,,,,,,2,,0,Chicago,IL,1,179,,,,-6.0,"31,28","33,38"
ncaab:401410451,ncaab,2022-02-18T03:00Z,final,2608,2539,Saint Mary's,San Francisco,69,64,,,,0,,,,,,,,,,2,,0,Moraga,CA,1,152,,,,-8.0,"38,31","33,31"
ncaab:401377466,ncaab,2022-02-18T04:00Z,final,24,254,Stanford,Utah,56,60,,,,0,,,,,,,,,,2,,0,Stanford,CA,1,23,,,,-8.0,"28,28","21,39"
ncaab:401377467,ncaab,2022-02-18T04:00Z,final,26,265,UCLA,Washington St,76,56,,,,0,,,,,,,,,,2,,0,Los Angeles,CA,1,89,,,,-8.0,"39,37","29,27"
ncaab:401377468,ncaab,2022-02-18T04:30Z,final,30,264,USC,Washington,79,69,,,,0,,,,,,,,,,2,,0,Los Angeles,CA,1,89,,,,-8.0,"42,37","25,44"
ncaab:401410966,ncaab,2022-02-18T04:59Z,final,23,2440,San José St,Nevada,60,90,,,,0,,,,,,,,,,2,,0,San Jose,CA,1,26,,,,-8.0,"25,35","43,47"
ncaab:401402003,ncaab,2022-02-18T22:00Z,final,2599,2086,St John's,Butler,91,57,,,,0,,,,,,,,,,2,,0,Queens,NY,1,12,,,,-5.0,"46,45","30,27"
ncaab:401365169,ncaab,2022-02-19T00:00Z,final,2309,195,Kent State,Ohio,75,52,,,,0,,,,,,,,,,2,,0,Kent,OH,1,325,,,,-5.0,"45,30","15,37"
ncaab:401365379,ncaab,2022-02-19T00:00Z,final,2405,2520,Monmouth,Rider,60,58,,,,0,,,,,,,,,,2,,0,West Long Branch,NJ,1,,,,,,"27,33","29,29"
ncaab:401365380,ncaab,2022-02-19T00:00Z,final,2217,2612,Fairfield,Saint Peter's,59,70,,,,0,,,,,,,,,,2,,0,Bridgeport,CT,1,1,,,,-5.0,"29,30","36,34"
ncaab:401365381,ncaab,2022-02-19T00:00Z,final,2561,2368,Siena,Marist,53,62,,,,0,,,,,,,,,,2,,0,Albany,NY,1,45,,,,-5.0,"34,19","27,35"
ncaab:401365846,ncaab,2022-02-19T00:00Z,final,2670,257,VCU,Richmond,77,57,,,,0,,,,,,,,,,2,,0,Richmond,VA,1,64,,,,-5.0,"28,49","28,29"
ncaab:401368332,ncaab,2022-02-19T00:00Z,final,2174,94,Detroit Mercy,N Kentucky,60,52,,,,0,,,,,,,,,,2,,0,Detroit,MI,1,183,,,,-5.0,"20,40","20,32"
ncaab:401369761,ncaab,2022-02-19T00:00Z,final,108,171,Harvard,Columbia,62,54,,,,0,,,,,,,,,,2,,0,Cambridge,MA,1,5,,,,-5.0,"35,27","26,28"
ncaab:401369762,ncaab,2022-02-19T00:00Z,final,159,172,Dartmouth,Cornell,71,59,,,,0,,,,,,,,,,2,,0,Hanover,NH,1,162,,,,-5.0,"22,49","24,35"
ncaab:401369763,ncaab,2022-02-19T00:00Z,final,43,219,Yale,Penn,81,72,,,,0,,,,,,,,,,2,,0,New Haven,CT,1,18,,,,-5.0,"36,45","32,40"
ncaab:401369764,ncaab,2022-02-19T00:00Z,final,225,163,Brown,Princeton,50,69,,,,0,,,,,,,,,,2,,0,Providence,RI,1,2,,,,-5.0,"24,26","34,35"
ncaab:401368330,ncaab,2022-02-19T01:00Z,final,270,325,Milwaukee,Cleveland St,61,78,,,,0,,,,,,,,,,2,,0,Milwaukee,WI,1,188,,,,-6.0,"25,36","42,36"
ncaab:401368331,ncaab,2022-02-19T01:00Z,final,2739,2870,Green Bay,Purdue FW,55,74,,,,0,,,,,,,,,,2,,0,Green Bay,WI,1,180,,,,-6.0,"23,32","33,41"
ncaab:401364447,ncaab,2022-02-19T02:00Z,final,158,120,Nebraska,Maryland,74,90,,,,0,,,,,,,,,,2,,0,Lincoln,NE,1,367,,,,-6.0,"40,34","42,48"
ncaab:401368333,ncaab,2022-02-19T02:00Z,final,2473,2750,Oakland,Wright St,74,78,,,,0,,,,,,,,,,2,,0,Rochester,MI,1,229,,,,-5.0,"35,39","34,44"
ncaab:401364942,ncaab,2022-02-19T02:30Z,final,344,142,Mississippi St,Missouri,68,49,,,,0,,,,,,,,,,2,,0,Starkville,MS,1,101,,,,-6.0,"34,34","23,26"
ncaab:401364448,ncaab,2022-02-19T17:00Z,final,127,356,Michigan St,Illinois,74,79,,,,0,,,,,,,,,,2,,0,East Lansing,MI,1,261,,,,-5.0,"22,52","34,45"
ncaab:401365573,ncaab,2022-02-19T17:00Z,final,231,2747,Furman,Wofford,70,69,,,,0,,,,,,,,,,2,,0,Greenville,SC,1,307,,,,-5.0,"35,35","23,46"
ncaab:401365851,ncaab,2022-02-19T17:00Z,final,113,2325,UMass,La Salle,80,74,,,,0,,,,,,,,,,2,,0,Amherst,MA,1,82,,,,-5.0,"40,40","28,46"
ncaab:401368418,ncaab,2022-02-19T17:00Z,final,239,2628,Baylor,TCU,72,62,,,,0,,,,,,,,,,2,,0,Waco,TX,1,,,,,,"33,39","23,39"
ncaab:401369699,ncaab,2022-02-19T17:00Z,final,261,2378,Vermont,UMBC,86,59,,,,0,,,,,,,,,,2,,0,Burlington,VT,1,61,,,,-5.0,"46,40","27,32"
ncaab:401370014,ncaab,2022-02-19T17:00Z,final,183,103,Syracuse,Boston College,76,56,,,,0,,,,,,,,,,2,,0,Syracuse,NY,1,,,,,,"36,40","21,35"
ncaab:401373107,ncaab,2022-02-19T17:00Z,final,2426,107,Navy,Holy Cross,50,55,,,,0,,,,,,,,,,2,,0,Annapolis,MD,1,12,,,,-5.0,"26,24","29,26"
ncaab:401373596,ncaab,2022-02-19T17:00Z,final,41,2752,UConn,Xavier,72,61,,,,0,,,,,,,,,,2,,0,Storrs,CT,1,,,,,,"44,28","27,34"
ncaab:401377764,ncaab,2022-02-19T17:00Z,final,58,202,South Florida,Tulsa,57,65,,,,0,,,,,,,,,,2,,0,Tampa,FL,1,,,,,,"27,30","32,33"
ncaab:401368421,ncaab,2022-02-19T17:30Z,final,251,2641,Texas,Texas Tech,55,61,,,,0,,,,,,,,,,2,,0,Austin,TX,1,149,,,,-6.0,"28,27","28,33"
ncaab:401364938,ncaab,2022-02-19T18:00Z,final,96,333,Kentucky,Alabama,90,81,,,,0,,,,,,,,,,2,,0,Lexington,KY,1,295,,,,-5.0,"47,43","46,35"
ncaab:401364939,ncaab,2022-02-19T18:00Z,final,61,145,Georgia,Ole Miss,68,85,,,,0,,,,,,,,,,2,,0,Athens,GA,1,228,,,,-5.0,"38,30","42,43"
ncaab:401365382,ncaab,2022-02-19T18:00Z,final,2099,315,Canisius,Niagara,54,65,,,,0,,,,,,,,,,2,,0,Buffalo,NY,1,183,,,,-5.0,"21,33","33,32"
ncaab:401365572,ncaab,2022-02-19T18:00Z,final,2643,2193,The Citadel,ETSU,67,77,,,,0,,,,,,,,,,2,,0,Charleston,SC,1,6,,,,-5.0,"45,22","47,30"
ncaab:401365848,ncaab,2022-02-19T18:00Z,final,2603,2168,Saint Joseph's,Dayton,62,74,,,,0,,,,,,,,,,2,,0,Philadelphia,PA,1,12,,,,-5.0,"30,32","38,36"
ncaab:401367409,ncaab,2022-02-19T18:00Z,final,282,79,Indiana St,S Illinois,72,76,,,,0,,,,,,,,,,2,,0,Terre Haute,IN,1,,,,,,"37,35","32,44"
ncaab:401370070,ncaab,2022-02-19T18:00Z,final,154,87,Wake Forest,Notre Dame,79,74,,,,0,,,,,,,,,,2,,0,Winston-Salem,NC,1,,,,,,"35,44","41,33"
ncaab:401370814,ncaab,2022-02-19T18:00Z,final,2803,161,Bryant,FDU,105,93,,,,0,,,,,,,,,,2,,0,Smithfield,RI,1,84,,,,-5.0,"57,48","47,46"
ncaab:401370900,ncaab,2022-02-19T18:00Z,final,2681,2115,Wagner,C Connecticut,78,68,,,,0,,,,,,,,,,2,,0,Staten Island,NY,1,21,,,,-5.0,"32,46","26,42"
ncaab:401372817,ncaab,2022-02-19T18:00Z,final,2572,2638,Southern Miss,UTEP,70,84,,,,0,,,,,,,,,,2,,0,Hattiesburg,MS,1,52,,,,-6.0,"32,38","42,42"
ncaab:401381725,ncaab,2022-02-19T18:30Z,final,2142,104,Colgate,Boston U,72,53,,,,0,,,,,,,,,,2,,0,Hamilton,NY,1,181,,,,-5.0,"27,45","30,23"
ncaab:401364944,ncaab,2022-02-19T19:00Z,final,57,2,Florida,Auburn,63,62,,,,0,,,,,,,,,,2,,0,Gainesville,FL,1,54,,,,-5.0,"22,41","21,41"
ncaab:401365487,ncaab,2022-02-19T19:00Z,final,2275,111,Hofstra,Northeastern,76,73,,,,0,,,,,,,,,,2,,0,Hempstead,NY,1,17,,,,-5.0,"29,47","32,41"
ncaab:401365574,ncaab,2022-02-19T19:00Z,final,2717,2382,W Carolina,Mercer,69,65,,,,0,,,,,,,,,,2,,0,Cullowhee,NC,1,645,,,,-5.0,"29,40","33,32"
ncaab:401365709,ncaab,2022-02-19T19:00Z,final,2449,140,N Dakota St,Kansas City,71,85,,,,0,,,,,,,,,,2,,0,Fargo,ND,1,276,,,,-6.0,"39,32","38,47"
ncaab:401365711,ncaab,2022-02-19T19:00Z,final,155,198,North Dakota,Oral Roberts,73,87,,,,0,,,,,,,,,,2,,0,Grand Forks,ND,1,253,,,,-6.0,"33,40","35,52"
ncaab:401367407,ncaab,2022-02-19T19:00Z,final,71,2287,Bradley,Illinois St,72,64,,,,0,,,,,,,,,,2,,0,Peoria,IL,1,153,,,,-6.0,"31,41","32,32"
ncaab:401367410,ncaab,2022-02-19T19:00Z,final,339,2674,Evansville,Valparaiso,56,72,,,,0,,,,,,,,,,2,,0,Evansville,IN,1,118,,,,-6.0,"23,33","39,33"
ncaab:401368334,ncaab,2022-02-19T19:00Z,final,2754,85,Youngstown St,IU Indy,74,61,,,,0,,,,,,,,,,2,,0,Youngstown,OH,1,,,,,,"43,31","26,35"
ncaab:401368417,ncaab,2022-02-19T19:00Z,final,66,201,Iowa State,Oklahoma,75,54,,,,0,,,,,,,,,,2,,0,Ames,IA,1,287,,,,-6.0,"40,35","25,29"
ncaab:401368419,ncaab,2022-02-19T19:00Z,final,197,2306,Oklahoma St,Kansas St,82,79,,,,0,,,,,,,,,,2,,0,Stillwater,OK,1,,,,,,"37,29,16","35,31,13"
ncaab:401370778,ncaab,2022-02-19T19:00Z,final,2515,2272,Radford,High Point,66,64,,,,0,,,,,,,,,,2,,0,Radford,VA,1,567,,,,-5.0,"35,31","32,32"
ncaab:401373348,ncaab,2022-02-19T19:00Z,final,44,349,American,Army,83,67,,,,0,,,,,,,,,,2,,0,Washington,DC,1,,,,,,"35,48","33,34"
ncaab:401378601,ncaab,2022-02-19T19:00Z,final,47,2415,Howard,Morgan St,68,66,,,,1,,,,,,,,,,2,,0,Cleveland,OH,1,199,,,,-5.0,"28,40","37,29"
ncaab:401414550,ncaab,2022-02-19T19:30Z,final,194,2294,Ohio State,Iowa,62,75,,,,0,,,,,,,,,,2,,0,Columbus,OH,1,235,,,,-5.0,"38,24","39,36"
ncaab:401365173,ncaab,2022-02-19T20:00Z,final,2199,2006,E Michigan,Akron,48,67,,,,0,,,,,,,,,,2,,0,Ypsilanti,MI,1,,,,,,"24,24","39,28"
ncaab:401365575,ncaab,2022-02-19T20:00Z,final,2535,2430,Samford,UNC Greensboro,55,49,,,,0,,,,,,,,,,2,,0,Homewood,AL,1,203,,,,-6.0,"33,22","24,25"
ncaab:401365713,ncaab,2022-02-19T20:00Z,final,2571,2900,S Dakota St,St Thomas,79,60,,,,0,,,,,,,,,,2,,0,Brookings,SD,1,494,,,,-6.0,"39,40","30,30"
ncaab:401367514,ncaab,2022-02-19T20:00Z,final,290,2247,GA Southern,Georgia St,49,58,,,,0,,,,,,,,,,2,,0,Statesboro,GA,1,77,,,,-5.0,"28,21","21,37"
ncaab:401367517,ncaab,2022-02-19T20:00Z,final,250,2032,UT Arlington,Arkansas St,49,58,,,,0,,,,,,,,,,2,,0,Arlington,TX,1,184,,,,-6.0,"22,27","26,32"
ncaab:401370120,ncaab,2022-02-19T20:00Z,final,97,228,Louisville,Clemson,70,61,,,,0,,,,,,,,,,2,,0,Louisville,KY,1,142,,,,-5.0,"28,42","27,34"
ncaab:401370855,ncaab,2022-02-19T20:00Z,final,2771,2529,Merrimack,Sacred Heart,80,79,,,,0,,,,,,,,,,2,,0,North Andover,MA,1,29,,,,-5.0,"43,37","40,39"
ncaab:401371531,ncaab,2022-02-19T20:00Z,final,2130,2627,Chicago St,Tarleton St,60,79,,,,0,,,,,,,,,,2,,0,Chicago,IL,1,179,,,,-6.0,"23,37","42,37"
ncaab:401364940,ncaab,2022-02-19T20:30Z,final,2579,99,South Carolina,LSU,77,75,,,,0,,,,,,,,,,2,,0,Columbia,SC,1,89,,,,-5.0,"36,41","42,33"
ncaab:401365847,ncaab,2022-02-19T20:30Z,final,2166,139,Davidson,Saint Louis,79,58,,,,0,,,,,,,,,,2,,0,Davidson,NC,1,256,,,,-5.0,"41,38","28,30"
ncaab:401364450,ncaab,2022-02-19T21:00Z,final,135,77,Minnesota,Northwestern,77,60,,,,0,,,,,,,,,,2,,0,Minneapolis,MN,1,253,,,,-6.0,"43,34","27,33"
ncaab:401364783,ncaab,2022-02-19T21:00Z,final,2751,2005,Wyoming,Air Force,75,67,,,,0,,,,,,,,,,2,,0,Laramie,WY,1,2184,,,,-7.0,"30,45","26,41"
ncaab:401364943,ncaab,2022-02-19T21:00Z,final,8,2633,Arkansas,Tennessee,58,48,,,,0,,,,,,,,,,2,,0,Fayetteville,AR,1,427,,,,-6.0,"24,34","23,25"
ncaab:401365172,ncaab,2022-02-19T21:00Z,final,2084,2711,Buffalo,W Michigan,87,73,,,,0,,,,,,,,,,2,,0,Buffalo,NY,1,183,,,,-5.0,"33,54","38,35"
ncaab:401365483,ncaab,2022-02-19T21:00Z,final,232,119,Charleston,Towson,77,80,,,,0,,,,,,,,,,2,,0,Charleston,SC,1,6,,,,-5.0,"41,36","34,46"
ncaab:401365484,ncaab,2022-02-19T21:00Z,final,2729,48,William & Mary,Delaware,69,73,,,,0,,,,,,,,,,2,,0,Williamsburg,VA,1,,,,,,"34,35","32,41"
ncaab:401365485,ncaab,2022-02-19T21:00Z,final,2210,2182,Elon,Drexel,60,71,,,,0,,,,,,,,,,2,,0,Elon,NC,1,215,,,,-5.0,"21,39","32,39"
ncaab:401365576,ncaab,2022-02-19T21:00Z,final,236,2678,Chattanooga,VMI,75,80,,,,0,,,,,,,,,,2,,0,Chattanooga,TN,1,206,,,,-5.0,"29,46","37,43"
ncaab:401367513,ncaab,2022-02-19T21:00Z,final,324,2653,Coastal,Troy,73,63,,,,0,,,,,,,,,,2,,0,Conway,SC,1,10,,,,-5.0,"33,40","36,27"
ncaab:401369700,ncaab,2022-02-19T21:00Z,final,399,160,UAlbany,New Hampshire,70,65,,,,0,,,,,,,,,,2,,0,Albany,NY,1,45,,,,-5.0,"33,37","32,33"
ncaab:401370034,ncaab,2022-02-19T21:00Z,final,259,153,Virginia Tech,North Carolina,57,65,,,,0,,,,,,,,,,2,,0,Blacksburg,VA,1,633,,,,-5.0,"30,27","38,27"
ncaab:401370776,ncaab,2022-02-19T21:00Z,final,2506,2241,Presbyterian,Gardner-Webb,68,76,,,,0,,,,,,,,,,2,,0,Clinton,SC,1,76,,,,-5.0,"26,42","32,44"
ncaab:401370864,ncaab,2022-02-19T21:00Z,final,116,112358,Mount St Marys,Long Island,61,66,,,,0,,,,,,,,,,2,,0,Emmitsburg,MD,1,133,,,,-5.0,"26,35","33,33"
ncaab:401370891,ncaab,2022-02-19T21:00Z,final,2598,2597,Saint Francis,St Francis BK,72,80,,,,0,,,,,,,,,,2,,0,Loretto,PA,1,595,,,,-5.0,"27,39,6","29,37,14"
ncaab:401371532,ncaab,2022-02-19T21:00Z,final,2320,2617,Lamar,SF Austin,56,70,,,,0,,,,,,,,,,2,,0,Beaumont,TX,1,5,,,,-6.0,"22,34","30,40"
ncaab:401371533,ncaab,2022-02-19T21:00Z,final,2547,2856,Seattle U,CA Baptist,67,64,,,,0,,,,,,,,,,2,,0,Seattle,WA,1,56,,,,-8.0,"25,42","23,41"
ncaab:401371675,ncaab,2022-02-19T21:00Z,final,2447,2277,Nicholls,Hou Christian,84,70,,,,0,,,,,,,,,,2,,0,Thibodaux,LA,1,,,,,,"41,43","26,44"
ncaab:401372541,ncaab,2022-02-19T21:00Z,final,253,147,Southern Utah,Montana St,71,76,,,,0,,,,,,,,,,2,,0,Cedar City,UT,1,1782,,,,-7.0,"32,39","33,43"
ncaab:401372701,ncaab,2022-02-19T21:00Z,final,2226,2393,FAU,MTSU,79,87,,,,0,,,,,,,,,,2,,0,Boca Raton,FL,1,4,,,,-5.0,"36,43","40,47"
ncaab:401372775,ncaab,2022-02-19T21:00Z,final,5,249,UAB,North Texas,57,58,,,,0,,,,,,,,,,2,,0,Birmingham,AL,1,187,,,,-6.0,"27,30","25,33"
ncaab:401373128,ncaab,2022-02-19T21:00Z,final,2016,2296,Alcorn St,Jackson St,61,60,,,,0,,,,,,,,,,2,,0,Lorman,MS,1,66,,,,-6.0,"30,31","34,26"
ncaab:401373230,ncaab,2022-02-19T21:00Z,final,2634,2197,Tennessee St,E Illinois,63,49,,,,0,,,,,,,,,,2,,0,Nashville,TN,1,170,,,,-6.0,"23,40","26,23"
ncaab:401373251,ncaab,2022-02-19T21:00Z,final,2413,2546,Morehead St,SE Missouri,84,92,,,,0,,,,,,,,,,2,,0,Morehead,KY,1,153,,,,-6.0,"39,45","41,51"
ncaab:401373731,ncaab,2022-02-19T21:00Z,final,300,62,UC Irvine,Hawai'i,77,52,,,,0,,,,,,,,,,2,,0,Irvine,CA,1,17,,,,-8.0,"32,45","23,29"
ncaab:401381762,ncaab,2022-02-19T21:00Z,final,2065,2010,Bethune,Alabama A&M,60,62,,,,0,,,,,,,,,,2,,0,Daytona Beach,FL,1,4,,,,-5.0,"32,28","28,34"
ncaab:401386002,ncaab,2022-02-19T21:00Z,final,2083,322,Bucknell,Lafayette,92,89,,,,0,,,,,,,,,,2,,0,Lewisburg,PA,1,144,,,,-5.0,"44,39,9","33,50,6"
ncaab:401373061,ncaab,2022-02-19T21:25Z,final,2428,2169,NC Central,Delaware St,84,79,,,,0,,,,,,,,,,2,,0,Durham,NC,1,123,,,,-5.0,"27,46,11","31,42,6"
ncaab:401373080,ncaab,2022-02-19T21:26Z,final,2569,2379,SC State,MD Eastern,70,63,,,,0,,,,,,,,,,2,,0,Orangeburg,SC,1,74,,,,-5.0,"34,36","39,24"
ncaab:401373149,ncaab,2022-02-19T21:26Z,final,50,2011,Florida A&M,Alabama St,86,83,,,,0,,,,,,,,,,2,,0,Tallahassee,FL,1,,,,,,"35,39,12","27,47,9"
ncaab:401365170,ncaab,2022-02-19T21:30Z,final,2459,193,N Illinois,Miami OH,75,78,,,,0,,,,,,,,,,2,,0,Dekalb,IL,1,268,,,,-6.0,"38,37","37,41"
ncaab:401367512,ncaab,2022-02-19T21:30Z,final,2026,6,App State,South Alabama,69,51,,,,0,,,,,,,,,,2,,0,Boone,NC,1,981,,,,-5.0,"30,39","19,32"
ncaab:401369314,ncaab,2022-02-19T21:30Z,final,2453,288,North Alabama,Lipscomb,72,75,,,,0,,,,,,,,,,2,,0,Florence,AL,1,167,,,,-6.0,"40,32","23,52"
ncaab:401370774,ncaab,2022-02-19T21:30Z,final,2097,2448,Campbell,NC A&T,64,63,,,,0,,,,,,,,,,2,,0,Buies Creek,NC,1,63,,,,-5.0,"29,35","30,33"
ncaab:401370779,ncaab,2022-02-19T21:30Z,final,2427,2737,UNC Asheville,Winthrop,79,84,,,,0,,,,,,,,,,2,,0,Asheville,NC,1,649,,,,-5.0,"35,44","37,47"
ncaab:401373294,ncaab,2022-02-19T21:30Z,final,2630,93,UT Martin,Murray St,60,62,,,,0,,,,,,,,,,2,,0,Martin,TN,1,124,,,,-6.0,"33,27","27,35"
ncaab:401373782,ncaab,2022-02-19T21:50Z,final,2154,2450,Coppin St,Norfolk St,59,89,,,,0,,,,,,,,,,2,,0,Baltimore,MD,1,10,,,,-5.0,"23,36","35,54"
ncaab:401365171,ncaab,2022-02-19T22:00Z,final,189,2050,Bowling Green,Ball State,82,91,,,,0,,,,,,,,,,2,,0,Bowling Green,OH,1,212,,,,-5.0,"44,38","46,45"
ncaab:401365712,ncaab,2022-02-19T22:00Z,final,233,2710,South Dakota,W Illinois,78,65,,,,0,,,,,,,,,,2,,0,Vermillion,SD,1,,,,,,"35,43","35,30"
ncaab:401367516,ncaab,2022-02-19T22:00Z,final,326,2031,Texas St,Little Rock,68,50,,,,0,,,,,,,,,,2,,0,San Marcos,TX,1,188,,,,-6.0,"31,37","26,24"
ncaab:401369315,ncaab,2022-02-19T22:00Z,final,2454,526,North Florida,FGCU,70,64,,,,0,,,,,,,,,,2,,0,Jacksonville,FL,1,5,,,,-5.0,"38,32","26,38"
ncaab:401369697,ncaab,2022-02-19T22:00Z,final,2349,2066,UMass Lowell,Binghamton,64,78,,,,0,,,,,,,,,,2,,0,Lowell,MA,1,36,,,,-5.0,"32,32","34,44"
ncaab:401370089,ncaab,2022-02-19T22:00Z,final,2390,258,Miami,Virginia,71,74,,,,0,,,,,,,,,,2,,0,Coral Gables,FL,1,3,,,,-5.0,"38,33","30,44"
ncaab:401371674,ncaab,2022-02-19T22:00Z,final,2443,2377,LSU N Orleans,McNeese,88,75,,,,0,,,,,,,,,,2,,0,New Orleans,LA,1,0,,,,-6.0,"44,44","27,48"
ncaab:401373210,ncaab,2022-02-19T22:00Z,final,2046,2635,Austin Peay,Tennessee Tech,69,73,,,,0,,,,,,,,,,2,,0,Clarksville,TN,1,145,,,,-6.0,"31,38","39,34"
ncaab:401373270,ncaab,2022-02-19T22:00Z,final,2057,2565,Belmont,SIUE,73,62,,,,0,,,,,,,,,,2,,0,Nashville,TN,1,170,,,,-6.0,"37,36","32,30"
ncaab:401373598,ncaab,2022-02-19T22:00Z,final,222,46,Villanova,Georgetown,74,66,,,,0,,,,,,,,,,2,,0,Villanova,PA,1,,,,,,"32,42","22,44"
ncaab:401373866,ncaab,2022-02-19T22:00Z,final,2916,2545,Incarnate Word,SE Louisiana,92,84,,,,0,,,,,,,,,,2,,0,San Antonio,TX,1,198,,,,-6.0,"38,54","49,35"
ncaab:401382732,ncaab,2022-02-19T22:00Z,final,2400,2640,Miss Valley St,Texas Southern,59,79,,,,0,,,,,,,,,,2,,0,Itta Bena,MS,1,40,,,,-6.0,"34,25","30,49"
ncaab:401369698,ncaab,2022-02-19T22:30Z,final,2619,42,Stony Brook,Hartford,88,82,,,,0,,,,,,,,,,2,,0,Stony Brook,NY,1,,,,,,"42,46","30,52"
ncaab:401370775,ncaab,2022-02-19T22:30Z,final,2127,2908,Charleston So,SC Upstate,73,78,,,,0,,,,,,,,,,2,,0,Charleston,SC,1,6,,,,-5.0,"38,27,8","28,37,13"
ncaab:401364784,ncaab,2022-02-19T23:00Z,final,68,328,Boise St,Utah State,68,57,,,,0,,,,,,,,,,2,,0,Boise,ID,1,823,,,,-7.0,"29,39","30,27"
ncaab:401364941,ncaab,2022-02-19T23:00Z,final,238,245,Vanderbilt,Texas A&M,72,67,,,,0,,,,,,,,,,2,,0,Nashville,TN,1,170,,,,-6.0,"28,44","27,40"
ncaab:401365849,ncaab,2022-02-19T23:00Z,final,179,2184,St Bonaventure,Duquesne,81,55,,,,0,,,,,,,,,,2,,0,Saint Bonaventure,NY,1,435,,,,-5.0,"39,42","22,33"
ncaab:401365850,ncaab,2022-02-19T23:00Z,final,45,227,G Washington,Rhode Island,72,61,,,,0,,,,,,,,,,2,,0,Washington,DC,1,,,,,,"44,28","30,31"
ncaab:401367408,ncaab,2022-02-19T23:00Z,final,2350,2181,Loyola Chicago,Drake,76,83,,,,0,,,,,,,,,,2,,0,Chicago,IL,1,179,,,,-6.0,"31,45","43,40"
ncaab:401369312,ncaab,2022-02-19T23:00Z,final,294,338,Jacksonville,Kennesaw St,59,56,,,,0,,,,,,,,,,2,,0,Jacksonville,FL,1,5,,,,-5.0,"33,26","26,30"
ncaab:401369767,ncaab,2022-02-19T23:00Z,final,225,219,Brown,Penn,88,89,,,,0,,,,,,,,,,2,,0,Providence,RI,1,2,,,,-5.0,"46,42","39,50"
ncaab:401369868,ncaab,2022-02-19T23:00Z,final,150,52,Duke,Florida St,88,70,,,,0,,,,,,,,,,2,,0,Durham,NC,1,123,,,,-5.0,"52,36","41,29"
ncaab:401371676,ncaab,2022-02-19T23:00Z,final,357,2466,Texas A&M-CC,N'Western St,83,76,,,,0,,,,,,,,,,2,,0,Corpus Christi,TX,1,2,,,,-6.0,"35,48","36,40"
ncaab:401377469,ncaab,2022-02-19T23:00Z,final,25,254,California,Utah,58,60,,,,0,,,,,,,,,,2,,0,Berkeley,CA,1,52,,,,-8.0,"24,34","32,28"
ncaab:401372430,ncaab,2022-02-19T23:30Z,final,70,331,Idaho,E Washington,83,80,,,,0,,,,,,,,,,2,,0,Moscow,ID,1,786,,,,-8.0,"40,43","40,40"
ncaab:401373170,ncaab,2022-02-19T23:30Z,final,2582,2755,Southern,Grambling,57,61,,,,0,,,,,,,,,,2,,0,Baton Rouge,LA,1,14,,,,-6.0,"31,26","23,38"
ncaab:401373184,ncaab,2022-02-19T23:30Z,final,2029,2504,AR-Pine Bluff,Prairie View,84,92,,,,0,,,,,,,,,,2,,0,Pine Bluff,AR,1,67,,,,-6.0,"33,51","46,46"
ncaab:401365174,ncaab,2022-02-20T00:00Z,final,2649,2117,Toledo,C Michigan,68,66,,,,0,,,,,,,,,,2,,0,Toledo,OH,1,,,,,,"29,39","31,35"
ncaab:401365486,ncaab,2022-02-20T00:00Z,final,350,256,UNC Wilmington,James Madison,78,77,,,,0,,,,,,,,,,2,,0,Wilmington,NC,1,,,,,,"39,32,7","37,34,6"
ncaab:401368335,ncaab,2022-02-20T00:00Z,final,2523,82,Robert Morris,UIC,88,96,,,,0,,,,,,,,,,2,,0,Moon Township,PA,1,358,,,,-5.0,"44,39,5","45,38,13"
ncaab:401369313,ncaab,2022-02-20T00:00Z,final,2335,56,Liberty,Stetson,88,82,,,,0,,,,,,,,,,2,,0,Lynchburg,VA,1,192,,,,-5.0,"40,48","33,49"
ncaab:401369765,ncaab,2022-02-20T00:00Z,final,159,171,Dartmouth,Columbia,79,50,,,,0,,,,,,,,,,2,,0,Hanover,NH,1,162,,,,-5.0,"49,30","30,20"
ncaab:401369766,ncaab,2022-02-20T00:00Z,final,108,172,Harvard,Cornell,77,72,,,,0,,,,,,,,,,2,,0,Cambridge,MA,1,5,,,,-5.0,"43,22,12","26,39,7"
ncaab:401369768,ncaab,2022-02-20T00:00Z,final,43,163,Yale,Princeton,75,81,,,,0,,,,,,,,,,2,,0,New Haven,CT,1,18,,,,-5.0,"44,31","44,37"
ncaab:401369995,ncaab,2022-02-20T00:00Z,final,221,59,Pitt,Georgia Tech,62,68,,,,0,,,,,,,,,,2,,0,Pittsburgh,PA,1,233,,,,-5.0,"28,34","37,31"
ncaab:401370777,ncaab,2022-02-20T00:00Z,final,2344,2261,Longwood,Hampton,76,72,,,,0,,,,,,,,,,2,,0,Farmville,VA,1,90,,,,-5.0,"34,42","35,37"
ncaab:401372669,ncaab,2022-02-20T00:00Z,final,276,2429,Marshall,Charlotte,84,99,,,,0,,,,,,,,,,2,,0,Huntington,WV,1,173,,,,-5.0,"40,44","48,51"
ncaab:401372719,ncaab,2022-02-20T00:00Z,final,2348,2636,Louisiana Tech,UTSA,95,71,,,,0,,,,,,,,,,2,,0,Ruston,LA,1,102,,,,-6.0,"42,53","27,44"
ncaab:401372787,ncaab,2022-02-20T00:00Z,final,98,295,Western KY,Old Dominion,73,64,,,,0,,,,,,,,,,2,,0,Bowling Green,KY,1,161,,,,-6.0,"44,29","30,34"
ncaab:401372800,ncaab,2022-02-20T00:00Z,final,2229,242,FIU,Rice,80,78,,,,0,,,,,,,,,,2,,0,Miami,FL,1,2,,,,-5.0,"45,35","33,45"
ncaab:401369311,ncaab,2022-02-20T00:15Z,final,2110,2198,C Arkansas,E Kentucky,83,76,,,,0,,,,,,,,,,2,,0,Conway,AR,1,95,,,,-6.0,"40,43","26,50"
ncaab:401364785,ncaab,2022-02-20T01:00Z,final,2439,36,UNLV,Colorado St,72,51,,,,0,,,,,,,,,,2,,0,Las Vegas,NV,1,610,,,,-8.0,"35,37","24,27"
ncaab:401367515,ncaab,2022-02-20T01:00Z,final,309,2433,Louisiana,UL Monroe,79,74,,,,0,,,,,,,,,,2,,0,Lafayette,LA,1,11,,,,-6.0,"30,49","39,35"
ncaab:401368420,ncaab,2022-02-20T01:00Z,final,277,2305,West Virginia,Kansas,58,71,,,,0,,,,,,,,,,2,,0,Morgantown,WV,1,271,,,,-5.0,"27,31","33,38"
ncaab:401371239,ncaab,2022-02-20T01:00Z,final,2501,2492,Portland,Pepperdine,77,74,,,,0,,,,,,,,,,2,,0,Portland,OR,1,12,,,,-8.0,"37,40","33,41"
ncaab:401371534,ncaab,2022-02-20T01:00Z,final,292,2534,UT Rio Grande,Sam Houston,61,67,,,,0,,,,,,,,,,2,,0,Edinburg,TX,1,30,,,,-6.0,"27,34","32,35"
ncaab:401371535,ncaab,2022-02-20T01:00Z,final,2253,166,Grand Canyon,New Mexico St,66,82,,,,0,,,,,,,,,,2,,0,Phoenix,AZ,1,331,,,,-7.0,"28,38","42,40"
ncaab:401372500,ncaab,2022-02-20T01:00Z,final,304,16,Idaho St,Sacramento St,75,80,,,,0,,,,,,,,,,2,,0,Pocatello,ID,1,1360,,,,-7.0,"37,38","33,47"
ncaab:401372600,ncaab,2022-02-20T01:00Z,final,2692,2458,Weber St,N Colorado,79,83,,,,0,,,,,,,,,,2,,0,Ogden,UT,1,1311,,,,-7.0,"32,33,14","25,40,18"
ncaab:401373597,ncaab,2022-02-20T01:00Z,final,2550,305,Seton Hall,DePaul,66,64,,,,0,,,,,,,,,,2,,0,Newark,NJ,1,9,,,,-5.0,"30,36","21,43"
ncaab:401373732,ncaab,2022-02-20T01:00Z,final,302,2934,UC Davis,Bakersfield,81,79,,,,0,,,,,,,,,,2,,0,Davis,CA,1,16,,,,-8.0,"38,43","39,40"
ncaab:401373735,ncaab,2022-02-20T01:00Z,final,27,13,UC Riverside,Cal Poly,78,58,,,,0,,,,,,,,,,2,,0,Riverside,CA,1,252,,,,-8.0,"40,38","28,30"
ncaab:401377470,ncaab,2022-02-20T01:00Z,final,9,204,Arizona St,Oregon St,73,53,,,,0,,,,,,,,,,2,,0,Tempe,AZ,1,,,,,,"42,31","29,24"
ncaab:401371157,ncaab,2022-02-20T02:00Z,final,2250,2541,Gonzaga,Santa Clara,81,69,,,,0,,,,,,,,,,2,,0,Spokane,WA,1,571,,,,-8.0,"41,40","31,38"
ncaab:401371536,ncaab,2022-02-20T02:00Z,final,3101,3084,Utah Tech,Utah Valley,80,75,,,,0,,,,,,,,,,2,,0,St. George,UT,1,823,,,,-7.0,"36,34,10","32,38,5"
ncaab:401364787,ncaab,2022-02-20T03:00Z,final,278,21,Fresno St,San Diego St,44,61,,,,0,,,,,,,,,,2,,0,Fresno,CA,1,94,,,,-8.0,"20,24","30,31"
ncaab:401371240,ncaab,2022-02-20T03:00Z,final,2608,252,Saint Mary's,BYU,69,64,,,,0,,,,,,,,,,2,,0,Moraga,CA,1,152,,,,-8.0,"34,35","30,34"
ncaab:401373733,ncaab,2022-02-20T03:00Z,final,2463,2239,CSU Northridge,Fullerton,73,81,,,,0,,,,,,,,,,2,,0,Northridge,CA,1,246,,,,-8.0,"36,37","42,39"
ncaab:401373734,ncaab,2022-02-20T03:00Z,final,2540,299,Santa Barbara,Long Beach St,84,71,,,,0,,,,,,,,,,2,,0,Santa Barbara,CA,1,15,,,,-8.0,"39,45","38,33"
ncaab:401377471,ncaab,2022-02-20T03:00Z,final,12,2483,Arizona,Oregon,84,81,,,,0,,,,,,,,,,2,,0,Tucson,AZ,1,,,,,,"45,39","47,34"
ncaab:401377472,ncaab,2022-02-20T03:00Z,final,24,38,Stanford,Colorado,53,70,,,,0,,,,,,,,,,2,,0,Stanford,CA,1,23,,,,-8.0,"31,22","29,41"
ncaab:401377473,ncaab,2022-02-20T03:00Z,final,26,264,UCLA,Washington,76,50,,,,0,,,,,,,,,,2,,0,Los Angeles,CA,1,89,,,,-8.0,"37,39","25,25"
ncaab:401412487,ncaab,2022-02-20T03:00Z,final,279,2351,Pacific,LMU,69,68,,,,0,,,,,,,,,,2,,0,Stockton,CA,1,,,,,,"36,33","33,35"
ncaab:401364451,ncaab,2022-02-20T18:00Z,final,275,130,Wisconsin,Michigan,77,63,,,,0,,,,,,,,,,2,,0,Madison,WI,1,267,,,,-6.0,"31,46","31,32"
ncaab:401365383,ncaab,2022-02-20T18:00Z,final,314,2217,Iona,Fairfield,76,58,,,,0,,,,,,,,,,2,,0,New Rochelle,NY,1,26,,,,-5.0,"31,45","29,29"
ncaab:401368339,ncaab,2022-02-20T18:00Z,final,2174,2750,Detroit Mercy,Wright St,80,75,,,,0,,,,,,,,,,2,,0,Detroit,MI,1,183,,,,-5.0,"39,41","22,53"
ncaab:401369701,ncaab,2022-02-20T18:00Z,final,311,2885,Maine,NJIT,65,61,,,,0,,,,,,,,,,2,,0,Bangor,ME,1,36,,,,-5.0,"36,29","34,27"
ncaab:401373599,ncaab,2022-02-20T18:00Z,final,2086,2507,Butler,Providence,70,71,,,,0,,,,,,,,,,2,,0,Indianapolis,IN,1,218,,,,-5.0,"33,31,6","20,44,7"
ncaab:401377766,ncaab,2022-02-20T18:00Z,final,2724,248,Wichita St,Houston,74,76,,,,0,,,,,,,,,,2,,0,Wichita,KS,1,,,,,,"24,32,10,8","28,28,10,10"
ncaab:401365384,ncaab,2022-02-20T19:00Z,final,2363,2520,Manhattan,Rider,84,78,,,,0,,,,,,,,,,2,,0,Riverdale,NY,1,159,,,,-8.0,"35,40,9","40,35,3"
ncaab:401365385,ncaab,2022-02-20T19:00Z,final,2561,2612,Siena,Saint Peter's,84,70,,,,0,,,,,,,,,,2,,0,Albany,NY,1,45,,,,-5.0,"42,42","29,41"
ncaab:401365386,ncaab,2022-02-20T19:00Z,final,2368,2514,Marist,Quinnipiac,67,66,,,,0,,,,,,,,,,2,,0,Poughkeepsie,NY,1,62,,,,-5.0,"30,37","30,36"
ncaab:401367411,ncaab,2022-02-20T19:00Z,final,2460,2623,Northern Iowa,Missouri St,95,75,,,,0,,,,,,,,,,2,,0,Cedar Falls,IA,1,268,,,,-6.0,"49,46","33,42"
ncaab:401368337,ncaab,2022-02-20T19:00Z,final,270,2870,Milwaukee,Purdue FW,71,81,,,,0,,,,,,,,,,2,,0,Milwaukee,WI,1,188,,,,-6.0,"30,41","40,41"
ncaab:401377765,ncaab,2022-02-20T19:00Z,final,2116,151,UCF,East Carolina,69,66,,,,0,,,,,,,,,,2,,0,Orlando,FL,1,30,,,,-5.0,"32,37","30,36"
ncaab:401377767,ncaab,2022-02-20T19:00Z,final,2132,218,Cincinnati,Temple,71,75,,,,0,,,,,,,,,,2,,0,Cincinnati,OH,1,191,,,,-5.0,"33,38","47,28"
ncaab:401365852,ncaab,2022-02-20T19:30Z,final,2230,2244,Fordham,George Mason,50,47,,,,0,,,,,,,,,,2,,0,Bronx,NY,1,28,,,,-5.0,"24,26","26,21"
ncaab:401368336,ncaab,2022-02-20T20:00Z,final,2739,325,Green Bay,Cleveland St,67,79,,,,0,,,,,,,,,,2,,0,Green Bay,WI,1,180,,,,-6.0,"31,36","34,45"
ncaab:401368338,ncaab,2022-02-20T20:00Z,final,2473,94,Oakland,N Kentucky,66,71,,,,0,,,,,,,,,,2,,0,Rochester,MI,1,229,,,,-5.0,"40,26","32,39"
ncaab:401373600,ncaab,2022-02-20T20:00Z,final,156,269,Creighton,Marquette,83,82,,,,0,,,,,,,,,,2,,0,Omaha,NE,1,323,,,,-6.0,"46,37","46,36"
ncaab:401377768,ncaab,2022-02-20T20:00Z,final,2567,235,SMU,Memphis,73,57,,,,0,,,,,,,,,,2,,0,Dallas,TX,1,128,,,,-6.0,"37,36","32,25"
ncaab:401364786,ncaab,2022-02-20T21:00Z,final,23,167,San José St,New Mexico,71,55,,,,0,,,,,,,,,,2,,0,San Jose,CA,1,26,,,,-8.0,"25,46","25,30"
ncaab:401376570,ncaab,2022-02-20T22:00Z,final,2352,2329,Loyola MD,Lehigh,69,42,,,,0,,,,,,,,,,2,,0,Baltimore,MD,1,10,,,,-5.0,"34,35","21,21"
ncaab:401402152,ncaab,2022-02-20T22:00Z,final,42,2619,Hartford,Stony Brook,74,70,,,,0,,,,,,,,,,2,,0,West Hartford,CT,1,,,,,,"29,45","35,35"
ncaab:401364452,ncaab,2022-02-20T22:30Z,final,2509,164,Purdue,Rutgers,84,72,,,,0,,,,,,,,,,2,,0,West Lafayette,IN,1,,,,,,"45,39","36,36"
ncaab:401369310,ncaab,2022-02-21T00:00Z,final,91,55,Bellarmine,Jax State,67,82,,,,0,,,,,,,,,,2,,0,Louisville,KY,1,142,,,,-5.0,"27,40","45,37"
ncaab:401377474,ncaab,2022-02-21T00:30Z,final,30,265,USC,Washington St,62,60,,,,0,,,,,,,,,,2,,0,Los Angeles,CA,1,89,,,,-8.0,"28,34","32,28"
ncaab:401406906,ncaab,2022-02-21T01:00Z,final,142,344,Missouri,Mississippi St,56,58,,,,0,,,,,,,,,,2,,0,Columbia,MO,1,215,,,,-6.0,"23,33","31,27"
ncaab:401402507,ncaab,2022-02-21T23:30Z,final,2142,44,Colgate,American,63,49,,,,0,,,,,,,,,,2,,0,Hamilton,NY,1,181,,,,-5.0,"31,32","26,23"
ncaab:401364449,ncaab,2022-02-22T00:00Z,final,194,84,Ohio State,Indiana,80,69,,,,0,,,,,,,,,,2,,0,Columbus,OH,1,235,,,,-5.0,"33,30,17","28,35,6"
ncaab:401364453,ncaab,2022-02-22T00:00Z,final,120,213,Maryland,Penn State,67,61,,,,0,,,,,,,,,,2,,0,College Park,MD,1,21,,,,-5.0,"28,39","28,33"
ncaab:401369960,ncaab,2022-02-22T00:00Z,final,153,97,North Carolina,Louisville,70,63,,,,0,,,,,,,,,,2,,0,Chapel Hill,NC,1,148,,,,-5.0,"36,34","36,27"
ncaab:401373783,ncaab,2022-02-22T00:00Z,final,47,2154,Howard,Coppin St,82,86,,,,0,,,,,,,,,,2,,0,Washington,DC,1,,,,,,"31,51","37,49"
ncaab:401403747,ncaab,2022-02-22T00:00Z,final,103,52,Boston College,Florida St,71,55,,,,0,,,,,,,,,,2,,0,Chestnut Hill,MA,1,60,,,,-5.0,"32,39","24,31"
ncaab:401405811,ncaab,2022-02-22T00:00Z,final,183,59,Syracuse,Georgia Tech,74,73,,,,0,,,,,,,,,,2,,0,Syracuse,NY,1,,,,,,"33,30,11","33,30,10"
ncaab:401408031,ncaab,2022-02-22T00:00Z,final,2393,2638,MTSU,UTEP,77,59,,,,0,,,,,,,,,,2,,0,Murfreesboro,TN,1,186,,,,-6.0,"43,34","30,29"
ncaab:401410482,ncaab,2022-02-22T00:00Z,final,322,107,Lafayette,Holy Cross,84,61,,,,0,,,,,,,,,,2,,0,Easton,PA,1,97,,,,-5.0,"39,45","22,39"
ncaab:401412530,ncaab,2022-02-22T00:00Z,final,2110,2335,C Arkansas,Liberty,66,85,,,,0,,,,,,,,,,2,,0,Conway,AR,1,95,,,,-6.0,"32,34","34,51"
ncaab:401373062,ncaab,2022-02-22T00:30Z,final,2569,2169,SC State,Delaware St,79,74,,,,0,,,,,,,,,,2,,0,Orangeburg,SC,1,74,,,,-5.0,"41,38","33,41"
ncaab:401373081,ncaab,2022-02-22T00:30Z,final,2428,2379,NC Central,MD Eastern,66,79,,,,0,,,,,,,,,,2,,0,Durham,NC,1,123,,,,-5.0,"43,23","31,48"
ncaab:401373150,ncaab,2022-02-22T00:30Z,final,50,2010,Florida A&M,Alabama A&M,63,71,,,,0,,,,,,,,,,2,,0,Tallahassee,FL,1,,,,,,"32,31","29,42"
ncaab:401378602,ncaab,2022-02-22T00:30Z,final,2415,2450,Morgan St,Norfolk St,85,74,,,,0,,,,,,,,,,2,,0,Baltimore,MD,1,10,,,,-5.0,"36,49","44,30"
ncaab:401367382,ncaab,2022-02-22T01:00Z,final,2674,339,Valparaiso,Evansville,74,69,,,,0,,,,,,,,,,2,,0,Valparaiso,IN,1,,,,,,"36,38","30,39"
ncaab:401372584,ncaab,2022-02-22T01:00Z,final,2464,253,N Arizona,Southern Utah,48,79,,,,0,,,,,,,,,,2,,0,Flagstaff,AZ,1,2104,,,,-7.0,"14,34","31,48"
ncaab:401403775,ncaab,2022-02-22T01:00Z,final,2287,2350,Illinois St,Loyola Chicago,50,59,,,,0,,,,,,,,,,2,,0,Normal,IL,1,244,,,,-6.0,"23,27","33,26"
ncaab:401403776,ncaab,2022-02-22T01:00Z,final,2181,282,Drake,Indiana St,74,58,,,,0,,,,,,,,,,2,,0,Des Moines,IA,1,266,,,,-6.0,"32,42","36,22"
ncaab:401410612,ncaab,2022-02-22T01:00Z,final,2458,304,N Colorado,Idaho St,77,70,,,,0,,,,,,,,,,2,,0,Greeley,CO,1,1425,,,,-7.0,"34,43","32,38"
ncaab:401411937,ncaab,2022-02-22T01:00Z,final,2565,2197,SIUE,E Illinois,66,52,,,,0,,,,,,,,,,2,,0,Edwardsville,IL,1,165,,,,-6.0,"33,33","16,36"
ncaab:401412450,ncaab,2022-02-22T01:00Z,final,2535,2643,Samford,The Citadel,76,74,,,,0,,,,,,,,,,2,,0,Homewood,AL,1,203,,,,-6.0,"37,39","37,37"
ncaab:401412469,ncaab,2022-02-22T01:00Z,final,2572,276,Southern Miss,Marshall,60,74,,,,0,,,,,,,,,,2,,0,Hattiesburg,MS,1,52,,,,-6.0,"25,35","45,29"
ncaab:401412471,ncaab,2022-02-22T01:00Z,final,2628,277,TCU,West Virginia,77,67,,,,0,,,,,,,,,,2,,0,Fort Worth,TX,1,199,,,,-6.0,"43,34","42,25"
ncaab:401373185,ncaab,2022-02-22T01:30Z,final,2400,2504,Miss Valley St,Prairie View,64,69,,,,0,,,,,,,,,,2,,0,Itta Bena,MS,1,40,,,,-6.0,"37,27","32,37"
ncaab:401376584,ncaab,2022-02-22T01:30Z,final,2029,2640,AR-Pine Bluff,Texas Southern,68,70,,,,0,,,,,,,,,,2,,0,Pine Bluff,AR,1,67,,,,-6.0,"33,35","43,27"
ncaab:401368422,ncaab,2022-02-22T02:00Z,final,197,239,Oklahoma St,Baylor,64,66,,,,0,,,,,,,,,,2,,0,Stillwater,OK,1,,,,,,"36,24,4","29,31,6"
ncaab:401371188,ncaab,2022-02-22T02:00Z,final,279,2539,Pacific,San Francisco,71,104,,,,0,,,,,,,,,,2,,0,Stockton,CA,1,,,,,,"24,47","48,56"
ncaab:401381770,ncaab,2022-02-22T02:00Z,final,2065,2011,Bethune,Alabama St,78,89,,,,0,,,,,,,,,,2,,0,Daytona Beach,FL,1,4,,,,-5.0,"37,41","32,57"
ncaab:401413369,ncaab,2022-02-22T02:00Z,final,26,9,UCLA,Arizona St,66,52,,,,0,,,,,,,,,,2,,0,Los Angeles,CA,1,89,,,,-8.0,"34,32","21,31"
ncaab:401399157,ncaab,2022-02-22T03:00Z,final,2547,166,Seattle U,New Mexico St,55,68,,,,0,,,,,,,,,,2,,0,Seattle,WA,1,56,,,,-8.0,"28,27","31,37"
ncaab:401406706,ncaab,2022-02-22T18:00Z,final,155,2900,North Dakota,St Thomas,74,84,,,,0,,,,,,,,,,2,,0,Grand Forks,ND,1,253,,,,-6.0,"30,44","41,43"
ncaab:401404422,ncaab,2022-02-22T23:00Z,final,159,43,Dartmouth,Yale,61,66,,,,0,,,,,,,,,,2,,0,Hanover,NH,1,162,,,,-5.0,"27,34","36,30"
ncaab:401364454,ncaab,2022-02-23T00:00Z,final,2294,127,Iowa,Michigan St,86,60,,,,0,,,,,,,,,,2,,0,Iowa City,IA,1,204,,,,-6.0,"46,40","32,28"
ncaab:401364945,ncaab,2022-02-23T00:00Z,final,57,8,Florida,Arkansas,74,82,,,,0,,,,,,,,,,2,,0,Gainesville,FL,1,54,,,,-5.0,"34,40","37,45"
ncaab:401364946,ncaab,2022-02-23T00:00Z,final,245,61,Texas A&M,Georgia,91,77,,,,0,,,,,,,,,,2,,0,College Station,TX,1,103,,,,-6.0,"48,43","37,40"
ncaab:401364947,ncaab,2022-02-23T00:00Z,final,142,2633,Missouri,Tennessee,61,80,,,,0,,,,,,,,,,2,,0,Columbia,MO,1,215,,,,-6.0,"27,34","36,44"
ncaab:401365175,ncaab,2022-02-23T00:00Z,final,195,2117,Ohio,C Michigan,76,50,,,,0,,,,,,,,,,2,,0,Athens,OH,1,219,,,,-5.0,"33,43","22,28"
ncaab:401365176,ncaab,2022-02-23T00:00Z,final,2711,2649,W Michigan,Toledo,50,92,,,,0,,,,,,,,,,2,,0,Kalamazoo,MI,1,239,,,,-5.0,"36,14","41,51"
ncaab:401365177,ncaab,2022-02-23T00:00Z,final,193,2084,Miami OH,Buffalo,84,86,,,,0,,,,,,,,,,2,,0,Oxford,OH,1,283,,,,-5.0,"40,44","45,41"
ncaab:401365178,ncaab,2022-02-23T00:00Z,final,2006,189,Akron,Bowling Green,82,68,,,,0,,,,,,,,,,2,,0,Akron,OH,1,291,,,,-5.0,"35,47","32,36"
ncaab:401365179,ncaab,2022-02-23T00:00Z,final,2309,2050,Kent State,Ball State,93,82,,,,0,,,,,,,,,,2,,0,Kent,OH,1,325,,,,-5.0,"36,57","39,43"
ncaab:401365180,ncaab,2022-02-23T00:00Z,final,2199,2459,E Michigan,N Illinois,74,72,,,,0,,,,,,,,,,2,,0,Ypsilanti,MI,1,,,,,,"40,34","34,38"
ncaab:401365853,ncaab,2022-02-23T00:00Z,final,45,257,G Washington,Richmond,71,84,,,,0,,,,,,,,,,2,,0,Washington,DC,1,,,,,,"35,36","39,45"
ncaab:401365854,ncaab,2022-02-23T00:00Z,final,179,227,St Bonaventure,Rhode Island,73,55,,,,0,,,,,,,,,,2,,0,Saint Bonaventure,NY,1,435,,,,-5.0,"35,38","27,28"
ncaab:401402452,ncaab,2022-02-23T00:00Z,final,2405,2561,Monmouth,Siena,71,59,,,,0,,,,,,,,,,2,,0,West Long Branch,NJ,1,,,,,,"34,37","19,40"
ncaab:401412478,ncaab,2022-02-23T00:00Z,final,111,232,Northeastern,Charleston,72,83,,,,0,,,,,,,,,,2,,0,Boston,MA,1,14,,,,-5.0,"41,31","43,40"
ncaab:401364455,ncaab,2022-02-23T01:00Z,final,77,158,Northwestern,Nebraska,77,65,,,,0,,,,,,,,,,2,,0,Evanston,IL,1,187,,,,-6.0,"37,40","31,34"
ncaab:401365855,ncaab,2022-02-23T01:00Z,final,139,2603,Saint Louis,Saint Joseph's,72,61,,,,0,,,,,,,,,,2,,0,St. Louis,MO,1,142,,,,-6.0,"32,40","27,34"
ncaab:401368424,ncaab,2022-02-23T01:00Z,final,2641,201,Texas Tech,Oklahoma,66,42,,,,0,,,,,,,,,,2,,0,Lubbock,TX,1,976,,,,-6.0,"29,37","22,20"
ncaab:401369996,ncaab,2022-02-23T01:00Z,final,221,2390,Pitt,Miami,64,85,,,,0,,,,,,,,,,2,,0,Pittsburgh,PA,1,233,,,,-5.0,"27,37","47,38"
ncaab:401373601,ncaab,2022-02-23T01:00Z,final,41,222,UConn,Villanova,71,69,,,,0,,,,,,,,,,2,,0,Hartford,CT,1,18,,,,-5.0,"33,38","32,37"
ncaab:401364788,ncaab,2022-02-23T02:00Z,final,68,21,Boise St,San Diego St,58,57,,,,0,,,,,,,,,,2,,0,Boise,ID,1,823,,,,-7.0,"30,28","20,37"
ncaab:401364792,ncaab,2022-02-23T02:00Z,final,2005,278,Air Force,Fresno St,40,65,,,,0,,,,,,,,,,2,,0,Colorado Springs,CO,1,1832,,,,-7.0,"15,25","23,42"
ncaab:401364948,ncaab,2022-02-23T02:00Z,final,238,333,Vanderbilt,Alabama,72,74,,,,0,,,,,,,,,,2,,0,Nashville,TN,1,170,,,,-6.0,"37,35","32,42"
ncaab:401368423,ncaab,2022-02-23T02:00Z,final,2305,2306,Kansas,Kansas St,102,83,,,,0,,,,,,,,,,2,,0,Lawrence,KS,1,263,,,,-6.0,"53,49","43,40"
ncaab:401364791,ncaab,2022-02-23T03:00Z,final,328,167,Utah State,New Mexico,81,56,,,,0,,,,,,,,,,2,,0,Logan,UT,1,1382,,,,-7.0,"38,43","21,35"
ncaab:401373736,ncaab,2022-02-23T03:00Z,final,13,2934,Cal Poly,Bakersfield,60,61,,,,0,,,,,,,,,,2,,0,San Luis Obispo,CA,1,71,,,,-8.0,"22,38","30,31"
ncaab:401364789,ncaab,2022-02-23T04:00Z,final,2440,2439,Nevada,UNLV,54,62,,,,0,,,,,,,,,,2,,0,Reno,NV,1,1373,,,,-8.0,"26,28","23,39"
ncaab:401386000,ncaab,2022-02-23T23:00Z,final,349,2083,Army,Bucknell,73,60,,,,0,,,,,,,,,,2,,0,West Point,NY,1,,,,,,"39,34","26,34"
ncaab:401364949,ncaab,2022-02-23T23:30Z,final,2579,344,South Carolina,Mississippi St,66,56,,,,0,,,,,,,,,,2,,0,Columbia,SC,1,89,,,,-5.0,"35,31","23,33"
ncaab:401373603,ncaab,2022-02-23T23:30Z,final,2599,156,St John's,Creighton,78,81,,,,0,,,,,,,,,,2,,0,Queens,NY,1,12,,,,-5.0,"46,32","39,42"
ncaab:401364456,ncaab,2022-02-24T00:00Z,final,130,164,Michigan,Rutgers,71,62,,,,0,,,,,,,,,,2,,0,Ann Arbor,MI,1,269,,,,-5.0,"32,39","30,32"
ncaab:401365577,ncaab,2022-02-24T00:00Z,final,2382,2643,Mercer,The Citadel,67,71,,,,0,,,,,,,,,,2,,0,Macon,GA,1,112,,,,-5.0,"30,37","37,34"
ncaab:401365578,ncaab,2022-02-24T00:00Z,final,2193,236,ETSU,Chattanooga,77,83,,,,0,,,,,,,,,,2,,0,Johnson City,TN,1,498,,,,-5.0,"31,46","40,43"
ncaab:401365580,ncaab,2022-02-24T00:00Z,final,2430,2717,UNC Greensboro,W Carolina,73,64,,,,0,,,,,,,,,,2,,0,Greensboro,NC,1,266,,,,-5.0,"41,32","28,36"
ncaab:401365581,ncaab,2022-02-24T00:00Z,final,2678,2747,VMI,Wofford,72,83,,,,0,,,,,,,,,,2,,0,Lexington,VA,1,324,,,,-5.0,"29,43","34,49"
ncaab:401365856,ncaab,2022-02-24T00:00Z,final,2184,2166,Duquesne,Davidson,50,74,,,,0,,,,,,,,,,2,,0,Pittsburgh,PA,1,233,,,,-5.0,"33,17","36,38"
ncaab:401365857,ncaab,2022-02-24T00:00Z,final,2168,113,Dayton,UMass,82,61,,,,0,,,,,,,,,,2,,0,Dayton,OH,1,225,,,,-5.0,"46,36","23,38"
ncaab:401365858,ncaab,2022-02-24T00:00Z,final,2230,2325,Fordham,La Salle,60,54,,,,0,,,,,,,,,,2,,0,Bronx,NY,1,28,,,,-5.0,"27,33","16,38"
ncaab:401367415,ncaab,2022-02-24T00:00Z,final,282,2460,Indiana St,Northern Iowa,82,88,,,,0,,,,,,,,,,2,,0,Terre Haute,IN,1,,,,,,"41,41","40,48"
ncaab:401367416,ncaab,2022-02-24T00:00Z,final,2674,2181,Valparaiso,Drake,65,71,,,,0,,,,,,,,,,2,,0,Valparaiso,IN,1,,,,,,"29,36","31,40"
ncaab:401367521,ncaab,2022-02-24T00:00Z,final,290,309,GA Southern,Louisiana,69,82,,,,0,,,,,,,,,,2,,0,Statesboro,GA,1,77,,,,-5.0,"35,34","34,48"
ncaab:401367523,ncaab,2022-02-24T00:00Z,final,2653,250,Troy,UT Arlington,59,53,,,,0,,,,,,,,,,2,,0,Troy,AL,1,,,,,,"28,31","24,29"
ncaab:401368425,ncaab,2022-02-24T00:00Z,final,251,2628,Texas,TCU,75,66,,,,0,,,,,,,,,,2,,0,Austin,TX,1,149,,,,-6.0,"30,45","35,31"
ncaab:401368426,ncaab,2022-02-24T00:00Z,final,66,277,Iowa State,West Virginia,84,81,,,,0,,,,,,,,,,2,,0,Ames,IA,1,287,,,,-6.0,"31,53","41,40"
ncaab:401369316,ncaab,2022-02-24T00:00Z,final,91,288,Bellarmine,Lipscomb,76,73,,,,0,,,,,,,,,,2,,0,Louisville,KY,1,142,,,,-5.0,"44,32","35,38"
ncaab:401369317,ncaab,2022-02-24T00:00Z,final,294,2454,Jacksonville,North Florida,71,39,,,,0,,,,,,,,,,2,,0,Jacksonville,FL,1,5,,,,-5.0,"39,32","20,19"
ncaab:401369318,ncaab,2022-02-24T00:00Z,final,55,2198,Jax State,E Kentucky,81,68,,,,0,,,,,,,,,,2,,0,Jacksonville,AL,1,216,,,,-6.0,"45,36","28,40"
ncaab:401369319,ncaab,2022-02-24T00:00Z,final,338,56,Kennesaw St,Stetson,75,71,,,,0,,,,,,,,,,2,,0,Kennesaw,GA,1,332,,,,-5.0,"37,38","41,30"
ncaab:401369320,ncaab,2022-02-24T00:00Z,final,2335,526,Liberty,FGCU,72,82,,,,0,,,,,,,,,,2,,0,Lynchburg,VA,1,192,,,,-5.0,"31,35,6","29,37,16"
ncaab:401369321,ncaab,2022-02-24T00:00Z,final,2453,2110,North Alabama,C Arkansas,72,81,,,,0,,,,,,,,,,2,,0,Florence,AL,1,167,,,,-6.0,"37,35","47,34"
ncaab:401369702,ncaab,2022-02-24T00:00Z,final,311,399,Maine,UAlbany,68,72,,,,0,,,,,,,,,,2,,0,Bangor,ME,1,36,,,,-5.0,"37,31","30,42"
ncaab:401369703,ncaab,2022-02-24T00:00Z,final,42,2378,Hartford,UMBC,85,92,,,,0,,,,,,,,,,2,,0,West Hartford,CT,1,,,,,,"37,48","39,53"
ncaab:401369704,ncaab,2022-02-24T00:00Z,final,2885,160,NJIT,New Hampshire,55,83,,,,0,,,,,,,,,,2,,0,Newark,NJ,1,9,,,,-5.0,"23,32","37,46"
ncaab:401369705,ncaab,2022-02-24T00:00Z,final,2349,2619,UMass Lowell,Stony Brook,67,50,,,,0,,,,,,,,,,2,,0,Lowell,MA,1,36,,,,-5.0,"24,43","17,33"
ncaab:401369706,ncaab,2022-02-24T00:00Z,final,2066,261,Binghamton,Vermont,49,66,,,,0,,,,,,,,,,2,,0,Binghamton,NY,1,264,,,,-5.0,"17,32","37,29"
ncaab:401369940,ncaab,2022-02-24T00:00Z,final,228,154,Clemson,Wake Forest,80,69,,,,0,,,,,,,,,,2,,0,Clemson,SC,1,221,,,,-5.0,"36,44","33,36"
ncaab:401369976,ncaab,2022-02-24T00:00Z,final,87,183,Notre Dame,Syracuse,79,69,,,,0,,,,,,,,,,2,,0,South Bend,IN,1,211,,,,-5.0,"42,37","38,31"
ncaab:401370052,ncaab,2022-02-24T00:00Z,final,258,150,Virginia,Duke,61,65,,,,0,,,,,,,,,,2,,0,Charlottesville,VA,1,142,,,,-5.0,"25,36","30,35"
ncaab:401370110,ncaab,2022-02-24T00:00Z,final,152,103,NC State,Boston College,61,69,,,,0,,,,,,,,,,2,,0,Raleigh,NC,1,96,,,,-5.0,"31,30","33,36"
ncaab:401370780,ncaab,2022-02-24T00:00Z,final,2261,2097,Hampton,Campbell,68,66,,,,0,,,,,,,,,,2,,0,Hampton,VA,1,1,,,,-5.0,"37,31","29,37"
ncaab:401370781,ncaab,2022-02-24T00:00Z,final,2506,2127,Presbyterian,Charleston So,68,48,,,,0,,,,,,,,,,2,,0,Clinton,SC,1,76,,,,-5.0,"33,35","25,23"
ncaab:401370782,ncaab,2022-02-24T00:00Z,final,2241,2427,Gardner-Webb,UNC Asheville,60,59,,,,0,,,,,,,,,,2,,0,Boiling Springs,NC,1,269,,,,-5.0,"31,29","26,33"
ncaab:401370783,ncaab,2022-02-24T00:00Z,final,2448,2272,NC A&T,High Point,58,78,,,,0,,,,,,,,,,2,,0,Greensboro,NC,1,266,,,,-5.0,"27,31","37,41"
ncaab:401370784,ncaab,2022-02-24T00:00Z,final,2344,2515,Longwood,Radford,71,66,,,,0,,,,,,,,,,2,,0,Farmville,VA,1,90,,,,-5.0,"33,38","31,35"
ncaab:401373108,ncaab,2022-02-24T00:00Z,final,2426,2352,Navy,Loyola MD,52,50,,,,0,,,,,,,,,,2,,0,Annapolis,MD,1,12,,,,-5.0,"22,30","23,27"
ncaab:401373349,ncaab,2022-02-24T00:00Z,final,2329,44,Lehigh,American,78,61,,,,0,,,,,,,,,,2,,0,Bethlehem,PA,1,109,,,,-5.0,"46,32","34,27"
ncaab:401373602,ncaab,2022-02-24T00:00Z,final,2507,2752,Providence,Xavier,99,92,,,,0,,,,,,,,,,2,,0,Providence,RI,1,2,,,,-5.0,"36,34,5,13,11","36,34,5,13,4"
ncaab:401377769,ncaab,2022-02-24T00:00Z,final,151,58,East Carolina,South Florida,64,60,,,,0,,,,,,,,,,2,,0,Greenville,NC,1,18,,,,-5.0,"35,29","34,26"
ncaab:401381726,ncaab,2022-02-24T00:00Z,final,107,2142,Holy Cross,Colgate,71,78,,,,0,,,,,,,,,,2,,0,Worcester,MA,1,,,,,,"29,42","43,35"
ncaab:401381753,ncaab,2022-02-24T00:00Z,final,104,322,Boston U,Lafayette,76,60,,,,0,,,,,,,,,,2,,0,Boston,MA,1,14,,,,-5.0,"31,45","33,27"
ncaab:401392151,ncaab,2022-02-24T00:00Z,final,2247,2433,Georgia St,UL Monroe,82,70,,,,0,,,,,,,,,,2,,0,Atlanta,GA,1,320,,,,-5.0,"36,46","35,35"
ncaab:401402051,ncaab,2022-02-24T00:00Z,final,2670,2244,VCU,George Mason,72,66,,,,0,,,,,,,,,,2,,0,Richmond,VA,1,64,,,,-5.0,"39,33","34,32"
ncaab:401416359,ncaab,2022-02-24T00:00Z,final,119,256,Towson,James Madison,84,65,,,,0,,,,,,,,,,2,,0,Towson,MD,1,,,,,,"46,38","31,34"
ncaab:401367518,ncaab,2022-02-24T00:30Z,final,2031,2026,Little Rock,App State,66,78,,,,0,,,,,,,,,,2,,0,Little Rock,AR,1,102,,,,-6.0,"32,34","40,38"
ncaab:401365579,ncaab,2022-02-24T01:00Z,final,2535,231,Samford,Furman,83,75,,,,0,,,,,,,,,,2,,0,Homewood,AL,1,203,,,,-6.0,"36,47","34,41"
ncaab:401367413,ncaab,2022-02-24T01:00Z,final,2350,339,Loyola Chicago,Evansville,82,31,,,,0,,,,,,,,,,2,,0,Chicago,IL,1,179,,,,-6.0,"41,41","12,19"
ncaab:401367414,ncaab,2022-02-24T01:00Z,final,2623,71,Missouri St,Bradley,83,67,,,,0,,,,,,,,,,2,,0,Springfield,MO,1,396,,,,-6.0,"43,40","33,34"
ncaab:401367519,ncaab,2022-02-24T01:00Z,final,2032,324,Arkansas St,Coastal,69,74,,,,0,,,,,,,,,,2,,0,Jonesboro,AR,1,99,,,,-6.0,"33,36","36,38"
ncaab:401367522,ncaab,2022-02-24T01:00Z,final,6,326,South Alabama,Texas St,52,55,,,,0,,,,,,,,,,2,,0,Mobile,AL,1,3,,,,-6.0,"25,27","25,30"
ncaab:401371537,ncaab,2022-02-24T01:00Z,final,2130,2253,Chicago St,Grand Canyon,64,85,,,,0,,,,,,,,,,2,,0,Chicago,IL,1,179,,,,-6.0,"25,39","44,41"
ncaab:401377770,ncaab,2022-02-24T01:00Z,final,2655,248,Tulane,Houston,67,81,,,,0,,,,,,,,,,2,,0,New Orleans,LA,1,0,,,,-6.0,"27,40","32,49"
ncaab:401377771,ncaab,2022-02-24T01:00Z,final,2567,202,SMU,Tulsa,75,61,,,,0,,,,,,,,,,2,,0,Dallas,TX,1,128,,,,-6.0,"30,45","27,34"
ncaab:401403777,ncaab,2022-02-24T01:00Z,final,79,2287,S Illinois,Illinois St,90,69,,,,0,,,,,,,,,,2,,0,Carbondale,IL,1,126,,,,-6.0,"49,41","24,45"
ncaab:401364950,ncaab,2022-02-24T01:30Z,final,2,145,Auburn,Ole Miss,77,64,,,,0,,,,,,,,,,2,,0,Auburn,AL,1,215,,,,-6.0,"43,34","31,33"
ncaab:401373604,ncaab,2022-02-24T01:30Z,final,2550,2086,Seton Hall,Butler,66,60,,,,0,,,,,,,,,,2,,0,Newark,NJ,1,9,,,,-5.0,"34,32","34,26"
ncaab:401364457,ncaab,2022-02-24T02:00Z,final,135,275,Minnesota,Wisconsin,67,68,,,,0,,,,,,,,,,2,,0,Minneapolis,MN,1,253,,,,-6.0,"36,31","38,30"
ncaab:401364790,ncaab,2022-02-24T02:00Z,final,36,2751,Colorado St,Wyoming,61,55,,,,0,,,,,,,,,,2,,0,Fort Collins,CO,1,1525,,,,-7.0,"31,30","27,28"
ncaab:401364951,ncaab,2022-02-24T02:00Z,final,96,99,Kentucky,LSU,71,66,,,,0,,,,,,,,,,2,,0,Lexington,KY,1,295,,,,-5.0,"23,48","31,35"
ncaab:401369907,ncaab,2022-02-24T02:00Z,final,59,259,Georgia Tech,Virginia Tech,58,62,,,,0,,,,,,,,,,2,,0,Atlanta,GA,1,320,,,,-5.0,"34,24","30,32"
ncaab:401377772,ncaab,2022-02-24T02:00Z,final,2116,2132,UCF,Cincinnati,75,61,,,,0,,,,,,,,,,2,,0,Orlando,FL,1,30,,,,-5.0,"38,37","25,36"
ncaab:401414551,ncaab,2022-02-24T04:00Z,final,265,264,Washington St,Washington,78,70,,,,0,,,,,,,,,,2,,0,Pullman,WA,1,717,,,,-8.0,"33,45","33,37"
ncaab:401370837,ncaab,2022-02-24T23:00Z,final,161,2681,FDU,Wagner,88,86,,,,0,,,,,,,,,,2,,0,Hackensack,NJ,1,6,,,,-5.0,"31,48,9","40,39,7"
ncaab:401365489,ncaab,2022-02-24T23:30Z,final,111,2729,Northeastern,William & Mary,62,28,,,,0,,,,,,,,,,2,,0,Boston,MA,1,14,,,,-5.0,"33,29","15,13"
ncaab:401364458,ncaab,2022-02-25T00:00Z,final,84,120,Indiana,Maryland,74,64,,,,0,,,,,,,,,,2,,0,Bloomington,IN,1,235,,,,-5.0,"30,44","27,37"
ncaab:401365387,ncaab,2022-02-25T00:00Z,final,2514,2561,Quinnipiac,Siena,71,78,,,,0,,,,,,,,,,2,,0,Hamden,CT,1,31,,,,-5.0,"28,43","33,45"
ncaab:401365488,ncaab,2022-02-25T00:00Z,final,48,232,Delaware,Charleston,96,99,,,,0,,,,,,,,,,2,,0,Newark,DE,1,38,,,,-5.0,"32,64","49,50"
ncaab:401365490,ncaab,2022-02-25T00:00Z,final,2182,350,Drexel,UNC Wilmington,63,69,,,,0,,,,,,,,,,2,,0,Philadelphia,PA,1,12,,,,-5.0,"30,33","30,39"
ncaab:401365491,ncaab,2022-02-25T00:00Z,final,2275,2210,Hofstra,Elon,55,81,,,,0,,,,,,,,,,2,,0,Hempstead,NY,1,17,,,,-5.0,"31,24","43,38"
ncaab:401365716,ncaab,2022-02-25T00:00Z,final,2710,2437,W Illinois,Omaha,88,76,,,,0,,,,,,,,,,2,,0,Macomb,IL,1,215,,,,-6.0,"38,50","36,40"
ncaab:401368340,ncaab,2022-02-25T00:00Z,final,2174,325,Detroit Mercy,Cleveland St,74,67,,,,0,,,,,,,,,,2,,0,Detroit,MI,1,183,,,,-5.0,"39,35","33,34"
ncaab:401368341,ncaab,2022-02-25T00:00Z,final,2473,2870,Oakland,Purdue FW,70,81,,,,0,,,,,,,,,,2,,0,Rochester,MI,1,229,,,,-5.0,"31,39","40,41"
ncaab:401368344,ncaab,2022-02-25T00:00Z,final,94,2523,N Kentucky,Robert Morris,78,64,,,,0,,,,,,,,,,2,,0,Highland Heights,KY,1,260,,,,-5.0,"46,32","31,33"
ncaab:401368345,ncaab,2022-02-25T00:00Z,final,2750,2754,Wright St,Youngstown St,84,71,,,,0,,,,,,,,,,2,,0,Dayton,OH,1,225,,,,-5.0,"44,40","33,38"
ncaab:401370785,ncaab,2022-02-25T00:00Z,final,2737,2908,Winthrop,SC Upstate,89,59,,,,0,,,,,,,,,,2,,0,Rock Hill,SC,1,207,,,,-5.0,"43,46","25,34"
ncaab:401370827,ncaab,2022-02-25T00:00Z,final,2115,2598,C Connecticut,Saint Francis,63,79,,,,0,,,,,,,,,,2,,0,New Britain,CT,1,51,,,,-5.0,"31,32","37,42"
ncaab:401370845,ncaab,2022-02-25T00:00Z,final,112358,2771,Long Island,Merrimack,85,74,,,,0,,,,,,,,,,2,,0,Brooklyn,NY,1,15,,,,-5.0,"43,42","28,46"
ncaab:401370872,ncaab,2022-02-25T00:00Z,final,2529,116,Sacred Heart,Mount St Marys,77,65,,,,0,,,,,,,,,,2,,0,Fairfield,CT,1,4,,,,-8.0,"31,46","33,32"
ncaab:401370881,ncaab,2022-02-25T00:00Z,final,2597,2803,St Francis BK,Bryant,69,86,,,,0,,,,,,,,,,2,,0,Brooklyn,NY,1,15,,,,-5.0,"36,33","50,36"
ncaab:401372670,ncaab,2022-02-25T00:00Z,final,2429,2229,Charlotte,FIU,64,55,,,,0,,,,,,,,,,2,,0,Charlotte,NC,1,229,,,,-5.0,"34,30","26,29"
ncaab:401372702,ncaab,2022-02-25T00:00Z,final,295,2226,Old Dominion,FAU,70,51,,,,0,,,,,,,,,,2,,0,Norfolk,VA,1,2,,,,-5.0,"36,34","32,19"
ncaab:401372742,ncaab,2022-02-25T00:00Z,final,2393,276,MTSU,Marshall,74,65,,,,0,,,,,,,,,,2,,0,Murfreesboro,TN,1,186,,,,-6.0,"24,50","27,38"
ncaab:401377773,ncaab,2022-02-25T00:00Z,final,235,218,Memphis,Temple,78,64,,,,0,,,,,,,,,,2,,0,Memphis,TN,1,78,,,,-6.0,"33,45","32,32"
ncaab:401408141,ncaab,2022-02-25T00:00Z,final,193,2117,Miami OH,C Michigan,69,83,,,,0,,,,,,,,,,2,,0,Oxford,OH,1,283,,,,-5.0,"37,32","33,50"
ncaab:401371540,ncaab,2022-02-25T00:30Z,final,2617,2534,SF Austin,Sam Houston,69,67,,,,0,,,,,,,,,,2,,0,Nacogdoches,TX,1,92,,,,-6.0,"41,28","28,39"
ncaab:401365714,ncaab,2022-02-25T01:00Z,final,2900,2172,St Thomas,Denver,80,91,,,,0,,,,,,,,,,2,,0,Saint Paul,MN,1,242,,,,-6.0,"31,49","29,62"
ncaab:401365715,ncaab,2022-02-25T01:00Z,final,140,233,Kansas City,South Dakota,72,63,,,,0,,,,,,,,,,2,,0,Kansas City,MO,1,274,,,,-6.0,"39,33","22,41"
ncaab:401365717,ncaab,2022-02-25T01:00Z,final,198,2571,Oral Roberts,S Dakota St,102,106,,,,0,,,,,,,,,,2,,0,Tulsa,OK,1,,,,,,"50,38,14","41,47,18"
ncaab:401368342,ncaab,2022-02-25T01:00Z,final,82,2739,UIC,Green Bay,81,77,,,,0,,,,,,,,,,2,,0,Chicago,IL,1,179,,,,-6.0,"38,43","33,44"
ncaab:401368343,ncaab,2022-02-25T01:00Z,final,85,270,IU Indy,Milwaukee,54,66,,,,0,,,,,,,,,,2,,0,Indianapolis,IN,1,218,,,,-5.0,"25,29","28,38"
ncaab:401371538,ncaab,2022-02-25T01:00Z,final,2000,2320,Abilene Chrstn,Lamar,77,42,,,,0,,,,,,,,,,2,,0,Abilene,TX,1,524,,,,-6.0,"43,34","20,22"
ncaab:401371539,ncaab,2022-02-25T01:00Z,final,2627,292,Tarleton St,UT Rio Grande,75,62,,,,0,,,,,,,,,,2,,0,Stephenville,TX,1,388,,,,-6.0,"42,33","22,40"
ncaab:401371541,ncaab,2022-02-25T01:00Z,final,3084,2547,Utah Valley,Seattle U,67,52,,,,0,,,,,,,,,,2,,0,Orem,UT,1,1455,,,,-7.0,"28,39","24,28"
ncaab:401371677,ncaab,2022-02-25T01:00Z,final,2277,2916,Hou Christian,Incarnate Word,82,68,,,,0,,,,,,,,,,2,,0,Houston,TX,1,12,,,,-6.0,"34,48","35,33"
ncaab:401372431,ncaab,2022-02-25T01:00Z,final,2458,331,N Colorado,E Washington,76,85,,,,0,,,,,,,,,,2,,0,Greeley,CO,1,1425,,,,-7.0,"38,38","37,48"
ncaab:401372501,ncaab,2022-02-25T01:00Z,final,2464,304,N Arizona,Idaho St,66,70,,,,0,,,,,,,,,,2,,0,Flagstaff,AZ,1,2104,,,,-7.0,"24,42","34,36"
ncaab:401372720,ncaab,2022-02-25T01:00Z,final,242,2348,Rice,Louisiana Tech,79,83,,,,0,,,,,,,,,,2,,0,Houston,TX,1,12,,,,-6.0,"27,52","34,49"
ncaab:401372776,ncaab,2022-02-25T01:00Z,final,249,2572,North Texas,Southern Miss,85,61,,,,0,,,,,,,,,,2,,0,Denton,TX,1,201,,,,-6.0,"39,46","19,42"
ncaab:401372831,ncaab,2022-02-25T01:00Z,final,2636,5,UTSA,UAB,56,68,,,,0,,,,,,,,,,2,,0,San Antonio,TX,1,198,,,,-6.0,"30,26","37,31"
ncaab:401373295,ncaab,2022-02-25T01:00Z,final,2546,2630,SE Missouri,UT Martin,76,69,,,,0,,,,,,,,,,2,,0,Cape Girardeau,MO,1,108,,,,-6.0,"40,36","32,37"
ncaab:401373605,ncaab,2022-02-25T01:00Z,final,46,305,Georgetown,DePaul,65,68,,,,0,,,,,,,,,,2,,0,Washington,DC,1,,,,,,"26,39","30,38"
ncaab:401408142,ncaab,2022-02-25T01:00Z,final,2459,2084,N Illinois,Buffalo,68,79,,,,0,,,,,,,,,,2,,0,Dekalb,IL,1,268,,,,-6.0,"32,36","37,42"
ncaab:401371678,ncaab,2022-02-25T01:30Z,final,2377,357,McNeese,Texas A&M-CC,53,65,,,,0,,,,,,,,,,2,,0,Lake Charles,LA,1,4,,,,-6.0,"23,30","31,34"
ncaab:401371679,ncaab,2022-02-25T01:30Z,final,2466,2447,N'Western St,Nicholls,62,80,,,,0,,,,,,,,,,2,,0,Natchitoches,LA,1,36,,,,-6.0,"29,33","41,39"
ncaab:401373231,ncaab,2022-02-25T01:30Z,final,2197,2413,E Illinois,Morehead St,46,82,,,,0,,,,,,,,,,2,,0,Charleston,IL,1,204,,,,-6.0,"22,24","33,49"
ncaab:401364459,ncaab,2022-02-25T02:00Z,final,356,194,Illinois,Ohio State,83,86,,,,0,,,,,,,,,,2,,0,Champaign,IL,1,225,,,,-6.0,"37,46","36,50"
ncaab:401371189,ncaab,2022-02-25T02:00Z,final,2539,2250,San Francisco,Gonzaga,73,89,,,,0,,,,,,,,,,2,,0,San Francisco,CA,1,16,,,,-8.0,"42,31","52,37"
ncaab:401371542,ncaab,2022-02-25T02:00Z,final,3101,2856,Utah Tech,CA Baptist,61,71,,,,0,,,,,,,,,,2,,0,St. George,UT,1,823,,,,-7.0,"25,36","25,46"
ncaab:401371680,ncaab,2022-02-25T02:00Z,final,2545,2443,SE Louisiana,LSU N Orleans,84,79,,,,0,,,,,,,,,,2,,0,Hammond,LA,1,13,,,,-6.0,"36,48","31,48"
ncaab:401372519,ncaab,2022-02-25T02:00Z,final,253,149,Southern Utah,Montana,82,74,,,,0,,,,,,,,,,2,,0,Cedar City,UT,1,1782,,,,-7.0,"28,54","44,30"
ncaab:401373211,ncaab,2022-02-25T02:00Z,final,2565,2046,SIUE,Austin Peay,64,68,,,,0,,,,,,,,,,2,,0,Edwardsville,IL,1,165,,,,-6.0,"20,35,9","34,21,13"
ncaab:401373271,ncaab,2022-02-25T02:00Z,final,93,2057,Murray St,Belmont,76,43,,,,0,,,,,,,,,,2,,0,Murray,KY,1,163,,,,-6.0,"35,41","17,26"
ncaab:401373473,ncaab,2022-02-25T02:00Z,final,2635,2634,Tennessee Tech,Tennessee St,56,92,,,,0,,,,,,,,,,2,,0,Cookeville,TN,1,334,,,,-6.0,"23,33","35,57"
ncaab:401373737,ncaab,2022-02-25T02:00Z,final,302,2540,UC Davis,Santa Barbara,69,76,,,,0,,,,,,,,,,2,,0,Davis,CA,1,16,,,,-8.0,"31,28,10","25,34,17"
ncaab:401377475,ncaab,2022-02-25T02:00Z,final,38,9,Colorado,Arizona St,65,82,,,,0,,,,,,,,,,2,,0,Boulder,CO,1,1624,,,,-7.0,"26,39","37,45"
ncaab:401377476,ncaab,2022-02-25T02:30Z,final,2483,26,Oregon,UCLA,68,63,,,,0,,,,,,,,,,2,,0,Eugene,OR,1,131,,,,-8.0,"35,33","30,33"
ncaab:401371158,ncaab,2022-02-25T03:00Z,final,2492,2541,Pepperdine,Santa Clara,73,89,,,,0,,,,,,,,,,2,,0,Malibu,CA,1,32,,,,-8.0,"43,30","50,39"
ncaab:401371241,ncaab,2022-02-25T03:00Z,final,279,2501,Pacific,Portland,69,75,,,,0,,,,,,,,,,2,,0,Stockton,CA,1,,,,,,"39,30","43,32"
ncaab:401371242,ncaab,2022-02-25T03:00Z,final,301,2608,San Diego,Saint Mary's,46,60,,,,0,,,,,,,,,,2,,0,San Diego,CA,1,20,,,,-8.0,"20,26","37,23"
ncaab:401371322,ncaab,2022-02-25T03:00Z,final,252,2351,BYU,LMU,79,59,,,,0,,,,,,,,,,2,,0,Provo,UT,1,1387,,,,-7.0,"45,34","28,31"
ncaab:401372455,ncaab,2022-02-25T03:00Z,final,16,70,Sacramento St,Idaho,83,51,,,,0,,,,,,,,,,2,,0,Sacramento,CA,1,9,,,,-8.0,"34,49","25,26"
ncaab:401372637,ncaab,2022-02-25T03:00Z,final,2502,2692,Portland St,Weber St,81,75,,,,0,,,,,,,,,,2,,0,Portland,OR,1,12,,,,-8.0,"34,47","31,44"
ncaab:401373739,ncaab,2022-02-25T03:00Z,final,2239,300,Fullerton,UC Irvine,66,64,,,,0,,,,,,,,,,2,,0,Fullerton,CA,1,50,,,,-8.0,"25,41","30,34"
ncaab:401373740,ncaab,2022-02-25T03:00Z,final,299,28,Long Beach St,UC San Diego,103,87,,,,0,,,,,,,,,,2,,0,Long Beach,CA,1,9,,,,-8.0,"55,48","57,30"
ncaab:401373741,ncaab,2022-02-25T03:00Z,final,27,2463,UC Riverside,CSU Northridge,79,57,,,,0,,,,,,,,,,2,,0,Riverside,CA,1,252,,,,-8.0,"47,32","27,30"
ncaab:401377477,ncaab,2022-02-25T04:00Z,final,204,30,Oregon St,USC,91,94,,,,0,,,,,,,,,,2,,0,Corvallis,OR,1,71,,,,-8.0,"33,42,8,8","40,35,8,11"
ncaab:401377478,ncaab,2022-02-25T04:00Z,final,254,12,Utah,Arizona,77,97,,,,0,,,,,,,,,,2,,0,Salt Lake City,UT,1,1299,,,,-7.0,"33,44","53,44"
ncaab:401373738,ncaab,2022-02-25T04:59Z,final,62,13,Hawai'i,Cal Poly,63,54,,,,0,,,,,,,,,,2,,0,Honolulu,HI,1,5,,,,-10.0,"28,35","27,27"
ncaab:401365183,ncaab,2022-02-25T23:00Z,final,195,2006,Ohio,Akron,83,91,,,,0,,,,,,,,,,2,,0,Athens,OH,1,219,,,,-5.0,"26,57","46,45"
ncaab:401364461,ncaab,2022-02-26T00:00Z,final,213,77,Penn State,Northwestern,67,60,,,,0,,,,,,,,,,2,,0,University Park,PA,1,,,,,,"22,45","28,32"
ncaab:401365388,ncaab,2022-02-26T00:00Z,final,314,2099,Iona,Canisius,72,65,,,,0,,,,,,,,,,2,,0,New Rochelle,NY,1,26,,,,-5.0,"33,39","25,40"
ncaab:401365389,ncaab,2022-02-26T00:00Z,final,2405,2612,Monmouth,Saint Peter's,65,70,,,,0,,,,,,,,,,2,,0,West Long Branch,NJ,1,,,,,,"28,37","35,35"
ncaab:401365390,ncaab,2022-02-26T00:00Z,final,2368,2363,Marist,Manhattan,74,56,,,,0,,,,,,,,,,2,,0,Poughkeepsie,NY,1,62,,,,-5.0,"38,36","23,33"
ncaab:401365391,ncaab,2022-02-26T00:00Z,final,2520,315,Rider,Niagara,70,68,,,,0,,,,,,,,,,2,,0,Lawrenceville,NJ,1,37,,,,-5.0,"29,41","21,47"
ncaab:401365859,ncaab,2022-02-26T00:00Z,final,257,139,Richmond,Saint Louis,68,66,,,,0,,,,,,,,,,2,,0,Richmond,VA,1,64,,,,-5.0,"33,35","43,23"
ncaab:401367520,ncaab,2022-02-26T00:00Z,final,2247,309,Georgia St,Louisiana,65,58,,,,0,,,,,,,,,,2,,0,Atlanta,GA,1,320,,,,-5.0,"24,41","35,23"
ncaab:401367526,ncaab,2022-02-26T00:00Z,final,290,2433,GA Southern,UL Monroe,81,75,,,,0,,,,,,,,,,2,,0,Statesboro,GA,1,,,,,,"38,32,11","31,39,5"
ncaab:401369770,ncaab,2022-02-26T00:00Z,final,163,108,Princeton,Harvard,74,67,,,,0,,,,,,,,,,2,,0,Princeton,NJ,1,62,,,,-5.0,"36,38","38,29"
ncaab:401367525,ncaab,2022-02-26T00:30Z,final,2031,324,Little Rock,Coastal,55,68,,,,0,,,,,,,,,,2,,0,Little Rock,AR,1,102,,,,-6.0,"25,30","33,35"
ncaab:401367524,ncaab,2022-02-26T01:00Z,final,2032,2026,Arkansas St,App State,62,60,,,,0,,,,,,,,,,2,,0,Jonesboro,AR,1,99,,,,-6.0,"30,32","34,26"
ncaab:401367529,ncaab,2022-02-26T01:00Z,final,6,250,South Alabama,UT Arlington,62,52,,,,0,,,,,,,,,,2,,0,Mobile,AL,1,3,,,,-6.0,"30,32","23,29"
ncaab:401364460,ncaab,2022-02-26T02:00Z,final,158,2294,Nebraska,Iowa,78,88,,,,0,,,,,,,,,,2,,0,Lincoln,NE,1,367,,,,-6.0,"35,43","36,52"
ncaab:401367528,ncaab,2022-02-26T02:00Z,final,2653,326,Troy,Texas St,61,66,,,,0,,,,,,,,,,2,,0,Troy,AL,1,,,,,,"25,36","29,37"
ncaab:401364795,ncaab,2022-02-26T04:00Z,final,21,23,San Diego St,San José St,77,52,,,,0,,,,,,,,,,2,,0,San Diego,CA,1,20,,,,-8.0,"36,41","25,27"
ncaab:401364462,ncaab,2022-02-26T17:00Z,final,127,2509,Michigan St,Purdue,68,65,,,,0,,,,,,,,,,2,,0,East Lansing,MI,1,261,,,,-5.0,"35,33","33,32"
ncaab:401364958,ncaab,2022-02-26T17:00Z,final,61,57,Georgia,Florida,72,84,,,,0,,,,,,,,,,2,,0,Athens,GA,1,228,,,,-5.0,"34,38","41,43"
ncaab:401365181,ncaab,2022-02-26T17:00Z,final,2649,193,Toledo,Miami OH,88,73,,,,0,,,,,,,,,,2,,0,Toledo,OH,1,,,,,,"40,48","39,34"
ncaab:401365492,ncaab,2022-02-26T17:00Z,final,111,2210,Northeastern,Elon,54,67,,,,0,,,,,,,,,,2,,0,Boston,MA,1,14,,,,-5.0,"20,34","30,37"
ncaab:401368428,ncaab,2022-02-26T17:00Z,final,201,197,Oklahoma,Oklahoma St,66,62,,,,0,,,,,,,,,,2,,0,Norman,OK,1,357,,,,-6.0,"29,25,12","19,35,8"
ncaab:401369708,ncaab,2022-02-26T17:00Z,final,160,2066,New Hampshire,Binghamton,66,62,,,,0,,,,,,,,,,2,,0,Durham,NH,1,15,,,,-5.0,"28,38","28,34"
ncaab:401365860,ncaab,2022-02-26T17:30Z,final,227,2184,Rhode Island,Duquesne,70,54,,,,0,,,,,,,,,,2,,0,Kingston,RI,1,75,,,,-5.0,"42,28","23,31"
ncaab:401364952,ncaab,2022-02-26T18:00Z,final,344,238,Mississippi St,Vanderbilt,74,69,,,,0,,,,,,,,,,2,,0,Starkville,MS,1,,,,,,"30,44","32,37"
ncaab:401365582,ncaab,2022-02-26T18:00Z,final,2643,231,The Citadel,Furman,59,94,,,,0,,,,,,,,,,2,,0,Charleston,SC,1,6,,,,-5.0,"29,30","41,53"
ncaab:401368347,ncaab,2022-02-26T18:00Z,final,2174,2870,Detroit Mercy,Purdue FW,78,81,,,,0,,,,,,,,,,2,,0,Detroit,MI,1,183,,,,-5.0,"37,41","45,36"
ncaab:401369322,ncaab,2022-02-26T18:00Z,final,2198,91,E Kentucky,Bellarmine,72,58,,,,0,,,,,,,,,,2,,0,Richmond,KY,1,289,,,,-5.0,"39,33","22,36"
ncaab:401369323,ncaab,2022-02-26T18:00Z,final,526,294,FGCU,Jacksonville,76,69,,,,0,,,,,,,,,,2,,0,Fort Myers,FL,1,3,,,,-5.0,"32,44","30,39"
ncaab:401369325,ncaab,2022-02-26T18:00Z,final,2335,338,Liberty,Kennesaw St,100,93,,,,0,,,,,,,,,,2,,0,Lynchburg,VA,1,192,,,,-5.0,"37,40,23","42,35,16"
ncaab:401369327,ncaab,2022-02-26T18:00Z,final,56,2454,Stetson,North Florida,69,74,,,,0,,,,,,,,,,2,,0,DeLand,FL,1,12,,,,-5.0,"23,33,13","28,28,18"
ncaab:401369709,ncaab,2022-02-26T18:00Z,final,2378,311,UMBC,Maine,93,79,,,,0,,,,,,,,,,2,,0,Baltimore,MD,1,10,,,,-5.0,"52,41","28,51"
ncaab:401370828,ncaab,2022-02-26T18:00Z,final,2115,116,C Connecticut,Mount St Marys,46,65,,,,0,,,,,,,,,,2,,0,New Britain,CT,1,51,,,,-5.0,"18,28","34,31"
ncaab:401373606,ncaab,2022-02-26T18:00Z,final,269,2086,Marquette,Butler,64,56,,,,0,,,,,,,,,,2,,0,Milwaukee,WI,1,188,,,,-6.0,"30,34","33,23"
ncaab:401364953,ncaab,2022-02-26T19:00Z,final,8,96,Arkansas,Kentucky,75,73,,,,0,,,,,,,,,,2,,0,Fayetteville,AR,1,427,,,,-6.0,"34,41","28,45"
ncaab:401365186,ncaab,2022-02-26T19:00Z,final,2084,2459,Buffalo,N Illinois,70,60,,,,0,,,,,,,,,,2,,0,Buffalo,NY,1,183,,,,-5.0,"36,34","29,31"
ncaab:401365496,ncaab,2022-02-26T19:00Z,final,2275,2729,Hofstra,William & Mary,83,67,,,,0,,,,,,,,,,2,,0,Hempstead,NY,1,17,,,,-5.0,"41,42","31,36"
ncaab:401365719,ncaab,2022-02-26T19:00Z,final,155,2449,North Dakota,N Dakota St,53,79,,,,0,,,,,,,,,,2,,0,Grand Forks,ND,1,253,,,,-6.0,"25,28","34,45"
ncaab:401365863,ncaab,2022-02-26T19:00Z,final,2325,2168,La Salle,Dayton,62,60,,,,0,,,,,,,,,,2,,0,Philadelphia,PA,1,12,,,,-5.0,"19,43","30,30"
ncaab:401368429,ncaab,2022-02-26T19:00Z,final,277,251,West Virginia,Texas,81,82,,,,0,,,,,,,,,,2,,0,Morgantown,WV,1,271,,,,-5.0,"37,44","43,39"
ncaab:401368431,ncaab,2022-02-26T19:00Z,final,2306,66,Kansas St,Iowa State,73,74,,,,0,,,,,,,,,,2,,0,Manhattan,KS,1,311,,,,-6.0,"35,38","37,37"
ncaab:401369324,ncaab,2022-02-26T19:00Z,final,55,2453,Jax State,North Alabama,69,52,,,,0,,,,,,,,,,2,,0,Jacksonville,AL,1,216,,,,-6.0,"30,39","26,26"
ncaab:401369326,ncaab,2022-02-26T19:00Z,final,288,2110,Lipscomb,C Arkansas,81,66,,,,0,,,,,,,,,,2,,0,Nashville,TN,1,170,,,,-6.0,"31,50","33,33"
ncaab:401369711,ncaab,2022-02-26T19:00Z,final,42,2885,Hartford,NJIT,83,62,,,,0,,,,,,,,,,2,,0,West Hartford,CT,1,,,,,,"43,40","25,37"
ncaab:401369771,ncaab,2022-02-26T19:00Z,final,159,219,Dartmouth,Penn,84,70,,,,0,,,,,,,,,,2,,0,Hanover,NH,1,162,,,,-5.0,"38,46","35,35"
ncaab:401369772,ncaab,2022-02-26T19:00Z,final,172,43,Cornell,Yale,71,65,,,,0,,,,,,,,,,2,,0,Ithaca,NY,1,125,,,,-5.0,"33,38","29,36"
ncaab:401370111,ncaab,2022-02-26T19:00Z,final,152,153,NC State,North Carolina,74,84,,,,0,,,,,,,,,,2,,0,Raleigh,NC,1,96,,,,-5.0,"29,45","46,38"
ncaab:401370789,ncaab,2022-02-26T19:00Z,final,2272,2261,High Point,Hampton,88,77,,,,0,,,,,,,,,,2,,0,High Point,NC,1,281,,,,-5.0,"44,44","32,45"
ncaab:401370846,ncaab,2022-02-26T19:00Z,final,112358,161,Long Island,FDU,84,77,,,,0,,,,,,,,,,2,,0,Brooklyn,NY,1,15,,,,-5.0,"35,49","37,40"
ncaab:401370873,ncaab,2022-02-26T19:00Z,final,2529,2598,Sacred Heart,Saint Francis,80,68,,,,0,,,,,,,,,,2,,0,Fairfield,CT,1,4,,,,-8.0,"33,47","34,34"
ncaab:401370882,ncaab,2022-02-26T19:00Z,final,2597,2771,St Francis BK,Merrimack,52,72,,,,0,,,,,,,,,,2,,0,Brooklyn,NY,1,15,,,,-5.0,"31,21","30,42"
ncaab:401373109,ncaab,2022-02-26T19:00Z,final,2142,2426,Colgate,Navy,74,69,,,,0,,,,,,,,,,2,,0,Hamilton,NY,1,181,,,,-5.0,"36,38","36,33"
ncaab:401373370,ncaab,2022-02-26T19:00Z,final,44,2352,American,Loyola MD,65,55,,,,0,,,,,,,,,,2,,0,Washington,DC,1,,,,,,"35,30","14,41"
ncaab:401376571,ncaab,2022-02-26T19:00Z,final,322,2329,Lafayette,Lehigh,58,78,,,,0,,,,,,,,,,2,,0,Easton,PA,1,97,,,,-5.0,"24,34","44,34"
ncaab:401381740,ncaab,2022-02-26T19:00Z,final,107,349,Holy Cross,Army,58,66,,,,0,,,,,,,,,,2,,0,Worcester,MA,1,,,,,,"21,37","27,39"
ncaab:401381754,ncaab,2022-02-26T19:00Z,final,2083,104,Bucknell,Boston U,89,78,,,,0,,,,,,,,,,2,,0,Lewisburg,PA,1,144,,,,-5.0,"37,52","41,37"
ncaab:401365861,ncaab,2022-02-26T19:30Z,final,2166,2230,Davidson,Fordham,66,45,,,,0,,,,,,,,,,2,,0,Davidson,NC,1,256,,,,-5.0,"28,38","23,22"
ncaab:401365720,ncaab,2022-02-26T20:00Z,final,2710,2172,W Illinois,Denver,77,83,,,,0,,,,,,,,,,2,,0,Macomb,IL,1,215,,,,-6.0,"31,46","36,47"
ncaab:401368346,ncaab,2022-02-26T20:00Z,final,2473,325,Oakland,Cleveland St,65,57,,,,0,,,,,,,,,,2,,0,Rochester,MI,1,229,,,,-5.0,"30,35","27,30"
ncaab:401369923,ncaab,2022-02-26T20:00Z,final,103,228,Boston College,Clemson,60,70,,,,0,,,,,,,,,,2,,0,Chestnut Hill,MA,1,60,,,,-5.0,"25,35","28,42"
ncaab:401370090,ncaab,2022-02-26T20:00Z,final,2390,259,Miami,Virginia Tech,70,71,,,,0,,,,,,,,,,2,,0,Coral Gables,FL,1,3,,,,-5.0,"35,35","33,38"
ncaab:401371545,ncaab,2022-02-26T20:00Z,final,2130,166,Chicago St,New Mexico St,61,59,,,,0,,,,,,,,,,2,,0,Chicago,IL,1,179,,,,-6.0,"32,29","28,31"
ncaab:401364954,ncaab,2022-02-26T20:30Z,final,145,245,Ole Miss,Texas A&M,66,76,,,,0,,,,,,,,,,2,,0,Oxford,MS,1,154,,,,-6.0,"23,43","46,30"
ncaab:401365184,ncaab,2022-02-26T20:30Z,final,2050,2199,Ball State,E Michigan,75,64,,,,0,,,,,,,,,,2,,0,Muncie,IN,1,284,,,,-5.0,"32,43","32,32"
ncaab:401373151,ncaab,2022-02-26T20:30Z,final,2755,50,Grambling,Florida A&M,73,79,,,,0,,,,,,,,,,2,,0,Grambling,LA,1,93,,,,-6.0,"26,47","38,41"
ncaab:401373608,ncaab,2022-02-26T20:30Z,final,2752,2550,Xavier,Seton Hall,66,82,,,,0,,,,,,,,,,2,,0,Cincinnati,OH,1,191,,,,-5.0,"31,35","39,43"
ncaab:401364793,ncaab,2022-02-26T21:00Z,final,167,2005,New Mexico,Air Force,69,65,,,,0,,,,,,,,,,2,,0,Albuquerque,NM,1,1511,,,,-7.0,"24,45","30,35"
ncaab:401364957,ncaab,2022-02-26T21:00Z,final,2633,2,Tennessee,Auburn,67,62,,,,0,,,,,,,,,,2,,0,Knoxville,TN,1,276,,,,-5.0,"25,42","31,31"
ncaab:401365493,ncaab,2022-02-26T21:00Z,final,256,119,James Madison,Towson,59,95,,,,0,,,,,,,,,,2,,0,Harrisonburg,VA,1,404,,,,-5.0,"21,38","45,50"
ncaab:401365494,ncaab,2022-02-26T21:00Z,final,2182,232,Drexel,Charleston,80,79,,,,0,,,,,,,,,,2,,0,Philadelphia,PA,1,12,,,,-5.0,"31,49","42,37"
ncaab:401365495,ncaab,2022-02-26T21:00Z,final,48,350,Delaware,UNC Wilmington,62,69,,,,0,,,,,,,,,,2,,0,Newark,DE,1,38,,,,-5.0,"23,39","26,43"
ncaab:401365584,ncaab,2022-02-26T21:00Z,final,236,2535,Chattanooga,Samford,70,57,,,,0,,,,,,,,,,2,,0,Chattanooga,TN,1,206,,,,-5.0,"34,36","26,31"
ncaab:401367417,ncaab,2022-02-26T21:00Z,final,2287,282,Illinois St,Indiana St,86,66,,,,0,,,,,,,,,,2,,0,Normal,IL,1,244,,,,-6.0,"44,42","36,30"
ncaab:401367420,ncaab,2022-02-26T21:00Z,final,2181,79,Drake,S Illinois,62,60,,,,0,,,,,,,,,,2,,0,Des Moines,IA,1,266,,,,-6.0,"34,28","20,40"
ncaab:401369710,ncaab,2022-02-26T21:00Z,final,261,2349,Vermont,UMass Lowell,62,61,,,,0,,,,,,,,,,2,,0,Burlington,VT,1,61,,,,-5.0,"32,30","25,36"
ncaab:401370053,ncaab,2022-02-26T21:00Z,final,258,52,Virginia,Florida St,63,64,,,,0,,,,,,,,,,2,,0,Charlottesville,VA,1,142,,,,-5.0,"34,29","29,35"
ncaab:401370787,ncaab,2022-02-26T21:00Z,final,2737,2127,Winthrop,Charleston So,92,86,,,,0,,,,,,,,,,2,,0,Rock Hill,SC,1,207,,,,-5.0,"47,45","43,43"
ncaab:401370788,ncaab,2022-02-26T21:00Z,final,2908,2241,SC Upstate,Gardner-Webb,72,70,,,,0,,,,,,,,,,2,,0,Spartanburg,SC,1,246,,,,-5.0,"36,36","41,29"
ncaab:401370815,ncaab,2022-02-26T21:00Z,final,2803,2681,Bryant,Wagner,78,70,,,,0,,,,,,,,,,2,,0,Smithfield,RI,1,84,,,,-5.0,"35,43","41,29"
ncaab:401371546,ncaab,2022-02-26T21:00Z,final,3084,2856,Utah Valley,CA Baptist,63,54,,,,0,,,,,,,,,,2,,0,Orem,UT,1,1455,,,,-7.0,"30,33","18,36"
ncaab:401371683,ncaab,2022-02-26T21:00Z,final,2466,2443,N'Western St,LSU N Orleans,87,77,,,,0,,,,,,,,,,2,,0,Natchitoches,LA,1,36,,,,-6.0,"38,49","31,46"
ncaab:401372585,ncaab,2022-02-26T21:00Z,final,2464,2692,N Arizona,Weber St,49,73,,,,0,,,,,,,,,,2,,0,Flagstaff,AZ,1,2104,,,,-7.0,"27,22","35,38"
ncaab:401372671,ncaab,2022-02-26T21:00Z,final,2429,2226,Charlotte,FAU,69,74,,,,0,,,,,,,,,,2,,0,Charlotte,NC,1,229,,,,-5.0,"34,35","32,42"
ncaab:401372721,ncaab,2022-02-26T21:00Z,final,249,2348,North Texas,Louisiana Tech,56,49,,,,0,,,,,,,,,,2,,0,Denton,TX,1,201,,,,-6.0,"26,30","24,25"
ncaab:401373082,ncaab,2022-02-26T21:00Z,final,2379,2154,MD Eastern,Coppin St,70,50,,,,0,,,,,,,,,,2,,0,Princess Anne,MD,1,5,,,,-5.0,"33,37","16,34"
ncaab:401373746,ncaab,2022-02-26T21:00Z,final,28,2239,UC San Diego,Fullerton,81,76,,,,0,,,,,,,,,,2,,0,San Diego,CA,1,20,,,,-8.0,"52,29","29,47"
ncaab:401377479,ncaab,2022-02-26T21:00Z,final,204,26,Oregon St,UCLA,55,94,,,,0,,,,,,,,,,2,,0,Corvallis,OR,1,71,,,,-8.0,"28,27","43,51"
ncaab:401377774,ncaab,2022-02-26T21:00Z,final,151,202,East Carolina,Tulsa,64,59,,,,0,,,,,,,,,,2,,0,Greenville,NC,1,18,,,,-5.0,"34,30","36,23"
ncaab:401381694,ncaab,2022-02-26T21:00Z,final,47,2428,Howard,NC Central,77,67,,,,0,,,,,,,,,,2,,0,Washington,DC,1,,,,,,"44,33","28,39"
ncaab:401365862,ncaab,2022-02-26T21:30Z,final,113,2670,UMass,VCU,62,77,,,,0,,,,,,,,,,2,,0,Amherst,MA,1,82,,,,-5.0,"23,39","41,36"
ncaab:401370791,ncaab,2022-02-26T21:30Z,final,2427,2506,UNC Asheville,Presbyterian,98,96,,,,0,,,,,,,,,,2,,0,Asheville,NC,1,649,,,,-5.0,"39,33,8,10,8","37,35,8,10,6"
ncaab:401373063,ncaab,2022-02-26T21:30Z,final,2169,2415,Delaware St,Morgan St,69,76,,,,0,,,,,,,,,,2,,0,Dover,DE,1,9,,,,-5.0,"20,49","33,43"
ncaab:401373212,ncaab,2022-02-26T21:30Z,final,2197,2046,E Illinois,Austin Peay,52,64,,,,0,,,,,,,,,,2,,0,Charleston,IL,1,204,,,,-6.0,"30,22","40,24"
ncaab:401373252,ncaab,2022-02-26T21:30Z,final,2565,2413,SIUE,Morehead St,77,70,,,,0,,,,,,,,,,2,,0,Edwardsville,IL,1,165,,,,-6.0,"39,38","38,32"
ncaab:401368348,ncaab,2022-02-26T21:45Z,final,85,2739,IU Indy,Green Bay,41,67,,,,0,,,,,,,,,,2,,0,Indianapolis,IN,1,218,,,,-5.0,"16,25","32,35"
ncaab:401365182,ncaab,2022-02-26T22:00Z,final,189,2711,Bowling Green,W Michigan,67,78,,,,0,,,,,,,,,,2,,0,Bowling Green,OH,1,212,,,,-5.0,"36,31","32,46"
ncaab:401367418,ncaab,2022-02-26T22:00Z,final,339,2623,Evansville,Missouri St,79,88,,,,0,,,,,,,,,,2,,0,Evansville,IN,1,118,,,,-6.0,"29,50","37,51"
ncaab:401369977,ncaab,2022-02-26T22:00Z,final,87,59,Notre Dame,Georgia Tech,90,56,,,,0,,,,,,,,,,2,,0,South Bend,IN,1,211,,,,-5.0,"46,44","27,29"
ncaab:401370786,ncaab,2022-02-26T22:00Z,final,2097,2344,Campbell,Longwood,55,60,,,,0,,,,,,,,,,2,,0,Buies Creek,NC,1,63,,,,-5.0,"26,29","22,38"
ncaab:401370790,ncaab,2022-02-26T22:00Z,final,2448,2515,NC A&T,Radford,53,62,,,,0,,,,,,,,,,2,,0,Greensboro,NC,1,266,,,,-5.0,"28,25","34,28"
ncaab:401371159,ncaab,2022-02-26T22:00Z,final,2541,2501,Santa Clara,Portland,102,89,,,,0,,,,,,,,,,2,,0,Santa Clara,CA,1,23,,,,-8.0,"41,61","40,49"
ncaab:401371190,ncaab,2022-02-26T22:00Z,final,301,2539,San Diego,San Francisco,62,78,,,,0,,,,,,,,,,2,,0,San Diego,CA,1,20,,,,-8.0,"28,34","38,40"
ncaab:401371543,ncaab,2022-02-26T22:00Z,final,2617,2000,SF Austin,Abilene Chrstn,73,71,,,,0,,,,,,,,,,2,,0,Nacogdoches,TX,1,92,,,,-6.0,"34,39","29,42"
ncaab:401371682,ncaab,2022-02-26T22:00Z,final,2377,2916,McNeese,Incarnate Word,67,69,,,,0,,,,,,,,,,2,,0,Lake Charles,LA,1,4,,,,-6.0,"34,33","36,33"
ncaab:401373306,ncaab,2022-02-26T22:00Z,final,2546,93,SE Missouri,Murray St,68,70,,,,0,,,,,,,,,,2,,0,Cape Girardeau,MO,1,108,,,,-6.0,"37,31","32,38"
ncaab:401377978,ncaab,2022-02-26T22:00Z,final,2545,2447,SE Louisiana,Nicholls,83,81,,,,0,,,,,,,,,,2,,0,Hammond,LA,1,13,,,,-6.0,"34,49","48,33"
ncaab:401381763,ncaab,2022-02-26T22:00Z,final,2010,2011,Alabama A&M,Alabama St,80,65,,,,0,,,,,,,,,,2,,0,Normal,AL,1,220,,,,-6.0,"38,42","26,39"
ncaab:401364463,ncaab,2022-02-26T23:00Z,final,164,275,Rutgers,Wisconsin,61,66,,,,0,,,,,,,,,,2,,0,Piscataway,NJ,1,30,,,,-5.0,"24,37","33,33"
ncaab:401364955,ncaab,2022-02-26T23:00Z,final,333,2579,Alabama,South Carolina,90,71,,,,0,,,,,,,,,,2,,0,Tuscaloosa,AL,1,,,,,,"50,40","27,44"
ncaab:401365864,ncaab,2022-02-26T23:00Z,final,2603,179,Saint Joseph's,St Bonaventure,52,54,,,,0,,,,,,,,,,2,,0,Philadelphia,PA,1,12,,,,-5.0,"25,27","24,30"
ncaab:401367419,ncaab,2022-02-26T23:00Z,final,2460,2350,Northern Iowa,Loyola Chicago,102,96,,,,0,,,,,,,,,,2,,0,Cedar Falls,IA,1,268,,,,-6.0,"46,41,15","46,41,9"
ncaab:401368430,ncaab,2022-02-26T23:00Z,final,2628,2641,TCU,Texas Tech,69,66,,,,0,,,,,,,,,,2,,0,Fort Worth,TX,1,199,,,,-6.0,"33,36","41,25"
ncaab:401369769,ncaab,2022-02-26T23:00Z,final,225,171,Brown,Columbia,81,74,,,,0,,,,,,,,,,2,,0,Providence,RI,1,2,,,,-5.0,"39,42","39,35"
ncaab:401370015,ncaab,2022-02-26T23:00Z,final,183,150,Syracuse,Duke,72,97,,,,0,,,,,,,,,,2,,0,Syracuse,NY,1,,,,,,"34,38","51,46"
ncaab:401377480,ncaab,2022-02-26T23:00Z,final,264,265,Washington,Washington St,78,70,,,,0,,,,,,,,,,2,,0,Seattle,WA,1,56,,,,-8.0,"28,50","34,36"
ncaab:401381704,ncaab,2022-02-26T23:00Z,final,2450,2569,Norfolk St,SC State,63,59,,,,0,,,,,,,,,,2,,0,Norfolk,VA,1,2,,,,-5.0,"34,29","18,41"
ncaab:401373272,ncaab,2022-02-26T23:25Z,final,2057,2634,Belmont,Tennessee St,87,67,,,,0,,,,,,,,,,2,,0,Nashville,TN,1,170,,,,-6.0,"46,41","31,36"
ncaab:401373129,ncaab,2022-02-26T23:30Z,final,2504,2016,Prairie View,Alcorn St,69,72,,,,0,,,,,,,,,,2,,0,Prairie View,TX,1,82,,,,-6.0,"40,29","37,35"
ncaab:401376585,ncaab,2022-02-26T23:30Z,final,2029,2400,AR-Pine Bluff,Miss Valley St,93,79,,,,0,,,,,,,,,,2,,0,Pine Bluff,AR,1,67,,,,-6.0,"54,39","45,34"
ncaab:401381771,ncaab,2022-02-26T23:30Z,final,2582,2065,Southern,Bethune,84,87,,,,0,,,,,,,,,,2,,0,Baton Rouge,LA,1,14,,,,-6.0,"34,40,10","33,41,13"
ncaab:401369707,ncaab,2022-02-26T23:31Z,final,2619,399,Stony Brook,UAlbany,66,50,,,,0,,,,,,,,,,2,,0,Stony Brook,NY,1,,,,,,"31,35","24,26"
ncaab:401365185,ncaab,2022-02-27T00:00Z,final,2117,2309,C Michigan,Kent State,71,73,,,,0,,,,,,,,,,2,,0,Mount Pleasant,MI,1,235,,,,-5.0,"31,40","30,43"
ncaab:401365583,ncaab,2022-02-27T00:00Z,final,2747,2382,Wofford,Mercer,74,67,,,,0,,,,,,,,,,2,,0,Spartanburg,SC,1,246,,,,-5.0,"25,49","34,33"
ncaab:401365585,ncaab,2022-02-27T00:00Z,final,2717,2678,W Carolina,VMI,82,73,,,,0,,,,,,,,,,2,,0,Cullowhee,NC,1,645,,,,-5.0,"43,39","28,45"
ncaab:401368350,ncaab,2022-02-27T00:00Z,final,2750,2523,Wright St,Robert Morris,71,61,,,,0,,,,,,,,,,2,,0,Dayton,OH,1,225,,,,-5.0,"29,42","32,29"
ncaab:401368351,ncaab,2022-02-27T00:00Z,final,94,2754,N Kentucky,Youngstown St,75,61,,,,0,,,,,,,,,,2,,0,Highland Heights,KY,1,260,,,,-5.0,"43,32","35,26"
ncaab:401370071,ncaab,2022-02-27T00:00Z,final,154,97,Wake Forest,Louisville,99,77,,,,0,,,,,,,,,,2,,0,Winston-Salem,NC,1,,,,,,"44,55","36,41"
ncaab:401372765,ncaab,2022-02-27T00:00Z,final,2393,98,MTSU,Western KY,69,52,,,,0,,,,,,,,,,2,,0,Murfreesboro,TN,1,186,,,,-6.0,"39,30","30,22"
ncaab:401372788,ncaab,2022-02-27T00:00Z,final,295,2229,Old Dominion,FIU,83,63,,,,0,,,,,,,,,,2,,0,Norfolk,VA,1,2,,,,-5.0,"42,41","25,38"
ncaab:401372801,ncaab,2022-02-27T00:00Z,final,242,2572,Rice,Southern Miss,77,72,,,,0,,,,,,,,,,2,,0,Houston,TX,1,12,,,,-6.0,"29,35,13","33,31,8"
ncaab:401377775,ncaab,2022-02-27T00:00Z,final,2132,58,Cincinnati,South Florida,54,56,,,,0,,,,,,,,,,2,,0,Cincinnati,OH,1,191,,,,-5.0,"27,27","25,31"
ncaab:401371324,ncaab,2022-02-27T00:30Z,final,2351,279,LMU,Pacific,90,77,,,,0,,,,,,,,,,2,,0,Los Angeles,CA,1,89,,,,-8.0,"35,55","36,41"
ncaab:401364794,ncaab,2022-02-27T01:00Z,final,2751,2440,Wyoming,Nevada,74,61,,,,0,,,,,,,,,,2,,0,Laramie,WY,1,2184,,,,-7.0,"42,32","26,35"
ncaab:401365718,ncaab,2022-02-27T01:00Z,final,2900,2437,St Thomas,Omaha,95,74,,,,0,,,,,,,,,,2,,0,Saint Paul,MN,1,242,,,,-6.0,"47,48","36,38"
ncaab:401365721,ncaab,2022-02-27T01:00Z,final,140,2571,Kansas City,S Dakota St,75,86,,,,0,,,,,,,,,,2,,0,Kansas City,MO,1,274,,,,-6.0,"36,39","45,41"
ncaab:401365722,ncaab,2022-02-27T01:00Z,final,198,233,Oral Roberts,South Dakota,87,92,,,,0,,,,,,,,,,2,,0,Tulsa,OK,1,,,,,,"42,45","41,51"
ncaab:401367421,ncaab,2022-02-27T01:00Z,final,71,2674,Bradley,Valparaiso,79,55,,,,0,,,,,,,,,,2,,0,Peoria,IL,1,153,,,,-6.0,"34,45","13,42"
ncaab:401368349,ncaab,2022-02-27T01:00Z,final,82,270,UIC,Milwaukee,71,58,,,,0,,,,,,,,,,2,,0,Chicago,IL,1,179,,,,-6.0,"37,34","31,27"
ncaab:401368427,ncaab,2022-02-27T01:00Z,final,239,2305,Baylor,Kansas,80,70,,,,0,,,,,,,,,,2,,0,Waco,TX,1,,,,,,"31,49","32,38"
ncaab:401371323,ncaab,2022-02-27T01:00Z,final,252,2492,BYU,Pepperdine,75,59,,,,0,,,,,,,,,,2,,0,Provo,UT,1,1387,,,,-7.0,"36,39","33,26"
ncaab:401371544,ncaab,2022-02-27T01:00Z,final,2627,2320,Tarleton St,Lamar,57,49,,,,0,,,,,,,,,,2,,0,Stephenville,TX,1,,,,,,"31,26","20,29"
ncaab:401371547,ncaab,2022-02-27T01:00Z,final,2253,2534,Grand Canyon,Sam Houston,67,41,,,,0,,,,,,,,,,2,,0,Phoenix,AZ,1,331,,,,-7.0,"35,32","22,19"
ncaab:401371681,ncaab,2022-02-27T01:00Z,final,2277,357,Hou Christian,Texas A&M-CC,70,75,,,,0,,,,,,,,,,2,,0,Houston,TX,1,12,,,,-6.0,"27,43","41,34"
ncaab:401372456,ncaab,2022-02-27T01:00Z,final,2458,70,N Colorado,Idaho,98,94,,,,0,,,,,,,,,,2,,0,Greeley,CO,1,1425,,,,-7.0,"53,45","40,54"
ncaab:401373743,ncaab,2022-02-27T01:00Z,final,302,2463,UC Davis,CSU Northridge,68,49,,,,0,,,,,,,,,,2,,0,Davis,CA,1,16,,,,-8.0,"36,32","24,25"
ncaab:401373744,ncaab,2022-02-27T01:00Z,final,27,2540,UC Riverside,Santa Barbara,90,97,,,,0,,,,,,,,,,2,,0,Riverside,CA,1,252,,,,-8.0,"32,39,11,8","35,36,11,15"
ncaab:401377481,ncaab,2022-02-27T01:00Z,final,38,12,Colorado,Arizona,79,63,,,,0,,,,,,,,,,2,,0,Boulder,CO,1,1624,,,,-7.0,"32,47","37,26"
ncaab:401364956,ncaab,2022-02-27T01:30Z,final,99,142,LSU,Missouri,75,55,,,,0,,,,,,,,,,2,,0,Baton Rouge,LA,1,14,,,,-6.0,"30,45","24,31"
ncaab:401373296,ncaab,2022-02-27T01:30Z,final,2635,2630,Tennessee Tech,UT Martin,88,75,,,,0,,,,,,,,,,2,,0,Cookeville,TN,1,334,,,,-6.0,"37,51","24,51"
ncaab:401373607,ncaab,2022-02-27T01:30Z,final,2507,156,Providence,Creighton,72,51,,,,0,,,,,,,,,,2,,0,Providence,RI,1,2,,,,-5.0,"35,37","26,25"
ncaab:401377483,ncaab,2022-02-27T01:30Z,final,25,24,California,Stanford,53,39,,,,0,,,,,,,,,,2,,0,Berkeley,CA,1,52,,,,-8.0,"35,18","12,27"
ncaab:401378659,ncaab,2022-02-27T01:30Z,final,2640,2296,Texas Southern,Jackson St,81,66,,,,0,,,,,,,,,,2,,0,Houston,TX,1,12,,,,-6.0,"42,39","27,39"
ncaab:401371548,ncaab,2022-02-27T02:00Z,final,3101,2547,Utah Tech,Seattle U,65,73,,,,0,,,,,,,,,,2,,0,St. George,UT,1,823,,,,-7.0,"29,36","28,45"
ncaab:401372832,ncaab,2022-02-27T02:00Z,final,2638,5,UTEP,UAB,66,69,,,,0,,,,,,,,,,2,,0,El Paso,TX,1,1133,,,,-7.0,"34,32","27,42"
ncaab:401364796,ncaab,2022-02-27T03:00Z,final,2439,68,UNLV,Boise St,76,86,,,,0,,,,,,,,,,2,,0,Las Vegas,NV,1,610,,,,-8.0,"41,35","47,39"
ncaab:401371243,ncaab,2022-02-27T03:00Z,final,2608,2250,Saint Mary's,Gonzaga,67,57,,,,0,,,,,,,,,,2,,0,Moraga,CA,1,152,,,,-8.0,"36,31","21,36"
ncaab:401372432,ncaab,2022-02-27T03:00Z,final,16,331,Sacramento St,E Washington,81,75,,,,0,,,,,,,,,,2,,0,Sacramento,CA,1,9,,,,-8.0,"35,46","37,38"
ncaab:401372502,ncaab,2022-02-27T03:00Z,final,2502,304,Portland St,Idaho St,73,69,,,,0,,,,,,,,,,2,,0,Portland,OR,1,12,,,,-8.0,"24,36,13","34,26,9"
ncaab:401377482,ncaab,2022-02-27T03:00Z,final,2483,30,Oregon,USC,69,70,,,,0,,,,,,,,,,2,,0,Eugene,OR,1,131,,,,-8.0,"32,37","31,39"
ncaab:401382646,ncaab,2022-02-27T03:00Z,final,254,9,Utah,Arizona St,61,63,,,,0,,,,,,,,,,2,,0,Salt Lake City,UT,1,1299,,,,-7.0,"30,31","33,30"
ncaab:401364797,ncaab,2022-02-27T03:30Z,final,328,36,Utah State,Colorado St,55,66,,,,0,,,,,,,,,,2,,0,Logan,UT,1,1382,,,,-7.0,"24,31","30,36"
ncaab:401373742,ncaab,2022-02-27T04:59Z,final,62,2934,Hawai'i,Bakersfield,62,50,,,,0,,,,,,,,,,2,,0,Honolulu,HI,1,5,,,,-10.0,"28,34","30,20"
ncaab:401373745,ncaab,2022-02-27T04:59Z,final,300,299,UC Irvine,Long Beach St,77,72,,,,0,,,,,,,,,,2,,0,Irvine,CA,1,17,,,,-8.0,"46,31","23,49"
ncaab:401373609,ncaab,2022-02-27T17:00Z,final,46,41,Georgetown,UConn,77,86,,,,0,,,,,,,,,,2,,0,Washington,DC,1,,,,,,"26,51","41,45"
ncaab:401400272,ncaab,2022-02-27T17:00Z,final,108,163,Harvard,Princeton,73,74,,,,0,,,,,,,,,,2,,0,Cambridge,MA,1,5,,,,-5.0,"32,41","34,40"
ncaab:401377776,ncaab,2022-02-27T17:30Z,final,248,2567,Houston,SMU,75,61,,,,0,,,,,,,,,,2,,0,Houston,TX,1,12,,,,-6.0,"37,38","22,39"
ncaab:401365396,ncaab,2022-02-27T18:00Z,final,2514,2099,Quinnipiac,Canisius,67,72,,,,0,,,,,,,,,,2,,0,Hamden,CT,1,31,,,,-5.0,"40,27","27,45"
ncaab:401364464,ncaab,2022-02-27T19:00Z,final,130,356,Michigan,Illinois,85,93,,,,0,,,,,,,,,,2,,0,Ann Arbor,MI,1,269,,,,-5.0,"38,47","46,47"
ncaab:401365392,ncaab,2022-02-27T19:00Z,final,2520,314,Rider,Iona,61,67,,,,0,,,,,,,,,,2,,0,Lawrenceville,NJ,1,37,,,,-5.0,"25,36","34,33"
ncaab:401365393,ncaab,2022-02-27T19:00Z,final,2561,2405,Siena,Monmouth,70,59,,,,0,,,,,,,,,,2,,0,Albany,NY,1,45,,,,-5.0,"33,37","31,28"
ncaab:401365394,ncaab,2022-02-27T19:00Z,final,2612,315,Saint Peter's,Niagara,63,36,,,,0,,,,,,,,,,2,,0,Jersey City,NJ,1,9,,,,-5.0,"31,32","16,20"
ncaab:401365395,ncaab,2022-02-27T19:00Z,final,2363,2217,Manhattan,Fairfield,62,66,,,,0,,,,,,,,,,2,,0,Riverdale,NY,1,159,,,,-8.0,"29,33","31,35"
ncaab:401365865,ncaab,2022-02-27T19:30Z,final,2244,45,George Mason,G Washington,69,62,,,,0,,,,,,,,,,2,,0,Fairfax,VA,1,131,,,,-5.0,"28,41","33,29"
ncaab:401377778,ncaab,2022-02-27T19:30Z,final,235,2724,Memphis,Wichita St,81,57,,,,0,,,,,,,,,,2,,0,Memphis,TN,1,78,,,,-6.0,"39,42","17,40"
ncaab:401377777,ncaab,2022-02-27T20:00Z,final,218,2655,Temple,Tulane,75,70,,,,0,,,,,,,,,,2,,0,Philadelphia,PA,1,12,,,,-5.0,"29,46","31,39"
ncaab:401364466,ncaab,2022-02-27T21:00Z,final,120,194,Maryland,Ohio State,75,60,,,,0,,,,,,,,,,2,,0,College Park,MD,1,21,,,,-5.0,"32,43","28,32"
ncaab:401365586,ncaab,2022-02-27T21:00Z,final,2430,2193,UNC Greensboro,ETSU,69,73,,,,0,,,,,,,,,,2,,0,Greensboro,NC,1,266,,,,-5.0,"29,40","28,45"
ncaab:401372520,ncaab,2022-02-27T22:00Z,final,149,147,Montana,Montana St,80,74,,,,0,,,,,,,,,,2,,0,Missoula,MT,1,978,,,,-7.0,"44,36","33,41"
ncaab:401373610,ncaab,2022-02-27T22:00Z,final,305,2599,DePaul,St John's,99,94,,,,0,,,,,,,,,,2,,0,Chicago,IL,1,179,,,,-6.0,"47,52","41,53"
ncaab:401364465,ncaab,2022-02-27T23:00Z,final,135,84,Minnesota,Indiana,79,84,,,,0,,,,,,,,,,2,,0,Minneapolis,MN,1,253,,,,-6.0,"33,46","40,44"
ncaab:401364467,ncaab,2022-02-28T00:00Z,final,213,158,Penn State,Nebraska,70,93,,,,0,,,,,,,,,,2,,0,University Park,PA,1,,,,,,"31,39","49,44"
ncaab:401418130,ncaab,2022-02-28T23:00Z,final,119,48,Towson,Delaware,69,57,,,,0,,,,,,,,,,2,,0,Towson,MD,1,,,,,,"27,42","38,19"
