id,league,start,status,home,away,home_name,away_name,home_score,away_score,ml_home,ml_away,odds_time,neutral,ml_home_open,ml_away_open,spread_home,spread_home_odds,spread_away_odds,inj_home,inj_away,sp_home,sp_away,stype,country,intl,city,state,indoor,elev,wx_temp,wx_wind,wx_rain,tzo,ls_home,ls_away
ncaab:401483055,ncaab,2022-12-01T00:00Z,final,61,2261,Georgia,Hampton,73,54,,,,0,,,,,,,,,,2,,0,Athens,GA,1,228,,,,-5.0,"41,32","26,28"
ncaab:401483252,ncaab,2022-12-01T00:00Z,final,2670,238,VCU,Vanderbilt,70,65,,,,0,,,,,,,,,,2,,0,Richmond,VA,1,64,,,,-5.0,"35,35","28,37"
ncaab:401485515,ncaab,2022-12-01T00:00Z,final,2193,2369,ETSU,Mars Hill,84,56,,,,0,,,,,,,,,,2,,0,Johnson City,TN,1,498,,,,-5.0,"39,45","28,28"
ncaab:401487369,ncaab,2022-12-01T00:00Z,final,159,126751,Dartmouth,VTSU Johnson,99,41,,,,0,,,,,,,,,,2,,0,Hanover,NH,1,162,,,,-5.0,"40,59","17,24"
ncaab:401487433,ncaab,2022-12-01T00:00Z,final,107,108,Holy Cross,Harvard,38,72,,,,0,,,,,,,,,,2,,0,Worcester,MA,1,,,,,,"17,21","33,39"
ncaab:401487475,ncaab,2022-12-01T00:00Z,final,43,47,Yale,Howard,86,40,,,,0,,,,,,,,,,2,,0,New Haven,CT,1,18,,,,-5.0,"47,39","23,17"
ncaab:401487522,ncaab,2022-12-01T00:00Z,final,42,161,Hartford,FDU,74,66,,,,0,,,,,,,,,,2,,0,West Hartford,CT,1,,,,,,"37,37","33,33"
ncaab:401487615,ncaab,2022-12-01T00:00Z,final,2168,2711,Dayton,W Michigan,67,47,,,,0,,,,,,,,,,2,,0,Dayton,OH,1,225,,,,-5.0,"37,30","24,23"
ncaab:401487638,ncaab,2022-12-01T00:00Z,final,2244,2275,George Mason,Hofstra,81,77,,,,0,,,,,,,,,,2,,0,Fairfax,VA,1,131,,,,-5.0,"26,42,13","31,37,9"
ncaab:401487671,ncaab,2022-12-01T00:00Z,final,2649,257,Toledo,Richmond,90,67,,,,0,,,,,,,,,,2,,0,Toledo,OH,1,,,,,,"40,50","33,34"
ncaab:401487693,ncaab,2022-12-01T00:00Z,final,179,2393,St Bonaventure,MTSU,71,64,,,,0,,,,,,,,,,2,,0,Saint Bonaventure,NY,1,435,,,,-5.0,"29,42","35,29"
ncaab:401489665,ncaab,2022-12-01T00:00Z,final,2448,2430,NC A&T,UNC Greensboro,73,56,,,,0,,,,,,,,,,2,,0,Greensboro,NC,1,266,,,,-5.0,"33,40","34,22"
ncaab:401489674,ncaab,2022-12-01T00:00Z,final,2132,2885,Cincinnati,NJIT,86,60,,,,0,,,,,,,,,,2,,0,Cincinnati,OH,1,191,,,,-5.0,"45,41","31,29"
ncaab:401489685,ncaab,2022-12-01T00:00Z,final,2717,2241,W Carolina,Gardner-Webb,55,71,,,,0,,,,,,,,,,2,,0,Cullowhee,NC,1,645,,,,-5.0,"21,34","36,35"
ncaab:401489708,ncaab,2022-12-01T00:00Z,final,2378,2154,UMBC,Coppin St,109,82,,,,0,,,,,,,,,,2,,0,Baltimore,MD,1,10,,,,-5.0,"65,44","36,46"
ncaab:401489717,ncaab,2022-12-01T00:00Z,final,2226,6,FAU,South Alabama,84,59,,,,0,,,,,,,,,,2,,0,Boca Raton,FL,1,4,,,,-5.0,"29,55","20,39"
ncaab:401490121,ncaab,2022-12-01T00:00Z,final,282,2181,Indiana St,Drake,75,73,,,,0,,,,,,,,,,2,,0,Terre Haute,IN,1,,,,,,"42,33","34,39"
ncaab:401491674,ncaab,2022-12-01T00:00Z,final,160,2529,New Hampshire,Sacred Heart,61,66,,,,0,,,,,,,,,,2,,0,Durham,NH,1,15,,,,-5.0,"33,28","29,37"
ncaab:401491711,ncaab,2022-12-01T00:00Z,final,2127,2643,Charleston So,The Citadel,73,76,,,,0,,,,,,,,,,2,,0,Charleston,SC,1,6,,,,-5.0,"34,39","42,34"
ncaab:401491724,ncaab,2022-12-01T00:00Z,final,2272,2210,High Point,Elon,84,70,,,,0,,,,,,,,,,2,,0,High Point,NC,1,281,,,,-5.0,"41,43","31,39"
ncaab:401491822,ncaab,2022-12-01T00:00Z,final,2182,322,Drexel,Lafayette,64,56,,,,0,,,,,,,,,,2,,0,Philadelphia,PA,1,12,,,,-5.0,"30,34","29,27"
ncaab:401491880,ncaab,2022-12-01T00:00Z,final,276,2006,Marshall,Akron,68,57,,,,0,,,,,,,,,,2,,0,Huntington,WV,1,173,,,,-5.0,"37,31","25,32"
ncaab:401492258,ncaab,2022-12-01T00:00Z,final,2083,2598,Bucknell,Saint Francis,89,65,,,,0,,,,,,,,,,2,,0,Lewisburg,PA,1,144,,,,-5.0,"33,56","32,33"
ncaab:401492298,ncaab,2022-12-01T00:00Z,final,2635,236,Tennessee Tech,Chattanooga,74,81,,,,0,,,,,,,,,,2,,0,Cookeville,TN,1,334,,,,-6.0,"45,29","34,47"
ncaab:401492351,ncaab,2022-12-01T00:00Z,final,2379,2329,MD Eastern,Lehigh,64,60,,,,0,,,,,,,,,,2,,0,Princess Anne,MD,1,5,,,,-5.0,"27,37","27,33"
ncaab:401492371,ncaab,2022-12-01T00:00Z,final,163,3216,Princeton,Cairn,92,58,,,,0,,,,,,,,,,2,,0,Princeton,NJ,1,62,,,,-5.0,"51,41","22,36"
ncaab:401492451,ncaab,2022-12-01T00:00Z,final,284,412,Stonehill,East Nazarene,92,45,,,,0,,,,,,,,,,2,,0,South Easton,MA,1,33,,,,-5.0,"50,42","19,26"
ncaab:401492626,ncaab,2022-12-01T00:00Z,final,2908,3242,SC Upstate,Columbia Int'l,93,59,,,,0,,,,,,,,,,2,,0,Spartanburg,SC,1,246,,,,-5.0,"45,48","35,24"
ncaab:401492636,ncaab,2022-12-01T00:00Z,final,2229,2199,FIU,E Michigan,68,80,,,,0,,,,,,,,,,2,,0,Miami,FL,1,2,,,,-5.0,"35,33","27,53"
ncaab:401493747,ncaab,2022-12-01T00:00Z,final,195,108799,Ohio,Clermont (OH),113,44,,,,0,,,,,,,,,,2,,0,Athens,OH,1,219,,,,-5.0,"62,51","17,27"
ncaab:401479678,ncaab,2022-12-01T00:15Z,final,150,194,Duke,Ohio State,81,72,,,,0,,,,,,,,,,2,,0,Durham,NC,1,123,,,,-5.0,"39,42","29,43"
ncaab:401479679,ncaab,2022-12-01T00:15Z,final,52,2509,Florida St,Purdue,69,79,,,,0,,,,,,,,,,2,,0,Tallahassee,FL,1,,,,,,"32,37","34,45"
ncaab:401479680,ncaab,2022-12-01T00:15Z,final,2390,164,Miami,Rutgers,68,61,,,,0,,,,,,,,,,2,,0,Coral Gables,FL,1,3,,,,-5.0,"33,35","34,27"
ncaab:401483234,ncaab,2022-12-01T00:15Z,final,2633,2377,Tennessee,McNeese,76,40,,,,0,,,,,,,,,,2,,0,Knoxville,TN,1,276,,,,-5.0,"30,46","14,26"
ncaab:401485321,ncaab,2022-12-01T00:30Z,final,290,526,GA Southern,FGCU,53,70,,,,0,,,,,,,,,,2,,0,Statesboro,GA,1,77,,,,-5.0,"24,29","28,42"
ncaab:401487134,ncaab,2022-12-01T00:30Z,final,5,294,UAB,Jacksonville,80,61,,,,0,,,,,,,,,,2,,0,Birmingham,AL,1,187,,,,-6.0,"37,43","26,35"
ncaab:401489081,ncaab,2022-12-01T00:30Z,final,292,357,UT Rio Grande,Texas A&M-CC,89,82,,,,0,,,,,,,,,,2,,0,Edinburg,TX,1,30,,,,-6.0,"39,50","42,40"
ncaab:401489536,ncaab,2022-12-01T00:30Z,final,324,350,Coastal,UNC Wilmington,58,60,,,,0,,,,,,,,,,2,,0,Conway,SC,1,10,,,,-5.0,"23,35","23,37"
ncaab:401489603,ncaab,2022-12-01T00:30Z,final,2916,2937,Incarnate Word,Dallas Chrstn,112,64,,,,0,,,,,,,,,,2,,0,San Antonio,TX,1,198,,,,-6.0,"67,45","36,28"
ncaab:401490465,ncaab,2022-12-01T00:30Z,final,2597,2169,St Francis BK,Delaware St,81,73,,,,0,,,,,,,,,,2,,0,Brooklyn,NY,1,15,,,,-5.0,"42,39","26,47"
ncaab:401479685,ncaab,2022-12-01T01:00Z,final,2628,2507,TCU,Providence,75,62,,,,0,,,,,,,,,,2,,0,Fort Worth,TX,1,199,,,,-6.0,"38,37","33,29"
ncaab:401479686,ncaab,2022-12-01T01:00Z,final,2641,46,Texas Tech,Georgetown,79,65,,,,0,,,,,,,,,,2,,0,Lubbock,TX,1,976,,,,-6.0,"41,38","26,39"
ncaab:401483034,ncaab,2022-12-01T01:00Z,final,57,50,Florida,Florida A&M,102,62,,,,0,,,,,,,,,,2,,0,Gainesville,FL,1,54,,,,-5.0,"50,52","31,31"
ncaab:401483240,ncaab,2022-12-01T01:00Z,final,245,2567,Texas A&M,SMU,83,64,,,,0,,,,,,,,,,2,,0,College Station,TX,1,103,,,,-6.0,"45,38","36,28"
ncaab:401483270,ncaab,2022-12-01T01:00Z,final,66,155,Iowa State,North Dakota,63,44,,,,0,,,,,,,,,,2,,0,Ames,IA,1,287,,,,-6.0,"26,37","24,20"
ncaab:401485014,ncaab,2022-12-01T01:00Z,final,2520,2405,Rider,Monmouth,88,62,,,,0,,,,,,,,,,2,,0,Lawrenceville,NJ,1,37,,,,-5.0,"37,51","27,35"
ncaab:401487109,ncaab,2022-12-01T01:00Z,final,242,2504,Rice,Prairie View,70,62,,,,0,,,,,,,,,,2,,0,Houston,TX,1,12,,,,-6.0,"25,45","32,30"
ncaab:401488730,ncaab,2022-12-01T01:00Z,final,235,2453,Memphis,North Alabama,87,68,,,,0,,,,,,,,,,2,,0,Memphis,TN,1,78,,,,-6.0,"46,41","28,40"
ncaab:401490120,ncaab,2022-12-01T01:00Z,final,71,2460,Bradley,Northern Iowa,68,53,,,,0,,,,,,,,,,2,,0,Peoria,IL,1,153,,,,-6.0,"29,39","30,23"
ncaab:401490122,ncaab,2022-12-01T01:00Z,final,339,79,Evansville,S Illinois,53,80,,,,0,,,,,,,,,,2,,0,Evansville,IN,1,118,,,,-6.0,"21,32","41,39"
ncaab:401490123,ncaab,2022-12-01T01:00Z,final,82,2623,UIC,Missouri St,51,66,,,,0,,,,,,,,,,2,,0,Chicago,IL,1,179,,,,-6.0,"26,25","32,34"
ncaab:401491809,ncaab,2022-12-01T01:00Z,final,2046,98,Austin Peay,Western KY,74,75,,,,0,,,,,,,,,,2,,0,Clarksville,TN,1,145,,,,-6.0,"33,41","32,43"
ncaab:401493744,ncaab,2022-12-01T01:00Z,final,2197,2459,E Illinois,N Illinois,70,90,,,,0,,,,,,,,,,2,,0,Charleston,IL,1,204,,,,-6.0,"36,34","42,48"
ncaab:401493796,ncaab,2022-12-01T01:00Z,final,2815,3107,Lindenwood,East West,103,56,,,,0,,,,,,,,,,2,,0,Saint Charles,MO,1,147,,,,-6.0,"46,57","32,24"
ncaab:401493955,ncaab,2022-12-01T01:00Z,final,2000,126750,Abilene Chrstn,N American,93,46,,,,0,,,,,,,,,,2,,0,Abilene,TX,1,524,,,,-6.0,"41,52","19,27"
ncaab:401487631,ncaab,2022-12-01T01:10Z,final,2230,311,Fordham,Maine,72,67,,,,0,,,,,,,,,,2,,0,Bronx,NY,1,28,,,,-5.0,"28,44","34,33"
ncaab:401485163,ncaab,2022-12-01T01:30Z,final,2752,2545,Xavier,SE Louisiana,95,63,,,,0,,,,,,,,,,2,,0,Cincinnati,OH,1,191,,,,-5.0,"43,52","19,44"
ncaab:401487456,ncaab,2022-12-01T01:30Z,final,219,2603,Penn,Saint Joseph's,80,85,,,,0,,,,,,,,,,2,,0,Philadelphia,PA,1,12,,,,-5.0,"36,38,6","29,45,11"
ncaab:401493817,ncaab,2022-12-01T01:30Z,final,2710,88,W Illinois,S Indiana,86,78,,,,0,,,,,,,,,,2,,0,Macomb,IL,1,215,,,,-6.0,"36,50","34,44"
ncaab:401483219,ncaab,2022-12-01T02:00Z,final,45,2579,G Washington,South Carolina,79,55,,,,0,,,,,,,,,,2,,0,Washington,DC,1,,,,,,"40,39","20,35"
ncaab:401485164,ncaab,2022-12-01T02:00Z,final,305,2535,DePaul,Samford,103,98,,,,0,,,,,,,,,,2,,0,Chicago,IL,1,179,,,,-6.0,"50,39,14","49,40,9"
ncaab:401485323,ncaab,2022-12-01T02:00Z,final,2350,2110,Loyola Chicago,C Arkansas,85,70,,,,0,,,,,,,,,,2,,0,Chicago,IL,1,179,,,,-6.0,"35,50","31,39"
ncaab:401487158,ncaab,2022-12-01T02:00Z,final,166,2638,New Mexico St,UTEP,95,70,,,,0,,,,,,,,,,2,,0,Las Cruces,NM,1,1191,,,,-7.0,"44,51","31,39"
ncaab:401487282,ncaab,2022-12-01T02:00Z,final,2005,2029,Air Force,AR-Pine Bluff,81,53,,,,0,,,,,,,,,,2,,0,Colorado Springs,CO,1,1832,,,,-7.0,"41,40","23,30"
ncaab:401487292,ncaab,2022-12-01T02:00Z,final,36,2351,Colorado St,LMU,87,71,,,,0,,,,,,,,,,2,,0,Fort Collins,CO,1,1525,,,,-7.0,"32,55","27,44"
ncaab:401487684,ncaab,2022-12-01T02:00Z,final,139,2634,Saint Louis,Tennessee St,80,63,,,,0,,,,,,,,,,2,,0,St. Louis,MO,1,142,,,,-6.0,"36,44","26,37"
ncaab:401488782,ncaab,2022-12-01T02:00Z,void,331,2465,E Washington,Northwest U,,,,,,0,,,,,,,,,,2,,0,Cheney,WA,1,717,,,,-8.0,,
ncaab:401489096,ncaab,2022-12-01T02:00Z,final,253,147,Southern Utah,Montana St,83,86,,,,0,,,,,,,,,,2,,0,Cedar City,UT,1,1782,,,,-7.0,"35,48","46,40"
ncaab:401479683,ncaab,2022-12-01T02:20Z,final,158,103,Nebraska,Boston College,88,67,,,,0,,,,,,,,,,2,,0,Lincoln,NE,1,367,,,,-6.0,"37,51","34,33"
ncaab:401479681,ncaab,2022-12-01T02:25Z,final,84,153,Indiana,North Carolina,77,65,,,,0,,,,,,,,,,2,,0,Bloomington,IN,1,235,,,,-5.0,"35,42","29,36"
ncaab:401479682,ncaab,2022-12-01T02:25Z,final,87,127,Notre Dame,Michigan St,70,52,,,,0,,,,,,,,,,2,,0,South Bend,IN,1,211,,,,-5.0,"42,28","24,28"
ncaab:401483447,ncaab,2022-12-01T03:00Z,final,25,30,California,USC,51,66,,,,0,,,,,,,,,,2,,0,Berkeley,CA,1,52,,,,-8.0,"22,29","27,39"
ncaab:401487356,ncaab,2022-12-01T03:00Z,final,2608,167,Saint Mary's,New Mexico,65,69,,,,0,,,,,,,,,,2,,0,Moraga,CA,1,152,,,,-8.0,"23,42","27,42"
ncaab:401489023,ncaab,2022-12-01T03:00Z,final,2501,109661,Portland,Multnomah,100,79,,,,0,,,,,,,,,,2,,0,Portland,OR,1,12,,,,-8.0,"41,59","34,45"
ncaab:401489032,ncaab,2022-12-01T03:00Z,void,2492,13,Pepperdine,Cal Poly,,,,,,0,,,,,,,,,,2,,0,Malibu,CA,1,32,,,,-8.0,,
ncaab:401489104,ncaab,2022-12-01T03:00Z,final,2547,2239,Seattle U,Fullerton,69,62,,,,0,,,,,,,,,,2,,0,Seattle,WA,1,56,,,,-8.0,"28,41","35,27"
ncaab:401489484,ncaab,2022-12-01T03:00Z,final,2856,27,CA Baptist,UC Riverside,65,60,,,,0,,,,,,,,,,2,,0,Riverside,CA,1,252,,,,-8.0,"24,41","34,26"
ncaab:401491699,ncaab,2022-12-01T03:00Z,final,2502,3217,Portland St,Portland Bible,114,31,,,,0,,,,,,,,,,2,,0,Portland,OR,1,12,,,,-8.0,"63,51","9,22"
ncaab:401493799,ncaab,2022-12-01T03:00Z,final,2539,2031,San Francisco,Little Rock,90,68,,,,0,,,,,,,,,,2,,0,San Francisco,CA,1,16,,,,-8.0,"49,41","24,44"
ncaab:401501968,ncaab,2022-12-01T04:59Z,final,62,2837,Hawai'i,East Texas A&M,51,53,,,,0,,,,,,,,,,2,,0,Honolulu,HI,1,5,,,,-10.0,"15,36","23,30"
ncaab:401479689,ncaab,2022-12-01T23:30Z,final,41,197,UConn,Oklahoma St,74,64,,,,0,,,,,,,,,,2,,0,Storrs,CT,1,,,,,,"48,26","31,33"
ncaab:401469974,ncaab,2022-12-02T00:00Z,final,2870,2174,Purdue FW,Detroit Mercy,66,75,,,,0,,,,,,,,,,2,,0,Fort Wayne,IN,1,247,,,,-5.0,"26,40","37,38"
ncaab:401469975,ncaab,2022-12-02T00:00Z,final,325,2473,Cleveland St,Oakland,80,64,,,,0,,,,,,,,,,2,,0,Cleveland,OH,1,199,,,,-5.0,"41,39","29,35"
ncaab:401469977,ncaab,2022-12-02T00:00Z,final,2750,2523,Wright St,Robert Morris,59,80,,,,0,,,,,,,,,,2,,0,Dayton,OH,1,225,,,,-5.0,"36,23","44,36"
ncaab:401469978,ncaab,2022-12-02T00:00Z,final,94,2754,N Kentucky,Youngstown St,77,73,,,,0,,,,,,,,,,2,,0,Highland Heights,KY,1,260,,,,-5.0,"33,25,7,12","34,24,7,8"
ncaab:401479688,ncaab,2022-12-02T00:00Z,final,251,156,Texas,Creighton,72,67,,,,0,,,,,,,,,,2,,0,Austin,TX,1,149,,,,-6.0,"32,40","27,40"
ncaab:401486955,ncaab,2022-12-02T00:00Z,final,2363,2217,Manhattan,Fairfield,56,53,,,,0,,,,,,,,,,2,,0,Riverdale,NY,1,159,,,,-8.0,"24,32","27,26"
ncaab:401486956,ncaab,2022-12-02T00:00Z,final,2612,116,Saint Peter's,Mount St Marys,58,73,,,,0,,,,,,,,,,2,,0,Jersey City,NJ,1,9,,,,-5.0,"29,29","27,46"
ncaab:401489522,ncaab,2022-12-02T00:00Z,final,2247,109014,Georgia St,Middle Georgia,79,53,,,,0,,,,,,,,,,2,,0,Atlanta,GA,1,320,,,,-5.0,"38,41","25,28"
ncaab:401489679,ncaab,2022-12-02T00:00Z,final,261,551,Vermont,VTSU Lyndon,101,63,,,,0,,,,,,,,,,2,,0,Burlington,VT,1,61,,,,-5.0,"54,47","37,26"
ncaab:401489704,ncaab,2022-12-02T00:00Z,final,2747,2506,Wofford,Presbyterian,76,63,,,,0,,,,,,,,,,2,,0,Spartanburg,SC,1,246,,,,-5.0,"37,39","30,33"
ncaab:401490513,ncaab,2022-12-02T00:00Z,final,48,172,Delaware,Cornell,67,74,,,,0,,,,,,,,,,2,,0,Newark,DE,1,38,,,,-5.0,"32,35","30,44"
ncaab:401491741,ncaab,2022-12-02T00:00Z,final,2515,2428,Radford,NC Central,80,78,,,,0,,,,,,,,,,2,,0,Radford,VA,1,567,,,,-5.0,"45,35","32,46"
ncaab:401469976,ncaab,2022-12-02T01:00Z,final,2739,270,Green Bay,Milwaukee,67,81,,,,0,,,,,,,,,,2,,0,Ashwaubenon,WI,1,185,,,,-6.0,"33,34","43,38"
ncaab:401489546,ncaab,2022-12-02T01:00Z,final,2032,2400,Arkansas St,Miss Valley St,58,38,,,,0,,,,,,,,,,2,,0,Jonesboro,AR,1,99,,,,-6.0,"30,28","20,18"
ncaab:401489591,ncaab,2022-12-02T01:00Z,final,2277,2172,Hou Christian,Denver,83,93,,,,0,,,,,,,,,,2,,0,Houston,TX,1,12,,,,-6.0,"44,39","49,44"
ncaab:401490124,ncaab,2022-12-02T01:00Z,final,2057,2674,Belmont,Valparaiso,76,64,,,,0,,,,,,,,,,2,,0,Nashville,TN,1,170,,,,-6.0,"33,43","27,37"
ncaab:401490125,ncaab,2022-12-02T01:00Z,final,93,2287,Murray St,Illinois St,70,67,,,,0,,,,,,,,,,2,,0,Murray,KY,1,163,,,,-6.0,"35,27,8","27,35,5"
ncaab:401492205,ncaab,2022-12-02T01:00Z,final,2065,2130,Bethune,Chicago St,86,73,,,,0,,,,,,,,,,2,,0,Daytona Beach,FL,1,4,,,,-5.0,"39,47","28,45"
ncaab:401483429,ncaab,2022-12-02T01:30Z,final,254,12,Utah,Arizona,81,66,,,,0,,,,,,,,,,2,,0,Salt Lake City,UT,1,1299,,,,-7.0,"42,39","25,41"
ncaab:401483437,ncaab,2022-12-02T01:30Z,final,38,9,Colorado,Arizona St,59,60,,,,0,,,,,,,,,,2,,0,Boulder,CO,1,1624,,,,-7.0,"38,21","23,37"
ncaab:401489609,ncaab,2022-12-02T01:30Z,final,2320,326,Lamar,Texas St,55,65,,,,0,,,,,,,,,,2,,0,Beaumont,TX,1,5,,,,-6.0,"23,32","28,37"
ncaab:401479690,ncaab,2022-12-02T02:00Z,final,2305,2550,Kansas,Seton Hall,91,65,,,,0,,,,,,,,,,2,,0,Lawrence,KS,1,263,,,,-6.0,"40,51","29,36"
ncaab:401487403,ncaab,2022-12-02T02:00Z,final,328,3101,Utah State,Utah Tech,86,81,,,,0,,,,,,,,,,2,,0,Logan,UT,1,1382,,,,-7.0,"36,50","36,45"
ncaab:401488206,ncaab,2022-12-02T02:00Z,final,302,279,UC Davis,Pacific,72,74,,,,0,,,,,,,,,,2,,0,Davis,CA,1,16,,,,-8.0,"35,37","32,42"
ncaab:401489502,ncaab,2022-12-02T02:00Z,final,2617,2466,SF Austin,N'Western St,96,102,,,,0,,,,,,,,,,2,,0,Nacogdoches,TX,1,92,,,,-6.0,"33,63","31,71"
ncaab:401490311,ncaab,2022-12-02T03:00Z,final,204,264,Oregon St,Washington,66,65,,,,0,,,,,,,,,,2,,0,Corvallis,OR,1,71,,,,-8.0,"38,28","26,39"
ncaab:401494630,ncaab,2022-12-02T03:00Z,void,301,28,San Diego,UC San Diego,,,,,,0,,,,,,,,,,2,,0,San Diego,CA,1,20,,,,-8.0,,
ncaab:401483466,ncaab,2022-12-02T03:30Z,final,24,26,Stanford,UCLA,66,80,,,,0,,,,,,,,,,2,,0,Stanford,CA,1,23,,,,-8.0,"29,37","50,30"
ncaab:401490310,ncaab,2022-12-02T03:30Z,final,2483,265,Oregon,Washington St,74,60,,,,0,,,,,,,,,,2,,0,Eugene,OR,1,131,,,,-8.0,"32,42","32,28"
ncaab:401487334,ncaab,2022-12-02T23:00Z,final,2803,225,Bryant,Brown,60,72,,,,0,,,,,,,,,,2,,0,Smithfield,RI,1,84,,,,-5.0,"24,36","44,28"
ncaab:401483056,ncaab,2022-12-03T00:00Z,final,61,50,Georgia,Florida A&M,68,46,,,,0,,,,,,,,,,2,,0,Athens,GA,1,228,,,,-5.0,"34,34","23,23"
ncaab:401485324,ncaab,2022-12-03T00:00Z,final,2335,2379,Liberty,MD Eastern,79,59,,,,0,,,,,,,,,,2,,0,Lynchburg,VA,1,192,,,,-5.0,"47,32","22,37"
ncaab:401486941,ncaab,2022-12-03T00:00Z,final,2429,2026,Charlotte,App State,71,62,,,,0,,,,,,,,,,2,,0,Charlotte,NC,1,229,,,,-5.0,"31,40","42,20"
ncaab:401486957,ncaab,2022-12-03T00:00Z,final,314,315,Iona,Niagara,78,56,,,,0,,,,,,,,,,2,,0,New Rochelle,NY,1,26,,,,-5.0,"38,40","16,40"
ncaab:401486958,ncaab,2022-12-03T00:00Z,final,2561,2099,Siena,Canisius,74,70,,,,0,,,,,,,,,,2,,0,Albany,NY,1,45,,,,-5.0,"31,43","27,43"
ncaab:401487434,ncaab,2022-12-03T00:00Z,final,108,113,Harvard,UMass,68,71,,,,0,,,,,,,,,,2,,0,Cambridge,MA,1,5,,,,-5.0,"34,34","25,46"
ncaab:401487570,ncaab,2022-12-03T00:00Z,final,112358,119,Long Island,Towson,64,74,,,,0,,,,,,,,,,2,,0,Brooklyn,NY,1,15,,,,-5.0,"36,28","34,40"
ncaab:401488388,ncaab,2022-12-03T00:00Z,final,152,221,NC State,Pitt,60,68,,,,0,,,,,,,,,,2,,0,Raleigh,NC,1,96,,,,-5.0,"28,32","33,35"
ncaab:401488389,ncaab,2022-12-03T00:00Z,final,228,154,Clemson,Wake Forest,77,57,,,,0,,,,,,,,,,2,,0,Clemson,SC,1,221,,,,-5.0,"26,51","33,24"
ncaab:401488721,ncaab,2022-12-03T00:00Z,final,58,2127,South Florida,Charleston So,79,59,,,,0,,,,,,,,,,2,,0,Tampa,FL,1,,,,,,"39,40","24,35"
ncaab:401488816,ncaab,2022-12-03T00:00Z,final,2309,2571,Kent State,S Dakota St,83,68,,,,0,,,,,,,,,,2,,0,Kent,OH,1,325,,,,-5.0,"43,40","27,41"
ncaab:401489517,ncaab,2022-12-03T00:00Z,final,256,2198,James Madison,E Kentucky,97,80,,,,0,,,,,,,,,,2,,0,Harrisonburg,VA,1,404,,,,-5.0,"48,49","34,46"
ncaab:401489647,ncaab,2022-12-03T00:00Z,final,2382,338,Mercer,Kennesaw St,63,66,,,,0,,,,,,,,,,2,,0,Macon,GA,1,112,,,,-5.0,"27,36","37,29"
ncaab:401489658,ncaab,2022-12-03T00:00Z,final,151,2097,East Carolina,Campbell,79,69,,,,0,,,,,,,,,,2,,0,Greenville,NC,1,18,,,,-5.0,"41,38","26,43"
ncaab:401492246,ncaab,2022-12-03T00:00Z,final,2771,104,Merrimack,Boston U,54,68,,,,0,,,,,,,,,,2,,0,North Andover,MA,1,29,,,,-5.0,"33,21","38,30"
ncaab:401493837,ncaab,2022-12-03T00:00Z,final,2348,2582,Louisiana Tech,Southern,74,59,,,,0,,,,,,,,,,2,,0,Ruston,LA,1,102,,,,-6.0,"37,37","20,39"
ncaab:401482926,ncaab,2022-12-03T00:30Z,final,59,111,Georgia Tech,Northeastern,81,63,,,,0,,,,,,,,,,2,,0,Atlanta,GA,1,320,,,,-5.0,"42,39","26,37"
ncaab:401483045,ncaab,2022-12-03T01:00Z,final,2,2142,Auburn,Colgate,93,66,,,,0,,,,,,,,,,2,,0,Auburn,AL,1,215,,,,-6.0,"47,46","33,33"
ncaab:401483258,ncaab,2022-12-03T01:00Z,final,2250,239,Gonzaga,Baylor,63,64,,,,1,,,,,,,,,,2,,0,Sioux Falls,SD,1,448,,,,-6.0,"33,30","38,26"
ncaab:401485466,ncaab,2022-12-03T01:00Z,final,99,250,LSU,UT Arlington,63,59,,,,0,,,,,,,,,,2,,0,Baton Rouge,LA,1,14,,,,-6.0,"29,34","22,37"
ncaab:401484833,ncaab,2022-12-03T02:00Z,final,120,356,Maryland,Illinois,71,66,,,,0,,,,,,,,,,2,,0,College Park,MD,1,21,,,,-5.0,"41,30","34,32"
ncaab:401488993,ncaab,2022-12-03T02:00Z,final,70,2459,Idaho,N Illinois,84,47,,,,0,,,,,,,,,,2,,0,Moscow,ID,1,786,,,,-8.0,"35,49","24,23"
ncaab:401493614,ncaab,2022-12-03T03:00Z,final,21,2475,San Diego St,Occidental,95,57,,,,0,,,,,,,,,,2,,0,San Diego,CA,1,20,,,,-8.0,"59,36","29,28"
ncaab:401507120,ncaab,2022-12-03T03:00Z,final,28,3246,UC San Diego,Bethesda,81,76,,,,0,,,,,,,,,,2,,0,San Diego,CA,1,20,,,,-8.0,"33,48","26,50"
ncaab:401487632,ncaab,2022-12-03T16:30Z,final,2655,2230,Tulane,Fordham,90,95,,,,0,,,,,,,,,,2,,0,New Orleans,LA,1,0,,,,-6.0,"45,45","37,58"
ncaab:401483220,ncaab,2022-12-03T17:00Z,final,46,2579,Georgetown,South Carolina,71,74,,,,0,,,,,,,,,,2,,0,Washington,DC,1,,,,,,"37,28,6","26,39,9"
ncaab:401483395,ncaab,2022-12-03T17:00Z,final,194,2598,Ohio State,Saint Francis,96,59,,,,0,,,,,,,,,,2,,0,Columbus,OH,1,235,,,,-5.0,"44,52","36,23"
ncaab:401484864,ncaab,2022-12-03T17:00Z,final,231,2569,Furman,SC State,88,76,,,,0,,,,,,,,,,2,,0,Greenville,SC,1,307,,,,-5.0,"42,46","38,38"
ncaab:401488391,ncaab,2022-12-03T17:00Z,final,87,183,Notre Dame,Syracuse,61,62,,,,0,,,,,,,,,,2,,0,South Bend,IN,1,211,,,,-5.0,"35,26","35,27"
ncaab:401491718,ncaab,2022-12-03T17:00Z,final,2241,236,Gardner-Webb,Chattanooga,71,82,,,,0,,,,,,,,,,2,,0,Boiling Springs,NC,1,269,,,,-5.0,"39,32","38,44"
ncaab:401479691,ncaab,2022-12-03T17:30Z,final,222,201,Villanova,Oklahoma,70,66,,,,0,,,,,,,,,,2,,0,Philadelphia,PA,1,12,,,,-5.0,"30,40","32,34"
ncaab:401485053,ncaab,2022-12-03T18:00Z,final,2678,2426,VMI,Navy,80,72,,,,0,,,,,,,,,,2,,0,Lexington,VA,1,324,,,,-5.0,"43,37","27,45"
ncaab:401487523,ncaab,2022-12-03T18:00Z,final,2603,161,Saint Joseph's,FDU,80,97,,,,0,,,,,,,,,,2,,0,Philadelphia,PA,1,12,,,,-5.0,"38,42","43,54"
ncaab:401487706,ncaab,2022-12-03T18:00Z,final,218,2670,Temple,VCU,83,73,,,,0,,,,,,,,,,2,,0,Philadelphia,PA,1,12,,,,-5.0,"37,46","33,40"
ncaab:401490548,ncaab,2022-12-03T18:00Z,final,349,2681,Army,Wagner,75,64,,,,0,,,,,,,,,,2,,0,West Point,NY,1,,,,,,"39,36","30,34"
ncaab:401491812,ncaab,2022-12-03T18:00Z,final,2643,232,The Citadel,Charleston,57,79,,,,0,,,,,,,,,,2,,0,Charleston,SC,1,6,,,,-5.0,"27,30","41,38"
ncaab:401493739,ncaab,2022-12-03T18:00Z,final,193,282,Miami OH,Indiana St,61,88,,,,0,,,,,,,,,,2,,0,Oxford,OH,1,283,,,,-5.0,"28,33","58,30"
ncaab:401485166,ncaab,2022-12-03T19:00Z,final,2086,2635,Butler,Tennessee Tech,80,66,,,,0,,,,,,,,,,2,,0,Indianapolis,IN,1,218,,,,-5.0,"37,43","33,33"
ncaab:401487370,ncaab,2022-12-03T19:00Z,final,159,2934,Dartmouth,Bakersfield,79,54,,,,0,,,,,,,,,,2,,0,Hanover,NH,1,162,,,,-5.0,"40,39","28,26"
ncaab:401487457,ncaab,2022-12-03T19:00Z,final,219,2325,Penn,La Salle,81,84,,,,0,,,,,,,,,,2,,0,Philadelphia,PA,1,12,,,,-5.0,"35,34,12","32,37,15"
ncaab:401487616,ncaab,2022-12-03T19:00Z,final,2168,2545,Dayton,SE Louisiana,80,74,,,,0,,,,,,,,,,2,,0,Dayton,OH,1,225,,,,-5.0,"37,43","38,36"
ncaab:401487622,ncaab,2022-12-03T19:00Z,final,2184,2050,Duquesne,Ball State,78,77,,,,0,,,,,,,,,,2,,0,Pittsburgh,PA,1,233,,,,-5.0,"36,42","40,37"
ncaab:401487639,ncaab,2022-12-03T19:00Z,final,2244,2649,George Mason,Toledo,80,73,,,,0,,,,,,,,,,2,,0,Fairfax,VA,1,131,,,,-5.0,"35,45","32,41"
ncaab:401488390,ncaab,2022-12-03T19:00Z,final,258,52,Virginia,Florida St,62,57,,,,0,,,,,,,,,,2,,0,Charlottesville,VA,1,142,,,,-5.0,"21,41","22,35"
ncaab:401488545,ncaab,2022-12-03T19:00Z,final,2427,2630,UNC Asheville,UT Martin,90,83,,,,0,,,,,,,,,,2,,0,Asheville,NC,1,649,,,,-5.0,"46,44","38,45"
ncaab:401489537,ncaab,2022-12-03T19:00Z,final,2737,324,Winthrop,Coastal,81,86,,,,0,,,,,,,,,,2,,0,Rock Hill,SC,1,207,,,,-5.0,"43,38","43,43"
ncaab:401489696,ncaab,2022-12-03T19:00Z,final,2529,2349,Sacred Heart,UMass Lowell,59,70,,,,0,,,,,,,,,,2,,0,Fairfield,CT,1,4,,,,-8.0,"17,42","27,43"
ncaab:401489709,ncaab,2022-12-03T19:00Z,final,2329,2378,Lehigh,UMBC,62,88,,,,0,,,,,,,,,,2,,0,Bethlehem,PA,1,109,,,,-5.0,"21,41","48,40"
ncaab:401490127,ncaab,2022-12-03T19:00Z,final,2460,339,Northern Iowa,Evansville,72,55,,,,0,,,,,,,,,,2,,0,Cedar Falls,IA,1,268,,,,-6.0,"38,34","20,35"
ncaab:401491669,ncaab,2022-12-03T19:00Z,final,2885,2083,NJIT,Bucknell,63,79,,,,0,,,,,,,,,,2,,0,Newark,NJ,1,9,,,,-5.0,"20,43","35,44"
ncaab:401491725,ncaab,2022-12-03T19:00Z,final,2272,2454,High Point,North Florida,93,88,,,,0,,,,,,,,,,2,,0,High Point,NC,1,281,,,,-5.0,"47,46","47,41"
ncaab:401491794,ncaab,2022-12-03T19:00Z,final,48,2166,Delaware,Davidson,69,67,,,,0,,,,,,,,,,2,,0,Newark,DE,1,38,,,,-5.0,"34,35","23,44"
ncaab:401491823,ncaab,2022-12-03T19:00Z,final,2182,163,Drexel,Princeton,63,83,,,,0,,,,,,,,,,2,,0,Philadelphia,PA,1,12,,,,-5.0,"27,36","36,47"
ncaab:401491898,ncaab,2022-12-03T19:00Z,final,2413,2453,Morehead St,North Alabama,75,81,,,,0,,,,,,,,,,2,,0,Morehead,KY,1,153,,,,-6.0,"41,34","25,56"
ncaab:401493722,ncaab,2022-12-03T19:00Z,final,344,2400,Mississippi St,Miss Valley St,82,52,,,,0,,,,,,,,,,2,,0,Starkville,MS,1,101,,,,-6.0,"38,44","22,30"
ncaab:401493730,ncaab,2022-12-03T19:00Z,final,189,2415,Bowling Green,Morgan St,86,76,,,,0,,,,,,,,,,2,,0,Bowling Green,OH,1,212,,,,-5.0,"34,52","42,34"
ncaab:401487694,ncaab,2022-12-03T19:30Z,final,2084,179,Buffalo,St Bonaventure,83,66,,,,0,,,,,,,,,,2,,0,Buffalo,NY,1,183,,,,-5.0,"37,46","31,35"
ncaab:401469979,ncaab,2022-12-03T20:00Z,final,2870,2473,Purdue FW,Oakland,79,73,,,,0,,,,,,,,,,2,,0,Fort Wayne,IN,1,247,,,,-5.0,"38,33,8","31,40,2"
ncaab:401469980,ncaab,2022-12-03T20:00Z,final,325,2174,Cleveland St,Detroit Mercy,92,77,,,,0,,,,,,,,,,2,,0,Cleveland,OH,1,199,,,,-5.0,"45,47","36,41"
ncaab:401485325,ncaab,2022-12-03T20:00Z,final,2511,2488,Queens,Paine,89,60,,,,0,,,,,,,,,,2,,0,Charlotte,NC,1,229,,,,-5.0,"37,52","31,29"
ncaab:401488729,ncaab,2022-12-03T20:00Z,final,2567,2296,SMU,Jackson St,68,69,,,,0,,,,,,,,,,2,,0,Dallas,TX,1,128,,,,-6.0,"28,40","30,39"
ncaab:401489757,ncaab,2022-12-03T20:00Z,final,2393,2373,MTSU,Maryville (TN),69,46,,,,0,,,,,,,,,,2,,0,Murfreesboro,TN,1,186,,,,-6.0,"41,28","25,21"
ncaab:401490466,ncaab,2022-12-03T20:00Z,final,2169,2344,Delaware St,Longwood,49,75,,,,0,,,,,,,,,,2,,0,Dover,DE,1,9,,,,-5.0,"31,18","38,37"
ncaab:401491874,ncaab,2022-12-03T20:00Z,final,202,198,Tulsa,Oral Roberts,66,77,,,,0,,,,,,,,,,2,,0,Tulsa,OK,1,,,,,,"33,33","36,41"
ncaab:401493812,ncaab,2022-12-03T20:00Z,final,2565,2653,SIUE,Troy,78,72,,,,0,,,,,,,,,,2,,0,Edwardsville,IL,1,165,,,,-6.0,"41,37","34,38"
ncaab:401494481,ncaab,2022-12-03T20:00Z,final,2029,2027,AR-Pine Bluff,Ark Baptist,59,41,,,,0,,,,,,,,,,2,,0,Pine Bluff,AR,1,67,,,,-6.0,"35,24","19,22"
ncaab:401497503,ncaab,2022-12-03T20:00Z,final,2627,2728,Tarleton St,Wiley,98,55,,,,0,,,,,,,,,,2,,0,Stephenville,TX,1,388,,,,-6.0,"49,49","23,32"
ncaab:401499513,ncaab,2022-12-03T20:00Z,final,2534,2937,Sam Houston,Dallas Chrstn,111,58,,,,0,,,,,,,,,,2,,0,Huntsville,TX,1,113,,,,-6.0,"67,44","31,27"
ncaab:401501738,ncaab,2022-12-03T20:00Z,final,2000,3166,Abilene Chrstn,Arlington Bapt,88,42,,,,0,,,,,,,,,,2,,0,Abilene,TX,1,524,,,,-6.0,"42,46","19,23"
ncaab:401489059,ncaab,2022-12-03T20:30Z,final,252,233,BYU,South Dakota,68,69,,,,1,,,,,,,,,,2,,0,Salt Lake City,UT,1,1299,,,,-7.0,"25,43","40,29"
ncaab:401489082,ncaab,2022-12-03T20:30Z,final,2710,292,W Illinois,UT Rio Grande,90,72,,,,0,,,,,,,,,,2,,0,Macomb,IL,1,215,,,,-6.0,"42,48","28,44"
ncaab:401489493,ncaab,2022-12-03T20:30Z,final,2433,3134,UL Monroe,Champ Chrstn,101,46,,,,0,,,,,,,,,,2,,0,Monroe,LA,1,23,,,,-6.0,"46,55","22,24"
ncaab:401496941,ncaab,2022-12-03T20:30Z,final,2428,2592,NC Central,St Andrews,127,40,,,,0,,,,,,,,,,2,,0,Durham,NC,1,123,,,,-5.0,"63,64","21,19"
ncaab:401484834,ncaab,2022-12-03T21:00Z,final,164,84,Rutgers,Indiana,63,48,,,,0,,,,,,,,,,2,,0,Piscataway,NJ,1,30,,,,-5.0,"31,32","24,24"
ncaab:401485165,ncaab,2022-12-03T21:00Z,final,2350,305,Loyola Chicago,DePaul,72,78,,,,0,,,,,,,,,,2,,0,Chicago,IL,1,179,,,,-6.0,"37,23,12","24,36,18"
ncaab:401485516,ncaab,2022-12-03T21:00Z,final,2193,55,ETSU,Jax State,61,63,,,,0,,,,,,,,,,2,,0,Johnson City,TN,1,498,,,,-5.0,"28,33","31,32"
ncaab:401486960,ncaab,2022-12-03T21:00Z,final,116,2520,Mount St Marys,Rider,65,68,,,,0,,,,,,,,,,2,,0,Emmitsburg,MD,1,133,,,,-5.0,"39,26","37,31"
ncaab:401487159,ncaab,2022-12-03T21:00Z,final,2638,3141,UTEP,Northern NM,87,50,,,,0,,,,,,,,,,2,,0,El Paso,TX,1,1133,,,,-7.0,"46,41","19,31"
ncaab:401487283,ncaab,2022-12-03T21:00Z,final,2502,2005,Portland St,Air Force,68,64,,,,0,,,,,,,,,,2,,0,Portland,OR,1,12,,,,-8.0,"30,38","29,35"
ncaab:401487685,ncaab,2022-12-03T21:00Z,final,139,79,Saint Louis,S Illinois,85,72,,,,0,,,,,,,,,,2,,0,St. Louis,MO,1,142,,,,-6.0,"46,39","38,34"
ncaab:401488212,ncaab,2022-12-03T21:00Z,final,3084,299,Utah Valley,Long Beach St,88,78,,,,0,,,,,,,,,,2,,0,Orem,UT,1,1455,,,,-7.0,"44,44","45,33"
ncaab:401488392,ncaab,2022-12-03T21:00Z,final,150,103,Duke,Boston College,75,59,,,,0,,,,,,,,,,2,,0,Durham,NC,1,123,,,,-5.0,"35,40","23,36"
ncaab:401489112,ncaab,2022-12-03T21:00Z,final,2751,2253,Wyoming,Grand Canyon,58,66,,,,0,,,,,,,,,,2,,0,Laramie,WY,1,2184,,,,-7.0,"30,28","31,35"
ncaab:401489666,ncaab,2022-12-03T21:00Z,final,2210,2430,Elon,UNC Greensboro,61,65,,,,0,,,,,,,,,,2,,0,Elon,NC,1,215,,,,-5.0,"23,38","33,32"
ncaab:401491675,ncaab,2022-12-03T21:00Z,final,171,160,Columbia,New Hampshire,56,52,,,,0,,,,,,,,,,2,,0,New York,NY,1,10,,,,-5.0,"19,37","23,29"
ncaab:401493823,ncaab,2022-12-03T21:00Z,final,2046,2634,Austin Peay,Tennessee St,77,61,,,,0,,,,,,,,,,2,,0,Clarksville,TN,1,145,,,,-6.0,"30,47","36,25"
ncaab:401494410,ncaab,2022-12-03T21:00Z,final,8,23,Arkansas,San José St,99,58,,,,0,,,,,,,,,,2,,0,Fayetteville,AR,1,427,,,,-6.0,"40,59","35,23"
ncaab:401500693,ncaab,2022-12-03T21:00Z,final,294,3174,Jacksonville,Trinity Co Jax,74,39,,,,0,,,,,,,,,,2,,0,Jacksonville,FL,1,5,,,,-5.0,"42,32","20,19"
ncaab:401483424,ncaab,2022-12-03T21:30Z,final,269,275,Marquette,Wisconsin,77,80,,,,0,,,,,,,,,,2,,0,Milwaukee,WI,1,188,,,,-6.0,"30,40,7","41,29,10"
ncaab:401487293,ncaab,2022-12-03T21:30Z,final,36,2458,Colorado St,N Colorado,83,88,,,,0,,,,,,,,,,2,,0,Fort Collins,CO,1,1525,,,,-7.0,"34,49","37,51"
ncaab:401496899,ncaab,2022-12-03T21:30Z,final,2117,2800,C Michigan,Alma,89,50,,,,0,,,,,,,,,,2,,0,Mount Pleasant,MI,1,235,,,,-5.0,"39,50","25,25"
ncaab:401491653,ncaab,2022-12-03T21:37Z,final,2066,284,Binghamton,Stonehill,66,69,,,,0,,,,,,,,,,2,,0,Binghamton,NY,1,264,,,,-5.0,"32,34","36,33"
ncaab:401483253,ncaab,2022-12-03T22:00Z,final,238,2747,Vanderbilt,Wofford,65,62,,,,0,,,,,,,,,,2,,0,Nashville,TN,1,170,,,,-6.0,"34,31","25,37"
ncaab:401484369,ncaab,2022-12-03T22:00Z,final,227,2507,Rhode Island,Providence,74,88,,,,0,,,,,,,,,,2,,0,Kingston,RI,1,75,,,,-5.0,"27,47","43,45"
ncaab:401488146,ncaab,2022-12-03T22:00Z,final,2540,279,Santa Barbara,Pacific,82,71,,,,0,,,,,,,,,,2,,0,Santa Barbara,CA,1,15,,,,-8.0,"37,45","29,42"
ncaab:401488783,ncaab,2022-12-03T22:00Z,final,331,2449,E Washington,N Dakota St,78,70,,,,0,,,,,,,,,,2,,0,Cheney,WA,1,717,,,,-8.0,"38,40","35,35"
ncaab:401489604,ncaab,2022-12-03T22:00Z,final,2755,2916,Grambling,Incarnate Word,72,39,,,,0,,,,,,,,,,2,,0,Grambling,LA,1,93,,,,-6.0,"24,48","16,23"
ncaab:401489617,ncaab,2022-12-03T22:00Z,final,2443,309,LSU N Orleans,Louisiana,77,78,,,,0,,,,,,,,,,2,,0,New Orleans,LA,1,0,,,,-6.0,"32,45","33,45"
ncaab:401490451,ncaab,2022-12-03T22:00Z,final,2352,2154,Loyola MD,Coppin St,71,74,,,,0,,,,,,,,,,2,,0,Baltimore,MD,1,10,,,,-5.0,"38,33","33,41"
ncaab:401491831,ncaab,2022-12-03T22:00Z,final,2261,47,Hampton,Howard,74,65,,,,0,,,,,,,,,,2,,0,Hampton,VA,1,1,,,,-5.0,"47,27","34,31"
ncaab:401491881,ncaab,2022-12-03T22:00Z,final,276,195,Marshall,Ohio,83,69,,,,0,,,,,,,,,,2,,0,Huntington,WV,1,173,,,,-5.0,"43,40","22,47"
ncaab:401493960,ncaab,2022-12-03T22:00Z,final,2541,16,Santa Clara,Sacramento St,72,65,,,,0,,,,,,,,,,2,,0,Santa Clara,CA,1,23,,,,-8.0,"26,46","24,41"
ncaab:401488788,ncaab,2022-12-03T22:30Z,final,2717,2908,W Carolina,SC Upstate,64,79,,,,0,,,,,,,,,,2,,0,Cullowhee,NC,1,645,,,,-5.0,"35,29","43,36"
ncaab:401469982,ncaab,2022-12-03T23:00Z,final,94,2523,N Kentucky,Robert Morris,60,56,,,,0,,,,,,,,,,2,,0,Highland Heights,KY,1,260,,,,-5.0,"23,37","30,26"
ncaab:401487512,ncaab,2022-12-03T23:00Z,final,107,2115,Holy Cross,C Connecticut,63,57,,,,0,,,,,,,,,,2,,0,Worcester,MA,1,,,,,,"28,35","26,31"
ncaab:401489567,ncaab,2022-12-03T23:00Z,final,249,2437,North Texas,Omaha,75,45,,,,0,,,,,,,,,,2,,0,Denton,TX,1,201,,,,-6.0,"29,46","22,23"
ncaab:401490128,ncaab,2022-12-03T23:00Z,final,2181,82,Drake,UIC,77,64,,,,0,,,,,,,,,,2,,0,Des Moines,IA,1,266,,,,-6.0,"39,38","19,45"
ncaab:401485167,ncaab,2022-12-03T23:30Z,final,2752,277,Xavier,West Virginia,84,74,,,,0,,,,,,,,,,2,,0,Cincinnati,OH,1,191,,,,-5.0,"36,48","43,31"
ncaab:401487476,ncaab,2022-12-03T23:30Z,final,2619,43,Stony Brook,Yale,72,77,,,,0,,,,,,,,,,2,,0,Stony Brook,NY,1,,,,,,"36,36","42,35"
ncaab:401483241,ncaab,2022-12-04T00:00Z,final,245,68,Texas A&M,Boise St,71,86,,,,1,,,,,,,,,,2,,0,Fort Worth,TX,1,199,,,,-6.0,"28,43","37,49"
ncaab:401485475,ncaab,2022-12-04T00:00Z,final,295,2450,Old Dominion,Norfolk St,68,62,,,,0,,,,,,,,,,2,,0,Norfolk,VA,1,2,,,,-5.0,"28,40","29,33"
ncaab:401486959,ncaab,2022-12-04T00:00Z,final,2217,2612,Fairfield,Saint Peter's,67,55,,,,0,,,,,,,,,,2,,0,Fairfield,CT,1,4,,,,-8.0,"29,38","22,33"
ncaab:401487672,ncaab,2022-12-04T00:00Z,final,2729,257,William & Mary,Richmond,58,57,,,,0,,,,,,,,,,2,,0,Williamsburg,VA,1,,,,,,"38,20","21,36"
ncaab:401493793,ncaab,2022-12-04T00:00Z,final,2197,2070,E Illinois,Blackburn,93,43,,,,0,,,,,,,,,,2,,0,Charleston,IL,1,204,,,,-6.0,"45,48","21,22"
ncaab:401483211,ncaab,2022-12-04T00:30Z,final,235,145,Memphis,Ole Miss,68,57,,,,0,,,,,,,,,,2,,0,Memphis,TN,1,78,,,,-6.0,"36,32","22,35"
ncaab:401469981,ncaab,2022-12-04T01:00Z,final,270,85,Milwaukee,IU Indy,74,61,,,,0,,,,,,,,,,2,,0,Milwaukee,WI,1,188,,,,-6.0,"46,28","33,28"
ncaab:401489024,ncaab,2022-12-04T01:00Z,final,2501,155,Portland,North Dakota,90,69,,,,0,,,,,,,,,,2,,0,Portland,OR,1,12,,,,-8.0,"44,46","30,39"
ncaab:401489033,ncaab,2022-12-04T01:00Z,final,2492,2464,Pepperdine,N Arizona,88,69,,,,0,,,,,,,,,,2,,0,Malibu,CA,1,32,,,,-8.0,"41,47","39,30"
ncaab:401489097,ncaab,2022-12-04T01:00Z,final,304,253,Idaho St,Southern Utah,59,69,,,,0,,,,,,,,,,2,,0,Pocatello,ID,1,1360,,,,-7.0,"24,35","33,36"
ncaab:401489586,ncaab,2022-12-04T01:00Z,final,140,2815,Kansas City,Lindenwood,61,47,,,,0,,,,,,,,,,2,,0,Kansas City,MO,1,274,,,,-6.0,"25,36","17,30"
ncaab:401490126,ncaab,2022-12-04T01:00Z,final,2623,71,Missouri St,Bradley,40,58,,,,0,,,,,,,,,,2,,0,Springfield,MO,1,396,,,,-6.0,"18,22","26,32"
ncaab:401502764,ncaab,2022-12-04T01:00Z,final,2900,509,St Thomas,Crown,91,56,,,,0,,,,,,,,,,2,,0,Saint Paul,MN,1,242,,,,-6.0,"46,45","21,35"
ncaab:401488383,ncaab,2022-12-04T01:30Z,final,333,2571,Alabama,S Dakota St,78,65,,,,0,,,,,,,,,,2,,0,Tuscaloosa,AL,1,,,,,,"42,36","35,30"
ncaab:401483285,ncaab,2022-12-04T02:00Z,final,2306,2724,Kansas St,Wichita St,55,50,,,,0,,,,,,,,,,2,,0,Manhattan,KS,1,311,,,,-6.0,"29,26","32,18"
ncaab:401487357,ncaab,2022-12-04T02:00Z,void,166,167,New Mexico St,New Mexico,,,,,,0,,,,,,,,,,2,,0,Las Cruces,NM,1,1191,,,,-7.0,,
ncaab:401488196,ncaab,2022-12-04T02:00Z,final,300,278,UC Irvine,Fresno St,66,80,,,,0,,,,,,,,,,2,,0,Irvine,CA,1,17,,,,-8.0,"41,25","47,33"
ncaab:401489071,ncaab,2022-12-04T02:00Z,final,2692,3101,Weber St,Utah Tech,65,77,,,,0,,,,,,,,,,2,,0,Ogden,UT,1,1311,,,,-7.0,"28,37","40,37"
ncaab:401489485,ncaab,2022-12-04T02:00Z,final,13,2856,Cal Poly,CA Baptist,64,53,,,,0,,,,,,,,,,2,,0,San Luis Obispo,CA,1,71,,,,-8.0,"32,32","32,21"
ncaab:401488693,ncaab,2022-12-04T02:50Z,final,248,2608,Houston,Saint Mary's,53,48,,,,1,,,,,,,,,,2,,0,Fort Worth,TX,1,199,,,,-6.0,"31,22","20,28"
ncaab:401487323,ncaab,2022-12-04T03:00Z,final,2351,2440,LMU,Nevada,64,52,,,,0,,,,,,,,,,2,,0,Los Angeles,CA,1,89,,,,-8.0,"33,31","33,19"
ncaab:401487393,ncaab,2022-12-04T03:00Z,final,301,2439,San Diego,UNLV,78,95,,,,0,,,,,,,,,,2,,0,San Diego,CA,1,20,,,,-8.0,"28,50","49,46"
ncaab:401486772,ncaab,2022-12-04T15:30Z,final,2368,311,Marist,Maine,62,61,,,,1,,,,,,,,,,2,,0,London,England,1,25,,,,0.0,"31,31","28,33"
ncaab:401489675,ncaab,2022-12-04T17:00Z,final,2132,2803,Cincinnati,Bryant,97,71,,,,0,,,,,,,,,,2,,0,Cincinnati,OH,1,191,,,,-5.0,"40,57","24,47"
ncaab:401469983,ncaab,2022-12-04T18:00Z,final,2750,2754,Wright St,Youngstown St,77,88,,,,0,,,,,,,,,,2,,0,Dayton,OH,1,225,,,,-5.0,"36,41","32,56"
ncaab:401483167,ncaab,2022-12-04T18:00Z,final,96,130,Kentucky,Michigan,73,69,,,,1,,,,,,,,,,2,,0,London,England,1,25,,,,0.0,"37,36","36,33"
ncaab:401486961,ncaab,2022-12-04T18:00Z,final,314,2099,Iona,Canisius,90,60,,,,0,,,,,,,,,,2,,0,New Rochelle,NY,1,26,,,,-5.0,"43,47","26,34"
ncaab:401488394,ncaab,2022-12-04T18:00Z,final,97,2390,Louisville,Miami,53,80,,,,0,,,,,,,,,,2,,0,Louisville,KY,1,142,,,,-5.0,"23,30","42,38"
ncaab:401490514,ncaab,2022-12-04T18:00Z,final,172,322,Cornell,Lafayette,73,68,,,,0,,,,,,,,,,2,,0,Ithaca,NY,1,125,,,,-5.0,"41,32","41,27"
ncaab:401483035,ncaab,2022-12-04T19:00Z,final,57,56,Florida,Stetson,89,51,,,,0,,,,,,,,,,2,,0,Gainesville,FL,1,54,,,,-5.0,"33,56","22,29"
ncaab:401485015,ncaab,2022-12-04T19:00Z,final,2363,2405,Manhattan,Monmouth,69,76,,,,0,,,,,,,,,,2,,0,Riverdale,NY,1,159,,,,-8.0,"29,40","44,32"
ncaab:401487135,ncaab,2022-12-04T19:00Z,final,5,6,UAB,South Alabama,76,68,,,,0,,,,,,,,,,2,,0,Birmingham,AL,1,187,,,,-6.0,"29,47","31,37"
ncaab:401487335,ncaab,2022-12-04T19:00Z,final,42,225,Hartford,Brown,51,65,,,,0,,,,,,,,,,2,,0,West Hartford,CT,1,,,,,,"20,31","25,40"
ncaab:401487435,ncaab,2022-12-04T19:00Z,final,108,112,Harvard,Tufts,76,59,,,,0,,,,,,,,,,2,,0,Cambridge,MA,1,5,,,,-5.0,"35,41","30,29"
ncaab:401487649,ncaab,2022-12-04T19:00Z,final,2515,45,Radford,G Washington,86,76,,,,0,,,,,,,,,,2,,0,Radford,VA,1,567,,,,-5.0,"42,44","32,44"
ncaab:401488669,ncaab,2022-12-04T19:00Z,final,2116,2535,UCF,Samford,80,77,,,,0,,,,,,,,,,2,,0,Orlando,FL,1,30,,,,-5.0,"33,37,10","31,39,7"
ncaab:401489523,ncaab,2022-12-04T19:00Z,final,111,2247,Northeastern,Georgia St,66,46,,,,0,,,,,,,,,,2,,0,Boston,MA,1,14,,,,-5.0,"34,32","17,29"
ncaab:401489680,ncaab,2022-12-04T19:00Z,final,2771,261,Merrimack,Vermont,43,66,,,,0,,,,,,,,,,2,,0,North Andover,MA,1,29,,,,-5.0,"15,28","37,29"
ncaab:401490129,ncaab,2022-12-04T19:00Z,final,2287,2057,Illinois St,Belmont,87,77,,,,0,,,,,,,,,,2,,0,Normal,IL,1,244,,,,-6.0,"30,57","31,46"
ncaab:401490130,ncaab,2022-12-04T19:00Z,final,2674,93,Valparaiso,Murray St,70,77,,,,0,,,,,,,,,,2,,0,Valparaiso,IN,1,,,,,,"30,32,8","29,33,15"
ncaab:401492367,ncaab,2022-12-04T19:00Z,final,171,108862,Columbia,Sarah Lawrence,106,65,,,,0,,,,,,,,,,2,,0,New York,NY,1,10,,,,-5.0,"56,50","31,34"
ncaab:401493702,ncaab,2022-12-04T19:00Z,final,2006,332,Akron,Muskingum,80,33,,,,0,,,,,,,,,,2,,0,Akron,OH,1,291,,,,-5.0,"34,46","12,21"
ncaab:401489718,ncaab,2022-12-04T19:30Z,final,2199,2226,E Michigan,FAU,73,101,,,,0,,,,,,,,,,2,,0,Ypsilanti,MI,1,,,,,,"31,42","41,60"
ncaab:401479692,ncaab,2022-12-04T20:00Z,final,66,2599,Iowa State,St John's,71,60,,,,0,,,,,,,,,,2,,0,Ames,IA,1,287,,,,-6.0,"33,38","22,38"
ncaab:401483456,ncaab,2022-12-04T20:00Z,final,264,38,Washington,Colorado,73,63,,,,0,,,,,,,,,,2,,0,Seattle,WA,1,56,,,,-8.0,"33,40","26,37"
ncaab:401486962,ncaab,2022-12-04T20:00Z,final,2514,315,Quinnipiac,Niagara,60,64,,,,0,,,,,,,,,,2,,0,Hamden,CT,1,31,,,,-5.0,"25,35","29,35"
ncaab:401487110,ncaab,2022-12-04T20:00Z,final,326,242,Texas St,Rice,71,83,,,,0,,,,,,,,,,2,,0,San Marcos,TX,1,188,,,,-6.0,"30,41","40,43"
ncaab:401488393,ncaab,2022-12-04T20:00Z,final,259,153,Virginia Tech,North Carolina,80,72,,,,0,,,,,,,,,,2,,0,Blacksburg,VA,1,633,,,,-5.0,"37,43","27,45"
ncaab:401489598,ncaab,2022-12-04T20:00Z,final,2277,2903,Hou Christian,SW Adventist,94,62,,,,0,,,,,,,,,,2,,0,Houston,TX,1,12,,,,-6.0,"44,50","25,37"
ncaab:401493619,ncaab,2022-12-04T20:00Z,final,2130,88,Chicago St,S Indiana,78,61,,,,0,,,,,,,,,,2,,0,Chicago,IL,1,179,,,,-6.0,"38,40","34,27"
ncaab:401483202,ncaab,2022-12-04T21:00Z,final,142,2546,Missouri,SE Missouri,96,89,,,,0,,,,,,,,,,2,,0,Columbia,MO,1,215,,,,-6.0,"50,46","40,49"
ncaab:401483484,ncaab,2022-12-04T21:00Z,final,265,254,Washington St,Utah,65,67,,,,0,,,,,,,,,,2,,0,Pullman,WA,1,717,,,,-8.0,"25,34,6","33,26,8"
ncaab:401485326,ncaab,2022-12-04T21:00Z,final,91,484,Bellarmine,Alice Lloyd,110,38,,,,0,,,,,,,,,,2,,0,Louisville,KY,1,142,,,,-5.0,"53,57","19,19"
ncaab:401489592,ncaab,2022-12-04T21:00Z,final,2172,2837,Denver,East Texas A&M,84,75,,,,0,,,,,,,,,,2,,0,Denver,CO,1,1609,,,,-7.0,"35,49","39,36"
ncaab:401483381,ncaab,2022-12-04T21:30Z,final,156,158,Creighton,Nebraska,53,63,,,,0,,,,,,,,,,2,,0,Omaha,NE,1,323,,,,-6.0,"23,30","25,38"
ncaab:401489630,ncaab,2022-12-04T21:30Z,final,2466,2572,N'Western St,Southern Miss,84,82,,,,0,,,,,,,,,,2,,0,Natchitoches,LA,1,36,,,,-6.0,"40,44","39,43"
ncaab:401483430,ncaab,2022-12-04T22:00Z,final,12,25,Arizona,California,81,68,,,,0,,,,,,,,,,2,,0,Tucson,AZ,1,,,,,,"42,39","33,35"
ncaab:401483467,ncaab,2022-12-04T22:00Z,final,26,2483,UCLA,Oregon,65,56,,,,0,,,,,,,,,,2,,0,Los Angeles,CA,1,89,,,,-8.0,"21,44","27,29"
ncaab:401484836,ncaab,2022-12-04T22:00Z,final,2509,135,Purdue,Minnesota,89,70,,,,0,,,,,,,,,,2,,0,West Lafayette,IN,1,,,,,,"42,47","27,43"
ncaab:401494383,ncaab,2022-12-04T22:00Z,final,2463,2850,CSU Northridge,Whittier,101,42,,,,0,,,,,,,,,,2,,0,Northridge,CA,1,246,,,,-8.0,"49,52","18,24"
ncaab:401483229,ncaab,2022-12-04T23:00Z,final,2633,2016,Tennessee,Alcorn St,94,40,,,,0,,,,,,,,,,2,,0,Knoxville,TN,1,276,,,,-5.0,"49,45","22,18"
ncaab:401485327,ncaab,2022-12-04T23:00Z,final,526,2229,FGCU,FIU,74,65,,,,0,,,,,,,,,,2,,0,Fort Myers,FL,1,3,,,,-5.0,"32,42","31,34"
ncaab:401483438,ncaab,2022-12-05T00:00Z,final,9,24,Arizona St,Stanford,68,64,,,,0,,,,,,,,,,2,,0,Tempe,AZ,1,,,,,,"32,36","21,43"
ncaab:401483475,ncaab,2022-12-05T00:00Z,final,30,204,USC,Oregon St,63,62,,,,0,,,,,,,,,,2,,0,Los Angeles,CA,1,89,,,,-8.0,"23,40","34,28"
ncaab:401484835,ncaab,2022-12-05T00:00Z,final,127,77,Michigan St,Northwestern,63,70,,,,0,,,,,,,,,,2,,0,East Lansing,MI,1,261,,,,-5.0,"37,26","38,32"
ncaab:401487404,ncaab,2022-12-05T01:30Z,final,2539,328,San Francisco,Utah State,64,82,,,,0,,,,,,,,,,2,,0,San Francisco,CA,1,16,,,,-8.0,"30,34","44,38"
ncaab:401469984,ncaab,2022-12-05T17:00Z,final,2739,85,Green Bay,IU Indy,68,61,,,,0,,,,,,,,,,2,,0,Ashwaubenon,WI,1,185,,,,-6.0,"32,36","24,37"
ncaab:401487571,ncaab,2022-12-06T00:00Z,final,112358,2349,Long Island,UMass Lowell,64,84,,,,0,,,,,,,,,,2,,0,Brooklyn,NY,1,15,,,,-5.0,"32,32","46,38"
ncaab:401487700,ncaab,2022-12-06T00:00Z,final,113,399,UMass,UAlbany,87,73,,,,0,,,,,,,,,,2,,0,Amherst,MA,1,82,,,,-5.0,"46,41","21,52"
ncaab:401489610,ncaab,2022-12-06T00:00Z,final,2320,3158,Lamar,Lady of Lake,91,56,,,,0,,,,,,,,,,2,,0,Beaumont,TX,1,5,,,,-6.0,"35,56","27,29"
ncaab:401497513,ncaab,2022-12-06T00:00Z,final,2127,338,Charleston So,Kennesaw St,65,76,,,,0,,,,,,,,,,2,,0,Charleston,SC,1,6,,,,-5.0,"29,36","42,34"
ncaab:401502002,ncaab,2022-12-06T00:00Z,final,2711,2985,W Michigan,Concordia AA,94,50,,,,0,,,,,,,,,,2,,0,Kalamazoo,MI,1,239,,,,-5.0,"39,55","23,27"
ncaab:401485328,ncaab,2022-12-06T01:00Z,final,288,2906,Lipscomb,Trevecca,87,49,,,,0,,,,,,,,,,2,,0,Nashville,TN,1,170,,,,-6.0,"33,54","22,27"
ncaab:401488817,ncaab,2022-12-06T02:00Z,final,2250,2309,Gonzaga,Kent State,73,66,,,,0,,,,,,,,,,2,,0,Spokane,WA,1,571,,,,-8.0,"40,33","34,32"
ncaab:401507491,ncaab,2022-12-06T02:00Z,final,166,2829,New Mexico St,Simon Fraser,77,35,,,,0,,,,,,,,,,2,,0,Las Cruces,NM,1,1191,,,,-7.0,"36,41","13,22"
ncaab:401489025,ncaab,2022-12-06T03:00Z,final,2501,2449,Portland,N Dakota St,62,67,,,,0,,,,,,,,,,2,,0,Portland,OR,1,12,,,,-8.0,"24,38","28,39"
ncaab:401493615,ncaab,2022-12-06T03:00Z,final,21,2653,San Diego St,Troy,60,55,,,,0,,,,,,,,,,2,,0,San Diego,CA,1,20,,,,-8.0,"29,31","33,22"
ncaab:401489648,ncaab,2022-12-06T16:00Z,final,2382,109014,Mercer,Middle Georgia,100,62,,,,0,,,,,,,,,,2,,0,Macon,GA,1,112,,,,-5.0,"52,48","25,37"
ncaab:401487284,ncaab,2022-12-06T22:00Z,final,2005,233,Air Force,South Dakota,79,58,,,,0,,,,,,,,,,2,,0,Colorado Springs,CO,1,1832,,,,-7.0,"39,40","21,37"
ncaab:401482979,ncaab,2022-12-06T23:00Z,final,183,2473,Syracuse,Oakland,95,66,,,,0,,,,,,,,,,2,,0,Syracuse,NY,1,,,,,,"45,50","24,42"
ncaab:401501998,ncaab,2022-12-06T23:00Z,final,2084,374,Buffalo,St John Fisher,91,53,,,,0,,,,,,,,,,2,,0,Buffalo,NY,1,183,,,,-5.0,"51,40","26,27"
ncaab:401485168,ncaab,2022-12-06T23:30Z,final,2086,43,Butler,Yale,71,61,,,,0,,,,,,,,,,2,,0,Indianapolis,IN,1,218,,,,-5.0,"37,34","28,33"
ncaab:401485329,ncaab,2022-12-06T23:30Z,final,91,89,Bellarmine,Wabash,86,45,,,,0,,,,,,,,,,2,,0,Louisville,KY,1,142,,,,-5.0,"49,37","23,22"
ncaab:401489552,ncaab,2022-12-06T23:30Z,final,2026,123313,App State,Carlow,103,43,,,,0,,,,,,,,,,2,,0,Boone,NC,1,981,,,,-5.0,"51,52","24,19"
ncaab:401482894,ncaab,2022-12-07T00:00Z,final,103,160,Boston College,New Hampshire,71,74,,,,0,,,,,,,,,,2,,0,Chestnut Hill,MA,1,60,,,,-5.0,"35,29,7","35,29,10"
ncaab:401482927,ncaab,2022-12-07T00:00Z,final,59,61,Georgia Tech,Georgia,79,77,,,,0,,,,,,,,,,2,,0,Atlanta,GA,1,320,,,,-5.0,"34,45","39,38"
ncaab:401482944,ncaab,2022-12-07T00:00Z,final,152,2154,NC State,Coppin St,94,72,,,,0,,,,,,,,,,2,,0,Raleigh,NC,1,96,,,,-5.0,"49,45","32,40"
ncaab:401483313,ncaab,2022-12-07T00:00Z,final,251,356,Texas,Illinois,78,85,,,,1,,,,,,,,,,2,,0,New York,NY,1,10,,,,-5.0,"34,34,10","37,31,17"
ncaab:401484865,ncaab,2022-12-07T00:00Z,final,231,2272,Furman,High Point,82,85,,,,0,,,,,,,,,,2,,0,Greenville,SC,1,307,,,,-5.0,"41,41","45,40"
ncaab:401485331,ncaab,2022-12-07T00:00Z,final,2335,3229,Liberty,VA Lynchburg,101,49,,,,0,,,,,,,,,,2,,0,Lynchburg,VA,1,192,,,,-5.0,"48,53","23,26"
ncaab:401487371,ncaab,2022-12-07T00:00Z,final,159,261,Dartmouth,Vermont,52,68,,,,0,,,,,,,,,,2,,0,Hanover,NH,1,162,,,,-5.0,"21,31","41,27"
ncaab:401487633,ncaab,2022-12-07T00:00Z,final,2230,2681,Fordham,Wagner,72,59,,,,0,,,,,,,,,,2,,0,Bronx,NY,1,28,,,,-5.0,"32,40","35,24"
ncaab:401487640,ncaab,2022-12-07T00:00Z,final,2244,2379,George Mason,MD Eastern,67,54,,,,0,,,,,,,,,,2,,0,Fairfax,VA,1,131,,,,-5.0,"32,35","31,23"
ncaab:401487655,ncaab,2022-12-07T00:00Z,final,2325,2083,La Salle,Bucknell,82,72,,,,0,,,,,,,,,,2,,0,Philadelphia,PA,1,12,,,,-5.0,"41,41","32,40"
ncaab:401487678,ncaab,2022-12-07T00:00Z,final,218,2603,Temple,Saint Joseph's,70,60,,,,0,,,,,,,,,,2,,0,Philadelphia,PA,1,12,,,,-5.0,"29,41","26,34"
ncaab:401487686,ncaab,2022-12-07T00:00Z,final,314,139,Iona,Saint Louis,84,62,,,,0,,,,,,,,,,2,,0,New Rochelle,NY,1,26,,,,-5.0,"45,39","32,30"
ncaab:401488716,ncaab,2022-12-07T00:00Z,void,2655,2803,Tulane,Bryant,,,,,,0,,,,,,,,,,2,,0,New Orleans,LA,1,0,,,,-6.0,,
ncaab:401488805,ncaab,2022-12-07T00:00Z,final,116,44,Mount St Marys,American,61,69,,,,0,,,,,,,,,,2,,0,Emmitsburg,MD,1,133,,,,-5.0,"24,37","34,35"
ncaab:401489659,ncaab,2022-12-07T00:00Z,final,350,151,UNC Wilmington,East Carolina,74,61,,,,0,,,,,,,,,,2,,0,Wilmington,NC,1,,,,,,"36,38","24,37"
ncaab:401489667,ncaab,2022-12-07T00:00Z,final,8,2430,Arkansas,UNC Greensboro,65,58,,,,0,,,,,,,,,,2,,0,Fayetteville,AR,1,427,,,,-6.0,"21,44","26,32"
ncaab:401489710,ncaab,2022-12-07T00:00Z,final,171,2378,Columbia,UMBC,66,73,,,,0,,,,,,,,,,2,,0,New York,NY,1,10,,,,-5.0,"36,30","36,37"
ncaab:401491735,ncaab,2022-12-07T00:00Z,final,2506,232,Presbyterian,Charleston,62,67,,,,0,,,,,,,,,,2,,0,Clinton,SC,1,76,,,,-5.0,"27,35","32,35"
ncaab:401491750,ncaab,2022-12-07T00:00Z,final,2737,2569,Winthrop,SC State,81,67,,,,0,,,,,,,,,,2,,0,Rock Hill,SC,1,207,,,,-5.0,"38,43","29,38"
ncaab:401492260,ncaab,2022-12-07T00:00Z,final,163,322,Princeton,Lafayette,69,58,,,,0,,,,,,,,,,2,,0,Princeton,NJ,1,62,,,,-5.0,"31,38","28,30"
ncaab:401492299,ncaab,2022-12-07T00:00Z,final,236,270,Chattanooga,Milwaukee,88,76,,,,0,,,,,,,,,,2,,0,Chattanooga,TN,1,206,,,,-5.0,"44,44","21,55"
ncaab:401499593,ncaab,2022-12-07T00:00Z,final,2597,42,St Francis BK,Hartford,68,50,,,,0,,,,,,,,,,2,,0,Brooklyn,NY,1,15,,,,-5.0,"29,39","23,27"
ncaab:401489000,ncaab,2022-12-07T00:30Z,final,2057,2906,Belmont,Trevecca,83,53,,,,0,,,,,,,,,,2,,0,Nashville,TN,1,170,,,,-6.0,"46,37","26,27"
ncaab:401489538,ncaab,2022-12-07T00:30Z,final,2747,324,Wofford,Coastal,71,61,,,,0,,,,,,,,,,2,,0,Spartanburg,SC,1,246,,,,-5.0,"32,39","32,29"
ncaab:401482988,ncaab,2022-12-07T01:00Z,final,258,256,Virginia,James Madison,55,50,,,,0,,,,,,,,,,2,,0,Charlottesville,VA,1,142,,,,-5.0,"27,28","20,30"
ncaab:401483261,ncaab,2022-12-07T01:00Z,final,239,2627,Baylor,Tarleton St,80,57,,,,0,,,,,,,,,,2,,0,Waco,TX,1,,,,,,"39,41","30,27"
ncaab:401483286,ncaab,2022-12-07T01:00Z,final,2306,2000,Kansas St,Abilene Chrstn,81,64,,,,0,,,,,,,,,,2,,0,Manhattan,KS,1,311,,,,-6.0,"35,46","34,30"
ncaab:401483295,ncaab,2022-12-07T01:00Z,final,201,140,Oklahoma,Kansas City,75,53,,,,0,,,,,,,,,,2,,0,Norman,OK,1,357,,,,-6.0,"27,48","27,26"
ncaab:401483303,ncaab,2022-12-07T01:00Z,final,2628,2296,TCU,Jackson St,78,51,,,,0,,,,,,,,,,2,,0,Fort Worth,TX,1,199,,,,-6.0,"39,39","27,24"
ncaab:401485330,ncaab,2022-12-07T01:00Z,final,2110,2032,C Arkansas,Arkansas St,72,67,,,,0,,,,,,,,,,2,,0,Conway,AR,1,95,,,,-6.0,"27,45","35,32"
ncaab:401487660,ncaab,2022-12-07T01:00Z,final,2350,2739,Loyola Chicago,Green Bay,70,46,,,,0,,,,,,,,,,2,,0,Chicago,IL,1,179,,,,-6.0,"37,33","16,30"
ncaab:401488731,ncaab,2022-12-07T01:00Z,final,235,2031,Memphis,Little Rock,87,71,,,,0,,,,,,,,,,2,,0,Memphis,TN,1,78,,,,-6.0,"46,41","30,41"
ncaab:401489008,ncaab,2022-12-07T01:00Z,final,2565,71,SIUE,Bradley,54,56,,,,0,,,,,,,,,,2,,0,Edwardsville,IL,1,165,,,,-6.0,"33,21","25,31"
ncaab:401489090,ncaab,2022-12-07T01:00Z,final,250,249,UT Arlington,North Texas,57,60,,,,0,,,,,,,,,,2,,0,Arlington,TX,1,184,,,,-6.0,"27,30","24,36"
ncaab:401489599,ncaab,2022-12-07T01:00Z,final,2277,554,Hou Christian,ME Fort Kent,100,33,,,,0,,,,,,,,,,2,,0,Houston,TX,1,12,,,,-6.0,"47,53","23,10"
ncaab:401489653,ncaab,2022-12-07T01:00Z,final,248,2454,Houston,North Florida,76,42,,,,0,,,,,,,,,,2,,0,Houston,TX,1,12,,,,-6.0,"42,34","18,24"
ncaab:401493780,ncaab,2022-12-07T01:00Z,final,2674,2652,Valparaiso,Trinity Chrstn,96,60,,,,0,,,,,,,,,,2,,0,Valparaiso,IN,1,,,,,,"50,46","32,28"
ncaab:401493824,ncaab,2022-12-07T01:00Z,final,2634,109700,Tennessee St,Boyce,103,49,,,,0,,,,,,,,,,2,,0,Nashville,TN,1,170,,,,-6.0,"46,57","16,33"
ncaab:401500690,ncaab,2022-12-07T01:00Z,final,2046,3077,Austin Peay,KCU,102,57,,,,0,,,,,,,,,,2,,0,Clarksville,TN,1,145,,,,-6.0,"47,55","21,36"
ncaab:401485169,ncaab,2022-12-07T01:30Z,final,269,2428,Marquette,NC Central,90,78,,,,0,,,,,,,,,,2,,0,Milwaukee,WI,1,188,,,,-6.0,"52,38","29,49"
ncaab:401493750,ncaab,2022-12-07T01:30Z,final,2460,2649,Northern Iowa,Toledo,75,83,,,,0,,,,,,,,,,2,,0,Cedar Falls,IA,1,268,,,,-6.0,"31,44","40,43"
ncaab:401484837,ncaab,2022-12-07T02:00Z,final,275,120,Wisconsin,Maryland,64,59,,,,0,,,,,,,,,,2,,0,Madison,WI,1,267,,,,-6.0,"31,33","29,30"
ncaab:401487358,ncaab,2022-12-07T02:00Z,final,167,2703,New Mexico,Western NM,102,63,,,,0,,,,,,,,,,2,,0,Albuquerque,NM,1,1511,,,,-7.0,"49,53","20,43"
ncaab:401488994,ncaab,2022-12-07T02:00Z,final,70,155,Idaho,North Dakota,76,66,,,,0,,,,,,,,,,2,,0,Moscow,ID,1,786,,,,-8.0,"33,43","34,32"
ncaab:401491679,ncaab,2022-12-07T02:00Z,final,304,2701,Idaho St,MT Western,61,53,,,,0,,,,,,,,,,2,,0,Pocatello,ID,1,1360,,,,-7.0,"22,39","26,27"
ncaab:401491685,ncaab,2022-12-07T02:00Z,final,149,2571,Montana,S Dakota St,81,56,,,,0,,,,,,,,,,2,,0,Missoula,MT,1,978,,,,-7.0,"48,33","24,32"
ncaab:401492621,ncaab,2022-12-07T02:00Z,final,197,2534,Oklahoma St,Sam Houston,65,51,,,,0,,,,,,,,,,2,,0,Stillwater,OK,1,,,,,,"32,33","20,31"
ncaab:401493468,ncaab,2022-12-07T02:00Z,final,68,2202,Boise St,Eastern Oregon,90,54,,,,0,,,,,,,,,,2,,0,Boise,ID,1,823,,,,-7.0,"45,45","25,29"
ncaab:401493947,ncaab,2022-12-07T02:00Z,final,2751,2837,Wyoming,East Texas A&M,91,76,,,,0,,,,,,,,,,2,,0,Laramie,WY,1,2184,,,,-7.0,"43,48","42,34"
ncaab:401507117,ncaab,2022-12-07T02:00Z,final,253,110418,Southern Utah,West Coast,120,49,,,,0,,,,,,,,,,2,,0,Cedar City,UT,1,1782,,,,-7.0,"59,61","24,25"
ncaab:401489039,ncaab,2022-12-07T03:00Z,final,279,2464,Pacific,N Arizona,69,73,,,,0,,,,,,,,,,2,,0,Stockton,CA,1,,,,,,"31,38","32,41"
ncaab:401494412,ncaab,2022-12-07T03:00Z,final,23,2934,San José St,Bakersfield,58,48,,,,0,,,,,,,,,,2,,0,San Jose,CA,1,26,,,,-8.0,"25,33","25,23"
ncaab:401482912,ncaab,2022-12-07T03:04Z,final,150,2294,Duke,Iowa,74,62,,,,1,,,,,,,,,,2,,0,New York,NY,1,10,,,,-5.0,"37,37","31,31"
ncaab:401487324,ncaab,2022-12-07T04:00Z,final,2492,2440,Pepperdine,Nevada,77,85,,,,0,,,,,,,,,,2,,0,Malibu,CA,1,32,,,,-8.0,"39,38","37,48"
ncaab:401491745,ncaab,2022-12-07T21:30Z,final,2427,2684,UNC Asheville,Warren Wilson,122,70,,,,0,,,,,,,,,,2,,0,Asheville,NC,1,649,,,,-5.0,"59,63","33,37"
ncaab:401496889,ncaab,2022-12-07T23:00Z,final,2415,111942,Morgan St,PSU Wilkes-Bar,95,48,,,,0,,,,,,,,,,2,,0,Baltimore,MD,1,10,,,,-5.0,"53,42","22,26"
ncaab:401484838,ncaab,2022-12-07T23:30Z,final,213,127,Penn State,Michigan St,58,67,,,,0,,,,,,,,,,2,,0,University Park,PA,1,,,,,,"35,23","35,32"
ncaab:401485170,ncaab,2022-12-07T23:30Z,final,46,2561,Georgetown,Siena,75,68,,,,0,,,,,,,,,,2,,0,Washington,DC,1,,,,,,"37,38","36,32"
ncaab:401485172,ncaab,2022-12-07T23:30Z,final,2599,305,St John's,DePaul,86,67,,,,0,,,,,,,,,,2,,0,Queens,NY,1,12,,,,-5.0,"40,46","29,38"
ncaab:401482935,ncaab,2022-12-08T00:00Z,final,2390,172,Miami,Cornell,107,105,,,,0,,,,,,,,,,2,,0,Coral Gables,FL,1,3,,,,-5.0,"66,41","52,53"
ncaab:401482961,ncaab,2022-12-08T00:00Z,final,87,104,Notre Dame,Boston U,81,75,,,,0,,,,,,,,,,2,,0,South Bend,IN,1,211,,,,-5.0,"36,45","29,46"
ncaab:401483230,ncaab,2022-12-08T00:00Z,final,2633,2198,Tennessee,E Kentucky,84,49,,,,0,,,,,,,,,,2,,0,Knoxville,TN,1,276,,,,-5.0,"32,52","21,28"
ncaab:401483333,ncaab,2022-12-08T00:00Z,final,277,2426,West Virginia,Navy,85,64,,,,0,,,,,,,,,,2,,0,Morgantown,WV,1,271,,,,-5.0,"48,37","38,26"
ncaab:401483407,ncaab,2022-12-08T00:00Z,final,2509,2275,Purdue,Hofstra,85,66,,,,0,,,,,,,,,,2,,0,West Lafayette,IN,1,,,,,,"54,31","34,32"
ncaab:401484365,ncaab,2022-12-08T00:00Z,final,222,219,Villanova,Penn,70,59,,,,0,,,,,,,,,,2,,0,Villanova,PA,1,,,,,,"36,34","26,33"
ncaab:401485054,ncaab,2022-12-08T00:00Z,final,2678,123313,VMI,Carlow,106,67,,,,0,,,,,,,,,,2,,0,Lexington,VA,1,324,,,,-5.0,"51,55","34,33"
ncaab:401485332,ncaab,2022-12-08T00:00Z,final,2226,526,FAU,FGCU,85,53,,,,0,,,,,,,,,,2,,0,Boca Raton,FL,1,4,,,,-5.0,"41,44","28,25"
ncaab:401487336,ncaab,2022-12-08T00:00Z,final,227,225,Rhode Island,Brown,58,59,,,,0,,,,,,,,,,2,,0,Kingston,RI,1,75,,,,-5.0,"30,28","23,36"
ncaab:401487695,ncaab,2022-12-08T00:00Z,final,179,325,St Bonaventure,Cleveland St,61,42,,,,0,,,,,,,,,,2,,0,Saint Bonaventure,NY,1,435,,,,-5.0,"28,33","22,20"
ncaab:401487707,ncaab,2022-12-08T00:00Z,final,2670,294,VCU,Jacksonville,62,73,,,,0,,,,,,,,,,2,,0,Richmond,VA,1,64,,,,-5.0,"32,30","32,41"
ncaab:401489511,ncaab,2022-12-08T00:00Z,final,295,2729,Old Dominion,William & Mary,72,62,,,,0,,,,,,,,,,2,,0,Norfolk,VA,1,2,,,,-5.0,"26,46","24,38"
ncaab:401489529,ncaab,2022-12-08T00:00Z,final,290,2496,GA Southern,Piedmont,91,47,,,,0,,,,,,,,,,2,,0,Statesboro,GA,1,77,,,,-5.0,"42,49","26,21"
ncaab:401489686,ncaab,2022-12-08T00:00Z,final,2166,2717,Davidson,W Carolina,72,64,,,,0,,,,,,,,,,2,,0,Davidson,NC,1,256,,,,-5.0,"32,40","28,36"
ncaab:401490467,ncaab,2022-12-08T00:00Z,final,48,2169,Delaware,Delaware St,77,69,,,,0,,,,,,,,,,2,,0,Newark,DE,1,38,,,,-5.0,"30,47","33,36"
ncaab:401490549,ncaab,2022-12-08T00:00Z,final,349,2885,Army,NJIT,63,62,,,,0,,,,,,,,,,2,,0,West Point,NY,1,,,,,,"35,28","35,27"
ncaab:401491225,ncaab,2022-12-08T00:00Z,final,2261,2352,Hampton,Loyola MD,66,61,,,,0,,,,,,,,,,2,,0,Hampton,VA,1,1,,,,-5.0,"29,37","36,25"
ncaab:401491264,ncaab,2022-12-08T00:00Z,final,107,2514,Holy Cross,Quinnipiac,71,75,,,,0,,,,,,,,,,2,,0,Worcester,MA,1,,,,,,"35,36","36,39"
ncaab:401491904,ncaab,2022-12-08T00:00Z,final,2453,2011,North Alabama,Alabama St,71,63,,,,0,,,,,,,,,,2,,0,Florence,AL,1,167,,,,-6.0,"36,35","27,36"
ncaab:401492433,ncaab,2022-12-08T00:00Z,final,2217,2529,Fairfield,Sacred Heart,61,59,,,,0,,,,,,,,,,2,,0,Fairfield,CT,1,4,,,,-8.0,"32,29","27,32"
ncaab:401492446,ncaab,2022-12-08T00:00Z,final,284,2520,Stonehill,Rider,67,78,,,,0,,,,,,,,,,2,,0,South Easton,MA,1,33,,,,-5.0,"39,28","35,43"
ncaab:401493676,ncaab,2022-12-08T00:00Z,final,2117,2523,C Michigan,Robert Morris,66,71,,,,0,,,,,,,,,,2,,0,Mount Pleasant,MI,1,235,,,,-5.0,"25,41","32,39"
ncaab:401502062,ncaab,2022-12-08T00:00Z,final,2710,2295,W Illinois,Iowa Wesleyan,84,73,,,,0,,,,,,,,,,2,,0,Macomb,IL,1,215,,,,-6.0,"38,46","38,35"
ncaab:401491280,ncaab,2022-12-08T00:45Z,final,2066,2142,Binghamton,Colgate,62,81,,,,0,,,,,,,,,,2,,0,Binghamton,NY,1,264,,,,-5.0,"26,36","48,33"
ncaab:401482996,ncaab,2022-12-08T01:00Z,final,259,2168,Virginia Tech,Dayton,77,49,,,,0,,,,,,,,,,2,,0,Blacksburg,VA,1,633,,,,-5.0,"42,35","21,28"
ncaab:401483323,ncaab,2022-12-08T01:00Z,final,2641,2447,Texas Tech,Nicholls,78,71,,,,0,,,,,,,,,,2,,0,Lubbock,TX,1,976,,,,-6.0,"28,50","35,36"
ncaab:401489568,ncaab,2022-12-08T01:00Z,final,2181,2437,Drake,Omaha,78,65,,,,0,,,,,,,,,,2,,0,Des Moines,IA,1,266,,,,-6.0,"29,49","26,39"
ncaab:401489634,ncaab,2022-12-08T01:00Z,final,2545,2056,SE Louisiana,Belhaven,107,71,,,,0,,,,,,,,,,2,,0,Hammond,LA,1,13,,,,-6.0,"57,50","25,46"
ncaab:401489639,ncaab,2022-12-08T01:00Z,final,357,2639,Texas A&M-CC,Texas Lutheran,100,63,,,,0,,,,,,,,,,2,,0,Corpus Christi,TX,1,2,,,,-6.0,"42,58","34,29"
ncaab:401490131,ncaab,2022-12-08T01:00Z,final,79,282,S Illinois,Indiana St,71,74,,,,0,,,,,,,,,,2,,0,Carbondale,IL,1,126,,,,-6.0,"28,43","39,35"
ncaab:401491706,ncaab,2022-12-08T01:00Z,final,339,2097,Evansville,Campbell,72,66,,,,0,,,,,,,,,,2,,0,Evansville,IN,1,118,,,,-6.0,"31,41","28,38"
ncaab:401491868,ncaab,2022-12-08T01:00Z,final,202,2174,Tulsa,Detroit Mercy,72,76,,,,0,,,,,,,,,,2,,0,Tulsa,OK,1,,,,,,"39,33","36,40"
ncaab:401493708,ncaab,2022-12-08T01:00Z,final,2197,2050,E Illinois,Ball State,59,76,,,,0,,,,,,,,,,2,,0,Charleston,IL,1,204,,,,-6.0,"29,30","36,40"
ncaab:401493734,ncaab,2022-12-08T01:00Z,final,2287,2199,Illinois St,E Michigan,87,81,,,,0,,,,,,,,,,2,,0,Normal,IL,1,244,,,,-6.0,"41,46","35,46"
ncaab:401493818,ncaab,2022-12-08T01:00Z,final,88,2023,S Indiana,Anderson (IN),78,47,,,,0,,,,,,,,,,2,,0,Evansville,IN,1,118,,,,-6.0,"48,30","27,20"
ncaab:401493670,ncaab,2022-12-08T01:25Z,final,2546,2870,SE Missouri,Purdue FW,68,89,,,,0,,,,,,,,,,2,,0,Cape Girardeau,MO,1,108,,,,-6.0,"29,39","41,48"
ncaab:401484839,ncaab,2022-12-08T01:30Z,final,84,158,Indiana,Nebraska,81,65,,,,0,,,,,,,,,,2,,0,Bloomington,IN,1,235,,,,-5.0,"39,42","26,39"
ncaab:401485171,ncaab,2022-12-08T01:30Z,final,2550,2339,Seton Hall,Lincoln (PA),82,55,,,,0,,,,,,,,,,2,,0,South Orange,NJ,1,45,,,,-5.0,"34,48","29,26"
ncaab:401485173,ncaab,2022-12-08T01:30Z,final,2507,2363,Providence,Manhattan,99,59,,,,0,,,,,,,,,,2,,0,Providence,RI,1,2,,,,-5.0,"53,46","32,27"
ncaab:401482903,ncaab,2022-12-08T02:00Z,final,228,119,Clemson,Towson,80,75,,,,0,,,,,,,,,,2,,0,Clemson,SC,1,221,,,,-5.0,"37,43","35,40"
ncaab:401482971,ncaab,2022-12-08T02:00Z,final,238,221,Vanderbilt,Pitt,75,74,,,,0,,,,,,,,,,2,,0,Nashville,TN,1,170,,,,-6.0,"34,41","34,40"
ncaab:401483036,ncaab,2022-12-08T02:00Z,final,57,41,Florida,UConn,54,75,,,,0,,,,,,,,,,2,,0,Gainesville,FL,1,54,,,,-5.0,"23,31","36,39"
ncaab:401483439,ncaab,2022-12-08T02:00Z,final,2567,9,SMU,Arizona St,57,75,,,,0,,,,,,,,,,2,,0,Dallas,TX,1,128,,,,-6.0,"33,24","28,47"
ncaab:401489048,ncaab,2022-12-08T02:00Z,final,2253,2351,Grand Canyon,LMU,65,69,,,,0,,,,,,,,,,2,,0,Phoenix,AZ,1,331,,,,-7.0,"28,37","36,33"
ncaab:401489054,ncaab,2022-12-08T02:00Z,final,252,3084,BYU,Utah Valley,60,75,,,,0,,,,,,,,,,2,,0,Provo,UT,1,1387,,,,-7.0,"38,22","34,41"
ncaab:401492098,ncaab,2022-12-08T02:00Z,final,265,94,Washington St,N Kentucky,68,47,,,,0,,,,,,,,,,2,,0,Pullman,WA,1,717,,,,-8.0,"39,29","23,24"
ncaab:401483448,ncaab,2022-12-08T03:00Z,final,25,331,California,E Washington,48,50,,,,0,,,,,,,,,,2,,0,Berkeley,CA,1,52,,,,-8.0,"20,28","27,23"
ncaab:401487394,ncaab,2022-12-08T03:00Z,final,2439,62,UNLV,Hawai'i,77,62,,,,1,,,,,,,,,,2,,0,Henderson,NV,1,569,,,,-8.0,"41,36","22,40"
ncaab:401489017,ncaab,2022-12-08T03:00Z,final,2608,2623,Saint Mary's,Missouri St,66,46,,,,0,,,,,,,,,,2,,0,Moraga,CA,1,152,,,,-8.0,"26,40","21,25"
ncaab:401489486,ncaab,2022-12-08T03:00Z,final,2856,2692,CA Baptist,Weber St,64,52,,,,0,,,,,,,,,,2,,0,Riverside,CA,1,252,,,,-8.0,"31,33","15,37"
ncaab:401489593,ncaab,2022-12-08T03:00Z,final,16,2172,Sacramento St,Denver,87,85,,,,0,,,,,,,,,,2,,0,Sacramento,CA,1,9,,,,-8.0,"33,38,16","33,38,14"
ncaab:401493961,ncaab,2022-12-08T03:00Z,final,2541,166,Santa Clara,New Mexico St,66,65,,,,0,,,,,,,,,,2,,0,Santa Clara,CA,1,23,,,,-8.0,"33,33","36,29"
ncaab:401494384,ncaab,2022-12-08T03:00Z,final,278,2463,Fresno St,CSU Northridge,65,56,,,,0,,,,,,,,,,2,,0,Fresno,CA,1,94,,,,-8.0,"29,36","30,26"
ncaab:401493783,ncaab,2022-12-08T03:45Z,final,2539,2771,San Francisco,Merrimack,69,51,,,,0,,,,,,,,,,2,,0,San Francisco,CA,1,16,,,,-8.0,"34,35","23,28"
ncaab:401483476,ncaab,2022-12-08T04:00Z,final,30,2239,USC,Fullerton,64,50,,,,0,,,,,,,,,,2,,0,Los Angeles,CA,1,89,,,,-8.0,"29,35","21,29"
ncaab:401496948,ncaab,2022-12-08T21:30Z,final,311,126890,Maine,Maine Augusta,103,67,,,,0,,,,,,,,,,2,,0,Orono,ME,1,38,,,,-5.0,"48,55","33,34"
ncaab:401484841,ncaab,2022-12-09T00:00Z,final,194,164,Ohio State,Rutgers,67,66,,,,0,,,,,,,,,,2,,0,Columbus,OH,1,235,,,,-5.0,"31,36","29,37"
ncaab:401487623,ncaab,2022-12-09T00:00Z,final,2184,276,Duquesne,Marshall,71,82,,,,0,,,,,,,,,,2,,0,Pittsburgh,PA,1,233,,,,-5.0,"27,44","46,36"
ncaab:401487701,ncaab,2022-12-09T00:00Z,final,113,2349,UMass,UMass Lowell,80,85,,,,0,,,,,,,,,,2,,0,Amherst,MA,1,82,,,,-5.0,"30,50","38,47"
ncaab:401493685,ncaab,2022-12-09T00:00Z,final,2754,2849,Youngstown St,Westminster PA,117,65,,,,0,,,,,,,,,,2,,0,Youngstown,OH,1,,,,,,"51,66","22,43"
ncaab:401493789,ncaab,2022-12-09T00:30Z,final,2598,2614,Saint Francis,Saint Vincent,88,58,,,,0,,,,,,,,,,2,,0,Loretto,PA,1,595,,,,-5.0,"44,44","23,35"
ncaab:401483271,ncaab,2022-12-09T01:00Z,final,2294,66,Iowa,Iowa State,75,56,,,,0,,,,,,,,,,2,,0,Iowa City,IA,1,204,,,,-6.0,"40,35","20,36"
ncaab:401483457,ncaab,2022-12-09T02:00Z,final,38,36,Colorado,Colorado St,93,65,,,,0,,,,,,,,,,2,,0,Boulder,CO,1,1624,,,,-7.0,"38,55","30,35"
ncaab:401484840,ncaab,2022-12-09T02:00Z,final,135,130,Minnesota,Michigan,75,90,,,,0,,,,,,,,,,2,,0,Minneapolis,MN,1,253,,,,-6.0,"31,44","47,43"
ncaab:401489560,ncaab,2022-12-09T02:00Z,final,147,2900,Montana St,St Thomas,82,65,,,,0,,,,,,,,,,2,,0,Bozeman,MT,1,1468,,,,-7.0,"41,41","30,35"
ncaab:401483485,ncaab,2022-12-09T03:00Z,final,254,55,Utah,Jax State,99,58,,,,0,,,,,,,,,,2,,0,Salt Lake City,UT,1,1299,,,,-7.0,"45,54","23,35"
ncaab:401491659,ncaab,2022-12-09T23:00Z,final,2803,2619,Bryant,Stony Brook,79,60,,,,0,,,,,,,,,,2,,0,Smithfield,RI,1,84,,,,-5.0,"35,44","29,31"
ncaab:401483254,ncaab,2022-12-10T00:00Z,final,238,2755,Vanderbilt,Grambling,62,64,,,,0,,,,,,,,,,2,,0,Nashville,TN,1,170,,,,-6.0,"24,38","27,37"
ncaab:401485334,ncaab,2022-12-10T00:00Z,final,2272,2511,High Point,Queens,79,87,,,,0,,,,,,,,,,2,,0,High Point,NC,1,281,,,,-5.0,"44,35","38,49"
ncaab:401487372,ncaab,2022-12-10T00:00Z,final,2115,159,C Connecticut,Dartmouth,59,50,,,,0,,,,,,,,,,2,,0,New Britain,CT,1,51,,,,-5.0,"22,37","25,25"
ncaab:401487524,ncaab,2022-12-10T00:00Z,final,171,161,Columbia,FDU,73,76,,,,0,,,,,,,,,,2,,0,New York,NY,1,10,,,,-5.0,"36,32,5","30,38,8"
ncaab:401487634,ncaab,2022-12-10T00:00Z,final,2230,2066,Fordham,Binghamton,77,62,,,,0,,,,,,,,,,2,,0,Bronx,NY,1,28,,,,-5.0,"44,33","31,31"
ncaab:401493784,ncaab,2022-12-10T00:00Z,final,2771,3085,Merrimack,New England,82,23,,,,0,,,,,,,,,,2,,0,North Andover,MA,1,29,,,,-5.0,"48,34","6,17"
ncaab:401485333,ncaab,2022-12-10T01:00Z,final,2010,288,Alabama A&M,Lipscomb,63,59,,,,0,,,,,,,,,,2,,0,Normal,AL,1,220,,,,-6.0,"24,39","30,29"
ncaab:401489612,ncaab,2022-12-10T01:00Z,final,2460,2377,Northern Iowa,McNeese,49,52,,,,0,,,,,,,,,,2,,0,Cedar Falls,IA,1,268,,,,-6.0,"23,26","27,25"
ncaab:401487285,ncaab,2022-12-10T02:00Z,final,2005,2032,Air Force,Arkansas St,80,55,,,,0,,,,,,,,,,2,,0,Colorado Springs,CO,1,1832,,,,-7.0,"44,36","27,28"
ncaab:401489072,ncaab,2022-12-10T02:00Z,final,3101,411,Utah Tech,Chapman,99,58,,,,0,,,,,,,,,,2,,0,St. George,UT,1,823,,,,-7.0,"51,48","29,29"
ncaab:401492101,ncaab,2022-12-10T02:00Z,final,2250,264,Gonzaga,Washington,77,60,,,,0,,,,,,,,,,2,,0,Spokane,WA,1,571,,,,-8.0,"36,41","26,34"
ncaab:401486792,ncaab,2022-12-10T16:30Z,final,2084,2655,Buffalo,Tulane,63,88,,,,1,,,,,,,,,,2,,0,Atlanta,GA,1,320,,,,-5.0,"29,34","46,42"
ncaab:401484390,ncaab,2022-12-10T17:00Z,final,2325,2182,La Salle,Drexel,58,65,,,,0,,,,,,,,,,2,,0,Philadelphia,PA,1,12,,,,-5.0,"31,22,5","31,22,12"
ncaab:401484842,ncaab,2022-12-10T17:00Z,final,356,213,Illinois,Penn State,59,74,,,,0,,,,,,,,,,2,,0,Champaign,IL,1,225,,,,-6.0,"38,21","47,27"
ncaab:401489681,ncaab,2022-12-10T17:00Z,final,2142,261,Colgate,Vermont,72,73,,,,0,,,,,,,,,,2,,0,Hamilton,NY,1,181,,,,-5.0,"30,42","37,36"
ncaab:401492300,ncaab,2022-12-10T17:00Z,final,236,3239,Chattanooga,Johnson Univ,97,47,,,,0,,,,,,,,,,2,,0,Chattanooga,TN,1,206,,,,-5.0,"43,54","13,34"
ncaab:401485175,ncaab,2022-12-10T17:30Z,final,41,112358,UConn,Long Island,114,61,,,,0,,,,,,,,,,2,,0,Storrs,CT,1,,,,,,"62,52","27,34"
ncaab:401482980,ncaab,2022-12-10T18:00Z,final,183,46,Syracuse,Georgetown,83,64,,,,0,,,,,,,,,,2,,0,Syracuse,NY,1,,,,,,"45,38","34,30"
ncaab:401483296,ncaab,2022-12-10T18:00Z,final,8,201,Arkansas,Oklahoma,88,78,,,,1,,,,,,,,,,2,,0,Tulsa,OK,1,,,,,,"43,45","40,38"
ncaab:401483314,ncaab,2022-12-10T18:00Z,final,251,2029,Texas,AR-Pine Bluff,88,43,,,,0,,,,,,,,,,2,,0,Austin,TX,1,149,,,,-6.0,"46,42","30,13"
ncaab:401485055,ncaab,2022-12-10T18:00Z,final,2678,2515,VMI,Radford,77,74,,,,0,,,,,,,,,,2,,0,Lexington,VA,1,324,,,,-5.0,"39,38","43,31"
ncaab:401487458,ncaab,2022-12-10T18:00Z,final,219,218,Penn,Temple,77,57,,,,0,,,,,,,,,,2,,0,Philadelphia,PA,1,12,,,,-5.0,"26,51","28,29"
ncaab:401487477,ncaab,2022-12-10T18:00Z,final,96,43,Kentucky,Yale,69,59,,,,0,,,,,,,,,,2,,0,Lexington,KY,1,295,,,,-5.0,"33,36","27,32"
ncaab:401487679,ncaab,2022-12-10T18:00Z,final,2603,2612,Saint Joseph's,Saint Peter's,73,57,,,,0,,,,,,,,,,2,,0,Philadelphia,PA,1,12,,,,-5.0,"29,44","38,19"
ncaab:401488396,ncaab,2022-12-10T18:00Z,final,52,97,Florida St,Louisville,75,53,,,,0,,,,,,,,,,2,,0,Tallahassee,FL,1,,,,,,"36,39","24,29"
ncaab:401492261,ncaab,2022-12-10T18:00Z,final,2514,322,Quinnipiac,Lafayette,76,63,,,,0,,,,,,,,,,2,,0,Hamden,CT,1,31,,,,-5.0,"41,35","30,33"
ncaab:401483005,ncaab,2022-12-10T19:00Z,final,99,154,LSU,Wake Forest,72,70,,,,1,,,,,,,,,,2,,0,Atlanta,GA,1,320,,,,-5.0,"33,39","41,29"
ncaab:401484391,ncaab,2022-12-10T19:00Z,final,2168,2427,Dayton,UNC Asheville,79,56,,,,0,,,,,,,,,,2,,0,Dayton,OH,1,225,,,,-5.0,"34,45","19,37"
ncaab:401486942,ncaab,2022-12-10T19:00Z,final,2429,2174,Charlotte,Detroit Mercy,82,80,,,,0,,,,,,,,,,2,,0,Charlotte,NC,1,229,,,,-5.0,"43,30,9","47,26,7"
ncaab:401487665,ncaab,2022-12-10T19:00Z,final,227,349,Rhode Island,Army,77,67,,,,0,,,,,,,,,,2,,0,Kingston,RI,1,75,,,,-5.0,"41,36","27,40"
ncaab:401487673,ncaab,2022-12-10T19:00Z,final,257,2181,Richmond,Drake,82,52,,,,0,,,,,,,,,,2,,0,Richmond,VA,1,64,,,,-5.0,"47,35","25,27"
ncaab:401488197,ncaab,2022-12-10T19:00Z,final,233,300,South Dakota,UC Irvine,71,83,,,,0,,,,,,,,,,2,,0,Vermillion,SD,1,,,,,,"35,36","37,46"
ncaab:401488397,ncaab,2022-12-10T19:00Z,final,2390,152,Miami,NC State,80,73,,,,0,,,,,,,,,,2,,0,Coral Gables,FL,1,3,,,,-5.0,"34,46","43,30"
ncaab:401489539,ncaab,2022-12-10T19:00Z,final,324,111926,Coastal,Regent,102,39,,,,0,,,,,,,,,,2,,0,Conway,SC,1,10,,,,-5.0,"49,53","17,22"
ncaab:401491265,ncaab,2022-12-10T19:00Z,final,111,107,Northeastern,Holy Cross,59,58,,,,0,,,,,,,,,,2,,0,Boston,MA,1,14,,,,-5.0,"26,33","31,27"
ncaab:401491894,ncaab,2022-12-10T19:00Z,final,2050,339,Ball State,Evansville,88,69,,,,0,,,,,,,,,,2,,0,Muncie,IN,1,284,,,,-5.0,"42,46","28,41"
ncaab:401492206,ncaab,2022-12-10T19:00Z,final,2454,2065,North Florida,Bethune,88,48,,,,0,,,,,,,,,,2,,0,Jacksonville,FL,1,5,,,,-5.0,"52,36","21,27"
ncaab:401492430,ncaab,2022-12-10T19:00Z,final,2649,2099,Toledo,Canisius,69,68,,,,0,,,,,,,,,,2,,0,Toledo,OH,1,,,,,,"32,37","29,39"
ncaab:401500712,ncaab,2022-12-10T19:00Z,final,56,2691,Stetson,Webber Int'l,83,59,,,,0,,,,,,,,,,2,,0,DeLand,FL,1,12,,,,-5.0,"42,41","24,35"
ncaab:401484843,ncaab,2022-12-10T19:15Z,final,158,2509,Nebraska,Purdue,62,65,,,,0,,,,,,,,,,2,,0,Lincoln,NE,1,367,,,,-6.0,"24,32,6","34,22,9"
ncaab:401485178,ncaab,2022-12-10T19:30Z,final,2507,399,Providence,UAlbany,93,55,,,,0,,,,,,,,,,2,,0,Providence,RI,1,2,,,,-5.0,"42,51","25,30"
ncaab:401493752,ncaab,2022-12-10T19:30Z,final,2711,82,W Michigan,UIC,56,62,,,,0,,,,,,,,,,2,,0,Kalamazoo,MI,1,239,,,,-5.0,"18,38","30,32"
ncaab:401483212,ncaab,2022-12-10T20:00Z,final,145,2674,Ole Miss,Valparaiso,98,61,,,,0,,,,,,,,,,2,,0,Oxford,MS,1,154,,,,-6.0,"53,45","30,31"
ncaab:401483468,ncaab,2022-12-10T20:00Z,final,26,2172,UCLA,Denver,87,64,,,,0,,,,,,,,,,2,,0,Los Angeles,CA,1,89,,,,-8.0,"44,43","35,29"
ncaab:401485174,ncaab,2022-12-10T20:00Z,final,2132,2752,Cincinnati,Xavier,77,80,,,,0,,,,,,,,,,2,,0,Cincinnati,OH,1,191,,,,-5.0,"24,53","41,39"
ncaab:401486795,ncaab,2022-12-10T20:00Z,final,21,2608,San Diego St,Saint Mary's,61,68,,,,1,,,,,,,,,,2,,0,Phoenix,AZ,1,331,,,,-7.0,"35,26","35,33"
ncaab:401488384,ncaab,2022-12-10T20:00Z,final,248,333,Houston,Alabama,65,71,,,,0,,,,,,,,,,2,,0,Houston,TX,1,12,,,,-6.0,"31,34","27,44"
ncaab:401488789,ncaab,2022-12-10T20:00Z,final,2908,2569,SC Upstate,SC State,89,84,,,,0,,,,,,,,,,2,,0,Spartanburg,SC,1,246,,,,-5.0,"32,39,18","38,33,13"
ncaab:401488798,ncaab,2022-12-10T20:00Z,final,325,2309,Cleveland St,Kent State,58,67,,,,0,,,,,,,,,,2,,0,Cleveland,OH,1,199,,,,-5.0,"27,31","32,35"
ncaab:401489503,ncaab,2022-12-10T20:00Z,final,2572,2320,Southern Miss,Lamar,95,59,,,,0,,,,,,,,,,2,,0,Hattiesburg,MS,1,52,,,,-6.0,"50,45","22,37"
ncaab:401489530,ncaab,2022-12-10T20:00Z,final,290,2747,GA Southern,Wofford,79,57,,,,0,,,,,,,,,,2,,0,Statesboro,GA,1,77,,,,-5.0,"49,30","29,28"
ncaab:401492648,ncaab,2022-12-10T20:00Z,final,202,2117,Tulsa,C Michigan,70,63,,,,0,,,,,,,,,,2,,0,Tulsa,OK,1,,,,,,"31,39","25,38"
ncaab:401493794,ncaab,2022-12-10T20:00Z,final,2197,2710,E Illinois,W Illinois,75,79,,,,0,,,,,,,,,,2,,0,Charleston,IL,1,204,,,,-6.0,"38,37","37,42"
ncaab:401493948,ncaab,2022-12-10T20:00Z,final,2000,2837,Abilene Chrstn,East Texas A&M,83,64,,,,0,,,,,,,,,,2,,0,Abilene,TX,1,524,,,,-6.0,"39,44","26,38"
ncaab:401488395,ncaab,2022-12-10T20:15Z,final,153,59,North Carolina,Georgia Tech,75,59,,,,0,,,,,,,,,,2,,0,Chapel Hill,NC,1,148,,,,-5.0,"39,36","26,33"
ncaab:401482972,ncaab,2022-12-10T20:30Z,final,221,2529,Pitt,Sacred Heart,91,66,,,,0,,,,,,,,,,2,,0,Pittsburgh,PA,1,233,,,,-5.0,"41,50","36,30"
ncaab:401490468,ncaab,2022-12-10T20:30Z,final,2169,111179,Delaware St,Georgian Court,69,75,,,,0,,,,,,,,,,2,,0,Dover,DE,1,9,,,,-5.0,"27,42","24,51"
ncaab:401484866,ncaab,2022-12-10T21:00Z,final,231,2737,Furman,Winthrop,82,67,,,,0,,,,,,,,,,2,,0,Greenville,SC,1,307,,,,-5.0,"41,41","39,28"
ncaab:401485335,ncaab,2022-12-10T21:00Z,final,91,93,Bellarmine,Murray St,69,58,,,,0,,,,,,,,,,2,,0,Louisville,KY,1,142,,,,-5.0,"32,37","25,33"
ncaab:401485476,ncaab,2022-12-10T21:00Z,final,2729,2450,William & Mary,Norfolk St,53,67,,,,0,,,,,,,,,,2,,0,Williamsburg,VA,1,,,,,,"35,18","28,39"
ncaab:401487304,ncaab,2022-12-10T21:00Z,final,167,2636,New Mexico,UTSA,94,76,,,,0,,,,,,,,,,2,,0,Albuquerque,NM,1,1511,,,,-7.0,"50,44","38,38"
ncaab:401487650,ncaab,2022-12-10T21:00Z,final,45,44,G Washington,American,64,69,,,,0,,,,,,,,,,2,,0,Washington,DC,1,,,,,,"24,40","30,39"
ncaab:401489063,ncaab,2022-12-10T21:00Z,final,2464,3084,N Arizona,Utah Valley,75,80,,,,0,,,,,,,,,,2,,0,Flagstaff,AZ,1,2104,,,,-7.0,"32,36,7","35,33,12"
ncaab:401489687,ncaab,2022-12-10T21:00Z,final,2717,2913,W Carolina,Brevard,99,55,,,,0,,,,,,,,,,2,,0,Cullowhee,NC,1,645,,,,-5.0,"57,42","30,25"
ncaab:401491729,ncaab,2022-12-10T21:00Z,final,2724,2344,Wichita St,Longwood,81,63,,,,0,,,,,,,,,,2,,0,Wichita,KS,1,,,,,,"43,38","29,34"
ncaab:401491862,ncaab,2022-12-10T21:00Z,final,350,294,UNC Wilmington,Jacksonville,81,53,,,,0,,,,,,,,,,2,,0,Wilmington,NC,1,,,,,,"34,47","19,34"
ncaab:401493755,ncaab,2022-12-10T21:00Z,final,2287,2565,Illinois St,SIUE,77,71,,,,0,,,,,,,,,,2,,0,Normal,IL,1,244,,,,-6.0,"33,44","34,37"
ncaab:401484856,ncaab,2022-12-10T21:30Z,final,127,225,Michigan St,Brown,68,50,,,,0,,,,,,,,,,2,,0,East Lansing,MI,1,261,,,,-5.0,"32,36","18,32"
ncaab:401487395,ncaab,2022-12-10T21:30Z,final,2439,265,UNLV,Washington St,74,70,,,,1,,,,,,,,,,2,,0,Las Vegas,NV,1,610,,,,-8.0,"33,41","30,40"
ncaab:401489105,ncaab,2022-12-10T21:30Z,final,155,2547,North Dakota,Seattle U,78,80,,,,0,,,,,,,,,,2,,0,Grand Forks,ND,1,253,,,,-6.0,"36,34,8","19,51,10"
ncaab:401489494,ncaab,2022-12-10T21:30Z,final,2466,2433,N'Western St,UL Monroe,91,73,,,,0,,,,,,,,,,2,,0,Natchitoches,LA,1,36,,,,-6.0,"41,50","34,39"
ncaab:401482895,ncaab,2022-12-10T22:00Z,final,222,103,Villanova,Boston College,77,56,,,,1,,,,,,,,,,2,,0,Newark,NJ,1,9,,,,-5.0,"40,37","30,26"
ncaab:401483449,ncaab,2022-12-10T22:00Z,final,25,2086,California,Butler,58,82,,,,0,,,,,,,,,,2,,0,Berkeley,CA,1,52,,,,-8.0,"26,32","41,41"
ncaab:401488784,ncaab,2022-12-10T22:00Z,final,2571,331,S Dakota St,E Washington,77,76,,,,0,,,,,,,,,,2,,0,Brookings,SD,1,494,,,,-6.0,"29,48","41,35"
ncaab:401489001,ncaab,2022-12-10T22:00Z,final,2057,2393,Belmont,MTSU,75,85,,,,0,,,,,,,,,,2,,0,Nashville,TN,1,170,,,,-6.0,"30,40,5","30,40,15"
ncaab:401489040,ncaab,2022-12-10T22:00Z,final,279,278,Pacific,Fresno St,76,72,,,,0,,,,,,,,,,2,,0,Stockton,CA,1,,,,,,"38,38","29,43"
ncaab:401489697,ncaab,2022-12-10T22:00Z,final,2349,2597,UMass Lowell,St Francis BK,68,59,,,,0,,,,,,,,,,2,,0,Lowell,MA,1,36,,,,-5.0,"31,37","20,39"
ncaab:401493838,ncaab,2022-12-10T22:00Z,final,2582,108817,Southern,LSU Alexandria,98,76,,,,0,,,,,,,,,,2,,0,Baton Rouge,LA,1,14,,,,-6.0,"45,53","36,40"
ncaab:401493962,ncaab,2022-12-10T22:00Z,final,2541,23,Santa Clara,San José St,64,75,,,,0,,,,,,,,,,2,,0,Santa Clara,CA,1,23,,,,-8.0,"37,27","29,46"
ncaab:401483046,ncaab,2022-12-10T22:10Z,final,235,2,Memphis,Auburn,82,73,,,,1,,,,,,,,,,2,,0,Atlanta,GA,1,320,,,,-5.0,"38,44","32,41"
ncaab:401483203,ncaab,2022-12-10T22:20Z,final,142,2305,Missouri,Kansas,67,95,,,,0,,,,,,,,,,2,,0,Columbia,MO,1,215,,,,-6.0,"33,34","50,45"
ncaab:401482913,ncaab,2022-12-10T22:30Z,final,150,2379,Duke,MD Eastern,82,55,,,,0,,,,,,,,,,2,,0,Durham,NC,1,123,,,,-5.0,"39,43","21,34"
ncaab:401486794,ncaab,2022-12-10T22:30Z,final,2253,249,Grand Canyon,North Texas,58,60,,,,1,,,,,,,,,,2,,0,Phoenix,AZ,1,331,,,,-7.0,"27,31","26,34"
ncaab:401489711,ncaab,2022-12-10T22:30Z,final,2378,2415,UMBC,Morgan St,75,63,,,,0,,,,,,,,,,2,,0,Baltimore,MD,1,10,,,,-5.0,"36,39","20,43"
ncaab:401492304,ncaab,2022-12-10T22:40Z,final,2653,2635,Troy,Tennessee Tech,87,64,,,,0,,,,,,,,,,2,,0,Troy,AL,1,,,,,,"43,44","30,34"
ncaab:401483334,ncaab,2022-12-10T23:00Z,final,277,5,West Virginia,UAB,81,70,,,,0,,,,,,,,,,2,,0,Morgantown,WV,1,271,,,,-5.0,"40,41","31,39"
ncaab:401485176,ncaab,2022-12-10T23:00Z,final,2599,160,St John's,New Hampshire,64,51,,,,0,,,,,,,,,,2,,0,Queens,NY,1,12,,,,-5.0,"25,39","22,29"
ncaab:401489569,ncaab,2022-12-10T23:00Z,final,147,2437,Montana St,Omaha,82,54,,,,0,,,,,,,,,,2,,0,Bozeman,MT,1,1468,,,,-7.0,"46,36","26,28"
ncaab:401485179,ncaab,2022-12-10T23:30Z,final,305,2638,DePaul,UTEP,91,70,,,,0,,,,,,,,,,2,,0,Chicago,IL,1,179,,,,-6.0,"39,52","33,37"
ncaab:401488213,ncaab,2022-12-10T23:30Z,final,16,299,Sacramento St,Long Beach St,76,74,,,,0,,,,,,,,,,2,,0,Sacramento,CA,1,9,,,,-8.0,"37,39","30,44"
ncaab:401485016,ncaab,2022-12-11T00:00Z,final,163,2405,Princeton,Monmouth,91,54,,,,0,,,,,,,,,,2,,0,Princeton,NJ,1,62,,,,-5.0,"41,50","22,32"
ncaab:401485336,ncaab,2022-12-11T00:00Z,final,526,2382,FGCU,Mercer,67,62,,,,0,,,,,,,,,,2,,0,Fort Myers,FL,1,3,,,,-5.0,"26,41","25,37"
ncaab:401487325,ncaab,2022-12-11T00:00Z,final,2483,2440,Oregon,Nevada,78,65,,,,0,,,,,,,,,,2,,0,Eugene,OR,1,131,,,,-8.0,"36,42","29,36"
ncaab:401488806,ncaab,2022-12-11T00:00Z,final,116,2352,Mount St Marys,Loyola MD,51,34,,,,0,,,,,,,,,,2,,0,Emmitsburg,MD,1,133,,,,-5.0,"24,27","10,24"
ncaab:401489099,ncaab,2022-12-11T00:00Z,final,2239,253,Fullerton,Southern Utah,60,67,,,,1,,,,,,,,,,2,,0,Las Vegas,NV,1,610,,,,-8.0,"27,33","28,39"
ncaab:401489518,ncaab,2022-12-11T00:00Z,final,256,417,James Madison,Gallaudet,106,43,,,,0,,,,,,,,,,2,,0,Harrisonburg,VA,1,404,,,,-5.0,"45,61","20,23"
ncaab:401491810,ncaab,2022-12-11T00:00Z,final,98,2750,Western KY,Wright St,64,60,,,,0,,,,,,,,,,2,,0,Bowling Green,KY,1,161,,,,-6.0,"27,37","29,31"
ncaab:401491882,ncaab,2022-12-11T00:00Z,final,2523,276,Robert Morris,Marshall,60,69,,,,0,,,,,,,,,,2,,0,Moon Township,PA,1,358,,,,-5.0,"16,44","30,39"
ncaab:401492247,ncaab,2022-12-11T00:00Z,final,2368,104,Marist,Boston U,70,72,,,,0,,,,,,,,,,2,,0,Poughkeepsie,NY,1,62,,,,-5.0,"28,42","31,41"
ncaab:401499437,ncaab,2022-12-11T00:00Z,final,2198,109700,E Kentucky,Boyce,140,79,,,,0,,,,,,,,,,2,,0,Richmond,KY,1,289,,,,-5.0,"69,71","43,36"
ncaab:401483349,ncaab,2022-12-11T00:30Z,final,12,84,Arizona,Indiana,89,75,,,,1,,,,,,,,,,2,,0,Las Vegas,NV,1,610,,,,-8.0,"46,43","36,39"
ncaab:401489092,ncaab,2022-12-11T00:30Z,final,326,250,Texas St,UT Arlington,71,65,,,,1,,,,,,,,,,2,,0,Fort Worth,TX,1,199,,,,-6.0,"33,38","24,41"
ncaab:401482904,ncaab,2022-12-11T00:53Z,final,228,2350,Clemson,Loyola Chicago,58,76,,,,1,,,,,,,,,,2,,0,Atlanta,GA,1,320,,,,-5.0,"26,32","37,39"
ncaab:401485337,ncaab,2022-12-11T01:00Z,final,198,2110,Oral Roberts,C Arkansas,111,78,,,,0,,,,,,,,,,2,,0,Tulsa,OK,1,,,,,,"54,57","39,39"
ncaab:401487687,ncaab,2022-12-11T01:00Z,final,139,68,Saint Louis,Boise St,52,57,,,,0,,,,,,,,,,2,,0,St. Louis,MO,1,142,,,,-6.0,"26,26","23,34"
ncaab:401488147,ncaab,2022-12-11T01:00Z,final,2492,2540,Pepperdine,Santa Barbara,64,67,,,,0,,,,,,,,,,2,,0,Malibu,CA,1,32,,,,-8.0,"33,24,7","34,23,10"
ncaab:401489083,ncaab,2022-12-11T01:00Z,final,2277,292,Hou Christian,UT Rio Grande,82,95,,,,0,,,,,,,,,,2,,0,Houston,TX,1,12,,,,-6.0,"36,46","53,42"
ncaab:401489512,ncaab,2022-12-11T01:00Z,final,295,2241,Old Dominion,Gardner-Webb,44,43,,,,0,,,,,,,,,,2,,0,Norfolk,VA,1,2,,,,-5.0,"29,15","26,17"
ncaab:401489561,ncaab,2022-12-11T01:00Z,final,304,2900,Idaho St,St Thomas,70,76,,,,0,,,,,,,,,,2,,0,Pocatello,ID,1,1360,,,,-7.0,"32,38","38,38"
ncaab:401489574,ncaab,2022-12-11T01:00Z,final,2449,149,N Dakota St,Montana,75,82,,,,0,,,,,,,,,,2,,0,Fargo,ND,1,276,,,,-6.0,"37,38","33,49"
ncaab:401489587,ncaab,2022-12-11T01:00Z,final,2739,140,Green Bay,Kansas City,70,64,,,,0,,,,,,,,,,2,,0,Ashwaubenon,WI,1,185,,,,-6.0,"27,43","30,34"
ncaab:401492179,ncaab,2022-12-11T01:00Z,final,79,2016,S Illinois,Alcorn St,74,68,,,,0,,,,,,,,,,2,,0,Carbondale,IL,1,126,,,,-6.0,"30,44","30,38"
ncaab:401492632,ncaab,2022-12-11T01:00Z,final,309,2535,Louisiana,Samford,75,58,,,,0,,,,,,,,,,2,,0,Lafayette,LA,1,11,,,,-6.0,"37,38","32,26"
ncaab:401493671,ncaab,2022-12-11T01:00Z,final,2623,2870,Missouri St,Purdue FW,61,65,,,,0,,,,,,,,,,2,,0,Springfield,MO,1,,,,,,"29,32","30,35"
ncaab:401489026,ncaab,2022-12-11T01:30Z,final,2501,2443,Portland,LSU N Orleans,100,61,,,,0,,,,,,,,,,2,,0,Portland,OR,1,12,,,,-8.0,"54,46","31,30"
ncaab:401493498,ncaab,2022-12-11T02:00Z,final,2692,2606,Weber St,Saint Martin's,82,58,,,,0,,,,,,,,,,2,,0,Ogden,UT,1,1311,,,,-7.0,"40,42","26,32"
ncaab:401494418,ncaab,2022-12-11T02:00Z,final,2751,2348,Wyoming,Louisiana Tech,92,65,,,,0,,,,,,,,,,2,,0,Laramie,WY,1,2184,,,,-7.0,"44,48","24,41"
ncaab:401483304,ncaab,2022-12-11T03:00Z,final,2567,2628,SMU,TCU,75,83,,,,1,,,,,,,,,,2,,0,Fort Worth,TX,1,199,,,,-6.0,"31,44","37,46"
ncaab:401485177,ncaab,2022-12-11T03:00Z,final,252,156,BYU,Creighton,83,80,,,,1,,,,,,,,,,2,,0,Las Vegas,NV,1,610,,,,-8.0,"49,34","45,35"
ncaab:401489487,ncaab,2022-12-11T03:00Z,final,301,2856,San Diego,CA Baptist,73,76,,,,0,,,,,,,,,,2,,0,San Diego,CA,1,20,,,,-8.0,"36,37","34,42"
ncaab:401491697,ncaab,2022-12-11T03:00Z,final,13,2502,Cal Poly,Portland St,72,49,,,,0,,,,,,,,,,2,,0,San Luis Obispo,CA,1,71,,,,-8.0,"35,37","31,18"
ncaab:401493495,ncaab,2022-12-11T03:00Z,final,2463,2458,CSU Northridge,N Colorado,63,70,,,,0,,,,,,,,,,2,,0,Northridge,CA,1,246,,,,-8.0,"33,30","37,33"
ncaab:401487405,ncaab,2022-12-11T06:03Z,final,328,2351,Utah State,LMU,79,67,,,,1,,,,,,,,,,2,,0,Las Vegas,NV,1,610,,,,-8.0,"36,43","39,28"
ncaab:401486771,ncaab,2022-12-11T16:30Z,final,314,179,Iona,St Bonaventure,72,57,,,,1,,,,,,,,,,2,,0,Brooklyn,NY,1,15,,,,-5.0,"32,40","28,29"
ncaab:401488710,ncaab,2022-12-11T17:00Z,final,2116,2627,UCF,Tarleton St,75,49,,,,0,,,,,,,,,,2,,0,Orlando,FL,1,30,,,,-5.0,"30,45","27,22"
ncaab:401487513,ncaab,2022-12-11T18:00Z,final,2230,2115,Fordham,C Connecticut,90,77,,,,0,,,,,,,,,,2,,0,Bronx,NY,1,28,,,,-5.0,"47,43","33,44"
ncaab:401491663,ncaab,2022-12-11T18:00Z,final,2771,311,Merrimack,Maine,47,50,,,,0,,,,,,,,,,2,,0,North Andover,MA,1,29,,,,-5.0,"26,21","23,27"
ncaab:401492437,ncaab,2022-12-11T18:00Z,final,315,2199,Niagara,E Michigan,67,60,,,,0,,,,,,,,,,2,,0,Niagara Falls,NY,1,187,,,,-5.0,"35,32","38,22"
ncaab:401502001,ncaab,2022-12-11T18:00Z,final,193,502,Miami OH,Calumet,85,49,,,,0,,,,,,,,,,2,,0,Oxford,OH,1,283,,,,-5.0,"47,38","23,26"
ncaab:401482997,ncaab,2022-12-11T19:00Z,final,259,197,Virginia Tech,Oklahoma St,70,65,,,,1,,,,,,,,,,2,,0,Brooklyn,NY,1,15,,,,-5.0,"34,36","25,40"
ncaab:401483387,ncaab,2022-12-11T19:00Z,final,77,2504,Northwestern,Prairie View,61,51,,,,0,,,,,,,,,,2,,0,Evanston,IL,1,187,,,,-6.0,"24,37","29,22"
ncaab:401485517,ncaab,2022-12-11T19:00Z,final,2413,2193,Morehead St,ETSU,61,57,,,,0,,,,,,,,,,2,,0,Morehead,KY,1,153,,,,-6.0,"27,34","36,21"
ncaab:401487525,ncaab,2022-12-11T19:00Z,final,161,2885,FDU,NJIT,73,71,,,,0,,,,,,,,,,2,,0,Hackensack,NJ,1,6,,,,-5.0,"31,42","33,38"
ncaab:401489660,ncaab,2022-12-11T19:00Z,final,151,2154,East Carolina,Coppin St,84,75,,,,0,,,,,,,,,,2,,0,Greenville,NC,1,18,,,,-5.0,"37,47","42,33"
ncaab:401491813,ncaab,2022-12-11T19:00Z,final,232,2822,Charleston,N Greenville,96,67,,,,0,,,,,,,,,,2,,0,Charleston,SC,1,6,,,,-5.0,"49,47","25,42"
ncaab:401491816,ncaab,2022-12-11T19:00Z,final,48,2561,Delaware,Siena,75,64,,,,0,,,,,,,,,,2,,0,Newark,DE,1,38,,,,-5.0,"33,42","28,36"
ncaab:401491827,ncaab,2022-12-11T19:00Z,final,2210,3169,Elon,J&W (NC),101,69,,,,0,,,,,,,,,,2,,0,Elon,NC,1,215,,,,-5.0,"50,51","34,35"
ncaab:401493686,ncaab,2022-12-11T19:00Z,final,2754,195,Youngstown St,Ohio,79,81,,,,0,,,,,,,,,,2,,0,Youngstown,OH,1,,,,,,"31,48","44,37"
ncaab:401493703,ncaab,2022-12-11T19:00Z,final,2006,2296,Akron,Jackson St,85,72,,,,0,,,,,,,,,,2,,0,Akron,OH,1,291,,,,-5.0,"54,31","26,46"
ncaab:401498728,ncaab,2022-12-11T19:00Z,final,2617,2491,SF Austin,Paul Quinn,103,40,,,,0,,,,,,,,,,2,,0,Nacogdoches,TX,1,92,,,,-6.0,"61,42","18,22"
ncaab:401501739,ncaab,2022-12-11T19:00Z,final,2363,2803,Manhattan,Bryant,97,104,,,,0,,,,,,,,,,2,,0,Riverdale,NY,1,159,,,,-8.0,"45,40,12","41,44,19"
ncaab:401483287,ncaab,2022-12-11T20:00Z,final,2306,2916,Kansas St,Incarnate Word,98,50,,,,0,,,,,,,,,,2,,0,Manhattan,KS,1,311,,,,-6.0,"45,53","28,22"
ncaab:401488546,ncaab,2022-12-11T20:00Z,final,2630,2130,UT Martin,Chicago St,75,74,,,,0,,,,,,,,,,2,,0,Martin,TN,1,124,,,,-6.0,"47,19,9","25,41,8"
ncaab:401493662,ncaab,2022-12-11T20:00Z,final,270,75,Milwaukee,North Park,92,63,,,,0,,,,,,,,,,2,,0,Milwaukee,WI,1,188,,,,-6.0,"38,54","37,26"
ncaab:401499132,ncaab,2022-12-11T20:00Z,final,2447,2892,Nicholls,Rust,85,65,,,,0,,,,,,,,,,2,,0,Thibodaux,LA,1,,,,,,"43,42","26,39"
ncaab:401485338,ncaab,2022-12-11T20:30Z,final,2634,288,Tennessee St,Lipscomb,90,85,,,,0,,,,,,,,,,2,,0,Nashville,TN,1,170,,,,-6.0,"33,57","40,45"
ncaab:401482962,ncaab,2022-12-11T21:00Z,final,87,269,Notre Dame,Marquette,64,79,,,,0,,,,,,,,,,2,,0,South Bend,IN,1,211,,,,-5.0,"29,35","34,45"
ncaab:401487294,ncaab,2022-12-11T21:00Z,final,36,596,Colorado St,Peru State,115,72,,,,0,,,,,,,,,,2,,0,Fort Collins,CO,1,1525,,,,-7.0,"53,62","47,25"
ncaab:401487722,ncaab,2022-12-11T21:00Z,final,119,2426,Towson,Navy,69,71,,,,0,,,,,,,,,,2,,0,Towson,MD,1,,,,,,"35,27,7","27,35,9"
ncaab:401491832,ncaab,2022-12-11T21:00Z,final,2261,189,Hampton,Bowling Green,72,86,,,,0,,,,,,,,,,2,,0,Hampton,VA,1,1,,,,-5.0,"32,40","48,38"
ncaab:401492623,ncaab,2022-12-11T21:00Z,final,2184,166,Duquesne,New Mexico St,60,73,,,,0,,,,,,,,,,2,,0,Pittsburgh,PA,1,233,,,,-5.0,"27,33","35,38"
ncaab:401493757,ncaab,2022-12-11T21:00Z,final,88,282,S Indiana,Indiana St,88,85,,,,0,,,,,,,,,,2,,0,Evansville,IN,1,118,,,,-6.0,"40,37,11","36,41,8"
ncaab:401493937,ncaab,2022-12-11T21:00Z,final,2640,126750,Texas Southern,N American,95,47,,,,0,,,,,,,,,,2,,0,Houston,TX,1,12,,,,-6.0,"41,54","17,30"
ncaab:401483226,ncaab,2022-12-11T21:30Z,final,120,2633,Maryland,Tennessee,53,56,,,,1,,,,,,,,,,2,,0,Brooklyn,NY,1,15,,,,-5.0,"17,36","34,22"
ncaab:401488995,ncaab,2022-12-11T22:00Z,final,70,27,Idaho,UC Riverside,74,76,,,,0,,,,,,,,,,2,,0,Moscow,ID,1,786,,,,-8.0,"35,39","38,38"
ncaab:401483221,ncaab,2022-12-11T23:00Z,final,2579,2506,South Carolina,Presbyterian,68,57,,,,0,,,,,,,,,,2,,0,Columbia,SC,1,89,,,,-5.0,"37,31","33,24"
ncaab:401483242,ncaab,2022-12-11T23:00Z,final,245,204,Texas A&M,Oregon St,72,54,,,,0,,,,,,,,,,2,,0,College Station,TX,1,103,,,,-6.0,"26,46","30,24"
ncaab:401483272,ncaab,2022-12-11T23:00Z,final,66,2377,Iowa State,McNeese,77,40,,,,0,,,,,,,,,,2,,0,Ames,IA,1,287,,,,-6.0,"33,44","24,16"
ncaab:401489575,ncaab,2022-12-11T23:00Z,final,2449,3080,N Dakota St,Waldorf,99,54,,,,0,,,,,,,,,,2,,0,Fargo,ND,1,276,,,,-6.0,"50,49","27,27"
ncaab:401483417,ncaab,2022-12-11T23:30Z,final,164,2550,Rutgers,Seton Hall,43,45,,,,0,,,,,,,,,,2,,0,Piscataway,NJ,1,30,,,,-5.0,"26,17","22,23"
ncaab:401484844,ncaab,2022-12-11T23:30Z,final,2294,275,Iowa,Wisconsin,75,78,,,,0,,,,,,,,,,2,,0,Iowa City,IA,1,204,,,,-6.0,"27,33,15","27,33,18"
ncaab:401486770,ncaab,2022-12-12T00:00Z,final,2275,113,Hofstra,UMass,56,71,,,,1,,,,,,,,,,2,,0,Brooklyn,NY,1,15,,,,-5.0,"30,26","30,41"
ncaab:401489041,ncaab,2022-12-12T00:00Z,final,279,2093,Pacific,Cal State EB,73,79,,,,0,,,,,,,,,,2,,0,Stockton,CA,1,,,,,,"29,44","39,40"
ncaab:401494492,ncaab,2022-12-12T00:00Z,final,2670,47,VCU,Howard,70,60,,,,0,,,,,,,,,,2,,0,Richmond,VA,1,64,,,,-5.0,"41,29","31,29"
ncaab:401483192,ncaab,2022-12-12T01:30Z,final,135,344,Minnesota,Mississippi St,51,69,,,,0,,,,,,,,,,2,,0,Minneapolis,MN,1,253,,,,-6.0,"24,27","32,37"
ncaab:401491804,ncaab,2022-12-12T03:00Z,final,62,2598,Hawai'i,Saint Francis,90,66,,,,0,,,,,,,,,,2,,0,Honolulu,HI,1,5,,,,-10.0,"37,53","36,30"
ncaab:401493505,ncaab,2022-12-12T16:00Z,final,85,2589,IU Indy,Spalding,75,53,,,,0,,,,,,,,,,2,,0,Indianapolis,IN,1,218,,,,-5.0,"44,31","17,36"
ncaab:401491843,ncaab,2022-12-12T23:30Z,final,2619,2529,Stony Brook,Sacred Heart,71,64,,,,0,,,,,,,,,,2,,0,Stony Brook,NY,1,,,,,,"24,47","33,31"
ncaab:401487478,ncaab,2022-12-13T00:00Z,final,2217,43,Fairfield,Yale,64,77,,,,0,,,,,,,,,,2,,0,Fairfield,CT,1,4,,,,-8.0,"29,35","24,53"
ncaab:401491676,ncaab,2022-12-13T00:00Z,final,160,2602,New Hampshire,St Joseph's ME,104,61,,,,0,,,,,,,,,,2,,0,Durham,NH,1,15,,,,-5.0,"45,59","37,24"
ncaab:401492262,ncaab,2022-12-13T00:00Z,final,322,171,Lafayette,Columbia,45,57,,,,0,,,,,,,,,,2,,0,Easton,PA,1,97,,,,-5.0,"27,18","32,25"
ncaab:401494470,ncaab,2022-12-13T00:00Z,final,2010,6,Alabama A&M,South Alabama,71,78,,,,0,,,,,,,,,,2,,0,Normal,AL,1,220,,,,-6.0,"25,46","41,37"
ncaab:401493800,ncaab,2022-12-13T00:30Z,final,2031,2494,Little Rock,Philander Smth,83,54,,,,0,,,,,,,,,,2,,0,Little Rock,AR,1,102,,,,-6.0,"41,42","20,34"
ncaab:401482981,ncaab,2022-12-13T01:00Z,final,183,2405,Syracuse,Monmouth,86,71,,,,0,,,,,,,,,,2,,0,Syracuse,NY,1,,,,,,"42,44","40,31"
ncaab:401483315,ncaab,2022-12-13T01:00Z,final,251,242,Texas,Rice,87,81,,,,0,,,,,,,,,,2,,0,Austin,TX,1,149,,,,-6.0,"29,43,15","33,39,9"
ncaab:401485339,ncaab,2022-12-13T01:00Z,final,198,2335,Oral Roberts,Liberty,84,70,,,,0,,,,,,,,,,2,,0,Tulsa,OK,1,,,,,,"38,46","42,28"
ncaab:401488722,ncaab,2022-12-13T01:00Z,final,2460,58,Northern Iowa,South Florida,69,72,,,,0,,,,,,,,,,2,,0,Cedar Falls,IA,1,268,,,,-6.0,"41,28","42,30"
ncaab:401492633,ncaab,2022-12-13T01:00Z,final,309,2347,Louisiana,LA Christian,98,63,,,,0,,,,,,,,,,2,,0,Lafayette,LA,1,11,,,,-6.0,"49,49","35,28"
ncaab:401500691,ncaab,2022-12-13T01:00Z,final,2046,2877,Austin Peay,Lindsey Wilson,86,61,,,,0,,,,,,,,,,2,,0,Clarksville,TN,1,145,,,,-6.0,"48,38","23,38"
ncaab:401483440,ncaab,2022-12-13T02:00Z,final,156,9,Creighton,Arizona St,71,73,,,,1,,,,,,,,,,2,,0,Las Vegas,NV,1,610,,,,-8.0,"29,42","35,38"
ncaab:401489581,ncaab,2022-12-13T02:00Z,final,155,121894,North Dakota,N Central,99,48,,,,0,,,,,,,,,,2,,0,Grand Forks,ND,1,253,,,,-6.0,"55,44","18,30"
ncaab:401493745,ncaab,2022-12-13T02:00Z,final,2250,2459,Gonzaga,N Illinois,88,67,,,,0,,,,,,,,,,2,,0,Spokane,WA,1,571,,,,-8.0,"36,52","30,37"
ncaab:401494051,ncaab,2022-12-13T02:15Z,final,2571,573,S Dakota St,Mount Marty,85,56,,,,0,,,,,,,,,,2,,0,Brookings,SD,1,494,,,,-6.0,"41,44","28,28"
ncaab:401488148,ncaab,2022-12-13T03:00Z,final,2540,3096,Santa Barbara,S Diego Christ,81,68,,,,0,,,,,,,,,,2,,0,Santa Barbara,CA,1,15,,,,-8.0,"48,33","22,46"
ncaab:401493616,ncaab,2022-12-13T03:00Z,final,21,338,San Diego St,Kennesaw St,88,54,,,,0,,,,,,,,,,2,,0,San Diego,CA,1,20,,,,-8.0,"39,49","25,29"
ncaab:401507410,ncaab,2022-12-13T03:00Z,final,301,28,San Diego,UC San Diego,84,58,,,,0,,,,,,,,,,2,,0,San Diego,CA,1,20,,,,-8.0,"44,40","21,37"
ncaab:401509030,ncaab,2022-12-13T04:30Z,final,167,2539,New Mexico,San Francisco,67,64,,,,1,,,,,,,,,,2,,0,Las Vegas,NV,1,610,,,,-8.0,"31,36","38,26"
ncaab:401488547,ncaab,2022-12-13T17:00Z,final,2630,2064,UT Martin,Bethel (TN),103,75,,,,0,,,,,,,,,,2,,0,Martin,TN,1,124,,,,-6.0,"52,51","32,43"
ncaab:401489570,ncaab,2022-12-13T18:00Z,final,2437,565,Omaha,Midland,104,72,,,,0,,,,,,,,,,2,,0,Omaha,NE,1,323,,,,-6.0,"55,49","31,41"
ncaab:401491730,ncaab,2022-12-13T19:00Z,final,2597,2344,St Francis BK,Longwood,57,63,,,,0,,,,,,,,,,2,,0,Brooklyn,NY,1,15,,,,-5.0,"24,33","32,31"
ncaab:401485056,ncaab,2022-12-13T23:00Z,final,44,2678,American,VMI,69,61,,,,0,,,,,,,,,,2,,0,Washington,DC,1,,,,,,"35,34","29,32"
ncaab:401487651,ncaab,2022-12-13T23:00Z,final,45,2154,G Washington,Coppin St,83,71,,,,0,,,,,,,,,,2,,0,Washington,DC,1,,,,,,"34,49","32,39"
ncaab:401482945,ncaab,2022-12-13T23:30Z,final,152,231,NC State,Furman,92,73,,,,0,,,,,,,,,,2,,0,Raleigh,NC,1,96,,,,-5.0,"48,44","29,44"
ncaab:401482896,ncaab,2022-12-14T00:00Z,final,103,284,Boston College,Stonehill,63,56,,,,0,,,,,,,,,,2,,0,Chestnut Hill,MA,1,60,,,,-5.0,"35,28","26,30"
ncaab:401482952,ncaab,2022-12-14T00:00Z,final,153,2643,North Carolina,The Citadel,100,67,,,,0,,,,,,,,,,2,,0,Chapel Hill,NC,1,148,,,,-5.0,"48,52","33,34"
ncaab:401485180,ncaab,2022-12-14T00:00Z,final,2752,2582,Xavier,Southern,79,59,,,,0,,,,,,,,,,2,,0,Cincinnati,OH,1,191,,,,-5.0,"40,39","24,35"
ncaab:401485467,ncaab,2022-12-14T00:00Z,final,99,2428,LSU,NC Central,67,57,,,,0,,,,,,,,,,2,,0,Baton Rouge,LA,1,14,,,,-6.0,"40,27","26,31"
ncaab:401487373,ncaab,2022-12-14T00:00Z,final,104,159,Boston U,Dartmouth,67,59,,,,0,,,,,,,,,,2,,0,Boston,MA,1,14,,,,-5.0,"33,34","25,34"
ncaab:401487526,ncaab,2022-12-14T00:00Z,final,257,161,Richmond,FDU,77,48,,,,0,,,,,,,,,,2,,0,Richmond,VA,1,64,,,,-5.0,"42,35","9,39"
ncaab:401487575,ncaab,2022-12-14T00:00Z,final,314,163,Iona,Princeton,70,64,,,,1,,,,,,,,,,2,,0,Union,NJ,1,,,,,,"33,37","35,29"
ncaab:401487666,ncaab,2022-12-14T00:00Z,final,227,2349,Rhode Island,UMass Lowell,77,75,,,,0,,,,,,,,,,2,,0,Kingston,RI,1,75,,,,-5.0,"22,42,13","26,38,11"
ncaab:401489668,ncaab,2022-12-14T00:00Z,final,2430,276,UNC Greensboro,Marshall,75,67,,,,0,,,,,,,,,,2,,0,Greensboro,NC,1,266,,,,-5.0,"34,41","33,34"
ncaab:401489712,ncaab,2022-12-14T00:00Z,final,2352,2378,Loyola MD,UMBC,69,72,,,,0,,,,,,,,,,2,,0,Baltimore,MD,1,10,,,,-5.0,"36,33","36,36"
ncaab:401491746,ncaab,2022-12-14T00:00Z,final,2569,2427,SC State,UNC Asheville,84,94,,,,0,,,,,,,,,,2,,0,Orangeburg,SC,1,74,,,,-5.0,"32,52","47,47"
ncaab:401498234,ncaab,2022-12-14T00:00Z,final,42,2612,Hartford,Saint Peter's,57,58,,,,0,,,,,,,,,,2,,0,West Hartford,CT,1,,,,,,"32,25","36,22"
ncaab:401501931,ncaab,2022-12-14T00:00Z,final,50,2206,Florida A&M,Edward Waters,58,47,,,,0,,,,,,,,,,2,,0,Tallahassee,FL,1,,,,,,"18,40","22,25"
ncaab:401483324,ncaab,2022-12-14T01:00Z,final,2641,331,Texas Tech,E Washington,77,70,,,,0,,,,,,,,,,2,,0,Lubbock,TX,1,976,,,,-6.0,"29,48","29,41"
ncaab:401489064,ncaab,2022-12-14T01:00Z,final,3084,112679,Utah Valley,Nelson,100,54,,,,0,,,,,,,,,,2,,0,Orem,UT,1,1455,,,,-7.0,"54,46","22,32"
ncaab:401489504,ncaab,2022-12-14T01:00Z,final,2320,2572,Lamar,Southern Miss,65,91,,,,0,,,,,,,,,,2,,0,Beaumont,TX,1,5,,,,-6.0,"29,36","40,51"
ncaab:401489562,ncaab,2022-12-14T01:00Z,final,2900,2739,St Thomas,Green Bay,82,61,,,,0,,,,,,,,,,2,,0,Saint Paul,MN,1,242,,,,-6.0,"42,40","24,37"
ncaab:401489654,ncaab,2022-12-14T01:00Z,final,248,2448,Houston,NC A&T,74,46,,,,0,,,,,,,,,,2,,0,Houston,TX,1,12,,,,-6.0,"36,38","21,25"
ncaab:401492378,ncaab,2022-12-14T01:00Z,final,79,2876,S Illinois,Lincoln (MO),88,51,,,,0,,,,,,,,,,2,,0,Carbondale,IL,1,126,,,,-6.0,"38,50","23,28"
ncaab:401492637,ncaab,2022-12-14T01:00Z,final,47,2229,Howard,FIU,71,59,,,,0,,,,,,,,,,2,,0,Washington,DC,1,,,,,,"30,41","26,33"
ncaab:401492649,ncaab,2022-12-14T01:00Z,final,2724,2400,Wichita St,Miss Valley St,71,48,,,,0,,,,,,,,,,2,,0,Wichita,KS,1,,,,,,"38,33","20,28"
ncaab:401493620,ncaab,2022-12-14T01:00Z,final,93,2130,Murray St,Chicago St,66,65,,,,0,,,,,,,,,,2,,0,Murray,KY,1,163,,,,-6.0,"27,39","42,23"
ncaab:401493779,ncaab,2022-12-14T01:00Z,final,82,2504,UIC,Prairie View,70,61,,,,0,,,,,,,,,,2,,0,Chicago,IL,1,179,,,,-6.0,"39,31","34,27"
ncaab:401497499,ncaab,2022-12-14T01:00Z,final,326,2371,Texas St,Mary Hardin,65,71,,,,0,,,,,,,,,,2,,0,San Marcos,TX,1,188,,,,-6.0,"24,41","36,35"
ncaab:401482920,ncaab,2022-12-14T01:30Z,final,52,2908,Florida St,SC Upstate,80,63,,,,0,,,,,,,,,,2,,0,Tallahassee,FL,1,,,,,,"38,42","31,32"
ncaab:401489640,ncaab,2022-12-14T01:30Z,final,12,357,Arizona,Texas A&M-CC,99,61,,,,0,,,,,,,,,,2,,0,Tucson,AZ,1,,,,,,"47,52","34,27"
ncaab:401483486,ncaab,2022-12-14T02:00Z,final,254,2636,Utah,UTSA,91,70,,,,0,,,,,,,,,,2,,0,Salt Lake City,UT,1,1299,,,,-7.0,"39,52","34,36"
ncaab:401488207,ncaab,2022-12-14T02:00Z,final,302,2868,UC Davis,Holy Names,107,55,,,,0,,,,,,,,,,2,,0,Davis,CA,1,16,,,,-8.0,"53,54","26,29"
ncaab:401488385,ncaab,2022-12-14T02:00Z,final,333,235,Alabama,Memphis,91,88,,,,0,,,,,,,,,,2,,0,Tuscaloosa,AL,1,,,,,,"36,55","33,55"
ncaab:401489042,ncaab,2022-12-14T02:00Z,final,279,2616,Pacific,Stanislaus St,80,56,,,,0,,,,,,,,,,2,,0,Stockton,CA,1,,,,,,"48,32","18,38"
ncaab:401489618,ncaab,2022-12-14T02:00Z,final,68,2443,Boise St,LSU N Orleans,91,50,,,,0,,,,,,,,,,2,,0,Boise,ID,1,823,,,,-7.0,"42,49","28,22"
ncaab:401491698,ncaab,2022-12-14T03:00Z,final,2541,2502,Santa Clara,Portland St,78,75,,,,0,,,,,,,,,,2,,0,Santa Clara,CA,1,23,,,,-8.0,"38,40","42,33"
ncaab:401492102,ncaab,2022-12-14T03:30Z,final,264,13,Washington,Cal Poly,74,68,,,,0,,,,,,,,,,2,,0,Seattle,WA,1,56,,,,-8.0,"24,50","35,33"
ncaab:401491707,ncaab,2022-12-14T23:00Z,final,2097,108807,Campbell,Will Peace,97,58,,,,0,,,,,,,,,,2,,0,Buies Creek,NC,1,63,,,,-5.0,"43,54","35,23"
ncaab:401483006,ncaab,2022-12-15T00:00Z,final,154,2026,Wake Forest,App State,67,66,,,,0,,,,,,,,,,2,,0,Winston-Salem,NC,1,,,,,,"31,36","37,29"
ncaab:401483037,ncaab,2022-12-15T00:00Z,final,57,195,Florida,Ohio,82,48,,,,1,,,,,,,,,,2,,0,Tampa,FL,1,,,,,,"42,40","18,30"
ncaab:401483222,ncaab,2022-12-15T00:00Z,final,5,2579,UAB,South Carolina,84,70,,,,0,,,,,,,,,,2,,0,Birmingham,AL,1,187,,,,-6.0,"42,42","28,42"
ncaab:401485181,ncaab,2022-12-15T00:00Z,final,2550,2182,Seton Hall,Drexel,66,49,,,,0,,,,,,,,,,2,,0,Newark,NJ,1,9,,,,-5.0,"31,35","16,33"
ncaab:401485182,ncaab,2022-12-15T00:00Z,final,2184,305,Duquesne,DePaul,66,55,,,,0,,,,,,,,,,2,,0,Pittsburgh,PA,1,233,,,,-5.0,"34,32","21,34"
ncaab:401485340,ncaab,2022-12-15T00:00Z,final,2193,2511,ETSU,Queens,75,78,,,,0,,,,,,,,,,2,,0,Johnson City,TN,1,498,,,,-5.0,"41,34","37,41"
ncaab:401487572,ncaab,2022-12-15T00:00Z,final,399,112358,UAlbany,Long Island,76,59,,,,0,,,,,,,,,,2,,0,Albany,NY,1,45,,,,-5.0,"32,44","31,28"
ncaab:401487708,ncaab,2022-12-15T00:00Z,final,2670,2515,VCU,Radford,70,62,,,,0,,,,,,,,,,2,,0,Richmond,VA,1,64,,,,-5.0,"26,44","28,34"
ncaab:401489531,ncaab,2022-12-15T00:00Z,final,290,2413,GA Southern,Morehead St,71,74,,,,0,,,,,,,,,,2,,0,Statesboro,GA,1,77,,,,-5.0,"20,51","34,40"
ncaab:401489540,ncaab,2022-12-15T00:00Z,final,233,324,South Dakota,Coastal,86,87,,,,0,,,,,,,,,,2,,0,Vermillion,SD,1,,,,,,"42,44","50,37"
ncaab:401489676,ncaab,2022-12-15T00:00Z,final,2132,193,Cincinnati,Miami OH,103,76,,,,0,,,,,,,,,,2,,0,Cincinnati,OH,1,191,,,,-5.0,"50,53","33,43"
ncaab:401489719,ncaab,2022-12-15T00:00Z,final,2226,606,FAU,St Thomas FL,97,74,,,,0,,,,,,,,,,2,,0,Boca Raton,FL,1,4,,,,-5.0,"50,47","24,50"
ncaab:401491719,ncaab,2022-12-15T00:00Z,final,2241,108942,Gardner-Webb,Carolina U,120,44,,,,0,,,,,,,,,,2,,0,Boiling Springs,NC,1,269,,,,-5.0,"66,54","19,25"
ncaab:401491814,ncaab,2022-12-15T00:00Z,final,232,56,Charleston,Stetson,65,60,,,,0,,,,,,,,,,2,,0,Charleston,SC,1,6,,,,-5.0,"30,35","16,44"
ncaab:401493680,ncaab,2022-12-15T00:00Z,final,2006,2750,Akron,Wright St,66,54,,,,0,,,,,,,,,,2,,0,Akron,OH,1,291,,,,-5.0,"28,38","30,24"
ncaab:401494365,ncaab,2022-12-15T00:00Z,final,94,2198,N Kentucky,E Kentucky,64,61,,,,0,,,,,,,,,,2,,0,Highland Heights,KY,1,260,,,,-5.0,"30,34","26,35"
ncaab:401494595,ncaab,2022-12-15T00:00Z,final,2348,2617,Louisiana Tech,SF Austin,79,80,,,,0,,,,,,,,,,2,,0,Ruston,LA,1,102,,,,-6.0,"34,34,11","32,36,12"
ncaab:401483213,ncaab,2022-12-15T00:30Z,final,145,2116,Ole Miss,UCF,61,72,,,,0,,,,,,,,,,2,,0,Oxford,MS,1,154,,,,-6.0,"26,35","36,36"
ncaab:401489495,ncaab,2022-12-15T00:30Z,final,2433,2534,UL Monroe,Sam Houston,53,79,,,,0,,,,,,,,,,2,,0,Monroe,LA,1,23,,,,-6.0,"26,27","31,48"
ncaab:401497892,ncaab,2022-12-15T00:30Z,final,2296,344,Jackson St,Mississippi St,59,69,,,,1,,,,,,,,,,2,,0,Jackson,MS,1,85,,,,-6.0,"26,33","31,38"
ncaab:401500694,ncaab,2022-12-15T00:30Z,final,55,2890,Jax State,Reinhardt,97,63,,,,0,,,,,,,,,,2,,0,Jacksonville,AL,1,216,,,,-6.0,"61,36","20,43"
ncaab:401483047,ncaab,2022-12-15T01:00Z,final,2,2247,Auburn,Georgia St,72,64,,,,0,,,,,,,,,,2,,0,Auburn,AL,1,215,,,,-6.0,"28,44","31,33"
ncaab:401483375,ncaab,2022-12-15T01:00Z,final,135,2029,Minnesota,AR-Pine Bluff,72,56,,,,0,,,,,,,,,,2,,0,Minneapolis,MN,1,253,,,,-6.0,"36,36","25,31"
ncaab:401485341,ncaab,2022-12-15T01:00Z,final,288,2635,Lipscomb,Tennessee Tech,64,63,,,,0,,,,,,,,,,2,,0,Nashville,TN,1,170,,,,-6.0,"26,38","25,38"
ncaab:401485477,ncaab,2022-12-15T01:00Z,final,2450,189,Norfolk St,Bowling Green,81,75,,,,0,,,,,,,,,,2,,0,Norfolk,VA,1,2,,,,-5.0,"34,47","38,37"
ncaab:401489547,ncaab,2022-12-15T01:00Z,final,2032,2546,Arkansas St,SE Missouri,68,61,,,,0,,,,,,,,,,2,,0,Jonesboro,AR,1,99,,,,-6.0,"24,44","26,35"
ncaab:401491713,ncaab,2022-12-15T01:00Z,final,2634,2127,Tennessee St,Charleston So,87,91,,,,0,,,,,,,,,,2,,0,Nashville,TN,1,170,,,,-6.0,"42,45","50,41"
ncaab:401494052,ncaab,2022-12-15T01:00Z,void,2571,2853,S Dakota St,Bellevue,,,,,,0,,,,,,,,,,2,,0,Brookings,SD,1,494,,,,-6.0,,
ncaab:401483362,ncaab,2022-12-15T02:00Z,final,120,26,Maryland,UCLA,60,87,,,,0,,,,,,,,,,2,,0,College Park,MD,1,21,,,,-5.0,"20,40","49,38"
ncaab:401488664,ncaab,2022-12-15T02:00Z,final,97,98,Louisville,Western KY,94,83,,,,0,,,,,,,,,,2,,0,Louisville,KY,1,142,,,,-5.0,"46,48","35,48"
ncaab:401489594,ncaab,2022-12-15T02:00Z,final,2172,2862,Denver,CO Christian,85,74,,,,0,,,,,,,,,,2,,0,Denver,CO,1,1609,,,,-7.0,"38,47","38,36"
ncaab:401492455,ncaab,2022-12-15T02:00Z,final,2483,27,Oregon,UC Riverside,71,65,,,,0,,,,,,,,,,2,,0,Eugene,OR,1,131,,,,-8.0,"36,35","32,33"
ncaab:401487326,ncaab,2022-12-15T03:00Z,final,2440,28,Nevada,UC San Diego,64,56,,,,0,,,,,,,,,,2,,0,Reno,NV,1,1373,,,,-8.0,"29,35","34,22"
ncaab:401489018,ncaab,2022-12-15T03:00Z,final,2608,166,Saint Mary's,New Mexico St,81,68,,,,0,,,,,,,,,,2,,0,Moraga,CA,1,152,,,,-8.0,"35,46","26,42"
ncaab:401483477,ncaab,2022-12-15T04:00Z,final,30,299,USC,Long Beach St,88,78,,,,0,,,,,,,,,,2,,0,Los Angeles,CA,1,89,,,,-8.0,"43,45","32,46"
ncaab:401491736,ncaab,2022-12-15T17:00Z,final,2506,2210,Presbyterian,Elon,69,63,,,,0,,,,,,,,,,2,,0,Clinton,SC,1,76,,,,-5.0,"28,41","35,28"
ncaab:401487111,ncaab,2022-12-15T17:15Z,final,242,126750,Rice,N American,92,54,,,,0,,,,,,,,,,2,,0,Houston,TX,1,12,,,,-6.0,"37,55","22,32"
ncaab:401483425,ncaab,2022-12-16T00:00Z,final,275,2329,Wisconsin,Lehigh,78,56,,,,0,,,,,,,,,,2,,0,Madison,WI,1,267,,,,-6.0,"31,47","32,24"
ncaab:401489758,ncaab,2022-12-16T00:00Z,final,2393,236,MTSU,Chattanooga,73,82,,,,0,,,,,,,,,,2,,0,Murfreesboro,TN,1,186,,,,-6.0,"40,33","47,35"
ncaab:401491844,ncaab,2022-12-16T00:00Z,final,2681,2619,Wagner,Stony Brook,58,55,,,,0,,,,,,,,,,2,,0,Staten Island,NY,1,21,,,,-5.0,"26,32","32,23"
ncaab:401485352,ncaab,2022-12-16T01:00Z,final,2447,2545,Nicholls,SE Louisiana,88,73,,,,0,,,,,,,,,,2,,0,Thibodaux,LA,1,,,,,,"45,43","26,47"
ncaab:401492634,ncaab,2022-12-16T01:00Z,final,2377,309,McNeese,Louisiana,70,78,,,,0,,,,,,,,,,2,,0,Lake Charles,LA,1,4,,,,-6.0,"35,35","38,40"
ncaab:401493819,ncaab,2022-12-16T01:00Z,final,88,126824,S Indiana,St Mary's,84,42,,,,0,,,,,,,,,,2,,0,Evansville,IN,1,118,,,,-6.0,"38,46","14,28"
ncaab:401510070,ncaab,2022-12-16T01:00Z,final,2010,2892,Alabama A&M,Rust,97,75,,,,0,,,,,,,,,,2,,0,Normal,AL,1,220,,,,-6.0,"54,43","44,31"
ncaab:401483458,ncaab,2022-12-16T01:30Z,final,38,2453,Colorado,North Alabama,84,60,,,,0,,,,,,,,,,2,,0,Boulder,CO,1,1624,,,,-7.0,"42,42","28,32"
ncaab:401489084,ncaab,2022-12-16T01:30Z,final,292,3238,UT Rio Grande,SW Christian U,106,80,,,,0,,,,,,,,,,2,,0,Edinburg,TX,1,30,,,,-6.0,"48,58","35,45"
ncaab:401487406,ncaab,2022-12-16T02:00Z,final,328,224,Utah State,Westminster UT,106,68,,,,0,,,,,,,,,,2,,0,Logan,UT,1,1382,,,,-7.0,"43,63","31,37"
ncaab:401489055,ncaab,2022-12-16T02:00Z,final,252,2848,BYU,West Oregon,97,64,,,,0,,,,,,,,,,2,,0,Provo,UT,1,1387,,,,-7.0,"44,53","32,32"
ncaab:401488198,ncaab,2022-12-16T03:00Z,final,2541,300,Santa Clara,UC Irvine,86,74,,,,0,,,,,,,,,,2,,0,Santa Clara,CA,1,23,,,,-8.0,"37,49","41,33"
ncaab:401489106,ncaab,2022-12-16T03:30Z,final,204,2547,Oregon St,Seattle U,73,58,,,,0,,,,,,,,,,2,,0,Corvallis,OR,1,71,,,,-8.0,"25,48","28,30"
ncaab:401489641,ncaab,2022-12-16T17:00Z,final,357,2544,Texas A&M-CC,Schreiner,104,69,,,,0,,,,,,,,,,2,,0,Corpus Christi,TX,1,2,,,,-6.0,"53,51","34,35"
ncaab:401485183,ncaab,2022-12-16T23:30Z,final,46,2752,Georgetown,Xavier,89,102,,,,0,,,,,,,,,,2,,0,Washington,DC,1,,,,,,"38,51","43,59"
ncaab:401489605,ncaab,2022-12-16T23:30Z,final,2916,2065,Incarnate Word,Bethune,77,65,,,,0,,,,,,,,,,2,,0,San Antonio,TX,1,198,,,,-6.0,"29,48","34,31"
ncaab:401485342,ncaab,2022-12-17T00:00Z,final,179,526,St Bonaventure,FGCU,58,71,,,,0,,,,,,,,,,2,,0,Saint Bonaventure,NY,1,435,,,,-5.0,"33,25","31,40"
ncaab:401487374,ncaab,2022-12-17T00:00Z,final,58,159,South Florida,Dartmouth,59,55,,,,0,,,,,,,,,,2,,0,Tampa,FL,1,,,,,,"34,25","30,25"
ncaab:401491817,ncaab,2022-12-17T00:00Z,final,163,48,Princeton,Delaware,69,76,,,,0,,,,,,,,,,2,,0,Princeton,NJ,1,62,,,,-5.0,"25,44","37,39"
ncaab:401505511,ncaab,2022-12-17T00:00Z,final,2363,2115,Manhattan,C Connecticut,67,78,,,,0,,,,,,,,,,2,,0,Riverdale,NY,1,159,,,,-8.0,"28,39","39,39"
ncaab:401485023,ncaab,2022-12-17T01:00Z,final,24,2739,Stanford,Green Bay,85,40,,,,0,,,,,,,,,,2,,0,Stanford,CA,1,23,,,,-8.0,"42,43","19,21"
ncaab:401489065,ncaab,2022-12-17T01:00Z,final,3084,109597,Utah Valley,Antelope Val,80,54,,,,0,,,,,,,,,,2,,0,Orem,UT,1,1455,,,,-7.0,"37,43","20,34"
ncaab:401491875,ncaab,2022-12-17T01:00Z,final,198,2623,Oral Roberts,Missouri St,80,77,,,,0,,,,,,,,,,2,,0,Tulsa,OK,1,,,,,,"45,35","32,45"
ncaab:401492379,ncaab,2022-12-17T01:00Z,final,79,2130,S Illinois,Chicago St,63,52,,,,0,,,,,,,,,,2,,0,Carbondale,IL,1,126,,,,-6.0,"32,31","26,26"
ncaab:401492670,ncaab,2022-12-17T01:00Z,final,202,2400,Tulsa,Miss Valley St,66,51,,,,0,,,,,,,,,,2,,0,Tulsa,OK,1,,,,,,"29,37","25,26"
ncaab:401493687,ncaab,2022-12-17T01:00Z,final,2754,2582,Youngstown St,Southern,85,81,,,,0,,,,,,,,,,2,,0,Youngstown,OH,1,,,,,,"35,50","42,39"
ncaab:401493775,ncaab,2022-12-17T01:00Z,final,93,2046,Murray St,Austin Peay,68,60,,,,0,,,,,,,,,,2,,0,Murray,KY,1,163,,,,-6.0,"27,41","29,31"
ncaab:401485184,ncaab,2022-12-17T01:30Z,final,269,156,Marquette,Creighton,69,58,,,,0,,,,,,,,,,2,,0,Milwaukee,WI,1,188,,,,-6.0,"40,29","31,27"
ncaab:401488996,ncaab,2022-12-17T02:00Z,final,70,3218,Idaho,NW Indian,125,51,,,,0,,,,,,,,,,2,,0,Moscow,ID,1,786,,,,-8.0,"67,58","22,29"
ncaab:401502063,ncaab,2022-12-17T02:00Z,final,2710,101,W Illinois,Eureka,79,50,,,,0,,,,,,,,,,2,,0,Moline,IL,1,176,,,,-6.0,"41,38","11,39"
ncaab:401493499,ncaab,2022-12-17T03:00Z,final,13,2692,Cal Poly,Weber St,45,74,,,,0,,,,,,,,,,2,,0,San Luis Obispo,CA,1,71,,,,-8.0,"25,20","40,34"
ncaab:401482936,ncaab,2022-12-17T17:00Z,final,2390,2598,Miami,Saint Francis,91,76,,,,0,,,,,,,,,,2,,0,Coral Gables,FL,1,3,,,,-5.0,"37,54","37,39"
ncaab:401483007,ncaab,2022-12-17T17:00Z,final,164,154,Rutgers,Wake Forest,81,57,,,,0,,,,,,,,,,2,,0,Piscataway,NJ,1,30,,,,-5.0,"43,38","33,24"
ncaab:401483204,ncaab,2022-12-17T17:00Z,final,2116,142,UCF,Missouri,66,68,,,,1,,,,,,,,,,2,,0,Sunrise,FL,1,,,,,,"36,30","35,33"
ncaab:401483279,ncaab,2022-12-17T17:00Z,final,2305,84,Kansas,Indiana,84,62,,,,0,,,,,,,,,,2,,0,Lawrence,KS,1,263,,,,-6.0,"44,40","29,33"
ncaab:401493506,ncaab,2022-12-17T17:00Z,final,85,2197,IU Indy,E Illinois,59,70,,,,0,,,,,,,,,,2,,0,Indianapolis,IN,1,218,,,,-5.0,"28,31","26,44"
ncaab:401485185,ncaab,2022-12-17T17:30Z,final,2550,2507,Seton Hall,Providence,67,71,,,,0,,,,,,,,,,2,,0,Newark,NJ,1,9,,,,-5.0,"36,31","27,44"
ncaab:401485344,ncaab,2022-12-17T17:30Z,final,2803,2335,Bryant,Liberty,62,82,,,,1,,,,,,,,,,2,,0,Springfield,MA,1,25,,,,-5.0,"33,29","32,50"
ncaab:401497511,ncaab,2022-12-17T17:50Z,final,2504,149,Prairie View,Montana,76,81,,,,1,,,,,,,,,,2,,0,Houston,TX,1,12,,,,-6.0,"34,42","43,38"
ncaab:401482973,ncaab,2022-12-17T18:00Z,final,221,2454,Pitt,North Florida,82,56,,,,0,,,,,,,,,,2,,0,Pittsburgh,PA,1,233,,,,-5.0,"39,43","25,31"
ncaab:401487580,ncaab,2022-12-17T18:00Z,final,2460,119,Northern Iowa,Towson,83,66,,,,1,,,,,,,,,,2,,0,Chicago,IL,1,179,,,,-6.0,"31,52","33,33"
ncaab:401488386,ncaab,2022-12-17T18:00Z,final,333,2250,Alabama,Gonzaga,90,100,,,,1,,,,,,,,,,2,,0,Birmingham,AL,1,187,,,,-6.0,"42,48","47,53"
ncaab:401491731,ncaab,2022-12-17T18:00Z,final,2643,2344,The Citadel,Longwood,70,75,,,,0,,,,,,,,,,2,,0,Charleston,SC,1,6,,,,-5.0,"25,45","33,42"
ncaab:401482928,ncaab,2022-12-17T19:00Z,final,59,2011,Georgia Tech,Alabama St,96,60,,,,0,,,,,,,,,,2,,0,Atlanta,GA,1,320,,,,-5.0,"55,41","20,40"
ncaab:401482989,ncaab,2022-12-17T19:00Z,final,258,248,Virginia,Houston,61,69,,,,0,,,,,,,,,,2,,0,Charlottesville,VA,1,142,,,,-5.0,"26,35","30,39"
ncaab:401483223,ncaab,2022-12-17T19:00Z,final,2579,151,South Carolina,East Carolina,56,64,,,,1,,,,,,,,,,2,,0,Greenville,SC,1,307,,,,-5.0,"18,38","37,27"
ncaab:401483388,ncaab,2022-12-17T19:00Z,final,77,305,Northwestern,DePaul,83,45,,,,0,,,,,,,,,,2,,0,Evanston,IL,1,187,,,,-6.0,"39,44","26,19"
ncaab:401485017,ncaab,2022-12-17T19:00Z,final,2405,2429,Monmouth,Charlotte,46,80,,,,0,,,,,,,,,,2,,0,West Long Branch,NJ,1,,,,,,"18,28","38,42"
ncaab:401487624,ncaab,2022-12-17T19:00Z,final,2184,282,Duquesne,Indiana St,92,86,,,,0,,,,,,,,,,2,,0,Pittsburgh,PA,1,233,,,,-5.0,"37,55","36,50"
ncaab:401487656,ncaab,2022-12-17T19:00Z,final,2132,2325,Cincinnati,La Salle,78,60,,,,0,,,,,,,,,,2,,0,Cincinnati,OH,1,191,,,,-5.0,"40,38","23,37"
ncaab:401488548,ncaab,2022-12-17T19:00Z,final,189,2630,Bowling Green,UT Martin,67,75,,,,0,,,,,,,,,,2,,0,Bowling Green,OH,1,212,,,,-5.0,"23,44","39,36"
ncaab:401488665,ncaab,2022-12-17T19:00Z,final,97,50,Louisville,Florida A&M,61,55,,,,0,,,,,,,,,,2,,0,Louisville,KY,1,142,,,,-5.0,"22,39","20,35"
ncaab:401489635,ncaab,2022-12-17T19:00Z,final,2545,2653,SE Louisiana,Troy,71,77,,,,0,,,,,,,,,,2,,0,Hammond,LA,1,13,,,,-6.0,"37,34","37,40"
ncaab:401489649,ncaab,2022-12-17T19:00Z,final,2382,2413,Mercer,Morehead St,79,52,,,,0,,,,,,,,,,2,,0,Macon,GA,1,112,,,,-5.0,"41,38","25,27"
ncaab:401489705,ncaab,2022-12-17T19:00Z,final,2747,2410,Wofford,Montreat,107,65,,,,0,,,,,,,,,,2,,0,Spartanburg,SC,1,246,,,,-5.0,"55,52","29,36"
ncaab:401489720,ncaab,2022-12-17T19:00Z,final,2226,2229,FAU,FIU,79,53,,,,0,,,,,,,,,,2,,0,Boca Raton,FL,1,4,,,,-5.0,"44,35","25,28"
ncaab:401490469,ncaab,2022-12-17T19:00Z,final,2182,2169,Drexel,Delaware St,85,52,,,,0,,,,,,,,,,2,,0,Philadelphia,PA,1,12,,,,-5.0,"48,37","16,36"
ncaab:401491720,ncaab,2022-12-17T19:00Z,final,2241,2428,Gardner-Webb,NC Central,72,70,,,,0,,,,,,,,,,2,,0,Boiling Springs,NC,1,269,,,,-5.0,"40,32","30,40"
ncaab:401491742,ncaab,2022-12-17T19:00Z,final,2198,2515,E Kentucky,Radford,67,65,,,,0,,,,,,,,,,2,,0,Richmond,KY,1,289,,,,-5.0,"31,36","35,30"
ncaab:401493748,ncaab,2022-12-17T19:00Z,final,195,56,Ohio,Stetson,85,66,,,,0,,,,,,,,,,2,,0,Athens,OH,1,219,,,,-5.0,"52,33","30,36"
ncaab:401493797,ncaab,2022-12-17T19:00Z,final,2815,255,Lindenwood,Knox,77,42,,,,0,,,,,,,,,,2,,0,Saint Charles,MO,1,147,,,,-6.0,"41,36","15,27"
ncaab:401494482,ncaab,2022-12-17T19:00Z,final,2029,3120,AR-Pine Bluff,Ecclesia,104,50,,,,0,,,,,,,,,,2,,0,Pine Bluff,AR,1,67,,,,-6.0,"55,49","20,30"
ncaab:401497562,ncaab,2022-12-17T19:00Z,final,55,2031,Jax State,Little Rock,72,62,,,,0,,,,,,,,,,2,,0,Jacksonville,AL,1,216,,,,-6.0,"30,42","23,39"
ncaab:401499092,ncaab,2022-12-17T19:00Z,final,2066,355,Binghamton,SUNY Oneonta,86,58,,,,0,,,,,,,,,,2,,0,Binghamton,NY,1,264,,,,-5.0,"41,45","27,31"
ncaab:401500697,ncaab,2022-12-17T19:00Z,final,338,2246,Kennesaw St,GA College,79,55,,,,0,,,,,,,,,,2,,0,Kennesaw,GA,1,332,,,,-5.0,"37,42","26,29"
ncaab:401482921,ncaab,2022-12-17T19:30Z,final,52,2599,Florida St,St John's,79,93,,,,1,,,,,,,,,,2,,0,Sunrise,FL,1,,,,,,"37,42","48,45"
ncaab:401482953,ncaab,2022-12-17T20:00Z,final,153,194,North Carolina,Ohio State,89,84,,,,1,,,,,,,,,,2,,0,New York,NY,1,10,,,,-5.0,"35,44,10","44,35,5"
ncaab:401482982,ncaab,2022-12-17T20:00Z,final,183,172,Syracuse,Cornell,78,63,,,,0,,,,,,,,,,2,,0,Syracuse,NY,1,,,,,,"37,41","37,26"
ncaab:401483297,ncaab,2022-12-17T20:00Z,final,201,2110,Oklahoma,C Arkansas,87,66,,,,0,,,,,,,,,,2,,0,Norman,OK,1,357,,,,-6.0,"52,35","30,36"
ncaab:401485370,ncaab,2022-12-17T20:00Z,final,113,249,UMass,North Texas,44,62,,,,1,,,,,,,,,,2,,0,Springfield,MA,1,25,,,,-5.0,"26,18","22,40"
ncaab:401487112,ncaab,2022-12-17T20:00Z,final,242,2466,Rice,N'Western St,110,73,,,,0,,,,,,,,,,2,,0,Houston,TX,1,12,,,,-6.0,"48,62","35,38"
ncaab:401489098,ncaab,2022-12-17T20:00Z,final,253,2464,Southern Utah,N Arizona,106,101,,,,0,,,,,,,,,,2,,0,Cedar City,UT,1,1782,,,,-7.0,"40,52,14","41,51,9"
ncaab:401489496,ncaab,2022-12-17T20:00Z,final,2433,2320,UL Monroe,Lamar,83,59,,,,0,,,,,,,,,,2,,0,Monroe,LA,1,23,,,,-6.0,"40,43","19,40"
ncaab:401489532,ncaab,2022-12-17T20:00Z,final,290,2097,GA Southern,Campbell,54,53,,,,0,,,,,,,,,,2,,0,Statesboro,GA,1,77,,,,-5.0,"22,32","20,33"
ncaab:401493681,ncaab,2022-12-17T20:00Z,final,2750,3250,Wright St,NW Ohio,111,59,,,,0,,,,,,,,,,2,,0,Dayton,OH,1,225,,,,-5.0,"56,55","22,37"
ncaab:401493825,ncaab,2022-12-17T20:00Z,final,2634,2081,Tennessee St,Bryan,99,78,,,,0,,,,,,,,,,2,,0,Nashville,TN,1,170,,,,-6.0,"53,46","37,41"
ncaab:401493945,ncaab,2022-12-17T20:00Z,final,2569,2535,SC State,Samford,62,61,,,,0,,,,,,,,,,2,,0,Orangeburg,SC,1,74,,,,-5.0,"40,22","35,26"
ncaab:401494405,ncaab,2022-12-17T20:00Z,final,344,2447,Mississippi St,Nicholls,68,66,,,,0,,,,,,,,,,2,,0,Starkville,MS,1,101,,,,-6.0,"27,41","30,36"
ncaab:401497500,ncaab,2022-12-17T20:00Z,final,326,2534,Texas St,Sam Houston,62,69,,,,0,,,,,,,,,,2,,0,San Marcos,TX,1,188,,,,-6.0,"34,28","39,30"
ncaab:401486793,ncaab,2022-12-17T20:30Z,final,2050,2287,Ball State,Illinois St,83,69,,,,1,,,,,,,,,,2,,0,Indianapolis,IN,1,218,,,,-5.0,"41,42","34,35"
ncaab:401487579,ncaab,2022-12-17T20:30Z,final,2244,2655,George Mason,Tulane,62,56,,,,1,,,,,,,,,,2,,0,Chicago,IL,1,179,,,,-6.0,"22,40","24,32"
ncaab:401491883,ncaab,2022-12-17T20:30Z,final,276,2649,Marshall,Toledo,100,85,,,,0,,,,,,,,,,2,,0,Huntington,WV,1,173,,,,-5.0,"45,55","44,41"
ncaab:401483325,ncaab,2022-12-17T20:45Z,final,2641,2296,Texas Tech,Jackson St,102,52,,,,1,,,,,,,,,,2,,0,Houston,TX,1,12,,,,-6.0,"52,50","17,35"
ncaab:401482998,ncaab,2022-12-17T21:00Z,final,259,2755,Virginia Tech,Grambling,74,48,,,,0,,,,,,,,,,2,,0,Blacksburg,VA,1,633,,,,-5.0,"34,40","25,23"
ncaab:401483342,ncaab,2022-12-17T21:00Z,final,356,2010,Illinois,Alabama A&M,68,47,,,,0,,,,,,,,,,2,,0,Champaign,IL,1,225,,,,-6.0,"36,32","19,28"
ncaab:401483369,ncaab,2022-12-17T21:00Z,final,130,288,Michigan,Lipscomb,83,75,,,,0,,,,,,,,,,2,,0,Ann Arbor,MI,1,269,,,,-5.0,"49,34","41,34"
ncaab:401484366,ncaab,2022-12-17T21:00Z,final,2603,222,Saint Joseph's,Villanova,64,71,,,,0,,,,,,,,,,2,,0,Philadelphia,PA,1,12,,,,-5.0,"35,29","32,39"
ncaab:401485343,ncaab,2022-12-17T21:00Z,final,91,193,Bellarmine,Miami OH,67,71,,,,0,,,,,,,,,,2,,0,Louisville,KY,1,142,,,,-5.0,"32,35","35,36"
ncaab:401485478,ncaab,2022-12-17T21:00Z,final,2450,2261,Norfolk St,Hampton,78,66,,,,1,,,,,,,,,,2,,0,Las Vegas,NV,1,610,,,,-8.0,"38,40","32,34"
ncaab:401485518,ncaab,2022-12-17T21:00Z,final,2193,2427,ETSU,UNC Asheville,73,74,,,,0,,,,,,,,,,2,,0,Johnson City,TN,1,498,,,,-5.0,"34,39","38,36"
ncaab:401487709,ncaab,2022-12-17T21:00Z,final,2670,2459,VCU,N Illinois,90,63,,,,0,,,,,,,,,,2,,0,Richmond,VA,1,64,,,,-5.0,"49,41","26,37"
ncaab:401488208,ncaab,2022-12-17T21:00Z,final,331,302,E Washington,UC Davis,79,68,,,,0,,,,,,,,,,2,,0,Cheney,WA,1,717,,,,-8.0,"35,44","37,31"
ncaab:401489009,ncaab,2022-12-17T21:00Z,final,8,71,Arkansas,Bradley,76,57,,,,0,,,,,,,,,,2,,0,North Little Rock,AR,1,81,,,,-6.0,"37,39","25,32"
ncaab:401489553,ncaab,2022-12-17T21:00Z,final,2026,111926,App State,Regent,100,32,,,,0,,,,,,,,,,2,,0,Boone,NC,1,981,,,,-5.0,"48,52","17,15"
ncaab:401489688,ncaab,2022-12-17T21:00Z,final,2635,2717,Tennessee Tech,W Carolina,65,75,,,,0,,,,,,,,,,2,,0,Cookeville,TN,1,334,,,,-6.0,"30,35","37,38"
ncaab:401491714,ncaab,2022-12-17T21:00Z,final,294,2127,Jacksonville,Charleston So,72,63,,,,0,,,,,,,,,,2,,0,Jacksonville,FL,1,5,,,,-5.0,"36,36","28,35"
ncaab:401492352,ncaab,2022-12-17T21:00Z,final,2379,109636,MD Eastern,Clarks Summit,95,55,,,,0,,,,,,,,,,2,,0,Princess Anne,MD,1,5,,,,-5.0,"55,40","25,30"
ncaab:401499594,ncaab,2022-12-17T21:00Z,final,42,2597,Hartford,St Francis BK,51,67,,,,0,,,,,,,,,,2,,0,West Hartford,CT,1,,,,,,"24,27","25,42"
ncaab:401484867,ncaab,2022-12-17T21:30Z,final,231,2617,Furman,SF Austin,72,70,,,,1,,,,,,,,,,2,,0,Greenville,SC,1,307,,,,-5.0,"44,28","22,48"
ncaab:401483214,ncaab,2022-12-17T22:00Z,final,145,218,Ole Miss,Temple,63,55,,,,0,,,,,,,,,,2,,0,Oxford,MS,1,154,,,,-6.0,"24,39","27,28"
ncaab:401487396,ncaab,2022-12-17T22:00Z,final,2439,2539,UNLV,San Francisco,73,75,,,,0,,,,,,,,,,2,,0,Las Vegas,NV,1,610,,,,-8.0,"46,27","37,38"
ncaab:401494632,ncaab,2022-12-17T22:00Z,final,28,2475,UC San Diego,Occidental,91,55,,,,0,,,,,,,,,,2,,0,San Diego,CA,1,20,,,,-8.0,"54,37","25,30"
ncaab:401491690,ncaab,2022-12-17T23:00Z,final,147,3218,Montana St,NW Indian,144,59,,,,0,,,,,,,,,,2,,0,Bozeman,MT,1,1468,,,,-7.0,"65,79","26,33"
ncaab:401483168,ncaab,2022-12-17T23:10Z,final,96,26,Kentucky,UCLA,53,63,,,,1,,,,,,,,,,2,,0,New York,NY,1,10,,,,-5.0,"27,26","35,28"
ncaab:401483487,ncaab,2022-12-17T23:10Z,final,252,254,BYU,Utah,75,66,,,,0,,,,,,,,,,2,,0,Provo,UT,1,1387,,,,-7.0,"35,40","31,35"
ncaab:401483408,ncaab,2022-12-17T23:15Z,final,2509,2166,Purdue,Davidson,69,61,,,,1,,,,,,,,,,2,,0,Indianapolis,IN,1,218,,,,-5.0,"28,41","27,34"
ncaab:401486790,ncaab,2022-12-17T23:30Z,final,2448,2640,NC A&T,Texas Southern,67,66,,,,1,,,,,,,,,,2,,0,Las Vegas,NV,1,610,,,,-8.0,"27,30,10","30,27,9"
ncaab:401483243,ncaab,2022-12-18T00:00Z,final,235,245,Memphis,Texas A&M,83,79,,,,0,,,,,,,,,,2,,0,Memphis,TN,1,78,,,,-6.0,"45,38","36,43"
ncaab:401483288,ncaab,2022-12-18T00:00Z,final,2306,158,Kansas St,Nebraska,71,56,,,,0,,,,,,,,,,2,,0,Kansas City,MO,1,274,,,,-6.0,"39,32","26,30"
ncaab:401485186,ncaab,2022-12-18T00:00Z,final,2086,41,Butler,UConn,46,68,,,,0,,,,,,,,,,2,,0,Indianapolis,IN,1,218,,,,-5.0,"20,26","28,40"
ncaab:401485468,ncaab,2022-12-18T00:00Z,final,99,2737,LSU,Winthrop,89,81,,,,0,,,,,,,,,,2,,0,Baton Rouge,LA,1,14,,,,-6.0,"38,51","39,42"
ncaab:401489043,ncaab,2022-12-18T00:00Z,final,279,23,Pacific,San José St,59,58,,,,0,,,,,,,,,,2,,0,Stockton,CA,1,,,,,,"22,37","37,21"
ncaab:401494591,ncaab,2022-12-18T00:00Z,final,278,16,Fresno St,Sacramento St,53,59,,,,0,,,,,,,,,,2,,0,Fresno,CA,1,94,,,,-8.0,"23,30","24,35"
ncaab:401496933,ncaab,2022-12-18T00:00Z,final,2329,66786,Lehigh,St Elizabeth,94,36,,,,0,,,,,,,,,,2,,0,Bethlehem,PA,1,109,,,,-5.0,"48,46","19,17"
ncaab:401482905,ncaab,2022-12-18T00:25Z,final,228,257,Clemson,Richmond,85,57,,,,1,,,,,,,,,,2,,0,Greenville,SC,1,307,,,,-5.0,"43,42","19,38"
ncaab:401487160,ncaab,2022-12-18T01:00Z,final,2638,2348,UTEP,Louisiana Tech,60,55,,,,0,,,,,,,,,,2,,0,El Paso,TX,1,1133,,,,-7.0,"26,34","23,32"
ncaab:401487578,ncaab,2022-12-18T01:00Z,final,2168,2751,Dayton,Wyoming,66,49,,,,1,,,,,,,,,,2,,0,Chicago,IL,1,179,,,,-6.0,"35,31","21,28"
ncaab:401487688,ncaab,2022-12-18T01:00Z,final,139,2181,Saint Louis,Drake,83,75,,,,0,,,,,,,,,,2,,0,St. Louis,MO,1,142,,,,-6.0,"40,43","41,34"
ncaab:401489027,ncaab,2022-12-18T01:00Z,final,2483,2501,Oregon,Portland,78,56,,,,0,,,,,,,,,,2,,0,Eugene,OR,1,131,,,,-8.0,"37,41","25,31"
ncaab:401507452,ncaab,2022-12-18T01:00Z,final,2253,2492,Grand Canyon,Pepperdine,83,73,,,,0,,,,,,,,,,2,,0,Phoenix,AZ,1,331,,,,-7.0,"34,34,15","37,31,5"
ncaab:401483355,ncaab,2022-12-18T01:30Z,final,2294,2546,Iowa,SE Missouri,106,75,,,,0,,,,,,,,,,2,,0,Iowa City,IA,1,204,,,,-6.0,"58,48","41,34"
ncaab:401489073,ncaab,2022-12-18T02:00Z,final,3101,2375,Utah Tech,Masters U,100,58,,,,0,,,,,,,,,,2,,0,St. George,UT,1,823,,,,-7.0,"51,49","27,31"
ncaab:401492622,ncaab,2022-12-18T02:00Z,final,2724,197,Wichita St,Oklahoma St,49,59,,,,0,,,,,,,,,,2,,0,Wichita,KS,1,,,,,,"26,23","32,27"
ncaab:401488149,ncaab,2022-12-18T03:00Z,final,2502,2540,Portland St,Santa Barbara,73,85,,,,0,,,,,,,,,,2,,0,Portland,OR,1,12,,,,-8.0,"30,43","39,46"
ncaab:401491680,ncaab,2022-12-18T03:00Z,final,264,304,Washington,Idaho St,90,55,,,,0,,,,,,,,,,2,,0,Seattle,WA,1,56,,,,-8.0,"41,49","22,33"
ncaab:401493956,ncaab,2022-12-18T03:00Z,final,2934,2000,Bakersfield,Abilene Chrstn,59,65,,,,0,,,,,,,,,,2,,0,Bakersfield,CA,1,123,,,,-8.0,"31,28","15,50"
ncaab:401482946,ncaab,2022-12-18T03:30Z,final,238,152,Vanderbilt,NC State,66,70,,,,1,,,,,,,,,,2,,0,Chicago,IL,1,179,,,,-6.0,"38,28","34,36"
ncaab:401483227,ncaab,2022-12-18T03:30Z,final,12,2633,Arizona,Tennessee,75,70,,,,0,,,,,,,,,,2,,0,Tucson,AZ,1,,,,,,"35,40","35,35"
ncaab:401483402,ncaab,2022-12-18T17:00Z,final,213,2099,Penn State,Canisius,97,67,,,,0,,,,,,,,,,2,,0,University Park,PA,1,,,,,,"42,55","36,31"
ncaab:401487436,ncaab,2022-12-18T17:00Z,final,108,47,Harvard,Howard,54,66,,,,0,,,,,,,,,,2,,0,Cambridge,MA,1,5,,,,-5.0,"30,24","30,36"
ncaab:401487723,ncaab,2022-12-18T17:00Z,final,2426,2689,Navy,Wash Coll (MD),93,54,,,,0,,,,,,,,,,2,,0,Annapolis,MD,1,12,,,,-5.0,"57,36","23,31"
ncaab:401483273,ncaab,2022-12-18T18:00Z,final,66,2711,Iowa State,W Michigan,73,57,,,,0,,,,,,,,,,2,,0,Ames,IA,1,287,,,,-6.0,"37,36","23,34"
ncaab:401483316,ncaab,2022-12-18T18:00Z,final,251,24,Texas,Stanford,72,62,,,,1,,,,,,,,,,2,,0,Dallas,TX,1,128,,,,-6.0,"31,41","28,34"
ncaab:401489713,ncaab,2022-12-18T18:00Z,final,2378,2729,UMBC,William & Mary,78,62,,,,0,,,,,,,,,,2,,0,Baltimore,MD,1,10,,,,-5.0,"43,35","31,31"
ncaab:401490550,ncaab,2022-12-18T18:00Z,final,2619,349,Stony Brook,Army,66,59,,,,0,,,,,,,,,,2,,0,Stony Brook,NY,1,,,,,,"28,38","33,26"
ncaab:401485479,ncaab,2022-12-18T19:00Z,final,2448,2450,NC A&T,Norfolk St,66,70,,,,1,,,,,,,,,,2,,0,Las Vegas,NV,1,610,,,,-8.0,"28,38","34,36"
ncaab:401486963,ncaab,2022-12-18T19:00Z,final,2612,2514,Saint Peter's,Quinnipiac,63,56,,,,0,,,,,,,,,,2,,0,Jersey City,NJ,1,9,,,,-5.0,"27,36","29,27"
ncaab:401487573,ncaab,2022-12-18T19:00Z,final,256,112358,James Madison,Long Island,115,79,,,,0,,,,,,,,,,2,,0,Harrisonburg,VA,1,404,,,,-5.0,"65,50","23,56"
ncaab:401487661,ncaab,2022-12-18T19:00Z,final,2350,399,Loyola Chicago,UAlbany,68,56,,,,0,,,,,,,,,,2,,0,Chicago,IL,1,179,,,,-6.0,"37,31","28,28"
ncaab:401487667,ncaab,2022-12-18T19:00Z,final,2247,227,Georgia St,Rhode Island,75,66,,,,0,,,,,,,,,,2,,0,Atlanta,GA,1,320,,,,-5.0,"35,40","36,30"
ncaab:401488807,ncaab,2022-12-18T19:00Z,final,116,2523,Mount St Marys,Robert Morris,59,68,,,,0,,,,,,,,,,2,,0,Emmitsburg,MD,1,133,,,,-5.0,"32,27","32,36"
ncaab:401489002,ncaab,2022-12-18T19:00Z,final,236,2057,Chattanooga,Belmont,79,83,,,,0,,,,,,,,,,2,,0,Chattanooga,TN,1,206,,,,-5.0,"31,37,11","30,38,15"
ncaab:401491670,ncaab,2022-12-18T19:00Z,final,2885,315,NJIT,Niagara,62,53,,,,0,,,,,,,,,,2,,0,Newark,NJ,1,9,,,,-5.0,"36,26","24,29"
ncaab:401491726,ncaab,2022-12-18T19:00Z,final,350,2272,UNC Wilmington,High Point,85,82,,,,0,,,,,,,,,,2,,0,Wilmington,NC,1,,,,,,"40,45","30,52"
ncaab:401491828,ncaab,2022-12-18T19:00Z,final,2674,2210,Valparaiso,Elon,71,66,,,,0,,,,,,,,,,2,,0,Valparaiso,IN,1,,,,,,"42,29","29,37"
ncaab:401491840,ncaab,2022-12-18T19:00Z,final,82,111,UIC,Northeastern,81,73,,,,0,,,,,,,,,,2,,0,Chicago,IL,1,179,,,,-6.0,"46,35","41,32"
ncaab:401492259,ncaab,2022-12-18T19:00Z,final,2083,2771,Bucknell,Merrimack,61,55,,,,0,,,,,,,,,,2,,0,Lewisburg,PA,1,144,,,,-5.0,"23,38","21,34"
ncaab:401492434,ncaab,2022-12-18T19:00Z,final,2217,2557,Fairfield,Coast Guard,86,45,,,,0,,,,,,,,,,2,,0,Fairfield,CT,1,4,,,,-8.0,"40,46","18,27"
ncaab:401494366,ncaab,2022-12-18T19:00Z,final,94,124809,N Kentucky,Miami Hamilton,81,41,,,,0,,,,,,,,,,2,,0,Highland Heights,KY,1,260,,,,-5.0,"40,41","18,23"
ncaab:401489505,ncaab,2022-12-18T20:00Z,final,2572,2377,Southern Miss,McNeese,86,67,,,,0,,,,,,,,,,2,,0,Hattiesburg,MS,1,52,,,,-6.0,"42,44","35,32"
ncaab:401489669,ncaab,2022-12-18T20:00Z,final,2430,2684,UNC Greensboro,Warren Wilson,120,48,,,,0,,,,,,,,,,2,,0,Greensboro,NC,1,266,,,,-5.0,"53,67","14,34"
ncaab:401491869,ncaab,2022-12-18T20:00Z,final,2199,2174,E Michigan,Detroit Mercy,79,77,,,,0,,,,,,,,,,2,,0,Ypsilanti,MI,1,,,,,,"47,32","37,40"
ncaab:401492426,ncaab,2022-12-18T20:00Z,final,204,2739,Oregon St,Green Bay,65,56,,,,0,,,,,,,,,,2,,0,Corvallis,OR,1,71,,,,-8.0,"30,35","23,33"
ncaab:401487286,ncaab,2022-12-18T20:30Z,final,2005,2627,Air Force,Tarleton St,81,67,,,,0,,,,,,,,,,2,,0,Colorado Springs,CO,1,1832,,,,-7.0,"37,44","38,29"
ncaab:401487305,ncaab,2022-12-18T21:00Z,final,2636,2065,UTSA,Bethune,90,69,,,,0,,,,,,,,,,2,,0,San Antonio,TX,1,198,,,,-6.0,"49,41","38,31"
ncaab:401493469,ncaab,2022-12-18T21:00Z,final,68,2473,Boise St,Oakland,77,57,,,,0,,,,,,,,,,2,,0,Boise,ID,1,823,,,,-7.0,"31,46","24,33"
ncaab:401493813,ncaab,2022-12-18T21:00Z,final,2565,73,SIUE,Illinois Tech,93,78,,,,0,,,,,,,,,,2,,0,Edwardsville,IL,1,165,,,,-6.0,"51,42","40,38"
ncaab:401486791,ncaab,2022-12-18T21:30Z,final,2261,2640,Hampton,Texas Southern,77,82,,,,1,,,,,,,,,,2,,0,Las Vegas,NV,1,610,,,,-8.0,"37,40","37,45"
ncaab:401487136,ncaab,2022-12-18T21:30Z,final,5,2582,UAB,Southern,92,66,,,,0,,,,,,,,,,2,,0,Birmingham,AL,1,187,,,,-6.0,"60,32","28,38"
ncaab:401483335,ncaab,2022-12-18T22:00Z,final,277,2084,West Virginia,Buffalo,96,78,,,,0,,,,,,,,,,2,,0,Morgantown,WV,1,271,,,,-5.0,"47,49","39,39"
ncaab:401483450,ncaab,2022-12-18T22:00Z,final,2541,25,Santa Clara,California,71,62,,,,0,,,,,,,,,,2,,0,Santa Clara,CA,1,23,,,,-8.0,"34,37","25,37"
ncaab:401483459,ncaab,2022-12-18T22:00Z,final,38,2458,Colorado,N Colorado,88,77,,,,0,,,,,,,,,,2,,0,Boulder,CO,1,1624,,,,-7.0,"46,42","39,38"
ncaab:401488799,ncaab,2022-12-18T22:00Z,final,2351,325,LMU,Cleveland St,70,59,,,,0,,,,,,,,,,2,,0,Los Angeles,CA,1,89,,,,-8.0,"40,30","24,35"
ncaab:401488818,ncaab,2022-12-18T22:00Z,final,2309,2148,Kent State,Concord,106,56,,,,0,,,,,,,,,,2,,0,Kent,OH,1,325,,,,-5.0,"50,56","30,26"
ncaab:401482963,ncaab,2022-12-18T22:30Z,final,61,87,Georgia,Notre Dame,77,62,,,,1,,,,,,,,,,2,,0,Atlanta,GA,1,320,,,,-5.0,"41,36","36,26"
ncaab:401483048,ncaab,2022-12-18T22:30Z,final,30,2,USC,Auburn,74,71,,,,0,,,,,,,,,,2,,0,Los Angeles,CA,1,89,,,,-8.0,"35,39","39,32"
ncaab:401483305,ncaab,2022-12-18T23:00Z,final,2628,2400,TCU,Miss Valley St,88,43,,,,0,,,,,,,,,,2,,0,Fort Worth,TX,1,199,,,,-6.0,"53,35","20,23"
ncaab:401489107,ncaab,2022-12-18T23:00Z,final,2547,2016,Seattle U,Alcorn St,72,58,,,,0,,,,,,,,,,2,,0,Seattle,WA,1,56,,,,-8.0,"29,43","31,27"
ncaab:401493772,ncaab,2022-12-18T23:00Z,final,2623,2117,Missouri St,C Michigan,79,58,,,,0,,,,,,,,,,2,,0,Springfield,MO,1,396,,,,-6.0,"40,39","30,28"
ncaab:401497673,ncaab,2022-12-18T23:00Z,final,166,3141,New Mexico St,Northern NM,95,53,,,,0,,,,,,,,,,2,,0,Las Cruces,NM,1,1191,,,,-7.0,"48,47","20,33"
ncaab:401487267,ncaab,2022-12-18T23:30Z,final,167,314,New Mexico,Iona,82,74,,,,0,,,,,,,,,,2,,0,Albuquerque,NM,1,1511,,,,-7.0,"44,38","33,41"
ncaab:401483441,ncaab,2022-12-19T00:00Z,final,9,301,Arizona St,San Diego,91,67,,,,0,,,,,,,,,,2,,0,Tempe,AZ,1,,,,,,"41,50","34,33"
ncaab:401489085,ncaab,2022-12-19T00:00Z,final,292,2277,UT Rio Grande,Hou Christian,100,90,,,,1,,,,,,,,,,2,,0,South Padre Island,TX,1,2,,,,-6.0,"48,52","42,48"
ncaab:401487295,ncaab,2022-12-19T01:00Z,final,2608,36,Saint Mary's,Colorado St,60,62,,,,0,,,,,,,,,,2,,0,Moraga,CA,1,152,,,,-8.0,"30,30","30,32"
ncaab:401483257,ncaab,2022-12-19T03:00Z,final,239,265,Baylor,Washington St,65,59,,,,1,,,,,,,,,,2,,0,Dallas,TX,1,128,,,,-6.0,"31,34","25,34"
ncaab:401489488,ncaab,2022-12-19T03:00Z,final,2856,2574,CA Baptist,Sonoma St,88,67,,,,0,,,,,,,,,,2,,0,Riverside,CA,1,252,,,,-8.0,"40,48","32,35"
ncaab:401491721,ncaab,2022-12-19T16:00Z,final,2241,3243,Gardner-Webb,Bob Jones,116,55,,,,0,,,,,,,,,,2,,0,Boiling Springs,NC,1,269,,,,-5.0,"49,67","38,17"
ncaab:401493731,ncaab,2022-12-19T16:00Z,final,189,2986,Bowling Green,Fairmont St,93,74,,,,0,,,,,,,,,,2,,0,Bowling Green,OH,1,212,,,,-5.0,"41,52","39,35"
ncaab:401488671,ncaab,2022-12-19T21:00Z,final,85,88,IU Indy,S Indiana,74,87,,,,1,,,,,,,,,,2,,0,Fort Wayne,IN,1,247,,,,-5.0,"31,43","47,40"
ncaab:401489034,ncaab,2022-12-19T21:00Z,final,2492,2345,Pepperdine,Cal State LA,92,69,,,,0,,,,,,,,,,2,,0,Malibu,CA,1,32,,,,-8.0,"51,41","35,34"
ncaab:401470177,ncaab,2022-12-20T00:00Z,final,2710,2449,W Illinois,N Dakota St,79,60,,,,0,,,,,,,,,,2,,0,Macomb,IL,1,215,,,,-6.0,"35,44","29,31"
ncaab:401484868,ncaab,2022-12-20T00:00Z,final,231,380,Furman,Anderson (SC),106,79,,,,0,,,,,,,,,,2,,0,Greenville,SC,1,307,,,,-5.0,"46,60","36,43"
ncaab:401485345,ncaab,2022-12-20T00:00Z,final,2335,2755,Liberty,Grambling,75,56,,,,0,,,,,,,,,,2,,0,Lynchburg,VA,1,192,,,,-5.0,"33,42","32,24"
ncaab:401486964,ncaab,2022-12-20T00:00Z,final,2368,2363,Marist,Manhattan,69,80,,,,0,,,,,,,,,,2,,0,Poughkeepsie,NY,1,62,,,,-5.0,"28,41","41,39"
ncaab:401487680,ncaab,2022-12-20T00:00Z,final,2603,2529,Saint Joseph's,Sacred Heart,77,59,,,,0,,,,,,,,,,2,,0,Philadelphia,PA,1,12,,,,-5.0,"35,42","18,41"
ncaab:401487696,ncaab,2022-12-20T00:00Z,final,2561,179,Siena,St Bonaventure,76,70,,,,0,,,,,,,,,,2,,0,Albany,NY,1,45,,,,-5.0,"38,38","31,39"
ncaab:401488549,ncaab,2022-12-20T00:00Z,final,2630,3168,UT Martin,Crowley Ridge,120,59,,,,0,,,,,,,,,,2,,0,Martin,TN,1,124,,,,-6.0,"63,57","33,26"
ncaab:401488672,ncaab,2022-12-20T00:00Z,final,2870,2837,Purdue FW,East Texas A&M,85,68,,,,0,,,,,,,,,,2,,0,Fort Wayne,IN,1,247,,,,-5.0,"44,41","33,35"
ncaab:401488723,ncaab,2022-12-20T00:00Z,final,58,2275,South Florida,Hofstra,77,70,,,,0,,,,,,,,,,2,,0,Tampa,FL,1,,,,,,"39,38","39,31"
ncaab:401491266,ncaab,2022-12-20T00:00Z,final,160,107,New Hampshire,Holy Cross,78,60,,,,0,,,,,,,,,,2,,0,Durham,NH,1,15,,,,-5.0,"39,39","29,31"
ncaab:401491664,ncaab,2022-12-20T00:00Z,final,2006,311,Akron,Maine,87,55,,,,0,,,,,,,,,,2,,0,Akron,OH,1,291,,,,-5.0,"44,43","23,32"
ncaab:401491737,ncaab,2022-12-20T00:00Z,final,2506,2019,Presbyterian,Allen,90,70,,,,0,,,,,,,,,,2,,0,Clinton,SC,1,76,,,,-5.0,"35,55","21,49"
ncaab:401491818,ncaab,2022-12-20T00:00Z,final,2520,48,Rider,Delaware,59,60,,,,0,,,,,,,,,,2,,0,Lawrenceville,NJ,1,37,,,,-5.0,"30,29","28,32"
ncaab:401491884,ncaab,2022-12-20T00:00Z,final,276,2249,Marshall,Glenville St,99,73,,,,0,,,,,,,,,,2,,0,Huntington,WV,1,173,,,,-5.0,"51,48","38,35"
ncaab:401500699,ncaab,2022-12-20T00:00Z,final,2454,2167,North Florida,Davis & Elkins,105,66,,,,0,,,,,,,,,,2,,0,Jacksonville,FL,1,5,,,,-5.0,"49,56","31,35"
ncaab:401508450,ncaab,2022-12-20T00:00Z,final,2447,3174,Nicholls,Trinity Co Jax,90,46,,,,0,,,,,,,,,,2,,0,Thibodaux,LA,1,,,,,,"53,37","12,34"
ncaab:401489541,ncaab,2022-12-20T00:30Z,final,324,232,Coastal,Charleston,69,83,,,,0,,,,,,,,,,2,,0,Conway,SC,1,10,,,,-5.0,"35,34","46,37"
ncaab:401498727,ncaab,2022-12-20T00:30Z,final,2617,126750,SF Austin,N American,83,51,,,,0,,,,,,,,,,2,,0,Nacogdoches,TX,1,92,,,,-6.0,"47,36","16,35"
ncaab:401470174,ncaab,2022-12-20T01:00Z,final,2437,2172,Omaha,Denver,83,66,,,,0,,,,,,,,,,2,,0,Omaha,NE,1,323,,,,-6.0,"37,46","37,29"
ncaab:401470175,ncaab,2022-12-20T01:00Z,final,140,233,Kansas City,South Dakota,62,45,,,,0,,,,,,,,,,2,,0,Kansas City,MO,1,274,,,,-6.0,"30,32","19,26"
ncaab:401470176,ncaab,2022-12-20T01:00Z,final,198,2571,Oral Roberts,S Dakota St,79,40,,,,0,,,,,,,,,,2,,0,Tulsa,OK,1,,,,,,"40,39","21,19"
ncaab:401470178,ncaab,2022-12-20T01:00Z,final,2900,155,St Thomas,North Dakota,75,62,,,,0,,,,,,,,,,2,,0,Saint Paul,MN,1,242,,,,-6.0,"30,45","30,32"
ncaab:401487113,ncaab,2022-12-20T01:00Z,final,242,2299,Rice,Jarvis Chrstn,109,64,,,,0,,,,,,,,,,2,,0,Houston,TX,1,12,,,,-6.0,"56,53","34,30"
ncaab:401489010,ncaab,2022-12-20T01:00Z,final,71,284,Bradley,Stonehill,79,50,,,,0,,,,,,,,,,2,,0,Peoria,IL,1,153,,,,-6.0,"40,39","22,28"
ncaab:401489548,ncaab,2022-12-20T01:00Z,final,2032,2011,Arkansas St,Alabama St,72,65,,,,0,,,,,,,,,,2,,0,Jonesboro,AR,1,99,,,,-6.0,"27,45","31,34"
ncaab:401489619,ncaab,2022-12-20T01:00Z,final,2443,2176,LSU N Orleans,Dillard,79,71,,,,0,,,,,,,,,,2,,0,New Orleans,LA,1,0,,,,-6.0,"27,52","26,45"
ncaab:401493621,ncaab,2022-12-20T01:00Z,final,2287,2130,Illinois St,Chicago St,66,52,,,,0,,,,,,,,,,2,,0,Normal,IL,1,244,,,,-6.0,"33,33","23,29"
ncaab:401494608,ncaab,2022-12-20T01:00Z,final,6,2590,South Alabama,Spring Hill,82,53,,,,0,,,,,,,,,,2,,0,Mobile,AL,1,3,,,,-6.0,"48,34","19,34"
ncaab:401487407,ncaab,2022-12-20T02:00Z,final,328,2692,Utah State,Weber St,72,75,,,,0,,,,,,,,,,2,,0,Logan,UT,1,1382,,,,-7.0,"43,29","29,46"
ncaab:401489074,ncaab,2022-12-20T02:00Z,final,3101,2716,Utah Tech,Westmont,80,53,,,,0,,,,,,,,,,2,,0,St. George,UT,1,823,,,,-7.0,"50,30","23,30"
ncaab:401488214,ncaab,2022-12-20T03:00Z,final,299,109670,Long Beach St,Life Pacific,97,52,,,,0,,,,,,,,,,2,,0,Long Beach,CA,1,9,,,,-8.0,"51,46","22,30"
ncaab:401488997,ncaab,2022-12-20T03:00Z,final,2463,70,CSU Northridge,Idaho,73,76,,,,0,,,,,,,,,,2,,0,Northridge,CA,1,246,,,,-8.0,"42,31","39,37"
ncaab:401489091,ncaab,2022-12-20T03:00Z,final,2539,250,San Francisco,UT Arlington,63,68,,,,0,,,,,,,,,,2,,0,San Francisco,CA,1,16,,,,-8.0,"27,36","38,30"
ncaab:401491801,ncaab,2022-12-20T03:00Z,final,2239,3096,Fullerton,S Diego Christ,87,35,,,,0,,,,,,,,,,2,,0,Fullerton,CA,1,50,,,,-8.0,"44,43","16,19"
ncaab:401489497,ncaab,2022-12-20T17:30Z,final,2433,294,UL Monroe,Jacksonville,55,66,,,,0,,,,,,,,,,2,,0,Monroe,LA,1,23,,,,-6.0,"17,38","29,37"
ncaab:401483244,ncaab,2022-12-20T19:00Z,final,245,2747,Texas A&M,Wofford,62,67,,,,0,,,,,,,,,,2,,0,College Station,TX,1,103,,,,-6.0,"30,32","26,41"
ncaab:401489626,ncaab,2022-12-20T19:00Z,final,2459,399,N Illinois,UAlbany,78,83,,,,0,,,,,,,,,,2,,0,Dekalb,IL,1,268,,,,-6.0,"37,41","44,39"
ncaab:401489682,ncaab,2022-12-20T19:00Z,final,261,2649,Vermont,Toledo,72,84,,,,0,,,,,,,,,,2,,0,Burlington,VT,1,61,,,,-5.0,"28,44","42,42"
ncaab:401489689,ncaab,2022-12-20T19:00Z,final,2717,2648,W Carolina,Toccoa Falls,117,50,,,,0,,,,,,,,,,2,,0,Cullowhee,NC,1,645,,,,-5.0,"51,66","24,26"
ncaab:401491732,ncaab,2022-12-20T19:00Z,final,2344,2569,Longwood,SC State,104,77,,,,0,,,,,,,,,,2,,0,Farmville,VA,1,90,,,,-5.0,"38,66","34,43"
ncaab:401483215,ncaab,2022-12-20T20:00Z,final,145,2453,Ole Miss,North Alabama,65,66,,,,0,,,,,,,,,,2,,0,Oxford,MS,1,154,,,,-6.0,"36,29","34,32"
ncaab:401489642,ncaab,2022-12-20T20:00Z,final,197,357,Oklahoma St,Texas A&M-CC,81,58,,,,0,,,,,,,,,,2,,0,Stillwater,OK,1,,,,,,"44,37","20,38"
ncaab:401493826,ncaab,2022-12-20T20:00Z,final,2634,2855,Tennessee St,Brescia,98,83,,,,0,,,,,,,,,,2,,0,Nashville,TN,1,170,,,,-6.0,"55,43","50,33"
ncaab:401488673,ncaab,2022-12-20T21:00Z,final,85,2837,IU Indy,East Texas A&M,62,52,,,,1,,,,,,,,,,2,,0,Fort Wayne,IN,1,247,,,,-5.0,"32,30","28,24"
ncaab:401483193,ncaab,2022-12-20T22:00Z,final,2181,344,Drake,Mississippi St,58,52,,,,1,,,,,,,,,,2,,0,Lincoln,NE,1,367,,,,-6.0,"23,35","31,21"
ncaab:401490515,ncaab,2022-12-20T22:00Z,final,172,2329,Cornell,Lehigh,96,64,,,,0,,,,,,,,,,2,,0,Ithaca,NY,1,125,,,,-5.0,"47,49","26,38"
ncaab:401499514,ncaab,2022-12-20T22:30Z,final,2534,3166,Sam Houston,Arlington Bapt,107,26,,,,0,,,,,,,,,,2,,0,Huntsville,TX,1,113,,,,-6.0,"55,52","10,16"
ncaab:401485351,ncaab,2022-12-20T23:00Z,final,97,288,Louisville,Lipscomb,67,75,,,,0,,,,,,,,,,2,,0,Louisville,KY,1,142,,,,-5.0,"32,35","33,42"
ncaab:401490470,ncaab,2022-12-20T23:00Z,final,2169,2681,Delaware St,Wagner,51,58,,,,0,,,,,,,,,,2,,0,Dover,DE,1,9,,,,-5.0,"25,26","28,30"
ncaab:401485187,ncaab,2022-12-20T23:30Z,final,41,46,UConn,Georgetown,84,73,,,,0,,,,,,,,,,2,,0,Storrs,CT,1,,,,,,"47,37","40,33"
ncaab:401488398,ncaab,2022-12-20T23:30Z,final,154,150,Wake Forest,Duke,81,70,,,,0,,,,,,,,,,2,,0,Winston-Salem,NC,1,,,,,,"39,42","30,40"
ncaab:401488785,ncaab,2022-12-20T23:30Z,final,331,3218,E Washington,NW Indian,130,54,,,,0,,,,,,,,,,2,,0,Cheney,WA,1,717,,,,-8.0,"68,62","23,31"
ncaab:401483350,ncaab,2022-12-21T00:00Z,final,84,2210,Indiana,Elon,96,72,,,,0,,,,,,,,,,2,,0,Bloomington,IN,1,235,,,,-5.0,"47,49","29,43"
ncaab:401485188,ncaab,2022-12-21T00:00Z,final,2507,269,Providence,Marquette,103,98,,,,0,,,,,,,,,,2,,0,Providence,RI,1,2,,,,-5.0,"39,39,11,14","38,40,11,9"
ncaab:401487375,ncaab,2022-12-21T00:00Z,final,113,159,UMass,Dartmouth,68,57,,,,0,,,,,,,,,,2,,0,Amherst,MA,1,82,,,,-5.0,"28,40","35,22"
ncaab:401487514,ncaab,2022-12-21T00:00Z,final,2115,349,C Connecticut,Army,55,66,,,,0,,,,,,,,,,2,,0,New Britain,CT,1,51,,,,-5.0,"30,25","38,28"
ncaab:401487617,ncaab,2022-12-21T00:00Z,final,2168,2016,Dayton,Alcorn St,88,46,,,,0,,,,,,,,,,2,,0,Dayton,OH,1,225,,,,-5.0,"44,44","24,22"
ncaab:401488387,ncaab,2022-12-21T00:00Z,final,333,2296,Alabama,Jackson St,84,64,,,,0,,,,,,,,,,2,,0,Tuscaloosa,AL,1,,,,,,"33,51","32,32"
ncaab:401488674,ncaab,2022-12-21T00:00Z,final,2870,88,Purdue FW,S Indiana,83,59,,,,0,,,,,,,,,,2,,0,Fort Wayne,IN,1,247,,,,-5.0,"44,39","25,34"
ncaab:401488790,ncaab,2022-12-21T00:00Z,final,338,2908,Kennesaw St,SC Upstate,65,56,,,,0,,,,,,,,,,2,,0,Kennesaw,GA,1,332,,,,-5.0,"28,37","26,30"
ncaab:401488825,ncaab,2022-12-21T00:00Z,final,218,2379,Temple,MD Eastern,78,86,,,,0,,,,,,,,,,2,,0,Philadelphia,PA,1,12,,,,-5.0,"45,33","43,43"
ncaab:401492305,ncaab,2022-12-21T00:00Z,final,2635,3077,Tennessee Tech,KCU,104,72,,,,0,,,,,,,,,,2,,0,Cookeville,TN,1,334,,,,-6.0,"60,44","41,31"
ncaab:401496897,ncaab,2022-12-21T00:00Z,final,2428,2643,NC Central,The Citadel,81,74,,,,0,,,,,,,,,,2,,0,Durham,NC,1,123,,,,-5.0,"42,39","33,41"
ncaab:401483382,ncaab,2022-12-21T00:30Z,final,158,2511,Nebraska,Queens,75,65,,,,0,,,,,,,,,,2,,0,Lincoln,NE,1,367,,,,-6.0,"43,32","26,39"
ncaab:401485346,ncaab,2022-12-21T00:30Z,final,2031,2110,Little Rock,C Arkansas,75,66,,,,0,,,,,,,,,,2,,0,Little Rock,AR,1,102,,,,-6.0,"32,43","27,39"
ncaab:401483259,ncaab,2022-12-21T01:00Z,final,239,2466,Baylor,N'Western St,58,48,,,,0,,,,,,,,,,2,,0,Waco,TX,1,,,,,,"24,34","22,26"
ncaab:401487287,ncaab,2022-12-21T01:00Z,final,2458,2005,N Colorado,Air Force,65,67,,,,0,,,,,,,,,,2,,0,Greeley,CO,1,1425,,,,-7.0,"31,34","31,36"
ncaab:401489044,ncaab,2022-12-21T01:00Z,final,2320,279,Lamar,Pacific,65,74,,,,0,,,,,,,,,,2,,0,Beaumont,TX,1,5,,,,-6.0,"21,44","37,37"
ncaab:401489114,ncaab,2022-12-21T01:00Z,final,2253,304,Grand Canyon,Idaho St,68,66,,,,0,,,,,,,,,,2,,0,Phoenix,AZ,1,331,,,,-7.0,"29,39","29,37"
ncaab:401485189,ncaab,2022-12-21T01:30Z,final,2752,2550,Xavier,Seton Hall,73,70,,,,0,,,,,,,,,,2,,0,Cincinnati,OH,1,191,,,,-5.0,"37,36","34,36"
ncaab:401488400,ncaab,2022-12-21T01:30Z,final,2390,258,Miami,Virginia,66,64,,,,0,,,,,,,,,,2,,0,Coral Gables,FL,1,3,,,,-5.0,"36,30","26,38"
ncaab:401491691,ncaab,2022-12-21T01:30Z,final,12,147,Arizona,Montana St,85,64,,,,0,,,,,,,,,,2,,0,Tucson,AZ,1,,,,,,"44,41","37,27"
ncaab:401483389,ncaab,2022-12-21T02:00Z,final,77,82,Northwestern,UIC,92,54,,,,0,,,,,,,,,,2,,0,Evanston,IL,1,187,,,,-6.0,"42,50","21,33"
ncaab:401488399,ncaab,2022-12-21T02:00Z,final,183,221,Syracuse,Pitt,82,84,,,,0,,,,,,,,,,2,,0,Syracuse,NY,1,,,,,,"33,49","41,43"
ncaab:401489056,ncaab,2022-12-21T02:00Z,final,252,2815,BYU,Lindenwood,90,61,,,,0,,,,,,,,,,2,,0,Provo,UT,1,1387,,,,-7.0,"39,51","25,36"
ncaab:401491687,ncaab,2022-12-21T02:00Z,final,2250,149,Gonzaga,Montana,85,75,,,,0,,,,,,,,,,2,,0,Spokane,WA,1,571,,,,-8.0,"36,49","28,47"
ncaab:401494600,ncaab,2022-12-21T02:00Z,final,167,2504,New Mexico,Prairie View,94,63,,,,0,,,,,,,,,,2,,0,Albuquerque,NM,1,1511,,,,-7.0,"47,47","25,38"
ncaab:401483038,ncaab,2022-12-21T02:30Z,final,201,57,Oklahoma,Florida,62,53,,,,1,,,,,,,,,,2,,0,Charlotte,NC,1,229,,,,-5.0,"29,33","31,22"
ncaab:401487437,ncaab,2022-12-21T03:00Z,final,300,108,UC Irvine,Harvard,57,62,,,,0,,,,,,,,,,2,,0,Irvine,CA,1,17,,,,-8.0,"24,33","26,36"
ncaab:401493501,ncaab,2022-12-21T03:00Z,final,27,301,UC Riverside,San Diego,84,92,,,,0,,,,,,,,,,2,,0,Riverside,CA,1,252,,,,-8.0,"36,38,10","42,32,18"
ncaab:401494413,ncaab,2022-12-21T03:00Z,final,23,13,San José St,Cal Poly,65,43,,,,0,,,,,,,,,,2,,0,San Jose,CA,1,26,,,,-8.0,"34,31","22,21"
ncaab:401497713,ncaab,2022-12-21T03:00Z,final,2934,278,Bakersfield,Fresno St,48,56,,,,0,,,,,,,,,,2,,0,Bakersfield,CA,1,123,,,,-8.0,"27,21","27,29"
ncaab:401487717,ncaab,2022-12-21T03:30Z,final,21,28,San Diego St,UC San Diego,62,46,,,,0,,,,,,,,,,2,,0,San Diego,CA,1,20,,,,-8.0,"35,27","16,30"
ncaab:401489066,ncaab,2022-12-21T03:30Z,final,2483,3084,Oregon,Utah Valley,72,77,,,,0,,,,,,,,,,2,,0,Eugene,OR,1,131,,,,-8.0,"24,48","41,36"
ncaab:401489519,ncaab,2022-12-21T16:35Z,final,2154,256,Coppin St,James Madison,107,100,,,,0,,,,,,,,,,2,,0,Baltimore,MD,1,10,,,,-5.0,"47,33,14,13","31,49,14,6"
ncaab:401485349,ncaab,2022-12-21T17:00Z,final,2335,108806,Liberty,Mid Atl Chrstn,88,50,,,,0,,,,,,,,,,2,,0,Lynchburg,VA,1,192,,,,-5.0,"47,41","21,29"
ncaab:401489524,ncaab,2022-12-21T17:00Z,final,2247,2648,Georgia St,Toccoa Falls,91,52,,,,0,,,,,,,,,,2,,0,Atlanta,GA,1,320,,,,-5.0,"48,43","18,34"
ncaab:401491899,ncaab,2022-12-21T17:00Z,final,2413,484,Morehead St,Alice Lloyd,66,50,,,,0,,,,,,,,,,2,,0,Morehead,KY,1,153,,,,-6.0,"36,30","25,25"
ncaab:401470181,ncaab,2022-12-21T18:00Z,void,2710,155,W Illinois,North Dakota,,,,,,0,,,,,,,,,,2,,0,Macomb,IL,1,215,,,,-6.0,,
ncaab:401470182,ncaab,2022-12-21T18:00Z,final,2900,2449,St Thomas,N Dakota St,78,68,,,,0,,,,,,,,,,2,,0,Saint Paul,MN,1,242,,,,-6.0,"34,44","30,38"
ncaab:401491795,ncaab,2022-12-21T18:00Z,final,2166,111,Davidson,Northeastern,70,73,,,,0,,,,,,,,,,2,,0,Davidson,NC,1,256,,,,-5.0,"32,38","42,31"
ncaab:401492452,ncaab,2022-12-21T18:00Z,final,2674,284,Valparaiso,Stonehill,77,67,,,,0,,,,,,,,,,2,,0,Valparaiso,IN,1,,,,,,"36,41","20,47"
ncaab:401494596,ncaab,2022-12-21T18:00Z,final,2348,2299,Louisiana Tech,Jarvis Chrstn,108,52,,,,0,,,,,,,,,,2,,0,Ruston,LA,1,102,,,,-6.0,"59,49","27,25"
ncaab:401502003,ncaab,2022-12-21T18:00Z,final,2711,2562,W Michigan,Siena Heights,61,41,,,,0,,,,,,,,,,2,,0,Kalamazoo,MI,1,239,,,,-5.0,"27,34","8,33"
ncaab:401483326,ncaab,2022-12-21T19:00Z,final,2641,2277,Texas Tech,Hou Christian,111,67,,,,0,,,,,,,,,,2,,0,Lubbock,TX,1,976,,,,-6.0,"49,62","28,39"
ncaab:401487625,ncaab,2022-12-21T19:00Z,final,2184,2737,Duquesne,Winthrop,74,57,,,,0,,,,,,,,,,2,,0,Pittsburgh,PA,1,233,,,,-5.0,"43,31","21,36"
ncaab:401487657,ncaab,2022-12-21T19:00Z,final,2325,322,La Salle,Lafayette,65,90,,,,0,,,,,,,,,,2,,0,Philadelphia,PA,1,12,,,,-5.0,"30,35","45,45"
ncaab:401488808,ncaab,2022-12-21T19:00Z,final,47,116,Howard,Mount St Marys,63,62,,,,0,,,,,,,,,,2,,0,Washington,DC,1,,,,,,"31,32","29,33"
ncaab:401491708,ncaab,2022-12-21T19:00Z,final,2097,350,Campbell,UNC Wilmington,66,74,,,,0,,,,,,,,,,2,,0,Buies Creek,NC,1,63,,,,-5.0,"35,31","29,45"
ncaab:401491864,ncaab,2022-12-21T19:00Z,final,2729,3153,William & Mary,Randolph,90,56,,,,0,,,,,,,,,,2,,0,Williamsburg,VA,1,,,,,,"52,38","27,29"
ncaab:401491888,ncaab,2022-12-21T19:00Z,final,2181,2591,Drake,St Ambrose,124,48,,,,0,,,,,,,,,,2,,0,Des Moines,IA,1,266,,,,-6.0,"59,65","22,26"
ncaab:401494609,ncaab,2022-12-21T19:00Z,final,6,55,South Alabama,Jax State,71,66,,,,0,,,,,,,,,,2,,0,Mobile,AL,1,3,,,,-6.0,"32,39","33,33"
ncaab:401483289,ncaab,2022-12-21T19:30Z,final,2306,2515,Kansas St,Radford,73,65,,,,0,,,,,,,,,,2,,0,Manhattan,KS,1,311,,,,-6.0,"31,42","28,37"
ncaab:401483057,ncaab,2022-12-21T20:00Z,final,61,236,Georgia,Chattanooga,72,65,,,,0,,,,,,,,,,2,,0,Athens,GA,1,228,,,,-5.0,"30,42","33,32"
ncaab:401497501,ncaab,2022-12-21T20:00Z,final,326,608,Texas St,Sci & Arts OK,87,72,,,,0,,,,,,,,,,2,,0,San Marcos,TX,1,188,,,,-6.0,"41,46","29,43"
ncaab:401483356,ncaab,2022-12-21T20:30Z,final,2294,2197,Iowa,E Illinois,83,92,,,,0,,,,,,,,,,2,,0,Iowa City,IA,1,204,,,,-6.0,"45,38","37,55"
ncaab:401487641,ncaab,2022-12-21T21:00Z,final,295,2244,Old Dominion,George Mason,78,77,,,,0,,,,,,,,,,2,,0,Norfolk,VA,1,2,,,,-5.0,"33,45","34,43"
ncaab:401489698,ncaab,2022-12-21T21:00Z,final,2349,104,UMass Lowell,Boston U,68,60,,,,0,,,,,,,,,,2,,0,Lowell,MA,1,36,,,,-5.0,"28,40","30,30"
ncaab:401500698,ncaab,2022-12-21T21:00Z,final,2453,2981,North Alabama,Wilms Baptist,83,45,,,,0,,,,,,,,,,2,,0,Florence,AL,1,167,,,,-6.0,"41,42","18,27"
ncaab:401483469,ncaab,2022-12-21T22:00Z,final,26,302,UCLA,UC Davis,81,54,,,,0,,,,,,,,,,2,,0,Los Angeles,CA,1,89,,,,-8.0,"33,48","21,33"
ncaab:401485480,ncaab,2022-12-21T22:00Z,final,2440,2450,Nevada,Norfolk St,78,66,,,,0,,,,,,,,,,2,,0,Reno,NV,1,1373,,,,-8.0,"39,39","23,43"
ncaab:401483228,ncaab,2022-12-21T23:00Z,final,2633,2046,Tennessee,Austin Peay,86,44,,,,0,,,,,,,,,,2,,0,Knoxville,TN,1,276,,,,-5.0,"52,34","22,22"
ncaab:401486797,ncaab,2022-12-21T23:00Z,final,2540,2026,Santa Barbara,App State,61,50,,,,1,,,,,,,,,,2,,0,Phoenix,AZ,1,331,,,,-7.0,"27,34","29,21"
ncaab:401489661,ncaab,2022-12-21T23:00Z,final,151,2272,East Carolina,High Point,60,49,,,,0,,,,,,,,,,2,,0,Greenville,NC,1,18,,,,-5.0,"32,28","18,31"
ncaab:401496874,ncaab,2022-12-21T23:00Z,final,2084,111947,Buffalo,SUNY Canton,129,62,,,,0,,,,,,,,,,2,,0,Buffalo,NY,1,183,,,,-5.0,"66,63","30,32"
ncaab:401484857,ncaab,2022-12-21T23:30Z,final,127,2473,Michigan St,Oakland,67,54,,,,0,,,,,,,,,,2,,0,East Lansing,MI,1,261,,,,-5.0,"29,38","24,30"
ncaab:401485190,ncaab,2022-12-21T23:30Z,final,222,2599,Villanova,St John's,78,63,,,,0,,,,,,,,,,2,,0,Villanova,PA,1,,,,,,"35,43","31,32"
ncaab:401488402,ncaab,2022-12-21T23:30Z,final,103,259,Boston College,Virginia Tech,70,65,,,,0,,,,,,,,,,2,,0,Chestnut Hill,MA,1,60,,,,-5.0,"25,34,11","30,29,6"
ncaab:401482954,ncaab,2022-12-22T00:00Z,final,153,130,North Carolina,Michigan,80,76,,,,1,,,,,,,,,,2,,0,Charlotte,NC,1,229,,,,-5.0,"41,39","34,42"
ncaab:401483274,ncaab,2022-12-22T00:00Z,void,66,2437,Iowa State,Omaha,,,,,,0,,,,,,,,,,2,,0,Ames,IA,1,287,,,,-6.0,,
ncaab:401483451,ncaab,2022-12-22T00:00Z,final,25,250,California,UT Arlington,73,51,,,,0,,,,,,,,,,2,,0,Berkeley,CA,1,52,,,,-8.0,"28,45","19,32"
ncaab:401483460,ncaab,2022-12-22T00:00Z,final,38,253,Colorado,Southern Utah,86,78,,,,0,,,,,,,,,,2,,0,Boulder,CO,1,1624,,,,-7.0,"38,48","34,44"
ncaab:401485348,ncaab,2022-12-22T00:00Z,final,526,2099,FGCU,Canisius,84,81,,,,0,,,,,,,,,,2,,0,Fort Myers,FL,1,3,,,,-5.0,"42,42","43,38"
ncaab:401487337,ncaab,2022-12-22T00:00Z,final,225,160,Brown,New Hampshire,67,51,,,,0,,,,,,,,,,2,,0,Providence,RI,1,2,,,,-5.0,"28,39","19,32"
ncaab:401487674,ncaab,2022-12-22T00:00Z,final,257,2083,Richmond,Bucknell,81,71,,,,0,,,,,,,,,,2,,0,Richmond,VA,1,64,,,,-5.0,"41,40","25,46"
ncaab:401487697,ncaab,2022-12-22T00:00Z,final,2460,179,Northern Iowa,St Bonaventure,62,52,,,,0,,,,,,,,,,2,,0,Cedar Falls,IA,1,268,,,,-6.0,"28,34","22,30"
ncaab:401487710,ncaab,2022-12-22T00:00Z,final,2670,2426,VCU,Navy,74,52,,,,0,,,,,,,,,,2,,0,Richmond,VA,1,64,,,,-5.0,"37,37","30,22"
ncaab:401488711,ncaab,2022-12-22T00:00Z,final,2116,56,UCF,Stetson,73,58,,,,0,,,,,,,,,,2,,0,Orlando,FL,1,30,,,,-5.0,"38,35","32,26"
ncaab:401488800,ncaab,2022-12-22T00:00Z,final,325,2419,Cleveland St,Mt St Joseph,78,48,,,,0,,,,,,,,,,2,,0,Cleveland,OH,1,199,,,,-5.0,"40,38","21,27"
ncaab:401489533,ncaab,2022-12-22T00:00Z,final,2050,290,Ball State,GA Southern,58,54,,,,0,,,,,,,,,,2,,0,Muncie,IN,1,284,,,,-5.0,"17,41","24,30"
ncaab:401489606,ncaab,2022-12-22T00:00Z,final,2229,2916,FIU,Incarnate Word,79,74,,,,0,,,,,,,,,,2,,0,Miami,FL,1,2,,,,-5.0,"50,29","28,46"
ncaab:401489650,ncaab,2022-12-22T00:00Z,final,2653,2382,Troy,Mercer,79,82,,,,0,,,,,,,,,,2,,0,Troy,AL,1,,,,,,"32,47","41,41"
ncaab:401489677,ncaab,2022-12-22T00:00Z,final,2132,2174,Cincinnati,Detroit Mercy,72,54,,,,0,,,,,,,,,,2,,0,Cincinnati,OH,1,191,,,,-5.0,"37,35","28,26"
ncaab:401489721,ncaab,2022-12-22T00:00Z,final,2226,94,FAU,N Kentucky,67,52,,,,0,,,,,,,,,,2,,0,Boca Raton,FL,1,4,,,,-5.0,"32,35","25,27"
ncaab:401489759,ncaab,2022-12-22T00:00Z,final,2393,93,MTSU,Murray St,83,67,,,,0,,,,,,,,,,2,,0,Murfreesboro,TN,1,186,,,,-6.0,"44,39","26,41"
ncaab:401491654,ncaab,2022-12-22T00:00Z,final,315,2066,Niagara,Binghamton,73,67,,,,0,,,,,,,,,,2,,0,Niagara Falls,NY,1,187,,,,-5.0,"34,39","22,45"
ncaab:401491819,ncaab,2022-12-22T00:00Z,final,48,195,Delaware,Ohio,76,95,,,,0,,,,,,,,,,2,,0,Newark,DE,1,38,,,,-5.0,"34,42","51,44"
ncaab:401493677,ncaab,2022-12-22T00:00Z,final,2523,2598,Robert Morris,Saint Francis,77,66,,,,0,,,,,,,,,,2,,0,Moon Township,PA,1,358,,,,-5.0,"37,40","34,32"
ncaab:401493688,ncaab,2022-12-22T00:00Z,final,2117,2754,C Michigan,Youngstown St,65,76,,,,0,,,,,,,,,,2,,0,Mount Pleasant,MI,1,235,,,,-5.0,"32,33","41,35"
ncaab:401493957,ncaab,2022-12-22T00:00Z,final,2000,2758,Abilene Chrstn,Howard Payne,113,52,,,,0,,,,,,,,,,2,,0,Abilene,TX,1,524,,,,-6.0,"61,52","29,23"
ncaab:401494402,ncaab,2022-12-22T00:00Z,final,96,50,Kentucky,Florida A&M,88,68,,,,0,,,,,,,,,,2,,0,Lexington,KY,1,295,,,,-5.0,"42,46","32,36"
ncaab:401488403,ncaab,2022-12-22T00:30Z,final,59,228,Georgia Tech,Clemson,66,79,,,,0,,,,,,,,,,2,,0,Atlanta,GA,1,320,,,,-5.0,"26,40","40,39"
ncaab:401488687,ncaab,2022-12-22T00:30Z,final,2309,166,Kent State,New Mexico St,73,63,,,,1,,,,,,,,,,2,,0,El Paso,TX,1,1133,,,,-7.0,"37,36","29,34"
ncaab:401489003,ncaab,2022-12-22T00:30Z,final,2057,2535,Belmont,Samford,79,56,,,,0,,,,,,,,,,2,,0,Nashville,TN,1,170,,,,-6.0,"38,41","26,30"
ncaab:401492380,ncaab,2022-12-22T00:30Z,final,2546,79,SE Missouri,S Illinois,68,70,,,,0,,,,,,,,,,2,,0,Cape Girardeau,MO,1,108,,,,-6.0,"30,38","32,38"
ncaab:401470179,ncaab,2022-12-22T01:00Z,void,140,2571,Kansas City,S Dakota St,,,,,,0,,,,,,,,,,2,,0,Kansas City,MO,1,274,,,,-6.0,,
ncaab:401470180,ncaab,2022-12-22T01:00Z,void,198,233,Oral Roberts,South Dakota,,,,,,0,,,,,,,,,,2,,0,Tulsa,OK,1,,,,,,,
ncaab:401483317,ncaab,2022-12-22T01:00Z,final,251,309,Texas,Louisiana,100,72,,,,0,,,,,,,,,,2,,0,Austin,TX,1,149,,,,-6.0,"57,43","35,37"
ncaab:401485347,ncaab,2022-12-22T01:00Z,final,339,91,Evansville,Bellarmine,73,61,,,,0,,,,,,,,,,2,,0,Evansville,IN,1,118,,,,-6.0,"30,43","39,22"
ncaab:401485469,ncaab,2022-12-22T01:00Z,final,99,2193,LSU,ETSU,72,68,,,,0,,,,,,,,,,2,,0,Baton Rouge,LA,1,14,,,,-6.0,"37,35","24,44"
ncaab:401487689,ncaab,2022-12-22T01:00Z,final,139,2565,Saint Louis,SIUE,67,69,,,,0,,,,,,,,,,2,,0,St. Louis,MO,1,142,,,,-6.0,"33,34","22,47"
ncaab:401488717,ncaab,2022-12-22T01:00Z,final,2655,2400,Tulane,Miss Valley St,84,63,,,,0,,,,,,,,,,2,,0,New Orleans,LA,1,0,,,,-6.0,"48,36","23,40"
ncaab:401488732,ncaab,2022-12-22T01:00Z,final,235,2011,Memphis,Alabama St,83,61,,,,0,,,,,,,,,,2,,0,Memphis,TN,1,78,,,,-6.0,"47,36","37,24"
ncaab:401489614,ncaab,2022-12-22T01:00Z,final,248,2377,Houston,McNeese,83,44,,,,0,,,,,,,,,,2,,0,Houston,TX,1,12,,,,-6.0,"42,41","19,25"
ncaab:401489636,ncaab,2022-12-22T01:00Z,final,2545,2582,SE Louisiana,Southern,80,62,,,,0,,,,,,,,,,2,,0,Hammond,LA,1,13,,,,-6.0,"44,36","38,24"
ncaab:401497504,ncaab,2022-12-22T01:00Z,final,2627,2281,Tarleton St,Huston Till,114,56,,,,0,,,,,,,,,,2,,0,Stephenville,TX,1,388,,,,-6.0,"52,62","24,32"
ncaab:401483396,ncaab,2022-12-22T01:30Z,final,194,311,Ohio State,Maine,95,61,,,,0,,,,,,,,,,2,,0,Columbus,OH,1,235,,,,-5.0,"47,48","26,35"
ncaab:401486796,ncaab,2022-12-22T01:30Z,final,2751,2608,Wyoming,Saint Mary's,54,66,,,,1,,,,,,,,,,2,,0,Phoenix,AZ,1,331,,,,-7.0,"24,30","34,32"
ncaab:401488401,ncaab,2022-12-22T01:30Z,final,52,87,Florida St,Notre Dame,73,72,,,,0,,,,,,,,,,2,,0,Tallahassee,FL,1,,,,,,"38,35","39,33"
ncaab:401483049,ncaab,2022-12-22T02:00Z,final,264,2,Washington,Auburn,61,84,,,,0,,,,,,,,,,2,,0,Seattle,WA,1,56,,,,-8.0,"23,38","31,53"
ncaab:401483306,ncaab,2022-12-22T02:00Z,final,254,2628,Utah,TCU,71,75,,,,0,,,,,,,,,,2,,0,Salt Lake City,UT,1,1299,,,,-7.0,"29,42","35,40"
ncaab:401483409,ncaab,2022-12-22T02:00Z,final,2509,2443,Purdue,LSU N Orleans,74,53,,,,0,,,,,,,,,,2,,0,West Lafayette,IN,1,,,,,,"41,33","21,32"
ncaab:401491747,ncaab,2022-12-22T02:00Z,final,8,2427,Arkansas,UNC Asheville,85,51,,,,0,,,,,,,,,,2,,0,Fayetteville,AR,1,427,,,,-6.0,"44,41","24,27"
ncaab:401491802,ncaab,2022-12-22T02:00Z,final,2239,16,Fullerton,Sacramento St,59,49,,,,0,,,,,,,,,,2,,0,Fullerton,CA,1,50,,,,-8.0,"24,35","27,22"
ncaab:401487161,ncaab,2022-12-22T02:55Z,final,2638,2448,UTEP,NC A&T,75,62,,,,0,,,,,,,,,,2,,0,El Paso,TX,1,1133,,,,-7.0,"31,44","27,35"
ncaab:401483442,ncaab,2022-12-22T03:00Z,final,2539,9,San Francisco,Arizona St,97,60,,,,0,,,,,,,,,,2,,0,San Francisco,CA,1,16,,,,-8.0,"50,47","23,37"
ncaab:401488215,ncaab,2022-12-22T03:00Z,final,299,70,Long Beach St,Idaho,82,75,,,,0,,,,,,,,,,2,,0,Long Beach,CA,1,9,,,,-8.0,"44,38","34,41"
ncaab:401489049,ncaab,2022-12-22T03:00Z,final,2351,202,LMU,Tulsa,76,64,,,,0,,,,,,,,,,2,,0,Los Angeles,CA,1,89,,,,-8.0,"38,38","35,29"
ncaab:401489595,ncaab,2022-12-22T03:00Z,final,204,2172,Oregon St,Denver,57,52,,,,0,,,,,,,,,,2,,0,Corvallis,OR,1,71,,,,-8.0,"20,37","18,34"
ncaab:401483478,ncaab,2022-12-22T04:00Z,final,30,36,USC,Colorado St,73,64,,,,1,,,,,,,,,,2,,0,Phoenix,AZ,1,331,,,,-7.0,"31,42","27,37"
ncaab:401491267,ncaab,2022-12-22T16:30Z,final,2529,107,Sacred Heart,Holy Cross,66,62,,,,0,,,,,,,,,,2,,0,Fairfield,CT,1,4,,,,-8.0,"31,35","23,39"
ncaab:401501970,ncaab,2022-12-22T16:30Z,final,2275,3087,Hofstra,Old Westbury,96,48,,,,0,,,,,,,,,,2,,0,Hempstead,NY,1,17,,,,-5.0,"59,37","25,23"
ncaab:401487635,ncaab,2022-12-22T17:00Z,final,2230,2678,Fordham,VMI,80,77,,,,0,,,,,,,,,,2,,0,Bronx,NY,1,28,,,,-5.0,"37,31,12","34,34,9"
ncaab:401491660,ncaab,2022-12-22T17:00Z,final,2803,119,Bryant,Towson,69,59,,,,0,,,,,,,,,,2,,0,Smithfield,RI,1,84,,,,-5.0,"38,31","26,33"
ncaab:401483376,ncaab,2022-12-22T18:00Z,final,135,2130,Minnesota,Chicago St,58,55,,,,0,,,,,,,,,,2,,0,Minneapolis,MN,1,253,,,,-6.0,"38,20","30,25"
ncaab:401487574,ncaab,2022-12-22T18:00Z,final,112358,3103,Long Island,Purchase,95,58,,,,0,,,,,,,,,,2,,0,Brooklyn,NY,1,15,,,,-5.0,"41,54","28,30"
ncaab:401490527,ncaab,2022-12-22T18:00Z,final,44,2561,American,Siena,61,64,,,,0,,,,,,,,,,2,,0,Washington,DC,1,,,,,,"23,38","32,32"
ncaab:401493746,ncaab,2022-12-22T18:00Z,final,282,2459,Indiana St,N Illinois,57,67,,,,0,,,,,,,,,,2,,0,Terre Haute,IN,1,,,,,,"29,28","35,32"
ncaab:401489670,ncaab,2022-12-22T19:00Z,final,2198,2430,E Kentucky,UNC Greensboro,68,64,,,,0,,,,,,,,,,2,,0,Richmond,KY,1,289,,,,-5.0,"33,35","32,32"
ncaab:401490516,ncaab,2022-12-22T19:00Z,final,2142,172,Colgate,Cornell,80,91,,,,0,,,,,,,,,,2,,0,Hamilton,NY,1,181,,,,-5.0,"31,49","48,43"
ncaab:401492207,ncaab,2022-12-22T19:00Z,final,2065,2454,Bethune,North Florida,85,87,,,,0,,,,,,,,,,2,,0,Daytona Beach,FL,1,4,,,,-5.0,"40,45","41,46"
ncaab:401486773,ncaab,2022-12-22T20:00Z,final,2567,314,SMU,Iona,85,81,,,,1,,,,,,,,,,2,,0,Honolulu,HI,1,5,,,,-10.0,"35,50","41,40"
ncaab:401489075,ncaab,2022-12-22T20:00Z,final,3101,2815,Utah Tech,Lindenwood,95,64,,,,0,,,,,,,,,,2,,0,St. George,UT,1,823,,,,-7.0,"52,43","24,40"
ncaab:401489549,ncaab,2022-12-22T20:00Z,final,2032,2031,Arkansas St,Little Rock,77,75,,,,0,,,,,,,,,,2,,0,Jonesboro,AR,1,99,,,,-6.0,"31,46","39,36"
ncaab:401491715,ncaab,2022-12-22T20:00Z,final,2127,3077,Charleston So,KCU,126,67,,,,0,,,,,,,,,,2,,0,Charleston,SC,1,6,,,,-5.0,"61,65","32,35"
ncaab:401497893,ncaab,2022-12-22T20:00Z,final,2617,2296,SF Austin,Jackson St,80,69,,,,0,,,,,,,,,,2,,0,Nacogdoches,TX,1,92,,,,-6.0,"36,44","29,40"
ncaab:401483255,ncaab,2022-12-22T21:00Z,final,238,2010,Vanderbilt,Alabama A&M,70,62,,,,0,,,,,,,,,,2,,0,Nashville,TN,1,170,,,,-6.0,"34,36","28,34"
ncaab:401494385,ncaab,2022-12-22T21:00Z,final,2463,301,CSU Northridge,San Diego,83,78,,,,0,,,,,,,,,,2,,0,Northridge,CA,1,246,,,,-8.0,"32,51","33,45"
ncaab:401483403,ncaab,2022-12-22T21:30Z,final,213,2514,Penn State,Quinnipiac,77,68,,,,0,,,,,,,,,,2,,0,University Park,PA,1,,,,,,"33,44","23,45"
ncaab:401489011,ncaab,2022-12-22T22:00Z,final,71,2006,Bradley,Akron,74,55,,,,0,,,,,,,,,,2,,0,Peoria,IL,1,153,,,,-6.0,"36,38","19,36"
ncaab:401489028,ncaab,2022-12-22T22:00Z,final,27,2501,UC Riverside,Portland,76,65,,,,0,,,,,,,,,,2,,0,Riverside,CA,1,252,,,,-8.0,"35,41","36,29"
ncaab:401492628,ncaab,2022-12-22T22:00Z,final,2681,461,Wagner,Gwynedd Mercy,89,55,,,,0,,,,,,,,,,2,,0,Staten Island,NY,1,21,,,,-5.0,"35,54","32,23"
ncaab:401493470,ncaab,2022-12-22T22:00Z,final,2541,68,Santa Clara,Boise St,73,58,,,,0,,,,,,,,,,2,,0,Santa Clara,CA,1,23,,,,-8.0,"34,39","36,22"
ncaab:401486774,ncaab,2022-12-22T22:30Z,final,328,2547,Utah State,Seattle U,84,56,,,,1,,,,,,,,,,2,,0,Honolulu,HI,1,5,,,,-10.0,"36,48","24,32"
ncaab:401483336,ncaab,2022-12-22T23:00Z,final,277,2619,West Virginia,Stony Brook,75,64,,,,0,,,,,,,,,,2,,0,Morgantown,WV,1,271,,,,-5.0,"28,47","24,40"
ncaab:401483363,ncaab,2022-12-22T23:30Z,final,120,2612,Maryland,Saint Peter's,75,45,,,,0,,,,,,,,,,2,,0,College Park,MD,1,21,,,,-5.0,"35,40","19,26"
ncaab:401483224,ncaab,2022-12-23T00:00Z,final,2579,98,South Carolina,Western KY,65,58,,,,0,,,,,,,,,,2,,0,Columbia,SC,1,89,,,,-5.0,"34,31","32,26"
ncaab:401483280,ncaab,2022-12-23T00:00Z,final,2305,108,Kansas,Harvard,68,54,,,,0,,,,,,,,,,2,,0,Lawrence,KS,1,263,,,,-6.0,"32,36","23,31"
ncaab:401485018,ncaab,2022-12-23T00:00Z,final,2405,43,Monmouth,Yale,44,76,,,,0,,,,,,,,,,2,,0,West Long Branch,NJ,1,,,,,,"16,28","40,36"
ncaab:401485350,ncaab,2022-12-23T00:00Z,final,161,2511,FDU,Queens,73,82,,,,0,,,,,,,,,,2,,0,Hackensack,NJ,1,6,,,,-5.0,"26,47","39,43"
ncaab:401486965,ncaab,2022-12-23T00:00Z,final,2520,2368,Rider,Marist,77,71,,,,0,,,,,,,,,,2,,0,Lawrenceville,NJ,1,37,,,,-5.0,"42,35","36,35"
ncaab:401487515,ncaab,2022-12-23T00:00Z,final,2603,2115,Saint Joseph's,C Connecticut,83,66,,,,0,,,,,,,,,,2,,0,Philadelphia,PA,1,12,,,,-5.0,"43,40","20,46"
ncaab:401487668,ncaab,2022-12-23T00:00Z,void,227,270,Rhode Island,Milwaukee,,,,,,0,,,,,,,,,,2,,0,Kingston,RI,1,75,,,,-5.0,,
ncaab:401488365,ncaab,2022-12-23T00:00Z,final,152,97,NC State,Louisville,76,64,,,,0,,,,,,,,,,2,,0,Raleigh,NC,1,96,,,,-5.0,"31,45","28,36"
ncaab:401488724,ncaab,2022-12-23T00:00Z,final,58,2885,South Florida,NJIT,92,73,,,,0,,,,,,,,,,2,,0,Tampa,FL,1,,,,,,"49,43","40,33"
ncaab:401491226,ncaab,2022-12-23T00:00Z,final,2352,2251,Loyola MD,Goucher,99,53,,,,0,,,,,,,,,,2,,0,Baltimore,MD,1,10,,,,-5.0,"54,45","27,26"
ncaab:401491824,ncaab,2022-12-23T00:00Z,void,2217,2182,Fairfield,Drexel,,,,,,0,,,,,,,,,,2,,0,Fairfield,CT,1,4,,,,-8.0,,
ncaab:401493682,ncaab,2022-12-23T00:00Z,final,193,2750,Miami OH,Wright St,80,88,,,,0,,,,,,,,,,2,,0,Oxford,OH,1,283,,,,-5.0,"32,48","37,51"
ncaab:401500365,ncaab,2022-12-23T00:00Z,final,2597,2380,St Francis BK,Medgar Evers,89,66,,,,0,,,,,,,,,,2,,0,Brooklyn,NY,1,15,,,,-5.0,"43,46","30,36"
ncaab:401511843,ncaab,2022-12-23T00:00Z,final,13,3096,Cal Poly,S Diego Christ,72,59,,,,0,,,,,,,,,,2,,0,San Luis Obispo,CA,1,71,,,,-8.0,"44,28","21,38"
ncaab:401486943,ncaab,2022-12-23T00:30Z,final,5,2429,UAB,Charlotte,76,68,,,,0,,,,,,,,,,2,,0,Birmingham,AL,1,187,,,,-6.0,"35,41","28,40"
ncaab:401488688,ncaab,2022-12-23T00:30Z,final,2448,166,NC A&T,New Mexico St,76,85,,,,1,,,,,,,,,,2,,0,El Paso,TX,1,1133,,,,-7.0,"36,40","46,39"
ncaab:401485191,ncaab,2022-12-23T01:00Z,final,156,2086,Creighton,Butler,78,56,,,,0,,,,,,,,,,2,,0,Omaha,NE,1,323,,,,-6.0,"40,38","34,22"
ncaab:401487306,ncaab,2022-12-23T01:00Z,final,2636,249,UTSA,North Texas,54,78,,,,0,,,,,,,,,,2,,0,San Antonio,TX,1,198,,,,-6.0,"23,31","34,44"
ncaab:401492671,ncaab,2022-12-23T01:00Z,final,2724,2640,Wichita St,Texas Southern,65,56,,,,0,,,,,,,,,,2,,0,Wichita,KS,1,,,,,,"32,33","22,34"
ncaab:401493773,ncaab,2022-12-23T01:00Z,void,2623,2534,Missouri St,Sam Houston,,,,,,0,,,,,,,,,,2,,0,Springfield,MO,1,396,,,,-6.0,,
ncaab:401494934,ncaab,2022-12-23T01:00Z,final,12,2415,Arizona,Morgan St,93,68,,,,0,,,,,,,,,,2,,0,Tucson,AZ,1,,,,,,"41,52","32,36"
ncaab:401483205,ncaab,2022-12-23T02:00Z,final,142,356,Missouri,Illinois,93,71,,,,1,,,,,,,,,,2,,0,St. Louis,MO,1,142,,,,-6.0,"51,42","27,44"
ncaab:401486775,ncaab,2022-12-23T02:00Z,final,265,45,Washington St,G Washington,66,64,,,,1,,,,,,,,,,2,,0,Honolulu,HI,1,5,,,,-10.0,"29,37","27,37"
ncaab:401489057,ncaab,2022-12-23T02:00Z,final,252,2692,BYU,Weber St,63,57,,,,0,,,,,,,,,,2,,0,Provo,UT,1,1387,,,,-7.0,"29,34","24,33"
ncaab:401493935,ncaab,2022-12-23T02:00Z,final,2539,42,San Francisco,Hartford,85,53,,,,0,,,,,,,,,,2,,0,San Francisco,CA,1,16,,,,-8.0,"40,45","22,31"
ncaab:401488689,ncaab,2022-12-23T02:30Z,final,2638,2309,UTEP,Kent State,46,47,,,,0,,,,,,,,,,2,,0,El Paso,TX,1,1133,,,,-7.0,"22,24","25,22"
ncaab:401485024,ncaab,2022-12-23T03:00Z,final,24,2350,Stanford,Loyola Chicago,75,62,,,,1,,,,,,,,,,2,,0,Santa Cruz,CA,1,11,,,,-8.0,"37,38","20,42"
ncaab:401487397,ncaab,2022-12-23T03:00Z,final,2439,2572,UNLV,Southern Miss,74,63,,,,0,,,,,,,,,,2,,0,Las Vegas,NV,1,610,,,,-8.0,"32,42","33,30"
ncaab:401489489,ncaab,2022-12-23T03:00Z,final,2856,2502,CA Baptist,Portland St,72,74,,,,0,,,,,,,,,,2,,0,Riverside,CA,1,252,,,,-8.0,"32,40","32,42"
ncaab:401486776,ncaab,2022-12-23T04:00Z,final,62,2492,Hawai'i,Pepperdine,76,70,,,,0,,,,,,,,,,2,,0,Honolulu,HI,1,5,,,,-10.0,"38,38","24,46"
ncaab:401492372,ncaab,2022-12-23T17:00Z,final,163,2871,Princeton,Kean,88,70,,,,0,,,,,,,,,,2,,0,Princeton,NJ,1,62,,,,-5.0,"48,40","31,39"
ncaab:401487642,ncaab,2022-12-23T21:00Z,final,2244,2154,George Mason,Coppin St,91,53,,,,0,,,,,,,,,,2,,0,Fairfax,VA,1,131,,,,-5.0,"53,38","20,33"
ncaab:401486777,ncaab,2022-12-23T21:30Z,final,2547,314,Seattle U,Iona,72,83,,,,1,,,,,,,,,,2,,0,Honolulu,HI,1,5,,,,-10.0,"29,43","29,54"
ncaab:401483418,ncaab,2022-12-23T22:00Z,final,164,2083,Rutgers,Bucknell,85,50,,,,0,,,,,,,,,,2,,0,Piscataway,NJ,1,30,,,,-5.0,"44,41","26,24"
ncaab:401483351,ncaab,2022-12-24T00:00Z,final,84,338,Indiana,Kennesaw St,69,55,,,,0,,,,,,,,,,2,,0,Bloomington,IN,1,235,,,,-5.0,"27,42","27,28"
ncaab:401486778,ncaab,2022-12-24T00:00Z,final,328,2567,Utah State,SMU,74,77,,,,1,,,,,,,,,,2,,0,Honolulu,HI,1,5,,,,-10.0,"32,42","40,37"
ncaab:401483426,ncaab,2022-12-24T02:00Z,void,275,2755,Wisconsin,Grambling,,,,,,0,,,,,,,,,,2,,0,Madison,WI,1,267,,,,-6.0,,
ncaab:401486779,ncaab,2022-12-24T03:00Z,final,2492,45,Pepperdine,G Washington,81,70,,,,1,,,,,,,,,,2,,0,Honolulu,HI,1,5,,,,-10.0,"34,47","31,39"
ncaab:401486780,ncaab,2022-12-24T04:59Z,final,62,265,Hawai'i,Washington St,62,51,,,,0,,,,,,,,,,2,,0,Honolulu,HI,1,5,,,,-10.0,"24,38","23,28"
ncaab:401486781,ncaab,2022-12-25T18:30Z,final,45,2547,G Washington,Seattle U,67,85,,,,1,,,,,,,,,,2,,0,Honolulu,HI,1,5,,,,-10.0,"24,43","41,44"
ncaab:401486782,ncaab,2022-12-25T20:30Z,final,2492,314,Pepperdine,Iona,66,76,,,,1,,,,,,,,,,2,,0,Honolulu,HI,1,5,,,,-10.0,"25,41","35,41"
ncaab:401485192,ncaab,2022-12-25T21:30Z,final,156,305,Creighton,DePaul,80,65,,,,0,,,,,,,,,,2,,0,Omaha,NE,1,323,,,,-6.0,"39,41","28,37"
ncaab:401486784,ncaab,2022-12-25T23:30Z,final,265,328,Washington St,Utah State,73,82,,,,1,,,,,,,,,,2,,0,Honolulu,HI,1,5,,,,-10.0,"29,44","42,40"
ncaab:401486783,ncaab,2022-12-26T01:50Z,final,62,2567,Hawai'i,SMU,58,57,,,,0,,,,,,,,,,2,,0,Honolulu,HI,1,5,,,,-10.0,"22,36","31,26"
ncaab:401482964,ncaab,2022-12-28T00:00Z,final,87,294,Notre Dame,Jacksonville,59,43,,,,0,,,,,,,,,,2,,0,South Bend,IN,1,211,,,,-5.0,"21,38","19,24"
ncaab:401483245,ncaab,2022-12-28T00:00Z,final,245,2466,Texas A&M,N'Western St,64,52,,,,0,,,,,,,,,,2,,0,College Station,TX,1,103,,,,-6.0,"28,36","33,19"
ncaab:401499094,ncaab,2022-12-28T00:00Z,final,2885,66786,NJIT,St Elizabeth,79,51,,,,0,,,,,,,,,,2,,0,Newark,NJ,1,9,,,,-5.0,"38,41","24,27"
ncaab:401500695,ncaab,2022-12-28T00:00Z,final,55,12758,Jax State,Georgia SW,78,73,,,,0,,,,,,,,,,2,,0,Jacksonville,AL,1,216,,,,-6.0,"32,46","36,37"
ncaab:401483318,ncaab,2022-12-28T01:00Z,final,251,2837,Texas,East Texas A&M,97,72,,,,0,,,,,,,,,,2,,0,Austin,TX,1,149,,,,-6.0,"47,50","29,43"
ncaab:401483327,ncaab,2022-12-28T01:00Z,final,2641,2569,Texas Tech,SC State,110,71,,,,0,,,,,,,,,,2,,0,Lubbock,TX,1,976,,,,-6.0,"59,51","36,35"
ncaab:401485193,ncaab,2022-12-28T01:00Z,final,269,2550,Marquette,Seton Hall,83,69,,,,0,,,,,,,,,,2,,0,Milwaukee,WI,1,188,,,,-6.0,"39,44","32,37"
ncaab:401487459,ncaab,2022-12-28T19:00Z,final,219,398,Penn,Wilkes,93,61,,,,0,,,,,,,,,,2,,0,Philadelphia,PA,1,12,,,,-5.0,"46,47","24,37"
ncaab:401492353,ncaab,2022-12-28T21:00Z,final,171,2379,Columbia,MD Eastern,67,74,,,,0,,,,,,,,,,2,,0,New York,NY,1,10,,,,-5.0,"19,42,6","28,33,13"
ncaab:401469857,ncaab,2022-12-28T22:00Z,final,2405,350,Monmouth,UNC Wilmington,55,68,,,,0,,,,,,,,,,2,,0,West Long Branch,NJ,1,,,,,,"20,35","31,37"
ncaab:401483307,ncaab,2022-12-28T22:00Z,final,2628,2110,TCU,C Arkansas,103,57,,,,0,,,,,,,,,,2,,0,Fort Worth,TX,1,199,,,,-6.0,"49,54","25,32"
ncaab:401484531,ncaab,2022-12-28T22:00Z,final,145,2633,Ole Miss,Tennessee,59,63,,,,0,,,,,,,,,,2,,0,Oxford,MS,1,154,,,,-6.0,"34,25","28,35"
ncaab:401489643,ncaab,2022-12-28T22:00Z,final,357,3158,Texas A&M-CC,Lady of Lake,88,74,,,,0,,,,,,,,,,2,,0,Corpus Christi,TX,1,2,,,,-6.0,"48,40","29,45"
ncaab:401497507,ncaab,2022-12-28T22:00Z,final,2250,2202,Gonzaga,Eastern Oregon,120,42,,,,0,,,,,,,,,,2,,0,Spokane,WA,1,571,,,,-8.0,"58,62","28,14"
ncaab:401482990,ncaab,2022-12-28T23:00Z,final,258,399,Virginia,UAlbany,66,46,,,,0,,,,,,,,,,2,,0,Charlottesville,VA,1,142,,,,-5.0,"33,33","24,22"
ncaab:401485194,ncaab,2022-12-28T23:30Z,final,41,222,UConn,Villanova,74,66,,,,0,,,,,,,,,,2,,0,Hartford,CT,1,18,,,,-5.0,"33,41","32,34"
ncaab:401479660,ncaab,2022-12-29T00:00Z,final,2535,2382,Samford,Mercer,78,69,,,,0,,,,,,,,,,2,,0,Homewood,AL,1,203,,,,-6.0,"36,42","35,34"
ncaab:401483058,ncaab,2022-12-29T00:00Z,final,61,2520,Georgia,Rider,78,72,,,,0,,,,,,,,,,2,,0,Athens,GA,1,228,,,,-5.0,"37,41","30,42"
ncaab:401484392,ncaab,2022-12-29T00:00Z,final,2230,2166,Fordham,Davidson,43,57,,,,0,,,,,,,,,,2,,0,Bronx,NY,1,28,,,,-5.0,"14,29","29,28"
ncaab:401484393,ncaab,2022-12-29T00:00Z,final,2168,2184,Dayton,Duquesne,69,57,,,,0,,,,,,,,,,2,,0,Dayton,OH,1,225,,,,-5.0,"37,32","32,25"
ncaab:401484528,ncaab,2022-12-29T00:00Z,final,142,96,Missouri,Kentucky,89,75,,,,0,,,,,,,,,,2,,0,Columbia,MO,1,215,,,,-6.0,"42,47","30,45"
ncaab:401484529,ncaab,2022-12-29T00:00Z,final,2,57,Auburn,Florida,61,58,,,,0,,,,,,,,,,2,,0,Auburn,AL,1,215,,,,-6.0,"23,38","26,32"
ncaab:401487438,ncaab,2022-12-29T00:00Z,final,311,108,Maine,Harvard,73,74,,,,0,,,,,,,,,,2,,0,Bangor,ME,1,36,,,,-5.0,"33,34,6","33,34,7"
ncaab:401487675,ncaab,2022-12-29T00:00Z,final,257,2154,Richmond,Coppin St,83,65,,,,0,,,,,,,,,,2,,0,Richmond,VA,1,64,,,,-5.0,"40,43","38,27"
ncaab:401492672,ncaab,2022-12-29T00:00Z,final,151,218,East Carolina,Temple,57,59,,,,0,,,,,,,,,,2,,0,Greenville,NC,1,18,,,,-5.0,"23,34","22,37"
ncaab:401492673,ncaab,2022-12-29T00:00Z,final,2116,2724,UCF,Wichita St,52,45,,,,0,,,,,,,,,,2,,0,Orlando,FL,1,30,,,,-5.0,"26,26","23,22"
ncaab:401493622,ncaab,2022-12-29T00:00Z,final,2050,2130,Ball State,Chicago St,70,63,,,,0,,,,,,,,,,2,,0,Muncie,IN,1,284,,,,-5.0,"29,41","28,35"
ncaab:401482937,ncaab,2022-12-29T01:00Z,void,2390,261,Miami,Vermont,,,,,,0,,,,,,,,,,2,,0,Coral Gables,FL,1,3,,,,-5.0,,
ncaab:401483260,ncaab,2022-12-29T01:00Z,final,239,2447,Baylor,Nicholls,85,56,,,,0,,,,,,,,,,2,,0,Waco,TX,1,,,,,,"45,40","31,25"
ncaab:401490132,ncaab,2022-12-29T01:00Z,final,2057,71,Belmont,Bradley,63,60,,,,0,,,,,,,,,,2,,0,Nashville,TN,1,170,,,,-6.0,"34,29","38,22"
ncaab:401490133,ncaab,2022-12-29T01:00Z,final,82,2287,UIC,Illinois St,55,51,,,,0,,,,,,,,,,2,,0,Chicago,IL,1,179,,,,-6.0,"33,22","17,34"
ncaab:401490134,ncaab,2022-12-29T01:00Z,final,2460,2623,Northern Iowa,Missouri St,67,79,,,,0,,,,,,,,,,2,,0,Cedar Falls,IA,1,268,,,,-6.0,"29,38","40,39"
ncaab:401481053,ncaab,2022-12-29T02:00Z,final,166,253,New Mexico St,Southern Utah,75,79,,,,0,,,,,,,,,,2,,0,Las Cruces,NM,1,1191,,,,-7.0,"32,43","37,42"
ncaab:401482792,ncaab,2022-12-29T02:00Z,final,167,36,New Mexico,Colorado St,88,69,,,,0,,,,,,,,,,2,,0,Albuquerque,NM,1,1511,,,,-7.0,"49,39","24,45"
ncaab:401484530,ncaab,2022-12-29T02:00Z,final,99,8,LSU,Arkansas,60,57,,,,0,,,,,,,,,,2,,0,Baton Rouge,LA,1,14,,,,-6.0,"24,36","19,38"
ncaab:401484532,ncaab,2022-12-29T02:00Z,final,344,333,Mississippi St,Alabama,67,78,,,,0,,,,,,,,,,2,,0,Starkville,MS,1,101,,,,-6.0,"30,37","34,44"
ncaab:401485195,ncaab,2022-12-29T02:00Z,final,2599,2752,St John's,Xavier,79,84,,,,0,,,,,,,,,,2,,0,Queens,NY,1,12,,,,-5.0,"37,42","48,36"
ncaab:401492674,ncaab,2022-12-29T02:00Z,final,202,248,Tulsa,Houston,50,89,,,,0,,,,,,,,,,2,,0,Tulsa,OK,1,,,,,,"26,24","43,46"
ncaab:401494592,ncaab,2022-12-29T02:00Z,final,16,2616,Sacramento St,Stanislaus St,72,51,,,,0,,,,,,,,,,2,,0,Sacramento,CA,1,9,,,,-8.0,"19,53","27,24"
ncaab:401482791,ncaab,2022-12-29T03:00Z,final,2440,68,Nevada,Boise St,74,72,,,,0,,,,,,,,,,2,,0,Reno,NV,1,1373,,,,-8.0,"30,44","27,45"
ncaab:401482793,ncaab,2022-12-29T03:00Z,final,23,2439,San José St,UNLV,75,72,,,,0,,,,,,,,,,2,,0,San Jose,CA,1,26,,,,-8.0,"41,24,10","30,35,7"
ncaab:401482790,ncaab,2022-12-29T04:00Z,final,21,2005,San Diego St,Air Force,71,55,,,,0,,,,,,,,,,2,,0,San Diego,CA,1,20,,,,-8.0,"36,35","23,32"
ncaab:401482794,ncaab,2022-12-29T04:00Z,final,278,2751,Fresno St,Wyoming,58,53,,,,0,,,,,,,,,,2,,0,Fresno,CA,1,94,,,,-8.0,"38,20","25,28"
ncaab:401470993,ncaab,2022-12-29T18:00Z,final,112358,2681,Long Island,Wagner,61,69,,,,0,,,,,,,,,,2,,0,Brooklyn,NY,1,15,,,,-5.0,"36,25","39,30"
ncaab:401483390,ncaab,2022-12-29T18:00Z,final,77,225,Northwestern,Brown,63,58,,,,0,,,,,,,,,,2,,0,Evanston,IL,1,187,,,,-6.0,"30,33","31,27"
ncaab:401470994,ncaab,2022-12-29T19:00Z,final,2529,284,Sacred Heart,Stonehill,67,74,,,,0,,,,,,,,,,2,,0,Fairfield,CT,1,4,,,,-8.0,"29,38","51,23"
ncaab:401479661,ncaab,2022-12-29T19:00Z,final,2717,2430,W Carolina,UNC Greensboro,47,72,,,,0,,,,,,,,,,2,,0,Cullowhee,NC,1,645,,,,-5.0,"30,17","34,38"
ncaab:401483404,ncaab,2022-12-29T19:00Z,final,213,2169,Penn State,Delaware St,60,46,,,,0,,,,,,,,,,2,,0,University Park,PA,1,,,,,,"27,33","22,24"
ncaab:401487658,ncaab,2022-12-29T19:00Z,final,47,2325,Howard,La Salle,76,80,,,,0,,,,,,,,,,2,,0,Washington,DC,1,,,,,,"29,47","29,51"
ncaab:401480367,ncaab,2022-12-29T20:00Z,final,2344,2272,Longwood,High Point,87,73,,,,0,,,,,,,,,,2,,0,Farmville,VA,1,90,,,,-5.0,"39,48","27,46"
ncaab:401483397,ncaab,2022-12-29T20:00Z,final,194,2010,Ohio State,Alabama A&M,90,59,,,,0,,,,,,,,,,2,,0,Columbus,OH,1,235,,,,-5.0,"36,54","33,26"
ncaab:401469860,ncaab,2022-12-29T21:00Z,final,2182,2210,Drexel,Elon,62,50,,,,0,,,,,,,,,,2,,0,Philadelphia,PA,1,12,,,,-5.0,"30,32","27,23"
ncaab:401480368,ncaab,2022-12-29T21:00Z,final,2427,2515,UNC Asheville,Radford,62,58,,,,0,,,,,,,,,,2,,0,Asheville,NC,1,649,,,,-5.0,"30,32","28,30"
ncaab:401510150,ncaab,2022-12-29T21:00Z,final,2011,6371,Alabama St,Lane College,90,78,,,,0,,,,,,,,,,2,,0,Montgomery,AL,1,73,,,,-6.0,"52,38","38,40"
ncaab:401480365,ncaab,2022-12-29T22:00Z,final,2506,2097,Presbyterian,Campbell,82,72,,,,0,,,,,,,,,,2,,0,Clinton,SC,1,76,,,,-5.0,"37,45","26,46"
ncaab:401480366,ncaab,2022-12-29T22:00Z,final,2241,2127,Gardner-Webb,Charleston So,83,63,,,,0,,,,,,,,,,2,,0,Boiling Springs,NC,1,269,,,,-5.0,"50,33","32,31"
ncaab:401480369,ncaab,2022-12-29T22:00Z,final,2908,2737,SC Upstate,Winthrop,70,62,,,,0,,,,,,,,,,2,,0,Spartanburg,SC,1,246,,,,-5.0,"34,36","26,36"
ncaab:401483410,ncaab,2022-12-29T22:00Z,final,2509,50,Purdue,Florida A&M,82,49,,,,0,,,,,,,,,,2,,0,West Lafayette,IN,1,,,,,,"42,40","29,20"
ncaab:401493732,ncaab,2022-12-29T22:00Z,final,189,2477,Bowling Green,Ohio Dominican,102,65,,,,0,,,,,,,,,,2,,0,Bowling Green,OH,1,212,,,,-5.0,"42,60","37,28"
ncaab:401469502,ncaab,2022-12-29T23:00Z,final,2511,2046,Queens,Austin Peay,81,77,,,,0,,,,,,,,,,2,,0,Charlotte,NC,1,229,,,,-5.0,"29,52","43,34"
ncaab:401486944,ncaab,2022-12-29T23:00Z,final,2429,2393,Charlotte,MTSU,82,67,,,,0,,,,,,,,,,2,,0,Charlotte,NC,1,229,,,,-5.0,"33,49","32,35"
ncaab:401502004,ncaab,2022-12-29T23:00Z,final,2649,109671,Toledo,Lourdes,103,88,,,,0,,,,,,,,,,2,,0,Toledo,OH,1,,,,,,"48,55","35,53"
ncaab:401469501,ncaab,2022-12-29T23:30Z,final,91,2335,Bellarmine,Liberty,53,70,,,,0,,,,,,,,,,2,,0,Louisville,KY,1,142,,,,-5.0,"24,29","35,35"
ncaab:401485196,ncaab,2022-12-29T23:30Z,final,2086,2507,Butler,Providence,52,72,,,,0,,,,,,,,,,2,,0,Indianapolis,IN,1,218,,,,-5.0,"18,34","46,26"
ncaab:401469858,ncaab,2022-12-30T00:00Z,final,48,2275,Delaware,Hofstra,73,87,,,,0,,,,,,,,,,2,,0,Newark,DE,1,38,,,,-5.0,"29,44","44,43"
ncaab:401469859,ncaab,2022-12-30T00:00Z,final,232,2261,Charleston,Hampton,89,61,,,,0,,,,,,,,,,2,,0,Charleston,SC,1,6,,,,-5.0,"56,33","36,25"
ncaab:401469861,ncaab,2022-12-30T00:00Z,final,111,2448,Northeastern,NC A&T,88,76,,,,0,,,,,,,,,,2,,0,Boston,MA,1,14,,,,-5.0,"45,43","31,45"
ncaab:401469986,ncaab,2022-12-30T00:00Z,final,2523,2870,Robert Morris,Purdue FW,75,70,,,,0,,,,,,,,,,2,,0,Moon Township,PA,1,358,,,,-5.0,"40,35","37,33"
ncaab:401469987,ncaab,2022-12-30T00:00Z,final,2174,2739,Detroit Mercy,Green Bay,76,59,,,,0,,,,,,,,,,2,,0,Detroit,MI,1,183,,,,-5.0,"37,39","26,33"
ncaab:401469988,ncaab,2022-12-30T00:00Z,final,2473,270,Oakland,Milwaukee,83,61,,,,0,,,,,,,,,,2,,0,Rochester,MI,1,229,,,,-5.0,"43,40","39,22"
ncaab:401469989,ncaab,2022-12-30T00:00Z,final,94,2750,N Kentucky,Wright St,78,64,,,,0,,,,,,,,,,2,,0,Highland Heights,KY,1,260,,,,-5.0,"33,45","29,35"
ncaab:401470264,ncaab,2022-12-30T00:00Z,final,276,2026,Marshall,App State,79,53,,,,0,,,,,,,,,,2,,0,Huntington,WV,1,173,,,,-5.0,"35,44","28,25"
ncaab:401470265,ncaab,2022-12-30T00:00Z,final,324,309,Coastal,Louisiana,77,76,,,,0,,,,,,,,,,2,,0,Conway,SC,1,10,,,,-5.0,"38,39","35,41"
ncaab:401470266,ncaab,2022-12-30T00:00Z,final,2247,256,Georgia St,James Madison,47,63,,,,0,,,,,,,,,,2,,0,Atlanta,GA,1,320,,,,-5.0,"21,26","26,37"
ncaab:401470268,ncaab,2022-12-30T00:00Z,final,295,2032,Old Dominion,Arkansas St,57,60,,,,0,,,,,,,,,,2,,0,Norfolk,VA,1,2,,,,-5.0,"16,41","29,31"
ncaab:401470992,ncaab,2022-12-30T00:00Z,final,161,2771,FDU,Merrimack,71,63,,,,0,,,,,,,,,,2,,0,Hackensack,NJ,1,6,,,,-5.0,"33,38","39,24"
ncaab:401470995,ncaab,2022-12-30T00:00Z,final,2598,2115,Saint Francis,C Connecticut,80,72,,,,0,,,,,,,,,,2,,0,Loretto,PA,1,595,,,,-5.0,"36,44","38,34"
ncaab:401479657,ncaab,2022-12-30T00:00Z,final,2643,236,The Citadel,Chattanooga,76,68,,,,0,,,,,,,,,,2,,0,Charleston,SC,1,6,,,,-5.0,"26,50","26,42"
ncaab:401479658,ncaab,2022-12-30T00:00Z,final,2747,2193,Wofford,ETSU,71,73,,,,0,,,,,,,,,,2,,0,Spartanburg,SC,1,246,,,,-5.0,"34,37","31,42"
ncaab:401479659,ncaab,2022-12-30T00:00Z,final,231,2678,Furman,VMI,85,62,,,,0,,,,,,,,,,2,,0,Greenville,SC,1,307,,,,-5.0,"33,52","21,41"
ncaab:401483364,ncaab,2022-12-30T00:00Z,final,120,2378,Maryland,UMBC,80,64,,,,0,,,,,,,,,,2,,0,College Park,MD,1,21,,,,-5.0,"33,47","30,34"
ncaab:401483370,ncaab,2022-12-30T00:00Z,final,130,2117,Michigan,C Michigan,61,63,,,,0,,,,,,,,,,2,,0,Ann Arbor,MI,1,269,,,,-5.0,"28,33","27,36"
ncaab:401484845,ncaab,2022-12-30T00:00Z,final,158,2294,Nebraska,Iowa,66,50,,,,0,,,,,,,,,,2,,0,Lincoln,NE,1,367,,,,-6.0,"38,28","26,24"
ncaab:401487114,ncaab,2022-12-30T00:00Z,final,98,242,Western KY,Rice,78,81,,,,0,,,,,,,,,,2,,0,Bowling Green,KY,1,161,,,,-6.0,"36,42","26,55"
ncaab:401487307,ncaab,2022-12-30T00:00Z,final,2348,2636,Louisiana Tech,UTSA,91,69,,,,0,,,,,,,,,,2,,0,Ruston,LA,1,102,,,,-6.0,"43,48","36,33"
ncaab:401487376,ncaab,2022-12-30T00:00Z,void,159,160,Dartmouth,New Hampshire,,,,,,0,,,,,,,,,,2,,0,Hanover,NH,1,162,,,,-5.0,,
ncaab:401490517,ncaab,2022-12-30T00:00Z,final,172,2066,Cornell,Binghamton,86,70,,,,0,,,,,,,,,,2,,0,Ithaca,NY,1,125,,,,-5.0,"44,42","36,34"
ncaab:401492638,ncaab,2022-12-30T00:00Z,final,2229,3244,FIU,Florida Col,69,64,,,,0,,,,,,,,,,2,,0,Miami,FL,1,2,,,,-5.0,"31,38","27,37"
ncaab:401493740,ncaab,2022-12-30T00:00Z,final,193,126824,Miami OH,St Mary's,90,51,,,,0,,,,,,,,,,2,,0,Oxford,OH,1,283,,,,-5.0,"51,39","25,26"
ncaab:401481054,ncaab,2022-12-30T00:30Z,final,2617,2000,SF Austin,Abilene Chrstn,75,68,,,,0,,,,,,,,,,2,,0,Nacogdoches,TX,1,92,,,,-6.0,"39,36","27,41"
ncaab:401487137,ncaab,2022-12-30T00:30Z,final,5,2638,UAB,UTEP,79,73,,,,0,,,,,,,,,,2,,0,Birmingham,AL,1,187,,,,-6.0,"30,27,11,11","34,23,11,5"
ncaab:401469744,ncaab,2022-12-30T01:00Z,final,27,2934,UC Riverside,Bakersfield,71,59,,,,0,,,,,,,,,,2,,0,Riverside,CA,1,252,,,,-8.0,"29,42","35,24"
ncaab:401469985,ncaab,2022-12-30T01:00Z,final,2754,325,Youngstown St,Cleveland St,85,71,,,,0,,,,,,,,,,2,,0,Youngstown,OH,1,,,,,,"39,46","32,39"
ncaab:401470183,ncaab,2022-12-30T01:00Z,final,2437,198,Omaha,Oral Roberts,89,92,,,,0,,,,,,,,,,2,,0,Omaha,NE,1,323,,,,-6.0,"40,49","44,48"
ncaab:401470185,ncaab,2022-12-30T01:00Z,final,233,2900,South Dakota,St Thomas,92,84,,,,0,,,,,,,,,,2,,0,Vermillion,SD,1,,,,,,"42,50","35,49"
ncaab:401470186,ncaab,2022-12-30T01:00Z,final,2571,2710,S Dakota St,W Illinois,71,64,,,,0,,,,,,,,,,2,,0,Brookings,SD,1,494,,,,-6.0,"39,32","29,35"
ncaab:401470267,ncaab,2022-12-30T01:00Z,final,290,6,GA Southern,South Alabama,64,50,,,,0,,,,,,,,,,2,,0,Statesboro,GA,1,77,,,,-5.0,"35,29","25,25"
ncaab:401470269,ncaab,2022-12-30T01:00Z,final,326,2433,Texas St,UL Monroe,53,57,,,,0,,,,,,,,,,2,,0,San Marcos,TX,1,188,,,,-6.0,"25,28","32,25"
ncaab:401470270,ncaab,2022-12-30T01:00Z,final,2572,2653,Southern Miss,Troy,64,60,,,,0,,,,,,,,,,2,,0,Hattiesburg,MS,1,52,,,,-6.0,"26,38","23,37"
ncaab:401481050,ncaab,2022-12-30T01:00Z,final,2253,2856,Grand Canyon,CA Baptist,73,59,,,,0,,,,,,,,,,2,,0,Phoenix,AZ,1,331,,,,-7.0,"31,42","27,32"
ncaab:401481051,ncaab,2022-12-30T01:00Z,final,3084,2534,Utah Valley,Sam Houston,80,64,,,,0,,,,,,,,,,2,,0,Orem,UT,1,1455,,,,-7.0,"38,42","25,39"
ncaab:401481055,ncaab,2022-12-30T01:00Z,final,2627,250,Tarleton St,UT Arlington,70,63,,,,0,,,,,,,,,,2,,0,Stephenville,TX,1,388,,,,-6.0,"31,39","16,47"
ncaab:401483377,ncaab,2022-12-30T01:00Z,void,135,2016,Minnesota,Alcorn St,,,,,,0,,,,,,,,,,2,,0,Minneapolis,MN,1,253,,,,-6.0,,
ncaab:401485197,ncaab,2022-12-30T01:00Z,final,305,46,DePaul,Georgetown,83,76,,,,0,,,,,,,,,,2,,0,Chicago,IL,1,179,,,,-6.0,"47,36","40,36"
ncaab:401489722,ncaab,2022-12-30T01:00Z,final,249,2226,North Texas,FAU,46,50,,,,0,,,,,,,,,,2,,0,Denton,TX,1,201,,,,-6.0,"22,24","26,24"
ncaab:401490136,ncaab,2022-12-30T01:00Z,final,282,339,Indiana St,Evansville,91,63,,,,0,,,,,,,,,,2,,0,Terre Haute,IN,1,,,,,,"39,52","22,41"
ncaab:401490137,ncaab,2022-12-30T01:00Z,final,93,79,Murray St,S Illinois,57,63,,,,0,,,,,,,,,,2,,0,Murray,KY,1,163,,,,-6.0,"23,34","26,37"
ncaab:401492675,ncaab,2022-12-30T01:00Z,final,235,58,Memphis,South Florida,93,86,,,,0,,,,,,,,,,2,,0,Memphis,TN,1,78,,,,-6.0,"46,47","46,40"
ncaab:401493938,ncaab,2022-12-30T01:00Z,final,2640,2281,Texas Southern,Huston Till,92,54,,,,0,,,,,,,,,,2,,0,Houston,TX,1,12,,,,-6.0,"36,56","22,32"
ncaab:401515010,ncaab,2022-12-30T01:00Z,final,2755,126750,Grambling,N American,101,42,,,,0,,,,,,,,,,2,,0,Grambling,LA,1,93,,,,-6.0,"47,54","27,15"
ncaab:401470084,ncaab,2022-12-30T01:30Z,final,2197,2815,E Illinois,Lindenwood,55,54,,,,0,,,,,,,,,,2,,0,Charleston,IL,1,204,,,,-6.0,"32,23","28,26"
ncaab:401470085,ncaab,2022-12-30T01:30Z,final,2031,2630,Little Rock,UT Martin,88,74,,,,0,,,,,,,,,,2,,0,North Little Rock,AR,1,81,,,,-6.0,"46,42","29,45"
ncaab:401470087,ncaab,2022-12-30T01:30Z,final,88,2546,S Indiana,SE Missouri,86,81,,,,0,,,,,,,,,,2,,0,Evansville,IN,1,118,,,,-6.0,"43,43","26,55"
ncaab:401470088,ncaab,2022-12-30T01:30Z,final,2565,2635,SIUE,Tennessee Tech,64,51,,,,0,,,,,,,,,,2,,0,Edwardsville,IL,1,165,,,,-6.0,"36,28","26,25"
ncaab:401483343,ncaab,2022-12-30T01:30Z,final,356,2065,Illinois,Bethune,85,52,,,,0,,,,,,,,,,2,,0,Champaign,IL,1,225,,,,-6.0,"47,38","19,33"
ncaab:401469647,ncaab,2022-12-30T02:00Z,final,149,331,Montana,E Washington,80,87,,,,0,,,,,,,,,,2,,0,Missoula,MT,1,978,,,,-7.0,"39,41","37,50"
ncaab:401469648,ncaab,2022-12-30T02:00Z,final,147,70,Montana St,Idaho,72,58,,,,0,,,,,,,,,,2,,0,Bozeman,MT,1,1468,,,,-7.0,"34,38","20,38"
ncaab:401469649,ncaab,2022-12-30T02:00Z,final,304,2464,Idaho St,N Arizona,79,53,,,,0,,,,,,,,,,2,,0,Pocatello,ID,1,1360,,,,-7.0,"44,35","21,32"
ncaab:401469650,ncaab,2022-12-30T02:00Z,final,2692,2458,Weber St,N Colorado,81,72,,,,0,,,,,,,,,,2,,0,Ogden,UT,1,1311,,,,-7.0,"37,44","28,44"
ncaab:401469741,ncaab,2022-12-30T02:00Z,final,2239,2540,Fullerton,Santa Barbara,58,66,,,,0,,,,,,,,,,2,,0,Fullerton,CA,1,50,,,,-8.0,"25,33","30,36"
ncaab:401470086,ncaab,2022-12-30T02:00Z,final,2634,2413,Tennessee St,Morehead St,75,83,,,,0,,,,,,,,,,2,,0,Nashville,TN,1,170,,,,-6.0,"33,42","40,43"
ncaab:401470184,ncaab,2022-12-30T02:00Z,final,2172,140,Denver,Kansas City,85,83,,,,0,,,,,,,,,,2,,0,Denver,CO,1,1609,,,,-7.0,"26,40,5,5,9","22,44,5,5,7"
ncaab:401470390,ncaab,2022-12-30T02:00Z,final,279,252,Pacific,BYU,49,69,,,,0,,,,,,,,,,2,,0,Stockton,CA,1,,,,,,"23,26","36,33"
ncaab:401470391,ncaab,2022-12-30T02:00Z,final,2608,301,Saint Mary's,San Diego,85,58,,,,0,,,,,,,,,,2,,0,Moraga,CA,1,152,,,,-8.0,"42,43","26,32"
ncaab:401470392,ncaab,2022-12-30T02:00Z,final,2501,2351,Portland,LMU,72,92,,,,0,,,,,,,,,,2,,0,Portland,OR,1,12,,,,-8.0,"33,39","46,46"
ncaab:401481052,ncaab,2022-12-30T02:00Z,final,3101,292,Utah Tech,UT Rio Grande,81,66,,,,0,,,,,,,,,,2,,0,St. George,UT,1,823,,,,-7.0,"39,42","31,35"
ncaab:401490135,ncaab,2022-12-30T02:00Z,final,2181,2674,Drake,Valparaiso,68,63,,,,0,,,,,,,,,,2,,0,Des Moines,IA,1,266,,,,-6.0,"24,44","26,37"
ncaab:401492676,ncaab,2022-12-30T02:00Z,final,2132,2655,Cincinnati,Tulane,88,77,,,,0,,,,,,,,,,2,,0,Cincinnati,OH,1,191,,,,-5.0,"45,43","35,42"
ncaab:401469743,ncaab,2022-12-30T03:00Z,final,299,28,Long Beach St,UC San Diego,83,85,,,,0,,,,,,,,,,2,,0,Long Beach,CA,1,9,,,,-8.0,"32,41,10","29,44,12"
ncaab:401469745,ncaab,2022-12-30T03:00Z,final,13,2463,Cal Poly,CSU Northridge,67,57,,,,0,,,,,,,,,,2,,0,San Luis Obispo,CA,1,71,,,,-8.0,"28,39","23,34"
ncaab:401470393,ncaab,2022-12-30T03:00Z,final,2541,2539,Santa Clara,San Francisco,79,67,,,,0,,,,,,,,,,2,,0,Santa Clara,CA,1,23,,,,-8.0,"38,41","38,29"
ncaab:401490312,ncaab,2022-12-30T03:00Z,final,25,254,California,Utah,43,58,,,,0,,,,,,,,,,2,,0,Berkeley,CA,1,52,,,,-8.0,"18,25","27,31"
ncaab:401490313,ncaab,2022-12-30T04:00Z,final,24,38,Stanford,Colorado,70,73,,,,0,,,,,,,,,,2,,0,Stanford,CA,1,23,,,,-8.0,"37,33","33,40"
ncaab:401469742,ncaab,2022-12-30T04:59Z,final,62,302,Hawai'i,UC Davis,74,66,,,,0,,,,,,,,,,2,,0,Honolulu,HI,1,5,,,,-10.0,"25,49","23,43"
ncaab:401500555,ncaab,2022-12-30T17:00Z,final,221,153,Pitt,North Carolina,76,74,,,,0,,,,,,,,,,2,,0,Pittsburgh,PA,1,233,,,,-5.0,"34,42","40,34"
ncaab:401486969,ncaab,2022-12-30T19:00Z,final,2612,2363,Saint Peter's,Manhattan,67,57,,,,0,,,,,,,,,,2,,0,Jersey City,NJ,1,9,,,,-5.0,"34,33","22,35"
ncaab:401487724,ncaab,2022-12-30T19:00Z,final,104,2426,Boston U,Navy,58,75,,,,0,,,,,,,,,,2,,0,Boston,MA,1,14,,,,-5.0,"28,30","36,39"
ncaab:401491268,ncaab,2022-12-30T19:00Z,final,107,2083,Holy Cross,Bucknell,60,58,,,,0,,,,,,,,,,2,,0,Worcester,MA,1,,,,,,"34,26","22,36"
ncaab:401500554,ncaab,2022-12-30T19:00Z,final,87,2390,Notre Dame,Miami,65,76,,,,0,,,,,,,,,,2,,0,South Bend,IN,1,211,,,,-5.0,"34,31","33,43"
ncaab:401469504,ncaab,2022-12-30T20:00Z,final,288,56,Lipscomb,Stetson,80,86,,,,0,,,,,,,,,,2,,0,Nashville,TN,1,170,,,,-6.0,"32,37,11","31,38,17"
ncaab:401486968,ncaab,2022-12-30T21:00Z,final,2514,2561,Quinnipiac,Siena,76,83,,,,0,,,,,,,,,,2,,0,Hamden,CT,1,31,,,,-5.0,"35,41","31,52"
ncaab:401496880,ncaab,2022-12-30T21:00Z,final,2569,2592,SC State,St Andrews,111,58,,,,0,,,,,,,,,,2,,0,Orangeburg,SC,1,74,,,,-5.0,"62,49","20,38"
ncaab:401500553,ncaab,2022-12-30T21:00Z,final,228,152,Clemson,NC State,78,64,,,,0,,,,,,,,,,2,,0,Clemson,SC,1,221,,,,-5.0,"28,50","21,43"
ncaab:401484858,ncaab,2022-12-30T23:00Z,final,127,2084,Michigan St,Buffalo,89,68,,,,0,,,,,,,,,,2,,0,East Lansing,MI,1,261,,,,-5.0,"41,48","30,38"
ncaab:401490551,ncaab,2022-12-30T23:00Z,final,349,2329,Army,Lehigh,80,78,,,,0,,,,,,,,,,2,,0,West Point,NY,1,,,,,,"48,32","32,46"
ncaab:401496890,ncaab,2022-12-30T23:00Z,final,42,2415,Hartford,Morgan St,54,61,,,,0,,,,,,,,,,2,,0,West Hartford,CT,1,,,,,,"22,32","22,39"
ncaab:401469503,ncaab,2022-12-31T00:00Z,final,55,2453,Jax State,North Alabama,62,66,,,,0,,,,,,,,,,2,,0,Jacksonville,AL,1,216,,,,-6.0,"27,35","33,33"
ncaab:401483225,ncaab,2022-12-31T00:00Z,final,2579,2199,South Carolina,E Michigan,74,64,,,,0,,,,,,,,,,2,,0,Columbia,SC,1,89,,,,-5.0,"40,34","30,34"
ncaab:401483246,ncaab,2022-12-31T00:00Z,final,245,2504,Texas A&M,Prairie View,86,66,,,,0,,,,,,,,,,2,,0,College Station,TX,1,103,,,,-6.0,"53,33","32,34"
ncaab:401483256,ncaab,2022-12-31T00:00Z,final,238,2545,Vanderbilt,SE Louisiana,93,55,,,,0,,,,,,,,,,2,,0,Nashville,TN,1,170,,,,-6.0,"47,46","23,32"
ncaab:401486966,ncaab,2022-12-31T00:00Z,final,2217,2368,Fairfield,Marist,73,54,,,,0,,,,,,,,,,2,,0,Fairfield,CT,1,4,,,,-8.0,"28,45","24,30"
ncaab:401490528,ncaab,2022-12-31T00:00Z,final,322,44,Lafayette,American,47,60,,,,0,,,,,,,,,,2,,0,Easton,PA,1,97,,,,-5.0,"18,29","32,28"
ncaab:401491227,ncaab,2022-12-31T00:00Z,final,2352,2142,Loyola MD,Colgate,67,101,,,,0,,,,,,,,,,2,,0,Baltimore,MD,1,10,,,,-5.0,"29,38","55,46"
ncaab:401493623,ncaab,2022-12-31T00:00Z,final,195,2130,Ohio,Chicago St,76,59,,,,0,,,,,,,,,,2,,0,Athens,OH,1,219,,,,-5.0,"42,34","23,36"
ncaab:401493704,ncaab,2022-12-31T00:00Z,final,2006,2148,Akron,Concord,84,58,,,,0,,,,,,,,,,2,,0,Akron,OH,1,291,,,,-5.0,"31,53","23,35"
ncaab:401470187,ncaab,2022-12-31T01:00Z,final,155,2449,North Dakota,N Dakota St,49,71,,,,0,,,,,,,,,,2,,0,Grand Forks,ND,1,253,,,,-6.0,"20,29","36,35"
ncaab:401483419,ncaab,2022-12-31T01:00Z,final,164,2154,Rutgers,Coppin St,90,57,,,,0,,,,,,,,,,2,,0,Piscataway,NJ,1,30,,,,-5.0,"51,39","27,30"
ncaab:401483427,ncaab,2022-12-31T01:00Z,final,275,2711,Wisconsin,W Michigan,76,66,,,,0,,,,,,,,,,2,,0,Madison,WI,1,267,,,,-6.0,"29,47","27,39"
ncaab:401485353,ncaab,2022-12-31T01:00Z,final,2277,2443,Hou Christian,LSU N Orleans,101,96,,,,0,,,,,,,,,,2,,0,Houston,TX,1,12,,,,-6.0,"39,45,17","43,41,12"
ncaab:401490314,ncaab,2022-12-31T03:00Z,final,264,30,Washington,USC,67,80,,,,0,,,,,,,,,,2,,0,Seattle,WA,1,56,,,,-8.0,"34,33","41,39"
ncaab:401490315,ncaab,2022-12-31T04:00Z,final,265,26,Washington St,UCLA,66,67,,,,0,,,,,,,,,,2,,0,Pullman,WA,1,717,,,,-8.0,"37,29","32,35"
ncaab:401469862,ncaab,2022-12-31T17:00Z,final,111,2619,Northeastern,Stony Brook,61,65,,,,0,,,,,,,,,,2,,0,Boston,MA,1,14,,,,-5.0,"22,39","31,34"
ncaab:401469867,ncaab,2022-12-31T17:00Z,final,119,232,Towson,Charleston,74,76,,,,0,,,,,,,,,,2,,0,Towson,MD,1,,,,,,"25,44,5","35,34,7"
ncaab:401469992,ncaab,2022-12-31T17:00Z,final,2174,270,Detroit Mercy,Milwaukee,81,84,,,,0,,,,,,,,,,2,,0,Detroit,MI,1,183,,,,-5.0,"42,39","44,40"
ncaab:401483169,ncaab,2022-12-31T17:00Z,final,96,97,Kentucky,Louisville,86,63,,,,0,,,,,,,,,,2,,0,Lexington,KY,1,295,,,,-5.0,"45,41","30,33"
ncaab:401485198,ncaab,2022-12-31T17:00Z,final,2752,41,Xavier,UConn,83,73,,,,0,,,,,,,,,,2,,0,Cincinnati,OH,1,191,,,,-5.0,"41,42","42,31"
ncaab:401485199,ncaab,2022-12-31T17:00Z,final,2550,2599,Seton Hall,St John's,88,66,,,,0,,,,,,,,,,2,,0,Newark,NJ,1,9,,,,-5.0,"42,46","37,29"
ncaab:401486967,ncaab,2022-12-31T17:00Z,final,315,116,Niagara,Mount St Marys,67,55,,,,0,,,,,,,,,,2,,0,Niagara Falls,NY,1,187,,,,-5.0,"36,31","27,28"
ncaab:401487479,ncaab,2022-12-31T17:00Z,final,171,43,Columbia,Yale,62,60,,,,0,,,,,,,,,,2,,0,New York,NY,1,10,,,,-5.0,"34,28","20,40"
ncaab:401488232,ncaab,2022-12-31T17:00Z,final,399,160,UAlbany,New Hampshire,51,67,,,,0,,,,,,,,,,2,,0,Albany,NY,1,45,,,,-5.0,"18,33","41,26"
ncaab:401488405,ncaab,2022-12-31T17:00Z,final,59,258,Georgia Tech,Virginia,56,74,,,,0,,,,,,,,,,2,,0,Atlanta,GA,1,320,,,,-5.0,"25,31","36,38"
ncaab:401488406,ncaab,2022-12-31T17:00Z,final,154,259,Wake Forest,Virginia Tech,77,75,,,,0,,,,,,,,,,2,,0,Winston-Salem,NC,1,,,,,,"38,39","38,37"
ncaab:401493379,ncaab,2022-12-31T17:00Z,final,2628,2641,TCU,Texas Tech,67,61,,,,0,,,,,,,,,,2,,0,Fort Worth,TX,1,199,,,,-6.0,"26,41","37,24"
ncaab:401497517,ncaab,2022-12-31T17:00Z,final,161,2114,FDU,Centenary (NJ),99,50,,,,0,,,,,,,,,,2,,0,Hackensack,NJ,1,6,,,,-5.0,"61,38","21,29"
ncaab:401469505,ncaab,2022-12-31T18:00Z,final,526,294,FGCU,Jacksonville,72,65,,,,0,,,,,,,,,,2,,0,Fort Myers,FL,1,3,,,,-5.0,"28,44","40,25"
ncaab:401469866,ncaab,2022-12-31T18:00Z,final,2275,2448,Hofstra,NC A&T,79,81,,,,0,,,,,,,,,,2,,0,Hempstead,NY,1,17,,,,-5.0,"40,39","35,46"
ncaab:401469993,ncaab,2022-12-31T18:00Z,final,2473,2739,Oakland,Green Bay,81,65,,,,0,,,,,,,,,,2,,0,Rochester,MI,1,229,,,,-5.0,"38,43","28,37"
ncaab:401470997,ncaab,2022-12-31T18:00Z,final,112358,2529,Long Island,Sacred Heart,64,82,,,,0,,,,,,,,,,2,,0,Brooklyn,NY,1,15,,,,-5.0,"30,34","41,41"
ncaab:401470998,ncaab,2022-12-31T18:00Z,final,2681,2771,Wagner,Merrimack,48,58,,,,0,,,,,,,,,,2,,0,Staten Island,NY,1,21,,,,-5.0,"20,28","32,26"
ncaab:401470999,ncaab,2022-12-31T18:00Z,final,2115,2597,C Connecticut,St Francis BK,74,52,,,,0,,,,,,,,,,2,,0,New Britain,CT,1,51,,,,-5.0,"29,45","23,29"
ncaab:401479664,ncaab,2022-12-31T18:00Z,final,2678,2193,VMI,ETSU,50,64,,,,0,,,,,,,,,,2,,0,Lexington,VA,1,324,,,,-5.0,"25,25","33,31"
ncaab:401479666,ncaab,2022-12-31T18:00Z,final,2643,2535,The Citadel,Samford,63,75,,,,0,,,,,,,,,,2,,0,Charleston,SC,1,6,,,,-5.0,"25,38","30,45"
ncaab:401484398,ncaab,2022-12-31T18:00Z,final,2184,227,Duquesne,Rhode Island,72,61,,,,0,,,,,,,,,,2,,0,Pittsburgh,PA,1,233,,,,-5.0,"36,36","35,26"
ncaab:401484400,ncaab,2022-12-31T18:00Z,final,2603,139,Saint Joseph's,Saint Louis,78,83,,,,0,,,,,,,,,,2,,0,Philadelphia,PA,1,12,,,,-5.0,"39,39","42,41"
ncaab:401487439,ncaab,2022-12-31T18:00Z,final,163,108,Princeton,Harvard,69,66,,,,0,,,,,,,,,,2,,0,Princeton,NJ,1,62,,,,-5.0,"30,39","31,35"
ncaab:401488230,ncaab,2022-12-31T18:00Z,final,2803,2066,Bryant,Binghamton,82,78,,,,0,,,,,,,,,,2,,0,Smithfield,RI,1,84,,,,-5.0,"40,42","41,37"
ncaab:401488404,ncaab,2022-12-31T18:00Z,final,150,52,Duke,Florida St,86,67,,,,0,,,,,,,,,,2,,0,Durham,NC,1,123,,,,-5.0,"42,44","25,42"
ncaab:401469506,ncaab,2022-12-31T19:00Z,final,2454,2046,North Florida,Austin Peay,90,85,,,,0,,,,,,,,,,2,,0,Jacksonville,FL,1,5,,,,-5.0,"36,38,16","42,32,11"
ncaab:401469508,ncaab,2022-12-31T19:00Z,final,338,2110,Kennesaw St,C Arkansas,82,66,,,,0,,,,,,,,,,2,,0,Kennesaw,GA,1,332,,,,-5.0,"33,49","31,35"
ncaab:401469863,ncaab,2022-12-31T19:00Z,final,350,2261,UNC Wilmington,Hampton,82,65,,,,0,,,,,,,,,,2,,0,Wilmington,NC,1,,,,,,"42,40","32,33"
ncaab:401469864,ncaab,2022-12-31T19:00Z,final,2182,2729,Drexel,William & Mary,66,56,,,,0,,,,,,,,,,2,,0,Philadelphia,PA,1,12,,,,-5.0,"30,36","30,26"
ncaab:401469865,ncaab,2022-12-31T19:00Z,final,48,2210,Delaware,Elon,57,52,,,,0,,,,,,,,,,2,,0,Newark,DE,1,38,,,,-5.0,"31,26","26,26"
ncaab:401469994,ncaab,2022-12-31T19:00Z,final,85,94,IU Indy,N Kentucky,42,55,,,,0,,,,,,,,,,2,,0,Indianapolis,IN,1,218,,,,-5.0,"21,21","29,26"
ncaab:401470189,ncaab,2022-12-31T19:00Z,final,2437,140,Omaha,Kansas City,59,75,,,,0,,,,,,,,,,2,,0,Omaha,NE,1,323,,,,-6.0,"27,32","28,47"
ncaab:401470191,ncaab,2022-12-31T19:00Z,final,233,2710,South Dakota,W Illinois,80,63,,,,0,,,,,,,,,,2,,0,Vermillion,SD,1,,,,,,"36,44","25,38"
ncaab:401470272,ncaab,2022-12-31T19:00Z,final,324,290,Coastal,GA Southern,64,73,,,,0,,,,,,,,,,2,,0,Conway,SC,1,10,,,,-5.0,"36,28","37,36"
ncaab:401470273,ncaab,2022-12-31T19:00Z,final,2247,6,Georgia St,South Alabama,68,58,,,,0,,,,,,,,,,2,,0,Atlanta,GA,1,320,,,,-5.0,"29,39","30,28"
ncaab:401470274,ncaab,2022-12-31T19:00Z,final,276,256,Marshall,James Madison,66,72,,,,0,,,,,,,,,,2,,0,Huntington,WV,1,173,,,,-5.0,"29,37","40,32"
ncaab:401470275,ncaab,2022-12-31T19:00Z,final,295,309,Old Dominion,Louisiana,70,66,,,,0,,,,,,,,,,2,,0,Norfolk,VA,1,2,,,,-5.0,"38,32","24,42"
ncaab:401479662,ncaab,2022-12-31T19:00Z,final,2747,2430,Wofford,UNC Greensboro,64,73,,,,0,,,,,,,,,,2,,0,Spartanburg,SC,1,246,,,,-5.0,"29,35","33,40"
ncaab:401479665,ncaab,2022-12-31T19:00Z,final,2382,236,Mercer,Chattanooga,51,80,,,,0,,,,,,,,,,2,,0,Macon,GA,1,112,,,,-5.0,"22,29","35,45"
ncaab:401480370,ncaab,2022-12-31T19:00Z,final,2097,2344,Campbell,Longwood,42,67,,,,0,,,,,,,,,,2,,0,Buies Creek,NC,1,63,,,,-5.0,"20,22","38,29"
ncaab:401480372,ncaab,2022-12-31T19:00Z,final,2272,2241,High Point,Gardner-Webb,73,80,,,,0,,,,,,,,,,2,,0,High Point,NC,1,281,,,,-5.0,"39,34","38,42"
ncaab:401480373,ncaab,2022-12-31T19:00Z,final,2515,2506,Radford,Presbyterian,69,51,,,,0,,,,,,,,,,2,,0,Radford,VA,1,567,,,,-5.0,"37,32","28,23"
ncaab:401480374,ncaab,2022-12-31T19:00Z,final,2737,2427,Winthrop,UNC Asheville,62,60,,,,0,,,,,,,,,,2,,0,Rock Hill,SC,1,207,,,,-5.0,"25,37","34,26"
ncaab:401481061,ncaab,2022-12-31T19:00Z,final,250,2617,UT Arlington,SF Austin,62,66,,,,0,,,,,,,,,,2,,0,Arlington,TX,1,184,,,,-6.0,"27,35","30,36"
ncaab:401482795,ncaab,2022-12-31T19:00Z,final,328,278,Utah State,Fresno St,67,54,,,,0,,,,,,,,,,2,,0,Logan,UT,1,1382,,,,-7.0,"33,34","26,28"
ncaab:401482796,ncaab,2022-12-31T19:00Z,final,2005,2440,Air Force,Nevada,69,75,,,,0,,,,,,,,,,2,,0,Colorado Springs,CO,1,1832,,,,-7.0,"25,44","36,39"
ncaab:401484394,ncaab,2022-12-31T19:00Z,final,2166,2168,Davidson,Dayton,55,69,,,,0,,,,,,,,,,2,,0,Davidson,NC,1,256,,,,-5.0,"33,22","44,25"
ncaab:401484396,ncaab,2022-12-31T19:00Z,final,2670,2325,VCU,La Salle,80,67,,,,0,,,,,,,,,,2,,0,Richmond,VA,1,64,,,,-5.0,"38,42","36,31"
ncaab:401484397,ncaab,2022-12-31T19:00Z,final,179,113,St Bonaventure,UMass,83,64,,,,0,,,,,,,,,,2,,0,Saint Bonaventure,NY,1,435,,,,-5.0,"43,40","28,36"
ncaab:401484399,ncaab,2022-12-31T19:00Z,final,2244,257,George Mason,Richmond,62,58,,,,0,,,,,,,,,,2,,0,Fairfax,VA,1,131,,,,-5.0,"32,30","32,26"
ncaab:401485200,ncaab,2022-12-31T19:00Z,final,222,269,Villanova,Marquette,66,68,,,,0,,,,,,,,,,2,,0,Villanova,PA,1,,,,,,"44,22","39,29"
ncaab:401486945,ncaab,2022-12-31T19:00Z,final,2429,2348,Charlotte,Louisiana Tech,68,66,,,,0,,,,,,,,,,2,,0,Charlotte,NC,1,229,,,,-5.0,"40,28","32,34"
ncaab:401488231,ncaab,2022-12-31T19:00Z,final,2885,2349,NJIT,UMass Lowell,64,67,,,,0,,,,,,,,,,2,,0,Newark,NJ,1,9,,,,-5.0,"31,33","40,27"
ncaab:401490138,ncaab,2022-12-31T19:00Z,final,71,82,Bradley,UIC,79,45,,,,0,,,,,,,,,,2,,0,Peoria,IL,1,153,,,,-6.0,"39,40","13,32"
ncaab:401490316,ncaab,2022-12-31T19:00Z,final,9,12,Arizona St,Arizona,60,69,,,,0,,,,,,,,,,2,,0,Tempe,AZ,1,,,,,,"28,32","45,24"
ncaab:401492677,ncaab,2022-12-31T19:00Z,final,248,2116,Houston,UCF,71,65,,,,0,,,,,,,,,,2,,0,Houston,TX,1,12,,,,-6.0,"39,32","31,34"
ncaab:401493375,ncaab,2022-12-31T19:00Z,final,2305,197,Kansas,Oklahoma St,69,67,,,,0,,,,,,,,,,2,,0,Lawrence,KS,1,263,,,,-6.0,"30,39","45,22"
ncaab:401493376,ncaab,2022-12-31T19:00Z,final,66,239,Iowa State,Baylor,77,62,,,,0,,,,,,,,,,2,,0,Ames,IA,1,287,,,,-6.0,"34,43","31,31"
ncaab:401493378,ncaab,2022-12-31T19:00Z,final,201,251,Oklahoma,Texas,69,70,,,,0,,,,,,,,,,2,,0,Norman,OK,1,357,,,,-6.0,"35,34","31,39"
ncaab:401500552,ncaab,2022-12-31T19:00Z,final,183,103,Syracuse,Boston College,79,65,,,,0,,,,,,,,,,2,,0,Syracuse,NY,1,,,,,,"36,43","27,38"
ncaab:401469990,ncaab,2022-12-31T19:45Z,final,2754,2870,Youngstown St,Purdue FW,71,76,,,,0,,,,,,,,,,2,,0,Youngstown,OH,1,,,,,,"30,41","38,38"
ncaab:401469991,ncaab,2022-12-31T20:00Z,final,2523,325,Robert Morris,Cleveland St,54,63,,,,0,,,,,,,,,,2,,0,Moon Township,PA,1,358,,,,-5.0,"20,34","28,35"
ncaab:401470188,ncaab,2022-12-31T20:00Z,final,2172,198,Denver,Oral Roberts,62,80,,,,0,,,,,,,,,,2,,0,Denver,CO,1,1609,,,,-7.0,"25,37","29,51"
ncaab:401470190,ncaab,2022-12-31T20:00Z,final,2571,2900,S Dakota St,St Thomas,71,64,,,,0,,,,,,,,,,2,,0,Brookings,SD,1,494,,,,-6.0,"32,39","27,37"
ncaab:401470271,ncaab,2022-12-31T20:00Z,final,2572,2026,Southern Miss,App State,76,70,,,,0,,,,,,,,,,2,,0,Hattiesburg,MS,1,52,,,,-6.0,"30,46","33,37"
ncaab:401470277,ncaab,2022-12-31T20:00Z,final,2032,2433,Arkansas St,UL Monroe,72,84,,,,0,,,,,,,,,,2,,0,Jonesboro,AR,1,99,,,,-6.0,"36,36","47,37"
ncaab:401480371,ncaab,2022-12-31T20:00Z,final,2127,2908,Charleston So,SC Upstate,90,85,,,,0,,,,,,,,,,2,,0,Charleston,SC,1,6,,,,-5.0,"42,48","38,47"
ncaab:401481058,ncaab,2022-12-31T20:00Z,final,253,292,Southern Utah,UT Rio Grande,94,88,,,,0,,,,,,,,,,2,,0,Cedar City,UT,1,1782,,,,-7.0,"36,43,15","40,39,9"
ncaab:401490139,ncaab,2022-12-31T20:00Z,final,2287,2460,Illinois St,Northern Iowa,60,66,,,,0,,,,,,,,,,2,,0,Normal,IL,1,244,,,,-6.0,"25,35","31,35"
ncaab:401492431,ncaab,2022-12-31T20:00Z,final,2099,2520,Canisius,Rider,64,66,,,,0,,,,,,,,,,2,,0,Niagara Falls,NY,1,187,,,,-5.0,"28,36","33,33"
ncaab:401470093,ncaab,2022-12-31T20:30Z,final,2546,2565,SE Missouri,SIUE,82,73,,,,0,,,,,,,,,,2,,0,Cape Girardeau,MO,1,108,,,,-6.0,"37,45","32,41"
ncaab:401485355,ncaab,2022-12-31T20:30Z,final,2466,357,N'Western St,Texas A&M-CC,59,65,,,,0,,,,,,,,,,2,,0,Natchitoches,LA,1,36,,,,-6.0,"24,35","32,33"
ncaab:401469507,ncaab,2022-12-31T21:00Z,final,2198,2511,E Kentucky,Queens,88,83,,,,0,,,,,,,,,,2,,0,Richmond,KY,1,289,,,,-5.0,"41,47","38,45"
ncaab:401469651,ncaab,2022-12-31T21:00Z,final,147,331,Montana St,E Washington,67,70,,,,0,,,,,,,,,,2,,0,Bozeman,MT,1,1468,,,,-7.0,"28,39","33,37"
ncaab:401469652,ncaab,2022-12-31T21:00Z,final,149,70,Montana,Idaho,67,56,,,,0,,,,,,,,,,2,,0,Missoula,MT,1,978,,,,-7.0,"33,34","20,36"
ncaab:401469654,ncaab,2022-12-31T21:00Z,final,2692,2464,Weber St,N Arizona,76,60,,,,0,,,,,,,,,,2,,0,Ogden,UT,1,1311,,,,-7.0,"37,39","30,30"
ncaab:401469746,ncaab,2022-12-31T21:00Z,final,2934,300,Bakersfield,UC Irvine,75,79,,,,0,,,,,,,,,,2,,0,Bakersfield,CA,1,123,,,,-8.0,"39,36","33,46"
ncaab:401470996,ncaab,2022-12-31T21:00Z,final,2598,284,Saint Francis,Stonehill,73,72,,,,0,,,,,,,,,,2,,0,Loretto,PA,1,595,,,,-5.0,"39,34","33,39"
ncaab:401479663,ncaab,2022-12-31T21:00Z,final,2717,231,W Carolina,Furman,79,67,,,,0,,,,,,,,,,2,,0,Cullowhee,NC,1,645,,,,-5.0,"38,41","41,26"
ncaab:401481057,ncaab,2022-12-31T21:00Z,final,3084,3101,Utah Valley,Utah Tech,71,60,,,,0,,,,,,,,,,2,,0,Orem,UT,1,1455,,,,-7.0,"44,27","33,27"
ncaab:401481060,ncaab,2022-12-31T21:00Z,final,2000,2627,Abilene Chrstn,Tarleton St,69,63,,,,0,,,,,,,,,,2,,0,Abilene,TX,1,524,,,,-6.0,"29,40","28,35"
ncaab:401482799,ncaab,2022-12-31T21:00Z,final,36,23,Colorado St,San José St,70,78,,,,0,,,,,,,,,,2,,0,Fort Collins,CO,1,1525,,,,-7.0,"36,34","33,45"
ncaab:401484395,ncaab,2022-12-31T21:00Z,final,2350,45,Loyola Chicago,G Washington,87,97,,,,0,,,,,,,,,,2,,0,Chicago,IL,1,179,,,,-6.0,"37,50","40,57"
ncaab:401487115,ncaab,2022-12-31T21:00Z,final,2638,242,UTEP,Rice,67,72,,,,0,,,,,,,,,,2,,0,El Paso,TX,1,1133,,,,-7.0,"25,37,5","32,30,10"
ncaab:401487138,ncaab,2022-12-31T21:00Z,final,5,2636,UAB,UTSA,90,67,,,,0,,,,,,,,,,2,,0,Birmingham,AL,1,187,,,,-6.0,"52,38","29,38"
ncaab:401489760,ncaab,2022-12-31T21:00Z,final,2393,98,MTSU,Western KY,65,60,,,,0,,,,,,,,,,2,,0,Murfreesboro,TN,1,186,,,,-6.0,"19,46","27,33"
ncaab:401490319,ncaab,2022-12-31T21:00Z,final,24,254,Stanford,Utah,66,71,,,,0,,,,,,,,,,2,,0,Stanford,CA,1,23,,,,-8.0,"23,43","30,41"
ncaab:401490421,ncaab,2022-12-31T21:00Z,final,249,2229,North Texas,FIU,72,57,,,,0,,,,,,,,,,2,,0,Denton,TX,1,201,,,,-6.0,"35,37","20,37"
ncaab:401492678,ncaab,2022-12-31T21:00Z,final,2724,151,Wichita St,East Carolina,69,79,,,,0,,,,,,,,,,2,,0,Wichita,KS,1,,,,,,"35,34","39,40"
ncaab:401482797,ncaab,2022-12-31T21:15Z,final,2751,167,Wyoming,New Mexico,75,76,,,,0,,,,,,,,,,2,,0,Laramie,WY,1,2184,,,,-7.0,"33,42","32,44"
ncaab:401482798,ncaab,2022-12-31T21:15Z,final,2439,21,UNLV,San Diego St,67,76,,,,0,,,,,,,,,,2,,0,Las Vegas,NV,1,610,,,,-8.0,"33,34","44,32"
ncaab:401470089,ncaab,2022-12-31T21:30Z,final,2815,2635,Lindenwood,Tennessee Tech,82,64,,,,0,,,,,,,,,,2,,0,Saint Charles,MO,1,147,,,,-6.0,"45,37","34,30"
ncaab:401470090,ncaab,2022-12-31T21:30Z,final,2634,2031,Tennessee St,Little Rock,94,69,,,,0,,,,,,,,,,2,,0,Nashville,TN,1,170,,,,-6.0,"45,49","26,43"
ncaab:401470091,ncaab,2022-12-31T21:30Z,final,2197,88,E Illinois,S Indiana,91,80,,,,0,,,,,,,,,,2,,0,Charleston,IL,1,204,,,,-6.0,"44,47","33,47"
ncaab:401470092,ncaab,2022-12-31T21:30Z,final,2630,2413,UT Martin,Morehead St,64,57,,,,0,,,,,,,,,,2,,0,Martin,TN,1,124,,,,-6.0,"31,33","33,24"
ncaab:401469655,ncaab,2022-12-31T22:00Z,final,16,2502,Sacramento St,Portland St,74,63,,,,0,,,,,,,,,,2,,0,Sacramento,CA,1,9,,,,-8.0,"26,48","33,30"
ncaab:401470276,ncaab,2022-12-31T22:00Z,final,326,2653,Texas St,Troy,52,55,,,,0,,,,,,,,,,2,,0,San Marcos,TX,1,188,,,,-6.0,"22,30","20,35"
ncaab:401470396,ncaab,2022-12-31T22:00Z,final,2250,2492,Gonzaga,Pepperdine,111,88,,,,0,,,,,,,,,,2,,0,Spokane,WA,1,571,,,,-8.0,"56,55","40,48"
ncaab:401470397,ncaab,2022-12-31T22:00Z,final,279,2351,Pacific,LMU,78,72,,,,0,,,,,,,,,,2,,0,Stockton,CA,1,,,,,,"34,44","29,43"
ncaab:401485354,ncaab,2022-12-31T22:00Z,final,2320,2377,Lamar,McNeese,62,81,,,,0,,,,,,,,,,2,,0,Beaumont,TX,1,5,,,,-6.0,"29,33","43,38"
ncaab:401485356,ncaab,2022-12-31T22:30Z,final,2837,2916,East Texas A&M,Incarnate Word,82,74,,,,0,,,,,,,,,,2,,0,Commerce,TX,1,169,,,,-6.0,"43,27,12","38,32,4"
ncaab:401469747,ncaab,2022-12-31T23:00Z,final,299,27,Long Beach St,UC Riverside,72,73,,,,0,,,,,,,,,,2,,0,Long Beach,CA,1,9,,,,-8.0,"39,33","32,41"
ncaab:401481056,ncaab,2022-12-31T23:00Z,final,2547,2856,Seattle U,CA Baptist,71,65,,,,0,,,,,,,,,,2,,0,Seattle,WA,1,56,,,,-8.0,"37,34","33,32"
ncaab:401481059,ncaab,2022-12-31T23:00Z,final,166,2534,New Mexico St,Sam Houston,62,75,,,,0,,,,,,,,,,2,,0,Las Cruces,NM,1,1191,,,,-7.0,"25,37","38,37"
ncaab:401490317,ncaab,2022-12-31T23:00Z,final,25,38,California,Colorado,80,76,,,,0,,,,,,,,,,2,,0,Berkeley,CA,1,52,,,,-8.0,"39,41","27,49"
