id,league,start,status,home,away,home_name,away_name,home_score,away_score,ml_home,ml_away,odds_time,neutral,ml_home_open,ml_away_open,spread_home,spread_home_odds,spread_away_odds,inj_home,inj_away,sp_home,sp_away,stype,country,intl,city,state,indoor,elev,wx_temp,wx_wind,wx_rain,tzo,ls_home,ls_away,h1_ml_home,h1_ml_away,h1_spread_home,h1_spread_home_odds,h1_spread_away_odds,total,over_odds,under_odds
ncaab:401574609,ncaab,2023-12-01T00:00Z,final,2529,160,Sacred Heart,New Hampshire,84,90,-180,150,,0,-191,157,-3.5,-112,-108,,,,,2,,0,Fairfield,CT,1,4,,,,-8.0,"34,50","48,42",-160,124,-2.5,-113,-112,154.5,-110,-110
ncaab:401577575,ncaab,2023-12-01T00:00Z,final,2275,58,Hofstra,South Florida,82,63,-230,190,,0,-170,140,-5.5,-110,-110,,,,,2,,0,Hempstead,NY,1,17,,,,-5.0,"44,38","23,40",-190,148,-3.0,-112,-112,149.0,-110,-110
ncaab:401579035,ncaab,2023-12-01T00:00Z,final,135,2443,Minnesota,LSU N Orleans,97,64,,,,0,,,,,,,,,,2,,0,Minneapolis,MN,1,253,,,,-6.0,"50,47","32,32",,,,,,,,
ncaab:401582132,ncaab,2023-12-01T00:00Z,final,2154,2378,Coppin St,UMBC,89,70,399,-535,,0,440,-612,9.5,-110,-110,,,,,2,,0,Baltimore,MD,1,10,,,,-5.0,"39,50","35,35",235,-330,5.5,-113,-111,146.0,-111,-109
ncaab:401583614,ncaab,2023-12-01T00:00Z,final,151,350,East Carolina,UNC Wilmington,74,66,110,-130,,0,-105,-115,2.0,-108,-112,,,,,2,,0,Greenville,NC,1,18,,,,-5.0,"29,45","36,30",107,-137,1.5,-110,-115,144.0,-110,-110
ncaab:401586892,ncaab,2023-12-01T00:00Z,final,2230,161,Fordham,FDU,80,52,,,,0,,,,,,,,,,2,,0,Bronx,NY,1,28,,,,-5.0,"37,43","23,29",,,,,,,,
ncaab:401588314,ncaab,2023-12-01T00:00Z,final,2210,2684,Elon,Warren Wilson,127,56,,,,0,,,,,,,,,,2,,0,Elon,NC,1,215,,,,-5.0,"67,60","22,34",,,,,,,,
ncaab:401597432,ncaab,2023-12-01T00:00Z,final,55,6,Jax State,South Alabama,70,52,,,,0,,,,,,,,,,2,,0,Jacksonville,AL,1,216,,,,-6.0,"37,33","23,29",,,,,,,,
ncaab:401597907,ncaab,2023-12-01T00:00Z,final,2344,3111,Longwood,Apprentice,95,46,,,,0,,,,,,,,,,2,,0,Farmville,VA,1,90,,,,-5.0,"52,43","23,23",,,,,,,,
ncaab:401597922,ncaab,2023-12-01T00:00Z,final,2309,2893,Kent State,Shawnee St,103,61,,,,0,,,,,,,,,,2,,0,Kent,OH,1,325,,,,-5.0,"58,45","28,33",,,,,,,,
ncaab:401579103,ncaab,2023-12-01T01:00Z,final,2535,309,Samford,Louisiana,88,65,-154,128,,0,-182,150,-3.0,-110,-110,,,,,2,,0,Homewood,AL,1,203,,,,-6.0,"42,46","26,39",-145,117,-2.0,-107,-117,153.5,-110,-110
ncaab:401581805,ncaab,2023-12-01T01:00Z,final,140,2546,Kansas City,SE Missouri,74,44,,,,0,,,,,,,,,,2,,0,Kansas City,MO,1,274,,,,-6.0,"38,36","17,27",,,,,,,,
ncaab:401584353,ncaab,2023-12-01T01:00Z,final,201,2029,Oklahoma,AR-Pine Bluff,107,86,,,,0,,,,,,,,,,2,,0,Norman,OK,1,357,,,,-6.0,"52,55","34,52",,,,,,,,
ncaab:401587114,ncaab,2023-12-01T01:00Z,final,2453,2635,North Alabama,Tennessee Tech,86,71,-270,220,,0,-400,300,-6.5,-110,-110,,,,,2,,0,Florence,AL,1,167,,,,-6.0,"32,54","38,33",-220,170,-3.5,-110,-115,146.5,-109,-111
ncaab:401593833,ncaab,2023-12-01T01:00Z,final,242,2630,Rice,UT Martin,98,78,,,,0,,,,,,,,,,2,,0,Houston,TX,1,12,,,,-6.0,"47,51","37,41",,,,,,,,
ncaab:401594475,ncaab,2023-12-01T01:00Z,final,2710,533,W Illinois,Han LaGrange,92,40,,,,0,,,,,,,,,,2,,0,Macomb,IL,1,215,,,,-6.0,"46,46","15,25",,,,,,,,
ncaab:401600244,ncaab,2023-12-01T01:00Z,final,2130,2169,Chicago St,Delaware St,69,76,-175,144,,0,-168,136,-4.0,-110,-110,,,,,2,,0,Chicago,IL,1,179,,,,-6.0,"31,38","40,36",-160,124,-2.0,-115,-110,136.5,-110,-112
ncaab:401601814,ncaab,2023-12-01T01:00Z,final,82,2287,UIC,Illinois St,64,69,-260,210,,0,-350,275,-5.5,-110,-110,,,,,2,,0,Chicago,IL,1,179,,,,-6.0,"36,28","30,39",-202,150,-3.5,-106,-120,135.5,-112,-108
ncaab:401574560,ncaab,2023-12-01T02:00Z,final,197,156,Oklahoma St,Creighton,65,79,300,-377,,0,260,-330,8.0,-112,-108,,,,,2,,0,Stillwater,OK,1,273,,,,-6.0,"29,36","47,32",187,-255,4.5,-114,-115,142.5,-110,-110
ncaab:401581175,ncaab,2023-12-01T02:00Z,final,147,2826,Montana St,Rocky Mtn,62,70,,,,0,,,,,,,,,,2,,0,Bozeman,MT,1,1468,,,,-7.0,"30,32","38,32",,,,,,,,
ncaab:401581788,ncaab,2023-12-01T02:00Z,final,2636,2320,UTSA,Lamar,86,83,-168,140,,0,-140,114,-3.5,-110,-110,,,,,2,,0,San Antonio,TX,1,198,,,,-6.0,"44,42","38,45",-160,124,-1.5,-122,-103,160.5,-110,-110
ncaab:401583728,ncaab,2023-12-01T02:00Z,final,251,326,Texas,Texas St,77,58,-3457,1435,,0,-4000,1400,-19.5,-109,-111,,,,,2,,0,Austin,TX,1,149,,,,-6.0,"36,41","26,32",-1348,729,-12.0,-116,-109,135.5,-110,-110
ncaab:401607331,ncaab,2023-12-01T02:00Z,final,254,62,Utah,Hawai'i,79,66,,,,1,,,,,,,,,,2,,0,Salt Lake City,UT,1,1299,,,,-7.0,"39,40","34,32",,,,,,,,
ncaab:401597914,ncaab,2023-12-01T03:00Z,final,204,302,Oregon St,UC Davis,71,59,-142,120,,0,-142,118,-2.5,-110,-110,,,,,2,,0,Corvallis,OR,1,71,,,,-8.0,"27,44","32,27",-140,105,-1.0,-114,-110,139.0,-110,-110
ncaab:401575803,ncaab,2023-12-01T04:00Z,final,26,27,UCLA,UC Riverside,66,65,-4000,1500,,0,-4000,1400,-18.5,-112,-108,,,,,2,,0,Los Angeles,CA,1,89,,,,-8.0,"34,32","32,33",-1043,609,-11.5,-112,-114,128.5,-108,-112
ncaab:401583719,ncaab,2023-12-01T17:00Z,final,2511,128326,Queens,Car Christian,134,69,,,,0,,,,,,,,,,2,,0,Charlotte,NC,1,229,,,,-5.0,"68,66","28,41",,,,,,,,
ncaab:401581765,ncaab,2023-12-01T22:00Z,final,2711,2900,W Michigan,St Thomas,51,65,,,,0,,,,,,,,,,2,,0,Kalamazoo,MI,1,239,,,,-5.0,"14,37","41,24",,,,,,,,
ncaab:401577650,ncaab,2023-12-01T23:00Z,final,2335,232,Liberty,Charleston,67,76,-190,157,,1,-275,220,-4.5,-105,-115,,,,,2,,0,Boca Raton,FL,1,4,,,,-5.0,"33,34","37,39",-175,136,-2.5,-108,-117,145.5,-107,-112
ncaab:401584403,ncaab,2023-12-01T23:00Z,final,349,2951,Army,SUNY Maritime,74,39,,,,0,,,,,,,,,,2,,0,West Point,NY,1,47,,,,-5.0,"38,36","6,33",,,,,,,,
ncaab:401574562,ncaab,2023-12-01T23:30Z,final,2752,248,Xavier,Houston,60,66,300,-380,,0,255,-320,8.5,-110,-110,,,,,2,,0,Cincinnati,OH,1,191,,,,-5.0,"31,29","36,30",210,-290,5.0,-120,-110,139.0,-108,-110
ncaab:401601466,ncaab,2023-12-01T23:30Z,final,2427,3239,UNC Asheville,Johnson Univ,97,51,,,,0,,,,,,,,,,2,,0,Asheville,NC,1,649,,,,-5.0,"44,53","20,31",,,,,,,,
ncaab:401574564,ncaab,2023-12-02T00:00Z,final,277,2599,West Virginia,St John's,73,79,,,,0,,,,,,,,,,2,,0,Morgantown,WV,1,271,,,,-5.0,"36,37","36,43",,,,,,,,
ncaab:401574621,ncaab,2023-12-02T00:00Z,final,2065,2916,Bethune,Incarnate Word,96,82,-115,-105,,0,-104,-118,-0.5,-115,-105,,,,,2,,0,Daytona Beach,FL,1,4,,,,-5.0,"40,56","40,42",-125,-105,-0.5,-113,-111,147.5,-105,-114
ncaab:401576141,ncaab,2023-12-02T00:00Z,final,2670,2450,VCU,Norfolk St,60,63,-1300,760,,0,-1400,760,-12.5,-110,-110,,,,,2,,0,Richmond,VA,1,64,,,,-5.0,"23,37","26,37",-445,310,-7.5,-109,-116,134.5,-110,-114
ncaab:401577661,ncaab,2023-12-02T00:00Z,final,225,2803,Brown,Bryant,66,69,-215,175,,0,-164,134,-4.5,-110,-110,,,,,2,,0,Providence,RI,1,2,,,,-5.0,"36,30","33,36",-190,145,-3.0,-112,-113,150.5,-110,-110
ncaab:401581076,ncaab,2023-12-02T00:00Z,final,2579,45,South Carolina,G Washington,89,67,,,,0,,,,,,,,,,2,,0,Columbia,SC,1,89,,,,-5.0,"42,47","32,35",,,,,,,,
ncaab:401581353,ncaab,2023-12-02T00:00Z,final,2199,285,E Michigan,Lake Superior,68,53,,,,0,,,,,,,,,,2,,0,Ypsilanti,MI,1,219,,,,-5.0,"29,39","29,24",,,,,,,,
ncaab:401594253,ncaab,2023-12-02T00:00Z,final,2099,2514,Canisius,Quinnipiac,93,73,-170,140,,0,-175,145,-3.5,-110,-110,,,,,2,,0,Buffalo,NY,1,183,,,,-5.0,"47,46","33,40",-150,115,-2.0,-111,-114,151.5,-107,-110
ncaab:401594289,ncaab,2023-12-02T00:00Z,final,2217,314,Fairfield,Iona,67,78,184,-225,,0,145,-175,4.5,-110,-110,,,,,2,,0,Fairfield,CT,1,4,,,,-8.0,"31,36","35,43",132,-175,2.5,-107,-117,144.5,-110,-110
ncaab:401594345,ncaab,2023-12-02T00:00Z,final,2363,116,Manhattan,Mount St Marys,75,74,143,-173,,0,115,-140,3.5,-110,-110,,,,,2,,0,Riverdale,NY,1,159,,,,-8.0,"43,26,6","29,40,5",114,-150,1.5,-114,-110,133.5,-110,-110
ncaab:401594361,ncaab,2023-12-02T00:00Z,final,315,2612,Niagara,Saint Peter's,67,72,,,,0,,,,,,,,,,2,,0,Niagara Falls,NY,1,187,,,,-5.0,"35,32","40,32",,,,,,,,
ncaab:401594381,ncaab,2023-12-02T00:00Z,final,2561,2520,Siena,Rider,67,65,145,-173,,0,165,-200,3.5,-111,-109,,,,,2,,0,Albany,NY,1,45,,,,-5.0,"36,31","36,29",114,-145,2.0,-117,-108,133.5,-110,-110
ncaab:401594532,ncaab,2023-12-02T00:00Z,final,61,2382,Georgia,Mercer,80,69,-1400,800,,0,-1700,890,-13.5,-110,-110,,,,,2,,0,Athens,GA,1,228,,,,-5.0,"44,36","31,38",-500,340,-7.5,-115,-110,139.0,-110,-110
ncaab:401594571,ncaab,2023-12-02T00:00Z,final,2430,108807,UNC Greensboro,Will Peace,88,56,,,,0,,,,,,,,,,2,,0,Greensboro,NC,1,266,,,,-5.0,"36,52","22,34",,,,,,,,
ncaab:401600294,ncaab,2023-12-02T00:00Z,final,84,120,Indiana,Maryland,65,53,-130,110,,0,-120,-100,-2.0,-110,-110,,,,,2,,0,Bloomington,IN,1,235,,,,-5.0,"40,25","28,25",-135,105,-1.0,-110,-120,134.5,-115,-112
ncaab:401594613,ncaab,2023-12-02T00:30Z,final,2031,2032,Little Rock,Arkansas St,77,66,-124,103,,0,-133,109,-1.5,-110,-110,,,,,2,,0,Little Rock,AR,1,102,,,,-6.0,"27,50","31,35",-130,-102,-0.5,-115,-110,157.5,-110,-111
ncaab:401584430,ncaab,2023-12-02T01:00Z,final,99,2545,LSU,SE Louisiana,73,66,,,,0,,,,,,,,,,2,,0,Baton Rouge,LA,1,14,,,,-6.0,"39,34","32,34",,,,,,,,
ncaab:401587145,ncaab,2023-12-02T01:00Z,final,2571,119,S Dakota St,Towson,61,48,,,,1,,,,,,,,,,2,,0,Sioux Falls,SD,1,448,,,,-6.0,"27,34","17,31",,,,,,,,
ncaab:401591553,ncaab,2023-12-02T01:00Z,void,2379,2261,MD Eastern,Hampton,,,,,,0,,,,,,,,,,2,,0,Princess Anne,MD,1,5,,,,-5.0,,,,,,,,,,
ncaab:401597421,ncaab,2023-12-02T01:00Z,final,5,2572,UAB,Southern Miss,82,85,-450,350,,0,-450,335,-9.5,-115,-105,,,,,2,,0,Birmingham,AL,1,187,,,,-6.0,"46,36","46,39",-277,205,-5.5,-109,-116,140.5,-110,-110
ncaab:401574561,ncaab,2023-12-02T01:30Z,final,305,66,DePaul,Iowa State,80,99,860,-1600,,0,520,-750,14.5,-110,-110,,,,,2,,0,Chicago,IL,1,179,,,,-6.0,"37,43","41,58",350,-535,7.5,-115,-108,136.5,-110,-105
ncaab:401591571,ncaab,2023-12-02T01:30Z,final,2653,2565,Troy,SIUE,83,60,,,,0,,,,,,,,,,2,,0,Troy,AL,1,165,,,,-6.0,"41,42","31,29",,,,,,,,
ncaab:401574563,ncaab,2023-12-02T02:00Z,final,2305,41,Kansas,UConn,69,65,,,,0,,,,,,,,,,2,,0,Lawrence,KS,1,263,,,,-6.0,"38,31","31,34",,,,,,,,
ncaab:401583842,ncaab,2023-12-02T02:00Z,final,2501,2751,Portland,Wyoming,81,70,-150,125,,0,-145,120,-2.5,-108,-112,,,,,2,,0,Portland,OR,1,12,,,,-8.0,"36,45","31,39",-142,107,-1.0,-112,-112,152.5,-110,-110
ncaab:401593953,ncaab,2023-12-02T02:00Z,final,252,278,BYU,Fresno St,85,56,,,,1,,,,,,,,,,2,,0,Salt Lake City,UT,1,1299,,,,-7.0,"36,49","23,33",,,,,,,,
ncaab:401597401,ncaab,2023-12-02T02:00Z,final,2239,155,Fullerton,North Dakota,64,54,-215,172,,0,-210,170,-5.0,-110,-110,,,,,2,,0,Fullerton,CA,1,50,,,,-8.0,"34,30","21,33",-182,140,-2.5,-114,-110,135.5,-110,-110
ncaab:401600295,ncaab,2023-12-02T02:00Z,final,77,2509,Northwestern,Purdue,92,88,195,-240,,0,310,-400,5.5,-110,-110,,,,,2,,0,Evanston,IL,1,187,,,,-6.0,"32,44,16","40,36,12",144,-184,3.0,-115,-115,135.5,-109,-111
ncaab:401594114,ncaab,2023-12-02T03:00Z,final,28,21,UC San Diego,San Diego St,62,63,735,-1200,,0,720,-1200,14.0,-110,-110,,,,,2,,0,San Diego,CA,1,20,,,,-8.0,"31,31","30,33",325,-500,8.0,-112,-112,139.5,-110,-105
ncaab:401598041,ncaab,2023-12-02T03:30Z,final,68,2608,Boise St,Saint Mary's,63,60,128,-154,,1,165,-200,3.5,-111,-109,,,,,2,,0,Idaho Falls,ID,1,1434,,,,-7.0,"34,29","24,36",120,-152,1.5,-112,-112,130.0,-109,-110
ncaab:401587643,ncaab,2023-12-02T17:00Z,final,85,94,IU Indy,N Kentucky,55,71,400,-550,,0,300,-385,10.0,-110,-110,,,,,2,,0,Indianapolis,IN,1,218,,,,-5.0,"25,30","26,45",260,-355,5.5,-111,-113,138.0,-108,-112
ncaab:401594483,ncaab,2023-12-02T17:00Z,final,213,2083,Penn State,Bucknell,67,76,-10000,2200,,0,-4500,1600,-22.5,-112,-108,,,,,2,,0,University Park,PA,1,348,,,,-5.0,"33,34","27,49",-1386,730,-13.0,-120,-106,143.5,-110,-110
ncaab:401604091,ncaab,2023-12-02T17:00Z,final,2390,87,Miami,Notre Dame,62,49,-1323,808,,0,-2000,980,-14.5,-109,-111,,,,,2,,0,Coral Gables,FL,1,3,,,,-5.0,"33,29","26,23",-500,335,-7.5,-115,-110,143.0,-110,-110
ncaab:401604093,ncaab,2023-12-02T17:00Z,final,258,183,Virginia,Syracuse,84,62,-720,500,,0,-490,365,-10.5,-112,-108,,,,,2,,0,Charlottesville,VA,1,142,,,,-5.0,"37,47","24,38",-367,260,-6.0,-115,-115,128.0,-110,-112
ncaab:401577601,ncaab,2023-12-02T17:30Z,final,275,269,Wisconsin,Marquette,75,64,130,-160,,0,112,-134,3.0,-108,-112,,,,,2,,0,Madison,WI,1,267,,,,-6.0,"46,29","33,31",114,-147,1.5,-115,-115,139.5,-115,-108
ncaab:401575396,ncaab,2023-12-02T18:00Z,final,2678,2506,VMI,Presbyterian,71,75,115,-140,,0,122,-150,2.0,-110,-110,,,,,2,,0,Lexington,VA,1,324,,,,-5.0,"32,39","36,39",105,-135,1.0,-112,-114,152.5,-110,-110
ncaab:401577576,ncaab,2023-12-02T18:00Z,final,113,58,UMass,South Florida,66,56,,,,0,,,,,,,,,,2,,0,Amherst,MA,1,82,,,,-5.0,"30,36","23,33",,,,,,,,
ncaab:401582133,ncaab,2023-12-02T18:00Z,final,2378,2329,UMBC,Lehigh,92,87,110,-125,,0,-120,-100,2.0,-110,-110,,,,,2,,0,Baltimore,MD,1,10,,,,-5.0,"45,47","40,47",-103,-122,0.5,-115,-110,164.5,-110,-110
ncaab:401592103,ncaab,2023-12-02T18:00Z,final,2115,107,C Connecticut,Holy Cross,78,67,,,,0,,,,,,,,,,2,,0,New Britain,CT,1,51,,,,-5.0,"36,42","28,39",,,,,,,,
ncaab:401593914,ncaab,2023-12-02T18:00Z,final,338,2247,Kennesaw St,Georgia St,88,77,-138,115,,0,-130,108,-2.0,-110,-110,,,,,2,,0,Kennesaw,GA,1,332,,,,-5.0,"43,45","32,45",-134,107,-1.0,-117,-108,161.5,-110,-104
ncaab:401574598,ncaab,2023-12-02T19:00Z,final,284,2066,Stonehill,Binghamton,64,79,122,-146,,0,142,-176,3.0,-111,-109,,,,,2,,0,South Easton,MA,1,33,,,,-5.0,"26,38","32,47",-100,-130,1.5,-116,-109,147.0,-110,-110
ncaab:401575420,ncaab,2023-12-02T19:00Z,final,2084,179,Buffalo,St Bonaventure,65,80,,,,0,,,,,,,,,,2,,0,Buffalo,NY,1,183,,,,-5.0,"21,44","39,41",,,,,,,,
ncaab:401577534,ncaab,2023-12-02T19:00Z,final,2168,2755,Dayton,Grambling,76,46,-8000,1800,,0,-8890,2096,-21.5,-110,-110,,,,,2,,0,Dayton,OH,1,225,,,,-5.0,"40,36","16,30",-1450,750,-13.0,-115,-110,133.5,-110,-108
ncaab:401577720,ncaab,2023-12-02T19:00Z,final,2529,104,Sacred Heart,Boston U,49,70,-355,280,,0,-400,300,-7.5,-115,-105,,,,,2,,0,Fairfield,CT,1,4,,,,-8.0,"25,24","26,44",-250,190,-4.5,-112,-114,144.5,-111,-110
ncaab:401581729,ncaab,2023-12-02T19:00Z,final,2448,2643,NC A&T,The Citadel,68,85,,,,0,,,,,,,,,,2,,0,Greensboro,NC,1,266,,,,-5.0,"36,32","40,45",,,,,,,,
ncaab:401581859,ncaab,2023-12-02T19:00Z,final,111,295,Northeastern,Old Dominion,81,68,-126,105,,0,-140,114,-2.0,-109,-111,,,,,2,,0,Boston,MA,1,14,,,,-5.0,"40,41","33,35",-142,110,-1.0,-110,-114,137.5,-114,-112
ncaab:401583603,ncaab,2023-12-02T19:00Z,final,145,235,Ole Miss,Memphis,80,77,-110,-110,,0,104,-125,-1.0,-110,-110,,,,,2,,0,Oxford,MS,1,154,,,,-6.0,"30,50","37,40",-112,-115,-0.5,-102,-120,137.0,-115,-110
ncaab:401584342,ncaab,2023-12-02T19:00Z,final,2454,2272,North Florida,High Point,79,86,155,-186,,0,134,-164,4.5,-109,-111,,,,,2,,0,Jacksonville,FL,1,5,,,,-5.0,"40,39","37,49",130,-166,2.5,-115,-110,155.5,-111,-109
ncaab:401587115,ncaab,2023-12-02T19:00Z,final,2306,2453,Kansas St,North Alabama,75,74,-4000,1400,,0,-2300,1060,-18.5,-110,-110,,,,,2,,0,Manhattan,KS,1,311,,,,-6.0,"23,42,10","31,34,9",-1062,624,-10.5,-110,-114,156.5,-110,-110
ncaab:401587169,ncaab,2023-12-02T19:00Z,final,163,231,Princeton,Furman,70,69,-300,240,,0,-365,285,-7.0,-115,-105,,,,,2,,0,Princeton,NJ,1,62,,,,-5.0,"27,43","28,41",-238,184,-4.0,-115,-110,151.5,-110,-110
ncaab:401587200,ncaab,2023-12-02T19:00Z,final,195,48,Ohio,Delaware,74,73,-410,320,,0,-352,265,-8.0,-112,-108,,,,,2,,0,Athens,OH,1,219,,,,-5.0,"28,46","36,37",-260,190,-4.5,-115,-108,151.5,-110,-110
ncaab:401587644,ncaab,2023-12-02T19:00Z,final,2523,2754,Robert Morris,Youngstown St,57,71,154,-190,,0,135,-164,4.0,-110,-110,,,,,2,,0,Moon Township,PA,1,358,,,,-5.0,"28,29","30,41",132,-172,2.5,-117,-108,144.5,-115,-110
ncaab:401588601,ncaab,2023-12-02T19:00Z,final,2050,91,Ball State,Bellarmine,67,58,-124,102,,0,-128,104,-1.5,-110,-110,,,,,2,,0,Muncie,IN,1,284,,,,-5.0,"40,27","28,30",-130,-100,-0.5,-105,-117,134.5,-110,-110
ncaab:401589382,ncaab,2023-12-02T19:00Z,final,44,2598,American,Saint Francis,73,75,,,,0,,,,,,,,,,2,,0,Washington,DC,1,7,,,,-5.0,"40,33","29,46",,,,,,,,
ncaab:401596810,ncaab,2023-12-02T19:00Z,final,2097,2896,Campbell,S Virginia,87,56,,,,0,,,,,,,,,,2,,0,Buies Creek,NC,1,63,,,,-5.0,"50,37","28,28",,,,,,,,
ncaab:401598577,ncaab,2023-12-02T19:00Z,final,322,172,Lafayette,Cornell,71,79,375,-500,,0,470,-700,9.5,-106,-114,,,,,2,,0,Easton,PA,1,97,,,,-5.0,"35,36","41,38",230,-315,5.5,-112,-112,147.5,-110,-110
ncaab:401601815,ncaab,2023-12-02T19:00Z,final,71,282,Bradley,Indiana St,77,85,-155,130,,0,-141,117,-3.0,-110,-110,,,,,2,,0,Peoria,IL,1,153,,,,-6.0,"30,47","49,36",-145,114,-1.5,-110,-114,150.0,-110,-110
ncaab:401601816,ncaab,2023-12-02T19:00Z,final,2057,2674,Belmont,Valparaiso,77,68,-2247,1040,,0,-1600,820,-15.5,-110,-110,,,,,2,,0,Nashville,TN,1,170,,,,-6.0,"43,34","34,34",-658,412,-9.5,-107,-116,157.0,-110,-110
ncaab:401601818,ncaab,2023-12-02T19:00Z,final,339,2460,Evansville,Northern Iowa,91,89,140,-170,,0,115,-141,3.5,-110,-110,,,,,2,,0,Evansville,IN,1,118,,,,-6.0,"34,44,13","37,41,11",117,-150,2.0,-112,-112,143.5,-109,-111
ncaab:401602609,ncaab,2023-12-02T19:00Z,final,249,2400,North Texas,Miss Valley St,79,48,,,,0,,,,,,,,,,2,,0,Denton,TX,1,201,,,,-6.0,"41,38","28,20",,,,,,,,
ncaab:401604092,ncaab,2023-12-02T19:00Z,final,153,52,North Carolina,Florida St,78,70,-899,600,,0,-820,550,-12.5,-110,-110,,,,,2,,0,Chapel Hill,NC,1,148,,,,-5.0,"29,49","35,35",-490,341,-7.5,-110,-114,157.5,-110,-110
ncaab:401604303,ncaab,2023-12-02T19:00Z,final,222,2182,Villanova,Drexel,55,57,-750,512,,1,-1250,740,-11.0,-112,-107,,,,,2,,0,Philadelphia,PA,1,12,,,,-5.0,"25,30","26,31",-400,290,-6.0,-110,-120,127.5,-110,-110
ncaab:401604090,ncaab,2023-12-02T19:15Z,final,59,150,Georgia Tech,Duke,72,68,590,-899,,0,680,-1100,12.5,-110,-110,,,,,2,,0,Atlanta,GA,1,320,,,,-5.0,"35,37","31,37",310,-450,7.5,-115,-105,148.5,-110,-110
ncaab:401579009,ncaab,2023-12-02T20:00Z,final,2377,2630,McNeese,UT Martin,91,80,,,,0,,,,,,,,,,2,,0,Lake Charles,LA,1,4,,,,-6.0,"49,42","36,44",,,,,,,,
ncaab:401584439,ncaab,2023-12-02T20:00Z,final,2348,2447,Louisiana Tech,Nicholls,68,55,-1350,800,,0,-2200,980,-14.0,-110,-110,,,,,2,,0,Ruston,LA,1,102,,,,-6.0,"35,33","27,28",-475,325,-8.0,-115,-115,142.5,-108,-110
ncaab:401587238,ncaab,2023-12-02T20:00Z,final,2197,112686,E Illinois,UHSP,112,50,,,,0,,,,,,,,,,2,,0,Charleston,IL,1,204,,,,-6.0,"60,52","28,22",,,,,,,,
ncaab:401587640,ncaab,2023-12-02T20:00Z,final,2473,2870,Oakland,Purdue FW,77,98,-250,198,,0,-352,265,-5.0,-110,-110,,,,,2,,0,Rochester,MI,1,229,,,,-5.0,"39,38","46,52",-202,152,-3.0,-110,-120,148.5,-110,-110
ncaab:401587641,ncaab,2023-12-02T20:00Z,final,325,2174,Cleveland St,Detroit Mercy,69,58,-697,485,,0,-697,456,-11.0,-111,-109,,,,,2,,0,Cleveland,OH,1,199,,,,-5.0,"30,39","22,36",-385,270,-6.5,-114,-110,141.0,-109,-111
ncaab:401589373,ncaab,2023-12-02T20:00Z,final,2166,2750,Davidson,Wright St,82,73,-175,145,,0,-166,138,-3.5,-118,-104,,,,,2,,0,Davidson,NC,1,256,,,,-5.0,"43,39","39,34",-155,120,-2.0,-114,-112,153.5,-114,-110
ncaab:401590922,ncaab,2023-12-02T20:00Z,final,2428,2908,NC Central,SC Upstate,82,85,,,,0,,,,,,,,,,2,,0,Durham,NC,1,123,,,,-5.0,"39,43","46,39",,,,,,,,
ncaab:401594595,ncaab,2023-12-02T20:00Z,final,2172,2144,Denver,Colorado Coll,90,66,,,,0,,,,,,,,,,2,,0,Denver,CO,1,1609,,,,-7.0,"46,44","30,36",,,,,,,,
ncaab:401594620,ncaab,2023-12-02T20:00Z,final,290,294,GA Southern,Jacksonville,79,81,,,,0,,,,,,,,,,2,,0,Statesboro,GA,1,77,,,,-5.0,"39,40","40,41",,,,,,,,
ncaab:401598634,ncaab,2023-12-02T20:00Z,final,12,2142,Arizona,Colgate,82,55,-8000,2000,,0,-7000,2000,-23.5,-110,-110,,,,,2,,0,Tucson,AZ,1,759,,,,-7.0,"35,47","30,25",-1684,827,-13.5,-111,-113,154.5,-110,-110
ncaab:401602185,ncaab,2023-12-02T20:00Z,final,149,23,Montana,San José St,75,58,-152,126,,0,-141,115,-2.5,-112,-109,,,,,2,,0,Missoula,MT,1,978,,,,-7.0,"36,39","24,34",-157,130,-2.5,-112,-112,135.0,-110,-112
ncaab:401577630,ncaab,2023-12-02T20:30Z,final,2483,130,Oregon,Michigan,86,83,-150,125,,0,-142,118,-2.5,-110,-110,,,,,2,,0,Eugene,OR,1,131,,,,-8.0,"38,35,13","35,38,10",-140,107,-1.5,-106,-120,149.0,-110,-110
ncaab:401587229,ncaab,2023-12-02T20:30Z,final,2885,161,NJIT,FDU,68,71,,,,0,,,,,,,,,,2,,0,Newark,NJ,1,9,,,,-5.0,"46,22","39,32",,,,,,,,
ncaab:401589465,ncaab,2023-12-02T20:30Z,final,2619,2681,Stony Brook,Wagner,59,60,-340,270,,0,-300,235,-7.5,-110,-110,,,,,2,,0,Stony Brook,NY,1,27,,,,-5.0,"34,25","21,39",-260,195,-4.5,-109,-116,127.5,-110,-110
ncaab:401597406,ncaab,2023-12-02T20:30Z,final,79,139,S Illinois,Saint Louis,101,62,,,,0,,,,,,,,,,2,,0,Carbondale,IL,1,126,,,,-6.0,"42,59","27,35",,,,,,,,
ncaab:401575409,ncaab,2023-12-02T21:00Z,final,2464,279,N Arizona,Pacific,78,58,-225,184,,0,-205,166,-5.5,-112,-108,,,,,2,,0,Flagstaff,AZ,1,2104,,,,-7.0,"36,42","22,36",-167,127,-2.5,-116,-109,147.0,-108,-110
ncaab:401575464,ncaab,2023-12-02T21:00Z,final,2116,288,UCF,Lipscomb,72,57,-580,430,,0,-610,440,-10.5,-110,-110,,,,,2,,0,Orlando,FL,1,30,,,,-5.0,"39,33","23,34",-350,260,-5.5,-120,-106,150.0,-110,-110
ncaab:401581742,ncaab,2023-12-02T21:00Z,final,2350,108,Loyola Chicago,Harvard,75,53,-250,200,,0,-273,217,-6.0,-110,-110,,,,,2,,0,Chicago,IL,1,179,,,,-6.0,"42,33","24,29",-200,152,-3.5,-110,-114,143.5,-110,-110
ncaab:401588600,ncaab,2023-12-02T21:00Z,final,88,189,S Indiana,Bowling Green,52,54,,,,0,,,,,,,,,,2,,0,Evansville,IN,1,118,,,,-6.0,"28,24","21,33",,,,,,,,
ncaab:401588945,ncaab,2023-12-02T21:00Z,final,96,350,Kentucky,UNC Wilmington,73,80,-2500,1200,,0,-3000,1200,-18.0,-110,-110,,,,,2,,0,Lexington,KY,1,295,,,,-5.0,"33,40","41,39",-920,550,-10.5,-115,-111,151.5,-110,-110
ncaab:401594015,ncaab,2023-12-02T21:00Z,final,2458,2463,N Colorado,CSU Northridge,75,71,,,,0,,,,,,,,,,2,,0,Greeley,CO,1,1425,,,,-7.0,"33,42","36,35",,,,,,,,
ncaab:401600058,ncaab,2023-12-02T21:00Z,final,324,2737,Coastal,Winthrop,87,90,185,-225,,0,154,-192,5.0,-108,-112,,,,,2,,0,Conway,SC,1,10,,,,-5.0,"36,51","47,43",130,-166,2.5,-116,-109,147.0,-110,-110
ncaab:401600296,ncaab,2023-12-02T21:00Z,final,164,356,Rutgers,Illinois,58,76,-125,105,,0,-108,-111,-1.5,-110,-110,,,,,2,,0,Piscataway,NJ,1,30,,,,-5.0,"36,22","41,35",-125,-104,-0.5,-108,-112,137.5,-110,-105
ncaab:401601817,ncaab,2023-12-02T21:00Z,final,2181,2623,Drake,Missouri St,74,57,-325,250,,0,-295,235,-7.5,-110,-110,,,,,2,,0,Des Moines,IA,1,266,,,,-6.0,"36,38","25,32",-235,175,-4.0,-112,-113,146.0,-110,-110
ncaab:401604089,ncaab,2023-12-02T21:00Z,final,103,152,Boston College,NC State,78,84,,,,0,,,,,,,,,,2,,0,Chestnut Hill,MA,1,60,,,,-5.0,"33,35,10","36,32,16",,,,,,,,
ncaab:401604302,ncaab,2023-12-02T21:45Z,final,2325,219,La Salle,Penn,93,92,,,,1,,,,,,,,,,2,,0,Philadelphia,PA,1,12,,,,-5.0,"41,41,11","40,42,10",,,,,,,,
ncaab:401574050,ncaab,2023-12-02T22:00Z,final,2627,292,Tarleton St,UT Rio Grande,77,75,,,,0,,,,,,,,,,2,,0,Stephenville,TX,1,388,,,,-6.0,"37,40","40,35",,,,,,,,
ncaab:401580931,ncaab,2023-12-02T22:00Z,final,265,2502,Washington St,Portland St,71,61,-1100,700,,0,-824,560,-13.0,-110,-110,,,,,2,,0,Pullman,WA,1,717,,,,-8.0,"31,40","31,30",-450,310,-7.5,-115,-111,142.0,-110,-112
ncaab:401583740,ncaab,2023-12-02T22:00Z,final,70,13,Idaho,Cal Poly,85,70,-172,142,,0,-120,-101,-3.5,-110,-110,,,,,2,,0,Moscow,ID,1,786,,,,-8.0,"43,42","30,40",-160,122,-2.0,-117,-108,130.5,-110,-110
ncaab:401593834,ncaab,2023-12-02T22:00Z,final,242,2277,Rice,Hou Christian,65,56,,,,0,,,,,,,,,,2,,0,Houston,TX,1,12,,,,-6.0,"29,36","31,25",,,,,,,,
ncaab:401594506,ncaab,2023-12-02T22:00Z,final,2352,2169,Loyola MD,Delaware St,73,79,-218,180,,0,-192,154,-5.0,-110,-110,,,,,2,,0,Baltimore,MD,1,10,,,,-5.0,"34,29,10","37,26,16",-180,140,-2.5,-113,-111,135.0,-112,-108
ncaab:401594553,ncaab,2023-12-02T22:00Z,final,238,2010,Vanderbilt,Alabama A&M,78,59,-8929,2200,,0,-2200,980,-18.5,-110,-110,,,,,2,,0,Nashville,TN,1,170,,,,-6.0,"36,42","29,30",-920,550,-11.0,-110,-115,146.5,-105,-112
ncaab:401574565,ncaab,2023-12-02T22:30Z,final,46,2628,Georgetown,TCU,83,84,387,-517,,0,520,-750,10.0,-109,-111,,,,,2,,0,Washington,DC,1,7,,,,-5.0,"36,47","44,40",230,-320,5.5,-120,-110,151.5,-110,-110
ncaab:401597897,ncaab,2023-12-02T22:30Z,final,2127,2569,Charleston So,SC State,66,64,,,,0,,,,,,,,,,2,,0,Charleston,SC,1,6,,,,-5.0,"27,39","32,32",,,,,,,,
ncaab:401574046,ncaab,2023-12-02T23:00Z,final,2547,253,Seattle U,Southern Utah,73,63,-1050,630,,0,-850,540,-13.0,-108,-112,,,,,2,,0,Seattle,WA,1,56,,,,-8.0,"36,37","27,36",-437,290,-7.0,-117,-108,147.0,-110,-110
ncaab:401574049,ncaab,2023-12-02T23:00Z,final,2000,2617,Abilene Chrstn,SF Austin,74,79,,,,0,,,,,,,,,,2,,0,Abilene,TX,1,524,,,,-6.0,"32,34,8","27,39,13",,,,,,,,
ncaab:401576638,ncaab,2023-12-02T23:00Z,final,2229,112358,FIU,Long Island,74,59,,,,0,,,,,,,,,,2,,0,Miami,FL,1,2,,,,-5.0,"31,43","24,35",,,,,,,,
ncaab:401577651,ncaab,2023-12-02T23:00Z,final,2226,232,FAU,Charleston,90,74,,,,0,,,,,,,,,,2,,0,Boca Raton,FL,1,4,,,,-5.0,"40,50","46,28",,,,,,,,
ncaab:401593792,ncaab,2023-12-02T23:00Z,final,257,2729,Richmond,William & Mary,88,69,-2100,1100,,0,-1600,820,-15.5,-110,-110,,,,,2,,0,Richmond,VA,1,64,,,,-5.0,"48,40","32,37",-635,400,-8.5,-116,-109,143.0,-110,-110
ncaab:401602358,ncaab,2023-12-02T23:00Z,final,239,2466,Baylor,N'Western St,91,40,,,,0,,,,,,,,,,2,,0,Waco,TX,1,143,,,,-6.0,"40,51","14,26",,,,,,,,
ncaab:401577693,ncaab,2023-12-03T00:00Z,final,2649,2244,Toledo,George Mason,77,86,-192,160,,0,-144,119,-3.5,-110,-110,,,,,2,,0,Toledo,OH,1,186,,,,-5.0,"35,42","40,46",-163,125,-2.5,-108,-117,145.5,-106,-114
ncaab:401579115,ncaab,2023-12-03T00:00Z,final,25,2541,California,Santa Clara,84,69,120,-142,,0,-115,-105,2.5,-110,-110,,,,,2,,0,Berkeley,CA,1,52,,,,-8.0,"45,39","31,38",102,-135,1.5,-114,-112,150.5,-106,-110
ncaab:401581778,ncaab,2023-12-03T00:00Z,final,36,264,Colorado St,Washington,86,81,,,,1,,,,,,,,,,2,,0,Las Vegas,NV,1,610,,,,-8.0,"41,45","44,37",,,,,,,,
ncaab:401581848,ncaab,2023-12-03T00:00Z,final,276,193,Marshall,Miami OH,74,79,-700,475,,0,-530,390,-10.5,-110,-110,,,,,2,,0,Huntington,WV,1,173,,,,-5.0,"24,50","32,47",-385,275,-6.5,-110,-115,155.5,-115,-105
ncaab:401582022,ncaab,2023-12-03T00:00Z,final,2771,2349,Merrimack,UMass Lowell,74,68,200,-247,,0,235,-300,6.0,-111,-109,,,,,2,,0,North Andover,MA,1,29,,,,-5.0,"32,42","28,40",145,-190,2.5,-107,-119,136.5,-111,-109
ncaab:401583806,ncaab,2023-12-03T00:00Z,final,2241,2717,Gardner-Webb,W Carolina,82,77,,,,0,,,,,,,,,,2,,0,Boiling Springs,NC,1,269,,,,-5.0,"30,52","37,40",,,,,,,,
ncaab:401587188,ncaab,2023-12-03T00:00Z,final,261,43,Vermont,Yale,66,65,-134,110,,0,-128,104,-1.5,-115,-105,,,,,2,,0,Burlington,VT,1,61,,,,-5.0,"28,38","26,39",-140,110,-1.0,-117,-108,137.5,-105,-112
ncaab:401587642,ncaab,2023-12-03T00:00Z,final,2739,270,Green Bay,Milwaukee,70,58,116,-142,,0,118,-144,3.0,-110,-110,,,,,2,,0,Ashwaubenon,WI,1,185,,,,-6.0,"39,31","25,33",107,-140,1.5,-117,-107,141.5,-110,-110
ncaab:401594053,ncaab,2023-12-03T00:00Z,final,299,16,Long Beach St,Sacramento St,83,73,-800,520,,0,-620,430,-11.5,-110,-112,,,,,2,,0,Long Beach,CA,1,9,,,,-8.0,"43,40","39,34",-387,275,-6.5,-112,-112,152.5,-108,-110
ncaab:401594466,ncaab,2023-12-03T00:00Z,final,2634,2046,Tennessee St,Austin Peay,69,65,-250,198,,0,-225,184,-5.5,-108,-112,,,,,2,,0,Nashville,TN,1,170,,,,-6.0,"32,37","42,23",-200,154,-3.0,-115,-115,139.5,-110,-110
ncaab:401581161,ncaab,2023-12-03T00:30Z,final,2507,227,Providence,Rhode Island,84,69,-1100,680,,0,-1700,890,-13.5,-112,-108,,,,,2,,0,Providence,RI,1,2,,,,-5.0,"35,49","32,37",-535,365,-7.5,-125,-105,141.0,-110,-112
ncaab:401587152,ncaab,2023-12-03T00:30Z,final,2393,2747,MTSU,Wofford,64,74,,,,0,,,,,,,,,,2,,0,Murfreesboro,TN,1,186,,,,-6.0,"27,35,2","28,34,12",,,,,,,,
ncaab:401604301,ncaab,2023-12-03T00:30Z,final,2603,218,Saint Joseph's,Temple,74,65,-215,175,,1,-225,184,-5.0,-110,-110,,,,,2,,0,Philadelphia,PA,1,12,,,,-5.0,"34,40","23,42",-175,135,-2.5,-111,-113,148.5,-110,-110
ncaab:401574047,ncaab,2023-12-03T01:00Z,final,2253,250,Grand Canyon,UT Arlington,76,69,,,,0,,,,,,,,,,2,,0,Phoenix,AZ,1,331,,,,-7.0,"37,39","41,28",,,,,,,,
ncaab:401582144,ncaab,2023-12-03T01:00Z,final,399,159,UAlbany,Dartmouth,73,68,,,,0,,,,,,,,,,2,,0,Albany,NY,1,45,,,,-5.0,"36,37","35,33",,,,,,,,
ncaab:401587245,ncaab,2023-12-03T01:00Z,final,304,2815,Idaho St,Lindenwood,76,70,-410,310,,0,-480,350,-8.5,-108,-112,,,,,2,,0,Pocatello,ID,1,1360,,,,-7.0,"33,43","31,39",-307,230,-5.0,-113,-112,132.0,-110,-110
ncaab:401594604,ncaab,2023-12-03T01:00Z,final,198,202,Oral Roberts,Tulsa,79,70,-188,152,,0,-205,166,-4.5,-110,-110,,,,,2,,0,Tulsa,OK,1,220,,,,-6.0,"36,43","39,31",-177,137,-2.0,-116,-109,148.5,-108,-112
ncaab:401574048,ncaab,2023-12-03T02:00Z,final,3101,3084,Utah Tech,Utah Valley,65,53,-105,-115,,0,-104,-118,1.0,-111,-109,,,,,2,,0,St. George,UT,1,823,,,,-7.0,"23,42","22,31",-110,-120,0.0,-110,-115,140.5,-115,-110
ncaab:401597413,ncaab,2023-12-03T02:00Z,final,328,300,Utah State,UC Irvine,79,69,-275,220,,0,-230,186,-6.5,-110,-110,,,,,2,,0,Logan,UT,1,1382,,,,-7.0,"42,37","41,28",-202,155,-3.0,-112,-112,137.5,-110,-110
ncaab:401604279,ncaab,2023-12-03T02:00Z,final,167,166,New Mexico,New Mexico St,106,62,-2642,1146,,0,-2200,980,-17.5,-110,-110,,,,,2,,0,Albuquerque,NM,1,1511,,,,-7.0,"55,51","32,30",-1020,575,-10.5,-107,-117,153.0,-112,-107
ncaab:401590817,ncaab,2023-12-03T03:00Z,final,2440,2351,Nevada,LMU,73,59,,,,0,,,,,,,,,,2,,0,Reno,NV,1,1373,,,,-8.0,"38,35","26,33",,,,,,,,
ncaab:401603832,ncaab,2023-12-03T03:00Z,final,30,2250,USC,Gonzaga,76,89,136,-162,,1,140,-170,3.5,-110,-110,,,,,2,,0,Las Vegas,NV,1,610,,,,-8.0,"37,39","44,45",120,-152,1.5,-115,-110,153.5,-108,-108
ncaab:401574610,ncaab,2023-12-03T17:00Z,final,160,171,New Hampshire,Columbia,80,71,-182,152,,0,-178,146,-4.5,-109,-111,,,,,2,,0,Durham,NH,1,15,,,,-5.0,"28,52","35,36",-169,134,-2.5,-115,-111,152.0,-109,-111
ncaab:401577567,ncaab,2023-12-03T17:00Z,final,311,225,Maine,Brown,60,49,-110,-110,,0,-126,105,-1.0,-105,-115,,,,,2,,0,Orono,ME,1,38,,,,-5.0,"37,23","23,26",-117,-108,-0.5,-104,-121,137.0,-112,-108
ncaab:401581830,ncaab,2023-12-03T18:00Z,final,2026,2,App State,Auburn,69,64,,,,0,,,,,,,,,,2,,0,Boone,NC,1,981,,,,-5.0,"33,36","31,33",,,,,,,,
ncaab:401581840,ncaab,2023-12-03T18:00Z,final,256,108860,James Madison,Keystone,130,59,,,,0,,,,,,,,,,2,,0,Harrisonburg,VA,1,404,,,,-5.0,"63,67","30,29",,,,,,,,
ncaab:401586893,ncaab,2023-12-03T18:00Z,final,2230,2655,Fordham,Tulane,81,89,130,-156,,0,116,-140,3.0,-110,-110,,,,,2,,0,Bronx,NY,1,28,,,,-5.0,"41,40","43,46",115,-150,1.5,-104,-121,155.5,-110,-108
ncaab:401593872,ncaab,2023-12-03T18:00Z,final,2132,526,Cincinnati,FGCU,99,62,,,,0,,,,,,,,,,2,,0,Cincinnati,OH,1,191,,,,-5.0,"49,50","26,36",,,,,,,,
ncaab:401594254,ncaab,2023-12-03T18:00Z,final,2099,2612,Canisius,Saint Peter's,52,54,,,,0,,,,,,,,,,2,,0,Buffalo,NY,1,183,,,,-5.0,"25,27","18,36",,,,,,,,
ncaab:401594346,ncaab,2023-12-03T18:00Z,final,116,2561,Mount St Marys,Siena,80,48,-425,330,,0,-571,415,-8.5,-110,-110,,,,,2,,0,Emmitsburg,MD,1,133,,,,-5.0,"30,50","14,34",-290,220,-4.5,-117,-108,130.0,-110,-110
ncaab:401589738,ncaab,2023-12-03T18:30Z,final,2426,2154,Navy,Coppin St,75,52,-470,360,,0,-550,410,-9.0,-112,-108,,,,,2,,0,Annapolis,MD,1,12,,,,-5.0,"36,39","23,29",-315,230,-5.5,-104,-121,124.5,-110,-110
ncaab:401587138,ncaab,2023-12-03T19:00Z,final,2515,2210,Radford,Elon,82,72,-520,370,,0,-470,340,-8.5,-110,-110,,,,,2,,0,Radford,VA,1,567,,,,-5.0,"39,43","39,33",-330,240,-5.5,-109,-116,146.5,-110,-110
ncaab:401594290,ncaab,2023-12-03T19:00Z,final,2520,2217,Rider,Fairfield,81,88,-200,165,,0,-230,184,-4.5,-110,-110,,,,,2,,0,Lawrenceville,NJ,1,37,,,,-5.0,"42,39","48,40",-180,140,-2.5,-111,-113,142.5,-112,-110
ncaab:401594329,ncaab,2023-12-03T19:00Z,final,2368,2363,Marist,Manhattan,70,56,-350,270,,0,-450,330,-7.5,-111,-109,,,,,2,,0,Poughkeepsie,NY,1,62,,,,-5.0,"33,37","27,29",-244,187,-4.5,-110,-112,130.5,-110,-110
ncaab:401594362,ncaab,2023-12-03T19:00Z,final,315,2514,Niagara,Quinnipiac,68,75,-100,-120,,0,-112,-108,1.5,-110,-110,,,,,2,,0,Niagara Falls,NY,1,187,,,,-5.0,"25,38,5","31,32,12",-117,-110,-0.5,-108,-117,143.5,-108,-112
ncaab:401594476,ncaab,2023-12-03T19:00Z,final,2710,233,W Illinois,South Dakota,68,70,,,,0,,,,,,,,,,2,,0,Macomb,IL,1,215,,,,-6.0,"34,34","30,40",,,,,,,,
ncaab:401600233,ncaab,2023-12-03T19:00Z,final,2130,56,Chicago St,Stetson,77,54,280,-355,,0,250,-325,7.5,-110,-110,,,,,2,,0,Chicago,IL,1,179,,,,-6.0,"31,46","25,29",180,-238,4.5,-120,-106,139.0,-110,-110
ncaab:401604094,ncaab,2023-12-03T19:00Z,final,221,228,Pitt,Clemson,70,79,-122,102,,0,-123,103,-1.5,-110,-110,,,,,2,,0,Pittsburgh,PA,1,233,,,,-5.0,"26,44","37,42",-125,-102,-0.5,-110,-110,146.5,-110,-110
ncaab:401606717,ncaab,2023-12-03T19:00Z,final,2415,2344,Morgan St,Longwood,54,88,455,-625,,0,344,-471,10.0,-110,-110,,,,,2,,0,Baltimore,MD,1,10,,,,-5.0,"38,16","37,51",230,-315,5.5,-120,-106,146.5,-108,-110
ncaab:401577587,ncaab,2023-12-03T20:00Z,final,142,2724,Missouri,Wichita St,82,72,-302,242,,0,-226,181,-7.0,-110,-110,,,,,2,,0,Columbia,MO,1,215,,,,-6.0,"41,41","34,38",-232,175,-3.5,-120,-104,147.0,-111,-109
ncaab:401591582,ncaab,2023-12-03T20:00Z,final,2567,2837,SMU,East Texas A&M,90,47,,,,0,,,,,,,,,,2,,0,Dallas,TX,1,128,,,,-6.0,"46,44","16,31",,,,,,,,
ncaab:401597433,ncaab,2023-12-03T20:00Z,final,55,2193,Jax State,ETSU,59,61,,,,0,,,,,,,,,,2,,0,Jacksonville,AL,1,216,,,,-6.0,"29,30","21,40",,,,,,,,
ncaab:401597959,ncaab,2023-12-03T20:00Z,final,9,2539,Arizona St,San Francisco,72,61,-128,106,,0,-122,102,-2.5,-110,-110,,,,,2,,0,Tempe,AZ,1,360,,,,-7.0,"36,36","28,33",-137,105,-1.0,-115,-115,136.5,-110,-115
ncaab:401601819,ncaab,2023-12-03T20:00Z,final,2287,93,Illinois St,Murray St,76,72,-121,101,,0,-122,102,-1.5,-110,-110,,,,,2,,0,Normal,IL,1,244,,,,-6.0,"35,41","33,39",-125,-102,-0.5,-112,-112,140.0,-109,-111
ncaab:401616901,ncaab,2023-12-03T20:00Z,final,2261,3229,Hampton,VA Lynchburg,121,66,,,,0,,,,,,,,,,2,,0,Hampton,VA,1,1,,,,-5.0,"53,68","37,29",,,,,,,,
ncaab:401574837,ncaab,2023-12-03T21:00Z,final,158,156,Nebraska,Creighton,60,89,146,-178,,0,140,-170,4.0,-110,-110,,,,,2,,0,Lincoln,NE,1,367,,,,-6.0,"37,23","52,37",127,-165,2.5,-120,-110,149.5,-118,-110
ncaab:401583843,ncaab,2023-12-03T21:00Z,final,2501,2005,Portland,Air Force,58,80,-196,162,,0,-188,155,-4.5,-110,-110,,,,,2,,0,Portland,OR,1,12,,,,-8.0,"33,25","37,43",-170,138,-3.0,-107,-117,135.5,-110,-110
ncaab:401594470,ncaab,2023-12-03T21:00Z,final,2635,484,Tennessee Tech,Alice Lloyd,108,82,,,,0,,,,,,,,,,2,,0,Cookeville,TN,1,334,,,,-6.0,"55,53","33,49",,,,,,,,
ncaab:401597984,ncaab,2023-12-03T21:00Z,final,344,2582,Mississippi St,Southern,59,60,-10000,2897,,0,-20000,3500,-26.0,-110,-110,,,,,2,,0,Starkville,MS,1,101,,,,-6.0,"31,28","28,32",-3557,1280,-15.0,-117,-107,142.5,-105,-112
ncaab:401600115,ncaab,2023-12-03T21:00Z,final,2011,126826,Alabama St,Miss for Women,80,60,,,,0,,,,,,,,,,2,,0,Montgomery,AL,1,73,,,,-6.0,"38,42","32,28",,,,,,,,
ncaab:401604095,ncaab,2023-12-03T21:00Z,final,259,97,Virginia Tech,Louisville,75,68,-1450,850,,0,-800,540,-14.5,-110,-110,,,,,2,,0,Blacksburg,VA,1,633,,,,-5.0,"30,45","31,37",-487,325,-8.0,-115,-115,147.0,-110,-110
ncaab:401604789,ncaab,2023-12-03T21:00Z,final,2546,2880,SE Missouri,Missouri Bapt,84,56,,,,0,,,,,,,,,,2,,0,Cape Girardeau,MO,1,108,,,,-6.0,"48,36","29,27",,,,,,,,
ncaab:401579104,ncaab,2023-12-03T21:30Z,final,2535,548,Samford,LaGrange,128,82,,,,0,,,,,,,,,,2,,0,Homewood,AL,1,203,,,,-6.0,"61,67","29,53",,,,,,,,
ncaab:401594564,ncaab,2023-12-03T21:30Z,final,2413,236,Morehead St,Chattanooga,87,80,-120,-102,,0,-171,141,-1.5,-108,-112,,,,,2,,0,Morehead,KY,1,153,,,,-6.0,"40,47","36,44",-125,-104,-0.5,-110,-114,135.5,-110,-110
ncaab:401576684,ncaab,2023-12-03T22:00Z,final,38,2492,Colorado,Pepperdine,91,66,-3200,1280,,0,-2642,1129,-18.5,-110,-110,,,,,2,,0,Boulder,CO,1,1624,,,,-7.0,"52,39","28,38",-1000,600,-11.5,-110,-115,151.0,-110,-110
ncaab:401598761,ncaab,2023-12-03T22:00Z,final,2239,128501,Fullerton,Stanton,102,52,,,,0,,,,,,,,,,2,,0,Fullerton,CA,1,50,,,,-8.0,"48,54","22,30",,,,,,,,
ncaab:401598955,ncaab,2023-12-03T22:00Z,final,98,2198,Western KY,E Kentucky,79,69,,,,0,,,,,,,,,,2,,0,Bowling Green,KY,1,161,,,,-6.0,"36,43","43,26",,,,,,,,
ncaab:401581789,ncaab,2023-12-03T23:00Z,final,2534,2320,Sam Houston,Lamar,90,70,-765,515,,0,-690,480,-11.5,-110,-110,,,,,2,,0,Huntsville,TX,1,113,,,,-6.0,"55,35","29,41",-407,294,-6.5,-115,-110,150.5,-114,-106
ncaab:401600297,ncaab,2023-12-03T23:30Z,final,194,135,Ohio State,Minnesota,84,74,-1000,645,,0,-1000,640,-12.5,-110,-110,,,,,2,,0,Columbus,OH,1,235,,,,-5.0,"42,42","28,46",-500,341,-7.5,-110,-118,142.0,-109,-110
ncaab:401597402,ncaab,2023-12-04T00:00Z,final,27,155,UC Riverside,North Dakota,68,62,-198,164,,0,-200,162,-4.5,-110,-110,,,,,2,,0,Riverside,CA,1,252,,,,-8.0,"31,37","26,36",-166,130,-2.5,-107,-119,137.5,-105,-112
ncaab:401607334,ncaab,2023-12-04T00:00Z,final,24,301,Stanford,San Diego,88,64,-1800,980,,0,-1000,640,-15.5,-110,-110,,,,,2,,0,Stanford,CA,1,23,,,,-8.0,"43,45","27,37",-550,350,-8.5,-113,-111,148.5,-110,-110
ncaab:401574416,ncaab,2023-12-04T03:00Z,final,62,2110,Hawai'i,C Arkansas,95,76,,,,0,,,,,,,,,,2,,0,Honolulu,HI,1,5,,,,-10.0,"54,41","43,33",,,,,,,,
ncaab:401598961,ncaab,2023-12-04T16:00Z,final,91,109700,Bellarmine,Boyce,88,54,,,,0,,,,,,,,,,2,,0,Louisville,KY,1,142,,,,-5.0,"41,47","22,32",,,,,,,,
ncaab:401583615,ncaab,2023-12-04T21:00Z,final,151,2379,East Carolina,MD Eastern,63,52,,,,0,,,,,,,,,,2,,0,Greenville,NC,1,18,,,,-5.0,"32,31","31,21",,,,,,,,
ncaab:401600298,ncaab,2023-12-05T00:00Z,final,2509,2294,Purdue,Iowa,87,68,-1100,700,,0,-1000,640,-14.0,-105,-115,,,,,2,,0,West Lafayette,IN,1,186,,,,-5.0,"45,42","24,44",-540,360,-7.5,-115,-105,158.5,-115,-110
ncaab:401601461,ncaab,2023-12-05T00:00Z,final,2247,109014,Georgia St,Middle Georgia,89,57,,,,0,,,,,,,,,,2,,0,Atlanta,GA,1,320,,,,-5.0,"35,54","32,25",,,,,,,,
ncaab:401604788,ncaab,2023-12-05T00:00Z,final,324,2592,Coastal,St Andrews,110,46,,,,0,,,,,,,,,,2,,0,Conway,SC,1,10,,,,-5.0,"52,58","23,23",,,,,,,,
ncaab:401591433,ncaab,2023-12-05T01:00Z,final,333,2032,Alabama,Arkansas St,89,65,-8929,2200,,0,-7000,2000,-25.5,-112,-108,,,,,2,,0,Tuscaloosa,AL,1,68,,,,-6.0,"49,40","28,37",-3000,1120,-15.0,-112,-113,166.5,-110,-110
ncaab:401594527,ncaab,2023-12-05T01:00Z,final,8,231,Arkansas,Furman,97,83,-750,500,,0,-800,540,-11.5,-110,-110,,,,,2,,0,Fayetteville,AR,1,427,,,,-6.0,"40,57","35,48",-395,280,-6.5,-113,-109,155.5,-102,-120
ncaab:401597999,ncaab,2023-12-05T01:00Z,final,2449,23,N Dakota St,San José St,83,78,,,,0,,,,,,,,,,2,,0,Fargo,ND,1,276,,,,-6.0,"36,36,11","28,44,6",,,,,,,,
ncaab:401604333,ncaab,2023-12-05T02:00Z,final,2638,2703,UTEP,Western NM,90,62,,,,0,,,,,,,,,,2,,0,El Paso,TX,1,1133,,,,-7.0,"42,48","31,31",,,,,,,,
ncaab:401602634,ncaab,2023-12-05T03:00Z,final,204,13,Oregon St,Cal Poly,70,63,-1200,750,,0,-1250,760,-13.5,-115,-105,,,,,2,,0,Corvallis,OR,1,71,,,,-8.0,"25,24,11,10","28,21,11,3",-500,340,-8.0,-107,-118,131.5,-110,-105
ncaab:401582023,ncaab,2023-12-05T23:00Z,final,2349,524,UMass Lowell,Fisher,117,69,,,,0,,,,,,,,,,2,,0,Lowell,MA,1,36,,,,-5.0,"51,66","23,46",,,,,,,,
ncaab:401584404,ncaab,2023-12-05T23:00Z,final,349,2330,Army,Le Moyne,68,51,-154,126,,0,-162,136,-2.5,-112,-108,,,,,2,,0,West Point,NY,1,47,,,,-5.0,"27,41","19,32",-140,110,-1.5,-112,-112,136.0,-110,-110
ncaab:401592106,ncaab,2023-12-05T23:00Z,final,103,2115,Boston College,C Connecticut,82,68,,,,0,,,,,,,,,,2,,0,Chestnut Hill,MA,1,60,,,,-5.0,"49,33","23,45",,,,,,,,
ncaab:401575520,ncaab,2023-12-05T23:30Z,final,2633,2244,Tennessee,George Mason,87,66,-2800,1200,,0,-2000,980,-15.5,-110,-110,,,,,2,,0,Knoxville,TN,1,276,,,,-5.0,"39,48","26,40",-620,400,-8.5,-120,-105,139.0,-110,-110
ncaab:401577609,ncaab,2023-12-05T23:30Z,final,2752,48,Xavier,Delaware,80,87,-850,550,,0,-1200,720,-12.0,-110,-110,,,,,2,,0,Cincinnati,OH,1,191,,,,-5.0,"41,39","38,49",-400,280,-6.5,-115,-110,149.5,-118,-108
ncaab:401580310,ncaab,2023-12-05T23:30Z,final,356,2226,Illinois,FAU,98,89,,,,1,,,,,,,,,,2,,0,New York,NY,1,10,,,,-5.0,"39,59","42,47",,,,,,,,
ncaab:401583720,ncaab,2023-12-05T23:30Z,final,2737,2511,Winthrop,Queens,88,82,-280,210,,0,-275,220,-6.5,-114,-114,,,,,2,,0,Rock Hill,SC,1,207,,,,-5.0,"37,51","47,35",-223,174,-4.5,-113,-112,157.5,-114,-114
ncaab:401574567,ncaab,2023-12-06T00:00Z,final,201,2507,Oklahoma,Providence,72,51,-205,170,,0,-260,210,-5.0,-110,-110,,,,,2,,0,Norman,OK,1,357,,,,-6.0,"35,37","31,20",-188,150,-2.5,-112,-108,142.5,-110,-110
ncaab:401574568,ncaab,2023-12-06T00:00Z,final,2306,222,Kansas St,Villanova,72,71,114,-137,,0,-108,-111,2.0,-110,-110,,,,,2,,0,Manhattan,KS,1,311,,,,-6.0,"33,30,9","25,38,8",105,-135,1.5,-120,-110,144.5,-110,-110
ncaab:401575430,ncaab,2023-12-06T00:00Z,final,258,2428,Virginia,NC Central,77,47,,,,0,,,,,,,,,,2,,0,Charlottesville,VA,1,142,,,,-5.0,"41,36","17,30",,,,,,,,
ncaab:401575752,ncaab,2023-12-06T00:00Z,final,57,2771,Florida,Merrimack,77,57,-7000,2000,,0,-7000,2000,-21.5,-110,-110,,,,,2,,0,Gainesville,FL,1,54,,,,-5.0,"30,47","31,26",-1253,699,-12.0,-117,-107,149.5,-105,-115
ncaab:401581077,ncaab,2023-12-06T00:00Z,final,45,2426,G Washington,Navy,79,77,,,,0,,,,,,,,,,2,,0,Washington,DC,1,7,,,,-5.0,"33,32,14","28,37,12",,,,,,,,
ncaab:401581766,ncaab,2023-12-06T00:00Z,final,87,2711,Notre Dame,W Michigan,86,65,,,,0,,,,,,,,,,2,,0,South Bend,IN,1,211,,,,-5.0,"40,46","34,31",,,,,,,,
ncaab:401583807,ncaab,2023-12-06T00:00Z,final,2272,2717,High Point,W Carolina,97,71,,,,0,,,,,,,,,,2,,0,High Point,NC,1,281,,,,-5.0,"47,50","25,46",,,,,,,,
ncaab:401584343,ncaab,2023-12-06T00:00Z,final,2454,2206,North Florida,Edward Waters,99,47,,,,0,,,,,,,,,,2,,0,Jacksonville,FL,1,5,,,,-5.0,"44,55","30,17",,,,,,,,
ncaab:401584373,ncaab,2023-12-06T00:00Z,final,2335,2400,Liberty,Miss Valley St,74,39,,,,0,,,,,,,,,,2,,0,Lynchburg,VA,1,192,,,,-5.0,"29,45","18,21",,,,,,,,
ncaab:401587170,ncaab,2023-12-06T00:00Z,final,163,2182,Princeton,Drexel,81,70,-360,285,,0,-310,245,-8.0,-112,-108,,,,,2,,0,Princeton,NJ,1,62,,,,-5.0,"36,45","26,44",-275,210,-4.5,-109,-116,128.5,-110,-105
ncaab:401587208,ncaab,2023-12-06T00:00Z,final,2006,71,Akron,Bradley,67,52,-135,114,,0,-137,114,-2.0,-112,-108,,,,,2,,0,Akron,OH,1,291,,,,-5.0,"28,39","29,23",-135,-105,-1.5,-110,-115,136.0,-112,-108
ncaab:401591559,ncaab,2023-12-06T00:00Z,final,171,322,Columbia,Lafayette,83,72,-290,230,,0,-355,270,-6.5,-112,-110,,,,,2,,0,New York,NY,1,10,,,,-5.0,"38,45","32,40",-230,175,-4.0,-112,-112,138.5,-108,-110
ncaab:401593915,ncaab,2023-12-06T00:00Z,final,338,2427,Kennesaw St,UNC Asheville,79,76,-145,120,,0,-142,118,-3.5,-110,-110,,,,,2,,0,Kennesaw,GA,1,332,,,,-5.0,"36,29,14","30,35,11",-149,120,-1.5,-114,-110,166.5,-110,-112
ncaab:401600234,ncaab,2023-12-06T00:00Z,final,2429,56,Charlotte,Stetson,85,62,-385,300,,0,-430,330,-8.5,-110,-110,,,,,2,,0,Charlotte,NC,1,229,,,,-5.0,"45,40","28,34",-272,210,-5.0,-110,-115,133.5,-110,-110
ncaab:401600300,ncaab,2023-12-06T00:00Z,final,127,275,Michigan St,Wisconsin,57,70,-240,195,,0,-225,184,-5.5,-112,-108,,,,,2,,0,East Lansing,MI,1,261,,,,-5.0,"23,34","34,36",-192,150,-2.5,-120,-106,131.5,-112,-110
ncaab:401601485,ncaab,2023-12-06T00:00Z,final,526,128550,FGCU,New College,87,54,,,,0,,,,,,,,,,2,,0,Fort Myers,FL,1,3,,,,-5.0,"46,41","27,27",,,,,,,,
ncaab:401604422,ncaab,2023-12-06T00:00Z,final,2169,461,Delaware St,Gwynedd Mercy,105,58,,,,0,,,,,,,,,,2,,0,Dover,DE,1,9,,,,-5.0,"57,48","36,22",,,,,,,,
ncaab:401607046,ncaab,2023-12-06T00:00Z,final,2643,2945,The Citadel,Pfeiffer,88,60,,,,0,,,,,,,,,,2,,0,Charleston,SC,1,6,,,,-5.0,"43,45","21,39",,,,,,,,
ncaab:401608999,ncaab,2023-12-06T00:00Z,final,399,182,UAlbany,SUNY Potsdam,98,59,,,,0,,,,,,,,,,2,,0,Albany,NY,1,45,,,,-5.0,"56,42","29,30",,,,,,,,
ncaab:401577701,ncaab,2023-12-06T00:30Z,final,2393,2623,MTSU,Missouri St,77,73,,,,0,,,,,,,,,,2,,0,Murfreesboro,TN,1,186,,,,-6.0,"32,34,11","27,39,7",,,,,,,,
ncaab:401579036,ncaab,2023-12-06T00:30Z,final,2443,2056,LSU N Orleans,Belhaven,79,65,,,,0,,,,,,,,,,2,,0,New Orleans,LA,1,0,,,,-6.0,"40,39","36,29",,,,,,,,
ncaab:401581865,ncaab,2023-12-06T00:30Z,final,2433,3134,UL Monroe,Champ Chrstn,110,63,,,,0,,,,,,,,,,2,,0,Monroe,LA,1,23,,,,-6.0,"56,54","19,44",,,,,,,,
ncaab:401594533,ncaab,2023-12-06T00:30Z,final,61,59,Georgia,Georgia Tech,76,62,-229,187,,0,-220,180,-5.5,-108,-111,,,,,2,,0,Athens,GA,1,228,,,,-5.0,"36,40","20,42",-180,146,-3.0,-110,-115,148.5,-110,-110
ncaab:401600075,ncaab,2023-12-06T00:30Z,final,2617,2348,SF Austin,Louisiana Tech,49,56,,,,0,,,,,,,,,,2,,0,Nacogdoches,TX,1,92,,,,-6.0,"21,28","29,27",,,,,,,,
ncaab:401575455,ncaab,2023-12-06T01:00Z,final,2305,140,Kansas,Kansas City,88,69,-20000,3500,,0,-20000,3500,-26.5,-109,-111,,,,,2,,0,Lawrence,KS,1,263,,,,-6.0,"44,44","30,39",-3000,1100,-15.5,-110,-115,140.0,-111,-108
ncaab:401579010,ncaab,2023-12-06T01:00Z,final,2377,126826,McNeese,Miss for Women,92,23,,,,0,,,,,,,,,,2,,0,Lake Charles,LA,1,4,,,,-6.0,"47,45","9,14",,,,,,,,
ncaab:401581831,ncaab,2023-12-06T01:00Z,final,2026,3164,App State,Central Penn,111,35,,,,0,,,,,,,,,,2,,0,Boone,NC,1,981,,,,-5.0,"59,52","19,16",,,,,,,,
ncaab:401584453,ncaab,2023-12-06T01:00Z,final,3084,2692,Utah Valley,Weber St,70,54,120,-145,,0,-104,-118,2.5,-110,-110,,,,,2,,0,Orem,UT,1,1455,,,,-7.0,"38,32","32,22",107,-140,1.5,-114,-112,130.5,-110,-110
ncaab:401586912,ncaab,2023-12-06T01:00Z,final,183,172,Syracuse,Cornell,81,70,-200,165,,0,-192,158,-4.5,-110,-110,,,,,2,,0,Syracuse,NY,1,121,,,,-5.0,"34,47","31,39",-178,144,-2.5,-112,-112,164.0,-110,-110
ncaab:401588602,ncaab,2023-12-06T01:00Z,final,2459,282,N Illinois,Indiana St,67,90,260,-325,,0,205,-260,7.0,-108,-112,,,,,2,,0,Dekalb,IL,1,268,,,,-6.0,"39,28","40,50",177,-240,4.5,-116,-109,163.5,-110,-110
ncaab:401594347,ncaab,2023-12-06T01:00Z,final,145,116,Ole Miss,Mount St Marys,77,68,-2100,1100,,0,-2800,1160,-15.5,-110,-110,,,,,2,,0,Oxford,MS,1,154,,,,-6.0,"39,38","34,34",-660,420,-9.0,-114,-110,132.5,-115,-105
ncaab:401597882,ncaab,2023-12-06T01:00Z,final,2046,111166,Austin Peay,Midway,98,44,,,,0,,,,,,,,,,2,,0,Clarksville,TN,1,145,,,,-6.0,"46,52","13,31",,,,,,,,
ncaab:401608792,ncaab,2023-12-06T01:00Z,final,2627,2810,Tarleton St,Hardin Simmons,92,56,,,,0,,,,,,,,,,2,,0,Stephenville,TX,1,388,,,,-6.0,"48,44","33,23",,,,,,,,
ncaab:401581166,ncaab,2023-12-06T01:30Z,final,2086,2084,Butler,Buffalo,72,59,-50000,2200,,0,-7000,2000,-24.5,-114,-110,,,,,2,,0,Indianapolis,IN,1,218,,,,-5.0,"35,37","26,33",-2500,1000,-15.0,-120,-110,149.5,-110,-110
ncaab:401597842,ncaab,2023-12-06T01:30Z,final,202,2350,Tulsa,Loyola Chicago,88,77,110,-132,,0,112,-134,2.5,-110,-110,,,,,2,,0,Tulsa,OK,1,220,,,,-6.0,"42,46","39,38",104,-128,1.0,-110,-114,142.5,-112,-108
ncaab:401601131,ncaab,2023-12-06T01:30Z,final,2751,7298,Wyoming,SD Mines,80,59,,,,0,,,,,,,,,,2,,0,Laramie,WY,1,2184,,,,-7.0,"35,45","34,25",,,,,,,,
ncaab:401574569,ncaab,2023-12-06T02:00Z,final,239,2550,Baylor,Seton Hall,78,60,-780,530,,0,-750,520,-11.5,-110,-110,,,,,2,,0,Waco,TX,1,143,,,,-6.0,"42,36","32,28",-387,267,-6.5,-114,-110,147.5,-108,-110
ncaab:401575410,ncaab,2023-12-06T02:00Z,final,70,279,Idaho,Pacific,83,53,-180,150,,0,-110,-110,-4.0,-110,-110,,,,,2,,0,Moscow,ID,1,786,,,,-8.0,"43,40","25,28",-162,132,-2.0,-120,-106,140.5,-108,-110
ncaab:401580309,ncaab,2023-12-06T02:00Z,final,41,153,UConn,North Carolina,87,76,,,,1,,,,,,,,,,2,,0,New York,NY,1,10,,,,-5.0,"44,43","39,37",,,,,,,,
ncaab:401584446,ncaab,2023-12-06T02:00Z,final,2253,21,Grand Canyon,San Diego St,79,73,118,-144,,0,140,-165,2.5,-110,-110,,,,,2,,0,Phoenix,AZ,1,331,,,,-7.0,"35,44","28,45",110,-134,1.5,-120,-110,142.5,-112,-108
ncaab:401587218,ncaab,2023-12-06T02:00Z,final,252,339,BYU,Evansville,96,55,-10000,2400,,0,-8000,2200,-23.5,-110,-110,,,,,2,,0,Provo,UT,1,1387,,,,-7.0,"47,49","25,30",-2000,750,-14.0,-116,-109,153.5,-110,-110
ncaab:401594115,ncaab,2023-12-06T02:00Z,final,28,2475,UC San Diego,Occidental,98,67,,,,0,,,,,,,,,,2,,0,San Diego,CA,1,20,,,,-8.0,"50,48","23,44",,,,,,,,
ncaab:401597407,ncaab,2023-12-06T02:00Z,final,79,197,S Illinois,Oklahoma St,70,68,,,,0,,,,,,,,,,2,,0,Carbondale,IL,1,126,,,,-6.0,"34,36","34,34",,,,,,,,
ncaab:401600086,ncaab,2023-12-06T02:00Z,final,254,253,Utah,Southern Utah,88,86,-10000,2200,,0,-4500,1600,-23.5,-107,-113,,,,,2,,0,Salt Lake City,UT,1,1299,,,,-7.0,"47,41","40,46",-2100,980,-13.5,-115,-110,151.5,-115,-110
ncaab:401600299,ncaab,2023-12-06T02:00Z,final,130,84,Michigan,Indiana,75,78,-300,240,,0,-235,190,-6.5,-120,-102,,,,,2,,0,Ann Arbor,MI,1,269,,,,-5.0,"39,36","37,41",-230,180,-3.5,-115,-110,142.5,-112,-108
ncaab:401602610,ncaab,2023-12-06T02:00Z,final,68,249,Boise St,North Texas,69,64,-225,185,,0,-215,176,-5.5,-110,-110,,,,,2,,0,Boise,ID,1,823,,,,-7.0,"30,39","29,35",-185,144,-2.5,-120,-110,124.0,-110,-110
ncaab:401604758,ncaab,2023-12-06T02:00Z,final,2250,2029,Gonzaga,AR-Pine Bluff,111,71,,,,0,,,,,,,,,,2,,0,Spokane,WA,1,571,,,,-8.0,"59,52","30,41",,,,,,,,
ncaab:401604767,ncaab,2023-12-06T02:00Z,final,149,569,Montana,MT St Northern,91,67,,,,0,,,,,,,,,,2,,0,Missoula,MT,1,978,,,,-7.0,"52,39","26,41",,,,,,,,
ncaab:401590231,ncaab,2023-12-06T02:30Z,final,2571,2309,S Dakota St,Kent State,73,82,,,,0,,,,,,,,,,2,,0,Brookings,SD,1,494,,,,-6.0,"27,46","41,41",,,,,,,,
ncaab:401593994,ncaab,2023-12-06T03:00Z,final,278,304,Fresno St,Idaho St,79,67,-455,350,,0,-355,270,-9.0,-112,-108,,,,,2,,0,Fresno,CA,1,94,,,,-8.0,"42,37","35,32",-299,220,-5.5,-107,-119,130.0,-110,-110
ncaab:401594174,ncaab,2023-12-06T03:00Z,final,2608,325,Saint Mary's,Cleveland St,70,57,-2500,1200,,0,-1250,760,-16.0,-110,-110,,,,,2,,0,Moraga,CA,1,152,,,,-8.0,"43,27","23,34",-660,420,-10.5,-111,-115,133.0,-110,-110
ncaab:401600065,ncaab,2023-12-06T03:00Z,final,2934,2850,Bakersfield,Whittier,106,58,,,,0,,,,,,,,,,2,,0,Bakersfield,CA,1,123,,,,-8.0,"55,51","30,28",,,,,,,,
ncaab:401581176,ncaab,2023-12-06T04:00Z,final,264,147,Washington,Montana St,85,61,-4000,1400,,0,-6500,2000,-18.5,-110,-110,,,,,2,,0,Seattle,WA,1,56,,,,-8.0,"43,42","28,33",-920,550,-11.0,-107,-119,146.5,-115,-110
ncaab:401597990,ncaab,2023-12-06T16:00Z,final,2382,6,Mercer,South Alabama,62,83,-162,136,,0,-130,108,-3.5,-110,-110,,,,,2,,0,Macon,GA,1,112,,,,-5.0,"31,31","44,39",-160,122,-1.5,-112,-112,132.0,-110,-110
ncaab:401608795,ncaab,2023-12-06T22:00Z,final,250,126794,UT Arlington,UNT Dallas,74,37,,,,0,,,,,,,,,,2,,0,Arlington,TX,1,184,,,,-6.0,"39,35","18,19",,,,,,,,
ncaab:401581091,ncaab,2023-12-06T23:00Z,final,154,164,Wake Forest,Rutgers,76,57,-155,130,,0,-120,-100,-3.5,-105,-115,,,,,2,,0,Winston-Salem,NC,1,293,,,,-5.0,"37,39","31,26",-145,114,-1.5,-105,-115,140.5,-110,-110
ncaab:401582134,ncaab,2023-12-06T23:00Z,final,2415,2378,Morgan St,UMBC,92,80,160,-192,,0,124,-152,4.5,-115,-105,,,,,2,,0,Baltimore,MD,1,10,,,,-5.0,"41,51","36,44",124,-160,1.5,-107,-119,165.5,-115,-105
ncaab:401589363,ncaab,2023-12-06T23:00Z,final,219,2221,Penn,FDU Florham,111,57,,,,0,,,,,,,,,,2,,0,Philadelphia,PA,1,12,,,,-5.0,"56,55","23,34",,,,,,,,
ncaab:401589298,ncaab,2023-12-06T23:30Z,final,2619,284,Stony Brook,Stonehill,81,63,-700,470,,0,-700,470,-10.5,-110,-110,,,,,2,,0,Stony Brook,NY,1,27,,,,-5.0,"43,38","28,35",-330,240,-5.5,-116,-109,143.5,-115,-105
ncaab:401593773,ncaab,2023-12-06T23:30Z,final,2325,2352,La Salle,Loyola MD,62,61,-700,470,,0,-800,520,-10.0,-110,-110,,,,,2,,0,Philadelphia,PA,1,12,,,,-5.0,"27,35","29,32",-345,250,-6.0,-114,-110,142.5,-105,-110
ncaab:401574611,ncaab,2023-12-07T00:00Z,final,159,160,Dartmouth,New Hampshire,76,64,150,-180,,0,-104,-118,4.0,-110,-110,,,,,2,,0,Hanover,NH,1,162,,,,-5.0,"41,35","26,38",110,-140,1.5,-110,-114,147.5,-106,-110
ncaab:401575421,ncaab,2023-12-07T00:00Z,final,315,179,Niagara,St Bonaventure,60,94,,,,0,,,,,,,,,,2,,0,Niagara Falls,NY,1,187,,,,-5.0,"20,40","45,49",,,,,,,,
ncaab:401575465,ncaab,2023-12-07T00:00Z,final,2116,294,UCF,Jacksonville,94,52,-1800,1000,,0,-1700,890,-14.5,-115,-105,,,,,2,,0,Orlando,FL,1,30,,,,-5.0,"48,46","18,34",-639,417,-8.5,-112,-113,138.0,-108,-110
ncaab:401576142,ncaab,2023-12-07T00:00Z,final,2670,235,VCU,Memphis,80,85,115,-140,,0,140,-170,2.5,-110,-110,,,,,2,,0,Richmond,VA,1,64,,,,-5.0,"36,36,8","32,40,13",114,-145,1.5,-115,-115,145.5,-110,-110
ncaab:401576161,ncaab,2023-12-07T00:00Z,final,43,2217,Yale,Fairfield,71,75,-4000,1500,,0,-1600,820,-16.5,-112,-108,,,,,2,,0,New Haven,CT,1,18,,,,-5.0,"33,38","29,46",-853,500,-10.5,-110,-114,142.5,-108,-110
ncaab:401576639,ncaab,2023-12-07T00:00Z,final,2390,112358,Miami,Long Island,97,49,,,,0,,,,,,,,,,2,,0,Coral Gables,FL,1,3,,,,-5.0,"53,44","18,31",,,,,,,,
ncaab:401577547,ncaab,2023-12-07T00:00Z,final,2603,44,Saint Joseph's,American,69,53,-1500,790,,0,-1250,710,-14.5,-112,-108,,,,,2,,0,Philadelphia,PA,1,12,,,,-5.0,"30,39","18,35",-540,360,-8.5,-114,-111,141.5,-110,-110
ncaab:401577568,ncaab,2023-12-07T00:00Z,final,104,311,Boston U,Maine,65,74,112,-138,,0,114,-140,2.0,-110,-110,,,,,2,,0,Boston,MA,1,14,,,,-5.0,"28,37","34,40",-100,-130,0.5,-108,-117,130.5,-110,-110
ncaab:401577638,ncaab,2023-12-07T00:00Z,final,194,193,Ohio State,Miami OH,84,64,-10000,2400,,0,-4500,1600,-23.0,-110,-110,,,,,2,,0,Columbus,OH,1,235,,,,-5.0,"39,45","26,38",-1842,851,-13.5,-111,-113,143.5,-108,-108
ncaab:401577662,ncaab,2023-12-07T00:00Z,final,227,225,Rhode Island,Brown,64,67,-175,145,,0,-230,186,-3.5,-110,-110,,,,,2,,0,Kingston,RI,1,75,,,,-5.0,"24,40","32,35",-167,129,-1.5,-116,-109,141.5,-110,-110
ncaab:401577694,ncaab,2023-12-07T00:00Z,final,2473,2649,Oakland,Toledo,68,69,-112,-107,,0,-118,-104,-1.0,-110,-110,,,,,2,,0,Rochester,MI,1,229,,,,-5.0,"36,32","32,37",-117,-112,0.0,-117,-108,149.5,-109,-111
ncaab:401577721,ncaab,2023-12-07T00:00Z,final,2599,2529,St John's,Sacred Heart,85,50,,,,0,,,,,,,,,,2,,0,Queens,NY,1,12,,,,-5.0,"47,38","26,24",,,,,,,,
ncaab:401581085,ncaab,2023-12-07T00:00Z,final,119,113,Towson,UMass,81,71,,,,0,,,,,,,,,,2,,0,Towson,MD,1,141,,,,-5.0,"36,45","27,44",,,,,,,,
ncaab:401581760,ncaab,2023-12-07T00:00Z,final,314,2275,Iona,Hofstra,57,62,136,-168,,0,124,-152,3.0,-112,-108,,,,,2,,0,New Rochelle,NY,1,26,,,,-5.0,"26,31","28,34",110,-145,1.5,-114,-110,147.5,-114,-106
ncaab:401581849,ncaab,2023-12-07T00:00Z,final,276,2184,Marshall,Duquesne,72,85,180,-218,,0,172,-215,5.5,-110,-110,,,,,2,,0,Huntington,WV,1,173,,,,-5.0,"32,40","39,46",132,-175,2.5,-111,-113,159.0,-110,-110
ncaab:401581860,ncaab,2023-12-07T00:00Z,final,2729,295,William & Mary,Old Dominion,84,79,140,-170,,0,124,-152,3.5,-110,-110,,,,,2,,0,Williamsburg,VA,1,25,,,,-5.0,"36,48","41,38",117,-152,2.0,-110,-114,142.5,-110,-110
ncaab:401583592,ncaab,2023-12-07T00:00Z,final,152,2379,NC State,MD Eastern,93,61,,,,0,,,,,,,,,,2,,0,Raleigh,NC,1,96,,,,-5.0,"37,56","25,36",,,,,,,,
ncaab:401583756,ncaab,2023-12-07T00:00Z,final,2174,2050,Detroit Mercy,Ball State,65,68,-125,105,,0,104,-128,-1.5,-110,-110,,,,,2,,0,Detroit,MI,1,183,,,,-5.0,"35,30","27,41",-132,102,-0.5,-115,-110,134.0,-110,-110
ncaab:401583780,ncaab,2023-12-07T00:00Z,final,195,2754,Ohio,Youngstown St,72,78,-430,330,,0,-355,270,-9.0,-110,-110,,,,,2,,0,Athens,OH,1,219,,,,-5.0,"28,44","31,47",-279,207,-4.5,-114,-110,155.0,-110,-112
ncaab:401586894,ncaab,2023-12-07T00:00Z,final,2230,2885,Fordham,NJIT,77,80,,,,0,,,,,,,,,,2,,0,Bronx,NY,1,28,,,,-5.0,"42,35","32,48",,,,,,,,
ncaab:401589466,ncaab,2023-12-07T00:00Z,final,2154,2681,Coppin St,Wagner,59,62,190,-240,,0,220,-280,5.5,-106,-114,,,,,2,,0,Baltimore,MD,1,10,,,,-5.0,"31,28","23,39",145,-190,2.5,-107,-117,122.5,-110,-112
ncaab:401593853,ncaab,2023-12-07T00:00Z,final,218,2071,Temple,Bloomsburg,85,55,,,,0,,,,,,,,,,2,,0,Philadelphia,PA,1,12,,,,-5.0,"42,43","20,35",,,,,,,,
ncaab:401594131,ncaab,2023-12-07T00:00Z,final,111,261,Northeastern,Vermont,71,73,-105,-115,,0,124,-152,-0.5,-105,-115,,,,,2,,0,Boston,MA,1,14,,,,-5.0,"43,28","40,33",-115,-115,0.5,-117,-107,138.0,-110,-110
ncaab:401594255,ncaab,2023-12-07T00:00Z,final,2099,2523,Canisius,Robert Morris,87,80,-240,195,,0,-325,250,-5.5,-110,-110,,,,,2,,0,Buffalo,NY,1,183,,,,-5.0,"42,45","35,45",-207,155,-3.0,-117,-108,141.5,-110,-110
ncaab:401594396,ncaab,2023-12-07T00:00Z,final,2561,2803,Siena,Bryant,51,67,324,-419,,0,320,-430,8.0,-110,-110,,,,,2,,0,Albany,NY,1,45,,,,-5.0,"20,31","25,42",185,-245,4.0,-107,-117,141.0,-110,-110
ncaab:401594439,ncaab,2023-12-07T00:00Z,final,2117,2674,C Michigan,Valparaiso,71,67,,,,0,,,,,,,,,,2,,0,Mount Pleasant,MI,1,235,,,,-5.0,"37,34","22,45",,,,,,,,
ncaab:401594582,ncaab,2023-12-07T00:00Z,final,2241,2747,Gardner-Webb,Wofford,66,81,-350,270,,0,-400,300,-7.5,-110,-110,,,,,2,,0,Boiling Springs,NC,1,269,,,,-5.0,"29,37","26,55",-250,190,-4.5,-110,-115,144.5,-112,-110
ncaab:401596811,ncaab,2023-12-07T00:00Z,final,2166,2097,Davidson,Campbell,62,50,-1698,900,,0,-1250,710,-13.5,-110,-110,,,,,2,,0,Davidson,NC,1,256,,,,-5.0,"21,41","25,25",-567,357,-8.0,-117,-108,131.0,-112,-108
ncaab:401598635,ncaab,2023-12-07T00:00Z,final,2142,551,Colgate,VTSU Lyndon,115,37,,,,0,,,,,,,,,,2,,0,Hamilton,NY,1,181,,,,-5.0,"52,63","15,22",,,,,,,,
ncaab:401598899,ncaab,2023-12-07T00:00Z,final,2506,50,Presbyterian,Florida A&M,60,65,-400,310,,0,-355,270,-8.0,-108,-112,,,,,2,,0,Clinton,SC,1,76,,,,-5.0,"32,28","41,24",-298,220,-5.0,-114,-110,137.0,-108,-110
ncaab:401600301,ncaab,2023-12-07T00:00Z,final,120,213,Maryland,Penn State,81,75,-355,280,,0,-295,235,-7.5,-110,-108,,,,,2,,0,College Park,MD,1,21,,,,-5.0,"28,43,10","30,41,4",-250,180,-4.0,-110,-120,140.5,-110,-112
ncaab:401604790,ncaab,2023-12-07T00:30Z,final,2546,534,SE Missouri,Harris Stowe,95,45,,,,0,,,,,,,,,,2,,0,Cape Girardeau,MO,1,108,,,,-6.0,"50,45","20,25",,,,,,,,
ncaab:401574566,ncaab,2023-12-07T01:00Z,final,269,251,Marquette,Texas,86,65,-375,300,,0,-400,310,-8.5,-108,-112,,,,,2,,0,Milwaukee,WI,1,188,,,,-6.0,"42,44","28,37",-275,200,-4.5,-115,-115,153.5,-114,-110
ncaab:401575438,ncaab,2023-12-07T01:00Z,final,248,242,Houston,Rice,75,39,-30000,4000,,0,-20000,3500,-27.5,-110,-110,,,,,2,,0,Houston,TX,1,12,,,,-6.0,"34,41","18,21",-4645,1411,-16.5,-113,-111,142.5,-108,-112
ncaab:401575765,ncaab,2023-12-07T01:00Z,final,2057,288,Belmont,Lipscomb,72,71,-170,142,,0,-188,152,-4.0,-110,-110,,,,,2,,0,Nashville,TN,1,170,,,,-6.0,"44,28","26,45",-166,130,-2.0,-111,-114,163.5,-110,-110
ncaab:401580108,ncaab,2023-12-07T01:00Z,final,2287,94,Illinois St,N Kentucky,62,59,-150,122,,0,-164,134,-2.5,-110,-110,,,,,2,,0,Normal,IL,1,244,,,,-6.0,"30,32","26,33",-145,112,-1.5,-107,-119,137.0,-110,-110
ncaab:401581818,ncaab,2023-12-07T01:00Z,final,2641,2437,Texas Tech,Omaha,87,58,-4500,1700,,0,-4500,1600,-20.5,-122,-100,,,,,2,,0,Lubbock,TX,1,976,,,,-6.0,"42,45","22,36",-1150,650,-12.0,-110,-114,143.0,-110,-112
ncaab:401583763,ncaab,2023-12-07T01:00Z,final,228,2579,Clemson,South Carolina,72,67,-395,310,,0,-410,315,-8.5,-110,-110,,,,,2,,0,Clemson,SC,1,221,,,,-5.0,"23,49","30,37",-280,215,-4.5,-115,-110,140.0,-110,-110
ncaab:401584365,ncaab,2023-12-07T01:00Z,final,2000,2464,Abilene Chrstn,N Arizona,76,78,-430,330,,0,-385,290,-9.0,-110,-110,,,,,2,,0,Abilene,TX,1,524,,,,-6.0,"37,39","38,40",-272,197,-5.0,-112,-113,140.5,-110,-110
ncaab:401587162,ncaab,2023-12-07T01:00Z,final,88,2870,S Indiana,Purdue FW,57,70,,,,0,,,,,,,,,,2,,0,Evansville,IN,1,118,,,,-6.0,"34,23","34,36",,,,,,,,
ncaab:401593793,ncaab,2023-12-07T01:00Z,final,2460,257,Northern Iowa,Richmond,78,73,-160,130,,0,-134,110,-2.5,-112,-108,,,,,2,,0,Cedar Falls,IA,1,268,,,,-6.0,"39,39","41,32",-142,109,-1.5,-111,-113,141.0,-110,-110
ncaab:401594193,ncaab,2023-12-07T01:00Z,final,2565,2739,SIUE,Green Bay,78,69,,,,0,,,,,,,,,,2,,0,Edwardsville,IL,1,165,,,,-6.0,"33,45","27,42",,,,,,,,
ncaab:401594419,ncaab,2023-12-07T01:00Z,final,2181,139,Drake,Saint Louis,75,69,-2500,1200,,0,-1300,730,-15.5,-108,-112,,,,,2,,0,Des Moines,IA,1,266,,,,-6.0,"25,50","41,28",-647,407,-9.5,-109,-116,151.0,-110,-110
ncaab:401594477,ncaab,2023-12-07T01:00Z,final,2710,2141,W Illinois,Coe,80,58,,,,0,,,,,,,,,,2,,0,Macomb,IL,1,215,,,,-6.0,"35,45","22,36",,,,,,,,
ncaab:401594554,ncaab,2023-12-07T01:00Z,final,238,2539,Vanderbilt,San Francisco,60,73,114,-140,,0,108,-130,2.5,-112,-110,,,,,2,,0,Nashville,TN,1,170,,,,-6.0,"29,31","43,30",105,-135,1.0,-109,-116,138.5,-110,-110
ncaab:401598004,ncaab,2023-12-07T01:00Z,final,2900,270,St Thomas,Milwaukee,75,71,,,,0,,,,,,,,,,2,,0,Saint Paul,MN,1,242,,,,-6.0,"38,37","22,49",,,,,,,,
ncaab:401604783,ncaab,2023-12-07T01:00Z,final,357,292,Texas A&M-CC,UT Rio Grande,74,76,,,,0,,,,,,,,,,2,,0,Corpus Christi,TX,1,2,,,,-6.0,"33,41","34,42",,,,,,,,
ncaab:401608787,ncaab,2023-12-07T01:00Z,final,2277,2903,Hou Christian,SW Adventist,95,58,,,,0,,,,,,,,,,2,,0,Houston,TX,1,12,,,,-6.0,"52,43","33,25",,,,,,,,
ncaab:401575473,ncaab,2023-12-07T02:00Z,final,277,221,West Virginia,Pitt,63,80,140,-170,,0,126,-152,3.5,-110,-110,,,,,2,,0,Morgantown,WV,1,271,,,,-5.0,"35,28","36,44",115,-155,1.5,-115,-112,138.5,-110,-110
ncaab:401575513,ncaab,2023-12-07T02:00Z,final,245,305,Texas A&M,DePaul,89,64,-4000,1500,,0,-4000,1400,-19.5,-112,-108,,,,,2,,0,College Station,TX,1,103,,,,-6.0,"62,27","30,34",-1050,600,-11.5,-108,-115,146.5,-104,-118
ncaab:401577535,ncaab,2023-12-07T02:00Z,void,2168,2439,Dayton,UNLV,,,-360,280,,0,-420,330,-8.0,-110,-110,,,,,2,,0,Dayton,OH,1,225,,,,-5.0,,,-275,200,-4.0,-115,-115,135.5,-108,-110
ncaab:401590818,ncaab,2023-12-07T02:00Z,final,2440,302,Nevada,UC Davis,80,68,-1300,800,,0,-1600,820,-13.5,-105,-115,,,,,2,,0,Reno,NV,1,1373,,,,-8.0,"29,51","27,41",-535,362,-8.5,-107,-119,145.5,-110,-110
ncaab:401594596,ncaab,2023-12-07T02:00Z,final,36,2172,Colorado St,Denver,90,80,-6993,1800,,0,-4500,1300,-20.5,-110,-110,,,,,2,,0,Fort Collins,CO,1,1525,,,,-7.0,"35,55","39,41",-1264,674,-12.5,-107,-119,157.5,-112,-108
ncaab:401597414,ncaab,2023-12-07T02:00Z,final,328,301,Utah State,San Diego,108,81,-6000,1700,,0,-1600,820,-19.0,-110,-110,,,,,2,,0,Logan,UT,1,1382,,,,-7.0,"53,55","36,45",-1124,624,-12.0,-112,-112,143.0,-110,-110
ncaab:401600302,ncaab,2023-12-07T02:00Z,final,135,158,Minnesota,Nebraska,76,65,116,-140,,0,126,-152,2.5,-110,-110,,,,,2,,0,Minneapolis,MN,1,253,,,,-6.0,"24,52","39,26",100,-132,1.0,-115,-115,149.5,-110,-110
ncaab:401601137,ncaab,2023-12-07T02:00Z,final,167,2540,New Mexico,Santa Barbara,84,61,-1100,680,,0,-880,580,-13.5,-110,-110,,,,,2,,0,Albuquerque,NM,1,1511,,,,-7.0,"42,42","35,26",-475,325,-8.0,-114,-110,156.5,-110,-110
ncaab:401574051,ncaab,2023-12-07T03:00Z,final,2856,3101,CA Baptist,Utah Tech,69,72,,,,0,,,,,,,,,,2,,0,Riverside,CA,1,252,,,,-8.0,"26,43","41,31",,,,,,,,
ncaab:401576685,ncaab,2023-12-07T03:00Z,final,2492,2239,Pepperdine,Fullerton,55,60,-194,164,,0,-156,130,-4.5,-112,-108,,,,,2,,0,Malibu,CA,1,32,,,,-8.0,"20,35","32,28",-166,131,-2.5,-115,-115,143.5,-110,-105
ncaab:401580932,ncaab,2023-12-07T03:00Z,final,265,27,Washington St,UC Riverside,86,49,-1200,720,,0,-1600,860,-13.5,-110,-110,,,,,2,,0,Pullman,WA,1,717,,,,-8.0,"46,40","22,27",-500,350,-7.5,-116,-109,135.0,-110,-110
ncaab:401591583,ncaab,2023-12-07T03:00Z,final,9,2567,Arizona St,SMU,76,74,,,,0,,,,,,,,,,2,,0,Tempe,AZ,1,360,,,,-7.0,"36,40","40,34",,,,,,,,
ncaab:401594035,ncaab,2023-12-07T03:00Z,final,2502,2333,Portland St,Lewis & Clark,104,60,,,,0,,,,,,,,,,2,,0,Portland,OR,1,12,,,,-8.0,"49,55","31,29",,,,,,,,
ncaab:401600068,ncaab,2023-12-07T03:00Z,final,299,109670,Long Beach St,Life Pacific,88,66,,,,0,,,,,,,,,,2,,0,Long Beach,CA,1,9,,,,-8.0,"50,38","34,32",,,,,,,,
ncaab:401598962,ncaab,2023-12-07T16:00Z,final,91,2061,Bellarmine,Berea,98,59,,,,0,,,,,,,,,,2,,0,Louisville,KY,1,142,,,,-5.0,"50,48","26,33",,,,,,,,
ncaab:401617203,ncaab,2023-12-07T17:00Z,final,2453,2892,North Alabama,Rust,109,65,,,,0,,,,,,,,,,2,,0,Florence,AL,1,167,,,,-6.0,"57,52","26,39",,,,,,,,
ncaab:401589374,ncaab,2023-12-08T00:00Z,final,2750,122634,Wright St,Bethel (IN),81,62,,,,0,,,,,,,,,,2,,0,Dayton,OH,1,225,,,,-5.0,"40,41","37,25",,,,,,,,
ncaab:401594572,ncaab,2023-12-08T00:00Z,final,2430,2198,UNC Greensboro,E Kentucky,87,85,,,,0,,,,,,,,,,2,,0,Greensboro,NC,1,266,,,,-5.0,"31,46,10","42,35,8",,,,,,,,
ncaab:401604424,ncaab,2023-12-08T00:00Z,final,2169,3229,Delaware St,VA Lynchburg,106,73,,,,0,,,,,,,,,,2,,0,Dover,DE,1,9,,,,-5.0,"44,62","35,38",,,,,,,,
ncaab:401574417,ncaab,2023-12-08T00:30Z,final,2110,2031,C Arkansas,Little Rock,75,71,,,,0,,,,,,,,,,2,,0,Conway,AR,1,95,,,,-6.0,"30,45","31,40",,,,,,,,
ncaab:401575447,ncaab,2023-12-08T00:30Z,final,66,2294,Iowa State,Iowa,90,65,-320,255,,0,-275,220,-7.5,-110,-110,,,,,2,,0,Ames,IA,1,287,,,,-6.0,"47,43","29,36",-250,190,-4.0,-110,-120,153.0,-105,-115
ncaab:401583844,ncaab,2023-12-08T01:00Z,final,2449,2501,N Dakota St,Portland,78,67,,,,0,,,,,,,,,,2,,0,Fargo,ND,1,276,,,,-6.0,"36,42","33,34",,,,,,,,
ncaab:401587239,ncaab,2023-12-08T01:00Z,final,2197,85,E Illinois,IU Indy,75,58,,,,0,,,,,,,,,,2,,0,Charleston,IL,1,204,,,,-6.0,"34,41","28,30",,,,,,,,
ncaab:401594094,ncaab,2023-12-08T03:00Z,final,2463,3246,CSU Northridge,Bethesda,92,54,,,,0,,,,,,,,,,2,,0,Northridge,CA,1,246,,,,-8.0,"40,52","27,27",,,,,,,,
ncaab:401577687,ncaab,2023-12-09T00:00Z,final,2514,2426,Quinnipiac,Navy,71,68,-218,180,,0,-192,158,-5.5,-112,-108,,,,,2,,0,Hamden,CT,1,31,,,,-5.0,"30,41","23,45",-187,146,-3.0,-114,-111,140.5,-110,-110
ncaab:401577711,ncaab,2023-12-09T00:00Z,final,55,82,Jax State,UIC,49,55,,,,0,,,,,,,,,,2,,0,Jacksonville,AL,1,216,,,,-6.0,"19,30","25,30",,,,,,,,
ncaab:401581354,ncaab,2023-12-09T00:00Z,final,2199,2473,E Michigan,Oakland,63,77,,,,0,,,,,,,,,,2,,0,Ypsilanti,MI,1,219,,,,-5.0,"31,32","34,43",,,,,,,,
ncaab:401581730,ncaab,2023-12-09T00:00Z,final,2272,2448,High Point,NC A&T,75,62,,,,0,,,,,,,,,,2,,0,High Point,NC,1,281,,,,-5.0,"34,41","31,31",,,,,,,,
ncaab:401581743,ncaab,2023-12-09T00:00Z,final,108,349,Harvard,Army,70,64,-899,600,,0,-1300,760,-12.5,-110,-110,,,,,2,,0,Cambridge,MA,1,5,,,,-5.0,"29,41","30,34",-480,334,-7.5,-110,-116,136.0,-112,-110
ncaab:401587189,ncaab,2023-12-09T00:00Z,final,43,35,Yale,Colby Sawyer,95,36,,,,0,,,,,,,,,,2,,0,New Haven,CT,1,18,,,,-5.0,"42,53","11,25",,,,,,,,
ncaab:401587230,ncaab,2023-12-09T00:00Z,final,2363,161,Manhattan,FDU,71,76,,,,0,,,,,,,,,,2,,0,Riverdale,NY,1,159,,,,-8.0,"36,35","33,43",,,,,,,,
ncaab:401589299,ncaab,2023-12-09T00:00Z,final,2520,284,Rider,Stonehill,73,56,-625,450,,0,-345,270,-10.5,-110,-110,,,,,2,,0,Lawrenceville,NJ,1,37,,,,-5.0,"38,35","20,36",-330,240,-7.0,-107,-119,145.5,-105,-110
ncaab:401593810,ncaab,2023-12-09T00:00Z,final,103,107,Boston College,Holy Cross,95,64,-5000,1700,,0,-7000,2000,-21.5,-110,-110,,,,,2,,0,Chestnut Hill,MA,1,60,,,,-5.0,"33,62","31,33",-1900,900,-11.5,-115,-115,140.5,-112,-108
ncaab:401597838,ncaab,2023-12-09T00:00Z,final,2184,2612,Duquesne,Saint Peter's,68,59,,,,0,,,,,,,,,,2,,0,Pittsburgh,PA,1,233,,,,-5.0,"35,33","30,29",,,,,,,,
ncaab:401575486,ncaab,2023-12-09T16:30Z,final,46,183,Georgetown,Syracuse,68,80,104,-125,,0,-100,-120,1.5,-106,-114,,,,,2,,0,Washington,DC,1,7,,,,-5.0,"34,34","35,45",-105,-125,1.0,-114,-111,149.5,-110,-110
ncaab:401597985,ncaab,2023-12-09T16:30Z,final,344,2655,Mississippi St,Tulane,106,76,,,,1,,,,,,,,,,2,,0,Atlanta,GA,1,320,,,,-5.0,"62,44","34,42",,,,,,,,
ncaab:401575521,ncaab,2023-12-09T17:00Z,final,2633,356,Tennessee,Illinois,86,79,-310,250,,0,-255,205,-7.5,-110,-110,,,,,2,,0,Knoxville,TN,1,276,,,,-5.0,"34,52","36,43",-235,180,-3.5,-120,-110,144.0,-115,-105
ncaab:401581086,ncaab,2023-12-09T17:00Z,final,113,2349,UMass,UMass Lowell,91,77,,,,0,,,,,,,,,,2,,0,Amherst,MA,1,82,,,,-5.0,"45,46","31,46",,,,,,,,
ncaab:401581167,ncaab,2023-12-09T17:00Z,final,2086,25,Butler,California,97,90,-400,310,,0,-385,300,-8.5,-112,-108,,,,,2,,0,Indianapolis,IN,1,218,,,,-5.0,"34,39,10,14","37,36,10,7",-300,210,-4.5,-115,-115,144.5,-115,-108
ncaab:401583616,ncaab,2023-12-09T17:00Z,final,151,2579,East Carolina,South Carolina,62,68,180,-218,,0,176,-215,5.0,-112,-108,,,,,2,,0,Greenville,NC,1,18,,,,-5.0,"28,34","35,33",135,-182,2.5,-125,-105,139.5,-110,-110
ncaab:401584332,ncaab,2023-12-09T17:00Z,final,259,2674,Virginia Tech,Valparaiso,71,50,-7000,2000,,0,-4500,1600,-21.5,-110,-110,,,,,2,,0,Blacksburg,VA,1,633,,,,-5.0,"37,34","23,27",-1450,750,-13.0,-107,-117,145.5,-110,-110
ncaab:401588946,ncaab,2023-12-09T17:00Z,final,96,219,Kentucky,Penn,81,66,,,,1,,,,,,,,,,2,,0,Philadelphia,PA,1,12,,,,-5.0,"39,42","29,37",,,,,,,,
ncaab:401591372,ncaab,2023-12-09T17:00Z,final,41,2029,UConn,AR-Pine Bluff,101,63,,,,0,,,,,,,,,,2,,0,Storrs,CT,1,187,,,,-5.0,"45,56","33,30",,,,,,,,
ncaab:401600443,ncaab,2023-12-09T17:00Z,final,135,526,Minnesota,FGCU,77,57,,,,0,,,,,,,,,,2,,0,Minneapolis,MN,1,253,,,,-6.0,"37,40","33,24",,,,,,,,
ncaab:401606718,ncaab,2023-12-09T17:00Z,final,2415,3229,Morgan St,VA Lynchburg,120,50,,,,0,,,,,,,,,,2,,0,Baltimore,MD,1,10,,,,-5.0,"54,66","26,24",,,,,,,,
ncaab:401577536,ncaab,2023-12-09T17:30Z,final,2168,2653,Dayton,Troy,82,70,-1250,800,,0,-1400,800,-13.5,-110,-110,,,,,2,,0,Dayton,OH,1,225,,,,-5.0,"45,37","31,39",-500,325,-7.5,-117,-108,136.0,-108,-110
ncaab:401575397,ncaab,2023-12-09T18:00Z,final,2678,44,VMI,American,69,77,175,-210,,0,128,-154,5.5,-110,-110,,,,,2,,0,Lexington,VA,1,324,,,,-5.0,"30,39","36,41",141,-180,2.5,-117,-108,147.0,-108,-112
ncaab:401581767,ncaab,2023-12-09T18:00Z,final,2711,2754,W Michigan,Youngstown St,68,72,,,,0,,,,,,,,,,2,,0,Kalamazoo,MI,1,239,,,,-5.0,"30,38","37,35",,,,,,,,
ncaab:401582135,ncaab,2023-12-09T18:00Z,final,2378,119,UMBC,Towson,73,89,220,-275,,0,150,-182,6.5,-110,-110,,,,,2,,0,Baltimore,MD,1,10,,,,-5.0,"38,35","46,43",180,-235,4.0,-110,-115,145.0,-110,-112
ncaab:401583721,ncaab,2023-12-09T18:00Z,final,2511,108942,Queens,Carolina U,112,64,,,,0,,,,,,,,,,2,,0,Charlotte,NC,1,229,,,,-5.0,"56,56","38,26",,,,,,,,
ncaab:401577577,ncaab,2023-12-09T18:30Z,final,52,58,Florida St,South Florida,72,88,,,,1,,,,,,,,,,2,,0,Sunrise,FL,1,1,,,,-5.0,"24,48","38,50",,,,,,,,
ncaab:401577643,ncaab,2023-12-09T18:30Z,final,2509,333,Purdue,Alabama,92,86,,,,1,,,,,,,,,,2,,0,Toronto,ON,1,161,,,,-5.0,"47,45","49,37",,,,,,,,
ncaab:401584431,ncaab,2023-12-09T18:30Z,final,99,2306,LSU,Kansas St,60,75,-155,130,,0,-110,-110,-2.5,-112,-108,,,,,2,,0,Baton Rouge,LA,1,14,,,,-6.0,"34,26","42,33",-142,114,-1.5,-115,-115,144.0,-108,-112
ncaab:401574599,ncaab,2023-12-09T19:00Z,final,2066,2330,Binghamton,Le Moyne,91,79,-550,390,,0,-750,500,-9.5,-110,-110,,,,,2,,0,Binghamton,NY,1,264,,,,-5.0,"37,54","41,38",-330,240,-5.5,-110,-115,145.5,-110,-110
ncaab:401574622,ncaab,2023-12-09T19:00Z,final,2569,2065,SC State,Bethune,71,80,,,,0,,,,,,,,,,2,,0,Orangeburg,SC,1,74,,,,-5.0,"30,41","37,43",,,,,,,,
ncaab:401577569,ncaab,2023-12-09T19:00Z,final,311,2115,Maine,C Connecticut,69,56,,,,0,,,,,,,,,,2,,0,Orono,ME,1,38,,,,-5.0,"32,37","28,28",,,,,,,,
ncaab:401577595,ncaab,2023-12-09T19:00Z,final,156,2117,Creighton,C Michigan,109,64,,,,0,,,,,,,,,,2,,0,Omaha,NE,1,323,,,,-6.0,"56,53","36,28",,,,,,,,
ncaab:401577616,ncaab,2023-12-09T19:00Z,final,84,2,Indiana,Auburn,76,104,255,-320,,1,210,-260,7.5,-110,-110,,,,,2,,0,Atlanta,GA,1,320,,,,-5.0,"34,42","52,52",190,-245,4.5,-115,-115,145.0,-112,-108
ncaab:401577695,ncaab,2023-12-09T19:00Z,final,2649,2460,Toledo,Northern Iowa,84,80,-172,140,,0,-160,135,-3.5,-110,-110,,,,,2,,0,Toledo,OH,1,186,,,,-5.0,"36,48","40,40",-152,117,-2.0,-108,-117,151.5,-110,-110
ncaab:401583748,ncaab,2023-12-09T19:00Z,final,2405,2459,Monmouth,N Illinois,74,71,-110,-110,,0,-120,100,-1.0,-106,-114,,,,,2,,0,West Long Branch,NJ,1,9,,,,-5.0,"29,45","41,30",-115,-115,0.0,-115,-115,155.0,-112,-108
ncaab:401583845,ncaab,2023-12-09T19:00Z,final,155,2501,North Dakota,Portland,72,83,-102,-122,,0,-109,-111,1.5,-110,-110,,,,,2,,0,Grand Forks,ND,1,253,,,,-6.0,"36,36","33,50",-110,-120,0.5,-117,-107,150.5,-108,-110
ncaab:401584344,ncaab,2023-12-09T19:00Z,final,2454,290,North Florida,GA Southern,64,56,,,,0,,,,,,,,,,2,,0,Jacksonville,FL,1,5,,,,-5.0,"27,37","34,22",,,,,,,,
ncaab:401584374,ncaab,2023-12-09T19:00Z,final,2335,2253,Liberty,Grand Canyon,64,69,-218,180,,0,-192,158,-4.5,-110,-110,,,,,2,,0,Lynchburg,VA,1,192,,,,-5.0,"32,32","32,37",-182,140,-2.5,-114,-111,140.5,-105,-110
ncaab:401588603,ncaab,2023-12-09T19:00Z,final,2166,193,Davidson,Miami OH,79,61,-1250,800,,0,-670,470,-13.5,-120,-102,,,,,2,,0,Davidson,NC,1,256,,,,-5.0,"40,39","22,39",-500,325,-8.0,-108,-117,137.5,-110,-110
ncaab:401593774,ncaab,2023-12-09T19:00Z,final,322,2325,Lafayette,La Salle,51,67,165,-200,,0,168,-210,4.5,-110,-110,,,,,2,,0,Easton,PA,1,97,,,,-5.0,"24,27","28,39",130,-166,2.0,-112,-112,137.5,-110,-105
ncaab:401594175,ncaab,2023-12-09T19:00Z,final,2309,325,Kent State,Cleveland St,83,77,-899,600,,0,-500,340,-11.5,-112,-108,,,,,2,,0,Kent,OH,1,325,,,,-5.0,"46,37","28,49",-405,280,-6.5,-119,-107,144.0,-110,-110
ncaab:401594425,ncaab,2023-12-09T19:00Z,final,282,88,Indiana St,S Indiana,98,54,,,,0,,,,,,,,,,2,,0,Terre Haute,IN,1,152,,,,-5.0,"52,46","25,29",,,,,,,,
ncaab:401594583,ncaab,2023-12-09T19:00Z,final,324,2747,Coastal,Wofford,80,88,-120,-102,,0,-100,-120,-1.5,-110,-110,,,,,2,,0,Conway,SC,1,10,,,,-5.0,"39,41","40,48",-125,-105,-0.5,-108,-117,151.5,-108,-112
ncaab:401597869,ncaab,2023-12-09T19:00Z,final,261,2142,Vermont,Colgate,71,77,-175,145,,0,-210,168,-3.5,-108,-112,,,,,2,,0,Burlington,VT,1,61,,,,-5.0,"32,39","31,46",-140,110,-1.5,-116,-109,136.5,-115,-105
ncaab:401597892,ncaab,2023-12-09T19:00Z,final,305,97,DePaul,Louisville,75,68,-142,120,,0,-115,-104,-2.0,-115,-105,,,,,2,,0,Chicago,IL,1,179,,,,-6.0,"38,37","22,46",-135,102,-1.0,-113,-111,144.0,-108,-112
ncaab:401597909,ncaab,2023-12-09T19:00Z,final,2169,2344,Delaware St,Longwood,61,62,260,-350,,0,250,-325,7.5,-110,-110,,,,,2,,0,Dover,DE,1,9,,,,-5.0,"30,31","34,28",185,-245,4.5,-116,-109,138.0,-110,-108
ncaab:401597991,ncaab,2023-12-09T19:00Z,final,2382,2247,Mercer,Georgia St,64,60,-102,-125,,0,105,-125,1.5,-110,-113,,,,,2,,0,Macon,GA,1,112,,,,-5.0,"36,28","31,29",-105,-125,0.5,-107,-119,138.0,-110,-110
ncaab:401598900,ncaab,2023-12-09T19:00Z,final,50,2917,Florida A&M,LeMoyne-Owen,108,78,,,,0,,,,,,,,,,2,,0,Tallahassee,FL,1,62,,,,-5.0,"48,60","41,37",,,,,,,,
ncaab:401598956,ncaab,2023-12-09T19:00Z,final,2084,98,Buffalo,Western KY,65,82,245,-310,,0,230,-285,7.0,-112,-108,,,,,2,,0,Buffalo,NY,1,183,,,,-5.0,"23,42","44,38",170,-225,4.0,-110,-114,149.5,-110,-110
ncaab:401599588,ncaab,2023-12-09T19:00Z,final,231,3243,Furman,Bob Jones,100,58,,,,0,,,,,,,,,,2,,0,Greenville,SC,1,307,,,,-5.0,"47,53","25,33",,,,,,,,
ncaab:401600818,ncaab,2023-12-09T19:00Z,final,2329,3216,Lehigh,Cairn,88,33,,,,0,,,,,,,,,,2,,0,Bethlehem,PA,1,109,,,,-5.0,"50,38","17,16",,,,,,,,
ncaab:401576153,ncaab,2023-12-09T19:15Z,final,150,2429,Duke,Charlotte,80,56,-1350,800,,0,-1800,920,-16.5,-110,-110,,,,,2,,0,Durham,NC,1,123,,,,-5.0,"45,35","27,29",-700,450,-9.0,-112,-114,136.0,-112,-108
ncaab:401583729,ncaab,2023-12-09T20:00Z,final,251,2277,Texas,Hou Christian,77,50,,,,0,,,,,,,,,,2,,0,Austin,TX,1,149,,,,-6.0,"37,40","17,33",,,,,,,,
ncaab:401597422,ncaab,2023-12-09T20:00Z,final,2572,2466,Southern Miss,N'Western St,83,74,,,,0,,,,,,,,,,2,,0,Hattiesburg,MS,1,52,,,,-6.0,"36,47","25,49",,,,,,,,
ncaab:401600076,ncaab,2023-12-09T20:00Z,final,2348,309,Louisiana Tech,Louisiana,72,67,-325,250,,0,-500,360,-6.5,-110,-110,,,,,2,,0,Ruston,LA,1,102,,,,-6.0,"42,30","23,44",-238,180,-4.0,-115,-110,138.5,-110,-110
ncaab:401600251,ncaab,2023-12-09T20:00Z,final,139,2275,Saint Louis,Hofstra,71,68,170,-205,,0,152,-184,5.0,-112,-108,,,,,2,,0,St. Louis,MO,1,142,,,,-6.0,"29,42","31,37",125,-155,2.0,-108,-117,149.0,-110,-110
ncaab:401617382,ncaab,2023-12-09T20:00Z,final,149,148,Montana,Montana Tech,88,67,,,,0,,,,,,,,,,2,,0,Missoula,MT,1,978,,,,-7.0,"42,46","30,37",,,,,,,,
ncaab:401584414,ncaab,2023-12-09T20:15Z,final,12,275,Arizona,Wisconsin,98,73,-480,365,,0,-345,270,-9.5,-110,-110,,,,,2,,0,Tucson,AZ,1,759,,,,-7.0,"48,50","31,42",-330,240,-5.5,-110,-115,143.0,-110,-110
ncaab:401594614,ncaab,2023-12-09T20:30Z,final,2032,5,Arkansas St,UAB,87,68,160,-190,,0,128,-154,4.5,-110,-110,,,,,2,,0,Jonesboro,AR,1,99,,,,-6.0,"46,41","38,30",134,-168,2.5,-116,-109,150.5,-112,-112
ncaab:401575422,ncaab,2023-12-09T21:00Z,final,179,2561,St Bonaventure,Siena,89,56,,,,0,,,,,,,,,,2,,0,Saint Bonaventure,NY,1,435,,,,-5.0,"46,43","25,31",,,,,,,,
ncaab:401575439,ncaab,2023-12-09T21:00Z,final,248,2296,Houston,Jackson St,89,55,-100000,10000,,0,-66667,8000,-34.0,-110,-110,,,,,2,,0,Houston,TX,1,12,,,,-6.0,"37,52","29,26",-11946,2095,-18.0,-120,-106,131.5,-108,-112
ncaab:401575474,ncaab,2023-12-09T21:00Z,final,277,2182,West Virginia,Drexel,66,60,-225,185,,0,-130,108,-5.5,-108,-112,,,,,2,,0,Morgantown,WV,1,271,,,,-5.0,"31,35","33,27",-185,145,-3.0,-115,-110,130.0,-110,-110
ncaab:401581850,ncaab,2023-12-09T21:00Z,final,195,276,Ohio,Marshall,69,74,-360,285,,0,-450,340,-8.0,-115,-105,,,,,2,,0,Athens,OH,1,219,,,,-5.0,"38,31","37,37",-260,195,-5.0,-109,-116,161.0,-110,-110
ncaab:401583808,ncaab,2023-12-09T21:00Z,final,2717,2427,W Carolina,UNC Asheville,78,63,,,,0,,,,,,,,,,2,,0,Cullowhee,NC,1,645,,,,-5.0,"38,40","29,34",,,,,,,,
ncaab:401584354,ncaab,2023-12-09T21:00Z,final,201,8,Oklahoma,Arkansas,79,70,-180,150,,1,-184,152,-3.5,-108,-112,,,,,2,,0,Tulsa,OK,1,220,,,,-6.0,"37,42","25,45",-160,124,-2.0,-110,-120,145.0,-108,-112
ncaab:401584366,ncaab,2023-12-09T21:00Z,final,2916,2464,Incarnate Word,N Arizona,75,76,160,-192,,0,135,-166,3.5,-110,-110,,,,,2,,0,San Antonio,TX,1,198,,,,-6.0,"36,39","36,40",120,-150,2.0,-115,-111,151.5,-110,-110
ncaab:401584386,ncaab,2023-12-09T21:00Z,final,159,2368,Dartmouth,Marist,53,63,114,-122,,0,-112,-108,1.5,-110,-110,,,,,2,,0,Hanover,NH,1,162,,,,-5.0,"23,30","34,29",-112,-117,0.5,-117,-108,130.5,-110,-110
ncaab:401600099,ncaab,2023-12-09T21:00Z,final,59,2010,Georgia Tech,Alabama A&M,70,49,-4500,1600,,0,-4500,1600,-20.5,-110,-110,,,,,2,,0,Atlanta,GA,1,320,,,,-5.0,"34,36","17,32",-1649,800,-12.5,-113,-112,148.5,-110,-110
ncaab:401601132,ncaab,2023-12-09T21:00Z,final,2751,2617,Wyoming,SF Austin,78,70,,,,0,,,,,,,,,,2,,0,Laramie,WY,1,2184,,,,-7.0,"36,42","40,30",,,,,,,,
ncaab:401601140,ncaab,2023-12-09T21:00Z,final,2540,3246,Santa Barbara,Bethesda,126,76,,,,0,,,,,,,,,,2,,0,Santa Barbara,CA,1,15,,,,-8.0,"58,68","42,34",,,,,,,,
ncaab:401602690,ncaab,2023-12-09T21:00Z,final,68,2848,Boise St,West Oregon,109,70,,,,0,,,,,,,,,,2,,0,Boise,ID,1,823,,,,-7.0,"53,56","34,36",,,,,,,,
ncaab:401606136,ncaab,2023-12-09T21:00Z,final,6,2590,South Alabama,Spring Hill,91,74,,,,0,,,,,,,,,,2,,0,Mobile,AL,1,3,,,,-6.0,"54,37","39,35",,,,,,,,
ncaab:401584440,ncaab,2023-12-09T21:15Z,final,2447,2207,Nicholls,Elizabeth City,84,70,,,,0,,,,,,,,,,2,,0,Thibodaux,LA,1,4,,,,-6.0,"36,48","32,38",,,,,,,,
ncaab:401575753,ncaab,2023-12-09T21:19Z,final,57,257,Florida,Richmond,87,76,-625,450,,1,-375,290,-10.5,-110,-110,,,,,2,,0,Sunrise,FL,1,1,,,,-5.0,"40,47","30,46",-350,250,-6.5,-108,-117,153.5,-110,-110
ncaab:401578015,ncaab,2023-12-09T21:25Z,final,228,2628,Clemson,TCU,74,66,115,-140,,1,-111,-108,2.5,-110,-110,,,,,2,,0,Toronto,ON,1,161,,,,-5.0,"36,38","35,31",105,-135,1.5,-120,-110,152.5,-104,-112
ncaab:401581806,ncaab,2023-12-09T21:30Z,final,2815,140,Lindenwood,Kansas City,67,72,215,-269,,0,168,-210,6.5,-111,-108,,,,,2,,0,Saint Charles,MO,1,147,,,,-6.0,"28,39","28,44",157,-210,3.5,-112,-112,137.0,-110,-111
ncaab:401581819,ncaab,2023-12-09T21:30Z,final,357,2437,Texas A&M-CC,Omaha,62,58,-150,124,,0,-152,124,-2.5,-106,-114,,,,,2,,0,Corpus Christi,TX,1,2,,,,-6.0,"33,29","26,32",-145,114,-1.0,-117,-108,151.0,-110,-110
ncaab:401587139,ncaab,2023-12-09T21:30Z,final,2515,2428,Radford,NC Central,82,74,,,,0,,,,,,,,,,2,,0,Radford,VA,1,567,,,,-5.0,"46,36","33,41",,,,,,,,
ncaab:401579037,ncaab,2023-12-09T22:00Z,final,23,2443,San José St,LSU N Orleans,87,82,,,,0,,,,,,,,,,2,,0,San Jose,CA,1,26,,,,-8.0,"40,47","44,38",,,,,,,,
ncaab:401579116,ncaab,2023-12-09T22:00Z,final,167,2541,New Mexico,Santa Clara,93,76,,,,1,,,,,,,,,,2,,0,Henderson,NV,1,569,,,,-8.0,"47,46","27,49",,,,,,,,
ncaab:401584454,ncaab,2023-12-09T22:00Z,final,204,3084,Oregon St,Utah Valley,74,71,-170,140,,0,-138,115,-3.5,-110,-110,,,,,2,,0,Corvallis,OR,1,71,,,,-8.0,"34,40","36,35",-152,122,-2.0,-110,-115,130.0,-112,-110
ncaab:401594036,ncaab,2023-12-09T22:00Z,final,2502,415,Portland St,George Fox,83,77,,,,0,,,,,,,,,,2,,0,Portland,OR,1,12,,,,-8.0,"39,44","32,45",,,,,,,,
ncaab:401594054,ncaab,2023-12-09T22:00Z,final,16,2239,Sacramento St,Fullerton,60,62,-125,105,,0,-104,-118,-1.5,-110,-110,,,,,2,,0,Sacramento,CA,1,9,,,,-8.0,"27,33","41,21",-137,105,-1.0,-114,-110,135.0,-110,-112
ncaab:401594348,ncaab,2023-12-09T22:00Z,final,2352,116,Loyola MD,Mount St Marys,64,77,105,-125,,0,-104,-118,1.5,-110,-110,,,,,2,,0,Baltimore,MD,1,10,,,,-5.0,"20,44","38,39",-100,-130,0.5,-112,-112,133.0,-110,-110
ncaab:401597915,ncaab,2023-12-09T22:00Z,final,302,270,UC Davis,Milwaukee,79,81,-450,350,,0,-420,310,-9.0,-110,-110,,,,,2,,0,Davis,CA,1,16,,,,-8.0,"35,44","39,42",-299,215,-4.5,-122,-103,152.5,-110,-112
ncaab:401575456,ncaab,2023-12-09T22:15Z,final,2305,142,Kansas,Missouri,73,64,-1099,680,,0,-1200,720,-13.5,-108,-112,,,,,2,,0,Lawrence,KS,1,263,,,,-6.0,"41,32","29,35",-500,325,-7.5,-118,-105,146.5,-105,-110
ncaab:401576162,ncaab,2023-12-09T23:00Z,final,2529,2217,Sacred Heart,Fairfield,57,67,-145,120,,0,-142,116,-2.5,-110,-110,,,,,2,,0,Fairfield,CT,1,4,,,,-8.0,"23,34","20,47",-145,114,-1.5,-112,-113,148.5,-108,-110
ncaab:401577555,ncaab,2023-12-09T23:00Z,final,221,2099,Pitt,Canisius,82,71,-2200,980,,0,-1800,880,-17.5,-110,-110,,,,,2,,0,Pittsburgh,PA,1,233,,,,-5.0,"40,42","41,30",-958,537,-10.5,-112,-114,150.5,-114,-110
ncaab:401581078,ncaab,2023-12-09T23:00Z,final,45,2154,G Washington,Coppin St,76,45,,,,0,,,,,,,,,,2,,0,Washington,DC,1,7,,,,-5.0,"36,40","17,28",,,,,,,,
ncaab:401593975,ncaab,2023-12-09T23:00Z,final,2005,331,Air Force,E Washington,68,73,,,,0,,,,,,,,,,2,,0,Colorado Springs,CO,1,1832,,,,-7.0,"26,42","41,32",,,,,,,,
ncaab:401597843,ncaab,2023-12-09T23:00Z,final,2350,3067,Loyola Chicago,Goshen,115,64,,,,0,,,,,,,,,,2,,0,Chicago,IL,1,179,,,,-6.0,"58,57","28,36",,,,,,,,
ncaab:401600303,ncaab,2023-12-09T23:00Z,final,213,194,Penn State,Ohio State,83,80,168,-205,,0,205,-250,4.5,-108,-112,,,,,2,,0,University Park,PA,1,348,,,,-5.0,"29,54","41,39",145,-190,2.5,-115,-106,146.5,-110,-110
ncaab:401577610,ncaab,2023-12-09T23:30Z,final,2752,2132,Xavier,Cincinnati,84,79,-115,-105,,0,-104,-115,-1.0,-108,-112,,,,,2,,0,Cincinnati,OH,1,191,,,,-5.0,"35,49","27,52",-115,-114,0.0,-115,-115,154.0,-108,-112
ncaab:401595310,ncaab,2023-12-09T23:30Z,final,36,2608,Colorado St,Saint Mary's,61,64,-190,160,,0,-265,215,-3.5,-110,-110,,,,,2,,0,Fort Collins,CO,1,1525,,,,-7.0,"32,29","33,31",-160,124,-2.0,-115,-115,139.5,-112,-108
ncaab:401597378,ncaab,2023-12-09T23:30Z,final,2582,2545,Southern,SE Louisiana,69,44,,,,0,,,,,,,,,,2,,0,Baton Rouge,LA,1,14,,,,-6.0,"36,33","16,28",,,,,,,,
ncaab:401597919,ncaab,2023-12-09T23:31Z,final,2619,2803,Stony Brook,Bryant,86,75,-110,-110,,0,-115,-105,1.0,-115,-105,,,,,2,,0,Stony Brook,NY,1,27,,,,-5.0,"31,55","36,39",-125,-105,-0.5,-112,-112,146.5,-110,-110
ncaab:401575411,ncaab,2023-12-10T00:00Z,final,278,279,Fresno St,Pacific,89,56,-1099,650,,0,-1000,610,-13.5,-110,-110,,,,,2,,0,Fresno,CA,1,94,,,,-8.0,"42,47","23,33",-447,305,-8.0,-111,-115,138.0,-110,-110
ncaab:401575804,ncaab,2023-12-10T00:00Z,final,222,26,Villanova,UCLA,65,56,-178,146,,0,-170,140,-4.0,-110,-110,,,,,2,,0,Philadelphia,PA,1,12,,,,-5.0,"25,40","29,27",-160,128,-2.0,-115,-115,128.5,-110,-110
ncaab:401577588,ncaab,2023-12-10T00:00Z,final,2724,2571,Wichita St,S Dakota St,69,79,,,,1,,,,,,,,,,2,,0,Wichita,KS,1,396,,,,-6.0,"26,43","32,47",,,,,,,,
ncaab:401577702,ncaab,2023-12-10T00:00Z,final,2623,2534,Missouri St,Sam Houston,69,60,-275,220,,0,-235,190,-7.0,-110,-110,,,,,2,,0,Springfield,MO,1,396,,,,-6.0,"31,38","23,37",-215,165,-3.5,-110,-114,144.5,-110,-115
ncaab:401580109,ncaab,2023-12-10T00:00Z,final,2287,2450,Illinois St,Norfolk St,58,64,-298,240,,0,-250,198,-6.5,-110,-110,,,,,2,,0,Normal,IL,1,244,,,,-6.0,"22,36","27,37",-210,160,-3.5,-114,-112,134.0,-110,-110
ncaab:401581841,ncaab,2023-12-10T00:00Z,final,295,256,Old Dominion,James Madison,69,84,220,-275,,0,245,-320,6.0,-108,-112,,,,,2,,0,Norfolk,VA,1,2,,,,-5.0,"30,39","50,34",149,-200,3.5,-117,-107,149.5,-112,-110
ncaab:401587163,ncaab,2023-12-10T00:00Z,final,2870,2546,Purdue FW,SE Missouri,89,80,,,,0,,,,,,,,,,2,,0,Fort Wayne,IN,1,247,,,,-5.0,"41,48","39,41",,,,,,,,
ncaab:401593916,ncaab,2023-12-10T00:00Z,final,2908,338,SC Upstate,Kennesaw St,77,84,164,-198,,0,106,-130,4.0,-112,-108,,,,,2,,0,Spartanburg,SC,1,246,,,,-5.0,"36,41","40,44",124,-160,2.0,-112,-112,156.5,-108,-112
ncaab:401593954,ncaab,2023-12-10T00:00Z,final,254,252,Utah,BYU,73,69,115,-140,,0,140,-170,2.5,-110,-110,,,,,2,,0,Salt Lake City,UT,1,1299,,,,-7.0,"45,28","31,38",105,-135,1.5,-120,-102,154.0,-110,-108
ncaab:401594194,ncaab,2023-12-10T00:00Z,final,2739,2710,Green Bay,W Illinois,59,68,,,,0,,,,,,,,,,2,,0,Ashwaubenon,WI,1,185,,,,-6.0,"32,27","35,33",,,,,,,,
ncaab:401594232,ncaab,2023-12-10T00:00Z,final,94,2006,N Kentucky,Akron,76,77,136,-162,,0,120,-148,3.0,-112,-108,,,,,2,,0,Highland Heights,KY,1,260,,,,-5.0,"37,39","41,36",114,-150,1.5,-114,-110,138.0,-112,-108
ncaab:401600066,ncaab,2023-12-10T00:00Z,final,233,2934,South Dakota,Bakersfield,78,73,-125,105,,0,-176,142,-1.5,-110,-110,,,,,2,,0,Vermillion,SD,1,374,,,,-6.0,"46,32","30,43",-135,105,-1.0,-117,-108,135.5,-110,-110
ncaab:401594432,ncaab,2023-12-10T00:15Z,final,2046,93,Austin Peay,Murray St,53,49,115,-140,,0,122,-150,2.0,-105,-115,,,,,2,,0,Clarksville,TN,1,145,,,,-6.0,"28,25","26,23",105,-135,1.5,-120,-106,138.0,-110,-110
ncaab:401583786,ncaab,2023-12-10T00:30Z,final,2771,128327,Merrimack,Felician,89,85,,,,0,,,,,,,,,,2,,0,North Andover,MA,1,29,,,,-5.0,"43,46","35,50",,,,,,,,
ncaab:401590839,ncaab,2023-12-10T00:30Z,final,2440,2181,Nevada,Drake,53,72,-218,180,,1,-164,134,-4.5,-108,-112,,,,,2,,0,Henderson,NV,1,569,,,,-8.0,"19,34","28,44",-170,125,-2.5,-108,-117,147.5,-110,-110
ncaab:401581092,ncaab,2023-12-10T01:00Z,final,154,2885,Wake Forest,NJIT,83,59,,,,0,,,,,,,,,,2,,0,Winston-Salem,NC,1,293,,,,-5.0,"38,45","32,27",,,,,,,,
ncaab:401594605,ncaab,2023-12-10T01:00Z,final,198,127162,Oral Roberts,Ozark Chrstn,110,51,,,,0,,,,,,,,,,2,,0,Tulsa,OK,1,220,,,,-6.0,"51,59","30,21",,,,,,,,
ncaab:401598978,ncaab,2023-12-10T01:00Z,final,2547,2465,Seattle U,Northwest U,101,46,,,,0,,,,,,,,,,2,,0,Seattle,WA,1,56,,,,-8.0,"52,49","24,22",,,,,,,,
ncaab:401575766,ncaab,2023-12-10T01:30Z,final,2393,2057,MTSU,Belmont,65,75,,,,0,,,,,,,,,,2,,0,Murfreesboro,TN,1,186,,,,-6.0,"30,35","38,37",,,,,,,,
ncaab:401587130,ncaab,2023-12-10T01:30Z,final,2550,164,Seton Hall,Rutgers,63,70,-170,140,,0,-178,146,-3.5,-110,-110,,,,,2,,0,Newark,NJ,1,9,,,,-5.0,"25,38","33,37",-152,120,-1.5,-110,-110,133.5,-110,-108
ncaab:401593995,ncaab,2023-12-10T01:30Z,final,253,304,Southern Utah,Idaho St,82,74,-200,165,,0,-192,154,-4.5,-110,-110,,,,,2,,0,Cedar City,UT,1,1782,,,,-7.0,"33,49","26,48",-172,132,-2.5,-107,-117,143.5,-110,-110
ncaab:401576686,ncaab,2023-12-10T02:00Z,final,2492,28,Pepperdine,UC San Diego,68,62,-215,176,,0,-192,158,-4.5,-110,-110,,,,,2,,0,Malibu,CA,1,32,,,,-8.0,"25,43","28,34",-184,140,-2.5,-112,-112,148.0,-110,-110
ncaab:401577603,ncaab,2023-12-10T02:00Z,final,269,87,Marquette,Notre Dame,78,59,-7000,2000,,0,-4500,1600,-20.5,-118,-104,,,,,2,,0,Milwaukee,WI,1,188,,,,-6.0,"52,26","24,35",-1200,650,-11.5,-114,-115,141.5,-110,-108
ncaab:401583741,ncaab,2023-12-10T02:00Z,final,3101,70,Utah Tech,Idaho,62,63,-375,290,,0,-480,350,-7.5,-112,-108,,,,,2,,0,St. George,UT,1,823,,,,-7.0,"35,27","38,25",-244,180,-4.5,-106,-120,141.5,-110,-112
ncaab:401600242,ncaab,2023-12-10T02:00Z,final,2483,2638,Oregon,UTEP,71,49,-1099,680,,0,-1300,760,-13.5,-110,-110,,,,,2,,0,Eugene,OR,1,131,,,,-8.0,"28,43","25,24",-475,325,-7.5,-115,-110,143.5,-110,-110
ncaab:401602635,ncaab,2023-12-10T02:00Z,final,2692,13,Weber St,Cal Poly,78,50,-1099,680,,0,-2200,980,-13.0,-110,-110,,,,,2,,0,Ogden,UT,1,1311,,,,-7.0,"42,36","22,28",-460,312,-7.0,-108,-117,128.5,-110,-110
ncaab:401611808,ncaab,2023-12-10T02:00Z,final,328,2887,Utah State,NW Nazarene,84,53,,,,0,,,,,,,,,,2,,0,Logan,UT,1,1382,,,,-7.0,"46,38","29,24",,,,,,,,
ncaab:401590981,ncaab,2023-12-10T03:00Z,final,2439,2351,UNLV,LMU,75,78,,,,1,,,,,,,,,,2,,0,Henderson,NV,1,569,,,,-8.0,"35,40","38,40",,,,,,,,
ncaab:401597932,ncaab,2023-12-10T03:30Z,final,21,300,San Diego St,UC Irvine,63,62,-450,350,,0,-490,365,-9.0,-110,-110,,,,,2,,0,San Diego,CA,1,20,,,,-8.0,"33,30","24,38",-305,230,-5.0,-115,-115,138.5,-114,-110
ncaab:401597960,ncaab,2023-12-10T03:30Z,final,301,9,San Diego,Arizona St,89,84,310,-397,,0,255,-320,8.5,-107,-112,,,,,2,,0,San Diego,CA,1,20,,,,-8.0,"28,61","36,48",210,-280,5.0,-115,-115,147.5,-109,-111
ncaab:401581779,ncaab,2023-12-10T04:00Z,final,264,2250,Washington,Gonzaga,78,73,160,-192,,0,168,-205,4.5,-110,-110,,,,,2,,0,Seattle,WA,1,56,,,,-8.0,"42,36","48,25",128,-160,2.5,-115,-115,163.5,-110,-110
ncaab:401583791,ncaab,2023-12-10T16:30Z,final,2230,249,Fordham,North Texas,60,59,,,,1,,,,,,,,,,2,,0,Brooklyn,NY,1,15,,,,-5.0,"23,37","35,24",,,,,,,,
ncaab:401577663,ncaab,2023-12-10T17:00Z,final,2507,225,Providence,Brown,74,54,-1200,750,,0,-2100,980,-15.0,-112,-108,,,,,2,,0,Providence,RI,1,2,,,,-5.0,"37,37","13,41",-700,425,-8.5,-115,-110,138.0,-112,-108
ncaab:401575448,ncaab,2023-12-10T18:00Z,final,66,2504,Iowa State,Prairie View,107,56,-29412,4000,,0,-10000,3000,-27.5,-110,-110,,,,,2,,0,Ames,IA,1,287,,,,-6.0,"52,55","35,21",-4898,1393,-16.5,-116,-109,140.5,-102,-110
ncaab:401577548,ncaab,2023-12-10T18:00Z,final,2603,163,Saint Joseph's,Princeton,74,70,-125,105,,0,-104,-115,-1.5,-110,-110,,,,,2,,0,Philadelphia,PA,1,12,,,,-5.0,"33,41","31,39",-120,-110,-0.5,-108,-117,141.5,-112,-108
ncaab:401589467,ncaab,2023-12-10T18:00Z,final,2681,104,Wagner,Boston U,59,73,-150,125,,0,-184,152,-2.5,-108,-112,,,,,2,,0,Staten Island,NY,1,21,,,,-5.0,"28,31","30,43",-147,117,-1.5,-109,-116,126.5,-110,-110
ncaab:401592097,ncaab,2023-12-10T18:00Z,final,2636,3157,UTSA,UA Fort Smith,93,60,,,,0,,,,,,,,,,2,,0,San Antonio,TX,1,198,,,,-6.0,"35,58","28,32",,,,,,,,
ncaab:401600059,ncaab,2023-12-10T18:00Z,final,2031,2737,Little Rock,Winthrop,68,85,105,-125,,0,-111,-108,1.5,-110,-110,,,,,2,,0,Little Rock,AR,1,102,,,,-6.0,"25,43","39,46",-111,-116,0.5,-117,-108,157.5,-110,-110
ncaab:401576143,ncaab,2023-12-10T19:00Z,final,2670,2016,VCU,Alcorn St,86,58,-2500,1200,,0,-2500,1060,-17.0,-110,-110,,,,,2,,0,Richmond,VA,1,64,,,,-5.0,"35,51","29,29",-821,500,-10.0,-115,-110,139.0,-110,-110
ncaab:401577652,ncaab,2023-12-10T19:00Z,final,232,227,Charleston,Rhode Island,85,70,-550,400,,0,-362,283,-10.0,-110,-110,,,,,2,,0,Charleston,SC,1,6,,,,-5.0,"37,48","34,36",-330,245,-5.5,-110,-114,151.0,-110,-110
ncaab:401581721,ncaab,2023-12-10T19:00Z,final,77,2174,Northwestern,Detroit Mercy,91,59,-10000,2500,,0,-10000,3000,-23.0,-110,-110,,,,,2,,0,Evanston,IL,1,187,,,,-6.0,"43,48","33,26",-2500,825,-14.0,-112,-112,131.5,-115,-110
ncaab:401583792,ncaab,2023-12-10T19:00Z,final,2390,38,Miami,Colorado,63,90,-130,110,,1,-101,-119,-2.0,-110,-110,,,,,2,,0,Brooklyn,NY,1,15,,,,-5.0,"36,27","37,53",-122,-102,-1.0,-115,-115,154.5,-110,-110
ncaab:401584392,ncaab,2023-12-10T19:00Z,final,315,2085,Niagara,Buffalo St,113,64,,,,0,,,,,,,,,,2,,0,Niagara Falls,NY,1,187,,,,-5.0,"46,67","39,25",,,,,,,,
ncaab:401588604,ncaab,2023-12-10T19:00Z,final,2050,2565,Ball State,SIUE,83,71,,,,0,,,,,,,,,,2,,0,Muncie,IN,1,284,,,,-5.0,"42,41","38,33",,,,,,,,
ncaab:401594153,ncaab,2023-12-10T19:00Z,final,2729,3229,William & Mary,VA Lynchburg,99,50,,,,0,,,,,,,,,,2,,0,Williamsburg,VA,1,25,,,,-5.0,"46,53","19,31",,,,,,,,
ncaab:401594565,ncaab,2023-12-10T19:00Z,final,236,2632,Chattanooga,TN Wesleyan,112,51,,,,0,,,,,,,,,,2,,0,Chattanooga,TN,1,206,,,,-5.0,"52,60","21,30",,,,,,,,
ncaab:401598000,ncaab,2023-12-10T19:00Z,final,2449,110436,N Dakota St,Oak Hills Chrs,108,14,,,,0,,,,,,,,,,2,,0,Fargo,ND,1,276,,,,-6.0,"60,48","5,9",,,,,,,,
ncaab:401600235,ncaab,2023-12-10T19:00Z,final,56,3097,Stetson,JohnsonFL,123,43,,,,0,,,,,,,,,,2,,0,DeLand,FL,1,12,,,,-5.0,"60,63","22,21",,,,,,,,
ncaab:401602671,ncaab,2023-12-10T19:00Z,final,350,2410,UNC Wilmington,Montreat,119,50,,,,0,,,,,,,,,,2,,0,Wilmington,NC,1,9,,,,-5.0,"62,57","28,22",,,,,,,,
ncaab:401608093,ncaab,2023-12-10T19:00Z,final,189,2477,Bowling Green,Ohio Dominican,97,49,,,,0,,,,,,,,,,2,,0,Bowling Green,OH,1,212,,,,-5.0,"39,58","17,32",,,,,,,,
ncaab:401574418,ncaab,2023-12-10T20:00Z,final,2197,2110,E Illinois,C Arkansas,70,73,,,,0,,,,,,,,,,2,,0,Charleston,IL,1,204,,,,-6.0,"37,33","38,35",,,,,,,,
ncaab:401587117,ncaab,2023-12-10T20:00Z,final,2453,2413,North Alabama,Morehead St,77,86,-128,106,,0,-122,102,-1.5,-110,-110,,,,,2,,0,Florence,AL,1,167,,,,-6.0,"37,40","30,56",-129,101,-0.5,-114,-110,139.5,-112,-110
ncaab:401598005,ncaab,2023-12-10T20:00Z,final,2130,2900,Chicago St,St Thomas,50,66,,,,0,,,,,,,,,,2,,0,Chicago,IL,1,179,,,,-6.0,"25,25","30,36",,,,,,,,
ncaab:401604763,ncaab,2023-12-10T20:00Z,final,2630,3120,UT Martin,Ecclesia,110,52,,,,0,,,,,,,,,,2,,0,Martin,TN,1,124,,,,-6.0,"52,58","19,33",,,,,,,,
ncaab:401575514,ncaab,2023-12-10T21:00Z,final,245,235,Texas A&M,Memphis,75,81,-340,270,,0,-310,240,-8.0,-108,-112,,,,,2,,0,College Station,TX,1,103,,,,-6.0,"29,46","38,43",-260,195,-4.5,-110,-115,149.0,-112,-108
ncaab:401594471,ncaab,2023-12-10T21:00Z,final,2193,2635,ETSU,Tennessee Tech,73,72,,,,0,,,,,,,,,,2,,0,Johnson City,TN,1,498,,,,-5.0,"32,41","34,38",,,,,,,,
ncaab:401594545,ncaab,2023-12-10T21:00Z,final,2116,145,UCF,Ole Miss,68,70,-160,130,,0,-152,126,-3.5,-110,-110,,,,,2,,0,Orlando,FL,1,30,,,,-5.0,"30,38","37,33",-145,115,-1.5,-115,-114,138.5,-110,-110
ncaab:401600069,ncaab,2023-12-10T21:00Z,final,30,299,USC,Long Beach St,79,84,-950,625,,0,-1293,758,-14.0,-110,-110,,,,,2,,0,Los Angeles,CA,1,89,,,,-8.0,"45,29,5","30,44,10",-550,350,-8.0,-115,-111,160.0,-110,-110
ncaab:401600132,ncaab,2023-12-10T21:00Z,final,2000,2758,Abilene Chrstn,Howard Payne,120,69,,,,0,,,,,,,,,,2,,0,Abilene,TX,1,524,,,,-6.0,"51,69","38,31",,,,,,,,
ncaab:401608977,ncaab,2023-12-10T21:00Z,final,2198,2062,E Kentucky,Bethany (WV),121,56,,,,0,,,,,,,,,,2,,0,Richmond,KY,1,289,,,,-5.0,"60,61","28,28",,,,,,,,
ncaab:401583793,ncaab,2023-12-10T21:30Z,final,103,2599,Boston College,St John's,86,80,,,,1,,,,,,,,,,2,,0,Brooklyn,NY,1,15,,,,-5.0,"38,48","36,44",,,,,,,,
ncaab:401588315,ncaab,2023-12-10T21:30Z,final,2430,2210,UNC Greensboro,Elon,82,73,-1499,820,,0,-1373,770,-13.5,-112,-108,,,,,2,,0,Greensboro,NC,1,266,,,,-5.0,"50,32","35,38",-471,317,-7.5,-113,-111,146.5,-112,-110
ncaab:401600304,ncaab,2023-12-10T21:30Z,final,2294,130,Iowa,Michigan,80,90,-175,145,,0,-176,146,-4.0,-110,-110,,,,,2,,0,Iowa City,IA,1,204,,,,-6.0,"33,47","35,55",-175,130,-1.5,-114,-106,159.0,-108,-112
ncaab:401581761,ncaab,2023-12-10T22:00Z,final,314,2598,Iona,Saint Francis,61,54,,,,0,,,,,,,,,,2,,0,New Rochelle,NY,1,26,,,,-5.0,"25,36","24,30",,,,,,,,
ncaab:401593937,ncaab,2023-12-10T22:00Z,final,288,2634,Lipscomb,Tennessee St,78,71,-200,164,,0,-275,220,-4.5,-110,-110,,,,,2,,0,Nashville,TN,1,170,,,,-6.0,"36,42","43,28",-171,140,-2.5,-110,-114,152.5,-112,-108
ncaab:401600305,ncaab,2023-12-10T23:30Z,final,158,127,Nebraska,Michigan St,77,70,150,-180,,0,104,-125,3.5,-108,-112,,,,,2,,0,Lincoln,NE,1,367,,,,-6.0,"31,46","34,36",120,-150,1.5,-115,-106,145.0,-108,-112
ncaab:401603542,ncaab,2023-12-10T23:30Z,final,197,202,Oklahoma St,Tulsa,72,57,-300,240,,1,-230,188,-7.0,-108,-112,,,,,2,,0,Oklahoma City,OK,1,366,,,,-6.0,"35,37","26,31",-220,170,-3.5,-115,-112,144.5,-112,-110
ncaab:401582145,ncaab,2023-12-11T00:00Z,final,399,218,UAlbany,Temple,73,78,,,,1,,,,,,,,,,2,,0,Brooklyn,NY,1,15,,,,-5.0,"29,44","37,41",,,,,,,,
ncaab:401580933,ncaab,2023-12-11T01:00Z,final,265,2755,Washington St,Grambling,83,65,-10000,2500,,0,-8000,2200,-24.5,-108,-112,,,,,2,,0,Pullman,WA,1,717,,,,-8.0,"42,41","30,35",-2302,984,-14.0,-114,-110,138.0,-112,-108
ncaab:401609479,ncaab,2023-12-11T03:00Z,final,62,2269,Hawai'i,HI Pacific,78,53,,,,0,,,,,,,,,,2,,0,Honolulu,HI,1,5,,,,-10.0,"40,38","28,25",,,,,,,,
ncaab:401597910,ncaab,2023-12-11T16:00Z,final,2344,417,Longwood,Gallaudet,92,61,,,,0,,,,,,,,,,2,,0,Farmville,VA,1,90,,,,-5.0,"46,46","36,25",,,,,,,,
ncaab:401594016,ncaab,2023-12-11T17:00Z,final,2837,2458,East Texas A&M,N Colorado,101,99,124,-148,,0,-110,-110,2.5,-108,-112,,,,,2,,0,Commerce,TX,1,169,,,,-6.0,"27,49,9,16","38,38,9,14",105,-135,1.5,-110,-120,145.0,-112,-110
ncaab:401574613,ncaab,2023-12-12T00:00Z,final,160,284,New Hampshire,Stonehill,75,62,-1399,800,,0,-1400,800,-14.5,-118,-104,,,,,2,,0,Durham,NH,1,15,,,,-5.0,"41,34","37,25",-639,417,-8.0,-112,-112,149.0,-112,-110
ncaab:401577688,ncaab,2023-12-12T00:00Z,final,2514,43,Quinnipiac,Yale,66,73,300,-375,,0,255,-320,8.5,-108,-112,,,,,2,,0,Hamden,CT,1,31,,,,-5.0,"35,31","29,44",210,-275,5.0,-115,-110,146.5,-112,-110
ncaab:401587231,ncaab,2023-12-12T00:00Z,final,161,171,FDU,Columbia,83,87,,,,0,,,,,,,,,,2,,0,Hackensack,NJ,1,6,,,,-5.0,"41,42","39,48",,,,,,,,
ncaab:401589364,ncaab,2023-12-12T00:00Z,final,219,47,Penn,Howard,78,68,-250,200,,0,-230,188,-6.0,-108,-112,,,,,2,,0,Philadelphia,PA,1,12,,,,-5.0,"39,39","36,32",-191,149,-3.5,-112,-112,145.5,-110,-110
ncaab:401591554,ncaab,2023-12-12T00:00Z,final,2261,124942,Hampton,Mary Baldwin,100,53,,,,0,,,,,,,,,,2,,0,Hampton,VA,1,1,,,,-5.0,"45,55","30,23",,,,,,,,
ncaab:401597375,ncaab,2023-12-12T00:00Z,final,2523,48,Robert Morris,Delaware,69,73,165,-200,,0,188,-230,4.5,-108,-112,,,,,2,,0,Moon Township,PA,1,358,,,,-5.0,"30,39","38,35",130,-166,2.5,-119,-107,142.5,-110,-110
ncaab:401599988,ncaab,2023-12-12T00:00Z,final,2569,294,SC State,Jacksonville,86,85,,,,0,,,,,,,,,,2,,0,Orangeburg,SC,1,74,,,,-5.0,"32,48,6","40,40,5",,,,,,,,
ncaab:401602629,ncaab,2023-12-12T00:00Z,final,2241,2822,Gardner-Webb,N Greenville,79,60,,,,0,,,,,,,,,,2,,0,Boiling Springs,NC,1,269,,,,-5.0,"40,39","34,26",,,,,,,,
ncaab:401579105,ncaab,2023-12-12T00:30Z,final,2535,2010,Samford,Alabama A&M,118,91,-2500,1280,,0,-3000,1200,-18.5,-110,-110,,,,,2,,0,Homewood,AL,1,203,,,,-6.0,"64,54","45,46",-1074,610,-11.5,-115,-110,155.5,-110,-110
ncaab:401598011,ncaab,2023-12-12T01:00Z,final,326,2299,Texas St,Jarvis Chrstn,107,58,,,,0,,,,,,,,,,2,,0,San Marcos,TX,1,188,,,,-6.0,"36,71","24,34",,,,,,,,
ncaab:401606990,ncaab,2023-12-12T02:00Z,final,2250,2400,Gonzaga,Miss Valley St,78,40,,,,0,,,,,,,,,,2,,0,Spokane,WA,1,571,,,,-8.0,"38,40","18,22",,,,,,,,
ncaab:401579038,ncaab,2023-12-12T03:00Z,final,2539,2443,San Francisco,LSU N Orleans,85,72,,,,0,,,,,,,,,,2,,0,San Francisco,CA,1,16,,,,-8.0,"44,41","27,45",,,,,,,,
ncaab:401591576,ncaab,2023-12-12T03:00Z,final,2463,3101,CSU Northridge,Utah Tech,80,75,,,,0,,,,,,,,,,2,,0,Northridge,CA,1,246,,,,-8.0,"35,45","36,39",,,,,,,,
ncaab:401604284,ncaab,2023-12-12T17:00Z,final,2582,3134,Southern,Champ Chrstn,109,61,,,,0,,,,,,,,,,2,,0,Baton Rouge,LA,1,14,,,,-6.0,"40,69","39,22",,,,,,,,
ncaab:401576640,ncaab,2023-12-12T23:00Z,final,2349,112358,UMass Lowell,Long Island,78,65,,,,0,,,,,,,,,,2,,0,Lowell,MA,1,36,,,,-5.0,"37,41","27,38",,,,,,,,
ncaab:401583749,ncaab,2023-12-12T23:30Z,final,2550,2405,Seton Hall,Monmouth,70,61,-1499,850,,0,-1400,800,-14.5,-110,-110,,,,,2,,0,Newark,NJ,1,9,,,,-5.0,"40,30","29,32",-650,400,-8.5,-112,-112,141.5,-112,-108
ncaab:401575398,ncaab,2023-12-13T00:00Z,final,2515,2678,Radford,VMI,73,56,-1698,1000,,0,-1600,860,-16.0,-110,-110,,,,,2,,0,Radford,VA,1,567,,,,-5.0,"39,34","30,26",-682,437,-9.5,-110,-115,142.5,-115,-110
ncaab:401575522,ncaab,2023-12-13T00:00Z,final,2633,290,Tennessee,GA Southern,74,56,,,,0,,,,,,,,,,2,,0,Knoxville,TN,1,276,,,,-5.0,"49,25","21,35",,,,,,,,
ncaab:401576154,ncaab,2023-12-13T00:00Z,final,150,2275,Duke,Hofstra,89,68,-1600,860,,0,-1576,812,-15.0,-112,-108,,,,,2,,0,Durham,NC,1,123,,,,-5.0,"44,45","39,29",-650,400,-8.5,-108,-112,144.0,-110,-110
ncaab:401577578,ncaab,2023-12-13T00:00Z,final,58,2029,South Florida,AR-Pine Bluff,104,86,,,,0,,,,,,,,,,2,,0,Tampa,FL,1,1,,,,-5.0,"54,50","37,49",,,,,,,,
ncaab:401577624,ncaab,2023-12-13T00:00Z,final,120,2016,Maryland,Alcorn St,105,65,-6500,2000,,0,-4500,1600,-23.5,-110,-110,,,,,2,,0,College Park,MD,1,21,,,,-5.0,"47,58","33,32",-2062,902,-13.5,-113,-112,142.0,-108,-112
ncaab:401581079,ncaab,2023-12-13T00:00Z,final,45,2075,G Washington,Bowie St,88,73,,,,0,,,,,,,,,,2,,0,Washington,DC,1,7,,,,-5.0,"46,42","28,45",,,,,,,,
ncaab:401581731,ncaab,2023-12-13T00:00Z,final,2448,2428,NC A&T,NC Central,62,67,,,,0,,,,,,,,,,2,,0,Greensboro,NC,1,266,,,,-5.0,"31,31","36,31",,,,,,,,
ncaab:401582136,ncaab,2023-12-13T00:00Z,final,2612,2378,Saint Peter's,UMBC,66,60,,,,0,,,,,,,,,,2,,0,Jersey City,NJ,1,9,,,,-5.0,"26,40","31,29",,,,,,,,
ncaab:401583593,ncaab,2023-12-13T00:00Z,final,152,2630,NC State,UT Martin,81,67,,,,0,,,,,,,,,,2,,0,Raleigh,NC,1,96,,,,-5.0,"46,35","35,32",,,,,,,,
ncaab:401589375,ncaab,2023-12-13T00:00Z,final,2750,98,Wright St,Western KY,84,91,-258,210,,0,-225,184,-5.5,-110,-110,,,,,2,,0,Dayton,OH,1,225,,,,-5.0,"43,41","40,51",-198,150,-3.5,-108,-117,165.0,-110,-110
ncaab:401591572,ncaab,2023-12-13T00:00Z,final,2653,2573,Troy,Southern NO,110,63,,,,0,,,,,,,,,,2,,0,Troy,AL,1,165,,,,-6.0,"48,62","37,26",,,,,,,,
ncaab:401594472,ncaab,2023-12-13T00:00Z,final,2635,2064,Tennessee Tech,Bethel (TN),81,74,,,,0,,,,,,,,,,2,,0,Cookeville,TN,1,334,,,,-6.0,"40,41","46,28",,,,,,,,
ncaab:401596812,ncaab,2023-12-13T00:00Z,final,2097,2945,Campbell,Pfeiffer,88,59,,,,0,,,,,,,,,,2,,0,Buies Creek,NC,1,63,,,,-5.0,"45,43","27,32",,,,,,,,
ncaab:401597379,ncaab,2023-12-13T00:00Z,final,2348,2545,Louisiana Tech,SE Louisiana,89,60,,,,0,,,,,,,,,,2,,0,Ruston,LA,1,102,,,,-6.0,"44,45","27,33",,,,,,,,
ncaab:401603539,ncaab,2023-12-13T00:00Z,final,2132,2803,Cincinnati,Bryant,85,53,-4500,1600,,0,-4000,1400,-21.5,-110,-110,,,,,2,,0,Cincinnati,OH,1,191,,,,-5.0,"30,55","27,26",-1475,747,-12.0,-115,-110,154.5,-112,-108
ncaab:401581866,ncaab,2023-12-13T00:30Z,final,2534,2433,Sam Houston,UL Monroe,63,62,,,,0,,,,,,,,,,2,,0,Huntsville,TX,1,113,,,,-6.0,"24,39","22,40",,,,,,,,
ncaab:401577712,ncaab,2023-12-13T01:00Z,final,82,2739,UIC,Green Bay,68,70,-1000,640,,0,-1200,720,-12.5,-110,-110,,,,,2,,0,Chicago,IL,1,179,,,,-6.0,"37,31","31,39",-500,340,-7.0,-111,-115,130.5,-110,-110
ncaab:401581807,ncaab,2023-12-13T01:00Z,final,140,619,Kansas City,Tabor,80,57,,,,0,,,,,,,,,,2,,0,Kansas City,MO,1,274,,,,-6.0,"35,45","34,23",,,,,,,,
ncaab:401587246,ncaab,2023-12-13T01:00Z,final,2815,2048,Lindenwood,Avila,81,64,,,,0,,,,,,,,,,2,,0,Saint Charles,MO,1,147,,,,-6.0,"44,37","33,31",,,,,,,,
ncaab:401594216,ncaab,2023-12-13T01:00Z,final,135,85,Minnesota,IU Indy,101,65,-4500,1600,,0,-4500,1600,-22.0,-110,-110,,,,,2,,0,Minneapolis,MN,1,253,,,,-6.0,"57,44","27,38",-1951,884,-13.5,-105,-121,140.0,-112,-110
ncaab:401597403,ncaab,2023-12-13T01:00Z,final,155,3080,North Dakota,Waldorf,87,36,,,,0,,,,,,,,,,2,,0,Grand Forks,ND,1,253,,,,-6.0,"40,47","11,25",,,,,,,,
ncaab:401597883,ncaab,2023-12-13T01:00Z,final,79,2046,S Illinois,Austin Peay,68,70,,,,0,,,,,,,,,,2,,0,Carbondale,IL,1,126,,,,-6.0,"40,28","31,39",,,,,,,,
ncaab:401598020,ncaab,2023-12-13T01:00Z,final,2460,2504,Northern Iowa,Prairie View,74,55,-1399,800,,0,-900,570,-14.0,-110,-110,,,,,2,,0,Cedar Falls,IA,1,268,,,,-6.0,"38,36","23,32",-515,353,-8.0,-112,-113,142.5,-115,-110
ncaab:401608793,ncaab,2023-12-13T01:00Z,final,2627,128657,Tarleton St,Sterling,85,47,,,,0,,,,,,,,,,2,,0,Stephenville,TX,1,388,,,,-6.0,"45,40","26,21",,,,,,,,
ncaab:401575487,ncaab,2023-12-13T01:30Z,final,46,2154,Georgetown,Coppin St,71,54,-6993,2000,,0,-4500,1600,-21.5,-110,-110,,,,,2,,0,Washington,DC,1,7,,,,-5.0,"29,42","14,40",-1684,806,-12.5,-112,-112,139.5,-112,-110
ncaab:401594606,ncaab,2023-12-13T02:00Z,final,2641,198,Texas Tech,Oral Roberts,82,76,-1099,680,,0,-1200,720,-12.5,-108,-112,,,,,2,,0,Lubbock,TX,1,976,,,,-6.0,"38,44","34,42",-500,360,-7.5,-112,-112,143.0,-108,-112
ncaab:401602359,ncaab,2023-12-13T02:00Z,final,68,2466,Boise St,N'Western St,95,54,,,,0,,,,,,,,,,2,,0,Boise,ID,1,823,,,,-7.0,"45,50","30,24",,,,,,,,
ncaab:401604280,ncaab,2023-12-13T02:30Z,final,166,3141,New Mexico St,Northern NM,76,71,,,,0,,,,,,,,,,2,,0,Las Cruces,NM,1,1191,,,,-7.0,"30,46","31,40",,,,,,,,
ncaab:401594628,ncaab,2023-12-13T03:00Z,final,2483,2856,Oregon,CA Baptist,76,55,,,,0,,,,,,,,,,2,,0,Eugene,OR,1,131,,,,-8.0,"36,40","31,24",,,,,,,,
ncaab:401594075,ncaab,2023-12-13T17:00Z,final,2506,108806,Presbyterian,Mid Atl Chrstn,118,51,,,,0,,,,,,,,,,2,,0,Clinton,SC,1,76,,,,-5.0,"54,64","18,33",,,,,,,,
ncaab:401593835,ncaab,2023-12-13T17:15Z,final,242,2916,Rice,Incarnate Word,80,57,-1000,640,,0,-720,500,-12.5,-114,-106,,,,,2,,0,Houston,TX,1,12,,,,-6.0,"37,43","34,23",-480,334,-8.0,-114,-111,158.5,-110,-108
ncaab:401607609,ncaab,2023-12-13T18:00Z,final,47,111926,Howard,Regent,88,49,,,,0,,,,,,,,,,2,,0,Washington,DC,1,7,,,,-5.0,"41,47","17,32",,,,,,,,
ncaab:401587171,ncaab,2023-12-13T21:00Z,final,163,109684,Princeton,Bryn Athyn,92,40,,,,0,,,,,,,,,,2,,0,Princeton,NJ,1,62,,,,-5.0,"53,39","15,25",,,,,,,,
ncaab:401594403,ncaab,2023-12-13T23:30Z,final,2619,2450,Stony Brook,Norfolk St,84,78,-135,114,,0,-130,108,-2.0,-112,-108,,,,,2,,0,Stony Brook,NY,1,27,,,,-5.0,"35,49","39,39",-125,-105,-1.0,-111,-114,137.0,-108,-112
ncaab:401577696,ncaab,2023-12-14T00:00Z,final,2649,276,Toledo,Marshall,88,87,-345,270,,0,-360,280,-8.0,-108,-112,,,,,2,,0,Toledo,OH,1,186,,,,-5.0,"48,40","39,48",-265,200,-4.5,-109,-116,164.0,-110,-110
ncaab:401581832,ncaab,2023-12-14T00:00Z,final,2511,2026,Queens,App State,81,93,,,,0,,,,,,,,,,2,,0,Charlotte,NC,1,229,,,,-5.0,"38,43","45,48",,,,,,,,
ncaab:401587118,ncaab,2023-12-14T00:00Z,final,2127,2453,Charleston So,North Alabama,64,76,188,-230,,0,220,-275,5.5,-110,-110,,,,,2,,0,Charleston,SC,1,6,,,,-5.0,"31,33","40,36",146,-190,3.0,-115,-110,143.5,-110,-110
ncaab:401597965,ncaab,2023-12-14T00:00Z,final,159,104,Dartmouth,Boston U,63,54,-130,110,,0,-138,115,-1.5,-108,-112,,,,,2,,0,Hanover,NH,1,162,,,,-5.0,"33,30","28,26",-130,101,-0.5,-115,-111,131.0,-108,-112
ncaab:401608783,ncaab,2023-12-14T00:00Z,final,2226,2229,FAU,FIU,94,60,,,,0,,,,,,,,,,2,,0,Boca Raton,FL,1,4,,,,-5.0,"43,51","20,40",,,,,,,,
ncaab:401592098,ncaab,2023-12-14T00:30Z,final,2031,2636,Little Rock,UTSA,93,84,-295,235,,0,-260,210,-6.5,-120,-102,,,,,2,,0,Little Rock,AR,1,102,,,,-6.0,"42,51","43,41",-232,181,-3.5,-115,-111,159.5,-112,-108
ncaab:401594433,ncaab,2023-12-14T00:30Z,final,344,93,Mississippi St,Murray St,85,81,-2000,1000,,0,-3000,1200,-16.0,-110,-110,,,,,2,,0,Starkville,MS,1,101,,,,-6.0,"53,32","41,40",-820,500,-9.5,-108,-117,136.5,-115,-110
ncaab:401579011,ncaab,2023-12-14T01:00Z,final,2377,2572,McNeese,Southern Miss,67,48,-278,225,,0,-250,202,-7.0,-110,-110,,,,,2,,0,Lake Charles,LA,1,4,,,,-6.0,"38,29","26,22",-220,170,-3.5,-115,-112,138.5,-108,-112
ncaab:401581722,ncaab,2023-12-14T01:00Z,final,77,2130,Northwestern,Chicago St,73,75,-10000,2500,,0,-10000,2400,-24.5,-120,-102,,,,,2,,0,Evanston,IL,1,187,,,,-6.0,"38,35","37,38",-2450,998,-14.0,-113,-112,134.5,-110,-110
ncaab:401583797,ncaab,2023-12-14T01:00Z,final,2,2427,Auburn,UNC Asheville,87,62,,,,1,,,,,,,,,,2,,0,Huntsville,AL,1,193,,,,-6.0,"39,48","27,35",,,,,,,,
ncaab:401584432,ncaab,2023-12-14T01:00Z,final,99,2011,LSU,Alabama St,74,56,-4500,1600,,0,-4500,1600,-21.0,-110,-110,,,,,2,,0,Baton Rouge,LA,1,14,,,,-6.0,"30,44","34,22",-1512,756,-12.5,-112,-112,147.0,-110,-110
ncaab:401594615,ncaab,2023-12-14T01:00Z,final,97,2032,Louisville,Arkansas St,63,75,-185,154,,0,-230,188,-3.5,-110,-110,,,,,2,,0,Louisville,KY,1,142,,,,-5.0,"31,32","29,46",-175,135,-2.0,-114,-110,152.0,-110,-110
ncaab:401597874,ncaab,2023-12-14T01:00Z,final,2010,5,Alabama A&M,UAB,82,93,600,-880,,0,500,-720,13.5,-110,-110,,,,,2,,0,Huntsville,AL,1,193,,,,-6.0,"45,37","45,48",319,-451,7.5,-115,-110,152.5,-115,-108
ncaab:401597911,ncaab,2023-12-14T01:00Z,final,270,2344,Milwaukee,Longwood,67,80,140,-170,,0,125,-155,3.5,-110,-110,,,,,2,,0,Milwaukee,WI,1,188,,,,-6.0,"33,34","39,41",123,-156,1.5,-112,-112,148.0,-110,-110
ncaab:401584375,ncaab,2023-12-14T01:30Z,final,2335,2634,Liberty,Tennessee St,74,52,-1399,800,,0,-1200,725,-14.5,-114,-106,,,,,2,,0,Lynchburg,VA,1,192,,,,-5.0,"34,40","35,17",-620,400,-8.5,-110,-117,138.5,-110,-110
ncaab:401600454,ncaab,2023-12-14T01:30Z,final,309,2198,Louisiana,E Kentucky,73,62,,,,0,,,,,,,,,,2,,0,Lafayette,LA,1,11,,,,-6.0,"27,46","25,37",,,,,,,,
ncaab:401577596,ncaab,2023-12-14T02:00Z,final,2439,156,UNLV,Creighton,79,64,660,-1050,,1,720,-1200,13.5,-110,-110,,,,,2,,0,Henderson,NV,1,569,,,,-8.0,"36,43","28,36",360,-540,7.5,-110,-115,148.5,-115,-108
ncaab:401593955,ncaab,2023-12-14T02:00Z,final,252,2172,BYU,Denver,90,74,-10000,3000,,0,-10000,2500,-26.5,-110,-110,,,,,2,,0,Provo,UT,1,1387,,,,-7.0,"45,45","25,49",-3557,1248,-15.5,-110,-115,157.5,-112,-108
ncaab:401593976,ncaab,2023-12-14T02:00Z,final,331,3217,E Washington,Portland Bible,103,34,,,,0,,,,,,,,,,2,,0,Cheney,WA,1,717,,,,-8.0,"49,54","16,18",,,,,,,,
ncaab:401579117,ncaab,2023-12-14T03:00Z,final,2541,328,Santa Clara,Utah State,82,84,114,-135,,0,126,-152,2.0,-110,-110,,,,,2,,0,Santa Clara,CA,1,23,,,,-8.0,"43,39","43,41",-105,-125,1.0,-117,-107,150.5,-112,-108
ncaab:401590840,ncaab,2023-12-14T03:00Z,final,2440,2692,Nevada,Weber St,72,55,-425,330,,0,-530,390,-9.0,-108,-112,,,,,2,,0,Reno,NV,1,1373,,,,-8.0,"29,43","22,33",-324,242,-5.0,-115,-115,138.0,-110,-110
ncaab:401598046,ncaab,2023-12-14T03:00Z,final,2539,2547,San Francisco,Seattle U,62,59,-450,350,,0,-385,300,-10.0,-110,-110,,,,,2,,0,San Francisco,CA,1,16,,,,-8.0,"27,35","34,25",-322,242,-5.5,-111,-115,135.5,-110,-110
ncaab:401599989,ncaab,2023-12-14T22:00Z,final,294,3174,Jacksonville,Trinity Co Jax,91,54,,,,0,,,,,,,,,,2,,0,Jacksonville,FL,1,5,,,,-5.0,"47,44","27,27",,,,,,,,
ncaab:401583781,ncaab,2023-12-14T23:30Z,final,2754,2062,Youngstown St,Bethany (WV),107,70,,,,0,,,,,,,,,,2,,0,Youngstown,OH,1,259,,,,-5.0,"54,53","39,31",,,,,,,,
ncaab:401575754,ncaab,2023-12-15T00:00Z,final,57,151,Florida,East Carolina,70,65,-1600,890,,1,-1800,920,-15.0,-110,-110,,,,,2,,0,Lakeland,FL,1,60,,,,-5.0,"37,33","30,35",-650,400,-9.0,-115,-115,153.0,-112,-108
ncaab:401577653,ncaab,2023-12-15T00:00Z,final,232,2643,Charleston,The Citadel,86,71,-1000,640,,0,-1450,810,-13.5,-120,-102,,,,,2,,0,Charleston,SC,1,6,,,,-5.0,"44,42","32,39",-475,325,-7.5,-115,-115,147.0,-112,-108
ncaab:401584415,ncaab,2023-12-15T00:00Z,final,275,55,Wisconsin,Jax State,75,60,,,,0,,,,,,,,,,2,,0,Madison,WI,1,267,,,,-6.0,"38,37","30,30",,,,,,,,
ncaab:401594233,ncaab,2023-12-15T00:00Z,final,94,511,N Kentucky,Cumberlands,94,59,,,,0,,,,,,,,,,2,,0,Highland Heights,KY,1,260,,,,-5.0,"46,48","32,27",,,,,,,,
ncaab:401596813,ncaab,2023-12-15T00:00Z,final,2097,395,Campbell,St Augustine's,97,48,,,,0,,,,,,,,,,2,,0,Buies Creek,NC,1,63,,,,-5.0,"47,50","25,23",,,,,,,,
ncaab:401597955,ncaab,2023-12-15T00:00Z,final,2413,126824,Morehead St,St Mary's,102,33,,,,0,,,,,,,,,,2,,0,Morehead,KY,1,153,,,,-6.0,"52,50","19,14",,,,,,,,
ncaab:401599589,ncaab,2023-12-15T00:00Z,final,2655,231,Tulane,Furman,117,110,-290,235,,0,-250,202,-7.0,-110,-110,,,,,2,,0,New Orleans,LA,1,0,,,,-6.0,"47,45,7,18","35,57,7,11",-245,185,-4.0,-115,-115,171.5,-115,-110
ncaab:401579039,ncaab,2023-12-15T00:30Z,final,2443,3,LSU N Orleans,B'ham Southern,91,51,,,,0,,,,,,,,,,2,,0,New Orleans,LA,1,0,,,,-6.0,"49,42","24,27",,,,,,,,
ncaab:401577604,ncaab,2023-12-15T01:00Z,final,269,2900,Marquette,St Thomas,84,79,,,,0,,,,,,,,,,2,,0,Milwaukee,WI,1,188,,,,-6.0,"45,39","33,46",,,,,,,,
ncaab:401581790,ncaab,2023-12-15T01:00Z,final,2320,2433,Lamar,UL Monroe,97,73,,,,0,,,,,,,,,,2,,0,Beaumont,TX,1,5,,,,-6.0,"47,50","37,36",,,,,,,,
ncaab:401590232,ncaab,2023-12-15T01:00Z,final,2571,561,S Dakota St,Mayville St,94,62,,,,0,,,,,,,,,,2,,0,Brookings,SD,1,494,,,,-6.0,"56,38","34,28",,,,,,,,
ncaab:401594420,ncaab,2023-12-15T01:00Z,final,2181,2755,Drake,Grambling,68,56,-7000,2000,,0,-7000,2000,-23.0,-110,-110,,,,,2,,0,Des Moines,IA,1,266,,,,-6.0,"35,33","30,26",-1450,750,-14.0,-115,-115,142.0,-110,-110
ncaab:401581168,ncaab,2023-12-16T00:00Z,final,2086,129,Butler,Saginaw Valley,96,70,,,,0,,,,,,,,,,2,,0,Indianapolis,IN,1,218,,,,-5.0,"47,49","29,41",,,,,,,,
ncaab:401588316,ncaab,2023-12-16T00:00Z,final,2210,2079,Elon,Bridgewater,104,70,,,,0,,,,,,,,,,2,,0,Elon,NC,1,215,,,,-5.0,"66,38","37,33",,,,,,,,
ncaab:401589383,ncaab,2023-12-16T00:00Z,final,2598,116,Saint Francis,Mount St Marys,65,72,,,,0,,,,,,,,,,2,,0,Loretto,PA,1,595,,,,-5.0,"15,50","40,32",,,,,,,,
ncaab:401590923,ncaab,2023-12-16T00:00Z,final,2428,2592,NC Central,St Andrews,102,50,,,,0,,,,,,,,,,2,,0,Durham,NC,1,123,,,,-5.0,"45,57","31,19",,,,,,,,
ncaab:401604371,ncaab,2023-12-16T00:00Z,final,2193,2839,ETSU,Tusculum,105,43,,,,0,,,,,,,,,,2,,0,Johnson City,TN,1,498,,,,-5.0,"51,54","20,23",,,,,,,,
ncaab:401598012,ncaab,2023-12-16T00:30Z,final,2534,326,Sam Houston,Texas St,60,73,-212,175,,0,-220,180,-5.0,-107,-112,,,,,2,,0,Huntsville,TX,1,113,,,,-6.0,"33,27","23,50",-180,140,-2.5,-120,-110,137.0,-111,-109
ncaab:401604784,ncaab,2023-12-16T00:30Z,final,292,357,UT Rio Grande,Texas A&M-CC,76,86,,,,0,,,,,,,,,,2,,0,Edinburg,TX,1,30,,,,-6.0,"41,35","40,46",,,,,,,,
ncaab:401587209,ncaab,2023-12-16T01:00Z,final,71,325,Bradley,Cleveland St,69,76,-425,330,,0,-472,357,-10.0,-110,-110,,,,,2,,0,Peoria,IL,1,153,,,,-6.0,"27,42","30,46",-330,240,-5.0,-120,-110,140.5,-108,-112
ncaab:401607341,ncaab,2023-12-16T01:00Z,final,38,2458,Colorado,N Colorado,90,68,-4000,1600,,0,-7000,2000,-22.0,-110,-110,,,,,2,,0,Boulder,CO,1,1624,,,,-7.0,"48,42","27,41",-1600,800,-13.0,-115,-115,153.5,-108,-108
ncaab:401604281,ncaab,2023-12-16T02:00Z,final,166,167,New Mexico St,New Mexico,72,73,687,-1100,,0,810,-1450,15.0,-109,-111,,,,,2,,0,Las Cruces,NM,1,1191,,,,-7.0,"30,42","32,41",390,-650,8.0,-115,-115,153.0,-108,-112
ncaab:401591373,ncaab,2023-12-16T03:00Z,final,2250,41,Gonzaga,UConn,63,76,,,,1,,,,,,,,,,2,,0,Seattle,WA,1,56,,,,-8.0,"34,29","45,31",,,,,,,,
ncaab:401594037,ncaab,2023-12-16T03:00Z,final,301,2502,San Diego,Portland St,69,65,110,-130,,0,-106,-113,1.5,-107,-112,,,,,2,,0,San Diego,CA,1,20,,,,-8.0,"34,35","32,33",-100,-130,0.5,-110,-120,153.0,-110,-110
ncaab:401598569,ncaab,2023-12-16T03:00Z,final,278,2934,Fresno St,Bakersfield,61,58,-451,346,,0,-490,365,-9.5,-111,-109,,,,,2,,0,Fresno,CA,1,94,,,,-8.0,"24,37","17,41",-335,250,-5.0,-115,-115,134.0,-112,-110
ncaab:401583730,ncaab,2023-12-16T17:00Z,final,251,99,Texas,LSU,96,85,-305,245,,1,-330,260,-7.5,-108,-112,,,,,2,,0,Houston,TX,1,12,,,,-6.0,"56,40","37,48",-239,180,-3.5,-115,-110,144.0,-111,-109
ncaab:401587247,ncaab,2023-12-16T17:00Z,final,85,2815,IU Indy,Lindenwood,67,73,-152,127,,0,-104,-115,-2.5,-109,-111,,,,,2,,0,Indianapolis,IN,1,218,,,,-5.0,"37,30","35,38",-140,110,-1.0,-120,-110,139.5,-107,-112
ncaab:401588938,ncaab,2023-12-16T17:00Z,final,2390,2325,Miami,La Salle,84,77,-1600,900,,0,-1800,920,-15.5,-110,-110,,,,,2,,0,Coral Gables,FL,1,3,,,,-5.0,"45,39","33,44",-710,460,-9.5,-110,-120,156.0,-110,-110
ncaab:401608453,ncaab,2023-12-16T17:00Z,final,213,59,Penn State,Georgia Tech,81,82,-177,147,,1,-130,108,-3.5,-110,-110,,,,,2,,0,New York,NY,1,10,,,,-5.0,"37,35,9","39,33,10",-155,119,-1.5,-120,-110,148.0,-112,-108
ncaab:401575457,ncaab,2023-12-16T17:30Z,final,84,2305,Indiana,Kansas,71,75,230,-290,,0,220,-275,7.0,-112,-108,,,,,2,,0,Bloomington,IN,1,235,,,,-5.0,"40,31","32,43",175,-230,4.0,-115,-115,147.5,-110,-110
ncaab:401576641,ncaab,2023-12-16T18:00Z,final,164,112358,Rutgers,Long Island,83,61,,,,0,,,,,,,,,,2,,0,Piscataway,NJ,1,30,,,,-5.0,"41,42","30,31",,,,,,,,
ncaab:401584376,ncaab,2023-12-16T18:00Z,final,2335,2592,Liberty,St Andrews,99,26,,,,0,,,,,,,,,,2,,0,Lynchburg,VA,1,192,,,,-5.0,"52,47","14,12",,,,,,,,
ncaab:401594363,ncaab,2023-12-16T18:00Z,final,315,2885,Niagara,NJIT,89,81,,,,0,,,,,,,,,,2,,0,Niagara Falls,NY,1,187,,,,-5.0,"38,51","39,42",,,,,,,,
ncaab:401577722,ncaab,2023-12-16T18:30Z,final,2507,2529,Providence,Sacred Heart,78,64,-2800,1300,,0,-4500,1600,-20.0,-112,-108,,,,,2,,0,Providence,RI,1,2,,,,-5.0,"31,47","30,34",-1243,700,-12.0,-112,-112,142.5,-112,-108
ncaab:401588605,ncaab,2023-12-16T18:45Z,final,2050,282,Ball State,Indiana St,72,83,1000,-1698,,1,710,-1250,15.5,-114,-106,,,,,2,,0,Indianapolis,IN,1,218,,,,-5.0,"29,43","40,43",390,-590,8.5,-110,-115,153.5,-110,-110
ncaab:401576144,ncaab,2023-12-16T19:00Z,final,2670,218,VCU,Temple,87,78,-465,350,,0,-450,340,-8.5,-112,-108,,,,,2,,0,Richmond,VA,1,64,,,,-5.0,"50,37","31,47",-320,240,-5.0,-115,-110,138.5,-115,-108
ncaab:401577556,ncaab,2023-12-16T19:00Z,final,221,2569,Pitt,SC State,86,50,,,,0,,,,,,,,,,2,,0,Pittsburgh,PA,1,233,,,,-5.0,"36,50","20,30",,,,,,,,
ncaab:401577713,ncaab,2023-12-16T19:00Z,final,82,2711,UIC,W Michigan,89,68,,,,0,,,,,,,,,,2,,0,Chicago,IL,1,179,,,,-6.0,"47,42","33,35",,,,,,,,
ncaab:401579118,ncaab,2023-12-16T19:00Z,final,2541,265,Santa Clara,Washington St,69,61,200,-250,,1,172,-210,5.5,-110,-110,,,,,2,,0,Phoenix,AZ,1,331,,,,-7.0,"39,30","23,38",160,-210,3.5,-116,-109,147.5,-110,-110
ncaab:401581808,ncaab,2023-12-16T19:00Z,final,189,140,Bowling Green,Kansas City,79,69,-238,195,,0,-290,225,-5.5,-108,-112,,,,,2,,0,Bowling Green,OH,1,212,,,,-5.0,"45,34","34,35",-192,144,-3.0,-113,-111,137.5,-115,-108
ncaab:401581842,ncaab,2023-12-16T19:00Z,final,2261,256,Hampton,James Madison,71,88,675,-1050,,0,790,-1500,15.5,-108,-112,,,,,2,,0,Hampton,VA,1,1,,,,-5.0,"42,29","41,47",400,-635,9.5,-117,-108,164.5,-110,-110
ncaab:401582146,ncaab,2023-12-16T19:00Z,final,2182,399,Drexel,UAlbany,71,52,,,,0,,,,,,,,,,2,,0,Philadelphia,PA,1,12,,,,-5.0,"33,38","25,27",,,,,,,,
ncaab:401583750,ncaab,2023-12-16T19:00Z,final,2405,2520,Monmouth,Rider,77,71,-218,180,,0,-290,225,-4.5,-110,-110,,,,,2,,0,West Long Branch,NJ,1,9,,,,-5.0,"44,33","37,34",-195,150,-2.5,-109,-116,145.5,-110,-110
ncaab:401584345,ncaab,2023-12-16T19:00Z,final,2454,3174,North Florida,Trinity Co Jax,113,72,,,,0,,,,,,,,,,2,,0,Jacksonville,FL,1,5,,,,-5.0,"43,70","36,36",,,,,,,,
ncaab:401587146,ncaab,2023-12-16T19:00Z,final,2803,119,Bryant,Towson,101,93,124,-148,,1,-100,-120,2.5,-110,-110,,,,,2,,0,Elmont,NY,1,12,,,,-5.0,"33,40,12,16","37,36,12,8",108,-137,1.5,-119,-107,133.5,-115,-110
ncaab:401592434,ncaab,2023-12-16T19:00Z,final,127,239,Michigan St,Baylor,88,64,130,-160,,1,140,-170,3.5,-110,-110,,,,,2,,0,Detroit,MI,1,183,,,,-5.0,"45,43","17,47",115,-145,1.5,-115,-106,144.0,-110,-108
ncaab:401593917,ncaab,2023-12-16T19:00Z,final,2506,338,Presbyterian,Kennesaw St,84,94,185,-225,,0,120,-148,5.5,-112,-108,,,,,2,,0,Clinton,SC,1,76,,,,-5.0,"35,49","53,41",130,-166,2.5,-112,-112,159.0,-110,-110
ncaab:401594404,ncaab,2023-12-16T19:00Z,final,2275,2450,Hofstra,Norfolk St,74,58,-485,370,,0,-610,440,-10.0,-110,-110,,,,,2,,0,Hempstead,NY,1,17,,,,-5.0,"31,43","32,26",-304,227,-5.0,-117,-108,140.5,-110,-118
ncaab:401597992,ncaab,2023-12-16T19:00Z,final,2382,526,Mercer,FGCU,70,65,,,,0,,,,,,,,,,2,,0,Macon,GA,1,112,,,,-5.0,"37,33","33,32",,,,,,,,
ncaab:401599984,ncaab,2023-12-16T19:00Z,final,2655,2582,Tulane,Southern,105,81,-1399,800,,0,-1300,730,-14.5,-110,-110,,,,,2,,0,New Orleans,LA,1,0,,,,-6.0,"51,54","26,55",-540,360,-8.5,-108,-117,162.0,-112,-108
ncaab:401600289,ncaab,2023-12-16T19:00Z,final,2330,159,Le Moyne,Dartmouth,80,54,102,-124,,0,156,-194,1.5,-110,-110,,,,,2,,0,Syracuse,NY,1,121,,,,-5.0,"36,44","36,18",-100,-130,0.5,-111,-115,137.5,-110,-110
ncaab:401575488,ncaab,2023-12-16T19:15Z,final,87,46,Notre Dame,Georgetown,68,72,-190,155,,0,-255,205,-3.5,-110,-110,,,,,2,,0,South Bend,IN,1,211,,,,-5.0,"35,27,6","33,29,10",-165,130,-2.0,-112,-112,136.0,-108,-112
ncaab:401575440,ncaab,2023-12-16T19:30Z,final,248,245,Houston,Texas A&M,70,66,,,,1,,,,,,,,,,2,,0,Houston,TX,1,12,,,,-6.0,"38,32","23,43",,,,,,,,
ncaab:401577631,ncaab,2023-12-16T19:30Z,final,130,2199,Michigan,E Michigan,83,66,,,,0,,,,,,,,,,2,,0,Ann Arbor,MI,1,269,,,,-5.0,"49,34","32,34",,,,,,,,
ncaab:401575767,ncaab,2023-12-16T20:00Z,final,2535,2057,Samford,Belmont,99,93,-172,142,,0,-210,172,-4.0,-110,-110,,,,,2,,0,Homewood,AL,1,203,,,,-6.0,"44,55","36,57",-160,124,-2.0,-114,-110,167.5,-110,-110
ncaab:401577703,ncaab,2023-12-16T20:00Z,final,202,2623,Tulsa,Missouri St,73,72,-110,-110,,0,-110,-110,1.0,-115,-105,,,,,2,,0,Tulsa,OK,1,220,,,,-6.0,"36,37","37,35",-120,-110,0.0,-116,-109,142.5,-115,-105
ncaab:401581146,ncaab,2023-12-16T20:00Z,final,194,26,Ohio State,UCLA,67,60,,,,1,,,,,,,,,,2,,0,Atlanta,GA,1,320,,,,-5.0,"22,45","23,37",,,,,,,,
ncaab:401583604,ncaab,2023-12-16T20:00Z,final,235,228,Memphis,Clemson,79,77,-160,132,,0,-164,136,-3.5,-106,-113,,,,,2,,0,Memphis,TN,1,78,,,,-6.0,"32,47","39,38",-150,116,-1.5,-120,-110,152.5,-114,-106
ncaab:401593836,ncaab,2023-12-16T20:00Z,final,2466,242,N'Western St,Rice,51,76,,,,0,,,,,,,,,,2,,0,Natchitoches,LA,1,36,,,,-6.0,"24,27","34,42",,,,,,,,
ncaab:401594467,ncaab,2023-12-16T20:00Z,final,2634,109700,Tennessee St,Boyce,117,59,,,,0,,,,,,,,,,2,,0,Nashville,TN,1,170,,,,-6.0,"58,59","36,23",,,,,,,,
ncaab:401594621,ncaab,2023-12-16T20:00Z,final,290,350,GA Southern,UNC Wilmington,77,82,,,,0,,,,,,,,,,2,,0,Statesboro,GA,1,77,,,,-5.0,"29,48","34,48",,,,,,,,
ncaab:401597884,ncaab,2023-12-16T20:00Z,final,98,2046,Western KY,Austin Peay,65,64,-425,330,,0,-430,320,-8.5,-110,-110,,,,,2,,0,Bowling Green,KY,1,161,,,,-6.0,"35,30","28,36",-289,215,-4.5,-106,-120,143.5,-110,-110
ncaab:401617059,ncaab,2023-12-16T20:00Z,final,2166,2355,Davidson,Lynchburg,98,63,,,,0,,,,,,,,,,2,,0,Davidson,NC,1,256,,,,-5.0,"47,51","25,38",,,,,,,,
ncaab:401586895,ncaab,2023-12-16T20:30Z,final,2599,2230,St John's,Fordham,77,55,,,,0,,,,,,,,,,2,,0,New York,NY,1,10,,,,-5.0,"39,38","28,27",,,,,,,,
ncaab:401587140,ncaab,2023-12-16T20:30Z,final,2083,2515,Bucknell,Radford,63,70,145,-175,,0,176,-215,3.5,-115,-105,,,,,2,,0,Lewisburg,PA,1,144,,,,-5.0,"30,33","30,40",129,-161,2.0,-119,-107,132.5,-110,-110
ncaab:401575423,ncaab,2023-12-16T21:00Z,final,179,2226,St Bonaventure,FAU,54,64,,,,1,,,,,,,,,,2,,0,Springfield,MA,1,25,,,,-5.0,"26,28","27,37",,,,,,,,
ncaab:401577579,ncaab,2023-12-16T21:00Z,final,58,2350,South Florida,Loyola Chicago,77,64,-112,-108,,0,-110,-110,-1.0,-105,-115,,,,,2,,0,Tampa,FL,1,1,,,,-5.0,"35,42","38,26",-114,-115,0.0,-112,-114,144.5,-110,-105
ncaab:401581833,ncaab,2023-12-16T21:00Z,final,2026,2241,App State,Gardner-Webb,80,59,,,,1,,,,,,,,,,2,,0,Greensboro,NC,1,266,,,,-5.0,"29,51","31,28",,,,,,,,
ncaab:401584333,ncaab,2023-12-16T21:00Z,final,259,261,Virginia Tech,Vermont,73,51,-550,400,,0,-430,340,-9.5,-110,-110,,,,,2,,0,Blacksburg,VA,1,633,,,,-5.0,"36,37","17,34",-342,252,-5.5,-116,-109,138.5,-110,-110
ncaab:401584367,ncaab,2023-12-16T21:00Z,final,2464,253,N Arizona,Southern Utah,76,74,-180,150,,0,-145,120,-4.0,-110,-110,,,,,2,,0,Flagstaff,AZ,1,2104,,,,-7.0,"40,36","39,35",-182,137,-2.5,-111,-115,148.5,-106,-110
ncaab:401584455,ncaab,2023-12-16T21:00Z,final,254,3084,Utah,Utah Valley,76,62,-2255,1093,,0,-2500,1100,-17.5,-109,-111,,,,,2,,0,Salt Lake City,UT,1,1299,,,,-7.0,"38,38","32,30",-1000,525,-10.5,-117,-108,139.5,-110,-110
ncaab:401587119,ncaab,2023-12-16T21:00Z,final,2635,2453,Tennessee Tech,North Alabama,70,67,120,-145,,0,120,-148,2.5,-110,-110,,,,,2,,0,Cookeville,TN,1,334,,,,-6.0,"31,39","37,30",-100,-130,1.0,-112,-114,146.0,-110,-110
ncaab:401587219,ncaab,2023-12-16T21:00Z,final,91,339,Bellarmine,Evansville,61,70,-120,-100,,0,-164,134,-1.0,-112,-108,,,,,2,,0,Louisville,KY,1,142,,,,-5.0,"28,33","29,41",-130,-100,-0.5,-114,-111,143.0,-108,-112
ncaab:401594434,ncaab,2023-12-16T21:00Z,final,93,2545,Murray St,SE Louisiana,55,61,,,,0,,,,,,,,,,2,,0,Murray,KY,1,163,,,,-6.0,"29,26","24,37",,,,,,,,
ncaab:401594440,ncaab,2023-12-16T21:00Z,final,2674,2130,Valparaiso,Chicago St,62,63,-155,130,,0,-188,152,-3.0,-108,-112,,,,,2,,0,Valparaiso,IN,1,242,,,,-6.0,"32,30","33,30",-150,120,-1.5,-110,-115,138.0,-112,-108
ncaab:401597415,ncaab,2023-12-16T21:00Z,final,328,2539,Utah State,San Francisco,54,53,-170,140,,1,-150,125,-3.5,-110,-110,,,,,2,,0,Salt Lake City,UT,1,1299,,,,-7.0,"25,29","30,23",-165,125,-2.0,-113,-111,137.5,-110,-110
ncaab:401577644,ncaab,2023-12-16T21:30Z,final,2509,12,Purdue,Arizona,92,84,114,-135,,1,-114,-105,2.0,-108,-112,,,,,2,,0,Indianapolis,IN,1,218,,,,-5.0,"49,43","38,46",-105,-125,0.5,-115,-105,159.5,-110,-110
ncaab:401583809,ncaab,2023-12-16T21:30Z,final,2908,2717,SC Upstate,W Carolina,53,70,,,,0,,,,,,,,,,2,,0,Spartanburg,SC,1,246,,,,-5.0,"28,25","35,35",,,,,,,,
ncaab:401590982,ncaab,2023-12-16T21:30Z,final,2351,2540,LMU,Santa Barbara,59,68,,,,1,,,,,,,,,,2,,0,Phoenix,AZ,1,331,,,,-7.0,"28,31","35,33",,,,,,,,
ncaab:401598901,ncaab,2023-12-16T21:30Z,final,2294,50,Iowa,Florida A&M,88,52,-5000,1800,,0,-4500,1600,-24.5,-110,-110,,,,,2,,0,Des Moines,IA,1,266,,,,-6.0,"43,45","20,32",-2043,898,-14.0,-115,-110,153.5,-110,-110
ncaab:401575412,ncaab,2023-12-16T22:00Z,final,279,302,Pacific,UC Davis,61,82,250,-325,,0,205,-260,8.0,-110,-110,,,,,2,,0,Stockton,CA,1,4,,,,-8.0,"34,27","43,39",180,-244,4.0,-112,-112,144.5,-110,-110
ncaab:401577967,ncaab,2023-12-16T22:00Z,final,250,2005,UT Arlington,Air Force,76,73,,,,1,,,,,,,,,,2,,0,Fort Worth,TX,1,199,,,,-6.0,"42,34","37,36",,,,,,,,
ncaab:401582024,ncaab,2023-12-16T22:00Z,final,2349,2115,UMass Lowell,C Connecticut,54,57,,,,0,,,,,,,,,,2,,0,Lowell,MA,1,36,,,,-5.0,"25,29","31,26",,,,,,,,
ncaab:401586902,ncaab,2023-12-16T22:15Z,final,48,227,Delaware,Rhode Island,67,56,-162,136,,1,-172,140,-3.5,-115,-105,,,,,2,,0,Elmont,NY,1,12,,,,-5.0,"35,32","26,30",-150,117,-1.0,-117,-108,141.5,-110,-110
ncaab:401581147,ncaab,2023-12-16T22:30Z,final,96,153,Kentucky,North Carolina,87,83,-105,-115,,1,-110,-110,1.0,-112,-108,,,,,2,,0,Atlanta,GA,1,320,,,,-5.0,"40,47","38,45",-115,-115,0.5,-120,-102,164.5,-112,-105
ncaab:401581723,ncaab,2023-12-16T22:30Z,final,305,77,DePaul,Northwestern,46,56,360,-470,,0,220,-275,9.5,-110,-110,,,,,2,,0,Chicago,IL,1,179,,,,-6.0,"25,21","25,31",250,-350,5.5,-115,-110,141.0,-108,-112
ncaab:401594534,ncaab,2023-12-16T22:30Z,final,61,2272,Georgia,High Point,66,58,-350,280,,0,-530,390,-8.0,-110,-110,,,,,2,,0,Athens,GA,1,228,,,,-5.0,"30,36","33,25",-262,200,-4.5,-110,-115,150.5,-110,-110
ncaab:401575431,ncaab,2023-12-16T23:00Z,final,258,111,Virginia,Northeastern,56,54,-1650,950,,0,-2200,980,-16.0,-112,-108,,,,,2,,0,Charlottesville,VA,1,142,,,,-5.0,"24,32","30,24",-720,450,-9.5,-109,-116,126.5,-108,-112
ncaab:401589060,ncaab,2023-12-16T23:00Z,final,2244,2352,George Mason,Loyola MD,62,54,-900,600,,0,-2500,1120,-14.0,-110,-110,,,,,2,,0,Fairfax,VA,1,131,,,,-5.0,"32,30","23,31",-500,340,-8.0,-119,-107,132.5,-110,-110
ncaab:401592851,ncaab,2023-12-16T23:00Z,final,2579,2127,South Carolina,Charleston So,73,69,-4000,1500,,0,-10000,2500,-20.5,-115,-105,,,,,2,,0,Columbia,SC,1,89,,,,-5.0,"39,34","36,33",-1150,650,-12.0,-110,-114,136.5,-110,-110
ncaab:401593938,ncaab,2023-12-16T23:00Z,final,8,288,Arkansas,Lipscomb,69,66,-1450,850,,1,-650,440,-16.5,-108,-112,,,,,2,,0,North Little Rock,AR,1,81,,,,-6.0,"41,28","33,33",-540,360,-8.5,-112,-114,154.5,-108,-112
ncaab:401608784,ncaab,2023-12-16T23:00Z,final,2229,3155,FIU,Trinity (FL),146,55,,,,0,,,,,,,,,,2,,0,Miami,FL,1,2,,,,-5.0,"73,73","31,24",,,,,,,,
ncaab:401575475,ncaab,2023-12-16T23:30Z,final,113,277,UMass,West Virginia,87,79,,,,1,,,,,,,,,,2,,0,Springfield,MA,1,25,,,,-5.0,"44,43","29,50",,,,,,,,
ncaab:401574624,ncaab,2023-12-17T00:00Z,final,2870,2065,Purdue FW,Bethune,86,63,-850,575,,0,-1800,880,-12.5,-112,-108,,,,,2,,0,Fort Wayne,IN,1,247,,,,-5.0,"45,41","39,24",-460,317,-7.5,-114,-110,154.0,-108,-112
ncaab:401577537,ncaab,2023-12-17T00:00Z,final,2132,2168,Cincinnati,Dayton,68,82,,,,1,,,,,,,,,,2,,0,Cincinnati,OH,1,191,,,,-5.0,"29,39","35,47",,,,,,,,
ncaab:401577549,ncaab,2023-12-17T00:00Z,final,314,2603,Iona,Saint Joseph's,58,83,235,-290,,1,290,-385,7.5,-112,-108,,,,,2,,0,Elmont,NY,1,12,,,,-5.0,"22,36","45,38",177,-250,4.0,-112,-112,144.0,-112,-108
ncaab:401577589,ncaab,2023-12-17T00:00Z,final,2724,79,Wichita St,S Illinois,69,68,,,,0,,,,,,,,,,2,,0,Wichita,KS,1,396,,,,-6.0,"34,35","27,41",,,,,,,,
ncaab:401581851,ncaab,2023-12-17T00:00Z,final,276,2430,Marshall,UNC Greensboro,72,65,-110,-110,,0,114,-140,1.0,-118,-102,,,,,2,,0,Huntington,WV,1,173,,,,-5.0,"32,40","34,31",-112,-117,0.5,-113,-111,157.5,-110,-110
ncaab:401593794,ncaab,2023-12-17T00:00Z,final,257,2429,Richmond,Charlotte,64,56,-198,164,,0,-215,172,-4.0,-112,-108,,,,,2,,0,Richmond,VA,1,64,,,,-5.0,"29,35","25,31",-182,140,-2.5,-108,-117,135.5,-112,-108
ncaab:401597299,ncaab,2023-12-17T00:00Z,final,2439,2608,UNLV,Saint Mary's,67,69,,,,1,,,,,,,,,,2,,0,Phoenix,AZ,1,331,,,,-7.0,"14,36,9,8","20,30,9,10",,,,,,,,
ncaab:401577611,ncaab,2023-12-17T00:30Z,final,2752,2737,Xavier,Winthrop,75,59,-800,550,,0,-720,500,-12.0,-108,-112,,,,,2,,0,Cincinnati,OH,1,191,,,,-5.0,"38,37","32,27",-429,304,-6.5,-116,-109,153.5,-110,-110
ncaab:401577968,ncaab,2023-12-17T00:30Z,final,2641,238,Texas Tech,Vanderbilt,76,54,-345,260,,1,-950,610,-8.0,-110,-110,,,,,2,,0,Fort Worth,TX,1,199,,,,-6.0,"33,43","25,29",-250,185,-4.5,-108,-117,138.0,-110,-110
ncaab:401578030,ncaab,2023-12-17T00:30Z,final,145,25,Ole Miss,California,88,78,-150,125,,1,-220,180,-2.5,-110,-110,,,,,2,,0,San Antonio,TX,1,198,,,,-6.0,"46,42","35,43",-140,110,-1.5,-110,-115,138.5,-110,-110
ncaab:401577597,ncaab,2023-12-17T01:00Z,final,156,333,Creighton,Alabama,85,82,-300,240,,0,-225,184,-7.5,-108,-112,,,,,2,,0,Omaha,NE,1,323,,,,-6.0,"44,41","44,38",-230,180,-3.5,-115,-110,165.5,-115,-105
ncaab:401586907,ncaab,2023-12-17T01:00Z,final,52,2567,Florida St,SMU,57,68,,,,0,,,,,,,,,,2,,0,Tallahassee,FL,1,62,,,,-5.0,"18,39","25,43",,,,,,,,
ncaab:401594566,ncaab,2023-12-17T01:00Z,final,2010,236,Alabama A&M,Chattanooga,72,88,360,-500,,0,350,-480,8.5,-112,-108,,,,,2,,0,Huntsville,AL,1,193,,,,-6.0,"34,38","39,49",220,-298,5.0,-111,-113,149.0,-110,-110
ncaab:401594649,ncaab,2023-12-17T01:00Z,final,27,2856,UC Riverside,CA Baptist,69,70,,,,0,,,,,,,,,,2,,0,Riverside,CA,1,252,,,,-8.0,"29,40","37,33",,,,,,,,
ncaab:401600077,ncaab,2023-12-17T01:00Z,final,139,2348,Saint Louis,Louisiana Tech,75,74,140,-166,,0,124,-152,3.0,-115,-105,,,,,2,,0,St. Louis,MO,1,142,,,,-6.0,"37,38","27,47",112,-147,1.5,-112,-112,138.0,-110,-110
ncaab:401608788,ncaab,2023-12-17T01:00Z,final,2277,3134,Hou Christian,Champ Chrstn,107,72,,,,0,,,,,,,,,,2,,0,Houston,TX,1,12,,,,-6.0,"55,52","30,42",,,,,,,,
ncaab:401581177,ncaab,2023-12-17T02:00Z,final,147,112679,Montana St,Nelson,106,81,,,,0,,,,,,,,,,2,,0,Bozeman,MT,1,1468,,,,-7.0,"56,50","43,38",,,,,,,,
ncaab:401584355,ncaab,2023-12-17T02:00Z,final,201,2739,Oklahoma,Green Bay,81,47,-10000,2500,,0,-10000,3000,-24.5,-110,-110,,,,,2,,0,Norman,OK,1,357,,,,-6.0,"36,45","20,27",-2589,1030,-15.0,-110,-114,135.5,-110,-110
ncaab:401591577,ncaab,2023-12-17T02:00Z,final,3101,155,Utah Tech,North Dakota,62,79,-184,152,,0,-215,172,-4.0,-110,-110,,,,,2,,0,St. George,UT,1,823,,,,-7.0,"21,41","40,39",-175,132,-2.5,-108,-117,142.5,-112,-108
ncaab:401593956,ncaab,2023-12-17T02:00Z,final,252,2247,BYU,Georgia St,86,54,-8929,2200,,0,-7000,2000,-24.5,-110,-110,,,,,2,,0,Provo,UT,1,1387,,,,-7.0,"39,47","26,28",-2642,1010,-14.5,-109,-116,151.0,-110,-110
ncaab:401601133,ncaab,2023-12-17T02:00Z,final,2751,2692,Wyoming,Weber St,71,84,-140,115,,0,-114,-105,-2.5,-112,-108,,,,,2,,0,Laramie,WY,1,2184,,,,-7.0,"33,38","44,40",-140,108,-1.0,-115,-111,135.5,-115,-110
ncaab:401581732,ncaab,2023-12-17T02:30Z,final,2448,2640,NC A&T,Texas Southern,85,79,,,,1,,,,,,,,,,2,,0,Las Vegas,NV,1,610,,,,-8.0,"34,51","45,34",,,,,,,,
ncaab:401583846,ncaab,2023-12-17T02:30Z,final,2253,2501,Grand Canyon,Portland,91,63,,,,1,,,,,,,,,,2,,0,Phoenix,AZ,1,331,,,,-7.0,"41,50","28,35",,,,,,,,
ncaab:401575523,ncaab,2023-12-17T03:00Z,final,2633,152,Tennessee,NC State,79,70,,,,1,,,,,,,,,,2,,0,San Antonio,TX,1,198,,,,-6.0,"34,45","31,39",,,,,,,,
ncaab:401600096,ncaab,2023-12-17T03:00Z,final,300,233,UC Irvine,South Dakota,121,78,-1698,1000,,0,-1600,820,-15.5,-110,-110,,,,,2,,0,Irvine,CA,1,17,,,,-8.0,"57,64","38,40",-679,422,-9.0,-115,-111,144.0,-108,-112
ncaab:401607342,ncaab,2023-12-17T03:00Z,final,2628,9,TCU,Arizona St,79,59,-350,280,,1,-230,188,-8.5,-110,-110,,,,,2,,0,Fort Worth,TX,1,199,,,,-6.0,"26,53","30,29",-260,195,-4.5,-115,-112,151.0,-108,-112
ncaab:401604304,ncaab,2023-12-17T04:59Z,final,47,2296,Howard,Jackson St,74,81,-162,136,,1,-172,140,-3.0,-110,-110,,,,,2,,0,Las Vegas,NV,1,610,,,,-8.0,"39,35","36,45",-145,116,-1.5,-109,-116,147.5,-110,-110
ncaab:401583798,ncaab,2023-12-17T18:00Z,final,2,30,Auburn,USC,91,75,-420,320,,0,-410,315,-8.5,-115,-105,,,,,2,,0,Auburn,AL,1,215,,,,-6.0,"49,42","35,40",-300,210,-4.5,-115,-115,151.5,-110,-106
ncaab:401584405,ncaab,2023-12-17T18:00Z,final,349,2619,Army,Stony Brook,74,78,150,-180,,0,136,-164,3.5,-108,-112,,,,,2,,0,West Point,NY,1,47,,,,-5.0,"36,25,13","36,25,17",122,-154,2.0,-109,-116,131.0,-110,-110
ncaab:401584515,ncaab,2023-12-17T18:00Z,final,356,2142,Illinois,Colgate,74,57,-2000,1060,,0,-2100,1000,-16.5,-110,-110,,,,,2,,0,Champaign,IL,1,225,,,,-6.0,"44,30","27,30",-805,500,-9.5,-111,-115,146.5,-120,-102
ncaab:401586913,ncaab,2023-12-17T18:00Z,final,2483,183,Oregon,Syracuse,63,83,,,,1,,,,,,,,,,2,,0,Sioux Falls,SD,1,448,,,,-6.0,"25,38","33,50",,,,,,,,
ncaab:401598590,ncaab,2023-12-17T18:00Z,final,2426,2689,Navy,Wash Coll (MD),91,33,,,,0,,,,,,,,,,2,,0,Annapolis,MD,1,12,,,,-5.0,"46,45","20,13",,,,,,,,
ncaab:401575399,ncaab,2023-12-17T19:00Z,final,2344,2678,Longwood,VMI,68,49,-4000,1260,,0,-2000,920,-18.5,-112,-108,,,,,2,,0,Farmville,VA,1,90,,,,-5.0,"29,39","26,23",-1050,600,-11.0,-112,-112,144.5,-115,-105
ncaab:401576163,ncaab,2023-12-17T19:00Z,final,2217,2681,Fairfield,Wagner,63,51,-350,270,,0,-300,235,-7.5,-108,-112,,,,,2,,0,Fairfield,CT,1,4,,,,-8.0,"31,32","22,29",-245,185,-4.0,-115,-110,133.0,-112,-108
ncaab:401576687,ncaab,2023-12-17T19:00Z,final,97,2492,Louisville,Pepperdine,85,63,-122,102,,0,-140,116,-1.5,-110,-110,,,,,2,,0,Louisville,KY,1,142,,,,-5.0,"39,46","25,38",-125,105,-0.5,-106,-115,149.0,-110,-108
ncaab:401581820,ncaab,2023-12-17T19:00Z,final,2437,56,Omaha,Stetson,88,80,102,-122,,0,-110,-110,1.5,-112,-108,,,,,2,,0,Omaha,NE,1,323,,,,-6.0,"38,50","41,39",-110,-120,0.5,-111,-114,144.0,-108,-112
ncaab:401589300,ncaab,2023-12-17T19:00Z,final,284,42,Stonehill,Hartford,71,44,,,,0,,,,,,,,,,2,,0,South Easton,MA,1,33,,,,-5.0,"35,36","21,23",,,,,,,,
ncaab:401594584,ncaab,2023-12-17T19:00Z,final,2747,3077,Wofford,KCU,105,54,,,,0,,,,,,,,,,2,,0,Spartanburg,SC,1,246,,,,-5.0,"48,57","23,31",,,,,,,,
ncaab:401601457,ncaab,2023-12-17T19:00Z,final,2006,124809,Akron,Miami Hamilton,88,45,,,,0,,,,,,,,,,2,,0,Akron,OH,1,291,,,,-5.0,"48,40","22,23",,,,,,,,
ncaab:401602188,ncaab,2023-12-17T19:00Z,final,2460,2016,Northern Iowa,Alcorn St,100,82,-2247,1100,,0,-2500,1100,-17.0,-108,-112,,,,,2,,0,Cedar Falls,IA,1,268,,,,-6.0,"62,38","41,41",-774,485,-10.5,-109,-116,149.5,-105,-110
ncaab:401604890,ncaab,2023-12-17T19:00Z,final,2523,2614,Robert Morris,Saint Vincent,95,46,,,,0,,,,,,,,,,2,,0,Moon Township,PA,1,358,,,,-5.0,"49,46","26,20",,,,,,,,
ncaab:401574838,ncaab,2023-12-17T20:00Z,final,2306,158,Kansas St,Nebraska,46,62,-190,160,,0,-220,180,-4.5,-110,-110,,,,,2,,0,Manhattan,KS,1,311,,,,-6.0,"34,12","31,31",-180,140,-2.5,-110,-120,150.0,-110,-110
ncaab:401587240,ncaab,2023-12-17T20:00Z,final,2197,2070,E Illinois,Blackburn,87,66,,,,0,,,,,,,,,,2,,0,Charleston,IL,1,204,,,,-6.0,"40,47","33,33",,,,,,,,
ncaab:401592099,ncaab,2023-12-17T20:00Z,final,204,2636,Oregon St,UTSA,66,65,-530,390,,0,-480,360,-10.0,-110,-110,,,,,2,,0,Corvallis,OR,1,71,,,,-8.0,"27,39","33,32",-352,250,-5.5,-116,-109,148.5,-105,-110
ncaab:401597875,ncaab,2023-12-17T20:00Z,final,5,2409,UAB,Montevallo,92,56,,,,0,,,,,,,,,,2,,0,Birmingham,AL,1,187,,,,-6.0,"44,48","28,28",,,,,,,,
ncaab:401598006,ncaab,2023-12-17T20:00Z,final,2900,509,St Thomas,Crown,85,66,,,,0,,,,,,,,,,2,,0,Saint Paul,MN,1,242,,,,-6.0,"34,51","26,40",,,,,,,,
ncaab:401579012,ncaab,2023-12-17T21:00Z,final,2377,309,McNeese,Louisiana,74,72,-290,235,,0,-300,240,-6.5,-112,-108,,,,,2,,0,Lake Charles,LA,1,4,,,,-6.0,"28,46","33,39",-240,183,-4.0,-117,-108,140.0,-110,-110
ncaab:401580110,ncaab,2023-12-17T21:00Z,final,2287,2449,Illinois St,N Dakota St,75,65,,,,0,,,,,,,,,,2,,0,Normal,IL,1,244,,,,-6.0,"28,47","35,30",,,,,,,,
ncaab:401594234,ncaab,2023-12-17T21:00Z,final,2198,94,E Kentucky,N Kentucky,75,85,,,,0,,,,,,,,,,2,,0,Richmond,KY,1,289,,,,-5.0,"27,48","39,46",,,,,,,,
ncaab:401597986,ncaab,2023-12-17T21:00Z,final,344,249,Mississippi St,North Texas,72,54,-275,220,,1,-265,212,-6.5,-110,-110,,,,,2,,0,Tupelo,MS,1,85,,,,-6.0,"36,36","32,22",-220,170,-3.5,-112,-112,126.0,-108,-110
ncaab:401598762,ncaab,2023-12-17T21:00Z,final,68,2239,Boise St,Fullerton,88,65,-750,525,,0,-880,580,-12.5,-108,-112,,,,,2,,0,Boise,ID,1,823,,,,-7.0,"54,34","25,40",-480,333,-7.0,-113,-111,131.5,-110,-110
ncaab:401600133,ncaab,2023-12-17T21:00Z,final,2000,2638,Abilene Chrstn,UTEP,88,82,-118,100,,0,-125,105,-1.0,-110,-110,,,,,2,,0,Abilene,TX,1,524,,,,-6.0,"38,50","41,41",-125,-105,-0.5,-110,-115,138.5,-110,-110
ncaab:401604791,ncaab,2023-12-17T21:00Z,final,2546,2877,SE Missouri,Lindsey Wilson,87,59,,,,0,,,,,,,,,,2,,0,Cape Girardeau,MO,1,108,,,,-6.0,"37,50","26,33",,,,,,,,
ncaab:401583742,ncaab,2023-12-17T22:00Z,final,24,70,Stanford,Idaho,82,64,-2100,1100,,0,-2800,1160,-17.0,-112,-108,,,,,2,,0,Stanford,CA,1,23,,,,-8.0,"41,41","22,42",-850,530,-10.5,-110,-114,145.5,-110,-105
ncaab:401587131,ncaab,2023-12-17T22:00Z,final,142,2550,Missouri,Seton Hall,87,93,-132,110,,1,-130,108,-2.0,-110,-110,,,,,2,,0,Kansas City,MO,1,274,,,,-6.0,"38,49","42,51",-140,110,-1.0,-120,-110,140.5,-108,-110
ncaab:401594607,ncaab,2023-12-17T22:00Z,final,197,198,Oklahoma St,Oral Roberts,81,60,-375,295,,0,-345,270,-8.5,-112,-108,,,,,2,,0,Stillwater,OK,1,273,,,,-6.0,"48,33","27,33",-275,210,-4.5,-117,-107,142.5,-110,-115
ncaab:401602186,ncaab,2023-12-17T22:00Z,final,23,149,San José St,Montana,75,86,-140,115,,0,-163,137,-2.5,-106,-114,,,,,2,,0,San Jose,CA,1,26,,,,-8.0,"40,35","37,49",-140,110,-1.0,-117,-107,137.5,-110,-110
ncaab:401575449,ncaab,2023-12-17T23:00Z,final,66,50,Iowa State,Florida A&M,96,58,,,,0,,,,,,,,,,2,,0,Ames,IA,1,287,,,,-6.0,"44,52","24,34",,,,,,,,
ncaab:401581872,ncaab,2023-12-17T23:00Z,final,2640,47,Texas Southern,Howard,79,78,,,,1,,,,,,,,,,2,,0,Las Vegas,NV,1,610,,,,-8.0,"30,49","41,37",,,,,,,,
ncaab:401595311,ncaab,2023-12-17T23:00Z,final,36,49865,Colorado St,CSU Pueblo,86,54,,,,0,,,,,,,,,,2,,0,Fort Collins,CO,1,1525,,,,-7.0,"46,40","26,28",,,,,,,,
ncaab:401581780,ncaab,2023-12-18T01:00Z,final,2547,264,Seattle U,Washington,99,100,165,-200,,0,143,-171,4.5,-110,-110,,,,,2,,0,Seattle,WA,1,56,,,,-8.0,"47,33,12,7","33,47,12,8",130,-166,2.0,-108,-116,148.0,-110,-110
ncaab:401581733,ncaab,2023-12-18T01:45Z,final,2296,2448,Jackson St,NC A&T,68,60,,,,1,,,,,,,,,,2,,0,Las Vegas,NV,1,610,,,,-8.0,"30,38","31,29",,,,,,,,
ncaab:401590842,ncaab,2023-12-18T03:00Z,final,62,2440,Hawai'i,Nevada,66,72,,,,0,,,,,,,,,,2,,0,Honolulu,HI,1,5,,,,-10.0,"37,29","36,36",,,,,,,,
ncaab:401600769,ncaab,2023-12-18T16:00Z,final,2182,124950,Drexel,PSU Allegheny,117,49,,,,0,,,,,,,,,,2,,0,Philadelphia,PA,1,12,,,,-5.0,"64,53","23,26",,,,,,,,
ncaab:401581867,ncaab,2023-12-18T16:30Z,final,294,2433,Jacksonville,UL Monroe,75,65,,,,0,,,,,,,,,,2,,0,Jacksonville,FL,1,5,,,,-5.0,"24,51","35,30",,,,,,,,
ncaab:401604785,ncaab,2023-12-18T17:00Z,final,357,2639,Texas A&M-CC,Texas Lutheran,102,50,,,,0,,,,,,,,,,2,,0,Corpus Christi,TX,1,2,,,,-6.0,"48,54","19,31",,,,,,,,
ncaab:401608799,ncaab,2023-12-18T17:00Z,final,2837,3166,East Texas A&M,Arlington Bapt,130,53,,,,0,,,,,,,,,,2,,0,Commerce,TX,1,169,,,,-6.0,"63,67","25,28",,,,,,,,
ncaab:401598021,ncaab,2023-12-18T21:00Z,final,2504,126750,Prairie View,N American,92,61,,,,0,,,,,,,,,,2,,0,Prairie View,TX,1,82,,,,-6.0,"46,46","23,38",,,,,,,,
ncaab:401577654,ncaab,2023-12-18T23:00Z,final,232,324,Charleston,Coastal,84,81,-2000,1000,,0,-1649,875,-16.5,-112,-108,,,,,2,,0,Charleston,SC,1,6,,,,-5.0,"37,47","28,53",-700,450,-10.0,-112,-112,157.5,-110,-110
ncaab:401601467,ncaab,2023-12-18T23:00Z,final,2427,2569,UNC Asheville,SC State,79,75,,,,0,,,,,,,,,,2,,0,Asheville,NC,1,649,,,,-5.0,"34,45","36,39",,,,,,,,
ncaab:401583782,ncaab,2023-12-18T23:30Z,final,2754,2849,Youngstown St,Westminster PA,117,45,,,,0,,,,,,,,,,2,,0,Youngstown,OH,1,259,,,,-5.0,"58,59","24,21",,,,,,,,
ncaab:401575467,ncaab,2023-12-19T00:00Z,final,2116,311,UCF,Maine,74,51,-1600,860,,0,-1250,760,-15.5,-112,-108,,,,,2,,0,Orlando,FL,1,30,,,,-5.0,"41,33","18,33",-639,417,-8.5,-110,-112,136.5,-110,-110
ncaab:401577689,ncaab,2023-12-19T00:00Z,final,107,2514,Holy Cross,Quinnipiac,57,77,205,-250,,0,160,-194,6.0,-110,-110,,,,,2,,0,Worcester,MA,1,147,,,,-5.0,"26,31","35,42",156,-200,3.5,-115,-111,145.0,-112,-108
ncaab:401581093,ncaab,2023-12-19T00:00Z,final,154,2169,Wake Forest,Delaware St,88,59,-4500,1600,,0,-4500,1600,-19.5,-112,-108,,,,,2,,0,Winston-Salem,NC,1,293,,,,-5.0,"42,46","32,27",-1238,672,-12.5,-108,-116,140.5,-110,-110
ncaab:401581852,ncaab,2023-12-19T00:00Z,final,276,495,Marshall,Bluefield,103,70,,,,0,,,,,,,,,,2,,0,Huntington,WV,1,173,,,,-5.0,"46,57","23,47",,,,,,,,
ncaab:401584387,ncaab,2023-12-19T00:00Z,final,2368,2379,Marist,MD Eastern,76,52,,,,0,,,,,,,,,,2,,0,Poughkeepsie,NY,1,62,,,,-5.0,"38,38","18,34",,,,,,,,
ncaab:401587201,ncaab,2023-12-19T00:00Z,final,195,190,Ohio,Defiance,108,28,,,,0,,,,,,,,,,2,,0,Athens,OH,1,219,,,,-5.0,"60,48","19,9",,,,,,,,
ncaab:401587210,ncaab,2023-12-19T00:00Z,final,2184,71,Duquesne,Bradley,69,67,-200,165,,1,-152,126,-4.5,-108,-112,,,,,2,,0,Akron,OH,1,291,,,,-5.0,"37,32","40,27",-150,120,-2.0,-115,-111,143.5,-118,-104
ncaab:401592435,ncaab,2023-12-19T00:00Z,final,127,2473,Michigan St,Oakland,79,62,-1600,900,,0,-1600,860,-15.5,-112,-108,,,,,2,,0,East Lansing,MI,1,261,,,,-5.0,"30,49","22,40",-620,400,-9.0,-115,-115,137.5,-115,-105
ncaab:401596814,ncaab,2023-12-19T00:00Z,final,2097,2415,Campbell,Morgan St,83,76,-425,330,,0,-250,202,-9.5,-110,-110,,,,,2,,0,Buies Creek,NC,1,63,,,,-5.0,"36,47","37,39",-311,232,-5.5,-110,-115,137.5,-110,-110
ncaab:401600290,ncaab,2023-12-19T00:00Z,final,159,2645,Dartmouth,Thomas Coll,77,48,,,,0,,,,,,,,,,2,,0,Hanover,NH,1,162,,,,-5.0,"39,38","21,27",,,,,,,,
ncaab:401602694,ncaab,2023-12-19T00:00Z,final,2330,538,Le Moyne,Houghton,92,72,,,,0,,,,,,,,,,2,,0,Syracuse,NY,1,121,,,,-5.0,"39,53","30,42",,,,,,,,
ncaab:401611803,ncaab,2023-12-19T00:00Z,final,2450,2896,Norfolk St,S Virginia,108,52,,,,0,,,,,,,,,,2,,0,Norfolk,VA,1,2,,,,-5.0,"56,52","23,29",,,,,,,,
ncaab:401594435,ncaab,2023-12-19T00:30Z,final,2031,93,Little Rock,Murray St,80,66,-105,-118,,0,-102,-118,1.5,-110,-110,,,,,2,,0,Little Rock,AR,1,102,,,,-6.0,"40,40","31,35",-106,-120,0.5,-112,-112,150.5,-110,-110
ncaab:401581791,ncaab,2023-12-19T01:00Z,final,2320,2572,Lamar,Southern Miss,79,82,140,-170,,0,-100,-120,3.5,-110,-110,,,,,2,,0,Beaumont,TX,1,5,,,,-6.0,"35,44","38,44",124,-158,2.0,-110,-114,148.5,-110,-108
ncaab:401587220,ncaab,2023-12-19T01:00Z,final,339,2630,Evansville,UT Martin,98,91,,,,0,,,,,,,,,,2,,0,Evansville,IN,1,118,,,,-6.0,"40,58","44,47",,,,,,,,
ncaab:401594478,ncaab,2023-12-19T01:00Z,final,2710,101,W Illinois,Eureka,92,56,,,,0,,,,,,,,,,2,,0,Macomb,IL,1,215,,,,-6.0,"34,58","19,37",,,,,,,,
ncaab:401597434,ncaab,2023-12-19T01:00Z,final,2627,55,Tarleton St,Jax State,62,65,,,,0,,,,,,,,,,2,,0,Stephenville,TX,1,388,,,,-6.0,"40,22","31,34",,,,,,,,
ncaab:401598013,ncaab,2023-12-19T01:00Z,final,326,2326,Texas St,LeTourneau,110,68,,,,0,,,,,,,,,,2,,0,San Marcos,TX,1,188,,,,-6.0,"53,57","30,38",,,,,,,,
ncaab:401600245,ncaab,2023-12-19T01:00Z,final,2130,292,Chicago St,UT Rio Grande,78,68,,,,0,,,,,,,,,,2,,0,Chicago,IL,1,179,,,,-6.0,"36,42","27,41",,,,,,,,
ncaab:401604348,ncaab,2023-12-19T01:00Z,final,2565,112698,SIUE,C Chrstn (KS),99,56,,,,0,,,,,,,,,,2,,0,Edwardsville,IL,1,165,,,,-6.0,"54,45","24,32",,,,,,,,
ncaab:401604759,ncaab,2023-12-19T01:00Z,final,2029,3120,AR-Pine Bluff,Ecclesia,125,75,,,,0,,,,,,,,,,2,,0,Pine Bluff,AR,1,67,,,,-6.0,"63,62","45,30",,,,,,,,
ncaab:401588606,ncaab,2023-12-19T01:30Z,final,2459,502,N Illinois,Calumet,92,48,,,,0,,,,,,,,,,2,,0,Dekalb,IL,1,268,,,,-6.0,"58,34","17,31",,,,,,,,
ncaab:401594055,ncaab,2023-12-19T02:00Z,final,16,28,Sacramento St,UC San Diego,52,83,-122,102,,0,-111,-108,-1.5,-108,-112,,,,,2,,0,Sacramento,CA,1,9,,,,-8.0,"22,30","50,33",-118,-106,-0.5,-115,-110,139.0,-110,-110
ncaab:401594597,ncaab,2023-12-19T02:00Z,final,2172,2001,Denver,Adams St,89,83,,,,0,,,,,,,,,,2,,0,Denver,CO,1,1609,,,,-7.0,"46,43","32,51",,,,,,,,
ncaab:401575413,ncaab,2023-12-19T03:00Z,final,279,2616,Pacific,Stanislaus St,68,46,,,,0,,,,,,,,,,2,,0,Stockton,CA,1,4,,,,-8.0,"42,26","21,25",,,,,,,,
ncaab:401583757,ncaab,2023-12-19T03:00Z,final,2351,2174,LMU,Detroit Mercy,76,56,,,,0,,,,,,,,,,2,,0,Los Angeles,CA,1,89,,,,-8.0,"39,37","30,26",,,,,,,,
ncaab:401593977,ncaab,2023-12-19T03:00Z,final,13,331,Cal Poly,E Washington,53,62,,,,0,,,,,,,,,,2,,0,San Luis Obispo,CA,1,71,,,,-8.0,"23,30","26,36",,,,,,,,
ncaab:401594038,ncaab,2023-12-19T03:00Z,final,278,2502,Fresno St,Portland St,72,75,-190,160,,0,-166,138,-3.5,-115,-105,,,,,2,,0,Fresno,CA,1,94,,,,-8.0,"28,37,7","41,24,10",-168,134,-2.0,-115,-111,141.5,-115,-110
ncaab:401588607,ncaab,2023-12-19T16:00Z,final,189,2261,Bowling Green,Hampton,75,65,-800,550,,0,-610,440,-12.5,-110,-110,,,,,2,,0,Bowling Green,OH,1,212,,,,-5.0,"21,54","31,34",-450,310,-7.0,-115,-111,154.0,-110,-110
ncaab:401601462,ncaab,2023-12-19T16:00Z,final,2247,2648,Georgia St,Toccoa Falls,122,45,,,,0,,,,,,,,,,2,,0,Atlanta,GA,1,320,,,,-5.0,"59,63","21,24",,,,,,,,
ncaab:401579106,ncaab,2023-12-19T19:00Z,final,2674,2535,Valparaiso,Samford,61,79,280,-360,,0,270,-345,8.5,-110,-110,,,,,2,,0,Valparaiso,IN,1,242,,,,-6.0,"27,34","35,44",210,-290,5.0,-109,-116,158.5,-110,-110
ncaab:401604285,ncaab,2023-12-19T20:00Z,final,2582,2728,Southern,Wiley,82,49,,,,0,,,,,,,,,,2,,0,Baton Rouge,LA,1,14,,,,-6.0,"38,44","23,26",,,,,,,,
ncaab:401582014,ncaab,2023-12-19T23:00Z,final,87,2643,Notre Dame,The Citadel,45,65,-450,330,,0,-360,280,-8.5,-110,-110,,,,,2,,0,South Bend,IN,1,211,,,,-5.0,"29,16","32,33",-290,220,-5.0,-115,-110,129.5,-110,-110
ncaab:401594622,ncaab,2023-12-19T23:00Z,final,290,526,GA Southern,FGCU,42,53,,,,0,,,,,,,,,,2,,0,Statesboro,GA,1,77,,,,-5.0,"24,18","23,30",,,,,,,,
ncaab:401574600,ncaab,2023-12-19T23:07Z,final,2066,315,Binghamton,Niagara,74,69,-230,188,,0,-255,205,-5.5,-110,-110,,,,,2,,0,Binghamton,NY,1,264,,,,-5.0,"35,39","31,38",-201,156,-3.0,-112,-112,143.0,-110,-110
ncaab:401577617,ncaab,2023-12-19T23:30Z,final,84,2413,Indiana,Morehead St,69,68,-690,475,,0,-900,590,-11.5,-108,-112,,,,,2,,0,Bloomington,IN,1,235,,,,-5.0,"25,44","36,32",-395,280,-7.0,-111,-113,140.0,-108,-110
ncaab:401599438,ncaab,2023-12-19T23:30Z,final,2086,46,Butler,Georgetown,74,64,-575,425,,0,-820,550,-10.5,-112,-108,,,,,2,,0,Indianapolis,IN,1,218,,,,-5.0,"40,34","27,37",-375,270,-5.5,-125,-105,148.5,-112,-108
ncaab:401575432,ncaab,2023-12-20T00:00Z,final,235,258,Memphis,Virginia,77,54,-178,150,,0,-152,126,-3.5,-110,-110,,,,,2,,0,Memphis,TN,1,78,,,,-6.0,"38,39","32,22",-164,125,-1.5,-118,-105,132.5,-110,-110
ncaab:401575755,ncaab,2023-12-20T00:00Z,final,130,57,Michigan,Florida,101,106,134,-162,,1,112,-134,3.5,-110,-110,,,,,2,,0,Charlotte,NC,1,229,,,,-5.0,"37,44,8,12","38,43,8,17",110,-150,1.5,-115,-115,159.5,-102,-110
ncaab:401577723,ncaab,2023-12-20T00:00Z,final,399,2529,UAlbany,Sacred Heart,93,79,,,,0,,,,,,,,,,2,,0,Albany,NY,1,45,,,,-5.0,"45,48","38,41",,,,,,,,
ncaab:401581843,ncaab,2023-12-20T00:00Z,final,256,2154,James Madison,Coppin St,87,48,-10000,2000,,0,-10000,2500,-28.5,-110,-110,,,,,2,,0,Harrisonburg,VA,1,404,,,,-5.0,"49,38","26,22",-2500,1100,-16.5,-106,-120,150.0,-108,-112
ncaab:401583722,ncaab,2023-12-20T00:00Z,final,2382,2511,Mercer,Queens,84,65,-150,125,,0,-125,104,-3.0,-108,-112,,,,,2,,0,Macon,GA,1,112,,,,-5.0,"42,42","26,39",-140,111,-1.5,-108,-117,150.5,-110,-110
ncaab:401583788,ncaab,2023-12-20T00:00Z,final,2132,2771,Cincinnati,Merrimack,65,49,-4500,1600,,0,-4000,1400,-20.5,-118,-104,,,,,2,,0,Cincinnati,OH,1,191,,,,-5.0,"27,38","17,32",-1183,647,-12.0,-119,-105,142.5,-110,-110
ncaab:401583810,ncaab,2023-12-20T00:00Z,final,238,2717,Vanderbilt,W Carolina,62,63,,,,0,,,,,,,,,,2,,0,Nashville,TN,1,170,,,,-6.0,"25,37","30,33",,,,,,,,
ncaab:401588608,ncaab,2023-12-20T00:00Z,final,2750,193,Wright St,Miami OH,92,82,-800,550,,0,-690,480,-12.0,-110,-110,,,,,2,,0,Dayton,OH,1,225,,,,-5.0,"39,53","43,39",-460,325,-7.0,-107,-119,156.5,-110,-110
ncaab:401589061,ncaab,2023-12-20T00:00Z,final,2244,2079,George Mason,Bridgewater,84,60,,,,0,,,,,,,,,,2,,0,Fairfax,VA,1,131,,,,-5.0,"41,43","26,34",,,,,,,,
ncaab:401591573,ncaab,2023-12-20T00:00Z,final,145,2653,Ole Miss,Troy,74,53,-1000,640,,0,-1050,660,-12.5,-112,-108,,,,,2,,0,Oxford,MS,1,154,,,,-6.0,"31,43","22,31",-500,325,-7.5,-113,-112,146.5,-112,-108
ncaab:401592104,ncaab,2023-12-20T00:00Z,final,2115,111,C Connecticut,Northeastern,74,79,,,,0,,,,,,,,,,2,,0,New Britain,CT,1,51,,,,-5.0,"36,38","38,41",,,,,,,,
ncaab:401592852,ncaab,2023-12-20T00:00Z,final,2579,2737,South Carolina,Winthrop,72,62,-610,440,,0,-490,365,-10.5,-110,-110,,,,,2,,0,Columbia,SC,1,89,,,,-5.0,"33,39","28,34",-379,274,-6.0,-112,-114,140.5,-112,-110
ncaab:401593918,ncaab,2023-12-20T00:00Z,final,338,2855,Kennesaw St,Brescia,91,59,,,,0,,,,,,,,,,2,,0,Kennesaw,GA,1,332,,,,-5.0,"50,41","22,37",,,,,,,,
ncaab:401594076,ncaab,2023-12-20T00:00Z,final,231,2506,Furman,Presbyterian,76,61,-1698,880,,0,-1373,770,-14.0,-112,-108,,,,,2,,0,Greenville,SC,1,307,,,,-5.0,"37,39","26,35",-475,325,-8.5,-110,-115,157.5,-110,-110
ncaab:401594397,ncaab,2023-12-20T00:00Z,final,2561,172,Siena,Cornell,74,95,650,-1000,,0,800,-1350,12.5,-110,-110,,,,,2,,0,Albany,NY,1,45,,,,-5.0,"34,40","51,44",332,-510,7.5,-116,-109,151.0,-110,-108
ncaab:401594426,ncaab,2023-12-20T00:00Z,final,282,2634,Indiana St,Tennessee St,90,69,-2000,1000,,0,-2500,1150,-17.5,-110,-110,,,,,2,,0,Terre Haute,IN,1,152,,,,-5.0,"42,48","38,31",-896,512,-10.0,-116,-109,157.5,-110,-110
ncaab:401594567,ncaab,2023-12-20T00:00Z,final,236,2241,Chattanooga,Gardner-Webb,69,66,-240,195,,0,-205,168,-5.5,-110,-110,,,,,2,,0,Chattanooga,TN,1,206,,,,-5.0,"26,43","34,32",-195,152,-3.5,-112,-112,146.5,-110,-110
ncaab:401594573,ncaab,2023-12-20T00:00Z,final,2272,2430,High Point,UNC Greensboro,74,63,-170,140,,0,-110,-110,-3.5,-110,-110,,,,,2,,0,High Point,NC,1,281,,,,-5.0,"40,34","30,33",-148,118,-1.5,-113,-112,147.5,-106,-110
ncaab:401600116,ncaab,2023-12-20T00:00Z,final,2011,30,Alabama St,USC,59,79,1100,-2100,,0,1100,-2500,18.5,-110,-110,,,,,2,,0,Montgomery,AL,1,73,,,,-6.0,"18,41","39,40",566,-960,11.0,-114,-112,149.5,-115,-108
ncaab:401600236,ncaab,2023-12-20T00:00Z,final,2229,56,FIU,Stetson,68,80,,,,0,,,,,,,,,,2,,0,Miami,FL,1,2,,,,-5.0,"36,32","36,44",,,,,,,,
ncaab:401603529,ncaab,2023-12-20T00:00Z,final,2117,3092,C Michigan,Davenport,90,66,,,,0,,,,,,,,,,2,,0,Mount Pleasant,MI,1,235,,,,-5.0,"46,44","39,27",,,,,,,,
ncaab:401604271,ncaab,2023-12-20T00:30Z,final,2466,2573,N'Western St,Southern NO,99,75,,,,0,,,,,,,,,,2,,0,Natchitoches,LA,1,36,,,,-6.0,"59,40","33,42",,,,,,,,
ncaab:401604283,ncaab,2023-12-20T00:30Z,final,2617,166,SF Austin,New Mexico St,75,72,,,,0,,,,,,,,,,2,,0,Nacogdoches,TX,1,92,,,,-6.0,"34,41","22,50",,,,,,,,
ncaab:401577704,ncaab,2023-12-20T01:00Z,final,2623,2815,Missouri St,Lindenwood,79,57,-1800,1000,,0,-2200,980,-17.5,-110,-110,,,,,2,,0,Springfield,MO,1,396,,,,-6.0,"34,45","16,41",-751,460,-10.5,-110,-115,140.0,-110,-110
ncaab:401584346,ncaab,2023-12-20T01:00Z,final,52,2454,Florida St,North Florida,91,75,-2000,1000,,0,-3000,1200,-16.0,-110,-110,,,,,2,,0,Tallahassee,FL,1,62,,,,-5.0,"46,45","33,42",-680,437,-9.5,-108,-117,152.0,-112,-110
ncaab:401591584,ncaab,2023-12-20T01:00Z,final,2567,2277,SMU,Hou Christian,89,53,,,,0,,,,,,,,,,2,,0,Dallas,TX,1,128,,,,-6.0,"49,40","24,29",,,,,,,,
ncaab:401594421,ncaab,2023-12-20T01:00Z,final,2181,2016,Drake,Alcorn St,92,55,-4000,1500,,0,-5988,1800,-17.5,-112,-108,,,,,2,,0,Des Moines,IA,1,266,,,,-6.0,"41,51","16,39",-1050,600,-11.5,-115,-110,150.5,-112,-108
ncaab:401594608,ncaab,2023-12-20T01:00Z,final,198,2301,Oral Roberts,John Brown,71,59,,,,0,,,,,,,,,,2,,0,Tulsa,OK,1,220,,,,-6.0,"32,39","27,32",,,,,,,,
ncaab:401597408,ncaab,2023-12-20T01:00Z,final,79,2449,S Illinois,N Dakota St,76,63,,,,0,,,,,,,,,,2,,0,Carbondale,IL,1,126,,,,-6.0,"42,34","31,32",,,,,,,,
ncaab:401597844,ncaab,2023-12-20T01:00Z,final,2350,2127,Loyola Chicago,Charleston So,72,59,-2100,1100,,0,-2200,980,-18.0,-110,-110,,,,,2,,0,Chicago,IL,1,179,,,,-6.0,"36,36","38,21",-920,550,-10.5,-113,-111,137.0,-108,-112
ncaab:401598588,ncaab,2023-12-20T01:00Z,final,88,2595,S Indiana,St Francis IL,79,47,,,,0,,,,,,,,,,2,,0,Evansville,IN,1,118,,,,-6.0,"34,45","26,21",,,,,,,,
ncaab:401604911,ncaab,2023-12-20T01:00Z,final,202,2400,Tulsa,Miss Valley St,79,50,,,,0,,,,,,,,,,2,,0,Tulsa,OK,1,220,,,,-6.0,"40,39","24,26",,,,,,,,
ncaab:401577625,ncaab,2023-12-20T01:30Z,final,120,2447,Maryland,Nicholls,73,67,-4500,1600,,0,-3500,1280,-19.5,-110,-110,,,,,2,,0,College Park,MD,1,21,,,,-5.0,"28,45","27,40",-1183,647,-11.0,-115,-110,141.5,-115,-108
ncaab:401599439,ncaab,2023-12-20T01:30Z,final,2507,269,Providence,Marquette,72,57,152,-184,,0,142,-172,4.5,-110,-110,,,,,2,,0,Providence,RI,1,2,,,,-5.0,"40,32","29,28",130,-166,2.5,-125,-100,146.5,-110,-110
ncaab:401581178,ncaab,2023-12-20T02:00Z,final,147,253,Montana St,Southern Utah,89,88,-155,130,,0,-156,130,-3.0,-110,-110,,,,,2,,0,Bozeman,MT,1,1468,,,,-7.0,"40,36,13","37,39,12",-140,112,-1.5,-109,-116,145.5,-110,-110
ncaab:401597916,ncaab,2023-12-20T02:00Z,final,302,149,UC Davis,Montana,61,73,-125,105,,0,-118,-102,-1.5,-112,-108,,,,,2,,0,Davis,CA,1,16,,,,-8.0,"30,31","36,37",-125,-104,-0.5,-115,-111,145.5,-115,-110
ncaab:401575805,ncaab,2023-12-20T03:00Z,final,26,2463,UCLA,CSU Northridge,72,76,,,,0,,,,,,,,,,2,,0,Los Angeles,CA,1,89,,,,-8.0,"26,46","40,36",,,,,,,,
ncaab:401587153,ncaab,2023-12-20T03:00Z,final,2608,2393,Saint Mary's,MTSU,71,34,,,,0,,,,,,,,,,2,,0,Moraga,CA,1,152,,,,-8.0,"33,38","16,18",,,,,,,,
ncaab:401594650,ncaab,2023-12-20T03:00Z,final,2856,98,CA Baptist,Western KY,70,73,,,,0,,,,,,,,,,2,,0,Riverside,CA,1,252,,,,-8.0,"28,42","42,31",,,,,,,,
ncaab:401597933,ncaab,2023-12-20T03:00Z,final,21,3249,San Diego St,St Katherine,91,57,,,,0,,,,,,,,,,2,,0,San Diego,CA,1,20,,,,-8.0,"52,39","22,35",,,,,,,,
ncaab:401600067,ncaab,2023-12-20T03:00Z,final,2934,233,Bakersfield,South Dakota,96,76,-210,172,,0,-162,134,-4.5,-110,-110,,,,,2,,0,Bakersfield,CA,1,123,,,,-8.0,"50,46","32,44",-175,136,-2.5,-109,-116,143.0,-110,-108
ncaab:401600070,ncaab,2023-12-20T03:00Z,final,299,2092,Long Beach St,Cal State DH,107,78,,,,0,,,,,,,,,,2,,0,Long Beach,CA,1,9,,,,-8.0,"62,45","42,36",,,,,,,,
ncaab:401574419,ncaab,2023-12-20T18:00Z,final,2110,2710,C Arkansas,W Illinois,54,65,,,,0,,,,,,,,,,2,,0,Conway,AR,1,95,,,,-6.0,"19,35","33,32",,,,,,,,
ncaab:401590924,ncaab,2023-12-20T20:00Z,final,2428,2344,NC Central,Longwood,79,70,,,,0,,,,,,,,,,2,,0,Durham,NC,1,123,,,,-5.0,"30,49","35,35",,,,,,,,
ncaab:401593939,ncaab,2023-12-20T20:00Z,final,288,2081,Lipscomb,Bryan,101,55,,,,0,,,,,,,,,,2,,0,Nashville,TN,1,170,,,,-6.0,"51,50","28,27",,,,,,,,
ncaab:401594585,ncaab,2023-12-20T20:00Z,final,197,2747,Oklahoma St,Wofford,76,70,-1099,700,,0,-1050,660,-13.5,-110,-110,,,,,2,,0,Stillwater,OK,1,273,,,,-6.0,"37,39","35,35",-550,360,-7.5,-119,-107,144.0,-115,-105
ncaab:401604764,ncaab,2023-12-20T20:00Z,final,2630,2931,UT Martin,William Woods,78,75,,,,0,,,,,,,,,,2,,0,Martin,TN,1,124,,,,-6.0,"35,43","43,32",,,,,,,,
ncaab:401581773,ncaab,2023-12-20T22:00Z,final,25,28,California,UC San Diego,71,67,-410,320,,0,-330,260,-8.5,-110,-110,,,,,2,,0,Berkeley,CA,1,52,,,,-8.0,"44,27","27,40",-310,230,-4.5,-118,-107,144.5,-110,-110
ncaab:401575476,ncaab,2023-12-21T00:00Z,final,277,2515,West Virginia,Radford,65,66,-290,230,,0,-275,220,-6.5,-110,-110,,,,,2,,0,Morgantown,WV,1,271,,,,-5.0,"28,37","29,37",-229,176,-4.5,-108,-117,140.5,-108,-110
ncaab:401576155,ncaab,2023-12-21T00:00Z,final,150,239,Duke,Baylor,78,70,-144,120,,1,-111,-108,-2.5,-110,-110,,,,,2,,0,New York,NY,1,10,,,,-5.0,"34,44","32,38",-140,106,-1.5,-120,-110,153.0,-108,-112
ncaab:401577538,ncaab,2023-12-21T00:00Z,final,2168,2473,Dayton,Oakland,91,67,-750,525,,0,-850,570,-12.0,-108,-112,,,,,2,,0,Dayton,OH,1,225,,,,-5.0,"46,45","28,39",-450,300,-6.5,-117,-108,137.0,-108,-112
ncaab:401577557,ncaab,2023-12-21T00:00Z,final,221,2870,Pitt,Purdue FW,62,48,-1099,700,,0,-1200,722,-14.0,-110,-110,,,,,2,,0,Pittsburgh,PA,1,233,,,,-5.0,"31,31","17,31",-550,360,-8.0,-115,-110,156.5,-115,-105
ncaab:401577697,ncaab,2023-12-21T00:00Z,final,2649,261,Toledo,Vermont,60,86,-285,225,,0,-200,164,-6.5,-110,-110,,,,,2,,0,Toledo,OH,1,186,,,,-5.0,"24,36","42,44",-205,159,-3.5,-108,-117,147.5,-110,-110
ncaab:401581561,ncaab,2023-12-21T00:00Z,final,2571,2751,S Dakota St,Wyoming,65,78,,,,1,,,,,,,,,,2,,0,El Paso,TX,1,1133,,,,-7.0,"31,34","36,42",,,,,,,,
ncaab:401583594,ncaab,2023-12-21T00:00Z,final,152,139,NC State,Saint Louis,82,70,,,,0,,,,,,,,,,2,,0,Raleigh,NC,1,96,,,,-5.0,"33,49","36,34",,,,,,,,
ncaab:401583617,ncaab,2023-12-21T00:00Z,final,151,2169,East Carolina,Delaware St,79,50,-850,575,,0,-600,430,-12.5,-110,-110,,,,,2,,0,Greenville,NC,1,18,,,,-5.0,"35,44","19,31",-452,320,-7.0,-115,-110,138.5,-115,-110
ncaab:401589384,ncaab,2023-12-21T00:00Z,final,2598,2523,Saint Francis,Robert Morris,73,75,,,,0,,,,,,,,,,2,,0,Loretto,PA,1,595,,,,-5.0,"40,33","30,45",,,,,,,,
ncaab:401594349,ncaab,2023-12-21T00:00Z,final,61,116,Georgia,Mount St Marys,94,82,-800,550,,0,-850,570,-11.5,-115,-105,,,,,2,,0,Athens,GA,1,228,,,,-5.0,"45,49","34,48",-410,290,-7.0,-115,-110,141.5,-110,-104
ncaab:401594382,ncaab,2023-12-21T00:00Z,final,48,2520,Delaware,Rider,85,88,-530,390,,0,-580,420,-9.0,-110,-110,,,,,2,,0,Newark,DE,1,38,,,,-5.0,"38,42,5","40,40,8",-315,230,-5.5,-110,-114,141.5,-110,-110
ncaab:401597380,ncaab,2023-12-21T00:00Z,final,2545,2755,SE Louisiana,Grambling,48,47,,,,0,,,,,,,,,,2,,0,Hammond,LA,1,13,,,,-6.0,"24,24","16,31",,,,,,,,
ncaab:401599441,ncaab,2023-12-21T00:00Z,final,2550,41,Seton Hall,UConn,75,60,,,,0,,,,,,,,,,2,,0,Newark,NJ,1,9,,,,-5.0,"34,41","29,31",,,,,,,,
ncaab:401599442,ncaab,2023-12-21T00:00Z,final,2599,2752,St John's,Xavier,81,66,,,,0,,,,,,,,,,2,,0,Queens,NY,1,12,,,,-5.0,"44,37","36,30",,,,,,,,
ncaab:401574839,ncaab,2023-12-21T00:30Z,final,158,155,Nebraska,North Dakota,83,75,-2000,1100,,0,-4000,1400,-17.5,-110,-110,,,,,2,,0,Lincoln,NE,1,367,,,,-6.0,"32,51","42,33",-750,485,-10.5,-115,-110,146.5,-110,-110
ncaab:401575768,ncaab,2023-12-21T00:30Z,final,2057,2032,Belmont,Arkansas St,74,70,-200,165,,0,-205,168,-5.0,-112,-108,,,,,2,,0,Nashville,TN,1,170,,,,-6.0,"38,36","43,27",-190,145,-2.5,-115,-110,159.5,-110,-105
ncaab:401581809,ncaab,2023-12-21T00:30Z,final,2193,140,ETSU,Kansas City,70,57,,,,0,,,,,,,,,,2,,0,Johnson City,TN,1,498,,,,-5.0,"36,34","27,30",,,,,,,,
ncaab:401574625,ncaab,2023-12-21T01:00Z,final,2130,2065,Chicago St,Bethune,55,54,-305,245,,0,-265,210,-7.0,-112,-108,,,,,2,,0,Chicago,IL,1,179,,,,-6.0,"30,25","29,25",-230,175,-4.0,-117,-108,140.5,-110,-110
ncaab:401582137,ncaab,2023-12-21T01:00Z,final,2294,2378,Iowa,UMBC,103,81,-12500,2800,,0,-10000,3000,-27.5,-110,-110,,,,,2,,0,Iowa City,IA,1,204,,,,-6.0,"50,53","36,45",-3112,1159,-15.5,-113,-112,179.0,-110,-110
ncaab:401584377,ncaab,2023-12-21T01:00Z,final,3084,2335,Utah Valley,Liberty,63,79,150,-180,,0,190,-250,3.5,-110,-110,,,,,2,,0,Orem,UT,1,1455,,,,-7.0,"34,29","46,33",119,-150,2.0,-117,-107,130.5,-106,-110
ncaab:401584447,ncaab,2023-12-21T01:00Z,final,2253,2534,Grand Canyon,Sam Houston,76,64,-1350,800,,0,-2140,974,-15.0,-110,-110,,,,,2,,0,Phoenix,AZ,1,331,,,,-7.0,"39,37","29,35",-650,425,-8.5,-115,-110,145.0,-110,-110
ncaab:401587221,ncaab,2023-12-21T01:00Z,final,339,2635,Evansville,Tennessee Tech,82,51,-455,350,,0,-569,405,-8.5,-108,-112,,,,,2,,0,Evansville,IN,1,118,,,,-6.0,"44,38","26,25",-294,212,-4.5,-117,-108,143.5,-106,-112
ncaab:401593837,ncaab,2023-12-21T01:00Z,final,242,2504,Rice,Prairie View,82,56,-520,390,,0,-650,440,-9.5,-110,-110,,,,,2,,0,Houston,TX,1,12,,,,-6.0,"35,47","21,35",-330,240,-5.5,-111,-115,148.0,-112,-108
ncaab:401581724,ncaab,2023-12-21T01:30Z,final,9,77,Arizona St,Northwestern,46,65,150,-180,,1,136,-164,4.0,-110,-110,,,,,2,,0,Phoenix,AZ,1,331,,,,-7.0,"13,33","36,29",124,-156,2.0,-120,-110,137.0,-105,-110
ncaab:401578668,ncaab,2023-12-21T02:00Z,final,201,153,Oklahoma,North Carolina,69,81,130,-155,,1,104,-125,3.0,-105,-115,,,,,2,,0,Charlotte,NC,1,229,,,,-5.0,"28,41","36,45",114,-150,1.5,-115,-115,154.5,-110,-110
ncaab:401581562,ncaab,2023-12-21T02:00Z,final,2638,2450,UTEP,Norfolk St,67,65,-290,235,,0,-255,205,-6.5,-110,-110,,,,,2,,0,El Paso,TX,1,1133,,,,-7.0,"30,37","30,35",-230,175,-3.5,-112,-110,136.5,-115,-105
ncaab:401583819,ncaab,2023-12-21T02:00Z,final,2250,2296,Gonzaga,Jackson St,100,76,-20000,3500,,0,-10000,3000,-26.0,-110,-110,,,,,2,,0,Spokane,WA,1,571,,,,-8.0,"41,59","29,47",-3297,1200,-15.0,-119,-107,153.5,-115,-112
ncaab:401594598,ncaab,2023-12-21T02:00Z,final,2172,3141,Denver,Northern NM,90,57,,,,0,,,,,,,,,,2,,0,Denver,CO,1,1609,,,,-7.0,"48,42","26,31",,,,,,,,
ncaab:401598963,ncaab,2023-12-21T02:00Z,final,254,91,Utah,Bellarmine,85,43,-6993,2000,,0,-4500,1600,-20.5,-110,-110,,,,,2,,0,Salt Lake City,UT,1,1299,,,,-7.0,"37,48","26,17",-1393,729,-12.0,-120,-106,141.5,-110,-105
ncaab:401599440,ncaab,2023-12-21T02:00Z,final,156,222,Creighton,Villanova,66,68,-440,340,,0,-320,255,-9.5,-110,-110,,,,,2,,0,Omaha,NE,1,323,,,,-6.0,"34,24,8","24,34,10",-315,230,-5.0,-120,-110,141.5,-110,-110
ncaab:401603533,ncaab,2023-12-21T02:00Z,final,167,300,New Mexico,UC Irvine,78,65,-490,365,,0,-374,292,-9.5,-110,-110,,,,,2,,0,Albuquerque,NM,1,1511,,,,-7.0,"33,45","27,38",-335,240,-5.0,-120,-110,155.5,-106,-110
ncaab:401575414,ncaab,2023-12-21T03:00Z,final,2239,279,Fullerton,Pacific,67,56,-899,590,,0,-974,617,-12.5,-112,-108,,,,,2,,0,Fullerton,CA,1,50,,,,-8.0,"30,37","29,27",-500,333,-7.5,-111,-114,137.5,-106,-110
ncaab:401579119,ncaab,2023-12-21T03:00Z,final,23,2541,San José St,Santa Clara,81,78,165,-200,,0,104,-125,4.5,-110,-110,,,,,2,,0,San Jose,CA,1,26,,,,-8.0,"42,39","39,39",125,-165,2.5,-114,-110,147.0,-110,-110
ncaab:401584368,ncaab,2023-12-21T03:00Z,final,2539,2464,San Francisco,N Arizona,91,51,-1600,900,,0,-1779,903,-16.5,-110,-110,,,,,2,,0,San Francisco,CA,1,16,,,,-8.0,"48,43","26,25",-820,510,-10.5,-108,-117,137.0,-110,-110
ncaab:401598979,ncaab,2023-12-21T03:00Z,final,2547,2348,Seattle U,Louisiana Tech,79,73,-125,105,,0,-118,-102,-1.5,-110,-110,,,,,2,,0,Seattle,WA,1,56,,,,-8.0,"34,29,16","29,34,10",-125,-104,-1.0,-109,-116,135.5,-110,-110
ncaab:401601142,ncaab,2023-12-21T03:00Z,final,2540,47,Santa Barbara,Howard,94,81,-430,330,,0,-375,290,-9.0,-110,-110,,,,,2,,0,Santa Barbara,CA,1,15,,,,-8.0,"49,45","41,40",-312,232,-5.0,-115,-111,148.5,-115,-110
ncaab:401591434,ncaab,2023-12-21T04:00Z,final,12,333,Arizona,Alabama,87,74,-280,225,,1,-297,237,-7.5,-105,-115,,,,,2,,0,Phoenix,AZ,1,331,,,,-7.0,"41,46","40,34",-225,176,-3.5,-112,-115,176.5,-110,-110
ncaab:401577724,ncaab,2023-12-21T16:30Z,final,2529,159,Sacred Heart,Dartmouth,67,57,-162,136,,0,-156,130,-3.5,-115,-105,,,,,2,,0,Fairfield,CT,1,4,,,,-8.0,"27,40","28,29",-162,127,-2.0,-110,-115,140.0,-110,-110
ncaab:401583811,ncaab,2023-12-21T16:30Z,final,2717,2855,W Carolina,Brescia,85,47,,,,0,,,,,,,,,,2,,0,Cullowhee,NC,1,645,,,,-5.0,"47,38","23,24",,,,,,,,
ncaab:401586896,ncaab,2023-12-21T17:00Z,final,2230,2115,Fordham,C Connecticut,80,82,,,,0,,,,,,,,,,2,,0,Bronx,NY,1,28,,,,-5.0,"38,42","36,46",,,,,,,,
ncaab:401597898,ncaab,2023-12-21T17:00Z,final,2127,3077,Charleston So,KCU,103,79,,,,0,,,,,,,,,,2,,0,Charleston,SC,1,6,,,,-5.0,"55,48","37,42",,,,,,,,
ncaab:401597956,ncaab,2023-12-21T17:00Z,final,2413,484,Morehead St,Alice Lloyd,101,39,,,,0,,,,,,,,,,2,,0,Morehead,KY,1,153,,,,-6.0,"47,54","22,17",,,,,,,,
ncaab:401581355,ncaab,2023-12-21T18:00Z,final,2199,2261,E Michigan,Hampton,72,69,,,,0,,,,,,,,,,2,,0,Ypsilanti,MI,1,219,,,,-5.0,"42,30","30,39",,,,,,,,
ncaab:401597993,ncaab,2023-12-21T18:00Z,final,2382,2645,Mercer,Thomas Coll,98,75,,,,0,,,,,,,,,,2,,0,Macon,GA,1,112,,,,-5.0,"50,48","36,39",,,,,,,,
ncaab:401577690,ncaab,2023-12-21T19:00Z,final,322,2514,Lafayette,Quinnipiac,60,78,160,-192,,0,120,-145,4.0,-108,-112,,,,,2,,0,Easton,PA,1,97,,,,-5.0,"28,32","34,44",124,-160,2.5,-110,-120,139.0,-111,-108
ncaab:401577714,ncaab,2023-12-21T19:00Z,final,82,2916,UIC,Incarnate Word,66,67,-1399,800,,0,-625,455,-14.5,-112,-107,,,,,2,,0,Chicago,IL,1,179,,,,-6.0,"32,34","36,31",-571,382,-8.5,-107,-117,146.5,-109,-108
ncaab:401581080,ncaab,2023-12-21T19:00Z,final,45,2016,G Washington,Alcorn St,79,75,,,,0,,,,,,,,,,2,,0,Washington,DC,1,7,,,,-5.0,"39,40","38,37",,,,,,,,
ncaab:401581744,ncaab,2023-12-21T19:00Z,final,108,107,Harvard,Holy Cross,74,72,-1298,800,,0,-1344,784,-13.5,-110,-110,,,,,2,,0,Cambridge,MA,1,5,,,,-5.0,"42,32","32,40",-595,395,-8.0,-116,-109,139.5,-112,-105
ncaab:401583751,ncaab,2023-12-21T19:00Z,final,2405,2363,Monmouth,Manhattan,77,71,-424,329,,0,-600,430,-9.0,-111,-109,,,,,2,,0,West Long Branch,NJ,1,9,,,,-5.0,"34,43","37,34",-320,240,-5.5,-108,-117,139.5,-115,-107
ncaab:401583783,ncaab,2023-12-21T19:00Z,final,2754,2426,Youngstown St,Navy,75,65,-550,400,,0,-820,540,-10.0,-113,-106,,,,,2,,0,Youngstown,OH,1,259,,,,-5.0,"38,37","32,33",-327,242,-5.5,-112,-112,139.0,-111,-109
ncaab:401597888,ncaab,2023-12-21T19:00Z,final,2641,250,Texas Tech,UT Arlington,77,66,,,,0,,,,,,,,,,2,,0,Lubbock,TX,1,976,,,,-6.0,"39,38","25,41",,,,,,,,
ncaab:401593775,ncaab,2023-12-21T19:30Z,final,2325,465,La Salle,Rosemont,107,41,,,,0,,,,,,,,,,2,,0,Philadelphia,PA,1,12,,,,-5.0,"56,51","21,20",,,,,,,,
ncaab:401581094,ncaab,2023-12-21T20:00Z,final,154,2506,Wake Forest,Presbyterian,91,68,-4737,1600,,0,-4500,1600,-22.0,-110,-110,,,,,2,,0,Winston-Salem,NC,1,293,,,,-5.0,"40,51","37,31",-1684,806,-13.0,-116,-109,145.5,-110,-110
ncaab:401581337,ncaab,2023-12-21T20:00Z,final,218,2440,Temple,Nevada,56,80,310,-397,,1,250,-315,8.5,-106,-113,,,,,2,,0,Honolulu,HI,1,5,,,,-10.0,"28,28","35,45",220,-290,5.0,-110,-120,147.5,-111,-109
ncaab:401594574,ncaab,2023-12-21T20:00Z,final,2430,3229,UNC Greensboro,VA Lynchburg,135,57,,,,0,,,,,,,,,,2,,0,Greensboro,NC,1,266,,,,-5.0,"66,69","24,33",,,,,,,,
ncaab:401597435,ncaab,2023-12-21T20:00Z,final,2031,55,Little Rock,Jax State,60,90,,,,0,,,,,,,,,,2,,0,Little Rock,AR,1,102,,,,-6.0,"30,30","34,56",,,,,,,,
ncaab:401594018,ncaab,2023-12-21T21:00Z,final,2005,2458,Air Force,N Colorado,79,83,-325,260,,0,-450,340,-7.5,-110,-110,,,,,2,,0,Colorado Springs,CO,1,1832,,,,-7.0,"43,36","43,40",-265,200,-4.5,-110,-115,138.5,-110,-110
ncaab:401604449,ncaab,2023-12-21T21:00Z,final,2692,123350,Weber St,Park U Gilbert,90,39,,,,0,,,,,,,,,,2,,0,Ogden,UT,1,1311,,,,-7.0,"43,47","10,29",,,,,,,,
ncaab:401581734,ncaab,2023-12-21T22:00Z,final,324,2448,Coastal,NC A&T,82,85,,,,0,,,,,,,,,,2,,0,Conway,SC,1,10,,,,-5.0,"40,42","45,40",,,,,,,,
ncaab:401584334,ncaab,2023-12-21T22:00Z,final,259,44,Virginia Tech,American,77,55,-2500,1129,,0,-4500,1600,-17.0,-110,-110,,,,,2,,0,Blacksburg,VA,1,633,,,,-5.0,"37,40","29,26",-830,515,-10.0,-112,-113,138.5,-110,-110
ncaab:401584393,ncaab,2023-12-21T22:00Z,final,183,315,Syracuse,Niagara,83,71,-2000,1048,,0,-2277,1063,-17.5,-109,-111,,,,,2,,0,Syracuse,NY,1,121,,,,-5.0,"38,45","28,43",-722,445,-10.0,-117,-109,147.0,-108,-111
ncaab:401594056,ncaab,2023-12-21T22:00Z,final,16,3246,Sacramento St,Bethesda,100,45,,,,0,,,,,,,,,,2,,0,Sacramento,CA,1,9,,,,-8.0,"54,46","13,32",,,,,,,,
ncaab:401581338,ncaab,2023-12-21T22:23Z,final,295,2628,Old Dominion,TCU,87,111,800,-1400,,1,920,-1800,14.5,-115,-105,,,,,2,,0,Honolulu,HI,1,5,,,,-10.0,"41,46","47,64",340,-500,8.5,-120,-110,146.5,-112,-110
ncaab:401574614,ncaab,2023-12-21T23:00Z,final,227,160,Rhode Island,New Hampshire,71,81,-225,184,,0,-172,141,-5.5,-110,-110,,,,,2,,0,Kingston,RI,1,75,,,,-5.0,"34,37","38,43",-186,144,-3.0,-110,-115,150.0,-112,-107
ncaab:401577639,ncaab,2023-12-21T23:00Z,final,194,2443,Ohio State,LSU N Orleans,78,36,,,,0,,,,,,,,,,2,,0,Columbus,OH,1,235,,,,-5.0,"31,47","17,19",,,,,,,,
ncaab:401581768,ncaab,2023-12-21T23:00Z,final,325,2711,Cleveland St,W Michigan,90,77,,,,0,,,,,,,,,,2,,0,Cleveland,OH,1,199,,,,-5.0,"46,44","34,43",,,,,,,,
ncaab:401588941,ncaab,2023-12-21T23:00Z,final,97,96,Louisville,Kentucky,76,95,761,-1292,,0,610,-950,14.0,-110,-110,,,,,2,,0,Louisville,KY,1,142,,,,-5.0,"33,43","53,42",340,-500,8.5,-118,-105,156.0,-112,-110
ncaab:401593811,ncaab,2023-12-21T23:00Z,final,103,2329,Boston College,Lehigh,85,69,-1905,1020,,0,-2000,980,-16.5,-109,-111,,,,,2,,0,Chestnut Hill,MA,1,60,,,,-5.0,"44,41","29,40",-780,487,-10.0,-111,-113,149.5,-110,-110
ncaab:401575524,ncaab,2023-12-21T23:30Z,final,2633,2627,Tennessee,Tarleton St,65,46,-8000,2095,,0,-8000,2200,-22.5,-110,-110,,,,,2,,0,Knoxville,TN,1,276,,,,-5.0,"39,26","25,21",-2000,850,-13.5,-109,-116,138.5,-112,-110
ncaab:401577645,ncaab,2023-12-21T23:30Z,final,2509,294,Purdue,Jacksonville,100,57,-100000,10000,,0,-50000,6600,-33.0,-114,-106,,,,,2,,0,West Lafayette,IN,1,186,,,,-5.0,"45,55","27,30",-9837,1895,-19.0,-109,-116,147.5,-110,-111
ncaab:401592436,ncaab,2023-12-21T23:30Z,final,127,2619,Michigan St,Stony Brook,99,55,-10000,2400,,0,-8000,2200,-22.5,-110,-110,,,,,2,,0,East Lansing,MI,1,261,,,,-5.0,"48,51","12,43",-1720,819,-13.5,-111,-113,136.5,-110,-110
ncaab:401601458,ncaab,2023-12-21T23:30Z,final,2006,2241,Akron,Gardner-Webb,94,90,-550,410,,0,-500,360,-10.0,-110,-110,,,,,2,,0,Akron,OH,1,291,,,,-5.0,"48,36,10","38,46,6",-330,240,-5.5,-115,-110,139.5,-110,-110
ncaab:401575468,ncaab,2023-12-22T00:00Z,final,2116,50,UCF,Florida A&M,69,56,-10000,2223,,0,-10000,2500,-24.5,-111,-110,,,,,2,,0,Orlando,FL,1,30,,,,-5.0,"26,43","24,32",-1900,900,-14.5,-114,-111,136.5,-111,-107
ncaab:401576164,ncaab,2023-12-22T00:00Z,final,161,2217,FDU,Fairfield,69,92,,,,0,,,,,,,,,,2,,0,Hackensack,NJ,1,6,,,,-5.0,"26,43","56,36",,,,,,,,
ncaab:401576688,ncaab,2023-12-22T00:00Z,final,2492,2729,Pepperdine,William & Mary,71,59,-405,315,,0,-400,310,-8.5,-109,-111,,,,,2,,0,Malibu,CA,1,32,,,,-8.0,"35,36","19,40",-260,184,-4.5,-120,-106,149.5,-109,-111
ncaab:401577550,ncaab,2023-12-22T00:00Z,final,232,2603,Charleston,Saint Joseph's,89,82,-156,130,,0,-101,-120,-3.0,-110,-110,,,,,2,,0,Charleston,SC,1,6,,,,-5.0,"41,48","30,52",-140,110,-1.0,-113,-111,152.0,-115,-107
ncaab:401577570,ncaab,2023-12-22T00:00Z,final,2229,311,FIU,Maine,82,74,,,,0,,,,,,,,,,2,,0,Miami,FL,1,2,,,,-5.0,"35,47","36,38",,,,,,,,
ncaab:401579107,ncaab,2023-12-22T00:00Z,final,2640,2535,Texas Southern,Samford,65,87,220,-275,,0,170,-205,6.5,-110,-110,,,,,2,,0,Houston,TX,1,12,,,,-6.0,"21,44","41,46",154,-200,3.0,-108,-116,155.0,-110,-110
ncaab:401581563,ncaab,2023-12-22T00:00Z,final,2450,2571,Norfolk St,S Dakota St,84,65,,,,1,,,,,,,,,,2,,0,El Paso,TX,1,1133,,,,-7.0,"40,44","32,33",,,,,,,,
ncaab:401581762,ncaab,2023-12-22T00:00Z,final,314,2142,Iona,Colgate,85,65,-117,-102,,0,-106,-114,-0.5,-115,-105,,,,,2,,0,New Rochelle,NY,1,26,,,,-5.0,"48,37","24,41",-125,-105,-0.5,-108,-117,139.0,-118,-102
ncaab:401581834,ncaab,2023-12-22T00:00Z,final,2026,2427,App State,UNC Asheville,63,76,,,,1,,,,,,,,,,2,,0,Hickory,NC,1,350,,,,-5.0,"23,40","44,32",,,,,,,,
ncaab:401581853,ncaab,2023-12-22T00:00Z,final,276,350,Marshall,UNC Wilmington,69,78,-125,105,,0,104,-126,-1.5,-110,-110,,,,,2,,0,Huntington,WV,1,173,,,,-5.0,"31,38","40,38",-127,-102,-0.5,-115,-110,151.0,-110,-110
ncaab:401583758,ncaab,2023-12-22T00:00Z,final,2117,2174,C Michigan,Detroit Mercy,75,63,,,,0,,,,,,,,,,2,,0,Mount Pleasant,MI,1,235,,,,-5.0,"44,31","31,32",,,,,,,,
ncaab:401591574,ncaab,2023-12-22T00:00Z,final,2653,2198,Troy,E Kentucky,88,81,,,,0,,,,,,,,,,2,,0,Troy,AL,1,165,,,,-6.0,"48,40","41,40",,,,,,,,
ncaab:401591578,ncaab,2023-12-22T00:00Z,final,38,3101,Colorado,Utah Tech,98,71,-7782,2018,,0,-10000,2847,-22.0,-110,-110,,,,,2,,0,Boulder,CO,1,1624,,,,-7.0,"46,52","25,46",-1600,747,-13.5,-118,-107,147.5,-109,-111
ncaab:401593795,ncaab,2023-12-22T00:00Z,final,257,2084,Richmond,Buffalo,72,66,-1600,900,,0,-2000,920,-15.5,-111,-109,,,,,2,,0,Richmond,VA,1,64,,,,-5.0,"42,30","32,34",-655,410,-9.5,-106,-120,141.5,-110,-110
ncaab:401593996,ncaab,2023-12-22T00:00Z,final,204,304,Oregon St,Idaho St,76,57,-305,245,,0,-300,237,-7.0,-110,-110,,,,,2,,0,Corvallis,OR,1,71,,,,-8.0,"36,40","25,32",-240,182,-3.5,-116,-109,131.0,-110,-110
ncaab:401594195,ncaab,2023-12-22T00:00Z,final,2739,110437,Green Bay,MSOE,79,46,,,,0,,,,,,,,,,2,,0,Ashwaubenon,WI,1,185,,,,-6.0,"36,43","24,22",,,,,,,,
ncaab:401594217,ncaab,2023-12-22T00:00Z,final,85,190,IU Indy,Defiance,90,67,,,,0,,,,,,,,,,2,,0,Indianapolis,IN,1,218,,,,-5.0,"41,49","28,39",,,,,,,,
ncaab:401594528,ncaab,2023-12-22T00:00Z,final,8,2000,Arkansas,Abilene Chrstn,83,73,-1600,890,,0,-2100,1000,-15.0,-112,-108,,,,,2,,0,Fayetteville,AR,1,427,,,,-6.0,"28,55","35,38",-600,390,-8.5,-115,-110,151.0,-110,-112
ncaab:401597835,ncaab,2023-12-22T00:00Z,final,2166,2908,Davidson,SC Upstate,62,59,-1350,800,,0,-750,525,-15.5,-110,-110,,,,,2,,0,Davidson,NC,1,256,,,,-5.0,"33,29","27,32",-520,369,-9.0,-111,-115,139.5,-110,-110
ncaab:401600441,ncaab,2023-12-22T00:00Z,final,213,2330,Penn State,Le Moyne,72,55,-3297,1393,,0,-3500,1200,-20.0,-110,-110,,,,,2,,0,University Park,PA,1,348,,,,-5.0,"40,32","28,27",-1150,650,-11.5,-114,-110,153.5,-110,-110
ncaab:401575441,ncaab,2023-12-22T01:00Z,final,248,326,Houston,Texas St,72,37,-10000,2200,,0,-20000,3500,-27.5,-110,-110,,,,,2,,0,Houston,TX,1,12,,,,-6.0,"29,43","18,19",-8000,1200,-16.5,-115,-110,126.5,-110,-110
ncaab:401575450,ncaab,2023-12-22T01:00Z,final,66,2197,Iowa State,E Illinois,80,48,,,,0,,,,,,,,,,2,,0,Ames,IA,1,287,,,,-6.0,"39,41","26,22",,,,,,,,
ncaab:401580111,ncaab,2023-12-22T01:00Z,final,2287,2546,Illinois St,SE Missouri,85,64,,,,0,,,,,,,,,,2,,0,Normal,IL,1,244,,,,-6.0,"42,43","28,36",,,,,,,,
ncaab:401583743,ncaab,2023-12-22T01:00Z,final,27,70,UC Riverside,Idaho,82,67,-272,220,,0,-280,220,-6.5,-110,-110,,,,,2,,0,Riverside,CA,1,252,,,,-8.0,"37,45","39,28",-207,157,-3.5,-112,-112,133.5,-110,-110
ncaab:401584406,ncaab,2023-12-22T01:00Z,final,2636,349,UTSA,Army,53,63,-272,220,,0,-250,198,-6.5,-110,-110,,,,,2,,0,San Antonio,TX,1,198,,,,-6.0,"30,23","35,28",-220,170,-3.5,-109,-116,142.5,-108,-111
ncaab:401587211,ncaab,2023-12-22T01:00Z,final,71,2565,Bradley,SIUE,75,64,,,,0,,,,,,,,,,2,,0,Peoria,IL,1,153,,,,-6.0,"39,36","35,29",,,,,,,,
ncaab:401588609,ncaab,2023-12-22T01:00Z,final,135,2050,Minnesota,Ball State,80,63,-948,624,,0,-780,530,-13.0,-108,-112,,,,,2,,0,Minneapolis,MN,1,253,,,,-6.0,"39,41","27,36",-445,310,-7.5,-112,-112,138.5,-112,-110
ncaab:401588610,ncaab,2023-12-22T01:00Z,final,2459,2460,N Illinois,Northern Iowa,63,76,142,-172,,0,112,-140,3.5,-109,-111,,,,,2,,0,Dekalb,IL,1,268,,,,-6.0,"26,37","43,33",114,-150,1.5,-112,-112,156.0,-105,-115
ncaab:401588939,ncaab,2023-12-22T01:00Z,final,2390,284,Miami,Stonehill,97,59,-25000,4500,,0,-10000,2200,-29.5,-110,-110,,,,,2,,0,Coral Gables,FL,1,3,,,,-5.0,"54,43","25,34",-4800,1600,-17.0,-114,-110,153.5,-110,-110
ncaab:401598007,ncaab,2023-12-22T01:00Z,final,2900,2723,St Thomas,UW-River Falls,104,51,,,,0,,,,,,,,,,2,,0,Saint Paul,MN,1,242,,,,-6.0,"51,53","17,34",,,,,,,,
ncaab:401600100,ncaab,2023-12-22T01:00Z,final,6,2010,South Alabama,Alabama A&M,83,67,-874,587,,0,-1800,880,-12.5,-106,-113,,,,,2,,0,Mobile,AL,1,3,,,,-6.0,"42,41","38,29",-475,325,-7.0,-112,-112,148.0,-109,-111
ncaab:401577590,ncaab,2023-12-22T01:30Z,final,2306,2724,Kansas St,Wichita St,69,60,-227,187,,1,-205,170,-5.5,-107,-114,,,,,2,,0,Kansas City,MO,1,274,,,,-6.0,"33,36","29,31",-195,150,-2.5,-108,-112,146.5,-110,-110
ncaab:401577618,ncaab,2023-12-22T01:30Z,final,84,2453,Indiana,North Alabama,83,66,-1100,700,,0,-741,507,-14.0,-108,-112,,,,,2,,0,Bloomington,IN,1,235,,,,-5.0,"43,40","34,32",-500,340,-8.5,-112,-112,148.0,-112,-108
ncaab:401581339,ncaab,2023-12-22T02:00Z,final,113,59,UMass,Georgia Tech,70,73,,,,1,,,,,,,,,,2,,0,Honolulu,HI,1,5,,,,-10.0,"31,39","37,36",,,,,,,,
ncaab:401581781,ncaab,2023-12-22T02:00Z,final,264,331,Washington,E Washington,73,66,,,,0,,,,,,,,,,2,,0,Seattle,WA,1,56,,,,-8.0,"39,34","40,26",,,,,,,,
ncaab:401581792,ncaab,2023-12-22T02:00Z,final,99,2320,LSU,Lamar,87,66,-1809,965,,0,-1050,660,-16.5,-110,-110,,,,,2,,0,Baton Rouge,LA,1,14,,,,-6.0,"45,42","26,40",-797,499,-10.0,-115,-110,154.5,-102,-110
ncaab:401597917,ncaab,2023-12-22T02:00Z,final,302,3185,UC Davis,UC Merced,80,57,,,,0,,,,,,,,,,2,,0,Davis,CA,1,16,,,,-8.0,"47,33","20,37",,,,,,,,
ncaab:401597923,ncaab,2023-12-22T02:00Z,final,2483,2309,Oregon,Kent State,84,70,-290,232,,0,-275,220,-7.0,-109,-111,,,,,2,,0,Eugene,OR,1,131,,,,-8.0,"45,39","29,41",-225,175,-3.5,-114,-111,146.5,-111,-109
ncaab:401607347,ncaab,2023-12-22T02:00Z,final,21,24,San Diego St,Stanford,74,60,-392,305,,0,-340,270,-9.0,-110,-110,,,,,2,,0,San Diego,CA,1,20,,,,-8.0,"34,40","32,28",-275,200,-4.0,-115,-115,143.5,-109,-110
ncaab:401581564,ncaab,2023-12-22T02:10Z,final,2638,2751,UTEP,Wyoming,78,67,-134,112,,0,-140,115,-2.0,-110,-110,,,,,2,,0,El Paso,TX,1,1133,,,,-7.0,"25,53","26,41",-130,101,-0.5,-120,-102,140.0,-110,-110
ncaab:401581821,ncaab,2023-12-22T03:00Z,final,13,2437,Cal Poly,Omaha,66,53,102,-120,,0,103,-123,1.5,-110,-110,,,,,2,,0,San Luis Obispo,CA,1,71,,,,-8.0,"35,31","21,32",-104,-120,0.5,-111,-114,138.5,-112,-108
ncaab:401597300,ncaab,2023-12-22T03:00Z,final,2439,2275,UNLV,Hofstra,74,56,-181,150,,0,-192,158,-4.5,-110,-110,,,,,2,,0,Las Vegas,NV,1,610,,,,-8.0,"36,38","24,32",-160,124,-2.0,-114,-112,140.5,-106,-115
ncaab:401598042,ncaab,2023-12-22T03:00Z,final,2608,94,Saint Mary's,N Kentucky,92,56,-1779,948,,0,-1600,890,-15.5,-115,-105,,,,,2,,0,Moraga,CA,1,152,,,,-8.0,"38,54","29,27",-660,420,-9.0,-116,-109,131.5,-107,-110
ncaab:401600097,ncaab,2023-12-22T03:00Z,final,301,233,San Diego,South Dakota,69,66,-410,320,,0,-450,340,-8.5,-110,-110,,,,,2,,0,San Diego,CA,1,20,,,,-8.0,"37,32","37,29",-275,210,-4.5,-112,-112,159.5,-110,-110
ncaab:401580934,ncaab,2023-12-22T04:00Z,final,265,68,Washington St,Boise St,66,61,-146,120,,1,-115,-105,-2.5,-111,-109,,,,,2,,0,Spokane,WA,1,571,,,,-8.0,"33,33","27,34",-140,110,-1.5,-111,-115,137.0,-110,-110
ncaab:401581340,ncaab,2023-12-22T04:42Z,final,62,2501,Hawai'i,Portland,69,56,,,,0,,,,,,,,,,2,,0,Honolulu,HI,1,5,,,,-10.0,"34,35","27,29",,,,,,,,
ncaab:401600770,ncaab,2023-12-22T16:00Z,final,2803,2182,Bryant,Drexel,104,86,145,-175,,0,-100,-120,3.5,-112,-108,,,,,2,,0,Smithfield,RI,1,84,,,,-5.0,"44,60","27,59",125,-159,2.0,-109,-116,136.5,-110,-110
ncaab:401575400,ncaab,2023-12-22T17:00Z,final,2678,126910,VMI,PSU New Kens,82,65,,,,0,,,,,,,,,,2,,0,Lexington,VA,1,324,,,,-5.0,"37,45","27,38",,,,,,,,
ncaab:401582025,ncaab,2023-12-22T17:00Z,final,104,2349,Boston U,UMass Lowell,63,71,140,-170,,0,164,-200,3.5,-110,-110,,,,,2,,0,Boston,MA,1,14,,,,-5.0,"25,38","46,25",130,-166,2.0,-108,-117,139.0,-112,-108
ncaab:401594507,ncaab,2023-12-22T17:00Z,final,2352,117,Loyola MD,St Mary's (MD),91,57,,,,0,,,,,,,,,,2,,0,Baltimore,MD,1,10,,,,-5.0,"43,48","33,24",,,,,,,,
ncaab:401581844,ncaab,2023-12-22T18:00Z,final,2415,256,Morgan St,James Madison,75,89,1700,-5000,,0,1280,-3500,20.5,-105,-115,,,,,2,,0,Baltimore,MD,1,10,,,,-5.0,"35,40","47,42",755,-1475,13.0,-114,-111,160.5,-110,-110
ncaab:401587172,ncaab,2023-12-22T18:00Z,final,163,2808,Princeton,Del Val,84,53,,,,0,,,,,,,,,,2,,0,Princeton,NJ,1,62,,,,-5.0,"45,39","21,32",,,,,,,,
ncaab:401588611,ncaab,2023-12-22T18:00Z,final,193,261,Miami OH,Vermont,70,69,180,-218,,0,158,-192,4.5,-110,-110,,,,,2,,0,Oxford,OH,1,283,,,,-5.0,"32,38","34,35",139,-177,2.5,-112,-112,138.0,-110,-115
ncaab:401589376,ncaab,2023-12-22T18:00Z,final,2750,332,Wright St,Muskingum,101,54,,,,0,,,,,,,,,,2,,0,Dayton,OH,1,225,,,,-5.0,"47,54","24,30",,,,,,,,
ncaab:401598977,ncaab,2023-12-22T18:00Z,final,2612,2871,Saint Peter's,Kean,73,70,,,,0,,,,,,,,,,2,,0,Jersey City,NJ,1,9,,,,-5.0,"35,38","32,38",,,,,,,,
ncaab:401602181,ncaab,2023-12-22T18:00Z,final,2429,2256,Charlotte,Greensboro,91,44,,,,0,,,,,,,,,,2,,0,Charlotte,NC,1,229,,,,-5.0,"46,45","29,15",,,,,,,,
ncaab:401603545,ncaab,2023-12-22T18:00Z,final,2885,2380,NJIT,Medgar Evers,127,51,,,,0,,,,,,,,,,2,,0,Newark,NJ,1,9,,,,-5.0,"72,55","27,24",,,,,,,,
ncaab:401606727,ncaab,2023-12-22T18:00Z,final,2569,2077,SC State,Brewton Parker,101,84,,,,0,,,,,,,,,,2,,0,Orangeburg,SC,1,74,,,,-5.0,"44,57","40,44",,,,,,,,
ncaab:401577580,ncaab,2023-12-22T19:00Z,final,58,399,South Florida,UAlbany,89,73,,,,0,,,,,,,,,,2,,0,Tampa,FL,1,1,,,,-5.0,"47,42","46,27",,,,,,,,
ncaab:401577664,ncaab,2023-12-22T19:00Z,final,225,2561,Brown,Siena,71,67,-550,400,,0,-1250,740,-9.5,-110,-110,,,,,2,,0,Providence,RI,1,2,,,,-5.0,"23,48","38,29",-310,235,-5.0,-116,-109,134.5,-115,-110
ncaab:401583789,ncaab,2023-12-22T19:00Z,final,2771,2083,Merrimack,Bucknell,68,52,-260,210,,0,-210,175,-5.5,-110,-110,,,,,2,,0,North Andover,MA,1,29,,,,-5.0,"34,34","16,36",-200,154,-3.0,-117,-108,127.0,-110,-108
ncaab:401588612,ncaab,2023-12-22T19:00Z,final,189,2562,Bowling Green,Siena Heights,79,58,,,,0,,,,,,,,,,2,,0,Bowling Green,OH,1,212,,,,-5.0,"28,51","29,29",,,,,,,,
ncaab:401589062,ncaab,2023-12-22T19:00Z,final,2655,2244,Tulane,George Mason,66,69,-190,160,,0,-135,114,-4.0,-110,-110,,,,,2,,0,New Orleans,LA,1,0,,,,-6.0,"40,26","29,40",-166,130,-2.5,-108,-117,157.5,-115,-110
ncaab:401589468,ncaab,2023-12-22T19:00Z,final,2681,461,Wagner,Gwynedd Mercy,98,49,,,,0,,,,,,,,,,2,,0,Staten Island,NY,1,21,,,,-5.0,"47,51","19,30",,,,,,,,
ncaab:401594568,ncaab,2023-12-22T19:00Z,final,270,236,Milwaukee,Chattanooga,85,83,145,-175,,0,142,-172,3.5,-110,-110,,,,,2,,0,Milwaukee,WI,1,188,,,,-6.0,"33,39,13","23,49,11",122,-152,2.0,-110,-114,152.5,-110,-112
ncaab:401598578,ncaab,2023-12-22T19:00Z,final,2523,172,Robert Morris,Cornell,85,90,280,-350,,0,290,-375,8.0,-110,-110,,,,,2,,0,Moon Township,PA,1,358,,,,-5.0,"48,37","43,47",185,-250,4.5,-114,-110,161.5,-110,-110
ncaab:401604411,ncaab,2023-12-22T19:00Z,final,2617,2491,SF Austin,Paul Quinn,115,58,,,,0,,,,,,,,,,2,,0,Nacogdoches,TX,1,92,,,,-6.0,"64,51","24,34",,,,,,,,
ncaab:401583731,ncaab,2023-12-22T20:00Z,final,251,357,Texas,Texas A&M-CC,71,55,-10000,2400,,0,-7000,2000,-23.5,-108,-112,,,,,2,,0,Austin,TX,1,149,,,,-6.0,"35,36","24,31",-1956,873,-14.0,-112,-112,150.5,-110,-110
ncaab:401584347,ncaab,2023-12-22T20:00Z,final,61,2454,Georgia,North Florida,78,60,-2500,1200,,0,-2100,1000,-16.5,-110,-110,,,,,2,,0,Athens,GA,1,228,,,,-5.0,"45,33","29,31",-824,510,-9.5,-110,-114,151.5,-110,-110
ncaab:401594422,ncaab,2023-12-22T20:00Z,final,5,2181,UAB,Drake,79,78,190,-240,,0,146,-178,5.5,-110,-110,,,,,2,,0,Birmingham,AL,1,187,,,,-6.0,"37,35,7","37,35,6",135,-175,3.0,-110,-114,153.5,-105,-110
ncaab:401575756,ncaab,2023-12-22T21:00Z,final,57,2755,Florida,Grambling,96,57,-10000,3500,,0,-20000,3500,-26.5,-110,-110,,,,,2,,0,Gainesville,FL,1,54,,,,-5.0,"44,52","27,30",-4236,1359,-15.5,-109,-116,146.5,-118,-105
ncaab:401581179,ncaab,2023-12-22T21:00Z,final,2463,147,CSU Northridge,Montana St,82,70,,,,0,,,,,,,,,,2,,0,Northridge,CA,1,246,,,,-8.0,"38,44","37,33",,,,,,,,
ncaab:401584441,ncaab,2023-12-22T21:00Z,final,119,2447,Towson,Nicholls,65,55,-385,300,,0,-275,220,-9.0,-115,-105,,,,,2,,0,Towson,MD,1,141,,,,-5.0,"28,37","14,41",-280,212,-4.5,-112,-112,132.5,-110,-115
ncaab:401581553,ncaab,2023-12-22T22:00Z,final,2628,2440,TCU,Nevada,75,88,-162,136,,1,-125,105,-3.0,-108,-112,,,,,2,,0,Honolulu,HI,1,5,,,,-10.0,"36,39","48,40",-150,114,-1.5,-112,-112,151.5,-110,-110
ncaab:401583723,ncaab,2023-12-22T23:00Z,final,228,2511,Clemson,Queens,109,79,-4500,1600,,0,-7000,2000,-20.5,-108,-112,,,,,2,,0,Clemson,SC,1,221,,,,-5.0,"69,40","36,43",-1393,729,-12.5,-110,-115,156.5,-110,-110
ncaab:401588317,ncaab,2023-12-22T23:00Z,final,2579,2210,South Carolina,Elon,70,43,-1499,850,,0,-1526,851,-14.5,-110,-110,,,,,2,,0,Columbia,SC,1,89,,,,-5.0,"30,40","20,23",-620,400,-9.0,-107,-117,143.5,-112,-110
ncaab:401591585,ncaab,2023-12-22T23:00Z,final,93,2567,Murray St,SMU,65,92,,,,0,,,,,,,,,,2,,0,Murray,KY,1,163,,,,-6.0,"41,24","49,43",,,,,,,,
ncaab:401574601,ncaab,2023-12-23T00:00Z,final,179,2066,St Bonaventure,Binghamton,90,64,,,,0,,,,,,,,,,2,,0,Saint Bonaventure,NY,1,435,,,,-5.0,"41,49","37,27",,,,,,,,
ncaab:401576145,ncaab,2023-12-23T00:00Z,final,2670,2379,VCU,MD Eastern,75,51,,,,0,,,,,,,,,,2,,0,Richmond,VA,1,64,,,,-5.0,"37,38","23,28",,,,,,,,
ncaab:401586908,ncaab,2023-12-23T00:00Z,final,52,2737,Florida St,Winthrop,67,61,-425,330,,0,-385,300,-8.5,-112,-108,,,,,2,,0,Tallahassee,FL,1,62,,,,-5.0,"25,42","24,37",-302,225,-4.5,-117,-108,147.5,-110,-105
ncaab:401587248,ncaab,2023-12-23T00:00Z,final,2815,2524,Lindenwood,Rockford,81,54,,,,0,,,,,,,,,,2,,0,Saint Charles,MO,1,147,,,,-6.0,"39,42","31,23",,,,,,,,
ncaab:401593873,ncaab,2023-12-23T00:00Z,final,526,2227,FGCU,FL Memorial,78,75,,,,0,,,,,,,,,,2,,0,Fort Myers,FL,1,3,,,,-5.0,"35,33,10","29,39,7",,,,,,,,
ncaab:401594256,ncaab,2023-12-23T00:00Z,final,2272,2099,High Point,Canisius,78,70,-350,260,,0,-355,270,-7.0,-110,-110,,,,,2,,0,High Point,NC,1,281,,,,-5.0,"38,40","35,35",-238,180,-4.5,-112,-115,148.5,-110,-110
ncaab:401597409,ncaab,2023-12-23T00:00Z,final,79,88,S Illinois,S Indiana,81,50,,,,0,,,,,,,,,,2,,0,Carbondale,IL,1,126,,,,-6.0,"39,42","14,36",,,,,,,,
ncaab:401599443,ncaab,2023-12-23T00:00Z,final,269,46,Marquette,Georgetown,81,51,-1800,1000,,0,-2800,1200,-17.5,-110,-110,,,,,2,,0,Milwaukee,WI,1,188,,,,-6.0,"41,40","24,27",-810,500,-9.5,-118,-105,149.0,-110,-110
ncaab:401600237,ncaab,2023-12-23T00:00Z,final,2132,56,Cincinnati,Stetson,83,75,-4500,1600,,0,-4000,1400,-20.5,-115,-105,,,,,2,,0,Cincinnati,OH,1,191,,,,-5.0,"38,45","33,42",-1202,655,-11.0,-119,-107,148.5,-115,-110
ncaab:401604912,ncaab,2023-12-23T00:00Z,final,239,2400,Baylor,Miss Valley St,107,48,,,,0,,,,,,,,,,2,,0,Waco,TX,1,143,,,,-6.0,"50,57","20,28",,,,,,,,
ncaab:401581555,ncaab,2023-12-23T00:30Z,final,295,218,Old Dominion,Temple,78,63,140,-170,,1,130,-160,3.5,-110,-110,,,,,2,,0,Honolulu,HI,1,5,,,,-10.0,"34,44","31,32",114,-150,1.5,-111,-113,147.0,-110,-110
ncaab:401575458,ncaab,2023-12-23T01:00Z,final,2305,43,Kansas,Yale,75,60,-1698,1000,,0,-2000,980,-15.0,-110,-110,,,,,2,,0,Lawrence,KS,1,263,,,,-6.0,"32,43","33,27",-600,390,-8.5,-116,-109,142.5,-110,-110
ncaab:401575515,ncaab,2023-12-23T01:00Z,final,245,2277,Texas A&M,Hou Christian,79,52,,,,0,,,,,,,,,,2,,0,College Station,TX,1,103,,,,-6.0,"40,39","21,31",,,,,,,,
ncaab:401582015,ncaab,2023-12-23T01:00Z,final,87,2368,Notre Dame,Marist,60,56,-260,210,,0,-196,158,-6.0,-110,-110,,,,,2,,0,South Bend,IN,1,211,,,,-5.0,"24,36","25,31",-195,147,-3.0,-120,-106,125.0,-110,-110
ncaab:401583799,ncaab,2023-12-23T01:00Z,final,2,2011,Auburn,Alabama St,82,62,-29412,5000,,0,-10000,2500,-30.5,-115,-105,,,,,2,,0,Auburn,AL,1,215,,,,-6.0,"46,36","25,37",-4800,1600,-17.5,-110,-114,150.0,-110,-110
ncaab:401584416,ncaab,2023-12-23T01:00Z,final,275,2130,Wisconsin,Chicago St,80,53,-20000,3000,,0,-10000,2800,-24.5,-110,-110,,,,,2,,0,Madison,WI,1,267,,,,-6.0,"38,42","25,28",-1150,650,-14.5,-112,-112,133.5,-108,-110
ncaab:401587202,ncaab,2023-12-23T01:00Z,final,2046,195,Austin Peay,Ohio,71,67,170,-205,,0,124,-148,4.5,-105,-115,,,,,2,,0,Clarksville,TN,1,145,,,,-6.0,"36,35","32,35",124,-160,2.0,-107,-118,138.5,-110,-106
ncaab:401593838,ncaab,2023-12-23T01:00Z,final,242,309,Rice,Louisiana,67,84,-198,164,,0,-162,132,-4.5,-110,-110,,,,,2,,0,Houston,TX,1,12,,,,-6.0,"26,41","40,44",-166,130,-2.5,-109,-116,147.5,-110,-110
ncaab:401598047,ncaab,2023-12-23T01:00Z,final,2539,278,San Francisco,Fresno St,77,57,-700,490,,0,-750,520,-11.0,-110,-110,,,,,2,,0,San Francisco,CA,1,16,,,,-8.0,"39,38","34,23",-360,260,-6.5,-108,-117,133.5,-110,-110
ncaab:401604282,ncaab,2023-12-23T01:00Z,final,202,166,Tulsa,New Mexico St,65,59,-285,230,,0,-295,235,-7.0,-108,-112,,,,,2,,0,Tulsa,OK,1,220,,,,-6.0,"33,32","37,22",-225,165,-3.5,-110,-115,147.5,-110,-110
ncaab:401587154,ncaab,2023-12-23T01:30Z,final,253,2393,Southern Utah,MTSU,69,63,,,,0,,,,,,,,,,2,,0,Cedar City,UT,1,1782,,,,-7.0,"31,38","37,26",,,,,,,,
ncaab:401575806,ncaab,2023-12-23T02:00Z,final,26,120,UCLA,Maryland,60,69,-192,160,,0,-176,146,-3.5,-110,-110,,,,,2,,0,Los Angeles,CA,1,89,,,,-8.0,"28,32","43,26",-160,128,-1.5,-115,-110,128.5,-110,-110
ncaab:401584516,ncaab,2023-12-23T02:00Z,final,356,142,Illinois,Missouri,97,73,,,,1,,,,,,,,,,2,,0,St. Louis,MO,1,142,,,,-6.0,"49,48","24,49",,,,,,,,
ncaab:401593957,ncaab,2023-12-23T02:00Z,final,252,91,BYU,Bellarmine,101,59,-30000,4000,,0,-20000,3500,-28.0,-110,-110,,,,,2,,0,Provo,UT,1,1387,,,,-7.0,"42,59","28,31",-4446,1370,-16.0,-115,-110,143.5,-115,-108
ncaab:401597416,ncaab,2023-12-23T02:00Z,final,328,2193,Utah State,ETSU,80,65,,,,0,,,,,,,,,,2,,0,Logan,UT,1,1382,,,,-7.0,"32,48","27,38",,,,,,,,
ncaab:401590983,ncaab,2023-12-23T03:00Z,final,2351,36,LMU,Colorado St,67,76,,,,0,,,,,,,,,,2,,0,Los Angeles,CA,1,89,,,,-8.0,"27,40","35,41",,,,,,,,
ncaab:401581554,ncaab,2023-12-23T04:00Z,final,62,59,Hawai'i,Georgia Tech,68,73,,,,0,,,,,,,,,,2,,0,Honolulu,HI,1,5,,,,-10.0,"27,41","43,30",,,,,,,,
ncaab:401581556,ncaab,2023-12-23T06:30Z,final,2501,113,Portland,UMass,78,100,,,,1,,,,,,,,,,2,,0,Honolulu,HI,1,5,,,,-10.0,"40,38","48,52",,,,,,,,
ncaab:401597987,ncaab,2023-12-23T17:00Z,final,344,164,Mississippi St,Rutgers,70,60,-160,130,,1,-134,112,-3.0,-120,100,,,,,2,,0,Newark,NJ,1,9,,,,-5.0,"29,41","29,31",-148,115,-2.0,-115,-115,130.5,-110,-108
ncaab:401599445,ncaab,2023-12-23T17:00Z,final,2507,2086,Providence,Butler,85,75,-260,210,,0,-215,176,-6.0,-112,-108,,,,,2,,0,Providence,RI,1,2,,,,-5.0,"37,32,16","33,36,6",-210,160,-2.5,-120,-102,139.5,-110,-110
ncaab:401575477,ncaab,2023-12-23T18:00Z,final,277,2649,West Virginia,Toledo,91,81,-198,164,,0,-160,130,-4.5,-110,-110,,,,,2,,0,Morgantown,WV,1,271,,,,-5.0,"45,46","33,48",-180,140,-2.0,-112,-112,153.5,-110,-110
ncaab:401583595,ncaab,2023-12-23T18:00Z,final,152,2174,NC State,Detroit Mercy,83,66,,,,0,,,,,,,,,,2,,0,Raleigh,NC,1,96,,,,-5.0,"43,40","36,30",,,,,,,,
ncaab:401589365,ncaab,2023-12-23T18:00Z,final,2520,219,Rider,Penn,73,77,126,-152,,0,110,-132,3.0,-110,-110,,,,,2,,0,Lawrenceville,NJ,1,37,,,,-5.0,"28,39,6","41,26,10",110,-140,1.0,-111,-115,141.5,-122,-105
ncaab:401589494,ncaab,2023-12-23T18:00Z,final,116,112358,Mount St Marys,Long Island,87,59,,,,0,,,,,,,,,,2,,0,Emmitsburg,MD,1,133,,,,-5.0,"45,42","30,29",,,,,,,,
ncaab:401593919,ncaab,2023-12-23T19:00Z,final,2427,338,UNC Asheville,Kennesaw St,79,70,-185,154,,0,-140,116,-4.5,-115,-105,,,,,2,,0,Asheville,NC,1,649,,,,-5.0,"51,28","33,37",-170,134,-2.0,-116,-109,162.5,-106,-108
ncaab:401594546,ncaab,2023-12-23T19:00Z,final,145,2572,Ole Miss,Southern Miss,89,72,,,,1,,,,,,,,,,2,,0,Biloxi,MS,1,6,,,,-6.0,"47,42","30,42",,,,,,,,
ncaab:401599447,ncaab,2023-12-23T19:00Z,final,2752,2550,Xavier,Seton Hall,74,54,-180,150,,0,-164,136,-4.0,-112,-108,,,,,2,,0,Cincinnati,OH,1,191,,,,-5.0,"32,42","25,29",-162,128,-1.5,-115,-105,148.5,-112,-108
ncaab:401608796,ncaab,2023-12-23T19:00Z,final,249,250,North Texas,UT Arlington,78,52,,,,0,,,,,,,,,,2,,0,Denton,TX,1,201,,,,-6.0,"44,34","19,33",,,,,,,,
ncaab:401600258,ncaab,2023-12-23T20:00Z,final,12,2226,Arizona,FAU,95,96,,,,1,,,,,,,,,,2,,0,Las Vegas,NV,1,610,,,,-8.0,"37,36,11,11","31,42,11,12",,,,,,,,
ncaab:401583605,ncaab,2023-12-23T21:00Z,final,235,238,Memphis,Vanderbilt,77,75,-1698,1000,,0,-3500,1280,-16.0,-112,-108,,,,,2,,0,Memphis,TN,1,78,,,,-6.0,"35,42","36,39",-800,475,-9.5,-115,-115,149.5,-112,-108
ncaab:401591435,ncaab,2023-12-23T21:00Z,final,333,2198,Alabama,E Kentucky,111,67,,,,0,,,,,,,,,,2,,0,Tuscaloosa,AL,1,68,,,,-6.0,"61,50","32,35",,,,,,,,
ncaab:401599444,ncaab,2023-12-23T21:00Z,final,305,222,DePaul,Villanova,48,84,525,-750,,0,520,-750,10.5,-105,-115,,,,,2,,0,Chicago,IL,1,179,,,,-6.0,"28,20","46,38",275,-375,6.0,-110,-120,134.0,-112,-108
ncaab:401579120,ncaab,2023-12-23T22:00Z,final,2541,2184,Santa Clara,Duquesne,81,73,105,-125,,1,146,-176,1.5,-108,-112,,,,,2,,0,Las Vegas,NV,1,610,,,,-8.0,"36,45","37,36",102,-128,0.5,-110,-114,153.0,-108,-112
ncaab:401577705,ncaab,2023-12-24T01:00Z,final,2608,2623,Saint Mary's,Missouri St,64,69,-1050,675,,0,-720,500,-13.5,-110,-110,,,,,2,,0,Moraga,CA,1,152,,,,-8.0,"32,32","31,38",-543,368,-8.0,-119,-107,132.0,-105,-110
ncaab:401599446,ncaab,2023-12-24T01:00Z,final,41,2599,UConn,St John's,69,65,,,,0,,,,,,,,,,2,,0,Hartford,CT,1,18,,,,-5.0,"26,43","32,33",,,,,,,,
ncaab:401581557,ncaab,2023-12-24T18:30Z,final,2501,218,Portland,Temple,54,55,145,-175,,1,158,-192,3.5,-110,-110,,,,,2,,0,Honolulu,HI,1,5,,,,-10.0,"24,30","26,29",120,-150,2.0,-116,-108,152.5,-110,-110
ncaab:401581558,ncaab,2023-12-24T20:55Z,final,113,295,UMass,Old Dominion,87,65,,,,1,,,,,,,,,,2,,0,Honolulu,HI,1,5,,,,-10.0,"41,46","28,37",,,,,,,,
ncaab:401581560,ncaab,2023-12-24T23:30Z,final,62,2628,Hawai'i,TCU,51,65,,,,0,,,,,,,,,,2,,0,Honolulu,HI,1,5,,,,-10.0,"27,24","36,29",,,,,,,,
ncaab:401581559,ncaab,2023-12-25T02:00Z,final,59,2440,Georgia Tech,Nevada,64,72,210,-260,,1,220,-273,6.5,-112,-108,,,,,2,,0,Honolulu,HI,1,5,,,,-10.0,"30,34","36,36",160,-210,3.5,-115,-115,142.5,-110,-110
ncaab:401622999,ncaab,2023-12-27T20:00Z,final,3246,2253,Bethesda,Grand Canyon,74,124,,,,1,,,,,,,,,,2,,0,Glendale,AZ,1,351,,,,-7.0,"35,39","67,57",,,,,,,,
ncaab:401575433,ncaab,2023-12-28T00:00Z,final,258,2415,Virginia,Morgan St,79,44,-14925,3000,,0,-20000,3500,-26.5,-110,-110,,,,,2,,0,Charlottesville,VA,1,142,,,,-5.0,"43,36","16,28",-4804,1393,-15.5,-110,-114,132.5,-115,-105
ncaab:401594651,ncaab,2023-12-28T03:00Z,final,2856,2130,CA Baptist,Chicago St,74,62,,,,0,,,,,,,,,,2,,0,Riverside,CA,1,252,,,,-8.0,"31,43","28,34",,,,,,,,
ncaab:401574420,ncaab,2023-12-29T00:00Z,final,201,2110,Oklahoma,C Arkansas,88,72,,,,0,,,,,,,,,,2,,0,Norman,OK,1,357,,,,-6.0,"50,38","42,30",,,,,,,,
ncaab:401576642,ncaab,2023-12-29T00:00Z,final,112358,399,Long Island,UAlbany,69,86,,,,1,,,,,,,,,,2,,0,Brooklyn,NY,1,15,,,,-5.0,"43,26","39,47",,,,,,,,
ncaab:401577626,ncaab,2023-12-29T00:00Z,final,120,2154,Maryland,Coppin St,75,53,-50000,4000,,0,-66667,8000,-29.5,-110,-110,,,,,2,,0,College Park,MD,1,21,,,,-5.0,"38,37","18,35",-7883,1800,-17.0,-112,-112,130.0,-110,-110
ncaab:401581873,ncaab,2023-12-29T00:00Z,final,2640,128256,Texas Southern,Biblical Stud,108,72,,,,0,,,,,,,,,,2,,0,Houston,TX,1,12,,,,-6.0,"50,58","30,42",,,,,,,,
ncaab:401587645,ncaab,2023-12-29T00:00Z,final,325,2473,Cleveland St,Oakland,75,67,-128,106,,0,-137,114,-2.0,-110,-110,,,,,2,,0,Cleveland,OH,1,199,,,,-5.0,"41,34","23,44",-130,102,-1.0,-113,-111,143.5,-110,-110
ncaab:401597436,ncaab,2023-12-29T00:00Z,final,55,2232,Jax State,Fort Valley St,93,57,,,,0,,,,,,,,,,2,,0,Jacksonville,AL,1,216,,,,-6.0,"50,43","25,32",,,,,,,,
ncaab:401587212,ncaab,2023-12-29T01:00Z,final,71,2654,Bradley,Truman St,69,47,,,,0,,,,,,,,,,2,,0,Peoria,IL,1,153,,,,-6.0,"31,38","25,22",,,,,,,,
ncaab:401592100,ncaab,2023-12-29T01:00Z,final,2636,2504,UTSA,Prairie View,103,89,-182,150,,0,-140,116,-3.5,-110,-110,,,,,2,,0,San Antonio,TX,1,198,,,,-6.0,"52,51","32,57",-166,131,-2.0,-120,-106,149.5,-110,-108
ncaab:401597889,ncaab,2023-12-29T01:00Z,final,2641,2534,Texas Tech,Sam Houston,96,60,-1992,1045,,0,-3000,1200,-16.5,-110,-110,,,,,2,,0,Lubbock,TX,1,976,,,,-6.0,"48,48","29,31",-800,500,-9.5,-112,-112,139.5,-109,-110
ncaab:401587250,ncaab,2023-12-29T01:30Z,final,2634,2630,Tennessee St,UT Martin,75,91,,,,0,,,,,,,,,,2,,0,Nashville,TN,1,170,,,,-6.0,"46,29","53,38",,,,,,,,
ncaab:401587251,ncaab,2023-12-29T01:55Z,final,2635,2031,Tennessee Tech,Little Rock,75,81,105,-125,,0,-100,-120,1.5,-108,-112,,,,,2,,0,Cookeville,TN,1,334,,,,-6.0,"37,38","36,45",-105,-122,0.5,-114,-110,152.5,-115,-105
ncaab:401573385,ncaab,2023-12-29T02:00Z,final,331,2502,E Washington,Portland St,91,57,,,,0,,,,,,,,,,2,,0,Cheney,WA,1,717,,,,-8.0,"46,45","27,30",,,,,,,,
ncaab:401573386,ncaab,2023-12-29T02:00Z,final,70,16,Idaho,Sacramento St,61,58,-150,125,,0,-145,120,-2.5,-110,-110,,,,,2,,0,Moscow,ID,1,786,,,,-8.0,"33,28","22,36",-147,114,-1.5,-108,-117,139.5,-110,-110
ncaab:401573387,ncaab,2023-12-29T02:00Z,final,304,147,Idaho St,Montana St,66,74,-130,110,,0,-130,105,-1.5,-112,-108,,,,,2,,0,Pocatello,ID,1,1360,,,,-7.0,"27,39","33,41",-130,-100,-1.0,-112,-112,134.0,-110,-110
ncaab:401573388,ncaab,2023-12-29T02:00Z,final,2692,149,Weber St,Montana,93,63,-192,160,,0,-200,165,-4.5,-108,-112,,,,,2,,0,Ogden,UT,1,1311,,,,-7.0,"44,49","28,35",-180,137,-2.5,-107,-115,132.5,-112,-108
ncaab:401573473,ncaab,2023-12-29T02:00Z,final,302,2540,UC Davis,Santa Barbara,76,62,114,-137,,0,-114,-105,2.5,-110,-110,,,,,2,,0,Davis,CA,1,16,,,,-8.0,"39,37","34,28",105,-135,1.0,-115,-115,147.5,-110,-110
ncaab:401607351,ncaab,2023-12-29T02:00Z,final,2483,30,Oregon,USC,82,74,-152,126,,0,-142,118,-2.5,-112,-108,,,,,2,,0,Eugene,OR,1,131,,,,-8.0,"42,40","25,49",-145,114,-1.5,-115,-115,150.5,-110,-110
ncaab:401573471,ncaab,2023-12-29T03:00Z,final,300,27,UC Irvine,UC Riverside,73,66,-950,625,,0,-1400,800,-12.5,-110,-110,,,,,2,,0,Irvine,CA,1,17,,,,-8.0,"37,36","31,35",-480,320,-7.0,-117,-107,138.0,-108,-110
ncaab:401573472,ncaab,2023-12-29T03:00Z,final,2239,299,Fullerton,Long Beach St,71,81,130,-160,,0,115,-138,3.0,-110,-110,,,,,2,,0,Fullerton,CA,1,50,,,,-8.0,"32,39","38,43",114,-142,2.0,-117,-107,145.5,-110,-110
ncaab:401573474,ncaab,2023-12-29T03:00Z,final,28,2934,UC San Diego,Bakersfield,76,64,-250,205,,0,-420,310,-7.5,-110,-110,,,,,2,,0,San Diego,CA,1,20,,,,-8.0,"34,42","23,41",-260,190,-4.5,-110,-115,138.5,-110,-110
ncaab:401573475,ncaab,2023-12-29T03:00Z,final,13,2463,Cal Poly,CSU Northridge,73,83,,,,0,,,,,,,,,,2,,0,San Luis Obispo,CA,1,71,,,,-8.0,"35,38","46,37",,,,,,,,
ncaab:401607352,ncaab,2023-12-29T03:00Z,final,204,26,Oregon St,UCLA,62,69,230,-285,,0,220,-275,6.5,-108,-112,,,,,2,,0,Corvallis,OR,1,71,,,,-8.0,"28,34","24,45",165,-220,3.5,-115,-105,129.5,-110,-110
ncaab:401587646,ncaab,2023-12-29T17:00Z,final,85,2174,IU Indy,Detroit Mercy,67,55,112,-136,,0,104,-125,2.5,-111,-109,,,,,2,,0,Indianapolis,IN,1,218,,,,-5.0,"43,24","25,30",102,-130,1.0,-113,-112,137.5,-111,-110
ncaab:401587648,ncaab,2023-12-29T18:00Z,final,2739,2750,Green Bay,Wright St,88,77,265,-345,,0,240,-300,7.5,-110,-110,,,,,2,,0,Ashwaubenon,WI,1,185,,,,-6.0,"40,48","44,33",180,-250,4.5,-114,-112,145.5,-111,-109
ncaab:401588318,ncaab,2023-12-29T19:00Z,final,2210,2674,Elon,Valparaiso,82,78,-215,176,,0,-245,198,-5.0,-108,-112,,,,,2,,0,Elon,NC,1,215,,,,-5.0,"42,40","29,49",-190,145,-3.0,-110,-115,145.0,-110,-110
ncaab:401594383,ncaab,2023-12-29T19:00Z,final,213,2520,Penn State,Rider,90,63,-1400,800,,0,-1600,860,-14.5,-107,-112,,,,,2,,0,University Park,PA,1,348,,,,-5.0,"44,46","24,39",-550,350,-8.5,-112,-114,146.5,-115,-105
ncaab:401594586,ncaab,2023-12-29T19:00Z,final,2747,2576,Wofford,S Wesleyan,75,55,,,,0,,,,,,,,,,2,,0,Spartanburg,SC,1,246,,,,-5.0,"20,55","34,21",,,,,,,,
ncaab:401597994,ncaab,2023-12-29T19:00Z,final,2382,2625,Mercer,Talladega,74,50,,,,0,,,,,,,,,,2,,0,Macon,GA,1,112,,,,-5.0,"39,35","25,25",,,,,,,,
ncaab:401599985,ncaab,2023-12-29T19:00Z,final,2655,2176,Tulane,Dillard,94,64,,,,0,,,,,,,,,,2,,0,New Orleans,LA,1,0,,,,-6.0,"47,47","25,39",,,,,,,,
ncaab:401602710,ncaab,2023-12-29T19:00Z,final,107,111948,Holy Cross,Elms,88,60,,,,0,,,,,,,,,,2,,0,Worcester,MA,1,147,,,,-5.0,"52,36","30,30",,,,,,,,
ncaab:401581769,ncaab,2023-12-29T21:00Z,final,2711,486,W Michigan,Aquinas,127,71,,,,0,,,,,,,,,,2,,0,Kalamazoo,MI,1,239,,,,-5.0,"68,59","40,31",,,,,,,,
ncaab:401600060,ncaab,2023-12-29T21:00Z,final,2737,2648,Winthrop,Toccoa Falls,113,62,,,,0,,,,,,,,,,2,,0,Rock Hill,SC,1,207,,,,-5.0,"61,52","31,31",,,,,,,,
ncaab:401577619,ncaab,2023-12-29T23:00Z,final,84,338,Indiana,Kennesaw St,100,87,-575,425,,0,-880,580,-9.5,-110,-110,,,,,2,,0,Bloomington,IN,1,235,,,,-5.0,"50,50","46,41",-374,272,-6.5,-111,-114,162.5,-110,-110
ncaab:401584348,ncaab,2023-12-29T23:00Z,final,2390,2454,Miami,North Florida,95,55,-2994,1400,,0,-4500,1600,-19.5,-110,-110,,,,,2,,0,Coral Gables,FL,1,3,,,,-5.0,"42,53","27,28",-1081,624,-12.0,-117,-108,158.0,-105,-115
ncaab:401577665,ncaab,2023-12-29T23:30Z,final,2619,225,Stony Brook,Brown,69,65,-144,120,,0,-134,112,-2.5,-110,-110,,,,,2,,0,Stony Brook,NY,1,27,,,,-5.0,"33,36","34,31",-140,110,-1.5,-108,-117,140.0,-110,-110
ncaab:401574626,ncaab,2023-12-30T00:00Z,final,2116,2065,UCF,Bethune,98,54,-4017,1580,,0,-20000,2800,-23.5,-108,-112,,,,,2,,0,Orlando,FL,1,30,,,,-5.0,"44,54","21,33",-1950,950,-13.0,-117,-108,141.5,-110,-110
ncaab:401577551,ncaab,2023-12-30T00:00Z,final,2603,2352,Saint Joseph's,Loyola MD,97,56,-2300,1060,,0,-4000,1260,-16.0,-110,-110,,,,,2,,0,Philadelphia,PA,1,12,,,,-5.0,"50,47","29,27",-750,470,-10.5,-109,-116,138.0,-112,-110
ncaab:401577571,ncaab,2023-12-30T00:00Z,final,135,311,Minnesota,Maine,80,62,-1000,650,,0,-1600,820,-13.5,-110,-110,,,,,2,,0,Minneapolis,MN,1,253,,,,-6.0,"41,39","28,34",-520,350,-7.5,-117,-108,136.5,-110,-110
ncaab:401577581,ncaab,2023-12-30T00:00Z,final,58,2011,South Florida,Alabama St,73,70,-2100,1000,,0,-2200,980,-15.5,-108,-112,,,,,2,,0,Tampa,FL,1,1,,,,-5.0,"41,32","33,37",-750,470,-9.5,-110,-114,146.0,-108,-112
ncaab:401577632,ncaab,2023-12-30T00:00Z,final,130,2377,Michigan,McNeese,76,87,-575,425,,0,-530,390,-10.5,-108,-112,,,,,2,,0,Ann Arbor,MI,1,269,,,,-5.0,"37,39","40,47",-390,285,-6.5,-125,-105,145.5,-110,-110
ncaab:401577646,ncaab,2023-12-30T00:00Z,final,2509,2198,Purdue,E Kentucky,80,53,,,,0,,,,,,,,,,2,,0,West Lafayette,IN,1,186,,,,-5.0,"43,37","24,29",,,,,,,,
ncaab:401577655,ncaab,2023-12-30T00:00Z,final,232,2410,Charleston,Montreat,96,59,,,,0,,,,,,,,,,2,,0,Charleston,SC,1,6,,,,-5.0,"51,45","21,38",,,,,,,,
ncaab:401580112,ncaab,2023-12-30T00:00Z,final,96,2287,Kentucky,Illinois St,96,70,-2500,1300,,0,-4500,1600,-20.0,-110,-110,,,,,2,,0,Lexington,KY,1,295,,,,-5.0,"45,51","30,40",-1450,720,-12.5,-106,-120,149.5,-110,-110
ncaab:401583618,ncaab,2023-12-30T00:00Z,final,151,2193,East Carolina,ETSU,70,86,,,,0,,,,,,,,,,2,,0,Greenville,NC,1,18,,,,-5.0,"35,35","44,42",,,,,,,,
ncaab:401583764,ncaab,2023-12-30T00:00Z,final,228,2515,Clemson,Radford,93,58,-1698,1000,,0,-2500,1100,-15.5,-120,-102,,,,,2,,0,Clemson,SC,1,221,,,,-5.0,"49,44","23,35",-648,421,-9.0,-109,-116,139.5,-110,-110
ncaab:401584394,ncaab,2023-12-30T00:00Z,final,2084,315,Buffalo,Niagara,63,69,-166,140,,0,-172,140,-3.5,-110,-110,,,,,2,,0,Buffalo,NY,1,183,,,,-5.0,"30,33","20,49",-159,122,-2.0,-112,-112,145.0,-110,-110
ncaab:401587222,ncaab,2023-12-30T00:00Z,final,2132,339,Cincinnati,Evansville,76,58,-2994,1280,,0,-2100,1000,-18.5,-110,-110,,,,,2,,0,Cincinnati,OH,1,191,,,,-5.0,"32,44","40,18",-950,575,-11.5,-113,-112,150.5,-115,-110
ncaab:401587647,ncaab,2023-12-30T00:00Z,final,2870,94,Purdue FW,N Kentucky,73,60,-50000,4000,,0,-260,205,-29.0,-112,-107,,,,,2,,0,Fort Wayne,IN,1,247,,,,-5.0,"27,46","26,34",-4885,1400,-17.0,-117,-108,154.5,-110,-110
ncaab:401588613,ncaab,2023-12-30T00:00Z,final,2294,2459,Iowa,N Illinois,103,74,-2500,1200,,0,-2100,1000,-18.0,-108,-110,,,,,2,,0,Iowa City,IA,1,204,,,,-6.0,"54,49","48,26",-920,550,-10.5,-117,-108,166.0,-112,-110
ncaab:401588730,ncaab,2023-12-30T00:00Z,final,193,2726,Miami OH,Wilberforce,119,69,,,,0,,,,,,,,,,2,,0,Oxford,OH,1,283,,,,-5.0,"57,62","32,37",,,,,,,,
ncaab:401600238,ncaab,2023-12-30T00:00Z,final,56,2429,Stetson,Charlotte,79,75,136,-162,,0,144,-178,3.5,-108,-112,,,,,2,,0,DeLand,FL,1,12,,,,-5.0,"36,43","41,34",114,-145,1.5,-111,-113,136.5,-112,-108
ncaab:401574840,ncaab,2023-12-30T00:30Z,final,158,2569,Nebraska,SC State,91,62,,,,0,,,,,,,,,,2,,0,Lincoln,NE,1,367,,,,-6.0,"50,41","11,51",,,,,,,,
ncaab:401579040,ncaab,2023-12-30T00:30Z,final,2617,2443,SF Austin,LSU N Orleans,80,51,,,,0,,,,,,,,,,2,,0,Nacogdoches,TX,1,92,,,,-6.0,"28,52","22,29",,,,,,,,
ncaab:401582138,ncaab,2023-12-30T00:30Z,final,2378,44,UMBC,American,85,87,-102,-118,,0,104,-128,1.0,-108,-112,,,,,2,,0,Baltimore,MD,1,10,,,,-5.0,"31,54","47,40",-110,-120,0.5,-113,-111,158.0,-110,-110
ncaab:401580020,ncaab,2023-12-30T01:00Z,final,2449,233,N Dakota St,South Dakota,66,75,,,,0,,,,,,,,,,2,,0,Fargo,ND,1,276,,,,-6.0,"34,32","40,35",,,,,,,,
ncaab:401580021,ncaab,2023-12-30T01:00Z,final,140,198,Kansas City,Oral Roberts,77,60,185,-225,,0,144,-178,5.0,-108,-112,,,,,2,,0,Kansas City,MO,1,274,,,,-6.0,"38,39","23,37",132,-175,2.5,-111,-113,143.0,-125,105
ncaab:401580022,ncaab,2023-12-30T01:00Z,final,155,2900,North Dakota,St Thomas,45,70,,,,0,,,,,,,,,,2,,0,Grand Forks,ND,1,253,,,,-6.0,"14,31","41,29",,,,,,,,
ncaab:401580023,ncaab,2023-12-30T01:00Z,final,2437,2172,Omaha,Denver,80,95,-102,-118,,0,-104,-118,1.0,-112,-108,,,,,2,,0,Omaha,NE,1,323,,,,-6.0,"43,37","40,55",-110,-120,0.5,-114,-110,156.0,-110,-110
ncaab:401581725,ncaab,2023-12-30T01:00Z,final,77,2296,Northwestern,Jackson St,74,63,-2100,1100,,0,-4500,1300,-18.0,-110,-110,,,,,2,,0,Evanston,IL,1,187,,,,-6.0,"39,35","33,30",-920,550,-11.0,-112,-112,139.0,-112,-108
ncaab:401583599,ncaab,2023-12-30T01:00Z,final,153,2127,North Carolina,Charleston So,105,60,-100000,10000,,0,-58824,7000,-31.5,-110,-110,,,,,2,,0,Chapel Hill,NC,1,148,,,,-5.0,"51,54","28,32",,,-19.0,-117,-108,151.5,-106,-112
ncaab:401583732,ncaab,2023-12-30T01:00Z,final,251,2430,Texas,UNC Greensboro,72,37,-1799,980,,0,-1200,720,-15.5,-110,-110,,,,,2,,0,Austin,TX,1,149,,,,-6.0,"36,36","22,15",-660,420,-9.0,-114,-110,143.5,-110,-110
ncaab:401584433,ncaab,2023-12-30T01:00Z,final,99,2466,LSU,N'Western St,96,55,,,,0,,,,,,,,,,2,,0,Baton Rouge,LA,1,14,,,,-6.0,"47,49","21,34",,,,,,,,
ncaab:401587669,ncaab,2023-12-30T01:00Z,final,270,2523,Milwaukee,Robert Morris,78,75,-185,154,,0,-178,144,-3.5,-115,-105,,,,,2,,0,Milwaukee,WI,1,188,,,,-6.0,"34,44","27,48",-163,125,-2.0,-115,-110,152.5,-108,-112
ncaab:401597876,ncaab,2023-12-30T01:00Z,final,5,2427,UAB,UNC Asheville,90,85,-270,220,,0,-250,198,-6.5,-110,-110,,,,,2,,0,Birmingham,AL,1,187,,,,-6.0,"32,58","44,41",-230,175,-3.5,-110,-112,148.5,-115,-105
ncaab:401597924,ncaab,2023-12-30T01:00Z,final,2608,2309,Saint Mary's,Kent State,66,46,-625,450,,0,-450,340,-10.5,-110,-110,,,,,2,,0,Moraga,CA,1,152,,,,-8.0,"39,27","19,27",-360,260,-5.5,-117,-108,131.5,-110,-115
ncaab:401606714,ncaab,2023-12-30T01:00Z,final,202,2927,Tulsa,SW Oklahoma St,95,54,,,,0,,,,,,,,,,2,,0,Tulsa,OK,1,220,,,,-6.0,"46,49","25,29",,,,,,,,
ncaab:401587249,ncaab,2023-12-30T01:30Z,final,2546,88,SE Missouri,S Indiana,93,91,,,,0,,,,,,,,,,2,,0,Cape Girardeau,MO,1,108,,,,-6.0,"34,40,19","32,42,17",,,,,,,,
ncaab:401587252,ncaab,2023-12-30T01:30Z,final,2565,2197,SIUE,E Illinois,67,58,,,,0,,,,,,,,,,2,,0,Edwardsville,IL,1,165,,,,-6.0,"33,34","27,31",,,,,,,,
ncaab:401607353,ncaab,2023-12-30T01:30Z,final,254,265,Utah,Washington St,80,58,-350,280,,0,-315,250,-8.0,-110,-110,,,,,2,,0,Salt Lake City,UT,1,1299,,,,-7.0,"31,49","29,29",-260,200,-4.0,-115,-115,143.5,-110,-110
ncaab:401576689,ncaab,2023-12-30T02:00Z,final,2492,111910,Pepperdine,Westcliff,83,47,,,,0,,,,,,,,,,2,,0,Malibu,CA,1,32,,,,-8.0,"42,41","22,25",,,,,,,,
ncaab:401584456,ncaab,2023-12-30T02:00Z,final,68,3084,Boise St,Utah Valley,85,63,-575,425,,0,-900,590,-10.0,-110,-110,,,,,2,,0,Boise,ID,1,823,,,,-7.0,"48,37","31,32",-350,250,-6.0,-116,-109,136.5,-110,-110
ncaab:401584517,ncaab,2023-12-30T02:00Z,final,356,161,Illinois,FDU,104,71,,,,0,,,,,,,,,,2,,0,Champaign,IL,1,225,,,,-6.0,"48,56","28,43",,,,,,,,
ncaab:401594653,ncaab,2023-12-30T02:00Z,final,2250,21,Gonzaga,San Diego St,74,84,-280,225,,0,-300,240,-6.5,-110,-110,,,,,2,,0,Spokane,WA,1,571,,,,-8.0,"37,37","38,46",-220,165,-3.5,-110,-112,147.5,-115,-105
ncaab:401606632,ncaab,2023-12-30T02:00Z,final,167,2201,New Mexico,Eastern NM,87,54,,,,0,,,,,,,,,,2,,0,Albuquerque,NM,1,1511,,,,-7.0,"43,44","23,31",,,,,,,,
ncaab:401607354,ncaab,2023-12-30T02:00Z,final,38,264,Colorado,Washington,73,69,-375,300,,0,-350,275,-8.5,-110,-110,,,,,2,,0,Boulder,CO,1,1624,,,,-7.0,"32,41","26,43",-260,200,-4.5,-115,-115,156.5,-110,-110
ncaab:401609946,ncaab,2023-12-30T02:00Z,final,36,2001,Colorado St,Adams St,106,61,,,,0,,,,,,,,,,2,,0,Fort Collins,CO,1,1525,,,,-7.0,"56,50","35,26",,,,,,,,
ncaab:401590984,ncaab,2023-12-30T03:00Z,final,2351,2627,LMU,Tarleton St,66,79,,,,0,,,,,,,,,,2,,0,Los Angeles,CA,1,89,,,,-8.0,"31,35","34,45",,,,,,,,
ncaab:401598570,ncaab,2023-12-30T03:00Z,final,301,278,San Diego,Fresno St,67,71,-118,-102,,0,-100,-119,-1.0,-110,-110,,,,,2,,0,San Diego,CA,1,20,,,,-8.0,"22,45","26,45",-122,-107,-0.5,-110,-115,142.0,-112,-108
ncaab:401607355,ncaab,2023-12-30T03:30Z,final,25,12,California,Arizona,81,100,724,-1147,,0,980,-2000,13.5,-109,-111,,,,,2,,0,Berkeley,CA,1,52,,,,-8.0,"26,55","54,46",340,-550,8.0,-115,-115,157.5,-110,-110
ncaab:401607356,ncaab,2023-12-30T04:00Z,final,24,9,Stanford,Arizona St,73,76,-230,188,,0,-210,172,-5.5,-110,-110,,,,,2,,0,Stanford,CA,1,23,,,,-8.0,"37,36","28,48",-195,150,-2.5,-112,-108,148.5,-110,-110
ncaab:401586909,ncaab,2023-12-30T17:00Z,final,52,288,Florida St,Lipscomb,75,78,-425,330,,0,-550,400,-8.5,-110,-110,,,,,2,,0,Tallahassee,FL,1,62,,,,-5.0,"31,44","46,32",-294,220,-4.5,-116,-109,152.5,-110,-110
ncaab:401587134,ncaab,2023-12-30T17:00Z,final,2599,2275,St John's,Hofstra,84,79,,,,1,,,,,,,,,,2,,0,Elmont,NY,1,12,,,,-5.0,"36,48","32,47",,,,,,,,
ncaab:401589301,ncaab,2023-12-30T17:00Z,final,164,284,Rutgers,Stonehill,59,58,-20000,3500,,0,-20000,3500,-26.5,-110,-110,,,,,2,,0,Piscataway,NJ,1,30,,,,-5.0,"35,24","29,29",-4121,1327,-16.0,-112,-112,137.0,-110,-110
ncaab:401594154,ncaab,2023-12-30T17:00Z,final,2426,2729,Navy,William & Mary,77,65,-145,120,,0,-196,162,-2.5,-112,-108,,,,,2,,0,Annapolis,MD,1,12,,,,-5.0,"29,48","28,37",-141,112,-1.5,-107,-119,137.5,-110,-110
ncaab:401594350,ncaab,2023-12-30T17:00Z,final,2169,116,Delaware St,Mount St Marys,77,73,164,-198,,0,140,-170,4.5,-110,-110,,,,,2,,0,Dover,DE,1,9,,,,-5.0,"33,44","41,32",129,-163,2.0,-109,-116,139.0,-110,-110
ncaab:401604096,ncaab,2023-12-30T17:00Z,final,87,258,Notre Dame,Virginia,76,54,400,-550,,0,350,-465,10.0,-110,-110,,,,,2,,0,South Bend,IN,1,211,,,,-5.0,"41,35","24,30",240,-350,6.5,-118,-104,116.0,-110,-110
ncaab:401604097,ncaab,2023-12-30T17:00Z,final,183,221,Syracuse,Pitt,81,73,-125,105,,0,-115,-104,-1.5,-110,-110,,,,,2,,0,Syracuse,NY,1,121,,,,-5.0,"30,51","38,35",-125,-102,-0.5,-110,-115,148.5,-110,-110
ncaab:401575757,ncaab,2023-12-30T18:00Z,final,57,2514,Florida,Quinnipiac,97,72,-4500,1600,,0,-4500,1600,-21.5,-115,-105,,,,,2,,0,Gainesville,FL,1,54,,,,-5.0,"52,45","29,43",-1800,820,-13.0,-109,-116,163.0,-108,-110
ncaab:401581087,ncaab,2023-12-30T18:00Z,final,113,2561,UMass,Siena,79,66,,,,0,,,,,,,,,,2,,0,Amherst,MA,1,82,,,,-5.0,"40,39","31,35",,,,,,,,
ncaab:401581356,ncaab,2023-12-30T18:00Z,final,2199,2886,E Michigan,Northwood,67,64,,,,0,,,,,,,,,,2,,0,Ypsilanti,MI,1,219,,,,-5.0,"31,36","30,34",,,,,,,,
ncaab:401581493,ncaab,2023-12-30T18:00Z,final,2026,2433,App State,UL Monroe,67,55,,,,0,,,,,,,,,,2,,0,Boone,NC,1,981,,,,-5.0,"39,28","32,23",,,,,,,,
ncaab:401586897,ncaab,2023-12-30T18:00Z,final,2230,171,Fordham,Columbia,87,78,-340,260,,0,-255,205,-7.5,-110,-110,,,,,2,,0,Bronx,NY,1,28,,,,-5.0,"31,56","38,40",-245,185,-4.0,-119,-107,145.5,-110,-110
ncaab:401586903,ncaab,2023-12-30T18:00Z,final,227,111,Rhode Island,Northeastern,82,71,-140,116,,0,-118,-102,-2.5,-110,-110,,,,,2,,0,Kingston,RI,1,75,,,,-5.0,"40,42","36,35",-135,-105,-0.5,-120,-106,141.5,-110,-110
ncaab:401592105,ncaab,2023-12-30T18:00Z,final,2115,66786,C Connecticut,St Elizabeth,99,38,,,,0,,,,,,,,,,2,,0,New Britain,CT,1,51,,,,-5.0,"46,53","21,17",,,,,,,,
ncaab:401607047,ncaab,2023-12-30T18:00Z,final,2643,2648,The Citadel,Toccoa Falls,106,76,,,,0,,,,,,,,,,2,,0,Charleston,SC,1,6,,,,-5.0,"56,50","31,45",,,,,,,,
ncaab:401587203,ncaab,2023-12-30T18:30Z,final,195,2166,Ohio,Davidson,69,72,-110,-110,,1,-104,-115,1.0,-110,-110,,,,,2,,0,Cleveland,OH,1,199,,,,-5.0,"40,29","33,39",-112,-115,0.0,-108,-117,143.0,-110,-110
ncaab:401574497,ncaab,2023-12-30T19:00Z,final,150,2511,Duke,Queens,106,69,-10000,3000,,0,-10000,3000,-28.5,-110,-110,,,,,2,,0,Durham,NC,1,123,,,,-5.0,"46,60","33,36",-4645,1399,-16.5,-115,-110,160.5,-110,-110
ncaab:401576146,ncaab,2023-12-30T19:00Z,final,2670,2241,VCU,Gardner-Webb,87,73,-800,550,,0,-950,610,-11.5,-110,-110,,,,,2,,0,Richmond,VA,1,64,,,,-5.0,"42,45","36,37",-450,316,-7.0,-115,-111,139.5,-110,-110
ncaab:401576165,ncaab,2023-12-30T19:00Z,final,2217,2330,Fairfield,Le Moyne,78,72,-500,375,,0,-700,470,-9.5,-110,-110,,,,,2,,0,Fairfield,CT,1,4,,,,-8.0,"34,44","30,42",-322,235,-5.0,-117,-108,145.5,-110,-115
ncaab:401577539,ncaab,2023-12-30T19:00Z,final,2168,2344,Dayton,Longwood,78,69,-900,550,,0,-1250,710,-12.5,-110,-110,,,,,2,,0,Dayton,OH,1,225,,,,-5.0,"34,44","37,32",-460,317,-7.5,-110,-114,135.5,-110,-110
ncaab:401577725,ncaab,2023-12-30T19:00Z,final,2529,2384,Sacred Heart,Mercy,92,63,,,,0,,,,,,,,,,2,,0,Fairfield,CT,1,4,,,,-8.0,"46,46","29,34",,,,,,,,
ncaab:401581611,ncaab,2023-12-30T19:00Z,final,2247,2032,Georgia St,Arkansas St,91,90,-110,-110,,0,-144,118,-1.0,-110,-110,,,,,2,,0,Atlanta,GA,1,320,,,,-5.0,"50,41","39,51",-117,-112,-0.5,-112,-114,145.5,-114,-110
ncaab:401581628,ncaab,2023-12-30T19:00Z,final,324,2653,Coastal,Troy,65,72,145,-175,,0,132,-162,3.5,-108,-112,,,,,2,,0,Conway,SC,1,10,,,,-5.0,"33,32","33,39",122,-157,2.0,-109,-116,153.5,-118,-102
ncaab:401581667,ncaab,2023-12-30T19:00Z,final,256,326,James Madison,Texas St,82,65,-924,605,,0,-1200,680,-12.0,-114,-107,,,,,2,,0,Harrisonburg,VA,1,404,,,,-5.0,"36,46","28,37",-412,284,-6.5,-117,-108,148.5,-107,-112
ncaab:401581735,ncaab,2023-12-30T19:00Z,final,2244,2448,George Mason,NC A&T,94,69,,,,0,,,,,,,,,,2,,0,Fairfax,VA,1,131,,,,-5.0,"51,43","33,36",,,,,,,,
ncaab:401581745,ncaab,2023-12-30T19:00Z,final,108,314,Harvard,Iona,60,69,120,-142,,0,-115,-105,2.5,-110,-110,,,,,2,,0,Cambridge,MA,1,5,,,,-5.0,"30,30","31,38",105,-137,1.5,-116,-109,144.0,-115,-105
ncaab:401583790,ncaab,2023-12-30T19:00Z,final,104,2771,Boston U,Merrimack,74,63,102,-122,,0,154,-192,1.5,-110,-110,,,,,2,,0,Boston,MA,1,14,,,,-5.0,"38,36","22,41",-110,-120,0.5,-112,-112,126.5,-114,-110
ncaab:401584378,ncaab,2023-12-30T19:00Z,final,333,2335,Alabama,Liberty,101,56,-465,350,,1,-500,375,-9.5,-108,-112,,,,,2,,0,Birmingham,AL,1,187,,,,-6.0,"48,53","27,29",-330,240,-5.5,-112,-112,154.5,-110,-110
ncaab:401584388,ncaab,2023-12-30T19:00Z,final,2368,2329,Marist,Lehigh,58,65,-280,225,,0,-300,235,-5.5,-110,-110,,,,,2,,0,Poughkeepsie,NY,1,62,,,,-5.0,"33,25","29,36",-212,162,-3.5,-110,-115,134.5,-105,-115
ncaab:401584407,ncaab,2023-12-30T19:00Z,final,349,2383,Army,Merch Marine,58,50,,,,0,,,,,,,,,,2,,0,West Point,NY,1,47,,,,-5.0,"30,28","29,21",,,,,,,,
ncaab:401584442,ncaab,2023-12-30T19:00Z,final,2447,2920,Nicholls,Mobile,74,65,,,,0,,,,,,,,,,2,,0,Thibodaux,LA,1,4,,,,-6.0,"32,42","37,28",,,,,,,,
ncaab:401587147,ncaab,2023-12-30T19:00Z,final,119,407,Towson,Arcadia,97,46,,,,0,,,,,,,,,,2,,0,Towson,MD,1,141,,,,-5.0,"47,50","23,23",,,,,,,,
ncaab:401587173,ncaab,2023-12-30T19:00Z,final,48,163,Delaware,Princeton,82,84,164,-200,,0,148,-184,4.5,-110,-110,,,,,2,,0,Newark,DE,1,38,,,,-5.0,"27,55","43,41",130,-166,2.5,-115,-110,140.0,-108,-110
ncaab:401592853,ncaab,2023-12-30T19:00Z,final,2579,50,South Carolina,Florida A&M,94,62,-10000,3000,,0,-10000,2500,-24.5,-110,-110,,,,,2,,0,Columbia,SC,1,89,,,,-5.0,"49,45","21,41",-2150,928,-14.5,-108,-117,131.5,-115,-110
ncaab:401593776,ncaab,2023-12-30T19:00Z,final,2325,47,La Salle,Howard,66,71,-325,260,,0,-250,198,-7.5,-105,-115,,,,,2,,0,Philadelphia,PA,1,12,,,,-5.0,"36,30","36,35",-245,185,-4.0,-110,-115,152.5,-105,-115
ncaab:401594077,ncaab,2023-12-30T19:00Z,final,2506,3169,Presbyterian,J&W (NC),91,67,,,,0,,,,,,,,,,2,,0,Clinton,SC,1,76,,,,-5.0,"46,45","21,46",,,,,,,,
ncaab:401594427,ncaab,2023-12-30T19:00Z,final,127,282,Michigan St,Indiana St,87,75,-450,340,,0,-430,330,-9.0,-108,-112,,,,,2,,0,East Lansing,MI,1,261,,,,-5.0,"44,43","34,41",-300,220,-4.5,-120,-110,153.0,-118,-102
ncaab:401594484,ncaab,2023-12-30T19:00Z,final,2083,2612,Bucknell,Saint Peter's,58,67,,,,0,,,,,,,,,,2,,0,Lewisburg,PA,1,144,,,,-5.0,"33,25","28,39",,,,,,,,
ncaab:401597839,ncaab,2023-12-30T19:00Z,final,2184,128438,Duquesne,Cleary,95,47,,,,0,,,,,,,,,,2,,0,Pittsburgh,PA,1,233,,,,-5.0,"53,42","19,28",,,,,,,,
ncaab:401597845,ncaab,2023-12-30T19:00Z,final,2350,2117,Loyola Chicago,C Michigan,73,35,,,,0,,,,,,,,,,2,,0,Chicago,IL,1,179,,,,-6.0,"37,36","14,21",,,,,,,,
ncaab:401599448,ncaab,2023-12-30T19:00Z,final,269,156,Marquette,Creighton,72,67,-180,150,,0,-176,146,-4.5,-110,-110,,,,,2,,0,Milwaukee,WI,1,188,,,,-6.0,"28,44","30,37",-165,128,-1.5,-118,-105,154.5,-115,-105
ncaab:401599590,ncaab,2023-12-30T19:00Z,final,231,380,Furman,Anderson (SC),74,79,,,,0,,,,,,,,,,2,,0,Greenville,SC,1,307,,,,-5.0,"34,40","39,40",,,,,,,,
ncaab:401604098,ncaab,2023-12-30T19:00Z,final,154,259,Wake Forest,Virginia Tech,86,63,-195,160,,0,-176,146,-4.5,-110,-110,,,,,2,,0,Winston-Salem,NC,1,293,,,,-5.0,"44,42","24,39",-175,135,-2.5,-115,-115,144.5,-110,-110
ncaab:401610339,ncaab,2023-12-30T19:00Z,final,249,2353,North Texas,LSU Shreveport,80,57,,,,0,,,,,,,,,,2,,0,Denton,TX,1,201,,,,-6.0,"34,46","31,26",,,,,,,,
ncaab:401594535,ncaab,2023-12-30T19:30Z,final,61,2010,Georgia,Alabama A&M,93,73,-4000,1300,,0,-6000,1600,-21.0,-110,-110,,,,,2,,0,Athens,GA,1,228,,,,-5.0,"46,47","24,49",-1300,700,-12.0,-112,-112,152.0,-115,-105
ncaab:401574421,ncaab,2023-12-30T20:00Z,final,142,2110,Missouri,C Arkansas,92,59,,,,0,,,,,,,,,,2,,0,Columbia,MO,1,215,,,,-6.0,"46,46","31,28",,,,,,,,
ncaab:401581643,ncaab,2023-12-30T20:00Z,final,290,2572,GA Southern,Southern Miss,88,67,,,,0,,,,,,,,,,2,,0,Statesboro,GA,1,77,,,,-5.0,"46,42","38,29",,,,,,,,
ncaab:401597381,ncaab,2023-12-30T20:00Z,final,2545,100,SE Louisiana,Loyola NO,87,64,,,,0,,,,,,,,,,2,,0,Hammond,LA,1,13,,,,-6.0,"42,45","27,37",,,,,,,,
ncaab:401598957,ncaab,2023-12-30T20:00Z,final,98,2000,Western KY,Abilene Chrstn,86,84,-230,188,,0,-255,205,-5.5,-110,-110,,,,,2,,0,Bowling Green,KY,1,161,,,,-6.0,"44,42","47,37",-190,145,-3.0,-113,-111,154.5,-110,-110
ncaab:401599990,ncaab,2023-12-30T20:00Z,final,294,2215,Jacksonville,Erskine,79,52,,,,0,,,,,,,,,,2,,0,Jacksonville,FL,1,5,,,,-5.0,"42,37","23,29",,,,,,,,
ncaab:401574602,ncaab,2023-12-30T20:30Z,final,2066,2374,Binghamton,Marywood,108,52,,,,0,,,,,,,,,,2,,0,Binghamton,NY,1,264,,,,-5.0,"59,49","31,21",,,,,,,,
ncaab:401573392,ncaab,2023-12-30T21:00Z,final,2692,147,Weber St,Montana St,86,64,-800,550,,0,-800,520,-11.5,-112,-108,,,,,2,,0,Ogden,UT,1,1311,,,,-7.0,"43,43","34,30",-451,304,-6.5,-116,-109,136.0,-115,-105
ncaab:401573393,ncaab,2023-12-30T21:00Z,final,2458,2464,N Colorado,N Arizona,92,77,-295,235,,0,-205,160,-6.5,-110,-110,,,,,2,,0,Greeley,CO,1,1425,,,,-7.0,"46,46","41,36",-222,167,-4.0,-109,-116,150.0,-108,-112
ncaab:401573480,ncaab,2023-12-30T21:00Z,final,299,2463,Long Beach St,CSU Northridge,68,84,,,,0,,,,,,,,,,2,,0,Long Beach,CA,1,9,,,,-8.0,"37,31","43,41",,,,,,,,
ncaab:401575424,ncaab,2023-12-30T21:00Z,final,2006,179,Akron,St Bonaventure,61,62,,,,1,,,,,,,,,,2,,0,Cleveland,OH,1,199,,,,-5.0,"26,35","32,30",,,,,,,,
ncaab:401575459,ncaab,2023-12-30T21:00Z,final,2305,2724,Kansas,Wichita St,86,67,,,,1,,,,,,,,,,2,,0,Kansas City,MO,1,274,,,,-6.0,"43,43","27,40",,,,,,,,
ncaab:401581081,ncaab,2023-12-30T21:00Z,final,45,2379,G Washington,MD Eastern,69,63,,,,0,,,,,,,,,,2,,0,Washington,DC,1,7,,,,-5.0,"32,37","34,29",,,,,,,,
ncaab:401581676,ncaab,2023-12-30T21:00Z,final,276,309,Marshall,Louisiana,75,61,-145,120,,0,-130,108,-2.5,-110,-110,,,,,2,,0,Huntington,WV,1,173,,,,-5.0,"39,36","25,36",-138,110,-1.0,-119,-107,155.0,-112,-110
ncaab:401583812,ncaab,2023-12-30T21:00Z,final,2717,2312,W Carolina,King (TN),90,62,,,,0,,,,,,,,,,2,,0,Cullowhee,NC,1,645,,,,-5.0,"43,47","31,31",,,,,,,,
ncaab:401587155,ncaab,2023-12-30T21:00Z,final,93,2393,Murray St,MTSU,75,54,,,,0,,,,,,,,,,2,,0,Murray,KY,1,163,,,,-6.0,"35,40","31,23",,,,,,,,
ncaab:401587256,ncaab,2023-12-30T21:00Z,final,2635,2630,Tennessee Tech,UT Martin,73,81,,,,0,,,,,,,,,,2,,0,Cookeville,TN,1,334,,,,-6.0,"31,42","36,45",,,,,,,,
ncaab:401589385,ncaab,2023-12-30T21:00Z,final,2598,2097,Saint Francis,Campbell,78,76,,,,0,,,,,,,,,,2,,0,Loretto,PA,1,595,,,,-5.0,"40,38","37,39",,,,,,,,
ncaab:401593796,ncaab,2023-12-30T21:00Z,final,257,322,Richmond,Lafayette,59,38,-2247,1160,,0,-4500,1400,-15.5,-110,-110,,,,,2,,0,Richmond,VA,1,64,,,,-5.0,"44,15","17,21",-660,420,-9.5,-110,-114,133.5,-106,-114
ncaab:401597893,ncaab,2023-12-30T21:00Z,final,305,2130,DePaul,Chicago St,70,58,-265,215,,0,-285,230,-6.0,-110,-110,,,,,2,,0,Chicago,IL,1,179,,,,-6.0,"32,38","30,28",-220,165,-3.0,-120,-110,138.0,-110,-110
ncaab:401598579,ncaab,2023-12-30T21:00Z,final,172,2142,Cornell,Colgate,77,64,-225,185,,0,-205,164,-5.0,-110,-110,,,,,2,,0,Ithaca,NY,1,125,,,,-5.0,"40,37","33,31",-195,150,-2.5,-115,-110,158.0,-110,-110
ncaab:401600053,ncaab,2023-12-30T21:00Z,final,2908,229,SC Upstate,Coker,96,76,,,,0,,,,,,,,,,2,,0,Spartanburg,SC,1,246,,,,-5.0,"44,52","38,38",,,,,,,,
ncaab:401607357,ncaab,2023-12-30T21:15Z,final,2483,26,Oregon,UCLA,64,59,-310,250,,0,-235,190,-7.0,-110,-110,,,,,2,,0,Eugene,OR,1,131,,,,-8.0,"33,31","31,28",-230,180,-3.5,-115,-115,136.5,-110,-110
ncaab:401604786,ncaab,2023-12-30T21:30Z,final,357,2544,Texas A&M-CC,Schreiner,84,61,,,,0,,,,,,,,,,2,,0,Corpus Christi,TX,1,2,,,,-6.0,"45,39","26,35",,,,,,,,
ncaab:401573389,ncaab,2023-12-30T22:00Z,final,331,16,E Washington,Sacramento St,87,61,,,,0,,,,,,,,,,2,,0,Cheney,WA,1,717,,,,-8.0,"44,43","27,34",,,,,,,,
ncaab:401573390,ncaab,2023-12-30T22:00Z,final,70,2502,Idaho,Portland St,72,77,156,-194,,0,142,-176,4.5,-112,-108,,,,,2,,0,Moscow,ID,1,786,,,,-8.0,"41,31","33,44",129,-172,2.5,-116,-109,141.0,-110,-110
ncaab:401573477,ncaab,2023-12-30T22:00Z,final,302,13,UC Davis,Cal Poly,71,46,-550,410,,0,-700,470,-10.0,-110,-110,,,,,2,,0,Davis,CA,1,16,,,,-8.0,"33,38","27,19",-340,240,-5.5,-110,-114,132.0,-108,-112
ncaab:401575415,ncaab,2023-12-30T22:00Z,final,279,500,Pacific,Cal Maritime,80,66,,,,0,,,,,,,,,,2,,0,Stockton,CA,1,4,,,,-8.0,"41,39","25,41",,,,,,,,
ncaab:401587254,ncaab,2023-12-30T22:00Z,final,2634,2031,Tennessee St,Little Rock,90,82,-166,140,,0,-144,118,-3.5,-108,-112,,,,,2,,0,Nashville,TN,1,170,,,,-6.0,"41,49","44,38",-152,117,-1.5,-110,-114,159.0,-110,-110
ncaab:401591579,ncaab,2023-12-30T22:00Z,final,3101,2229,Utah Tech,FIU,96,92,,,,0,,,,,,,,,,2,,0,St. George,UT,1,823,,,,-7.0,"36,47,13","39,44,9",,,,,,,,
ncaab:401594529,ncaab,2023-12-30T22:00Z,final,8,350,Arkansas,UNC Wilmington,106,90,-610,440,,0,-480,360,-10.5,-110,-110,,,,,2,,0,Fayetteville,AR,1,427,,,,-6.0,"48,58","42,48",-375,250,-6.0,-115,-115,147.5,-110,-110
ncaab:401594555,ncaab,2023-12-30T22:00Z,final,238,159,Vanderbilt,Dartmouth,69,53,-1100,700,,0,-950,610,-13.5,-110,-110,,,,,2,,0,Nashville,TN,1,170,,,,-6.0,"31,38","23,30",-550,350,-7.5,-112,-115,135.0,-110,-110
ncaab:401573391,ncaab,2023-12-30T23:00Z,final,304,149,Idaho St,Montana,68,76,164,-198,,0,168,-210,4.5,-108,-112,,,,,2,,0,Pocatello,ID,1,1360,,,,-7.0,"35,33","35,41",127,-165,2.5,-116,-109,137.5,-110,-110
ncaab:401581793,ncaab,2023-12-30T23:00Z,final,2320,2491,Lamar,Paul Quinn,91,64,,,,0,,,,,,,,,,2,,0,Beaumont,TX,1,5,,,,-6.0,"51,40","31,33",,,,,,,,
ncaab:401593958,ncaab,2023-12-30T23:00Z,final,252,2751,BYU,Wyoming,94,68,-4000,1400,,0,-7000,2000,-19.0,-110,-110,,,,,2,,0,Provo,UT,1,1387,,,,-7.0,"44,50","33,35",-1250,680,-11.5,-114,-110,152.0,-112,-110
ncaab:401598048,ncaab,2023-12-30T23:00Z,final,2539,2400,San Francisco,Miss Valley St,92,42,,,,0,,,,,,,,,,2,,0,San Francisco,CA,1,16,,,,-8.0,"51,41","21,21",,,,,,,,
ncaab:401575442,ncaab,2023-12-31T00:00Z,final,248,219,Houston,Penn,81,42,-20000,3500,,0,-10000,3000,-27.0,-110,-110,,,,,2,,0,Houston,TX,1,12,,,,-6.0,"39,42","17,25",-3000,1000,-15.0,-117,-108,132.5,-112,-108
ncaab:401575478,ncaab,2023-12-31T00:00Z,final,194,277,Ohio State,West Virginia,78,75,-450,350,,1,-610,440,-9.0,-110,-110,,,,,2,,0,Cleveland,OH,1,199,,,,-5.0,"28,37,13","26,39,10",-298,220,-4.5,-115,-110,146.0,-110,-110
ncaab:401575516,ncaab,2023-12-31T00:00Z,final,245,2504,Texas A&M,Prairie View,79,54,-4500,1700,,0,-3200,1400,-28.0,-110,-110,,,,,2,,0,College Station,TX,1,103,,,,-6.0,"34,45","21,33",-4446,1370,-16.0,-112,-112,146.5,-115,-105
ncaab:401579121,ncaab,2023-12-31T00:00Z,final,2541,43,Santa Clara,Yale,58,66,-152,124,,0,-152,124,-2.5,-110,-110,,,,,2,,0,Santa Clara,CA,1,23,,,,-8.0,"25,33","33,33",-135,102,-2.0,-107,-119,146.0,-110,-115
ncaab:401581704,ncaab,2023-12-31T00:00Z,final,295,6,Old Dominion,South Alabama,59,61,-170,140,,0,-188,152,-3.0,-118,-102,,,,,2,,0,Norfolk,VA,1,2,,,,-5.0,"36,23","22,39",-147,114,-1.5,-112,-112,145.5,-110,-110
ncaab:401583606,ncaab,2023-12-31T00:00Z,final,235,2046,Memphis,Austin Peay,81,70,-3000,1260,,0,-4000,1260,-20.5,-110,-110,,,,,2,,0,Memphis,TN,1,78,,,,-6.0,"37,44","34,36",-1150,650,-12.0,-111,-113,141.5,-110,-110
ncaab:401589469,ncaab,2023-12-31T00:00Z,final,2363,2681,Manhattan,Wagner,56,68,-140,115,,0,-152,124,-2.5,-105,-115,,,,,2,,0,Riverdale,NY,1,159,,,,-8.0,"27,29","25,43",-145,114,-1.5,-106,-120,128.0,-108,-112
ncaab:401597902,ncaab,2023-12-31T00:00Z,final,2272,91,High Point,Bellarmine,90,85,-500,375,,0,-520,370,-10.0,-110,-110,,,,,2,,0,High Point,NC,1,281,,,,-5.0,"50,40","47,38",-330,240,-5.5,-112,-112,144.5,-110,-110
ncaab:401601144,ncaab,2023-12-31T00:00Z,final,526,2226,FGCU,FAU,72,68,,,,0,,,,,,,,,,2,,0,Fort Myers,FL,1,3,,,,-5.0,"39,33","30,38",,,,,,,,
ncaab:401601820,ncaab,2023-12-31T00:00Z,final,79,82,S Illinois,UIC,62,50,,,,0,,,,,,,,,,2,,0,Carbondale,IL,1,126,,,,-6.0,"32,30","30,20",,,,,,,,
ncaab:401604807,ncaab,2023-12-31T00:30Z,final,292,2916,UT Rio Grande,Incarnate Word,77,74,,,,0,,,,,,,,,,2,,0,Edinburg,TX,1,30,,,,-6.0,"37,40","41,33",,,,,,,,
ncaab:401573476,ncaab,2023-12-31T01:00Z,final,27,2540,UC Riverside,Santa Barbara,79,77,120,-145,,0,114,-140,2.5,-110,-110,,,,,2,,0,Riverside,CA,1,252,,,,-8.0,"34,45","37,40",102,-132,1.5,-122,-103,144.5,-114,-114
ncaab:401584448,ncaab,2023-12-31T01:00Z,final,2253,2348,Grand Canyon,Louisiana Tech,73,70,-325,260,,0,-320,255,-7.0,-110,-110,,,,,2,,0,Phoenix,AZ,1,331,,,,-7.0,"38,35","38,32",-240,186,-4.0,-115,-110,139.5,-110,-110
ncaab:401600143,ncaab,2023-12-31T01:30Z,final,253,109597,Southern Utah,Antelope Val,95,78,,,,0,,,,,,,,,,2,,0,Cedar City,UT,1,1782,,,,-7.0,"44,51","37,41",,,,,,,,
ncaab:401583800,ncaab,2023-12-31T02:00Z,final,2,236,Auburn,Chattanooga,101,66,-5000,1500,,0,-7000,2000,-21.0,-112,-108,,,,,2,,0,Auburn,AL,1,215,,,,-6.0,"49,52","27,39",-1450,750,-12.5,-110,-115,153.0,-108,-112
ncaab:401594652,ncaab,2023-12-31T02:00Z,final,166,2856,New Mexico St,CA Baptist,66,61,,,,0,,,,,,,,,,2,,0,Las Cruces,NM,1,1191,,,,-7.0,"32,34","26,35",,,,,,,,
ncaab:401598980,ncaab,2023-12-31T02:00Z,final,2638,2547,UTEP,Seattle U,61,73,-120,-100,,0,-120,-100,-1.5,-110,-110,,,,,2,,0,El Paso,TX,1,1133,,,,-7.0,"24,37","34,39",-120,-110,-0.5,-111,-115,135.5,-115,-105
ncaab:401573479,ncaab,2023-12-31T03:00Z,final,2934,300,Bakersfield,UC Irvine,56,75,350,-465,,0,425,-600,9.5,-114,-106,,,,,2,,0,Bakersfield,CA,1,123,,,,-8.0,"30,26","24,51",220,-300,5.5,-116,-109,136.0,-110,-110
ncaab:401590841,ncaab,2023-12-31T03:00Z,final,2440,2235,Nevada,Fresno Pacific,92,59,,,,0,,,,,,,,,,2,,0,Reno,NV,1,1373,,,,-8.0,"45,47","20,39",,,,,,,,
ncaab:401607358,ncaab,2023-12-31T03:00Z,final,204,30,Oregon St,USC,86,70,330,-430,,0,310,-400,9.0,-108,-112,,,,,2,,0,Corvallis,OR,1,71,,,,-8.0,"39,47","30,40",210,-280,5.5,-120,-105,140.5,-110,-110
ncaab:401573478,ncaab,2023-12-31T04:59Z,final,62,2239,Hawai'i,Fullerton,61,63,,,,0,,,,,,,,,,2,,0,Honolulu,HI,1,5,,,,-10.0,"21,35,5","27,29,7",,,,,,,,
ncaab:401574615,ncaab,2023-12-31T18:00Z,final,66,160,Iowa State,New Hampshire,85,70,-29703,4000,,0,-10000,3000,-27.5,-110,-110,,,,,2,,0,Ames,IA,1,287,,,,-6.0,"43,42","35,35",-4446,1370,-16.5,-115,-110,149.5,-115,-112
ncaab:401587674,ncaab,2023-12-31T18:00Z,final,2739,2523,Green Bay,Robert Morris,78,61,-164,136,,0,-152,126,-3.0,-110,-110,,,,,2,,0,Ashwaubenon,WI,1,185,,,,-6.0,"32,46","34,27",-160,124,-2.0,-113,-111,136.5,-105,-112
ncaab:401611538,ncaab,2023-12-31T18:00Z,final,2349,108842,UMass Lowell,Emerson,116,48,,,,0,,,,,,,,,,2,,0,Lowell,MA,1,36,,,,-5.0,"58,58","29,19",,,,,,,,
ncaab:401587670,ncaab,2023-12-31T19:00Z,final,85,325,IU Indy,Cleveland St,77,86,475,-675,,0,490,-710,11.5,-110,-110,,,,,2,,0,Indianapolis,IN,1,218,,,,-5.0,"41,36","44,42",260,-360,6.5,-115,-110,145.0,-110,-110
ncaab:401587671,ncaab,2023-12-31T19:00Z,final,2870,2174,Purdue FW,Detroit Mercy,91,56,-1200,700,,0,-1700,890,-13.5,-110,-110,,,,,2,,0,Fort Wayne,IN,1,247,,,,-5.0,"34,57","29,27",-550,375,-8.0,-113,-112,145.0,-110,-110
ncaab:401607359,ncaab,2023-12-31T19:00Z,final,38,265,Colorado,Washington St,74,67,-315,250,,0,-520,385,-7.0,-108,-112,,,,,2,,0,Boulder,CO,1,1624,,,,-7.0,"39,35","29,38",-245,186,-3.5,-118,-104,143.0,-110,-110
ncaab:401580024,ncaab,2023-12-31T20:00Z,final,2900,140,St Thomas,Kansas City,77,56,,,,0,,,,,,,,,,2,,0,Saint Paul,MN,1,242,,,,-6.0,"32,45","33,23",,,,,,,,
ncaab:401580025,ncaab,2023-12-31T20:00Z,final,2571,155,S Dakota St,North Dakota,80,61,,,,0,,,,,,,,,,2,,0,Brookings,SD,1,494,,,,-6.0,"36,44","33,28",,,,,,,,
ncaab:401580026,ncaab,2023-12-31T20:00Z,final,233,2437,South Dakota,Omaha,51,67,-180,150,,0,-172,142,-3.5,-110,-110,,,,,2,,0,Vermillion,SD,1,374,,,,-6.0,"25,26","39,28",-165,130,-2.0,-112,-112,155.0,-105,-110
ncaab:401583752,ncaab,2023-12-31T20:00Z,final,201,2405,Oklahoma,Monmouth,72,56,-10000,2400,,0,-4500,1600,-22.5,-110,-110,,,,,2,,0,Norman,OK,1,357,,,,-6.0,"32,40","28,28",-2283,990,-14.5,-112,-112,145.5,-110,-110
ncaab:401587672,ncaab,2023-12-31T20:00Z,final,2754,2473,Youngstown St,Oakland,81,88,-170,140,,0,-184,152,-4.0,-112,-108,,,,,2,,0,Youngstown,OH,1,259,,,,-5.0,"39,42","35,53",-160,124,-2.0,-110,-115,149.0,-112,-110
ncaab:401587673,ncaab,2023-12-31T20:00Z,final,270,2750,Milwaukee,Wright St,91,83,155,-190,,0,152,-188,4.0,-108,-112,,,,,2,,0,Milwaukee,WI,1,188,,,,-6.0,"36,55","41,42",130,-166,2.5,-115,-110,165.5,-115,-110
ncaab:401597301,ncaab,2023-12-31T20:00Z,final,2439,2104,UNLV,Carroll (MT),87,51,,,,0,,,,,,,,,,2,,0,Las Vegas,NV,1,610,,,,-8.0,"42,45","20,31",,,,,,,,
ncaab:401603543,ncaab,2023-12-31T20:00Z,final,197,2569,Oklahoma St,SC State,86,70,,,,0,,,,,,,,,,2,,0,Stillwater,OK,1,273,,,,-6.0,"38,48","34,36",,,,,,,,
ncaab:401604286,ncaab,2023-12-31T20:00Z,final,2582,3120,Southern,Ecclesia,115,42,,,,0,,,,,,,,,,2,,0,Baton Rouge,LA,1,14,,,,-6.0,"59,56","20,22",,,,,,,,
ncaab:401606614,ncaab,2023-12-31T20:00Z,final,344,2065,Mississippi St,Bethune,85,62,-10000,2200,,0,-10000,2500,-30.5,-110,-110,,,,,2,,0,Starkville,MS,1,101,,,,-6.0,"41,44","22,40",-4800,1600,-17.0,-120,-106,140.0,-110,-110
ncaab:401587253,ncaab,2023-12-31T20:30Z,final,2815,88,Lindenwood,S Indiana,62,73,,,,0,,,,,,,,,,2,,0,Saint Charles,MO,1,147,,,,-6.0,"30,32","31,42",,,,,,,,
ncaab:401594547,ncaab,2023-12-31T21:00Z,final,145,2803,Ole Miss,Bryant,95,78,-1600,890,,0,-1200,720,-15.0,-110,-110,,,,,2,,0,Oxford,MS,1,154,,,,-6.0,"41,54","30,48",-587,391,-8.5,-114,-111,149.0,-110,-112
ncaab:401606992,ncaab,2023-12-31T21:00Z,final,301,111910,San Diego,Westcliff,78,65,,,,0,,,,,,,,,,2,,0,San Diego,CA,1,20,,,,-8.0,"42,36","27,38",,,,,,,,
ncaab:401607360,ncaab,2023-12-31T21:00Z,final,24,12,Stanford,Arizona,100,82,570,-850,,0,590,-900,12.5,-110,-110,,,,,2,,0,Stanford,CA,1,23,,,,-8.0,"44,56","35,47",325,-450,6.5,-110,-115,162.5,-110,-110
ncaab:401587255,ncaab,2023-12-31T21:30Z,final,2546,2413,SE Missouri,Morehead St,64,83,,,,0,,,,,,,,,,2,,0,Cape Girardeau,MO,1,108,,,,-6.0,"33,31","40,43",,,,,,,,
ncaab:401587257,ncaab,2023-12-31T21:30Z,final,2565,2710,SIUE,W Illinois,70,78,,,,0,,,,,,,,,,2,,0,Edwardsville,IL,1,165,,,,-6.0,"32,38","33,45",,,,,,,,
ncaab:401603546,ncaab,2023-12-31T21:30Z,final,2885,2415,NJIT,Morgan St,69,53,,,,0,,,,,,,,,,2,,0,Newark,NJ,1,9,,,,-5.0,"38,31","30,23",,,,,,,,
ncaab:401580027,ncaab,2023-12-31T22:00Z,final,2172,198,Denver,Oral Roberts,86,89,-145,120,,0,-128,106,-2.5,-110,-110,,,,,2,,0,Denver,CO,1,1609,,,,-7.0,"32,40,14","39,33,17",-137,105,-1.0,-115,-110,159.5,-110,-110
ncaab:401597437,ncaab,2023-12-31T22:00Z,final,55,2906,Jax State,Trevecca,107,67,,,,0,,,,,,,,,,2,,0,Jacksonville,AL,1,216,,,,-6.0,"55,52","37,30",,,,,,,,
ncaab:401607361,ncaab,2023-12-31T23:00Z,final,254,264,Utah,Washington,95,90,-550,390,,0,-385,300,-9.5,-110,-110,,,,,2,,0,Salt Lake City,UT,1,1299,,,,-7.0,"35,60","46,44",-350,240,-5.5,-115,-115,155.5,-110,-110
