id,league,start,status,home,away,home_name,away_name,home_score,away_score,ml_home,ml_away,odds_time,neutral,ml_home_open,ml_away_open,spread_home,spread_home_odds,spread_away_odds,inj_home,inj_away,sp_home,sp_away,stype,country,intl,city,state,indoor,elev,wx_temp,wx_wind,wx_rain,tzo,ls_home,ls_away,h1_ml_home,h1_ml_away,h1_spread_home,h1_spread_home_odds,h1_spread_away_odds,total,over_odds,under_odds
ncaab:401607362,ncaab,2024-01-01T01:00Z,final,25,9,California,Arizona St,69,71,-170,142,,0,-176,146,-3.5,-112,-108,,,,,2,,0,Berkeley,CA,1,52,,,,-8.0,"35,34","25,46",-160,125,-2.0,-114,-110,146.0,-110,-110
ncaab:401584379,ncaab,2024-01-01T16:00Z,final,2335,109700,Liberty,Boyce,88,46,,,,0,,,,,,,,,,2,,0,Lynchburg,VA,1,192,,,,-5.0,"48,40","23,23",,,,,,,,
ncaab:401600618,ncaab,2024-01-01T17:00Z,final,2182,2261,Drexel,Hampton,99,65,-1099,700,,0,-1600,860,-13.5,-108,-112,,,,,2,,0,Philadelphia,PA,1,12,,,,-5.0,"55,44","34,31",-550,350,-7.5,-112,-112,142.5,-110,-110
ncaab:401583733,ncaab,2024-01-01T19:00Z,final,251,250,Texas,UT Arlington,79,62,,,,0,,,,,,,,,,2,,0,Austin,TX,1,149,,,,-6.0,"39,40","32,30",,,,,,,,
ncaab:401587120,ncaab,2024-01-01T19:00Z,final,2641,2453,Texas Tech,North Alabama,85,57,-4000,1400,,0,-3000,1200,-18.5,-110,-110,,,,,2,,0,Lubbock,TX,1,976,,,,-6.0,"44,41","27,30",-960,566,-11.0,-110,-114,144.5,-110,-110
ncaab:401578016,ncaab,2024-01-01T21:00Z,final,2628,2837,TCU,East Texas A&M,77,42,-20000,3500,,0,-10000,3000,-26.0,-110,-110,,,,,2,,0,Fort Worth,TX,1,199,,,,-6.0,"47,30","20,22",-3457,1220,-15.5,-110,-115,148.5,-112,-110
ncaab:401594443,ncaab,2024-01-02T21:00Z,final,2005,328,Air Force,Utah State,60,88,230,-290,,0,205,-255,6.5,-110,-110,,,,,2,,0,Colorado Springs,CO,1,1832,,,,-7.0,"29,31","42,46",180,-235,3.5,-106,-118,136.5,-110,-112
ncaab:401621842,ncaab,2024-01-02T21:00Z,final,2439,3246,UNLV,Bethesda,112,56,,,,0,,,,,,,,,,2,,0,Las Vegas,NV,1,610,,,,-8.0,"54,58","28,28",,,,,,,,
ncaab:401608786,ncaab,2024-01-02T22:00Z,final,2534,2163,Sam Houston,Dallas,93,53,,,,0,,,,,,,,,,2,,0,Huntsville,TX,1,113,,,,-6.0,"55,38","25,28",,,,,,,,
ncaab:401606612,ncaab,2024-01-02T22:15Z,final,2755,128256,Grambling,Biblical Stud,84,72,,,,0,,,,,,,,,,2,,0,Grambling,LA,1,93,,,,-6.0,"47,37","39,33",,,,,,,,
ncaab:401604794,ncaab,2024-01-02T23:00Z,final,2379,109636,MD Eastern,Clarks Summit,95,37,,,,0,,,,,,,,,,2,,0,Princess Anne,MD,1,5,,,,-5.0,"37,58","16,21",,,,,,,,
ncaab:401599471,ncaab,2024-01-02T23:30Z,final,41,305,UConn,DePaul,85,56,,,,0,,,,,,,,,,2,,0,Storrs,CT,1,187,,,,-5.0,"38,47","19,37",,,,,,,,
ncaab:401575525,ncaab,2024-01-03T00:00Z,final,2633,2450,Tennessee,Norfolk St,87,50,-10000,2500,,0,-10000,3000,-24.5,-110,-110,,,,,2,,0,Knoxville,TN,1,276,,,,-5.0,"43,44","18,32",-2728,1080,-14.0,-114,-112,137.5,-110,-110
ncaab:401577666,ncaab,2024-01-03T00:00Z,final,225,261,Brown,Vermont,70,71,140,-170,,0,154,-192,3.0,-110,-110,,,,,2,,0,Providence,RI,1,2,,,,-5.0,"42,28","34,37",110,-140,1.5,-110,-115,133.5,-115,-110
ncaab:401581746,ncaab,2024-01-03T00:00Z,final,108,399,Harvard,UAlbany,76,71,,,,0,,,,,,,,,,2,,0,Cambridge,MA,1,5,,,,-5.0,"39,37","30,41",,,,,,,,
ncaab:401588614,ncaab,2024-01-03T00:00Z,final,195,2649,Ohio,Toledo,77,86,-125,105,,0,-164,136,-1.5,-110,-110,,,,,2,,0,Athens,OH,1,219,,,,-5.0,"32,45","38,48",-125,-105,-1.0,-110,-115,160.0,-110,-110
ncaab:401588615,ncaab,2024-01-03T00:00Z,final,193,2711,Miami OH,W Michigan,74,83,,,,0,,,,,,,,,,2,,0,Oxford,OH,1,283,,,,-5.0,"41,33","44,39",,,,,,,,
ncaab:401588616,ncaab,2024-01-03T00:00Z,final,189,2199,Bowling Green,E Michigan,92,90,,,,0,,,,,,,,,,2,,0,Bowling Green,OH,1,212,,,,-5.0,"34,48,10","42,40,8",,,,,,,,
ncaab:401588617,ncaab,2024-01-03T00:00Z,final,2117,2084,C Michigan,Buffalo,64,76,,,,0,,,,,,,,,,2,,0,Mount Pleasant,MI,1,235,,,,-5.0,"18,46","36,40",,,,,,,,
ncaab:401588618,ncaab,2024-01-03T00:00Z,final,2309,2050,Kent State,Ball State,82,69,-700,475,,0,-850,540,-11.0,-108,-112,,,,,2,,0,Kent,OH,1,325,,,,-5.0,"41,41","30,39",-367,260,-6.5,-106,-120,142.5,-110,-110
ncaab:401599469,ncaab,2024-01-03T00:00Z,final,46,156,Georgetown,Creighton,60,77,575,-850,,0,720,-1200,12.5,-110,-110,,,,,2,,0,Washington,DC,1,7,,,,-5.0,"24,36","28,49",300,-425,7.0,-115,-115,147.0,-110,-110
ncaab:401600117,ncaab,2024-01-03T00:00Z,final,2011,3097,Alabama St,JohnsonFL,84,53,,,,0,,,,,,,,,,2,,0,Montgomery,AL,1,73,,,,-6.0,"40,44","27,26",,,,,,,,
ncaab:401600306,ncaab,2024-01-03T00:00Z,final,275,2294,Wisconsin,Iowa,83,72,-260,210,,0,-365,290,-5.5,-110,-110,,,,,2,,0,Madison,WI,1,267,,,,-6.0,"32,51","32,40",-210,160,-2.5,-120,-102,152.5,-115,-105
ncaab:401600308,ncaab,2024-01-03T00:00Z,final,120,2509,Maryland,Purdue,53,67,230,-290,,0,270,-345,6.5,-110,-110,,,,,2,,0,College Park,MD,1,21,,,,-5.0,"19,34","32,35",170,-220,4.0,-115,-115,140.5,-115,-110
ncaab:401602055,ncaab,2024-01-03T00:00Z,final,2226,151,FAU,East Carolina,79,64,,,,0,,,,,,,,,,2,,0,Boca Raton,FL,1,4,,,,-5.0,"35,44","36,28",,,,,,,,
ncaab:401604099,ncaab,2024-01-03T00:00Z,final,103,154,Boston College,Wake Forest,78,84,-100,-120,,0,102,-122,1.5,-108,-112,,,,,2,,0,Chestnut Hill,MA,1,60,,,,-5.0,"40,38","36,48",105,-120,0.5,-114,-115,150.0,-115,-110
ncaab:401604101,ncaab,2024-01-03T00:00Z,final,221,153,Pitt,North Carolina,57,70,154,-185,,0,110,-132,4.0,-110,-110,,,,,2,,0,Pittsburgh,PA,1,233,,,,-5.0,"28,29","31,39",130,-166,2.0,-115,-115,158.0,-110,-105
ncaab:401604808,ncaab,2024-01-03T00:30Z,final,2916,3158,Incarnate Word,Lady of Lake,83,74,,,,0,,,,,,,,,,2,,0,San Antonio,TX,1,198,,,,-6.0,"45,38","31,43",,,,,,,,
ncaab:401588619,ncaab,2024-01-03T01:00Z,final,2459,2006,N Illinois,Akron,51,73,210,-260,,0,205,-260,6.0,-112,-108,,,,,2,,0,Dekalb,IL,1,268,,,,-6.0,"16,35","35,38",154,-205,3.5,-112,-112,148.5,-110,-110
ncaab:401598580,ncaab,2024-01-03T01:00Z,final,239,172,Baylor,Cornell,98,79,-2000,980,,0,-2000,980,-16.0,-110,-110,,,,,2,,0,Waco,TX,1,143,,,,-6.0,"58,40","42,37",-710,460,-9.5,-111,-115,169.5,-110,-110
ncaab:401598975,ncaab,2024-01-03T01:00Z,final,2306,2130,Kansas St,Chicago St,62,55,-4500,1600,,0,-2500,1040,-20.5,-110,-110,,,,,2,,0,Manhattan,KS,1,311,,,,-6.0,"27,35","30,25",-1725,824,-12.5,-108,-117,136.5,-112,-110
ncaab:401601821,ncaab,2024-01-03T01:00Z,final,79,2057,S Illinois,Belmont,73,63,,,,0,,,,,,,,,,2,,0,Carbondale,IL,1,126,,,,-6.0,"34,39","31,32",,,,,,,,
ncaab:401601823,ncaab,2024-01-03T01:00Z,final,93,82,Murray St,UIC,85,73,-180,150,,0,-152,124,-3.5,-112,-108,,,,,2,,0,Murray,KY,1,163,,,,-6.0,"43,42","43,30",-165,130,-2.0,-115,-110,141.0,-110,-110
ncaab:401599470,ncaab,2024-01-03T01:30Z,final,2599,2086,St John's,Butler,86,70,,,,0,,,,,,,,,,2,,0,Queens,NY,1,12,,,,-5.0,"45,41","38,32",,,,,,,,
ncaab:401602988,ncaab,2024-01-03T01:30Z,final,2751,23,Wyoming,San José St,75,73,-218,176,,0,-260,205,-5.5,-108,-112,,,,,2,,0,Laramie,WY,1,2184,,,,-7.0,"35,40","47,26",-185,142,-2.5,-115,-110,142.5,-110,-110
ncaab:401583801,ncaab,2024-01-03T02:00Z,final,2,219,Auburn,Penn,88,68,-4500,1600,,0,-4500,1600,-20.5,-110,-110,,,,,2,,0,Auburn,AL,1,215,,,,-6.0,"51,37","32,36",-1300,700,-12.5,-110,-115,149.5,-115,-110
ncaab:401600307,ncaab,2024-01-03T02:00Z,final,356,77,Illinois,Northwestern,96,66,-240,195,,0,-260,210,-5.5,-110,-110,,,,,2,,0,Champaign,IL,1,225,,,,-6.0,"46,50","29,37",-196,154,-2.5,-115,-110,140.5,-108,-110
ncaab:401601822,ncaab,2024-01-03T02:00Z,final,2181,2287,Drake,Illinois St,88,71,-950,600,,0,-900,590,-12.5,-110,-110,,,,,2,,0,Des Moines,IA,1,266,,,,-6.0,"47,41","28,43",-500,350,-7.5,-108,-117,138.5,-115,-108
ncaab:401602056,ncaab,2024-01-03T02:00Z,final,2636,5,UTSA,UAB,76,78,220,-275,,0,184,-225,6.5,-110,-110,,,,,2,,0,San Antonio,TX,1,198,,,,-6.0,"40,36","39,39",165,-215,3.5,-112,-112,159.5,-110,-110
ncaab:401602057,ncaab,2024-01-03T02:00Z,final,2567,2429,SMU,Charlotte,66,54,,,,0,,,,,,,,,,2,,0,Dallas,TX,1,128,,,,-6.0,"32,34","24,30",,,,,,,,
ncaab:401604100,ncaab,2024-01-03T02:00Z,final,150,183,Duke,Syracuse,86,66,-1400,800,,0,-1700,890,-14.0,-110,-110,,,,,2,,0,Durham,NC,1,123,,,,-5.0,"35,51","33,33",-650,390,-8.0,-115,-115,151.0,-110,-110
ncaab:401606629,ncaab,2024-01-03T03:30Z,final,36,167,Colorado St,New Mexico,76,68,-185,154,,0,-154,128,-4.5,-110,-110,,,,,2,,0,Fort Collins,CO,1,1525,,,,-7.0,"33,43","30,38",-160,120,-2.0,-115,-115,157.5,-110,-110
ncaab:401574422,ncaab,2024-01-03T18:00Z,final,2110,3134,C Arkansas,Champ Chrstn,120,54,,,,0,,,,,,,,,,2,,0,Conway,AR,1,95,,,,-6.0,"65,55","17,37",,,,,,,,
ncaab:401587190,ncaab,2024-01-03T21:00Z,final,47,43,Howard,Yale,78,86,250,-325,,0,202,-250,8.0,-110,-110,,,,,2,,0,Washington,DC,1,7,,,,-5.0,"31,40,7","36,35,15",192,-251,4.5,-115,-110,146.0,-110,-110
ncaab:401601216,ncaab,2024-01-03T23:00Z,final,2427,2908,UNC Asheville,SC Upstate,95,67,-580,425,,0,-400,310,-10.0,-110,-110,,,,,2,,0,Asheville,NC,1,649,,,,-5.0,"45,50","32,35",-350,257,-6.0,-113,-111,140.5,-110,-110
ncaab:401596819,ncaab,2024-01-03T23:30Z,final,2325,2244,La Salle,George Mason,62,77,145,-175,,0,114,-137,3.5,-110,-110,,,,,2,,0,Philadelphia,PA,1,12,,,,-5.0,"43,19","37,40",120,-150,2.0,-115,-115,141.0,-110,-108
ncaab:401599472,ncaab,2024-01-03T23:30Z,final,2507,2550,Providence,Seton Hall,57,61,-275,220,,0,-230,188,-6.5,-110,-110,,,,,2,,0,Providence,RI,1,2,,,,-5.0,"24,33","29,32",-210,162,-3.0,-120,-108,135.5,-110,-110
ncaab:401601215,ncaab,2024-01-03T23:30Z,final,2737,2344,Winthrop,Longwood,68,60,-170,140,,0,-140,116,-3.0,-115,-105,,,,,2,,0,Rock Hill,SC,1,207,,,,-5.0,"20,35,13","25,30,5",-155,122,-2.0,-112,-112,141.5,-115,-110
ncaab:401587890,ncaab,2024-01-04T00:00Z,final,2193,2382,ETSU,Mercer,80,69,,,,0,,,,,,,,,,2,,0,Johnson City,TN,1,498,,,,-5.0,"42,38","30,39",,,,,,,,
ncaab:401587891,ncaab,2024-01-04T00:00Z,final,2747,2678,Wofford,VMI,87,85,-1600,850,,0,-2200,980,-15.5,-110,-110,,,,,2,,0,Spartanburg,SC,1,246,,,,-5.0,"33,44,10","37,40,8",-700,425,-8.5,-120,-105,151.5,-110,-110
ncaab:401587892,ncaab,2024-01-04T00:00Z,final,2430,231,UNC Greensboro,Furman,79,68,-230,190,,0,-152,124,-5.0,-110,-110,,,,,2,,0,Greensboro,NC,1,266,,,,-5.0,"37,42","33,35",-180,140,-2.5,-110,-110,147.5,-110,-110
ncaab:401587893,ncaab,2024-01-04T00:00Z,final,2643,2717,The Citadel,W Carolina,71,80,,,,0,,,,,,,,,,2,,0,Charleston,SC,1,6,,,,-5.0,"28,43","40,40",,,,,,,,
ncaab:401590925,ncaab,2024-01-04T00:00Z,final,2428,3245,NC Central,Truett McCnnll,112,70,,,,0,,,,,,,,,,2,,0,Durham,NC,1,123,,,,-5.0,"55,57","39,31",,,,,,,,
ncaab:401594485,ncaab,2024-01-04T00:00Z,final,2083,107,Bucknell,Holy Cross,70,58,-200,165,,0,-340,260,-5.0,-112,-108,,,,,2,,0,Lewisburg,PA,1,144,,,,-5.0,"23,47","20,38",-215,165,-3.5,-106,-120,132.5,-108,-110
ncaab:401594508,ncaab,2024-01-04T00:00Z,final,2142,2352,Colgate,Loyola MD,78,55,-899,600,,0,-950,590,-13.0,-110,-110,,,,,2,,0,Hamilton,NY,1,181,,,,-5.0,"32,46","27,28",-445,310,-7.5,-107,-117,136.5,-110,-110
ncaab:401596816,ncaab,2024-01-04T00:00Z,final,139,2350,Saint Louis,Loyola Chicago,73,80,-130,110,,0,-104,-118,-1.5,-110,-110,,,,,2,,0,St. Louis,MO,1,142,,,,-6.0,"36,37","41,39",-135,105,-1.0,-115,-115,142.5,-115,-105
ncaab:401596817,ncaab,2024-01-04T00:00Z,final,227,2603,Rhode Island,Saint Joseph's,78,74,200,-250,,0,168,-205,5.5,-110,-110,,,,,2,,0,Kingston,RI,1,75,,,,-5.0,"30,48","36,38",154,-200,2.5,-107,-117,146.5,-110,-110
ncaab:401596818,ncaab,2024-01-04T00:00Z,final,113,2184,UMass,Duquesne,80,61,,,,0,,,,,,,,,,2,,0,Amherst,MA,1,82,,,,-5.0,"40,40","32,29",,,,,,,,
ncaab:401596820,ncaab,2024-01-04T00:00Z,final,45,2230,G Washington,Fordham,113,119,,,,0,,,,,,,,,,2,,0,Washington,DC,1,7,,,,-5.0,"44,41,8,9,11","48,37,8,9,17",,,,,,,,
ncaab:401596821,ncaab,2024-01-04T00:00Z,final,2166,2168,Davidson,Dayton,59,72,160,-194,,0,158,-192,4.5,-112,-108,,,,,2,,0,Davidson,NC,1,256,,,,-5.0,"21,38","36,36",134,-168,2.5,-120,-102,135.5,-110,-110
ncaab:401597384,ncaab,2024-01-04T00:00Z,final,44,2329,American,Lehigh,75,66,-135,114,,0,-140,114,-2.0,-115,-105,,,,,2,,0,Washington,DC,1,7,,,,-5.0,"39,36","36,30",-145,114,-1.0,-115,-110,142.0,-110,-110
ncaab:401597966,ncaab,2024-01-04T00:00Z,final,2426,104,Navy,Boston U,62,60,-130,110,,0,-150,122,-1.5,-112,-108,,,,,2,,0,Annapolis,MD,1,12,,,,-5.0,"23,39","29,31",-140,110,-1.5,-108,-117,130.0,-110,-110
ncaab:401600078,ncaab,2024-01-04T00:00Z,final,2348,2937,Louisiana Tech,Dallas Chrstn,96,55,,,,0,,,,,,,,,,2,,0,Ruston,LA,1,102,,,,-6.0,"53,43","23,32",,,,,,,,
ncaab:401600246,ncaab,2024-01-04T00:00Z,final,197,2130,Oklahoma St,Chicago St,72,53,-3600,1500,,0,-6000,1600,-19.0,-112,-108,,,,,2,,0,Stillwater,OK,1,273,,,,-6.0,"43,29","25,28",-1050,600,-11.0,-116,-109,135.0,-105,-115
ncaab:401600310,ncaab,2024-01-04T00:00Z,final,194,164,Ohio State,Rutgers,76,72,-350,280,,0,-450,340,-7.5,-110,-110,,,,,2,,0,Columbus,OH,1,235,,,,-5.0,"45,31","32,40",-245,180,-3.5,-104,-118,136.5,-105,-110
ncaab:401601213,ncaab,2024-01-04T00:00Z,final,2127,2506,Charleston So,Presbyterian,61,68,100,-120,,0,-110,-110,1.5,-110,-110,,,,,2,,0,Charleston,SC,1,6,,,,-5.0,"25,36","35,33",-105,-125,1.0,-113,-111,138.5,-105,-115
ncaab:401601214,ncaab,2024-01-04T00:00Z,final,2515,2272,Radford,High Point,71,85,-120,100,,0,-118,-104,-1.5,-110,-110,,,,,2,,0,Radford,VA,1,567,,,,-5.0,"37,34","38,47",-125,-105,-0.5,-112,-112,142.5,-110,-110
ncaab:401601825,ncaab,2024-01-04T00:00Z,final,282,339,Indiana St,Evansville,87,73,-1399,800,,0,-1348,745,-15.0,-112,-108,,,,,2,,0,Terre Haute,IN,1,152,,,,-5.0,"48,39","37,36",-625,390,-8.5,-115,-105,157.0,-130,110
ncaab:401604102,ncaab,2024-01-04T00:00Z,final,52,59,Florida St,Georgia Tech,82,71,-184,150,,0,-176,146,-4.0,-110,-110,,,,,2,,0,Tallahassee,FL,1,62,,,,-5.0,"32,50","19,52",-166,132,-1.5,-120,-105,144.5,-110,-110
ncaab:401604105,ncaab,2024-01-04T00:00Z,final,258,97,Virginia,Louisville,77,53,-2500,1160,,0,-1600,860,-15.5,-110,-110,,,,,2,,0,Charlottesville,VA,1,142,,,,-5.0,"37,40","22,31",,,,,,128.0,-112,-110
ncaab:401604269,ncaab,2024-01-04T00:00Z,final,322,349,Lafayette,Army,52,47,-160,130,,0,-128,104,-3.0,-110,-110,,,,,2,,0,Easton,PA,1,97,,,,-5.0,"31,21","28,19",-142,112,-1.5,-109,-115,125.0,-110,-110
ncaab:401581688,ncaab,2024-01-04T00:30Z,final,2433,276,UL Monroe,Marshall,57,68,,,,0,,,,,,,,,,2,,0,Monroe,LA,1,23,,,,-6.0,"21,36","39,29",,,,,,,,
ncaab:401587156,ncaab,2024-01-04T00:30Z,final,2393,2890,MTSU,Reinhardt,84,47,,,,0,,,,,,,,,,2,,0,Murfreesboro,TN,1,186,,,,-6.0,"47,37","21,26",,,,,,,,
ncaab:401587889,ncaab,2024-01-04T00:30Z,final,2535,236,Samford,Chattanooga,89,74,-325,260,,0,-470,340,-7.5,-110,-110,,,,,2,,0,Homewood,AL,1,203,,,,-6.0,"46,43","43,31",-235,172,-3.5,-115,-110,160.5,-110,-110
ncaab:401580031,ncaab,2024-01-04T01:00Z,final,233,331,South Dakota,E Washington,79,93,,,,0,,,,,,,,,,2,,0,Vermillion,SD,1,374,,,,-6.0,"35,44","54,39",,,,,,,,
ncaab:401581822,ncaab,2024-01-04T01:00Z,final,2437,2464,Omaha,N Arizona,81,55,-142,120,,0,-150,122,-2.0,-112,-108,,,,,2,,0,Omaha,NE,1,323,,,,-6.0,"31,50","30,25",-147,115,-1.5,-112,-112,144.5,-110,-110
ncaab:401594019,ncaab,2024-01-04T01:00Z,final,155,2458,North Dakota,N Colorado,87,97,-135,110,,0,-110,-110,-2.0,-110,-110,,,,,2,,0,Grand Forks,ND,1,253,,,,-6.0,"49,38","51,46",-127,-102,-1.0,-113,-111,151.5,-110,-110
ncaab:401598001,ncaab,2024-01-04T01:00Z,final,2449,149,N Dakota St,Montana,86,96,,,,0,,,,,,,,,,2,,0,Fargo,ND,1,276,,,,-6.0,"31,55","43,53",,,,,,,,
ncaab:401601824,ncaab,2024-01-04T01:00Z,final,2674,71,Valparaiso,Bradley,61,86,425,-600,,0,210,-258,10.5,-114,-110,,,,,2,,0,Valparaiso,IN,1,242,,,,-6.0,"29,32","44,42",257,-362,6.0,-110,-115,136.5,-118,-113
ncaab:401604103,ncaab,2024-01-04T01:00Z,final,2390,228,Miami,Clemson,95,82,105,-126,,0,-100,-120,1.5,-106,-114,,,,,2,,0,Coral Gables,FL,1,3,,,,-5.0,"35,60","41,41",-102,-122,0.5,-115,-110,154.5,-110,-110
ncaab:401599473,ncaab,2024-01-04T01:30Z,final,222,2752,Villanova,Xavier,66,65,-380,300,,0,-300,240,-8.0,-112,-108,,,,,2,,0,Villanova,PA,1,121,,,,-5.0,"34,32","29,36",-275,210,-4.5,-110,-114,142.5,-110,-110
ncaab:401580029,ncaab,2024-01-04T02:00Z,final,2692,2571,Weber St,S Dakota St,75,73,,,,0,,,,,,,,,,2,,0,Ogden,UT,1,1311,,,,-7.0,"40,35","35,38",,,,,,,,
ncaab:401580030,ncaab,2024-01-04T02:00Z,final,70,2900,Idaho,St Thomas,67,75,,,,0,,,,,,,,,,2,,0,Moscow,ID,1,786,,,,-8.0,"36,31","38,37",,,,,,,,
ncaab:401580032,ncaab,2024-01-04T02:00Z,final,16,140,Sacramento St,Kansas City,67,64,-137,114,,0,-118,-104,-2.0,-115,-105,,,,,2,,0,Sacramento,CA,1,9,,,,-8.0,"33,34","26,38",-132,-100,-1.0,-114,-112,136.0,-108,-112
ncaab:401596815,ncaab,2024-01-04T02:00Z,final,2670,179,VCU,St Bonaventure,78,89,,,,0,,,,,,,,,,2,,0,Richmond,VA,1,64,,,,-5.0,"36,42","44,45",,,,,,,,
ncaab:401600309,ncaab,2024-01-04T02:00Z,final,158,84,Nebraska,Indiana,86,70,-190,155,,0,-210,172,-4.5,-110,-110,,,,,2,,0,Lincoln,NE,1,367,,,,-6.0,"41,45","33,37",-175,135,-2.0,-115,-115,151.0,-110,-108
ncaab:401601826,ncaab,2024-01-04T02:00Z,final,2623,2460,Missouri St,Northern Iowa,62,64,-128,106,,0,-138,115,-2.0,-110,-110,,,,,2,,0,Springfield,MO,1,396,,,,-6.0,"29,33","33,31",-125,-100,-0.5,-110,-115,143.5,-108,-110
ncaab:401602058,ncaab,2024-01-04T02:00Z,final,2655,242,Tulane,Rice,84,59,-400,310,,0,-420,320,-8.5,-110,-110,,,,,2,,0,New Orleans,LA,1,0,,,,-6.0,"37,47","24,35",-275,210,-4.5,-112,-112,162.0,-112,-110
ncaab:401604104,ncaab,2024-01-04T02:00Z,final,87,152,Notre Dame,NC State,52,54,,,,0,,,,,,,,,,2,,0,South Bend,IN,1,211,,,,-5.0,"34,18","26,28",,,,,,,,
ncaab:401607363,ncaab,2024-01-04T02:00Z,final,26,24,UCLA,Stanford,53,59,-210,172,,0,-182,150,-5.0,-110,-110,,,,,2,,0,Los Angeles,CA,1,89,,,,-8.0,"30,23","26,33",,,,,,138.5,-115,-108
ncaab:401594599,ncaab,2024-01-04T02:30Z,final,2172,304,Denver,Idaho St,95,82,-325,250,,0,-430,320,-7.0,-110,-110,,,,,2,,0,Denver,CO,1,1609,,,,-7.0,"40,37,18","46,31,5",-266,194,-4.5,-110,-114,149.0,-105,-115
ncaab:401580028,ncaab,2024-01-04T02:50Z,final,147,198,Montana St,Oral Roberts,76,82,-130,110,,0,-110,-110,-2.0,-112,-110,,,,,2,,0,Bozeman,MT,1,1468,,,,-7.0,"36,40","33,49",-127,-102,-0.5,-115,-110,144.5,-112,-110
ncaab:401607364,ncaab,2024-01-04T03:00Z,final,30,25,USC,California,82,74,-313,250,,0,-480,360,-7.5,-110,-110,,,,,2,,0,Los Angeles,CA,1,89,,,,-8.0,"37,45","29,45",-250,180,-4.0,-115,-115,151.5,-110,-110
ncaab:401597935,ncaab,2024-01-04T03:30Z,final,21,278,San Diego St,Fresno St,74,47,-1800,1000,,0,-3000,1200,-15.5,-110,-110,,,,,2,,0,San Diego,CA,1,20,,,,-8.0,"39,35","26,21",-650,400,-8.5,-115,-105,137.0,-110,-110
ncaab:401589386,ncaab,2024-01-04T16:00Z,final,2529,2598,Sacred Heart,Saint Francis,79,67,,,,0,,,,,,,,,,2,,0,Fairfield,CT,1,4,,,,-8.0,"45,34","26,41",,,,,,,,
ncaab:401574056,ncaab,2024-01-04T18:00Z,final,292,2617,UT Rio Grande,SF Austin,78,85,,,,0,,,,,,,,,,2,,0,Edinburg,TX,1,30,,,,-6.0,"38,40","38,47",,,,,,,,
ncaab:401574191,ncaab,2024-01-04T23:30Z,final,91,2046,Bellarmine,Austin Peay,68,84,-154,128,,0,-120,-100,-2.5,-115,-105,,,,,2,,0,Louisville,KY,1,142,,,,-5.0,"30,38","42,42",-147,118,-1.5,-112,-112,132.0,-110,-110
ncaab:401574438,ncaab,2024-01-05T00:00Z,final,2198,288,E Kentucky,Lipscomb,80,72,,,,0,,,,,,,,,,2,,0,Richmond,KY,1,289,,,,-5.0,"47,33","29,43",,,,,,,,
ncaab:401574523,ncaab,2024-01-05T00:00Z,final,56,2454,Stetson,North Florida,75,74,-350,280,,0,-320,245,-7.5,-110,-110,,,,,2,,0,DeLand,FL,1,12,,,,-5.0,"38,37","39,35",-238,180,-3.5,-117,-107,152.5,-102,-118
ncaab:401581705,ncaab,2024-01-05T00:00Z,final,2653,295,Troy,Old Dominion,86,73,-198,164,,0,-205,164,-4.5,-110,-110,,,,,2,,0,Troy,AL,1,165,,,,-6.0,"55,31","34,39",-182,140,-2.0,-115,-111,146.5,-108,-112
ncaab:401587260,ncaab,2024-01-05T00:00Z,final,2413,2635,Morehead St,Tennessee Tech,82,57,-700,500,,0,-1300,730,-11.0,-110,-110,,,,,2,,0,Morehead,KY,1,153,,,,-6.0,"33,49","32,25",-371,253,-6.5,-106,-120,137.5,-115,-110
ncaab:401587675,ncaab,2024-01-05T00:00Z,final,2750,325,Wright St,Cleveland St,82,70,-238,195,,0,-225,180,-5.5,-110,-110,,,,,2,,0,Dayton,OH,1,225,,,,-5.0,"39,43","35,35",-200,150,-3.0,-110,-120,161.5,-112,-108
ncaab:401587676,ncaab,2024-01-05T00:00Z,final,2174,2739,Detroit Mercy,Green Bay,51,69,120,-142,,0,160,-193,2.5,-110,-110,,,,,2,,0,Detroit,MI,1,183,,,,-5.0,"23,28","34,35",105,-135,1.5,-120,-105,132.5,-110,-110
ncaab:401587677,ncaab,2024-01-05T00:00Z,final,2473,270,Oakland,Milwaukee,100,95,-230,190,,0,-385,300,-5.0,-110,-110,,,,,2,,0,Rochester,MI,1,229,,,,-5.0,"40,60","35,60",-176,140,-2.5,-110,-114,151.5,-110,-110
ncaab:401587678,ncaab,2024-01-05T00:00Z,final,2523,85,Robert Morris,IU Indy,92,48,-375,295,,0,-550,390,-7.0,-112,-108,,,,,2,,0,Moon Township,PA,1,358,,,,-5.0,"44,48","24,24",-255,182,-4.5,-115,-110,143.0,-108,-112
ncaab:401587679,ncaab,2024-01-05T00:00Z,final,94,2754,N Kentucky,Youngstown St,79,76,-111,-108,,0,-114,-106,-1.0,-110,-110,,,,,2,,0,Highland Heights,KY,1,260,,,,-5.0,"36,43","45,31",-117,-112,-0.5,-111,-115,146.0,-110,-110
ncaab:401589449,ncaab,2024-01-05T00:00Z,final,284,2115,Stonehill,C Connecticut,59,74,,,,0,,,,,,,,,,2,,0,South Easton,MA,1,33,,,,-5.0,"29,30","30,44",,,,,,,,
ncaab:401589470,ncaab,2024-01-05T00:00Z,final,112358,2681,Long Island,Wagner,69,67,,,,0,,,,,,,,,,2,,0,Brooklyn,NY,1,15,,,,-5.0,"45,24","28,39",,,,,,,,
ncaab:401589512,ncaab,2024-01-05T00:00Z,final,2771,161,Merrimack,FDU,60,56,,,,0,,,,,,,,,,2,,0,North Andover,MA,1,29,,,,-5.0,"30,30","24,32",,,,,,,,
ncaab:401591560,ncaab,2024-01-05T00:00Z,final,171,329,Columbia,Mt St Vincent,120,52,,,,0,,,,,,,,,,2,,0,New York,NY,1,10,,,,-5.0,"53,67","29,23",,,,,,,,
ncaab:401593874,ncaab,2024-01-05T00:00Z,final,526,294,FGCU,Jacksonville,80,70,,,,0,,,,,,,,,,2,,0,Fort Myers,FL,1,3,,,,-5.0,"37,43","22,48",,,,,,,,
ncaab:401600312,ncaab,2024-01-05T00:00Z,final,127,213,Michigan St,Penn State,92,61,-1250,740,,0,-1600,860,-13.5,-110,-110,,,,,2,,0,East Lansing,MI,1,261,,,,-5.0,"51,41","26,35",-550,350,-7.5,-115,-110,146.0,-112,-108
ncaab:401600619,ncaab,2024-01-05T00:00Z,final,2448,2097,NC A&T,Campbell,76,62,,,,0,,,,,,,,,,2,,0,Greensboro,NC,1,266,,,,-5.0,"33,43","25,37",,,,,,,,
ncaab:401600620,ncaab,2024-01-05T00:00Z,final,2275,232,Hofstra,Charleston,61,73,-120,100,,0,-170,140,-1.5,-108,-112,,,,,2,,0,Hempstead,NY,1,17,,,,-5.0,"32,29","34,39",-125,-105,-0.5,-115,-110,155.5,-110,-110
ncaab:401600621,ncaab,2024-01-05T00:00Z,final,2729,2210,William & Mary,Elon,77,70,-180,150,,0,-148,122,-4.0,-110,-110,,,,,2,,0,Williamsburg,VA,1,25,,,,-5.0,"33,44","27,43",-157,122,-2.0,-115,-110,152.0,-110,-110
ncaab:401600622,ncaab,2024-01-05T00:00Z,final,48,2261,Delaware,Hampton,80,53,-800,550,,0,-1250,710,-11.5,-110,-110,,,,,2,,0,Newark,DE,1,38,,,,-5.0,"41,39","25,28",-451,313,-7.0,-110,-115,153.0,-112,-110
ncaab:401600623,ncaab,2024-01-05T00:00Z,final,2182,350,Drexel,UNC Wilmington,78,63,-122,102,,0,-142,118,-1.5,-110,-110,,,,,2,,0,Philadelphia,PA,1,12,,,,-5.0,"36,42","34,29",-125,-104,-0.5,-111,-113,138.5,-105,-110
ncaab:401600624,ncaab,2024-01-05T00:00Z,final,111,2619,Northeastern,Stony Brook,53,62,-225,185,,0,-275,220,-5.5,-110,-110,,,,,2,,0,Boston,MA,1,14,,,,-5.0,"23,30","24,38",-190,145,-3.0,-115,-115,143.5,-115,-110
ncaab:401600625,ncaab,2024-01-05T00:00Z,final,2405,119,Monmouth,Towson,51,43,136,-162,,0,-104,-118,2.5,-105,-115,,,,,2,,0,West Long Branch,NJ,1,9,,,,-5.0,"21,30","20,23",114,-145,1.5,-110,-114,133.0,-105,-115
ncaab:401602059,ncaab,2024-01-05T00:00Z,final,58,218,South Florida,Temple,76,68,-258,210,,0,-260,205,-6.0,-110,-110,,,,,2,,0,Tampa,FL,1,1,,,,-5.0,"32,44","28,40",-212,162,-3.0,-117,-108,145.5,-110,-110
ncaab:401574053,ncaab,2024-01-05T01:00Z,final,3084,2856,Utah Valley,CA Baptist,65,58,,,,0,,,,,,,,,,2,,0,Orem,UT,1,1455,,,,-7.0,"33,32","23,35",,,,,,,,
ncaab:401574055,ncaab,2024-01-05T01:00Z,final,2627,250,Tarleton St,UT Arlington,78,76,,,,0,,,,,,,,,,2,,0,Stephenville,TX,1,388,,,,-6.0,"42,36","37,39",,,,,,,,
ncaab:401581494,ncaab,2024-01-05T01:00Z,final,6,2026,South Alabama,App State,84,91,,,,0,,,,,,,,,,2,,0,Mobile,AL,1,3,,,,-6.0,"43,39,2","44,38,9",,,,,,,,
ncaab:401581612,ncaab,2024-01-05T01:00Z,final,2032,290,Arkansas St,GA Southern,109,83,,,,0,,,,,,,,,,2,,0,Jonesboro,AR,1,99,,,,-6.0,"59,50","40,43",,,,,,,,
ncaab:401581629,ncaab,2024-01-05T01:00Z,final,326,324,Texas St,Coastal,63,71,-425,330,,0,-500,360,-8.5,-112,-108,,,,,2,,0,San Marcos,TX,1,188,,,,-6.0,"31,32","33,38",-290,220,-4.5,-110,-114,141.5,-112,-108
ncaab:401581656,ncaab,2024-01-05T01:00Z,final,2572,2247,Southern Miss,Georgia St,79,73,-155,130,,0,-164,134,-3.0,-110,-110,,,,,2,,0,Hattiesburg,MS,1,52,,,,-6.0,"44,35","35,38",-150,117,-1.5,-113,-112,147.5,-108,-112
ncaab:401581668,ncaab,2024-01-05T01:00Z,final,309,256,Louisiana,James Madison,61,68,185,-225,,0,198,-250,6.5,-112,-108,,,,,2,,0,Lafayette,LA,1,11,,,,-6.0,"23,38","22,46",154,-200,3.5,-114,-112,154.5,-108,-112
ncaab:401587259,ncaab,2024-01-05T01:00Z,final,2031,2565,Little Rock,SIUE,88,80,,,,0,,,,,,,,,,2,,0,Little Rock,AR,1,102,,,,-6.0,"39,49","30,50",,,,,,,,
ncaab:401602060,ncaab,2024-01-05T01:00Z,final,202,235,Tulsa,Memphis,75,78,360,-470,,0,320,-430,9.5,-110,-110,,,,,2,,0,Tulsa,OK,1,220,,,,-6.0,"35,40","49,29",210,-290,5.5,-116,-109,154.0,-110,-110
ncaab:401574054,ncaab,2024-01-05T01:30Z,final,253,2253,Southern Utah,Grand Canyon,75,96,370,-485,,0,370,-520,11.0,-110,-110,,,,,2,,0,Cedar City,UT,1,1782,,,,-7.0,"36,39","43,53",255,-360,6.5,-115,-111,154.5,-110,-110
ncaab:401587261,ncaab,2024-01-05T01:30Z,final,2710,2546,W Illinois,SE Missouri,68,61,,,,0,,,,,,,,,,2,,0,Macomb,IL,1,215,,,,-6.0,"36,32","26,35",,,,,,,,
ncaab:401587262,ncaab,2024-01-05T01:30Z,final,88,2634,S Indiana,Tennessee St,69,67,,,,0,,,,,,,,,,2,,0,Evansville,IN,1,118,,,,-6.0,"40,29","33,34",,,,,,,,
ncaab:401573581,ncaab,2024-01-05T02:00Z,final,166,2638,New Mexico St,UTEP,63,53,-145,120,,0,-122,102,-2.5,-110,-110,,,,,2,,0,Las Cruces,NM,1,1191,,,,-7.0,"28,35","22,31",-145,110,-1.5,-115,-115,138.0,-110,-110
ncaab:401587258,ncaab,2024-01-05T02:00Z,final,2630,2197,UT Martin,E Illinois,72,79,,,,0,,,,,,,,,,2,,0,Martin,TN,1,124,,,,-6.0,"38,34","38,41",,,,,,,,
ncaab:401589664,ncaab,2024-01-05T02:00Z,final,2250,2492,Gonzaga,Pepperdine,86,60,-3600,1500,,0,-4500,1600,-21.0,-110,-110,,,,,2,,0,Spokane,WA,1,571,,,,-8.0,"45,41","27,33",-1600,800,-12.5,-115,-110,156.5,-110,-110
ncaab:401600311,ncaab,2024-01-05T02:00Z,final,130,135,Michigan,Minnesota,71,73,-260,210,,0,-275,220,-5.5,-110,-108,,,,,2,,0,Ann Arbor,MI,1,269,,,,-5.0,"37,34","33,40",-198,154,-3.0,-115,-115,149.5,-110,-110
ncaab:401602061,ncaab,2024-01-05T02:00Z,final,2724,249,Wichita St,North Texas,62,74,-115,-105,,0,-118,-102,-1.0,-115,-105,,,,,2,,0,Wichita,KS,1,396,,,,-6.0,"30,32","42,32",-120,-110,-0.5,-115,-115,133.5,-110,-110
ncaab:401607365,ncaab,2024-01-05T02:00Z,final,264,2483,Washington,Oregon,74,76,-200,165,,0,-690,480,-4.5,-110,-110,,,,,2,,0,Seattle,WA,1,56,,,,-8.0,"36,38","30,46",-180,140,-2.5,-120,-110,154.5,-105,-110
ncaab:401607366,ncaab,2024-01-05T02:45Z,final,12,38,Arizona,Colorado,97,50,-899,600,,0,-670,470,-12.5,-110,-110,,,,,2,,0,Tucson,AZ,1,759,,,,-7.0,"50,47","23,27",-480,340,-7.5,-115,-115,160.0,-110,-110
ncaab:401573481,ncaab,2024-01-05T03:00Z,final,300,2239,UC Irvine,Fullerton,75,67,-575,425,,0,-950,590,-12.5,-108,-112,,,,,2,,0,Irvine,CA,1,17,,,,-8.0,"35,40","28,39",-397,277,-6.5,-119,-107,133.5,-110,-110
ncaab:401573482,ncaab,2024-01-05T03:00Z,final,2540,28,Santa Barbara,UC San Diego,72,79,-250,200,,0,-210,168,-5.5,-110,-110,,,,,2,,0,Santa Barbara,CA,1,15,,,,-8.0,"24,48","45,34",-197,147,-3.0,-115,-110,149.0,-110,-110
ncaab:401573483,ncaab,2024-01-05T03:00Z,final,27,302,UC Riverside,UC Davis,63,83,-134,110,,0,-114,-106,-2.0,-110,-110,,,,,2,,0,Riverside,CA,1,252,,,,-8.0,"22,41","41,42",-130,-100,-0.5,-117,-108,138.5,-110,-110
ncaab:401573484,ncaab,2024-01-05T03:00Z,final,2934,62,Bakersfield,Hawai'i,67,78,,,,0,,,,,,,,,,2,,0,Bakersfield,CA,1,123,,,,-8.0,"23,44","41,37",,,,,,,,
ncaab:401573485,ncaab,2024-01-05T03:00Z,final,13,299,Cal Poly,Long Beach St,82,89,330,-430,,0,300,-400,9.0,-110,-110,,,,,2,,0,San Luis Obispo,CA,1,71,,,,-8.0,"37,45","38,51",200,-272,4.5,-107,-117,146.0,-105,-110
ncaab:401574052,ncaab,2024-01-05T03:00Z,final,2547,3101,Seattle U,Utah Tech,70,53,-575,425,,0,-650,440,-10.0,-108,-112,,,,,2,,0,Seattle,WA,1,56,,,,-8.0,"31,39","28,25",-371,264,-5.5,-116,-109,140.5,-105,-115
ncaab:401589665,ncaab,2024-01-05T03:00Z,final,279,2539,Pacific,San Francisco,88,92,1400,-2994,,0,1400,-4500,19.5,-110,-110,,,,,2,,0,Stockton,CA,1,4,,,,-8.0,"35,43,10","42,36,14",674,-1248,11.5,-117,-108,136.5,-106,-108
ncaab:401589663,ncaab,2024-01-05T04:00Z,final,301,2608,San Diego,Saint Mary's,70,81,650,-1000,,0,530,-780,13.5,-110,-110,,,,,2,,0,San Diego,CA,1,20,,,,-8.0,"36,34","41,40",310,-450,7.5,-115,-115,134.0,-110,-110
ncaab:401589666,ncaab,2024-01-05T04:00Z,final,2351,2541,LMU,Santa Clara,57,68,,,,0,,,,,,,,,,2,,0,Los Angeles,CA,1,89,,,,-8.0,"27,30","32,36",,,,,,,,
ncaab:401607367,ncaab,2024-01-05T04:00Z,final,9,254,Arizona St,Utah,82,70,225,-278,,0,190,-235,6.5,-112,-108,,,,,2,,0,Tempe,AZ,1,360,,,,-7.0,"41,41","36,34",170,-220,3.5,-115,-115,146.5,-108,-112
ncaab:401607368,ncaab,2024-01-05T04:00Z,final,265,204,Washington St,Oregon St,65,58,,,,0,,,,,,,,,,2,,0,Pullman,WA,1,717,,,,-8.0,"21,44","24,34",,,,,,,,
ncaab:401599474,ncaab,2024-01-05T23:30Z,final,2086,41,Butler,UConn,81,88,,,,0,,,,,,,,,,2,,0,Indianapolis,IN,1,218,,,,-5.0,"42,39","35,53",,,,,,,,
ncaab:401588624,ncaab,2024-01-06T00:00Z,final,2649,193,Toledo,Miami OH,68,64,-750,512,,0,-710,490,-12.0,-112,-107,,,,,2,,0,Toledo,OH,1,186,,,,-5.0,"29,39","40,24",-450,300,-6.5,-115,-110,158.5,-111,-110
ncaab:401594257,ncaab,2024-01-06T00:00Z,final,116,2099,Mount St Marys,Canisius,74,69,-146,125,,0,-146,121,-2.5,-108,-112,,,,,2,,0,Emmitsburg,MD,1,133,,,,-5.0,"37,37","34,35",-147,114,-1.5,-108,-117,147.5,-108,-110
ncaab:401594291,ncaab,2024-01-06T00:00Z,final,2561,2217,Siena,Fairfield,69,93,142,-175,,0,220,-280,3.5,-112,-109,,,,,2,,0,Albany,NY,1,45,,,,-5.0,"28,41","41,52",125,-160,2.0,-112,-113,141.5,-110,-110
ncaab:401594310,ncaab,2024-01-06T00:00Z,final,2612,314,Saint Peter's,Iona,69,57,,,,0,,,,,,,,,,2,,0,Jersey City,NJ,1,9,,,,-5.0,"28,41","19,38",,,,,,,,
ncaab:401594364,ncaab,2024-01-06T00:00Z,final,2363,315,Manhattan,Niagara,67,81,124,-149,,0,115,-138,2.5,-112,-108,,,,,2,,0,Riverdale,NY,1,159,,,,-8.0,"27,40","34,47",105,-135,1.5,-116,-109,141.5,-110,-110
ncaab:401594372,ncaab,2024-01-06T00:30Z,final,2514,2520,Quinnipiac,Rider,88,84,-198,164,,0,-198,164,-4.0,-112,-108,,,,,2,,0,Hamden,CT,1,31,,,,-5.0,"32,56","43,41",-180,140,-2.5,-115,-115,150.0,-112,-108
ncaab:401600313,ncaab,2024-01-06T01:30Z,final,2509,356,Purdue,Illinois,83,78,-600,427,,0,-630,450,-10.5,-110,-110,,,,,2,,0,West Lafayette,IN,1,186,,,,-5.0,"47,36","32,46",-375,260,-6.5,-115,-115,151.5,-115,-105
ncaab:401588622,ncaab,2024-01-06T02:00Z,final,2006,189,Akron,Bowling Green,83,67,-515,385,,0,-480,365,-9.5,-112,-108,,,,,2,,0,Akron,OH,1,291,,,,-5.0,"36,47","41,26",-325,230,-5.5,-115,-112,142.5,-110,-110
ncaab:401602971,ncaab,2024-01-06T03:30Z,final,23,68,San José St,Boise St,69,78,169,-205,,0,202,-250,4.5,-112,-108,,,,,2,,0,San Jose,CA,1,26,,,,-8.0,"40,29","33,45",140,-180,2.5,-118,-110,139.5,-115,-108
ncaab:401581183,ncaab,2024-01-06T17:00Z,final,160,2349,New Hampshire,UMass Lowell,75,82,-110,-110,,0,-106,-113,-0.5,-110,-110,,,,,2,,0,Durham,NH,1,15,,,,-5.0,"30,45","31,51",-112,-114,-0.5,-109,-116,154.0,-110,-110
ncaab:401596822,ncaab,2024-01-06T17:00Z,final,2230,2325,Fordham,La Salle,76,81,-218,180,,0,-118,-102,-5.0,-110,-110,,,,,2,,0,Bronx,NY,1,28,,,,-5.0,"37,39","46,35",-180,140,-2.5,-113,-112,145.5,-107,-112
ncaab:401597115,ncaab,2024-01-06T17:00Z,final,2579,344,South Carolina,Mississippi St,68,62,124,-148,,0,-105,-114,2.5,-110,-110,,,,,2,,0,Columbia,SC,1,89,,,,-5.0,"30,38","28,34",110,-140,1.5,-115,-115,134.5,-108,-110
ncaab:401599476,ncaab,2024-01-06T17:00Z,final,46,305,Georgetown,DePaul,68,65,-285,230,,0,-235,190,-6.5,-112,-108,,,,,2,,0,Washington,DC,1,7,,,,-5.0,"34,34","32,33",-215,165,-3.5,-112,-112,141.5,-110,-112
ncaab:401599477,ncaab,2024-01-06T17:00Z,final,2550,269,Seton Hall,Marquette,78,75,180,-218,,0,220,-275,5.0,-110,-110,,,,,2,,0,Newark,NJ,1,9,,,,-5.0,"42,36","39,36",140,-176,2.5,-115,-105,145.0,-108,-111
ncaab:401600316,ncaab,2024-01-06T17:00Z,final,2294,164,Iowa,Rutgers,86,77,-258,210,,0,-230,188,-6.0,-110,-110,,,,,2,,0,Iowa City,IA,1,204,,,,-6.0,"41,45","34,43",-217,163,-3.5,-115,-115,152.5,-110,-110
ncaab:401604106,ncaab,2024-01-06T17:00Z,final,228,153,Clemson,North Carolina,55,65,-145,120,,0,-120,-100,-2.5,-105,-115,,,,,2,,0,Clemson,SC,1,221,,,,-5.0,"34,21","34,31",-145,114,-1.5,-120,-110,158.5,-110,-110
ncaab:401604109,ncaab,2024-01-06T17:00Z,final,97,221,Louisville,Pitt,70,83,310,-397,,0,225,-280,8.5,-106,-113,,,,,2,,0,Louisville,KY,1,142,,,,-5.0,"34,36","40,43",205,-270,4.5,-114,-110,144.5,-108,-112
ncaab:401607610,ncaab,2024-01-06T17:00Z,final,2428,47,NC Central,Howard,73,54,,,,0,,,,,,,,,,2,,0,Durham,NC,1,123,,,,-5.0,"35,38","25,29",,,,,,,,
ncaab:401597109,ncaab,2024-01-06T17:30Z,final,57,96,Florida,Kentucky,85,87,-167,140,,0,-118,-102,-3.5,-110,-110,,,,,2,,0,Gainesville,FL,1,54,,,,-5.0,"45,40","37,50",-150,120,-1.5,-110,-110,170.5,-110,-110
ncaab:401581181,ncaab,2024-01-06T18:00Z,final,2378,2803,UMBC,Bryant,67,81,210,-262,,0,184,-225,6.5,-110,-110,,,,,2,,0,Baltimore,MD,1,10,,,,-5.0,"36,31","33,48",163,-210,3.5,-117,-108,173.5,-110,-110
ncaab:401587681,ncaab,2024-01-06T18:00Z,final,2174,270,Detroit Mercy,Milwaukee,61,84,280,-365,,0,210,-265,7.5,-111,-109,,,,,2,,0,Detroit,MI,1,183,,,,-5.0,"28,33","37,47",197,-255,4.5,-111,-114,150.5,-112,-110
ncaab:401587682,ncaab,2024-01-06T18:00Z,final,2870,2750,Purdue FW,Wright St,98,106,-135,114,,0,-137,114,-2.0,-112,-108,,,,,2,,0,Fort Wayne,IN,1,247,,,,-5.0,"40,58","51,55",-135,105,-1.0,-114,-110,164.5,-109,-111
ncaab:401587896,ncaab,2024-01-06T18:00Z,final,2643,2535,The Citadel,Samford,64,80,310,-395,,0,175,-210,8.5,-109,-111,,,,,2,,0,Charleston,SC,1,6,,,,-5.0,"25,39","31,49",182,-240,4.0,-112,-112,152.5,-110,-111
ncaab:401587898,ncaab,2024-01-06T18:00Z,final,2678,2382,VMI,Mercer,64,86,180,-218,,0,205,-260,5.0,-106,-114,,,,,2,,0,Lexington,VA,1,324,,,,-5.0,"28,36","48,38",145,-190,3.0,-114,-110,142.0,-112,-108
ncaab:401589387,ncaab,2024-01-06T18:00Z,final,2681,2598,Wagner,Saint Francis,71,56,,,,0,,,,,,,,,,2,,0,Staten Island,NY,1,21,,,,-5.0,"37,34","23,33",,,,,,,,
ncaab:401597114,ncaab,2024-01-06T18:00Z,final,142,61,Missouri,Georgia,68,75,-218,180,,0,-154,128,-5.0,-110,-110,,,,,2,,0,Columbia,MO,1,215,,,,-6.0,"38,30","40,35",-184,140,-2.5,-115,-115,150.5,-107,-110
ncaab:401597967,ncaab,2024-01-06T18:00Z,final,104,322,Boston U,Lafayette,51,59,-221,182,,0,-260,210,-5.0,-105,-112,,,,,2,,0,Boston,MA,1,14,,,,-5.0,"26,25","21,38",-190,145,-3.0,-109,-116,127.5,-115,-110
ncaab:401598632,ncaab,2024-01-06T18:00Z,final,2426,2142,Navy,Colgate,72,80,265,-335,,0,190,-240,7.5,-108,-112,,,,,2,,0,Annapolis,MD,1,12,,,,-5.0,"38,34","31,49",160,-210,3.5,-112,-112,133.0,-110,-111
ncaab:401599478,ncaab,2024-01-06T18:00Z,final,222,2599,Villanova,St John's,71,81,,,,0,,,,,,,,,,2,,0,Villanova,PA,1,121,,,,-5.0,"28,43","34,47",,,,,,,,
ncaab:401600087,ncaab,2024-01-06T18:00Z,final,349,107,Army,Holy Cross,70,57,-258,210,,0,-225,176,-5.5,-111,-109,,,,,2,,0,West Point,NY,1,47,,,,-5.0,"23,47","19,38",-207,159,-3.5,-111,-115,125.5,-110,-110
ncaab:401579013,ncaab,2024-01-06T19:00Z,final,2837,2377,East Texas A&M,McNeese,67,73,519,-747,,0,350,-450,11.5,-110,-110,,,,,2,,0,Commerce,TX,1,169,,,,-6.0,"36,31","28,45",260,-360,6.5,-114,-110,135.0,-111,-108
ncaab:401581180,ncaab,2024-01-06T19:00Z,final,2885,399,NJIT,UAlbany,73,79,,,,0,,,,,,,,,,2,,0,Newark,NJ,1,9,,,,-5.0,"35,38","34,45",,,,,,,,
ncaab:401581182,ncaab,2024-01-06T19:00Z,final,261,311,Vermont,Maine,65,58,-524,390,,0,-350,260,-10.5,-112,-108,,,,,2,,0,Burlington,VT,1,61,,,,-5.0,"26,39","30,28",-298,220,-5.5,-112,-112,133.5,-110,-110
ncaab:401581747,ncaab,2024-01-06T19:00Z,final,163,108,Princeton,Harvard,89,58,-1200,750,,0,-1450,810,-13.5,-110,-110,,,,,2,,0,Princeton,NJ,1,62,,,,-5.0,"41,48","32,26",-600,375,-8.0,-113,-111,143.5,-110,-110
ncaab:401588620,ncaab,2024-01-06T19:00Z,final,195,2459,Ohio,N Illinois,78,66,-275,222,,0,-270,220,-6.0,-107,-112,,,,,2,,0,Athens,OH,1,219,,,,-5.0,"32,46","35,31",-212,162,-3.0,-114,-110,154.5,-111,-109
ncaab:401588621,ncaab,2024-01-06T19:00Z,final,2050,2117,Ball State,C Michigan,65,71,,,,0,,,,,,,,,,2,,0,Muncie,IN,1,284,,,,-5.0,"29,36","31,40",,,,,,,,
ncaab:401588625,ncaab,2024-01-06T19:00Z,final,2084,2711,Buffalo,W Michigan,77,82,,,,0,,,,,,,,,,2,,0,Buffalo,NY,1,183,,,,-5.0,"32,45","34,48",,,,,,,,
ncaab:401589366,ncaab,2024-01-06T19:00Z,final,219,159,Penn,Dartmouth,80,51,-332,260,,0,-450,350,-7.0,-108,-111,,,,,2,,0,Philadelphia,PA,1,12,,,,-5.0,"47,33","24,27",-251,182,-4.0,-111,-114,134.5,-110,-110
ncaab:401589450,ncaab,2024-01-06T19:00Z,final,284,112358,Stonehill,Long Island,68,73,,,,0,,,,,,,,,,2,,0,South Easton,MA,1,33,,,,-5.0,"31,37","36,37",,,,,,,,
ncaab:401589503,ncaab,2024-01-06T19:00Z,final,161,2330,FDU,Le Moyne,63,74,,,,0,,,,,,,,,,2,,0,Hackensack,NJ,1,6,,,,-5.0,"34,29","33,41",,,,,,,,
ncaab:401594486,ncaab,2024-01-06T19:00Z,final,2083,44,Bucknell,American,63,71,-105,-114,,0,-105,-115,1.0,-111,-109,,,,,2,,0,Lewisburg,PA,1,144,,,,-5.0,"20,43","28,43",-115,-115,0.5,-114,-110,132.5,-105,-115
ncaab:401596823,ncaab,2024-01-06T19:00Z,final,2244,139,George Mason,Saint Louis,79,67,-450,345,,0,-260,210,-9.5,-109,-111,,,,,2,,0,Fairfax,VA,1,131,,,,-5.0,"39,40","30,37",-315,230,-5.0,-112,-112,143.5,-115,-105
ncaab:401597113,ncaab,2024-01-06T19:00Z,final,8,2,Arkansas,Auburn,51,83,120,-145,,0,140,-170,2.5,-110,-110,,,,,2,,0,Fayetteville,AR,1,427,,,,-6.0,"30,21","37,46",110,-138,1.5,-120,-105,156.5,-110,-110
ncaab:401599475,ncaab,2024-01-06T19:00Z,final,156,2507,Creighton,Providence,69,60,-700,475,,0,-610,440,-11.5,-109,-111,,,,,2,,0,Omaha,NE,1,323,,,,-6.0,"37,32","30,30",-400,280,-6.0,-120,-110,139.5,-110,-111
ncaab:401599991,ncaab,2024-01-06T19:00Z,final,56,294,Stetson,Jacksonville,71,55,-360,285,,0,-240,190,-7.5,-110,-110,,,,,2,,0,DeLand,FL,1,12,,,,-5.0,"27,44","24,31",-250,190,-4.0,-117,-108,146.5,-105,-114
ncaab:401600626,ncaab,2024-01-06T19:00Z,final,2261,2097,Hampton,Campbell,69,80,-166,140,,0,-122,102,-3.5,-110,-110,,,,,2,,0,Hampton,VA,1,1,,,,-5.0,"40,29","37,43",-152,120,-2.0,-110,-115,141.0,-110,-110
ncaab:401600628,ncaab,2024-01-06T19:00Z,final,2275,48,Hofstra,Delaware,76,71,-230,190,,0,-184,152,-6.0,-110,-110,,,,,2,,0,Hempstead,NY,1,17,,,,-5.0,"44,32","32,39",-205,157,-3.0,-117,-108,143.5,-108,-110
ncaab:401600649,ncaab,2024-01-06T19:00Z,final,2729,2182,William & Mary,Drexel,55,77,252,-320,,0,210,-258,7.0,-110,-110,,,,,2,,0,Williamsburg,VA,1,25,,,,-5.0,"27,28","33,44",180,-234,3.5,-112,-112,137.5,-110,-110
ncaab:401600651,ncaab,2024-01-06T19:00Z,final,119,350,Towson,UNC Wilmington,67,64,-101,-117,,0,-105,-114,1.5,-112,-107,,,,,2,,0,Towson,MD,1,141,,,,-5.0,"35,32","33,31",-110,-115,0.5,-116,-109,130.0,-110,-107
ncaab:401601218,ncaab,2024-01-06T19:00Z,final,2272,2241,High Point,Gardner-Webb,85,76,-337,264,,0,-225,185,-7.5,-112,-108,,,,,2,,0,High Point,NC,1,281,,,,-5.0,"39,46","37,39",-260,195,-4.0,-115,-110,150.5,-110,-110
ncaab:401601219,ncaab,2024-01-06T19:00Z,final,2506,2427,Presbyterian,UNC Asheville,80,84,170,-205,,0,150,-180,5.0,-110,-110,,,,,2,,0,Clinton,SC,1,76,,,,-5.0,"35,45","45,39",137,-177,2.5,-116,-109,144.5,-106,-110
ncaab:401601828,ncaab,2024-01-06T19:00Z,final,339,93,Evansville,Murray St,59,81,-114,-102,,0,-144,118,-1.5,-107,-112,,,,,2,,0,Evansville,IN,1,118,,,,-6.0,"20,39","31,50",-115,-115,-0.5,-110,-115,149.5,-110,-110
ncaab:401602063,ncaab,2024-01-06T19:00Z,final,249,2655,North Texas,Tulane,70,56,-148,124,,0,-245,198,-2.5,-110,-110,,,,,2,,0,Denton,TX,1,201,,,,-6.0,"38,32","28,28",-145,115,-1.5,-110,-115,143.5,-111,-108
ncaab:401603399,ncaab,2024-01-06T19:00Z,final,248,277,Houston,West Virginia,89,55,-2997,1348,,0,-4500,1600,-20.0,-111,-109,,,,,2,,0,Houston,TX,1,12,,,,-6.0,"48,41","22,33",-1400,700,-12.0,-116,-109,134.5,-110,-110
ncaab:401603400,ncaab,2024-01-06T19:00Z,final,2305,2628,Kansas,TCU,83,81,-450,340,,0,-580,420,-9.5,-110,-110,,,,,2,,0,Lawrence,KS,1,263,,,,-6.0,"41,42","40,41",-300,230,-5.0,-115,-115,152.5,-111,-109
ncaab:401604111,ncaab,2024-01-06T19:00Z,final,152,258,NC State,Virginia,76,60,,,,0,,,,,,,,,,2,,0,Raleigh,NC,1,96,,,,-5.0,"35,41","28,32",,,,,,,,
ncaab:401600314,ncaab,2024-01-06T19:15Z,final,275,158,Wisconsin,Nebraska,88,72,-255,205,,0,-315,250,-6.0,-110,-110,,,,,2,,0,Madison,WI,1,267,,,,-6.0,"51,37","38,34",-210,164,-3.0,-115,-115,143.5,-112,-108
ncaab:401604112,ncaab,2024-01-06T19:15Z,final,154,2390,Wake Forest,Miami,86,82,-194,162,,0,-192,158,-4.5,-112,-107,,,,,2,,0,Winston-Salem,NC,1,293,,,,-5.0,"44,29,13","37,36,9",-175,135,-1.5,-114,-106,159.5,-110,-110
ncaab:401574061,ncaab,2024-01-06T20:00Z,final,2617,250,SF Austin,UT Arlington,92,73,,,,0,,,,,,,,,,2,,0,Nacogdoches,TX,1,92,,,,-6.0,"37,55","27,46",,,,,,,,
ncaab:401581613,ncaab,2024-01-06T20:00Z,final,2032,295,Arkansas St,Old Dominion,90,75,-421,329,,0,-500,375,-9.5,-111,-108,,,,,2,,0,Jonesboro,AR,1,99,,,,-6.0,"48,42","39,36",-332,235,-5.5,-110,-115,150.5,-113,-108
ncaab:401581644,ncaab,2024-01-06T20:00Z,final,2433,290,UL Monroe,GA Southern,68,76,,,,0,,,,,,,,,,2,,0,Monroe,LA,1,23,,,,-6.0,"29,39","38,38",,,,,,,,
ncaab:401581669,ncaab,2024-01-06T20:00Z,final,2572,256,Southern Miss,James Madison,81,71,250,-310,,0,255,-320,7.5,-115,-105,,,,,2,,0,Hattiesburg,MS,1,52,,,,-6.0,"44,37","35,36",182,-235,4.0,-109,-116,157.0,-108,-111
ncaab:401584369,ncaab,2024-01-06T20:00Z,final,2464,155,N Arizona,North Dakota,74,73,-144,120,,0,-127,105,-2.5,-110,-110,,,,,2,,0,Flagstaff,AZ,1,2104,,,,-7.0,"31,43","41,32",-145,112,-1.0,-114,-112,142.5,-110,-110
ncaab:401587680,ncaab,2024-01-06T20:00Z,final,2473,2739,Oakland,Green Bay,79,73,-352,280,,0,-290,225,-8.0,-110,-110,,,,,2,,0,Rochester,MI,1,229,,,,-5.0,"30,49","28,45",-244,180,-4.0,-115,-110,142.0,-111,-109
ncaab:401589482,ncaab,2024-01-06T20:00Z,final,2771,2529,Merrimack,Sacred Heart,82,58,-180,150,,0,-210,168,-4.5,-108,-112,,,,,2,,0,North Andover,MA,1,29,,,,-5.0,"41,41","26,32",-175,137,-2.5,-110,-115,134.0,-108,-112
ncaab:401601217,ncaab,2024-01-06T20:00Z,final,2344,2127,Longwood,Charleston So,77,56,-1499,850,,0,-2000,920,-15.5,-108,-112,,,,,2,,0,Farmville,VA,1,90,,,,-5.0,"34,43","22,34",-720,450,-8.5,-118,-107,134.5,-110,-110
ncaab:401602064,ncaab,2024-01-06T20:00Z,final,242,2636,Rice,UTSA,82,89,-417,325,,0,-340,260,-10.0,-106,-113,,,,,2,,0,Houston,TX,1,12,,,,-6.0,"41,36,5","38,39,12",-299,225,-4.5,-111,-113,154.0,-108,-111
ncaab:401603403,ncaab,2024-01-06T20:00Z,final,197,239,Oklahoma St,Baylor,70,75,176,-217,,0,190,-235,4.5,-106,-115,,,,,2,,0,Stillwater,OK,1,273,,,,-6.0,"27,33,10","31,29,15",134,-168,2.5,-118,-110,147.5,-110,-111
ncaab:401583820,ncaab,2024-01-06T20:30Z,final,2296,2016,Jackson St,Alcorn St,88,80,-325,250,,0,-340,260,-7.0,-110,-110,,,,,2,,0,Jackson,MS,1,85,,,,-6.0,"44,44","39,41",-250,190,-4.0,-114,-112,152.0,-110,-110
ncaab:401588623,ncaab,2024-01-06T20:30Z,final,2199,2309,E Michigan,Kent State,71,69,,,,0,,,,,,,,,,2,,0,Ypsilanti,MI,1,219,,,,-5.0,"26,40,5","38,28,3",,,,,,,,
ncaab:401597112,ncaab,2024-01-06T20:30Z,final,238,333,Vanderbilt,Alabama,75,78,674,-1048,,0,800,-1400,13.5,-108,-112,,,,,2,,0,Nashville,TN,1,170,,,,-6.0,"36,39","40,38",350,-520,7.5,-115,-115,158.0,-117,-110
ncaab:401587265,ncaab,2024-01-06T20:45Z,final,2413,2634,Morehead St,Tennessee St,78,68,-430,330,,0,-520,370,-9.0,-111,-109,,,,,2,,0,Morehead,KY,1,153,,,,-6.0,"42,36","31,37",-299,225,-5.0,-114,-110,142.5,-112,-108
ncaab:401573486,ncaab,2024-01-06T21:00Z,final,300,302,UC Irvine,UC Davis,74,71,-455,350,,0,-550,390,-9.0,-111,-109,,,,,2,,0,Irvine,CA,1,17,,,,-8.0,"31,31,12","32,30,9",-332,235,-5.0,-115,-110,141.0,-109,-111
ncaab:401574059,ncaab,2024-01-06T21:00Z,final,3084,253,Utah Valley,Southern Utah,80,62,-290,235,,0,-290,225,-6.5,-112,-107,,,,,2,,0,Orem,UT,1,1455,,,,-7.0,"35,45","38,24",-234,177,-4.0,-112,-112,147.5,-110,-110
ncaab:401575336,ncaab,2024-01-06T21:00Z,final,91,288,Bellarmine,Lipscomb,70,81,140,-168,,0,147,-178,3.5,-107,-112,,,,,2,,0,Louisville,KY,1,142,,,,-5.0,"28,42","39,42",114,-145,2.0,-112,-113,146.0,-108,-112
ncaab:401581657,ncaab,2024-01-06T21:00Z,final,6,2247,South Alabama,Georgia St,76,90,-185,154,,0,-225,180,-4.0,-108,-112,,,,,2,,0,Mobile,AL,1,3,,,,-6.0,"40,36","42,48",-187,142,-2.0,-120,-106,145.5,-110,-110
ncaab:401587894,ncaab,2024-01-06T21:00Z,final,2717,2747,W Carolina,Wofford,70,66,,,,0,,,,,,,,,,2,,0,Cullowhee,NC,1,645,,,,-5.0,"34,36","26,40",,,,,,,,
ncaab:401587897,ncaab,2024-01-06T21:00Z,final,2430,2193,UNC Greensboro,ETSU,70,54,,,,0,,,,,,,,,,2,,0,Greensboro,NC,1,266,,,,-5.0,"33,37","31,23",,,,,,,,
ncaab:401589739,ncaab,2024-01-06T21:00Z,final,2169,2154,Delaware St,Coppin St,55,53,-637,450,,0,-700,470,-11.0,-112,-107,,,,,2,,0,Dover,DE,1,9,,,,-5.0,"27,28","21,32",-345,250,-6.5,-111,-113,130.0,-111,-111
ncaab:401594405,ncaab,2024-01-06T21:00Z,final,2569,2450,SC State,Norfolk St,72,79,,,,0,,,,,,,,,,2,,0,Orangeburg,SC,1,74,,,,-5.0,"30,42","40,39",,,,,,,,
ncaab:401596824,ncaab,2024-01-06T21:00Z,final,2670,45,VCU,G Washington,82,84,,,,0,,,,,,,,,,2,,0,Richmond,VA,1,64,,,,-5.0,"35,47","33,51",,,,,,,,
ncaab:401596825,ncaab,2024-01-06T21:00Z,final,257,179,Richmond,St Bonaventure,65,54,,,,0,,,,,,,,,,2,,0,Richmond,VA,1,64,,,,-5.0,"28,37","23,31",,,,,,,,
ncaab:401596826,ncaab,2024-01-06T21:00Z,final,2350,2184,Loyola Chicago,Duquesne,72,67,-106,-113,,0,-110,-110,1.5,-116,-104,,,,,2,,0,Chicago,IL,1,179,,,,-6.0,"36,36","40,27",-115,-115,0.5,-117,-108,143.0,-112,-108
ncaab:401597302,ncaab,2024-01-06T21:00Z,final,21,2439,San Diego St,UNLV,72,61,-400,310,,0,-670,470,-8.5,-110,-110,,,,,2,,0,San Diego,CA,1,20,,,,-8.0,"35,37","25,36",-280,215,-4.5,-115,-115,139.0,-105,-110
ncaab:401601827,ncaab,2024-01-06T21:00Z,final,71,2623,Bradley,Missouri St,86,60,-192,160,,0,-205,168,-4.5,-110,-110,,,,,2,,0,Peoria,IL,1,153,,,,-6.0,"42,44","28,32",-180,140,-2.5,-110,-115,140.5,-102,-114
ncaab:401602062,ncaab,2024-01-06T21:00Z,final,2429,2226,Charlotte,FAU,70,68,,,,0,,,,,,,,,,2,,0,Charlotte,NC,1,229,,,,-5.0,"41,29","26,42",,,,,,,,
ncaab:401604107,ncaab,2024-01-06T21:00Z,final,52,259,Florida St,Virginia Tech,77,74,-105,-115,,0,-108,-111,1.0,-110,-110,,,,,2,,0,Tallahassee,FL,1,62,,,,-5.0,"27,50","30,44",-110,-115,0.0,-115,-115,145.0,-111,-108
ncaab:401604108,ncaab,2024-01-06T21:00Z,final,59,103,Georgia Tech,Boston College,87,95,-142,120,,0,-118,-102,-2.5,-109,-111,,,,,2,,0,Atlanta,GA,1,320,,,,-5.0,"51,36","38,57",-140,110,-1.5,-110,-120,146.5,-106,-112
ncaab:401604792,ncaab,2024-01-06T21:00Z,final,2546,2064,SE Missouri,Bethel (TN),71,61,,,,0,,,,,,,,,,2,,0,Cape Girardeau,MO,1,108,,,,-6.0,"37,34","36,25",,,,,,,,
ncaab:401607369,ncaab,2024-01-06T21:00Z,final,30,24,USC,Stanford,93,79,-194,160,,0,-154,128,-4.5,-105,-114,,,,,2,,0,Los Angeles,CA,1,89,,,,-8.0,"39,54","35,44",-190,145,-2.5,-120,-110,153.5,-110,-110
ncaab:401601220,ncaab,2024-01-06T21:15Z,final,2908,2737,SC Upstate,Winthrop,80,82,215,-265,,0,194,-245,6.5,-115,-105,,,,,2,,0,Spartanburg,SC,1,246,,,,-5.0,"29,42,9","36,35,11",160,-210,3.5,-112,-109,140.5,-110,-110
ncaab:401604795,ncaab,2024-01-06T21:25Z,final,2379,2415,MD Eastern,Morgan St,75,74,,,,0,,,,,,,,,,2,,0,Princess Anne,MD,1,5,,,,-5.0,"32,43","34,40",,,,,,,,
ncaab:401574627,ncaab,2024-01-06T21:30Z,final,2065,50,Bethune,Florida A&M,98,86,-218,180,,0,-188,152,-4.5,-112,-107,,,,,2,,0,Daytona Beach,FL,1,4,,,,-5.0,"54,44","33,53",-200,154,-2.5,-111,-113,140.5,-111,-110
ncaab:401578964,ncaab,2024-01-06T21:30Z,final,2277,2447,Hou Christian,Nicholls,94,98,,,,0,,,,,,,,,,2,,0,Houston,TX,1,12,,,,-6.0,"42,42,10","37,47,14",,,,,,,,
ncaab:401581495,ncaab,2024-01-06T21:30Z,final,2653,2026,Troy,App State,66,62,,,,0,,,,,,,,,,2,,0,Troy,AL,1,165,,,,-6.0,"23,43","26,36",,,,,,,,
ncaab:401587263,ncaab,2024-01-06T21:30Z,final,2031,2197,Little Rock,E Illinois,88,90,,,,0,,,,,,,,,,2,,0,Little Rock,AR,1,102,,,,-6.0,"48,40","41,49",,,,,,,,
ncaab:401587264,ncaab,2024-01-06T21:30Z,final,2710,2815,W Illinois,Lindenwood,68,57,,,,0,,,,,,,,,,2,,0,Macomb,IL,1,215,,,,-6.0,"34,34","28,29",,,,,,,,
ncaab:401573584,ncaab,2024-01-06T22:00Z,final,55,2229,Jax State,FIU,70,63,,,,0,,,,,,,,,,2,,0,Jacksonville,AL,1,216,,,,-6.0,"40,30","28,35",,,,,,,,
ncaab:401574510,ncaab,2024-01-06T22:00Z,final,338,2511,Kennesaw St,Queens,80,77,-390,305,,0,-550,390,-8.0,-110,-110,,,,,2,,0,Kennesaw,GA,1,332,,,,-5.0,"38,42","34,43",-270,200,-4.5,-112,-112,176.5,-107,-110
ncaab:401581698,ncaab,2024-01-06T22:00Z,final,326,276,Texas St,Marshall,75,79,107,-127,,0,102,-124,2.0,-110,-110,,,,,2,,0,San Marcos,TX,1,188,,,,-6.0,"40,35","37,42",-102,-130,1.0,-112,-112,142.5,-111,-108
ncaab:401593978,ncaab,2024-01-06T22:00Z,final,331,2449,E Washington,N Dakota St,91,83,,,,0,,,,,,,,,,2,,0,Cheney,WA,1,717,,,,-8.0,"43,48","32,51",,,,,,,,
ncaab:401594509,ncaab,2024-01-06T22:00Z,final,2352,2329,Loyola MD,Lehigh,76,88,120,-142,,0,111,-134,2.5,-109,-111,,,,,2,,0,Baltimore,MD,1,10,,,,-5.0,"39,37","34,54",-100,-130,1.0,-112,-112,140.5,-110,-110
ncaab:401579041,ncaab,2024-01-06T22:15Z,final,2443,2545,LSU N Orleans,SE Louisiana,68,73,,,,0,,,,,,,,,,2,,0,New Orleans,LA,1,0,,,,-6.0,"36,32","36,37",,,,,,,,
ncaab:401580035,ncaab,2024-01-06T22:15Z,final,2571,147,S Dakota St,Montana St,89,61,,,,0,,,,,,,,,,2,,0,Brookings,SD,1,494,,,,-6.0,"49,40","26,35",,,,,,,,
ncaab:401573582,ncaab,2024-01-06T22:30Z,final,2534,2348,Sam Houston,Louisiana Tech,81,77,225,-279,,0,220,-280,6.5,-108,-112,,,,,2,,0,Huntsville,TX,1,113,,,,-6.0,"43,38","40,37",182,-244,3.5,-114,-110,137.5,-109,-111
ncaab:401598022,ncaab,2024-01-06T22:30Z,final,2755,2504,Grambling,Prairie View,69,63,-168,140,,0,-149,124,-3.5,-110,-110,,,,,2,,0,Grambling,LA,1,93,,,,-6.0,"25,44","21,42",-150,120,-1.5,-110,-114,137.5,-110,-110
ncaab:401573583,ncaab,2024-01-06T23:00Z,final,98,2335,Western KY,Liberty,70,68,136,-163,,0,140,-170,3.5,-110,-110,,,,,2,,0,Bowling Green,KY,1,161,,,,-6.0,"34,36","33,35",115,-150,1.5,-112,-113,145.0,-110,-109
ncaab:401574057,ncaab,2024-01-06T23:00Z,final,2547,2856,Seattle U,CA Baptist,48,46,,,,0,,,,,,,,,,2,,0,Seattle,WA,1,56,,,,-8.0,"20,28","31,15",,,,,,,,
ncaab:401574060,ncaab,2024-01-06T23:00Z,final,2000,292,Abilene Chrstn,UT Rio Grande,91,89,,,,0,,,,,,,,,,2,,0,Abilene,TX,1,524,,,,-6.0,"40,40,11","44,36,9",,,,,,,,
ncaab:401597110,ncaab,2024-01-06T23:00Z,final,2633,145,Tennessee,Ole Miss,90,64,-800,550,,0,-720,500,-11.5,-112,-107,,,,,2,,0,Knoxville,TN,1,276,,,,-5.0,"40,50","31,33",-450,300,-6.5,-120,-105,138.5,-109,-110
ncaab:401600980,ncaab,2024-01-06T23:00Z,final,2916,357,Incarnate Word,Texas A&M-CC,65,75,110,-133,,0,110,-134,2.0,-108,-112,,,,,2,,0,San Antonio,TX,1,198,,,,-6.0,"29,36","38,37",-105,-125,1.0,-107,-117,149.5,-107,-112
ncaab:401603401,ncaab,2024-01-06T23:00Z,final,2306,2116,Kansas St,UCF,77,52,-205,168,,0,-182,150,-5.5,-109,-111,,,,,2,,0,Manhattan,KS,1,311,,,,-6.0,"35,42","19,33",-180,142,-2.5,-120,-110,140.0,-110,-110
ncaab:401603402,ncaab,2024-01-06T23:00Z,final,201,66,Oklahoma,Iowa State,71,63,-146,122,,0,-164,136,-2.5,-115,-106,,,,,2,,0,Norman,OK,1,357,,,,-6.0,"32,39","26,37",-145,114,-1.5,-110,-115,140.0,-114,-106
ncaab:401604110,ncaab,2024-01-06T23:00Z,final,87,150,Notre Dame,Duke,59,67,774,-1225,,0,570,-850,14.5,-111,-109,,,,,2,,0,South Bend,IN,1,211,,,,-5.0,"27,32","29,38",380,-630,8.5,-120,-110,133.5,-110,-110
ncaab:401607463,ncaab,2024-01-06T23:00Z,final,264,204,Washington,Oregon St,79,72,-900,590,,0,-1600,860,-12.5,-110,-110,,,,,2,,0,Seattle,WA,1,56,,,,-8.0,"38,41","33,39",-500,333,-7.0,-115,-115,144.5,-115,-105
ncaab:401600101,ncaab,2024-01-06T23:30Z,final,2029,2010,AR-Pine Bluff,Alabama A&M,62,63,,,,0,,,,,,,,,,2,,0,Pine Bluff,AR,1,67,,,,-6.0,"30,32","28,35",,,,,,,,
ncaab:401600627,ncaab,2024-01-06T23:30Z,final,2619,232,Stony Brook,Charleston,87,93,215,-267,,0,210,-265,6.5,-111,-109,,,,,2,,0,Stony Brook,NY,1,27,,,,-5.0,"45,42","38,55",164,-223,3.5,-115,-110,152.5,-110,-111
ncaab:401603000,ncaab,2024-01-06T23:30Z,final,2582,2640,Southern,Texas Southern,58,51,-205,165,,0,-225,180,-4.5,-110,-110,,,,,2,,0,Baton Rouge,LA,1,14,,,,-6.0,"24,34","26,25",-190,145,-2.0,-119,-107,143.5,-110,-109
ncaab:401573488,ncaab,2024-01-07T00:00Z,final,299,27,Long Beach St,UC Riverside,83,75,-312,245,,0,-400,300,-7.0,-110,-110,,,,,2,,0,Long Beach,CA,1,9,,,,-8.0,"35,48","34,41",-256,190,-4.0,-116,-109,154.5,-111,-112
ncaab:401574192,ncaab,2024-01-07T00:00Z,final,2198,2046,E Kentucky,Austin Peay,69,59,,,,0,,,,,,,,,,2,,0,Richmond,KY,1,289,,,,-5.0,"35,34","29,30",,,,,,,,
ncaab:401574524,ncaab,2024-01-07T00:00Z,final,526,2454,FGCU,North Florida,58,78,,,,0,,,,,,,,,,2,,0,Fort Myers,FL,1,3,,,,-5.0,"24,34","47,31",,,,,,,,
ncaab:401579067,ncaab,2024-01-07T00:00Z,final,2320,2466,Lamar,N'Western St,90,70,,,,0,,,,,,,,,,2,,0,Beaumont,TX,1,5,,,,-6.0,"39,51","33,37",,,,,,,,
ncaab:401587895,ncaab,2024-01-07T00:00Z,final,236,231,Chattanooga,Furman,73,58,-125,105,,0,-144,118,-1.5,-109,-111,,,,,2,,0,Chattanooga,TN,1,206,,,,-5.0,"43,30","20,38",-125,-105,-0.5,-118,-106,156.5,-107,-112
ncaab:401600650,ncaab,2024-01-07T00:00Z,final,2210,2448,Elon,NC A&T,77,59,,,,0,,,,,,,,,,2,,0,Elon,NC,1,215,,,,-5.0,"32,45","29,30",,,,,,,,
ncaab:401600807,ncaab,2024-01-07T00:00Z,final,278,2440,Fresno St,Nevada,57,72,250,-312,,0,300,-400,7.0,-111,-109,,,,,2,,0,Fresno,CA,1,94,,,,-8.0,"32,25","36,36",164,-223,3.5,-110,-115,138.0,-110,-110
ncaab:401601830,ncaab,2024-01-07T00:00Z,final,2287,79,Illinois St,S Illinois,64,71,,,,0,,,,,,,,,,2,,0,Normal,IL,1,244,,,,-6.0,"29,35","31,40",,,,,,,,
ncaab:401600127,ncaab,2024-01-07T00:30Z,final,2400,2011,Miss Valley St,Alabama St,51,54,,,,0,,,,,,,,,,2,,0,Itta Bena,MS,1,40,,,,-6.0,"22,29","21,33",,,,,,,,
ncaab:401573490,ncaab,2024-01-07T01:00Z,final,2463,62,CSU Northridge,Hawai'i,76,66,,,,0,,,,,,,,,,2,,0,Northridge,CA,1,246,,,,-8.0,"37,39","37,29",,,,,,,,
ncaab:401580036,ncaab,2024-01-07T01:00Z,final,2900,16,St Thomas,Sacramento St,63,50,,,,0,,,,,,,,,,2,,0,Saint Paul,MN,1,242,,,,-6.0,"36,27","22,28",,,,,,,,
ncaab:401580037,ncaab,2024-01-07T01:00Z,final,198,2692,Oral Roberts,Weber St,78,83,122,-146,,0,142,-172,2.5,-110,-110,,,,,2,,0,Tulsa,OK,1,220,,,,-6.0,"38,40","38,45",108,-135,1.0,-108,-117,145.0,-107,-110
ncaab:401580038,ncaab,2024-01-07T01:00Z,final,2458,2172,N Colorado,Denver,86,82,-185,152,,0,-162,130,-4.0,-110,-110,,,,,2,,0,Greeley,CO,1,1425,,,,-7.0,"51,35","34,48",-170,130,-2.0,-115,-110,167.0,-112,-108
ncaab:401580039,ncaab,2024-01-07T01:00Z,final,140,2502,Kansas City,Portland St,83,67,120,-142,,0,120,-145,2.5,-110,-110,,,,,2,,0,Kansas City,MO,1,274,,,,-6.0,"48,35","28,39",105,-135,1.0,-111,-115,140.5,-112,-108
ncaab:401581630,ncaab,2024-01-07T01:00Z,final,309,324,Louisiana,Coastal,85,77,-575,425,,0,-650,440,-10.0,-112,-108,,,,,2,,0,Lafayette,LA,1,11,,,,-6.0,"40,45","36,41",-345,250,-5.5,-112,-112,148.5,-108,-112
ncaab:401581823,ncaab,2024-01-07T01:00Z,final,304,2437,Idaho St,Omaha,63,62,-146,122,,0,-128,104,-2.5,-105,-115,,,,,2,,0,Pocatello,ID,1,1360,,,,-7.0,"29,34","29,33",-147,112,-1.0,-117,-108,138.5,-110,-112
ncaab:401589668,ncaab,2024-01-07T01:00Z,final,2501,279,Portland,Pacific,78,64,-562,417,,0,-574,415,-10.5,-110,-110,,,,,2,,0,Portland,OR,1,12,,,,-8.0,"33,45","30,34",-340,235,-5.5,-112,-110,149.5,-112,-107
ncaab:401600315,ncaab,2024-01-07T01:00Z,final,84,194,Indiana,Ohio State,71,65,-102,-118,,0,104,-125,1.5,-109,-111,,,,,2,,0,Bloomington,IN,1,235,,,,-5.0,"37,34","38,27",-110,-118,0.0,-120,-110,148.0,-110,-110
ncaab:401601829,ncaab,2024-01-07T01:00Z,final,82,2674,UIC,Valparaiso,70,64,-800,550,,0,-1200,650,-12.5,-110,-110,,,,,2,,0,Chicago,IL,1,179,,,,-6.0,"42,28","36,28",-451,304,-6.5,-120,-106,138.0,-115,-105
ncaab:401603404,ncaab,2024-01-07T01:00Z,final,251,2641,Texas,Texas Tech,67,78,-300,240,,0,-192,158,-6.5,-110,-110,,,,,2,,0,Austin,TX,1,149,,,,-6.0,"33,34","37,41",-230,176,-3.5,-113,-112,140.5,-115,-110
ncaab:401607370,ncaab,2024-01-07T01:00Z,final,12,254,Arizona,Utah,92,73,-950,625,,0,-520,385,-12.5,-107,-112,,,,,2,,0,Tucson,AZ,1,759,,,,-7.0,"42,50","39,34",-500,340,-7.5,-105,-120,165.0,-112,-110
ncaab:401607371,ncaab,2024-01-07T01:00Z,final,9,38,Arizona St,Colorado,76,73,127,-152,,0,146,-178,3.0,-110,-110,,,,,2,,0,Tempe,AZ,1,360,,,,-7.0,"44,32","38,35",112,-140,1.5,-110,-120,146.0,-108,-112
ncaab:401574423,ncaab,2024-01-07T01:15Z,final,2453,2110,North Alabama,C Arkansas,81,84,,,,0,,,,,,,,,,2,,0,Florence,AL,1,167,,,,-6.0,"28,53","46,38",,,,,,,,
ncaab:401587266,ncaab,2024-01-07T01:30Z,final,88,2635,S Indiana,Tennessee Tech,59,73,,,,0,,,,,,,,,,2,,0,Evansville,IN,1,118,,,,-6.0,"22,37","30,43",,,,,,,,
ncaab:401597111,ncaab,2024-01-07T01:30Z,final,245,99,Texas A&M,LSU,53,68,-750,520,,0,-950,610,-11.5,-110,-110,,,,,2,,0,College Station,TX,1,103,,,,-6.0,"32,21","30,38",-450,320,-6.5,-115,-110,146.5,-111,-112
ncaab:401573487,ncaab,2024-01-07T02:00Z,final,2239,28,Fullerton,UC San Diego,58,76,120,-143,,0,-112,-108,2.5,-110,-110,,,,,2,,0,Fullerton,CA,1,50,,,,-8.0,"26,32","40,36",105,-137,1.5,-115,-111,136.0,-110,-110
ncaab:401574058,ncaab,2024-01-07T02:00Z,final,3101,2253,Utah Tech,Grand Canyon,65,75,650,-1000,,0,680,-1200,13.0,-110,-110,,,,,2,,0,St. George,UT,1,823,,,,-7.0,"37,28","27,48",312,-437,7.5,-115,-110,148.5,-109,-110
ncaab:401580034,ncaab,2024-01-07T02:00Z,final,149,233,Montana,South Dakota,82,63,-900,600,,0,-455,350,-12.5,-110,-110,,,,,2,,0,Missoula,MT,1,978,,,,-7.0,"36,46","24,39",-460,310,-7.5,-108,-117,153.0,-112,-106
ncaab:401589667,ncaab,2024-01-07T02:00Z,final,2250,301,Gonzaga,San Diego,101,74,-4180,1576,,0,-4500,1300,-23.5,-112,-108,,,,,2,,0,Spokane,WA,1,571,,,,-8.0,"55,46","35,39",-2368,924,-13.5,-110,-115,157.0,-110,-110
ncaab:401589669,ncaab,2024-01-07T02:00Z,final,2351,2608,LMU,Saint Mary's,64,68,,,,0,,,,,,,,,,2,,0,Los Angeles,CA,1,89,,,,-8.0,"31,33","35,33",,,,,,,,
ncaab:401600793,ncaab,2024-01-07T02:00Z,final,328,36,Utah State,Colorado St,77,72,-147,122,,0,-114,-105,-2.5,-110,-110,,,,,2,,0,Logan,UT,1,1382,,,,-7.0,"28,49","32,40",-140,106,-1.5,-115,-115,150.0,-110,-110
ncaab:401573489,ncaab,2024-01-07T03:00Z,final,13,2540,Cal Poly,Santa Barbara,52,61,225,-280,,0,250,-320,6.5,-110,-110,,,,,2,,0,San Luis Obispo,CA,1,71,,,,-8.0,"24,28","32,29",176,-225,4.0,-112,-112,138.5,-110,-110
ncaab:401589670,ncaab,2024-01-07T03:00Z,final,2492,2541,Pepperdine,Santa Clara,72,78,125,-152,,0,136,-164,2.5,-106,-113,,,,,2,,0,Malibu,CA,1,32,,,,-8.0,"31,41","33,45",110,-140,1.5,-119,-107,149.5,-112,-110
ncaab:401602992,ncaab,2024-01-07T03:00Z,final,167,2751,New Mexico,Wyoming,77,60,-1779,974,,0,-2800,1160,-16.5,-112,-108,,,,,2,,0,Albuquerque,NM,1,1511,,,,-7.0,"39,38","22,38",-820,500,-9.5,-111,-113,154.5,-107,-110
ncaab:401603398,ncaab,2024-01-07T03:00Z,final,252,2132,BYU,Cincinnati,60,71,-500,375,,0,-580,420,-10.0,-112,-107,,,,,2,,0,Provo,UT,1,1387,,,,-7.0,"31,29","24,47",-340,240,-5.5,-110,-115,153.5,-111,-106
ncaab:401607372,ncaab,2024-01-07T03:00Z,final,26,25,UCLA,California,57,66,-272,220,,0,-360,280,-6.5,-110,-110,,,,,2,,0,Los Angeles,CA,1,89,,,,-8.0,"23,34","32,34",-215,165,-3.5,-115,-115,136.0,-110,-110
ncaab:401607447,ncaab,2024-01-07T03:00Z,final,265,2483,Washington St,Oregon,84,89,-130,110,,0,-118,-102,-1.5,-110,-110,,,,,2,,0,Pullman,WA,1,717,,,,-8.0,"41,43","46,43",-128,105,-0.5,-114,-115,139.5,-110,-110
ncaab:401600319,ncaab,2024-01-07T17:00Z,final,213,130,Penn State,Michigan,79,73,130,-155,,1,146,-178,3.0,-110,-110,,,,,2,,0,Philadelphia,PA,1,12,,,,-5.0,"27,52","37,36",120,-150,1.5,-115,-115,154.0,-110,-110
ncaab:401594311,ncaab,2024-01-07T18:00Z,final,314,315,Iona,Niagara,73,75,-450,350,,0,-550,400,-10.0,-112,-108,,,,,2,,0,New Rochelle,NY,1,26,,,,-5.0,"37,36","35,40",-330,240,-5.5,-112,-112,140.5,-112,-110
ncaab:401596827,ncaab,2024-01-07T18:00Z,final,2168,113,Dayton,UMass,64,60,,,,0,,,,,,,,,,2,,0,Dayton,OH,1,225,,,,-5.0,"38,26","29,31",,,,,,,,
ncaab:401602067,ncaab,2024-01-07T18:00Z,final,218,2724,Temple,Wichita St,68,61,-105,-115,,0,104,-125,1.5,-110,-110,,,,,2,,0,Philadelphia,PA,1,12,,,,-5.0,"36,32","27,34",-110,-120,0.5,-115,-105,148.5,-110,-115
ncaab:401587683,ncaab,2024-01-07T18:30Z,final,2754,85,Youngstown St,IU Indy,75,65,-1799,1050,,0,-3500,1280,-17.5,-114,-106,,,,,2,,0,Youngstown,OH,1,259,,,,-5.0,"31,44","32,33",-950,560,-10.0,-116,-109,146.5,-110,-110
ncaab:401594258,ncaab,2024-01-07T19:00Z,final,2520,2099,Rider,Canisius,79,76,-110,-110,,0,-108,-111,0.0,-110,-110,,,,,2,,0,Lawrenceville,NJ,1,37,,,,-5.0,"31,34,14","25,40,11",-120,-110,0.5,-119,-107,147.5,-110,-110
ncaab:401594292,ncaab,2024-01-07T19:00Z,final,2217,2368,Fairfield,Marist,82,61,-135,114,,0,-142,118,-2.0,-115,-105,,,,,2,,0,Fairfield,CT,1,4,,,,-8.0,"43,39","25,36",-128,-105,-1.0,-116,-109,134.0,-112,-108
ncaab:401594351,ncaab,2024-01-07T19:00Z,final,2612,116,Saint Peter's,Mount St Marys,70,64,,,,0,,,,,,,,,,2,,0,Jersey City,NJ,1,9,,,,-5.0,"29,41","31,33",,,,,,,,
ncaab:401594373,ncaab,2024-01-07T19:00Z,final,2514,2363,Quinnipiac,Manhattan,76,59,-530,390,,0,-530,390,-9.5,-110,-110,,,,,2,,0,Hamden,CT,1,31,,,,-5.0,"42,34","27,32",-330,240,-5.5,-110,-115,150.5,-110,-108
ncaab:401600247,ncaab,2024-01-07T20:00Z,final,2638,2130,UTEP,Chicago St,74,69,-550,400,,0,-630,450,-10.5,-110,-110,,,,,2,,0,El Paso,TX,1,1133,,,,-7.0,"37,37","32,37",-362,263,-5.5,-125,-102,132.5,-110,-110
ncaab:401601831,ncaab,2024-01-07T20:00Z,final,2057,2181,Belmont,Drake,87,65,185,-225,,0,138,-166,5.5,-110,-110,,,,,2,,0,Nashville,TN,1,170,,,,-6.0,"42,45","29,36",140,-180,2.5,-110,-120,154.5,-110,-110
ncaab:401601832,ncaab,2024-01-07T20:00Z,final,2460,282,Northern Iowa,Indiana St,66,77,120,-142,,0,-100,-120,2.5,-106,-114,,,,,2,,0,Cedar Falls,IA,1,268,,,,-6.0,"27,39","44,33",-105,-135,1.0,-108,-117,156.5,-110,-110
ncaab:401602065,ncaab,2024-01-07T20:00Z,final,151,202,East Carolina,Tulsa,62,57,-230,188,,0,-154,128,-5.5,-110,-110,,,,,2,,0,Greenville,NC,1,18,,,,-5.0,"29,33","32,25",-200,150,-2.5,-120,-106,143.5,-110,-105
ncaab:401602068,ncaab,2024-01-07T20:00Z,final,5,58,UAB,South Florida,75,71,-178,146,,0,-128,106,-4.0,-110,-110,,,,,2,,0,Birmingham,AL,1,187,,,,-6.0,"36,39","35,36",-180,140,-2.0,-116,-109,151.5,-110,-110
ncaab:401587684,ncaab,2024-01-07T21:00Z,final,325,94,Cleveland St,N Kentucky,88,85,-198,164,,0,-215,176,-4.5,-110,-110,,,,,2,,0,Cleveland,OH,1,199,,,,-5.0,"30,44,14","24,50,11",-180,140,-2.5,-108,-117,147.0,-110,-110
ncaab:401602066,ncaab,2024-01-07T22:00Z,final,235,2567,Memphis,SMU,62,59,,,,0,,,,,,,,,,2,,0,Memphis,TN,1,78,,,,-6.0,"24,38","36,23",,,,,,,,
ncaab:401600317,ncaab,2024-01-07T22:30Z,final,135,120,Minnesota,Maryland,65,62,-125,105,,0,-134,112,-1.5,-110,-110,,,,,2,,0,Minneapolis,MN,1,253,,,,-6.0,"22,43","29,33",-125,-105,-0.5,-110,-115,135.5,-110,-110
ncaab:401600318,ncaab,2024-01-08T00:42Z,final,77,127,Northwestern,Michigan St,88,74,136,-162,,0,128,-154,3.0,-110,-110,,,,,2,,0,Evanston,IL,1,187,,,,-6.0,"46,42","31,43",115,-148,1.5,-115,-110,136.0,-108,-110
ncaab:401579042,ncaab,2024-01-08T19:00Z,final,2443,2837,LSU N Orleans,East Texas A&M,88,85,,,,0,,,,,,,,,,2,,0,New Orleans,LA,1,0,,,,-6.0,"37,51","33,52",,,,,,,,
ncaab:401600652,ncaab,2024-01-09T00:00Z,final,2405,111,Monmouth,Northeastern,81,62,-138,115,,0,-164,136,-2.5,-110,-110,,,,,2,,0,West Long Branch,NJ,1,9,,,,-5.0,"44,37","33,29",-140,108,-1.0,-115,-111,139.0,-112,-110
ncaab:401579014,ncaab,2024-01-09T00:30Z,final,2466,2377,N'Western St,McNeese,59,68,,,,0,,,,,,,,,,2,,0,Natchitoches,LA,1,36,,,,-6.0,"26,33","31,37",,,,,,,,
ncaab:401589740,ncaab,2024-01-09T00:30Z,final,2154,2379,Coppin St,MD Eastern,58,55,,,,0,,,,,,,,,,2,,0,Baltimore,MD,1,10,,,,-5.0,"21,24,13","23,22,10",,,,,,,,
ncaab:401594406,ncaab,2024-01-09T00:30Z,final,2428,2450,NC Central,Norfolk St,60,58,,,,0,,,,,,,,,,2,,0,Durham,NC,1,123,,,,-5.0,"29,31","35,23",,,,,,,,
ncaab:401598023,ncaab,2024-01-09T00:30Z,final,2582,2504,Southern,Prairie View,79,58,-238,195,,0,-260,205,-5.5,-105,-115,,,,,2,,0,Baton Rouge,LA,1,14,,,,-6.0,"41,38","34,24",-197,154,-3.5,-108,-117,145.5,-110,-110
ncaab:401604425,ncaab,2024-01-09T00:30Z,final,2415,2169,Morgan St,Delaware St,66,78,124,-148,,0,105,-126,2.5,-107,-112,,,,,2,,0,Baltimore,MD,1,10,,,,-5.0,"29,37","41,37",105,-133,1.0,-110,-115,146.0,-110,-110
ncaab:401606728,ncaab,2024-01-09T00:30Z,final,2569,47,SC State,Howard,78,82,,,,0,,,,,,,,,,2,,0,Orangeburg,SC,1,74,,,,-5.0,"30,48","23,59",,,,,,,,
ncaab:401578965,ncaab,2024-01-09T01:00Z,final,357,2277,Texas A&M-CC,Hou Christian,81,59,,,,0,,,,,,,,,,2,,0,Corpus Christi,TX,1,2,,,,-6.0,"36,45","23,36",,,,,,,,
ncaab:401581794,ncaab,2024-01-09T01:00Z,final,2320,2916,Lamar,Incarnate Word,75,59,-297,237,,0,-315,250,-6.5,-110,-110,,,,,2,,0,Beaumont,TX,1,5,,,,-6.0,"37,38","18,41",-235,180,-3.5,-112,-109,156.5,-110,-111
ncaab:401600102,ncaab,2024-01-09T01:30Z,final,2400,2010,Miss Valley St,Alabama A&M,70,78,,,,0,,,,,,,,,,2,,0,Itta Bena,MS,1,40,,,,-6.0,"31,39","40,38",,,,,,,,
ncaab:401600126,ncaab,2024-01-09T01:30Z,final,2029,2011,AR-Pine Bluff,Alabama St,72,83,,,,0,,,,,,,,,,2,,0,Pine Bluff,AR,1,67,,,,-6.0,"37,35","37,46",,,,,,,,
ncaab:401603001,ncaab,2024-01-09T01:30Z,final,2755,2640,Grambling,Texas Southern,52,54,-107,-112,,0,-111,-108,1.0,-112,-107,,,,,2,,0,Grambling,LA,1,93,,,,-6.0,"27,25","21,33",-116,-110,0.5,-117,-107,131.5,-110,-110
ncaab:401591561,ncaab,2024-01-09T23:00Z,final,172,171,Cornell,Columbia,91,79,-880,580,,0,-720,500,-12.5,-110,-110,,,,,2,,0,Ithaca,NY,1,125,,,,-5.0,"48,43","44,35",-369,255,-6.5,-108,-112,168.5,-115,-105
ncaab:401599480,ncaab,2024-01-09T23:30Z,final,46,2550,Georgetown,Seton Hall,70,74,225,-310,,0,198,-245,7.5,-125,-104,,,,,2,,0,Washington,DC,1,7,,,,-5.0,"31,39","39,35",176,-232,3.5,-110,-110,138.5,-114,-114
ncaab:401577667,ncaab,2024-01-10T00:00Z,final,225,43,Brown,Yale,70,80,225,-282,,0,250,-315,6.5,-110,-110,,,,,2,,0,Providence,RI,1,2,,,,-5.0,"31,39","44,36",171,-222,3.5,-112,-108,136.5,-115,-107
ncaab:401588626,ncaab,2024-01-10T00:00Z,final,189,195,Bowling Green,Ohio,83,78,-105,-114,,0,-110,-110,0.5,-107,-112,,,,,2,,0,Bowling Green,OH,1,212,,,,-5.0,"38,45","35,43",-110,-120,0.5,-114,-106,152.5,-110,-110
ncaab:401588627,ncaab,2024-01-10T00:00Z,final,2084,193,Buffalo,Miami OH,65,86,-137,114,,0,-118,-104,-2.0,-114,-107,,,,,2,,0,Buffalo,NY,1,183,,,,-5.0,"36,29","38,48",-140,110,-0.5,-118,-104,144.5,-106,-112
ncaab:401588628,ncaab,2024-01-10T00:00Z,final,2309,2649,Kent State,Toledo,75,89,-170,142,,0,-176,146,-3.5,-112,-107,,,,,2,,0,Kent,OH,1,325,,,,-5.0,"29,46","43,46",-155,120,-1.5,-110,-110,152.5,-110,-110
ncaab:401588629,ncaab,2024-01-10T00:00Z,final,2711,2459,W Michigan,N Illinois,95,90,,,,0,,,,,,,,,,2,,0,Kalamazoo,MI,1,239,,,,-5.0,"33,46,16","48,31,11",,,,,,,,
ncaab:401588630,ncaab,2024-01-10T00:00Z,final,2050,2006,Ball State,Akron,76,80,252,-320,,0,270,-355,7.5,-114,-106,,,,,2,,0,Muncie,IN,1,284,,,,-5.0,"35,41","33,47",165,-225,3.5,-108,-112,137.5,-114,-108
ncaab:401588631,ncaab,2024-01-10T00:00Z,final,2199,2117,E Michigan,C Michigan,64,80,,,,0,,,,,,,,,,2,,0,Ypsilanti,MI,1,219,,,,-5.0,"31,33","33,47",,,,,,,,
ncaab:401596828,ncaab,2024-01-10T00:00Z,final,2244,2670,George Mason,VCU,50,54,-184,150,,0,-164,136,-4.5,-106,-115,,,,,2,,0,Fairfax,VA,1,131,,,,-5.0,"27,23","30,24",-160,124,-1.5,-115,-105,140.0,-112,-107
ncaab:401596830,ncaab,2024-01-10T00:00Z,final,2166,227,Davidson,Rhode Island,74,79,-220,178,,0,-235,190,-5.5,-106,-114,,,,,2,,0,Davidson,NC,1,256,,,,-5.0,"34,40","38,41",-178,136,-2.5,-108,-112,143.5,-110,-110
ncaab:401597118,ncaab,2024-01-10T00:00Z,final,96,142,Kentucky,Missouri,90,77,-800,557,,0,-820,550,-11.5,-115,-106,,,,,2,,0,Lexington,KY,1,295,,,,-5.0,"47,43","42,35",-375,260,-6.5,-115,-104,159.5,-114,-107
ncaab:401597119,ncaab,2024-01-10T00:00Z,final,333,2579,Alabama,South Carolina,74,47,-797,547,,0,-670,470,-12.5,-110,-110,,,,,2,,0,Tuscaloosa,AL,1,68,,,,-6.0,"30,44","29,18",-400,275,-7.5,-104,-118,152.5,-110,-110
ncaab:401600320,ncaab,2024-01-10T00:00Z,final,164,84,Rutgers,Indiana,66,57,-170,140,,0,-154,128,-3.5,-110,-110,,,,,2,,0,Piscataway,NJ,1,30,,,,-5.0,"30,36","27,30",-156,124,-1.5,-114,-106,140.5,-110,-110
ncaab:401603406,ncaab,2024-01-10T00:00Z,final,2132,251,Cincinnati,Texas,73,74,-200,164,,0,-162,132,-4.5,-114,-106,,,,,2,,0,Cincinnati,OH,1,191,,,,-5.0,"39,34","41,33",-172,135,-2.5,-104,-118,145.5,-115,-110
ncaab:401603407,ncaab,2024-01-10T00:00Z,final,66,248,Iowa State,Houston,57,53,115,-145,,0,128,-154,2.5,-115,-110,,,,,2,,0,Ames,IA,1,287,,,,-6.0,"31,26","21,32",,,,,,129.5,-120,-110
ncaab:401603409,ncaab,2024-01-10T00:00Z,final,277,2306,West Virginia,Kansas St,67,81,112,-134,,0,134,-162,2.5,-112,-108,,,,,2,,0,Morgantown,WV,1,271,,,,-5.0,"42,25","40,41",-105,-125,0.5,-105,-115,141.0,-110,-110
ncaab:401604113,ncaab,2024-01-10T00:00Z,final,52,154,Florida St,Wake Forest,87,82,128,-154,,0,125,-150,3.5,-115,-106,,,,,2,,0,Tallahassee,FL,1,62,,,,-5.0,"42,45","41,41",105,-140,1.5,-114,-106,149.5,-110,-114
ncaab:401579055,ncaab,2024-01-10T00:30Z,final,2447,2545,Nicholls,SE Louisiana,66,61,,,,0,,,,,,,,,,2,,0,Thibodaux,LA,1,4,,,,-6.0,"32,34","26,35",,,,,,,,
ncaab:401596829,ncaab,2024-01-10T01:00Z,final,2350,257,Loyola Chicago,Richmond,56,58,-142,118,,0,-140,116,-2.5,-110,-110,,,,,2,,0,Chicago,IL,1,179,,,,-6.0,"23,33","23,35",-147,114,-0.5,-120,-102,138.5,-105,-115
ncaab:401603408,ncaab,2024-01-10T01:00Z,final,2641,197,Texas Tech,Oklahoma St,90,73,-387,300,,0,-520,385,-8.5,-110,-110,,,,,2,,0,Lubbock,TX,1,976,,,,-6.0,"40,50","31,42",-282,215,-4.5,-108,-112,135.0,-110,-110
ncaab:401597117,ncaab,2024-01-10T02:00Z,final,99,238,LSU,Vanderbilt,77,69,-392,305,,0,-630,450,-8.5,-108,-112,,,,,2,,0,Baton Rouge,LA,1,14,,,,-6.0,"30,47","28,41",-275,200,-4.5,-110,-110,143.5,-114,-108
ncaab:401599479,ncaab,2024-01-10T02:00Z,final,305,156,DePaul,Creighton,58,84,938,-1779,,0,980,-2000,15.5,-110,-110,,,,,2,,0,Chicago,IL,1,179,,,,-6.0,"30,28","47,37",400,-625,9.5,-106,-114,142.5,-114,-108
ncaab:401600321,ncaab,2024-01-10T02:00Z,final,158,2509,Nebraska,Purdue,88,72,265,-345,,0,255,-320,7.5,-110,-110,,,,,2,,0,Lincoln,NE,1,367,,,,-6.0,"41,47","30,42",175,-250,4.5,-118,-104,151.5,-110,-110
ncaab:401600794,ncaab,2024-01-10T02:00Z,final,328,2751,Utah State,Wyoming,83,59,-1600,880,,0,-1800,920,-15.0,-112,-107,,,,,2,,0,Logan,UT,1,1382,,,,-7.0,"35,48","33,26",-650,415,-9.5,-110,-110,149.5,-115,-107
ncaab:401602972,ncaab,2024-01-10T02:00Z,final,68,36,Boise St,Colorado St,65,58,111,-134,,0,104,-125,1.5,-110,-110,,,,,2,,0,Boise,ID,1,823,,,,-7.0,"28,37","21,37",-101,-126,0.5,-108,-112,145.5,-110,-110
ncaab:401603405,ncaab,2024-01-10T02:00Z,final,239,252,Baylor,BYU,81,72,-192,158,,0,-142,118,-4.5,-110,-110,,,,,2,,0,Waco,TX,1,143,,,,-6.0,"33,48","39,33",-168,134,-2.5,-104,-118,154.5,-114,-110
ncaab:401597116,ncaab,2024-01-10T02:10Z,final,2,245,Auburn,Texas A&M,66,55,-287,230,,0,-360,280,-6.5,-111,-109,,,,,2,,0,Auburn,AL,1,215,,,,-6.0,"30,36","22,33",-225,165,-4.5,104,-128,147.5,-115,-107
ncaab:401604114,ncaab,2024-01-10T02:10Z,final,59,87,Georgia Tech,Notre Dame,68,75,-275,220,,0,-255,205,-6.5,-110,-110,,,,,2,,0,Atlanta,GA,1,320,,,,-5.0,"29,37,2","31,35,9",-210,160,-3.5,-105,-115,134.0,-110,-110
ncaab:401604115,ncaab,2024-01-10T02:10Z,final,221,150,Pitt,Duke,53,75,180,-220,,0,168,-205,5.0,-110,-110,,,,,2,,0,Pittsburgh,PA,1,233,,,,-5.0,"23,30","48,27",,,,,,146.5,-108,-110
ncaab:401594444,ncaab,2024-01-10T03:00Z,final,2440,2005,Nevada,Air Force,67,54,-1450,810,,0,-2100,1000,-14.5,-109,-111,,,,,2,,0,Reno,NV,1,1373,,,,-8.0,"30,37","24,30",-660,419,-8.5,-102,-120,132.5,-108,-112
ncaab:401597303,ncaab,2024-01-10T03:30Z,final,2439,167,UNLV,New Mexico,83,73,110,-132,,0,114,-137,2.5,-112,-107,,,,,2,,0,Las Vegas,NV,1,610,,,,-8.0,"40,43","38,35",-105,-130,0.5,-105,-115,151.5,-110,-110
ncaab:401597936,ncaab,2024-01-10T04:00Z,final,23,21,San José St,San Diego St,78,81,422,-580,,0,440,-610,10.5,-116,-104,,,,,2,,0,San Jose,CA,1,26,,,,-8.0,"41,37","42,39",230,-350,5.5,-108,-112,138.5,-107,-115
ncaab:401587686,ncaab,2024-01-10T17:00Z,final,85,2739,IU Indy,Green Bay,58,68,300,-375,,0,175,-210,8.5,-115,-105,,,,,2,,0,Indianapolis,IN,1,218,,,,-5.0,"29,29","29,39",200,-275,4.5,-112,-112,134.0,-110,-110
ncaab:401594510,ncaab,2024-01-10T23:00Z,final,349,2352,Army,Loyola MD,65,71,-184,152,,0,-192,158,-4.0,-110,-110,,,,,2,,0,West Point,NY,1,47,,,,-5.0,"39,26","31,40",-170,136,-2.0,-116,-107,124.5,-115,-105
ncaab:401587685,ncaab,2024-01-10T23:30Z,final,2754,2870,Youngstown St,Purdue FW,93,85,-162,136,,0,-152,126,-3.5,-110,-110,,,,,2,,0,Youngstown,OH,1,259,,,,-5.0,"45,48","30,55",-160,124,-1.5,-112,-112,155.0,-115,-110
ncaab:401599482,ncaab,2024-01-10T23:30Z,final,2599,2507,St John's,Providence,75,73,,,,0,,,,,,,,,,2,,0,New York,NY,1,10,,,,-5.0,"40,35","29,44",,,,,,,,
ncaab:401600322,ncaab,2024-01-10T23:30Z,final,213,77,Penn State,Northwestern,72,76,104,-125,,0,102,-122,1.5,-110,-110,,,,,2,,0,University Park,PA,1,348,,,,-5.0,"40,32","32,44",-105,-120,0.5,-115,-108,143.5,-110,-110
ncaab:401573586,ncaab,2024-01-11T00:00Z,final,2335,55,Liberty,Jax State,51,61,,,,0,,,,,,,,,,2,,0,Lynchburg,VA,1,192,,,,-5.0,"21,30","26,35",,,,,,,,
ncaab:401574511,ncaab,2024-01-11T00:00Z,final,338,56,Kennesaw St,Stetson,88,70,-192,160,,0,-145,120,-4.5,-112,-110,,,,,2,,0,Kennesaw,GA,1,332,,,,-5.0,"44,44","35,35",-180,140,-2.0,-119,-107,159.0,-110,-110
ncaab:401574536,ncaab,2024-01-11T00:00Z,final,2511,526,Queens,FGCU,78,75,,,,0,,,,,,,,,,2,,0,Charlotte,NC,1,229,,,,-5.0,"35,43","35,40",,,,,,,,
ncaab:401581645,ncaab,2024-01-11T00:00Z,final,276,290,Marshall,GA Southern,79,74,,,,0,,,,,,,,,,2,,0,Huntington,WV,1,173,,,,-5.0,"34,45","36,38",,,,,,,,
ncaab:401587232,ncaab,2024-01-11T00:00Z,final,161,2130,FDU,Chicago St,74,75,,,,0,,,,,,,,,,2,,0,Hackensack,NJ,1,6,,,,-5.0,"36,38","42,33",,,,,,,,
ncaab:401587687,ncaab,2024-01-11T00:00Z,final,2473,94,Oakland,N Kentucky,70,65,-258,210,,0,-192,154,-6.0,-108,-112,,,,,2,,0,Rochester,MI,1,229,,,,-5.0,"24,34,12","29,29,7",-205,157,-3.0,-114,-110,147.5,-110,-110
ncaab:401587688,ncaab,2024-01-11T00:00Z,final,2523,2750,Robert Morris,Wright St,76,101,180,-218,,0,210,-265,5.0,-112,-108,,,,,2,,0,Moon Township,PA,1,358,,,,-5.0,"37,39","58,43",135,-180,2.5,-112,-112,157.5,-110,-112
ncaab:401587899,ncaab,2024-01-11T00:00Z,final,231,2643,Furman,The Citadel,82,68,-625,450,,0,-420,320,-11.0,-110,-110,,,,,2,,0,Greenville,SC,1,307,,,,-5.0,"44,38","36,32",-347,250,-6.5,-111,-113,150.5,-110,-110
ncaab:401587900,ncaab,2024-01-11T00:00Z,final,2193,2717,ETSU,W Carolina,66,80,,,,0,,,,,,,,,,2,,0,Johnson City,TN,1,498,,,,-5.0,"31,35","44,36",,,,,,,,
ncaab:401587901,ncaab,2024-01-11T00:00Z,final,2747,2382,Wofford,Mercer,74,73,-205,170,,0,-210,168,-4.5,-108,-112,,,,,2,,0,Spartanburg,SC,1,246,,,,-5.0,"40,34","37,36",-195,147,-2.5,-109,-116,143.5,-108,-112
ncaab:401594487,ncaab,2024-01-11T00:00Z,final,2329,2083,Lehigh,Bucknell,80,86,-255,205,,0,-355,270,-4.5,-110,-110,,,,,2,,0,Bethlehem,PA,1,109,,,,-5.0,"30,50","47,39",-195,150,-3.0,-117,-107,138.5,-110,-110
ncaab:401596831,ncaab,2024-01-11T00:00Z,final,139,2603,Saint Louis,Saint Joseph's,88,85,136,-162,,0,184,-225,3.0,-110,-110,,,,,2,,0,St. Louis,MO,1,142,,,,-6.0,"33,55","43,42",115,-154,2.0,-110,-114,150.0,-108,-112
ncaab:401596832,ncaab,2024-01-11T00:00Z,final,113,2325,UMass,La Salle,81,65,,,,0,,,,,,,,,,2,,0,Amherst,MA,1,82,,,,-5.0,"32,49","31,34",,,,,,,,
ncaab:401597122,ncaab,2024-01-11T00:00Z,final,344,2633,Mississippi St,Tennessee,77,72,112,-134,,0,114,-137,2.0,-110,-110,,,,,2,,0,Starkville,MS,1,101,,,,-6.0,"35,42","22,50",104,-130,1.0,-115,-115,138.0,-108,-110
ncaab:401597385,ncaab,2024-01-11T00:00Z,final,104,44,Boston U,American,72,68,-122,102,,0,-110,-110,-1.5,-110,-110,,,,,2,,0,Boston,MA,1,14,,,,-5.0,"26,46","26,42",-125,-105,-0.5,-110,-114,132.5,-112,-110
ncaab:401598591,ncaab,2024-01-11T00:00Z,final,107,2426,Holy Cross,Navy,70,80,150,-180,,0,134,-164,3.5,-110,-110,,,,,2,,0,Worcester,MA,1,147,,,,-5.0,"30,40","29,51",114,-145,2.0,-113,-112,134.5,-110,-108
ncaab:401598636,ncaab,2024-01-11T00:00Z,final,2142,322,Colgate,Lafayette,64,69,-1499,850,,0,-1099,700,-14.0,-110,-110,,,,,2,,0,Hamilton,NY,1,181,,,,-5.0,"22,42","31,38",-475,325,-7.5,-120,-105,130.5,-110,-110
ncaab:401601221,ncaab,2024-01-11T00:00Z,final,2241,2127,Gardner-Webb,Charleston So,74,86,-900,600,,0,-900,570,-12.5,-108,-112,,,,,2,,0,Boiling Springs,NC,1,269,,,,-5.0,"30,44","39,47",-445,310,-7.5,-112,-112,143.5,-110,-110
ncaab:401601222,ncaab,2024-01-11T00:00Z,final,2272,2427,High Point,UNC Asheville,84,79,-278,225,,0,-290,225,-6.5,-110,-110,,,,,2,,0,High Point,NC,1,281,,,,-5.0,"40,44","37,42",-220,170,-3.5,-109,-116,153.5,-110,-105
ncaab:401601224,ncaab,2024-01-11T00:00Z,final,2506,2737,Presbyterian,Winthrop,71,81,190,-230,,0,235,-300,5.0,-108,-112,,,,,2,,0,Clinton,SC,1,76,,,,-5.0,"34,37","43,38",140,-180,3.0,-115,-110,141.0,-110,-110
ncaab:401602069,ncaab,2024-01-11T00:00Z,final,2429,202,Charlotte,Tulsa,84,76,-325,260,,0,-340,260,-7.5,-108,-112,,,,,2,,0,Charlotte,NC,1,229,,,,-5.0,"42,42","25,51",-240,180,-4.0,-115,-108,133.5,-105,-110
ncaab:401602071,ncaab,2024-01-11T00:00Z,final,218,151,Temple,East Carolina,62,73,-122,102,,0,-150,122,-1.5,-108,-112,,,,,2,,0,Philadelphia,PA,1,12,,,,-5.0,"31,31","33,40",-120,-110,-0.5,-114,-111,141.5,-110,-110
ncaab:401603411,ncaab,2024-01-11T00:00Z,final,2116,2305,UCF,Kansas,65,60,250,-325,,0,220,-275,7.0,-110,-110,,,,,2,,0,Orlando,FL,1,30,,,,-5.0,"29,36","37,23",,,,,,145.5,-110,-110
ncaab:401604116,ncaab,2024-01-11T00:00Z,final,2390,97,Miami,Louisville,71,80,-1800,1000,,0,-2500,1100,-16.5,-110,-110,,,,,2,,0,Coral Gables,FL,1,3,,,,-5.0,"41,30","37,43",-810,500,-10.0,-115,-115,156.5,-110,-110
ncaab:401604119,ncaab,2024-01-11T00:00Z,final,259,228,Virginia Tech,Clemson,87,72,110,-130,,0,-100,-120,2.0,-110,-110,,,,,2,,0,Blacksburg,VA,1,633,,,,-5.0,"53,34","44,28",100,-130,1.0,-115,-115,144.5,-110,-110
ncaab:401573587,ncaab,2024-01-11T00:30Z,final,2534,98,Sam Houston,Western KY,78,74,-146,122,,0,-118,-104,-2.5,-108,-112,,,,,2,,0,Huntsville,TX,1,113,,,,-6.0,"36,42","30,44",-145,114,-1.5,-107,-116,156.5,-110,-110
ncaab:401601834,ncaab,2024-01-11T00:30Z,final,2057,2287,Belmont,Illinois St,67,60,-270,217,,0,-320,245,-6.5,-110,-110,,,,,2,,0,Nashville,TN,1,170,,,,-6.0,"34,33","34,26",-194,150,-3.0,-117,-105,149.0,-111,-109
ncaab:401601833,ncaab,2024-01-11T01:00Z,final,71,339,Bradley,Evansville,86,50,-1000,650,,0,-750,490,-13.0,-110,-110,,,,,2,,0,Peoria,IL,1,153,,,,-6.0,"41,45","26,24",-481,344,-7.5,-110,-110,143.5,-110,-112
ncaab:401601835,ncaab,2024-01-11T01:00Z,final,2181,282,Drake,Indiana St,89,78,-148,124,,0,-118,-104,-2.5,-110,-110,,,,,2,,0,Des Moines,IA,1,266,,,,-6.0,"43,46","43,35",-146,117,-1.0,-117,-103,154.5,-112,-108
ncaab:401601836,ncaab,2024-01-11T01:00Z,final,2623,93,Missouri St,Murray St,53,77,-225,185,,0,-192,152,-5.0,-110,-110,,,,,2,,0,Springfield,MO,1,396,,,,-6.0,"19,34","42,35",-191,147,-2.5,-112,-108,145.5,-120,100
ncaab:401601837,ncaab,2024-01-11T01:00Z,final,2460,82,Northern Iowa,UIC,67,59,-340,270,,0,-400,300,-7.5,-108,-112,,,,,2,,0,Cedar Falls,IA,1,268,,,,-6.0,"35,32","32,27",-254,184,-4.5,-105,-117,139.0,-110,-110
ncaab:401601838,ncaab,2024-01-11T01:00Z,final,2674,79,Valparaiso,S Illinois,68,77,,,,0,,,,,,,,,,2,,0,Valparaiso,IN,1,242,,,,-6.0,"24,44","44,33",,,,,,,,
ncaab:401602070,ncaab,2024-01-11T01:00Z,final,235,2636,Memphis,UTSA,107,101,-2800,1300,,0,-4500,1300,-19.0,-110,-110,,,,,2,,0,Memphis,TN,1,78,,,,-6.0,"35,59,13","37,57,7",-874,510,-12.0,-106,-116,160.0,-115,-105
ncaab:401604117,ncaab,2024-01-11T01:00Z,final,152,153,NC State,North Carolina,54,67,,,,0,,,,,,,,,,2,,0,Raleigh,NC,1,96,,,,-5.0,"28,26","30,37",,,,,,,,
ncaab:401581677,ncaab,2024-01-11T01:30Z,final,2653,309,Troy,Louisiana,79,73,-125,105,,0,-128,104,-1.5,-110,-110,,,,,2,,0,Troy,AL,1,165,,,,-6.0,"37,42","30,43",-137,112,-1.0,-115,-110,146.5,-110,-110
ncaab:401599483,ncaab,2024-01-11T01:30Z,final,2752,41,Xavier,UConn,75,80,,,,0,,,,,,,,,,2,,0,Cincinnati,OH,1,191,,,,-5.0,"38,37","42,38",,,,,,,,
ncaab:401600323,ncaab,2024-01-11T01:30Z,final,194,275,Ohio State,Wisconsin,60,71,-155,130,,0,-128,106,-3.0,-110,-110,,,,,2,,0,Columbus,OH,1,235,,,,-5.0,"33,27","35,36",-144,118,-1.5,-115,-112,137.0,-115,-105
ncaab:401597120,ncaab,2024-01-11T02:00Z,final,145,57,Ole Miss,Florida,103,85,120,-142,,0,102,-122,2.5,-110,-110,,,,,2,,0,Oxford,MS,1,154,,,,-6.0,"44,59","40,45",105,-135,1.0,-110,-115,156.5,-115,-110
ncaab:401597121,ncaab,2024-01-11T02:00Z,final,61,8,Georgia,Arkansas,76,66,-135,114,,0,-130,108,-2.0,-110,-110,,,,,2,,0,Athens,GA,1,228,,,,-5.0,"34,42","24,42",-135,105,-1.0,-110,-112,151.0,-110,-110
ncaab:401599481,ncaab,2024-01-11T02:00Z,final,269,2086,Marquette,Butler,62,69,-750,525,,0,-580,420,-11.5,-110,-110,,,,,2,,0,Milwaukee,WI,1,188,,,,-6.0,"35,27","28,41",-395,280,-6.5,-120,-102,154.5,-102,-110
ncaab:401603410,ncaab,2024-01-11T02:00Z,final,2628,201,TCU,Oklahoma,80,71,-205,170,,0,-166,138,-5.0,-112,-108,,,,,2,,0,Fort Worth,TX,1,199,,,,-6.0,"40,40","34,37",-175,138,-2.5,-120,-110,148.5,-110,-110
ncaab:401604118,ncaab,2024-01-11T02:00Z,final,183,103,Syracuse,Boston College,69,59,-185,154,,0,-178,146,-3.5,-110,-110,,,,,2,,0,Syracuse,NY,1,121,,,,-5.0,"32,37","22,37",-162,132,-2.0,-115,-115,154.0,-110,-110
ncaab:401607373,ncaab,2024-01-11T03:30Z,final,30,265,USC,Washington St,64,72,-290,230,,0,-230,188,-7.0,-110,-110,,,,,2,,0,Los Angeles,CA,1,89,,,,-8.0,"28,36","29,43",-215,170,-3.5,-108,-115,145.5,-110,-110
ncaab:401607374,ncaab,2024-01-11T04:00Z,final,25,38,California,Colorado,82,78,164,-200,,0,202,-250,4.5,-120,100,,,,,2,,0,Berkeley,CA,1,52,,,,-8.0,"26,56","40,38",130,-162,2.5,-110,-112,148.5,-115,-110
ncaab:401581185,ncaab,2024-01-11T23:00Z,final,311,160,Maine,New Hampshire,74,79,-145,120,,0,-140,115,-2.5,-110,-110,,,,,2,,0,Bangor,ME,1,36,,,,-5.0,"34,40","34,45",-127,102,-1.0,-116,-107,145.0,-108,-112
ncaab:401581187,ncaab,2024-01-11T23:30Z,final,2349,2885,UMass Lowell,NJIT,70,62,,,,0,,,,,,,,,,2,,0,Lowell,MA,1,36,,,,-5.0,"34,36","35,27",,,,,,,,
ncaab:401573588,ncaab,2024-01-12T00:00Z,final,2229,166,FIU,New Mexico St,77,67,,,,0,,,,,,,,,,2,,0,Miami,FL,1,2,,,,-5.0,"38,39","30,37",,,,,,,,
ncaab:401581184,ncaab,2024-01-12T00:00Z,final,2803,2066,Bryant,Binghamton,77,69,-325,257,,0,-375,285,-6.5,-115,-105,,,,,2,,0,Smithfield,RI,1,84,,,,-5.0,"42,35","23,46",-260,195,-4.5,-111,-109,154.5,-112,-110
ncaab:401581186,ncaab,2024-01-12T00:00Z,final,261,2378,Vermont,UMBC,77,72,-1895,1048,,0,-2500,1040,-17.5,-110,-110,,,,,2,,0,Burlington,VT,1,61,,,,-5.0,"45,32","32,40",-779,512,-10.5,-107,-113,155.0,-110,-110
ncaab:401581496,ncaab,2024-01-12T00:00Z,final,324,2026,Coastal,App State,45,70,,,,0,,,,,,,,,,2,,0,Conway,SC,1,10,,,,-5.0,"16,29","32,38",,,,,,,,
ncaab:401581658,ncaab,2024-01-12T00:00Z,final,2247,295,Georgia St,Old Dominion,77,70,-225,185,,0,-230,188,-5.5,-107,-112,,,,,2,,0,Atlanta,GA,1,320,,,,-5.0,"33,44","45,25",-185,146,-3.5,-110,-110,148.5,-110,-109
ncaab:401581670,ncaab,2024-01-12T00:00Z,final,256,6,James Madison,South Alabama,89,55,-900,600,,0,-880,580,-12.5,-110,-110,,,,,2,,0,Harrisonburg,VA,1,404,,,,-5.0,"41,48","29,26",-480,350,-7.5,-110,-110,155.5,-110,-110
ncaab:401587903,ncaab,2024-01-12T00:00Z,final,236,2678,Chattanooga,VMI,109,61,-1548,850,,0,-1350,800,-16.5,-110,-110,,,,,2,,0,Chattanooga,TN,1,206,,,,-5.0,"52,57","30,31",-668,445,-9.0,-114,-107,152.5,-111,-109
ncaab:401600324,ncaab,2024-01-12T00:00Z,final,120,130,Maryland,Michigan,64,57,-267,215,,0,-200,164,-6.5,-107,-112,,,,,2,,0,College Park,MD,1,21,,,,-5.0,"21,43","33,24",-210,170,-3.5,-110,-115,139.5,-110,-110
ncaab:401600653,ncaab,2024-01-12T00:00Z,final,2097,48,Campbell,Delaware,62,68,260,-335,,0,285,-360,7.5,-110,-110,,,,,2,,0,Buies Creek,NC,1,63,,,,-5.0,"31,31","28,40",190,-240,3.5,-105,-114,139.0,-108,-112
ncaab:401600654,ncaab,2024-01-12T00:00Z,final,2448,2182,NC A&T,Drexel,63,67,,,,0,,,,,,,,,,2,,0,Greensboro,NC,1,266,,,,-5.0,"29,34","35,32",,,,,,,,
ncaab:401600655,ncaab,2024-01-12T00:00Z,final,232,2210,Charleston,Elon,80,62,-1809,950,,0,-1650,950,-16.5,-110,-110,,,,,2,,0,Charleston,SC,1,6,,,,-5.0,"41,39","34,28",-724,468,-9.5,-110,-110,159.5,-108,-110
ncaab:401600656,ncaab,2024-01-12T00:00Z,final,111,2275,Northeastern,Hofstra,71,68,169,-205,,0,188,-230,4.5,-110,-110,,,,,2,,0,Boston,MA,1,14,,,,-5.0,"42,29","23,45",135,-175,2.5,-112,-108,142.5,-110,-110
ncaab:401600657,ncaab,2024-01-12T00:00Z,final,350,2405,UNC Wilmington,Monmouth,69,56,-410,320,,0,-375,300,-8.5,-110,-110,,,,,2,,0,Wilmington,NC,1,9,,,,-5.0,"32,37","28,28",-298,220,-5.0,-117,-105,144.0,-110,-110
ncaab:401600658,ncaab,2024-01-12T00:00Z,final,119,2619,Towson,Stony Brook,73,64,-225,182,,0,-245,194,-5.0,-113,-106,,,,,2,,0,Towson,MD,1,141,,,,-5.0,"33,27,13","28,32,4",-190,150,-2.5,-111,-108,128.5,-106,-110
ncaab:401600659,ncaab,2024-01-12T00:00Z,final,2261,2729,Hampton,William & Mary,61,73,105,-126,,0,-120,-102,1.5,-110,-110,,,,,2,,0,Hampton,VA,1,1,,,,-5.0,"32,29","31,42",-102,-122,0.5,-109,-111,150.5,-110,-110
ncaab:401602072,ncaab,2024-01-12T00:00Z,final,2655,2226,Tulane,FAU,84,85,,,,0,,,,,,,,,,2,,0,New Orleans,LA,1,0,,,,-6.0,"38,46","39,46",,,,,,,,
ncaab:401574062,ncaab,2024-01-12T00:30Z,final,292,2547,UT Rio Grande,Seattle U,81,80,,,,0,,,,,,,,,,2,,0,Edinburg,TX,1,30,,,,-6.0,"37,33,11","35,35,10",,,,,,,,
ncaab:401574065,ncaab,2024-01-12T01:00Z,final,250,3084,UT Arlington,Utah Valley,83,69,,,,0,,,,,,,,,,2,,0,Arlington,TX,1,184,,,,-6.0,"39,44","20,49",,,,,,,,
ncaab:401580040,ncaab,2024-01-12T01:00Z,final,198,233,Oral Roberts,South Dakota,84,66,-440,350,,0,-530,390,-9.0,-109,-111,,,,,2,,0,Tulsa,OK,1,220,,,,-6.0,"40,44","33,33",-290,225,-5.0,-116,-109,154.0,-107,-110
ncaab:401580041,ncaab,2024-01-12T01:00Z,final,2437,155,Omaha,North Dakota,79,61,-155,130,,0,-154,126,-3.0,-109,-111,,,,,2,,0,Omaha,NE,1,323,,,,-6.0,"41,38","34,27",-145,112,-1.5,-111,-113,142.5,-112,-110
ncaab:401580042,ncaab,2024-01-12T01:00Z,final,2900,2571,St Thomas,S Dakota St,80,81,,,,0,,,,,,,,,,2,,0,Saint Paul,MN,1,242,,,,-6.0,"30,50","39,42",,,,,,,,
ncaab:401580043,ncaab,2024-01-12T01:00Z,final,140,2449,Kansas City,N Dakota St,91,92,,,,0,,,,,,,,,,2,,0,Kansas City,MO,1,274,,,,-6.0,"31,42,6,12","36,37,6,13",,,,,,,,
ncaab:401587902,ncaab,2024-01-12T01:00Z,final,2535,2430,Samford,UNC Greensboro,79,70,-200,165,,0,-205,168,-4.5,-111,-109,,,,,2,,0,Homewood,AL,1,203,,,,-6.0,"40,39","27,43",-175,135,-2.0,-116,-109,151.5,-108,-115
ncaab:401574424,ncaab,2024-01-12T01:30Z,final,2110,2198,C Arkansas,E Kentucky,63,86,,,,0,,,,,,,,,,2,,0,Conway,AR,1,95,,,,-6.0,"25,38","42,44",,,,,,,,
ncaab:401581614,ncaab,2024-01-12T01:30Z,final,2032,326,Arkansas St,Texas St,85,82,-270,220,,0,-470,330,-5.5,-112,-108,,,,,2,,0,Jonesboro,AR,1,99,,,,-6.0,"38,47","39,43",-217,165,-3.5,-106,-115,144.0,-111,-110
ncaab:401581689,ncaab,2024-01-12T01:30Z,final,2433,2572,UL Monroe,Southern Miss,58,71,,,,0,,,,,,,,,,2,,0,Monroe,LA,1,23,,,,-6.0,"29,29","28,43",,,,,,,,
ncaab:401583821,ncaab,2024-01-12T01:30Z,final,2011,2296,Alabama St,Jackson St,63,73,-101,-119,,0,-105,-115,1.5,-112,-108,,,,,2,,0,Montgomery,AL,1,73,,,,-6.0,"24,39","38,35",-107,-117,0.5,-111,-110,146.5,-112,-109
ncaab:401587267,ncaab,2024-01-12T01:30Z,final,2197,2413,E Illinois,Morehead St,52,78,,,,0,,,,,,,,,,2,,0,Charleston,IL,1,204,,,,-6.0,"23,29","36,42",,,,,,,,
ncaab:401587268,ncaab,2024-01-12T01:30Z,final,2546,2815,SE Missouri,Lindenwood,68,74,,,,0,,,,,,,,,,2,,0,Cape Girardeau,MO,1,108,,,,-6.0,"29,39","34,40",,,,,,,,
ncaab:401587269,ncaab,2024-01-12T01:30Z,final,2565,88,SIUE,S Indiana,67,64,,,,0,,,,,,,,,,2,,0,Edwardsville,IL,1,165,,,,-6.0,"33,34","26,38",,,,,,,,
ncaab:401587270,ncaab,2024-01-12T01:30Z,final,2630,2710,UT Martin,W Illinois,64,73,,,,0,,,,,,,,,,2,,0,Martin,TN,1,124,,,,-6.0,"30,34","35,38",,,,,,,,
ncaab:401575337,ncaab,2024-01-12T01:45Z,final,2453,91,North Alabama,Bellarmine,69,53,-240,190,,0,-188,154,-5.5,-108,-112,,,,,2,,0,Florence,AL,1,167,,,,-6.0,"23,46","27,26",-185,154,-3.0,-112,-108,144.5,-110,-110
ncaab:401573395,ncaab,2024-01-12T02:00Z,final,149,2458,Montana,N Colorado,92,98,-296,237,,0,-315,250,-6.5,-113,-106,,,,,2,,0,Missoula,MT,1,978,,,,-7.0,"46,36,10","45,37,16",-245,185,-3.5,-113,-107,156.5,-107,-110
ncaab:401573396,ncaab,2024-01-12T02:00Z,final,147,2464,Montana St,N Arizona,79,50,-192,160,,0,-142,120,-4.5,-110,-110,,,,,2,,0,Bozeman,MT,1,1468,,,,-7.0,"37,42","28,22",-172,138,-2.5,-107,-112,143.5,-108,-105
ncaab:401573397,ncaab,2024-01-12T02:00Z,final,16,2692,Sacramento St,Weber St,71,69,340,-445,,0,330,-437,9.0,-111,-109,,,,,2,,0,Sacramento,CA,1,9,,,,-8.0,"35,36","30,39",215,-290,5.0,-115,-110,135.0,-110,-110
ncaab:401573493,ncaab,2024-01-12T02:00Z,final,302,2463,UC Davis,CSU Northridge,95,75,,,,0,,,,,,,,,,2,,0,Davis,CA,1,16,,,,-8.0,"47,48","32,43",,,,,,,,
ncaab:401573585,ncaab,2024-01-12T02:00Z,final,2393,2348,MTSU,Louisiana Tech,52,60,,,,0,,,,,,,,,,2,,0,Murfreesboro,TN,1,186,,,,-6.0,"24,28","25,35",,,,,,,,
ncaab:401574064,ncaab,2024-01-12T02:00Z,final,2253,2000,Grand Canyon,Abilene Chrstn,74,64,-1522,850,,0,-1350,800,-15.5,-111,-109,,,,,2,,0,Phoenix,AZ,1,331,,,,-7.0,"33,41","32,32",-650,400,-9.0,-115,-110,153.0,-110,-110
ncaab:401574066,ncaab,2024-01-12T02:00Z,final,3101,2617,Utah Tech,SF Austin,75,70,,,,0,,,,,,,,,,2,,0,St. George,UT,1,823,,,,-7.0,"36,39","38,32",,,,,,,,
ncaab:401600103,ncaab,2024-01-12T02:00Z,final,2010,2016,Alabama A&M,Alcorn St,71,74,105,-126,,0,-114,-106,1.5,-108,-112,,,,,2,,0,Huntsville,AL,1,193,,,,-6.0,"33,38","37,37",-110,-120,0.5,-113,-111,152.5,-105,-114
ncaab:401600325,ncaab,2024-01-12T02:00Z,final,356,127,Illinois,Michigan St,71,68,-166,140,,0,-137,114,-3.0,-108,-112,,,,,2,,0,Champaign,IL,1,225,,,,-6.0,"37,34","34,34",-155,130,-1.5,-105,-115,150.5,-110,-110
ncaab:401601223,ncaab,2024-01-12T02:00Z,final,2344,2515,Longwood,Radford,58,69,-250,205,,0,-192,160,-5.5,-106,-114,,,,,2,,0,Farmville,VA,1,90,,,,-5.0,"22,36","33,36",-220,170,-3.0,-115,-111,134.5,-110,-109
ncaab:401607375,ncaab,2024-01-12T02:00Z,final,254,26,Utah,UCLA,90,44,-412,325,,0,-610,440,-8.5,-110,-110,,,,,2,,0,Salt Lake City,UT,1,1299,,,,-7.0,"33,57","23,21",-298,220,-4.5,-115,-110,137.5,-118,-105
ncaab:401589671,ncaab,2024-01-12T02:30Z,final,2541,2250,Santa Clara,Gonzaga,77,76,310,-395,,0,230,-285,8.5,-109,-111,,,,,2,,0,Santa Clara,CA,1,23,,,,-8.0,"40,37","34,42",205,-270,4.5,-112,-115,158.0,-110,-110
ncaab:401573394,ncaab,2024-01-12T03:00Z,final,2502,304,Portland St,Idaho St,63,69,-327,255,,0,-412,315,-7.0,-110,-110,,,,,2,,0,Portland,OR,1,12,,,,-8.0,"27,36","30,39",-250,187,-3.5,-111,-110,139.5,-110,-112
ncaab:401573491,ncaab,2024-01-12T03:00Z,final,2540,2934,Santa Barbara,Bakersfield,66,64,-450,340,,0,-550,400,-9.0,-113,-106,,,,,2,,0,Santa Barbara,CA,1,15,,,,-8.0,"23,33,10","26,30,8",-280,210,-5.0,-116,-109,139.0,-107,-110
ncaab:401573492,ncaab,2024-01-12T03:00Z,final,27,13,UC Riverside,Cal Poly,71,56,-220,181,,0,-442,334,-5.0,-111,-110,,,,,2,,0,Riverside,CA,1,252,,,,-8.0,"32,39","23,33",-185,140,-2.5,-110,-110,151.0,-112,-107
ncaab:401573495,ncaab,2024-01-12T03:00Z,final,28,299,UC San Diego,Long Beach St,88,74,-168,140,,0,-205,167,-3.5,-109,-111,,,,,2,,0,San Diego,CA,1,20,,,,-8.0,"42,46","42,32",-175,135,-2.0,-114,-110,155.5,-110,-107
ncaab:401574063,ncaab,2024-01-12T03:00Z,final,2856,2627,CA Baptist,Tarleton St,77,63,,,,0,,,,,,,,,,2,,0,Riverside,CA,1,252,,,,-8.0,"35,42","34,29",,,,,,,,
ncaab:401589673,ncaab,2024-01-12T03:00Z,final,2492,279,Pepperdine,Pacific,93,78,-900,590,,0,-950,610,-12.5,-110,-110,,,,,2,,0,Malibu,CA,1,32,,,,-8.0,"46,47","36,42",-480,340,-7.5,-109,-116,146.0,-112,-107
ncaab:401589674,ncaab,2024-01-12T03:00Z,final,301,2539,San Diego,San Francisco,63,83,412,-562,,0,385,-520,10.5,-112,-107,,,,,2,,0,San Diego,CA,1,20,,,,-8.0,"31,32","43,40",250,-350,6.0,-111,-111,145.5,-110,-110
ncaab:401589672,ncaab,2024-01-12T04:00Z,final,2608,2501,Saint Mary's,Portland,95,52,-2449,1200,,0,-2763,1233,-19.0,-108,-112,,,,,2,,0,Moraga,CA,1,152,,,,-8.0,"56,39","23,29",-1200,675,-11.5,-105,-118,136.0,-110,-110
ncaab:401607376,ncaab,2024-01-12T04:00Z,final,204,24,Oregon St,Stanford,84,88,164,-198,,0,158,-191,4.5,-110,-110,,,,,2,,0,Corvallis,OR,1,71,,,,-8.0,"39,34,11","34,39,15",130,-166,2.5,-115,-115,139.5,-111,-109
ncaab:401607377,ncaab,2024-01-12T04:00Z,final,264,9,Washington,Arizona St,82,67,-310,250,,0,-300,240,-7.0,-112,-108,,,,,2,,0,Seattle,WA,1,56,,,,-8.0,"33,49","34,33",-250,190,-4.0,-115,-115,152.0,-110,-110
ncaab:401573494,ncaab,2024-01-12T04:59Z,final,62,300,Hawai'i,UC Irvine,50,60,,,,0,,,,,,,,,,2,,0,Honolulu,HI,1,5,,,,-10.0,"20,30","33,27",,,,,,,,
ncaab:401587689,ncaab,2024-01-12T20:00Z,final,270,325,Milwaukee,Cleveland St,88,80,-155,130,,0,-115,-102,-3.0,-108,-112,,,,,2,,0,Milwaukee,WI,1,188,,,,-6.0,"36,52","47,33",-145,114,-1.0,-117,-108,158.0,-125,105
ncaab:401600326,ncaab,2024-01-12T23:30Z,final,84,135,Indiana,Minnesota,74,62,-205,170,,0,-164,136,-4.5,-110,-110,,,,,2,,0,Bloomington,IN,1,235,,,,-5.0,"41,33","31,31",-180,145,-2.5,-115,-110,143.5,-110,-110
ncaab:401574512,ncaab,2024-01-13T00:00Z,final,338,526,Kennesaw St,FGCU,78,75,,,,0,,,,,,,,,,2,,0,Kennesaw,GA,1,332,,,,-5.0,"29,49","31,44",,,,,,,,
ncaab:401574525,ncaab,2024-01-13T00:00Z,final,2454,294,North Florida,Jacksonville,82,74,-218,180,,0,-178,146,-5.0,-110,-110,,,,,2,,0,Jacksonville,FL,1,5,,,,-5.0,"33,49","36,38",-197,155,-3.0,-115,-110,144.5,-105,-115
ncaab:401574537,ncaab,2024-01-13T00:00Z,final,2511,56,Queens,Stetson,66,84,110,-130,,0,-105,-114,2.0,-110,-110,,,,,2,,0,Charlotte,NC,1,229,,,,-5.0,"34,32","40,44",104,-126,1.0,-108,-114,158.5,-110,-110
ncaab:401587690,ncaab,2024-01-13T00:00Z,final,2523,2870,Robert Morris,Purdue FW,91,88,145,-175,,0,172,-210,3.5,-109,-111,,,,,2,,0,Moon Township,PA,1,358,,,,-5.0,"34,44,13","32,46,10",120,-154,2.0,-108,-115,156.0,-108,-110
ncaab:401588634,ncaab,2024-01-13T00:00Z,final,2006,2084,Akron,Buffalo,76,59,-1837,974,,0,-2800,1160,-16.5,-109,-111,,,,,2,,0,Akron,OH,1,291,,,,-5.0,"34,42","30,29",-850,500,-9.5,-108,-114,142.5,-112,-108
ncaab:401594259,ncaab,2024-01-13T00:00Z,final,2099,2561,Canisius,Siena,67,63,-500,367,,0,-800,540,-9.0,-111,-109,,,,,2,,0,Buffalo,NY,1,183,,,,-5.0,"29,38","22,41",-300,235,-5.0,-116,-107,142.5,-110,-108
ncaab:401594293,ncaab,2024-01-13T00:00Z,final,315,2217,Niagara,Fairfield,96,72,110,-132,,0,104,-125,2.0,-109,-111,,,,,2,,0,Niagara Falls,NY,1,187,,,,-5.0,"52,44","36,36",104,-129,1.0,-108,-114,146.0,-110,-110
ncaab:401594330,ncaab,2024-01-13T00:00Z,final,2368,2514,Marist,Quinnipiac,55,66,-130,110,,0,-120,-100,-2.0,-110,-110,,,,,2,,0,Poughkeepsie,NY,1,62,,,,-5.0,"33,22","29,37",-130,101,-1.5,-105,-117,139.5,-113,-108
ncaab:401594384,ncaab,2024-01-13T00:00Z,final,2520,2363,Rider,Manhattan,71,58,-490,365,,0,-350,275,-9.0,-112,-108,,,,,2,,0,Lawrenceville,NJ,1,37,,,,-5.0,"33,38","33,25",-300,235,-5.0,-116,-105,144.0,-110,-110
ncaab:401596833,ncaab,2024-01-13T00:00Z,final,2184,2168,Duquesne,Dayton,62,72,-118,-105,,0,-122,102,-1.5,-108,-112,,,,,2,,0,Pittsburgh,PA,1,233,,,,-5.0,"21,41","31,41",-120,-106,-0.5,-105,-115,138.0,-110,-110
ncaab:401602073,ncaab,2024-01-13T00:00Z,final,58,242,South Florida,Rice,81,73,-214,176,,0,-295,235,-4.5,-115,-105,,,,,2,,0,Tampa,FL,1,1,,,,-5.0,"31,50","40,33",-185,147,-2.5,-111,-110,147.0,-113,-109
ncaab:401599484,ncaab,2024-01-13T01:30Z,final,222,305,Villanova,DePaul,94,69,-2449,1200,,0,-4500,1600,-19.5,-107,-112,,,,,2,,0,Villanova,PA,1,121,,,,-5.0,"42,52","32,37",-1250,675,-11.5,-125,-105,136.5,-107,-110
ncaab:401587691,ncaab,2024-01-13T02:00Z,final,2754,2750,Youngstown St,Wright St,81,71,-120,-102,,0,-120,-100,-1.5,-108,-112,,,,,2,,0,Youngstown,OH,1,259,,,,-5.0,"32,49","34,37",-125,-105,-0.5,-105,-115,165.0,-110,-110
ncaab:401600327,ncaab,2024-01-13T02:30Z,final,2294,158,Iowa,Nebraska,94,76,-200,165,,0,-162,134,-4.5,-110,-110,,,,,2,,0,Iowa City,IA,1,204,,,,-6.0,"41,53","36,40",-175,140,-2.5,-112,-114,166.5,-107,-108
ncaab:401602973,ncaab,2024-01-13T03:30Z,final,2440,68,Nevada,Boise St,56,64,-275,220,,0,-255,205,-6.5,-109,-111,,,,,2,,0,Reno,NV,1,1373,,,,-8.0,"27,29","30,34",-220,170,-3.5,-115,-115,140.5,-102,-117
ncaab:401587274,ncaab,2024-01-13T17:00Z,final,2565,2413,SIUE,Morehead St,61,48,,,,0,,,,,,,,,,2,,0,Edwardsville,IL,1,165,,,,-6.0,"28,33","20,28",,,,,,,,
ncaab:401588636,ncaab,2024-01-13T17:00Z,final,2711,195,W Michigan,Ohio,81,79,,,,0,,,,,,,,,,2,,0,Kalamazoo,MI,1,239,,,,-5.0,"37,44","36,43",,,,,,,,
ncaab:401597126,ncaab,2024-01-13T17:00Z,final,61,2633,Georgia,Tennessee,79,85,285,-365,,0,220,-275,7.5,-110,-110,,,,,2,,0,Athens,GA,1,228,,,,-5.0,"37,42","42,43",185,-245,3.5,-105,-120,145.0,-110,-110
ncaab:401599485,ncaab,2024-01-13T17:00Z,final,2086,2550,Butler,Seton Hall,72,78,-178,146,,0,-156,130,-4.0,-110,-110,,,,,2,,0,Indianapolis,IN,1,218,,,,-5.0,"37,35","45,33",-162,136,-1.5,-115,-105,142.5,-110,-105
ncaab:401600328,ncaab,2024-01-13T17:00Z,final,275,77,Wisconsin,Northwestern,71,63,-325,260,,0,-350,280,-7.5,-110,-110,,,,,2,,0,Madison,WI,1,267,,,,-6.0,"32,39","25,38",-270,200,-4.5,-105,-118,131.5,-115,-110
ncaab:401600665,ncaab,2024-01-13T17:00Z,final,111,119,Northeastern,Towson,67,59,-142,120,,0,-138,115,-2.5,-110,-110,,,,,2,,0,Boston,MA,1,14,,,,-5.0,"28,39","17,42",-135,110,-1.0,-111,-109,128.0,-110,-115
ncaab:401604122,ncaab,2024-01-13T17:00Z,final,97,152,Louisville,NC State,83,89,,,,0,,,,,,,,,,2,,0,Louisville,KY,1,142,,,,-5.0,"35,48","44,45",,,,,,,,
ncaab:401604123,ncaab,2024-01-13T17:00Z,final,153,183,North Carolina,Syracuse,103,67,-899,600,,0,-800,550,-12.0,-112,-108,,,,,2,,0,Chapel Hill,NC,1,148,,,,-5.0,"52,51","30,37",-430,310,-6.5,-120,-106,157.0,-110,-110
ncaab:401596834,ncaab,2024-01-13T17:30Z,final,2325,2670,La Salle,VCU,65,71,195,-240,,0,150,-182,5.5,-110,-110,,,,,2,,0,Philadelphia,PA,1,12,,,,-5.0,"33,32","30,41",150,-196,3.0,-109,-116,144.0,-110,-105
ncaab:401581190,ncaab,2024-01-13T18:00Z,final,2349,2378,UMass Lowell,UMBC,86,82,-1250,800,,0,-1000,650,-14.5,-115,-105,,,,,2,,0,Lowell,MA,1,36,,,,-5.0,"45,41","31,51",-519,370,-9.0,-107,-116,161.5,-110,-110
ncaab:401587693,ncaab,2024-01-13T18:00Z,final,2174,94,Detroit Mercy,N Kentucky,76,81,390,-520,,0,350,-450,9.5,-112,-108,,,,,2,,0,Detroit,MI,1,183,,,,-5.0,"30,46","35,46",250,-340,5.5,-112,-110,137.0,-110,-110
ncaab:401587907,ncaab,2024-01-13T18:00Z,final,2643,2747,The Citadel,Wofford,71,72,105,-122,,0,-105,-115,1.0,-105,-115,,,,,2,,0,Charleston,SC,1,6,,,,-5.0,"30,41","40,32",-110,-120,0.5,-115,-106,144.0,-110,-110
ncaab:401588633,ncaab,2024-01-13T18:00Z,final,193,2199,Miami OH,E Michigan,71,54,,,,0,,,,,,,,,,2,,0,Oxford,OH,1,283,,,,-5.0,"33,38","28,26",,,,,,,,
ncaab:401589451,ncaab,2024-01-13T18:00Z,final,161,284,FDU,Stonehill,81,74,,,,0,,,,,,,,,,2,,0,Hackensack,NJ,1,6,,,,-5.0,"40,24,17","23,41,10",,,,,,,,
ncaab:401597125,ncaab,2024-01-13T18:00Z,final,145,238,Ole Miss,Vanderbilt,69,56,-575,425,,0,-850,570,-10.0,-110,-110,,,,,2,,0,Oxford,MS,1,154,,,,-6.0,"41,28","32,24",-350,240,-5.5,-110,-115,143.5,-110,-110
ncaab:401599486,ncaab,2024-01-13T18:00Z,final,156,2599,Creighton,St John's,66,65,,,,0,,,,,,,,,,2,,0,Omaha,NE,1,323,,,,-6.0,"35,31","30,35",,,,,,,,
ncaab:401600664,ncaab,2024-01-13T18:00Z,final,2729,2619,William & Mary,Stony Brook,59,63,105,-125,,0,110,-130,1.5,-112,-108,,,,,2,,0,Williamsburg,VA,1,25,,,,-5.0,"23,36","32,31",-100,-127,1.0,-109,-113,140.5,-112,-108
ncaab:401601226,ncaab,2024-01-13T18:00Z,final,2241,2506,Gardner-Webb,Presbyterian,76,60,-290,230,,0,-375,300,-6.5,-110,-110,,,,,2,,0,Boiling Springs,NC,1,269,,,,-5.0,"48,28","24,36",-245,185,-4.0,-109,-116,148.0,-120,100
ncaab:401578966,ncaab,2024-01-13T19:00Z,final,2837,2277,East Texas A&M,Hou Christian,65,69,,,,0,,,,,,,,,,2,,0,Commerce,TX,1,169,,,,-6.0,"34,31","30,39",,,,,,,,
ncaab:401581191,ncaab,2024-01-13T19:00Z,final,261,2885,Vermont,NJIT,76,55,,,,0,,,,,,,,,,2,,0,Burlington,VT,1,61,,,,-5.0,"37,39","21,34",,,,,,,,
ncaab:401587692,ncaab,2024-01-13T19:00Z,final,85,2473,IU Indy,Oakland,66,88,575,-850,,0,650,-1000,12.0,-110,-110,,,,,2,,0,Indianapolis,IN,1,218,,,,-5.0,"26,40","46,42",312,-437,7.0,-112,-114,142.5,-114,-105
ncaab:401587904,ncaab,2024-01-13T19:00Z,final,2382,2717,Mercer,W Carolina,52,64,,,,0,,,,,,,,,,2,,0,Macon,GA,1,112,,,,-5.0,"25,27","29,35",,,,,,,,
ncaab:401587906,ncaab,2024-01-13T19:00Z,final,231,2193,Furman,ETSU,82,73,,,,0,,,,,,,,,,2,,0,Greenville,SC,1,307,,,,-5.0,"44,38","37,36",,,,,,,,
ncaab:401588635,ncaab,2024-01-13T19:00Z,final,2117,2309,C Michigan,Kent State,77,62,,,,0,,,,,,,,,,2,,0,Mount Pleasant,MI,1,235,,,,-5.0,"32,45","36,26",,,,,,,,
ncaab:401589483,ncaab,2024-01-13T19:00Z,final,2529,112358,Sacred Heart,Long Island,89,55,,,,0,,,,,,,,,,2,,0,Fairfield,CT,1,4,,,,-8.0,"38,51","27,28",,,,,,,,
ncaab:401589504,ncaab,2024-01-13T19:00Z,final,2330,2771,Le Moyne,Merrimack,62,66,142,-170,,0,160,-190,3.5,-110,-110,,,,,2,,0,Syracuse,NY,1,121,,,,-5.0,"19,43","34,32",120,-150,1.0,-110,-120,135.5,-118,-105
ncaab:401596838,ncaab,2024-01-13T19:00Z,final,227,113,Rhode Island,UMass,89,77,,,,0,,,,,,,,,,2,,0,Kingston,RI,1,75,,,,-5.0,"48,41","39,38",,,,,,,,
ncaab:401596839,ncaab,2024-01-13T19:00Z,final,45,2166,G Washington,Davidson,83,79,,,,0,,,,,,,,,,2,,0,Washington,DC,1,7,,,,-5.0,"39,36,8","44,31,4",,,,,,,,
ncaab:401597129,ncaab,2024-01-13T19:00Z,final,245,96,Texas A&M,Kentucky,97,92,-152,126,,0,-125,104,-2.5,-114,-106,,,,,2,,0,College Station,TX,1,103,,,,-6.0,"46,43,8","45,44,3",-155,120,-1.5,-110,-115,155.5,-112,-110
ncaab:401597937,ncaab,2024-01-13T19:00Z,final,167,21,New Mexico,San Diego St,88,70,-175,145,,0,-125,105,-3.5,-112,-108,,,,,2,,0,Albuquerque,NM,1,1511,,,,-7.0,"40,48","37,33",-175,135,-2.0,-120,-110,150.0,-105,-115
ncaab:401598592,ncaab,2024-01-13T19:00Z,final,322,2426,Lafayette,Navy,78,62,-125,104,,0,-115,-105,-1.5,-110,-110,,,,,2,,0,Easton,PA,1,97,,,,-5.0,"38,40","28,34",-127,102,-0.5,-109,-112,127.5,-112,-110
ncaab:401599487,ncaab,2024-01-13T19:00Z,final,2507,2752,Providence,Xavier,65,85,-142,120,,0,-145,120,-2.0,-112,-105,,,,,2,,0,Providence,RI,1,2,,,,-5.0,"40,25","41,44",-140,110,-1.0,-115,-115,143.0,-112,-108
ncaab:401600662,ncaab,2024-01-13T19:00Z,final,2097,2275,Campbell,Hofstra,69,68,350,-455,,0,280,-350,9.0,-110,-110,,,,,2,,0,Buies Creek,NC,1,63,,,,-5.0,"35,34","28,40",225,-290,5.0,-112,-112,134.5,-110,-110
ncaab:401601225,ncaab,2024-01-13T19:00Z,final,2127,2908,Charleston So,SC Upstate,77,70,-100,-120,,0,-100,-120,1.0,-108,-112,,,,,2,,0,Charleston,SC,1,6,,,,-5.0,"29,48","39,31",-110,-120,0.5,-115,-111,137.5,-110,-110
ncaab:401601227,ncaab,2024-01-13T19:00Z,final,2427,2344,UNC Asheville,Longwood,65,61,-175,145,,0,-115,-105,-3.5,-108,-112,,,,,2,,0,Asheville,NC,1,649,,,,-5.0,"33,32","28,33",-145,114,-1.5,-110,-114,145.0,-110,-110
ncaab:401601228,ncaab,2024-01-13T19:00Z,final,2737,2515,Winthrop,Radford,92,88,-198,164,,0,-175,145,-4.5,-110,-110,,,,,2,,0,Rock Hill,SC,1,207,,,,-5.0,"30,37,8,6,11","31,36,8,6,7",-180,140,-2.0,-121,-102,136.0,-108,-112
ncaab:401601840,ncaab,2024-01-13T19:00Z,final,282,2057,Indiana St,Belmont,94,64,-780,530,,0,-700,475,-11.5,-112,-108,,,,,2,,0,Terre Haute,IN,1,152,,,,-5.0,"48,46","32,32",-437,310,-7.0,-114,-112,164.5,-112,-110
ncaab:401601842,ncaab,2024-01-13T19:00Z,final,82,71,UIC,Bradley,59,77,140,-166,,0,115,-140,3.5,-110,-110,,,,,2,,0,Chicago,IL,1,179,,,,-6.0,"26,33","39,38",120,-155,2.0,-112,-112,137.5,-110,-110
ncaab:401603414,ncaab,2024-01-13T19:00Z,final,2305,201,Kansas,Oklahoma,78,66,-290,230,,0,-230,188,-6.0,-110,-110,,,,,2,,0,Lawrence,KS,1,263,,,,-6.0,"38,40","37,29",-215,170,-3.5,-115,-115,141.5,-110,-110
ncaab:401604126,ncaab,2024-01-13T19:00Z,final,154,258,Wake Forest,Virginia,66,47,-255,205,,0,-200,165,-6.0,-110,-110,,,,,2,,0,Winston-Salem,NC,1,293,,,,-5.0,"27,39","21,26",-210,165,-3.0,-120,-105,130.0,-110,-112
ncaab:401600329,ncaab,2024-01-13T19:15Z,final,2509,213,Purdue,Penn State,95,78,-2100,1100,,0,-5000,1700,-18.0,-110,-110,,,,,2,,0,West Lafayette,IN,1,186,,,,-5.0,"56,39","36,42",-1050,575,-10.5,-115,-115,152.0,-108,-112
ncaab:401604124,ncaab,2024-01-13T19:15Z,final,87,52,Notre Dame,Florida St,58,67,103,-121,,0,-105,-114,1.5,-110,-110,,,,,2,,0,South Bend,IN,1,211,,,,-5.0,"29,29","33,34",-106,-120,0.5,-118,-104,135.5,-110,-110
ncaab:401596835,ncaab,2024-01-13T19:30Z,final,179,2230,St Bonaventure,Fordham,74,80,,,,0,,,,,,,,,,2,,0,Saint Bonaventure,NY,1,435,,,,-5.0,"39,35","44,36",,,,,,,,
ncaab:401574067,ncaab,2024-01-13T20:00Z,final,250,2547,UT Arlington,Seattle U,80,75,,,,0,,,,,,,,,,2,,0,Arlington,TX,1,184,,,,-6.0,"34,46","36,39",,,,,,,,
ncaab:401580045,ncaab,2024-01-13T20:00Z,final,140,155,Kansas City,North Dakota,69,82,-140,116,,0,-188,154,-2.5,-111,-109,,,,,2,,0,Kansas City,MO,1,274,,,,-6.0,"34,35","34,48",-170,132,-2.0,-117,-108,140.5,-108,-112
ncaab:401580046,ncaab,2024-01-13T20:00Z,final,2172,2571,Denver,S Dakota St,99,80,,,,0,,,,,,,,,,2,,0,Denver,CO,1,1609,,,,-7.0,"47,52","43,37",,,,,,,,
ncaab:401597304,ncaab,2024-01-13T20:00Z,final,2439,328,UNLV,Utah State,86,87,105,-125,,0,-106,-113,1.5,-110,-110,,,,,2,,0,Las Vegas,NV,1,610,,,,-8.0,"47,39","40,47",104,-128,1.0,-120,-110,144.0,-110,-110
ncaab:401604120,ncaab,2024-01-13T20:00Z,final,228,103,Clemson,Boston College,89,78,-575,425,,0,-400,310,-10.5,-108,-112,,,,,2,,0,Clemson,SC,1,221,,,,-5.0,"44,45","35,43",-300,225,-5.5,-115,-115,147.0,-110,-108
ncaab:401581615,ncaab,2024-01-13T20:30Z,final,2032,309,Arkansas St,Louisiana,77,84,-130,110,,0,-170,140,-2.0,-110,-110,,,,,2,,0,Jonesboro,AR,1,99,,,,-6.0,"37,40","42,42",-125,105,-1.0,-110,-110,151.5,-110,-110
ncaab:401581631,ncaab,2024-01-13T20:30Z,final,324,295,Coastal,Old Dominion,79,75,102,-124,,0,-110,-110,1.5,-110,-110,,,,,2,,0,Conway,SC,1,10,,,,-5.0,"34,45","35,40",-106,-119,0.5,-110,-110,151.5,-114,-110
ncaab:401581690,ncaab,2024-01-13T20:30Z,final,2433,326,UL Monroe,Texas St,54,67,,,,0,,,,,,,,,,2,,0,Monroe,LA,1,23,,,,-6.0,"29,25","33,34",,,,,,,,
ncaab:401594488,ncaab,2024-01-13T20:30Z,final,2083,2142,Bucknell,Colgate,73,84,250,-325,,0,250,-325,7.0,-112,-108,,,,,2,,0,Lewisburg,PA,1,144,,,,-5.0,"34,39","37,47",190,-230,4.0,-111,-109,136.5,-110,-110
ncaab:401597128,ncaab,2024-01-13T20:30Z,final,142,2579,Missouri,South Carolina,69,71,-160,130,,0,-122,102,-3.0,-112,-108,,,,,2,,0,Columbia,MO,1,215,,,,-6.0,"33,29,7","32,30,9",-148,116,-1.5,-118,-110,139.0,-108,-110
ncaab:401573500,ncaab,2024-01-13T21:00Z,final,2463,2239,CSU Northridge,Fullerton,76,71,,,,0,,,,,,,,,,2,,0,Northridge,CA,1,246,,,,-8.0,"34,42","36,35",,,,,,,,
ncaab:401574628,ncaab,2024-01-13T21:00Z,final,2065,2755,Bethune,Grambling,69,79,-122,102,,0,-172,140,-1.5,-112,-108,,,,,2,,0,Daytona Beach,FL,1,4,,,,-5.0,"36,33","39,40",-130,-100,-1.0,-110,-115,139.0,-112,-108
ncaab:401579056,ncaab,2024-01-13T21:00Z,final,2447,2320,Nicholls,Lamar,76,78,-160,130,,0,-160,130,-2.5,-108,-112,,,,,2,,0,Thibodaux,LA,1,4,,,,-6.0,"42,27,7","35,34,9",-150,120,-1.5,-110,-115,152.5,-110,-110
ncaab:401579068,ncaab,2024-01-13T21:00Z,final,2466,2916,N'Western St,Incarnate Word,97,71,,,,0,,,,,,,,,,2,,0,Natchitoches,LA,1,36,,,,-6.0,"38,59","35,36",,,,,,,,
ncaab:401581188,ncaab,2024-01-13T21:00Z,final,399,2066,UAlbany,Binghamton,95,75,,,,0,,,,,,,,,,2,,0,Albany,NY,1,45,,,,-5.0,"45,50","35,40",,,,,,,,
ncaab:401581497,ncaab,2024-01-13T21:00Z,final,256,2026,James Madison,App State,55,59,,,,0,,,,,,,,,,2,,0,Harrisonburg,VA,1,404,,,,-5.0,"25,30","30,29",,,,,,,,
ncaab:401581699,ncaab,2024-01-13T21:00Z,final,276,6,Marshall,South Alabama,85,91,-225,185,,0,-170,140,-4.5,-112,-108,,,,,2,,0,Huntington,WV,1,173,,,,-5.0,"45,40","53,38",-209,155,-2.5,-119,-107,153.5,-106,-110
ncaab:401587275,ncaab,2024-01-13T21:00Z,final,2635,2546,Tennessee Tech,SE Missouri,70,59,,,,0,,,,,,,,,,2,,0,Cookeville,TN,1,334,,,,-6.0,"37,33","37,22",,,,,,,,
ncaab:401588637,ncaab,2024-01-13T21:00Z,final,2459,189,N Illinois,Bowling Green,72,83,-108,-112,,0,-130,110,1.0,-115,-105,,,,,2,,0,Dekalb,IL,1,268,,,,-6.0,"32,40","43,40",-112,-115,0.0,-116,-109,152.0,-112,-108
ncaab:401589388,ncaab,2024-01-13T21:00Z,final,2598,2115,Saint Francis,C Connecticut,61,75,,,,0,,,,,,,,,,2,,0,Loretto,PA,1,595,,,,-5.0,"36,25","32,43",,,,,,,,
ncaab:401596836,ncaab,2024-01-13T21:00Z,final,2603,2350,Saint Joseph's,Loyola Chicago,75,78,-265,215,,0,-240,195,-6.5,-110,-110,,,,,2,,0,Philadelphia,PA,1,12,,,,-5.0,"36,39","39,39",-215,160,-3.0,-120,-106,144.5,-110,-110
ncaab:401597124,ncaab,2024-01-13T21:00Z,final,57,8,Florida,Arkansas,90,68,-325,260,,0,-275,220,-7.5,-110,-110,,,,,2,,0,Gainesville,FL,1,54,,,,-5.0,"46,44","33,35",-250,190,-4.5,-115,-115,165.0,-110,-110
ncaab:401597386,ncaab,2024-01-13T21:00Z,final,44,349,American,Army,79,60,-275,220,,0,-278,225,-5.5,-112,-108,,,,,2,,0,Washington,DC,1,7,,,,-5.0,"45,34","30,30",-215,165,-3.0,-114,-112,128.5,-106,-110
ncaab:401598902,ncaab,2024-01-13T21:00Z,final,50,2582,Florida A&M,Southern,65,74,210,-260,,0,184,-225,6.0,-110,-110,,,,,2,,0,Tallahassee,FL,1,62,,,,-5.0,"27,38","30,44",145,-190,3.5,-112,-113,141.5,-110,-110
ncaab:401600808,ncaab,2024-01-13T21:00Z,final,2751,278,Wyoming,Fresno St,68,67,-170,142,,0,-170,140,-3.5,-110,-110,,,,,2,,0,Laramie,WY,1,2184,,,,-7.0,"28,40","35,32",-158,122,-2.0,-114,-109,137.5,-109,-111
ncaab:401602074,ncaab,2024-01-13T21:00Z,final,151,2567,East Carolina,SMU,64,75,,,,0,,,,,,,,,,2,,0,Greenville,NC,1,18,,,,-5.0,"28,36","37,38",,,,,,,,
ncaab:401603416,ncaab,2024-01-13T21:00Z,final,2641,2306,Texas Tech,Kansas St,60,59,-250,205,,0,-280,225,-6.0,-110,-110,,,,,2,,0,Lubbock,TX,1,976,,,,-6.0,"22,38","33,26",-225,175,-3.5,-115,-110,139.0,-110,-110
ncaab:401603417,ncaab,2024-01-13T21:00Z,final,2116,252,UCF,BYU,58,63,185,-225,,0,150,-182,5.5,-110,-110,,,,,2,,0,Orlando,FL,1,30,,,,-5.0,"24,34","26,37",140,-185,2.5,-120,-110,146.5,-110,-110
ncaab:401630539,ncaab,2024-01-13T21:00Z,final,47,2379,Howard,MD Eastern,72,61,,,,0,,,,,,,,,,2,,0,Washington,DC,1,7,,,,-5.0,"31,41","29,32",,,,,,,,
ncaab:401574425,ncaab,2024-01-13T21:30Z,final,2110,91,C Arkansas,Bellarmine,59,57,,,,0,,,,,,,,,,2,,0,Conway,AR,1,95,,,,-6.0,"32,27","33,24",,,,,,,,
ncaab:401587271,ncaab,2024-01-13T21:30Z,final,2197,2710,E Illinois,W Illinois,60,63,,,,0,,,,,,,,,,2,,0,Charleston,IL,1,204,,,,-6.0,"32,28","33,30",,,,,,,,
ncaab:401587272,ncaab,2024-01-13T21:30Z,final,2634,2815,Tennessee St,Lindenwood,75,60,-550,410,,0,-450,350,-10.0,-112,-108,,,,,2,,0,Nashville,TN,1,170,,,,-6.0,"30,45","30,30",-347,245,-5.5,-116,-108,145.0,-108,-112
ncaab:401587273,ncaab,2024-01-13T21:30Z,final,2630,2031,UT Martin,Little Rock,77,72,,,,0,,,,,,,,,,2,,0,Martin,TN,1,124,,,,-6.0,"41,36","40,32",,,,,,,,
ncaab:401600663,ncaab,2024-01-13T21:30Z,final,232,2405,Charleston,Monmouth,94,83,-800,550,,0,-450,350,-12.0,-110,-110,,,,,2,,0,Charleston,SC,1,6,,,,-5.0,"50,44","36,47",-360,270,-6.5,-118,-104,150.5,-110,-110
ncaab:401573497,ncaab,2024-01-13T22:00Z,final,302,2934,UC Davis,Bakersfield,78,71,-575,425,,0,-650,440,-10.5,-110,-110,,,,,2,,0,Davis,CA,1,16,,,,-8.0,"34,31,13","26,39,6",-340,235,-6.0,-112,-109,136.0,-112,-110
ncaab:401573592,ncaab,2024-01-13T22:00Z,final,98,55,Western KY,Jax State,80,69,,,,0,,,,,,,,,,2,,0,Bowling Green,KY,1,161,,,,-6.0,"35,45","43,26",,,,,,,,
ncaab:401574193,ncaab,2024-01-13T22:00Z,final,288,2046,Lipscomb,Austin Peay,91,77,-300,240,,0,-291,245,-7.5,-110,-110,,,,,2,,0,Nashville,TN,1,170,,,,-6.0,"39,52","41,36",-234,185,-3.5,-110,-112,141.5,-108,-110
ncaab:401579015,ncaab,2024-01-13T22:00Z,final,2377,2545,McNeese,SE Louisiana,74,65,,,,0,,,,,,,,,,2,,0,Lake Charles,LA,1,4,,,,-6.0,"44,30","30,35",,,,,,,,
ncaab:401579043,ncaab,2024-01-13T22:00Z,final,2443,357,LSU N Orleans,Texas A&M-CC,83,80,,,,0,,,,,,,,,,2,,0,New Orleans,LA,1,0,,,,-6.0,"46,37","35,45",,,,,,,,
ncaab:401581646,ncaab,2024-01-13T22:00Z,final,2247,290,Georgia St,GA Southern,90,62,,,,0,,,,,,,,,,2,,0,Atlanta,GA,1,320,,,,-5.0,"42,48","32,30",,,,,,,,
ncaab:401581713,ncaab,2024-01-13T22:00Z,final,2653,2572,Troy,Southern Miss,82,56,-205,170,,0,-180,146,-5.0,-110,-110,,,,,2,,0,Troy,AL,1,165,,,,-6.0,"35,47","21,35",-177,135,-2.5,-109,-112,151.0,-108,-112
ncaab:401594511,ncaab,2024-01-13T22:00Z,final,2352,104,Loyola MD,Boston U,58,60,108,-130,,0,-102,-118,1.5,-108,-112,,,,,2,,0,Baltimore,MD,1,10,,,,-5.0,"33,25","21,39",-102,-122,1.0,-111,-112,132.5,-110,-110
ncaab:401600088,ncaab,2024-01-13T22:00Z,final,2329,107,Lehigh,Holy Cross,66,69,-500,375,,0,-470,350,-10.5,-110,-110,,,,,2,,0,Bethlehem,PA,1,109,,,,-5.0,"20,42,4","22,40,7",-301,232,-5.5,-106,-116,146.5,-110,-110
ncaab:401600118,ncaab,2024-01-13T22:00Z,final,2011,2016,Alabama St,Alcorn St,55,53,-198,164,,0,-176,142,-4.5,-108,-112,,,,,2,,0,Montgomery,AL,1,73,,,,-6.0,"20,35","29,24",-170,137,-2.5,-111,-113,146.5,-105,-115
ncaab:401604121,ncaab,2024-01-13T22:00Z,final,150,59,Duke,Georgia Tech,84,79,-2500,1160,,0,-3000,1200,-17.5,-110,-110,,,,,2,,0,Durham,NC,1,123,,,,-5.0,"39,45","39,40",-900,540,-10.0,-115,-115,146.0,-110,-110
ncaab:401573589,ncaab,2024-01-13T23:00Z,final,2229,2638,FIU,UTEP,72,68,,,,0,,,,,,,,,,2,,0,Miami,FL,1,2,,,,-5.0,"28,44","36,32",,,,,,,,
ncaab:401573590,ncaab,2024-01-13T23:00Z,final,2393,2534,MTSU,Sam Houston,51,60,,,,0,,,,,,,,,,2,,0,Murfreesboro,TN,1,186,,,,-6.0,"25,26","23,37",,,,,,,,
ncaab:401583822,ncaab,2024-01-13T23:00Z,final,2010,2296,Alabama A&M,Jackson St,67,75,180,-218,,0,178,-225,5.0,-110,-110,,,,,2,,0,Huntsville,AL,1,193,,,,-6.0,"27,40","37,38",137,-170,2.5,-107,-116,151.0,-105,-115
ncaab:401587908,ncaab,2024-01-13T23:00Z,final,2535,2678,Samford,VMI,134,96,-6678,2096,,0,-5000,1800,-23.5,-110,-110,,,,,2,,0,Homewood,AL,1,203,,,,-6.0,"72,62","54,42",-1872,974,-14.5,-107,-114,162.5,-110,-110
ncaab:401596837,ncaab,2024-01-13T23:00Z,final,257,2244,Richmond,George Mason,77,70,-142,120,,0,-168,136,-2.5,-108,-112,,,,,2,,0,Richmond,VA,1,64,,,,-5.0,"43,34","32,38",-152,117,-1.5,-107,-116,131.0,-112,-108
ncaab:401597123,ncaab,2024-01-13T23:00Z,final,2,99,Auburn,LSU,93,78,-1100,700,,0,-2000,980,-13.5,-110,-108,,,,,2,,0,Auburn,AL,1,215,,,,-6.0,"51,42","34,44",-550,350,-8.5,-115,-115,153.5,-110,-110
ncaab:401602075,ncaab,2024-01-13T23:00Z,final,249,218,North Texas,Temple,69,51,-600,440,,0,-610,440,-10.5,-110,-110,,,,,2,,0,Denton,TX,1,201,,,,-6.0,"32,37","22,29",-375,265,-5.5,-112,-110,127.5,-105,-110
ncaab:401603002,ncaab,2024-01-13T23:00Z,final,2640,2029,Texas Southern,AR-Pine Bluff,67,70,,,,0,,,,,,,,,,2,,0,Houston,TX,1,12,,,,-6.0,"34,33","27,43",,,,,,,,
ncaab:401603415,ncaab,2024-01-13T23:00Z,final,2628,248,TCU,Houston,68,67,140,-166,,0,162,-196,3.0,-110,-110,,,,,2,,0,Fort Worth,TX,1,199,,,,-6.0,"29,39","31,36",118,-145,1.5,-110,-110,137.0,-110,-110
ncaab:401603418,ncaab,2024-01-13T23:00Z,final,277,251,West Virginia,Texas,76,73,210,-258,,0,190,-235,6.0,-110,-110,,,,,2,,0,Morgantown,WV,1,271,,,,-5.0,"30,46","28,45",156,-198,3.5,-115,-107,146.5,-107,-112
ncaab:401607378,ncaab,2024-01-13T23:00Z,final,265,12,Washington St,Arizona,73,70,350,-450,,0,300,-385,9.0,-110,-110,,,,,2,,0,Pullman,WA,1,717,,,,-8.0,"34,39","30,40",210,-300,4.5,-115,-110,153.0,-108,-110
ncaab:401598024,ncaab,2024-01-13T23:30Z,final,2504,2400,Prairie View,Miss Valley St,71,60,,,,0,,,,,,,,,,2,,0,Prairie View,TX,1,82,,,,-6.0,"25,46","30,30",,,,,,,,
ncaab:401573398,ncaab,2024-01-14T00:00Z,final,70,331,Idaho,E Washington,58,79,,,,0,,,,,,,,,,2,,0,Moscow,ID,1,786,,,,-8.0,"27,31","31,48",,,,,,,,
ncaab:401573402,ncaab,2024-01-14T00:00Z,final,2502,2692,Portland St,Weber St,69,66,180,-218,,0,186,-230,5.0,-110,-110,,,,,2,,0,Portland,OR,1,12,,,,-8.0,"42,27","26,40",130,-170,2.5,-112,-112,143.0,-110,-110
ncaab:401581189,ncaab,2024-01-14T00:00Z,final,160,2803,New Hampshire,Bryant,74,89,-125,105,,0,-122,102,-1.5,-110,-110,,,,,2,,0,Durham,NH,1,15,,,,-5.0,"40,34","44,45",-135,105,-0.5,-115,-115,163.5,-114,-106
ncaab:401587905,ncaab,2024-01-14T00:00Z,final,236,2430,Chattanooga,UNC Greensboro,54,70,-115,-105,,0,-108,-111,-1.5,-110,-110,,,,,2,,0,Chattanooga,TN,1,206,,,,-5.0,"30,24","37,33",-120,-108,-0.5,-106,-120,142.0,-112,-108
ncaab:401588632,ncaab,2024-01-14T00:00Z,final,2649,2050,Toledo,Ball State,77,72,-650,450,,0,-700,470,-11.0,-108,-112,,,,,2,,0,Toledo,OH,1,186,,,,-5.0,"40,37","33,39",-355,255,-6.5,-112,-112,150.5,-110,-110
ncaab:401589678,ncaab,2024-01-14T00:00Z,final,2541,2608,Santa Clara,Saint Mary's,49,73,230,-290,,0,180,-225,6.5,-110,-110,,,,,2,,0,Santa Clara,CA,1,23,,,,-8.0,"18,31","47,26",154,-205,3.0,-115,-115,134.5,-110,-110
ncaab:401600661,ncaab,2024-01-14T00:00Z,final,2210,2182,Elon,Drexel,69,89,300,-375,,0,306,-400,8.0,-110,-110,,,,,2,,0,Elon,NC,1,215,,,,-5.0,"32,37","53,36",205,-284,4.5,-111,-114,139.0,-108,-112
ncaab:401601839,ncaab,2024-01-14T00:00Z,final,339,2623,Evansville,Missouri St,64,74,160,-200,,0,150,-182,4.5,-110,-110,,,,,2,,0,Evansville,IN,1,118,,,,-6.0,"35,29","36,38",129,-172,2.5,-117,-108,142.0,-110,-110
ncaab:401604125,ncaab,2024-01-14T00:00Z,final,259,2390,Virginia Tech,Miami,71,75,-130,110,,0,-118,-102,-2.0,-110,-110,,,,,2,,0,Blacksburg,VA,1,633,,,,-5.0,"30,41","29,46",-130,104,-1.0,-115,-115,154.5,-110,-110
ncaab:401574070,ncaab,2024-01-14T00:30Z,final,292,3084,UT Rio Grande,Utah Valley,76,68,,,,0,,,,,,,,,,2,,0,Edinburg,TX,1,30,,,,-6.0,"33,43","28,40",,,,,,,,
ncaab:401573401,ncaab,2024-01-14T01:00Z,final,147,2458,Montana St,N Colorado,90,81,114,-135,,0,-118,-104,2.0,-108,-112,,,,,2,,0,Bozeman,MT,1,1468,,,,-7.0,"39,51","41,40",-100,-130,0.5,-110,-112,153.5,-111,-108
ncaab:401574068,ncaab,2024-01-14T01:00Z,final,2856,2000,CA Baptist,Abilene Chrstn,68,53,,,,0,,,,,,,,,,2,,0,Riverside,CA,1,252,,,,-8.0,"32,36","24,29",,,,,,,,
ncaab:401574069,ncaab,2024-01-14T01:00Z,final,2253,2627,Grand Canyon,Tarleton St,74,48,-990,636,,0,-1250,710,-13.0,-112,-107,,,,,2,,0,Phoenix,AZ,1,331,,,,-7.0,"36,38","29,19",-447,305,-7.5,-110,-110,139.5,-110,-111
ncaab:401580044,ncaab,2024-01-14T01:00Z,final,198,2900,Oral Roberts,St Thomas,76,87,,,,0,,,,,,,,,,2,,0,Tulsa,OK,1,220,,,,-6.0,"33,43","46,41",,,,,,,,
ncaab:401580047,ncaab,2024-01-14T01:00Z,final,2437,2449,Omaha,N Dakota St,96,92,,,,0,,,,,,,,,,2,,0,Omaha,NE,1,323,,,,-6.0,"41,41,14","39,43,10",,,,,,,,
ncaab:401601841,ncaab,2024-01-14T01:00Z,final,79,2181,S Illinois,Drake,58,76,,,,0,,,,,,,,,,2,,0,Carbondale,IL,1,126,,,,-6.0,"25,33","36,40",,,,,,,,
ncaab:401602076,ncaab,2024-01-14T01:00Z,final,2636,2429,UTSA,Charlotte,58,66,165,-205,,0,220,-275,4.5,-110,-110,,,,,2,,0,San Antonio,TX,1,198,,,,-6.0,"27,31","32,34",135,-175,3.0,-117,-107,145.5,-118,-110
ncaab:401603412,ncaab,2024-01-14T01:00Z,final,239,2132,Baylor,Cincinnati,62,59,-275,220,,0,-245,198,-6.5,-110,-110,,,,,2,,0,Waco,TX,1,143,,,,-6.0,"27,35","27,32",-215,165,-3.5,-110,-112,148.5,-110,-110
ncaab:401607379,ncaab,2024-01-14T01:00Z,final,2483,25,Oregon,California,80,73,-362,284,,0,-375,290,-8.5,-110,-110,,,,,2,,0,Eugene,OR,1,131,,,,-8.0,"39,41","43,30",-250,190,-4.5,-115,-110,147.5,-111,-110
ncaab:401574439,ncaab,2024-01-14T01:15Z,final,2453,2198,North Alabama,E Kentucky,72,81,,,,0,,,,,,,,,,2,,0,Florence,AL,1,167,,,,-6.0,"33,39","45,36",,,,,,,,
ncaab:401603413,ncaab,2024-01-14T01:15Z,final,66,197,Iowa State,Oklahoma St,66,42,-750,500,,0,-950,610,-12.5,-110,-110,,,,,2,,0,Ames,IA,1,287,,,,-6.0,"37,29","26,16",-450,310,-7.0,-112,-114,135.5,-110,-110
ncaab:401574071,ncaab,2024-01-14T01:30Z,final,253,2617,Southern Utah,SF Austin,82,84,,,,0,,,,,,,,,,2,,0,Cedar City,UT,1,1782,,,,-7.0,"43,39","43,41",,,,,,,,
ncaab:401597127,ncaab,2024-01-14T01:30Z,final,344,333,Mississippi St,Alabama,74,82,-118,102,,0,-108,-111,-1.0,-110,-110,,,,,2,,0,Starkville,MS,1,101,,,,-6.0,"38,36","40,42",-120,-104,-0.5,-108,-112,153.5,-110,-110
ncaab:401573399,ncaab,2024-01-14T02:00Z,final,16,304,Sacramento St,Idaho St,66,64,-148,124,,0,-128,104,-2.5,-108,-112,,,,,2,,0,Sacramento,CA,1,9,,,,-8.0,"34,32","35,29",-137,105,-1.5,-108,-114,131.5,-108,-112
ncaab:401573400,ncaab,2024-01-14T02:00Z,final,149,2464,Montana,N Arizona,90,47,-899,600,,0,-800,520,-13.0,-105,-115,,,,,2,,0,Missoula,MT,1,978,,,,-7.0,"47,43","24,23",-450,312,-7.5,-112,-112,145.0,-108,-110
ncaab:401589677,ncaab,2024-01-14T02:00Z,final,2351,279,LMU,Pacific,81,64,,,,0,,,,,,,,,,2,,0,Los Angeles,CA,1,89,,,,-8.0,"39,42","33,31",,,,,,,,
ncaab:401594445,ncaab,2024-01-14T02:30Z,final,2005,23,Air Force,San José St,67,70,-122,102,,0,-120,-102,-1.5,-108,-112,,,,,2,,0,Colorado Springs,CO,1,1832,,,,-7.0,"33,34","46,24",-125,-105,-0.5,-110,-114,132.0,-110,-110
ncaab:401573496,ncaab,2024-01-14T03:00Z,final,2540,299,Santa Barbara,Long Beach St,85,76,-125,105,,0,-120,-100,-1.5,-110,-110,,,,,2,,0,Santa Barbara,CA,1,15,,,,-8.0,"35,50","40,36",-123,101,-0.5,-110,-110,157.0,-110,-110
ncaab:401573499,ncaab,2024-01-14T03:00Z,final,13,28,Cal Poly,UC San Diego,61,86,475,-700,,0,350,-455,11.5,-110,-110,,,,,2,,0,San Luis Obispo,CA,1,71,,,,-8.0,"23,38","41,45",260,-367,6.5,-110,-115,132.5,-110,-110
ncaab:401589675,ncaab,2024-01-14T03:00Z,final,2539,2501,San Francisco,Portland,96,69,-1800,1050,,0,-2000,920,-17.0,-110,-110,,,,,2,,0,San Francisco,CA,1,16,,,,-8.0,"44,52","36,33",-700,447,-10.0,-107,-116,143.5,-115,-110
ncaab:401589676,ncaab,2024-01-14T03:00Z,final,301,2492,San Diego,Pepperdine,77,83,-104,-118,,0,-102,-120,1.5,-110,-110,,,,,2,,0,San Diego,CA,1,20,,,,-8.0,"48,29","35,48",-115,-112,0.5,-117,-105,151.5,-110,-110
ncaab:401607380,ncaab,2024-01-14T03:00Z,final,38,30,Colorado,USC,68,58,-800,550,,0,-375,290,-12.0,-110,-110,,,,,2,,0,Boulder,CO,1,1624,,,,-7.0,"24,44","37,21",-375,260,-6.5,-112,-108,150.5,-110,-110
ncaab:401573498,ncaab,2024-01-14T04:59Z,final,62,27,Hawai'i,UC Riverside,63,56,,,,0,,,,,,,,,,2,,0,Honolulu,HI,1,5,,,,-10.0,"35,28","34,22",,,,,,,,
ncaab:401599488,ncaab,2024-01-14T17:00Z,final,41,46,UConn,Georgetown,80,67,,,,0,,,,,,,,,,2,,0,Hartford,CT,1,18,,,,-5.0,"40,40","31,36",,,,,,,,
ncaab:401600331,ncaab,2024-01-14T17:00Z,final,127,164,Michigan St,Rutgers,73,55,-690,475,,0,-720,500,-10.5,-115,-105,,,,,2,,0,East Lansing,MI,1,261,,,,-5.0,"28,45","22,33",-387,272,-6.5,-115,-115,136.0,-110,-110
ncaab:401602077,ncaab,2024-01-14T17:00Z,final,2226,5,FAU,UAB,86,73,,,,0,,,,,,,,,,2,,0,Boca Raton,FL,1,4,,,,-5.0,"43,43","24,49",,,,,,,,
ncaab:401587694,ncaab,2024-01-14T18:00Z,final,2739,325,Green Bay,Cleveland St,79,71,-100,-120,,0,-110,-110,1.5,-110,-110,,,,,2,,0,Ashwaubenon,WI,1,185,,,,-6.0,"38,41","35,36",-105,-120,0.5,-112,-113,139.0,-110,-110
ncaab:401594312,ncaab,2024-01-14T18:00Z,final,314,116,Iona,Mount St Marys,87,70,-218,180,,0,-205,168,-5.0,-110,-110,,,,,2,,0,New Rochelle,NY,1,26,,,,-5.0,"35,52","30,40",-190,145,-2.5,-114,-111,142.0,-110,-110
ncaab:401602079,ncaab,2024-01-14T18:00Z,final,2724,235,Wichita St,Memphis,86,112,168,-205,,0,184,-225,4.5,-110,-110,,,,,2,,0,Wichita,KS,1,396,,,,-6.0,"46,40","49,63",135,-172,2.5,-115,-110,156.5,-115,-110
ncaab:401594331,ncaab,2024-01-14T19:00Z,final,2368,2520,Marist,Rider,83,60,-162,136,,0,-152,126,-3.0,-110,-110,,,,,2,,0,Poughkeepsie,NY,1,62,,,,-5.0,"39,44","24,36",-150,115,-1.5,-109,-116,132.5,-110,-110
ncaab:401594389,ncaab,2024-01-14T19:00Z,final,2363,2612,Manhattan,Saint Peter's,68,81,,,,0,,,,,,,,,,2,,0,Riverdale,NY,1,159,,,,-8.0,"28,40","34,47",,,,,,,,
ncaab:401600330,ncaab,2024-01-14T19:00Z,final,356,120,Illinois,Maryland,67,76,-470,360,,0,-410,315,-9.0,-112,-108,,,,,2,,0,Champaign,IL,1,225,,,,-6.0,"39,28","37,39",-315,230,-4.5,-120,-105,139.0,-110,-110
ncaab:401573591,ncaab,2024-01-14T20:00Z,final,2348,2335,Louisiana Tech,Liberty,80,76,-142,120,,0,-160,130,-2.5,-108,-112,,,,,2,,0,Ruston,LA,1,102,,,,-6.0,"30,39,11","37,32,7",-140,110,-1.5,-115,-115,131.0,-115,-105
ncaab:401601844,ncaab,2024-01-14T20:00Z,final,2287,2674,Illinois St,Valparaiso,50,59,-490,370,,0,-375,300,-9.5,-110,-110,,,,,2,,0,Normal,IL,1,244,,,,-6.0,"20,30","28,31",-320,240,-5.5,-112,-112,136.0,-110,-110
ncaab:401602078,ncaab,2024-01-14T20:00Z,final,202,2655,Tulsa,Tulane,87,94,120,-145,,0,115,-140,2.5,-112,-108,,,,,2,,0,Tulsa,OK,1,220,,,,-6.0,"44,34,9","37,41,16",114,-140,1.5,-117,-107,159.5,-105,-110
ncaab:401600660,ncaab,2024-01-14T21:00Z,final,350,48,UNC Wilmington,Delaware,79,74,-238,195,,0,-210,175,-5.5,-110,-110,,,,,2,,0,Wilmington,NC,1,9,,,,-5.0,"38,41","36,38",-192,154,-2.5,-114,-106,145.0,-110,-110
ncaab:401601843,ncaab,2024-01-14T21:00Z,final,93,2460,Murray St,Northern Iowa,60,70,-130,108,,0,-110,-110,-1.5,-112,-108,,,,,2,,0,Murray,KY,1,163,,,,-6.0,"27,33","25,45",-120,-104,-0.5,-110,-114,144.5,-118,-105
ncaab:401607381,ncaab,2024-01-14T22:00Z,final,24,254,Stanford,Utah,79,73,133,-161,,0,-100,-120,3.0,-110,-110,,,,,2,,0,Stanford,CA,1,23,,,,-8.0,"34,45","32,41",105,-140,1.5,-115,-115,156.5,-110,-110
ncaab:401607382,ncaab,2024-01-15T00:00Z,final,26,264,UCLA,Washington,73,61,-108,-111,,0,118,-142,1.0,-110,-110,,,,,2,,0,Los Angeles,CA,1,89,,,,-8.0,"30,43","22,39",-115,-115,0.0,-115,-115,139.5,-110,-105
ncaab:401594260,ncaab,2024-01-15T17:00Z,final,2099,2217,Canisius,Fairfield,63,88,-130,109,,0,-130,110,-2.0,-110,-110,,,,,2,,0,Buffalo,NY,1,183,,,,-5.0,"28,35","47,41",-135,110,-1.0,-112,-108,149.0,-111,-109
ncaab:401594365,ncaab,2024-01-15T17:00Z,final,315,2561,Niagara,Siena,88,93,-247,201,,0,-298,240,-6.0,-111,-109,,,,,2,,0,Niagara Falls,NY,1,187,,,,-5.0,"39,49","33,60",-188,154,-3.5,-112,-108,138.0,-110,-110
ncaab:401600333,ncaab,2024-01-15T17:00Z,final,130,194,Michigan,Ohio State,73,65,-125,105,,0,-105,-115,-1.5,-110,-110,,,,,2,,0,Ann Arbor,MI,1,269,,,,-5.0,"37,36","28,37",,,,,,146.0,-112,-108
ncaab:401589452,ncaab,2024-01-15T18:00Z,final,2681,284,Wagner,Stonehill,64,54,-278,225,,0,-350,260,-6.0,-112,-108,,,,,2,,0,Staten Island,NY,1,21,,,,-5.0,"32,32","19,35",-206,163,-3.0,-119,-104,130.5,-110,-110
ncaab:401577668,ncaab,2024-01-15T19:00Z,final,108,225,Harvard,Brown,72,74,-160,130,,0,-190,160,-3.0,-110,-110,,,,,2,,0,Cambridge,MA,1,5,,,,-5.0,"24,48","41,33",-150,120,-1.5,-110,-115,142.0,-110,-110
ncaab:401587174,ncaab,2024-01-15T19:00Z,final,163,159,Princeton,Dartmouth,76,58,-2247,1200,,0,-5000,1700,-17.5,-105,-115,,,,,2,,0,Princeton,NJ,1,62,,,,-5.0,"43,33","30,28",-800,500,-10.0,-114,-109,134.0,-112,-108
ncaab:401589367,ncaab,2024-01-15T19:00Z,final,172,219,Cornell,Penn,77,60,-355,280,,0,-350,260,-7.5,-112,-108,,,,,2,,0,Ithaca,NY,1,125,,,,-5.0,"28,49","31,29",-250,198,-4.5,-109,-116,161.5,-110,-110
ncaab:401596841,ncaab,2024-01-15T19:00Z,final,45,2244,G Washington,George Mason,75,62,,,,0,,,,,,,,,,2,,0,Washington,DC,1,7,,,,-5.0,"37,38","24,38",,,,,,,,
ncaab:401599489,ncaab,2024-01-15T19:30Z,final,269,222,Marquette,Villanova,87,74,-305,245,,0,-260,210,-6.5,-115,-105,,,,,2,,0,Milwaukee,WI,1,188,,,,-6.0,"43,44","40,34",-220,170,-3.0,-117,-108,143.5,-120,100
ncaab:401578967,ncaab,2024-01-15T20:00Z,final,2466,2277,N'Western St,Hou Christian,69,64,,,,0,,,,,,,,,,2,,0,Natchitoches,LA,1,36,,,,-6.0,"35,34","24,40",,,,,,,,
ncaab:401603003,ncaab,2024-01-15T20:00Z,final,2640,2400,Texas Southern,Miss Valley St,93,61,,,,0,,,,,,,,,,2,,0,Houston,TX,1,12,,,,-6.0,"46,47","29,32",,,,,,,,
ncaab:401589513,ncaab,2024-01-15T21:00Z,final,2115,2771,C Connecticut,Merrimack,75,70,,,,0,,,,,,,,,,2,,0,New Britain,CT,1,51,,,,-5.0,"36,39","28,42",,,,,,,,
ncaab:401596840,ncaab,2024-01-15T21:00Z,final,2603,2325,Saint Joseph's,La Salle,82,62,-700,500,,0,-720,500,-11.5,-108,-112,,,,,2,,0,Philadelphia,PA,1,12,,,,-5.0,"42,40","29,33",-375,280,-6.5,-108,-112,150.5,-110,-110
ncaab:401598025,ncaab,2024-01-15T21:30Z,void,2504,2029,Prairie View,AR-Pine Bluff,,,,,,0,,,,,,,,,,2,,0,Prairie View,TX,1,82,,,,-6.0,,,,,,,,,,
ncaab:401600332,ncaab,2024-01-15T23:00Z,final,135,2294,Minnesota,Iowa,77,86,-166,138,,0,-104,-115,-3.0,-110,-110,,,,,2,,0,Minneapolis,MN,1,253,,,,-6.0,"32,45","39,47",-175,130,-1.5,-112,-108,157.5,-110,-112
ncaab:401579077,ncaab,2024-01-16T00:00Z,final,2545,357,SE Louisiana,Texas A&M-CC,68,73,,,,0,,,,,,,,,,2,,0,Hammond,LA,1,13,,,,-6.0,"28,40","33,40",,,,,,,,
ncaab:401587191,ncaab,2024-01-16T00:00Z,final,43,171,Yale,Columbia,89,70,-1000,650,,0,-1050,660,-14.0,-110,-110,,,,,2,,0,New Haven,CT,1,18,,,,-5.0,"41,48","39,31",-500,350,-7.5,-108,-120,144.0,-110,-110
ncaab:401589389,ncaab,2024-01-16T00:00Z,final,2598,161,Saint Francis,FDU,71,81,,,,0,,,,,,,,,,2,,0,Loretto,PA,1,595,,,,-5.0,"39,32","41,40",,,,,,,,
ncaab:401589484,ncaab,2024-01-16T00:00Z,final,2330,2529,Le Moyne,Sacred Heart,73,80,104,-125,,0,102,-122,1.5,-112,-110,,,,,2,,0,Syracuse,NY,1,121,,,,-5.0,"34,39","37,43",-103,-117,0.5,-113,-107,146.5,-106,-110
ncaab:401594407,ncaab,2024-01-16T00:00Z,final,2450,3229,Norfolk St,VA Lynchburg,118,73,,,,0,,,,,,,,,,2,,0,Norfolk,VA,1,2,,,,-5.0,"59,59","29,44",,,,,,,,
ncaab:401594512,ncaab,2024-01-16T00:00Z,final,2352,44,Loyola MD,American,52,66,142,-170,,0,128,-154,4.0,-108,-112,,,,,2,,0,Baltimore,MD,1,10,,,,-5.0,"27,25","29,37",120,-148,1.5,-115,-108,136.0,-110,-110
ncaab:401600239,ncaab,2024-01-16T00:00Z,final,56,2130,Stetson,Chicago St,70,77,-550,410,,0,-520,385,-9.5,-110,-110,,,,,2,,0,DeLand,FL,1,12,,,,-5.0,"38,32","44,33",-350,260,-6.0,-105,-122,137.5,-115,-110
ncaab:401604127,ncaab,2024-01-16T00:00Z,final,103,87,Boston College,Notre Dame,63,59,-425,330,,0,-300,240,-9.5,-110,-110,,,,,2,,0,Chestnut Hill,MA,1,60,,,,-5.0,"29,34","36,23",-300,225,-5.0,-115,-115,135.5,-110,-110
ncaab:401607612,ncaab,2024-01-16T00:00Z,final,47,60,Howard,Morehouse,78,72,,,,0,,,,,,,,,,2,,0,Washington,DC,1,7,,,,-5.0,"39,39","36,36",,,,,,,,
ncaab:401574629,ncaab,2024-01-16T00:30Z,final,2065,2582,Bethune,Southern,83,81,154,-185,,0,180,-218,4.0,-112,-108,,,,,2,,0,Daytona Beach,FL,1,4,,,,-5.0,"36,35,12","41,30,10",130,-155,2.0,-110,-110,147.5,-110,-110
ncaab:401579044,ncaab,2024-01-16T00:30Z,final,2447,2443,Nicholls,LSU N Orleans,78,75,,,,0,,,,,,,,,,2,,0,Thibodaux,LA,1,4,,,,-6.0,"32,46","42,33",,,,,,,,
ncaab:401627822,ncaab,2024-01-16T00:30Z,final,2011,2010,Alabama St,Alabama A&M,72,55,-230,190,,1,-250,202,-5.5,-110,-110,,,,,2,,0,Mobile,AL,1,3,,,,-6.0,"29,43","25,30",-190,154,-3.5,-110,-110,143.5,-108,-110
ncaab:401579016,ncaab,2024-01-16T01:00Z,final,2377,2320,McNeese,Lamar,88,69,-820,550,,0,-880,580,-11.5,-110,-110,,,,,2,,0,Lake Charles,LA,1,4,,,,-6.0,"41,47","35,34",-437,315,-6.5,-119,-107,145.0,-110,-110
ncaab:401598903,ncaab,2024-01-16T01:00Z,final,50,2755,Florida A&M,Grambling,52,65,124,-148,,0,-104,-115,2.5,-110,-110,,,,,2,,0,Tallahassee,FL,1,62,,,,-5.0,"23,29","29,36",106,-133,1.0,-112,-114,132.5,-110,-110
ncaab:401600666,ncaab,2024-01-16T02:00Z,final,2261,2448,Hampton,NC A&T,80,81,,,,0,,,,,,,,,,2,,0,Hampton,VA,1,1,,,,-5.0,"42,38","42,39",,,,,,,,
ncaab:401597132,ncaab,2024-01-16T22:00Z,final,2633,57,Tennessee,Florida,85,66,-470,360,,0,-490,365,-9.5,-114,-106,,,,,2,,0,Knoxville,TN,1,276,,,,-5.0,"44,41","32,34",-320,240,-5.0,-115,-115,159.5,-110,-115
ncaab:401587909,ncaab,2024-01-16T23:00Z,final,2717,2535,W Carolina,Samford,71,75,,,,0,,,,,,,,,,2,,0,Cullowhee,NC,1,645,,,,-5.0,"29,42","37,38",,,,,,,,
ncaab:401599491,ncaab,2024-01-16T23:30Z,final,2752,2086,Xavier,Butler,85,71,-238,190,,0,-225,184,-5.5,-110,-110,,,,,2,,0,Cincinnati,OH,1,191,,,,-5.0,"46,39","32,39",-192,154,-2.5,-115,-115,151.0,-110,-110
ncaab:401588638,ncaab,2024-01-17T00:00Z,final,2649,2084,Toledo,Buffalo,77,66,-1399,800,,0,-1400,800,-15.5,-110,-110,,,,,2,,0,Toledo,OH,1,186,,,,-5.0,"33,44","33,33",-600,390,-8.5,-120,-103,153.5,-108,-112
ncaab:401588639,ncaab,2024-01-17T00:00Z,final,2199,2050,E Michigan,Ball State,62,76,,,,0,,,,,,,,,,2,,0,Ypsilanti,MI,1,219,,,,-5.0,"29,33","32,44",,,,,,,,
ncaab:401588640,ncaab,2024-01-17T00:00Z,final,2006,2711,Akron,W Michigan,77,66,,,,0,,,,,,,,,,2,,0,Akron,OH,1,291,,,,-5.0,"27,50","29,37",,,,,,,,
ncaab:401588641,ncaab,2024-01-17T00:00Z,final,193,189,Miami OH,Bowling Green,73,78,-108,-112,,0,-104,-115,1.0,-110,-110,,,,,2,,0,Oxford,OH,1,283,,,,-5.0,"37,36","36,42",-110,-114,0.5,-115,-106,145.0,-110,-110
ncaab:401588642,ncaab,2024-01-17T00:00Z,final,195,2117,Ohio,C Michigan,73,61,,,,0,,,,,,,,,,2,,0,Athens,OH,1,219,,,,-5.0,"40,33","28,33",,,,,,,,
ncaab:401596843,ncaab,2024-01-17T00:00Z,final,2184,257,Duquesne,Richmond,61,63,-170,140,,0,-184,152,-3.5,-110,-110,,,,,2,,0,Pittsburgh,PA,1,233,,,,-5.0,"33,28","28,35",-158,125,-1.5,-115,-110,137.5,-115,-105
ncaab:401597130,ncaab,2024-01-17T00:00Z,final,333,142,Alabama,Missouri,93,75,-1499,850,,0,-1600,860,-14.5,-118,-102,,,,,2,,0,Tuscaloosa,AL,1,68,,,,-6.0,"36,57","34,41",-600,400,-8.5,-108,-112,161.5,-110,-110
ncaab:401600335,ncaab,2024-01-17T00:00Z,final,84,2509,Indiana,Purdue,66,87,375,-500,,0,320,-420,9.5,-110,-110,,,,,2,,0,Bloomington,IN,1,235,,,,-5.0,"29,37","51,36",230,-300,5.5,-115,-115,150.5,-110,-110
ncaab:401601845,ncaab,2024-01-17T00:00Z,final,282,2623,Indiana St,Missouri St,88,66,-899,600,,0,-950,610,-12.5,-110,-110,,,,,2,,0,Terre Haute,IN,1,152,,,,-5.0,"44,44","30,36",-437,322,-7.0,-115,-107,154.5,-118,-112
ncaab:401603420,ncaab,2024-01-17T00:00Z,final,2132,2628,Cincinnati,TCU,81,77,-170,140,,0,-128,106,-3.5,-110,-110,,,,,2,,0,Cincinnati,OH,1,191,,,,-5.0,"32,35,14","33,34,10",-150,120,-1.5,-112,-110,150.5,-110,-115
ncaab:401604129,ncaab,2024-01-17T00:00Z,final,152,154,NC State,Wake Forest,83,76,,,,0,,,,,,,,,,2,,0,Raleigh,NC,1,96,,,,-5.0,"35,48","45,31",,,,,,,,
ncaab:401604130,ncaab,2024-01-17T00:00Z,final,221,183,Pitt,Syracuse,58,69,-300,240,,0,-235,190,-6.5,-110,-110,,,,,2,,0,Pittsburgh,PA,1,233,,,,-5.0,"26,32","37,32",-230,180,-3.5,-112,-108,148.0,-108,-112
ncaab:401588643,ncaab,2024-01-17T01:00Z,final,2459,2309,N Illinois,Kent State,76,83,155,-188,,0,150,-182,4.0,-110,-110,,,,,2,,0,Dekalb,IL,1,268,,,,-6.0,"35,41","40,43",136,-165,2.5,-115,-105,148.0,-110,-110
ncaab:401596842,ncaab,2024-01-17T01:00Z,final,2168,139,Dayton,Saint Louis,70,65,-850,575,,0,-1100,680,-11.5,-115,-105,,,,,2,,0,Dayton,OH,1,225,,,,-5.0,"28,42","30,35",-395,310,-6.5,-118,-110,141.5,-110,-110
ncaab:401602080,ncaab,2024-01-17T01:00Z,final,242,2429,Rice,Charlotte,79,81,115,-140,,0,116,-140,2.0,-110,-110,,,,,2,,0,Houston,TX,1,12,,,,-6.0,"38,32,9","30,40,11",105,-134,1.0,-108,-112,137.5,-110,-110
ncaab:401602081,ncaab,2024-01-17T01:00Z,final,2567,218,SMU,Temple,77,64,,,,0,,,,,,,,,,2,,0,Dallas,TX,1,128,,,,-6.0,"30,47","28,36",,,,,,,,
ncaab:401603421,ncaab,2024-01-17T01:00Z,final,2306,239,Kansas St,Baylor,68,64,-115,-105,,0,112,-134,-1.0,-110,-110,,,,,2,,0,Manhattan,KS,1,311,,,,-6.0,"26,28,14","31,23,10",-115,-108,-0.5,-102,-120,141.0,-110,-110
ncaab:401599490,ncaab,2024-01-17T01:42Z,final,2550,2599,Seton Hall,St John's,80,65,,,,0,,,,,,,,,,2,,0,Newark,NJ,1,9,,,,-5.0,"38,42","24,41",,,,,,,,
ncaab:401594446,ncaab,2024-01-17T02:00Z,final,36,2005,Colorado St,Air Force,78,69,-1600,900,,0,-2800,1160,-15.5,-110,-110,,,,,2,,0,Fort Collins,CO,1,1525,,,,-7.0,"24,40,14","27,37,5",-700,450,-9.0,-113,-111,135.0,-110,-110
ncaab:401597131,ncaab,2024-01-17T02:00Z,final,8,245,Arkansas,Texas A&M,78,77,115,-140,,0,128,-154,2.5,-120,-102,,,,,2,,0,Fayetteville,AR,1,427,,,,-6.0,"46,32","32,45",110,-138,1.5,-120,-102,147.0,-112,-110
ncaab:401597133,ncaab,2024-01-17T02:00Z,final,2579,61,South Carolina,Georgia,69,74,-275,220,,0,-170,140,-6.5,-110,-110,,,,,2,,0,Columbia,SC,1,89,,,,-5.0,"34,35","33,41",-215,172,-3.5,-115,-115,137.5,-110,-110
ncaab:401600334,ncaab,2024-01-17T02:00Z,final,213,275,Penn State,Wisconsin,87,83,210,-260,,0,210,-260,5.5,-110,-110,,,,,2,,0,University Park,PA,1,348,,,,-5.0,"39,48","35,48",160,-200,3.0,-110,-120,144.5,-110,-110
ncaab:401603419,ncaab,2024-01-17T02:00Z,final,252,66,BYU,Iowa State,87,72,-180,150,,0,-196,162,-4.0,-110,-110,,,,,2,,0,Provo,UT,1,1387,,,,-7.0,"39,48","35,37",-165,125,-2.5,-110,-120,144.5,-110,-110
ncaab:401603422,ncaab,2024-01-17T02:00Z,final,197,2305,Oklahoma St,Kansas,66,90,245,-310,,0,235,-295,7.0,-110,-110,,,,,2,,0,Stillwater,OK,1,273,,,,-6.0,"33,33","48,42",165,-225,3.5,-110,-110,139.5,-110,-110
ncaab:401604128,ncaab,2024-01-17T02:00Z,final,228,59,Clemson,Georgia Tech,90,93,-750,525,,0,-720,500,-11.5,-110,-110,,,,,2,,0,Clemson,SC,1,221,,,,-5.0,"32,39,11,8","30,41,11,11",-400,290,-6.5,-115,-115,149.0,-110,-110
ncaab:401597305,ncaab,2024-01-17T03:00Z,final,68,2439,Boise St,UNLV,64,68,-225,184,,0,-265,215,-4.5,-110,-110,,,,,2,,0,Boise,ID,1,823,,,,-7.0,"34,30","36,32",-178,140,-2.5,-115,-115,139.5,-110,-110
ncaab:401600809,ncaab,2024-01-17T03:00Z,final,278,23,Fresno St,San José St,85,82,-150,125,,0,-122,102,-2.5,-114,-106,,,,,2,,0,Fresno,CA,1,94,,,,-8.0,"39,46","40,42",-145,114,-1.5,-108,-117,136.0,-110,-110
ncaab:401600795,ncaab,2024-01-17T03:45Z,final,167,328,New Mexico,Utah State,99,86,-285,230,,0,-205,170,-7.0,-110,-110,,,,,2,,0,Albuquerque,NM,1,1511,,,,-7.0,"55,44","39,47",-200,160,-3.5,-110,-120,157.0,-108,-110
ncaab:401587912,ncaab,2024-01-17T23:00Z,final,2678,231,VMI,Furman,60,100,900,-1600,,0,740,-1250,16.0,-110,-110,,,,,2,,0,Lexington,VA,1,324,,,,-5.0,"26,34","41,59",425,-650,8.5,-106,-114,166.0,-112,-110
ncaab:401598637,ncaab,2024-01-17T23:00Z,final,349,2142,Army,Colgate,56,64,330,-425,,0,285,-360,8.5,-108,-112,,,,,2,,0,West Point,NY,1,47,,,,-5.0,"21,35","22,42",215,-280,4.5,-110,-115,132.0,-110,-110
ncaab:401581498,ncaab,2024-01-17T23:30Z,final,2026,2247,App State,Georgia St,76,68,,,,0,,,,,,,,,,2,,0,Boone,NC,1,981,,,,-5.0,"39,37","30,38",,,,,,,,
ncaab:401587695,ncaab,2024-01-18T00:00Z,final,2523,2174,Robert Morris,Detroit Mercy,102,99,-400,310,,0,-400,310,-8.5,-110,-110,,,,,2,,0,Moon Township,PA,1,358,,,,-5.0,"41,33,11,17","41,33,11,14",-255,190,-4.5,-113,-111,144.5,-110,-110
ncaab:401587696,ncaab,2024-01-18T00:00Z,final,2870,85,Purdue FW,IU Indy,79,85,-1600,900,,0,-1799,1050,-17.0,-110,-110,,,,,2,,0,Fort Wayne,IN,1,247,,,,-5.0,"31,48","39,46",-750,472,-10.0,-113,-111,152.0,-112,-110
ncaab:401587697,ncaab,2024-01-18T00:00Z,final,2473,2754,Oakland,Youngstown St,70,67,-166,140,,0,-173,141,-3.5,-108,-112,,,,,2,,0,Rochester,MI,1,229,,,,-5.0,"28,42","31,36",-155,119,-1.5,-112,-113,152.5,-110,-110
ncaab:401587910,ncaab,2024-01-18T00:00Z,final,2382,236,Mercer,Chattanooga,60,74,124,-148,,0,-105,-115,2.5,-110,-110,,,,,2,,0,Macon,GA,1,112,,,,-5.0,"23,37","31,43",107,-140,1.5,-117,-108,140.5,-110,-110
ncaab:401587911,ncaab,2024-01-18T00:00Z,final,2430,2643,UNC Greensboro,The Citadel,73,67,-625,455,,0,-575,425,-11.0,-110,-110,,,,,2,,0,Greensboro,NC,1,266,,,,-5.0,"38,35","29,38",-371,262,-6.5,-109,-115,133.0,-110,-110
ncaab:401587913,ncaab,2024-01-18T00:00Z,final,2747,2193,Wofford,ETSU,75,73,,,,0,,,,,,,,,,2,,0,Spartanburg,SC,1,246,,,,-5.0,"36,39","38,35",,,,,,,,
ncaab:401594489,ncaab,2024-01-18T00:00Z,final,104,2083,Boston U,Bucknell,57,73,-192,160,,0,-192,154,-4.5,-110,-110,,,,,2,,0,Boston,MA,1,14,,,,-5.0,"20,37","33,40",-180,140,-2.5,-117,-108,134.0,-105,-110
ncaab:401596844,ncaab,2024-01-18T00:00Z,final,179,227,St Bonaventure,Rhode Island,99,64,,,,0,,,,,,,,,,2,,0,Saint Bonaventure,NY,1,435,,,,-5.0,"51,48","25,39",,,,,,,,
ncaab:401596845,ncaab,2024-01-18T00:00Z,final,2350,113,Loyola Chicago,UMass,79,78,,,,0,,,,,,,,,,2,,0,Chicago,IL,1,179,,,,-6.0,"43,36","40,38",,,,,,,,
ncaab:401596846,ncaab,2024-01-18T00:00Z,final,2230,2166,Fordham,Davidson,69,79,-148,124,,0,-115,-105,-2.5,-110,-110,,,,,2,,0,Bronx,NY,1,28,,,,-5.0,"37,32","34,45",-140,107,-1.5,-108,-117,143.5,-112,-110
ncaab:401597134,ncaab,2024-01-18T00:00Z,final,99,145,LSU,Ole Miss,89,80,-160,135,,0,-115,-104,-3.0,-110,-110,,,,,2,,0,Baton Rouge,LA,1,14,,,,-6.0,"35,54","33,47",-160,124,-1.5,-115,-115,150.5,-110,-110
ncaab:401597136,ncaab,2024-01-18T00:00Z,final,96,344,Kentucky,Mississippi St,90,77,-275,220,,0,-230,188,-6.5,-110,-110,,,,,2,,0,Lexington,KY,1,295,,,,-5.0,"47,43","29,48",-230,175,-3.5,-118,-105,156.5,-110,-110
ncaab:401598593,ncaab,2024-01-18T00:00Z,final,2426,2329,Navy,Lehigh,71,69,-155,122,,0,-130,109,-2.5,-110,-118,,,,,2,,0,Annapolis,MD,1,12,,,,-5.0,"35,36","35,34",-135,105,-1.5,-110,-115,142.5,-110,-110
ncaab:401599493,ncaab,2024-01-18T00:00Z,final,41,156,UConn,Creighton,62,48,,,,0,,,,,,,,,,2,,0,Storrs,CT,1,187,,,,-5.0,"32,30","21,27",,,,,,,,
ncaab:401600154,ncaab,2024-01-18T00:00Z,final,107,322,Holy Cross,Lafayette,68,72,138,-170,,0,185,-225,3.5,-110,-110,,,,,2,,0,Worcester,MA,1,147,,,,-5.0,"31,37","37,35",114,-145,2.0,-115,-110,130.5,-110,-110
ncaab:401600337,ncaab,2024-01-18T00:00Z,final,164,158,Rutgers,Nebraska,87,82,-160,130,,0,-128,106,-2.5,-112,-108,,,,,2,,0,Piscataway,NJ,1,30,,,,-5.0,"36,33,18","36,33,13",-145,116,-1.5,-125,-105,144.5,-108,-110
ncaab:401601229,ncaab,2024-01-18T00:00Z,final,2515,2241,Radford,Gardner-Webb,68,74,-180,150,,0,-180,150,-4.0,-110,-110,,,,,2,,0,Radford,VA,1,567,,,,-5.0,"28,40","43,31",-175,135,-2.5,-108,-117,140.5,-107,-110
ncaab:401601230,ncaab,2024-01-18T00:00Z,final,2506,2272,Presbyterian,High Point,83,86,300,-380,,0,350,-450,7.5,-110,-110,,,,,2,,0,Clinton,SC,1,76,,,,-5.0,"31,52","37,49",190,-250,4.0,-120,-110,149.5,-110,-110
ncaab:401601231,ncaab,2024-01-18T00:00Z,final,2908,2344,SC Upstate,Longwood,73,71,195,-240,,0,165,-200,5.5,-112,-108,,,,,2,,0,Spartanburg,SC,1,246,,,,-5.0,"28,45","38,33",145,-190,3.0,-109,-116,136.5,-106,-114
ncaab:401602082,ncaab,2024-01-18T00:00Z,final,151,249,East Carolina,North Texas,59,60,128,-154,,0,150,-180,3.0,-110,-110,,,,,2,,0,Greenville,NC,1,18,,,,-5.0,"26,33","30,30",112,-145,1.0,-109,-116,122.5,-110,-110
ncaab:401604131,ncaab,2024-01-18T00:00Z,final,2390,52,Miami,Florida St,75,84,-278,225,,0,-320,255,-6.5,-110,-110,,,,,2,,0,Coral Gables,FL,1,3,,,,-5.0,"35,40","45,39",-210,168,-3.5,-110,-115,156.5,-110,-112
ncaab:401604133,ncaab,2024-01-18T00:00Z,final,258,259,Virginia,Virginia Tech,65,57,-199,164,,0,-144,120,-4.5,-110,-110,,,,,2,,0,Charlottesville,VA,1,142,,,,-5.0,"25,40","18,39",-166,130,-2.5,-108,-117,125.5,-110,-110
ncaab:401581616,ncaab,2024-01-18T01:00Z,final,2572,2032,Southern Miss,Arkansas St,69,66,136,-162,,0,-114,-105,3.0,-110,-110,,,,,2,,0,Hattiesburg,MS,1,52,,,,-6.0,"31,38","33,33",114,-140,1.5,-113,-106,151.5,-112,-108
ncaab:401581678,ncaab,2024-01-18T01:00Z,final,326,309,Texas St,Louisiana,68,86,-115,-105,,0,-118,-104,-1.0,-108,-112,,,,,2,,0,San Marcos,TX,1,188,,,,-6.0,"29,39","44,42",-115,-105,0.0,-110,-109,135.5,-110,-114
ncaab:401601847,ncaab,2024-01-18T01:00Z,final,339,2674,Evansville,Valparaiso,78,75,-340,260,,0,-250,198,-7.0,-112,-108,,,,,2,,0,Evansville,IN,1,118,,,,-6.0,"40,38","38,37",-234,185,-4.0,-111,-111,142.5,-105,-110
ncaab:401601848,ncaab,2024-01-18T01:00Z,final,2287,2181,Illinois St,Drake,56,77,260,-350,,0,255,-320,7.5,-110,-110,,,,,2,,0,Normal,IL,1,244,,,,-6.0,"27,29","43,34",175,-250,4.0,-107,-117,137.5,-110,-114
ncaab:401601849,ncaab,2024-01-18T01:00Z,final,79,71,S Illinois,Bradley,69,70,,,,0,,,,,,,,,,2,,0,Carbondale,IL,1,126,,,,-6.0,"45,24","24,46",,,,,,,,
ncaab:401601850,ncaab,2024-01-18T01:00Z,final,82,93,UIC,Murray St,58,73,-112,-108,,0,-104,-115,-1.0,-110,-110,,,,,2,,0,Chicago,IL,1,179,,,,-6.0,"31,27","33,40",-117,-109,-0.5,-109,-114,138.0,-115,-105
ncaab:401602083,ncaab,2024-01-18T01:00Z,final,202,2636,Tulsa,UTSA,107,78,-290,230,,0,-320,255,-6.5,-110,-110,,,,,2,,0,Tulsa,OK,1,220,,,,-6.0,"53,54","48,30",-219,175,-3.5,-112,-110,154.5,-115,-108
ncaab:401602084,ncaab,2024-01-18T01:00Z,final,5,2655,UAB,Tulane,83,69,-142,120,,0,120,-142,-2.0,-110,-110,,,,,2,,0,Birmingham,AL,1,187,,,,-6.0,"39,44","33,36",-135,104,-1.0,-109,-110,164.5,-110,-110
ncaab:401603424,ncaab,2024-01-18T01:00Z,final,201,277,Oklahoma,West Virginia,77,63,-899,600,,0,-1200,720,-12.5,-108,-112,,,,,2,,0,Norman,OK,1,357,,,,-6.0,"29,48","25,38",-425,330,-6.5,-120,-102,146.5,-105,-110
ncaab:401603425,ncaab,2024-01-18T01:00Z,final,251,2116,Texas,UCF,71,77,-400,310,,0,-345,270,-8.5,-110,-110,,,,,2,,0,Austin,TX,1,149,,,,-6.0,"44,27","32,45",-275,200,-4.5,-110,-110,137.5,-110,-108
ncaab:401597135,ncaab,2024-01-18T02:00Z,final,238,2,Vanderbilt,Auburn,65,80,500,-750,,0,740,-1250,11.5,-110,-110,,,,,2,,0,Nashville,TN,1,170,,,,-6.0,"24,41","41,39",270,-375,6.5,-110,-112,145.5,-110,-110
ncaab:401599492,ncaab,2024-01-18T02:00Z,final,305,2507,DePaul,Providence,62,100,360,-480,,0,330,-430,9.5,-110,-110,,,,,2,,0,Chicago,IL,1,179,,,,-6.0,"31,31","47,53",240,-315,5.5,-120,-105,135.0,-108,-112
ncaab:401600336,ncaab,2024-01-18T02:00Z,final,77,120,Northwestern,Maryland,72,69,-198,164,,0,-164,136,-4.5,-110,-110,,,,,2,,0,Evanston,IL,1,187,,,,-6.0,"32,40","28,41",-185,138,-2.5,-115,-106,131.5,-115,-108
ncaab:401601846,ncaab,2024-01-18T02:00Z,final,2057,2460,Belmont,Northern Iowa,72,83,114,-135,,0,-114,-105,2.0,-108,-112,,,,,2,,0,Nashville,TN,1,170,,,,-6.0,"40,32","39,44",-105,-127,1.0,-106,-117,148.5,-110,-110
ncaab:401603423,ncaab,2024-01-18T02:00Z,final,248,2641,Houston,Texas Tech,77,54,-950,625,,0,-690,480,-13.0,-112,-108,,,,,2,,0,Houston,TX,1,12,,,,-6.0,"38,39","29,25",-450,310,-7.5,-110,-115,129.5,-110,-110
ncaab:401604132,ncaab,2024-01-18T02:00Z,final,153,97,North Carolina,Louisville,86,70,-3200,1400,,0,-7000,2000,-21.0,-110,-110,,,,,2,,0,Chapel Hill,NC,1,148,,,,-5.0,"46,40","29,41",-1450,750,-12.5,-110,-120,156.5,-110,-110
ncaab:401607474,ncaab,2024-01-18T02:00Z,final,9,26,Arizona St,UCLA,66,68,-166,140,,0,-178,146,-3.5,-110,-110,,,,,2,,0,Tempe,AZ,1,360,,,,-7.0,"36,30","23,45",-150,118,-1.5,-115,-115,131.0,-105,-110
ncaab:401607383,ncaab,2024-01-18T03:00Z,final,12,30,Arizona,USC,82,67,-2800,1300,,0,-2300,1060,-20.5,-105,-115,,,,,2,,0,Tucson,AZ,1,759,,,,-7.0,"45,37","35,32",-1300,730,-12.5,-115,-115,159.0,-102,-118
ncaab:401597938,ncaab,2024-01-18T04:00Z,final,21,2440,San Diego St,Nevada,71,59,-310,250,,0,-230,188,-7.5,-108,-112,,,,,2,,0,San Diego,CA,1,20,,,,-8.0,"38,33","24,35",-210,160,-3.5,-115,-114,139.0,-108,-112
ncaab:401581193,ncaab,2024-01-18T23:07Z,final,2066,261,Binghamton,Vermont,62,82,225,-280,,0,185,-225,7.0,-108,-112,,,,,2,,0,Binghamton,NY,1,264,,,,-5.0,"27,35","31,51",172,-218,3.5,-114,-106,140.5,-110,-110
ncaab:401600339,ncaab,2024-01-18T23:30Z,final,127,135,Michigan St,Minnesota,76,66,-800,550,,0,-1050,660,-12.0,-112,-108,,,,,2,,0,East Lansing,MI,1,261,,,,-5.0,"37,39","32,34",-400,280,-7.0,-115,-115,140.0,-110,-110
ncaab:401573593,ncaab,2024-01-19T00:00Z,final,2335,2229,Liberty,FIU,78,69,,,,0,,,,,,,,,,2,,0,Lynchburg,VA,1,192,,,,-5.0,"36,42","29,40",,,,,,,,
ncaab:401574513,ncaab,2024-01-19T00:00Z,final,2454,338,North Florida,Kennesaw St,84,75,130,-155,,0,104,-128,3.0,-110,-110,,,,,2,,0,Jacksonville,FL,1,5,,,,-5.0,"38,46","35,40",114,-140,1.5,-115,-107,163.5,-110,-105
ncaab:401574538,ncaab,2024-01-19T00:00Z,final,294,2511,Jacksonville,Queens,79,77,-148,124,,0,-120,-100,-2.5,-110,-110,,,,,2,,0,Jacksonville,FL,1,5,,,,-5.0,"26,53","37,40",-137,112,-1.5,-102,-120,155.0,-110,-110
ncaab:401581192,ncaab,2024-01-19T00:00Z,final,399,2349,UAlbany,UMass Lowell,76,97,,,,0,,,,,,,,,,2,,0,Albany,NY,1,45,,,,-5.0,"43,33","44,53",,,,,,,,
ncaab:401581194,ncaab,2024-01-19T00:00Z,final,2378,311,UMBC,Maine,70,65,125,-150,,0,130,-160,2.5,-110,-110,,,,,2,,0,Baltimore,MD,1,10,,,,-5.0,"34,36","30,35",112,-137,2.0,-112,-110,154.5,-110,-110
ncaab:401581195,ncaab,2024-01-19T00:00Z,final,2885,160,NJIT,New Hampshire,62,70,,,,0,,,,,,,,,,2,,0,Newark,NJ,1,9,,,,-5.0,"30,32","30,40",,,,,,,,
ncaab:401581632,ncaab,2024-01-19T00:00Z,final,290,324,GA Southern,Coastal,73,70,,,,0,,,,,,,,,,2,,0,Statesboro,GA,1,77,,,,-5.0,"34,39","33,37",,,,,,,,
ncaab:401581700,ncaab,2024-01-19T00:00Z,final,295,276,Old Dominion,Marshall,91,66,-120,-102,,0,-100,-120,-1.5,-108,-112,,,,,2,,0,Norfolk,VA,1,2,,,,-5.0,"34,57","38,28",-121,-104,-0.5,-110,-110,157.5,-110,-108
ncaab:401587698,ncaab,2024-01-19T00:00Z,final,2750,2739,Wright St,Green Bay,81,88,-575,425,,0,-400,310,-10.0,-115,-105,,,,,2,,0,Dayton,OH,1,225,,,,-5.0,"29,52","39,49",-326,247,-5.5,-114,-105,149.0,-110,-110
ncaab:401587699,ncaab,2024-01-19T00:00Z,final,94,270,N Kentucky,Milwaukee,90,72,-135,114,,0,-150,125,-2.0,-105,-115,,,,,2,,0,Highland Heights,KY,1,260,,,,-5.0,"46,44","41,31",-130,-105,-1.0,-113,-109,156.5,-110,-110
ncaab:401600667,ncaab,2024-01-19T00:00Z,final,2729,2097,William & Mary,Campbell,64,77,-210,175,,0,-180,150,-5.0,-110,-110,,,,,2,,0,Williamsburg,VA,1,25,,,,-5.0,"31,33","36,41",-177,135,-2.5,-108,-112,137.5,-110,-110
ncaab:401600668,ncaab,2024-01-19T00:00Z,final,2275,2261,Hofstra,Hampton,86,77,-2100,1100,,0,-1799,1050,-18.5,-110,-110,,,,,2,,0,Hempstead,NY,1,17,,,,-5.0,"27,59","42,35",-920,549,-11.5,-111,-113,148.5,-110,-112
ncaab:401600669,ncaab,2024-01-19T00:00Z,final,2182,2405,Drexel,Monmouth,78,74,-520,385,,0,-385,300,-9.5,-110,-110,,,,,2,,0,Philadelphia,PA,1,12,,,,-5.0,"33,45","38,36",-317,230,-5.5,-115,-115,136.0,-110,-110
ncaab:401600670,ncaab,2024-01-19T00:00Z,final,2448,111,NC A&T,Northeastern,72,65,,,,0,,,,,,,,,,2,,0,Greensboro,NC,1,266,,,,-5.0,"26,46","26,39",,,,,,,,
ncaab:401600671,ncaab,2024-01-19T00:00Z,final,2210,350,Elon,UNC Wilmington,70,82,260,-350,,0,280,-350,7.5,-110,-110,,,,,2,,0,Elon,NC,1,215,,,,-5.0,"27,43","46,36",192,-259,3.5,-104,-118,149.0,-110,-110
ncaab:401600672,ncaab,2024-01-19T00:00Z,final,48,2619,Delaware,Stony Brook,71,68,-340,260,,0,-350,260,-7.0,-122,102,,,,,2,,0,Newark,DE,1,38,,,,-5.0,"25,46","35,33",-247,182,-4.5,-111,-111,143.5,-114,-106
ncaab:401600673,ncaab,2024-01-19T00:00Z,final,232,119,Charleston,Towson,78,82,-610,440,,0,-480,360,-11.0,-110,-110,,,,,2,,0,Charleston,SC,1,6,,,,-5.0,"38,40","38,44",-375,280,-6.0,-116,-104,140.5,-110,-110
ncaab:401601232,ncaab,2024-01-19T00:00Z,final,2737,2427,Winthrop,UNC Asheville,77,82,-175,145,,0,-166,138,-3.5,-110,-110,,,,,2,,0,Rock Hill,SC,1,207,,,,-5.0,"43,34","36,46",-157,130,-2.0,-112,-110,148.5,-115,-105
ncaab:401602085,ncaab,2024-01-19T00:00Z,final,2226,2724,FAU,Wichita St,86,77,,,,0,,,,,,,,,,2,,0,Boca Raton,FL,1,4,,,,-5.0,"31,55","42,35",,,,,,,,
ncaab:401602086,ncaab,2024-01-19T00:00Z,final,235,58,Memphis,South Florida,73,74,-530,390,,0,-1100,680,-9.5,-115,-106,,,,,2,,0,Memphis,TN,1,78,,,,-6.0,"47,26","32,42",-320,245,-5.5,-115,-114,157.5,-107,-115
ncaab:401574072,ncaab,2024-01-19T00:30Z,final,2617,2547,SF Austin,Seattle U,89,84,,,,0,,,,,,,,,,2,,0,Nacogdoches,TX,1,92,,,,-6.0,"37,39,13","35,41,8",,,,,,,,
ncaab:401587278,ncaab,2024-01-19T00:30Z,final,2413,2630,Morehead St,UT Martin,84,66,,,,0,,,,,,,,,,2,,0,Morehead,KY,1,153,,,,-6.0,"49,35","26,40",,,,,,,,
ncaab:401573405,ncaab,2024-01-19T01:00Z,final,2464,2502,N Arizona,Portland St,84,65,165,-200,,0,160,-190,5.0,-110,-110,,,,,2,,0,Flagstaff,AZ,1,2104,,,,-7.0,"45,39","32,33",135,-175,2.5,-116,-107,144.5,-110,-110
ncaab:401573406,ncaab,2024-01-19T01:00Z,final,2458,16,N Colorado,Sacramento St,77,75,-455,350,,0,-350,260,-9.5,-108,-112,,,,,2,,0,Greeley,CO,1,1425,,,,-7.0,"40,37","33,42",-299,215,-5.5,-109,-111,149.0,-115,-105
ncaab:401574075,ncaab,2024-01-19T01:00Z,final,2627,2000,Tarleton St,Abilene Chrstn,79,71,-192,160,,0,-180,150,-4.5,-108,-112,,,,,2,,0,Stephenville,TX,1,388,,,,-6.0,"40,39","30,41",-180,140,-2.5,-109,-112,139.5,-110,-106
ncaab:401574076,ncaab,2024-01-19T01:00Z,final,250,292,UT Arlington,UT Rio Grande,91,73,,,,0,,,,,,,,,,2,,0,Arlington,TX,1,184,,,,-6.0,"43,48","33,40",,,,,,,,
ncaab:401574194,ncaab,2024-01-19T01:00Z,final,2046,2453,Austin Peay,North Alabama,83,80,-170,140,,0,-145,120,-3.5,-105,-115,,,,,2,,0,Clarksville,TN,1,145,,,,-6.0,"32,39,12","35,36,9",-157,127,-2.5,-105,-117,140.5,-112,-108
ncaab:401574426,ncaab,2024-01-19T01:00Z,final,288,2110,Lipscomb,C Arkansas,86,96,,,,0,,,,,,,,,,2,,0,Nashville,TN,1,170,,,,-6.0,"40,46","52,44",,,,,,,,
ncaab:401580048,ncaab,2024-01-19T01:00Z,final,2449,2172,N Dakota St,Denver,70,78,,,,0,,,,,,,,,,2,,0,Fargo,ND,1,276,,,,-6.0,"34,36","37,41",,,,,,,,
ncaab:401580049,ncaab,2024-01-19T01:00Z,final,2571,2437,S Dakota St,Omaha,90,87,,,,0,,,,,,,,,,2,,0,Brookings,SD,1,494,,,,-6.0,"41,49","39,48",,,,,,,,
ncaab:401580050,ncaab,2024-01-19T01:00Z,final,155,198,North Dakota,Oral Roberts,87,77,110,-130,,0,110,-130,1.5,-106,-114,,,,,2,,0,Grand Forks,ND,1,253,,,,-6.0,"46,41","37,40",-100,-130,1.0,-112,-108,151.5,-110,-114
ncaab:401580051,ncaab,2024-01-19T01:00Z,final,233,2900,South Dakota,St Thomas,74,73,,,,0,,,,,,,,,,2,,0,Vermillion,SD,1,374,,,,-6.0,"33,35,6","39,29,5",,,,,,,,
ncaab:401581671,ncaab,2024-01-19T01:00Z,final,256,2433,James Madison,UL Monroe,89,70,,,,0,,,,,,,,,,2,,0,Harrisonburg,VA,1,404,,,,-5.0,"40,49","28,42",,,,,,,,
ncaab:401581707,ncaab,2024-01-19T01:00Z,final,6,2653,South Alabama,Troy,74,71,-108,-112,,0,-100,-120,1.0,-110,-110,,,,,2,,0,Mobile,AL,1,3,,,,-6.0,"30,44","25,46",-110,-117,0.0,-115,-112,149.5,-110,-110
ncaab:401574074,ncaab,2024-01-19T01:30Z,final,253,3101,Southern Utah,Utah Tech,75,65,-200,164,,0,-145,120,-4.5,-105,-115,,,,,2,,0,Cedar City,UT,1,1782,,,,-7.0,"31,44","28,37",-167,132,-2.5,-110,-120,154.0,-110,-108
ncaab:401587276,ncaab,2024-01-19T01:30Z,final,2815,2565,Lindenwood,SIUE,59,78,,,,0,,,,,,,,,,2,,0,Saint Charles,MO,1,147,,,,-6.0,"24,35","40,38",,,,,,,,
ncaab:401587277,ncaab,2024-01-19T01:30Z,final,88,2031,S Indiana,Little Rock,75,77,,,,0,,,,,,,,,,2,,0,Evansville,IN,1,118,,,,-6.0,"37,38","42,35",,,,,,,,
ncaab:401587279,ncaab,2024-01-19T01:30Z,final,2634,2635,Tennessee St,Tennessee Tech,85,53,-350,280,,0,-240,190,-7.5,-110,-110,,,,,2,,0,Nashville,TN,1,170,,,,-6.0,"36,49","30,23",-244,182,-4.5,-107,-119,142.5,-110,-110
ncaab:401600338,ncaab,2024-01-19T01:30Z,final,130,356,Michigan,Illinois,73,88,126,-152,,0,104,-125,2.5,-108,-112,,,,,2,,0,Ann Arbor,MI,1,269,,,,-5.0,"36,37","37,51",105,-132,1.5,-115,-115,152.5,-105,-115
ncaab:401573403,ncaab,2024-01-19T02:00Z,final,2692,331,Weber St,E Washington,78,80,,,,0,,,,,,,,,,2,,0,Ogden,UT,1,1311,,,,-7.0,"47,31","39,41",,,,,,,,
ncaab:401573404,ncaab,2024-01-19T02:00Z,final,304,70,Idaho St,Idaho,64,59,-205,170,,0,-240,190,-4.0,-108,-112,,,,,2,,0,Pocatello,ID,1,1360,,,,-7.0,"28,36","30,29",-197,154,-2.5,-102,-120,133.5,-108,-112
ncaab:401573594,ncaab,2024-01-19T02:00Z,final,166,98,New Mexico St,Western KY,72,70,-145,120,,0,-114,-105,-2.5,-110,-110,,,,,2,,0,Las Cruces,NM,1,1191,,,,-7.0,"27,45","37,33",-145,110,-1.5,-110,-120,147.0,-112,-110
ncaab:401573595,ncaab,2024-01-19T02:00Z,final,2638,2393,UTEP,MTSU,73,59,,,,0,,,,,,,,,,2,,0,El Paso,TX,1,1133,,,,-7.0,"34,39","25,34",,,,,,,,
ncaab:401574073,ncaab,2024-01-19T02:00Z,final,2253,3084,Grand Canyon,Utah Valley,78,65,-1100,680,,0,-1400,800,-13.5,-108,-112,,,,,2,,0,Phoenix,AZ,1,331,,,,-7.0,"45,33","25,40",-520,360,-8.0,-112,-112,140.5,-110,-105
ncaab:401607384,ncaab,2024-01-19T02:00Z,final,25,264,California,Washington,75,77,-135,114,,0,-111,-108,-2.0,-110,-110,,,,,2,,0,Berkeley,CA,1,52,,,,-8.0,"35,40","40,37",-140,105,-1.0,-115,-110,155.0,-115,-110
ncaab:401607385,ncaab,2024-01-19T02:00Z,final,254,204,Utah,Oregon St,74,47,-1600,860,,0,-2100,1000,-14.5,-114,-106,,,,,2,,0,Salt Lake City,UT,1,1299,,,,-7.0,"33,41","22,25",-650,440,-8.5,-110,-112,141.5,-110,-110
ncaab:401573501,ncaab,2024-01-19T03:00Z,final,300,28,UC Irvine,UC San Diego,76,65,-265,215,,0,-230,188,-6.5,-110,-110,,,,,2,,0,Irvine,CA,1,17,,,,-8.0,"32,44","33,32",-205,170,-3.5,-106,-115,139.5,-108,-110
ncaab:401573502,ncaab,2024-01-19T03:00Z,final,2239,302,Fullerton,UC Davis,65,67,105,-125,,0,112,-134,1.5,-108,-112,,,,,2,,0,Fullerton,CA,1,50,,,,-8.0,"35,30","26,41",-102,-122,0.5,-110,-110,135.5,-110,-110
ncaab:401573503,ncaab,2024-01-19T03:00Z,final,2934,27,Bakersfield,UC Riverside,80,56,145,-175,,0,-110,-110,3.5,-110,-110,,,,,2,,0,Bakersfield,CA,1,123,,,,-8.0,"41,39","27,29",120,-148,1.5,-115,-108,133.0,-112,-110
ncaab:401573504,ncaab,2024-01-19T03:00Z,final,299,62,Long Beach St,Hawai'i,79,71,,,,0,,,,,,,,,,2,,0,Long Beach,CA,1,9,,,,-8.0,"45,34","28,43",,,,,,,,
ncaab:401573505,ncaab,2024-01-19T03:00Z,final,2463,2540,CSU Northridge,Santa Barbara,69,97,,,,0,,,,,,,,,,2,,0,Northridge,CA,1,246,,,,-8.0,"28,41","49,48",,,,,,,,
ncaab:401589680,ncaab,2024-01-19T03:00Z,final,2492,2250,Pepperdine,Gonzaga,61,86,410,-550,,0,580,-880,13.0,-112,-108,,,,,2,,0,Malibu,CA,1,32,,,,-8.0,"40,21","40,46",333,-500,7.5,-111,-109,157.0,-110,-110
ncaab:401589682,ncaab,2024-01-19T03:00Z,final,279,2541,Pacific,Santa Clara,69,88,470,-670,,0,550,-820,11.0,-108,-112,,,,,2,,0,Stockton,CA,1,4,,,,-8.0,"33,36","44,44",280,-385,6.0,-112,-108,148.5,-115,-108
ncaab:401589679,ncaab,2024-01-19T03:30Z,void,2501,301,Portland,San Diego,,,-190,160,,0,-140,116,-4.0,-110,-110,,,,,2,,0,Portland,OR,1,12,,,,-8.0,,,-171,136,-2.0,-116,-109,157.0,-110,-110
ncaab:401607386,ncaab,2024-01-19T03:30Z,final,38,2483,Colorado,Oregon,86,70,-270,220,,0,-250,202,-6.5,-110,-110,,,,,2,,0,Boulder,CO,1,1624,,,,-7.0,"43,43","34,36",-220,170,-3.5,-115,-110,147.5,-110,-110
ncaab:401589681,ncaab,2024-01-19T04:00Z,final,2539,2351,San Francisco,LMU,90,74,,,,0,,,,,,,,,,2,,0,San Francisco,CA,1,16,,,,-8.0,"46,44","34,40",,,,,,,,
ncaab:401607387,ncaab,2024-01-19T04:00Z,final,24,265,Stanford,Washington St,75,89,-180,150,,0,-142,118,-3.5,-110,-110,,,,,2,,0,Stanford,CA,1,23,,,,-8.0,"29,46","42,47",-152,124,-1.5,-110,-110,143.5,-110,-112
ncaab:401589453,ncaab,2024-01-19T22:00Z,final,284,161,Stonehill,FDU,69,76,,,,0,,,,,,,,,,2,,0,South Easton,MA,1,33,,,,-5.0,"34,35","35,41",,,,,,,,
ncaab:401599494,ncaab,2024-01-19T23:30Z,final,2752,46,Xavier,Georgetown,92,91,-950,625,,0,-1450,810,-12.0,-108,-112,,,,,2,,0,Cincinnati,OH,1,191,,,,-5.0,"38,54","43,48",-500,340,-6.5,-115,-105,146.5,-110,-110
ncaab:401588644,ncaab,2024-01-20T00:00Z,final,2309,2006,Kent State,Akron,71,77,-120,105,,0,-104,-115,-1.5,-110,-110,,,,,2,,0,Kent,OH,1,325,,,,-5.0,"22,49","36,41",-120,-110,-0.5,-105,-115,144.5,-110,-110
ncaab:401588646,ncaab,2024-01-20T00:00Z,final,2117,2649,C Michigan,Toledo,65,62,,,,0,,,,,,,,,,2,,0,Mount Pleasant,MI,1,235,,,,-5.0,"30,35","23,39",,,,,,,,
ncaab:401589390,ncaab,2024-01-20T00:00Z,final,2598,112358,Saint Francis,Long Island,72,66,,,,0,,,,,,,,,,2,,0,Loretto,PA,1,595,,,,-5.0,"31,41","27,39",,,,,,,,
ncaab:401589471,ncaab,2024-01-20T00:00Z,final,2771,2681,Merrimack,Wagner,65,71,-290,230,,0,-300,240,-6.5,-110,-110,,,,,2,,0,North Andover,MA,1,29,,,,-5.0,"38,27","31,40",-217,170,-3.5,-110,-115,123.5,-110,-110
ncaab:401589505,ncaab,2024-01-20T00:00Z,final,2115,2330,C Connecticut,Le Moyne,73,75,,,,0,,,,,,,,,,2,,0,New Britain,CT,1,51,,,,-5.0,"34,39","35,40",,,,,,,,
ncaab:401594261,ncaab,2024-01-20T00:00Z,final,314,2099,Iona,Canisius,70,58,-360,280,,0,-275,220,-8.0,-105,-115,,,,,2,,0,New Rochelle,NY,1,26,,,,-5.0,"36,34","27,31",-265,200,-4.0,-110,-120,145.0,-110,-110
ncaab:401594294,ncaab,2024-01-20T00:00Z,final,2217,2612,Fairfield,Saint Peter's,76,67,,,,0,,,,,,,,,,2,,0,Fairfield,CT,1,4,,,,-8.0,"35,41","28,39",,,,,,,,
ncaab:401594332,ncaab,2024-01-20T00:00Z,final,116,2368,Mount St Marys,Marist,65,48,-175,145,,0,-164,136,-3.5,-110,-110,,,,,2,,0,Emmitsburg,MD,1,133,,,,-5.0,"29,36","21,27",-155,122,-1.5,-110,-110,133.5,-106,-110
ncaab:401594366,ncaab,2024-01-20T00:00Z,final,2520,315,Rider,Niagara,74,78,-160,132,,0,-154,128,-3.0,-112,-108,,,,,2,,0,Lawrenceville,NJ,1,37,,,,-5.0,"36,38","38,40",-142,115,-1.5,-110,-115,145.5,-108,-110
ncaab:401594374,ncaab,2024-01-20T00:00Z,final,2561,2514,Siena,Quinnipiac,70,82,190,-240,,0,160,-194,5.5,-110,-110,,,,,2,,0,Albany,NY,1,45,,,,-5.0,"26,44","39,43",168,-210,3.5,-112,-112,149.0,-108,-112
ncaab:401596847,ncaab,2024-01-20T00:00Z,final,2670,139,VCU,Saint Louis,85,61,-400,310,,0,-410,315,-8.5,-110,-110,,,,,2,,0,Richmond,VA,1,64,,,,-5.0,"36,49","26,35",-265,200,-4.5,-115,-110,145.5,-110,-112
ncaab:401600248,ncaab,2024-01-20T01:00Z,final,2130,3107,Chicago St,East West,131,55,,,,0,,,,,,,,,,2,,0,Chicago,IL,1,179,,,,-6.0,"61,70","28,27",,,,,,,,
ncaab:401600340,ncaab,2024-01-20T01:45Z,final,275,84,Wisconsin,Indiana,91,79,-900,600,,0,-710,490,-12.0,-110,-110,,,,,2,,0,Madison,WI,1,267,,,,-6.0,"39,52","26,53",-410,300,-7.0,-112,-115,140.5,-108,-112
ncaab:401597306,ncaab,2024-01-20T03:45Z,final,36,2439,Colorado St,UNLV,78,75,-315,250,,0,-315,250,-7.5,-108,-112,,,,,2,,0,Fort Collins,CO,1,1525,,,,-7.0,"32,46","39,36",-230,184,-3.5,-115,-110,143.5,-110,-110
ncaab:401587703,ncaab,2024-01-20T17:00Z,final,85,2523,IU Indy,Robert Morris,63,80,185,-225,,0,175,-210,5.5,-110,-110,,,,,2,,0,Indianapolis,IN,1,218,,,,-5.0,"26,37","42,38",135,-175,2.5,-115,-114,145.5,-115,-110
ncaab:401596852,ncaab,2024-01-20T17:00Z,final,113,45,UMass,G Washington,81,67,,,,0,,,,,,,,,,2,,0,Amherst,MA,1,82,,,,-5.0,"31,50","31,36",,,,,,,,
ncaab:401599496,ncaab,2024-01-20T17:00Z,final,2550,156,Seton Hall,Creighton,94,97,110,-130,,0,105,-126,2.0,-110,-110,,,,,2,,0,Newark,NJ,1,9,,,,-5.0,"31,36,8,8,11","35,32,8,8,14",101,-127,1.0,-115,-115,141.0,-110,-110
ncaab:401599497,ncaab,2024-01-20T17:00Z,final,2599,269,St John's,Marquette,72,73,,,,0,,,,,,,,,,2,,0,New York,NY,1,10,,,,-5.0,"34,38","28,45",,,,,,,,
ncaab:401600342,ncaab,2024-01-20T17:00Z,final,194,213,Ohio State,Penn State,79,67,-485,370,,0,-480,360,-9.5,-110,-110,,,,,2,,0,Columbus,OH,1,235,,,,-5.0,"33,46","19,48",-325,240,-5.5,-110,-120,151.5,-110,-106
ncaab:401603430,ncaab,2024-01-20T17:00Z,final,251,239,Texas,Baylor,75,73,-150,125,,0,-110,-110,-2.5,-112,-108,,,,,2,,0,Austin,TX,1,149,,,,-6.0,"42,33","41,32",-140,110,-1.5,-115,-115,146.0,-112,-108
ncaab:401604135,ncaab,2024-01-20T17:00Z,final,154,97,Wake Forest,Louisville,90,65,-1600,900,,0,-2500,1100,-16.0,-110,-110,,,,,2,,0,Winston-Salem,NC,1,293,,,,-5.0,"48,42","33,32",-660,400,-9.5,-115,-115,152.0,-110,-110
ncaab:401604139,ncaab,2024-01-20T17:00Z,final,152,259,NC State,Virginia Tech,78,84,,,,0,,,,,,,,,,2,,0,Raleigh,NC,1,96,,,,-5.0,"32,46","33,51",,,,,,,,
ncaab:401604140,ncaab,2024-01-20T17:00Z,final,183,2390,Syracuse,Miami,72,69,-180,150,,0,-110,-110,-4.0,-112,-108,,,,,2,,0,Syracuse,NY,1,121,,,,-5.0,"30,42","31,38",-162,130,-1.5,-115,-110,160.0,-110,-110
ncaab:401596848,ncaab,2024-01-20T17:30Z,final,2168,227,Dayton,Rhode Island,96,62,-1000,650,,0,-1250,740,-12.5,-110,-110,,,,,2,,0,Dayton,OH,1,225,,,,-5.0,"47,49","27,35",-520,350,-7.0,-110,-110,141.0,-110,-112
ncaab:401580053,ncaab,2024-01-20T18:00Z,final,155,2172,North Dakota,Denver,92,78,-120,100,,0,-105,-115,-1.5,-110,-110,,,,,2,,0,Grand Forks,ND,1,253,,,,-6.0,"38,54","37,41",-122,-107,-0.5,-110,-115,155.5,-110,-115
ncaab:401581199,ncaab,2024-01-20T18:00Z,final,2378,160,UMBC,New Hampshire,58,64,140,-170,,0,175,-210,3.0,-108,-112,,,,,2,,0,Baltimore,MD,1,10,,,,-5.0,"29,29","22,42",110,-140,1.5,-112,-114,168.5,-110,-110
ncaab:401587917,ncaab,2024-01-20T18:00Z,final,2678,2643,VMI,The Citadel,70,63,400,-550,,0,230,-290,9.5,-112,-108,,,,,2,,0,Lexington,VA,1,324,,,,-5.0,"35,35","29,34",235,-332,5.0,-120,-110,149.0,-122,-110
ncaab:401596853,ncaab,2024-01-20T18:00Z,final,2230,2350,Fordham,Loyola Chicago,61,65,116,-140,,0,114,-137,2.5,-110,-110,,,,,2,,0,Bronx,NY,1,28,,,,-5.0,"34,27","30,35",110,-125,0.5,-115,-115,144.5,-105,-110
ncaab:401597137,ncaab,2024-01-20T18:00Z,final,8,2579,Arkansas,South Carolina,64,77,-162,136,,0,-142,118,-3.0,-110,-110,,,,,2,,0,Fayetteville,AR,1,427,,,,-6.0,"27,37","39,38",-145,115,-1.5,-106,-115,140.5,-110,-115
ncaab:401597939,ncaab,2024-01-20T18:00Z,final,68,21,Boise St,San Diego St,67,66,-102,-118,,0,-110,-110,1.0,-110,-110,,,,,2,,0,Boise,ID,1,823,,,,-7.0,"34,33","31,35",-110,-115,0.5,-120,-102,137.0,-110,-110
ncaab:401601234,ncaab,2024-01-20T18:00Z,final,2241,2737,Gardner-Webb,Winthrop,79,74,-128,105,,0,-105,-115,-1.5,-110,-110,,,,,2,,0,Boiling Springs,NC,1,269,,,,-5.0,"30,49","45,29",-125,-105,-0.5,-110,-115,147.0,-110,-110
ncaab:401603426,ncaab,2024-01-20T18:00Z,final,2132,201,Cincinnati,Oklahoma,65,69,-175,145,,0,-145,120,-3.5,-112,-108,,,,,2,,0,Cincinnati,OH,1,191,,,,-5.0,"31,34","31,38",-162,130,-1.5,-118,-110,143.5,-110,-110
ncaab:401580055,ncaab,2024-01-20T18:05Z,final,2437,140,Omaha,Kansas City,72,74,-227,186,,0,-225,180,-5.0,-114,-107,,,,,2,,0,Omaha,NE,1,323,,,,-6.0,"39,33","40,34",-182,140,-3.0,-117,-105,142.0,-111,-109
ncaab:401598594,ncaab,2024-01-20T18:30Z,final,2426,349,Navy,Army,57,53,-198,164,,0,-300,240,-4.5,-110,-110,,,,,2,,0,Annapolis,MD,1,12,,,,-5.0,"26,31","24,29",-172,139,-2.5,-108,-115,128.0,-108,-110
ncaab:401577669,ncaab,2024-01-20T19:00Z,final,225,172,Brown,Cornell,83,84,200,-250,,0,130,-160,5.5,-110,-110,,,,,2,,0,Providence,RI,1,2,,,,-5.0,"42,41","49,35",155,-200,3.0,-108,-115,158.5,-110,-110
ncaab:401580052,ncaab,2024-01-20T19:00Z,final,2449,198,N Dakota St,Oral Roberts,72,67,,,,0,,,,,,,,,,2,,0,Fargo,ND,1,276,,,,-6.0,"33,39","29,38",,,,,,,,
ncaab:401580054,ncaab,2024-01-20T19:00Z,final,233,2571,South Dakota,S Dakota St,55,73,,,,0,,,,,,,,,,2,,0,Vermillion,SD,1,374,,,,-6.0,"26,29","37,36",,,,,,,,
ncaab:401581197,ncaab,2024-01-20T19:00Z,final,2066,2349,Binghamton,UMass Lowell,60,80,195,-238,,0,160,-190,7.0,-110,-110,,,,,2,,0,Binghamton,NY,1,264,,,,-5.0,"25,35","43,37",137,-170,3.5,-112,-110,151.5,-112,-108
ncaab:401581198,ncaab,2024-01-20T19:00Z,final,2885,311,NJIT,Maine,64,70,,,,0,,,,,,,,,,2,,0,Newark,NJ,1,9,,,,-5.0,"25,39","32,38",,,,,,,,
ncaab:401587175,ncaab,2024-01-20T19:00Z,final,171,163,Columbia,Princeton,62,70,700,-1099,,0,350,-450,12.5,-104,-118,,,,,2,,0,New York,NY,1,10,,,,-5.0,"32,30","37,33",320,-445,7.0,-115,-112,147.0,-110,-110
ncaab:401587192,ncaab,2024-01-20T19:00Z,final,159,43,Dartmouth,Yale,51,76,600,-899,,0,500,-750,12.5,-110,-110,,,,,2,,0,Hanover,NH,1,162,,,,-5.0,"28,23","38,38",275,-387,7.0,-120,-105,133.5,-110,-110
ncaab:401587700,ncaab,2024-01-20T19:00Z,final,325,2870,Cleveland St,Purdue FW,75,68,-192,160,,0,-160,130,-4.0,-110,-110,,,,,2,,0,Cleveland,OH,1,199,,,,-5.0,"33,42","35,33",-165,130,-1.5,-118,-110,158.5,-110,-110
ncaab:401587918,ncaab,2024-01-20T19:00Z,final,231,2717,Furman,W Carolina,65,62,,,,0,,,,,,,,,,2,,0,Greenville,SC,1,307,,,,-5.0,"36,29","26,36",,,,,,,,
ncaab:401588647,ncaab,2024-01-20T19:00Z,final,2050,193,Ball State,Miami OH,80,87,-200,165,,0,-150,125,-4.5,-110,-110,,,,,2,,0,Muncie,IN,1,284,,,,-5.0,"35,37,8","37,35,15",-175,137,-2.5,-115,-114,144.0,-105,-110
ncaab:401588648,ncaab,2024-01-20T19:00Z,final,189,2711,Bowling Green,W Michigan,84,79,,,,0,,,,,,,,,,2,,0,Bowling Green,OH,1,212,,,,-5.0,"39,45","31,48",,,,,,,,
ncaab:401594490,ncaab,2024-01-20T19:00Z,final,322,2083,Lafayette,Bucknell,75,72,-175,145,,0,-140,115,-3.0,-115,-105,,,,,2,,0,Easton,PA,1,97,,,,-5.0,"23,41,11","36,28,8",-154,124,-1.5,-106,-114,131.5,-110,-110
ncaab:401594513,ncaab,2024-01-20T19:00Z,final,107,2352,Holy Cross,Loyola MD,86,78,-108,-112,,0,-110,-110,-0.5,-106,-114,,,,,2,,0,Worcester,MA,1,147,,,,-5.0,"34,52","34,44",-112,-112,0.0,-115,-110,134.0,-110,-110
ncaab:401596850,ncaab,2024-01-20T19:00Z,final,2244,179,George Mason,St Bonaventure,69,60,,,,0,,,,,,,,,,2,,0,Fairfax,VA,1,131,,,,-5.0,"33,36","27,33",,,,,,,,
ncaab:401597143,ncaab,2024-01-20T19:00Z,final,2633,333,Tennessee,Alabama,91,71,-225,180,,0,-240,195,-5.5,-110,-110,,,,,2,,0,Knoxville,TN,1,276,,,,-5.0,"50,41","37,34",-192,154,-2.5,-115,-105,159.0,-115,-105
ncaab:401597968,ncaab,2024-01-20T19:00Z,final,2142,104,Colgate,Boston U,75,59,-520,390,,0,-425,330,-9.5,-110,-110,,,,,2,,0,Hamilton,NY,1,181,,,,-5.0,"28,47","33,26",-320,245,-5.5,-115,-105,136.5,-112,-108
ncaab:401600676,ncaab,2024-01-20T19:00Z,final,2182,48,Drexel,Delaware,86,67,-275,220,,0,-240,190,-5.5,-112,-110,,,,,2,,0,Philadelphia,PA,1,12,,,,-5.0,"34,52","34,33",-200,157,-3.0,-115,-110,138.5,-110,-110
ncaab:401600677,ncaab,2024-01-20T19:00Z,final,2405,2261,Monmouth,Hampton,85,77,-800,550,,0,-899,600,-12.0,-112,-108,,,,,2,,0,West Long Branch,NJ,1,9,,,,-5.0,"37,48","35,42",-410,310,-6.5,-112,-110,150.0,-115,-105
ncaab:401600679,ncaab,2024-01-20T19:00Z,final,2448,2729,NC A&T,William & Mary,76,69,,,,0,,,,,,,,,,2,,0,Greensboro,NC,1,266,,,,-5.0,"26,50","25,44",,,,,,,,
ncaab:401601236,ncaab,2024-01-20T19:00Z,final,2515,2908,Radford,SC Upstate,64,61,-395,310,,0,-450,350,-8.0,-110,-110,,,,,2,,0,Radford,VA,1,567,,,,-5.0,"27,37","24,37",-264,205,-4.5,-115,-114,135.5,-105,-115
ncaab:401601851,ncaab,2024-01-20T19:00Z,final,71,2057,Bradley,Belmont,95,72,-675,490,,0,-425,330,-10.5,-110,-110,,,,,2,,0,Peoria,IL,1,153,,,,-6.0,"44,51","34,38",-375,280,-6.0,-115,-108,148.0,-110,-110
ncaab:401601853,ncaab,2024-01-20T19:00Z,final,2623,2287,Missouri St,Illinois St,60,69,-300,240,,0,-290,230,-6.5,-105,-115,,,,,2,,0,Springfield,MO,1,396,,,,-6.0,"33,27","42,27",-222,170,-3.5,-108,-115,135.0,-110,-110
ncaab:401602089,ncaab,2024-01-20T19:00Z,final,218,242,Temple,Rice,66,69,-170,140,,0,-160,130,-3.5,-110,-110,,,,,2,,0,Philadelphia,PA,1,12,,,,-5.0,"28,38","41,28",-157,127,-1.5,-112,-115,143.0,-120,100
ncaab:401603427,ncaab,2024-01-20T19:00Z,final,248,2116,Houston,UCF,57,42,-1800,1050,,0,-3500,1280,-17.5,-110,-110,,,,,2,,0,Houston,TX,1,12,,,,-6.0,"28,29","14,28",-1050,575,-9.5,-114,-106,127.5,-110,-110
ncaab:401603429,ncaab,2024-01-20T19:00Z,final,2628,66,TCU,Iowa State,72,73,-210,175,,0,-142,118,-5.0,-112,-108,,,,,2,,0,Fort Worth,TX,1,199,,,,-6.0,"26,46","44,29",-175,140,-2.5,-115,-115,144.0,-110,-108
ncaab:401600343,ncaab,2024-01-20T19:10Z,final,2294,2509,Iowa,Purdue,70,84,215,-265,,0,255,-320,6.0,-105,-115,,,,,2,,0,Iowa City,IA,1,204,,,,-6.0,"34,36","47,37",170,-215,3.5,-112,-112,164.5,-112,-108
ncaab:401600341,ncaab,2024-01-20T19:15Z,final,158,77,Nebraska,Northwestern,75,69,-156,130,,0,-182,150,-3.5,-110,-110,,,,,2,,0,Lincoln,NE,1,367,,,,-6.0,"39,36","35,34",-144,118,-1.5,-110,-114,143.5,-110,-110
ncaab:401604134,ncaab,2024-01-20T19:15Z,final,103,153,Boston College,North Carolina,66,76,280,-350,,0,300,-385,7.5,-110,-110,,,,,2,,0,Chestnut Hill,MA,1,60,,,,-5.0,"31,35","34,42",170,-225,3.5,-115,-112,154.5,-110,-110
ncaab:401607389,ncaab,2024-01-20T19:15Z,final,9,30,Arizona St,USC,82,67,-205,170,,0,-115,-105,-4.5,-108,-112,,,,,2,,0,Tempe,AZ,1,360,,,,-7.0,"43,39","36,31",-166,136,-2.5,-110,-110,141.5,-110,-110
ncaab:401596849,ncaab,2024-01-20T19:30Z,final,2603,2184,Saint Joseph's,Duquesne,71,69,-340,270,,0,-182,150,-7.5,-110,-110,,,,,2,,0,Philadelphia,PA,1,12,,,,-5.0,"40,31","38,31",-230,180,-3.5,-114,-106,146.0,-110,-110
ncaab:401574514,ncaab,2024-01-20T20:00Z,final,294,338,Jacksonville,Kennesaw St,79,83,175,-210,,0,150,-180,4.5,-110,-110,,,,,2,,0,Jacksonville,FL,1,5,,,,-5.0,"37,42","32,51",135,-168,2.5,-115,-115,158.0,-110,-110
ncaab:401581647,ncaab,2024-01-20T20:00Z,final,290,2247,GA Southern,Georgia St,86,70,,,,0,,,,,,,,,,2,,0,Statesboro,GA,1,77,,,,-5.0,"43,43","31,39",,,,,,,,
ncaab:401601235,ncaab,2024-01-20T20:00Z,final,2344,2506,Longwood,Presbyterian,80,70,-750,525,,0,-500,375,-11.5,-112,-108,,,,,2,,0,Farmville,VA,1,90,,,,-5.0,"43,37","38,32",-367,277,-6.5,-115,-112,138.0,-110,-110
ncaab:401602088,ncaab,2024-01-20T20:00Z,final,2567,202,SMU,Tulsa,103,70,,,,0,,,,,,,,,,2,,0,Dallas,TX,1,128,,,,-6.0,"52,51","33,37",,,,,,,,
ncaab:401602090,ncaab,2024-01-20T20:00Z,final,5,151,UAB,East Carolina,69,61,-198,164,,0,-170,140,-4.5,-112,-108,,,,,2,,0,Birmingham,AL,1,187,,,,-6.0,"32,37","35,26",-175,135,-2.5,-115,-115,145.5,-102,-110
ncaab:401581714,ncaab,2024-01-20T20:30Z,final,2572,2653,Southern Miss,Troy,64,63,114,-135,,0,-100,-120,2.0,-102,-118,,,,,2,,0,Hattiesburg,MS,1,52,,,,-6.0,"33,31","34,29",-107,-120,0.5,-110,-115,145.5,-110,-110
ncaab:401597140,ncaab,2024-01-20T20:30Z,final,344,238,Mississippi St,Vanderbilt,68,55,-1000,675,,0,-1799,1050,-13.0,-110,-110,,,,,2,,0,Starkville,MS,1,101,,,,-6.0,"36,32","21,34",-450,340,-7.5,-112,-110,136.5,-110,-115
ncaab:401573410,ncaab,2024-01-20T21:00Z,final,2464,16,N Arizona,Sacramento St,70,61,-160,130,,0,-130,110,-3.0,-110,-110,,,,,2,,0,Flagstaff,AZ,1,2104,,,,-7.0,"31,39","27,34",-142,109,-1.5,-115,-114,135.0,-110,-110
ncaab:401573506,ncaab,2024-01-20T21:00Z,final,2540,2239,Santa Barbara,Fullerton,69,73,-325,250,,0,-250,200,-7.0,-112,-108,,,,,2,,0,Santa Barbara,CA,1,15,,,,-8.0,"28,41","38,35",-220,165,-3.5,-115,-115,139.0,-110,-110
ncaab:401574079,ncaab,2024-01-20T21:00Z,final,3084,3101,Utah Valley,Utah Tech,84,71,-455,350,,0,-550,390,-9.5,-110,-110,,,,,2,,0,Orem,UT,1,1455,,,,-7.0,"39,45","25,46",-294,214,-5.0,-120,-110,140.5,-105,-115
ncaab:401574080,ncaab,2024-01-20T21:00Z,final,2000,250,Abilene Chrstn,UT Arlington,78,67,,,,0,,,,,,,,,,2,,0,Abilene,TX,1,524,,,,-6.0,"41,37","33,34",,,,,,,,
ncaab:401581679,ncaab,2024-01-20T21:00Z,final,6,309,South Alabama,Louisiana,79,88,-102,-118,,0,-115,-105,1.0,-112,-108,,,,,2,,0,Mobile,AL,1,3,,,,-6.0,"34,45","37,51",-115,-115,0.0,-115,-115,150.5,-110,-110
ncaab:401587704,ncaab,2024-01-20T21:00Z,final,2174,2754,Detroit Mercy,Youngstown St,64,105,400,-550,,0,430,-620,10.0,-110,-110,,,,,2,,0,Detroit,MI,1,183,,,,-5.0,"38,26","55,50",220,-307,5.5,-115,-115,147.0,-110,-110
ncaab:401587915,ncaab,2024-01-20T21:00Z,final,2430,2747,UNC Greensboro,Wofford,82,59,-300,235,,0,-290,230,-6.5,-110,-110,,,,,2,,0,Greensboro,NC,1,266,,,,-5.0,"41,41","30,29",-247,190,-3.5,-110,-115,139.0,-110,-110
ncaab:401588645,ncaab,2024-01-20T21:00Z,final,195,2199,Ohio,E Michigan,85,67,,,,0,,,,,,,,,,2,,0,Athens,OH,1,219,,,,-5.0,"46,39","28,39",,,,,,,,
ncaab:401594408,ncaab,2024-01-20T21:00Z,final,47,2450,Howard,Norfolk St,61,65,-142,120,,0,-148,120,-2.5,-108,-112,,,,,2,,0,Washington,DC,1,7,,,,-5.0,"34,27","26,39",-135,114,-1.5,-102,-120,142.5,-108,-110
ncaab:401594447,ncaab,2024-01-20T21:00Z,final,2005,167,Air Force,New Mexico,66,85,425,-575,,0,440,-610,10.5,-110,-110,,,,,2,,0,Colorado Springs,CO,1,1832,,,,-7.0,"24,42","44,41",275,-375,5.5,-115,-115,143.5,-110,-110
ncaab:401596851,ncaab,2024-01-20T21:00Z,final,2166,257,Davidson,Richmond,64,69,-125,105,,0,-114,-105,-1.5,-112,-108,,,,,2,,0,Davidson,NC,1,256,,,,-5.0,"26,36,2","34,28,7",-128,104,-0.5,-112,-115,137.0,-110,-112
ncaab:401597139,ncaab,2024-01-20T21:00Z,final,99,245,LSU,Texas A&M,69,73,124,-148,,0,-100,-120,2.5,-110,-110,,,,,2,,0,Baton Rouge,LA,1,14,,,,-6.0,"35,34","33,40",105,-135,1.5,-115,-115,151.5,-110,-105
ncaab:401598904,ncaab,2024-01-20T21:00Z,final,2029,50,AR-Pine Bluff,Florida A&M,99,97,,,,0,,,,,,,,,,2,,0,Pine Bluff,AR,1,67,,,,-6.0,"42,57","46,51",,,,,,,,
ncaab:401599495,ncaab,2024-01-20T21:00Z,final,2086,305,Butler,DePaul,74,60,-1499,850,,0,-2500,1060,-16.0,-110,-110,,,,,2,,0,Indianapolis,IN,1,218,,,,-5.0,"37,37","24,36",-660,425,-9.5,-115,-115,148.0,-110,-110
ncaab:401600674,ncaab,2024-01-20T21:00Z,final,119,2097,Towson,Campbell,77,43,-375,300,,0,-450,350,-8.0,-112,-108,,,,,2,,0,Towson,MD,1,141,,,,-5.0,"33,44","23,20",-250,190,-4.5,-110,-120,126.5,-106,-110
ncaab:401600796,ncaab,2024-01-20T21:00Z,final,328,278,Utah State,Fresno St,83,62,-1050,675,,0,-2000,980,-13.5,-115,-105,,,,,2,,0,Logan,UT,1,1382,,,,-7.0,"40,43","27,35",-475,325,-7.5,-115,-115,143.0,-110,-108
ncaab:401601855,ncaab,2024-01-20T21:00Z,final,2674,82,Valparaiso,UIC,84,77,130,-160,,0,175,-210,3.5,-110,-110,,,,,2,,0,Valparaiso,IN,1,242,,,,-6.0,"34,50","39,38",112,-140,1.5,-114,-106,136.0,-110,-110
ncaab:401602087,ncaab,2024-01-20T21:00Z,final,2429,249,Charlotte,North Texas,56,44,-112,-108,,0,-105,-115,-1.0,-105,-115,,,,,2,,0,Charlotte,NC,1,229,,,,-5.0,"27,29","22,22",-120,-110,-0.5,-102,-120,121.5,-110,-105
ncaab:401602349,ncaab,2024-01-20T21:00Z,final,2016,2640,Alcorn St,Texas Southern,61,72,-125,105,,0,-124,102,-1.5,-110,-110,,,,,2,,0,Lorman,MS,1,66,,,,-6.0,"30,31","34,38",-130,-100,-0.5,-115,-115,142.5,-110,-110
ncaab:401603432,ncaab,2024-01-20T21:00Z,final,277,2305,West Virginia,Kansas,91,85,400,-550,,0,490,-710,10.0,-110,-110,,,,,2,,0,Morgantown,WV,1,271,,,,-5.0,"51,40","51,34",230,-315,5.5,-108,-117,148.5,-115,-110
ncaab:401604137,ncaab,2024-01-20T21:00Z,final,52,228,Florida St,Clemson,67,78,110,-130,,0,108,-130,2.0,-110,-110,,,,,2,,0,Tallahassee,FL,1,62,,,,-5.0,"30,37","30,48",-105,-132,1.0,-115,-115,151.5,-110,-110
ncaab:401604287,ncaab,2024-01-20T21:00Z,final,2755,2582,Grambling,Southern,79,62,-112,-108,,0,115,-140,-1.0,-105,-115,,,,,2,,0,Grambling,LA,1,93,,,,-6.0,"31,48","39,23",-102,-118,-0.5,-102,-120,133.5,-108,-112
ncaab:401604426,ncaab,2024-01-20T21:00Z,final,2169,2379,Delaware St,MD Eastern,67,63,,,,0,,,,,,,,,,2,,0,Dover,DE,1,9,,,,-5.0,"35,21,11,0","18,38,7,0",,,,,,,,
ncaab:401606749,ncaab,2024-01-20T21:00Z,final,2569,2428,SC State,NC Central,71,68,,,,0,,,,,,,,,,2,,0,Orangeburg,SC,1,74,,,,-5.0,"33,38","36,32",,,,,,,,
ncaab:401607388,ncaab,2024-01-20T21:00Z,final,12,26,Arizona,UCLA,77,71,-2100,1100,,0,-3500,1280,-17.5,-110,-110,,,,,2,,0,Tucson,AZ,1,759,,,,-7.0,"28,49","37,34",-800,550,-10.0,-110,-110,142.5,-115,-105
ncaab:401578968,ncaab,2024-01-20T21:30Z,final,2277,2320,Hou Christian,Lamar,78,77,,,,0,,,,,,,,,,2,,0,Houston,TX,1,12,,,,-6.0,"35,43","34,43",,,,,,,,
ncaab:401579057,ncaab,2024-01-20T21:30Z,final,357,2447,Texas A&M-CC,Nicholls,69,59,-265,215,,0,-225,180,-5.5,-115,-105,,,,,2,,0,Corpus Christi,TX,1,2,,,,-6.0,"33,36","25,34",-215,165,-3.5,-108,-115,145.5,-110,-110
ncaab:401579078,ncaab,2024-01-20T21:30Z,final,2545,2837,SE Louisiana,East Texas A&M,52,68,,,,0,,,,,,,,,,2,,0,Hammond,LA,1,13,,,,-6.0,"22,30","34,34",,,,,,,,
ncaab:401581499,ncaab,2024-01-20T21:30Z,final,2026,324,App State,Coastal,88,59,,,,0,,,,,,,,,,2,,0,Boone,NC,1,981,,,,-5.0,"40,48","30,29",,,,,,,,
ncaab:401587280,ncaab,2024-01-20T21:30Z,final,2815,2197,Lindenwood,E Illinois,68,78,,,,0,,,,,,,,,,2,,0,Saint Charles,MO,1,147,,,,-6.0,"39,29","43,35",,,,,,,,
ncaab:401587281,ncaab,2024-01-20T21:30Z,final,88,2413,S Indiana,Morehead St,70,81,,,,0,,,,,,,,,,2,,0,Evansville,IN,1,118,,,,-6.0,"28,42","42,39",,,,,,,,
ncaab:401587283,ncaab,2024-01-20T21:30Z,final,2710,2634,W Illinois,Tennessee St,57,58,,,,0,,,,,,,,,,2,,0,Macomb,IL,1,215,,,,-6.0,"28,29","21,37",,,,,,,,
ncaab:401589741,ncaab,2024-01-20T21:30Z,final,2154,2415,Coppin St,Morgan St,86,89,-100,-122,,0,120,-148,1.5,-110,-110,,,,,2,,0,Baltimore,MD,1,10,,,,-5.0,"34,42,10","34,42,13",-108,-112,0.5,-112,-108,136.5,-110,-110
ncaab:401587282,ncaab,2024-01-20T21:45Z,final,2546,2565,SE Missouri,SIUE,52,47,,,,0,,,,,,,,,,2,,0,Cape Girardeau,MO,1,108,,,,-6.0,"24,28","28,19",,,,,,,,
ncaab:401573508,ncaab,2024-01-20T22:00Z,final,302,300,UC Davis,UC Irvine,54,52,114,-135,,0,130,-156,2.5,-110,-110,,,,,2,,0,Davis,CA,1,16,,,,-8.0,"27,27","25,27",106,-130,1.5,-115,-105,143.0,-108,-110
ncaab:401573597,ncaab,2024-01-20T22:00Z,final,55,2348,Jax State,Louisiana Tech,57,74,,,,0,,,,,,,,,,2,,0,Jacksonville,AL,1,216,,,,-6.0,"25,32","30,44",,,,,,,,
ncaab:401574526,ncaab,2024-01-20T22:00Z,final,2454,2511,North Florida,Queens,91,75,-180,150,,0,-178,146,-3.5,-110,-110,,,,,2,,0,Jacksonville,FL,1,5,,,,-5.0,"38,53","31,44",-164,135,-1.5,-115,-105,160.0,-110,-108
ncaab:401587121,ncaab,2024-01-20T22:00Z,final,288,2453,Lipscomb,North Alabama,88,79,-285,230,,0,-325,250,-6.5,-110,-110,,,,,2,,0,Nashville,TN,1,170,,,,-6.0,"36,52","30,49",-198,164,-3.5,-112,-112,154.5,-110,-110
ncaab:401597387,ncaab,2024-01-20T22:00Z,final,2329,44,Lehigh,American,70,68,105,-125,,0,-124,102,1.5,-110,-110,,,,,2,,0,Bethlehem,PA,1,109,,,,-5.0,"36,34","30,38",105,-125,1.0,-115,-105,143.5,-114,-110
ncaab:401607448,ncaab,2024-01-20T22:00Z,final,25,265,California,Washington St,81,75,110,-130,,0,105,-126,2.0,-110,-110,,,,,2,,0,Berkeley,CA,1,52,,,,-8.0,"36,32,13","29,39,7",102,-124,0.5,-108,-112,144.0,-110,-110
ncaab:401574195,ncaab,2024-01-20T22:15Z,final,2046,2110,Austin Peay,C Arkansas,94,71,,,,0,,,,,,,,,,2,,0,Clarksville,TN,1,145,,,,-6.0,"47,47","36,35",,,,,,,,
ncaab:401581617,ncaab,2024-01-20T22:15Z,final,326,2032,Texas St,Arkansas St,72,79,110,-130,,0,-104,-118,2.0,-110,-110,,,,,2,,0,San Marcos,TX,1,188,,,,-6.0,"36,36","43,36",-105,-127,0.5,-110,-110,145.5,-110,-110
ncaab:401579045,ncaab,2024-01-20T22:25Z,final,2443,2466,LSU N Orleans,N'Western St,67,92,,,,0,,,,,,,,,,2,,0,New Orleans,LA,1,0,,,,-6.0,"18,49","44,48",,,,,,,,
ncaab:401579017,ncaab,2024-01-20T23:00Z,final,2916,2377,Incarnate Word,McNeese,66,80,790,-1250,,0,730,-1300,14.5,-110,-110,,,,,2,,0,San Antonio,TX,1,198,,,,-6.0,"30,36","42,38",332,-457,7.5,-115,-115,144.5,-110,-110
ncaab:401581672,ncaab,2024-01-20T23:00Z,final,256,276,James Madison,Marshall,67,52,-750,520,,0,-820,550,-12.0,-108,-112,,,,,2,,0,Harrisonburg,VA,1,404,,,,-5.0,"32,35","29,23",-420,310,-6.5,-115,-105,164.5,-110,-110
ncaab:401581748,ncaab,2024-01-20T23:00Z,final,219,108,Penn,Harvard,61,70,-175,145,,0,-178,146,-3.5,-110,-110,,,,,2,,0,Philadelphia,PA,1,12,,,,-5.0,"26,35","46,24",-155,124,-1.5,-115,-110,144.0,-110,-110
ncaab:401587914,ncaab,2024-01-20T23:00Z,final,2535,2382,Samford,Mercer,87,80,-1000,650,,0,-2200,980,-13.0,-110,-110,,,,,2,,0,Homewood,AL,1,203,,,,-6.0,"46,41","33,47",-493,329,-7.5,-110,-110,153.5,-108,-112
ncaab:401597142,ncaab,2024-01-20T23:00Z,final,96,61,Kentucky,Georgia,105,96,-1100,680,,0,-550,400,-13.5,-106,-114,,,,,2,,0,Lexington,KY,1,295,,,,-5.0,"54,51","35,61",-470,360,-7.5,-115,-112,163.0,-110,-110
ncaab:401600675,ncaab,2024-01-20T23:00Z,final,350,232,UNC Wilmington,Charleston,78,69,-146,122,,0,-146,122,-2.5,-110,-110,,,,,2,,0,Wilmington,NC,1,9,,,,-5.0,"33,45","38,31",-142,120,-1.5,-115,-110,156.5,-105,-115
ncaab:401601852,ncaab,2024-01-20T23:00Z,final,2181,339,Drake,Evansville,97,48,-2000,1100,,0,-2100,1000,-17.0,-110,-110,,,,,2,,0,Des Moines,IA,1,266,,,,-6.0,"54,43","20,28",-900,550,-10.5,-112,-110,145.0,-110,-110
ncaab:401603431,ncaab,2024-01-20T23:00Z,final,2641,252,Texas Tech,BYU,85,78,-142,120,,0,-140,116,-2.5,-110,-110,,,,,2,,0,Lubbock,TX,1,976,,,,-6.0,"32,53","48,30",-135,110,-1.0,-112,-107,144.5,-110,-110
ncaab:401604138,ncaab,2024-01-20T23:00Z,final,59,258,Georgia Tech,Virginia,66,75,115,-140,,0,105,-126,2.5,-112,-108,,,,,2,,0,Atlanta,GA,1,320,,,,-5.0,"29,37","33,42",105,-130,1.5,-110,-110,128.5,-105,-110
ncaab:401583823,ncaab,2024-01-20T23:30Z,final,2296,2504,Jackson St,Prairie View,62,71,-305,245,,0,-340,260,-7.5,-105,-115,,,,,2,,0,Jackson,MS,1,85,,,,-6.0,"26,36","31,40",-224,177,-3.5,-106,-115,149.5,-105,-115
ncaab:401587701,ncaab,2024-01-20T23:30Z,final,94,2739,N Kentucky,Green Bay,74,52,-250,200,,0,-192,154,-6.0,-112,-108,,,,,2,,0,Highland Heights,KY,1,260,,,,-5.0,"33,41","25,27",-197,154,-2.5,-120,-105,137.5,-110,-110
ncaab:401573509,ncaab,2024-01-21T00:00Z,final,28,62,UC San Diego,Hawai'i,67,61,,,,0,,,,,,,,,,2,,0,San Diego,CA,1,20,,,,-8.0,"35,32","26,35",,,,,,,,
ncaab:401573596,ncaab,2024-01-21T00:00Z,final,2335,2534,Liberty,Sam Houston,82,66,-530,390,,0,-550,390,-9.5,-110,-110,,,,,2,,0,Lynchburg,VA,1,192,,,,-5.0,"41,41","33,33",-332,240,-5.5,-115,-115,139.5,-110,-110
ncaab:401574440,ncaab,2024-01-21T00:00Z,final,2198,91,E Kentucky,Bellarmine,82,70,,,,0,,,,,,,,,,2,,0,Richmond,KY,1,289,,,,-5.0,"46,36","43,27",,,,,,,,
ncaab:401574630,ncaab,2024-01-21T00:00Z,final,2400,2065,Miss Valley St,Bethune,64,80,,,,0,,,,,,,,,,2,,0,Itta Bena,MS,1,40,,,,-6.0,"28,36","39,41",,,,,,,,
ncaab:401581196,ncaab,2024-01-21T00:00Z,final,399,2803,UAlbany,Bryant,89,98,,,,0,,,,,,,,,,2,,0,Albany,NY,1,45,,,,-5.0,"37,52","45,53",,,,,,,,
ncaab:401581691,ncaab,2024-01-21T00:00Z,final,295,2433,Old Dominion,UL Monroe,73,80,,,,0,,,,,,,,,,2,,0,Norfolk,VA,1,2,,,,-5.0,"24,49","35,45",,,,,,,,
ncaab:401587702,ncaab,2024-01-21T00:00Z,final,2750,270,Wright St,Milwaukee,95,81,-375,295,,0,-300,235,-8.5,-108,-112,,,,,2,,0,Dayton,OH,1,225,,,,-5.0,"43,52","44,37",-250,185,-4.5,-110,-110,172.5,-110,-110
ncaab:401589684,ncaab,2024-01-21T00:00Z,final,2541,2501,Santa Clara,Portland,101,86,-675,490,,0,-650,440,-11.5,-110,-110,,,,,2,,0,Santa Clara,CA,1,23,,,,-8.0,"45,56","41,45",-379,267,-6.5,-115,-115,156.0,-110,-110
ncaab:401593875,ncaab,2024-01-21T00:00Z,final,526,56,FGCU,Stetson,80,56,,,,0,,,,,,,,,,2,,0,Fort Myers,FL,1,3,,,,-5.0,"41,39","27,29",,,,,,,,
ncaab:401600678,ncaab,2024-01-21T00:00Z,final,2210,111,Elon,Northeastern,72,84,136,-162,,0,140,-172,3.0,-110,-110,,,,,2,,0,Elon,NC,1,215,,,,-5.0,"25,47","46,38",115,-150,1.5,-115,-115,143.5,-114,-108
ncaab:401601233,ncaab,2024-01-21T00:00Z,final,2272,2127,High Point,Charleston So,86,79,-1600,900,,0,-1450,850,-15.5,-112,-108,,,,,2,,0,High Point,NC,1,281,,,,-5.0,"47,39","38,41",-639,410,-9.5,-106,-114,150.5,-108,-110
ncaab:401603428,ncaab,2024-01-21T00:00Z,final,2306,197,Kansas St,Oklahoma St,70,66,-450,340,,0,-430,330,-9.0,-108,-112,,,,,2,,0,Manhattan,KS,1,311,,,,-6.0,"31,39","35,31",-300,220,-4.5,-120,-105,134.5,-110,-110
ncaab:401607390,ncaab,2024-01-21T00:00Z,final,38,204,Colorado,Oregon St,90,57,-1800,1050,,0,-2500,1100,-17.5,-110,-110,,,,,2,,0,Boulder,CO,1,1624,,,,-7.0,"45,45","23,34",-1000,550,-9.5,-118,-105,140.0,-112,-108
ncaab:401574081,ncaab,2024-01-21T00:30Z,final,292,2627,UT Rio Grande,Tarleton St,73,77,,,,0,,,,,,,,,,2,,0,Edinburg,TX,1,30,,,,-6.0,"40,33","26,51",,,,,,,,
ncaab:401602980,ncaab,2024-01-21T00:30Z,final,2751,2440,Wyoming,Nevada,98,93,235,-290,,0,250,-325,7.0,-112,-108,,,,,2,,0,Laramie,WY,1,2184,,,,-7.0,"44,54","37,56",177,-240,3.5,-115,-114,139.5,-112,-108
ncaab:401573407,ncaab,2024-01-21T01:00Z,final,304,331,Idaho St,E Washington,67,79,,,,0,,,,,,,,,,2,,0,Pocatello,ID,1,1360,,,,-7.0,"36,31","38,41",,,,,,,,
ncaab:401573411,ncaab,2024-01-21T01:00Z,final,2458,2502,N Colorado,Portland St,90,61,-285,230,,0,-225,176,-6.5,-110,-110,,,,,2,,0,Greeley,CO,1,1425,,,,-7.0,"36,54","39,22",-233,177,-3.5,-105,-115,159.0,-110,-110
ncaab:401573507,ncaab,2024-01-21T01:00Z,final,27,2463,UC Riverside,CSU Northridge,82,63,,,,0,,,,,,,,,,2,,0,Riverside,CA,1,252,,,,-8.0,"31,51","28,35",,,,,,,,
ncaab:401574078,ncaab,2024-01-21T01:00Z,final,2856,253,CA Baptist,Southern Utah,83,76,,,,0,,,,,,,,,,2,,0,Riverside,CA,1,252,,,,-8.0,"37,46","30,46",,,,,,,,
ncaab:401597141,ncaab,2024-01-21T01:00Z,final,142,57,Missouri,Florida,67,79,130,-155,,0,130,-156,3.0,-110,-110,,,,,2,,0,Columbia,MO,1,215,,,,-6.0,"34,33","37,42",114,-142,1.5,-114,-108,160.5,-115,-115
ncaab:401599498,ncaab,2024-01-21T01:00Z,final,222,41,Villanova,UConn,65,66,,,,0,,,,,,,,,,2,,0,Philadelphia,PA,1,12,,,,-5.0,"24,41","29,37",,,,,,,,
ncaab:401601854,ncaab,2024-01-21T01:00Z,final,2460,79,Northern Iowa,S Illinois,61,57,,,,0,,,,,,,,,,2,,0,Cedar Falls,IA,1,268,,,,-6.0,"29,32","30,27",,,,,,,,
ncaab:401604136,ncaab,2024-01-21T01:00Z,final,150,221,Duke,Pitt,76,80,-950,625,,0,-1450,810,-12.5,-106,-114,,,,,2,,0,Durham,NC,1,123,,,,-5.0,"34,42","38,42",-445,310,-7.0,-115,-108,143.0,-110,-110
ncaab:401597138,ncaab,2024-01-21T01:30Z,final,2,145,Auburn,Ole Miss,82,59,-800,550,,0,-1000,640,-12.5,-110,-110,,,,,2,,0,Auburn,AL,1,215,,,,-6.0,"46,36","27,32",-450,300,-6.5,-115,-115,152.0,-108,-110
ncaab:401573408,ncaab,2024-01-21T02:00Z,final,2692,70,Weber St,Idaho,88,65,-2000,1100,,0,-2200,980,-15.0,-110,-110,,,,,2,,0,Ogden,UT,1,1311,,,,-7.0,"35,53","35,30",-550,369,-8.5,-118,-110,138.5,-105,-115
ncaab:401573409,ncaab,2024-01-21T02:00Z,final,147,149,Montana St,Montana,77,87,150,-180,,0,160,-200,4.0,-110,-110,,,,,2,,0,Bozeman,MT,1,1468,,,,-7.0,"36,41","38,49",130,-161,2.0,-108,-112,146.0,-110,-110
ncaab:401573598,ncaab,2024-01-21T02:00Z,final,2638,98,UTEP,Western KY,93,87,-125,105,,0,-110,-110,-1.5,-112,-108,,,,,2,,0,El Paso,TX,1,1133,,,,-7.0,"42,51","40,47",-125,102,-0.5,-110,-110,149.5,-108,-110
ncaab:401573599,ncaab,2024-01-21T02:00Z,final,166,2393,New Mexico St,MTSU,73,62,,,,0,,,,,,,,,,2,,0,Las Cruces,NM,1,1191,,,,-7.0,"34,39","26,36",,,,,,,,
ncaab:401607450,ncaab,2024-01-21T02:00Z,final,24,264,Stanford,Washington,90,80,-152,126,,0,-132,110,-3.0,-112,-108,,,,,2,,0,Stanford,CA,1,23,,,,-8.0,"39,51","31,49",-140,110,-1.5,-115,-115,158.5,-110,-110
ncaab:401573510,ncaab,2024-01-21T03:00Z,final,2934,13,Bakersfield,Cal Poly,65,53,-520,390,,0,-650,440,-9.0,-108,-112,,,,,2,,0,Bakersfield,CA,1,123,,,,-8.0,"32,33","19,34",-307,220,-5.5,-110,-115,126.0,-110,-110
ncaab:401574077,ncaab,2024-01-21T03:00Z,final,2547,2253,Seattle U,Grand Canyon,86,79,175,-210,,0,162,-196,5.5,-110,-110,,,,,2,,0,Seattle,WA,1,56,,,,-8.0,"42,44","44,35",140,-185,2.5,-115,-110,143.0,-110,-110
ncaab:401589683,ncaab,2024-01-21T03:00Z,final,301,2250,San Diego,Gonzaga,63,105,1280,-3500,,0,1060,-2300,18.5,-110,-110,,,,,2,,0,San Diego,CA,1,20,,,,-8.0,"27,36","54,51",625,-1050,11.5,-115,-106,158.0,-110,-110
ncaab:401589685,ncaab,2024-01-21T03:00Z,final,2492,2351,Pepperdine,LMU,61,68,,,,0,,,,,,,,,,2,,0,Malibu,CA,1,32,,,,-8.0,"27,34","40,28",,,,,,,,
ncaab:401589686,ncaab,2024-01-21T03:00Z,final,2539,2608,San Francisco,Saint Mary's,60,77,-112,-108,,0,-110,-110,-1.0,-105,-115,,,,,2,,0,San Francisco,CA,1,16,,,,-8.0,"28,32","39,38",-115,-110,-0.5,-102,-120,129.0,-110,-110
ncaab:401600345,ncaab,2024-01-21T17:00Z,final,120,127,Maryland,Michigan St,59,61,-111,-108,,0,108,-130,1.0,-115,-105,,,,,2,,0,College Park,MD,1,21,,,,-5.0,"32,27","44,17",-115,-108,0.0,-115,-115,135.0,-108,-110
ncaab:401600344,ncaab,2024-01-21T18:00Z,final,356,164,Illinois,Rutgers,86,63,-800,550,,0,-950,610,-11.0,-108,-112,,,,,2,,0,Champaign,IL,1,225,,,,-6.0,"40,46","28,35",-375,260,-6.5,-110,-120,142.5,-110,-110
ncaab:401602092,ncaab,2024-01-21T18:00Z,final,2655,235,Tulane,Memphis,81,79,140,-170,,0,125,-150,3.5,-110,-110,,,,,2,,0,New Orleans,LA,1,0,,,,-6.0,"34,47","34,45",120,-152,1.5,-115,-114,169.5,-110,-110
ncaab:401589391,ncaab,2024-01-21T19:00Z,final,2330,2598,Le Moyne,Saint Francis,94,57,,,,0,,,,,,,,,,2,,0,Syracuse,NY,1,121,,,,-5.0,"43,51","25,32",,,,,,,,
ncaab:401589454,ncaab,2024-01-21T19:00Z,final,2771,284,Merrimack,Stonehill,63,47,-1000,650,,0,-899,600,-12.5,-112,-108,,,,,2,,0,North Andover,MA,1,29,,,,-5.0,"28,35","28,19",-500,330,-7.5,-110,-115,136.0,-108,-110
ncaab:401589472,ncaab,2024-01-21T19:00Z,final,2529,2681,Sacred Heart,Wagner,66,61,-198,164,,0,-182,150,-4.5,-110,-110,,,,,2,,0,Fairfield,CT,1,4,,,,-8.0,"21,45","28,33",-180,140,-2.5,-115,-115,130.5,-110,-110
ncaab:401594262,ncaab,2024-01-21T19:00Z,final,2612,2099,Saint Peter's,Canisius,70,59,,,,0,,,,,,,,,,2,,0,Jersey City,NJ,1,9,,,,-5.0,"36,34","37,22",,,,,,,,
ncaab:401594295,ncaab,2024-01-21T19:00Z,final,2363,2217,Manhattan,Fairfield,75,82,280,-350,,0,245,-310,8.0,-112,-108,,,,,2,,0,Riverdale,NY,1,159,,,,-8.0,"35,40","38,44",194,-244,4.5,-115,-105,148.5,-110,-110
ncaab:401594313,ncaab,2024-01-21T19:00Z,final,2514,314,Quinnipiac,Iona,91,87,-122,102,,0,-128,106,-1.0,-110,-110,,,,,2,,0,Hamden,CT,1,31,,,,-5.0,"41,50","45,42",-120,-104,-0.5,-108,-112,148.0,-110,-110
ncaab:401594333,ncaab,2024-01-21T19:00Z,final,2368,2561,Marist,Siena,50,48,-285,230,,0,-450,340,-6.5,-110,-110,,,,,2,,0,Poughkeepsie,NY,1,62,,,,-5.0,"19,31","25,23",-212,171,-3.5,-109,-114,130.0,-110,-110
ncaab:401594352,ncaab,2024-01-21T19:00Z,final,116,315,Mount St Marys,Niagara,71,82,-245,198,,0,-240,195,-5.5,-115,-105,,,,,2,,0,Emmitsburg,MD,1,133,,,,-5.0,"34,37","38,44",-196,154,-2.5,-120,-105,143.5,-105,-110
ncaab:401602091,ncaab,2024-01-21T19:00Z,final,58,2724,South Florida,Wichita St,72,68,-185,154,,0,-205,168,-4.0,-110,-110,,,,,2,,0,Tampa,FL,1,1,,,,-5.0,"32,40","35,33",-169,138,-2.5,-108,-115,151.0,-118,-110
ncaab:401602093,ncaab,2024-01-21T20:00Z,final,2636,2226,UTSA,FAU,103,112,,,,0,,,,,,,,,,2,,0,San Antonio,TX,1,198,,,,-6.0,"53,38,12","49,42,21",,,,,,,,
ncaab:401607464,ncaab,2024-01-21T20:00Z,final,254,2483,Utah,Oregon,80,77,-275,220,,0,-205,172,-6.0,-110,-110,,,,,2,,0,Salt Lake City,UT,1,1299,,,,-7.0,"32,48","33,44",-215,168,-3.0,-115,-115,149.5,-105,-110
ncaab:401587916,ncaab,2024-01-21T20:10Z,final,2193,236,ETSU,Chattanooga,74,81,,,,0,,,,,,,,,,2,,0,Johnson City,TN,1,498,,,,-5.0,"32,42","36,45",,,,,,,,
ncaab:401600249,ncaab,2024-01-21T22:00Z,final,2130,2615,Chicago St,Saint Xavier,108,58,,,,0,,,,,,,,,,2,,0,Chicago,IL,1,179,,,,-6.0,"58,50","27,31",,,,,,,,
ncaab:401601856,ncaab,2024-01-21T22:00Z,final,93,282,Murray St,Indiana St,63,72,190,-238,,0,190,-235,5.5,-110,-110,,,,,2,,0,Murray,KY,1,163,,,,-6.0,"28,35","25,47",150,-190,3.0,-112,-115,155.0,-112,-108
ncaab:401589495,ncaab,2024-01-22T00:00Z,final,112358,2115,Long Island,C Connecticut,63,72,,,,0,,,,,,,,,,2,,0,Brooklyn,NY,1,15,,,,-5.0,"32,31","32,40",,,,,,,,
ncaab:401579018,ncaab,2024-01-23T00:00Z,final,357,2377,Texas A&M-CC,McNeese,61,62,200,-250,,0,188,-230,5.5,-110,-110,,,,,2,,0,Corpus Christi,TX,1,2,,,,-6.0,"31,30","30,32",148,-186,2.5,-110,-115,141.5,-118,-104
ncaab:401579069,ncaab,2024-01-23T00:00Z,final,2545,2466,SE Louisiana,N'Western St,71,62,,,,0,,,,,,,,,,2,,0,Hammond,LA,1,13,,,,-6.0,"33,38","34,28",,,,,,,,
ncaab:401598638,ncaab,2024-01-23T00:00Z,final,2142,2329,Colgate,Lehigh,60,57,-710,500,,0,-600,440,-11.5,-105,-115,,,,,2,,0,Hamilton,NY,1,181,,,,-5.0,"36,24","30,27",-388,289,-6.5,-108,-112,144.5,-115,-105
ncaab:401604141,ncaab,2024-01-23T00:00Z,final,153,154,North Carolina,Wake Forest,85,64,-365,285,,0,-400,310,-7.5,-110,-110,,,,,2,,0,Chapel Hill,NC,1,148,,,,-5.0,"33,52","34,30",-250,185,-4.0,-120,-108,158.5,-110,-110
ncaab:401604796,ncaab,2024-01-23T00:00Z,final,2379,2512,MD Eastern,Queens (NY),71,61,,,,0,,,,,,,,,,2,,0,Princess Anne,MD,1,5,,,,-5.0,"36,35","22,39",,,,,,,,
ncaab:401579058,ncaab,2024-01-23T00:30Z,final,2916,2447,Incarnate Word,Nicholls,74,78,128,-154,,0,146,-176,3.0,-115,-105,,,,,2,,0,San Antonio,TX,1,198,,,,-6.0,"35,27,12","34,28,16",118,-144,1.5,-112,-112,146.0,-108,-110
ncaab:401578969,ncaab,2024-01-23T01:00Z,final,2277,2443,Hou Christian,LSU N Orleans,88,80,,,,0,,,,,,,,,,2,,0,Houston,TX,1,12,,,,-6.0,"34,54","38,42",,,,,,,,
ncaab:401579086,ncaab,2024-01-23T01:00Z,final,2320,2837,Lamar,East Texas A&M,76,65,-230,195,,0,-215,176,-5.5,-110,-110,,,,,2,,0,Beaumont,TX,1,5,,,,-6.0,"29,47","21,44",-191,151,-2.5,-115,-110,145.5,-110,-115
ncaab:401598026,ncaab,2024-01-23T01:30Z,final,2016,2504,Alcorn St,Prairie View,90,78,-162,136,,0,-152,126,-3.0,-108,-112,,,,,2,,0,Lorman,MS,1,66,,,,-6.0,"49,41","31,47",-141,115,-1.5,-108,-115,148.0,-102,-118
ncaab:401598905,ncaab,2024-01-23T01:45Z,final,2400,50,Miss Valley St,Florida A&M,70,81,,,,0,,,,,,,,,,2,,0,Itta Bena,MS,1,40,,,,-6.0,"35,35","39,42",,,,,,,,
ncaab:401573412,ncaab,2024-01-23T02:00Z,final,147,304,Montana St,Idaho St,77,70,-230,190,,0,-200,164,-5.0,-115,-105,,,,,2,,0,Bozeman,MT,1,1468,,,,-7.0,"34,43","25,45",-175,140,-2.5,-104,-118,136.0,-110,-110
ncaab:401573413,ncaab,2024-01-23T02:00Z,final,149,2692,Montana,Weber St,77,62,-135,114,,0,-118,-102,-2.0,-110,-110,,,,,2,,0,Missoula,MT,1,978,,,,-7.0,"36,41","30,32",-135,-106,-1.0,-115,-115,143.5,-110,-110
ncaab:401583824,ncaab,2024-01-23T02:00Z,final,2296,2640,Jackson St,Texas Southern,73,64,-215,176,,0,-200,164,-5.5,-105,-115,,,,,2,,0,Jackson,MS,1,85,,,,-6.0,"31,42","21,43",-187,145,-2.5,-110,-115,142.0,-110,-110
ncaab:401600680,ncaab,2024-01-23T02:00Z,final,2619,2275,Stony Brook,Hofstra,74,80,150,-180,,0,140,-170,3.5,-110,-110,,,,,2,,0,Stony Brook,NY,1,27,,,,-5.0,"37,37","32,48",115,-155,1.5,-115,-115,139.5,-115,-110
ncaab:401603433,ncaab,2024-01-23T02:00Z,final,2305,2132,Kansas,Cincinnati,74,69,-350,280,,0,-300,240,-7.5,-110,-110,,,,,2,,0,Lawrence,KS,1,263,,,,-6.0,"35,39","35,34",-260,195,-4.5,-115,-112,147.5,-105,-105
ncaab:401574631,ncaab,2024-01-23T02:10Z,final,2029,2065,AR-Pine Bluff,Bethune,76,72,,,,0,,,,,,,,,,2,,0,Pine Bluff,AR,1,67,,,,-6.0,"31,45","37,35",,,,,,,,
ncaab:401596857,ncaab,2024-01-23T23:30Z,final,2325,2168,La Salle,Dayton,54,66,280,-355,,0,365,-490,8.0,-108,-112,,,,,2,,0,Philadelphia,PA,1,12,,,,-5.0,"23,31","36,30",210,-265,4.5,-125,-105,138.5,-110,-110
ncaab:401599500,ncaab,2024-01-23T23:30Z,final,46,2086,Georgetown,Butler,66,90,130,-160,,0,150,-182,3.0,-110,-110,,,,,2,,0,Washington,DC,1,7,,,,-5.0,"32,34","44,46",120,-150,1.5,-110,-114,147.0,-110,-108
ncaab:401588649,ncaab,2024-01-24T00:00Z,final,2006,195,Akron,Ohio,67,58,-350,280,,0,-320,255,-8.0,-110,-110,,,,,2,,0,Akron,OH,1,291,,,,-5.0,"35,32","26,32",-250,195,-4.0,-108,-115,146.5,-110,-110
ncaab:401588650,ncaab,2024-01-24T00:00Z,final,2711,2199,W Michigan,E Michigan,73,56,,,,0,,,,,,,,,,2,,0,Kalamazoo,MI,1,239,,,,-5.0,"31,42","20,36",,,,,,,,
ncaab:401588651,ncaab,2024-01-24T00:00Z,final,2117,193,C Michigan,Miami OH,71,55,,,,0,,,,,,,,,,2,,0,Mount Pleasant,MI,1,235,,,,-5.0,"38,33","20,35",,,,,,,,
ncaab:401588652,ncaab,2024-01-24T00:00Z,final,189,2309,Bowling Green,Kent State,84,90,-120,102,,0,-118,-102,-1.0,-110,-110,,,,,2,,0,Bowling Green,OH,1,212,,,,-5.0,"35,39,10","35,39,16",-120,-104,-0.5,-110,-112,148.5,-110,-110
ncaab:401588653,ncaab,2024-01-24T00:00Z,final,2084,2050,Buffalo,Ball State,59,87,105,-125,,0,106,-128,1.5,-110,-110,,,,,2,,0,Buffalo,NY,1,183,,,,-5.0,"31,28","45,42",-104,-130,1.0,-110,-115,145.5,-110,-110
ncaab:401596854,ncaab,2024-01-24T00:00Z,final,2670,2350,VCU,Loyola Chicago,74,67,-200,165,,0,-210,172,-4.5,-112,-108,,,,,2,,0,Richmond,VA,1,64,,,,-5.0,"33,41","36,31",-170,142,-2.5,-110,-115,140.5,-112,-105
ncaab:401596855,ncaab,2024-01-24T00:00Z,final,113,2603,UMass,Saint Joseph's,77,78,,,,0,,,,,,,,,,2,,0,Amherst,MA,1,82,,,,-5.0,"42,35","38,40",,,,,,,,
ncaab:401596856,ncaab,2024-01-24T00:00Z,final,2184,179,Duquesne,St Bonaventure,54,50,,,,0,,,,,,,,,,2,,0,Pittsburgh,PA,1,233,,,,-5.0,"22,32","15,35",,,,,,,,
ncaab:401597144,ncaab,2024-01-24T00:00Z,final,2579,96,South Carolina,Kentucky,79,62,190,-245,,0,160,-194,5.5,-108,-114,,,,,2,,0,Columbia,SC,1,89,,,,-5.0,"33,46","25,37",145,-190,3.0,-112,-115,155.5,-110,-110
ncaab:401598581,ncaab,2024-01-24T00:00Z,final,172,124846,Cornell,Wells College,105,49,,,,0,,,,,,,,,,2,,0,Ithaca,NY,1,125,,,,-5.0,"52,53","28,21",,,,,,,,
ncaab:401600347,ncaab,2024-01-24T00:00Z,final,158,194,Nebraska,Ohio State,83,69,-180,150,,0,-122,102,-4.0,-112,-108,,,,,2,,0,Lincoln,NE,1,367,,,,-6.0,"43,40","35,34",-165,130,-1.5,-110,-110,148.5,-115,-110
ncaab:401600348,ncaab,2024-01-24T00:00Z,final,135,275,Minnesota,Wisconsin,59,61,124,-148,,0,198,-245,3.0,-110,-110,,,,,2,,0,Minneapolis,MN,1,253,,,,-6.0,"24,35","34,27",105,-140,1.5,-115,-106,139.0,-110,-110
ncaab:401602094,ncaab,2024-01-24T00:00Z,final,2429,5,Charlotte,UAB,76,70,-200,164,,0,-245,198,-4.5,-110,-110,,,,,2,,0,Charlotte,NC,1,229,,,,-5.0,"28,48","38,32",-167,136,-2.5,-105,-115,138.0,-110,-110
ncaab:401603435,ncaab,2024-01-24T00:00Z,final,201,251,Oklahoma,Texas,60,75,-205,168,,0,-196,162,-4.5,-110,-110,,,,,2,,0,Norman,OK,1,357,,,,-6.0,"33,27","32,43",-166,130,-2.5,-115,-115,142.5,-110,-105
ncaab:401603437,ncaab,2024-01-24T00:00Z,final,2116,277,UCF,West Virginia,72,59,-315,250,,0,-350,275,-7.5,-110,-110,,,,,2,,0,Orlando,FL,1,30,,,,-5.0,"37,35","24,35",-245,194,-4.5,-115,-106,142.5,-112,-108
ncaab:401604142,ncaab,2024-01-24T00:00Z,final,183,52,Syracuse,Florida St,69,85,-160,132,,0,-194,160,-3.5,-108,-112,,,,,2,,0,Syracuse,NY,1,121,,,,-5.0,"36,33","35,50",-150,120,-1.5,-110,-110,152.0,-110,-110
ncaab:401604143,ncaab,2024-01-24T00:00Z,final,59,221,Georgia Tech,Pitt,64,72,114,-135,,0,112,-134,2.5,-110,-110,,,,,2,,0,Atlanta,GA,1,320,,,,-5.0,"27,37","31,41",110,-135,1.5,-120,-105,144.0,-110,-110
ncaab:401604144,ncaab,2024-01-24T00:00Z,final,97,150,Louisville,Duke,69,83,800,-1350,,0,760,-1300,14.5,-110,-110,,,,,2,,0,Louisville,KY,1,142,,,,-5.0,"34,35","45,38",375,-590,8.0,-105,-125,148.5,-105,-105
ncaab:401588654,ncaab,2024-01-24T01:00Z,final,2459,2649,N Illinois,Toledo,73,89,190,-230,,0,152,-184,5.5,-110,-110,,,,,2,,0,Dekalb,IL,1,268,,,,-6.0,"38,35","38,51",152,-192,3.0,-112,-108,159.0,-108,-112
ncaab:401601857,ncaab,2024-01-24T01:00Z,final,2287,2057,Illinois St,Belmont,77,67,-132,110,,0,-125,104,-2.0,-110,-110,,,,,2,,0,Normal,IL,1,244,,,,-6.0,"41,36","30,37",-128,105,-1.0,-108,-112,146.5,-110,-110
ncaab:401601858,ncaab,2024-01-24T01:00Z,final,2460,339,Northern Iowa,Evansville,70,63,-1099,700,,0,-1100,680,-13.5,-110,-110,,,,,2,,0,Cedar Falls,IA,1,268,,,,-6.0,"28,42","31,32",-455,350,-7.5,-110,-110,142.5,-110,-110
ncaab:401599499,ncaab,2024-01-24T01:30Z,final,156,2752,Creighton,Xavier,85,78,-350,280,,0,-385,300,-7.5,-112,-108,,,,,2,,0,Omaha,NE,1,323,,,,-6.0,"38,47","39,39",-260,200,-4.5,-110,-112,150.5,-120,-110
ncaab:401597145,ncaab,2024-01-24T02:00Z,final,245,142,Texas A&M,Missouri,63,57,-650,470,,0,-630,450,-10.5,-112,-108,,,,,2,,0,College Station,TX,1,103,,,,-6.0,"30,33","25,32",-420,290,-6.0,-110,-115,143.5,-110,-110
ncaab:401597940,ncaab,2024-01-24T02:00Z,final,21,2751,San Diego St,Wyoming,81,65,-1800,1000,,0,-3000,1200,-16.5,-110,-110,,,,,2,,0,San Diego,CA,1,20,,,,-8.0,"34,47","32,33",-900,525,-9.5,-112,-110,144.0,-110,-112
ncaab:401600346,ncaab,2024-01-24T02:00Z,final,2509,130,Purdue,Michigan,99,67,-1799,1050,,0,-3500,1280,-18.0,-112,-108,,,,,2,,0,West Lafayette,IN,1,186,,,,-5.0,"49,50","25,42",-850,520,-10.5,-115,-115,152.5,-110,-110
ncaab:401603434,ncaab,2024-01-24T02:00Z,final,252,248,BYU,Houston,68,75,110,-130,,0,112,-134,1.5,-110,-110,,,,,2,,0,Provo,UT,1,1387,,,,-7.0,"34,34","41,34",108,-140,1.0,-105,-115,136.0,-110,-112
ncaab:401604145,ncaab,2024-01-24T02:00Z,final,259,103,Virginia Tech,Boston College,76,71,-210,175,,0,-265,215,-4.5,-112,-108,,,,,2,,0,Blacksburg,VA,1,633,,,,-5.0,"44,32","33,38",-178,144,-2.5,-112,-112,146.5,-115,-110
ncaab:401632759,ncaab,2024-01-24T02:00Z,final,2501,301,Portland,San Diego,81,85,-176,146,,0,-192,158,-3.5,-110,-110,,,,,2,,0,Portland,OR,1,12,,,,-8.0,"38,43","40,45",-163,130,-1.5,-114,-110,159.0,-110,-110
ncaab:401603436,ncaab,2024-01-24T02:10Z,final,197,2628,Oklahoma St,TCU,69,74,155,-188,,0,176,-215,4.5,-110,-110,,,,,2,,0,Stillwater,OK,1,273,,,,-6.0,"37,32","33,41",134,-166,2.5,-112,-115,146.0,-110,-110
ncaab:401600810,ncaab,2024-01-24T03:30Z,final,278,68,Fresno St,Boise St,68,72,198,-245,,0,220,-275,5.5,-112,-108,,,,,2,,0,Fresno,CA,1,94,,,,-8.0,"32,36","42,30",145,-190,3.0,-108,-120,135.5,-115,-108
ncaab:401594448,ncaab,2024-01-24T04:00Z,final,2439,2005,UNLV,Air Force,58,90,-625,455,,0,-1000,640,-10.0,-105,-115,,,,,2,,0,Las Vegas,NV,1,610,,,,-8.0,"24,34","39,51",-340,240,-5.5,-105,-115,130.5,-110,-110
ncaab:401587922,ncaab,2024-01-24T23:00Z,final,2678,2193,VMI,ETSU,73,74,,,,0,,,,,,,,,,2,,0,Lexington,VA,1,324,,,,-5.0,"31,42","35,39",,,,,,,,
ncaab:401597149,ncaab,2024-01-24T23:30Z,final,61,99,Georgia,LSU,68,66,-200,164,,0,-172,142,-4.5,-110,-110,,,,,2,,0,Athens,GA,1,228,,,,-5.0,"35,33","33,33",-175,140,-2.5,-115,-115,156.0,-110,-108
ncaab:401599502,ncaab,2024-01-24T23:30Z,final,2550,2507,Seton Hall,Providence,63,67,-144,120,,0,-176,146,-2.5,-110,-110,,,,,2,,0,Newark,NJ,1,9,,,,-5.0,"31,32","30,37",-147,112,-1.5,-110,-120,135.5,-115,-105
ncaab:401601240,ncaab,2024-01-24T23:30Z,final,2427,2515,UNC Asheville,Radford,81,69,-250,200,,0,-210,172,-6.0,-110,-110,,,,,2,,0,Asheville,NC,1,649,,,,-5.0,"42,39","36,33",-199,156,-2.5,-114,-110,142.0,-108,-110
ncaab:401574427,ncaab,2024-01-25T00:00Z,final,2511,2110,Queens,C Arkansas,96,79,,,,0,,,,,,,,,,2,,0,Charlotte,NC,1,229,,,,-5.0,"51,45","34,45",,,,,,,,
ncaab:401574515,ncaab,2024-01-25T00:00Z,final,338,2453,Kennesaw St,North Alabama,84,90,-297,245,,0,-300,235,-6.5,-112,-108,,,,,2,,0,Kennesaw,GA,1,332,,,,-5.0,"43,41","42,48",-220,170,-3.5,-115,-110,163.5,-110,-110
ncaab:401581633,ncaab,2024-01-25T00:00Z,final,324,2572,Coastal,Southern Miss,63,79,140,-170,,0,138,-172,3.5,-112,-108,,,,,2,,0,Conway,SC,1,10,,,,-5.0,"26,37","44,35",114,-150,1.5,-115,-115,147.0,-110,-110
ncaab:401581659,ncaab,2024-01-25T00:00Z,final,276,2247,Marshall,Georgia St,77,68,-190,154,,0,-162,132,-3.5,-120,-102,,,,,2,,0,Huntington,WV,1,173,,,,-5.0,"29,48","30,38",-160,122,-1.5,-120,-110,158.0,-110,-110
ncaab:401581673,ncaab,2024-01-25T00:00Z,final,295,256,Old Dominion,James Madison,62,78,270,-350,,0,320,-430,7.5,-110,-110,,,,,2,,0,Norfolk,VA,1,2,,,,-5.0,"21,41","44,34",180,-240,4.0,-115,-115,154.0,-110,-110
ncaab:401581717,ncaab,2024-01-25T00:00Z,final,2653,326,Troy,Texas St,78,65,-440,340,,0,-385,290,-9.0,-110,-110,,,,,2,,0,Troy,AL,1,165,,,,-6.0,"39,39","34,31",-284,205,-4.5,-115,-115,139.5,-115,-105
ncaab:401587919,ncaab,2024-01-25T00:00Z,final,2717,2430,W Carolina,UNC Greensboro,82,85,,,,0,,,,,,,,,,2,,0,Cullowhee,NC,1,645,,,,-5.0,"26,44,12","39,31,15",,,,,,,,
ncaab:401587920,ncaab,2024-01-25T00:00Z,final,2643,2382,The Citadel,Mercer,68,66,-125,105,,0,-144,118,-1.5,-110,-110,,,,,2,,0,Charleston,SC,1,6,,,,-5.0,"21,47","35,31",-135,105,-1.0,-110,-120,134.5,-106,-110
ncaab:401587921,ncaab,2024-01-25T00:00Z,final,231,2535,Furman,Samford,78,68,-149,124,,0,-138,112,-2.5,-111,-109,,,,,2,,0,Greenville,SC,1,307,,,,-5.0,"34,44","25,43",-137,105,-1.0,-115,-115,167.5,-113,-110
ncaab:401587923,ncaab,2024-01-25T00:00Z,final,2747,236,Wofford,Chattanooga,65,79,-102,-118,,0,-105,-115,1.5,-110,-110,,,,,2,,0,Spartanburg,SC,1,246,,,,-5.0,"30,35","43,36",-110,-120,0.0,-110,-120,147.5,-114,-110
ncaab:401594491,ncaab,2024-01-25T00:00Z,final,2083,2426,Bucknell,Navy,71,63,-140,115,,0,-160,130,-2.5,-108,-112,,,,,2,,0,Lewisburg,PA,1,144,,,,-5.0,"32,39","27,36",-130,-100,-1.5,-115,-115,135.0,-108,-110
ncaab:401594514,ncaab,2024-01-25T00:00Z,final,2352,322,Loyola MD,Lafayette,44,70,120,-144,,0,152,-188,2.5,-110,-110,,,,,2,,0,Baltimore,MD,1,10,,,,-5.0,"26,18","30,40",114,-145,1.5,-120,-105,129.5,-105,-112
ncaab:401596858,ncaab,2024-01-25T00:00Z,final,257,45,Richmond,G Washington,82,74,,,,0,,,,,,,,,,2,,0,Richmond,VA,1,64,,,,-5.0,"33,49","34,40",,,,,,,,
ncaab:401596859,ncaab,2024-01-25T00:00Z,final,139,2166,Saint Louis,Davidson,61,84,-135,114,,0,-110,-110,-2.0,-112,-108,,,,,2,,0,St. Louis,MO,1,142,,,,-6.0,"31,30","28,56",-130,102,-1.0,-115,-115,146.0,-112,-110
ncaab:401596860,ncaab,2024-01-25T00:00Z,final,227,2230,Rhode Island,Fordham,68,71,-150,125,,0,-152,124,-2.5,-110,-110,,,,,2,,0,Kingston,RI,1,75,,,,-5.0,"34,34","31,40",-150,117,-1.5,-107,-119,148.5,-108,-112
ncaab:401597388,ncaab,2024-01-25T00:00Z,final,44,107,American,Holy Cross,84,65,-575,425,,0,-950,590,-10.0,-108,-112,,,,,2,,0,Washington,DC,1,7,,,,-5.0,"39,45","32,33",-345,250,-5.5,-115,-115,137.5,-114,-110
ncaab:401597969,ncaab,2024-01-25T00:00Z,final,104,349,Boston U,Army,59,69,-245,200,,0,-400,300,-4.5,-110,-110,,,,,2,,0,Boston,MA,1,14,,,,-5.0,"30,29","23,46",-190,145,-2.5,-114,-115,125.5,-110,-110
ncaab:401600350,ncaab,2024-01-25T00:00Z,final,2294,120,Iowa,Maryland,67,69,-225,185,,0,-205,168,-5.0,-108,-112,,,,,2,,0,Iowa City,IA,1,204,,,,-6.0,"34,33","28,41",-190,152,-2.5,-115,-115,151.5,-112,-108
ncaab:401601237,ncaab,2024-01-25T00:00Z,final,2127,2737,Charleston So,Winthrop,59,78,245,-305,,0,194,-245,6.5,-110,-110,,,,,2,,0,Charleston,SC,1,6,,,,-5.0,"21,38","41,37",165,-215,3.5,-112,-115,142.5,-112,-108
ncaab:401601238,ncaab,2024-01-25T00:00Z,final,2344,2241,Longwood,Gardner-Webb,64,76,-192,160,,0,-220,176,-4.0,-110,-110,,,,,2,,0,Farmville,VA,1,90,,,,-5.0,"29,35","46,30",-175,135,-2.5,-114,-106,143.0,-110,-110
ncaab:401601239,ncaab,2024-01-25T00:00Z,final,2908,2272,SC Upstate,High Point,67,78,240,-290,,0,235,-300,6.0,-110,-110,,,,,2,,0,Spartanburg,SC,1,246,,,,-5.0,"31,36","40,38",185,-245,3.5,-115,-110,148.5,-114,-110
ncaab:401601859,ncaab,2024-01-25T00:00Z,final,71,93,Bradley,Murray St,71,63,-425,330,,0,-465,350,-8.5,-110,-110,,,,,2,,0,Peoria,IL,1,153,,,,-6.0,"44,27","34,29",-270,200,-4.5,-110,-115,140.5,-105,-112
ncaab:401602095,ncaab,2024-01-25T00:00Z,final,218,58,Temple,South Florida,69,75,-102,-120,,0,114,-137,1.5,-110,-110,,,,,2,,0,Philadelphia,PA,1,12,,,,-5.0,"35,34","31,44",-102,-120,0.5,-115,-110,143.5,-110,-107
ncaab:401604146,ncaab,2024-01-25T00:00Z,final,87,2390,Notre Dame,Miami,61,73,188,-230,,0,136,-164,5.5,-110,-110,,,,,2,,0,South Bend,IN,1,211,,,,-5.0,"29,32","37,36",140,-185,2.5,-110,-115,140.0,-110,-110
ncaab:401604147,ncaab,2024-01-25T00:00Z,final,258,152,Virginia,NC State,59,53,,,,0,,,,,,,,,,2,,0,Charlottesville,VA,1,142,,,,-5.0,"27,20,12","15,32,6",,,,,,,,
ncaab:401573600,ncaab,2024-01-25T00:30Z,final,2393,55,MTSU,Jax State,75,67,,,,0,,,,,,,,,,2,,0,Murfreesboro,TN,1,186,,,,-6.0,"35,40","23,44",,,,,,,,
ncaab:401597146,ncaab,2024-01-25T00:30Z,final,333,2,Alabama,Auburn,79,75,-176,146,,0,-150,125,-3.5,-112,-108,,,,,2,,0,Tuscaloosa,AL,1,68,,,,-6.0,"44,35","30,45",-158,130,-1.5,-115,-115,162.0,-110,-110
ncaab:401602098,ncaab,2024-01-25T00:30Z,final,2724,151,Wichita St,East Carolina,52,54,-162,132,,0,-160,130,-3.0,-112,-108,,,,,2,,0,Wichita,KS,1,396,,,,-6.0,"22,30","26,28",-150,120,-1.5,-112,-110,145.5,-108,-112
ncaab:401601860,ncaab,2024-01-25T01:00Z,final,2623,2181,Missouri St,Drake,83,80,235,-290,,0,245,-310,6.5,-110,-110,,,,,2,,0,Springfield,MO,1,396,,,,-6.0,"29,36,6,12","42,23,6,9",173,-219,3.5,-112,-115,143.0,-110,-110
ncaab:401601861,ncaab,2024-01-25T01:00Z,final,79,2674,S Illinois,Valparaiso,75,69,,,,0,,,,,,,,,,2,,0,Carbondale,IL,1,126,,,,-6.0,"29,46","34,35",,,,,,,,
ncaab:401601862,ncaab,2024-01-25T01:00Z,final,82,282,UIC,Indiana St,83,89,490,-675,,0,520,-800,11.0,-110,-110,,,,,2,,0,Chicago,IL,1,179,,,,-6.0,"39,44","41,48",267,-371,6.5,-115,-115,153.5,-110,-110
ncaab:401602096,ncaab,2024-01-25T01:00Z,final,242,2226,Rice,FAU,56,69,,,,0,,,,,,,,,,2,,0,Houston,TX,1,12,,,,-6.0,"26,30","33,36",,,,,,,,
ncaab:401602097,ncaab,2024-01-25T01:00Z,final,2636,2655,UTSA,Tulane,89,88,205,-260,,0,250,-325,6.0,-108,-112,,,,,2,,0,San Antonio,TX,1,198,,,,-6.0,"40,49","41,47",164,-212,3.5,-120,-105,167.5,-110,-110
ncaab:401597147,ncaab,2024-01-25T01:30Z,final,57,344,Florida,Mississippi St,79,70,-180,150,,0,-164,136,-4.0,-110,-110,,,,,2,,0,Gainesville,FL,1,54,,,,-5.0,"43,36","34,36",-175,135,-1.5,-120,-102,150.5,-110,-110
ncaab:401599503,ncaab,2024-01-25T01:30Z,final,2599,222,St John's,Villanova,70,50,,,,0,,,,,,,,,,2,,0,New York,NY,1,10,,,,-5.0,"32,38","22,28",,,,,,,,
ncaab:401597148,ncaab,2024-01-25T02:00Z,final,145,8,Ole Miss,Arkansas,77,51,-385,300,,0,-220,180,-8.5,-110,-110,,,,,2,,0,Oxford,MS,1,154,,,,-6.0,"38,39","26,25",-238,180,-4.5,-115,-110,149.0,-110,-110
ncaab:401599501,ncaab,2024-01-25T02:00Z,final,305,269,DePaul,Marquette,73,86,1280,-2500,,0,1200,-3000,18.5,-110,-110,,,,,2,,0,Chicago,IL,1,179,,,,-6.0,"38,35","48,38",575,-1100,11.5,-114,-110,149.5,-110,-104
ncaab:401600349,ncaab,2024-01-25T02:00Z,final,77,356,Northwestern,Illinois,96,91,150,-182,,0,146,-178,4.0,-110,-110,,,,,2,,0,Evanston,IL,1,187,,,,-6.0,"34,42,20","32,44,15",120,-160,1.5,-105,-115,145.5,-110,-110
ncaab:401603438,ncaab,2024-01-25T02:00Z,final,66,2306,Iowa State,Kansas St,78,67,-425,330,,0,-375,290,-8.5,-110,-110,,,,,2,,0,Ames,IA,1,287,,,,-6.0,"41,37","29,38",-275,195,-4.5,-112,-115,135.5,-110,-106
ncaab:401607453,ncaab,2024-01-25T03:00Z,final,265,254,Washington St,Utah,79,57,-142,120,,0,104,-125,-2.5,-110,-110,,,,,2,,0,Pullman,WA,1,717,,,,-8.0,"33,46","30,27",-140,105,-1.5,-110,-120,144.5,-110,-110
ncaab:401602981,ncaab,2024-01-25T03:30Z,final,2440,36,Nevada,Colorado St,77,64,-205,170,,0,-120,-100,-4.5,-110,-110,,,,,2,,0,Reno,NV,1,1373,,,,-8.0,"35,42","27,37",-176,140,-2.5,-115,-114,142.5,-110,-110
ncaab:401602989,ncaab,2024-01-25T04:00Z,final,23,167,San José St,New Mexico,75,95,230,-285,,0,350,-465,8.0,-108,-112,,,,,2,,0,San Jose,CA,1,26,,,,-8.0,"32,43","43,52",200,-275,4.5,-115,-110,155.5,-108,-112
ncaab:401607393,ncaab,2024-01-25T04:00Z,final,264,38,Washington,Colorado,81,98,130,-160,,0,102,-122,2.5,-102,-120,,,,,2,,0,Seattle,WA,1,56,,,,-8.0,"41,40","50,48",114,-140,1.5,-110,-110,156.5,-110,-110
ncaab:401589509,ncaab,2024-01-25T22:00Z,final,161,2115,FDU,C Connecticut,60,76,,,,0,,,,,,,,,,2,,0,Hackensack,NJ,1,6,,,,-5.0,"29,31","41,35",,,,,,,,
ncaab:401600683,ncaab,2024-01-25T22:00Z,final,2097,2210,Campbell,Elon,78,68,-120,-101,,0,-156,130,-1.5,-110,-110,,,,,2,,0,Buies Creek,NC,1,63,,,,-5.0,"39,39","38,30",-120,110,-1.5,-110,-112,143.5,-112,-110
ncaab:401581200,ncaab,2024-01-25T23:00Z,final,311,399,Maine,UAlbany,81,73,,,,0,,,,,,,,,,2,,0,Orono,ME,1,38,,,,-5.0,"38,43","34,39",,,,,,,,
ncaab:401574527,ncaab,2024-01-25T23:30Z,final,91,2454,Bellarmine,North Florida,63,71,103,-121,,0,118,-144,1.5,-110,-110,,,,,2,,0,Louisville,KY,1,142,,,,-5.0,"32,31","30,41",-112,-117,0.5,-120,-110,140.5,-105,-117
ncaab:401581203,ncaab,2024-01-25T23:30Z,final,2349,261,UMass Lowell,Vermont,65,72,-143,120,,0,-118,-102,-2.5,-108,-112,,,,,2,,0,Lowell,MA,1,36,,,,-5.0,"29,31,5","26,34,12",-140,110,-1.5,-106,-114,141.0,-112,-109
ncaab:401581500,ncaab,2024-01-25T23:30Z,final,2026,290,App State,GA Southern,84,74,,,,0,,,,,,,,,,2,,0,Boone,NC,1,981,,,,-5.0,"48,36","43,31",,,,,,,,
ncaab:401600684,ncaab,2024-01-25T23:30Z,final,2619,2405,Stony Brook,Monmouth,72,65,-155,130,,0,-140,115,-3.0,-110,-110,,,,,2,,0,Stony Brook,NY,1,27,,,,-5.0,"24,48","20,45",-145,120,-1.5,-115,-115,143.5,-110,-110
ncaab:401573601,ncaab,2024-01-26T00:00Z,final,2348,2638,Louisiana Tech,UTEP,68,54,-592,432,,0,-720,500,-10.5,-110,-110,,,,,2,,0,Ruston,LA,1,102,,,,-6.0,"34,34","27,27",-350,260,-5.5,-114,-110,135.5,-115,-108
ncaab:401574196,ncaab,2024-01-26T00:00Z,final,56,2046,Stetson,Austin Peay,83,82,-178,144,,0,-170,142,-3.5,-108,-112,,,,,2,,0,DeLand,FL,1,12,,,,-5.0,"34,49","34,48",-157,127,-2.0,-115,-105,141.0,-102,-118
ncaab:401574441,ncaab,2024-01-26T00:00Z,final,2198,294,E Kentucky,Jacksonville,75,59,,,,0,,,,,,,,,,2,,0,Richmond,KY,1,289,,,,-5.0,"35,40","25,34",,,,,,,,
ncaab:401580057,ncaab,2024-01-26T00:00Z,final,2571,140,S Dakota St,Kansas City,75,66,,,,0,,,,,,,,,,2,,0,Brookings,SD,1,494,,,,-6.0,"36,39","26,40",,,,,,,,
ncaab:401581201,ncaab,2024-01-26T00:00Z,final,160,2066,New Hampshire,Binghamton,79,73,-380,300,,0,-290,225,-8.5,-112,-108,,,,,2,,0,Durham,NH,1,15,,,,-5.0,"33,31,15","37,27,9",-241,190,-4.5,-120,-106,153.5,-112,-110
ncaab:401581202,ncaab,2024-01-26T00:00Z,final,2885,2803,NJIT,Bryant,55,70,,,,0,,,,,,,,,,2,,0,Newark,NJ,1,9,,,,-5.0,"21,34","31,39",,,,,,,,
ncaab:401587705,ncaab,2024-01-26T00:00Z,final,94,2870,N Kentucky,Purdue FW,58,63,-182,150,,0,-230,184,-4.0,-112,-108,,,,,2,,0,Highland Heights,KY,1,260,,,,-5.0,"25,33","29,34",-165,132,-2.0,-112,-115,151.0,-110,-111
ncaab:401587707,ncaab,2024-01-26T00:00Z,final,2739,2473,Green Bay,Oakland,69,59,130,-157,,0,120,-148,3.0,-109,-111,,,,,2,,0,Ashwaubenon,WI,1,185,,,,-6.0,"27,42","28,31",112,-140,1.5,-115,-108,139.5,-114,-110
ncaab:401587708,ncaab,2024-01-26T00:00Z,final,325,2750,Cleveland St,Wright St,99,107,117,-141,,0,-110,-110,2.5,-113,-107,,,,,2,,0,Cleveland,OH,1,199,,,,-5.0,"48,39,12","36,51,20",105,-131,1.0,-112,-110,162.5,-110,-110
ncaab:401587709,ncaab,2024-01-26T00:00Z,final,85,2754,IU Indy,Youngstown St,50,78,774,-1225,,0,760,-1250,14.0,-112,-108,,,,,2,,0,Indianapolis,IN,1,218,,,,-5.0,"21,29","36,42",375,-590,8.0,-112,-108,147.5,-112,-108
ncaab:401589392,ncaab,2024-01-26T00:00Z,final,2598,2529,Saint Francis,Sacred Heart,75,71,,,,0,,,,,,,,,,2,,0,Loretto,PA,1,595,,,,-5.0,"30,45","33,38",,,,,,,,
ncaab:401589455,ncaab,2024-01-26T00:00Z,final,112358,284,Long Island,Stonehill,63,60,,,,0,,,,,,,,,,2,,0,Brooklyn,NY,1,15,,,,-5.0,"37,26","37,23",,,,,,,,
ncaab:401589473,ncaab,2024-01-26T00:00Z,final,2681,2771,Wagner,Merrimack,44,60,114,-135,,0,132,-162,2.0,-108,-112,,,,,2,,0,Staten Island,NY,1,21,,,,-5.0,"24,20","21,39",102,-127,1.5,-125,105,124.5,-112,-107
ncaab:401593876,ncaab,2024-01-26T00:00Z,final,526,288,FGCU,Lipscomb,72,98,,,,0,,,,,,,,,,2,,0,Fort Myers,FL,1,3,,,,-5.0,"34,38","40,58",,,,,,,,
ncaab:401594385,ncaab,2024-01-26T00:00Z,final,2612,2520,Saint Peter's,Rider,57,62,,,,0,,,,,,,,,,2,,0,Jersey City,NJ,1,9,,,,-5.0,"20,37","30,32",,,,,,,,
ncaab:401600681,ncaab,2024-01-26T00:00Z,final,2261,232,Hampton,Charleston,86,107,800,-1350,,0,711,-1198,14.5,-110,-110,,,,,2,,0,Hampton,VA,1,1,,,,-5.0,"39,47","43,64",400,-588,8.5,-110,-110,163.0,-109,-111
ncaab:401600682,ncaab,2024-01-26T00:00Z,final,119,2182,Towson,Drexel,70,67,-112,-108,,0,-112,-107,0.0,-115,-105,,,,,2,,0,Towson,MD,1,141,,,,-5.0,"32,38","28,39",-125,-105,-0.5,-108,-112,125.0,-108,-111
ncaab:401600685,ncaab,2024-01-26T00:00Z,final,48,2448,Delaware,NC A&T,90,71,,,,0,,,,,,,,,,2,,0,Newark,DE,1,38,,,,-5.0,"32,58","22,49",,,,,,,,
ncaab:401600686,ncaab,2024-01-26T00:00Z,final,111,350,Northeastern,UNC Wilmington,54,77,122,-146,,0,116,-140,2.5,-110,-110,,,,,2,,0,Boston,MA,1,14,,,,-5.0,"21,33","38,39",110,-134,1.5,-120,100,141.5,-110,-110
ncaab:401600687,ncaab,2024-01-26T00:00Z,final,2275,2729,Hofstra,William & Mary,64,55,-1120,699,,0,-1600,820,-13.5,-110,-110,,,,,2,,0,Hempstead,NY,1,17,,,,-5.0,"28,36","22,33",-510,350,-7.5,-110,-115,143.5,-110,-110
ncaab:401602099,ncaab,2024-01-26T00:00Z,final,249,2567,North Texas,SMU,68,66,,,,0,,,,,,,,,,2,,0,Denton,TX,1,201,,,,-6.0,"33,35","32,34",,,,,,,,
ncaab:401574082,ncaab,2024-01-26T00:30Z,final,292,2856,UT Rio Grande,CA Baptist,54,63,,,,0,,,,,,,,,,2,,0,Edinburg,TX,1,30,,,,-6.0,"25,29","33,30",,,,,,,,
ncaab:401574083,ncaab,2024-01-26T00:30Z,final,2617,2253,SF Austin,Grand Canyon,51,53,,,,0,,,,,,,,,,2,,0,Nacogdoches,TX,1,92,,,,-6.0,"26,25","23,30",,,,,,,,
ncaab:401587285,ncaab,2024-01-26T00:30Z,final,2031,2815,Little Rock,Lindenwood,80,66,-600,440,,0,-899,600,-10.5,-110,-110,,,,,2,,0,Little Rock,AR,1,102,,,,-6.0,"41,39","26,40",-362,259,-5.5,-112,-115,151.5,-110,-110
ncaab:401594353,ncaab,2024-01-26T00:30Z,final,2514,116,Quinnipiac,Mount St Marys,79,65,-200,165,,0,-218,180,-4.5,-109,-111,,,,,2,,0,Hamden,CT,1,31,,,,-5.0,"40,39","35,30",-182,140,-2.5,-110,-115,151.5,-109,-110
ncaab:401573603,ncaab,2024-01-26T01:00Z,final,98,2229,Western KY,FIU,105,91,,,,0,,,,,,,,,,2,,0,Bowling Green,KY,1,161,,,,-6.0,"49,56","46,45",,,,,,,,
ncaab:401574084,ncaab,2024-01-26T01:00Z,final,2627,253,Tarleton St,Southern Utah,70,73,-272,220,,0,-300,235,-6.0,-110,-110,,,,,2,,0,Stephenville,TX,1,388,,,,-6.0,"27,43","32,41",-197,154,-3.5,-108,-112,146.5,-110,-112
ncaab:401580056,ncaab,2024-01-26T01:00Z,final,2900,2449,St Thomas,N Dakota St,79,66,,,,0,,,,,,,,,,2,,0,Saint Paul,MN,1,242,,,,-6.0,"36,43","42,24",,,,,,,,
ncaab:401580058,ncaab,2024-01-26T01:00Z,final,198,2437,Oral Roberts,Omaha,74,67,-173,142,,0,-172,140,-4.0,-107,-112,,,,,2,,0,Tulsa,OK,1,220,,,,-6.0,"34,40","22,45",-148,117,-2.0,-105,-115,151.0,-108,-111
ncaab:401587706,ncaab,2024-01-26T01:00Z,final,270,2174,Milwaukee,Detroit Mercy,87,71,-800,550,,0,-1025,640,-12.0,-109,-111,,,,,2,,0,Milwaukee,WI,1,188,,,,-6.0,"45,42","36,35",-442,310,-6.5,-115,-110,157.5,-110,-110
ncaab:401574085,ncaab,2024-01-26T01:30Z,final,2000,3101,Abilene Chrstn,Utah Tech,82,60,-305,245,,0,-260,205,-7.0,-110,-110,,,,,2,,0,Abilene,TX,1,524,,,,-6.0,"39,43","32,28",-230,184,-3.5,-114,-115,149.0,-110,-110
ncaab:401581618,ncaab,2024-01-26T01:30Z,void,309,2032,Louisiana,Arkansas St,,,-205,170,,0,-175,143,-4.5,-115,-105,,,,,2,,0,Lafayette,LA,1,11,,,,-6.0,,,-175,135,-2.5,-105,-115,156.5,-120,100
ncaab:401581692,ncaab,2024-01-26T01:30Z,final,2433,6,UL Monroe,South Alabama,80,66,,,,0,,,,,,,,,,2,,0,Monroe,LA,1,23,,,,-6.0,"41,39","29,37",,,,,,,,
ncaab:401587284,ncaab,2024-01-26T01:30Z,final,2197,2635,E Illinois,Tennessee Tech,68,59,,,,0,,,,,,,,,,2,,0,Charleston,IL,1,204,,,,-6.0,"31,37","27,32",,,,,,,,
ncaab:401587286,ncaab,2024-01-26T01:30Z,final,2630,2546,UT Martin,SE Missouri,84,58,,,,0,,,,,,,,,,2,,0,Martin,TN,1,124,,,,-6.0,"44,40","22,36",,,,,,,,
ncaab:401573414,ncaab,2024-01-26T02:00Z,final,331,2458,E Washington,N Colorado,77,74,,,,0,,,,,,,,,,2,,0,Cheney,WA,1,717,,,,-8.0,"38,39","31,43",,,,,,,,
ncaab:401573415,ncaab,2024-01-26T02:00Z,final,70,2464,Idaho,N Arizona,60,75,-180,150,,0,-158,131,-4.0,-113,-107,,,,,2,,0,Moscow,ID,1,786,,,,-8.0,"36,24","38,37",-167,130,-2.0,-114,-108,141.5,-109,-110
ncaab:401573417,ncaab,2024-01-26T02:00Z,final,16,147,Sacramento St,Montana St,62,70,-133,112,,0,-115,-105,-2.0,-110,-110,,,,,2,,0,Sacramento,CA,1,9,,,,-8.0,"29,33","40,30",-127,102,-1.0,-108,-112,136.5,-107,-112
ncaab:401573602,ncaab,2024-01-26T02:00Z,final,2534,166,Sam Houston,New Mexico St,79,67,-207,172,,0,-178,146,-5.0,-110,-110,,,,,2,,0,Huntsville,TX,1,113,,,,-6.0,"38,41","37,30",-180,150,-2.5,-112,-112,140.5,-110,-110
ncaab:401580059,ncaab,2024-01-26T02:00Z,final,2172,233,Denver,South Dakota,111,110,-524,387,,0,-550,410,-9.5,-110,-110,,,,,2,,0,Denver,CO,1,1609,,,,-7.0,"41,40,15,15","40,41,15,14",-337,252,-5.5,-110,-118,160.5,-106,-110
ncaab:401587287,ncaab,2024-01-26T02:00Z,final,88,2710,S Indiana,W Illinois,68,73,,,,0,,,,,,,,,,2,,0,Evansville,IN,1,118,,,,-6.0,"35,33","37,36",,,,,,,,
ncaab:401589690,ncaab,2024-01-26T02:00Z,final,2250,2539,Gonzaga,San Francisco,77,72,-490,365,,0,-490,365,-9.5,-110,-110,,,,,2,,0,Spokane,WA,1,571,,,,-8.0,"30,47","31,41",-275,220,-4.5,-115,-105,153.5,-110,-110
ncaab:401607394,ncaab,2024-01-26T02:00Z,final,2483,9,Oregon,Arizona St,80,61,-482,365,,0,1100,-2500,-9.5,-106,-114,,,,,2,,0,Eugene,OR,1,131,,,,-8.0,"28,52","33,28",-300,230,-5.0,-112,-115,143.5,-112,-108
ncaab:401573416,ncaab,2024-01-26T03:00Z,final,2502,149,Portland St,Montana,72,46,199,-243,,0,198,-245,5.5,-111,-109,,,,,2,,0,Portland,OR,1,12,,,,-8.0,"42,30","31,15",150,-190,2.5,-115,-114,147.0,-110,-110
ncaab:401573512,ncaab,2024-01-26T03:00Z,final,28,27,UC San Diego,UC Riverside,66,65,-337,265,,0,-520,370,-7.5,-109,-111,,,,,2,,0,San Diego,CA,1,20,,,,-8.0,"33,33","36,29",-245,182,-3.5,-112,-115,139.5,-110,-110
ncaab:401573513,ncaab,2024-01-26T03:00Z,final,299,300,Long Beach St,UC Irvine,61,72,125,-150,,0,134,-162,3.0,-110,-110,,,,,2,,0,Long Beach,CA,1,9,,,,-8.0,"24,37","41,31",114,-140,1.5,-115,-112,153.0,-107,-108
ncaab:401573514,ncaab,2024-01-26T03:00Z,final,13,2239,Cal Poly,Fullerton,51,54,200,-245,,0,201,-250,5.5,-110,-110,,,,,2,,0,San Luis Obispo,CA,1,71,,,,-8.0,"22,29","24,30",145,-190,3.0,-115,-115,127.5,-108,-111
ncaab:401573515,ncaab,2024-01-26T03:00Z,final,2463,2934,CSU Northridge,Bakersfield,56,64,,,,0,,,,,,,,,,2,,0,Northridge,CA,1,246,,,,-8.0,"31,25","22,42",,,,,,,,
ncaab:401589687,ncaab,2024-01-26T03:00Z,final,2351,2501,LMU,Portland,92,65,,,,0,,,,,,,,,,2,,0,Los Angeles,CA,1,89,,,,-8.0,"37,55","37,28",,,,,,,,
ncaab:401589688,ncaab,2024-01-26T03:00Z,final,2541,2492,Santa Clara,Pepperdine,94,71,-475,360,,0,-375,290,-9.5,-110,-110,,,,,2,,0,Santa Clara,CA,1,23,,,,-8.0,"40,54","32,39",-315,225,-5.0,-115,-115,150.5,-110,-110
ncaab:401589689,ncaab,2024-01-26T04:00Z,final,2608,279,Saint Mary's,Pacific,76,28,-7782,2018,,0,-30000,4000,-27.0,-111,-109,,,,,2,,0,Moraga,CA,1,152,,,,-8.0,"32,44","14,14",-4500,1400,-16.5,-114,-115,135.5,-105,-110
ncaab:401607395,ncaab,2024-01-26T04:00Z,final,204,12,Oregon St,Arizona,83,80,,,,0,,,,,,,,,,2,,0,Corvallis,OR,1,71,,,,-8.0,"36,47","44,36",,,,,,,,
ncaab:401573511,ncaab,2024-01-26T04:59Z,final,62,2540,Hawai'i,Santa Barbara,61,78,,,,0,,,,,,,,,,2,,0,Honolulu,HI,1,5,,,,-10.0,"27,34","43,35",,,,,,,,
ncaab:401636059,ncaab,2024-01-26T22:00Z,final,309,2032,Louisiana,Arkansas St,81,75,-190,158,,0,-180,150,-4.5,-110,-110,,,,,2,,0,Lafayette,LA,1,11,,,,-6.0,"41,40","28,47",-164,132,-2.0,-117,-106,156.0,-108,-110
ncaab:401588660,ncaab,2024-01-26T23:30Z,final,2309,195,Kent State,Ohio,64,71,-160,130,,0,-164,136,-3.0,-110,-110,,,,,2,,0,Kent,OH,1,325,,,,-5.0,"32,32","33,38",-145,115,-1.5,-108,-114,146.0,-110,-110
ncaab:401594263,ncaab,2024-01-27T00:00Z,final,2099,2363,Canisius,Manhattan,82,70,-360,285,,0,-480,360,-8.0,-112,-108,,,,,2,,0,Buffalo,NY,1,183,,,,-5.0,"41,41","41,29",-250,190,-4.0,-115,-110,144.0,-110,-110
ncaab:401594314,ncaab,2024-01-27T00:00Z,final,2561,314,Siena,Iona,51,70,360,-470,,0,310,-400,11.0,-112,-108,,,,,2,,0,Albany,NY,1,45,,,,-5.0,"16,35","41,29",240,-350,6.5,-117,-105,132.0,-110,-110
ncaab:401594334,ncaab,2024-01-27T00:00Z,final,315,2368,Niagara,Marist,67,62,-148,124,,0,-122,102,-2.5,-110,-110,,,,,2,,0,Niagara Falls,NY,1,187,,,,-5.0,"41,26","38,24",-142,114,-1.5,-110,-115,131.5,-105,-115
ncaab:401600351,ncaab,2024-01-27T01:00Z,final,275,127,Wisconsin,Michigan St,81,66,-148,124,,0,-160,132,-2.5,-110,-110,,,,,2,,0,Madison,WI,1,267,,,,-6.0,"43,38","34,32",-140,112,-1.5,-110,-120,135.5,-110,-112
ncaab:401596861,ncaab,2024-01-27T01:30Z,final,179,2603,St Bonaventure,Saint Joseph's,91,72,,,,0,,,,,,,,,,2,,0,Saint Bonaventure,NY,1,435,,,,-5.0,"45,46","41,31",,,,,,,,
ncaab:401574086,ncaab,2024-01-27T02:00Z,final,2547,3084,Seattle U,Utah Valley,62,61,-350,275,,0,-330,260,-8.5,-110,-110,,,,,2,,0,Seattle,WA,1,56,,,,-8.0,"40,22","34,27",-250,190,-3.5,-120,-110,139.5,-106,-110
ncaab:401607396,ncaab,2024-01-27T03:00Z,final,25,24,California,Stanford,73,71,-142,120,,0,-104,-115,-2.5,-110,-110,,,,,2,,0,Berkeley,CA,1,52,,,,-8.0,"36,37","40,31",-134,105,-1.5,-105,-115,154.5,-110,-110
ncaab:401581204,ncaab,2024-01-27T17:00Z,final,160,399,New Hampshire,UAlbany,79,86,,,,0,,,,,,,,,,2,,0,Durham,NH,1,15,,,,-5.0,"39,40","41,45",,,,,,,,
ncaab:401597154,ncaab,2024-01-27T17:00Z,final,57,61,Florida,Georgia,102,98,-375,295,,0,-260,210,-8.0,-111,-109,,,,,2,,0,Gainesville,FL,1,54,,,,-5.0,"47,38,17","34,51,13",-260,200,-4.5,-108,-114,161.5,-110,-110
ncaab:401600089,ncaab,2024-01-27T17:00Z,final,107,2329,Holy Cross,Lehigh,72,78,154,-185,,0,140,-170,4.5,-110,-110,,,,,2,,0,Worcester,MA,1,147,,,,-5.0,"38,34","38,40",130,-160,1.5,-104,-118,145.5,-110,-105
ncaab:401600355,ncaab,2024-01-27T17:00Z,final,120,158,Maryland,Nebraska,73,51,-218,180,,0,-178,146,-5.0,-110,-110,,,,,2,,0,College Park,MD,1,21,,,,-5.0,"44,29","27,24",-190,148,-2.5,-115,-110,140.5,-120,-102
ncaab:401600694,ncaab,2024-01-27T17:00Z,final,111,2729,Northeastern,William & Mary,68,72,-450,340,,0,-325,250,-9.0,-110,-110,,,,,2,,0,Boston,MA,1,14,,,,-5.0,"32,36","34,38",-300,230,-4.5,-115,-110,138.5,-105,-110
ncaab:401603442,ncaab,2024-01-27T17:00Z,final,248,2306,Houston,Kansas St,74,52,-1450,850,,0,-2000,980,-15.0,-112,-108,,,,,2,,0,Houston,TX,1,12,,,,-6.0,"41,33","21,31",-650,425,-8.5,-115,-110,129.0,-110,-110
ncaab:401604151,ncaab,2024-01-27T17:00Z,final,97,258,Louisville,Virginia,52,69,330,-425,,0,220,-275,9.0,-112,-108,,,,,2,,0,Louisville,KY,1,142,,,,-5.0,"13,39","41,28",225,-290,4.5,-110,-112,129.5,-110,-110
ncaab:401604153,ncaab,2024-01-27T17:00Z,final,87,103,Notre Dame,Boston College,58,61,120,-142,,0,-100,-120,2.5,-110,-110,,,,,2,,0,South Bend,IN,1,211,,,,-5.0,"23,35","23,38",106,-135,1.5,-115,-110,133.0,-110,-112
ncaab:401596862,ncaab,2024-01-27T17:30Z,final,2184,2230,Duquesne,Fordham,68,59,-360,285,,0,-375,300,-8.0,-108,-112,,,,,2,,0,Pittsburgh,PA,1,233,,,,-5.0,"27,41","28,31",-258,198,-4.5,-112,-115,144.0,-110,-110
ncaab:401599507,ncaab,2024-01-27T17:30Z,final,2507,46,Providence,Georgetown,84,76,-625,450,,0,-800,550,-11.0,-115,-106,,,,,2,,0,Providence,RI,1,2,,,,-5.0,"37,47","33,43",-355,270,-5.5,-115,-110,143.5,-110,-112
ncaab:401587710,ncaab,2024-01-27T18:00Z,final,2739,2174,Green Bay,Detroit Mercy,78,64,-750,520,,0,-700,475,-11.5,-110,-110,,,,,2,,0,Ashwaubenon,WI,1,185,,,,-6.0,"34,44","29,35",-400,287,-6.5,-112,-110,137.5,-110,-110
ncaab:401588656,ncaab,2024-01-27T18:00Z,final,2711,2117,W Michigan,C Michigan,55,62,,,,0,,,,,,,,,,2,,0,Kalamazoo,MI,1,239,,,,-5.0,"16,39","29,33",,,,,,,,
ncaab:401588659,ncaab,2024-01-27T18:00Z,final,193,2006,Miami OH,Akron,70,68,285,-360,,0,230,-290,8.0,-110,-110,,,,,2,,0,Oxford,OH,1,283,,,,-5.0,"41,29","32,36",190,-250,4.5,-115,-115,141.5,-108,-112
ncaab:401589474,ncaab,2024-01-27T18:00Z,final,2115,2681,C Connecticut,Wagner,69,68,,,,0,,,,,,,,,,2,,0,New Britain,CT,1,51,,,,-5.0,"33,27,9","33,27,8",,,,,,,,
ncaab:401594492,ncaab,2024-01-27T18:00Z,final,349,2083,Army,Bucknell,56,66,-126,105,,0,-110,-110,-1.5,-110,-110,,,,,2,,0,West Point,NY,1,47,,,,-5.0,"26,30","38,28",,,-0.5,-110,-110,126.5,-108,-110
ncaab:401594515,ncaab,2024-01-27T18:00Z,final,2426,2352,Navy,Loyola MD,70,74,-350,275,,0,-250,200,-7.5,-112,-108,,,,,2,,0,Annapolis,MD,1,12,,,,-5.0,"29,41","36,38",,,-3.5,-115,-105,131.5,-115,-105
ncaab:401597152,ncaab,2024-01-27T18:00Z,final,2579,142,South Carolina,Missouri,72,64,-238,195,,0,-325,250,-5.5,-110,-110,,,,,2,,0,Columbia,SC,1,89,,,,-5.0,"39,33","29,35",-196,158,-3.0,-115,-115,134.0,-110,-110
ncaab:401599506,ncaab,2024-01-27T18:00Z,final,269,2550,Marquette,Seton Hall,75,57,-720,500,,0,-425,330,-11.0,-115,-105,,,,,2,,0,Milwaukee,WI,1,188,,,,-6.0,"30,45","29,28",-362,260,-6.5,-108,-112,145.5,-110,-105
ncaab:401603443,ncaab,2024-01-27T18:30Z,final,66,2305,Iowa State,Kansas,79,75,-210,175,,0,-156,130,-4.5,-110,-110,,,,,2,,0,Ames,IA,1,287,,,,-6.0,"30,49","26,49",-180,140,-2.5,-115,-115,143.5,-110,-110
ncaab:401577670,ncaab,2024-01-27T19:00Z,final,159,225,Dartmouth,Brown,75,71,185,-225,,0,130,-160,5.0,-108,-112,,,,,2,,0,Hanover,NH,1,162,,,,-5.0,"26,49","37,34",130,-170,2.5,-115,-115,133.5,-112,-110
ncaab:401579059,ncaab,2024-01-27T19:00Z,final,2837,2447,East Texas A&M,Nicholls,84,87,-140,115,,0,-120,-100,-1.5,-115,-105,,,,,2,,0,Commerce,TX,1,169,,,,-6.0,"27,38,12,7","29,36,12,10",,,-0.5,-114,-106,137.5,-110,-110
ncaab:401581205,ncaab,2024-01-27T19:00Z,final,311,2066,Maine,Binghamton,50,51,-340,265,,0,-250,200,-7.5,-105,-115,,,,,2,,0,Bangor,ME,1,36,,,,-5.0,"19,31","28,23",,,-4.5,-105,-118,138.5,-112,-108
ncaab:401581634,ncaab,2024-01-27T19:00Z,final,324,2247,Coastal,Georgia St,85,83,150,-180,,0,125,-150,4.0,-110,-110,,,,,2,,0,Conway,SC,1,10,,,,-5.0,"29,44,12","39,34,10",125,-162,2.0,-115,-115,151.0,-108,-110
ncaab:401581749,ncaab,2024-01-27T19:00Z,final,108,43,Harvard,Yale,65,78,210,-258,,0,188,-230,6.0,-110,-110,,,,,2,,0,Cambridge,MA,1,5,,,,-5.0,"31,34","33,45",164,-205,3.5,-118,-110,141.5,-115,-105
ncaab:401587176,ncaab,2024-01-27T19:00Z,final,172,163,Cornell,Princeton,83,68,120,-142,,0,108,-130,2.5,-110,-110,,,,,2,,0,Ithaca,NY,1,125,,,,-5.0,"43,40","24,44",108,-132,1.5,-120,-110,161.0,-110,-110
ncaab:401587924,ncaab,2024-01-27T19:00Z,final,236,2643,Chattanooga,The Citadel,90,62,-575,425,,0,-325,250,-10.5,-110,-110,,,,,2,,0,Chattanooga,TN,1,206,,,,-5.0,"45,45","36,26",-340,240,-5.5,-118,-110,142.5,-110,-110
ncaab:401588655,ncaab,2024-01-27T19:00Z,final,2050,2459,Ball State,N Illinois,81,71,-200,160,,0,-160,130,-4.0,-115,-105,,,,,2,,0,Muncie,IN,1,284,,,,-5.0,"39,42","26,45",-175,138,-2.0,-115,-115,150.5,-110,-110
ncaab:401588657,ncaab,2024-01-27T19:00Z,final,2649,189,Toledo,Bowling Green,88,72,-298,240,,0,-325,250,-6.5,-110,-110,,,,,2,,0,Toledo,OH,1,186,,,,-5.0,"31,57","31,41",-215,165,-3.5,-115,-115,157.0,-110,-110
ncaab:401589368,ncaab,2024-01-27T19:00Z,final,171,219,Columbia,Penn,84,81,110,-130,,0,-110,-110,2.0,-110,-110,,,,,2,,0,New York,NY,1,10,,,,-5.0,"41,43","43,38",-100,-130,0.5,-115,-114,145.0,-110,-112
ncaab:401589485,ncaab,2024-01-27T19:00Z,final,161,2529,FDU,Sacred Heart,93,91,,,,0,,,,,,,,,,2,,0,Hackensack,NJ,1,6,,,,-5.0,"46,47","32,59",,,,,,,,
ncaab:401589496,ncaab,2024-01-27T19:00Z,final,2330,112358,Le Moyne,Long Island,87,74,,,,0,,,,,,,,,,2,,0,Syracuse,NY,1,121,,,,-5.0,"41,46","37,37",,,,,,,,
ncaab:401593940,ncaab,2024-01-27T19:00Z,final,56,288,Stetson,Lipscomb,80,59,115,-140,,0,-105,-115,2.5,-105,-115,,,,,2,,0,DeLand,FL,1,12,,,,-5.0,"45,35","27,32",,,0.5,-105,-115,154.5,-110,-110
ncaab:401597970,ncaab,2024-01-27T19:00Z,final,322,104,Lafayette,Boston U,48,62,-290,230,,0,-150,125,-6.5,-110,-110,,,,,2,,0,Easton,PA,1,97,,,,-5.0,"25,23","32,30",,,-2.5,-114,-106,126.5,-105,-110
ncaab:401600688,ncaab,2024-01-27T19:00Z,final,2097,232,Campbell,Charleston,67,90,400,-550,,0,375,-500,10.0,-110,-110,,,,,2,,0,Buies Creek,NC,1,63,,,,-5.0,"29,38","43,47",240,-332,5.5,-115,-115,151.5,-110,-110
ncaab:401600689,ncaab,2024-01-27T19:00Z,final,2261,2210,Hampton,Elon,74,80,105,-125,,0,-105,-115,1.5,-110,-110,,,,,2,,0,Hampton,VA,1,1,,,,-5.0,"39,35","32,48",-107,-122,0.5,-118,-104,157.5,-112,-108
ncaab:401600690,ncaab,2024-01-27T19:00Z,final,2405,2275,Monmouth,Hofstra,81,78,158,-190,,0,130,-160,4.0,-110,-110,,,,,2,,0,West Long Branch,NJ,1,9,,,,-5.0,"38,43","50,28",124,-150,2.0,-120,-110,144.5,-106,-110
ncaab:401600691,ncaab,2024-01-27T19:00Z,final,2182,2448,Drexel,NC A&T,62,47,,,,0,,,,,,,,,,2,,0,Philadelphia,PA,1,12,,,,-5.0,"35,27","19,28",,,,,,,,
ncaab:401600693,ncaab,2024-01-27T19:00Z,final,48,119,Delaware,Towson,56,67,-135,114,,0,-145,120,-2.0,-112,-108,,,,,2,,0,Newark,DE,1,38,,,,-5.0,"26,30","34,33",-140,110,-1.5,-110,-120,133.5,-110,-110
ncaab:401601865,ncaab,2024-01-27T19:00Z,final,339,2287,Evansville,Illinois St,58,54,114,-134,,0,-115,-105,2.0,-110,-110,,,,,2,,0,Evansville,IN,1,118,,,,-6.0,"27,31","21,33",105,-130,1.0,-112,-112,135.5,-110,-110
ncaab:401601867,ncaab,2024-01-27T19:00Z,final,93,79,Murray St,S Illinois,58,60,,,,0,,,,,,,,,,2,,0,Murray,KY,1,163,,,,-6.0,"38,20","30,30",,,,,,,,
ncaab:401603440,ncaab,2024-01-27T19:00Z,final,252,251,BYU,Texas,84,72,-340,260,,0,-250,200,-7.5,-110,-110,,,,,2,,0,Provo,UT,1,1387,,,,-7.0,"44,40","41,31",-245,186,-3.5,-118,-105,150.5,-110,-105
ncaab:401603444,ncaab,2024-01-27T19:00Z,final,201,2641,Oklahoma,Texas Tech,84,85,-170,140,,0,-170,140,-3.5,-110,-110,,,,,2,,0,Norman,OK,1,357,,,,-6.0,"34,50","33,52",-160,124,-1.5,-115,-110,140.5,-110,-110
ncaab:401603445,ncaab,2024-01-27T19:00Z,final,197,277,Oklahoma St,West Virginia,70,66,-180,150,,0,-192,158,-4.0,-110,-110,,,,,2,,0,Stillwater,OK,1,273,,,,-6.0,"32,38","33,33",-166,130,-1.5,-118,-105,144.5,-110,-110
ncaab:401604150,ncaab,2024-01-27T19:00Z,final,52,153,Florida St,North Carolina,68,75,220,-275,,0,230,-290,6.0,-110,-110,,,,,2,,0,Tallahassee,FL,1,62,,,,-5.0,"41,27","36,39",165,-220,3.5,-112,-115,154.5,-110,-110
ncaab:401604152,ncaab,2024-01-27T19:15Z,final,2390,221,Miami,Pitt,72,68,-166,140,,0,-190,160,-3.5,-105,-115,,,,,2,,0,Coral Gables,FL,1,3,,,,-5.0,"40,32","29,39",-160,130,-1.5,-115,-110,149.5,-112,-108
ncaab:401573605,ncaab,2024-01-27T20:00Z,final,2348,166,Louisiana Tech,New Mexico St,73,53,-710,490,,0,-575,425,-11.5,-110,-110,,,,,2,,0,Ruston,LA,1,102,,,,-6.0,"33,40","28,25",-375,280,-6.5,-110,-115,135.5,-110,-105
ncaab:401574087,ncaab,2024-01-27T20:00Z,final,2617,2856,SF Austin,CA Baptist,79,81,,,,0,,,,,,,,,,2,,0,Nacogdoches,TX,1,92,,,,-6.0,"45,34","38,43",,,,,,,,
ncaab:401574088,ncaab,2024-01-27T20:00Z,final,250,2253,UT Arlington,Grand Canyon,61,67,,,,0,,,,,,,,,,2,,0,Arlington,TX,1,184,,,,-6.0,"35,26","30,37",,,,,,,,
ncaab:401599504,ncaab,2024-01-27T20:00Z,final,2086,222,Butler,Villanova,88,81,-122,102,,0,-110,-110,-1.5,-110,-110,,,,,2,,0,Indianapolis,IN,1,218,,,,-5.0,"27,37,8,16","36,28,8,9",-120,-104,-0.5,-108,-112,140.0,-110,-110
ncaab:401600352,ncaab,2024-01-27T20:00Z,final,356,84,Illinois,Indiana,70,62,-1600,890,,0,-1200,720,-15.0,-115,-105,,,,,2,,0,Champaign,IL,1,225,,,,-6.0,"38,32","34,28",-600,410,-8.5,-115,-110,155.0,-110,-110
ncaab:401587291,ncaab,2024-01-27T20:30Z,final,2413,2710,Morehead St,W Illinois,64,50,,,,0,,,,,,,,,,2,,0,Morehead,KY,1,153,,,,-6.0,"28,36","20,30",,,,,,,,
ncaab:401588658,ncaab,2024-01-27T20:30Z,final,2199,2084,E Michigan,Buffalo,75,65,,,,0,,,,,,,,,,2,,0,Ypsilanti,MI,1,219,,,,-5.0,"35,40","33,32",,,,,,,,
ncaab:401597155,ncaab,2024-01-27T20:30Z,final,344,2,Mississippi St,Auburn,64,58,140,-166,,0,110,-130,3.0,-110,-110,,,,,2,,0,Starkville,MS,1,101,,,,-6.0,"21,43","21,37",110,-140,1.5,-118,-108,144.5,-110,-110
ncaab:401600105,ncaab,2024-01-27T20:30Z,final,2640,2010,Texas Southern,Alabama A&M,85,69,-430,330,,0,-350,260,-8.5,-110,-110,,,,,2,,0,Houston,TX,1,12,,,,-6.0,"45,40","30,39",-278,225,-4.5,-112,-110,138.5,-110,-110
ncaab:401573418,ncaab,2024-01-27T21:00Z,final,331,2464,E Washington,N Arizona,85,70,,,,0,,,,,,,,,,2,,0,Cheney,WA,1,717,,,,-8.0,"44,41","25,45",,,,,,,,
ncaab:401573517,ncaab,2024-01-27T21:00Z,final,27,299,UC Riverside,Long Beach St,53,65,-105,-115,,0,-105,-115,1.0,-110,-110,,,,,2,,0,Riverside,CA,1,252,,,,-8.0,"36,17","23,42",-112,-112,0.0,-110,-110,154.5,-110,-110
ncaab:401574089,ncaab,2024-01-27T21:00Z,final,2000,253,Abilene Chrstn,Southern Utah,67,82,-260,210,,0,-170,140,-6.0,-110,-110,,,,,2,,0,Abilene,TX,1,524,,,,-6.0,"33,34","33,49",-202,157,-3.0,-115,-115,157.5,-110,-110
ncaab:401574428,ncaab,2024-01-27T21:00Z,final,2110,338,C Arkansas,Kennesaw St,92,87,,,,0,,,,,,,,,,2,,0,Conway,AR,1,95,,,,-6.0,"38,54","43,44",,,,,,,,
ncaab:401574442,ncaab,2024-01-27T21:00Z,final,2198,2454,E Kentucky,North Florida,89,76,,,,0,,,,,,,,,,2,,0,Richmond,KY,1,289,,,,-5.0,"46,43","43,33",,,,,,,,
ncaab:401574632,ncaab,2024-01-27T21:00Z,final,2065,2296,Bethune,Jackson St,82,71,150,-180,,0,152,-188,3.5,-108,-112,,,,,2,,0,Daytona Beach,FL,1,4,,,,-5.0,"41,41","37,34",122,-149,1.5,-115,-115,148.0,105,-125
ncaab:401575338,ncaab,2024-01-27T21:00Z,final,91,294,Bellarmine,Jacksonville,69,63,-180,146,,0,-118,-102,-3.5,-110,-110,,,,,2,,0,Louisville,KY,1,142,,,,-5.0,"36,33","19,44",-162,136,-1.5,-112,-108,136.5,-110,-106
ncaab:401580063,ncaab,2024-01-27T21:00Z,final,2172,2437,Denver,Omaha,72,91,-230,190,,0,-180,150,-5.5,-108,-112,,,,,2,,0,Denver,CO,1,1609,,,,-7.0,"33,39","43,48",-187,147,-2.5,-115,-110,157.5,-110,-110
ncaab:401581206,ncaab,2024-01-27T21:00Z,final,2803,261,Bryant,Vermont,57,67,120,-144,,0,110,-134,2.5,-110,-110,,,,,2,,0,Smithfield,RI,1,84,,,,-5.0,"25,32","28,39",110,-140,1.5,-120,-110,146.5,-106,-115
ncaab:401581701,ncaab,2024-01-27T21:00Z,final,276,2572,Marshall,Southern Miss,83,67,-180,150,,0,-145,120,-4.0,-110,-110,,,,,2,,0,Huntington,WV,1,173,,,,-5.0,"41,42","33,34",-150,115,-1.5,-114,-106,148.0,-110,-110
ncaab:401587711,ncaab,2024-01-27T21:00Z,final,270,2473,Milwaukee,Oakland,87,91,-112,-108,,0,-100,-120,-0.5,-114,-106,,,,,2,,0,Milwaukee,WI,1,188,,,,-6.0,"37,31,8,11","38,30,8,15",-120,-110,-0.5,-104,-118,157.5,-106,-110
ncaab:401587925,ncaab,2024-01-27T21:00Z,final,2193,2535,ETSU,Samford,72,75,,,,0,,,,,,,,,,2,,0,Johnson City,TN,1,498,,,,-5.0,"34,38","36,39",,,,,,,,
ncaab:401589393,ncaab,2024-01-27T21:00Z,final,2598,2771,Saint Francis,Merrimack,55,74,,,,0,,,,,,,,,,2,,0,Loretto,PA,1,595,,,,-5.0,"23,32","39,35",,,,,,,,
ncaab:401589742,ncaab,2024-01-27T21:00Z,final,2450,2154,Norfolk St,Coppin St,68,58,-1250,800,,0,-2200,980,-14.5,-110,-110,,,,,2,,0,Norfolk,VA,1,2,,,,-5.0,"32,36","26,32",-660,420,-8.5,-120,-110,127.0,-110,-110
ncaab:401596866,ncaab,2024-01-27T21:00Z,final,2244,227,George Mason,Rhode Island,92,84,-550,400,,0,-450,350,-10.5,-115,-105,,,,,2,,0,Fairfax,VA,1,131,,,,-5.0,"40,52","42,42",-345,250,-5.5,-120,-110,140.0,-110,-110
ncaab:401597389,ncaab,2024-01-27T21:00Z,final,44,2142,American,Colgate,54,73,120,-145,,0,106,-130,2.5,-106,-114,,,,,2,,0,Washington,DC,1,7,,,,-5.0,"24,30","34,39",102,-122,1.0,-115,-105,139.5,-110,-110
ncaab:401600692,ncaab,2024-01-27T21:00Z,final,2619,350,Stony Brook,UNC Wilmington,86,78,150,-182,,0,140,-170,4.5,-115,-105,,,,,2,,0,Stony Brook,NY,1,27,,,,-5.0,"39,27,20","37,29,12",130,-160,2.0,-112,-115,140.0,-110,-110
ncaab:401600797,ncaab,2024-01-27T21:00Z,final,68,328,Boise St,Utah State,84,90,-148,125,,0,-146,122,-2.5,-110,-110,,,,,2,,0,Boise,ID,1,823,,,,-7.0,"39,37,8","37,39,14",-140,110,-1.5,-105,-118,143.0,-108,-112
ncaab:401601242,ncaab,2024-01-27T21:00Z,final,2241,2908,Gardner-Webb,SC Upstate,75,70,-360,285,,0,-375,285,-7.5,-110,-110,,,,,2,,0,Boiling Springs,NC,1,269,,,,-5.0,"36,39","27,43",-258,210,-4.5,-110,-115,142.5,-108,-110
ncaab:401601243,ncaab,2024-01-27T21:00Z,final,2737,2272,Winthrop,High Point,81,83,-115,-105,,0,-118,-102,-1.0,-105,-115,,,,,2,,0,Rock Hill,SC,1,207,,,,-5.0,"47,34","35,48",-117,-107,-0.5,-102,-120,152.5,-110,-110
ncaab:401601868,ncaab,2024-01-27T21:00Z,final,2674,2623,Valparaiso,Missouri St,70,81,165,-200,,0,150,-180,4.5,-105,-115,,,,,2,,0,Valparaiso,IN,1,242,,,,-6.0,"37,33","40,41",124,-157,2.0,-108,-115,141.0,-110,-110
ncaab:401602101,ncaab,2024-01-27T21:00Z,final,58,2636,South Florida,UTSA,89,72,-485,370,,0,-550,400,-9.5,-108,-112,,,,,2,,0,Tampa,FL,1,1,,,,-5.0,"44,45","30,42",-300,235,-4.5,-120,-105,158.5,-110,-110
ncaab:401602102,ncaab,2024-01-27T21:00Z,final,2655,2429,Tulane,Charlotte,71,75,-166,138,,0,-145,120,-3.5,-110,-110,,,,,2,,0,New Orleans,LA,1,0,,,,-6.0,"31,40","40,35",-155,122,-1.5,-110,-110,146.0,-110,-110
ncaab:401602993,ncaab,2024-01-27T21:00Z,final,2751,36,Wyoming,Colorado St,79,76,270,-340,,0,310,-400,8.0,-110,-110,,,,,2,,0,Laramie,WY,1,2184,,,,-7.0,"31,34,14","28,37,11",195,-250,4.5,-115,-111,148.5,-110,-110
ncaab:401603439,ncaab,2024-01-27T21:00Z,final,239,2628,Baylor,TCU,102,105,-198,164,,0,-215,176,-4.0,-110,-110,,,,,2,,0,Waco,TX,1,143,,,,-6.0,"40,36,12,6,8","35,41,12,6,11",-175,135,-2.0,-120,-108,149.0,-105,-110
ncaab:401604148,ncaab,2024-01-27T21:00Z,final,150,228,Duke,Clemson,72,71,-340,270,,0,-260,210,-7.5,-110,-110,,,,,2,,0,Durham,NC,1,123,,,,-5.0,"32,40","26,45",-245,190,-3.5,-120,-102,149.0,-112,-108
ncaab:401598906,ncaab,2024-01-27T21:25Z,final,50,2016,Florida A&M,Alcorn St,67,76,125,-150,,0,106,-130,2.5,-110,-110,,,,,2,,0,Tallahassee,FL,1,62,,,,-5.0,"32,35","39,37",112,-137,1.5,-118,-105,147.0,-110,-110
ncaab:401587288,ncaab,2024-01-27T21:30Z,final,2197,2634,E Illinois,Tennessee St,60,64,,,,0,,,,,,,,,,2,,0,Charleston,IL,1,204,,,,-6.0,"28,32","26,38",,,,,,,,
ncaab:401587289,ncaab,2024-01-27T21:30Z,final,2630,2815,UT Martin,Lindenwood,76,67,,,,0,,,,,,,,,,2,,0,Martin,TN,1,124,,,,-6.0,"39,37","32,35",,,,,,,,
ncaab:401587292,ncaab,2024-01-27T21:30Z,final,2565,2635,SIUE,Tennessee Tech,74,57,,,,0,,,,,,,,,,2,,0,Edwardsville,IL,1,165,,,,-6.0,"45,29","19,38",,,,,,,,
ncaab:401601244,ncaab,2024-01-27T21:30Z,final,2515,2506,Radford,Presbyterian,73,58,-350,260,,0,-490,355,-7.5,-105,-115,,,,,2,,0,Radford,VA,1,567,,,,-5.0,"43,30","36,22",-238,180,-3.5,-115,-105,138.0,-108,-110
ncaab:401606720,ncaab,2024-01-27T21:30Z,final,2415,47,Morgan St,Howard,85,79,210,-260,,0,176,-220,6.0,-110,-110,,,,,2,,0,Baltimore,MD,1,10,,,,-5.0,"44,41","42,37",150,-195,3.0,-115,-115,153.5,-106,-110
ncaab:401579070,ncaab,2024-01-27T21:40Z,final,2466,357,N'Western St,Texas A&M-CC,68,79,,,,0,,,,,,,,,,2,,0,Natchitoches,LA,1,36,,,,-6.0,"29,39","43,36",,,,,,,,
ncaab:401587290,ncaab,2024-01-27T21:45Z,final,2031,2546,Little Rock,SE Missouri,66,61,,,,0,,,,,,,,,,2,,0,Little Rock,AR,1,102,,,,-6.0,"30,36","33,28",,,,,,,,
ncaab:401573419,ncaab,2024-01-27T22:00Z,final,70,2458,Idaho,N Colorado,68,89,220,-270,,0,194,-245,6.5,-110,-110,,,,,2,,0,Moscow,ID,1,786,,,,-8.0,"39,29","43,46",167,-217,3.5,-112,-108,151.5,-112,-110
ncaab:401573519,ncaab,2024-01-27T22:00Z,final,302,28,UC Davis,UC San Diego,59,92,-160,130,,0,-115,-105,-3.0,-110,-110,,,,,2,,0,Davis,CA,1,16,,,,-8.0,"36,23","38,54",-142,110,-1.5,-105,-115,140.5,-110,-114
ncaab:401573606,ncaab,2024-01-27T22:00Z,final,55,2335,Jax State,Liberty,73,62,,,,0,,,,,,,,,,2,,0,Jacksonville,AL,1,216,,,,-6.0,"33,40","31,31",,,,,,,,
ncaab:401574090,ncaab,2024-01-27T22:00Z,final,2627,3101,Tarleton St,Utah Tech,86,68,-450,330,,0,-385,290,-9.0,-112,-108,,,,,2,,0,Stephenville,TX,1,388,,,,-6.0,"46,40","34,34",-276,209,-4.5,-115,-105,138.5,-110,-110
ncaab:401579019,ncaab,2024-01-27T22:00Z,final,2377,2443,McNeese,LSU N Orleans,102,65,,,,0,,,,,,,,,,2,,0,Lake Charles,LA,1,4,,,,-6.0,"45,57","36,29",,,,,,,,
ncaab:401587926,ncaab,2024-01-27T22:00Z,final,2717,2678,W Carolina,VMI,102,77,,,,0,,,,,,,,,,2,,0,Cullowhee,NC,1,645,,,,-5.0,"63,39","33,44",,,,,,,,
ncaab:401594354,ncaab,2024-01-27T22:00Z,final,116,2520,Mount St Marys,Rider,62,66,-205,170,,0,-205,164,-5.0,-112,-108,,,,,2,,0,Emmitsburg,MD,1,133,,,,-5.0,"25,37","32,34",-180,145,-2.5,-112,-110,143.5,-112,-108
ncaab:401600353,ncaab,2024-01-27T22:00Z,final,130,2294,Michigan,Iowa,78,88,-125,105,,0,-120,-100,-1.5,-110,-110,,,,,2,,0,Ann Arbor,MI,1,269,,,,-5.0,"44,34","42,46",-125,-105,-0.5,-106,-115,162.0,-118,-102
ncaab:401601863,ncaab,2024-01-27T22:00Z,final,2057,82,Belmont,UIC,74,65,-225,185,,0,-200,165,-5.5,-110,-110,,,,,2,,0,Nashville,TN,1,170,,,,-6.0,"22,52","25,40",-200,157,-2.5,-112,-110,150.5,-115,-105
ncaab:401604149,ncaab,2024-01-27T22:00Z,final,259,59,Virginia Tech,Georgia Tech,91,67,-450,350,,0,-345,270,-9.5,-112,-108,,,,,2,,0,Blacksburg,VA,1,633,,,,-5.0,"44,47","28,39",-300,235,-4.5,-120,-105,144.5,-112,-108
ncaab:401604913,ncaab,2024-01-27T22:00Z,final,2755,2400,Grambling,Miss Valley St,54,46,,,,0,,,,,,,,,,2,,0,Grambling,LA,1,93,,,,-6.0,"19,35","12,34",,,,,,,,
ncaab:401607397,ncaab,2024-01-27T22:00Z,final,265,38,Washington St,Colorado,78,69,-130,-110,,0,-102,-118,-2.0,-110,-110,,,,,2,,0,Pullman,WA,1,717,,,,-8.0,"36,42","30,39",-120,-110,-0.5,-102,-120,143.5,-110,-105
ncaab:401604797,ncaab,2024-01-27T22:15Z,final,2379,2428,MD Eastern,NC Central,57,65,,,,0,,,,,,,,,,2,,0,Princess Anne,MD,1,5,,,,-5.0,"27,30","47,18",,,,,,,,
ncaab:401573604,ncaab,2024-01-27T22:30Z,final,2534,2638,Sam Houston,UTEP,60,56,-210,172,,0,-205,164,-4.5,-110,-110,,,,,2,,0,Huntsville,TX,1,113,,,,-6.0,"28,32","28,28",-192,152,-2.5,-112,-110,142.0,-110,-110
ncaab:401601241,ncaab,2024-01-27T22:30Z,final,2127,2427,Charleston So,UNC Asheville,65,71,400,-550,,0,360,-500,10.5,-112,-108,,,,,2,,0,Charleston,SC,1,6,,,,-5.0,"28,37","32,39",285,-360,6.5,-120,105,147.5,-112,-108
ncaab:401607398,ncaab,2024-01-27T22:30Z,final,2483,12,Oregon,Arizona,78,87,152,-184,,0,110,-132,4.0,-110,-110,,,,,2,,0,Eugene,OR,1,131,,,,-8.0,"38,40","45,42",126,-155,2.0,-108,-112,,,
ncaab:401581708,ncaab,2024-01-27T22:35Z,final,2653,6,Troy,South Alabama,83,79,-400,310,,0,-350,280,-8.5,-110,-110,,,,,2,,0,Troy,AL,1,165,,,,-6.0,"40,43","34,45",-267,207,-4.0,-115,-110,151.5,-110,-110
ncaab:401604427,ncaab,2024-01-27T22:45Z,final,2169,2569,Delaware St,SC State,64,66,,,,0,,,,,,,,,,2,,0,Dover,DE,1,9,,,,-5.0,"35,29","36,30",,,,,,,,
ncaab:401573607,ncaab,2024-01-27T23:00Z,final,2393,2229,MTSU,FIU,79,61,,,,0,,,,,,,,,,2,,0,Murfreesboro,TN,1,186,,,,-6.0,"33,46","34,27",,,,,,,,
ncaab:401578970,ncaab,2024-01-27T23:00Z,final,2916,2277,Incarnate Word,Hou Christian,79,75,,,,0,,,,,,,,,,2,,0,San Antonio,TX,1,198,,,,-6.0,"37,42","31,44",,,,,,,,
ncaab:401581501,ncaab,2024-01-27T23:00Z,final,2026,256,App State,James Madison,82,76,,,,0,,,,,,,,,,2,,0,Boone,NC,1,981,,,,-5.0,"36,46","28,48",,,,,,,,
ncaab:401587927,ncaab,2024-01-27T23:00Z,final,2747,231,Wofford,Furman,77,67,220,-275,,0,154,-192,6.5,-110,-110,,,,,2,,0,Spartanburg,SC,1,246,,,,-5.0,"39,38","29,38",157,-201,3.5,-115,-110,155.5,-112,-110
ncaab:401596865,ncaab,2024-01-27T23:00Z,final,257,2168,Richmond,Dayton,69,64,140,-166,,0,126,-152,3.5,-108,-112,,,,,2,,0,Richmond,VA,1,64,,,,-5.0,"20,49","15,49",120,-148,1.5,-115,-110,131.5,-108,-112
ncaab:401596867,ncaab,2024-01-27T23:00Z,final,45,2325,G Washington,La Salle,70,80,,,,0,,,,,,,,,,2,,0,Washington,DC,1,7,,,,-5.0,"33,37","37,43",,,,,,,,
ncaab:401597151,ncaab,2024-01-27T23:00Z,final,8,96,Arkansas,Kentucky,57,63,210,-265,,0,188,-230,5.5,-110,-110,,,,,2,,0,Fayetteville,AR,1,427,,,,-6.0,"26,31","24,39",154,-190,3.5,-115,-115,162.5,-110,-110
ncaab:401597156,ncaab,2024-01-27T23:00Z,final,238,2633,Vanderbilt,Tennessee,62,75,800,-1250,,0,1060,-2300,13.5,-110,-110,,,,,2,,0,Nashville,TN,1,170,,,,-6.0,"35,27","30,45",325,-475,8.0,-115,-115,141.5,-115,-112
ncaab:401601864,ncaab,2024-01-27T23:00Z,final,2181,2460,Drake,Northern Iowa,77,63,-455,350,,0,-400,300,-9.5,-110,-110,,,,,2,,0,Des Moines,IA,1,266,,,,-6.0,"36,41","38,25",-299,224,-5.5,-105,-118,141.5,-110,-110
ncaab:401601866,ncaab,2024-01-27T23:00Z,final,282,71,Indiana St,Bradley,95,86,-325,250,,0,-400,300,-7.5,-110,-110,,,,,2,,0,Terre Haute,IN,1,152,,,,-5.0,"33,45,17","29,49,8",-248,187,-3.5,-115,-110,152.5,-102,-118
ncaab:401598027,ncaab,2024-01-27T23:30Z,final,2504,2011,Prairie View,Alabama St,67,74,-160,130,,0,-138,112,-3.0,-110,-110,,,,,2,,0,Prairie View,TX,1,82,,,,-6.0,"31,36","39,35",-149,122,-1.5,-112,-114,140.0,-110,-115
ncaab:401600354,ncaab,2024-01-27T23:30Z,final,213,135,Penn State,Minnesota,74,83,-146,122,,0,-132,110,-2.5,-110,-110,,,,,2,,0,University Park,PA,1,348,,,,-5.0,"45,29","31,52",-140,110,-1.5,-110,-115,150.5,-110,-110
ncaab:401604288,ncaab,2024-01-27T23:30Z,final,2582,2029,Southern,AR-Pine Bluff,80,66,,,,0,,,,,,,,,,2,,0,Baton Rouge,LA,1,14,,,,-6.0,"36,44","33,33",,,,,,,,
ncaab:401573422,ncaab,2024-01-28T00:00Z,final,2502,147,Portland St,Montana St,94,91,-190,154,,0,-176,142,-4.0,-110,-110,,,,,2,,0,Portland,OR,1,12,,,,-8.0,"42,52","45,46",-154,124,-1.5,-115,-115,142.5,-114,-110
ncaab:401574197,ncaab,2024-01-28T00:00Z,final,526,2046,FGCU,Austin Peay,73,67,,,,0,,,,,,,,,,2,,0,Fort Myers,FL,1,3,,,,-5.0,"29,44","36,31",,,,,,,,
ncaab:401574539,ncaab,2024-01-28T00:00Z,final,2453,2511,North Alabama,Queens,90,84,-230,190,,0,-220,176,-5.0,-112,-108,,,,,2,,0,Florence,AL,1,167,,,,-6.0,"35,55","32,52",-185,154,-2.5,-112,-108,163.0,-110,-110
ncaab:401579079,ncaab,2024-01-28T00:00Z,final,2320,2545,Lamar,SE Louisiana,74,64,,,,0,,,,,,,,,,2,,0,Beaumont,TX,1,5,,,,-6.0,"34,40","34,30",,,,,,,,
ncaab:401581207,ncaab,2024-01-28T00:00Z,final,2378,2885,UMBC,NJIT,74,75,,,,0,,,,,,,,,,2,,0,Baltimore,MD,1,10,,,,-5.0,"46,28","24,51",,,,,,,,
ncaab:401581648,ncaab,2024-01-28T00:00Z,final,295,290,Old Dominion,GA Southern,70,76,,,,0,,,,,,,,,,2,,0,Norfolk,VA,1,2,,,,-5.0,"22,48","31,45",,,,,,,,
ncaab:401587928,ncaab,2024-01-28T00:00Z,final,2430,2382,UNC Greensboro,Mercer,64,70,-750,500,,0,-1000,610,-11.5,-110,-110,,,,,2,,0,Greensboro,NC,1,266,,,,-5.0,"31,33","41,29",-390,287,-6.5,-112,-110,134.5,-112,-110
ncaab:401594449,ncaab,2024-01-28T00:00Z,final,278,2005,Fresno St,Air Force,84,70,-180,150,,0,-148,120,-3.5,-112,-108,,,,,2,,0,Fresno,CA,1,94,,,,-8.0,"40,44","43,27",-156,124,-1.5,-115,-115,129.5,-110,-110
ncaab:401599505,ncaab,2024-01-28T00:00Z,final,156,305,Creighton,DePaul,85,62,-10000,2500,,0,-10000,2400,-24.5,-110,-110,,,,,2,,0,Omaha,NE,1,323,,,,-6.0,"40,45","37,25",-2100,1100,-14.0,-115,-105,144.5,-112,-110
ncaab:401603441,ncaab,2024-01-28T00:00Z,final,2132,2116,Cincinnati,UCF,68,57,-295,235,,0,-300,240,-7.5,-110,-110,,,,,2,,0,Cincinnati,OH,1,191,,,,-5.0,"27,41","39,18",-225,180,-3.5,-112,-110,136.0,-110,-110
ncaab:401604154,ncaab,2024-01-28T00:00Z,final,183,152,Syracuse,NC State,77,65,,,,0,,,,,,,,,,2,,0,Syracuse,NY,1,121,,,,-5.0,"38,39","22,43",,,,,,,,
ncaab:401607399,ncaab,2024-01-28T00:00Z,final,204,9,Oregon St,Arizona St,84,71,152,-184,,0,110,-132,4.0,-110,-110,,,,,2,,0,Corvallis,OR,1,71,,,,-8.0,"44,40","29,42",126,-155,2.0,-108,-112,157.5,-110,-110
ncaab:401580060,ncaab,2024-01-28T01:00Z,final,2900,155,St Thomas,North Dakota,64,74,,,,0,,,,,,,,,,2,,0,Saint Paul,MN,1,242,,,,-6.0,"27,37","38,36",,,,,,,,
ncaab:401580061,ncaab,2024-01-28T01:00Z,final,198,2571,Oral Roberts,S Dakota St,87,82,,,,0,,,,,,,,,,2,,0,Tulsa,OK,1,220,,,,-6.0,"37,50","26,56",,,,,,,,
ncaab:401580062,ncaab,2024-01-28T01:00Z,final,140,233,Kansas City,South Dakota,81,57,-285,230,,0,-265,210,-6.5,-112,-108,,,,,2,,0,Kansas City,MO,1,274,,,,-6.0,"41,40","25,32",-210,162,-3.5,-110,-110,146.0,-108,-112
ncaab:401589691,ncaab,2024-01-28T01:00Z,final,2492,301,Pepperdine,San Diego,67,69,-325,250,,0,-265,210,-7.5,-110,-110,,,,,2,,0,Malibu,CA,1,32,,,,-8.0,"38,29","37,32",-225,172,-4.0,-108,-120,151.5,-110,-110
ncaab:401589694,ncaab,2024-01-28T01:00Z,final,2501,2539,Portland,San Francisco,64,76,650,-1000,,0,820,-1600,13.5,-110,-110,,,,,2,,0,Portland,OR,1,12,,,,-8.0,"29,35","40,36",305,-447,7.5,-120,-110,152.0,-110,-115
ncaab:401596863,ncaab,2024-01-28T01:00Z,final,2166,2670,Davidson,VCU,58,63,102,-122,,0,102,-122,1.5,-112,-108,,,,,2,,0,Davidson,NC,1,256,,,,-5.0,"30,28","27,36",-108,-120,0.5,-120,-102,139.5,-112,-108
ncaab:401596864,ncaab,2024-01-28T01:00Z,final,139,113,Saint Louis,UMass,73,84,,,,0,,,,,,,,,,2,,0,St. Louis,MO,1,142,,,,-6.0,"36,37","41,43",,,,,,,,
ncaab:401597150,ncaab,2024-01-28T01:00Z,final,333,99,Alabama,LSU,109,88,-1000,640,,0,-880,580,-13.0,-110,-110,,,,,2,,0,Tuscaloosa,AL,1,68,,,,-6.0,"50,59","44,44",-450,310,-7.5,-110,-110,162.5,-115,-108
ncaab:401602100,ncaab,2024-01-28T01:00Z,final,242,202,Rice,Tulsa,83,85,-166,138,,0,-138,112,-3.5,-110,-110,,,,,2,,0,Houston,TX,1,12,,,,-6.0,"31,52","36,49",-150,115,-1.5,-110,-110,148.5,-108,-110
ncaab:401607400,ncaab,2024-01-28T01:00Z,final,30,26,USC,UCLA,50,65,-210,172,,0,-160,132,-4.5,-110,-110,,,,,2,,0,Los Angeles,CA,1,89,,,,-8.0,"26,24","37,28",-164,130,-2.0,-120,-108,133.5,-110,-110
ncaab:401597153,ncaab,2024-01-28T01:30Z,final,245,145,Texas A&M,Ole Miss,68,71,-360,280,,0,-260,215,-8.0,-110,-110,,,,,2,,0,College Station,TX,1,103,,,,-6.0,"29,39","31,40",-250,190,-4.5,-115,-115,143.5,-115,-110
ncaab:401600356,ncaab,2024-01-28T01:42Z,final,77,194,Northwestern,Ohio State,83,58,-172,142,,0,-134,112,-3.5,-110,-110,,,,,2,,0,Evanston,IL,1,187,,,,-6.0,"41,42","30,28",-150,120,-1.5,-110,-112,136.0,-110,-110
ncaab:401573420,ncaab,2024-01-28T02:00Z,final,2692,304,Weber St,Idaho St,64,74,-900,600,,0,-950,590,-12.5,-110,-110,,,,,2,,0,Ogden,UT,1,1311,,,,-7.0,"29,35","35,39",-400,287,-7.0,-110,-115,135.5,-110,-110
ncaab:401573421,ncaab,2024-01-28T02:00Z,final,16,149,Sacramento St,Montana,67,70,220,-275,,0,240,-310,6.5,-112,-110,,,,,2,,0,Sacramento,CA,1,9,,,,-8.0,"41,26","39,31",157,-210,3.5,-112,-110,137.5,-110,-110
ncaab:401573518,ncaab,2024-01-28T02:00Z,final,2239,2934,Fullerton,Bakersfield,68,50,-200,165,,0,-162,136,-4.0,-110,-110,,,,,2,,0,Fullerton,CA,1,50,,,,-8.0,"38,30","25,25",-167,133,-2.5,-115,-112,128.5,-110,-110
ncaab:401597307,ncaab,2024-01-28T02:00Z,final,23,2439,San José St,UNLV,65,77,140,-170,,0,150,-182,3.5,-110,-110,,,,,2,,0,San Jose,CA,1,26,,,,-8.0,"39,26","32,45",115,-150,1.5,-115,-110,144.5,-110,-105
ncaab:401573516,ncaab,2024-01-28T03:00Z,final,300,2463,UC Irvine,CSU Northridge,77,72,,,,0,,,,,,,,,,2,,0,Irvine,CA,1,17,,,,-8.0,"34,43","34,38",,,,,,,,
ncaab:401589692,ncaab,2024-01-28T03:00Z,final,279,2250,Pacific,Gonzaga,73,82,3000,-20000,,0,1600,-6000,24.5,-110,-110,,,,,2,,0,Stockton,CA,1,4,,,,-8.0,"35,38","34,48",847,-2161,14.5,-120,-110,154.0,-110,-112
ncaab:401589693,ncaab,2024-01-28T03:00Z,final,2608,2351,Saint Mary's,LMU,70,65,,,,0,,,,,,,,,,2,,0,Moraga,CA,1,152,,,,-8.0,"30,40","23,42",,,,,,,,
ncaab:401607401,ncaab,2024-01-28T03:00Z,final,264,254,Washington,Utah,98,73,-110,-110,,0,-108,-111,-1.0,-105,-115,,,,,2,,0,Seattle,WA,1,56,,,,-8.0,"46,52","30,43",-110,-115,0.0,-115,-115,157.5,-115,-112
ncaab:401573520,ncaab,2024-01-28T04:59Z,final,62,13,Hawai'i,Cal Poly,83,73,,,,0,,,,,,,,,,2,,0,Honolulu,HI,1,5,,,,-10.0,"26,57","23,50",,,,,,,,
ncaab:401587714,ncaab,2024-01-28T17:00Z,final,85,2750,IU Indy,Wright St,76,83,850,-1450,,0,920,-1800,15.0,-110,-110,,,,,2,,0,Indianapolis,IN,1,218,,,,-5.0,"30,46","43,40",400,-650,8.5,-110,-112,159.0,-110,-110
ncaab:401599508,ncaab,2024-01-28T17:00Z,final,41,2752,UConn,Xavier,99,56,,,,0,,,,,,,,,,2,,0,Hartford,CT,1,18,,,,-5.0,"48,51","22,34",,,,,,,,
ncaab:401581680,ncaab,2024-01-28T18:00Z,final,309,326,Louisiana,Texas St,66,46,,,,0,,,,,,,,,,2,,0,Lafayette,LA,1,11,,,,-6.0,"30,36","24,22",,,,,,,,
ncaab:401587713,ncaab,2024-01-28T18:00Z,final,325,2523,Cleveland St,Robert Morris,66,64,-375,295,,0,-400,310,-8.0,-110,-110,,,,,2,,0,Cleveland,OH,1,199,,,,-5.0,"26,40","31,33",-260,200,-4.0,-115,-115,150.0,-110,-110
ncaab:401594264,ncaab,2024-01-28T18:00Z,final,2099,2368,Canisius,Marist,71,80,-135,114,,0,-164,136,-2.0,-110,-110,,,,,2,,0,Buffalo,NY,1,183,,,,-5.0,"31,40","37,43",-135,105,-1.0,-110,-120,131.5,-105,-110
ncaab:401600357,ncaab,2024-01-28T18:00Z,final,164,2509,Rutgers,Purdue,60,68,420,-580,,0,400,-550,10.5,-110,-110,,,,,2,,0,Piscataway,NJ,1,30,,,,-5.0,"20,40","33,35",255,-352,5.5,-108,-112,142.0,-112,-110
ncaab:401602104,ncaab,2024-01-28T18:00Z,final,2226,249,FAU,North Texas,66,63,,,,0,,,,,,,,,,2,,0,Boca Raton,FL,1,4,,,,-5.0,"26,40","28,35",,,,,,,,
ncaab:401587712,ncaab,2024-01-28T18:30Z,final,2754,94,Youngstown St,N Kentucky,82,52,-278,225,,0,-285,230,-6.5,-110,-110,,,,,2,,0,Youngstown,OH,1,259,,,,-5.0,"38,44","31,21",-215,168,-3.5,-108,-114,149.5,-105,-115
ncaab:401581619,ncaab,2024-01-28T19:00Z,final,2433,2032,UL Monroe,Arkansas St,85,82,,,,0,,,,,,,,,,2,,0,Monroe,LA,1,23,,,,-6.0,"26,48,11","41,33,8",,,,,,,,
ncaab:401594296,ncaab,2024-01-28T19:00Z,final,2217,2514,Fairfield,Quinnipiac,64,66,-130,110,,0,-140,116,-2.0,-110,-110,,,,,2,,0,Fairfield,CT,1,4,,,,-8.0,"33,31","32,34",-130,-100,-1.0,-120,-110,157.0,-110,-110
ncaab:401594367,ncaab,2024-01-28T19:00Z,final,315,2363,Niagara,Manhattan,78,84,-455,350,,0,-500,375,-9.0,-110,-110,,,,,2,,0,Niagara Falls,NY,1,187,,,,-5.0,"29,44,5","30,43,11",-300,230,-4.5,-120,-102,144.0,-115,-110
ncaab:401594390,ncaab,2024-01-28T19:00Z,final,2561,2612,Siena,Saint Peter's,52,63,,,,0,,,,,,,,,,2,,0,Albany,NY,1,45,,,,-5.0,"33,19","33,30",,,,,,,,
ncaab:401602106,ncaab,2024-01-28T20:00Z,final,2724,2567,Wichita St,SMU,77,72,,,,0,,,,,,,,,,2,,0,Wichita,KS,1,396,,,,-6.0,"37,40","41,31",,,,,,,,
ncaab:401602103,ncaab,2024-01-28T22:00Z,final,151,218,East Carolina,Temple,70,64,-278,225,,0,-330,260,-6.5,-110,-110,,,,,2,,0,Greenville,NC,1,18,,,,-5.0,"27,33,10","26,34,4",-215,165,-3.5,-115,-115,136.0,-110,-110
ncaab:401602105,ncaab,2024-01-28T22:00Z,final,5,235,UAB,Memphis,97,88,160,-192,,0,152,-184,4.0,-110,-110,,,,,2,,0,Birmingham,AL,1,187,,,,-6.0,"45,52","44,44",130,-166,2.0,-115,-115,158.5,-105,-110
ncaab:401602982,ncaab,2024-01-29T03:00Z,final,167,2440,New Mexico,Nevada,89,55,-410,315,,0,-285,230,-8.5,-110,-110,,,,,2,,0,Albuquerque,NM,1,1511,,,,-7.0,"38,51","24,31",-260,200,-4.5,-114,-110,155.5,-108,-110
ncaab:401597971,ncaab,2024-01-30T00:00Z,final,107,104,Holy Cross,Boston U,65,63,140,-170,,0,160,-190,3.0,-110,-110,,,,,2,,0,Worcester,MA,1,147,,,,-5.0,"33,32","37,26",119,-146,1.5,-115,-110,135.0,-110,-108
ncaab:401604155,ncaab,2024-01-30T00:00Z,final,259,150,Virginia Tech,Duke,67,77,154,-185,,0,142,-170,3.5,-105,-115,,,,,2,,0,Blacksburg,VA,1,633,,,,-5.0,"29,38","35,42",124,-158,2.0,-110,-110,146.0,-110,-110
ncaab:401589743,ncaab,2024-01-30T00:30Z,final,2154,47,Coppin St,Howard,66,81,310,-395,,0,260,-330,8.5,-110,-110,,,,,2,,0,Baltimore,MD,1,10,,,,-5.0,"35,31","40,41",212,-280,4.5,-110,-115,135.5,-110,-108
ncaab:401594409,ncaab,2024-01-30T00:30Z,final,2450,2415,Norfolk St,Morgan St,83,73,-900,600,,0,-880,580,-12.5,-110,-110,,,,,2,,0,Norfolk,VA,1,2,,,,-5.0,"40,43","28,45",-477,337,-7.5,-110,-120,145.5,-110,-118
ncaab:401604428,ncaab,2024-01-30T00:30Z,final,2169,2428,Delaware St,NC Central,66,69,,,,0,,,,,,,,,,2,,0,Dover,DE,1,9,,,,-5.0,"25,41","34,35",,,,,,,,
ncaab:401578971,ncaab,2024-01-30T01:00Z,final,2277,2545,Hou Christian,SE Louisiana,58,80,,,,0,,,,,,,,,,2,,0,Houston,TX,1,12,,,,-6.0,"29,29","37,43",,,,,,,,
ncaab:401579020,ncaab,2024-01-30T01:00Z,final,2377,2466,McNeese,N'Western St,89,65,,,,0,,,,,,,,,,2,,0,Lake Charles,LA,1,4,,,,-6.0,"35,54","26,39",,,,,,,,
ncaab:401579087,ncaab,2024-01-30T01:00Z,final,2837,357,East Texas A&M,Texas A&M-CC,54,69,136,-162,,0,115,-140,3.0,-108,-112,,,,,2,,0,Commerce,TX,1,169,,,,-6.0,"20,34","24,45",118,-142,1.5,-115,-108,137.5,-106,-110
ncaab:401581795,ncaab,2024-01-30T01:00Z,final,2320,2443,Lamar,LSU N Orleans,98,73,,,,0,,,,,,,,,,2,,0,Beaumont,TX,1,5,,,,-6.0,"46,52","36,37",,,,,,,,
ncaab:401583825,ncaab,2024-01-30T01:00Z,final,50,2296,Florida A&M,Jackson St,88,86,158,-190,,0,188,-230,4.5,-110,-110,,,,,2,,0,Tallahassee,FL,1,62,,,,-5.0,"37,51","27,59",130,-160,2.0,-112,-108,146.0,-110,-110
ncaab:401604798,ncaab,2024-01-30T01:00Z,final,2379,2569,MD Eastern,SC State,53,63,,,,0,,,,,,,,,,2,,0,Princess Anne,MD,1,5,,,,-5.0,"30,23","24,39",,,,,,,,
ncaab:401600120,ncaab,2024-01-30T01:30Z,final,2640,2011,Texas Southern,Alabama St,56,55,-218,180,,0,-192,158,-5.0,-115,-105,,,,,2,,0,Houston,TX,1,12,,,,-6.0,"25,31","31,24",-179,142,-2.5,-115,-112,136.0,-112,-108
ncaab:401604289,ncaab,2024-01-30T01:30Z,final,2582,2400,Southern,Miss Valley St,78,54,,,,0,,,,,,,,,,2,,0,Baton Rouge,LA,1,14,,,,-6.0,"46,32","26,28",,,,,,,,
ncaab:401606615,ncaab,2024-01-30T01:30Z,final,2755,2029,Grambling,AR-Pine Bluff,70,86,,,,0,,,,,,,,,,2,,0,Grambling,LA,1,93,,,,-6.0,"23,47","37,49",,,,,,,,
ncaab:401574633,ncaab,2024-01-30T02:00Z,final,2065,2016,Bethune,Alcorn St,67,70,-162,136,,0,-142,120,-3.0,-112,-108,,,,,2,,0,Daytona Beach,FL,1,4,,,,-5.0,"40,27","40,30",-140,110,-2.0,-105,-125,149.5,-110,-110
ncaab:401598028,ncaab,2024-01-30T02:00Z,final,2504,2010,Prairie View,Alabama A&M,87,76,-340,260,,0,-310,245,-7.5,-110,-110,,,,,2,,0,Prairie View,TX,1,82,,,,-6.0,"40,47","32,44",-244,189,-3.5,-120,-110,143.5,-118,-110
ncaab:401603446,ncaab,2024-01-30T02:00Z,final,251,248,Texas,Houston,72,76,170,-205,,0,190,-230,4.5,-110,-110,,,,,2,,0,Austin,TX,1,149,,,,-6.0,"25,40,7","33,32,11",130,-175,2.5,-120,-106,129.5,-110,-110
ncaab:401597158,ncaab,2024-01-30T23:30Z,final,2633,2579,Tennessee,South Carolina,59,63,-1100,700,,0,-1300,760,-13.5,-110,-110,,,,,2,,0,Knoxville,TN,1,276,,,,-5.0,"26,33","30,33",-500,325,-7.5,-118,-105,135.5,-110,-110
ncaab:401588661,ncaab,2024-01-31T00:00Z,final,2649,2711,Toledo,W Michigan,88,63,,,,0,,,,,,,,,,2,,0,Toledo,OH,1,186,,,,-5.0,"48,40","27,36",,,,,,,,
ncaab:401588662,ncaab,2024-01-31T00:00Z,final,2309,193,Kent State,Miami OH,67,71,-350,270,,0,-300,240,-7.5,-112,-108,,,,,2,,0,Kent,OH,1,325,,,,-5.0,"24,43","39,32",-250,190,-4.0,-108,-112,145.0,-105,-110
ncaab:401588663,ncaab,2024-01-31T00:00Z,final,2199,2006,E Michigan,Akron,46,77,,,,0,,,,,,,,,,2,,0,Ypsilanti,MI,1,219,,,,-5.0,"23,23","42,35",,,,,,,,
ncaab:401588664,ncaab,2024-01-31T00:00Z,final,2050,189,Ball State,Bowling Green,72,81,-135,114,,0,-102,-118,-1.5,-110,-110,,,,,2,,0,Muncie,IN,1,284,,,,-5.0,"31,41","33,48",-125,-100,-0.5,-110,-110,149.5,-105,-110
ncaab:401588665,ncaab,2024-01-31T00:00Z,final,195,2084,Ohio,Buffalo,91,70,-1100,700,,0,-1099,700,-13.5,-110,-110,,,,,2,,0,Athens,OH,1,219,,,,-5.0,"41,50","26,44",-550,390,-8.5,-105,-118,149.5,-110,-110
ncaab:401588666,ncaab,2024-01-31T00:00Z,final,2117,2459,C Michigan,N Illinois,84,77,,,,0,,,,,,,,,,2,,0,Mount Pleasant,MI,1,235,,,,-5.0,"30,33,9,12","36,27,9,5",,,,,,,,
ncaab:401596868,ncaab,2024-01-31T00:00Z,final,179,2670,St Bonaventure,VCU,67,62,,,,0,,,,,,,,,,2,,0,Saint Bonaventure,NY,1,435,,,,-5.0,"26,41","39,23",,,,,,,,
ncaab:401596870,ncaab,2024-01-31T00:00Z,final,2168,45,Dayton,G Washington,83,61,,,,0,,,,,,,,,,2,,0,Dayton,OH,1,225,,,,-5.0,"38,45","24,37",,,,,,,,
ncaab:401599510,ncaab,2024-01-31T00:00Z,final,222,269,Villanova,Marquette,80,85,-140,115,,0,-110,-110,-2.5,-105,-115,,,,,2,,0,Villanova,PA,1,121,,,,-5.0,"31,49","39,46",-135,104,-1.0,-110,-110,141.0,-112,-110
ncaab:401600358,ncaab,2024-01-31T00:00Z,final,194,356,Ohio State,Illinois,75,87,124,-148,,0,126,-152,3.0,-115,-105,,,,,2,,0,Columbus,OH,1,235,,,,-5.0,"34,41","41,46",114,-140,1.5,-115,-108,146.5,-110,-110
ncaab:401600359,ncaab,2024-01-31T00:00Z,final,84,2294,Indiana,Iowa,74,68,-130,110,,0,-110,-110,-1.5,-112,-108,,,,,2,,0,Bloomington,IN,1,235,,,,-5.0,"39,35","28,40",-125,-102,-0.5,-110,-110,160.5,-110,-110
ncaab:401603449,ncaab,2024-01-31T00:00Z,final,2628,2641,TCU,Texas Tech,85,78,-188,155,,0,-205,168,-4.0,-105,-115,,,,,2,,0,Fort Worth,TX,1,199,,,,-6.0,"40,45","36,42",-165,136,-2.5,-102,-118,145.0,-110,-110
ncaab:401604156,ncaab,2024-01-31T00:00Z,final,59,153,Georgia Tech,North Carolina,74,73,370,-485,,0,450,-630,8.5,-110,-110,,,,,2,,0,Atlanta,GA,1,320,,,,-5.0,"37,37","37,36",220,-270,5.0,-110,-110,152.0,-110,-110
ncaab:401604158,ncaab,2024-01-31T00:00Z,final,103,183,Boston College,Syracuse,80,75,-190,160,,0,-164,136,-4.0,-115,-105,,,,,2,,0,Chestnut Hill,MA,1,60,,,,-5.0,"37,43","30,45",-165,128,-2.5,-115,-110,149.0,110,-110
ncaab:401596869,ncaab,2024-01-31T01:00Z,final,2350,139,Loyola Chicago,Saint Louis,77,62,-500,375,,0,-420,320,-9.5,-110,-110,,,,,2,,0,Chicago,IL,1,179,,,,-6.0,"36,41","31,31",-305,240,-5.5,-110,-115,147.5,-108,-112
ncaab:401601869,ncaab,2024-01-31T01:00Z,final,93,2287,Murray St,Illinois St,59,61,-310,250,,0,-300,240,-7.0,-110,-110,,,,,2,,0,Murray,KY,1,163,,,,-6.0,"26,33","24,37",-225,175,-3.5,-115,-106,133.5,-112,-110
ncaab:401603448,ncaab,2024-01-31T01:00Z,final,2306,201,Kansas St,Oklahoma,53,73,-156,130,,0,-1600,860,-2.5,-115,-105,,,,,2,,0,Manhattan,KS,1,311,,,,-6.0,"19,34","35,38",-135,114,-1.5,-108,-112,140.0,-110,-110
ncaab:401587293,ncaab,2024-01-31T01:30Z,final,2815,2546,Lindenwood,SE Missouri,58,54,,,,0,,,,,,,,,,2,,0,Saint Charles,MO,1,147,,,,-6.0,"20,38","18,36",,,,,,,,
ncaab:401597157,ncaab,2024-01-31T01:30Z,final,145,344,Ole Miss,Mississippi St,86,82,-112,-108,,0,-134,112,-1.0,-105,-115,,,,,2,,0,Oxford,MS,1,154,,,,-6.0,"39,47","39,43",-115,-110,-0.5,-108,-112,139.5,-110,-110
ncaab:401594450,ncaab,2024-01-31T02:00Z,final,2005,2751,Air Force,Wyoming,72,83,-185,154,,0,-182,150,-4.0,-112,-108,,,,,2,,0,Colorado Springs,CO,1,1832,,,,-7.0,"36,36","34,49",-164,132,-1.5,-118,-105,137.0,-108,-110
ncaab:401597941,ncaab,2024-01-31T02:00Z,final,36,21,Colorado St,San Diego St,79,71,-142,120,,0,-125,104,-2.5,-110,-110,,,,,2,,0,Fort Collins,CO,1,1525,,,,-7.0,"37,42","29,42",-135,106,-1.0,-120,-108,142.5,-110,-110
ncaab:401599509,ncaab,2024-01-31T02:00Z,final,305,2550,DePaul,Seton Hall,39,72,425,-575,,0,430,-600,11.0,-108,-112,,,,,2,,0,Chicago,IL,1,179,,,,-6.0,"18,21","31,41",255,-350,5.5,-106,-114,136.5,-110,-110
ncaab:401600360,ncaab,2024-01-31T02:00Z,final,127,130,Michigan St,Michigan,81,62,-800,550,,0,-720,500,-12.0,-110,-110,,,,,2,,0,East Lansing,MI,1,261,,,,-5.0,"33,48","35,27",-420,310,-6.5,-120,-105,144.0,-110,-110
ncaab:401600798,ncaab,2024-01-31T02:00Z,final,328,23,Utah State,San José St,82,61,-1050,660,,0,-1200,720,-13.0,-110,-110,,,,,2,,0,Logan,UT,1,1382,,,,-7.0,"37,45","30,31",-520,360,-7.5,-110,-110,149.5,-110,-110
ncaab:401603447,ncaab,2024-01-31T02:00Z,final,2305,197,Kansas,Oklahoma St,83,54,,,,0,,,,,,,,,,2,,0,Lawrence,KS,1,263,,,,-6.0,"44,39","26,28",,,,,,,,
ncaab:401604157,ncaab,2024-01-31T02:00Z,final,152,2390,NC State,Miami,74,68,,,,0,,,,,,,,,,2,,0,Raleigh,NC,1,96,,,,-5.0,"33,41","29,39",,,,,,,,
ncaab:401604159,ncaab,2024-01-31T02:00Z,final,228,97,Clemson,Louisville,70,64,-1600,900,,0,-2000,980,-16.0,-112,-108,,,,,2,,0,Clemson,SC,1,221,,,,-5.0,"34,36","22,42",-700,425,-9.0,-120,-110,150.0,-102,-118
ncaab:401589695,ncaab,2024-01-31T04:00Z,final,2250,2351,Gonzaga,LMU,92,58,,,,0,,,,,,,,,,2,,0,Spokane,WA,1,571,,,,-8.0,"45,47","29,29",,,,,,,,
ncaab:401597308,ncaab,2024-01-31T04:00Z,final,2439,278,UNLV,Fresno St,78,69,-365,285,,0,-450,340,-8.0,-110,-110,,,,,2,,0,Las Vegas,NV,1,610,,,,-8.0,"37,41","28,41",-270,210,-4.5,-115,-110,139.5,-112,-110
ncaab:401587929,ncaab,2024-01-31T23:00Z,final,2678,2430,VMI,UNC Greensboro,79,85,1000,-1698,,0,1060,-2300,16.0,-110,-110,,,,,2,,0,Lexington,VA,1,324,,,,-5.0,"29,50","48,37",425,-700,9.5,-110,-120,150.5,-110,-110
ncaab:401597159,ncaab,2024-01-31T23:30Z,final,61,333,Georgia,Alabama,76,85,230,-290,,0,198,-245,6.5,-108,-112,,,,,2,,0,Athens,GA,1,228,,,,-5.0,"41,35","27,58",164,-210,3.5,-115,-115,166.5,-118,-105
ncaab:401599511,ncaab,2024-01-31T23:30Z,final,2752,2599,Xavier,St John's,88,77,,,,0,,,,,,,,,,2,,0,Cincinnati,OH,1,191,,,,-5.0,"38,50","34,43",,,,,,,,
ncaab:401600361,ncaab,2024-01-31T23:30Z,final,2509,77,Purdue,Northwestern,105,96,-1099,700,,0,-1050,660,-14.0,-110,-110,,,,,2,,0,West Lafayette,IN,1,186,,,,-5.0,"47,34,24","39,42,15",-550,333,-7.5,-115,-115,140.5,-110,-110
