id,league,start,status,home,away,home_name,away_name,home_score,away_score,ml_home,ml_away,odds_time,neutral,ml_home_open,ml_away_open,spread_home,spread_home_odds,spread_away_odds,inj_home,inj_away,sp_home,sp_away,stype,country,intl,city,state,indoor,elev,wx_temp,wx_wind,wx_rain,tzo,ls_home,ls_away
ncaab:401827016,ncaab,2025-12-01T17:00Z,final,2582,2347,Southern,LA Christian,101,48,,,,0,,,,,,,,,,2,,0,Baton Rouge,LA,1,14,,,,-6.0,"59,42","15,33"
ncaab:401837346,ncaab,2025-12-01T17:00Z,final,2130,2615,Chicago St,Saint Xavier,85,62,,,,0,,,,,,,,,,2,,0,Chicago,IL,1,179,,,,-6.0,"47,38","34,28"
ncaab:401823470,ncaab,2025-12-01T23:30Z,final,2649,2119,Toledo,Central St,102,58,,,,0,,,,,,,,,,2,,0,Toledo,OH,1,,,,,,"46,56","21,37"
ncaab:401823565,ncaab,2025-12-01T23:30Z,final,222,218,Villanova,Temple,74,56,-1100,800,,0,-1250,740,-14.5,-120,-118,,,,,2,,0,Villanova,PA,1,,,,,,"29,45","28,28"
ncaab:401812384,ncaab,2025-12-02T00:00Z,final,2752,2598,Xavier,Saint Francis,96,74,,,,0,,,,,,,,,,2,,0,Cincinnati,OH,1,191,,,,-5.0,"44,52","33,41"
ncaab:401819846,ncaab,2025-12-02T00:00Z,final,2132,2627,Cincinnati,Tarleton St,76,58,-4000,1800,,0,-3000,1200,-23.5,-112,-108,,,,,2,,0,Cincinnati,OH,1,191,,,,-5.0,"31,45","29,29"
ncaab:401823437,ncaab,2025-12-02T00:00Z,final,55,2453,Jax State,North Alabama,66,73,,,,0,,,,,,,,,,2,,0,Jacksonville,AL,1,216,,,,-6.0,"34,32","26,47"
ncaab:401824308,ncaab,2025-12-02T00:00Z,final,48,314,Delaware,Iona,66,89,104,-136,,0,116,-140,2.5,-118,-102,,,,,2,,0,Newark,DE,1,38,,,,-5.0,"33,33","39,50"
ncaab:401825387,ncaab,2025-12-02T00:00Z,final,2653,2698,Troy,West Georgia,89,93,-2400,1100,,0,-2500,1100,-17.5,-112,-108,,,,,2,,0,Troy,AL,1,,,,,,"28,37,12,12","27,38,12,16"
ncaab:401827523,ncaab,2025-12-02T00:00Z,final,2261,3111,Hampton,Apprentice,94,58,,,,0,,,,,,,,,,2,,0,Hampton,VA,1,1,,,,-5.0,"47,47","25,33"
ncaab:401808731,ncaab,2025-12-02T00:30Z,final,2916,2377,Incarnate Word,McNeese,71,67,490,-600,,0,275,-350,10.5,-115,-105,,,,,2,,0,San Antonio,TX,1,,,,,,"34,37","32,35"
ncaab:401822998,ncaab,2025-12-02T00:30Z,final,2393,5,MTSU,UAB,76,61,,,,0,,,,,,,,,,2,,0,Murfreesboro,TN,1,186,,,,-6.0,"32,44","33,28"
ncaab:401819893,ncaab,2025-12-02T01:00Z,final,2306,189,Kansas St,Bowling Green,66,82,-950,625,,0,-900,590,-12.5,-105,-115,,,,,2,,0,Manhattan,KS,1,311,,,,-6.0,"35,31","49,33"
ncaab:401820546,ncaab,2025-12-02T01:00Z,final,2460,2141,Northern Iowa,Coe,99,34,,,,0,,,,,,,,,,2,,0,Cedar Falls,IA,1,268,,,,-6.0,"46,53","18,16"
ncaab:401822368,ncaab,2025-12-02T01:00Z,void,2197,2070,E Illinois,Blackburn,,,,,,0,,,,,,,,,,2,,0,Charleston,IL,1,204,,,,-6.0,,
ncaab:401823546,ncaab,2025-12-02T01:30Z,final,253,110418,Southern Utah,West Coast,124,59,,,,0,,,,,,,,,,2,,0,Cedar City,UT,1,1782,,,,-7.0,"61,63","26,33"
ncaab:401819866,ncaab,2025-12-02T02:00Z,final,38,2856,Colorado,CA Baptist,78,70,,,,0,,,,,,,,,,2,,0,Boulder,CO,1,1624,,,,-7.0,"32,46","34,36"
ncaab:401830319,ncaab,2025-12-02T02:00Z,final,167,2424,New Mexico,NM Highlands,97,47,,,,0,,,,,,,,,,2,,0,Albuquerque,NM,1,1511,,,,-7.0,"44,53","21,26"
ncaab:401817470,ncaab,2025-12-02T03:00Z,final,24,2501,Stanford,Portland,94,72,-2449,1300,,0,-2800,1160,-18.5,-115,-105,,,,,2,,0,Stanford,CA,1,,,,,,"51,43","31,41"
ncaab:401817148,ncaab,2025-12-02T16:00Z,final,349,45,Army,G Washington,70,84,,,,0,,,,,,,,,,2,,0,West Point,NY,1,,,,,,"37,33","45,39"
ncaab:401826753,ncaab,2025-12-02T16:00Z,final,2717,3229,W Carolina,VA Lynchburg,124,62,,,,0,,,,,,,,,,2,,0,Cullowhee,NC,1,645,,,,-5.0,"58,66","32,30"
ncaab:401820844,ncaab,2025-12-02T17:00Z,final,2630,2127,UT Martin,Charleston So,73,56,,,,0,,,,,,,,,,2,,0,Martin,TN,1,124,,,,-6.0,"36,37","31,25"
ncaab:401820618,ncaab,2025-12-02T23:00Z,final,2803,284,Bryant,Stonehill,77,65,-310,250,,0,-280,220,-6.5,-113,-108,,,,,2,,0,Smithfield,RI,1,,,,,,"34,43","32,33"
ncaab:401827278,ncaab,2025-12-02T23:00Z,final,213,2097,Penn State,Campbell,87,76,-1148,800,,0,-1250,740,-14.5,-125,-115,,,,,2,,0,University Park,PA,1,,,,,,"46,41","39,37"
ncaab:401806366,ncaab,2025-12-03T00:00Z,final,183,2633,Syracuse,Tennessee,62,60,295,-372,,0,185,-225,7.5,-110,-110,,,,,2,,0,Syracuse,NY,1,,,,,,"32,30","30,30"
ncaab:401806367,ncaab,2025-12-03T00:00Z,final,221,245,Pitt,Texas A&M,73,81,150,-180,,0,-100,-120,3.5,-112,-108,,,,,2,,0,Pittsburgh,PA,1,233,,,,-5.0,"33,40","35,46"
ncaab:401806370,ncaab,2025-12-03T00:00Z,final,154,201,Wake Forest,Oklahoma,68,86,-199,164,,0,-245,198,-4.5,-108,-112,,,,,2,,0,Winston-Salem,NC,1,,,,,,"35,33","37,49"
ncaab:401806372,ncaab,2025-12-03T00:00Z,final,2579,259,South Carolina,Virginia Tech,83,86,-155,130,,0,-118,-102,-2.5,-115,-105,,,,,2,,0,Columbia,SC,1,89,,,,-5.0,"34,36,13","37,33,16"
ncaab:401812289,ncaab,2025-12-03T00:00Z,final,2507,161,Providence,FDU,94,64,,,,0,,,,,,,,,,2,,0,Providence,RI,1,2,,,,-5.0,"52,42","21,43"
ncaab:401813440,ncaab,2025-12-03T00:00Z,final,2168,2193,Dayton,ETSU,88,71,,,,0,,,,,,,,,,2,,0,Dayton,OH,1,225,,,,-5.0,"46,42","38,33"
ncaab:401813451,ncaab,2025-12-03T00:00Z,final,2184,2729,Duquesne,William & Mary,79,83,-250,205,,0,-230,190,-5.5,-112,-108,,,,,2,,0,Pittsburgh,PA,1,233,,,,-5.0,"40,39","48,35"
ncaab:401817168,ncaab,2025-12-03T00:00Z,final,227,225,Rhode Island,Brown,66,56,-1100,800,,0,-850,575,-13.5,-118,-102,,,,,2,,0,Kingston,RI,1,75,,,,-5.0,"31,35","29,27"
ncaab:401818303,ncaab,2025-12-03T00:00Z,final,43,2951,Yale,SUNY Maritime,117,53,,,,0,,,,,,,,,,2,,0,New Haven,CT,1,18,,,,-5.0,"62,55","26,27"
ncaab:401820609,ncaab,2025-12-03T00:00Z,final,2066,2329,Binghamton,Lehigh,80,71,145,-175,,0,152,-188,3.5,-113,-106,,,,,2,,0,Binghamton,NY,1,264,,,,-5.0,"38,29,13","38,29,4"
ncaab:401820801,ncaab,2025-12-03T00:00Z,final,2429,2448,Charlotte,NC A&T,74,57,,,,0,,,,,,,,,,2,,0,Charlotte,NC,1,229,,,,-5.0,"44,30","22,35"
ncaab:401820811,ncaab,2025-12-03T00:00Z,final,151,2379,East Carolina,MD Eastern,68,56,,,,0,,,,,,,,,,2,,0,Greenville,NC,1,18,,,,-5.0,"32,36","26,30"
ncaab:401820827,ncaab,2025-12-03T00:00Z,final,2086,2199,Butler,E Michigan,84,68,,,,0,,,,,,,,,,2,,0,Indianapolis,IN,1,218,,,,-5.0,"41,43","36,32"
ncaab:401823345,ncaab,2025-12-03T00:00Z,final,294,50,Jacksonville,Florida A&M,85,82,-900,570,,0,-750,490,-10.5,-112,-108,,,,,2,,0,Jacksonville,FL,1,5,,,,-5.0,"39,35,11","43,31,8"
ncaab:401823447,ncaab,2025-12-03T00:00Z,final,2454,2565,North Florida,SIUE,63,72,,,,0,,,,,,,,,,2,,0,Jacksonville,FL,1,5,,,,-5.0,"29,34","30,42"
ncaab:401823489,ncaab,2025-12-03T00:00Z,final,2382,2247,Mercer,Georgia St,78,67,-675,480,,0,-650,475,-10.5,-112,-108,,,,,2,,0,Macon,GA,1,112,,,,-5.0,"46,32","46,21"
ncaab:401825392,ncaab,2025-12-03T00:00Z,final,127,2294,Michigan St,Iowa,71,52,-247,200,,0,-238,195,-5.5,-108,-112,,,,,2,,0,East Lansing,MI,1,261,,,,-5.0,"35,36","21,31"
ncaab:401826703,ncaab,2025-12-03T00:00Z,final,2244,172,George Mason,Cornell,99,81,-600,440,,0,-600,450,-10.5,-108,-112,,,,,2,,0,Fairfax,VA,1,131,,,,-5.0,"42,57","40,41"
ncaab:401828340,ncaab,2025-12-03T00:00Z,final,338,2296,Kennesaw St,Jackson St,88,73,-2000,1120,,0,-900,570,-15.5,-108,-112,,,,,2,,0,Kennesaw,GA,1,332,,,,-5.0,"46,42","32,41"
ncaab:401830118,ncaab,2025-12-03T00:00Z,final,2427,2430,UNC Asheville,UNC Greensboro,82,77,-245,198,,1,-188,152,-5.0,-111,-110,,,,,2,,0,Asheville,NC,1,649,,,,-5.0,"36,46","39,38"
ncaab:401830631,ncaab,2025-12-03T00:00Z,final,6,166,South Alabama,New Mexico St,77,75,135,-160,,1,142,-172,3.5,-110,-110,,,,,2,,0,Katy,TX,1,42,,,,-6.0,"32,45","36,39"
ncaab:401830740,ncaab,2025-12-03T00:00Z,final,282,101,Indiana St,Eureka,99,57,,,,0,,,,,,,,,,2,,0,Terre Haute,IN,1,,,,,,"52,47","22,35"
ncaab:401831072,ncaab,2025-12-03T00:00Z,final,193,3138,Miami OH,IU East,109,65,,,,0,,,,,,,,,,2,,0,Oxford,OH,1,283,,,,-5.0,"53,56","24,41"
ncaab:401806364,ncaab,2025-12-03T00:30Z,final,150,57,Duke,Florida,67,66,-467,355,,0,-465,350,-9.0,-115,-105,,,,,2,,0,Durham,NC,1,123,,,,-5.0,"36,31","24,42"
ncaab:401812359,ncaab,2025-12-03T00:30Z,final,112358,2737,Long Island,Winthrop,92,94,,,,0,,,,,,,,,,2,,0,Brooklyn,NY,1,15,,,,-5.0,"37,47,8","47,37,10"
ncaab:401826845,ncaab,2025-12-03T00:30Z,final,2655,2755,Tulane,Grambling,65,63,-1000,570,,0,-750,490,-11.5,-115,-105,,,,,2,,0,New Orleans,LA,1,0,,,,-6.0,"30,35","31,32"
ncaab:401826882,ncaab,2025-12-03T00:30Z,final,2724,573,Wichita St,Mount Marty,95,69,,,,0,,,,,,,,,,2,,0,Wichita,KS,1,,,,,,"43,52","34,35"
ncaab:401828909,ncaab,2025-12-03T00:30Z,final,2181,2710,Drake,W Illinois,108,57,,,,0,,,,,,,,,,2,,0,Des Moines,IA,1,266,,,,-6.0,"54,54","28,29"
ncaab:401829349,ncaab,2025-12-03T00:30Z,final,2546,126824,SE Missouri,St Mary's,88,57,,,,0,,,,,,,,,,2,,0,Cape Girardeau,MO,1,108,,,,-6.0,"50,38","32,25"
ncaab:401813292,ncaab,2025-12-03T01:00Z,final,197,2534,Oklahoma St,Sam Houston,93,83,-1375,700,,0,-1600,860,-13.5,-110,-110,,,,,2,,0,Stillwater,OK,1,,,,,,"37,56","44,39"
ncaab:401817159,ncaab,2025-12-03T01:00Z,final,2350,2117,Loyola Chicago,C Michigan,83,72,,,,0,,,,,,,,,,2,,0,Chicago,IL,1,179,,,,-6.0,"31,52","39,33"
ncaab:401819828,ncaab,2025-12-03T01:00Z,final,239,16,Baylor,Sacramento St,110,88,-20000,2000,,0,-20000,3500,-29.5,-110,-110,,,,,2,,0,Waco,TX,1,,,,,,"52,58","47,41"
ncaab:401822335,ncaab,2025-12-03T01:00Z,final,269,2674,Marquette,Valparaiso,75,72,-2400,1000,,0,-3500,1280,-17.5,-110,-110,,,,,2,,0,Milwaukee,WI,1,188,,,,-6.0,"23,42,10","27,38,7"
ncaab:401822394,ncaab,2025-12-03T01:00Z,final,2459,2815,N Illinois,Lindenwood,64,99,-168,140,,0,-230,190,-3.5,-105,-115,,,,,2,,0,Dekalb,IL,1,268,,,,-6.0,"32,32","52,47"
ncaab:401823871,ncaab,2025-12-03T01:00Z,final,2032,250,Arkansas St,UT Arlington,83,63,,,,0,,,,,,,,,,2,,0,Jonesboro,AR,1,99,,,,-6.0,"39,44","21,42"
ncaab:401824138,ncaab,2025-12-03T01:00Z,final,71,265,Bradley,Washington St,64,60,-295,237,,0,-350,275,-6.5,-110,-110,,,,,2,,0,Peoria,IL,1,153,,,,-6.0,"28,36","29,31"
ncaab:401825393,ncaab,2025-12-03T01:00Z,final,164,2509,Rutgers,Purdue,65,81,810,-1600,,0,1100,-2500,13.5,-108,-112,,,,,2,,0,Piscataway,NJ,1,30,,,,-5.0,"27,38","40,41"
ncaab:401826861,ncaab,2025-12-03T01:00Z,final,93,2413,Murray St,Morehead St,84,52,-1809,1200,,0,-2000,1000,-17.0,-110,-110,,,,,2,,0,Murray,KY,1,163,,,,-6.0,"33,51","28,24"
ncaab:401827217,ncaab,2025-12-03T01:00Z,final,120,2681,Maryland,Wagner,89,63,-9000,1700,,0,-8000,2200,-22.5,-107,-115,,,,,2,,0,College Park,MD,1,21,,,,-5.0,"33,56","26,37"
ncaab:401828278,ncaab,2025-12-03T01:00Z,final,249,2277,North Texas,Hou Christian,77,75,,,,0,,,,,,,,,,2,,0,Denton,TX,1,201,,,,-6.0,"40,37","34,41"
ncaab:401828285,ncaab,2025-12-03T01:00Z,final,202,131632,Tulsa,Mnhttn Chrstn,111,60,,,,0,,,,,,,,,,2,,0,Tulsa,OK,1,,,,,,"61,50","22,38"
ncaab:401806368,ncaab,2025-12-03T02:00Z,final,87,142,Notre Dame,Missouri,76,71,-110,-110,,0,101,-121,1.5,-125,105,,,,,2,,0,South Bend,IN,1,,,,,,"33,43","40,31"
ncaab:401806369,ncaab,2025-12-03T02:00Z,final,52,61,Florida St,Georgia,73,107,-122,102,,0,125,-150,-1.5,-110,-110,,,,,2,,0,Tallahassee,FL,1,,,,,,"30,43","49,58"
ncaab:401806371,ncaab,2025-12-03T02:00Z,final,145,2390,Ole Miss,Miami,66,75,-125,105,,0,-220,180,-1.5,-112,-108,,,,,2,,0,Oxford,MS,1,154,,,,-6.0,"26,40","42,33"
ncaab:401812791,ncaab,2025-12-03T02:00Z,final,2305,41,Kansas,UConn,56,61,,,,0,,,,,,,,,,2,,0,Lawrence,KS,1,263,,,,-6.0,"33,23","29,32"
ncaab:401820834,ncaab,2025-12-03T02:00Z,final,156,2447,Creighton,Nicholls,96,76,-4000,1600,,0,-7000,2000,-19.0,-110,-110,,,,,2,,0,Omaha,NE,1,323,,,,-6.0,"52,44","35,41"
ncaab:401823527,ncaab,2025-12-03T02:00Z,final,2492,2000,Pepperdine,Abilene Chrstn,63,71,-103,-116,,0,-110,-110,1.5,-118,-102,,,,,2,,0,Malibu,CA,1,32,,,,-8.0,"28,35","35,36"
ncaab:401823789,ncaab,2025-12-03T02:00Z,final,2253,56,Grand Canyon,Stetson,67,45,-5000,1800,,0,-10000,2500,-24.5,-112,-108,,,,,2,,0,Phoenix,AZ,1,331,,,,-7.0,"22,45","20,25"
ncaab:401806365,ncaab,2025-12-03T02:30Z,final,96,153,Kentucky,North Carolina,64,67,-290,245,,0,-310,250,-7.5,-110,-110,,,,,2,,0,Lexington,KY,1,295,,,,-5.0,"31,33","31,36"
ncaab:401817188,ncaab,2025-12-03T03:00Z,final,2351,139,LMU,Saint Louis,70,91,,,,0,,,,,,,,,,2,,0,Los Angeles,CA,1,89,,,,-8.0,"24,46","40,51"
ncaab:401817224,ncaab,2025-12-03T03:00Z,final,25,254,California,Utah,79,72,-410,310,,0,-500,375,-7.5,-115,-105,,,,,2,,0,Berkeley,CA,1,52,,,,-8.0,"42,37","34,38"
ncaab:401825394,ncaab,2025-12-03T03:00Z,final,2483,30,Oregon,USC,77,82,130,-155,,0,130,-156,2.5,-110,-112,,,,,2,,0,Eugene,OR,1,131,,,,-8.0,"39,38","39,43"
ncaab:401826909,ncaab,2025-12-03T03:00Z,final,2440,28,Nevada,UC San Diego,76,70,-258,210,,0,-230,188,-6.0,-110,-110,,,,,2,,0,Reno,NV,1,,,,,,"35,41","27,43"
ncaab:401824952,ncaab,2025-12-03T17:00Z,final,288,2635,Lipscomb,Tennessee Tech,83,80,-575,425,,0,-780,530,-10.5,-109,-111,,,,,2,,0,Nashville,TN,1,170,,,,-6.0,"38,45","36,44"
ncaab:401827132,ncaab,2025-12-03T17:00Z,final,82,2029,UIC,AR-Pine Bluff,62,63,,,,0,,,,,,,,,,2,,0,Chicago,IL,1,179,,,,-6.0,"26,36","35,28"
ncaab:401812667,ncaab,2025-12-03T23:00Z,final,107,111,Holy Cross,Northeastern,76,59,300,-395,,0,190,-230,8.5,-115,-105,,,,,2,,0,Worcester,MA,1,,,,,,"42,34","25,34"
ncaab:401824360,ncaab,2025-12-03T23:00Z,final,104,126751,Boston U,VTSU Johnson,104,57,,,,0,,,,,,,,,,2,,0,Boston,MA,1,14,,,,-5.0,"60,44","27,30"
ncaab:401817503,ncaab,2025-12-03T23:30Z,final,2754,2750,Youngstown St,Wright St,69,68,-185,154,,0,-170,142,-3.5,-115,-105,,,,,2,,0,Youngstown,OH,1,,,,,,"36,33","29,39"
ncaab:401826736,ncaab,2025-12-03T23:30Z,final,2026,3229,App State,VA Lynchburg,133,45,,,,0,,,,,,,,,,2,,0,Boone,NC,1,981,,,,-5.0,"62,71","21,24"
ncaab:401808966,ncaab,2025-12-04T00:00Z,final,2617,292,SF Austin,UT Rio Grande,73,60,,,,0,,,,,,,,,,2,,0,Nacogdoches,TX,1,92,,,,-6.0,"29,44","26,34"
ncaab:401809080,ncaab,2025-12-04T00:00Z,final,2006,2083,Akron,Bucknell,97,77,-6500,2000,,0,-7000,2000,-23.5,-117,-112,,,,,2,,0,Akron,OH,1,291,,,,-5.0,"49,48","36,41"
ncaab:401812382,ncaab,2025-12-04T00:00Z,final,2598,130195,Saint Francis,PSU Shenango,100,41,,,,0,,,,,,,,,,2,,0,Loretto,PA,1,595,,,,-5.0,"46,54","15,26"
ncaab:401812608,ncaab,2025-12-04T00:00Z,final,113,108,UMass,Harvard,78,71,,,,0,,,,,,,,,,2,,0,Amherst,MA,1,82,,,,-5.0,"36,42","21,50"
ncaab:401812649,ncaab,2025-12-04T00:00Z,final,2550,2115,Seton Hall,C Connecticut,77,61,,,,0,,,,,,,,,,2,,0,South Orange,NJ,1,,,,,,"37,40","27,34"
ncaab:401813403,ncaab,2025-12-04T00:00Z,final,116,2529,Mount St Marys,Sacred Heart,80,87,102,-122,,0,-108,-112,1.5,-115,-105,,,,,2,,0,Emmitsburg,MD,1,133,,,,-5.0,"45,35","51,36"
ncaab:401817201,ncaab,2025-12-04T00:00Z,final,179,2071,St Bonaventure,Bloomsburg,83,43,,,,0,,,,,,,,,,2,,0,Saint Bonaventure,NY,1,,,,,,"46,37","17,26"
ncaab:401817501,ncaab,2025-12-04T00:00Z,final,2174,85,Detroit Mercy,IU Indy,92,78,-170,142,,0,-162,136,-3.5,-112,-108,,,,,2,,0,Detroit,MI,1,183,,,,-5.0,"46,46","29,49"
ncaab:401817502,ncaab,2025-12-04T00:00Z,final,2473,2870,Oakland,Purdue FW,101,92,-245,200,,0,-340,270,-4.5,-115,-105,,,,,2,,0,Rochester,MI,1,,,,,,"47,54","38,54"
ncaab:401817504,ncaab,2025-12-04T00:00Z,final,94,325,N Kentucky,Cleveland St,95,80,-1100,750,,0,-575,425,-14.5,-105,-115,,,,,2,,0,Highland Heights,KY,1,260,,,,-5.0,"47,48","33,47"
ncaab:401818534,ncaab,2025-12-04T00:00Z,final,171,2275,Columbia,Hofstra,72,70,-161,135,,0,-135,114,-3.5,-108,-112,,,,,2,,0,New York,NY,1,10,,,,-5.0,"42,30","32,38"
ncaab:401819919,ncaab,2025-12-04T00:00Z,final,277,2154,West Virginia,Coppin St,91,49,,,,0,,,,,,,,,,2,,0,Morgantown,WV,1,271,,,,-5.0,"40,51","32,17"
ncaab:401820156,ncaab,2025-12-04T00:00Z,final,2169,2426,Delaware St,Navy,59,66,800,-1350,,0,575,-850,14.5,-105,-115,,,,,2,,0,Dover,DE,1,9,,,,-5.0,"21,38","36,30"
ncaab:401820190,ncaab,2025-12-04T00:00Z,final,2261,2352,Hampton,Loyola MD,93,71,-278,225,,0,-238,195,-6.5,-105,-115,,,,,2,,0,Hampton,VA,1,1,,,,-5.0,"46,47","27,44"
ncaab:401820628,ncaab,2025-12-04T00:00Z,final,195,311,Ohio,Maine,79,57,-737,492,,0,-575,425,-12.5,-112,-115,,,,,2,,0,Athens,OH,1,219,,,,-5.0,"38,41","23,34"
ncaab:401823016,ncaab,2025-12-04T00:00Z,final,2309,2046,Kent State,Austin Peay,96,84,-330,240,,0,-465,350,-8.5,-115,-115,,,,,2,,0,Kent,OH,1,325,,,,-5.0,"36,60","32,52"
ncaab:401823219,ncaab,2025-12-04T00:00Z,final,91,111166,Bellarmine,Midway,99,60,,,,0,,,,,,,,,,2,,0,Louisville,KY,1,142,,,,-5.0,"45,54","30,30"
ncaab:401823232,ncaab,2025-12-04T00:00Z,final,2229,526,FIU,FGCU,89,83,,,,0,,,,,,,,,,2,,0,Miami,FL,1,2,,,,-5.0,"44,45","38,45"
ncaab:401823495,ncaab,2025-12-04T00:00Z,final,2511,2241,Queens,Gardner-Webb,107,74,-1600,800,,0,-1250,710,-15.0,-111,-115,,,,,2,,0,Charlotte,NC,1,229,,,,-5.0,"52,55","37,37"
ncaab:401823594,ncaab,2025-12-04T00:00Z,final,350,276,UNC Wilmington,Marshall,70,69,-450,340,,0,-610,440,-8.5,-115,-110,,,,,2,,0,Wilmington,NC,1,,,,,,"31,39","29,40"
ncaab:401824871,ncaab,2025-12-04T00:00Z,final,2210,231,Elon,Furman,88,97,106,-126,,0,-100,-120,1.5,-112,-108,,,,,2,,0,Elon,NC,1,215,,,,-5.0,"44,44","44,53"
ncaab:401825395,ncaab,2025-12-04T00:00Z,final,135,84,Minnesota,Indiana,73,64,357,-463,,0,385,-520,8.5,-110,-120,,,,,2,,0,Minneapolis,MN,1,253,,,,-6.0,"33,40","33,31"
ncaab:401826073,ncaab,2025-12-04T00:00Z,final,2515,2572,Radford,Southern Miss,75,82,-135,105,,0,-148,124,-1.5,-120,-110,,,,,2,,0,Radford,VA,1,,,,,,"29,46","31,51"
ncaab:401826901,ncaab,2025-12-04T00:00Z,final,290,2348,GA Southern,Louisiana Tech,77,69,,,,0,,,,,,,,,,2,,0,Statesboro,GA,1,,,,,,"33,44","27,42"
ncaab:401826943,ncaab,2025-12-04T00:00Z,final,2747,2506,Wofford,Presbyterian,63,56,-249,195,,0,-230,190,-6.5,-141,-100,,,,,2,,0,Spartanburg,SC,1,,,,,,"31,32","22,34"
ncaab:401826978,ncaab,2025-12-04T00:00Z,final,2272,79,High Point,S Illinois,84,86,,,,0,,,,,,,,,,2,,0,High Point,NC,1,281,,,,-5.0,"46,38","34,52"
ncaab:401826994,ncaab,2025-12-04T00:00Z,final,2344,2945,Longwood,Pfeiffer,101,55,,,,0,,,,,,,,,,2,,0,Farmville,VA,1,90,,,,-5.0,"54,47","25,30"
ncaab:401827063,ncaab,2025-12-04T00:00Z,final,2908,324,SC Upstate,Coastal,85,78,-153,125,,0,-115,-105,-2.5,-108,-112,,,,,2,,0,Spartanburg,SC,1,,,,,,"25,40,20","31,34,13"
ncaab:401827267,ncaab,2025-12-04T00:00Z,final,159,160,Dartmouth,New Hampshire,69,68,-500,350,,0,-440,340,-8.5,-112,-108,,,,,2,,0,Hanover,NH,1,162,,,,-5.0,"30,39","34,34"
ncaab:401827500,ncaab,2025-12-04T00:00Z,final,119,172,Towson,Cornell,93,80,-290,235,,0,-230,190,-6.5,-112,-109,,,,,2,,0,Towson,MD,1,,,,,,"35,58","36,44"
ncaab:401827515,ncaab,2025-12-04T00:00Z,final,44,2182,American,Drexel,75,73,-200,160,,0,-192,160,-4.5,-112,-110,,,,,2,,0,Washington,DC,1,,,,,,"27,48","40,33"
ncaab:401828514,ncaab,2025-12-04T00:00Z,final,2320,309,Lamar,Louisiana,65,55,-600,440,,0,-550,390,-10.0,-109,-110,,,,,2,,0,Beaumont,TX,1,5,,,,-6.0,"27,38","29,26"
ncaab:401828737,ncaab,2025-12-04T00:00Z,final,256,2428,James Madison,NC Central,67,62,,,,0,,,,,,,,,,2,,0,Harrisonburg,VA,1,404,,,,-5.0,"35,32","24,38"
ncaab:401829054,ncaab,2025-12-04T00:00Z,final,2711,88,W Michigan,S Indiana,88,74,,,,0,,,,,,,,,,2,,0,Kalamazoo,MI,1,239,,,,-5.0,"47,41","27,47"
ncaab:401806374,ncaab,2025-12-04T00:15Z,final,8,97,Arkansas,Louisville,89,80,114,-135,,0,155,-188,2.0,-105,-115,,,,,2,,0,Fayetteville,AR,1,427,,,,-6.0,"47,42","29,51"
ncaab:401806376,ncaab,2025-12-04T00:15Z,final,333,228,Alabama,Clemson,90,84,-455,350,,0,-580,420,-8.5,-112,-108,,,,,2,,0,Tuscaloosa,AL,1,,,,,,"45,45","30,54"
ncaab:401806378,ncaab,2025-12-04T00:15Z,final,103,99,Boston College,LSU,69,78,260,-325,,0,320,-420,7.5,-115,-105,,,,,2,,0,Chestnut Hill,MA,1,60,,,,-5.0,"26,35,8","37,24,17"
ncaab:401811971,ncaab,2025-12-04T00:30Z,final,2057,257,Belmont,Richmond,76,84,-300,242,,0,-265,215,-6.5,-110,-111,,,,,2,,0,Nashville,TN,1,170,,,,-6.0,"43,33","41,43"
ncaab:401818304,ncaab,2025-12-04T00:30Z,final,43,5426,Yale,Brandeis,79,61,,,,0,,,,,,,,,,2,,0,New Haven,CT,1,18,,,,-5.0,"37,42","24,37"
ncaab:401824938,ncaab,2025-12-04T00:30Z,final,2110,2031,C Arkansas,Little Rock,85,47,,,,0,,,,,,,,,,2,,0,Conway,AR,1,95,,,,-6.0,"53,32","19,28"
ncaab:401830126,ncaab,2025-12-04T00:30Z,final,2433,2400,UL Monroe,Miss Valley St,66,52,,,,0,,,,,,,,,,2,,0,Monroe,LA,1,23,,,,-6.0,"30,36","29,23"
ncaab:401808898,ncaab,2025-12-04T01:00Z,final,235,2443,Memphis,LSU N Orleans,86,70,,,,0,,,,,,,,,,2,,0,Memphis,TN,1,78,,,,-6.0,"48,38","28,42"
ncaab:401811109,ncaab,2025-12-04T01:00Z,final,233,2502,South Dakota,Portland St,71,77,120,-145,,0,130,-155,2.5,-112,-108,,,,,2,,0,Vermillion,SD,1,,,,,,"31,40","38,39"
ncaab:401813259,ncaab,2025-12-04T01:00Z,final,2287,2198,Illinois St,E Kentucky,89,78,,,,0,,,,,,,,,,2,,0,Normal,IL,1,244,,,,-6.0,"49,40","41,37"
ncaab:401819876,ncaab,2025-12-04T01:00Z,final,66,2016,Iowa State,Alcorn St,132,68,,,,0,,,,,,,,,,2,,0,Ames,IA,1,287,,,,-6.0,"65,67","28,40"
ncaab:401822325,ncaab,2025-12-04T01:00Z,final,339,2050,Evansville,Ball State,64,52,-282,230,,0,-270,220,-6.5,-108,-112,,,,,2,,0,Evansville,IN,1,118,,,,-6.0,"33,31","32,20"
ncaab:401822726,ncaab,2025-12-04T01:00Z,final,46,2378,Georgetown,UMBC,90,81,-4000,1600,,0,-3500,1280,-19.5,-112,-108,,,,,2,,0,Washington,DC,1,,,,,,"45,45","37,44"
ncaab:401824855,ncaab,2025-12-04T01:00Z,final,140,304,Kansas City,Idaho St,59,68,192,-247,,0,210,-260,5.5,-120,-110,,,,,2,,0,Kansas City,MO,1,274,,,,-6.0,"29,30","25,43"
ncaab:401824864,ncaab,2025-12-04T01:00Z,final,2405,163,Monmouth,Princeton,63,58,-230,190,,0,-166,140,-4.5,-109,-114,,,,,2,,0,West Long Branch,NJ,1,,,,,,"31,32","27,31"
ncaab:401825592,ncaab,2025-12-04T01:00Z,final,2464,2571,N Arizona,S Dakota St,62,75,,,,0,,,,,,,,,,2,,0,Flagstaff,AZ,1,2104,,,,-7.0,"26,36","36,39"
ncaab:401826921,ncaab,2025-12-04T01:00Z,final,2437,2458,Omaha,N Colorado,70,75,150,-177,,0,105,-125,3.5,-110,-110,,,,,2,,0,Omaha,NE,1,323,,,,-6.0,"33,37","36,39"
ncaab:401826999,ncaab,2025-12-04T01:00Z,final,2627,2758,Tarleton St,Howard Payne,119,54,,,,0,,,,,,,,,,2,,0,Stephenville,TX,1,,,,,,"59,60","29,25"
ncaab:401827195,ncaab,2025-12-04T01:00Z,final,2010,2634,Alabama A&M,Tennessee St,80,53,160,-192,,0,140,-166,4.5,-110,-110,,,,,2,,0,Huntsville,AL,1,193,,,,-6.0,"32,48","27,26"
ncaab:401819837,ncaab,2025-12-04T02:00Z,final,252,2856,BYU,CA Baptist,91,60,,,,0,,,,,,,,,,2,,0,Salt Lake City,UT,1,,,,,,"42,49","26,34"
ncaab:401820556,ncaab,2025-12-04T02:00Z,final,2005,279,Air Force,Pacific,65,80,200,-247,,0,250,-315,5.5,-112,-108,,,,,2,,0,Colorado Springs,CO,1,1832,,,,-7.0,"26,39","41,39"
ncaab:401823504,ncaab,2025-12-04T02:00Z,final,2172,331,Denver,E Washington,93,89,,,,0,,,,,,,,,,2,,0,Denver,CO,1,1609,,,,-7.0,"48,45","43,46"
ncaab:401823568,ncaab,2025-12-04T02:00Z,final,70,155,Idaho,North Dakota,90,58,-650,445,,0,-380,300,-11.5,-105,-115,,,,,2,,0,Moscow,ID,1,786,,,,-8.0,"41,49","27,31"
ncaab:401825397,ncaab,2025-12-04T02:00Z,final,275,77,Wisconsin,Northwestern,85,73,-535,425,,0,-465,350,-10.5,-110,-110,,,,,2,,0,Madison,WI,1,267,,,,-6.0,"55,30","32,41"
ncaab:401825580,ncaab,2025-12-04T02:00Z,final,147,2900,Montana St,St Thomas,82,74,,,,0,,,,,,,,,,2,,0,Bozeman,MT,1,1468,,,,-7.0,"40,42","37,37"
ncaab:401826809,ncaab,2025-12-04T02:00Z,final,242,326,Rice,Texas St,77,72,-162,136,,0,-170,140,-3.5,-116,-118,,,,,2,,0,Houston,TX,1,12,,,,-6.0,"40,37","28,44"
ncaab:401826955,ncaab,2025-12-04T02:00Z,final,2692,198,Weber St,Oral Roberts,92,66,-372,287,,0,-410,315,-7.5,-112,-108,,,,,2,,0,Ogden,UT,1,1311,,,,-7.0,"43,49","23,43"
ncaab:401828292,ncaab,2025-12-04T02:00Z,final,149,2449,Montana,N Dakota St,72,81,,,,0,,,,,,,,,,2,,0,Missoula,MT,1,978,,,,-7.0,"31,41","34,47"
ncaab:401806375,ncaab,2025-12-04T02:15Z,final,238,2567,Vanderbilt,SMU,88,69,,,,0,,,,,,,,,,2,,0,Nashville,TN,1,170,,,,-6.0,"48,40","38,31"
ncaab:401806377,ncaab,2025-12-04T02:15Z,final,59,344,Georgia Tech,Mississippi St,73,85,112,-132,,0,130,-156,2.0,-110,-110,,,,,2,,0,Atlanta,GA,1,320,,,,-5.0,"28,45","37,48"
ncaab:401806379,ncaab,2025-12-04T02:15Z,final,251,258,Texas,Virginia,69,88,-172,143,,0,-170,140,-3.5,-107,-112,,,,,2,,0,Austin,TX,1,149,,,,-6.0,"27,42","46,42"
ncaab:401806373,ncaab,2025-12-04T02:25Z,final,2,152,Auburn,NC State,83,73,,,,0,,,,,,,,,,2,,0,Auburn,AL,1,215,,,,-6.0,"41,42","35,38"
ncaab:401824059,ncaab,2025-12-04T02:30Z,final,204,261,Oregon St,Vermont,80,58,-180,145,,0,-137,114,-3.5,-102,-118,,,,,2,,0,Corvallis,OR,1,71,,,,-8.0,"42,38","24,34"
ncaab:401823438,ncaab,2025-12-04T03:00Z,final,2539,2453,San Francisco,North Alabama,63,65,-3200,1400,,0,-1700,890,-16.5,-112,-107,,,,,2,,0,San Francisco,CA,1,,,,,,"26,37","24,41"
ncaab:401823766,ncaab,2025-12-04T03:00Z,final,21,3084,San Diego St,Utah Valley,77,66,-452,330,,0,-550,390,-8.5,-108,-112,,,,,2,,0,San Diego,CA,1,,,,,,"33,44","32,34"
ncaab:401824028,ncaab,2025-12-04T03:00Z,final,2541,3101,Santa Clara,Utah Tech,90,80,-4236,1694,,0,-4000,1400,-20.0,-107,-112,,,,,2,,0,Santa Clara,CA,1,,,,,,"48,42","35,45"
ncaab:401824128,ncaab,2025-12-04T03:00Z,final,2547,2508,Seattle U,Puget Sound,97,43,,,,0,,,,,,,,,,2,,0,Seattle,WA,1,,,,,,"44,53","32,11"
ncaab:401825396,ncaab,2025-12-04T04:00Z,final,264,26,Washington,UCLA,80,82,136,-162,,0,-100,-120,2.5,-105,-115,,,,,2,,0,Seattle,WA,1,,,,,,"32,48","36,46"
ncaab:401812290,ncaab,2025-12-04T21:00Z,final,161,130196,FDU,Manor,86,38,,,,0,,,,,,,,,,2,,0,Hackensack,NJ,1,6,,,,-5.0,"44,42","21,17"
ncaab:401817505,ncaab,2025-12-05T00:00Z,final,2739,2523,Green Bay,Robert Morris,78,80,-108,-112,,0,-100,-120,1.5,-117,-101,,,,,2,,0,Ashwaubenon,WI,1,185,,,,-6.0,"33,45","36,44"
ncaab:401820845,ncaab,2025-12-05T00:00Z,final,2127,2684,Charleston So,Warren Wilson,124,63,,,,0,,,,,,,,,,2,,0,Charleston,SC,1,6,,,,-5.0,"74,50","24,39"
ncaab:401823852,ncaab,2025-12-05T00:00Z,final,2771,2520,Merrimack,Rider,68,66,-470,360,,0,-430,330,-9.5,-115,-105,,,,,2,,0,North Andover,MA,1,29,,,,-5.0,"37,31","33,33"
ncaab:401826835,ncaab,2025-12-05T00:00Z,final,58,328,South Florida,Utah State,74,61,-132,111,,0,116,-140,-2.0,-110,-110,,,,,2,,0,Tampa,FL,1,,,,,,"41,33","20,41"
ncaab:401828643,ncaab,2025-12-05T00:00Z,final,2166,2643,Davidson,The Citadel,79,63,-2897,1200,,0,-4500,1600,-18.5,-115,-105,,,,,2,,0,Davidson,NC,1,256,,,,-5.0,"36,43","29,34"
ncaab:401823311,ncaab,2025-12-05T02:00Z,final,2540,299,Santa Barbara,Long Beach St,84,77,-1100,750,,0,-880,580,-13.5,-115,-105,,,,,2,,0,Santa Barbara,CA,1,,,,,,"31,36,17","30,37,10"
ncaab:401809105,ncaab,2025-12-05T03:00Z,final,300,27,UC Irvine,UC Riverside,73,60,-900,650,,0,-850,570,-13.5,-110,-110,,,,,2,,0,Irvine,CA,1,17,,,,-8.0,"37,36","26,34"
ncaab:401809153,ncaab,2025-12-05T03:00Z,final,2239,13,Fullerton,Cal Poly,91,94,-115,-105,,0,-120,-100,-1.5,-105,-115,,,,,2,,0,Fullerton,CA,1,50,,,,-8.0,"44,47","43,51"
ncaab:401823261,ncaab,2025-12-05T03:00Z,final,2463,2934,CSU Northridge,Bakersfield,87,66,,,,0,,,,,,,,,,2,,0,Northridge,CA,1,246,,,,-8.0,"44,43","32,34"
ncaab:401809123,ncaab,2025-12-05T04:59Z,final,62,302,Hawai'i,UC Davis,75,69,,,,0,,,,,,,,,,2,,0,Honolulu,HI,1,5,,,,-10.0,"33,42","28,41"
ncaab:401831241,ncaab,2025-12-05T22:00Z,void,50,489,Florida A&M,Barber Scotia,,,,,,1,,,,,,,,,,2,,0,Kissimmee,FL,1,20,,,,-5.0,,
ncaab:401813299,ncaab,2025-12-06T00:00Z,final,2363,2217,Manhattan,Fairfield,70,66,-106,-112,,0,102,-122,1.0,-115,-105,,,,,2,,0,Riverdale,NY,1,,,,,,"31,39","26,40"
ncaab:401813324,ncaab,2025-12-06T00:00Z,final,2368,116,Marist,Mount St Marys,64,56,-440,340,,0,-455,350,-8.0,-110,-110,,,,,2,,0,Poughkeepsie,NY,1,62,,,,-5.0,"30,34","20,36"
ncaab:401813353,ncaab,2025-12-06T00:00Z,final,2612,2099,Saint Peter's,Canisius,69,57,,,,0,,,,,,,,,,2,,0,Jersey City,NJ,1,9,,,,-5.0,"32,37","32,25"
ncaab:401813380,ncaab,2025-12-06T00:00Z,final,2561,315,Siena,Niagara,83,54,-1200,750,,0,-1450,810,-12.5,-108,-112,,,,,2,,0,Albany,NY,1,45,,,,-5.0,"46,37","21,33"
ncaab:401818554,ncaab,2025-12-06T00:00Z,final,225,2803,Brown,Bryant,75,56,-290,240,,0,-238,195,-6.5,-115,-105,,,,,2,,0,Providence,RI,1,2,,,,-5.0,"41,34","28,28"
ncaab:401820213,ncaab,2025-12-06T00:00Z,final,322,2385,Lafayette,Mercyhurst,79,71,-162,136,,0,-110,-110,-2.5,-115,-105,,,,,2,,0,Easton,PA,1,97,,,,-5.0,"34,45","34,37"
ncaab:401820582,ncaab,2025-12-06T00:00Z,final,314,2514,Iona,Quinnipiac,68,89,-155,130,,0,-192,158,-2.5,-115,-105,,,,,2,,0,New Rochelle,NY,1,26,,,,-5.0,"34,34","36,53"
ncaab:401822739,ncaab,2025-12-06T00:00Z,final,2670,2535,VCU,Samford,83,57,-2800,1448,,0,-4000,1400,-19.5,-110,-110,,,,,2,,0,Richmond,VA,1,,,,,,"34,49","31,26"
ncaab:401824034,ncaab,2025-12-06T00:00Z,final,96,2250,Kentucky,Gonzaga,59,94,192,-232,,1,160,-190,5.5,-110,-110,,,,,2,,0,Nashville,TN,1,170,,,,-6.0,"20,39","43,51"
ncaab:401824092,ncaab,2025-12-06T00:00Z,final,2501,2333,Portland,Lewis & Clark,104,87,,,,0,,,,,,,,,,2,,0,Portland,OR,1,12,,,,-8.0,"53,51","45,42"
ncaab:401824891,ncaab,2025-12-06T00:00Z,final,2193,6,ETSU,South Alabama,91,65,,,,0,,,,,,,,,,2,,0,Johnson City,TN,1,498,,,,-5.0,"36,55","31,34"
ncaab:401826979,ncaab,2025-12-06T00:00Z,final,2272,2885,High Point,NJIT,89,72,,,,0,,,,,,,,,,2,,0,High Point,NC,1,281,,,,-5.0,"49,40","34,38"
ncaab:401827112,ncaab,2025-12-06T00:00Z,final,2065,2569,Bethune,SC State,80,59,,,,0,,,,,,,,,,2,,0,Daytona Beach,FL,1,4,,,,-5.0,"43,37","30,29"
ncaab:401808732,ncaab,2025-12-06T00:30Z,final,2377,2466,McNeese,N'Western St,92,54,,,,0,,,,,,,,,,2,,0,Lake Charles,LA,1,4,,,,-6.0,"58,34","24,30"
ncaab:401812792,ncaab,2025-12-06T00:30Z,final,41,2837,UConn,East Texas A&M,83,59,,,,0,,,,,,,,,,2,,0,Storrs,CT,1,,,,,,"38,45","27,32"
ncaab:401819847,ncaab,2025-12-06T00:30Z,final,2752,2132,Xavier,Cincinnati,79,74,-111,-108,,0,-118,-102,0.5,-115,-105,,,,,2,,0,Cincinnati,OH,1,191,,,,-5.0,"37,42","37,37"
ncaab:401823519,ncaab,2025-12-06T00:30Z,final,2678,111180,VMI,Christendom,89,36,,,,0,,,,,,,,,,2,,0,Lexington,VA,1,324,,,,-5.0,"49,40","18,18"
ncaab:401826875,ncaab,2025-12-06T00:30Z,final,2181,5,Drake,UAB,69,74,-138,114,,0,-135,114,-2.5,-115,-105,,,,,2,,0,Des Moines,IA,1,266,,,,-6.0,"32,37","33,41"
ncaab:401827756,ncaab,2025-12-06T00:30Z,final,2199,128438,E Michigan,Cleary,86,48,,,,0,,,,,,,,,,2,,0,Ypsilanti,MI,1,,,,,,"44,42","23,25"
ncaab:401812254,ncaab,2025-12-06T01:00Z,final,2628,87,TCU,Notre Dame,85,87,-310,260,,0,-295,235,-7.0,-110,-110,,,,,2,,0,Fort Worth,TX,1,199,,,,-6.0,"45,31,9","36,40,11"
ncaab:401824113,ncaab,2025-12-06T03:00Z,final,23,301,San José St,San Diego,86,69,-325,260,,0,-320,255,-6.5,-115,-105,,,,,2,,0,San Jose,CA,1,,,,,,"52,34","34,35"
ncaab:401809081,ncaab,2025-12-06T17:00Z,final,2083,2378,Bucknell,UMBC,66,73,-135,114,,0,-160,132,-2.0,-108,-112,,,,,2,,0,Lewisburg,PA,1,144,,,,-5.0,"26,40","25,48"
ncaab:401809420,ncaab,2025-12-06T17:00Z,final,2390,2572,Miami,Southern Miss,88,64,-4765,1548,,0,-7000,2000,-19.5,-105,-115,,,,,2,,0,Coral Gables,FL,1,3,,,,-5.0,"34,54","34,30"
ncaab:401813441,ncaab,2025-12-06T17:00Z,final,258,2168,Virginia,Dayton,86,73,-230,190,,1,-265,215,-5.5,-105,-115,,,,,2,,0,Charlotte,NC,1,229,,,,-5.0,"37,49","33,40"
ncaab:401817169,ncaab,2025-12-06T17:00Z,final,2507,227,Providence,Rhode Island,90,71,-345,272,,0,-375,290,-7.5,-110,-110,,,,,2,,0,Providence,RI,1,2,,,,-5.0,"41,49","37,34"
ncaab:401817215,ncaab,2025-12-06T17:00Z,final,103,2441,Boston College,New Haven,67,63,-2800,1300,,0,-4000,1400,-17.5,-112,-108,,,,,2,,0,Chestnut Hill,MA,1,60,,,,-5.0,"23,44","33,30"
ncaab:401817235,ncaab,2025-12-06T17:00Z,final,127,150,Michigan St,Duke,60,66,-105,-115,,0,-110,-110,1.5,-122,102,,,,,2,,0,East Lansing,MI,1,261,,,,-5.0,"34,26","31,35"
ncaab:401819877,ncaab,2025-12-06T17:00Z,final,2509,66,Purdue,Iowa State,58,81,-220,182,,0,-220,180,-4.5,-108,-112,,,,,2,,0,West Lafayette,IN,1,,,,,,"31,27","35,46"
ncaab:401824865,ncaab,2025-12-06T17:00Z,final,59,2405,Georgia Tech,Monmouth,79,67,-485,370,,0,-580,420,-9.0,-112,-108,,,,,2,,0,Atlanta,GA,1,320,,,,-5.0,"32,47","31,36"
ncaab:401817177,ncaab,2025-12-06T17:30Z,final,257,295,Richmond,Old Dominion,86,77,-1100,665,,0,-900,590,-12.5,-112,-108,,,,,2,,0,Richmond,VA,1,,,,,,"35,51","36,41"
ncaab:401817257,ncaab,2025-12-06T18:00Z,final,152,2427,NC State,UNC Asheville,75,63,,,,0,,,,,,,,,,2,,0,Raleigh,NC,1,,,,,,"35,40","33,30"
ncaab:401820629,ncaab,2025-12-06T18:00Z,final,193,311,Miami OH,Maine,93,61,-2800,1100,,0,-3500,1280,-17.5,-111,-109,,,,,2,,0,Oxford,OH,1,283,,,,-5.0,"48,45","30,31"
ncaab:401823422,ncaab,2025-12-06T18:00Z,final,189,3084,Bowling Green,Utah Valley,71,82,-100,-119,,0,-110,-110,1.5,-118,-102,,,,,2,,0,Bowling Green,OH,1,212,,,,-5.0,"31,40","38,44"
ncaab:401831529,ncaab,2025-12-06T18:00Z,final,2681,131603,Wagner,Bryant Str-Alb,92,36,,,,0,,,,,,,,,,2,,0,Staten Island,NY,1,,,,,,"43,49","13,23"
ncaab:401812609,ncaab,2025-12-06T19:00Z,final,231,108,Furman,Harvard,79,69,-274,222,,0,-320,255,-6.5,-108,-112,,,,,2,,0,Greenville,SC,1,307,,,,-5.0,"37,42","30,39"
ncaab:401812668,ncaab,2025-12-06T19:00Z,final,2230,107,Fordham,Holy Cross,69,70,-575,455,,0,-440,340,-10.5,-115,-105,,,,,2,,0,Bronx,NY,1,28,,,,-5.0,"37,32","28,42"
ncaab:401813452,ncaab,2025-12-06T19:00Z,final,2184,2619,Duquesne,Stony Brook,84,75,-520,410,,0,-550,400,-10.5,-116,-115,,,,,2,,0,Pittsburgh,PA,1,233,,,,-5.0,"40,44","28,47"
ncaab:401817202,ncaab,2025-12-06T19:00Z,final,2084,179,Buffalo,St Bonaventure,69,77,,,,0,,,,,,,,,,2,,0,Buffalo,NY,1,183,,,,-5.0,"32,37","38,39"
ncaab:401817506,ncaab,2025-12-06T19:00Z,final,2870,94,Purdue FW,N Kentucky,79,77,-116,-104,,0,-115,-105,-1.5,-111,-111,,,,,2,,0,Fort Wayne,IN,1,247,,,,-5.0,"29,50","44,33"
ncaab:401817507,ncaab,2025-12-06T19:00Z,final,325,2174,Cleveland St,Detroit Mercy,59,71,-115,-105,,0,-155,130,-1.0,-110,-110,,,,,2,,0,Cleveland,OH,1,199,,,,-5.0,"31,28","36,35"
ncaab:401817508,ncaab,2025-12-06T19:00Z,final,85,2754,IU Indy,Youngstown St,55,78,255,-324,,0,320,-400,6.5,-111,-110,,,,,2,,0,Indianapolis,IN,1,218,,,,-5.0,"30,25","42,36"
ncaab:401820828,ncaab,2025-12-06T19:00Z,final,2086,68,Butler,Boise St,68,77,-192,160,,0,-275,220,-3.5,-104,-118,,,,,2,,0,Indianapolis,IN,1,218,,,,-5.0,"31,37","33,44"
ncaab:401822763,ncaab,2025-12-06T19:00Z,final,2335,2154,Liberty,Coppin St,92,50,,,,0,,,,,,,,,,2,,0,Lynchburg,VA,1,192,,,,-5.0,"55,37","14,36"
ncaab:401823027,ncaab,2025-12-06T19:00Z,final,275,269,Wisconsin,Marquette,96,76,-800,550,,0,-710,490,-11.5,-108,-112,,,,,2,,0,Madison,WI,1,267,,,,-6.0,"43,53","31,45"
ncaab:401823041,ncaab,2025-12-06T19:00Z,final,44,2379,American,MD Eastern,78,60,,,,0,,,,,,,,,,2,,0,Washington,DC,1,,,,,,"32,46","20,40"
ncaab:401823346,ncaab,2025-12-06T19:00Z,final,2229,294,FIU,Jacksonville,88,65,,,,0,,,,,,,,,,2,,0,Miami,FL,1,2,,,,-5.0,"41,47","23,42"
ncaab:401825207,ncaab,2025-12-06T19:00Z,final,2579,56,South Carolina,Stetson,82,51,-7000,2200,,0,-7000,2000,-22.5,-105,-115,,,,,2,,0,Columbia,SC,1,89,,,,-5.0,"43,39","24,27"
ncaab:401825388,ncaab,2025-12-06T19:00Z,final,2698,2635,West Georgia,Tennessee Tech,59,87,-148,124,,0,-142,120,-2.0,-116,-104,,,,,2,,0,Carrollton,GA,1,336,,,,-5.0,"33,26","38,49"
ncaab:401825399,ncaab,2025-12-06T19:00Z,final,77,194,Northwestern,Ohio State,82,86,-122,-100,,0,-105,-115,-1.5,-112,-108,,,,,2,,0,Evanston,IL,1,187,,,,-6.0,"44,38","40,46"
ncaab:401826754,ncaab,2025-12-06T19:00Z,final,2908,2717,SC Upstate,W Carolina,78,67,,,,0,,,,,,,,,,2,,0,Spartanburg,SC,1,,,,,,"40,38","38,29"
ncaab:401826944,ncaab,2025-12-06T19:00Z,final,2506,2413,Presbyterian,Morehead St,80,72,-290,225,,0,-290,235,-7.0,-106,-113,,,,,2,,0,Clinton,SC,1,76,,,,-5.0,"39,41","42,30"
ncaab:401826970,ncaab,2025-12-06T19:00Z,final,2241,290,Gardner-Webb,GA Southern,84,88,,,,0,,,,,,,,,,2,,0,Boiling Springs,NC,1,269,,,,-5.0,"43,41","46,42"
ncaab:401827070,ncaab,2025-12-06T19:00Z,final,2737,324,Winthrop,Coastal,84,88,-1600,900,,0,-850,575,-15.5,-105,-115,,,,,2,,0,Rock Hill,SC,1,,,,,,"44,40","45,43"
ncaab:401828305,ncaab,2025-12-06T19:00Z,final,2169,48,Delaware St,Delaware,75,72,310,-410,,0,295,-375,7.5,-109,-111,,,,,2,,0,Dover,DE,1,9,,,,-5.0,"28,37,10","28,37,7"
ncaab:401828722,ncaab,2025-12-06T19:00Z,final,256,2450,James Madison,Norfolk St,68,67,-485,400,,0,-360,285,-10.5,-110,-110,,,,,2,,0,Harrisonburg,VA,1,404,,,,-5.0,"35,33","32,35"
ncaab:401829275,ncaab,2025-12-06T19:00Z,final,2565,2711,SIUE,W Michigan,73,83,,,,0,,,,,,,,,,2,,0,Edwardsville,IL,1,165,,,,-6.0,"28,45","36,47"
ncaab:401829405,ncaab,2025-12-06T19:00Z,final,2142,374,Colgate,St John Fisher,94,50,,,,0,,,,,,,,,,2,,0,Hamilton,NY,1,181,,,,-5.0,"46,48","28,22"
ncaab:401830634,ncaab,2025-12-06T19:00Z,final,2710,533,W Illinois,Han LaGrange,78,47,,,,0,,,,,,,,,,2,,0,Macomb,IL,1,215,,,,-6.0,"32,46","22,25"
ncaab:401831238,ncaab,2025-12-06T19:00Z,final,2325,2182,La Salle,Drexel,69,64,-108,-112,,0,-100,-120,1.5,-122,105,,,,,2,,0,Philadelphia,PA,1,12,,,,-5.0,"41,28","22,42"
ncaab:401817246,ncaab,2025-12-06T19:15Z,final,97,84,Louisville,Indiana,87,78,,,,1,,,,,,,,,,2,,0,Indianapolis,IN,1,218,,,,-5.0,"41,46","27,51"
ncaab:401817160,ncaab,2025-12-06T19:30Z,final,2350,163,Loyola Chicago,Princeton,73,68,-258,210,,0,-265,215,-5.5,-119,-102,,,,,2,,0,Chicago,IL,1,179,,,,-6.0,"30,43","28,40"
ncaab:401817523,ncaab,2025-12-06T20:00Z,final,259,2244,Virginia Tech,George Mason,73,62,-180,150,,0,-205,168,-4.5,-105,-115,,,,,2,,0,Blacksburg,VA,1,633,,,,-5.0,"43,30","30,32"
ncaab:401822336,ncaab,2025-12-06T20:00Z,final,2674,502,Valparaiso,Calumet,98,58,,,,0,,,,,,,,,,2,,0,Valparaiso,IN,1,,,,,,"53,45","30,28"
ncaab:401823220,ncaab,2025-12-06T20:00Z,final,93,91,Murray St,Bellarmine,81,68,-1650,1100,,0,-2100,1000,-16.5,-111,-109,,,,,2,,0,Murray,KY,1,163,,,,-6.0,"47,34","34,34"
ncaab:401823327,ncaab,2025-12-06T20:00Z,final,202,2623,Tulsa,Missouri St,98,74,-383,280,,0,-800,540,-8.5,-110,-120,,,,,2,,0,Tulsa,OK,1,,,,,,"48,50","32,42"
ncaab:401823471,ncaab,2025-12-06T20:00Z,final,2473,2649,Oakland,Toledo,98,97,-185,154,,0,-170,140,-4.5,-105,-115,,,,,2,,0,Rochester,MI,1,,,,,,"45,53","48,49"
ncaab:401823569,ncaab,2025-12-06T20:00Z,final,2571,70,S Dakota St,Idaho,81,84,,,,0,,,,,,,,,,2,,0,Brookings,SD,1,494,,,,-6.0,"44,37","41,43"
ncaab:401828341,ncaab,2025-12-06T20:00Z,final,338,2247,Kennesaw St,Georgia St,92,69,-1350,824,,0,-1100,700,-14.5,-110,-110,,,,,2,,0,Kennesaw,GA,1,332,,,,-5.0,"43,49","28,41"
ncaab:401808918,ncaab,2025-12-06T21:00Z,final,2447,2916,Nicholls,Incarnate Word,74,67,-108,-112,,0,-105,-115,1.5,-118,-101,,,,,2,,0,Thibodaux,LA,1,,,,,,"34,40","33,34"
ncaab:401813279,ncaab,2025-12-06T21:00Z,final,2415,2344,Morgan St,Longwood,80,84,220,-270,,0,180,-218,6.0,-105,-114,,,,,2,,0,Baltimore,MD,1,10,,,,-5.0,"38,42","42,42"
ncaab:401819894,ncaab,2025-12-06T21:00Z,final,2306,2550,Kansas St,Seton Hall,67,78,-148,124,,0,-220,180,-2.5,-110,-110,,,,,2,,0,Manhattan,KS,1,311,,,,-6.0,"29,38","35,43"
ncaab:401820601,ncaab,2025-12-06T21:00Z,final,2655,2006,Tulane,Akron,71,88,235,-290,,0,290,-375,6.5,-112,-108,,,,,2,,0,New Orleans,LA,1,0,,,,-6.0,"34,37","42,46"
ncaab:401820610,ncaab,2025-12-06T21:00Z,final,2066,2330,Binghamton,Le Moyne,63,78,124,-148,,0,110,-130,2.5,-108,-112,,,,,2,,0,Binghamton,NY,1,264,,,,-5.0,"25,38","37,41"
ncaab:401820812,ncaab,2025-12-06T21:00Z,final,151,2430,East Carolina,UNC Greensboro,78,82,-305,245,,0,-230,190,-7.5,-107,-112,,,,,2,,0,Greenville,NC,1,18,,,,-5.0,"33,45","41,41"
ncaab:401823017,ncaab,2025-12-06T21:00Z,final,2309,128531,Kent State,Roberts Wslyn,111,68,,,,0,,,,,,,,,,2,,0,Kent,OH,1,325,,,,-5.0,"52,59","29,39"
ncaab:401823363,ncaab,2025-12-06T21:00Z,final,98,339,Western KY,Evansville,80,79,-850,575,,0,-850,575,-12.5,-106,-114,,,,,2,,0,Bowling Green,KY,1,161,,,,-6.0,"36,44","32,47"
ncaab:401823528,ncaab,2025-12-06T21:00Z,final,2000,166,Abilene Chrstn,New Mexico St,77,69,105,-125,,0,130,-155,1.5,-110,-110,,,,,2,,0,Abilene,TX,1,524,,,,-6.0,"35,42","27,42"
ncaab:401823595,ncaab,2025-12-06T21:00Z,final,309,350,Louisiana,UNC Wilmington,63,70,650,-1000,,0,600,-900,12.5,-110,-110,,,,,2,,0,Lafayette,LA,1,11,,,,-6.0,"38,25","39,31"
ncaab:401823761,ncaab,2025-12-06T21:00Z,final,2751,159,Wyoming,Dartmouth,93,80,-1465,950,,0,-1600,900,-15.5,-115,-105,,,,,2,,0,Laramie,WY,1,2184,,,,-7.0,"39,54","40,40"
ncaab:401825398,ncaab,2025-12-06T21:00Z,final,2294,120,Iowa,Maryland,83,64,-625,452,,0,-580,420,-10.5,-112,-108,,,,,2,,0,Iowa City,IA,1,204,,,,-6.0,"44,39","30,34"
ncaab:401825400,ncaab,2025-12-06T21:00Z,final,130,164,Michigan,Rutgers,101,60,-10000,2500,,0,-10000,2800,-25.5,-105,-115,,,,,2,,0,Ann Arbor,MI,1,269,,,,-5.0,"50,51","25,35"
ncaab:401826764,ncaab,2025-12-06T21:00Z,final,113,2349,UMass,UMass Lowell,80,60,,,,0,,,,,,,,,,2,,0,Amherst,MA,1,82,,,,-5.0,"42,38","32,28"
ncaab:401826791,ncaab,2025-12-06T21:00Z,final,8,278,Arkansas,Fresno St,82,58,-3557,1300,,0,-2800,1160,-19.5,-110,-110,,,,,2,,0,North Little Rock,AR,1,81,,,,-6.0,"34,48","24,34"
ncaab:401827043,ncaab,2025-12-06T21:00Z,final,2504,3134,Prairie View,Champ Chrstn,124,62,,,,0,,,,,,,,,,2,,0,Prairie View,TX,1,82,,,,-6.0,"63,61","33,29"
ncaab:401827263,ncaab,2025-12-06T21:00Z,final,195,276,Ohio,Marshall,88,81,-170,142,,0,-155,130,-3.5,-110,-110,,,,,2,,0,Athens,OH,1,219,,,,-5.0,"40,48","34,47"
ncaab:401827519,ncaab,2025-12-06T21:00Z,final,2747,2210,Wofford,Elon,52,73,-192,160,,0,-165,140,-4.0,-110,-110,,,,,2,,0,Spartanburg,SC,1,,,,,,"15,37","50,23"
ncaab:401827528,ncaab,2025-12-06T21:00Z,final,2428,2448,NC Central,NC A&T,54,69,,,,0,,,,,,,,,,2,,0,Durham,NC,1,123,,,,-5.0,"35,19","26,43"
ncaab:401828546,ncaab,2025-12-06T21:00Z,final,2198,3138,E Kentucky,IU East,122,67,,,,0,,,,,,,,,,2,,0,Richmond,KY,1,,,,,,"52,70","31,36"
ncaab:401819829,ncaab,2025-12-06T21:30Z,final,235,239,Memphis,Baylor,78,71,136,-162,,0,105,-126,3.5,-118,-104,,,,,2,,0,Memphis,TN,1,78,,,,-6.0,"37,41","34,37"
ncaab:401827211,ncaab,2025-12-06T21:30Z,final,2653,548,Troy,LaGrange,101,47,,,,0,,,,,,,,,,2,,0,Troy,AL,1,,,,,,"60,41","17,30"
ncaab:401829350,ncaab,2025-12-06T21:30Z,final,236,2546,Chattanooga,SE Missouri,70,74,,,,0,,,,,,,,,,2,,0,Chattanooga,TN,1,206,,,,-5.0,"46,24","44,30"
ncaab:401831239,ncaab,2025-12-06T21:30Z,final,218,2603,Temple,Saint Joseph's,69,70,-135,114,,1,-155,130,-1.5,-118,-102,,,,,2,,0,Philadelphia,PA,1,12,,,,-5.0,"25,44","33,37"
ncaab:401812360,ncaab,2025-12-06T22:00Z,final,2329,112358,Lehigh,Long Island,82,87,,,,0,,,,,,,,,,2,,0,Bethlehem,PA,1,109,,,,-5.0,"30,52","39,48"
ncaab:401817225,ncaab,2025-12-06T22:00Z,final,25,279,California,Pacific,67,61,-412,317,,0,-750,520,-7.5,-112,-108,,,,,2,,0,Berkeley,CA,1,52,,,,-8.0,"36,31","27,34"
ncaab:401818555,ncaab,2025-12-06T22:00Z,final,225,111948,Brown,Elms,115,34,,,,0,,,,,,,,,,2,,0,Providence,RI,1,2,,,,-5.0,"63,52","19,15"
ncaab:401819867,ncaab,2025-12-06T22:00Z,final,36,38,Colorado St,Colorado,91,86,-130,110,,0,-156,130,-1.5,-115,-105,,,,,2,,0,Fort Collins,CO,1,1525,,,,-7.0,"48,43","41,45"
ncaab:401823355,ncaab,2025-12-06T22:00Z,final,2640,2534,Texas Southern,Sam Houston,70,82,260,-340,,0,220,-270,7.5,-115,-105,,,,,2,,0,Houston,TX,1,12,,,,-6.0,"29,41","43,39"
ncaab:401823505,ncaab,2025-12-06T22:00Z,final,331,140,E Washington,Kansas City,90,66,,,,0,,,,,,,,,,2,,0,Cheney,WA,1,717,,,,-8.0,"47,43","28,38"
ncaab:401823547,ncaab,2025-12-06T22:00Z,final,204,253,Oregon St,Southern Utah,81,70,-756,524,,0,-1100,700,-10.5,-115,-105,,,,,2,,0,Corvallis,OR,1,71,,,,-8.0,"45,36","30,40"
ncaab:401824073,ncaab,2025-12-06T22:00Z,final,2492,261,Pepperdine,Vermont,56,65,105,-125,,0,110,-130,1.5,-112,-108,,,,,2,,0,Malibu,CA,1,32,,,,-8.0,"28,28","26,39"
ncaab:401826924,ncaab,2025-12-06T22:00Z,final,2502,2437,Portland St,Omaha,55,60,-750,525,,0,-500,375,-12.5,-112,-108,,,,,2,,0,Portland,OR,1,12,,,,-8.0,"25,30","30,30"
ncaab:401818535,ncaab,2025-12-06T22:30Z,final,171,399,Columbia,UAlbany,93,65,,,,0,,,,,,,,,,2,,0,New York,NY,1,10,,,,-5.0,"36,57","34,31"
ncaab:401831242,ncaab,2025-12-06T22:30Z,final,50,2227,Florida A&M,FL Memorial,60,58,,,,1,,,,,,,,,,2,,0,Kissimmee,FL,1,20,,,,-5.0,"32,28","29,29"
ncaab:401808899,ncaab,2025-12-06T23:00Z,final,2443,2277,LSU N Orleans,Hou Christian,76,85,,,,0,,,,,,,,,,2,,0,New Orleans,LA,1,0,,,,-6.0,"35,41","36,49"
ncaab:401817149,ncaab,2025-12-06T23:00Z,final,45,2729,G Washington,William & Mary,99,86,,,,0,,,,,,,,,,2,,0,Washington,DC,1,,,,,,"53,46","52,34"
ncaab:401817534,ncaab,2025-12-06T23:00Z,final,277,154,West Virginia,Wake Forest,66,75,-149,124,,1,-130,108,-2.5,-110,-110,,,,,2,,0,Charleston,WV,1,182,,,,-5.0,"34,32","34,41"
ncaab:401824856,ncaab,2025-12-06T23:00Z,final,304,2172,Idaho St,Denver,93,79,-410,320,,0,-360,280,-8.5,-111,-109,,,,,2,,0,Pocatello,ID,1,1360,,,,-7.0,"43,50","37,42"
ncaab:401825401,ncaab,2025-12-06T23:00Z,final,26,2483,UCLA,Oregon,74,63,-472,350,,0,-690,480,-8.5,-105,-115,,,,,2,,0,Los Angeles,CA,1,89,,,,-8.0,"44,30","31,32"
ncaab:401825402,ncaab,2025-12-06T23:00Z,final,30,264,USC,Washington,76,84,-199,170,,0,-365,285,-4.5,-110,-110,,,,,2,,0,Los Angeles,CA,1,89,,,,-8.0,"48,28","30,54"
ncaab:401830238,ncaab,2025-12-06T23:00Z,final,47,2075,Howard,Bowie St,85,69,,,,0,,,,,,,,,,2,,0,Washington,DC,1,,,,,,"42,43","39,30"
ncaab:401809154,ncaab,2025-12-07T00:00Z,final,13,27,Cal Poly,UC Riverside,84,88,-255,205,,0,-190,160,-5.5,-108,-112,,,,,2,,0,San Luis Obispo,CA,1,,,,,,"36,48","46,42"
ncaab:401819911,ncaab,2025-12-07T00:00Z,final,254,2856,Utah,CA Baptist,91,85,,,,0,,,,,,,,,,2,,0,Salt Lake City,UT,1,,,,,,"41,50","38,47"
ncaab:401820488,ncaab,2025-12-07T00:00Z,final,2320,357,Lamar,Texas A&M-CC,49,57,-170,140,,0,-210,168,1.5,-114,-115,,,,,2,,0,Beaumont,TX,1,5,,,,-6.0,"26,23","21,36"
ncaab:401824361,ncaab,2025-12-07T00:00Z,final,160,104,New Hampshire,Boston U,88,82,195,-230,,0,194,-245,5.5,-111,-109,,,,,2,,0,Durham,NH,1,15,,,,-5.0,"33,41,14","38,36,8"
ncaab:401813293,ncaab,2025-12-07T00:30Z,final,2253,197,Grand Canyon,Oklahoma St,78,84,105,-125,,1,120,-140,1.5,-110,-110,,,,,2,,0,Phoenix,AZ,1,331,,,,-7.0,"39,39","42,42"
ncaab:401831240,ncaab,2025-12-07T00:30Z,final,222,219,Villanova,Penn,90,63,-3297,1393,,0,-6600,1650,-19.5,-110,-110,,,,,2,,0,Philadelphia,PA,1,12,,,,-5.0,"44,46","29,34"
ncaab:401806343,ncaab,2025-12-07T01:00Z,final,2197,2815,E Illinois,Lindenwood,74,82,,,,0,,,,,,,,,,2,,0,Charleston,IL,1,204,,,,-6.0,"41,33","34,48"
ncaab:401811099,ncaab,2025-12-07T01:00Z,final,2633,356,Tennessee,Illinois,62,75,-134,112,,1,-152,126,-1.5,-116,-105,,,,,2,,0,Nashville,TN,1,170,,,,-6.0,"34,28","32,43"
ncaab:401811110,ncaab,2025-12-07T01:00Z,final,2458,233,N Colorado,South Dakota,89,87,-535,377,,0,-600,450,-8.5,-110,-110,,,,,2,,0,Greeley,CO,1,1425,,,,-7.0,"45,36,8","40,41,6"
ncaab:401813260,ncaab,2025-12-07T01:00Z,final,2287,2130,Illinois St,Chicago St,95,53,-6500,1700,,0,-8000,1800,-20.5,-113,-107,,,,,2,,0,Normal,IL,1,244,,,,-6.0,"45,50","13,40"
ncaab:401817509,ncaab,2025-12-07T01:00Z,final,270,2523,Milwaukee,Robert Morris,74,72,-210,173,,0,-180,150,-4.5,-115,-105,,,,,2,,0,Milwaukee,WI,1,188,,,,-6.0,"34,40","41,31"
ncaab:401820547,ncaab,2025-12-07T01:00Z,final,2460,2724,Northern Iowa,Wichita St,69,74,-115,-105,,0,-180,150,-1.5,-105,-115,,,,,2,,0,Cedar Falls,IA,1,268,,,,-6.0,"28,31,10","35,24,15"
ncaab:401823465,ncaab,2025-12-07T01:00Z,final,71,2459,Bradley,N Illinois,84,55,-2800,1200,,0,-1300,800,-18.5,-108,-112,,,,,2,,0,Peoria,IL,1,153,,,,-6.0,"39,45","26,29"
ncaab:401824813,ncaab,2025-12-07T01:00Z,final,248,52,Houston,Florida St,82,67,-1100,700,,1,-2800,1160,-12.5,-112,-108,,,,,2,,0,Houston,TX,1,12,,,,-6.0,"41,41","33,34"
ncaab:401825581,ncaab,2025-12-07T01:00Z,final,198,147,Oral Roberts,Montana St,72,68,240,-301,,0,190,-230,6.5,-105,-115,,,,,2,,0,Tulsa,OK,1,,,,,,"22,50","42,26"
ncaab:401825593,ncaab,2025-12-07T01:00Z,final,2449,2464,N Dakota St,N Arizona,69,68,,,,0,,,,,,,,,,2,,0,Fargo,ND,1,276,,,,-6.0,"30,39","22,46"
ncaab:401826916,ncaab,2025-12-07T01:00Z,final,2599,145,St John's,Ole Miss,63,58,,,,0,,,,,,,,,,2,,0,New York,NY,1,10,,,,-5.0,"33,30","25,33"
ncaab:401828293,ncaab,2025-12-07T01:00Z,final,155,149,North Dakota,Montana,75,79,185,-225,,0,230,-280,5.5,-112,-107,,,,,2,,0,Grand Forks,ND,1,253,,,,-6.0,"39,36","33,46"
ncaab:401809085,ncaab,2025-12-07T02:00Z,final,299,28,Long Beach St,UC San Diego,74,80,340,-460,,0,500,-700,8.5,-110,-110,,,,,2,,0,Long Beach,CA,1,9,,,,-8.0,"30,44","34,46"
ncaab:401823737,ncaab,2025-12-07T02:00Z,final,2540,2934,Santa Barbara,Bakersfield,109,84,-850,590,,0,-800,550,-12.5,-108,-112,,,,,2,,0,Santa Barbara,CA,1,,,,,,"51,58","36,48"
ncaab:401824122,ncaab,2025-12-07T02:00Z,final,167,2541,New Mexico,Santa Clara,98,71,-103,-116,,0,110,-130,1.0,-110,-110,,,,,2,,0,Albuquerque,NM,1,1511,,,,-7.0,"45,53","36,35"
ncaab:401825574,ncaab,2025-12-07T02:00Z,final,305,2029,DePaul,AR-Pine Bluff,76,72,,,,0,,,,,,,,,,2,,0,Chicago,IL,1,179,,,,-6.0,"28,48","37,35"
ncaab:401825189,ncaab,2025-12-07T02:33Z,final,2031,2032,Little Rock,Arkansas St,78,90,372,-492,,0,280,-360,9.5,-108,-112,,,,,2,,0,Little Rock,AR,1,102,,,,-6.0,"39,39","46,44"
ncaab:401809106,ncaab,2025-12-07T03:00Z,final,300,2463,UC Irvine,CSU Northridge,85,71,,,,0,,,,,,,,,,2,,0,Irvine,CA,1,17,,,,-8.0,"37,48","41,30"
ncaab:401819819,ncaab,2025-12-07T03:00Z,final,9,201,Arizona St,Oklahoma,86,70,210,-258,,1,195,-240,5.5,-105,-115,,,,,2,,0,Phoenix,AZ,1,331,,,,-7.0,"47,39","28,42"
ncaab:401823480,ncaab,2025-12-07T03:00Z,final,12,2,Arizona,Auburn,97,68,-600,452,,0,-410,315,-11.5,-107,-112,,,,,2,,0,Tucson,AZ,1,,,,,,"44,53","32,36"
ncaab:401809139,ncaab,2025-12-07T04:59Z,final,62,2239,Hawai'i,Fullerton,69,59,,,,0,,,,,,,,,,2,,0,Honolulu,HI,1,5,,,,-10.0,"39,30","25,34"
ncaab:401820157,ncaab,2025-12-07T17:00Z,final,2426,2005,Navy,Air Force,61,56,-520,390,,0,-520,390,-9.5,-109,-111,,,,,2,,0,Annapolis,MD,1,12,,,,-5.0,"24,37","25,31"
ncaab:401826816,ncaab,2025-12-07T17:00Z,final,349,417,Army,Gallaudet,111,53,,,,0,,,,,,,,,,2,,0,West Point,NY,1,,,,,,"46,65","27,26"
ncaab:401812650,ncaab,2025-12-07T18:00Z,final,111,2115,Northeastern,C Connecticut,73,56,,,,0,,,,,,,,,,2,,0,Boston,MA,1,14,,,,-5.0,"35,38","21,35"
ncaab:401819885,ncaab,2025-12-07T18:00Z,final,2305,142,Kansas,Missouri,80,60,-265,215,,1,-160,132,-5.5,-115,-105,,,,,2,,0,Kansas City,MO,1,274,,,,-6.0,"33,47","25,35"
ncaab:401823192,ncaab,2025-12-07T18:00Z,final,2771,2217,Merrimack,Fairfield,74,63,-187,152,,0,-162,136,-3.5,-112,-108,,,,,2,,0,North Andover,MA,1,29,,,,-5.0,"39,35","30,33"
ncaab:401826956,ncaab,2025-12-07T18:00Z,final,2900,2692,St Thomas,Weber St,88,65,,,,0,,,,,,,,,,2,,0,Saint Paul,MN,1,,,,,,"47,41","23,42"
ncaab:401829354,ncaab,2025-12-07T18:00Z,final,282,88,Indiana St,S Indiana,77,55,,,,0,,,,,,,,,,2,,0,Terre Haute,IN,1,,,,,,"35,42","27,28"
ncaab:401812265,ncaab,2025-12-07T19:00Z,final,333,2636,Alabama,UTSA,97,55,,,,0,,,,,,,,,,2,,0,Tuscaloosa,AL,1,,,,,,"56,41","17,38"
ncaab:401813309,ncaab,2025-12-07T19:00Z,final,2368,2363,Marist,Manhattan,80,68,-342,272,,0,-400,320,-7.5,-110,-110,,,,,2,,0,Poughkeepsie,NY,1,62,,,,-5.0,"33,47","33,35"
ncaab:401813354,ncaab,2025-12-07T19:00Z,final,2561,2099,Siena,Canisius,74,52,-2400,1100,,0,-2200,1100,-17.5,-110,-112,,,,,2,,0,Albany,NY,1,45,,,,-5.0,"41,33","23,29"
ncaab:401813381,ncaab,2025-12-07T19:00Z,final,2612,315,Saint Peter's,Niagara,71,43,,,,0,,,,,,,,,,2,,0,Jersey City,NJ,1,9,,,,-5.0,"32,39","19,24"
ncaab:401818305,ncaab,2025-12-07T19:00Z,final,43,82,Yale,UIC,80,66,-991,612,,0,-1100,700,-12.5,-110,-110,,,,,2,,0,New Haven,CT,1,18,,,,-5.0,"35,45","32,34"
ncaab:401820214,ncaab,2025-12-07T19:00Z,final,2385,2062,Mercyhurst,Bethany (WV),80,51,,,,0,,,,,,,,,,2,,0,Erie,PA,1,199,,,,-5.0,"45,35","22,29"
ncaab:401820583,ncaab,2025-12-07T19:00Z,final,2514,2520,Quinnipiac,Rider,72,58,-1350,800,,0,-1800,880,-14.5,-105,-115,,,,,2,,0,Hamden,CT,1,31,,,,-5.0,"38,34","20,38"
ncaab:401820802,ncaab,2025-12-07T19:00Z,final,2429,328,Charlotte,Utah State,53,79,445,-637,,0,400,-550,10.5,-110,-110,,,,,2,,0,Charlotte,NC,1,229,,,,-5.0,"30,23","44,35"
ncaab:401823233,ncaab,2025-12-07T19:00Z,final,526,2226,FGCU,FAU,76,81,,,,0,,,,,,,,,,2,,0,Fort Myers,FL,1,3,,,,-5.0,"37,39","36,45"
ncaab:401823490,ncaab,2025-12-07T19:00Z,final,2382,2476,Mercer,Oglethorpe,100,50,,,,0,,,,,,,,,,2,,0,Macon,GA,1,112,,,,-5.0,"57,43","26,24"
ncaab:401823726,ncaab,2025-12-07T19:00Z,final,2529,314,Sacred Heart,Iona,69,81,-116,-103,,0,-110,-110,-1.5,105,-122,,,,,2,,0,Fairfield,CT,1,4,,,,-8.0,"32,37","36,45"
ncaab:401824892,ncaab,2025-12-07T19:00Z,final,2193,2839,ETSU,Tusculum,78,62,,,,0,,,,,,,,,,2,,0,Johnson City,TN,1,498,,,,-5.0,"35,43","23,39"
ncaab:401828644,ncaab,2025-12-07T19:00Z,final,2166,2608,Davidson,Saint Mary's,61,70,320,-407,,0,350,-450,8.5,-108,-112,,,,,2,,0,Davidson,NC,1,256,,,,-5.0,"24,37","27,43"
ncaab:401830122,ncaab,2025-12-07T19:00Z,final,292,2046,UT Rio Grande,Austin Peay,63,50,,,,0,,,,,,,,,,2,,0,Edinburg,TX,1,30,,,,-6.0,"31,32","30,20"
ncaab:401812385,ncaab,2025-12-07T19:30Z,final,2515,2598,Radford,Saint Francis,89,56,,,,0,,,,,,,,,,2,,0,Radford,VA,1,,,,,,"45,44","32,24"
ncaab:401817189,ncaab,2025-12-07T20:00Z,final,139,2117,Saint Louis,C Michigan,107,65,,,,0,,,,,,,,,,2,,0,St. Louis,MO,1,,,,,,"52,55","32,33"
ncaab:401819902,ncaab,2025-12-07T20:00Z,final,2641,99,Texas Tech,LSU,82,58,-231,192,,1,-198,164,-5.5,-110,-110,,,,,2,,0,Fort Worth,TX,1,199,,,,-6.0,"47,35","26,32"
ncaab:401826902,ncaab,2025-12-07T20:00Z,final,2348,3120,Louisiana Tech,Ecclesia,89,37,,,,0,,,,,,,,,,2,,0,Ruston,LA,1,,,,,,"40,49","11,26"
ncaab:401827156,ncaab,2025-12-07T20:00Z,final,2630,2011,UT Martin,Alabama St,74,64,,,,0,,,,,,,,,,2,,0,Martin,TN,1,124,,,,-6.0,"30,44","35,29"
ncaab:401829449,ncaab,2025-12-07T20:00Z,final,2617,2433,SF Austin,UL Monroe,96,76,,,,0,,,,,,,,,,2,,0,Nacogdoches,TX,1,92,,,,-6.0,"47,49","37,39"
ncaab:401817448,ncaab,2025-12-07T21:00Z,final,221,2275,Pitt,Hofstra,73,80,-410,330,,0,-425,325,-8.5,-112,-108,,,,,2,,0,Pittsburgh,PA,1,233,,,,-5.0,"23,50","36,44"
ncaab:401817471,ncaab,2025-12-07T21:00Z,final,24,2439,Stanford,UNLV,74,75,-516,367,,0,-550,400,-9.5,-105,-115,,,,,2,,0,Stanford,CA,1,,,,,,"39,35","38,37"
ncaab:401823423,ncaab,2025-12-07T21:00Z,final,189,486,Bowling Green,Aquinas,131,50,,,,0,,,,,,,,,,2,,0,Bowling Green,OH,1,212,,,,-5.0,"71,60","26,24"
ncaab:401824828,ncaab,2025-12-07T21:00Z,final,2116,119,UCF,Towson,86,61,-440,345,,0,-450,350,-9.5,-105,-115,,,,,2,,0,Orlando,FL,1,30,,,,-5.0,"47,39","27,34"
ncaab:401826730,ncaab,2025-12-07T21:00Z,final,344,2539,Mississippi St,San Francisco,62,65,-192,160,,1,-230,190,-4.5,-105,-115,,,,,2,,0,Tupelo,MS,1,,,,,,"22,40","30,35"
ncaab:401828298,ncaab,2025-12-07T21:00Z,final,2097,3229,Campbell,VA Lynchburg,149,62,,,,0,,,,,,,,,,2,,0,Buies Creek,NC,1,63,,,,-5.0,"75,74","21,41"
ncaab:401808934,ncaab,2025-12-07T21:30Z,final,2545,2466,SE Louisiana,N'Western St,68,76,,,,0,,,,,,,,,,2,,0,Hammond,LA,1,13,,,,-6.0,"29,39","25,51"
ncaab:401811972,ncaab,2025-12-07T21:30Z,final,2393,2057,MTSU,Belmont,62,83,,,,0,,,,,,,,,,2,,0,Murfreesboro,TN,1,186,,,,-6.0,"31,31","35,48"
ncaab:401817268,ncaab,2025-12-07T22:00Z,final,153,46,North Carolina,Georgetown,81,61,-650,500,,0,-800,540,-10.5,-115,-105,,,,,2,,0,Chapel Hill,NC,1,148,,,,-5.0,"44,37","39,22"
ncaab:401817460,ncaab,2025-12-07T22:00Z,final,2567,245,SMU,Texas A&M,93,80,,,,1,,,,,,,,,,2,,0,Arlington,TX,1,184,,,,-6.0,"41,36,16","27,50,3"
ncaab:401817510,ncaab,2025-12-07T22:00Z,final,2750,2739,Wright St,Green Bay,86,58,-297,232,,0,-370,290,-6.5,-109,-111,,,,,2,,0,Dayton,OH,1,225,,,,-5.0,"40,46","34,24"
ncaab:401820835,ncaab,2025-12-07T22:00Z,final,158,156,Nebraska,Creighton,71,50,-225,185,,0,-192,160,-5.5,-105,-115,,,,,2,,0,Lincoln,NE,1,367,,,,-6.0,"33,38","19,31"
ncaab:401824139,ncaab,2025-12-07T22:00Z,final,265,2440,Washington St,Nevada,64,78,-127,107,,0,136,-162,-1.5,-118,-102,,,,,2,,0,Pullman,WA,1,717,,,,-8.0,"32,32","31,47"
ncaab:401824953,ncaab,2025-12-07T22:00Z,final,288,2010,Lipscomb,Alabama A&M,92,58,-575,425,,0,-425,330,-11.0,-111,-109,,,,,2,,0,Nashville,TN,1,170,,,,-6.0,"35,57","28,30"
ncaab:401828312,ncaab,2025-12-07T22:00Z,final,55,2040,Jax State,AU Montgomery,66,39,,,,0,,,,,,,,,,2,,0,Jacksonville,AL,1,216,,,,-6.0,"32,34","23,16"
ncaab:401812255,ncaab,2025-12-07T22:30Z,final,249,2628,North Texas,TCU,55,65,345,-470,,0,300,-385,9.5,-115,-105,,,,,2,,0,Fort Worth,TX,1,199,,,,-6.0,"37,18","31,34"
ncaab:401827000,ncaab,2025-12-07T22:30Z,final,2627,2096,Tarleton St,Cameron,93,63,,,,0,,,,,,,,,,2,,0,Stephenville,TX,1,,,,,,"53,40","23,40"
ncaab:401824939,ncaab,2025-12-07T23:00Z,final,2837,2110,East Texas A&M,C Arkansas,75,68,,,,0,,,,,,,,,,2,,0,Commerce,TX,1,169,,,,-6.0,"32,43","35,33"
ncaab:401829434,ncaab,2025-12-08T00:00Z,final,2535,172,Samford,Cornell,93,90,-149,124,,0,110,-130,-2.5,-115,-105,,,,,2,,0,Homewood,AL,1,203,,,,-6.0,"42,51","50,40"
ncaab:401824129,ncaab,2025-12-08T01:00Z,final,2547,2638,Seattle U,UTEP,75,68,-850,575,,0,-600,450,-12.5,-110,-110,,,,,2,,0,Seattle,WA,1,,,,,,"37,38","31,37"
ncaab:401823448,ncaab,2025-12-08T02:00Z,final,2250,2454,Gonzaga,North Florida,109,58,,,,0,,,,,,,,,,2,,0,Spokane,WA,1,,,,,,"53,56","28,30"
ncaab:401828342,ncaab,2025-12-08T17:00Z,final,338,2576,Kennesaw St,S Wesleyan,121,66,,,,0,,,,,,,,,,2,,0,Kennesaw,GA,1,332,,,,-5.0,"65,56","22,44"
ncaab:401812581,ncaab,2025-12-08T23:00Z,final,219,322,Penn,Lafayette,74,72,-375,280,,0,-295,235,-7.5,-105,-115,,,,,2,,0,Philadelphia,PA,1,12,,,,-5.0,"41,33","33,39"
ncaab:401820846,ncaab,2025-12-09T00:00Z,final,2127,2569,Charleston So,SC State,84,44,,,,0,,,,,,,,,,2,,0,Charleston,SC,1,6,,,,-5.0,"33,51","20,24"
ncaab:401808900,ncaab,2025-12-09T01:00Z,final,2443,2916,LSU N Orleans,Incarnate Word,84,83,,,,0,,,,,,,,,,2,,0,New Orleans,LA,1,0,,,,-6.0,"38,46","26,57"
ncaab:401819895,ncaab,2025-12-09T01:00Z,final,2306,2400,Kansas St,Miss Valley St,108,49,,,,0,,,,,,,,,,2,,0,Manhattan,KS,1,311,,,,-6.0,"55,53","21,28"
ncaab:401827017,ncaab,2025-12-09T01:00Z,final,251,2582,Texas,Southern,95,69,-4500,1700,,0,-7000,2000,-22.5,-108,-112,,,,,2,,0,Austin,TX,1,149,,,,-6.0,"46,49","27,42"
ncaab:401827090,ncaab,2025-12-09T01:00Z,final,2572,2755,Southern Miss,Grambling,68,60,-440,320,,0,-365,285,-8.5,-108,-112,,,,,2,,0,Hattiesburg,MS,1,52,,,,-6.0,"29,39","31,29"
ncaab:401830127,ncaab,2025-12-09T18:00Z,final,2433,2027,UL Monroe,Ark Baptist,79,69,,,,0,,,,,,,,,,2,,0,Monroe,LA,1,23,,,,-6.0,"32,47","24,45"
ncaab:401823432,ncaab,2025-12-09T22:00Z,final,2378,2084,UMBC,Buffalo,79,83,136,-162,,0,110,-130,3.0,-111,-109,,,,,2,,0,Baltimore,MD,1,10,,,,-5.0,"43,36","39,44"
ncaab:401812669,ncaab,2025-12-09T23:00Z,final,107,2517,Holy Cross,Regis College,69,47,,,,0,,,,,,,,,,2,,0,Worcester,MA,1,,,,,,"26,43","15,32"
ncaab:401820191,ncaab,2025-12-09T23:00Z,final,2678,2352,VMI,Loyola MD,86,70,130,-155,,0,-118,-102,2.5,-105,-115,,,,,2,,0,Lexington,VA,1,324,,,,-5.0,"51,35","32,38"
ncaab:401812923,ncaab,2025-12-09T23:30Z,final,252,228,BYU,Clemson,67,64,-225,185,,1,-225,185,-4.5,-112,-110,,,,,2,,0,New York,NY,1,10,,,,-5.0,"22,45","43,21"
ncaab:401823566,ncaab,2025-12-09T23:30Z,final,130,222,Michigan,Villanova,89,61,-2100,1275,,0,-2100,980,-17.5,-110,-110,,,,,2,,0,Ann Arbor,MI,1,269,,,,-5.0,"53,36","23,38"
ncaab:401824872,ncaab,2025-12-09T23:30Z,final,231,3243,Furman,Bob Jones,105,57,,,,0,,,,,,,,,,2,,0,Greenville,SC,1,307,,,,-5.0,"47,58","30,27"
ncaab:401827071,ncaab,2025-12-09T23:30Z,final,2737,2648,Winthrop,Toccoa Falls,111,62,,,,0,,,,,,,,,,2,,0,Rock Hill,SC,1,,,,,,"48,63","34,28"
ncaab:401809082,ncaab,2025-12-10T00:00Z,final,2520,2083,Rider,Bucknell,38,51,130,-155,,0,-102,-118,2.5,-103,-116,,,,,2,,0,Lawrenceville,NJ,1,37,,,,-5.0,"16,22","26,25"
ncaab:401817170,ncaab,2025-12-10T00:00Z,final,227,2377,Rhode Island,McNeese,64,66,110,-130,,0,110,-130,1.5,-107,-112,,,,,2,,0,Kingston,RI,1,75,,,,-5.0,"37,27","37,29"
ncaab:401817513,ncaab,2025-12-10T00:00Z,final,258,2379,Virginia,MD Eastern,84,60,,,,0,,,,,,,,,,2,,0,Charlottesville,VA,1,142,,,,-5.0,"46,38","32,28"
ncaab:401818536,ncaab,2025-12-10T00:00Z,final,2619,171,Stony Brook,Columbia,77,73,182,-221,,0,158,-192,4.5,-108,-112,,,,,2,,0,Stony Brook,NY,1,,,,,,"30,35,12","17,48,8"
ncaab:401819920,ncaab,2025-12-10T00:00Z,final,277,2031,West Virginia,Little Rock,90,58,-5000,2200,,0,-10000,2400,-27.5,-108,-112,,,,,2,,0,Morgantown,WV,1,271,,,,-5.0,"47,43","23,35"
ncaab:401822326,ncaab,2025-12-10T00:00Z,final,2050,2571,Ball State,S Dakota St,64,68,,,,0,,,,,,,,,,2,,0,Muncie,IN,1,284,,,,-5.0,"40,24","39,29"
ncaab:401822395,ncaab,2025-12-10T00:00Z,final,2815,510,Lindenwood,Culver Stock,110,44,,,,0,,,,,,,,,,2,,0,Saint Charles,MO,1,,,,,,"60,50","19,25"
ncaab:401822670,ncaab,2025-12-10T00:00Z,final,2603,2154,Saint Joseph's,Coppin St,87,65,-6500,2200,,0,-8000,2200,-22.5,-106,-113,,,,,2,,0,Philadelphia,PA,1,12,,,,-5.0,"43,44","26,39"
ncaab:401823389,ncaab,2025-12-10T00:00Z,final,94,2855,N Kentucky,Brescia,92,53,,,,0,,,,,,,,,,2,,0,Highland Heights,KY,1,260,,,,-5.0,"50,42","21,32"
ncaab:401826839,ncaab,2025-12-10T00:00Z,final,218,111179,Temple,Georgian Court,103,57,,,,0,,,,,,,,,,2,,0,Philadelphia,PA,1,12,,,,-5.0,"43,60","24,33"
ncaab:401827529,ncaab,2025-12-10T00:00Z,final,47,2448,Howard,NC A&T,73,69,,,,1,,,,,,,,,,2,,0,Durham,NC,1,123,,,,-5.0,"41,32","30,39"
ncaab:401828738,ncaab,2025-12-10T00:00Z,final,96,2428,Kentucky,NC Central,103,67,,,,0,,,,,,,,,,2,,0,Lexington,KY,1,295,,,,-5.0,"52,51","31,36"
ncaab:401829432,ncaab,2025-12-10T00:00Z,final,236,3083,Chattanooga,Oakwood,103,46,,,,0,,,,,,,,,,2,,0,Chattanooga,TN,1,206,,,,-5.0,"58,45","20,26"
ncaab:401829439,ncaab,2025-12-10T00:00Z,final,2643,2576,The Citadel,S Wesleyan,98,73,,,,0,,,,,,,,,,2,,0,Charleston,SC,1,6,,,,-5.0,"54,44","40,33"
ncaab:401818556,ncaab,2025-12-10T00:30Z,final,2507,225,Providence,Brown,86,79,-2668,1300,,0,-2300,1060,-19.5,-110,-110,,,,,2,,0,Providence,RI,1,2,,,,-5.0,"42,44","37,42"
ncaab:401825404,ncaab,2025-12-10T00:30Z,final,194,356,Ohio State,Illinois,80,88,135,-161,,0,145,-175,3.5,-115,-105,,,,,2,,0,Columbus,OH,1,235,,,,-5.0,"42,38","48,40"
ncaab:401813280,ncaab,2025-12-10T01:00Z,final,305,2415,DePaul,Morgan St,92,49,-9000,1800,,0,-7000,2000,-22.0,-107,-112,,,,,2,,0,Chicago,IL,1,179,,,,-6.0,"46,46","15,34"
ncaab:401829469,ncaab,2025-12-10T01:00Z,final,2437,2178,Omaha,Doane,79,70,,,,0,,,,,,,,,,2,,0,Omaha,NE,1,323,,,,-6.0,"46,33","33,37"
ncaab:401811111,ncaab,2025-12-10T01:30Z,final,2751,233,Wyoming,South Dakota,106,79,-1298,800,,0,-1000,640,-14.5,-110,-110,,,,,2,,0,Laramie,WY,1,2184,,,,-7.0,"48,58","32,47"
ncaab:401825403,ncaab,2025-12-10T01:30Z,final,84,213,Indiana,Penn State,113,72,-934,571,,0,-1400,850,-14.5,-110,-110,,,,,2,,0,Bloomington,IN,1,235,,,,-5.0,"58,55","26,46"
ncaab:401819820,ncaab,2025-12-10T02:00Z,final,9,2464,Arizona St,N Arizona,73,48,-2059,1000,,0,-2800,1160,-16.5,-105,-115,,,,,2,,0,Tempe,AZ,1,,,,,,"35,38","26,22"
ncaab:401823811,ncaab,2025-12-10T02:00Z,final,36,159,Colorado St,Dartmouth,76,55,-4500,1500,,0,-4000,1400,-20.5,-110,-110,,,,,2,,0,Fort Collins,CO,1,1525,,,,-7.0,"33,43","24,31"
ncaab:401824114,ncaab,2025-12-10T02:00Z,final,301,30,San Diego,USC,81,94,948,-1600,,0,1200,-3000,15.5,-110,-110,,,,,2,,0,San Diego,CA,1,,,,,,"38,43","38,56"
ncaab:401826741,ncaab,2025-12-10T02:00Z,final,2172,2862,Denver,CO Christian,95,59,,,,0,,,,,,,,,,2,,0,Denver,CO,1,1609,,,,-7.0,"46,49","29,30"
ncaab:401812793,ncaab,2025-12-10T02:31Z,final,41,57,UConn,Florida,77,73,,,,1,,,,,,,,,,2,,0,New York,NY,1,10,,,,-5.0,"39,38","32,41"
ncaab:401820295,ncaab,2025-12-10T03:00Z,final,25,2957,California,Dominican (CA),93,71,,,,0,,,,,,,,,,2,,0,Berkeley,CA,1,52,,,,-8.0,"28,65","31,40"
ncaab:401823312,ncaab,2025-12-10T03:00Z,final,23,299,San José St,Long Beach St,89,83,-325,260,,0,-375,290,-7.0,-110,-110,,,,,2,,0,San Jose,CA,1,,,,,,"39,38,12","39,38,6"
ncaab:401819830,ncaab,2025-12-10T17:00Z,final,239,2450,Baylor,Norfolk St,97,67,-8890,2200,,0,-10000,3000,-26.5,-110,-110,,,,,2,,0,Waco,TX,1,,,,,,"47,50","31,36"
ncaab:401818306,ncaab,2025-12-10T21:30Z,final,43,399,Yale,UAlbany,93,82,,,,1,,,,,,,,,,2,,0,Springfield,MA,1,,,,,,"47,46","37,45"
ncaab:401826864,ncaab,2025-12-10T22:00Z,final,163,2771,Princeton,Merrimack,56,59,-130,110,,0,-154,128,-1.5,-118,-102,,,,,2,,0,Princeton,NJ,1,62,,,,-5.0,"29,27","32,27"
ncaab:401826765,ncaab,2025-12-10T23:00Z,final,2349,524,UMass Lowell,Fisher,122,73,,,,0,,,,,,,,,,2,,0,Lowell,MA,1,36,,,,-5.0,"62,60","25,48"
ncaab:401830422,ncaab,2025-12-10T23:00Z,final,2427,193,UNC Asheville,Miami OH,87,90,200,-245,,0,158,-192,6.0,-112,-107,,,,,2,,0,Asheville,NC,1,649,,,,-5.0,"35,49,3","41,43,6"
ncaab:401812291,ncaab,2025-12-11T00:00Z,final,2230,161,Fordham,FDU,75,54,,,,0,,,,,,,,,,2,,0,Bronx,NY,1,28,,,,-5.0,"37,38","22,32"
ncaab:401817150,ncaab,2025-12-11T00:00Z,final,45,48,G Washington,Delaware,58,70,,,,0,,,,,,,,,,2,,0,Washington,DC,1,,,,,,"29,29","31,39"
ncaab:401817203,ncaab,2025-12-11T00:00Z,final,179,2142,St Bonaventure,Colgate,85,77,,,,0,,,,,,,,,,2,,0,Saint Bonaventure,NY,1,,,,,,"34,51","47,30"
ncaab:401817216,ncaab,2025-12-11T00:00Z,final,103,113,Boston College,UMass,74,76,,,,1,,,,,,,,,,2,,0,Springfield,MA,1,,,,,,"33,41","35,41"
ncaab:401817258,ncaab,2025-12-11T00:00Z,final,152,2335,NC State,Liberty,85,45,,,,0,,,,,,,,,,2,,0,Raleigh,NC,1,,,,,,"45,40","19,26"
ncaab:401817438,ncaab,2025-12-11T00:00Z,final,87,70,Notre Dame,Idaho,80,65,-800,600,,0,-1100,680,-12.5,-110,-110,,,,,2,,0,South Bend,IN,1,,,,,,"33,47","33,32"
ncaab:401820619,ncaab,2025-12-11T00:00Z,final,314,2803,Iona,Bryant,69,63,-500,380,,0,-690,480,-8.5,-115,-107,,,,,2,,0,New Rochelle,NY,1,26,,,,-5.0,"35,34","32,31"
ncaab:401820630,ncaab,2025-12-11T00:00Z,final,104,311,Boston U,Maine,59,69,-425,330,,0,-375,285,-8.5,-110,-110,,,,,2,,0,Boston,MA,1,14,,,,-5.0,"24,35","33,36"
ncaab:401822740,ncaab,2025-12-11T00:00Z,final,2670,167,VCU,New Mexico,78,81,-455,345,,0,-650,475,-8.5,-112,-108,,,,,2,,0,Richmond,VA,1,,,,,,"46,32","41,40"
ncaab:401823364,ncaab,2025-12-11T00:00Z,final,276,98,Marshall,Western KY,77,61,-127,107,,0,-115,-105,-1.5,-105,-115,,,,,2,,0,Huntington,WV,1,173,,,,-5.0,"29,48","28,33"
ncaab:401825406,ncaab,2025-12-11T00:00Z,final,2509,135,Purdue,Minnesota,85,57,-3600,1548,,0,-4000,1400,-20.5,-112,-108,,,,,2,,0,West Lafayette,IN,1,,,,,,"35,50","32,25"
ncaab:401826774,ncaab,2025-12-11T00:00Z,final,2226,2605,FAU,Saint Leo,112,55,,,,0,,,,,,,,,,2,,0,Boca Raton,FL,1,4,,,,-5.0,"48,64","37,18"
ncaab:401826836,ncaab,2025-12-11T00:00Z,final,58,232,South Florida,Charleston,81,75,-1425,800,,0,-1600,860,-13.5,-110,-110,,,,,2,,0,Tampa,FL,1,,,,,,"46,35","43,32"
ncaab:401828685,ncaab,2025-12-11T00:00Z,final,2885,2441,NJIT,New Haven,70,64,,,,0,,,,,,,,,,2,,0,Newark,NJ,1,9,,,,-5.0,"36,34","33,31"
ncaab:401830739,ncaab,2025-12-11T00:00Z,final,2275,16231,Hofstra,Old Westbury,92,23,,,,0,,,,,,,,,,2,,0,Hempstead,NY,1,17,,,,-5.0,"47,45","10,13"
ncaab:401826749,ncaab,2025-12-11T00:30Z,final,2447,128256,Nicholls,Biblical Stud,117,49,,,,0,,,,,,,,,,2,,0,Thibodaux,LA,1,,,,,,"50,67","23,26"
ncaab:401826846,ncaab,2025-12-11T00:30Z,final,2655,2650,Tulane,Tougaloo,84,72,,,,0,,,,,,,,,,2,,0,New Orleans,LA,1,0,,,,-6.0,"39,45","33,39"
ncaab:401823397,ncaab,2025-12-11T01:00Z,final,2870,2199,Purdue FW,E Michigan,80,65,,,,0,,,,,,,,,,2,,0,Fort Wayne,IN,1,247,,,,-5.0,"47,33","29,36"
ncaab:401824814,ncaab,2025-12-11T01:00Z,final,248,2296,Houston,Jackson St,80,38,,,,0,,,,,,,,,,2,,0,Houston,TX,1,12,,,,-6.0,"40,40","16,22"
ncaab:401824857,ncaab,2025-12-11T01:00Z,final,3084,304,Utah Valley,Idaho St,73,69,-600,405,,0,-670,470,-9.5,-115,-105,,,,,2,,0,Orem,UT,1,1455,,,,-7.0,"36,37","32,37"
ncaab:401826957,ncaab,2025-12-11T01:00Z,final,140,2692,Kansas City,Weber St,60,64,240,-297,,0,160,-190,6.5,-110,-110,,,,,2,,0,Kansas City,MO,1,274,,,,-6.0,"31,29","32,32"
ncaab:401827133,ncaab,2025-12-11T01:00Z,final,202,2029,Tulsa,AR-Pine Bluff,117,84,,,,0,,,,,,,,,,2,,0,Tulsa,OK,1,,,,,,"51,66","36,48"
ncaab:401828547,ncaab,2025-12-11T01:00Z,final,2197,2198,E Illinois,E Kentucky,59,68,,,,0,,,,,,,,,,2,,0,Charleston,IL,1,204,,,,-6.0,"32,27","31,37"
ncaab:401829393,ncaab,2025-12-11T01:00Z,final,79,2630,S Illinois,UT Martin,83,54,,,,0,,,,,,,,,,2,,0,Carbondale,IL,1,126,,,,-6.0,"34,49","27,27"
ncaab:401829458,ncaab,2025-12-11T01:00Z,final,155,509,North Dakota,Crown,89,43,,,,0,,,,,,,,,,2,,0,Grand Forks,ND,1,253,,,,-6.0,"44,45","21,22"
ncaab:401827018,ncaab,2025-12-11T01:30Z,final,326,2582,Texas St,Southern,86,83,-166,140,,0,-156,130,-3.5,-108,-112,,,,,2,,0,San Marcos,TX,1,,,,,,"38,48","38,45"
ncaab:401813453,ncaab,2025-12-11T02:00Z,final,68,2184,Boise St,Duquesne,86,64,-1200,824,,0,-900,600,-14.5,-108,-112,,,,,2,,0,Boise,ID,1,823,,,,-7.0,"45,41","30,34"
ncaab:401825405,ncaab,2025-12-11T02:00Z,final,158,275,Nebraska,Wisconsin,90,60,-128,108,,0,-100,-120,-2.0,-110,-110,,,,,2,,0,Lincoln,NE,1,367,,,,-6.0,"47,43","31,29"
ncaab:401823175,ncaab,2025-12-11T03:00Z,final,2239,3246,Fullerton,Bethesda,116,66,,,,0,,,,,,,,,,2,,0,Fullerton,CA,1,50,,,,-8.0,"65,51","29,37"
ncaab:401823262,ncaab,2025-12-11T03:00Z,final,2463,278,CSU Northridge,Fresno St,89,87,,,,0,,,,,,,,,,2,,0,Northridge,CA,1,246,,,,-8.0,"47,42","37,50"
ncaab:401823767,ncaab,2025-12-11T03:00Z,final,21,2320,San Diego St,Lamar,89,71,-2800,1200,,0,-4000,1400,-17.5,-102,-127,,,,,2,,0,San Diego,CA,1,,,,,,"51,38","41,30"
ncaab:401828294,ncaab,2025-12-11T03:45Z,final,149,131858,Montana,SalishKootenai,102,46,,,,0,,,,,,,,,,2,,0,Missoula,MT,1,978,,,,-7.0,"50,52","17,29"
ncaab:401824901,ncaab,2025-12-11T04:59Z,final,62,2267,Hawai'i,Hawaiʻi Hilo,98,46,,,,0,,,,,,,,,,2,,0,Honolulu,HI,1,5,,,,-10.0,"48,50","24,22"
ncaab:401817511,ncaab,2025-12-11T23:30Z,final,85,2739,IU Indy,Green Bay,75,85,-148,124,,0,128,-154,-3.0,-106,-114,,,,,2,,0,Indianapolis,IN,1,218,,,,-5.0,"36,39","33,52"
ncaab:401817524,ncaab,2025-12-12T00:00Z,final,259,2717,Virginia Tech,W Carolina,96,74,,,,0,,,,,,,,,,2,,0,Blacksburg,VA,1,633,,,,-5.0,"53,43","34,40"
ncaab:401820813,ncaab,2025-12-12T00:00Z,final,151,2026,East Carolina,App State,54,67,,,,0,,,,,,,,,,2,,0,Greenville,NC,1,18,,,,-5.0,"17,37","33,34"
ncaab:401823347,ncaab,2025-12-12T00:00Z,final,294,3174,Jacksonville,Trinity Co Jax,122,49,,,,0,,,,,,,,,,2,,0,Jacksonville,FL,1,5,,,,-5.0,"64,58","19,30"
ncaab:401829492,ncaab,2025-12-12T00:00Z,final,290,3189,GA Southern,Coastal GA,100,58,,,,0,,,,,,,,,,2,,0,Statesboro,GA,1,,,,,,"49,51","27,31"
ncaab:401831530,ncaab,2025-12-12T00:00Z,final,2681,2854,Wagner,Bloomfield,95,93,,,,0,,,,,,,,,,2,,0,Staten Island,NY,1,,,,,,"42,43,10","48,37,8"
ncaab:401823872,ncaab,2025-12-12T00:30Z,final,292,250,UT Rio Grande,UT Arlington,50,58,,,,0,,,,,,,,,,2,,0,Edinburg,TX,1,30,,,,-6.0,"27,23","24,34"
ncaab:401819878,ncaab,2025-12-12T01:00Z,final,66,2294,Iowa State,Iowa,66,62,-800,575,,0,-850,570,-11.5,-108,-112,,,,,2,,0,Ames,IA,1,287,,,,-6.0,"25,41","33,29"
ncaab:401827157,ncaab,2025-12-12T01:00Z,final,142,2011,Missouri,Alabama St,85,77,-20000,3500,,0,-8000,2200,-26.5,-112,-108,,,,,2,,0,Columbia,MO,1,215,,,,-6.0,"52,33","39,38"
ncaab:401829479,ncaab,2025-12-12T01:00Z,final,2900,2600,St Thomas,St Johns (MN),80,56,,,,0,,,,,,,,,,2,,0,Saint Paul,MN,1,,,,,,"35,45","31,25"
ncaab:401817480,ncaab,2025-12-12T02:00Z,final,183,2603,Syracuse,Saint Joseph's,71,63,-948,562,,0,-1200,720,-11.5,-112,-108,,,,,2,,0,Syracuse,NY,1,,,,,,"34,37","30,33"
ncaab:401826742,ncaab,2025-12-12T02:00Z,final,2172,1,Denver,AK-Anchorage,97,61,,,,0,,,,,,,,,,2,,0,Denver,CO,1,1609,,,,-7.0,"45,52","31,30"
ncaab:401823738,ncaab,2025-12-12T02:30Z,final,2934,2449,Bakersfield,N Dakota St,69,80,,,,0,,,,,,,,,,2,,0,Bakersfield,CA,1,123,,,,-8.0,"30,39","40,40"
ncaab:401826056,ncaab,2025-12-12T23:00Z,final,2378,349,UMBC,Army,60,63,-340,285,,0,-315,250,-7.5,-117,-103,,,,,2,,0,Baltimore,MD,1,10,,,,-5.0,"30,30","36,27"
ncaab:401822353,ncaab,2025-12-13T00:00Z,final,284,126751,Stonehill,VTSU Johnson,101,60,,,,0,,,,,,,,,,2,,0,South Easton,MA,1,,,,,,"48,53","22,38"
ncaab:401823042,ncaab,2025-12-13T00:00Z,final,2448,2379,NC A&T,MD Eastern,82,79,,,,0,,,,,,,,,,2,,0,Greensboro,NC,1,266,,,,-5.0,"33,49","37,42"
ncaab:401823328,ncaab,2025-12-13T00:00Z,final,2752,2623,Xavier,Missouri St,75,57,-2240,1192,,0,-3000,1200,-17.5,-110,-110,,,,,2,,0,Cincinnati,OH,1,191,,,,-5.0,"31,44","28,29"
ncaab:401823496,ncaab,2025-12-13T00:00Z,final,2511,2569,Queens,SC State,102,78,,,,0,,,,,,,,,,2,,0,Charlotte,NC,1,229,,,,-5.0,"49,53","26,52"
ncaab:401826971,ncaab,2025-12-13T00:00Z,final,2241,2913,Gardner-Webb,Brevard,77,63,,,,0,,,,,,,,,,2,,0,Boiling Springs,NC,1,269,,,,-5.0,"32,45","24,39"
ncaab:401830119,ncaab,2025-12-13T00:00Z,final,2430,108807,UNC Greensboro,Will Peace,90,62,,,,0,,,,,,,,,,2,,0,Greensboro,NC,1,266,,,,-5.0,"39,51","37,25"
ncaab:401812794,ncaab,2025-12-13T01:00Z,final,41,251,UConn,Texas,71,63,,,,0,,,,,,,,,,2,,0,Hartford,CT,1,18,,,,-5.0,"43,28","34,29"
ncaab:401820489,ncaab,2025-12-13T01:00Z,final,357,2937,Texas A&M-CC,Dallas Chrstn,108,55,,,,0,,,,,,,,,,2,,0,Corpus Christi,TX,1,2,,,,-6.0,"55,53","25,30"
ncaab:401824893,ncaab,2025-12-13T01:00Z,final,2046,2193,Austin Peay,ETSU,76,75,,,,0,,,,,,,,,,2,,0,Clarksville,TN,1,145,,,,-6.0,"43,33","34,41"
ncaab:401829476,ncaab,2025-12-13T01:00Z,final,2571,513,S Dakota St,Dkta Wesleyan,94,62,,,,0,,,,,,,,,,2,,0,Brookings,SD,1,494,,,,-6.0,"42,52","30,32"
ncaab:401808702,ncaab,2025-12-13T01:30Z,final,2377,2837,McNeese,East Texas A&M,102,66,-4000,1600,,0,-3500,1280,-20.5,-107,-117,,,,,2,,0,Lake Charles,LA,1,4,,,,-6.0,"59,43","29,37"
ncaab:401823506,ncaab,2025-12-13T02:00Z,final,331,2856,E Washington,CA Baptist,83,88,,,,0,,,,,,,,,,2,,0,Cheney,WA,1,717,,,,-8.0,"41,42","47,41"
ncaab:401809421,ncaab,2025-12-13T17:00Z,final,2390,2433,Miami,UL Monroe,104,79,,,,0,,,,,,,,,,2,,0,Coral Gables,FL,1,3,,,,-5.0,"49,55","38,41"
ncaab:401823457,ncaab,2025-12-13T17:00Z,final,2619,2117,Stony Brook,C Michigan,78,55,,,,0,,,,,,,,,,2,,0,Stony Brook,NY,1,,,,,,"44,34","22,33"
ncaab:401824309,ncaab,2025-12-13T17:00Z,final,2599,314,St John's,Iona,91,64,,,,0,,,,,,,,,,2,,0,New York,NY,1,10,,,,-5.0,"36,55","26,38"
ncaab:401825409,ncaab,2025-12-13T17:00Z,final,213,127,Penn State,Michigan St,72,76,575,-819,,0,500,-720,12.5,-115,-105,,,,,2,,0,University Park,PA,1,,,,,,"39,33","36,40"
ncaab:401825575,ncaab,2025-12-13T17:00Z,final,2724,305,Wichita St,DePaul,58,61,-282,234,,0,-250,205,-6.5,-108,-112,,,,,2,,0,Wichita,KS,1,,,,,,"31,27","36,25"
ncaab:401826711,ncaab,2025-12-13T17:00Z,final,52,113,Florida St,UMass,95,103,,,,1,,,,,,,,,,2,,0,Sunrise,FL,1,,,,,,"47,48","43,60"
ncaab:401826789,ncaab,2025-12-13T17:00Z,final,8,2641,Arkansas,Texas Tech,93,86,,,,1,,,,,,,,,,2,,0,Dallas,TX,1,128,,,,-6.0,"43,50","49,37"
ncaab:401826795,ncaab,2025-12-13T17:00Z,final,2226,399,FAU,UAlbany,105,79,,,,0,,,,,,,,,,2,,0,Boca Raton,FL,1,4,,,,-5.0,"49,56","25,54"
ncaab:401826704,ncaab,2025-12-13T17:30Z,final,2244,295,George Mason,Old Dominion,73,61,-2400,1000,,0,-2200,1100,-16.5,-108,-112,,,,,2,,0,Fairfax,VA,1,131,,,,-5.0,"38,35","29,32"
ncaab:401812631,ncaab,2025-12-13T18:00Z,final,48,2463,Delaware,CSU Northridge,66,88,,,,0,,,,,,,,,,2,,0,Newark,DE,1,38,,,,-5.0,"28,38","48,40"
ncaab:401813294,ncaab,2025-12-13T18:00Z,final,197,201,Oklahoma St,Oklahoma,76,85,-148,124,,1,-115,-104,-2.5,-110,-110,,,,,2,,0,Oklahoma City,OK,1,366,,,,-6.0,"35,41","41,44"
ncaab:401823406,ncaab,2025-12-13T18:00Z,final,2523,2649,Robert Morris,Toledo,75,70,-102,-119,,0,-105,-115,1.5,-110,-110,,,,,2,,0,Moon Township,PA,1,358,,,,-5.0,"24,51","42,28"
ncaab:401823466,ncaab,2025-12-13T18:00Z,final,2210,2459,Elon,N Illinois,85,79,-700,500,,0,-800,550,-11.5,-110,-110,,,,,2,,0,Elon,NC,1,215,,,,-5.0,"41,44","48,31"
ncaab:401811112,ncaab,2025-12-13T19:00Z,final,233,2504,South Dakota,Prairie View,97,85,-340,270,,0,-375,295,-7.5,-105,-115,,,,,2,,0,Vermillion,SD,1,,,,,,"54,43","36,49"
ncaab:401813355,ncaab,2025-12-13T19:00Z,final,311,2099,Maine,Canisius,43,70,-298,240,,0,-270,220,-6.5,-115,-105,,,,,2,,0,Orono,ME,1,38,,,,-5.0,"17,26","39,31"
ncaab:401817269,ncaab,2025-12-13T19:00Z,final,153,2908,North Carolina,SC Upstate,80,62,-20000,4000,,0,-20000,3500,-29.0,-110,-110,,,,,2,,0,Chapel Hill,NC,1,148,,,,-5.0,"37,43","28,34"
ncaab:401817439,ncaab,2025-12-13T19:00Z,final,87,339,Notre Dame,Evansville,82,58,-2400,950,,0,-2800,1300,-15.0,-105,-115,,,,,2,,0,South Bend,IN,1,,,,,,"41,41","29,29"
ncaab:401819848,ncaab,2025-12-13T19:00Z,final,61,2132,Georgia,Cincinnati,84,65,-269,222,,1,-385,300,-5.5,-115,-105,,,,,2,,0,Atlanta,GA,1,320,,,,-5.0,"37,47","37,28"
ncaab:401820215,ncaab,2025-12-13T19:00Z,final,2166,2385,Davidson,Mercyhurst,80,47,-1200,675,,0,-1200,750,-12.5,-108,-112,,,,,2,,0,Davidson,NC,1,256,,,,-5.0,"36,44","15,32"
ncaab:401820584,ncaab,2025-12-13T19:00Z,final,2514,2349,Quinnipiac,UMass Lowell,75,71,-1200,680,,0,-1250,710,-14.5,-102,-118,,,,,2,,0,Hamden,CT,1,31,,,,-5.0,"32,43","38,33"
ncaab:401822170,ncaab,2025-12-13T19:00Z,final,2230,2363,Fordham,Manhattan,82,53,-440,340,,0,-525,390,-9.0,-112,-107,,,,,2,,0,Bronx,NY,1,28,,,,-5.0,"31,51","25,28"
ncaab:401822867,ncaab,2025-12-13T19:00Z,final,2086,2507,Butler,Providence,113,110,-185,154,,0,-250,202,-3.5,-112,-108,,,,,2,,0,Indianapolis,IN,1,218,,,,-5.0,"41,48,11,13","45,44,11,10"
ncaab:401823028,ncaab,2025-12-13T19:00Z,final,2509,269,Purdue,Marquette,79,59,-2800,1100,,0,-3500,1280,-16.5,-110,-110,,,,,2,,0,West Lafayette,IN,1,,,,,,"37,42","21,38"
ncaab:401823221,ncaab,2025-12-13T19:00Z,final,91,94,Bellarmine,N Kentucky,76,80,180,-218,,0,170,-205,4.5,-105,-115,,,,,2,,0,Louisville,KY,1,142,,,,-5.0,"38,38","44,36"
ncaab:401823727,ncaab,2025-12-13T19:00Z,final,2885,2529,NJIT,Sacred Heart,49,65,,,,0,,,,,,,,,,2,,0,Newark,NJ,1,9,,,,-5.0,"24,25","28,37"
ncaab:401824362,ncaab,2025-12-13T19:00Z,final,159,104,Dartmouth,Boston U,77,64,-155,130,,0,-162,132,-2.5,-113,-107,,,,,2,,0,Hanover,NH,1,162,,,,-5.0,"43,34","32,32"
ncaab:401826935,ncaab,2025-12-13T19:00Z,final,77,2296,Northwestern,Jackson St,93,53,-20000,3500,,0,-10000,3000,-30.0,-112,-107,,,,,2,,0,Evanston,IL,1,187,,,,-6.0,"41,52","24,29"
ncaab:401826952,ncaab,2025-12-13T19:00Z,final,3084,2540,Utah Valley,Santa Barbara,68,53,-245,201,,1,-200,165,-5.5,-108,-112,,,,,2,,0,Salt Lake City,UT,1,,,,,,"37,31","15,38"
ncaab:401828313,ncaab,2025-12-13T19:00Z,final,2247,55,Georgia St,Jax State,77,73,,,,0,,,,,,,,,,2,,0,Atlanta,GA,1,320,,,,-5.0,"37,40","31,42"
ncaab:401828910,ncaab,2025-12-13T19:00Z,final,2181,2449,Drake,N Dakota St,94,99,,,,0,,,,,,,,,,2,,0,Des Moines,IA,1,266,,,,-6.0,"41,53","55,44"
ncaab:401829459,ncaab,2025-12-13T19:00Z,final,155,2710,North Dakota,W Illinois,66,69,,,,0,,,,,,,,,,2,,0,Grand Forks,ND,1,253,,,,-6.0,"28,32,6","32,28,9"
ncaab:401829480,ncaab,2025-12-13T19:00Z,final,2427,2900,UNC Asheville,St Thomas,59,80,,,,0,,,,,,,,,,2,,0,Asheville,NC,1,649,,,,-5.0,"25,34","46,34"
ncaab:401822727,ncaab,2025-12-13T19:30Z,final,46,2612,Georgetown,Saint Peter's,76,68,,,,0,,,,,,,,,,2,,0,Washington,DC,1,,,,,,"31,29,16","24,36,8"
ncaab:401817151,ncaab,2025-12-13T19:52Z,final,57,45,Florida,G Washington,80,70,,,,1,,,,,,,,,,2,,0,Sunrise,FL,1,,,,,,"30,50","27,43"
ncaab:401808901,ncaab,2025-12-13T20:00Z,final,248,2443,Houston,LSU N Orleans,99,57,,,,0,,,,,,,,,,2,,0,Houston,TX,1,12,,,,-6.0,"44,55","23,34"
ncaab:401812924,ncaab,2025-12-13T20:00Z,final,228,2382,Clemson,Mercer,70,63,-8238,1956,,0,-5000,1600,-22.5,-110,-110,,,,,2,,0,Clemson,SC,1,221,,,,-5.0,"33,37","39,24"
ncaab:401819896,ncaab,2025-12-13T20:00Z,final,156,2306,Creighton,Kansas St,76,83,-196,162,,0,-260,215,-4.5,-108,-112,,,,,2,,0,Omaha,NE,1,323,,,,-6.0,"33,43","51,32"
ncaab:401822337,ncaab,2025-12-13T20:00Z,final,2674,350,Valparaiso,UNC Wilmington,70,73,159,-192,,0,160,-190,3.5,-110,-110,,,,,2,,0,Valparaiso,IN,1,,,,,,"40,30","31,42"
ncaab:401826810,ncaab,2025-12-13T20:00Z,final,242,2032,Rice,Arkansas St,77,76,130,-155,,0,125,-150,3.5,-118,-102,,,,,2,,0,Houston,TX,1,12,,,,-6.0,"33,44","35,41"
ncaab:401826903,ncaab,2025-12-13T20:00Z,final,2348,309,Louisiana Tech,Louisiana,65,44,-574,410,,0,-600,450,-9.5,-114,-106,,,,,2,,0,Ruston,LA,1,,,,,,"31,34","19,25"
ncaab:401827055,ncaab,2025-12-13T20:00Z,final,2344,2169,Longwood,Delaware St,76,81,-1100,750,,0,-675,490,-13.5,-115,-105,,,,,2,,0,Farmville,VA,1,90,,,,-5.0,"32,44","34,47"
ncaab:401827259,ncaab,2025-12-13T20:00Z,final,145,2572,Ole Miss,Southern Miss,71,67,-1200,650,,1,-1300,800,-12.5,-115,-105,,,,,2,,0,Biloxi,MS,1,6,,,,-6.0,"31,40","29,38"
ncaab:401827524,ncaab,2025-12-13T20:00Z,final,47,2261,Howard,Hampton,61,57,130,-155,,1,150,-180,2.5,-105,-115,,,,,2,,0,Washington,DC,1,,,,,,"31,30","27,30"
ncaab:401828286,ncaab,2025-12-13T20:00Z,final,166,202,New Mexico St,Tulsa,70,83,,,,1,,,,,,,,,,2,,0,Frisco,TX,1,212,,,,-6.0,"27,43","49,34"
ncaab:401828548,ncaab,2025-12-13T20:00Z,final,2198,193,E Kentucky,Miami OH,69,79,,,,0,,,,,,,,,,2,,0,Richmond,KY,1,,,,,,"25,44","35,44"
ncaab:401817247,ncaab,2025-12-13T20:30Z,final,97,235,Louisville,Memphis,99,73,-1800,1100,,0,-1600,860,-16.5,-115,-105,,,,,2,,0,Louisville,KY,1,142,,,,-5.0,"57,42","37,36"
ncaab:401812361,ncaab,2025-12-13T21:00Z,final,112358,2325,Long Island,La Salle,70,60,,,,0,,,,,,,,,,2,,0,Brooklyn,NY,1,15,,,,-5.0,"34,36","26,34"
ncaab:401812651,ncaab,2025-12-13T21:00Z,final,2066,2115,Binghamton,C Connecticut,67,84,,,,0,,,,,,,,,,2,,0,Binghamton,NY,1,264,,,,-5.0,"39,28","46,38"
ncaab:401813281,ncaab,2025-12-13T21:00Z,final,2415,315,Morgan St,Niagara,81,73,-130,110,,0,-125,105,-1.5,-113,-105,,,,,2,,0,Baltimore,MD,1,10,,,,-5.0,"35,46","33,40"
ncaab:401813325,ncaab,2025-12-13T21:00Z,final,2803,2368,Bryant,Marist,74,82,120,-142,,0,154,-185,2.5,-117,-103,,,,,2,,0,Smithfield,RI,1,,,,,,"28,46","36,46"
ncaab:401817483,ncaab,2025-12-13T21:00Z,final,183,2275,Syracuse,Hofstra,69,70,-575,412,,0,-750,525,-9.0,-110,-110,,,,,2,,0,Syracuse,NY,1,,,,,,"37,32","36,34"
ncaab:401819868,ncaab,2025-12-13T21:00Z,final,38,2636,Colorado,UTSA,88,64,-7173,2200,,0,-8000,1800,-22.5,-112,-108,,,,,2,,0,Boulder,CO,1,1624,,,,-7.0,"35,53","32,32"
ncaab:401820602,ncaab,2025-12-13T21:00Z,final,2006,93,Akron,Murray St,100,115,-207,172,,1,-275,225,-4.5,-112,-108,,,,,2,,0,Henderson,NV,1,569,,,,-8.0,"42,58","47,68"
ncaab:401823176,ncaab,2025-12-13T21:00Z,final,2172,2239,Denver,Fullerton,86,105,-214,174,,0,-200,165,-4.0,-110,-110,,,,,2,,0,Denver,CO,1,1609,,,,-7.0,"28,58","51,54"
ncaab:401823412,ncaab,2025-12-13T21:00Z,final,276,2750,Marshall,Wright St,76,74,-188,155,,0,-185,155,-3.5,-110,-110,,,,,2,,0,Huntington,WV,1,173,,,,-5.0,"32,44","39,35"
ncaab:401825407,ncaab,2025-12-13T21:00Z,final,356,158,Illinois,Nebraska,80,83,-652,449,,0,-490,365,-9.5,-105,-115,,,,,2,,0,Champaign,IL,1,225,,,,-6.0,"37,43","37,46"
ncaab:401826090,ncaab,2025-12-13T21:00Z,final,2483,302,Oregon,UC Davis,104,62,-1020,711,,0,-800,550,-13.5,-110,-105,,,,,2,,0,Eugene,OR,1,131,,,,-8.0,"52,52","16,46"
ncaab:401826834,ncaab,2025-12-13T21:00Z,final,2635,2064,Tennessee Tech,Bethel (TN),101,69,,,,0,,,,,,,,,,2,,0,Cookeville,TN,1,334,,,,-6.0,"51,50","27,42"
ncaab:401830198,ncaab,2025-12-13T21:00Z,final,2057,82,Belmont,UIC,87,84,-1074,675,,0,-1300,800,-12.5,-115,-105,,,,,2,,0,Nashville,TN,1,170,,,,-6.0,"30,57","43,41"
ncaab:401808953,ncaab,2025-12-13T21:30Z,final,2277,2545,Hou Christian,SE Louisiana,71,74,,,,0,,,,,,,,,,2,,0,Houston,TX,1,12,,,,-6.0,"36,30,5","36,30,8"
ncaab:401817449,ncaab,2025-12-13T21:30Z,final,222,221,Villanova,Pitt,79,61,-550,425,,0,-690,480,-10.5,-102,-118,,,,,2,,0,Villanova,PA,1,,,,,,"41,38","32,29"
ncaab:401823481,ncaab,2025-12-13T21:50Z,final,2,236,Auburn,Chattanooga,92,78,-5692,1600,,1,-4000,1550,-20.5,-105,-115,,,,,2,,0,Atlanta,GA,1,320,,,,-5.0,"43,49","38,40"
ncaab:401813261,ncaab,2025-12-13T22:00Z,final,328,2287,Utah State,Illinois St,83,78,-410,320,,1,-525,390,-8.5,-110,-110,,,,,2,,0,Salt Lake City,UT,1,,,,,,"40,43","33,45"
ncaab:401817204,ncaab,2025-12-13T22:00Z,final,195,179,Ohio,St Bonaventure,88,83,,,,1,,,,,,,,,,2,,0,Cleveland,OH,1,199,,,,-5.0,"34,36,18","32,38,13"
ncaab:401817226,ncaab,2025-12-13T22:00Z,final,25,2466,California,N'Western St,79,70,,,,0,,,,,,,,,,2,,0,Berkeley,CA,1,52,,,,-8.0,"37,42","37,33"
ncaab:401824060,ncaab,2025-12-13T22:00Z,final,204,147,Oregon St,Montana St,67,57,-147,123,,0,-165,140,-2.5,-115,-105,,,,,2,,0,Corvallis,OR,1,71,,,,-8.0,"29,38","27,30"
ncaab:401826925,ncaab,2025-12-13T22:00Z,final,2502,415,Portland St,George Fox,94,50,,,,0,,,,,,,,,,2,,0,Portland,OR,1,12,,,,-8.0,"50,44","20,30"
ncaab:401827196,ncaab,2025-12-13T22:00Z,final,2010,2027,Alabama A&M,Ark Baptist,67,59,,,,0,,,,,,,,,,2,,0,Huntsville,AL,1,193,,,,-6.0,"37,30","19,40"
ncaab:401817259,ncaab,2025-12-13T22:30Z,final,152,2305,NC State,Kansas,76,77,,,,0,,,,,,,,,,2,,0,Raleigh,NC,1,,,,,,"30,36,10","30,36,11"
ncaab:401813404,ncaab,2025-12-13T23:00Z,final,2352,116,Loyola MD,Mount St Marys,73,81,130,-155,,0,102,-122,2.5,-117,-103,,,,,2,,0,Baltimore,MD,1,10,,,,-5.0,"37,36","38,43"
ncaab:401817178,ncaab,2025-12-13T23:00Z,final,257,79,Richmond,S Illinois,93,84,,,,0,,,,,,,,,,2,,0,Richmond,VA,1,,,,,,"32,42,19","36,38,10"
ncaab:401820548,ncaab,2025-12-13T23:00Z,final,2460,2473,Northern Iowa,Oakland,75,63,-401,315,,0,-380,300,-8.5,-110,-111,,,,,2,,0,Cedar Falls,IA,1,268,,,,-6.0,"38,37","30,33"
ncaab:401823548,ncaab,2025-12-13T23:00Z,final,264,253,Washington,Southern Utah,105,69,-10000,4000,,0,-20000,3500,-25.5,-105,-115,,,,,2,,0,Seattle,WA,1,,,,,,"53,52","33,36"
ncaab:401824115,ncaab,2025-12-13T23:00Z,final,301,2464,San Diego,N Arizona,78,69,-212,173,,0,-165,140,-4.5,-110,-110,,,,,2,,0,San Diego,CA,1,,,,,,"40,38","29,40"
ncaab:401824940,ncaab,2025-12-13T23:30Z,final,238,2110,Vanderbilt,C Arkansas,83,72,,,,0,,,,,,,,,,2,,0,Nashville,TN,1,170,,,,-6.0,"47,36","31,41"
ncaab:401827072,ncaab,2025-12-13T23:30Z,final,2737,3243,Winthrop,Bob Jones,101,55,,,,0,,,,,,,,,,2,,0,Rock Hill,SC,1,,,,,,"47,54","25,30"
ncaab:401813442,ncaab,2025-12-14T00:00Z,final,2168,2454,Dayton,North Florida,84,61,,,,0,,,,,,,,,,2,,0,Dayton,OH,1,225,,,,-5.0,"46,38","23,38"
ncaab:401817472,ncaab,2025-12-14T00:00Z,final,23,24,San José St,Stanford,82,86,320,-410,,0,250,-310,8.5,-115,-105,,,,,2,,0,San Jose,CA,1,,,,,,"36,46","44,42"
ncaab:401819821,ncaab,2025-12-14T00:00Z,final,2541,9,Santa Clara,Arizona St,79,82,,,,1,,,,,,,,,,2,,0,Henderson,NV,1,569,,,,-8.0,"55,24","38,44"
ncaab:401824066,ncaab,2025-12-14T00:00Z,final,279,612,Pacific,Simpson (CA),104,50,,,,0,,,,,,,,,,2,,0,Stockton,CA,1,,,,,,"55,49","23,27"
ncaab:401825389,ncaab,2025-12-14T00:00Z,final,2698,290,West Georgia,GA Southern,85,91,,,,0,,,,,,,,,,2,,0,Carrollton,GA,1,336,,,,-5.0,"42,43","45,46"
ncaab:401829424,ncaab,2025-12-14T00:00Z,final,2579,2643,South Carolina,The Citadel,71,55,-20000,2642,,0,-20000,3030,-23.5,-110,-110,,,,,2,,0,Columbia,SC,1,89,,,,-5.0,"35,36","28,27"
ncaab:401827208,ncaab,2025-12-14T00:45Z,final,96,84,Kentucky,Indiana,72,60,-170,142,,0,-205,168,-3.5,-110,-110,,,,,2,,0,Lexington,KY,1,295,,,,-5.0,"32,40","39,21"
ncaab:401817190,ncaab,2025-12-14T01:00Z,final,139,2539,Saint Louis,San Francisco,85,75,-847,600,,0,-800,550,-12.5,-115,-105,,,,,2,,0,St. Louis,MO,1,,,,,,"31,54","30,45"
ncaab:401819921,ncaab,2025-12-14T01:00Z,final,194,277,Ohio State,West Virginia,89,88,-166,140,,1,-245,198,-3.5,-110,-110,,,,,2,,0,Cleveland,OH,1,199,,,,-5.0,"27,41,9,12","37,31,9,11"
ncaab:401823790,ncaab,2025-12-14T01:00Z,final,2253,324,Grand Canyon,Coastal,82,61,-2303,989,,0,-1700,950,-18.5,-108,-112,,,,,2,,0,Phoenix,AZ,1,331,,,,-7.0,"52,30","25,36"
ncaab:401824130,ncaab,2025-12-14T01:00Z,final,2547,2952,Seattle U,Warner Pacific,115,60,,,,0,,,,,,,,,,2,,0,Seattle,WA,1,,,,,,"61,54","26,34"
ncaab:401825408,ncaab,2025-12-14T01:00Z,final,120,130,Maryland,Michigan,83,101,1200,-2800,,0,1060,-2500,19.5,-110,-110,,,,,2,,0,College Park,MD,1,21,,,,-5.0,"50,33","45,56"
ncaab:401826894,ncaab,2025-12-14T01:00Z,final,2550,164,Seton Hall,Rutgers,81,59,-1100,700,,0,-580,420,-13.5,-102,-118,,,,,2,,0,Newark,NJ,1,9,,,,-5.0,"35,46","21,38"
ncaab:401828528,ncaab,2025-12-14T01:00Z,final,198,3120,Oral Roberts,Ecclesia,97,52,,,,0,,,,,,,,,,2,,0,Tulsa,OK,1,,,,,,"44,53","25,27"
ncaab:401829452,ncaab,2025-12-14T01:00Z,final,140,125330,Kansas City,Spurgeon,102,75,,,,0,,,,,,,,,,2,,0,Kansas City,MO,1,274,,,,-6.0,"48,54","32,43"
ncaab:401817461,ncaab,2025-12-14T01:30Z,final,99,2567,LSU,SMU,89,77,,,,1,,,,,,,,,,2,,0,New Orleans,LA,1,0,,,,-6.0,"47,42","44,33"
ncaab:401819838,ncaab,2025-12-14T02:00Z,final,252,27,BYU,UC Riverside,100,53,,,,0,,,,,,,,,,2,,0,Provo,UT,1,1387,,,,-7.0,"49,51","32,21"
ncaab:401824029,ncaab,2025-12-14T02:00Z,final,3101,130183,Utah Tech,Justice,89,48,,,,0,,,,,,,,,,2,,0,St. George,UT,1,,,,,,"47,42","16,32"
ncaab:401812266,ncaab,2025-12-14T02:30Z,final,333,12,Alabama,Arizona,75,96,143,-170,,1,-125,105,2.5,-105,-115,,,,,2,,0,Birmingham,AL,1,187,,,,-6.0,"41,34","39,57"
ncaab:401820401,ncaab,2025-12-14T02:30Z,final,2439,2634,UNLV,Tennessee St,60,63,-900,600,,0,-700,500,-12.5,-110,-110,,,,,2,,0,Henderson,NV,1,569,,,,-8.0,"33,27","29,34"
ncaab:401823739,ncaab,2025-12-14T02:30Z,final,2934,2492,Bakersfield,Pepperdine,62,70,-135,114,,0,-115,-105,-1.5,-115,-104,,,,,2,,0,Bakersfield,CA,1,123,,,,-8.0,"26,36","33,37"
ncaab:401813454,ncaab,2025-12-14T03:00Z,final,2440,2184,Nevada,Duquesne,78,75,-285,230,,0,-575,425,-5.5,-112,-108,,,,,2,,0,Reno,NV,1,,,,,,"42,36","35,40"
ncaab:401819912,ncaab,2025-12-14T03:00Z,final,254,344,Utah,Mississippi St,74,82,110,-130,,1,146,-176,1.5,-100,-120,,,,,2,,0,Salt Lake City,UT,1,,,,,,"42,32","32,50"
ncaab:401813763,ncaab,2025-12-14T04:45Z,final,2250,26,Gonzaga,UCLA,82,72,-554,425,,1,-425,325,-10.5,-111,-111,,,,,2,,0,Seattle,WA,1,,,,,,"45,37","40,32"
ncaab:401824902,ncaab,2025-12-14T04:59Z,final,62,2638,Hawai'i,UTEP,66,61,,,,0,,,,,,,,,,2,,0,Honolulu,HI,1,5,,,,-10.0,"25,41","29,32"
ncaab:401826847,ncaab,2025-12-14T04:59Z,final,28,2655,UC San Diego,Tulane,93,67,-255,205,,1,-230,190,-5.5,-112,-108,,,,,2,,0,Henderson,NV,1,569,,,,-8.0,"53,40","31,36"
ncaab:401812386,ncaab,2025-12-14T17:00Z,final,218,2598,Temple,Saint Francis,95,67,,,,0,,,,,,,,,,2,,0,Philadelphia,PA,1,12,,,,-5.0,"47,48","24,43"
ncaab:401817525,ncaab,2025-12-14T17:00Z,final,259,2379,Virginia Tech,MD Eastern,82,53,,,,0,,,,,,,,,,2,,0,Blacksburg,VA,1,633,,,,-5.0,"38,44","29,24"
ncaab:401819879,ncaab,2025-12-14T18:00Z,final,66,2197,Iowa State,E Illinois,78,53,,,,0,,,,,,,,,,2,,0,Ames,IA,1,287,,,,-6.0,"44,34","28,25"
ncaab:401820814,ncaab,2025-12-14T18:00Z,final,151,2084,East Carolina,Buffalo,73,70,-117,-110,,0,-110,-110,-1.5,-110,-110,,,,,2,,0,Greenville,NC,1,18,,,,-5.0,"28,45","47,23"
ncaab:401827008,ncaab,2025-12-14T18:00Z,final,135,2640,Minnesota,Texas Southern,89,53,-2400,1500,,0,-3000,1200,-21.0,-107,-112,,,,,2,,0,Minneapolis,MN,1,253,,,,-6.0,"45,44","25,28"
ncaab:401822314,ncaab,2025-12-14T19:00Z,final,270,282,Milwaukee,Indiana St,68,70,-198,164,,0,-185,155,-4.5,-112,-108,,,,,2,,0,Milwaukee,WI,1,188,,,,-6.0,"39,29","36,34"
ncaab:401822327,ncaab,2025-12-14T19:00Z,final,2097,2050,Campbell,Ball State,69,64,-375,295,,0,-305,245,-8.5,-108,-112,,,,,2,,0,Buies Creek,NC,1,63,,,,-5.0,"30,39","30,34"
ncaab:401823005,ncaab,2025-12-14T19:00Z,final,2754,2644,Youngstown St,Thiel,103,52,,,,0,,,,,,,,,,2,,0,Youngstown,OH,1,,,,,,"46,57","22,30"
ncaab:401823313,ncaab,2025-12-14T19:00Z,final,2217,2405,Fairfield,Monmouth,73,65,120,-142,,0,120,-142,2.5,-112,-107,,,,,2,,0,Fairfield,CT,1,4,,,,-8.0,"32,41","35,30"
ncaab:401826737,ncaab,2025-12-14T19:00Z,final,2026,2272,App State,High Point,86,78,,,,1,,,,,,,,,,2,,0,Hickory,NC,1,350,,,,-5.0,"34,37,15","33,38,7"
ncaab:401826769,ncaab,2025-12-14T19:00Z,final,261,2771,Vermont,Merrimack,66,59,-265,225,,0,-275,220,-6.5,-109,-111,,,,,2,,0,Burlington,VT,1,61,,,,-5.0,"30,36","21,38"
ncaab:401827113,ncaab,2025-12-14T19:00Z,final,142,2065,Missouri,Bethune,82,60,-3600,1500,,0,-4500,1600,-21.5,-106,-114,,,,,2,,0,Columbia,MO,1,215,,,,-6.0,"39,43","25,35"
ncaab:401827487,ncaab,2025-12-14T19:00Z,final,325,2474,Cleveland St,Oakland City,96,52,,,,0,,,,,,,,,,2,,0,Cleveland,OH,1,199,,,,-5.0,"45,51","22,30"
ncaab:401829344,ncaab,2025-12-14T19:00Z,final,2565,101,SIUE,Eureka,97,54,,,,0,,,,,,,,,,2,,0,Edwardsville,IL,1,165,,,,-6.0,"42,55","19,35"
ncaab:401832162,ncaab,2025-12-14T19:00Z,final,71,3071,Bradley,N Central (IL),86,53,,,,0,,,,,,,,,,2,,0,Peoria,IL,1,153,,,,-6.0,"46,40","29,24"
ncaab:401822764,ncaab,2025-12-14T19:30Z,final,2515,2154,Radford,Coppin St,107,77,-2800,1800,,0,-3500,1280,-20.5,-113,-107,,,,,2,,0,Radford,VA,1,,,,,,"43,64","41,36"
ncaab:401823650,ncaab,2025-12-14T20:00Z,final,2294,2711,Iowa,W Michigan,91,51,,,,0,,,,,,,,,,2,,0,Iowa City,IA,1,204,,,,-6.0,"52,39","16,35"
ncaab:401823812,ncaab,2025-12-14T20:00Z,final,36,3141,Colorado St,Northern NM,104,54,,,,0,,,,,,,,,,2,,0,Fort Collins,CO,1,1525,,,,-7.0,"60,44","26,28"
ncaab:401826876,ncaab,2025-12-14T20:00Z,final,5,2653,UAB,Troy,85,86,-258,215,,0,-250,205,-6.5,-108,-112,,,,,2,,0,Birmingham,AL,1,187,,,,-6.0,"39,46","35,51"
ncaab:401829351,ncaab,2025-12-14T20:00Z,final,2546,2615,SE Missouri,Saint Xavier,88,65,,,,0,,,,,,,,,,2,,0,Cape Girardeau,MO,1,108,,,,-6.0,"46,42","22,43"
ncaab:401820803,ncaab,2025-12-14T21:00Z,final,232,2429,Charleston,Charlotte,74,67,-259,210,,0,-205,170,-5.5,-115,-105,,,,,2,,0,Charleston,SC,1,6,,,,-5.0,"39,35","33,34"
ncaab:401823234,ncaab,2025-12-14T21:00Z,final,167,526,New Mexico,FGCU,75,59,,,,0,,,,,,,,,,2,,0,Albuquerque,NM,1,1511,,,,-7.0,"28,47","25,34"
ncaab:401817161,ncaab,2025-12-14T22:00Z,final,2350,2130,Loyola Chicago,Chicago St,75,84,-1450,900,,0,-1300,760,-15.5,-110,-110,,,,,2,,0,Chicago,IL,1,179,,,,-6.0,"28,47","35,49"
ncaab:401817512,ncaab,2025-12-14T22:00Z,final,2870,2174,Purdue FW,Detroit Mercy,81,77,-429,345,,0,-250,205,-9.0,-110,-110,,,,,2,,0,Fort Wayne,IN,1,247,,,,-5.0,"40,41","33,44"
ncaab:401817535,ncaab,2025-12-14T22:00Z,final,154,2511,Wake Forest,Queens,111,73,-2400,1300,,0,-2500,1100,-18.5,-109,-111,,,,,2,,0,Winston-Salem,NC,1,,,,,,"57,54","39,34"
ncaab:401823018,ncaab,2025-12-14T22:00Z,final,2501,2309,Portland,Kent State,88,78,270,-340,,0,240,-300,7.5,-105,-115,,,,,2,,0,Portland,OR,1,12,,,,-8.0,"39,49","36,42"
ncaab:401823570,ncaab,2025-12-14T22:00Z,final,70,2866,Idaho,Evergreen,109,55,,,,0,,,,,,,,,,2,,0,Moscow,ID,1,786,,,,-8.0,"56,53","17,38"
ncaab:401828279,ncaab,2025-12-14T22:30Z,final,6,249,South Alabama,North Texas,57,58,-125,105,,0,-155,130,-1.5,-108,-112,,,,,2,,0,Mobile,AL,1,3,,,,-6.0,"26,31","30,28"
ncaab:401829394,ncaab,2025-12-14T22:30Z,final,2630,3134,UT Martin,Champ Chrstn,96,52,,,,0,,,,,,,,,,2,,0,Martin,TN,1,124,,,,-6.0,"48,48","34,18"
ncaab:401823819,ncaab,2025-12-14T23:00Z,final,68,2608,Boise St,Saint Mary's,68,67,120,-141,,1,106,-128,2.5,-115,-105,,,,,2,,0,Idaho Falls,ID,1,1434,,,,-7.0,"37,31","32,35"
ncaab:401823348,ncaab,2025-12-15T00:00Z,final,245,294,Texas A&M,Jacksonville,112,75,-8000,2200,,0,-20000,3500,-25.5,-112,-108,,,,,2,,0,College Station,TX,1,103,,,,-6.0,"51,61","26,49"
ncaab:401824140,ncaab,2025-12-15T00:30Z,final,30,265,USC,Washington St,68,61,-1298,780,,0,-1700,890,-12.5,-110,-110,,,,,2,,0,Los Angeles,CA,1,89,,,,-8.0,"33,35","26,35"
ncaab:401829435,ncaab,2025-12-15T18:00Z,final,2535,2081,Samford,Bryan,106,51,,,,0,,,,,,,,,,2,,0,Homewood,AL,1,203,,,,-6.0,"60,46","18,33"
ncaab:401808703,ncaab,2025-12-16T00:00Z,final,2545,2837,SE Louisiana,East Texas A&M,69,70,,,,0,,,,,,,,,,2,,0,Hammond,LA,1,13,,,,-6.0,"33,36","33,37"
ncaab:401813382,ncaab,2025-12-16T00:00Z,final,2670,315,VCU,Niagara,84,58,-8000,2200,,0,-6600,1650,-30.5,-111,-109,,,,,2,,0,Richmond,VA,1,,,,,,"37,47","34,24"
ncaab:401825208,ncaab,2025-12-16T00:00Z,final,56,2519,Stetson,Rhodes,95,76,,,,0,,,,,,,,,,2,,0,DeLand,FL,1,12,,,,-5.0,"46,49","39,37"
ncaab:401826972,ncaab,2025-12-16T00:00Z,final,2241,2747,Gardner-Webb,Wofford,57,83,490,-675,,0,-550,400,10.5,-110,-110,,,,,2,,0,Boiling Springs,NC,1,269,,,,-5.0,"27,30","34,49"
ncaab:401827134,ncaab,2025-12-16T00:00Z,final,2029,3120,AR-Pine Bluff,Ecclesia,114,64,,,,0,,,,,,,,,,2,,0,Pine Bluff,AR,1,67,,,,-6.0,"47,67","38,26"
ncaab:401842404,ncaab,2025-12-16T00:00Z,final,50,2013,Florida A&M,Albany St,93,77,,,,0,,,,,,,,,,2,,0,Tallahassee,FL,1,,,,,,"47,46","35,42"
ncaab:401823365,ncaab,2025-12-16T00:30Z,final,98,2098,Western KY,Campbellsville,102,59,,,,0,,,,,,,,,,2,,0,Bowling Green,KY,1,161,,,,-6.0,"54,48","28,31"
ncaab:401812256,ncaab,2025-12-16T01:00Z,final,2628,2916,TCU,Incarnate Word,69,65,-4500,1700,,0,-3500,1280,-19.5,-108,-112,,,,,2,,0,Fort Worth,TX,1,199,,,,-6.0,"31,38","37,28"
ncaab:401820475,ncaab,2025-12-16T01:00Z,final,2277,2377,Hou Christian,McNeese,68,78,,,,0,,,,,,,,,,2,,0,Houston,TX,1,12,,,,-6.0,"40,28","33,45"
ncaab:401823439,ncaab,2025-12-16T01:00Z,final,2010,2453,Alabama A&M,North Alabama,68,60,145,-175,,0,-102,-118,3.5,-110,-110,,,,,2,,0,Huntsville,AL,1,193,,,,-6.0,"28,40","29,31"
ncaab:401823762,ncaab,2025-12-16T01:00Z,final,2571,2751,S Dakota St,Wyoming,72,87,,,,1,,,,,,,,,,2,,0,Sioux Falls,SD,1,,,,,,"29,43","40,47"
ncaab:401829375,ncaab,2025-12-16T01:00Z,void,88,3107,S Indiana,East West,,,,,,0,,,,,,,,,,2,,0,Evansville,IN,1,118,,,,-6.0,,
ncaab:401829464,ncaab,2025-12-16T01:00Z,final,2449,2772,N Dakota St,Minn Crook,101,67,,,,0,,,,,,,,,,2,,0,Fargo,ND,1,276,,,,-6.0,"57,44","33,34"
ncaab:401827516,ncaab,2025-12-16T16:00Z,final,2182,47,Drexel,Howard,66,74,-300,235,,0,-275,220,-6.5,-115,-105,,,,,2,,0,Philadelphia,PA,1,12,,,,-5.0,"25,41","36,38"
ncaab:401812670,ncaab,2025-12-16T23:00Z,final,107,159,Holy Cross,Dartmouth,64,89,-102,-122,,0,110,-130,1.5,-113,-107,,,,,2,,0,Worcester,MA,1,,,,,,"26,38","35,54"
ncaab:401817236,ncaab,2025-12-16T23:00Z,final,150,288,Duke,Lipscomb,97,73,,,,0,,,,,,,,,,2,,0,Durham,NC,1,123,,,,-5.0,"48,49","45,28"
ncaab:401823728,ncaab,2025-12-16T23:00Z,final,2349,2529,UMass Lowell,Sacred Heart,87,82,124,-148,,0,-105,-115,2.5,-112,-108,,,,,2,,0,Lowell,MA,1,36,,,,-5.0,"38,49","44,38"
ncaab:401827064,ncaab,2025-12-16T23:00Z,final,2569,2908,SC State,SC Upstate,72,78,,,,0,,,,,,,,,,2,,0,Orangeburg,SC,1,74,,,,-5.0,"37,35","40,38"
ncaab:401828471,ncaab,2025-12-16T23:00Z,final,2335,111166,Liberty,Midway,95,57,,,,0,,,,,,,,,,2,,0,Lynchburg,VA,1,192,,,,-5.0,"50,45","27,30"
ncaab:401823379,ncaab,2025-12-16T23:30Z,final,85,126972,IU Indy,Miami Mid'town,126,73,,,,0,,,,,,,,,,2,,0,Indianapolis,IN,1,218,,,,-5.0,"59,67","27,46"
ncaab:401823472,ncaab,2025-12-16T23:30Z,final,127,2649,Michigan St,Toledo,92,69,-7173,2000,,0,-10000,2400,-23.5,-105,-115,,,,,2,,0,East Lansing,MI,1,261,,,,-5.0,"58,34","28,41"
ncaab:401830423,ncaab,2025-12-16T23:30Z,final,2427,3077,UNC Asheville,KCU,83,73,,,,0,,,,,,,,,,2,,0,Asheville,NC,1,649,,,,-5.0,"46,37","35,38"
ncaab:401808976,ncaab,2025-12-17T00:00Z,final,2320,292,Lamar,UT Rio Grande,72,83,,,,0,,,,,,,,,,2,,0,Beaumont,TX,1,5,,,,-6.0,"34,38","49,34"
ncaab:401809422,ncaab,2025-12-17T00:00Z,final,2390,2229,Miami,FIU,98,81,,,,0,,,,,,,,,,2,,0,Coral Gables,FL,1,3,,,,-5.0,"43,55","43,38"
ncaab:401812925,ncaab,2025-12-17T00:00Z,final,228,2579,Clemson,South Carolina,68,61,-900,600,,0,-900,590,-12.5,-110,-112,,,,,2,,0,Clemson,SC,1,221,,,,-5.0,"34,34","27,34"
ncaab:401813356,ncaab,2025-12-17T00:00Z,final,227,2099,Rhode Island,Canisius,62,45,-5483,1749,,0,-10000,2500,-21.5,-118,-102,,,,,2,,0,Kingston,RI,1,75,,,,-5.0,"22,40","27,18"
ncaab:401813443,ncaab,2025-12-17T00:00Z,final,2168,52,Dayton,Florida St,97,69,-305,242,,0,-335,265,-6.5,-112,-108,,,,,2,,0,Dayton,OH,1,225,,,,-5.0,"42,55","31,38"
ncaab:401817248,ncaab,2025-12-17T00:00Z,final,2633,97,Tennessee,Louisville,83,62,-178,146,,0,-102,-118,-4.5,-115,-105,,,,,2,,0,Knoxville,TN,1,276,,,,-5.0,"34,49","27,35"
ncaab:401822346,ncaab,2025-12-17T00:00Z,final,189,2130,Bowling Green,Chicago St,76,55,-6500,2000,,0,-8000,1800,-21.5,-108,-112,,,,,2,,0,Bowling Green,OH,1,212,,,,-5.0,"40,36","28,27"
ncaab:401822869,ncaab,2025-12-17T00:00Z,final,2599,305,St John's,DePaul,79,66,,,,0,,,,,,,,,,2,,0,Queens,NY,1,12,,,,-5.0,"39,40","28,38"
ncaab:401823413,ncaab,2025-12-17T00:00Z,final,2750,193,Wright St,Miami OH,76,83,-105,-115,,0,-120,100,1.5,-122,102,,,,,2,,0,Dayton,OH,1,225,,,,-5.0,"34,42","46,37"
ncaab:401823853,ncaab,2025-12-17T00:00Z,final,48,2520,Delaware,Rider,65,57,-575,425,,0,-530,390,-9.5,-106,-114,,,,,2,,0,Newark,DE,1,38,,,,-5.0,"31,34","25,32"
ncaab:401826781,ncaab,2025-12-17T00:00Z,final,201,140,Oklahoma,Kansas City,89,67,-10000,3000,,0,-20000,3500,-29.5,-112,-108,,,,,2,,0,Norman,OK,1,357,,,,-6.0,"54,35","27,40"
ncaab:401826980,ncaab,2025-12-17T00:00Z,final,2272,124942,High Point,Mary Baldwin,129,47,,,,0,,,,,,,,,,2,,0,High Point,NC,1,281,,,,-5.0,"66,63","19,28"
ncaab:401827001,ncaab,2025-12-17T00:00Z,final,2400,2627,Miss Valley St,Tarleton St,64,88,,,,0,,,,,,,,,,2,,0,Itta Bena,MS,1,40,,,,-6.0,"40,24","43,45"
ncaab:401827530,ncaab,2025-12-17T00:00Z,final,2430,2448,UNC Greensboro,NC A&T,65,71,,,,0,,,,,,,,,,2,,0,Greensboro,NC,1,266,,,,-5.0,"20,45","38,33"
ncaab:401829050,ncaab,2025-12-17T00:00Z,final,195,2980,Ohio,Ohio Wesleyan,89,56,,,,0,,,,,,,,,,2,,0,Athens,OH,1,219,,,,-5.0,"43,46","31,25"
ncaab:401830199,ncaab,2025-12-17T00:00Z,final,339,2057,Evansville,Belmont,78,83,340,-440,,0,450,-600,8.5,-115,-105,,,,,2,,0,Evansville,IN,1,118,,,,-6.0,"30,48","41,42"
ncaab:401806344,ncaab,2025-12-17T00:30Z,final,2413,2031,Morehead St,Little Rock,78,64,-170,140,,0,-180,150,-4.5,-108,-112,,,,,2,,0,Morehead,KY,1,153,,,,-6.0,"46,32","29,35"
ncaab:401812362,ncaab,2025-12-17T00:30Z,final,344,112358,Mississippi St,Long Island,87,83,,,,0,,,,,,,,,,2,,0,Starkville,MS,1,,,,,,"39,48","38,45"
ncaab:401813326,ncaab,2025-12-17T00:30Z,final,59,2368,Georgia Tech,Marist,87,76,-290,237,,0,-310,250,-7.0,-105,-115,,,,,2,,0,Atlanta,GA,1,320,,,,-5.0,"44,43","36,40"
ncaab:401817270,ncaab,2025-12-17T01:00Z,final,153,2193,North Carolina,ETSU,77,58,,,,0,,,,,,,,,,2,,0,Chapel Hill,NC,1,148,,,,-5.0,"38,39","30,28"
ncaab:401819903,ncaab,2025-12-17T01:00Z,final,2641,2458,Texas Tech,N Colorado,101,90,-7883,2223,,0,-10000,2500,-24.5,-108,-112,,,,,2,,0,Lubbock,TX,1,976,,,,-6.0,"56,45","51,39"
ncaab:401822338,ncaab,2025-12-17T01:00Z,final,77,2674,Northwestern,Valparaiso,86,70,-1749,942,,0,-2000,1000,-16.5,-120,-110,,,,,2,,0,Evanston,IL,1,187,,,,-6.0,"39,47","30,40"
ncaab:401823329,ncaab,2025-12-17T01:00Z,final,2623,198,Missouri St,Oral Roberts,63,62,-219,180,,0,-260,210,-5.5,-105,-115,,,,,2,,0,Springfield,MO,1,,,,,,"30,33","24,38"
ncaab:401823467,ncaab,2025-12-17T01:00Z,final,2459,3107,N Illinois,East West,112,64,,,,0,,,,,,,,,,2,,0,Dekalb,IL,1,268,,,,-6.0,"59,53","25,39"
ncaab:401826858,ncaab,2025-12-17T01:00Z,final,251,2330,Texas,Le Moyne,95,53,,,,0,,,,,,,,,,2,,0,Austin,TX,1,149,,,,-6.0,"41,54","30,23"
ncaab:401829470,ncaab,2025-12-17T01:00Z,final,2437,109998,Omaha,York (NE),105,58,,,,0,,,,,,,,,,2,,0,Omaha,NE,1,323,,,,-6.0,"56,49","33,25"
ncaab:401822868,ncaab,2025-12-17T01:30Z,final,41,2086,UConn,Butler,79,60,,,,0,,,,,,,,,,2,,0,Hartford,CT,1,18,,,,-5.0,"39,40","25,35"
ncaab:401819839,ncaab,2025-12-17T02:00Z,final,252,279,BYU,Pacific,93,57,-6678,2059,,0,-8000,2000,-23.5,-110,-110,,,,,2,,0,Provo,UT,1,1387,,,,-7.0,"41,52","20,37"
ncaab:401819886,ncaab,2025-12-17T02:00Z,final,2305,119,Kansas,Towson,73,49,-1749,850,,0,-3500,1280,-14.5,-106,-114,,,,,2,,0,Lawrence,KS,1,263,,,,-6.0,"36,37","25,24"
ncaab:401823497,ncaab,2025-12-17T02:00Z,final,8,2511,Arkansas,Queens,108,80,-6500,2000,,0,-10000,2500,-23.5,-108,-112,,,,,2,,0,Fayetteville,AR,1,427,,,,-6.0,"60,48","36,44"
ncaab:401823529,ncaab,2025-12-17T02:00Z,final,12,2000,Arizona,Abilene Chrstn,96,62,-20000,3500,,0,-20000,4121,-33.5,-115,-105,,,,,2,,0,Tucson,AZ,1,,,,,,"51,45","31,31"
ncaab:401826743,ncaab,2025-12-17T02:00Z,final,2172,2145,Denver,UC Col Springs,129,93,,,,0,,,,,,,,,,2,,0,Denver,CO,1,1609,,,,-7.0,"60,69","38,55"
ncaab:401823537,ncaab,2025-12-17T03:00Z,final,2856,2582,CA Baptist,Southern,75,67,,,,0,,,,,,,,,,2,,0,Riverside,CA,1,,,,,,"34,41","32,35"
ncaab:401825582,ncaab,2025-12-17T03:00Z,final,13,147,Cal Poly,Montana St,80,83,136,-162,,0,100,-120,2.5,-108,-112,,,,,2,,0,San Luis Obispo,CA,1,,,,,,"41,39","40,43"
ncaab:401826046,ncaab,2025-12-17T03:00Z,final,27,128501,UC Riverside,Stanton,95,70,,,,0,,,,,,,,,,2,,0,Riverside,CA,1,,,,,,"45,50","31,39"
ncaab:401824044,ncaab,2025-12-17T04:30Z,final,2351,28,LMU,UC San Diego,57,67,,,,0,,,,,,,,,,2,,0,Los Angeles,CA,1,89,,,,-8.0,"26,31","34,33"
ncaab:401824941,ncaab,2025-12-17T17:00Z,final,2110,123410,C Arkansas,Kansas Chrstn,102,47,,,,0,,,,,,,,,,2,,0,Conway,AR,1,95,,,,-6.0,"48,54","25,22"
ncaab:401826811,ncaab,2025-12-17T17:15Z,final,242,3238,Rice,SW Christian U,94,47,,,,0,,,,,,,,,,2,,0,Houston,TX,1,12,,,,-6.0,"48,46","25,22"
ncaab:401827135,ncaab,2025-12-17T18:00Z,final,2029,3134,AR-Pine Bluff,Champ Chrstn,138,73,,,,0,,,,,,,,,,2,,0,Pine Bluff,AR,1,67,,,,-6.0,"67,71","33,40"
ncaab:401830246,ncaab,2025-12-17T22:00Z,final,82,2460,UIC,Northern Iowa,54,60,190,-230,,0,188,-225,4.5,-105,-115,,,,,2,,0,Chicago,IL,1,179,,,,-6.0,"27,27","23,37"
ncaab:401822354,ncaab,2025-12-17T23:00Z,final,160,284,New Hampshire,Stonehill,59,58,-180,150,,0,-192,158,-3.5,-110,-110,,,,,2,,0,Durham,NH,1,15,,,,-5.0,"36,23","32,26"
ncaab:401812387,ncaab,2025-12-17T23:30Z,final,57,2598,Florida,Saint Francis,102,61,,,,0,,,,,,,,,,2,,0,Gainesville,FL,1,54,,,,-5.0,"47,55","23,38"
ncaab:401822871,ncaab,2025-12-17T23:30Z,final,2752,156,Xavier,Creighton,57,98,-171,145,,0,-134,112,-3.5,-110,-110,,,,,2,,0,Cincinnati,OH,1,191,,,,-5.0,"22,35","49,49"
ncaab:401817179,ncaab,2025-12-18T00:00Z,final,2210,257,Elon,Richmond,73,70,152,-185,,0,190,-230,3.5,-108,-112,,,,,2,,0,Elon,NC,1,215,,,,-5.0,"35,38","41,29"
ncaab:401817260,ncaab,2025-12-18T00:00Z,final,152,2640,NC State,Texas Southern,108,72,,,,0,,,,,,,,,,2,,0,Raleigh,NC,1,,,,,,"51,57","28,44"
ncaab:401817450,ncaab,2025-12-18T00:00Z,final,221,2066,Pitt,Binghamton,103,63,-10000,2800,,0,-10000,2200,-25.5,-105,-115,,,,,2,,0,Pittsburgh,PA,1,233,,,,-5.0,"57,46","34,29"
ncaab:401817484,ncaab,2025-12-18T00:00Z,final,183,2385,Syracuse,Mercyhurst,76,62,-20000,3500,,0,-5000,1500,-24.5,-118,-102,,,,,2,,0,Syracuse,NY,1,,,,,,"39,37","23,39"
ncaab:401817536,ncaab,2025-12-18T00:00Z,final,154,2344,Wake Forest,Longwood,71,68,-20000,2500,,0,-20000,3500,-25.0,-112,-107,,,,,2,,0,Winston-Salem,NC,1,,,,,,"30,41","34,34"
ncaab:401817593,ncaab,2025-12-18T00:00Z,final,94,2473,N Kentucky,Oakland,77,82,-163,138,,0,-120,100,-2.5,-112,-108,,,,,2,,0,Highland Heights,KY,1,260,,,,-5.0,"38,39","41,41"
ncaab:401817594,ncaab,2025-12-18T00:00Z,final,2523,2754,Robert Morris,Youngstown St,80,77,-143,119,,0,-115,-105,-1.5,-118,-102,,,,,2,,0,Moon Township,PA,1,358,,,,-5.0,"32,37,11","36,33,8"
ncaab:401819849,ncaab,2025-12-18T00:00Z,final,2132,2011,Cincinnati,Alabama St,88,51,-6500,2000,,0,-7000,2000,-21.5,-102,-118,,,,,2,,0,Cincinnati,OH,1,191,,,,-5.0,"50,38","25,26"
ncaab:401820585,ncaab,2025-12-18T00:00Z,final,2405,2514,Monmouth,Quinnipiac,75,85,-115,-105,,0,-108,-112,-1.5,-106,-114,,,,,2,,0,West Long Branch,NJ,1,,,,,,"34,41","49,36"
ncaab:401820815,ncaab,2025-12-18T00:00Z,final,151,2506,East Carolina,Presbyterian,74,53,-192,160,,0,-155,130,-4.5,-102,-118,,,,,2,,0,Greenville,NC,1,18,,,,-5.0,"38,36","23,30"
ncaab:401822837,ncaab,2025-12-18T00:00Z,final,261,2561,Vermont,Siena,83,69,-148,124,,0,-110,-110,-2.5,-115,-105,,,,,2,,0,Burlington,VT,1,61,,,,-5.0,"41,42","27,42"
ncaab:401823043,ncaab,2025-12-18T00:00Z,final,2681,2379,Wagner,MD Eastern,78,64,,,,0,,,,,,,,,,2,,0,Staten Island,NY,1,,,,,,"35,43","31,33"
ncaab:401823222,ncaab,2025-12-18T00:00Z,final,91,236,Bellarmine,Chattanooga,79,64,-118,-102,,0,114,-135,-1.5,110,-130,,,,,2,,0,Louisville,KY,1,142,,,,-5.0,"27,52","36,28"
ncaab:401823349,ncaab,2025-12-18T00:00Z,final,50,294,Florida A&M,Jacksonville,72,65,150,-180,,0,105,-125,3.5,-110,-114,,,,,2,,0,Tallahassee,FL,1,,,,,,"47,25","33,32"
ncaab:401823458,ncaab,2025-12-18T00:00Z,final,2117,354,C Michigan,Olivet,85,65,,,,0,,,,,,,,,,2,,0,Mount Pleasant,MI,1,235,,,,-5.0,"35,50","24,41"
ncaab:401823491,ncaab,2025-12-18T00:00Z,final,2116,2382,UCF,Mercer,81,63,-1649,910,,0,-1400,800,-15.5,-110,-110,,,,,2,,0,Orlando,FL,1,30,,,,-5.0,"35,46","27,36"
ncaab:401825390,ncaab,2025-12-18T00:00Z,final,2698,2077,West Georgia,Brewton Parker,70,49,,,,0,,,,,,,,,,2,,0,Carrollton,GA,1,336,,,,-5.0,"27,43","21,28"
ncaab:401826799,ncaab,2025-12-18T00:00Z,final,235,238,Memphis,Vanderbilt,70,77,380,-495,,0,340,-465,9.5,-115,-105,,,,,2,,0,Memphis,TN,1,78,,,,-6.0,"22,40,8","28,34,15"
ncaab:401827065,ncaab,2025-12-18T00:00Z,final,2908,2576,SC Upstate,S Wesleyan,98,63,,,,0,,,,,,,,,,2,,0,Spartanburg,SC,1,,,,,,"49,49","18,45"
ncaab:401827453,ncaab,2025-12-18T00:00Z,final,232,2643,Charleston,The Citadel,82,78,-1779,974,,0,-1200,750,-17.5,-110,-110,,,,,2,,0,Charleston,SC,1,6,,,,-5.0,"35,47","36,42"
ncaab:401827496,ncaab,2025-12-18T00:00Z,final,2619,399,Stony Brook,UAlbany,55,71,,,,0,,,,,,,,,,2,,0,Stony Brook,NY,1,,,,,,"27,28","40,31"
ncaab:401828314,ncaab,2025-12-18T00:00Z,final,55,2198,Jax State,E Kentucky,59,62,,,,0,,,,,,,,,,2,,0,Jacksonville,AL,1,216,,,,-6.0,"29,30","38,24"
ncaab:401828479,ncaab,2025-12-18T00:00Z,final,2739,2540,Green Bay,Santa Barbara,67,64,230,-284,,0,140,-165,6.5,-110,-110,,,,,2,,0,Green Bay,WI,1,180,,,,-6.0,"42,25","30,34"
ncaab:401828739,ncaab,2025-12-18T00:00Z,final,2428,108806,NC Central,Mid Atl Chrstn,96,62,,,,0,,,,,,,,,,2,,0,Durham,NC,1,123,,,,-5.0,"45,51","30,32"
ncaab:401808578,ncaab,2025-12-18T00:30Z,final,2433,6,UL Monroe,South Alabama,92,96,,,,0,,,,,,,,,,2,,0,Monroe,LA,1,23,,,,-6.0,"45,26,13,8","27,44,13,12"
ncaab:401808919,ncaab,2025-12-18T00:30Z,final,2447,2277,Nicholls,Hou Christian,79,64,,,,0,,,,,,,,,,2,,0,Thibodaux,LA,1,,,,,,"31,48","22,42"
ncaab:401822999,ncaab,2025-12-18T00:30Z,final,2393,338,MTSU,Kennesaw St,68,67,,,,0,,,,,,,,,,2,,0,Murfreesboro,TN,1,186,,,,-6.0,"40,28","31,36"
ncaab:401826848,ncaab,2025-12-18T00:30Z,final,2655,2348,Tulane,Louisiana Tech,61,53,-185,154,,0,-184,152,-4.5,-102,-118,,,,,2,,0,New Orleans,LA,1,0,,,,-6.0,"28,33","20,33"
ncaab:401826877,ncaab,2025-12-18T00:30Z,final,5,325,UAB,Cleveland St,101,77,-2283,1200,,0,-2400,1200,-18.5,-112,-108,,,,,2,,0,Birmingham,AL,1,187,,,,-6.0,"42,59","37,40"
ncaab:401826883,ncaab,2025-12-18T00:30Z,final,2724,2747,Wichita St,Wofford,84,73,-874,587,,0,-950,610,-12.5,-107,-112,,,,,2,,0,Wichita,KS,1,,,,,,"41,43","29,44"
ncaab:401808577,ncaab,2025-12-18T01:00Z,final,295,256,Old Dominion,James Madison,77,68,120,-142,,0,-110,-110,2.5,-112,-108,,,,,2,,0,Norfolk,VA,1,2,,,,-5.0,"34,43","22,46"
ncaab:401811113,ncaab,2025-12-18T01:00Z,final,233,512,South Dakota,Dakota St,80,71,,,,0,,,,,,,,,,2,,0,Vermillion,SD,1,,,,,,"33,47","39,32"
ncaab:401812267,ncaab,2025-12-18T01:00Z,final,333,58,Alabama,South Florida,104,93,-1248,797,,0,-2000,980,-14.5,-112,-107,,,,,2,,0,Tuscaloosa,AL,1,,,,,,"46,58","39,54"
ncaab:401817191,ncaab,2025-12-18T01:00Z,final,139,2065,Saint Louis,Bethune,112,53,-8000,3500,,0,-8000,1800,-25.5,-112,-108,,,,,2,,0,St. Louis,MO,1,,,,,,"56,56","22,31"
ncaab:401826953,ncaab,2025-12-18T01:00Z,final,3084,2692,Utah Valley,Weber St,90,74,-1350,800,,0,-900,600,-14.5,-108,-112,,,,,2,,0,Orem,UT,1,1455,,,,-7.0,"40,50","32,42"
ncaab:401827197,ncaab,2025-12-18T01:00Z,final,145,2010,Ole Miss,Alabama A&M,80,66,-5000,1800,,1,-4500,1600,-20.5,-110,-110,,,,,2,,0,Tupelo,MS,1,,,,,,"44,36","29,37"
ncaab:401808575,ncaab,2025-12-18T01:30Z,final,326,2032,Texas St,Arkansas St,70,89,165,-196,,0,120,-140,4.5,-115,-105,,,,,2,,0,San Marcos,TX,1,,,,,,"32,38","41,48"
ncaab:401822870,ncaab,2025-12-18T01:30Z,final,269,46,Marquette,Georgetown,69,78,-253,212,,0,-188,155,-5.5,-105,-115,,,,,2,,0,Milwaukee,WI,1,188,,,,-6.0,"33,36","37,41"
ncaab:401808967,ncaab,2025-12-18T02:00Z,final,2617,357,SF Austin,Texas A&M-CC,69,60,,,,0,,,,,,,,,,2,,0,Nacogdoches,TX,1,92,,,,-6.0,"25,44","34,26"
ncaab:401819869,ncaab,2025-12-18T02:00Z,final,38,2502,Colorado,Portland St,84,73,-2100,1048,,0,-2800,1160,-16.0,-110,-110,,,,,2,,0,Boulder,CO,1,1624,,,,-7.0,"37,47","35,38"
ncaab:401824035,ncaab,2025-12-18T02:00Z,final,2250,2097,Gonzaga,Campbell,98,70,,,,0,,,,,,,,,,2,,0,Spokane,WA,1,,,,,,"55,43","36,34"
ncaab:401824123,ncaab,2025-12-18T02:00Z,final,2541,249,Santa Clara,North Texas,63,60,-675,525,,1,-630,450,-12.5,-107,-112,,,,,2,,0,Santa Cruz,CA,1,,,,,,"29,34","33,27"
ncaab:401824131,ncaab,2025-12-18T02:00Z,final,302,2547,UC Davis,Seattle U,78,79,133,-158,,0,140,-165,3.0,-117,-103,,,,,2,,0,Davis,CA,1,16,,,,-8.0,"43,35","43,36"
ncaab:401827440,ncaab,2025-12-18T02:00Z,final,30,2636,USC,UTSA,97,70,-7883,2059,,0,-10000,2500,-25.0,-110,-110,,,,,2,,0,Los Angeles,CA,1,89,,,,-8.0,"40,57","31,39"
ncaab:401828295,ncaab,2025-12-18T02:00Z,final,149,148,Montana,Montana Tech,75,82,,,,0,,,,,,,,,,2,,0,Missoula,MT,1,978,,,,-7.0,"36,39","36,46"
ncaab:401823356,ncaab,2025-12-18T02:30Z,final,204,2534,Oregon St,Sam Houston,75,85,-168,142,,0,-120,-100,-3.5,-108,-112,,,,,2,,0,Corvallis,OR,1,71,,,,-8.0,"37,38","46,39"
ncaab:401817162,ncaab,2025-12-18T03:00Z,final,2539,2350,San Francisco,Loyola Chicago,85,71,-797,549,,0,-1450,810,-12.5,-105,-115,,,,,2,,0,San Francisco,CA,1,,,,,,"50,35","36,35"
ncaab:401817473,ncaab,2025-12-18T03:00Z,final,24,250,Stanford,UT Arlington,76,60,,,,0,,,,,,,,,,2,,0,Stanford,CA,1,,,,,,"40,36","25,35"
ncaab:401820557,ncaab,2025-12-18T03:00Z,final,21,2005,San Diego St,Air Force,81,58,-9000,2728,,0,-10000,2500,-24.5,-112,-108,,,,,2,,0,San Diego,CA,1,,,,,,"33,48","30,28"
ncaab:401823507,ncaab,2025-12-18T03:00Z,final,331,265,E Washington,Washington St,63,78,,,,1,,,,,,,,,,2,,0,Spokane,WA,1,,,,,,"31,32","45,33"
ncaab:401813764,ncaab,2025-12-18T03:45Z,final,26,9,UCLA,Arizona St,90,77,-562,410,,0,-610,440,-9.5,-118,-102,,,,,2,,0,Los Angeles,CA,1,89,,,,-8.0,"45,45","33,44"
ncaab:401824093,ncaab,2025-12-18T04:00Z,final,2483,2501,Oregon,Portland,94,69,-2585,1225,,0,-2800,1160,-19.5,-105,-115,,,,,2,,0,Eugene,OR,1,131,,,,-8.0,"51,43","41,28"
ncaab:401820847,ncaab,2025-12-18T16:00Z,final,2127,2454,Charleston So,North Florida,113,90,-650,470,,0,-630,450,-10.5,-106,-113,,,,,2,,0,Charleston,SC,1,6,,,,-5.0,"55,58","41,49"
ncaab:401826973,ncaab,2025-12-18T16:00Z,final,2241,2648,Gardner-Webb,Toccoa Falls,105,65,,,,0,,,,,,,,,,2,,0,Boiling Springs,NC,1,269,,,,-5.0,"39,66","32,33"
ncaab:401828300,ncaab,2025-12-18T22:00Z,final,2296,2261,Jackson St,Hampton,77,84,,,,1,,,,,,,,,,2,,0,College Park,GA,1,320,,,,-5.0,"35,42","36,48"
ncaab:401806345,ncaab,2025-12-18T23:30Z,final,2197,2565,E Illinois,SIUE,76,72,,,,0,,,,,,,,,,2,,0,Charleston,IL,1,204,,,,-6.0,"33,30,13","33,30,9"
ncaab:401808579,ncaab,2025-12-18T23:30Z,final,2026,324,App State,Coastal,67,49,,,,0,,,,,,,,,,2,,0,Boone,NC,1,981,,,,-5.0,"28,39","28,21"
ncaab:401830424,ncaab,2025-12-18T23:30Z,final,2427,571,UNC Asheville,Morris,89,56,,,,0,,,,,,,,,,2,,0,Asheville,NC,1,649,,,,-5.0,"41,48","23,33"
ncaab:401812652,ncaab,2025-12-19T00:00Z,final,2115,2217,C Connecticut,Fairfield,70,84,,,,0,,,,,,,,,,2,,0,New Britain,CT,1,51,,,,-5.0,"26,44","47,37"
ncaab:401820804,ncaab,2025-12-19T00:00Z,final,2429,322,Charlotte,Lafayette,81,67,-675,470,,0,-800,540,-11.5,-108,-112,,,,,2,,0,Charlotte,NC,1,229,,,,-5.0,"36,45","22,45"
ncaab:401822671,ncaab,2025-12-19T00:00Z,final,2603,2169,Saint Joseph's,Delaware St,67,51,-3200,1300,,0,-2800,1300,-19.5,-105,-115,,,,,2,,0,Philadelphia,PA,1,12,,,,-5.0,"33,34","18,33"
ncaab:401822741,ncaab,2025-12-19T00:00Z,final,2670,44,VCU,American,105,83,-3200,1400,,0,-4500,1600,-19.5,-107,-112,,,,,2,,0,Richmond,VA,1,,,,,,"48,57","35,48"
ncaab:401823549,ncaab,2025-12-19T00:00Z,final,2464,253,N Arizona,Southern Utah,65,57,-270,220,,0,-230,190,-5.5,-115,-105,,,,,2,,0,Flagstaff,AZ,1,2104,,,,-7.0,"30,35","32,25"
ncaab:401823862,ncaab,2025-12-19T00:00Z,final,2363,231,Manhattan,Furman,68,75,410,-524,,0,280,-360,10.5,-112,-108,,,,,2,,0,Riverdale,NY,1,,,,,,"33,35","34,41"
ncaab:401826074,ncaab,2025-12-19T00:00Z,final,2729,2515,William & Mary,Radford,96,83,-425,330,,0,-345,275,-8.5,-115,-107,,,,,2,,0,Williamsburg,VA,1,,,,,,"41,55","38,45"
ncaab:401826775,ncaab,2025-12-19T00:00Z,final,61,2717,Georgia,W Carolina,112,82,,,,0,,,,,,,,,,2,,0,Athens,GA,1,228,,,,-5.0,"54,58","40,42"
ncaab:401826840,ncaab,2025-12-19T00:00Z,final,2166,218,Davidson,Temple,63,68,-207,164,,0,-265,215,-3.5,-115,-115,,,,,2,,0,Davidson,NC,1,256,,,,-5.0,"23,40","36,32"
ncaab:401829416,ncaab,2025-12-19T00:00Z,final,2329,131642,Lehigh,PSU Hazleton,83,74,,,,0,,,,,,,,,,2,,0,Bethlehem,PA,1,109,,,,-5.0,"49,34","35,39"
ncaab:401830220,ncaab,2025-12-19T00:00Z,final,282,71,Indiana St,Bradley,99,108,190,-230,,0,138,-166,5.5,-110,-110,,,,,2,,0,Terre Haute,IN,1,,,,,,"41,33,9,9,7","36,38,9,9,16"
ncaab:401827092,ncaab,2025-12-19T00:30Z,final,2755,2450,Grambling,Norfolk St,80,68,,,,1,,,,,,,,,,2,,0,College Park,GA,1,320,,,,-5.0,"38,42","21,47"
ncaab:401808576,ncaab,2025-12-19T01:00Z,final,290,2247,GA Southern,Georgia St,90,67,,,,0,,,,,,,,,,2,,0,Statesboro,GA,1,,,,,,"44,46","41,26"
ncaab:401812257,ncaab,2025-12-19T01:00Z,final,2628,198,TCU,Oral Roberts,72,53,-8000,2200,,0,-10000,2500,-23.5,-115,-105,,,,,2,,0,Fort Worth,TX,1,199,,,,-6.0,"38,34","25,28"
ncaab:401813295,ncaab,2025-12-19T01:00Z,final,197,140,Oklahoma St,Kansas City,91,79,,,,0,,,,,,,,,,2,,0,Stillwater,OK,1,,,,,,"48,43","44,35"
ncaab:401827073,ncaab,2025-12-19T01:00Z,final,155,2737,North Dakota,Winthrop,90,88,650,-900,,0,525,-750,13.0,-112,-108,,,,,2,,0,Grand Forks,ND,1,253,,,,-6.0,"38,52","47,41"
ncaab:401830247,ncaab,2025-12-19T01:00Z,final,93,2181,Murray St,Drake,81,72,-335,270,,0,-330,260,-7.5,-110,-110,,,,,2,,0,Murray,KY,1,163,,,,-6.0,"36,45","30,42"
ncaab:401806346,ncaab,2025-12-19T01:30Z,final,2815,2710,Lindenwood,W Illinois,92,76,,,,0,,,,,,,,,,2,,0,Saint Charles,MO,1,,,,,,"42,50","28,48"
ncaab:401806347,ncaab,2025-12-19T01:30Z,final,88,2031,S Indiana,Little Rock,62,77,,,,0,,,,,,,,,,2,,0,Evansville,IN,1,118,,,,-6.0,"36,26","34,43"
ncaab:401806349,ncaab,2025-12-19T01:30Z,final,2634,2630,Tennessee St,UT Martin,78,71,,,,0,,,,,,,,,,2,,0,Nashville,TN,1,170,,,,-6.0,"32,46","37,34"
ncaab:401808580,ncaab,2025-12-19T01:30Z,final,2572,309,Southern Miss,Louisiana,62,54,-950,617,,0,-950,625,-11.5,-112,-108,,,,,2,,0,Hattiesburg,MS,1,52,,,,-6.0,"24,38","17,37"
ncaab:401824858,ncaab,2025-12-19T02:00Z,final,304,2701,Idaho St,MT Western,80,64,,,,0,,,,,,,,,,2,,0,Pocatello,ID,1,1360,,,,-7.0,"41,39","33,31"
ncaab:401830248,ncaab,2025-12-19T02:00Z,final,79,2287,S Illinois,Illinois St,68,75,,,,0,,,,,,,,,,2,,0,Carbondale,IL,1,126,,,,-6.0,"35,33","30,45"
ncaab:401806348,ncaab,2025-12-19T02:05Z,final,2635,2546,Tennessee Tech,SE Missouri,85,74,,,,0,,,,,,,,,,2,,0,Cookeville,TN,1,334,,,,-6.0,"34,51","35,39"
ncaab:401823740,ncaab,2025-12-19T02:30Z,final,2934,130201,Bakersfield,Nobel,97,66,,,,0,,,,,,,,,,2,,0,Bakersfield,CA,1,123,,,,-8.0,"49,48","32,34"
ncaab:401823333,ncaab,2025-12-19T03:00Z,final,299,2492,Long Beach St,Pepperdine,81,78,-192,160,,0,-170,145,-4.5,-105,-115,,,,,2,,0,Long Beach,CA,1,9,,,,-8.0,"36,45","37,41"
ncaab:401823729,ncaab,2025-12-19T16:00Z,final,2529,159,Sacred Heart,Dartmouth,85,63,-102,-118,,0,-115,-105,1.0,-110,-110,,,,,2,,0,Fairfield,CT,1,4,,,,-8.0,"35,50","26,37"
ncaab:401829281,ncaab,2025-12-19T17:00Z,final,2569,2077,SC State,Brewton Parker,68,54,,,,0,,,,,,,,,,2,,0,Orangeburg,SC,1,74,,,,-5.0,"34,34","27,27"
ncaab:401829436,ncaab,2025-12-19T18:00Z,final,2535,2890,Samford,Reinhardt,85,49,,,,0,,,,,,,,,,2,,0,Homewood,AL,1,203,,,,-6.0,"41,44","17,32"
ncaab:401812292,ncaab,2025-12-19T20:00Z,final,161,130190,FDU,Lehman,76,42,,,,0,,,,,,,,,,2,,0,Hackensack,NJ,1,6,,,,-5.0,"40,36","17,25"
ncaab:401820158,ncaab,2025-12-19T22:00Z,final,2426,2154,Navy,Coppin St,88,55,-4500,1700,,0,-8000,1800,-20.5,-115,-105,,,,,2,,0,Annapolis,MD,1,12,,,,-5.0,"36,52","24,31"
ncaab:401822315,ncaab,2025-12-19T22:00Z,final,270,2571,Milwaukee,S Dakota St,88,87,,,,0,,,,,,,,,,2,,0,Milwaukee,WI,1,188,,,,-6.0,"39,49","38,49"
ncaab:401823263,ncaab,2025-12-19T22:00Z,final,2463,3167,CSU Northridge,La Sierra,88,53,,,,0,,,,,,,,,,2,,0,Northridge,CA,1,246,,,,-8.0,"43,45","16,37"
ncaab:401827091,ncaab,2025-12-19T22:00Z,final,2261,2755,Hampton,Grambling,72,81,,,,1,,,,,,,,,,2,,0,College Park,GA,1,320,,,,-5.0,"33,39","38,43"
ncaab:401827501,ncaab,2025-12-19T23:00Z,final,119,128342,Towson,Notre Dame MD,107,60,,,,0,,,,,,,,,,2,,0,Towson,MD,1,,,,,,"56,51","31,29"
ncaab:401822872,ncaab,2025-12-19T23:30Z,final,2507,2550,Providence,Seton Hall,67,72,-115,-105,,0,-140,116,-1.5,101,-122,,,,,2,,0,Providence,RI,1,2,,,,-5.0,"28,39","35,37"
ncaab:401813405,ncaab,2025-12-20T00:00Z,final,2182,116,Drexel,Mount St Marys,75,67,-227,187,,0,-220,180,-4.5,-115,-105,,,,,2,,0,Philadelphia,PA,1,12,,,,-5.0,"38,37","33,34"
ncaab:401813767,ncaab,2025-12-20T00:00Z,final,2006,2199,Akron,E Michigan,93,72,,,,0,,,,,,,,,,2,,0,Akron,OH,1,291,,,,-5.0,"48,45","34,38"
ncaab:401822184,ncaab,2025-12-20T00:00Z,final,2272,2325,High Point,La Salle,84,72,-1100,750,,0,-1800,880,-13.5,-112,-108,,,,,2,,0,High Point,NC,1,281,,,,-5.0,"35,49","29,43"
ncaab:401826712,ncaab,2025-12-20T00:00Z,final,52,2400,Florida St,Miss Valley St,96,49,,,,0,,,,,,,,,,2,,0,Tallahassee,FL,1,,,,,,"54,42","17,32"
ncaab:401823366,ncaab,2025-12-20T00:30Z,final,98,202,Western KY,Tulsa,81,82,123,-152,,0,120,-140,2.5,-108,-120,,,,,2,,0,Bowling Green,KY,1,161,,,,-6.0,"37,44","30,52"
ncaab:401828733,ncaab,2025-12-20T00:30Z,final,2296,2450,Jackson St,Norfolk St,72,82,200,-245,,1,255,-320,5.5,-109,-111,,,,,2,,0,College Park,GA,1,320,,,,-5.0,"29,43","42,40"
ncaab:401808954,ncaab,2025-12-20T01:00Z,final,99,2545,LSU,SE Louisiana,78,65,,,,0,,,,,,,,,,2,,0,Baton Rouge,LA,1,14,,,,-6.0,"50,28","36,29"
ncaab:401819831,ncaab,2025-12-20T01:00Z,final,239,2016,Baylor,Alcorn St,113,56,,,,0,,,,,,,,,,2,,0,Waco,TX,1,,,,,,"55,58","30,26"
ncaab:401823567,ncaab,2025-12-20T01:00Z,final,222,275,Villanova,Wisconsin,76,66,,,,1,,,,,,,,,,2,,0,Milwaukee,WI,1,188,,,,-6.0,"35,21,20","22,34,10"
ncaab:401827002,ncaab,2025-12-20T01:00Z,final,2627,50,Tarleton St,Florida A&M,78,54,-1350,800,,0,-2000,920,-14.5,-105,-115,,,,,2,,0,Stephenville,TX,1,,,,,,"49,29","35,19"
ncaab:401811973,ncaab,2025-12-20T02:00Z,final,300,2057,UC Irvine,Belmont,58,84,-118,-102,,0,100,-120,-1.5,-102,-118,,,,,2,,0,Irvine,CA,1,17,,,,-8.0,"36,22","38,46"
ncaab:401819840,ncaab,2025-12-20T02:30Z,final,252,2000,BYU,Abilene Chrstn,85,67,,,,0,,,,,,,,,,2,,0,Provo,UT,1,1387,,,,-7.0,"43,42","36,31"
ncaab:401813282,ncaab,2025-12-20T03:00Z,final,25,2415,California,Morgan St,97,50,-20000,4000,,0,-20000,4000,-27.0,-109,-111,,,,,2,,0,Berkeley,CA,1,52,,,,-8.0,"50,47","23,27"
ncaab:401813765,ncaab,2025-12-20T03:00Z,final,26,13,UCLA,Cal Poly,108,87,-10000,3000,,0,-20000,3500,-24.5,-111,-109,,,,,2,,0,Los Angeles,CA,1,89,,,,-8.0,"43,65","45,42"
ncaab:401823440,ncaab,2025-12-20T03:00Z,final,2351,2453,LMU,North Alabama,91,57,,,,0,,,,,,,,,,2,,0,Los Angeles,CA,1,89,,,,-8.0,"46,45","21,36"
ncaab:401824116,ncaab,2025-12-20T03:00Z,final,28,301,UC San Diego,San Diego,80,82,-1200,750,,0,-1600,900,-12.5,-115,-105,,,,,2,,0,San Diego,CA,1,,,,,,"31,49","40,42"
ncaab:401826796,ncaab,2025-12-20T03:00Z,final,2608,2226,Saint Mary's,FAU,88,75,,,,0,,,,,,,,,,2,,0,Moraga,CA,1,152,,,,-8.0,"38,50","30,45"
ncaab:401824132,ncaab,2025-12-20T04:30Z,final,2547,264,Seattle U,Washington,70,66,260,-310,,0,310,-410,7.0,-111,-109,,,,,2,,0,Seattle,WA,1,,,,,,"26,44","29,37"
ncaab:401811114,ncaab,2025-12-20T17:00Z,final,2306,233,Kansas St,South Dakota,106,76,-6741,1800,,0,-7000,2000,-21.5,-110,-110,,,,,2,,0,Manhattan,KS,1,311,,,,-6.0,"57,49","34,42"
ncaab:401817249,ncaab,2025-12-20T17:00Z,final,97,149,Louisville,Montana,94,54,-20000,3500,,0,-20000,3500,-30.5,-105,-115,,,,,2,,0,Louisville,KY,1,142,,,,-5.0,"42,52","20,34"
ncaab:401823473,ncaab,2025-12-20T17:00Z,final,2649,109671,Toledo,Lourdes,100,67,,,,0,,,,,,,,,,2,,0,Toledo,OH,1,,,,,,"49,51","28,39"
ncaab:401826874,ncaab,2025-12-20T17:00Z,final,127,2473,Michigan St,Oakland,79,70,-3112,1300,,1,-4500,1600,-19.5,-115,-105,,,,,2,,0,Detroit,MI,1,183,,,,-5.0,"39,40","36,34"
ncaab:401809306,ncaab,2025-12-20T17:30Z,final,96,2599,Kentucky,St John's,78,66,,,,1,,,,,,,,,,2,,0,Atlanta,GA,1,320,,,,-5.0,"25,53","32,34"
ncaab:401813444,ncaab,2025-12-20T17:30Z,final,2168,2335,Dayton,Liberty,61,64,-600,432,,0,-365,285,-10.5,-108,-112,,,,,2,,0,Dayton,OH,1,225,,,,-5.0,"33,28","29,35"
ncaab:401808581,ncaab,2025-12-20T18:00Z,final,2026,2247,App State,Georgia St,63,70,,,,0,,,,,,,,,,2,,0,Boone,NC,1,981,,,,-5.0,"28,35","31,39"
ncaab:401812388,ncaab,2025-12-20T18:00Z,final,2598,2523,Saint Francis,Robert Morris,70,79,,,,0,,,,,,,,,,2,,0,Loretto,PA,1,595,,,,-5.0,"34,36","37,42"
ncaab:401813383,ncaab,2025-12-20T18:00Z,final,315,538,Niagara,Houghton,81,58,,,,0,,,,,,,,,,2,,0,Niagara Falls,NY,1,187,,,,-5.0,"41,40","20,38"
ncaab:401813769,ncaab,2025-12-20T18:00Z,final,2711,2084,W Michigan,Buffalo,71,88,,,,0,,,,,,,,,,2,,0,Kalamazoo,MI,1,239,,,,-5.0,"28,43","41,47"
ncaab:401817205,ncaab,2025-12-20T18:00Z,final,179,2330,St Bonaventure,Le Moyne,92,81,,,,0,,,,,,,,,,2,,0,Saint Bonaventure,NY,1,,,,,,"42,50","47,34"
ncaab:401822347,ncaab,2025-12-20T18:00Z,final,84,2130,Indiana,Chicago St,78,58,,,,0,,,,,,,,,,2,,0,Bloomington,IN,1,235,,,,-5.0,"52,26","29,29"
ncaab:401823006,ncaab,2025-12-20T18:00Z,final,2754,2908,Youngstown St,SC Upstate,74,65,-395,310,,0,-325,260,-7.5,-115,-105,,,,,2,,0,Youngstown,OH,1,,,,,,"40,34","28,37"
ncaab:401823373,ncaab,2025-12-20T18:00Z,final,2174,2562,Detroit Mercy,Siena Heights,91,60,,,,0,,,,,,,,,,2,,0,Detroit,MI,1,183,,,,-5.0,"38,53","19,41"
ncaab:401808583,ncaab,2025-12-20T19:00Z,final,295,324,Old Dominion,Coastal,74,76,-195,160,,0,-205,170,-3.5,-110,-110,,,,,2,,0,Norfolk,VA,1,2,,,,-5.0,"29,45","34,42"
ncaab:401808587,ncaab,2025-12-20T19:00Z,final,2653,276,Troy,Marshall,70,63,-205,170,,0,-198,164,-4.5,-112,-108,,,,,2,,0,Troy,AL,1,,,,,,"36,34","32,31"
ncaab:401812610,ncaab,2025-12-20T19:00Z,final,108,107,Harvard,Holy Cross,81,53,-550,410,,0,-485,370,-10.0,-109,-111,,,,,2,,0,Cambridge,MA,1,5,,,,-5.0,"41,40","24,29"
ncaab:401813771,ncaab,2025-12-20T19:00Z,final,113,2309,UMass,Kent State,59,69,,,,0,,,,,,,,,,2,,0,Amherst,MA,1,82,,,,-5.0,"24,35","35,34"
ncaab:401813772,ncaab,2025-12-20T19:00Z,final,2050,193,Ball State,Miami OH,77,86,328,-433,,0,425,-575,8.5,-105,-115,,,,,2,,0,Muncie,IN,1,284,,,,-5.0,"36,41","40,46"
ncaab:401817526,ncaab,2025-12-20T19:00Z,final,259,2210,Virginia Tech,Elon,82,81,-1118,687,,0,-1200,720,-13.0,-114,-106,,,,,2,,0,Blacksburg,VA,1,633,,,,-5.0,"35,37,10","43,29,9"
ncaab:401820216,ncaab,2025-12-20T19:00Z,final,2385,2066,Mercyhurst,Binghamton,82,61,-410,340,,0,-410,320,-8.5,-110,-110,,,,,2,,0,Erie,PA,1,199,,,,-5.0,"42,40","18,43"
ncaab:401822396,ncaab,2025-12-20T19:00Z,final,2815,534,Lindenwood,Harris Stowe,109,52,,,,0,,,,,,,,,,2,,0,Saint Charles,MO,1,,,,,,"59,50","29,23"
ncaab:401824310,ncaab,2025-12-20T19:00Z,final,261,314,Vermont,Iona,78,83,-230,190,,0,-205,170,-5.5,-110,-110,,,,,2,,0,Burlington,VT,1,61,,,,-5.0,"40,38","36,47"
ncaab:401824954,ncaab,2025-12-20T19:00Z,final,288,494,Lipscomb,Blue Mountain,123,60,,,,0,,,,,,,,,,2,,0,Nashville,TN,1,170,,,,-6.0,"57,66","22,38"
ncaab:401826755,ncaab,2025-12-20T19:00Z,final,59,322,Georgia Tech,Lafayette,95,81,-1800,1000,,0,-2000,980,-16.5,-114,-107,,,,,2,,0,Atlanta,GA,1,320,,,,-5.0,"49,46","43,38"
ncaab:401827044,ncaab,2025-12-20T19:00Z,final,2504,2491,Prairie View,Paul Quinn,100,64,,,,0,,,,,,,,,,2,,0,Prairie View,TX,1,82,,,,-6.0,"41,59","36,28"
ncaab:401827056,ncaab,2025-12-20T19:00Z,final,2428,2344,NC Central,Longwood,72,74,,,,0,,,,,,,,,,2,,0,Durham,NC,1,123,,,,-5.0,"36,36","36,38"
ncaab:401827502,ncaab,2025-12-20T19:00Z,final,350,47,UNC Wilmington,Howard,66,67,-1450,850,,0,-2200,980,-15.5,-114,-107,,,,,2,,0,Wilmington,NC,1,,,,,,"27,39","38,29"
ncaab:401827913,ncaab,2025-12-20T19:00Z,final,328,36,Utah State,Colorado St,100,58,-471,370,,0,-285,230,-10.5,-115,-105,,,,,2,,0,Logan,UT,1,1382,,,,-7.0,"45,55","24,34"
ncaab:401829446,ncaab,2025-12-20T19:00Z,final,2466,2573,N'Western St,Southern NO,108,55,,,,0,,,,,,,,,,2,,0,Natchitoches,LA,1,36,,,,-6.0,"50,58","30,25"
ncaab:401808585,ncaab,2025-12-20T20:00Z,final,2433,309,UL Monroe,Louisiana,62,76,,,,0,,,,,,,,,,2,,0,Monroe,LA,1,23,,,,-6.0,"25,37","39,37"
ncaab:401813770,ncaab,2025-12-20T20:00Z,final,2459,2117,N Illinois,C Michigan,74,73,,,,0,,,,,,,,,,2,,0,Dekalb,IL,1,268,,,,-6.0,"27,47","44,29"
ncaab:401826744,ncaab,2025-12-20T20:00Z,final,2458,2172,N Colorado,Denver,79,86,-376,290,,0,-650,460,-7.5,-105,-115,,,,,2,,0,Greeley,CO,1,1425,,,,-7.0,"40,39","40,46"
ncaab:401830123,ncaab,2025-12-20T20:00Z,final,292,128256,UT Rio Grande,Biblical Stud,109,51,,,,0,,,,,,,,,,2,,0,Edinburg,TX,1,30,,,,-6.0,"54,55","20,31"
ncaab:401809307,ncaab,2025-12-20T20:26Z,final,194,153,Ohio State,North Carolina,70,71,130,-155,,1,136,-164,2.5,-108,-112,,,,,2,,0,Atlanta,GA,1,320,,,,-5.0,"31,39","34,37"
ncaab:401808586,ncaab,2025-12-20T20:45Z,final,326,6,Texas St,South Alabama,67,65,-175,145,,0,-142,120,-3.5,-105,-115,,,,,2,,0,San Marcos,TX,1,,,,,,"25,42","39,26"
ncaab:401806352,ncaab,2025-12-20T21:00Z,final,2635,2630,Tennessee Tech,UT Martin,62,86,,,,0,,,,,,,,,,2,,0,Cookeville,TN,1,334,,,,-6.0,"31,31","32,54"
ncaab:401813768,ncaab,2025-12-20T21:00Z,final,195,189,Ohio,Bowling Green,58,68,105,-125,,0,-115,-105,1.5,-112,-108,,,,,2,,0,Athens,OH,1,219,,,,-5.0,"29,29","42,26"
ncaab:401817485,ncaab,2025-12-20T21:00Z,final,183,111,Syracuse,Northeastern,91,83,-1675,824,,0,-2000,980,-14.5,-112,-108,,,,,2,,0,Syracuse,NY,1,,,,,,"41,50","31,52"
ncaab:401820829,ncaab,2025-12-20T21:00Z,final,2086,77,Butler,Northwestern,61,58,-191,160,,1,-125,-102,-3.5,-118,-102,,,,,2,,0,Indianapolis,IN,1,218,,,,-5.0,"29,32","23,35"
ncaab:401823791,ncaab,2025-12-20T21:00Z,final,2751,2253,Wyoming,Grand Canyon,70,82,-161,135,,0,-200,164,-2.5,-118,-102,,,,,2,,0,Laramie,WY,1,2184,,,,-7.0,"26,44","45,37"
ncaab:401824894,ncaab,2025-12-20T21:00Z,final,2193,55,ETSU,Jax State,75,81,,,,0,,,,,,,,,,2,,0,Johnson City,TN,1,498,,,,-5.0,"34,41","31,50"
ncaab:401826800,ncaab,2025-12-20T21:00Z,final,344,235,Mississippi St,Memphis,71,66,-175,145,,0,-164,136,-3.5,-110,-110,,,,,2,,0,Starkville,MS,1,,,,,,"34,37","30,36"
ncaab:401806350,ncaab,2025-12-20T21:30Z,final,88,2413,S Indiana,Morehead St,60,64,,,,0,,,,,,,,,,2,,0,Evansville,IN,1,118,,,,-6.0,"33,22,5","26,29,9"
ncaab:401806351,ncaab,2025-12-20T21:30Z,final,2634,2546,Tennessee St,SE Missouri,82,91,,,,0,,,,,,,,,,2,,0,Nashville,TN,1,170,,,,-6.0,"37,45","44,47"
ncaab:401808584,ncaab,2025-12-20T21:30Z,final,2572,2032,Southern Miss,Arkansas St,86,93,105,-125,,0,130,-155,1.5,-112,-108,,,,,2,,0,Hattiesburg,MS,1,52,,,,-6.0,"32,54","39,54"
ncaab:401827531,ncaab,2025-12-20T21:30Z,final,2448,108806,NC A&T,Mid Atl Chrstn,95,55,,,,0,,,,,,,,,,2,,0,Greensboro,NC,1,266,,,,-5.0,"44,51","27,28"
ncaab:401808582,ncaab,2025-12-20T22:00Z,final,290,256,GA Southern,James Madison,96,92,,,,0,,,,,,,,,,2,,0,Statesboro,GA,1,,,,,,"37,43,16","39,41,12"
ncaab:401812363,ncaab,2025-12-20T22:00Z,final,2229,112358,FIU,Long Island,86,79,,,,0,,,,,,,,,,2,,0,Miami,FL,1,2,,,,-5.0,"44,42","46,33"
ncaab:401823492,ncaab,2025-12-20T22:00Z,final,265,2382,Washington St,Mercer,84,78,-342,270,,0,-360,280,-7.5,-115,-105,,,,,2,,0,Pullman,WA,1,717,,,,-8.0,"41,43","39,39"
ncaab:401824124,ncaab,2025-12-20T22:00Z,final,2541,2350,Santa Clara,Loyola Chicago,78,80,-2400,950,,1,-4000,1400,-15.5,-106,-114,,,,,2,,0,Santa Cruz,CA,1,,,,,,"40,38","40,40"
ncaab:401824829,ncaab,2025-12-20T22:00Z,final,2116,526,UCF,FGCU,102,80,,,,0,,,,,,,,,,2,,0,Orlando,FL,1,30,,,,-5.0,"49,53","49,31"
ncaab:401826954,ncaab,2025-12-20T22:00Z,final,3084,3246,Utah Valley,Bethesda,109,48,,,,0,,,,,,,,,,2,,0,Orem,UT,1,1455,,,,-7.0,"52,57","23,25"
ncaab:401820294,ncaab,2025-12-20T22:30Z,final,8,248,Arkansas,Houston,85,94,200,-245,,1,162,-196,5.5,-108,-112,,,,,2,,0,Newark,NJ,1,9,,,,-5.0,"41,44","49,45"
ncaab:401809083,ncaab,2025-12-20T23:00Z,final,2294,2083,Iowa,Bucknell,94,39,-10000,3000,,0,-20000,3500,-25.5,-105,-115,,,,,2,,0,Des Moines,IA,1,266,,,,-6.0,"43,51","21,18"
ncaab:401817180,ncaab,2025-12-20T23:00Z,final,257,2643,Richmond,The Citadel,80,56,-3600,1300,,0,-7000,2000,-19.5,-115,-105,,,,,2,,0,Richmond,VA,1,,,,,,"42,38","32,24"
ncaab:401817514,ncaab,2025-12-20T23:00Z,final,258,120,Virginia,Maryland,80,72,-1684,948,,0,-1600,860,-16.5,-110,-110,,,,,2,,0,Charlottesville,VA,1,142,,,,-5.0,"24,56","19,53"
ncaab:401823482,ncaab,2025-12-20T23:30Z,final,2509,2,Purdue,Auburn,88,60,-360,275,,1,-430,330,-7.5,-110,-110,,,,,2,,0,Indianapolis,IN,1,218,,,,-5.0,"46,42","32,28"
ncaab:401819913,ncaab,2025-12-21T00:00Z,final,254,331,Utah,E Washington,101,77,,,,0,,,,,,,,,,2,,0,Salt Lake City,UT,1,,,,,,"50,51","34,43"
ncaab:401828515,ncaab,2025-12-21T00:00Z,final,2320,2437,Lamar,Omaha,82,85,-290,235,,0,-265,215,-5.5,-110,-110,,,,,2,,0,Beaumont,TX,1,5,,,,-6.0,"32,44,6","43,33,9"
ncaab:401828924,ncaab,2025-12-21T00:00Z,final,2439,278,UNLV,Fresno St,84,72,-417,312,,0,-230,188,-8.5,-105,-115,,,,,2,,0,Las Vegas,NV,1,610,,,,-8.0,"39,45","41,31"
ncaab:401826849,ncaab,2025-12-21T00:30Z,final,2655,2502,Tulane,Portland St,63,61,-166,137,,0,-175,145,-3.0,-111,-109,,,,,2,,0,New Orleans,LA,1,0,,,,-6.0,"24,39","23,38"
ncaab:401812582,ncaab,2025-12-21T01:00Z,final,164,219,Rutgers,Penn,70,69,-800,600,,0,-690,480,-11.5,-115,-105,,,,,2,,0,Piscataway,NJ,1,30,,,,-5.0,"29,41","33,36"
ncaab:401817474,ncaab,2025-12-21T01:00Z,final,38,24,Colorado,Stanford,68,77,-175,143,,1,-172,142,-2.5,-110,-110,,,,,2,,0,Phoenix,AZ,1,331,,,,-7.0,"35,33","33,44"
ncaab:401823538,ncaab,2025-12-21T01:00Z,final,2856,16,CA Baptist,Sacramento St,74,67,,,,0,,,,,,,,,,2,,0,Riverside,CA,1,,,,,,"38,36","34,33"
ncaab:401826047,ncaab,2025-12-21T01:00Z,final,2900,27,St Thomas,UC Riverside,92,78,,,,0,,,,,,,,,,2,,0,Saint Paul,MN,1,,,,,,"41,51","38,40"
ncaab:401817237,ncaab,2025-12-21T01:10Z,final,150,2641,Duke,Texas Tech,81,82,-421,329,,1,-365,285,-9.5,-120,-102,,,,,2,,0,New York,NY,1,10,,,,-5.0,"46,35","36,46"
ncaab:401820490,ncaab,2025-12-21T01:30Z,final,357,2903,Texas A&M-CC,SW Adventist,93,36,,,,0,,,,,,,,,,2,,0,Corpus Christi,TX,1,2,,,,-6.0,"48,45","15,21"
ncaab:401822873,ncaab,2025-12-21T01:30Z,final,156,269,Creighton,Marquette,84,63,-298,240,,0,-530,390,-6.5,-115,-105,,,,,2,,0,Omaha,NE,1,323,,,,-6.0,"46,38","32,31"
ncaab:401822874,ncaab,2025-12-21T01:30Z,final,46,2752,Georgetown,Xavier,77,80,-219,180,,0,-215,176,-4.5,-115,-105,,,,,2,,0,Washington,DC,1,,,,,,"40,37","35,45"
ncaab:401824030,ncaab,2025-12-21T02:00Z,final,2692,3101,Weber St,Utah Tech,80,82,-247,202,,0,-218,180,-5.5,-110,-110,,,,,2,,0,Ogden,UT,1,1311,,,,-7.0,"41,39","43,39"
ncaab:401824074,ncaab,2025-12-21T02:00Z,final,2492,242,Pepperdine,Rice,84,62,102,-121,,0,110,-130,1.5,-110,-110,,,,,2,,0,Malibu,CA,1,32,,,,-8.0,"36,48","29,33"
ncaab:401829327,ncaab,2025-12-21T02:00Z,final,167,23,New Mexico,San José St,88,65,-1649,924,,0,-1200,720,-16.5,-110,-110,,,,,2,,0,Albuquerque,NM,1,1511,,,,-7.0,"41,47","28,37"
ncaab:401823820,ncaab,2025-12-21T03:00Z,final,2440,68,Nevada,Boise St,81,66,136,-162,,0,126,-152,3.5,-110,-110,,,,,2,,0,Reno,NV,1,,,,,,"36,45","26,40"
ncaab:401823768,ncaab,2025-12-21T03:30Z,final,12,21,Arizona,San Diego St,68,45,-1350,800,,1,-1700,890,-13.5,-115,-105,,,,,2,,0,Phoenix,AZ,1,331,,,,-7.0,"28,40","27,18"
ncaab:401813421,ncaab,2025-12-21T17:00Z,final,116,111199,Mount St Marys,PSU Brandywine,73,42,,,,0,,,,,,,,,,2,,0,Emmitsburg,MD,1,133,,,,-5.0,"39,34","26,16"
ncaab:401817451,ncaab,2025-12-21T17:00Z,final,213,221,Penn State,Pitt,46,80,,,,1,,,,,,,,,,2,,0,Hershey,PA,1,129,,,,-5.0,"20,26","40,40"
ncaab:401820159,ncaab,2025-12-21T17:00Z,final,2426,465,Navy,Rosemont,70,23,,,,0,,,,,,,,,,2,,0,Annapolis,MD,1,12,,,,-5.0,"35,35","12,11"
ncaab:401823390,ncaab,2025-12-21T17:00Z,final,94,232,N Kentucky,Charleston,74,85,-184,153,,0,-146,122,-3.5,-115,-105,,,,,2,,0,Highland Heights,KY,1,260,,,,-5.0,"30,44","40,45"
ncaab:401824363,ncaab,2025-12-21T17:00Z,final,104,2349,Boston U,UMass Lowell,88,76,-198,164,,0,-152,126,-3.5,-115,-105,,,,,2,,0,Boston,MA,1,14,,,,-5.0,"47,41","38,38"
ncaab:401827074,ncaab,2025-12-21T17:00Z,final,2737,126954,Winthrop,Clinton,107,41,,,,0,,,,,,,,,,2,,0,Rock Hill,SC,1,,,,,,"49,58","16,25"
ncaab:401829406,ncaab,2025-12-21T17:00Z,final,57,2142,Florida,Colgate,90,60,-20000,3500,,0,-20000,3500,-27.5,-112,-107,,,,,2,,0,Gainesville,FL,1,54,,,,-5.0,"43,47","31,29"
ncaab:401813327,ncaab,2025-12-21T18:00Z,final,2368,2619,Marist,Stony Brook,70,51,-222,183,,0,-205,170,-6.0,-115,-105,,,,,2,,0,Poughkeepsie,NY,1,62,,,,-5.0,"35,35","23,28"
ncaab:401817261,ncaab,2025-12-21T18:00Z,final,152,145,NC State,Ole Miss,76,62,,,,1,,,,,,,,,,2,,0,Greensboro,NC,1,266,,,,-5.0,"45,31","26,36"
ncaab:401817537,ncaab,2025-12-21T18:00Z,final,154,238,Wake Forest,Vanderbilt,67,98,194,-238,,0,195,-240,6.5,-115,-105,,,,,2,,0,Winston-Salem,NC,1,,,,,,"37,30","54,44"
ncaab:401819832,ncaab,2025-12-21T18:00Z,final,239,2582,Baylor,Southern,111,67,-10000,3000,,0,-10000,3000,-26.5,-110,-110,,,,,2,,0,Waco,TX,1,,,,,,"40,71","31,36"
ncaab:401820586,ncaab,2025-12-21T18:00Z,final,2275,2514,Hofstra,Quinnipiac,74,66,-278,230,,0,-270,220,-6.5,-110,-110,,,,,2,,0,Hempstead,NY,1,17,,,,-5.0,"31,43","31,35"
ncaab:401824866,ncaab,2025-12-21T18:00Z,final,2405,2329,Monmouth,Lehigh,76,62,-535,400,,0,-325,250,-9.5,-108,-112,,,,,2,,0,West Long Branch,NJ,1,,,,,,"37,39","28,34"
ncaab:401812268,ncaab,2025-12-21T19:00Z,final,333,338,Alabama,Kennesaw St,92,81,-4236,1500,,1,-7000,2000,-21.5,-105,-115,,,,,2,,0,Huntsville,AL,1,193,,,,-6.0,"54,38","28,53"
ncaab:401813296,ncaab,2025-12-21T19:00Z,final,197,2239,Oklahoma St,Fullerton,94,89,-3112,1248,,0,-4500,1600,-19.5,-110,-110,,,,,2,,0,Stillwater,OK,1,,,,,,"50,44","34,55"
ncaab:401817440,ncaab,2025-12-21T19:00Z,final,87,2870,Notre Dame,Purdue FW,69,72,-998,622,,0,-2000,980,-12.0,-110,-110,,,,,2,,0,South Bend,IN,1,,,,,,"24,45","27,45"
ncaab:401817462,ncaab,2025-12-21T19:00Z,final,2567,2110,SMU,C Arkansas,99,82,,,,0,,,,,,,,,,2,,0,Dallas,TX,1,128,,,,-6.0,"51,48","47,35"
ncaab:401820192,ncaab,2025-12-21T19:00Z,final,2244,2352,George Mason,Loyola MD,86,79,-10000,3000,,0,-10000,2500,-23.5,-111,-109,,,,,2,,0,Fairfax,VA,1,131,,,,-5.0,"35,51","40,39"
ncaab:401820631,ncaab,2025-12-21T19:00Z,final,2182,311,Drexel,Maine,74,56,-625,440,,0,-550,390,-10.5,-111,-109,,,,,2,,0,Philadelphia,PA,1,12,,,,-5.0,"37,37","28,28"
ncaab:401820805,ncaab,2025-12-21T19:00Z,final,2429,82,Charlotte,UIC,88,76,-138,115,,0,-155,130,-2.5,-110,-110,,,,,2,,0,Charlotte,NC,1,229,,,,-5.0,"31,40,17","38,33,5"
ncaab:401820848,ncaab,2025-12-21T19:00Z,final,231,2127,Furman,Charleston So,84,76,-625,440,,0,-550,390,-10.5,-113,-108,,,,,2,,0,Greenville,SC,1,307,,,,-5.0,"34,50","35,41"
ncaab:401823000,ncaab,2025-12-21T19:00Z,final,2393,2161,MTSU,Cumberland,74,58,,,,0,,,,,,,,,,2,,0,Murfreesboro,TN,1,186,,,,-6.0,"30,44","35,23"
ncaab:401823863,ncaab,2025-12-21T19:00Z,final,2363,2506,Manhattan,Presbyterian,87,81,102,-122,,0,124,-148,1.5,-112,-108,,,,,2,,0,Riverdale,NY,1,,,,,,"45,42","36,45"
ncaab:401829450,ncaab,2025-12-21T19:00Z,final,2617,2163,SF Austin,Dallas,103,55,,,,0,,,,,,,,,,2,,0,Nacogdoches,TX,1,92,,,,-6.0,"51,52","22,33"
ncaab:401830120,ncaab,2025-12-21T19:00Z,final,2430,3229,UNC Greensboro,VA Lynchburg,131,53,,,,0,,,,,,,,,,2,,0,Greensboro,NC,1,266,,,,-5.0,"62,69","32,21"
ncaab:401830219,ncaab,2025-12-21T19:00Z,final,71,79,Bradley,S Illinois,73,69,,,,0,,,,,,,,,,2,,0,Peoria,IL,1,153,,,,-6.0,"39,34","34,35"
ncaab:401830251,ncaab,2025-12-21T19:00Z,final,2674,93,Valparaiso,Murray St,79,85,205,-250,,0,185,-225,5.5,-110,-110,,,,,2,,0,Valparaiso,IN,1,,,,,,"39,40","36,49"
ncaab:401830836,ncaab,2025-12-21T19:00Z,final,2169,420,Delaware St,Holy Family,73,61,,,,0,,,,,,,,,,2,,0,Dover,DE,1,9,,,,-5.0,"43,30","34,27"
ncaab:401823520,ncaab,2025-12-21T19:30Z,final,2515,2678,Radford,VMI,97,90,-750,525,,0,-620,430,-11.5,-112,-108,,,,,2,,0,Radford,VA,1,,,,,,"44,53","43,47"
ncaab:401817192,ncaab,2025-12-21T20:00Z,final,139,160,Saint Louis,New Hampshire,93,79,,,,0,,,,,,,,,,2,,0,St. Louis,MO,1,,,,,,"40,53","38,41"
ncaab:401819822,ncaab,2025-12-21T20:00Z,final,9,204,Arizona St,Oregon St,75,78,-924,605,,0,-1050,660,-12.5,-115,-105,,,,,2,,0,Tempe,AZ,1,,,,,,"40,35","38,40"
ncaab:401820494,ncaab,2025-12-21T20:00Z,final,2916,2464,Incarnate Word,N Arizona,90,66,-310,240,,0,-300,235,-8.0,-115,-110,,,,,2,,0,San Antonio,TX,1,,,,,,"39,51","33,33"
ncaab:401826057,ncaab,2025-12-21T20:00Z,final,58,2378,South Florida,UMBC,94,69,-6500,2000,,0,-10000,2200,-22.5,-110,-110,,,,,2,,0,Tampa,FL,1,,,,,,"45,49","29,40"
ncaab:401826878,ncaab,2025-12-21T20:00Z,final,5,2427,UAB,UNC Asheville,72,47,-1200,750,,0,-1200,720,-12.5,-114,-106,,,,,2,,0,Birmingham,AL,1,187,,,,-6.0,"42,30","26,21"
ncaab:401826974,ncaab,2025-12-21T20:00Z,final,2633,2241,Tennessee,Gardner-Webb,94,52,,,,0,,,,,,,,,,2,,0,Knoxville,TN,1,276,,,,-5.0,"52,42","19,33"
ncaab:401827198,ncaab,2025-12-21T20:00Z,final,2010,236,Alabama A&M,Chattanooga,66,73,116,-140,,0,106,-128,2.5,-107,-112,,,,,2,,0,Huntsville,AL,1,193,,,,-6.0,"33,33","37,36"
ncaab:401828272,ncaab,2025-12-21T20:00Z,final,399,172,UAlbany,Cornell,75,83,,,,0,,,,,,,,,,2,,0,Albany,NY,1,45,,,,-5.0,"34,41","29,54"
ncaab:401812926,ncaab,2025-12-21T20:10Z,final,228,2132,Clemson,Cincinnati,68,65,-185,154,,1,-320,255,-4.0,-110,-110,,,,,2,,0,Greenville,SC,1,307,,,,-5.0,"38,30","18,47"
ncaab:401804830,ncaab,2025-12-21T21:00Z,final,166,2534,New Mexico St,Sam Houston,87,78,-219,180,,0,-135,115,-5.5,-105,-115,,,,,2,,0,Las Cruces,NM,1,1191,,,,-7.0,"48,39","28,50"
ncaab:401809423,ncaab,2025-12-21T21:00Z,final,2390,2454,Miami,North Florida,105,67,,,,0,,,,,,,,,,2,,0,Coral Gables,FL,1,3,,,,-5.0,"51,54","35,32"
ncaab:401812258,ncaab,2025-12-21T21:00Z,final,2628,50,TCU,Florida A&M,80,56,,,,0,,,,,,,,,,2,,0,Fort Worth,TX,1,199,,,,-6.0,"24,56","28,28"
ncaab:401822185,ncaab,2025-12-21T21:00Z,final,130,2325,Michigan,La Salle,102,50,,,,0,,,,,,,,,,2,,0,Ann Arbor,MI,1,269,,,,-5.0,"54,48","33,17"
ncaab:401829428,ncaab,2025-12-21T21:00Z,final,245,2837,Texas A&M,East Texas A&M,118,77,,,,0,,,,,,,,,,2,,0,College Station,TX,1,103,,,,-6.0,"56,62","35,42"
ncaab:401830249,ncaab,2025-12-21T21:00Z,final,339,2181,Evansville,Drake,65,66,-111,-103,,0,145,-170,1.5,100,-120,,,,,2,,0,Evansville,IN,1,118,,,,-6.0,"27,38","29,37"
ncaab:401842364,ncaab,2025-12-21T21:00Z,final,30,2662,USC,UC Santa Cruz,102,63,,,,0,,,,,,,,,,2,,0,Los Angeles,CA,1,89,,,,-8.0,"45,57","26,37"
ncaab:401822875,ncaab,2025-12-21T21:30Z,final,305,41,DePaul,UConn,54,72,,,,0,,,,,,,,,,2,,0,Chicago,IL,1,179,,,,-6.0,"30,24","33,39"
ncaab:401817227,ncaab,2025-12-21T22:00Z,final,25,171,California,Columbia,74,56,-417,320,,0,-465,350,-8.5,-108,-112,,,,,2,,0,Berkeley,CA,1,52,,,,-8.0,"28,46","16,40"
ncaab:401817595,ncaab,2025-12-21T22:00Z,final,325,270,Cleveland St,Milwaukee,71,81,230,-285,,0,290,-375,6.5,-110,-110,,,,,2,,0,Cleveland,OH,1,199,,,,-5.0,"37,34","35,46"
ncaab:401826884,ncaab,2025-12-21T22:00Z,final,2724,2198,Wichita St,E Kentucky,88,57,,,,0,,,,,,,,,,2,,0,Wichita,KS,1,,,,,,"44,44","18,39"
ncaab:401830250,ncaab,2025-12-21T22:00Z,final,2287,282,Illinois St,Indiana St,85,65,-950,625,,0,-720,500,-13.5,-108,-112,,,,,2,,0,Normal,IL,1,244,,,,-6.0,"42,43","25,40"
ncaab:401813283,ncaab,2025-12-21T23:00Z,final,2539,2415,San Francisco,Morgan St,94,64,-6500,2000,,0,-10000,3000,-25.5,-105,-115,,,,,2,,0,San Francisco,CA,1,,,,,,"42,52","28,36"
ncaab:401819880,ncaab,2025-12-21T23:00Z,final,66,299,Iowa State,Long Beach St,91,60,,,,0,,,,,,,,,,2,,0,Ames,IA,1,287,,,,-6.0,"57,34","20,40"
ncaab:401824036,ncaab,2025-12-21T23:00Z,final,2483,2250,Oregon,Gonzaga,82,91,650,-850,,1,660,-1050,12.5,-108,-112,,,,,2,,0,Portland,OR,1,12,,,,-8.0,"39,43","42,49"
ncaab:401824859,ncaab,2025-12-21T23:00Z,final,304,302,Idaho St,UC Davis,83,93,-235,192,,0,-210,172,-5.5,-110,-110,,,,,2,,0,Pocatello,ID,1,1360,,,,-7.0,"35,48","50,43"
ncaab:401827236,ncaab,2025-12-21T23:00Z,final,135,2097,Minnesota,Campbell,78,50,-1200,750,,0,-1000,640,-13.5,-110,-110,,,,,2,,0,Minneapolis,MN,1,253,,,,-6.0,"41,37","22,28"
ncaab:401829453,ncaab,2025-12-21T23:00Z,void,140,2046,Kansas City,Austin Peay,,,250,-310,,0,270,-350,6.5,-109,-111,,,,,2,,0,Kansas City,MO,1,274,,,,-6.0,,
ncaab:401823571,ncaab,2025-12-22T00:00Z,final,13,70,Cal Poly,Idaho,80,83,114,-135,,0,114,-137,1.5,-103,-116,,,,,2,,0,San Luis Obispo,CA,1,,,,,,"26,47,7","29,44,10"
ncaab:401824067,ncaab,2025-12-22T00:00Z,final,279,2447,Pacific,Nicholls,95,82,-440,340,,0,-580,420,-8.5,-111,-108,,,,,2,,0,Stockton,CA,1,,,,,,"45,50","34,48"
ncaab:401829465,ncaab,2025-12-22T00:00Z,final,2449,300,N Dakota St,UC Irvine,73,74,,,,1,,,,,,,,,,2,,0,El Paso,TX,1,1133,,,,-7.0,"33,40","40,34"
ncaab:401827239,ncaab,2025-12-22T01:00Z,final,158,155,Nebraska,North Dakota,78,55,,,,0,,,,,,,,,,2,,0,Lincoln,NE,1,367,,,,-6.0,"24,54","26,29"
ncaab:401828475,ncaab,2025-12-22T02:30Z,final,2638,2450,UTEP,Norfolk St,71,72,-485,367,,0,-275,220,-10.0,-110,-110,,,,,2,,0,El Paso,TX,1,1133,,,,-7.0,"32,39","42,30"
ncaab:401822171,ncaab,2025-12-22T16:00Z,final,2230,2441,Fordham,New Haven,65,47,-1200,750,,0,-850,570,-13.5,-115,-105,,,,,2,,0,Bronx,NY,1,28,,,,-5.0,"29,36","23,24"
ncaab:401817152,ncaab,2025-12-22T17:00Z,final,45,117,G Washington,St Mary's (MD),97,40,,,,0,,,,,,,,,,2,,0,Washington,DC,1,,,,,,"60,37","15,25"
ncaab:401827758,ncaab,2025-12-22T17:00Z,final,113,2660,UMass,UMass Boston,91,40,,,,0,,,,,,,,,,2,,0,Amherst,MA,1,82,,,,-5.0,"41,50","21,19"
ncaab:401829047,ncaab,2025-12-22T17:00Z,final,2229,3174,FIU,Trinity Co Jax,121,70,,,,0,,,,,,,,,,2,,0,Miami,FL,1,2,,,,-5.0,"68,53","36,34"
ncaab:401829051,ncaab,2025-12-22T17:00Z,final,195,124809,Ohio,Miami Hamilton,102,59,,,,0,,,,,,,,,,2,,0,Athens,OH,1,219,,,,-5.0,"52,50","34,25"
ncaab:401831279,ncaab,2025-12-22T17:00Z,final,2612,2114,Saint Peter's,Centenary (NJ),116,50,,,,0,,,,,,,,,,2,,0,Jersey City,NJ,1,9,,,,-5.0,"58,58","31,19"
ncaab:401831531,ncaab,2025-12-22T17:00Z,final,2681,130196,Wagner,Manor,74,57,,,,0,,,,,,,,,,2,,0,Staten Island,NY,1,,,,,,"36,38","18,39"
ncaab:401829276,ncaab,2025-12-22T18:00Z,final,2711,190,W Michigan,Defiance,94,57,,,,0,,,,,,,,,,2,,0,Kalamazoo,MI,1,239,,,,-5.0,"48,46","32,25"
ncaab:401831073,ncaab,2025-12-22T18:00Z,final,193,2397,Miami OH,Milligan,135,81,,,,0,,,,,,,,,,2,,0,Oxford,OH,1,283,,,,-5.0,"68,67","35,46"
ncaab:401820830,ncaab,2025-12-22T19:00Z,final,2086,2885,Butler,NJIT,101,52,,,,0,,,,,,,,,,2,,0,Indianapolis,IN,1,218,,,,-5.0,"46,55","19,33"
ncaab:401823424,ncaab,2025-12-22T19:00Z,final,189,2562,Bowling Green,Siena Heights,125,66,,,,0,,,,,,,,,,2,,0,Bowling Green,OH,1,212,,,,-5.0,"52,73","28,38"
ncaab:401823730,ncaab,2025-12-22T19:00Z,final,119,2529,Towson,Sacred Heart,72,47,-1200,750,,0,-610,440,-13.5,-115,-105,,,,,2,,0,Towson,MD,1,,,,,,"31,41","27,20"
ncaab:401825391,ncaab,2025-12-22T19:00Z,final,61,2698,Georgia,West Georgia,103,74,,,,0,,,,,,,,,,2,,0,Athens,GA,1,228,,,,-5.0,"46,57","38,36"
ncaab:401826904,ncaab,2025-12-22T19:00Z,final,2348,2937,Louisiana Tech,Dallas Chrstn,90,37,,,,0,,,,,,,,,,2,,0,Ruston,LA,1,,,,,,"47,43","17,20"
ncaab:401828280,ncaab,2025-12-22T19:00Z,final,249,608,North Texas,Sci & Arts OK,109,56,,,,0,,,,,,,,,,2,,0,Denton,TX,1,201,,,,-6.0,"51,58","33,23"
ncaab:401822362,ncaab,2025-12-22T20:00Z,final,2197,3107,E Illinois,East West,110,56,,,,0,,,,,,,,,,2,,0,Charleston,IL,1,204,,,,-6.0,"51,59","22,34"
ncaab:401824133,ncaab,2025-12-22T20:00Z,final,2636,2547,UTSA,Seattle U,68,71,400,-554,,0,330,-430,10.5,-115,-105,,,,,2,,0,San Antonio,TX,1,,,,,,"24,44","37,34"
ncaab:401825583,ncaab,2025-12-22T20:00Z,final,147,2465,Montana St,Northwest U,93,54,,,,0,,,,,,,,,,2,,0,Bozeman,MT,1,1468,,,,-7.0,"46,47","20,34"
ncaab:401826745,ncaab,2025-12-22T20:00Z,final,202,2172,Tulsa,Denver,90,85,-1675,910,,0,-4000,1400,-16.5,-110,-110,,,,,2,,0,Tulsa,OK,1,,,,,,"42,48","38,47"
ncaab:401823769,ncaab,2025-12-22T21:00Z,final,21,2850,San Diego St,Whittier,121,59,,,,0,,,,,,,,,,2,,0,San Diego,CA,1,,,,,,"62,59","30,29"
ncaab:401826958,ncaab,2025-12-22T21:00Z,final,2692,124946,Weber St,Lincoln (CA),103,64,,,,0,,,,,,,,,,2,,0,Ogden,UT,1,1311,,,,-7.0,"57,46","24,40"
ncaab:401827520,ncaab,2025-12-22T21:00Z,final,2210,2256,Elon,Greensboro,97,63,,,,0,,,,,,,,,,2,,0,Elon,NC,1,215,,,,-5.0,"52,45","34,29"
ncaab:401829282,ncaab,2025-12-22T21:00Z,final,2579,2569,South Carolina,SC State,95,70,,,,0,,,,,,,,,,2,,0,Columbia,SC,1,89,,,,-5.0,"46,49","33,37"
ncaab:401806413,ncaab,2025-12-22T21:30Z,final,2710,2565,W Illinois,SIUE,61,66,,,,0,,,,,,,,,,2,,0,Macomb,IL,1,215,,,,-6.0,"28,33","24,42"
ncaab:401824094,ncaab,2025-12-22T22:00Z,final,2540,2501,Santa Barbara,Portland,79,61,-522,380,,0,-450,350,-9.5,-108,-112,,,,,2,,0,Santa Barbara,CA,1,,,,,,"36,43","23,38"
ncaab:401827009,ncaab,2025-12-22T22:00Z,final,2640,2000,Texas Southern,Abilene Chrstn,68,75,160,-192,,0,164,-205,4.5,-118,-102,,,,,2,,0,Houston,TX,1,12,,,,-6.0,"36,32","33,42"
ncaab:401817515,ncaab,2025-12-22T23:00Z,final,258,44,Virginia,American,95,51,-6500,2000,,0,-20000,3500,-27.5,-112,-108,,,,,2,,0,Charlottesville,VA,1,142,,,,-5.0,"45,50","25,26"
ncaab:401822838,ncaab,2025-12-22T23:00Z,final,84,2561,Indiana,Siena,81,60,-4446,1800,,0,-10000,2400,-21.5,-108,-112,,,,,2,,0,Bloomington,IN,1,235,,,,-5.0,"46,35","20,40"
ncaab:401822765,ncaab,2025-12-22T23:30Z,final,46,2154,Georgetown,Coppin St,97,67,,,,0,,,,,,,,,,2,,0,Washington,DC,1,,,,,,"53,44","25,42"
ncaab:401823453,ncaab,2025-12-22T23:30Z,final,2084,2944,Buffalo,PSU Behrend,92,63,,,,0,,,,,,,,,,2,,0,Buffalo,NY,1,183,,,,-5.0,"51,41","37,26"
ncaab:401812313,ncaab,2025-12-23T00:00Z,final,103,161,Boston College,FDU,72,61,,,,0,,,,,,,,,,2,,0,Chestnut Hill,MA,1,60,,,,-5.0,"25,47","33,28"
ncaab:401812632,ncaab,2025-12-23T00:00Z,final,2670,2520,VCU,Rider,100,79,,,,0,,,,,,,,,,2,,0,Richmond,VA,1,,,,,,"45,55","36,43"
ncaab:401813357,ncaab,2025-12-23T00:00Z,final,2184,2099,Duquesne,Canisius,103,59,-2149,1100,,0,-4000,1550,-19.5,-105,-115,,,,,2,,0,Pittsburgh,PA,1,233,,,,-5.0,"46,57","30,29"
ncaab:401817171,ncaab,2025-12-23T00:00Z,final,227,111,Rhode Island,Northeastern,85,77,-637,472,,0,-710,490,-10.5,-118,-102,,,,,2,,0,Kingston,RI,1,75,,,,-5.0,"48,37","39,38"
ncaab:401817486,ncaab,2025-12-23T00:00Z,final,183,284,Syracuse,Stonehill,77,48,-8000,2200,,0,-10000,2500,-23.0,-109,-111,,,,,2,,0,Syracuse,NY,1,,,,,,"39,38","27,21"
ncaab:401819922,ncaab,2025-12-23T00:00Z,final,277,2400,West Virginia,Miss Valley St,86,51,,,,0,,,,,,,,,,2,,0,Morgantown,WV,1,271,,,,-5.0,"42,44","22,29"
ncaab:401820620,ncaab,2025-12-23T00:00Z,final,2272,2803,High Point,Bryant,93,47,-2400,1500,,0,-3500,1200,-19.5,-107,-112,,,,,2,,0,High Point,NC,1,281,,,,-5.0,"53,40","21,26"
ncaab:401822672,ncaab,2025-12-23T00:00Z,final,2603,324,Saint Joseph's,Coastal,62,68,-310,260,,0,-425,325,-6.5,-115,-105,,,,,2,,0,Philadelphia,PA,1,12,,,,-5.0,"27,35","32,36"
ncaab:401823314,ncaab,2025-12-23T00:00Z,final,2217,170,Fairfield,City (NY),121,58,,,,0,,,,,,,,,,2,,0,Fairfield,CT,1,4,,,,-8.0,"61,60","34,24"
ncaab:401823350,ncaab,2025-12-23T00:00Z,final,52,294,Florida St,Jacksonville,87,63,-10000,2400,,0,-10000,2800,-24.5,-108,-112,,,,,2,,0,Tallahassee,FL,1,,,,,,"43,44","21,42"
ncaab:401823414,ncaab,2025-12-23T00:00Z,final,2750,2199,Wright St,E Michigan,70,64,,,,0,,,,,,,,,,2,,0,Dayton,OH,1,225,,,,-5.0,"34,36","33,31"
ncaab:401826841,ncaab,2025-12-23T00:00Z,final,218,163,Temple,Princeton,65,61,-470,360,,0,-1100,650,-8.5,-112,-108,,,,,2,,0,Philadelphia,PA,1,12,,,,-5.0,"33,32","35,26"
ncaab:401827045,ncaab,2025-12-23T00:00Z,final,99,2504,LSU,Prairie View,104,90,,,,0,,,,,,,,,,2,,0,Baton Rouge,LA,1,14,,,,-6.0,"51,53","56,34"
ncaab:401831232,ncaab,2025-12-23T00:00Z,final,2638,2449,UTEP,N Dakota St,76,66,,,,0,,,,,,,,,,2,,0,El Paso,TX,1,1133,,,,-7.0,"32,44","36,30"
ncaab:401811100,ncaab,2025-12-23T01:00Z,final,356,142,Illinois,Missouri,91,48,,,,1,,,,,,,,,,2,,0,St. Louis,MO,1,,,,,,"41,50","25,23"
ncaab:401817271,ncaab,2025-12-23T01:00Z,final,153,151,North Carolina,East Carolina,99,51,-6500,2000,,0,-10000,3000,-25.5,-110,-110,,,,,2,,0,Chapel Hill,NC,1,148,,,,-5.0,"49,50","26,25"
ncaab:401819887,ncaab,2025-12-23T01:00Z,final,2305,2166,Kansas,Davidson,90,61,-1650,900,,0,-3000,1200,-14.5,-110,-110,,,,,2,,0,Lawrence,KS,1,263,,,,-6.0,"51,39","30,31"
ncaab:401820836,ncaab,2025-12-23T01:00Z,final,156,3101,Creighton,Utah Tech,92,69,-3600,1348,,0,-5000,1500,-19.5,-112,-108,,,,,2,,0,Omaha,NE,1,323,,,,-6.0,"43,49","34,35"
ncaab:401823044,ncaab,2025-12-23T01:00Z,final,251,2379,Texas,MD Eastern,94,71,,,,0,,,,,,,,,,2,,0,Austin,TX,1,149,,,,-6.0,"40,54","34,37"
ncaab:401823380,ncaab,2025-12-23T01:00Z,final,2253,85,Grand Canyon,IU Indy,91,78,-7387,2096,,0,-20000,3000,-23.0,-110,-110,,,,,2,,0,Phoenix,AZ,1,331,,,,-7.0,"48,43","39,39"
ncaab:401823459,ncaab,2025-12-23T01:00Z,final,275,2117,Wisconsin,C Michigan,88,61,,,,0,,,,,,,,,,2,,0,Madison,WI,1,267,,,,-6.0,"40,48","28,33"
ncaab:401823873,ncaab,2025-12-23T01:00Z,final,198,250,Oral Roberts,UT Arlington,57,69,,,,0,,,,,,,,,,2,,0,Tulsa,OK,1,,,,,,"27,30","35,34"
ncaab:401825190,ncaab,2025-12-23T01:00Z,final,2031,2981,Little Rock,Wilms Baptist,98,84,,,,0,,,,,,,,,,2,,0,Little Rock,AR,1,102,,,,-6.0,"43,55","41,43"
ncaab:401826801,ncaab,2025-12-23T01:00Z,final,235,2011,Memphis,Alabama St,88,67,-5000,1800,,0,-5000,1500,-20.5,-108,-112,,,,,2,,0,Memphis,TN,1,78,,,,-6.0,"42,46","33,34"
ncaab:401819841,ncaab,2025-12-23T02:00Z,final,252,331,BYU,E Washington,109,81,,,,0,,,,,,,,,,2,,0,Provo,UT,1,1387,,,,-7.0,"53,56","48,33"
ncaab:401825209,ncaab,2025-12-23T02:00Z,final,201,56,Oklahoma,Stetson,107,54,-6500,2000,,0,-6500,2000,-31.5,-110,-110,,,,,2,,0,Norman,OK,1,357,,,,-6.0,"51,56","30,24"
ncaab:401826887,ncaab,2025-12-23T02:00Z,final,12,2065,Arizona,Bethune,107,71,,,,0,,,,,,,,,,2,,0,Tucson,AZ,1,,,,,,"49,58","35,36"
ncaab:401831233,ncaab,2025-12-23T02:00Z,final,2450,300,Norfolk St,UC Irvine,70,89,455,-624,,1,375,-500,11.0,-110,-110,,,,,2,,0,El Paso,TX,1,1133,,,,-7.0,"25,45","46,43"
ncaab:401820549,ncaab,2025-12-23T03:00Z,final,2608,2460,Saint Mary's,Northern Iowa,63,58,-1000,575,,0,-690,480,-11.5,-108,-112,,,,,2,,0,Moraga,CA,1,152,,,,-8.0,"28,35","27,31"
ncaab:401823264,ncaab,2025-12-23T03:00Z,final,2463,16,CSU Northridge,Sacramento St,100,88,,,,0,,,,,,,,,,2,,0,Northridge,CA,1,246,,,,-8.0,"52,48","44,44"
ncaab:401824117,ncaab,2025-12-23T03:00Z,final,264,301,Washington,San Diego,86,56,-3600,1100,,0,-4000,1400,-18.5,-110,-110,,,,,2,,0,Seattle,WA,1,,,,,,"46,40","26,30"
ncaab:401820611,ncaab,2025-12-23T17:00Z,final,349,2066,Army,Binghamton,95,85,-800,525,,0,-375,290,-12.0,-106,-113,,,,,2,,0,West Point,NY,1,,,,,,"30,46,19","32,44,9"
ncaab:401828299,ncaab,2025-12-23T17:00Z,final,2097,2739,Campbell,Green Bay,102,79,-265,215,,0,-200,164,-5.5,-115,-105,,,,,2,,0,Buies Creek,NC,1,63,,,,-5.0,"44,58","37,42"
ncaab:401823223,ncaab,2025-12-23T18:00Z,final,96,91,Kentucky,Bellarmine,99,85,,,,0,,,,,,,,,,2,,0,Lexington,KY,1,295,,,,-5.0,"46,53","38,47"
ncaab:401824830,ncaab,2025-12-23T19:00Z,final,2116,2226,UCF,FAU,85,80,,,,0,,,,,,,,,,2,,0,Orlando,FL,1,30,,,,-5.0,"33,52","38,42"
ncaab:401827093,ncaab,2025-12-23T19:00Z,final,194,2755,Ohio State,Grambling,89,63,-6500,2000,,0,-20000,3500,-28.5,-108,-112,,,,,2,,0,Columbus,OH,1,235,,,,-5.0,"39,50","24,39"
ncaab:401822397,ncaab,2025-12-23T20:00Z,final,2623,2815,Missouri St,Lindenwood,70,65,-167,140,,0,-170,140,-3.5,-102,-118,,,,,2,,0,Springfield,MO,1,,,,,,"34,36","22,43"
ncaab:401813766,ncaab,2025-12-23T21:00Z,final,26,27,UCLA,UC Riverside,97,65,-5000,1800,,0,-20000,3500,-24.5,-110,-111,,,,,2,,0,Los Angeles,CA,1,89,,,,-8.0,"45,52","34,31"
ncaab:401823572,ncaab,2025-12-23T22:00Z,final,2934,70,Bakersfield,Idaho,64,63,270,-332,,0,162,-196,7.5,-105,-115,,,,,2,,0,Bakersfield,CA,1,123,,,,-8.0,"26,38","23,40"
ncaab:401812611,ncaab,2025-12-23T23:00Z,final,2599,108,St John's,Harvard,85,59,,,,0,,,,,,,,,,2,,0,Queens,NY,1,12,,,,-5.0,"46,39","33,26"
ncaab:401813284,ncaab,2025-12-23T23:00Z,final,2351,2415,LMU,Morgan St,83,56,,,,0,,,,,,,,,,2,,0,Los Angeles,CA,1,89,,,,-8.0,"40,43","21,35"
ncaab:401822876,ncaab,2025-12-24T00:00Z,final,2550,222,Seton Hall,Villanova,56,64,-112,-108,,0,-134,112,-1.5,102,-122,,,,,2,,0,Newark,NJ,1,9,,,,-5.0,"27,29","31,33"
ncaab:401827264,ncaab,2025-12-24T00:00Z,final,276,2706,Marshall,WVU Tech,102,52,,,,0,,,,,,,,,,2,,0,Huntington,WV,1,173,,,,-5.0,"46,56","26,26"
ncaab:401823596,ncaab,2025-12-27T17:00Z,final,350,130401,UNC Wilmington,Columbia (SC),100,56,,,,0,,,,,,,,,,2,,0,Wilmington,NC,1,,,,,,"47,53","24,32"
ncaab:401813455,ncaab,2025-12-27T19:00Z,final,2184,128438,Duquesne,Cleary,99,49,,,,0,,,,,,,,,,2,,0,Pittsburgh,PA,1,233,,,,-5.0,"51,48","25,24"
ncaab:401817475,ncaab,2025-12-28T01:00Z,final,24,2463,Stanford,CSU Northridge,88,80,,,,0,,,,,,,,,,2,,0,Stanford,CA,1,,,,,,"33,55","38,42"
ncaab:401822733,ncaab,2025-12-28T17:00Z,final,2603,407,Saint Joseph's,Arcadia,87,65,,,,0,,,,,,,,,,2,,0,Philadelphia,PA,1,12,,,,-5.0,"44,43","29,36"
ncaab:401820621,ncaab,2025-12-28T18:00Z,final,2803,402,Bryant,Worcester St,95,59,,,,0,,,,,,,,,,2,,0,Smithfield,RI,1,,,,,,"54,41","19,40"
ncaab:401804831,ncaab,2025-12-28T19:00Z,final,2229,2335,FIU,Liberty,94,97,,,,0,,,,,,,,,,2,,0,Miami,FL,1,2,,,,-5.0,"33,49,12","41,41,15"
ncaab:401811115,ncaab,2025-12-28T19:00Z,final,233,573,South Dakota,Mount Marty,85,61,,,,0,,,,,,,,,,2,,0,Vermillion,SD,1,,,,,,"43,42","33,28"
ncaab:401812612,ncaab,2025-12-28T19:00Z,final,2142,108,Colgate,Harvard,69,78,-170,142,,0,-185,154,-3.5,-115,-105,,,,,2,,0,Hamilton,NY,1,181,,,,-5.0,"33,36","36,42"
ncaab:401817217,ncaab,2025-12-28T19:00Z,final,103,2330,Boston College,Le Moyne,72,64,-950,625,,0,-1050,660,-12.5,-112,-108,,,,,2,,0,Chestnut Hill,MA,1,60,,,,-5.0,"30,42","29,35"
ncaab:401818537,ncaab,2025-12-28T19:00Z,final,2454,171,North Florida,Columbia,82,90,650,-1100,,0,750,-1200,12.0,-109,-111,,,,,2,,0,Jacksonville,FL,1,5,,,,-5.0,"43,39","42,48"
ncaab:401819897,ncaab,2025-12-28T19:00Z,final,2306,2433,Kansas St,UL Monroe,94,85,,,,0,,,,,,,,,,2,,0,Manhattan,KS,1,311,,,,-6.0,"46,48","36,49"
ncaab:401819904,ncaab,2025-12-28T19:00Z,final,2641,2737,Texas Tech,Winthrop,87,57,-2800,1400,,0,-3500,1280,-18.5,-108,-112,,,,,2,,0,Lubbock,TX,1,976,,,,-6.0,"59,28","21,36"
ncaab:401823235,ncaab,2025-12-28T19:00Z,final,526,123362,FGCU,Ft Lauderdale,84,43,,,,0,,,,,,,,,,2,,0,Fort Myers,FL,1,3,,,,-5.0,"34,50","21,22"
ncaab:401826981,ncaab,2025-12-28T19:00Z,final,2272,2945,High Point,Pfeiffer,123,64,,,,0,,,,,,,,,,2,,0,High Point,NC,1,281,,,,-5.0,"59,64","25,39"
ncaab:401829441,ncaab,2025-12-28T19:00Z,final,2747,2841,Wofford,Union (KY),88,54,,,,0,,,,,,,,,,2,,0,Spartanburg,SC,1,,,,,,"43,45","22,32"
ncaab:401829460,ncaab,2025-12-28T19:00Z,final,155,512,North Dakota,Dakota St,88,56,,,,0,,,,,,,,,,2,,0,Grand Forks,ND,1,253,,,,-6.0,"49,39","33,23"
ncaab:401829481,ncaab,2025-12-28T19:00Z,final,2900,121894,St Thomas,N Central,105,59,,,,0,,,,,,,,,,2,,0,Saint Paul,MN,1,,,,,,"55,50","36,23"
ncaab:401831190,ncaab,2025-12-28T19:00Z,final,2413,484,Morehead St,Alice Lloyd,115,65,,,,0,,,,,,,,,,2,,0,Morehead,KY,1,153,,,,-6.0,"61,54","30,35"
ncaab:401832544,ncaab,2025-12-28T19:00Z,final,2382,132013,Mercer,Baptist (Fl),122,49,,,,0,,,,,,,,,,2,,0,Macon,GA,1,112,,,,-5.0,"62,60","18,31"
ncaab:401826075,ncaab,2025-12-28T19:30Z,final,2515,2828,Radford,Shenandoah,87,44,,,,0,,,,,,,,,,2,,0,Radford,VA,1,,,,,,"42,45","17,27"
ncaab:401826756,ncaab,2025-12-28T19:30Z,final,59,50,Georgia Tech,Florida A&M,89,65,-2800,1500,,0,-4000,1400,-19.5,-110,-110,,,,,2,,0,Atlanta,GA,1,320,,,,-5.0,"43,46","21,44"
ncaab:401817193,ncaab,2025-12-28T20:00Z,final,139,131584,Saint Louis,Principia,114,33,,,,0,,,,,,,,,,2,,0,St. Louis,MO,1,,,,,,"66,48","13,20"
ncaab:401817463,ncaab,2025-12-28T20:00Z,final,2567,2239,SMU,Fullerton,110,63,,,,0,,,,,,,,,,2,,0,Dallas,TX,1,128,,,,-6.0,"51,59","19,44"
ncaab:401819870,ncaab,2025-12-28T20:00Z,final,38,2458,Colorado,N Colorado,81,86,-1650,950,,0,-1600,860,-15.5,-107,-112,,,,,2,,0,Boulder,CO,1,1624,,,,-7.0,"35,46","37,49"
ncaab:401827057,ncaab,2025-12-28T20:00Z,final,2344,2047,Longwood,Averett,92,49,,,,0,,,,,,,,,,2,,0,Farmville,VA,1,90,,,,-5.0,"46,46","17,32"
ncaab:401828723,ncaab,2025-12-28T20:00Z,final,309,2450,Louisiana,Norfolk St,63,54,-135,114,,0,-115,-105,-3.0,-107,-112,,,,,2,,0,Lafayette,LA,1,11,,,,-6.0,"33,30","25,29"
ncaab:401823357,ncaab,2025-12-28T20:30Z,final,2534,128256,Sam Houston,Biblical Stud,117,57,,,,0,,,,,,,,,,2,,0,Huntsville,TX,1,113,,,,-6.0,"59,58","21,36"
ncaab:401817181,ncaab,2025-12-28T21:00Z,final,257,2127,Richmond,Charleston So,72,77,-850,575,,0,-1250,740,-11.5,-106,-114,,,,,2,,0,Richmond,VA,1,,,,,,"35,37","39,38"
ncaab:401826945,ncaab,2025-12-28T21:00Z,final,2506,3245,Presbyterian,Truett McCnnll,91,64,,,,0,,,,,,,,,,2,,0,Clinton,SC,1,76,,,,-5.0,"51,40","25,39"
ncaab:401830632,ncaab,2025-12-28T21:00Z,final,166,3154,New Mexico St,Southwest,104,33,,,,0,,,,,,,,,,2,,0,Las Cruces,NM,1,1191,,,,-7.0,"52,52","17,16"
ncaab:401812583,ncaab,2025-12-28T22:00Z,final,2244,219,George Mason,Penn,83,79,-1809,1100,,0,-2500,1100,-16.5,-115,-105,,,,,2,,0,Fairfax,VA,1,131,,,,-5.0,"42,41","40,39"
ncaab:401826091,ncaab,2025-12-28T22:00Z,final,302,594,UC Davis,Pacific Union,108,52,,,,0,,,,,,,,,,2,,0,Davis,CA,1,16,,,,-8.0,"40,68","19,33"
ncaab:401829168,ncaab,2025-12-28T22:00Z,final,2501,265,Portland,Washington St,62,67,157,-191,,0,184,-225,4.5,-111,-109,,,,,2,,0,Portland,OR,1,12,,,,-8.0,"23,39","32,35"
ncaab:401829494,ncaab,2025-12-28T22:00Z,final,2247,130401,Georgia St,Columbia (SC),110,72,,,,0,,,,,,,,,,2,,0,Atlanta,GA,1,320,,,,-5.0,"56,54","38,34"
ncaab:401830628,ncaab,2025-12-28T22:30Z,final,2046,2225,Austin Peay,Fisk,110,59,,,,0,,,,,,,,,,2,,0,Clarksville,TN,1,145,,,,-6.0,"55,55","39,20"
ncaab:401827218,ncaab,2025-12-28T23:00Z,final,120,295,Maryland,Old Dominion,73,58,-1293,774,,0,-1400,800,-14.5,-102,-118,,,,,2,,0,College Park,MD,1,21,,,,-5.0,"45,28","18,40"
ncaab:401829164,ncaab,2025-12-28T23:00Z,final,301,279,San Diego,Pacific,66,54,130,-155,,0,160,-194,2.5,-105,-115,,,,,2,,0,San Diego,CA,1,,,,,,"34,32","23,31"
ncaab:401829167,ncaab,2025-12-28T23:00Z,final,204,2541,Oregon St,Santa Clara,64,102,225,-269,,0,225,-280,6.5,-112,-108,,,,,2,,0,Corvallis,OR,1,71,,,,-8.0,"20,44","53,49"
ncaab:401829454,ncaab,2025-12-28T23:00Z,final,140,562,Kansas City,McPherson,91,78,,,,0,,,,,,,,,,2,,0,Kansas City,MO,1,274,,,,-6.0,"49,42","50,28"
ncaab:401826910,ncaab,2025-12-29T00:00Z,final,28,128501,UC San Diego,Stanton,85,62,,,,0,,,,,,,,,,2,,0,San Diego,CA,1,,,,,,"35,50","31,31"
ncaab:401829165,ncaab,2025-12-29T00:00Z,final,2351,2608,LMU,Saint Mary's,73,78,,,,0,,,,,,,,,,2,,0,Los Angeles,CA,1,89,,,,-8.0,"33,40","33,45"
ncaab:401827266,ncaab,2025-12-29T01:00Z,final,2483,2437,Oregon,Omaha,80,57,-4765,1800,,0,-4500,1600,-21.5,-110,-110,,,,,2,,0,Eugene,OR,1,131,,,,-8.0,"39,41","29,28"
ncaab:401829163,ncaab,2025-12-29T01:00Z,final,2492,2250,Pepperdine,Gonzaga,56,96,2000,-6500,,0,2000,-6500,29.5,-112,-108,,,,,2,,0,Malibu,CA,1,32,,,,-8.0,"26,30","44,52"
ncaab:401829166,ncaab,2025-12-29T01:00Z,final,2547,2539,Seattle U,San Francisco,59,67,-148,124,,0,-102,-118,-2.5,-108,-112,,,,,2,,0,Seattle,WA,1,,,,,,"30,29","32,35"
ncaab:401827279,ncaab,2025-12-29T18:00Z,final,213,2428,Penn State,NC Central,90,67,,,,0,,,,,,,,,,2,,0,University Park,PA,1,,,,,,"36,54","33,34"
ncaab:401804854,ncaab,2025-12-29T19:00Z,final,48,2623,Delaware,Missouri St,43,61,-106,-112,,0,-130,108,1.5,-110,-110,,,,,2,,0,Newark,DE,1,38,,,,-5.0,"17,26","27,34"
ncaab:401823731,ncaab,2025-12-29T19:00Z,final,2529,2771,Sacred Heart,Merrimack,72,80,-132,112,,0,-126,105,-1.5,-118,-102,,,,,2,,0,Fairfield,CT,1,4,,,,-8.0,"32,40","38,42"
ncaab:401827020,ncaab,2025-12-29T20:00Z,final,356,2582,Illinois,Southern,90,55,,,,0,,,,,,,,,,2,,0,Champaign,IL,1,225,,,,-6.0,"46,44","25,30"
ncaab:401813328,ncaab,2025-12-29T21:00Z,final,2514,2368,Quinnipiac,Marist,64,58,-164,136,,0,-182,150,-3.5,-135,-105,,,,,2,,0,Hamden,CT,1,31,,,,-5.0,"30,34","25,33"
ncaab:401819833,ncaab,2025-12-29T21:00Z,final,239,3166,Baylor,Arlington Bapt,124,61,,,,0,,,,,,,,,,2,,0,Waco,TX,1,,,,,,"69,55","33,28"
ncaab:401820612,ncaab,2025-12-29T21:00Z,final,2066,347,Binghamton,Elmira,100,60,,,,0,,,,,,,,,,2,,0,Binghamton,NY,1,264,,,,-5.0,"59,41","35,25"
ncaab:401828921,ncaab,2025-12-29T21:00Z,final,82,73,UIC,Illinois Tech,102,64,,,,0,,,,,,,,,,2,,0,Chicago,IL,1,179,,,,-6.0,"50,52","24,40"
ncaab:401830112,ncaab,2025-12-29T21:00Z,final,2885,111947,NJIT,SUNY Canton,95,60,,,,0,,,,,,,,,,2,,0,Newark,NJ,1,9,,,,-5.0,"46,49","23,37"
ncaab:401826814,ncaab,2025-12-29T21:30Z,final,58,2246,South Florida,GA College,111,50,,,,0,,,,,,,,,,2,,0,Tampa,FL,1,,,,,,"61,50","31,19"
ncaab:401811987,ncaab,2025-12-29T22:00Z,final,2729,119,William & Mary,Towson,84,70,-135,114,,0,-120,100,-2.5,100,-120,,,,,2,,0,Williamsburg,VA,1,,,,,,"38,46","27,43"
ncaab:401823651,ncaab,2025-12-29T22:00Z,final,2294,2349,Iowa,UMass Lowell,90,62,,,,0,,,,,,,,,,2,,0,Iowa City,IA,1,204,,,,-6.0,"47,43","30,32"
ncaab:401822766,ncaab,2025-12-29T23:00Z,final,2154,2378,Coppin St,UMBC,59,93,455,-675,,0,490,-675,10.5,-112,-108,,,,,2,,0,Baltimore,MD,1,10,,,,-5.0,"34,25","40,53"
ncaab:401829419,ncaab,2025-12-29T23:00Z,final,57,159,Florida,Dartmouth,94,72,-9000,2500,,0,-9000,2500,-35.5,-110,-110,,,,,2,,0,Gainesville,FL,1,54,,,,-5.0,"53,41","27,45"
ncaab:401817599,ncaab,2025-12-29T23:30Z,final,2754,2174,Youngstown St,Detroit Mercy,68,73,-500,400,,0,-575,425,-9.5,-115,-105,,,,,2,,0,Youngstown,OH,1,,,,,,"25,43","32,41"
ncaab:401804832,ncaab,2025-12-30T00:00Z,final,55,98,Jax State,Western KY,78,67,,,,0,,,,,,,,,,2,,0,Jacksonville,AL,1,216,,,,-6.0,"38,40","22,45"
ncaab:401811983,ncaab,2025-12-30T00:00Z,final,2210,111,Elon,Northeastern,103,91,-202,167,,0,-230,190,-4.5,-114,-110,,,,,2,,0,Elon,NC,1,215,,,,-5.0,"46,57","43,48"
ncaab:401811984,ncaab,2025-12-30T00:00Z,final,2261,2619,Hampton,Stony Brook,62,59,-142,120,,0,-115,-105,-2.5,-108,-112,,,,,2,,0,Hampton,VA,1,1,,,,-5.0,"33,29","34,25"
ncaab:401811985,ncaab,2025-12-30T00:00Z,final,2275,2097,Hofstra,Campbell,86,72,-345,262,,0,-550,400,-6.5,-115,-105,,,,,2,,0,Hempstead,NY,1,17,,,,-5.0,"49,37","31,41"
ncaab:401811986,ncaab,2025-12-30T00:00Z,final,232,2182,Charleston,Drexel,72,63,-445,345,,0,-650,475,-8.5,-118,-104,,,,,2,,0,Charleston,SC,1,6,,,,-5.0,"28,44","34,29"
ncaab:401811988,ncaab,2025-12-30T00:00Z,final,2448,350,NC A&T,UNC Wilmington,78,87,,,,0,,,,,,,,,,2,,0,Greensboro,NC,1,266,,,,-5.0,"47,31","42,45"
ncaab:401812364,ncaab,2025-12-30T00:00Z,final,61,112358,Georgia,Long Island,89,74,,,,0,,,,,,,,,,2,,0,Athens,GA,1,228,,,,-5.0,"41,48","44,30"
ncaab:401813310,ncaab,2025-12-30T00:00Z,final,2520,2363,Rider,Manhattan,71,74,120,-142,,0,136,-162,2.5,-110,-110,,,,,2,,0,Lawrenceville,NJ,1,37,,,,-5.0,"37,34","33,41"
ncaab:401813407,ncaab,2025-12-30T00:00Z,final,116,314,Mount St Marys,Iona,66,59,120,-142,,0,160,-190,2.5,-110,-108,,,,,2,,0,Emmitsburg,MD,1,133,,,,-5.0,"30,36","33,26"
ncaab:401817596,ncaab,2025-12-30T00:00Z,final,325,85,Cleveland St,IU Indy,99,86,-120,-100,,0,-155,130,-1.5,-105,-115,,,,,2,,0,Cleveland,OH,1,199,,,,-5.0,"46,53","38,48"
ncaab:401817598,ncaab,2025-12-30T00:00Z,final,2523,94,Robert Morris,N Kentucky,77,79,-105,-115,,0,-130,110,1.5,-115,-105,,,,,2,,0,Moon Township,PA,1,358,,,,-5.0,"41,36","43,36"
ncaab:401817600,ncaab,2025-12-30T00:00Z,final,2750,2473,Wright St,Oakland,88,73,-175,150,,0,-130,110,-3.5,-112,-110,,,,,2,,0,Dayton,OH,1,225,,,,-5.0,"51,37","39,34"
ncaab:401819850,ncaab,2025-12-30T00:00Z,final,2132,288,Cincinnati,Lipscomb,89,62,-1200,740,,0,-1200,720,-14.0,-107,-117,,,,,2,,0,Cincinnati,OH,1,191,,,,-5.0,"44,45","24,38"
ncaab:401820603,ncaab,2025-12-30T00:00Z,final,2006,2148,Akron,Concord,115,64,,,,0,,,,,,,,,,2,,0,Akron,OH,1,291,,,,-5.0,"47,68","25,39"
ncaab:401822328,ncaab,2025-12-30T00:00Z,final,2050,2189,Ball State,Earlham,93,30,,,,0,,,,,,,,,,2,,0,Muncie,IN,1,284,,,,-5.0,"48,45","8,22"
ncaab:401823019,ncaab,2025-12-30T00:00Z,final,2509,2309,Purdue,Kent State,101,60,-6500,2200,,0,-10000,2500,-23.5,-110,-110,,,,,2,,0,West Lafayette,IN,1,,,,,,"51,50","27,33"
ncaab:401823315,ncaab,2025-12-30T00:00Z,final,2217,2612,Fairfield,Saint Peter's,66,70,,,,0,,,,,,,,,,2,,0,Fairfield,CT,1,4,,,,-8.0,"35,31","31,39"
ncaab:401826084,ncaab,2025-12-30T00:00Z,final,130,2377,Michigan,McNeese,112,71,-6500,2000,,0,-10000,2500,-23.5,-105,-115,,,,,2,,0,Ann Arbor,MI,1,269,,,,-5.0,"60,52","29,42"
ncaab:401827222,ncaab,2025-12-30T00:00Z,final,127,172,Michigan St,Cornell,114,97,-6500,2000,,0,-20000,3500,-23.5,-118,105,,,,,2,,0,East Lansing,MI,1,261,,,,-5.0,"55,59","53,44"
ncaab:401827436,ncaab,2025-12-30T00:00Z,final,164,2169,Rutgers,Delaware St,65,50,-5000,1800,,0,-4500,1600,-20.5,-118,-102,,,,,2,,0,Piscataway,NJ,1,30,,,,-5.0,"31,34","24,26"
ncaab:401828686,ncaab,2025-12-30T00:00Z,final,238,2441,Vanderbilt,New Haven,96,53,,,,0,,,,,,,,,,2,,0,Nashville,TN,1,170,,,,-6.0,"47,49","27,26"
ncaab:401830200,ncaab,2025-12-30T00:00Z,final,282,2057,Indiana St,Belmont,81,80,270,-340,,0,350,-450,7.5,-112,-107,,,,,2,,0,Terre Haute,IN,1,,,,,,"36,35,10","41,30,9"
ncaab:401830253,ncaab,2025-12-30T00:00Z,final,93,79,Murray St,S Illinois,84,81,,,,0,,,,,,,,,,2,,0,Murray,KY,1,163,,,,-6.0,"47,37","34,47"
ncaab:401804853,ncaab,2025-12-30T00:30Z,final,2348,2638,Louisiana Tech,UTEP,75,63,-153,128,,0,-155,130,-2.5,-111,-109,,,,,2,,0,Ruston,LA,1,,,,,,"38,37","28,35"
ncaab:401808704,ncaab,2025-12-30T00:30Z,final,2837,2617,East Texas A&M,SF Austin,48,75,,,,0,,,,,,,,,,2,,0,Commerce,TX,1,169,,,,-6.0,"30,18","39,36"
ncaab:401808935,ncaab,2025-12-30T00:30Z,final,2466,2320,N'Western St,Lamar,61,76,,,,0,,,,,,,,,,2,,0,Natchitoches,LA,1,36,,,,-6.0,"25,36","44,32"
ncaab:401827158,ncaab,2025-12-30T00:30Z,final,344,2011,Mississippi St,Alabama St,94,56,-3200,1500,,0,-3200,1400,-18.5,-110,-105,,,,,2,,0,Starkville,MS,1,,,,,,"49,45","31,25"
ncaab:401805154,ncaab,2025-12-30T01:00Z,final,250,2627,UT Arlington,Tarleton St,63,69,,,,0,,,,,,,,,,2,,0,Arlington,TX,1,184,,,,-6.0,"30,33","35,34"
ncaab:401805156,ncaab,2025-12-30T01:00Z,final,3084,2856,Utah Valley,CA Baptist,73,66,,,,0,,,,,,,,,,2,,0,Orem,UT,1,1455,,,,-7.0,"33,40","39,27"
ncaab:401812259,ncaab,2025-12-30T01:00Z,final,2628,2296,TCU,Jackson St,115,64,,,,0,,,,,,,,,,2,,0,Fort Worth,TX,1,199,,,,-6.0,"55,60","32,32"
ncaab:401812269,ncaab,2025-12-30T01:00Z,final,333,43,Alabama,Yale,102,78,-1880,1000,,0,-2800,1160,-16.5,-110,-110,,,,,2,,0,Tuscaloosa,AL,1,,,,,,"55,47","31,47"
ncaab:401813297,ncaab,2025-12-30T01:00Z,final,197,2065,Oklahoma St,Bethune,103,77,-2400,1700,,0,-2400,1200,-20.5,-112,-110,,,,,2,,0,Stillwater,OK,1,,,,,,"50,53","38,39"
ncaab:401817597,ncaab,2025-12-30T01:00Z,final,270,2870,Milwaukee,Purdue FW,77,55,-150,126,,0,-125,105,-2.5,-112,-108,,,,,2,,0,Milwaukee,WI,1,188,,,,-6.0,"44,33","16,39"
ncaab:401819881,ncaab,2025-12-30T01:00Z,final,66,2277,Iowa State,Hou Christian,89,61,,,,0,,,,,,,,,,2,,0,Ames,IA,1,287,,,,-6.0,"41,48","28,33"
ncaab:401823001,ncaab,2025-12-30T01:00Z,final,248,2393,Houston,MTSU,69,60,,,,0,,,,,,,,,,2,,0,Houston,TX,1,12,,,,-6.0,"33,36","28,32"
ncaab:401825594,ncaab,2025-12-30T01:00Z,final,2464,110031,N Arizona,B'tine Mesa,112,60,,,,0,,,,,,,,,,2,,0,Flagstaff,AZ,1,2104,,,,-7.0,"53,59","27,33"
ncaab:401826782,ncaab,2025-12-30T01:00Z,final,201,2400,Oklahoma,Miss Valley St,93,69,,,,0,,,,,,,,,,2,,0,Norman,OK,1,357,,,,-6.0,"43,50","34,35"
ncaab:401826790,ncaab,2025-12-30T01:00Z,final,8,256,Arkansas,James Madison,103,74,-9000,2500,,0,-8000,2200,-23.5,-105,-115,,,,,2,,0,Fayetteville,AR,1,427,,,,-6.0,"48,55","28,46"
ncaab:401827046,ncaab,2025-12-30T01:00Z,final,245,2504,Texas A&M,Prairie View,111,82,,,,0,,,,,,,,,,2,,0,College Station,TX,1,103,,,,-6.0,"60,51","39,43"
ncaab:401827260,ncaab,2025-12-30T01:00Z,final,99,2572,LSU,Southern Miss,90,62,-3790,1515,,0,-4000,1400,-21.5,-110,-110,,,,,2,,0,Baton Rouge,LA,1,14,,,,-6.0,"41,49","30,32"
ncaab:401828494,ncaab,2025-12-30T01:00Z,final,145,2016,Ole Miss,Alcorn St,79,43,-5000,1800,,0,-20000,3500,-27.5,-115,-105,,,,,2,,0,Oxford,MS,1,154,,,,-6.0,"37,42","25,18"
ncaab:401830218,ncaab,2025-12-30T01:00Z,final,71,339,Bradley,Evansville,76,68,-850,572,,0,-1100,700,-11.5,-115,-105,,,,,2,,0,Peoria,IL,1,153,,,,-6.0,"31,45","35,33"
ncaab:401830254,ncaab,2025-12-30T01:00Z,final,2460,2674,Northern Iowa,Valparaiso,58,48,-546,412,,0,-1200,720,-8.5,-110,-110,,,,,2,,0,Cedar Falls,IA,1,268,,,,-6.0,"22,36","22,26"
ncaab:401831555,ncaab,2025-12-30T01:00Z,final,6,2920,South Alabama,Mobile,85,52,,,,0,,,,,,,,,,2,,0,Mobile,AL,1,3,,,,-6.0,"37,48","28,24"
ncaab:401808902,ncaab,2025-12-30T01:07Z,final,292,2443,UT Rio Grande,LSU N Orleans,69,85,,,,0,,,,,,,,,,2,,0,Edinburg,TX,1,30,,,,-6.0,"24,45","35,50"
ncaab:401808920,ncaab,2025-12-30T01:49Z,final,357,2447,Texas A&M-CC,Nicholls,71,76,-265,215,,0,-245,194,-5.5,-115,-105,,,,,2,,0,Corpus Christi,TX,1,2,,,,-6.0,"34,37","42,34"
ncaab:401805155,ncaab,2025-12-30T02:00Z,final,3101,253,Utah Tech,Southern Utah,80,66,-347,275,,0,-280,230,-7.5,-116,-103,,,,,2,,0,St. George,UT,1,,,,,,"41,39","39,27"
ncaab:401812314,ncaab,2025-12-30T02:00Z,final,135,161,Minnesota,FDU,60,43,,,,0,,,,,,,,,,2,,0,Minneapolis,MN,1,253,,,,-6.0,"32,28","29,14"
ncaab:401826888,ncaab,2025-12-30T02:00Z,final,12,2571,Arizona,S Dakota St,99,71,,,,0,,,,,,,,,,2,,0,Tucson,AZ,1,,,,,,"51,48","35,36"
ncaab:401830252,ncaab,2025-12-30T02:00Z,final,2181,2287,Drake,Illinois St,56,73,140,-165,,0,112,-134,3.5,-110,-110,,,,,2,,0,Des Moines,IA,1,266,,,,-6.0,"27,29","31,42"
ncaab:401820402,ncaab,2025-12-30T03:00Z,final,2439,3167,UNLV,La Sierra,89,47,,,,0,,,,,,,,,,2,,0,Las Vegas,NV,1,610,,,,-8.0,"49,40","19,28"
ncaab:401823498,ncaab,2025-12-30T03:00Z,final,2,2511,Auburn,Queens,106,65,-9000,2500,,0,-8000,2200,-25.5,-105,-115,,,,,2,,0,Auburn,AL,1,215,,,,-6.0,"57,49","21,44"
ncaab:401819914,ncaab,2025-12-30T04:00Z,final,264,254,Washington,Utah,74,65,-674,507,,0,-700,500,-11.5,-102,-118,,,,,2,,0,Seattle,WA,1,,,,,,"36,38","37,28"
ncaab:401826770,ncaab,2025-12-30T18:00Z,final,163,261,Princeton,Vermont,75,69,140,-166,,0,112,-134,3.5,-111,-109,,,,,2,,0,Princeton,NJ,1,62,,,,-5.0,"36,27,12","32,31,6"
ncaab:401827094,ncaab,2025-12-30T18:00Z,final,2755,2113,Grambling,Centenary (LA),90,58,,,,0,,,,,,,,,,2,,0,Grambling,LA,1,93,,,,-6.0,"52,38","20,38"
ncaab:401820632,ncaab,2025-12-30T19:00Z,final,311,554,Maine,ME Fort Kent,104,66,,,,0,,,,,,,,,,2,,0,Orono,ME,1,38,,,,-5.0,"54,50","32,34"
ncaab:401814495,ncaab,2025-12-30T20:00Z,final,2117,195,C Michigan,Ohio,64,80,,,,0,,,,,,,,,,2,,0,Mount Pleasant,MI,1,235,,,,-5.0,"29,35","31,49"
ncaab:401820495,ncaab,2025-12-30T20:00Z,final,2916,2545,Incarnate Word,SE Louisiana,79,70,,,,0,,,,,,,,,,2,,0,San Antonio,TX,1,,,,,,"39,40","32,38"
ncaab:401820558,ncaab,2025-12-30T21:00Z,final,2005,2751,Air Force,Wyoming,56,68,625,-900,,0,550,-800,12.5,-108,-112,,,,,2,,0,Colorado Springs,CO,1,1832,,,,-7.0,"26,30","36,32"
ncaab:401826936,ncaab,2025-12-30T22:00Z,final,77,47,Northwestern,Howard,80,60,-3200,1400,,0,-6000,1600,-20.5,-103,-116,,,,,2,,0,Evanston,IL,1,187,,,,-6.0,"31,49","28,32"
ncaab:401809224,ncaab,2025-12-30T23:00Z,final,2643,2193,The Citadel,ETSU,49,74,,,,0,,,,,,,,,,2,,0,Charleston,SC,1,6,,,,-5.0,"23,26","40,34"
ncaab:401813285,ncaab,2025-12-30T23:00Z,final,2415,111199,Morgan St,PSU Brandywine,92,55,,,,0,,,,,,,,,,2,,0,Baltimore,MD,1,10,,,,-5.0,"49,43","32,23"
ncaab:401827199,ncaab,2025-12-30T23:00Z,final,2010,2225,Alabama A&M,Fisk,90,58,,,,0,,,,,,,,,,2,,0,Huntsville,AL,1,193,,,,-6.0,"35,55","24,34"
ncaab:401828273,ncaab,2025-12-30T23:00Z,final,2579,399,South Carolina,UAlbany,96,67,,,,0,,,,,,,,,,2,,0,Columbia,SC,1,89,,,,-5.0,"48,48","33,34"
ncaab:401814497,ncaab,2025-12-30T23:30Z,final,2649,2711,Toledo,W Michigan,84,79,,,,0,,,,,,,,,,2,,0,Toledo,OH,1,,,,,,"32,52","41,38"
ncaab:401814494,ncaab,2025-12-31T00:00Z,final,189,193,Bowling Green,Miami OH,83,93,-266,217,,0,-180,150,-6.0,-115,-105,,,,,2,,0,Bowling Green,OH,1,212,,,,-5.0,"28,55","54,39"
ncaab:401820637,ncaab,2025-12-31T00:00Z,final,2390,221,Miami,Pitt,76,69,-554,400,,0,-1050,660,-9.5,-110,-110,,,,,2,,0,Coral Gables,FL,1,3,,,,-5.0,"33,43","43,26"
ncaab:401820639,ncaab,2025-12-31T00:00Z,final,153,52,North Carolina,Florida St,79,66,-1118,724,,0,-2500,1100,-12.5,-105,-115,,,,,2,,0,Chapel Hill,NC,1,148,,,,-5.0,"40,39","34,32"
ncaab:401822316,ncaab,2025-12-31T00:00Z,final,275,270,Wisconsin,Milwaukee,80,60,-5692,1694,,0,-7000,2000,-20.5,-105,-115,,,,,2,,0,Madison,WI,1,267,,,,-6.0,"37,43","21,39"
ncaab:401822877,ncaab,2025-12-31T00:00Z,final,269,2550,Marquette,Seton Hall,73,79,100,-120,,0,146,-178,-0.5,-112,-108,,,,,2,,0,Milwaukee,WI,1,188,,,,-6.0,"38,35","39,40"
ncaab:401828151,ncaab,2025-12-31T00:00Z,final,2429,218,Charlotte,Temple,73,76,-120,-105,,0,-115,-105,-1.5,-110,-110,,,,,2,,0,Charlotte,NC,1,229,,,,-5.0,"30,43","36,40"
ncaab:401828343,ncaab,2025-12-31T00:00Z,final,2166,2184,Davidson,Duquesne,83,89,-126,105,,0,-140,120,-1.5,-105,-115,,,,,2,,0,Davidson,NC,1,256,,,,-5.0,"33,36,6,8","30,39,6,14"
ncaab:401827010,ncaab,2025-12-31T00:30Z,final,2640,2281,Texas Southern,Huston Till,80,56,,,,0,,,,,,,,,,2,,0,Houston,TX,1,12,,,,-6.0,"38,42","24,32"
ncaab:401814496,ncaab,2025-12-31T01:00Z,final,2199,113,E Michigan,UMass,80,74,,,,0,,,,,,,,,,2,,0,Ypsilanti,MI,1,,,,,,"38,42","41,33"
ncaab:401829283,ncaab,2025-12-31T01:00Z,final,2633,2569,Tennessee,SC State,105,54,,,,0,,,,,,,,,,2,,0,Knoxville,TN,1,276,,,,-5.0,"41,64","25,29"
ncaab:401829485,ncaab,2025-12-31T01:00Z,final,2032,2033,Arkansas St,Arkansas Tech,107,63,,,,0,,,,,,,,,,2,,0,Jonesboro,AR,1,99,,,,-6.0,"51,56","25,38"
ncaab:401806414,ncaab,2025-12-31T01:55Z,final,2635,2634,Tennessee Tech,Tennessee St,76,88,-105,-115,,0,-140,120,1.5,-118,-102,,,,,2,,0,Cookeville,TN,1,334,,,,-6.0,"33,43","44,44"
ncaab:401820634,ncaab,2025-12-31T02:00Z,final,25,97,California,Louisville,70,90,279,-346,,0,184,-225,8.5,-115,-105,,,,,2,,0,Berkeley,CA,1,52,,,,-8.0,"34,36","48,42"
ncaab:401820635,ncaab,2025-12-31T02:00Z,final,24,87,Stanford,Notre Dame,40,47,-312,252,,0,-205,164,-7.0,-114,-106,,,,,2,,0,Stanford,CA,1,,,,,,"17,23","22,25"
ncaab:401826776,ncaab,2025-12-31T02:00Z,final,158,160,Nebraska,New Hampshire,86,55,-8000,2000,,0,-20000,3500,-31.5,-112,-108,,,,,2,,0,Lincoln,NE,1,367,,,,-6.0,"41,45","38,17"
ncaab:401827914,ncaab,2025-12-31T02:00Z,final,278,328,Fresno St,Utah State,63,72,850,-1200,,0,950,-1700,14.5,-105,-115,,,,,2,,0,Fresno,CA,1,94,,,,-8.0,"26,37","35,37"
ncaab:401829171,ncaab,2025-12-31T02:00Z,final,2492,2608,Pepperdine,Saint Mary's,45,72,1494,-3297,,0,1400,-4000,19.5,-120,-120,,,,,2,,0,Malibu,CA,1,32,,,,-8.0,"25,20","34,38"
ncaab:401829292,ncaab,2025-12-31T02:00Z,final,36,2440,Colorado St,Nevada,62,75,-125,105,,0,-210,175,-1.5,-115,-105,,,,,2,,0,Fort Collins,CO,1,1525,,,,-7.0,"36,26","37,38"
ncaab:401822878,ncaab,2025-12-31T02:12Z,final,156,2086,Creighton,Butler,89,85,-259,210,,0,-210,172,-5.5,-118,-102,,,,,2,,0,Omaha,NE,1,323,,,,-6.0,"44,45","35,50"
ncaab:401829169,ncaab,2025-12-31T02:30Z,final,301,2250,San Diego,Gonzaga,93,99,2000,-6500,,0,2000,-6500,28.5,-115,-105,,,,,2,,0,San Diego,CA,1,,,,,,"37,56","48,51"
ncaab:401823334,ncaab,2025-12-31T03:00Z,final,299,124946,Long Beach St,Lincoln (CA),113,66,,,,0,,,,,,,,,,2,,0,Long Beach,CA,1,9,,,,-8.0,"55,58","38,28"
ncaab:401823770,ncaab,2025-12-31T03:00Z,final,23,21,San José St,San Diego St,68,81,495,-675,,0,550,-800,10.5,-102,-118,,,,,2,,0,San Jose,CA,1,,,,,,"38,30","42,39"
ncaab:401829170,ncaab,2025-12-31T03:00Z,final,2351,279,LMU,Pacific,80,71,,,,0,,,,,,,,,,2,,0,Los Angeles,CA,1,89,,,,-8.0,"37,43","41,30"
ncaab:401829172,ncaab,2025-12-31T03:00Z,final,204,2539,Oregon St,San Francisco,70,62,170,-205,,0,190,-230,4.5,-110,-110,,,,,2,,0,Corvallis,OR,1,71,,,,-8.0,"25,45","30,32"
ncaab:401829173,ncaab,2025-12-31T03:00Z,final,2501,2541,Portland,Santa Clara,85,92,700,-1200,,0,575,-850,13.5,-112,-108,,,,,2,,0,Portland,OR,1,12,,,,-8.0,"44,41","40,52"
ncaab:401829174,ncaab,2025-12-31T03:00Z,final,2547,265,Seattle U,Washington St,69,55,-258,210,,0,-200,165,-5.5,-115,-105,,,,,2,,0,Seattle,WA,1,,,,,,"36,33","22,33"
ncaab:401823821,ncaab,2025-12-31T04:00Z,final,68,167,Boise St,New Mexico,62,53,-235,190,,0,-300,240,-5.0,-110,-110,,,,,2,,0,Boise,ID,1,823,,,,-7.0,"21,41","19,34"
ncaab:401808705,ncaab,2025-12-31T17:00Z,final,2837,2320,East Texas A&M,Lamar,62,69,145,-175,,0,120,-142,4.0,-100,-130,,,,,2,,0,Commerce,TX,1,169,,,,-6.0,"34,28","25,44"
ncaab:401809223,ncaab,2025-12-31T17:00Z,final,231,2382,Furman,Mercer,74,72,-162,135,,0,-220,180,-3.5,-110,-110,,,,,2,,0,Greenville,SC,1,307,,,,-5.0,"36,38","35,37"
ncaab:401818558,ncaab,2025-12-31T17:00Z,final,225,353,Brown,J&W,105,47,,,,0,,,,,,,,,,2,,0,Providence,RI,1,2,,,,-5.0,"50,55","24,23"
ncaab:401820638,ncaab,2025-12-31T17:00Z,final,152,154,NC State,Wake Forest,70,57,,,,0,,,,,,,,,,2,,0,Raleigh,NC,1,,,,,,"36,34","32,25"
ncaab:401826817,ncaab,2025-12-31T17:00Z,final,2329,349,Lehigh,Army,78,85,-170,142,,0,-170,142,-4.5,-108,-112,,,,,2,,0,Bethlehem,PA,1,109,,,,-5.0,"31,37,10","33,35,17"
ncaab:401828152,ncaab,2025-12-31T17:00Z,final,151,2655,East Carolina,Tulane,70,79,107,-127,,0,102,-122,2.0,-110,-110,,,,,2,,0,Greenville,NC,1,18,,,,-5.0,"39,31","37,42"
ncaab:401828347,ncaab,2025-12-31T17:00Z,final,227,2350,Rhode Island,Loyola Chicago,57,61,-485,382,,0,-690,480,-9.5,-110,-110,,,,,2,,0,Kingston,RI,1,75,,,,-5.0,"27,30","31,30"
ncaab:401808590,ncaab,2025-12-31T18:00Z,final,309,6,Louisiana,South Alabama,58,63,145,-171,,0,140,-170,3.5,-112,-108,,,,,2,,0,Lafayette,LA,1,11,,,,-6.0,"30,28","31,32"
ncaab:401809225,ncaab,2025-12-31T18:00Z,final,2717,2747,W Carolina,Wofford,74,79,,,,0,,,,,,,,,,2,,0,Cullowhee,NC,1,645,,,,-5.0,"33,41","39,40"
ncaab:401814493,ncaab,2025-12-31T18:00Z,final,2459,2084,N Illinois,Buffalo,67,81,207,-255,,0,230,-280,6.0,-110,-110,,,,,2,,0,Dekalb,IL,1,268,,,,-6.0,"29,38","43,38"
ncaab:401820160,ncaab,2025-12-31T18:00Z,final,2426,104,Navy,Boston U,82,77,-255,205,,0,-245,194,-6.5,-102,-118,,,,,2,,0,Annapolis,MD,1,12,,,,-5.0,"35,47","30,47"
ncaab:401820193,ncaab,2025-12-31T18:00Z,final,44,2352,American,Loyola MD,84,69,-360,295,,0,-360,285,-8.5,-112,-107,,,,,2,,0,Washington,DC,1,,,,,,"44,40","36,33"
ncaab:401828153,ncaab,2025-12-31T18:00Z,final,2226,2636,FAU,UTSA,110,70,,,,0,,,,,,,,,,2,,0,Boca Raton,FL,1,4,,,,-5.0,"60,50","28,42"
ncaab:401808588,ncaab,2025-12-31T19:00Z,final,295,2026,Old Dominion,App State,73,81,,,,0,,,,,,,,,,2,,0,Norfolk,VA,1,2,,,,-5.0,"19,54","37,44"
ncaab:401808591,ncaab,2025-12-31T19:00Z,final,2653,326,Troy,Texas St,100,80,-437,340,,0,-425,330,-8.5,-118,-102,,,,,2,,0,Troy,AL,1,,,,,,"45,55","33,47"
ncaab:401811990,ncaab,2025-12-31T19:00Z,final,2729,2619,William & Mary,Stony Brook,76,57,-724,525,,0,-720,490,-10.5,-110,-110,,,,,2,,0,Williamsburg,VA,1,,,,,,"34,42","31,26"
ncaab:401811993,ncaab,2025-12-31T19:00Z,final,2405,2097,Monmouth,Campbell,65,68,-115,-105,,0,-130,110,-1.5,-110,-110,,,,,2,,0,West Long Branch,NJ,1,,,,,,"35,30","30,38"
ncaab:401811994,ncaab,2025-12-31T19:00Z,final,2210,232,Elon,Charleston,81,85,-146,120,,0,-142,120,-2.5,-110,-110,,,,,2,,0,Elon,NC,1,215,,,,-5.0,"33,48","41,44"
ncaab:401812584,ncaab,2025-12-31T19:00Z,final,219,2885,Penn,NJIT,80,61,,,,0,,,,,,,,,,2,,0,Philadelphia,PA,1,12,,,,-5.0,"35,45","33,28"
ncaab:401818538,ncaab,2025-12-31T19:00Z,final,171,3183,Columbia,PSU Abington,106,51,,,,0,,,,,,,,,,2,,0,New York,NY,1,10,,,,-5.0,"54,52","33,18"
ncaab:401820640,ncaab,2025-12-31T19:00Z,final,183,228,Syracuse,Clemson,61,64,105,-123,,0,106,-128,1.5,-112,-108,,,,,2,,0,Syracuse,NY,1,,,,,,"28,33","29,35"
ncaab:401820641,ncaab,2025-12-31T19:00Z,final,259,258,Virginia Tech,Virginia,95,85,202,-246,,0,146,-178,5.5,-105,-115,,,,,2,,0,Blacksburg,VA,1,633,,,,-5.0,"23,32,13,10,17","24,31,13,10,7"
ncaab:401823874,ncaab,2025-12-31T19:00Z,final,2241,2127,Gardner-Webb,Charleston So,79,89,400,-535,,0,400,-535,11.5,-112,-108,,,,,2,,0,Boiling Springs,NC,1,269,,,,-5.0,"46,33","34,55"
ncaab:401823895,ncaab,2025-12-31T19:00Z,final,2427,2272,UNC Asheville,High Point,69,87,500,-700,,0,425,-575,11.5,-108,-112,,,,,2,,0,Asheville,NC,1,649,,,,-5.0,"34,35","49,38"
ncaab:401823896,ncaab,2025-12-31T19:00Z,final,2908,2515,SC Upstate,Radford,69,76,-122,102,,0,-110,-110,-1.5,-110,-110,,,,,2,,0,Spartanburg,SC,1,,,,,,"30,39","37,39"
ncaab:401824384,ncaab,2025-12-31T19:00Z,final,107,2083,Holy Cross,Bucknell,65,58,120,-142,,0,-110,-110,2.0,-106,-113,,,,,2,,0,Worcester,MA,1,,,,,,"37,28","27,31"
ncaab:401828155,ncaab,2025-12-31T19:00Z,final,202,242,Tulsa,Rice,97,48,-1100,625,,0,-1200,720,-12.5,-110,-110,,,,,2,,0,Tulsa,OK,1,,,,,,"40,57","27,21"
ncaab:401828344,ncaab,2025-12-31T19:00Z,final,2168,2230,Dayton,Fordham,63,56,-2096,1000,,0,-3000,1200,-16.5,-110,-110,,,,,2,,0,Dayton,OH,1,225,,,,-5.0,"30,33","24,32"
ncaab:401828345,ncaab,2025-12-31T19:00Z,final,2325,2244,La Salle,George Mason,75,80,350,-490,,0,320,-410,9.0,-106,-114,,,,,2,,0,Philadelphia,PA,1,12,,,,-5.0,"42,33","35,45"
ncaab:401828348,ncaab,2025-12-31T19:00Z,final,2670,179,VCU,St Bonaventure,89,82,,,,0,,,,,,,,,,2,,0,Richmond,VA,1,,,,,,"46,43","45,37"
ncaab:401811992,ncaab,2025-12-31T19:30Z,final,2261,119,Hampton,Towson,63,62,232,-285,,0,190,-230,6.5,-110,-110,,,,,2,,0,Hampton,VA,1,1,,,,-5.0,"37,26","31,31"
ncaab:401811989,ncaab,2025-12-31T20:00Z,final,2448,111,NC A&T,Northeastern,74,85,,,,0,,,,,,,,,,2,,0,Greensboro,NC,1,266,,,,-5.0,"36,38","44,41"
ncaab:401823897,ncaab,2025-12-31T20:00Z,final,2344,2737,Longwood,Winthrop,82,70,310,-395,,0,285,-360,8.5,-115,-105,,,,,2,,0,Farmville,VA,1,90,,,,-5.0,"38,44","29,41"
ncaab:401829407,ncaab,2025-12-31T20:00Z,final,322,2142,Lafayette,Colgate,77,85,240,-298,,0,240,-298,6.5,-107,-113,,,,,2,,0,Easton,PA,1,97,,,,-5.0,"37,40","41,44"
ncaab:401808589,ncaab,2025-12-31T21:00Z,final,276,2247,Marshall,Georgia St,84,80,-1100,674,,0,-1200,720,-13.0,-110,-110,,,,,2,,0,Huntington,WV,1,173,,,,-5.0,"33,51","35,45"
ncaab:401818330,ncaab,2025-12-31T21:00Z,final,2172,140,Denver,Kansas City,87,74,-600,410,,0,-600,450,-9.5,-108,-112,,,,,2,,0,Denver,CO,1,1609,,,,-7.0,"41,46","28,46"
ncaab:401820636,ncaab,2025-12-31T21:00Z,final,150,59,Duke,Georgia Tech,85,79,-20000,2200,,0,-10000,2800,-27.5,-112,-108,,,,,2,,0,Durham,NC,1,123,,,,-5.0,"39,46","43,36"
ncaab:401828150,ncaab,2025-12-31T21:00Z,final,5,2724,UAB,Wichita St,70,75,-156,132,,0,-152,126,-2.5,-112,-108,,,,,2,,0,Birmingham,AL,1,187,,,,-6.0,"42,28","29,46"
ncaab:401828154,ncaab,2025-12-31T21:00Z,final,235,249,Memphis,North Texas,57,48,-575,440,,0,-880,580,-9.5,-119,-102,,,,,2,,0,Memphis,TN,1,78,,,,-6.0,"28,29","18,30"
ncaab:401828346,ncaab,2025-12-31T21:00Z,final,257,45,Richmond,G Washington,85,99,,,,0,,,,,,,,,,2,,0,Richmond,VA,1,,,,,,"38,47","49,50"
ncaab:401828349,ncaab,2025-12-31T21:00Z,final,139,2603,Saint Louis,Saint Joseph's,102,79,-4236,1400,,0,-4500,1600,-20.5,-102,-118,,,,,2,,0,St. Louis,MO,1,,,,,,"49,53","40,39"
ncaab:401808903,ncaab,2025-12-31T21:30Z,final,357,2443,Texas A&M-CC,LSU N Orleans,83,69,,,,0,,,,,,,,,,2,,0,Corpus Christi,TX,1,2,,,,-6.0,"32,51","27,42"
ncaab:401808936,ncaab,2025-12-31T21:30Z,final,2466,2617,N'Western St,SF Austin,64,74,,,,0,,,,,,,,,,2,,0,Natchitoches,LA,1,36,,,,-6.0,"31,33","37,37"
ncaab:401818329,ncaab,2025-12-31T22:00Z,final,2449,233,N Dakota St,South Dakota,84,61,,,,0,,,,,,,,,,2,,0,Fargo,ND,1,276,,,,-6.0,"38,46","30,31"
ncaab:401822880,ncaab,2025-12-31T22:00Z,final,2752,41,Xavier,UConn,67,90,,,,0,,,,,,,,,,2,,0,Cincinnati,OH,1,191,,,,-5.0,"28,39","43,47"
ncaab:401808921,ncaab,2025-12-31T22:30Z,final,292,2447,UT Rio Grande,Nicholls,69,71,,,,0,,,,,,,,,,2,,0,Edinburg,TX,1,30,,,,-6.0,"39,30","35,36"
ncaab:401822881,ncaab,2025-12-31T23:00Z,final,222,305,Villanova,DePaul,71,66,-974,625,,0,-1400,800,-12.5,-110,-110,,,,,2,,0,Villanova,PA,1,,,,,,"28,43","32,34"
