news: 3 new drama tags
public splits: 15 upcoming games
tennis sync: 72661 matches stored, 18 calls, 0 failed
tennis study ATP: 25880 rated matches, acc 0.6375 (surface ratings alone 0.6395), loss 0.631 vs 0.6311, own weights [-0.005, 0.829, 0.073, 0.139, 0.425, 0.053, 0.049]
tennis study ATP life factors vs current loss 0.631: experience 0.632 (-1.03 mnats, z -0.98), age 0.6271 (+3.87 mnats, z 2.8), young_vs_aging 0.6304 (+0.65 mnats, z 1.53), last_match 0.6287 (+2.29 mnats, z 1.6), streaks 0.6316 (-0.59 mnats, z -0.58), first_set 0.63 (+1.05 mnats, z 1.68), injury 0.6316 (-0.57 mnats, z -0.83), travel 0.6311 (-0.09 mnats, z -1.22) -> KEPT age · 2000/2000 graded matches have both ages
tennis study WTA: 30209 rated matches, acc 0.649 (surface ratings alone 0.6495), loss 0.6233 vs 0.6219, own weights [0.005, 0.907, -0.0, -0.106, 0.31, 0.029, -0.193]
tennis study WTA life factors vs current loss 0.6233: experience 0.6188 (+4.50 mnats, z 2.65), age 0.6229 (+0.41 mnats, z 0.49), young_vs_aging 0.6233 (+0.04 mnats, z 0.27), last_match 0.6227 (+0.67 mnats, z 0.69), streaks 0.6237 (-0.38 mnats, z -0.75), first_set 0.6223 (+1.03 mnats, z 2.43), injury 0.6227 (+0.66 mnats, z 1.14), travel 0.6234 (-0.09 mnats, z -0.57) -> KEPT experience+first_set · 2000/2000 graded matches have both ages
tennis odds: 0 singles matches priced (bovada)
tennis first-set lines: 0 first-set winner markets seen (0 matches with any set market)
tennis reads: 31 matches
sync: 129065 games stored, 52 calls, 0 failed, 3s
odds history: 0 games got odds, 55 calls, 0 failed, 6s
player stats: 0 box scores added, 0 to fetch, 0 failed, 1s
weather: 46 games got weather, 0 new stadiums located, 241s
news: 3 new drama tags
public splits: 15 upcoming games
tennis sync: 72661 matches stored, 18 calls, 0 failed
tennis study ATP: 25880 rated matches, acc 0.6375 (surface ratings alone 0.6395), loss 0.631 vs 0.6311, own weights [-0.005, 0.829, 0.073, 0.139, 0.425, 0.053, 0.049]
tennis study ATP life factors vs current loss 0.631: experience 0.632 (-1.03 mnats, z -0.98), age 0.6271 (+3.87 mnats, z 2.8), young_vs_aging 0.6304 (+0.65 mnats, z 1.53), last_match 0.6287 (+2.29 mnats, z 1.6), streaks 0.6316 (-0.59 mnats, z -0.58), first_set 0.63 (+1.05 mnats, z 1.68), injury 0.6316 (-0.57 mnats, z -0.83), travel 0.6311 (-0.09 mnats, z -1.22) -> KEPT age · 2000/2000 graded matches have both ages
tennis study WTA: 30209 rated matches, acc 0.649 (surface ratings alone 0.6495), loss 0.6233 vs 0.6219, own weights [0.005, 0.907, -0.0, -0.106, 0.31, 0.029, -0.193]
tennis study WTA life factors vs current loss 0.6233: experience 0.6188 (+4.50 mnats, z 2.65), age 0.6229 (+0.41 mnats, z 0.49), young_vs_aging 0.6233 (+0.04 mnats, z 0.27), last_match 0.6227 (+0.67 mnats, z 0.69), streaks 0.6237 (-0.38 mnats, z -0.75), first_set 0.6223 (+1.03 mnats, z 2.43), injury 0.6227 (+0.66 mnats, z 1.14), travel 0.6234 (-0.09 mnats, z -0.57) -> KEPT experience+first_set · 2000/2000 graded matches have both ages
tennis odds: 0 singles matches priced (bovada)
tennis first-set lines: 0 first-set winner markets seen (0 matches with any set market)
tennis reads: 31 matches
sync: 129065 games stored, 52 calls, 0 failed, 3s
odds history: 0 games got odds, 55 calls, 0 failed, 6s
player stats: 0 box scores added, 0 to fetch, 0 failed, 1s
weather: 53 games got weather, 0 new stadiums located, 177s
news: 3 new drama tags
public splits: 15 upcoming games
tennis sync: 72661 matches stored, 18 calls, 0 failed
tennis study ATP: 25880 rated matches, acc 0.6375 (surface ratings alone 0.6395), loss 0.631 vs 0.6311, own weights [-0.005, 0.829, 0.073, 0.139, 0.425, 0.053, 0.049]
tennis study ATP life factors vs current loss 0.631: experience 0.632 (-1.03 mnats, z -0.98), age 0.6271 (+3.87 mnats, z 2.8), young_vs_aging 0.6304 (+0.65 mnats, z 1.53), last_match 0.6287 (+2.29 mnats, z 1.6), streaks 0.6316 (-0.59 mnats, z -0.58), first_set 0.63 (+1.05 mnats, z 1.68), injury 0.6316 (-0.57 mnats, z -0.83), travel 0.6311 (-0.09 mnats, z -1.22) -> KEPT age · 2000/2000 graded matches have both ages
tennis study WTA: 30209 rated matches, acc 0.649 (surface ratings alone 0.6495), loss 0.6233 vs 0.6219, own weights [0.005, 0.907, -0.0, -0.106, 0.31, 0.029, -0.193]
tennis study WTA life factors vs current loss 0.6233: experience 0.6188 (+4.50 mnats, z 2.65), age 0.6229 (+0.41 mnats, z 0.49), young_vs_aging 0.6233 (+0.04 mnats, z 0.27), last_match 0.6227 (+0.67 mnats, z 0.69), streaks 0.6237 (-0.38 mnats, z -0.75), first_set 0.6223 (+1.03 mnats, z 2.43), injury 0.6227 (+0.66 mnats, z 1.14), travel 0.6234 (-0.09 mnats, z -0.57) -> KEPT experience+first_set · 2000/2000 graded matches have both ages
tennis odds: 0 singles matches priced (bovada)
tennis first-set lines: 0 first-set winner markets seen (0 matches with any set market)
tennis reads: 31 matches
sync: 129065 games stored, 52 calls, 0 failed, 3s
odds history: 0 games got odds, 55 calls, 0 failed, 5s
player stats: 0 box scores added, 0 to fetch, 0 failed, 1s
weather: 53 games got weather, 0 new stadiums located, 36s
news: 3 new drama tags
public splits: 15 upcoming games
tennis sync: 72661 matches stored, 18 calls, 0 failed
tennis study ATP: 25880 rated matches, acc 0.6375 (surface ratings alone 0.6395), loss 0.631 vs 0.6311, own weights [-0.005, 0.829, 0.073, 0.139, 0.425, 0.053, 0.049]
tennis study ATP life factors vs current loss 0.631: experience 0.632 (-1.03 mnats, z -0.98), age 0.6271 (+3.87 mnats, z 2.8), young_vs_aging 0.6304 (+0.65 mnats, z 1.53), last_match 0.6287 (+2.29 mnats, z 1.6), streaks 0.6316 (-0.59 mnats, z -0.58), first_set 0.63 (+1.05 mnats, z 1.68), injury 0.6316 (-0.57 mnats, z -0.83), travel 0.6311 (-0.09 mnats, z -1.22) -> KEPT age · 2000/2000 graded matches have both ages
tennis study WTA: 30209 rated matches, acc 0.649 (surface ratings alone 0.6495), loss 0.6233 vs 0.6219, own weights [0.005, 0.907, -0.0, -0.106, 0.31, 0.029, -0.193]
tennis study WTA life factors vs current loss 0.6233: experience 0.6188 (+4.50 mnats, z 2.65), age 0.6229 (+0.41 mnats, z 0.49), young_vs_aging 0.6233 (+0.04 mnats, z 0.27), last_match 0.6227 (+0.67 mnats, z 0.69), streaks 0.6237 (-0.38 mnats, z -0.75), first_set 0.6223 (+1.03 mnats, z 2.43), injury 0.6227 (+0.66 mnats, z 1.14), travel 0.6234 (-0.09 mnats, z -0.57) -> KEPT experience+first_set · 2000/2000 graded matches have both ages
tennis odds: 0 singles matches priced (bovada)
tennis first-set lines: 0 first-set winner markets seen (0 matches with any set market)
tennis reads: 31 matches
sync: 129065 games stored, 52 calls, 0 failed, 3s
odds history: 0 games got odds, 55 calls, 0 failed, 6s
player stats: 0 box scores added, 0 to fetch, 0 failed, 1s
weather: 53 games got weather, 0 new stadiums located, 143s
news: 3 new drama tags
public splits: 15 upcoming games
tennis sync: 72661 matches stored, 18 calls, 0 failed
tennis study ATP: 25880 rated matches, acc 0.6375 (surface ratings alone 0.6395), loss 0.631 vs 0.6311, own weights [-0.005, 0.829, 0.073, 0.139, 0.425, 0.053, 0.049]
tennis study ATP life factors vs current loss 0.631: experience 0.632 (-1.03 mnats, z -0.98), age 0.6271 (+3.87 mnats, z 2.8), young_vs_aging 0.6304 (+0.65 mnats, z 1.53), last_match 0.6287 (+2.29 mnats, z 1.6), streaks 0.6316 (-0.59 mnats, z -0.58), first_set 0.63 (+1.05 mnats, z 1.68), injury 0.6316 (-0.57 mnats, z -0.83), travel 0.6311 (-0.09 mnats, z -1.22) -> KEPT age · 2000/2000 graded matches have both ages
tennis study WTA: 30209 rated matches, acc 0.649 (surface ratings alone 0.6495), loss 0.6233 vs 0.6219, own weights [0.005, 0.907, -0.0, -0.106, 0.31, 0.029, -0.193]
tennis study WTA life factors vs current loss 0.6233: experience 0.6188 (+4.50 mnats, z 2.65), age 0.6229 (+0.41 mnats, z 0.49), young_vs_aging 0.6233 (+0.04 mnats, z 0.27), last_match 0.6227 (+0.67 mnats, z 0.69), streaks 0.6237 (-0.38 mnats, z -0.75), first_set 0.6223 (+1.03 mnats, z 2.43), injury 0.6227 (+0.66 mnats, z 1.14), travel 0.6234 (-0.09 mnats, z -0.57) -> KEPT experience+first_set · 2000/2000 graded matches have both ages
tennis odds: 0 singles matches priced (bovada)
tennis first-set lines: 0 first-set winner markets seen (0 matches with any set market)
tennis reads: 31 matches
sync: 129065 games stored, 52 calls, 0 failed, 3s
odds history: 0 games got odds, 55 calls, 0 failed, 6s
player stats: 0 box scores added, 0 to fetch, 0 failed, 1s
weather: 53 games got weather, 0 new stadiums located, 69s
news: 3 new drama tags
public splits: 15 upcoming games
early value play: Kings +170 (nhl, own 41% vs price 36%)
tennis sync: 72661 matches stored, 18 calls, 0 failed
tennis study ATP: 25880 rated matches, acc 0.6375 (surface ratings alone 0.6395), loss 0.631 vs 0.6311, own weights [-0.005, 0.829, 0.073, 0.139, 0.425, 0.053, 0.049]
tennis study ATP life factors vs current loss 0.631: experience 0.632 (-1.03 mnats, z -0.98), age 0.6271 (+3.87 mnats, z 2.8), young_vs_aging 0.6304 (+0.65 mnats, z 1.53), last_match 0.6287 (+2.29 mnats, z 1.6), streaks 0.6316 (-0.59 mnats, z -0.58), first_set 0.63 (+1.05 mnats, z 1.68), injury 0.6316 (-0.57 mnats, z -0.83), travel 0.6311 (-0.09 mnats, z -1.22) -> KEPT age · 2000/2000 graded matches have both ages
tennis study WTA: 30209 rated matches, acc 0.649 (surface ratings alone 0.6495), loss 0.6233 vs 0.6219, own weights [0.005, 0.907, -0.0, -0.106, 0.31, 0.029, -0.193]
tennis study WTA life factors vs current loss 0.6233: experience 0.6188 (+4.50 mnats, z 2.65), age 0.6229 (+0.41 mnats, z 0.49), young_vs_aging 0.6233 (+0.04 mnats, z 0.27), last_match 0.6227 (+0.67 mnats, z 0.69), streaks 0.6237 (-0.38 mnats, z -0.75), first_set 0.6223 (+1.03 mnats, z 2.43), injury 0.6227 (+0.66 mnats, z 1.14), travel 0.6234 (-0.09 mnats, z -0.57) -> KEPT experience+first_set · 2000/2000 graded matches have both ages
tennis odds: 0 singles matches priced (bovada)
tennis first-set lines: 0 first-set winner markets seen (0 matches with any set market)
tennis reads: 31 matches
sync: 129079 games stored, 58 calls, 0 failed, 3s
odds history: 0 games got odds, 59 calls, 0 failed, 7s
player stats: 0 box scores added, 0 to fetch, 0 failed, 1s
weather: 66 games got weather, 0 new stadiums located, 248s
news: 3 new drama tags
public splits: 54 upcoming games
tennis sync: 72661 matches stored, 18 calls, 0 failed
tennis study ATP: 25880 rated matches, acc 0.6375 (surface ratings alone 0.6395), loss 0.631 vs 0.6311, own weights [-0.005, 0.829, 0.073, 0.139, 0.425, 0.053, 0.049]
tennis study ATP life factors vs current loss 0.631: experience 0.632 (-1.03 mnats, z -0.98), age 0.6271 (+3.87 mnats, z 2.8), young_vs_aging 0.6304 (+0.65 mnats, z 1.53), last_match 0.6287 (+2.29 mnats, z 1.6), streaks 0.6316 (-0.59 mnats, z -0.58), first_set 0.63 (+1.05 mnats, z 1.68), injury 0.6316 (-0.57 mnats, z -0.83), travel 0.6311 (-0.09 mnats, z -1.22) -> KEPT age · 2000/2000 graded matches have both ages
tennis study WTA: 30209 rated matches, acc 0.649 (surface ratings alone 0.6495), loss 0.6233 vs 0.6219, own weights [0.005, 0.907, -0.0, -0.106, 0.31, 0.029, -0.193]
tennis study WTA life factors vs current loss 0.6233: experience 0.6188 (+4.50 mnats, z 2.65), age 0.6229 (+0.41 mnats, z 0.49), young_vs_aging 0.6233 (+0.04 mnats, z 0.27), last_match 0.6227 (+0.67 mnats, z 0.69), streaks 0.6237 (-0.38 mnats, z -0.75), first_set 0.6223 (+1.03 mnats, z 2.43), injury 0.6227 (+0.66 mnats, z 1.14), travel 0.6234 (-0.09 mnats, z -0.57) -> KEPT experience+first_set · 2000/2000 graded matches have both ages
tennis odds: 0 singles matches priced (bovada)
tennis first-set lines: 0 first-set winner markets seen (0 matches with any set market)
tennis reads: 31 matches
sync: 129079 games stored, 52 calls, 0 failed, 3s
odds history: 0 games got odds, 55 calls, 0 failed, 3s
player stats: 1 box scores added, 1 to fetch, 0 failed, 1s
weather: 58 games got weather, 0 new stadiums located, 36s
news: 3 new drama tags
tuned in 91s: mlb trust 24% acc 58.6%, nba trust 19% acc 70.0%, ncaab trust 5% acc 67.4%, ncaaf trust 9% acc 73.6%, nfl trust 11% acc 66.0%, nhl trust 17% acc 54.6%
cover study: nba big favorites covered 50% of 3598 (adjust +0.03); ncaab big favorites covered 49% of 12477 (adjust -0.03); ncaaf big favorites covered 51% of 2996 (adjust +0.00); nfl big favorites covered 48% of 508 (adjust +0.04)
comeback study: nfl 2252 games s=1.3 w=1.50 m=+0.0 loss 0.476->0.468; ncaaf 5099 games s=1.2 w=1.25 m=+0.0 loss 0.360->0.358; nba 10197 games s=1.7 w=1.75 m=+0.0 loss 0.508->0.473; mlb 19832 games s=1.0 w=1.00 m=+0.0 loss 0.455->0.455; nhl 10052 games s=1.2 w=1.50 m=+0.0 loss 0.510->0.507; ncaab 29841 games s=1.3 w=1.50 m=-0.1 loss 0.433->0.416
halves study: nfl 2260 games: 1st half gets 51% of the edge (sd 10.3), 2nd 40%; 1st half leader wins 78%, tied 7%; ncaaf 5099 games: 1st half gets 61% of the edge (sd 11.88), 2nd 42%; 1st half leader wins 82%, tied 6%; nba 10197 games: 1st half gets 60% of the edge (sd 10.84), 2nd 43%; 1st half leader wins 74%, tied 3%; ncaab 29841 games: 1st half gets 62% of the edge (sd 9.11), 2nd 51%; 1st half leader wins 77%, tied 4%; mlb 20066 games: first 5 innings gets 67% of the edge (sd 3.34), 2nd 23%; first 5 innings leader wins 83%, tied 15%; nhl 10059 games: 1st period gets 28% of the edge (sd 1.31), 2nd 76%; 1st period leader wins 74%, tied 34%
lines study: nhl 20118 team-games, loss 0.607->0.584; mlb 40134 team-games, loss 0.654->0.636
spread/moneyline study: {'nfl': (0.5361, True), 'ncaaf': (0.4962, False), 'nba': (0.4521, False), 'ncaab': (0.4812, False)}
hockey study: ['b2b', 'rest', 'travel'] 0.66551 vs line 0.66584
all: following hit 68.9% vs 68.0% the price said over 227492 (edge +0.9% older, +0.9% newer, z 10.04) -> watch only
streak: following hit 63.9% vs 63.3% the price said over 69193 (edge +0.6% older, +0.6% newer, z 3.52) -> watch only
rate: following hit 71.0% vs 70.0% the price said over 158299 (edge +0.9% older, +1.2% newer, z 9.8) -> watch only
streak|total: following hit 50.2% vs 50.0% the price said over 12233 (edge +0.2% older, +0.3% newer, z 0.55) -> watch only
streak|fav_ml: following hit 72.4% vs 71.4% the price said over 36344 (edge +0.9% older, +1.0% newer, z 4.33) -> watch only
streak|fav_cover: following hit 49.3% vs 50.0% the price said over 7468 (edge -1.5% older, +0.0% newer, z -1.25) -> watch only
streak|home: following hit 61.6% vs 60.9% the price said over 13148 (edge +0.9% older, +0.4% newer, z 1.76) -> watch only
rate|total: following hit 50.9% vs 50.0% the price said over 3884 (edge +1.1% older, +0.7% newer, z 1.16) -> watch only
rate|fav_ml: following hit 73.8% vs 72.7% the price said over 111515 (edge +0.9% older, +1.2% newer, z 8.36) -> watch only
rate|fav_cover: following hit 48.9% vs 50.0% the price said over 1763 (edge -0.1% older, -2.0% newer, z -0.88) -> watch only
rate|home: following hit 66.4% vs 65.3% the price said over 41137 (edge +1.1% older, +1.1% newer, z 5.41) -> watch only
nfl|streak: following hit 58.3% vs 59.7% the price said over 1529 (edge -2.3% older, -0.5% newer, z -1.2) -> watch only
nfl|rate: following hit 65.1% vs 65.0% the price said over 4068 (edge -0.2% older, +0.4% newer, z 0.11) -> watch only
ncaaf|streak: following hit 70.8% vs 70.5% the price said over 6029 (edge -0.1% older, +0.7% newer, z 0.53) -> watch only
ncaaf|rate: following hit 72.9% vs 72.1% the price said over 17957 (edge +0.9% older, +0.8% newer, z 2.82) -> watch only
nba|streak: following hit 61.2% vs 61.4% the price said over 9771 (edge -0.3% older, -0.0% newer, z -0.34) -> watch only
nba|rate: following hit 68.5% vs 68.7% the price said over 23673 (edge -0.2% older, -0.3% newer, z -0.78) -> watch only
ncaab|streak: following hit 67.8% vs 66.8% the price said over 36038 (edge +0.9% older, +1.1% newer, z 4.36) -> watch only
ncaab|rate: following hit 72.5% vs 71.1% the price said over 102090 (edge +1.5% older, +1.4% newer, z 10.93) -> watch only
mlb|streak: following hit 53.7% vs 53.6% the price said over 10779 (edge +0.5% older, -0.5% newer, z 0.09) -> watch only
mlb|rate: following hit 60.7% vs 59.5% the price said over 5362 (edge +0.0% older, +2.3% newer, z 1.73) -> watch only
nhl|streak: following hit 56.9% vs 55.5% the price said over 5047 (edge +1.8% older, +1.1% newer, z 2.12) -> watch only
nhl|rate: following hit 61.8% vs 61.1% the price said over 5149 (edge +0.3% older, +1.1% newer, z 1.06) -> watch only
proven: ncaab|rate|fav_cover
ACTIVE ncaaf away favorite: favorites win 22-4 (prices said 19.6) (7 straight) -> coin flip · next: North Texas @ Tulsa, Liberty @ Delaware, Penn State @ Northwestern
ACTIVE mlb home favorite: over 792-770 (7 straight) -> coin flip · next: Cubs @ Padres
ACTIVE ncaaf saturday: favorites win 69-12 (prices said 66.2) (5 straight) -> coin flip · next: Alabama @ Mississippi St, MTSU @ Kansas, UCF @ Houston
ACTIVE mlb sunday: home team wins 216-185 (prices said 213.5) (6 straight) -> coin flip · next: Padres/Cubs @ Brewers, Phillies/Braves @ Dodgers
ACTIVE mlb monday: home team wins 139-123 (prices said 137.6) (5 straight) -> coin flip
ACTIVE mlb back-to-back: over 1043-1048 (5 straight) -> coin flip · next: Cubs @ Padres, Phillies @ Braves, White Sox @ Astros
ACTIVE ncaaf friday: favorites win 13-1 (prices said 11.2) -> coin flip · next: Pitt @ Virginia Tech, Liberty @ Delaware, Penn State @ Northwestern
ACTIVE ncaaf home favorite: favorites win 71-11 (prices said 68.6) -> coin flip · next: Western KY @ New Mexico St, Pitt @ Virginia Tech, MTSU @ Kansas
totals study: {'nfl': (0.558, True), 'ncaaf': (0.4707, False), 'nba': (0.4871, False), 'ncaab': (0.53, True), 'mlb': (0.486, False), 'nhl': (0.4841, False)}
public splits: 53 upcoming games
tennis sync: 72661 matches stored, 18 calls, 0 failed
tennis study ATP: 25880 rated matches, acc 0.6375 (surface ratings alone 0.6395), loss 0.631 vs 0.6311, own weights [-0.005, 0.829, 0.073, 0.139, 0.425, 0.053, 0.049]
tennis study ATP life factors vs current loss 0.631: experience 0.632 (-1.03 mnats, z -0.98), age 0.6271 (+3.87 mnats, z 2.8), young_vs_aging 0.6304 (+0.65 mnats, z 1.53), last_match 0.6287 (+2.29 mnats, z 1.6), streaks 0.6316 (-0.59 mnats, z -0.58), first_set 0.63 (+1.05 mnats, z 1.68), injury 0.6316 (-0.57 mnats, z -0.83), travel 0.6311 (-0.09 mnats, z -1.22) -> KEPT age · 2000/2000 graded matches have both ages
tennis study WTA: 30209 rated matches, acc 0.649 (surface ratings alone 0.6495), loss 0.6233 vs 0.6219, own weights [0.005, 0.907, -0.0, -0.106, 0.31, 0.029, -0.193]
tennis study WTA life factors vs current loss 0.6233: experience 0.6188 (+4.50 mnats, z 2.65), age 0.6229 (+0.41 mnats, z 0.49), young_vs_aging 0.6233 (+0.04 mnats, z 0.27), last_match 0.6227 (+0.67 mnats, z 0.69), streaks 0.6237 (-0.38 mnats, z -0.75), first_set 0.6223 (+1.03 mnats, z 2.43), injury 0.6227 (+0.66 mnats, z 1.14), travel 0.6234 (-0.09 mnats, z -0.57) -> KEPT experience+first_set · 2000/2000 graded matches have both ages
tennis odds: 0 singles matches priced (bovada)
tennis first-set lines: 0 first-set winner markets seen (0 matches with any set market)
tennis reads: 31 matches
sync: 129079 games stored, 52 calls, 0 failed, 4s
odds history: 0 games got odds, 55 calls, 0 failed, 5s
player stats: 0 box scores added, 0 to fetch, 0 failed, 1s
weather: 58 games got weather, 0 new stadiums located, 37s
news: 3 new drama tags
public splits: 53 upcoming games
tennis sync: 72661 matches stored, 18 calls, 0 failed
tennis study ATP: 25880 rated matches, acc 0.6375 (surface ratings alone 0.6395), loss 0.631 vs 0.6311, own weights [-0.005, 0.829, 0.073, 0.139, 0.425, 0.053, 0.049]
tennis study ATP life factors vs current loss 0.631: experience 0.632 (-1.03 mnats, z -0.98), age 0.6271 (+3.87 mnats, z 2.8), young_vs_aging 0.6304 (+0.65 mnats, z 1.53), last_match 0.6287 (+2.29 mnats, z 1.6), streaks 0.6316 (-0.59 mnats, z -0.58), first_set 0.63 (+1.05 mnats, z 1.68), injury 0.6316 (-0.57 mnats, z -0.83), travel 0.6311 (-0.09 mnats, z -1.22) -> KEPT age · 2000/2000 graded matches have both ages
tennis study WTA: 30209 rated matches, acc 0.649 (surface ratings alone 0.6495), loss 0.6233 vs 0.6219, own weights [0.005, 0.907, -0.0, -0.106, 0.31, 0.029, -0.193]
tennis study WTA life factors vs current loss 0.6233: experience 0.6188 (+4.50 mnats, z 2.65), age 0.6229 (+0.41 mnats, z 0.49), young_vs_aging 0.6233 (+0.04 mnats, z 0.27), last_match 0.6227 (+0.67 mnats, z 0.69), streaks 0.6237 (-0.38 mnats, z -0.75), first_set 0.6223 (+1.03 mnats, z 2.43), injury 0.6227 (+0.66 mnats, z 1.14), travel 0.6234 (-0.09 mnats, z -0.57) -> KEPT experience+first_set · 2000/2000 graded matches have both ages
tennis odds: 0 singles matches priced (bovada)
tennis first-set lines: 0 first-set winner markets seen (0 matches with any set market)
tennis reads: 31 matches
sync: 129079 games stored, 52 calls, 0 failed, 4s
odds history: 0 games got odds, 55 calls, 0 failed, 5s
player stats: 0 box scores added, 0 to fetch, 0 failed, 1s
weather: 58 games got weather, 0 new stadiums located, 68s
news: 3 new drama tags
public splits: 53 upcoming games
tennis sync: 72661 matches stored, 18 calls, 0 failed
tennis study ATP: 25880 rated matches, acc 0.6375 (surface ratings alone 0.6395), loss 0.631 vs 0.6311, own weights [-0.005, 0.829, 0.073, 0.139, 0.425, 0.053, 0.049]
tennis study ATP life factors vs current loss 0.631: experience 0.632 (-1.03 mnats, z -0.98), age 0.6271 (+3.87 mnats, z 2.8), young_vs_aging 0.6304 (+0.65 mnats, z 1.53), last_match 0.6287 (+2.29 mnats, z 1.6), streaks 0.6316 (-0.59 mnats, z -0.58), first_set 0.63 (+1.05 mnats, z 1.68), injury 0.6316 (-0.57 mnats, z -0.83), travel 0.6311 (-0.09 mnats, z -1.22) -> KEPT age · 2000/2000 graded matches have both ages
tennis study WTA: 30209 rated matches, acc 0.649 (surface ratings alone 0.6495), loss 0.6233 vs 0.6219, own weights [0.005, 0.907, -0.0, -0.106, 0.31, 0.029, -0.193]
tennis study WTA life factors vs current loss 0.6233: experience 0.6188 (+4.50 mnats, z 2.65), age 0.6229 (+0.41 mnats, z 0.49), young_vs_aging 0.6233 (+0.04 mnats, z 0.27), last_match 0.6227 (+0.67 mnats, z 0.69), streaks 0.6237 (-0.38 mnats, z -0.75), first_set 0.6223 (+1.03 mnats, z 2.43), injury 0.6227 (+0.66 mnats, z 1.14), travel 0.6234 (-0.09 mnats, z -0.57) -> KEPT experience+first_set · 2000/2000 graded matches have both ages
tennis odds: 0 singles matches priced (bovada)
tennis first-set lines: 0 first-set winner markets seen (0 matches with any set market)
tennis reads: 31 matches
sync: 129079 games stored, 52 calls, 0 failed, 4s
odds history: 0 games got odds, 55 calls, 0 failed, 5s
player stats: 0 box scores added, 0 to fetch, 0 failed, 1s
weather: 58 games got weather, 0 new stadiums located, 210s
news: 3 new drama tags
public splits: 53 upcoming games
tennis sync: 72661 matches stored, 18 calls, 0 failed
tennis study ATP: 25880 rated matches, acc 0.6375 (surface ratings alone 0.6395), loss 0.631 vs 0.6311, own weights [-0.005, 0.829, 0.073, 0.139, 0.425, 0.053, 0.049]
tennis study ATP life factors vs current loss 0.631: experience 0.632 (-1.03 mnats, z -0.98), age 0.6271 (+3.87 mnats, z 2.8), young_vs_aging 0.6304 (+0.65 mnats, z 1.53), last_match 0.6287 (+2.29 mnats, z 1.6), streaks 0.6316 (-0.59 mnats, z -0.58), first_set 0.63 (+1.05 mnats, z 1.68), injury 0.6316 (-0.57 mnats, z -0.83), travel 0.6311 (-0.09 mnats, z -1.22) -> KEPT age · 2000/2000 graded matches have both ages
tennis study WTA: 30209 rated matches, acc 0.649 (surface ratings alone 0.6495), loss 0.6233 vs 0.6219, own weights [0.005, 0.907, -0.0, -0.106, 0.31, 0.029, -0.193]
tennis study WTA life factors vs current loss 0.6233: experience 0.6188 (+4.50 mnats, z 2.65), age 0.6229 (+0.41 mnats, z 0.49), young_vs_aging 0.6233 (+0.04 mnats, z 0.27), last_match 0.6227 (+0.67 mnats, z 0.69), streaks 0.6237 (-0.38 mnats, z -0.75), first_set 0.6223 (+1.03 mnats, z 2.43), injury 0.6227 (+0.66 mnats, z 1.14), travel 0.6234 (-0.09 mnats, z -0.57) -> KEPT experience+first_set · 2000/2000 graded matches have both ages
tennis odds: 0 singles matches priced (bovada)
tennis first-set lines: 0 first-set winner markets seen (0 matches with any set market)
tennis reads: 28 matches
sync: 129079 games stored, 52 calls, 0 failed, 4s
odds history: 0 games got odds, 55 calls, 0 failed, 5s
player stats: 0 box scores added, 0 to fetch, 0 failed, 1s
weather: 58 games got weather, 0 new stadiums located, 37s
news: 5 new drama tags
public splits: 53 upcoming games
tennis sync: 72661 matches stored, 18 calls, 0 failed
tennis study ATP: 25880 rated matches, acc 0.6375 (surface ratings alone 0.6395), loss 0.631 vs 0.6311, own weights [-0.005, 0.829, 0.073, 0.139, 0.425, 0.053, 0.049]
tennis study ATP life factors vs current loss 0.631: experience 0.632 (-1.03 mnats, z -0.98), age 0.6271 (+3.87 mnats, z 2.8), young_vs_aging 0.6304 (+0.65 mnats, z 1.53), last_match 0.6287 (+2.29 mnats, z 1.6), streaks 0.6316 (-0.59 mnats, z -0.58), first_set 0.63 (+1.05 mnats, z 1.68), injury 0.6316 (-0.57 mnats, z -0.83), travel 0.6311 (-0.09 mnats, z -1.22) -> KEPT age · 2000/2000 graded matches have both ages
tennis study WTA: 30209 rated matches, acc 0.649 (surface ratings alone 0.6495), loss 0.6233 vs 0.6219, own weights [0.005, 0.907, -0.0, -0.106, 0.31, 0.029, -0.193]
tennis study WTA life factors vs current loss 0.6233: experience 0.6188 (+4.50 mnats, z 2.65), age 0.6229 (+0.41 mnats, z 0.49), young_vs_aging 0.6233 (+0.04 mnats, z 0.27), last_match 0.6227 (+0.67 mnats, z 0.69), streaks 0.6237 (-0.38 mnats, z -0.75), first_set 0.6223 (+1.03 mnats, z 2.43), injury 0.6227 (+0.66 mnats, z 1.14), travel 0.6234 (-0.09 mnats, z -0.57) -> KEPT experience+first_set · 2000/2000 graded matches have both ages
tennis odds: 0 singles matches priced (bovada)
tennis first-set lines: 0 first-set winner markets seen (0 matches with any set market)
tennis reads: 28 matches
sync: 129891 games stored, 52 calls, 0 failed, 7s
odds history: 0 games got odds, 55 calls, 0 failed, 4s
player stats: 784 box scores added, 784 to fetch, 0 failed, 24s
weather: 482 games got weather, 0 new stadiums located, 257s
news: 3 new drama tags
tuned in 87s: mlb trust 24% acc 58.6%, nba trust 19% acc 70.0%, ncaab trust 5% acc 67.4%, ncaaf trust 30% acc 74.9%, nfl trust 11% acc 66.0%, nhl trust 16% acc 54.3%
cover study: nba big favorites covered 50% of 3598 (adjust +0.03); ncaab big favorites covered 49% of 12477 (adjust -0.03); ncaaf big favorites covered 51% of 3298 (adjust +0.01); nfl big favorites covered 48% of 508 (adjust +0.04)
comeback study: nfl 2252 games s=1.3 w=1.50 m=+0.0 loss 0.476->0.468; ncaaf 5663 games s=1.2 w=1.25 m=+0.0 loss 0.363->0.361; nba 10197 games s=1.7 w=1.75 m=+0.0 loss 0.508->0.473; mlb 19832 games s=1.0 w=1.00 m=+0.0 loss 0.455->0.455; nhl 10054 games s=1.2 w=1.50 m=+0.0 loss 0.510->0.507; ncaab 29841 games s=1.3 w=1.50 m=-0.1 loss 0.433->0.416
halves study: nfl 2260 games: 1st half gets 51% of the edge (sd 10.3), 2nd 40%; 1st half leader wins 78%, tied 7%; ncaaf 5664 games: 1st half gets 61% of the edge (sd 11.89), 2nd 43%; 1st half leader wins 82%, tied 6%; nba 10197 games: 1st half gets 60% of the edge (sd 10.84), 2nd 43%; 1st half leader wins 74%, tied 3%; ncaab 29841 games: 1st half gets 62% of the edge (sd 9.11), 2nd 51%; 1st half leader wins 77%, tied 4%; mlb 20066 games: first 5 innings gets 67% of the edge (sd 3.34), 2nd 23%; first 5 innings leader wins 83%, tied 15%; nhl 10061 games: 1st period gets 28% of the edge (sd 1.31), 2nd 76%; 1st period leader wins 74%, tied 34%
lines study: nhl 20122 team-games, loss 0.607->0.584; mlb 40134 team-games, loss 0.654->0.636
spread/moneyline study: {'nfl': (0.5361, True), 'ncaaf': (0.4803, False), 'nba': (0.4521, False), 'ncaab': (0.4812, False)}
hockey study: ['b2b', 'rest', 'travel'] 0.66542 vs line 0.66575
all: following hit 68.9% vs 68.0% the price said over 230855 (edge +0.8% older, +1.0% newer, z 10.04) -> watch only
streak: following hit 63.9% vs 63.3% the price said over 70104 (edge +0.6% older, +0.6% newer, z 3.51) -> watch only
rate: following hit 71.0% vs 70.0% the price said over 160751 (edge +1.0% older, +1.1% newer, z 9.8) -> watch only
streak|total: following hit 50.2% vs 50.0% the price said over 12347 (edge +0.2% older, +0.2% newer, z 0.4) -> watch only
streak|fav_ml: following hit 72.4% vs 71.5% the price said over 36754 (edge +0.9% older, +1.1% newer, z 4.29) -> watch only
streak|fav_cover: following hit 49.3% vs 50.0% the price said over 7586 (edge -1.4% older, +0.1% newer, z -1.15) -> watch only
streak|home: following hit 61.6% vs 60.9% the price said over 13417 (edge +0.9% older, +0.5% newer, z 1.89) -> watch only
rate|total: following hit 51.0% vs 50.0% the price said over 3928 (edge +1.3% older, +0.8% newer, z 1.28) -> watch only
rate|fav_ml: following hit 73.8% vs 72.7% the price said over 112933 (edge +0.9% older, +1.1% newer, z 8.18) -> watch only
rate|fav_cover: following hit 48.8% vs 50.0% the price said over 1838 (edge +0.1% older, -2.5% newer, z -1.03) -> watch only
rate|home: following hit 66.4% vs 65.3% the price said over 42052 (edge +1.2% older, +1.1% newer, z 5.72) -> watch only
nfl|streak: following hit 58.3% vs 59.7% the price said over 1529 (edge -2.3% older, -0.5% newer, z -1.2) -> watch only
nfl|rate: following hit 65.1% vs 65.0% the price said over 4068 (edge -0.2% older, +0.4% newer, z 0.11) -> watch only
ncaaf|streak: following hit 70.2% vs 69.9% the price said over 6940 (edge -0.2% older, +0.7% newer, z 0.53) -> watch only
ncaaf|rate: following hit 72.6% vs 71.8% the price said over 20409 (edge +0.8% older, +0.8% newer, z 2.86) -> watch only
nba|streak: following hit 61.2% vs 61.4% the price said over 9771 (edge -0.3% older, -0.0% newer, z -0.34) -> watch only
nba|rate: following hit 68.5% vs 68.7% the price said over 23673 (edge -0.2% older, -0.3% newer, z -0.78) -> watch only
ncaab|streak: following hit 67.8% vs 66.8% the price said over 36038 (edge +0.9% older, +1.1% newer, z 4.36) -> watch only
ncaab|rate: following hit 72.5% vs 71.1% the price said over 102090 (edge +1.5% older, +1.4% newer, z 10.93) -> watch only
mlb|streak: following hit 53.7% vs 53.6% the price said over 10779 (edge +0.5% older, -0.5% newer, z 0.09) -> watch only
mlb|rate: following hit 60.7% vs 59.5% the price said over 5362 (edge +0.0% older, +2.3% newer, z 1.73) -> watch only
nhl|streak: following hit 56.9% vs 55.5% the price said over 5047 (edge +1.8% older, +1.1% newer, z 2.12) -> watch only
nhl|rate: following hit 61.8% vs 61.1% the price said over 5149 (edge +0.3% older, +1.1% newer, z 1.06) -> watch only
proven: ncaab|rate|fav_cover, ncaaf|rate|total
ACTIVE ncaaf away favorite: favorites win 22-4 (prices said 19.6) (7 straight) -> coin flip · next: North Texas @ Tulsa, Liberty @ Delaware, Penn State @ Northwestern
ACTIVE mlb home favorite: over 792-770 (7 straight) -> coin flip · next: White Sox @ Guardians
ACTIVE ncaaf saturday: favorites win 69-12 (prices said 66.2) (5 straight) -> coin flip · next: Alabama @ Mississippi St, MTSU @ Kansas, UCF @ Houston
ACTIVE mlb sunday: home team wins 216-185 (prices said 213.5) (6 straight) -> coin flip · next: Padres/Cubs @ Brewers, Phillies/Braves @ Dodgers
ACTIVE mlb monday: home team wins 139-123 (prices said 137.6) (5 straight) -> coin flip
ACTIVE mlb back-to-back: over 1043-1048 (5 straight) -> coin flip · next: Phillies @ Braves, White Sox @ Astros, Padres/Cubs @ Brewers
ACTIVE ncaaf friday: favorites win 13-1 (prices said 11.2) -> coin flip · next: Pitt @ Virginia Tech, Liberty @ Delaware, Penn State @ Northwestern
ACTIVE ncaaf home favorite: favorites win 71-11 (prices said 68.6) -> coin flip · next: Western KY @ New Mexico St, Pitt @ Virginia Tech, MTSU @ Kansas
totals study: {'nfl': (0.558, True), 'ncaaf': (0.4664, False), 'nba': (0.4871, False), 'ncaab': (0.53, True), 'mlb': (0.486, False), 'nhl': (0.4836, False)}
public splits: 75 upcoming games
self-check: 42 graded picks - we said 55%, they hit 60% (hitting at or above what we said)
  drama:none: 39 graded, said 55%, hit 64% - only 39 graded - report only
  market:ml: 37 graded, said 55%, hit 65% - only 37 graded - report only
  source:pregame: 30 graded, said 54%, hit 67% - only 30 graded - report only
  label:parlay leg: 26 graded, said 54%, hit 65% - only 26 graded - report only
  price:-149..-101: 24 graded, said 56%, hit 67% - only 24 graded - report only
  price:+101..+179: 17 graded, said 54%, hit 47% - only 17 graded - report only
  league:mlb: 13 graded, said 53%, hit 85% - only 13 graded - report only
  label:live: 12 graded, said 57%, hit 42% - only 12 graded - report only
  league:nfl: 12 graded, said 59%, hit 83% - only 12 graded - report only
  source:live: 12 graded, said 57%, hit 42% - only 12 graded - report only
  ctx:game:div: 10 graded, said 56%, hit 40% - only 10 graded - report only (report only: forward-only tag)
  ctx:game:rival: 10 graded, said 56%, hit 40% - only 10 graded - report only (report only: forward-only tag)
  league:tennis: 9 graded, said 52%, hit 33% - only 9 graded - report only
  league:nhl: 8 graded, said 55%, hit 12% - only 8 graded - report only
  ctx:them:trip1000: 6 graded, said 56%, hit 100% - only 6 graded - report only (report only: forward-only tag)
  market:spread: 5 graded, said 54%, hit 20% - only 5 graded - report only
  ctx:game:conf: 4 graded, said 55%, hit 75% - only 4 graded - report only (report only: forward-only tag)
  ctx:them:east1000: 4 graded, said 56%, hit 100% - only 4 graded - report only (report only: forward-only tag)
  drama:theirs: 3 graded, said 56%, hit 0% - only 3 graded - report only
  ctx:them:trip2000: 2 graded, said 55%, hit 100% - only 2 graded - report only (report only: forward-only tag)
  ctx:them:week3000: 2 graded, said 55%, hit 100% - only 2 graded - report only (report only: forward-only tag)
  ctx:them:west1000: 2 graded, said 55%, hit 100% - only 2 graded - report only (report only: forward-only tag)
  label:lock: 2 graded, said 59%, hit 100% - only 2 graded - report only
  ctx:us:trip1000: 1 graded, said 53%, hit 0% - only 1 graded - report only (report only: forward-only tag)
  ctx:us:west1000: 1 graded, said 53%, hit 0% - only 1 graded - report only (report only: forward-only tag)
  label:dog: 1 graded, said 45%, hit 0% - only 1 graded - report only
  label:value: 1 graded, said 52%, hit 100% - only 1 graded - report only
  price:pick'em: 1 graded, said 58%, hit 100% - only 1 graded - report only
  (13 graded live bets were logged without a said chance - left out)
extra edge now needed: none
tennis sync: 72661 matches stored, 18 calls, 0 failed
tennis study ATP: 25880 rated matches, acc 0.6375 (surface ratings alone 0.6395), loss 0.631 vs 0.6311, own weights [-0.005, 0.829, 0.073, 0.139, 0.425, 0.053, 0.049]
tennis study ATP life factors vs current loss 0.631: experience 0.632 (-1.03 mnats, z -0.98), age 0.6271 (+3.87 mnats, z 2.8), young_vs_aging 0.6304 (+0.65 mnats, z 1.53), last_match 0.6287 (+2.29 mnats, z 1.6), streaks 0.6316 (-0.59 mnats, z -0.58), first_set 0.63 (+1.05 mnats, z 1.68), injury 0.6316 (-0.57 mnats, z -0.83), travel 0.6311 (-0.09 mnats, z -1.22) -> KEPT age · 2000/2000 graded matches have both ages
tennis study WTA: 30209 rated matches, acc 0.649 (surface ratings alone 0.6495), loss 0.6233 vs 0.6219, own weights [0.005, 0.907, -0.0, -0.106, 0.31, 0.029, -0.193]
tennis study WTA life factors vs current loss 0.6233: experience 0.6188 (+4.50 mnats, z 2.65), age 0.6229 (+0.41 mnats, z 0.49), young_vs_aging 0.6233 (+0.04 mnats, z 0.27), last_match 0.6227 (+0.67 mnats, z 0.69), streaks 0.6237 (-0.38 mnats, z -0.75), first_set 0.6223 (+1.03 mnats, z 2.43), injury 0.6227 (+0.66 mnats, z 1.14), travel 0.6234 (-0.09 mnats, z -0.57) -> KEPT experience+first_set · 2000/2000 graded matches have both ages
tennis odds: 0 singles matches priced (bovada)
tennis first-set lines: 0 first-set winner markets seen (0 matches with any set market)
tennis reads: 28 matches
sync: 129891 games stored, 52 calls, 0 failed, 6s
odds history: 0 games got odds, 55 calls, 0 failed, 4s
player stats: 0 box scores added, 0 to fetch, 0 failed, 1s
weather: 313 games got weather, 0 new stadiums located, 241s
news: 3 new drama tags
public splits: 75 upcoming games
tennis sync: 72661 matches stored, 18 calls, 0 failed
tennis study ATP: 25880 rated matches, acc 0.6375 (surface ratings alone 0.6395), loss 0.631 vs 0.6311, own weights [-0.005, 0.829, 0.073, 0.139, 0.425, 0.053, 0.049]
tennis study ATP life factors vs current loss 0.631: experience 0.632 (-1.03 mnats, z -0.98), age 0.6271 (+3.87 mnats, z 2.8), young_vs_aging 0.6304 (+0.65 mnats, z 1.53), last_match 0.6287 (+2.29 mnats, z 1.6), streaks 0.6316 (-0.59 mnats, z -0.58), first_set 0.63 (+1.05 mnats, z 1.68), injury 0.6316 (-0.57 mnats, z -0.83), travel 0.6311 (-0.09 mnats, z -1.22) -> KEPT age · 2000/2000 graded matches have both ages
tennis study WTA: 30209 rated matches, acc 0.649 (surface ratings alone 0.6495), loss 0.6233 vs 0.6219, own weights [0.005, 0.907, -0.0, -0.106, 0.31, 0.029, -0.193]
tennis study WTA life factors vs current loss 0.6233: experience 0.6188 (+4.50 mnats, z 2.65), age 0.6229 (+0.41 mnats, z 0.49), young_vs_aging 0.6233 (+0.04 mnats, z 0.27), last_match 0.6227 (+0.67 mnats, z 0.69), streaks 0.6237 (-0.38 mnats, z -0.75), first_set 0.6223 (+1.03 mnats, z 2.43), injury 0.6227 (+0.66 mnats, z 1.14), travel 0.6234 (-0.09 mnats, z -0.57) -> KEPT experience+first_set · 2000/2000 graded matches have both ages
tennis odds: 0 singles matches priced (bovada)
tennis first-set lines: 0 first-set winner markets seen (0 matches with any set market)
tennis reads: 22 matches
sync: 129891 games stored, 52 calls, 0 failed, 7s
odds history: 0 games got odds, 55 calls, 0 failed, 5s
player stats: 0 box scores added, 0 to fetch, 0 failed, 1s
weather: 99 games got weather, 0 new stadiums located, 252s
news: 3 new drama tags
public splits: 75 upcoming games
tennis sync: 72661 matches stored, 18 calls, 0 failed
tennis study ATP: 25880 rated matches, acc 0.6375 (surface ratings alone 0.6395), loss 0.631 vs 0.6311, own weights [-0.005, 0.829, 0.073, 0.139, 0.425, 0.053, 0.049]
tennis study ATP life factors vs current loss 0.631: experience 0.632 (-1.03 mnats, z -0.98), age 0.6271 (+3.87 mnats, z 2.8), young_vs_aging 0.6304 (+0.65 mnats, z 1.53), last_match 0.6287 (+2.29 mnats, z 1.6), streaks 0.6316 (-0.59 mnats, z -0.58), first_set 0.63 (+1.05 mnats, z 1.68), injury 0.6316 (-0.57 mnats, z -0.83), travel 0.6311 (-0.09 mnats, z -1.22) -> KEPT age · 2000/2000 graded matches have both ages
tennis study WTA: 30209 rated matches, acc 0.649 (surface ratings alone 0.6495), loss 0.6233 vs 0.6219, own weights [0.005, 0.907, -0.0, -0.106, 0.31, 0.029, -0.193]
tennis study WTA life factors vs current loss 0.6233: experience 0.6188 (+4.50 mnats, z 2.65), age 0.6229 (+0.41 mnats, z 0.49), young_vs_aging 0.6233 (+0.04 mnats, z 0.27), last_match 0.6227 (+0.67 mnats, z 0.69), streaks 0.6237 (-0.38 mnats, z -0.75), first_set 0.6223 (+1.03 mnats, z 2.43), injury 0.6227 (+0.66 mnats, z 1.14), travel 0.6234 (-0.09 mnats, z -0.57) -> KEPT experience+first_set · 2000/2000 graded matches have both ages
tennis odds: 0 singles matches priced (bovada)
tennis first-set lines: 0 first-set winner markets seen (0 matches with any set market)
sync: 129891 games stored, 52 calls, 0 failed, 6s
odds history: 0 games got odds, 55 calls, 0 failed, 9s
player stats: 1 box scores added, 1 to fetch, 0 failed, 1s
weather: 66 games got weather, 0 new stadiums located, 241s
news: 3 new drama tags
tuned in 137s: mlb trust 26% acc 58.6%, nba trust 19% acc 70.0%, ncaab trust 5% acc 67.4%, ncaaf trust 30% acc 75.1%, nfl trust 11% acc 66.0%, nhl trust 16% acc 54.3%
cover study: nba big favorites covered 50% of 3598 (adjust +0.03); ncaab big favorites covered 49% of 12477 (adjust -0.03); ncaaf big favorites covered 51% of 3298 (adjust +0.01); nfl big favorites covered 48% of 508 (adjust +0.04)
comeback study: nfl 2252 games s=1.3 w=1.50 m=+0.0 loss 0.476->0.468; ncaaf 5663 games s=1.2 w=1.25 m=+0.0 loss 0.363->0.361; nba 10197 games s=1.7 w=1.75 m=+0.0 loss 0.508->0.473; mlb 19833 games s=0.9 w=0.75 m=+0.0 loss 0.452->0.452; nhl 10054 games s=1.2 w=1.50 m=+0.0 loss 0.510->0.507; ncaab 29841 games s=1.3 w=1.50 m=-0.1 loss 0.433->0.416
halves study: nfl 2260 games: 1st half gets 51% of the edge (sd 10.3), 2nd 40%; 1st half leader wins 78%, tied 7%; ncaaf 5664 games: 1st half gets 61% of the edge (sd 11.89), 2nd 43%; 1st half leader wins 82%, tied 6%; nba 10197 games: 1st half gets 60% of the edge (sd 10.84), 2nd 43%; 1st half leader wins 74%, tied 3%; ncaab 29841 games: 1st half gets 62% of the edge (sd 9.11), 2nd 51%; 1st half leader wins 77%, tied 4%; mlb 20067 games: first 5 innings gets 67% of the edge (sd 3.34), 2nd 23%; first 5 innings leader wins 83%, tied 15%; nhl 10061 games: 1st period gets 28% of the edge (sd 1.31), 2nd 76%; 1st period leader wins 74%, tied 34%
lines study: nhl 20122 team-games, loss 0.607->0.584; mlb 40136 team-games, loss 0.654->0.636
spread/moneyline study: {'nfl': (0.5361, True), 'ncaaf': (0.4803, False), 'nba': (0.4521, False), 'ncaab': (0.4812, False)}
hockey study: ['b2b', 'rest', 'travel'] 0.66542 vs line 0.66575
all: following hit 68.9% vs 68.0% the price said over 230857 (edge +0.8% older, +1.0% newer, z 10.05) -> watch only
streak: following hit 63.9% vs 63.3% the price said over 70106 (edge +0.6% older, +0.6% newer, z 3.52) -> watch only
rate: following hit 71.0% vs 70.0% the price said over 160751 (edge +1.0% older, +1.1% newer, z 9.8) -> watch only
streak|total: following hit 50.2% vs 50.0% the price said over 12348 (edge +0.2% older, +0.2% newer, z 0.41) -> watch only
streak|fav_ml: following hit 72.4% vs 71.5% the price said over 36754 (edge +0.9% older, +1.1% newer, z 4.29) -> watch only
streak|fav_cover: following hit 49.3% vs 50.0% the price said over 7586 (edge -1.4% older, +0.1% newer, z -1.15) -> watch only
streak|home: following hit 61.6% vs 60.9% the price said over 13418 (edge +0.9% older, +0.5% newer, z 1.9) -> watch only
rate|total: following hit 51.0% vs 50.0% the price said over 3928 (edge +1.3% older, +0.8% newer, z 1.28) -> watch only
rate|fav_ml: following hit 73.8% vs 72.7% the price said over 112933 (edge +0.9% older, +1.1% newer, z 8.18) -> watch only
rate|fav_cover: following hit 48.8% vs 50.0% the price said over 1838 (edge +0.1% older, -2.5% newer, z -1.03) -> watch only
rate|home: following hit 66.4% vs 65.3% the price said over 42052 (edge +1.2% older, +1.1% newer, z 5.72) -> watch only
nfl|streak: following hit 58.3% vs 59.7% the price said over 1529 (edge -2.3% older, -0.5% newer, z -1.2) -> watch only
nfl|rate: following hit 65.1% vs 65.0% the price said over 4068 (edge -0.2% older, +0.4% newer, z 0.11) -> watch only
ncaaf|streak: following hit 70.2% vs 69.9% the price said over 6940 (edge -0.2% older, +0.7% newer, z 0.53) -> watch only
ncaaf|rate: following hit 72.6% vs 71.8% the price said over 20409 (edge +0.8% older, +0.8% newer, z 2.86) -> watch only
nba|streak: following hit 61.2% vs 61.4% the price said over 9771 (edge -0.3% older, -0.0% newer, z -0.34) -> watch only
nba|rate: following hit 68.5% vs 68.7% the price said over 23673 (edge -0.2% older, -0.3% newer, z -0.78) -> watch only
ncaab|streak: following hit 67.8% vs 66.8% the price said over 36038 (edge +0.9% older, +1.1% newer, z 4.36) -> watch only
ncaab|rate: following hit 72.5% vs 71.1% the price said over 102090 (edge +1.5% older, +1.4% newer, z 10.93) -> watch only
mlb|streak: following hit 53.7% vs 53.6% the price said over 10781 (edge +0.5% older, -0.4% newer, z 0.11) -> watch only
mlb|rate: following hit 60.7% vs 59.5% the price said over 5362 (edge +0.0% older, +2.3% newer, z 1.73) -> watch only
nhl|streak: following hit 56.9% vs 55.5% the price said over 5047 (edge +1.8% older, +1.1% newer, z 2.12) -> watch only
nhl|rate: following hit 61.8% vs 61.1% the price said over 5149 (edge +0.3% older, +1.1% newer, z 1.06) -> watch only
proven: ncaab|rate|fav_cover, ncaaf|rate|total
ACTIVE ncaaf away favorite: favorites win 22-4 (prices said 19.6) (7 straight) -> coin flip · next: North Texas @ Tulsa, Liberty @ Delaware, Penn State @ Northwestern
ACTIVE mlb home favorite: over 793-770 (8 straight) -> coin flip · next: White Sox @ Guardians, Yankees @ Rays
ACTIVE ncaaf saturday: favorites win 69-12 (prices said 66.2) (5 straight) -> coin flip · next: Alabama @ Mississippi St, MTSU @ Kansas, UCF @ Houston
ACTIVE mlb sunday: home team wins 216-185 (prices said 213.5) (6 straight) -> coin flip · next: Padres/Cubs @ Brewers, Phillies/Braves @ Dodgers
ACTIVE mlb back-to-back: over 1044-1048 (6 straight) -> coin flip · next: Phillies @ Braves, White Sox @ Astros, Red Sox @ Yankees
ACTIVE mlb monday: home team wins 139-123 (prices said 137.6) (5 straight) -> coin flip
ACTIVE ncaaf friday: favorites win 13-1 (prices said 11.2) -> coin flip · next: Pitt @ Virginia Tech, Liberty @ Delaware, Penn State @ Northwestern
ACTIVE ncaaf home favorite: favorites win 71-11 (prices said 68.6) -> coin flip · next: Western KY @ New Mexico St, Pitt @ Virginia Tech, MTSU @ Kansas
totals study: {'nfl': (0.558, True), 'ncaaf': (0.4918, False), 'nba': (0.4871, False), 'ncaab': (0.53, True), 'mlb': (0.486, False), 'nhl': (0.4836, False)}
public splits: 75 upcoming games
self-check: 46 graded picks - we said 55%, they hit 63% (hitting at or above what we said)
  drama:none: 43 graded, said 55%, hit 67% - hitting at or above what we said
  market:ml: 41 graded, said 55%, hit 68% - hitting at or above what we said
  source:pregame: 34 graded, said 54%, hit 71% - only 34 graded - report only
  label:parlay leg: 29 graded, said 54%, hit 69% - only 29 graded - report only
  price:-149..-101: 28 graded, said 56%, hit 71% - only 28 graded - report only
  league:mlb: 17 graded, said 54%, hit 88% - only 17 graded - report only
  price:+101..+179: 17 graded, said 54%, hit 47% - only 17 graded - report only
  ctx:game:div: 14 graded, said 56%, hit 57% - only 14 graded - report only (report only: forward-only tag)
  ctx:game:rival: 14 graded, said 56%, hit 57% - only 14 graded - report only (report only: forward-only tag)
  label:live: 12 graded, said 57%, hit 42% - only 12 graded - report only
  league:nfl: 12 graded, said 59%, hit 83% - only 12 graded - report only
  source:live: 12 graded, said 57%, hit 42% - only 12 graded - report only
  league:tennis: 9 graded, said 52%, hit 33% - only 9 graded - report only
  league:nhl: 8 graded, said 55%, hit 12% - only 8 graded - report only
  ctx:them:trip1000: 6 graded, said 56%, hit 100% - only 6 graded - report only (report only: forward-only tag)
  market:spread: 5 graded, said 54%, hit 20% - only 5 graded - report only
  ctx:game:conf: 4 graded, said 55%, hit 75% - only 4 graded - report only (report only: forward-only tag)
  ctx:them:east1000: 4 graded, said 56%, hit 100% - only 4 graded - report only (report only: forward-only tag)
  drama:theirs: 3 graded, said 56%, hit 0% - only 3 graded - report only
  label:lock: 3 graded, said 58%, hit 100% - only 3 graded - report only
  ctx:them:trip2000: 2 graded, said 55%, hit 100% - only 2 graded - report only (report only: forward-only tag)
  ctx:them:week3000: 2 graded, said 55%, hit 100% - only 2 graded - report only (report only: forward-only tag)
  ctx:them:west1000: 2 graded, said 55%, hit 100% - only 2 graded - report only (report only: forward-only tag)
  ctx:us:trip1000: 1 graded, said 53%, hit 0% - only 1 graded - report only (report only: forward-only tag)
  ctx:us:west1000: 1 graded, said 53%, hit 0% - only 1 graded - report only (report only: forward-only tag)
  label:dog: 1 graded, said 45%, hit 0% - only 1 graded - report only
  label:value: 1 graded, said 52%, hit 100% - only 1 graded - report only
  price:pick'em: 1 graded, said 58%, hit 100% - only 1 graded - report only
  (13 graded live bets were logged without a said chance - left out)
extra edge now needed: none
tennis sync: 72661 matches stored, 18 calls, 0 failed
tennis study ATP: 25884 rated matches, acc 0.6355 (surface ratings alone 0.6375), loss 0.6322 vs 0.6324, own weights [-0.005, 0.83, 0.073, 0.139, 0.425, 0.053, 0.049]
tennis study ATP life factors vs current loss 0.6322: experience 0.6333 (-1.05 mnats, z -0.99), age 0.6283 (+3.90 mnats, z 2.82), young_vs_aging 0.6316 (+0.67 mnats, z 1.57), last_match 0.6299 (+2.31 mnats, z 1.61), streaks 0.6328 (-0.55 mnats, z -0.54), first_set 0.6312 (+1.07 mnats, z 1.71), injury 0.6328 (-0.62 mnats, z -0.89), travel 0.6323 (-0.09 mnats, z -1.21) -> KEPT age · 2000/2000 graded matches have both ages
tennis study WTA: 30210 rated matches, acc 0.6495 (surface ratings alone 0.65), loss 0.6231 vs 0.6216, own weights [0.005, 0.907, -0.0, -0.106, 0.31, 0.029, -0.193]
tennis study WTA life factors vs current loss 0.6231: experience 0.6186 (+4.42 mnats, z 2.6), age 0.6226 (+0.43 mnats, z 0.52), young_vs_aging 0.623 (+0.04 mnats, z 0.27), last_match 0.6224 (+0.64 mnats, z 0.65), streaks 0.6234 (-0.38 mnats, z -0.76), first_set 0.622 (+1.03 mnats, z 2.43), injury 0.6224 (+0.67 mnats, z 1.15), travel 0.6231 (-0.09 mnats, z -0.57) -> KEPT experience+first_set · 2000/2000 graded matches have both ages
tennis odds: 0 singles matches priced (bovada)
tennis first-set lines: 0 first-set winner markets seen (0 matches with any set market)
sync: 129891 games stored, 52 calls, 0 failed, 6s
odds history: 0 games got odds, 55 calls, 0 failed, 3s
player stats: 0 box scores added, 0 to fetch, 0 failed, 1s
weather: 86 games got weather, 0 new stadiums located, 181s
news: 3 new drama tags
public splits: 75 upcoming games
tennis sync: 72661 matches stored, 18 calls, 0 failed
tennis study ATP: 25884 rated matches, acc 0.6355 (surface ratings alone 0.6375), loss 0.6322 vs 0.6324, own weights [-0.005, 0.83, 0.073, 0.139, 0.425, 0.053, 0.049]
tennis study ATP life factors vs current loss 0.6322: experience 0.6333 (-1.05 mnats, z -0.99), age 0.6283 (+3.90 mnats, z 2.82), young_vs_aging 0.6316 (+0.67 mnats, z 1.57), last_match 0.6299 (+2.31 mnats, z 1.61), streaks 0.6328 (-0.55 mnats, z -0.54), first_set 0.6312 (+1.07 mnats, z 1.71), injury 0.6328 (-0.62 mnats, z -0.89), travel 0.6323 (-0.09 mnats, z -1.21) -> KEPT age · 2000/2000 graded matches have both ages
tennis study WTA: 30210 rated matches, acc 0.6495 (surface ratings alone 0.65), loss 0.6231 vs 0.6216, own weights [0.005, 0.907, -0.0, -0.106, 0.31, 0.029, -0.193]
tennis study WTA life factors vs current loss 0.6231: experience 0.6186 (+4.42 mnats, z 2.6), age 0.6226 (+0.43 mnats, z 0.52), young_vs_aging 0.623 (+0.04 mnats, z 0.27), last_match 0.6224 (+0.64 mnats, z 0.65), streaks 0.6234 (-0.38 mnats, z -0.76), first_set 0.622 (+1.03 mnats, z 2.43), injury 0.6224 (+0.67 mnats, z 1.15), travel 0.6231 (-0.09 mnats, z -0.57) -> KEPT experience+first_set · 2000/2000 graded matches have both ages
tennis odds: 0 singles matches priced (bovada)
tennis first-set lines: 0 first-set winner markets seen (0 matches with any set market)
sync: 129891 games stored, 52 calls, 0 failed, 6s
odds history: 0 games got odds, 55 calls, 0 failed, 5s
player stats: 1 box scores added, 1 to fetch, 0 failed, 1s
weather: 86 games got weather, 0 new stadiums located, 68s
news: 3 new drama tags
settled 2026-09-30 dog: lost -100.00
tuned in 118s: mlb trust 26% acc 58.6%, nba trust 19% acc 70.0%, ncaab trust 5% acc 67.4%, ncaaf trust 30% acc 75.1%, nfl trust 11% acc 66.0%, nhl trust 16% acc 54.3%
cover study: nba big favorites covered 50% of 3598 (adjust +0.03); ncaab big favorites covered 49% of 12477 (adjust -0.03); ncaaf big favorites covered 51% of 3298 (adjust +0.01); nfl big favorites covered 48% of 508 (adjust +0.04)
comeback study: nfl 2252 games s=1.3 w=1.50 m=+0.0 loss 0.476->0.468; ncaaf 5663 games s=1.2 w=1.25 m=+0.0 loss 0.363->0.361; nba 10197 games s=1.7 w=1.75 m=+0.0 loss 0.508->0.473; mlb 19833 games s=0.9 w=0.75 m=+0.0 loss 0.452->0.452; nhl 10055 games s=1.2 w=1.50 m=+0.0 loss 0.510->0.507; ncaab 29841 games s=1.3 w=1.50 m=-0.1 loss 0.433->0.416
halves study: nfl 2260 games: 1st half gets 51% of the edge (sd 10.3), 2nd 40%; 1st half leader wins 78%, tied 7%; ncaaf 5664 games: 1st half gets 61% of the edge (sd 11.89), 2nd 43%; 1st half leader wins 82%, tied 6%; nba 10197 games: 1st half gets 60% of the edge (sd 10.84), 2nd 43%; 1st half leader wins 74%, tied 3%; ncaab 29841 games: 1st half gets 62% of the edge (sd 9.11), 2nd 51%; 1st half leader wins 77%, tied 4%; mlb 20067 games: first 5 innings gets 67% of the edge (sd 3.34), 2nd 23%; first 5 innings leader wins 83%, tied 15%; nhl 10062 games: 1st period gets 28% of the edge (sd 1.31), 2nd 76%; 1st period leader wins 74%, tied 34%
lines study: nhl 20124 team-games, loss 0.607->0.584; mlb 40136 team-games, loss 0.654->0.636
spread/moneyline study: {'nfl': (0.5361, True), 'ncaaf': (0.4803, False), 'nba': (0.4521, False), 'ncaab': (0.4812, False)}
hockey study: ['backup', 'b2b', 'rest', 'travel'] 0.6653 vs line 0.66567
all: following hit 68.9% vs 68.0% the price said over 230857 (edge +0.8% older, +1.0% newer, z 10.05) -> watch only
streak: following hit 63.9% vs 63.3% the price said over 70106 (edge +0.6% older, +0.6% newer, z 3.52) -> watch only
rate: following hit 71.0% vs 70.0% the price said over 160751 (edge +1.0% older, +1.1% newer, z 9.8) -> watch only
streak|total: following hit 50.2% vs 50.0% the price said over 12348 (edge +0.2% older, +0.2% newer, z 0.41) -> watch only
streak|fav_ml: following hit 72.4% vs 71.5% the price said over 36754 (edge +0.9% older, +1.1% newer, z 4.29) -> watch only
streak|fav_cover: following hit 49.3% vs 50.0% the price said over 7586 (edge -1.4% older, +0.1% newer, z -1.15) -> watch only
streak|home: following hit 61.6% vs 60.9% the price said over 13418 (edge +0.9% older, +0.5% newer, z 1.9) -> watch only
rate|total: following hit 51.0% vs 50.0% the price said over 3928 (edge +1.3% older, +0.8% newer, z 1.28) -> watch only
rate|fav_ml: following hit 73.8% vs 72.7% the price said over 112933 (edge +0.9% older, +1.1% newer, z 8.18) -> watch only
rate|fav_cover: following hit 48.8% vs 50.0% the price said over 1838 (edge +0.1% older, -2.5% newer, z -1.03) -> watch only
rate|home: following hit 66.4% vs 65.3% the price said over 42052 (edge +1.2% older, +1.1% newer, z 5.72) -> watch only
nfl|streak: following hit 58.3% vs 59.7% the price said over 1529 (edge -2.3% older, -0.5% newer, z -1.2) -> watch only
nfl|rate: following hit 65.1% vs 65.0% the price said over 4068 (edge -0.2% older, +0.4% newer, z 0.11) -> watch only
ncaaf|streak: following hit 70.2% vs 69.9% the price said over 6940 (edge -0.2% older, +0.7% newer, z 0.53) -> watch only
ncaaf|rate: following hit 72.6% vs 71.8% the price said over 20409 (edge +0.8% older, +0.8% newer, z 2.86) -> watch only
nba|streak: following hit 61.2% vs 61.4% the price said over 9771 (edge -0.3% older, -0.0% newer, z -0.34) -> watch only
nba|rate: following hit 68.5% vs 68.7% the price said over 23673 (edge -0.2% older, -0.3% newer, z -0.78) -> watch only
ncaab|streak: following hit 67.8% vs 66.8% the price said over 36038 (edge +0.9% older, +1.1% newer, z 4.36) -> watch only
ncaab|rate: following hit 72.5% vs 71.1% the price said over 102090 (edge +1.5% older, +1.4% newer, z 10.93) -> watch only
mlb|streak: following hit 53.7% vs 53.6% the price said over 10781 (edge +0.5% older, -0.4% newer, z 0.11) -> watch only
mlb|rate: following hit 60.7% vs 59.5% the price said over 5362 (edge +0.0% older, +2.3% newer, z 1.73) -> watch only
nhl|streak: following hit 56.9% vs 55.5% the price said over 5047 (edge +1.8% older, +1.1% newer, z 2.12) -> watch only
nhl|rate: following hit 61.8% vs 61.1% the price said over 5149 (edge +0.3% older, +1.1% newer, z 1.06) -> watch only
proven: ncaab|rate|fav_cover, ncaaf|rate|total
ACTIVE ncaaf away favorite: favorites win 22-4 (prices said 19.6) (7 straight) -> coin flip · next: North Texas @ Tulsa, Liberty @ Delaware, Penn State @ Northwestern
ACTIVE mlb home favorite: over 793-770 (8 straight) -> coin flip · next: White Sox @ Guardians, Yankees @ Rays
ACTIVE ncaaf saturday: favorites win 69-12 (prices said 66.2) (5 straight) -> coin flip · next: Alabama @ Mississippi St, MTSU @ Kansas, UCF @ Houston
ACTIVE mlb sunday: home team wins 216-185 (prices said 213.5) (6 straight) -> coin flip · next: Padres/Cubs @ Brewers, Phillies/Braves @ Dodgers
ACTIVE mlb back-to-back: over 1044-1048 (6 straight) -> coin flip · next: Phillies @ Braves, White Sox @ Astros, Red Sox @ Yankees
ACTIVE mlb monday: home team wins 139-123 (prices said 137.6) (5 straight) -> coin flip
ACTIVE ncaaf friday: favorites win 13-1 (prices said 11.2) -> coin flip · next: Pitt @ Virginia Tech, Liberty @ Delaware, Penn State @ Northwestern
ACTIVE ncaaf home favorite: favorites win 71-11 (prices said 68.6) -> coin flip · next: Western KY @ New Mexico St, Pitt @ Virginia Tech, MTSU @ Kansas
totals study: {'nfl': (0.558, True), 'ncaaf': (0.4918, False), 'nba': (0.4871, False), 'ncaab': (0.53, True), 'mlb': (0.486, False), 'nhl': (0.4825, False)}
public splits: 75 upcoming games
self-check: 46 graded picks - we said 55%, they hit 63% (hitting at or above what we said)
  drama:none: 43 graded, said 55%, hit 67% - hitting at or above what we said
  market:ml: 41 graded, said 55%, hit 68% - hitting at or above what we said
  source:pregame: 34 graded, said 54%, hit 71% - only 34 graded - report only
  label:parlay leg: 29 graded, said 54%, hit 69% - only 29 graded - report only
  price:-149..-101: 28 graded, said 56%, hit 71% - only 28 graded - report only
  league:mlb: 17 graded, said 54%, hit 88% - only 17 graded - report only
  price:+101..+179: 17 graded, said 54%, hit 47% - only 17 graded - report only
  ctx:game:div: 14 graded, said 56%, hit 57% - only 14 graded - report only (report only: forward-only tag)
  ctx:game:rival: 14 graded, said 56%, hit 57% - only 14 graded - report only (report only: forward-only tag)
  label:live: 12 graded, said 57%, hit 42% - only 12 graded - report only
  league:nfl: 12 graded, said 59%, hit 83% - only 12 graded - report only
  source:live: 12 graded, said 57%, hit 42% - only 12 graded - report only
  league:tennis: 9 graded, said 52%, hit 33% - only 9 graded - report only
  league:nhl: 8 graded, said 55%, hit 12% - only 8 graded - report only
  ctx:them:trip1000: 6 graded, said 56%, hit 100% - only 6 graded - report only (report only: forward-only tag)
  market:spread: 5 graded, said 54%, hit 20% - only 5 graded - report only
  ctx:game:conf: 4 graded, said 55%, hit 75% - only 4 graded - report only (report only: forward-only tag)
  ctx:them:east1000: 4 graded, said 56%, hit 100% - only 4 graded - report only (report only: forward-only tag)
  drama:theirs: 3 graded, said 56%, hit 0% - only 3 graded - report only
  label:lock: 3 graded, said 58%, hit 100% - only 3 graded - report only
  ctx:them:trip2000: 2 graded, said 55%, hit 100% - only 2 graded - report only (report only: forward-only tag)
  ctx:them:week3000: 2 graded, said 55%, hit 100% - only 2 graded - report only (report only: forward-only tag)
  ctx:them:west1000: 2 graded, said 55%, hit 100% - only 2 graded - report only (report only: forward-only tag)
  ctx:us:trip1000: 1 graded, said 53%, hit 0% - only 1 graded - report only (report only: forward-only tag)
  ctx:us:west1000: 1 graded, said 53%, hit 0% - only 1 graded - report only (report only: forward-only tag)
  label:dog: 1 graded, said 45%, hit 0% - only 1 graded - report only
  label:value: 1 graded, said 52%, hit 100% - only 1 graded - report only
  price:pick'em: 1 graded, said 58%, hit 100% - only 1 graded - report only
  (13 graded live bets were logged without a said chance - left out)
extra edge now needed: none
tennis sync: 72661 matches stored, 18 calls, 0 failed
tennis study ATP: 25884 rated matches, acc 0.6355 (surface ratings alone 0.6375), loss 0.6322 vs 0.6324, own weights [-0.005, 0.83, 0.073, 0.139, 0.425, 0.053, 0.049]
tennis study ATP life factors vs current loss 0.6322: experience 0.6333 (-1.05 mnats, z -0.99), age 0.6283 (+3.90 mnats, z 2.82), young_vs_aging 0.6316 (+0.67 mnats, z 1.57), last_match 0.6299 (+2.31 mnats, z 1.61), streaks 0.6328 (-0.55 mnats, z -0.54), first_set 0.6312 (+1.07 mnats, z 1.71), injury 0.6328 (-0.62 mnats, z -0.89), travel 0.6323 (-0.09 mnats, z -1.21) -> KEPT age · 2000/2000 graded matches have both ages
tennis study WTA: 30210 rated matches, acc 0.6495 (surface ratings alone 0.65), loss 0.6231 vs 0.6216, own weights [0.005, 0.907, -0.0, -0.106, 0.31, 0.029, -0.193]
tennis study WTA life factors vs current loss 0.6231: experience 0.6186 (+4.42 mnats, z 2.6), age 0.6226 (+0.43 mnats, z 0.52), young_vs_aging 0.623 (+0.04 mnats, z 0.27), last_match 0.6224 (+0.64 mnats, z 0.65), streaks 0.6234 (-0.38 mnats, z -0.76), first_set 0.622 (+1.03 mnats, z 2.43), injury 0.6224 (+0.67 mnats, z 1.15), travel 0.6231 (-0.09 mnats, z -0.57) -> KEPT experience+first_set · 2000/2000 graded matches have both ages
tennis odds: 0 singles matches priced (bovada)
tennis first-set lines: 0 first-set winner markets seen (0 matches with any set market)
sync: 129891 games stored, 52 calls, 0 failed, 6s
odds history: 0 games got odds, 55 calls, 0 failed, 7s
player stats: 1 box scores added, 1 to fetch, 0 failed, 1s
weather: 84 games got weather, 0 new stadiums located, 240s
news: 3 new drama tags
tuned in 155s: mlb trust 26% acc 58.8%, nba trust 19% acc 70.0%, ncaab trust 5% acc 67.4%, ncaaf trust 30% acc 75.1%, nfl trust 11% acc 66.0%, nhl trust 16% acc 54.3%
cover study: nba big favorites covered 50% of 3598 (adjust +0.03); ncaab big favorites covered 49% of 12477 (adjust -0.03); ncaaf big favorites covered 51% of 3298 (adjust +0.01); nfl big favorites covered 48% of 508 (adjust +0.04)
comeback study: nfl 2252 games s=1.3 w=1.50 m=+0.0 loss 0.476->0.468; ncaaf 5663 games s=1.2 w=1.25 m=+0.0 loss 0.363->0.361; nba 10197 games s=1.7 w=1.75 m=+0.0 loss 0.508->0.473; mlb 19834 games s=1.0 w=1.00 m=+0.1 loss 0.454->0.454; nhl 10055 games s=1.2 w=1.50 m=+0.0 loss 0.510->0.507; ncaab 29841 games s=1.3 w=1.50 m=-0.1 loss 0.433->0.416
halves study: nfl 2260 games: 1st half gets 51% of the edge (sd 10.3), 2nd 40%; 1st half leader wins 78%, tied 7%; ncaaf 5664 games: 1st half gets 61% of the edge (sd 11.89), 2nd 43%; 1st half leader wins 82%, tied 6%; nba 10197 games: 1st half gets 60% of the edge (sd 10.84), 2nd 43%; 1st half leader wins 74%, tied 3%; ncaab 29841 games: 1st half gets 62% of the edge (sd 9.11), 2nd 51%; 1st half leader wins 77%, tied 4%; mlb 20068 games: first 5 innings gets 67% of the edge (sd 3.34), 2nd 23%; first 5 innings leader wins 83%, tied 15%; nhl 10062 games: 1st period gets 28% of the edge (sd 1.31), 2nd 76%; 1st period leader wins 74%, tied 34%
lines study: nhl 20124 team-games, loss 0.607->0.584; mlb 40138 team-games, loss 0.654->0.636
spread/moneyline study: {'nfl': (0.5361, True), 'ncaaf': (0.4803, False), 'nba': (0.4521, False), 'ncaab': (0.4812, False)}
hockey study: ['backup', 'b2b', 'rest', 'travel'] 0.6653 vs line 0.66567
all: following hit 68.9% vs 68.0% the price said over 230859 (edge +0.8% older, +1.0% newer, z 10.05) -> watch only
streak: following hit 63.9% vs 63.3% the price said over 70108 (edge +0.6% older, +0.6% newer, z 3.52) -> watch only
rate: following hit 71.0% vs 70.0% the price said over 160751 (edge +1.0% older, +1.1% newer, z 9.8) -> watch only
streak|total: following hit 50.2% vs 50.0% the price said over 12349 (edge +0.2% older, +0.2% newer, z 0.4) -> watch only
streak|fav_ml: following hit 72.4% vs 71.5% the price said over 36754 (edge +0.9% older, +1.1% newer, z 4.29) -> watch only
streak|fav_cover: following hit 49.3% vs 50.0% the price said over 7586 (edge -1.4% older, +0.1% newer, z -1.15) -> watch only
streak|home: following hit 61.6% vs 60.9% the price said over 13419 (edge +0.9% older, +0.5% newer, z 1.91) -> watch only
rate|total: following hit 51.0% vs 50.0% the price said over 3928 (edge +1.3% older, +0.8% newer, z 1.28) -> watch only
rate|fav_ml: following hit 73.8% vs 72.7% the price said over 112933 (edge +0.9% older, +1.1% newer, z 8.18) -> watch only
rate|fav_cover: following hit 48.8% vs 50.0% the price said over 1838 (edge +0.1% older, -2.5% newer, z -1.03) -> watch only
rate|home: following hit 66.4% vs 65.3% the price said over 42052 (edge +1.2% older, +1.1% newer, z 5.72) -> watch only
nfl|streak: following hit 58.3% vs 59.7% the price said over 1529 (edge -2.3% older, -0.5% newer, z -1.2) -> watch only
nfl|rate: following hit 65.1% vs 65.0% the price said over 4068 (edge -0.2% older, +0.4% newer, z 0.11) -> watch only
ncaaf|streak: following hit 70.2% vs 69.9% the price said over 6940 (edge -0.2% older, +0.7% newer, z 0.53) -> watch only
ncaaf|rate: following hit 72.6% vs 71.8% the price said over 20409 (edge +0.8% older, +0.8% newer, z 2.86) -> watch only
nba|streak: following hit 61.2% vs 61.4% the price said over 9771 (edge -0.3% older, -0.0% newer, z -0.34) -> watch only
nba|rate: following hit 68.5% vs 68.7% the price said over 23673 (edge -0.2% older, -0.3% newer, z -0.78) -> watch only
ncaab|streak: following hit 67.8% vs 66.8% the price said over 36038 (edge +0.9% older, +1.1% newer, z 4.36) -> watch only
ncaab|rate: following hit 72.5% vs 71.1% the price said over 102090 (edge +1.5% older, +1.4% newer, z 10.93) -> watch only
mlb|streak: following hit 53.7% vs 53.6% the price said over 10783 (edge +0.5% older, -0.4% newer, z 0.11) -> watch only
mlb|rate: following hit 60.7% vs 59.5% the price said over 5362 (edge +0.0% older, +2.3% newer, z 1.73) -> watch only
nhl|streak: following hit 56.9% vs 55.5% the price said over 5047 (edge +1.8% older, +1.1% newer, z 2.12) -> watch only
nhl|rate: following hit 61.8% vs 61.1% the price said over 5149 (edge +0.3% older, +1.1% newer, z 1.06) -> watch only
proven: ncaab|rate|fav_cover, ncaaf|rate|total
ACTIVE ncaaf away favorite: favorites win 22-4 (prices said 19.6) (7 straight) -> coin flip · next: North Texas @ Tulsa, Liberty @ Delaware, Penn State @ Northwestern
ACTIVE ncaaf saturday: favorites win 69-12 (prices said 66.2) (5 straight) -> coin flip · next: Alabama @ Mississippi St, MTSU @ Kansas, UCF @ Houston
ACTIVE mlb sunday: home team wins 216-185 (prices said 213.5) (6 straight) -> coin flip · next: Padres @ Brewers, Phillies/Braves @ Dodgers
ACTIVE mlb monday: home team wins 139-123 (prices said 137.6) (5 straight) -> coin flip
ACTIVE ncaaf friday: favorites win 13-1 (prices said 11.2) -> coin flip · next: Pitt @ Virginia Tech, Liberty @ Delaware, Penn State @ Northwestern
ACTIVE ncaaf home favorite: favorites win 71-11 (prices said 68.6) -> coin flip · next: Western KY @ New Mexico St, Pitt @ Virginia Tech, MTSU @ Kansas
ACTIVE mlb big favorite: favorites win 58-21 (prices said 56.3) -> coin flip
ACTIVE ncaaf big favorite: favorites win 73-8 (prices said 71.9) -> coin flip · next: Liberty @ Delaware, MTSU @ Kansas, UCF @ Houston
totals study: {'nfl': (0.558, True), 'ncaaf': (0.4918, False), 'nba': (0.4871, False), 'ncaab': (0.53, True), 'mlb': (0.486, False), 'nhl': (0.4825, False)}
public splits: 75 upcoming games
self-check: 47 graded picks - we said 55%, they hit 62% (hitting at or above what we said)
  drama:none: 44 graded, said 55%, hit 66% - hitting at or above what we said
  market:ml: 42 graded, said 55%, hit 67% - hitting at or above what we said
  source:pregame: 35 graded, said 54%, hit 69% - only 35 graded - report only
  label:parlay leg: 29 graded, said 54%, hit 69% - only 29 graded - report only
  price:-149..-101: 28 graded, said 56%, hit 71% - only 28 graded - report only
  price:+101..+179: 18 graded, said 53%, hit 44% - only 18 graded - report only
  league:mlb: 17 graded, said 54%, hit 88% - only 17 graded - report only
  ctx:game:div: 14 graded, said 56%, hit 57% - only 14 graded - report only (report only: forward-only tag)
  ctx:game:rival: 14 graded, said 56%, hit 57% - only 14 graded - report only (report only: forward-only tag)
  label:live: 12 graded, said 57%, hit 42% - only 12 graded - report only
  league:nfl: 12 graded, said 59%, hit 83% - only 12 graded - report only
  source:live: 12 graded, said 57%, hit 42% - only 12 graded - report only
  league:nhl: 9 graded, said 53%, hit 11% - only 9 graded - report only
  league:tennis: 9 graded, said 52%, hit 33% - only 9 graded - report only
  ctx:them:trip1000: 6 graded, said 56%, hit 100% - only 6 graded - report only (report only: forward-only tag)
  ctx:game:conf: 5 graded, said 51%, hit 60% - only 5 graded - report only (report only: forward-only tag)
  market:spread: 5 graded, said 54%, hit 20% - only 5 graded - report only
  ctx:them:east1000: 4 graded, said 56%, hit 100% - only 4 graded - report only (report only: forward-only tag)
  drama:theirs: 3 graded, said 56%, hit 0% - only 3 graded - report only
  label:lock: 3 graded, said 58%, hit 100% - only 3 graded - report only
  ctx:them:trip2000: 2 graded, said 55%, hit 100% - only 2 graded - report only (report only: forward-only tag)
  ctx:them:week3000: 2 graded, said 55%, hit 100% - only 2 graded - report only (report only: forward-only tag)
  ctx:them:west1000: 2 graded, said 55%, hit 100% - only 2 graded - report only (report only: forward-only tag)
  label:dog: 2 graded, said 41%, hit 0% - only 2 graded - report only
  ctx:us:trip1000: 1 graded, said 53%, hit 0% - only 1 graded - report only (report only: forward-only tag)
  ctx:us:west1000: 1 graded, said 53%, hit 0% - only 1 graded - report only (report only: forward-only tag)
  label:value: 1 graded, said 52%, hit 100% - only 1 graded - report only
  price:pick'em: 1 graded, said 58%, hit 100% - only 1 graded - report only
  (13 graded live bets were logged without a said chance - left out)
extra edge now needed: none
tennis sync: 72661 matches stored, 18 calls, 0 failed
tennis study ATP: 25887 rated matches, acc 0.635 (surface ratings alone 0.637), loss 0.633 vs 0.6331, own weights [-0.005, 0.83, 0.074, 0.139, 0.425, 0.053, 0.049]
tennis study ATP life factors vs current loss 0.633: experience 0.6341 (-1.07 mnats, z -1.01), age 0.6292 (+3.81 mnats, z 2.76), young_vs_aging 0.6323 (+0.69 mnats, z 1.65), last_match 0.6305 (+2.46 mnats, z 1.71), streaks 0.6336 (-0.60 mnats, z -0.59), first_set 0.6319 (+1.05 mnats, z 1.68), injury 0.6337 (-0.66 mnats, z -0.95), travel 0.6331 (-0.09 mnats, z -1.2) -> KEPT age · 2000/2000 graded matches have both ages
tennis study WTA: 30211 rated matches, acc 0.6495 (surface ratings alone 0.65), loss 0.6231 vs 0.6217, own weights [0.005, 0.907, -0.001, -0.106, 0.31, 0.029, -0.192]
tennis study WTA life factors vs current loss 0.6231: experience 0.6187 (+4.41 mnats, z 2.6), age 0.6228 (+0.39 mnats, z 0.47), young_vs_aging 0.6231 (+0.04 mnats, z 0.27), last_match 0.6225 (+0.61 mnats, z 0.62), streaks 0.6235 (-0.34 mnats, z -0.68), first_set 0.6221 (+1.02 mnats, z 2.4), injury 0.6225 (+0.66 mnats, z 1.14), travel 0.6232 (-0.09 mnats, z -0.57) -> KEPT experience+first_set · 2000/2000 graded matches have both ages
tennis odds: 0 singles matches priced (bovada)
tennis first-set lines: 0 first-set winner markets seen (0 matches with any set market)
sync: 129891 games stored, 52 calls, 0 failed, 7s
odds history: 0 games got odds, 55 calls, 0 failed, 5s
player stats: 0 box scores added, 0 to fetch, 0 failed, 1s
weather: 66 games got weather, 0 new stadiums located, 240s
news: 6 new drama tags
public splits: 75 upcoming games
tennis sync: 72661 matches stored, 18 calls, 0 failed
tennis study ATP: 25887 rated matches, acc 0.635 (surface ratings alone 0.637), loss 0.633 vs 0.6331, own weights [-0.005, 0.83, 0.074, 0.139, 0.425, 0.053, 0.049]
tennis study ATP life factors vs current loss 0.633: experience 0.6341 (-1.07 mnats, z -1.01), age 0.6292 (+3.81 mnats, z 2.76), young_vs_aging 0.6323 (+0.69 mnats, z 1.65), last_match 0.6305 (+2.46 mnats, z 1.71), streaks 0.6336 (-0.60 mnats, z -0.59), first_set 0.6319 (+1.05 mnats, z 1.68), injury 0.6337 (-0.66 mnats, z -0.95), travel 0.6331 (-0.09 mnats, z -1.2) -> KEPT age · 2000/2000 graded matches have both ages
tennis study WTA: 30212 rated matches, acc 0.6495 (surface ratings alone 0.65), loss 0.6231 vs 0.6216, own weights [0.005, 0.907, -0.001, -0.106, 0.31, 0.029, -0.192]
tennis study WTA life factors vs current loss 0.6231: experience 0.6187 (+4.39 mnats, z 2.59), age 0.6227 (+0.39 mnats, z 0.47), young_vs_aging 0.6231 (+0.04 mnats, z 0.27), last_match 0.6226 (+0.55 mnats, z 0.56), streaks 0.6235 (-0.35 mnats, z -0.71), first_set 0.6221 (+1.01 mnats, z 2.37), injury 0.6224 (+0.67 mnats, z 1.16), travel 0.6232 (-0.09 mnats, z -0.57) -> KEPT experience+first_set · 2000/2000 graded matches have both ages
tennis odds: 0 singles matches priced (bovada)
tennis first-set lines: 0 first-set winner markets seen (0 matches with any set market)
sync: 129891 games stored, 52 calls, 0 failed, 6s
odds history: 0 games got odds, 55 calls, 0 failed, 6s
player stats: 0 box scores added, 0 to fetch, 0 failed, 1s
weather: 86 games got weather, 0 new stadiums located, 234s
news: 3 new drama tags
public splits: 75 upcoming games
tennis sync: 72661 matches stored, 18 calls, 0 failed
tennis study ATP: 25888 rated matches, acc 0.6355 (surface ratings alone 0.6375), loss 0.6328 vs 0.6329, own weights [-0.005, 0.83, 0.074, 0.139, 0.426, 0.053, 0.049]
tennis study ATP life factors vs current loss 0.6328: experience 0.6339 (-1.09 mnats, z -1.03), age 0.629 (+3.83 mnats, z 2.78), young_vs_aging 0.6321 (+0.69 mnats, z 1.65), last_match 0.6303 (+2.49 mnats, z 1.73), streaks 0.6334 (-0.58 mnats, z -0.56), first_set 0.6318 (+1.01 mnats, z 1.62), injury 0.6334 (-0.66 mnats, z -0.95), travel 0.6329 (-0.09 mnats, z -1.2) -> KEPT age · 2000/2000 graded matches have both ages
tennis study WTA: 30214 rated matches, acc 0.6485 (surface ratings alone 0.65), loss 0.6229 vs 0.6214, own weights [0.005, 0.907, -0.001, -0.106, 0.31, 0.029, -0.193]
tennis study WTA life factors vs current loss 0.6229: experience 0.6185 (+4.43 mnats, z 2.61), age 0.6225 (+0.40 mnats, z 0.48), young_vs_aging 0.6229 (+0.04 mnats, z 0.27), last_match 0.6224 (+0.54 mnats, z 0.55), streaks 0.6233 (-0.35 mnats, z -0.7), first_set 0.6219 (+1.02 mnats, z 2.4), injury 0.6222 (+0.67 mnats, z 1.16), travel 0.623 (-0.09 mnats, z -0.57) -> KEPT experience+first_set · 2000/2000 graded matches have both ages
tennis odds: 0 singles matches priced (bovada)
tennis first-set lines: 0 first-set winner markets seen (0 matches with any set market)
sync: 129891 games stored, 52 calls, 0 failed, 6s
odds history: 0 games got odds, 55 calls, 0 failed, 3s
player stats: 0 box scores added, 0 to fetch, 0 failed, 1s
weather: 86 games got weather, 0 new stadiums located, 207s
news: 3 new drama tags
public splits: 75 upcoming games
tennis sync: 72661 matches stored, 18 calls, 0 failed
tennis study ATP: 25888 rated matches, acc 0.6355 (surface ratings alone 0.6375), loss 0.6328 vs 0.6329, own weights [-0.005, 0.83, 0.074, 0.139, 0.426, 0.053, 0.049]
tennis study ATP life factors vs current loss 0.6328: experience 0.6339 (-1.09 mnats, z -1.03), age 0.629 (+3.83 mnats, z 2.78), young_vs_aging 0.6321 (+0.69 mnats, z 1.65), last_match 0.6303 (+2.49 mnats, z 1.73), streaks 0.6334 (-0.58 mnats, z -0.56), first_set 0.6318 (+1.01 mnats, z 1.62), injury 0.6334 (-0.66 mnats, z -0.95), travel 0.6329 (-0.09 mnats, z -1.2) -> KEPT age · 2000/2000 graded matches have both ages
tennis study WTA: 30214 rated matches, acc 0.6485 (surface ratings alone 0.65), loss 0.6229 vs 0.6214, own weights [0.005, 0.907, -0.001, -0.106, 0.31, 0.029, -0.193]
tennis study WTA life factors vs current loss 0.6229: experience 0.6185 (+4.43 mnats, z 2.61), age 0.6225 (+0.40 mnats, z 0.48), young_vs_aging 0.6229 (+0.04 mnats, z 0.27), last_match 0.6224 (+0.54 mnats, z 0.55), streaks 0.6233 (-0.35 mnats, z -0.7), first_set 0.6219 (+1.02 mnats, z 2.4), injury 0.6222 (+0.67 mnats, z 1.16), travel 0.623 (-0.09 mnats, z -0.57) -> KEPT experience+first_set · 2000/2000 graded matches have both ages
tennis odds: 0 singles matches priced (bovada)
tennis first-set lines: 0 first-set winner markets seen (0 matches with any set market)
sync: 129891 games stored, 52 calls, 0 failed, 6s
odds history: 0 games got odds, 55 calls, 0 failed, 5s
player stats: 0 box scores added, 0 to fetch, 0 failed, 1s
weather: 76 games got weather, 0 new stadiums located, 265s
news: 3 new drama tags
public splits: 75 upcoming games
tennis sync: 72661 matches stored, 18 calls, 0 failed
tennis study ATP: 25888 rated matches, acc 0.6355 (surface ratings alone 0.6375), loss 0.6328 vs 0.6329, own weights [-0.005, 0.83, 0.074, 0.139, 0.426, 0.053, 0.049]
tennis study ATP life factors vs current loss 0.6328: experience 0.6339 (-1.09 mnats, z -1.03), age 0.629 (+3.83 mnats, z 2.78), young_vs_aging 0.6321 (+0.69 mnats, z 1.65), last_match 0.6303 (+2.49 mnats, z 1.73), streaks 0.6334 (-0.58 mnats, z -0.56), first_set 0.6318 (+1.01 mnats, z 1.62), injury 0.6334 (-0.66 mnats, z -0.95), travel 0.6329 (-0.09 mnats, z -1.2) -> KEPT age · 2000/2000 graded matches have both ages
tennis study WTA: 30216 rated matches, acc 0.648 (surface ratings alone 0.649), loss 0.6233 vs 0.6219, own weights [0.005, 0.907, -0.001, -0.107, 0.31, 0.029, -0.19]
tennis study WTA life factors vs current loss 0.6233: experience 0.6189 (+4.44 mnats, z 2.62), age 0.623 (+0.35 mnats, z 0.42), young_vs_aging 0.6232 (+0.05 mnats, z 0.32), last_match 0.6227 (+0.57 mnats, z 0.58), streaks 0.6236 (-0.35 mnats, z -0.7), first_set 0.6223 (+1.04 mnats, z 2.45), injury 0.6226 (+0.74 mnats, z 1.28), travel 0.6234 (-0.09 mnats, z -0.57) -> KEPT experience+first_set · 2000/2000 graded matches have both ages
tennis odds: 0 singles matches priced (bovada)
tennis first-set lines: 0 first-set winner markets seen (0 matches with any set market)
sync: 129891 games stored, 52 calls, 0 failed, 6s
odds history: 0 games got odds, 55 calls, 0 failed, 10s
player stats: 0 box scores added, 0 to fetch, 0 failed, 1s
weather: 77 games got weather, 0 new stadiums located, 241s
news: 3 new drama tags
public splits: 76 upcoming games
tennis sync: 72661 matches stored, 18 calls, 0 failed
tennis study ATP: 25889 rated matches, acc 0.6355 (surface ratings alone 0.6375), loss 0.6329 vs 0.633, own weights [-0.005, 0.83, 0.074, 0.139, 0.426, 0.053, 0.049]
tennis study ATP life factors vs current loss 0.6329: experience 0.634 (-1.09 mnats, z -1.03), age 0.6291 (+3.85 mnats, z 2.79), young_vs_aging 0.6322 (+0.69 mnats, z 1.64), last_match 0.6304 (+2.50 mnats, z 1.74), streaks 0.6335 (-0.58 mnats, z -0.57), first_set 0.6319 (+1.03 mnats, z 1.64), injury 0.6336 (-0.66 mnats, z -0.95), travel 0.633 (-0.09 mnats, z -1.2) -> KEPT age · 2000/2000 graded matches have both ages
tennis study WTA: 30217 rated matches, acc 0.648 (surface ratings alone 0.649), loss 0.6232 vs 0.6218, own weights [0.005, 0.907, -0.001, -0.107, 0.31, 0.029, -0.19]
tennis study WTA life factors vs current loss 0.6232: experience 0.6187 (+4.46 mnats, z 2.63), age 0.6229 (+0.31 mnats, z 0.38), young_vs_aging 0.6231 (+0.05 mnats, z 0.32), last_match 0.6226 (+0.61 mnats, z 0.62), streaks 0.6235 (-0.35 mnats, z -0.7), first_set 0.6221 (+1.04 mnats, z 2.47), injury 0.6225 (+0.74 mnats, z 1.28), travel 0.6233 (-0.09 mnats, z -0.57) -> KEPT experience+first_set · 2000/2000 graded matches have both ages
tennis odds: 0 singles matches priced (bovada)
tennis first-set lines: 0 first-set winner markets seen (0 matches with any set market)
sync: 129891 games stored, 52 calls, 0 failed, 5s
odds history: 0 games got odds, 55 calls, 0 failed, 9s
player stats: 0 box scores added, 0 to fetch, 0 failed, 1s
weather: 77 games got weather, 0 new stadiums located, 246s
news: 3 new drama tags
public splits: 76 upcoming games
tennis sync: 72661 matches stored, 18 calls, 0 failed
tennis study ATP: 25890 rated matches, acc 0.6355 (surface ratings alone 0.6375), loss 0.6332 vs 0.6332, own weights [-0.005, 0.83, 0.073, 0.139, 0.426, 0.053, 0.049]
tennis study ATP life factors vs current loss 0.6332: experience 0.6342 (-1.07 mnats, z -1.01), age 0.6294 (+3.80 mnats, z 2.75), young_vs_aging 0.6325 (+0.69 mnats, z 1.64), last_match 0.6306 (+2.55 mnats, z 1.77), streaks 0.6338 (-0.63 mnats, z -0.62), first_set 0.6321 (+1.05 mnats, z 1.67), injury 0.6338 (-0.67 mnats, z -0.97), travel 0.6333 (-0.09 mnats, z -1.2) -> KEPT age · 2000/2000 graded matches have both ages
tennis study WTA: 30217 rated matches, acc 0.648 (surface ratings alone 0.649), loss 0.6232 vs 0.6218, own weights [0.005, 0.907, -0.001, -0.107, 0.31, 0.029, -0.19]
tennis study WTA life factors vs current loss 0.6232: experience 0.6187 (+4.46 mnats, z 2.63), age 0.6229 (+0.31 mnats, z 0.38), young_vs_aging 0.6231 (+0.05 mnats, z 0.32), last_match 0.6226 (+0.61 mnats, z 0.62), streaks 0.6235 (-0.35 mnats, z -0.7), first_set 0.6221 (+1.04 mnats, z 2.47), injury 0.6225 (+0.74 mnats, z 1.28), travel 0.6233 (-0.09 mnats, z -0.57) -> KEPT experience+first_set · 2000/2000 graded matches have both ages
tennis odds: 0 singles matches priced (bovada)
tennis first-set lines: 0 first-set winner markets seen (0 matches with any set market)
sync: 129891 games stored, 52 calls, 0 failed, 6s
odds history: 0 games got odds, 55 calls, 0 failed, 7s
player stats: 0 box scores added, 0 to fetch, 0 failed, 1s
weather: 71 games got weather, 0 new stadiums located, 243s
news: 3 new drama tags
public splits: 76 upcoming games
tennis sync: 72661 matches stored, 18 calls, 0 failed
tennis study ATP: 25893 rated matches, acc 0.6355 (surface ratings alone 0.6375), loss 0.6327 vs 0.6329, own weights [-0.005, 0.83, 0.074, 0.139, 0.425, 0.053, 0.049]
tennis study ATP life factors vs current loss 0.6327: experience 0.6338 (-1.10 mnats, z -1.04), age 0.6289 (+3.83 mnats, z 2.78), young_vs_aging 0.632 (+0.73 mnats, z 1.77), last_match 0.6301 (+2.65 mnats, z 1.84), streaks 0.6333 (-0.59 mnats, z -0.58), first_set 0.6317 (+1.05 mnats, z 1.68), injury 0.6334 (-0.68 mnats, z -0.99), travel 0.6328 (-0.09 mnats, z -1.2) -> KEPT age · 2000/2000 graded matches have both ages
tennis study WTA: 30218 rated matches, acc 0.648 (surface ratings alone 0.649), loss 0.6233 vs 0.6219, own weights [0.005, 0.907, -0.001, -0.106, 0.31, 0.029, -0.19]
tennis study WTA life factors vs current loss 0.6233: experience 0.6188 (+4.44 mnats, z 2.61), age 0.6229 (+0.34 mnats, z 0.41), young_vs_aging 0.6232 (+0.05 mnats, z 0.32), last_match 0.6227 (+0.58 mnats, z 0.6), streaks 0.6236 (-0.33 mnats, z -0.66), first_set 0.6222 (+1.06 mnats, z 2.53), injury 0.6225 (+0.75 mnats, z 1.31), travel 0.6234 (-0.09 mnats, z -0.57) -> KEPT experience+first_set · 2000/2000 graded matches have both ages
tennis odds: 0 singles matches priced (bovada)
tennis first-set lines: 0 first-set winner markets seen (0 matches with any set market)
sync: 129891 games stored, 52 calls, 0 failed, 6s
odds history: 2 games got odds, 55 calls, 0 failed, 6s
player stats: 0 box scores added, 0 to fetch, 0 failed, 1s
weather: 69 games got weather, 0 new stadiums located, 240s
news: 3 new drama tags
public splits: 76 upcoming games
tennis sync: 72661 matches stored, 18 calls, 0 failed
tennis study ATP: 25893 rated matches, acc 0.6355 (surface ratings alone 0.6375), loss 0.6327 vs 0.6329, own weights [-0.005, 0.83, 0.074, 0.139, 0.425, 0.053, 0.049]
tennis study ATP life factors vs current loss 0.6327: experience 0.6338 (-1.10 mnats, z -1.04), age 0.6289 (+3.83 mnats, z 2.78), young_vs_aging 0.632 (+0.73 mnats, z 1.77), last_match 0.6301 (+2.65 mnats, z 1.84), streaks 0.6333 (-0.59 mnats, z -0.58), first_set 0.6317 (+1.05 mnats, z 1.68), injury 0.6334 (-0.68 mnats, z -0.99), travel 0.6328 (-0.09 mnats, z -1.2) -> KEPT age · 2000/2000 graded matches have both ages
tennis study WTA: 30219 rated matches, acc 0.648 (surface ratings alone 0.6495), loss 0.6228 vs 0.6214, own weights [0.005, 0.907, -0.001, -0.106, 0.31, 0.03, -0.19]
tennis study WTA life factors vs current loss 0.6228: experience 0.6184 (+4.48 mnats, z 2.64), age 0.6225 (+0.36 mnats, z 0.44), young_vs_aging 0.6228 (+0.05 mnats, z 0.32), last_match 0.6223 (+0.52 mnats, z 0.53), streaks 0.6231 (-0.31 mnats, z -0.62), first_set 0.6218 (+1.08 mnats, z 2.55), injury 0.6221 (+0.78 mnats, z 1.35), travel 0.6229 (-0.09 mnats, z -0.57) -> KEPT experience+first_set · 2000/2000 graded matches have both ages
tennis odds: 0 singles matches priced (bovada)
tennis first-set lines: 0 first-set winner markets seen (0 matches with any set market)
sync: 129891 games stored, 52 calls, 0 failed, 5s
odds history: 0 games got odds, 55 calls, 0 failed, 3s
player stats: 0 box scores added, 0 to fetch, 0 failed, 1s
weather: 86 games got weather, 0 new stadiums located, 180s
news: 3 new drama tags
public splits: 76 upcoming games
tennis sync: 72661 matches stored, 18 calls, 0 failed
tennis study ATP: 25893 rated matches, acc 0.6355 (surface ratings alone 0.6375), loss 0.6327 vs 0.6329, own weights [-0.005, 0.83, 0.074, 0.139, 0.425, 0.053, 0.049]
tennis study ATP life factors vs current loss 0.6327: experience 0.6338 (-1.10 mnats, z -1.04), age 0.6289 (+3.83 mnats, z 2.78), young_vs_aging 0.632 (+0.73 mnats, z 1.77), last_match 0.6301 (+2.65 mnats, z 1.84), streaks 0.6333 (-0.59 mnats, z -0.58), first_set 0.6317 (+1.05 mnats, z 1.68), injury 0.6334 (-0.68 mnats, z -0.99), travel 0.6328 (-0.09 mnats, z -1.2) -> KEPT age · 2000/2000 graded matches have both ages
tennis study WTA: 30219 rated matches, acc 0.648 (surface ratings alone 0.6495), loss 0.6228 vs 0.6214, own weights [0.005, 0.907, -0.001, -0.106, 0.31, 0.03, -0.19]
tennis study WTA life factors vs current loss 0.6228: experience 0.6184 (+4.48 mnats, z 2.64), age 0.6225 (+0.36 mnats, z 0.44), young_vs_aging 0.6228 (+0.05 mnats, z 0.32), last_match 0.6223 (+0.52 mnats, z 0.53), streaks 0.6231 (-0.31 mnats, z -0.62), first_set 0.6218 (+1.08 mnats, z 2.55), injury 0.6221 (+0.78 mnats, z 1.35), travel 0.6229 (-0.09 mnats, z -0.57) -> KEPT experience+first_set · 2000/2000 graded matches have both ages
tennis odds: 0 singles matches priced (bovada)
tennis first-set lines: 0 first-set winner markets seen (0 matches with any set market)
sync: 129891 games stored, 52 calls, 0 failed, 6s
odds history: 0 games got odds, 55 calls, 0 failed, 10s
player stats: 0 box scores added, 0 to fetch, 0 failed, 1s
weather: 62 games got weather, 0 new stadiums located, 247s
news: 3 new drama tags
public splits: 76 upcoming games
tennis sync: 72661 matches stored, 18 calls, 0 failed
tennis study ATP: 25894 rated matches, acc 0.6355 (surface ratings alone 0.6375), loss 0.6327 vs 0.6329, own weights [-0.005, 0.83, 0.074, 0.139, 0.425, 0.053, 0.049]
tennis study ATP life factors vs current loss 0.6327: experience 0.6337 (-1.10 mnats, z -1.03), age 0.6288 (+3.83 mnats, z 2.78), young_vs_aging 0.6319 (+0.73 mnats, z 1.77), last_match 0.63 (+2.67 mnats, z 1.86), streaks 0.6332 (-0.57 mnats, z -0.56), first_set 0.6316 (+1.05 mnats, z 1.68), injury 0.6333 (-0.67 mnats, z -0.97), travel 0.6327 (-0.09 mnats, z -1.2) -> KEPT age · 2000/2000 graded matches have both ages
tennis study WTA: 30220 rated matches, acc 0.648 (surface ratings alone 0.6495), loss 0.6227 vs 0.6213, own weights [0.005, 0.907, -0.001, -0.106, 0.31, 0.03, -0.19]
tennis study WTA life factors vs current loss 0.6227: experience 0.6182 (+4.49 mnats, z 2.65), age 0.6224 (+0.35 mnats, z 0.43), young_vs_aging 0.6227 (+0.05 mnats, z 0.32), last_match 0.6222 (+0.51 mnats, z 0.52), streaks 0.623 (-0.30 mnats, z -0.61), first_set 0.6216 (+1.08 mnats, z 2.57), injury 0.622 (+0.78 mnats, z 1.35), travel 0.6228 (-0.09 mnats, z -0.57) -> KEPT experience+first_set · 2000/2000 graded matches have both ages
tennis odds: 0 singles matches priced (bovada)
tennis first-set lines: 0 first-set winner markets seen (0 matches with any set market)
sync: 129891 games stored, 52 calls, 0 failed, 6s
odds history: 0 games got odds, 55 calls, 0 failed, 7s
player stats: 0 box scores added, 0 to fetch, 0 failed, 1s
weather: 65 games got weather, 0 new stadiums located, 241s
news: 3 new drama tags
public splits: 76 upcoming games
tennis sync: 72661 matches stored, 18 calls, 0 failed
tennis study ATP: 25895 rated matches, acc 0.6355 (surface ratings alone 0.6375), loss 0.6324 vs 0.6327, own weights [-0.005, 0.83, 0.074, 0.139, 0.425, 0.053, 0.049]
tennis study ATP life factors vs current loss 0.6324: experience 0.6335 (-1.09 mnats, z -1.02), age 0.6286 (+3.83 mnats, z 2.78), young_vs_aging 0.6317 (+0.73 mnats, z 1.77), last_match 0.6298 (+2.68 mnats, z 1.86), streaks 0.633 (-0.56 mnats, z -0.54), first_set 0.6314 (+1.05 mnats, z 1.66), injury 0.6331 (-0.68 mnats, z -0.97), travel 0.6325 (-0.09 mnats, z -1.2) -> KEPT age · 2000/2000 graded matches have both ages
tennis study WTA: 30220 rated matches, acc 0.648 (surface ratings alone 0.6495), loss 0.6227 vs 0.6213, own weights [0.005, 0.907, -0.001, -0.106, 0.31, 0.03, -0.19]
tennis study WTA life factors vs current loss 0.6227: experience 0.6182 (+4.49 mnats, z 2.65), age 0.6224 (+0.35 mnats, z 0.43), young_vs_aging 0.6227 (+0.05 mnats, z 0.32), last_match 0.6222 (+0.51 mnats, z 0.52), streaks 0.623 (-0.30 mnats, z -0.61), first_set 0.6216 (+1.08 mnats, z 2.57), injury 0.622 (+0.78 mnats, z 1.35), travel 0.6228 (-0.09 mnats, z -0.57) -> KEPT experience+first_set · 2000/2000 graded matches have both ages
tennis odds: 0 singles matches priced (bovada)
tennis first-set lines: 0 first-set winner markets seen (0 matches with any set market)
sync: 129891 games stored, 52 calls, 0 failed, 6s
odds history: 0 games got odds, 55 calls, 0 failed, 6s
player stats: 0 box scores added, 0 to fetch, 0 failed, 1s
weather: 56 games got weather, 0 new stadiums located, 243s
news: 3 new drama tags
public splits: 76 upcoming games
tennis sync: 72661 matches stored, 18 calls, 0 failed
tennis study ATP: 25895 rated matches, acc 0.6355 (surface ratings alone 0.6375), loss 0.6324 vs 0.6327, own weights [-0.005, 0.83, 0.074, 0.139, 0.425, 0.053, 0.049]
tennis study ATP life factors vs current loss 0.6324: experience 0.6335 (-1.09 mnats, z -1.02), age 0.6286 (+3.83 mnats, z 2.78), young_vs_aging 0.6317 (+0.73 mnats, z 1.77), last_match 0.6298 (+2.68 mnats, z 1.86), streaks 0.633 (-0.56 mnats, z -0.54), first_set 0.6314 (+1.05 mnats, z 1.66), injury 0.6331 (-0.68 mnats, z -0.97), travel 0.6325 (-0.09 mnats, z -1.2) -> KEPT age · 2000/2000 graded matches have both ages
tennis study WTA: 30220 rated matches, acc 0.648 (surface ratings alone 0.6495), loss 0.6227 vs 0.6213, own weights [0.005, 0.907, -0.001, -0.106, 0.31, 0.03, -0.19]
tennis study WTA life factors vs current loss 0.6227: experience 0.6182 (+4.49 mnats, z 2.65), age 0.6224 (+0.35 mnats, z 0.43), young_vs_aging 0.6227 (+0.05 mnats, z 0.32), last_match 0.6222 (+0.51 mnats, z 0.52), streaks 0.623 (-0.30 mnats, z -0.61), first_set 0.6216 (+1.08 mnats, z 2.57), injury 0.622 (+0.78 mnats, z 1.35), travel 0.6228 (-0.09 mnats, z -0.57) -> KEPT experience+first_set · 2000/2000 graded matches have both ages
tennis odds: 0 singles matches priced (bovada)
tennis first-set lines: 0 first-set winner markets seen (0 matches with any set market)
sync: 129891 games stored, 52 calls, 0 failed, 5s
odds history: 0 games got odds, 55 calls, 0 failed, 10s
player stats: 0 box scores added, 0 to fetch, 0 failed, 1s
weather: 65 games got weather, 0 new stadiums located, 240s
news: 3 new drama tags
public splits: 76 upcoming games
tennis sync: 72661 matches stored, 18 calls, 0 failed
tennis study ATP: 25896 rated matches, acc 0.6355 (surface ratings alone 0.6375), loss 0.6324 vs 0.6326, own weights [-0.005, 0.83, 0.074, 0.139, 0.425, 0.053, 0.049]
tennis study ATP life factors vs current loss 0.6324: experience 0.6335 (-1.10 mnats, z -1.04), age 0.6286 (+3.80 mnats, z 2.76), young_vs_aging 0.6316 (+0.73 mnats, z 1.77), last_match 0.6297 (+2.68 mnats, z 1.86), streaks 0.633 (-0.58 mnats, z -0.56), first_set 0.6313 (+1.04 mnats, z 1.65), injury 0.633 (-0.67 mnats, z -0.97), travel 0.6325 (-0.09 mnats, z -1.2) -> KEPT age · 2000/2000 graded matches have both ages
tennis study WTA: 30220 rated matches, acc 0.648 (surface ratings alone 0.6495), loss 0.6227 vs 0.6213, own weights [0.005, 0.907, -0.001, -0.106, 0.31, 0.03, -0.19]
tennis study WTA life factors vs current loss 0.6227: experience 0.6182 (+4.49 mnats, z 2.65), age 0.6224 (+0.35 mnats, z 0.43), young_vs_aging 0.6227 (+0.05 mnats, z 0.32), last_match 0.6222 (+0.51 mnats, z 0.52), streaks 0.623 (-0.30 mnats, z -0.61), first_set 0.6216 (+1.08 mnats, z 2.57), injury 0.622 (+0.78 mnats, z 1.35), travel 0.6228 (-0.09 mnats, z -0.57) -> KEPT experience+first_set · 2000/2000 graded matches have both ages
tennis odds: 0 singles matches priced (bovada)
tennis first-set lines: 0 first-set winner markets seen (0 matches with any set market)
sync: 129891 games stored, 52 calls, 0 failed, 6s
odds history: 0 games got odds, 55 calls, 0 failed, 6s
player stats: 0 box scores added, 0 to fetch, 0 failed, 1s
weather: 86 games got weather, 0 new stadiums located, 208s
news: 3 new drama tags
public splits: 76 upcoming games
tennis sync: 72661 matches stored, 18 calls, 0 failed
tennis study ATP: 25896 rated matches, acc 0.6355 (surface ratings alone 0.6375), loss 0.6324 vs 0.6326, own weights [-0.005, 0.83, 0.074, 0.139, 0.425, 0.053, 0.049]
tennis study ATP life factors vs current loss 0.6324: experience 0.6335 (-1.10 mnats, z -1.04), age 0.6286 (+3.80 mnats, z 2.76), young_vs_aging 0.6316 (+0.73 mnats, z 1.77), last_match 0.6297 (+2.68 mnats, z 1.86), streaks 0.633 (-0.58 mnats, z -0.56), first_set 0.6313 (+1.04 mnats, z 1.65), injury 0.633 (-0.67 mnats, z -0.97), travel 0.6325 (-0.09 mnats, z -1.2) -> KEPT age · 2000/2000 graded matches have both ages
tennis study WTA: 30220 rated matches, acc 0.648 (surface ratings alone 0.6495), loss 0.6227 vs 0.6213, own weights [0.005, 0.907, -0.001, -0.106, 0.31, 0.03, -0.19]
tennis study WTA life factors vs current loss 0.6227: experience 0.6182 (+4.49 mnats, z 2.65), age 0.6224 (+0.35 mnats, z 0.43), young_vs_aging 0.6227 (+0.05 mnats, z 0.32), last_match 0.6222 (+0.51 mnats, z 0.52), streaks 0.623 (-0.30 mnats, z -0.61), first_set 0.6216 (+1.08 mnats, z 2.57), injury 0.622 (+0.78 mnats, z 1.35), travel 0.6228 (-0.09 mnats, z -0.57) -> KEPT experience+first_set · 2000/2000 graded matches have both ages
tennis odds: 0 singles matches priced (bovada)
tennis first-set lines: 0 first-set winner markets seen (0 matches with any set market)
sync: 129891 games stored, 52 calls, 0 failed, 5s
odds history: 0 games got odds, 55 calls, 0 failed, 6s
player stats: 0 box scores added, 0 to fetch, 0 failed, 1s
weather: 86 games got weather, 0 new stadiums located, 68s
news: 3 new drama tags
public splits: 76 upcoming games
tennis sync: 72661 matches stored, 18 calls, 0 failed
tennis study ATP: 25897 rated matches, acc 0.635 (surface ratings alone 0.637), loss 0.6324 vs 0.6327, own weights [-0.005, 0.83, 0.074, 0.139, 0.425, 0.053, 0.049]
tennis study ATP life factors vs current loss 0.6324: experience 0.6336 (-1.15 mnats, z -1.08), age 0.6286 (+3.88 mnats, z 2.82), young_vs_aging 0.6317 (+0.73 mnats, z 1.77), last_match 0.6298 (+2.65 mnats, z 1.84), streaks 0.6331 (-0.61 mnats, z -0.6), first_set 0.6314 (+1.06 mnats, z 1.69), injury 0.6331 (-0.67 mnats, z -0.97), travel 0.6325 (-0.09 mnats, z -1.2) -> KEPT age · 2000/2000 graded matches have both ages
tennis study WTA: 30220 rated matches, acc 0.648 (surface ratings alone 0.6495), loss 0.6227 vs 0.6213, own weights [0.005, 0.907, -0.001, -0.106, 0.31, 0.03, -0.19]
tennis study WTA life factors vs current loss 0.6227: experience 0.6182 (+4.49 mnats, z 2.65), age 0.6224 (+0.35 mnats, z 0.43), young_vs_aging 0.6227 (+0.05 mnats, z 0.32), last_match 0.6222 (+0.51 mnats, z 0.52), streaks 0.623 (-0.30 mnats, z -0.61), first_set 0.6216 (+1.08 mnats, z 2.57), injury 0.622 (+0.78 mnats, z 1.35), travel 0.6228 (-0.09 mnats, z -0.57) -> KEPT experience+first_set · 2000/2000 graded matches have both ages
tennis odds: 0 singles matches priced (bovada)
tennis first-set lines: 0 first-set winner markets seen (0 matches with any set market)
sync: 129891 games stored, 52 calls, 0 failed, 6s
odds history: 0 games got odds, 55 calls, 0 failed, 4s
player stats: 0 box scores added, 0 to fetch, 0 failed, 1s
weather: 86 games got weather, 0 new stadiums located, 39s
4th-down rates: 32 NFL teams
news: 3 new drama tags
public splits: 76 upcoming games
tennis sync: 72661 matches stored, 18 calls, 0 failed
tennis study ATP: 25897 rated matches, acc 0.635 (surface ratings alone 0.637), loss 0.6324 vs 0.6327, own weights [-0.005, 0.83, 0.074, 0.139, 0.425, 0.053, 0.049]
tennis study ATP life factors vs current loss 0.6324: experience 0.6336 (-1.15 mnats, z -1.08), age 0.6286 (+3.88 mnats, z 2.82), young_vs_aging 0.6317 (+0.73 mnats, z 1.77), last_match 0.6298 (+2.65 mnats, z 1.84), streaks 0.6331 (-0.61 mnats, z -0.6), first_set 0.6314 (+1.06 mnats, z 1.69), injury 0.6331 (-0.67 mnats, z -0.97), travel 0.6325 (-0.09 mnats, z -1.2) -> KEPT age · 2000/2000 graded matches have both ages
tennis study WTA: 30221 rated matches, acc 0.6475 (surface ratings alone 0.649), loss 0.623 vs 0.6217, own weights [0.005, 0.907, -0.001, -0.105, 0.31, 0.03, -0.19]
tennis study WTA life factors vs current loss 0.623: experience 0.6185 (+4.55 mnats, z 2.68), age 0.6227 (+0.35 mnats, z 0.42), young_vs_aging 0.623 (+0.06 mnats, z 0.37), last_match 0.6225 (+0.55 mnats, z 0.56), streaks 0.6233 (-0.29 mnats, z -0.59), first_set 0.622 (+1.06 mnats, z 2.52), injury 0.6223 (+0.77 mnats, z 1.34), travel 0.6231 (-0.09 mnats, z -0.57) -> KEPT experience+first_set · 2000/2000 graded matches have both ages
tennis odds: 0 singles matches priced (bovada)
tennis first-set lines: 0 first-set winner markets seen (0 matches with any set market)
sync: 129891 games stored, 52 calls, 0 failed, 5s
odds history: 0 games got odds, 55 calls, 0 failed, 6s
player stats: 0 box scores added, 0 to fetch, 0 failed, 1s
weather: 72 games got weather, 0 new stadiums located, 250s
4th-down rates: 32 NFL teams
news: 3 new drama tags
public splits: 76 upcoming games
tennis sync: 72661 matches stored, 18 calls, 0 failed
tennis study ATP: 25897 rated matches, acc 0.635 (surface ratings alone 0.637), loss 0.6324 vs 0.6327, own weights [-0.005, 0.83, 0.074, 0.139, 0.425, 0.053, 0.049]
tennis study ATP life factors vs current loss 0.6324: experience 0.6336 (-1.15 mnats, z -1.08), age 0.6286 (+3.88 mnats, z 2.82), young_vs_aging 0.6317 (+0.73 mnats, z 1.77), last_match 0.6298 (+2.65 mnats, z 1.84), streaks 0.6331 (-0.61 mnats, z -0.6), first_set 0.6314 (+1.06 mnats, z 1.69), injury 0.6331 (-0.67 mnats, z -0.97), travel 0.6325 (-0.09 mnats, z -1.2) -> KEPT age · 2000/2000 graded matches have both ages
tennis study WTA: 30222 rated matches, acc 0.6475 (surface ratings alone 0.6485), loss 0.6232 vs 0.6219, own weights [0.005, 0.907, -0.001, -0.105, 0.31, 0.03, -0.19]
tennis study WTA life factors vs current loss 0.6232: experience 0.6186 (+4.55 mnats, z 2.68), age 0.6229 (+0.31 mnats, z 0.37), young_vs_aging 0.6231 (+0.06 mnats, z 0.37), last_match 0.6227 (+0.52 mnats, z 0.53), streaks 0.6235 (-0.32 mnats, z -0.65), first_set 0.6221 (+1.07 mnats, z 2.54), injury 0.6224 (+0.80 mnats, z 1.38), travel 0.6233 (-0.09 mnats, z -0.57) -> KEPT experience+first_set · 2000/2000 graded matches have both ages
tennis odds: 0 singles matches priced (bovada)
tennis first-set lines: 0 first-set winner markets seen (0 matches with any set market)
sync: 129891 games stored, 52 calls, 0 failed, 8s
odds history: 0 games got odds, 55 calls, 0 failed, 5s
player stats: 0 box scores added, 0 to fetch, 0 failed, 1s
weather: 52 games got weather, 0 new stadiums located, 240s
4th-down rates: 32 NFL teams
news: 3 new drama tags
public splits: 76 upcoming games
tennis sync: 72661 matches stored, 18 calls, 0 failed
tennis study ATP: 25897 rated matches, acc 0.635 (surface ratings alone 0.637), loss 0.6324 vs 0.6327, own weights [-0.005, 0.83, 0.074, 0.139, 0.425, 0.053, 0.049]
tennis study ATP life factors vs current loss 0.6324: experience 0.6336 (-1.15 mnats, z -1.08), age 0.6286 (+3.88 mnats, z 2.82), young_vs_aging 0.6317 (+0.73 mnats, z 1.77), last_match 0.6298 (+2.65 mnats, z 1.84), streaks 0.6331 (-0.61 mnats, z -0.6), first_set 0.6314 (+1.06 mnats, z 1.69), injury 0.6331 (-0.67 mnats, z -0.97), travel 0.6325 (-0.09 mnats, z -1.2) -> KEPT age · 2000/2000 graded matches have both ages
tennis study WTA: 30222 rated matches, acc 0.6475 (surface ratings alone 0.6485), loss 0.6232 vs 0.6219, own weights [0.005, 0.907, -0.001, -0.105, 0.31, 0.03, -0.19]
tennis study WTA life factors vs current loss 0.6232: experience 0.6186 (+4.55 mnats, z 2.68), age 0.6229 (+0.31 mnats, z 0.37), young_vs_aging 0.6231 (+0.06 mnats, z 0.37), last_match 0.6227 (+0.52 mnats, z 0.53), streaks 0.6235 (-0.32 mnats, z -0.65), first_set 0.6221 (+1.07 mnats, z 2.54), injury 0.6224 (+0.80 mnats, z 1.38), travel 0.6233 (-0.09 mnats, z -0.57) -> KEPT experience+first_set · 2000/2000 graded matches have both ages
tennis odds: 0 singles matches priced (bovada)
tennis first-set lines: 0 first-set winner markets seen (0 matches with any set market)
sync: 129891 games stored, 52 calls, 0 failed, 5s
odds history: 0 games got odds, 55 calls, 0 failed, 5s
player stats: 0 box scores added, 0 to fetch, 0 failed, 1s
weather: 86 games got weather, 0 new stadiums located, 236s
4th-down rates: 32 NFL teams
news: 3 new drama tags
public splits: 76 upcoming games
tennis sync: 72661 matches stored, 18 calls, 0 failed
tennis study ATP: 25898 rated matches, acc 0.6345 (surface ratings alone 0.6365), loss 0.633 vs 0.6333, own weights [-0.005, 0.83, 0.074, 0.139, 0.425, 0.053, 0.049]
tennis study ATP life factors vs current loss 0.633: experience 0.6341 (-1.12 mnats, z -1.05), age 0.6291 (+3.84 mnats, z 2.79), young_vs_aging 0.6322 (+0.73 mnats, z 1.77), last_match 0.6302 (+2.73 mnats, z 1.89), streaks 0.6336 (-0.59 mnats, z -0.58), first_set 0.6319 (+1.06 mnats, z 1.69), injury 0.6336 (-0.67 mnats, z -0.96), travel 0.6331 (-0.09 mnats, z -1.19) -> KEPT age · 2000/2000 graded matches have both ages
tennis study WTA: 30223 rated matches, acc 0.6475 (surface ratings alone 0.6485), loss 0.6232 vs 0.6218, own weights [0.005, 0.907, -0.001, -0.104, 0.31, 0.03, -0.192]
tennis study WTA life factors vs current loss 0.6232: experience 0.6186 (+4.53 mnats, z 2.67), age 0.6228 (+0.34 mnats, z 0.41), young_vs_aging 0.6231 (+0.05 mnats, z 0.31), last_match 0.6227 (+0.48 mnats, z 0.49), streaks 0.6235 (-0.32 mnats, z -0.64), first_set 0.6221 (+1.05 mnats, z 2.49), injury 0.6224 (+0.77 mnats, z 1.34), travel 0.6233 (-0.09 mnats, z -0.57) -> KEPT experience+first_set · 2000/2000 graded matches have both ages
tennis odds: 0 singles matches priced (bovada)
tennis first-set lines: 0 first-set winner markets seen (0 matches with any set market)
sync: 129891 games stored, 52 calls, 0 failed, 5s
odds history: 0 games got odds, 55 calls, 0 failed, 3s
player stats: 0 box scores added, 0 to fetch, 0 failed, 0s
weather: 86 games got weather, 0 new stadiums located, 162s
4th-down rates: 32 NFL teams
news: 3 new drama tags
public splits: 76 upcoming games
tennis sync: 72661 matches stored, 18 calls, 0 failed
tennis study ATP: 25898 rated matches, acc 0.6345 (surface ratings alone 0.6365), loss 0.633 vs 0.6333, own weights [-0.005, 0.83, 0.074, 0.139, 0.425, 0.053, 0.049]
tennis study ATP life factors vs current loss 0.633: experience 0.6341 (-1.12 mnats, z -1.05), age 0.6291 (+3.84 mnats, z 2.79), young_vs_aging 0.6322 (+0.73 mnats, z 1.77), last_match 0.6302 (+2.73 mnats, z 1.89), streaks 0.6336 (-0.59 mnats, z -0.58), first_set 0.6319 (+1.06 mnats, z 1.69), injury 0.6336 (-0.67 mnats, z -0.96), travel 0.6331 (-0.09 mnats, z -1.19) -> KEPT age · 2000/2000 graded matches have both ages
tennis study WTA: 30223 rated matches, acc 0.6475 (surface ratings alone 0.6485), loss 0.6232 vs 0.6218, own weights [0.005, 0.907, -0.001, -0.104, 0.31, 0.03, -0.192]
tennis study WTA life factors vs current loss 0.6232: experience 0.6186 (+4.53 mnats, z 2.67), age 0.6228 (+0.34 mnats, z 0.41), young_vs_aging 0.6231 (+0.05 mnats, z 0.31), last_match 0.6227 (+0.48 mnats, z 0.49), streaks 0.6235 (-0.32 mnats, z -0.64), first_set 0.6221 (+1.05 mnats, z 2.49), injury 0.6224 (+0.77 mnats, z 1.34), travel 0.6233 (-0.09 mnats, z -0.57) -> KEPT experience+first_set · 2000/2000 graded matches have both ages
tennis odds: 0 singles matches priced (bovada)
tennis first-set lines: 0 first-set winner markets seen (0 matches with any set market)
sync: 129891 games stored, 52 calls, 0 failed, 5s
odds history: 0 games got odds, 55 calls, 0 failed, 5s
player stats: 0 box scores added, 0 to fetch, 0 failed, 1s
weather: 76 games got weather, 0 new stadiums located, 266s
4th-down rates: 32 NFL teams
news: 3 new drama tags
public splits: 76 upcoming games
tennis sync: 72661 matches stored, 18 calls, 0 failed
tennis study ATP: 25900 rated matches, acc 0.6345 (surface ratings alone 0.6365), loss 0.6329 vs 0.6332, own weights [-0.005, 0.83, 0.074, 0.14, 0.425, 0.053, 0.049]
tennis study ATP life factors vs current loss 0.6329: experience 0.634 (-1.14 mnats, z -1.08), age 0.629 (+3.89 mnats, z 2.83), young_vs_aging 0.6321 (+0.73 mnats, z 1.77), last_match 0.6302 (+2.69 mnats, z 1.86), streaks 0.6334 (-0.53 mnats, z -0.52), first_set 0.6318 (+1.06 mnats, z 1.69), injury 0.6336 (-0.71 mnats, z -1.02), travel 0.6329 (-0.09 mnats, z -1.19) -> KEPT age · 2000/2000 graded matches have both ages
tennis study WTA: 30223 rated matches, acc 0.6475 (surface ratings alone 0.6485), loss 0.6232 vs 0.6218, own weights [0.005, 0.907, -0.001, -0.104, 0.31, 0.03, -0.192]
tennis study WTA life factors vs current loss 0.6232: experience 0.6186 (+4.53 mnats, z 2.67), age 0.6228 (+0.34 mnats, z 0.41), young_vs_aging 0.6231 (+0.05 mnats, z 0.31), last_match 0.6227 (+0.48 mnats, z 0.49), streaks 0.6235 (-0.32 mnats, z -0.64), first_set 0.6221 (+1.05 mnats, z 2.49), injury 0.6224 (+0.77 mnats, z 1.34), travel 0.6233 (-0.09 mnats, z -0.57) -> KEPT experience+first_set · 2000/2000 graded matches have both ages
tennis odds: 0 singles matches priced (bovada)
tennis first-set lines: 0 first-set winner markets seen (0 matches with any set market)
sync: 129891 games stored, 52 calls, 0 failed, 6s
odds history: 0 games got odds, 55 calls, 0 failed, 6s
player stats: 0 box scores added, 0 to fetch, 0 failed, 1s
weather: 86 games got weather, 0 new stadiums located, 72s
4th-down rates: 32 NFL teams
news: 3 new drama tags
public splits: 76 upcoming games
tennis sync: 72661 matches stored, 18 calls, 0 failed
tennis study ATP: 25900 rated matches, acc 0.6345 (surface ratings alone 0.6365), loss 0.6329 vs 0.6332, own weights [-0.005, 0.83, 0.074, 0.14, 0.425, 0.053, 0.049]
tennis study ATP life factors vs current loss 0.6329: experience 0.634 (-1.14 mnats, z -1.08), age 0.629 (+3.89 mnats, z 2.83), young_vs_aging 0.6321 (+0.73 mnats, z 1.77), last_match 0.6302 (+2.69 mnats, z 1.86), streaks 0.6334 (-0.53 mnats, z -0.52), first_set 0.6318 (+1.06 mnats, z 1.69), injury 0.6336 (-0.71 mnats, z -1.02), travel 0.6329 (-0.09 mnats, z -1.19) -> KEPT age · 2000/2000 graded matches have both ages
tennis study WTA: 30223 rated matches, acc 0.6475 (surface ratings alone 0.6485), loss 0.6232 vs 0.6218, own weights [0.005, 0.907, -0.001, -0.104, 0.31, 0.03, -0.192]
tennis study WTA life factors vs current loss 0.6232: experience 0.6186 (+4.53 mnats, z 2.67), age 0.6228 (+0.34 mnats, z 0.41), young_vs_aging 0.6231 (+0.05 mnats, z 0.31), last_match 0.6227 (+0.48 mnats, z 0.49), streaks 0.6235 (-0.32 mnats, z -0.64), first_set 0.6221 (+1.05 mnats, z 2.49), injury 0.6224 (+0.77 mnats, z 1.34), travel 0.6233 (-0.09 mnats, z -0.57) -> KEPT experience+first_set · 2000/2000 graded matches have both ages
tennis odds: 0 singles matches priced (bovada)
tennis first-set lines: 0 first-set winner markets seen (0 matches with any set market)
sync: 129891 games stored, 52 calls, 0 failed, 5s
odds history: 0 games got odds, 55 calls, 0 failed, 8s
player stats: 0 box scores added, 0 to fetch, 0 failed, 1s
weather: 81 games got weather, 0 new stadiums located, 240s
4th-down rates: 32 NFL teams
news: 3 new drama tags
public splits: 76 upcoming games
tennis sync: 72661 matches stored, 18 calls, 0 failed
tennis study ATP: 25900 rated matches, acc 0.6345 (surface ratings alone 0.6365), loss 0.6329 vs 0.6332, own weights [-0.005, 0.83, 0.074, 0.14, 0.425, 0.053, 0.049]
tennis study ATP life factors vs current loss 0.6329: experience 0.634 (-1.14 mnats, z -1.08), age 0.629 (+3.89 mnats, z 2.83), young_vs_aging 0.6321 (+0.73 mnats, z 1.77), last_match 0.6302 (+2.69 mnats, z 1.86), streaks 0.6334 (-0.53 mnats, z -0.52), first_set 0.6318 (+1.06 mnats, z 1.69), injury 0.6336 (-0.71 mnats, z -1.02), travel 0.6329 (-0.09 mnats, z -1.19) -> KEPT age · 2000/2000 graded matches have both ages
tennis study WTA: 30224 rated matches, acc 0.6485 (surface ratings alone 0.6485), loss 0.6226 vs 0.6212, own weights [0.005, 0.906, -0.001, -0.104, 0.31, 0.03, -0.192]
tennis study WTA life factors vs current loss 0.6226: experience 0.6179 (+4.75 mnats, z 2.83), age 0.6223 (+0.28 mnats, z 0.34), young_vs_aging 0.6226 (+0.05 mnats, z 0.31), last_match 0.6222 (+0.43 mnats, z 0.44), streaks 0.623 (-0.35 mnats, z -0.71), first_set 0.6216 (+1.06 mnats, z 2.51), injury 0.6218 (+0.84 mnats, z 1.47), travel 0.6227 (-0.09 mnats, z -0.57) -> KEPT experience+first_set · 2000/2000 graded matches have both ages
tennis odds: 0 singles matches priced (bovada)
tennis first-set lines: 0 first-set winner markets seen (0 matches with any set market)
sync: 129891 games stored, 52 calls, 0 failed, 10s
odds history: 0 games got odds, 55 calls, 0 failed, 4s
player stats: 0 box scores added, 0 to fetch, 0 failed, 1s
weather: 51 games got weather, 0 new stadiums located, 240s
4th-down rates: 32 NFL teams
news: 3 new drama tags
public splits: 76 upcoming games
tennis sync: 72661 matches stored, 18 calls, 0 failed
tennis study ATP: 25900 rated matches, acc 0.6345 (surface ratings alone 0.6365), loss 0.6329 vs 0.6332, own weights [-0.005, 0.83, 0.074, 0.14, 0.425, 0.053, 0.049]
tennis study ATP life factors vs current loss 0.6329: experience 0.634 (-1.14 mnats, z -1.08), age 0.629 (+3.89 mnats, z 2.83), young_vs_aging 0.6321 (+0.73 mnats, z 1.77), last_match 0.6302 (+2.69 mnats, z 1.86), streaks 0.6334 (-0.53 mnats, z -0.52), first_set 0.6318 (+1.06 mnats, z 1.69), injury 0.6336 (-0.71 mnats, z -1.02), travel 0.6329 (-0.09 mnats, z -1.19) -> KEPT age · 2000/2000 graded matches have both ages
tennis study WTA: 30224 rated matches, acc 0.6485 (surface ratings alone 0.6485), loss 0.6226 vs 0.6212, own weights [0.005, 0.906, -0.001, -0.104, 0.31, 0.03, -0.192]
tennis study WTA life factors vs current loss 0.6226: experience 0.6179 (+4.75 mnats, z 2.83), age 0.6223 (+0.28 mnats, z 0.34), young_vs_aging 0.6226 (+0.05 mnats, z 0.31), last_match 0.6222 (+0.43 mnats, z 0.44), streaks 0.623 (-0.35 mnats, z -0.71), first_set 0.6216 (+1.06 mnats, z 2.51), injury 0.6218 (+0.84 mnats, z 1.47), travel 0.6227 (-0.09 mnats, z -0.57) -> KEPT experience+first_set · 2000/2000 graded matches have both ages
tennis odds: 0 singles matches priced (bovada)
tennis first-set lines: 0 first-set winner markets seen (0 matches with any set market)
sync: 129891 games stored, 52 calls, 0 failed, 5s
odds history: 0 games got odds, 55 calls, 0 failed, 3s
player stats: 0 box scores added, 0 to fetch, 0 failed, 1s
weather: 56 games got weather, 0 new stadiums located, 240s
4th-down rates: 32 NFL teams
news: 3 new drama tags
public splits: 76 upcoming games
tennis sync: 72661 matches stored, 18 calls, 0 failed
tennis study ATP: 25901 rated matches, acc 0.6345 (surface ratings alone 0.6365), loss 0.6329 vs 0.6332, own weights [-0.005, 0.829, 0.074, 0.141, 0.425, 0.053, 0.049]
tennis study ATP life factors vs current loss 0.6329: experience 0.6339 (-1.04 mnats, z -0.98), age 0.6291 (+3.81 mnats, z 2.77), young_vs_aging 0.6321 (+0.73 mnats, z 1.78), last_match 0.6302 (+2.73 mnats, z 1.89), streaks 0.6334 (-0.48 mnats, z -0.47), first_set 0.6318 (+1.08 mnats, z 1.72), injury 0.6336 (-0.70 mnats, z -1.01), travel 0.633 (-0.09 mnats, z -1.19) -> KEPT age · 2000/2000 graded matches have both ages
tennis study WTA: 30224 rated matches, acc 0.6485 (surface ratings alone 0.6485), loss 0.6226 vs 0.6212, own weights [0.005, 0.906, -0.001, -0.104, 0.31, 0.03, -0.192]
tennis study WTA life factors vs current loss 0.6226: experience 0.6179 (+4.75 mnats, z 2.83), age 0.6223 (+0.28 mnats, z 0.34), young_vs_aging 0.6226 (+0.05 mnats, z 0.31), last_match 0.6222 (+0.43 mnats, z 0.44), streaks 0.623 (-0.35 mnats, z -0.71), first_set 0.6216 (+1.06 mnats, z 2.51), injury 0.6218 (+0.84 mnats, z 1.47), travel 0.6227 (-0.09 mnats, z -0.57) -> KEPT experience+first_set · 2000/2000 graded matches have both ages
tennis odds: 0 singles matches priced (bovada)
tennis first-set lines: 0 first-set winner markets seen (0 matches with any set market)
sync: 129891 games stored, 52 calls, 0 failed, 6s
odds history: 0 games got odds, 55 calls, 0 failed, 9s
player stats: 0 box scores added, 0 to fetch, 0 failed, 1s
weather: 61 games got weather, 0 new stadiums located, 240s
4th-down rates: 32 NFL teams
news: 3 new drama tags
public splits: 76 upcoming games
SLATE CHECK: White Sox @ Astros (MLB): no price from the books
SLATE CHECK: Red Sox @ Yankees (MLB): no price from the books
SLATE CHECK: Cubs @ Padres (MLB): no price from the books
holding the board: the slate check found 3 problem(s) - the engine re-pulls and tries again (last try 8:30 PT)
tennis sync: 72661 matches stored, 18 calls, 0 failed
tennis study ATP: 25902 rated matches, acc 0.6345 (surface ratings alone 0.6365), loss 0.6329 vs 0.6332, own weights [-0.005, 0.829, 0.074, 0.14, 0.425, 0.052, 0.049]
tennis study ATP life factors vs current loss 0.6329: experience 0.634 (-1.07 mnats, z -1.02), age 0.629 (+3.88 mnats, z 2.82), young_vs_aging 0.6322 (+0.73 mnats, z 1.77), last_match 0.6302 (+2.73 mnats, z 1.89), streaks 0.6334 (-0.53 mnats, z -0.52), first_set 0.6318 (+1.08 mnats, z 1.72), injury 0.6336 (-0.69 mnats, z -0.99), travel 0.633 (-0.09 mnats, z -1.19) -> KEPT age · 2000/2000 graded matches have both ages
tennis study WTA: 30225 rated matches, acc 0.649 (surface ratings alone 0.6485), loss 0.6227 vs 0.6213, own weights [0.005, 0.906, -0.001, -0.102, 0.31, 0.03, -0.192]
tennis study WTA life factors vs current loss 0.6227: experience 0.6179 (+4.74 mnats, z 2.83), age 0.6224 (+0.29 mnats, z 0.36), young_vs_aging 0.6226 (+0.05 mnats, z 0.31), last_match 0.6222 (+0.50 mnats, z 0.52), streaks 0.623 (-0.37 mnats, z -0.74), first_set 0.6216 (+1.08 mnats, z 2.54), injury 0.6218 (+0.86 mnats, z 1.5), travel 0.6228 (-0.09 mnats, z -0.57) -> KEPT experience+first_set · 2000/2000 graded matches have both ages
tennis odds: 0 singles matches priced (bovada)
tennis first-set lines: 0 first-set winner markets seen (0 matches with any set market)
sync: 129891 games stored, 52 calls, 0 failed, 5s
odds history: 0 games got odds, 55 calls, 0 failed, 7s
player stats: 0 box scores added, 0 to fetch, 0 failed, 1s
weather: 58 games got weather, 0 new stadiums located, 242s
4th-down rates: 32 NFL teams
news: 3 new drama tags
public splits: 76 upcoming games
SLATE CHECK: White Sox @ Astros (MLB): no price from the books
SLATE CHECK: Red Sox @ Yankees (MLB): no price from the books
SLATE CHECK: Cubs @ Padres (MLB): no price from the books
   injuries seen for North Texas vs Tulsa: no key players listed · ours out: - · theirs out: -
   injuries seen for Blackhawks vs Mammoth: no key players listed · ours out: ['Andrew Mangiapane (LW)'] · theirs out: -
   injuries seen for Steelers vs Browns: no key players listed · ours out: ['Rico Dowdle (RB)'] · theirs out: ['Teven Jenkins (G)', 'Elgton Jenkins (C)', 'Tylan Wallace (WR)']
   injuries seen for Kraken vs Flames: no key players listed · ours out: - · theirs out: ['Henry Mews (D)']
posted lock for 2026-10-01: North Texas ML (-118) -> -118, hit 52%
posted dog for 2026-10-01: Blackhawks ML (+180) -> +180, hit 35%
posted lean for 2026-10-01: Steelers ML (-148) -> -148, hit 57%
posted lean for 2026-10-01: Kraken ML (-108) -> -108, hit 50%
tennis sync: 72661 matches stored, 18 calls, 0 failed
tennis study ATP: 25902 rated matches, acc 0.6345 (surface ratings alone 0.6365), loss 0.6329 vs 0.6332, own weights [-0.005, 0.829, 0.074, 0.14, 0.425, 0.052, 0.049]
tennis study ATP life factors vs current loss 0.6329: experience 0.634 (-1.07 mnats, z -1.02), age 0.629 (+3.88 mnats, z 2.82), young_vs_aging 0.6322 (+0.73 mnats, z 1.77), last_match 0.6302 (+2.73 mnats, z 1.89), streaks 0.6334 (-0.53 mnats, z -0.52), first_set 0.6318 (+1.08 mnats, z 1.72), injury 0.6336 (-0.69 mnats, z -0.99), travel 0.633 (-0.09 mnats, z -1.19) -> KEPT age · 2000/2000 graded matches have both ages
tennis study WTA: 30225 rated matches, acc 0.649 (surface ratings alone 0.6485), loss 0.6227 vs 0.6213, own weights [0.005, 0.906, -0.001, -0.102, 0.31, 0.03, -0.192]
tennis study WTA life factors vs current loss 0.6227: experience 0.6179 (+4.74 mnats, z 2.83), age 0.6224 (+0.29 mnats, z 0.36), young_vs_aging 0.6226 (+0.05 mnats, z 0.31), last_match 0.6222 (+0.50 mnats, z 0.52), streaks 0.623 (-0.37 mnats, z -0.74), first_set 0.6216 (+1.08 mnats, z 2.54), injury 0.6218 (+0.86 mnats, z 1.5), travel 0.6228 (-0.09 mnats, z -0.57) -> KEPT experience+first_set · 2000/2000 graded matches have both ages
tennis odds: 0 singles matches priced (bovada)
tennis first-set lines: 0 first-set winner markets seen (0 matches with any set market)
sync: 129891 games stored, 52 calls, 0 failed, 7s
odds history: 0 games got odds, 55 calls, 0 failed, 5s
player stats: 0 box scores added, 0 to fetch, 0 failed, 1s
weather: 69 games got weather, 0 new stadiums located, 243s
4th-down rates: 32 NFL teams
news: 3 new drama tags
public splits: 76 upcoming games
tennis sync: 72661 matches stored, 18 calls, 0 failed
tennis study ATP: 25902 rated matches, acc 0.6345 (surface ratings alone 0.6365), loss 0.6329 vs 0.6332, own weights [-0.005, 0.829, 0.074, 0.14, 0.425, 0.052, 0.049]
tennis study ATP life factors vs current loss 0.6329: experience 0.634 (-1.07 mnats, z -1.02), age 0.629 (+3.88 mnats, z 2.82), young_vs_aging 0.6322 (+0.73 mnats, z 1.77), last_match 0.6302 (+2.73 mnats, z 1.89), streaks 0.6334 (-0.53 mnats, z -0.52), first_set 0.6318 (+1.08 mnats, z 1.72), injury 0.6336 (-0.69 mnats, z -0.99), travel 0.633 (-0.09 mnats, z -1.19) -> KEPT age · 2000/2000 graded matches have both ages
tennis study WTA: 30225 rated matches, acc 0.649 (surface ratings alone 0.6485), loss 0.6227 vs 0.6213, own weights [0.005, 0.906, -0.001, -0.102, 0.31, 0.03, -0.192]
tennis study WTA life factors vs current loss 0.6227: experience 0.6179 (+4.74 mnats, z 2.83), age 0.6224 (+0.29 mnats, z 0.36), young_vs_aging 0.6226 (+0.05 mnats, z 0.31), last_match 0.6222 (+0.50 mnats, z 0.52), streaks 0.623 (-0.37 mnats, z -0.74), first_set 0.6216 (+1.08 mnats, z 2.54), injury 0.6218 (+0.86 mnats, z 1.5), travel 0.6228 (-0.09 mnats, z -0.57) -> KEPT experience+first_set · 2000/2000 graded matches have both ages
tennis odds: 0 singles matches priced (bovada)
tennis first-set lines: 0 first-set winner markets seen (0 matches with any set market)
sync: 129891 games stored, 52 calls, 0 failed, 6s
odds history: 0 games got odds, 55 calls, 0 failed, 4s
player stats: 0 box scores added, 0 to fetch, 0 failed, 1s
weather: 86 games got weather, 0 new stadiums located, 72s
4th-down rates: 32 NFL teams
news: 3 new drama tags
public splits: 76 upcoming games
tennis sync: 72661 matches stored, 18 calls, 0 failed
tennis study ATP: 25902 rated matches, acc 0.6345 (surface ratings alone 0.6365), loss 0.6329 vs 0.6332, own weights [-0.005, 0.829, 0.074, 0.14, 0.425, 0.052, 0.049]
tennis study ATP life factors vs current loss 0.6329: experience 0.634 (-1.07 mnats, z -1.02), age 0.629 (+3.88 mnats, z 2.82), young_vs_aging 0.6322 (+0.73 mnats, z 1.77), last_match 0.6302 (+2.73 mnats, z 1.89), streaks 0.6334 (-0.53 mnats, z -0.52), first_set 0.6318 (+1.08 mnats, z 1.72), injury 0.6336 (-0.69 mnats, z -0.99), travel 0.633 (-0.09 mnats, z -1.19) -> KEPT age · 2000/2000 graded matches have both ages
tennis study WTA: 30225 rated matches, acc 0.649 (surface ratings alone 0.6485), loss 0.6227 vs 0.6213, own weights [0.005, 0.906, -0.001, -0.102, 0.31, 0.03, -0.192]
tennis study WTA life factors vs current loss 0.6227: experience 0.6179 (+4.74 mnats, z 2.83), age 0.6224 (+0.29 mnats, z 0.36), young_vs_aging 0.6226 (+0.05 mnats, z 0.31), last_match 0.6222 (+0.50 mnats, z 0.52), streaks 0.623 (-0.37 mnats, z -0.74), first_set 0.6216 (+1.08 mnats, z 2.54), injury 0.6218 (+0.86 mnats, z 1.5), travel 0.6228 (-0.09 mnats, z -0.57) -> KEPT experience+first_set · 2000/2000 graded matches have both ages
tennis odds: 0 singles matches priced (bovada)
tennis first-set lines: 0 first-set winner markets seen (0 matches with any set market)
sync: 129891 games stored, 52 calls, 0 failed, 5s
odds history: 0 games got odds, 55 calls, 0 failed, 3s
player stats: 0 box scores added, 0 to fetch, 0 failed, 1s
weather: 86 games got weather, 0 new stadiums located, 119s
4th-down rates: 32 NFL teams
news: 4 new drama tags
public splits: 76 upcoming games
tennis sync: 72661 matches stored, 18 calls, 0 failed
tennis study ATP: 25902 rated matches, acc 0.6345 (surface ratings alone 0.6365), loss 0.6329 vs 0.6332, own weights [-0.005, 0.829, 0.074, 0.14, 0.425, 0.052, 0.049]
tennis study ATP life factors vs current loss 0.6329: experience 0.634 (-1.07 mnats, z -1.02), age 0.629 (+3.88 mnats, z 2.82), young_vs_aging 0.6322 (+0.73 mnats, z 1.77), last_match 0.6302 (+2.73 mnats, z 1.89), streaks 0.6334 (-0.53 mnats, z -0.52), first_set 0.6318 (+1.08 mnats, z 1.72), injury 0.6336 (-0.69 mnats, z -0.99), travel 0.633 (-0.09 mnats, z -1.19) -> KEPT age · 2000/2000 graded matches have both ages
tennis study WTA: 30225 rated matches, acc 0.649 (surface ratings alone 0.6485), loss 0.6227 vs 0.6213, own weights [0.005, 0.906, -0.001, -0.102, 0.31, 0.03, -0.192]
tennis study WTA life factors vs current loss 0.6227: experience 0.6179 (+4.74 mnats, z 2.83), age 0.6224 (+0.29 mnats, z 0.36), young_vs_aging 0.6226 (+0.05 mnats, z 0.31), last_match 0.6222 (+0.50 mnats, z 0.52), streaks 0.623 (-0.37 mnats, z -0.74), first_set 0.6216 (+1.08 mnats, z 2.54), injury 0.6218 (+0.86 mnats, z 1.5), travel 0.6228 (-0.09 mnats, z -0.57) -> KEPT experience+first_set · 2000/2000 graded matches have both ages
tennis odds: 0 singles matches priced (bovada)
tennis first-set lines: 0 first-set winner markets seen (0 matches with any set market)
sync: 129891 games stored, 52 calls, 0 failed, 8s
odds history: 0 games got odds, 55 calls, 0 failed, 7s
player stats: 0 box scores added, 0 to fetch, 0 failed, 1s
weather: 69 games got weather, 0 new stadiums located, 240s
4th-down rates: 32 NFL teams
news: 3 new drama tags
public splits: 76 upcoming games
tennis sync: 72661 matches stored, 18 calls, 0 failed
tennis study ATP: 25902 rated matches, acc 0.6345 (surface ratings alone 0.6365), loss 0.6329 vs 0.6332, own weights [-0.005, 0.829, 0.074, 0.14, 0.425, 0.052, 0.049]
tennis study ATP life factors vs current loss 0.6329: experience 0.634 (-1.07 mnats, z -1.02), age 0.629 (+3.88 mnats, z 2.82), young_vs_aging 0.6322 (+0.73 mnats, z 1.77), last_match 0.6302 (+2.73 mnats, z 1.89), streaks 0.6334 (-0.53 mnats, z -0.52), first_set 0.6318 (+1.08 mnats, z 1.72), injury 0.6336 (-0.69 mnats, z -0.99), travel 0.633 (-0.09 mnats, z -1.19) -> KEPT age · 2000/2000 graded matches have both ages
tennis study WTA: 30225 rated matches, acc 0.649 (surface ratings alone 0.6485), loss 0.6227 vs 0.6213, own weights [0.005, 0.906, -0.001, -0.102, 0.31, 0.03, -0.192]
tennis study WTA life factors vs current loss 0.6227: experience 0.6179 (+4.74 mnats, z 2.83), age 0.6224 (+0.29 mnats, z 0.36), young_vs_aging 0.6226 (+0.05 mnats, z 0.31), last_match 0.6222 (+0.50 mnats, z 0.52), streaks 0.623 (-0.37 mnats, z -0.74), first_set 0.6216 (+1.08 mnats, z 2.54), injury 0.6218 (+0.86 mnats, z 1.5), travel 0.6228 (-0.09 mnats, z -0.57) -> KEPT experience+first_set · 2000/2000 graded matches have both ages
tennis odds: 0 singles matches priced (bovada)
tennis first-set lines: 0 first-set winner markets seen (0 matches with any set market)
sync: 129891 games stored, 52 calls, 0 failed, 7s
odds history: 0 games got odds, 55 calls, 0 failed, 6s
player stats: 0 box scores added, 0 to fetch, 0 failed, 1s
weather: 69 games got weather, 0 new stadiums located, 240s
4th-down rates: 32 NFL teams
news: 3 new drama tags
public splits: 77 upcoming games
tennis sync: 72661 matches stored, 18 calls, 0 failed
tennis study ATP: 25902 rated matches, acc 0.6345 (surface ratings alone 0.6365), loss 0.6329 vs 0.6332, own weights [-0.005, 0.829, 0.074, 0.14, 0.425, 0.052, 0.049]
tennis study ATP life factors vs current loss 0.6329: experience 0.634 (-1.07 mnats, z -1.02), age 0.629 (+3.88 mnats, z 2.82), young_vs_aging 0.6322 (+0.73 mnats, z 1.77), last_match 0.6302 (+2.73 mnats, z 1.89), streaks 0.6334 (-0.53 mnats, z -0.52), first_set 0.6318 (+1.08 mnats, z 1.72), injury 0.6336 (-0.69 mnats, z -0.99), travel 0.633 (-0.09 mnats, z -1.19) -> KEPT age · 2000/2000 graded matches have both ages
tennis study WTA: 30225 rated matches, acc 0.649 (surface ratings alone 0.6485), loss 0.6227 vs 0.6213, own weights [0.005, 0.906, -0.001, -0.102, 0.31, 0.03, -0.192]
tennis study WTA life factors vs current loss 0.6227: experience 0.6179 (+4.74 mnats, z 2.83), age 0.6224 (+0.29 mnats, z 0.36), young_vs_aging 0.6226 (+0.05 mnats, z 0.31), last_match 0.6222 (+0.50 mnats, z 0.52), streaks 0.623 (-0.37 mnats, z -0.74), first_set 0.6216 (+1.08 mnats, z 2.54), injury 0.6218 (+0.86 mnats, z 1.5), travel 0.6228 (-0.09 mnats, z -0.57) -> KEPT experience+first_set · 2000/2000 graded matches have both ages
tennis odds: 0 singles matches priced (bovada)
tennis first-set lines: 0 first-set winner markets seen (0 matches with any set market)
sync: 129891 games stored, 52 calls, 0 failed, 6s
odds history: 0 games got odds, 55 calls, 0 failed, 6s
player stats: 0 box scores added, 0 to fetch, 0 failed, 1s
weather: 64 games got weather, 0 new stadiums located, 240s
4th-down rates: 32 NFL teams
news: 3 new drama tags
public splits: 79 upcoming games
early value play: Delaware +220 (ncaaf, own 62% vs price 30%)
early value play: Jaguars +120 (nfl, own 61% vs price 44%)
tennis sync: 72661 matches stored, 18 calls, 0 failed
sync: 129891 games stored, 52 calls, 0 failed, 6s
odds history: 0 games got odds, 55 calls, 0 failed, 5s
player stats: 0 box scores added, 0 to fetch, 0 failed, 1s
weather: 86 games got weather, 0 new stadiums located, 73s
4th-down rates: 32 NFL teams
news: 3 new drama tags
public splits: 79 upcoming games
tennis sync: 72661 matches stored, 18 calls, 0 failed
tennis study ATP: 25902 rated matches, acc 0.6345 (surface ratings alone 0.6365), loss 0.6329 vs 0.6332, own weights [-0.005, 0.829, 0.074, 0.14, 0.425, 0.052, 0.049]
tennis study ATP life factors vs current loss 0.6329: experience 0.634 (-1.07 mnats, z -1.02), age 0.629 (+3.88 mnats, z 2.82), young_vs_aging 0.6322 (+0.73 mnats, z 1.77), last_match 0.6302 (+2.73 mnats, z 1.89), streaks 0.6334 (-0.53 mnats, z -0.52), first_set 0.6318 (+1.08 mnats, z 1.72), injury 0.6336 (-0.69 mnats, z -0.99), travel 0.633 (-0.09 mnats, z -1.19) -> KEPT age · 2000/2000 graded matches have both ages
tennis study WTA: 30225 rated matches, acc 0.649 (surface ratings alone 0.6485), loss 0.6227 vs 0.6213, own weights [0.005, 0.906, -0.001, -0.102, 0.31, 0.03, -0.192]
tennis study WTA life factors vs current loss 0.6227: experience 0.6179 (+4.74 mnats, z 2.83), age 0.6224 (+0.29 mnats, z 0.36), young_vs_aging 0.6226 (+0.05 mnats, z 0.31), last_match 0.6222 (+0.50 mnats, z 0.52), streaks 0.623 (-0.37 mnats, z -0.74), first_set 0.6216 (+1.08 mnats, z 2.54), injury 0.6218 (+0.86 mnats, z 1.5), travel 0.6228 (-0.09 mnats, z -0.57) -> KEPT experience+first_set · 2000/2000 graded matches have both ages
tennis odds: 0 singles matches priced (bovada)
tennis first-set lines: 0 first-set winner markets seen (0 matches with any set market)
sync: 130210 games stored, 52 calls, 0 failed, 7s
odds history: 0 games got odds, 55 calls, 0 failed, 7s
player stats: 184 box scores added, 184 to fetch, 0 failed, 6s
weather: 129 games got weather, 14 new stadiums located, 242s
4th-down rates: 32 NFL teams
news: 3 new drama tags
tuned in 148s: mlb trust 26% acc 58.8%, nba trust 19% acc 70.0%, ncaab trust 5% acc 67.4%, ncaaf trust 22% acc 75.9%, nfl trust 11% acc 66.0%, nhl trust 16% acc 54.3%
cover study: nba big favorites covered 50% of 3598 (adjust +0.03); ncaab big favorites covered 49% of 12477 (adjust -0.03); ncaaf big favorites covered 51% of 3371 (adjust +0.01); nfl big favorites covered 48% of 508 (adjust +0.04)
comeback study: nfl 2252 games s=1.3 w=1.50 m=+0.0 loss 0.476->0.468; ncaaf 5774 games s=1.2 w=1.25 m=+0.0 loss 0.362->0.360; nba 10197 games s=1.7 w=1.75 m=+0.0 loss 0.508->0.473; mlb 19834 games s=1.0 w=1.00 m=+0.1 loss 0.454->0.454; nhl 10055 games s=1.2 w=1.50 m=+0.0 loss 0.510->0.507; ncaab 29841 games s=1.3 w=1.50 m=-0.1 loss 0.433->0.416
halves study: nfl 2260 games: 1st half gets 51% of the edge (sd 10.3), 2nd 40%; 1st half leader wins 78%, tied 7%; ncaaf 5775 games: 1st half gets 61% of the edge (sd 11.88), 2nd 43%; 1st half leader wins 82%, tied 6%; nba 10197 games: 1st half gets 60% of the edge (sd 10.84), 2nd 43%; 1st half leader wins 74%, tied 3%; ncaab 29841 games: 1st half gets 62% of the edge (sd 9.11), 2nd 51%; 1st half leader wins 77%, tied 4%; mlb 20068 games: first 5 innings gets 67% of the edge (sd 3.34), 2nd 23%; first 5 innings leader wins 83%, tied 15%; nhl 10062 games: 1st period gets 28% of the edge (sd 1.31), 2nd 76%; 1st period leader wins 74%, tied 34%
lines study: nhl 20124 team-games, loss 0.607->0.584; mlb 40138 team-games, loss 0.654->0.636
spread/moneyline study: {'nfl': (0.5361, True), 'ncaaf': (0.4767, False), 'nba': (0.4521, False), 'ncaab': (0.4812, False)}
hockey study: ['backup', 'b2b', 'rest', 'travel'] 0.6653 vs line 0.66567
all: following hit 68.9% vs 68.0% the price said over 231492 (edge +0.9% older, +1.0% newer, z 10.19) -> watch only
streak: following hit 64.0% vs 63.4% the price said over 70346 (edge +0.6% older, +0.6% newer, z 3.6) -> watch only
rate: following hit 71.0% vs 70.0% the price said over 161146 (edge +0.9% older, +1.1% newer, z 9.92) -> watch only
streak|total: following hit 50.2% vs 50.0% the price said over 12384 (edge +0.0% older, +0.4% newer, z 0.41) -> watch only
streak|fav_ml: following hit 72.5% vs 71.5% the price said over 36917 (edge +0.9% older, +1.1% newer, z 4.42) -> watch only
streak|fav_cover: following hit 49.3% vs 50.0% the price said over 7584 (edge -1.4% older, +0.1% newer, z -1.15) -> watch only
streak|home: following hit 61.6% vs 60.9% the price said over 13461 (edge +0.9% older, +0.5% newer, z 1.88) -> watch only
rate|total: following hit 51.0% vs 50.0% the price said over 3905 (edge +1.3% older, +0.6% newer, z 1.23) -> watch only
rate|fav_ml: following hit 73.8% vs 72.8% the price said over 113202 (edge +0.9% older, +1.2% newer, z 8.3) -> watch only
rate|fav_cover: following hit 48.9% vs 50.0% the price said over 1819 (edge -0.3% older, -2.0% newer, z -0.96) -> watch only
rate|home: following hit 66.5% vs 65.3% the price said over 42220 (edge +1.1% older, +1.2% newer, z 5.76) -> watch only
nfl|streak: following hit 58.3% vs 59.7% the price said over 1529 (edge -2.3% older, -0.5% newer, z -1.2) -> watch only
nfl|rate: following hit 65.1% vs 65.0% the price said over 4068 (edge -0.2% older, +0.4% newer, z 0.11) -> watch only
ncaaf|streak: following hit 70.6% vs 70.2% the price said over 7178 (edge -0.3% older, +1.1% newer, z 0.82) -> watch only
ncaaf|rate: following hit 72.8% vs 71.9% the price said over 20804 (edge +0.8% older, +1.0% newer, z 3.21) -> watch only
nba|streak: following hit 61.2% vs 61.4% the price said over 9771 (edge -0.3% older, -0.0% newer, z -0.34) -> watch only
nba|rate: following hit 68.5% vs 68.7% the price said over 23673 (edge -0.2% older, -0.3% newer, z -0.78) -> watch only
ncaab|streak: following hit 67.8% vs 66.8% the price said over 36038 (edge +0.9% older, +1.1% newer, z 4.36) -> watch only
ncaab|rate: following hit 72.5% vs 71.1% the price said over 102090 (edge +1.5% older, +1.4% newer, z 10.93) -> watch only
mlb|streak: following hit 53.7% vs 53.6% the price said over 10783 (edge +0.5% older, -0.4% newer, z 0.11) -> watch only
mlb|rate: following hit 60.7% vs 59.5% the price said over 5362 (edge +0.0% older, +2.3% newer, z 1.73) -> watch only
nhl|streak: following hit 56.9% vs 55.5% the price said over 5047 (edge +1.8% older, +1.1% newer, z 2.12) -> watch only
nhl|rate: following hit 61.8% vs 61.1% the price said over 5149 (edge +0.3% older, +1.1% newer, z 1.06) -> watch only
proven: ncaab|rate|fav_cover, ncaaf|rate|total
ACTIVE mlb sunday: home team wins 216-185 (prices said 213.5) (6 straight) -> coin flip · next: Padres @ Brewers, Phillies/Braves @ Dodgers
ACTIVE mlb monday: home team wins 139-123 (prices said 137.6) (5 straight) -> coin flip
ACTIVE ncaaf saturday: favorites win 162-30 (prices said 152.9) -> coin flip · next: Memphis @ Charlotte, Alabama @ Mississippi St, MTSU @ Kansas
ACTIVE ncaaf big favorite: favorites win 146-13 (prices said 139.2) -> coin flip · next: Liberty @ Delaware, Montana St @ Idaho, Memphis @ Charlotte
ACTIVE ncaaf away favorite: favorites win 43-11 (prices said 37.8) -> coin flip · next: North Texas @ Tulsa, Liberty @ Delaware, Penn State @ Northwestern
ACTIVE ncaaf home favorite: favorites win 143-22 (prices said 137.1) -> coin flip · next: Western KY @ New Mexico St, Pitt @ Virginia Tech, MTSU @ Kansas
ACTIVE ncaaf friday: favorites win 13-1 (prices said 11.2) -> coin flip · next: Pitt @ Virginia Tech, Liberty @ Delaware, Penn State @ Northwestern
ACTIVE ncaaf big favorite: home team wins 128-31 (prices said 123.1) -> coin flip · next: Liberty @ Delaware, Montana St @ Idaho, Memphis @ Charlotte
totals study: {'nfl': (0.558, True), 'ncaaf': (0.4938, False), 'nba': (0.4871, False), 'ncaab': (0.53, True), 'mlb': (0.486, False), 'nhl': (0.4825, False)}
public splits: 79 upcoming games
tennis sync: 72661 matches stored, 18 calls, 0 failed
tennis study ATP: 25902 rated matches, acc 0.6345 (surface ratings alone 0.6365), loss 0.6329 vs 0.6332, own weights [-0.005, 0.829, 0.074, 0.14, 0.425, 0.052, 0.049]
tennis study ATP life factors vs current loss 0.6329: experience 0.634 (-1.07 mnats, z -1.02), age 0.629 (+3.88 mnats, z 2.82), young_vs_aging 0.6322 (+0.73 mnats, z 1.77), last_match 0.6302 (+2.73 mnats, z 1.89), streaks 0.6334 (-0.53 mnats, z -0.52), first_set 0.6318 (+1.08 mnats, z 1.72), injury 0.6336 (-0.69 mnats, z -0.99), travel 0.633 (-0.09 mnats, z -1.19) -> KEPT age · 2000/2000 graded matches have both ages
tennis study WTA: 30225 rated matches, acc 0.649 (surface ratings alone 0.6485), loss 0.6227 vs 0.6213, own weights [0.005, 0.906, -0.001, -0.102, 0.31, 0.03, -0.192]
tennis study WTA life factors vs current loss 0.6227: experience 0.6179 (+4.74 mnats, z 2.83), age 0.6224 (+0.29 mnats, z 0.36), young_vs_aging 0.6226 (+0.05 mnats, z 0.31), last_match 0.6222 (+0.50 mnats, z 0.52), streaks 0.623 (-0.37 mnats, z -0.74), first_set 0.6216 (+1.08 mnats, z 2.54), injury 0.6218 (+0.86 mnats, z 1.5), travel 0.6228 (-0.09 mnats, z -0.57) -> KEPT experience+first_set · 2000/2000 graded matches have both ages
tennis odds: 0 singles matches priced (bovada)
tennis first-set lines: 0 first-set winner markets seen (0 matches with any set market)
sync: 130241 games stored, 52 calls, 0 failed, 7s
odds history: 0 games got odds, 55 calls, 0 failed, 3s
player stats: 30 box scores added, 30 to fetch, 0 failed, 2s
weather: 125 games got weather, 6 new stadiums located, 254s
4th-down rates: 32 NFL teams
news: 3 new drama tags
tuned in 84s: mlb trust 26% acc 58.8%, nba trust 19% acc 70.0%, ncaab trust 5% acc 67.4%, ncaaf trust 24% acc 75.9%, nfl trust 11% acc 66.0%, nhl trust 16% acc 54.3%
cover study: nba big favorites covered 50% of 3598 (adjust +0.03); ncaab big favorites covered 49% of 12477 (adjust -0.03); ncaaf big favorites covered 51% of 3371 (adjust +0.01); nfl big favorites covered 48% of 508 (adjust +0.04)
comeback study: nfl 2252 games s=1.3 w=1.50 m=+0.0 loss 0.476->0.468; ncaaf 5774 games s=1.2 w=1.25 m=+0.0 loss 0.362->0.360; nba 10197 games s=1.7 w=1.75 m=+0.0 loss 0.508->0.473; mlb 19834 games s=1.0 w=1.00 m=+0.1 loss 0.454->0.454; nhl 10055 games s=1.2 w=1.50 m=+0.0 loss 0.510->0.507; ncaab 29841 games s=1.3 w=1.50 m=-0.1 loss 0.433->0.416
halves study: nfl 2260 games: 1st half gets 51% of the edge (sd 10.3), 2nd 40%; 1st half leader wins 78%, tied 7%; ncaaf 5775 games: 1st half gets 61% of the edge (sd 11.88), 2nd 43%; 1st half leader wins 82%, tied 6%; nba 10197 games: 1st half gets 60% of the edge (sd 10.84), 2nd 43%; 1st half leader wins 74%, tied 3%; ncaab 29841 games: 1st half gets 62% of the edge (sd 9.11), 2nd 51%; 1st half leader wins 77%, tied 4%; mlb 20068 games: first 5 innings gets 67% of the edge (sd 3.34), 2nd 23%; first 5 innings leader wins 83%, tied 15%; nhl 10062 games: 1st period gets 28% of the edge (sd 1.31), 2nd 76%; 1st period leader wins 74%, tied 34%
lines study: nhl 20124 team-games, loss 0.607->0.584; mlb 40138 team-games, loss 0.654->0.636
spread/moneyline study: {'nfl': (0.5361, True), 'ncaaf': (0.4767, False), 'nba': (0.4521, False), 'ncaab': (0.4812, False)}
hockey study: ['backup', 'b2b', 'rest', 'travel'] 0.6653 vs line 0.66567
all: following hit 68.9% vs 68.0% the price said over 231492 (edge +0.9% older, +1.0% newer, z 10.19) -> watch only
streak: following hit 64.0% vs 63.4% the price said over 70346 (edge +0.6% older, +0.6% newer, z 3.6) -> watch only
rate: following hit 71.0% vs 70.0% the price said over 161146 (edge +0.9% older, +1.1% newer, z 9.92) -> watch only
streak|total: following hit 50.2% vs 50.0% the price said over 12384 (edge +0.0% older, +0.4% newer, z 0.41) -> watch only
streak|fav_ml: following hit 72.5% vs 71.5% the price said over 36917 (edge +0.9% older, +1.1% newer, z 4.42) -> watch only
streak|fav_cover: following hit 49.3% vs 50.0% the price said over 7584 (edge -1.4% older, +0.1% newer, z -1.15) -> watch only
streak|home: following hit 61.6% vs 60.9% the price said over 13461 (edge +0.9% older, +0.5% newer, z 1.88) -> watch only
rate|total: following hit 51.0% vs 50.0% the price said over 3905 (edge +1.3% older, +0.6% newer, z 1.23) -> watch only
rate|fav_ml: following hit 73.8% vs 72.8% the price said over 113202 (edge +0.9% older, +1.2% newer, z 8.3) -> watch only
rate|fav_cover: following hit 48.9% vs 50.0% the price said over 1819 (edge -0.3% older, -2.0% newer, z -0.96) -> watch only
rate|home: following hit 66.5% vs 65.3% the price said over 42220 (edge +1.1% older, +1.2% newer, z 5.76) -> watch only
nfl|streak: following hit 58.3% vs 59.7% the price said over 1529 (edge -2.3% older, -0.5% newer, z -1.2) -> watch only
nfl|rate: following hit 65.1% vs 65.0% the price said over 4068 (edge -0.2% older, +0.4% newer, z 0.11) -> watch only
ncaaf|streak: following hit 70.6% vs 70.2% the price said over 7178 (edge -0.3% older, +1.1% newer, z 0.82) -> watch only
ncaaf|rate: following hit 72.8% vs 71.9% the price said over 20804 (edge +0.8% older, +1.0% newer, z 3.21) -> watch only
nba|streak: following hit 61.2% vs 61.4% the price said over 9771 (edge -0.3% older, -0.0% newer, z -0.34) -> watch only
nba|rate: following hit 68.5% vs 68.7% the price said over 23673 (edge -0.2% older, -0.3% newer, z -0.78) -> watch only
ncaab|streak: following hit 67.8% vs 66.8% the price said over 36038 (edge +0.9% older, +1.1% newer, z 4.36) -> watch only
ncaab|rate: following hit 72.5% vs 71.1% the price said over 102090 (edge +1.5% older, +1.4% newer, z 10.93) -> watch only
mlb|streak: following hit 53.7% vs 53.6% the price said over 10783 (edge +0.5% older, -0.4% newer, z 0.11) -> watch only
mlb|rate: following hit 60.7% vs 59.5% the price said over 5362 (edge +0.0% older, +2.3% newer, z 1.73) -> watch only
nhl|streak: following hit 56.9% vs 55.5% the price said over 5047 (edge +1.8% older, +1.1% newer, z 2.12) -> watch only
nhl|rate: following hit 61.8% vs 61.1% the price said over 5149 (edge +0.3% older, +1.1% newer, z 1.06) -> watch only
proven: ncaab|rate|fav_cover, ncaaf|rate|total
ACTIVE mlb sunday: home team wins 216-185 (prices said 213.5) (6 straight) -> coin flip · next: Padres @ Brewers, Phillies/Braves @ Dodgers
ACTIVE mlb monday: home team wins 139-123 (prices said 137.6) (5 straight) -> coin flip
ACTIVE ncaaf saturday: favorites win 162-30 (prices said 152.9) -> coin flip · next: Memphis @ Charlotte, Alabama @ Mississippi St, MTSU @ Kansas
ACTIVE ncaaf big favorite: favorites win 146-13 (prices said 139.2) -> coin flip · next: Liberty @ Delaware, Montana St @ Idaho, Memphis @ Charlotte
ACTIVE ncaaf away favorite: favorites win 43-11 (prices said 37.8) -> coin flip · next: North Texas @ Tulsa, Liberty @ Delaware, Penn State @ Northwestern
ACTIVE ncaaf home favorite: favorites win 143-22 (prices said 137.1) -> coin flip · next: Western KY @ New Mexico St, Pitt @ Virginia Tech, MTSU @ Kansas
ACTIVE ncaaf friday: favorites win 13-1 (prices said 11.2) -> coin flip · next: Pitt @ Virginia Tech, Liberty @ Delaware, Penn State @ Northwestern
ACTIVE ncaaf big favorite: home team wins 128-31 (prices said 123.1) -> coin flip · next: Liberty @ Delaware, Montana St @ Idaho, Memphis @ Charlotte
totals study: {'nfl': (0.558, True), 'ncaaf': (0.5009, False), 'nba': (0.4871, False), 'ncaab': (0.53, True), 'mlb': (0.486, False), 'nhl': (0.4825, False)}
public splits: 79 upcoming games
tennis sync: 72661 matches stored, 18 calls, 0 failed
tennis study ATP: 25902 rated matches, acc 0.6345 (surface ratings alone 0.6365), loss 0.6329 vs 0.6332, own weights [-0.005, 0.829, 0.074, 0.14, 0.425, 0.052, 0.049]
tennis study ATP life factors vs current loss 0.6329: experience 0.634 (-1.07 mnats, z -1.02), age 0.629 (+3.88 mnats, z 2.82), young_vs_aging 0.6322 (+0.73 mnats, z 1.77), last_match 0.6302 (+2.73 mnats, z 1.89), streaks 0.6334 (-0.53 mnats, z -0.52), first_set 0.6318 (+1.08 mnats, z 1.72), injury 0.6336 (-0.69 mnats, z -0.99), travel 0.633 (-0.09 mnats, z -1.19) -> KEPT age · 2000/2000 graded matches have both ages
tennis study WTA: 30225 rated matches, acc 0.649 (surface ratings alone 0.6485), loss 0.6227 vs 0.6213, own weights [0.005, 0.906, -0.001, -0.102, 0.31, 0.03, -0.192]
tennis study WTA life factors vs current loss 0.6227: experience 0.6179 (+4.74 mnats, z 2.83), age 0.6224 (+0.29 mnats, z 0.36), young_vs_aging 0.6226 (+0.05 mnats, z 0.31), last_match 0.6222 (+0.50 mnats, z 0.52), streaks 0.623 (-0.37 mnats, z -0.74), first_set 0.6216 (+1.08 mnats, z 2.54), injury 0.6218 (+0.86 mnats, z 1.5), travel 0.6228 (-0.09 mnats, z -0.57) -> KEPT experience+first_set · 2000/2000 graded matches have both ages
tennis odds: 0 singles matches priced (bovada)
tennis first-set lines: 0 first-set winner markets seen (0 matches with any set market)
sync: 130241 games stored, 52 calls, 0 failed, 7s
odds history: 0 games got odds, 55 calls, 0 failed, 6s
player stats: 0 box scores added, 0 to fetch, 0 failed, 1s
weather: 66 games got weather, 0 new stadiums located, 242s
4th-down rates: 32 NFL teams
news: 3 new drama tags
public splits: 79 upcoming games
   injuries seen for Western KY vs New Mexico St: no key players listed · ours out: - · theirs out: -
   announced: 🆕 NEW PICK: Western KY ML (+110) (no ping: only live plus money pings)
posted play for 2026-10-01: Western KY ML (+110) -> +110, hit 49%
tennis sync: 72661 matches stored, 18 calls, 0 failed
tennis study ATP: 25902 rated matches, acc 0.6345 (surface ratings alone 0.6365), loss 0.6329 vs 0.6332, own weights [-0.005, 0.829, 0.074, 0.14, 0.425, 0.052, 0.049]
tennis study ATP life factors vs current loss 0.6329: experience 0.634 (-1.07 mnats, z -1.02), age 0.629 (+3.88 mnats, z 2.82), young_vs_aging 0.6322 (+0.73 mnats, z 1.77), last_match 0.6302 (+2.73 mnats, z 1.89), streaks 0.6334 (-0.53 mnats, z -0.52), first_set 0.6318 (+1.08 mnats, z 1.72), injury 0.6336 (-0.69 mnats, z -0.99), travel 0.633 (-0.09 mnats, z -1.19) -> KEPT age · 2000/2000 graded matches have both ages
tennis study WTA: 30225 rated matches, acc 0.649 (surface ratings alone 0.6485), loss 0.6227 vs 0.6213, own weights [0.005, 0.906, -0.001, -0.102, 0.31, 0.03, -0.192]
tennis study WTA life factors vs current loss 0.6227: experience 0.6179 (+4.74 mnats, z 2.83), age 0.6224 (+0.29 mnats, z 0.36), young_vs_aging 0.6226 (+0.05 mnats, z 0.31), last_match 0.6222 (+0.50 mnats, z 0.52), streaks 0.623 (-0.37 mnats, z -0.74), first_set 0.6216 (+1.08 mnats, z 2.54), injury 0.6218 (+0.86 mnats, z 1.5), travel 0.6228 (-0.09 mnats, z -0.57) -> KEPT experience+first_set · 2000/2000 graded matches have both ages
tennis odds: 0 singles matches priced (bovada)
tennis first-set lines: 0 first-set winner markets seen (0 matches with any set market)
sync: 130241 games stored, 52 calls, 0 failed, 7s
odds history: 0 games got odds, 55 calls, 0 failed, 5s
player stats: 0 box scores added, 0 to fetch, 0 failed, 1s
weather: 161 games got weather, 0 new stadiums located, 100s
4th-down rates: 32 NFL teams
news: 3 new drama tags
public splits: 79 upcoming games
tennis sync: 72661 matches stored, 18 calls, 0 failed
tennis study ATP: 25902 rated matches, acc 0.6345 (surface ratings alone 0.6365), loss 0.6329 vs 0.6332, own weights [-0.005, 0.829, 0.074, 0.14, 0.425, 0.052, 0.049]
tennis study ATP life factors vs current loss 0.6329: experience 0.634 (-1.07 mnats, z -1.02), age 0.629 (+3.88 mnats, z 2.82), young_vs_aging 0.6322 (+0.73 mnats, z 1.77), last_match 0.6302 (+2.73 mnats, z 1.89), streaks 0.6334 (-0.53 mnats, z -0.52), first_set 0.6318 (+1.08 mnats, z 1.72), injury 0.6336 (-0.69 mnats, z -0.99), travel 0.633 (-0.09 mnats, z -1.19) -> KEPT age · 2000/2000 graded matches have both ages
tennis study WTA: 30225 rated matches, acc 0.649 (surface ratings alone 0.6485), loss 0.6227 vs 0.6213, own weights [0.005, 0.906, -0.001, -0.102, 0.31, 0.03, -0.192]
tennis study WTA life factors vs current loss 0.6227: experience 0.6179 (+4.74 mnats, z 2.83), age 0.6224 (+0.29 mnats, z 0.36), young_vs_aging 0.6226 (+0.05 mnats, z 0.31), last_match 0.6222 (+0.50 mnats, z 0.52), streaks 0.623 (-0.37 mnats, z -0.74), first_set 0.6216 (+1.08 mnats, z 2.54), injury 0.6218 (+0.86 mnats, z 1.5), travel 0.6228 (-0.09 mnats, z -0.57) -> KEPT experience+first_set · 2000/2000 graded matches have both ages
tennis odds: 0 singles matches priced (bovada)
tennis first-set lines: 0 first-set winner markets seen (0 matches with any set market)
sync: 130241 games stored, 52 calls, 0 failed, 5s
odds history: 0 games got odds, 55 calls, 0 failed, 4s
player stats: 0 box scores added, 0 to fetch, 0 failed, 1s
weather: 112 games got weather, 0 new stadiums located, 240s
4th-down rates: 32 NFL teams
news: 3 new drama tags
public splits: 79 upcoming games
tennis sync: 72661 matches stored, 18 calls, 0 failed
tennis study ATP: 25902 rated matches, acc 0.6345 (surface ratings alone 0.6365), loss 0.6329 vs 0.6332, own weights [-0.005, 0.829, 0.074, 0.14, 0.425, 0.052, 0.049]
tennis study ATP life factors vs current loss 0.6329: experience 0.634 (-1.07 mnats, z -1.02), age 0.629 (+3.88 mnats, z 2.82), young_vs_aging 0.6322 (+0.73 mnats, z 1.77), last_match 0.6302 (+2.73 mnats, z 1.89), streaks 0.6334 (-0.53 mnats, z -0.52), first_set 0.6318 (+1.08 mnats, z 1.72), injury 0.6336 (-0.69 mnats, z -0.99), travel 0.633 (-0.09 mnats, z -1.19) -> KEPT age · 2000/2000 graded matches have both ages
tennis study WTA: 30225 rated matches, acc 0.649 (surface ratings alone 0.6485), loss 0.6227 vs 0.6213, own weights [0.005, 0.906, -0.001, -0.102, 0.31, 0.03, -0.192]
tennis study WTA life factors vs current loss 0.6227: experience 0.6179 (+4.74 mnats, z 2.83), age 0.6224 (+0.29 mnats, z 0.36), young_vs_aging 0.6226 (+0.05 mnats, z 0.31), last_match 0.6222 (+0.50 mnats, z 0.52), streaks 0.623 (-0.37 mnats, z -0.74), first_set 0.6216 (+1.08 mnats, z 2.54), injury 0.6218 (+0.86 mnats, z 1.5), travel 0.6228 (-0.09 mnats, z -0.57) -> KEPT experience+first_set · 2000/2000 graded matches have both ages
tennis odds: 0 singles matches priced (bovada)
tennis first-set lines: 0 first-set winner markets seen (0 matches with any set market)
sync: 130269 games stored, 52 calls, 0 failed, 12s
odds history: 0 games got odds, 55 calls, 0 failed, 5s
player stats: 42 box scores added, 42 to fetch, 0 failed, 4s
weather: 58 games got weather, 6 new stadiums located, 244s
4th-down rates: 32 NFL teams
news: 3 new drama tags
tuned in 137s: mlb trust 25% acc 58.7%, nba trust 19% acc 69.8%, ncaab trust 5% acc 67.4%, ncaaf trust 25% acc 75.7%, nfl trust 11% acc 66.1%, nhl trust 17% acc 54.3%
cover study: nba big favorites covered 50% of 3600 (adjust +0.03); ncaab big favorites covered 49% of 12334 (adjust -0.03); ncaaf big favorites covered 51% of 3371 (adjust +0.01); nfl big favorites covered 48% of 508 (adjust +0.04)
public splits: 79 upcoming games
tennis sync: 72661 matches stored, 18 calls, 0 failed
tennis study ATP: 25902 rated matches, acc 0.6345 (surface ratings alone 0.6365), loss 0.6329 vs 0.6332, own weights [-0.005, 0.829, 0.074, 0.14, 0.425, 0.052, 0.049]
tennis study ATP life factors vs current loss 0.6329: experience 0.634 (-1.07 mnats, z -1.02), age 0.629 (+3.88 mnats, z 2.82), young_vs_aging 0.6322 (+0.73 mnats, z 1.77), last_match 0.6302 (+2.73 mnats, z 1.89), streaks 0.6334 (-0.53 mnats, z -0.52), first_set 0.6318 (+1.08 mnats, z 1.72), injury 0.6336 (-0.69 mnats, z -0.99), travel 0.633 (-0.09 mnats, z -1.19) -> KEPT age · 2000/2000 graded matches have both ages
tennis study WTA: 30225 rated matches, acc 0.649 (surface ratings alone 0.6485), loss 0.6227 vs 0.6213, own weights [0.005, 0.906, -0.001, -0.102, 0.31, 0.03, -0.192]
tennis study WTA life factors vs current loss 0.6227: experience 0.6179 (+4.74 mnats, z 2.83), age 0.6224 (+0.29 mnats, z 0.36), young_vs_aging 0.6226 (+0.05 mnats, z 0.31), last_match 0.6222 (+0.50 mnats, z 0.52), streaks 0.623 (-0.37 mnats, z -0.74), first_set 0.6216 (+1.08 mnats, z 2.54), injury 0.6218 (+0.86 mnats, z 1.5), travel 0.6228 (-0.09 mnats, z -0.57) -> KEPT experience+first_set · 2000/2000 graded matches have both ages
tennis odds: 0 singles matches priced (bovada)
tennis first-set lines: 0 first-set winner markets seen (0 matches with any set market)
sync: 130269 games stored, 52 calls, 0 failed, 12s
odds history: 0 games got odds, 55 calls, 0 failed, 4s
player stats: 0 box scores added, 0 to fetch, 0 failed, 1s
weather: 77 games got weather, 0 new stadiums located, 241s
4th-down rates: 32 NFL teams
news: 3 new drama tags
public splits: 79 upcoming games
tennis sync: 72661 matches stored, 18 calls, 0 failed
tennis study ATP: 25902 rated matches, acc 0.6345 (surface ratings alone 0.6365), loss 0.6329 vs 0.6332, own weights [-0.005, 0.829, 0.074, 0.14, 0.425, 0.052, 0.049]
tennis study ATP life factors vs current loss 0.6329: experience 0.634 (-1.07 mnats, z -1.02), age 0.629 (+3.88 mnats, z 2.82), young_vs_aging 0.6322 (+0.73 mnats, z 1.77), last_match 0.6302 (+2.73 mnats, z 1.89), streaks 0.6334 (-0.53 mnats, z -0.52), first_set 0.6318 (+1.08 mnats, z 1.72), injury 0.6336 (-0.69 mnats, z -0.99), travel 0.633 (-0.09 mnats, z -1.19) -> KEPT age · 2000/2000 graded matches have both ages
tennis study WTA: 30225 rated matches, acc 0.649 (surface ratings alone 0.6485), loss 0.6227 vs 0.6213, own weights [0.005, 0.906, -0.001, -0.102, 0.31, 0.03, -0.192]
tennis study WTA life factors vs current loss 0.6227: experience 0.6179 (+4.74 mnats, z 2.83), age 0.6224 (+0.29 mnats, z 0.36), young_vs_aging 0.6226 (+0.05 mnats, z 0.31), last_match 0.6222 (+0.50 mnats, z 0.52), streaks 0.623 (-0.37 mnats, z -0.74), first_set 0.6216 (+1.08 mnats, z 2.54), injury 0.6218 (+0.86 mnats, z 1.5), travel 0.6228 (-0.09 mnats, z -0.57) -> KEPT experience+first_set · 2000/2000 graded matches have both ages
tennis odds: 0 singles matches priced (bovada)
tennis first-set lines: 0 first-set winner markets seen (0 matches with any set market)
sync: 130269 games stored, 52 calls, 0 failed, 16s
odds history: 0 games got odds, 55 calls, 0 failed, 11s
player stats: 0 box scores added, 0 to fetch, 0 failed, 1s
weather: 80 games got weather, 0 new stadiums located, 246s
4th-down rates: 32 NFL teams
news: 3 new drama tags
public splits: 79 upcoming games
🚑 injury alert: Will Howard (Steelers QB) is now out — our pick: Steelers ML
🚑 injury alert: Drew Allar (Steelers QB) is now out — our pick: Steelers ML
tennis sync: 72661 matches stored, 18 calls, 0 failed
tennis study ATP: 25902 rated matches, acc 0.6345 (surface ratings alone 0.6365), loss 0.6329 vs 0.6332, own weights [-0.005, 0.829, 0.074, 0.14, 0.425, 0.052, 0.049]
tennis study ATP life factors vs current loss 0.6329: experience 0.634 (-1.07 mnats, z -1.02), age 0.629 (+3.88 mnats, z 2.82), young_vs_aging 0.6322 (+0.73 mnats, z 1.77), last_match 0.6302 (+2.73 mnats, z 1.89), streaks 0.6334 (-0.53 mnats, z -0.52), first_set 0.6318 (+1.08 mnats, z 1.72), injury 0.6336 (-0.69 mnats, z -0.99), travel 0.633 (-0.09 mnats, z -1.19) -> KEPT age · 2000/2000 graded matches have both ages
tennis study WTA: 30225 rated matches, acc 0.649 (surface ratings alone 0.6485), loss 0.6227 vs 0.6213, own weights [0.005, 0.906, -0.001, -0.102, 0.31, 0.03, -0.192]
tennis study WTA life factors vs current loss 0.6227: experience 0.6179 (+4.74 mnats, z 2.83), age 0.6224 (+0.29 mnats, z 0.36), young_vs_aging 0.6226 (+0.05 mnats, z 0.31), last_match 0.6222 (+0.50 mnats, z 0.52), streaks 0.623 (-0.37 mnats, z -0.74), first_set 0.6216 (+1.08 mnats, z 2.54), injury 0.6218 (+0.86 mnats, z 1.5), travel 0.6228 (-0.09 mnats, z -0.57) -> KEPT experience+first_set · 2000/2000 graded matches have both ages
tennis odds: 0 singles matches priced (bovada)
tennis first-set lines: 0 first-set winner markets seen (0 matches with any set market)
sync: 130269 games stored, 52 calls, 0 failed, 10s
odds history: 0 games got odds, 55 calls, 0 failed, 4s
player stats: 0 box scores added, 0 to fetch, 0 failed, 1s
weather: 64 games got weather, 0 new stadiums located, 240s
4th-down rates: 32 NFL teams
news: 3 new drama tags
public splits: 79 upcoming games
🚑 injury alert: Taylen Green (Browns QB) is now out — our pick: Steelers ML
🚑 injury alert: Will Howard (Steelers QB) is now out — our pick: Steelers ML
🚑 injury alert: Drew Allar (Steelers QB) is now out — our pick: Steelers ML
tennis sync: 72661 matches stored, 18 calls, 0 failed
tennis study ATP: 25902 rated matches, acc 0.6345 (surface ratings alone 0.6365), loss 0.6329 vs 0.6332, own weights [-0.005, 0.829, 0.074, 0.14, 0.425, 0.052, 0.049]
tennis study ATP life factors vs current loss 0.6329: experience 0.634 (-1.07 mnats, z -1.02), age 0.629 (+3.88 mnats, z 2.82), young_vs_aging 0.6322 (+0.73 mnats, z 1.77), last_match 0.6302 (+2.73 mnats, z 1.89), streaks 0.6334 (-0.53 mnats, z -0.52), first_set 0.6318 (+1.08 mnats, z 1.72), injury 0.6336 (-0.69 mnats, z -0.99), travel 0.633 (-0.09 mnats, z -1.19) -> KEPT age · 2000/2000 graded matches have both ages
tennis study WTA: 30225 rated matches, acc 0.649 (surface ratings alone 0.6485), loss 0.6227 vs 0.6213, own weights [0.005, 0.906, -0.001, -0.102, 0.31, 0.03, -0.192]
tennis study WTA life factors vs current loss 0.6227: experience 0.6179 (+4.74 mnats, z 2.83), age 0.6224 (+0.29 mnats, z 0.36), young_vs_aging 0.6226 (+0.05 mnats, z 0.31), last_match 0.6222 (+0.50 mnats, z 0.52), streaks 0.623 (-0.37 mnats, z -0.74), first_set 0.6216 (+1.08 mnats, z 2.54), injury 0.6218 (+0.86 mnats, z 1.5), travel 0.6228 (-0.09 mnats, z -0.57) -> KEPT experience+first_set · 2000/2000 graded matches have both ages
tennis odds: 0 singles matches priced (bovada)
tennis first-set lines: 0 first-set winner markets seen (0 matches with any set market)
sync: 130269 games stored, 52 calls, 0 failed, 11s
odds history: 0 games got odds, 55 calls, 0 failed, 6s
player stats: 0 box scores added, 0 to fetch, 0 failed, 1s
weather: 105 games got weather, 0 new stadiums located, 240s
4th-down rates: 32 NFL teams
news: 3 new drama tags
public splits: 79 upcoming games
🚑 injury alert: Taylen Green (Browns QB) is now out — our pick: Steelers ML
tennis sync: 72661 matches stored, 18 calls, 0 failed
tennis study ATP: 25902 rated matches, acc 0.6345 (surface ratings alone 0.6365), loss 0.6329 vs 0.6332, own weights [-0.005, 0.829, 0.074, 0.14, 0.425, 0.052, 0.049]
tennis study ATP life factors vs current loss 0.6329: experience 0.634 (-1.07 mnats, z -1.02), age 0.629 (+3.88 mnats, z 2.82), young_vs_aging 0.6322 (+0.73 mnats, z 1.77), last_match 0.6302 (+2.73 mnats, z 1.89), streaks 0.6334 (-0.53 mnats, z -0.52), first_set 0.6318 (+1.08 mnats, z 1.72), injury 0.6336 (-0.69 mnats, z -0.99), travel 0.633 (-0.09 mnats, z -1.19) -> KEPT age · 2000/2000 graded matches have both ages
tennis study WTA: 30225 rated matches, acc 0.649 (surface ratings alone 0.6485), loss 0.6227 vs 0.6213, own weights [0.005, 0.906, -0.001, -0.102, 0.31, 0.03, -0.192]
tennis study WTA life factors vs current loss 0.6227: experience 0.6179 (+4.74 mnats, z 2.83), age 0.6224 (+0.29 mnats, z 0.36), young_vs_aging 0.6226 (+0.05 mnats, z 0.31), last_match 0.6222 (+0.50 mnats, z 0.52), streaks 0.623 (-0.37 mnats, z -0.74), first_set 0.6216 (+1.08 mnats, z 2.54), injury 0.6218 (+0.86 mnats, z 1.5), travel 0.6228 (-0.09 mnats, z -0.57) -> KEPT experience+first_set · 2000/2000 graded matches have both ages
tennis odds: 0 singles matches priced (bovada)
tennis first-set lines: 0 first-set winner markets seen (0 matches with any set market)
tennis reads: 1 matches
sync: 130269 games stored, 52 calls, 0 failed, 9s
odds history: 0 games got odds, 55 calls, 0 failed, 5s
player stats: 0 box scores added, 0 to fetch, 0 failed, 1s
weather: 61 games got weather, 0 new stadiums located, 243s
4th-down rates: 32 NFL teams
news: 3 new drama tags
public splits: 79 upcoming games
tennis sync: 72661 matches stored, 18 calls, 0 failed
tennis study ATP: 25902 rated matches, acc 0.6345 (surface ratings alone 0.6365), loss 0.6329 vs 0.6332, own weights [-0.005, 0.829, 0.074, 0.14, 0.425, 0.052, 0.049]
tennis study ATP life factors vs current loss 0.6329: experience 0.634 (-1.07 mnats, z -1.02), age 0.629 (+3.88 mnats, z 2.82), young_vs_aging 0.6322 (+0.73 mnats, z 1.77), last_match 0.6302 (+2.73 mnats, z 1.89), streaks 0.6334 (-0.53 mnats, z -0.52), first_set 0.6318 (+1.08 mnats, z 1.72), injury 0.6336 (-0.69 mnats, z -0.99), travel 0.633 (-0.09 mnats, z -1.19) -> KEPT age · 2000/2000 graded matches have both ages
tennis study WTA: 30225 rated matches, acc 0.649 (surface ratings alone 0.6485), loss 0.6227 vs 0.6213, own weights [0.005, 0.906, -0.001, -0.102, 0.31, 0.03, -0.192]
tennis study WTA life factors vs current loss 0.6227: experience 0.6179 (+4.74 mnats, z 2.83), age 0.6224 (+0.29 mnats, z 0.36), young_vs_aging 0.6226 (+0.05 mnats, z 0.31), last_match 0.6222 (+0.50 mnats, z 0.52), streaks 0.623 (-0.37 mnats, z -0.74), first_set 0.6216 (+1.08 mnats, z 2.54), injury 0.6218 (+0.86 mnats, z 1.5), travel 0.6228 (-0.09 mnats, z -0.57) -> KEPT experience+first_set · 2000/2000 graded matches have both ages
tennis odds: 0 singles matches priced (bovada)
tennis first-set lines: 0 first-set winner markets seen (0 matches with any set market)
tennis reads: 1 matches
sync: 130329 games stored, 58 calls, 0 failed, 12s
odds history: 1 games got odds, 59 calls, 0 failed, 9s
player stats: 0 box scores added, 0 to fetch, 0 failed, 1s
weather: 90 games got weather, 9 new stadiums located, 253s
4th-down rates: 32 NFL teams
news: 3 new drama tags
public splits: 84 upcoming games
tennis sync: 72661 matches stored, 18 calls, 0 failed
tennis study ATP: 25902 rated matches, acc 0.6345 (surface ratings alone 0.6365), loss 0.6329 vs 0.6332, own weights [-0.005, 0.829, 0.074, 0.14, 0.425, 0.052, 0.049]
tennis study ATP life factors vs current loss 0.6329: experience 0.634 (-1.07 mnats, z -1.02), age 0.629 (+3.88 mnats, z 2.82), young_vs_aging 0.6322 (+0.73 mnats, z 1.77), last_match 0.6302 (+2.73 mnats, z 1.89), streaks 0.6334 (-0.53 mnats, z -0.52), first_set 0.6318 (+1.08 mnats, z 1.72), injury 0.6336 (-0.69 mnats, z -0.99), travel 0.633 (-0.09 mnats, z -1.19) -> KEPT age · 2000/2000 graded matches have both ages
tennis study WTA: 30225 rated matches, acc 0.649 (surface ratings alone 0.6485), loss 0.6227 vs 0.6213, own weights [0.005, 0.906, -0.001, -0.102, 0.31, 0.03, -0.192]
tennis study WTA life factors vs current loss 0.6227: experience 0.6179 (+4.74 mnats, z 2.83), age 0.6224 (+0.29 mnats, z 0.36), young_vs_aging 0.6226 (+0.05 mnats, z 0.31), last_match 0.6222 (+0.50 mnats, z 0.52), streaks 0.623 (-0.37 mnats, z -0.74), first_set 0.6216 (+1.08 mnats, z 2.54), injury 0.6218 (+0.86 mnats, z 1.5), travel 0.6228 (-0.09 mnats, z -0.57) -> KEPT experience+first_set · 2000/2000 graded matches have both ages
tennis odds: 0 singles matches priced (bovada)
tennis first-set lines: 0 first-set winner markets seen (0 matches with any set market)
tennis reads: 1 matches
sync: 130329 games stored, 52 calls, 0 failed, 12s
odds history: 0 games got odds, 55 calls, 0 failed, 5s
player stats: 0 box scores added, 0 to fetch, 0 failed, 1s
weather: 256 games got weather, 0 new stadiums located, 235s
4th-down rates: 32 NFL teams
news: 3 new drama tags
public splits: 81 upcoming games
tennis sync: 72661 matches stored, 18 calls, 0 failed
tennis study ATP: 25902 rated matches, acc 0.6345 (surface ratings alone 0.6365), loss 0.6329 vs 0.6332, own weights [-0.005, 0.829, 0.074, 0.14, 0.425, 0.052, 0.049]
tennis study ATP life factors vs current loss 0.6329: experience 0.634 (-1.07 mnats, z -1.02), age 0.629 (+3.88 mnats, z 2.82), young_vs_aging 0.6322 (+0.73 mnats, z 1.77), last_match 0.6302 (+2.73 mnats, z 1.89), streaks 0.6334 (-0.53 mnats, z -0.52), first_set 0.6318 (+1.08 mnats, z 1.72), injury 0.6336 (-0.69 mnats, z -0.99), travel 0.633 (-0.09 mnats, z -1.19) -> KEPT age · 2000/2000 graded matches have both ages
tennis study WTA: 30225 rated matches, acc 0.649 (surface ratings alone 0.6485), loss 0.6227 vs 0.6213, own weights [0.005, 0.906, -0.001, -0.102, 0.31, 0.03, -0.192]
tennis study WTA life factors vs current loss 0.6227: experience 0.6179 (+4.74 mnats, z 2.83), age 0.6224 (+0.29 mnats, z 0.36), young_vs_aging 0.6226 (+0.05 mnats, z 0.31), last_match 0.6222 (+0.50 mnats, z 0.52), streaks 0.623 (-0.37 mnats, z -0.74), first_set 0.6216 (+1.08 mnats, z 2.54), injury 0.6218 (+0.86 mnats, z 1.5), travel 0.6228 (-0.09 mnats, z -0.57) -> KEPT experience+first_set · 2000/2000 graded matches have both ages
tennis odds: 0 singles matches priced (bovada)
tennis first-set lines: 0 first-set winner markets seen (0 matches with any set market)
tennis reads: 1 matches
sync: 130329 games stored, 52 calls, 0 failed, 10s
odds history: 0 games got odds, 55 calls, 0 failed, 6s
player stats: 0 box scores added, 0 to fetch, 0 failed, 1s
weather: 125 games got weather, 0 new stadiums located, 252s
4th-down rates: 32 NFL teams
news: 3 new drama tags
public splits: 81 upcoming games
tennis sync: 72661 matches stored, 18 calls, 0 failed
tennis study ATP: 25902 rated matches, acc 0.6345 (surface ratings alone 0.6365), loss 0.6329 vs 0.6332, own weights [-0.005, 0.829, 0.074, 0.14, 0.425, 0.052, 0.049]
tennis study ATP life factors vs current loss 0.6329: experience 0.634 (-1.07 mnats, z -1.02), age 0.629 (+3.88 mnats, z 2.82), young_vs_aging 0.6322 (+0.73 mnats, z 1.77), last_match 0.6302 (+2.73 mnats, z 1.89), streaks 0.6334 (-0.53 mnats, z -0.52), first_set 0.6318 (+1.08 mnats, z 1.72), injury 0.6336 (-0.69 mnats, z -0.99), travel 0.633 (-0.09 mnats, z -1.19) -> KEPT age · 2000/2000 graded matches have both ages
tennis study WTA: 30225 rated matches, acc 0.649 (surface ratings alone 0.6485), loss 0.6227 vs 0.6213, own weights [0.005, 0.906, -0.001, -0.102, 0.31, 0.03, -0.192]
tennis study WTA life factors vs current loss 0.6227: experience 0.6179 (+4.74 mnats, z 2.83), age 0.6224 (+0.29 mnats, z 0.36), young_vs_aging 0.6226 (+0.05 mnats, z 0.31), last_match 0.6222 (+0.50 mnats, z 0.52), streaks 0.623 (-0.37 mnats, z -0.74), first_set 0.6216 (+1.08 mnats, z 2.54), injury 0.6218 (+0.86 mnats, z 1.5), travel 0.6228 (-0.09 mnats, z -0.57) -> KEPT experience+first_set · 2000/2000 graded matches have both ages
tennis odds: 0 singles matches priced (bovada)
tennis first-set lines: 0 first-set winner markets seen (0 matches with any set market)
tennis reads: 1 matches
sync: 130329 games stored, 52 calls, 0 failed, 12s
odds history: 0 games got odds, 55 calls, 0 failed, 5s
player stats: 0 box scores added, 0 to fetch, 0 failed, 1s
weather: 233 games got weather, 0 new stadiums located, 188s
4th-down rates: 32 NFL teams
news: 3 new drama tags
public splits: 82 upcoming games
tennis sync: 72661 matches stored, 18 calls, 0 failed
tennis study ATP: 25902 rated matches, acc 0.6345 (surface ratings alone 0.6365), loss 0.6329 vs 0.6332, own weights [-0.005, 0.829, 0.074, 0.14, 0.425, 0.052, 0.049]
tennis study ATP life factors vs current loss 0.6329: experience 0.634 (-1.07 mnats, z -1.02), age 0.629 (+3.88 mnats, z 2.82), young_vs_aging 0.6322 (+0.73 mnats, z 1.77), last_match 0.6302 (+2.73 mnats, z 1.89), streaks 0.6334 (-0.53 mnats, z -0.52), first_set 0.6318 (+1.08 mnats, z 1.72), injury 0.6336 (-0.69 mnats, z -0.99), travel 0.633 (-0.09 mnats, z -1.19) -> KEPT age · 2000/2000 graded matches have both ages
tennis study WTA: 30225 rated matches, acc 0.649 (surface ratings alone 0.6485), loss 0.6227 vs 0.6213, own weights [0.005, 0.906, -0.001, -0.102, 0.31, 0.03, -0.192]
tennis study WTA life factors vs current loss 0.6227: experience 0.6179 (+4.74 mnats, z 2.83), age 0.6224 (+0.29 mnats, z 0.36), young_vs_aging 0.6226 (+0.05 mnats, z 0.31), last_match 0.6222 (+0.50 mnats, z 0.52), streaks 0.623 (-0.37 mnats, z -0.74), first_set 0.6216 (+1.08 mnats, z 2.54), injury 0.6218 (+0.86 mnats, z 1.5), travel 0.6228 (-0.09 mnats, z -0.57) -> KEPT experience+first_set · 2000/2000 graded matches have both ages
tennis odds: 0 singles matches priced (bovada)
tennis first-set lines: 0 first-set winner markets seen (0 matches with any set market)
tennis reads: 1 matches
sync: 130329 games stored, 52 calls, 0 failed, 12s
odds history: 0 games got odds, 55 calls, 0 failed, 4s
player stats: 0 box scores added, 0 to fetch, 0 failed, 1s
weather: 134 games got weather, 0 new stadiums located, 240s
4th-down rates: 32 NFL teams
news: 3 new drama tags
public splits: 82 upcoming games
tennis sync: 72661 matches stored, 18 calls, 0 failed
tennis study ATP: 25902 rated matches, acc 0.6345 (surface ratings alone 0.6365), loss 0.6329 vs 0.6332, own weights [-0.005, 0.829, 0.074, 0.14, 0.425, 0.052, 0.049]
tennis study ATP life factors vs current loss 0.6329: experience 0.634 (-1.07 mnats, z -1.02), age 0.629 (+3.88 mnats, z 2.82), young_vs_aging 0.6322 (+0.73 mnats, z 1.77), last_match 0.6302 (+2.73 mnats, z 1.89), streaks 0.6334 (-0.53 mnats, z -0.52), first_set 0.6318 (+1.08 mnats, z 1.72), injury 0.6336 (-0.69 mnats, z -0.99), travel 0.633 (-0.09 mnats, z -1.19) -> KEPT age · 2000/2000 graded matches have both ages
tennis study WTA: 30225 rated matches, acc 0.649 (surface ratings alone 0.6485), loss 0.6227 vs 0.6213, own weights [0.005, 0.906, -0.001, -0.102, 0.31, 0.03, -0.192]
tennis study WTA life factors vs current loss 0.6227: experience 0.6179 (+4.74 mnats, z 2.83), age 0.6224 (+0.29 mnats, z 0.36), young_vs_aging 0.6226 (+0.05 mnats, z 0.31), last_match 0.6222 (+0.50 mnats, z 0.52), streaks 0.623 (-0.37 mnats, z -0.74), first_set 0.6216 (+1.08 mnats, z 2.54), injury 0.6218 (+0.86 mnats, z 1.5), travel 0.6228 (-0.09 mnats, z -0.57) -> KEPT experience+first_set · 2000/2000 graded matches have both ages
tennis odds: 0 singles matches priced (bovada)
tennis first-set lines: 0 first-set winner markets seen (0 matches with any set market)
tennis reads: 1 matches
sync: 130329 games stored, 52 calls, 0 failed, 11s
odds history: 0 games got odds, 55 calls, 0 failed, 5s
player stats: 0 box scores added, 0 to fetch, 0 failed, 1s
weather: 97 games got weather, 0 new stadiums located, 252s
4th-down rates: 32 NFL teams
news: 3 new drama tags
public splits: 82 upcoming games
tennis sync: 72661 matches stored, 18 calls, 0 failed
tennis study ATP: 25902 rated matches, acc 0.6345 (surface ratings alone 0.6365), loss 0.6329 vs 0.6332, own weights [-0.005, 0.829, 0.074, 0.14, 0.425, 0.052, 0.049]
tennis study ATP life factors vs current loss 0.6329: experience 0.634 (-1.07 mnats, z -1.02), age 0.629 (+3.88 mnats, z 2.82), young_vs_aging 0.6322 (+0.73 mnats, z 1.77), last_match 0.6302 (+2.73 mnats, z 1.89), streaks 0.6334 (-0.53 mnats, z -0.52), first_set 0.6318 (+1.08 mnats, z 1.72), injury 0.6336 (-0.69 mnats, z -0.99), travel 0.633 (-0.09 mnats, z -1.19) -> KEPT age · 2000/2000 graded matches have both ages
tennis study WTA: 30225 rated matches, acc 0.649 (surface ratings alone 0.6485), loss 0.6227 vs 0.6213, own weights [0.005, 0.906, -0.001, -0.102, 0.31, 0.03, -0.192]
tennis study WTA life factors vs current loss 0.6227: experience 0.6179 (+4.74 mnats, z 2.83), age 0.6224 (+0.29 mnats, z 0.36), young_vs_aging 0.6226 (+0.05 mnats, z 0.31), last_match 0.6222 (+0.50 mnats, z 0.52), streaks 0.623 (-0.37 mnats, z -0.74), first_set 0.6216 (+1.08 mnats, z 2.54), injury 0.6218 (+0.86 mnats, z 1.5), travel 0.6228 (-0.09 mnats, z -0.57) -> KEPT experience+first_set · 2000/2000 graded matches have both ages
tennis odds: 0 singles matches priced (bovada)
tennis first-set lines: 0 first-set winner markets seen (0 matches with any set market)
tennis reads: 1 matches
sync: 130329 games stored, 52 calls, 0 failed, 11s
odds history: 0 games got odds, 55 calls, 0 failed, 4s
player stats: 0 box scores added, 0 to fetch, 0 failed, 1s
weather: 232 games got weather, 0 new stadiums located, 236s
4th-down rates: 32 NFL teams
news: 3 new drama tags
public splits: 81 upcoming games
tennis sync: 72661 matches stored, 18 calls, 0 failed
tennis study ATP: 25902 rated matches, acc 0.6345 (surface ratings alone 0.6365), loss 0.6329 vs 0.6332, own weights [-0.005, 0.829, 0.074, 0.14, 0.425, 0.052, 0.049]
tennis study ATP life factors vs current loss 0.6329: experience 0.634 (-1.07 mnats, z -1.02), age 0.629 (+3.88 mnats, z 2.82), young_vs_aging 0.6322 (+0.73 mnats, z 1.77), last_match 0.6302 (+2.73 mnats, z 1.89), streaks 0.6334 (-0.53 mnats, z -0.52), first_set 0.6318 (+1.08 mnats, z 1.72), injury 0.6336 (-0.69 mnats, z -0.99), travel 0.633 (-0.09 mnats, z -1.19) -> KEPT age · 2000/2000 graded matches have both ages
tennis study WTA: 30225 rated matches, acc 0.649 (surface ratings alone 0.6485), loss 0.6227 vs 0.6213, own weights [0.005, 0.906, -0.001, -0.102, 0.31, 0.03, -0.192]
tennis study WTA life factors vs current loss 0.6227: experience 0.6179 (+4.74 mnats, z 2.83), age 0.6224 (+0.29 mnats, z 0.36), young_vs_aging 0.6226 (+0.05 mnats, z 0.31), last_match 0.6222 (+0.50 mnats, z 0.52), streaks 0.623 (-0.37 mnats, z -0.74), first_set 0.6216 (+1.08 mnats, z 2.54), injury 0.6218 (+0.86 mnats, z 1.5), travel 0.6228 (-0.09 mnats, z -0.57) -> KEPT experience+first_set · 2000/2000 graded matches have both ages
tennis odds: 0 singles matches priced (bovada)
tennis first-set lines: 0 first-set winner markets seen (0 matches with any set market)
tennis reads: 1 matches
sync: 130329 games stored, 52 calls, 0 failed, 16s
odds history: 0 games got odds, 55 calls, 0 failed, 11s
player stats: 0 box scores added, 0 to fetch, 0 failed, 1s
weather: 98 games got weather, 0 new stadiums located, 242s
4th-down rates: 32 NFL teams
news: 3 new drama tags
public splits: 80 upcoming games
tennis sync: 72661 matches stored, 18 calls, 0 failed
tennis study ATP: 25902 rated matches, acc 0.6345 (surface ratings alone 0.6365), loss 0.6329 vs 0.6332, own weights [-0.005, 0.829, 0.074, 0.14, 0.425, 0.052, 0.049]
tennis study ATP life factors vs current loss 0.6329: experience 0.634 (-1.07 mnats, z -1.02), age 0.629 (+3.88 mnats, z 2.82), young_vs_aging 0.6322 (+0.73 mnats, z 1.77), last_match 0.6302 (+2.73 mnats, z 1.89), streaks 0.6334 (-0.53 mnats, z -0.52), first_set 0.6318 (+1.08 mnats, z 1.72), injury 0.6336 (-0.69 mnats, z -0.99), travel 0.633 (-0.09 mnats, z -1.19) -> KEPT age · 2000/2000 graded matches have both ages
tennis study WTA: 30225 rated matches, acc 0.649 (surface ratings alone 0.6485), loss 0.6227 vs 0.6213, own weights [0.005, 0.906, -0.001, -0.102, 0.31, 0.03, -0.192]
tennis study WTA life factors vs current loss 0.6227: experience 0.6179 (+4.74 mnats, z 2.83), age 0.6224 (+0.29 mnats, z 0.36), young_vs_aging 0.6226 (+0.05 mnats, z 0.31), last_match 0.6222 (+0.50 mnats, z 0.52), streaks 0.623 (-0.37 mnats, z -0.74), first_set 0.6216 (+1.08 mnats, z 2.54), injury 0.6218 (+0.86 mnats, z 1.5), travel 0.6228 (-0.09 mnats, z -0.57) -> KEPT experience+first_set · 2000/2000 graded matches have both ages
tennis odds: 0 singles matches priced (bovada)
tennis first-set lines: 0 first-set winner markets seen (0 matches with any set market)
tennis reads: 1 matches
sync: 130329 games stored, 52 calls, 0 failed, 10s
odds history: 0 games got odds, 55 calls, 0 failed, 4s
player stats: 1 box scores added, 1 to fetch, 0 failed, 1s
weather: 153 games got weather, 0 new stadiums located, 240s
4th-down rates: 32 NFL teams
news: 3 new drama tags
tuned in 92s: mlb trust 26% acc 58.7%, nba trust 19% acc 69.8%, ncaab trust 5% acc 67.4%, ncaaf trust 25% acc 75.7%, nfl trust 11% acc 66.1%, nhl trust 17% acc 54.3%
cover study: nba big favorites covered 50% of 3600 (adjust +0.03); ncaab big favorites covered 49% of 12334 (adjust -0.03); ncaaf big favorites covered 51% of 3371 (adjust +0.01); nfl big favorites covered 48% of 508 (adjust +0.04)
comeback study: nfl 2250 games s=1.3 w=1.50 m=+0.0 loss 0.476->0.468; ncaaf 5774 games s=1.2 w=1.25 m=+0.0 loss 0.362->0.360; nba 10227 games s=1.7 w=1.75 m=+0.0 loss 0.508->0.473; mlb 19826 games s=1.0 w=1.00 m=+0.1 loss 0.455->0.455; nhl 10056 games s=1.2 w=1.50 m=+0.0 loss 0.510->0.507; ncaab 29448 games s=1.3 w=1.50 m=-0.1 loss 0.433->0.416
halves study: nfl 2258 games: 1st half gets 51% of the edge (sd 10.29), 2nd 40%; 1st half leader wins 78%, tied 7%; ncaaf 5775 games: 1st half gets 61% of the edge (sd 11.88), 2nd 43%; 1st half leader wins 82%, tied 6%; nba 10227 games: 1st half gets 60% of the edge (sd 10.85), 2nd 43%; 1st half leader wins 74%, tied 3%; ncaab 29448 games: 1st half gets 62% of the edge (sd 9.11), 2nd 51%; 1st half leader wins 77%, tied 4%; mlb 20060 games: first 5 innings gets 67% of the edge (sd 3.34), 2nd 23%; first 5 innings leader wins 83%, tied 15%; nhl 10056 games: 1st period gets 28% of the edge (sd 1.3), 2nd 76%; 1st period leader wins 74%, tied 34%
lines study: nhl 20112 team-games, loss 0.607->0.584; mlb 40122 team-games, loss 0.654->0.636
spread/moneyline study: {'nfl': (0.5361, True), 'ncaaf': (0.4767, False), 'nba': (0.4527, False), 'ncaab': (0.482, False)}
hockey study: ['backup', 'b2b', 'rest', 'travel'] 0.66533 vs line 0.66572
all: following hit 68.9% vs 68.0% the price said over 229235 (edge +0.8% older, +1.0% newer, z 10.19) -> watch only
streak: following hit 63.9% vs 63.3% the price said over 69526 (edge +0.6% older, +0.6% newer, z 3.57) -> watch only
rate: following hit 71.0% vs 70.0% the price said over 159709 (edge +0.9% older, +1.2% newer, z 9.94) -> watch only
streak|total: following hit 50.2% vs 50.0% the price said over 12423 (edge +0.1% older, +0.2% newer, z 0.4) -> watch only
streak|fav_ml: following hit 72.5% vs 71.5% the price said over 36307 (edge +0.9% older, +1.1% newer, z 4.44) -> watch only
streak|fav_cover: following hit 49.4% vs 50.0% the price said over 7717 (edge -1.5% older, +0.2% newer, z -1.13) -> watch only
streak|home: following hit 61.5% vs 60.8% the price said over 13079 (edge +0.9% older, +0.4% newer, z 1.81) -> watch only
rate|total: following hit 51.2% vs 50.0% the price said over 3884 (edge +1.2% older, +1.1% newer, z 1.44) -> watch only
rate|fav_ml: following hit 73.8% vs 72.8% the price said over 112252 (edge +0.9% older, +1.2% newer, z 8.24) -> watch only
rate|fav_cover: following hit 49.1% vs 50.0% the price said over 1791 (edge -0.1% older, -1.8% newer, z -0.78) -> watch only
rate|home: following hit 66.4% vs 65.3% the price said over 41782 (edge +1.1% older, +1.2% newer, z 5.76) -> watch only
nfl|streak: following hit 58.2% vs 59.8% the price said over 1522 (edge -2.5% older, -0.6% newer, z -1.28) -> watch only
nfl|rate: following hit 65.1% vs 65.0% the price said over 4067 (edge -0.2% older, +0.4% newer, z 0.1) -> watch only
ncaaf|streak: following hit 70.6% vs 70.2% the price said over 7178 (edge -0.3% older, +1.1% newer, z 0.82) -> watch only
ncaaf|rate: following hit 72.8% vs 71.9% the price said over 20804 (edge +0.8% older, +1.0% newer, z 3.21) -> watch only
nba|streak: following hit 61.2% vs 61.3% the price said over 9804 (edge -0.2% older, +0.1% newer, z -0.21) -> watch only
nba|rate: following hit 68.5% vs 68.7% the price said over 23773 (edge -0.1% older, -0.3% newer, z -0.76) -> watch only
ncaab|streak: following hit 67.6% vs 66.6% the price said over 35221 (edge +0.9% older, +1.0% newer, z 4.27) -> watch only
ncaab|rate: following hit 72.6% vs 71.1% the price said over 100554 (edge +1.4% older, +1.5% newer, z 10.97) -> watch only
mlb|streak: following hit 53.7% vs 53.6% the price said over 10762 (edge +0.6% older, -0.4% newer, z 0.17) -> watch only
mlb|rate: following hit 60.7% vs 59.5% the price said over 5362 (edge +0.0% older, +2.3% newer, z 1.73) -> watch only
nhl|streak: following hit 56.9% vs 55.5% the price said over 5039 (edge +1.7% older, +1.1% newer, z 2.04) -> watch only
nhl|rate: following hit 61.8% vs 61.1% the price said over 5149 (edge +0.3% older, +1.1% newer, z 1.06) -> watch only
proven: ncaab|rate|fav_cover, ncaaf|rate|total
ACTIVE mlb sunday: home team wins 216-185 (prices said 213.5) (6 straight) -> coin flip · next: Padres @ Brewers, Phillies/Braves @ Dodgers
ACTIVE mlb monday: home team wins 139-123 (prices said 137.6) (5 straight) -> coin flip · next: White Sox @ Guardians, Yankees @ Rays
ACTIVE ncaaf saturday: favorites win 162-30 (prices said 152.9) -> coin flip · next: Memphis @ Charlotte, Alabama @ Mississippi St, MTSU @ Kansas
ACTIVE ncaaf big favorite: favorites win 146-13 (prices said 139.2) -> coin flip · next: Liberty @ Delaware, Montana St @ Idaho, Memphis @ Charlotte
ACTIVE ncaaf away favorite: favorites win 43-11 (prices said 37.8) -> coin flip · next: Liberty @ Delaware, Penn State @ Northwestern, Montana St @ Idaho
ACTIVE ncaaf home favorite: favorites win 143-22 (prices said 137.1) -> coin flip · next: Pitt @ Virginia Tech, MTSU @ Kansas, UCF @ Houston
ACTIVE ncaaf friday: favorites win 13-1 (prices said 11.2) -> coin flip · next: Pitt @ Virginia Tech, Liberty @ Delaware, Penn State @ Northwestern
ACTIVE ncaaf big favorite: home team wins 128-31 (prices said 123.1) -> coin flip · next: Liberty @ Delaware, Montana St @ Idaho, Memphis @ Charlotte
totals study: {'nfl': (0.558, True), 'ncaaf': (0.492, False), 'nba': (0.504, False), 'ncaab': (0.5271, True), 'mlb': (0.486, False), 'nhl': (0.4836, False)}
public splits: 80 upcoming games
tennis sync: 72661 matches stored, 18 calls, 0 failed
tennis study ATP: 25902 rated matches, acc 0.6345 (surface ratings alone 0.6365), loss 0.6329 vs 0.6332, own weights [-0.005, 0.829, 0.074, 0.14, 0.425, 0.052, 0.049]
tennis study ATP life factors vs current loss 0.6329: experience 0.634 (-1.07 mnats, z -1.02), age 0.629 (+3.88 mnats, z 2.82), young_vs_aging 0.6322 (+0.73 mnats, z 1.77), last_match 0.6302 (+2.73 mnats, z 1.89), streaks 0.6334 (-0.53 mnats, z -0.52), first_set 0.6318 (+1.08 mnats, z 1.72), injury 0.6336 (-0.69 mnats, z -0.99), travel 0.633 (-0.09 mnats, z -1.19) -> KEPT age · 2000/2000 graded matches have both ages
tennis study WTA: 30225 rated matches, acc 0.649 (surface ratings alone 0.6485), loss 0.6227 vs 0.6213, own weights [0.005, 0.906, -0.001, -0.102, 0.31, 0.03, -0.192]
tennis study WTA life factors vs current loss 0.6227: experience 0.6179 (+4.74 mnats, z 2.83), age 0.6224 (+0.29 mnats, z 0.36), young_vs_aging 0.6226 (+0.05 mnats, z 0.31), last_match 0.6222 (+0.50 mnats, z 0.52), streaks 0.623 (-0.37 mnats, z -0.74), first_set 0.6216 (+1.08 mnats, z 2.54), injury 0.6218 (+0.86 mnats, z 1.5), travel 0.6228 (-0.09 mnats, z -0.57) -> KEPT experience+first_set · 2000/2000 graded matches have both ages
tennis odds: 0 singles matches priced (bovada)
tennis first-set lines: 0 first-set winner markets seen (0 matches with any set market)
tennis reads: 1 matches
sync: 130329 games stored, 52 calls, 0 failed, 12s
odds history: 0 games got odds, 55 calls, 0 failed, 6s
player stats: 2 box scores added, 2 to fetch, 0 failed, 1s
weather: 107 games got weather, 0 new stadiums located, 255s
4th-down rates: 32 NFL teams
news: 3 new drama tags
tuned in 147s: mlb trust 26% acc 58.7%, nba trust 19% acc 69.8%, ncaab trust 5% acc 67.4%, ncaaf trust 25% acc 75.7%, nfl trust 11% acc 66.1%, nhl trust 15% acc 54.3%
cover study: nba big favorites covered 50% of 3600 (adjust +0.03); ncaab big favorites covered 49% of 12334 (adjust -0.03); ncaaf big favorites covered 51% of 3371 (adjust +0.01); nfl big favorites covered 48% of 508 (adjust +0.04)
comeback study: nfl 2250 games s=1.3 w=1.50 m=+0.0 loss 0.476->0.468; ncaaf 5774 games s=1.2 w=1.25 m=+0.0 loss 0.362->0.360; nba 10227 games s=1.7 w=1.75 m=+0.0 loss 0.508->0.473; mlb 19826 games s=1.0 w=1.00 m=+0.1 loss 0.455->0.455; nhl 10058 games s=1.2 w=1.50 m=+0.0 loss 0.510->0.507; ncaab 29448 games s=1.3 w=1.50 m=-0.1 loss 0.433->0.416
halves study: nfl 2258 games: 1st half gets 51% of the edge (sd 10.29), 2nd 40%; 1st half leader wins 78%, tied 7%; ncaaf 5775 games: 1st half gets 61% of the edge (sd 11.88), 2nd 43%; 1st half leader wins 82%, tied 6%; nba 10227 games: 1st half gets 60% of the edge (sd 10.85), 2nd 43%; 1st half leader wins 74%, tied 3%; ncaab 29448 games: 1st half gets 62% of the edge (sd 9.11), 2nd 51%; 1st half leader wins 77%, tied 4%; mlb 20060 games: first 5 innings gets 67% of the edge (sd 3.34), 2nd 23%; first 5 innings leader wins 83%, tied 15%; nhl 10058 games: 1st period gets 28% of the edge (sd 1.3), 2nd 76%; 1st period leader wins 74%, tied 34%
lines study: nhl 20116 team-games, loss 0.607->0.584; mlb 40122 team-games, loss 0.654->0.636
spread/moneyline study: {'nfl': (0.5361, True), 'ncaaf': (0.4767, False), 'nba': (0.4527, False), 'ncaab': (0.482, False)}
hockey study: ['backup', 'b2b', 'rest', 'travel'] 0.66535 vs line 0.66577
all: following hit 68.9% vs 68.0% the price said over 229235 (edge +0.8% older, +1.0% newer, z 10.19) -> watch only
streak: following hit 63.9% vs 63.3% the price said over 69526 (edge +0.6% older, +0.6% newer, z 3.57) -> watch only
rate: following hit 71.0% vs 70.0% the price said over 159709 (edge +0.9% older, +1.2% newer, z 9.94) -> watch only
streak|total: following hit 50.2% vs 50.0% the price said over 12423 (edge +0.1% older, +0.2% newer, z 0.4) -> watch only
streak|fav_ml: following hit 72.5% vs 71.5% the price said over 36307 (edge +0.9% older, +1.1% newer, z 4.44) -> watch only
streak|fav_cover: following hit 49.4% vs 50.0% the price said over 7717 (edge -1.5% older, +0.2% newer, z -1.13) -> watch only
streak|home: following hit 61.5% vs 60.8% the price said over 13079 (edge +0.9% older, +0.4% newer, z 1.81) -> watch only
rate|total: following hit 51.2% vs 50.0% the price said over 3884 (edge +1.2% older, +1.1% newer, z 1.44) -> watch only
rate|fav_ml: following hit 73.8% vs 72.8% the price said over 112252 (edge +0.9% older, +1.2% newer, z 8.24) -> watch only
rate|fav_cover: following hit 49.1% vs 50.0% the price said over 1791 (edge -0.1% older, -1.8% newer, z -0.78) -> watch only
rate|home: following hit 66.4% vs 65.3% the price said over 41782 (edge +1.1% older, +1.2% newer, z 5.76) -> watch only
nfl|streak: following hit 58.2% vs 59.8% the price said over 1522 (edge -2.5% older, -0.6% newer, z -1.28) -> watch only
nfl|rate: following hit 65.1% vs 65.0% the price said over 4067 (edge -0.2% older, +0.4% newer, z 0.1) -> watch only
ncaaf|streak: following hit 70.6% vs 70.2% the price said over 7178 (edge -0.3% older, +1.1% newer, z 0.82) -> watch only
ncaaf|rate: following hit 72.8% vs 71.9% the price said over 20804 (edge +0.8% older, +1.0% newer, z 3.21) -> watch only
nba|streak: following hit 61.2% vs 61.3% the price said over 9804 (edge -0.2% older, +0.1% newer, z -0.21) -> watch only
nba|rate: following hit 68.5% vs 68.7% the price said over 23773 (edge -0.1% older, -0.3% newer, z -0.76) -> watch only
ncaab|streak: following hit 67.6% vs 66.6% the price said over 35221 (edge +0.9% older, +1.0% newer, z 4.27) -> watch only
ncaab|rate: following hit 72.6% vs 71.1% the price said over 100554 (edge +1.4% older, +1.5% newer, z 10.97) -> watch only
mlb|streak: following hit 53.7% vs 53.6% the price said over 10762 (edge +0.6% older, -0.4% newer, z 0.17) -> watch only
mlb|rate: following hit 60.7% vs 59.5% the price said over 5362 (edge +0.0% older, +2.3% newer, z 1.73) -> watch only
nhl|streak: following hit 56.9% vs 55.5% the price said over 5039 (edge +1.7% older, +1.1% newer, z 2.04) -> watch only
nhl|rate: following hit 61.8% vs 61.1% the price said over 5149 (edge +0.3% older, +1.1% newer, z 1.06) -> watch only
proven: ncaab|rate|fav_cover, ncaaf|rate|total
ACTIVE mlb sunday: home team wins 216-185 (prices said 213.5) (6 straight) -> coin flip · next: Padres @ Brewers, Phillies/Braves @ Dodgers
ACTIVE mlb monday: home team wins 139-123 (prices said 137.6) (5 straight) -> coin flip · next: White Sox @ Guardians, Yankees @ Rays
ACTIVE ncaaf saturday: favorites win 162-30 (prices said 152.9) -> coin flip · next: Memphis @ Charlotte, Alabama @ Mississippi St, MTSU @ Kansas
ACTIVE ncaaf big favorite: favorites win 146-13 (prices said 139.2) -> coin flip · next: Liberty @ Delaware, Montana St @ Idaho, Memphis @ Charlotte
ACTIVE ncaaf away favorite: favorites win 43-11 (prices said 37.8) -> coin flip · next: Liberty @ Delaware, Penn State @ Northwestern, Montana St @ Idaho
ACTIVE ncaaf home favorite: favorites win 143-22 (prices said 137.1) -> coin flip · next: Pitt @ Virginia Tech, MTSU @ Kansas, UCF @ Houston
ACTIVE ncaaf friday: favorites win 13-1 (prices said 11.2) -> coin flip · next: Pitt @ Virginia Tech, Liberty @ Delaware, Penn State @ Northwestern
ACTIVE ncaaf big favorite: home team wins 128-31 (prices said 123.1) -> coin flip · next: Liberty @ Delaware, Montana St @ Idaho, Memphis @ Charlotte
totals study: {'nfl': (0.558, True), 'ncaaf': (0.492, False), 'nba': (0.504, False), 'ncaab': (0.5271, True), 'mlb': (0.486, False), 'nhl': (0.4825, False)}
public splits: 80 upcoming games
tennis sync: 72661 matches stored, 18 calls, 0 failed
tennis study ATP: 25902 rated matches, acc 0.6345 (surface ratings alone 0.6365), loss 0.6329 vs 0.6332, own weights [-0.005, 0.829, 0.074, 0.14, 0.425, 0.052, 0.049]
tennis study ATP life factors vs current loss 0.6329: experience 0.634 (-1.07 mnats, z -1.02), age 0.629 (+3.88 mnats, z 2.82), young_vs_aging 0.6322 (+0.73 mnats, z 1.77), last_match 0.6302 (+2.73 mnats, z 1.89), streaks 0.6334 (-0.53 mnats, z -0.52), first_set 0.6318 (+1.08 mnats, z 1.72), injury 0.6336 (-0.69 mnats, z -0.99), travel 0.633 (-0.09 mnats, z -1.19) -> KEPT age · 2000/2000 graded matches have both ages
tennis study WTA: 30225 rated matches, acc 0.649 (surface ratings alone 0.6485), loss 0.6227 vs 0.6213, own weights [0.005, 0.906, -0.001, -0.102, 0.31, 0.03, -0.192]
tennis study WTA life factors vs current loss 0.6227: experience 0.6179 (+4.74 mnats, z 2.83), age 0.6224 (+0.29 mnats, z 0.36), young_vs_aging 0.6226 (+0.05 mnats, z 0.31), last_match 0.6222 (+0.50 mnats, z 0.52), streaks 0.623 (-0.37 mnats, z -0.74), first_set 0.6216 (+1.08 mnats, z 2.54), injury 0.6218 (+0.86 mnats, z 1.5), travel 0.6228 (-0.09 mnats, z -0.57) -> KEPT experience+first_set · 2000/2000 graded matches have both ages
tennis odds: 0 singles matches priced (bovada)
tennis first-set lines: 0 first-set winner markets seen (0 matches with any set market)
tennis reads: 1 matches
sync: 130329 games stored, 52 calls, 0 failed, 9s
odds history: 0 games got odds, 55 calls, 0 failed, 6s
player stats: 2 box scores added, 2 to fetch, 0 failed, 1s
weather: 134 games got weather, 0 new stadiums located, 240s
4th-down rates: 32 NFL teams
news: 4 new drama tags
tuned in 115s: mlb trust 26% acc 58.7%, nba trust 19% acc 69.8%, ncaab trust 5% acc 67.4%, ncaaf trust 25% acc 75.7%, nfl trust 11% acc 66.1%, nhl trust 15% acc 54.3%
cover study: nba big favorites covered 50% of 3600 (adjust +0.03); ncaab big favorites covered 49% of 12334 (adjust -0.03); ncaaf big favorites covered 51% of 3371 (adjust +0.01); nfl big favorites covered 48% of 508 (adjust +0.04)
comeback study: nfl 2250 games s=1.3 w=1.50 m=+0.0 loss 0.476->0.468; ncaaf 5774 games s=1.2 w=1.25 m=+0.0 loss 0.362->0.360; nba 10227 games s=1.7 w=1.75 m=+0.0 loss 0.508->0.473; mlb 19827 games s=1.0 w=1.00 m=+0.1 loss 0.457->0.457; nhl 10059 games s=1.2 w=1.50 m=+0.0 loss 0.510->0.507; ncaab 29448 games s=1.3 w=1.50 m=-0.1 loss 0.433->0.416
halves study: nfl 2258 games: 1st half gets 51% of the edge (sd 10.29), 2nd 40%; 1st half leader wins 78%, tied 7%; ncaaf 5775 games: 1st half gets 61% of the edge (sd 11.88), 2nd 43%; 1st half leader wins 82%, tied 6%; nba 10227 games: 1st half gets 60% of the edge (sd 10.85), 2nd 43%; 1st half leader wins 74%, tied 3%; ncaab 29448 games: 1st half gets 62% of the edge (sd 9.11), 2nd 51%; 1st half leader wins 77%, tied 4%; mlb 20061 games: first 5 innings gets 67% of the edge (sd 3.34), 2nd 23%; first 5 innings leader wins 83%, tied 15%; nhl 10059 games: 1st period gets 28% of the edge (sd 1.3), 2nd 76%; 1st period leader wins 74%, tied 34%
lines study: nhl 20118 team-games, loss 0.607->0.584; mlb 40124 team-games, loss 0.654->0.637
spread/moneyline study: {'nfl': (0.5361, True), 'ncaaf': (0.4767, False), 'nba': (0.4527, False), 'ncaab': (0.482, False)}
hockey study: ['backup', 'b2b', 'rest', 'travel'] 0.6653 vs line 0.66572
all: following hit 68.9% vs 68.0% the price said over 229235 (edge +0.8% older, +1.0% newer, z 10.19) -> watch only
streak: following hit 63.9% vs 63.3% the price said over 69526 (edge +0.6% older, +0.6% newer, z 3.57) -> watch only
rate: following hit 71.0% vs 70.0% the price said over 159709 (edge +0.9% older, +1.2% newer, z 9.94) -> watch only
streak|total: following hit 50.2% vs 50.0% the price said over 12423 (edge +0.1% older, +0.2% newer, z 0.4) -> watch only
streak|fav_ml: following hit 72.5% vs 71.5% the price said over 36307 (edge +0.9% older, +1.1% newer, z 4.44) -> watch only
streak|fav_cover: following hit 49.4% vs 50.0% the price said over 7717 (edge -1.5% older, +0.2% newer, z -1.13) -> watch only
streak|home: following hit 61.5% vs 60.8% the price said over 13079 (edge +0.9% older, +0.4% newer, z 1.81) -> watch only
rate|total: following hit 51.2% vs 50.0% the price said over 3884 (edge +1.2% older, +1.1% newer, z 1.44) -> watch only
rate|fav_ml: following hit 73.8% vs 72.8% the price said over 112252 (edge +0.9% older, +1.2% newer, z 8.24) -> watch only
rate|fav_cover: following hit 49.1% vs 50.0% the price said over 1791 (edge -0.1% older, -1.8% newer, z -0.78) -> watch only
rate|home: following hit 66.4% vs 65.3% the price said over 41782 (edge +1.1% older, +1.2% newer, z 5.76) -> watch only
nfl|streak: following hit 58.2% vs 59.8% the price said over 1522 (edge -2.5% older, -0.6% newer, z -1.28) -> watch only
nfl|rate: following hit 65.1% vs 65.0% the price said over 4067 (edge -0.2% older, +0.4% newer, z 0.1) -> watch only
ncaaf|streak: following hit 70.6% vs 70.2% the price said over 7178 (edge -0.3% older, +1.1% newer, z 0.82) -> watch only
ncaaf|rate: following hit 72.8% vs 71.9% the price said over 20804 (edge +0.8% older, +1.0% newer, z 3.21) -> watch only
nba|streak: following hit 61.2% vs 61.3% the price said over 9804 (edge -0.2% older, +0.1% newer, z -0.21) -> watch only
nba|rate: following hit 68.5% vs 68.7% the price said over 23773 (edge -0.1% older, -0.3% newer, z -0.76) -> watch only
ncaab|streak: following hit 67.6% vs 66.6% the price said over 35221 (edge +0.9% older, +1.0% newer, z 4.27) -> watch only
ncaab|rate: following hit 72.6% vs 71.1% the price said over 100554 (edge +1.4% older, +1.5% newer, z 10.97) -> watch only
mlb|streak: following hit 53.7% vs 53.6% the price said over 10762 (edge +0.6% older, -0.4% newer, z 0.17) -> watch only
mlb|rate: following hit 60.7% vs 59.5% the price said over 5362 (edge +0.0% older, +2.3% newer, z 1.73) -> watch only
nhl|streak: following hit 56.9% vs 55.5% the price said over 5039 (edge +1.7% older, +1.1% newer, z 2.04) -> watch only
nhl|rate: following hit 61.8% vs 61.1% the price said over 5149 (edge +0.3% older, +1.1% newer, z 1.06) -> watch only
proven: ncaab|rate|fav_cover, ncaaf|rate|total
ACTIVE mlb sunday: home team wins 216-185 (prices said 213.5) (6 straight) -> coin flip · next: Padres @ Brewers, Braves @ Dodgers
ACTIVE mlb monday: home team wins 139-123 (prices said 137.6) (5 straight) -> coin flip · next: White Sox @ Guardians, Yankees @ Rays
ACTIVE ncaaf saturday: favorites win 162-30 (prices said 152.9) -> coin flip · next: Memphis @ Charlotte, Alabama @ Mississippi St, MTSU @ Kansas
ACTIVE ncaaf big favorite: favorites win 146-13 (prices said 139.2) -> coin flip · next: Liberty @ Delaware, Montana St @ Idaho, Memphis @ Charlotte
ACTIVE ncaaf away favorite: favorites win 43-11 (prices said 37.8) -> coin flip · next: Liberty @ Delaware, Penn State @ Northwestern, Montana St @ Idaho
ACTIVE ncaaf home favorite: favorites win 143-22 (prices said 137.1) -> coin flip · next: Pitt @ Virginia Tech, MTSU @ Kansas, UCF @ Houston
ACTIVE ncaaf friday: favorites win 13-1 (prices said 11.2) -> coin flip · next: Pitt @ Virginia Tech, Liberty @ Delaware, Penn State @ Northwestern
ACTIVE ncaaf big favorite: home team wins 128-31 (prices said 123.1) -> coin flip · next: Liberty @ Delaware, Montana St @ Idaho, Memphis @ Charlotte
totals study: {'nfl': (0.558, True), 'ncaaf': (0.492, False), 'nba': (0.504, False), 'ncaab': (0.5271, True), 'mlb': (0.486, False), 'nhl': (0.4825, False)}
public splits: 78 upcoming games
tennis sync: 72661 matches stored, 18 calls, 0 failed
tennis study ATP: 25903 rated matches, acc 0.6345 (surface ratings alone 0.6365), loss 0.633 vs 0.6334, own weights [-0.005, 0.829, 0.074, 0.141, 0.425, 0.052, 0.049]
tennis study ATP life factors vs current loss 0.633: experience 0.6341 (-1.04 mnats, z -0.99), age 0.6292 (+3.84 mnats, z 2.79), young_vs_aging 0.6323 (+0.73 mnats, z 1.77), last_match 0.6303 (+2.74 mnats, z 1.9), streaks 0.6335 (-0.46 mnats, z -0.46), first_set 0.632 (+1.05 mnats, z 1.67), injury 0.6337 (-0.70 mnats, z -1.0), travel 0.6331 (-0.09 mnats, z -1.19) -> KEPT age · 2000/2000 graded matches have both ages
tennis study WTA: 30225 rated matches, acc 0.649 (surface ratings alone 0.6485), loss 0.6227 vs 0.6213, own weights [0.005, 0.906, -0.001, -0.102, 0.31, 0.03, -0.192]
tennis study WTA life factors vs current loss 0.6227: experience 0.6179 (+4.74 mnats, z 2.83), age 0.6224 (+0.29 mnats, z 0.36), young_vs_aging 0.6226 (+0.05 mnats, z 0.31), last_match 0.6222 (+0.50 mnats, z 0.52), streaks 0.623 (-0.37 mnats, z -0.74), first_set 0.6216 (+1.08 mnats, z 2.54), injury 0.6218 (+0.86 mnats, z 1.5), travel 0.6228 (-0.09 mnats, z -0.57) -> KEPT experience+first_set · 2000/2000 graded matches have both ages
tennis odds: 0 singles matches priced (bovada)
tennis first-set lines: 0 first-set winner markets seen (0 matches with any set market)
sync: 130329 games stored, 52 calls, 0 failed, 10s
odds history: 0 games got odds, 55 calls, 0 failed, 5s
player stats: 1 box scores added, 1 to fetch, 0 failed, 1s
weather: 145 games got weather, 0 new stadiums located, 240s
4th-down rates: 32 NFL teams
news: 3 new drama tags
tuned in 145s: mlb trust 26% acc 58.7%, nba trust 19% acc 69.8%, ncaab trust 5% acc 67.4%, ncaaf trust 24% acc 75.6%, nfl trust 11% acc 66.1%, nhl trust 15% acc 54.3%
cover study: nba big favorites covered 50% of 3600 (adjust +0.03); ncaab big favorites covered 49% of 12334 (adjust -0.03); ncaaf big favorites covered 51% of 3371 (adjust +0.01); nfl big favorites covered 48% of 508 (adjust +0.04)
comeback study: nfl 2250 games s=1.3 w=1.50 m=+0.0 loss 0.476->0.468; ncaaf 5775 games s=1.2 w=1.25 m=+0.0 loss 0.361->0.360; nba 10227 games s=1.7 w=1.75 m=+0.0 loss 0.508->0.473; mlb 19827 games s=1.0 w=1.00 m=+0.1 loss 0.457->0.457; nhl 10059 games s=1.2 w=1.50 m=+0.0 loss 0.510->0.507; ncaab 29448 games s=1.3 w=1.50 m=-0.1 loss 0.433->0.416
halves study: nfl 2258 games: 1st half gets 51% of the edge (sd 10.29), 2nd 40%; 1st half leader wins 78%, tied 7%; ncaaf 5776 games: 1st half gets 61% of the edge (sd 11.88), 2nd 43%; 1st half leader wins 82%, tied 6%; nba 10227 games: 1st half gets 60% of the edge (sd 10.85), 2nd 43%; 1st half leader wins 74%, tied 3%; ncaab 29448 games: 1st half gets 62% of the edge (sd 9.11), 2nd 51%; 1st half leader wins 77%, tied 4%; mlb 20061 games: first 5 innings gets 67% of the edge (sd 3.34), 2nd 23%; first 5 innings leader wins 83%, tied 15%; nhl 10059 games: 1st period gets 28% of the edge (sd 1.3), 2nd 76%; 1st period leader wins 74%, tied 34%
lines study: nhl 20118 team-games, loss 0.607->0.584; mlb 40124 team-games, loss 0.654->0.637
spread/moneyline study: {'nfl': (0.5361, True), 'ncaaf': (0.4767, False), 'nba': (0.4527, False), 'ncaab': (0.482, False)}
hockey study: ['backup', 'b2b', 'rest', 'travel'] 0.6653 vs line 0.66572
all: following hit 68.9% vs 68.0% the price said over 229238 (edge +0.8% older, +1.0% newer, z 10.19) -> watch only
streak: following hit 63.9% vs 63.3% the price said over 69526 (edge +0.6% older, +0.6% newer, z 3.57) -> watch only
rate: following hit 71.0% vs 70.0% the price said over 159712 (edge +0.9% older, +1.2% newer, z 9.94) -> watch only
streak|total: following hit 50.2% vs 50.0% the price said over 12423 (edge +0.1% older, +0.2% newer, z 0.4) -> watch only
streak|fav_ml: following hit 72.5% vs 71.5% the price said over 36307 (edge +0.9% older, +1.1% newer, z 4.44) -> watch only
streak|fav_cover: following hit 49.4% vs 50.0% the price said over 7717 (edge -1.5% older, +0.2% newer, z -1.13) -> watch only
streak|home: following hit 61.5% vs 60.8% the price said over 13079 (edge +0.9% older, +0.4% newer, z 1.81) -> watch only
rate|total: following hit 51.2% vs 50.0% the price said over 3884 (edge +1.2% older, +1.1% newer, z 1.44) -> watch only
rate|fav_ml: following hit 73.8% vs 72.8% the price said over 112254 (edge +0.9% older, +1.2% newer, z 8.25) -> watch only
rate|fav_cover: following hit 49.1% vs 50.0% the price said over 1791 (edge -0.1% older, -1.8% newer, z -0.78) -> watch only
rate|home: following hit 66.4% vs 65.3% the price said over 41783 (edge +1.1% older, +1.2% newer, z 5.76) -> watch only
nfl|streak: following hit 58.2% vs 59.8% the price said over 1522 (edge -2.5% older, -0.6% newer, z -1.28) -> watch only
nfl|rate: following hit 65.1% vs 65.0% the price said over 4067 (edge -0.2% older, +0.4% newer, z 0.1) -> watch only
ncaaf|streak: following hit 70.6% vs 70.2% the price said over 7178 (edge -0.3% older, +1.1% newer, z 0.82) -> watch only
ncaaf|rate: following hit 72.8% vs 71.9% the price said over 20807 (edge +0.8% older, +1.0% newer, z 3.24) -> watch only
nba|streak: following hit 61.2% vs 61.3% the price said over 9804 (edge -0.2% older, +0.1% newer, z -0.21) -> watch only
nba|rate: following hit 68.5% vs 68.7% the price said over 23773 (edge -0.1% older, -0.3% newer, z -0.76) -> watch only
ncaab|streak: following hit 67.6% vs 66.6% the price said over 35221 (edge +0.9% older, +1.0% newer, z 4.27) -> watch only
ncaab|rate: following hit 72.6% vs 71.1% the price said over 100554 (edge +1.4% older, +1.5% newer, z 10.97) -> watch only
mlb|streak: following hit 53.7% vs 53.6% the price said over 10762 (edge +0.6% older, -0.4% newer, z 0.17) -> watch only
mlb|rate: following hit 60.7% vs 59.5% the price said over 5362 (edge +0.0% older, +2.3% newer, z 1.73) -> watch only
nhl|streak: following hit 56.9% vs 55.5% the price said over 5039 (edge +1.7% older, +1.1% newer, z 2.04) -> watch only
nhl|rate: following hit 61.8% vs 61.1% the price said over 5149 (edge +0.3% older, +1.1% newer, z 1.06) -> watch only
proven: ncaab|rate|fav_cover, ncaaf|rate|total
ACTIVE mlb sunday: home team wins 216-185 (prices said 213.5) (6 straight) -> coin flip · next: Padres @ Brewers, Braves @ Dodgers
ACTIVE mlb monday: home team wins 139-123 (prices said 137.6) (5 straight) -> coin flip · next: White Sox @ Guardians, Yankees @ Rays
ACTIVE ncaaf thursday night: favorites win 8-2 (prices said 8.2) (5 straight) -> coin flip · next: Sam Houston @ Liberty, Missouri St @ Western KY, South Florida @ UTSA
ACTIVE ncaaf saturday: favorites win 162-30 (prices said 152.9) -> coin flip · next: Memphis @ Charlotte, Alabama @ Mississippi St, MTSU @ Kansas
ACTIVE ncaaf big favorite: favorites win 146-13 (prices said 139.2) -> coin flip · next: Liberty @ Delaware, Montana St @ Idaho, Memphis @ Charlotte
ACTIVE ncaaf away favorite: favorites win 43-11 (prices said 37.8) -> coin flip · next: Liberty @ Delaware, Penn State @ Northwestern, Montana St @ Idaho
ACTIVE ncaaf home favorite: favorites win 144-22 (prices said 137.6) -> coin flip · next: Pitt @ Virginia Tech, MTSU @ Kansas, UCF @ Houston
ACTIVE ncaaf friday: favorites win 13-1 (prices said 11.2) -> coin flip · next: Pitt @ Virginia Tech, Liberty @ Delaware, Penn State @ Northwestern
totals study: {'nfl': (0.558, True), 'ncaaf': (0.4902, False), 'nba': (0.504, False), 'ncaab': (0.5271, True), 'mlb': (0.486, False), 'nhl': (0.4825, False)}
public splits: 78 upcoming games
self-check: 51 graded picks - we said 55%, they hit 63% (hitting at or above what we said)
  drama:none: 48 graded, said 55%, hit 67% - hitting at or above what we said
  market:ml: 46 graded, said 55%, hit 67% - hitting at or above what we said
  source:pregame: 38 graded, said 54%, hit 68% - only 38 graded - report only
  label:parlay leg: 32 graded, said 54%, hit 69% - only 32 graded - report only
  price:-149..-101: 30 graded, said 56%, hit 73% - only 30 graded - report only
  price:+101..+179: 20 graded, said 52%, hit 45% - only 20 graded - report only
  league:mlb: 19 graded, said 54%, hit 90% - only 19 graded - report only
  ctx:game:div: 14 graded, said 56%, hit 57% - only 14 graded - report only (report only: forward-only tag)
  ctx:game:rival: 14 graded, said 56%, hit 57% - only 14 graded - report only (report only: forward-only tag)
  label:live: 13 graded, said 57%, hit 46% - only 13 graded - report only
  source:live: 13 graded, said 57%, hit 46% - only 13 graded - report only
  league:nfl: 12 graded, said 59%, hit 83% - only 12 graded - report only
  league:tennis: 10 graded, said 52%, hit 40% - only 10 graded - report only
  league:nhl: 9 graded, said 53%, hit 11% - only 9 graded - report only
  ctx:game:conf: 8 graded, said 52%, hit 62% - only 8 graded - report only (report only: forward-only tag)
  ctx:them:trip1000: 6 graded, said 56%, hit 100% - only 6 graded - report only (report only: forward-only tag)
  market:spread: 5 graded, said 54%, hit 20% - only 5 graded - report only
  ctx:them:east1000: 4 graded, said 56%, hit 100% - only 4 graded - report only (report only: forward-only tag)
  ctx:them:week3000: 4 graded, said 56%, hit 100% - only 4 graded - report only (report only: forward-only tag)
  drama:theirs: 3 graded, said 56%, hit 0% - only 3 graded - report only
  label:lock: 3 graded, said 58%, hit 100% - only 3 graded - report only
  ctx:them:trip2000: 2 graded, said 55%, hit 100% - only 2 graded - report only (report only: forward-only tag)
  ctx:them:west1000: 2 graded, said 55%, hit 100% - only 2 graded - report only (report only: forward-only tag)
  ctx:us:trip1000: 2 graded, said 51%, hit 0% - only 2 graded - report only (report only: forward-only tag)
  ctx:us:west1000: 2 graded, said 51%, hit 0% - only 2 graded - report only (report only: forward-only tag)
  label:dog: 2 graded, said 41%, hit 0% - only 2 graded - report only
  label:value: 1 graded, said 52%, hit 100% - only 1 graded - report only
  league:ncaaf: 1 graded, said 49%, hit 0% - only 1 graded - report only
  price:pick'em: 1 graded, said 58%, hit 100% - only 1 graded - report only
  (13 graded live bets were logged without a said chance - left out)
extra edge now needed: none
tennis sync: 72661 matches stored, 18 calls, 0 failed
tennis study ATP: 25903 rated matches, acc 0.6345 (surface ratings alone 0.6365), loss 0.633 vs 0.6334, own weights [-0.005, 0.829, 0.074, 0.141, 0.425, 0.052, 0.049]
tennis study ATP life factors vs current loss 0.633: experience 0.6341 (-1.04 mnats, z -0.99), age 0.6292 (+3.84 mnats, z 2.79), young_vs_aging 0.6323 (+0.73 mnats, z 1.77), last_match 0.6303 (+2.74 mnats, z 1.9), streaks 0.6335 (-0.46 mnats, z -0.46), first_set 0.632 (+1.05 mnats, z 1.67), injury 0.6337 (-0.70 mnats, z -1.0), travel 0.6331 (-0.09 mnats, z -1.19) -> KEPT age · 2000/2000 graded matches have both ages
tennis study WTA: 30225 rated matches, acc 0.649 (surface ratings alone 0.6485), loss 0.6227 vs 0.6213, own weights [0.005, 0.906, -0.001, -0.102, 0.31, 0.03, -0.192]
tennis study WTA life factors vs current loss 0.6227: experience 0.6179 (+4.74 mnats, z 2.83), age 0.6224 (+0.29 mnats, z 0.36), young_vs_aging 0.6226 (+0.05 mnats, z 0.31), last_match 0.6222 (+0.50 mnats, z 0.52), streaks 0.623 (-0.37 mnats, z -0.74), first_set 0.6216 (+1.08 mnats, z 2.54), injury 0.6218 (+0.86 mnats, z 1.5), travel 0.6228 (-0.09 mnats, z -0.57) -> KEPT experience+first_set · 2000/2000 graded matches have both ages
tennis odds: 0 singles matches priced (bovada)
tennis first-set lines: 0 first-set winner markets seen (0 matches with any set market)
sync: 130601 games stored, 52 calls, 0 failed, 21s
odds history: 0 games got odds, 55 calls, 0 failed, 7s
player stats: 218 box scores added, 223 to fetch, 0 failed, 10s
weather: 174 games got weather, 9 new stadiums located, 253s
4th-down rates: 32 NFL teams
news: 3 new drama tags
tuned in 116s: mlb trust 26% acc 58.7%, nba trust 19% acc 69.8%, ncaab trust 5% acc 67.4%, ncaaf trust 11% acc 74.4%, nfl trust 12% acc 66.2%, nhl trust 15% acc 54.2%
cover study: nba big favorites covered 50% of 3600 (adjust +0.03); ncaab big favorites covered 49% of 12334 (adjust -0.03); ncaaf big favorites covered 51% of 3371 (adjust +0.01); nfl big favorites covered 48% of 508 (adjust +0.04)
comeback study: nfl 2251 games s=1.3 w=1.50 m=+0.0 loss 0.476->0.468; ncaaf 5775 games s=1.2 w=1.25 m=+0.0 loss 0.361->0.360; nba 10227 games s=1.7 w=1.75 m=+0.0 loss 0.508->0.473; mlb 19827 games s=1.0 w=1.00 m=+0.1 loss 0.457->0.457; nhl 10060 games s=1.2 w=1.50 m=+0.0 loss 0.509->0.507; ncaab 29448 games s=1.3 w=1.50 m=-0.1 loss 0.433->0.416
halves study: nfl 2259 games: 1st half gets 51% of the edge (sd 10.29), 2nd 40%; 1st half leader wins 78%, tied 7%; ncaaf 5776 games: 1st half gets 61% of the edge (sd 11.88), 2nd 43%; 1st half leader wins 82%, tied 6%; nba 10227 games: 1st half gets 60% of the edge (sd 10.85), 2nd 43%; 1st half leader wins 74%, tied 3%; ncaab 29448 games: 1st half gets 62% of the edge (sd 9.11), 2nd 51%; 1st half leader wins 77%, tied 4%; mlb 20061 games: first 5 innings gets 67% of the edge (sd 3.34), 2nd 23%; first 5 innings leader wins 83%, tied 15%; nhl 10060 games: 1st period gets 28% of the edge (sd 1.3), 2nd 76%; 1st period leader wins 74%, tied 34%
lines study: nhl 20120 team-games, loss 0.607->0.584; mlb 40124 team-games, loss 0.654->0.637
spread/moneyline study: {'nfl': (0.5372, True), 'ncaaf': (0.4767, False), 'nba': (0.4527, False), 'ncaab': (0.482, False)}
hockey study: ['backup', 'b2b', 'rest', 'travel'] 0.66538 vs line 0.66581
all: following hit 68.9% vs 68.0% the price said over 229238 (edge +0.8% older, +1.0% newer, z 10.19) -> watch only
streak: following hit 63.9% vs 63.3% the price said over 69526 (edge +0.6% older, +0.6% newer, z 3.57) -> watch only
rate: following hit 71.0% vs 70.0% the price said over 159712 (edge +0.9% older, +1.2% newer, z 9.94) -> watch only
streak|total: following hit 50.2% vs 50.0% the price said over 12423 (edge +0.1% older, +0.2% newer, z 0.4) -> watch only
streak|fav_ml: following hit 72.5% vs 71.5% the price said over 36307 (edge +0.9% older, +1.1% newer, z 4.44) -> watch only
streak|fav_cover: following hit 49.4% vs 50.0% the price said over 7717 (edge -1.5% older, +0.2% newer, z -1.13) -> watch only
streak|home: following hit 61.5% vs 60.8% the price said over 13079 (edge +0.9% older, +0.4% newer, z 1.81) -> watch only
rate|total: following hit 51.2% vs 50.0% the price said over 3884 (edge +1.2% older, +1.1% newer, z 1.44) -> watch only
rate|fav_ml: following hit 73.8% vs 72.8% the price said over 112254 (edge +0.9% older, +1.2% newer, z 8.25) -> watch only
rate|fav_cover: following hit 49.1% vs 50.0% the price said over 1791 (edge -0.1% older, -1.8% newer, z -0.78) -> watch only
rate|home: following hit 66.4% vs 65.3% the price said over 41783 (edge +1.1% older, +1.2% newer, z 5.76) -> watch only
nfl|streak: following hit 58.2% vs 59.8% the price said over 1522 (edge -2.5% older, -0.6% newer, z -1.28) -> watch only
nfl|rate: following hit 65.1% vs 65.0% the price said over 4067 (edge -0.2% older, +0.4% newer, z 0.1) -> watch only
ncaaf|streak: following hit 70.6% vs 70.2% the price said over 7178 (edge -0.3% older, +1.1% newer, z 0.82) -> watch only
ncaaf|rate: following hit 72.8% vs 71.9% the price said over 20807 (edge +0.8% older, +1.0% newer, z 3.24) -> watch only
nba|streak: following hit 61.2% vs 61.3% the price said over 9804 (edge -0.2% older, +0.1% newer, z -0.21) -> watch only
nba|rate: following hit 68.5% vs 68.7% the price said over 23773 (edge -0.1% older, -0.3% newer, z -0.76) -> watch only
ncaab|streak: following hit 67.6% vs 66.6% the price said over 35221 (edge +0.9% older, +1.0% newer, z 4.27) -> watch only
ncaab|rate: following hit 72.6% vs 71.1% the price said over 100554 (edge +1.4% older, +1.5% newer, z 10.97) -> watch only
mlb|streak: following hit 53.7% vs 53.6% the price said over 10762 (edge +0.6% older, -0.4% newer, z 0.17) -> watch only
mlb|rate: following hit 60.7% vs 59.5% the price said over 5362 (edge +0.0% older, +2.3% newer, z 1.73) -> watch only
nhl|streak: following hit 56.9% vs 55.5% the price said over 5039 (edge +1.7% older, +1.1% newer, z 2.04) -> watch only
nhl|rate: following hit 61.8% vs 61.1% the price said over 5149 (edge +0.3% older, +1.1% newer, z 1.06) -> watch only
proven: ncaab|rate|fav_cover, ncaaf|rate|total
ACTIVE mlb sunday: home team wins 216-185 (prices said 213.5) (6 straight) -> coin flip · next: Padres @ Brewers, Braves @ Dodgers
ACTIVE mlb monday: home team wins 139-123 (prices said 137.6) (5 straight) -> coin flip · next: White Sox @ Guardians, Yankees @ Rays
ACTIVE ncaaf thursday night: favorites win 8-2 (prices said 8.2) (5 straight) -> coin flip · next: Sam Houston @ Liberty, Missouri St @ Western KY, South Florida @ UTSA
ACTIVE ncaaf saturday: favorites win 162-30 (prices said 152.9) -> coin flip · next: Memphis @ Charlotte, Alabama @ Mississippi St, MTSU @ Kansas
ACTIVE ncaaf big favorite: favorites win 146-13 (prices said 139.2) -> coin flip · next: Liberty @ Delaware, Montana St @ Idaho, Memphis @ Charlotte
ACTIVE ncaaf away favorite: favorites win 43-11 (prices said 37.8) -> coin flip · next: Liberty @ Delaware, Penn State @ Northwestern, Montana St @ Idaho
ACTIVE ncaaf home favorite: favorites win 144-22 (prices said 137.6) -> coin flip · next: Pitt @ Virginia Tech, MTSU @ Kansas, UCF @ Houston
ACTIVE ncaaf friday: favorites win 13-1 (prices said 11.2) -> coin flip · next: Pitt @ Virginia Tech, Liberty @ Delaware, Penn State @ Northwestern
totals study: {'nfl': (0.558, True), 'ncaaf': (0.4902, False), 'nba': (0.504, False), 'ncaab': (0.5271, True), 'mlb': (0.486, False), 'nhl': (0.4836, False)}
public splits: 78 upcoming games
self-check: 53 graded picks - we said 55%, they hit 62% (hitting at or above what we said)
  drama:none: 50 graded, said 54%, hit 66% - hitting at or above what we said
  market:ml: 48 graded, said 55%, hit 67% - hitting at or above what we said
  source:pregame: 40 graded, said 54%, hit 68% - hitting at or above what we said
  label:parlay leg: 34 graded, said 54%, hit 68% - only 34 graded - report only
  price:-149..-101: 32 graded, said 56%, hit 72% - only 32 graded - report only
  price:+101..+179: 20 graded, said 52%, hit 45% - only 20 graded - report only
  league:mlb: 19 graded, said 54%, hit 90% - only 19 graded - report only
  ctx:game:div: 16 graded, said 56%, hit 56% - only 16 graded - report only (report only: forward-only tag)
  ctx:game:rival: 15 graded, said 56%, hit 53% - only 15 graded - report only (report only: forward-only tag)
  label:live: 13 graded, said 57%, hit 46% - only 13 graded - report only
  league:nfl: 13 graded, said 59%, hit 77% - only 13 graded - report only
  source:live: 13 graded, said 57%, hit 46% - only 13 graded - report only
  league:nhl: 10 graded, said 53%, hit 20% - only 10 graded - report only
  league:tennis: 10 graded, said 52%, hit 40% - only 10 graded - report only
  ctx:game:conf: 8 graded, said 52%, hit 62% - only 8 graded - report only (report only: forward-only tag)
  ctx:them:trip1000: 6 graded, said 56%, hit 100% - only 6 graded - report only (report only: forward-only tag)
  market:spread: 5 graded, said 54%, hit 20% - only 5 graded - report only
  ctx:them:east1000: 4 graded, said 56%, hit 100% - only 4 graded - report only (report only: forward-only tag)
  ctx:them:week3000: 4 graded, said 56%, hit 100% - only 4 graded - report only (report only: forward-only tag)
  drama:theirs: 3 graded, said 56%, hit 0% - only 3 graded - report only
  label:lock: 3 graded, said 58%, hit 100% - only 3 graded - report only
  ctx:them:trip2000: 2 graded, said 55%, hit 100% - only 2 graded - report only (report only: forward-only tag)
  ctx:them:west1000: 2 graded, said 55%, hit 100% - only 2 graded - report only (report only: forward-only tag)
  ctx:us:trip1000: 2 graded, said 51%, hit 0% - only 2 graded - report only (report only: forward-only tag)
  ctx:us:west1000: 2 graded, said 51%, hit 0% - only 2 graded - report only (report only: forward-only tag)
  label:dog: 2 graded, said 41%, hit 0% - only 2 graded - report only
  label:value: 1 graded, said 52%, hit 100% - only 1 graded - report only
  league:ncaaf: 1 graded, said 49%, hit 0% - only 1 graded - report only
  price:pick'em: 1 graded, said 58%, hit 100% - only 1 graded - report only
  (13 graded live bets were logged without a said chance - left out)
extra edge now needed: none
tennis sync: 72661 matches stored, 18 calls, 0 failed
tennis study ATP: 25903 rated matches, acc 0.6345 (surface ratings alone 0.6365), loss 0.633 vs 0.6334, own weights [-0.005, 0.829, 0.074, 0.141, 0.425, 0.052, 0.049]
tennis study ATP life factors vs current loss 0.633: experience 0.6341 (-1.04 mnats, z -0.99), age 0.6292 (+3.84 mnats, z 2.79), young_vs_aging 0.6323 (+0.73 mnats, z 1.77), last_match 0.6303 (+2.74 mnats, z 1.9), streaks 0.6335 (-0.46 mnats, z -0.46), first_set 0.632 (+1.05 mnats, z 1.67), injury 0.6337 (-0.70 mnats, z -1.0), travel 0.6331 (-0.09 mnats, z -1.19) -> KEPT age · 2000/2000 graded matches have both ages
tennis study WTA: 30225 rated matches, acc 0.649 (surface ratings alone 0.6485), loss 0.6227 vs 0.6213, own weights [0.005, 0.906, -0.001, -0.102, 0.31, 0.03, -0.192]
tennis study WTA life factors vs current loss 0.6227: experience 0.6179 (+4.74 mnats, z 2.83), age 0.6224 (+0.29 mnats, z 0.36), young_vs_aging 0.6226 (+0.05 mnats, z 0.31), last_match 0.6222 (+0.50 mnats, z 0.52), streaks 0.623 (-0.37 mnats, z -0.74), first_set 0.6216 (+1.08 mnats, z 2.54), injury 0.6218 (+0.86 mnats, z 1.5), travel 0.6228 (-0.09 mnats, z -0.57) -> KEPT experience+first_set · 2000/2000 graded matches have both ages
tennis odds: 0 singles matches priced (bovada)
tennis first-set lines: 0 first-set winner markets seen (0 matches with any set market)
sync: 130601 games stored, 52 calls, 0 failed, 9s
odds history: 0 games got odds, 55 calls, 0 failed, 6s
player stats: 4 box scores added, 4 to fetch, 0 failed, 1s
weather: 270 games got weather, 0 new stadiums located, 252s
4th-down rates: 32 NFL teams
news: 3 new drama tags
tuned in 116s: mlb trust 26% acc 58.7%, nba trust 19% acc 69.8%, ncaab trust 5% acc 67.4%, ncaaf trust 12% acc 74.4%, nfl trust 12% acc 66.2%, nhl trust 17% acc 54.3%
cover study: nba big favorites covered 50% of 3600 (adjust +0.03); ncaab big favorites covered 49% of 12334 (adjust -0.03); ncaaf big favorites covered 51% of 3371 (adjust +0.01); nfl big favorites covered 48% of 508 (adjust +0.04)
comeback study: nfl 2251 games s=1.3 w=1.50 m=+0.0 loss 0.476->0.468; ncaaf 5776 games s=1.2 w=1.25 m=+0.0 loss 0.362->0.360; nba 10227 games s=1.7 w=1.75 m=+0.0 loss 0.508->0.473; mlb 19827 games s=1.0 w=1.00 m=+0.1 loss 0.457->0.457; nhl 10063 games s=1.2 w=1.50 m=+0.0 loss 0.509->0.507; ncaab 29448 games s=1.3 w=1.50 m=-0.1 loss 0.433->0.416
halves study: nfl 2259 games: 1st half gets 51% of the edge (sd 10.29), 2nd 40%; 1st half leader wins 78%, tied 7%; ncaaf 5777 games: 1st half gets 61% of the edge (sd 11.88), 2nd 43%; 1st half leader wins 82%, tied 6%; nba 10227 games: 1st half gets 60% of the edge (sd 10.85), 2nd 43%; 1st half leader wins 74%, tied 3%; ncaab 29448 games: 1st half gets 62% of the edge (sd 9.11), 2nd 51%; 1st half leader wins 77%, tied 4%; mlb 20061 games: first 5 innings gets 67% of the edge (sd 3.34), 2nd 23%; first 5 innings leader wins 83%, tied 15%; nhl 10063 games: 1st period gets 28% of the edge (sd 1.3), 2nd 76%; 1st period leader wins 74%, tied 34%
lines study: nhl 20126 team-games, loss 0.607->0.584; mlb 40124 team-games, loss 0.654->0.637
spread/moneyline study: {'nfl': (0.5372, True), 'ncaaf': (0.4767, False), 'nba': (0.4527, False), 'ncaab': (0.482, False)}
hockey study: ['backup', 'b2b', 'rest', 'travel'] 0.6654 vs line 0.66582
all: following hit 68.9% vs 68.0% the price said over 229241 (edge +0.8% older, +1.0% newer, z 10.2) -> watch only
streak: following hit 63.9% vs 63.3% the price said over 69526 (edge +0.6% older, +0.6% newer, z 3.57) -> watch only
rate: following hit 71.0% vs 70.0% the price said over 159715 (edge +0.9% older, +1.2% newer, z 9.95) -> watch only
streak|total: following hit 50.2% vs 50.0% the price said over 12423 (edge +0.1% older, +0.2% newer, z 0.4) -> watch only
streak|fav_ml: following hit 72.5% vs 71.5% the price said over 36307 (edge +0.9% older, +1.1% newer, z 4.44) -> watch only
streak|fav_cover: following hit 49.4% vs 50.0% the price said over 7717 (edge -1.5% older, +0.2% newer, z -1.13) -> watch only
streak|home: following hit 61.5% vs 60.8% the price said over 13079 (edge +0.9% older, +0.4% newer, z 1.81) -> watch only
rate|total: following hit 51.2% vs 50.0% the price said over 3884 (edge +1.2% older, +1.1% newer, z 1.44) -> watch only
rate|fav_ml: following hit 73.8% vs 72.8% the price said over 112256 (edge +0.9% older, +1.2% newer, z 8.25) -> watch only
rate|fav_cover: following hit 49.1% vs 50.0% the price said over 1791 (edge -0.1% older, -1.8% newer, z -0.78) -> watch only
rate|home: following hit 66.4% vs 65.3% the price said over 41784 (edge +1.1% older, +1.2% newer, z 5.76) -> watch only
nfl|streak: following hit 58.2% vs 59.8% the price said over 1522 (edge -2.5% older, -0.6% newer, z -1.28) -> watch only
nfl|rate: following hit 65.1% vs 65.0% the price said over 4067 (edge -0.2% older, +0.4% newer, z 0.1) -> watch only
ncaaf|streak: following hit 70.6% vs 70.2% the price said over 7178 (edge -0.3% older, +1.1% newer, z 0.82) -> watch only
ncaaf|rate: following hit 72.8% vs 71.9% the price said over 20810 (edge +0.8% older, +1.0% newer, z 3.24) -> watch only
nba|streak: following hit 61.2% vs 61.3% the price said over 9804 (edge -0.2% older, +0.1% newer, z -0.21) -> watch only
nba|rate: following hit 68.5% vs 68.7% the price said over 23773 (edge -0.1% older, -0.3% newer, z -0.76) -> watch only
ncaab|streak: following hit 67.6% vs 66.6% the price said over 35221 (edge +0.9% older, +1.0% newer, z 4.27) -> watch only
ncaab|rate: following hit 72.6% vs 71.1% the price said over 100554 (edge +1.4% older, +1.5% newer, z 10.97) -> watch only
mlb|streak: following hit 53.7% vs 53.6% the price said over 10762 (edge +0.6% older, -0.4% newer, z 0.17) -> watch only
mlb|rate: following hit 60.7% vs 59.5% the price said over 5362 (edge +0.0% older, +2.3% newer, z 1.73) -> watch only
nhl|streak: following hit 56.9% vs 55.5% the price said over 5039 (edge +1.7% older, +1.1% newer, z 2.04) -> watch only
nhl|rate: following hit 61.8% vs 61.1% the price said over 5149 (edge +0.3% older, +1.1% newer, z 1.06) -> watch only
proven: ncaab|rate|fav_cover, ncaaf|rate|total
ACTIVE mlb sunday: home team wins 216-185 (prices said 213.5) (6 straight) -> coin flip · next: Padres @ Brewers, Braves @ Dodgers
ACTIVE ncaaf thursday night: favorites win 9-2 (prices said 8.8) (6 straight) -> coin flip · next: Sam Houston @ Liberty, Missouri St @ Western KY, South Florida @ UTSA
ACTIVE mlb monday: home team wins 139-123 (prices said 137.6) (5 straight) -> coin flip · next: White Sox @ Guardians, Yankees @ Rays
ACTIVE ncaaf saturday: favorites win 162-30 (prices said 152.9) -> coin flip · next: Memphis @ Charlotte, Alabama @ Mississippi St, MTSU @ Kansas
ACTIVE ncaaf away favorite: favorites win 44-11 (prices said 38.4) -> coin flip · next: Liberty @ Delaware, Penn State @ Northwestern, Montana St @ Idaho
ACTIVE ncaaf big favorite: favorites win 146-13 (prices said 139.2) -> coin flip · next: Liberty @ Delaware, Montana St @ Idaho, Memphis @ Charlotte
ACTIVE ncaaf home favorite: favorites win 144-22 (prices said 137.6) -> coin flip · next: Pitt @ Virginia Tech, MTSU @ Kansas, UCF @ Houston
ACTIVE ncaaf friday: favorites win 13-1 (prices said 11.2) -> coin flip · next: Pitt @ Virginia Tech, Liberty @ Delaware, Penn State @ Northwestern
totals study: {'nfl': (0.558, True), 'ncaaf': (0.4902, False), 'nba': (0.504, False), 'ncaab': (0.5271, True), 'mlb': (0.486, False), 'nhl': (0.4836, False)}
public splits: 78 upcoming games
self-check: 55 graded picks - we said 54%, they hit 62% (hitting at or above what we said)
  drama:none: 52 graded, said 54%, hit 65% - hitting at or above what we said
  market:ml: 50 graded, said 54%, hit 66% - hitting at or above what we said
  source:pregame: 42 graded, said 53%, hit 67% - hitting at or above what we said
  label:parlay leg: 34 graded, said 54%, hit 68% - only 34 graded - report only
  price:-149..-101: 33 graded, said 56%, hit 73% - only 33 graded - report only
  price:+101..+179: 20 graded, said 52%, hit 45% - only 20 graded - report only
  league:mlb: 19 graded, said 54%, hit 90% - only 19 graded - report only
  ctx:game:div: 17 graded, said 55%, hit 53% - only 17 graded - report only (report only: forward-only tag)
  ctx:game:rival: 15 graded, said 56%, hit 53% - only 15 graded - report only (report only: forward-only tag)
  label:live: 13 graded, said 57%, hit 46% - only 13 graded - report only
  league:nfl: 13 graded, said 59%, hit 77% - only 13 graded - report only
  source:live: 13 graded, said 57%, hit 46% - only 13 graded - report only
  league:nhl: 11 graded, said 51%, hit 18% - only 11 graded - report only
  league:tennis: 10 graded, said 52%, hit 40% - only 10 graded - report only
  ctx:game:conf: 9 graded, said 52%, hit 67% - only 9 graded - report only (report only: forward-only tag)
  ctx:them:trip1000: 6 graded, said 56%, hit 100% - only 6 graded - report only (report only: forward-only tag)
  market:spread: 5 graded, said 54%, hit 20% - only 5 graded - report only
  ctx:them:east1000: 4 graded, said 56%, hit 100% - only 4 graded - report only (report only: forward-only tag)
  ctx:them:week3000: 4 graded, said 56%, hit 100% - only 4 graded - report only (report only: forward-only tag)
  label:lock: 4 graded, said 57%, hit 100% - only 4 graded - report only
  drama:theirs: 3 graded, said 56%, hit 0% - only 3 graded - report only
  label:dog: 3 graded, said 39%, hit 0% - only 3 graded - report only
  ctx:them:trip2000: 2 graded, said 55%, hit 100% - only 2 graded - report only (report only: forward-only tag)
  ctx:them:west1000: 2 graded, said 55%, hit 100% - only 2 graded - report only (report only: forward-only tag)
  ctx:us:trip1000: 2 graded, said 51%, hit 0% - only 2 graded - report only (report only: forward-only tag)
  ctx:us:west1000: 2 graded, said 51%, hit 0% - only 2 graded - report only (report only: forward-only tag)
  league:ncaaf: 2 graded, said 50%, hit 50% - only 2 graded - report only
  label:value: 1 graded, said 52%, hit 100% - only 1 graded - report only
  price:+180+: 1 graded, said 35%, hit 0% - only 1 graded - report only
  price:pick'em: 1 graded, said 58%, hit 100% - only 1 graded - report only
  (13 graded live bets were logged without a said chance - left out)
extra edge now needed: none
tennis sync: 72661 matches stored, 18 calls, 0 failed
tennis study ATP: 25903 rated matches, acc 0.6345 (surface ratings alone 0.6365), loss 0.633 vs 0.6334, own weights [-0.005, 0.829, 0.074, 0.141, 0.425, 0.052, 0.049]
tennis study ATP life factors vs current loss 0.633: experience 0.6341 (-1.04 mnats, z -0.99), age 0.6292 (+3.84 mnats, z 2.79), young_vs_aging 0.6323 (+0.73 mnats, z 1.77), last_match 0.6303 (+2.74 mnats, z 1.9), streaks 0.6335 (-0.46 mnats, z -0.46), first_set 0.632 (+1.05 mnats, z 1.67), injury 0.6337 (-0.70 mnats, z -1.0), travel 0.6331 (-0.09 mnats, z -1.19) -> KEPT age · 2000/2000 graded matches have both ages
tennis study WTA: 30230 rated matches, acc 0.648 (surface ratings alone 0.648), loss 0.6218 vs 0.6203, own weights [0.005, 0.905, -0.0, -0.102, 0.31, 0.029, -0.191]
tennis study WTA life factors vs current loss 0.6218: experience 0.6171 (+4.72 mnats, z 2.81), age 0.6215 (+0.32 mnats, z 0.38), young_vs_aging 0.6217 (+0.08 mnats, z 0.45), last_match 0.6212 (+0.60 mnats, z 0.61), streaks 0.6222 (-0.38 mnats, z -0.77), first_set 0.6208 (+1.00 mnats, z 2.35), injury 0.6209 (+0.88 mnats, z 1.54), travel 0.6219 (-0.09 mnats, z -0.57) -> KEPT experience+first_set · 2000/2000 graded matches have both ages
tennis odds: 0 singles matches priced (bovada)
tennis first-set lines: 0 first-set winner markets seen (0 matches with any set market)
sync: 130601 games stored, 52 calls, 0 failed, 8s
odds history: 0 games got odds, 55 calls, 0 failed, 6s
player stats: 0 box scores added, 0 to fetch, 0 failed, 1s
weather: 233 games got weather, 0 new stadiums located, 71s
4th-down rates: 32 NFL teams
news: 3 new drama tags
public splits: 78 upcoming games
tennis sync: 72661 matches stored, 18 calls, 0 failed
tennis study ATP: 25904 rated matches, acc 0.6345 (surface ratings alone 0.6365), loss 0.6331 vs 0.6334, own weights [-0.005, 0.829, 0.074, 0.141, 0.425, 0.052, 0.049]
tennis study ATP life factors vs current loss 0.6331: experience 0.6341 (-1.07 mnats, z -1.02), age 0.6292 (+3.83 mnats, z 2.78), young_vs_aging 0.6323 (+0.73 mnats, z 1.78), last_match 0.6303 (+2.71 mnats, z 1.88), streaks 0.6335 (-0.48 mnats, z -0.47), first_set 0.632 (+1.09 mnats, z 1.74), injury 0.6337 (-0.69 mnats, z -0.99), travel 0.6331 (-0.09 mnats, z -1.19) -> KEPT age · 2000/2000 graded matches have both ages
tennis study WTA: 30231 rated matches, acc 0.648 (surface ratings alone 0.648), loss 0.6217 vs 0.6202, own weights [0.005, 0.905, -0.0, -0.102, 0.31, 0.029, -0.191]
tennis study WTA life factors vs current loss 0.6217: experience 0.617 (+4.72 mnats, z 2.81), age 0.6214 (+0.31 mnats, z 0.37), young_vs_aging 0.6216 (+0.08 mnats, z 0.49), last_match 0.6211 (+0.58 mnats, z 0.6), streaks 0.6221 (-0.39 mnats, z -0.77), first_set 0.6207 (+1.01 mnats, z 2.35), injury 0.6208 (+0.89 mnats, z 1.55), travel 0.6218 (-0.09 mnats, z -0.57) -> KEPT experience+first_set · 2000/2000 graded matches have both ages
tennis odds: 0 singles matches priced (bovada)
tennis first-set lines: 0 first-set winner markets seen (0 matches with any set market)
sync: 130601 games stored, 52 calls, 0 failed, 10s
odds history: 0 games got odds, 55 calls, 0 failed, 4s
player stats: 0 box scores added, 0 to fetch, 0 failed, 1s
weather: 80 games got weather, 0 new stadiums located, 245s
4th-down rates: 32 NFL teams
news: 3 new drama tags
public splits: 78 upcoming games
tennis sync: 72661 matches stored, 18 calls, 0 failed
tennis study ATP: 25904 rated matches, acc 0.6345 (surface ratings alone 0.6365), loss 0.6331 vs 0.6334, own weights [-0.005, 0.829, 0.074, 0.141, 0.425, 0.052, 0.049]
tennis study ATP life factors vs current loss 0.6331: experience 0.6341 (-1.07 mnats, z -1.02), age 0.6292 (+3.83 mnats, z 2.78), young_vs_aging 0.6323 (+0.73 mnats, z 1.78), last_match 0.6303 (+2.71 mnats, z 1.88), streaks 0.6335 (-0.48 mnats, z -0.47), first_set 0.632 (+1.09 mnats, z 1.74), injury 0.6337 (-0.69 mnats, z -0.99), travel 0.6331 (-0.09 mnats, z -1.19) -> KEPT age · 2000/2000 graded matches have both ages
tennis study WTA: 30232 rated matches, acc 0.6475 (surface ratings alone 0.6475), loss 0.622 vs 0.6205, own weights [0.005, 0.905, -0.0, -0.101, 0.31, 0.029, -0.191]
tennis study WTA life factors vs current loss 0.622: experience 0.6174 (+4.55 mnats, z 2.7), age 0.6216 (+0.35 mnats, z 0.42), young_vs_aging 0.6219 (+0.08 mnats, z 0.49), last_match 0.6214 (+0.59 mnats, z 0.61), streaks 0.6224 (-0.39 mnats, z -0.78), first_set 0.621 (+1.00 mnats, z 2.34), injury 0.6211 (+0.88 mnats, z 1.53), travel 0.6221 (-0.09 mnats, z -0.57) -> KEPT experience+first_set · 2000/2000 graded matches have both ages
tennis odds: 0 singles matches priced (bovada)
tennis first-set lines: 0 first-set winner markets seen (0 matches with any set market)
sync: 130601 games stored, 52 calls, 0 failed, 18s
odds history: 0 games got odds, 55 calls, 0 failed, 8s
player stats: 0 box scores added, 0 to fetch, 0 failed, 1s
weather: 104 games got weather, 0 new stadiums located, 240s
4th-down rates: 32 NFL teams
news: 3 new drama tags
public splits: 78 upcoming games
tennis sync: 72661 matches stored, 18 calls, 0 failed
tennis study ATP: 25904 rated matches, acc 0.6345 (surface ratings alone 0.6365), loss 0.6331 vs 0.6334, own weights [-0.005, 0.829, 0.074, 0.141, 0.425, 0.052, 0.049]
tennis study ATP life factors vs current loss 0.6331: experience 0.6341 (-1.07 mnats, z -1.02), age 0.6292 (+3.83 mnats, z 2.78), young_vs_aging 0.6323 (+0.73 mnats, z 1.78), last_match 0.6303 (+2.71 mnats, z 1.88), streaks 0.6335 (-0.48 mnats, z -0.47), first_set 0.632 (+1.09 mnats, z 1.74), injury 0.6337 (-0.69 mnats, z -0.99), travel 0.6331 (-0.09 mnats, z -1.19) -> KEPT age · 2000/2000 graded matches have both ages
tennis study WTA: 30232 rated matches, acc 0.6475 (surface ratings alone 0.6475), loss 0.622 vs 0.6205, own weights [0.005, 0.905, -0.0, -0.101, 0.31, 0.029, -0.191]
tennis study WTA life factors vs current loss 0.622: experience 0.6174 (+4.55 mnats, z 2.7), age 0.6216 (+0.35 mnats, z 0.42), young_vs_aging 0.6219 (+0.08 mnats, z 0.49), last_match 0.6214 (+0.59 mnats, z 0.61), streaks 0.6224 (-0.39 mnats, z -0.78), first_set 0.621 (+1.00 mnats, z 2.34), injury 0.6211 (+0.88 mnats, z 1.53), travel 0.6221 (-0.09 mnats, z -0.57) -> KEPT experience+first_set · 2000/2000 graded matches have both ages
tennis odds: 0 singles matches priced (bovada)
tennis first-set lines: 0 first-set winner markets seen (0 matches with any set market)
sync: 130601 games stored, 52 calls, 0 failed, 8s
odds history: 0 games got odds, 55 calls, 0 failed, 6s
player stats: 0 box scores added, 0 to fetch, 0 failed, 1s
weather: 150 games got weather, 0 new stadiums located, 240s
4th-down rates: 32 NFL teams
news: 3 new drama tags
public splits: 78 upcoming games
tennis sync: 72661 matches stored, 18 calls, 0 failed
tennis study ATP: 25905 rated matches, acc 0.6345 (surface ratings alone 0.6365), loss 0.6331 vs 0.6333, own weights [-0.005, 0.829, 0.074, 0.141, 0.425, 0.052, 0.049]
tennis study ATP life factors vs current loss 0.6331: experience 0.6342 (-1.08 mnats, z -1.02), age 0.6292 (+3.83 mnats, z 2.79), young_vs_aging 0.6323 (+0.73 mnats, z 1.78), last_match 0.6304 (+2.68 mnats, z 1.85), streaks 0.6336 (-0.50 mnats, z -0.49), first_set 0.632 (+1.08 mnats, z 1.73), injury 0.6338 (-0.70 mnats, z -1.0), travel 0.6332 (-0.09 mnats, z -1.19) -> KEPT age · 2000/2000 graded matches have both ages
tennis study WTA: 30232 rated matches, acc 0.6475 (surface ratings alone 0.6475), loss 0.622 vs 0.6205, own weights [0.005, 0.905, -0.0, -0.101, 0.31, 0.029, -0.191]
tennis study WTA life factors vs current loss 0.622: experience 0.6174 (+4.55 mnats, z 2.7), age 0.6216 (+0.35 mnats, z 0.42), young_vs_aging 0.6219 (+0.08 mnats, z 0.49), last_match 0.6214 (+0.59 mnats, z 0.61), streaks 0.6224 (-0.39 mnats, z -0.78), first_set 0.621 (+1.00 mnats, z 2.34), injury 0.6211 (+0.88 mnats, z 1.53), travel 0.6221 (-0.09 mnats, z -0.57) -> KEPT experience+first_set · 2000/2000 graded matches have both ages
tennis odds: 0 singles matches priced (bovada)
tennis first-set lines: 0 first-set winner markets seen (0 matches with any set market)
sync: 130601 games stored, 52 calls, 0 failed, 9s
odds history: 0 games got odds, 55 calls, 0 failed, 4s
player stats: 0 box scores added, 0 to fetch, 0 failed, 1s
weather: 179 games got weather, 0 new stadiums located, 250s
4th-down rates: 32 NFL teams
news: 3 new drama tags
public splits: 78 upcoming games
tennis sync: 72661 matches stored, 18 calls, 0 failed
tennis study ATP: 25905 rated matches, acc 0.6345 (surface ratings alone 0.6365), loss 0.6331 vs 0.6333, own weights [-0.005, 0.829, 0.074, 0.141, 0.425, 0.052, 0.049]
tennis study ATP life factors vs current loss 0.6331: experience 0.6342 (-1.08 mnats, z -1.02), age 0.6292 (+3.83 mnats, z 2.79), young_vs_aging 0.6323 (+0.73 mnats, z 1.78), last_match 0.6304 (+2.68 mnats, z 1.85), streaks 0.6336 (-0.50 mnats, z -0.49), first_set 0.632 (+1.08 mnats, z 1.73), injury 0.6338 (-0.70 mnats, z -1.0), travel 0.6332 (-0.09 mnats, z -1.19) -> KEPT age · 2000/2000 graded matches have both ages
tennis study WTA: 30232 rated matches, acc 0.6475 (surface ratings alone 0.6475), loss 0.622 vs 0.6205, own weights [0.005, 0.905, -0.0, -0.101, 0.31, 0.029, -0.191]
tennis study WTA life factors vs current loss 0.622: experience 0.6174 (+4.55 mnats, z 2.7), age 0.6216 (+0.35 mnats, z 0.42), young_vs_aging 0.6219 (+0.08 mnats, z 0.49), last_match 0.6214 (+0.59 mnats, z 0.61), streaks 0.6224 (-0.39 mnats, z -0.78), first_set 0.621 (+1.00 mnats, z 2.34), injury 0.6211 (+0.88 mnats, z 1.53), travel 0.6221 (-0.09 mnats, z -0.57) -> KEPT experience+first_set · 2000/2000 graded matches have both ages
tennis odds: 0 singles matches priced (bovada)
tennis first-set lines: 0 first-set winner markets seen (0 matches with any set market)
sync: 130601 games stored, 52 calls, 0 failed, 9s
odds history: 0 games got odds, 55 calls, 0 failed, 6s
player stats: 0 box scores added, 0 to fetch, 0 failed, 1s
weather: 120 games got weather, 0 new stadiums located, 249s
4th-down rates: 32 NFL teams
news: 3 new drama tags
public splits: 78 upcoming games
tennis sync: 72661 matches stored, 18 calls, 0 failed
tennis study ATP: 25905 rated matches, acc 0.6345 (surface ratings alone 0.6365), loss 0.6331 vs 0.6333, own weights [-0.005, 0.829, 0.074, 0.141, 0.425, 0.052, 0.049]
tennis study ATP life factors vs current loss 0.6331: experience 0.6342 (-1.08 mnats, z -1.02), age 0.6292 (+3.83 mnats, z 2.79), young_vs_aging 0.6323 (+0.73 mnats, z 1.78), last_match 0.6304 (+2.68 mnats, z 1.85), streaks 0.6336 (-0.50 mnats, z -0.49), first_set 0.632 (+1.08 mnats, z 1.73), injury 0.6338 (-0.70 mnats, z -1.0), travel 0.6332 (-0.09 mnats, z -1.19) -> KEPT age · 2000/2000 graded matches have both ages
tennis study WTA: 30233 rated matches, acc 0.648 (surface ratings alone 0.648), loss 0.6217 vs 0.6202, own weights [0.005, 0.905, -0.0, -0.102, 0.31, 0.029, -0.191]
tennis study WTA life factors vs current loss 0.6217: experience 0.6171 (+4.61 mnats, z 2.74), age 0.6214 (+0.34 mnats, z 0.4), young_vs_aging 0.6216 (+0.08 mnats, z 0.49), last_match 0.6211 (+0.58 mnats, z 0.59), streaks 0.6221 (-0.39 mnats, z -0.78), first_set 0.6207 (+1.00 mnats, z 2.33), injury 0.6209 (+0.86 mnats, z 1.51), travel 0.6218 (-0.09 mnats, z -0.57) -> KEPT experience+first_set · 2000/2000 graded matches have both ages
tennis odds: 0 singles matches priced (bovada)
tennis first-set lines: 0 first-set winner markets seen (0 matches with any set market)
sync: 130601 games stored, 52 calls, 0 failed, 14s
odds history: 0 games got odds, 55 calls, 0 failed, 9s
player stats: 0 box scores added, 0 to fetch, 0 failed, 1s
weather: 108 games got weather, 0 new stadiums located, 240s
4th-down rates: 32 NFL teams
news: 3 new drama tags
public splits: 78 upcoming games
tennis sync: 72661 matches stored, 18 calls, 0 failed
tennis study ATP: 25905 rated matches, acc 0.6345 (surface ratings alone 0.6365), loss 0.6331 vs 0.6333, own weights [-0.005, 0.829, 0.074, 0.141, 0.425, 0.052, 0.049]
tennis study ATP life factors vs current loss 0.6331: experience 0.6342 (-1.08 mnats, z -1.02), age 0.6292 (+3.83 mnats, z 2.79), young_vs_aging 0.6323 (+0.73 mnats, z 1.78), last_match 0.6304 (+2.68 mnats, z 1.85), streaks 0.6336 (-0.50 mnats, z -0.49), first_set 0.632 (+1.08 mnats, z 1.73), injury 0.6338 (-0.70 mnats, z -1.0), travel 0.6332 (-0.09 mnats, z -1.19) -> KEPT age · 2000/2000 graded matches have both ages
tennis study WTA: 30236 rated matches, acc 0.648 (surface ratings alone 0.648), loss 0.6219 vs 0.6204, own weights [0.005, 0.906, -0.0, -0.102, 0.31, 0.029, -0.191]
tennis study WTA life factors vs current loss 0.6219: experience 0.6173 (+4.54 mnats, z 2.7), age 0.6215 (+0.33 mnats, z 0.4), young_vs_aging 0.6218 (+0.08 mnats, z 0.49), last_match 0.6213 (+0.59 mnats, z 0.61), streaks 0.6222 (-0.35 mnats, z -0.71), first_set 0.6208 (+1.01 mnats, z 2.37), injury 0.621 (+0.86 mnats, z 1.5), travel 0.6219 (-0.09 mnats, z -0.57) -> KEPT experience+first_set · 2000/2000 graded matches have both ages
tennis odds: 0 singles matches priced (bovada)
tennis first-set lines: 0 first-set winner markets seen (0 matches with any set market)
sync: 130601 games stored, 52 calls, 0 failed, 11s
odds history: 0 games got odds, 55 calls, 0 failed, 4s
player stats: 0 box scores added, 0 to fetch, 0 failed, 1s
weather: 111 games got weather, 0 new stadiums located, 240s
4th-down rates: 32 NFL teams
news: 3 new drama tags
public splits: 78 upcoming games
tennis sync: 72661 matches stored, 18 calls, 0 failed
tennis study ATP: 25905 rated matches, acc 0.6345 (surface ratings alone 0.6365), loss 0.6331 vs 0.6333, own weights [-0.005, 0.829, 0.074, 0.141, 0.425, 0.052, 0.049]
tennis study ATP life factors vs current loss 0.6331: experience 0.6342 (-1.08 mnats, z -1.02), age 0.6292 (+3.83 mnats, z 2.79), young_vs_aging 0.6323 (+0.73 mnats, z 1.78), last_match 0.6304 (+2.68 mnats, z 1.85), streaks 0.6336 (-0.50 mnats, z -0.49), first_set 0.632 (+1.08 mnats, z 1.73), injury 0.6338 (-0.70 mnats, z -1.0), travel 0.6332 (-0.09 mnats, z -1.19) -> KEPT age · 2000/2000 graded matches have both ages
tennis study WTA: 30237 rated matches, acc 0.6475 (surface ratings alone 0.6475), loss 0.622 vs 0.6206, own weights [0.005, 0.906, -0.0, -0.102, 0.31, 0.029, -0.191]
tennis study WTA life factors vs current loss 0.622: experience 0.6175 (+4.48 mnats, z 2.66), age 0.6216 (+0.35 mnats, z 0.42), young_vs_aging 0.6219 (+0.08 mnats, z 0.49), last_match 0.6213 (+0.63 mnats, z 0.65), streaks 0.6223 (-0.35 mnats, z -0.71), first_set 0.621 (+1.02 mnats, z 2.38), injury 0.6211 (+0.86 mnats, z 1.5), travel 0.6221 (-0.09 mnats, z -0.57) -> KEPT experience+first_set · 2000/2000 graded matches have both ages
tennis odds: 0 singles matches priced (bovada)
tennis first-set lines: 0 first-set winner markets seen (0 matches with any set market)
sync: 130601 games stored, 52 calls, 0 failed, 11s
odds history: 8 games got odds, 55 calls, 0 failed, 5s
player stats: 0 box scores added, 0 to fetch, 0 failed, 1s
weather: 88 games got weather, 0 new stadiums located, 241s
4th-down rates: 32 NFL teams
news: 3 new drama tags
public splits: 79 upcoming games
tennis sync: 72661 matches stored, 18 calls, 0 failed
tennis study ATP: 25908 rated matches, acc 0.6355 (surface ratings alone 0.6375), loss 0.6321 vs 0.6323, own weights [-0.005, 0.829, 0.074, 0.14, 0.425, 0.051, 0.049]
tennis study ATP life factors vs current loss 0.6321: experience 0.6331 (-0.98 mnats, z -0.94), age 0.6283 (+3.81 mnats, z 2.78), young_vs_aging 0.6314 (+0.69 mnats, z 1.66), last_match 0.6294 (+2.70 mnats, z 1.87), streaks 0.6326 (-0.46 mnats, z -0.46), first_set 0.631 (+1.07 mnats, z 1.71), injury 0.6327 (-0.65 mnats, z -0.93), travel 0.6322 (-0.09 mnats, z -1.19) -> KEPT age · 2000/2000 graded matches have both ages
tennis study WTA: 30242 rated matches, acc 0.647 (surface ratings alone 0.647), loss 0.6219 vs 0.6205, own weights [0.005, 0.906, -0.001, -0.102, 0.31, 0.029, -0.192]
tennis study WTA life factors vs current loss 0.6219: experience 0.6177 (+4.24 mnats, z 2.51), age 0.6215 (+0.39 mnats, z 0.47), young_vs_aging 0.6219 (+0.08 mnats, z 0.45), last_match 0.6213 (+0.60 mnats, z 0.61), streaks 0.6222 (-0.31 mnats, z -0.61), first_set 0.6209 (+1.02 mnats, z 2.4), injury 0.6211 (+0.83 mnats, z 1.44), travel 0.622 (-0.09 mnats, z -0.57) -> KEPT experience+first_set · 2000/2000 graded matches have both ages
tennis odds: 0 singles matches priced (bovada)
tennis first-set lines: 0 first-set winner markets seen (0 matches with any set market)
sync: 130601 games stored, 52 calls, 0 failed, 9s
odds history: 0 games got odds, 55 calls, 0 failed, 8s
player stats: 0 box scores added, 0 to fetch, 0 failed, 1s
weather: 120 games got weather, 0 new stadiums located, 240s
4th-down rates: 32 NFL teams
news: 3 new drama tags
public splits: 79 upcoming games
tennis sync: 72704 matches stored, 18 calls, 0 failed
tennis study ATP: 25908 rated matches, acc 0.6355 (surface ratings alone 0.6375), loss 0.6321 vs 0.6323, own weights [-0.005, 0.829, 0.074, 0.14, 0.425, 0.051, 0.049]
tennis study ATP life factors vs current loss 0.6321: experience 0.6331 (-0.98 mnats, z -0.94), age 0.6283 (+3.81 mnats, z 2.78), young_vs_aging 0.6314 (+0.69 mnats, z 1.66), last_match 0.6294 (+2.70 mnats, z 1.87), streaks 0.6326 (-0.46 mnats, z -0.46), first_set 0.631 (+1.07 mnats, z 1.71), injury 0.6327 (-0.65 mnats, z -0.93), travel 0.6322 (-0.09 mnats, z -1.19) -> KEPT age · 2000/2000 graded matches have both ages
tennis study WTA: 30243 rated matches, acc 0.647 (surface ratings alone 0.647), loss 0.6216 vs 0.6202, own weights [0.005, 0.906, -0.001, -0.102, 0.31, 0.029, -0.192]
tennis study WTA life factors vs current loss 0.6216: experience 0.6174 (+4.24 mnats, z 2.51), age 0.6213 (+0.38 mnats, z 0.46), young_vs_aging 0.6216 (+0.08 mnats, z 0.45), last_match 0.6211 (+0.56 mnats, z 0.57), streaks 0.622 (-0.31 mnats, z -0.62), first_set 0.6206 (+1.01 mnats, z 2.36), injury 0.6208 (+0.83 mnats, z 1.43), travel 0.6217 (-0.09 mnats, z -0.57) -> KEPT experience+first_set · 2000/2000 graded matches have both ages
tennis odds: 0 singles matches priced (bovada)
tennis first-set lines: 0 first-set winner markets seen (0 matches with any set market)
sync: 130601 games stored, 52 calls, 0 failed, 19s
odds history: 0 games got odds, 55 calls, 0 failed, 6s
player stats: 0 box scores added, 0 to fetch, 0 failed, 1s
weather: 111 games got weather, 0 new stadiums located, 240s
4th-down rates: 32 NFL teams
news: 3 new drama tags
public splits: 79 upcoming games
tennis sync: 72704 matches stored, 18 calls, 0 failed
tennis study ATP: 25908 rated matches, acc 0.6355 (surface ratings alone 0.6375), loss 0.6321 vs 0.6323, own weights [-0.005, 0.829, 0.074, 0.14, 0.425, 0.051, 0.049]
tennis study ATP life factors vs current loss 0.6321: experience 0.6331 (-0.98 mnats, z -0.94), age 0.6283 (+3.81 mnats, z 2.78), young_vs_aging 0.6314 (+0.69 mnats, z 1.66), last_match 0.6294 (+2.70 mnats, z 1.87), streaks 0.6326 (-0.46 mnats, z -0.46), first_set 0.631 (+1.07 mnats, z 1.71), injury 0.6327 (-0.65 mnats, z -0.93), travel 0.6322 (-0.09 mnats, z -1.19) -> KEPT age · 2000/2000 graded matches have both ages
tennis study WTA: 30243 rated matches, acc 0.647 (surface ratings alone 0.647), loss 0.6216 vs 0.6202, own weights [0.005, 0.906, -0.001, -0.102, 0.31, 0.029, -0.192]
tennis study WTA life factors vs current loss 0.6216: experience 0.6174 (+4.24 mnats, z 2.51), age 0.6213 (+0.38 mnats, z 0.46), young_vs_aging 0.6216 (+0.08 mnats, z 0.45), last_match 0.6211 (+0.56 mnats, z 0.57), streaks 0.622 (-0.31 mnats, z -0.62), first_set 0.6206 (+1.01 mnats, z 2.36), injury 0.6208 (+0.83 mnats, z 1.43), travel 0.6217 (-0.09 mnats, z -0.57) -> KEPT experience+first_set · 2000/2000 graded matches have both ages
tennis odds: 0 singles matches priced (bovada)
tennis first-set lines: 0 first-set winner markets seen (0 matches with any set market)
sync: 130601 games stored, 52 calls, 0 failed, 10s
odds history: 0 games got odds, 55 calls, 0 failed, 5s
player stats: 0 box scores added, 0 to fetch, 0 failed, 1s
weather: 233 games got weather, 0 new stadiums located, 72s
4th-down rates: 32 NFL teams
news: 3 new drama tags
public splits: 79 upcoming games
tennis sync: 72704 matches stored, 18 calls, 0 failed
tennis study ATP: 25908 rated matches, acc 0.6355 (surface ratings alone 0.6375), loss 0.6321 vs 0.6323, own weights [-0.005, 0.829, 0.074, 0.14, 0.425, 0.051, 0.049]
tennis study ATP life factors vs current loss 0.6321: experience 0.6331 (-0.98 mnats, z -0.94), age 0.6283 (+3.81 mnats, z 2.78), young_vs_aging 0.6314 (+0.69 mnats, z 1.66), last_match 0.6294 (+2.70 mnats, z 1.87), streaks 0.6326 (-0.46 mnats, z -0.46), first_set 0.631 (+1.07 mnats, z 1.71), injury 0.6327 (-0.65 mnats, z -0.93), travel 0.6322 (-0.09 mnats, z -1.19) -> KEPT age · 2000/2000 graded matches have both ages
tennis study WTA: 30243 rated matches, acc 0.647 (surface ratings alone 0.647), loss 0.6216 vs 0.6202, own weights [0.005, 0.906, -0.001, -0.102, 0.31, 0.029, -0.192]
tennis study WTA life factors vs current loss 0.6216: experience 0.6174 (+4.24 mnats, z 2.51), age 0.6213 (+0.38 mnats, z 0.46), young_vs_aging 0.6216 (+0.08 mnats, z 0.45), last_match 0.6211 (+0.56 mnats, z 0.57), streaks 0.622 (-0.31 mnats, z -0.62), first_set 0.6206 (+1.01 mnats, z 2.36), injury 0.6208 (+0.83 mnats, z 1.43), travel 0.6217 (-0.09 mnats, z -0.57) -> KEPT experience+first_set · 2000/2000 graded matches have both ages
tennis odds: 0 singles matches priced (bovada)
tennis first-set lines: 0 first-set winner markets seen (0 matches with any set market)
sync: 130601 games stored, 52 calls, 0 failed, 11s
odds history: 0 games got odds, 55 calls, 0 failed, 5s
player stats: 0 box scores added, 0 to fetch, 0 failed, 1s
weather: 171 games got weather, 0 new stadiums located, 242s
4th-down rates: 32 NFL teams
news: 3 new drama tags
public splits: 79 upcoming games
tennis sync: 72704 matches stored, 18 calls, 0 failed
tennis study ATP: 25908 rated matches, acc 0.6355 (surface ratings alone 0.6375), loss 0.6321 vs 0.6323, own weights [-0.005, 0.829, 0.074, 0.14, 0.425, 0.051, 0.049]
tennis study ATP life factors vs current loss 0.6321: experience 0.6331 (-0.98 mnats, z -0.94), age 0.6283 (+3.81 mnats, z 2.78), young_vs_aging 0.6314 (+0.69 mnats, z 1.66), last_match 0.6294 (+2.70 mnats, z 1.87), streaks 0.6326 (-0.46 mnats, z -0.46), first_set 0.631 (+1.07 mnats, z 1.71), injury 0.6327 (-0.65 mnats, z -0.93), travel 0.6322 (-0.09 mnats, z -1.19) -> KEPT age · 2000/2000 graded matches have both ages
tennis study WTA: 30243 rated matches, acc 0.647 (surface ratings alone 0.647), loss 0.6216 vs 0.6202, own weights [0.005, 0.906, -0.001, -0.102, 0.31, 0.029, -0.192]
tennis study WTA life factors vs current loss 0.6216: experience 0.6174 (+4.24 mnats, z 2.51), age 0.6213 (+0.38 mnats, z 0.46), young_vs_aging 0.6216 (+0.08 mnats, z 0.45), last_match 0.6211 (+0.56 mnats, z 0.57), streaks 0.622 (-0.31 mnats, z -0.62), first_set 0.6206 (+1.01 mnats, z 2.36), injury 0.6208 (+0.83 mnats, z 1.43), travel 0.6217 (-0.09 mnats, z -0.57) -> KEPT experience+first_set · 2000/2000 graded matches have both ages
tennis odds: 0 singles matches priced (bovada)
tennis first-set lines: 0 first-set winner markets seen (0 matches with any set market)
sync: 130601 games stored, 52 calls, 0 failed, 14s
odds history: 0 games got odds, 55 calls, 0 failed, 4s
player stats: 0 box scores added, 0 to fetch, 0 failed, 1s
weather: 104 games got weather, 0 new stadiums located, 240s
4th-down rates: 32 NFL teams
news: 3 new drama tags
beat the close: unit plays 2 of 4 better than the close, avg +1.2 pts
public splits: 79 upcoming games
tennis sync: 72704 matches stored, 18 calls, 0 failed
tennis study ATP: 25909 rated matches, acc 0.6355 (surface ratings alone 0.6375), loss 0.6321 vs 0.6323, own weights [-0.005, 0.829, 0.074, 0.14, 0.425, 0.051, 0.049]
tennis study ATP life factors vs current loss 0.6321: experience 0.6331 (-0.92 mnats, z -0.88), age 0.6284 (+3.74 mnats, z 2.73), young_vs_aging 0.6315 (+0.66 mnats, z 1.6), last_match 0.6294 (+2.70 mnats, z 1.87), streaks 0.6326 (-0.48 mnats, z -0.48), first_set 0.6311 (+1.09 mnats, z 1.73), injury 0.6328 (-0.66 mnats, z -0.94), travel 0.6322 (-0.09 mnats, z -1.19) -> KEPT age · 2000/2000 graded matches have both ages
tennis study WTA: 30243 rated matches, acc 0.647 (surface ratings alone 0.647), loss 0.6216 vs 0.6202, own weights [0.005, 0.906, -0.001, -0.102, 0.31, 0.029, -0.192]
tennis study WTA life factors vs current loss 0.6216: experience 0.6174 (+4.24 mnats, z 2.51), age 0.6213 (+0.38 mnats, z 0.46), young_vs_aging 0.6216 (+0.08 mnats, z 0.45), last_match 0.6211 (+0.56 mnats, z 0.57), streaks 0.622 (-0.31 mnats, z -0.62), first_set 0.6206 (+1.01 mnats, z 2.36), injury 0.6208 (+0.83 mnats, z 1.43), travel 0.6217 (-0.09 mnats, z -0.57) -> KEPT experience+first_set · 2000/2000 graded matches have both ages
tennis odds: 0 singles matches priced (bovada)
tennis first-set lines: 0 first-set winner markets seen (0 matches with any set market)
sync: 130601 games stored, 52 calls, 0 failed, 9s
odds history: 0 games got odds, 55 calls, 0 failed, 7s
player stats: 0 box scores added, 0 to fetch, 0 failed, 1s
weather: 233 games got weather, 0 new stadiums located, 168s
4th-down rates: 32 NFL teams
news: 3 new drama tags
beat the close: unit plays 2 of 4 better than the close, avg +1.2 pts
public splits: 79 upcoming games
tennis sync: 72704 matches stored, 18 calls, 0 failed
tennis study ATP: 25909 rated matches, acc 0.6355 (surface ratings alone 0.6375), loss 0.6321 vs 0.6323, own weights [-0.005, 0.829, 0.074, 0.14, 0.425, 0.051, 0.049]
tennis study ATP life factors vs current loss 0.6321: experience 0.6331 (-0.92 mnats, z -0.88), age 0.6284 (+3.74 mnats, z 2.73), young_vs_aging 0.6315 (+0.66 mnats, z 1.6), last_match 0.6294 (+2.70 mnats, z 1.87), streaks 0.6326 (-0.48 mnats, z -0.48), first_set 0.6311 (+1.09 mnats, z 1.73), injury 0.6328 (-0.66 mnats, z -0.94), travel 0.6322 (-0.09 mnats, z -1.19) -> KEPT age · 2000/2000 graded matches have both ages
tennis study WTA: 30244 rated matches, acc 0.6465 (surface ratings alone 0.6465), loss 0.622 vs 0.6206, own weights [0.005, 0.906, -0.001, -0.102, 0.31, 0.029, -0.192]
tennis study WTA life factors vs current loss 0.622: experience 0.6177 (+4.34 mnats, z 2.57), age 0.6216 (+0.37 mnats, z 0.44), young_vs_aging 0.6219 (+0.07 mnats, z 0.4), last_match 0.6214 (+0.57 mnats, z 0.58), streaks 0.6223 (-0.30 mnats, z -0.6), first_set 0.621 (+1.00 mnats, z 2.34), injury 0.6212 (+0.83 mnats, z 1.44), travel 0.6221 (-0.09 mnats, z -0.57) -> KEPT experience+first_set · 2000/2000 graded matches have both ages
tennis odds: 0 singles matches priced (bovada)
tennis first-set lines: 0 first-set winner markets seen (0 matches with any set market)
sync: 130601 games stored, 52 calls, 0 failed, 22s
odds history: 0 games got odds, 55 calls, 0 failed, 10s
player stats: 0 box scores added, 0 to fetch, 0 failed, 1s
weather: 98 games got weather, 0 new stadiums located, 244s
4th-down rates: 32 NFL teams
news: 3 new drama tags
beat the close: unit plays 2 of 4 better than the close, avg +1.2 pts
public splits: 79 upcoming games
tennis sync: 72704 matches stored, 18 calls, 0 failed
tennis study ATP: 25909 rated matches, acc 0.6355 (surface ratings alone 0.6375), loss 0.6321 vs 0.6323, own weights [-0.005, 0.829, 0.074, 0.14, 0.425, 0.051, 0.049]
tennis study ATP life factors vs current loss 0.6321: experience 0.6331 (-0.92 mnats, z -0.88), age 0.6284 (+3.74 mnats, z 2.73), young_vs_aging 0.6315 (+0.66 mnats, z 1.6), last_match 0.6294 (+2.70 mnats, z 1.87), streaks 0.6326 (-0.48 mnats, z -0.48), first_set 0.6311 (+1.09 mnats, z 1.73), injury 0.6328 (-0.66 mnats, z -0.94), travel 0.6322 (-0.09 mnats, z -1.19) -> KEPT age · 2000/2000 graded matches have both ages
tennis study WTA: 30244 rated matches, acc 0.6465 (surface ratings alone 0.6465), loss 0.622 vs 0.6206, own weights [0.005, 0.906, -0.001, -0.102, 0.31, 0.029, -0.192]
tennis study WTA life factors vs current loss 0.622: experience 0.6177 (+4.34 mnats, z 2.57), age 0.6216 (+0.37 mnats, z 0.44), young_vs_aging 0.6219 (+0.07 mnats, z 0.4), last_match 0.6214 (+0.57 mnats, z 0.58), streaks 0.6223 (-0.30 mnats, z -0.6), first_set 0.621 (+1.00 mnats, z 2.34), injury 0.6212 (+0.83 mnats, z 1.44), travel 0.6221 (-0.09 mnats, z -0.57) -> KEPT experience+first_set · 2000/2000 graded matches have both ages
tennis odds: 0 singles matches priced (bovada)
tennis first-set lines: 0 first-set winner markets seen (0 matches with any set market)
sync: 130601 games stored, 52 calls, 0 failed, 13s
odds history: 0 games got odds, 55 calls, 0 failed, 5s
player stats: 0 box scores added, 0 to fetch, 0 failed, 1s
weather: 109 games got weather, 0 new stadiums located, 241s
4th-down rates: 32 NFL teams
news: 3 new drama tags
beat the close: unit plays 2 of 4 better than the close, avg +1.2 pts
public splits: 79 upcoming games
tennis sync: 72704 matches stored, 18 calls, 0 failed
tennis study ATP: 25909 rated matches, acc 0.6355 (surface ratings alone 0.6375), loss 0.6321 vs 0.6323, own weights [-0.005, 0.829, 0.074, 0.14, 0.425, 0.051, 0.049]
tennis study ATP life factors vs current loss 0.6321: experience 0.6331 (-0.92 mnats, z -0.88), age 0.6284 (+3.74 mnats, z 2.73), young_vs_aging 0.6315 (+0.66 mnats, z 1.6), last_match 0.6294 (+2.70 mnats, z 1.87), streaks 0.6326 (-0.48 mnats, z -0.48), first_set 0.6311 (+1.09 mnats, z 1.73), injury 0.6328 (-0.66 mnats, z -0.94), travel 0.6322 (-0.09 mnats, z -1.19) -> KEPT age · 2000/2000 graded matches have both ages
tennis study WTA: 30244 rated matches, acc 0.6465 (surface ratings alone 0.6465), loss 0.622 vs 0.6206, own weights [0.005, 0.906, -0.001, -0.102, 0.31, 0.029, -0.192]
tennis study WTA life factors vs current loss 0.622: experience 0.6177 (+4.34 mnats, z 2.57), age 0.6216 (+0.37 mnats, z 0.44), young_vs_aging 0.6219 (+0.07 mnats, z 0.4), last_match 0.6214 (+0.57 mnats, z 0.58), streaks 0.6223 (-0.30 mnats, z -0.6), first_set 0.621 (+1.00 mnats, z 2.34), injury 0.6212 (+0.83 mnats, z 1.44), travel 0.6221 (-0.09 mnats, z -0.57) -> KEPT experience+first_set · 2000/2000 graded matches have both ages
tennis odds: 0 singles matches priced (bovada)
tennis first-set lines: 0 first-set winner markets seen (0 matches with any set market)
sync: 130601 games stored, 52 calls, 0 failed, 11s
   AN nfl 2026-01-01: HTTP Error 504: Gateway Time-out
odds history: 0 games got odds, 55 calls, 1 failed, 10s
player stats: 0 box scores added, 0 to fetch, 0 failed, 1s
weather: 107 games got weather, 0 new stadiums located, 240s
4th-down rates: 32 NFL teams
news: 4 new drama tags
beat the close: unit plays 2 of 4 better than the close, avg +1.2 pts
public splits: 79 upcoming games
tennis sync: 72704 matches stored, 18 calls, 0 failed
tennis study ATP: 25909 rated matches, acc 0.6355 (surface ratings alone 0.6375), loss 0.6321 vs 0.6323, own weights [-0.005, 0.829, 0.074, 0.14, 0.425, 0.051, 0.049]
tennis study ATP life factors vs current loss 0.6321: experience 0.6331 (-0.92 mnats, z -0.88), age 0.6284 (+3.74 mnats, z 2.73), young_vs_aging 0.6315 (+0.66 mnats, z 1.6), last_match 0.6294 (+2.70 mnats, z 1.87), streaks 0.6326 (-0.48 mnats, z -0.48), first_set 0.6311 (+1.09 mnats, z 1.73), injury 0.6328 (-0.66 mnats, z -0.94), travel 0.6322 (-0.09 mnats, z -1.19) -> KEPT age · 2000/2000 graded matches have both ages
tennis study WTA: 30244 rated matches, acc 0.6465 (surface ratings alone 0.6465), loss 0.622 vs 0.6206, own weights [0.005, 0.906, -0.001, -0.102, 0.31, 0.029, -0.192]
tennis study WTA life factors vs current loss 0.622: experience 0.6177 (+4.34 mnats, z 2.57), age 0.6216 (+0.37 mnats, z 0.44), young_vs_aging 0.6219 (+0.07 mnats, z 0.4), last_match 0.6214 (+0.57 mnats, z 0.58), streaks 0.6223 (-0.30 mnats, z -0.6), first_set 0.621 (+1.00 mnats, z 2.34), injury 0.6212 (+0.83 mnats, z 1.44), travel 0.6221 (-0.09 mnats, z -0.57) -> KEPT experience+first_set · 2000/2000 graded matches have both ages
tennis odds: 0 singles matches priced (bovada)
tennis first-set lines: 0 first-set winner markets seen (0 matches with any set market)
sync: 130601 games stored, 52 calls, 0 failed, 9s
odds history: 0 games got odds, 55 calls, 0 failed, 4s
player stats: 0 box scores added, 0 to fetch, 0 failed, 1s
weather: 109 games got weather, 0 new stadiums located, 247s
4th-down rates: 32 NFL teams
news: 4 new drama tags
beat the close: unit plays 2 of 4 better than the close, avg +1.2 pts
public splits: 79 upcoming games
   no units on Virginia Tech: missing Justin Terry, Emmett Laws, Takye Heath, Shamarius Peterkin
   no units on Pitt: missing Zach Crothers, Elijah Lagg, Cruce Brookins
   no units on Penn State: missing Koby Howard, LaVar Arrington II, Tyler Armstead, Joshua Johnson
   no units on Red Wings: missing Dylan Larkin, Simon Edvinsson
SLATE CHECK: Pitt @ Virginia Tech (NCAAF): priced but the engine never looked at it
FACTOR NOTE: no injury report for 3 team(s) - no pick on their games: Idaho, Liberty, Montana St
FACTOR NOTE: 30 stale opening line(s) replaced by the first price we saw that week: Pitt @ Virginia Tech: open -205 -> -162; Penn State @ Northwestern: open 225 -> 120; West Virginia @ Iowa State: open -108 -> -155
CHECKER SELF-TEST: all 12 checks caught their problem
holding the board: the slate check found 1 problem(s) - the engine re-pulls and tries again (last try 8:30 PT)
tennis sync: 72704 matches stored, 18 calls, 0 failed
tennis study ATP: 25909 rated matches, acc 0.6355 (surface ratings alone 0.6375), loss 0.6321 vs 0.6323, own weights [-0.005, 0.829, 0.074, 0.14, 0.425, 0.051, 0.049]
tennis study ATP life factors vs current loss 0.6321: experience 0.6331 (-0.92 mnats, z -0.88), age 0.6284 (+3.74 mnats, z 2.73), young_vs_aging 0.6315 (+0.66 mnats, z 1.6), last_match 0.6294 (+2.70 mnats, z 1.87), streaks 0.6326 (-0.48 mnats, z -0.48), first_set 0.6311 (+1.09 mnats, z 1.73), injury 0.6328 (-0.66 mnats, z -0.94), travel 0.6322 (-0.09 mnats, z -1.19) -> KEPT age · 2000/2000 graded matches have both ages
tennis study WTA: 30244 rated matches, acc 0.6465 (surface ratings alone 0.6465), loss 0.622 vs 0.6206, own weights [0.005, 0.906, -0.001, -0.102, 0.31, 0.029, -0.192]
tennis study WTA life factors vs current loss 0.622: experience 0.6177 (+4.34 mnats, z 2.57), age 0.6216 (+0.37 mnats, z 0.44), young_vs_aging 0.6219 (+0.07 mnats, z 0.4), last_match 0.6214 (+0.57 mnats, z 0.58), streaks 0.6223 (-0.30 mnats, z -0.6), first_set 0.621 (+1.00 mnats, z 2.34), injury 0.6212 (+0.83 mnats, z 1.44), travel 0.6221 (-0.09 mnats, z -0.57) -> KEPT experience+first_set · 2000/2000 graded matches have both ages
tennis odds: 0 singles matches priced (bovada)
tennis first-set lines: 0 first-set winner markets seen (0 matches with any set market)
sync: 130601 games stored, 52 calls, 0 failed, 9s
odds history: 0 games got odds, 55 calls, 0 failed, 7s
player stats: 0 box scores added, 0 to fetch, 0 failed, 1s
weather: 102 games got weather, 0 new stadiums located, 240s
4th-down rates: 32 NFL teams
news: 3 new drama tags
beat the close: unit plays 2 of 4 better than the close, avg +1.2 pts
public splits: 79 upcoming games
   no units on Virginia Tech: missing Justin Terry, Emmett Laws, Takye Heath, Shamarius Peterkin
   no units on Pitt: missing Zach Crothers, Elijah Lagg, Cruce Brookins
   no units on Penn State: missing Koby Howard, LaVar Arrington II, Tyler Armstead, Joshua Johnson
   no units on Red Wings: missing Dylan Larkin, Simon Edvinsson
FACTOR NOTE: no injury report for 3 team(s) - no pick on their games: Idaho, Liberty, Montana St
FACTOR NOTE: 30 stale opening line(s) replaced by the first price we saw that week: Pitt @ Virginia Tech: open -205 -> -162; Penn State @ Northwestern: open 225 -> 120; West Virginia @ Iowa State: open -108 -> -155
CHECKER SELF-TEST: all 12 checks caught their problem
   injuries seen for Blues vs Stars: no key players listed · ours out: - · theirs out: -
   injuries seen for Penn State vs Northwestern: no key players listed · ours out: ['Koby Howard (WR)', 'Max Granville (DE)', 'LaVar Arrington II (DE)', 'Tyler Armstead (CB)'] · theirs out: ['Luke Dehnicke (TE)']
   injuries seen for Virginia Tech vs Pitt: no key players listed · ours out: ['Justin Terry (OL)', 'Emmett Laws (DL)'] · theirs out: ['Zach Crothers (DE)', 'Elijah Lagg (TE)']
   fill lean on Red Wings - missing Dylan Larkin, Simon Edvinsson
   injuries seen for Red Wings vs Rangers: no key players listed · ours out: ['Dylan Larkin (C)', 'Simon Edvinsson (D)'] · theirs out: -
   fill lean on Jets - missing Connor Hellebuyck
   injuries seen for Jets vs Bruins: {'Connor Hellebuyck (Jets G)': 'Suspension'} · ours out: - · theirs out: -
posted dog for 2026-10-02: Blues ML (+154) -> +154, hit 38%
posted lean for 2026-10-02: Penn State ML (-142) -> -142, hit 56%
posted lean for 2026-10-02: Virginia Tech ML (-130) -> -130, hit 54%
posted lean for 2026-10-02: Red Wings ML (-130) -> -130, hit 58%
posted lean for 2026-10-02: Jets ML (-122) -> -122, hit 52%
tennis sync: 72704 matches stored, 18 calls, 0 failed
tennis study ATP: 25910 rated matches, acc 0.6355 (surface ratings alone 0.6375), loss 0.632 vs 0.6322, own weights [-0.005, 0.829, 0.074, 0.14, 0.425, 0.051, 0.049]
tennis study ATP life factors vs current loss 0.632: experience 0.633 (-0.93 mnats, z -0.89), age 0.6283 (+3.77 mnats, z 2.75), young_vs_aging 0.6314 (+0.66 mnats, z 1.6), last_match 0.6293 (+2.70 mnats, z 1.88), streaks 0.6325 (-0.48 mnats, z -0.47), first_set 0.6309 (+1.08 mnats, z 1.72), injury 0.6327 (-0.66 mnats, z -0.94), travel 0.6321 (-0.09 mnats, z -1.19) -> KEPT age · 2000/2000 graded matches have both ages
tennis study WTA: 30244 rated matches, acc 0.6465 (surface ratings alone 0.6465), loss 0.622 vs 0.6206, own weights [0.005, 0.906, -0.001, -0.102, 0.31, 0.029, -0.192]
tennis study WTA life factors vs current loss 0.622: experience 0.6177 (+4.34 mnats, z 2.57), age 0.6216 (+0.37 mnats, z 0.44), young_vs_aging 0.6219 (+0.07 mnats, z 0.4), last_match 0.6214 (+0.57 mnats, z 0.58), streaks 0.6223 (-0.30 mnats, z -0.6), first_set 0.621 (+1.00 mnats, z 2.34), injury 0.6212 (+0.83 mnats, z 1.44), travel 0.6221 (-0.09 mnats, z -0.57) -> KEPT experience+first_set · 2000/2000 graded matches have both ages
tennis odds: 0 singles matches priced (bovada)
tennis first-set lines: 0 first-set winner markets seen (0 matches with any set market)
sync: 130601 games stored, 52 calls, 0 failed, 9s
odds history: 0 games got odds, 55 calls, 0 failed, 5s
player stats: 0 box scores added, 0 to fetch, 0 failed, 1s
weather: 117 games got weather, 0 new stadiums located, 250s
4th-down rates: 32 NFL teams
news: 3 new drama tags
beat the close: unit plays 2 of 4 better than the close, avg +1.2 pts
public splits: 79 upcoming games
   no units on Virginia Tech: missing Justin Terry, Emmett Laws, Takye Heath, Shamarius Peterkin
   no units on Pitt: missing Zach Crothers, Elijah Lagg, Cruce Brookins
   no units on Penn State: missing Koby Howard, LaVar Arrington II, Tyler Armstead, Joshua Johnson
   no units on Red Wings: missing Dylan Larkin, Simon Edvinsson
tennis sync: 72704 matches stored, 18 calls, 0 failed
tennis study ATP: 25910 rated matches, acc 0.6355 (surface ratings alone 0.6375), loss 0.632 vs 0.6322, own weights [-0.005, 0.829, 0.074, 0.14, 0.425, 0.051, 0.049]
tennis study ATP life factors vs current loss 0.632: experience 0.633 (-0.93 mnats, z -0.89), age 0.6283 (+3.77 mnats, z 2.75), young_vs_aging 0.6314 (+0.66 mnats, z 1.6), last_match 0.6293 (+2.70 mnats, z 1.88), streaks 0.6325 (-0.48 mnats, z -0.47), first_set 0.6309 (+1.08 mnats, z 1.72), injury 0.6327 (-0.66 mnats, z -0.94), travel 0.6321 (-0.09 mnats, z -1.19) -> KEPT age · 2000/2000 graded matches have both ages
tennis study WTA: 30244 rated matches, acc 0.6465 (surface ratings alone 0.6465), loss 0.622 vs 0.6206, own weights [0.005, 0.906, -0.001, -0.102, 0.31, 0.029, -0.192]
tennis study WTA life factors vs current loss 0.622: experience 0.6177 (+4.34 mnats, z 2.57), age 0.6216 (+0.37 mnats, z 0.44), young_vs_aging 0.6219 (+0.07 mnats, z 0.4), last_match 0.6214 (+0.57 mnats, z 0.58), streaks 0.6223 (-0.30 mnats, z -0.6), first_set 0.621 (+1.00 mnats, z 2.34), injury 0.6212 (+0.83 mnats, z 1.44), travel 0.6221 (-0.09 mnats, z -0.57) -> KEPT experience+first_set · 2000/2000 graded matches have both ages
tennis odds: 0 singles matches priced (bovada)
tennis first-set lines: 0 first-set winner markets seen (0 matches with any set market)
sync: 130601 games stored, 52 calls, 0 failed, 15s
odds history: 0 games got odds, 55 calls, 0 failed, 7s
player stats: 0 box scores added, 0 to fetch, 0 failed, 1s
weather: 107 games got weather, 0 new stadiums located, 240s
4th-down rates: 32 NFL teams
news: 3 new drama tags
beat the close: unit plays 2 of 4 better than the close, avg +1.2 pts
public splits: 79 upcoming games
   no units on Virginia Tech: missing Justin Terry, Emmett Laws, Takye Heath, Shamarius Peterkin
   no units on Pitt: missing Zach Crothers, Elijah Lagg, Cruce Brookins
   no units on Penn State: missing Koby Howard, LaVar Arrington II, Tyler Armstead, Joshua Johnson
   no units on Red Wings: missing Dylan Larkin, Simon Edvinsson
tennis sync: 72704 matches stored, 18 calls, 0 failed
tennis study ATP: 25910 rated matches, acc 0.6355 (surface ratings alone 0.6375), loss 0.632 vs 0.6322, own weights [-0.005, 0.829, 0.074, 0.14, 0.425, 0.051, 0.049]
tennis study ATP life factors vs current loss 0.632: experience 0.633 (-0.93 mnats, z -0.89), age 0.6283 (+3.77 mnats, z 2.75), young_vs_aging 0.6314 (+0.66 mnats, z 1.6), last_match 0.6293 (+2.70 mnats, z 1.88), streaks 0.6325 (-0.48 mnats, z -0.47), first_set 0.6309 (+1.08 mnats, z 1.72), injury 0.6327 (-0.66 mnats, z -0.94), travel 0.6321 (-0.09 mnats, z -1.19) -> KEPT age · 2000/2000 graded matches have both ages
tennis study WTA: 30244 rated matches, acc 0.6465 (surface ratings alone 0.6465), loss 0.622 vs 0.6206, own weights [0.005, 0.906, -0.001, -0.102, 0.31, 0.029, -0.192]
tennis study WTA life factors vs current loss 0.622: experience 0.6177 (+4.34 mnats, z 2.57), age 0.6216 (+0.37 mnats, z 0.44), young_vs_aging 0.6219 (+0.07 mnats, z 0.4), last_match 0.6214 (+0.57 mnats, z 0.58), streaks 0.6223 (-0.30 mnats, z -0.6), first_set 0.621 (+1.00 mnats, z 2.34), injury 0.6212 (+0.83 mnats, z 1.44), travel 0.6221 (-0.09 mnats, z -0.57) -> KEPT experience+first_set · 2000/2000 graded matches have both ages
tennis odds: 0 singles matches priced (bovada)
tennis first-set lines: 0 first-set winner markets seen (0 matches with any set market)
sync: 130601 games stored, 52 calls, 0 failed, 12s
odds history: 0 games got odds, 55 calls, 0 failed, 7s
player stats: 0 box scores added, 0 to fetch, 0 failed, 1s
weather: 118 games got weather, 0 new stadiums located, 241s
4th-down rates: 32 NFL teams
news: 3 new drama tags
beat the close: unit plays 2 of 4 better than the close, avg +1.2 pts
public splits: 79 upcoming games
   no units on Virginia Tech: missing Justin Terry, Emmett Laws, Takye Heath, Shamarius Peterkin
   no units on Pitt: missing Zach Crothers, Elijah Lagg, Cruce Brookins
   no units on Northwestern: missing Damon Walters, Braden Turner, Luke Dehnicke, Seth Valeri
   no units on Penn State: missing Koby Howard, LaVar Arrington II, Tyler Armstead, Joshua Johnson
   no units on Montana St: missing Taco Dowler, Caden Dowler, Adam Jones
   no units on Red Wings: missing Dylan Larkin, Simon Edvinsson
tennis sync: 72704 matches stored, 18 calls, 0 failed
tennis study ATP: 25910 rated matches, acc 0.6355 (surface ratings alone 0.6375), loss 0.632 vs 0.6322, own weights [-0.005, 0.829, 0.074, 0.14, 0.425, 0.051, 0.049]
tennis study ATP life factors vs current loss 0.632: experience 0.633 (-0.93 mnats, z -0.89), age 0.6283 (+3.77 mnats, z 2.75), young_vs_aging 0.6314 (+0.66 mnats, z 1.6), last_match 0.6293 (+2.70 mnats, z 1.88), streaks 0.6325 (-0.48 mnats, z -0.47), first_set 0.6309 (+1.08 mnats, z 1.72), injury 0.6327 (-0.66 mnats, z -0.94), travel 0.6321 (-0.09 mnats, z -1.19) -> KEPT age · 2000/2000 graded matches have both ages
tennis study WTA: 30244 rated matches, acc 0.6465 (surface ratings alone 0.6465), loss 0.622 vs 0.6206, own weights [0.005, 0.906, -0.001, -0.102, 0.31, 0.029, -0.192]
tennis study WTA life factors vs current loss 0.622: experience 0.6177 (+4.34 mnats, z 2.57), age 0.6216 (+0.37 mnats, z 0.44), young_vs_aging 0.6219 (+0.07 mnats, z 0.4), last_match 0.6214 (+0.57 mnats, z 0.58), streaks 0.6223 (-0.30 mnats, z -0.6), first_set 0.621 (+1.00 mnats, z 2.34), injury 0.6212 (+0.83 mnats, z 1.44), travel 0.6221 (-0.09 mnats, z -0.57) -> KEPT experience+first_set · 2000/2000 graded matches have both ages
tennis odds: 0 singles matches priced (bovada)
tennis first-set lines: 0 first-set winner markets seen (0 matches with any set market)
sync: 130601 games stored, 52 calls, 0 failed, 11s
odds history: 0 games got odds, 55 calls, 0 failed, 9s
player stats: 0 box scores added, 0 to fetch, 0 failed, 1s
weather: 153 games got weather, 0 new stadiums located, 240s
4th-down rates: 32 NFL teams
news: 3 new drama tags
beat the close: unit plays 2 of 4 better than the close, avg +1.2 pts
public splits: 79 upcoming games
   no units on Virginia Tech: missing Justin Terry, Emmett Laws, Takye Heath, Shamarius Peterkin
   no units on Pitt: missing Zach Crothers, Elijah Lagg, Cruce Brookins
   no units on Northwestern: missing Damon Walters, Braden Turner, Luke Dehnicke, Seth Valeri
   no units on Penn State: missing Koby Howard, LaVar Arrington II, Tyler Armstead, Joshua Johnson
   no units on Montana St: missing Taco Dowler, Caden Dowler, Adam Jones
   no units on Red Wings: missing Dylan Larkin, Simon Edvinsson
tennis sync: 72704 matches stored, 18 calls, 0 failed
tennis study ATP: 25910 rated matches, acc 0.6355 (surface ratings alone 0.6375), loss 0.632 vs 0.6322, own weights [-0.005, 0.829, 0.074, 0.14, 0.425, 0.051, 0.049]
tennis study ATP life factors vs current loss 0.632: experience 0.633 (-0.93 mnats, z -0.89), age 0.6283 (+3.77 mnats, z 2.75), young_vs_aging 0.6314 (+0.66 mnats, z 1.6), last_match 0.6293 (+2.70 mnats, z 1.88), streaks 0.6325 (-0.48 mnats, z -0.47), first_set 0.6309 (+1.08 mnats, z 1.72), injury 0.6327 (-0.66 mnats, z -0.94), travel 0.6321 (-0.09 mnats, z -1.19) -> KEPT age · 2000/2000 graded matches have both ages
tennis study WTA: 30244 rated matches, acc 0.6465 (surface ratings alone 0.6465), loss 0.622 vs 0.6206, own weights [0.005, 0.906, -0.001, -0.102, 0.31, 0.029, -0.192]
tennis study WTA life factors vs current loss 0.622: experience 0.6177 (+4.34 mnats, z 2.57), age 0.6216 (+0.37 mnats, z 0.44), young_vs_aging 0.6219 (+0.07 mnats, z 0.4), last_match 0.6214 (+0.57 mnats, z 0.58), streaks 0.6223 (-0.30 mnats, z -0.6), first_set 0.621 (+1.00 mnats, z 2.34), injury 0.6212 (+0.83 mnats, z 1.44), travel 0.6221 (-0.09 mnats, z -0.57) -> KEPT experience+first_set · 2000/2000 graded matches have both ages
tennis odds: 0 singles matches priced (bovada)
tennis first-set lines: 0 first-set winner markets seen (0 matches with any set market)
sync: 130601 games stored, 52 calls, 0 failed, 10s
odds history: 0 games got odds, 55 calls, 0 failed, 5s
player stats: 0 box scores added, 0 to fetch, 0 failed, 1s
weather: 144 games got weather, 0 new stadiums located, 266s
4th-down rates: 32 NFL teams
news: 3 new drama tags
beat the close: unit plays 2 of 4 better than the close, avg +1.2 pts
public splits: 81 upcoming games
   no units on Virginia Tech: missing Justin Terry, Emmett Laws, Takye Heath, Shamarius Peterkin
   no units on Pitt: missing Zach Crothers, Elijah Lagg, Cruce Brookins
   no units on Northwestern: missing Damon Walters, Braden Turner, Luke Dehnicke, Seth Valeri
   no units on Penn State: missing Koby Howard, LaVar Arrington II, Tyler Armstead, Joshua Johnson
   no units on Montana St: missing Taco Dowler, Caden Dowler, Adam Jones
   no units on Red Wings: missing Dylan Larkin, Simon Edvinsson
tennis sync: 72704 matches stored, 18 calls, 0 failed
tennis study ATP: 25910 rated matches, acc 0.6355 (surface ratings alone 0.6375), loss 0.632 vs 0.6322, own weights [-0.005, 0.829, 0.074, 0.14, 0.425, 0.051, 0.049]
tennis study ATP life factors vs current loss 0.632: experience 0.633 (-0.93 mnats, z -0.89), age 0.6283 (+3.77 mnats, z 2.75), young_vs_aging 0.6314 (+0.66 mnats, z 1.6), last_match 0.6293 (+2.70 mnats, z 1.88), streaks 0.6325 (-0.48 mnats, z -0.47), first_set 0.6309 (+1.08 mnats, z 1.72), injury 0.6327 (-0.66 mnats, z -0.94), travel 0.6321 (-0.09 mnats, z -1.19) -> KEPT age · 2000/2000 graded matches have both ages
tennis study WTA: 30244 rated matches, acc 0.6465 (surface ratings alone 0.6465), loss 0.622 vs 0.6206, own weights [0.005, 0.906, -0.001, -0.102, 0.31, 0.029, -0.192]
tennis study WTA life factors vs current loss 0.622: experience 0.6177 (+4.34 mnats, z 2.57), age 0.6216 (+0.37 mnats, z 0.44), young_vs_aging 0.6219 (+0.07 mnats, z 0.4), last_match 0.6214 (+0.57 mnats, z 0.58), streaks 0.6223 (-0.30 mnats, z -0.6), first_set 0.621 (+1.00 mnats, z 2.34), injury 0.6212 (+0.83 mnats, z 1.44), travel 0.6221 (-0.09 mnats, z -0.57) -> KEPT experience+first_set · 2000/2000 graded matches have both ages
tennis odds: 0 singles matches priced (bovada)
tennis first-set lines: 0 first-set winner markets seen (0 matches with any set market)
sync: 130601 games stored, 52 calls, 0 failed, 10s
odds history: 0 games got odds, 55 calls, 0 failed, 8s
player stats: 0 box scores added, 0 to fetch, 0 failed, 1s
weather: 144 games got weather, 0 new stadiums located, 240s
4th-down rates: 32 NFL teams
news: 3 new drama tags
beat the close: unit plays 2 of 4 better than the close, avg +1.2 pts
public splits: 81 upcoming games
   no units on Virginia Tech: missing Justin Terry, Emmett Laws, Takye Heath, Shamarius Peterkin
   no units on Pitt: missing Zach Crothers, Elijah Lagg, Cruce Brookins
   no units on Northwestern: missing Damon Walters, Braden Turner, Luke Dehnicke, Seth Valeri
   no units on Penn State: missing Koby Howard, LaVar Arrington II, Tyler Armstead, Joshua Johnson
   no units on Red Wings: missing Dylan Larkin, Simon Edvinsson
tennis sync: 72704 matches stored, 18 calls, 0 failed
tennis study ATP: 25910 rated matches, acc 0.6355 (surface ratings alone 0.6375), loss 0.632 vs 0.6322, own weights [-0.005, 0.829, 0.074, 0.14, 0.425, 0.051, 0.049]
tennis study ATP life factors vs current loss 0.632: experience 0.633 (-0.93 mnats, z -0.89), age 0.6283 (+3.77 mnats, z 2.75), young_vs_aging 0.6314 (+0.66 mnats, z 1.6), last_match 0.6293 (+2.70 mnats, z 1.88), streaks 0.6325 (-0.48 mnats, z -0.47), first_set 0.6309 (+1.08 mnats, z 1.72), injury 0.6327 (-0.66 mnats, z -0.94), travel 0.6321 (-0.09 mnats, z -1.19) -> KEPT age · 2000/2000 graded matches have both ages
tennis study WTA: 30244 rated matches, acc 0.6465 (surface ratings alone 0.6465), loss 0.622 vs 0.6206, own weights [0.005, 0.906, -0.001, -0.102, 0.31, 0.029, -0.192]
tennis study WTA life factors vs current loss 0.622: experience 0.6177 (+4.34 mnats, z 2.57), age 0.6216 (+0.37 mnats, z 0.44), young_vs_aging 0.6219 (+0.07 mnats, z 0.4), last_match 0.6214 (+0.57 mnats, z 0.58), streaks 0.6223 (-0.30 mnats, z -0.6), first_set 0.621 (+1.00 mnats, z 2.34), injury 0.6212 (+0.83 mnats, z 1.44), travel 0.6221 (-0.09 mnats, z -0.57) -> KEPT experience+first_set · 2000/2000 graded matches have both ages
tennis odds: 0 singles matches priced (bovada)
tennis first-set lines: 0 first-set winner markets seen (0 matches with any set market)
sync: 130601 games stored, 52 calls, 0 failed, 9s
odds history: 0 games got odds, 55 calls, 0 failed, 6s
player stats: 0 box scores added, 0 to fetch, 0 failed, 1s
weather: 108 games got weather, 0 new stadiums located, 244s
4th-down rates: 32 NFL teams
news: 3 new drama tags
beat the close: unit plays 2 of 4 better than the close, avg +1.2 pts
public splits: 81 upcoming games
   no units on Virginia Tech: missing Justin Terry, Emmett Laws, Takye Heath, Shamarius Peterkin
   no units on Pitt: missing Zach Crothers, Elijah Lagg, Cruce Brookins
   no units on Northwestern: missing Damon Walters, Braden Turner, Luke Dehnicke, Seth Valeri
   no units on Penn State: missing Koby Howard, LaVar Arrington II, Tyler Armstead, Joshua Johnson
   no units on Red Wings: missing Dylan Larkin, Simon Edvinsson
tennis sync: 72704 matches stored, 18 calls, 0 failed
tennis study ATP: 25910 rated matches, acc 0.6355 (surface ratings alone 0.6375), loss 0.632 vs 0.6322, own weights [-0.005, 0.829, 0.074, 0.14, 0.425, 0.051, 0.049]
tennis study ATP life factors vs current loss 0.632: experience 0.633 (-0.93 mnats, z -0.89), age 0.6283 (+3.77 mnats, z 2.75), young_vs_aging 0.6314 (+0.66 mnats, z 1.6), last_match 0.6293 (+2.70 mnats, z 1.88), streaks 0.6325 (-0.48 mnats, z -0.47), first_set 0.6309 (+1.08 mnats, z 1.72), injury 0.6327 (-0.66 mnats, z -0.94), travel 0.6321 (-0.09 mnats, z -1.19) -> KEPT age · 2000/2000 graded matches have both ages
tennis study WTA: 30245 rated matches, acc 0.6465 (surface ratings alone 0.6465), loss 0.622 vs 0.6206, own weights [0.005, 0.906, -0.001, -0.103, 0.31, 0.029, -0.192]
tennis study WTA life factors vs current loss 0.622: experience 0.6175 (+4.44 mnats, z 2.63), age 0.6216 (+0.34 mnats, z 0.41), young_vs_aging 0.6219 (+0.07 mnats, z 0.4), last_match 0.6214 (+0.58 mnats, z 0.59), streaks 0.6223 (-0.28 mnats, z -0.56), first_set 0.621 (+0.99 mnats, z 2.31), injury 0.6212 (+0.79 mnats, z 1.37), travel 0.6221 (-0.09 mnats, z -0.57) -> KEPT experience+first_set · 2000/2000 graded matches have both ages
tennis odds: 0 singles matches priced (bovada)
tennis first-set lines: 0 first-set winner markets seen (0 matches with any set market)
sync: 130601 games stored, 52 calls, 0 failed, 8s
odds history: 0 games got odds, 55 calls, 0 failed, 3s
player stats: 0 box scores added, 0 to fetch, 0 failed, 1s
weather: 150 games got weather, 0 new stadiums located, 240s
4th-down rates: 32 NFL teams
news: 5 new drama tags
beat the close: unit plays 2 of 4 better than the close, avg +1.2 pts
public splits: 87 upcoming games
🚑 injury alert: Connor Hellebuyck (Jets G) is now injured reserve — our pick: Jets ML
   no units on Virginia Tech: missing Justin Terry, Emmett Laws, Takye Heath, Shamarius Peterkin
   no units on Pitt: missing Zach Crothers, Elijah Lagg, Cruce Brookins
   no units on Northwestern: missing Damon Walters, Braden Turner, Luke Dehnicke, Seth Valeri
   no units on Penn State: missing Koby Howard, LaVar Arrington II, Tyler Armstead, Joshua Johnson
tennis sync: 72704 matches stored, 18 calls, 0 failed
tennis study ATP: 25910 rated matches, acc 0.6355 (surface ratings alone 0.6375), loss 0.632 vs 0.6322, own weights [-0.005, 0.829, 0.074, 0.14, 0.425, 0.051, 0.049]
tennis study ATP life factors vs current loss 0.632: experience 0.633 (-0.93 mnats, z -0.89), age 0.6283 (+3.77 mnats, z 2.75), young_vs_aging 0.6314 (+0.66 mnats, z 1.6), last_match 0.6293 (+2.70 mnats, z 1.88), streaks 0.6325 (-0.48 mnats, z -0.47), first_set 0.6309 (+1.08 mnats, z 1.72), injury 0.6327 (-0.66 mnats, z -0.94), travel 0.6321 (-0.09 mnats, z -1.19) -> KEPT age · 2000/2000 graded matches have both ages
tennis study WTA: 30246 rated matches, acc 0.6465 (surface ratings alone 0.6465), loss 0.622 vs 0.6206, own weights [0.005, 0.906, -0.001, -0.103, 0.31, 0.029, -0.192]
tennis study WTA life factors vs current loss 0.622: experience 0.6176 (+4.38 mnats, z 2.6), age 0.6217 (+0.36 mnats, z 0.44), young_vs_aging 0.6219 (+0.07 mnats, z 0.4), last_match 0.6214 (+0.61 mnats, z 0.63), streaks 0.6223 (-0.29 mnats, z -0.58), first_set 0.621 (+0.99 mnats, z 2.31), injury 0.6212 (+0.78 mnats, z 1.35), travel 0.6221 (-0.09 mnats, z -0.57) -> KEPT experience+first_set · 2000/2000 graded matches have both ages
tennis odds: 0 singles matches priced (bovada)
tennis first-set lines: 0 first-set winner markets seen (0 matches with any set market)
sync: 130601 games stored, 52 calls, 0 failed, 15s
odds history: 0 games got odds, 55 calls, 0 failed, 4s
player stats: 0 box scores added, 0 to fetch, 0 failed, 1s
weather: 117 games got weather, 0 new stadiums located, 245s
4th-down rates: 32 NFL teams
news: 3 new drama tags
beat the close: unit plays 2 of 4 better than the close, avg +1.2 pts
public splits: 87 upcoming games
   no units on Virginia Tech: missing Justin Terry, Emmett Laws, Takye Heath, Shamarius Peterkin
   no units on Pitt: missing Zach Crothers, Elijah Lagg, Cruce Brookins
   no units on Northwestern: missing Damon Walters, Braden Turner, Luke Dehnicke, Seth Valeri
   no units on Penn State: missing Koby Howard, LaVar Arrington II, Tyler Armstead, Joshua Johnson
tennis sync: 72704 matches stored, 18 calls, 0 failed
tennis study ATP: 25910 rated matches, acc 0.6355 (surface ratings alone 0.6375), loss 0.632 vs 0.6322, own weights [-0.005, 0.829, 0.074, 0.14, 0.425, 0.051, 0.049]
tennis study ATP life factors vs current loss 0.632: experience 0.633 (-0.93 mnats, z -0.89), age 0.6283 (+3.77 mnats, z 2.75), young_vs_aging 0.6314 (+0.66 mnats, z 1.6), last_match 0.6293 (+2.70 mnats, z 1.88), streaks 0.6325 (-0.48 mnats, z -0.47), first_set 0.6309 (+1.08 mnats, z 1.72), injury 0.6327 (-0.66 mnats, z -0.94), travel 0.6321 (-0.09 mnats, z -1.19) -> KEPT age · 2000/2000 graded matches have both ages
tennis study WTA: 30246 rated matches, acc 0.6465 (surface ratings alone 0.6465), loss 0.622 vs 0.6206, own weights [0.005, 0.906, -0.001, -0.103, 0.31, 0.029, -0.192]
tennis study WTA life factors vs current loss 0.622: experience 0.6176 (+4.38 mnats, z 2.6), age 0.6217 (+0.36 mnats, z 0.44), young_vs_aging 0.6219 (+0.07 mnats, z 0.4), last_match 0.6214 (+0.61 mnats, z 0.63), streaks 0.6223 (-0.29 mnats, z -0.58), first_set 0.621 (+0.99 mnats, z 2.31), injury 0.6212 (+0.78 mnats, z 1.35), travel 0.6221 (-0.09 mnats, z -0.57) -> KEPT experience+first_set · 2000/2000 graded matches have both ages
tennis odds: 0 singles matches priced (bovada)
tennis first-set lines: 0 first-set winner markets seen (0 matches with any set market)
sync: 130601 games stored, 52 calls, 0 failed, 9s
odds history: 0 games got odds, 55 calls, 0 failed, 7s
player stats: 0 box scores added, 0 to fetch, 0 failed, 1s
weather: 124 games got weather, 0 new stadiums located, 247s
4th-down rates: 32 NFL teams
news: 3 new drama tags
beat the close: unit plays 2 of 4 better than the close, avg +1.2 pts
public splits: 87 upcoming games
   no units on Northwestern: missing Damon Walters, Braden Turner, Luke Dehnicke, Seth Valeri
   no units on Penn State: missing Koby Howard, LaVar Arrington II, Tyler Armstead, Joshua Johnson
tennis sync: 72704 matches stored, 18 calls, 0 failed
tennis study ATP: 25910 rated matches, acc 0.6355 (surface ratings alone 0.6375), loss 0.632 vs 0.6322, own weights [-0.005, 0.829, 0.074, 0.14, 0.425, 0.051, 0.049]
tennis study ATP life factors vs current loss 0.632: experience 0.633 (-0.93 mnats, z -0.89), age 0.6283 (+3.77 mnats, z 2.75), young_vs_aging 0.6314 (+0.66 mnats, z 1.6), last_match 0.6293 (+2.70 mnats, z 1.88), streaks 0.6325 (-0.48 mnats, z -0.47), first_set 0.6309 (+1.08 mnats, z 1.72), injury 0.6327 (-0.66 mnats, z -0.94), travel 0.6321 (-0.09 mnats, z -1.19) -> KEPT age · 2000/2000 graded matches have both ages
tennis study WTA: 30246 rated matches, acc 0.6465 (surface ratings alone 0.6465), loss 0.622 vs 0.6206, own weights [0.005, 0.906, -0.001, -0.103, 0.31, 0.029, -0.192]
tennis study WTA life factors vs current loss 0.622: experience 0.6176 (+4.38 mnats, z 2.6), age 0.6217 (+0.36 mnats, z 0.44), young_vs_aging 0.6219 (+0.07 mnats, z 0.4), last_match 0.6214 (+0.61 mnats, z 0.63), streaks 0.6223 (-0.29 mnats, z -0.58), first_set 0.621 (+0.99 mnats, z 2.31), injury 0.6212 (+0.78 mnats, z 1.35), travel 0.6221 (-0.09 mnats, z -0.57) -> KEPT experience+first_set · 2000/2000 graded matches have both ages
tennis odds: 36 singles matches priced (bovada)
tennis first-set lines: 0 first-set winner markets seen (0 matches with any set market)
tennis reads: 24 matches
tennis posted 2026-10-02: Donna Vekic -195, Matteo Berrettini -170, Andrey Rublev -145
sync: 130601 games stored, 52 calls, 0 failed, 9s
odds history: 0 games got odds, 55 calls, 0 failed, 6s
player stats: 0 box scores added, 0 to fetch, 0 failed, 1s
weather: 106 games got weather, 0 new stadiums located, 240s
4th-down rates: 32 NFL teams
news: 5 new drama tags
beat the close: unit plays 2 of 4 better than the close, avg +1.2 pts
public splits: 87 upcoming games
tennis sync: 72704 matches stored, 18 calls, 0 failed
tennis study ATP: 25910 rated matches, acc 0.6355 (surface ratings alone 0.6375), loss 0.632 vs 0.6322, own weights [-0.005, 0.829, 0.074, 0.14, 0.425, 0.051, 0.049]
tennis study ATP life factors vs current loss 0.632: experience 0.633 (-0.93 mnats, z -0.89), age 0.6283 (+3.77 mnats, z 2.75), young_vs_aging 0.6314 (+0.66 mnats, z 1.6), last_match 0.6293 (+2.70 mnats, z 1.88), streaks 0.6325 (-0.48 mnats, z -0.47), first_set 0.6309 (+1.08 mnats, z 1.72), injury 0.6327 (-0.66 mnats, z -0.94), travel 0.6321 (-0.09 mnats, z -1.19) -> KEPT age · 2000/2000 graded matches have both ages
tennis study WTA: 30246 rated matches, acc 0.6465 (surface ratings alone 0.6465), loss 0.622 vs 0.6206, own weights [0.005, 0.906, -0.001, -0.103, 0.31, 0.029, -0.192]
tennis study WTA life factors vs current loss 0.622: experience 0.6176 (+4.38 mnats, z 2.6), age 0.6217 (+0.36 mnats, z 0.44), young_vs_aging 0.6219 (+0.07 mnats, z 0.4), last_match 0.6214 (+0.61 mnats, z 0.63), streaks 0.6223 (-0.29 mnats, z -0.58), first_set 0.621 (+0.99 mnats, z 2.31), injury 0.6212 (+0.78 mnats, z 1.35), travel 0.6221 (-0.09 mnats, z -0.57) -> KEPT experience+first_set · 2000/2000 graded matches have both ages
tennis odds: 0 singles matches priced (bovada)
tennis first-set lines: 0 first-set winner markets seen (0 matches with any set market)
tennis reads: 24 matches
sync: 130601 games stored, 52 calls, 0 failed, 23s
odds history: 0 games got odds, 55 calls, 0 failed, 4s
player stats: 0 box scores added, 0 to fetch, 0 failed, 1s
weather: 231 games got weather, 0 new stadiums located, 100s
4th-down rates: 32 NFL teams
news: 3 new drama tags
beat the close: unit plays 2 of 4 better than the close, avg +1.2 pts
public splits: 87 upcoming games
tennis sync: 72753 matches stored, 18 calls, 0 failed
tennis study ATP: 25910 rated matches, acc 0.6355 (surface ratings alone 0.6375), loss 0.632 vs 0.6322, own weights [-0.005, 0.829, 0.074, 0.14, 0.425, 0.051, 0.049]
tennis study ATP life factors vs current loss 0.632: experience 0.633 (-0.93 mnats, z -0.89), age 0.6283 (+3.77 mnats, z 2.75), young_vs_aging 0.6314 (+0.66 mnats, z 1.6), last_match 0.6293 (+2.70 mnats, z 1.88), streaks 0.6325 (-0.48 mnats, z -0.47), first_set 0.6309 (+1.08 mnats, z 1.72), injury 0.6327 (-0.66 mnats, z -0.94), travel 0.6321 (-0.09 mnats, z -1.19) -> KEPT age · 2000/2000 graded matches have both ages
tennis study WTA: 30246 rated matches, acc 0.6465 (surface ratings alone 0.6465), loss 0.622 vs 0.6206, own weights [0.005, 0.906, -0.001, -0.103, 0.31, 0.029, -0.192]
tennis study WTA life factors vs current loss 0.622: experience 0.6176 (+4.38 mnats, z 2.6), age 0.6217 (+0.36 mnats, z 0.44), young_vs_aging 0.6219 (+0.07 mnats, z 0.4), last_match 0.6214 (+0.61 mnats, z 0.63), streaks 0.6223 (-0.29 mnats, z -0.58), first_set 0.621 (+0.99 mnats, z 2.31), injury 0.6212 (+0.78 mnats, z 1.35), travel 0.6221 (-0.09 mnats, z -0.57) -> KEPT experience+first_set · 2000/2000 graded matches have both ages
tennis odds: 0 singles matches priced (bovada)
tennis first-set lines: 0 first-set winner markets seen (0 matches with any set market)
tennis reads: 24 matches
sync: 130629 games stored, 58 calls, 0 failed, 12s
odds history: 4 games got odds, 59 calls, 0 failed, 5s
player stats: 0 box scores added, 0 to fetch, 0 failed, 1s
weather: 136 games got weather, 0 new stadiums located, 240s
4th-down rates: 32 NFL teams
news: 3 new drama tags
beat the close: unit plays 2 of 4 better than the close, avg +1.2 pts
public splits: 89 upcoming games
tennis sync: 72753 matches stored, 18 calls, 0 failed
tennis study ATP: 25910 rated matches, acc 0.6355 (surface ratings alone 0.6375), loss 0.632 vs 0.6322, own weights [-0.005, 0.829, 0.074, 0.14, 0.425, 0.051, 0.049]
tennis study ATP life factors vs current loss 0.632: experience 0.633 (-0.93 mnats, z -0.89), age 0.6283 (+3.77 mnats, z 2.75), young_vs_aging 0.6314 (+0.66 mnats, z 1.6), last_match 0.6293 (+2.70 mnats, z 1.88), streaks 0.6325 (-0.48 mnats, z -0.47), first_set 0.6309 (+1.08 mnats, z 1.72), injury 0.6327 (-0.66 mnats, z -0.94), travel 0.6321 (-0.09 mnats, z -1.19) -> KEPT age · 2000/2000 graded matches have both ages
tennis study WTA: 30246 rated matches, acc 0.6465 (surface ratings alone 0.6465), loss 0.622 vs 0.6206, own weights [0.005, 0.906, -0.001, -0.103, 0.31, 0.029, -0.192]
tennis study WTA life factors vs current loss 0.622: experience 0.6176 (+4.38 mnats, z 2.6), age 0.6217 (+0.36 mnats, z 0.44), young_vs_aging 0.6219 (+0.07 mnats, z 0.4), last_match 0.6214 (+0.61 mnats, z 0.63), streaks 0.6223 (-0.29 mnats, z -0.58), first_set 0.621 (+0.99 mnats, z 2.31), injury 0.6212 (+0.78 mnats, z 1.35), travel 0.6221 (-0.09 mnats, z -0.57) -> KEPT experience+first_set · 2000/2000 graded matches have both ages
tennis odds: 0 singles matches priced (bovada)
tennis first-set lines: 0 first-set winner markets seen (0 matches with any set market)
tennis reads: 24 matches
sync: 130629 games stored, 52 calls, 0 failed, 13s
odds history: 0 games got odds, 55 calls, 0 failed, 5s
player stats: 0 box scores added, 0 to fetch, 0 failed, 1s
weather: 158 games got weather, 0 new stadiums located, 250s
4th-down rates: 32 NFL teams
news: 3 new drama tags
beat the close: unit plays 2 of 4 better than the close, avg +1.2 pts
public splits: 89 upcoming games
tennis sync: 72753 matches stored, 18 calls, 0 failed
tennis study ATP: 25910 rated matches, acc 0.6355 (surface ratings alone 0.6375), loss 0.632 vs 0.6322, own weights [-0.005, 0.829, 0.074, 0.14, 0.425, 0.051, 0.049]
tennis study ATP life factors vs current loss 0.632: experience 0.633 (-0.93 mnats, z -0.89), age 0.6283 (+3.77 mnats, z 2.75), young_vs_aging 0.6314 (+0.66 mnats, z 1.6), last_match 0.6293 (+2.70 mnats, z 1.88), streaks 0.6325 (-0.48 mnats, z -0.47), first_set 0.6309 (+1.08 mnats, z 1.72), injury 0.6327 (-0.66 mnats, z -0.94), travel 0.6321 (-0.09 mnats, z -1.19) -> KEPT age · 2000/2000 graded matches have both ages
tennis study WTA: 30246 rated matches, acc 0.6465 (surface ratings alone 0.6465), loss 0.622 vs 0.6206, own weights [0.005, 0.906, -0.001, -0.103, 0.31, 0.029, -0.192]
tennis study WTA life factors vs current loss 0.622: experience 0.6176 (+4.38 mnats, z 2.6), age 0.6217 (+0.36 mnats, z 0.44), young_vs_aging 0.6219 (+0.07 mnats, z 0.4), last_match 0.6214 (+0.61 mnats, z 0.63), streaks 0.6223 (-0.29 mnats, z -0.58), first_set 0.621 (+0.99 mnats, z 2.31), injury 0.6212 (+0.78 mnats, z 1.35), travel 0.6221 (-0.09 mnats, z -0.57) -> KEPT experience+first_set · 2000/2000 graded matches have both ages
tennis odds: 0 singles matches priced (bovada)
tennis first-set lines: 0 first-set winner markets seen (0 matches with any set market)
tennis reads: 24 matches
sync: 130629 games stored, 52 calls, 0 failed, 11s
odds history: 0 games got odds, 55 calls, 0 failed, 5s
player stats: 0 box scores added, 0 to fetch, 0 failed, 1s
weather: 140 games got weather, 0 new stadiums located, 241s
4th-down rates: 32 NFL teams
news: 3 new drama tags
beat the close: unit plays 2 of 4 better than the close, avg +1.2 pts
public splits: 89 upcoming games
tennis sync: 72753 matches stored, 18 calls, 0 failed
tennis study ATP: 25910 rated matches, acc 0.6355 (surface ratings alone 0.6375), loss 0.632 vs 0.6322, own weights [-0.005, 0.829, 0.074, 0.14, 0.425, 0.051, 0.049]
tennis study ATP life factors vs current loss 0.632: experience 0.633 (-0.93 mnats, z -0.89), age 0.6283 (+3.77 mnats, z 2.75), young_vs_aging 0.6314 (+0.66 mnats, z 1.6), last_match 0.6293 (+2.70 mnats, z 1.88), streaks 0.6325 (-0.48 mnats, z -0.47), first_set 0.6309 (+1.08 mnats, z 1.72), injury 0.6327 (-0.66 mnats, z -0.94), travel 0.6321 (-0.09 mnats, z -1.19) -> KEPT age · 2000/2000 graded matches have both ages
tennis study WTA: 30246 rated matches, acc 0.6465 (surface ratings alone 0.6465), loss 0.622 vs 0.6206, own weights [0.005, 0.906, -0.001, -0.103, 0.31, 0.029, -0.192]
tennis study WTA life factors vs current loss 0.622: experience 0.6176 (+4.38 mnats, z 2.6), age 0.6217 (+0.36 mnats, z 0.44), young_vs_aging 0.6219 (+0.07 mnats, z 0.4), last_match 0.6214 (+0.61 mnats, z 0.63), streaks 0.6223 (-0.29 mnats, z -0.58), first_set 0.621 (+0.99 mnats, z 2.31), injury 0.6212 (+0.78 mnats, z 1.35), travel 0.6221 (-0.09 mnats, z -0.57) -> KEPT experience+first_set · 2000/2000 graded matches have both ages
tennis odds: 0 singles matches priced (bovada)
tennis first-set lines: 0 first-set winner markets seen (0 matches with any set market)
tennis reads: 24 matches
sync: 130629 games stored, 52 calls, 0 failed, 11s
odds history: 0 games got odds, 55 calls, 0 failed, 4s
player stats: 0 box scores added, 0 to fetch, 0 failed, 1s
weather: 156 games got weather, 0 new stadiums located, 240s
4th-down rates: 32 NFL teams
news: 3 new drama tags
beat the close: unit plays 2 of 4 better than the close, avg +1.2 pts
futures logged: nba 7, nhl 7, nfl 11, ncaaf 12
public splits: 89 upcoming games
tennis sync: 72753 matches stored, 18 calls, 0 failed
tennis study ATP: 25910 rated matches, acc 0.6355 (surface ratings alone 0.6375), loss 0.632 vs 0.6322, own weights [-0.005, 0.829, 0.074, 0.14, 0.425, 0.051, 0.049]
tennis study ATP life factors vs current loss 0.632: experience 0.633 (-0.93 mnats, z -0.89), age 0.6283 (+3.77 mnats, z 2.75), young_vs_aging 0.6314 (+0.66 mnats, z 1.6), last_match 0.6293 (+2.70 mnats, z 1.88), streaks 0.6325 (-0.48 mnats, z -0.47), first_set 0.6309 (+1.08 mnats, z 1.72), injury 0.6327 (-0.66 mnats, z -0.94), travel 0.6321 (-0.09 mnats, z -1.19) -> KEPT age · 2000/2000 graded matches have both ages
tennis study WTA: 30246 rated matches, acc 0.6465 (surface ratings alone 0.6465), loss 0.622 vs 0.6206, own weights [0.005, 0.906, -0.001, -0.103, 0.31, 0.029, -0.192]
tennis study WTA life factors vs current loss 0.622: experience 0.6176 (+4.38 mnats, z 2.6), age 0.6217 (+0.36 mnats, z 0.44), young_vs_aging 0.6219 (+0.07 mnats, z 0.4), last_match 0.6214 (+0.61 mnats, z 0.63), streaks 0.6223 (-0.29 mnats, z -0.58), first_set 0.621 (+0.99 mnats, z 2.31), injury 0.6212 (+0.78 mnats, z 1.35), travel 0.6221 (-0.09 mnats, z -0.57) -> KEPT experience+first_set · 2000/2000 graded matches have both ages
tennis odds: 0 singles matches priced (bovada)
tennis first-set lines: 0 first-set winner markets seen (0 matches with any set market)
tennis reads: 24 matches
sync: 130629 games stored, 52 calls, 0 failed, 12s
odds history: 0 games got odds, 55 calls, 0 failed, 4s
player stats: 2 box scores added, 2 to fetch, 0 failed, 1s
weather: 160 games got weather, 0 new stadiums located, 240s
4th-down rates: 32 NFL teams
news: 3 new drama tags
beat the close: unit plays 2 of 4 better than the close, avg +1.2 pts
tuned in 96s: mlb trust 26% acc 58.7%, nba trust 19% acc 69.8%, ncaab trust 5% acc 67.4%, ncaaf trust 12% acc 74.4%, nfl trust 12% acc 66.2%, nhl trust 14% acc 54.2%
cover study: nba big favorites covered 50% of 3600 (adjust +0.03); ncaab big favorites covered 49% of 12334 (adjust -0.03); ncaaf big favorites covered 51% of 3371 (adjust +0.01); nfl big favorites covered 48% of 508 (adjust +0.04)
comeback study: nfl 2251 games s=1.3 w=1.50 m=+0.0 loss 0.476->0.468; ncaaf 5776 games s=1.2 w=1.25 m=+0.0 loss 0.362->0.360; nba 10227 games s=1.7 w=1.75 m=+0.0 loss 0.508->0.473; mlb 19827 games s=1.0 w=1.00 m=+0.1 loss 0.457->0.457; nhl 10065 games s=1.2 w=1.50 m=+0.0 loss 0.509->0.506; ncaab 29448 games s=1.3 w=1.50 m=-0.1 loss 0.433->0.416
halves study: nfl 2259 games: 1st half gets 51% of the edge (sd 10.29), 2nd 40%; 1st half leader wins 78%, tied 7%; ncaaf 5777 games: 1st half gets 61% of the edge (sd 11.88), 2nd 43%; 1st half leader wins 82%, tied 6%; nba 10227 games: 1st half gets 60% of the edge (sd 10.85), 2nd 43%; 1st half leader wins 74%, tied 3%; ncaab 29448 games: 1st half gets 62% of the edge (sd 9.11), 2nd 51%; 1st half leader wins 77%, tied 4%; mlb 20061 games: first 5 innings gets 67% of the edge (sd 3.34), 2nd 23%; first 5 innings leader wins 83%, tied 15%; nhl 10065 games: 1st period gets 28% of the edge (sd 1.3), 2nd 76%; 1st period leader wins 74%, tied 34%
lines study: nhl 20130 team-games, loss 0.607->0.584; mlb 40124 team-games, loss 0.654->0.637
spread/moneyline study: {'nfl': (0.5372, True), 'ncaaf': (0.4767, False), 'nba': (0.4527, False), 'ncaab': (0.482, False)}
hockey study: ['backup', 'b2b', 'rest', 'travel'] 0.66553 vs line 0.66593
all: following hit 68.9% vs 68.0% the price said over 229241 (edge +0.8% older, +1.0% newer, z 10.2) -> watch only
streak: following hit 63.9% vs 63.3% the price said over 69526 (edge +0.6% older, +0.6% newer, z 3.57) -> watch only
rate: following hit 71.0% vs 70.0% the price said over 159715 (edge +0.9% older, +1.2% newer, z 9.95) -> watch only
streak|total: following hit 50.2% vs 50.0% the price said over 12423 (edge +0.1% older, +0.2% newer, z 0.4) -> watch only
streak|fav_ml: following hit 72.5% vs 71.5% the price said over 36307 (edge +0.9% older, +1.1% newer, z 4.44) -> watch only
streak|fav_cover: following hit 49.4% vs 50.0% the price said over 7717 (edge -1.5% older, +0.2% newer, z -1.13) -> watch only
streak|home: following hit 61.5% vs 60.8% the price said over 13079 (edge +0.9% older, +0.4% newer, z 1.81) -> watch only
rate|total: following hit 51.2% vs 50.0% the price said over 3884 (edge +1.2% older, +1.1% newer, z 1.44) -> watch only
rate|fav_ml: following hit 73.8% vs 72.8% the price said over 112256 (edge +0.9% older, +1.2% newer, z 8.25) -> watch only
rate|fav_cover: following hit 49.1% vs 50.0% the price said over 1791 (edge -0.1% older, -1.8% newer, z -0.78) -> watch only
rate|home: following hit 66.4% vs 65.3% the price said over 41784 (edge +1.1% older, +1.2% newer, z 5.76) -> watch only
nfl|streak: following hit 58.2% vs 59.8% the price said over 1522 (edge -2.5% older, -0.6% newer, z -1.28) -> watch only
nfl|rate: following hit 65.1% vs 65.0% the price said over 4067 (edge -0.2% older, +0.4% newer, z 0.1) -> watch only
ncaaf|streak: following hit 70.6% vs 70.2% the price said over 7178 (edge -0.3% older, +1.1% newer, z 0.82) -> watch only
ncaaf|rate: following hit 72.8% vs 71.9% the price said over 20810 (edge +0.8% older, +1.0% newer, z 3.24) -> watch only
nba|streak: following hit 61.2% vs 61.3% the price said over 9804 (edge -0.2% older, +0.1% newer, z -0.21) -> watch only
nba|rate: following hit 68.5% vs 68.7% the price said over 23773 (edge -0.1% older, -0.3% newer, z -0.76) -> watch only
ncaab|streak: following hit 67.6% vs 66.6% the price said over 35221 (edge +0.9% older, +1.0% newer, z 4.27) -> watch only
ncaab|rate: following hit 72.6% vs 71.1% the price said over 100554 (edge +1.4% older, +1.5% newer, z 10.97) -> watch only
mlb|streak: following hit 53.7% vs 53.6% the price said over 10762 (edge +0.6% older, -0.4% newer, z 0.17) -> watch only
mlb|rate: following hit 60.7% vs 59.5% the price said over 5362 (edge +0.0% older, +2.3% newer, z 1.73) -> watch only
nhl|streak: following hit 56.9% vs 55.5% the price said over 5039 (edge +1.7% older, +1.1% newer, z 2.04) -> watch only
nhl|rate: following hit 61.8% vs 61.1% the price said over 5149 (edge +0.3% older, +1.1% newer, z 1.06) -> watch only
proven: ncaab|rate|fav_cover, ncaaf|rate|total
ACTIVE mlb sunday: home team wins 216-185 (prices said 213.5) (6 straight) -> coin flip · next: Padres @ Brewers, Braves @ Dodgers
ACTIVE ncaaf thursday night: favorites win 9-2 (prices said 8.8) (6 straight) -> coin flip · next: Sam Houston @ Liberty, Missouri St @ Western KY, South Florida @ UTSA
ACTIVE mlb monday: home team wins 139-123 (prices said 137.6) (5 straight) -> coin flip · next: White Sox @ Guardians, Yankees @ Rays
ACTIVE ncaaf saturday: favorites win 162-30 (prices said 152.9) -> coin flip · next: Memphis @ Charlotte, Alabama @ Mississippi St, MTSU @ Kansas
ACTIVE ncaaf away favorite: favorites win 44-11 (prices said 38.4) -> coin flip · next: Memphis @ Charlotte, Alabama @ Mississippi St, Notre Dame @ North Carolina
ACTIVE ncaaf big favorite: favorites win 146-13 (prices said 139.2) -> coin flip · next: Memphis @ Charlotte, MTSU @ Kansas, UCF @ Houston
ACTIVE ncaaf home favorite: favorites win 144-22 (prices said 137.6) -> coin flip · next: MTSU @ Kansas, UCF @ Houston, West Virginia @ Iowa State
ACTIVE ncaaf friday: favorites win 13-1 (prices said 11.2) -> coin flip · next: Florida St @ Louisville, Columbia @ Marist, Iowa @ Washington
totals study: {'nfl': (0.558, True), 'ncaaf': (0.4866, False), 'nba': (0.504, False), 'ncaab': (0.5271, True), 'mlb': (0.486, False), 'nhl': (0.4821, False)}
public splits: 87 upcoming games
self-check: 56 graded picks - we said 54%, they hit 61% (hitting at or above what we said)
  drama:none: 53 graded, said 54%, hit 64% - hitting at or above what we said
  market:ml: 51 graded, said 54%, hit 65% - hitting at or above what we said
  source:pregame: 43 graded, said 53%, hit 65% - hitting at or above what we said
  label:parlay leg: 35 graded, said 54%, hit 66% - only 35 graded - report only
  price:-149..-101: 34 graded, said 56%, hit 71% - only 34 graded - report only
  price:+101..+179: 20 graded, said 52%, hit 45% - only 20 graded - report only
  league:mlb: 19 graded, said 54%, hit 90% - only 19 graded - report only
  ctx:game:div: 17 graded, said 55%, hit 53% - only 17 graded - report only (report only: forward-only tag)
  ctx:game:rival: 15 graded, said 56%, hit 53% - only 15 graded - report only (report only: forward-only tag)
  label:live: 13 graded, said 57%, hit 46% - only 13 graded - report only
  league:nfl: 13 graded, said 59%, hit 77% - only 13 graded - report only
  source:live: 13 graded, said 57%, hit 46% - only 13 graded - report only
  league:nhl: 12 graded, said 52%, hit 17% - only 12 graded - report only
  ctx:game:conf: 10 graded, said 53%, hit 60% - only 10 graded - report only (report only: forward-only tag)
  league:tennis: 10 graded, said 52%, hit 40% - only 10 graded - report only
  ctx:them:trip1000: 6 graded, said 56%, hit 100% - only 6 graded - report only (report only: forward-only tag)
  market:spread: 5 graded, said 54%, hit 20% - only 5 graded - report only
  ctx:them:east1000: 4 graded, said 56%, hit 100% - only 4 graded - report only (report only: forward-only tag)
  ctx:them:week3000: 4 graded, said 56%, hit 100% - only 4 graded - report only (report only: forward-only tag)
  label:lock: 4 graded, said 57%, hit 100% - only 4 graded - report only
  drama:theirs: 3 graded, said 56%, hit 0% - only 3 graded - report only
  label:dog: 3 graded, said 39%, hit 0% - only 3 graded - report only
  ctx:them:trip2000: 2 graded, said 55%, hit 100% - only 2 graded - report only (report only: forward-only tag)
  ctx:them:west1000: 2 graded, said 55%, hit 100% - only 2 graded - report only (report only: forward-only tag)
  ctx:us:trip1000: 2 graded, said 51%, hit 0% - only 2 graded - report only (report only: forward-only tag)
  ctx:us:west1000: 2 graded, said 51%, hit 0% - only 2 graded - report only (report only: forward-only tag)
  league:ncaaf: 2 graded, said 50%, hit 50% - only 2 graded - report only
  label:value: 1 graded, said 52%, hit 100% - only 1 graded - report only
  price:+180+: 1 graded, said 35%, hit 0% - only 1 graded - report only
  price:pick'em: 1 graded, said 58%, hit 100% - only 1 graded - report only
  (13 graded live bets were logged without a said chance - left out)
extra edge now needed: none
tennis sync: 72753 matches stored, 18 calls, 0 failed
tennis study ATP: 25910 rated matches, acc 0.6355 (surface ratings alone 0.6375), loss 0.632 vs 0.6322, own weights [-0.005, 0.829, 0.074, 0.14, 0.425, 0.051, 0.049]
tennis study ATP life factors vs current loss 0.632: experience 0.633 (-0.93 mnats, z -0.89), age 0.6283 (+3.77 mnats, z 2.75), young_vs_aging 0.6314 (+0.66 mnats, z 1.6), last_match 0.6293 (+2.70 mnats, z 1.88), streaks 0.6325 (-0.48 mnats, z -0.47), first_set 0.6309 (+1.08 mnats, z 1.72), injury 0.6327 (-0.66 mnats, z -0.94), travel 0.6321 (-0.09 mnats, z -1.19) -> KEPT age · 2000/2000 graded matches have both ages
tennis study WTA: 30246 rated matches, acc 0.6465 (surface ratings alone 0.6465), loss 0.622 vs 0.6206, own weights [0.005, 0.906, -0.001, -0.103, 0.31, 0.029, -0.192]
tennis study WTA life factors vs current loss 0.622: experience 0.6176 (+4.38 mnats, z 2.6), age 0.6217 (+0.36 mnats, z 0.44), young_vs_aging 0.6219 (+0.07 mnats, z 0.4), last_match 0.6214 (+0.61 mnats, z 0.63), streaks 0.6223 (-0.29 mnats, z -0.58), first_set 0.621 (+0.99 mnats, z 2.31), injury 0.6212 (+0.78 mnats, z 1.35), travel 0.6221 (-0.09 mnats, z -0.57) -> KEPT experience+first_set · 2000/2000 graded matches have both ages
tennis odds: 0 singles matches priced (bovada)
tennis first-set lines: 0 first-set winner markets seen (0 matches with any set market)
tennis reads: 23 matches
sync: 130629 games stored, 52 calls, 0 failed, 11s
odds history: 0 games got odds, 55 calls, 0 failed, 4s
player stats: 3 box scores added, 3 to fetch, 0 failed, 1s
weather: 334 games got weather, 0 new stadiums located, 103s
4th-down rates: 32 NFL teams
news: 3 new drama tags
beat the close: unit plays 2 of 4 better than the close, avg +1.2 pts
tuned in 147s: mlb trust 26% acc 58.7%, nba trust 19% acc 69.8%, ncaab trust 5% acc 67.4%, ncaaf trust 12% acc 74.4%, nfl trust 12% acc 66.2%, nhl trust 14% acc 54.1%
cover study: nba big favorites covered 50% of 3600 (adjust +0.03); ncaab big favorites covered 49% of 12334 (adjust -0.03); ncaaf big favorites covered 51% of 3372 (adjust +0.01); nfl big favorites covered 48% of 508 (adjust +0.04)
comeback study: nfl 2251 games s=1.3 w=1.50 m=+0.0 loss 0.476->0.468; ncaaf 5778 games s=1.2 w=1.25 m=+0.0 loss 0.362->0.360; nba 10227 games s=1.7 w=1.75 m=+0.0 loss 0.508->0.473; mlb 19827 games s=1.0 w=1.00 m=+0.1 loss 0.457->0.457; nhl 10066 games s=1.2 w=1.50 m=+0.0 loss 0.509->0.507; ncaab 29448 games s=1.3 w=1.50 m=-0.1 loss 0.433->0.416
halves study: nfl 2259 games: 1st half gets 51% of the edge (sd 10.29), 2nd 40%; 1st half leader wins 78%, tied 7%; ncaaf 5779 games: 1st half gets 61% of the edge (sd 11.88), 2nd 43%; 1st half leader wins 82%, tied 6%; nba 10227 games: 1st half gets 60% of the edge (sd 10.85), 2nd 43%; 1st half leader wins 74%, tied 3%; ncaab 29448 games: 1st half gets 62% of the edge (sd 9.11), 2nd 51%; 1st half leader wins 77%, tied 4%; mlb 20061 games: first 5 innings gets 67% of the edge (sd 3.34), 2nd 23%; first 5 innings leader wins 83%, tied 15%; nhl 10066 games: 1st period gets 28% of the edge (sd 1.3), 2nd 76%; 1st period leader wins 74%, tied 34%
lines study: nhl 20132 team-games, loss 0.607->0.584; mlb 40124 team-games, loss 0.654->0.637
spread/moneyline study: {'nfl': (0.5372, True), 'ncaaf': (0.4763, False), 'nba': (0.4527, False), 'ncaab': (0.482, False)}
hockey study: ['b2b', 'rest', 'travel'] 0.66563 vs line 0.66597
all: following hit 68.9% vs 68.0% the price said over 229247 (edge +0.8% older, +1.0% newer, z 10.19) -> watch only
streak: following hit 63.9% vs 63.3% the price said over 69526 (edge +0.6% older, +0.6% newer, z 3.57) -> watch only
rate: following hit 71.0% vs 70.0% the price said over 159721 (edge +0.9% older, +1.2% newer, z 9.94) -> watch only
streak|total: following hit 50.2% vs 50.0% the price said over 12423 (edge +0.1% older, +0.2% newer, z 0.4) -> watch only
streak|fav_ml: following hit 72.5% vs 71.5% the price said over 36307 (edge +0.9% older, +1.1% newer, z 4.44) -> watch only
streak|fav_cover: following hit 49.4% vs 50.0% the price said over 7717 (edge -1.5% older, +0.2% newer, z -1.13) -> watch only
streak|home: following hit 61.5% vs 60.8% the price said over 13079 (edge +0.9% older, +0.4% newer, z 1.81) -> watch only
rate|total: following hit 51.2% vs 50.0% the price said over 3884 (edge +1.2% older, +1.1% newer, z 1.44) -> watch only
rate|fav_ml: following hit 73.8% vs 72.8% the price said over 112261 (edge +0.9% older, +1.2% newer, z 8.25) -> watch only
rate|fav_cover: following hit 49.1% vs 50.0% the price said over 1791 (edge -0.1% older, -1.8% newer, z -0.78) -> watch only
rate|home: following hit 66.4% vs 65.3% the price said over 41785 (edge +1.1% older, +1.2% newer, z 5.76) -> watch only
nfl|streak: following hit 58.2% vs 59.8% the price said over 1522 (edge -2.5% older, -0.6% newer, z -1.28) -> watch only
nfl|rate: following hit 65.1% vs 65.0% the price said over 4067 (edge -0.2% older, +0.4% newer, z 0.1) -> watch only
ncaaf|streak: following hit 70.6% vs 70.2% the price said over 7178 (edge -0.3% older, +1.1% newer, z 0.82) -> watch only
ncaaf|rate: following hit 72.8% vs 71.9% the price said over 20816 (edge +0.8% older, +1.0% newer, z 3.23) -> watch only
nba|streak: following hit 61.2% vs 61.3% the price said over 9804 (edge -0.2% older, +0.1% newer, z -0.21) -> watch only
nba|rate: following hit 68.5% vs 68.7% the price said over 23773 (edge -0.1% older, -0.3% newer, z -0.76) -> watch only
ncaab|streak: following hit 67.6% vs 66.6% the price said over 35221 (edge +0.9% older, +1.0% newer, z 4.27) -> watch only
ncaab|rate: following hit 72.6% vs 71.1% the price said over 100554 (edge +1.4% older, +1.5% newer, z 10.97) -> watch only
mlb|streak: following hit 53.7% vs 53.6% the price said over 10762 (edge +0.6% older, -0.4% newer, z 0.17) -> watch only
mlb|rate: following hit 60.7% vs 59.5% the price said over 5362 (edge +0.0% older, +2.3% newer, z 1.73) -> watch only
nhl|streak: following hit 56.9% vs 55.5% the price said over 5039 (edge +1.7% older, +1.1% newer, z 2.04) -> watch only
nhl|rate: following hit 61.8% vs 61.1% the price said over 5149 (edge +0.3% older, +1.1% newer, z 1.06) -> watch only
proven: ncaab|rate|fav_cover, ncaaf|rate|total
ACTIVE mlb sunday: home team wins 216-185 (prices said 213.5) (6 straight) -> coin flip · next: Padres @ Brewers, Braves @ Dodgers
ACTIVE ncaaf thursday night: favorites win 9-2 (prices said 8.8) (6 straight) -> coin flip · next: Sam Houston @ Liberty, Missouri St @ Western KY, South Florida @ UTSA
ACTIVE mlb monday: home team wins 139-123 (prices said 137.6) (5 straight) -> coin flip · next: White Sox @ Guardians, Yankees @ Rays
ACTIVE ncaaf away favorite: favorites win 45-11 (prices said 39.1) -> coin flip · next: Memphis @ Charlotte, Alabama @ Mississippi St, Notre Dame @ North Carolina
ACTIVE ncaaf big favorite: favorites win 147-13 (prices said 139.9) -> coin flip · next: Memphis @ Charlotte, MTSU @ Kansas, UCF @ Houston
ACTIVE ncaaf saturday: favorites win 162-30 (prices said 152.9) -> coin flip · next: Memphis @ Charlotte, Alabama @ Mississippi St, MTSU @ Kansas
ACTIVE ncaaf home favorite: favorites win 144-23 (prices said 138.1) -> coin flip · next: MTSU @ Kansas, UCF @ Houston, West Virginia @ Iowa State
ACTIVE ncaaf big favorite: home team wins 128-32 (prices said 123.4) -> coin flip · next: Memphis @ Charlotte, MTSU @ Kansas, UCF @ Houston
totals study: {'nfl': (0.558, True), 'ncaaf': (0.4875, False), 'nba': (0.504, False), 'ncaab': (0.5271, True), 'mlb': (0.486, False), 'nhl': (0.481, False)}
public splits: 87 upcoming games
self-check: 58 graded picks - we said 54%, they hit 59% (hitting at or above what we said)
  drama:none: 55 graded, said 54%, hit 62% - hitting at or above what we said
  market:ml: 53 graded, said 54%, hit 62% - hitting at or above what we said
  source:pregame: 45 graded, said 53%, hit 62% - hitting at or above what we said
  label:parlay leg: 37 graded, said 54%, hit 62% - only 37 graded - report only
  price:-149..-101: 36 graded, said 56%, hit 67% - only 36 graded - report only
  price:+101..+179: 20 graded, said 52%, hit 45% - only 20 graded - report only
  league:mlb: 19 graded, said 54%, hit 90% - only 19 graded - report only
  ctx:game:div: 17 graded, said 55%, hit 53% - only 17 graded - report only (report only: forward-only tag)
  ctx:game:rival: 15 graded, said 56%, hit 53% - only 15 graded - report only (report only: forward-only tag)
  label:live: 13 graded, said 57%, hit 46% - only 13 graded - report only
  league:nfl: 13 graded, said 59%, hit 77% - only 13 graded - report only
  league:nhl: 13 graded, said 52%, hit 15% - only 13 graded - report only
  source:live: 13 graded, said 57%, hit 46% - only 13 graded - report only
  ctx:game:conf: 11 graded, said 53%, hit 55% - only 11 graded - report only (report only: forward-only tag)
  league:tennis: 10 graded, said 52%, hit 40% - only 10 graded - report only
  ctx:them:trip1000: 7 graded, said 55%, hit 86% - only 7 graded - report only (report only: forward-only tag)
  market:spread: 5 graded, said 54%, hit 20% - only 5 graded - report only
  ctx:them:east1000: 4 graded, said 56%, hit 100% - only 4 graded - report only (report only: forward-only tag)
  ctx:them:week3000: 4 graded, said 56%, hit 100% - only 4 graded - report only (report only: forward-only tag)
  label:lock: 4 graded, said 57%, hit 100% - only 4 graded - report only
  ctx:them:west1000: 3 graded, said 54%, hit 67% - only 3 graded - report only (report only: forward-only tag)
  drama:theirs: 3 graded, said 56%, hit 0% - only 3 graded - report only
  label:dog: 3 graded, said 39%, hit 0% - only 3 graded - report only
  league:ncaaf: 3 graded, said 52%, hit 33% - only 3 graded - report only
  ctx:them:trip2000: 2 graded, said 55%, hit 100% - only 2 graded - report only (report only: forward-only tag)
  ctx:us:trip1000: 2 graded, said 51%, hit 0% - only 2 graded - report only (report only: forward-only tag)
  ctx:us:west1000: 2 graded, said 51%, hit 0% - only 2 graded - report only (report only: forward-only tag)
  ctx:game:nonconf: 1 graded, said 52%, hit 0% - only 1 graded - report only (report only: forward-only tag)
  label:value: 1 graded, said 52%, hit 100% - only 1 graded - report only
  price:+180+: 1 graded, said 35%, hit 0% - only 1 graded - report only
  price:pick'em: 1 graded, said 58%, hit 100% - only 1 graded - report only
  (13 graded live bets were logged without a said chance - left out)
extra edge now needed: none
tennis sync: 72753 matches stored, 18 calls, 0 failed
tennis study ATP: 25910 rated matches, acc 0.6355 (surface ratings alone 0.6375), loss 0.632 vs 0.6322, own weights [-0.005, 0.829, 0.074, 0.14, 0.425, 0.051, 0.049]
tennis study ATP life factors vs current loss 0.632: experience 0.633 (-0.93 mnats, z -0.89), age 0.6283 (+3.77 mnats, z 2.75), young_vs_aging 0.6314 (+0.66 mnats, z 1.6), last_match 0.6293 (+2.70 mnats, z 1.88), streaks 0.6325 (-0.48 mnats, z -0.47), first_set 0.6309 (+1.08 mnats, z 1.72), injury 0.6327 (-0.66 mnats, z -0.94), travel 0.6321 (-0.09 mnats, z -1.19) -> KEPT age · 2000/2000 graded matches have both ages
tennis study WTA: 30246 rated matches, acc 0.6465 (surface ratings alone 0.6465), loss 0.622 vs 0.6206, own weights [0.005, 0.906, -0.001, -0.103, 0.31, 0.029, -0.192]
tennis study WTA life factors vs current loss 0.622: experience 0.6176 (+4.38 mnats, z 2.6), age 0.6217 (+0.36 mnats, z 0.44), young_vs_aging 0.6219 (+0.07 mnats, z 0.4), last_match 0.6214 (+0.61 mnats, z 0.63), streaks 0.6223 (-0.29 mnats, z -0.58), first_set 0.621 (+0.99 mnats, z 2.31), injury 0.6212 (+0.78 mnats, z 1.35), travel 0.6221 (-0.09 mnats, z -0.57) -> KEPT experience+first_set · 2000/2000 graded matches have both ages
tennis odds: 0 singles matches priced (bovada)
tennis first-set lines: 0 first-set winner markets seen (0 matches with any set market)
tennis reads: 17 matches
sync: 130629 games stored, 52 calls, 0 failed, 9s
odds history: 0 games got odds, 55 calls, 0 failed, 4s
player stats: 1 box scores added, 1 to fetch, 0 failed, 1s
weather: 185 games got weather, 0 new stadiums located, 240s
4th-down rates: 32 NFL teams
news: 3 new drama tags
settled 2026-10-02 lean: lost -100.00
beat the close: unit plays 2 of 4 better than the close, avg +1.2 pts
tuned in 152s: mlb trust 26% acc 58.7%, nba trust 19% acc 69.8%, ncaab trust 5% acc 67.4%, ncaaf trust 12% acc 74.4%, nfl trust 12% acc 66.2%, nhl trust 14% acc 54.1%
cover study: nba big favorites covered 50% of 3600 (adjust +0.03); ncaab big favorites covered 49% of 12334 (adjust -0.03); ncaaf big favorites covered 51% of 3372 (adjust +0.01); nfl big favorites covered 48% of 508 (adjust +0.04)
comeback study: nfl 2251 games s=1.3 w=1.50 m=+0.0 loss 0.476->0.468; ncaaf 5779 games s=1.2 w=1.25 m=+0.0 loss 0.362->0.360; nba 10227 games s=1.7 w=1.75 m=+0.0 loss 0.508->0.473; mlb 19827 games s=1.0 w=1.00 m=+0.1 loss 0.457->0.457; nhl 10066 games s=1.2 w=1.50 m=+0.0 loss 0.509->0.507; ncaab 29448 games s=1.3 w=1.50 m=-0.1 loss 0.433->0.416
halves study: nfl 2259 games: 1st half gets 51% of the edge (sd 10.29), 2nd 40%; 1st half leader wins 78%, tied 7%; ncaaf 5780 games: 1st half gets 61% of the edge (sd 11.88), 2nd 43%; 1st half leader wins 82%, tied 6%; nba 10227 games: 1st half gets 60% of the edge (sd 10.85), 2nd 43%; 1st half leader wins 74%, tied 3%; ncaab 29448 games: 1st half gets 62% of the edge (sd 9.11), 2nd 51%; 1st half leader wins 77%, tied 4%; mlb 20061 games: first 5 innings gets 67% of the edge (sd 3.34), 2nd 23%; first 5 innings leader wins 83%, tied 15%; nhl 10066 games: 1st period gets 28% of the edge (sd 1.3), 2nd 76%; 1st period leader wins 74%, tied 34%
lines study: nhl 20132 team-games, loss 0.607->0.584; mlb 40124 team-games, loss 0.654->0.637
spread/moneyline study: {'nfl': (0.5372, True), 'ncaaf': (0.4763, False), 'nba': (0.4527, False), 'ncaab': (0.482, False)}
hockey study: ['b2b', 'rest', 'travel'] 0.66563 vs line 0.66597
all: following hit 68.9% vs 68.0% the price said over 229249 (edge +0.8% older, +1.0% newer, z 10.19) -> watch only
streak: following hit 63.9% vs 63.3% the price said over 69526 (edge +0.6% older, +0.6% newer, z 3.57) -> watch only
rate: following hit 71.0% vs 70.0% the price said over 159723 (edge +0.9% older, +1.2% newer, z 9.94) -> watch only
streak|total: following hit 50.2% vs 50.0% the price said over 12423 (edge +0.1% older, +0.2% newer, z 0.4) -> watch only
streak|fav_ml: following hit 72.5% vs 71.5% the price said over 36307 (edge +0.9% older, +1.1% newer, z 4.44) -> watch only
streak|fav_cover: following hit 49.4% vs 50.0% the price said over 7717 (edge -1.5% older, +0.2% newer, z -1.13) -> watch only
streak|home: following hit 61.5% vs 60.8% the price said over 13079 (edge +0.9% older, +0.4% newer, z 1.81) -> watch only
rate|total: following hit 51.2% vs 50.0% the price said over 3884 (edge +1.2% older, +1.1% newer, z 1.44) -> watch only
rate|fav_ml: following hit 73.8% vs 72.8% the price said over 112263 (edge +0.9% older, +1.2% newer, z 8.24) -> watch only
rate|fav_cover: following hit 49.1% vs 50.0% the price said over 1791 (edge -0.1% older, -1.8% newer, z -0.78) -> watch only
rate|home: following hit 66.4% vs 65.3% the price said over 41785 (edge +1.1% older, +1.2% newer, z 5.76) -> watch only
nfl|streak: following hit 58.2% vs 59.8% the price said over 1522 (edge -2.5% older, -0.6% newer, z -1.28) -> watch only
nfl|rate: following hit 65.1% vs 65.0% the price said over 4067 (edge -0.2% older, +0.4% newer, z 0.1) -> watch only
ncaaf|streak: following hit 70.6% vs 70.2% the price said over 7178 (edge -0.3% older, +1.1% newer, z 0.82) -> watch only
ncaaf|rate: following hit 72.8% vs 71.9% the price said over 20818 (edge +0.8% older, +1.0% newer, z 3.21) -> watch only
nba|streak: following hit 61.2% vs 61.3% the price said over 9804 (edge -0.2% older, +0.1% newer, z -0.21) -> watch only
nba|rate: following hit 68.5% vs 68.7% the price said over 23773 (edge -0.1% older, -0.3% newer, z -0.76) -> watch only
ncaab|streak: following hit 67.6% vs 66.6% the price said over 35221 (edge +0.9% older, +1.0% newer, z 4.27) -> watch only
ncaab|rate: following hit 72.6% vs 71.1% the price said over 100554 (edge +1.4% older, +1.5% newer, z 10.97) -> watch only
mlb|streak: following hit 53.7% vs 53.6% the price said over 10762 (edge +0.6% older, -0.4% newer, z 0.17) -> watch only
mlb|rate: following hit 60.7% vs 59.5% the price said over 5362 (edge +0.0% older, +2.3% newer, z 1.73) -> watch only
nhl|streak: following hit 56.9% vs 55.5% the price said over 5039 (edge +1.7% older, +1.1% newer, z 2.04) -> watch only
nhl|rate: following hit 61.8% vs 61.1% the price said over 5149 (edge +0.3% older, +1.1% newer, z 1.06) -> watch only
proven: ncaab|rate|fav_cover, ncaaf|rate|total
ACTIVE mlb sunday: home team wins 216-185 (prices said 213.5) (6 straight) -> coin flip · next: Padres @ Brewers, Braves @ Dodgers
ACTIVE ncaaf thursday night: favorites win 9-2 (prices said 8.8) (6 straight) -> coin flip · next: Sam Houston @ Liberty, Missouri St @ Western KY, South Florida @ UTSA
ACTIVE mlb monday: home team wins 139-123 (prices said 137.6) (5 straight) -> coin flip · next: White Sox @ Guardians, Yankees @ Rays
ACTIVE ncaaf big favorite: favorites win 147-13 (prices said 139.9) -> coin flip · next: Memphis @ Charlotte, MTSU @ Kansas, UCF @ Houston
ACTIVE ncaaf saturday: favorites win 162-30 (prices said 152.9) -> coin flip · next: Memphis @ Charlotte, Alabama @ Mississippi St, MTSU @ Kansas
ACTIVE ncaaf away favorite: favorites win 45-12 (prices said 39.7) -> coin flip · next: Memphis @ Charlotte, Alabama @ Mississippi St, Notre Dame @ North Carolina
ACTIVE ncaaf home favorite: favorites win 144-23 (prices said 138.1) -> coin flip · next: MTSU @ Kansas, UCF @ Houston, West Virginia @ Iowa State
ACTIVE ncaaf big favorite: home team wins 128-32 (prices said 123.4) -> coin flip · next: Memphis @ Charlotte, MTSU @ Kansas, UCF @ Houston
totals study: {'nfl': (0.558, True), 'ncaaf': (0.4911, False), 'nba': (0.504, False), 'ncaab': (0.5271, True), 'mlb': (0.486, False), 'nhl': (0.481, False)}
public splits: 87 upcoming games
self-check: 58 graded picks - we said 54%, they hit 59% (hitting at or above what we said)
  drama:none: 55 graded, said 54%, hit 62% - hitting at or above what we said
  market:ml: 53 graded, said 54%, hit 62% - hitting at or above what we said
  source:pregame: 45 graded, said 53%, hit 62% - hitting at or above what we said
  label:parlay leg: 37 graded, said 54%, hit 62% - only 37 graded - report only
  price:-149..-101: 36 graded, said 56%, hit 67% - only 36 graded - report only
  price:+101..+179: 20 graded, said 52%, hit 45% - only 20 graded - report only
  league:mlb: 19 graded, said 54%, hit 90% - only 19 graded - report only
  ctx:game:div: 17 graded, said 55%, hit 53% - only 17 graded - report only (report only: forward-only tag)
  ctx:game:rival: 15 graded, said 56%, hit 53% - only 15 graded - report only (report only: forward-only tag)
  label:live: 13 graded, said 57%, hit 46% - only 13 graded - report only
  league:nfl: 13 graded, said 59%, hit 77% - only 13 graded - report only
  league:nhl: 13 graded, said 52%, hit 15% - only 13 graded - report only
  source:live: 13 graded, said 57%, hit 46% - only 13 graded - report only
  ctx:game:conf: 11 graded, said 53%, hit 55% - only 11 graded - report only (report only: forward-only tag)
  league:tennis: 10 graded, said 52%, hit 40% - only 10 graded - report only
  ctx:them:trip1000: 7 graded, said 55%, hit 86% - only 7 graded - report only (report only: forward-only tag)
  market:spread: 5 graded, said 54%, hit 20% - only 5 graded - report only
  ctx:them:east1000: 4 graded, said 56%, hit 100% - only 4 graded - report only (report only: forward-only tag)
  ctx:them:week3000: 4 graded, said 56%, hit 100% - only 4 graded - report only (report only: forward-only tag)
  label:lock: 4 graded, said 57%, hit 100% - only 4 graded - report only
  ctx:them:west1000: 3 graded, said 54%, hit 67% - only 3 graded - report only (report only: forward-only tag)
  drama:theirs: 3 graded, said 56%, hit 0% - only 3 graded - report only
  label:dog: 3 graded, said 39%, hit 0% - only 3 graded - report only
  league:ncaaf: 3 graded, said 52%, hit 33% - only 3 graded - report only
  ctx:them:trip2000: 2 graded, said 55%, hit 100% - only 2 graded - report only (report only: forward-only tag)
  ctx:us:trip1000: 2 graded, said 51%, hit 0% - only 2 graded - report only (report only: forward-only tag)
  ctx:us:west1000: 2 graded, said 51%, hit 0% - only 2 graded - report only (report only: forward-only tag)
  ctx:game:nonconf: 1 graded, said 52%, hit 0% - only 1 graded - report only (report only: forward-only tag)
  label:value: 1 graded, said 52%, hit 100% - only 1 graded - report only
  price:+180+: 1 graded, said 35%, hit 0% - only 1 graded - report only
  price:pick'em: 1 graded, said 58%, hit 100% - only 1 graded - report only
  (13 graded live bets were logged without a said chance - left out)
extra edge now needed: none
tennis sync: 72753 matches stored, 18 calls, 0 failed
tennis study ATP: 25910 rated matches, acc 0.6355 (surface ratings alone 0.6375), loss 0.632 vs 0.6322, own weights [-0.005, 0.829, 0.074, 0.14, 0.425, 0.051, 0.049]
tennis study ATP life factors vs current loss 0.632: experience 0.633 (-0.93 mnats, z -0.89), age 0.6283 (+3.77 mnats, z 2.75), young_vs_aging 0.6314 (+0.66 mnats, z 1.6), last_match 0.6293 (+2.70 mnats, z 1.88), streaks 0.6325 (-0.48 mnats, z -0.47), first_set 0.6309 (+1.08 mnats, z 1.72), injury 0.6327 (-0.66 mnats, z -0.94), travel 0.6321 (-0.09 mnats, z -1.19) -> KEPT age · 2000/2000 graded matches have both ages
tennis study WTA: 30246 rated matches, acc 0.6465 (surface ratings alone 0.6465), loss 0.622 vs 0.6206, own weights [0.005, 0.906, -0.001, -0.103, 0.31, 0.029, -0.192]
tennis study WTA life factors vs current loss 0.622: experience 0.6176 (+4.38 mnats, z 2.6), age 0.6217 (+0.36 mnats, z 0.44), young_vs_aging 0.6219 (+0.07 mnats, z 0.4), last_match 0.6214 (+0.61 mnats, z 0.63), streaks 0.6223 (-0.29 mnats, z -0.58), first_set 0.621 (+0.99 mnats, z 2.31), injury 0.6212 (+0.78 mnats, z 1.35), travel 0.6221 (-0.09 mnats, z -0.57) -> KEPT experience+first_set · 2000/2000 graded matches have both ages
tennis odds: 0 singles matches priced (bovada)
tennis first-set lines: 0 first-set winner markets seen (0 matches with any set market)
tennis reads: 17 matches
sync: 130629 games stored, 52 calls, 0 failed, 12s
odds history: 0 games got odds, 55 calls, 0 failed, 8s
player stats: 0 box scores added, 0 to fetch, 0 failed, 1s
weather: 174 games got weather, 0 new stadiums located, 246s
4th-down rates: 32 NFL teams
news: 3 new drama tags
beat the close: unit plays 2 of 4 better than the close, avg +1.2 pts
public splits: 87 upcoming games
tennis sync: 72753 matches stored, 18 calls, 0 failed
tennis study ATP: 25910 rated matches, acc 0.6355 (surface ratings alone 0.6375), loss 0.632 vs 0.6322, own weights [-0.005, 0.829, 0.074, 0.14, 0.425, 0.051, 0.049]
tennis study ATP life factors vs current loss 0.632: experience 0.633 (-0.93 mnats, z -0.89), age 0.6283 (+3.77 mnats, z 2.75), young_vs_aging 0.6314 (+0.66 mnats, z 1.6), last_match 0.6293 (+2.70 mnats, z 1.88), streaks 0.6325 (-0.48 mnats, z -0.47), first_set 0.6309 (+1.08 mnats, z 1.72), injury 0.6327 (-0.66 mnats, z -0.94), travel 0.6321 (-0.09 mnats, z -1.19) -> KEPT age · 2000/2000 graded matches have both ages
tennis study WTA: 30246 rated matches, acc 0.6465 (surface ratings alone 0.6465), loss 0.622 vs 0.6206, own weights [0.005, 0.906, -0.001, -0.103, 0.31, 0.029, -0.192]
tennis study WTA life factors vs current loss 0.622: experience 0.6176 (+4.38 mnats, z 2.6), age 0.6217 (+0.36 mnats, z 0.44), young_vs_aging 0.6219 (+0.07 mnats, z 0.4), last_match 0.6214 (+0.61 mnats, z 0.63), streaks 0.6223 (-0.29 mnats, z -0.58), first_set 0.621 (+0.99 mnats, z 2.31), injury 0.6212 (+0.78 mnats, z 1.35), travel 0.6221 (-0.09 mnats, z -0.57) -> KEPT experience+first_set · 2000/2000 graded matches have both ages
tennis odds: 0 singles matches priced (bovada)
tennis first-set lines: 0 first-set winner markets seen (0 matches with any set market)
tennis reads: 17 matches
sync: 130629 games stored, 52 calls, 0 failed, 10s
odds history: 0 games got odds, 55 calls, 0 failed, 7s
player stats: 1 box scores added, 1 to fetch, 0 failed, 1s
weather: 163 games got weather, 0 new stadiums located, 241s
4th-down rates: 32 NFL teams
news: 3 new drama tags
settled 2026-10-02 dog: won +154.00
PICK AUDIT FLAG 2026-10-02: dog Blues 154: 1.0u on a thin edge (under 3%) - should be ½u
beat the close: unit plays 2 of 5 better than the close, avg +1.0 pts
tuned in 71s: mlb trust 26% acc 58.7%, nba trust 19% acc 69.8%, ncaab trust 5% acc 67.4%, ncaaf trust 12% acc 74.4%, nfl trust 12% acc 66.2%, nhl trust 15% acc 54.1%
cover study: nba big favorites covered 50% of 3600 (adjust +0.03); ncaab big favorites covered 49% of 12334 (adjust -0.03); ncaaf big favorites covered 51% of 3372 (adjust +0.01); nfl big favorites covered 48% of 508 (adjust +0.04)
comeback study: nfl 2251 games s=1.3 w=1.50 m=+0.0 loss 0.476->0.468; ncaaf 5779 games s=1.2 w=1.25 m=+0.0 loss 0.362->0.360; nba 10227 games s=1.7 w=1.75 m=+0.0 loss 0.508->0.473; mlb 19827 games s=1.0 w=1.00 m=+0.1 loss 0.457->0.457; nhl 10067 games s=1.2 w=1.50 m=+0.0 loss 0.509->0.507; ncaab 29448 games s=1.3 w=1.50 m=-0.1 loss 0.433->0.416
halves study: nfl 2259 games: 1st half gets 51% of the edge (sd 10.29), 2nd 40%; 1st half leader wins 78%, tied 7%; ncaaf 5780 games: 1st half gets 61% of the edge (sd 11.88), 2nd 43%; 1st half leader wins 82%, tied 6%; nba 10227 games: 1st half gets 60% of the edge (sd 10.85), 2nd 43%; 1st half leader wins 74%, tied 3%; ncaab 29448 games: 1st half gets 62% of the edge (sd 9.11), 2nd 51%; 1st half leader wins 77%, tied 4%; mlb 20061 games: first 5 innings gets 67% of the edge (sd 3.34), 2nd 23%; first 5 innings leader wins 83%, tied 15%; nhl 10067 games: 1st period gets 28% of the edge (sd 1.3), 2nd 76%; 1st period leader wins 74%, tied 34%
lines study: nhl 20134 team-games, loss 0.607->0.584; mlb 40124 team-games, loss 0.654->0.637
spread/moneyline study: {'nfl': (0.5372, True), 'ncaaf': (0.4763, False), 'nba': (0.4527, False), 'ncaab': (0.482, False)}
hockey study: ['b2b', 'rest', 'travel'] 0.66572 vs line 0.66607
all: following hit 68.9% vs 68.0% the price said over 229249 (edge +0.8% older, +1.0% newer, z 10.19) -> watch only
streak: following hit 63.9% vs 63.3% the price said over 69526 (edge +0.6% older, +0.6% newer, z 3.57) -> watch only
rate: following hit 71.0% vs 70.0% the price said over 159723 (edge +0.9% older, +1.2% newer, z 9.94) -> watch only
streak|total: following hit 50.2% vs 50.0% the price said over 12423 (edge +0.1% older, +0.2% newer, z 0.4) -> watch only
streak|fav_ml: following hit 72.5% vs 71.5% the price said over 36307 (edge +0.9% older, +1.1% newer, z 4.44) -> watch only
streak|fav_cover: following hit 49.4% vs 50.0% the price said over 7717 (edge -1.5% older, +0.2% newer, z -1.13) -> watch only
streak|home: following hit 61.5% vs 60.8% the price said over 13079 (edge +0.9% older, +0.4% newer, z 1.81) -> watch only
rate|total: following hit 51.2% vs 50.0% the price said over 3884 (edge +1.2% older, +1.1% newer, z 1.44) -> watch only
rate|fav_ml: following hit 73.8% vs 72.8% the price said over 112263 (edge +0.9% older, +1.2% newer, z 8.24) -> watch only
rate|fav_cover: following hit 49.1% vs 50.0% the price said over 1791 (edge -0.1% older, -1.8% newer, z -0.78) -> watch only
rate|home: following hit 66.4% vs 65.3% the price said over 41785 (edge +1.1% older, +1.2% newer, z 5.76) -> watch only
nfl|streak: following hit 58.2% vs 59.8% the price said over 1522 (edge -2.5% older, -0.6% newer, z -1.28) -> watch only
nfl|rate: following hit 65.1% vs 65.0% the price said over 4067 (edge -0.2% older, +0.4% newer, z 0.1) -> watch only
ncaaf|streak: following hit 70.6% vs 70.2% the price said over 7178 (edge -0.3% older, +1.1% newer, z 0.82) -> watch only
ncaaf|rate: following hit 72.8% vs 71.9% the price said over 20818 (edge +0.8% older, +1.0% newer, z 3.21) -> watch only
nba|streak: following hit 61.2% vs 61.3% the price said over 9804 (edge -0.2% older, +0.1% newer, z -0.21) -> watch only
nba|rate: following hit 68.5% vs 68.7% the price said over 23773 (edge -0.1% older, -0.3% newer, z -0.76) -> watch only
ncaab|streak: following hit 67.6% vs 66.6% the price said over 35221 (edge +0.9% older, +1.0% newer, z 4.27) -> watch only
ncaab|rate: following hit 72.6% vs 71.1% the price said over 100554 (edge +1.4% older, +1.5% newer, z 10.97) -> watch only
mlb|streak: following hit 53.7% vs 53.6% the price said over 10762 (edge +0.6% older, -0.4% newer, z 0.17) -> watch only
mlb|rate: following hit 60.7% vs 59.5% the price said over 5362 (edge +0.0% older, +2.3% newer, z 1.73) -> watch only
nhl|streak: following hit 56.9% vs 55.5% the price said over 5039 (edge +1.7% older, +1.1% newer, z 2.04) -> watch only
nhl|rate: following hit 61.8% vs 61.1% the price said over 5149 (edge +0.3% older, +1.1% newer, z 1.06) -> watch only
proven: ncaab|rate|fav_cover, ncaaf|rate|total
ACTIVE mlb sunday: home team wins 216-185 (prices said 213.5) (6 straight) -> coin flip · next: Padres @ Brewers, Braves @ Dodgers
ACTIVE ncaaf thursday night: favorites win 9-2 (prices said 8.8) (6 straight) -> coin flip · next: Sam Houston @ Liberty, Missouri St @ Western KY, South Florida @ UTSA
ACTIVE mlb monday: home team wins 139-123 (prices said 137.6) (5 straight) -> coin flip · next: White Sox @ Guardians, Yankees @ Rays
ACTIVE ncaaf big favorite: favorites win 147-13 (prices said 139.9) -> coin flip · next: Memphis @ Charlotte, MTSU @ Kansas, UCF @ Houston
ACTIVE ncaaf saturday: favorites win 162-30 (prices said 152.9) -> coin flip · next: Memphis @ Charlotte, Alabama @ Mississippi St, MTSU @ Kansas
ACTIVE ncaaf away favorite: favorites win 45-12 (prices said 39.7) -> coin flip · next: Memphis @ Charlotte, Alabama @ Mississippi St, Notre Dame @ North Carolina
ACTIVE ncaaf home favorite: favorites win 144-23 (prices said 138.1) -> coin flip · next: MTSU @ Kansas, UCF @ Houston, West Virginia @ Iowa State
ACTIVE ncaaf big favorite: home team wins 128-32 (prices said 123.4) -> coin flip · next: Memphis @ Charlotte, MTSU @ Kansas, UCF @ Houston
totals study: {'nfl': (0.558, True), 'ncaaf': (0.4911, False), 'nba': (0.504, False), 'ncaab': (0.5271, True), 'mlb': (0.486, False), 'nhl': (0.4821, False)}
public splits: 87 upcoming games
self-check: 59 graded picks - we said 54%, they hit 58% (hitting at or above what we said)
  drama:none: 56 graded, said 54%, hit 61% - hitting at or above what we said
  market:ml: 54 graded, said 54%, hit 61% - hitting at or above what we said
  source:pregame: 46 graded, said 53%, hit 61% - hitting at or above what we said
  label:parlay leg: 38 graded, said 54%, hit 60% - only 38 graded - report only
  price:-149..-101: 37 graded, said 56%, hit 65% - only 37 graded - report only
  price:+101..+179: 20 graded, said 52%, hit 45% - only 20 graded - report only
  league:mlb: 19 graded, said 54%, hit 90% - only 19 graded - report only
  ctx:game:div: 17 graded, said 55%, hit 53% - only 17 graded - report only (report only: forward-only tag)
  ctx:game:rival: 15 graded, said 56%, hit 53% - only 15 graded - report only (report only: forward-only tag)
  label:live: 13 graded, said 57%, hit 46% - only 13 graded - report only
  league:nfl: 13 graded, said 59%, hit 77% - only 13 graded - report only
  league:nhl: 13 graded, said 52%, hit 15% - only 13 graded - report only
  source:live: 13 graded, said 57%, hit 46% - only 13 graded - report only
  ctx:game:conf: 12 graded, said 53%, hit 50% - only 12 graded - report only (report only: forward-only tag)
  league:tennis: 10 graded, said 52%, hit 40% - only 10 graded - report only
  ctx:them:trip1000: 7 graded, said 55%, hit 86% - only 7 graded - report only (report only: forward-only tag)
  market:spread: 5 graded, said 54%, hit 20% - only 5 graded - report only
  ctx:them:east1000: 4 graded, said 56%, hit 100% - only 4 graded - report only (report only: forward-only tag)
  ctx:them:week3000: 4 graded, said 56%, hit 100% - only 4 graded - report only (report only: forward-only tag)
  label:lock: 4 graded, said 57%, hit 100% - only 4 graded - report only
  league:ncaaf: 4 graded, said 53%, hit 25% - only 4 graded - report only
  ctx:them:west1000: 3 graded, said 54%, hit 67% - only 3 graded - report only (report only: forward-only tag)
  drama:theirs: 3 graded, said 56%, hit 0% - only 3 graded - report only
  label:dog: 3 graded, said 39%, hit 0% - only 3 graded - report only
  ctx:them:trip2000: 2 graded, said 55%, hit 100% - only 2 graded - report only (report only: forward-only tag)
  ctx:us:trip1000: 2 graded, said 51%, hit 0% - only 2 graded - report only (report only: forward-only tag)
  ctx:us:west1000: 2 graded, said 51%, hit 0% - only 2 graded - report only (report only: forward-only tag)
  ctx:game:nonconf: 1 graded, said 52%, hit 0% - only 1 graded - report only (report only: forward-only tag)
  label:value: 1 graded, said 52%, hit 100% - only 1 graded - report only
  price:+180+: 1 graded, said 35%, hit 0% - only 1 graded - report only
  price:pick'em: 1 graded, said 58%, hit 100% - only 1 graded - report only
  (13 graded live bets were logged without a said chance - left out)
extra edge now needed: none
tennis sync: 72753 matches stored, 18 calls, 0 failed
tennis study ATP: 25910 rated matches, acc 0.6355 (surface ratings alone 0.6375), loss 0.632 vs 0.6322, own weights [-0.005, 0.829, 0.074, 0.14, 0.425, 0.051, 0.049]
tennis study ATP life factors vs current loss 0.632: experience 0.633 (-0.93 mnats, z -0.89), age 0.6283 (+3.77 mnats, z 2.75), young_vs_aging 0.6314 (+0.66 mnats, z 1.6), last_match 0.6293 (+2.70 mnats, z 1.88), streaks 0.6325 (-0.48 mnats, z -0.47), first_set 0.6309 (+1.08 mnats, z 1.72), injury 0.6327 (-0.66 mnats, z -0.94), travel 0.6321 (-0.09 mnats, z -1.19) -> KEPT age · 2000/2000 graded matches have both ages
tennis study WTA: 30246 rated matches, acc 0.6465 (surface ratings alone 0.6465), loss 0.622 vs 0.6206, own weights [0.005, 0.906, -0.001, -0.103, 0.31, 0.029, -0.192]
tennis study WTA life factors vs current loss 0.622: experience 0.6176 (+4.38 mnats, z 2.6), age 0.6217 (+0.36 mnats, z 0.44), young_vs_aging 0.6219 (+0.07 mnats, z 0.4), last_match 0.6214 (+0.61 mnats, z 0.63), streaks 0.6223 (-0.29 mnats, z -0.58), first_set 0.621 (+0.99 mnats, z 2.31), injury 0.6212 (+0.78 mnats, z 1.35), travel 0.6221 (-0.09 mnats, z -0.57) -> KEPT experience+first_set · 2000/2000 graded matches have both ages
tennis odds: 0 singles matches priced (bovada)
tennis first-set lines: 0 first-set winner markets seen (0 matches with any set market)
tennis reads: 27 matches
sync: 130629 games stored, 52 calls, 0 failed, 9s
odds history: 0 games got odds, 55 calls, 0 failed, 4s
player stats: 0 box scores added, 0 to fetch, 0 failed, 1s
weather: 334 games got weather, 0 new stadiums located, 137s
4th-down rates: 32 NFL teams
news: 3 new drama tags
PICK AUDIT FLAG 2026-10-02: dog Blues 154: 1.0u on a thin edge (under 3%) - should be ½u
beat the close: unit plays 2 of 5 better than the close, avg +1.0 pts
public splits: 87 upcoming games
tennis sync: 72753 matches stored, 18 calls, 0 failed
tennis study ATP: 25910 rated matches, acc 0.6355 (surface ratings alone 0.6375), loss 0.632 vs 0.6322, own weights [-0.005, 0.829, 0.074, 0.14, 0.425, 0.051, 0.049]
tennis study ATP life factors vs current loss 0.632: experience 0.633 (-0.93 mnats, z -0.89), age 0.6283 (+3.77 mnats, z 2.75), young_vs_aging 0.6314 (+0.66 mnats, z 1.6), last_match 0.6293 (+2.70 mnats, z 1.88), streaks 0.6325 (-0.48 mnats, z -0.47), first_set 0.6309 (+1.08 mnats, z 1.72), injury 0.6327 (-0.66 mnats, z -0.94), travel 0.6321 (-0.09 mnats, z -1.19) -> KEPT age · 2000/2000 graded matches have both ages
tennis study WTA: 30246 rated matches, acc 0.6465 (surface ratings alone 0.6465), loss 0.622 vs 0.6206, own weights [0.005, 0.906, -0.001, -0.103, 0.31, 0.029, -0.192]
tennis study WTA life factors vs current loss 0.622: experience 0.6176 (+4.38 mnats, z 2.6), age 0.6217 (+0.36 mnats, z 0.44), young_vs_aging 0.6219 (+0.07 mnats, z 0.4), last_match 0.6214 (+0.61 mnats, z 0.63), streaks 0.6223 (-0.29 mnats, z -0.58), first_set 0.621 (+0.99 mnats, z 2.31), injury 0.6212 (+0.78 mnats, z 1.35), travel 0.6221 (-0.09 mnats, z -0.57) -> KEPT experience+first_set · 2000/2000 graded matches have both ages
tennis odds: 0 singles matches priced (bovada)
tennis first-set lines: 0 first-set winner markets seen (0 matches with any set market)
tennis reads: 25 matches
sync: 130629 games stored, 52 calls, 0 failed, 9s
odds history: 0 games got odds, 55 calls, 0 failed, 7s
player stats: 0 box scores added, 0 to fetch, 0 failed, 1s
weather: 334 games got weather, 0 new stadiums located, 136s
4th-down rates: 32 NFL teams
news: 3 new drama tags
PICK AUDIT FLAG 2026-10-02: dog Blues 154: 1.0u on a thin edge (under 3%) - should be ½u
beat the close: unit plays 2 of 5 better than the close, avg +1.0 pts
public splits: 87 upcoming games
tennis sync: 72753 matches stored, 18 calls, 0 failed
tennis study ATP: 25911 rated matches, acc 0.6355 (surface ratings alone 0.6375), loss 0.6321 vs 0.6323, own weights [-0.005, 0.829, 0.074, 0.141, 0.425, 0.051, 0.049]
tennis study ATP life factors vs current loss 0.6321: experience 0.633 (-0.91 mnats, z -0.87), age 0.6283 (+3.77 mnats, z 2.75), young_vs_aging 0.6314 (+0.66 mnats, z 1.6), last_match 0.6294 (+2.74 mnats, z 1.9), streaks 0.6326 (-0.47 mnats, z -0.47), first_set 0.631 (+1.10 mnats, z 1.76), injury 0.6327 (-0.63 mnats, z -0.91), travel 0.6322 (-0.09 mnats, z -1.19) -> KEPT age · 2000/2000 graded matches have both ages
tennis study WTA: 30246 rated matches, acc 0.6465 (surface ratings alone 0.6465), loss 0.622 vs 0.6206, own weights [0.005, 0.906, -0.001, -0.103, 0.31, 0.029, -0.192]
tennis study WTA life factors vs current loss 0.622: experience 0.6176 (+4.38 mnats, z 2.6), age 0.6217 (+0.36 mnats, z 0.44), young_vs_aging 0.6219 (+0.07 mnats, z 0.4), last_match 0.6214 (+0.61 mnats, z 0.63), streaks 0.6223 (-0.29 mnats, z -0.58), first_set 0.621 (+0.99 mnats, z 2.31), injury 0.6212 (+0.78 mnats, z 1.35), travel 0.6221 (-0.09 mnats, z -0.57) -> KEPT experience+first_set · 2000/2000 graded matches have both ages
tennis odds: 0 singles matches priced (bovada)
tennis first-set lines: 0 first-set winner markets seen (0 matches with any set market)
tennis reads: 24 matches
sync: 130629 games stored, 52 calls, 0 failed, 9s
odds history: 0 games got odds, 55 calls, 0 failed, 3s
player stats: 1 box scores added, 1 to fetch, 0 failed, 1s
weather: 194 games got weather, 0 new stadiums located, 240s
4th-down rates: 32 NFL teams
news: 3 new drama tags
PICK AUDIT FLAG 2026-10-02: dog Blues 154: 1.0u on a thin edge (under 3%) - should be ½u
beat the close: unit plays 2 of 5 better than the close, avg +1.0 pts
tuned in 149s: mlb trust 26% acc 58.7%, nba trust 19% acc 69.8%, ncaab trust 5% acc 67.4%, ncaaf trust 12% acc 74.4%, nfl trust 12% acc 66.2%, nhl trust 18% acc 54.1%
cover study: nba big favorites covered 50% of 3600 (adjust +0.03); ncaab big favorites covered 49% of 12334 (adjust -0.03); ncaaf big favorites covered 51% of 3372 (adjust +0.01); nfl big favorites covered 48% of 508 (adjust +0.04)
comeback study: nfl 2251 games s=1.3 w=1.50 m=+0.0 loss 0.476->0.468; ncaaf 5779 games s=1.2 w=1.25 m=+0.0 loss 0.362->0.360; nba 10227 games s=1.7 w=1.75 m=+0.0 loss 0.508->0.473; mlb 19827 games s=1.0 w=1.00 m=+0.1 loss 0.457->0.457; nhl 10068 games s=1.2 w=1.50 m=+0.0 loss 0.509->0.506; ncaab 29448 games s=1.3 w=1.50 m=-0.1 loss 0.433->0.416
halves study: nfl 2259 games: 1st half gets 51% of the edge (sd 10.29), 2nd 40%; 1st half leader wins 78%, tied 7%; ncaaf 5780 games: 1st half gets 61% of the edge (sd 11.88), 2nd 43%; 1st half leader wins 82%, tied 6%; nba 10227 games: 1st half gets 60% of the edge (sd 10.85), 2nd 43%; 1st half leader wins 74%, tied 3%; ncaab 29448 games: 1st half gets 62% of the edge (sd 9.11), 2nd 51%; 1st half leader wins 77%, tied 4%; mlb 20061 games: first 5 innings gets 67% of the edge (sd 3.34), 2nd 23%; first 5 innings leader wins 83%, tied 15%; nhl 10068 games: 1st period gets 28% of the edge (sd 1.3), 2nd 76%; 1st period leader wins 74%, tied 34%
lines study: nhl 20136 team-games, loss 0.607->0.584; mlb 40124 team-games, loss 0.654->0.637
spread/moneyline study: {'nfl': (0.5372, True), 'ncaaf': (0.4763, False), 'nba': (0.4527, False), 'ncaab': (0.482, False)}
hockey study: ['b2b', 'rest', 'travel'] 0.66585 vs line 0.6662
all: following hit 68.9% vs 68.0% the price said over 229249 (edge +0.8% older, +1.0% newer, z 10.19) -> watch only
streak: following hit 63.9% vs 63.3% the price said over 69526 (edge +0.6% older, +0.6% newer, z 3.57) -> watch only
rate: following hit 71.0% vs 70.0% the price said over 159723 (edge +0.9% older, +1.2% newer, z 9.94) -> watch only
streak|total: following hit 50.2% vs 50.0% the price said over 12423 (edge +0.1% older, +0.2% newer, z 0.4) -> watch only
streak|fav_ml: following hit 72.5% vs 71.5% the price said over 36307 (edge +0.9% older, +1.1% newer, z 4.44) -> watch only
streak|fav_cover: following hit 49.4% vs 50.0% the price said over 7717 (edge -1.5% older, +0.2% newer, z -1.13) -> watch only
streak|home: following hit 61.5% vs 60.8% the price said over 13079 (edge +0.9% older, +0.4% newer, z 1.81) -> watch only
rate|total: following hit 51.2% vs 50.0% the price said over 3884 (edge +1.2% older, +1.1% newer, z 1.44) -> watch only
rate|fav_ml: following hit 73.8% vs 72.8% the price said over 112263 (edge +0.9% older, +1.2% newer, z 8.24) -> watch only
rate|fav_cover: following hit 49.1% vs 50.0% the price said over 1791 (edge -0.1% older, -1.8% newer, z -0.78) -> watch only
rate|home: following hit 66.4% vs 65.3% the price said over 41785 (edge +1.1% older, +1.2% newer, z 5.76) -> watch only
nfl|streak: following hit 58.2% vs 59.8% the price said over 1522 (edge -2.5% older, -0.6% newer, z -1.28) -> watch only
nfl|rate: following hit 65.1% vs 65.0% the price said over 4067 (edge -0.2% older, +0.4% newer, z 0.1) -> watch only
ncaaf|streak: following hit 70.6% vs 70.2% the price said over 7178 (edge -0.3% older, +1.1% newer, z 0.82) -> watch only
ncaaf|rate: following hit 72.8% vs 71.9% the price said over 20818 (edge +0.8% older, +1.0% newer, z 3.21) -> watch only
nba|streak: following hit 61.2% vs 61.3% the price said over 9804 (edge -0.2% older, +0.1% newer, z -0.21) -> watch only
nba|rate: following hit 68.5% vs 68.7% the price said over 23773 (edge -0.1% older, -0.3% newer, z -0.76) -> watch only
ncaab|streak: following hit 67.6% vs 66.6% the price said over 35221 (edge +0.9% older, +1.0% newer, z 4.27) -> watch only
ncaab|rate: following hit 72.6% vs 71.1% the price said over 100554 (edge +1.4% older, +1.5% newer, z 10.97) -> watch only
mlb|streak: following hit 53.7% vs 53.6% the price said over 10762 (edge +0.6% older, -0.4% newer, z 0.17) -> watch only
mlb|rate: following hit 60.7% vs 59.5% the price said over 5362 (edge +0.0% older, +2.3% newer, z 1.73) -> watch only
nhl|streak: following hit 56.9% vs 55.5% the price said over 5039 (edge +1.7% older, +1.1% newer, z 2.04) -> watch only
nhl|rate: following hit 61.8% vs 61.1% the price said over 5149 (edge +0.3% older, +1.1% newer, z 1.06) -> watch only
proven: ncaab|rate|fav_cover, ncaaf|rate|total
ACTIVE nhl friday: underdogs win 5-0 (prices said 2.1) (5 straight) -> coin flip
ACTIVE nhl friday: road team wins 5-0 (prices said 2.1) (5 straight) -> coin flip
ACTIVE nhl home favorite: underdogs win 10-6 (prices said 6.5) (5 straight) -> coin flip · next: Blackhawks @ Sabres, Capitals @ Lightning, Senators @ Maple Leafs
ACTIVE mlb sunday: home team wins 216-185 (prices said 213.5) (6 straight) -> coin flip · next: Padres @ Brewers, Braves @ Dodgers
ACTIVE ncaaf thursday night: favorites win 9-2 (prices said 8.8) (6 straight) -> coin flip · next: Sam Houston @ Liberty, Missouri St @ Western KY, South Florida @ UTSA
ACTIVE mlb monday: home team wins 139-123 (prices said 137.6) (5 straight) -> coin flip · next: White Sox @ Guardians, Yankees @ Rays
ACTIVE ncaaf big favorite: favorites win 147-13 (prices said 139.9) -> coin flip · next: Memphis @ Charlotte, MTSU @ Kansas, UCF @ Houston
ACTIVE ncaaf saturday: favorites win 162-30 (prices said 152.9) -> coin flip · next: Memphis @ Charlotte, Alabama @ Mississippi St, MTSU @ Kansas
totals study: {'nfl': (0.558, True), 'ncaaf': (0.4911, False), 'nba': (0.504, False), 'ncaab': (0.5271, True), 'mlb': (0.486, False), 'nhl': (0.4821, False)}
public splits: 87 upcoming games
tennis sync: 72753 matches stored, 18 calls, 0 failed
tennis study ATP: 25911 rated matches, acc 0.6355 (surface ratings alone 0.6375), loss 0.6321 vs 0.6323, own weights [-0.005, 0.829, 0.074, 0.141, 0.425, 0.051, 0.049]
tennis study ATP life factors vs current loss 0.6321: experience 0.633 (-0.91 mnats, z -0.87), age 0.6283 (+3.77 mnats, z 2.75), young_vs_aging 0.6314 (+0.66 mnats, z 1.6), last_match 0.6294 (+2.74 mnats, z 1.9), streaks 0.6326 (-0.47 mnats, z -0.47), first_set 0.631 (+1.10 mnats, z 1.76), injury 0.6327 (-0.63 mnats, z -0.91), travel 0.6322 (-0.09 mnats, z -1.19) -> KEPT age · 2000/2000 graded matches have both ages
tennis study WTA: 30250 rated matches, acc 0.647 (surface ratings alone 0.6475), loss 0.6216 vs 0.6201, own weights [0.005, 0.906, -0.001, -0.105, 0.31, 0.029, -0.192]
tennis study WTA life factors vs current loss 0.6216: experience 0.6171 (+4.51 mnats, z 2.68), age 0.6213 (+0.28 mnats, z 0.33), young_vs_aging 0.6215 (+0.07 mnats, z 0.45), last_match 0.6212 (+0.37 mnats, z 0.38), streaks 0.6219 (-0.31 mnats, z -0.63), first_set 0.6206 (+0.95 mnats, z 2.21), injury 0.6208 (+0.76 mnats, z 1.32), travel 0.6217 (-0.08 mnats, z -0.57) -> KEPT experience+first_set · 2000/2000 graded matches have both ages
tennis odds: 0 singles matches priced (bovada)
tennis first-set lines: 0 first-set winner markets seen (0 matches with any set market)
tennis reads: 23 matches
sync: 130629 games stored, 52 calls, 0 failed, 10s
odds history: 0 games got odds, 55 calls, 0 failed, 6s
player stats: 0 box scores added, 1 to fetch, 0 failed, 1s
weather: 160 games got weather, 0 new stadiums located, 240s
4th-down rates: 32 NFL teams
news: 3 new drama tags
PICK AUDIT FLAG 2026-10-02: dog Blues 154: 1.0u on a thin edge (under 3%) - should be ½u
beat the close: unit plays 2 of 5 better than the close, avg +1.0 pts
tuned in 71s: mlb trust 26% acc 58.7%, nba trust 19% acc 69.8%, ncaab trust 5% acc 67.4%, ncaaf trust 10% acc 74.3%, nfl trust 12% acc 66.2%, nhl trust 18% acc 54.1%
cover study: nba big favorites covered 50% of 3600 (adjust +0.03); ncaab big favorites covered 49% of 12334 (adjust -0.03); ncaaf big favorites covered 51% of 3373 (adjust +0.01); nfl big favorites covered 48% of 508 (adjust +0.04)
comeback study: nfl 2251 games s=1.3 w=1.50 m=+0.0 loss 0.476->0.468; ncaaf 5780 games s=1.2 w=1.25 m=+0.0 loss 0.362->0.360; nba 10227 games s=1.7 w=1.75 m=+0.0 loss 0.508->0.473; mlb 19827 games s=1.0 w=1.00 m=+0.1 loss 0.457->0.457; nhl 10068 games s=1.2 w=1.50 m=+0.0 loss 0.509->0.506; ncaab 29448 games s=1.3 w=1.50 m=-0.1 loss 0.433->0.416
halves study: nfl 2259 games: 1st half gets 51% of the edge (sd 10.29), 2nd 40%; 1st half leader wins 78%, tied 7%; ncaaf 5781 games: 1st half gets 61% of the edge (sd 11.88), 2nd 43%; 1st half leader wins 82%, tied 6%; nba 10227 games: 1st half gets 60% of the edge (sd 10.85), 2nd 43%; 1st half leader wins 74%, tied 3%; ncaab 29448 games: 1st half gets 62% of the edge (sd 9.11), 2nd 51%; 1st half leader wins 77%, tied 4%; mlb 20061 games: first 5 innings gets 67% of the edge (sd 3.34), 2nd 23%; first 5 innings leader wins 83%, tied 15%; nhl 10068 games: 1st period gets 28% of the edge (sd 1.3), 2nd 76%; 1st period leader wins 74%, tied 34%
lines study: nhl 20136 team-games, loss 0.607->0.584; mlb 40124 team-games, loss 0.654->0.637
spread/moneyline study: {'nfl': (0.5372, True), 'ncaaf': (0.4763, False), 'nba': (0.4527, False), 'ncaab': (0.482, False)}
hockey study: ['b2b', 'rest', 'travel'] 0.66585 vs line 0.6662
all: following hit 68.9% vs 68.0% the price said over 229253 (edge +0.8% older, +1.0% newer, z 10.18) -> watch only
streak: following hit 63.9% vs 63.3% the price said over 69526 (edge +0.6% older, +0.6% newer, z 3.57) -> watch only
rate: following hit 71.0% vs 70.0% the price said over 159727 (edge +0.9% older, +1.2% newer, z 9.93) -> watch only
streak|total: following hit 50.2% vs 50.0% the price said over 12423 (edge +0.1% older, +0.2% newer, z 0.4) -> watch only
streak|fav_ml: following hit 72.5% vs 71.5% the price said over 36307 (edge +0.9% older, +1.1% newer, z 4.44) -> watch only
streak|fav_cover: following hit 49.4% vs 50.0% the price said over 7717 (edge -1.5% older, +0.2% newer, z -1.13) -> watch only
streak|home: following hit 61.5% vs 60.8% the price said over 13079 (edge +0.9% older, +0.4% newer, z 1.81) -> watch only
rate|total: following hit 51.2% vs 50.0% the price said over 3884 (edge +1.2% older, +1.1% newer, z 1.44) -> watch only
rate|fav_ml: following hit 73.8% vs 72.8% the price said over 112266 (edge +0.9% older, +1.2% newer, z 8.23) -> watch only
rate|fav_cover: following hit 49.1% vs 50.0% the price said over 1791 (edge -0.1% older, -1.8% newer, z -0.78) -> watch only
rate|home: following hit 66.4% vs 65.3% the price said over 41786 (edge +1.1% older, +1.2% newer, z 5.77) -> watch only
nfl|streak: following hit 58.2% vs 59.8% the price said over 1522 (edge -2.5% older, -0.6% newer, z -1.28) -> watch only
nfl|rate: following hit 65.1% vs 65.0% the price said over 4067 (edge -0.2% older, +0.4% newer, z 0.1) -> watch only
ncaaf|streak: following hit 70.6% vs 70.2% the price said over 7178 (edge -0.3% older, +1.1% newer, z 0.82) -> watch only
ncaaf|rate: following hit 72.8% vs 71.9% the price said over 20822 (edge +0.8% older, +1.0% newer, z 3.19) -> watch only
nba|streak: following hit 61.2% vs 61.3% the price said over 9804 (edge -0.2% older, +0.1% newer, z -0.21) -> watch only
nba|rate: following hit 68.5% vs 68.7% the price said over 23773 (edge -0.1% older, -0.3% newer, z -0.76) -> watch only
ncaab|streak: following hit 67.6% vs 66.6% the price said over 35221 (edge +0.9% older, +1.0% newer, z 4.27) -> watch only
ncaab|rate: following hit 72.6% vs 71.1% the price said over 100554 (edge +1.4% older, +1.5% newer, z 10.97) -> watch only
mlb|streak: following hit 53.7% vs 53.6% the price said over 10762 (edge +0.6% older, -0.4% newer, z 0.17) -> watch only
mlb|rate: following hit 60.7% vs 59.5% the price said over 5362 (edge +0.0% older, +2.3% newer, z 1.73) -> watch only
nhl|streak: following hit 56.9% vs 55.5% the price said over 5039 (edge +1.7% older, +1.1% newer, z 2.04) -> watch only
nhl|rate: following hit 61.8% vs 61.1% the price said over 5149 (edge +0.3% older, +1.1% newer, z 1.06) -> watch only
proven: ncaab|rate|fav_cover, ncaaf|rate|total
ACTIVE nhl friday: underdogs win 5-0 (prices said 2.1) (5 straight) -> coin flip
ACTIVE nhl friday: road team wins 5-0 (prices said 2.1) (5 straight) -> coin flip
ACTIVE nhl home favorite: underdogs win 10-6 (prices said 6.5) (5 straight) -> coin flip · next: Blackhawks @ Sabres, Capitals @ Lightning, Senators @ Maple Leafs
ACTIVE mlb sunday: home team wins 216-185 (prices said 213.5) (6 straight) -> coin flip · next: Padres @ Brewers, Braves @ Dodgers
ACTIVE ncaaf thursday night: favorites win 9-2 (prices said 8.8) (6 straight) -> coin flip · next: Sam Houston @ Liberty, Missouri St @ Western KY, South Florida @ UTSA
ACTIVE mlb monday: home team wins 139-123 (prices said 137.6) (5 straight) -> coin flip · next: White Sox @ Guardians, Yankees @ Rays
ACTIVE ncaaf saturday: favorites win 162-30 (prices said 152.9) -> coin flip · next: Memphis @ Charlotte, Alabama @ Mississippi St, MTSU @ Kansas
ACTIVE ncaaf big favorite: favorites win 147-14 (prices said 140.7) -> coin flip · next: Memphis @ Charlotte, MTSU @ Kansas, UCF @ Houston
totals study: {'nfl': (0.558, True), 'ncaaf': (0.4911, False), 'nba': (0.504, False), 'ncaab': (0.5271, True), 'mlb': (0.486, False), 'nhl': (0.4821, False)}
public splits: 87 upcoming games
tennis sync: 72753 matches stored, 18 calls, 0 failed
tennis study ATP: 25913 rated matches, acc 0.636 (surface ratings alone 0.638), loss 0.6316 vs 0.6318, own weights [-0.005, 0.829, 0.074, 0.141, 0.425, 0.051, 0.049]
tennis study ATP life factors vs current loss 0.6316: experience 0.6325 (-0.96 mnats, z -0.92), age 0.6277 (+3.84 mnats, z 2.81), young_vs_aging 0.6309 (+0.66 mnats, z 1.6), last_match 0.6288 (+2.75 mnats, z 1.91), streaks 0.6321 (-0.47 mnats, z -0.46), first_set 0.6305 (+1.12 mnats, z 1.8), injury 0.6322 (-0.65 mnats, z -0.93), travel 0.6317 (-0.09 mnats, z -1.19) -> KEPT age · 2000/2000 graded matches have both ages
tennis study WTA: 30251 rated matches, acc 0.647 (surface ratings alone 0.6475), loss 0.6216 vs 0.6203, own weights [0.005, 0.906, -0.001, -0.105, 0.31, 0.029, -0.188]
tennis study WTA life factors vs current loss 0.6216: experience 0.6171 (+4.53 mnats, z 2.69), age 0.6214 (+0.26 mnats, z 0.31), young_vs_aging 0.6216 (+0.08 mnats, z 0.48), last_match 0.6213 (+0.36 mnats, z 0.36), streaks 0.622 (-0.33 mnats, z -0.66), first_set 0.6207 (+0.95 mnats, z 2.21), injury 0.6209 (+0.76 mnats, z 1.32), travel 0.6217 (-0.08 mnats, z -0.57) -> KEPT experience+first_set · 2000/2000 graded matches have both ages
tennis odds: 0 singles matches priced (bovada)
tennis first-set lines: 0 first-set winner markets seen (0 matches with any set market)
tennis reads: 20 matches
sync: 130629 games stored, 52 calls, 0 failed, 9s
odds history: 3 games got odds, 55 calls, 0 failed, 4s
player stats: 0 box scores added, 0 to fetch, 0 failed, 1s
weather: 174 games got weather, 0 new stadiums located, 242s
4th-down rates: 32 NFL teams
news: 3 new drama tags
PICK AUDIT FLAG 2026-10-02: dog Blues 154: 1.0u on a thin edge (under 3%) - should be ½u
beat the close: unit plays 2 of 5 better than the close, avg +1.0 pts
public splits: 87 upcoming games
tennis sync: 72753 matches stored, 18 calls, 0 failed
tennis study ATP: 25914 rated matches, acc 0.636 (surface ratings alone 0.638), loss 0.6317 vs 0.6318, own weights [-0.005, 0.829, 0.074, 0.142, 0.425, 0.051, 0.049]
tennis study ATP life factors vs current loss 0.6317: experience 0.6326 (-0.95 mnats, z -0.9), age 0.6278 (+3.84 mnats, z 2.81), young_vs_aging 0.631 (+0.66 mnats, z 1.6), last_match 0.6289 (+2.73 mnats, z 1.9), streaks 0.6322 (-0.49 mnats, z -0.49), first_set 0.6305 (+1.14 mnats, z 1.82), injury 0.6323 (-0.65 mnats, z -0.93), travel 0.6318 (-0.09 mnats, z -1.19) -> KEPT age · 2000/2000 graded matches have both ages
tennis study WTA: 30255 rated matches, acc 0.647 (surface ratings alone 0.6475), loss 0.6212 vs 0.6199, own weights [0.005, 0.906, -0.002, -0.104, 0.31, 0.029, -0.188]
tennis study WTA life factors vs current loss 0.6212: experience 0.6166 (+4.61 mnats, z 2.75), age 0.621 (+0.21 mnats, z 0.26), young_vs_aging 0.6211 (+0.10 mnats, z 0.6), last_match 0.6208 (+0.45 mnats, z 0.45), streaks 0.6215 (-0.30 mnats, z -0.6), first_set 0.6203 (+0.95 mnats, z 2.23), injury 0.6205 (+0.72 mnats, z 1.25), travel 0.6213 (-0.08 mnats, z -0.56) -> KEPT experience+first_set · 2000/2000 graded matches have both ages
tennis odds: 0 singles matches priced (bovada)
tennis first-set lines: 0 first-set winner markets seen (0 matches with any set market)
tennis reads: 16 matches
