✅ underdogs + favorites: 3s · proven: {"nfl": [], "nfl price check": false, "ncaaf": [], "ncaaf price check": false, "nba": [], "nba price check": false, "ncaab": [], "ncaab price check": true, "mlb": [], "mlb price check": false, "nhl": [], "nhl price check": true}
✅ over/unders: 12s · proven: {"nfl": true, "ncaaf": false, "nba": false, "ncaab": true, "mlb": false, "nhl": false}
✅ hockey: 21s · proven: null
✅ spread vs moneyline: 12s · proven: {"nfl": true, "ncaaf": false, "nba": false, "ncaab": false}
✅ puck lines / run lines: 7s · proven: null
✅ halves / first period: 2s · proven: null
✅ comebacks: 194s · proven: null
✅ trends: 10s · proven: {"proven": ["ncaab|rate|fav_cover"]}
✅ rigged / fade the public: 1s · proven: {"proven": []}
✅ self-check on our picks: 0s · proven: null
✅ situational spots: 18s · proven: {"nfl": [], "ncaaf": [], "nba": [], "ncaab": [], "mlb": [], "nhl": []}
✅ line movement + CLV: 2s · proven: {"proven": []}
THE CONTEXT STUDY: 566 tests with 300+ bets; bar z >= 3.5 + profit in both halves. Luck alone: ~0.132 false positives expected (fake no-edge results passed 0.0 on average); refs: officials.json loaded
nfl: 2770 games · proven - · confirmed - · killed -
   ref_home-|spread|dog         n=   439 roi old +0.021 new +0.092 edge +0.0519 z=+1.24
   any:out_dome|total|over      n=   461 roi old +0.057 new +0.025 edge +0.0444 z=+0.93
   div|spread|dog               n=   775 roi old +0.028 new +0.028 edge +0.0372 z=+0.82
   out_dome|ml|team             n=   449 roi old +0.121 new -0.031 edge +0.0396 z=+0.75
   any:dome_out|total|under     n=   456 roi old +0.014 new +0.040 edge +0.0374 z=+0.61
   nonconf|total|under          n=   565 roi old +0.072 new -0.040 edge +0.0312 z=+0.39
ncaaf: 8324 games · proven - · confirmed - · killed -
   any:east1000|total|under     n=   407 roi old +0.054 new +0.058 edge +0.0530 z=+1.19
   east1000|ml|team             n=   402 roi old +0.131 new -0.041 edge -0.0007 z=+0.46
   any:west1000|total|over      n=   360 roi old -0.026 new +0.059 edge +0.0329 z=+0.33
   west1000|ml|fade             n=   353 roi old -0.026 new +0.041 edge +0.0206 z=+0.10
   trip1000|ml|fade             n=   745 roi old -0.008 new +0.013 edge +0.0101 z=+0.05
   any:bowl5|total|over         n=   353 roi old +0.051 new -0.052 edge +0.0238 z=-0.02
nba: 12833 games · proven - · confirmed - · killed -
   any:rest|total|over          n=   328 roi old +0.140 new +0.105 edge +0.0881 z=+2.36
   ref_under|ml|road            n=   384 roi old +0.116 new +0.248 edge +0.0791 z=+2.33
   any:tank|total|over          n=   584 roi old +0.006 new +0.124 edge +0.0581 z=+1.66
   any:elim|total|over          n=   664 roi old -0.017 new +0.110 edge +0.0481 z=+1.26
   ref_under|ml|dog             n=   381 roi old +0.021 new +0.183 edge +0.0474 z=+1.19
   tank|spread|fade             n=   527 roi old +0.032 new +0.050 edge +0.0445 z=+0.99
ncaab: 59096 games · proven - · confirmed - · killed -
   ref_under|total|under        n=  1907 roi old +0.047 new +0.089 edge +0.0592 z=+3.15
   ref_over|total|over          n=  1856 roi old +0.042 new +0.002 edge +0.0358 z=+1.01
   rival|spread|home            n=   368 roi old +0.130 new -0.055 edge +0.0435 z=+0.76
   road3in6|spread|team         n=   491 roi old +0.006 new +0.058 edge +0.0403 z=+0.74
   ref_over|spread|road         n=  1843 roi old +0.035 new -0.008 edge +0.0303 z=+0.59
   rival|total|under            n=   371 roi old +0.084 new -0.042 edge +0.0342 z=+0.41
mlb: 23237 games · proven - · confirmed - · killed -
   east1000|ml|team             n=  1396 roi old +0.043 new -0.009 edge +0.0246 z=+0.59
   trip2000|ml|fade             n=   659 roi old +0.088 new -0.044 edge +0.0258 z=+0.55
   nonconf|ml|road              n=  4275 roi old +0.039 new -0.032 edge +0.0179 z=+0.20
   any:west1000|total|over      n=  1441 roi old -0.028 new +0.030 edge +0.0232 z=+0.04
   trip1000|ml|team             n=  2472 roi old -0.006 new +0.005 edge +0.0162 z=-0.01
   ref_under|total|under        n=  3080 roi old +0.001 new -0.004 edge +0.0215 z=-0.08
nhl: 13215 games · proven - · confirmed - · killed -
   ref_home+|ml|road            n=   476 roi old +0.057 new -0.014 edge +0.0261 z=+0.41
   race|ml|team                 n=  1320 roi old +0.025 new -0.022 edge +0.0237 z=+0.04
   mustwin|ml|team              n=  1228 roi old +0.036 new -0.040 edge +0.0226 z=-0.07
   ref_home+|total|over         n=   461 roi old -0.023 new +0.001 edge +0.0164 z=-0.25
   trip2000|ml|fade             n=   525 roi old -0.023 new -0.001 edge +0.0093 z=-0.26
   ref_home+|ml|dog             n=   468 roi old +0.038 new -0.073 edge +0.0054 z=-0.31
✅ context: rivalries, travel, domes, stakes, refs: 37s · proven: {"nfl": [], "ncaaf": [], "nba": [], "ncaab": [], "mlb": [], "nhl": []}
THE EXPLORER: tested 6000 NEW angles (16000 ever) in 39.6s
   new suspects: 0 (luck alone would give ~1.4) · promoted to PROVEN: 0 · killed: 0 · proven demoted: 0
   now watching 0 suspects · 0 proven · 0 killed
   TEAM TRENDS pooled across sports (all games so far; 'follow' = ride the trend, 'fade' = bet against it; the bar: 300+ bets, profit in both halves, z 3.5+):
   1st-quarter form|ml: n=23927 (2018-04-07..2026-09-27) follow hit 62.3% older / 62.9% newer (fair 61.3%, roi -0.022 / -0.026, z -3.95, edge z 4.5) · fade hit 37.7% / 37.1% (roi -0.098 / -0.145, z -12.3) -> no edge
   1st-quarter form|p1ml: n=14401 (2018-09-09..2026-09-27) follow hit 60.6% older / 61.4% newer (fair 59.7%, roi -0.031 / -0.035, z -4.55, edge z 3.4) · fade hit 39.4% / 38.6% (roi -0.082 / -0.117, z -9.07) -> no edge
   1st-quarter form|p1spread: n=14818 (2018-09-09..2026-09-27) follow hit 50.5% older / 50.0% newer (fair 50.0%, roi -0.043 / -0.059, z -6.59, edge z 0.55) · fade hit 49.5% / 50.0% (roi -0.060 / -0.059, z -7.69) -> no edge
   1st-quarter form|spread: n=21347 (2018-10-20..2026-06-14) follow hit 49.9% older / 50.4% newer (fair 50.0%, roi -0.047 / -0.036, z -6.36, edge z 0.45) · fade hit 50.1% / 49.6% (roi -0.043 / -0.052, z -7.27) -> no edge
   O/U streak 4+|total: n=15169 (2018-04-04..2026-09-27) follow hit 49.7% older / 50.8% newer (fair 50.0%, roi -0.051 / -0.029, z -5.12, edge z 0.59) · fade hit 50.3% / 49.2% (roi -0.037 / -0.060, z -6.27) -> no edge
   division record|ml: n=2514 (2018-09-09..2026-09-27) follow hit 64.4% older / 65.6% newer (fair 62.9%, roi +0.018 / -0.013, z 0.15, edge z 2.25) · fade hit 35.6% / 34.4% (roi -0.080 / -0.102, z -3.14) -> no edge
   division record|spread: n=1421 (2018-09-09..2026-09-27) follow hit 50.4% older / 49.2% newer (fair 50.0%, roi -0.035 / -0.059, z -1.86, edge z -0.14) · fade hit 49.6% / 50.8% (roi -0.052 / -0.027, z -1.57) -> no edge
   prime-time record|ml: n=189 (2018-09-17..2026-09-28) follow hit 59.6% older / 62.1% newer (fair 59.9%, roi -0.080 / +0.022, z -0.45, edge z 0.28) · fade hit 40.4% / 37.9% (roi -0.116 / -0.054, z -0.89) -> no edge
   prime-time record|spread: n=187 (2018-09-17..2026-09-28) follow hit 52.7% older / 47.9% newer (fair 50.0%, roi +0.010 / -0.085, z -0.54, edge z 0.08) · fade hit 47.3% / 52.1% (roi -0.090 / -0.007, z -0.69) -> no edge
   road ATS rate|spread: n=10107 (2018-11-04..2026-09-27) follow hit 48.9% older / 48.6% newer (fair 50.0%, roi -0.067 / -0.071, z -7.24, edge z -2.56) · fade hit 51.1% / 51.4% (roi -0.023 / -0.018, z -2.14) -> no edge
   season ATS rate|spread: n=12887 (2018-10-13..2026-04-04) follow hit 48.6% older / 49.0% newer (fair 50.0%, roi -0.072 / -0.063, z -8.02, edge z -2.74) · fade hit 51.4% / 51.0% (roi -0.017 / -0.025, z -2.54) -> no edge
   team ATS streak 3+|spread: n=16397 (2018-09-16..2026-09-26) follow hit 49.1% older / 49.5% newer (fair 50.0%, roi -0.062 / -0.054, z -7.75, edge z -1.78) · fade hit 50.9% / 50.5% (roi -0.028 / -0.035, z -4.2) -> no edge
   team ATS streak 5+|spread: n=4206 (2018-10-06..2026-06-09) follow hit 48.2% older / 48.6% newer (fair 50.0%, roi -0.080 / -0.070, z -5.11, edge z -2.08) · fade hit 51.8% / 51.4% (roi -0.010 / -0.017, z -0.93) -> no edge
✅ the explorer: NEW angles: 40s · proven: {"proven": []}
THE TENNIS EDGE STUDY: 64658 priced matches 2012-01-01 -> 2026-08-03 (older half < 2018-05-27 <= newer half) in 41.4s
   softest segments (a bias learned on the older half that still helps on the newer, mnats/match): WTA rank x10+ +1.15, WTA slam +0.91, WTA round sf+ +0.89, ATP indoor +0.78
   ATP: log loss pin 0.5752 / b365 0.5759 / avg 0.576 · margin pin 0.0253 b365 0.0605
   WTA: log loss pin 0.5903 / b365 0.5912 / avg 0.5908 · margin pin 0.0266 b365 0.0619
   line shop b365 >2% over pinnacle fair: n=4674 roi -0.066 / -0.032 (expected +0.063) edge z=2.68 · beats fair in 14% of matches
   line shop avg >2% over pinnacle fair: n=928 roi -0.164 / -0.045 (expected +0.067) edge z=-0.25 · beats fair in 4% of matches
   line shop max >2% over pinnacle fair: n=30043 roi +0.016 / +0.023 (expected +0.069) edge z=2.42 · beats fair in 73% of matches
   model vs market, newer half: pinnacle 0.597 · elo 0.6295 · model 0.6262 · blend 0.5969 (+0.100 mnats, z 1.07)
   bovada: 107 closing lines, margin 0.0453, 0 matched to pinnacle, 33 graded
   names -> ESPN ids: 0.8856 of 1556 names since ESPN's history (by tour {'atp': 0.9195, 'wta': 0.8534}), 0.9386 of match sides · birth dates for 0.9385 of sides (2807 bios on file)
   life atoms (122 read-outs at pinnacle): wta|pin|yvv:vet n=1818 roi +0.020 / -0.095 z 1.53 / -1.45, wta|pin|age:teen n=4296 roi +0.006 / +0.007 z 1.07 / 1.99, wta|pin|tvv:vet n=483 roi +0.046 / -0.126 z 0.51 / -1.2, atp|pin|age:teen n=2324 roi +0.015 / +0.006 z 0.28 / 1.94
   registry: tested 3778 new angles (7697 ever) · new suspects 4 · promoted 0 · killed 4 · luck would give ~1.79 suspects / 0.0407 proven ever
   fixed tests: 543 this run, 1 pass the bar (luck ~0.252)
   NEW SUSPECT atp|avg|age:prime&olay:long: older half n=528 roi +0.054 edge z=3.77 | newer half n=640 roi -0.052 edge z=-0.09
   NEW SUSPECT atp|b365|age:prime&olay:long: older half n=526 roi +0.045 edge z=3.57 | newer half n=639 roi -0.054 edge z=-0.16
   NEW SUSPECT atp|pin|age:prime&olay:long: older half n=528 roi +0.084 edge z=3.58 | newer half n=640 roi -0.024 edge z=-0.18
   NEW SUSPECT wta|avg|age:vet&p:65-80: older half n=559 roi +0.028 edge z=3.54 | newer half n=922 roi -0.025 edge z=1.35
   KILLED atp|avg|age:prime&olay:long: older half n=528 roi +0.054 edge z=3.77 | newer half n=640 roi -0.052 edge z=-0.09
   KILLED atp|b365|age:prime&olay:long: older half n=526 roi +0.045 edge z=3.57 | newer half n=639 roi -0.054 edge z=-0.16
   KILLED atp|pin|age:prime&olay:long: older half n=528 roi +0.084 edge z=3.58 | newer half n=640 roi -0.024 edge z=-0.18
   KILLED wta|avg|age:vet&p:65-80: older half n=559 roi +0.028 edge z=3.54 | newer half n=922 roi -0.025 edge z=1.35
   PASSES price 90-100% wta at max: n=1231 roi +0.012 / +0.029 z=3.87 (NOT a gettable price)
   closest angle: wta|b365|age:vet&p:65-80 n=1481 roi +0.018 / -0.028 z older 3.32 all 2.88
   closest angle: wta|pin|age:vet&p:65-80 n=1481 roi +0.052 / -0.009 z older 3.16 all 2.58
   closest angle: atp|pin|agegap:+4-8&ssn:mid n=3292 roi +0.021 / -0.060 z older 2.92 all 1.88
   closest fixed: line shop b365 all fav gap>0% n=2020 roi +0.044 / +0.008 z=4.48
   closest fixed: line shop b365 atp fav gap>0% n=970 roi +0.067 / +0.007 z=3.45
   closest fixed: line shop b365 wta fav gap>0% n=1050 roi +0.026 / +0.010 z=2.9
   PROVEN: nothing
✅ tennis edge: 42s · proven: {"proven": []}
first set ATP: 32132 matches, implied log loss 0.62855 (match chance as set-1 chance 0.63577, coin 0.69315)
  crew overperformance: closest >= 0.05: n 19692, hit 0.5266 vs implied 0.5218, z 1.41 (vs recalibrated 0.73), ROI -0.0502 (older -0.0615, newer -0.0399) - z 1.41 < 3.5; older ROI -0.0615 <= 0; newer ROI -0.0399 <= 0
  crew raw_rate: closest >= 0.10: n 15498, hit 0.6247 vs implied 0.608, z 4.4 (vs recalibrated 1.16), ROI -0.0269 (older -0.0388, newer -0.016) - older ROI -0.0388 <= 0; newer ROI -0.016 <= 0
first set WTA: 32523 matches, implied log loss 0.62585 (match chance as set-1 chance 0.62643, coin 0.69315)
  crew overperformance: closest >= 0.15: n 8372, hit 0.5631 vs implied 0.549, z 2.69 (vs recalibrated 1.03), ROI -0.0357 (older -0.0422, newer -0.0286) - z 2.69 < 3.5; older ROI -0.0422 <= 0; newer ROI -0.0286 <= 0
  crew raw_rate: closest >= 0.20: n 8256, hit 0.6662 vs implied 0.638, z 5.49 (vs recalibrated 0.74), ROI -0.0109 (older -0.0057, newer -0.0164) - older ROI -0.0057 <= 0; newer ROI -0.0164 <= 0
first set real Bovada lines: 0 captured, 0 matched (test runs at 300) · 4.3s
✅ tennis first set: 4s · proven: {"proven": []}
HEAVY TENNIS FAVORITES (research only): 64658 priced matches 2012-01-01 -> 2026-01-14, split 2018-05-27, 53807 rated
 ATP pin straights [all]
    -101..-150: n  7563 win 0.541 fair 0.547 roi -0.035 z_edge -1.02 | old n 3291 roi -0.035 | new n 4272 roi -0.036
    -151..-200: n  6518 win 0.604 fair 0.619 roi -0.048 z_edge -2.43 | old n 2813 roi -0.043 | new n 3705 roi -0.052
    -201..-300: n  6514 win 0.698 fair 0.691 roi -0.014 z_edge +1.31 | old n 3112 roi -0.020 | new n 3402 roi -0.009
    -301..-500: n  5611 win 0.784 fair 0.771 roi -0.007 z_edge +2.42 | old n 2841 roi +0.006 | new n 2770 roi -0.020
         -500+: n  5778 win 0.896 fair 0.884 roi -0.009 z_edge +3.26 | old n 3246 roi -0.009 | new n 2532 roi -0.009
 ATP pin straights [blend+2%]
    -101..-150: n   116 win 0.560 fair 0.552 roi -0.012 z_edge +0.19 | old n 69 roi +0.043 | new n 47 roi -0.092
    -151..-200: n   207 win 0.551 fair 0.620 roi -0.134 z_edge -1.99 | old n 129 roi -0.072 | new n 78 roi -0.235
    -201..-300: n   233 win 0.717 fair 0.691 roi +0.011 z_edge +0.87 | old n 161 roi +0.017 | new n 72 roi -0.001
    -301..-500: n   173 win 0.775 fair 0.771 roi -0.021 z_edge +0.10 | old n 132 roi -0.014 | new n 41 roi -0.043
         -500+: n    35 win 0.914 fair 0.841 roi +0.060 z_edge +1.51 | old n 30 roi +0.083 | new n 5 roi -0.074
 ATP pin straights [model+2%]
    -101..-150: n  2343 win 0.527 fair 0.545 roi -0.055 z_edge -1.74 | old n 975 roi -0.042 | new n 1368 roi -0.065
    -151..-200: n  1544 win 0.589 fair 0.617 roi -0.068 z_edge -2.19 | old n 591 roi -0.076 | new n 953 roi -0.064
    -201..-300: n  1220 win 0.686 fair 0.689 roi -0.027 z_edge -0.20 | old n 461 roi -0.022 | new n 759 roi -0.030
    -301..-500: n   696 win 0.783 fair 0.768 roi -0.004 z_edge +0.99 | old n 274 roi +0.010 | new n 422 roi -0.014
         -500+: n   345 win 0.870 fair 0.868 roi -0.022 z_edge +0.10 | old n 126 roi +0.003 | new n 219 roi -0.037
 ATP b365 straights [all]
    -101..-150: n  4071 win 0.529 fair 0.539 roi -0.078 z_edge -1.38 | old n 1278 roi -0.087 | new n 2793 roi -0.074
    -151..-200: n  8140 win 0.585 fair 0.599 roi -0.082 z_edge -2.43 | old n 3777 roi -0.089 | new n 4363 roi -0.076
    -201..-300: n  5979 win 0.676 fair 0.671 roi -0.052 z_edge +0.88 | old n 2913 roi -0.066 | new n 3066 roi -0.040
    -301..-500: n  6606 win 0.761 fair 0.748 roi -0.038 z_edge +2.53 | old n 3213 roi -0.038 | new n 3393 roi -0.037
         -500+: n  6547 win 0.885 fair 0.864 roi -0.027 z_edge +5.31 | old n 3868 roi -0.030 | new n 2679 roi -0.023
 ATP b365 straights [blend+2%]
    -101..-150: n   649 win 0.508 fair 0.539 roi -0.113 z_edge -1.56 | old n 189 roi -0.091 | new n 460 roi -0.122
    -151..-200: n  1317 win 0.616 fair 0.598 roi -0.033 z_edge +1.30 | old n 569 roi -0.066 | new n 748 roi -0.007
    -201..-300: n  1263 win 0.710 fair 0.671 roi -0.005 z_edge +3.07 | old n 649 roi -0.000 | new n 614 roi -0.011
    -301..-500: n  1607 win 0.779 fair 0.751 roi -0.020 z_edge +2.69 | old n 785 roi -0.021 | new n 822 roi -0.019
         -500+: n  1659 win 0.882 fair 0.850 roi -0.017 z_edge +4.13 | old n 895 roi -0.021 | new n 764 roi -0.012
 ATP b365 straights [model+2%]
    -101..-150: n  1242 win 0.510 fair 0.538 roi -0.108 z_edge -2.01 | old n 385 roi -0.108 | new n 857 roi -0.108
    -151..-200: n  2075 win 0.571 fair 0.598 roi -0.103 z_edge -2.46 | old n 865 roi -0.139 | new n 1210 roi -0.077
    -201..-300: n  1161 win 0.677 fair 0.670 roi -0.050 z_edge +0.49 | old n 468 roi -0.041 | new n 693 roi -0.056
    -301..-500: n  1028 win 0.743 fair 0.746 roi -0.057 z_edge -0.18 | old n 404 roi -0.071 | new n 624 roi -0.048
         -500+: n   573 win 0.843 fair 0.850 roi -0.061 z_edge -0.48 | old n 229 roi -0.058 | new n 344 roi -0.063
 WTA pin straights [all]
    -101..-150: n  8256 win 0.534 fair 0.545 roi -0.047 z_edge -2.12 | old n 3924 roi -0.047 | new n 4332 roi -0.046
    -151..-200: n  6885 win 0.617 fair 0.618 roi -0.027 z_edge -0.15 | old n 3194 roi -0.029 | new n 3691 roi -0.025
    -201..-300: n  6803 win 0.694 fair 0.690 roi -0.020 z_edge +0.77 | old n 3338 roi -0.022 | new n 3465 roi -0.018
    -301..-500: n  5806 win 0.772 fair 0.769 roi -0.023 z_edge +0.48 | old n 2800 roi -0.024 | new n 3006 roi -0.022
         -500+: n  4649 win 0.892 fair 0.873 roi -0.005 z_edge +4.20 | old n 2399 roi -0.010 | new n 2250 roi +0.001
 WTA pin straights [blend+2%]
    -101..-150: n   156 win 0.545 fair 0.551 roi -0.033 z_edge -0.15 | old n 79 roi -0.176 | new n 77 roi +0.113
    -151..-200: n   219 win 0.676 fair 0.617 roi +0.066 z_edge +1.87 | old n 122 roi +0.049 | new n 97 roi +0.089
    -201..-300: n   271 win 0.727 fair 0.690 roi +0.028 z_edge +1.37 | old n 194 roi -0.005 | new n 77 roi +0.109
    -301..-500: n   209 win 0.794 fair 0.763 roi +0.013 z_edge +1.11 | old n 128 roi +0.033 | new n 81 roi -0.020
         -500+: n    36 win 0.861 fair 0.831 roi +0.010 z_edge +0.52 | old n 25 roi -0.018 | new n 11 roi +0.073
 WTA pin straights [model+2%]
    -101..-150: n  2537 win 0.527 fair 0.544 roi -0.057 z_edge -1.73 | old n 1079 roi -0.079 | new n 1458 roi -0.041
    -151..-200: n  1628 win 0.591 fair 0.617 roi -0.068 z_edge -2.16 | old n 601 roi -0.042 | new n 1027 roi -0.084
    -201..-300: n  1219 win 0.699 fair 0.688 roi -0.010 z_edge +0.85 | old n 449 roi -0.018 | new n 770 roi -0.005
    -301..-500: n   737 win 0.786 fair 0.765 roi -0.001 z_edge +1.35 | old n 241 roi +0.031 | new n 496 roi -0.017
         -500+: n   246 win 0.911 fair 0.854 roi +0.039 z_edge +3.13 | old n 91 roi -0.002 | new n 155 roi +0.064
 WTA b365 straights [all]
    -101..-150: n  4354 win 0.519 fair 0.539 roi -0.094 z_edge -2.61 | old n 1541 roi -0.097 | new n 2813 roi -0.093
    -151..-200: n  8799 win 0.594 fair 0.598 roi -0.068 z_edge -0.85 | old n 4404 roi -0.084 | new n 4395 roi -0.052
    -201..-300: n  6169 win 0.676 fair 0.671 roi -0.053 z_edge +0.82 | old n 3041 roi -0.056 | new n 3128 roi -0.051
    -301..-500: n  6726 win 0.754 fair 0.748 roi -0.048 z_edge +1.13 | old n 3280 roi -0.061 | new n 3446 roi -0.035
         -500+: n  5470 win 0.878 fair 0.854 roi -0.026 z_edge +5.44 | old n 2984 roi -0.035 | new n 2486 roi -0.016
 WTA b365 straights [blend+2%]
    -101..-150: n   715 win 0.568 fair 0.539 roi -0.009 z_edge +1.53 | old n 249 roi -0.102 | new n 466 roi +0.041
    -151..-200: n  1601 win 0.621 fair 0.600 roi -0.028 z_edge +1.73 | old n 781 roi -0.064 | new n 820 roi +0.006
    -201..-300: n  1404 win 0.702 fair 0.670 roi -0.017 z_edge +2.54 | old n 755 roi -0.006 | new n 649 roi -0.029
    -301..-500: n  1586 win 0.772 fair 0.750 roi -0.027 z_edge +2.19 | old n 811 roi -0.048 | new n 775 roi -0.005
         -500+: n  1393 win 0.877 fair 0.846 roi -0.020 z_edge +3.60 | old n 749 roi -0.020 | new n 644 roi -0.019
 WTA b365 straights [model+2%]
    -101..-150: n  1375 win 0.520 fair 0.539 roi -0.093 z_edge -1.42 | old n 438 roi -0.127 | new n 937 roi -0.077
    -151..-200: n  2181 win 0.577 fair 0.598 roi -0.093 z_edge -1.92 | old n 888 roi -0.096 | new n 1293 roi -0.090
    -201..-300: n  1229 win 0.679 fair 0.670 roi -0.047 z_edge +0.68 | old n 472 roi -0.037 | new n 757 roi -0.054
    -301..-500: n  1018 win 0.746 fair 0.745 roi -0.054 z_edge +0.03 | old n 354 roi -0.071 | new n 664 roi -0.045
         -500+: n   429 win 0.897 fair 0.840 roi +0.011 z_edge +3.94 | old n 171 roi -0.024 | new n 258 roi +0.034
 ATP pin parlay cap -150 [all]: 1224 tickets, hit 0.166 (fair 0.171), avg +444, roi -0.111 z -1.94 | old 529 -0.073 | new 695 -0.141
 ATP pin parlay cap -200 [all]: 2097 tickets, hit 0.211 (fair 0.222), avg +325, roi -0.114 z -3.02 | old 946 -0.141 | new 1151 -0.092
 ATP pin parlay cap -300 [all]: 2501 tickets, hit 0.304 (fair 0.295), avg +225, roi -0.049 z -1.66 | old 1164 -0.055 | new 1337 -0.043
 ATP pin parlay cap -200 [blend+2%]: 6 tickets, hit 0.000 (fair 0.211), avg +341, roi -1.000 z +0.00 | old 3 -1.000 | new 3 -1.000
 ATP pin parlay cap -300 [blend+2%]: 18 tickets, hit 0.167 (fair 0.260), avg +265, roi -0.481 z -1.70 | old 8 -0.202 | new 10 -0.705
 ATP pin parlay cap -150 [model+2%]: 187 tickets, hit 0.150 (fair 0.163), avg +472, roi -0.157 z -1.06 | old 70 -0.378 | new 117 -0.025
 ATP pin parlay cap -200 [model+2%]: 507 tickets, hit 0.175 (fair 0.199), avg +373, roi -0.186 z -2.35 | old 185 -0.318 | new 322 -0.111
 ATP pin parlay cap -300 [model+2%]: 765 tickets, hit 0.224 (fair 0.236), avg +308, roi -0.128 z -2.13 | old 296 -0.149 | new 469 -0.115
 ATP b365 parlay cap -150 [all]: 498 tickets, hit 0.112 (fair 0.162), avg +418, roi -0.422 z -5.79 | old 105 -0.495 | new 393 -0.403
 ATP b365 parlay cap -200 [all]: 1909 tickets, hit 0.195 (fair 0.213), avg +294, roi -0.239 z -6.72 | old 818 -0.301 | new 1091 -0.193
 ATP b365 parlay cap -300 [all]: 2394 tickets, hit 0.273 (fair 0.271), avg +216, roi -0.176 z -6.31 | old 1103 -0.221 | new 1291 -0.137
 ATP b365 parlay cap -150 [blend+2%]: 9 tickets, hit 0.222 (fair 0.166), avg +413, roi +0.128 z +0.17 | old 1 +4.325 | new 8 -0.397
 ATP b365 parlay cap -200 [blend+2%]: 141 tickets, hit 0.270 (fair 0.197), avg +329, roi +0.133 z +0.83 | old 35 +0.169 | new 106 +0.121
 ATP b365 parlay cap -300 [blend+2%]: 346 tickets, hit 0.303 (fair 0.242), avg +252, roi +0.034 z +0.39 | old 141 +0.030 | new 205 +0.037
 ATP b365 parlay cap -150 [model+2%]: 49 tickets, hit 0.102 (fair 0.159), avg +430, roi -0.467 z -2.04 | old 4 +0.331 | new 45 -0.538
 ATP b365 parlay cap -200 [model+2%]: 390 tickets, hit 0.197 (fair 0.198), avg +324, roi -0.192 z -2.32 | old 127 -0.262 | new 263 -0.159
 ATP b365 parlay cap -300 [model+2%]: 631 tickets, hit 0.224 (fair 0.230), avg +271, roi -0.206 z -3.45 | old 218 -0.242 | new 413 -0.187
 WTA pin parlay cap -150 [all]: 1308 tickets, hit 0.161 (fair 0.170), avg +445, roi -0.126 z -2.28 | old 602 -0.151 | new 706 -0.105
 WTA pin parlay cap -200 [all]: 2270 tickets, hit 0.207 (fair 0.220), avg +328, roi -0.134 z -3.71 | old 1043 -0.135 | new 1227 -0.133
 WTA pin parlay cap -300 [all]: 2680 tickets, hit 0.289 (fair 0.291), avg +230, roi -0.087 z -3.08 | old 1260 -0.082 | new 1420 -0.092
 WTA pin parlay cap -200 [blend+2%]: 5 tickets, hit 0.600 (fair 0.201), avg +362, roi +1.674 z +1.51 | old 2 -1.000 | new 3 +3.457
 WTA pin parlay cap -300 [blend+2%]: 13 tickets, hit 0.538 (fair 0.237), avg +295, roi +1.124 z +1.94 | old 5 +0.394 | new 8 +1.580
 WTA pin parlay cap -150 [model+2%]: 205 tickets, hit 0.112 (fair 0.163), avg +468, roi -0.367 z -2.94 | old 86 -0.412 | new 119 -0.335
 WTA pin parlay cap -200 [model+2%]: 543 tickets, hit 0.160 (fair 0.197), avg +377, roi -0.236 z -3.11 | old 205 -0.242 | new 338 -0.232
 WTA pin parlay cap -300 [model+2%]: 804 tickets, hit 0.224 (fair 0.238), avg +305, roi -0.148 z -2.57 | old 301 -0.045 | new 503 -0.210
 WTA b365 parlay cap -150 [all]: 542 tickets, hit 0.120 (fair 0.161), avg +419, roi -0.376 z -5.16 | old 151 -0.519 | new 391 -0.321
 WTA b365 parlay cap -200 [all]: 2061 tickets, hit 0.190 (fair 0.213), avg +295, roi -0.259 z -7.66 | old 935 -0.269 | new 1126 -0.251
 WTA b365 parlay cap -300 [all]: 2541 tickets, hit 0.269 (fair 0.270), avg +217, roi -0.171 z -6.20 | old 1181 -0.192 | new 1360 -0.152
 WTA b365 parlay cap -150 [blend+2%]: 7 tickets, hit 0.143 (fair 0.157), avg +435, roi -0.204 z -0.26 | old 2 -1.000 | new 5 +0.115
 WTA b365 parlay cap -200 [blend+2%]: 170 tickets, hit 0.212 (fair 0.201), avg +315, roi -0.128 z -0.98 | old 75 -0.231 | new 95 -0.045
 WTA b365 parlay cap -300 [blend+2%]: 437 tickets, hit 0.277 (fair 0.241), avg +251, roi -0.056 z -0.75 | old 208 -0.082 | new 229 -0.031
 WTA b365 parlay cap -150 [model+2%]: 65 tickets, hit 0.077 (fair 0.160), avg +427, roi -0.586 z -3.26 | old 9 -1.000 | new 56 -0.519
 WTA b365 parlay cap -200 [model+2%]: 389 tickets, hit 0.162 (fair 0.198), avg +326, roi -0.306 z -3.79 | old 128 -0.361 | new 261 -0.279
 WTA b365 parlay cap -300 [model+2%]: 666 tickets, hit 0.219 (fair 0.233), avg +267, roi -0.233 z -4.06 | old 238 -0.318 | new 428 -0.185
 tests at n300+: 266 straight, 28 parlay; expected by luck 0.062 + 0.751
 passed the bar: ['atp|b365|blend+2%|parlay -300'] · proven (not luck-sized): none
 VERDICT: NOT LUCRATIVE (a pass that looks like luck). atp|b365|blend+2%|parlay -300 (n 346, roi +0.034, profit z +0.39) clears the bar, but its profit z is under 2 and 0.81 passes were expected by luck alone. Nothing to act on. Research only.
✅ tennis heavy favorites: 14s · proven: {"proven": []}
study run done in 419s: 17/17 studies ok
✅ underdogs + favorites: 3s · proven: {"nfl": [], "nfl price check": false, "ncaaf": [], "ncaaf price check": false, "nba": [], "nba price check": false, "ncaab": [], "ncaab price check": true, "mlb": [], "mlb price check": false, "nhl": [], "nhl price check": true}
✅ over/unders: 11s · proven: {"nfl": true, "ncaaf": false, "nba": false, "ncaab": true, "mlb": false, "nhl": false}
✅ hockey: 19s · proven: null
✅ spread vs moneyline: 11s · proven: {"nfl": true, "ncaaf": false, "nba": false, "ncaab": false}
✅ puck lines / run lines: 6s · proven: null
✅ halves / first period: 2s · proven: null
✅ comebacks: 192s · proven: null
✅ trends: 10s · proven: {"proven": ["ncaab|rate|fav_cover"]}
✅ rigged / fade the public: 1s · proven: {"proven": []}
✅ self-check on our picks: 0s · proven: null
✅ situational spots: 17s · proven: {"nfl": [], "ncaaf": [], "nba": [], "ncaab": [], "mlb": [], "nhl": []}
✅ line movement + CLV: 2s · proven: {"proven": []}
THE CONTEXT STUDY: 576 tests with 300+ bets; bar z >= 3.5 + profit in both halves. Luck alone: ~0.134 false positives expected (fake no-edge results passed 0.0 on average); refs: officials.json loaded
nfl: 2770 games · proven - · confirmed - · killed -
   ref_home-|spread|dog         n=   440 roi old +0.016 new +0.101 edge +0.0529 z=+1.29
   any:out_dome|total|over      n=   461 roi old +0.057 new +0.025 edge +0.0444 z=+0.93
   div|spread|dog               n=   775 roi old +0.028 new +0.028 edge +0.0372 z=+0.82
   out_dome|ml|team             n=   449 roi old +0.121 new -0.031 edge +0.0396 z=+0.75
   any:dome_out|total|under     n=   456 roi old +0.014 new +0.040 edge +0.0374 z=+0.61
   nonconf|total|under          n=   565 roi old +0.072 new -0.040 edge +0.0312 z=+0.39
ncaaf: 8324 games · proven - · confirmed - · killed -
   any:east1000|total|under     n=   407 roi old +0.054 new +0.058 edge +0.0530 z=+1.19
   east1000|ml|team             n=   402 roi old +0.131 new -0.041 edge -0.0007 z=+0.46
   any:west1000|total|over      n=   360 roi old -0.026 new +0.059 edge +0.0329 z=+0.33
   west1000|ml|fade             n=   353 roi old -0.026 new +0.041 edge +0.0206 z=+0.10
   trip1000|ml|fade             n=   745 roi old -0.008 new +0.013 edge +0.0101 z=+0.05
   any:bowl5|total|over         n=   353 roi old +0.051 new -0.052 edge +0.0238 z=-0.02
nba: 12833 games · proven - · confirmed - · killed -
   any:rest|total|over          n=   328 roi old +0.140 new +0.105 edge +0.0881 z=+2.36
   ref_under|ml|road            n=   384 roi old +0.116 new +0.248 edge +0.0791 z=+2.33
   any:tank|total|over          n=   584 roi old +0.006 new +0.124 edge +0.0581 z=+1.66
   any:elim|total|over          n=   664 roi old -0.017 new +0.110 edge +0.0481 z=+1.26
   ref_under|ml|dog             n=   381 roi old +0.021 new +0.183 edge +0.0474 z=+1.19
   tank|spread|fade             n=   527 roi old +0.032 new +0.050 edge +0.0445 z=+0.99
ncaab: 59096 games · proven - · confirmed - · killed -
   ref_under|total|under        n=  2500 roi old +0.036 new +0.070 edge +0.0513 z=+2.81
   ref_over|total|over          n=  1501 roi old +0.064 new +0.018 edge +0.0454 z=+1.67
   rival|spread|home            n=   368 roi old +0.130 new -0.055 edge +0.0435 z=+0.76
   road3in6|spread|team         n=   491 roi old +0.006 new +0.058 edge +0.0403 z=+0.74
   rival|total|under            n=   371 roi old +0.084 new -0.042 edge +0.0342 z=+0.41
   rival|ml|home                n=   374 roi old +0.054 new -0.025 edge +0.0330 z=+0.30
mlb: 23237 games · proven - · confirmed - · killed -
   east1000|ml|team             n=  1396 roi old +0.043 new -0.009 edge +0.0246 z=+0.59
   trip2000|ml|fade             n=   659 roi old +0.088 new -0.044 edge +0.0258 z=+0.55
   nonconf|ml|road              n=  4275 roi old +0.039 new -0.032 edge +0.0179 z=+0.20
   any:west1000|total|over      n=  1441 roi old -0.028 new +0.030 edge +0.0232 z=+0.04
   trip1000|ml|team             n=  2472 roi old -0.006 new +0.005 edge +0.0162 z=-0.01
   ref_under|total|under        n=  3080 roi old +0.001 new -0.004 edge +0.0215 z=-0.08
nhl: 13215 games · proven - · confirmed - · killed -
   ref_home+|ml|road            n=   476 roi old +0.057 new -0.014 edge +0.0261 z=+0.41
   race|ml|team                 n=  1320 roi old +0.025 new -0.022 edge +0.0237 z=+0.04
   mustwin|ml|team              n=  1228 roi old +0.036 new -0.040 edge +0.0226 z=-0.07
   ref_home+|total|over         n=   461 roi old -0.023 new +0.001 edge +0.0164 z=-0.25
   trip2000|ml|fade             n=   525 roi old -0.023 new -0.001 edge +0.0093 z=-0.26
   ref_home+|ml|dog             n=   468 roi old +0.038 new -0.073 edge +0.0054 z=-0.31
✅ context: rivalries, travel, domes, stakes, refs: 37s · proven: {"nfl": [], "ncaaf": [], "nba": [], "ncaab": [], "mlb": [], "nhl": []}
THE EXPLORER: tested 6000 NEW angles (22000 ever) in 41.3s
   new suspects: 0 (luck alone would give ~1.4) · promoted to PROVEN: 0 · killed: 0 · proven demoted: 0
   now watching 0 suspects · 0 proven · 0 killed
   TEAM TRENDS pooled across sports (all games so far; 'follow' = ride the trend, 'fade' = bet against it; the bar: 300+ bets, profit in both halves, z 3.5+):
   1st-quarter form|ml: n=23927 (2018-04-07..2026-09-27) follow hit 62.3% older / 62.9% newer (fair 61.3%, roi -0.022 / -0.026, z -3.95, edge z 4.5) · fade hit 37.7% / 37.1% (roi -0.098 / -0.145, z -12.3) -> no edge
   1st-quarter form|p1ml: n=14401 (2018-09-09..2026-09-27) follow hit 60.6% older / 61.4% newer (fair 59.7%, roi -0.031 / -0.035, z -4.55, edge z 3.4) · fade hit 39.4% / 38.6% (roi -0.082 / -0.117, z -9.07) -> no edge
   1st-quarter form|p1spread: n=14818 (2018-09-09..2026-09-27) follow hit 50.5% older / 50.0% newer (fair 50.0%, roi -0.043 / -0.059, z -6.59, edge z 0.55) · fade hit 49.5% / 50.0% (roi -0.060 / -0.059, z -7.69) -> no edge
   1st-quarter form|spread: n=21347 (2018-10-20..2026-06-14) follow hit 49.9% older / 50.4% newer (fair 50.0%, roi -0.047 / -0.036, z -6.36, edge z 0.45) · fade hit 50.1% / 49.6% (roi -0.043 / -0.052, z -7.27) -> no edge
   O/U streak 4+|total: n=15169 (2018-04-04..2026-09-27) follow hit 49.7% older / 50.8% newer (fair 50.0%, roi -0.051 / -0.029, z -5.12, edge z 0.59) · fade hit 50.3% / 49.2% (roi -0.037 / -0.060, z -6.27) -> no edge
   division record|ml: n=2514 (2018-09-09..2026-09-27) follow hit 64.4% older / 65.6% newer (fair 62.9%, roi +0.018 / -0.013, z 0.15, edge z 2.25) · fade hit 35.6% / 34.4% (roi -0.080 / -0.102, z -3.14) -> no edge
   division record|spread: n=1421 (2018-09-09..2026-09-27) follow hit 50.4% older / 49.2% newer (fair 50.0%, roi -0.035 / -0.059, z -1.86, edge z -0.14) · fade hit 49.6% / 50.8% (roi -0.052 / -0.027, z -1.57) -> no edge
   prime-time record|ml: n=189 (2018-09-17..2026-09-28) follow hit 59.6% older / 62.1% newer (fair 59.9%, roi -0.080 / +0.022, z -0.45, edge z 0.28) · fade hit 40.4% / 37.9% (roi -0.116 / -0.054, z -0.89) -> no edge
   prime-time record|spread: n=187 (2018-09-17..2026-09-28) follow hit 52.7% older / 47.9% newer (fair 50.0%, roi +0.010 / -0.085, z -0.54, edge z 0.08) · fade hit 47.3% / 52.1% (roi -0.090 / -0.007, z -0.69) -> no edge
   road ATS rate|spread: n=10107 (2018-11-04..2026-09-27) follow hit 48.9% older / 48.6% newer (fair 50.0%, roi -0.067 / -0.071, z -7.24, edge z -2.56) · fade hit 51.1% / 51.4% (roi -0.023 / -0.018, z -2.14) -> no edge
   season ATS rate|spread: n=12887 (2018-10-13..2026-04-04) follow hit 48.6% older / 49.0% newer (fair 50.0%, roi -0.072 / -0.063, z -8.02, edge z -2.74) · fade hit 51.4% / 51.0% (roi -0.017 / -0.025, z -2.54) -> no edge
   team ATS streak 3+|spread: n=16397 (2018-09-16..2026-09-26) follow hit 49.1% older / 49.5% newer (fair 50.0%, roi -0.062 / -0.054, z -7.75, edge z -1.78) · fade hit 50.9% / 50.5% (roi -0.028 / -0.035, z -4.2) -> no edge
   team ATS streak 5+|spread: n=4206 (2018-10-06..2026-06-09) follow hit 48.2% older / 48.6% newer (fair 50.0%, roi -0.080 / -0.070, z -5.11, edge z -2.08) · fade hit 51.8% / 51.4% (roi -0.010 / -0.017, z -0.93) -> no edge
✅ the explorer: NEW angles: 42s · proven: {"proven": []}
THE TENNIS EDGE STUDY: 64658 priced matches 2012-01-01 -> 2026-08-03 (older half < 2018-05-27 <= newer half) in 39.0s
   softest segments (a bias learned on the older half that still helps on the newer, mnats/match): WTA rank x10+ +1.15, WTA slam +0.91, WTA round sf+ +0.89, ATP indoor +0.78
   ATP: log loss pin 0.5752 / b365 0.5759 / avg 0.576 · margin pin 0.0253 b365 0.0605
   WTA: log loss pin 0.5903 / b365 0.5912 / avg 0.5908 · margin pin 0.0266 b365 0.0619
   line shop b365 >2% over pinnacle fair: n=4674 roi -0.066 / -0.032 (expected +0.063) edge z=2.68 · beats fair in 14% of matches
   line shop avg >2% over pinnacle fair: n=928 roi -0.164 / -0.045 (expected +0.067) edge z=-0.25 · beats fair in 4% of matches
   line shop max >2% over pinnacle fair: n=30043 roi +0.016 / +0.023 (expected +0.069) edge z=2.42 · beats fair in 73% of matches
   model vs market, newer half: pinnacle 0.597 · elo 0.6295 · model 0.6262 · blend 0.5969 (+0.100 mnats, z 1.07)
   bovada: 115 closing lines, margin 0.0452, 0 matched to pinnacle, 45 graded
   names -> ESPN ids: 0.8856 of 1556 names since ESPN's history (by tour {'atp': 0.9195, 'wta': 0.8534}), 0.9386 of match sides · birth dates for 0.9385 of sides (2807 bios on file)
   life atoms (122 read-outs at pinnacle): wta|pin|yvv:vet n=1818 roi +0.020 / -0.095 z 1.53 / -1.45, wta|pin|age:teen n=4296 roi +0.006 / +0.007 z 1.07 / 1.99, wta|pin|tvv:vet n=483 roi +0.046 / -0.126 z 0.51 / -1.2, atp|pin|age:teen n=2324 roi +0.015 / +0.006 z 0.28 / 1.94
   registry: tested 3769 new angles (11466 ever) · new suspects 0 · promoted 0 · killed 0 · luck would give ~2.67 suspects / 0.0607 proven ever
   fixed tests: 543 this run, 1 pass the bar (luck ~0.252)
   PASSES price 90-100% wta at max: n=1231 roi +0.012 / +0.029 z=3.87 (NOT a gettable price)
   closest angle: wta|avg|bigx:more&olast:dist n=2592 roi +0.006 / -0.032 z older 2.97 all 2.81
   closest angle: atp|b365|agegap:even&p:35-50 n=5834 roi +0.003 / -0.024 z older 2.94 all 3.03
   closest angle: atp|avg|bigx:more&olay:long n=761 roi +0.044 / -0.076 z older 2.77 all 1.21
   closest fixed: line shop b365 all fav gap>0% n=2020 roi +0.044 / +0.008 z=4.48
   closest fixed: line shop b365 atp fav gap>0% n=970 roi +0.067 / +0.007 z=3.45
   closest fixed: line shop b365 wta fav gap>0% n=1050 roi +0.026 / +0.010 z=2.9
   PROVEN: nothing
✅ tennis edge: 39s · proven: {"proven": []}
first set ATP: 32132 matches, implied log loss 0.62855 (match chance as set-1 chance 0.63577, coin 0.69315)
  crew overperformance: closest >= 0.05: n 19692, hit 0.5266 vs implied 0.5218, z 1.41 (vs recalibrated 0.73), ROI -0.0502 (older -0.0615, newer -0.0399) - z 1.41 < 3.5; older ROI -0.0615 <= 0; newer ROI -0.0399 <= 0
  crew raw_rate: closest >= 0.10: n 15498, hit 0.6247 vs implied 0.608, z 4.4 (vs recalibrated 1.16), ROI -0.0269 (older -0.0388, newer -0.016) - older ROI -0.0388 <= 0; newer ROI -0.016 <= 0
first set WTA: 32523 matches, implied log loss 0.62585 (match chance as set-1 chance 0.62643, coin 0.69315)
  crew overperformance: closest >= 0.15: n 8372, hit 0.5631 vs implied 0.549, z 2.69 (vs recalibrated 1.03), ROI -0.0357 (older -0.0422, newer -0.0286) - z 2.69 < 3.5; older ROI -0.0422 <= 0; newer ROI -0.0286 <= 0
  crew raw_rate: closest >= 0.20: n 8256, hit 0.6662 vs implied 0.638, z 5.49 (vs recalibrated 0.74), ROI -0.0109 (older -0.0057, newer -0.0164) - older ROI -0.0057 <= 0; newer ROI -0.0164 <= 0
first set real Bovada lines: 0 captured, 0 matched (test runs at 300) · 4.3s
✅ tennis first set: 4s · proven: {"proven": []}
HEAVY TENNIS FAVORITES (research only): 64658 priced matches 2012-01-01 -> 2026-01-14, split 2018-05-27, 53807 rated
 ATP pin straights [all]
    -101..-150: n  7563 win 0.541 fair 0.547 roi -0.035 z_edge -1.02 | old n 3291 roi -0.035 | new n 4272 roi -0.036
    -151..-200: n  6518 win 0.604 fair 0.619 roi -0.048 z_edge -2.43 | old n 2813 roi -0.043 | new n 3705 roi -0.052
    -201..-300: n  6514 win 0.698 fair 0.691 roi -0.014 z_edge +1.31 | old n 3112 roi -0.020 | new n 3402 roi -0.009
    -301..-500: n  5611 win 0.784 fair 0.771 roi -0.007 z_edge +2.42 | old n 2841 roi +0.006 | new n 2770 roi -0.020
         -500+: n  5778 win 0.896 fair 0.884 roi -0.009 z_edge +3.26 | old n 3246 roi -0.009 | new n 2532 roi -0.009
 ATP pin straights [blend+2%]
    -101..-150: n   116 win 0.560 fair 0.552 roi -0.012 z_edge +0.19 | old n 69 roi +0.043 | new n 47 roi -0.092
    -151..-200: n   207 win 0.551 fair 0.620 roi -0.134 z_edge -1.99 | old n 129 roi -0.072 | new n 78 roi -0.235
    -201..-300: n   233 win 0.717 fair 0.691 roi +0.011 z_edge +0.87 | old n 161 roi +0.017 | new n 72 roi -0.001
    -301..-500: n   173 win 0.775 fair 0.771 roi -0.021 z_edge +0.10 | old n 132 roi -0.014 | new n 41 roi -0.043
         -500+: n    35 win 0.914 fair 0.841 roi +0.060 z_edge +1.51 | old n 30 roi +0.083 | new n 5 roi -0.074
 ATP pin straights [model+2%]
    -101..-150: n  2343 win 0.527 fair 0.545 roi -0.055 z_edge -1.74 | old n 975 roi -0.042 | new n 1368 roi -0.065
    -151..-200: n  1544 win 0.589 fair 0.617 roi -0.068 z_edge -2.19 | old n 591 roi -0.076 | new n 953 roi -0.064
    -201..-300: n  1220 win 0.686 fair 0.689 roi -0.027 z_edge -0.20 | old n 461 roi -0.022 | new n 759 roi -0.030
    -301..-500: n   696 win 0.783 fair 0.768 roi -0.004 z_edge +0.99 | old n 274 roi +0.010 | new n 422 roi -0.014
         -500+: n   345 win 0.870 fair 0.868 roi -0.022 z_edge +0.10 | old n 126 roi +0.003 | new n 219 roi -0.037
 ATP b365 straights [all]
    -101..-150: n  4071 win 0.529 fair 0.539 roi -0.078 z_edge -1.38 | old n 1278 roi -0.087 | new n 2793 roi -0.074
    -151..-200: n  8140 win 0.585 fair 0.599 roi -0.082 z_edge -2.43 | old n 3777 roi -0.089 | new n 4363 roi -0.076
    -201..-300: n  5979 win 0.676 fair 0.671 roi -0.052 z_edge +0.88 | old n 2913 roi -0.066 | new n 3066 roi -0.040
    -301..-500: n  6606 win 0.761 fair 0.748 roi -0.038 z_edge +2.53 | old n 3213 roi -0.038 | new n 3393 roi -0.037
         -500+: n  6547 win 0.885 fair 0.864 roi -0.027 z_edge +5.31 | old n 3868 roi -0.030 | new n 2679 roi -0.023
 ATP b365 straights [blend+2%]
    -101..-150: n   649 win 0.508 fair 0.539 roi -0.113 z_edge -1.56 | old n 189 roi -0.091 | new n 460 roi -0.122
    -151..-200: n  1317 win 0.616 fair 0.598 roi -0.033 z_edge +1.30 | old n 569 roi -0.066 | new n 748 roi -0.007
    -201..-300: n  1263 win 0.710 fair 0.671 roi -0.005 z_edge +3.07 | old n 649 roi -0.000 | new n 614 roi -0.011
    -301..-500: n  1607 win 0.779 fair 0.751 roi -0.020 z_edge +2.69 | old n 785 roi -0.021 | new n 822 roi -0.019
         -500+: n  1659 win 0.882 fair 0.850 roi -0.017 z_edge +4.13 | old n 895 roi -0.021 | new n 764 roi -0.012
 ATP b365 straights [model+2%]
    -101..-150: n  1242 win 0.510 fair 0.538 roi -0.108 z_edge -2.01 | old n 385 roi -0.108 | new n 857 roi -0.108
    -151..-200: n  2075 win 0.571 fair 0.598 roi -0.103 z_edge -2.46 | old n 865 roi -0.139 | new n 1210 roi -0.077
    -201..-300: n  1161 win 0.677 fair 0.670 roi -0.050 z_edge +0.49 | old n 468 roi -0.041 | new n 693 roi -0.056
    -301..-500: n  1028 win 0.743 fair 0.746 roi -0.057 z_edge -0.18 | old n 404 roi -0.071 | new n 624 roi -0.048
         -500+: n   573 win 0.843 fair 0.850 roi -0.061 z_edge -0.48 | old n 229 roi -0.058 | new n 344 roi -0.063
 WTA pin straights [all]
    -101..-150: n  8256 win 0.534 fair 0.545 roi -0.047 z_edge -2.12 | old n 3924 roi -0.047 | new n 4332 roi -0.046
    -151..-200: n  6885 win 0.617 fair 0.618 roi -0.027 z_edge -0.15 | old n 3194 roi -0.029 | new n 3691 roi -0.025
    -201..-300: n  6803 win 0.694 fair 0.690 roi -0.020 z_edge +0.77 | old n 3338 roi -0.022 | new n 3465 roi -0.018
    -301..-500: n  5806 win 0.772 fair 0.769 roi -0.023 z_edge +0.48 | old n 2800 roi -0.024 | new n 3006 roi -0.022
         -500+: n  4649 win 0.892 fair 0.873 roi -0.005 z_edge +4.20 | old n 2399 roi -0.010 | new n 2250 roi +0.001
 WTA pin straights [blend+2%]
    -101..-150: n   156 win 0.545 fair 0.551 roi -0.033 z_edge -0.15 | old n 79 roi -0.176 | new n 77 roi +0.113
    -151..-200: n   219 win 0.676 fair 0.617 roi +0.066 z_edge +1.87 | old n 122 roi +0.049 | new n 97 roi +0.089
    -201..-300: n   271 win 0.727 fair 0.690 roi +0.028 z_edge +1.37 | old n 194 roi -0.005 | new n 77 roi +0.109
    -301..-500: n   209 win 0.794 fair 0.763 roi +0.013 z_edge +1.11 | old n 128 roi +0.033 | new n 81 roi -0.020
         -500+: n    36 win 0.861 fair 0.831 roi +0.010 z_edge +0.52 | old n 25 roi -0.018 | new n 11 roi +0.073
 WTA pin straights [model+2%]
    -101..-150: n  2537 win 0.527 fair 0.544 roi -0.057 z_edge -1.73 | old n 1079 roi -0.079 | new n 1458 roi -0.041
    -151..-200: n  1628 win 0.591 fair 0.617 roi -0.068 z_edge -2.16 | old n 601 roi -0.042 | new n 1027 roi -0.084
    -201..-300: n  1219 win 0.699 fair 0.688 roi -0.010 z_edge +0.85 | old n 449 roi -0.018 | new n 770 roi -0.005
    -301..-500: n   737 win 0.786 fair 0.765 roi -0.001 z_edge +1.35 | old n 241 roi +0.031 | new n 496 roi -0.017
         -500+: n   246 win 0.911 fair 0.854 roi +0.039 z_edge +3.13 | old n 91 roi -0.002 | new n 155 roi +0.064
 WTA b365 straights [all]
    -101..-150: n  4354 win 0.519 fair 0.539 roi -0.094 z_edge -2.61 | old n 1541 roi -0.097 | new n 2813 roi -0.093
    -151..-200: n  8799 win 0.594 fair 0.598 roi -0.068 z_edge -0.85 | old n 4404 roi -0.084 | new n 4395 roi -0.052
    -201..-300: n  6169 win 0.676 fair 0.671 roi -0.053 z_edge +0.82 | old n 3041 roi -0.056 | new n 3128 roi -0.051
    -301..-500: n  6726 win 0.754 fair 0.748 roi -0.048 z_edge +1.13 | old n 3280 roi -0.061 | new n 3446 roi -0.035
         -500+: n  5470 win 0.878 fair 0.854 roi -0.026 z_edge +5.44 | old n 2984 roi -0.035 | new n 2486 roi -0.016
 WTA b365 straights [blend+2%]
    -101..-150: n   715 win 0.568 fair 0.539 roi -0.009 z_edge +1.53 | old n 249 roi -0.102 | new n 466 roi +0.041
    -151..-200: n  1601 win 0.621 fair 0.600 roi -0.028 z_edge +1.73 | old n 781 roi -0.064 | new n 820 roi +0.006
    -201..-300: n  1404 win 0.702 fair 0.670 roi -0.017 z_edge +2.54 | old n 755 roi -0.006 | new n 649 roi -0.029
    -301..-500: n  1586 win 0.772 fair 0.750 roi -0.027 z_edge +2.19 | old n 811 roi -0.048 | new n 775 roi -0.005
         -500+: n  1393 win 0.877 fair 0.846 roi -0.020 z_edge +3.60 | old n 749 roi -0.020 | new n 644 roi -0.019
 WTA b365 straights [model+2%]
    -101..-150: n  1375 win 0.520 fair 0.539 roi -0.093 z_edge -1.42 | old n 438 roi -0.127 | new n 937 roi -0.077
    -151..-200: n  2181 win 0.577 fair 0.598 roi -0.093 z_edge -1.92 | old n 888 roi -0.096 | new n 1293 roi -0.090
    -201..-300: n  1229 win 0.679 fair 0.670 roi -0.047 z_edge +0.68 | old n 472 roi -0.037 | new n 757 roi -0.054
    -301..-500: n  1018 win 0.746 fair 0.745 roi -0.054 z_edge +0.03 | old n 354 roi -0.071 | new n 664 roi -0.045
         -500+: n   429 win 0.897 fair 0.840 roi +0.011 z_edge +3.94 | old n 171 roi -0.024 | new n 258 roi +0.034
 ATP pin parlay cap -150 [all]: 1224 tickets, hit 0.166 (fair 0.171), avg +444, roi -0.111 z -1.94 | old 529 -0.073 | new 695 -0.141
 ATP pin parlay cap -200 [all]: 2097 tickets, hit 0.211 (fair 0.222), avg +325, roi -0.114 z -3.02 | old 946 -0.141 | new 1151 -0.092
 ATP pin parlay cap -300 [all]: 2501 tickets, hit 0.304 (fair 0.295), avg +225, roi -0.049 z -1.66 | old 1164 -0.055 | new 1337 -0.043
 ATP pin parlay cap -200 [blend+2%]: 6 tickets, hit 0.000 (fair 0.211), avg +341, roi -1.000 z +0.00 | old 3 -1.000 | new 3 -1.000
 ATP pin parlay cap -300 [blend+2%]: 18 tickets, hit 0.167 (fair 0.260), avg +265, roi -0.481 z -1.70 | old 8 -0.202 | new 10 -0.705
 ATP pin parlay cap -150 [model+2%]: 187 tickets, hit 0.150 (fair 0.163), avg +472, roi -0.157 z -1.06 | old 70 -0.378 | new 117 -0.025
 ATP pin parlay cap -200 [model+2%]: 507 tickets, hit 0.175 (fair 0.199), avg +373, roi -0.186 z -2.35 | old 185 -0.318 | new 322 -0.111
 ATP pin parlay cap -300 [model+2%]: 765 tickets, hit 0.224 (fair 0.236), avg +308, roi -0.128 z -2.13 | old 296 -0.149 | new 469 -0.115
 ATP b365 parlay cap -150 [all]: 498 tickets, hit 0.112 (fair 0.162), avg +418, roi -0.422 z -5.79 | old 105 -0.495 | new 393 -0.403
 ATP b365 parlay cap -200 [all]: 1909 tickets, hit 0.195 (fair 0.213), avg +294, roi -0.239 z -6.72 | old 818 -0.301 | new 1091 -0.193
 ATP b365 parlay cap -300 [all]: 2394 tickets, hit 0.273 (fair 0.271), avg +216, roi -0.176 z -6.31 | old 1103 -0.221 | new 1291 -0.137
 ATP b365 parlay cap -150 [blend+2%]: 9 tickets, hit 0.222 (fair 0.166), avg +413, roi +0.128 z +0.17 | old 1 +4.325 | new 8 -0.397
 ATP b365 parlay cap -200 [blend+2%]: 141 tickets, hit 0.270 (fair 0.197), avg +329, roi +0.133 z +0.83 | old 35 +0.169 | new 106 +0.121
 ATP b365 parlay cap -300 [blend+2%]: 346 tickets, hit 0.303 (fair 0.242), avg +252, roi +0.034 z +0.39 | old 141 +0.030 | new 205 +0.037
 ATP b365 parlay cap -150 [model+2%]: 49 tickets, hit 0.102 (fair 0.159), avg +430, roi -0.467 z -2.04 | old 4 +0.331 | new 45 -0.538
 ATP b365 parlay cap -200 [model+2%]: 390 tickets, hit 0.197 (fair 0.198), avg +324, roi -0.192 z -2.32 | old 127 -0.262 | new 263 -0.159
 ATP b365 parlay cap -300 [model+2%]: 631 tickets, hit 0.224 (fair 0.230), avg +271, roi -0.206 z -3.45 | old 218 -0.242 | new 413 -0.187
 WTA pin parlay cap -150 [all]: 1308 tickets, hit 0.161 (fair 0.170), avg +445, roi -0.126 z -2.28 | old 602 -0.151 | new 706 -0.105
 WTA pin parlay cap -200 [all]: 2270 tickets, hit 0.207 (fair 0.220), avg +328, roi -0.134 z -3.71 | old 1043 -0.135 | new 1227 -0.133
 WTA pin parlay cap -300 [all]: 2680 tickets, hit 0.289 (fair 0.291), avg +230, roi -0.087 z -3.08 | old 1260 -0.082 | new 1420 -0.092
 WTA pin parlay cap -200 [blend+2%]: 5 tickets, hit 0.600 (fair 0.201), avg +362, roi +1.674 z +1.51 | old 2 -1.000 | new 3 +3.457
 WTA pin parlay cap -300 [blend+2%]: 13 tickets, hit 0.538 (fair 0.237), avg +295, roi +1.124 z +1.94 | old 5 +0.394 | new 8 +1.580
 WTA pin parlay cap -150 [model+2%]: 205 tickets, hit 0.112 (fair 0.163), avg +468, roi -0.367 z -2.94 | old 86 -0.412 | new 119 -0.335
 WTA pin parlay cap -200 [model+2%]: 543 tickets, hit 0.160 (fair 0.197), avg +377, roi -0.236 z -3.11 | old 205 -0.242 | new 338 -0.232
 WTA pin parlay cap -300 [model+2%]: 804 tickets, hit 0.224 (fair 0.238), avg +305, roi -0.148 z -2.57 | old 301 -0.045 | new 503 -0.210
 WTA b365 parlay cap -150 [all]: 542 tickets, hit 0.120 (fair 0.161), avg +419, roi -0.376 z -5.16 | old 151 -0.519 | new 391 -0.321
 WTA b365 parlay cap -200 [all]: 2061 tickets, hit 0.190 (fair 0.213), avg +295, roi -0.259 z -7.66 | old 935 -0.269 | new 1126 -0.251
 WTA b365 parlay cap -300 [all]: 2541 tickets, hit 0.269 (fair 0.270), avg +217, roi -0.171 z -6.20 | old 1181 -0.192 | new 1360 -0.152
 WTA b365 parlay cap -150 [blend+2%]: 7 tickets, hit 0.143 (fair 0.157), avg +435, roi -0.204 z -0.26 | old 2 -1.000 | new 5 +0.115
 WTA b365 parlay cap -200 [blend+2%]: 170 tickets, hit 0.212 (fair 0.201), avg +315, roi -0.128 z -0.98 | old 75 -0.231 | new 95 -0.045
 WTA b365 parlay cap -300 [blend+2%]: 437 tickets, hit 0.277 (fair 0.241), avg +251, roi -0.056 z -0.75 | old 208 -0.082 | new 229 -0.031
 WTA b365 parlay cap -150 [model+2%]: 65 tickets, hit 0.077 (fair 0.160), avg +427, roi -0.586 z -3.26 | old 9 -1.000 | new 56 -0.519
 WTA b365 parlay cap -200 [model+2%]: 389 tickets, hit 0.162 (fair 0.198), avg +326, roi -0.306 z -3.79 | old 128 -0.361 | new 261 -0.279
 WTA b365 parlay cap -300 [model+2%]: 666 tickets, hit 0.219 (fair 0.233), avg +267, roi -0.233 z -4.06 | old 238 -0.318 | new 428 -0.185
 tests at n300+: 266 straight, 28 parlay; expected by luck 0.062 + 0.751
 passed the bar: ['atp|b365|blend+2%|parlay -300'] · proven (not luck-sized): none
 VERDICT: NOT LUCRATIVE (a pass that looks like luck). atp|b365|blend+2%|parlay -300 (n 346, roi +0.034, profit z +0.39) clears the bar, but its profit z is under 2 and 0.81 passes were expected by luck alone. Nothing to act on. Research only.
✅ tennis heavy favorites: 14s · proven: {"proven": []}
study run done in 410s: 17/17 studies ok
✅ underdogs + favorites: 3s · proven: {"nfl": [], "nfl price check": false, "ncaaf": [], "ncaaf price check": false, "nba": [], "nba price check": false, "ncaab": [], "ncaab price check": true, "mlb": [], "mlb price check": false, "nhl": [], "nhl price check": true}
✅ over/unders: 11s · proven: {"nfl": true, "ncaaf": false, "nba": false, "ncaab": true, "mlb": false, "nhl": false}
✅ hockey: 18s · proven: null
✅ spread vs moneyline: 11s · proven: {"nfl": true, "ncaaf": false, "nba": false, "ncaab": false}
✅ puck lines / run lines: 7s · proven: null
✅ halves / first period: 2s · proven: null
✅ comebacks: 190s · proven: null
✅ trends: 11s · proven: {"proven": ["ncaab|rate|fav_cover"]}
✅ rigged / fade the public: 1s · proven: {"proven": []}
✅ self-check on our picks: 0s · proven: null
✅ situational spots: 18s · proven: {"nfl": [], "ncaaf": [], "nba": [], "ncaab": [], "mlb": [], "nhl": []}
✅ line movement + CLV: 2s · proven: {"proven": []}
✅ our engine vs the move (can it beat the pros?): 5s · proven: {"proven": []}
THE CONTEXT STUDY: 576 tests with 300+ bets; bar z >= 3.5 + profit in both halves. Luck alone: ~0.134 false positives expected (fake no-edge results passed 0.0 on average); refs: officials.json loaded
nfl: 2770 games · proven - · confirmed - · killed -
   ref_home-|spread|dog         n=   440 roi old +0.016 new +0.101 edge +0.0529 z=+1.29
   any:out_dome|total|over      n=   461 roi old +0.057 new +0.025 edge +0.0444 z=+0.93
   div|spread|dog               n=   775 roi old +0.028 new +0.028 edge +0.0372 z=+0.82
   out_dome|ml|team             n=   449 roi old +0.121 new -0.031 edge +0.0396 z=+0.75
   any:dome_out|total|under     n=   456 roi old +0.014 new +0.040 edge +0.0374 z=+0.61
   nonconf|total|under          n=   565 roi old +0.072 new -0.040 edge +0.0312 z=+0.39
ncaaf: 8324 games · proven - · confirmed - · killed -
   any:east1000|total|under     n=   407 roi old +0.054 new +0.058 edge +0.0530 z=+1.19
   east1000|ml|team             n=   402 roi old +0.131 new -0.041 edge -0.0007 z=+0.46
   any:west1000|total|over      n=   360 roi old -0.026 new +0.059 edge +0.0329 z=+0.33
   west1000|ml|fade             n=   353 roi old -0.026 new +0.041 edge +0.0206 z=+0.10
   trip1000|ml|fade             n=   745 roi old -0.008 new +0.013 edge +0.0101 z=+0.05
   any:bowl5|total|over         n=   353 roi old +0.051 new -0.052 edge +0.0238 z=-0.02
nba: 12833 games · proven - · confirmed - · killed -
   any:rest|total|over          n=   328 roi old +0.140 new +0.105 edge +0.0881 z=+2.36
   ref_under|ml|road            n=   384 roi old +0.116 new +0.248 edge +0.0791 z=+2.33
   any:tank|total|over          n=   584 roi old +0.006 new +0.124 edge +0.0581 z=+1.66
   any:elim|total|over          n=   664 roi old -0.017 new +0.110 edge +0.0481 z=+1.26
   ref_under|ml|dog             n=   381 roi old +0.021 new +0.183 edge +0.0474 z=+1.19
   tank|spread|fade             n=   527 roi old +0.032 new +0.050 edge +0.0445 z=+0.99
ncaab: 59096 games · proven - · confirmed - · killed -
   ref_under|total|under        n=  2500 roi old +0.036 new +0.070 edge +0.0513 z=+2.81
   ref_over|total|over          n=  1501 roi old +0.064 new +0.018 edge +0.0454 z=+1.67
   rival|spread|home            n=   368 roi old +0.130 new -0.055 edge +0.0435 z=+0.76
   road3in6|spread|team         n=   491 roi old +0.006 new +0.058 edge +0.0403 z=+0.74
   rival|total|under            n=   371 roi old +0.084 new -0.042 edge +0.0342 z=+0.41
   rival|ml|home                n=   374 roi old +0.054 new -0.025 edge +0.0330 z=+0.30
mlb: 23239 games · proven - · confirmed - · killed -
   east1000|ml|team             n=  1397 roi old +0.043 new -0.011 edge +0.0242 z=+0.57
   trip2000|ml|fade             n=   659 roi old +0.088 new -0.044 edge +0.0258 z=+0.55
   nonconf|ml|road              n=  4275 roi old +0.039 new -0.032 edge +0.0179 z=+0.20
   any:west1000|total|over      n=  1441 roi old -0.028 new +0.030 edge +0.0232 z=+0.04
   trip1000|ml|team             n=  2473 roi old -0.006 new +0.004 edge +0.0160 z=-0.03
   ref_under|total|under        n=  3080 roi old +0.001 new -0.004 edge +0.0215 z=-0.08
nhl: 13216 games · proven - · confirmed - · killed -
   ref_home+|ml|road            n=   476 roi old +0.057 new -0.014 edge +0.0261 z=+0.41
   race|ml|team                 n=  1320 roi old +0.025 new -0.022 edge +0.0237 z=+0.04
   mustwin|ml|team              n=  1228 roi old +0.036 new -0.040 edge +0.0226 z=-0.07
   ref_home+|total|over         n=   461 roi old -0.023 new +0.001 edge +0.0164 z=-0.25
   trip2000|ml|fade             n=   525 roi old -0.023 new -0.001 edge +0.0093 z=-0.26
   ref_home+|ml|dog             n=   468 roi old +0.038 new -0.073 edge +0.0054 z=-0.31
✅ context: rivalries, travel, domes, stakes, refs: 38s · proven: {"nfl": [], "ncaaf": [], "nba": [], "ncaab": [], "mlb": [], "nhl": []}
THE EXPLORER: tested 6000 NEW angles (28000 ever) in 47.1s
   new suspects: 0 (luck alone would give ~1.4) · promoted to PROVEN: 0 · killed: 0 · proven demoted: 0
   now watching 0 suspects · 0 proven · 0 killed
   TEAM TRENDS pooled across sports (all games so far; 'follow' = ride the trend, 'fade' = bet against it; the bar: 300+ bets, profit in both halves, z 3.5+):
   1st-quarter form|ml: n=23927 (2018-04-07..2026-09-27) follow hit 62.3% older / 62.9% newer (fair 61.3%, roi -0.022 / -0.026, z -3.95, edge z 4.5) · fade hit 37.7% / 37.1% (roi -0.098 / -0.145, z -12.3) -> no edge
   1st-quarter form|p1ml: n=14401 (2018-09-09..2026-09-27) follow hit 60.6% older / 61.4% newer (fair 59.7%, roi -0.031 / -0.035, z -4.55, edge z 3.4) · fade hit 39.4% / 38.6% (roi -0.082 / -0.117, z -9.07) -> no edge
   1st-quarter form|p1spread: n=14818 (2018-09-09..2026-09-27) follow hit 50.5% older / 50.0% newer (fair 50.0%, roi -0.043 / -0.059, z -6.59, edge z 0.55) · fade hit 49.5% / 50.0% (roi -0.060 / -0.059, z -7.69) -> no edge
   1st-quarter form|spread: n=21347 (2018-10-20..2026-06-14) follow hit 49.9% older / 50.4% newer (fair 50.0%, roi -0.047 / -0.036, z -6.36, edge z 0.45) · fade hit 50.1% / 49.6% (roi -0.043 / -0.052, z -7.27) -> no edge
   O/U streak 4+|total: n=15169 (2018-04-04..2026-09-27) follow hit 49.7% older / 50.8% newer (fair 50.0%, roi -0.051 / -0.029, z -5.12, edge z 0.59) · fade hit 50.3% / 49.2% (roi -0.037 / -0.060, z -6.27) -> no edge
   division record|ml: n=2514 (2018-09-09..2026-09-27) follow hit 64.4% older / 65.6% newer (fair 62.9%, roi +0.018 / -0.013, z 0.15, edge z 2.25) · fade hit 35.6% / 34.4% (roi -0.080 / -0.102, z -3.14) -> no edge
   division record|spread: n=1421 (2018-09-09..2026-09-27) follow hit 50.4% older / 49.2% newer (fair 50.0%, roi -0.035 / -0.059, z -1.86, edge z -0.14) · fade hit 49.6% / 50.8% (roi -0.052 / -0.027, z -1.57) -> no edge
   prime-time record|ml: n=189 (2018-09-17..2026-09-28) follow hit 59.6% older / 62.1% newer (fair 59.9%, roi -0.080 / +0.022, z -0.45, edge z 0.28) · fade hit 40.4% / 37.9% (roi -0.116 / -0.054, z -0.89) -> no edge
   prime-time record|spread: n=187 (2018-09-17..2026-09-28) follow hit 52.7% older / 47.9% newer (fair 50.0%, roi +0.010 / -0.085, z -0.54, edge z 0.08) · fade hit 47.3% / 52.1% (roi -0.090 / -0.007, z -0.69) -> no edge
   road ATS rate|spread: n=10107 (2018-11-04..2026-09-27) follow hit 48.9% older / 48.6% newer (fair 50.0%, roi -0.067 / -0.071, z -7.24, edge z -2.56) · fade hit 51.1% / 51.4% (roi -0.023 / -0.018, z -2.14) -> no edge
   season ATS rate|spread: n=12887 (2018-10-13..2026-04-04) follow hit 48.6% older / 49.0% newer (fair 50.0%, roi -0.072 / -0.063, z -8.02, edge z -2.74) · fade hit 51.4% / 51.0% (roi -0.017 / -0.025, z -2.54) -> no edge
   team ATS streak 3+|spread: n=16397 (2018-09-16..2026-09-26) follow hit 49.1% older / 49.5% newer (fair 50.0%, roi -0.062 / -0.054, z -7.75, edge z -1.78) · fade hit 50.9% / 50.5% (roi -0.028 / -0.035, z -4.2) -> no edge
   team ATS streak 5+|spread: n=4206 (2018-10-06..2026-06-09) follow hit 48.2% older / 48.6% newer (fair 50.0%, roi -0.080 / -0.070, z -5.11, edge z -2.08) · fade hit 51.8% / 51.4% (roi -0.010 / -0.017, z -0.93) -> no edge
✅ the explorer: NEW angles: 48s · proven: {"proven": []}
THE TENNIS EDGE STUDY: 64658 priced matches 2012-01-01 -> 2026-08-03 (older half < 2018-05-27 <= newer half) in 38.8s
   softest segments (a bias learned on the older half that still helps on the newer, mnats/match): WTA rank x10+ +1.15, WTA slam +0.91, WTA round sf+ +0.89, ATP indoor +0.78
   ATP: log loss pin 0.5752 / b365 0.5759 / avg 0.576 · margin pin 0.0253 b365 0.0605
   WTA: log loss pin 0.5903 / b365 0.5912 / avg 0.5908 · margin pin 0.0266 b365 0.0619
   line shop b365 >2% over pinnacle fair: n=4674 roi -0.066 / -0.032 (expected +0.063) edge z=2.68 · beats fair in 14% of matches
   line shop avg >2% over pinnacle fair: n=928 roi -0.164 / -0.045 (expected +0.067) edge z=-0.25 · beats fair in 4% of matches
   line shop max >2% over pinnacle fair: n=30043 roi +0.016 / +0.023 (expected +0.069) edge z=2.42 · beats fair in 73% of matches
   model vs market, newer half: pinnacle 0.597 · elo 0.6295 · model 0.6262 · blend 0.5969 (+0.100 mnats, z 1.07)
   bovada: 154 closing lines, margin 0.0453, 0 matched to pinnacle, 45 graded
   names -> ESPN ids: 0.8856 of 1556 names since ESPN's history (by tour {'atp': 0.9195, 'wta': 0.8534}), 0.9386 of match sides · birth dates for 0.9385 of sides (2807 bios on file)
   life atoms (122 read-outs at pinnacle): wta|pin|yvv:vet n=1818 roi +0.020 / -0.095 z 1.53 / -1.45, wta|pin|age:teen n=4296 roi +0.006 / +0.007 z 1.07 / 1.99, wta|pin|tvv:vet n=483 roi +0.046 / -0.126 z 0.51 / -1.2, atp|pin|age:teen n=2324 roi +0.015 / +0.006 z 0.28 / 1.94
   registry: tested 3519 new angles (14985 ever) · new suspects 0 · promoted 0 · killed 0 · luck would give ~3.49 suspects / 0.0793 proven ever
   fixed tests: 543 this run, 1 pass the bar (luck ~0.252)
   PASSES price 90-100% wta at max: n=1231 roi +0.012 / +0.029 z=3.87 (NOT a gettable price)
   closest angle: wta|avg|f2:high&inj:30 n=763 roi +0.043 / +0.033 z older 3.14 all 3.3
   closest angle: wta|b365|f2:high&inj:30 n=763 roi +0.039 / +0.030 z older 2.99 all 3.15
   closest angle: wta|pin|f2:high&inj:30 n=763 roi +0.075 / +0.057 z older 2.78 all 2.89
   closest fixed: line shop b365 all fav gap>0% n=2020 roi +0.044 / +0.008 z=4.48
   closest fixed: line shop b365 atp fav gap>0% n=970 roi +0.067 / +0.007 z=3.45
   closest fixed: line shop b365 wta fav gap>0% n=1050 roi +0.026 / +0.010 z=2.9
   PROVEN: nothing
✅ tennis edge: 39s · proven: {"proven": []}
first set ATP: 32132 matches, implied log loss 0.62855 (match chance as set-1 chance 0.63577, coin 0.69315)
  crew overperformance: closest >= 0.05: n 19692, hit 0.5266 vs implied 0.5218, z 1.41 (vs recalibrated 0.73), ROI -0.0502 (older -0.0615, newer -0.0399) - z 1.41 < 3.5; older ROI -0.0615 <= 0; newer ROI -0.0399 <= 0
  crew raw_rate: closest >= 0.10: n 15498, hit 0.6247 vs implied 0.608, z 4.4 (vs recalibrated 1.16), ROI -0.0269 (older -0.0388, newer -0.016) - older ROI -0.0388 <= 0; newer ROI -0.016 <= 0
first set WTA: 32523 matches, implied log loss 0.62585 (match chance as set-1 chance 0.62643, coin 0.69315)
  crew overperformance: closest >= 0.15: n 8372, hit 0.5631 vs implied 0.549, z 2.69 (vs recalibrated 1.03), ROI -0.0357 (older -0.0422, newer -0.0286) - z 2.69 < 3.5; older ROI -0.0422 <= 0; newer ROI -0.0286 <= 0
  crew raw_rate: closest >= 0.20: n 8256, hit 0.6662 vs implied 0.638, z 5.49 (vs recalibrated 0.74), ROI -0.0109 (older -0.0057, newer -0.0164) - older ROI -0.0057 <= 0; newer ROI -0.0164 <= 0
first set real Bovada lines: 0 captured, 0 matched (test runs at 300) · 4.3s
✅ tennis first set: 4s · proven: {"proven": []}
HEAVY TENNIS FAVORITES (research only): 64658 priced matches 2012-01-01 -> 2026-01-14, split 2018-05-27, 53807 rated
 ATP pin straights [all]
    -101..-150: n  7563 win 0.541 fair 0.547 roi -0.035 z_edge -1.02 | old n 3291 roi -0.035 | new n 4272 roi -0.036
    -151..-200: n  6518 win 0.604 fair 0.619 roi -0.048 z_edge -2.43 | old n 2813 roi -0.043 | new n 3705 roi -0.052
    -201..-300: n  6514 win 0.698 fair 0.691 roi -0.014 z_edge +1.31 | old n 3112 roi -0.020 | new n 3402 roi -0.009
    -301..-500: n  5611 win 0.784 fair 0.771 roi -0.007 z_edge +2.42 | old n 2841 roi +0.006 | new n 2770 roi -0.020
         -500+: n  5778 win 0.896 fair 0.884 roi -0.009 z_edge +3.26 | old n 3246 roi -0.009 | new n 2532 roi -0.009
 ATP pin straights [blend+2%]
    -101..-150: n   116 win 0.560 fair 0.552 roi -0.012 z_edge +0.19 | old n 69 roi +0.043 | new n 47 roi -0.092
    -151..-200: n   207 win 0.551 fair 0.620 roi -0.134 z_edge -1.99 | old n 129 roi -0.072 | new n 78 roi -0.235
    -201..-300: n   233 win 0.717 fair 0.691 roi +0.011 z_edge +0.87 | old n 161 roi +0.017 | new n 72 roi -0.001
    -301..-500: n   173 win 0.775 fair 0.771 roi -0.021 z_edge +0.10 | old n 132 roi -0.014 | new n 41 roi -0.043
         -500+: n    35 win 0.914 fair 0.841 roi +0.060 z_edge +1.51 | old n 30 roi +0.083 | new n 5 roi -0.074
 ATP pin straights [model+2%]
    -101..-150: n  2343 win 0.527 fair 0.545 roi -0.055 z_edge -1.74 | old n 975 roi -0.042 | new n 1368 roi -0.065
    -151..-200: n  1544 win 0.589 fair 0.617 roi -0.068 z_edge -2.19 | old n 591 roi -0.076 | new n 953 roi -0.064
    -201..-300: n  1220 win 0.686 fair 0.689 roi -0.027 z_edge -0.20 | old n 461 roi -0.022 | new n 759 roi -0.030
    -301..-500: n   696 win 0.783 fair 0.768 roi -0.004 z_edge +0.99 | old n 274 roi +0.010 | new n 422 roi -0.014
         -500+: n   345 win 0.870 fair 0.868 roi -0.022 z_edge +0.10 | old n 126 roi +0.003 | new n 219 roi -0.037
 ATP b365 straights [all]
    -101..-150: n  4071 win 0.529 fair 0.539 roi -0.078 z_edge -1.38 | old n 1278 roi -0.087 | new n 2793 roi -0.074
    -151..-200: n  8140 win 0.585 fair 0.599 roi -0.082 z_edge -2.43 | old n 3777 roi -0.089 | new n 4363 roi -0.076
    -201..-300: n  5979 win 0.676 fair 0.671 roi -0.052 z_edge +0.88 | old n 2913 roi -0.066 | new n 3066 roi -0.040
    -301..-500: n  6606 win 0.761 fair 0.748 roi -0.038 z_edge +2.53 | old n 3213 roi -0.038 | new n 3393 roi -0.037
         -500+: n  6547 win 0.885 fair 0.864 roi -0.027 z_edge +5.31 | old n 3868 roi -0.030 | new n 2679 roi -0.023
 ATP b365 straights [blend+2%]
    -101..-150: n   649 win 0.508 fair 0.539 roi -0.113 z_edge -1.56 | old n 189 roi -0.091 | new n 460 roi -0.122
    -151..-200: n  1317 win 0.616 fair 0.598 roi -0.033 z_edge +1.30 | old n 569 roi -0.066 | new n 748 roi -0.007
    -201..-300: n  1263 win 0.710 fair 0.671 roi -0.005 z_edge +3.07 | old n 649 roi -0.000 | new n 614 roi -0.011
    -301..-500: n  1607 win 0.779 fair 0.751 roi -0.020 z_edge +2.69 | old n 785 roi -0.021 | new n 822 roi -0.019
         -500+: n  1659 win 0.882 fair 0.850 roi -0.017 z_edge +4.13 | old n 895 roi -0.021 | new n 764 roi -0.012
 ATP b365 straights [model+2%]
    -101..-150: n  1242 win 0.510 fair 0.538 roi -0.108 z_edge -2.01 | old n 385 roi -0.108 | new n 857 roi -0.108
    -151..-200: n  2075 win 0.571 fair 0.598 roi -0.103 z_edge -2.46 | old n 865 roi -0.139 | new n 1210 roi -0.077
    -201..-300: n  1161 win 0.677 fair 0.670 roi -0.050 z_edge +0.49 | old n 468 roi -0.041 | new n 693 roi -0.056
    -301..-500: n  1028 win 0.743 fair 0.746 roi -0.057 z_edge -0.18 | old n 404 roi -0.071 | new n 624 roi -0.048
         -500+: n   573 win 0.843 fair 0.850 roi -0.061 z_edge -0.48 | old n 229 roi -0.058 | new n 344 roi -0.063
 WTA pin straights [all]
    -101..-150: n  8256 win 0.534 fair 0.545 roi -0.047 z_edge -2.12 | old n 3924 roi -0.047 | new n 4332 roi -0.046
    -151..-200: n  6885 win 0.617 fair 0.618 roi -0.027 z_edge -0.15 | old n 3194 roi -0.029 | new n 3691 roi -0.025
    -201..-300: n  6803 win 0.694 fair 0.690 roi -0.020 z_edge +0.77 | old n 3338 roi -0.022 | new n 3465 roi -0.018
    -301..-500: n  5806 win 0.772 fair 0.769 roi -0.023 z_edge +0.48 | old n 2800 roi -0.024 | new n 3006 roi -0.022
         -500+: n  4649 win 0.892 fair 0.873 roi -0.005 z_edge +4.20 | old n 2399 roi -0.010 | new n 2250 roi +0.001
 WTA pin straights [blend+2%]
    -101..-150: n   156 win 0.545 fair 0.551 roi -0.033 z_edge -0.15 | old n 79 roi -0.176 | new n 77 roi +0.113
    -151..-200: n   219 win 0.676 fair 0.617 roi +0.066 z_edge +1.87 | old n 122 roi +0.049 | new n 97 roi +0.089
    -201..-300: n   271 win 0.727 fair 0.690 roi +0.028 z_edge +1.37 | old n 194 roi -0.005 | new n 77 roi +0.109
    -301..-500: n   209 win 0.794 fair 0.763 roi +0.013 z_edge +1.11 | old n 128 roi +0.033 | new n 81 roi -0.020
         -500+: n    36 win 0.861 fair 0.831 roi +0.010 z_edge +0.52 | old n 25 roi -0.018 | new n 11 roi +0.073
 WTA pin straights [model+2%]
    -101..-150: n  2537 win 0.527 fair 0.544 roi -0.057 z_edge -1.73 | old n 1079 roi -0.079 | new n 1458 roi -0.041
    -151..-200: n  1628 win 0.591 fair 0.617 roi -0.068 z_edge -2.16 | old n 601 roi -0.042 | new n 1027 roi -0.084
    -201..-300: n  1219 win 0.699 fair 0.688 roi -0.010 z_edge +0.85 | old n 449 roi -0.018 | new n 770 roi -0.005
    -301..-500: n   737 win 0.786 fair 0.765 roi -0.001 z_edge +1.35 | old n 241 roi +0.031 | new n 496 roi -0.017
         -500+: n   246 win 0.911 fair 0.854 roi +0.039 z_edge +3.13 | old n 91 roi -0.002 | new n 155 roi +0.064
 WTA b365 straights [all]
    -101..-150: n  4354 win 0.519 fair 0.539 roi -0.094 z_edge -2.61 | old n 1541 roi -0.097 | new n 2813 roi -0.093
    -151..-200: n  8799 win 0.594 fair 0.598 roi -0.068 z_edge -0.85 | old n 4404 roi -0.084 | new n 4395 roi -0.052
    -201..-300: n  6169 win 0.676 fair 0.671 roi -0.053 z_edge +0.82 | old n 3041 roi -0.056 | new n 3128 roi -0.051
    -301..-500: n  6726 win 0.754 fair 0.748 roi -0.048 z_edge +1.13 | old n 3280 roi -0.061 | new n 3446 roi -0.035
         -500+: n  5470 win 0.878 fair 0.854 roi -0.026 z_edge +5.44 | old n 2984 roi -0.035 | new n 2486 roi -0.016
 WTA b365 straights [blend+2%]
    -101..-150: n   715 win 0.568 fair 0.539 roi -0.009 z_edge +1.53 | old n 249 roi -0.102 | new n 466 roi +0.041
    -151..-200: n  1601 win 0.621 fair 0.600 roi -0.028 z_edge +1.73 | old n 781 roi -0.064 | new n 820 roi +0.006
    -201..-300: n  1404 win 0.702 fair 0.670 roi -0.017 z_edge +2.54 | old n 755 roi -0.006 | new n 649 roi -0.029
    -301..-500: n  1586 win 0.772 fair 0.750 roi -0.027 z_edge +2.19 | old n 811 roi -0.048 | new n 775 roi -0.005
         -500+: n  1393 win 0.877 fair 0.846 roi -0.020 z_edge +3.60 | old n 749 roi -0.020 | new n 644 roi -0.019
 WTA b365 straights [model+2%]
    -101..-150: n  1375 win 0.520 fair 0.539 roi -0.093 z_edge -1.42 | old n 438 roi -0.127 | new n 937 roi -0.077
    -151..-200: n  2181 win 0.577 fair 0.598 roi -0.093 z_edge -1.92 | old n 888 roi -0.096 | new n 1293 roi -0.090
    -201..-300: n  1229 win 0.679 fair 0.670 roi -0.047 z_edge +0.68 | old n 472 roi -0.037 | new n 757 roi -0.054
    -301..-500: n  1018 win 0.746 fair 0.745 roi -0.054 z_edge +0.03 | old n 354 roi -0.071 | new n 664 roi -0.045
         -500+: n   429 win 0.897 fair 0.840 roi +0.011 z_edge +3.94 | old n 171 roi -0.024 | new n 258 roi +0.034
 ATP pin parlay cap -150 [all]: 1224 tickets, hit 0.166 (fair 0.171), avg +444, roi -0.111 z -1.94 | old 529 -0.073 | new 695 -0.141
 ATP pin parlay cap -200 [all]: 2097 tickets, hit 0.211 (fair 0.222), avg +325, roi -0.114 z -3.02 | old 946 -0.141 | new 1151 -0.092
 ATP pin parlay cap -300 [all]: 2501 tickets, hit 0.304 (fair 0.295), avg +225, roi -0.049 z -1.66 | old 1164 -0.055 | new 1337 -0.043
 ATP pin parlay cap -200 [blend+2%]: 6 tickets, hit 0.000 (fair 0.211), avg +341, roi -1.000 z +0.00 | old 3 -1.000 | new 3 -1.000
 ATP pin parlay cap -300 [blend+2%]: 18 tickets, hit 0.167 (fair 0.260), avg +265, roi -0.481 z -1.70 | old 8 -0.202 | new 10 -0.705
 ATP pin parlay cap -150 [model+2%]: 187 tickets, hit 0.150 (fair 0.163), avg +472, roi -0.157 z -1.06 | old 70 -0.378 | new 117 -0.025
 ATP pin parlay cap -200 [model+2%]: 507 tickets, hit 0.175 (fair 0.199), avg +373, roi -0.186 z -2.35 | old 185 -0.318 | new 322 -0.111
 ATP pin parlay cap -300 [model+2%]: 765 tickets, hit 0.224 (fair 0.236), avg +308, roi -0.128 z -2.13 | old 296 -0.149 | new 469 -0.115
 ATP b365 parlay cap -150 [all]: 498 tickets, hit 0.112 (fair 0.162), avg +418, roi -0.422 z -5.79 | old 105 -0.495 | new 393 -0.403
 ATP b365 parlay cap -200 [all]: 1909 tickets, hit 0.195 (fair 0.213), avg +294, roi -0.239 z -6.72 | old 818 -0.301 | new 1091 -0.193
 ATP b365 parlay cap -300 [all]: 2394 tickets, hit 0.273 (fair 0.271), avg +216, roi -0.176 z -6.31 | old 1103 -0.221 | new 1291 -0.137
 ATP b365 parlay cap -150 [blend+2%]: 9 tickets, hit 0.222 (fair 0.166), avg +413, roi +0.128 z +0.17 | old 1 +4.325 | new 8 -0.397
 ATP b365 parlay cap -200 [blend+2%]: 141 tickets, hit 0.270 (fair 0.197), avg +329, roi +0.133 z +0.83 | old 35 +0.169 | new 106 +0.121
 ATP b365 parlay cap -300 [blend+2%]: 346 tickets, hit 0.303 (fair 0.242), avg +252, roi +0.034 z +0.39 | old 141 +0.030 | new 205 +0.037
 ATP b365 parlay cap -150 [model+2%]: 49 tickets, hit 0.102 (fair 0.159), avg +430, roi -0.467 z -2.04 | old 4 +0.331 | new 45 -0.538
 ATP b365 parlay cap -200 [model+2%]: 390 tickets, hit 0.197 (fair 0.198), avg +324, roi -0.192 z -2.32 | old 127 -0.262 | new 263 -0.159
 ATP b365 parlay cap -300 [model+2%]: 631 tickets, hit 0.224 (fair 0.230), avg +271, roi -0.206 z -3.45 | old 218 -0.242 | new 413 -0.187
 WTA pin parlay cap -150 [all]: 1308 tickets, hit 0.161 (fair 0.170), avg +445, roi -0.126 z -2.28 | old 602 -0.151 | new 706 -0.105
 WTA pin parlay cap -200 [all]: 2270 tickets, hit 0.207 (fair 0.220), avg +328, roi -0.134 z -3.71 | old 1043 -0.135 | new 1227 -0.133
 WTA pin parlay cap -300 [all]: 2680 tickets, hit 0.289 (fair 0.291), avg +230, roi -0.087 z -3.08 | old 1260 -0.082 | new 1420 -0.092
 WTA pin parlay cap -200 [blend+2%]: 5 tickets, hit 0.600 (fair 0.201), avg +362, roi +1.674 z +1.51 | old 2 -1.000 | new 3 +3.457
 WTA pin parlay cap -300 [blend+2%]: 13 tickets, hit 0.538 (fair 0.237), avg +295, roi +1.124 z +1.94 | old 5 +0.394 | new 8 +1.580
 WTA pin parlay cap -150 [model+2%]: 205 tickets, hit 0.112 (fair 0.163), avg +468, roi -0.367 z -2.94 | old 86 -0.412 | new 119 -0.335
 WTA pin parlay cap -200 [model+2%]: 543 tickets, hit 0.160 (fair 0.197), avg +377, roi -0.236 z -3.11 | old 205 -0.242 | new 338 -0.232
 WTA pin parlay cap -300 [model+2%]: 804 tickets, hit 0.224 (fair 0.238), avg +305, roi -0.148 z -2.57 | old 301 -0.045 | new 503 -0.210
 WTA b365 parlay cap -150 [all]: 542 tickets, hit 0.120 (fair 0.161), avg +419, roi -0.376 z -5.16 | old 151 -0.519 | new 391 -0.321
 WTA b365 parlay cap -200 [all]: 2061 tickets, hit 0.190 (fair 0.213), avg +295, roi -0.259 z -7.66 | old 935 -0.269 | new 1126 -0.251
 WTA b365 parlay cap -300 [all]: 2541 tickets, hit 0.269 (fair 0.270), avg +217, roi -0.171 z -6.20 | old 1181 -0.192 | new 1360 -0.152
 WTA b365 parlay cap -150 [blend+2%]: 7 tickets, hit 0.143 (fair 0.157), avg +435, roi -0.204 z -0.26 | old 2 -1.000 | new 5 +0.115
 WTA b365 parlay cap -200 [blend+2%]: 170 tickets, hit 0.212 (fair 0.201), avg +315, roi -0.128 z -0.98 | old 75 -0.231 | new 95 -0.045
 WTA b365 parlay cap -300 [blend+2%]: 437 tickets, hit 0.277 (fair 0.241), avg +251, roi -0.056 z -0.75 | old 208 -0.082 | new 229 -0.031
 WTA b365 parlay cap -150 [model+2%]: 65 tickets, hit 0.077 (fair 0.160), avg +427, roi -0.586 z -3.26 | old 9 -1.000 | new 56 -0.519
 WTA b365 parlay cap -200 [model+2%]: 389 tickets, hit 0.162 (fair 0.198), avg +326, roi -0.306 z -3.79 | old 128 -0.361 | new 261 -0.279
 WTA b365 parlay cap -300 [model+2%]: 666 tickets, hit 0.219 (fair 0.233), avg +267, roi -0.233 z -4.06 | old 238 -0.318 | new 428 -0.185
 tests at n300+: 266 straight, 28 parlay; expected by luck 0.062 + 0.751
 passed the bar: ['atp|b365|blend+2%|parlay -300'] · proven (not luck-sized): none
 VERDICT: NOT LUCRATIVE (a pass that looks like luck). atp|b365|blend+2%|parlay -300 (n 346, roi +0.034, profit z +0.39) clears the bar, but its profit z is under 2 and 0.81 passes were expected by luck alone. Nothing to act on. Research only.
✅ tennis heavy favorites: 14s · proven: {"proven": []}
study run done in 421s: 18/18 studies ok
✅ underdogs + favorites: 2s · proven: {"nfl": [], "nfl price check": false, "ncaaf": [], "ncaaf price check": false, "nba": [], "nba price check": false, "ncaab": [], "ncaab price check": true, "mlb": [], "mlb price check": false, "nhl": [], "nhl price check": true}
✅ over/unders: 6s · proven: {"nfl": true, "ncaaf": false, "nba": false, "ncaab": true, "mlb": false, "nhl": false}
✅ hockey: 9s · proven: null
✅ spread vs moneyline: 6s · proven: {"nfl": true, "ncaaf": false, "nba": false, "ncaab": false}
✅ puck lines / run lines: 3s · proven: null
✅ halves / first period: 1s · proven: null
✅ comebacks: 101s · proven: null
✅ trends: 6s · proven: {"proven": ["ncaab|rate|fav_cover"]}
✅ rigged / fade the public: 0s · proven: {"proven": []}
✅ self-check on our picks: 0s · proven: null
✅ situational spots: 10s · proven: {"nfl": [], "ncaaf": [], "nba": [], "ncaab": [], "mlb": [], "nhl": []}
✅ line movement + CLV: 2s · proven: {"proven": []}
✅ our engine vs the move (can it beat the pros?): 3s · proven: {"proven": []}
✅ the engine's strengths, sport by sport: 3s · proven: {"proven": ["nba"]}
THE CONTEXT STUDY: 576 tests with 300+ bets; bar z >= 3.5 + profit in both halves. Luck alone: ~0.134 false positives expected (fake no-edge results passed 0.0 on average); refs: officials.json loaded
nfl: 2770 games · proven - · confirmed - · killed -
   ref_home-|spread|dog         n=   440 roi old +0.016 new +0.101 edge +0.0529 z=+1.29
   any:out_dome|total|over      n=   461 roi old +0.057 new +0.025 edge +0.0444 z=+0.93
   div|spread|dog               n=   775 roi old +0.028 new +0.028 edge +0.0372 z=+0.82
   out_dome|ml|team             n=   449 roi old +0.121 new -0.031 edge +0.0396 z=+0.75
   any:dome_out|total|under     n=   456 roi old +0.014 new +0.040 edge +0.0374 z=+0.61
   nonconf|total|under          n=   565 roi old +0.072 new -0.040 edge +0.0312 z=+0.39
ncaaf: 8324 games · proven - · confirmed - · killed -
   any:east1000|total|under     n=   407 roi old +0.054 new +0.058 edge +0.0530 z=+1.19
   east1000|ml|team             n=   402 roi old +0.131 new -0.041 edge -0.0007 z=+0.46
   any:west1000|total|over      n=   360 roi old -0.026 new +0.059 edge +0.0329 z=+0.33
   west1000|ml|fade             n=   353 roi old -0.026 new +0.041 edge +0.0206 z=+0.10
   trip1000|ml|fade             n=   745 roi old -0.008 new +0.013 edge +0.0101 z=+0.05
   any:bowl5|total|over         n=   353 roi old +0.051 new -0.052 edge +0.0238 z=-0.02
nba: 12833 games · proven - · confirmed - · killed -
   any:rest|total|over          n=   328 roi old +0.140 new +0.105 edge +0.0881 z=+2.36
   ref_under|ml|road            n=   384 roi old +0.116 new +0.248 edge +0.0791 z=+2.33
   any:tank|total|over          n=   584 roi old +0.006 new +0.124 edge +0.0581 z=+1.66
   any:elim|total|over          n=   664 roi old -0.017 new +0.110 edge +0.0481 z=+1.26
   ref_under|ml|dog             n=   381 roi old +0.021 new +0.183 edge +0.0474 z=+1.19
   tank|spread|fade             n=   527 roi old +0.032 new +0.050 edge +0.0445 z=+0.99
ncaab: 59096 games · proven - · confirmed - · killed -
   ref_under|total|under        n=  2500 roi old +0.036 new +0.070 edge +0.0513 z=+2.81
   ref_over|total|over          n=  1501 roi old +0.064 new +0.018 edge +0.0454 z=+1.67
   rival|spread|home            n=   368 roi old +0.130 new -0.055 edge +0.0435 z=+0.76
   road3in6|spread|team         n=   491 roi old +0.006 new +0.058 edge +0.0403 z=+0.74
   rival|total|under            n=   371 roi old +0.084 new -0.042 edge +0.0342 z=+0.41
   rival|ml|home                n=   374 roi old +0.054 new -0.025 edge +0.0330 z=+0.30
mlb: 23241 games · proven - · confirmed - · killed -
   trip2000|ml|fade             n=   660 roi old +0.092 new -0.046 edge +0.0265 z=+0.58
   east1000|ml|team             n=  1398 roi old +0.041 new -0.011 edge +0.0239 z=+0.54
   nonconf|ml|road              n=  4275 roi old +0.039 new -0.032 edge +0.0179 z=+0.20
   any:west1000|total|over      n=  1442 roi old -0.027 new +0.030 edge +0.0236 z=+0.06
   trip1000|ml|team             n=  2475 roi old -0.005 new +0.002 edge +0.0156 z=-0.07
   ref_under|total|under        n=  3080 roi old +0.001 new -0.004 edge +0.0215 z=-0.08
nhl: 13219 games · proven - · confirmed - · killed -
   ref_home+|ml|road            n=   476 roi old +0.057 new -0.014 edge +0.0261 z=+0.41
   race|ml|team                 n=  1320 roi old +0.025 new -0.022 edge +0.0237 z=+0.04
   mustwin|ml|team              n=  1228 roi old +0.036 new -0.040 edge +0.0226 z=-0.07
   ref_home+|total|over         n=   461 roi old -0.023 new +0.001 edge +0.0164 z=-0.25
   trip2000|ml|fade             n=   525 roi old -0.023 new -0.001 edge +0.0093 z=-0.26
   ref_home+|ml|dog             n=   468 roi old +0.038 new -0.073 edge +0.0054 z=-0.31
✅ context: rivalries, travel, domes, stakes, refs: 20s · proven: {"nfl": [], "ncaaf": [], "nba": [], "ncaab": [], "mlb": [], "nhl": []}
THE EXPLORER: tested 6000 NEW angles (34000 ever) in 30.4s
   new suspects: 0 (luck alone would give ~1.4) · promoted to PROVEN: 0 · killed: 0 · proven demoted: 0
   now watching 0 suspects · 0 proven · 0 killed
   TEAM TRENDS pooled across sports (all games so far; 'follow' = ride the trend, 'fade' = bet against it; the bar: 300+ bets, profit in both halves, z 3.5+):
   1st-quarter form|ml: n=23927 (2018-04-07..2026-09-27) follow hit 62.3% older / 62.9% newer (fair 61.3%, roi -0.022 / -0.026, z -3.95, edge z 4.5) · fade hit 37.7% / 37.1% (roi -0.098 / -0.145, z -12.3) -> no edge
   1st-quarter form|p1ml: n=14401 (2018-09-09..2026-09-27) follow hit 60.6% older / 61.4% newer (fair 59.7%, roi -0.031 / -0.035, z -4.55, edge z 3.4) · fade hit 39.4% / 38.6% (roi -0.082 / -0.117, z -9.07) -> no edge
   1st-quarter form|p1spread: n=14818 (2018-09-09..2026-09-27) follow hit 50.5% older / 50.0% newer (fair 50.0%, roi -0.043 / -0.059, z -6.59, edge z 0.55) · fade hit 49.5% / 50.0% (roi -0.060 / -0.059, z -7.69) -> no edge
   1st-quarter form|spread: n=21347 (2018-10-20..2026-06-14) follow hit 49.9% older / 50.4% newer (fair 50.0%, roi -0.047 / -0.036, z -6.36, edge z 0.45) · fade hit 50.1% / 49.6% (roi -0.043 / -0.052, z -7.27) -> no edge
   O/U streak 4+|total: n=15170 (2018-04-04..2026-09-30) follow hit 49.7% older / 50.8% newer (fair 50.0%, roi -0.051 / -0.028, z -5.11, edge z 0.6) · fade hit 50.3% / 49.1% (roi -0.037 / -0.060, z -6.28) -> no edge
   division record|ml: n=2515 (2018-09-09..2026-09-29) follow hit 64.4% older / 65.7% newer (fair 62.9%, roi +0.018 / -0.012, z 0.17, edge z 2.27) · fade hit 35.6% / 34.3% (roi -0.080 / -0.102, z -3.15) -> no edge
   division record|spread: n=1421 (2018-09-09..2026-09-27) follow hit 50.4% older / 49.2% newer (fair 50.0%, roi -0.035 / -0.059, z -1.86, edge z -0.14) · fade hit 49.6% / 50.8% (roi -0.052 / -0.027, z -1.57) -> no edge
   prime-time record|ml: n=189 (2018-09-17..2026-09-28) follow hit 59.6% older / 62.1% newer (fair 59.9%, roi -0.080 / +0.022, z -0.45, edge z 0.28) · fade hit 40.4% / 37.9% (roi -0.116 / -0.054, z -0.89) -> no edge
   prime-time record|spread: n=187 (2018-09-17..2026-09-28) follow hit 52.7% older / 47.9% newer (fair 50.0%, roi +0.010 / -0.085, z -0.54, edge z 0.08) · fade hit 47.3% / 52.1% (roi -0.090 / -0.007, z -0.69) -> no edge
   road ATS rate|spread: n=10107 (2018-11-04..2026-09-27) follow hit 48.9% older / 48.6% newer (fair 50.0%, roi -0.067 / -0.071, z -7.24, edge z -2.56) · fade hit 51.1% / 51.4% (roi -0.023 / -0.018, z -2.14) -> no edge
   season ATS rate|spread: n=12887 (2018-10-13..2026-04-04) follow hit 48.6% older / 49.0% newer (fair 50.0%, roi -0.072 / -0.063, z -8.02, edge z -2.74) · fade hit 51.4% / 51.0% (roi -0.017 / -0.025, z -2.54) -> no edge
   team ATS streak 3+|spread: n=16397 (2018-09-16..2026-09-26) follow hit 49.1% older / 49.5% newer (fair 50.0%, roi -0.062 / -0.054, z -7.75, edge z -1.78) · fade hit 50.9% / 50.5% (roi -0.028 / -0.035, z -4.2) -> no edge
   team ATS streak 5+|spread: n=4206 (2018-10-06..2026-06-09) follow hit 48.2% older / 48.6% newer (fair 50.0%, roi -0.080 / -0.070, z -5.11, edge z -2.08) · fade hit 51.8% / 51.4% (roi -0.010 / -0.017, z -0.93) -> no edge
✅ the explorer: NEW angles: 31s · proven: {"proven": []}
THE TENNIS EDGE STUDY: 64658 priced matches 2012-01-01 -> 2026-08-03 (older half < 2018-05-27 <= newer half) in 26.5s
   softest segments (a bias learned on the older half that still helps on the newer, mnats/match): WTA rank x10+ +1.15, WTA slam +0.91, WTA round sf+ +0.89, ATP indoor +0.78
   ATP: log loss pin 0.5752 / b365 0.5759 / avg 0.576 · margin pin 0.0253 b365 0.0605
   WTA: log loss pin 0.5903 / b365 0.5912 / avg 0.5908 · margin pin 0.0266 b365 0.0619
   line shop b365 >2% over pinnacle fair: n=4674 roi -0.066 / -0.032 (expected +0.063) edge z=2.68 · beats fair in 14% of matches
   line shop avg >2% over pinnacle fair: n=928 roi -0.164 / -0.045 (expected +0.067) edge z=-0.25 · beats fair in 4% of matches
   line shop max >2% over pinnacle fair: n=30043 roi +0.016 / +0.023 (expected +0.069) edge z=2.42 · beats fair in 73% of matches
   model vs market, newer half: pinnacle 0.597 · elo 0.6295 · model 0.6262 · blend 0.5969 (+0.100 mnats, z 1.07)
   bovada: 154 closing lines, margin 0.0453, 0 matched to pinnacle, 50 graded
   names -> ESPN ids: 0.8856 of 1556 names since ESPN's history (by tour {'atp': 0.9195, 'wta': 0.8534}), 0.9386 of match sides · birth dates for 0.9385 of sides (2807 bios on file)
   life atoms (122 read-outs at pinnacle): wta|pin|yvv:vet n=1818 roi +0.020 / -0.095 z 1.53 / -1.45, wta|pin|age:teen n=4296 roi +0.006 / +0.007 z 1.07 / 1.99, wta|pin|tvv:vet n=483 roi +0.046 / -0.126 z 0.51 / -1.2, atp|pin|age:teen n=2324 roi +0.015 / +0.006 z 0.28 / 1.94
   registry: tested 3844 new angles (18829 ever) · new suspects 0 · promoted 0 · killed 0 · luck would give ~4.38 suspects / 0.0996 proven ever
   fixed tests: 543 this run, 1 pass the bar (luck ~0.252)
   PASSES price 90-100% wta at max: n=1231 roi +0.012 / +0.029 z=3.87 (NOT a gettable price)
   closest angle: atp|pin|fs:low&olay:long n=467 roi +0.178 / -0.134 z older 3.08 all 0.84
   closest angle: atp|avg|fs:low&olay:long n=467 roi +0.137 / -0.161 z older 3.05 all 0.83
   closest angle: atp|b365|fs:low&olay:long n=465 roi +0.129 / -0.171 z older 3.04 all 0.79
   closest fixed: line shop b365 all fav gap>0% n=2020 roi +0.044 / +0.008 z=4.48
   closest fixed: line shop b365 atp fav gap>0% n=970 roi +0.067 / +0.007 z=3.45
   closest fixed: line shop b365 wta fav gap>0% n=1050 roi +0.026 / +0.010 z=2.9
   PROVEN: nothing
✅ tennis edge: 27s · proven: {"proven": []}
first set ATP: 32132 matches, implied log loss 0.62855 (match chance as set-1 chance 0.63577, coin 0.69315)
  crew overperformance: closest >= 0.05: n 19692, hit 0.5266 vs implied 0.5218, z 1.41 (vs recalibrated 0.73), ROI -0.0502 (older -0.0615, newer -0.0399) - z 1.41 < 3.5; older ROI -0.0615 <= 0; newer ROI -0.0399 <= 0
  crew raw_rate: closest >= 0.10: n 15498, hit 0.6247 vs implied 0.608, z 4.4 (vs recalibrated 1.16), ROI -0.0269 (older -0.0388, newer -0.016) - older ROI -0.0388 <= 0; newer ROI -0.016 <= 0
first set WTA: 32523 matches, implied log loss 0.62585 (match chance as set-1 chance 0.62643, coin 0.69315)
  crew overperformance: closest >= 0.15: n 8372, hit 0.5631 vs implied 0.549, z 2.69 (vs recalibrated 1.03), ROI -0.0357 (older -0.0422, newer -0.0286) - z 2.69 < 3.5; older ROI -0.0422 <= 0; newer ROI -0.0286 <= 0
  crew raw_rate: closest >= 0.20: n 8256, hit 0.6662 vs implied 0.638, z 5.49 (vs recalibrated 0.74), ROI -0.0109 (older -0.0057, newer -0.0164) - older ROI -0.0057 <= 0; newer ROI -0.0164 <= 0
first set real Bovada lines: 0 captured, 0 matched (test runs at 300) · 3.2s
✅ tennis first set: 3s · proven: {"proven": []}
HEAVY TENNIS FAVORITES (research only): 64658 priced matches 2012-01-01 -> 2026-01-14, split 2018-05-27, 53807 rated
 ATP pin straights [all]
    -101..-150: n  7563 win 0.541 fair 0.547 roi -0.035 z_edge -1.02 | old n 3291 roi -0.035 | new n 4272 roi -0.036
    -151..-200: n  6518 win 0.604 fair 0.619 roi -0.048 z_edge -2.43 | old n 2813 roi -0.043 | new n 3705 roi -0.052
    -201..-300: n  6514 win 0.698 fair 0.691 roi -0.014 z_edge +1.31 | old n 3112 roi -0.020 | new n 3402 roi -0.009
    -301..-500: n  5611 win 0.784 fair 0.771 roi -0.007 z_edge +2.42 | old n 2841 roi +0.006 | new n 2770 roi -0.020
         -500+: n  5778 win 0.896 fair 0.884 roi -0.009 z_edge +3.26 | old n 3246 roi -0.009 | new n 2532 roi -0.009
 ATP pin straights [blend+2%]
    -101..-150: n   116 win 0.560 fair 0.552 roi -0.012 z_edge +0.19 | old n 69 roi +0.043 | new n 47 roi -0.092
    -151..-200: n   207 win 0.551 fair 0.620 roi -0.134 z_edge -1.99 | old n 129 roi -0.072 | new n 78 roi -0.235
    -201..-300: n   233 win 0.717 fair 0.691 roi +0.011 z_edge +0.87 | old n 161 roi +0.017 | new n 72 roi -0.001
    -301..-500: n   173 win 0.775 fair 0.771 roi -0.021 z_edge +0.10 | old n 132 roi -0.014 | new n 41 roi -0.043
         -500+: n    35 win 0.914 fair 0.841 roi +0.060 z_edge +1.51 | old n 30 roi +0.083 | new n 5 roi -0.074
 ATP pin straights [model+2%]
    -101..-150: n  2343 win 0.527 fair 0.545 roi -0.055 z_edge -1.74 | old n 975 roi -0.042 | new n 1368 roi -0.065
    -151..-200: n  1544 win 0.589 fair 0.617 roi -0.068 z_edge -2.19 | old n 591 roi -0.076 | new n 953 roi -0.064
    -201..-300: n  1220 win 0.686 fair 0.689 roi -0.027 z_edge -0.20 | old n 461 roi -0.022 | new n 759 roi -0.030
    -301..-500: n   696 win 0.783 fair 0.768 roi -0.004 z_edge +0.99 | old n 274 roi +0.010 | new n 422 roi -0.014
         -500+: n   345 win 0.870 fair 0.868 roi -0.022 z_edge +0.10 | old n 126 roi +0.003 | new n 219 roi -0.037
 ATP b365 straights [all]
    -101..-150: n  4071 win 0.529 fair 0.539 roi -0.078 z_edge -1.38 | old n 1278 roi -0.087 | new n 2793 roi -0.074
    -151..-200: n  8140 win 0.585 fair 0.599 roi -0.082 z_edge -2.43 | old n 3777 roi -0.089 | new n 4363 roi -0.076
    -201..-300: n  5979 win 0.676 fair 0.671 roi -0.052 z_edge +0.88 | old n 2913 roi -0.066 | new n 3066 roi -0.040
    -301..-500: n  6606 win 0.761 fair 0.748 roi -0.038 z_edge +2.53 | old n 3213 roi -0.038 | new n 3393 roi -0.037
         -500+: n  6547 win 0.885 fair 0.864 roi -0.027 z_edge +5.31 | old n 3868 roi -0.030 | new n 2679 roi -0.023
 ATP b365 straights [blend+2%]
    -101..-150: n   649 win 0.508 fair 0.539 roi -0.113 z_edge -1.56 | old n 189 roi -0.091 | new n 460 roi -0.122
    -151..-200: n  1317 win 0.616 fair 0.598 roi -0.033 z_edge +1.30 | old n 569 roi -0.066 | new n 748 roi -0.007
    -201..-300: n  1263 win 0.710 fair 0.671 roi -0.005 z_edge +3.07 | old n 649 roi -0.000 | new n 614 roi -0.011
    -301..-500: n  1607 win 0.779 fair 0.751 roi -0.020 z_edge +2.69 | old n 785 roi -0.021 | new n 822 roi -0.019
         -500+: n  1659 win 0.882 fair 0.850 roi -0.017 z_edge +4.13 | old n 895 roi -0.021 | new n 764 roi -0.012
 ATP b365 straights [model+2%]
    -101..-150: n  1242 win 0.510 fair 0.538 roi -0.108 z_edge -2.01 | old n 385 roi -0.108 | new n 857 roi -0.108
    -151..-200: n  2075 win 0.571 fair 0.598 roi -0.103 z_edge -2.46 | old n 865 roi -0.139 | new n 1210 roi -0.077
    -201..-300: n  1161 win 0.677 fair 0.670 roi -0.050 z_edge +0.49 | old n 468 roi -0.041 | new n 693 roi -0.056
    -301..-500: n  1028 win 0.743 fair 0.746 roi -0.057 z_edge -0.18 | old n 404 roi -0.071 | new n 624 roi -0.048
         -500+: n   573 win 0.843 fair 0.850 roi -0.061 z_edge -0.48 | old n 229 roi -0.058 | new n 344 roi -0.063
 WTA pin straights [all]
    -101..-150: n  8256 win 0.534 fair 0.545 roi -0.047 z_edge -2.12 | old n 3924 roi -0.047 | new n 4332 roi -0.046
    -151..-200: n  6885 win 0.617 fair 0.618 roi -0.027 z_edge -0.15 | old n 3194 roi -0.029 | new n 3691 roi -0.025
    -201..-300: n  6803 win 0.694 fair 0.690 roi -0.020 z_edge +0.77 | old n 3338 roi -0.022 | new n 3465 roi -0.018
    -301..-500: n  5806 win 0.772 fair 0.769 roi -0.023 z_edge +0.48 | old n 2800 roi -0.024 | new n 3006 roi -0.022
         -500+: n  4649 win 0.892 fair 0.873 roi -0.005 z_edge +4.20 | old n 2399 roi -0.010 | new n 2250 roi +0.001
 WTA pin straights [blend+2%]
    -101..-150: n   156 win 0.545 fair 0.551 roi -0.033 z_edge -0.15 | old n 79 roi -0.176 | new n 77 roi +0.113
    -151..-200: n   219 win 0.676 fair 0.617 roi +0.066 z_edge +1.87 | old n 122 roi +0.049 | new n 97 roi +0.089
    -201..-300: n   271 win 0.727 fair 0.690 roi +0.028 z_edge +1.37 | old n 194 roi -0.005 | new n 77 roi +0.109
    -301..-500: n   209 win 0.794 fair 0.763 roi +0.013 z_edge +1.11 | old n 128 roi +0.033 | new n 81 roi -0.020
         -500+: n    36 win 0.861 fair 0.831 roi +0.010 z_edge +0.52 | old n 25 roi -0.018 | new n 11 roi +0.073
 WTA pin straights [model+2%]
    -101..-150: n  2537 win 0.527 fair 0.544 roi -0.057 z_edge -1.73 | old n 1079 roi -0.079 | new n 1458 roi -0.041
    -151..-200: n  1628 win 0.591 fair 0.617 roi -0.068 z_edge -2.16 | old n 601 roi -0.042 | new n 1027 roi -0.084
    -201..-300: n  1219 win 0.699 fair 0.688 roi -0.010 z_edge +0.85 | old n 449 roi -0.018 | new n 770 roi -0.005
    -301..-500: n   737 win 0.786 fair 0.765 roi -0.001 z_edge +1.35 | old n 241 roi +0.031 | new n 496 roi -0.017
         -500+: n   246 win 0.911 fair 0.854 roi +0.039 z_edge +3.13 | old n 91 roi -0.002 | new n 155 roi +0.064
 WTA b365 straights [all]
    -101..-150: n  4354 win 0.519 fair 0.539 roi -0.094 z_edge -2.61 | old n 1541 roi -0.097 | new n 2813 roi -0.093
    -151..-200: n  8799 win 0.594 fair 0.598 roi -0.068 z_edge -0.85 | old n 4404 roi -0.084 | new n 4395 roi -0.052
    -201..-300: n  6169 win 0.676 fair 0.671 roi -0.053 z_edge +0.82 | old n 3041 roi -0.056 | new n 3128 roi -0.051
    -301..-500: n  6726 win 0.754 fair 0.748 roi -0.048 z_edge +1.13 | old n 3280 roi -0.061 | new n 3446 roi -0.035
         -500+: n  5470 win 0.878 fair 0.854 roi -0.026 z_edge +5.44 | old n 2984 roi -0.035 | new n 2486 roi -0.016
 WTA b365 straights [blend+2%]
    -101..-150: n   715 win 0.568 fair 0.539 roi -0.009 z_edge +1.53 | old n 249 roi -0.102 | new n 466 roi +0.041
    -151..-200: n  1601 win 0.621 fair 0.600 roi -0.028 z_edge +1.73 | old n 781 roi -0.064 | new n 820 roi +0.006
    -201..-300: n  1404 win 0.702 fair 0.670 roi -0.017 z_edge +2.54 | old n 755 roi -0.006 | new n 649 roi -0.029
    -301..-500: n  1586 win 0.772 fair 0.750 roi -0.027 z_edge +2.19 | old n 811 roi -0.048 | new n 775 roi -0.005
         -500+: n  1393 win 0.877 fair 0.846 roi -0.020 z_edge +3.60 | old n 749 roi -0.020 | new n 644 roi -0.019
 WTA b365 straights [model+2%]
    -101..-150: n  1375 win 0.520 fair 0.539 roi -0.093 z_edge -1.42 | old n 438 roi -0.127 | new n 937 roi -0.077
    -151..-200: n  2181 win 0.577 fair 0.598 roi -0.093 z_edge -1.92 | old n 888 roi -0.096 | new n 1293 roi -0.090
    -201..-300: n  1229 win 0.679 fair 0.670 roi -0.047 z_edge +0.68 | old n 472 roi -0.037 | new n 757 roi -0.054
    -301..-500: n  1018 win 0.746 fair 0.745 roi -0.054 z_edge +0.03 | old n 354 roi -0.071 | new n 664 roi -0.045
         -500+: n   429 win 0.897 fair 0.840 roi +0.011 z_edge +3.94 | old n 171 roi -0.024 | new n 258 roi +0.034
 ATP pin parlay cap -150 [all]: 1224 tickets, hit 0.166 (fair 0.171), avg +444, roi -0.111 z -1.94 | old 529 -0.073 | new 695 -0.141
 ATP pin parlay cap -200 [all]: 2097 tickets, hit 0.211 (fair 0.222), avg +325, roi -0.114 z -3.02 | old 946 -0.141 | new 1151 -0.092
 ATP pin parlay cap -300 [all]: 2501 tickets, hit 0.304 (fair 0.295), avg +225, roi -0.049 z -1.66 | old 1164 -0.055 | new 1337 -0.043
 ATP pin parlay cap -200 [blend+2%]: 6 tickets, hit 0.000 (fair 0.211), avg +341, roi -1.000 z +0.00 | old 3 -1.000 | new 3 -1.000
 ATP pin parlay cap -300 [blend+2%]: 18 tickets, hit 0.167 (fair 0.260), avg +265, roi -0.481 z -1.70 | old 8 -0.202 | new 10 -0.705
 ATP pin parlay cap -150 [model+2%]: 187 tickets, hit 0.150 (fair 0.163), avg +472, roi -0.157 z -1.06 | old 70 -0.378 | new 117 -0.025
 ATP pin parlay cap -200 [model+2%]: 507 tickets, hit 0.175 (fair 0.199), avg +373, roi -0.186 z -2.35 | old 185 -0.318 | new 322 -0.111
 ATP pin parlay cap -300 [model+2%]: 765 tickets, hit 0.224 (fair 0.236), avg +308, roi -0.128 z -2.13 | old 296 -0.149 | new 469 -0.115
 ATP b365 parlay cap -150 [all]: 498 tickets, hit 0.112 (fair 0.162), avg +418, roi -0.422 z -5.79 | old 105 -0.495 | new 393 -0.403
 ATP b365 parlay cap -200 [all]: 1909 tickets, hit 0.195 (fair 0.213), avg +294, roi -0.239 z -6.72 | old 818 -0.301 | new 1091 -0.193
 ATP b365 parlay cap -300 [all]: 2394 tickets, hit 0.273 (fair 0.271), avg +216, roi -0.176 z -6.31 | old 1103 -0.221 | new 1291 -0.137
 ATP b365 parlay cap -150 [blend+2%]: 9 tickets, hit 0.222 (fair 0.166), avg +413, roi +0.128 z +0.17 | old 1 +4.325 | new 8 -0.397
 ATP b365 parlay cap -200 [blend+2%]: 141 tickets, hit 0.270 (fair 0.197), avg +329, roi +0.133 z +0.83 | old 35 +0.169 | new 106 +0.121
 ATP b365 parlay cap -300 [blend+2%]: 346 tickets, hit 0.303 (fair 0.242), avg +252, roi +0.034 z +0.39 | old 141 +0.030 | new 205 +0.037
 ATP b365 parlay cap -150 [model+2%]: 49 tickets, hit 0.102 (fair 0.159), avg +430, roi -0.467 z -2.04 | old 4 +0.331 | new 45 -0.538
 ATP b365 parlay cap -200 [model+2%]: 390 tickets, hit 0.197 (fair 0.198), avg +324, roi -0.192 z -2.32 | old 127 -0.262 | new 263 -0.159
 ATP b365 parlay cap -300 [model+2%]: 631 tickets, hit 0.224 (fair 0.230), avg +271, roi -0.206 z -3.45 | old 218 -0.242 | new 413 -0.187
 WTA pin parlay cap -150 [all]: 1308 tickets, hit 0.161 (fair 0.170), avg +445, roi -0.126 z -2.28 | old 602 -0.151 | new 706 -0.105
 WTA pin parlay cap -200 [all]: 2270 tickets, hit 0.207 (fair 0.220), avg +328, roi -0.134 z -3.71 | old 1043 -0.135 | new 1227 -0.133
 WTA pin parlay cap -300 [all]: 2680 tickets, hit 0.289 (fair 0.291), avg +230, roi -0.087 z -3.08 | old 1260 -0.082 | new 1420 -0.092
 WTA pin parlay cap -200 [blend+2%]: 5 tickets, hit 0.600 (fair 0.201), avg +362, roi +1.674 z +1.51 | old 2 -1.000 | new 3 +3.457
 WTA pin parlay cap -300 [blend+2%]: 13 tickets, hit 0.538 (fair 0.237), avg +295, roi +1.124 z +1.94 | old 5 +0.394 | new 8 +1.580
 WTA pin parlay cap -150 [model+2%]: 205 tickets, hit 0.112 (fair 0.163), avg +468, roi -0.367 z -2.94 | old 86 -0.412 | new 119 -0.335
 WTA pin parlay cap -200 [model+2%]: 543 tickets, hit 0.160 (fair 0.197), avg +377, roi -0.236 z -3.11 | old 205 -0.242 | new 338 -0.232
 WTA pin parlay cap -300 [model+2%]: 804 tickets, hit 0.224 (fair 0.238), avg +305, roi -0.148 z -2.57 | old 301 -0.045 | new 503 -0.210
 WTA b365 parlay cap -150 [all]: 542 tickets, hit 0.120 (fair 0.161), avg +419, roi -0.376 z -5.16 | old 151 -0.519 | new 391 -0.321
 WTA b365 parlay cap -200 [all]: 2061 tickets, hit 0.190 (fair 0.213), avg +295, roi -0.259 z -7.66 | old 935 -0.269 | new 1126 -0.251
 WTA b365 parlay cap -300 [all]: 2541 tickets, hit 0.269 (fair 0.270), avg +217, roi -0.171 z -6.20 | old 1181 -0.192 | new 1360 -0.152
 WTA b365 parlay cap -150 [blend+2%]: 7 tickets, hit 0.143 (fair 0.157), avg +435, roi -0.204 z -0.26 | old 2 -1.000 | new 5 +0.115
 WTA b365 parlay cap -200 [blend+2%]: 170 tickets, hit 0.212 (fair 0.201), avg +315, roi -0.128 z -0.98 | old 75 -0.231 | new 95 -0.045
 WTA b365 parlay cap -300 [blend+2%]: 437 tickets, hit 0.277 (fair 0.241), avg +251, roi -0.056 z -0.75 | old 208 -0.082 | new 229 -0.031
 WTA b365 parlay cap -150 [model+2%]: 65 tickets, hit 0.077 (fair 0.160), avg +427, roi -0.586 z -3.26 | old 9 -1.000 | new 56 -0.519
 WTA b365 parlay cap -200 [model+2%]: 389 tickets, hit 0.162 (fair 0.198), avg +326, roi -0.306 z -3.79 | old 128 -0.361 | new 261 -0.279
 WTA b365 parlay cap -300 [model+2%]: 666 tickets, hit 0.219 (fair 0.233), avg +267, roi -0.233 z -4.06 | old 238 -0.318 | new 428 -0.185
 tests at n300+: 266 straight, 28 parlay; expected by luck 0.062 + 0.751
 passed the bar: ['atp|b365|blend+2%|parlay -300'] · proven (not luck-sized): none
 VERDICT: NOT LUCRATIVE (a pass that looks like luck). atp|b365|blend+2%|parlay -300 (n 346, roi +0.034, profit z +0.39) clears the bar, but its profit z is under 2 and 0.81 passes were expected by luck alone. Nothing to act on. Research only.
✅ tennis heavy favorites: 10s · proven: {"proven": []}
study run done in 244s: 19/19 studies ok
✅ underdogs + favorites: 3s · proven: {"nfl": [], "nfl price check": false, "ncaaf": [], "ncaaf price check": false, "nba": [], "nba price check": false, "ncaab": [], "ncaab price check": true, "mlb": [], "mlb price check": false, "nhl": [], "nhl price check": true}
✅ over/unders: 11s · proven: {"nfl": true, "ncaaf": false, "nba": false, "ncaab": true, "mlb": false, "nhl": false}
✅ hockey: 17s · proven: null
✅ spread vs moneyline: 11s · proven: {"nfl": true, "ncaaf": false, "nba": false, "ncaab": false}
✅ puck lines / run lines: 7s · proven: null
✅ halves / first period: 2s · proven: null
✅ comebacks: 191s · proven: null
✅ trends: 10s · proven: {"proven": ["ncaab|rate|fav_cover"]}
✅ rigged / fade the public: 1s · proven: {"proven": []}
✅ self-check on our picks: 0s · proven: null
✅ situational spots: 17s · proven: {"nfl": [], "ncaaf": [], "nba": [], "ncaab": [], "mlb": [], "nhl": []}
✅ line movement + CLV: 2s · proven: {"proven": []}
✅ our engine vs the move (can it beat the pros?): 5s · proven: {"proven": []}
✅ the engine's strengths, sport by sport: 6s · proven: {"proven": ["nba"]}
THE CONTEXT STUDY: 576 tests with 300+ bets; bar z >= 3.5 + profit in both halves. Luck alone: ~0.134 false positives expected (fake no-edge results passed 0.0 on average); refs: officials.json loaded
nfl: 2770 games · proven - · confirmed - · killed -
   ref_home-|spread|dog         n=   440 roi old +0.016 new +0.101 edge +0.0529 z=+1.29
   any:out_dome|total|over      n=   461 roi old +0.057 new +0.025 edge +0.0444 z=+0.93
   div|spread|dog               n=   775 roi old +0.028 new +0.028 edge +0.0372 z=+0.82
   out_dome|ml|team             n=   449 roi old +0.121 new -0.031 edge +0.0396 z=+0.75
   any:dome_out|total|under     n=   456 roi old +0.014 new +0.040 edge +0.0374 z=+0.61
   nonconf|total|under          n=   565 roi old +0.072 new -0.040 edge +0.0312 z=+0.39
ncaaf: 8324 games · proven - · confirmed - · killed -
   any:east1000|total|under     n=   407 roi old +0.054 new +0.058 edge +0.0530 z=+1.19
   east1000|ml|team             n=   402 roi old +0.131 new -0.041 edge -0.0007 z=+0.46
   any:west1000|total|over      n=   360 roi old -0.026 new +0.059 edge +0.0329 z=+0.33
   west1000|ml|fade             n=   353 roi old -0.026 new +0.041 edge +0.0206 z=+0.10
   trip1000|ml|fade             n=   745 roi old -0.008 new +0.013 edge +0.0101 z=+0.05
   any:bowl5|total|over         n=   353 roi old +0.051 new -0.052 edge +0.0238 z=-0.02
nba: 12833 games · proven - · confirmed - · killed -
   any:rest|total|over          n=   328 roi old +0.140 new +0.105 edge +0.0881 z=+2.36
   ref_under|ml|road            n=   384 roi old +0.116 new +0.248 edge +0.0791 z=+2.33
   any:tank|total|over          n=   584 roi old +0.006 new +0.124 edge +0.0581 z=+1.66
   any:elim|total|over          n=   664 roi old -0.017 new +0.110 edge +0.0481 z=+1.26
   ref_under|ml|dog             n=   381 roi old +0.021 new +0.183 edge +0.0474 z=+1.19
   tank|spread|fade             n=   527 roi old +0.032 new +0.050 edge +0.0445 z=+0.99
ncaab: 59096 games · proven - · confirmed - · killed -
   ref_under|total|under        n=  2500 roi old +0.036 new +0.070 edge +0.0513 z=+2.81
   ref_over|total|over          n=  1501 roi old +0.064 new +0.018 edge +0.0454 z=+1.67
   rival|spread|home            n=   368 roi old +0.130 new -0.055 edge +0.0435 z=+0.76
   road3in6|spread|team         n=   491 roi old +0.006 new +0.058 edge +0.0403 z=+0.74
   rival|total|under            n=   371 roi old +0.084 new -0.042 edge +0.0342 z=+0.41
   rival|ml|home                n=   374 roi old +0.054 new -0.025 edge +0.0330 z=+0.30
mlb: 23241 games · proven - · confirmed - · killed -
   trip2000|ml|fade             n=   660 roi old +0.092 new -0.046 edge +0.0265 z=+0.58
   east1000|ml|team             n=  1398 roi old +0.041 new -0.011 edge +0.0239 z=+0.54
   nonconf|ml|road              n=  4275 roi old +0.039 new -0.032 edge +0.0179 z=+0.20
   any:west1000|total|over      n=  1442 roi old -0.027 new +0.030 edge +0.0236 z=+0.06
   trip1000|ml|team             n=  2475 roi old -0.005 new +0.002 edge +0.0156 z=-0.07
   ref_under|total|under        n=  3081 roi old +0.001 new -0.004 edge +0.0213 z=-0.09
nhl: 13220 games · proven - · confirmed - · killed -
   ref_home+|ml|road            n=   476 roi old +0.057 new -0.014 edge +0.0261 z=+0.41
   race|ml|team                 n=  1320 roi old +0.025 new -0.022 edge +0.0237 z=+0.04
   mustwin|ml|team              n=  1228 roi old +0.036 new -0.040 edge +0.0226 z=-0.07
   ref_home+|total|over         n=   461 roi old -0.023 new +0.001 edge +0.0164 z=-0.25
   trip2000|ml|fade             n=   525 roi old -0.023 new -0.001 edge +0.0093 z=-0.26
   any:west1000|total|over      n=  1323 roi old +0.006 new -0.022 edge +0.0197 z=-0.31
✅ context: rivalries, travel, domes, stakes, refs: 37s · proven: {"nfl": [], "ncaaf": [], "nba": [], "ncaab": [], "mlb": [], "nhl": []}
✅ early value plays: the early-price exam: 58s · proven: {"proven": ["nfl +8+", "nba +4..8", "nhl +4..8"]}
THE EXPLORER: tested 9000 NEW angles (43000 ever) in 48.3s
   new suspects: 0 (luck alone would give ~2.09) · promoted to PROVEN: 0 · killed: 0 · proven demoted: 0
   now watching 0 suspects · 0 proven · 0 killed
   TEAM TRENDS pooled across sports (all games so far; 'follow' = ride the trend, 'fade' = bet against it; the bar: 300+ bets, profit in both halves, z 3.5+):
   1st-quarter form|ml: n=23927 (2018-04-07..2026-09-27) follow hit 62.3% older / 62.9% newer (fair 61.3%, roi -0.022 / -0.026, z -3.95, edge z 4.5) · fade hit 37.7% / 37.1% (roi -0.098 / -0.145, z -12.3) -> no edge
   1st-quarter form|p1ml: n=14401 (2018-09-09..2026-09-27) follow hit 60.6% older / 61.4% newer (fair 59.7%, roi -0.031 / -0.035, z -4.55, edge z 3.4) · fade hit 39.4% / 38.6% (roi -0.082 / -0.117, z -9.07) -> no edge
   1st-quarter form|p1spread: n=14818 (2018-09-09..2026-09-27) follow hit 50.5% older / 50.0% newer (fair 50.0%, roi -0.043 / -0.059, z -6.59, edge z 0.55) · fade hit 49.5% / 50.0% (roi -0.060 / -0.059, z -7.69) -> no edge
   1st-quarter form|spread: n=21347 (2018-10-20..2026-06-14) follow hit 49.9% older / 50.4% newer (fair 50.0%, roi -0.047 / -0.036, z -6.36, edge z 0.45) · fade hit 50.1% / 49.6% (roi -0.043 / -0.052, z -7.27) -> no edge
   O/U streak 4+|total: n=15170 (2018-04-04..2026-09-30) follow hit 49.7% older / 50.8% newer (fair 50.0%, roi -0.051 / -0.028, z -5.11, edge z 0.6) · fade hit 50.3% / 49.1% (roi -0.037 / -0.060, z -6.28) -> no edge
   division record|ml: n=2515 (2018-09-09..2026-09-29) follow hit 64.4% older / 65.7% newer (fair 62.9%, roi +0.018 / -0.012, z 0.17, edge z 2.27) · fade hit 35.6% / 34.3% (roi -0.080 / -0.102, z -3.15) -> no edge
   division record|spread: n=1421 (2018-09-09..2026-09-27) follow hit 50.4% older / 49.2% newer (fair 50.0%, roi -0.035 / -0.059, z -1.86, edge z -0.14) · fade hit 49.6% / 50.8% (roi -0.052 / -0.027, z -1.57) -> no edge
   prime-time record|ml: n=189 (2018-09-17..2026-09-28) follow hit 59.6% older / 62.1% newer (fair 59.9%, roi -0.080 / +0.022, z -0.45, edge z 0.28) · fade hit 40.4% / 37.9% (roi -0.116 / -0.054, z -0.89) -> no edge
   prime-time record|spread: n=187 (2018-09-17..2026-09-28) follow hit 52.7% older / 47.9% newer (fair 50.0%, roi +0.010 / -0.085, z -0.54, edge z 0.08) · fade hit 47.3% / 52.1% (roi -0.090 / -0.007, z -0.69) -> no edge
   road ATS rate|spread: n=10107 (2018-11-04..2026-09-27) follow hit 48.9% older / 48.6% newer (fair 50.0%, roi -0.067 / -0.071, z -7.24, edge z -2.56) · fade hit 51.1% / 51.4% (roi -0.023 / -0.018, z -2.14) -> no edge
   season ATS rate|spread: n=12887 (2018-10-13..2026-04-04) follow hit 48.6% older / 49.0% newer (fair 50.0%, roi -0.072 / -0.063, z -8.02, edge z -2.74) · fade hit 51.4% / 51.0% (roi -0.017 / -0.025, z -2.54) -> no edge
   team ATS streak 3+|spread: n=16397 (2018-09-16..2026-09-26) follow hit 49.1% older / 49.5% newer (fair 50.0%, roi -0.062 / -0.054, z -7.75, edge z -1.78) · fade hit 50.9% / 50.5% (roi -0.028 / -0.035, z -4.2) -> no edge
   team ATS streak 5+|spread: n=4206 (2018-10-06..2026-06-09) follow hit 48.2% older / 48.6% newer (fair 50.0%, roi -0.080 / -0.070, z -5.11, edge z -2.08) · fade hit 51.8% / 51.4% (roi -0.010 / -0.017, z -0.93) -> no edge
✅ the explorer: NEW angles: 49s · proven: {"proven": []}
THE TENNIS EDGE STUDY: 64658 priced matches 2012-01-01 -> 2026-08-03 (older half < 2018-05-27 <= newer half) in 38.8s
   softest segments (a bias learned on the older half that still helps on the newer, mnats/match): WTA rank x10+ +1.15, WTA slam +0.91, WTA round sf+ +0.89, ATP indoor +0.78
   ATP: log loss pin 0.5752 / b365 0.5759 / avg 0.576 · margin pin 0.0253 b365 0.0605
   WTA: log loss pin 0.5903 / b365 0.5912 / avg 0.5908 · margin pin 0.0266 b365 0.0619
   line shop b365 >2% over pinnacle fair: n=4674 roi -0.066 / -0.032 (expected +0.063) edge z=2.68 · beats fair in 14% of matches
   line shop avg >2% over pinnacle fair: n=928 roi -0.164 / -0.045 (expected +0.067) edge z=-0.25 · beats fair in 4% of matches
   line shop max >2% over pinnacle fair: n=30043 roi +0.016 / +0.023 (expected +0.069) edge z=2.42 · beats fair in 73% of matches
   model vs market, newer half: pinnacle 0.597 · elo 0.6295 · model 0.6262 · blend 0.5969 (+0.100 mnats, z 1.07)
   bovada: 154 closing lines, margin 0.0453, 0 matched to pinnacle, 66 graded
   names -> ESPN ids: 0.8856 of 1556 names since ESPN's history (by tour {'atp': 0.9195, 'wta': 0.8534}), 0.9386 of match sides · birth dates for 0.9385 of sides (2807 bios on file)
   life atoms (122 read-outs at pinnacle): wta|pin|yvv:vet n=1818 roi +0.020 / -0.095 z 1.53 / -1.45, wta|pin|age:teen n=4296 roi +0.006 / +0.007 z 1.07 / 1.99, wta|pin|tvv:vet n=483 roi +0.046 / -0.126 z 0.51 / -1.2, atp|pin|age:teen n=2324 roi +0.015 / +0.006 z 0.28 / 1.94
   registry: tested 3745 new angles (22574 ever) · new suspects 1 · promoted 0 · killed 1 · luck would give ~5.25 suspects / 0.1195 proven ever
   fixed tests: 543 this run, 1 pass the bar (luck ~0.252)
   NEW SUSPECT atp|avg|last:dist&p:80+: older half n=525 roi +0.003 edge z=3.88 | newer half n=421 roi -0.021 edge z=1.62
   KILLED atp|avg|last:dist&p:80+: older half n=525 roi +0.003 edge z=3.88 | newer half n=421 roi -0.021 edge z=1.62
   PASSES price 90-100% wta at max: n=1231 roi +0.012 / +0.029 z=3.87 (NOT a gettable price)
   closest angle: atp|pin|last:dist&oinjn:2+ n=1819 roi +0.062 / -0.117 z older 3.39 all 1.54
   closest angle: atp|b365|last:dist&oinjn:2+ n=1818 roi +0.016 / -0.146 z older 3.29 all 1.37
   closest angle: atp|avg|last:dist&oinjn:2+ n=1819 roi +0.012 / -0.149 z older 3.23 all 1.32
   closest fixed: line shop b365 all fav gap>0% n=2020 roi +0.044 / +0.008 z=4.48
   closest fixed: line shop b365 atp fav gap>0% n=970 roi +0.067 / +0.007 z=3.45
   closest fixed: line shop b365 wta fav gap>0% n=1050 roi +0.026 / +0.010 z=2.9
   PROVEN: nothing
✅ tennis edge: 39s · proven: {"proven": []}
first set ATP: 32132 matches, implied log loss 0.62855 (match chance as set-1 chance 0.63577, coin 0.69315)
  crew overperformance: closest >= 0.05: n 19692, hit 0.5266 vs implied 0.5218, z 1.41 (vs recalibrated 0.73), ROI -0.0502 (older -0.0615, newer -0.0399) - z 1.41 < 3.5; older ROI -0.0615 <= 0; newer ROI -0.0399 <= 0
  crew raw_rate: closest >= 0.10: n 15498, hit 0.6247 vs implied 0.608, z 4.4 (vs recalibrated 1.16), ROI -0.0269 (older -0.0388, newer -0.016) - older ROI -0.0388 <= 0; newer ROI -0.016 <= 0
first set WTA: 32523 matches, implied log loss 0.62585 (match chance as set-1 chance 0.62643, coin 0.69315)
  crew overperformance: closest >= 0.15: n 8372, hit 0.5631 vs implied 0.549, z 2.69 (vs recalibrated 1.03), ROI -0.0357 (older -0.0422, newer -0.0286) - z 2.69 < 3.5; older ROI -0.0422 <= 0; newer ROI -0.0286 <= 0
  crew raw_rate: closest >= 0.20: n 8256, hit 0.6662 vs implied 0.638, z 5.49 (vs recalibrated 0.74), ROI -0.0109 (older -0.0057, newer -0.0164) - older ROI -0.0057 <= 0; newer ROI -0.0164 <= 0
first set real Bovada lines: 0 captured, 0 matched (test runs at 300) · 4.3s
✅ tennis first set: 4s · proven: {"proven": []}
HEAVY TENNIS FAVORITES (research only): 64658 priced matches 2012-01-01 -> 2026-01-14, split 2018-05-27, 53807 rated
 ATP pin straights [all]
    -101..-150: n  7563 win 0.541 fair 0.547 roi -0.035 z_edge -1.02 | old n 3291 roi -0.035 | new n 4272 roi -0.036
    -151..-200: n  6518 win 0.604 fair 0.619 roi -0.048 z_edge -2.43 | old n 2813 roi -0.043 | new n 3705 roi -0.052
    -201..-300: n  6514 win 0.698 fair 0.691 roi -0.014 z_edge +1.31 | old n 3112 roi -0.020 | new n 3402 roi -0.009
    -301..-500: n  5611 win 0.784 fair 0.771 roi -0.007 z_edge +2.42 | old n 2841 roi +0.006 | new n 2770 roi -0.020
         -500+: n  5778 win 0.896 fair 0.884 roi -0.009 z_edge +3.26 | old n 3246 roi -0.009 | new n 2532 roi -0.009
 ATP pin straights [blend+2%]
    -101..-150: n   116 win 0.560 fair 0.552 roi -0.012 z_edge +0.19 | old n 69 roi +0.043 | new n 47 roi -0.092
    -151..-200: n   207 win 0.551 fair 0.620 roi -0.134 z_edge -1.99 | old n 129 roi -0.072 | new n 78 roi -0.235
    -201..-300: n   233 win 0.717 fair 0.691 roi +0.011 z_edge +0.87 | old n 161 roi +0.017 | new n 72 roi -0.001
    -301..-500: n   173 win 0.775 fair 0.771 roi -0.021 z_edge +0.10 | old n 132 roi -0.014 | new n 41 roi -0.043
         -500+: n    35 win 0.914 fair 0.841 roi +0.060 z_edge +1.51 | old n 30 roi +0.083 | new n 5 roi -0.074
 ATP pin straights [model+2%]
    -101..-150: n  2343 win 0.527 fair 0.545 roi -0.055 z_edge -1.74 | old n 975 roi -0.042 | new n 1368 roi -0.065
    -151..-200: n  1544 win 0.589 fair 0.617 roi -0.068 z_edge -2.19 | old n 591 roi -0.076 | new n 953 roi -0.064
    -201..-300: n  1220 win 0.686 fair 0.689 roi -0.027 z_edge -0.20 | old n 461 roi -0.022 | new n 759 roi -0.030
    -301..-500: n   696 win 0.783 fair 0.768 roi -0.004 z_edge +0.99 | old n 274 roi +0.010 | new n 422 roi -0.014
         -500+: n   345 win 0.870 fair 0.868 roi -0.022 z_edge +0.10 | old n 126 roi +0.003 | new n 219 roi -0.037
 ATP b365 straights [all]
    -101..-150: n  4071 win 0.529 fair 0.539 roi -0.078 z_edge -1.38 | old n 1278 roi -0.087 | new n 2793 roi -0.074
    -151..-200: n  8140 win 0.585 fair 0.599 roi -0.082 z_edge -2.43 | old n 3777 roi -0.089 | new n 4363 roi -0.076
    -201..-300: n  5979 win 0.676 fair 0.671 roi -0.052 z_edge +0.88 | old n 2913 roi -0.066 | new n 3066 roi -0.040
    -301..-500: n  6606 win 0.761 fair 0.748 roi -0.038 z_edge +2.53 | old n 3213 roi -0.038 | new n 3393 roi -0.037
         -500+: n  6547 win 0.885 fair 0.864 roi -0.027 z_edge +5.31 | old n 3868 roi -0.030 | new n 2679 roi -0.023
 ATP b365 straights [blend+2%]
    -101..-150: n   649 win 0.508 fair 0.539 roi -0.113 z_edge -1.56 | old n 189 roi -0.091 | new n 460 roi -0.122
    -151..-200: n  1317 win 0.616 fair 0.598 roi -0.033 z_edge +1.30 | old n 569 roi -0.066 | new n 748 roi -0.007
    -201..-300: n  1263 win 0.710 fair 0.671 roi -0.005 z_edge +3.07 | old n 649 roi -0.000 | new n 614 roi -0.011
    -301..-500: n  1607 win 0.779 fair 0.751 roi -0.020 z_edge +2.69 | old n 785 roi -0.021 | new n 822 roi -0.019
         -500+: n  1659 win 0.882 fair 0.850 roi -0.017 z_edge +4.13 | old n 895 roi -0.021 | new n 764 roi -0.012
 ATP b365 straights [model+2%]
    -101..-150: n  1242 win 0.510 fair 0.538 roi -0.108 z_edge -2.01 | old n 385 roi -0.108 | new n 857 roi -0.108
    -151..-200: n  2075 win 0.571 fair 0.598 roi -0.103 z_edge -2.46 | old n 865 roi -0.139 | new n 1210 roi -0.077
    -201..-300: n  1161 win 0.677 fair 0.670 roi -0.050 z_edge +0.49 | old n 468 roi -0.041 | new n 693 roi -0.056
    -301..-500: n  1028 win 0.743 fair 0.746 roi -0.057 z_edge -0.18 | old n 404 roi -0.071 | new n 624 roi -0.048
         -500+: n   573 win 0.843 fair 0.850 roi -0.061 z_edge -0.48 | old n 229 roi -0.058 | new n 344 roi -0.063
 WTA pin straights [all]
    -101..-150: n  8256 win 0.534 fair 0.545 roi -0.047 z_edge -2.12 | old n 3924 roi -0.047 | new n 4332 roi -0.046
    -151..-200: n  6885 win 0.617 fair 0.618 roi -0.027 z_edge -0.15 | old n 3194 roi -0.029 | new n 3691 roi -0.025
    -201..-300: n  6803 win 0.694 fair 0.690 roi -0.020 z_edge +0.77 | old n 3338 roi -0.022 | new n 3465 roi -0.018
    -301..-500: n  5806 win 0.772 fair 0.769 roi -0.023 z_edge +0.48 | old n 2800 roi -0.024 | new n 3006 roi -0.022
         -500+: n  4649 win 0.892 fair 0.873 roi -0.005 z_edge +4.20 | old n 2399 roi -0.010 | new n 2250 roi +0.001
 WTA pin straights [blend+2%]
    -101..-150: n   156 win 0.545 fair 0.551 roi -0.033 z_edge -0.15 | old n 79 roi -0.176 | new n 77 roi +0.113
    -151..-200: n   219 win 0.676 fair 0.617 roi +0.066 z_edge +1.87 | old n 122 roi +0.049 | new n 97 roi +0.089
    -201..-300: n   271 win 0.727 fair 0.690 roi +0.028 z_edge +1.37 | old n 194 roi -0.005 | new n 77 roi +0.109
    -301..-500: n   209 win 0.794 fair 0.763 roi +0.013 z_edge +1.11 | old n 128 roi +0.033 | new n 81 roi -0.020
         -500+: n    36 win 0.861 fair 0.831 roi +0.010 z_edge +0.52 | old n 25 roi -0.018 | new n 11 roi +0.073
 WTA pin straights [model+2%]
    -101..-150: n  2537 win 0.527 fair 0.544 roi -0.057 z_edge -1.73 | old n 1079 roi -0.079 | new n 1458 roi -0.041
    -151..-200: n  1628 win 0.591 fair 0.617 roi -0.068 z_edge -2.16 | old n 601 roi -0.042 | new n 1027 roi -0.084
    -201..-300: n  1219 win 0.699 fair 0.688 roi -0.010 z_edge +0.85 | old n 449 roi -0.018 | new n 770 roi -0.005
    -301..-500: n   737 win 0.786 fair 0.765 roi -0.001 z_edge +1.35 | old n 241 roi +0.031 | new n 496 roi -0.017
         -500+: n   246 win 0.911 fair 0.854 roi +0.039 z_edge +3.13 | old n 91 roi -0.002 | new n 155 roi +0.064
 WTA b365 straights [all]
    -101..-150: n  4354 win 0.519 fair 0.539 roi -0.094 z_edge -2.61 | old n 1541 roi -0.097 | new n 2813 roi -0.093
    -151..-200: n  8799 win 0.594 fair 0.598 roi -0.068 z_edge -0.85 | old n 4404 roi -0.084 | new n 4395 roi -0.052
    -201..-300: n  6169 win 0.676 fair 0.671 roi -0.053 z_edge +0.82 | old n 3041 roi -0.056 | new n 3128 roi -0.051
    -301..-500: n  6726 win 0.754 fair 0.748 roi -0.048 z_edge +1.13 | old n 3280 roi -0.061 | new n 3446 roi -0.035
         -500+: n  5470 win 0.878 fair 0.854 roi -0.026 z_edge +5.44 | old n 2984 roi -0.035 | new n 2486 roi -0.016
 WTA b365 straights [blend+2%]
    -101..-150: n   715 win 0.568 fair 0.539 roi -0.009 z_edge +1.53 | old n 249 roi -0.102 | new n 466 roi +0.041
    -151..-200: n  1601 win 0.621 fair 0.600 roi -0.028 z_edge +1.73 | old n 781 roi -0.064 | new n 820 roi +0.006
    -201..-300: n  1404 win 0.702 fair 0.670 roi -0.017 z_edge +2.54 | old n 755 roi -0.006 | new n 649 roi -0.029
    -301..-500: n  1586 win 0.772 fair 0.750 roi -0.027 z_edge +2.19 | old n 811 roi -0.048 | new n 775 roi -0.005
         -500+: n  1393 win 0.877 fair 0.846 roi -0.020 z_edge +3.60 | old n 749 roi -0.020 | new n 644 roi -0.019
 WTA b365 straights [model+2%]
    -101..-150: n  1375 win 0.520 fair 0.539 roi -0.093 z_edge -1.42 | old n 438 roi -0.127 | new n 937 roi -0.077
    -151..-200: n  2181 win 0.577 fair 0.598 roi -0.093 z_edge -1.92 | old n 888 roi -0.096 | new n 1293 roi -0.090
    -201..-300: n  1229 win 0.679 fair 0.670 roi -0.047 z_edge +0.68 | old n 472 roi -0.037 | new n 757 roi -0.054
    -301..-500: n  1018 win 0.746 fair 0.745 roi -0.054 z_edge +0.03 | old n 354 roi -0.071 | new n 664 roi -0.045
         -500+: n   429 win 0.897 fair 0.840 roi +0.011 z_edge +3.94 | old n 171 roi -0.024 | new n 258 roi +0.034
 ATP pin parlay cap -150 [all]: 1224 tickets, hit 0.166 (fair 0.171), avg +444, roi -0.111 z -1.94 | old 529 -0.073 | new 695 -0.141
 ATP pin parlay cap -200 [all]: 2097 tickets, hit 0.211 (fair 0.222), avg +325, roi -0.114 z -3.02 | old 946 -0.141 | new 1151 -0.092
 ATP pin parlay cap -300 [all]: 2501 tickets, hit 0.304 (fair 0.295), avg +225, roi -0.049 z -1.66 | old 1164 -0.055 | new 1337 -0.043
 ATP pin parlay cap -200 [blend+2%]: 6 tickets, hit 0.000 (fair 0.211), avg +341, roi -1.000 z +0.00 | old 3 -1.000 | new 3 -1.000
 ATP pin parlay cap -300 [blend+2%]: 18 tickets, hit 0.167 (fair 0.260), avg +265, roi -0.481 z -1.70 | old 8 -0.202 | new 10 -0.705
 ATP pin parlay cap -150 [model+2%]: 187 tickets, hit 0.150 (fair 0.163), avg +472, roi -0.157 z -1.06 | old 70 -0.378 | new 117 -0.025
 ATP pin parlay cap -200 [model+2%]: 507 tickets, hit 0.175 (fair 0.199), avg +373, roi -0.186 z -2.35 | old 185 -0.318 | new 322 -0.111
 ATP pin parlay cap -300 [model+2%]: 765 tickets, hit 0.224 (fair 0.236), avg +308, roi -0.128 z -2.13 | old 296 -0.149 | new 469 -0.115
 ATP b365 parlay cap -150 [all]: 498 tickets, hit 0.112 (fair 0.162), avg +418, roi -0.422 z -5.79 | old 105 -0.495 | new 393 -0.403
 ATP b365 parlay cap -200 [all]: 1909 tickets, hit 0.195 (fair 0.213), avg +294, roi -0.239 z -6.72 | old 818 -0.301 | new 1091 -0.193
 ATP b365 parlay cap -300 [all]: 2394 tickets, hit 0.273 (fair 0.271), avg +216, roi -0.176 z -6.31 | old 1103 -0.221 | new 1291 -0.137
 ATP b365 parlay cap -150 [blend+2%]: 9 tickets, hit 0.222 (fair 0.166), avg +413, roi +0.128 z +0.17 | old 1 +4.325 | new 8 -0.397
 ATP b365 parlay cap -200 [blend+2%]: 141 tickets, hit 0.270 (fair 0.197), avg +329, roi +0.133 z +0.83 | old 35 +0.169 | new 106 +0.121
 ATP b365 parlay cap -300 [blend+2%]: 346 tickets, hit 0.303 (fair 0.242), avg +252, roi +0.034 z +0.39 | old 141 +0.030 | new 205 +0.037
 ATP b365 parlay cap -150 [model+2%]: 49 tickets, hit 0.102 (fair 0.159), avg +430, roi -0.467 z -2.04 | old 4 +0.331 | new 45 -0.538
 ATP b365 parlay cap -200 [model+2%]: 390 tickets, hit 0.197 (fair 0.198), avg +324, roi -0.192 z -2.32 | old 127 -0.262 | new 263 -0.159
 ATP b365 parlay cap -300 [model+2%]: 631 tickets, hit 0.224 (fair 0.230), avg +271, roi -0.206 z -3.45 | old 218 -0.242 | new 413 -0.187
 WTA pin parlay cap -150 [all]: 1308 tickets, hit 0.161 (fair 0.170), avg +445, roi -0.126 z -2.28 | old 602 -0.151 | new 706 -0.105
 WTA pin parlay cap -200 [all]: 2270 tickets, hit 0.207 (fair 0.220), avg +328, roi -0.134 z -3.71 | old 1043 -0.135 | new 1227 -0.133
 WTA pin parlay cap -300 [all]: 2680 tickets, hit 0.289 (fair 0.291), avg +230, roi -0.087 z -3.08 | old 1260 -0.082 | new 1420 -0.092
 WTA pin parlay cap -200 [blend+2%]: 5 tickets, hit 0.600 (fair 0.201), avg +362, roi +1.674 z +1.51 | old 2 -1.000 | new 3 +3.457
 WTA pin parlay cap -300 [blend+2%]: 13 tickets, hit 0.538 (fair 0.237), avg +295, roi +1.124 z +1.94 | old 5 +0.394 | new 8 +1.580
 WTA pin parlay cap -150 [model+2%]: 205 tickets, hit 0.112 (fair 0.163), avg +468, roi -0.367 z -2.94 | old 86 -0.412 | new 119 -0.335
 WTA pin parlay cap -200 [model+2%]: 543 tickets, hit 0.160 (fair 0.197), avg +377, roi -0.236 z -3.11 | old 205 -0.242 | new 338 -0.232
 WTA pin parlay cap -300 [model+2%]: 804 tickets, hit 0.224 (fair 0.238), avg +305, roi -0.148 z -2.57 | old 301 -0.045 | new 503 -0.210
 WTA b365 parlay cap -150 [all]: 542 tickets, hit 0.120 (fair 0.161), avg +419, roi -0.376 z -5.16 | old 151 -0.519 | new 391 -0.321
 WTA b365 parlay cap -200 [all]: 2061 tickets, hit 0.190 (fair 0.213), avg +295, roi -0.259 z -7.66 | old 935 -0.269 | new 1126 -0.251
 WTA b365 parlay cap -300 [all]: 2541 tickets, hit 0.269 (fair 0.270), avg +217, roi -0.171 z -6.20 | old 1181 -0.192 | new 1360 -0.152
 WTA b365 parlay cap -150 [blend+2%]: 7 tickets, hit 0.143 (fair 0.157), avg +435, roi -0.204 z -0.26 | old 2 -1.000 | new 5 +0.115
 WTA b365 parlay cap -200 [blend+2%]: 170 tickets, hit 0.212 (fair 0.201), avg +315, roi -0.128 z -0.98 | old 75 -0.231 | new 95 -0.045
 WTA b365 parlay cap -300 [blend+2%]: 437 tickets, hit 0.277 (fair 0.241), avg +251, roi -0.056 z -0.75 | old 208 -0.082 | new 229 -0.031
 WTA b365 parlay cap -150 [model+2%]: 65 tickets, hit 0.077 (fair 0.160), avg +427, roi -0.586 z -3.26 | old 9 -1.000 | new 56 -0.519
 WTA b365 parlay cap -200 [model+2%]: 389 tickets, hit 0.162 (fair 0.198), avg +326, roi -0.306 z -3.79 | old 128 -0.361 | new 261 -0.279
 WTA b365 parlay cap -300 [model+2%]: 666 tickets, hit 0.219 (fair 0.233), avg +267, roi -0.233 z -4.06 | old 238 -0.318 | new 428 -0.185
 tests at n300+: 266 straight, 28 parlay; expected by luck 0.062 + 0.751
 passed the bar: ['atp|b365|blend+2%|parlay -300'] · proven (not luck-sized): none
 VERDICT: NOT LUCRATIVE (a pass that looks like luck). atp|b365|blend+2%|parlay -300 (n 346, roi +0.034, profit z +0.39) clears the bar, but its profit z is under 2 and 0.81 passes were expected by luck alone. Nothing to act on. Research only.
✅ tennis heavy favorites: 14s · proven: {"proven": []}
study run done in 484s: 20/20 studies ok
✅ underdogs + favorites: 3s · proven: {"nfl": [], "nfl price check": false, "ncaaf": [], "ncaaf price check": false, "nba": [], "nba price check": false, "ncaab": [], "ncaab price check": true, "mlb": [], "mlb price check": false, "nhl": [], "nhl price check": true}
✅ over/unders: 11s · proven: {"nfl": true, "ncaaf": false, "nba": false, "ncaab": true, "mlb": false, "nhl": false}
✅ hockey: 18s · proven: null
✅ spread vs moneyline: 11s · proven: {"nfl": true, "ncaaf": false, "nba": false, "ncaab": false}
✅ puck lines / run lines: 6s · proven: null
✅ halves / first period: 2s · proven: null
✅ comebacks: 189s · proven: null
✅ trends: 10s · proven: {"proven": ["ncaab|rate|fav_cover"]}
✅ rigged / fade the public: 1s · proven: {"proven": []}
✅ self-check on our picks: 0s · proven: null
✅ situational spots: 18s · proven: {"nfl": [], "ncaaf": [], "nba": [], "ncaab": [], "mlb": [], "nhl": []}
✅ line movement + CLV: 2s · proven: {"proven": []}
✅ our engine vs the move (can it beat the pros?): 5s · proven: {"proven": []}
✅ the engine's strengths, sport by sport: 6s · proven: {"proven": ["nba"]}
THE CONTEXT STUDY: 576 tests with 300+ bets; bar z >= 3.5 + profit in both halves. Luck alone: ~0.134 false positives expected (fake no-edge results passed 0.0 on average); refs: officials.json loaded
nfl: 2770 games · proven - · confirmed - · killed -
   ref_home-|spread|dog         n=   440 roi old +0.016 new +0.101 edge +0.0529 z=+1.29
   any:out_dome|total|over      n=   461 roi old +0.057 new +0.025 edge +0.0444 z=+0.93
   div|spread|dog               n=   775 roi old +0.028 new +0.028 edge +0.0372 z=+0.82
   out_dome|ml|team             n=   449 roi old +0.121 new -0.031 edge +0.0396 z=+0.75
   any:dome_out|total|under     n=   456 roi old +0.014 new +0.040 edge +0.0374 z=+0.61
   nonconf|total|under          n=   565 roi old +0.072 new -0.040 edge +0.0312 z=+0.39
ncaaf: 8324 games · proven - · confirmed - · killed -
   any:east1000|total|under     n=   407 roi old +0.054 new +0.058 edge +0.0530 z=+1.19
   east1000|ml|team             n=   402 roi old +0.131 new -0.041 edge -0.0007 z=+0.46
   any:west1000|total|over      n=   360 roi old -0.026 new +0.059 edge +0.0329 z=+0.33
   west1000|ml|fade             n=   353 roi old -0.026 new +0.041 edge +0.0206 z=+0.10
   trip1000|ml|fade             n=   745 roi old -0.008 new +0.013 edge +0.0101 z=+0.05
   any:bowl5|total|over         n=   353 roi old +0.051 new -0.052 edge +0.0238 z=-0.02
nba: 12833 games · proven - · confirmed - · killed -
   any:rest|total|over          n=   328 roi old +0.140 new +0.105 edge +0.0881 z=+2.36
   ref_under|ml|road            n=   384 roi old +0.116 new +0.248 edge +0.0791 z=+2.33
   any:tank|total|over          n=   584 roi old +0.006 new +0.124 edge +0.0581 z=+1.66
   any:elim|total|over          n=   664 roi old -0.017 new +0.110 edge +0.0481 z=+1.26
   ref_under|ml|dog             n=   381 roi old +0.021 new +0.183 edge +0.0474 z=+1.19
   tank|spread|fade             n=   527 roi old +0.032 new +0.050 edge +0.0445 z=+0.99
ncaab: 59096 games · proven - · confirmed - · killed -
   ref_under|total|under        n=  2500 roi old +0.036 new +0.070 edge +0.0513 z=+2.81
   ref_over|total|over          n=  1501 roi old +0.064 new +0.018 edge +0.0454 z=+1.67
   rival|spread|home            n=   368 roi old +0.130 new -0.055 edge +0.0435 z=+0.76
   road3in6|spread|team         n=   491 roi old +0.006 new +0.058 edge +0.0403 z=+0.74
   rival|total|under            n=   371 roi old +0.084 new -0.042 edge +0.0342 z=+0.41
   rival|ml|home                n=   374 roi old +0.054 new -0.025 edge +0.0330 z=+0.30
mlb: 23241 games · proven - · confirmed - · killed -
   trip2000|ml|fade             n=   660 roi old +0.092 new -0.046 edge +0.0265 z=+0.58
   east1000|ml|team             n=  1398 roi old +0.041 new -0.011 edge +0.0239 z=+0.54
   nonconf|ml|road              n=  4275 roi old +0.039 new -0.032 edge +0.0179 z=+0.20
   any:west1000|total|over      n=  1442 roi old -0.027 new +0.030 edge +0.0236 z=+0.06
   trip1000|ml|team             n=  2475 roi old -0.005 new +0.002 edge +0.0156 z=-0.07
   ref_under|total|under        n=  3081 roi old +0.001 new -0.004 edge +0.0213 z=-0.09
nhl: 13220 games · proven - · confirmed - · killed -
   ref_home+|ml|road            n=   476 roi old +0.057 new -0.014 edge +0.0261 z=+0.41
   race|ml|team                 n=  1320 roi old +0.025 new -0.022 edge +0.0237 z=+0.04
   mustwin|ml|team              n=  1228 roi old +0.036 new -0.040 edge +0.0226 z=-0.07
   ref_home+|total|over         n=   461 roi old -0.023 new +0.001 edge +0.0164 z=-0.25
   trip2000|ml|fade             n=   525 roi old -0.023 new -0.001 edge +0.0093 z=-0.26
   any:west1000|total|over      n=  1323 roi old +0.006 new -0.022 edge +0.0197 z=-0.31
✅ context: rivalries, travel, domes, stakes, refs: 37s · proven: {"nfl": [], "ncaaf": [], "nba": [], "ncaab": [], "mlb": [], "nhl": []}
✅ early value plays: the early-price exam: 58s · proven: {"proven": ["nfl +8+", "nba +4..8", "nhl +4..8"]}
THE EXPLORER: tested 9000 NEW angles (52000 ever) in 46.0s
   new suspects: 0 (luck alone would give ~2.09) · promoted to PROVEN: 0 · killed: 0 · proven demoted: 0
   now watching 0 suspects · 0 proven · 0 killed
   TEAM TRENDS pooled across sports (all games so far; 'follow' = ride the trend, 'fade' = bet against it; the bar: 300+ bets, profit in both halves, z 3.5+):
   1st-quarter form|ml: n=23927 (2018-04-07..2026-09-27) follow hit 62.3% older / 62.9% newer (fair 61.3%, roi -0.022 / -0.026, z -3.95, edge z 4.5) · fade hit 37.7% / 37.1% (roi -0.098 / -0.145, z -12.3) -> no edge
   1st-quarter form|p1ml: n=14401 (2018-09-09..2026-09-27) follow hit 60.6% older / 61.4% newer (fair 59.7%, roi -0.031 / -0.035, z -4.55, edge z 3.4) · fade hit 39.4% / 38.6% (roi -0.082 / -0.117, z -9.07) -> no edge
   1st-quarter form|p1spread: n=14818 (2018-09-09..2026-09-27) follow hit 50.5% older / 50.0% newer (fair 50.0%, roi -0.043 / -0.059, z -6.59, edge z 0.55) · fade hit 49.5% / 50.0% (roi -0.060 / -0.059, z -7.69) -> no edge
   1st-quarter form|spread: n=21347 (2018-10-20..2026-06-14) follow hit 49.9% older / 50.4% newer (fair 50.0%, roi -0.047 / -0.036, z -6.36, edge z 0.45) · fade hit 50.1% / 49.6% (roi -0.043 / -0.052, z -7.27) -> no edge
   O/U streak 4+|total: n=15170 (2018-04-04..2026-09-30) follow hit 49.7% older / 50.8% newer (fair 50.0%, roi -0.051 / -0.028, z -5.11, edge z 0.6) · fade hit 50.3% / 49.1% (roi -0.037 / -0.060, z -6.28) -> no edge
   division record|ml: n=2515 (2018-09-09..2026-09-29) follow hit 64.4% older / 65.7% newer (fair 62.9%, roi +0.018 / -0.012, z 0.17, edge z 2.27) · fade hit 35.6% / 34.3% (roi -0.080 / -0.102, z -3.15) -> no edge
   division record|spread: n=1421 (2018-09-09..2026-09-27) follow hit 50.4% older / 49.2% newer (fair 50.0%, roi -0.035 / -0.059, z -1.86, edge z -0.14) · fade hit 49.6% / 50.8% (roi -0.052 / -0.027, z -1.57) -> no edge
   prime-time record|ml: n=189 (2018-09-17..2026-09-28) follow hit 59.6% older / 62.1% newer (fair 59.9%, roi -0.080 / +0.022, z -0.45, edge z 0.28) · fade hit 40.4% / 37.9% (roi -0.116 / -0.054, z -0.89) -> no edge
   prime-time record|spread: n=187 (2018-09-17..2026-09-28) follow hit 52.7% older / 47.9% newer (fair 50.0%, roi +0.010 / -0.085, z -0.54, edge z 0.08) · fade hit 47.3% / 52.1% (roi -0.090 / -0.007, z -0.69) -> no edge
   road ATS rate|spread: n=10107 (2018-11-04..2026-09-27) follow hit 48.9% older / 48.6% newer (fair 50.0%, roi -0.067 / -0.071, z -7.24, edge z -2.56) · fade hit 51.1% / 51.4% (roi -0.023 / -0.018, z -2.14) -> no edge
   season ATS rate|spread: n=12887 (2018-10-13..2026-04-04) follow hit 48.6% older / 49.0% newer (fair 50.0%, roi -0.072 / -0.063, z -8.02, edge z -2.74) · fade hit 51.4% / 51.0% (roi -0.017 / -0.025, z -2.54) -> no edge
   team ATS streak 3+|spread: n=16397 (2018-09-16..2026-09-26) follow hit 49.1% older / 49.5% newer (fair 50.0%, roi -0.062 / -0.054, z -7.75, edge z -1.78) · fade hit 50.9% / 50.5% (roi -0.028 / -0.035, z -4.2) -> no edge
   team ATS streak 5+|spread: n=4206 (2018-10-06..2026-06-09) follow hit 48.2% older / 48.6% newer (fair 50.0%, roi -0.080 / -0.070, z -5.11, edge z -2.08) · fade hit 51.8% / 51.4% (roi -0.010 / -0.017, z -0.93) -> no edge
✅ the explorer: NEW angles: 47s · proven: {"proven": []}
THE TENNIS EDGE STUDY: 64658 priced matches 2012-01-01 -> 2026-08-03 (older half < 2018-05-27 <= newer half) in 39.1s
   softest segments (a bias learned on the older half that still helps on the newer, mnats/match): WTA rank x10+ +1.15, WTA slam +0.91, WTA round sf+ +0.89, ATP indoor +0.78
   ATP: log loss pin 0.5752 / b365 0.5759 / avg 0.576 · margin pin 0.0253 b365 0.0605
   WTA: log loss pin 0.5903 / b365 0.5912 / avg 0.5908 · margin pin 0.0266 b365 0.0619
   line shop b365 >2% over pinnacle fair: n=4674 roi -0.066 / -0.032 (expected +0.063) edge z=2.68 · beats fair in 14% of matches
   line shop avg >2% over pinnacle fair: n=928 roi -0.164 / -0.045 (expected +0.067) edge z=-0.25 · beats fair in 4% of matches
   line shop max >2% over pinnacle fair: n=30043 roi +0.016 / +0.023 (expected +0.069) edge z=2.42 · beats fair in 73% of matches
   model vs market, newer half: pinnacle 0.597 · elo 0.6295 · model 0.6262 · blend 0.5969 (+0.100 mnats, z 1.07)
   bovada: 154 closing lines, margin 0.0453, 0 matched to pinnacle, 66 graded
   names -> ESPN ids: 0.8856 of 1556 names since ESPN's history (by tour {'atp': 0.9195, 'wta': 0.8534}), 0.9386 of match sides · birth dates for 0.9385 of sides (2807 bios on file)
   life atoms (122 read-outs at pinnacle): wta|pin|yvv:vet n=1818 roi +0.020 / -0.095 z 1.53 / -1.45, wta|pin|age:teen n=4296 roi +0.006 / +0.007 z 1.07 / 1.99, wta|pin|tvv:vet n=483 roi +0.046 / -0.126 z 0.51 / -1.2, atp|pin|age:teen n=2324 roi +0.015 / +0.006 z 0.28 / 1.94
   registry: tested 3907 new angles (26481 ever) · new suspects 0 · promoted 0 · killed 0 · luck would give ~6.16 suspects / 0.1401 proven ever
   fixed tests: 543 this run, 1 pass the bar (luck ~0.252)
   PASSES price 90-100% wta at max: n=1231 roi +0.012 / +0.029 z=3.87 (NOT a gettable price)
   closest angle: wta|avg|ofat:heavy&rk:11-30 n=1599 roi +0.043 / -0.053 z older 2.97 all 2.27
   closest angle: atp|b365|of2:low&oinj:31-90 n=1044 roi +0.052 / -0.107 z older 2.94 all 0.97
   closest angle: atp|avg|of2:low&oinj:31-90 n=1043 roi +0.054 / -0.105 z older 2.94 all 1.02
   closest fixed: line shop b365 all fav gap>0% n=2020 roi +0.044 / +0.008 z=4.48
   closest fixed: line shop b365 atp fav gap>0% n=970 roi +0.067 / +0.007 z=3.45
   closest fixed: line shop b365 wta fav gap>0% n=1050 roi +0.026 / +0.010 z=2.9
   PROVEN: nothing
✅ tennis edge: 39s · proven: {"proven": []}
first set ATP: 32132 matches, implied log loss 0.62855 (match chance as set-1 chance 0.63577, coin 0.69315)
  crew overperformance: closest >= 0.05: n 19692, hit 0.5266 vs implied 0.5218, z 1.41 (vs recalibrated 0.73), ROI -0.0502 (older -0.0615, newer -0.0399) - z 1.41 < 3.5; older ROI -0.0615 <= 0; newer ROI -0.0399 <= 0
  crew raw_rate: closest >= 0.10: n 15498, hit 0.6247 vs implied 0.608, z 4.4 (vs recalibrated 1.16), ROI -0.0269 (older -0.0388, newer -0.016) - older ROI -0.0388 <= 0; newer ROI -0.016 <= 0
first set WTA: 32523 matches, implied log loss 0.62585 (match chance as set-1 chance 0.62643, coin 0.69315)
  crew overperformance: closest >= 0.15: n 8372, hit 0.5631 vs implied 0.549, z 2.69 (vs recalibrated 1.03), ROI -0.0357 (older -0.0422, newer -0.0286) - z 2.69 < 3.5; older ROI -0.0422 <= 0; newer ROI -0.0286 <= 0
  crew raw_rate: closest >= 0.20: n 8256, hit 0.6662 vs implied 0.638, z 5.49 (vs recalibrated 0.74), ROI -0.0109 (older -0.0057, newer -0.0164) - older ROI -0.0057 <= 0; newer ROI -0.0164 <= 0
first set real Bovada lines: 0 captured, 0 matched (test runs at 300) · 4.4s
✅ tennis first set: 5s · proven: {"proven": []}
HEAVY TENNIS FAVORITES (research only): 64658 priced matches 2012-01-01 -> 2026-01-14, split 2018-05-27, 53807 rated
 ATP pin straights [all]
    -101..-150: n  7563 win 0.541 fair 0.547 roi -0.035 z_edge -1.02 | old n 3291 roi -0.035 | new n 4272 roi -0.036
    -151..-200: n  6518 win 0.604 fair 0.619 roi -0.048 z_edge -2.43 | old n 2813 roi -0.043 | new n 3705 roi -0.052
    -201..-300: n  6514 win 0.698 fair 0.691 roi -0.014 z_edge +1.31 | old n 3112 roi -0.020 | new n 3402 roi -0.009
    -301..-500: n  5611 win 0.784 fair 0.771 roi -0.007 z_edge +2.42 | old n 2841 roi +0.006 | new n 2770 roi -0.020
         -500+: n  5778 win 0.896 fair 0.884 roi -0.009 z_edge +3.26 | old n 3246 roi -0.009 | new n 2532 roi -0.009
 ATP pin straights [blend+2%]
    -101..-150: n   116 win 0.560 fair 0.552 roi -0.012 z_edge +0.19 | old n 69 roi +0.043 | new n 47 roi -0.092
    -151..-200: n   207 win 0.551 fair 0.620 roi -0.134 z_edge -1.99 | old n 129 roi -0.072 | new n 78 roi -0.235
    -201..-300: n   233 win 0.717 fair 0.691 roi +0.011 z_edge +0.87 | old n 161 roi +0.017 | new n 72 roi -0.001
    -301..-500: n   173 win 0.775 fair 0.771 roi -0.021 z_edge +0.10 | old n 132 roi -0.014 | new n 41 roi -0.043
         -500+: n    35 win 0.914 fair 0.841 roi +0.060 z_edge +1.51 | old n 30 roi +0.083 | new n 5 roi -0.074
 ATP pin straights [model+2%]
    -101..-150: n  2343 win 0.527 fair 0.545 roi -0.055 z_edge -1.74 | old n 975 roi -0.042 | new n 1368 roi -0.065
    -151..-200: n  1544 win 0.589 fair 0.617 roi -0.068 z_edge -2.19 | old n 591 roi -0.076 | new n 953 roi -0.064
    -201..-300: n  1220 win 0.686 fair 0.689 roi -0.027 z_edge -0.20 | old n 461 roi -0.022 | new n 759 roi -0.030
    -301..-500: n   696 win 0.783 fair 0.768 roi -0.004 z_edge +0.99 | old n 274 roi +0.010 | new n 422 roi -0.014
         -500+: n   345 win 0.870 fair 0.868 roi -0.022 z_edge +0.10 | old n 126 roi +0.003 | new n 219 roi -0.037
 ATP b365 straights [all]
    -101..-150: n  4071 win 0.529 fair 0.539 roi -0.078 z_edge -1.38 | old n 1278 roi -0.087 | new n 2793 roi -0.074
    -151..-200: n  8140 win 0.585 fair 0.599 roi -0.082 z_edge -2.43 | old n 3777 roi -0.089 | new n 4363 roi -0.076
    -201..-300: n  5979 win 0.676 fair 0.671 roi -0.052 z_edge +0.88 | old n 2913 roi -0.066 | new n 3066 roi -0.040
    -301..-500: n  6606 win 0.761 fair 0.748 roi -0.038 z_edge +2.53 | old n 3213 roi -0.038 | new n 3393 roi -0.037
         -500+: n  6547 win 0.885 fair 0.864 roi -0.027 z_edge +5.31 | old n 3868 roi -0.030 | new n 2679 roi -0.023
 ATP b365 straights [blend+2%]
    -101..-150: n   649 win 0.508 fair 0.539 roi -0.113 z_edge -1.56 | old n 189 roi -0.091 | new n 460 roi -0.122
    -151..-200: n  1317 win 0.616 fair 0.598 roi -0.033 z_edge +1.30 | old n 569 roi -0.066 | new n 748 roi -0.007
    -201..-300: n  1263 win 0.710 fair 0.671 roi -0.005 z_edge +3.07 | old n 649 roi -0.000 | new n 614 roi -0.011
    -301..-500: n  1607 win 0.779 fair 0.751 roi -0.020 z_edge +2.69 | old n 785 roi -0.021 | new n 822 roi -0.019
         -500+: n  1659 win 0.882 fair 0.850 roi -0.017 z_edge +4.13 | old n 895 roi -0.021 | new n 764 roi -0.012
 ATP b365 straights [model+2%]
    -101..-150: n  1242 win 0.510 fair 0.538 roi -0.108 z_edge -2.01 | old n 385 roi -0.108 | new n 857 roi -0.108
    -151..-200: n  2075 win 0.571 fair 0.598 roi -0.103 z_edge -2.46 | old n 865 roi -0.139 | new n 1210 roi -0.077
    -201..-300: n  1161 win 0.677 fair 0.670 roi -0.050 z_edge +0.49 | old n 468 roi -0.041 | new n 693 roi -0.056
    -301..-500: n  1028 win 0.743 fair 0.746 roi -0.057 z_edge -0.18 | old n 404 roi -0.071 | new n 624 roi -0.048
         -500+: n   573 win 0.843 fair 0.850 roi -0.061 z_edge -0.48 | old n 229 roi -0.058 | new n 344 roi -0.063
 WTA pin straights [all]
    -101..-150: n  8256 win 0.534 fair 0.545 roi -0.047 z_edge -2.12 | old n 3924 roi -0.047 | new n 4332 roi -0.046
    -151..-200: n  6885 win 0.617 fair 0.618 roi -0.027 z_edge -0.15 | old n 3194 roi -0.029 | new n 3691 roi -0.025
    -201..-300: n  6803 win 0.694 fair 0.690 roi -0.020 z_edge +0.77 | old n 3338 roi -0.022 | new n 3465 roi -0.018
    -301..-500: n  5806 win 0.772 fair 0.769 roi -0.023 z_edge +0.48 | old n 2800 roi -0.024 | new n 3006 roi -0.022
         -500+: n  4649 win 0.892 fair 0.873 roi -0.005 z_edge +4.20 | old n 2399 roi -0.010 | new n 2250 roi +0.001
 WTA pin straights [blend+2%]
    -101..-150: n   156 win 0.545 fair 0.551 roi -0.033 z_edge -0.15 | old n 79 roi -0.176 | new n 77 roi +0.113
    -151..-200: n   219 win 0.676 fair 0.617 roi +0.066 z_edge +1.87 | old n 122 roi +0.049 | new n 97 roi +0.089
    -201..-300: n   271 win 0.727 fair 0.690 roi +0.028 z_edge +1.37 | old n 194 roi -0.005 | new n 77 roi +0.109
    -301..-500: n   209 win 0.794 fair 0.763 roi +0.013 z_edge +1.11 | old n 128 roi +0.033 | new n 81 roi -0.020
         -500+: n    36 win 0.861 fair 0.831 roi +0.010 z_edge +0.52 | old n 25 roi -0.018 | new n 11 roi +0.073
 WTA pin straights [model+2%]
    -101..-150: n  2537 win 0.527 fair 0.544 roi -0.057 z_edge -1.73 | old n 1079 roi -0.079 | new n 1458 roi -0.041
    -151..-200: n  1628 win 0.591 fair 0.617 roi -0.068 z_edge -2.16 | old n 601 roi -0.042 | new n 1027 roi -0.084
    -201..-300: n  1219 win 0.699 fair 0.688 roi -0.010 z_edge +0.85 | old n 449 roi -0.018 | new n 770 roi -0.005
    -301..-500: n   737 win 0.786 fair 0.765 roi -0.001 z_edge +1.35 | old n 241 roi +0.031 | new n 496 roi -0.017
         -500+: n   246 win 0.911 fair 0.854 roi +0.039 z_edge +3.13 | old n 91 roi -0.002 | new n 155 roi +0.064
 WTA b365 straights [all]
    -101..-150: n  4354 win 0.519 fair 0.539 roi -0.094 z_edge -2.61 | old n 1541 roi -0.097 | new n 2813 roi -0.093
    -151..-200: n  8799 win 0.594 fair 0.598 roi -0.068 z_edge -0.85 | old n 4404 roi -0.084 | new n 4395 roi -0.052
    -201..-300: n  6169 win 0.676 fair 0.671 roi -0.053 z_edge +0.82 | old n 3041 roi -0.056 | new n 3128 roi -0.051
    -301..-500: n  6726 win 0.754 fair 0.748 roi -0.048 z_edge +1.13 | old n 3280 roi -0.061 | new n 3446 roi -0.035
         -500+: n  5470 win 0.878 fair 0.854 roi -0.026 z_edge +5.44 | old n 2984 roi -0.035 | new n 2486 roi -0.016
 WTA b365 straights [blend+2%]
    -101..-150: n   715 win 0.568 fair 0.539 roi -0.009 z_edge +1.53 | old n 249 roi -0.102 | new n 466 roi +0.041
    -151..-200: n  1601 win 0.621 fair 0.600 roi -0.028 z_edge +1.73 | old n 781 roi -0.064 | new n 820 roi +0.006
    -201..-300: n  1404 win 0.702 fair 0.670 roi -0.017 z_edge +2.54 | old n 755 roi -0.006 | new n 649 roi -0.029
    -301..-500: n  1586 win 0.772 fair 0.750 roi -0.027 z_edge +2.19 | old n 811 roi -0.048 | new n 775 roi -0.005
         -500+: n  1393 win 0.877 fair 0.846 roi -0.020 z_edge +3.60 | old n 749 roi -0.020 | new n 644 roi -0.019
 WTA b365 straights [model+2%]
    -101..-150: n  1375 win 0.520 fair 0.539 roi -0.093 z_edge -1.42 | old n 438 roi -0.127 | new n 937 roi -0.077
    -151..-200: n  2181 win 0.577 fair 0.598 roi -0.093 z_edge -1.92 | old n 888 roi -0.096 | new n 1293 roi -0.090
    -201..-300: n  1229 win 0.679 fair 0.670 roi -0.047 z_edge +0.68 | old n 472 roi -0.037 | new n 757 roi -0.054
    -301..-500: n  1018 win 0.746 fair 0.745 roi -0.054 z_edge +0.03 | old n 354 roi -0.071 | new n 664 roi -0.045
         -500+: n   429 win 0.897 fair 0.840 roi +0.011 z_edge +3.94 | old n 171 roi -0.024 | new n 258 roi +0.034
 ATP pin parlay cap -150 [all]: 1224 tickets, hit 0.166 (fair 0.171), avg +444, roi -0.111 z -1.94 | old 529 -0.073 | new 695 -0.141
 ATP pin parlay cap -200 [all]: 2097 tickets, hit 0.211 (fair 0.222), avg +325, roi -0.114 z -3.02 | old 946 -0.141 | new 1151 -0.092
 ATP pin parlay cap -300 [all]: 2501 tickets, hit 0.304 (fair 0.295), avg +225, roi -0.049 z -1.66 | old 1164 -0.055 | new 1337 -0.043
 ATP pin parlay cap -200 [blend+2%]: 6 tickets, hit 0.000 (fair 0.211), avg +341, roi -1.000 z +0.00 | old 3 -1.000 | new 3 -1.000
 ATP pin parlay cap -300 [blend+2%]: 18 tickets, hit 0.167 (fair 0.260), avg +265, roi -0.481 z -1.70 | old 8 -0.202 | new 10 -0.705
 ATP pin parlay cap -150 [model+2%]: 187 tickets, hit 0.150 (fair 0.163), avg +472, roi -0.157 z -1.06 | old 70 -0.378 | new 117 -0.025
 ATP pin parlay cap -200 [model+2%]: 507 tickets, hit 0.175 (fair 0.199), avg +373, roi -0.186 z -2.35 | old 185 -0.318 | new 322 -0.111
 ATP pin parlay cap -300 [model+2%]: 765 tickets, hit 0.224 (fair 0.236), avg +308, roi -0.128 z -2.13 | old 296 -0.149 | new 469 -0.115
 ATP b365 parlay cap -150 [all]: 498 tickets, hit 0.112 (fair 0.162), avg +418, roi -0.422 z -5.79 | old 105 -0.495 | new 393 -0.403
 ATP b365 parlay cap -200 [all]: 1909 tickets, hit 0.195 (fair 0.213), avg +294, roi -0.239 z -6.72 | old 818 -0.301 | new 1091 -0.193
 ATP b365 parlay cap -300 [all]: 2394 tickets, hit 0.273 (fair 0.271), avg +216, roi -0.176 z -6.31 | old 1103 -0.221 | new 1291 -0.137
 ATP b365 parlay cap -150 [blend+2%]: 9 tickets, hit 0.222 (fair 0.166), avg +413, roi +0.128 z +0.17 | old 1 +4.325 | new 8 -0.397
 ATP b365 parlay cap -200 [blend+2%]: 141 tickets, hit 0.270 (fair 0.197), avg +329, roi +0.133 z +0.83 | old 35 +0.169 | new 106 +0.121
 ATP b365 parlay cap -300 [blend+2%]: 346 tickets, hit 0.303 (fair 0.242), avg +252, roi +0.034 z +0.39 | old 141 +0.030 | new 205 +0.037
 ATP b365 parlay cap -150 [model+2%]: 49 tickets, hit 0.102 (fair 0.159), avg +430, roi -0.467 z -2.04 | old 4 +0.331 | new 45 -0.538
 ATP b365 parlay cap -200 [model+2%]: 390 tickets, hit 0.197 (fair 0.198), avg +324, roi -0.192 z -2.32 | old 127 -0.262 | new 263 -0.159
 ATP b365 parlay cap -300 [model+2%]: 631 tickets, hit 0.224 (fair 0.230), avg +271, roi -0.206 z -3.45 | old 218 -0.242 | new 413 -0.187
 WTA pin parlay cap -150 [all]: 1308 tickets, hit 0.161 (fair 0.170), avg +445, roi -0.126 z -2.28 | old 602 -0.151 | new 706 -0.105
 WTA pin parlay cap -200 [all]: 2270 tickets, hit 0.207 (fair 0.220), avg +328, roi -0.134 z -3.71 | old 1043 -0.135 | new 1227 -0.133
 WTA pin parlay cap -300 [all]: 2680 tickets, hit 0.289 (fair 0.291), avg +230, roi -0.087 z -3.08 | old 1260 -0.082 | new 1420 -0.092
 WTA pin parlay cap -200 [blend+2%]: 5 tickets, hit 0.600 (fair 0.201), avg +362, roi +1.674 z +1.51 | old 2 -1.000 | new 3 +3.457
 WTA pin parlay cap -300 [blend+2%]: 13 tickets, hit 0.538 (fair 0.237), avg +295, roi +1.124 z +1.94 | old 5 +0.394 | new 8 +1.580
 WTA pin parlay cap -150 [model+2%]: 205 tickets, hit 0.112 (fair 0.163), avg +468, roi -0.367 z -2.94 | old 86 -0.412 | new 119 -0.335
 WTA pin parlay cap -200 [model+2%]: 543 tickets, hit 0.160 (fair 0.197), avg +377, roi -0.236 z -3.11 | old 205 -0.242 | new 338 -0.232
 WTA pin parlay cap -300 [model+2%]: 804 tickets, hit 0.224 (fair 0.238), avg +305, roi -0.148 z -2.57 | old 301 -0.045 | new 503 -0.210
 WTA b365 parlay cap -150 [all]: 542 tickets, hit 0.120 (fair 0.161), avg +419, roi -0.376 z -5.16 | old 151 -0.519 | new 391 -0.321
 WTA b365 parlay cap -200 [all]: 2061 tickets, hit 0.190 (fair 0.213), avg +295, roi -0.259 z -7.66 | old 935 -0.269 | new 1126 -0.251
 WTA b365 parlay cap -300 [all]: 2541 tickets, hit 0.269 (fair 0.270), avg +217, roi -0.171 z -6.20 | old 1181 -0.192 | new 1360 -0.152
 WTA b365 parlay cap -150 [blend+2%]: 7 tickets, hit 0.143 (fair 0.157), avg +435, roi -0.204 z -0.26 | old 2 -1.000 | new 5 +0.115
 WTA b365 parlay cap -200 [blend+2%]: 170 tickets, hit 0.212 (fair 0.201), avg +315, roi -0.128 z -0.98 | old 75 -0.231 | new 95 -0.045
 WTA b365 parlay cap -300 [blend+2%]: 437 tickets, hit 0.277 (fair 0.241), avg +251, roi -0.056 z -0.75 | old 208 -0.082 | new 229 -0.031
 WTA b365 parlay cap -150 [model+2%]: 65 tickets, hit 0.077 (fair 0.160), avg +427, roi -0.586 z -3.26 | old 9 -1.000 | new 56 -0.519
 WTA b365 parlay cap -200 [model+2%]: 389 tickets, hit 0.162 (fair 0.198), avg +326, roi -0.306 z -3.79 | old 128 -0.361 | new 261 -0.279
 WTA b365 parlay cap -300 [model+2%]: 666 tickets, hit 0.219 (fair 0.233), avg +267, roi -0.233 z -4.06 | old 238 -0.318 | new 428 -0.185
 tests at n300+: 266 straight, 28 parlay; expected by luck 0.062 + 0.751
 passed the bar: ['atp|b365|blend+2%|parlay -300'] · proven (not luck-sized): none
 VERDICT: NOT LUCRATIVE (a pass that looks like luck). atp|b365|blend+2%|parlay -300 (n 346, roi +0.034, profit z +0.39) clears the bar, but its profit z is under 2 and 0.81 passes were expected by luck alone. Nothing to act on. Research only.
✅ tennis heavy favorites: 14s · proven: {"proven": []}
study run done in 482s: 20/20 studies ok
✅ underdogs + favorites: 2s · proven: {"nfl": [], "nfl price check": false, "ncaaf": [], "ncaaf price check": false, "nba": [], "nba price check": false, "ncaab": [], "ncaab price check": true, "mlb": [], "mlb price check": false, "nhl": [], "nhl price check": true}
✅ over/unders: 6s · proven: {"nfl": true, "ncaaf": false, "nba": false, "ncaab": true, "mlb": false, "nhl": false}
✅ hockey: 9s · proven: null
✅ spread vs moneyline: 6s · proven: {"nfl": true, "ncaaf": false, "nba": false, "ncaab": false}
✅ puck lines / run lines: 3s · proven: null
✅ halves / first period: 1s · proven: null
✅ comebacks: 102s · proven: null
✅ trends: 7s · proven: {"proven": ["ncaab|rate|fav_cover"]}
✅ rigged / fade the public: 0s · proven: {"proven": []}
✅ self-check on our picks: 0s · proven: null
✅ situational spots: 12s · proven: {"nfl": [], "ncaaf": [], "nba": [], "ncaab": [], "mlb": [], "nhl": []}
✅ line movement + CLV: 2s · proven: {"proven": []}
✅ our engine vs the move (can it beat the pros?): 3s · proven: {"proven": []}
✅ the engine's strengths, sport by sport: 3s · proven: {"proven": ["nba"]}
THE CONTEXT STUDY: 576 tests with 300+ bets; bar z >= 3.5 + profit in both halves. Luck alone: ~0.134 false positives expected (fake no-edge results passed 0.0 on average); refs: officials.json loaded
nfl: 2770 games · proven - · confirmed - · killed -
   ref_home-|spread|dog         n=   440 roi old +0.016 new +0.101 edge +0.0529 z=+1.29
   any:out_dome|total|over      n=   461 roi old +0.057 new +0.025 edge +0.0444 z=+0.93
   div|spread|dog               n=   775 roi old +0.028 new +0.028 edge +0.0372 z=+0.82
   out_dome|ml|team             n=   449 roi old +0.121 new -0.031 edge +0.0396 z=+0.75
   any:dome_out|total|under     n=   456 roi old +0.014 new +0.040 edge +0.0374 z=+0.61
   nonconf|total|under          n=   565 roi old +0.072 new -0.040 edge +0.0312 z=+0.39
ncaaf: 8324 games · proven - · confirmed - · killed -
   any:east1000|total|under     n=   407 roi old +0.054 new +0.058 edge +0.0530 z=+1.19
   east1000|ml|team             n=   402 roi old +0.131 new -0.041 edge -0.0007 z=+0.46
   any:west1000|total|over      n=   360 roi old -0.026 new +0.059 edge +0.0329 z=+0.33
   west1000|ml|fade             n=   353 roi old -0.026 new +0.041 edge +0.0206 z=+0.10
   trip1000|ml|fade             n=   745 roi old -0.008 new +0.013 edge +0.0101 z=+0.05
   any:bowl5|total|over         n=   353 roi old +0.051 new -0.052 edge +0.0238 z=-0.02
nba: 12833 games · proven - · confirmed - · killed -
   any:rest|total|over          n=   328 roi old +0.140 new +0.105 edge +0.0881 z=+2.36
   ref_under|ml|road            n=   384 roi old +0.116 new +0.248 edge +0.0791 z=+2.33
   any:tank|total|over          n=   584 roi old +0.006 new +0.124 edge +0.0581 z=+1.66
   any:elim|total|over          n=   664 roi old -0.017 new +0.110 edge +0.0481 z=+1.26
   ref_under|ml|dog             n=   381 roi old +0.021 new +0.183 edge +0.0474 z=+1.19
   tank|spread|fade             n=   527 roi old +0.032 new +0.050 edge +0.0445 z=+0.99
ncaab: 59096 games · proven - · confirmed - · killed -
   ref_under|total|under        n=  2500 roi old +0.036 new +0.070 edge +0.0513 z=+2.81
   ref_over|total|over          n=  1501 roi old +0.064 new +0.018 edge +0.0454 z=+1.67
   rival|spread|home            n=   368 roi old +0.130 new -0.055 edge +0.0435 z=+0.76
   road3in6|spread|team         n=   491 roi old +0.006 new +0.058 edge +0.0403 z=+0.74
   rival|total|under            n=   371 roi old +0.084 new -0.042 edge +0.0342 z=+0.41
   rival|ml|home                n=   374 roi old +0.054 new -0.025 edge +0.0330 z=+0.30
mlb: 23242 games · proven - · confirmed - · killed -
   trip2000|ml|fade             n=   660 roi old +0.092 new -0.046 edge +0.0265 z=+0.58
   east1000|ml|team             n=  1398 roi old +0.041 new -0.011 edge +0.0239 z=+0.54
   nonconf|ml|road              n=  4275 roi old +0.039 new -0.032 edge +0.0179 z=+0.20
   any:west1000|total|over      n=  1442 roi old -0.027 new +0.030 edge +0.0236 z=+0.06
   trip1000|ml|team             n=  2475 roi old -0.005 new +0.002 edge +0.0156 z=-0.07
   ref_under|total|under        n=  3081 roi old +0.001 new -0.004 edge +0.0213 z=-0.09
nhl: 13220 games · proven - · confirmed - · killed -
   ref_home+|ml|road            n=   476 roi old +0.057 new -0.014 edge +0.0261 z=+0.41
   race|ml|team                 n=  1320 roi old +0.025 new -0.022 edge +0.0237 z=+0.04
   mustwin|ml|team              n=  1228 roi old +0.036 new -0.040 edge +0.0226 z=-0.07
   ref_home+|total|over         n=   461 roi old -0.023 new +0.001 edge +0.0164 z=-0.25
   trip2000|ml|fade             n=   525 roi old -0.023 new -0.001 edge +0.0093 z=-0.26
   any:west1000|total|over      n=  1323 roi old +0.006 new -0.022 edge +0.0197 z=-0.31
✅ context: rivalries, travel, domes, stakes, refs: 21s · proven: {"nfl": [], "ncaaf": [], "nba": [], "ncaab": [], "mlb": [], "nhl": []}
✅ early value plays: the early-price exam: 31s · proven: {"proven": ["nfl +8+", "nba +4..8", "nhl +4..8"]}
THE EXPLORER: tested 9000 NEW angles (61000 ever) in 27.8s
   new suspects: 0 (luck alone would give ~2.09) · promoted to PROVEN: 0 · killed: 0 · proven demoted: 0
   now watching 0 suspects · 0 proven · 0 killed
   TEAM TRENDS pooled across sports (all games so far; 'follow' = ride the trend, 'fade' = bet against it; the bar: 300+ bets, profit in both halves, z 3.5+):
   1st-quarter form|ml: n=23927 (2018-04-07..2026-09-27) follow hit 62.3% older / 62.9% newer (fair 61.3%, roi -0.022 / -0.026, z -3.95, edge z 4.5) · fade hit 37.7% / 37.1% (roi -0.098 / -0.145, z -12.3) -> no edge
   1st-quarter form|p1ml: n=14401 (2018-09-09..2026-09-27) follow hit 60.6% older / 61.4% newer (fair 59.7%, roi -0.031 / -0.035, z -4.55, edge z 3.4) · fade hit 39.4% / 38.6% (roi -0.082 / -0.117, z -9.07) -> no edge
   1st-quarter form|p1spread: n=14818 (2018-09-09..2026-09-27) follow hit 50.5% older / 50.0% newer (fair 50.0%, roi -0.043 / -0.059, z -6.59, edge z 0.55) · fade hit 49.5% / 50.0% (roi -0.060 / -0.059, z -7.69) -> no edge
   1st-quarter form|spread: n=21347 (2018-10-20..2026-06-14) follow hit 49.9% older / 50.4% newer (fair 50.0%, roi -0.047 / -0.036, z -6.36, edge z 0.45) · fade hit 50.1% / 49.6% (roi -0.043 / -0.052, z -7.27) -> no edge
   O/U streak 4+|total: n=15170 (2018-04-04..2026-09-30) follow hit 49.7% older / 50.8% newer (fair 50.0%, roi -0.051 / -0.028, z -5.11, edge z 0.6) · fade hit 50.3% / 49.1% (roi -0.037 / -0.060, z -6.28) -> no edge
   division record|ml: n=2515 (2018-09-09..2026-09-29) follow hit 64.4% older / 65.7% newer (fair 62.9%, roi +0.018 / -0.012, z 0.17, edge z 2.27) · fade hit 35.6% / 34.3% (roi -0.080 / -0.102, z -3.15) -> no edge
   division record|spread: n=1421 (2018-09-09..2026-09-27) follow hit 50.4% older / 49.2% newer (fair 50.0%, roi -0.035 / -0.059, z -1.86, edge z -0.14) · fade hit 49.6% / 50.8% (roi -0.052 / -0.027, z -1.57) -> no edge
   prime-time record|ml: n=189 (2018-09-17..2026-09-28) follow hit 59.6% older / 62.1% newer (fair 59.9%, roi -0.080 / +0.022, z -0.45, edge z 0.28) · fade hit 40.4% / 37.9% (roi -0.116 / -0.054, z -0.89) -> no edge
   prime-time record|spread: n=187 (2018-09-17..2026-09-28) follow hit 52.7% older / 47.9% newer (fair 50.0%, roi +0.010 / -0.085, z -0.54, edge z 0.08) · fade hit 47.3% / 52.1% (roi -0.090 / -0.007, z -0.69) -> no edge
   road ATS rate|spread: n=10107 (2018-11-04..2026-09-27) follow hit 48.9% older / 48.6% newer (fair 50.0%, roi -0.067 / -0.071, z -7.24, edge z -2.56) · fade hit 51.1% / 51.4% (roi -0.023 / -0.018, z -2.14) -> no edge
   season ATS rate|spread: n=12887 (2018-10-13..2026-04-04) follow hit 48.6% older / 49.0% newer (fair 50.0%, roi -0.072 / -0.063, z -8.02, edge z -2.74) · fade hit 51.4% / 51.0% (roi -0.017 / -0.025, z -2.54) -> no edge
   team ATS streak 3+|spread: n=16397 (2018-09-16..2026-09-26) follow hit 49.1% older / 49.5% newer (fair 50.0%, roi -0.062 / -0.054, z -7.75, edge z -1.78) · fade hit 50.9% / 50.5% (roi -0.028 / -0.035, z -4.2) -> no edge
   team ATS streak 5+|spread: n=4206 (2018-10-06..2026-06-09) follow hit 48.2% older / 48.6% newer (fair 50.0%, roi -0.080 / -0.070, z -5.11, edge z -2.08) · fade hit 51.8% / 51.4% (roi -0.010 / -0.017, z -0.93) -> no edge
✅ the explorer: NEW angles: 28s · proven: {"proven": []}
THE TENNIS EDGE STUDY: 64658 priced matches 2012-01-01 -> 2026-08-03 (older half < 2018-05-27 <= newer half) in 24.9s
   softest segments (a bias learned on the older half that still helps on the newer, mnats/match): WTA rank x10+ +1.15, WTA slam +0.91, WTA round sf+ +0.89, ATP indoor +0.78
   ATP: log loss pin 0.5752 / b365 0.5759 / avg 0.576 · margin pin 0.0253 b365 0.0605
   WTA: log loss pin 0.5903 / b365 0.5912 / avg 0.5908 · margin pin 0.0266 b365 0.0619
   line shop b365 >2% over pinnacle fair: n=4674 roi -0.066 / -0.032 (expected +0.063) edge z=2.68 · beats fair in 14% of matches
   line shop avg >2% over pinnacle fair: n=928 roi -0.164 / -0.045 (expected +0.067) edge z=-0.25 · beats fair in 4% of matches
   line shop max >2% over pinnacle fair: n=30043 roi +0.016 / +0.023 (expected +0.069) edge z=2.42 · beats fair in 73% of matches
   model vs market, newer half: pinnacle 0.597 · elo 0.6295 · model 0.6262 · blend 0.5969 (+0.100 mnats, z 1.07)
   bovada: 154 closing lines, margin 0.0453, 0 matched to pinnacle, 66 graded
   names -> ESPN ids: 0.8856 of 1556 names since ESPN's history (by tour {'atp': 0.9195, 'wta': 0.8534}), 0.9386 of match sides · birth dates for 0.9385 of sides (2807 bios on file)
   life atoms (122 read-outs at pinnacle): wta|pin|yvv:vet n=1818 roi +0.020 / -0.095 z 1.53 / -1.45, wta|pin|age:teen n=4296 roi +0.006 / +0.007 z 1.07 / 1.99, wta|pin|tvv:vet n=483 roi +0.046 / -0.126 z 0.51 / -1.2, atp|pin|age:teen n=2324 roi +0.015 / +0.006 z 0.28 / 1.94
   registry: tested 3905 new angles (30386 ever) · new suspects 9 · promoted 0 · killed 9 · luck would give ~7.07 suspects / 0.1608 proven ever
   fixed tests: 543 this run, 1 pass the bar (luck ~0.252)
   NEW SUSPECT atp|avg|oinjn:2+&p:80+: older half n=433 roi +0.009 edge z=4.01 | newer half n=229 roi -0.012 edge z=1.61
   NEW SUSPECT atp|avg|olay:long&p:80+: older half n=185 roi +0.024 edge z=3.75 | newer half n=154 roi -0.052 edge z=-0.11
   NEW SUSPECT atp|avg|olay:long&rd:early: older half n=1113 roi +0.016 edge z=3.51 | newer half n=1170 roi -0.073 edge z=-0.81
   NEW SUSPECT atp|b365|olay:long&ssn:mid: older half n=584 roi +0.072 edge z=3.78 | newer half n=528 roi -0.078 edge z=-1.03
   NEW SUSPECT atp|avg|olay:long&ssn:mid: older half n=586 roi +0.085 edge z=3.96 | newer half n=529 roi -0.074 edge z=-0.92
   NEW SUSPECT atp|b365|olay:long&surf:clay: older half n=416 roi +0.104 edge z=3.68 | newer half n=365 roi -0.078 edge z=-0.77
   NEW SUSPECT atp|pin|olay:long&ssn:mid: older half n=586 roi +0.124 edge z=3.82 | newer half n=529 roi -0.044 edge z=-1.0
   NEW SUSPECT atp|avg|olay:long&surf:clay: older half n=418 roi +0.114 edge z=3.83 | newer half n=366 roi -0.070 edge z=-0.67
   NEW SUSPECT atp|pin|olay:long&surf:clay: older half n=418 roi +0.152 edge z=3.7 | newer half n=366 roi -0.041 edge z=-0.71
   KILLED atp|avg|oinjn:2+&p:80+: older half n=433 roi +0.009 edge z=4.01 | newer half n=229 roi -0.012 edge z=1.61
   KILLED atp|avg|olay:long&p:80+: older half n=185 roi +0.024 edge z=3.75 | newer half n=154 roi -0.052 edge z=-0.11
   KILLED atp|avg|olay:long&rd:early: older half n=1113 roi +0.016 edge z=3.51 | newer half n=1170 roi -0.073 edge z=-0.81
   KILLED atp|b365|olay:long&ssn:mid: older half n=584 roi +0.072 edge z=3.78 | newer half n=528 roi -0.078 edge z=-1.03
   KILLED atp|avg|olay:long&ssn:mid: older half n=586 roi +0.085 edge z=3.96 | newer half n=529 roi -0.074 edge z=-0.92
   KILLED atp|b365|olay:long&surf:clay: older half n=416 roi +0.104 edge z=3.68 | newer half n=365 roi -0.078 edge z=-0.77
   KILLED atp|pin|olay:long&ssn:mid: older half n=586 roi +0.124 edge z=3.82 | newer half n=529 roi -0.044 edge z=-1.0
   KILLED atp|avg|olay:long&surf:clay: older half n=418 roi +0.114 edge z=3.83 | newer half n=366 roi -0.070 edge z=-0.67
   KILLED atp|pin|olay:long&surf:clay: older half n=418 roi +0.152 edge z=3.7 | newer half n=366 roi -0.041 edge z=-0.71
   PASSES price 90-100% wta at max: n=1231 roi +0.012 / +0.029 z=3.87 (NOT a gettable price)
   closest angle: atp|b365|oinjn:2+&p:80+ n=660 roi +0.002 / -0.011 z older 3.44 all 3.71
   closest angle: atp|pin|olay:long&rd:early n=2284 roi +0.054 / -0.045 z older 3.38 all 1.6
   closest angle: atp|b365|olay:long&rd:early n=2276 roi +0.007 / -0.077 z older 3.31 all 1.58
   closest fixed: line shop b365 all fav gap>0% n=2020 roi +0.044 / +0.008 z=4.48
   closest fixed: line shop b365 atp fav gap>0% n=970 roi +0.067 / +0.007 z=3.45
   closest fixed: line shop b365 wta fav gap>0% n=1050 roi +0.026 / +0.010 z=2.9
   PROVEN: nothing
✅ tennis edge: 25s · proven: {"proven": []}
first set ATP: 32132 matches, implied log loss 0.62855 (match chance as set-1 chance 0.63577, coin 0.69315)
  crew overperformance: closest >= 0.05: n 19692, hit 0.5266 vs implied 0.5218, z 1.41 (vs recalibrated 0.73), ROI -0.0502 (older -0.0615, newer -0.0399) - z 1.41 < 3.5; older ROI -0.0615 <= 0; newer ROI -0.0399 <= 0
  crew raw_rate: closest >= 0.10: n 15498, hit 0.6247 vs implied 0.608, z 4.4 (vs recalibrated 1.16), ROI -0.0269 (older -0.0388, newer -0.016) - older ROI -0.0388 <= 0; newer ROI -0.016 <= 0
first set WTA: 32523 matches, implied log loss 0.62585 (match chance as set-1 chance 0.62643, coin 0.69315)
  crew overperformance: closest >= 0.15: n 8372, hit 0.5631 vs implied 0.549, z 2.69 (vs recalibrated 1.03), ROI -0.0357 (older -0.0422, newer -0.0286) - z 2.69 < 3.5; older ROI -0.0422 <= 0; newer ROI -0.0286 <= 0
  crew raw_rate: closest >= 0.20: n 8256, hit 0.6662 vs implied 0.638, z 5.49 (vs recalibrated 0.74), ROI -0.0109 (older -0.0057, newer -0.0164) - older ROI -0.0057 <= 0; newer ROI -0.0164 <= 0
first set real Bovada lines: 0 captured, 0 matched (test runs at 300) · 3.0s
✅ tennis first set: 3s · proven: {"proven": []}
HEAVY TENNIS FAVORITES (research only): 64658 priced matches 2012-01-01 -> 2026-01-14, split 2018-05-27, 53807 rated
 ATP pin straights [all]
    -101..-150: n  7563 win 0.541 fair 0.547 roi -0.035 z_edge -1.02 | old n 3291 roi -0.035 | new n 4272 roi -0.036
    -151..-200: n  6518 win 0.604 fair 0.619 roi -0.048 z_edge -2.43 | old n 2813 roi -0.043 | new n 3705 roi -0.052
    -201..-300: n  6514 win 0.698 fair 0.691 roi -0.014 z_edge +1.31 | old n 3112 roi -0.020 | new n 3402 roi -0.009
    -301..-500: n  5611 win 0.784 fair 0.771 roi -0.007 z_edge +2.42 | old n 2841 roi +0.006 | new n 2770 roi -0.020
         -500+: n  5778 win 0.896 fair 0.884 roi -0.009 z_edge +3.26 | old n 3246 roi -0.009 | new n 2532 roi -0.009
 ATP pin straights [blend+2%]
    -101..-150: n   116 win 0.560 fair 0.552 roi -0.012 z_edge +0.19 | old n 69 roi +0.043 | new n 47 roi -0.092
    -151..-200: n   207 win 0.551 fair 0.620 roi -0.134 z_edge -1.99 | old n 129 roi -0.072 | new n 78 roi -0.235
    -201..-300: n   233 win 0.717 fair 0.691 roi +0.011 z_edge +0.87 | old n 161 roi +0.017 | new n 72 roi -0.001
    -301..-500: n   173 win 0.775 fair 0.771 roi -0.021 z_edge +0.10 | old n 132 roi -0.014 | new n 41 roi -0.043
         -500+: n    35 win 0.914 fair 0.841 roi +0.060 z_edge +1.51 | old n 30 roi +0.083 | new n 5 roi -0.074
 ATP pin straights [model+2%]
    -101..-150: n  2343 win 0.527 fair 0.545 roi -0.055 z_edge -1.74 | old n 975 roi -0.042 | new n 1368 roi -0.065
    -151..-200: n  1544 win 0.589 fair 0.617 roi -0.068 z_edge -2.19 | old n 591 roi -0.076 | new n 953 roi -0.064
    -201..-300: n  1220 win 0.686 fair 0.689 roi -0.027 z_edge -0.20 | old n 461 roi -0.022 | new n 759 roi -0.030
    -301..-500: n   696 win 0.783 fair 0.768 roi -0.004 z_edge +0.99 | old n 274 roi +0.010 | new n 422 roi -0.014
         -500+: n   345 win 0.870 fair 0.868 roi -0.022 z_edge +0.10 | old n 126 roi +0.003 | new n 219 roi -0.037
 ATP b365 straights [all]
    -101..-150: n  4071 win 0.529 fair 0.539 roi -0.078 z_edge -1.38 | old n 1278 roi -0.087 | new n 2793 roi -0.074
    -151..-200: n  8140 win 0.585 fair 0.599 roi -0.082 z_edge -2.43 | old n 3777 roi -0.089 | new n 4363 roi -0.076
    -201..-300: n  5979 win 0.676 fair 0.671 roi -0.052 z_edge +0.88 | old n 2913 roi -0.066 | new n 3066 roi -0.040
    -301..-500: n  6606 win 0.761 fair 0.748 roi -0.038 z_edge +2.53 | old n 3213 roi -0.038 | new n 3393 roi -0.037
         -500+: n  6547 win 0.885 fair 0.864 roi -0.027 z_edge +5.31 | old n 3868 roi -0.030 | new n 2679 roi -0.023
 ATP b365 straights [blend+2%]
    -101..-150: n   649 win 0.508 fair 0.539 roi -0.113 z_edge -1.56 | old n 189 roi -0.091 | new n 460 roi -0.122
    -151..-200: n  1317 win 0.616 fair 0.598 roi -0.033 z_edge +1.30 | old n 569 roi -0.066 | new n 748 roi -0.007
    -201..-300: n  1263 win 0.710 fair 0.671 roi -0.005 z_edge +3.07 | old n 649 roi -0.000 | new n 614 roi -0.011
    -301..-500: n  1607 win 0.779 fair 0.751 roi -0.020 z_edge +2.69 | old n 785 roi -0.021 | new n 822 roi -0.019
         -500+: n  1659 win 0.882 fair 0.850 roi -0.017 z_edge +4.13 | old n 895 roi -0.021 | new n 764 roi -0.012
 ATP b365 straights [model+2%]
    -101..-150: n  1242 win 0.510 fair 0.538 roi -0.108 z_edge -2.01 | old n 385 roi -0.108 | new n 857 roi -0.108
    -151..-200: n  2075 win 0.571 fair 0.598 roi -0.103 z_edge -2.46 | old n 865 roi -0.139 | new n 1210 roi -0.077
    -201..-300: n  1161 win 0.677 fair 0.670 roi -0.050 z_edge +0.49 | old n 468 roi -0.041 | new n 693 roi -0.056
    -301..-500: n  1028 win 0.743 fair 0.746 roi -0.057 z_edge -0.18 | old n 404 roi -0.071 | new n 624 roi -0.048
         -500+: n   573 win 0.843 fair 0.850 roi -0.061 z_edge -0.48 | old n 229 roi -0.058 | new n 344 roi -0.063
 WTA pin straights [all]
    -101..-150: n  8256 win 0.534 fair 0.545 roi -0.047 z_edge -2.12 | old n 3924 roi -0.047 | new n 4332 roi -0.046
    -151..-200: n  6885 win 0.617 fair 0.618 roi -0.027 z_edge -0.15 | old n 3194 roi -0.029 | new n 3691 roi -0.025
    -201..-300: n  6803 win 0.694 fair 0.690 roi -0.020 z_edge +0.77 | old n 3338 roi -0.022 | new n 3465 roi -0.018
    -301..-500: n  5806 win 0.772 fair 0.769 roi -0.023 z_edge +0.48 | old n 2800 roi -0.024 | new n 3006 roi -0.022
         -500+: n  4649 win 0.892 fair 0.873 roi -0.005 z_edge +4.20 | old n 2399 roi -0.010 | new n 2250 roi +0.001
 WTA pin straights [blend+2%]
    -101..-150: n   156 win 0.545 fair 0.551 roi -0.033 z_edge -0.15 | old n 79 roi -0.176 | new n 77 roi +0.113
    -151..-200: n   219 win 0.676 fair 0.617 roi +0.066 z_edge +1.87 | old n 122 roi +0.049 | new n 97 roi +0.089
    -201..-300: n   271 win 0.727 fair 0.690 roi +0.028 z_edge +1.37 | old n 194 roi -0.005 | new n 77 roi +0.109
    -301..-500: n   209 win 0.794 fair 0.763 roi +0.013 z_edge +1.11 | old n 128 roi +0.033 | new n 81 roi -0.020
         -500+: n    36 win 0.861 fair 0.831 roi +0.010 z_edge +0.52 | old n 25 roi -0.018 | new n 11 roi +0.073
 WTA pin straights [model+2%]
    -101..-150: n  2537 win 0.527 fair 0.544 roi -0.057 z_edge -1.73 | old n 1079 roi -0.079 | new n 1458 roi -0.041
    -151..-200: n  1628 win 0.591 fair 0.617 roi -0.068 z_edge -2.16 | old n 601 roi -0.042 | new n 1027 roi -0.084
    -201..-300: n  1219 win 0.699 fair 0.688 roi -0.010 z_edge +0.85 | old n 449 roi -0.018 | new n 770 roi -0.005
    -301..-500: n   737 win 0.786 fair 0.765 roi -0.001 z_edge +1.35 | old n 241 roi +0.031 | new n 496 roi -0.017
         -500+: n   246 win 0.911 fair 0.854 roi +0.039 z_edge +3.13 | old n 91 roi -0.002 | new n 155 roi +0.064
 WTA b365 straights [all]
    -101..-150: n  4354 win 0.519 fair 0.539 roi -0.094 z_edge -2.61 | old n 1541 roi -0.097 | new n 2813 roi -0.093
    -151..-200: n  8799 win 0.594 fair 0.598 roi -0.068 z_edge -0.85 | old n 4404 roi -0.084 | new n 4395 roi -0.052
    -201..-300: n  6169 win 0.676 fair 0.671 roi -0.053 z_edge +0.82 | old n 3041 roi -0.056 | new n 3128 roi -0.051
    -301..-500: n  6726 win 0.754 fair 0.748 roi -0.048 z_edge +1.13 | old n 3280 roi -0.061 | new n 3446 roi -0.035
         -500+: n  5470 win 0.878 fair 0.854 roi -0.026 z_edge +5.44 | old n 2984 roi -0.035 | new n 2486 roi -0.016
 WTA b365 straights [blend+2%]
    -101..-150: n   715 win 0.568 fair 0.539 roi -0.009 z_edge +1.53 | old n 249 roi -0.102 | new n 466 roi +0.041
    -151..-200: n  1601 win 0.621 fair 0.600 roi -0.028 z_edge +1.73 | old n 781 roi -0.064 | new n 820 roi +0.006
    -201..-300: n  1404 win 0.702 fair 0.670 roi -0.017 z_edge +2.54 | old n 755 roi -0.006 | new n 649 roi -0.029
    -301..-500: n  1586 win 0.772 fair 0.750 roi -0.027 z_edge +2.19 | old n 811 roi -0.048 | new n 775 roi -0.005
         -500+: n  1393 win 0.877 fair 0.846 roi -0.020 z_edge +3.60 | old n 749 roi -0.020 | new n 644 roi -0.019
 WTA b365 straights [model+2%]
    -101..-150: n  1375 win 0.520 fair 0.539 roi -0.093 z_edge -1.42 | old n 438 roi -0.127 | new n 937 roi -0.077
    -151..-200: n  2181 win 0.577 fair 0.598 roi -0.093 z_edge -1.92 | old n 888 roi -0.096 | new n 1293 roi -0.090
    -201..-300: n  1229 win 0.679 fair 0.670 roi -0.047 z_edge +0.68 | old n 472 roi -0.037 | new n 757 roi -0.054
    -301..-500: n  1018 win 0.746 fair 0.745 roi -0.054 z_edge +0.03 | old n 354 roi -0.071 | new n 664 roi -0.045
         -500+: n   429 win 0.897 fair 0.840 roi +0.011 z_edge +3.94 | old n 171 roi -0.024 | new n 258 roi +0.034
 ATP pin parlay cap -150 [all]: 1224 tickets, hit 0.166 (fair 0.171), avg +444, roi -0.111 z -1.94 | old 529 -0.073 | new 695 -0.141
 ATP pin parlay cap -200 [all]: 2097 tickets, hit 0.211 (fair 0.222), avg +325, roi -0.114 z -3.02 | old 946 -0.141 | new 1151 -0.092
 ATP pin parlay cap -300 [all]: 2501 tickets, hit 0.304 (fair 0.295), avg +225, roi -0.049 z -1.66 | old 1164 -0.055 | new 1337 -0.043
 ATP pin parlay cap -200 [blend+2%]: 6 tickets, hit 0.000 (fair 0.211), avg +341, roi -1.000 z +0.00 | old 3 -1.000 | new 3 -1.000
 ATP pin parlay cap -300 [blend+2%]: 18 tickets, hit 0.167 (fair 0.260), avg +265, roi -0.481 z -1.70 | old 8 -0.202 | new 10 -0.705
 ATP pin parlay cap -150 [model+2%]: 187 tickets, hit 0.150 (fair 0.163), avg +472, roi -0.157 z -1.06 | old 70 -0.378 | new 117 -0.025
 ATP pin parlay cap -200 [model+2%]: 507 tickets, hit 0.175 (fair 0.199), avg +373, roi -0.186 z -2.35 | old 185 -0.318 | new 322 -0.111
 ATP pin parlay cap -300 [model+2%]: 765 tickets, hit 0.224 (fair 0.236), avg +308, roi -0.128 z -2.13 | old 296 -0.149 | new 469 -0.115
 ATP b365 parlay cap -150 [all]: 498 tickets, hit 0.112 (fair 0.162), avg +418, roi -0.422 z -5.79 | old 105 -0.495 | new 393 -0.403
 ATP b365 parlay cap -200 [all]: 1909 tickets, hit 0.195 (fair 0.213), avg +294, roi -0.239 z -6.72 | old 818 -0.301 | new 1091 -0.193
 ATP b365 parlay cap -300 [all]: 2394 tickets, hit 0.273 (fair 0.271), avg +216, roi -0.176 z -6.31 | old 1103 -0.221 | new 1291 -0.137
 ATP b365 parlay cap -150 [blend+2%]: 9 tickets, hit 0.222 (fair 0.166), avg +413, roi +0.128 z +0.17 | old 1 +4.325 | new 8 -0.397
 ATP b365 parlay cap -200 [blend+2%]: 141 tickets, hit 0.270 (fair 0.197), avg +329, roi +0.133 z +0.83 | old 35 +0.169 | new 106 +0.121
 ATP b365 parlay cap -300 [blend+2%]: 346 tickets, hit 0.303 (fair 0.242), avg +252, roi +0.034 z +0.39 | old 141 +0.030 | new 205 +0.037
 ATP b365 parlay cap -150 [model+2%]: 49 tickets, hit 0.102 (fair 0.159), avg +430, roi -0.467 z -2.04 | old 4 +0.331 | new 45 -0.538
 ATP b365 parlay cap -200 [model+2%]: 390 tickets, hit 0.197 (fair 0.198), avg +324, roi -0.192 z -2.32 | old 127 -0.262 | new 263 -0.159
 ATP b365 parlay cap -300 [model+2%]: 631 tickets, hit 0.224 (fair 0.230), avg +271, roi -0.206 z -3.45 | old 218 -0.242 | new 413 -0.187
 WTA pin parlay cap -150 [all]: 1308 tickets, hit 0.161 (fair 0.170), avg +445, roi -0.126 z -2.28 | old 602 -0.151 | new 706 -0.105
 WTA pin parlay cap -200 [all]: 2270 tickets, hit 0.207 (fair 0.220), avg +328, roi -0.134 z -3.71 | old 1043 -0.135 | new 1227 -0.133
 WTA pin parlay cap -300 [all]: 2680 tickets, hit 0.289 (fair 0.291), avg +230, roi -0.087 z -3.08 | old 1260 -0.082 | new 1420 -0.092
 WTA pin parlay cap -200 [blend+2%]: 5 tickets, hit 0.600 (fair 0.201), avg +362, roi +1.674 z +1.51 | old 2 -1.000 | new 3 +3.457
 WTA pin parlay cap -300 [blend+2%]: 13 tickets, hit 0.538 (fair 0.237), avg +295, roi +1.124 z +1.94 | old 5 +0.394 | new 8 +1.580
 WTA pin parlay cap -150 [model+2%]: 205 tickets, hit 0.112 (fair 0.163), avg +468, roi -0.367 z -2.94 | old 86 -0.412 | new 119 -0.335
 WTA pin parlay cap -200 [model+2%]: 543 tickets, hit 0.160 (fair 0.197), avg +377, roi -0.236 z -3.11 | old 205 -0.242 | new 338 -0.232
 WTA pin parlay cap -300 [model+2%]: 804 tickets, hit 0.224 (fair 0.238), avg +305, roi -0.148 z -2.57 | old 301 -0.045 | new 503 -0.210
 WTA b365 parlay cap -150 [all]: 542 tickets, hit 0.120 (fair 0.161), avg +419, roi -0.376 z -5.16 | old 151 -0.519 | new 391 -0.321
 WTA b365 parlay cap -200 [all]: 2061 tickets, hit 0.190 (fair 0.213), avg +295, roi -0.259 z -7.66 | old 935 -0.269 | new 1126 -0.251
 WTA b365 parlay cap -300 [all]: 2541 tickets, hit 0.269 (fair 0.270), avg +217, roi -0.171 z -6.20 | old 1181 -0.192 | new 1360 -0.152
 WTA b365 parlay cap -150 [blend+2%]: 7 tickets, hit 0.143 (fair 0.157), avg +435, roi -0.204 z -0.26 | old 2 -1.000 | new 5 +0.115
 WTA b365 parlay cap -200 [blend+2%]: 170 tickets, hit 0.212 (fair 0.201), avg +315, roi -0.128 z -0.98 | old 75 -0.231 | new 95 -0.045
 WTA b365 parlay cap -300 [blend+2%]: 437 tickets, hit 0.277 (fair 0.241), avg +251, roi -0.056 z -0.75 | old 208 -0.082 | new 229 -0.031
 WTA b365 parlay cap -150 [model+2%]: 65 tickets, hit 0.077 (fair 0.160), avg +427, roi -0.586 z -3.26 | old 9 -1.000 | new 56 -0.519
 WTA b365 parlay cap -200 [model+2%]: 389 tickets, hit 0.162 (fair 0.198), avg +326, roi -0.306 z -3.79 | old 128 -0.361 | new 261 -0.279
 WTA b365 parlay cap -300 [model+2%]: 666 tickets, hit 0.219 (fair 0.233), avg +267, roi -0.233 z -4.06 | old 238 -0.318 | new 428 -0.185
 tests at n300+: 266 straight, 28 parlay; expected by luck 0.062 + 0.751
 passed the bar: ['atp|b365|blend+2%|parlay -300'] · proven (not luck-sized): none
 VERDICT: NOT LUCRATIVE (a pass that looks like luck). atp|b365|blend+2%|parlay -300 (n 346, roi +0.034, profit z +0.39) clears the bar, but its profit z is under 2 and 0.81 passes were expected by luck alone. Nothing to act on. Research only.
✅ tennis heavy favorites: 11s · proven: {"proven": []}
study run done in 275s: 20/20 studies ok
✅ underdogs + favorites: 2s · proven: {"nfl": [], "nfl price check": false, "ncaaf": [], "ncaaf price check": false, "nba": [], "nba price check": false, "ncaab": [], "ncaab price check": true, "mlb": [], "mlb price check": false, "nhl": [], "nhl price check": true}
✅ over/unders: 9s · proven: {"nfl": true, "ncaaf": false, "nba": false, "ncaab": true, "mlb": false, "nhl": false}
✅ hockey: 16s · proven: null
✅ spread vs moneyline: 9s · proven: {"nfl": true, "ncaaf": false, "nba": false, "ncaab": false}
✅ puck lines / run lines: 5s · proven: null
✅ halves / first period: 1s · proven: null
✅ comebacks: 145s · proven: null
✅ trends: 9s · proven: {"proven": ["ncaab|rate|fav_cover", "ncaaf|rate|total"]}
✅ rigged / fade the public: 0s · proven: {"proven": []}
✅ self-check on our picks: 0s · proven: null
✅ situational spots: 16s · proven: {"nfl": [], "ncaaf": [], "nba": [], "ncaab": [], "mlb": [], "nhl": []}
✅ line movement + CLV: 2s · proven: {"proven": []}
✅ our engine vs the move (can it beat the pros?): 4s · proven: {"proven": []}
✅ the engine's strengths, sport by sport: 4s · proven: {"proven": ["nba"]}
THE CONTEXT STUDY: 584 tests with 300+ bets; bar z >= 3.5 + profit in both halves. Luck alone: ~0.136 false positives expected (fake no-edge results passed 0.0 on average); refs: officials.json loaded
nfl: 2770 games · proven - · confirmed - · killed -
   ref_home-|spread|dog         n=   440 roi old +0.016 new +0.101 edge +0.0529 z=+1.29
   any:out_dome|total|over      n=   461 roi old +0.057 new +0.025 edge +0.0444 z=+0.93
   div|spread|dog               n=   775 roi old +0.028 new +0.028 edge +0.0372 z=+0.82
   out_dome|ml|team             n=   449 roi old +0.121 new -0.031 edge +0.0396 z=+0.75
   any:dome_out|total|under     n=   456 roi old +0.014 new +0.040 edge +0.0374 z=+0.61
   nonconf|total|under          n=   565 roi old +0.072 new -0.040 edge +0.0312 z=+0.39
ncaaf: 9106 games · proven - · confirmed - · killed -
   any:east1000|total|under     n=   451 roi old +0.070 new +0.072 edge +0.0612 z=+1.59
   rival|spread|road            n=   301 roi old +0.018 new +0.124 edge +0.0612 z=+1.30
   rival|total|under            n=   303 roi old +0.073 new +0.064 edge +0.0610 z=+1.26
   west1000|ml|fade             n=   411 roi old -0.037 new +0.126 edge +0.0296 z=+0.66
   trip1000|ml|fade             n=   847 roi old -0.033 new +0.078 edge +0.0153 z=+0.50
   east1000|ml|team             n=   446 roi old +0.184 new -0.108 edge -0.0018 z=+0.42
nba: 12833 games · proven - · confirmed - · killed -
   any:rest|total|over          n=   328 roi old +0.140 new +0.105 edge +0.0881 z=+2.36
   ref_under|ml|road            n=   384 roi old +0.116 new +0.248 edge +0.0791 z=+2.33
   any:tank|total|over          n=   584 roi old +0.006 new +0.124 edge +0.0581 z=+1.66
   any:elim|total|over          n=   664 roi old -0.017 new +0.110 edge +0.0481 z=+1.26
   ref_under|ml|dog             n=   381 roi old +0.021 new +0.183 edge +0.0474 z=+1.19
   tank|spread|fade             n=   527 roi old +0.032 new +0.050 edge +0.0445 z=+0.99
ncaab: 59096 games · proven - · confirmed - · killed -
   ref_under|total|under        n=  2500 roi old +0.036 new +0.070 edge +0.0513 z=+2.81
   ref_over|total|over          n=  1501 roi old +0.064 new +0.018 edge +0.0454 z=+1.67
   rival|spread|home            n=   368 roi old +0.130 new -0.055 edge +0.0435 z=+0.76
   road3in6|spread|team         n=   491 roi old +0.006 new +0.058 edge +0.0403 z=+0.74
   rival|total|under            n=   371 roi old +0.084 new -0.042 edge +0.0342 z=+0.41
   rival|ml|home                n=   374 roi old +0.054 new -0.025 edge +0.0330 z=+0.30
mlb: 23245 games · proven - · confirmed - · killed -
   trip2000|ml|fade             n=   660 roi old +0.092 new -0.046 edge +0.0265 z=+0.58
   east1000|ml|team             n=  1398 roi old +0.041 new -0.011 edge +0.0239 z=+0.54
   nonconf|ml|road              n=  4275 roi old +0.039 new -0.032 edge +0.0179 z=+0.20
   any:west1000|total|over      n=  1442 roi old -0.027 new +0.030 edge +0.0236 z=+0.06
   trip1000|ml|team             n=  2475 roi old -0.005 new +0.002 edge +0.0156 z=-0.07
   ref_under|total|under        n=  3081 roi old +0.001 new -0.004 edge +0.0213 z=-0.09
nhl: 13223 games · proven - · confirmed - · killed -
   ref_home+|ml|road            n=   476 roi old +0.057 new -0.014 edge +0.0261 z=+0.41
   race|ml|team                 n=  1320 roi old +0.025 new -0.022 edge +0.0237 z=+0.04
   mustwin|ml|team              n=  1228 roi old +0.036 new -0.040 edge +0.0226 z=-0.07
   ref_home+|total|over         n=   461 roi old -0.023 new +0.001 edge +0.0164 z=-0.25
   trip2000|ml|fade             n=   525 roi old -0.023 new -0.001 edge +0.0093 z=-0.26
   any:west1000|total|over      n=  1323 roi old +0.006 new -0.022 edge +0.0197 z=-0.31
✅ context: rivalries, travel, domes, stakes, refs: 27s · proven: {"nfl": [], "ncaaf": [], "nba": [], "ncaab": [], "mlb": [], "nhl": []}
✅ early value plays: the early-price exam: 41s · proven: {"proven": ["mlb +8..12 (+100..+149 dogs)"]}
THE EXPLORER: tested 8867 NEW angles (69867 ever) in 34.8s
   new suspects: 0 (luck alone would give ~2.06) · promoted to PROVEN: 0 · killed: 0 · proven demoted: 0
   now watching 0 suspects · 0 proven · 0 killed
   TEAM TRENDS pooled across sports (all games so far; 'follow' = ride the trend, 'fade' = bet against it; the bar: 300+ bets, profit in both halves, z 3.5+):
   1st-quarter form|ml: n=24103 (2018-04-07..2026-09-27) follow hit 62.3% older / 63.0% newer (fair 61.3%, roi -0.024 / -0.025, z -3.98, edge z 4.56) · fade hit 37.7% / 37.0% (roi -0.096 / -0.147, z -12.33) -> no edge
   1st-quarter form|p1ml: n=14401 (2018-09-09..2026-09-27) follow hit 60.6% older / 61.4% newer (fair 59.7%, roi -0.031 / -0.035, z -4.55, edge z 3.4) · fade hit 39.4% / 38.6% (roi -0.082 / -0.117, z -9.07) -> no edge
   1st-quarter form|p1spread: n=14818 (2018-09-09..2026-09-27) follow hit 50.5% older / 50.0% newer (fair 50.0%, roi -0.043 / -0.059, z -6.59, edge z 0.55) · fade hit 49.5% / 50.0% (roi -0.060 / -0.059, z -7.69) -> no edge
   1st-quarter form|spread: n=21522 (2018-10-20..2026-06-14) follow hit 49.9% older / 50.4% newer (fair 50.0%, roi -0.046 / -0.036, z -6.3, edge z 0.54) · fade hit 50.1% / 49.6% (roi -0.044 / -0.053, z -7.38) -> no edge
   O/U streak 4+|total: n=15273 (2018-04-04..2026-10-01) follow hit 49.7% older / 50.7% newer (fair 50.0%, roi -0.052 / -0.031, z -5.35, edge z 0.38) · fade hit 50.3% / 49.3% (roi -0.037 / -0.058, z -6.08) -> no edge
   division record|ml: n=2515 (2018-09-09..2026-09-29) follow hit 64.4% older / 65.7% newer (fair 62.9%, roi +0.018 / -0.012, z 0.17, edge z 2.27) · fade hit 35.6% / 34.3% (roi -0.080 / -0.102, z -3.15) -> no edge
   division record|spread: n=1421 (2018-09-09..2026-09-27) follow hit 50.4% older / 49.2% newer (fair 50.0%, roi -0.035 / -0.059, z -1.86, edge z -0.14) · fade hit 49.6% / 50.8% (roi -0.052 / -0.027, z -1.57) -> no edge
   prime-time record|ml: n=189 (2018-09-17..2026-09-28) follow hit 59.6% older / 62.1% newer (fair 59.9%, roi -0.080 / +0.022, z -0.45, edge z 0.28) · fade hit 40.4% / 37.9% (roi -0.116 / -0.054, z -0.89) -> no edge
   prime-time record|spread: n=187 (2018-09-17..2026-09-28) follow hit 52.7% older / 47.9% newer (fair 50.0%, roi +0.010 / -0.085, z -0.54, edge z 0.08) · fade hit 47.3% / 52.1% (roi -0.090 / -0.007, z -0.69) -> no edge
   road ATS rate|spread: n=10343 (2018-11-04..2026-09-27) follow hit 48.9% older / 48.4% newer (fair 50.0%, roi -0.066 / -0.075, z -7.49, edge z -2.74) · fade hit 51.1% / 51.6% (roi -0.024 / -0.014, z -2.0) -> no edge
   season ATS rate|spread: n=13132 (2018-10-13..2026-04-04) follow hit 48.5% older / 49.1% newer (fair 50.0%, roi -0.073 / -0.061, z -8.06, edge z -2.72) · fade hit 51.5% / 50.9% (roi -0.016 / -0.028, z -2.61) -> no edge
   team ATS streak 3+|spread: n=16605 (2018-09-16..2026-09-26) follow hit 49.1% older / 49.6% newer (fair 50.0%, roi -0.061 / -0.052, z -7.65, edge z -1.64) · fade hit 50.9% / 50.4% (roi -0.028 / -0.037, z -4.38) -> no edge
   team ATS streak 5+|spread: n=4254 (2018-10-06..2026-06-09) follow hit 48.4% older / 48.2% newer (fair 50.0%, roi -0.076 / -0.078, z -5.27, edge z -2.22) · fade hit 51.6% / 51.8% (roi -0.014 / -0.009, z -0.81) -> no edge
✅ the explorer: NEW angles: 36s · proven: {"proven": []}
THE TENNIS EDGE STUDY: 64658 priced matches 2012-01-01 -> 2026-08-03 (older half < 2018-05-27 <= newer half) in 37.1s
   softest segments (a bias learned on the older half that still helps on the newer, mnats/match): WTA rank x10+ +1.15, WTA slam +0.91, WTA round sf+ +0.89, ATP indoor +0.78
   ATP: log loss pin 0.5752 / b365 0.5759 / avg 0.576 · margin pin 0.0253 b365 0.0605
   WTA: log loss pin 0.5903 / b365 0.5912 / avg 0.5908 · margin pin 0.0266 b365 0.0619
   line shop b365 >2% over pinnacle fair: n=4674 roi -0.066 / -0.032 (expected +0.063) edge z=2.68 · beats fair in 14% of matches
   line shop avg >2% over pinnacle fair: n=928 roi -0.164 / -0.045 (expected +0.067) edge z=-0.25 · beats fair in 4% of matches
   line shop max >2% over pinnacle fair: n=30043 roi +0.016 / +0.023 (expected +0.069) edge z=2.42 · beats fair in 73% of matches
   model vs market, newer half: pinnacle 0.597 · elo 0.6295 · model 0.6262 · blend 0.5969 (+0.100 mnats, z 1.07)
   bovada: 154 closing lines, margin 0.0453, 0 matched to pinnacle, 72 graded
   names -> ESPN ids: 0.8856 of 1556 names since ESPN's history (by tour {'atp': 0.9195, 'wta': 0.8534}), 0.9386 of match sides · birth dates for 0.9385 of sides (2807 bios on file)
   life atoms (122 read-outs at pinnacle): wta|pin|yvv:vet n=1818 roi +0.020 / -0.095 z 1.53 / -1.45, wta|pin|age:teen n=4296 roi +0.006 / +0.007 z 1.07 / 1.99, wta|pin|tvv:vet n=483 roi +0.046 / -0.126 z 0.51 / -1.2, atp|pin|age:teen n=2324 roi +0.015 / +0.006 z 0.28 / 1.94
   registry: tested 3824 new angles (34210 ever) · new suspects 2 · promoted 0 · killed 2 · luck would give ~7.96 suspects / 0.1811 proven ever
   fixed tests: 543 this run, 1 pass the bar (luck ~0.252)
   NEW SUSPECT atp|avg|p:80+&rest:2-3: older half n=1220 roi +0.001 edge z=5.77 | newer half n=1052 roi -0.016 edge z=3.04
   NEW SUSPECT atp|pin|p:80+&rest:2-3: older half n=1220 roi +0.013 edge z=3.81 | newer half n=1052 roi -0.005 edge z=1.67
   KILLED atp|avg|p:80+&rest:2-3: older half n=1220 roi +0.001 edge z=5.77 | newer half n=1052 roi -0.016 edge z=3.04
   KILLED atp|pin|p:80+&rest:2-3: older half n=1220 roi +0.013 edge z=3.81 | newer half n=1052 roi -0.005 edge z=1.67
   PASSES price 90-100% wta at max: n=1231 roi +0.012 / +0.029 z=3.87 (NOT a gettable price)
   closest angle: wta|pin|ostrk:w3&rk:11-30 n=2075 roi +0.087 / -0.031 z older 3.01 all 1.69
   closest angle: wta|avg|p:80+&strk:l2 n=713 roi +0.002 / +0.013 z older 3.01 all 4.75
   closest angle: wta|b365|ostrk:w3&rk:11-30 n=2075 roi +0.043 / -0.062 z older 2.98 all 1.69
   closest fixed: line shop b365 all fav gap>0% n=2020 roi +0.044 / +0.008 z=4.48
   closest fixed: line shop b365 atp fav gap>0% n=970 roi +0.067 / +0.007 z=3.45
   closest fixed: line shop b365 wta fav gap>0% n=1050 roi +0.026 / +0.010 z=2.9
   PROVEN: nothing
✅ tennis edge: 37s · proven: {"proven": []}
first set ATP: 32132 matches, implied log loss 0.62855 (match chance as set-1 chance 0.63577, coin 0.69315)
  crew overperformance: closest >= 0.05: n 19692, hit 0.5266 vs implied 0.5218, z 1.41 (vs recalibrated 0.73), ROI -0.0502 (older -0.0615, newer -0.0399) - z 1.41 < 3.5; older ROI -0.0615 <= 0; newer ROI -0.0399 <= 0
  crew raw_rate: closest >= 0.10: n 15498, hit 0.6247 vs implied 0.608, z 4.4 (vs recalibrated 1.16), ROI -0.0269 (older -0.0388, newer -0.016) - older ROI -0.0388 <= 0; newer ROI -0.016 <= 0
first set WTA: 32523 matches, implied log loss 0.62585 (match chance as set-1 chance 0.62643, coin 0.69315)
  crew overperformance: closest >= 0.15: n 8372, hit 0.5631 vs implied 0.549, z 2.69 (vs recalibrated 1.03), ROI -0.0357 (older -0.0422, newer -0.0286) - z 2.69 < 3.5; older ROI -0.0422 <= 0; newer ROI -0.0286 <= 0
  crew raw_rate: closest >= 0.20: n 8256, hit 0.6662 vs implied 0.638, z 5.49 (vs recalibrated 0.74), ROI -0.0109 (older -0.0057, newer -0.0164) - older ROI -0.0057 <= 0; newer ROI -0.0164 <= 0
first set real Bovada lines: 0 captured, 0 matched (test runs at 300) · 3.9s
✅ tennis first set: 4s · proven: {"proven": []}
HEAVY TENNIS FAVORITES (research only): 64658 priced matches 2012-01-01 -> 2026-01-14, split 2018-05-27, 53807 rated
 ATP pin straights [all]
    -101..-150: n  7563 win 0.541 fair 0.547 roi -0.035 z_edge -1.02 | old n 3291 roi -0.035 | new n 4272 roi -0.036
    -151..-200: n  6518 win 0.604 fair 0.619 roi -0.048 z_edge -2.43 | old n 2813 roi -0.043 | new n 3705 roi -0.052
    -201..-300: n  6514 win 0.698 fair 0.691 roi -0.014 z_edge +1.31 | old n 3112 roi -0.020 | new n 3402 roi -0.009
    -301..-500: n  5611 win 0.784 fair 0.771 roi -0.007 z_edge +2.42 | old n 2841 roi +0.006 | new n 2770 roi -0.020
         -500+: n  5778 win 0.896 fair 0.884 roi -0.009 z_edge +3.26 | old n 3246 roi -0.009 | new n 2532 roi -0.009
 ATP pin straights [blend+2%]
    -101..-150: n   116 win 0.560 fair 0.552 roi -0.012 z_edge +0.19 | old n 69 roi +0.043 | new n 47 roi -0.092
    -151..-200: n   207 win 0.551 fair 0.620 roi -0.134 z_edge -1.99 | old n 129 roi -0.072 | new n 78 roi -0.235
    -201..-300: n   233 win 0.717 fair 0.691 roi +0.011 z_edge +0.87 | old n 161 roi +0.017 | new n 72 roi -0.001
    -301..-500: n   173 win 0.775 fair 0.771 roi -0.021 z_edge +0.10 | old n 132 roi -0.014 | new n 41 roi -0.043
         -500+: n    35 win 0.914 fair 0.841 roi +0.060 z_edge +1.51 | old n 30 roi +0.083 | new n 5 roi -0.074
 ATP pin straights [model+2%]
    -101..-150: n  2343 win 0.527 fair 0.545 roi -0.055 z_edge -1.74 | old n 975 roi -0.042 | new n 1368 roi -0.065
    -151..-200: n  1544 win 0.589 fair 0.617 roi -0.068 z_edge -2.19 | old n 591 roi -0.076 | new n 953 roi -0.064
    -201..-300: n  1220 win 0.686 fair 0.689 roi -0.027 z_edge -0.20 | old n 461 roi -0.022 | new n 759 roi -0.030
    -301..-500: n   696 win 0.783 fair 0.768 roi -0.004 z_edge +0.99 | old n 274 roi +0.010 | new n 422 roi -0.014
         -500+: n   345 win 0.870 fair 0.868 roi -0.022 z_edge +0.10 | old n 126 roi +0.003 | new n 219 roi -0.037
 ATP b365 straights [all]
    -101..-150: n  4071 win 0.529 fair 0.539 roi -0.078 z_edge -1.38 | old n 1278 roi -0.087 | new n 2793 roi -0.074
    -151..-200: n  8140 win 0.585 fair 0.599 roi -0.082 z_edge -2.43 | old n 3777 roi -0.089 | new n 4363 roi -0.076
    -201..-300: n  5979 win 0.676 fair 0.671 roi -0.052 z_edge +0.88 | old n 2913 roi -0.066 | new n 3066 roi -0.040
    -301..-500: n  6606 win 0.761 fair 0.748 roi -0.038 z_edge +2.53 | old n 3213 roi -0.038 | new n 3393 roi -0.037
         -500+: n  6547 win 0.885 fair 0.864 roi -0.027 z_edge +5.31 | old n 3868 roi -0.030 | new n 2679 roi -0.023
 ATP b365 straights [blend+2%]
    -101..-150: n   649 win 0.508 fair 0.539 roi -0.113 z_edge -1.56 | old n 189 roi -0.091 | new n 460 roi -0.122
    -151..-200: n  1317 win 0.616 fair 0.598 roi -0.033 z_edge +1.30 | old n 569 roi -0.066 | new n 748 roi -0.007
    -201..-300: n  1263 win 0.710 fair 0.671 roi -0.005 z_edge +3.07 | old n 649 roi -0.000 | new n 614 roi -0.011
    -301..-500: n  1607 win 0.779 fair 0.751 roi -0.020 z_edge +2.69 | old n 785 roi -0.021 | new n 822 roi -0.019
         -500+: n  1659 win 0.882 fair 0.850 roi -0.017 z_edge +4.13 | old n 895 roi -0.021 | new n 764 roi -0.012
 ATP b365 straights [model+2%]
    -101..-150: n  1242 win 0.510 fair 0.538 roi -0.108 z_edge -2.01 | old n 385 roi -0.108 | new n 857 roi -0.108
    -151..-200: n  2075 win 0.571 fair 0.598 roi -0.103 z_edge -2.46 | old n 865 roi -0.139 | new n 1210 roi -0.077
    -201..-300: n  1161 win 0.677 fair 0.670 roi -0.050 z_edge +0.49 | old n 468 roi -0.041 | new n 693 roi -0.056
    -301..-500: n  1028 win 0.743 fair 0.746 roi -0.057 z_edge -0.18 | old n 404 roi -0.071 | new n 624 roi -0.048
         -500+: n   573 win 0.843 fair 0.850 roi -0.061 z_edge -0.48 | old n 229 roi -0.058 | new n 344 roi -0.063
 WTA pin straights [all]
    -101..-150: n  8256 win 0.534 fair 0.545 roi -0.047 z_edge -2.12 | old n 3924 roi -0.047 | new n 4332 roi -0.046
    -151..-200: n  6885 win 0.617 fair 0.618 roi -0.027 z_edge -0.15 | old n 3194 roi -0.029 | new n 3691 roi -0.025
    -201..-300: n  6803 win 0.694 fair 0.690 roi -0.020 z_edge +0.77 | old n 3338 roi -0.022 | new n 3465 roi -0.018
    -301..-500: n  5806 win 0.772 fair 0.769 roi -0.023 z_edge +0.48 | old n 2800 roi -0.024 | new n 3006 roi -0.022
         -500+: n  4649 win 0.892 fair 0.873 roi -0.005 z_edge +4.20 | old n 2399 roi -0.010 | new n 2250 roi +0.001
 WTA pin straights [blend+2%]
    -101..-150: n   156 win 0.545 fair 0.551 roi -0.033 z_edge -0.15 | old n 79 roi -0.176 | new n 77 roi +0.113
    -151..-200: n   219 win 0.676 fair 0.617 roi +0.066 z_edge +1.87 | old n 122 roi +0.049 | new n 97 roi +0.089
    -201..-300: n   271 win 0.727 fair 0.690 roi +0.028 z_edge +1.37 | old n 194 roi -0.005 | new n 77 roi +0.109
    -301..-500: n   209 win 0.794 fair 0.763 roi +0.013 z_edge +1.11 | old n 128 roi +0.033 | new n 81 roi -0.020
         -500+: n    36 win 0.861 fair 0.831 roi +0.010 z_edge +0.52 | old n 25 roi -0.018 | new n 11 roi +0.073
 WTA pin straights [model+2%]
    -101..-150: n  2537 win 0.527 fair 0.544 roi -0.057 z_edge -1.73 | old n 1079 roi -0.079 | new n 1458 roi -0.041
    -151..-200: n  1628 win 0.591 fair 0.617 roi -0.068 z_edge -2.16 | old n 601 roi -0.042 | new n 1027 roi -0.084
    -201..-300: n  1219 win 0.699 fair 0.688 roi -0.010 z_edge +0.85 | old n 449 roi -0.018 | new n 770 roi -0.005
    -301..-500: n   737 win 0.786 fair 0.765 roi -0.001 z_edge +1.35 | old n 241 roi +0.031 | new n 496 roi -0.017
         -500+: n   246 win 0.911 fair 0.854 roi +0.039 z_edge +3.13 | old n 91 roi -0.002 | new n 155 roi +0.064
 WTA b365 straights [all]
    -101..-150: n  4354 win 0.519 fair 0.539 roi -0.094 z_edge -2.61 | old n 1541 roi -0.097 | new n 2813 roi -0.093
    -151..-200: n  8799 win 0.594 fair 0.598 roi -0.068 z_edge -0.85 | old n 4404 roi -0.084 | new n 4395 roi -0.052
    -201..-300: n  6169 win 0.676 fair 0.671 roi -0.053 z_edge +0.82 | old n 3041 roi -0.056 | new n 3128 roi -0.051
    -301..-500: n  6726 win 0.754 fair 0.748 roi -0.048 z_edge +1.13 | old n 3280 roi -0.061 | new n 3446 roi -0.035
         -500+: n  5470 win 0.878 fair 0.854 roi -0.026 z_edge +5.44 | old n 2984 roi -0.035 | new n 2486 roi -0.016
 WTA b365 straights [blend+2%]
    -101..-150: n   715 win 0.568 fair 0.539 roi -0.009 z_edge +1.53 | old n 249 roi -0.102 | new n 466 roi +0.041
    -151..-200: n  1601 win 0.621 fair 0.600 roi -0.028 z_edge +1.73 | old n 781 roi -0.064 | new n 820 roi +0.006
    -201..-300: n  1404 win 0.702 fair 0.670 roi -0.017 z_edge +2.54 | old n 755 roi -0.006 | new n 649 roi -0.029
    -301..-500: n  1586 win 0.772 fair 0.750 roi -0.027 z_edge +2.19 | old n 811 roi -0.048 | new n 775 roi -0.005
         -500+: n  1393 win 0.877 fair 0.846 roi -0.020 z_edge +3.60 | old n 749 roi -0.020 | new n 644 roi -0.019
 WTA b365 straights [model+2%]
    -101..-150: n  1375 win 0.520 fair 0.539 roi -0.093 z_edge -1.42 | old n 438 roi -0.127 | new n 937 roi -0.077
    -151..-200: n  2181 win 0.577 fair 0.598 roi -0.093 z_edge -1.92 | old n 888 roi -0.096 | new n 1293 roi -0.090
    -201..-300: n  1229 win 0.679 fair 0.670 roi -0.047 z_edge +0.68 | old n 472 roi -0.037 | new n 757 roi -0.054
    -301..-500: n  1018 win 0.746 fair 0.745 roi -0.054 z_edge +0.03 | old n 354 roi -0.071 | new n 664 roi -0.045
         -500+: n   429 win 0.897 fair 0.840 roi +0.011 z_edge +3.94 | old n 171 roi -0.024 | new n 258 roi +0.034
 ATP pin parlay cap -150 [all]: 1224 tickets, hit 0.166 (fair 0.171), avg +444, roi -0.111 z -1.94 | old 529 -0.073 | new 695 -0.141
 ATP pin parlay cap -200 [all]: 2097 tickets, hit 0.211 (fair 0.222), avg +325, roi -0.114 z -3.02 | old 946 -0.141 | new 1151 -0.092
 ATP pin parlay cap -300 [all]: 2501 tickets, hit 0.304 (fair 0.295), avg +225, roi -0.049 z -1.66 | old 1164 -0.055 | new 1337 -0.043
 ATP pin parlay cap -200 [blend+2%]: 6 tickets, hit 0.000 (fair 0.211), avg +341, roi -1.000 z +0.00 | old 3 -1.000 | new 3 -1.000
 ATP pin parlay cap -300 [blend+2%]: 18 tickets, hit 0.167 (fair 0.260), avg +265, roi -0.481 z -1.70 | old 8 -0.202 | new 10 -0.705
 ATP pin parlay cap -150 [model+2%]: 187 tickets, hit 0.150 (fair 0.163), avg +472, roi -0.157 z -1.06 | old 70 -0.378 | new 117 -0.025
 ATP pin parlay cap -200 [model+2%]: 507 tickets, hit 0.175 (fair 0.199), avg +373, roi -0.186 z -2.35 | old 185 -0.318 | new 322 -0.111
 ATP pin parlay cap -300 [model+2%]: 765 tickets, hit 0.224 (fair 0.236), avg +308, roi -0.128 z -2.13 | old 296 -0.149 | new 469 -0.115
 ATP b365 parlay cap -150 [all]: 498 tickets, hit 0.112 (fair 0.162), avg +418, roi -0.422 z -5.79 | old 105 -0.495 | new 393 -0.403
 ATP b365 parlay cap -200 [all]: 1909 tickets, hit 0.195 (fair 0.213), avg +294, roi -0.239 z -6.72 | old 818 -0.301 | new 1091 -0.193
 ATP b365 parlay cap -300 [all]: 2394 tickets, hit 0.273 (fair 0.271), avg +216, roi -0.176 z -6.31 | old 1103 -0.221 | new 1291 -0.137
 ATP b365 parlay cap -150 [blend+2%]: 9 tickets, hit 0.222 (fair 0.166), avg +413, roi +0.128 z +0.17 | old 1 +4.325 | new 8 -0.397
 ATP b365 parlay cap -200 [blend+2%]: 141 tickets, hit 0.270 (fair 0.197), avg +329, roi +0.133 z +0.83 | old 35 +0.169 | new 106 +0.121
 ATP b365 parlay cap -300 [blend+2%]: 346 tickets, hit 0.303 (fair 0.242), avg +252, roi +0.034 z +0.39 | old 141 +0.030 | new 205 +0.037
 ATP b365 parlay cap -150 [model+2%]: 49 tickets, hit 0.102 (fair 0.159), avg +430, roi -0.467 z -2.04 | old 4 +0.331 | new 45 -0.538
 ATP b365 parlay cap -200 [model+2%]: 390 tickets, hit 0.197 (fair 0.198), avg +324, roi -0.192 z -2.32 | old 127 -0.262 | new 263 -0.159
 ATP b365 parlay cap -300 [model+2%]: 631 tickets, hit 0.224 (fair 0.230), avg +271, roi -0.206 z -3.45 | old 218 -0.242 | new 413 -0.187
 WTA pin parlay cap -150 [all]: 1308 tickets, hit 0.161 (fair 0.170), avg +445, roi -0.126 z -2.28 | old 602 -0.151 | new 706 -0.105
 WTA pin parlay cap -200 [all]: 2270 tickets, hit 0.207 (fair 0.220), avg +328, roi -0.134 z -3.71 | old 1043 -0.135 | new 1227 -0.133
 WTA pin parlay cap -300 [all]: 2680 tickets, hit 0.289 (fair 0.291), avg +230, roi -0.087 z -3.08 | old 1260 -0.082 | new 1420 -0.092
 WTA pin parlay cap -200 [blend+2%]: 5 tickets, hit 0.600 (fair 0.201), avg +362, roi +1.674 z +1.51 | old 2 -1.000 | new 3 +3.457
 WTA pin parlay cap -300 [blend+2%]: 13 tickets, hit 0.538 (fair 0.237), avg +295, roi +1.124 z +1.94 | old 5 +0.394 | new 8 +1.580
 WTA pin parlay cap -150 [model+2%]: 205 tickets, hit 0.112 (fair 0.163), avg +468, roi -0.367 z -2.94 | old 86 -0.412 | new 119 -0.335
 WTA pin parlay cap -200 [model+2%]: 543 tickets, hit 0.160 (fair 0.197), avg +377, roi -0.236 z -3.11 | old 205 -0.242 | new 338 -0.232
 WTA pin parlay cap -300 [model+2%]: 804 tickets, hit 0.224 (fair 0.238), avg +305, roi -0.148 z -2.57 | old 301 -0.045 | new 503 -0.210
 WTA b365 parlay cap -150 [all]: 542 tickets, hit 0.120 (fair 0.161), avg +419, roi -0.376 z -5.16 | old 151 -0.519 | new 391 -0.321
 WTA b365 parlay cap -200 [all]: 2061 tickets, hit 0.190 (fair 0.213), avg +295, roi -0.259 z -7.66 | old 935 -0.269 | new 1126 -0.251
 WTA b365 parlay cap -300 [all]: 2541 tickets, hit 0.269 (fair 0.270), avg +217, roi -0.171 z -6.20 | old 1181 -0.192 | new 1360 -0.152
 WTA b365 parlay cap -150 [blend+2%]: 7 tickets, hit 0.143 (fair 0.157), avg +435, roi -0.204 z -0.26 | old 2 -1.000 | new 5 +0.115
 WTA b365 parlay cap -200 [blend+2%]: 170 tickets, hit 0.212 (fair 0.201), avg +315, roi -0.128 z -0.98 | old 75 -0.231 | new 95 -0.045
 WTA b365 parlay cap -300 [blend+2%]: 437 tickets, hit 0.277 (fair 0.241), avg +251, roi -0.056 z -0.75 | old 208 -0.082 | new 229 -0.031
 WTA b365 parlay cap -150 [model+2%]: 65 tickets, hit 0.077 (fair 0.160), avg +427, roi -0.586 z -3.26 | old 9 -1.000 | new 56 -0.519
 WTA b365 parlay cap -200 [model+2%]: 389 tickets, hit 0.162 (fair 0.198), avg +326, roi -0.306 z -3.79 | old 128 -0.361 | new 261 -0.279
 WTA b365 parlay cap -300 [model+2%]: 666 tickets, hit 0.219 (fair 0.233), avg +267, roi -0.233 z -4.06 | old 238 -0.318 | new 428 -0.185
 tests at n300+: 266 straight, 28 parlay; expected by luck 0.062 + 0.751
 passed the bar: ['atp|b365|blend+2%|parlay -300'] · proven (not luck-sized): none
 VERDICT: NOT LUCRATIVE (a pass that looks like luck). atp|b365|blend+2%|parlay -300 (n 346, roi +0.034, profit z +0.39) clears the bar, but its profit z is under 2 and 0.81 passes were expected by luck alone. Nothing to act on. Research only.
✅ tennis heavy favorites: 13s · proven: {"proven": []}
study run done in 381s: 20/20 studies ok
✅ underdogs + favorites: 2s · proven: {"nfl": [], "nfl price check": false, "ncaaf": [], "ncaaf price check": false, "nba": [], "nba price check": false, "ncaab": [], "ncaab price check": true, "mlb": [], "mlb price check": false, "nhl": [], "nhl price check": true}
✅ over/unders: 8s · proven: {"nfl": true, "ncaaf": false, "nba": false, "ncaab": true, "mlb": false, "nhl": false}
✅ hockey: 13s · proven: null
✅ spread vs moneyline: 8s · proven: {"nfl": true, "ncaaf": false, "nba": false, "ncaab": false}
✅ puck lines / run lines: 5s · proven: null
✅ halves / first period: 1s · proven: null
✅ comebacks: 147s · proven: null
✅ trends: 7s · proven: {"proven": ["ncaab|rate|fav_cover", "ncaaf|rate|total"]}
✅ rigged / fade the public: 0s · proven: {"proven": []}
✅ self-check on our picks: 0s · proven: null
✅ situational spots: 12s · proven: {"nfl": [], "ncaaf": [], "nba": [], "ncaab": [], "mlb": [], "nhl": []}
✅ line movement + CLV: 2s · proven: {"proven": []}
✅ our engine vs the move (can it beat the pros?): 4s · proven: {"proven": []}
✅ the engine's strengths, sport by sport: 4s · proven: {"proven": ["nba"]}
THE CONTEXT STUDY: 584 tests with 300+ bets; bar z >= 3.5 + profit in both halves. Luck alone: ~0.136 false positives expected (fake no-edge results passed 0.0 on average); refs: officials.json loaded
nfl: 2770 games · proven - · confirmed - · killed -
   ref_home-|spread|dog         n=   440 roi old +0.016 new +0.101 edge +0.0529 z=+1.29
   any:out_dome|total|over      n=   461 roi old +0.057 new +0.025 edge +0.0444 z=+0.93
   div|spread|dog               n=   775 roi old +0.028 new +0.028 edge +0.0372 z=+0.82
   out_dome|ml|team             n=   449 roi old +0.121 new -0.031 edge +0.0396 z=+0.75
   any:dome_out|total|under     n=   456 roi old +0.014 new +0.040 edge +0.0374 z=+0.61
   nonconf|total|under          n=   565 roi old +0.072 new -0.040 edge +0.0312 z=+0.39
ncaaf: 9106 games · proven - · confirmed - · killed -
   any:east1000|total|under     n=   451 roi old +0.070 new +0.072 edge +0.0612 z=+1.59
   rival|spread|road            n=   301 roi old +0.018 new +0.124 edge +0.0612 z=+1.30
   rival|total|under            n=   303 roi old +0.073 new +0.064 edge +0.0610 z=+1.26
   west1000|ml|fade             n=   411 roi old -0.037 new +0.126 edge +0.0296 z=+0.66
   trip1000|ml|fade             n=   847 roi old -0.033 new +0.078 edge +0.0153 z=+0.50
   east1000|ml|team             n=   446 roi old +0.184 new -0.108 edge -0.0018 z=+0.42
nba: 12833 games · proven - · confirmed - · killed -
   any:rest|total|over          n=   328 roi old +0.140 new +0.105 edge +0.0881 z=+2.36
   ref_under|ml|road            n=   384 roi old +0.116 new +0.248 edge +0.0791 z=+2.33
   any:tank|total|over          n=   584 roi old +0.006 new +0.124 edge +0.0581 z=+1.66
   any:elim|total|over          n=   664 roi old -0.017 new +0.110 edge +0.0481 z=+1.26
   ref_under|ml|dog             n=   381 roi old +0.021 new +0.183 edge +0.0474 z=+1.19
   tank|spread|fade             n=   527 roi old +0.032 new +0.050 edge +0.0445 z=+0.99
ncaab: 59096 games · proven - · confirmed - · killed -
   ref_under|total|under        n=  2500 roi old +0.036 new +0.070 edge +0.0513 z=+2.81
   ref_over|total|over          n=  1501 roi old +0.064 new +0.018 edge +0.0454 z=+1.67
   rival|spread|home            n=   368 roi old +0.130 new -0.055 edge +0.0435 z=+0.76
   road3in6|spread|team         n=   491 roi old +0.006 new +0.058 edge +0.0403 z=+0.74
   rival|total|under            n=   371 roi old +0.084 new -0.042 edge +0.0342 z=+0.41
   rival|ml|home                n=   374 roi old +0.054 new -0.025 edge +0.0330 z=+0.30
mlb: 23245 games · proven - · confirmed - · killed -
   trip2000|ml|fade             n=   660 roi old +0.092 new -0.046 edge +0.0265 z=+0.58
   east1000|ml|team             n=  1398 roi old +0.041 new -0.011 edge +0.0239 z=+0.54
   nonconf|ml|road              n=  4275 roi old +0.039 new -0.032 edge +0.0179 z=+0.20
   any:west1000|total|over      n=  1442 roi old -0.027 new +0.030 edge +0.0236 z=+0.06
   trip1000|ml|team             n=  2475 roi old -0.005 new +0.002 edge +0.0156 z=-0.07
   ref_under|total|under        n=  3081 roi old +0.001 new -0.004 edge +0.0213 z=-0.09
nhl: 13223 games · proven - · confirmed - · killed -
   ref_home+|ml|road            n=   476 roi old +0.057 new -0.014 edge +0.0261 z=+0.41
   race|ml|team                 n=  1320 roi old +0.025 new -0.022 edge +0.0237 z=+0.04
   mustwin|ml|team              n=  1228 roi old +0.036 new -0.040 edge +0.0226 z=-0.07
   ref_home+|total|over         n=   461 roi old -0.023 new +0.001 edge +0.0164 z=-0.25
   trip2000|ml|fade             n=   525 roi old -0.023 new -0.001 edge +0.0093 z=-0.26
   any:west1000|total|over      n=  1323 roi old +0.006 new -0.022 edge +0.0197 z=-0.31
✅ context: rivalries, travel, domes, stakes, refs: 27s · proven: {"nfl": [], "ncaaf": [], "nba": [], "ncaab": [], "mlb": [], "nhl": []}
✅ early value plays: the early-price exam: 40s · proven: {"proven": ["mlb +8..12 (+100..+149 dogs)"]}
THE EXPLORER: tested 6000 NEW angles (75867 ever) in 29.3s
   new suspects: 0 (luck alone would give ~1.4) · promoted to PROVEN: 0 · killed: 0 · proven demoted: 0
   now watching 0 suspects · 0 proven · 0 killed
   TEAM TRENDS pooled across sports (all games so far; 'follow' = ride the trend, 'fade' = bet against it; the bar: 300+ bets, profit in both halves, z 3.5+):
   1st-quarter form|ml: n=24103 (2018-04-07..2026-09-27) follow hit 62.3% older / 63.0% newer (fair 61.3%, roi -0.024 / -0.025, z -3.98, edge z 4.56) · fade hit 37.7% / 37.0% (roi -0.096 / -0.147, z -12.33) -> no edge
   1st-quarter form|p1ml: n=14401 (2018-09-09..2026-09-27) follow hit 60.6% older / 61.4% newer (fair 59.7%, roi -0.031 / -0.035, z -4.55, edge z 3.4) · fade hit 39.4% / 38.6% (roi -0.082 / -0.117, z -9.07) -> no edge
   1st-quarter form|p1spread: n=14818 (2018-09-09..2026-09-27) follow hit 50.5% older / 50.0% newer (fair 50.0%, roi -0.043 / -0.059, z -6.59, edge z 0.55) · fade hit 49.5% / 50.0% (roi -0.060 / -0.059, z -7.69) -> no edge
   1st-quarter form|spread: n=21522 (2018-10-20..2026-06-14) follow hit 49.9% older / 50.4% newer (fair 50.0%, roi -0.046 / -0.036, z -6.3, edge z 0.54) · fade hit 50.1% / 49.6% (roi -0.044 / -0.053, z -7.38) -> no edge
   O/U streak 4+|total: n=15273 (2018-04-04..2026-10-01) follow hit 49.7% older / 50.7% newer (fair 50.0%, roi -0.052 / -0.031, z -5.35, edge z 0.38) · fade hit 50.3% / 49.3% (roi -0.037 / -0.058, z -6.08) -> no edge
   division record|ml: n=2515 (2018-09-09..2026-09-29) follow hit 64.4% older / 65.7% newer (fair 62.9%, roi +0.018 / -0.012, z 0.17, edge z 2.27) · fade hit 35.6% / 34.3% (roi -0.080 / -0.102, z -3.15) -> no edge
   division record|spread: n=1421 (2018-09-09..2026-09-27) follow hit 50.4% older / 49.2% newer (fair 50.0%, roi -0.035 / -0.059, z -1.86, edge z -0.14) · fade hit 49.6% / 50.8% (roi -0.052 / -0.027, z -1.57) -> no edge
   prime-time record|ml: n=189 (2018-09-17..2026-09-28) follow hit 59.6% older / 62.1% newer (fair 59.9%, roi -0.080 / +0.022, z -0.45, edge z 0.28) · fade hit 40.4% / 37.9% (roi -0.116 / -0.054, z -0.89) -> no edge
   prime-time record|spread: n=187 (2018-09-17..2026-09-28) follow hit 52.7% older / 47.9% newer (fair 50.0%, roi +0.010 / -0.085, z -0.54, edge z 0.08) · fade hit 47.3% / 52.1% (roi -0.090 / -0.007, z -0.69) -> no edge
   road ATS rate|spread: n=10343 (2018-11-04..2026-09-27) follow hit 48.9% older / 48.4% newer (fair 50.0%, roi -0.066 / -0.075, z -7.49, edge z -2.74) · fade hit 51.1% / 51.6% (roi -0.024 / -0.014, z -2.0) -> no edge
   season ATS rate|spread: n=13132 (2018-10-13..2026-04-04) follow hit 48.5% older / 49.1% newer (fair 50.0%, roi -0.073 / -0.061, z -8.06, edge z -2.72) · fade hit 51.5% / 50.9% (roi -0.016 / -0.028, z -2.61) -> no edge
   team ATS streak 3+|spread: n=16605 (2018-09-16..2026-09-26) follow hit 49.1% older / 49.6% newer (fair 50.0%, roi -0.061 / -0.052, z -7.65, edge z -1.64) · fade hit 50.9% / 50.4% (roi -0.028 / -0.037, z -4.38) -> no edge
   team ATS streak 5+|spread: n=4254 (2018-10-06..2026-06-09) follow hit 48.4% older / 48.2% newer (fair 50.0%, roi -0.076 / -0.078, z -5.27, edge z -2.22) · fade hit 51.6% / 51.8% (roi -0.014 / -0.009, z -0.81) -> no edge
✅ the explorer: NEW angles: 30s · proven: {"proven": []}
THE TENNIS EDGE STUDY: 64658 priced matches 2012-01-01 -> 2026-08-03 (older half < 2018-05-27 <= newer half) in 26.1s
   softest segments (a bias learned on the older half that still helps on the newer, mnats/match): WTA rank x10+ +1.15, WTA slam +0.91, WTA round sf+ +0.89, ATP indoor +0.78
   ATP: log loss pin 0.5752 / b365 0.5759 / avg 0.576 · margin pin 0.0253 b365 0.0605
   WTA: log loss pin 0.5903 / b365 0.5912 / avg 0.5908 · margin pin 0.0266 b365 0.0619
   line shop b365 >2% over pinnacle fair: n=4674 roi -0.066 / -0.032 (expected +0.063) edge z=2.68 · beats fair in 14% of matches
   line shop avg >2% over pinnacle fair: n=928 roi -0.164 / -0.045 (expected +0.067) edge z=-0.25 · beats fair in 4% of matches
   line shop max >2% over pinnacle fair: n=30043 roi +0.016 / +0.023 (expected +0.069) edge z=2.42 · beats fair in 73% of matches
   model vs market, newer half: pinnacle 0.597 · elo 0.6295 · model 0.6262 · blend 0.5969 (+0.100 mnats, z 1.07)
   bovada: 154 closing lines, margin 0.0453, 0 matched to pinnacle, 94 graded
   names -> ESPN ids: 0.8856 of 1556 names since ESPN's history (by tour {'atp': 0.9195, 'wta': 0.8534}), 0.9386 of match sides · birth dates for 0.9385 of sides (2807 bios on file)
   life atoms (122 read-outs at pinnacle): wta|pin|yvv:vet n=1818 roi +0.020 / -0.095 z 1.53 / -1.45, wta|pin|age:teen n=4296 roi +0.006 / +0.007 z 1.07 / 1.99, wta|pin|tvv:vet n=483 roi +0.046 / -0.126 z 0.51 / -1.2, atp|pin|age:teen n=2324 roi +0.015 / +0.006 z 0.28 / 1.94
   registry: tested 3570 new angles (37780 ever) · new suspects 1 · promoted 0 · killed 1 · luck would give ~8.79 suspects / 0.1999 proven ever
   fixed tests: 543 this run, 1 pass the bar (luck ~0.252)
   NEW SUSPECT atp|avg|age:prime&agegap:+4-8&ork:100+: older half n=440 roi +0.029 edge z=3.71 | newer half n=578 roi -0.051 edge z=0.59
   KILLED atp|avg|age:prime&agegap:+4-8&ork:100+: older half n=440 roi +0.029 edge z=3.71 | newer half n=578 roi -0.051 edge z=0.59
   PASSES price 90-100% wta at max: n=1231 roi +0.012 / +0.029 z=3.87 (NOT a gettable price)
   closest angle: atp|b365|age:prime&agegap:+4-8&ork:100+ n=1015 roi +0.018 / -0.052 z older 3.46 all 2.53
   closest angle: atp|avg|age:prime&court:indoor&p:65-80 n=1164 roi +0.020 / -0.007 z older 3.37 all 3.74
   closest angle: atp|pin|age:prime&agegap:+4-8&ork:100+ n=1019 roi +0.053 / -0.028 z older 3.31 all 2.38
   closest fixed: line shop b365 all fav gap>0% n=2020 roi +0.044 / +0.008 z=4.48
   closest fixed: line shop b365 atp fav gap>0% n=970 roi +0.067 / +0.007 z=3.45
   closest fixed: line shop b365 wta fav gap>0% n=1050 roi +0.026 / +0.010 z=2.9
   PROVEN: nothing
✅ tennis edge: 26s · proven: {"proven": []}
first set ATP: 32132 matches, implied log loss 0.62855 (match chance as set-1 chance 0.63577, coin 0.69315)
  crew overperformance: closest >= 0.05: n 19692, hit 0.5266 vs implied 0.5218, z 1.41 (vs recalibrated 0.73), ROI -0.0502 (older -0.0615, newer -0.0399) - z 1.41 < 3.5; older ROI -0.0615 <= 0; newer ROI -0.0399 <= 0
  crew raw_rate: closest >= 0.10: n 15498, hit 0.6247 vs implied 0.608, z 4.4 (vs recalibrated 1.16), ROI -0.0269 (older -0.0388, newer -0.016) - older ROI -0.0388 <= 0; newer ROI -0.016 <= 0
first set WTA: 32523 matches, implied log loss 0.62585 (match chance as set-1 chance 0.62643, coin 0.69315)
  crew overperformance: closest >= 0.15: n 8372, hit 0.5631 vs implied 0.549, z 2.69 (vs recalibrated 1.03), ROI -0.0357 (older -0.0422, newer -0.0286) - z 2.69 < 3.5; older ROI -0.0422 <= 0; newer ROI -0.0286 <= 0
  crew raw_rate: closest >= 0.20: n 8256, hit 0.6662 vs implied 0.638, z 5.49 (vs recalibrated 0.74), ROI -0.0109 (older -0.0057, newer -0.0164) - older ROI -0.0057 <= 0; newer ROI -0.0164 <= 0
first set real Bovada lines: 0 captured, 0 matched (test runs at 300) · 3.3s
✅ tennis first set: 3s · proven: {"proven": []}
HEAVY TENNIS FAVORITES (research only): 64658 priced matches 2012-01-01 -> 2026-01-14, split 2018-05-27, 53807 rated
 ATP pin straights [all]
    -101..-150: n  7563 win 0.541 fair 0.547 roi -0.035 z_edge -1.02 | old n 3291 roi -0.035 | new n 4272 roi -0.036
    -151..-200: n  6518 win 0.604 fair 0.619 roi -0.048 z_edge -2.43 | old n 2813 roi -0.043 | new n 3705 roi -0.052
    -201..-300: n  6514 win 0.698 fair 0.691 roi -0.014 z_edge +1.31 | old n 3112 roi -0.020 | new n 3402 roi -0.009
    -301..-500: n  5611 win 0.784 fair 0.771 roi -0.007 z_edge +2.42 | old n 2841 roi +0.006 | new n 2770 roi -0.020
         -500+: n  5778 win 0.896 fair 0.884 roi -0.009 z_edge +3.26 | old n 3246 roi -0.009 | new n 2532 roi -0.009
 ATP pin straights [blend+2%]
    -101..-150: n   116 win 0.560 fair 0.552 roi -0.012 z_edge +0.19 | old n 69 roi +0.043 | new n 47 roi -0.092
    -151..-200: n   207 win 0.551 fair 0.620 roi -0.134 z_edge -1.99 | old n 129 roi -0.072 | new n 78 roi -0.235
    -201..-300: n   233 win 0.717 fair 0.691 roi +0.011 z_edge +0.87 | old n 161 roi +0.017 | new n 72 roi -0.001
    -301..-500: n   173 win 0.775 fair 0.771 roi -0.021 z_edge +0.10 | old n 132 roi -0.014 | new n 41 roi -0.043
         -500+: n    35 win 0.914 fair 0.841 roi +0.060 z_edge +1.51 | old n 30 roi +0.083 | new n 5 roi -0.074
 ATP pin straights [model+2%]
    -101..-150: n  2343 win 0.527 fair 0.545 roi -0.055 z_edge -1.74 | old n 975 roi -0.042 | new n 1368 roi -0.065
    -151..-200: n  1544 win 0.589 fair 0.617 roi -0.068 z_edge -2.19 | old n 591 roi -0.076 | new n 953 roi -0.064
    -201..-300: n  1220 win 0.686 fair 0.689 roi -0.027 z_edge -0.20 | old n 461 roi -0.022 | new n 759 roi -0.030
    -301..-500: n   696 win 0.783 fair 0.768 roi -0.004 z_edge +0.99 | old n 274 roi +0.010 | new n 422 roi -0.014
         -500+: n   345 win 0.870 fair 0.868 roi -0.022 z_edge +0.10 | old n 126 roi +0.003 | new n 219 roi -0.037
 ATP b365 straights [all]
    -101..-150: n  4071 win 0.529 fair 0.539 roi -0.078 z_edge -1.38 | old n 1278 roi -0.087 | new n 2793 roi -0.074
    -151..-200: n  8140 win 0.585 fair 0.599 roi -0.082 z_edge -2.43 | old n 3777 roi -0.089 | new n 4363 roi -0.076
    -201..-300: n  5979 win 0.676 fair 0.671 roi -0.052 z_edge +0.88 | old n 2913 roi -0.066 | new n 3066 roi -0.040
    -301..-500: n  6606 win 0.761 fair 0.748 roi -0.038 z_edge +2.53 | old n 3213 roi -0.038 | new n 3393 roi -0.037
         -500+: n  6547 win 0.885 fair 0.864 roi -0.027 z_edge +5.31 | old n 3868 roi -0.030 | new n 2679 roi -0.023
 ATP b365 straights [blend+2%]
    -101..-150: n   649 win 0.508 fair 0.539 roi -0.113 z_edge -1.56 | old n 189 roi -0.091 | new n 460 roi -0.122
    -151..-200: n  1317 win 0.616 fair 0.598 roi -0.033 z_edge +1.30 | old n 569 roi -0.066 | new n 748 roi -0.007
    -201..-300: n  1263 win 0.710 fair 0.671 roi -0.005 z_edge +3.07 | old n 649 roi -0.000 | new n 614 roi -0.011
    -301..-500: n  1607 win 0.779 fair 0.751 roi -0.020 z_edge +2.69 | old n 785 roi -0.021 | new n 822 roi -0.019
         -500+: n  1659 win 0.882 fair 0.850 roi -0.017 z_edge +4.13 | old n 895 roi -0.021 | new n 764 roi -0.012
 ATP b365 straights [model+2%]
    -101..-150: n  1242 win 0.510 fair 0.538 roi -0.108 z_edge -2.01 | old n 385 roi -0.108 | new n 857 roi -0.108
    -151..-200: n  2075 win 0.571 fair 0.598 roi -0.103 z_edge -2.46 | old n 865 roi -0.139 | new n 1210 roi -0.077
    -201..-300: n  1161 win 0.677 fair 0.670 roi -0.050 z_edge +0.49 | old n 468 roi -0.041 | new n 693 roi -0.056
    -301..-500: n  1028 win 0.743 fair 0.746 roi -0.057 z_edge -0.18 | old n 404 roi -0.071 | new n 624 roi -0.048
         -500+: n   573 win 0.843 fair 0.850 roi -0.061 z_edge -0.48 | old n 229 roi -0.058 | new n 344 roi -0.063
 WTA pin straights [all]
    -101..-150: n  8256 win 0.534 fair 0.545 roi -0.047 z_edge -2.12 | old n 3924 roi -0.047 | new n 4332 roi -0.046
    -151..-200: n  6885 win 0.617 fair 0.618 roi -0.027 z_edge -0.15 | old n 3194 roi -0.029 | new n 3691 roi -0.025
    -201..-300: n  6803 win 0.694 fair 0.690 roi -0.020 z_edge +0.77 | old n 3338 roi -0.022 | new n 3465 roi -0.018
    -301..-500: n  5806 win 0.772 fair 0.769 roi -0.023 z_edge +0.48 | old n 2800 roi -0.024 | new n 3006 roi -0.022
         -500+: n  4649 win 0.892 fair 0.873 roi -0.005 z_edge +4.20 | old n 2399 roi -0.010 | new n 2250 roi +0.001
 WTA pin straights [blend+2%]
    -101..-150: n   156 win 0.545 fair 0.551 roi -0.033 z_edge -0.15 | old n 79 roi -0.176 | new n 77 roi +0.113
    -151..-200: n   219 win 0.676 fair 0.617 roi +0.066 z_edge +1.87 | old n 122 roi +0.049 | new n 97 roi +0.089
    -201..-300: n   271 win 0.727 fair 0.690 roi +0.028 z_edge +1.37 | old n 194 roi -0.005 | new n 77 roi +0.109
    -301..-500: n   209 win 0.794 fair 0.763 roi +0.013 z_edge +1.11 | old n 128 roi +0.033 | new n 81 roi -0.020
         -500+: n    36 win 0.861 fair 0.831 roi +0.010 z_edge +0.52 | old n 25 roi -0.018 | new n 11 roi +0.073
 WTA pin straights [model+2%]
    -101..-150: n  2537 win 0.527 fair 0.544 roi -0.057 z_edge -1.73 | old n 1079 roi -0.079 | new n 1458 roi -0.041
    -151..-200: n  1628 win 0.591 fair 0.617 roi -0.068 z_edge -2.16 | old n 601 roi -0.042 | new n 1027 roi -0.084
    -201..-300: n  1219 win 0.699 fair 0.688 roi -0.010 z_edge +0.85 | old n 449 roi -0.018 | new n 770 roi -0.005
    -301..-500: n   737 win 0.786 fair 0.765 roi -0.001 z_edge +1.35 | old n 241 roi +0.031 | new n 496 roi -0.017
         -500+: n   246 win 0.911 fair 0.854 roi +0.039 z_edge +3.13 | old n 91 roi -0.002 | new n 155 roi +0.064
 WTA b365 straights [all]
    -101..-150: n  4354 win 0.519 fair 0.539 roi -0.094 z_edge -2.61 | old n 1541 roi -0.097 | new n 2813 roi -0.093
    -151..-200: n  8799 win 0.594 fair 0.598 roi -0.068 z_edge -0.85 | old n 4404 roi -0.084 | new n 4395 roi -0.052
    -201..-300: n  6169 win 0.676 fair 0.671 roi -0.053 z_edge +0.82 | old n 3041 roi -0.056 | new n 3128 roi -0.051
    -301..-500: n  6726 win 0.754 fair 0.748 roi -0.048 z_edge +1.13 | old n 3280 roi -0.061 | new n 3446 roi -0.035
         -500+: n  5470 win 0.878 fair 0.854 roi -0.026 z_edge +5.44 | old n 2984 roi -0.035 | new n 2486 roi -0.016
 WTA b365 straights [blend+2%]
    -101..-150: n   715 win 0.568 fair 0.539 roi -0.009 z_edge +1.53 | old n 249 roi -0.102 | new n 466 roi +0.041
    -151..-200: n  1601 win 0.621 fair 0.600 roi -0.028 z_edge +1.73 | old n 781 roi -0.064 | new n 820 roi +0.006
    -201..-300: n  1404 win 0.702 fair 0.670 roi -0.017 z_edge +2.54 | old n 755 roi -0.006 | new n 649 roi -0.029
    -301..-500: n  1586 win 0.772 fair 0.750 roi -0.027 z_edge +2.19 | old n 811 roi -0.048 | new n 775 roi -0.005
         -500+: n  1393 win 0.877 fair 0.846 roi -0.020 z_edge +3.60 | old n 749 roi -0.020 | new n 644 roi -0.019
 WTA b365 straights [model+2%]
    -101..-150: n  1375 win 0.520 fair 0.539 roi -0.093 z_edge -1.42 | old n 438 roi -0.127 | new n 937 roi -0.077
    -151..-200: n  2181 win 0.577 fair 0.598 roi -0.093 z_edge -1.92 | old n 888 roi -0.096 | new n 1293 roi -0.090
    -201..-300: n  1229 win 0.679 fair 0.670 roi -0.047 z_edge +0.68 | old n 472 roi -0.037 | new n 757 roi -0.054
    -301..-500: n  1018 win 0.746 fair 0.745 roi -0.054 z_edge +0.03 | old n 354 roi -0.071 | new n 664 roi -0.045
         -500+: n   429 win 0.897 fair 0.840 roi +0.011 z_edge +3.94 | old n 171 roi -0.024 | new n 258 roi +0.034
 ATP pin parlay cap -150 [all]: 1224 tickets, hit 0.166 (fair 0.171), avg +444, roi -0.111 z -1.94 | old 529 -0.073 | new 695 -0.141
 ATP pin parlay cap -200 [all]: 2097 tickets, hit 0.211 (fair 0.222), avg +325, roi -0.114 z -3.02 | old 946 -0.141 | new 1151 -0.092
 ATP pin parlay cap -300 [all]: 2501 tickets, hit 0.304 (fair 0.295), avg +225, roi -0.049 z -1.66 | old 1164 -0.055 | new 1337 -0.043
 ATP pin parlay cap -200 [blend+2%]: 6 tickets, hit 0.000 (fair 0.211), avg +341, roi -1.000 z +0.00 | old 3 -1.000 | new 3 -1.000
 ATP pin parlay cap -300 [blend+2%]: 18 tickets, hit 0.167 (fair 0.260), avg +265, roi -0.481 z -1.70 | old 8 -0.202 | new 10 -0.705
 ATP pin parlay cap -150 [model+2%]: 187 tickets, hit 0.150 (fair 0.163), avg +472, roi -0.157 z -1.06 | old 70 -0.378 | new 117 -0.025
 ATP pin parlay cap -200 [model+2%]: 507 tickets, hit 0.175 (fair 0.199), avg +373, roi -0.186 z -2.35 | old 185 -0.318 | new 322 -0.111
 ATP pin parlay cap -300 [model+2%]: 765 tickets, hit 0.224 (fair 0.236), avg +308, roi -0.128 z -2.13 | old 296 -0.149 | new 469 -0.115
 ATP b365 parlay cap -150 [all]: 498 tickets, hit 0.112 (fair 0.162), avg +418, roi -0.422 z -5.79 | old 105 -0.495 | new 393 -0.403
 ATP b365 parlay cap -200 [all]: 1909 tickets, hit 0.195 (fair 0.213), avg +294, roi -0.239 z -6.72 | old 818 -0.301 | new 1091 -0.193
 ATP b365 parlay cap -300 [all]: 2394 tickets, hit 0.273 (fair 0.271), avg +216, roi -0.176 z -6.31 | old 1103 -0.221 | new 1291 -0.137
 ATP b365 parlay cap -150 [blend+2%]: 9 tickets, hit 0.222 (fair 0.166), avg +413, roi +0.128 z +0.17 | old 1 +4.325 | new 8 -0.397
 ATP b365 parlay cap -200 [blend+2%]: 141 tickets, hit 0.270 (fair 0.197), avg +329, roi +0.133 z +0.83 | old 35 +0.169 | new 106 +0.121
 ATP b365 parlay cap -300 [blend+2%]: 346 tickets, hit 0.303 (fair 0.242), avg +252, roi +0.034 z +0.39 | old 141 +0.030 | new 205 +0.037
 ATP b365 parlay cap -150 [model+2%]: 49 tickets, hit 0.102 (fair 0.159), avg +430, roi -0.467 z -2.04 | old 4 +0.331 | new 45 -0.538
 ATP b365 parlay cap -200 [model+2%]: 390 tickets, hit 0.197 (fair 0.198), avg +324, roi -0.192 z -2.32 | old 127 -0.262 | new 263 -0.159
 ATP b365 parlay cap -300 [model+2%]: 631 tickets, hit 0.224 (fair 0.230), avg +271, roi -0.206 z -3.45 | old 218 -0.242 | new 413 -0.187
 WTA pin parlay cap -150 [all]: 1308 tickets, hit 0.161 (fair 0.170), avg +445, roi -0.126 z -2.28 | old 602 -0.151 | new 706 -0.105
 WTA pin parlay cap -200 [all]: 2270 tickets, hit 0.207 (fair 0.220), avg +328, roi -0.134 z -3.71 | old 1043 -0.135 | new 1227 -0.133
 WTA pin parlay cap -300 [all]: 2680 tickets, hit 0.289 (fair 0.291), avg +230, roi -0.087 z -3.08 | old 1260 -0.082 | new 1420 -0.092
 WTA pin parlay cap -200 [blend+2%]: 5 tickets, hit 0.600 (fair 0.201), avg +362, roi +1.674 z +1.51 | old 2 -1.000 | new 3 +3.457
 WTA pin parlay cap -300 [blend+2%]: 13 tickets, hit 0.538 (fair 0.237), avg +295, roi +1.124 z +1.94 | old 5 +0.394 | new 8 +1.580
 WTA pin parlay cap -150 [model+2%]: 205 tickets, hit 0.112 (fair 0.163), avg +468, roi -0.367 z -2.94 | old 86 -0.412 | new 119 -0.335
 WTA pin parlay cap -200 [model+2%]: 543 tickets, hit 0.160 (fair 0.197), avg +377, roi -0.236 z -3.11 | old 205 -0.242 | new 338 -0.232
 WTA pin parlay cap -300 [model+2%]: 804 tickets, hit 0.224 (fair 0.238), avg +305, roi -0.148 z -2.57 | old 301 -0.045 | new 503 -0.210
 WTA b365 parlay cap -150 [all]: 542 tickets, hit 0.120 (fair 0.161), avg +419, roi -0.376 z -5.16 | old 151 -0.519 | new 391 -0.321
 WTA b365 parlay cap -200 [all]: 2061 tickets, hit 0.190 (fair 0.213), avg +295, roi -0.259 z -7.66 | old 935 -0.269 | new 1126 -0.251
 WTA b365 parlay cap -300 [all]: 2541 tickets, hit 0.269 (fair 0.270), avg +217, roi -0.171 z -6.20 | old 1181 -0.192 | new 1360 -0.152
 WTA b365 parlay cap -150 [blend+2%]: 7 tickets, hit 0.143 (fair 0.157), avg +435, roi -0.204 z -0.26 | old 2 -1.000 | new 5 +0.115
 WTA b365 parlay cap -200 [blend+2%]: 170 tickets, hit 0.212 (fair 0.201), avg +315, roi -0.128 z -0.98 | old 75 -0.231 | new 95 -0.045
 WTA b365 parlay cap -300 [blend+2%]: 437 tickets, hit 0.277 (fair 0.241), avg +251, roi -0.056 z -0.75 | old 208 -0.082 | new 229 -0.031
 WTA b365 parlay cap -150 [model+2%]: 65 tickets, hit 0.077 (fair 0.160), avg +427, roi -0.586 z -3.26 | old 9 -1.000 | new 56 -0.519
 WTA b365 parlay cap -200 [model+2%]: 389 tickets, hit 0.162 (fair 0.198), avg +326, roi -0.306 z -3.79 | old 128 -0.361 | new 261 -0.279
 WTA b365 parlay cap -300 [model+2%]: 666 tickets, hit 0.219 (fair 0.233), avg +267, roi -0.233 z -4.06 | old 238 -0.318 | new 428 -0.185
 tests at n300+: 266 straight, 28 parlay; expected by luck 0.062 + 0.751
 passed the bar: ['atp|b365|blend+2%|parlay -300'] · proven (not luck-sized): none
 VERDICT: NOT LUCRATIVE (a pass that looks like luck). atp|b365|blend+2%|parlay -300 (n 346, roi +0.034, profit z +0.39) clears the bar, but its profit z is under 2 and 0.81 passes were expected by luck alone. Nothing to act on. Research only.
✅ tennis heavy favorites: 11s · proven: {"proven": []}
study run done in 351s: 20/20 studies ok
✅ underdogs + favorites: 3s · proven: {"nfl": [], "nfl price check": false, "ncaaf": [], "ncaaf price check": false, "nba": [], "nba price check": false, "ncaab": [], "ncaab price check": true, "mlb": [], "mlb price check": false, "nhl": [], "nhl price check": true}
✅ over/unders: 10s · proven: {"nfl": true, "ncaaf": false, "nba": false, "ncaab": true, "mlb": false, "nhl": false}
✅ hockey: 17s · proven: null
✅ spread vs moneyline: 11s · proven: {"nfl": true, "ncaaf": false, "nba": false, "ncaab": false}
✅ puck lines / run lines: 7s · proven: null
✅ halves / first period: 2s · proven: null
✅ comebacks: 184s · proven: null
✅ trends: 10s · proven: {"proven": ["ncaab|rate|fav_cover", "ncaaf|rate|total"]}
✅ rigged / fade the public: 1s · proven: {"proven": []}
✅ self-check on our picks: 0s · proven: null
✅ situational spots: 17s · proven: {"nfl": [], "ncaaf": [], "nba": [], "ncaab": [], "mlb": [], "nhl": []}
✅ line movement + CLV: 3s · proven: {"proven": []}
✅ our engine vs the move (can it beat the pros?): 4s · proven: {"proven": []}
✅ the engine's strengths, sport by sport: 5s · proven: {"proven": ["nba"]}
THE CONTEXT STUDY: 584 tests with 300+ bets; bar z >= 3.5 + profit in both halves. Luck alone: ~0.136 false positives expected (fake no-edge results passed 0.0 on average); refs: officials.json loaded
nfl: 2770 games · proven - · confirmed - · killed -
   ref_home-|spread|dog         n=   440 roi old +0.016 new +0.101 edge +0.0529 z=+1.29
   any:out_dome|total|over      n=   461 roi old +0.057 new +0.025 edge +0.0444 z=+0.93
   div|spread|dog               n=   775 roi old +0.028 new +0.028 edge +0.0372 z=+0.82
   out_dome|ml|team             n=   449 roi old +0.121 new -0.031 edge +0.0396 z=+0.75
   any:dome_out|total|under     n=   456 roi old +0.014 new +0.040 edge +0.0374 z=+0.61
   nonconf|total|under          n=   565 roi old +0.072 new -0.040 edge +0.0312 z=+0.39
ncaaf: 9106 games · proven - · confirmed - · killed -
   any:east1000|total|under     n=   451 roi old +0.070 new +0.072 edge +0.0612 z=+1.59
   rival|spread|road            n=   301 roi old +0.018 new +0.124 edge +0.0612 z=+1.30
   rival|total|under            n=   303 roi old +0.073 new +0.064 edge +0.0610 z=+1.26
   west1000|ml|fade             n=   411 roi old -0.037 new +0.126 edge +0.0296 z=+0.66
   trip1000|ml|fade             n=   847 roi old -0.033 new +0.078 edge +0.0153 z=+0.50
   east1000|ml|team             n=   446 roi old +0.184 new -0.108 edge -0.0018 z=+0.42
nba: 12833 games · proven - · confirmed - · killed -
   any:rest|total|over          n=   328 roi old +0.140 new +0.105 edge +0.0881 z=+2.36
   ref_under|ml|road            n=   384 roi old +0.116 new +0.248 edge +0.0791 z=+2.33
   any:tank|total|over          n=   584 roi old +0.006 new +0.124 edge +0.0581 z=+1.66
   any:elim|total|over          n=   664 roi old -0.017 new +0.110 edge +0.0481 z=+1.26
   ref_under|ml|dog             n=   381 roi old +0.021 new +0.183 edge +0.0474 z=+1.19
   tank|spread|fade             n=   527 roi old +0.032 new +0.050 edge +0.0445 z=+0.99
ncaab: 59096 games · proven - · confirmed - · killed -
   ref_under|total|under        n=  2500 roi old +0.036 new +0.070 edge +0.0513 z=+2.81
   ref_over|total|over          n=  1501 roi old +0.064 new +0.018 edge +0.0454 z=+1.67
   rival|spread|home            n=   368 roi old +0.130 new -0.055 edge +0.0435 z=+0.76
   road3in6|spread|team         n=   491 roi old +0.006 new +0.058 edge +0.0403 z=+0.74
   rival|total|under            n=   371 roi old +0.084 new -0.042 edge +0.0342 z=+0.41
   rival|ml|home                n=   374 roi old +0.054 new -0.025 edge +0.0330 z=+0.30
mlb: 23245 games · proven - · confirmed - · killed -
   trip2000|ml|fade             n=   660 roi old +0.092 new -0.046 edge +0.0265 z=+0.58
   east1000|ml|team             n=  1398 roi old +0.041 new -0.011 edge +0.0239 z=+0.54
   nonconf|ml|road              n=  4275 roi old +0.039 new -0.032 edge +0.0179 z=+0.20
   any:west1000|total|over      n=  1442 roi old -0.027 new +0.030 edge +0.0236 z=+0.06
   trip1000|ml|team             n=  2475 roi old -0.005 new +0.002 edge +0.0156 z=-0.07
   ref_under|total|under        n=  3081 roi old +0.001 new -0.004 edge +0.0213 z=-0.09
nhl: 13223 games · proven - · confirmed - · killed -
   ref_home+|ml|road            n=   476 roi old +0.057 new -0.014 edge +0.0261 z=+0.41
   race|ml|team                 n=  1320 roi old +0.025 new -0.022 edge +0.0237 z=+0.04
   mustwin|ml|team              n=  1228 roi old +0.036 new -0.040 edge +0.0226 z=-0.07
   ref_home+|total|over         n=   461 roi old -0.023 new +0.001 edge +0.0164 z=-0.25
   trip2000|ml|fade             n=   525 roi old -0.023 new -0.001 edge +0.0093 z=-0.26
   any:west1000|total|over      n=  1323 roi old +0.006 new -0.022 edge +0.0197 z=-0.31
✅ context: rivalries, travel, domes, stakes, refs: 33s · proven: {"nfl": [], "ncaaf": [], "nba": [], "ncaab": [], "mlb": [], "nhl": []}
✅ early value plays: the early-price exam: 47s · proven: {"proven": ["mlb +8..12 (+100..+149 dogs)"]}
THE EXPLORER: tested 6000 NEW angles (81867 ever) in 36.1s
   new suspects: 0 (luck alone would give ~1.4) · promoted to PROVEN: 0 · killed: 0 · proven demoted: 0
   now watching 0 suspects · 0 proven · 0 killed
   TEAM TRENDS pooled across sports (all games so far; 'follow' = ride the trend, 'fade' = bet against it; the bar: 300+ bets, profit in both halves, z 3.5+):
   1st-quarter form|ml: n=24103 (2018-04-07..2026-09-27) follow hit 62.3% older / 63.0% newer (fair 61.3%, roi -0.024 / -0.025, z -3.98, edge z 4.56) · fade hit 37.7% / 37.0% (roi -0.096 / -0.147, z -12.33) -> no edge
   1st-quarter form|p1ml: n=14401 (2018-09-09..2026-09-27) follow hit 60.6% older / 61.4% newer (fair 59.7%, roi -0.031 / -0.035, z -4.55, edge z 3.4) · fade hit 39.4% / 38.6% (roi -0.082 / -0.117, z -9.07) -> no edge
   1st-quarter form|p1spread: n=14818 (2018-09-09..2026-09-27) follow hit 50.5% older / 50.0% newer (fair 50.0%, roi -0.043 / -0.059, z -6.59, edge z 0.55) · fade hit 49.5% / 50.0% (roi -0.060 / -0.059, z -7.69) -> no edge
   1st-quarter form|spread: n=21522 (2018-10-20..2026-06-14) follow hit 49.9% older / 50.4% newer (fair 50.0%, roi -0.046 / -0.036, z -6.3, edge z 0.54) · fade hit 50.1% / 49.6% (roi -0.044 / -0.053, z -7.38) -> no edge
   O/U streak 4+|total: n=15273 (2018-04-04..2026-10-01) follow hit 49.7% older / 50.7% newer (fair 50.0%, roi -0.052 / -0.031, z -5.35, edge z 0.38) · fade hit 50.3% / 49.3% (roi -0.037 / -0.058, z -6.08) -> no edge
   division record|ml: n=2515 (2018-09-09..2026-09-29) follow hit 64.4% older / 65.7% newer (fair 62.9%, roi +0.018 / -0.012, z 0.17, edge z 2.27) · fade hit 35.6% / 34.3% (roi -0.080 / -0.102, z -3.15) -> no edge
   division record|spread: n=1421 (2018-09-09..2026-09-27) follow hit 50.4% older / 49.2% newer (fair 50.0%, roi -0.035 / -0.059, z -1.86, edge z -0.14) · fade hit 49.6% / 50.8% (roi -0.052 / -0.027, z -1.57) -> no edge
   prime-time record|ml: n=189 (2018-09-17..2026-09-28) follow hit 59.6% older / 62.1% newer (fair 59.9%, roi -0.080 / +0.022, z -0.45, edge z 0.28) · fade hit 40.4% / 37.9% (roi -0.116 / -0.054, z -0.89) -> no edge
   prime-time record|spread: n=187 (2018-09-17..2026-09-28) follow hit 52.7% older / 47.9% newer (fair 50.0%, roi +0.010 / -0.085, z -0.54, edge z 0.08) · fade hit 47.3% / 52.1% (roi -0.090 / -0.007, z -0.69) -> no edge
   road ATS rate|spread: n=10343 (2018-11-04..2026-09-27) follow hit 48.9% older / 48.4% newer (fair 50.0%, roi -0.066 / -0.075, z -7.49, edge z -2.74) · fade hit 51.1% / 51.6% (roi -0.024 / -0.014, z -2.0) -> no edge
   season ATS rate|spread: n=13132 (2018-10-13..2026-04-04) follow hit 48.5% older / 49.1% newer (fair 50.0%, roi -0.073 / -0.061, z -8.06, edge z -2.72) · fade hit 51.5% / 50.9% (roi -0.016 / -0.028, z -2.61) -> no edge
   team ATS streak 3+|spread: n=16605 (2018-09-16..2026-09-26) follow hit 49.1% older / 49.6% newer (fair 50.0%, roi -0.061 / -0.052, z -7.65, edge z -1.64) · fade hit 50.9% / 50.4% (roi -0.028 / -0.037, z -4.38) -> no edge
   team ATS streak 5+|spread: n=4254 (2018-10-06..2026-06-09) follow hit 48.4% older / 48.2% newer (fair 50.0%, roi -0.076 / -0.078, z -5.27, edge z -2.22) · fade hit 51.6% / 51.8% (roi -0.014 / -0.009, z -0.81) -> no edge
✅ the explorer: NEW angles: 37s · proven: {"proven": []}
THE TENNIS EDGE STUDY: 64658 priced matches 2012-01-01 -> 2026-08-03 (older half < 2018-05-27 <= newer half) in 38.6s
   softest segments (a bias learned on the older half that still helps on the newer, mnats/match): WTA rank x10+ +1.15, WTA slam +0.91, WTA round sf+ +0.89, ATP indoor +0.78
   ATP: log loss pin 0.5752 / b365 0.5759 / avg 0.576 · margin pin 0.0253 b365 0.0605
   WTA: log loss pin 0.5903 / b365 0.5912 / avg 0.5908 · margin pin 0.0266 b365 0.0619
   line shop b365 >2% over pinnacle fair: n=4674 roi -0.066 / -0.032 (expected +0.063) edge z=2.68 · beats fair in 14% of matches
   line shop avg >2% over pinnacle fair: n=928 roi -0.164 / -0.045 (expected +0.067) edge z=-0.25 · beats fair in 4% of matches
   line shop max >2% over pinnacle fair: n=30043 roi +0.016 / +0.023 (expected +0.069) edge z=2.42 · beats fair in 73% of matches
   model vs market, newer half: pinnacle 0.597 · elo 0.6295 · model 0.6262 · blend 0.5969 (+0.100 mnats, z 1.07)
   bovada: 154 closing lines, margin 0.0453, 0 matched to pinnacle, 94 graded
   names -> ESPN ids: 0.8856 of 1556 names since ESPN's history (by tour {'atp': 0.9195, 'wta': 0.8534}), 0.9386 of match sides · birth dates for 0.9385 of sides (2807 bios on file)
   life atoms (122 read-outs at pinnacle): wta|pin|yvv:vet n=1818 roi +0.020 / -0.095 z 1.53 / -1.45, wta|pin|age:teen n=4296 roi +0.006 / +0.007 z 1.07 / 1.99, wta|pin|tvv:vet n=483 roi +0.046 / -0.126 z 0.51 / -1.2, atp|pin|age:teen n=2324 roi +0.015 / +0.006 z 0.28 / 1.94
   registry: tested 3329 new angles (41109 ever) · new suspects 1 · promoted 0 · killed 1 · luck would give ~9.56 suspects / 0.2176 proven ever
   fixed tests: 543 this run, 1 pass the bar (luck ~0.252)
   NEW SUSPECT atp|avg|age:prime&expgap:x1.5-3&p:80+: older half n=432 roi +0.004 edge z=3.69 | newer half n=299 roi -0.047 edge z=0.23
   KILLED atp|avg|age:prime&expgap:x1.5-3&p:80+: older half n=432 roi +0.004 edge z=3.69 | newer half n=299 roi -0.047 edge z=0.23
   PASSES price 90-100% wta at max: n=1231 roi +0.012 / +0.029 z=3.87 (NOT a gettable price)
   closest angle: atp|avg|age:prime&court:outdoor&olay:long n=958 roi +0.054 / -0.059 z older 3.43 all 1.74
   closest angle: atp|b365|age:prime&court:outdoor&olay:long n=955 roi +0.045 / -0.062 z older 3.23 all 1.57
   closest angle: atp|pin|age:prime&court:outdoor&olay:long n=958 roi +0.083 / -0.030 z older 3.23 all 1.55
   closest fixed: line shop b365 all fav gap>0% n=2020 roi +0.044 / +0.008 z=4.48
   closest fixed: line shop b365 atp fav gap>0% n=970 roi +0.067 / +0.007 z=3.45
   closest fixed: line shop b365 wta fav gap>0% n=1050 roi +0.026 / +0.010 z=2.9
   PROVEN: nothing
✅ tennis edge: 39s · proven: {"proven": []}
first set ATP: 32132 matches, implied log loss 0.62855 (match chance as set-1 chance 0.63577, coin 0.69315)
  crew overperformance: closest >= 0.05: n 19692, hit 0.5266 vs implied 0.5218, z 1.41 (vs recalibrated 0.73), ROI -0.0502 (older -0.0615, newer -0.0399) - z 1.41 < 3.5; older ROI -0.0615 <= 0; newer ROI -0.0399 <= 0
  crew raw_rate: closest >= 0.10: n 15498, hit 0.6247 vs implied 0.608, z 4.4 (vs recalibrated 1.16), ROI -0.0269 (older -0.0388, newer -0.016) - older ROI -0.0388 <= 0; newer ROI -0.016 <= 0
first set WTA: 32523 matches, implied log loss 0.62585 (match chance as set-1 chance 0.62643, coin 0.69315)
  crew overperformance: closest >= 0.15: n 8372, hit 0.5631 vs implied 0.549, z 2.69 (vs recalibrated 1.03), ROI -0.0357 (older -0.0422, newer -0.0286) - z 2.69 < 3.5; older ROI -0.0422 <= 0; newer ROI -0.0286 <= 0
  crew raw_rate: closest >= 0.20: n 8256, hit 0.6662 vs implied 0.638, z 5.49 (vs recalibrated 0.74), ROI -0.0109 (older -0.0057, newer -0.0164) - older ROI -0.0057 <= 0; newer ROI -0.0164 <= 0
first set real Bovada lines: 0 captured, 0 matched (test runs at 300) · 4.5s
✅ tennis first set: 5s · proven: {"proven": []}
HEAVY TENNIS FAVORITES (research only): 64658 priced matches 2012-01-01 -> 2026-01-14, split 2018-05-27, 53807 rated
 ATP pin straights [all]
    -101..-150: n  7563 win 0.541 fair 0.547 roi -0.035 z_edge -1.02 | old n 3291 roi -0.035 | new n 4272 roi -0.036
    -151..-200: n  6518 win 0.604 fair 0.619 roi -0.048 z_edge -2.43 | old n 2813 roi -0.043 | new n 3705 roi -0.052
    -201..-300: n  6514 win 0.698 fair 0.691 roi -0.014 z_edge +1.31 | old n 3112 roi -0.020 | new n 3402 roi -0.009
    -301..-500: n  5611 win 0.784 fair 0.771 roi -0.007 z_edge +2.42 | old n 2841 roi +0.006 | new n 2770 roi -0.020
         -500+: n  5778 win 0.896 fair 0.884 roi -0.009 z_edge +3.26 | old n 3246 roi -0.009 | new n 2532 roi -0.009
 ATP pin straights [blend+2%]
    -101..-150: n   116 win 0.560 fair 0.552 roi -0.012 z_edge +0.19 | old n 69 roi +0.043 | new n 47 roi -0.092
    -151..-200: n   207 win 0.551 fair 0.620 roi -0.134 z_edge -1.99 | old n 129 roi -0.072 | new n 78 roi -0.235
    -201..-300: n   233 win 0.717 fair 0.691 roi +0.011 z_edge +0.87 | old n 161 roi +0.017 | new n 72 roi -0.001
    -301..-500: n   173 win 0.775 fair 0.771 roi -0.021 z_edge +0.10 | old n 132 roi -0.014 | new n 41 roi -0.043
         -500+: n    35 win 0.914 fair 0.841 roi +0.060 z_edge +1.51 | old n 30 roi +0.083 | new n 5 roi -0.074
 ATP pin straights [model+2%]
    -101..-150: n  2343 win 0.527 fair 0.545 roi -0.055 z_edge -1.74 | old n 975 roi -0.042 | new n 1368 roi -0.065
    -151..-200: n  1544 win 0.589 fair 0.617 roi -0.068 z_edge -2.19 | old n 591 roi -0.076 | new n 953 roi -0.064
    -201..-300: n  1220 win 0.686 fair 0.689 roi -0.027 z_edge -0.20 | old n 461 roi -0.022 | new n 759 roi -0.030
    -301..-500: n   696 win 0.783 fair 0.768 roi -0.004 z_edge +0.99 | old n 274 roi +0.010 | new n 422 roi -0.014
         -500+: n   345 win 0.870 fair 0.868 roi -0.022 z_edge +0.10 | old n 126 roi +0.003 | new n 219 roi -0.037
 ATP b365 straights [all]
    -101..-150: n  4071 win 0.529 fair 0.539 roi -0.078 z_edge -1.38 | old n 1278 roi -0.087 | new n 2793 roi -0.074
    -151..-200: n  8140 win 0.585 fair 0.599 roi -0.082 z_edge -2.43 | old n 3777 roi -0.089 | new n 4363 roi -0.076
    -201..-300: n  5979 win 0.676 fair 0.671 roi -0.052 z_edge +0.88 | old n 2913 roi -0.066 | new n 3066 roi -0.040
    -301..-500: n  6606 win 0.761 fair 0.748 roi -0.038 z_edge +2.53 | old n 3213 roi -0.038 | new n 3393 roi -0.037
         -500+: n  6547 win 0.885 fair 0.864 roi -0.027 z_edge +5.31 | old n 3868 roi -0.030 | new n 2679 roi -0.023
 ATP b365 straights [blend+2%]
    -101..-150: n   649 win 0.508 fair 0.539 roi -0.113 z_edge -1.56 | old n 189 roi -0.091 | new n 460 roi -0.122
    -151..-200: n  1317 win 0.616 fair 0.598 roi -0.033 z_edge +1.30 | old n 569 roi -0.066 | new n 748 roi -0.007
    -201..-300: n  1263 win 0.710 fair 0.671 roi -0.005 z_edge +3.07 | old n 649 roi -0.000 | new n 614 roi -0.011
    -301..-500: n  1607 win 0.779 fair 0.751 roi -0.020 z_edge +2.69 | old n 785 roi -0.021 | new n 822 roi -0.019
         -500+: n  1659 win 0.882 fair 0.850 roi -0.017 z_edge +4.13 | old n 895 roi -0.021 | new n 764 roi -0.012
 ATP b365 straights [model+2%]
    -101..-150: n  1242 win 0.510 fair 0.538 roi -0.108 z_edge -2.01 | old n 385 roi -0.108 | new n 857 roi -0.108
    -151..-200: n  2075 win 0.571 fair 0.598 roi -0.103 z_edge -2.46 | old n 865 roi -0.139 | new n 1210 roi -0.077
    -201..-300: n  1161 win 0.677 fair 0.670 roi -0.050 z_edge +0.49 | old n 468 roi -0.041 | new n 693 roi -0.056
    -301..-500: n  1028 win 0.743 fair 0.746 roi -0.057 z_edge -0.18 | old n 404 roi -0.071 | new n 624 roi -0.048
         -500+: n   573 win 0.843 fair 0.850 roi -0.061 z_edge -0.48 | old n 229 roi -0.058 | new n 344 roi -0.063
 WTA pin straights [all]
    -101..-150: n  8256 win 0.534 fair 0.545 roi -0.047 z_edge -2.12 | old n 3924 roi -0.047 | new n 4332 roi -0.046
    -151..-200: n  6885 win 0.617 fair 0.618 roi -0.027 z_edge -0.15 | old n 3194 roi -0.029 | new n 3691 roi -0.025
    -201..-300: n  6803 win 0.694 fair 0.690 roi -0.020 z_edge +0.77 | old n 3338 roi -0.022 | new n 3465 roi -0.018
    -301..-500: n  5806 win 0.772 fair 0.769 roi -0.023 z_edge +0.48 | old n 2800 roi -0.024 | new n 3006 roi -0.022
         -500+: n  4649 win 0.892 fair 0.873 roi -0.005 z_edge +4.20 | old n 2399 roi -0.010 | new n 2250 roi +0.001
 WTA pin straights [blend+2%]
    -101..-150: n   156 win 0.545 fair 0.551 roi -0.033 z_edge -0.15 | old n 79 roi -0.176 | new n 77 roi +0.113
    -151..-200: n   219 win 0.676 fair 0.617 roi +0.066 z_edge +1.87 | old n 122 roi +0.049 | new n 97 roi +0.089
    -201..-300: n   271 win 0.727 fair 0.690 roi +0.028 z_edge +1.37 | old n 194 roi -0.005 | new n 77 roi +0.109
    -301..-500: n   209 win 0.794 fair 0.763 roi +0.013 z_edge +1.11 | old n 128 roi +0.033 | new n 81 roi -0.020
         -500+: n    36 win 0.861 fair 0.831 roi +0.010 z_edge +0.52 | old n 25 roi -0.018 | new n 11 roi +0.073
 WTA pin straights [model+2%]
    -101..-150: n  2537 win 0.527 fair 0.544 roi -0.057 z_edge -1.73 | old n 1079 roi -0.079 | new n 1458 roi -0.041
    -151..-200: n  1628 win 0.591 fair 0.617 roi -0.068 z_edge -2.16 | old n 601 roi -0.042 | new n 1027 roi -0.084
    -201..-300: n  1219 win 0.699 fair 0.688 roi -0.010 z_edge +0.85 | old n 449 roi -0.018 | new n 770 roi -0.005
    -301..-500: n   737 win 0.786 fair 0.765 roi -0.001 z_edge +1.35 | old n 241 roi +0.031 | new n 496 roi -0.017
         -500+: n   246 win 0.911 fair 0.854 roi +0.039 z_edge +3.13 | old n 91 roi -0.002 | new n 155 roi +0.064
 WTA b365 straights [all]
    -101..-150: n  4354 win 0.519 fair 0.539 roi -0.094 z_edge -2.61 | old n 1541 roi -0.097 | new n 2813 roi -0.093
    -151..-200: n  8799 win 0.594 fair 0.598 roi -0.068 z_edge -0.85 | old n 4404 roi -0.084 | new n 4395 roi -0.052
    -201..-300: n  6169 win 0.676 fair 0.671 roi -0.053 z_edge +0.82 | old n 3041 roi -0.056 | new n 3128 roi -0.051
    -301..-500: n  6726 win 0.754 fair 0.748 roi -0.048 z_edge +1.13 | old n 3280 roi -0.061 | new n 3446 roi -0.035
         -500+: n  5470 win 0.878 fair 0.854 roi -0.026 z_edge +5.44 | old n 2984 roi -0.035 | new n 2486 roi -0.016
 WTA b365 straights [blend+2%]
    -101..-150: n   715 win 0.568 fair 0.539 roi -0.009 z_edge +1.53 | old n 249 roi -0.102 | new n 466 roi +0.041
    -151..-200: n  1601 win 0.621 fair 0.600 roi -0.028 z_edge +1.73 | old n 781 roi -0.064 | new n 820 roi +0.006
    -201..-300: n  1404 win 0.702 fair 0.670 roi -0.017 z_edge +2.54 | old n 755 roi -0.006 | new n 649 roi -0.029
    -301..-500: n  1586 win 0.772 fair 0.750 roi -0.027 z_edge +2.19 | old n 811 roi -0.048 | new n 775 roi -0.005
         -500+: n  1393 win 0.877 fair 0.846 roi -0.020 z_edge +3.60 | old n 749 roi -0.020 | new n 644 roi -0.019
 WTA b365 straights [model+2%]
    -101..-150: n  1375 win 0.520 fair 0.539 roi -0.093 z_edge -1.42 | old n 438 roi -0.127 | new n 937 roi -0.077
    -151..-200: n  2181 win 0.577 fair 0.598 roi -0.093 z_edge -1.92 | old n 888 roi -0.096 | new n 1293 roi -0.090
    -201..-300: n  1229 win 0.679 fair 0.670 roi -0.047 z_edge +0.68 | old n 472 roi -0.037 | new n 757 roi -0.054
    -301..-500: n  1018 win 0.746 fair 0.745 roi -0.054 z_edge +0.03 | old n 354 roi -0.071 | new n 664 roi -0.045
         -500+: n   429 win 0.897 fair 0.840 roi +0.011 z_edge +3.94 | old n 171 roi -0.024 | new n 258 roi +0.034
 ATP pin parlay cap -150 [all]: 1224 tickets, hit 0.166 (fair 0.171), avg +444, roi -0.111 z -1.94 | old 529 -0.073 | new 695 -0.141
 ATP pin parlay cap -200 [all]: 2097 tickets, hit 0.211 (fair 0.222), avg +325, roi -0.114 z -3.02 | old 946 -0.141 | new 1151 -0.092
 ATP pin parlay cap -300 [all]: 2501 tickets, hit 0.304 (fair 0.295), avg +225, roi -0.049 z -1.66 | old 1164 -0.055 | new 1337 -0.043
 ATP pin parlay cap -200 [blend+2%]: 6 tickets, hit 0.000 (fair 0.211), avg +341, roi -1.000 z +0.00 | old 3 -1.000 | new 3 -1.000
 ATP pin parlay cap -300 [blend+2%]: 18 tickets, hit 0.167 (fair 0.260), avg +265, roi -0.481 z -1.70 | old 8 -0.202 | new 10 -0.705
 ATP pin parlay cap -150 [model+2%]: 187 tickets, hit 0.150 (fair 0.163), avg +472, roi -0.157 z -1.06 | old 70 -0.378 | new 117 -0.025
 ATP pin parlay cap -200 [model+2%]: 507 tickets, hit 0.175 (fair 0.199), avg +373, roi -0.186 z -2.35 | old 185 -0.318 | new 322 -0.111
 ATP pin parlay cap -300 [model+2%]: 765 tickets, hit 0.224 (fair 0.236), avg +308, roi -0.128 z -2.13 | old 296 -0.149 | new 469 -0.115
 ATP b365 parlay cap -150 [all]: 498 tickets, hit 0.112 (fair 0.162), avg +418, roi -0.422 z -5.79 | old 105 -0.495 | new 393 -0.403
 ATP b365 parlay cap -200 [all]: 1909 tickets, hit 0.195 (fair 0.213), avg +294, roi -0.239 z -6.72 | old 818 -0.301 | new 1091 -0.193
 ATP b365 parlay cap -300 [all]: 2394 tickets, hit 0.273 (fair 0.271), avg +216, roi -0.176 z -6.31 | old 1103 -0.221 | new 1291 -0.137
 ATP b365 parlay cap -150 [blend+2%]: 9 tickets, hit 0.222 (fair 0.166), avg +413, roi +0.128 z +0.17 | old 1 +4.325 | new 8 -0.397
 ATP b365 parlay cap -200 [blend+2%]: 141 tickets, hit 0.270 (fair 0.197), avg +329, roi +0.133 z +0.83 | old 35 +0.169 | new 106 +0.121
 ATP b365 parlay cap -300 [blend+2%]: 346 tickets, hit 0.303 (fair 0.242), avg +252, roi +0.034 z +0.39 | old 141 +0.030 | new 205 +0.037
 ATP b365 parlay cap -150 [model+2%]: 49 tickets, hit 0.102 (fair 0.159), avg +430, roi -0.467 z -2.04 | old 4 +0.331 | new 45 -0.538
 ATP b365 parlay cap -200 [model+2%]: 390 tickets, hit 0.197 (fair 0.198), avg +324, roi -0.192 z -2.32 | old 127 -0.262 | new 263 -0.159
 ATP b365 parlay cap -300 [model+2%]: 631 tickets, hit 0.224 (fair 0.230), avg +271, roi -0.206 z -3.45 | old 218 -0.242 | new 413 -0.187
 WTA pin parlay cap -150 [all]: 1308 tickets, hit 0.161 (fair 0.170), avg +445, roi -0.126 z -2.28 | old 602 -0.151 | new 706 -0.105
 WTA pin parlay cap -200 [all]: 2270 tickets, hit 0.207 (fair 0.220), avg +328, roi -0.134 z -3.71 | old 1043 -0.135 | new 1227 -0.133
 WTA pin parlay cap -300 [all]: 2680 tickets, hit 0.289 (fair 0.291), avg +230, roi -0.087 z -3.08 | old 1260 -0.082 | new 1420 -0.092
 WTA pin parlay cap -200 [blend+2%]: 5 tickets, hit 0.600 (fair 0.201), avg +362, roi +1.674 z +1.51 | old 2 -1.000 | new 3 +3.457
 WTA pin parlay cap -300 [blend+2%]: 13 tickets, hit 0.538 (fair 0.237), avg +295, roi +1.124 z +1.94 | old 5 +0.394 | new 8 +1.580
 WTA pin parlay cap -150 [model+2%]: 205 tickets, hit 0.112 (fair 0.163), avg +468, roi -0.367 z -2.94 | old 86 -0.412 | new 119 -0.335
 WTA pin parlay cap -200 [model+2%]: 543 tickets, hit 0.160 (fair 0.197), avg +377, roi -0.236 z -3.11 | old 205 -0.242 | new 338 -0.232
 WTA pin parlay cap -300 [model+2%]: 804 tickets, hit 0.224 (fair 0.238), avg +305, roi -0.148 z -2.57 | old 301 -0.045 | new 503 -0.210
 WTA b365 parlay cap -150 [all]: 542 tickets, hit 0.120 (fair 0.161), avg +419, roi -0.376 z -5.16 | old 151 -0.519 | new 391 -0.321
 WTA b365 parlay cap -200 [all]: 2061 tickets, hit 0.190 (fair 0.213), avg +295, roi -0.259 z -7.66 | old 935 -0.269 | new 1126 -0.251
 WTA b365 parlay cap -300 [all]: 2541 tickets, hit 0.269 (fair 0.270), avg +217, roi -0.171 z -6.20 | old 1181 -0.192 | new 1360 -0.152
 WTA b365 parlay cap -150 [blend+2%]: 7 tickets, hit 0.143 (fair 0.157), avg +435, roi -0.204 z -0.26 | old 2 -1.000 | new 5 +0.115
 WTA b365 parlay cap -200 [blend+2%]: 170 tickets, hit 0.212 (fair 0.201), avg +315, roi -0.128 z -0.98 | old 75 -0.231 | new 95 -0.045
 WTA b365 parlay cap -300 [blend+2%]: 437 tickets, hit 0.277 (fair 0.241), avg +251, roi -0.056 z -0.75 | old 208 -0.082 | new 229 -0.031
 WTA b365 parlay cap -150 [model+2%]: 65 tickets, hit 0.077 (fair 0.160), avg +427, roi -0.586 z -3.26 | old 9 -1.000 | new 56 -0.519
 WTA b365 parlay cap -200 [model+2%]: 389 tickets, hit 0.162 (fair 0.198), avg +326, roi -0.306 z -3.79 | old 128 -0.361 | new 261 -0.279
 WTA b365 parlay cap -300 [model+2%]: 666 tickets, hit 0.219 (fair 0.233), avg +267, roi -0.233 z -4.06 | old 238 -0.318 | new 428 -0.185
 tests at n300+: 266 straight, 28 parlay; expected by luck 0.062 + 0.751
 passed the bar: ['atp|b365|blend+2%|parlay -300'] · proven (not luck-sized): none
 VERDICT: NOT LUCRATIVE (a pass that looks like luck). atp|b365|blend+2%|parlay -300 (n 346, roi +0.034, profit z +0.39) clears the bar, but its profit z is under 2 and 0.81 passes were expected by luck alone. Nothing to act on. Research only.
✅ tennis heavy favorites: 14s · proven: {"proven": []}
study run done in 448s: 20/20 studies ok
✅ underdogs + favorites: 2s · proven: {"nfl": [], "nfl price check": false, "ncaaf": [], "ncaaf price check": false, "nba": [], "nba price check": false, "ncaab": [], "ncaab price check": true, "mlb": [], "mlb price check": false, "nhl": [], "nhl price check": true}
✅ over/unders: 8s · proven: {"nfl": true, "ncaaf": false, "nba": false, "ncaab": true, "mlb": false, "nhl": false}
✅ hockey: 13s · proven: null
✅ spread vs moneyline: 8s · proven: {"nfl": true, "ncaaf": false, "nba": false, "ncaab": false}
✅ puck lines / run lines: 5s · proven: null
✅ halves / first period: 1s · proven: null
✅ comebacks: 143s · proven: null
✅ trends: 8s · proven: {"proven": ["ncaab|rate|fav_cover", "ncaaf|rate|total"]}
✅ rigged / fade the public: 0s · proven: {"proven": []}
✅ self-check on our picks: 0s · proven: null
✅ situational spots: 12s · proven: {"nfl": [], "ncaaf": [], "nba": [], "ncaab": [], "mlb": [], "nhl": []}
✅ line movement + CLV: 2s · proven: {"proven": []}
✅ our engine vs the move (can it beat the pros?): 4s · proven: {"proven": []}
✅ the engine's strengths, sport by sport: 4s · proven: {"proven": ["ncaaf", "nba"]}
THE CONTEXT STUDY: 584 tests with 300+ bets; bar z >= 3.5 + profit in both halves. Luck alone: ~0.136 false positives expected (fake no-edge results passed 0.0 on average); refs: officials.json loaded
nfl: 2761 games · proven - · confirmed - · killed -
   ref_home-|spread|dog         n=   440 roi old +0.016 new +0.101 edge +0.0529 z=+1.29
   any:out_dome|total|over      n=   461 roi old +0.057 new +0.025 edge +0.0444 z=+0.93
   div|spread|dog               n=   775 roi old +0.028 new +0.028 edge +0.0372 z=+0.82
   out_dome|ml|team             n=   449 roi old +0.121 new -0.031 edge +0.0396 z=+0.75
   any:dome_out|total|under     n=   456 roi old +0.014 new +0.040 edge +0.0374 z=+0.61
   nonconf|total|under          n=   565 roi old +0.072 new -0.040 edge +0.0312 z=+0.39
ncaaf: 9362 games · proven - · confirmed - · killed -
   any:east1000|total|under     n=   460 roi old +0.063 new +0.103 edge +0.0675 z=+1.88
   rival|spread|road            n=   301 roi old +0.018 new +0.124 edge +0.0612 z=+1.30
   rival|total|under            n=   303 roi old +0.073 new +0.064 edge +0.0610 z=+1.26
   west1000|ml|fade             n=   439 roi old -0.026 new +0.102 edge +0.0291 z=+0.61
   trip1000|ml|fade             n=   884 roi old -0.027 new +0.066 edge +0.0156 z=+0.45
   east1000|ml|team             n=   455 roi old +0.176 new -0.116 edge -0.0023 z=+0.33
nba: 12852 games · proven - · confirmed - · killed -
   ref_under|ml|road            n=   392 roi old +0.086 new +0.285 edge +0.0822 z=+2.41
   any:rest|total|over          n=   328 roi old +0.140 new +0.105 edge +0.0881 z=+2.36
   any:tank|total|over          n=   584 roi old +0.006 new +0.124 edge +0.0581 z=+1.66
   any:elim|total|over          n=   664 roi old -0.017 new +0.110 edge +0.0481 z=+1.26
   ref_under|ml|dog             n=   389 roi old +0.032 new +0.142 edge +0.0411 z=+1.03
   tank|spread|fade             n=   527 roi old +0.032 new +0.050 edge +0.0445 z=+0.99
ncaab: 58494 games · proven - · confirmed - · killed -
   ref_under|total|under        n=  2506 roi old +0.032 new +0.064 edge +0.0488 z=+2.54
   ref_over|total|over          n=  1492 roi old +0.065 new +0.022 edge +0.0467 z=+1.77
   road3in6|spread|team         n=   481 roi old +0.019 new +0.048 edge +0.0411 z=+0.76
   rival|spread|home            n=   368 roi old +0.130 new -0.055 edge +0.0435 z=+0.76
   rival|total|under            n=   371 roi old +0.084 new -0.042 edge +0.0342 z=+0.41
   rival|ml|home                n=   374 roi old +0.054 new -0.025 edge +0.0330 z=+0.30
mlb: 23236 games · proven - · confirmed - · killed -
   trip2000|ml|fade             n=   658 roi old +0.089 new -0.043 edge +0.0265 z=+0.58
   east1000|ml|team             n=  1397 roi old +0.043 new -0.011 edge +0.0243 z=+0.57
   nonconf|ml|road              n=  4275 roi old +0.039 new -0.032 edge +0.0179 z=+0.20
   any:west1000|total|over      n=  1437 roi old -0.022 new +0.030 edge +0.0247 z=+0.15
   trip1000|ml|team             n=  2469 roi old -0.003 new +0.003 edge +0.0165 z=+0.01
   ref_under|total|under        n=  3079 roi old +0.001 new -0.003 edge +0.0217 z=-0.06
nhl: 13195 games · proven - · confirmed - · killed -
   ref_home+|ml|road            n=   489 roi old +0.045 new +0.001 edge +0.0281 z=+0.45
   race|ml|team                 n=  1320 roi old +0.025 new -0.022 edge +0.0237 z=+0.04
   ref_home-|total|under        n=   589 roi old +0.035 new -0.037 edge +0.0231 z=-0.03
   mustwin|ml|team              n=  1228 roi old +0.036 new -0.040 edge +0.0226 z=-0.07
   trip2000|ml|fade             n=   525 roi old -0.023 new -0.001 edge +0.0093 z=-0.26
   any:west1000|total|over      n=  1323 roi old +0.006 new -0.022 edge +0.0197 z=-0.31
✅ context: rivalries, travel, domes, stakes, refs: 27s · proven: {"nfl": [], "ncaaf": [], "nba": [], "ncaab": [], "mlb": [], "nhl": []}
✅ early value plays: the early-price exam: 40s · proven: {"proven": ["mlb +8..12 (+100..+149 dogs)"]}
THE EXPLORER: tested 6041 NEW angles (87908 ever) in 31.2s
   new suspects: 0 (luck alone would give ~1.41) · promoted to PROVEN: 0 · killed: 0 · proven demoted: 0
   now watching 0 suspects · 0 proven · 0 killed
   TEAM TRENDS pooled across sports (all games so far; 'follow' = ride the trend, 'fade' = bet against it; the bar: 300+ bets, profit in both halves, z 3.5+):
   1st-quarter form|ml: n=23934 (2018-04-07..2026-09-27) follow hit 62.2% older / 62.9% newer (fair 61.3%, roi -0.024 / -0.026, z -4.07, edge z 4.42) · fade hit 37.8% / 37.1% (roi -0.095 / -0.146, z -12.25) -> no edge
   1st-quarter form|p1ml: n=14233 (2018-09-09..2026-09-27) follow hit 60.6% older / 61.4% newer (fair 59.7%, roi -0.031 / -0.036, z -4.63, edge z 3.32) · fade hit 39.4% / 38.6% (roi -0.083 / -0.117, z -9.09) -> no edge
   1st-quarter form|p1spread: n=14641 (2018-09-09..2026-09-27) follow hit 50.4% older / 50.0% newer (fair 50.0%, roi -0.043 / -0.060, z -6.6, edge z 0.49) · fade hit 49.5% / 50.0% (roi -0.060 / -0.059, z -7.58) -> no edge
   1st-quarter form|spread: n=21353 (2018-10-20..2026-06-14) follow hit 49.8% older / 50.4% newer (fair 50.0%, roi -0.048 / -0.037, z -6.54, edge z 0.27) · fade hit 50.2% / 49.6% (roi -0.042 / -0.051, z -7.09) -> no edge
   O/U streak 4+|total: n=15238 (2018-04-04..2026-10-01) follow hit 49.7% older / 50.8% newer (fair 50.0%, roi -0.051 / -0.030, z -5.21, edge z 0.51) · fade hit 50.3% / 49.2% (roi -0.038 / -0.059, z -6.22) -> no edge
   division record|ml: n=2505 (2018-09-09..2026-09-29) follow hit 64.4% older / 65.4% newer (fair 62.9%, roi +0.016 / -0.015, z 0.03, edge z 2.14) · fade hit 35.6% / 34.6% (roi -0.079 / -0.097, z -3.03) -> no edge
   division record|spread: n=1412 (2018-09-09..2026-09-27) follow hit 50.6% older / 48.7% newer (fair 50.0%, roi -0.032 / -0.069, z -1.99, edge z -0.27) · fade hit 49.4% / 51.3% (roi -0.055 / -0.018, z -1.44) -> no edge
   prime-time record|ml: n=189 (2018-09-17..2026-09-28) follow hit 59.6% older / 62.1% newer (fair 59.9%, roi -0.080 / +0.022, z -0.45, edge z 0.28) · fade hit 40.4% / 37.9% (roi -0.116 / -0.054, z -0.89) -> no edge
   prime-time record|spread: n=187 (2018-09-17..2026-09-28) follow hit 52.7% older / 47.9% newer (fair 50.0%, roi +0.010 / -0.085, z -0.54, edge z 0.08) · fade hit 47.3% / 52.1% (roi -0.090 / -0.007, z -0.69) -> no edge
   road ATS rate|spread: n=10246 (2018-11-04..2026-09-27) follow hit 48.8% older / 48.2% newer (fair 50.0%, roi -0.068 / -0.079, z -7.79, edge z -3.06) · fade hit 51.2% / 51.8% (roi -0.022 / -0.010, z -1.67) -> no edge
   season ATS rate|spread: n=13032 (2018-10-13..2026-04-04) follow hit 48.2% older / 49.1% newer (fair 50.0%, roi -0.079 / -0.062, z -8.4, edge z -3.09) · fade hit 51.8% / 50.9% (roi -0.011 / -0.026, z -2.23) -> no edge
   team ATS streak 3+|spread: n=16471 (2018-09-16..2026-09-27) follow hit 49.2% older / 49.4% newer (fair 50.0%, roi -0.061 / -0.055, z -7.77, edge z -1.79) · fade hit 50.8% / 50.6% (roi -0.029 / -0.034, z -4.21) -> no edge
   team ATS streak 5+|spread: n=4204 (2018-10-06..2026-06-09) follow hit 48.4% older / 48.2% newer (fair 50.0%, roi -0.075 / -0.077, z -5.17, edge z -2.14) · fade hit 51.6% / 51.8% (roi -0.015 / -0.011, z -0.87) -> no edge
✅ the explorer: NEW angles: 32s · proven: {"proven": []}
THE TENNIS EDGE STUDY: 64658 priced matches 2012-01-01 -> 2026-08-03 (older half < 2018-05-27 <= newer half) in 29.0s
   softest segments (a bias learned on the older half that still helps on the newer, mnats/match): WTA rank x10+ +1.15, WTA slam +0.91, WTA round sf+ +0.89, ATP indoor +0.78
   ATP: log loss pin 0.5752 / b365 0.5759 / avg 0.576 · margin pin 0.0253 b365 0.0605
   WTA: log loss pin 0.5903 / b365 0.5912 / avg 0.5908 · margin pin 0.0266 b365 0.0619
   line shop b365 >2% over pinnacle fair: n=4674 roi -0.066 / -0.032 (expected +0.063) edge z=2.68 · beats fair in 14% of matches
   line shop avg >2% over pinnacle fair: n=928 roi -0.164 / -0.045 (expected +0.067) edge z=-0.25 · beats fair in 4% of matches
   line shop max >2% over pinnacle fair: n=30043 roi +0.016 / +0.023 (expected +0.069) edge z=2.42 · beats fair in 73% of matches
   model vs market, newer half: pinnacle 0.597 · elo 0.6295 · model 0.6262 · blend 0.5969 (+0.100 mnats, z 1.07)
   bovada: 154 closing lines, margin 0.0453, 0 matched to pinnacle, 94 graded
   names -> ESPN ids: 0.8856 of 1556 names since ESPN's history (by tour {'atp': 0.9195, 'wta': 0.8534}), 0.9386 of match sides · birth dates for 0.9385 of sides (2807 bios on file)
   life atoms (122 read-outs at pinnacle): wta|pin|yvv:vet n=1818 roi +0.020 / -0.095 z 1.53 / -1.45, wta|pin|age:teen n=4296 roi +0.006 / +0.007 z 1.07 / 1.99, wta|pin|tvv:vet n=483 roi +0.046 / -0.126 z 0.51 / -1.2, atp|pin|age:teen n=2324 roi +0.015 / +0.006 z 0.28 / 1.94
   registry: tested 3777 new angles (44886 ever) · new suspects 3 · promoted 0 · killed 3 · luck would give ~10.44 suspects / 0.2376 proven ever
   fixed tests: 543 this run, 1 pass the bar (luck ~0.252)
   NEW SUSPECT atp|avg|age:prime&fav&olay:long: older half n=372 roi +0.062 edge z=3.97 | newer half n=441 roi -0.088 edge z=-0.99
   NEW SUSPECT atp|b365|age:prime&fav&olay:long: older half n=370 roi +0.046 edge z=3.61 | newer half n=440 roi -0.092 edge z=-1.12
   NEW SUSPECT atp|pin|age:prime&fav&olay:long: older half n=372 roi +0.085 edge z=3.55 | newer half n=441 roi -0.069 edge z=-1.21
   KILLED atp|avg|age:prime&fav&olay:long: older half n=372 roi +0.062 edge z=3.97 | newer half n=441 roi -0.088 edge z=-0.99
   KILLED atp|b365|age:prime&fav&olay:long: older half n=370 roi +0.046 edge z=3.61 | newer half n=440 roi -0.092 edge z=-1.12
   KILLED atp|pin|age:prime&fav&olay:long: older half n=372 roi +0.085 edge z=3.55 | newer half n=441 roi -0.069 edge z=-1.21
   PASSES price 90-100% wta at max: n=1231 roi +0.012 / +0.029 z=3.87 (NOT a gettable price)
   closest angle: atp|avg|age:prime&expgap:x3+&olay:long n=383 roi +0.103 / -0.054 z older 3.26 all 1.9
   closest angle: atp|avg|age:prime&form:hot&rest:8+ n=462 roi +0.026 / -0.117 z older 3.22 all 0.89
   closest angle: atp|avg|age:prime&expgap:x3+&p:65-80 n=1893 roi +0.013 / -0.038 z older 3.16 all 2.53
   closest fixed: line shop b365 all fav gap>0% n=2020 roi +0.044 / +0.008 z=4.48
   closest fixed: line shop b365 atp fav gap>0% n=970 roi +0.067 / +0.007 z=3.45
   closest fixed: line shop b365 wta fav gap>0% n=1050 roi +0.026 / +0.010 z=2.9
   PROVEN: nothing
✅ tennis edge: 29s · proven: {"proven": []}
first set ATP: 32132 matches, implied log loss 0.62855 (match chance as set-1 chance 0.63577, coin 0.69315)
  crew overperformance: closest >= 0.05: n 19692, hit 0.5266 vs implied 0.5218, z 1.41 (vs recalibrated 0.73), ROI -0.0502 (older -0.0615, newer -0.0399) - z 1.41 < 3.5; older ROI -0.0615 <= 0; newer ROI -0.0399 <= 0
  crew raw_rate: closest >= 0.10: n 15498, hit 0.6247 vs implied 0.608, z 4.4 (vs recalibrated 1.16), ROI -0.0269 (older -0.0388, newer -0.016) - older ROI -0.0388 <= 0; newer ROI -0.016 <= 0
first set WTA: 32523 matches, implied log loss 0.62585 (match chance as set-1 chance 0.62643, coin 0.69315)
  crew overperformance: closest >= 0.15: n 8372, hit 0.5631 vs implied 0.549, z 2.69 (vs recalibrated 1.03), ROI -0.0357 (older -0.0422, newer -0.0286) - z 2.69 < 3.5; older ROI -0.0422 <= 0; newer ROI -0.0286 <= 0
  crew raw_rate: closest >= 0.20: n 8256, hit 0.6662 vs implied 0.638, z 5.49 (vs recalibrated 0.74), ROI -0.0109 (older -0.0057, newer -0.0164) - older ROI -0.0057 <= 0; newer ROI -0.0164 <= 0
first set real Bovada lines: 0 captured, 0 matched (test runs at 300) · 3.5s
✅ tennis first set: 4s · proven: {"proven": []}
HEAVY TENNIS FAVORITES (research only): 64658 priced matches 2012-01-01 -> 2026-01-14, split 2018-05-27, 53807 rated
 ATP pin straights [all]
    -101..-150: n  7563 win 0.541 fair 0.547 roi -0.035 z_edge -1.02 | old n 3291 roi -0.035 | new n 4272 roi -0.036
    -151..-200: n  6518 win 0.604 fair 0.619 roi -0.048 z_edge -2.43 | old n 2813 roi -0.043 | new n 3705 roi -0.052
    -201..-300: n  6514 win 0.698 fair 0.691 roi -0.014 z_edge +1.31 | old n 3112 roi -0.020 | new n 3402 roi -0.009
    -301..-500: n  5611 win 0.784 fair 0.771 roi -0.007 z_edge +2.42 | old n 2841 roi +0.006 | new n 2770 roi -0.020
         -500+: n  5778 win 0.896 fair 0.884 roi -0.009 z_edge +3.26 | old n 3246 roi -0.009 | new n 2532 roi -0.009
 ATP pin straights [blend+2%]
    -101..-150: n   116 win 0.560 fair 0.552 roi -0.012 z_edge +0.19 | old n 69 roi +0.043 | new n 47 roi -0.092
    -151..-200: n   207 win 0.551 fair 0.620 roi -0.134 z_edge -1.99 | old n 129 roi -0.072 | new n 78 roi -0.235
    -201..-300: n   233 win 0.717 fair 0.691 roi +0.011 z_edge +0.87 | old n 161 roi +0.017 | new n 72 roi -0.001
    -301..-500: n   173 win 0.775 fair 0.771 roi -0.021 z_edge +0.10 | old n 132 roi -0.014 | new n 41 roi -0.043
         -500+: n    35 win 0.914 fair 0.841 roi +0.060 z_edge +1.51 | old n 30 roi +0.083 | new n 5 roi -0.074
 ATP pin straights [model+2%]
    -101..-150: n  2343 win 0.527 fair 0.545 roi -0.055 z_edge -1.74 | old n 975 roi -0.042 | new n 1368 roi -0.065
    -151..-200: n  1544 win 0.589 fair 0.617 roi -0.068 z_edge -2.19 | old n 591 roi -0.076 | new n 953 roi -0.064
    -201..-300: n  1220 win 0.686 fair 0.689 roi -0.027 z_edge -0.20 | old n 461 roi -0.022 | new n 759 roi -0.030
    -301..-500: n   696 win 0.783 fair 0.768 roi -0.004 z_edge +0.99 | old n 274 roi +0.010 | new n 422 roi -0.014
         -500+: n   345 win 0.870 fair 0.868 roi -0.022 z_edge +0.10 | old n 126 roi +0.003 | new n 219 roi -0.037
 ATP b365 straights [all]
    -101..-150: n  4071 win 0.529 fair 0.539 roi -0.078 z_edge -1.38 | old n 1278 roi -0.087 | new n 2793 roi -0.074
    -151..-200: n  8140 win 0.585 fair 0.599 roi -0.082 z_edge -2.43 | old n 3777 roi -0.089 | new n 4363 roi -0.076
    -201..-300: n  5979 win 0.676 fair 0.671 roi -0.052 z_edge +0.88 | old n 2913 roi -0.066 | new n 3066 roi -0.040
    -301..-500: n  6606 win 0.761 fair 0.748 roi -0.038 z_edge +2.53 | old n 3213 roi -0.038 | new n 3393 roi -0.037
         -500+: n  6547 win 0.885 fair 0.864 roi -0.027 z_edge +5.31 | old n 3868 roi -0.030 | new n 2679 roi -0.023
 ATP b365 straights [blend+2%]
    -101..-150: n   649 win 0.508 fair 0.539 roi -0.113 z_edge -1.56 | old n 189 roi -0.091 | new n 460 roi -0.122
    -151..-200: n  1317 win 0.616 fair 0.598 roi -0.033 z_edge +1.30 | old n 569 roi -0.066 | new n 748 roi -0.007
    -201..-300: n  1263 win 0.710 fair 0.671 roi -0.005 z_edge +3.07 | old n 649 roi -0.000 | new n 614 roi -0.011
    -301..-500: n  1607 win 0.779 fair 0.751 roi -0.020 z_edge +2.69 | old n 785 roi -0.021 | new n 822 roi -0.019
         -500+: n  1659 win 0.882 fair 0.850 roi -0.017 z_edge +4.13 | old n 895 roi -0.021 | new n 764 roi -0.012
 ATP b365 straights [model+2%]
    -101..-150: n  1242 win 0.510 fair 0.538 roi -0.108 z_edge -2.01 | old n 385 roi -0.108 | new n 857 roi -0.108
    -151..-200: n  2075 win 0.571 fair 0.598 roi -0.103 z_edge -2.46 | old n 865 roi -0.139 | new n 1210 roi -0.077
    -201..-300: n  1161 win 0.677 fair 0.670 roi -0.050 z_edge +0.49 | old n 468 roi -0.041 | new n 693 roi -0.056
    -301..-500: n  1028 win 0.743 fair 0.746 roi -0.057 z_edge -0.18 | old n 404 roi -0.071 | new n 624 roi -0.048
         -500+: n   573 win 0.843 fair 0.850 roi -0.061 z_edge -0.48 | old n 229 roi -0.058 | new n 344 roi -0.063
 WTA pin straights [all]
    -101..-150: n  8256 win 0.534 fair 0.545 roi -0.047 z_edge -2.12 | old n 3924 roi -0.047 | new n 4332 roi -0.046
    -151..-200: n  6885 win 0.617 fair 0.618 roi -0.027 z_edge -0.15 | old n 3194 roi -0.029 | new n 3691 roi -0.025
    -201..-300: n  6803 win 0.694 fair 0.690 roi -0.020 z_edge +0.77 | old n 3338 roi -0.022 | new n 3465 roi -0.018
    -301..-500: n  5806 win 0.772 fair 0.769 roi -0.023 z_edge +0.48 | old n 2800 roi -0.024 | new n 3006 roi -0.022
         -500+: n  4649 win 0.892 fair 0.873 roi -0.005 z_edge +4.20 | old n 2399 roi -0.010 | new n 2250 roi +0.001
 WTA pin straights [blend+2%]
    -101..-150: n   156 win 0.545 fair 0.551 roi -0.033 z_edge -0.15 | old n 79 roi -0.176 | new n 77 roi +0.113
    -151..-200: n   219 win 0.676 fair 0.617 roi +0.066 z_edge +1.87 | old n 122 roi +0.049 | new n 97 roi +0.089
    -201..-300: n   271 win 0.727 fair 0.690 roi +0.028 z_edge +1.37 | old n 194 roi -0.005 | new n 77 roi +0.109
    -301..-500: n   209 win 0.794 fair 0.763 roi +0.013 z_edge +1.11 | old n 128 roi +0.033 | new n 81 roi -0.020
         -500+: n    36 win 0.861 fair 0.831 roi +0.010 z_edge +0.52 | old n 25 roi -0.018 | new n 11 roi +0.073
 WTA pin straights [model+2%]
    -101..-150: n  2537 win 0.527 fair 0.544 roi -0.057 z_edge -1.73 | old n 1079 roi -0.079 | new n 1458 roi -0.041
    -151..-200: n  1628 win 0.591 fair 0.617 roi -0.068 z_edge -2.16 | old n 601 roi -0.042 | new n 1027 roi -0.084
    -201..-300: n  1219 win 0.699 fair 0.688 roi -0.010 z_edge +0.85 | old n 449 roi -0.018 | new n 770 roi -0.005
    -301..-500: n   737 win 0.786 fair 0.765 roi -0.001 z_edge +1.35 | old n 241 roi +0.031 | new n 496 roi -0.017
         -500+: n   246 win 0.911 fair 0.854 roi +0.039 z_edge +3.13 | old n 91 roi -0.002 | new n 155 roi +0.064
 WTA b365 straights [all]
    -101..-150: n  4354 win 0.519 fair 0.539 roi -0.094 z_edge -2.61 | old n 1541 roi -0.097 | new n 2813 roi -0.093
    -151..-200: n  8799 win 0.594 fair 0.598 roi -0.068 z_edge -0.85 | old n 4404 roi -0.084 | new n 4395 roi -0.052
    -201..-300: n  6169 win 0.676 fair 0.671 roi -0.053 z_edge +0.82 | old n 3041 roi -0.056 | new n 3128 roi -0.051
    -301..-500: n  6726 win 0.754 fair 0.748 roi -0.048 z_edge +1.13 | old n 3280 roi -0.061 | new n 3446 roi -0.035
         -500+: n  5470 win 0.878 fair 0.854 roi -0.026 z_edge +5.44 | old n 2984 roi -0.035 | new n 2486 roi -0.016
 WTA b365 straights [blend+2%]
    -101..-150: n   715 win 0.568 fair 0.539 roi -0.009 z_edge +1.53 | old n 249 roi -0.102 | new n 466 roi +0.041
    -151..-200: n  1601 win 0.621 fair 0.600 roi -0.028 z_edge +1.73 | old n 781 roi -0.064 | new n 820 roi +0.006
    -201..-300: n  1404 win 0.702 fair 0.670 roi -0.017 z_edge +2.54 | old n 755 roi -0.006 | new n 649 roi -0.029
    -301..-500: n  1586 win 0.772 fair 0.750 roi -0.027 z_edge +2.19 | old n 811 roi -0.048 | new n 775 roi -0.005
         -500+: n  1393 win 0.877 fair 0.846 roi -0.020 z_edge +3.60 | old n 749 roi -0.020 | new n 644 roi -0.019
 WTA b365 straights [model+2%]
    -101..-150: n  1375 win 0.520 fair 0.539 roi -0.093 z_edge -1.42 | old n 438 roi -0.127 | new n 937 roi -0.077
    -151..-200: n  2181 win 0.577 fair 0.598 roi -0.093 z_edge -1.92 | old n 888 roi -0.096 | new n 1293 roi -0.090
    -201..-300: n  1229 win 0.679 fair 0.670 roi -0.047 z_edge +0.68 | old n 472 roi -0.037 | new n 757 roi -0.054
    -301..-500: n  1018 win 0.746 fair 0.745 roi -0.054 z_edge +0.03 | old n 354 roi -0.071 | new n 664 roi -0.045
         -500+: n   429 win 0.897 fair 0.840 roi +0.011 z_edge +3.94 | old n 171 roi -0.024 | new n 258 roi +0.034
 ATP pin parlay cap -150 [all]: 1224 tickets, hit 0.166 (fair 0.171), avg +444, roi -0.111 z -1.94 | old 529 -0.073 | new 695 -0.141
 ATP pin parlay cap -200 [all]: 2097 tickets, hit 0.211 (fair 0.222), avg +325, roi -0.114 z -3.02 | old 946 -0.141 | new 1151 -0.092
 ATP pin parlay cap -300 [all]: 2501 tickets, hit 0.304 (fair 0.295), avg +225, roi -0.049 z -1.66 | old 1164 -0.055 | new 1337 -0.043
 ATP pin parlay cap -200 [blend+2%]: 6 tickets, hit 0.000 (fair 0.211), avg +341, roi -1.000 z +0.00 | old 3 -1.000 | new 3 -1.000
 ATP pin parlay cap -300 [blend+2%]: 18 tickets, hit 0.167 (fair 0.260), avg +265, roi -0.481 z -1.70 | old 8 -0.202 | new 10 -0.705
 ATP pin parlay cap -150 [model+2%]: 187 tickets, hit 0.150 (fair 0.163), avg +472, roi -0.157 z -1.06 | old 70 -0.378 | new 117 -0.025
 ATP pin parlay cap -200 [model+2%]: 507 tickets, hit 0.175 (fair 0.199), avg +373, roi -0.186 z -2.35 | old 185 -0.318 | new 322 -0.111
 ATP pin parlay cap -300 [model+2%]: 765 tickets, hit 0.224 (fair 0.236), avg +308, roi -0.128 z -2.13 | old 296 -0.149 | new 469 -0.115
 ATP b365 parlay cap -150 [all]: 498 tickets, hit 0.112 (fair 0.162), avg +418, roi -0.422 z -5.79 | old 105 -0.495 | new 393 -0.403
 ATP b365 parlay cap -200 [all]: 1909 tickets, hit 0.195 (fair 0.213), avg +294, roi -0.239 z -6.72 | old 818 -0.301 | new 1091 -0.193
 ATP b365 parlay cap -300 [all]: 2394 tickets, hit 0.273 (fair 0.271), avg +216, roi -0.176 z -6.31 | old 1103 -0.221 | new 1291 -0.137
 ATP b365 parlay cap -150 [blend+2%]: 9 tickets, hit 0.222 (fair 0.166), avg +413, roi +0.128 z +0.17 | old 1 +4.325 | new 8 -0.397
 ATP b365 parlay cap -200 [blend+2%]: 141 tickets, hit 0.270 (fair 0.197), avg +329, roi +0.133 z +0.83 | old 35 +0.169 | new 106 +0.121
 ATP b365 parlay cap -300 [blend+2%]: 346 tickets, hit 0.303 (fair 0.242), avg +252, roi +0.034 z +0.39 | old 141 +0.030 | new 205 +0.037
 ATP b365 parlay cap -150 [model+2%]: 49 tickets, hit 0.102 (fair 0.159), avg +430, roi -0.467 z -2.04 | old 4 +0.331 | new 45 -0.538
 ATP b365 parlay cap -200 [model+2%]: 390 tickets, hit 0.197 (fair 0.198), avg +324, roi -0.192 z -2.32 | old 127 -0.262 | new 263 -0.159
 ATP b365 parlay cap -300 [model+2%]: 631 tickets, hit 0.224 (fair 0.230), avg +271, roi -0.206 z -3.45 | old 218 -0.242 | new 413 -0.187
 WTA pin parlay cap -150 [all]: 1308 tickets, hit 0.161 (fair 0.170), avg +445, roi -0.126 z -2.28 | old 602 -0.151 | new 706 -0.105
 WTA pin parlay cap -200 [all]: 2270 tickets, hit 0.207 (fair 0.220), avg +328, roi -0.134 z -3.71 | old 1043 -0.135 | new 1227 -0.133
 WTA pin parlay cap -300 [all]: 2680 tickets, hit 0.289 (fair 0.291), avg +230, roi -0.087 z -3.08 | old 1260 -0.082 | new 1420 -0.092
 WTA pin parlay cap -200 [blend+2%]: 5 tickets, hit 0.600 (fair 0.201), avg +362, roi +1.674 z +1.51 | old 2 -1.000 | new 3 +3.457
 WTA pin parlay cap -300 [blend+2%]: 13 tickets, hit 0.538 (fair 0.237), avg +295, roi +1.124 z +1.94 | old 5 +0.394 | new 8 +1.580
 WTA pin parlay cap -150 [model+2%]: 205 tickets, hit 0.112 (fair 0.163), avg +468, roi -0.367 z -2.94 | old 86 -0.412 | new 119 -0.335
 WTA pin parlay cap -200 [model+2%]: 543 tickets, hit 0.160 (fair 0.197), avg +377, roi -0.236 z -3.11 | old 205 -0.242 | new 338 -0.232
 WTA pin parlay cap -300 [model+2%]: 804 tickets, hit 0.224 (fair 0.238), avg +305, roi -0.148 z -2.57 | old 301 -0.045 | new 503 -0.210
 WTA b365 parlay cap -150 [all]: 542 tickets, hit 0.120 (fair 0.161), avg +419, roi -0.376 z -5.16 | old 151 -0.519 | new 391 -0.321
 WTA b365 parlay cap -200 [all]: 2061 tickets, hit 0.190 (fair 0.213), avg +295, roi -0.259 z -7.66 | old 935 -0.269 | new 1126 -0.251
 WTA b365 parlay cap -300 [all]: 2541 tickets, hit 0.269 (fair 0.270), avg +217, roi -0.171 z -6.20 | old 1181 -0.192 | new 1360 -0.152
 WTA b365 parlay cap -150 [blend+2%]: 7 tickets, hit 0.143 (fair 0.157), avg +435, roi -0.204 z -0.26 | old 2 -1.000 | new 5 +0.115
 WTA b365 parlay cap -200 [blend+2%]: 170 tickets, hit 0.212 (fair 0.201), avg +315, roi -0.128 z -0.98 | old 75 -0.231 | new 95 -0.045
 WTA b365 parlay cap -300 [blend+2%]: 437 tickets, hit 0.277 (fair 0.241), avg +251, roi -0.056 z -0.75 | old 208 -0.082 | new 229 -0.031
 WTA b365 parlay cap -150 [model+2%]: 65 tickets, hit 0.077 (fair 0.160), avg +427, roi -0.586 z -3.26 | old 9 -1.000 | new 56 -0.519
 WTA b365 parlay cap -200 [model+2%]: 389 tickets, hit 0.162 (fair 0.198), avg +326, roi -0.306 z -3.79 | old 128 -0.361 | new 261 -0.279
 WTA b365 parlay cap -300 [model+2%]: 666 tickets, hit 0.219 (fair 0.233), avg +267, roi -0.233 z -4.06 | old 238 -0.318 | new 428 -0.185
 tests at n300+: 266 straight, 28 parlay; expected by luck 0.062 + 0.751
 passed the bar: ['atp|b365|blend+2%|parlay -300'] · proven (not luck-sized): none
 VERDICT: NOT LUCRATIVE (a pass that looks like luck). atp|b365|blend+2%|parlay -300 (n 346, roi +0.034, profit z +0.39) clears the bar, but its profit z is under 2 and 0.81 passes were expected by luck alone. Nothing to act on. Research only.
✅ tennis heavy favorites: 11s · proven: {"proven": []}
study run done in 352s: 20/20 studies ok
✅ underdogs + favorites: 3s · proven: {"nfl": [], "nfl price check": false, "ncaaf": [], "ncaaf price check": false, "nba": [], "nba price check": false, "ncaab": [], "ncaab price check": true, "mlb": [], "mlb price check": false, "nhl": [], "nhl price check": true}
✅ over/unders: 11s · proven: {"nfl": true, "ncaaf": false, "nba": false, "ncaab": true, "mlb": false, "nhl": false}
✅ hockey: 19s · proven: null
✅ spread vs moneyline: 11s · proven: {"nfl": true, "ncaaf": false, "nba": false, "ncaab": false}
✅ puck lines / run lines: 6s · proven: null
✅ halves / first period: 2s · proven: null
✅ comebacks: 193s · proven: null
✅ trends: 10s · proven: {"proven": ["ncaab|rate|fav_cover", "ncaaf|rate|total"]}
✅ rigged / fade the public: 1s · proven: {"proven": []}
✅ self-check on our picks: 0s · proven: null
✅ situational spots: 17s · proven: {"nfl": [], "ncaaf": [], "nba": [], "ncaab": [], "mlb": [], "nhl": []}
✅ line movement + CLV: 3s · proven: {"proven": []}
✅ our engine vs the move (can it beat the pros?): 5s · proven: {"proven": []}
✅ the engine's strengths, sport by sport: 6s · proven: {"proven": ["ncaaf", "nba"]}
THE CONTEXT STUDY: 584 tests with 300+ bets; bar z >= 3.5 + profit in both halves. Luck alone: ~0.136 false positives expected (fake no-edge results passed 0.0 on average); refs: officials.json loaded
nfl: 2762 games · proven - · confirmed - · killed -
   ref_home-|spread|dog         n=   440 roi old +0.016 new +0.101 edge +0.0529 z=+1.29
   any:out_dome|total|over      n=   461 roi old +0.057 new +0.025 edge +0.0444 z=+0.93
   div|spread|dog               n=   776 roi old +0.026 new +0.034 edge +0.0378 z=+0.86
   out_dome|ml|team             n=   449 roi old +0.121 new -0.031 edge +0.0396 z=+0.75
   any:dome_out|total|under     n=   456 roi old +0.014 new +0.040 edge +0.0374 z=+0.61
   rival|spread|home            n=   332 roi old +0.051 new -0.007 edge +0.0338 z=+0.42
ncaaf: 9585 games · proven - · confirmed - · killed -
   any:east1000|total|under     n=   461 roi old +0.063 new +0.098 edge +0.0663 z=+1.83
   rival|spread|road            n=   301 roi old +0.018 new +0.124 edge +0.0612 z=+1.30
   rival|total|under            n=   303 roi old +0.073 new +0.064 edge +0.0610 z=+1.26
   west1000|ml|fade             n=   443 roi old -0.025 new +0.105 edge +0.0302 z=+0.64
   trip1000|ml|fade             n=   889 roi old -0.027 new +0.067 edge +0.0162 z=+0.47
   east1000|ml|team             n=   456 roi old +0.171 new -0.116 edge -0.0023 z=+0.31
nba: 12852 games · proven - · confirmed - · killed -
   any:rest|total|over          n=   328 roi old +0.140 new +0.105 edge +0.0881 z=+2.36
   ref_under|ml|road            n=   403 roi old +0.116 new +0.234 edge +0.0761 z=+2.29
   any:tank|total|over          n=   584 roi old +0.006 new +0.124 edge +0.0581 z=+1.66
   any:elim|total|over          n=   664 roi old -0.017 new +0.110 edge +0.0481 z=+1.26
   ref_under|ml|dog             n=   400 roi old +0.064 new +0.127 edge +0.0431 z=+1.13
   tank|spread|fade             n=   527 roi old +0.032 new +0.050 edge +0.0445 z=+0.99
ncaab: 58494 games · proven - · confirmed - · killed -
   ref_under|total|under        n=  2506 roi old +0.032 new +0.064 edge +0.0488 z=+2.54
   ref_over|total|over          n=  1492 roi old +0.065 new +0.022 edge +0.0467 z=+1.77
   road3in6|spread|team         n=   481 roi old +0.019 new +0.048 edge +0.0411 z=+0.76
   rival|spread|home            n=   368 roi old +0.130 new -0.055 edge +0.0435 z=+0.76
   rival|total|under            n=   371 roi old +0.084 new -0.042 edge +0.0342 z=+0.41
   rival|ml|home                n=   374 roi old +0.054 new -0.025 edge +0.0330 z=+0.30
mlb: 23237 games · proven - · confirmed - · killed -
   trip2000|ml|fade             n=   658 roi old +0.089 new -0.043 edge +0.0265 z=+0.58
   east1000|ml|team             n=  1397 roi old +0.043 new -0.011 edge +0.0243 z=+0.57
   nonconf|ml|road              n=  4275 roi old +0.039 new -0.032 edge +0.0179 z=+0.20
   any:west1000|total|over      n=  1437 roi old -0.022 new +0.030 edge +0.0247 z=+0.15
   trip1000|ml|team             n=  2469 roi old -0.003 new +0.003 edge +0.0165 z=+0.01
   ref_under|total|under        n=  3079 roi old +0.001 new -0.003 edge +0.0217 z=-0.06
nhl: 13203 games · proven - · confirmed - · killed -
   ref_home+|ml|road            n=   489 roi old +0.045 new +0.001 edge +0.0281 z=+0.45
   race|ml|team                 n=  1320 roi old +0.025 new -0.022 edge +0.0237 z=+0.04
   ref_home-|total|under        n=   589 roi old +0.035 new -0.037 edge +0.0231 z=-0.03
   mustwin|ml|team              n=  1228 roi old +0.036 new -0.040 edge +0.0226 z=-0.07
   trip2000|ml|fade             n=   526 roi old -0.017 new -0.002 edge +0.0104 z=-0.21
   any:west1000|total|over      n=  1324 roi old +0.004 new -0.019 edge +0.0201 z=-0.29
✅ context: rivalries, travel, domes, stakes, refs: 37s · proven: {"nfl": [], "ncaaf": [], "nba": [], "ncaab": [], "mlb": [], "nhl": []}
✅ early value plays: the early-price exam: 57s · proven: {"proven": ["mlb +8..12 (+100..+149 dogs)"]}
THE EXPLORER: tested 6003 NEW angles (93911 ever) in 40.1s
   new suspects: 0 (luck alone would give ~1.4) · promoted to PROVEN: 0 · killed: 0 · proven demoted: 0
   now watching 0 suspects · 0 proven · 0 killed
   TEAM TRENDS pooled across sports (all games so far; 'follow' = ride the trend, 'fade' = bet against it; the bar: 300+ bets, profit in both halves, z 3.5+):
   1st-quarter form|ml: n=23934 (2018-04-07..2026-09-27) follow hit 62.2% older / 62.9% newer (fair 61.3%, roi -0.024 / -0.026, z -4.07, edge z 4.42) · fade hit 37.8% / 37.1% (roi -0.095 / -0.146, z -12.25) -> no edge
   1st-quarter form|p1ml: n=14233 (2018-09-09..2026-09-27) follow hit 60.6% older / 61.4% newer (fair 59.7%, roi -0.031 / -0.036, z -4.63, edge z 3.32) · fade hit 39.4% / 38.6% (roi -0.083 / -0.117, z -9.09) -> no edge
   1st-quarter form|p1spread: n=14641 (2018-09-09..2026-09-27) follow hit 50.4% older / 50.0% newer (fair 50.0%, roi -0.043 / -0.060, z -6.6, edge z 0.49) · fade hit 49.5% / 50.0% (roi -0.060 / -0.059, z -7.58) -> no edge
   1st-quarter form|spread: n=21353 (2018-10-20..2026-06-14) follow hit 49.8% older / 50.4% newer (fair 50.0%, roi -0.048 / -0.037, z -6.54, edge z 0.27) · fade hit 50.2% / 49.6% (roi -0.042 / -0.051, z -7.09) -> no edge
   O/U streak 4+|total: n=15238 (2018-04-04..2026-10-01) follow hit 49.7% older / 50.8% newer (fair 50.0%, roi -0.051 / -0.030, z -5.21, edge z 0.51) · fade hit 50.3% / 49.2% (roi -0.038 / -0.059, z -6.22) -> no edge
   division record|ml: n=2507 (2018-09-09..2026-10-02) follow hit 64.4% older / 65.3% newer (fair 62.9%, roi +0.016 / -0.017, z -0.01, edge z 2.1) · fade hit 35.6% / 34.7% (roi -0.080 / -0.095, z -3.0) -> no edge
   division record|spread: n=1413 (2018-09-09..2026-10-02) follow hit 50.6% older / 48.7% newer (fair 50.0%, roi -0.032 / -0.070, z -2.01, edge z -0.3) · fade hit 49.4% / 51.3% (roi -0.055 / -0.016, z -1.41) -> no edge
   prime-time record|ml: n=189 (2018-09-17..2026-09-28) follow hit 59.6% older / 62.1% newer (fair 59.9%, roi -0.080 / +0.022, z -0.45, edge z 0.28) · fade hit 40.4% / 37.9% (roi -0.116 / -0.054, z -0.89) -> no edge
   prime-time record|spread: n=187 (2018-09-17..2026-09-28) follow hit 52.7% older / 47.9% newer (fair 50.0%, roi +0.010 / -0.085, z -0.54, edge z 0.08) · fade hit 47.3% / 52.1% (roi -0.090 / -0.007, z -0.69) -> no edge
   road ATS rate|spread: n=10247 (2018-11-04..2026-10-02) follow hit 48.8% older / 48.2% newer (fair 50.0%, roi -0.068 / -0.079, z -7.78, edge z -3.05) · fade hit 51.2% / 51.8% (roi -0.022 / -0.010, z -1.68) -> no edge
   season ATS rate|spread: n=13032 (2018-10-13..2026-04-04) follow hit 48.2% older / 49.1% newer (fair 50.0%, roi -0.079 / -0.062, z -8.4, edge z -3.09) · fade hit 51.8% / 50.9% (roi -0.011 / -0.026, z -2.23) -> no edge
   team ATS streak 3+|spread: n=16471 (2018-09-16..2026-09-27) follow hit 49.2% older / 49.4% newer (fair 50.0%, roi -0.061 / -0.055, z -7.77, edge z -1.79) · fade hit 50.8% / 50.6% (roi -0.029 / -0.034, z -4.21) -> no edge
   team ATS streak 5+|spread: n=4204 (2018-10-06..2026-06-09) follow hit 48.4% older / 48.2% newer (fair 50.0%, roi -0.075 / -0.077, z -5.17, edge z -2.14) · fade hit 51.6% / 51.8% (roi -0.015 / -0.011, z -0.87) -> no edge
✅ the explorer: NEW angles: 41s · proven: {"proven": []}
THE TENNIS EDGE STUDY: 64658 priced matches 2012-01-01 -> 2026-08-03 (older half < 2018-05-27 <= newer half) in 37.4s
   softest segments (a bias learned on the older half that still helps on the newer, mnats/match): WTA rank x10+ +1.15, WTA slam +0.91, WTA round sf+ +0.89, ATP indoor +0.78
   ATP: log loss pin 0.5752 / b365 0.5759 / avg 0.576 · margin pin 0.0253 b365 0.0605
   WTA: log loss pin 0.5903 / b365 0.5912 / avg 0.5908 · margin pin 0.0266 b365 0.0619
   line shop b365 >2% over pinnacle fair: n=4674 roi -0.066 / -0.032 (expected +0.063) edge z=2.68 · beats fair in 14% of matches
   line shop avg >2% over pinnacle fair: n=928 roi -0.164 / -0.045 (expected +0.067) edge z=-0.25 · beats fair in 4% of matches
   line shop max >2% over pinnacle fair: n=30043 roi +0.016 / +0.023 (expected +0.069) edge z=2.42 · beats fair in 73% of matches
   model vs market, newer half: pinnacle 0.597 · elo 0.6295 · model 0.6262 · blend 0.5969 (+0.100 mnats, z 1.07)
   bovada: 155 closing lines, margin 0.0453, 0 matched to pinnacle, 94 graded
   names -> ESPN ids: 0.8856 of 1556 names since ESPN's history (by tour {'atp': 0.9195, 'wta': 0.8534}), 0.9386 of match sides · birth dates for 0.9385 of sides (2807 bios on file)
   life atoms (122 read-outs at pinnacle): wta|pin|yvv:vet n=1818 roi +0.020 / -0.095 z 1.53 / -1.45, wta|pin|age:teen n=4296 roi +0.006 / +0.007 z 1.07 / 1.99, wta|pin|tvv:vet n=483 roi +0.046 / -0.126 z 0.51 / -1.2, atp|pin|age:teen n=2324 roi +0.015 / +0.006 z 0.28 / 1.94
   registry: tested 3643 new angles (48529 ever) · new suspects 3 · promoted 0 · killed 3 · luck would give ~11.29 suspects / 0.2568 proven ever
   fixed tests: 543 this run, 1 pass the bar (luck ~0.252)
   NEW SUSPECT atp|avg|age:prime&gavg:under&olay:long: older half n=521 roi +0.056 edge z=3.89 | newer half n=629 roi -0.050 edge z=-0.04
   NEW SUSPECT atp|b365|age:prime&gavg:under&olay:long: older half n=519 roi +0.045 edge z=3.72 | newer half n=628 roi -0.053 edge z=-0.12
   NEW SUSPECT atp|pin|age:prime&gavg:under&olay:long: older half n=521 roi +0.086 edge z=3.75 | newer half n=629 roi -0.021 edge z=-0.1
   KILLED atp|avg|age:prime&gavg:under&olay:long: older half n=521 roi +0.056 edge z=3.89 | newer half n=629 roi -0.050 edge z=-0.04
   KILLED atp|b365|age:prime&gavg:under&olay:long: older half n=519 roi +0.045 edge z=3.72 | newer half n=628 roi -0.053 edge z=-0.12
   KILLED atp|pin|age:prime&gavg:under&olay:long: older half n=521 roi +0.086 edge z=3.75 | newer half n=629 roi -0.021 edge z=-0.1
   PASSES price 90-100% wta at max: n=1231 roi +0.012 / +0.029 z=3.87 (NOT a gettable price)
   closest angle: atp|avg|age:prime&g365:under&olay:long n=1104 roi +0.036 / -0.037 z older 3.48 all 2.4
   closest angle: atp|avg|age:prime&last:dist&p:80+ n=535 roi +0.011 / -0.021 z older 3.46 all 3.3
   closest angle: atp|pin|age:prime&g365:under&olay:long n=1104 roi +0.067 / -0.007 z older 3.31 all 2.26
   closest fixed: line shop b365 all fav gap>0% n=2020 roi +0.044 / +0.008 z=4.48
   closest fixed: line shop b365 atp fav gap>0% n=970 roi +0.067 / +0.007 z=3.45
   closest fixed: line shop b365 wta fav gap>0% n=1050 roi +0.026 / +0.010 z=2.9
   PROVEN: nothing
✅ tennis edge: 38s · proven: {"proven": []}
first set ATP: 32132 matches, implied log loss 0.62855 (match chance as set-1 chance 0.63577, coin 0.69315)
  crew overperformance: closest >= 0.05: n 19692, hit 0.5266 vs implied 0.5218, z 1.41 (vs recalibrated 0.73), ROI -0.0502 (older -0.0615, newer -0.0399) - z 1.41 < 3.5; older ROI -0.0615 <= 0; newer ROI -0.0399 <= 0
  crew raw_rate: closest >= 0.10: n 15498, hit 0.6247 vs implied 0.608, z 4.4 (vs recalibrated 1.16), ROI -0.0269 (older -0.0388, newer -0.016) - older ROI -0.0388 <= 0; newer ROI -0.016 <= 0
first set WTA: 32523 matches, implied log loss 0.62585 (match chance as set-1 chance 0.62643, coin 0.69315)
  crew overperformance: closest >= 0.15: n 8372, hit 0.5631 vs implied 0.549, z 2.69 (vs recalibrated 1.03), ROI -0.0357 (older -0.0422, newer -0.0286) - z 2.69 < 3.5; older ROI -0.0422 <= 0; newer ROI -0.0286 <= 0
  crew raw_rate: closest >= 0.20: n 8256, hit 0.6662 vs implied 0.638, z 5.49 (vs recalibrated 0.74), ROI -0.0109 (older -0.0057, newer -0.0164) - older ROI -0.0057 <= 0; newer ROI -0.0164 <= 0
first set real Bovada lines: 0 captured, 0 matched (test runs at 300) · 4.3s
✅ tennis first set: 4s · proven: {"proven": []}
HEAVY TENNIS FAVORITES (research only): 64658 priced matches 2012-01-01 -> 2026-01-14, split 2018-05-27, 53807 rated
 ATP pin straights [all]
    -101..-150: n  7563 win 0.541 fair 0.547 roi -0.035 z_edge -1.02 | old n 3291 roi -0.035 | new n 4272 roi -0.036
    -151..-200: n  6518 win 0.604 fair 0.619 roi -0.048 z_edge -2.43 | old n 2813 roi -0.043 | new n 3705 roi -0.052
    -201..-300: n  6514 win 0.698 fair 0.691 roi -0.014 z_edge +1.31 | old n 3112 roi -0.020 | new n 3402 roi -0.009
    -301..-500: n  5611 win 0.784 fair 0.771 roi -0.007 z_edge +2.42 | old n 2841 roi +0.006 | new n 2770 roi -0.020
         -500+: n  5778 win 0.896 fair 0.884 roi -0.009 z_edge +3.26 | old n 3246 roi -0.009 | new n 2532 roi -0.009
 ATP pin straights [blend+2%]
    -101..-150: n   116 win 0.560 fair 0.552 roi -0.012 z_edge +0.19 | old n 69 roi +0.043 | new n 47 roi -0.092
    -151..-200: n   207 win 0.551 fair 0.620 roi -0.134 z_edge -1.99 | old n 129 roi -0.072 | new n 78 roi -0.235
    -201..-300: n   233 win 0.717 fair 0.691 roi +0.011 z_edge +0.87 | old n 161 roi +0.017 | new n 72 roi -0.001
    -301..-500: n   173 win 0.775 fair 0.771 roi -0.021 z_edge +0.10 | old n 132 roi -0.014 | new n 41 roi -0.043
         -500+: n    35 win 0.914 fair 0.841 roi +0.060 z_edge +1.51 | old n 30 roi +0.083 | new n 5 roi -0.074
 ATP pin straights [model+2%]
    -101..-150: n  2343 win 0.527 fair 0.545 roi -0.055 z_edge -1.74 | old n 975 roi -0.042 | new n 1368 roi -0.065
    -151..-200: n  1544 win 0.589 fair 0.617 roi -0.068 z_edge -2.19 | old n 591 roi -0.076 | new n 953 roi -0.064
    -201..-300: n  1220 win 0.686 fair 0.689 roi -0.027 z_edge -0.20 | old n 461 roi -0.022 | new n 759 roi -0.030
    -301..-500: n   696 win 0.783 fair 0.768 roi -0.004 z_edge +0.99 | old n 274 roi +0.010 | new n 422 roi -0.014
         -500+: n   345 win 0.870 fair 0.868 roi -0.022 z_edge +0.10 | old n 126 roi +0.003 | new n 219 roi -0.037
 ATP b365 straights [all]
    -101..-150: n  4071 win 0.529 fair 0.539 roi -0.078 z_edge -1.38 | old n 1278 roi -0.087 | new n 2793 roi -0.074
    -151..-200: n  8140 win 0.585 fair 0.599 roi -0.082 z_edge -2.43 | old n 3777 roi -0.089 | new n 4363 roi -0.076
    -201..-300: n  5979 win 0.676 fair 0.671 roi -0.052 z_edge +0.88 | old n 2913 roi -0.066 | new n 3066 roi -0.040
    -301..-500: n  6606 win 0.761 fair 0.748 roi -0.038 z_edge +2.53 | old n 3213 roi -0.038 | new n 3393 roi -0.037
         -500+: n  6547 win 0.885 fair 0.864 roi -0.027 z_edge +5.31 | old n 3868 roi -0.030 | new n 2679 roi -0.023
 ATP b365 straights [blend+2%]
    -101..-150: n   649 win 0.508 fair 0.539 roi -0.113 z_edge -1.56 | old n 189 roi -0.091 | new n 460 roi -0.122
    -151..-200: n  1317 win 0.616 fair 0.598 roi -0.033 z_edge +1.30 | old n 569 roi -0.066 | new n 748 roi -0.007
    -201..-300: n  1263 win 0.710 fair 0.671 roi -0.005 z_edge +3.07 | old n 649 roi -0.000 | new n 614 roi -0.011
    -301..-500: n  1607 win 0.779 fair 0.751 roi -0.020 z_edge +2.69 | old n 785 roi -0.021 | new n 822 roi -0.019
         -500+: n  1659 win 0.882 fair 0.850 roi -0.017 z_edge +4.13 | old n 895 roi -0.021 | new n 764 roi -0.012
 ATP b365 straights [model+2%]
    -101..-150: n  1242 win 0.510 fair 0.538 roi -0.108 z_edge -2.01 | old n 385 roi -0.108 | new n 857 roi -0.108
    -151..-200: n  2075 win 0.571 fair 0.598 roi -0.103 z_edge -2.46 | old n 865 roi -0.139 | new n 1210 roi -0.077
    -201..-300: n  1161 win 0.677 fair 0.670 roi -0.050 z_edge +0.49 | old n 468 roi -0.041 | new n 693 roi -0.056
    -301..-500: n  1028 win 0.743 fair 0.746 roi -0.057 z_edge -0.18 | old n 404 roi -0.071 | new n 624 roi -0.048
         -500+: n   573 win 0.843 fair 0.850 roi -0.061 z_edge -0.48 | old n 229 roi -0.058 | new n 344 roi -0.063
 WTA pin straights [all]
    -101..-150: n  8256 win 0.534 fair 0.545 roi -0.047 z_edge -2.12 | old n 3924 roi -0.047 | new n 4332 roi -0.046
    -151..-200: n  6885 win 0.617 fair 0.618 roi -0.027 z_edge -0.15 | old n 3194 roi -0.029 | new n 3691 roi -0.025
    -201..-300: n  6803 win 0.694 fair 0.690 roi -0.020 z_edge +0.77 | old n 3338 roi -0.022 | new n 3465 roi -0.018
    -301..-500: n  5806 win 0.772 fair 0.769 roi -0.023 z_edge +0.48 | old n 2800 roi -0.024 | new n 3006 roi -0.022
         -500+: n  4649 win 0.892 fair 0.873 roi -0.005 z_edge +4.20 | old n 2399 roi -0.010 | new n 2250 roi +0.001
 WTA pin straights [blend+2%]
    -101..-150: n   156 win 0.545 fair 0.551 roi -0.033 z_edge -0.15 | old n 79 roi -0.176 | new n 77 roi +0.113
    -151..-200: n   219 win 0.676 fair 0.617 roi +0.066 z_edge +1.87 | old n 122 roi +0.049 | new n 97 roi +0.089
    -201..-300: n   271 win 0.727 fair 0.690 roi +0.028 z_edge +1.37 | old n 194 roi -0.005 | new n 77 roi +0.109
    -301..-500: n   209 win 0.794 fair 0.763 roi +0.013 z_edge +1.11 | old n 128 roi +0.033 | new n 81 roi -0.020
         -500+: n    36 win 0.861 fair 0.831 roi +0.010 z_edge +0.52 | old n 25 roi -0.018 | new n 11 roi +0.073
 WTA pin straights [model+2%]
    -101..-150: n  2537 win 0.527 fair 0.544 roi -0.057 z_edge -1.73 | old n 1079 roi -0.079 | new n 1458 roi -0.041
    -151..-200: n  1628 win 0.591 fair 0.617 roi -0.068 z_edge -2.16 | old n 601 roi -0.042 | new n 1027 roi -0.084
    -201..-300: n  1219 win 0.699 fair 0.688 roi -0.010 z_edge +0.85 | old n 449 roi -0.018 | new n 770 roi -0.005
    -301..-500: n   737 win 0.786 fair 0.765 roi -0.001 z_edge +1.35 | old n 241 roi +0.031 | new n 496 roi -0.017
         -500+: n   246 win 0.911 fair 0.854 roi +0.039 z_edge +3.13 | old n 91 roi -0.002 | new n 155 roi +0.064
 WTA b365 straights [all]
    -101..-150: n  4354 win 0.519 fair 0.539 roi -0.094 z_edge -2.61 | old n 1541 roi -0.097 | new n 2813 roi -0.093
    -151..-200: n  8799 win 0.594 fair 0.598 roi -0.068 z_edge -0.85 | old n 4404 roi -0.084 | new n 4395 roi -0.052
    -201..-300: n  6169 win 0.676 fair 0.671 roi -0.053 z_edge +0.82 | old n 3041 roi -0.056 | new n 3128 roi -0.051
    -301..-500: n  6726 win 0.754 fair 0.748 roi -0.048 z_edge +1.13 | old n 3280 roi -0.061 | new n 3446 roi -0.035
         -500+: n  5470 win 0.878 fair 0.854 roi -0.026 z_edge +5.44 | old n 2984 roi -0.035 | new n 2486 roi -0.016
 WTA b365 straights [blend+2%]
    -101..-150: n   715 win 0.568 fair 0.539 roi -0.009 z_edge +1.53 | old n 249 roi -0.102 | new n 466 roi +0.041
    -151..-200: n  1601 win 0.621 fair 0.600 roi -0.028 z_edge +1.73 | old n 781 roi -0.064 | new n 820 roi +0.006
    -201..-300: n  1404 win 0.702 fair 0.670 roi -0.017 z_edge +2.54 | old n 755 roi -0.006 | new n 649 roi -0.029
    -301..-500: n  1586 win 0.772 fair 0.750 roi -0.027 z_edge +2.19 | old n 811 roi -0.048 | new n 775 roi -0.005
         -500+: n  1393 win 0.877 fair 0.846 roi -0.020 z_edge +3.60 | old n 749 roi -0.020 | new n 644 roi -0.019
 WTA b365 straights [model+2%]
    -101..-150: n  1375 win 0.520 fair 0.539 roi -0.093 z_edge -1.42 | old n 438 roi -0.127 | new n 937 roi -0.077
    -151..-200: n  2181 win 0.577 fair 0.598 roi -0.093 z_edge -1.92 | old n 888 roi -0.096 | new n 1293 roi -0.090
    -201..-300: n  1229 win 0.679 fair 0.670 roi -0.047 z_edge +0.68 | old n 472 roi -0.037 | new n 757 roi -0.054
    -301..-500: n  1018 win 0.746 fair 0.745 roi -0.054 z_edge +0.03 | old n 354 roi -0.071 | new n 664 roi -0.045
         -500+: n   429 win 0.897 fair 0.840 roi +0.011 z_edge +3.94 | old n 171 roi -0.024 | new n 258 roi +0.034
 ATP pin parlay cap -150 [all]: 1224 tickets, hit 0.166 (fair 0.171), avg +444, roi -0.111 z -1.94 | old 529 -0.073 | new 695 -0.141
 ATP pin parlay cap -200 [all]: 2097 tickets, hit 0.211 (fair 0.222), avg +325, roi -0.114 z -3.02 | old 946 -0.141 | new 1151 -0.092
 ATP pin parlay cap -300 [all]: 2501 tickets, hit 0.304 (fair 0.295), avg +225, roi -0.049 z -1.66 | old 1164 -0.055 | new 1337 -0.043
 ATP pin parlay cap -200 [blend+2%]: 6 tickets, hit 0.000 (fair 0.211), avg +341, roi -1.000 z +0.00 | old 3 -1.000 | new 3 -1.000
 ATP pin parlay cap -300 [blend+2%]: 18 tickets, hit 0.167 (fair 0.260), avg +265, roi -0.481 z -1.70 | old 8 -0.202 | new 10 -0.705
 ATP pin parlay cap -150 [model+2%]: 187 tickets, hit 0.150 (fair 0.163), avg +472, roi -0.157 z -1.06 | old 70 -0.378 | new 117 -0.025
 ATP pin parlay cap -200 [model+2%]: 507 tickets, hit 0.175 (fair 0.199), avg +373, roi -0.186 z -2.35 | old 185 -0.318 | new 322 -0.111
 ATP pin parlay cap -300 [model+2%]: 765 tickets, hit 0.224 (fair 0.236), avg +308, roi -0.128 z -2.13 | old 296 -0.149 | new 469 -0.115
 ATP b365 parlay cap -150 [all]: 498 tickets, hit 0.112 (fair 0.162), avg +418, roi -0.422 z -5.79 | old 105 -0.495 | new 393 -0.403
 ATP b365 parlay cap -200 [all]: 1909 tickets, hit 0.195 (fair 0.213), avg +294, roi -0.239 z -6.72 | old 818 -0.301 | new 1091 -0.193
 ATP b365 parlay cap -300 [all]: 2394 tickets, hit 0.273 (fair 0.271), avg +216, roi -0.176 z -6.31 | old 1103 -0.221 | new 1291 -0.137
 ATP b365 parlay cap -150 [blend+2%]: 9 tickets, hit 0.222 (fair 0.166), avg +413, roi +0.128 z +0.17 | old 1 +4.325 | new 8 -0.397
 ATP b365 parlay cap -200 [blend+2%]: 141 tickets, hit 0.270 (fair 0.197), avg +329, roi +0.133 z +0.83 | old 35 +0.169 | new 106 +0.121
 ATP b365 parlay cap -300 [blend+2%]: 346 tickets, hit 0.303 (fair 0.242), avg +252, roi +0.034 z +0.39 | old 141 +0.030 | new 205 +0.037
 ATP b365 parlay cap -150 [model+2%]: 49 tickets, hit 0.102 (fair 0.159), avg +430, roi -0.467 z -2.04 | old 4 +0.331 | new 45 -0.538
 ATP b365 parlay cap -200 [model+2%]: 390 tickets, hit 0.197 (fair 0.198), avg +324, roi -0.192 z -2.32 | old 127 -0.262 | new 263 -0.159
 ATP b365 parlay cap -300 [model+2%]: 631 tickets, hit 0.224 (fair 0.230), avg +271, roi -0.206 z -3.45 | old 218 -0.242 | new 413 -0.187
 WTA pin parlay cap -150 [all]: 1308 tickets, hit 0.161 (fair 0.170), avg +445, roi -0.126 z -2.28 | old 602 -0.151 | new 706 -0.105
 WTA pin parlay cap -200 [all]: 2270 tickets, hit 0.207 (fair 0.220), avg +328, roi -0.134 z -3.71 | old 1043 -0.135 | new 1227 -0.133
 WTA pin parlay cap -300 [all]: 2680 tickets, hit 0.289 (fair 0.291), avg +230, roi -0.087 z -3.08 | old 1260 -0.082 | new 1420 -0.092
 WTA pin parlay cap -200 [blend+2%]: 5 tickets, hit 0.600 (fair 0.201), avg +362, roi +1.674 z +1.51 | old 2 -1.000 | new 3 +3.457
 WTA pin parlay cap -300 [blend+2%]: 13 tickets, hit 0.538 (fair 0.237), avg +295, roi +1.124 z +1.94 | old 5 +0.394 | new 8 +1.580
 WTA pin parlay cap -150 [model+2%]: 205 tickets, hit 0.112 (fair 0.163), avg +468, roi -0.367 z -2.94 | old 86 -0.412 | new 119 -0.335
 WTA pin parlay cap -200 [model+2%]: 543 tickets, hit 0.160 (fair 0.197), avg +377, roi -0.236 z -3.11 | old 205 -0.242 | new 338 -0.232
 WTA pin parlay cap -300 [model+2%]: 804 tickets, hit 0.224 (fair 0.238), avg +305, roi -0.148 z -2.57 | old 301 -0.045 | new 503 -0.210
 WTA b365 parlay cap -150 [all]: 542 tickets, hit 0.120 (fair 0.161), avg +419, roi -0.376 z -5.16 | old 151 -0.519 | new 391 -0.321
 WTA b365 parlay cap -200 [all]: 2061 tickets, hit 0.190 (fair 0.213), avg +295, roi -0.259 z -7.66 | old 935 -0.269 | new 1126 -0.251
 WTA b365 parlay cap -300 [all]: 2541 tickets, hit 0.269 (fair 0.270), avg +217, roi -0.171 z -6.20 | old 1181 -0.192 | new 1360 -0.152
 WTA b365 parlay cap -150 [blend+2%]: 7 tickets, hit 0.143 (fair 0.157), avg +435, roi -0.204 z -0.26 | old 2 -1.000 | new 5 +0.115
 WTA b365 parlay cap -200 [blend+2%]: 170 tickets, hit 0.212 (fair 0.201), avg +315, roi -0.128 z -0.98 | old 75 -0.231 | new 95 -0.045
 WTA b365 parlay cap -300 [blend+2%]: 437 tickets, hit 0.277 (fair 0.241), avg +251, roi -0.056 z -0.75 | old 208 -0.082 | new 229 -0.031
 WTA b365 parlay cap -150 [model+2%]: 65 tickets, hit 0.077 (fair 0.160), avg +427, roi -0.586 z -3.26 | old 9 -1.000 | new 56 -0.519
 WTA b365 parlay cap -200 [model+2%]: 389 tickets, hit 0.162 (fair 0.198), avg +326, roi -0.306 z -3.79 | old 128 -0.361 | new 261 -0.279
 WTA b365 parlay cap -300 [model+2%]: 666 tickets, hit 0.219 (fair 0.233), avg +267, roi -0.233 z -4.06 | old 238 -0.318 | new 428 -0.185
 tests at n300+: 266 straight, 28 parlay; expected by luck 0.062 + 0.751
 passed the bar: ['atp|b365|blend+2%|parlay -300'] · proven (not luck-sized): none
 VERDICT: NOT LUCRATIVE (a pass that looks like luck). atp|b365|blend+2%|parlay -300 (n 346, roi +0.034, profit z +0.39) clears the bar, but its profit z is under 2 and 0.81 passes were expected by luck alone. Nothing to act on. Research only.
✅ tennis heavy favorites: 14s · proven: {"proven": []}
study run done in 478s: 20/20 studies ok
✅ underdogs + favorites: 3s · proven: {"nfl": [], "nfl price check": false, "ncaaf": [], "ncaaf price check": false, "nba": [], "nba price check": false, "ncaab": [], "ncaab price check": true, "mlb": [], "mlb price check": false, "nhl": [], "nhl price check": true}
✅ over/unders: 12s · proven: {"nfl": true, "ncaaf": false, "nba": false, "ncaab": true, "mlb": false, "nhl": false}
✅ hockey: 21s · proven: null
✅ spread vs moneyline: 12s · proven: {"nfl": true, "ncaaf": false, "nba": false, "ncaab": false}
✅ puck lines / run lines: 7s · proven: null
✅ halves / first period: 2s · proven: null
✅ comebacks: 195s · proven: null
✅ trends: 11s · proven: {"proven": ["ncaab|rate|fav_cover", "ncaaf|rate|total"]}
✅ rigged / fade the public: 1s · proven: {"proven": []}
✅ self-check on our picks: 0s · proven: null
✅ situational spots: 19s · proven: {"nfl": [], "ncaaf": [], "nba": [], "ncaab": [], "mlb": [], "nhl": []}
✅ line movement + CLV: 3s · proven: {"proven": []}
✅ our engine vs the move (can it beat the pros?): 6s · proven: {"proven": []}
✅ the engine's strengths, sport by sport: 6s · proven: {"proven": ["ncaaf", "nba"]}
THE CONTEXT STUDY: 584 tests with 300+ bets; bar z >= 3.5 + profit in both halves. Luck alone: ~0.136 false positives expected (fake no-edge results passed 0.0 on average); refs: officials.json loaded
nfl: 2762 games · proven - · confirmed - · killed -
   ref_home-|spread|dog         n=   440 roi old +0.016 new +0.101 edge +0.0529 z=+1.29
   any:out_dome|total|over      n=   461 roi old +0.057 new +0.025 edge +0.0444 z=+0.93
   div|spread|dog               n=   776 roi old +0.026 new +0.034 edge +0.0378 z=+0.86
   out_dome|ml|team             n=   449 roi old +0.121 new -0.031 edge +0.0396 z=+0.75
   any:dome_out|total|under     n=   456 roi old +0.014 new +0.040 edge +0.0374 z=+0.61
   rival|spread|home            n=   332 roi old +0.051 new -0.007 edge +0.0338 z=+0.42
ncaaf: 9585 games · proven - · confirmed - · killed -
   any:east1000|total|under     n=   461 roi old +0.063 new +0.098 edge +0.0663 z=+1.83
   rival|spread|road            n=   301 roi old +0.018 new +0.124 edge +0.0612 z=+1.30
   rival|total|under            n=   303 roi old +0.073 new +0.064 edge +0.0610 z=+1.26
   west1000|ml|fade             n=   443 roi old -0.025 new +0.105 edge +0.0302 z=+0.64
   trip1000|ml|fade             n=   889 roi old -0.027 new +0.067 edge +0.0162 z=+0.47
   east1000|ml|team             n=   456 roi old +0.171 new -0.116 edge -0.0023 z=+0.31
nba: 12852 games · proven - · confirmed - · killed -
   any:rest|total|over          n=   328 roi old +0.140 new +0.105 edge +0.0881 z=+2.36
   ref_under|ml|road            n=   403 roi old +0.116 new +0.234 edge +0.0761 z=+2.29
   any:tank|total|over          n=   584 roi old +0.006 new +0.124 edge +0.0581 z=+1.66
   any:elim|total|over          n=   664 roi old -0.017 new +0.110 edge +0.0481 z=+1.26
   ref_under|ml|dog             n=   400 roi old +0.064 new +0.127 edge +0.0431 z=+1.13
   tank|spread|fade             n=   527 roi old +0.032 new +0.050 edge +0.0445 z=+0.99
ncaab: 58494 games · proven - · confirmed - · killed -
   ref_under|total|under        n=  2506 roi old +0.032 new +0.064 edge +0.0488 z=+2.54
   ref_over|total|over          n=  1492 roi old +0.065 new +0.022 edge +0.0467 z=+1.77
   road3in6|spread|team         n=   481 roi old +0.019 new +0.048 edge +0.0411 z=+0.76
   rival|spread|home            n=   368 roi old +0.130 new -0.055 edge +0.0435 z=+0.76
   rival|total|under            n=   371 roi old +0.084 new -0.042 edge +0.0342 z=+0.41
   rival|ml|home                n=   374 roi old +0.054 new -0.025 edge +0.0330 z=+0.30
mlb: 23237 games · proven - · confirmed - · killed -
   trip2000|ml|fade             n=   658 roi old +0.089 new -0.043 edge +0.0265 z=+0.58
   east1000|ml|team             n=  1397 roi old +0.043 new -0.011 edge +0.0243 z=+0.57
   nonconf|ml|road              n=  4275 roi old +0.039 new -0.032 edge +0.0179 z=+0.20
   any:west1000|total|over      n=  1437 roi old -0.022 new +0.030 edge +0.0247 z=+0.15
   trip1000|ml|team             n=  2469 roi old -0.003 new +0.003 edge +0.0165 z=+0.01
   ref_under|total|under        n=  3079 roi old +0.001 new -0.003 edge +0.0217 z=-0.06
nhl: 13203 games · proven - · confirmed - · killed -
   ref_home+|ml|road            n=   489 roi old +0.045 new +0.001 edge +0.0281 z=+0.45
   race|ml|team                 n=  1320 roi old +0.025 new -0.022 edge +0.0237 z=+0.04
   ref_home-|total|under        n=   589 roi old +0.035 new -0.037 edge +0.0231 z=-0.03
   mustwin|ml|team              n=  1228 roi old +0.036 new -0.040 edge +0.0226 z=-0.07
   trip2000|ml|fade             n=   526 roi old -0.017 new -0.002 edge +0.0104 z=-0.21
   any:west1000|total|over      n=  1324 roi old +0.004 new -0.019 edge +0.0201 z=-0.29
✅ context: rivalries, travel, domes, stakes, refs: 39s · proven: {"nfl": [], "ncaaf": [], "nba": [], "ncaab": [], "mlb": [], "nhl": []}
✅ early value plays: the early-price exam: 61s · proven: {"proven": ["mlb +8..12 (+100..+149 dogs)"]}
THE EXPLORER: tested 6000 NEW angles (99911 ever) in 42.0s
   new suspects: 0 (luck alone would give ~1.4) · promoted to PROVEN: 0 · killed: 0 · proven demoted: 0
   now watching 0 suspects · 0 proven · 0 killed
   TEAM TRENDS pooled across sports (all games so far; 'follow' = ride the trend, 'fade' = bet against it; the bar: 300+ bets, profit in both halves, z 3.5+):
   1st-quarter form|ml: n=23934 (2018-04-07..2026-09-27) follow hit 62.2% older / 62.9% newer (fair 61.3%, roi -0.024 / -0.026, z -4.07, edge z 4.42) · fade hit 37.8% / 37.1% (roi -0.095 / -0.146, z -12.25) -> no edge
   1st-quarter form|p1ml: n=14233 (2018-09-09..2026-09-27) follow hit 60.6% older / 61.4% newer (fair 59.7%, roi -0.031 / -0.036, z -4.63, edge z 3.32) · fade hit 39.4% / 38.6% (roi -0.083 / -0.117, z -9.09) -> no edge
   1st-quarter form|p1spread: n=14641 (2018-09-09..2026-09-27) follow hit 50.4% older / 50.0% newer (fair 50.0%, roi -0.043 / -0.060, z -6.6, edge z 0.49) · fade hit 49.5% / 50.0% (roi -0.060 / -0.059, z -7.58) -> no edge
   1st-quarter form|spread: n=21353 (2018-10-20..2026-06-14) follow hit 49.8% older / 50.4% newer (fair 50.0%, roi -0.048 / -0.037, z -6.54, edge z 0.27) · fade hit 50.2% / 49.6% (roi -0.042 / -0.051, z -7.09) -> no edge
   O/U streak 4+|total: n=15238 (2018-04-04..2026-10-01) follow hit 49.7% older / 50.8% newer (fair 50.0%, roi -0.051 / -0.030, z -5.21, edge z 0.51) · fade hit 50.3% / 49.2% (roi -0.038 / -0.059, z -6.22) -> no edge
   division record|ml: n=2507 (2018-09-09..2026-10-02) follow hit 64.4% older / 65.3% newer (fair 62.9%, roi +0.016 / -0.017, z -0.01, edge z 2.1) · fade hit 35.6% / 34.7% (roi -0.080 / -0.095, z -3.0) -> no edge
   division record|spread: n=1413 (2018-09-09..2026-10-02) follow hit 50.6% older / 48.7% newer (fair 50.0%, roi -0.032 / -0.070, z -2.01, edge z -0.3) · fade hit 49.4% / 51.3% (roi -0.055 / -0.016, z -1.41) -> no edge
   prime-time record|ml: n=189 (2018-09-17..2026-09-28) follow hit 59.6% older / 62.1% newer (fair 59.9%, roi -0.080 / +0.022, z -0.45, edge z 0.28) · fade hit 40.4% / 37.9% (roi -0.116 / -0.054, z -0.89) -> no edge
   prime-time record|spread: n=187 (2018-09-17..2026-09-28) follow hit 52.7% older / 47.9% newer (fair 50.0%, roi +0.010 / -0.085, z -0.54, edge z 0.08) · fade hit 47.3% / 52.1% (roi -0.090 / -0.007, z -0.69) -> no edge
   road ATS rate|spread: n=10247 (2018-11-04..2026-10-02) follow hit 48.8% older / 48.2% newer (fair 50.0%, roi -0.068 / -0.079, z -7.78, edge z -3.05) · fade hit 51.2% / 51.8% (roi -0.022 / -0.010, z -1.68) -> no edge
   season ATS rate|spread: n=13032 (2018-10-13..2026-04-04) follow hit 48.2% older / 49.1% newer (fair 50.0%, roi -0.079 / -0.062, z -8.4, edge z -3.09) · fade hit 51.8% / 50.9% (roi -0.011 / -0.026, z -2.23) -> no edge
   team ATS streak 3+|spread: n=16471 (2018-09-16..2026-09-27) follow hit 49.2% older / 49.4% newer (fair 50.0%, roi -0.061 / -0.055, z -7.77, edge z -1.79) · fade hit 50.8% / 50.6% (roi -0.029 / -0.034, z -4.21) -> no edge
   team ATS streak 5+|spread: n=4204 (2018-10-06..2026-06-09) follow hit 48.4% older / 48.2% newer (fair 50.0%, roi -0.075 / -0.077, z -5.17, edge z -2.14) · fade hit 51.6% / 51.8% (roi -0.015 / -0.011, z -0.87) -> no edge
✅ the explorer: NEW angles: 43s · proven: {"proven": []}
THE TENNIS EDGE STUDY: 64658 priced matches 2012-01-01 -> 2026-08-03 (older half < 2018-05-27 <= newer half) in 39.8s
   softest segments (a bias learned on the older half that still helps on the newer, mnats/match): WTA rank x10+ +1.15, WTA slam +0.91, WTA round sf+ +0.89, ATP indoor +0.78
   ATP: log loss pin 0.5752 / b365 0.5759 / avg 0.576 · margin pin 0.0253 b365 0.0605
   WTA: log loss pin 0.5903 / b365 0.5912 / avg 0.5908 · margin pin 0.0266 b365 0.0619
   line shop b365 >2% over pinnacle fair: n=4674 roi -0.066 / -0.032 (expected +0.063) edge z=2.68 · beats fair in 14% of matches
   line shop avg >2% over pinnacle fair: n=928 roi -0.164 / -0.045 (expected +0.067) edge z=-0.25 · beats fair in 4% of matches
   line shop max >2% over pinnacle fair: n=30043 roi +0.016 / +0.023 (expected +0.069) edge z=2.42 · beats fair in 73% of matches
   model vs market, newer half: pinnacle 0.597 · elo 0.6295 · model 0.6262 · blend 0.5969 (+0.100 mnats, z 1.07)
   bovada: 155 closing lines, margin 0.0453, 0 matched to pinnacle, 95 graded
   names -> ESPN ids: 0.8856 of 1556 names since ESPN's history (by tour {'atp': 0.9195, 'wta': 0.8534}), 0.9386 of match sides · birth dates for 0.9385 of sides (2807 bios on file)
   life atoms (122 read-outs at pinnacle): wta|pin|yvv:vet n=1818 roi +0.020 / -0.095 z 1.53 / -1.45, wta|pin|age:teen n=4296 roi +0.006 / +0.007 z 1.07 / 1.99, wta|pin|tvv:vet n=483 roi +0.046 / -0.126 z 0.51 / -1.2, atp|pin|age:teen n=2324 roi +0.015 / +0.006 z 0.28 / 1.94
   registry: tested 3824 new angles (52353 ever) · new suspects 5 · promoted 0 · killed 5 · luck would give ~12.18 suspects / 0.2771 proven ever
   fixed tests: 543 this run, 1 pass the bar (luck ~0.252)
   NEW SUSPECT wta|b365|age:prime&ofat:heavy&p:35-50: older half n=370 roi +0.149 edge z=3.71 | newer half n=484 roi -0.058 edge z=0.01
   NEW SUSPECT wta|pin|age:prime&ofat:heavy&p:35-50: older half n=370 roi +0.191 edge z=3.56 | newer half n=485 roi -0.034 edge z=-0.02
   NEW SUSPECT atp|avg|age:prime&ofat:heavy&oinjn:2+: older half n=292 roi +0.165 edge z=3.83 | newer half n=272 roi -0.141 edge z=-0.8
   NEW SUSPECT atp|b365|age:prime&ofat:heavy&oinjn:2+: older half n=292 roi +0.166 edge z=3.76 | newer half n=272 roi -0.138 edge z=-0.79
   NEW SUSPECT atp|pin|age:prime&ofat:heavy&oinjn:2+: older half n=292 roi +0.217 edge z=3.77 | newer half n=272 roi -0.114 edge z=-0.76
   KILLED wta|b365|age:prime&ofat:heavy&p:35-50: older half n=370 roi +0.149 edge z=3.71 | newer half n=484 roi -0.058 edge z=0.01
   KILLED wta|pin|age:prime&ofat:heavy&p:35-50: older half n=370 roi +0.191 edge z=3.56 | newer half n=485 roi -0.034 edge z=-0.02
   KILLED atp|avg|age:prime&ofat:heavy&oinjn:2+: older half n=292 roi +0.165 edge z=3.83 | newer half n=272 roi -0.141 edge z=-0.8
   KILLED atp|b365|age:prime&ofat:heavy&oinjn:2+: older half n=292 roi +0.166 edge z=3.76 | newer half n=272 roi -0.138 edge z=-0.79
   KILLED atp|pin|age:prime&ofat:heavy&oinjn:2+: older half n=292 roi +0.217 edge z=3.77 | newer half n=272 roi -0.114 edge z=-0.76
   PASSES price 90-100% wta at max: n=1231 roi +0.012 / +0.029 z=3.87 (NOT a gettable price)
   closest angle: wta|avg|age:prime&ofat:heavy&p:35-50 n=854 roi +0.140 / -0.065 z older 3.48 all 2.18
   closest angle: atp|avg|age:prime&of2:low&oinj:31-90 n=554 roi +0.117 / -0.094 z older 3.36 all 1.67
   closest angle: atp|b365|age:prime&of2:low&oinj:31-90 n=554 roi +0.112 / -0.099 z older 3.27 all 1.55
   closest fixed: line shop b365 all fav gap>0% n=2020 roi +0.044 / +0.008 z=4.48
   closest fixed: line shop b365 atp fav gap>0% n=970 roi +0.067 / +0.007 z=3.45
   closest fixed: line shop b365 wta fav gap>0% n=1050 roi +0.026 / +0.010 z=2.9
   PROVEN: nothing
✅ tennis edge: 40s · proven: {"proven": []}
first set ATP: 32132 matches, implied log loss 0.62855 (match chance as set-1 chance 0.63577, coin 0.69315)
  crew overperformance: closest >= 0.05: n 19692, hit 0.5266 vs implied 0.5218, z 1.41 (vs recalibrated 0.73), ROI -0.0502 (older -0.0615, newer -0.0399) - z 1.41 < 3.5; older ROI -0.0615 <= 0; newer ROI -0.0399 <= 0
  crew raw_rate: closest >= 0.10: n 15498, hit 0.6247 vs implied 0.608, z 4.4 (vs recalibrated 1.16), ROI -0.0269 (older -0.0388, newer -0.016) - older ROI -0.0388 <= 0; newer ROI -0.016 <= 0
first set WTA: 32523 matches, implied log loss 0.62585 (match chance as set-1 chance 0.62643, coin 0.69315)
  crew overperformance: closest >= 0.15: n 8372, hit 0.5631 vs implied 0.549, z 2.69 (vs recalibrated 1.03), ROI -0.0357 (older -0.0422, newer -0.0286) - z 2.69 < 3.5; older ROI -0.0422 <= 0; newer ROI -0.0286 <= 0
  crew raw_rate: closest >= 0.20: n 8256, hit 0.6662 vs implied 0.638, z 5.49 (vs recalibrated 0.74), ROI -0.0109 (older -0.0057, newer -0.0164) - older ROI -0.0057 <= 0; newer ROI -0.0164 <= 0
first set real Bovada lines: 0 captured, 0 matched (test runs at 300) · 4.5s
✅ tennis first set: 5s · proven: {"proven": []}
HEAVY TENNIS FAVORITES (research only): 64658 priced matches 2012-01-01 -> 2026-01-14, split 2018-05-27, 53807 rated
 ATP pin straights [all]
    -101..-150: n  7563 win 0.541 fair 0.547 roi -0.035 z_edge -1.02 | old n 3291 roi -0.035 | new n 4272 roi -0.036
    -151..-200: n  6518 win 0.604 fair 0.619 roi -0.048 z_edge -2.43 | old n 2813 roi -0.043 | new n 3705 roi -0.052
    -201..-300: n  6514 win 0.698 fair 0.691 roi -0.014 z_edge +1.31 | old n 3112 roi -0.020 | new n 3402 roi -0.009
    -301..-500: n  5611 win 0.784 fair 0.771 roi -0.007 z_edge +2.42 | old n 2841 roi +0.006 | new n 2770 roi -0.020
         -500+: n  5778 win 0.896 fair 0.884 roi -0.009 z_edge +3.26 | old n 3246 roi -0.009 | new n 2532 roi -0.009
 ATP pin straights [blend+2%]
    -101..-150: n   116 win 0.560 fair 0.552 roi -0.012 z_edge +0.19 | old n 69 roi +0.043 | new n 47 roi -0.092
    -151..-200: n   207 win 0.551 fair 0.620 roi -0.134 z_edge -1.99 | old n 129 roi -0.072 | new n 78 roi -0.235
    -201..-300: n   233 win 0.717 fair 0.691 roi +0.011 z_edge +0.87 | old n 161 roi +0.017 | new n 72 roi -0.001
    -301..-500: n   173 win 0.775 fair 0.771 roi -0.021 z_edge +0.10 | old n 132 roi -0.014 | new n 41 roi -0.043
         -500+: n    35 win 0.914 fair 0.841 roi +0.060 z_edge +1.51 | old n 30 roi +0.083 | new n 5 roi -0.074
 ATP pin straights [model+2%]
    -101..-150: n  2343 win 0.527 fair 0.545 roi -0.055 z_edge -1.74 | old n 975 roi -0.042 | new n 1368 roi -0.065
    -151..-200: n  1544 win 0.589 fair 0.617 roi -0.068 z_edge -2.19 | old n 591 roi -0.076 | new n 953 roi -0.064
    -201..-300: n  1220 win 0.686 fair 0.689 roi -0.027 z_edge -0.20 | old n 461 roi -0.022 | new n 759 roi -0.030
    -301..-500: n   696 win 0.783 fair 0.768 roi -0.004 z_edge +0.99 | old n 274 roi +0.010 | new n 422 roi -0.014
         -500+: n   345 win 0.870 fair 0.868 roi -0.022 z_edge +0.10 | old n 126 roi +0.003 | new n 219 roi -0.037
 ATP b365 straights [all]
    -101..-150: n  4071 win 0.529 fair 0.539 roi -0.078 z_edge -1.38 | old n 1278 roi -0.087 | new n 2793 roi -0.074
    -151..-200: n  8140 win 0.585 fair 0.599 roi -0.082 z_edge -2.43 | old n 3777 roi -0.089 | new n 4363 roi -0.076
    -201..-300: n  5979 win 0.676 fair 0.671 roi -0.052 z_edge +0.88 | old n 2913 roi -0.066 | new n 3066 roi -0.040
    -301..-500: n  6606 win 0.761 fair 0.748 roi -0.038 z_edge +2.53 | old n 3213 roi -0.038 | new n 3393 roi -0.037
         -500+: n  6547 win 0.885 fair 0.864 roi -0.027 z_edge +5.31 | old n 3868 roi -0.030 | new n 2679 roi -0.023
 ATP b365 straights [blend+2%]
    -101..-150: n   649 win 0.508 fair 0.539 roi -0.113 z_edge -1.56 | old n 189 roi -0.091 | new n 460 roi -0.122
    -151..-200: n  1317 win 0.616 fair 0.598 roi -0.033 z_edge +1.30 | old n 569 roi -0.066 | new n 748 roi -0.007
    -201..-300: n  1263 win 0.710 fair 0.671 roi -0.005 z_edge +3.07 | old n 649 roi -0.000 | new n 614 roi -0.011
    -301..-500: n  1607 win 0.779 fair 0.751 roi -0.020 z_edge +2.69 | old n 785 roi -0.021 | new n 822 roi -0.019
         -500+: n  1659 win 0.882 fair 0.850 roi -0.017 z_edge +4.13 | old n 895 roi -0.021 | new n 764 roi -0.012
 ATP b365 straights [model+2%]
    -101..-150: n  1242 win 0.510 fair 0.538 roi -0.108 z_edge -2.01 | old n 385 roi -0.108 | new n 857 roi -0.108
    -151..-200: n  2075 win 0.571 fair 0.598 roi -0.103 z_edge -2.46 | old n 865 roi -0.139 | new n 1210 roi -0.077
    -201..-300: n  1161 win 0.677 fair 0.670 roi -0.050 z_edge +0.49 | old n 468 roi -0.041 | new n 693 roi -0.056
    -301..-500: n  1028 win 0.743 fair 0.746 roi -0.057 z_edge -0.18 | old n 404 roi -0.071 | new n 624 roi -0.048
         -500+: n   573 win 0.843 fair 0.850 roi -0.061 z_edge -0.48 | old n 229 roi -0.058 | new n 344 roi -0.063
 WTA pin straights [all]
    -101..-150: n  8256 win 0.534 fair 0.545 roi -0.047 z_edge -2.12 | old n 3924 roi -0.047 | new n 4332 roi -0.046
    -151..-200: n  6885 win 0.617 fair 0.618 roi -0.027 z_edge -0.15 | old n 3194 roi -0.029 | new n 3691 roi -0.025
    -201..-300: n  6803 win 0.694 fair 0.690 roi -0.020 z_edge +0.77 | old n 3338 roi -0.022 | new n 3465 roi -0.018
    -301..-500: n  5806 win 0.772 fair 0.769 roi -0.023 z_edge +0.48 | old n 2800 roi -0.024 | new n 3006 roi -0.022
         -500+: n  4649 win 0.892 fair 0.873 roi -0.005 z_edge +4.20 | old n 2399 roi -0.010 | new n 2250 roi +0.001
 WTA pin straights [blend+2%]
    -101..-150: n   156 win 0.545 fair 0.551 roi -0.033 z_edge -0.15 | old n 79 roi -0.176 | new n 77 roi +0.113
    -151..-200: n   219 win 0.676 fair 0.617 roi +0.066 z_edge +1.87 | old n 122 roi +0.049 | new n 97 roi +0.089
    -201..-300: n   271 win 0.727 fair 0.690 roi +0.028 z_edge +1.37 | old n 194 roi -0.005 | new n 77 roi +0.109
    -301..-500: n   209 win 0.794 fair 0.763 roi +0.013 z_edge +1.11 | old n 128 roi +0.033 | new n 81 roi -0.020
         -500+: n    36 win 0.861 fair 0.831 roi +0.010 z_edge +0.52 | old n 25 roi -0.018 | new n 11 roi +0.073
 WTA pin straights [model+2%]
    -101..-150: n  2537 win 0.527 fair 0.544 roi -0.057 z_edge -1.73 | old n 1079 roi -0.079 | new n 1458 roi -0.041
    -151..-200: n  1628 win 0.591 fair 0.617 roi -0.068 z_edge -2.16 | old n 601 roi -0.042 | new n 1027 roi -0.084
    -201..-300: n  1219 win 0.699 fair 0.688 roi -0.010 z_edge +0.85 | old n 449 roi -0.018 | new n 770 roi -0.005
    -301..-500: n   737 win 0.786 fair 0.765 roi -0.001 z_edge +1.35 | old n 241 roi +0.031 | new n 496 roi -0.017
         -500+: n   246 win 0.911 fair 0.854 roi +0.039 z_edge +3.13 | old n 91 roi -0.002 | new n 155 roi +0.064
 WTA b365 straights [all]
    -101..-150: n  4354 win 0.519 fair 0.539 roi -0.094 z_edge -2.61 | old n 1541 roi -0.097 | new n 2813 roi -0.093
    -151..-200: n  8799 win 0.594 fair 0.598 roi -0.068 z_edge -0.85 | old n 4404 roi -0.084 | new n 4395 roi -0.052
    -201..-300: n  6169 win 0.676 fair 0.671 roi -0.053 z_edge +0.82 | old n 3041 roi -0.056 | new n 3128 roi -0.051
    -301..-500: n  6726 win 0.754 fair 0.748 roi -0.048 z_edge +1.13 | old n 3280 roi -0.061 | new n 3446 roi -0.035
         -500+: n  5470 win 0.878 fair 0.854 roi -0.026 z_edge +5.44 | old n 2984 roi -0.035 | new n 2486 roi -0.016
 WTA b365 straights [blend+2%]
    -101..-150: n   715 win 0.568 fair 0.539 roi -0.009 z_edge +1.53 | old n 249 roi -0.102 | new n 466 roi +0.041
    -151..-200: n  1601 win 0.621 fair 0.600 roi -0.028 z_edge +1.73 | old n 781 roi -0.064 | new n 820 roi +0.006
    -201..-300: n  1404 win 0.702 fair 0.670 roi -0.017 z_edge +2.54 | old n 755 roi -0.006 | new n 649 roi -0.029
    -301..-500: n  1586 win 0.772 fair 0.750 roi -0.027 z_edge +2.19 | old n 811 roi -0.048 | new n 775 roi -0.005
         -500+: n  1393 win 0.877 fair 0.846 roi -0.020 z_edge +3.60 | old n 749 roi -0.020 | new n 644 roi -0.019
 WTA b365 straights [model+2%]
    -101..-150: n  1375 win 0.520 fair 0.539 roi -0.093 z_edge -1.42 | old n 438 roi -0.127 | new n 937 roi -0.077
    -151..-200: n  2181 win 0.577 fair 0.598 roi -0.093 z_edge -1.92 | old n 888 roi -0.096 | new n 1293 roi -0.090
    -201..-300: n  1229 win 0.679 fair 0.670 roi -0.047 z_edge +0.68 | old n 472 roi -0.037 | new n 757 roi -0.054
    -301..-500: n  1018 win 0.746 fair 0.745 roi -0.054 z_edge +0.03 | old n 354 roi -0.071 | new n 664 roi -0.045
         -500+: n   429 win 0.897 fair 0.840 roi +0.011 z_edge +3.94 | old n 171 roi -0.024 | new n 258 roi +0.034
 ATP pin parlay cap -150 [all]: 1224 tickets, hit 0.166 (fair 0.171), avg +444, roi -0.111 z -1.94 | old 529 -0.073 | new 695 -0.141
 ATP pin parlay cap -200 [all]: 2097 tickets, hit 0.211 (fair 0.222), avg +325, roi -0.114 z -3.02 | old 946 -0.141 | new 1151 -0.092
 ATP pin parlay cap -300 [all]: 2501 tickets, hit 0.304 (fair 0.295), avg +225, roi -0.049 z -1.66 | old 1164 -0.055 | new 1337 -0.043
 ATP pin parlay cap -200 [blend+2%]: 6 tickets, hit 0.000 (fair 0.211), avg +341, roi -1.000 z +0.00 | old 3 -1.000 | new 3 -1.000
 ATP pin parlay cap -300 [blend+2%]: 18 tickets, hit 0.167 (fair 0.260), avg +265, roi -0.481 z -1.70 | old 8 -0.202 | new 10 -0.705
 ATP pin parlay cap -150 [model+2%]: 187 tickets, hit 0.150 (fair 0.163), avg +472, roi -0.157 z -1.06 | old 70 -0.378 | new 117 -0.025
 ATP pin parlay cap -200 [model+2%]: 507 tickets, hit 0.175 (fair 0.199), avg +373, roi -0.186 z -2.35 | old 185 -0.318 | new 322 -0.111
 ATP pin parlay cap -300 [model+2%]: 765 tickets, hit 0.224 (fair 0.236), avg +308, roi -0.128 z -2.13 | old 296 -0.149 | new 469 -0.115
 ATP b365 parlay cap -150 [all]: 498 tickets, hit 0.112 (fair 0.162), avg +418, roi -0.422 z -5.79 | old 105 -0.495 | new 393 -0.403
 ATP b365 parlay cap -200 [all]: 1909 tickets, hit 0.195 (fair 0.213), avg +294, roi -0.239 z -6.72 | old 818 -0.301 | new 1091 -0.193
 ATP b365 parlay cap -300 [all]: 2394 tickets, hit 0.273 (fair 0.271), avg +216, roi -0.176 z -6.31 | old 1103 -0.221 | new 1291 -0.137
 ATP b365 parlay cap -150 [blend+2%]: 9 tickets, hit 0.222 (fair 0.166), avg +413, roi +0.128 z +0.17 | old 1 +4.325 | new 8 -0.397
 ATP b365 parlay cap -200 [blend+2%]: 141 tickets, hit 0.270 (fair 0.197), avg +329, roi +0.133 z +0.83 | old 35 +0.169 | new 106 +0.121
 ATP b365 parlay cap -300 [blend+2%]: 346 tickets, hit 0.303 (fair 0.242), avg +252, roi +0.034 z +0.39 | old 141 +0.030 | new 205 +0.037
 ATP b365 parlay cap -150 [model+2%]: 49 tickets, hit 0.102 (fair 0.159), avg +430, roi -0.467 z -2.04 | old 4 +0.331 | new 45 -0.538
 ATP b365 parlay cap -200 [model+2%]: 390 tickets, hit 0.197 (fair 0.198), avg +324, roi -0.192 z -2.32 | old 127 -0.262 | new 263 -0.159
 ATP b365 parlay cap -300 [model+2%]: 631 tickets, hit 0.224 (fair 0.230), avg +271, roi -0.206 z -3.45 | old 218 -0.242 | new 413 -0.187
 WTA pin parlay cap -150 [all]: 1308 tickets, hit 0.161 (fair 0.170), avg +445, roi -0.126 z -2.28 | old 602 -0.151 | new 706 -0.105
 WTA pin parlay cap -200 [all]: 2270 tickets, hit 0.207 (fair 0.220), avg +328, roi -0.134 z -3.71 | old 1043 -0.135 | new 1227 -0.133
 WTA pin parlay cap -300 [all]: 2680 tickets, hit 0.289 (fair 0.291), avg +230, roi -0.087 z -3.08 | old 1260 -0.082 | new 1420 -0.092
 WTA pin parlay cap -200 [blend+2%]: 5 tickets, hit 0.600 (fair 0.201), avg +362, roi +1.674 z +1.51 | old 2 -1.000 | new 3 +3.457
 WTA pin parlay cap -300 [blend+2%]: 13 tickets, hit 0.538 (fair 0.237), avg +295, roi +1.124 z +1.94 | old 5 +0.394 | new 8 +1.580
 WTA pin parlay cap -150 [model+2%]: 205 tickets, hit 0.112 (fair 0.163), avg +468, roi -0.367 z -2.94 | old 86 -0.412 | new 119 -0.335
 WTA pin parlay cap -200 [model+2%]: 543 tickets, hit 0.160 (fair 0.197), avg +377, roi -0.236 z -3.11 | old 205 -0.242 | new 338 -0.232
 WTA pin parlay cap -300 [model+2%]: 804 tickets, hit 0.224 (fair 0.238), avg +305, roi -0.148 z -2.57 | old 301 -0.045 | new 503 -0.210
 WTA b365 parlay cap -150 [all]: 542 tickets, hit 0.120 (fair 0.161), avg +419, roi -0.376 z -5.16 | old 151 -0.519 | new 391 -0.321
 WTA b365 parlay cap -200 [all]: 2061 tickets, hit 0.190 (fair 0.213), avg +295, roi -0.259 z -7.66 | old 935 -0.269 | new 1126 -0.251
 WTA b365 parlay cap -300 [all]: 2541 tickets, hit 0.269 (fair 0.270), avg +217, roi -0.171 z -6.20 | old 1181 -0.192 | new 1360 -0.152
 WTA b365 parlay cap -150 [blend+2%]: 7 tickets, hit 0.143 (fair 0.157), avg +435, roi -0.204 z -0.26 | old 2 -1.000 | new 5 +0.115
 WTA b365 parlay cap -200 [blend+2%]: 170 tickets, hit 0.212 (fair 0.201), avg +315, roi -0.128 z -0.98 | old 75 -0.231 | new 95 -0.045
 WTA b365 parlay cap -300 [blend+2%]: 437 tickets, hit 0.277 (fair 0.241), avg +251, roi -0.056 z -0.75 | old 208 -0.082 | new 229 -0.031
 WTA b365 parlay cap -150 [model+2%]: 65 tickets, hit 0.077 (fair 0.160), avg +427, roi -0.586 z -3.26 | old 9 -1.000 | new 56 -0.519
 WTA b365 parlay cap -200 [model+2%]: 389 tickets, hit 0.162 (fair 0.198), avg +326, roi -0.306 z -3.79 | old 128 -0.361 | new 261 -0.279
 WTA b365 parlay cap -300 [model+2%]: 666 tickets, hit 0.219 (fair 0.233), avg +267, roi -0.233 z -4.06 | old 238 -0.318 | new 428 -0.185
 tests at n300+: 266 straight, 28 parlay; expected by luck 0.062 + 0.751
 passed the bar: ['atp|b365|blend+2%|parlay -300'] · proven (not luck-sized): none
 VERDICT: NOT LUCRATIVE (a pass that looks like luck). atp|b365|blend+2%|parlay -300 (n 346, roi +0.034, profit z +0.39) clears the bar, but its profit z is under 2 and 0.81 passes were expected by luck alone. Nothing to act on. Research only.
✅ tennis heavy favorites: 15s · proven: {"proven": []}
study run done in 500s: 20/20 studies ok
✅ underdogs + favorites: 3s · proven: {"nfl": [], "nfl price check": false, "ncaaf": [], "ncaaf price check": false, "nba": [], "nba price check": false, "ncaab": [], "ncaab price check": true, "mlb": [], "mlb price check": false, "nhl": [], "nhl price check": true}
✅ over/unders: 12s · proven: {"nfl": true, "ncaaf": false, "nba": false, "ncaab": true, "mlb": false, "nhl": false}
✅ hockey: 20s · proven: null
✅ spread vs moneyline: 12s · proven: {"nfl": true, "ncaaf": false, "nba": false, "ncaab": false}
✅ puck lines / run lines: 7s · proven: null
✅ halves / first period: 2s · proven: null
✅ comebacks: 196s · proven: null
✅ trends: 11s · proven: {"proven": ["ncaab|rate|fav_cover", "ncaaf|rate|total"]}
✅ rigged / fade the public: 1s · proven: {"proven": []}
✅ self-check on our picks: 0s · proven: null
✅ situational spots: 19s · proven: {"nfl": [], "ncaaf": [], "nba": [], "ncaab": [], "mlb": [], "nhl": []}
✅ line movement + CLV: 3s · proven: {"proven": []}
✅ our engine vs the move (can it beat the pros?): 5s · proven: {"proven": []}
✅ the engine's strengths, sport by sport: 6s · proven: {"proven": ["ncaaf", "nba"]}
THE CONTEXT STUDY: 584 tests with 300+ bets; bar z >= 3.5 + profit in both halves. Luck alone: ~0.136 false positives expected (fake no-edge results passed 0.0 on average); refs: officials.json loaded
nfl: 2762 games · proven - · confirmed - · killed -
   ref_home-|spread|dog         n=   440 roi old +0.016 new +0.101 edge +0.0529 z=+1.29
   any:out_dome|total|over      n=   461 roi old +0.057 new +0.025 edge +0.0444 z=+0.93
   div|spread|dog               n=   776 roi old +0.026 new +0.034 edge +0.0378 z=+0.86
   out_dome|ml|team             n=   449 roi old +0.121 new -0.031 edge +0.0396 z=+0.75
   any:dome_out|total|under     n=   456 roi old +0.014 new +0.040 edge +0.0374 z=+0.61
   rival|spread|home            n=   332 roi old +0.051 new -0.007 edge +0.0338 z=+0.42
ncaaf: 9585 games · proven - · confirmed - · killed -
   any:east1000|total|under     n=   461 roi old +0.063 new +0.098 edge +0.0663 z=+1.83
   rival|spread|road            n=   301 roi old +0.018 new +0.124 edge +0.0612 z=+1.30
   rival|total|under            n=   303 roi old +0.073 new +0.064 edge +0.0610 z=+1.26
   west1000|ml|fade             n=   443 roi old -0.025 new +0.105 edge +0.0302 z=+0.64
   trip1000|ml|fade             n=   889 roi old -0.027 new +0.067 edge +0.0162 z=+0.47
   east1000|ml|team             n=   456 roi old +0.171 new -0.116 edge -0.0023 z=+0.31
nba: 12852 games · proven - · confirmed - · killed -
   any:rest|total|over          n=   328 roi old +0.140 new +0.105 edge +0.0881 z=+2.36
   ref_under|ml|road            n=   403 roi old +0.116 new +0.234 edge +0.0761 z=+2.29
   any:tank|total|over          n=   584 roi old +0.006 new +0.124 edge +0.0581 z=+1.66
   any:elim|total|over          n=   664 roi old -0.017 new +0.110 edge +0.0481 z=+1.26
   ref_under|ml|dog             n=   400 roi old +0.064 new +0.127 edge +0.0431 z=+1.13
   tank|spread|fade             n=   527 roi old +0.032 new +0.050 edge +0.0445 z=+0.99
ncaab: 58494 games · proven - · confirmed - · killed -
   ref_under|total|under        n=  2506 roi old +0.032 new +0.064 edge +0.0488 z=+2.54
   ref_over|total|over          n=  1492 roi old +0.065 new +0.022 edge +0.0467 z=+1.77
   road3in6|spread|team         n=   481 roi old +0.019 new +0.048 edge +0.0411 z=+0.76
   rival|spread|home            n=   368 roi old +0.130 new -0.055 edge +0.0435 z=+0.76
   rival|total|under            n=   371 roi old +0.084 new -0.042 edge +0.0342 z=+0.41
   rival|ml|home                n=   374 roi old +0.054 new -0.025 edge +0.0330 z=+0.30
mlb: 23237 games · proven - · confirmed - · killed -
   trip2000|ml|fade             n=   658 roi old +0.089 new -0.043 edge +0.0265 z=+0.58
   east1000|ml|team             n=  1397 roi old +0.043 new -0.011 edge +0.0243 z=+0.57
   nonconf|ml|road              n=  4275 roi old +0.039 new -0.032 edge +0.0179 z=+0.20
   any:west1000|total|over      n=  1437 roi old -0.022 new +0.030 edge +0.0247 z=+0.15
   trip1000|ml|team             n=  2469 roi old -0.003 new +0.003 edge +0.0165 z=+0.01
   ref_under|total|under        n=  3079 roi old +0.001 new -0.003 edge +0.0217 z=-0.06
nhl: 13203 games · proven - · confirmed - · killed -
   ref_home+|ml|road            n=   489 roi old +0.045 new +0.001 edge +0.0281 z=+0.45
   race|ml|team                 n=  1320 roi old +0.025 new -0.022 edge +0.0237 z=+0.04
   ref_home-|total|under        n=   589 roi old +0.035 new -0.037 edge +0.0231 z=-0.03
   mustwin|ml|team              n=  1228 roi old +0.036 new -0.040 edge +0.0226 z=-0.07
   trip2000|ml|fade             n=   526 roi old -0.017 new -0.002 edge +0.0104 z=-0.21
   any:west1000|total|over      n=  1324 roi old +0.004 new -0.019 edge +0.0201 z=-0.29
✅ context: rivalries, travel, domes, stakes, refs: 38s · proven: {"nfl": [], "ncaaf": [], "nba": [], "ncaab": [], "mlb": [], "nhl": []}
✅ early value plays: the early-price exam: 59s · proven: {"proven": ["mlb +8..12 (+100..+149 dogs)"]}
THE EXPLORER: tested 6000 NEW angles (105911 ever) in 42.3s
   new suspects: 0 (luck alone would give ~1.4) · promoted to PROVEN: 0 · killed: 0 · proven demoted: 0
   now watching 0 suspects · 0 proven · 0 killed
   TEAM TRENDS pooled across sports (all games so far; 'follow' = ride the trend, 'fade' = bet against it; the bar: 300+ bets, profit in both halves, z 3.5+):
   1st-quarter form|ml: n=23934 (2018-04-07..2026-09-27) follow hit 62.2% older / 62.9% newer (fair 61.3%, roi -0.024 / -0.026, z -4.07, edge z 4.42) · fade hit 37.8% / 37.1% (roi -0.095 / -0.146, z -12.25) -> no edge
   1st-quarter form|p1ml: n=14233 (2018-09-09..2026-09-27) follow hit 60.6% older / 61.4% newer (fair 59.7%, roi -0.031 / -0.036, z -4.63, edge z 3.32) · fade hit 39.4% / 38.6% (roi -0.083 / -0.117, z -9.09) -> no edge
   1st-quarter form|p1spread: n=14641 (2018-09-09..2026-09-27) follow hit 50.4% older / 50.0% newer (fair 50.0%, roi -0.043 / -0.060, z -6.6, edge z 0.49) · fade hit 49.5% / 50.0% (roi -0.060 / -0.059, z -7.58) -> no edge
   1st-quarter form|spread: n=21353 (2018-10-20..2026-06-14) follow hit 49.8% older / 50.4% newer (fair 50.0%, roi -0.048 / -0.037, z -6.54, edge z 0.27) · fade hit 50.2% / 49.6% (roi -0.042 / -0.051, z -7.09) -> no edge
   O/U streak 4+|total: n=15238 (2018-04-04..2026-10-01) follow hit 49.7% older / 50.8% newer (fair 50.0%, roi -0.051 / -0.030, z -5.21, edge z 0.51) · fade hit 50.3% / 49.2% (roi -0.038 / -0.059, z -6.22) -> no edge
   division record|ml: n=2507 (2018-09-09..2026-10-02) follow hit 64.4% older / 65.3% newer (fair 62.9%, roi +0.016 / -0.017, z -0.01, edge z 2.1) · fade hit 35.6% / 34.7% (roi -0.080 / -0.095, z -3.0) -> no edge
   division record|spread: n=1413 (2018-09-09..2026-10-02) follow hit 50.6% older / 48.7% newer (fair 50.0%, roi -0.032 / -0.070, z -2.01, edge z -0.3) · fade hit 49.4% / 51.3% (roi -0.055 / -0.016, z -1.41) -> no edge
   prime-time record|ml: n=189 (2018-09-17..2026-09-28) follow hit 59.6% older / 62.1% newer (fair 59.9%, roi -0.080 / +0.022, z -0.45, edge z 0.28) · fade hit 40.4% / 37.9% (roi -0.116 / -0.054, z -0.89) -> no edge
   prime-time record|spread: n=187 (2018-09-17..2026-09-28) follow hit 52.7% older / 47.9% newer (fair 50.0%, roi +0.010 / -0.085, z -0.54, edge z 0.08) · fade hit 47.3% / 52.1% (roi -0.090 / -0.007, z -0.69) -> no edge
   road ATS rate|spread: n=10247 (2018-11-04..2026-10-02) follow hit 48.8% older / 48.2% newer (fair 50.0%, roi -0.068 / -0.079, z -7.78, edge z -3.05) · fade hit 51.2% / 51.8% (roi -0.022 / -0.010, z -1.68) -> no edge
   season ATS rate|spread: n=13032 (2018-10-13..2026-04-04) follow hit 48.2% older / 49.1% newer (fair 50.0%, roi -0.079 / -0.062, z -8.4, edge z -3.09) · fade hit 51.8% / 50.9% (roi -0.011 / -0.026, z -2.23) -> no edge
   team ATS streak 3+|spread: n=16471 (2018-09-16..2026-09-27) follow hit 49.2% older / 49.4% newer (fair 50.0%, roi -0.061 / -0.055, z -7.77, edge z -1.79) · fade hit 50.8% / 50.6% (roi -0.029 / -0.034, z -4.21) -> no edge
   team ATS streak 5+|spread: n=4204 (2018-10-06..2026-06-09) follow hit 48.4% older / 48.2% newer (fair 50.0%, roi -0.075 / -0.077, z -5.17, edge z -2.14) · fade hit 51.6% / 51.8% (roi -0.015 / -0.011, z -0.87) -> no edge
✅ the explorer: NEW angles: 43s · proven: {"proven": []}
THE TENNIS EDGE STUDY: 64658 priced matches 2012-01-01 -> 2026-08-03 (older half < 2018-05-27 <= newer half) in 40.4s
   softest segments (a bias learned on the older half that still helps on the newer, mnats/match): WTA rank x10+ +1.15, WTA slam +0.91, WTA round sf+ +0.89, ATP indoor +0.78
   ATP: log loss pin 0.5752 / b365 0.5759 / avg 0.576 · margin pin 0.0253 b365 0.0605
   WTA: log loss pin 0.5903 / b365 0.5912 / avg 0.5908 · margin pin 0.0266 b365 0.0619
   line shop b365 >2% over pinnacle fair: n=4674 roi -0.066 / -0.032 (expected +0.063) edge z=2.68 · beats fair in 14% of matches
   line shop avg >2% over pinnacle fair: n=928 roi -0.164 / -0.045 (expected +0.067) edge z=-0.25 · beats fair in 4% of matches
   line shop max >2% over pinnacle fair: n=30043 roi +0.016 / +0.023 (expected +0.069) edge z=2.42 · beats fair in 73% of matches
   model vs market, newer half: pinnacle 0.597 · elo 0.6295 · model 0.6262 · blend 0.5969 (+0.100 mnats, z 1.07)
   bovada: 155 closing lines, margin 0.0453, 0 matched to pinnacle, 95 graded
   names -> ESPN ids: 0.8856 of 1556 names since ESPN's history (by tour {'atp': 0.9195, 'wta': 0.8534}), 0.9386 of match sides · birth dates for 0.9385 of sides (2807 bios on file)
   life atoms (122 read-outs at pinnacle): wta|pin|yvv:vet n=1818 roi +0.020 / -0.095 z 1.53 / -1.45, wta|pin|age:teen n=4296 roi +0.006 / +0.007 z 1.07 / 1.99, wta|pin|tvv:vet n=483 roi +0.046 / -0.126 z 0.51 / -1.2, atp|pin|age:teen n=2324 roi +0.015 / +0.006 z 0.28 / 1.94
   registry: tested 3870 new angles (56223 ever) · new suspects 15 · promoted 0 · killed 15 · luck would give ~13.08 suspects / 0.2976 proven ever
   fixed tests: 543 this run, 1 pass the bar (luck ~0.252)
   NEW SUSPECT atp|avg|age:prime&olast:dist&srv:big: older half n=596 roi +0.048 edge z=3.66 | newer half n=1073 roi -0.110 edge z=-1.42
   NEW SUSPECT atp|b365|age:prime&olast:dist&srv:big: older half n=596 roi +0.046 edge z=3.62 | newer half n=1075 roi -0.108 edge z=-1.45
   NEW SUSPECT atp|avg|age:prime&olay:long&ork:100+: older half n=361 roi +0.065 edge z=3.74 | newer half n=433 roi -0.086 edge z=-1.06
   NEW SUSPECT atp|pin|age:prime&olay:long&ork:100+: older half n=361 roi +0.090 edge z=3.5 | newer half n=433 roi -0.063 edge z=-1.18
   NEW SUSPECT atp|avg|age:prime&olay:long&rd:early: older half n=528 roi +0.054 edge z=3.77 | newer half n=637 roi -0.050 edge z=-0.05
   NEW SUSPECT atp|b365|age:prime&olay:long&rd:early: older half n=526 roi +0.045 edge z=3.57 | newer half n=636 roi -0.052 edge z=-0.12
   NEW SUSPECT atp|pin|age:prime&olay:long&rd:early: older half n=528 roi +0.084 edge z=3.58 | newer half n=637 roi -0.022 edge z=-0.15
   NEW SUSPECT atp|avg|age:prime&olay:long&rk:31-100: older half n=300 roi +0.092 edge z=3.85 | newer half n=393 roi -0.105 edge z=-1.04
   NEW SUSPECT atp|b365|age:prime&olay:long&rk:31-100: older half n=300 roi +0.081 edge z=3.71 | newer half n=393 roi -0.110 edge z=-1.15
   NEW SUSPECT atp|pin|age:prime&olay:long&rk:31-100: older half n=300 roi +0.127 edge z=3.74 | newer half n=393 roi -0.081 edge z=-1.1
   NEW SUSPECT atp|avg|age:prime&olay:long&ssn:mid: older half n=279 roi +0.128 edge z=4.06 | newer half n=288 roi -0.096 edge z=-1.42
   NEW SUSPECT atp|b365|age:prime&olay:long&ssn:mid: older half n=277 roi +0.120 edge z=3.88 | newer half n=288 roi -0.101 edge z=-1.48
   NEW SUSPECT atp|pin|age:prime&olay:long&ssn:mid: older half n=279 roi +0.159 edge z=3.89 | newer half n=288 roi -0.069 edge z=-1.5
   NEW SUSPECT atp|avg|age:prime&olgames:long&srv:big: older half n=665 roi +0.031 edge z=3.55 | newer half n=1217 roi -0.081 edge z=-0.5
   NEW SUSPECT atp|b365|age:prime&olgames:long&srv:big: older half n=664 roi +0.029 edge z=3.5 | newer half n=1219 roi -0.078 edge z=-0.5
   KILLED atp|avg|age:prime&olast:dist&srv:big: older half n=596 roi +0.048 edge z=3.66 | newer half n=1073 roi -0.110 edge z=-1.42
   KILLED atp|b365|age:prime&olast:dist&srv:big: older half n=596 roi +0.046 edge z=3.62 | newer half n=1075 roi -0.108 edge z=-1.45
   KILLED atp|avg|age:prime&olay:long&ork:100+: older half n=361 roi +0.065 edge z=3.74 | newer half n=433 roi -0.086 edge z=-1.06
   KILLED atp|pin|age:prime&olay:long&ork:100+: older half n=361 roi +0.090 edge z=3.5 | newer half n=433 roi -0.063 edge z=-1.18
   KILLED atp|avg|age:prime&olay:long&rd:early: older half n=528 roi +0.054 edge z=3.77 | newer half n=637 roi -0.050 edge z=-0.05
   KILLED atp|b365|age:prime&olay:long&rd:early: older half n=526 roi +0.045 edge z=3.57 | newer half n=636 roi -0.052 edge z=-0.12
   KILLED atp|pin|age:prime&olay:long&rd:early: older half n=528 roi +0.084 edge z=3.58 | newer half n=637 roi -0.022 edge z=-0.15
   KILLED atp|avg|age:prime&olay:long&rk:31-100: older half n=300 roi +0.092 edge z=3.85 | newer half n=393 roi -0.105 edge z=-1.04
   KILLED atp|b365|age:prime&olay:long&rk:31-100: older half n=300 roi +0.081 edge z=3.71 | newer half n=393 roi -0.110 edge z=-1.15
   KILLED atp|pin|age:prime&olay:long&rk:31-100: older half n=300 roi +0.127 edge z=3.74 | newer half n=393 roi -0.081 edge z=-1.1
   KILLED atp|avg|age:prime&olay:long&ssn:mid: older half n=279 roi +0.128 edge z=4.06 | newer half n=288 roi -0.096 edge z=-1.42
   KILLED atp|b365|age:prime&olay:long&ssn:mid: older half n=277 roi +0.120 edge z=3.88 | newer half n=288 roi -0.101 edge z=-1.48
   KILLED atp|pin|age:prime&olay:long&ssn:mid: older half n=279 roi +0.159 edge z=3.89 | newer half n=288 roi -0.069 edge z=-1.5
   KILLED atp|avg|age:prime&olgames:long&srv:big: older half n=665 roi +0.031 edge z=3.55 | newer half n=1217 roi -0.081 edge z=-0.5
   KILLED atp|b365|age:prime&olgames:long&srv:big: older half n=664 roi +0.029 edge z=3.5 | newer half n=1219 roi -0.078 edge z=-0.5
   PASSES price 90-100% wta at max: n=1231 roi +0.012 / +0.029 z=3.87 (NOT a gettable price)
   closest angle: atp|b365|age:prime&olay:long&ork:100+ n=792 roi +0.054 / -0.089 z older 3.49 all 1.28
   closest angle: atp|pin|age:prime&olast:dist&srv:big n=1671 roi +0.089 / -0.082 z older 3.48 all 0.74
   closest angle: atp|b365|age:prime&oinjn:2+&orest:0-1 n=1043 roi +0.070 / -0.229 z older 3.45 all 0.84
   closest fixed: line shop b365 all fav gap>0% n=2020 roi +0.044 / +0.008 z=4.48
   closest fixed: line shop b365 atp fav gap>0% n=970 roi +0.067 / +0.007 z=3.45
   closest fixed: line shop b365 wta fav gap>0% n=1050 roi +0.026 / +0.010 z=2.9
   PROVEN: nothing
✅ tennis edge: 41s · proven: {"proven": []}
first set ATP: 32132 matches, implied log loss 0.62855 (match chance as set-1 chance 0.63577, coin 0.69315)
  crew overperformance: closest >= 0.05: n 19692, hit 0.5266 vs implied 0.5218, z 1.41 (vs recalibrated 0.73), ROI -0.0502 (older -0.0615, newer -0.0399) - z 1.41 < 3.5; older ROI -0.0615 <= 0; newer ROI -0.0399 <= 0
  crew raw_rate: closest >= 0.10: n 15498, hit 0.6247 vs implied 0.608, z 4.4 (vs recalibrated 1.16), ROI -0.0269 (older -0.0388, newer -0.016) - older ROI -0.0388 <= 0; newer ROI -0.016 <= 0
first set WTA: 32523 matches, implied log loss 0.62585 (match chance as set-1 chance 0.62643, coin 0.69315)
  crew overperformance: closest >= 0.15: n 8372, hit 0.5631 vs implied 0.549, z 2.69 (vs recalibrated 1.03), ROI -0.0357 (older -0.0422, newer -0.0286) - z 2.69 < 3.5; older ROI -0.0422 <= 0; newer ROI -0.0286 <= 0
  crew raw_rate: closest >= 0.20: n 8256, hit 0.6662 vs implied 0.638, z 5.49 (vs recalibrated 0.74), ROI -0.0109 (older -0.0057, newer -0.0164) - older ROI -0.0057 <= 0; newer ROI -0.0164 <= 0
first set real Bovada lines: 0 captured, 0 matched (test runs at 300) · 4.5s
✅ tennis first set: 5s · proven: {"proven": []}
HEAVY TENNIS FAVORITES (research only): 64658 priced matches 2012-01-01 -> 2026-01-14, split 2018-05-27, 53807 rated
 ATP pin straights [all]
    -101..-150: n  7563 win 0.541 fair 0.547 roi -0.035 z_edge -1.02 | old n 3291 roi -0.035 | new n 4272 roi -0.036
    -151..-200: n  6518 win 0.604 fair 0.619 roi -0.048 z_edge -2.43 | old n 2813 roi -0.043 | new n 3705 roi -0.052
    -201..-300: n  6514 win 0.698 fair 0.691 roi -0.014 z_edge +1.31 | old n 3112 roi -0.020 | new n 3402 roi -0.009
    -301..-500: n  5611 win 0.784 fair 0.771 roi -0.007 z_edge +2.42 | old n 2841 roi +0.006 | new n 2770 roi -0.020
         -500+: n  5778 win 0.896 fair 0.884 roi -0.009 z_edge +3.26 | old n 3246 roi -0.009 | new n 2532 roi -0.009
 ATP pin straights [blend+2%]
    -101..-150: n   116 win 0.560 fair 0.552 roi -0.012 z_edge +0.19 | old n 69 roi +0.043 | new n 47 roi -0.092
    -151..-200: n   207 win 0.551 fair 0.620 roi -0.134 z_edge -1.99 | old n 129 roi -0.072 | new n 78 roi -0.235
    -201..-300: n   233 win 0.717 fair 0.691 roi +0.011 z_edge +0.87 | old n 161 roi +0.017 | new n 72 roi -0.001
    -301..-500: n   173 win 0.775 fair 0.771 roi -0.021 z_edge +0.10 | old n 132 roi -0.014 | new n 41 roi -0.043
         -500+: n    35 win 0.914 fair 0.841 roi +0.060 z_edge +1.51 | old n 30 roi +0.083 | new n 5 roi -0.074
 ATP pin straights [model+2%]
    -101..-150: n  2343 win 0.527 fair 0.545 roi -0.055 z_edge -1.74 | old n 975 roi -0.042 | new n 1368 roi -0.065
    -151..-200: n  1544 win 0.589 fair 0.617 roi -0.068 z_edge -2.19 | old n 591 roi -0.076 | new n 953 roi -0.064
    -201..-300: n  1220 win 0.686 fair 0.689 roi -0.027 z_edge -0.20 | old n 461 roi -0.022 | new n 759 roi -0.030
    -301..-500: n   696 win 0.783 fair 0.768 roi -0.004 z_edge +0.99 | old n 274 roi +0.010 | new n 422 roi -0.014
         -500+: n   345 win 0.870 fair 0.868 roi -0.022 z_edge +0.10 | old n 126 roi +0.003 | new n 219 roi -0.037
 ATP b365 straights [all]
    -101..-150: n  4071 win 0.529 fair 0.539 roi -0.078 z_edge -1.38 | old n 1278 roi -0.087 | new n 2793 roi -0.074
    -151..-200: n  8140 win 0.585 fair 0.599 roi -0.082 z_edge -2.43 | old n 3777 roi -0.089 | new n 4363 roi -0.076
    -201..-300: n  5979 win 0.676 fair 0.671 roi -0.052 z_edge +0.88 | old n 2913 roi -0.066 | new n 3066 roi -0.040
    -301..-500: n  6606 win 0.761 fair 0.748 roi -0.038 z_edge +2.53 | old n 3213 roi -0.038 | new n 3393 roi -0.037
         -500+: n  6547 win 0.885 fair 0.864 roi -0.027 z_edge +5.31 | old n 3868 roi -0.030 | new n 2679 roi -0.023
 ATP b365 straights [blend+2%]
    -101..-150: n   649 win 0.508 fair 0.539 roi -0.113 z_edge -1.56 | old n 189 roi -0.091 | new n 460 roi -0.122
    -151..-200: n  1317 win 0.616 fair 0.598 roi -0.033 z_edge +1.30 | old n 569 roi -0.066 | new n 748 roi -0.007
    -201..-300: n  1263 win 0.710 fair 0.671 roi -0.005 z_edge +3.07 | old n 649 roi -0.000 | new n 614 roi -0.011
    -301..-500: n  1607 win 0.779 fair 0.751 roi -0.020 z_edge +2.69 | old n 785 roi -0.021 | new n 822 roi -0.019
         -500+: n  1659 win 0.882 fair 0.850 roi -0.017 z_edge +4.13 | old n 895 roi -0.021 | new n 764 roi -0.012
 ATP b365 straights [model+2%]
    -101..-150: n  1242 win 0.510 fair 0.538 roi -0.108 z_edge -2.01 | old n 385 roi -0.108 | new n 857 roi -0.108
    -151..-200: n  2075 win 0.571 fair 0.598 roi -0.103 z_edge -2.46 | old n 865 roi -0.139 | new n 1210 roi -0.077
    -201..-300: n  1161 win 0.677 fair 0.670 roi -0.050 z_edge +0.49 | old n 468 roi -0.041 | new n 693 roi -0.056
    -301..-500: n  1028 win 0.743 fair 0.746 roi -0.057 z_edge -0.18 | old n 404 roi -0.071 | new n 624 roi -0.048
         -500+: n   573 win 0.843 fair 0.850 roi -0.061 z_edge -0.48 | old n 229 roi -0.058 | new n 344 roi -0.063
 WTA pin straights [all]
    -101..-150: n  8256 win 0.534 fair 0.545 roi -0.047 z_edge -2.12 | old n 3924 roi -0.047 | new n 4332 roi -0.046
    -151..-200: n  6885 win 0.617 fair 0.618 roi -0.027 z_edge -0.15 | old n 3194 roi -0.029 | new n 3691 roi -0.025
    -201..-300: n  6803 win 0.694 fair 0.690 roi -0.020 z_edge +0.77 | old n 3338 roi -0.022 | new n 3465 roi -0.018
    -301..-500: n  5806 win 0.772 fair 0.769 roi -0.023 z_edge +0.48 | old n 2800 roi -0.024 | new n 3006 roi -0.022
         -500+: n  4649 win 0.892 fair 0.873 roi -0.005 z_edge +4.20 | old n 2399 roi -0.010 | new n 2250 roi +0.001
 WTA pin straights [blend+2%]
    -101..-150: n   156 win 0.545 fair 0.551 roi -0.033 z_edge -0.15 | old n 79 roi -0.176 | new n 77 roi +0.113
    -151..-200: n   219 win 0.676 fair 0.617 roi +0.066 z_edge +1.87 | old n 122 roi +0.049 | new n 97 roi +0.089
    -201..-300: n   271 win 0.727 fair 0.690 roi +0.028 z_edge +1.37 | old n 194 roi -0.005 | new n 77 roi +0.109
    -301..-500: n   209 win 0.794 fair 0.763 roi +0.013 z_edge +1.11 | old n 128 roi +0.033 | new n 81 roi -0.020
         -500+: n    36 win 0.861 fair 0.831 roi +0.010 z_edge +0.52 | old n 25 roi -0.018 | new n 11 roi +0.073
 WTA pin straights [model+2%]
    -101..-150: n  2537 win 0.527 fair 0.544 roi -0.057 z_edge -1.73 | old n 1079 roi -0.079 | new n 1458 roi -0.041
    -151..-200: n  1628 win 0.591 fair 0.617 roi -0.068 z_edge -2.16 | old n 601 roi -0.042 | new n 1027 roi -0.084
    -201..-300: n  1219 win 0.699 fair 0.688 roi -0.010 z_edge +0.85 | old n 449 roi -0.018 | new n 770 roi -0.005
    -301..-500: n   737 win 0.786 fair 0.765 roi -0.001 z_edge +1.35 | old n 241 roi +0.031 | new n 496 roi -0.017
         -500+: n   246 win 0.911 fair 0.854 roi +0.039 z_edge +3.13 | old n 91 roi -0.002 | new n 155 roi +0.064
 WTA b365 straights [all]
    -101..-150: n  4354 win 0.519 fair 0.539 roi -0.094 z_edge -2.61 | old n 1541 roi -0.097 | new n 2813 roi -0.093
    -151..-200: n  8799 win 0.594 fair 0.598 roi -0.068 z_edge -0.85 | old n 4404 roi -0.084 | new n 4395 roi -0.052
    -201..-300: n  6169 win 0.676 fair 0.671 roi -0.053 z_edge +0.82 | old n 3041 roi -0.056 | new n 3128 roi -0.051
    -301..-500: n  6726 win 0.754 fair 0.748 roi -0.048 z_edge +1.13 | old n 3280 roi -0.061 | new n 3446 roi -0.035
         -500+: n  5470 win 0.878 fair 0.854 roi -0.026 z_edge +5.44 | old n 2984 roi -0.035 | new n 2486 roi -0.016
 WTA b365 straights [blend+2%]
    -101..-150: n   715 win 0.568 fair 0.539 roi -0.009 z_edge +1.53 | old n 249 roi -0.102 | new n 466 roi +0.041
    -151..-200: n  1601 win 0.621 fair 0.600 roi -0.028 z_edge +1.73 | old n 781 roi -0.064 | new n 820 roi +0.006
    -201..-300: n  1404 win 0.702 fair 0.670 roi -0.017 z_edge +2.54 | old n 755 roi -0.006 | new n 649 roi -0.029
    -301..-500: n  1586 win 0.772 fair 0.750 roi -0.027 z_edge +2.19 | old n 811 roi -0.048 | new n 775 roi -0.005
         -500+: n  1393 win 0.877 fair 0.846 roi -0.020 z_edge +3.60 | old n 749 roi -0.020 | new n 644 roi -0.019
 WTA b365 straights [model+2%]
    -101..-150: n  1375 win 0.520 fair 0.539 roi -0.093 z_edge -1.42 | old n 438 roi -0.127 | new n 937 roi -0.077
    -151..-200: n  2181 win 0.577 fair 0.598 roi -0.093 z_edge -1.92 | old n 888 roi -0.096 | new n 1293 roi -0.090
    -201..-300: n  1229 win 0.679 fair 0.670 roi -0.047 z_edge +0.68 | old n 472 roi -0.037 | new n 757 roi -0.054
    -301..-500: n  1018 win 0.746 fair 0.745 roi -0.054 z_edge +0.03 | old n 354 roi -0.071 | new n 664 roi -0.045
         -500+: n   429 win 0.897 fair 0.840 roi +0.011 z_edge +3.94 | old n 171 roi -0.024 | new n 258 roi +0.034
 ATP pin parlay cap -150 [all]: 1224 tickets, hit 0.166 (fair 0.171), avg +444, roi -0.111 z -1.94 | old 529 -0.073 | new 695 -0.141
 ATP pin parlay cap -200 [all]: 2097 tickets, hit 0.211 (fair 0.222), avg +325, roi -0.114 z -3.02 | old 946 -0.141 | new 1151 -0.092
 ATP pin parlay cap -300 [all]: 2501 tickets, hit 0.304 (fair 0.295), avg +225, roi -0.049 z -1.66 | old 1164 -0.055 | new 1337 -0.043
 ATP pin parlay cap -200 [blend+2%]: 6 tickets, hit 0.000 (fair 0.211), avg +341, roi -1.000 z +0.00 | old 3 -1.000 | new 3 -1.000
 ATP pin parlay cap -300 [blend+2%]: 18 tickets, hit 0.167 (fair 0.260), avg +265, roi -0.481 z -1.70 | old 8 -0.202 | new 10 -0.705
 ATP pin parlay cap -150 [model+2%]: 187 tickets, hit 0.150 (fair 0.163), avg +472, roi -0.157 z -1.06 | old 70 -0.378 | new 117 -0.025
 ATP pin parlay cap -200 [model+2%]: 507 tickets, hit 0.175 (fair 0.199), avg +373, roi -0.186 z -2.35 | old 185 -0.318 | new 322 -0.111
 ATP pin parlay cap -300 [model+2%]: 765 tickets, hit 0.224 (fair 0.236), avg +308, roi -0.128 z -2.13 | old 296 -0.149 | new 469 -0.115
 ATP b365 parlay cap -150 [all]: 498 tickets, hit 0.112 (fair 0.162), avg +418, roi -0.422 z -5.79 | old 105 -0.495 | new 393 -0.403
 ATP b365 parlay cap -200 [all]: 1909 tickets, hit 0.195 (fair 0.213), avg +294, roi -0.239 z -6.72 | old 818 -0.301 | new 1091 -0.193
 ATP b365 parlay cap -300 [all]: 2394 tickets, hit 0.273 (fair 0.271), avg +216, roi -0.176 z -6.31 | old 1103 -0.221 | new 1291 -0.137
 ATP b365 parlay cap -150 [blend+2%]: 9 tickets, hit 0.222 (fair 0.166), avg +413, roi +0.128 z +0.17 | old 1 +4.325 | new 8 -0.397
 ATP b365 parlay cap -200 [blend+2%]: 141 tickets, hit 0.270 (fair 0.197), avg +329, roi +0.133 z +0.83 | old 35 +0.169 | new 106 +0.121
 ATP b365 parlay cap -300 [blend+2%]: 346 tickets, hit 0.303 (fair 0.242), avg +252, roi +0.034 z +0.39 | old 141 +0.030 | new 205 +0.037
 ATP b365 parlay cap -150 [model+2%]: 49 tickets, hit 0.102 (fair 0.159), avg +430, roi -0.467 z -2.04 | old 4 +0.331 | new 45 -0.538
 ATP b365 parlay cap -200 [model+2%]: 390 tickets, hit 0.197 (fair 0.198), avg +324, roi -0.192 z -2.32 | old 127 -0.262 | new 263 -0.159
 ATP b365 parlay cap -300 [model+2%]: 631 tickets, hit 0.224 (fair 0.230), avg +271, roi -0.206 z -3.45 | old 218 -0.242 | new 413 -0.187
 WTA pin parlay cap -150 [all]: 1308 tickets, hit 0.161 (fair 0.170), avg +445, roi -0.126 z -2.28 | old 602 -0.151 | new 706 -0.105
 WTA pin parlay cap -200 [all]: 2270 tickets, hit 0.207 (fair 0.220), avg +328, roi -0.134 z -3.71 | old 1043 -0.135 | new 1227 -0.133
 WTA pin parlay cap -300 [all]: 2680 tickets, hit 0.289 (fair 0.291), avg +230, roi -0.087 z -3.08 | old 1260 -0.082 | new 1420 -0.092
 WTA pin parlay cap -200 [blend+2%]: 5 tickets, hit 0.600 (fair 0.201), avg +362, roi +1.674 z +1.51 | old 2 -1.000 | new 3 +3.457
 WTA pin parlay cap -300 [blend+2%]: 13 tickets, hit 0.538 (fair 0.237), avg +295, roi +1.124 z +1.94 | old 5 +0.394 | new 8 +1.580
 WTA pin parlay cap -150 [model+2%]: 205 tickets, hit 0.112 (fair 0.163), avg +468, roi -0.367 z -2.94 | old 86 -0.412 | new 119 -0.335
 WTA pin parlay cap -200 [model+2%]: 543 tickets, hit 0.160 (fair 0.197), avg +377, roi -0.236 z -3.11 | old 205 -0.242 | new 338 -0.232
 WTA pin parlay cap -300 [model+2%]: 804 tickets, hit 0.224 (fair 0.238), avg +305, roi -0.148 z -2.57 | old 301 -0.045 | new 503 -0.210
 WTA b365 parlay cap -150 [all]: 542 tickets, hit 0.120 (fair 0.161), avg +419, roi -0.376 z -5.16 | old 151 -0.519 | new 391 -0.321
 WTA b365 parlay cap -200 [all]: 2061 tickets, hit 0.190 (fair 0.213), avg +295, roi -0.259 z -7.66 | old 935 -0.269 | new 1126 -0.251
 WTA b365 parlay cap -300 [all]: 2541 tickets, hit 0.269 (fair 0.270), avg +217, roi -0.171 z -6.20 | old 1181 -0.192 | new 1360 -0.152
 WTA b365 parlay cap -150 [blend+2%]: 7 tickets, hit 0.143 (fair 0.157), avg +435, roi -0.204 z -0.26 | old 2 -1.000 | new 5 +0.115
 WTA b365 parlay cap -200 [blend+2%]: 170 tickets, hit 0.212 (fair 0.201), avg +315, roi -0.128 z -0.98 | old 75 -0.231 | new 95 -0.045
 WTA b365 parlay cap -300 [blend+2%]: 437 tickets, hit 0.277 (fair 0.241), avg +251, roi -0.056 z -0.75 | old 208 -0.082 | new 229 -0.031
 WTA b365 parlay cap -150 [model+2%]: 65 tickets, hit 0.077 (fair 0.160), avg +427, roi -0.586 z -3.26 | old 9 -1.000 | new 56 -0.519
 WTA b365 parlay cap -200 [model+2%]: 389 tickets, hit 0.162 (fair 0.198), avg +326, roi -0.306 z -3.79 | old 128 -0.361 | new 261 -0.279
 WTA b365 parlay cap -300 [model+2%]: 666 tickets, hit 0.219 (fair 0.233), avg +267, roi -0.233 z -4.06 | old 238 -0.318 | new 428 -0.185
 tests at n300+: 266 straight, 28 parlay; expected by luck 0.062 + 0.751
 passed the bar: ['atp|b365|blend+2%|parlay -300'] · proven (not luck-sized): none
 VERDICT: NOT LUCRATIVE (a pass that looks like luck). atp|b365|blend+2%|parlay -300 (n 346, roi +0.034, profit z +0.39) clears the bar, but its profit z is under 2 and 0.81 passes were expected by luck alone. Nothing to act on. Research only.
✅ tennis heavy favorites: 15s · proven: {"proven": []}
study run done in 497s: 20/20 studies ok
✅ underdogs + favorites: 2s · proven: {"nfl": [], "nfl price check": false, "ncaaf": [], "ncaaf price check": false, "nba": [], "nba price check": false, "ncaab": [], "ncaab price check": true, "mlb": [], "mlb price check": false, "nhl": [], "nhl price check": true}
✅ over/unders: 6s · proven: {"nfl": true, "ncaaf": false, "nba": false, "ncaab": true, "mlb": false, "nhl": false}
✅ hockey: 9s · proven: null
✅ spread vs moneyline: 5s · proven: {"nfl": true, "ncaaf": false, "nba": false, "ncaab": false}
✅ puck lines / run lines: 3s · proven: null
✅ halves / first period: 1s · proven: null
✅ comebacks: 99s · proven: null
✅ trends: 6s · proven: {"proven": ["ncaab|rate|fav_cover", "ncaaf|rate|total"]}
✅ rigged / fade the public: 0s · proven: {"proven": []}
✅ self-check on our picks: 0s · proven: null
✅ situational spots: 10s · proven: {"nfl": [], "ncaaf": [], "nba": [], "ncaab": [], "mlb": [], "nhl": []}
✅ line movement + CLV: 2s · proven: {"proven": []}
✅ our engine vs the move (can it beat the pros?): 3s · proven: {"proven": []}
✅ the engine's strengths, sport by sport: 3s · proven: {"proven": ["ncaaf", "nba"]}
THE CONTEXT STUDY: 584 tests with 300+ bets; bar z >= 3.5 + profit in both halves. Luck alone: ~0.136 false positives expected (fake no-edge results passed 0.0 on average); refs: officials.json loaded
nfl: 2762 games · proven - · confirmed - · killed -
   ref_home-|spread|dog         n=   440 roi old +0.016 new +0.101 edge +0.0529 z=+1.29
   any:out_dome|total|over      n=   461 roi old +0.057 new +0.025 edge +0.0444 z=+0.93
   div|spread|dog               n=   776 roi old +0.026 new +0.034 edge +0.0378 z=+0.86
   out_dome|ml|team             n=   449 roi old +0.121 new -0.031 edge +0.0396 z=+0.75
   any:dome_out|total|under     n=   456 roi old +0.014 new +0.040 edge +0.0374 z=+0.61
   rival|spread|home            n=   332 roi old +0.051 new -0.007 edge +0.0338 z=+0.42
ncaaf: 9585 games · proven - · confirmed - · killed -
   any:east1000|total|under     n=   461 roi old +0.063 new +0.098 edge +0.0663 z=+1.83
   rival|spread|road            n=   301 roi old +0.018 new +0.124 edge +0.0612 z=+1.30
   rival|total|under            n=   303 roi old +0.073 new +0.064 edge +0.0610 z=+1.26
   west1000|ml|fade             n=   443 roi old -0.025 new +0.105 edge +0.0302 z=+0.64
   trip1000|ml|fade             n=   889 roi old -0.027 new +0.067 edge +0.0162 z=+0.47
   east1000|ml|team             n=   456 roi old +0.171 new -0.116 edge -0.0023 z=+0.31
nba: 12852 games · proven - · confirmed - · killed -
   any:rest|total|over          n=   328 roi old +0.140 new +0.105 edge +0.0881 z=+2.36
   ref_under|ml|road            n=   403 roi old +0.116 new +0.234 edge +0.0761 z=+2.29
   any:tank|total|over          n=   584 roi old +0.006 new +0.124 edge +0.0581 z=+1.66
   any:elim|total|over          n=   664 roi old -0.017 new +0.110 edge +0.0481 z=+1.26
   ref_under|ml|dog             n=   400 roi old +0.064 new +0.127 edge +0.0431 z=+1.13
   tank|spread|fade             n=   527 roi old +0.032 new +0.050 edge +0.0445 z=+0.99
ncaab: 58494 games · proven - · confirmed - · killed -
   ref_under|total|under        n=  2506 roi old +0.032 new +0.064 edge +0.0488 z=+2.54
   ref_over|total|over          n=  1492 roi old +0.065 new +0.022 edge +0.0467 z=+1.77
   road3in6|spread|team         n=   481 roi old +0.019 new +0.048 edge +0.0411 z=+0.76
   rival|spread|home            n=   368 roi old +0.130 new -0.055 edge +0.0435 z=+0.76
   rival|total|under            n=   371 roi old +0.084 new -0.042 edge +0.0342 z=+0.41
   rival|ml|home                n=   374 roi old +0.054 new -0.025 edge +0.0330 z=+0.30
mlb: 23237 games · proven - · confirmed - · killed -
   trip2000|ml|fade             n=   658 roi old +0.089 new -0.043 edge +0.0265 z=+0.58
   east1000|ml|team             n=  1397 roi old +0.043 new -0.011 edge +0.0243 z=+0.57
   nonconf|ml|road              n=  4275 roi old +0.039 new -0.032 edge +0.0179 z=+0.20
   any:west1000|total|over      n=  1437 roi old -0.022 new +0.030 edge +0.0247 z=+0.15
   trip1000|ml|team             n=  2469 roi old -0.003 new +0.003 edge +0.0165 z=+0.01
   ref_under|total|under        n=  3079 roi old +0.001 new -0.003 edge +0.0217 z=-0.06
nhl: 13203 games · proven - · confirmed - · killed -
   ref_home+|ml|road            n=   489 roi old +0.045 new +0.001 edge +0.0281 z=+0.45
   race|ml|team                 n=  1320 roi old +0.025 new -0.022 edge +0.0237 z=+0.04
   ref_home-|total|under        n=   589 roi old +0.035 new -0.037 edge +0.0231 z=-0.03
   mustwin|ml|team              n=  1228 roi old +0.036 new -0.040 edge +0.0226 z=-0.07
   trip2000|ml|fade             n=   526 roi old -0.017 new -0.002 edge +0.0104 z=-0.21
   any:west1000|total|over      n=  1324 roi old +0.004 new -0.019 edge +0.0201 z=-0.29
✅ context: rivalries, travel, domes, stakes, refs: 20s · proven: {"nfl": [], "ncaaf": [], "nba": [], "ncaab": [], "mlb": [], "nhl": []}
✅ early value plays: the early-price exam: 30s · proven: {"proven": ["mlb +8..12 (+100..+149 dogs)"]}
THE EXPLORER: tested 6000 NEW angles (111911 ever) in 27.9s
   new suspects: 0 (luck alone would give ~1.4) · promoted to PROVEN: 0 · killed: 0 · proven demoted: 0
   now watching 0 suspects · 0 proven · 0 killed
   TEAM TRENDS pooled across sports (all games so far; 'follow' = ride the trend, 'fade' = bet against it; the bar: 300+ bets, profit in both halves, z 3.5+):
   1st-quarter form|ml: n=23934 (2018-04-07..2026-09-27) follow hit 62.2% older / 62.9% newer (fair 61.3%, roi -0.024 / -0.026, z -4.07, edge z 4.42) · fade hit 37.8% / 37.1% (roi -0.095 / -0.146, z -12.25) -> no edge
   1st-quarter form|p1ml: n=14233 (2018-09-09..2026-09-27) follow hit 60.6% older / 61.4% newer (fair 59.7%, roi -0.031 / -0.036, z -4.63, edge z 3.32) · fade hit 39.4% / 38.6% (roi -0.083 / -0.117, z -9.09) -> no edge
   1st-quarter form|p1spread: n=14641 (2018-09-09..2026-09-27) follow hit 50.4% older / 50.0% newer (fair 50.0%, roi -0.043 / -0.060, z -6.6, edge z 0.49) · fade hit 49.5% / 50.0% (roi -0.060 / -0.059, z -7.58) -> no edge
   1st-quarter form|spread: n=21353 (2018-10-20..2026-06-14) follow hit 49.8% older / 50.4% newer (fair 50.0%, roi -0.048 / -0.037, z -6.54, edge z 0.27) · fade hit 50.2% / 49.6% (roi -0.042 / -0.051, z -7.09) -> no edge
   O/U streak 4+|total: n=15238 (2018-04-04..2026-10-01) follow hit 49.7% older / 50.8% newer (fair 50.0%, roi -0.051 / -0.030, z -5.21, edge z 0.51) · fade hit 50.3% / 49.2% (roi -0.038 / -0.059, z -6.22) -> no edge
   division record|ml: n=2507 (2018-09-09..2026-10-02) follow hit 64.4% older / 65.3% newer (fair 62.9%, roi +0.016 / -0.017, z -0.01, edge z 2.1) · fade hit 35.6% / 34.7% (roi -0.080 / -0.095, z -3.0) -> no edge
   division record|spread: n=1413 (2018-09-09..2026-10-02) follow hit 50.6% older / 48.7% newer (fair 50.0%, roi -0.032 / -0.070, z -2.01, edge z -0.3) · fade hit 49.4% / 51.3% (roi -0.055 / -0.016, z -1.41) -> no edge
   prime-time record|ml: n=189 (2018-09-17..2026-09-28) follow hit 59.6% older / 62.1% newer (fair 59.9%, roi -0.080 / +0.022, z -0.45, edge z 0.28) · fade hit 40.4% / 37.9% (roi -0.116 / -0.054, z -0.89) -> no edge
   prime-time record|spread: n=187 (2018-09-17..2026-09-28) follow hit 52.7% older / 47.9% newer (fair 50.0%, roi +0.010 / -0.085, z -0.54, edge z 0.08) · fade hit 47.3% / 52.1% (roi -0.090 / -0.007, z -0.69) -> no edge
   road ATS rate|spread: n=10247 (2018-11-04..2026-10-02) follow hit 48.8% older / 48.2% newer (fair 50.0%, roi -0.068 / -0.079, z -7.78, edge z -3.05) · fade hit 51.2% / 51.8% (roi -0.022 / -0.010, z -1.68) -> no edge
   season ATS rate|spread: n=13032 (2018-10-13..2026-04-04) follow hit 48.2% older / 49.1% newer (fair 50.0%, roi -0.079 / -0.062, z -8.4, edge z -3.09) · fade hit 51.8% / 50.9% (roi -0.011 / -0.026, z -2.23) -> no edge
   team ATS streak 3+|spread: n=16471 (2018-09-16..2026-09-27) follow hit 49.2% older / 49.4% newer (fair 50.0%, roi -0.061 / -0.055, z -7.77, edge z -1.79) · fade hit 50.8% / 50.6% (roi -0.029 / -0.034, z -4.21) -> no edge
   team ATS streak 5+|spread: n=4204 (2018-10-06..2026-06-09) follow hit 48.4% older / 48.2% newer (fair 50.0%, roi -0.075 / -0.077, z -5.17, edge z -2.14) · fade hit 51.6% / 51.8% (roi -0.015 / -0.011, z -0.87) -> no edge
✅ the explorer: NEW angles: 29s · proven: {"proven": []}
THE TENNIS EDGE STUDY: 64658 priced matches 2012-01-01 -> 2026-08-03 (older half < 2018-05-27 <= newer half) in 27.6s
   softest segments (a bias learned on the older half that still helps on the newer, mnats/match): WTA rank x10+ +1.15, WTA slam +0.91, WTA round sf+ +0.89, ATP indoor +0.78
   ATP: log loss pin 0.5752 / b365 0.5759 / avg 0.576 · margin pin 0.0253 b365 0.0605
   WTA: log loss pin 0.5903 / b365 0.5912 / avg 0.5908 · margin pin 0.0266 b365 0.0619
   line shop b365 >2% over pinnacle fair: n=4674 roi -0.066 / -0.032 (expected +0.063) edge z=2.68 · beats fair in 14% of matches
   line shop avg >2% over pinnacle fair: n=928 roi -0.164 / -0.045 (expected +0.067) edge z=-0.25 · beats fair in 4% of matches
   line shop max >2% over pinnacle fair: n=30043 roi +0.016 / +0.023 (expected +0.069) edge z=2.42 · beats fair in 73% of matches
   model vs market, newer half: pinnacle 0.597 · elo 0.6295 · model 0.6262 · blend 0.5969 (+0.100 mnats, z 1.07)
   bovada: 155 closing lines, margin 0.0453, 0 matched to pinnacle, 95 graded
   names -> ESPN ids: 0.8856 of 1556 names since ESPN's history (by tour {'atp': 0.9195, 'wta': 0.8534}), 0.9386 of match sides · birth dates for 0.9385 of sides (2807 bios on file)
   life atoms (122 read-outs at pinnacle): wta|pin|yvv:vet n=1818 roi +0.020 / -0.095 z 1.53 / -1.45, wta|pin|age:teen n=4296 roi +0.006 / +0.007 z 1.07 / 1.99, wta|pin|tvv:vet n=483 roi +0.046 / -0.126 z 0.51 / -1.2, atp|pin|age:teen n=2324 roi +0.015 / +0.006 z 0.28 / 1.94
   registry: tested 3778 new angles (60001 ever) · new suspects 5 · promoted 0 · killed 4 · luck would give ~13.96 suspects / 0.3175 proven ever
   fixed tests: 543 this run, 1 pass the bar (luck ~0.252)
   NEW SUSPECT atp|avg|age:prime&ostrk:l2&post:deep: older half n=167 roi +0.078 edge z=3.76 | newer half n=175 roi -0.002 edge z=1.51
   NEW SUSPECT atp|b365|age:prime&ostrk:l2&post:deep: older half n=164 roi +0.071 edge z=3.6 | newer half n=175 roi -0.006 edge z=1.43
   NEW SUSPECT atp|pin|age:prime&ostrk:l2&post:deep: older half n=167 roi +0.100 edge z=3.51 | newer half n=175 roi +0.019 edge z=1.33
   NEW SUSPECT atp|avg|age:prime&p:80+&rest:2-3: older half n=773 roi +0.004 edge z=5.05 | newer half n=508 roi -0.021 edge z=1.77
   NEW SUSPECT atp|avg|age:prime&p:80+&rk:11-30: older half n=666 roi +0.002 edge z=4.29 | newer half n=459 roi -0.036 edge z=0.77
   KILLED atp|avg|age:prime&ostrk:l2&post:deep: older half n=167 roi +0.078 edge z=3.76 | newer half n=175 roi -0.002 edge z=1.51
   KILLED atp|b365|age:prime&ostrk:l2&post:deep: older half n=164 roi +0.071 edge z=3.6 | newer half n=175 roi -0.006 edge z=1.43
   KILLED atp|avg|age:prime&p:80+&rest:2-3: older half n=773 roi +0.004 edge z=5.05 | newer half n=508 roi -0.021 edge z=1.77
   KILLED atp|avg|age:prime&p:80+&rk:11-30: older half n=666 roi +0.002 edge z=4.29 | newer half n=459 roi -0.036 edge z=0.77
   PASSES price 90-100% wta at max: n=1231 roi +0.012 / +0.029 z=3.87 (NOT a gettable price)
   closest angle: atp|pin|age:prime&p:80+&rest:2-3 n=1281 roi +0.016 / -0.010 z older 3.4 all 3.07
   closest angle: wta|b365|age:prime&p:35-50&rd:sf+ n=630 roi +0.166 / +0.022 z older 3.22 all 3.2
   closest angle: wta|pin|age:prime&p:35-50&rd:sf+ n=631 roi +0.211 / +0.046 z older 3.15 all 3.12
   closest fixed: line shop b365 all fav gap>0% n=2020 roi +0.044 / +0.008 z=4.48
   closest fixed: line shop b365 atp fav gap>0% n=970 roi +0.067 / +0.007 z=3.45
   closest fixed: line shop b365 wta fav gap>0% n=1050 roi +0.026 / +0.010 z=2.9
   PROVEN: nothing
✅ tennis edge: 28s · proven: {"proven": []}
first set ATP: 32132 matches, implied log loss 0.62855 (match chance as set-1 chance 0.63577, coin 0.69315)
  crew overperformance: closest >= 0.05: n 19692, hit 0.5266 vs implied 0.5218, z 1.41 (vs recalibrated 0.73), ROI -0.0502 (older -0.0615, newer -0.0399) - z 1.41 < 3.5; older ROI -0.0615 <= 0; newer ROI -0.0399 <= 0
  crew raw_rate: closest >= 0.10: n 15498, hit 0.6247 vs implied 0.608, z 4.4 (vs recalibrated 1.16), ROI -0.0269 (older -0.0388, newer -0.016) - older ROI -0.0388 <= 0; newer ROI -0.016 <= 0
first set WTA: 32523 matches, implied log loss 0.62585 (match chance as set-1 chance 0.62643, coin 0.69315)
  crew overperformance: closest >= 0.15: n 8372, hit 0.5631 vs implied 0.549, z 2.69 (vs recalibrated 1.03), ROI -0.0357 (older -0.0422, newer -0.0286) - z 2.69 < 3.5; older ROI -0.0422 <= 0; newer ROI -0.0286 <= 0
  crew raw_rate: closest >= 0.20: n 8256, hit 0.6662 vs implied 0.638, z 5.49 (vs recalibrated 0.74), ROI -0.0109 (older -0.0057, newer -0.0164) - older ROI -0.0057 <= 0; newer ROI -0.0164 <= 0
first set real Bovada lines: 0 captured, 0 matched (test runs at 300) · 3.2s
✅ tennis first set: 3s · proven: {"proven": []}
HEAVY TENNIS FAVORITES (research only): 64658 priced matches 2012-01-01 -> 2026-01-14, split 2018-05-27, 53807 rated
 ATP pin straights [all]
    -101..-150: n  7563 win 0.541 fair 0.547 roi -0.035 z_edge -1.02 | old n 3291 roi -0.035 | new n 4272 roi -0.036
    -151..-200: n  6518 win 0.604 fair 0.619 roi -0.048 z_edge -2.43 | old n 2813 roi -0.043 | new n 3705 roi -0.052
    -201..-300: n  6514 win 0.698 fair 0.691 roi -0.014 z_edge +1.31 | old n 3112 roi -0.020 | new n 3402 roi -0.009
    -301..-500: n  5611 win 0.784 fair 0.771 roi -0.007 z_edge +2.42 | old n 2841 roi +0.006 | new n 2770 roi -0.020
         -500+: n  5778 win 0.896 fair 0.884 roi -0.009 z_edge +3.26 | old n 3246 roi -0.009 | new n 2532 roi -0.009
 ATP pin straights [blend+2%]
    -101..-150: n   116 win 0.560 fair 0.552 roi -0.012 z_edge +0.19 | old n 69 roi +0.043 | new n 47 roi -0.092
    -151..-200: n   207 win 0.551 fair 0.620 roi -0.134 z_edge -1.99 | old n 129 roi -0.072 | new n 78 roi -0.235
    -201..-300: n   233 win 0.717 fair 0.691 roi +0.011 z_edge +0.87 | old n 161 roi +0.017 | new n 72 roi -0.001
    -301..-500: n   173 win 0.775 fair 0.771 roi -0.021 z_edge +0.10 | old n 132 roi -0.014 | new n 41 roi -0.043
         -500+: n    35 win 0.914 fair 0.841 roi +0.060 z_edge +1.51 | old n 30 roi +0.083 | new n 5 roi -0.074
 ATP pin straights [model+2%]
    -101..-150: n  2343 win 0.527 fair 0.545 roi -0.055 z_edge -1.74 | old n 975 roi -0.042 | new n 1368 roi -0.065
    -151..-200: n  1544 win 0.589 fair 0.617 roi -0.068 z_edge -2.19 | old n 591 roi -0.076 | new n 953 roi -0.064
    -201..-300: n  1220 win 0.686 fair 0.689 roi -0.027 z_edge -0.20 | old n 461 roi -0.022 | new n 759 roi -0.030
    -301..-500: n   696 win 0.783 fair 0.768 roi -0.004 z_edge +0.99 | old n 274 roi +0.010 | new n 422 roi -0.014
         -500+: n   345 win 0.870 fair 0.868 roi -0.022 z_edge +0.10 | old n 126 roi +0.003 | new n 219 roi -0.037
 ATP b365 straights [all]
    -101..-150: n  4071 win 0.529 fair 0.539 roi -0.078 z_edge -1.38 | old n 1278 roi -0.087 | new n 2793 roi -0.074
    -151..-200: n  8140 win 0.585 fair 0.599 roi -0.082 z_edge -2.43 | old n 3777 roi -0.089 | new n 4363 roi -0.076
    -201..-300: n  5979 win 0.676 fair 0.671 roi -0.052 z_edge +0.88 | old n 2913 roi -0.066 | new n 3066 roi -0.040
    -301..-500: n  6606 win 0.761 fair 0.748 roi -0.038 z_edge +2.53 | old n 3213 roi -0.038 | new n 3393 roi -0.037
         -500+: n  6547 win 0.885 fair 0.864 roi -0.027 z_edge +5.31 | old n 3868 roi -0.030 | new n 2679 roi -0.023
 ATP b365 straights [blend+2%]
    -101..-150: n   649 win 0.508 fair 0.539 roi -0.113 z_edge -1.56 | old n 189 roi -0.091 | new n 460 roi -0.122
    -151..-200: n  1317 win 0.616 fair 0.598 roi -0.033 z_edge +1.30 | old n 569 roi -0.066 | new n 748 roi -0.007
    -201..-300: n  1263 win 0.710 fair 0.671 roi -0.005 z_edge +3.07 | old n 649 roi -0.000 | new n 614 roi -0.011
    -301..-500: n  1607 win 0.779 fair 0.751 roi -0.020 z_edge +2.69 | old n 785 roi -0.021 | new n 822 roi -0.019
         -500+: n  1659 win 0.882 fair 0.850 roi -0.017 z_edge +4.13 | old n 895 roi -0.021 | new n 764 roi -0.012
 ATP b365 straights [model+2%]
    -101..-150: n  1242 win 0.510 fair 0.538 roi -0.108 z_edge -2.01 | old n 385 roi -0.108 | new n 857 roi -0.108
    -151..-200: n  2075 win 0.571 fair 0.598 roi -0.103 z_edge -2.46 | old n 865 roi -0.139 | new n 1210 roi -0.077
    -201..-300: n  1161 win 0.677 fair 0.670 roi -0.050 z_edge +0.49 | old n 468 roi -0.041 | new n 693 roi -0.056
    -301..-500: n  1028 win 0.743 fair 0.746 roi -0.057 z_edge -0.18 | old n 404 roi -0.071 | new n 624 roi -0.048
         -500+: n   573 win 0.843 fair 0.850 roi -0.061 z_edge -0.48 | old n 229 roi -0.058 | new n 344 roi -0.063
 WTA pin straights [all]
    -101..-150: n  8256 win 0.534 fair 0.545 roi -0.047 z_edge -2.12 | old n 3924 roi -0.047 | new n 4332 roi -0.046
    -151..-200: n  6885 win 0.617 fair 0.618 roi -0.027 z_edge -0.15 | old n 3194 roi -0.029 | new n 3691 roi -0.025
    -201..-300: n  6803 win 0.694 fair 0.690 roi -0.020 z_edge +0.77 | old n 3338 roi -0.022 | new n 3465 roi -0.018
    -301..-500: n  5806 win 0.772 fair 0.769 roi -0.023 z_edge +0.48 | old n 2800 roi -0.024 | new n 3006 roi -0.022
         -500+: n  4649 win 0.892 fair 0.873 roi -0.005 z_edge +4.20 | old n 2399 roi -0.010 | new n 2250 roi +0.001
 WTA pin straights [blend+2%]
    -101..-150: n   156 win 0.545 fair 0.551 roi -0.033 z_edge -0.15 | old n 79 roi -0.176 | new n 77 roi +0.113
    -151..-200: n   219 win 0.676 fair 0.617 roi +0.066 z_edge +1.87 | old n 122 roi +0.049 | new n 97 roi +0.089
    -201..-300: n   271 win 0.727 fair 0.690 roi +0.028 z_edge +1.37 | old n 194 roi -0.005 | new n 77 roi +0.109
    -301..-500: n   209 win 0.794 fair 0.763 roi +0.013 z_edge +1.11 | old n 128 roi +0.033 | new n 81 roi -0.020
         -500+: n    36 win 0.861 fair 0.831 roi +0.010 z_edge +0.52 | old n 25 roi -0.018 | new n 11 roi +0.073
 WTA pin straights [model+2%]
    -101..-150: n  2537 win 0.527 fair 0.544 roi -0.057 z_edge -1.73 | old n 1079 roi -0.079 | new n 1458 roi -0.041
    -151..-200: n  1628 win 0.591 fair 0.617 roi -0.068 z_edge -2.16 | old n 601 roi -0.042 | new n 1027 roi -0.084
    -201..-300: n  1219 win 0.699 fair 0.688 roi -0.010 z_edge +0.85 | old n 449 roi -0.018 | new n 770 roi -0.005
    -301..-500: n   737 win 0.786 fair 0.765 roi -0.001 z_edge +1.35 | old n 241 roi +0.031 | new n 496 roi -0.017
         -500+: n   246 win 0.911 fair 0.854 roi +0.039 z_edge +3.13 | old n 91 roi -0.002 | new n 155 roi +0.064
 WTA b365 straights [all]
    -101..-150: n  4354 win 0.519 fair 0.539 roi -0.094 z_edge -2.61 | old n 1541 roi -0.097 | new n 2813 roi -0.093
    -151..-200: n  8799 win 0.594 fair 0.598 roi -0.068 z_edge -0.85 | old n 4404 roi -0.084 | new n 4395 roi -0.052
    -201..-300: n  6169 win 0.676 fair 0.671 roi -0.053 z_edge +0.82 | old n 3041 roi -0.056 | new n 3128 roi -0.051
    -301..-500: n  6726 win 0.754 fair 0.748 roi -0.048 z_edge +1.13 | old n 3280 roi -0.061 | new n 3446 roi -0.035
         -500+: n  5470 win 0.878 fair 0.854 roi -0.026 z_edge +5.44 | old n 2984 roi -0.035 | new n 2486 roi -0.016
 WTA b365 straights [blend+2%]
    -101..-150: n   715 win 0.568 fair 0.539 roi -0.009 z_edge +1.53 | old n 249 roi -0.102 | new n 466 roi +0.041
    -151..-200: n  1601 win 0.621 fair 0.600 roi -0.028 z_edge +1.73 | old n 781 roi -0.064 | new n 820 roi +0.006
    -201..-300: n  1404 win 0.702 fair 0.670 roi -0.017 z_edge +2.54 | old n 755 roi -0.006 | new n 649 roi -0.029
    -301..-500: n  1586 win 0.772 fair 0.750 roi -0.027 z_edge +2.19 | old n 811 roi -0.048 | new n 775 roi -0.005
         -500+: n  1393 win 0.877 fair 0.846 roi -0.020 z_edge +3.60 | old n 749 roi -0.020 | new n 644 roi -0.019
 WTA b365 straights [model+2%]
    -101..-150: n  1375 win 0.520 fair 0.539 roi -0.093 z_edge -1.42 | old n 438 roi -0.127 | new n 937 roi -0.077
    -151..-200: n  2181 win 0.577 fair 0.598 roi -0.093 z_edge -1.92 | old n 888 roi -0.096 | new n 1293 roi -0.090
    -201..-300: n  1229 win 0.679 fair 0.670 roi -0.047 z_edge +0.68 | old n 472 roi -0.037 | new n 757 roi -0.054
    -301..-500: n  1018 win 0.746 fair 0.745 roi -0.054 z_edge +0.03 | old n 354 roi -0.071 | new n 664 roi -0.045
         -500+: n   429 win 0.897 fair 0.840 roi +0.011 z_edge +3.94 | old n 171 roi -0.024 | new n 258 roi +0.034
 ATP pin parlay cap -150 [all]: 1224 tickets, hit 0.166 (fair 0.171), avg +444, roi -0.111 z -1.94 | old 529 -0.073 | new 695 -0.141
 ATP pin parlay cap -200 [all]: 2097 tickets, hit 0.211 (fair 0.222), avg +325, roi -0.114 z -3.02 | old 946 -0.141 | new 1151 -0.092
 ATP pin parlay cap -300 [all]: 2501 tickets, hit 0.304 (fair 0.295), avg +225, roi -0.049 z -1.66 | old 1164 -0.055 | new 1337 -0.043
 ATP pin parlay cap -200 [blend+2%]: 6 tickets, hit 0.000 (fair 0.211), avg +341, roi -1.000 z +0.00 | old 3 -1.000 | new 3 -1.000
 ATP pin parlay cap -300 [blend+2%]: 18 tickets, hit 0.167 (fair 0.260), avg +265, roi -0.481 z -1.70 | old 8 -0.202 | new 10 -0.705
 ATP pin parlay cap -150 [model+2%]: 187 tickets, hit 0.150 (fair 0.163), avg +472, roi -0.157 z -1.06 | old 70 -0.378 | new 117 -0.025
 ATP pin parlay cap -200 [model+2%]: 507 tickets, hit 0.175 (fair 0.199), avg +373, roi -0.186 z -2.35 | old 185 -0.318 | new 322 -0.111
 ATP pin parlay cap -300 [model+2%]: 765 tickets, hit 0.224 (fair 0.236), avg +308, roi -0.128 z -2.13 | old 296 -0.149 | new 469 -0.115
 ATP b365 parlay cap -150 [all]: 498 tickets, hit 0.112 (fair 0.162), avg +418, roi -0.422 z -5.79 | old 105 -0.495 | new 393 -0.403
 ATP b365 parlay cap -200 [all]: 1909 tickets, hit 0.195 (fair 0.213), avg +294, roi -0.239 z -6.72 | old 818 -0.301 | new 1091 -0.193
 ATP b365 parlay cap -300 [all]: 2394 tickets, hit 0.273 (fair 0.271), avg +216, roi -0.176 z -6.31 | old 1103 -0.221 | new 1291 -0.137
 ATP b365 parlay cap -150 [blend+2%]: 9 tickets, hit 0.222 (fair 0.166), avg +413, roi +0.128 z +0.17 | old 1 +4.325 | new 8 -0.397
 ATP b365 parlay cap -200 [blend+2%]: 141 tickets, hit 0.270 (fair 0.197), avg +329, roi +0.133 z +0.83 | old 35 +0.169 | new 106 +0.121
 ATP b365 parlay cap -300 [blend+2%]: 346 tickets, hit 0.303 (fair 0.242), avg +252, roi +0.034 z +0.39 | old 141 +0.030 | new 205 +0.037
 ATP b365 parlay cap -150 [model+2%]: 49 tickets, hit 0.102 (fair 0.159), avg +430, roi -0.467 z -2.04 | old 4 +0.331 | new 45 -0.538
 ATP b365 parlay cap -200 [model+2%]: 390 tickets, hit 0.197 (fair 0.198), avg +324, roi -0.192 z -2.32 | old 127 -0.262 | new 263 -0.159
 ATP b365 parlay cap -300 [model+2%]: 631 tickets, hit 0.224 (fair 0.230), avg +271, roi -0.206 z -3.45 | old 218 -0.242 | new 413 -0.187
 WTA pin parlay cap -150 [all]: 1308 tickets, hit 0.161 (fair 0.170), avg +445, roi -0.126 z -2.28 | old 602 -0.151 | new 706 -0.105
 WTA pin parlay cap -200 [all]: 2270 tickets, hit 0.207 (fair 0.220), avg +328, roi -0.134 z -3.71 | old 1043 -0.135 | new 1227 -0.133
 WTA pin parlay cap -300 [all]: 2680 tickets, hit 0.289 (fair 0.291), avg +230, roi -0.087 z -3.08 | old 1260 -0.082 | new 1420 -0.092
 WTA pin parlay cap -200 [blend+2%]: 5 tickets, hit 0.600 (fair 0.201), avg +362, roi +1.674 z +1.51 | old 2 -1.000 | new 3 +3.457
 WTA pin parlay cap -300 [blend+2%]: 13 tickets, hit 0.538 (fair 0.237), avg +295, roi +1.124 z +1.94 | old 5 +0.394 | new 8 +1.580
 WTA pin parlay cap -150 [model+2%]: 205 tickets, hit 0.112 (fair 0.163), avg +468, roi -0.367 z -2.94 | old 86 -0.412 | new 119 -0.335
 WTA pin parlay cap -200 [model+2%]: 543 tickets, hit 0.160 (fair 0.197), avg +377, roi -0.236 z -3.11 | old 205 -0.242 | new 338 -0.232
 WTA pin parlay cap -300 [model+2%]: 804 tickets, hit 0.224 (fair 0.238), avg +305, roi -0.148 z -2.57 | old 301 -0.045 | new 503 -0.210
 WTA b365 parlay cap -150 [all]: 542 tickets, hit 0.120 (fair 0.161), avg +419, roi -0.376 z -5.16 | old 151 -0.519 | new 391 -0.321
 WTA b365 parlay cap -200 [all]: 2061 tickets, hit 0.190 (fair 0.213), avg +295, roi -0.259 z -7.66 | old 935 -0.269 | new 1126 -0.251
 WTA b365 parlay cap -300 [all]: 2541 tickets, hit 0.269 (fair 0.270), avg +217, roi -0.171 z -6.20 | old 1181 -0.192 | new 1360 -0.152
 WTA b365 parlay cap -150 [blend+2%]: 7 tickets, hit 0.143 (fair 0.157), avg +435, roi -0.204 z -0.26 | old 2 -1.000 | new 5 +0.115
 WTA b365 parlay cap -200 [blend+2%]: 170 tickets, hit 0.212 (fair 0.201), avg +315, roi -0.128 z -0.98 | old 75 -0.231 | new 95 -0.045
 WTA b365 parlay cap -300 [blend+2%]: 437 tickets, hit 0.277 (fair 0.241), avg +251, roi -0.056 z -0.75 | old 208 -0.082 | new 229 -0.031
 WTA b365 parlay cap -150 [model+2%]: 65 tickets, hit 0.077 (fair 0.160), avg +427, roi -0.586 z -3.26 | old 9 -1.000 | new 56 -0.519
 WTA b365 parlay cap -200 [model+2%]: 389 tickets, hit 0.162 (fair 0.198), avg +326, roi -0.306 z -3.79 | old 128 -0.361 | new 261 -0.279
 WTA b365 parlay cap -300 [model+2%]: 666 tickets, hit 0.219 (fair 0.233), avg +267, roi -0.233 z -4.06 | old 238 -0.318 | new 428 -0.185
 tests at n300+: 266 straight, 28 parlay; expected by luck 0.062 + 0.751
 passed the bar: ['atp|b365|blend+2%|parlay -300'] · proven (not luck-sized): none
 VERDICT: NOT LUCRATIVE (a pass that looks like luck). atp|b365|blend+2%|parlay -300 (n 346, roi +0.034, profit z +0.39) clears the bar, but its profit z is under 2 and 0.81 passes were expected by luck alone. Nothing to act on. Research only.
✅ tennis heavy favorites: 11s · proven: {"proven": []}
study run done in 269s: 20/20 studies ok
✅ underdogs + favorites: 3s · proven: {"nfl": [], "nfl price check": false, "ncaaf": [], "ncaaf price check": false, "nba": [], "nba price check": false, "ncaab": [], "ncaab price check": true, "mlb": [], "mlb price check": false, "nhl": [], "nhl price check": true}
✅ over/unders: 10s · proven: {"nfl": true, "ncaaf": false, "nba": false, "ncaab": true, "mlb": false, "nhl": false}
✅ hockey: 16s · proven: null
✅ spread vs moneyline: 11s · proven: {"nfl": true, "ncaaf": false, "nba": false, "ncaab": false}
✅ puck lines / run lines: 6s · proven: null
✅ halves / first period: 2s · proven: null
✅ comebacks: 176s · proven: null
✅ trends: 10s · proven: {"proven": ["ncaab|rate|fav_cover", "ncaaf|rate|total"]}
✅ rigged / fade the public: 1s · proven: {"proven": []}
✅ self-check on our picks: 0s · proven: null
✅ situational spots: 15s · proven: {"nfl": [], "ncaaf": [], "nba": [], "ncaab": [], "mlb": [], "nhl": []}
✅ line movement + CLV: 2s · proven: {"proven": []}
✅ our engine vs the move (can it beat the pros?): 5s · proven: {"proven": []}
✅ the engine's strengths, sport by sport: 5s · proven: {"proven": ["ncaaf", "nba"]}
THE CONTEXT STUDY: 584 tests with 300+ bets; bar z >= 3.5 + profit in both halves. Luck alone: ~0.136 false positives expected (fake no-edge results passed 0.0 on average); refs: officials.json loaded
nfl: 2762 games · proven - · confirmed - · killed -
   ref_home-|spread|dog         n=   440 roi old +0.016 new +0.101 edge +0.0529 z=+1.29
   any:out_dome|total|over      n=   461 roi old +0.057 new +0.025 edge +0.0444 z=+0.93
   div|spread|dog               n=   776 roi old +0.026 new +0.034 edge +0.0378 z=+0.86
   out_dome|ml|team             n=   449 roi old +0.121 new -0.031 edge +0.0396 z=+0.75
   any:dome_out|total|under     n=   456 roi old +0.014 new +0.040 edge +0.0374 z=+0.61
   rival|spread|home            n=   332 roi old +0.051 new -0.007 edge +0.0338 z=+0.42
ncaaf: 9588 games · proven - · confirmed - · killed -
   any:east1000|total|under     n=   461 roi old +0.063 new +0.098 edge +0.0663 z=+1.83
   rival|spread|road            n=   301 roi old +0.018 new +0.124 edge +0.0612 z=+1.30
   rival|total|under            n=   303 roi old +0.073 new +0.064 edge +0.0610 z=+1.26
   west1000|ml|fade             n=   443 roi old -0.025 new +0.105 edge +0.0302 z=+0.64
   trip1000|ml|fade             n=   889 roi old -0.027 new +0.067 edge +0.0162 z=+0.47
   east1000|ml|team             n=   456 roi old +0.171 new -0.116 edge -0.0023 z=+0.31
nba: 12852 games · proven - · confirmed - · killed -
   any:rest|total|over          n=   328 roi old +0.140 new +0.105 edge +0.0881 z=+2.36
   ref_under|ml|road            n=   403 roi old +0.116 new +0.234 edge +0.0761 z=+2.29
   any:tank|total|over          n=   584 roi old +0.006 new +0.124 edge +0.0581 z=+1.66
   any:elim|total|over          n=   664 roi old -0.017 new +0.110 edge +0.0481 z=+1.26
   ref_under|ml|dog             n=   400 roi old +0.064 new +0.127 edge +0.0431 z=+1.13
   tank|spread|fade             n=   527 roi old +0.032 new +0.050 edge +0.0445 z=+0.99
ncaab: 58494 games · proven - · confirmed - · killed -
   ref_under|total|under        n=  2506 roi old +0.032 new +0.064 edge +0.0488 z=+2.54
   ref_over|total|over          n=  1492 roi old +0.065 new +0.022 edge +0.0467 z=+1.77
   road3in6|spread|team         n=   481 roi old +0.019 new +0.048 edge +0.0411 z=+0.76
   rival|spread|home            n=   368 roi old +0.130 new -0.055 edge +0.0435 z=+0.76
   rival|total|under            n=   371 roi old +0.084 new -0.042 edge +0.0342 z=+0.41
   rival|ml|home                n=   374 roi old +0.054 new -0.025 edge +0.0330 z=+0.30
mlb: 23237 games · proven - · confirmed - · killed -
   trip2000|ml|fade             n=   658 roi old +0.089 new -0.043 edge +0.0265 z=+0.58
   east1000|ml|team             n=  1397 roi old +0.043 new -0.011 edge +0.0243 z=+0.57
   nonconf|ml|road              n=  4275 roi old +0.039 new -0.032 edge +0.0179 z=+0.20
   any:west1000|total|over      n=  1437 roi old -0.022 new +0.030 edge +0.0247 z=+0.15
   trip1000|ml|team             n=  2469 roi old -0.003 new +0.003 edge +0.0165 z=+0.01
   ref_under|total|under        n=  3079 roi old +0.001 new -0.003 edge +0.0217 z=-0.06
nhl: 13208 games · proven - · confirmed - · killed -
   ref_home+|ml|road            n=   489 roi old +0.045 new +0.001 edge +0.0281 z=+0.45
   race|ml|team                 n=  1320 roi old +0.025 new -0.022 edge +0.0237 z=+0.04
   ref_home-|total|under        n=   589 roi old +0.035 new -0.037 edge +0.0231 z=-0.03
   mustwin|ml|team              n=  1228 roi old +0.036 new -0.040 edge +0.0226 z=-0.07
   trip2000|ml|fade             n=   526 roi old -0.017 new -0.002 edge +0.0104 z=-0.21
   any:west1000|total|over      n=  1325 roi old +0.004 new -0.018 edge +0.0204 z=-0.27
✅ context: rivalries, travel, domes, stakes, refs: 34s · proven: {"nfl": [], "ncaaf": [], "nba": [], "ncaab": [], "mlb": [], "nhl": []}
✅ early value plays: the early-price exam: 53s · proven: {"proven": ["mlb +8..12 (+100..+149 dogs)"]}
THE EXPLORER: tested 6000 NEW angles (117911 ever) in 35.7s
   new suspects: 0 (luck alone would give ~1.4) · promoted to PROVEN: 0 · killed: 0 · proven demoted: 0
   now watching 0 suspects · 0 proven · 0 killed
   TEAM TRENDS pooled across sports (all games so far; 'follow' = ride the trend, 'fade' = bet against it; the bar: 300+ bets, profit in both halves, z 3.5+):
   1st-quarter form|ml: n=23934 (2018-04-07..2026-09-27) follow hit 62.2% older / 62.9% newer (fair 61.3%, roi -0.024 / -0.026, z -4.07, edge z 4.42) · fade hit 37.8% / 37.1% (roi -0.095 / -0.146, z -12.25) -> no edge
   1st-quarter form|p1ml: n=14233 (2018-09-09..2026-09-27) follow hit 60.6% older / 61.4% newer (fair 59.7%, roi -0.031 / -0.036, z -4.63, edge z 3.32) · fade hit 39.4% / 38.6% (roi -0.083 / -0.117, z -9.09) -> no edge
   1st-quarter form|p1spread: n=14641 (2018-09-09..2026-09-27) follow hit 50.4% older / 50.0% newer (fair 50.0%, roi -0.043 / -0.060, z -6.6, edge z 0.49) · fade hit 49.5% / 50.0% (roi -0.060 / -0.059, z -7.58) -> no edge
   1st-quarter form|spread: n=21353 (2018-10-20..2026-06-14) follow hit 49.8% older / 50.4% newer (fair 50.0%, roi -0.048 / -0.037, z -6.54, edge z 0.27) · fade hit 50.2% / 49.6% (roi -0.042 / -0.051, z -7.09) -> no edge
   O/U streak 4+|total: n=15238 (2018-04-04..2026-10-01) follow hit 49.7% older / 50.8% newer (fair 50.0%, roi -0.051 / -0.030, z -5.21, edge z 0.51) · fade hit 50.3% / 49.2% (roi -0.038 / -0.059, z -6.22) -> no edge
   division record|ml: n=2508 (2018-09-09..2026-10-02) follow hit 64.3% older / 65.3% newer (fair 62.9%, roi +0.016 / -0.017, z -0.04, edge z 2.07) · fade hit 35.6% / 34.7% (roi -0.078 / -0.095, z -2.99) -> no edge
   division record|spread: n=1413 (2018-09-09..2026-10-02) follow hit 50.6% older / 48.7% newer (fair 50.0%, roi -0.032 / -0.070, z -2.01, edge z -0.3) · fade hit 49.4% / 51.3% (roi -0.055 / -0.016, z -1.41) -> no edge
   prime-time record|ml: n=189 (2018-09-17..2026-09-28) follow hit 59.6% older / 62.1% newer (fair 59.9%, roi -0.080 / +0.022, z -0.45, edge z 0.28) · fade hit 40.4% / 37.9% (roi -0.116 / -0.054, z -0.89) -> no edge
   prime-time record|spread: n=187 (2018-09-17..2026-09-28) follow hit 52.7% older / 47.9% newer (fair 50.0%, roi +0.010 / -0.085, z -0.54, edge z 0.08) · fade hit 47.3% / 52.1% (roi -0.090 / -0.007, z -0.69) -> no edge
   road ATS rate|spread: n=10248 (2018-11-04..2026-10-03) follow hit 48.8% older / 48.2% newer (fair 50.0%, roi -0.068 / -0.079, z -7.77, edge z -3.04) · fade hit 51.2% / 51.8% (roi -0.022 / -0.010, z -1.69) -> no edge
   season ATS rate|spread: n=13032 (2018-10-13..2026-04-04) follow hit 48.2% older / 49.1% newer (fair 50.0%, roi -0.079 / -0.062, z -8.4, edge z -3.09) · fade hit 51.8% / 50.9% (roi -0.011 / -0.026, z -2.23) -> no edge
   team ATS streak 3+|spread: n=16471 (2018-09-16..2026-09-27) follow hit 49.2% older / 49.4% newer (fair 50.0%, roi -0.061 / -0.055, z -7.77, edge z -1.79) · fade hit 50.8% / 50.6% (roi -0.029 / -0.034, z -4.21) -> no edge
   team ATS streak 5+|spread: n=4204 (2018-10-06..2026-06-09) follow hit 48.4% older / 48.2% newer (fair 50.0%, roi -0.075 / -0.077, z -5.17, edge z -2.14) · fade hit 51.6% / 51.8% (roi -0.015 / -0.011, z -0.87) -> no edge
✅ the explorer: NEW angles: 37s · proven: {"proven": []}
THE TENNIS EDGE STUDY: 64658 priced matches 2012-01-01 -> 2026-08-03 (older half < 2018-05-27 <= newer half) in 32.6s
   softest segments (a bias learned on the older half that still helps on the newer, mnats/match): WTA rank x10+ +1.15, WTA slam +0.91, WTA round sf+ +0.89, ATP indoor +0.78
   ATP: log loss pin 0.5752 / b365 0.5759 / avg 0.576 · margin pin 0.0253 b365 0.0605
   WTA: log loss pin 0.5903 / b365 0.5912 / avg 0.5908 · margin pin 0.0266 b365 0.0619
   line shop b365 >2% over pinnacle fair: n=4674 roi -0.066 / -0.032 (expected +0.063) edge z=2.68 · beats fair in 14% of matches
   line shop avg >2% over pinnacle fair: n=928 roi -0.164 / -0.045 (expected +0.067) edge z=-0.25 · beats fair in 4% of matches
   line shop max >2% over pinnacle fair: n=30043 roi +0.016 / +0.023 (expected +0.069) edge z=2.42 · beats fair in 73% of matches
   model vs market, newer half: pinnacle 0.597 · elo 0.6295 · model 0.6262 · blend 0.5969 (+0.100 mnats, z 1.07)
   bovada: 191 closing lines, margin 0.0453, 0 matched to pinnacle, 96 graded
   names -> ESPN ids: 0.8856 of 1556 names since ESPN's history (by tour {'atp': 0.9195, 'wta': 0.8534}), 0.9386 of match sides · birth dates for 0.9385 of sides (2807 bios on file)
   life atoms (122 read-outs at pinnacle): wta|pin|yvv:vet n=1818 roi +0.020 / -0.095 z 1.53 / -1.45, wta|pin|age:teen n=4296 roi +0.006 / +0.007 z 1.07 / 1.99, wta|pin|tvv:vet n=483 roi +0.046 / -0.126 z 0.51 / -1.2, atp|pin|age:teen n=2324 roi +0.015 / +0.006 z 0.28 / 1.94
   registry: tested 3733 new angles (63734 ever) · new suspects 3 · promoted 0 · killed 3 · luck would give ~14.83 suspects / 0.3373 proven ever
   fixed tests: 543 this run, 1 pass the bar (luck ~0.252)
   NEW SUSPECT atp|b365|age:vet&bigx:more&form:cold: older half n=235 roi +0.115 edge z=3.69 | newer half n=835 roi -0.128 edge z=-1.95
   NEW SUSPECT atp|avg|age:vet&bigx:more&form:cold: older half n=235 roi +0.127 edge z=3.74 | newer half n=835 roi -0.131 edge z=-2.0
   NEW SUSPECT atp|pin|age:vet&bigx:more&form:cold: older half n=235 roi +0.168 edge z=3.68 | newer half n=835 roi -0.099 edge z=-1.87
   KILLED atp|b365|age:vet&bigx:more&form:cold: older half n=235 roi +0.115 edge z=3.69 | newer half n=835 roi -0.128 edge z=-1.95
   KILLED atp|avg|age:vet&bigx:more&form:cold: older half n=235 roi +0.127 edge z=3.74 | newer half n=835 roi -0.131 edge z=-2.0
   KILLED atp|pin|age:vet&bigx:more&form:cold: older half n=235 roi +0.168 edge z=3.68 | newer half n=835 roi -0.099 edge z=-1.87
   PASSES price 90-100% wta at max: n=1231 roi +0.012 / +0.029 z=3.87 (NOT a gettable price)
   closest angle: wta|pin|age:teen&lvl:500&rk:100+ n=350 roi +0.241 / -0.178 z older 3.25 all 2.16
   closest angle: wta|b365|age:teen&lvl:500&rk:100+ n=349 roi +0.191 / -0.186 z older 3.24 all 2.13
   closest angle: wta|avg|age:teen&lvl:500&rk:100+ n=350 roi +0.167 / -0.205 z older 3.14 all 2.01
   closest fixed: line shop b365 all fav gap>0% n=2020 roi +0.044 / +0.008 z=4.48
   closest fixed: line shop b365 atp fav gap>0% n=970 roi +0.067 / +0.007 z=3.45
   closest fixed: line shop b365 wta fav gap>0% n=1050 roi +0.026 / +0.010 z=2.9
   PROVEN: nothing
✅ tennis edge: 33s · proven: {"proven": []}
first set ATP: 32132 matches, implied log loss 0.62855 (match chance as set-1 chance 0.63577, coin 0.69315)
  crew overperformance: closest >= 0.05: n 19692, hit 0.5266 vs implied 0.5218, z 1.41 (vs recalibrated 0.73), ROI -0.0502 (older -0.0615, newer -0.0399) - z 1.41 < 3.5; older ROI -0.0615 <= 0; newer ROI -0.0399 <= 0
  crew raw_rate: closest >= 0.10: n 15498, hit 0.6247 vs implied 0.608, z 4.4 (vs recalibrated 1.16), ROI -0.0269 (older -0.0388, newer -0.016) - older ROI -0.0388 <= 0; newer ROI -0.016 <= 0
first set WTA: 32523 matches, implied log loss 0.62585 (match chance as set-1 chance 0.62643, coin 0.69315)
  crew overperformance: closest >= 0.15: n 8372, hit 0.5631 vs implied 0.549, z 2.69 (vs recalibrated 1.03), ROI -0.0357 (older -0.0422, newer -0.0286) - z 2.69 < 3.5; older ROI -0.0422 <= 0; newer ROI -0.0286 <= 0
  crew raw_rate: closest >= 0.20: n 8256, hit 0.6662 vs implied 0.638, z 5.49 (vs recalibrated 0.74), ROI -0.0109 (older -0.0057, newer -0.0164) - older ROI -0.0057 <= 0; newer ROI -0.0164 <= 0
first set real Bovada lines: 0 captured, 0 matched (test runs at 300) · 3.9s
✅ tennis first set: 4s · proven: {"proven": []}
HEAVY TENNIS FAVORITES (research only): 64658 priced matches 2012-01-01 -> 2026-01-14, split 2018-05-27, 53807 rated
 ATP pin straights [all]
    -101..-150: n  7563 win 0.541 fair 0.547 roi -0.035 z_edge -1.02 | old n 3291 roi -0.035 | new n 4272 roi -0.036
    -151..-200: n  6518 win 0.604 fair 0.619 roi -0.048 z_edge -2.43 | old n 2813 roi -0.043 | new n 3705 roi -0.052
    -201..-300: n  6514 win 0.698 fair 0.691 roi -0.014 z_edge +1.31 | old n 3112 roi -0.020 | new n 3402 roi -0.009
    -301..-500: n  5611 win 0.784 fair 0.771 roi -0.007 z_edge +2.42 | old n 2841 roi +0.006 | new n 2770 roi -0.020
         -500+: n  5778 win 0.896 fair 0.884 roi -0.009 z_edge +3.26 | old n 3246 roi -0.009 | new n 2532 roi -0.009
 ATP pin straights [blend+2%]
    -101..-150: n   116 win 0.560 fair 0.552 roi -0.012 z_edge +0.19 | old n 69 roi +0.043 | new n 47 roi -0.092
    -151..-200: n   207 win 0.551 fair 0.620 roi -0.134 z_edge -1.99 | old n 129 roi -0.072 | new n 78 roi -0.235
    -201..-300: n   233 win 0.717 fair 0.691 roi +0.011 z_edge +0.87 | old n 161 roi +0.017 | new n 72 roi -0.001
    -301..-500: n   173 win 0.775 fair 0.771 roi -0.021 z_edge +0.10 | old n 132 roi -0.014 | new n 41 roi -0.043
         -500+: n    35 win 0.914 fair 0.841 roi +0.060 z_edge +1.51 | old n 30 roi +0.083 | new n 5 roi -0.074
 ATP pin straights [model+2%]
    -101..-150: n  2343 win 0.527 fair 0.545 roi -0.055 z_edge -1.74 | old n 975 roi -0.042 | new n 1368 roi -0.065
    -151..-200: n  1544 win 0.589 fair 0.617 roi -0.068 z_edge -2.19 | old n 591 roi -0.076 | new n 953 roi -0.064
    -201..-300: n  1220 win 0.686 fair 0.689 roi -0.027 z_edge -0.20 | old n 461 roi -0.022 | new n 759 roi -0.030
    -301..-500: n   696 win 0.783 fair 0.768 roi -0.004 z_edge +0.99 | old n 274 roi +0.010 | new n 422 roi -0.014
         -500+: n   345 win 0.870 fair 0.868 roi -0.022 z_edge +0.10 | old n 126 roi +0.003 | new n 219 roi -0.037
 ATP b365 straights [all]
    -101..-150: n  4071 win 0.529 fair 0.539 roi -0.078 z_edge -1.38 | old n 1278 roi -0.087 | new n 2793 roi -0.074
    -151..-200: n  8140 win 0.585 fair 0.599 roi -0.082 z_edge -2.43 | old n 3777 roi -0.089 | new n 4363 roi -0.076
    -201..-300: n  5979 win 0.676 fair 0.671 roi -0.052 z_edge +0.88 | old n 2913 roi -0.066 | new n 3066 roi -0.040
    -301..-500: n  6606 win 0.761 fair 0.748 roi -0.038 z_edge +2.53 | old n 3213 roi -0.038 | new n 3393 roi -0.037
         -500+: n  6547 win 0.885 fair 0.864 roi -0.027 z_edge +5.31 | old n 3868 roi -0.030 | new n 2679 roi -0.023
 ATP b365 straights [blend+2%]
    -101..-150: n   649 win 0.508 fair 0.539 roi -0.113 z_edge -1.56 | old n 189 roi -0.091 | new n 460 roi -0.122
    -151..-200: n  1317 win 0.616 fair 0.598 roi -0.033 z_edge +1.30 | old n 569 roi -0.066 | new n 748 roi -0.007
    -201..-300: n  1263 win 0.710 fair 0.671 roi -0.005 z_edge +3.07 | old n 649 roi -0.000 | new n 614 roi -0.011
    -301..-500: n  1607 win 0.779 fair 0.751 roi -0.020 z_edge +2.69 | old n 785 roi -0.021 | new n 822 roi -0.019
         -500+: n  1659 win 0.882 fair 0.850 roi -0.017 z_edge +4.13 | old n 895 roi -0.021 | new n 764 roi -0.012
 ATP b365 straights [model+2%]
    -101..-150: n  1242 win 0.510 fair 0.538 roi -0.108 z_edge -2.01 | old n 385 roi -0.108 | new n 857 roi -0.108
    -151..-200: n  2075 win 0.571 fair 0.598 roi -0.103 z_edge -2.46 | old n 865 roi -0.139 | new n 1210 roi -0.077
    -201..-300: n  1161 win 0.677 fair 0.670 roi -0.050 z_edge +0.49 | old n 468 roi -0.041 | new n 693 roi -0.056
    -301..-500: n  1028 win 0.743 fair 0.746 roi -0.057 z_edge -0.18 | old n 404 roi -0.071 | new n 624 roi -0.048
         -500+: n   573 win 0.843 fair 0.850 roi -0.061 z_edge -0.48 | old n 229 roi -0.058 | new n 344 roi -0.063
 WTA pin straights [all]
    -101..-150: n  8256 win 0.534 fair 0.545 roi -0.047 z_edge -2.12 | old n 3924 roi -0.047 | new n 4332 roi -0.046
    -151..-200: n  6885 win 0.617 fair 0.618 roi -0.027 z_edge -0.15 | old n 3194 roi -0.029 | new n 3691 roi -0.025
    -201..-300: n  6803 win 0.694 fair 0.690 roi -0.020 z_edge +0.77 | old n 3338 roi -0.022 | new n 3465 roi -0.018
    -301..-500: n  5806 win 0.772 fair 0.769 roi -0.023 z_edge +0.48 | old n 2800 roi -0.024 | new n 3006 roi -0.022
         -500+: n  4649 win 0.892 fair 0.873 roi -0.005 z_edge +4.20 | old n 2399 roi -0.010 | new n 2250 roi +0.001
 WTA pin straights [blend+2%]
    -101..-150: n   156 win 0.545 fair 0.551 roi -0.033 z_edge -0.15 | old n 79 roi -0.176 | new n 77 roi +0.113
    -151..-200: n   219 win 0.676 fair 0.617 roi +0.066 z_edge +1.87 | old n 122 roi +0.049 | new n 97 roi +0.089
    -201..-300: n   271 win 0.727 fair 0.690 roi +0.028 z_edge +1.37 | old n 194 roi -0.005 | new n 77 roi +0.109
    -301..-500: n   209 win 0.794 fair 0.763 roi +0.013 z_edge +1.11 | old n 128 roi +0.033 | new n 81 roi -0.020
         -500+: n    36 win 0.861 fair 0.831 roi +0.010 z_edge +0.52 | old n 25 roi -0.018 | new n 11 roi +0.073
 WTA pin straights [model+2%]
    -101..-150: n  2537 win 0.527 fair 0.544 roi -0.057 z_edge -1.73 | old n 1079 roi -0.079 | new n 1458 roi -0.041
    -151..-200: n  1628 win 0.591 fair 0.617 roi -0.068 z_edge -2.16 | old n 601 roi -0.042 | new n 1027 roi -0.084
    -201..-300: n  1219 win 0.699 fair 0.688 roi -0.010 z_edge +0.85 | old n 449 roi -0.018 | new n 770 roi -0.005
    -301..-500: n   737 win 0.786 fair 0.765 roi -0.001 z_edge +1.35 | old n 241 roi +0.031 | new n 496 roi -0.017
         -500+: n   246 win 0.911 fair 0.854 roi +0.039 z_edge +3.13 | old n 91 roi -0.002 | new n 155 roi +0.064
 WTA b365 straights [all]
    -101..-150: n  4354 win 0.519 fair 0.539 roi -0.094 z_edge -2.61 | old n 1541 roi -0.097 | new n 2813 roi -0.093
    -151..-200: n  8799 win 0.594 fair 0.598 roi -0.068 z_edge -0.85 | old n 4404 roi -0.084 | new n 4395 roi -0.052
    -201..-300: n  6169 win 0.676 fair 0.671 roi -0.053 z_edge +0.82 | old n 3041 roi -0.056 | new n 3128 roi -0.051
    -301..-500: n  6726 win 0.754 fair 0.748 roi -0.048 z_edge +1.13 | old n 3280 roi -0.061 | new n 3446 roi -0.035
         -500+: n  5470 win 0.878 fair 0.854 roi -0.026 z_edge +5.44 | old n 2984 roi -0.035 | new n 2486 roi -0.016
 WTA b365 straights [blend+2%]
    -101..-150: n   715 win 0.568 fair 0.539 roi -0.009 z_edge +1.53 | old n 249 roi -0.102 | new n 466 roi +0.041
    -151..-200: n  1601 win 0.621 fair 0.600 roi -0.028 z_edge +1.73 | old n 781 roi -0.064 | new n 820 roi +0.006
    -201..-300: n  1404 win 0.702 fair 0.670 roi -0.017 z_edge +2.54 | old n 755 roi -0.006 | new n 649 roi -0.029
    -301..-500: n  1586 win 0.772 fair 0.750 roi -0.027 z_edge +2.19 | old n 811 roi -0.048 | new n 775 roi -0.005
         -500+: n  1393 win 0.877 fair 0.846 roi -0.020 z_edge +3.60 | old n 749 roi -0.020 | new n 644 roi -0.019
 WTA b365 straights [model+2%]
    -101..-150: n  1375 win 0.520 fair 0.539 roi -0.093 z_edge -1.42 | old n 438 roi -0.127 | new n 937 roi -0.077
    -151..-200: n  2181 win 0.577 fair 0.598 roi -0.093 z_edge -1.92 | old n 888 roi -0.096 | new n 1293 roi -0.090
    -201..-300: n  1229 win 0.679 fair 0.670 roi -0.047 z_edge +0.68 | old n 472 roi -0.037 | new n 757 roi -0.054
    -301..-500: n  1018 win 0.746 fair 0.745 roi -0.054 z_edge +0.03 | old n 354 roi -0.071 | new n 664 roi -0.045
         -500+: n   429 win 0.897 fair 0.840 roi +0.011 z_edge +3.94 | old n 171 roi -0.024 | new n 258 roi +0.034
 ATP pin parlay cap -150 [all]: 1224 tickets, hit 0.166 (fair 0.171), avg +444, roi -0.111 z -1.94 | old 529 -0.073 | new 695 -0.141
 ATP pin parlay cap -200 [all]: 2097 tickets, hit 0.211 (fair 0.222), avg +325, roi -0.114 z -3.02 | old 946 -0.141 | new 1151 -0.092
 ATP pin parlay cap -300 [all]: 2501 tickets, hit 0.304 (fair 0.295), avg +225, roi -0.049 z -1.66 | old 1164 -0.055 | new 1337 -0.043
 ATP pin parlay cap -200 [blend+2%]: 6 tickets, hit 0.000 (fair 0.211), avg +341, roi -1.000 z +0.00 | old 3 -1.000 | new 3 -1.000
 ATP pin parlay cap -300 [blend+2%]: 18 tickets, hit 0.167 (fair 0.260), avg +265, roi -0.481 z -1.70 | old 8 -0.202 | new 10 -0.705
 ATP pin parlay cap -150 [model+2%]: 187 tickets, hit 0.150 (fair 0.163), avg +472, roi -0.157 z -1.06 | old 70 -0.378 | new 117 -0.025
 ATP pin parlay cap -200 [model+2%]: 507 tickets, hit 0.175 (fair 0.199), avg +373, roi -0.186 z -2.35 | old 185 -0.318 | new 322 -0.111
 ATP pin parlay cap -300 [model+2%]: 765 tickets, hit 0.224 (fair 0.236), avg +308, roi -0.128 z -2.13 | old 296 -0.149 | new 469 -0.115
 ATP b365 parlay cap -150 [all]: 498 tickets, hit 0.112 (fair 0.162), avg +418, roi -0.422 z -5.79 | old 105 -0.495 | new 393 -0.403
 ATP b365 parlay cap -200 [all]: 1909 tickets, hit 0.195 (fair 0.213), avg +294, roi -0.239 z -6.72 | old 818 -0.301 | new 1091 -0.193
 ATP b365 parlay cap -300 [all]: 2394 tickets, hit 0.273 (fair 0.271), avg +216, roi -0.176 z -6.31 | old 1103 -0.221 | new 1291 -0.137
 ATP b365 parlay cap -150 [blend+2%]: 9 tickets, hit 0.222 (fair 0.166), avg +413, roi +0.128 z +0.17 | old 1 +4.325 | new 8 -0.397
 ATP b365 parlay cap -200 [blend+2%]: 141 tickets, hit 0.270 (fair 0.197), avg +329, roi +0.133 z +0.83 | old 35 +0.169 | new 106 +0.121
 ATP b365 parlay cap -300 [blend+2%]: 346 tickets, hit 0.303 (fair 0.242), avg +252, roi +0.034 z +0.39 | old 141 +0.030 | new 205 +0.037
 ATP b365 parlay cap -150 [model+2%]: 49 tickets, hit 0.102 (fair 0.159), avg +430, roi -0.467 z -2.04 | old 4 +0.331 | new 45 -0.538
 ATP b365 parlay cap -200 [model+2%]: 390 tickets, hit 0.197 (fair 0.198), avg +324, roi -0.192 z -2.32 | old 127 -0.262 | new 263 -0.159
 ATP b365 parlay cap -300 [model+2%]: 631 tickets, hit 0.224 (fair 0.230), avg +271, roi -0.206 z -3.45 | old 218 -0.242 | new 413 -0.187
 WTA pin parlay cap -150 [all]: 1308 tickets, hit 0.161 (fair 0.170), avg +445, roi -0.126 z -2.28 | old 602 -0.151 | new 706 -0.105
 WTA pin parlay cap -200 [all]: 2270 tickets, hit 0.207 (fair 0.220), avg +328, roi -0.134 z -3.71 | old 1043 -0.135 | new 1227 -0.133
 WTA pin parlay cap -300 [all]: 2680 tickets, hit 0.289 (fair 0.291), avg +230, roi -0.087 z -3.08 | old 1260 -0.082 | new 1420 -0.092
 WTA pin parlay cap -200 [blend+2%]: 5 tickets, hit 0.600 (fair 0.201), avg +362, roi +1.674 z +1.51 | old 2 -1.000 | new 3 +3.457
 WTA pin parlay cap -300 [blend+2%]: 13 tickets, hit 0.538 (fair 0.237), avg +295, roi +1.124 z +1.94 | old 5 +0.394 | new 8 +1.580
 WTA pin parlay cap -150 [model+2%]: 205 tickets, hit 0.112 (fair 0.163), avg +468, roi -0.367 z -2.94 | old 86 -0.412 | new 119 -0.335
 WTA pin parlay cap -200 [model+2%]: 543 tickets, hit 0.160 (fair 0.197), avg +377, roi -0.236 z -3.11 | old 205 -0.242 | new 338 -0.232
 WTA pin parlay cap -300 [model+2%]: 804 tickets, hit 0.224 (fair 0.238), avg +305, roi -0.148 z -2.57 | old 301 -0.045 | new 503 -0.210
 WTA b365 parlay cap -150 [all]: 542 tickets, hit 0.120 (fair 0.161), avg +419, roi -0.376 z -5.16 | old 151 -0.519 | new 391 -0.321
 WTA b365 parlay cap -200 [all]: 2061 tickets, hit 0.190 (fair 0.213), avg +295, roi -0.259 z -7.66 | old 935 -0.269 | new 1126 -0.251
 WTA b365 parlay cap -300 [all]: 2541 tickets, hit 0.269 (fair 0.270), avg +217, roi -0.171 z -6.20 | old 1181 -0.192 | new 1360 -0.152
 WTA b365 parlay cap -150 [blend+2%]: 7 tickets, hit 0.143 (fair 0.157), avg +435, roi -0.204 z -0.26 | old 2 -1.000 | new 5 +0.115
 WTA b365 parlay cap -200 [blend+2%]: 170 tickets, hit 0.212 (fair 0.201), avg +315, roi -0.128 z -0.98 | old 75 -0.231 | new 95 -0.045
 WTA b365 parlay cap -300 [blend+2%]: 437 tickets, hit 0.277 (fair 0.241), avg +251, roi -0.056 z -0.75 | old 208 -0.082 | new 229 -0.031
 WTA b365 parlay cap -150 [model+2%]: 65 tickets, hit 0.077 (fair 0.160), avg +427, roi -0.586 z -3.26 | old 9 -1.000 | new 56 -0.519
 WTA b365 parlay cap -200 [model+2%]: 389 tickets, hit 0.162 (fair 0.198), avg +326, roi -0.306 z -3.79 | old 128 -0.361 | new 261 -0.279
 WTA b365 parlay cap -300 [model+2%]: 666 tickets, hit 0.219 (fair 0.233), avg +267, roi -0.233 z -4.06 | old 238 -0.318 | new 428 -0.185
 tests at n300+: 266 straight, 28 parlay; expected by luck 0.062 + 0.751
 passed the bar: ['atp|b365|blend+2%|parlay -300'] · proven (not luck-sized): none
 VERDICT: NOT LUCRATIVE (a pass that looks like luck). atp|b365|blend+2%|parlay -300 (n 346, roi +0.034, profit z +0.39) clears the bar, but its profit z is under 2 and 0.81 passes were expected by luck alone. Nothing to act on. Research only.
✅ tennis heavy favorites: 13s · proven: {"proven": []}
study run done in 435s: 20/20 studies ok
✅ underdogs + favorites: 3s · proven: {"nfl": [], "nfl price check": false, "ncaaf": [], "ncaaf price check": false, "nba": [], "nba price check": false, "ncaab": [], "ncaab price check": true, "mlb": [], "mlb price check": false, "nhl": [], "nhl price check": true}
✅ over/unders: 11s · proven: {"nfl": true, "ncaaf": false, "nba": false, "ncaab": true, "mlb": false, "nhl": false}
✅ hockey: 18s · proven: null
✅ spread vs moneyline: 11s · proven: {"nfl": true, "ncaaf": false, "nba": false, "ncaab": false}
✅ puck lines / run lines: 6s · proven: null
✅ halves / first period: 2s · proven: null
✅ comebacks: 195s · proven: null
✅ trends: 11s · proven: {"proven": ["ncaab|rate|fav_cover", "ncaaf|rate|total"]}
✅ rigged / fade the public: 1s · proven: {"proven": []}
✅ self-check on our picks: 0s · proven: null
✅ situational spots: 17s · proven: {"nfl": [], "ncaaf": [], "nba": [], "ncaab": [], "mlb": [], "nhl": []}
✅ line movement + CLV: 3s · proven: {"proven": []}
✅ our engine vs the move (can it beat the pros?): 5s · proven: {"proven": []}
✅ the engine's strengths, sport by sport: 6s · proven: {"proven": ["ncaaf", "nba"]}
THE CONTEXT STUDY: 584 tests with 300+ bets; bar z >= 3.5 + profit in both halves. Luck alone: ~0.136 false positives expected (fake no-edge results passed 0.0 on average); refs: officials.json loaded
nfl: 2762 games · proven - · confirmed - · killed -
   ref_home-|spread|dog         n=   440 roi old +0.016 new +0.101 edge +0.0529 z=+1.29
   any:out_dome|total|over      n=   461 roi old +0.057 new +0.025 edge +0.0444 z=+0.93
   div|spread|dog               n=   776 roi old +0.026 new +0.034 edge +0.0378 z=+0.86
   out_dome|ml|team             n=   449 roi old +0.121 new -0.031 edge +0.0396 z=+0.75
   any:dome_out|total|under     n=   456 roi old +0.014 new +0.040 edge +0.0374 z=+0.61
   rival|spread|home            n=   332 roi old +0.051 new -0.007 edge +0.0338 z=+0.42
ncaaf: 9589 games · proven - · confirmed - · killed -
   any:east1000|total|under     n=   461 roi old +0.063 new +0.098 edge +0.0663 z=+1.83
   rival|spread|road            n=   301 roi old +0.018 new +0.124 edge +0.0612 z=+1.30
   rival|total|under            n=   303 roi old +0.073 new +0.064 edge +0.0610 z=+1.26
   west1000|ml|fade             n=   443 roi old -0.025 new +0.105 edge +0.0302 z=+0.64
   trip1000|ml|fade             n=   889 roi old -0.027 new +0.067 edge +0.0162 z=+0.47
   east1000|ml|team             n=   456 roi old +0.171 new -0.116 edge -0.0023 z=+0.31
nba: 12852 games · proven - · confirmed - · killed -
   any:rest|total|over          n=   328 roi old +0.140 new +0.105 edge +0.0881 z=+2.36
   ref_under|ml|road            n=   403 roi old +0.116 new +0.234 edge +0.0761 z=+2.29
   any:tank|total|over          n=   584 roi old +0.006 new +0.124 edge +0.0581 z=+1.66
   any:elim|total|over          n=   664 roi old -0.017 new +0.110 edge +0.0481 z=+1.26
   ref_under|ml|dog             n=   400 roi old +0.064 new +0.127 edge +0.0431 z=+1.13
   tank|spread|fade             n=   527 roi old +0.032 new +0.050 edge +0.0445 z=+0.99
ncaab: 58494 games · proven - · confirmed - · killed -
   ref_under|total|under        n=  2506 roi old +0.032 new +0.064 edge +0.0488 z=+2.54
   ref_over|total|over          n=  1492 roi old +0.065 new +0.022 edge +0.0467 z=+1.77
   road3in6|spread|team         n=   481 roi old +0.019 new +0.048 edge +0.0411 z=+0.76
   rival|spread|home            n=   368 roi old +0.130 new -0.055 edge +0.0435 z=+0.76
   rival|total|under            n=   371 roi old +0.084 new -0.042 edge +0.0342 z=+0.41
   rival|ml|home                n=   374 roi old +0.054 new -0.025 edge +0.0330 z=+0.30
mlb: 23237 games · proven - · confirmed - · killed -
   trip2000|ml|fade             n=   658 roi old +0.089 new -0.043 edge +0.0265 z=+0.58
   east1000|ml|team             n=  1397 roi old +0.043 new -0.011 edge +0.0243 z=+0.57
   nonconf|ml|road              n=  4275 roi old +0.039 new -0.032 edge +0.0179 z=+0.20
   any:west1000|total|over      n=  1437 roi old -0.022 new +0.030 edge +0.0247 z=+0.15
   trip1000|ml|team             n=  2469 roi old -0.003 new +0.003 edge +0.0165 z=+0.01
   ref_under|total|under        n=  3079 roi old +0.001 new -0.003 edge +0.0217 z=-0.06
nhl: 13208 games · proven - · confirmed - · killed -
   ref_home+|ml|road            n=   489 roi old +0.045 new +0.001 edge +0.0281 z=+0.45
   race|ml|team                 n=  1320 roi old +0.025 new -0.022 edge +0.0237 z=+0.04
   ref_home-|total|under        n=   589 roi old +0.035 new -0.037 edge +0.0231 z=-0.03
   mustwin|ml|team              n=  1228 roi old +0.036 new -0.040 edge +0.0226 z=-0.07
   trip2000|ml|fade             n=   526 roi old -0.017 new -0.002 edge +0.0104 z=-0.21
   any:west1000|total|over      n=  1325 roi old +0.004 new -0.018 edge +0.0204 z=-0.27
✅ context: rivalries, travel, domes, stakes, refs: 37s · proven: {"nfl": [], "ncaaf": [], "nba": [], "ncaab": [], "mlb": [], "nhl": []}
✅ early value plays: the early-price exam: 57s · proven: {"proven": ["mlb +8..12 (+100..+149 dogs)"]}
THE EXPLORER: tested 6001 NEW angles (123912 ever) in 39.7s
   new suspects: 0 (luck alone would give ~1.4) · promoted to PROVEN: 0 · killed: 0 · proven demoted: 0
   now watching 0 suspects · 0 proven · 0 killed
   TEAM TRENDS pooled across sports (all games so far; 'follow' = ride the trend, 'fade' = bet against it; the bar: 300+ bets, profit in both halves, z 3.5+):
   1st-quarter form|ml: n=23934 (2018-04-07..2026-09-27) follow hit 62.2% older / 62.9% newer (fair 61.3%, roi -0.024 / -0.026, z -4.07, edge z 4.42) · fade hit 37.8% / 37.1% (roi -0.095 / -0.146, z -12.25) -> no edge
   1st-quarter form|p1ml: n=14233 (2018-09-09..2026-09-27) follow hit 60.6% older / 61.4% newer (fair 59.7%, roi -0.031 / -0.036, z -4.63, edge z 3.32) · fade hit 39.4% / 38.6% (roi -0.083 / -0.117, z -9.09) -> no edge
   1st-quarter form|p1spread: n=14641 (2018-09-09..2026-09-27) follow hit 50.4% older / 50.0% newer (fair 50.0%, roi -0.043 / -0.060, z -6.6, edge z 0.49) · fade hit 49.5% / 50.0% (roi -0.060 / -0.059, z -7.58) -> no edge
   1st-quarter form|spread: n=21353 (2018-10-20..2026-06-14) follow hit 49.8% older / 50.4% newer (fair 50.0%, roi -0.048 / -0.037, z -6.54, edge z 0.27) · fade hit 50.2% / 49.6% (roi -0.042 / -0.051, z -7.09) -> no edge
   O/U streak 4+|total: n=15238 (2018-04-04..2026-10-01) follow hit 49.7% older / 50.8% newer (fair 50.0%, roi -0.051 / -0.030, z -5.21, edge z 0.51) · fade hit 50.3% / 49.2% (roi -0.038 / -0.059, z -6.22) -> no edge
   division record|ml: n=2508 (2018-09-09..2026-10-02) follow hit 64.3% older / 65.3% newer (fair 62.9%, roi +0.016 / -0.017, z -0.04, edge z 2.07) · fade hit 35.6% / 34.7% (roi -0.078 / -0.095, z -2.99) -> no edge
   division record|spread: n=1413 (2018-09-09..2026-10-02) follow hit 50.6% older / 48.7% newer (fair 50.0%, roi -0.032 / -0.070, z -2.01, edge z -0.3) · fade hit 49.4% / 51.3% (roi -0.055 / -0.016, z -1.41) -> no edge
   prime-time record|ml: n=189 (2018-09-17..2026-09-28) follow hit 59.6% older / 62.1% newer (fair 59.9%, roi -0.080 / +0.022, z -0.45, edge z 0.28) · fade hit 40.4% / 37.9% (roi -0.116 / -0.054, z -0.89) -> no edge
   prime-time record|spread: n=187 (2018-09-17..2026-09-28) follow hit 52.7% older / 47.9% newer (fair 50.0%, roi +0.010 / -0.085, z -0.54, edge z 0.08) · fade hit 47.3% / 52.1% (roi -0.090 / -0.007, z -0.69) -> no edge
   road ATS rate|spread: n=10248 (2018-11-04..2026-10-03) follow hit 48.8% older / 48.2% newer (fair 50.0%, roi -0.068 / -0.079, z -7.77, edge z -3.04) · fade hit 51.2% / 51.8% (roi -0.022 / -0.010, z -1.69) -> no edge
   season ATS rate|spread: n=13032 (2018-10-13..2026-04-04) follow hit 48.2% older / 49.1% newer (fair 50.0%, roi -0.079 / -0.062, z -8.4, edge z -3.09) · fade hit 51.8% / 50.9% (roi -0.011 / -0.026, z -2.23) -> no edge
   team ATS streak 3+|spread: n=16471 (2018-09-16..2026-09-27) follow hit 49.2% older / 49.4% newer (fair 50.0%, roi -0.061 / -0.055, z -7.77, edge z -1.79) · fade hit 50.8% / 50.6% (roi -0.029 / -0.034, z -4.21) -> no edge
   team ATS streak 5+|spread: n=4204 (2018-10-06..2026-06-09) follow hit 48.4% older / 48.2% newer (fair 50.0%, roi -0.075 / -0.077, z -5.17, edge z -2.14) · fade hit 51.6% / 51.8% (roi -0.015 / -0.011, z -0.87) -> no edge
✅ the explorer: NEW angles: 40s · proven: {"proven": []}
THE TENNIS EDGE STUDY: 64658 priced matches 2012-01-01 -> 2026-08-03 (older half < 2018-05-27 <= newer half) in 34.9s
   softest segments (a bias learned on the older half that still helps on the newer, mnats/match): WTA rank x10+ +1.15, WTA slam +0.91, WTA round sf+ +0.89, ATP indoor +0.78
   ATP: log loss pin 0.5752 / b365 0.5759 / avg 0.576 · margin pin 0.0253 b365 0.0605
   WTA: log loss pin 0.5903 / b365 0.5912 / avg 0.5908 · margin pin 0.0266 b365 0.0619
   line shop b365 >2% over pinnacle fair: n=4674 roi -0.066 / -0.032 (expected +0.063) edge z=2.68 · beats fair in 14% of matches
   line shop avg >2% over pinnacle fair: n=928 roi -0.164 / -0.045 (expected +0.067) edge z=-0.25 · beats fair in 4% of matches
   line shop max >2% over pinnacle fair: n=30043 roi +0.016 / +0.023 (expected +0.069) edge z=2.42 · beats fair in 73% of matches
   model vs market, newer half: pinnacle 0.597 · elo 0.6295 · model 0.6262 · blend 0.5969 (+0.100 mnats, z 1.07)
   bovada: 191 closing lines, margin 0.0453, 0 matched to pinnacle, 112 graded
   names -> ESPN ids: 0.8856 of 1556 names since ESPN's history (by tour {'atp': 0.9195, 'wta': 0.8534}), 0.9386 of match sides · birth dates for 0.9385 of sides (2807 bios on file)
   life atoms (122 read-outs at pinnacle): wta|pin|yvv:vet n=1818 roi +0.020 / -0.095 z 1.53 / -1.45, wta|pin|age:teen n=4296 roi +0.006 / +0.007 z 1.07 / 1.99, wta|pin|tvv:vet n=483 roi +0.046 / -0.126 z 0.51 / -1.2, atp|pin|age:teen n=2324 roi +0.015 / +0.006 z 0.28 / 1.94
   registry: tested 2828 new angles (66562 ever) · new suspects 5 · promoted 2 · killed 2 · luck would give ~15.48 suspects / 0.3523 proven ever
   fixed tests: 543 this run, 1 pass the bar (luck ~0.252)
   NEW SUSPECT atp|avg|age:vet&bo5&p:80+: older half n=345 roi +0.007 edge z=3.7 | newer half n=334 roi -0.000 edge z=2.8
   NEW SUSPECT wta|avg|age:vet&agegap:+8&p:65-80: older half n=195 roi +0.084 edge z=3.74 | newer half n=296 roi +0.026 edge z=2.28
   NEW SUSPECT wta|b365|age:vet&agegap:+8&p:65-80: older half n=195 roi +0.075 edge z=3.62 | newer half n=296 roi +0.022 edge z=2.12
   NEW SUSPECT wta|pin|age:vet&agegap:+8&p:65-80: older half n=195 roi +0.111 edge z=3.59 | newer half n=296 roi +0.043 edge z=2.01
   NEW SUSPECT wta|avg|age:vet&court:outdoor&p:65-80: older half n=517 roi +0.032 edge z=3.58 | newer half n=850 roi -0.028 edge z=1.1
   PROVEN wta|avg|age:vet&agegap:+8&p:65-80: older half n=195 roi +0.084 edge z=3.74 | newer half n=296 roi +0.026 edge z=2.28
   PROVEN wta|pin|age:vet&agegap:+8&p:65-80: older half n=195 roi +0.111 edge z=3.59 | newer half n=296 roi +0.043 edge z=2.01
   KILLED atp|avg|age:vet&bo5&p:80+: older half n=345 roi +0.007 edge z=3.7 | newer half n=334 roi -0.000 edge z=2.8
   KILLED wta|avg|age:vet&court:outdoor&p:65-80: older half n=517 roi +0.032 edge z=3.58 | newer half n=850 roi -0.028 edge z=1.1
   PASSES price 90-100% wta at max: n=1231 roi +0.012 / +0.029 z=3.87 (NOT a gettable price)
   closest angle: wta|avg|age:vet&court:outdoor&ork:31-100 n=3532 roi +0.015 / -0.087 z older 3.38 all 0.58
   closest angle: wta|b365|age:vet&court:outdoor&p:65-80 n=1367 roi +0.021 / -0.030 z older 3.36 all 2.71
   closest angle: atp|avg|age:vet&expgap:x1.5-3&p:80+ n=349 roi +0.012 / -0.041 z older 3.28 all 2.5
   closest fixed: line shop b365 all fav gap>0% n=2020 roi +0.044 / +0.008 z=4.48
   closest fixed: line shop b365 atp fav gap>0% n=970 roi +0.067 / +0.007 z=3.45
   closest fixed: line shop b365 wta fav gap>0% n=1050 roi +0.026 / +0.010 z=2.9
   PROVEN: ['wta|avg|age:vet&agegap:+8&p:65-80', 'wta|pin|age:vet&agegap:+8&p:65-80']
✅ tennis edge: 35s · proven: {"proven": ["wta|avg|age:vet&agegap:+8&p:65-80", "wta|pin|age:vet&agegap:+8&p:65-80"]}
first set ATP: 32132 matches, implied log loss 0.62855 (match chance as set-1 chance 0.63577, coin 0.69315)
  crew overperformance: closest >= 0.05: n 19692, hit 0.5266 vs implied 0.5218, z 1.41 (vs recalibrated 0.73), ROI -0.0502 (older -0.0615, newer -0.0399) - z 1.41 < 3.5; older ROI -0.0615 <= 0; newer ROI -0.0399 <= 0
  crew raw_rate: closest >= 0.10: n 15498, hit 0.6247 vs implied 0.608, z 4.4 (vs recalibrated 1.16), ROI -0.0269 (older -0.0388, newer -0.016) - older ROI -0.0388 <= 0; newer ROI -0.016 <= 0
first set WTA: 32523 matches, implied log loss 0.62585 (match chance as set-1 chance 0.62643, coin 0.69315)
  crew overperformance: closest >= 0.15: n 8372, hit 0.5631 vs implied 0.549, z 2.69 (vs recalibrated 1.03), ROI -0.0357 (older -0.0422, newer -0.0286) - z 2.69 < 3.5; older ROI -0.0422 <= 0; newer ROI -0.0286 <= 0
  crew raw_rate: closest >= 0.20: n 8256, hit 0.6662 vs implied 0.638, z 5.49 (vs recalibrated 0.74), ROI -0.0109 (older -0.0057, newer -0.0164) - older ROI -0.0057 <= 0; newer ROI -0.0164 <= 0
first set real Bovada lines: 0 captured, 0 matched (test runs at 300) · 4.3s
✅ tennis first set: 4s · proven: {"proven": []}
HEAVY TENNIS FAVORITES (research only): 64658 priced matches 2012-01-01 -> 2026-01-14, split 2018-05-27, 53807 rated
 ATP pin straights [all]
    -101..-150: n  7563 win 0.541 fair 0.547 roi -0.035 z_edge -1.02 | old n 3291 roi -0.035 | new n 4272 roi -0.036
    -151..-200: n  6518 win 0.604 fair 0.619 roi -0.048 z_edge -2.43 | old n 2813 roi -0.043 | new n 3705 roi -0.052
    -201..-300: n  6514 win 0.698 fair 0.691 roi -0.014 z_edge +1.31 | old n 3112 roi -0.020 | new n 3402 roi -0.009
    -301..-500: n  5611 win 0.784 fair 0.771 roi -0.007 z_edge +2.42 | old n 2841 roi +0.006 | new n 2770 roi -0.020
         -500+: n  5778 win 0.896 fair 0.884 roi -0.009 z_edge +3.26 | old n 3246 roi -0.009 | new n 2532 roi -0.009
 ATP pin straights [blend+2%]
    -101..-150: n   116 win 0.560 fair 0.552 roi -0.012 z_edge +0.19 | old n 69 roi +0.043 | new n 47 roi -0.092
    -151..-200: n   207 win 0.551 fair 0.620 roi -0.134 z_edge -1.99 | old n 129 roi -0.072 | new n 78 roi -0.235
    -201..-300: n   233 win 0.717 fair 0.691 roi +0.011 z_edge +0.87 | old n 161 roi +0.017 | new n 72 roi -0.001
    -301..-500: n   173 win 0.775 fair 0.771 roi -0.021 z_edge +0.10 | old n 132 roi -0.014 | new n 41 roi -0.043
         -500+: n    35 win 0.914 fair 0.841 roi +0.060 z_edge +1.51 | old n 30 roi +0.083 | new n 5 roi -0.074
 ATP pin straights [model+2%]
    -101..-150: n  2343 win 0.527 fair 0.545 roi -0.055 z_edge -1.74 | old n 975 roi -0.042 | new n 1368 roi -0.065
    -151..-200: n  1544 win 0.589 fair 0.617 roi -0.068 z_edge -2.19 | old n 591 roi -0.076 | new n 953 roi -0.064
    -201..-300: n  1220 win 0.686 fair 0.689 roi -0.027 z_edge -0.20 | old n 461 roi -0.022 | new n 759 roi -0.030
    -301..-500: n   696 win 0.783 fair 0.768 roi -0.004 z_edge +0.99 | old n 274 roi +0.010 | new n 422 roi -0.014
         -500+: n   345 win 0.870 fair 0.868 roi -0.022 z_edge +0.10 | old n 126 roi +0.003 | new n 219 roi -0.037
 ATP b365 straights [all]
    -101..-150: n  4071 win 0.529 fair 0.539 roi -0.078 z_edge -1.38 | old n 1278 roi -0.087 | new n 2793 roi -0.074
    -151..-200: n  8140 win 0.585 fair 0.599 roi -0.082 z_edge -2.43 | old n 3777 roi -0.089 | new n 4363 roi -0.076
    -201..-300: n  5979 win 0.676 fair 0.671 roi -0.052 z_edge +0.88 | old n 2913 roi -0.066 | new n 3066 roi -0.040
    -301..-500: n  6606 win 0.761 fair 0.748 roi -0.038 z_edge +2.53 | old n 3213 roi -0.038 | new n 3393 roi -0.037
         -500+: n  6547 win 0.885 fair 0.864 roi -0.027 z_edge +5.31 | old n 3868 roi -0.030 | new n 2679 roi -0.023
 ATP b365 straights [blend+2%]
    -101..-150: n   649 win 0.508 fair 0.539 roi -0.113 z_edge -1.56 | old n 189 roi -0.091 | new n 460 roi -0.122
    -151..-200: n  1317 win 0.616 fair 0.598 roi -0.033 z_edge +1.30 | old n 569 roi -0.066 | new n 748 roi -0.007
    -201..-300: n  1263 win 0.710 fair 0.671 roi -0.005 z_edge +3.07 | old n 649 roi -0.000 | new n 614 roi -0.011
    -301..-500: n  1607 win 0.779 fair 0.751 roi -0.020 z_edge +2.69 | old n 785 roi -0.021 | new n 822 roi -0.019
         -500+: n  1659 win 0.882 fair 0.850 roi -0.017 z_edge +4.13 | old n 895 roi -0.021 | new n 764 roi -0.012
 ATP b365 straights [model+2%]
    -101..-150: n  1242 win 0.510 fair 0.538 roi -0.108 z_edge -2.01 | old n 385 roi -0.108 | new n 857 roi -0.108
    -151..-200: n  2075 win 0.571 fair 0.598 roi -0.103 z_edge -2.46 | old n 865 roi -0.139 | new n 1210 roi -0.077
    -201..-300: n  1161 win 0.677 fair 0.670 roi -0.050 z_edge +0.49 | old n 468 roi -0.041 | new n 693 roi -0.056
    -301..-500: n  1028 win 0.743 fair 0.746 roi -0.057 z_edge -0.18 | old n 404 roi -0.071 | new n 624 roi -0.048
         -500+: n   573 win 0.843 fair 0.850 roi -0.061 z_edge -0.48 | old n 229 roi -0.058 | new n 344 roi -0.063
 WTA pin straights [all]
    -101..-150: n  8256 win 0.534 fair 0.545 roi -0.047 z_edge -2.12 | old n 3924 roi -0.047 | new n 4332 roi -0.046
    -151..-200: n  6885 win 0.617 fair 0.618 roi -0.027 z_edge -0.15 | old n 3194 roi -0.029 | new n 3691 roi -0.025
    -201..-300: n  6803 win 0.694 fair 0.690 roi -0.020 z_edge +0.77 | old n 3338 roi -0.022 | new n 3465 roi -0.018
    -301..-500: n  5806 win 0.772 fair 0.769 roi -0.023 z_edge +0.48 | old n 2800 roi -0.024 | new n 3006 roi -0.022
         -500+: n  4649 win 0.892 fair 0.873 roi -0.005 z_edge +4.20 | old n 2399 roi -0.010 | new n 2250 roi +0.001
 WTA pin straights [blend+2%]
    -101..-150: n   156 win 0.545 fair 0.551 roi -0.033 z_edge -0.15 | old n 79 roi -0.176 | new n 77 roi +0.113
    -151..-200: n   219 win 0.676 fair 0.617 roi +0.066 z_edge +1.87 | old n 122 roi +0.049 | new n 97 roi +0.089
    -201..-300: n   271 win 0.727 fair 0.690 roi +0.028 z_edge +1.37 | old n 194 roi -0.005 | new n 77 roi +0.109
    -301..-500: n   209 win 0.794 fair 0.763 roi +0.013 z_edge +1.11 | old n 128 roi +0.033 | new n 81 roi -0.020
         -500+: n    36 win 0.861 fair 0.831 roi +0.010 z_edge +0.52 | old n 25 roi -0.018 | new n 11 roi +0.073
 WTA pin straights [model+2%]
    -101..-150: n  2537 win 0.527 fair 0.544 roi -0.057 z_edge -1.73 | old n 1079 roi -0.079 | new n 1458 roi -0.041
    -151..-200: n  1628 win 0.591 fair 0.617 roi -0.068 z_edge -2.16 | old n 601 roi -0.042 | new n 1027 roi -0.084
    -201..-300: n  1219 win 0.699 fair 0.688 roi -0.010 z_edge +0.85 | old n 449 roi -0.018 | new n 770 roi -0.005
    -301..-500: n   737 win 0.786 fair 0.765 roi -0.001 z_edge +1.35 | old n 241 roi +0.031 | new n 496 roi -0.017
         -500+: n   246 win 0.911 fair 0.854 roi +0.039 z_edge +3.13 | old n 91 roi -0.002 | new n 155 roi +0.064
 WTA b365 straights [all]
    -101..-150: n  4354 win 0.519 fair 0.539 roi -0.094 z_edge -2.61 | old n 1541 roi -0.097 | new n 2813 roi -0.093
    -151..-200: n  8799 win 0.594 fair 0.598 roi -0.068 z_edge -0.85 | old n 4404 roi -0.084 | new n 4395 roi -0.052
    -201..-300: n  6169 win 0.676 fair 0.671 roi -0.053 z_edge +0.82 | old n 3041 roi -0.056 | new n 3128 roi -0.051
    -301..-500: n  6726 win 0.754 fair 0.748 roi -0.048 z_edge +1.13 | old n 3280 roi -0.061 | new n 3446 roi -0.035
         -500+: n  5470 win 0.878 fair 0.854 roi -0.026 z_edge +5.44 | old n 2984 roi -0.035 | new n 2486 roi -0.016
 WTA b365 straights [blend+2%]
    -101..-150: n   715 win 0.568 fair 0.539 roi -0.009 z_edge +1.53 | old n 249 roi -0.102 | new n 466 roi +0.041
    -151..-200: n  1601 win 0.621 fair 0.600 roi -0.028 z_edge +1.73 | old n 781 roi -0.064 | new n 820 roi +0.006
    -201..-300: n  1404 win 0.702 fair 0.670 roi -0.017 z_edge +2.54 | old n 755 roi -0.006 | new n 649 roi -0.029
    -301..-500: n  1586 win 0.772 fair 0.750 roi -0.027 z_edge +2.19 | old n 811 roi -0.048 | new n 775 roi -0.005
         -500+: n  1393 win 0.877 fair 0.846 roi -0.020 z_edge +3.60 | old n 749 roi -0.020 | new n 644 roi -0.019
 WTA b365 straights [model+2%]
    -101..-150: n  1375 win 0.520 fair 0.539 roi -0.093 z_edge -1.42 | old n 438 roi -0.127 | new n 937 roi -0.077
    -151..-200: n  2181 win 0.577 fair 0.598 roi -0.093 z_edge -1.92 | old n 888 roi -0.096 | new n 1293 roi -0.090
    -201..-300: n  1229 win 0.679 fair 0.670 roi -0.047 z_edge +0.68 | old n 472 roi -0.037 | new n 757 roi -0.054
    -301..-500: n  1018 win 0.746 fair 0.745 roi -0.054 z_edge +0.03 | old n 354 roi -0.071 | new n 664 roi -0.045
         -500+: n   429 win 0.897 fair 0.840 roi +0.011 z_edge +3.94 | old n 171 roi -0.024 | new n 258 roi +0.034
 ATP pin parlay cap -150 [all]: 1224 tickets, hit 0.166 (fair 0.171), avg +444, roi -0.111 z -1.94 | old 529 -0.073 | new 695 -0.141
 ATP pin parlay cap -200 [all]: 2097 tickets, hit 0.211 (fair 0.222), avg +325, roi -0.114 z -3.02 | old 946 -0.141 | new 1151 -0.092
 ATP pin parlay cap -300 [all]: 2501 tickets, hit 0.304 (fair 0.295), avg +225, roi -0.049 z -1.66 | old 1164 -0.055 | new 1337 -0.043
 ATP pin parlay cap -200 [blend+2%]: 6 tickets, hit 0.000 (fair 0.211), avg +341, roi -1.000 z +0.00 | old 3 -1.000 | new 3 -1.000
 ATP pin parlay cap -300 [blend+2%]: 18 tickets, hit 0.167 (fair 0.260), avg +265, roi -0.481 z -1.70 | old 8 -0.202 | new 10 -0.705
 ATP pin parlay cap -150 [model+2%]: 187 tickets, hit 0.150 (fair 0.163), avg +472, roi -0.157 z -1.06 | old 70 -0.378 | new 117 -0.025
 ATP pin parlay cap -200 [model+2%]: 507 tickets, hit 0.175 (fair 0.199), avg +373, roi -0.186 z -2.35 | old 185 -0.318 | new 322 -0.111
 ATP pin parlay cap -300 [model+2%]: 765 tickets, hit 0.224 (fair 0.236), avg +308, roi -0.128 z -2.13 | old 296 -0.149 | new 469 -0.115
 ATP b365 parlay cap -150 [all]: 498 tickets, hit 0.112 (fair 0.162), avg +418, roi -0.422 z -5.79 | old 105 -0.495 | new 393 -0.403
 ATP b365 parlay cap -200 [all]: 1909 tickets, hit 0.195 (fair 0.213), avg +294, roi -0.239 z -6.72 | old 818 -0.301 | new 1091 -0.193
 ATP b365 parlay cap -300 [all]: 2394 tickets, hit 0.273 (fair 0.271), avg +216, roi -0.176 z -6.31 | old 1103 -0.221 | new 1291 -0.137
 ATP b365 parlay cap -150 [blend+2%]: 9 tickets, hit 0.222 (fair 0.166), avg +413, roi +0.128 z +0.17 | old 1 +4.325 | new 8 -0.397
 ATP b365 parlay cap -200 [blend+2%]: 141 tickets, hit 0.270 (fair 0.197), avg +329, roi +0.133 z +0.83 | old 35 +0.169 | new 106 +0.121
 ATP b365 parlay cap -300 [blend+2%]: 346 tickets, hit 0.303 (fair 0.242), avg +252, roi +0.034 z +0.39 | old 141 +0.030 | new 205 +0.037
 ATP b365 parlay cap -150 [model+2%]: 49 tickets, hit 0.102 (fair 0.159), avg +430, roi -0.467 z -2.04 | old 4 +0.331 | new 45 -0.538
 ATP b365 parlay cap -200 [model+2%]: 390 tickets, hit 0.197 (fair 0.198), avg +324, roi -0.192 z -2.32 | old 127 -0.262 | new 263 -0.159
 ATP b365 parlay cap -300 [model+2%]: 631 tickets, hit 0.224 (fair 0.230), avg +271, roi -0.206 z -3.45 | old 218 -0.242 | new 413 -0.187
 WTA pin parlay cap -150 [all]: 1308 tickets, hit 0.161 (fair 0.170), avg +445, roi -0.126 z -2.28 | old 602 -0.151 | new 706 -0.105
 WTA pin parlay cap -200 [all]: 2270 tickets, hit 0.207 (fair 0.220), avg +328, roi -0.134 z -3.71 | old 1043 -0.135 | new 1227 -0.133
 WTA pin parlay cap -300 [all]: 2680 tickets, hit 0.289 (fair 0.291), avg +230, roi -0.087 z -3.08 | old 1260 -0.082 | new 1420 -0.092
 WTA pin parlay cap -200 [blend+2%]: 5 tickets, hit 0.600 (fair 0.201), avg +362, roi +1.674 z +1.51 | old 2 -1.000 | new 3 +3.457
 WTA pin parlay cap -300 [blend+2%]: 13 tickets, hit 0.538 (fair 0.237), avg +295, roi +1.124 z +1.94 | old 5 +0.394 | new 8 +1.580
 WTA pin parlay cap -150 [model+2%]: 205 tickets, hit 0.112 (fair 0.163), avg +468, roi -0.367 z -2.94 | old 86 -0.412 | new 119 -0.335
 WTA pin parlay cap -200 [model+2%]: 543 tickets, hit 0.160 (fair 0.197), avg +377, roi -0.236 z -3.11 | old 205 -0.242 | new 338 -0.232
 WTA pin parlay cap -300 [model+2%]: 804 tickets, hit 0.224 (fair 0.238), avg +305, roi -0.148 z -2.57 | old 301 -0.045 | new 503 -0.210
 WTA b365 parlay cap -150 [all]: 542 tickets, hit 0.120 (fair 0.161), avg +419, roi -0.376 z -5.16 | old 151 -0.519 | new 391 -0.321
 WTA b365 parlay cap -200 [all]: 2061 tickets, hit 0.190 (fair 0.213), avg +295, roi -0.259 z -7.66 | old 935 -0.269 | new 1126 -0.251
 WTA b365 parlay cap -300 [all]: 2541 tickets, hit 0.269 (fair 0.270), avg +217, roi -0.171 z -6.20 | old 1181 -0.192 | new 1360 -0.152
 WTA b365 parlay cap -150 [blend+2%]: 7 tickets, hit 0.143 (fair 0.157), avg +435, roi -0.204 z -0.26 | old 2 -1.000 | new 5 +0.115
 WTA b365 parlay cap -200 [blend+2%]: 170 tickets, hit 0.212 (fair 0.201), avg +315, roi -0.128 z -0.98 | old 75 -0.231 | new 95 -0.045
 WTA b365 parlay cap -300 [blend+2%]: 437 tickets, hit 0.277 (fair 0.241), avg +251, roi -0.056 z -0.75 | old 208 -0.082 | new 229 -0.031
 WTA b365 parlay cap -150 [model+2%]: 65 tickets, hit 0.077 (fair 0.160), avg +427, roi -0.586 z -3.26 | old 9 -1.000 | new 56 -0.519
 WTA b365 parlay cap -200 [model+2%]: 389 tickets, hit 0.162 (fair 0.198), avg +326, roi -0.306 z -3.79 | old 128 -0.361 | new 261 -0.279
 WTA b365 parlay cap -300 [model+2%]: 666 tickets, hit 0.219 (fair 0.233), avg +267, roi -0.233 z -4.06 | old 238 -0.318 | new 428 -0.185
 tests at n300+: 266 straight, 28 parlay; expected by luck 0.062 + 0.751
 passed the bar: ['atp|b365|blend+2%|parlay -300'] · proven (not luck-sized): none
 VERDICT: NOT LUCRATIVE (a pass that looks like luck). atp|b365|blend+2%|parlay -300 (n 346, roi +0.034, profit z +0.39) clears the bar, but its profit z is under 2 and 0.81 passes were expected by luck alone. Nothing to act on. Research only.
✅ tennis heavy favorites: 14s · proven: {"proven": []}
study run done in 476s: 20/20 studies ok
✅ underdogs + favorites: 2s · proven: {"nfl": [], "nfl price check": false, "ncaaf": [], "ncaaf price check": false, "nba": [], "nba price check": false, "ncaab": [], "ncaab price check": true, "mlb": [], "mlb price check": false, "nhl": [], "nhl price check": true}
✅ over/unders: 8s · proven: {"nfl": true, "ncaaf": false, "nba": false, "ncaab": true, "mlb": false, "nhl": false}
✅ hockey: 12s · proven: null
✅ spread vs moneyline: 8s · proven: {"nfl": true, "ncaaf": false, "nba": false, "ncaab": false}
✅ puck lines / run lines: 4s · proven: null
✅ halves / first period: 1s · proven: null
✅ comebacks: 140s · proven: null
✅ trends: 7s · proven: {"proven": ["ncaab|rate|fav_cover", "ncaaf|rate|total"]}
✅ rigged / fade the public: 0s · proven: {"proven": []}
✅ self-check on our picks: 0s · proven: null
✅ situational spots: 11s · proven: {"nfl": [], "ncaaf": [], "nba": [], "ncaab": [], "mlb": [], "nhl": []}
✅ line movement + CLV: 2s · proven: {"proven": []}
✅ our engine vs the move (can it beat the pros?): 3s · proven: {"proven": []}
✅ the engine's strengths, sport by sport: 4s · proven: {"proven": ["ncaaf", "nba"]}
THE CONTEXT STUDY: 584 tests with 300+ bets; bar z >= 3.5 + profit in both halves. Luck alone: ~0.136 false positives expected (fake no-edge results passed 0.0 on average); refs: officials.json loaded
nfl: 2762 games · proven - · confirmed - · killed -
   ref_home-|spread|dog         n=   440 roi old +0.016 new +0.101 edge +0.0529 z=+1.29
   any:out_dome|total|over      n=   461 roi old +0.057 new +0.025 edge +0.0444 z=+0.93
   div|spread|dog               n=   776 roi old +0.026 new +0.034 edge +0.0378 z=+0.86
   out_dome|ml|team             n=   449 roi old +0.121 new -0.031 edge +0.0396 z=+0.75
   any:dome_out|total|under     n=   456 roi old +0.014 new +0.040 edge +0.0374 z=+0.61
   rival|spread|home            n=   332 roi old +0.051 new -0.007 edge +0.0338 z=+0.42
ncaaf: 9589 games · proven - · confirmed - · killed -
   any:east1000|total|under     n=   461 roi old +0.063 new +0.098 edge +0.0663 z=+1.83
   rival|spread|road            n=   301 roi old +0.018 new +0.124 edge +0.0612 z=+1.30
   rival|total|under            n=   303 roi old +0.073 new +0.064 edge +0.0610 z=+1.26
   west1000|ml|fade             n=   443 roi old -0.025 new +0.105 edge +0.0302 z=+0.64
   trip1000|ml|fade             n=   889 roi old -0.027 new +0.067 edge +0.0162 z=+0.47
   east1000|ml|team             n=   456 roi old +0.171 new -0.116 edge -0.0023 z=+0.31
nba: 12852 games · proven - · confirmed - · killed -
   any:rest|total|over          n=   328 roi old +0.140 new +0.105 edge +0.0881 z=+2.36
   ref_under|ml|road            n=   403 roi old +0.116 new +0.234 edge +0.0761 z=+2.29
   any:tank|total|over          n=   584 roi old +0.006 new +0.124 edge +0.0581 z=+1.66
   any:elim|total|over          n=   664 roi old -0.017 new +0.110 edge +0.0481 z=+1.26
   ref_under|ml|dog             n=   400 roi old +0.064 new +0.127 edge +0.0431 z=+1.13
   tank|spread|fade             n=   527 roi old +0.032 new +0.050 edge +0.0445 z=+0.99
ncaab: 58494 games · proven - · confirmed - · killed -
   ref_under|total|under        n=  2506 roi old +0.032 new +0.064 edge +0.0488 z=+2.54
   ref_over|total|over          n=  1492 roi old +0.065 new +0.022 edge +0.0467 z=+1.77
   road3in6|spread|team         n=   481 roi old +0.019 new +0.048 edge +0.0411 z=+0.76
   rival|spread|home            n=   368 roi old +0.130 new -0.055 edge +0.0435 z=+0.76
   rival|total|under            n=   371 roi old +0.084 new -0.042 edge +0.0342 z=+0.41
   rival|ml|home                n=   374 roi old +0.054 new -0.025 edge +0.0330 z=+0.30
mlb: 23237 games · proven - · confirmed - · killed -
   trip2000|ml|fade             n=   658 roi old +0.089 new -0.043 edge +0.0265 z=+0.58
   east1000|ml|team             n=  1397 roi old +0.043 new -0.011 edge +0.0243 z=+0.57
   nonconf|ml|road              n=  4275 roi old +0.039 new -0.032 edge +0.0179 z=+0.20
   any:west1000|total|over      n=  1437 roi old -0.022 new +0.030 edge +0.0247 z=+0.15
   trip1000|ml|team             n=  2469 roi old -0.003 new +0.003 edge +0.0165 z=+0.01
   ref_under|total|under        n=  3079 roi old +0.001 new -0.003 edge +0.0217 z=-0.06
nhl: 13208 games · proven - · confirmed - · killed -
   ref_home+|ml|road            n=   489 roi old +0.045 new +0.001 edge +0.0281 z=+0.45
   race|ml|team                 n=  1320 roi old +0.025 new -0.022 edge +0.0237 z=+0.04
   ref_home-|total|under        n=   589 roi old +0.035 new -0.037 edge +0.0231 z=-0.03
   mustwin|ml|team              n=  1228 roi old +0.036 new -0.040 edge +0.0226 z=-0.07
   trip2000|ml|fade             n=   526 roi old -0.017 new -0.002 edge +0.0104 z=-0.21
   any:west1000|total|over      n=  1325 roi old +0.004 new -0.018 edge +0.0204 z=-0.27
✅ context: rivalries, travel, domes, stakes, refs: 25s · proven: {"nfl": [], "ncaaf": [], "nba": [], "ncaab": [], "mlb": [], "nhl": []}
✅ early value plays: the early-price exam: 37s · proven: {"proven": ["mlb +8..12 (+100..+149 dogs)"]}
THE EXPLORER: tested 6000 NEW angles (129912 ever) in 27.7s
   new suspects: 0 (luck alone would give ~1.4) · promoted to PROVEN: 0 · killed: 0 · proven demoted: 0
   now watching 0 suspects · 0 proven · 0 killed
   TEAM TRENDS pooled across sports (all games so far; 'follow' = ride the trend, 'fade' = bet against it; the bar: 300+ bets, profit in both halves, z 3.5+):
   1st-quarter form|ml: n=23934 (2018-04-07..2026-09-27) follow hit 62.2% older / 62.9% newer (fair 61.3%, roi -0.024 / -0.026, z -4.07, edge z 4.42) · fade hit 37.8% / 37.1% (roi -0.095 / -0.146, z -12.25) -> no edge
   1st-quarter form|p1ml: n=14233 (2018-09-09..2026-09-27) follow hit 60.6% older / 61.4% newer (fair 59.7%, roi -0.031 / -0.036, z -4.63, edge z 3.32) · fade hit 39.4% / 38.6% (roi -0.083 / -0.117, z -9.09) -> no edge
   1st-quarter form|p1spread: n=14641 (2018-09-09..2026-09-27) follow hit 50.4% older / 50.0% newer (fair 50.0%, roi -0.043 / -0.060, z -6.6, edge z 0.49) · fade hit 49.5% / 50.0% (roi -0.060 / -0.059, z -7.58) -> no edge
   1st-quarter form|spread: n=21353 (2018-10-20..2026-06-14) follow hit 49.8% older / 50.4% newer (fair 50.0%, roi -0.048 / -0.037, z -6.54, edge z 0.27) · fade hit 50.2% / 49.6% (roi -0.042 / -0.051, z -7.09) -> no edge
   O/U streak 4+|total: n=15238 (2018-04-04..2026-10-01) follow hit 49.7% older / 50.8% newer (fair 50.0%, roi -0.051 / -0.030, z -5.21, edge z 0.51) · fade hit 50.3% / 49.2% (roi -0.038 / -0.059, z -6.22) -> no edge
   division record|ml: n=2508 (2018-09-09..2026-10-02) follow hit 64.3% older / 65.3% newer (fair 62.9%, roi +0.016 / -0.017, z -0.04, edge z 2.07) · fade hit 35.6% / 34.7% (roi -0.078 / -0.095, z -2.99) -> no edge
   division record|spread: n=1413 (2018-09-09..2026-10-02) follow hit 50.6% older / 48.7% newer (fair 50.0%, roi -0.032 / -0.070, z -2.01, edge z -0.3) · fade hit 49.4% / 51.3% (roi -0.055 / -0.016, z -1.41) -> no edge
   prime-time record|ml: n=189 (2018-09-17..2026-09-28) follow hit 59.6% older / 62.1% newer (fair 59.9%, roi -0.080 / +0.022, z -0.45, edge z 0.28) · fade hit 40.4% / 37.9% (roi -0.116 / -0.054, z -0.89) -> no edge
   prime-time record|spread: n=187 (2018-09-17..2026-09-28) follow hit 52.7% older / 47.9% newer (fair 50.0%, roi +0.010 / -0.085, z -0.54, edge z 0.08) · fade hit 47.3% / 52.1% (roi -0.090 / -0.007, z -0.69) -> no edge
   road ATS rate|spread: n=10248 (2018-11-04..2026-10-03) follow hit 48.8% older / 48.2% newer (fair 50.0%, roi -0.068 / -0.079, z -7.77, edge z -3.04) · fade hit 51.2% / 51.8% (roi -0.022 / -0.010, z -1.69) -> no edge
   season ATS rate|spread: n=13032 (2018-10-13..2026-04-04) follow hit 48.2% older / 49.1% newer (fair 50.0%, roi -0.079 / -0.062, z -8.4, edge z -3.09) · fade hit 51.8% / 50.9% (roi -0.011 / -0.026, z -2.23) -> no edge
   team ATS streak 3+|spread: n=16471 (2018-09-16..2026-09-27) follow hit 49.2% older / 49.4% newer (fair 50.0%, roi -0.061 / -0.055, z -7.77, edge z -1.79) · fade hit 50.8% / 50.6% (roi -0.029 / -0.034, z -4.21) -> no edge
   team ATS streak 5+|spread: n=4204 (2018-10-06..2026-06-09) follow hit 48.4% older / 48.2% newer (fair 50.0%, roi -0.075 / -0.077, z -5.17, edge z -2.14) · fade hit 51.6% / 51.8% (roi -0.015 / -0.011, z -0.87) -> no edge
✅ the explorer: NEW angles: 28s · proven: {"proven": []}
THE TENNIS EDGE STUDY: 64658 priced matches 2012-01-01 -> 2026-08-03 (older half < 2018-05-27 <= newer half) in 23.7s
   softest segments (a bias learned on the older half that still helps on the newer, mnats/match): WTA rank x10+ +1.15, WTA slam +0.91, WTA round sf+ +0.89, ATP indoor +0.78
   ATP: log loss pin 0.5752 / b365 0.5759 / avg 0.576 · margin pin 0.0253 b365 0.0605
   WTA: log loss pin 0.5903 / b365 0.5912 / avg 0.5908 · margin pin 0.0266 b365 0.0619
   line shop b365 >2% over pinnacle fair: n=4674 roi -0.066 / -0.032 (expected +0.063) edge z=2.68 · beats fair in 14% of matches
   line shop avg >2% over pinnacle fair: n=928 roi -0.164 / -0.045 (expected +0.067) edge z=-0.25 · beats fair in 4% of matches
   line shop max >2% over pinnacle fair: n=30043 roi +0.016 / +0.023 (expected +0.069) edge z=2.42 · beats fair in 73% of matches
   model vs market, newer half: pinnacle 0.597 · elo 0.6295 · model 0.6262 · blend 0.5969 (+0.100 mnats, z 1.07)
   bovada: 191 closing lines, margin 0.0453, 0 matched to pinnacle, 115 graded
   names -> ESPN ids: 0.8856 of 1556 names since ESPN's history (by tour {'atp': 0.9195, 'wta': 0.8534}), 0.9386 of match sides · birth dates for 0.9385 of sides (2807 bios on file)
   life atoms (122 read-outs at pinnacle): wta|pin|yvv:vet n=1818 roi +0.020 / -0.095 z 1.53 / -1.45, wta|pin|age:teen n=4296 roi +0.006 / +0.007 z 1.07 / 1.99, wta|pin|tvv:vet n=483 roi +0.046 / -0.126 z 0.51 / -1.2, atp|pin|age:teen n=2324 roi +0.015 / +0.006 z 0.28 / 1.94
   registry: tested 3344 new angles (69906 ever) · new suspects 14 · promoted 0 · killed 14 · luck would give ~16.26 suspects / 0.37 proven ever
   fixed tests: 543 this run, 1 pass the bar (luck ~0.252)
   NEW SUSPECT wta|avg|age:vet&f2:high&ret:recent: older half n=292 roi +0.064 edge z=3.98 | newer half n=286 roi -0.113 edge z=-0.87
   NEW SUSPECT wta|b365|age:vet&f2:high&ret:recent: older half n=291 roi +0.059 edge z=3.73 | newer half n=286 roi -0.115 edge z=-0.9
   NEW SUSPECT wta|pin|age:vet&f2:high&ret:recent: older half n=292 roi +0.091 edge z=3.61 | newer half n=286 roi -0.096 edge z=-1.08
   NEW SUSPECT wta|avg|age:vet&fav&ssn:mid: older half n=654 roi +0.024 edge z=3.55 | newer half n=1040 roi -0.076 edge z=-1.06
   NEW SUSPECT wta|avg|age:vet&g365:under&p:65-80: older half n=551 roi +0.030 edge z=3.62 | newer half n=894 roi -0.028 edge z=1.17
   NEW SUSPECT atp|pin|age:vet&form:cold&ssn:mid: older half n=502 roi +0.120 edge z=3.51 | newer half n=815 roi -0.144 edge z=-2.43
   NEW SUSPECT wta|avg|age:vet&gavg:under&p:65-80: older half n=557 roi +0.029 edge z=3.6 | newer half n=913 roi -0.026 edge z=1.28
   NEW SUSPECT wta|avg|age:vet&last:dist&ret:recent: older half n=194 roi +0.130 edge z=3.51 | newer half n=260 roi -0.147 edge z=-0.42
   NEW SUSPECT wta|avg|age:vet&lgames:long&ret:recent: older half n=179 roi +0.148 edge z=3.76 | newer half n=257 roi -0.102 edge z=-0.09
   NEW SUSPECT wta|avg|age:vet&lgames:long&rk:11-30: older half n=191 roi +0.186 edge z=3.78 | newer half n=239 roi -0.055 edge z=0.68
   NEW SUSPECT wta|b365|age:vet&lgames:long&ret:recent: older half n=179 roi +0.144 edge z=3.71 | newer half n=257 roi -0.100 edge z=-0.07
   NEW SUSPECT wta|b365|age:vet&lgames:long&rk:11-30: older half n=191 roi +0.184 edge z=3.77 | newer half n=239 roi -0.057 edge z=0.7
   NEW SUSPECT wta|pin|age:vet&lgames:long&ret:recent: older half n=179 roi +0.212 edge z=3.75 | newer half n=257 roi -0.071 edge z=-0.07
   NEW SUSPECT wta|pin|age:vet&lgames:long&rk:11-30: older half n=191 roi +0.256 edge z=3.85 | newer half n=239 roi -0.027 edge z=0.7
   KILLED wta|avg|age:vet&f2:high&ret:recent: older half n=292 roi +0.064 edge z=3.98 | newer half n=286 roi -0.113 edge z=-0.87
   KILLED wta|b365|age:vet&f2:high&ret:recent: older half n=291 roi +0.059 edge z=3.73 | newer half n=286 roi -0.115 edge z=-0.9
   KILLED wta|pin|age:vet&f2:high&ret:recent: older half n=292 roi +0.091 edge z=3.61 | newer half n=286 roi -0.096 edge z=-1.08
   KILLED wta|avg|age:vet&fav&ssn:mid: older half n=654 roi +0.024 edge z=3.55 | newer half n=1040 roi -0.076 edge z=-1.06
   KILLED wta|avg|age:vet&g365:under&p:65-80: older half n=551 roi +0.030 edge z=3.62 | newer half n=894 roi -0.028 edge z=1.17
   KILLED atp|pin|age:vet&form:cold&ssn:mid: older half n=502 roi +0.120 edge z=3.51 | newer half n=815 roi -0.144 edge z=-2.43
   KILLED wta|avg|age:vet&gavg:under&p:65-80: older half n=557 roi +0.029 edge z=3.6 | newer half n=913 roi -0.026 edge z=1.28
   KILLED wta|avg|age:vet&last:dist&ret:recent: older half n=194 roi +0.130 edge z=3.51 | newer half n=260 roi -0.147 edge z=-0.42
   KILLED wta|avg|age:vet&lgames:long&ret:recent: older half n=179 roi +0.148 edge z=3.76 | newer half n=257 roi -0.102 edge z=-0.09
   KILLED wta|avg|age:vet&lgames:long&rk:11-30: older half n=191 roi +0.186 edge z=3.78 | newer half n=239 roi -0.055 edge z=0.68
   KILLED wta|b365|age:vet&lgames:long&ret:recent: older half n=179 roi +0.144 edge z=3.71 | newer half n=257 roi -0.100 edge z=-0.07
   KILLED wta|b365|age:vet&lgames:long&rk:11-30: older half n=191 roi +0.184 edge z=3.77 | newer half n=239 roi -0.057 edge z=0.7
   KILLED wta|pin|age:vet&lgames:long&ret:recent: older half n=179 roi +0.212 edge z=3.75 | newer half n=257 roi -0.071 edge z=-0.07
   KILLED wta|pin|age:vet&lgames:long&rk:11-30: older half n=191 roi +0.256 edge z=3.85 | newer half n=239 roi -0.027 edge z=0.7
   PASSES price 90-100% wta at max: n=1231 roi +0.012 / +0.029 z=3.87 (NOT a gettable price)
   closest angle: wta|pin|age:vet&last:dist&ret:recent n=454 roi +0.191 / -0.121 z older 3.48 all 1.87
   closest angle: wta|b365|age:vet&last:dist&ret:recent n=454 roi +0.125 / -0.146 z older 3.45 all 1.85
   closest angle: wta|avg|age:vet&fs:high&lgames:long n=407 roi +0.142 / +0.000 z older 3.43 all 2.77
   closest fixed: line shop b365 all fav gap>0% n=2020 roi +0.044 / +0.008 z=4.48
   closest fixed: line shop b365 atp fav gap>0% n=970 roi +0.067 / +0.007 z=3.45
   closest fixed: line shop b365 wta fav gap>0% n=1050 roi +0.026 / +0.010 z=2.9
   PROVEN: ['wta|avg|age:vet&agegap:+8&p:65-80', 'wta|pin|age:vet&agegap:+8&p:65-80']
✅ tennis edge: 24s · proven: {"proven": ["wta|avg|age:vet&agegap:+8&p:65-80", "wta|pin|age:vet&agegap:+8&p:65-80"]}
first set ATP: 32132 matches, implied log loss 0.62855 (match chance as set-1 chance 0.63577, coin 0.69315)
  crew overperformance: closest >= 0.05: n 19692, hit 0.5266 vs implied 0.5218, z 1.41 (vs recalibrated 0.73), ROI -0.0502 (older -0.0615, newer -0.0399) - z 1.41 < 3.5; older ROI -0.0615 <= 0; newer ROI -0.0399 <= 0
  crew raw_rate: closest >= 0.10: n 15498, hit 0.6247 vs implied 0.608, z 4.4 (vs recalibrated 1.16), ROI -0.0269 (older -0.0388, newer -0.016) - older ROI -0.0388 <= 0; newer ROI -0.016 <= 0
first set WTA: 32523 matches, implied log loss 0.62585 (match chance as set-1 chance 0.62643, coin 0.69315)
  crew overperformance: closest >= 0.15: n 8372, hit 0.5631 vs implied 0.549, z 2.69 (vs recalibrated 1.03), ROI -0.0357 (older -0.0422, newer -0.0286) - z 2.69 < 3.5; older ROI -0.0422 <= 0; newer ROI -0.0286 <= 0
  crew raw_rate: closest >= 0.20: n 8256, hit 0.6662 vs implied 0.638, z 5.49 (vs recalibrated 0.74), ROI -0.0109 (older -0.0057, newer -0.0164) - older ROI -0.0057 <= 0; newer ROI -0.0164 <= 0
first set real Bovada lines: 0 captured, 0 matched (test runs at 300) · 3.0s
✅ tennis first set: 3s · proven: {"proven": []}
HEAVY TENNIS FAVORITES (research only): 64658 priced matches 2012-01-01 -> 2026-01-14, split 2018-05-27, 53807 rated
 ATP pin straights [all]
    -101..-150: n  7563 win 0.541 fair 0.547 roi -0.035 z_edge -1.02 | old n 3291 roi -0.035 | new n 4272 roi -0.036
    -151..-200: n  6518 win 0.604 fair 0.619 roi -0.048 z_edge -2.43 | old n 2813 roi -0.043 | new n 3705 roi -0.052
    -201..-300: n  6514 win 0.698 fair 0.691 roi -0.014 z_edge +1.31 | old n 3112 roi -0.020 | new n 3402 roi -0.009
    -301..-500: n  5611 win 0.784 fair 0.771 roi -0.007 z_edge +2.42 | old n 2841 roi +0.006 | new n 2770 roi -0.020
         -500+: n  5778 win 0.896 fair 0.884 roi -0.009 z_edge +3.26 | old n 3246 roi -0.009 | new n 2532 roi -0.009
 ATP pin straights [blend+2%]
    -101..-150: n   116 win 0.560 fair 0.552 roi -0.012 z_edge +0.19 | old n 69 roi +0.043 | new n 47 roi -0.092
    -151..-200: n   207 win 0.551 fair 0.620 roi -0.134 z_edge -1.99 | old n 129 roi -0.072 | new n 78 roi -0.235
    -201..-300: n   233 win 0.717 fair 0.691 roi +0.011 z_edge +0.87 | old n 161 roi +0.017 | new n 72 roi -0.001
    -301..-500: n   173 win 0.775 fair 0.771 roi -0.021 z_edge +0.10 | old n 132 roi -0.014 | new n 41 roi -0.043
         -500+: n    35 win 0.914 fair 0.841 roi +0.060 z_edge +1.51 | old n 30 roi +0.083 | new n 5 roi -0.074
 ATP pin straights [model+2%]
    -101..-150: n  2343 win 0.527 fair 0.545 roi -0.055 z_edge -1.74 | old n 975 roi -0.042 | new n 1368 roi -0.065
    -151..-200: n  1544 win 0.589 fair 0.617 roi -0.068 z_edge -2.19 | old n 591 roi -0.076 | new n 953 roi -0.064
    -201..-300: n  1220 win 0.686 fair 0.689 roi -0.027 z_edge -0.20 | old n 461 roi -0.022 | new n 759 roi -0.030
    -301..-500: n   696 win 0.783 fair 0.768 roi -0.004 z_edge +0.99 | old n 274 roi +0.010 | new n 422 roi -0.014
         -500+: n   345 win 0.870 fair 0.868 roi -0.022 z_edge +0.10 | old n 126 roi +0.003 | new n 219 roi -0.037
 ATP b365 straights [all]
    -101..-150: n  4071 win 0.529 fair 0.539 roi -0.078 z_edge -1.38 | old n 1278 roi -0.087 | new n 2793 roi -0.074
    -151..-200: n  8140 win 0.585 fair 0.599 roi -0.082 z_edge -2.43 | old n 3777 roi -0.089 | new n 4363 roi -0.076
    -201..-300: n  5979 win 0.676 fair 0.671 roi -0.052 z_edge +0.88 | old n 2913 roi -0.066 | new n 3066 roi -0.040
    -301..-500: n  6606 win 0.761 fair 0.748 roi -0.038 z_edge +2.53 | old n 3213 roi -0.038 | new n 3393 roi -0.037
         -500+: n  6547 win 0.885 fair 0.864 roi -0.027 z_edge +5.31 | old n 3868 roi -0.030 | new n 2679 roi -0.023
 ATP b365 straights [blend+2%]
    -101..-150: n   649 win 0.508 fair 0.539 roi -0.113 z_edge -1.56 | old n 189 roi -0.091 | new n 460 roi -0.122
    -151..-200: n  1317 win 0.616 fair 0.598 roi -0.033 z_edge +1.30 | old n 569 roi -0.066 | new n 748 roi -0.007
    -201..-300: n  1263 win 0.710 fair 0.671 roi -0.005 z_edge +3.07 | old n 649 roi -0.000 | new n 614 roi -0.011
    -301..-500: n  1607 win 0.779 fair 0.751 roi -0.020 z_edge +2.69 | old n 785 roi -0.021 | new n 822 roi -0.019
         -500+: n  1659 win 0.882 fair 0.850 roi -0.017 z_edge +4.13 | old n 895 roi -0.021 | new n 764 roi -0.012
 ATP b365 straights [model+2%]
    -101..-150: n  1242 win 0.510 fair 0.538 roi -0.108 z_edge -2.01 | old n 385 roi -0.108 | new n 857 roi -0.108
    -151..-200: n  2075 win 0.571 fair 0.598 roi -0.103 z_edge -2.46 | old n 865 roi -0.139 | new n 1210 roi -0.077
    -201..-300: n  1161 win 0.677 fair 0.670 roi -0.050 z_edge +0.49 | old n 468 roi -0.041 | new n 693 roi -0.056
    -301..-500: n  1028 win 0.743 fair 0.746 roi -0.057 z_edge -0.18 | old n 404 roi -0.071 | new n 624 roi -0.048
         -500+: n   573 win 0.843 fair 0.850 roi -0.061 z_edge -0.48 | old n 229 roi -0.058 | new n 344 roi -0.063
 WTA pin straights [all]
    -101..-150: n  8256 win 0.534 fair 0.545 roi -0.047 z_edge -2.12 | old n 3924 roi -0.047 | new n 4332 roi -0.046
    -151..-200: n  6885 win 0.617 fair 0.618 roi -0.027 z_edge -0.15 | old n 3194 roi -0.029 | new n 3691 roi -0.025
    -201..-300: n  6803 win 0.694 fair 0.690 roi -0.020 z_edge +0.77 | old n 3338 roi -0.022 | new n 3465 roi -0.018
    -301..-500: n  5806 win 0.772 fair 0.769 roi -0.023 z_edge +0.48 | old n 2800 roi -0.024 | new n 3006 roi -0.022
         -500+: n  4649 win 0.892 fair 0.873 roi -0.005 z_edge +4.20 | old n 2399 roi -0.010 | new n 2250 roi +0.001
 WTA pin straights [blend+2%]
    -101..-150: n   156 win 0.545 fair 0.551 roi -0.033 z_edge -0.15 | old n 79 roi -0.176 | new n 77 roi +0.113
    -151..-200: n   219 win 0.676 fair 0.617 roi +0.066 z_edge +1.87 | old n 122 roi +0.049 | new n 97 roi +0.089
    -201..-300: n   271 win 0.727 fair 0.690 roi +0.028 z_edge +1.37 | old n 194 roi -0.005 | new n 77 roi +0.109
    -301..-500: n   209 win 0.794 fair 0.763 roi +0.013 z_edge +1.11 | old n 128 roi +0.033 | new n 81 roi -0.020
         -500+: n    36 win 0.861 fair 0.831 roi +0.010 z_edge +0.52 | old n 25 roi -0.018 | new n 11 roi +0.073
 WTA pin straights [model+2%]
    -101..-150: n  2537 win 0.527 fair 0.544 roi -0.057 z_edge -1.73 | old n 1079 roi -0.079 | new n 1458 roi -0.041
    -151..-200: n  1628 win 0.591 fair 0.617 roi -0.068 z_edge -2.16 | old n 601 roi -0.042 | new n 1027 roi -0.084
    -201..-300: n  1219 win 0.699 fair 0.688 roi -0.010 z_edge +0.85 | old n 449 roi -0.018 | new n 770 roi -0.005
    -301..-500: n   737 win 0.786 fair 0.765 roi -0.001 z_edge +1.35 | old n 241 roi +0.031 | new n 496 roi -0.017
         -500+: n   246 win 0.911 fair 0.854 roi +0.039 z_edge +3.13 | old n 91 roi -0.002 | new n 155 roi +0.064
 WTA b365 straights [all]
    -101..-150: n  4354 win 0.519 fair 0.539 roi -0.094 z_edge -2.61 | old n 1541 roi -0.097 | new n 2813 roi -0.093
    -151..-200: n  8799 win 0.594 fair 0.598 roi -0.068 z_edge -0.85 | old n 4404 roi -0.084 | new n 4395 roi -0.052
    -201..-300: n  6169 win 0.676 fair 0.671 roi -0.053 z_edge +0.82 | old n 3041 roi -0.056 | new n 3128 roi -0.051
    -301..-500: n  6726 win 0.754 fair 0.748 roi -0.048 z_edge +1.13 | old n 3280 roi -0.061 | new n 3446 roi -0.035
         -500+: n  5470 win 0.878 fair 0.854 roi -0.026 z_edge +5.44 | old n 2984 roi -0.035 | new n 2486 roi -0.016
 WTA b365 straights [blend+2%]
    -101..-150: n   715 win 0.568 fair 0.539 roi -0.009 z_edge +1.53 | old n 249 roi -0.102 | new n 466 roi +0.041
    -151..-200: n  1601 win 0.621 fair 0.600 roi -0.028 z_edge +1.73 | old n 781 roi -0.064 | new n 820 roi +0.006
    -201..-300: n  1404 win 0.702 fair 0.670 roi -0.017 z_edge +2.54 | old n 755 roi -0.006 | new n 649 roi -0.029
    -301..-500: n  1586 win 0.772 fair 0.750 roi -0.027 z_edge +2.19 | old n 811 roi -0.048 | new n 775 roi -0.005
         -500+: n  1393 win 0.877 fair 0.846 roi -0.020 z_edge +3.60 | old n 749 roi -0.020 | new n 644 roi -0.019
 WTA b365 straights [model+2%]
    -101..-150: n  1375 win 0.520 fair 0.539 roi -0.093 z_edge -1.42 | old n 438 roi -0.127 | new n 937 roi -0.077
    -151..-200: n  2181 win 0.577 fair 0.598 roi -0.093 z_edge -1.92 | old n 888 roi -0.096 | new n 1293 roi -0.090
    -201..-300: n  1229 win 0.679 fair 0.670 roi -0.047 z_edge +0.68 | old n 472 roi -0.037 | new n 757 roi -0.054
    -301..-500: n  1018 win 0.746 fair 0.745 roi -0.054 z_edge +0.03 | old n 354 roi -0.071 | new n 664 roi -0.045
         -500+: n   429 win 0.897 fair 0.840 roi +0.011 z_edge +3.94 | old n 171 roi -0.024 | new n 258 roi +0.034
 ATP pin parlay cap -150 [all]: 1224 tickets, hit 0.166 (fair 0.171), avg +444, roi -0.111 z -1.94 | old 529 -0.073 | new 695 -0.141
 ATP pin parlay cap -200 [all]: 2097 tickets, hit 0.211 (fair 0.222), avg +325, roi -0.114 z -3.02 | old 946 -0.141 | new 1151 -0.092
 ATP pin parlay cap -300 [all]: 2501 tickets, hit 0.304 (fair 0.295), avg +225, roi -0.049 z -1.66 | old 1164 -0.055 | new 1337 -0.043
 ATP pin parlay cap -200 [blend+2%]: 6 tickets, hit 0.000 (fair 0.211), avg +341, roi -1.000 z +0.00 | old 3 -1.000 | new 3 -1.000
 ATP pin parlay cap -300 [blend+2%]: 18 tickets, hit 0.167 (fair 0.260), avg +265, roi -0.481 z -1.70 | old 8 -0.202 | new 10 -0.705
 ATP pin parlay cap -150 [model+2%]: 187 tickets, hit 0.150 (fair 0.163), avg +472, roi -0.157 z -1.06 | old 70 -0.378 | new 117 -0.025
 ATP pin parlay cap -200 [model+2%]: 507 tickets, hit 0.175 (fair 0.199), avg +373, roi -0.186 z -2.35 | old 185 -0.318 | new 322 -0.111
 ATP pin parlay cap -300 [model+2%]: 765 tickets, hit 0.224 (fair 0.236), avg +308, roi -0.128 z -2.13 | old 296 -0.149 | new 469 -0.115
 ATP b365 parlay cap -150 [all]: 498 tickets, hit 0.112 (fair 0.162), avg +418, roi -0.422 z -5.79 | old 105 -0.495 | new 393 -0.403
 ATP b365 parlay cap -200 [all]: 1909 tickets, hit 0.195 (fair 0.213), avg +294, roi -0.239 z -6.72 | old 818 -0.301 | new 1091 -0.193
 ATP b365 parlay cap -300 [all]: 2394 tickets, hit 0.273 (fair 0.271), avg +216, roi -0.176 z -6.31 | old 1103 -0.221 | new 1291 -0.137
 ATP b365 parlay cap -150 [blend+2%]: 9 tickets, hit 0.222 (fair 0.166), avg +413, roi +0.128 z +0.17 | old 1 +4.325 | new 8 -0.397
 ATP b365 parlay cap -200 [blend+2%]: 141 tickets, hit 0.270 (fair 0.197), avg +329, roi +0.133 z +0.83 | old 35 +0.169 | new 106 +0.121
 ATP b365 parlay cap -300 [blend+2%]: 346 tickets, hit 0.303 (fair 0.242), avg +252, roi +0.034 z +0.39 | old 141 +0.030 | new 205 +0.037
 ATP b365 parlay cap -150 [model+2%]: 49 tickets, hit 0.102 (fair 0.159), avg +430, roi -0.467 z -2.04 | old 4 +0.331 | new 45 -0.538
 ATP b365 parlay cap -200 [model+2%]: 390 tickets, hit 0.197 (fair 0.198), avg +324, roi -0.192 z -2.32 | old 127 -0.262 | new 263 -0.159
 ATP b365 parlay cap -300 [model+2%]: 631 tickets, hit 0.224 (fair 0.230), avg +271, roi -0.206 z -3.45 | old 218 -0.242 | new 413 -0.187
 WTA pin parlay cap -150 [all]: 1308 tickets, hit 0.161 (fair 0.170), avg +445, roi -0.126 z -2.28 | old 602 -0.151 | new 706 -0.105
 WTA pin parlay cap -200 [all]: 2270 tickets, hit 0.207 (fair 0.220), avg +328, roi -0.134 z -3.71 | old 1043 -0.135 | new 1227 -0.133
 WTA pin parlay cap -300 [all]: 2680 tickets, hit 0.289 (fair 0.291), avg +230, roi -0.087 z -3.08 | old 1260 -0.082 | new 1420 -0.092
 WTA pin parlay cap -200 [blend+2%]: 5 tickets, hit 0.600 (fair 0.201), avg +362, roi +1.674 z +1.51 | old 2 -1.000 | new 3 +3.457
 WTA pin parlay cap -300 [blend+2%]: 13 tickets, hit 0.538 (fair 0.237), avg +295, roi +1.124 z +1.94 | old 5 +0.394 | new 8 +1.580
 WTA pin parlay cap -150 [model+2%]: 205 tickets, hit 0.112 (fair 0.163), avg +468, roi -0.367 z -2.94 | old 86 -0.412 | new 119 -0.335
 WTA pin parlay cap -200 [model+2%]: 543 tickets, hit 0.160 (fair 0.197), avg +377, roi -0.236 z -3.11 | old 205 -0.242 | new 338 -0.232
 WTA pin parlay cap -300 [model+2%]: 804 tickets, hit 0.224 (fair 0.238), avg +305, roi -0.148 z -2.57 | old 301 -0.045 | new 503 -0.210
 WTA b365 parlay cap -150 [all]: 542 tickets, hit 0.120 (fair 0.161), avg +419, roi -0.376 z -5.16 | old 151 -0.519 | new 391 -0.321
 WTA b365 parlay cap -200 [all]: 2061 tickets, hit 0.190 (fair 0.213), avg +295, roi -0.259 z -7.66 | old 935 -0.269 | new 1126 -0.251
 WTA b365 parlay cap -300 [all]: 2541 tickets, hit 0.269 (fair 0.270), avg +217, roi -0.171 z -6.20 | old 1181 -0.192 | new 1360 -0.152
 WTA b365 parlay cap -150 [blend+2%]: 7 tickets, hit 0.143 (fair 0.157), avg +435, roi -0.204 z -0.26 | old 2 -1.000 | new 5 +0.115
 WTA b365 parlay cap -200 [blend+2%]: 170 tickets, hit 0.212 (fair 0.201), avg +315, roi -0.128 z -0.98 | old 75 -0.231 | new 95 -0.045
 WTA b365 parlay cap -300 [blend+2%]: 437 tickets, hit 0.277 (fair 0.241), avg +251, roi -0.056 z -0.75 | old 208 -0.082 | new 229 -0.031
 WTA b365 parlay cap -150 [model+2%]: 65 tickets, hit 0.077 (fair 0.160), avg +427, roi -0.586 z -3.26 | old 9 -1.000 | new 56 -0.519
 WTA b365 parlay cap -200 [model+2%]: 389 tickets, hit 0.162 (fair 0.198), avg +326, roi -0.306 z -3.79 | old 128 -0.361 | new 261 -0.279
 WTA b365 parlay cap -300 [model+2%]: 666 tickets, hit 0.219 (fair 0.233), avg +267, roi -0.233 z -4.06 | old 238 -0.318 | new 428 -0.185
 tests at n300+: 266 straight, 28 parlay; expected by luck 0.062 + 0.751
 passed the bar: ['atp|b365|blend+2%|parlay -300'] · proven (not luck-sized): none
 VERDICT: NOT LUCRATIVE (a pass that looks like luck). atp|b365|blend+2%|parlay -300 (n 346, roi +0.034, profit z +0.39) clears the bar, but its profit z is under 2 and 0.81 passes were expected by luck alone. Nothing to act on. Research only.
✅ tennis heavy favorites: 10s · proven: {"proven": []}
study run done in 331s: 20/20 studies ok
✅ underdogs + favorites: 2s · proven: {"nfl": [], "nfl price check": false, "ncaaf": [], "ncaaf price check": false, "nba": [], "nba price check": false, "ncaab": [], "ncaab price check": true, "mlb": [], "mlb price check": false, "nhl": [], "nhl price check": true}
✅ over/unders: 8s · proven: {"nfl": true, "ncaaf": false, "nba": false, "ncaab": true, "mlb": false, "nhl": false}
✅ hockey: 12s · proven: null
✅ spread vs moneyline: 8s · proven: {"nfl": true, "ncaaf": false, "nba": false, "ncaab": false}
✅ puck lines / run lines: 4s · proven: null
✅ halves / first period: 1s · proven: null
✅ comebacks: 143s · proven: null
✅ trends: 7s · proven: {"proven": ["ncaab|rate|fav_cover", "ncaaf|rate|total"]}
✅ rigged / fade the public: 0s · proven: {"proven": []}
✅ self-check on our picks: 0s · proven: null
✅ situational spots: 12s · proven: {"nfl": [], "ncaaf": [], "nba": [], "ncaab": [], "mlb": [], "nhl": []}
✅ line movement + CLV: 2s · proven: {"proven": []}
✅ our engine vs the move (can it beat the pros?): 4s · proven: {"proven": []}
✅ the engine's strengths, sport by sport: 4s · proven: {"proven": ["ncaaf", "nba"]}
THE CONTEXT STUDY: 586 tests with 300+ bets; bar z >= 3.5 + profit in both halves. Luck alone: ~0.136 false positives expected (fake no-edge results passed 0.0 on average); refs: officials.json loaded
nfl: 2762 games · proven - · confirmed - · killed -
   ref_home-|spread|dog         n=   440 roi old +0.016 new +0.101 edge +0.0529 z=+1.29
   any:out_dome|total|over      n=   461 roi old +0.057 new +0.025 edge +0.0444 z=+0.93
   div|spread|dog               n=   776 roi old +0.026 new +0.034 edge +0.0378 z=+0.86
   out_dome|ml|team             n=   449 roi old +0.121 new -0.031 edge +0.0396 z=+0.75
   any:dome_out|total|under     n=   456 roi old +0.014 new +0.040 edge +0.0374 z=+0.61
   rival|spread|home            n=   332 roi old +0.051 new -0.007 edge +0.0338 z=+0.42
ncaaf: 9616 games · proven - · confirmed - · killed -
   any:east1000|total|under     n=   462 roi old +0.059 new +0.098 edge +0.0650 z=+1.78
   rival|total|under            n=   304 roi old +0.079 new +0.064 edge +0.0624 z=+1.32
   rival|spread|road            n=   302 roi old +0.011 new +0.124 edge +0.0593 z=+1.24
   west1000|ml|fade             n=   445 roi old -0.030 new +0.112 edge +0.0312 z=+0.66
   trip1000|ml|fade             n=   892 roi old -0.022 new +0.065 edge +0.0170 z=+0.49
   east1000|ml|team             n=   457 roi old +0.171 new -0.120 edge -0.0027 z=+0.28
nba: 12852 games · proven - · confirmed - · killed -
   any:rest|total|over          n=   328 roi old +0.140 new +0.105 edge +0.0881 z=+2.36
   ref_under|ml|road            n=   403 roi old +0.116 new +0.234 edge +0.0761 z=+2.29
   any:tank|total|over          n=   584 roi old +0.006 new +0.124 edge +0.0581 z=+1.66
   any:elim|total|over          n=   664 roi old -0.017 new +0.110 edge +0.0481 z=+1.26
   ref_under|ml|dog             n=   400 roi old +0.064 new +0.127 edge +0.0431 z=+1.13
   tank|spread|fade             n=   527 roi old +0.032 new +0.050 edge +0.0445 z=+0.99
ncaab: 58494 games · proven - · confirmed - · killed -
   ref_under|total|under        n=  2506 roi old +0.032 new +0.064 edge +0.0488 z=+2.54
   ref_over|total|over          n=  1492 roi old +0.065 new +0.022 edge +0.0467 z=+1.77
   road3in6|spread|team         n=   481 roi old +0.019 new +0.048 edge +0.0411 z=+0.76
   rival|spread|home            n=   368 roi old +0.130 new -0.055 edge +0.0435 z=+0.76
   rival|total|under            n=   371 roi old +0.084 new -0.042 edge +0.0342 z=+0.41
   rival|ml|home                n=   374 roi old +0.054 new -0.025 edge +0.0330 z=+0.30
mlb: 23238 games · proven - · confirmed - · killed -
   east1000|ml|team             n=  1398 roi old +0.041 new -0.008 edge +0.0247 z=+0.60
   trip2000|ml|fade             n=   658 roi old +0.089 new -0.043 edge +0.0265 z=+0.58
   nonconf|ml|road              n=  4275 roi old +0.039 new -0.032 edge +0.0179 z=+0.20
   any:west1000|total|over      n=  1437 roi old -0.022 new +0.030 edge +0.0247 z=+0.15
   trip1000|ml|team             n=  2470 roi old -0.001 new +0.002 edge +0.0167 z=+0.03
   ref_under|total|under        n=  3079 roi old +0.001 new -0.003 edge +0.0217 z=-0.06
nhl: 13208 games · proven - · confirmed - · killed -
   ref_home+|ml|road            n=   489 roi old +0.045 new +0.001 edge +0.0281 z=+0.45
   race|ml|team                 n=  1320 roi old +0.025 new -0.022 edge +0.0237 z=+0.04
   ref_home-|total|under        n=   589 roi old +0.035 new -0.037 edge +0.0231 z=-0.03
   mustwin|ml|team              n=  1228 roi old +0.036 new -0.040 edge +0.0226 z=-0.07
   trip2000|ml|fade             n=   526 roi old -0.017 new -0.002 edge +0.0104 z=-0.21
   any:west1000|total|over      n=  1325 roi old +0.004 new -0.018 edge +0.0204 z=-0.27
✅ context: rivalries, travel, domes, stakes, refs: 27s · proven: {"nfl": [], "ncaaf": [], "nba": [], "ncaab": [], "mlb": [], "nhl": []}
✅ early value plays: the early-price exam: 39s · proven: {"proven": ["mlb +8..12 (+100..+149 dogs)"]}
THE EXPLORER: tested 6003 NEW angles (135915 ever) in 30.0s
   new suspects: 0 (luck alone would give ~1.4) · promoted to PROVEN: 0 · killed: 0 · proven demoted: 0
   now watching 0 suspects · 0 proven · 0 killed
   TEAM TRENDS pooled across sports (all games so far; 'follow' = ride the trend, 'fade' = bet against it; the bar: 300+ bets, profit in both halves, z 3.5+):
   1st-quarter form|ml: n=23934 (2018-04-07..2026-09-27) follow hit 62.2% older / 62.9% newer (fair 61.3%, roi -0.024 / -0.026, z -4.07, edge z 4.42) · fade hit 37.8% / 37.1% (roi -0.095 / -0.146, z -12.25) -> no edge
   1st-quarter form|p1ml: n=14233 (2018-09-09..2026-09-27) follow hit 60.6% older / 61.4% newer (fair 59.7%, roi -0.031 / -0.036, z -4.63, edge z 3.32) · fade hit 39.4% / 38.6% (roi -0.083 / -0.117, z -9.09) -> no edge
   1st-quarter form|p1spread: n=14641 (2018-09-09..2026-09-27) follow hit 50.4% older / 50.0% newer (fair 50.0%, roi -0.043 / -0.060, z -6.6, edge z 0.49) · fade hit 49.5% / 50.0% (roi -0.060 / -0.059, z -7.58) -> no edge
   1st-quarter form|spread: n=21353 (2018-10-20..2026-06-14) follow hit 49.8% older / 50.4% newer (fair 50.0%, roi -0.048 / -0.037, z -6.54, edge z 0.27) · fade hit 50.2% / 49.6% (roi -0.042 / -0.051, z -7.09) -> no edge
   O/U streak 4+|total: n=15239 (2018-04-04..2026-10-03) follow hit 49.7% older / 50.8% newer (fair 50.0%, roi -0.051 / -0.030, z -5.2, edge z 0.52) · fade hit 50.3% / 49.2% (roi -0.038 / -0.059, z -6.22) -> no edge
   division record|ml: n=2508 (2018-09-09..2026-10-02) follow hit 64.3% older / 65.3% newer (fair 62.9%, roi +0.016 / -0.017, z -0.04, edge z 2.07) · fade hit 35.6% / 34.7% (roi -0.078 / -0.095, z -2.99) -> no edge
   division record|spread: n=1413 (2018-09-09..2026-10-02) follow hit 50.6% older / 48.7% newer (fair 50.0%, roi -0.032 / -0.070, z -2.01, edge z -0.3) · fade hit 49.4% / 51.3% (roi -0.055 / -0.016, z -1.41) -> no edge
   prime-time record|ml: n=189 (2018-09-17..2026-09-28) follow hit 59.6% older / 62.1% newer (fair 59.9%, roi -0.080 / +0.022, z -0.45, edge z 0.28) · fade hit 40.4% / 37.9% (roi -0.116 / -0.054, z -0.89) -> no edge
   prime-time record|spread: n=187 (2018-09-17..2026-09-28) follow hit 52.7% older / 47.9% newer (fair 50.0%, roi +0.010 / -0.085, z -0.54, edge z 0.08) · fade hit 47.3% / 52.1% (roi -0.090 / -0.007, z -0.69) -> no edge
   road ATS rate|spread: n=10250 (2018-11-04..2026-10-03) follow hit 48.8% older / 48.2% newer (fair 50.0%, roi -0.068 / -0.079, z -7.77, edge z -3.04) · fade hit 51.2% / 51.8% (roi -0.022 / -0.010, z -1.69) -> no edge
   season ATS rate|spread: n=13032 (2018-10-13..2026-04-04) follow hit 48.2% older / 49.1% newer (fair 50.0%, roi -0.079 / -0.062, z -8.4, edge z -3.09) · fade hit 51.8% / 50.9% (roi -0.011 / -0.026, z -2.23) -> no edge
   team ATS streak 3+|spread: n=16472 (2018-09-16..2026-10-03) follow hit 49.2% older / 49.4% newer (fair 50.0%, roi -0.061 / -0.055, z -7.78, edge z -1.8) · fade hit 50.8% / 50.6% (roi -0.029 / -0.033, z -4.2) -> no edge
   team ATS streak 5+|spread: n=4204 (2018-10-06..2026-06-09) follow hit 48.4% older / 48.2% newer (fair 50.0%, roi -0.075 / -0.077, z -5.17, edge z -2.14) · fade hit 51.6% / 51.8% (roi -0.015 / -0.011, z -0.87) -> no edge
✅ the explorer: NEW angles: 31s · proven: {"proven": []}
THE TENNIS EDGE STUDY: 64658 priced matches 2012-01-01 -> 2026-08-03 (older half < 2018-05-27 <= newer half) in 25.0s
   softest segments (a bias learned on the older half that still helps on the newer, mnats/match): WTA rank x10+ +1.15, WTA slam +0.91, WTA round sf+ +0.89, ATP indoor +0.78
   ATP: log loss pin 0.5752 / b365 0.5759 / avg 0.576 · margin pin 0.0253 b365 0.0605
   WTA: log loss pin 0.5903 / b365 0.5912 / avg 0.5908 · margin pin 0.0266 b365 0.0619
   line shop b365 >2% over pinnacle fair: n=4674 roi -0.066 / -0.032 (expected +0.063) edge z=2.68 · beats fair in 14% of matches
   line shop avg >2% over pinnacle fair: n=928 roi -0.164 / -0.045 (expected +0.067) edge z=-0.25 · beats fair in 4% of matches
   line shop max >2% over pinnacle fair: n=30043 roi +0.016 / +0.023 (expected +0.069) edge z=2.42 · beats fair in 73% of matches
   model vs market, newer half: pinnacle 0.597 · elo 0.6295 · model 0.6262 · blend 0.5969 (+0.100 mnats, z 1.07)
   bovada: 191 closing lines, margin 0.0453, 0 matched to pinnacle, 115 graded
   names -> ESPN ids: 0.8856 of 1556 names since ESPN's history (by tour {'atp': 0.9195, 'wta': 0.8534}), 0.9386 of match sides · birth dates for 0.9385 of sides (2808 bios on file)
   life atoms (122 read-outs at pinnacle): wta|pin|yvv:vet n=1818 roi +0.020 / -0.095 z 1.53 / -1.45, wta|pin|age:teen n=4296 roi +0.006 / +0.007 z 1.07 / 1.99, wta|pin|tvv:vet n=483 roi +0.046 / -0.126 z 0.51 / -1.2, atp|pin|age:teen n=2324 roi +0.015 / +0.006 z 0.28 / 1.94
   registry: tested 3102 new angles (73008 ever) · new suspects 4 · promoted 0 · killed 3 · luck would give ~16.98 suspects / 0.3864 proven ever
   fixed tests: 543 this run, 1 pass the bar (luck ~0.252)
   NEW SUSPECT wta|avg|age:vet&olast:straight&p:65-80: older half n=224 roi +0.078 edge z=3.83 | newer half n=343 roi -0.044 edge z=0.16
   NEW SUSPECT wta|b365|age:vet&olast:straight&p:65-80: older half n=224 roi +0.067 edge z=3.71 | newer half n=343 roi -0.048 edge z=0.04
   NEW SUSPECT wta|pin|age:vet&olast:straight&p:65-80: older half n=224 roi +0.106 edge z=3.61 | newer half n=343 roi -0.030 edge z=-0.15
   NEW SUSPECT atp|avg|age:vet&lvl:slam&p:80+: older half n=346 roi +0.007 edge z=3.72 | newer half n=336 roi +0.000 edge z=2.85
   KILLED wta|avg|age:vet&olast:straight&p:65-80: older half n=224 roi +0.078 edge z=3.83 | newer half n=343 roi -0.044 edge z=0.16
   KILLED wta|b365|age:vet&olast:straight&p:65-80: older half n=224 roi +0.067 edge z=3.71 | newer half n=343 roi -0.048 edge z=0.04
   KILLED wta|pin|age:vet&olast:straight&p:65-80: older half n=224 roi +0.106 edge z=3.61 | newer half n=343 roi -0.030 edge z=-0.15
   PASSES price 90-100% wta at max: n=1231 roi +0.012 / +0.029 z=3.87 (NOT a gettable price)
   closest angle: atp|avg|age:vet&injn:2+&olast:straight n=918 roi +0.048 / -0.111 z older 3.38 all 2.14
   closest angle: atp|pin|age:vet&injn:2+&olast:straight n=918 roi +0.108 / -0.077 z older 3.38 all 2.16
   closest angle: atp|b365|age:vet&injn:2+&olast:straight n=916 roi +0.051 / -0.108 z older 3.37 all 2.12
   closest fixed: line shop b365 all fav gap>0% n=2020 roi +0.044 / +0.008 z=4.48
   closest fixed: line shop b365 atp fav gap>0% n=970 roi +0.067 / +0.007 z=3.45
   closest fixed: line shop b365 wta fav gap>0% n=1050 roi +0.026 / +0.010 z=2.9
   PROVEN: ['wta|avg|age:vet&agegap:+8&p:65-80', 'wta|pin|age:vet&agegap:+8&p:65-80']
✅ tennis edge: 25s · proven: {"proven": ["wta|avg|age:vet&agegap:+8&p:65-80", "wta|pin|age:vet&agegap:+8&p:65-80"]}
first set ATP: 32132 matches, implied log loss 0.62855 (match chance as set-1 chance 0.63577, coin 0.69315)
  crew overperformance: closest >= 0.05: n 19692, hit 0.5266 vs implied 0.5218, z 1.41 (vs recalibrated 0.73), ROI -0.0502 (older -0.0615, newer -0.0399) - z 1.41 < 3.5; older ROI -0.0615 <= 0; newer ROI -0.0399 <= 0
  crew raw_rate: closest >= 0.10: n 15498, hit 0.6247 vs implied 0.608, z 4.4 (vs recalibrated 1.16), ROI -0.0269 (older -0.0388, newer -0.016) - older ROI -0.0388 <= 0; newer ROI -0.016 <= 0
first set WTA: 32523 matches, implied log loss 0.62585 (match chance as set-1 chance 0.62643, coin 0.69315)
  crew overperformance: closest >= 0.15: n 8372, hit 0.5631 vs implied 0.549, z 2.69 (vs recalibrated 1.03), ROI -0.0357 (older -0.0422, newer -0.0286) - z 2.69 < 3.5; older ROI -0.0422 <= 0; newer ROI -0.0286 <= 0
  crew raw_rate: closest >= 0.20: n 8256, hit 0.6662 vs implied 0.638, z 5.49 (vs recalibrated 0.74), ROI -0.0109 (older -0.0057, newer -0.0164) - older ROI -0.0057 <= 0; newer ROI -0.0164 <= 0
first set real Bovada lines: 0 captured, 0 matched (test runs at 300) · 3.2s
✅ tennis first set: 3s · proven: {"proven": []}
HEAVY TENNIS FAVORITES (research only): 64658 priced matches 2012-01-01 -> 2026-01-14, split 2018-05-27, 53807 rated
 ATP pin straights [all]
    -101..-150: n  7563 win 0.541 fair 0.547 roi -0.035 z_edge -1.02 | old n 3291 roi -0.035 | new n 4272 roi -0.036
    -151..-200: n  6518 win 0.604 fair 0.619 roi -0.048 z_edge -2.43 | old n 2813 roi -0.043 | new n 3705 roi -0.052
    -201..-300: n  6514 win 0.698 fair 0.691 roi -0.014 z_edge +1.31 | old n 3112 roi -0.020 | new n 3402 roi -0.009
    -301..-500: n  5611 win 0.784 fair 0.771 roi -0.007 z_edge +2.42 | old n 2841 roi +0.006 | new n 2770 roi -0.020
         -500+: n  5778 win 0.896 fair 0.884 roi -0.009 z_edge +3.26 | old n 3246 roi -0.009 | new n 2532 roi -0.009
 ATP pin straights [blend+2%]
    -101..-150: n   116 win 0.560 fair 0.552 roi -0.012 z_edge +0.19 | old n 69 roi +0.043 | new n 47 roi -0.092
    -151..-200: n   207 win 0.551 fair 0.620 roi -0.134 z_edge -1.99 | old n 129 roi -0.072 | new n 78 roi -0.235
    -201..-300: n   233 win 0.717 fair 0.691 roi +0.011 z_edge +0.87 | old n 161 roi +0.017 | new n 72 roi -0.001
    -301..-500: n   173 win 0.775 fair 0.771 roi -0.021 z_edge +0.10 | old n 132 roi -0.014 | new n 41 roi -0.043
         -500+: n    35 win 0.914 fair 0.841 roi +0.060 z_edge +1.51 | old n 30 roi +0.083 | new n 5 roi -0.074
 ATP pin straights [model+2%]
    -101..-150: n  2343 win 0.527 fair 0.545 roi -0.055 z_edge -1.74 | old n 975 roi -0.042 | new n 1368 roi -0.065
    -151..-200: n  1544 win 0.589 fair 0.617 roi -0.068 z_edge -2.19 | old n 591 roi -0.076 | new n 953 roi -0.064
    -201..-300: n  1220 win 0.686 fair 0.689 roi -0.027 z_edge -0.20 | old n 461 roi -0.022 | new n 759 roi -0.030
    -301..-500: n   696 win 0.783 fair 0.768 roi -0.004 z_edge +0.99 | old n 274 roi +0.010 | new n 422 roi -0.014
         -500+: n   345 win 0.870 fair 0.868 roi -0.022 z_edge +0.10 | old n 126 roi +0.003 | new n 219 roi -0.037
 ATP b365 straights [all]
    -101..-150: n  4071 win 0.529 fair 0.539 roi -0.078 z_edge -1.38 | old n 1278 roi -0.087 | new n 2793 roi -0.074
    -151..-200: n  8140 win 0.585 fair 0.599 roi -0.082 z_edge -2.43 | old n 3777 roi -0.089 | new n 4363 roi -0.076
    -201..-300: n  5979 win 0.676 fair 0.671 roi -0.052 z_edge +0.88 | old n 2913 roi -0.066 | new n 3066 roi -0.040
    -301..-500: n  6606 win 0.761 fair 0.748 roi -0.038 z_edge +2.53 | old n 3213 roi -0.038 | new n 3393 roi -0.037
         -500+: n  6547 win 0.885 fair 0.864 roi -0.027 z_edge +5.31 | old n 3868 roi -0.030 | new n 2679 roi -0.023
 ATP b365 straights [blend+2%]
    -101..-150: n   649 win 0.508 fair 0.539 roi -0.113 z_edge -1.56 | old n 189 roi -0.091 | new n 460 roi -0.122
    -151..-200: n  1317 win 0.616 fair 0.598 roi -0.033 z_edge +1.30 | old n 569 roi -0.066 | new n 748 roi -0.007
    -201..-300: n  1263 win 0.710 fair 0.671 roi -0.005 z_edge +3.07 | old n 649 roi -0.000 | new n 614 roi -0.011
    -301..-500: n  1607 win 0.779 fair 0.751 roi -0.020 z_edge +2.69 | old n 785 roi -0.021 | new n 822 roi -0.019
         -500+: n  1659 win 0.882 fair 0.850 roi -0.017 z_edge +4.13 | old n 895 roi -0.021 | new n 764 roi -0.012
 ATP b365 straights [model+2%]
    -101..-150: n  1242 win 0.510 fair 0.538 roi -0.108 z_edge -2.01 | old n 385 roi -0.108 | new n 857 roi -0.108
    -151..-200: n  2075 win 0.571 fair 0.598 roi -0.103 z_edge -2.46 | old n 865 roi -0.139 | new n 1210 roi -0.077
    -201..-300: n  1161 win 0.677 fair 0.670 roi -0.050 z_edge +0.49 | old n 468 roi -0.041 | new n 693 roi -0.056
    -301..-500: n  1028 win 0.743 fair 0.746 roi -0.057 z_edge -0.18 | old n 404 roi -0.071 | new n 624 roi -0.048
         -500+: n   573 win 0.843 fair 0.850 roi -0.061 z_edge -0.48 | old n 229 roi -0.058 | new n 344 roi -0.063
 WTA pin straights [all]
    -101..-150: n  8256 win 0.534 fair 0.545 roi -0.047 z_edge -2.12 | old n 3924 roi -0.047 | new n 4332 roi -0.046
    -151..-200: n  6885 win 0.617 fair 0.618 roi -0.027 z_edge -0.15 | old n 3194 roi -0.029 | new n 3691 roi -0.025
    -201..-300: n  6803 win 0.694 fair 0.690 roi -0.020 z_edge +0.77 | old n 3338 roi -0.022 | new n 3465 roi -0.018
    -301..-500: n  5806 win 0.772 fair 0.769 roi -0.023 z_edge +0.48 | old n 2800 roi -0.024 | new n 3006 roi -0.022
         -500+: n  4649 win 0.892 fair 0.873 roi -0.005 z_edge +4.20 | old n 2399 roi -0.010 | new n 2250 roi +0.001
 WTA pin straights [blend+2%]
    -101..-150: n   156 win 0.545 fair 0.551 roi -0.033 z_edge -0.15 | old n 79 roi -0.176 | new n 77 roi +0.113
    -151..-200: n   219 win 0.676 fair 0.617 roi +0.066 z_edge +1.87 | old n 122 roi +0.049 | new n 97 roi +0.089
    -201..-300: n   271 win 0.727 fair 0.690 roi +0.028 z_edge +1.37 | old n 194 roi -0.005 | new n 77 roi +0.109
    -301..-500: n   209 win 0.794 fair 0.763 roi +0.013 z_edge +1.11 | old n 128 roi +0.033 | new n 81 roi -0.020
         -500+: n    36 win 0.861 fair 0.831 roi +0.010 z_edge +0.52 | old n 25 roi -0.018 | new n 11 roi +0.073
 WTA pin straights [model+2%]
    -101..-150: n  2537 win 0.527 fair 0.544 roi -0.057 z_edge -1.73 | old n 1079 roi -0.079 | new n 1458 roi -0.041
    -151..-200: n  1628 win 0.591 fair 0.617 roi -0.068 z_edge -2.16 | old n 601 roi -0.042 | new n 1027 roi -0.084
    -201..-300: n  1219 win 0.699 fair 0.688 roi -0.010 z_edge +0.85 | old n 449 roi -0.018 | new n 770 roi -0.005
    -301..-500: n   737 win 0.786 fair 0.765 roi -0.001 z_edge +1.35 | old n 241 roi +0.031 | new n 496 roi -0.017
         -500+: n   246 win 0.911 fair 0.854 roi +0.039 z_edge +3.13 | old n 91 roi -0.002 | new n 155 roi +0.064
 WTA b365 straights [all]
    -101..-150: n  4354 win 0.519 fair 0.539 roi -0.094 z_edge -2.61 | old n 1541 roi -0.097 | new n 2813 roi -0.093
    -151..-200: n  8799 win 0.594 fair 0.598 roi -0.068 z_edge -0.85 | old n 4404 roi -0.084 | new n 4395 roi -0.052
    -201..-300: n  6169 win 0.676 fair 0.671 roi -0.053 z_edge +0.82 | old n 3041 roi -0.056 | new n 3128 roi -0.051
    -301..-500: n  6726 win 0.754 fair 0.748 roi -0.048 z_edge +1.13 | old n 3280 roi -0.061 | new n 3446 roi -0.035
         -500+: n  5470 win 0.878 fair 0.854 roi -0.026 z_edge +5.44 | old n 2984 roi -0.035 | new n 2486 roi -0.016
 WTA b365 straights [blend+2%]
    -101..-150: n   715 win 0.568 fair 0.539 roi -0.009 z_edge +1.53 | old n 249 roi -0.102 | new n 466 roi +0.041
    -151..-200: n  1601 win 0.621 fair 0.600 roi -0.028 z_edge +1.73 | old n 781 roi -0.064 | new n 820 roi +0.006
    -201..-300: n  1404 win 0.702 fair 0.670 roi -0.017 z_edge +2.54 | old n 755 roi -0.006 | new n 649 roi -0.029
    -301..-500: n  1586 win 0.772 fair 0.750 roi -0.027 z_edge +2.19 | old n 811 roi -0.048 | new n 775 roi -0.005
         -500+: n  1393 win 0.877 fair 0.846 roi -0.020 z_edge +3.60 | old n 749 roi -0.020 | new n 644 roi -0.019
 WTA b365 straights [model+2%]
    -101..-150: n  1375 win 0.520 fair 0.539 roi -0.093 z_edge -1.42 | old n 438 roi -0.127 | new n 937 roi -0.077
    -151..-200: n  2181 win 0.577 fair 0.598 roi -0.093 z_edge -1.92 | old n 888 roi -0.096 | new n 1293 roi -0.090
    -201..-300: n  1229 win 0.679 fair 0.670 roi -0.047 z_edge +0.68 | old n 472 roi -0.037 | new n 757 roi -0.054
    -301..-500: n  1018 win 0.746 fair 0.745 roi -0.054 z_edge +0.03 | old n 354 roi -0.071 | new n 664 roi -0.045
         -500+: n   429 win 0.897 fair 0.840 roi +0.011 z_edge +3.94 | old n 171 roi -0.024 | new n 258 roi +0.034
 ATP pin parlay cap -150 [all]: 1224 tickets, hit 0.166 (fair 0.171), avg +444, roi -0.111 z -1.94 | old 529 -0.073 | new 695 -0.141
 ATP pin parlay cap -200 [all]: 2097 tickets, hit 0.211 (fair 0.222), avg +325, roi -0.114 z -3.02 | old 946 -0.141 | new 1151 -0.092
 ATP pin parlay cap -300 [all]: 2501 tickets, hit 0.304 (fair 0.295), avg +225, roi -0.049 z -1.66 | old 1164 -0.055 | new 1337 -0.043
 ATP pin parlay cap -200 [blend+2%]: 6 tickets, hit 0.000 (fair 0.211), avg +341, roi -1.000 z +0.00 | old 3 -1.000 | new 3 -1.000
 ATP pin parlay cap -300 [blend+2%]: 18 tickets, hit 0.167 (fair 0.260), avg +265, roi -0.481 z -1.70 | old 8 -0.202 | new 10 -0.705
 ATP pin parlay cap -150 [model+2%]: 187 tickets, hit 0.150 (fair 0.163), avg +472, roi -0.157 z -1.06 | old 70 -0.378 | new 117 -0.025
 ATP pin parlay cap -200 [model+2%]: 507 tickets, hit 0.175 (fair 0.199), avg +373, roi -0.186 z -2.35 | old 185 -0.318 | new 322 -0.111
 ATP pin parlay cap -300 [model+2%]: 765 tickets, hit 0.224 (fair 0.236), avg +308, roi -0.128 z -2.13 | old 296 -0.149 | new 469 -0.115
 ATP b365 parlay cap -150 [all]: 498 tickets, hit 0.112 (fair 0.162), avg +418, roi -0.422 z -5.79 | old 105 -0.495 | new 393 -0.403
 ATP b365 parlay cap -200 [all]: 1909 tickets, hit 0.195 (fair 0.213), avg +294, roi -0.239 z -6.72 | old 818 -0.301 | new 1091 -0.193
 ATP b365 parlay cap -300 [all]: 2394 tickets, hit 0.273 (fair 0.271), avg +216, roi -0.176 z -6.31 | old 1103 -0.221 | new 1291 -0.137
 ATP b365 parlay cap -150 [blend+2%]: 9 tickets, hit 0.222 (fair 0.166), avg +413, roi +0.128 z +0.17 | old 1 +4.325 | new 8 -0.397
 ATP b365 parlay cap -200 [blend+2%]: 141 tickets, hit 0.270 (fair 0.197), avg +329, roi +0.133 z +0.83 | old 35 +0.169 | new 106 +0.121
 ATP b365 parlay cap -300 [blend+2%]: 346 tickets, hit 0.303 (fair 0.242), avg +252, roi +0.034 z +0.39 | old 141 +0.030 | new 205 +0.037
 ATP b365 parlay cap -150 [model+2%]: 49 tickets, hit 0.102 (fair 0.159), avg +430, roi -0.467 z -2.04 | old 4 +0.331 | new 45 -0.538
 ATP b365 parlay cap -200 [model+2%]: 390 tickets, hit 0.197 (fair 0.198), avg +324, roi -0.192 z -2.32 | old 127 -0.262 | new 263 -0.159
 ATP b365 parlay cap -300 [model+2%]: 631 tickets, hit 0.224 (fair 0.230), avg +271, roi -0.206 z -3.45 | old 218 -0.242 | new 413 -0.187
 WTA pin parlay cap -150 [all]: 1308 tickets, hit 0.161 (fair 0.170), avg +445, roi -0.126 z -2.28 | old 602 -0.151 | new 706 -0.105
 WTA pin parlay cap -200 [all]: 2270 tickets, hit 0.207 (fair 0.220), avg +328, roi -0.134 z -3.71 | old 1043 -0.135 | new 1227 -0.133
 WTA pin parlay cap -300 [all]: 2680 tickets, hit 0.289 (fair 0.291), avg +230, roi -0.087 z -3.08 | old 1260 -0.082 | new 1420 -0.092
 WTA pin parlay cap -200 [blend+2%]: 5 tickets, hit 0.600 (fair 0.201), avg +362, roi +1.674 z +1.51 | old 2 -1.000 | new 3 +3.457
 WTA pin parlay cap -300 [blend+2%]: 13 tickets, hit 0.538 (fair 0.237), avg +295, roi +1.124 z +1.94 | old 5 +0.394 | new 8 +1.580
 WTA pin parlay cap -150 [model+2%]: 205 tickets, hit 0.112 (fair 0.163), avg +468, roi -0.367 z -2.94 | old 86 -0.412 | new 119 -0.335
 WTA pin parlay cap -200 [model+2%]: 543 tickets, hit 0.160 (fair 0.197), avg +377, roi -0.236 z -3.11 | old 205 -0.242 | new 338 -0.232
 WTA pin parlay cap -300 [model+2%]: 804 tickets, hit 0.224 (fair 0.238), avg +305, roi -0.148 z -2.57 | old 301 -0.045 | new 503 -0.210
 WTA b365 parlay cap -150 [all]: 542 tickets, hit 0.120 (fair 0.161), avg +419, roi -0.376 z -5.16 | old 151 -0.519 | new 391 -0.321
 WTA b365 parlay cap -200 [all]: 2061 tickets, hit 0.190 (fair 0.213), avg +295, roi -0.259 z -7.66 | old 935 -0.269 | new 1126 -0.251
 WTA b365 parlay cap -300 [all]: 2541 tickets, hit 0.269 (fair 0.270), avg +217, roi -0.171 z -6.20 | old 1181 -0.192 | new 1360 -0.152
 WTA b365 parlay cap -150 [blend+2%]: 7 tickets, hit 0.143 (fair 0.157), avg +435, roi -0.204 z -0.26 | old 2 -1.000 | new 5 +0.115
 WTA b365 parlay cap -200 [blend+2%]: 170 tickets, hit 0.212 (fair 0.201), avg +315, roi -0.128 z -0.98 | old 75 -0.231 | new 95 -0.045
 WTA b365 parlay cap -300 [blend+2%]: 437 tickets, hit 0.277 (fair 0.241), avg +251, roi -0.056 z -0.75 | old 208 -0.082 | new 229 -0.031
 WTA b365 parlay cap -150 [model+2%]: 65 tickets, hit 0.077 (fair 0.160), avg +427, roi -0.586 z -3.26 | old 9 -1.000 | new 56 -0.519
 WTA b365 parlay cap -200 [model+2%]: 389 tickets, hit 0.162 (fair 0.198), avg +326, roi -0.306 z -3.79 | old 128 -0.361 | new 261 -0.279
 WTA b365 parlay cap -300 [model+2%]: 666 tickets, hit 0.219 (fair 0.233), avg +267, roi -0.233 z -4.06 | old 238 -0.318 | new 428 -0.185
 tests at n300+: 266 straight, 28 parlay; expected by luck 0.062 + 0.751
 passed the bar: ['atp|b365|blend+2%|parlay -300'] · proven (not luck-sized): none
 VERDICT: NOT LUCRATIVE (a pass that looks like luck). atp|b365|blend+2%|parlay -300 (n 346, roi +0.034, profit z +0.39) clears the bar, but its profit z is under 2 and 0.81 passes were expected by luck alone. Nothing to act on. Research only.
✅ tennis heavy favorites: 11s · proven: {"proven": []}
study run done in 345s: 20/20 studies ok
✅ underdogs + favorites: 2s · proven: {"nfl": [], "nfl price check": false, "ncaaf": [], "ncaaf price check": false, "nba": [], "nba price check": false, "ncaab": [], "ncaab price check": true, "mlb": [], "mlb price check": false, "nhl": [], "nhl price check": true}
✅ over/unders: 6s · proven: {"nfl": true, "ncaaf": false, "nba": false, "ncaab": true, "mlb": false, "nhl": false}
✅ hockey: 9s · proven: null
✅ spread vs moneyline: 5s · proven: {"nfl": true, "ncaaf": false, "nba": false, "ncaab": false}
✅ puck lines / run lines: 3s · proven: null
✅ halves / first period: 1s · proven: null
✅ comebacks: 100s · proven: null
✅ trends: 6s · proven: {"proven": ["ncaab|rate|fav_cover", "ncaaf|rate|total"]}
✅ rigged / fade the public: 0s · proven: {"proven": []}
✅ self-check on our picks: 0s · proven: null
✅ situational spots: 10s · proven: {"nfl": [], "ncaaf": [], "nba": [], "ncaab": [], "mlb": [], "nhl": []}
✅ line movement + CLV: 2s · proven: {"proven": []}
✅ our engine vs the move (can it beat the pros?): 3s · proven: {"proven": []}
✅ the engine's strengths, sport by sport: 3s · proven: {"proven": ["ncaaf", "nba"]}
THE CONTEXT STUDY: 586 tests with 300+ bets; bar z >= 3.5 + profit in both halves. Luck alone: ~0.136 false positives expected (fake no-edge results passed 0.0 on average); refs: officials.json loaded
nfl: 2762 games · proven - · confirmed - · killed -
   ref_home-|spread|dog         n=   440 roi old +0.016 new +0.101 edge +0.0529 z=+1.29
   any:out_dome|total|over      n=   461 roi old +0.057 new +0.025 edge +0.0444 z=+0.93
   div|spread|dog               n=   776 roi old +0.026 new +0.034 edge +0.0378 z=+0.86
   out_dome|ml|team             n=   449 roi old +0.121 new -0.031 edge +0.0396 z=+0.75
   any:dome_out|total|under     n=   456 roi old +0.014 new +0.040 edge +0.0374 z=+0.61
   rival|spread|home            n=   332 roi old +0.051 new -0.007 edge +0.0338 z=+0.42
ncaaf: 9691 games · proven - · confirmed - · killed -
   any:east1000|total|under     n=   462 roi old +0.059 new +0.098 edge +0.0650 z=+1.78
   rival|total|under            n=   304 roi old +0.079 new +0.064 edge +0.0624 z=+1.32
   rival|spread|road            n=   302 roi old +0.011 new +0.124 edge +0.0593 z=+1.24
   west1000|ml|fade             n=   448 roi old -0.026 new +0.114 edge +0.0328 z=+0.70
   trip1000|ml|fade             n=   896 roi old -0.025 new +0.067 edge +0.0172 z=+0.50
   west1000|spread|fade         n=   436 roi old -0.048 new +0.085 edge +0.0339 z=+0.41
nba: 12852 games · proven - · confirmed - · killed -
   any:rest|total|over          n=   328 roi old +0.140 new +0.105 edge +0.0881 z=+2.36
   ref_under|ml|road            n=   403 roi old +0.116 new +0.234 edge +0.0761 z=+2.29
   any:tank|total|over          n=   584 roi old +0.006 new +0.124 edge +0.0581 z=+1.66
   any:elim|total|over          n=   664 roi old -0.017 new +0.110 edge +0.0481 z=+1.26
   ref_under|ml|dog             n=   400 roi old +0.064 new +0.127 edge +0.0431 z=+1.13
   tank|spread|fade             n=   527 roi old +0.032 new +0.050 edge +0.0445 z=+0.99
ncaab: 58494 games · proven - · confirmed - · killed -
   ref_under|total|under        n=  2506 roi old +0.032 new +0.064 edge +0.0488 z=+2.54
   ref_over|total|over          n=  1492 roi old +0.065 new +0.022 edge +0.0467 z=+1.77
   road3in6|spread|team         n=   481 roi old +0.019 new +0.048 edge +0.0411 z=+0.76
   rival|spread|home            n=   368 roi old +0.130 new -0.055 edge +0.0435 z=+0.76
   rival|total|under            n=   371 roi old +0.084 new -0.042 edge +0.0342 z=+0.41
   rival|ml|home                n=   374 roi old +0.054 new -0.025 edge +0.0330 z=+0.30
mlb: 23241 games · proven - · confirmed - · killed -
   trip2000|ml|fade             n=   658 roi old +0.089 new -0.043 edge +0.0265 z=+0.58
   east1000|ml|team             n=  1399 roi old +0.041 new -0.009 edge +0.0244 z=+0.57
   nonconf|ml|road              n=  4275 roi old +0.039 new -0.032 edge +0.0179 z=+0.20
   any:west1000|total|over      n=  1439 roi old -0.021 new +0.026 edge +0.0240 z=+0.09
   trip1000|ml|team             n=  2473 roi old +0.000 new -0.001 edge +0.0163 z=-0.02
   ref_under|total|under        n=  3081 roi old +0.001 new -0.002 edge +0.0220 z=-0.02
nhl: 13221 games · proven - · confirmed - · killed -
   ref_home+|ml|road            n=   489 roi old +0.045 new +0.001 edge +0.0281 z=+0.45
   race|ml|team                 n=  1320 roi old +0.025 new -0.022 edge +0.0237 z=+0.04
   ref_home-|total|under        n=   589 roi old +0.035 new -0.037 edge +0.0231 z=-0.03
   mustwin|ml|team              n=  1228 roi old +0.036 new -0.040 edge +0.0226 z=-0.07
   trip2000|ml|fade             n=   526 roi old -0.017 new -0.002 edge +0.0104 z=-0.21
   any:west1000|total|over      n=  1326 roi old +0.005 new -0.021 edge +0.0201 z=-0.29
✅ context: rivalries, travel, domes, stakes, refs: 20s · proven: {"nfl": [], "ncaaf": [], "nba": [], "ncaab": [], "mlb": [], "nhl": []}
✅ early value plays: the early-price exam: 31s · proven: {"proven": ["mlb +8..12 (+100..+149 dogs)"]}
THE EXPLORER: tested 6016 NEW angles (141931 ever) in 27.4s
   new suspects: 0 (luck alone would give ~1.4) · promoted to PROVEN: 0 · killed: 0 · proven demoted: 0
   now watching 0 suspects · 0 proven · 0 killed
   TEAM TRENDS pooled across sports (all games so far; 'follow' = ride the trend, 'fade' = bet against it; the bar: 300+ bets, profit in both halves, z 3.5+):
   1st-quarter form|ml: n=23934 (2018-04-07..2026-09-27) follow hit 62.2% older / 62.9% newer (fair 61.3%, roi -0.024 / -0.026, z -4.07, edge z 4.42) · fade hit 37.8% / 37.1% (roi -0.095 / -0.146, z -12.25) -> no edge
   1st-quarter form|p1ml: n=14233 (2018-09-09..2026-09-27) follow hit 60.6% older / 61.4% newer (fair 59.7%, roi -0.031 / -0.036, z -4.63, edge z 3.32) · fade hit 39.4% / 38.6% (roi -0.083 / -0.117, z -9.09) -> no edge
   1st-quarter form|p1spread: n=14641 (2018-09-09..2026-09-27) follow hit 50.4% older / 50.0% newer (fair 50.0%, roi -0.043 / -0.060, z -6.6, edge z 0.49) · fade hit 49.5% / 50.0% (roi -0.060 / -0.059, z -7.58) -> no edge
   1st-quarter form|spread: n=21353 (2018-10-20..2026-06-14) follow hit 49.8% older / 50.4% newer (fair 50.0%, roi -0.048 / -0.037, z -6.54, edge z 0.27) · fade hit 50.2% / 49.6% (roi -0.042 / -0.051, z -7.09) -> no edge
   O/U streak 4+|total: n=15245 (2018-04-04..2026-10-03) follow hit 49.8% older / 50.7% newer (fair 50.0%, roi -0.050 / -0.030, z -5.22, edge z 0.51) · fade hit 50.2% / 49.3% (roi -0.038 / -0.058, z -6.21) -> no edge
   division record|ml: n=2511 (2018-09-09..2026-10-03) follow hit 64.3% older / 65.5% newer (fair 62.9%, roi +0.015 / -0.014, z 0.03, edge z 2.14) · fade hit 35.7% / 34.5% (roi -0.077 / -0.098, z -3.03) -> no edge
   division record|spread: n=1413 (2018-09-09..2026-10-02) follow hit 50.6% older / 48.7% newer (fair 50.0%, roi -0.032 / -0.070, z -2.01, edge z -0.3) · fade hit 49.4% / 51.3% (roi -0.055 / -0.016, z -1.41) -> no edge
   prime-time record|ml: n=189 (2018-09-17..2026-09-28) follow hit 59.6% older / 62.1% newer (fair 59.9%, roi -0.080 / +0.022, z -0.45, edge z 0.28) · fade hit 40.4% / 37.9% (roi -0.116 / -0.054, z -0.89) -> no edge
   prime-time record|spread: n=187 (2018-09-17..2026-09-28) follow hit 52.7% older / 47.9% newer (fair 50.0%, roi +0.010 / -0.085, z -0.54, edge z 0.08) · fade hit 47.3% / 52.1% (roi -0.090 / -0.007, z -0.69) -> no edge
   road ATS rate|spread: n=10254 (2018-11-04..2026-10-03) follow hit 48.8% older / 48.2% newer (fair 50.0%, roi -0.068 / -0.078, z -7.73, edge z -3.0) · fade hit 51.2% / 51.8% (roi -0.022 / -0.011, z -1.73) -> no edge
   season ATS rate|spread: n=13032 (2018-10-13..2026-04-04) follow hit 48.2% older / 49.1% newer (fair 50.0%, roi -0.079 / -0.062, z -8.4, edge z -3.09) · fade hit 51.8% / 50.9% (roi -0.011 / -0.026, z -2.23) -> no edge
   team ATS streak 3+|spread: n=16479 (2018-09-16..2026-10-04) follow hit 49.2% older / 49.4% newer (fair 50.0%, roi -0.061 / -0.055, z -7.76, edge z -1.77) · fade hit 50.8% / 50.6% (roi -0.029 / -0.034, z -4.22) -> no edge
   team ATS streak 5+|spread: n=4204 (2018-10-06..2026-06-09) follow hit 48.4% older / 48.2% newer (fair 50.0%, roi -0.075 / -0.077, z -5.17, edge z -2.14) · fade hit 51.6% / 51.8% (roi -0.015 / -0.011, z -0.87) -> no edge
✅ the explorer: NEW angles: 28s · proven: {"proven": []}
THE TENNIS EDGE STUDY: 64658 priced matches 2012-01-01 -> 2026-08-03 (older half < 2018-05-27 <= newer half) in 23.1s
   softest segments (a bias learned on the older half that still helps on the newer, mnats/match): WTA rank x10+ +1.15, WTA slam +0.91, WTA round sf+ +0.89, ATP indoor +0.78
   ATP: log loss pin 0.5752 / b365 0.5759 / avg 0.576 · margin pin 0.0253 b365 0.0605
   WTA: log loss pin 0.5903 / b365 0.5912 / avg 0.5908 · margin pin 0.0266 b365 0.0619
   line shop b365 >2% over pinnacle fair: n=4674 roi -0.066 / -0.032 (expected +0.063) edge z=2.68 · beats fair in 14% of matches
   line shop avg >2% over pinnacle fair: n=928 roi -0.164 / -0.045 (expected +0.067) edge z=-0.25 · beats fair in 4% of matches
   line shop max >2% over pinnacle fair: n=30043 roi +0.016 / +0.023 (expected +0.069) edge z=2.42 · beats fair in 73% of matches
   model vs market, newer half: pinnacle 0.597 · elo 0.6295 · model 0.6262 · blend 0.5969 (+0.100 mnats, z 1.07)
   bovada: 204 closing lines, margin 0.0453, 0 matched to pinnacle, 118 graded
   names -> ESPN ids: 0.8856 of 1556 names since ESPN's history (by tour {'atp': 0.9195, 'wta': 0.8534}), 0.9386 of match sides · birth dates for 0.9385 of sides (2808 bios on file)
   life atoms (122 read-outs at pinnacle): wta|pin|yvv:vet n=1818 roi +0.020 / -0.095 z 1.53 / -1.45, wta|pin|age:teen n=4296 roi +0.006 / +0.007 z 1.07 / 1.99, wta|pin|tvv:vet n=483 roi +0.046 / -0.126 z 0.51 / -1.2, atp|pin|age:teen n=2324 roi +0.015 / +0.006 z 0.28 / 1.94
   registry: tested 3545 new angles (76553 ever) · new suspects 4 · promoted 0 · killed 4 · luck would give ~17.81 suspects / 0.4051 proven ever
   fixed tests: 543 this run, 1 pass the bar (luck ~0.252)
   NEW SUSPECT wta|avg|age:vet&p:65-80&ssn:mid: older half n=240 roi +0.077 edge z=3.95 | newer half n=392 roi -0.021 edge z=0.91
   NEW SUSPECT wta|b365|age:vet&p:65-80&ssn:mid: older half n=240 roi +0.067 edge z=3.78 | newer half n=392 roi -0.023 edge z=0.79
   NEW SUSPECT wta|pin|age:vet&p:65-80&ssn:mid: older half n=240 roi +0.104 edge z=3.71 | newer half n=392 roi -0.006 edge z=0.58
   NEW SUSPECT wta|avg|age:vet&ret:recent&rk:1-10: older half n=223 roi +0.048 edge z=3.59 | newer half n=121 roi -0.047 edge z=-0.29
   KILLED wta|avg|age:vet&p:65-80&ssn:mid: older half n=240 roi +0.077 edge z=3.95 | newer half n=392 roi -0.021 edge z=0.91
   KILLED wta|b365|age:vet&p:65-80&ssn:mid: older half n=240 roi +0.067 edge z=3.78 | newer half n=392 roi -0.023 edge z=0.79
   KILLED wta|pin|age:vet&p:65-80&ssn:mid: older half n=240 roi +0.104 edge z=3.71 | newer half n=392 roi -0.006 edge z=0.58
   KILLED wta|avg|age:vet&ret:recent&rk:1-10: older half n=223 roi +0.048 edge z=3.59 | newer half n=121 roi -0.047 edge z=-0.29
   PASSES price 90-100% wta at max: n=1231 roi +0.012 / +0.029 z=3.87 (NOT a gettable price)
   closest angle: wta|b365|age:vet&ret:recent&rk:1-10 n=343 roi +0.041 / -0.054 z older 3.27 all 1.97
   closest angle: wta|pin|age:vet&ret:recent&rk:1-10 n=344 roi +0.072 / -0.029 z older 3.18 all 1.84
   closest angle: atp|avg|age:vet&olay:long&rest:8+ n=371 roi +0.137 / -0.124 z older 2.97 all 0.77
   closest fixed: line shop b365 all fav gap>0% n=2020 roi +0.044 / +0.008 z=4.48
   closest fixed: line shop b365 atp fav gap>0% n=970 roi +0.067 / +0.007 z=3.45
   closest fixed: line shop b365 wta fav gap>0% n=1050 roi +0.026 / +0.010 z=2.9
   PROVEN: ['wta|avg|age:vet&agegap:+8&p:65-80', 'wta|pin|age:vet&agegap:+8&p:65-80']
✅ tennis edge: 23s · proven: {"proven": ["wta|avg|age:vet&agegap:+8&p:65-80", "wta|pin|age:vet&agegap:+8&p:65-80"]}
first set ATP: 32132 matches, implied log loss 0.62855 (match chance as set-1 chance 0.63577, coin 0.69315)
  crew overperformance: closest >= 0.05: n 19692, hit 0.5266 vs implied 0.5218, z 1.41 (vs recalibrated 0.73), ROI -0.0502 (older -0.0615, newer -0.0399) - z 1.41 < 3.5; older ROI -0.0615 <= 0; newer ROI -0.0399 <= 0
  crew raw_rate: closest >= 0.10: n 15498, hit 0.6247 vs implied 0.608, z 4.4 (vs recalibrated 1.16), ROI -0.0269 (older -0.0388, newer -0.016) - older ROI -0.0388 <= 0; newer ROI -0.016 <= 0
first set WTA: 32523 matches, implied log loss 0.62585 (match chance as set-1 chance 0.62643, coin 0.69315)
  crew overperformance: closest >= 0.15: n 8372, hit 0.5631 vs implied 0.549, z 2.69 (vs recalibrated 1.03), ROI -0.0357 (older -0.0422, newer -0.0286) - z 2.69 < 3.5; older ROI -0.0422 <= 0; newer ROI -0.0286 <= 0
  crew raw_rate: closest >= 0.20: n 8256, hit 0.6662 vs implied 0.638, z 5.49 (vs recalibrated 0.74), ROI -0.0109 (older -0.0057, newer -0.0164) - older ROI -0.0057 <= 0; newer ROI -0.0164 <= 0
first set real Bovada lines: 0 captured, 0 matched (test runs at 300) · 3.7s
✅ tennis first set: 4s · proven: {"proven": []}
HEAVY TENNIS FAVORITES (research only): 64658 priced matches 2012-01-01 -> 2026-01-14, split 2018-05-27, 53807 rated
 ATP pin straights [all]
    -101..-150: n  7563 win 0.541 fair 0.547 roi -0.035 z_edge -1.02 | old n 3291 roi -0.035 | new n 4272 roi -0.036
    -151..-200: n  6518 win 0.604 fair 0.619 roi -0.048 z_edge -2.43 | old n 2813 roi -0.043 | new n 3705 roi -0.052
    -201..-300: n  6514 win 0.698 fair 0.691 roi -0.014 z_edge +1.31 | old n 3112 roi -0.020 | new n 3402 roi -0.009
    -301..-500: n  5611 win 0.784 fair 0.771 roi -0.007 z_edge +2.42 | old n 2841 roi +0.006 | new n 2770 roi -0.020
         -500+: n  5778 win 0.896 fair 0.884 roi -0.009 z_edge +3.26 | old n 3246 roi -0.009 | new n 2532 roi -0.009
 ATP pin straights [blend+2%]
    -101..-150: n   116 win 0.560 fair 0.552 roi -0.012 z_edge +0.19 | old n 69 roi +0.043 | new n 47 roi -0.092
    -151..-200: n   207 win 0.551 fair 0.620 roi -0.134 z_edge -1.99 | old n 129 roi -0.072 | new n 78 roi -0.235
    -201..-300: n   233 win 0.717 fair 0.691 roi +0.011 z_edge +0.87 | old n 161 roi +0.017 | new n 72 roi -0.001
    -301..-500: n   173 win 0.775 fair 0.771 roi -0.021 z_edge +0.10 | old n 132 roi -0.014 | new n 41 roi -0.043
         -500+: n    35 win 0.914 fair 0.841 roi +0.060 z_edge +1.51 | old n 30 roi +0.083 | new n 5 roi -0.074
 ATP pin straights [model+2%]
    -101..-150: n  2343 win 0.527 fair 0.545 roi -0.055 z_edge -1.74 | old n 975 roi -0.042 | new n 1368 roi -0.065
    -151..-200: n  1544 win 0.589 fair 0.617 roi -0.068 z_edge -2.19 | old n 591 roi -0.076 | new n 953 roi -0.064
    -201..-300: n  1220 win 0.686 fair 0.689 roi -0.027 z_edge -0.20 | old n 461 roi -0.022 | new n 759 roi -0.030
    -301..-500: n   696 win 0.783 fair 0.768 roi -0.004 z_edge +0.99 | old n 274 roi +0.010 | new n 422 roi -0.014
         -500+: n   345 win 0.870 fair 0.868 roi -0.022 z_edge +0.10 | old n 126 roi +0.003 | new n 219 roi -0.037
 ATP b365 straights [all]
    -101..-150: n  4071 win 0.529 fair 0.539 roi -0.078 z_edge -1.38 | old n 1278 roi -0.087 | new n 2793 roi -0.074
    -151..-200: n  8140 win 0.585 fair 0.599 roi -0.082 z_edge -2.43 | old n 3777 roi -0.089 | new n 4363 roi -0.076
    -201..-300: n  5979 win 0.676 fair 0.671 roi -0.052 z_edge +0.88 | old n 2913 roi -0.066 | new n 3066 roi -0.040
    -301..-500: n  6606 win 0.761 fair 0.748 roi -0.038 z_edge +2.53 | old n 3213 roi -0.038 | new n 3393 roi -0.037
         -500+: n  6547 win 0.885 fair 0.864 roi -0.027 z_edge +5.31 | old n 3868 roi -0.030 | new n 2679 roi -0.023
 ATP b365 straights [blend+2%]
    -101..-150: n   649 win 0.508 fair 0.539 roi -0.113 z_edge -1.56 | old n 189 roi -0.091 | new n 460 roi -0.122
    -151..-200: n  1317 win 0.616 fair 0.598 roi -0.033 z_edge +1.30 | old n 569 roi -0.066 | new n 748 roi -0.007
    -201..-300: n  1263 win 0.710 fair 0.671 roi -0.005 z_edge +3.07 | old n 649 roi -0.000 | new n 614 roi -0.011
    -301..-500: n  1607 win 0.779 fair 0.751 roi -0.020 z_edge +2.69 | old n 785 roi -0.021 | new n 822 roi -0.019
         -500+: n  1659 win 0.882 fair 0.850 roi -0.017 z_edge +4.13 | old n 895 roi -0.021 | new n 764 roi -0.012
 ATP b365 straights [model+2%]
    -101..-150: n  1242 win 0.510 fair 0.538 roi -0.108 z_edge -2.01 | old n 385 roi -0.108 | new n 857 roi -0.108
    -151..-200: n  2075 win 0.571 fair 0.598 roi -0.103 z_edge -2.46 | old n 865 roi -0.139 | new n 1210 roi -0.077
    -201..-300: n  1161 win 0.677 fair 0.670 roi -0.050 z_edge +0.49 | old n 468 roi -0.041 | new n 693 roi -0.056
    -301..-500: n  1028 win 0.743 fair 0.746 roi -0.057 z_edge -0.18 | old n 404 roi -0.071 | new n 624 roi -0.048
         -500+: n   573 win 0.843 fair 0.850 roi -0.061 z_edge -0.48 | old n 229 roi -0.058 | new n 344 roi -0.063
 WTA pin straights [all]
    -101..-150: n  8256 win 0.534 fair 0.545 roi -0.047 z_edge -2.12 | old n 3924 roi -0.047 | new n 4332 roi -0.046
    -151..-200: n  6885 win 0.617 fair 0.618 roi -0.027 z_edge -0.15 | old n 3194 roi -0.029 | new n 3691 roi -0.025
    -201..-300: n  6803 win 0.694 fair 0.690 roi -0.020 z_edge +0.77 | old n 3338 roi -0.022 | new n 3465 roi -0.018
    -301..-500: n  5806 win 0.772 fair 0.769 roi -0.023 z_edge +0.48 | old n 2800 roi -0.024 | new n 3006 roi -0.022
         -500+: n  4649 win 0.892 fair 0.873 roi -0.005 z_edge +4.20 | old n 2399 roi -0.010 | new n 2250 roi +0.001
 WTA pin straights [blend+2%]
    -101..-150: n   156 win 0.545 fair 0.551 roi -0.033 z_edge -0.15 | old n 79 roi -0.176 | new n 77 roi +0.113
    -151..-200: n   219 win 0.676 fair 0.617 roi +0.066 z_edge +1.87 | old n 122 roi +0.049 | new n 97 roi +0.089
    -201..-300: n   271 win 0.727 fair 0.690 roi +0.028 z_edge +1.37 | old n 194 roi -0.005 | new n 77 roi +0.109
    -301..-500: n   209 win 0.794 fair 0.763 roi +0.013 z_edge +1.11 | old n 128 roi +0.033 | new n 81 roi -0.020
         -500+: n    36 win 0.861 fair 0.831 roi +0.010 z_edge +0.52 | old n 25 roi -0.018 | new n 11 roi +0.073
 WTA pin straights [model+2%]
    -101..-150: n  2537 win 0.527 fair 0.544 roi -0.057 z_edge -1.73 | old n 1079 roi -0.079 | new n 1458 roi -0.041
    -151..-200: n  1628 win 0.591 fair 0.617 roi -0.068 z_edge -2.16 | old n 601 roi -0.042 | new n 1027 roi -0.084
    -201..-300: n  1219 win 0.699 fair 0.688 roi -0.010 z_edge +0.85 | old n 449 roi -0.018 | new n 770 roi -0.005
    -301..-500: n   737 win 0.786 fair 0.765 roi -0.001 z_edge +1.35 | old n 241 roi +0.031 | new n 496 roi -0.017
         -500+: n   246 win 0.911 fair 0.854 roi +0.039 z_edge +3.13 | old n 91 roi -0.002 | new n 155 roi +0.064
 WTA b365 straights [all]
    -101..-150: n  4354 win 0.519 fair 0.539 roi -0.094 z_edge -2.61 | old n 1541 roi -0.097 | new n 2813 roi -0.093
    -151..-200: n  8799 win 0.594 fair 0.598 roi -0.068 z_edge -0.85 | old n 4404 roi -0.084 | new n 4395 roi -0.052
    -201..-300: n  6169 win 0.676 fair 0.671 roi -0.053 z_edge +0.82 | old n 3041 roi -0.056 | new n 3128 roi -0.051
    -301..-500: n  6726 win 0.754 fair 0.748 roi -0.048 z_edge +1.13 | old n 3280 roi -0.061 | new n 3446 roi -0.035
         -500+: n  5470 win 0.878 fair 0.854 roi -0.026 z_edge +5.44 | old n 2984 roi -0.035 | new n 2486 roi -0.016
 WTA b365 straights [blend+2%]
    -101..-150: n   715 win 0.568 fair 0.539 roi -0.009 z_edge +1.53 | old n 249 roi -0.102 | new n 466 roi +0.041
    -151..-200: n  1601 win 0.621 fair 0.600 roi -0.028 z_edge +1.73 | old n 781 roi -0.064 | new n 820 roi +0.006
    -201..-300: n  1404 win 0.702 fair 0.670 roi -0.017 z_edge +2.54 | old n 755 roi -0.006 | new n 649 roi -0.029
    -301..-500: n  1586 win 0.772 fair 0.750 roi -0.027 z_edge +2.19 | old n 811 roi -0.048 | new n 775 roi -0.005
         -500+: n  1393 win 0.877 fair 0.846 roi -0.020 z_edge +3.60 | old n 749 roi -0.020 | new n 644 roi -0.019
 WTA b365 straights [model+2%]
    -101..-150: n  1375 win 0.520 fair 0.539 roi -0.093 z_edge -1.42 | old n 438 roi -0.127 | new n 937 roi -0.077
    -151..-200: n  2181 win 0.577 fair 0.598 roi -0.093 z_edge -1.92 | old n 888 roi -0.096 | new n 1293 roi -0.090
    -201..-300: n  1229 win 0.679 fair 0.670 roi -0.047 z_edge +0.68 | old n 472 roi -0.037 | new n 757 roi -0.054
    -301..-500: n  1018 win 0.746 fair 0.745 roi -0.054 z_edge +0.03 | old n 354 roi -0.071 | new n 664 roi -0.045
         -500+: n   429 win 0.897 fair 0.840 roi +0.011 z_edge +3.94 | old n 171 roi -0.024 | new n 258 roi +0.034
 ATP pin parlay cap -150 [all]: 1224 tickets, hit 0.166 (fair 0.171), avg +444, roi -0.111 z -1.94 | old 529 -0.073 | new 695 -0.141
 ATP pin parlay cap -200 [all]: 2097 tickets, hit 0.211 (fair 0.222), avg +325, roi -0.114 z -3.02 | old 946 -0.141 | new 1151 -0.092
 ATP pin parlay cap -300 [all]: 2501 tickets, hit 0.304 (fair 0.295), avg +225, roi -0.049 z -1.66 | old 1164 -0.055 | new 1337 -0.043
 ATP pin parlay cap -200 [blend+2%]: 6 tickets, hit 0.000 (fair 0.211), avg +341, roi -1.000 z +0.00 | old 3 -1.000 | new 3 -1.000
 ATP pin parlay cap -300 [blend+2%]: 18 tickets, hit 0.167 (fair 0.260), avg +265, roi -0.481 z -1.70 | old 8 -0.202 | new 10 -0.705
 ATP pin parlay cap -150 [model+2%]: 187 tickets, hit 0.150 (fair 0.163), avg +472, roi -0.157 z -1.06 | old 70 -0.378 | new 117 -0.025
 ATP pin parlay cap -200 [model+2%]: 507 tickets, hit 0.175 (fair 0.199), avg +373, roi -0.186 z -2.35 | old 185 -0.318 | new 322 -0.111
 ATP pin parlay cap -300 [model+2%]: 765 tickets, hit 0.224 (fair 0.236), avg +308, roi -0.128 z -2.13 | old 296 -0.149 | new 469 -0.115
 ATP b365 parlay cap -150 [all]: 498 tickets, hit 0.112 (fair 0.162), avg +418, roi -0.422 z -5.79 | old 105 -0.495 | new 393 -0.403
 ATP b365 parlay cap -200 [all]: 1909 tickets, hit 0.195 (fair 0.213), avg +294, roi -0.239 z -6.72 | old 818 -0.301 | new 1091 -0.193
 ATP b365 parlay cap -300 [all]: 2394 tickets, hit 0.273 (fair 0.271), avg +216, roi -0.176 z -6.31 | old 1103 -0.221 | new 1291 -0.137
 ATP b365 parlay cap -150 [blend+2%]: 9 tickets, hit 0.222 (fair 0.166), avg +413, roi +0.128 z +0.17 | old 1 +4.325 | new 8 -0.397
 ATP b365 parlay cap -200 [blend+2%]: 141 tickets, hit 0.270 (fair 0.197), avg +329, roi +0.133 z +0.83 | old 35 +0.169 | new 106 +0.121
 ATP b365 parlay cap -300 [blend+2%]: 346 tickets, hit 0.303 (fair 0.242), avg +252, roi +0.034 z +0.39 | old 141 +0.030 | new 205 +0.037
 ATP b365 parlay cap -150 [model+2%]: 49 tickets, hit 0.102 (fair 0.159), avg +430, roi -0.467 z -2.04 | old 4 +0.331 | new 45 -0.538
 ATP b365 parlay cap -200 [model+2%]: 390 tickets, hit 0.197 (fair 0.198), avg +324, roi -0.192 z -2.32 | old 127 -0.262 | new 263 -0.159
 ATP b365 parlay cap -300 [model+2%]: 631 tickets, hit 0.224 (fair 0.230), avg +271, roi -0.206 z -3.45 | old 218 -0.242 | new 413 -0.187
 WTA pin parlay cap -150 [all]: 1308 tickets, hit 0.161 (fair 0.170), avg +445, roi -0.126 z -2.28 | old 602 -0.151 | new 706 -0.105
 WTA pin parlay cap -200 [all]: 2270 tickets, hit 0.207 (fair 0.220), avg +328, roi -0.134 z -3.71 | old 1043 -0.135 | new 1227 -0.133
 WTA pin parlay cap -300 [all]: 2680 tickets, hit 0.289 (fair 0.291), avg +230, roi -0.087 z -3.08 | old 1260 -0.082 | new 1420 -0.092
 WTA pin parlay cap -200 [blend+2%]: 5 tickets, hit 0.600 (fair 0.201), avg +362, roi +1.674 z +1.51 | old 2 -1.000 | new 3 +3.457
 WTA pin parlay cap -300 [blend+2%]: 13 tickets, hit 0.538 (fair 0.237), avg +295, roi +1.124 z +1.94 | old 5 +0.394 | new 8 +1.580
 WTA pin parlay cap -150 [model+2%]: 205 tickets, hit 0.112 (fair 0.163), avg +468, roi -0.367 z -2.94 | old 86 -0.412 | new 119 -0.335
 WTA pin parlay cap -200 [model+2%]: 543 tickets, hit 0.160 (fair 0.197), avg +377, roi -0.236 z -3.11 | old 205 -0.242 | new 338 -0.232
 WTA pin parlay cap -300 [model+2%]: 804 tickets, hit 0.224 (fair 0.238), avg +305, roi -0.148 z -2.57 | old 301 -0.045 | new 503 -0.210
 WTA b365 parlay cap -150 [all]: 542 tickets, hit 0.120 (fair 0.161), avg +419, roi -0.376 z -5.16 | old 151 -0.519 | new 391 -0.321
 WTA b365 parlay cap -200 [all]: 2061 tickets, hit 0.190 (fair 0.213), avg +295, roi -0.259 z -7.66 | old 935 -0.269 | new 1126 -0.251
 WTA b365 parlay cap -300 [all]: 2541 tickets, hit 0.269 (fair 0.270), avg +217, roi -0.171 z -6.20 | old 1181 -0.192 | new 1360 -0.152
 WTA b365 parlay cap -150 [blend+2%]: 7 tickets, hit 0.143 (fair 0.157), avg +435, roi -0.204 z -0.26 | old 2 -1.000 | new 5 +0.115
 WTA b365 parlay cap -200 [blend+2%]: 170 tickets, hit 0.212 (fair 0.201), avg +315, roi -0.128 z -0.98 | old 75 -0.231 | new 95 -0.045
 WTA b365 parlay cap -300 [blend+2%]: 437 tickets, hit 0.277 (fair 0.241), avg +251, roi -0.056 z -0.75 | old 208 -0.082 | new 229 -0.031
 WTA b365 parlay cap -150 [model+2%]: 65 tickets, hit 0.077 (fair 0.160), avg +427, roi -0.586 z -3.26 | old 9 -1.000 | new 56 -0.519
 WTA b365 parlay cap -200 [model+2%]: 389 tickets, hit 0.162 (fair 0.198), avg +326, roi -0.306 z -3.79 | old 128 -0.361 | new 261 -0.279
 WTA b365 parlay cap -300 [model+2%]: 666 tickets, hit 0.219 (fair 0.233), avg +267, roi -0.233 z -4.06 | old 238 -0.318 | new 428 -0.185
 tests at n300+: 266 straight, 28 parlay; expected by luck 0.062 + 0.751
 passed the bar: ['atp|b365|blend+2%|parlay -300'] · proven (not luck-sized): none
 VERDICT: NOT LUCRATIVE (a pass that looks like luck). atp|b365|blend+2%|parlay -300 (n 346, roi +0.034, profit z +0.39) clears the bar, but its profit z is under 2 and 0.81 passes were expected by luck alone. Nothing to act on. Research only.
✅ tennis heavy favorites: 10s · proven: {"proven": []}
study run done in 267s: 20/20 studies ok
✅ underdogs + favorites: 2s · proven: {"nfl": [], "nfl price check": false, "ncaaf": [], "ncaaf price check": false, "nba": [], "nba price check": false, "ncaab": [], "ncaab price check": true, "mlb": [], "mlb price check": false, "nhl": [], "nhl price check": true}
✅ over/unders: 8s · proven: {"nfl": true, "ncaaf": false, "nba": false, "ncaab": true, "mlb": false, "nhl": false}
✅ hockey: 13s · proven: null
✅ spread vs moneyline: 8s · proven: {"nfl": true, "ncaaf": false, "nba": false, "ncaab": false}
✅ puck lines / run lines: 5s · proven: null
✅ halves / first period: 1s · proven: null
✅ comebacks: 147s · proven: null
✅ trends: 8s · proven: {"proven": ["ncaab|rate|fav_cover", "ncaaf|rate|total"]}
✅ rigged / fade the public: 0s · proven: {"proven": []}
✅ self-check on our picks: 0s · proven: null
✅ situational spots: 14s · proven: {"nfl": [], "ncaaf": [], "nba": [], "ncaab": [], "mlb": [], "nhl": []}
✅ line movement + CLV: 2s · proven: {"proven": []}
✅ our engine vs the move (can it beat the pros?): 3s · proven: {"proven": []}
✅ the engine's strengths, sport by sport: 4s · proven: {"proven": ["ncaaf", "nba"]}
THE CONTEXT STUDY: 586 tests with 300+ bets; bar z >= 3.5 + profit in both halves. Luck alone: ~0.136 false positives expected (fake no-edge results passed 0.0 on average); refs: officials.json loaded
nfl: 2762 games · proven - · confirmed - · killed -
   ref_home-|spread|dog         n=   440 roi old +0.016 new +0.101 edge +0.0529 z=+1.29
   any:out_dome|total|over      n=   461 roi old +0.057 new +0.025 edge +0.0444 z=+0.93
   div|spread|dog               n=   776 roi old +0.026 new +0.034 edge +0.0378 z=+0.86
   out_dome|ml|team             n=   449 roi old +0.121 new -0.031 edge +0.0396 z=+0.75
   any:dome_out|total|under     n=   456 roi old +0.014 new +0.040 edge +0.0374 z=+0.61
   rival|spread|home            n=   332 roi old +0.051 new -0.007 edge +0.0338 z=+0.42
ncaaf: 9696 games · proven - · confirmed - · killed -
   any:east1000|total|under     n=   462 roi old +0.059 new +0.098 edge +0.0650 z=+1.78
   rival|total|under            n=   304 roi old +0.079 new +0.064 edge +0.0624 z=+1.32
   rival|spread|road            n=   302 roi old +0.011 new +0.124 edge +0.0593 z=+1.24
   west1000|ml|fade             n=   451 roi old -0.031 new +0.127 edge +0.0337 z=+0.78
   trip1000|ml|fade             n=   899 roi old -0.027 new +0.074 edge +0.0176 z=+0.55
   west1000|spread|fade         n=   439 roi old -0.044 new +0.084 edge +0.0347 z=+0.45
nba: 12852 games · proven - · confirmed - · killed -
   any:rest|total|over          n=   328 roi old +0.140 new +0.105 edge +0.0881 z=+2.36
   ref_under|ml|road            n=   403 roi old +0.116 new +0.234 edge +0.0761 z=+2.29
   any:tank|total|over          n=   584 roi old +0.006 new +0.124 edge +0.0581 z=+1.66
   any:elim|total|over          n=   664 roi old -0.017 new +0.110 edge +0.0481 z=+1.26
   ref_under|ml|dog             n=   400 roi old +0.064 new +0.127 edge +0.0431 z=+1.13
   tank|spread|fade             n=   527 roi old +0.032 new +0.050 edge +0.0445 z=+0.99
ncaab: 58494 games · proven - · confirmed - · killed -
   ref_under|total|under        n=  2506 roi old +0.032 new +0.064 edge +0.0488 z=+2.54
   ref_over|total|over          n=  1492 roi old +0.065 new +0.022 edge +0.0467 z=+1.77
   road3in6|spread|team         n=   481 roi old +0.019 new +0.048 edge +0.0411 z=+0.76
   rival|spread|home            n=   368 roi old +0.130 new -0.055 edge +0.0435 z=+0.76
   rival|total|under            n=   371 roi old +0.084 new -0.042 edge +0.0342 z=+0.41
   rival|ml|home                n=   374 roi old +0.054 new -0.025 edge +0.0330 z=+0.30
mlb: 23241 games · proven - · confirmed - · killed -
   trip2000|ml|fade             n=   658 roi old +0.089 new -0.043 edge +0.0265 z=+0.58
   east1000|ml|team             n=  1399 roi old +0.041 new -0.009 edge +0.0244 z=+0.57
   nonconf|ml|road              n=  4275 roi old +0.039 new -0.032 edge +0.0179 z=+0.20
   any:west1000|total|over      n=  1439 roi old -0.021 new +0.026 edge +0.0240 z=+0.09
   trip1000|ml|team             n=  2473 roi old +0.000 new -0.001 edge +0.0163 z=-0.02
   ref_under|total|under        n=  3081 roi old +0.001 new -0.002 edge +0.0220 z=-0.02
nhl: 13221 games · proven - · confirmed - · killed -
   ref_home+|ml|road            n=   489 roi old +0.045 new +0.001 edge +0.0281 z=+0.45
   race|ml|team                 n=  1320 roi old +0.025 new -0.022 edge +0.0237 z=+0.04
   ref_home-|total|under        n=   589 roi old +0.035 new -0.037 edge +0.0231 z=-0.03
   mustwin|ml|team              n=  1228 roi old +0.036 new -0.040 edge +0.0226 z=-0.07
   trip2000|ml|fade             n=   526 roi old -0.017 new -0.002 edge +0.0104 z=-0.21
   any:west1000|total|over      n=  1326 roi old +0.005 new -0.021 edge +0.0201 z=-0.29
✅ context: rivalries, travel, domes, stakes, refs: 27s · proven: {"nfl": [], "ncaaf": [], "nba": [], "ncaab": [], "mlb": [], "nhl": []}
✅ early value plays: the early-price exam: 38s · proven: {"proven": ["mlb +8..12 (+100..+149 dogs)"]}
THE EXPLORER: tested 6000 NEW angles (147931 ever) in 30.5s
   new suspects: 0 (luck alone would give ~1.4) · promoted to PROVEN: 0 · killed: 0 · proven demoted: 0
   now watching 0 suspects · 0 proven · 0 killed
   TEAM TRENDS pooled across sports (all games so far; 'follow' = ride the trend, 'fade' = bet against it; the bar: 300+ bets, profit in both halves, z 3.5+):
   1st-quarter form|ml: n=23934 (2018-04-07..2026-09-27) follow hit 62.2% older / 62.9% newer (fair 61.3%, roi -0.024 / -0.026, z -4.07, edge z 4.42) · fade hit 37.8% / 37.1% (roi -0.095 / -0.146, z -12.25) -> no edge
   1st-quarter form|p1ml: n=14233 (2018-09-09..2026-09-27) follow hit 60.6% older / 61.4% newer (fair 59.7%, roi -0.031 / -0.036, z -4.63, edge z 3.32) · fade hit 39.4% / 38.6% (roi -0.083 / -0.117, z -9.09) -> no edge
   1st-quarter form|p1spread: n=14641 (2018-09-09..2026-09-27) follow hit 50.4% older / 50.0% newer (fair 50.0%, roi -0.043 / -0.060, z -6.6, edge z 0.49) · fade hit 49.5% / 50.0% (roi -0.060 / -0.059, z -7.58) -> no edge
   1st-quarter form|spread: n=21353 (2018-10-20..2026-06-14) follow hit 49.8% older / 50.4% newer (fair 50.0%, roi -0.048 / -0.037, z -6.54, edge z 0.27) · fade hit 50.2% / 49.6% (roi -0.042 / -0.051, z -7.09) -> no edge
   O/U streak 4+|total: n=15245 (2018-04-04..2026-10-03) follow hit 49.8% older / 50.7% newer (fair 50.0%, roi -0.050 / -0.030, z -5.22, edge z 0.51) · fade hit 50.2% / 49.3% (roi -0.038 / -0.058, z -6.21) -> no edge
   division record|ml: n=2511 (2018-09-09..2026-10-03) follow hit 64.3% older / 65.5% newer (fair 62.9%, roi +0.015 / -0.014, z 0.03, edge z 2.14) · fade hit 35.7% / 34.5% (roi -0.077 / -0.098, z -3.03) -> no edge
   division record|spread: n=1413 (2018-09-09..2026-10-02) follow hit 50.6% older / 48.7% newer (fair 50.0%, roi -0.032 / -0.070, z -2.01, edge z -0.3) · fade hit 49.4% / 51.3% (roi -0.055 / -0.016, z -1.41) -> no edge
   prime-time record|ml: n=189 (2018-09-17..2026-09-28) follow hit 59.6% older / 62.1% newer (fair 59.9%, roi -0.080 / +0.022, z -0.45, edge z 0.28) · fade hit 40.4% / 37.9% (roi -0.116 / -0.054, z -0.89) -> no edge
   prime-time record|spread: n=187 (2018-09-17..2026-09-28) follow hit 52.7% older / 47.9% newer (fair 50.0%, roi +0.010 / -0.085, z -0.54, edge z 0.08) · fade hit 47.3% / 52.1% (roi -0.090 / -0.007, z -0.69) -> no edge
   road ATS rate|spread: n=10255 (2018-11-04..2026-10-04) follow hit 48.8% older / 48.2% newer (fair 50.0%, roi -0.068 / -0.078, z -7.72, edge z -2.99) · fade hit 51.2% / 51.8% (roi -0.022 / -0.011, z -1.74) -> no edge
   season ATS rate|spread: n=13032 (2018-10-13..2026-04-04) follow hit 48.2% older / 49.1% newer (fair 50.0%, roi -0.079 / -0.062, z -8.4, edge z -3.09) · fade hit 51.8% / 50.9% (roi -0.011 / -0.026, z -2.23) -> no edge
   team ATS streak 3+|spread: n=16481 (2018-09-16..2026-10-04) follow hit 49.2% older / 49.4% newer (fair 50.0%, roi -0.061 / -0.055, z -7.78, edge z -1.79) · fade hit 50.8% / 50.6% (roi -0.029 / -0.034, z -4.21) -> no edge
   team ATS streak 5+|spread: n=4204 (2018-10-06..2026-06-09) follow hit 48.4% older / 48.2% newer (fair 50.0%, roi -0.075 / -0.077, z -5.17, edge z -2.14) · fade hit 51.6% / 51.8% (roi -0.015 / -0.011, z -0.87) -> no edge
✅ the explorer: NEW angles: 31s · proven: {"proven": []}
THE TENNIS EDGE STUDY: 64658 priced matches 2012-01-01 -> 2026-08-03 (older half < 2018-05-27 <= newer half) in 29.8s
   softest segments (a bias learned on the older half that still helps on the newer, mnats/match): WTA rank x10+ +1.15, WTA slam +0.91, WTA round sf+ +0.89, ATP indoor +0.78
   ATP: log loss pin 0.5752 / b365 0.5759 / avg 0.576 · margin pin 0.0253 b365 0.0605
   WTA: log loss pin 0.5903 / b365 0.5912 / avg 0.5908 · margin pin 0.0266 b365 0.0619
   line shop b365 >2% over pinnacle fair: n=4674 roi -0.066 / -0.032 (expected +0.063) edge z=2.68 · beats fair in 14% of matches
   line shop avg >2% over pinnacle fair: n=928 roi -0.164 / -0.045 (expected +0.067) edge z=-0.25 · beats fair in 4% of matches
   line shop max >2% over pinnacle fair: n=30043 roi +0.016 / +0.023 (expected +0.069) edge z=2.42 · beats fair in 73% of matches
   model vs market, newer half: pinnacle 0.597 · elo 0.6295 · model 0.6262 · blend 0.5969 (+0.100 mnats, z 1.07)
   bovada: 204 closing lines, margin 0.0452, 0 matched to pinnacle, 130 graded
   names -> ESPN ids: 0.8856 of 1556 names since ESPN's history (by tour {'atp': 0.9195, 'wta': 0.8534}), 0.9386 of match sides · birth dates for 0.9385 of sides (2808 bios on file)
   life atoms (122 read-outs at pinnacle): wta|pin|yvv:vet n=1818 roi +0.020 / -0.095 z 1.53 / -1.45, wta|pin|age:teen n=4296 roi +0.006 / +0.007 z 1.07 / 1.99, wta|pin|tvv:vet n=483 roi +0.046 / -0.126 z 0.51 / -1.2, atp|pin|age:teen n=2324 roi +0.015 / +0.006 z 0.28 / 1.94
   registry: tested 3641 new angles (80194 ever) · new suspects 6 · promoted 0 · killed 6 · luck would give ~18.66 suspects / 0.4244 proven ever
   fixed tests: 543 this run, 1 pass the bar (luck ~0.252)
   NEW SUSPECT atp|avg|age:vet&ork:100+&q:out: older half n=380 roi +0.113 edge z=3.5 | newer half n=676 roi -0.061 edge z=-0.5
   NEW SUSPECT atp|pin|age:vet&ork:100+&q:out: older half n=380 roi +0.163 edge z=3.51 | newer half n=676 roi -0.033 edge z=-0.52
   NEW SUSPECT atp|avg|age:vet&p:80+&rest:2-3: older half n=344 roi +0.010 edge z=3.74 | newer half n=275 roi -0.026 edge z=0.96
   NEW SUSPECT atp|b365|age:vet&q:out&ssn:mid: older half n=812 roi +0.072 edge z=3.84 | newer half n=1199 roi -0.131 edge z=-1.79
   NEW SUSPECT atp|avg|age:vet&q:out&ssn:mid: older half n=812 roi +0.065 edge z=3.75 | newer half n=1201 roi -0.136 edge z=-1.88
   NEW SUSPECT atp|pin|age:vet&q:out&ssn:mid: older half n=812 roi +0.135 edge z=4.12 | newer half n=1201 roi -0.102 edge z=-1.66
   KILLED atp|avg|age:vet&ork:100+&q:out: older half n=380 roi +0.113 edge z=3.5 | newer half n=676 roi -0.061 edge z=-0.5
   KILLED atp|pin|age:vet&ork:100+&q:out: older half n=380 roi +0.163 edge z=3.51 | newer half n=676 roi -0.033 edge z=-0.52
   KILLED atp|avg|age:vet&p:80+&rest:2-3: older half n=344 roi +0.010 edge z=3.74 | newer half n=275 roi -0.026 edge z=0.96
   KILLED atp|b365|age:vet&q:out&ssn:mid: older half n=812 roi +0.072 edge z=3.84 | newer half n=1199 roi -0.131 edge z=-1.79
   KILLED atp|avg|age:vet&q:out&ssn:mid: older half n=812 roi +0.065 edge z=3.75 | newer half n=1201 roi -0.136 edge z=-1.88
   KILLED atp|pin|age:vet&q:out&ssn:mid: older half n=812 roi +0.135 edge z=4.12 | newer half n=1201 roi -0.102 edge z=-1.66
   PASSES price 90-100% wta at max: n=1231 roi +0.012 / +0.029 z=3.87 (NOT a gettable price)
   closest angle: atp|pin|age:vet&ssn:mid&strk:l2 n=1430 roi +0.131 / -0.122 z older 3.43 all 0.98
   closest angle: atp|b365|age:vet&ork:100+&q:out n=1052 roi +0.100 / -0.064 z older 3.39 all 1.49
   closest angle: atp|b365|age:vet&ssn:mid&strk:l2 n=1429 roi +0.073 / -0.147 z older 3.32 all 0.84
   closest fixed: line shop b365 all fav gap>0% n=2020 roi +0.044 / +0.008 z=4.48
   closest fixed: line shop b365 atp fav gap>0% n=970 roi +0.067 / +0.007 z=3.45
   closest fixed: line shop b365 wta fav gap>0% n=1050 roi +0.026 / +0.010 z=2.9
   PROVEN: ['wta|avg|age:vet&agegap:+8&p:65-80', 'wta|pin|age:vet&agegap:+8&p:65-80']
✅ tennis edge: 30s · proven: {"proven": ["wta|avg|age:vet&agegap:+8&p:65-80", "wta|pin|age:vet&agegap:+8&p:65-80"]}
first set ATP: 32132 matches, implied log loss 0.62855 (match chance as set-1 chance 0.63577, coin 0.69315)
  crew overperformance: closest >= 0.05: n 19692, hit 0.5266 vs implied 0.5218, z 1.41 (vs recalibrated 0.73), ROI -0.0502 (older -0.0615, newer -0.0399) - z 1.41 < 3.5; older ROI -0.0615 <= 0; newer ROI -0.0399 <= 0
  crew raw_rate: closest >= 0.10: n 15498, hit 0.6247 vs implied 0.608, z 4.4 (vs recalibrated 1.16), ROI -0.0269 (older -0.0388, newer -0.016) - older ROI -0.0388 <= 0; newer ROI -0.016 <= 0
first set WTA: 32523 matches, implied log loss 0.62585 (match chance as set-1 chance 0.62643, coin 0.69315)
  crew overperformance: closest >= 0.15: n 8372, hit 0.5631 vs implied 0.549, z 2.69 (vs recalibrated 1.03), ROI -0.0357 (older -0.0422, newer -0.0286) - z 2.69 < 3.5; older ROI -0.0422 <= 0; newer ROI -0.0286 <= 0
  crew raw_rate: closest >= 0.20: n 8256, hit 0.6662 vs implied 0.638, z 5.49 (vs recalibrated 0.74), ROI -0.0109 (older -0.0057, newer -0.0164) - older ROI -0.0057 <= 0; newer ROI -0.0164 <= 0
first set real Bovada lines: 0 captured, 0 matched (test runs at 300) · 3.6s
✅ tennis first set: 4s · proven: {"proven": []}
HEAVY TENNIS FAVORITES (research only): 64658 priced matches 2012-01-01 -> 2026-01-14, split 2018-05-27, 53807 rated
 ATP pin straights [all]
    -101..-150: n  7563 win 0.541 fair 0.547 roi -0.035 z_edge -1.02 | old n 3291 roi -0.035 | new n 4272 roi -0.036
    -151..-200: n  6518 win 0.604 fair 0.619 roi -0.048 z_edge -2.43 | old n 2813 roi -0.043 | new n 3705 roi -0.052
    -201..-300: n  6514 win 0.698 fair 0.691 roi -0.014 z_edge +1.31 | old n 3112 roi -0.020 | new n 3402 roi -0.009
    -301..-500: n  5611 win 0.784 fair 0.771 roi -0.007 z_edge +2.42 | old n 2841 roi +0.006 | new n 2770 roi -0.020
         -500+: n  5778 win 0.896 fair 0.884 roi -0.009 z_edge +3.26 | old n 3246 roi -0.009 | new n 2532 roi -0.009
 ATP pin straights [blend+2%]
    -101..-150: n   116 win 0.560 fair 0.552 roi -0.012 z_edge +0.19 | old n 69 roi +0.043 | new n 47 roi -0.092
    -151..-200: n   207 win 0.551 fair 0.620 roi -0.134 z_edge -1.99 | old n 129 roi -0.072 | new n 78 roi -0.235
    -201..-300: n   233 win 0.717 fair 0.691 roi +0.011 z_edge +0.87 | old n 161 roi +0.017 | new n 72 roi -0.001
    -301..-500: n   173 win 0.775 fair 0.771 roi -0.021 z_edge +0.10 | old n 132 roi -0.014 | new n 41 roi -0.043
         -500+: n    35 win 0.914 fair 0.841 roi +0.060 z_edge +1.51 | old n 30 roi +0.083 | new n 5 roi -0.074
 ATP pin straights [model+2%]
    -101..-150: n  2343 win 0.527 fair 0.545 roi -0.055 z_edge -1.74 | old n 975 roi -0.042 | new n 1368 roi -0.065
    -151..-200: n  1544 win 0.589 fair 0.617 roi -0.068 z_edge -2.19 | old n 591 roi -0.076 | new n 953 roi -0.064
    -201..-300: n  1220 win 0.686 fair 0.689 roi -0.027 z_edge -0.20 | old n 461 roi -0.022 | new n 759 roi -0.030
    -301..-500: n   696 win 0.783 fair 0.768 roi -0.004 z_edge +0.99 | old n 274 roi +0.010 | new n 422 roi -0.014
         -500+: n   345 win 0.870 fair 0.868 roi -0.022 z_edge +0.10 | old n 126 roi +0.003 | new n 219 roi -0.037
 ATP b365 straights [all]
    -101..-150: n  4071 win 0.529 fair 0.539 roi -0.078 z_edge -1.38 | old n 1278 roi -0.087 | new n 2793 roi -0.074
    -151..-200: n  8140 win 0.585 fair 0.599 roi -0.082 z_edge -2.43 | old n 3777 roi -0.089 | new n 4363 roi -0.076
    -201..-300: n  5979 win 0.676 fair 0.671 roi -0.052 z_edge +0.88 | old n 2913 roi -0.066 | new n 3066 roi -0.040
    -301..-500: n  6606 win 0.761 fair 0.748 roi -0.038 z_edge +2.53 | old n 3213 roi -0.038 | new n 3393 roi -0.037
         -500+: n  6547 win 0.885 fair 0.864 roi -0.027 z_edge +5.31 | old n 3868 roi -0.030 | new n 2679 roi -0.023
 ATP b365 straights [blend+2%]
    -101..-150: n   649 win 0.508 fair 0.539 roi -0.113 z_edge -1.56 | old n 189 roi -0.091 | new n 460 roi -0.122
    -151..-200: n  1317 win 0.616 fair 0.598 roi -0.033 z_edge +1.30 | old n 569 roi -0.066 | new n 748 roi -0.007
    -201..-300: n  1263 win 0.710 fair 0.671 roi -0.005 z_edge +3.07 | old n 649 roi -0.000 | new n 614 roi -0.011
    -301..-500: n  1607 win 0.779 fair 0.751 roi -0.020 z_edge +2.69 | old n 785 roi -0.021 | new n 822 roi -0.019
         -500+: n  1659 win 0.882 fair 0.850 roi -0.017 z_edge +4.13 | old n 895 roi -0.021 | new n 764 roi -0.012
 ATP b365 straights [model+2%]
    -101..-150: n  1242 win 0.510 fair 0.538 roi -0.108 z_edge -2.01 | old n 385 roi -0.108 | new n 857 roi -0.108
    -151..-200: n  2075 win 0.571 fair 0.598 roi -0.103 z_edge -2.46 | old n 865 roi -0.139 | new n 1210 roi -0.077
    -201..-300: n  1161 win 0.677 fair 0.670 roi -0.050 z_edge +0.49 | old n 468 roi -0.041 | new n 693 roi -0.056
    -301..-500: n  1028 win 0.743 fair 0.746 roi -0.057 z_edge -0.18 | old n 404 roi -0.071 | new n 624 roi -0.048
         -500+: n   573 win 0.843 fair 0.850 roi -0.061 z_edge -0.48 | old n 229 roi -0.058 | new n 344 roi -0.063
 WTA pin straights [all]
    -101..-150: n  8256 win 0.534 fair 0.545 roi -0.047 z_edge -2.12 | old n 3924 roi -0.047 | new n 4332 roi -0.046
    -151..-200: n  6885 win 0.617 fair 0.618 roi -0.027 z_edge -0.15 | old n 3194 roi -0.029 | new n 3691 roi -0.025
    -201..-300: n  6803 win 0.694 fair 0.690 roi -0.020 z_edge +0.77 | old n 3338 roi -0.022 | new n 3465 roi -0.018
    -301..-500: n  5806 win 0.772 fair 0.769 roi -0.023 z_edge +0.48 | old n 2800 roi -0.024 | new n 3006 roi -0.022
         -500+: n  4649 win 0.892 fair 0.873 roi -0.005 z_edge +4.20 | old n 2399 roi -0.010 | new n 2250 roi +0.001
 WTA pin straights [blend+2%]
    -101..-150: n   156 win 0.545 fair 0.551 roi -0.033 z_edge -0.15 | old n 79 roi -0.176 | new n 77 roi +0.113
    -151..-200: n   219 win 0.676 fair 0.617 roi +0.066 z_edge +1.87 | old n 122 roi +0.049 | new n 97 roi +0.089
    -201..-300: n   271 win 0.727 fair 0.690 roi +0.028 z_edge +1.37 | old n 194 roi -0.005 | new n 77 roi +0.109
    -301..-500: n   209 win 0.794 fair 0.763 roi +0.013 z_edge +1.11 | old n 128 roi +0.033 | new n 81 roi -0.020
         -500+: n    36 win 0.861 fair 0.831 roi +0.010 z_edge +0.52 | old n 25 roi -0.018 | new n 11 roi +0.073
 WTA pin straights [model+2%]
    -101..-150: n  2537 win 0.527 fair 0.544 roi -0.057 z_edge -1.73 | old n 1079 roi -0.079 | new n 1458 roi -0.041
    -151..-200: n  1628 win 0.591 fair 0.617 roi -0.068 z_edge -2.16 | old n 601 roi -0.042 | new n 1027 roi -0.084
    -201..-300: n  1219 win 0.699 fair 0.688 roi -0.010 z_edge +0.85 | old n 449 roi -0.018 | new n 770 roi -0.005
    -301..-500: n   737 win 0.786 fair 0.765 roi -0.001 z_edge +1.35 | old n 241 roi +0.031 | new n 496 roi -0.017
         -500+: n   246 win 0.911 fair 0.854 roi +0.039 z_edge +3.13 | old n 91 roi -0.002 | new n 155 roi +0.064
 WTA b365 straights [all]
    -101..-150: n  4354 win 0.519 fair 0.539 roi -0.094 z_edge -2.61 | old n 1541 roi -0.097 | new n 2813 roi -0.093
    -151..-200: n  8799 win 0.594 fair 0.598 roi -0.068 z_edge -0.85 | old n 4404 roi -0.084 | new n 4395 roi -0.052
    -201..-300: n  6169 win 0.676 fair 0.671 roi -0.053 z_edge +0.82 | old n 3041 roi -0.056 | new n 3128 roi -0.051
    -301..-500: n  6726 win 0.754 fair 0.748 roi -0.048 z_edge +1.13 | old n 3280 roi -0.061 | new n 3446 roi -0.035
         -500+: n  5470 win 0.878 fair 0.854 roi -0.026 z_edge +5.44 | old n 2984 roi -0.035 | new n 2486 roi -0.016
 WTA b365 straights [blend+2%]
    -101..-150: n   715 win 0.568 fair 0.539 roi -0.009 z_edge +1.53 | old n 249 roi -0.102 | new n 466 roi +0.041
    -151..-200: n  1601 win 0.621 fair 0.600 roi -0.028 z_edge +1.73 | old n 781 roi -0.064 | new n 820 roi +0.006
    -201..-300: n  1404 win 0.702 fair 0.670 roi -0.017 z_edge +2.54 | old n 755 roi -0.006 | new n 649 roi -0.029
    -301..-500: n  1586 win 0.772 fair 0.750 roi -0.027 z_edge +2.19 | old n 811 roi -0.048 | new n 775 roi -0.005
         -500+: n  1393 win 0.877 fair 0.846 roi -0.020 z_edge +3.60 | old n 749 roi -0.020 | new n 644 roi -0.019
 WTA b365 straights [model+2%]
    -101..-150: n  1375 win 0.520 fair 0.539 roi -0.093 z_edge -1.42 | old n 438 roi -0.127 | new n 937 roi -0.077
    -151..-200: n  2181 win 0.577 fair 0.598 roi -0.093 z_edge -1.92 | old n 888 roi -0.096 | new n 1293 roi -0.090
    -201..-300: n  1229 win 0.679 fair 0.670 roi -0.047 z_edge +0.68 | old n 472 roi -0.037 | new n 757 roi -0.054
    -301..-500: n  1018 win 0.746 fair 0.745 roi -0.054 z_edge +0.03 | old n 354 roi -0.071 | new n 664 roi -0.045
         -500+: n   429 win 0.897 fair 0.840 roi +0.011 z_edge +3.94 | old n 171 roi -0.024 | new n 258 roi +0.034
 ATP pin parlay cap -150 [all]: 1224 tickets, hit 0.166 (fair 0.171), avg +444, roi -0.111 z -1.94 | old 529 -0.073 | new 695 -0.141
 ATP pin parlay cap -200 [all]: 2097 tickets, hit 0.211 (fair 0.222), avg +325, roi -0.114 z -3.02 | old 946 -0.141 | new 1151 -0.092
 ATP pin parlay cap -300 [all]: 2501 tickets, hit 0.304 (fair 0.295), avg +225, roi -0.049 z -1.66 | old 1164 -0.055 | new 1337 -0.043
 ATP pin parlay cap -200 [blend+2%]: 6 tickets, hit 0.000 (fair 0.211), avg +341, roi -1.000 z +0.00 | old 3 -1.000 | new 3 -1.000
 ATP pin parlay cap -300 [blend+2%]: 18 tickets, hit 0.167 (fair 0.260), avg +265, roi -0.481 z -1.70 | old 8 -0.202 | new 10 -0.705
 ATP pin parlay cap -150 [model+2%]: 187 tickets, hit 0.150 (fair 0.163), avg +472, roi -0.157 z -1.06 | old 70 -0.378 | new 117 -0.025
 ATP pin parlay cap -200 [model+2%]: 507 tickets, hit 0.175 (fair 0.199), avg +373, roi -0.186 z -2.35 | old 185 -0.318 | new 322 -0.111
 ATP pin parlay cap -300 [model+2%]: 765 tickets, hit 0.224 (fair 0.236), avg +308, roi -0.128 z -2.13 | old 296 -0.149 | new 469 -0.115
 ATP b365 parlay cap -150 [all]: 498 tickets, hit 0.112 (fair 0.162), avg +418, roi -0.422 z -5.79 | old 105 -0.495 | new 393 -0.403
 ATP b365 parlay cap -200 [all]: 1909 tickets, hit 0.195 (fair 0.213), avg +294, roi -0.239 z -6.72 | old 818 -0.301 | new 1091 -0.193
 ATP b365 parlay cap -300 [all]: 2394 tickets, hit 0.273 (fair 0.271), avg +216, roi -0.176 z -6.31 | old 1103 -0.221 | new 1291 -0.137
 ATP b365 parlay cap -150 [blend+2%]: 9 tickets, hit 0.222 (fair 0.166), avg +413, roi +0.128 z +0.17 | old 1 +4.325 | new 8 -0.397
 ATP b365 parlay cap -200 [blend+2%]: 141 tickets, hit 0.270 (fair 0.197), avg +329, roi +0.133 z +0.83 | old 35 +0.169 | new 106 +0.121
 ATP b365 parlay cap -300 [blend+2%]: 346 tickets, hit 0.303 (fair 0.242), avg +252, roi +0.034 z +0.39 | old 141 +0.030 | new 205 +0.037
 ATP b365 parlay cap -150 [model+2%]: 49 tickets, hit 0.102 (fair 0.159), avg +430, roi -0.467 z -2.04 | old 4 +0.331 | new 45 -0.538
 ATP b365 parlay cap -200 [model+2%]: 390 tickets, hit 0.197 (fair 0.198), avg +324, roi -0.192 z -2.32 | old 127 -0.262 | new 263 -0.159
 ATP b365 parlay cap -300 [model+2%]: 631 tickets, hit 0.224 (fair 0.230), avg +271, roi -0.206 z -3.45 | old 218 -0.242 | new 413 -0.187
 WTA pin parlay cap -150 [all]: 1308 tickets, hit 0.161 (fair 0.170), avg +445, roi -0.126 z -2.28 | old 602 -0.151 | new 706 -0.105
 WTA pin parlay cap -200 [all]: 2270 tickets, hit 0.207 (fair 0.220), avg +328, roi -0.134 z -3.71 | old 1043 -0.135 | new 1227 -0.133
 WTA pin parlay cap -300 [all]: 2680 tickets, hit 0.289 (fair 0.291), avg +230, roi -0.087 z -3.08 | old 1260 -0.082 | new 1420 -0.092
 WTA pin parlay cap -200 [blend+2%]: 5 tickets, hit 0.600 (fair 0.201), avg +362, roi +1.674 z +1.51 | old 2 -1.000 | new 3 +3.457
 WTA pin parlay cap -300 [blend+2%]: 13 tickets, hit 0.538 (fair 0.237), avg +295, roi +1.124 z +1.94 | old 5 +0.394 | new 8 +1.580
 WTA pin parlay cap -150 [model+2%]: 205 tickets, hit 0.112 (fair 0.163), avg +468, roi -0.367 z -2.94 | old 86 -0.412 | new 119 -0.335
 WTA pin parlay cap -200 [model+2%]: 543 tickets, hit 0.160 (fair 0.197), avg +377, roi -0.236 z -3.11 | old 205 -0.242 | new 338 -0.232
 WTA pin parlay cap -300 [model+2%]: 804 tickets, hit 0.224 (fair 0.238), avg +305, roi -0.148 z -2.57 | old 301 -0.045 | new 503 -0.210
 WTA b365 parlay cap -150 [all]: 542 tickets, hit 0.120 (fair 0.161), avg +419, roi -0.376 z -5.16 | old 151 -0.519 | new 391 -0.321
 WTA b365 parlay cap -200 [all]: 2061 tickets, hit 0.190 (fair 0.213), avg +295, roi -0.259 z -7.66 | old 935 -0.269 | new 1126 -0.251
 WTA b365 parlay cap -300 [all]: 2541 tickets, hit 0.269 (fair 0.270), avg +217, roi -0.171 z -6.20 | old 1181 -0.192 | new 1360 -0.152
 WTA b365 parlay cap -150 [blend+2%]: 7 tickets, hit 0.143 (fair 0.157), avg +435, roi -0.204 z -0.26 | old 2 -1.000 | new 5 +0.115
 WTA b365 parlay cap -200 [blend+2%]: 170 tickets, hit 0.212 (fair 0.201), avg +315, roi -0.128 z -0.98 | old 75 -0.231 | new 95 -0.045
 WTA b365 parlay cap -300 [blend+2%]: 437 tickets, hit 0.277 (fair 0.241), avg +251, roi -0.056 z -0.75 | old 208 -0.082 | new 229 -0.031
 WTA b365 parlay cap -150 [model+2%]: 65 tickets, hit 0.077 (fair 0.160), avg +427, roi -0.586 z -3.26 | old 9 -1.000 | new 56 -0.519
 WTA b365 parlay cap -200 [model+2%]: 389 tickets, hit 0.162 (fair 0.198), avg +326, roi -0.306 z -3.79 | old 128 -0.361 | new 261 -0.279
 WTA b365 parlay cap -300 [model+2%]: 666 tickets, hit 0.219 (fair 0.233), avg +267, roi -0.233 z -4.06 | old 238 -0.318 | new 428 -0.185
 tests at n300+: 266 straight, 28 parlay; expected by luck 0.062 + 0.751
 passed the bar: ['atp|b365|blend+2%|parlay -300'] · proven (not luck-sized): none
 VERDICT: NOT LUCRATIVE (a pass that looks like luck). atp|b365|blend+2%|parlay -300 (n 346, roi +0.034, profit z +0.39) clears the bar, but its profit z is under 2 and 0.81 passes were expected by luck alone. Nothing to act on. Research only.
✅ tennis heavy favorites: 11s · proven: {"proven": []}
study run done in 359s: 20/20 studies ok
✅ underdogs + favorites: 3s · proven: {"nfl": [], "nfl price check": false, "ncaaf": [], "ncaaf price check": false, "nba": [], "nba price check": false, "ncaab": [], "ncaab price check": true, "mlb": [], "mlb price check": false, "nhl": [], "nhl price check": true}
✅ over/unders: 11s · proven: {"nfl": true, "ncaaf": false, "nba": false, "ncaab": true, "mlb": false, "nhl": false}
✅ hockey: 17s · proven: null
✅ spread vs moneyline: 11s · proven: {"nfl": true, "ncaaf": false, "nba": false, "ncaab": false}
✅ puck lines / run lines: 7s · proven: null
✅ halves / first period: 2s · proven: null
✅ comebacks: 188s · proven: null
✅ trends: 10s · proven: {"proven": ["ncaab|rate|fav_cover", "ncaaf|rate|total"]}
✅ rigged / fade the public: 1s · proven: {"proven": []}
✅ self-check on our picks: 0s · proven: null
✅ situational spots: 17s · proven: {"nfl": [], "ncaaf": [], "nba": [], "ncaab": [], "mlb": [], "nhl": []}
✅ line movement + CLV: 3s · proven: {"proven": []}
✅ our engine vs the move (can it beat the pros?): 4s · proven: {"proven": []}
✅ the engine's strengths, sport by sport: 5s · proven: {"proven": ["ncaaf", "nba"]}
THE CONTEXT STUDY: 586 tests with 300+ bets; bar z >= 3.5 + profit in both halves. Luck alone: ~0.136 false positives expected (fake no-edge results passed 0.0 on average); refs: officials.json loaded
nfl: 2763 games · proven - · confirmed - · killed -
   ref_home-|spread|dog         n=   440 roi old +0.016 new +0.101 edge +0.0529 z=+1.29
   any:out_dome|total|over      n=   461 roi old +0.057 new +0.025 edge +0.0444 z=+0.93
   div|spread|dog               n=   776 roi old +0.026 new +0.034 edge +0.0378 z=+0.86
   out_dome|ml|team             n=   449 roi old +0.121 new -0.031 edge +0.0396 z=+0.75
   any:dome_out|total|under     n=   457 roi old +0.014 new +0.044 edge +0.0384 z=+0.65
   nonconf|total|under          n=   566 roi old +0.068 new -0.034 edge +0.0321 z=+0.43
ncaaf: 9696 games · proven - · confirmed - · killed -
   any:east1000|total|under     n=   462 roi old +0.059 new +0.098 edge +0.0650 z=+1.78
   rival|total|under            n=   304 roi old +0.079 new +0.064 edge +0.0624 z=+1.32
   rival|spread|road            n=   302 roi old +0.011 new +0.124 edge +0.0593 z=+1.24
   west1000|ml|fade             n=   451 roi old -0.031 new +0.127 edge +0.0337 z=+0.78
   trip1000|ml|fade             n=   899 roi old -0.027 new +0.074 edge +0.0176 z=+0.55
   west1000|spread|fade         n=   439 roi old -0.044 new +0.084 edge +0.0347 z=+0.45
nba: 12852 games · proven - · confirmed - · killed -
   any:rest|total|over          n=   328 roi old +0.140 new +0.105 edge +0.0881 z=+2.36
   ref_under|ml|road            n=   403 roi old +0.116 new +0.234 edge +0.0761 z=+2.29
   any:tank|total|over          n=   584 roi old +0.006 new +0.124 edge +0.0581 z=+1.66
   any:elim|total|over          n=   664 roi old -0.017 new +0.110 edge +0.0481 z=+1.26
   ref_under|ml|dog             n=   400 roi old +0.064 new +0.127 edge +0.0431 z=+1.13
   tank|spread|fade             n=   527 roi old +0.032 new +0.050 edge +0.0445 z=+0.99
ncaab: 58494 games · proven - · confirmed - · killed -
   ref_under|total|under        n=  2506 roi old +0.032 new +0.064 edge +0.0488 z=+2.54
   ref_over|total|over          n=  1492 roi old +0.065 new +0.022 edge +0.0467 z=+1.77
   road3in6|spread|team         n=   481 roi old +0.019 new +0.048 edge +0.0411 z=+0.76
   rival|spread|home            n=   368 roi old +0.130 new -0.055 edge +0.0435 z=+0.76
   rival|total|under            n=   371 roi old +0.084 new -0.042 edge +0.0342 z=+0.41
   rival|ml|home                n=   374 roi old +0.054 new -0.025 edge +0.0330 z=+0.30
mlb: 23241 games · proven - · confirmed - · killed -
   trip2000|ml|fade             n=   658 roi old +0.089 new -0.043 edge +0.0265 z=+0.58
   east1000|ml|team             n=  1399 roi old +0.041 new -0.009 edge +0.0244 z=+0.57
   nonconf|ml|road              n=  4275 roi old +0.039 new -0.032 edge +0.0179 z=+0.20
   any:west1000|total|over      n=  1439 roi old -0.021 new +0.026 edge +0.0240 z=+0.09
   trip1000|ml|team             n=  2473 roi old +0.000 new -0.001 edge +0.0163 z=-0.02
   ref_under|total|under        n=  3081 roi old +0.001 new -0.002 edge +0.0220 z=-0.02
nhl: 13221 games · proven - · confirmed - · killed -
   ref_home+|ml|road            n=   489 roi old +0.045 new +0.001 edge +0.0281 z=+0.45
   race|ml|team                 n=  1320 roi old +0.025 new -0.022 edge +0.0237 z=+0.04
   ref_home-|total|under        n=   589 roi old +0.035 new -0.037 edge +0.0231 z=-0.03
   mustwin|ml|team              n=  1228 roi old +0.036 new -0.040 edge +0.0226 z=-0.07
   trip2000|ml|fade             n=   526 roi old -0.017 new -0.002 edge +0.0104 z=-0.21
   any:west1000|total|over      n=  1326 roi old +0.005 new -0.021 edge +0.0201 z=-0.29
✅ context: rivalries, travel, domes, stakes, refs: 34s · proven: {"nfl": [], "ncaaf": [], "nba": [], "ncaab": [], "mlb": [], "nhl": []}
✅ early value plays: the early-price exam: 47s · proven: {"proven": ["mlb +8..12 (+100..+149 dogs)"]}
THE EXPLORER: tested 6000 NEW angles (153931 ever) in 39.4s
   new suspects: 0 (luck alone would give ~1.4) · promoted to PROVEN: 0 · killed: 0 · proven demoted: 0
   now watching 0 suspects · 0 proven · 0 killed
   TEAM TRENDS pooled across sports (all games so far; 'follow' = ride the trend, 'fade' = bet against it; the bar: 300+ bets, profit in both halves, z 3.5+):
   1st-quarter form|ml: n=23934 (2018-04-07..2026-09-27) follow hit 62.2% older / 62.9% newer (fair 61.3%, roi -0.024 / -0.026, z -4.07, edge z 4.42) · fade hit 37.8% / 37.1% (roi -0.095 / -0.146, z -12.25) -> no edge
   1st-quarter form|p1ml: n=14233 (2018-09-09..2026-09-27) follow hit 60.6% older / 61.4% newer (fair 59.7%, roi -0.031 / -0.036, z -4.63, edge z 3.32) · fade hit 39.4% / 38.6% (roi -0.083 / -0.117, z -9.09) -> no edge
   1st-quarter form|p1spread: n=14641 (2018-09-09..2026-09-27) follow hit 50.4% older / 50.0% newer (fair 50.0%, roi -0.043 / -0.060, z -6.6, edge z 0.49) · fade hit 49.5% / 50.0% (roi -0.060 / -0.059, z -7.58) -> no edge
   1st-quarter form|spread: n=21353 (2018-10-20..2026-06-14) follow hit 49.8% older / 50.4% newer (fair 50.0%, roi -0.048 / -0.037, z -6.54, edge z 0.27) · fade hit 50.2% / 49.6% (roi -0.042 / -0.051, z -7.09) -> no edge
   O/U streak 4+|total: n=15245 (2018-04-04..2026-10-03) follow hit 49.8% older / 50.7% newer (fair 50.0%, roi -0.050 / -0.030, z -5.22, edge z 0.51) · fade hit 50.2% / 49.3% (roi -0.038 / -0.058, z -6.21) -> no edge
   division record|ml: n=2511 (2018-09-09..2026-10-03) follow hit 64.3% older / 65.5% newer (fair 62.9%, roi +0.015 / -0.014, z 0.03, edge z 2.14) · fade hit 35.7% / 34.5% (roi -0.077 / -0.098, z -3.03) -> no edge
   division record|spread: n=1413 (2018-09-09..2026-10-02) follow hit 50.6% older / 48.7% newer (fair 50.0%, roi -0.032 / -0.070, z -2.01, edge z -0.3) · fade hit 49.4% / 51.3% (roi -0.055 / -0.016, z -1.41) -> no edge
   prime-time record|ml: n=189 (2018-09-17..2026-09-28) follow hit 59.6% older / 62.1% newer (fair 59.9%, roi -0.080 / +0.022, z -0.45, edge z 0.28) · fade hit 40.4% / 37.9% (roi -0.116 / -0.054, z -0.89) -> no edge
   prime-time record|spread: n=187 (2018-09-17..2026-09-28) follow hit 52.7% older / 47.9% newer (fair 50.0%, roi +0.010 / -0.085, z -0.54, edge z 0.08) · fade hit 47.3% / 52.1% (roi -0.090 / -0.007, z -0.69) -> no edge
   road ATS rate|spread: n=10255 (2018-11-04..2026-10-04) follow hit 48.8% older / 48.2% newer (fair 50.0%, roi -0.068 / -0.078, z -7.72, edge z -2.99) · fade hit 51.2% / 51.8% (roi -0.022 / -0.011, z -1.74) -> no edge
   season ATS rate|spread: n=13032 (2018-10-13..2026-04-04) follow hit 48.2% older / 49.1% newer (fair 50.0%, roi -0.079 / -0.062, z -8.4, edge z -3.09) · fade hit 51.8% / 50.9% (roi -0.011 / -0.026, z -2.23) -> no edge
   team ATS streak 3+|spread: n=16481 (2018-09-16..2026-10-04) follow hit 49.2% older / 49.4% newer (fair 50.0%, roi -0.061 / -0.055, z -7.78, edge z -1.79) · fade hit 50.8% / 50.6% (roi -0.029 / -0.034, z -4.21) -> no edge
   team ATS streak 5+|spread: n=4204 (2018-10-06..2026-06-09) follow hit 48.4% older / 48.2% newer (fair 50.0%, roi -0.075 / -0.077, z -5.17, edge z -2.14) · fade hit 51.6% / 51.8% (roi -0.015 / -0.011, z -0.87) -> no edge
✅ the explorer: NEW angles: 40s · proven: {"proven": []}
THE TENNIS EDGE STUDY: 64658 priced matches 2012-01-01 -> 2026-08-03 (older half < 2018-05-27 <= newer half) in 37.4s
   softest segments (a bias learned on the older half that still helps on the newer, mnats/match): WTA rank x10+ +1.15, WTA slam +0.91, WTA round sf+ +0.89, ATP indoor +0.78
   ATP: log loss pin 0.5752 / b365 0.5759 / avg 0.576 · margin pin 0.0253 b365 0.0605
   WTA: log loss pin 0.5903 / b365 0.5912 / avg 0.5908 · margin pin 0.0266 b365 0.0619
   line shop b365 >2% over pinnacle fair: n=4674 roi -0.066 / -0.032 (expected +0.063) edge z=2.68 · beats fair in 14% of matches
   line shop avg >2% over pinnacle fair: n=928 roi -0.164 / -0.045 (expected +0.067) edge z=-0.25 · beats fair in 4% of matches
   line shop max >2% over pinnacle fair: n=30043 roi +0.016 / +0.023 (expected +0.069) edge z=2.42 · beats fair in 73% of matches
   model vs market, newer half: pinnacle 0.597 · elo 0.6295 · model 0.6262 · blend 0.5969 (+0.100 mnats, z 1.07)
   bovada: 204 closing lines, margin 0.0452, 0 matched to pinnacle, 130 graded
   names -> ESPN ids: 0.8856 of 1556 names since ESPN's history (by tour {'atp': 0.9195, 'wta': 0.8534}), 0.9386 of match sides · birth dates for 0.9385 of sides (2808 bios on file)
   life atoms (122 read-outs at pinnacle): wta|pin|yvv:vet n=1818 roi +0.020 / -0.095 z 1.53 / -1.45, wta|pin|age:teen n=4296 roi +0.006 / +0.007 z 1.07 / 1.99, wta|pin|tvv:vet n=483 roi +0.046 / -0.126 z 0.51 / -1.2, atp|pin|age:teen n=2324 roi +0.015 / +0.006 z 0.28 / 1.94
   registry: tested 2963 new angles (83157 ever) · new suspects 0 · promoted 0 · killed 0 · luck would give ~19.34 suspects / 0.4401 proven ever
   fixed tests: 543 this run, 1 pass the bar (luck ~0.252)
   PASSES price 90-100% wta at max: n=1231 roi +0.012 / +0.029 z=3.87 (NOT a gettable price)
   closest angle: wta|avg|age:young&lvl:250&olay:long n=328 roi +0.142 / -0.019 z older 2.67 all 2.11
   closest angle: wta|b365|age:young&lvl:250&olay:long n=327 roi +0.132 / -0.034 z older 2.65 all 2.0
   closest angle: wta|avg|age:young&g365:under&olay:long n=521 roi +0.100 / +0.011 z older 2.63 all 2.44
   closest fixed: line shop b365 all fav gap>0% n=2020 roi +0.044 / +0.008 z=4.48
   closest fixed: line shop b365 atp fav gap>0% n=970 roi +0.067 / +0.007 z=3.45
   closest fixed: line shop b365 wta fav gap>0% n=1050 roi +0.026 / +0.010 z=2.9
   PROVEN: ['wta|avg|age:vet&agegap:+8&p:65-80', 'wta|pin|age:vet&agegap:+8&p:65-80']
✅ tennis edge: 38s · proven: {"proven": ["wta|avg|age:vet&agegap:+8&p:65-80", "wta|pin|age:vet&agegap:+8&p:65-80"]}
first set ATP: 32132 matches, implied log loss 0.62855 (match chance as set-1 chance 0.63577, coin 0.69315)
  crew overperformance: closest >= 0.05: n 19692, hit 0.5266 vs implied 0.5218, z 1.41 (vs recalibrated 0.73), ROI -0.0502 (older -0.0615, newer -0.0399) - z 1.41 < 3.5; older ROI -0.0615 <= 0; newer ROI -0.0399 <= 0
  crew raw_rate: closest >= 0.10: n 15498, hit 0.6247 vs implied 0.608, z 4.4 (vs recalibrated 1.16), ROI -0.0269 (older -0.0388, newer -0.016) - older ROI -0.0388 <= 0; newer ROI -0.016 <= 0
first set WTA: 32523 matches, implied log loss 0.62585 (match chance as set-1 chance 0.62643, coin 0.69315)
  crew overperformance: closest >= 0.15: n 8372, hit 0.5631 vs implied 0.549, z 2.69 (vs recalibrated 1.03), ROI -0.0357 (older -0.0422, newer -0.0286) - z 2.69 < 3.5; older ROI -0.0422 <= 0; newer ROI -0.0286 <= 0
  crew raw_rate: closest >= 0.20: n 8256, hit 0.6662 vs implied 0.638, z 5.49 (vs recalibrated 0.74), ROI -0.0109 (older -0.0057, newer -0.0164) - older ROI -0.0057 <= 0; newer ROI -0.0164 <= 0
first set real Bovada lines: 0 captured, 0 matched (test runs at 300) · 4.5s
✅ tennis first set: 5s · proven: {"proven": []}
HEAVY TENNIS FAVORITES (research only): 64658 priced matches 2012-01-01 -> 2026-01-14, split 2018-05-27, 53807 rated
 ATP pin straights [all]
    -101..-150: n  7563 win 0.541 fair 0.547 roi -0.035 z_edge -1.02 | old n 3291 roi -0.035 | new n 4272 roi -0.036
    -151..-200: n  6518 win 0.604 fair 0.619 roi -0.048 z_edge -2.43 | old n 2813 roi -0.043 | new n 3705 roi -0.052
    -201..-300: n  6514 win 0.698 fair 0.691 roi -0.014 z_edge +1.31 | old n 3112 roi -0.020 | new n 3402 roi -0.009
    -301..-500: n  5611 win 0.784 fair 0.771 roi -0.007 z_edge +2.42 | old n 2841 roi +0.006 | new n 2770 roi -0.020
         -500+: n  5778 win 0.896 fair 0.884 roi -0.009 z_edge +3.26 | old n 3246 roi -0.009 | new n 2532 roi -0.009
 ATP pin straights [blend+2%]
    -101..-150: n   116 win 0.560 fair 0.552 roi -0.012 z_edge +0.19 | old n 69 roi +0.043 | new n 47 roi -0.092
    -151..-200: n   207 win 0.551 fair 0.620 roi -0.134 z_edge -1.99 | old n 129 roi -0.072 | new n 78 roi -0.235
    -201..-300: n   233 win 0.717 fair 0.691 roi +0.011 z_edge +0.87 | old n 161 roi +0.017 | new n 72 roi -0.001
    -301..-500: n   173 win 0.775 fair 0.771 roi -0.021 z_edge +0.10 | old n 132 roi -0.014 | new n 41 roi -0.043
         -500+: n    35 win 0.914 fair 0.841 roi +0.060 z_edge +1.51 | old n 30 roi +0.083 | new n 5 roi -0.074
 ATP pin straights [model+2%]
    -101..-150: n  2343 win 0.527 fair 0.545 roi -0.055 z_edge -1.74 | old n 975 roi -0.042 | new n 1368 roi -0.065
    -151..-200: n  1544 win 0.589 fair 0.617 roi -0.068 z_edge -2.19 | old n 591 roi -0.076 | new n 953 roi -0.064
    -201..-300: n  1220 win 0.686 fair 0.689 roi -0.027 z_edge -0.20 | old n 461 roi -0.022 | new n 759 roi -0.030
    -301..-500: n   696 win 0.783 fair 0.768 roi -0.004 z_edge +0.99 | old n 274 roi +0.010 | new n 422 roi -0.014
         -500+: n   345 win 0.870 fair 0.868 roi -0.022 z_edge +0.10 | old n 126 roi +0.003 | new n 219 roi -0.037
 ATP b365 straights [all]
    -101..-150: n  4071 win 0.529 fair 0.539 roi -0.078 z_edge -1.38 | old n 1278 roi -0.087 | new n 2793 roi -0.074
    -151..-200: n  8140 win 0.585 fair 0.599 roi -0.082 z_edge -2.43 | old n 3777 roi -0.089 | new n 4363 roi -0.076
    -201..-300: n  5979 win 0.676 fair 0.671 roi -0.052 z_edge +0.88 | old n 2913 roi -0.066 | new n 3066 roi -0.040
    -301..-500: n  6606 win 0.761 fair 0.748 roi -0.038 z_edge +2.53 | old n 3213 roi -0.038 | new n 3393 roi -0.037
         -500+: n  6547 win 0.885 fair 0.864 roi -0.027 z_edge +5.31 | old n 3868 roi -0.030 | new n 2679 roi -0.023
 ATP b365 straights [blend+2%]
    -101..-150: n   649 win 0.508 fair 0.539 roi -0.113 z_edge -1.56 | old n 189 roi -0.091 | new n 460 roi -0.122
    -151..-200: n  1317 win 0.616 fair 0.598 roi -0.033 z_edge +1.30 | old n 569 roi -0.066 | new n 748 roi -0.007
    -201..-300: n  1263 win 0.710 fair 0.671 roi -0.005 z_edge +3.07 | old n 649 roi -0.000 | new n 614 roi -0.011
    -301..-500: n  1607 win 0.779 fair 0.751 roi -0.020 z_edge +2.69 | old n 785 roi -0.021 | new n 822 roi -0.019
         -500+: n  1659 win 0.882 fair 0.850 roi -0.017 z_edge +4.13 | old n 895 roi -0.021 | new n 764 roi -0.012
 ATP b365 straights [model+2%]
    -101..-150: n  1242 win 0.510 fair 0.538 roi -0.108 z_edge -2.01 | old n 385 roi -0.108 | new n 857 roi -0.108
    -151..-200: n  2075 win 0.571 fair 0.598 roi -0.103 z_edge -2.46 | old n 865 roi -0.139 | new n 1210 roi -0.077
    -201..-300: n  1161 win 0.677 fair 0.670 roi -0.050 z_edge +0.49 | old n 468 roi -0.041 | new n 693 roi -0.056
    -301..-500: n  1028 win 0.743 fair 0.746 roi -0.057 z_edge -0.18 | old n 404 roi -0.071 | new n 624 roi -0.048
         -500+: n   573 win 0.843 fair 0.850 roi -0.061 z_edge -0.48 | old n 229 roi -0.058 | new n 344 roi -0.063
 WTA pin straights [all]
    -101..-150: n  8256 win 0.534 fair 0.545 roi -0.047 z_edge -2.12 | old n 3924 roi -0.047 | new n 4332 roi -0.046
    -151..-200: n  6885 win 0.617 fair 0.618 roi -0.027 z_edge -0.15 | old n 3194 roi -0.029 | new n 3691 roi -0.025
    -201..-300: n  6803 win 0.694 fair 0.690 roi -0.020 z_edge +0.77 | old n 3338 roi -0.022 | new n 3465 roi -0.018
    -301..-500: n  5806 win 0.772 fair 0.769 roi -0.023 z_edge +0.48 | old n 2800 roi -0.024 | new n 3006 roi -0.022
         -500+: n  4649 win 0.892 fair 0.873 roi -0.005 z_edge +4.20 | old n 2399 roi -0.010 | new n 2250 roi +0.001
 WTA pin straights [blend+2%]
    -101..-150: n   156 win 0.545 fair 0.551 roi -0.033 z_edge -0.15 | old n 79 roi -0.176 | new n 77 roi +0.113
    -151..-200: n   219 win 0.676 fair 0.617 roi +0.066 z_edge +1.87 | old n 122 roi +0.049 | new n 97 roi +0.089
    -201..-300: n   271 win 0.727 fair 0.690 roi +0.028 z_edge +1.37 | old n 194 roi -0.005 | new n 77 roi +0.109
    -301..-500: n   209 win 0.794 fair 0.763 roi +0.013 z_edge +1.11 | old n 128 roi +0.033 | new n 81 roi -0.020
         -500+: n    36 win 0.861 fair 0.831 roi +0.010 z_edge +0.52 | old n 25 roi -0.018 | new n 11 roi +0.073
 WTA pin straights [model+2%]
    -101..-150: n  2537 win 0.527 fair 0.544 roi -0.057 z_edge -1.73 | old n 1079 roi -0.079 | new n 1458 roi -0.041
    -151..-200: n  1628 win 0.591 fair 0.617 roi -0.068 z_edge -2.16 | old n 601 roi -0.042 | new n 1027 roi -0.084
    -201..-300: n  1219 win 0.699 fair 0.688 roi -0.010 z_edge +0.85 | old n 449 roi -0.018 | new n 770 roi -0.005
    -301..-500: n   737 win 0.786 fair 0.765 roi -0.001 z_edge +1.35 | old n 241 roi +0.031 | new n 496 roi -0.017
         -500+: n   246 win 0.911 fair 0.854 roi +0.039 z_edge +3.13 | old n 91 roi -0.002 | new n 155 roi +0.064
 WTA b365 straights [all]
    -101..-150: n  4354 win 0.519 fair 0.539 roi -0.094 z_edge -2.61 | old n 1541 roi -0.097 | new n 2813 roi -0.093
    -151..-200: n  8799 win 0.594 fair 0.598 roi -0.068 z_edge -0.85 | old n 4404 roi -0.084 | new n 4395 roi -0.052
    -201..-300: n  6169 win 0.676 fair 0.671 roi -0.053 z_edge +0.82 | old n 3041 roi -0.056 | new n 3128 roi -0.051
    -301..-500: n  6726 win 0.754 fair 0.748 roi -0.048 z_edge +1.13 | old n 3280 roi -0.061 | new n 3446 roi -0.035
         -500+: n  5470 win 0.878 fair 0.854 roi -0.026 z_edge +5.44 | old n 2984 roi -0.035 | new n 2486 roi -0.016
 WTA b365 straights [blend+2%]
    -101..-150: n   715 win 0.568 fair 0.539 roi -0.009 z_edge +1.53 | old n 249 roi -0.102 | new n 466 roi +0.041
    -151..-200: n  1601 win 0.621 fair 0.600 roi -0.028 z_edge +1.73 | old n 781 roi -0.064 | new n 820 roi +0.006
    -201..-300: n  1404 win 0.702 fair 0.670 roi -0.017 z_edge +2.54 | old n 755 roi -0.006 | new n 649 roi -0.029
    -301..-500: n  1586 win 0.772 fair 0.750 roi -0.027 z_edge +2.19 | old n 811 roi -0.048 | new n 775 roi -0.005
         -500+: n  1393 win 0.877 fair 0.846 roi -0.020 z_edge +3.60 | old n 749 roi -0.020 | new n 644 roi -0.019
 WTA b365 straights [model+2%]
    -101..-150: n  1375 win 0.520 fair 0.539 roi -0.093 z_edge -1.42 | old n 438 roi -0.127 | new n 937 roi -0.077
    -151..-200: n  2181 win 0.577 fair 0.598 roi -0.093 z_edge -1.92 | old n 888 roi -0.096 | new n 1293 roi -0.090
    -201..-300: n  1229 win 0.679 fair 0.670 roi -0.047 z_edge +0.68 | old n 472 roi -0.037 | new n 757 roi -0.054
    -301..-500: n  1018 win 0.746 fair 0.745 roi -0.054 z_edge +0.03 | old n 354 roi -0.071 | new n 664 roi -0.045
         -500+: n   429 win 0.897 fair 0.840 roi +0.011 z_edge +3.94 | old n 171 roi -0.024 | new n 258 roi +0.034
 ATP pin parlay cap -150 [all]: 1224 tickets, hit 0.166 (fair 0.171), avg +444, roi -0.111 z -1.94 | old 529 -0.073 | new 695 -0.141
 ATP pin parlay cap -200 [all]: 2097 tickets, hit 0.211 (fair 0.222), avg +325, roi -0.114 z -3.02 | old 946 -0.141 | new 1151 -0.092
 ATP pin parlay cap -300 [all]: 2501 tickets, hit 0.304 (fair 0.295), avg +225, roi -0.049 z -1.66 | old 1164 -0.055 | new 1337 -0.043
 ATP pin parlay cap -200 [blend+2%]: 6 tickets, hit 0.000 (fair 0.211), avg +341, roi -1.000 z +0.00 | old 3 -1.000 | new 3 -1.000
 ATP pin parlay cap -300 [blend+2%]: 18 tickets, hit 0.167 (fair 0.260), avg +265, roi -0.481 z -1.70 | old 8 -0.202 | new 10 -0.705
 ATP pin parlay cap -150 [model+2%]: 187 tickets, hit 0.150 (fair 0.163), avg +472, roi -0.157 z -1.06 | old 70 -0.378 | new 117 -0.025
 ATP pin parlay cap -200 [model+2%]: 507 tickets, hit 0.175 (fair 0.199), avg +373, roi -0.186 z -2.35 | old 185 -0.318 | new 322 -0.111
 ATP pin parlay cap -300 [model+2%]: 765 tickets, hit 0.224 (fair 0.236), avg +308, roi -0.128 z -2.13 | old 296 -0.149 | new 469 -0.115
 ATP b365 parlay cap -150 [all]: 498 tickets, hit 0.112 (fair 0.162), avg +418, roi -0.422 z -5.79 | old 105 -0.495 | new 393 -0.403
 ATP b365 parlay cap -200 [all]: 1909 tickets, hit 0.195 (fair 0.213), avg +294, roi -0.239 z -6.72 | old 818 -0.301 | new 1091 -0.193
 ATP b365 parlay cap -300 [all]: 2394 tickets, hit 0.273 (fair 0.271), avg +216, roi -0.176 z -6.31 | old 1103 -0.221 | new 1291 -0.137
 ATP b365 parlay cap -150 [blend+2%]: 9 tickets, hit 0.222 (fair 0.166), avg +413, roi +0.128 z +0.17 | old 1 +4.325 | new 8 -0.397
 ATP b365 parlay cap -200 [blend+2%]: 141 tickets, hit 0.270 (fair 0.197), avg +329, roi +0.133 z +0.83 | old 35 +0.169 | new 106 +0.121
 ATP b365 parlay cap -300 [blend+2%]: 346 tickets, hit 0.303 (fair 0.242), avg +252, roi +0.034 z +0.39 | old 141 +0.030 | new 205 +0.037
 ATP b365 parlay cap -150 [model+2%]: 49 tickets, hit 0.102 (fair 0.159), avg +430, roi -0.467 z -2.04 | old 4 +0.331 | new 45 -0.538
 ATP b365 parlay cap -200 [model+2%]: 390 tickets, hit 0.197 (fair 0.198), avg +324, roi -0.192 z -2.32 | old 127 -0.262 | new 263 -0.159
 ATP b365 parlay cap -300 [model+2%]: 631 tickets, hit 0.224 (fair 0.230), avg +271, roi -0.206 z -3.45 | old 218 -0.242 | new 413 -0.187
 WTA pin parlay cap -150 [all]: 1308 tickets, hit 0.161 (fair 0.170), avg +445, roi -0.126 z -2.28 | old 602 -0.151 | new 706 -0.105
 WTA pin parlay cap -200 [all]: 2270 tickets, hit 0.207 (fair 0.220), avg +328, roi -0.134 z -3.71 | old 1043 -0.135 | new 1227 -0.133
 WTA pin parlay cap -300 [all]: 2680 tickets, hit 0.289 (fair 0.291), avg +230, roi -0.087 z -3.08 | old 1260 -0.082 | new 1420 -0.092
 WTA pin parlay cap -200 [blend+2%]: 5 tickets, hit 0.600 (fair 0.201), avg +362, roi +1.674 z +1.51 | old 2 -1.000 | new 3 +3.457
 WTA pin parlay cap -300 [blend+2%]: 13 tickets, hit 0.538 (fair 0.237), avg +295, roi +1.124 z +1.94 | old 5 +0.394 | new 8 +1.580
 WTA pin parlay cap -150 [model+2%]: 205 tickets, hit 0.112 (fair 0.163), avg +468, roi -0.367 z -2.94 | old 86 -0.412 | new 119 -0.335
 WTA pin parlay cap -200 [model+2%]: 543 tickets, hit 0.160 (fair 0.197), avg +377, roi -0.236 z -3.11 | old 205 -0.242 | new 338 -0.232
 WTA pin parlay cap -300 [model+2%]: 804 tickets, hit 0.224 (fair 0.238), avg +305, roi -0.148 z -2.57 | old 301 -0.045 | new 503 -0.210
 WTA b365 parlay cap -150 [all]: 542 tickets, hit 0.120 (fair 0.161), avg +419, roi -0.376 z -5.16 | old 151 -0.519 | new 391 -0.321
 WTA b365 parlay cap -200 [all]: 2061 tickets, hit 0.190 (fair 0.213), avg +295, roi -0.259 z -7.66 | old 935 -0.269 | new 1126 -0.251
 WTA b365 parlay cap -300 [all]: 2541 tickets, hit 0.269 (fair 0.270), avg +217, roi -0.171 z -6.20 | old 1181 -0.192 | new 1360 -0.152
 WTA b365 parlay cap -150 [blend+2%]: 7 tickets, hit 0.143 (fair 0.157), avg +435, roi -0.204 z -0.26 | old 2 -1.000 | new 5 +0.115
 WTA b365 parlay cap -200 [blend+2%]: 170 tickets, hit 0.212 (fair 0.201), avg +315, roi -0.128 z -0.98 | old 75 -0.231 | new 95 -0.045
 WTA b365 parlay cap -300 [blend+2%]: 437 tickets, hit 0.277 (fair 0.241), avg +251, roi -0.056 z -0.75 | old 208 -0.082 | new 229 -0.031
 WTA b365 parlay cap -150 [model+2%]: 65 tickets, hit 0.077 (fair 0.160), avg +427, roi -0.586 z -3.26 | old 9 -1.000 | new 56 -0.519
 WTA b365 parlay cap -200 [model+2%]: 389 tickets, hit 0.162 (fair 0.198), avg +326, roi -0.306 z -3.79 | old 128 -0.361 | new 261 -0.279
 WTA b365 parlay cap -300 [model+2%]: 666 tickets, hit 0.219 (fair 0.233), avg +267, roi -0.233 z -4.06 | old 238 -0.318 | new 428 -0.185
 tests at n300+: 266 straight, 28 parlay; expected by luck 0.062 + 0.751
 passed the bar: ['atp|b365|blend+2%|parlay -300'] · proven (not luck-sized): none
 VERDICT: NOT LUCRATIVE (a pass that looks like luck). atp|b365|blend+2%|parlay -300 (n 346, roi +0.034, profit z +0.39) clears the bar, but its profit z is under 2 and 0.81 passes were expected by luck alone. Nothing to act on. Research only.
✅ tennis heavy favorites: 14s · proven: {"proven": []}
study run done in 456s: 20/20 studies ok
✅ underdogs + favorites: 3s · proven: {"nfl": [], "nfl price check": false, "ncaaf": [], "ncaaf price check": false, "nba": [], "nba price check": false, "ncaab": [], "ncaab price check": true, "mlb": [], "mlb price check": false, "nhl": [], "nhl price check": true}
✅ over/unders: 11s · proven: {"nfl": true, "ncaaf": false, "nba": false, "ncaab": true, "mlb": false, "nhl": false}
✅ hockey: 18s · proven: null
✅ spread vs moneyline: 11s · proven: {"nfl": true, "ncaaf": false, "nba": false, "ncaab": false}
✅ puck lines / run lines: 7s · proven: null
✅ halves / first period: 2s · proven: null
✅ comebacks: 197s · proven: null
✅ trends: 10s · proven: {"proven": ["ncaab|rate|fav_cover", "ncaaf|rate|total"]}
✅ rigged / fade the public: 1s · proven: {"proven": []}
✅ self-check on our picks: 0s · proven: null
✅ situational spots: 17s · proven: {"nfl": [], "ncaaf": [], "nba": [], "ncaab": [], "mlb": [], "nhl": []}
✅ line movement + CLV: 3s · proven: {"proven": []}
✅ our engine vs the move (can it beat the pros?): 5s · proven: {"proven": []}
✅ the engine's strengths, sport by sport: 6s · proven: {"proven": ["ncaaf", "nba"]}
THE CONTEXT STUDY: 586 tests with 300+ bets; bar z >= 3.5 + profit in both halves. Luck alone: ~0.136 false positives expected (fake no-edge results passed 0.0 on average); refs: officials.json loaded
nfl: 2771 games · proven - · confirmed - · killed -
   ref_home-|spread|dog         n=   440 roi old +0.016 new +0.101 edge +0.0529 z=+1.29
   any:out_dome|total|over      n=   461 roi old +0.057 new +0.025 edge +0.0444 z=+0.93
   div|spread|dog               n=   777 roi old +0.026 new +0.036 edge +0.0384 z=+0.89
   out_dome|ml|team             n=   449 roi old +0.121 new -0.031 edge +0.0396 z=+0.75
   any:dome_out|total|under     n=   458 roi old +0.010 new +0.044 edge +0.0373 z=+0.60
   nonconf|total|under          n=   568 roi old +0.064 new -0.030 edge +0.0320 z=+0.43
ncaaf: 9696 games · proven - · confirmed - · killed -
   any:east1000|total|under     n=   462 roi old +0.059 new +0.098 edge +0.0650 z=+1.78
   rival|total|under            n=   304 roi old +0.079 new +0.064 edge +0.0624 z=+1.32
   rival|spread|road            n=   302 roi old +0.011 new +0.124 edge +0.0593 z=+1.24
   west1000|ml|fade             n=   451 roi old -0.031 new +0.127 edge +0.0337 z=+0.78
   trip1000|ml|fade             n=   899 roi old -0.027 new +0.074 edge +0.0176 z=+0.55
   west1000|spread|fade         n=   439 roi old -0.044 new +0.084 edge +0.0347 z=+0.45
nba: 12852 games · proven - · confirmed - · killed -
   any:rest|total|over          n=   328 roi old +0.140 new +0.105 edge +0.0881 z=+2.36
   ref_under|ml|road            n=   403 roi old +0.116 new +0.234 edge +0.0761 z=+2.29
   any:tank|total|over          n=   584 roi old +0.006 new +0.124 edge +0.0581 z=+1.66
   any:elim|total|over          n=   664 roi old -0.017 new +0.110 edge +0.0481 z=+1.26
   ref_under|ml|dog             n=   400 roi old +0.064 new +0.127 edge +0.0431 z=+1.13
   tank|spread|fade             n=   527 roi old +0.032 new +0.050 edge +0.0445 z=+0.99
ncaab: 58494 games · proven - · confirmed - · killed -
   ref_under|total|under        n=  2506 roi old +0.032 new +0.064 edge +0.0488 z=+2.54
   ref_over|total|over          n=  1492 roi old +0.065 new +0.022 edge +0.0467 z=+1.77
   road3in6|spread|team         n=   481 roi old +0.019 new +0.048 edge +0.0411 z=+0.76
   rival|spread|home            n=   368 roi old +0.130 new -0.055 edge +0.0435 z=+0.76
   rival|total|under            n=   371 roi old +0.084 new -0.042 edge +0.0342 z=+0.41
   rival|ml|home                n=   374 roi old +0.054 new -0.025 edge +0.0330 z=+0.30
mlb: 23241 games · proven - · confirmed - · killed -
   trip2000|ml|fade             n=   658 roi old +0.089 new -0.043 edge +0.0265 z=+0.58
   east1000|ml|team             n=  1399 roi old +0.041 new -0.009 edge +0.0244 z=+0.57
   nonconf|ml|road              n=  4275 roi old +0.039 new -0.032 edge +0.0179 z=+0.20
   any:west1000|total|over      n=  1439 roi old -0.021 new +0.026 edge +0.0240 z=+0.09
   trip1000|ml|team             n=  2473 roi old +0.000 new -0.001 edge +0.0163 z=-0.02
   ref_under|total|under        n=  3081 roi old +0.001 new -0.002 edge +0.0220 z=-0.02
nhl: 13222 games · proven - · confirmed - · killed -
   ref_home+|ml|road            n=   489 roi old +0.045 new +0.001 edge +0.0281 z=+0.45
   race|ml|team                 n=  1320 roi old +0.025 new -0.022 edge +0.0237 z=+0.04
   ref_home-|total|under        n=   589 roi old +0.035 new -0.037 edge +0.0231 z=-0.03
   mustwin|ml|team              n=  1228 roi old +0.036 new -0.040 edge +0.0226 z=-0.07
   trip2000|ml|fade             n=   526 roi old -0.017 new -0.002 edge +0.0104 z=-0.21
   any:west1000|total|over      n=  1326 roi old +0.005 new -0.021 edge +0.0201 z=-0.29
✅ context: rivalries, travel, domes, stakes, refs: 37s · proven: {"nfl": [], "ncaaf": [], "nba": [], "ncaab": [], "mlb": [], "nhl": []}
✅ early value plays: the early-price exam: 58s · proven: {"proven": ["mlb +8..12 (+100..+149 dogs)"]}
THE EXPLORER: tested 6001 NEW angles (159932 ever) in 43.2s
   new suspects: 0 (luck alone would give ~1.4) · promoted to PROVEN: 0 · killed: 0 · proven demoted: 0
   now watching 0 suspects · 0 proven · 0 killed
   TEAM TRENDS pooled across sports (all games so far; 'follow' = ride the trend, 'fade' = bet against it; the bar: 300+ bets, profit in both halves, z 3.5+):
   1st-quarter form|ml: n=23934 (2018-04-07..2026-09-27) follow hit 62.2% older / 62.9% newer (fair 61.3%, roi -0.024 / -0.026, z -4.07, edge z 4.42) · fade hit 37.8% / 37.1% (roi -0.095 / -0.146, z -12.25) -> no edge
   1st-quarter form|p1ml: n=14233 (2018-09-09..2026-09-27) follow hit 60.6% older / 61.4% newer (fair 59.7%, roi -0.031 / -0.036, z -4.63, edge z 3.32) · fade hit 39.4% / 38.6% (roi -0.083 / -0.117, z -9.09) -> no edge
   1st-quarter form|p1spread: n=14641 (2018-09-09..2026-09-27) follow hit 50.4% older / 50.0% newer (fair 50.0%, roi -0.043 / -0.060, z -6.6, edge z 0.49) · fade hit 49.5% / 50.0% (roi -0.060 / -0.059, z -7.58) -> no edge
   1st-quarter form|spread: n=21353 (2018-10-20..2026-06-14) follow hit 49.8% older / 50.4% newer (fair 50.0%, roi -0.048 / -0.037, z -6.54, edge z 0.27) · fade hit 50.2% / 49.6% (roi -0.042 / -0.051, z -7.09) -> no edge
   O/U streak 4+|total: n=15245 (2018-04-04..2026-10-03) follow hit 49.8% older / 50.7% newer (fair 50.0%, roi -0.050 / -0.030, z -5.22, edge z 0.51) · fade hit 50.2% / 49.3% (roi -0.038 / -0.058, z -6.21) -> no edge
   division record|ml: n=2512 (2018-09-09..2026-10-04) follow hit 64.3% older / 65.5% newer (fair 62.9%, roi +0.015 / -0.012, z 0.09, edge z 2.17) · fade hit 35.7% / 34.5% (roi -0.078 / -0.098, z -3.04) -> no edge
   division record|spread: n=1414 (2018-09-09..2026-10-04) follow hit 50.6% older / 48.7% newer (fair 50.0%, roi -0.031 / -0.070, z -1.99, edge z -0.28) · fade hit 49.4% / 51.3% (roi -0.057 / -0.016, z -1.43) -> no edge
   prime-time record|ml: n=189 (2018-09-17..2026-09-28) follow hit 59.6% older / 62.1% newer (fair 59.9%, roi -0.080 / +0.022, z -0.45, edge z 0.28) · fade hit 40.4% / 37.9% (roi -0.116 / -0.054, z -0.89) -> no edge
   prime-time record|spread: n=187 (2018-09-17..2026-09-28) follow hit 52.7% older / 47.9% newer (fair 50.0%, roi +0.010 / -0.085, z -0.54, edge z 0.08) · fade hit 47.3% / 52.1% (roi -0.090 / -0.007, z -0.69) -> no edge
   road ATS rate|spread: n=10258 (2018-11-04..2026-10-04) follow hit 48.8% older / 48.2% newer (fair 50.0%, roi -0.068 / -0.078, z -7.73, edge z -3.0) · fade hit 51.2% / 51.8% (roi -0.022 / -0.011, z -1.73) -> no edge
   season ATS rate|spread: n=13032 (2018-10-13..2026-04-04) follow hit 48.2% older / 49.1% newer (fair 50.0%, roi -0.079 / -0.062, z -8.4, edge z -3.09) · fade hit 51.8% / 50.9% (roi -0.011 / -0.026, z -2.23) -> no edge
   team ATS streak 3+|spread: n=16484 (2018-09-16..2026-10-04) follow hit 49.2% older / 49.4% newer (fair 50.0%, roi -0.060 / -0.055, z -7.77, edge z -1.78) · fade hit 50.8% / 50.6% (roi -0.029 / -0.033, z -4.22) -> no edge
   team ATS streak 5+|spread: n=4204 (2018-10-06..2026-06-09) follow hit 48.4% older / 48.2% newer (fair 50.0%, roi -0.075 / -0.077, z -5.17, edge z -2.14) · fade hit 51.6% / 51.8% (roi -0.015 / -0.011, z -0.87) -> no edge
✅ the explorer: NEW angles: 44s · proven: {"proven": []}
THE TENNIS EDGE STUDY: 64658 priced matches 2012-01-01 -> 2026-08-03 (older half < 2018-05-27 <= newer half) in 37.0s
   softest segments (a bias learned on the older half that still helps on the newer, mnats/match): WTA rank x10+ +1.15, WTA slam +0.91, WTA round sf+ +0.89, ATP indoor +0.78
   ATP: log loss pin 0.5752 / b365 0.5759 / avg 0.576 · margin pin 0.0253 b365 0.0605
   WTA: log loss pin 0.5903 / b365 0.5912 / avg 0.5908 · margin pin 0.0266 b365 0.0619
   line shop b365 >2% over pinnacle fair: n=4674 roi -0.066 / -0.032 (expected +0.063) edge z=2.68 · beats fair in 14% of matches
   line shop avg >2% over pinnacle fair: n=928 roi -0.164 / -0.045 (expected +0.067) edge z=-0.25 · beats fair in 4% of matches
   line shop max >2% over pinnacle fair: n=30043 roi +0.016 / +0.023 (expected +0.069) edge z=2.42 · beats fair in 73% of matches
   model vs market, newer half: pinnacle 0.597 · elo 0.6295 · model 0.6262 · blend 0.5969 (+0.100 mnats, z 1.07)
   bovada: 204 closing lines, margin 0.0452, 0 matched to pinnacle, 131 graded
   names -> ESPN ids: 0.8856 of 1556 names since ESPN's history (by tour {'atp': 0.9195, 'wta': 0.8534}), 0.9386 of match sides · birth dates for 0.9385 of sides (2808 bios on file)
   life atoms (122 read-outs at pinnacle): wta|pin|yvv:vet n=1818 roi +0.020 / -0.095 z 1.53 / -1.45, wta|pin|age:teen n=4296 roi +0.006 / +0.007 z 1.07 / 1.99, wta|pin|tvv:vet n=483 roi +0.046 / -0.126 z 0.51 / -1.2, atp|pin|age:teen n=2324 roi +0.015 / +0.006 z 0.28 / 1.94
   registry: tested 3106 new angles (86263 ever) · new suspects 0 · promoted 0 · killed 0 · luck would give ~20.07 suspects / 0.4565 proven ever
   fixed tests: 543 this run, 1 pass the bar (luck ~0.252)
   PASSES price 90-100% wta at max: n=1231 roi +0.012 / +0.029 z=3.87 (NOT a gettable price)
   closest angle: wta|b365|age:young&oret:recent&p:35-50 n=631 roi +0.104 / +0.002 z older 2.78 all 2.57
   closest angle: wta|avg|age:young&olay:long&rest:8+ n=422 roi +0.101 / +0.002 z older 2.71 all 2.24
   closest angle: wta|b365|age:young&olay:long&rest:8+ n=422 roi +0.091 / +0.005 z older 2.71 all 2.23
   closest fixed: line shop b365 all fav gap>0% n=2020 roi +0.044 / +0.008 z=4.48
   closest fixed: line shop b365 atp fav gap>0% n=970 roi +0.067 / +0.007 z=3.45
   closest fixed: line shop b365 wta fav gap>0% n=1050 roi +0.026 / +0.010 z=2.9
   PROVEN: ['wta|avg|age:vet&agegap:+8&p:65-80', 'wta|pin|age:vet&agegap:+8&p:65-80']
✅ tennis edge: 37s · proven: {"proven": ["wta|avg|age:vet&agegap:+8&p:65-80", "wta|pin|age:vet&agegap:+8&p:65-80"]}
first set ATP: 32132 matches, implied log loss 0.62855 (match chance as set-1 chance 0.63577, coin 0.69315)
  crew overperformance: closest >= 0.05: n 19692, hit 0.5266 vs implied 0.5218, z 1.41 (vs recalibrated 0.73), ROI -0.0502 (older -0.0615, newer -0.0399) - z 1.41 < 3.5; older ROI -0.0615 <= 0; newer ROI -0.0399 <= 0
  crew raw_rate: closest >= 0.10: n 15498, hit 0.6247 vs implied 0.608, z 4.4 (vs recalibrated 1.16), ROI -0.0269 (older -0.0388, newer -0.016) - older ROI -0.0388 <= 0; newer ROI -0.016 <= 0
first set WTA: 32523 matches, implied log loss 0.62585 (match chance as set-1 chance 0.62643, coin 0.69315)
  crew overperformance: closest >= 0.15: n 8372, hit 0.5631 vs implied 0.549, z 2.69 (vs recalibrated 1.03), ROI -0.0357 (older -0.0422, newer -0.0286) - z 2.69 < 3.5; older ROI -0.0422 <= 0; newer ROI -0.0286 <= 0
  crew raw_rate: closest >= 0.20: n 8256, hit 0.6662 vs implied 0.638, z 5.49 (vs recalibrated 0.74), ROI -0.0109 (older -0.0057, newer -0.0164) - older ROI -0.0057 <= 0; newer ROI -0.0164 <= 0
first set real Bovada lines: 0 captured, 0 matched (test runs at 300) · 4.4s
✅ tennis first set: 5s · proven: {"proven": []}
HEAVY TENNIS FAVORITES (research only): 64658 priced matches 2012-01-01 -> 2026-01-14, split 2018-05-27, 53807 rated
 ATP pin straights [all]
    -101..-150: n  7563 win 0.541 fair 0.547 roi -0.035 z_edge -1.02 | old n 3291 roi -0.035 | new n 4272 roi -0.036
    -151..-200: n  6518 win 0.604 fair 0.619 roi -0.048 z_edge -2.43 | old n 2813 roi -0.043 | new n 3705 roi -0.052
    -201..-300: n  6514 win 0.698 fair 0.691 roi -0.014 z_edge +1.31 | old n 3112 roi -0.020 | new n 3402 roi -0.009
    -301..-500: n  5611 win 0.784 fair 0.771 roi -0.007 z_edge +2.42 | old n 2841 roi +0.006 | new n 2770 roi -0.020
         -500+: n  5778 win 0.896 fair 0.884 roi -0.009 z_edge +3.26 | old n 3246 roi -0.009 | new n 2532 roi -0.009
 ATP pin straights [blend+2%]
    -101..-150: n   116 win 0.560 fair 0.552 roi -0.012 z_edge +0.19 | old n 69 roi +0.043 | new n 47 roi -0.092
    -151..-200: n   207 win 0.551 fair 0.620 roi -0.134 z_edge -1.99 | old n 129 roi -0.072 | new n 78 roi -0.235
    -201..-300: n   233 win 0.717 fair 0.691 roi +0.011 z_edge +0.87 | old n 161 roi +0.017 | new n 72 roi -0.001
    -301..-500: n   173 win 0.775 fair 0.771 roi -0.021 z_edge +0.10 | old n 132 roi -0.014 | new n 41 roi -0.043
         -500+: n    35 win 0.914 fair 0.841 roi +0.060 z_edge +1.51 | old n 30 roi +0.083 | new n 5 roi -0.074
 ATP pin straights [model+2%]
    -101..-150: n  2343 win 0.527 fair 0.545 roi -0.055 z_edge -1.74 | old n 975 roi -0.042 | new n 1368 roi -0.065
    -151..-200: n  1544 win 0.589 fair 0.617 roi -0.068 z_edge -2.19 | old n 591 roi -0.076 | new n 953 roi -0.064
    -201..-300: n  1220 win 0.686 fair 0.689 roi -0.027 z_edge -0.20 | old n 461 roi -0.022 | new n 759 roi -0.030
    -301..-500: n   696 win 0.783 fair 0.768 roi -0.004 z_edge +0.99 | old n 274 roi +0.010 | new n 422 roi -0.014
         -500+: n   345 win 0.870 fair 0.868 roi -0.022 z_edge +0.10 | old n 126 roi +0.003 | new n 219 roi -0.037
 ATP b365 straights [all]
    -101..-150: n  4071 win 0.529 fair 0.539 roi -0.078 z_edge -1.38 | old n 1278 roi -0.087 | new n 2793 roi -0.074
    -151..-200: n  8140 win 0.585 fair 0.599 roi -0.082 z_edge -2.43 | old n 3777 roi -0.089 | new n 4363 roi -0.076
    -201..-300: n  5979 win 0.676 fair 0.671 roi -0.052 z_edge +0.88 | old n 2913 roi -0.066 | new n 3066 roi -0.040
    -301..-500: n  6606 win 0.761 fair 0.748 roi -0.038 z_edge +2.53 | old n 3213 roi -0.038 | new n 3393 roi -0.037
         -500+: n  6547 win 0.885 fair 0.864 roi -0.027 z_edge +5.31 | old n 3868 roi -0.030 | new n 2679 roi -0.023
 ATP b365 straights [blend+2%]
    -101..-150: n   649 win 0.508 fair 0.539 roi -0.113 z_edge -1.56 | old n 189 roi -0.091 | new n 460 roi -0.122
    -151..-200: n  1317 win 0.616 fair 0.598 roi -0.033 z_edge +1.30 | old n 569 roi -0.066 | new n 748 roi -0.007
    -201..-300: n  1263 win 0.710 fair 0.671 roi -0.005 z_edge +3.07 | old n 649 roi -0.000 | new n 614 roi -0.011
    -301..-500: n  1607 win 0.779 fair 0.751 roi -0.020 z_edge +2.69 | old n 785 roi -0.021 | new n 822 roi -0.019
         -500+: n  1659 win 0.882 fair 0.850 roi -0.017 z_edge +4.13 | old n 895 roi -0.021 | new n 764 roi -0.012
 ATP b365 straights [model+2%]
    -101..-150: n  1242 win 0.510 fair 0.538 roi -0.108 z_edge -2.01 | old n 385 roi -0.108 | new n 857 roi -0.108
    -151..-200: n  2075 win 0.571 fair 0.598 roi -0.103 z_edge -2.46 | old n 865 roi -0.139 | new n 1210 roi -0.077
    -201..-300: n  1161 win 0.677 fair 0.670 roi -0.050 z_edge +0.49 | old n 468 roi -0.041 | new n 693 roi -0.056
    -301..-500: n  1028 win 0.743 fair 0.746 roi -0.057 z_edge -0.18 | old n 404 roi -0.071 | new n 624 roi -0.048
         -500+: n   573 win 0.843 fair 0.850 roi -0.061 z_edge -0.48 | old n 229 roi -0.058 | new n 344 roi -0.063
 WTA pin straights [all]
    -101..-150: n  8256 win 0.534 fair 0.545 roi -0.047 z_edge -2.12 | old n 3924 roi -0.047 | new n 4332 roi -0.046
    -151..-200: n  6885 win 0.617 fair 0.618 roi -0.027 z_edge -0.15 | old n 3194 roi -0.029 | new n 3691 roi -0.025
    -201..-300: n  6803 win 0.694 fair 0.690 roi -0.020 z_edge +0.77 | old n 3338 roi -0.022 | new n 3465 roi -0.018
    -301..-500: n  5806 win 0.772 fair 0.769 roi -0.023 z_edge +0.48 | old n 2800 roi -0.024 | new n 3006 roi -0.022
         -500+: n  4649 win 0.892 fair 0.873 roi -0.005 z_edge +4.20 | old n 2399 roi -0.010 | new n 2250 roi +0.001
 WTA pin straights [blend+2%]
    -101..-150: n   156 win 0.545 fair 0.551 roi -0.033 z_edge -0.15 | old n 79 roi -0.176 | new n 77 roi +0.113
    -151..-200: n   219 win 0.676 fair 0.617 roi +0.066 z_edge +1.87 | old n 122 roi +0.049 | new n 97 roi +0.089
    -201..-300: n   271 win 0.727 fair 0.690 roi +0.028 z_edge +1.37 | old n 194 roi -0.005 | new n 77 roi +0.109
    -301..-500: n   209 win 0.794 fair 0.763 roi +0.013 z_edge +1.11 | old n 128 roi +0.033 | new n 81 roi -0.020
         -500+: n    36 win 0.861 fair 0.831 roi +0.010 z_edge +0.52 | old n 25 roi -0.018 | new n 11 roi +0.073
 WTA pin straights [model+2%]
    -101..-150: n  2537 win 0.527 fair 0.544 roi -0.057 z_edge -1.73 | old n 1079 roi -0.079 | new n 1458 roi -0.041
    -151..-200: n  1628 win 0.591 fair 0.617 roi -0.068 z_edge -2.16 | old n 601 roi -0.042 | new n 1027 roi -0.084
    -201..-300: n  1219 win 0.699 fair 0.688 roi -0.010 z_edge +0.85 | old n 449 roi -0.018 | new n 770 roi -0.005
    -301..-500: n   737 win 0.786 fair 0.765 roi -0.001 z_edge +1.35 | old n 241 roi +0.031 | new n 496 roi -0.017
         -500+: n   246 win 0.911 fair 0.854 roi +0.039 z_edge +3.13 | old n 91 roi -0.002 | new n 155 roi +0.064
 WTA b365 straights [all]
    -101..-150: n  4354 win 0.519 fair 0.539 roi -0.094 z_edge -2.61 | old n 1541 roi -0.097 | new n 2813 roi -0.093
    -151..-200: n  8799 win 0.594 fair 0.598 roi -0.068 z_edge -0.85 | old n 4404 roi -0.084 | new n 4395 roi -0.052
    -201..-300: n  6169 win 0.676 fair 0.671 roi -0.053 z_edge +0.82 | old n 3041 roi -0.056 | new n 3128 roi -0.051
    -301..-500: n  6726 win 0.754 fair 0.748 roi -0.048 z_edge +1.13 | old n 3280 roi -0.061 | new n 3446 roi -0.035
         -500+: n  5470 win 0.878 fair 0.854 roi -0.026 z_edge +5.44 | old n 2984 roi -0.035 | new n 2486 roi -0.016
 WTA b365 straights [blend+2%]
    -101..-150: n   715 win 0.568 fair 0.539 roi -0.009 z_edge +1.53 | old n 249 roi -0.102 | new n 466 roi +0.041
    -151..-200: n  1601 win 0.621 fair 0.600 roi -0.028 z_edge +1.73 | old n 781 roi -0.064 | new n 820 roi +0.006
    -201..-300: n  1404 win 0.702 fair 0.670 roi -0.017 z_edge +2.54 | old n 755 roi -0.006 | new n 649 roi -0.029
    -301..-500: n  1586 win 0.772 fair 0.750 roi -0.027 z_edge +2.19 | old n 811 roi -0.048 | new n 775 roi -0.005
         -500+: n  1393 win 0.877 fair 0.846 roi -0.020 z_edge +3.60 | old n 749 roi -0.020 | new n 644 roi -0.019
 WTA b365 straights [model+2%]
    -101..-150: n  1375 win 0.520 fair 0.539 roi -0.093 z_edge -1.42 | old n 438 roi -0.127 | new n 937 roi -0.077
    -151..-200: n  2181 win 0.577 fair 0.598 roi -0.093 z_edge -1.92 | old n 888 roi -0.096 | new n 1293 roi -0.090
    -201..-300: n  1229 win 0.679 fair 0.670 roi -0.047 z_edge +0.68 | old n 472 roi -0.037 | new n 757 roi -0.054
    -301..-500: n  1018 win 0.746 fair 0.745 roi -0.054 z_edge +0.03 | old n 354 roi -0.071 | new n 664 roi -0.045
         -500+: n   429 win 0.897 fair 0.840 roi +0.011 z_edge +3.94 | old n 171 roi -0.024 | new n 258 roi +0.034
 ATP pin parlay cap -150 [all]: 1224 tickets, hit 0.166 (fair 0.171), avg +444, roi -0.111 z -1.94 | old 529 -0.073 | new 695 -0.141
 ATP pin parlay cap -200 [all]: 2097 tickets, hit 0.211 (fair 0.222), avg +325, roi -0.114 z -3.02 | old 946 -0.141 | new 1151 -0.092
 ATP pin parlay cap -300 [all]: 2501 tickets, hit 0.304 (fair 0.295), avg +225, roi -0.049 z -1.66 | old 1164 -0.055 | new 1337 -0.043
 ATP pin parlay cap -200 [blend+2%]: 6 tickets, hit 0.000 (fair 0.211), avg +341, roi -1.000 z +0.00 | old 3 -1.000 | new 3 -1.000
 ATP pin parlay cap -300 [blend+2%]: 18 tickets, hit 0.167 (fair 0.260), avg +265, roi -0.481 z -1.70 | old 8 -0.202 | new 10 -0.705
 ATP pin parlay cap -150 [model+2%]: 187 tickets, hit 0.150 (fair 0.163), avg +472, roi -0.157 z -1.06 | old 70 -0.378 | new 117 -0.025
 ATP pin parlay cap -200 [model+2%]: 507 tickets, hit 0.175 (fair 0.199), avg +373, roi -0.186 z -2.35 | old 185 -0.318 | new 322 -0.111
 ATP pin parlay cap -300 [model+2%]: 765 tickets, hit 0.224 (fair 0.236), avg +308, roi -0.128 z -2.13 | old 296 -0.149 | new 469 -0.115
 ATP b365 parlay cap -150 [all]: 498 tickets, hit 0.112 (fair 0.162), avg +418, roi -0.422 z -5.79 | old 105 -0.495 | new 393 -0.403
 ATP b365 parlay cap -200 [all]: 1909 tickets, hit 0.195 (fair 0.213), avg +294, roi -0.239 z -6.72 | old 818 -0.301 | new 1091 -0.193
 ATP b365 parlay cap -300 [all]: 2394 tickets, hit 0.273 (fair 0.271), avg +216, roi -0.176 z -6.31 | old 1103 -0.221 | new 1291 -0.137
 ATP b365 parlay cap -150 [blend+2%]: 9 tickets, hit 0.222 (fair 0.166), avg +413, roi +0.128 z +0.17 | old 1 +4.325 | new 8 -0.397
 ATP b365 parlay cap -200 [blend+2%]: 141 tickets, hit 0.270 (fair 0.197), avg +329, roi +0.133 z +0.83 | old 35 +0.169 | new 106 +0.121
 ATP b365 parlay cap -300 [blend+2%]: 346 tickets, hit 0.303 (fair 0.242), avg +252, roi +0.034 z +0.39 | old 141 +0.030 | new 205 +0.037
 ATP b365 parlay cap -150 [model+2%]: 49 tickets, hit 0.102 (fair 0.159), avg +430, roi -0.467 z -2.04 | old 4 +0.331 | new 45 -0.538
 ATP b365 parlay cap -200 [model+2%]: 390 tickets, hit 0.197 (fair 0.198), avg +324, roi -0.192 z -2.32 | old 127 -0.262 | new 263 -0.159
 ATP b365 parlay cap -300 [model+2%]: 631 tickets, hit 0.224 (fair 0.230), avg +271, roi -0.206 z -3.45 | old 218 -0.242 | new 413 -0.187
 WTA pin parlay cap -150 [all]: 1308 tickets, hit 0.161 (fair 0.170), avg +445, roi -0.126 z -2.28 | old 602 -0.151 | new 706 -0.105
 WTA pin parlay cap -200 [all]: 2270 tickets, hit 0.207 (fair 0.220), avg +328, roi -0.134 z -3.71 | old 1043 -0.135 | new 1227 -0.133
 WTA pin parlay cap -300 [all]: 2680 tickets, hit 0.289 (fair 0.291), avg +230, roi -0.087 z -3.08 | old 1260 -0.082 | new 1420 -0.092
 WTA pin parlay cap -200 [blend+2%]: 5 tickets, hit 0.600 (fair 0.201), avg +362, roi +1.674 z +1.51 | old 2 -1.000 | new 3 +3.457
 WTA pin parlay cap -300 [blend+2%]: 13 tickets, hit 0.538 (fair 0.237), avg +295, roi +1.124 z +1.94 | old 5 +0.394 | new 8 +1.580
 WTA pin parlay cap -150 [model+2%]: 205 tickets, hit 0.112 (fair 0.163), avg +468, roi -0.367 z -2.94 | old 86 -0.412 | new 119 -0.335
 WTA pin parlay cap -200 [model+2%]: 543 tickets, hit 0.160 (fair 0.197), avg +377, roi -0.236 z -3.11 | old 205 -0.242 | new 338 -0.232
 WTA pin parlay cap -300 [model+2%]: 804 tickets, hit 0.224 (fair 0.238), avg +305, roi -0.148 z -2.57 | old 301 -0.045 | new 503 -0.210
 WTA b365 parlay cap -150 [all]: 542 tickets, hit 0.120 (fair 0.161), avg +419, roi -0.376 z -5.16 | old 151 -0.519 | new 391 -0.321
 WTA b365 parlay cap -200 [all]: 2061 tickets, hit 0.190 (fair 0.213), avg +295, roi -0.259 z -7.66 | old 935 -0.269 | new 1126 -0.251
 WTA b365 parlay cap -300 [all]: 2541 tickets, hit 0.269 (fair 0.270), avg +217, roi -0.171 z -6.20 | old 1181 -0.192 | new 1360 -0.152
 WTA b365 parlay cap -150 [blend+2%]: 7 tickets, hit 0.143 (fair 0.157), avg +435, roi -0.204 z -0.26 | old 2 -1.000 | new 5 +0.115
 WTA b365 parlay cap -200 [blend+2%]: 170 tickets, hit 0.212 (fair 0.201), avg +315, roi -0.128 z -0.98 | old 75 -0.231 | new 95 -0.045
 WTA b365 parlay cap -300 [blend+2%]: 437 tickets, hit 0.277 (fair 0.241), avg +251, roi -0.056 z -0.75 | old 208 -0.082 | new 229 -0.031
 WTA b365 parlay cap -150 [model+2%]: 65 tickets, hit 0.077 (fair 0.160), avg +427, roi -0.586 z -3.26 | old 9 -1.000 | new 56 -0.519
 WTA b365 parlay cap -200 [model+2%]: 389 tickets, hit 0.162 (fair 0.198), avg +326, roi -0.306 z -3.79 | old 128 -0.361 | new 261 -0.279
 WTA b365 parlay cap -300 [model+2%]: 666 tickets, hit 0.219 (fair 0.233), avg +267, roi -0.233 z -4.06 | old 238 -0.318 | new 428 -0.185
 tests at n300+: 266 straight, 28 parlay; expected by luck 0.062 + 0.751
 passed the bar: ['atp|b365|blend+2%|parlay -300'] · proven (not luck-sized): none
 VERDICT: NOT LUCRATIVE (a pass that looks like luck). atp|b365|blend+2%|parlay -300 (n 346, roi +0.034, profit z +0.39) clears the bar, but its profit z is under 2 and 0.81 passes were expected by luck alone. Nothing to act on. Research only.
✅ tennis heavy favorites: 14s · proven: {"proven": []}
study run done in 486s: 20/20 studies ok
✅ underdogs + favorites: 3s · proven: {"nfl": [], "nfl price check": false, "ncaaf": [], "ncaaf price check": false, "nba": [], "nba price check": false, "ncaab": [], "ncaab price check": true, "mlb": [], "mlb price check": false, "nhl": [], "nhl price check": true}
✅ over/unders: 12s · proven: {"nfl": true, "ncaaf": false, "nba": false, "ncaab": true, "mlb": false, "nhl": false}
✅ hockey: 18s · proven: null
✅ spread vs moneyline: 11s · proven: {"nfl": true, "ncaaf": false, "nba": false, "ncaab": false}
✅ puck lines / run lines: 6s · proven: null
✅ halves / first period: 2s · proven: null
✅ comebacks: 196s · proven: null
✅ trends: 10s · proven: {"proven": ["ncaab|rate|fav_cover", "ncaaf|rate|total"]}
✅ rigged / fade the public: 1s · proven: {"proven": []}
✅ self-check on our picks: 0s · proven: null
✅ situational spots: 17s · proven: {"nfl": [], "ncaaf": [], "nba": [], "ncaab": [], "mlb": [], "nhl": []}
✅ line movement + CLV: 3s · proven: {"proven": []}
✅ our engine vs the move (can it beat the pros?): 5s · proven: {"proven": []}
✅ the engine's strengths, sport by sport: 6s · proven: {"proven": ["ncaaf", "nba"]}
THE CONTEXT STUDY: 586 tests with 300+ bets; bar z >= 3.5 + profit in both halves. Luck alone: ~0.136 false positives expected (fake no-edge results passed 0.0 on average); refs: officials.json loaded
nfl: 2776 games · proven - · confirmed - · killed -
   ref_home-|spread|dog         n=   443 roi old +0.012 new +0.117 edge +0.0559 z=+1.42
   div|spread|dog               n=   778 roi old +0.028 new +0.036 edge +0.0390 z=+0.93
   any:out_dome|total|over      n=   463 roi old +0.053 new +0.029 edge +0.0443 z=+0.92
   out_dome|ml|team             n=   451 roi old +0.116 new -0.029 edge +0.0397 z=+0.73
   any:dome_out|total|under     n=   459 roi old +0.010 new +0.039 edge +0.0361 z=+0.55
   rival|spread|home            n=   333 roi old +0.051 new -0.002 edge +0.0352 z=+0.46
ncaaf: 9696 games · proven - · confirmed - · killed -
   any:east1000|total|under     n=   462 roi old +0.059 new +0.098 edge +0.0650 z=+1.78
   rival|total|under            n=   304 roi old +0.079 new +0.064 edge +0.0624 z=+1.32
   rival|spread|road            n=   302 roi old +0.011 new +0.124 edge +0.0593 z=+1.24
   west1000|ml|fade             n=   451 roi old -0.031 new +0.127 edge +0.0337 z=+0.78
   trip1000|ml|fade             n=   899 roi old -0.027 new +0.074 edge +0.0176 z=+0.55
   west1000|spread|fade         n=   439 roi old -0.044 new +0.084 edge +0.0347 z=+0.45
nba: 12852 games · proven - · confirmed - · killed -
   any:rest|total|over          n=   328 roi old +0.140 new +0.105 edge +0.0881 z=+2.36
   ref_under|ml|road            n=   403 roi old +0.116 new +0.234 edge +0.0761 z=+2.29
   any:tank|total|over          n=   584 roi old +0.006 new +0.124 edge +0.0581 z=+1.66
   any:elim|total|over          n=   664 roi old -0.017 new +0.110 edge +0.0481 z=+1.26
   ref_under|ml|dog             n=   400 roi old +0.064 new +0.127 edge +0.0431 z=+1.13
   tank|spread|fade             n=   527 roi old +0.032 new +0.050 edge +0.0445 z=+0.99
ncaab: 58494 games · proven - · confirmed - · killed -
   ref_under|total|under        n=  2506 roi old +0.032 new +0.064 edge +0.0488 z=+2.54
   ref_over|total|over          n=  1492 roi old +0.065 new +0.022 edge +0.0467 z=+1.77
   road3in6|spread|team         n=   481 roi old +0.019 new +0.048 edge +0.0411 z=+0.76
   rival|spread|home            n=   368 roi old +0.130 new -0.055 edge +0.0435 z=+0.76
   rival|total|under            n=   371 roi old +0.084 new -0.042 edge +0.0342 z=+0.41
   rival|ml|home                n=   374 roi old +0.054 new -0.025 edge +0.0330 z=+0.30
mlb: 23243 games · proven - · confirmed - · killed -
   trip2000|ml|fade             n=   658 roi old +0.089 new -0.043 edge +0.0265 z=+0.58
   east1000|ml|team             n=  1399 roi old +0.041 new -0.009 edge +0.0244 z=+0.57
   nonconf|ml|road              n=  4275 roi old +0.039 new -0.032 edge +0.0179 z=+0.20
   any:west1000|total|over      n=  1439 roi old -0.021 new +0.026 edge +0.0240 z=+0.09
   trip1000|ml|team             n=  2473 roi old +0.000 new -0.001 edge +0.0163 z=-0.02
   ref_under|total|under        n=  3081 roi old +0.001 new -0.002 edge +0.0220 z=-0.02
nhl: 13226 games · proven - · confirmed - · killed -
   ref_home+|ml|road            n=   489 roi old +0.045 new +0.001 edge +0.0281 z=+0.45
   race|ml|team                 n=  1320 roi old +0.025 new -0.022 edge +0.0237 z=+0.04
   ref_home-|total|under        n=   589 roi old +0.035 new -0.037 edge +0.0231 z=-0.03
   mustwin|ml|team              n=  1228 roi old +0.036 new -0.040 edge +0.0226 z=-0.07
   trip2000|ml|fade             n=   526 roi old -0.017 new -0.002 edge +0.0104 z=-0.21
   any:west1000|total|over      n=  1327 roi old +0.005 new -0.022 edge +0.0197 z=-0.32
✅ context: rivalries, travel, domes, stakes, refs: 38s · proven: {"nfl": [], "ncaaf": [], "nba": [], "ncaab": [], "mlb": [], "nhl": []}
✅ early value plays: the early-price exam: 58s · proven: {"proven": ["mlb +8..12 (+100..+149 dogs)"]}
THE EXPLORER: tested 6004 NEW angles (165936 ever) in 43.7s
   new suspects: 0 (luck alone would give ~1.4) · promoted to PROVEN: 0 · killed: 0 · proven demoted: 0
   now watching 0 suspects · 0 proven · 0 killed
   TEAM TRENDS pooled across sports (all games so far; 'follow' = ride the trend, 'fade' = bet against it; the bar: 300+ bets, profit in both halves, z 3.5+):
   1st-quarter form|ml: n=23934 (2018-04-07..2026-09-27) follow hit 62.2% older / 62.9% newer (fair 61.3%, roi -0.024 / -0.026, z -4.07, edge z 4.42) · fade hit 37.8% / 37.1% (roi -0.095 / -0.146, z -12.25) -> no edge
   1st-quarter form|p1ml: n=14233 (2018-09-09..2026-09-27) follow hit 60.6% older / 61.4% newer (fair 59.7%, roi -0.031 / -0.036, z -4.63, edge z 3.32) · fade hit 39.4% / 38.6% (roi -0.083 / -0.117, z -9.09) -> no edge
   1st-quarter form|p1spread: n=14641 (2018-09-09..2026-09-27) follow hit 50.4% older / 50.0% newer (fair 50.0%, roi -0.043 / -0.060, z -6.6, edge z 0.49) · fade hit 49.5% / 50.0% (roi -0.060 / -0.059, z -7.58) -> no edge
   1st-quarter form|spread: n=21353 (2018-10-20..2026-06-14) follow hit 49.8% older / 50.4% newer (fair 50.0%, roi -0.048 / -0.037, z -6.54, edge z 0.27) · fade hit 50.2% / 49.6% (roi -0.042 / -0.051, z -7.09) -> no edge
   O/U streak 4+|total: n=15246 (2018-04-04..2026-10-05) follow hit 49.8% older / 50.7% newer (fair 50.0%, roi -0.050 / -0.030, z -5.21, edge z 0.52) · fade hit 50.2% / 49.3% (roi -0.038 / -0.058, z -6.22) -> no edge
   division record|ml: n=2512 (2018-09-09..2026-10-04) follow hit 64.3% older / 65.5% newer (fair 62.9%, roi +0.015 / -0.012, z 0.09, edge z 2.17) · fade hit 35.7% / 34.5% (roi -0.078 / -0.098, z -3.04) -> no edge
   division record|spread: n=1414 (2018-09-09..2026-10-04) follow hit 50.6% older / 48.7% newer (fair 50.0%, roi -0.031 / -0.070, z -1.99, edge z -0.28) · fade hit 49.4% / 51.3% (roi -0.057 / -0.016, z -1.43) -> no edge
   prime-time record|ml: n=189 (2018-09-17..2026-09-28) follow hit 59.6% older / 62.1% newer (fair 59.9%, roi -0.080 / +0.022, z -0.45, edge z 0.28) · fade hit 40.4% / 37.9% (roi -0.116 / -0.054, z -0.89) -> no edge
   prime-time record|spread: n=187 (2018-09-17..2026-09-28) follow hit 52.7% older / 47.9% newer (fair 50.0%, roi +0.010 / -0.085, z -0.54, edge z 0.08) · fade hit 47.3% / 52.1% (roi -0.090 / -0.007, z -0.69) -> no edge
   road ATS rate|spread: n=10261 (2018-11-04..2026-10-04) follow hit 48.8% older / 48.3% newer (fair 50.0%, roi -0.068 / -0.078, z -7.72, edge z -2.99) · fade hit 51.2% / 51.7% (roi -0.022 / -0.011, z -1.74) -> no edge
   season ATS rate|spread: n=13032 (2018-10-13..2026-04-04) follow hit 48.2% older / 49.1% newer (fair 50.0%, roi -0.079 / -0.062, z -8.4, edge z -3.09) · fade hit 51.8% / 50.9% (roi -0.011 / -0.026, z -2.23) -> no edge
   team ATS streak 3+|spread: n=16486 (2018-09-16..2026-10-04) follow hit 49.2% older / 49.4% newer (fair 50.0%, roi -0.060 / -0.055, z -7.77, edge z -1.78) · fade hit 50.8% / 50.6% (roi -0.029 / -0.033, z -4.22) -> no edge
   team ATS streak 5+|spread: n=4204 (2018-10-06..2026-06-09) follow hit 48.4% older / 48.2% newer (fair 50.0%, roi -0.075 / -0.077, z -5.17, edge z -2.14) · fade hit 51.6% / 51.8% (roi -0.015 / -0.011, z -0.87) -> no edge
✅ the explorer: NEW angles: 45s · proven: {"proven": []}
THE TENNIS EDGE STUDY: 64658 priced matches 2012-01-01 -> 2026-08-03 (older half < 2018-05-27 <= newer half) in 36.2s
   softest segments (a bias learned on the older half that still helps on the newer, mnats/match): WTA rank x10+ +1.15, WTA slam +0.91, WTA round sf+ +0.89, ATP indoor +0.78
   ATP: log loss pin 0.5752 / b365 0.5759 / avg 0.576 · margin pin 0.0253 b365 0.0605
   WTA: log loss pin 0.5903 / b365 0.5912 / avg 0.5908 · margin pin 0.0266 b365 0.0619
   line shop b365 >2% over pinnacle fair: n=4674 roi -0.066 / -0.032 (expected +0.063) edge z=2.68 · beats fair in 14% of matches
   line shop avg >2% over pinnacle fair: n=928 roi -0.164 / -0.045 (expected +0.067) edge z=-0.25 · beats fair in 4% of matches
   line shop max >2% over pinnacle fair: n=30043 roi +0.016 / +0.023 (expected +0.069) edge z=2.42 · beats fair in 73% of matches
   model vs market, newer half: pinnacle 0.597 · elo 0.6295 · model 0.6262 · blend 0.5969 (+0.100 mnats, z 1.07)
   bovada: 204 closing lines, margin 0.0452, 0 matched to pinnacle, 131 graded
   names -> ESPN ids: 0.8856 of 1556 names since ESPN's history (by tour {'atp': 0.9195, 'wta': 0.8534}), 0.9386 of match sides · birth dates for 0.9385 of sides (2808 bios on file)
   life atoms (122 read-outs at pinnacle): wta|pin|yvv:vet n=1818 roi +0.020 / -0.095 z 1.53 / -1.45, wta|pin|age:teen n=4296 roi +0.006 / +0.007 z 1.07 / 1.99, wta|pin|tvv:vet n=483 roi +0.046 / -0.126 z 0.51 / -1.2, atp|pin|age:teen n=2324 roi +0.015 / +0.006 z 0.28 / 1.94
   registry: tested 2743 new angles (89006 ever) · new suspects 0 · promoted 0 · killed 0 · luck would give ~20.71 suspects / 0.4711 proven ever
   fixed tests: 543 this run, 1 pass the bar (luck ~0.252)
   PASSES price 90-100% wta at max: n=1231 roi +0.012 / +0.029 z=3.87 (NOT a gettable price)
   closest angle: wta|avg|age:young&p:65-80&rest:0-1 n=427 roi +0.053 / +0.011 z older 3.17 all 3.35
   closest angle: wta|pin|agegap:+4-8&court:outdoor&rk:100+ n=1238 roi +0.204 / -0.142 z older 3.12 all 0.35
   closest angle: atp|avg|age:young&olast:straight&p:50-65 n=723 roi +0.108 / -0.039 z older 3.04 all 1.86
   closest fixed: line shop b365 all fav gap>0% n=2020 roi +0.044 / +0.008 z=4.48
   closest fixed: line shop b365 atp fav gap>0% n=970 roi +0.067 / +0.007 z=3.45
   closest fixed: line shop b365 wta fav gap>0% n=1050 roi +0.026 / +0.010 z=2.9
   PROVEN: ['wta|avg|age:vet&agegap:+8&p:65-80', 'wta|pin|age:vet&agegap:+8&p:65-80']
✅ tennis edge: 37s · proven: {"proven": ["wta|avg|age:vet&agegap:+8&p:65-80", "wta|pin|age:vet&agegap:+8&p:65-80"]}
first set ATP: 32132 matches, implied log loss 0.62855 (match chance as set-1 chance 0.63577, coin 0.69315)
  crew overperformance: closest >= 0.05: n 19692, hit 0.5266 vs implied 0.5218, z 1.41 (vs recalibrated 0.73), ROI -0.0502 (older -0.0615, newer -0.0399) - z 1.41 < 3.5; older ROI -0.0615 <= 0; newer ROI -0.0399 <= 0
  crew raw_rate: closest >= 0.10: n 15498, hit 0.6247 vs implied 0.608, z 4.4 (vs recalibrated 1.16), ROI -0.0269 (older -0.0388, newer -0.016) - older ROI -0.0388 <= 0; newer ROI -0.016 <= 0
first set WTA: 32523 matches, implied log loss 0.62585 (match chance as set-1 chance 0.62643, coin 0.69315)
  crew overperformance: closest >= 0.15: n 8372, hit 0.5631 vs implied 0.549, z 2.69 (vs recalibrated 1.03), ROI -0.0357 (older -0.0422, newer -0.0286) - z 2.69 < 3.5; older ROI -0.0422 <= 0; newer ROI -0.0286 <= 0
  crew raw_rate: closest >= 0.20: n 8256, hit 0.6662 vs implied 0.638, z 5.49 (vs recalibrated 0.74), ROI -0.0109 (older -0.0057, newer -0.0164) - older ROI -0.0057 <= 0; newer ROI -0.0164 <= 0
first set real Bovada lines: 0 captured, 0 matched (test runs at 300) · 4.3s
✅ tennis first set: 4s · proven: {"proven": []}
HEAVY TENNIS FAVORITES (research only): 64658 priced matches 2012-01-01 -> 2026-01-14, split 2018-05-27, 53807 rated
 ATP pin straights [all]
    -101..-150: n  7563 win 0.541 fair 0.547 roi -0.035 z_edge -1.02 | old n 3291 roi -0.035 | new n 4272 roi -0.036
    -151..-200: n  6518 win 0.604 fair 0.619 roi -0.048 z_edge -2.43 | old n 2813 roi -0.043 | new n 3705 roi -0.052
    -201..-300: n  6514 win 0.698 fair 0.691 roi -0.014 z_edge +1.31 | old n 3112 roi -0.020 | new n 3402 roi -0.009
    -301..-500: n  5611 win 0.784 fair 0.771 roi -0.007 z_edge +2.42 | old n 2841 roi +0.006 | new n 2770 roi -0.020
         -500+: n  5778 win 0.896 fair 0.884 roi -0.009 z_edge +3.26 | old n 3246 roi -0.009 | new n 2532 roi -0.009
 ATP pin straights [blend+2%]
    -101..-150: n   116 win 0.560 fair 0.552 roi -0.012 z_edge +0.19 | old n 69 roi +0.043 | new n 47 roi -0.092
    -151..-200: n   207 win 0.551 fair 0.620 roi -0.134 z_edge -1.99 | old n 129 roi -0.072 | new n 78 roi -0.235
    -201..-300: n   233 win 0.717 fair 0.691 roi +0.011 z_edge +0.87 | old n 161 roi +0.017 | new n 72 roi -0.001
    -301..-500: n   173 win 0.775 fair 0.771 roi -0.021 z_edge +0.10 | old n 132 roi -0.014 | new n 41 roi -0.043
         -500+: n    35 win 0.914 fair 0.841 roi +0.060 z_edge +1.51 | old n 30 roi +0.083 | new n 5 roi -0.074
 ATP pin straights [model+2%]
    -101..-150: n  2343 win 0.527 fair 0.545 roi -0.055 z_edge -1.74 | old n 975 roi -0.042 | new n 1368 roi -0.065
    -151..-200: n  1544 win 0.589 fair 0.617 roi -0.068 z_edge -2.19 | old n 591 roi -0.076 | new n 953 roi -0.064
    -201..-300: n  1220 win 0.686 fair 0.689 roi -0.027 z_edge -0.20 | old n 461 roi -0.022 | new n 759 roi -0.030
    -301..-500: n   696 win 0.783 fair 0.768 roi -0.004 z_edge +0.99 | old n 274 roi +0.010 | new n 422 roi -0.014
         -500+: n   345 win 0.870 fair 0.868 roi -0.022 z_edge +0.10 | old n 126 roi +0.003 | new n 219 roi -0.037
 ATP b365 straights [all]
    -101..-150: n  4071 win 0.529 fair 0.539 roi -0.078 z_edge -1.38 | old n 1278 roi -0.087 | new n 2793 roi -0.074
    -151..-200: n  8140 win 0.585 fair 0.599 roi -0.082 z_edge -2.43 | old n 3777 roi -0.089 | new n 4363 roi -0.076
    -201..-300: n  5979 win 0.676 fair 0.671 roi -0.052 z_edge +0.88 | old n 2913 roi -0.066 | new n 3066 roi -0.040
    -301..-500: n  6606 win 0.761 fair 0.748 roi -0.038 z_edge +2.53 | old n 3213 roi -0.038 | new n 3393 roi -0.037
         -500+: n  6547 win 0.885 fair 0.864 roi -0.027 z_edge +5.31 | old n 3868 roi -0.030 | new n 2679 roi -0.023
 ATP b365 straights [blend+2%]
    -101..-150: n   649 win 0.508 fair 0.539 roi -0.113 z_edge -1.56 | old n 189 roi -0.091 | new n 460 roi -0.122
    -151..-200: n  1317 win 0.616 fair 0.598 roi -0.033 z_edge +1.30 | old n 569 roi -0.066 | new n 748 roi -0.007
    -201..-300: n  1263 win 0.710 fair 0.671 roi -0.005 z_edge +3.07 | old n 649 roi -0.000 | new n 614 roi -0.011
    -301..-500: n  1607 win 0.779 fair 0.751 roi -0.020 z_edge +2.69 | old n 785 roi -0.021 | new n 822 roi -0.019
         -500+: n  1659 win 0.882 fair 0.850 roi -0.017 z_edge +4.13 | old n 895 roi -0.021 | new n 764 roi -0.012
 ATP b365 straights [model+2%]
    -101..-150: n  1242 win 0.510 fair 0.538 roi -0.108 z_edge -2.01 | old n 385 roi -0.108 | new n 857 roi -0.108
    -151..-200: n  2075 win 0.571 fair 0.598 roi -0.103 z_edge -2.46 | old n 865 roi -0.139 | new n 1210 roi -0.077
    -201..-300: n  1161 win 0.677 fair 0.670 roi -0.050 z_edge +0.49 | old n 468 roi -0.041 | new n 693 roi -0.056
    -301..-500: n  1028 win 0.743 fair 0.746 roi -0.057 z_edge -0.18 | old n 404 roi -0.071 | new n 624 roi -0.048
         -500+: n   573 win 0.843 fair 0.850 roi -0.061 z_edge -0.48 | old n 229 roi -0.058 | new n 344 roi -0.063
 WTA pin straights [all]
    -101..-150: n  8256 win 0.534 fair 0.545 roi -0.047 z_edge -2.12 | old n 3924 roi -0.047 | new n 4332 roi -0.046
    -151..-200: n  6885 win 0.617 fair 0.618 roi -0.027 z_edge -0.15 | old n 3194 roi -0.029 | new n 3691 roi -0.025
    -201..-300: n  6803 win 0.694 fair 0.690 roi -0.020 z_edge +0.77 | old n 3338 roi -0.022 | new n 3465 roi -0.018
    -301..-500: n  5806 win 0.772 fair 0.769 roi -0.023 z_edge +0.48 | old n 2800 roi -0.024 | new n 3006 roi -0.022
         -500+: n  4649 win 0.892 fair 0.873 roi -0.005 z_edge +4.20 | old n 2399 roi -0.010 | new n 2250 roi +0.001
 WTA pin straights [blend+2%]
    -101..-150: n   156 win 0.545 fair 0.551 roi -0.033 z_edge -0.15 | old n 79 roi -0.176 | new n 77 roi +0.113
    -151..-200: n   219 win 0.676 fair 0.617 roi +0.066 z_edge +1.87 | old n 122 roi +0.049 | new n 97 roi +0.089
    -201..-300: n   271 win 0.727 fair 0.690 roi +0.028 z_edge +1.37 | old n 194 roi -0.005 | new n 77 roi +0.109
    -301..-500: n   209 win 0.794 fair 0.763 roi +0.013 z_edge +1.11 | old n 128 roi +0.033 | new n 81 roi -0.020
         -500+: n    36 win 0.861 fair 0.831 roi +0.010 z_edge +0.52 | old n 25 roi -0.018 | new n 11 roi +0.073
 WTA pin straights [model+2%]
    -101..-150: n  2537 win 0.527 fair 0.544 roi -0.057 z_edge -1.73 | old n 1079 roi -0.079 | new n 1458 roi -0.041
    -151..-200: n  1628 win 0.591 fair 0.617 roi -0.068 z_edge -2.16 | old n 601 roi -0.042 | new n 1027 roi -0.084
    -201..-300: n  1219 win 0.699 fair 0.688 roi -0.010 z_edge +0.85 | old n 449 roi -0.018 | new n 770 roi -0.005
    -301..-500: n   737 win 0.786 fair 0.765 roi -0.001 z_edge +1.35 | old n 241 roi +0.031 | new n 496 roi -0.017
         -500+: n   246 win 0.911 fair 0.854 roi +0.039 z_edge +3.13 | old n 91 roi -0.002 | new n 155 roi +0.064
 WTA b365 straights [all]
    -101..-150: n  4354 win 0.519 fair 0.539 roi -0.094 z_edge -2.61 | old n 1541 roi -0.097 | new n 2813 roi -0.093
    -151..-200: n  8799 win 0.594 fair 0.598 roi -0.068 z_edge -0.85 | old n 4404 roi -0.084 | new n 4395 roi -0.052
    -201..-300: n  6169 win 0.676 fair 0.671 roi -0.053 z_edge +0.82 | old n 3041 roi -0.056 | new n 3128 roi -0.051
    -301..-500: n  6726 win 0.754 fair 0.748 roi -0.048 z_edge +1.13 | old n 3280 roi -0.061 | new n 3446 roi -0.035
         -500+: n  5470 win 0.878 fair 0.854 roi -0.026 z_edge +5.44 | old n 2984 roi -0.035 | new n 2486 roi -0.016
 WTA b365 straights [blend+2%]
    -101..-150: n   715 win 0.568 fair 0.539 roi -0.009 z_edge +1.53 | old n 249 roi -0.102 | new n 466 roi +0.041
    -151..-200: n  1601 win 0.621 fair 0.600 roi -0.028 z_edge +1.73 | old n 781 roi -0.064 | new n 820 roi +0.006
    -201..-300: n  1404 win 0.702 fair 0.670 roi -0.017 z_edge +2.54 | old n 755 roi -0.006 | new n 649 roi -0.029
    -301..-500: n  1586 win 0.772 fair 0.750 roi -0.027 z_edge +2.19 | old n 811 roi -0.048 | new n 775 roi -0.005
         -500+: n  1393 win 0.877 fair 0.846 roi -0.020 z_edge +3.60 | old n 749 roi -0.020 | new n 644 roi -0.019
 WTA b365 straights [model+2%]
    -101..-150: n  1375 win 0.520 fair 0.539 roi -0.093 z_edge -1.42 | old n 438 roi -0.127 | new n 937 roi -0.077
    -151..-200: n  2181 win 0.577 fair 0.598 roi -0.093 z_edge -1.92 | old n 888 roi -0.096 | new n 1293 roi -0.090
    -201..-300: n  1229 win 0.679 fair 0.670 roi -0.047 z_edge +0.68 | old n 472 roi -0.037 | new n 757 roi -0.054
    -301..-500: n  1018 win 0.746 fair 0.745 roi -0.054 z_edge +0.03 | old n 354 roi -0.071 | new n 664 roi -0.045
         -500+: n   429 win 0.897 fair 0.840 roi +0.011 z_edge +3.94 | old n 171 roi -0.024 | new n 258 roi +0.034
 ATP pin parlay cap -150 [all]: 1224 tickets, hit 0.166 (fair 0.171), avg +444, roi -0.111 z -1.94 | old 529 -0.073 | new 695 -0.141
 ATP pin parlay cap -200 [all]: 2097 tickets, hit 0.211 (fair 0.222), avg +325, roi -0.114 z -3.02 | old 946 -0.141 | new 1151 -0.092
 ATP pin parlay cap -300 [all]: 2501 tickets, hit 0.304 (fair 0.295), avg +225, roi -0.049 z -1.66 | old 1164 -0.055 | new 1337 -0.043
 ATP pin parlay cap -200 [blend+2%]: 6 tickets, hit 0.000 (fair 0.211), avg +341, roi -1.000 z +0.00 | old 3 -1.000 | new 3 -1.000
 ATP pin parlay cap -300 [blend+2%]: 18 tickets, hit 0.167 (fair 0.260), avg +265, roi -0.481 z -1.70 | old 8 -0.202 | new 10 -0.705
 ATP pin parlay cap -150 [model+2%]: 187 tickets, hit 0.150 (fair 0.163), avg +472, roi -0.157 z -1.06 | old 70 -0.378 | new 117 -0.025
 ATP pin parlay cap -200 [model+2%]: 507 tickets, hit 0.175 (fair 0.199), avg +373, roi -0.186 z -2.35 | old 185 -0.318 | new 322 -0.111
 ATP pin parlay cap -300 [model+2%]: 765 tickets, hit 0.224 (fair 0.236), avg +308, roi -0.128 z -2.13 | old 296 -0.149 | new 469 -0.115
 ATP b365 parlay cap -150 [all]: 498 tickets, hit 0.112 (fair 0.162), avg +418, roi -0.422 z -5.79 | old 105 -0.495 | new 393 -0.403
 ATP b365 parlay cap -200 [all]: 1909 tickets, hit 0.195 (fair 0.213), avg +294, roi -0.239 z -6.72 | old 818 -0.301 | new 1091 -0.193
 ATP b365 parlay cap -300 [all]: 2394 tickets, hit 0.273 (fair 0.271), avg +216, roi -0.176 z -6.31 | old 1103 -0.221 | new 1291 -0.137
 ATP b365 parlay cap -150 [blend+2%]: 9 tickets, hit 0.222 (fair 0.166), avg +413, roi +0.128 z +0.17 | old 1 +4.325 | new 8 -0.397
 ATP b365 parlay cap -200 [blend+2%]: 141 tickets, hit 0.270 (fair 0.197), avg +329, roi +0.133 z +0.83 | old 35 +0.169 | new 106 +0.121
 ATP b365 parlay cap -300 [blend+2%]: 346 tickets, hit 0.303 (fair 0.242), avg +252, roi +0.034 z +0.39 | old 141 +0.030 | new 205 +0.037
 ATP b365 parlay cap -150 [model+2%]: 49 tickets, hit 0.102 (fair 0.159), avg +430, roi -0.467 z -2.04 | old 4 +0.331 | new 45 -0.538
 ATP b365 parlay cap -200 [model+2%]: 390 tickets, hit 0.197 (fair 0.198), avg +324, roi -0.192 z -2.32 | old 127 -0.262 | new 263 -0.159
 ATP b365 parlay cap -300 [model+2%]: 631 tickets, hit 0.224 (fair 0.230), avg +271, roi -0.206 z -3.45 | old 218 -0.242 | new 413 -0.187
 WTA pin parlay cap -150 [all]: 1308 tickets, hit 0.161 (fair 0.170), avg +445, roi -0.126 z -2.28 | old 602 -0.151 | new 706 -0.105
 WTA pin parlay cap -200 [all]: 2270 tickets, hit 0.207 (fair 0.220), avg +328, roi -0.134 z -3.71 | old 1043 -0.135 | new 1227 -0.133
 WTA pin parlay cap -300 [all]: 2680 tickets, hit 0.289 (fair 0.291), avg +230, roi -0.087 z -3.08 | old 1260 -0.082 | new 1420 -0.092
 WTA pin parlay cap -200 [blend+2%]: 5 tickets, hit 0.600 (fair 0.201), avg +362, roi +1.674 z +1.51 | old 2 -1.000 | new 3 +3.457
 WTA pin parlay cap -300 [blend+2%]: 13 tickets, hit 0.538 (fair 0.237), avg +295, roi +1.124 z +1.94 | old 5 +0.394 | new 8 +1.580
 WTA pin parlay cap -150 [model+2%]: 205 tickets, hit 0.112 (fair 0.163), avg +468, roi -0.367 z -2.94 | old 86 -0.412 | new 119 -0.335
 WTA pin parlay cap -200 [model+2%]: 543 tickets, hit 0.160 (fair 0.197), avg +377, roi -0.236 z -3.11 | old 205 -0.242 | new 338 -0.232
 WTA pin parlay cap -300 [model+2%]: 804 tickets, hit 0.224 (fair 0.238), avg +305, roi -0.148 z -2.57 | old 301 -0.045 | new 503 -0.210
 WTA b365 parlay cap -150 [all]: 542 tickets, hit 0.120 (fair 0.161), avg +419, roi -0.376 z -5.16 | old 151 -0.519 | new 391 -0.321
 WTA b365 parlay cap -200 [all]: 2061 tickets, hit 0.190 (fair 0.213), avg +295, roi -0.259 z -7.66 | old 935 -0.269 | new 1126 -0.251
 WTA b365 parlay cap -300 [all]: 2541 tickets, hit 0.269 (fair 0.270), avg +217, roi -0.171 z -6.20 | old 1181 -0.192 | new 1360 -0.152
 WTA b365 parlay cap -150 [blend+2%]: 7 tickets, hit 0.143 (fair 0.157), avg +435, roi -0.204 z -0.26 | old 2 -1.000 | new 5 +0.115
 WTA b365 parlay cap -200 [blend+2%]: 170 tickets, hit 0.212 (fair 0.201), avg +315, roi -0.128 z -0.98 | old 75 -0.231 | new 95 -0.045
 WTA b365 parlay cap -300 [blend+2%]: 437 tickets, hit 0.277 (fair 0.241), avg +251, roi -0.056 z -0.75 | old 208 -0.082 | new 229 -0.031
 WTA b365 parlay cap -150 [model+2%]: 65 tickets, hit 0.077 (fair 0.160), avg +427, roi -0.586 z -3.26 | old 9 -1.000 | new 56 -0.519
 WTA b365 parlay cap -200 [model+2%]: 389 tickets, hit 0.162 (fair 0.198), avg +326, roi -0.306 z -3.79 | old 128 -0.361 | new 261 -0.279
 WTA b365 parlay cap -300 [model+2%]: 666 tickets, hit 0.219 (fair 0.233), avg +267, roi -0.233 z -4.06 | old 238 -0.318 | new 428 -0.185
 tests at n300+: 266 straight, 28 parlay; expected by luck 0.062 + 0.751
 passed the bar: ['atp|b365|blend+2%|parlay -300'] · proven (not luck-sized): none
 VERDICT: NOT LUCRATIVE (a pass that looks like luck). atp|b365|blend+2%|parlay -300 (n 346, roi +0.034, profit z +0.39) clears the bar, but its profit z is under 2 and 0.81 passes were expected by luck alone. Nothing to act on. Research only.
✅ tennis heavy favorites: 15s · proven: {"proven": []}
study run done in 488s: 20/20 studies ok
✅ underdogs + favorites: 2s · proven: {"nfl": [], "nfl price check": false, "ncaaf": [], "ncaaf price check": false, "nba": [], "nba price check": false, "ncaab": [], "ncaab price check": true, "mlb": [], "mlb price check": false, "nhl": [], "nhl price check": true}
✅ over/unders: 6s · proven: {"nfl": true, "ncaaf": false, "nba": false, "ncaab": true, "mlb": false, "nhl": false}
✅ hockey: 9s · proven: null
✅ spread vs moneyline: 6s · proven: {"nfl": true, "ncaaf": false, "nba": false, "ncaab": false}
✅ puck lines / run lines: 3s · proven: null
✅ halves / first period: 1s · proven: null
✅ comebacks: 105s · proven: null
✅ trends: 7s · proven: {"proven": ["ncaab|rate|fav_cover", "ncaaf|rate|total"]}
✅ rigged / fade the public: 0s · proven: {"proven": []}
✅ self-check on our picks: 0s · proven: null
✅ situational spots: 13s · proven: {"nfl": [], "ncaaf": [], "nba": [], "ncaab": [], "mlb": [], "nhl": []}
✅ line movement + CLV: 2s · proven: {"proven": []}
✅ our engine vs the move (can it beat the pros?): 3s · proven: {"proven": []}
✅ the engine's strengths, sport by sport: 3s · proven: {"proven": ["ncaaf", "nba"]}
THE CONTEXT STUDY: 586 tests with 300+ bets; bar z >= 3.5 + profit in both halves. Luck alone: ~0.136 false positives expected (fake no-edge results passed 0.0 on average); refs: officials.json loaded
nfl: 2776 games · proven - · confirmed - · killed -
   ref_home-|spread|dog         n=   443 roi old +0.012 new +0.117 edge +0.0559 z=+1.42
   div|spread|dog               n=   778 roi old +0.028 new +0.036 edge +0.0390 z=+0.93
   any:out_dome|total|over      n=   463 roi old +0.053 new +0.029 edge +0.0443 z=+0.92
   out_dome|ml|team             n=   451 roi old +0.116 new -0.029 edge +0.0397 z=+0.73
   any:dome_out|total|under     n=   459 roi old +0.010 new +0.039 edge +0.0361 z=+0.55
   rival|spread|home            n=   333 roi old +0.051 new -0.002 edge +0.0352 z=+0.46
ncaaf: 9696 games · proven - · confirmed - · killed -
   any:east1000|total|under     n=   462 roi old +0.059 new +0.098 edge +0.0650 z=+1.78
   rival|total|under            n=   304 roi old +0.079 new +0.064 edge +0.0624 z=+1.32
   rival|spread|road            n=   302 roi old +0.011 new +0.124 edge +0.0593 z=+1.24
   west1000|ml|fade             n=   451 roi old -0.031 new +0.127 edge +0.0337 z=+0.78
   trip1000|ml|fade             n=   899 roi old -0.027 new +0.074 edge +0.0176 z=+0.55
   west1000|spread|fade         n=   439 roi old -0.044 new +0.084 edge +0.0347 z=+0.45
nba: 12852 games · proven - · confirmed - · killed -
   any:rest|total|over          n=   328 roi old +0.140 new +0.105 edge +0.0881 z=+2.36
   ref_under|ml|road            n=   403 roi old +0.116 new +0.234 edge +0.0761 z=+2.29
   any:tank|total|over          n=   584 roi old +0.006 new +0.124 edge +0.0581 z=+1.66
   any:elim|total|over          n=   664 roi old -0.017 new +0.110 edge +0.0481 z=+1.26
   ref_under|ml|dog             n=   400 roi old +0.064 new +0.127 edge +0.0431 z=+1.13
   tank|spread|fade             n=   527 roi old +0.032 new +0.050 edge +0.0445 z=+0.99
ncaab: 58494 games · proven - · confirmed - · killed -
   ref_under|total|under        n=  2506 roi old +0.032 new +0.064 edge +0.0488 z=+2.54
   ref_over|total|over          n=  1492 roi old +0.065 new +0.022 edge +0.0467 z=+1.77
   road3in6|spread|team         n=   481 roi old +0.019 new +0.048 edge +0.0411 z=+0.76
   rival|spread|home            n=   368 roi old +0.130 new -0.055 edge +0.0435 z=+0.76
   rival|total|under            n=   371 roi old +0.084 new -0.042 edge +0.0342 z=+0.41
   rival|ml|home                n=   374 roi old +0.054 new -0.025 edge +0.0330 z=+0.30
mlb: 23243 games · proven - · confirmed - · killed -
   trip2000|ml|fade             n=   658 roi old +0.089 new -0.043 edge +0.0265 z=+0.58
   east1000|ml|team             n=  1399 roi old +0.041 new -0.009 edge +0.0244 z=+0.57
   nonconf|ml|road              n=  4275 roi old +0.039 new -0.032 edge +0.0179 z=+0.20
   any:west1000|total|over      n=  1439 roi old -0.021 new +0.026 edge +0.0240 z=+0.09
   trip1000|ml|team             n=  2473 roi old +0.000 new -0.001 edge +0.0163 z=-0.02
   ref_under|total|under        n=  3081 roi old +0.001 new -0.002 edge +0.0220 z=-0.02
nhl: 13226 games · proven - · confirmed - · killed -
   ref_home+|ml|road            n=   489 roi old +0.045 new +0.001 edge +0.0281 z=+0.45
   race|ml|team                 n=  1320 roi old +0.025 new -0.022 edge +0.0237 z=+0.04
   ref_home-|total|under        n=   589 roi old +0.035 new -0.037 edge +0.0231 z=-0.03
   mustwin|ml|team              n=  1228 roi old +0.036 new -0.040 edge +0.0226 z=-0.07
   trip2000|ml|fade             n=   526 roi old -0.017 new -0.002 edge +0.0104 z=-0.21
   any:west1000|total|over      n=  1327 roi old +0.005 new -0.022 edge +0.0197 z=-0.32
✅ context: rivalries, travel, domes, stakes, refs: 23s · proven: {"nfl": [], "ncaaf": [], "nba": [], "ncaab": [], "mlb": [], "nhl": []}
✅ early value plays: the early-price exam: 31s · proven: {"proven": ["mlb +8..12 (+100..+149 dogs)"]}
THE EXPLORER: tested 6000 NEW angles (171936 ever) in 30.4s
   new suspects: 0 (luck alone would give ~1.4) · promoted to PROVEN: 0 · killed: 0 · proven demoted: 0
   now watching 0 suspects · 0 proven · 0 killed
   TEAM TRENDS pooled across sports (all games so far; 'follow' = ride the trend, 'fade' = bet against it; the bar: 300+ bets, profit in both halves, z 3.5+):
   1st-quarter form|ml: n=23934 (2018-04-07..2026-09-27) follow hit 62.2% older / 62.9% newer (fair 61.3%, roi -0.024 / -0.026, z -4.07, edge z 4.42) · fade hit 37.8% / 37.1% (roi -0.095 / -0.146, z -12.25) -> no edge
   1st-quarter form|p1ml: n=14233 (2018-09-09..2026-09-27) follow hit 60.6% older / 61.4% newer (fair 59.7%, roi -0.031 / -0.036, z -4.63, edge z 3.32) · fade hit 39.4% / 38.6% (roi -0.083 / -0.117, z -9.09) -> no edge
   1st-quarter form|p1spread: n=14641 (2018-09-09..2026-09-27) follow hit 50.4% older / 50.0% newer (fair 50.0%, roi -0.043 / -0.060, z -6.6, edge z 0.49) · fade hit 49.5% / 50.0% (roi -0.060 / -0.059, z -7.58) -> no edge
   1st-quarter form|spread: n=21353 (2018-10-20..2026-06-14) follow hit 49.8% older / 50.4% newer (fair 50.0%, roi -0.048 / -0.037, z -6.54, edge z 0.27) · fade hit 50.2% / 49.6% (roi -0.042 / -0.051, z -7.09) -> no edge
   O/U streak 4+|total: n=15246 (2018-04-04..2026-10-05) follow hit 49.8% older / 50.7% newer (fair 50.0%, roi -0.050 / -0.030, z -5.21, edge z 0.52) · fade hit 50.2% / 49.3% (roi -0.038 / -0.058, z -6.22) -> no edge
   division record|ml: n=2512 (2018-09-09..2026-10-04) follow hit 64.3% older / 65.5% newer (fair 62.9%, roi +0.015 / -0.012, z 0.09, edge z 2.17) · fade hit 35.7% / 34.5% (roi -0.078 / -0.098, z -3.04) -> no edge
   division record|spread: n=1414 (2018-09-09..2026-10-04) follow hit 50.6% older / 48.7% newer (fair 50.0%, roi -0.031 / -0.070, z -1.99, edge z -0.28) · fade hit 49.4% / 51.3% (roi -0.057 / -0.016, z -1.43) -> no edge
   prime-time record|ml: n=189 (2018-09-17..2026-09-28) follow hit 59.6% older / 62.1% newer (fair 59.9%, roi -0.080 / +0.022, z -0.45, edge z 0.28) · fade hit 40.4% / 37.9% (roi -0.116 / -0.054, z -0.89) -> no edge
   prime-time record|spread: n=187 (2018-09-17..2026-09-28) follow hit 52.7% older / 47.9% newer (fair 50.0%, roi +0.010 / -0.085, z -0.54, edge z 0.08) · fade hit 47.3% / 52.1% (roi -0.090 / -0.007, z -0.69) -> no edge
   road ATS rate|spread: n=10261 (2018-11-04..2026-10-04) follow hit 48.8% older / 48.3% newer (fair 50.0%, roi -0.068 / -0.078, z -7.72, edge z -2.99) · fade hit 51.2% / 51.7% (roi -0.022 / -0.011, z -1.74) -> no edge
   season ATS rate|spread: n=13032 (2018-10-13..2026-04-04) follow hit 48.2% older / 49.1% newer (fair 50.0%, roi -0.079 / -0.062, z -8.4, edge z -3.09) · fade hit 51.8% / 50.9% (roi -0.011 / -0.026, z -2.23) -> no edge
   team ATS streak 3+|spread: n=16486 (2018-09-16..2026-10-04) follow hit 49.2% older / 49.4% newer (fair 50.0%, roi -0.060 / -0.055, z -7.77, edge z -1.78) · fade hit 50.8% / 50.6% (roi -0.029 / -0.033, z -4.22) -> no edge
   team ATS streak 5+|spread: n=4204 (2018-10-06..2026-06-09) follow hit 48.4% older / 48.2% newer (fair 50.0%, roi -0.075 / -0.077, z -5.17, edge z -2.14) · fade hit 51.6% / 51.8% (roi -0.015 / -0.011, z -0.87) -> no edge
✅ the explorer: NEW angles: 31s · proven: {"proven": []}
THE TENNIS EDGE STUDY: 64658 priced matches 2012-01-01 -> 2026-08-03 (older half < 2018-05-27 <= newer half) in 27.2s
   softest segments (a bias learned on the older half that still helps on the newer, mnats/match): WTA rank x10+ +1.15, WTA slam +0.91, WTA round sf+ +0.89, ATP indoor +0.78
   ATP: log loss pin 0.5752 / b365 0.5759 / avg 0.576 · margin pin 0.0253 b365 0.0605
   WTA: log loss pin 0.5903 / b365 0.5912 / avg 0.5908 · margin pin 0.0266 b365 0.0619
   line shop b365 >2% over pinnacle fair: n=4674 roi -0.066 / -0.032 (expected +0.063) edge z=2.68 · beats fair in 14% of matches
   line shop avg >2% over pinnacle fair: n=928 roi -0.164 / -0.045 (expected +0.067) edge z=-0.25 · beats fair in 4% of matches
   line shop max >2% over pinnacle fair: n=30043 roi +0.016 / +0.023 (expected +0.069) edge z=2.42 · beats fair in 73% of matches
   model vs market, newer half: pinnacle 0.597 · elo 0.6295 · model 0.6262 · blend 0.5969 (+0.100 mnats, z 1.07)
   bovada: 219 closing lines, margin 0.0453, 0 matched to pinnacle, 144 graded
   names -> ESPN ids: 0.8856 of 1556 names since ESPN's history (by tour {'atp': 0.9195, 'wta': 0.8534}), 0.9386 of match sides · birth dates for 0.9385 of sides (2808 bios on file)
   life atoms (122 read-outs at pinnacle): wta|pin|yvv:vet n=1818 roi +0.020 / -0.095 z 1.53 / -1.45, wta|pin|age:teen n=4296 roi +0.006 / +0.007 z 1.07 / 1.99, wta|pin|tvv:vet n=483 roi +0.046 / -0.126 z 0.51 / -1.2, atp|pin|age:teen n=2324 roi +0.015 / +0.006 z 0.28 / 1.94
   registry: tested 3017 new angles (92023 ever) · new suspects 0 · promoted 0 · killed 0 · luck would give ~21.41 suspects / 0.487 proven ever
   fixed tests: 543 this run, 1 pass the bar (luck ~0.252)
   PASSES price 90-100% wta at max: n=1231 roi +0.012 / +0.029 z=3.87 (NOT a gettable price)
   closest angle: wta|avg|agegap:+4-8&fav&lvl:slam n=920 roi +0.026 / -0.062 z older 3.31 all 1.74
   closest angle: atp|avg|agegap:+4-8&expgap:x3+&ohome n=542 roi +0.063 / +0.049 z older 3.29 all 3.8
   closest angle: atp|b365|agegap:+4-8&expgap:x3+&ohome n=541 roi +0.053 / +0.047 z older 3.19 all 3.67
   closest fixed: line shop b365 all fav gap>0% n=2020 roi +0.044 / +0.008 z=4.48
   closest fixed: line shop b365 atp fav gap>0% n=970 roi +0.067 / +0.007 z=3.45
   closest fixed: line shop b365 wta fav gap>0% n=1050 roi +0.026 / +0.010 z=2.9
   PROVEN: ['wta|avg|age:vet&agegap:+8&p:65-80', 'wta|pin|age:vet&agegap:+8&p:65-80']
✅ tennis edge: 27s · proven: {"proven": ["wta|avg|age:vet&agegap:+8&p:65-80", "wta|pin|age:vet&agegap:+8&p:65-80"]}
first set ATP: 32132 matches, implied log loss 0.62855 (match chance as set-1 chance 0.63577, coin 0.69315)
  crew overperformance: closest >= 0.05: n 19692, hit 0.5266 vs implied 0.5218, z 1.41 (vs recalibrated 0.73), ROI -0.0502 (older -0.0615, newer -0.0399) - z 1.41 < 3.5; older ROI -0.0615 <= 0; newer ROI -0.0399 <= 0
  crew raw_rate: closest >= 0.10: n 15498, hit 0.6247 vs implied 0.608, z 4.4 (vs recalibrated 1.16), ROI -0.0269 (older -0.0388, newer -0.016) - older ROI -0.0388 <= 0; newer ROI -0.016 <= 0
first set WTA: 32523 matches, implied log loss 0.62585 (match chance as set-1 chance 0.62643, coin 0.69315)
  crew overperformance: closest >= 0.15: n 8372, hit 0.5631 vs implied 0.549, z 2.69 (vs recalibrated 1.03), ROI -0.0357 (older -0.0422, newer -0.0286) - z 2.69 < 3.5; older ROI -0.0422 <= 0; newer ROI -0.0286 <= 0
  crew raw_rate: closest >= 0.20: n 8256, hit 0.6662 vs implied 0.638, z 5.49 (vs recalibrated 0.74), ROI -0.0109 (older -0.0057, newer -0.0164) - older ROI -0.0057 <= 0; newer ROI -0.0164 <= 0
first set real Bovada lines: 0 captured, 0 matched (test runs at 300) · 3.9s
✅ tennis first set: 4s · proven: {"proven": []}
HEAVY TENNIS FAVORITES (research only): 64658 priced matches 2012-01-01 -> 2026-01-14, split 2018-05-27, 53807 rated
 ATP pin straights [all]
    -101..-150: n  7563 win 0.541 fair 0.547 roi -0.035 z_edge -1.02 | old n 3291 roi -0.035 | new n 4272 roi -0.036
    -151..-200: n  6518 win 0.604 fair 0.619 roi -0.048 z_edge -2.43 | old n 2813 roi -0.043 | new n 3705 roi -0.052
    -201..-300: n  6514 win 0.698 fair 0.691 roi -0.014 z_edge +1.31 | old n 3112 roi -0.020 | new n 3402 roi -0.009
    -301..-500: n  5611 win 0.784 fair 0.771 roi -0.007 z_edge +2.42 | old n 2841 roi +0.006 | new n 2770 roi -0.020
         -500+: n  5778 win 0.896 fair 0.884 roi -0.009 z_edge +3.26 | old n 3246 roi -0.009 | new n 2532 roi -0.009
 ATP pin straights [blend+2%]
    -101..-150: n   116 win 0.560 fair 0.552 roi -0.012 z_edge +0.19 | old n 69 roi +0.043 | new n 47 roi -0.092
    -151..-200: n   207 win 0.551 fair 0.620 roi -0.134 z_edge -1.99 | old n 129 roi -0.072 | new n 78 roi -0.235
    -201..-300: n   233 win 0.717 fair 0.691 roi +0.011 z_edge +0.87 | old n 161 roi +0.017 | new n 72 roi -0.001
    -301..-500: n   173 win 0.775 fair 0.771 roi -0.021 z_edge +0.10 | old n 132 roi -0.014 | new n 41 roi -0.043
         -500+: n    35 win 0.914 fair 0.841 roi +0.060 z_edge +1.51 | old n 30 roi +0.083 | new n 5 roi -0.074
 ATP pin straights [model+2%]
    -101..-150: n  2343 win 0.527 fair 0.545 roi -0.055 z_edge -1.74 | old n 975 roi -0.042 | new n 1368 roi -0.065
    -151..-200: n  1544 win 0.589 fair 0.617 roi -0.068 z_edge -2.19 | old n 591 roi -0.076 | new n 953 roi -0.064
    -201..-300: n  1220 win 0.686 fair 0.689 roi -0.027 z_edge -0.20 | old n 461 roi -0.022 | new n 759 roi -0.030
    -301..-500: n   696 win 0.783 fair 0.768 roi -0.004 z_edge +0.99 | old n 274 roi +0.010 | new n 422 roi -0.014
         -500+: n   345 win 0.870 fair 0.868 roi -0.022 z_edge +0.10 | old n 126 roi +0.003 | new n 219 roi -0.037
 ATP b365 straights [all]
    -101..-150: n  4071 win 0.529 fair 0.539 roi -0.078 z_edge -1.38 | old n 1278 roi -0.087 | new n 2793 roi -0.074
    -151..-200: n  8140 win 0.585 fair 0.599 roi -0.082 z_edge -2.43 | old n 3777 roi -0.089 | new n 4363 roi -0.076
    -201..-300: n  5979 win 0.676 fair 0.671 roi -0.052 z_edge +0.88 | old n 2913 roi -0.066 | new n 3066 roi -0.040
    -301..-500: n  6606 win 0.761 fair 0.748 roi -0.038 z_edge +2.53 | old n 3213 roi -0.038 | new n 3393 roi -0.037
         -500+: n  6547 win 0.885 fair 0.864 roi -0.027 z_edge +5.31 | old n 3868 roi -0.030 | new n 2679 roi -0.023
 ATP b365 straights [blend+2%]
    -101..-150: n   649 win 0.508 fair 0.539 roi -0.113 z_edge -1.56 | old n 189 roi -0.091 | new n 460 roi -0.122
    -151..-200: n  1317 win 0.616 fair 0.598 roi -0.033 z_edge +1.30 | old n 569 roi -0.066 | new n 748 roi -0.007
    -201..-300: n  1263 win 0.710 fair 0.671 roi -0.005 z_edge +3.07 | old n 649 roi -0.000 | new n 614 roi -0.011
    -301..-500: n  1607 win 0.779 fair 0.751 roi -0.020 z_edge +2.69 | old n 785 roi -0.021 | new n 822 roi -0.019
         -500+: n  1659 win 0.882 fair 0.850 roi -0.017 z_edge +4.13 | old n 895 roi -0.021 | new n 764 roi -0.012
 ATP b365 straights [model+2%]
    -101..-150: n  1242 win 0.510 fair 0.538 roi -0.108 z_edge -2.01 | old n 385 roi -0.108 | new n 857 roi -0.108
    -151..-200: n  2075 win 0.571 fair 0.598 roi -0.103 z_edge -2.46 | old n 865 roi -0.139 | new n 1210 roi -0.077
    -201..-300: n  1161 win 0.677 fair 0.670 roi -0.050 z_edge +0.49 | old n 468 roi -0.041 | new n 693 roi -0.056
    -301..-500: n  1028 win 0.743 fair 0.746 roi -0.057 z_edge -0.18 | old n 404 roi -0.071 | new n 624 roi -0.048
         -500+: n   573 win 0.843 fair 0.850 roi -0.061 z_edge -0.48 | old n 229 roi -0.058 | new n 344 roi -0.063
 WTA pin straights [all]
    -101..-150: n  8256 win 0.534 fair 0.545 roi -0.047 z_edge -2.12 | old n 3924 roi -0.047 | new n 4332 roi -0.046
    -151..-200: n  6885 win 0.617 fair 0.618 roi -0.027 z_edge -0.15 | old n 3194 roi -0.029 | new n 3691 roi -0.025
    -201..-300: n  6803 win 0.694 fair 0.690 roi -0.020 z_edge +0.77 | old n 3338 roi -0.022 | new n 3465 roi -0.018
    -301..-500: n  5806 win 0.772 fair 0.769 roi -0.023 z_edge +0.48 | old n 2800 roi -0.024 | new n 3006 roi -0.022
         -500+: n  4649 win 0.892 fair 0.873 roi -0.005 z_edge +4.20 | old n 2399 roi -0.010 | new n 2250 roi +0.001
 WTA pin straights [blend+2%]
    -101..-150: n   156 win 0.545 fair 0.551 roi -0.033 z_edge -0.15 | old n 79 roi -0.176 | new n 77 roi +0.113
    -151..-200: n   219 win 0.676 fair 0.617 roi +0.066 z_edge +1.87 | old n 122 roi +0.049 | new n 97 roi +0.089
    -201..-300: n   271 win 0.727 fair 0.690 roi +0.028 z_edge +1.37 | old n 194 roi -0.005 | new n 77 roi +0.109
    -301..-500: n   209 win 0.794 fair 0.763 roi +0.013 z_edge +1.11 | old n 128 roi +0.033 | new n 81 roi -0.020
         -500+: n    36 win 0.861 fair 0.831 roi +0.010 z_edge +0.52 | old n 25 roi -0.018 | new n 11 roi +0.073
 WTA pin straights [model+2%]
    -101..-150: n  2537 win 0.527 fair 0.544 roi -0.057 z_edge -1.73 | old n 1079 roi -0.079 | new n 1458 roi -0.041
    -151..-200: n  1628 win 0.591 fair 0.617 roi -0.068 z_edge -2.16 | old n 601 roi -0.042 | new n 1027 roi -0.084
    -201..-300: n  1219 win 0.699 fair 0.688 roi -0.010 z_edge +0.85 | old n 449 roi -0.018 | new n 770 roi -0.005
    -301..-500: n   737 win 0.786 fair 0.765 roi -0.001 z_edge +1.35 | old n 241 roi +0.031 | new n 496 roi -0.017
         -500+: n   246 win 0.911 fair 0.854 roi +0.039 z_edge +3.13 | old n 91 roi -0.002 | new n 155 roi +0.064
 WTA b365 straights [all]
    -101..-150: n  4354 win 0.519 fair 0.539 roi -0.094 z_edge -2.61 | old n 1541 roi -0.097 | new n 2813 roi -0.093
    -151..-200: n  8799 win 0.594 fair 0.598 roi -0.068 z_edge -0.85 | old n 4404 roi -0.084 | new n 4395 roi -0.052
    -201..-300: n  6169 win 0.676 fair 0.671 roi -0.053 z_edge +0.82 | old n 3041 roi -0.056 | new n 3128 roi -0.051
    -301..-500: n  6726 win 0.754 fair 0.748 roi -0.048 z_edge +1.13 | old n 3280 roi -0.061 | new n 3446 roi -0.035
         -500+: n  5470 win 0.878 fair 0.854 roi -0.026 z_edge +5.44 | old n 2984 roi -0.035 | new n 2486 roi -0.016
 WTA b365 straights [blend+2%]
    -101..-150: n   715 win 0.568 fair 0.539 roi -0.009 z_edge +1.53 | old n 249 roi -0.102 | new n 466 roi +0.041
    -151..-200: n  1601 win 0.621 fair 0.600 roi -0.028 z_edge +1.73 | old n 781 roi -0.064 | new n 820 roi +0.006
    -201..-300: n  1404 win 0.702 fair 0.670 roi -0.017 z_edge +2.54 | old n 755 roi -0.006 | new n 649 roi -0.029
    -301..-500: n  1586 win 0.772 fair 0.750 roi -0.027 z_edge +2.19 | old n 811 roi -0.048 | new n 775 roi -0.005
         -500+: n  1393 win 0.877 fair 0.846 roi -0.020 z_edge +3.60 | old n 749 roi -0.020 | new n 644 roi -0.019
 WTA b365 straights [model+2%]
    -101..-150: n  1375 win 0.520 fair 0.539 roi -0.093 z_edge -1.42 | old n 438 roi -0.127 | new n 937 roi -0.077
    -151..-200: n  2181 win 0.577 fair 0.598 roi -0.093 z_edge -1.92 | old n 888 roi -0.096 | new n 1293 roi -0.090
    -201..-300: n  1229 win 0.679 fair 0.670 roi -0.047 z_edge +0.68 | old n 472 roi -0.037 | new n 757 roi -0.054
    -301..-500: n  1018 win 0.746 fair 0.745 roi -0.054 z_edge +0.03 | old n 354 roi -0.071 | new n 664 roi -0.045
         -500+: n   429 win 0.897 fair 0.840 roi +0.011 z_edge +3.94 | old n 171 roi -0.024 | new n 258 roi +0.034
 ATP pin parlay cap -150 [all]: 1224 tickets, hit 0.166 (fair 0.171), avg +444, roi -0.111 z -1.94 | old 529 -0.073 | new 695 -0.141
 ATP pin parlay cap -200 [all]: 2097 tickets, hit 0.211 (fair 0.222), avg +325, roi -0.114 z -3.02 | old 946 -0.141 | new 1151 -0.092
 ATP pin parlay cap -300 [all]: 2501 tickets, hit 0.304 (fair 0.295), avg +225, roi -0.049 z -1.66 | old 1164 -0.055 | new 1337 -0.043
 ATP pin parlay cap -200 [blend+2%]: 6 tickets, hit 0.000 (fair 0.211), avg +341, roi -1.000 z +0.00 | old 3 -1.000 | new 3 -1.000
 ATP pin parlay cap -300 [blend+2%]: 18 tickets, hit 0.167 (fair 0.260), avg +265, roi -0.481 z -1.70 | old 8 -0.202 | new 10 -0.705
 ATP pin parlay cap -150 [model+2%]: 187 tickets, hit 0.150 (fair 0.163), avg +472, roi -0.157 z -1.06 | old 70 -0.378 | new 117 -0.025
 ATP pin parlay cap -200 [model+2%]: 507 tickets, hit 0.175 (fair 0.199), avg +373, roi -0.186 z -2.35 | old 185 -0.318 | new 322 -0.111
 ATP pin parlay cap -300 [model+2%]: 765 tickets, hit 0.224 (fair 0.236), avg +308, roi -0.128 z -2.13 | old 296 -0.149 | new 469 -0.115
 ATP b365 parlay cap -150 [all]: 498 tickets, hit 0.112 (fair 0.162), avg +418, roi -0.422 z -5.79 | old 105 -0.495 | new 393 -0.403
 ATP b365 parlay cap -200 [all]: 1909 tickets, hit 0.195 (fair 0.213), avg +294, roi -0.239 z -6.72 | old 818 -0.301 | new 1091 -0.193
 ATP b365 parlay cap -300 [all]: 2394 tickets, hit 0.273 (fair 0.271), avg +216, roi -0.176 z -6.31 | old 1103 -0.221 | new 1291 -0.137
 ATP b365 parlay cap -150 [blend+2%]: 9 tickets, hit 0.222 (fair 0.166), avg +413, roi +0.128 z +0.17 | old 1 +4.325 | new 8 -0.397
 ATP b365 parlay cap -200 [blend+2%]: 141 tickets, hit 0.270 (fair 0.197), avg +329, roi +0.133 z +0.83 | old 35 +0.169 | new 106 +0.121
 ATP b365 parlay cap -300 [blend+2%]: 346 tickets, hit 0.303 (fair 0.242), avg +252, roi +0.034 z +0.39 | old 141 +0.030 | new 205 +0.037
 ATP b365 parlay cap -150 [model+2%]: 49 tickets, hit 0.102 (fair 0.159), avg +430, roi -0.467 z -2.04 | old 4 +0.331 | new 45 -0.538
 ATP b365 parlay cap -200 [model+2%]: 390 tickets, hit 0.197 (fair 0.198), avg +324, roi -0.192 z -2.32 | old 127 -0.262 | new 263 -0.159
 ATP b365 parlay cap -300 [model+2%]: 631 tickets, hit 0.224 (fair 0.230), avg +271, roi -0.206 z -3.45 | old 218 -0.242 | new 413 -0.187
 WTA pin parlay cap -150 [all]: 1308 tickets, hit 0.161 (fair 0.170), avg +445, roi -0.126 z -2.28 | old 602 -0.151 | new 706 -0.105
 WTA pin parlay cap -200 [all]: 2270 tickets, hit 0.207 (fair 0.220), avg +328, roi -0.134 z -3.71 | old 1043 -0.135 | new 1227 -0.133
 WTA pin parlay cap -300 [all]: 2680 tickets, hit 0.289 (fair 0.291), avg +230, roi -0.087 z -3.08 | old 1260 -0.082 | new 1420 -0.092
 WTA pin parlay cap -200 [blend+2%]: 5 tickets, hit 0.600 (fair 0.201), avg +362, roi +1.674 z +1.51 | old 2 -1.000 | new 3 +3.457
 WTA pin parlay cap -300 [blend+2%]: 13 tickets, hit 0.538 (fair 0.237), avg +295, roi +1.124 z +1.94 | old 5 +0.394 | new 8 +1.580
 WTA pin parlay cap -150 [model+2%]: 205 tickets, hit 0.112 (fair 0.163), avg +468, roi -0.367 z -2.94 | old 86 -0.412 | new 119 -0.335
 WTA pin parlay cap -200 [model+2%]: 543 tickets, hit 0.160 (fair 0.197), avg +377, roi -0.236 z -3.11 | old 205 -0.242 | new 338 -0.232
 WTA pin parlay cap -300 [model+2%]: 804 tickets, hit 0.224 (fair 0.238), avg +305, roi -0.148 z -2.57 | old 301 -0.045 | new 503 -0.210
 WTA b365 parlay cap -150 [all]: 542 tickets, hit 0.120 (fair 0.161), avg +419, roi -0.376 z -5.16 | old 151 -0.519 | new 391 -0.321
 WTA b365 parlay cap -200 [all]: 2061 tickets, hit 0.190 (fair 0.213), avg +295, roi -0.259 z -7.66 | old 935 -0.269 | new 1126 -0.251
 WTA b365 parlay cap -300 [all]: 2541 tickets, hit 0.269 (fair 0.270), avg +217, roi -0.171 z -6.20 | old 1181 -0.192 | new 1360 -0.152
 WTA b365 parlay cap -150 [blend+2%]: 7 tickets, hit 0.143 (fair 0.157), avg +435, roi -0.204 z -0.26 | old 2 -1.000 | new 5 +0.115
 WTA b365 parlay cap -200 [blend+2%]: 170 tickets, hit 0.212 (fair 0.201), avg +315, roi -0.128 z -0.98 | old 75 -0.231 | new 95 -0.045
 WTA b365 parlay cap -300 [blend+2%]: 437 tickets, hit 0.277 (fair 0.241), avg +251, roi -0.056 z -0.75 | old 208 -0.082 | new 229 -0.031
 WTA b365 parlay cap -150 [model+2%]: 65 tickets, hit 0.077 (fair 0.160), avg +427, roi -0.586 z -3.26 | old 9 -1.000 | new 56 -0.519
 WTA b365 parlay cap -200 [model+2%]: 389 tickets, hit 0.162 (fair 0.198), avg +326, roi -0.306 z -3.79 | old 128 -0.361 | new 261 -0.279
 WTA b365 parlay cap -300 [model+2%]: 666 tickets, hit 0.219 (fair 0.233), avg +267, roi -0.233 z -4.06 | old 238 -0.318 | new 428 -0.185
 tests at n300+: 266 straight, 28 parlay; expected by luck 0.062 + 0.751
 passed the bar: ['atp|b365|blend+2%|parlay -300'] · proven (not luck-sized): none
 VERDICT: NOT LUCRATIVE (a pass that looks like luck). atp|b365|blend+2%|parlay -300 (n 346, roi +0.034, profit z +0.39) clears the bar, but its profit z is under 2 and 0.81 passes were expected by luck alone. Nothing to act on. Research only.
✅ tennis heavy favorites: 11s · proven: {"proven": []}
study run done in 289s: 20/20 studies ok
✅ underdogs + favorites: 2s · proven: {"nfl": [], "nfl price check": false, "ncaaf": [], "ncaaf price check": false, "nba": [], "nba price check": false, "ncaab": [], "ncaab price check": true, "mlb": [], "mlb price check": false, "nhl": [], "nhl price check": true}
✅ over/unders: 7s · proven: {"nfl": true, "ncaaf": false, "nba": false, "ncaab": true, "mlb": false, "nhl": false}
✅ hockey: 10s · proven: null
✅ spread vs moneyline: 7s · proven: {"nfl": true, "ncaaf": false, "nba": false, "ncaab": false}
✅ puck lines / run lines: 4s · proven: null
✅ halves / first period: 1s · proven: null
✅ comebacks: 116s · proven: null
✅ trends: 7s · proven: {"proven": ["ncaab|rate|fav_cover", "ncaaf|rate|total"]}
✅ rigged / fade the public: 0s · proven: {"proven": []}
✅ self-check on our picks: 0s · proven: null
✅ situational spots: 11s · proven: {"nfl": [], "ncaaf": [], "nba": [], "ncaab": [], "mlb": [], "nhl": []}
✅ line movement + CLV: 2s · proven: {"proven": []}
✅ our engine vs the move (can it beat the pros?): 3s · proven: {"proven": []}
✅ the engine's strengths, sport by sport: 4s · proven: {"proven": ["ncaaf", "nba"]}
THE CONTEXT STUDY: 586 tests with 300+ bets; bar z >= 3.5 + profit in both halves. Luck alone: ~0.136 false positives expected (fake no-edge results passed 0.0 on average); refs: officials.json loaded
nfl: 2776 games · proven - · confirmed - · killed -
   ref_home-|spread|dog         n=   443 roi old +0.012 new +0.117 edge +0.0559 z=+1.42
   div|spread|dog               n=   778 roi old +0.028 new +0.036 edge +0.0390 z=+0.93
   any:out_dome|total|over      n=   463 roi old +0.053 new +0.029 edge +0.0443 z=+0.92
   out_dome|ml|team             n=   451 roi old +0.116 new -0.029 edge +0.0397 z=+0.73
   any:dome_out|total|under     n=   459 roi old +0.010 new +0.039 edge +0.0361 z=+0.55
   rival|spread|home            n=   333 roi old +0.051 new -0.002 edge +0.0352 z=+0.46
ncaaf: 9696 games · proven - · confirmed - · killed -
   any:east1000|total|under     n=   462 roi old +0.059 new +0.098 edge +0.0650 z=+1.78
   rival|total|under            n=   304 roi old +0.079 new +0.064 edge +0.0624 z=+1.32
   rival|spread|road            n=   302 roi old +0.011 new +0.124 edge +0.0593 z=+1.24
   west1000|ml|fade             n=   451 roi old -0.031 new +0.127 edge +0.0337 z=+0.78
   trip1000|ml|fade             n=   899 roi old -0.027 new +0.074 edge +0.0176 z=+0.55
   west1000|spread|fade         n=   439 roi old -0.044 new +0.084 edge +0.0347 z=+0.45
nba: 12852 games · proven - · confirmed - · killed -
   any:rest|total|over          n=   328 roi old +0.140 new +0.105 edge +0.0881 z=+2.36
   ref_under|ml|road            n=   403 roi old +0.116 new +0.234 edge +0.0761 z=+2.29
   any:tank|total|over          n=   584 roi old +0.006 new +0.124 edge +0.0581 z=+1.66
   any:elim|total|over          n=   664 roi old -0.017 new +0.110 edge +0.0481 z=+1.26
   ref_under|ml|dog             n=   400 roi old +0.064 new +0.127 edge +0.0431 z=+1.13
   tank|spread|fade             n=   527 roi old +0.032 new +0.050 edge +0.0445 z=+0.99
ncaab: 58494 games · proven - · confirmed - · killed -
   ref_under|total|under        n=  2506 roi old +0.032 new +0.064 edge +0.0488 z=+2.54
   ref_over|total|over          n=  1492 roi old +0.065 new +0.022 edge +0.0467 z=+1.77
   road3in6|spread|team         n=   481 roi old +0.019 new +0.048 edge +0.0411 z=+0.76
   rival|spread|home            n=   368 roi old +0.130 new -0.055 edge +0.0435 z=+0.76
   rival|total|under            n=   371 roi old +0.084 new -0.042 edge +0.0342 z=+0.41
   rival|ml|home                n=   374 roi old +0.054 new -0.025 edge +0.0330 z=+0.30
mlb: 23243 games · proven - · confirmed - · killed -
   trip2000|ml|fade             n=   658 roi old +0.089 new -0.043 edge +0.0265 z=+0.58
   east1000|ml|team             n=  1399 roi old +0.041 new -0.009 edge +0.0244 z=+0.57
   nonconf|ml|road              n=  4275 roi old +0.039 new -0.032 edge +0.0179 z=+0.20
   any:west1000|total|over      n=  1439 roi old -0.021 new +0.026 edge +0.0240 z=+0.09
   trip1000|ml|team             n=  2473 roi old +0.000 new -0.001 edge +0.0163 z=-0.02
   ref_under|total|under        n=  3081 roi old +0.001 new -0.002 edge +0.0220 z=-0.02
nhl: 13226 games · proven - · confirmed - · killed -
   ref_home+|ml|road            n=   489 roi old +0.045 new +0.001 edge +0.0281 z=+0.45
   race|ml|team                 n=  1320 roi old +0.025 new -0.022 edge +0.0237 z=+0.04
   ref_home-|total|under        n=   589 roi old +0.035 new -0.037 edge +0.0231 z=-0.03
   mustwin|ml|team              n=  1228 roi old +0.036 new -0.040 edge +0.0226 z=-0.07
   trip2000|ml|fade             n=   526 roi old -0.017 new -0.002 edge +0.0104 z=-0.21
   any:west1000|total|over      n=  1327 roi old +0.005 new -0.022 edge +0.0197 z=-0.32
✅ context: rivalries, travel, domes, stakes, refs: 24s · proven: {"nfl": [], "ncaaf": [], "nba": [], "ncaab": [], "mlb": [], "nhl": []}
✅ early value plays: the early-price exam: 35s · proven: {"proven": ["mlb +8..12 (+100..+149 dogs)"]}
THE EXPLORER: tested 6000 NEW angles (177936 ever) in 27.9s
   new suspects: 0 (luck alone would give ~1.4) · promoted to PROVEN: 0 · killed: 0 · proven demoted: 0
   now watching 0 suspects · 0 proven · 0 killed
   TEAM TRENDS pooled across sports (all games so far; 'follow' = ride the trend, 'fade' = bet against it; the bar: 300+ bets, profit in both halves, z 3.5+):
   1st-quarter form|ml: n=23934 (2018-04-07..2026-09-27) follow hit 62.2% older / 62.9% newer (fair 61.3%, roi -0.024 / -0.026, z -4.07, edge z 4.42) · fade hit 37.8% / 37.1% (roi -0.095 / -0.146, z -12.25) -> no edge
   1st-quarter form|p1ml: n=14233 (2018-09-09..2026-09-27) follow hit 60.6% older / 61.4% newer (fair 59.7%, roi -0.031 / -0.036, z -4.63, edge z 3.32) · fade hit 39.4% / 38.6% (roi -0.083 / -0.117, z -9.09) -> no edge
   1st-quarter form|p1spread: n=14641 (2018-09-09..2026-09-27) follow hit 50.4% older / 50.0% newer (fair 50.0%, roi -0.043 / -0.060, z -6.6, edge z 0.49) · fade hit 49.5% / 50.0% (roi -0.060 / -0.059, z -7.58) -> no edge
   1st-quarter form|spread: n=21353 (2018-10-20..2026-06-14) follow hit 49.8% older / 50.4% newer (fair 50.0%, roi -0.048 / -0.037, z -6.54, edge z 0.27) · fade hit 50.2% / 49.6% (roi -0.042 / -0.051, z -7.09) -> no edge
   O/U streak 4+|total: n=15246 (2018-04-04..2026-10-05) follow hit 49.8% older / 50.7% newer (fair 50.0%, roi -0.050 / -0.030, z -5.21, edge z 0.52) · fade hit 50.2% / 49.3% (roi -0.038 / -0.058, z -6.22) -> no edge
   division record|ml: n=2512 (2018-09-09..2026-10-04) follow hit 64.3% older / 65.5% newer (fair 62.9%, roi +0.015 / -0.012, z 0.09, edge z 2.17) · fade hit 35.7% / 34.5% (roi -0.078 / -0.098, z -3.04) -> no edge
   division record|spread: n=1414 (2018-09-09..2026-10-04) follow hit 50.6% older / 48.7% newer (fair 50.0%, roi -0.031 / -0.070, z -1.99, edge z -0.28) · fade hit 49.4% / 51.3% (roi -0.057 / -0.016, z -1.43) -> no edge
   prime-time record|ml: n=189 (2018-09-17..2026-09-28) follow hit 59.6% older / 62.1% newer (fair 59.9%, roi -0.080 / +0.022, z -0.45, edge z 0.28) · fade hit 40.4% / 37.9% (roi -0.116 / -0.054, z -0.89) -> no edge
   prime-time record|spread: n=187 (2018-09-17..2026-09-28) follow hit 52.7% older / 47.9% newer (fair 50.0%, roi +0.010 / -0.085, z -0.54, edge z 0.08) · fade hit 47.3% / 52.1% (roi -0.090 / -0.007, z -0.69) -> no edge
   road ATS rate|spread: n=10261 (2018-11-04..2026-10-04) follow hit 48.8% older / 48.3% newer (fair 50.0%, roi -0.068 / -0.078, z -7.72, edge z -2.99) · fade hit 51.2% / 51.7% (roi -0.022 / -0.011, z -1.74) -> no edge
   season ATS rate|spread: n=13032 (2018-10-13..2026-04-04) follow hit 48.2% older / 49.1% newer (fair 50.0%, roi -0.079 / -0.062, z -8.4, edge z -3.09) · fade hit 51.8% / 50.9% (roi -0.011 / -0.026, z -2.23) -> no edge
   team ATS streak 3+|spread: n=16486 (2018-09-16..2026-10-04) follow hit 49.2% older / 49.4% newer (fair 50.0%, roi -0.060 / -0.055, z -7.77, edge z -1.78) · fade hit 50.8% / 50.6% (roi -0.029 / -0.033, z -4.22) -> no edge
   team ATS streak 5+|spread: n=4204 (2018-10-06..2026-06-09) follow hit 48.4% older / 48.2% newer (fair 50.0%, roi -0.075 / -0.077, z -5.17, edge z -2.14) · fade hit 51.6% / 51.8% (roi -0.015 / -0.011, z -0.87) -> no edge
✅ the explorer: NEW angles: 28s · proven: {"proven": []}
THE TENNIS EDGE STUDY: 64658 priced matches 2012-01-01 -> 2026-08-03 (older half < 2018-05-27 <= newer half) in 22.4s
   softest segments (a bias learned on the older half that still helps on the newer, mnats/match): WTA rank x10+ +1.15, WTA slam +0.91, WTA round sf+ +0.89, ATP indoor +0.78
   ATP: log loss pin 0.5752 / b365 0.5759 / avg 0.576 · margin pin 0.0253 b365 0.0605
   WTA: log loss pin 0.5903 / b365 0.5912 / avg 0.5908 · margin pin 0.0266 b365 0.0619
   line shop b365 >2% over pinnacle fair: n=4674 roi -0.066 / -0.032 (expected +0.063) edge z=2.68 · beats fair in 14% of matches
   line shop avg >2% over pinnacle fair: n=928 roi -0.164 / -0.045 (expected +0.067) edge z=-0.25 · beats fair in 4% of matches
   line shop max >2% over pinnacle fair: n=30043 roi +0.016 / +0.023 (expected +0.069) edge z=2.42 · beats fair in 73% of matches
   model vs market, newer half: pinnacle 0.597 · elo 0.6295 · model 0.6262 · blend 0.5969 (+0.100 mnats, z 1.07)
   bovada: 250 closing lines, margin 0.0453, 0 matched to pinnacle, 145 graded
   names -> ESPN ids: 0.8856 of 1556 names since ESPN's history (by tour {'atp': 0.9195, 'wta': 0.8534}), 0.9386 of match sides · birth dates for 0.9385 of sides (2808 bios on file)
   life atoms (122 read-outs at pinnacle): wta|pin|yvv:vet n=1818 roi +0.020 / -0.095 z 1.53 / -1.45, wta|pin|age:teen n=4296 roi +0.006 / +0.007 z 1.07 / 1.99, wta|pin|tvv:vet n=483 roi +0.046 / -0.126 z 0.51 / -1.2, atp|pin|age:teen n=2324 roi +0.015 / +0.006 z 0.28 / 1.94
   registry: tested 3252 new angles (95275 ever) · new suspects 0 · promoted 0 · killed 0 · luck would give ~22.16 suspects / 0.5042 proven ever
   fixed tests: 543 this run, 1 pass the bar (luck ~0.252)
   PASSES price 90-100% wta at max: n=1231 roi +0.012 / +0.029 z=3.87 (NOT a gettable price)
   closest angle: atp|avg|agegap:+4-8&fav&ssn:mid n=1623 roi +0.016 / -0.024 z older 3.37 all 3.32
   closest angle: atp|avg|agegap:+4-8&fav&ork:100+ n=1387 roi +0.016 / -0.015 z older 3.36 all 3.62
   closest angle: wta|avg|agegap:+4-8&lvl:slam&p:65-80 n=370 roi +0.070 / -0.049 z older 3.2 all 1.95
   closest fixed: line shop b365 all fav gap>0% n=2020 roi +0.044 / +0.008 z=4.48
   closest fixed: line shop b365 atp fav gap>0% n=970 roi +0.067 / +0.007 z=3.45
   closest fixed: line shop b365 wta fav gap>0% n=1050 roi +0.026 / +0.010 z=2.9
   PROVEN: ['wta|avg|age:vet&agegap:+8&p:65-80', 'wta|pin|age:vet&agegap:+8&p:65-80']
✅ tennis edge: 23s · proven: {"proven": ["wta|avg|age:vet&agegap:+8&p:65-80", "wta|pin|age:vet&agegap:+8&p:65-80"]}
first set ATP: 32132 matches, implied log loss 0.62855 (match chance as set-1 chance 0.63577, coin 0.69315)
  crew overperformance: closest >= 0.05: n 19692, hit 0.5266 vs implied 0.5218, z 1.41 (vs recalibrated 0.73), ROI -0.0502 (older -0.0615, newer -0.0399) - z 1.41 < 3.5; older ROI -0.0615 <= 0; newer ROI -0.0399 <= 0
  crew raw_rate: closest >= 0.10: n 15498, hit 0.6247 vs implied 0.608, z 4.4 (vs recalibrated 1.16), ROI -0.0269 (older -0.0388, newer -0.016) - older ROI -0.0388 <= 0; newer ROI -0.016 <= 0
first set WTA: 32523 matches, implied log loss 0.62585 (match chance as set-1 chance 0.62643, coin 0.69315)
  crew overperformance: closest >= 0.15: n 8372, hit 0.5631 vs implied 0.549, z 2.69 (vs recalibrated 1.03), ROI -0.0357 (older -0.0422, newer -0.0286) - z 2.69 < 3.5; older ROI -0.0422 <= 0; newer ROI -0.0286 <= 0
  crew raw_rate: closest >= 0.20: n 8256, hit 0.6662 vs implied 0.638, z 5.49 (vs recalibrated 0.74), ROI -0.0109 (older -0.0057, newer -0.0164) - older ROI -0.0057 <= 0; newer ROI -0.0164 <= 0
first set real Bovada lines: 0 captured, 0 matched (test runs at 300) · 3.4s
✅ tennis first set: 3s · proven: {"proven": []}
HEAVY TENNIS FAVORITES (research only): 64658 priced matches 2012-01-01 -> 2026-01-14, split 2018-05-27, 53807 rated
 ATP pin straights [all]
    -101..-150: n  7563 win 0.541 fair 0.547 roi -0.035 z_edge -1.02 | old n 3291 roi -0.035 | new n 4272 roi -0.036
    -151..-200: n  6518 win 0.604 fair 0.619 roi -0.048 z_edge -2.43 | old n 2813 roi -0.043 | new n 3705 roi -0.052
    -201..-300: n  6514 win 0.698 fair 0.691 roi -0.014 z_edge +1.31 | old n 3112 roi -0.020 | new n 3402 roi -0.009
    -301..-500: n  5611 win 0.784 fair 0.771 roi -0.007 z_edge +2.42 | old n 2841 roi +0.006 | new n 2770 roi -0.020
         -500+: n  5778 win 0.896 fair 0.884 roi -0.009 z_edge +3.26 | old n 3246 roi -0.009 | new n 2532 roi -0.009
 ATP pin straights [blend+2%]
    -101..-150: n   116 win 0.560 fair 0.552 roi -0.012 z_edge +0.19 | old n 69 roi +0.043 | new n 47 roi -0.092
    -151..-200: n   207 win 0.551 fair 0.620 roi -0.134 z_edge -1.99 | old n 129 roi -0.072 | new n 78 roi -0.235
    -201..-300: n   233 win 0.717 fair 0.691 roi +0.011 z_edge +0.87 | old n 161 roi +0.017 | new n 72 roi -0.001
    -301..-500: n   173 win 0.775 fair 0.771 roi -0.021 z_edge +0.10 | old n 132 roi -0.014 | new n 41 roi -0.043
         -500+: n    35 win 0.914 fair 0.841 roi +0.060 z_edge +1.51 | old n 30 roi +0.083 | new n 5 roi -0.074
 ATP pin straights [model+2%]
    -101..-150: n  2343 win 0.527 fair 0.545 roi -0.055 z_edge -1.74 | old n 975 roi -0.042 | new n 1368 roi -0.065
    -151..-200: n  1544 win 0.589 fair 0.617 roi -0.068 z_edge -2.19 | old n 591 roi -0.076 | new n 953 roi -0.064
    -201..-300: n  1220 win 0.686 fair 0.689 roi -0.027 z_edge -0.20 | old n 461 roi -0.022 | new n 759 roi -0.030
    -301..-500: n   696 win 0.783 fair 0.768 roi -0.004 z_edge +0.99 | old n 274 roi +0.010 | new n 422 roi -0.014
         -500+: n   345 win 0.870 fair 0.868 roi -0.022 z_edge +0.10 | old n 126 roi +0.003 | new n 219 roi -0.037
 ATP b365 straights [all]
    -101..-150: n  4071 win 0.529 fair 0.539 roi -0.078 z_edge -1.38 | old n 1278 roi -0.087 | new n 2793 roi -0.074
    -151..-200: n  8140 win 0.585 fair 0.599 roi -0.082 z_edge -2.43 | old n 3777 roi -0.089 | new n 4363 roi -0.076
    -201..-300: n  5979 win 0.676 fair 0.671 roi -0.052 z_edge +0.88 | old n 2913 roi -0.066 | new n 3066 roi -0.040
    -301..-500: n  6606 win 0.761 fair 0.748 roi -0.038 z_edge +2.53 | old n 3213 roi -0.038 | new n 3393 roi -0.037
         -500+: n  6547 win 0.885 fair 0.864 roi -0.027 z_edge +5.31 | old n 3868 roi -0.030 | new n 2679 roi -0.023
 ATP b365 straights [blend+2%]
    -101..-150: n   649 win 0.508 fair 0.539 roi -0.113 z_edge -1.56 | old n 189 roi -0.091 | new n 460 roi -0.122
    -151..-200: n  1317 win 0.616 fair 0.598 roi -0.033 z_edge +1.30 | old n 569 roi -0.066 | new n 748 roi -0.007
    -201..-300: n  1263 win 0.710 fair 0.671 roi -0.005 z_edge +3.07 | old n 649 roi -0.000 | new n 614 roi -0.011
    -301..-500: n  1607 win 0.779 fair 0.751 roi -0.020 z_edge +2.69 | old n 785 roi -0.021 | new n 822 roi -0.019
         -500+: n  1659 win 0.882 fair 0.850 roi -0.017 z_edge +4.13 | old n 895 roi -0.021 | new n 764 roi -0.012
 ATP b365 straights [model+2%]
    -101..-150: n  1242 win 0.510 fair 0.538 roi -0.108 z_edge -2.01 | old n 385 roi -0.108 | new n 857 roi -0.108
    -151..-200: n  2075 win 0.571 fair 0.598 roi -0.103 z_edge -2.46 | old n 865 roi -0.139 | new n 1210 roi -0.077
    -201..-300: n  1161 win 0.677 fair 0.670 roi -0.050 z_edge +0.49 | old n 468 roi -0.041 | new n 693 roi -0.056
    -301..-500: n  1028 win 0.743 fair 0.746 roi -0.057 z_edge -0.18 | old n 404 roi -0.071 | new n 624 roi -0.048
         -500+: n   573 win 0.843 fair 0.850 roi -0.061 z_edge -0.48 | old n 229 roi -0.058 | new n 344 roi -0.063
 WTA pin straights [all]
    -101..-150: n  8256 win 0.534 fair 0.545 roi -0.047 z_edge -2.12 | old n 3924 roi -0.047 | new n 4332 roi -0.046
    -151..-200: n  6885 win 0.617 fair 0.618 roi -0.027 z_edge -0.15 | old n 3194 roi -0.029 | new n 3691 roi -0.025
    -201..-300: n  6803 win 0.694 fair 0.690 roi -0.020 z_edge +0.77 | old n 3338 roi -0.022 | new n 3465 roi -0.018
    -301..-500: n  5806 win 0.772 fair 0.769 roi -0.023 z_edge +0.48 | old n 2800 roi -0.024 | new n 3006 roi -0.022
         -500+: n  4649 win 0.892 fair 0.873 roi -0.005 z_edge +4.20 | old n 2399 roi -0.010 | new n 2250 roi +0.001
 WTA pin straights [blend+2%]
    -101..-150: n   156 win 0.545 fair 0.551 roi -0.033 z_edge -0.15 | old n 79 roi -0.176 | new n 77 roi +0.113
    -151..-200: n   219 win 0.676 fair 0.617 roi +0.066 z_edge +1.87 | old n 122 roi +0.049 | new n 97 roi +0.089
    -201..-300: n   271 win 0.727 fair 0.690 roi +0.028 z_edge +1.37 | old n 194 roi -0.005 | new n 77 roi +0.109
    -301..-500: n   209 win 0.794 fair 0.763 roi +0.013 z_edge +1.11 | old n 128 roi +0.033 | new n 81 roi -0.020
         -500+: n    36 win 0.861 fair 0.831 roi +0.010 z_edge +0.52 | old n 25 roi -0.018 | new n 11 roi +0.073
 WTA pin straights [model+2%]
    -101..-150: n  2537 win 0.527 fair 0.544 roi -0.057 z_edge -1.73 | old n 1079 roi -0.079 | new n 1458 roi -0.041
    -151..-200: n  1628 win 0.591 fair 0.617 roi -0.068 z_edge -2.16 | old n 601 roi -0.042 | new n 1027 roi -0.084
    -201..-300: n  1219 win 0.699 fair 0.688 roi -0.010 z_edge +0.85 | old n 449 roi -0.018 | new n 770 roi -0.005
    -301..-500: n   737 win 0.786 fair 0.765 roi -0.001 z_edge +1.35 | old n 241 roi +0.031 | new n 496 roi -0.017
         -500+: n   246 win 0.911 fair 0.854 roi +0.039 z_edge +3.13 | old n 91 roi -0.002 | new n 155 roi +0.064
 WTA b365 straights [all]
    -101..-150: n  4354 win 0.519 fair 0.539 roi -0.094 z_edge -2.61 | old n 1541 roi -0.097 | new n 2813 roi -0.093
    -151..-200: n  8799 win 0.594 fair 0.598 roi -0.068 z_edge -0.85 | old n 4404 roi -0.084 | new n 4395 roi -0.052
    -201..-300: n  6169 win 0.676 fair 0.671 roi -0.053 z_edge +0.82 | old n 3041 roi -0.056 | new n 3128 roi -0.051
    -301..-500: n  6726 win 0.754 fair 0.748 roi -0.048 z_edge +1.13 | old n 3280 roi -0.061 | new n 3446 roi -0.035
         -500+: n  5470 win 0.878 fair 0.854 roi -0.026 z_edge +5.44 | old n 2984 roi -0.035 | new n 2486 roi -0.016
 WTA b365 straights [blend+2%]
    -101..-150: n   715 win 0.568 fair 0.539 roi -0.009 z_edge +1.53 | old n 249 roi -0.102 | new n 466 roi +0.041
    -151..-200: n  1601 win 0.621 fair 0.600 roi -0.028 z_edge +1.73 | old n 781 roi -0.064 | new n 820 roi +0.006
    -201..-300: n  1404 win 0.702 fair 0.670 roi -0.017 z_edge +2.54 | old n 755 roi -0.006 | new n 649 roi -0.029
    -301..-500: n  1586 win 0.772 fair 0.750 roi -0.027 z_edge +2.19 | old n 811 roi -0.048 | new n 775 roi -0.005
         -500+: n  1393 win 0.877 fair 0.846 roi -0.020 z_edge +3.60 | old n 749 roi -0.020 | new n 644 roi -0.019
 WTA b365 straights [model+2%]
    -101..-150: n  1375 win 0.520 fair 0.539 roi -0.093 z_edge -1.42 | old n 438 roi -0.127 | new n 937 roi -0.077
    -151..-200: n  2181 win 0.577 fair 0.598 roi -0.093 z_edge -1.92 | old n 888 roi -0.096 | new n 1293 roi -0.090
    -201..-300: n  1229 win 0.679 fair 0.670 roi -0.047 z_edge +0.68 | old n 472 roi -0.037 | new n 757 roi -0.054
    -301..-500: n  1018 win 0.746 fair 0.745 roi -0.054 z_edge +0.03 | old n 354 roi -0.071 | new n 664 roi -0.045
         -500+: n   429 win 0.897 fair 0.840 roi +0.011 z_edge +3.94 | old n 171 roi -0.024 | new n 258 roi +0.034
 ATP pin parlay cap -150 [all]: 1224 tickets, hit 0.166 (fair 0.171), avg +444, roi -0.111 z -1.94 | old 529 -0.073 | new 695 -0.141
 ATP pin parlay cap -200 [all]: 2097 tickets, hit 0.211 (fair 0.222), avg +325, roi -0.114 z -3.02 | old 946 -0.141 | new 1151 -0.092
 ATP pin parlay cap -300 [all]: 2501 tickets, hit 0.304 (fair 0.295), avg +225, roi -0.049 z -1.66 | old 1164 -0.055 | new 1337 -0.043
 ATP pin parlay cap -200 [blend+2%]: 6 tickets, hit 0.000 (fair 0.211), avg +341, roi -1.000 z +0.00 | old 3 -1.000 | new 3 -1.000
 ATP pin parlay cap -300 [blend+2%]: 18 tickets, hit 0.167 (fair 0.260), avg +265, roi -0.481 z -1.70 | old 8 -0.202 | new 10 -0.705
 ATP pin parlay cap -150 [model+2%]: 187 tickets, hit 0.150 (fair 0.163), avg +472, roi -0.157 z -1.06 | old 70 -0.378 | new 117 -0.025
 ATP pin parlay cap -200 [model+2%]: 507 tickets, hit 0.175 (fair 0.199), avg +373, roi -0.186 z -2.35 | old 185 -0.318 | new 322 -0.111
 ATP pin parlay cap -300 [model+2%]: 765 tickets, hit 0.224 (fair 0.236), avg +308, roi -0.128 z -2.13 | old 296 -0.149 | new 469 -0.115
 ATP b365 parlay cap -150 [all]: 498 tickets, hit 0.112 (fair 0.162), avg +418, roi -0.422 z -5.79 | old 105 -0.495 | new 393 -0.403
 ATP b365 parlay cap -200 [all]: 1909 tickets, hit 0.195 (fair 0.213), avg +294, roi -0.239 z -6.72 | old 818 -0.301 | new 1091 -0.193
 ATP b365 parlay cap -300 [all]: 2394 tickets, hit 0.273 (fair 0.271), avg +216, roi -0.176 z -6.31 | old 1103 -0.221 | new 1291 -0.137
 ATP b365 parlay cap -150 [blend+2%]: 9 tickets, hit 0.222 (fair 0.166), avg +413, roi +0.128 z +0.17 | old 1 +4.325 | new 8 -0.397
 ATP b365 parlay cap -200 [blend+2%]: 141 tickets, hit 0.270 (fair 0.197), avg +329, roi +0.133 z +0.83 | old 35 +0.169 | new 106 +0.121
 ATP b365 parlay cap -300 [blend+2%]: 346 tickets, hit 0.303 (fair 0.242), avg +252, roi +0.034 z +0.39 | old 141 +0.030 | new 205 +0.037
 ATP b365 parlay cap -150 [model+2%]: 49 tickets, hit 0.102 (fair 0.159), avg +430, roi -0.467 z -2.04 | old 4 +0.331 | new 45 -0.538
 ATP b365 parlay cap -200 [model+2%]: 390 tickets, hit 0.197 (fair 0.198), avg +324, roi -0.192 z -2.32 | old 127 -0.262 | new 263 -0.159
 ATP b365 parlay cap -300 [model+2%]: 631 tickets, hit 0.224 (fair 0.230), avg +271, roi -0.206 z -3.45 | old 218 -0.242 | new 413 -0.187
 WTA pin parlay cap -150 [all]: 1308 tickets, hit 0.161 (fair 0.170), avg +445, roi -0.126 z -2.28 | old 602 -0.151 | new 706 -0.105
 WTA pin parlay cap -200 [all]: 2270 tickets, hit 0.207 (fair 0.220), avg +328, roi -0.134 z -3.71 | old 1043 -0.135 | new 1227 -0.133
 WTA pin parlay cap -300 [all]: 2680 tickets, hit 0.289 (fair 0.291), avg +230, roi -0.087 z -3.08 | old 1260 -0.082 | new 1420 -0.092
 WTA pin parlay cap -200 [blend+2%]: 5 tickets, hit 0.600 (fair 0.201), avg +362, roi +1.674 z +1.51 | old 2 -1.000 | new 3 +3.457
 WTA pin parlay cap -300 [blend+2%]: 13 tickets, hit 0.538 (fair 0.237), avg +295, roi +1.124 z +1.94 | old 5 +0.394 | new 8 +1.580
 WTA pin parlay cap -150 [model+2%]: 205 tickets, hit 0.112 (fair 0.163), avg +468, roi -0.367 z -2.94 | old 86 -0.412 | new 119 -0.335
 WTA pin parlay cap -200 [model+2%]: 543 tickets, hit 0.160 (fair 0.197), avg +377, roi -0.236 z -3.11 | old 205 -0.242 | new 338 -0.232
 WTA pin parlay cap -300 [model+2%]: 804 tickets, hit 0.224 (fair 0.238), avg +305, roi -0.148 z -2.57 | old 301 -0.045 | new 503 -0.210
 WTA b365 parlay cap -150 [all]: 542 tickets, hit 0.120 (fair 0.161), avg +419, roi -0.376 z -5.16 | old 151 -0.519 | new 391 -0.321
 WTA b365 parlay cap -200 [all]: 2061 tickets, hit 0.190 (fair 0.213), avg +295, roi -0.259 z -7.66 | old 935 -0.269 | new 1126 -0.251
 WTA b365 parlay cap -300 [all]: 2541 tickets, hit 0.269 (fair 0.270), avg +217, roi -0.171 z -6.20 | old 1181 -0.192 | new 1360 -0.152
 WTA b365 parlay cap -150 [blend+2%]: 7 tickets, hit 0.143 (fair 0.157), avg +435, roi -0.204 z -0.26 | old 2 -1.000 | new 5 +0.115
 WTA b365 parlay cap -200 [blend+2%]: 170 tickets, hit 0.212 (fair 0.201), avg +315, roi -0.128 z -0.98 | old 75 -0.231 | new 95 -0.045
 WTA b365 parlay cap -300 [blend+2%]: 437 tickets, hit 0.277 (fair 0.241), avg +251, roi -0.056 z -0.75 | old 208 -0.082 | new 229 -0.031
 WTA b365 parlay cap -150 [model+2%]: 65 tickets, hit 0.077 (fair 0.160), avg +427, roi -0.586 z -3.26 | old 9 -1.000 | new 56 -0.519
 WTA b365 parlay cap -200 [model+2%]: 389 tickets, hit 0.162 (fair 0.198), avg +326, roi -0.306 z -3.79 | old 128 -0.361 | new 261 -0.279
 WTA b365 parlay cap -300 [model+2%]: 666 tickets, hit 0.219 (fair 0.233), avg +267, roi -0.233 z -4.06 | old 238 -0.318 | new 428 -0.185
 tests at n300+: 266 straight, 28 parlay; expected by luck 0.062 + 0.751
 passed the bar: ['atp|b365|blend+2%|parlay -300'] · proven (not luck-sized): none
 VERDICT: NOT LUCRATIVE (a pass that looks like luck). atp|b365|blend+2%|parlay -300 (n 346, roi +0.034, profit z +0.39) clears the bar, but its profit z is under 2 and 0.81 passes were expected by luck alone. Nothing to act on. Research only.
✅ tennis heavy favorites: 10s · proven: {"proven": []}
study run done in 296s: 20/20 studies ok
✅ underdogs + favorites: 2s · proven: {"nfl": [], "nfl price check": false, "ncaaf": [], "ncaaf price check": false, "nba": [], "nba price check": false, "ncaab": [], "ncaab price check": true, "mlb": [], "mlb price check": false, "nhl": [], "nhl price check": true}
✅ over/unders: 6s · proven: {"nfl": true, "ncaaf": false, "nba": false, "ncaab": true, "mlb": false, "nhl": false}
✅ hockey: 10s · proven: null
✅ spread vs moneyline: 7s · proven: {"nfl": true, "ncaaf": false, "nba": false, "ncaab": false}
✅ puck lines / run lines: 3s · proven: null
✅ halves / first period: 1s · proven: null
✅ comebacks: 106s · proven: null
✅ trends: 6s · proven: {"proven": ["ncaab|rate|fav_cover", "ncaaf|rate|total"]}
✅ rigged / fade the public: 0s · proven: {"proven": []}
✅ self-check on our picks: 0s · proven: null
✅ situational spots: 11s · proven: {"nfl": [], "ncaaf": [], "nba": [], "ncaab": [], "mlb": [], "nhl": []}
✅ line movement + CLV: 2s · proven: {"proven": []}
✅ our engine vs the move (can it beat the pros?): 3s · proven: {"proven": []}
✅ the engine's strengths, sport by sport: 3s · proven: {"proven": ["ncaaf", "nba"]}
THE CONTEXT STUDY: 586 tests with 300+ bets; bar z >= 3.5 + profit in both halves. Luck alone: ~0.136 false positives expected (fake no-edge results passed 0.0 on average); refs: officials.json loaded
nfl: 2776 games · proven - · confirmed - · killed -
   ref_home-|spread|dog         n=   443 roi old +0.012 new +0.117 edge +0.0559 z=+1.42
   div|spread|dog               n=   778 roi old +0.028 new +0.036 edge +0.0390 z=+0.93
   any:out_dome|total|over      n=   463 roi old +0.053 new +0.029 edge +0.0443 z=+0.92
   out_dome|ml|team             n=   451 roi old +0.116 new -0.029 edge +0.0397 z=+0.73
   any:dome_out|total|under     n=   459 roi old +0.010 new +0.039 edge +0.0361 z=+0.55
   rival|spread|home            n=   333 roi old +0.051 new -0.002 edge +0.0352 z=+0.46
ncaaf: 9696 games · proven - · confirmed - · killed -
   any:east1000|total|under     n=   462 roi old +0.059 new +0.098 edge +0.0650 z=+1.78
   rival|total|under            n=   304 roi old +0.079 new +0.064 edge +0.0624 z=+1.32
   rival|spread|road            n=   302 roi old +0.011 new +0.124 edge +0.0593 z=+1.24
   west1000|ml|fade             n=   451 roi old -0.031 new +0.127 edge +0.0337 z=+0.78
   trip1000|ml|fade             n=   899 roi old -0.027 new +0.074 edge +0.0176 z=+0.55
   west1000|spread|fade         n=   439 roi old -0.044 new +0.084 edge +0.0347 z=+0.45
nba: 12852 games · proven - · confirmed - · killed -
   any:rest|total|over          n=   328 roi old +0.140 new +0.105 edge +0.0881 z=+2.36
   ref_under|ml|road            n=   403 roi old +0.116 new +0.234 edge +0.0761 z=+2.29
   any:tank|total|over          n=   584 roi old +0.006 new +0.124 edge +0.0581 z=+1.66
   any:elim|total|over          n=   664 roi old -0.017 new +0.110 edge +0.0481 z=+1.26
   ref_under|ml|dog             n=   400 roi old +0.064 new +0.127 edge +0.0431 z=+1.13
   tank|spread|fade             n=   527 roi old +0.032 new +0.050 edge +0.0445 z=+0.99
ncaab: 58494 games · proven - · confirmed - · killed -
   ref_under|total|under        n=  2506 roi old +0.032 new +0.064 edge +0.0488 z=+2.54
   ref_over|total|over          n=  1492 roi old +0.065 new +0.022 edge +0.0467 z=+1.77
   road3in6|spread|team         n=   481 roi old +0.019 new +0.048 edge +0.0411 z=+0.76
   rival|spread|home            n=   368 roi old +0.130 new -0.055 edge +0.0435 z=+0.76
   rival|total|under            n=   371 roi old +0.084 new -0.042 edge +0.0342 z=+0.41
   rival|ml|home                n=   374 roi old +0.054 new -0.025 edge +0.0330 z=+0.30
mlb: 23243 games · proven - · confirmed - · killed -
   trip2000|ml|fade             n=   658 roi old +0.089 new -0.043 edge +0.0265 z=+0.58
   east1000|ml|team             n=  1399 roi old +0.041 new -0.009 edge +0.0244 z=+0.57
   nonconf|ml|road              n=  4275 roi old +0.039 new -0.032 edge +0.0179 z=+0.20
   any:west1000|total|over      n=  1439 roi old -0.021 new +0.026 edge +0.0240 z=+0.09
   trip1000|ml|team             n=  2473 roi old +0.000 new -0.001 edge +0.0163 z=-0.02
   ref_under|total|under        n=  3081 roi old +0.001 new -0.002 edge +0.0220 z=-0.02
nhl: 13226 games · proven - · confirmed - · killed -
   ref_home+|ml|road            n=   489 roi old +0.045 new +0.001 edge +0.0281 z=+0.45
   race|ml|team                 n=  1320 roi old +0.025 new -0.022 edge +0.0237 z=+0.04
   ref_home-|total|under        n=   589 roi old +0.035 new -0.037 edge +0.0231 z=-0.03
   mustwin|ml|team              n=  1228 roi old +0.036 new -0.040 edge +0.0226 z=-0.07
   trip2000|ml|fade             n=   526 roi old -0.017 new -0.002 edge +0.0104 z=-0.21
   any:west1000|total|over      n=  1327 roi old +0.005 new -0.022 edge +0.0197 z=-0.32
✅ context: rivalries, travel, domes, stakes, refs: 21s · proven: {"nfl": [], "ncaaf": [], "nba": [], "ncaab": [], "mlb": [], "nhl": []}
✅ early value plays: the early-price exam: 30s · proven: {"proven": ["mlb +8..12 (+100..+149 dogs)"]}
THE EXPLORER: tested 6000 NEW angles (183936 ever) in 29.0s
   new suspects: 0 (luck alone would give ~1.4) · promoted to PROVEN: 0 · killed: 0 · proven demoted: 0
   now watching 0 suspects · 0 proven · 0 killed
   TEAM TRENDS pooled across sports (all games so far; 'follow' = ride the trend, 'fade' = bet against it; the bar: 300+ bets, profit in both halves, z 3.5+):
   1st-quarter form|ml: n=23934 (2018-04-07..2026-09-27) follow hit 62.2% older / 62.9% newer (fair 61.3%, roi -0.024 / -0.026, z -4.07, edge z 4.42) · fade hit 37.8% / 37.1% (roi -0.095 / -0.146, z -12.25) -> no edge
   1st-quarter form|p1ml: n=14233 (2018-09-09..2026-09-27) follow hit 60.6% older / 61.4% newer (fair 59.7%, roi -0.031 / -0.036, z -4.63, edge z 3.32) · fade hit 39.4% / 38.6% (roi -0.083 / -0.117, z -9.09) -> no edge
   1st-quarter form|p1spread: n=14641 (2018-09-09..2026-09-27) follow hit 50.4% older / 50.0% newer (fair 50.0%, roi -0.043 / -0.060, z -6.6, edge z 0.49) · fade hit 49.5% / 50.0% (roi -0.060 / -0.059, z -7.58) -> no edge
   1st-quarter form|spread: n=21353 (2018-10-20..2026-06-14) follow hit 49.8% older / 50.4% newer (fair 50.0%, roi -0.048 / -0.037, z -6.54, edge z 0.27) · fade hit 50.2% / 49.6% (roi -0.042 / -0.051, z -7.09) -> no edge
   O/U streak 4+|total: n=15246 (2018-04-04..2026-10-05) follow hit 49.8% older / 50.7% newer (fair 50.0%, roi -0.050 / -0.030, z -5.21, edge z 0.52) · fade hit 50.2% / 49.3% (roi -0.038 / -0.058, z -6.22) -> no edge
   division record|ml: n=2512 (2018-09-09..2026-10-04) follow hit 64.3% older / 65.5% newer (fair 62.9%, roi +0.015 / -0.012, z 0.09, edge z 2.17) · fade hit 35.7% / 34.5% (roi -0.078 / -0.098, z -3.04) -> no edge
   division record|spread: n=1414 (2018-09-09..2026-10-04) follow hit 50.6% older / 48.7% newer (fair 50.0%, roi -0.031 / -0.070, z -1.99, edge z -0.28) · fade hit 49.4% / 51.3% (roi -0.057 / -0.016, z -1.43) -> no edge
   prime-time record|ml: n=189 (2018-09-17..2026-09-28) follow hit 59.6% older / 62.1% newer (fair 59.9%, roi -0.080 / +0.022, z -0.45, edge z 0.28) · fade hit 40.4% / 37.9% (roi -0.116 / -0.054, z -0.89) -> no edge
   prime-time record|spread: n=187 (2018-09-17..2026-09-28) follow hit 52.7% older / 47.9% newer (fair 50.0%, roi +0.010 / -0.085, z -0.54, edge z 0.08) · fade hit 47.3% / 52.1% (roi -0.090 / -0.007, z -0.69) -> no edge
   road ATS rate|spread: n=10261 (2018-11-04..2026-10-04) follow hit 48.8% older / 48.3% newer (fair 50.0%, roi -0.068 / -0.078, z -7.72, edge z -2.99) · fade hit 51.2% / 51.7% (roi -0.022 / -0.011, z -1.74) -> no edge
   season ATS rate|spread: n=13032 (2018-10-13..2026-04-04) follow hit 48.2% older / 49.1% newer (fair 50.0%, roi -0.079 / -0.062, z -8.4, edge z -3.09) · fade hit 51.8% / 50.9% (roi -0.011 / -0.026, z -2.23) -> no edge
   team ATS streak 3+|spread: n=16486 (2018-09-16..2026-10-04) follow hit 49.2% older / 49.4% newer (fair 50.0%, roi -0.060 / -0.055, z -7.77, edge z -1.78) · fade hit 50.8% / 50.6% (roi -0.029 / -0.033, z -4.22) -> no edge
   team ATS streak 5+|spread: n=4204 (2018-10-06..2026-06-09) follow hit 48.4% older / 48.2% newer (fair 50.0%, roi -0.075 / -0.077, z -5.17, edge z -2.14) · fade hit 51.6% / 51.8% (roi -0.015 / -0.011, z -0.87) -> no edge
✅ the explorer: NEW angles: 30s · proven: {"proven": []}
THE TENNIS EDGE STUDY: 64658 priced matches 2012-01-01 -> 2026-08-03 (older half < 2018-05-27 <= newer half) in 23.7s
   softest segments (a bias learned on the older half that still helps on the newer, mnats/match): WTA rank x10+ +1.15, WTA slam +0.91, WTA round sf+ +0.89, ATP indoor +0.78
   ATP: log loss pin 0.5752 / b365 0.5759 / avg 0.576 · margin pin 0.0253 b365 0.0605
   WTA: log loss pin 0.5903 / b365 0.5912 / avg 0.5908 · margin pin 0.0266 b365 0.0619
   line shop b365 >2% over pinnacle fair: n=4674 roi -0.066 / -0.032 (expected +0.063) edge z=2.68 · beats fair in 14% of matches
   line shop avg >2% over pinnacle fair: n=928 roi -0.164 / -0.045 (expected +0.067) edge z=-0.25 · beats fair in 4% of matches
   line shop max >2% over pinnacle fair: n=30043 roi +0.016 / +0.023 (expected +0.069) edge z=2.42 · beats fair in 73% of matches
   model vs market, newer half: pinnacle 0.597 · elo 0.6295 · model 0.6262 · blend 0.5969 (+0.100 mnats, z 1.07)
   bovada: 253 closing lines, margin 0.0452, 0 matched to pinnacle, 145 graded
   names -> ESPN ids: 0.8856 of 1556 names since ESPN's history (by tour {'atp': 0.9195, 'wta': 0.8534}), 0.9386 of match sides · birth dates for 0.9385 of sides (2808 bios on file)
   life atoms (122 read-outs at pinnacle): wta|pin|yvv:vet n=1818 roi +0.020 / -0.095 z 1.53 / -1.45, wta|pin|age:teen n=4296 roi +0.006 / +0.007 z 1.07 / 1.99, wta|pin|tvv:vet n=483 roi +0.046 / -0.126 z 0.51 / -1.2, atp|pin|age:teen n=2324 roi +0.015 / +0.006 z 0.28 / 1.94
   registry: tested 3055 new angles (98330 ever) · new suspects 6 · promoted 0 · killed 3 · luck would give ~22.87 suspects / 0.5204 proven ever
   fixed tests: 543 this run, 1 pass the bar (luck ~0.252)
   NEW SUSPECT atp|b365|agegap:+4-8&olast:dist&ssn:mid: older half n=297 roi +0.102 edge z=3.57 | newer half n=365 roi -0.127 edge z=-0.78
   NEW SUSPECT atp|avg|agegap:+4-8&olast:dist&ssn:mid: older half n=297 roi +0.103 edge z=3.59 | newer half n=365 roi -0.128 edge z=-0.79
   NEW SUSPECT atp|pin|agegap:+4-8&olast:dist&ssn:mid: older half n=297 roi +0.156 edge z=3.58 | newer half n=365 roi -0.100 edge z=-0.79
   NEW SUSPECT atp|b365|agegap:+4-8&ork:100+&ssn:mid: older half n=325 roi +0.061 edge z=3.81 | newer half n=426 roi +0.004 edge z=1.97
   NEW SUSPECT atp|avg|agegap:+4-8&ork:100+&ssn:mid: older half n=325 roi +0.069 edge z=3.98 | newer half n=425 roi +0.003 edge z=1.96
   NEW SUSPECT atp|pin|agegap:+4-8&ork:100+&ssn:mid: older half n=325 roi +0.099 edge z=3.73 | newer half n=426 roi +0.029 edge z=1.83
   KILLED atp|b365|agegap:+4-8&olast:dist&ssn:mid: older half n=297 roi +0.102 edge z=3.57 | newer half n=365 roi -0.127 edge z=-0.78
   KILLED atp|avg|agegap:+4-8&olast:dist&ssn:mid: older half n=297 roi +0.103 edge z=3.59 | newer half n=365 roi -0.128 edge z=-0.79
   KILLED atp|pin|agegap:+4-8&olast:dist&ssn:mid: older half n=297 roi +0.156 edge z=3.58 | newer half n=365 roi -0.100 edge z=-0.79
   PASSES price 90-100% wta at max: n=1231 roi +0.012 / +0.029 z=3.87 (NOT a gettable price)
   closest angle: wta|avg|agegap:+4-8&p:80+&surf:hard n=398 roi +0.015 / -0.025 z older 3.42 all 2.94
   closest angle: atp|avg|agegap:+4-8&oform:cold&ssn:mid n=541 roi +0.104 / -0.113 z older 3.28 all 1.36
   closest angle: atp|pin|agegap:+4-8&oform:cold&ssn:mid n=541 roi +0.147 / -0.076 z older 3.23 all 1.31
   closest fixed: line shop b365 all fav gap>0% n=2020 roi +0.044 / +0.008 z=4.48
   closest fixed: line shop b365 atp fav gap>0% n=970 roi +0.067 / +0.007 z=3.45
   closest fixed: line shop b365 wta fav gap>0% n=1050 roi +0.026 / +0.010 z=2.9
   PROVEN: ['wta|avg|age:vet&agegap:+8&p:65-80', 'wta|pin|age:vet&agegap:+8&p:65-80']
✅ tennis edge: 24s · proven: {"proven": ["wta|avg|age:vet&agegap:+8&p:65-80", "wta|pin|age:vet&agegap:+8&p:65-80"]}
first set ATP: 32132 matches, implied log loss 0.62855 (match chance as set-1 chance 0.63577, coin 0.69315)
  crew overperformance: closest >= 0.05: n 19692, hit 0.5266 vs implied 0.5218, z 1.41 (vs recalibrated 0.73), ROI -0.0502 (older -0.0615, newer -0.0399) - z 1.41 < 3.5; older ROI -0.0615 <= 0; newer ROI -0.0399 <= 0
  crew raw_rate: closest >= 0.10: n 15498, hit 0.6247 vs implied 0.608, z 4.4 (vs recalibrated 1.16), ROI -0.0269 (older -0.0388, newer -0.016) - older ROI -0.0388 <= 0; newer ROI -0.016 <= 0
first set WTA: 32523 matches, implied log loss 0.62585 (match chance as set-1 chance 0.62643, coin 0.69315)
  crew overperformance: closest >= 0.15: n 8372, hit 0.5631 vs implied 0.549, z 2.69 (vs recalibrated 1.03), ROI -0.0357 (older -0.0422, newer -0.0286) - z 2.69 < 3.5; older ROI -0.0422 <= 0; newer ROI -0.0286 <= 0
  crew raw_rate: closest >= 0.20: n 8256, hit 0.6662 vs implied 0.638, z 5.49 (vs recalibrated 0.74), ROI -0.0109 (older -0.0057, newer -0.0164) - older ROI -0.0057 <= 0; newer ROI -0.0164 <= 0
first set real Bovada lines: 0 captured, 0 matched (test runs at 300) · 3.5s
✅ tennis first set: 4s · proven: {"proven": []}
HEAVY TENNIS FAVORITES (research only): 64658 priced matches 2012-01-01 -> 2026-01-14, split 2018-05-27, 53807 rated
 ATP pin straights [all]
    -101..-150: n  7563 win 0.541 fair 0.547 roi -0.035 z_edge -1.02 | old n 3291 roi -0.035 | new n 4272 roi -0.036
    -151..-200: n  6518 win 0.604 fair 0.619 roi -0.048 z_edge -2.43 | old n 2813 roi -0.043 | new n 3705 roi -0.052
    -201..-300: n  6514 win 0.698 fair 0.691 roi -0.014 z_edge +1.31 | old n 3112 roi -0.020 | new n 3402 roi -0.009
    -301..-500: n  5611 win 0.784 fair 0.771 roi -0.007 z_edge +2.42 | old n 2841 roi +0.006 | new n 2770 roi -0.020
         -500+: n  5778 win 0.896 fair 0.884 roi -0.009 z_edge +3.26 | old n 3246 roi -0.009 | new n 2532 roi -0.009
 ATP pin straights [blend+2%]
    -101..-150: n   116 win 0.560 fair 0.552 roi -0.012 z_edge +0.19 | old n 69 roi +0.043 | new n 47 roi -0.092
    -151..-200: n   207 win 0.551 fair 0.620 roi -0.134 z_edge -1.99 | old n 129 roi -0.072 | new n 78 roi -0.235
    -201..-300: n   233 win 0.717 fair 0.691 roi +0.011 z_edge +0.87 | old n 161 roi +0.017 | new n 72 roi -0.001
    -301..-500: n   173 win 0.775 fair 0.771 roi -0.021 z_edge +0.10 | old n 132 roi -0.014 | new n 41 roi -0.043
         -500+: n    35 win 0.914 fair 0.841 roi +0.060 z_edge +1.51 | old n 30 roi +0.083 | new n 5 roi -0.074
 ATP pin straights [model+2%]
    -101..-150: n  2343 win 0.527 fair 0.545 roi -0.055 z_edge -1.74 | old n 975 roi -0.042 | new n 1368 roi -0.065
    -151..-200: n  1544 win 0.589 fair 0.617 roi -0.068 z_edge -2.19 | old n 591 roi -0.076 | new n 953 roi -0.064
    -201..-300: n  1220 win 0.686 fair 0.689 roi -0.027 z_edge -0.20 | old n 461 roi -0.022 | new n 759 roi -0.030
    -301..-500: n   696 win 0.783 fair 0.768 roi -0.004 z_edge +0.99 | old n 274 roi +0.010 | new n 422 roi -0.014
         -500+: n   345 win 0.870 fair 0.868 roi -0.022 z_edge +0.10 | old n 126 roi +0.003 | new n 219 roi -0.037
 ATP b365 straights [all]
    -101..-150: n  4071 win 0.529 fair 0.539 roi -0.078 z_edge -1.38 | old n 1278 roi -0.087 | new n 2793 roi -0.074
    -151..-200: n  8140 win 0.585 fair 0.599 roi -0.082 z_edge -2.43 | old n 3777 roi -0.089 | new n 4363 roi -0.076
    -201..-300: n  5979 win 0.676 fair 0.671 roi -0.052 z_edge +0.88 | old n 2913 roi -0.066 | new n 3066 roi -0.040
    -301..-500: n  6606 win 0.761 fair 0.748 roi -0.038 z_edge +2.53 | old n 3213 roi -0.038 | new n 3393 roi -0.037
         -500+: n  6547 win 0.885 fair 0.864 roi -0.027 z_edge +5.31 | old n 3868 roi -0.030 | new n 2679 roi -0.023
 ATP b365 straights [blend+2%]
    -101..-150: n   649 win 0.508 fair 0.539 roi -0.113 z_edge -1.56 | old n 189 roi -0.091 | new n 460 roi -0.122
    -151..-200: n  1317 win 0.616 fair 0.598 roi -0.033 z_edge +1.30 | old n 569 roi -0.066 | new n 748 roi -0.007
    -201..-300: n  1263 win 0.710 fair 0.671 roi -0.005 z_edge +3.07 | old n 649 roi -0.000 | new n 614 roi -0.011
    -301..-500: n  1607 win 0.779 fair 0.751 roi -0.020 z_edge +2.69 | old n 785 roi -0.021 | new n 822 roi -0.019
         -500+: n  1659 win 0.882 fair 0.850 roi -0.017 z_edge +4.13 | old n 895 roi -0.021 | new n 764 roi -0.012
 ATP b365 straights [model+2%]
    -101..-150: n  1242 win 0.510 fair 0.538 roi -0.108 z_edge -2.01 | old n 385 roi -0.108 | new n 857 roi -0.108
    -151..-200: n  2075 win 0.571 fair 0.598 roi -0.103 z_edge -2.46 | old n 865 roi -0.139 | new n 1210 roi -0.077
    -201..-300: n  1161 win 0.677 fair 0.670 roi -0.050 z_edge +0.49 | old n 468 roi -0.041 | new n 693 roi -0.056
    -301..-500: n  1028 win 0.743 fair 0.746 roi -0.057 z_edge -0.18 | old n 404 roi -0.071 | new n 624 roi -0.048
         -500+: n   573 win 0.843 fair 0.850 roi -0.061 z_edge -0.48 | old n 229 roi -0.058 | new n 344 roi -0.063
 WTA pin straights [all]
    -101..-150: n  8256 win 0.534 fair 0.545 roi -0.047 z_edge -2.12 | old n 3924 roi -0.047 | new n 4332 roi -0.046
    -151..-200: n  6885 win 0.617 fair 0.618 roi -0.027 z_edge -0.15 | old n 3194 roi -0.029 | new n 3691 roi -0.025
    -201..-300: n  6803 win 0.694 fair 0.690 roi -0.020 z_edge +0.77 | old n 3338 roi -0.022 | new n 3465 roi -0.018
    -301..-500: n  5806 win 0.772 fair 0.769 roi -0.023 z_edge +0.48 | old n 2800 roi -0.024 | new n 3006 roi -0.022
         -500+: n  4649 win 0.892 fair 0.873 roi -0.005 z_edge +4.20 | old n 2399 roi -0.010 | new n 2250 roi +0.001
 WTA pin straights [blend+2%]
    -101..-150: n   156 win 0.545 fair 0.551 roi -0.033 z_edge -0.15 | old n 79 roi -0.176 | new n 77 roi +0.113
    -151..-200: n   219 win 0.676 fair 0.617 roi +0.066 z_edge +1.87 | old n 122 roi +0.049 | new n 97 roi +0.089
    -201..-300: n   271 win 0.727 fair 0.690 roi +0.028 z_edge +1.37 | old n 194 roi -0.005 | new n 77 roi +0.109
    -301..-500: n   209 win 0.794 fair 0.763 roi +0.013 z_edge +1.11 | old n 128 roi +0.033 | new n 81 roi -0.020
         -500+: n    36 win 0.861 fair 0.831 roi +0.010 z_edge +0.52 | old n 25 roi -0.018 | new n 11 roi +0.073
 WTA pin straights [model+2%]
    -101..-150: n  2537 win 0.527 fair 0.544 roi -0.057 z_edge -1.73 | old n 1079 roi -0.079 | new n 1458 roi -0.041
    -151..-200: n  1628 win 0.591 fair 0.617 roi -0.068 z_edge -2.16 | old n 601 roi -0.042 | new n 1027 roi -0.084
    -201..-300: n  1219 win 0.699 fair 0.688 roi -0.010 z_edge +0.85 | old n 449 roi -0.018 | new n 770 roi -0.005
    -301..-500: n   737 win 0.786 fair 0.765 roi -0.001 z_edge +1.35 | old n 241 roi +0.031 | new n 496 roi -0.017
         -500+: n   246 win 0.911 fair 0.854 roi +0.039 z_edge +3.13 | old n 91 roi -0.002 | new n 155 roi +0.064
 WTA b365 straights [all]
    -101..-150: n  4354 win 0.519 fair 0.539 roi -0.094 z_edge -2.61 | old n 1541 roi -0.097 | new n 2813 roi -0.093
    -151..-200: n  8799 win 0.594 fair 0.598 roi -0.068 z_edge -0.85 | old n 4404 roi -0.084 | new n 4395 roi -0.052
    -201..-300: n  6169 win 0.676 fair 0.671 roi -0.053 z_edge +0.82 | old n 3041 roi -0.056 | new n 3128 roi -0.051
    -301..-500: n  6726 win 0.754 fair 0.748 roi -0.048 z_edge +1.13 | old n 3280 roi -0.061 | new n 3446 roi -0.035
         -500+: n  5470 win 0.878 fair 0.854 roi -0.026 z_edge +5.44 | old n 2984 roi -0.035 | new n 2486 roi -0.016
 WTA b365 straights [blend+2%]
    -101..-150: n   715 win 0.568 fair 0.539 roi -0.009 z_edge +1.53 | old n 249 roi -0.102 | new n 466 roi +0.041
    -151..-200: n  1601 win 0.621 fair 0.600 roi -0.028 z_edge +1.73 | old n 781 roi -0.064 | new n 820 roi +0.006
    -201..-300: n  1404 win 0.702 fair 0.670 roi -0.017 z_edge +2.54 | old n 755 roi -0.006 | new n 649 roi -0.029
    -301..-500: n  1586 win 0.772 fair 0.750 roi -0.027 z_edge +2.19 | old n 811 roi -0.048 | new n 775 roi -0.005
         -500+: n  1393 win 0.877 fair 0.846 roi -0.020 z_edge +3.60 | old n 749 roi -0.020 | new n 644 roi -0.019
 WTA b365 straights [model+2%]
    -101..-150: n  1375 win 0.520 fair 0.539 roi -0.093 z_edge -1.42 | old n 438 roi -0.127 | new n 937 roi -0.077
    -151..-200: n  2181 win 0.577 fair 0.598 roi -0.093 z_edge -1.92 | old n 888 roi -0.096 | new n 1293 roi -0.090
    -201..-300: n  1229 win 0.679 fair 0.670 roi -0.047 z_edge +0.68 | old n 472 roi -0.037 | new n 757 roi -0.054
    -301..-500: n  1018 win 0.746 fair 0.745 roi -0.054 z_edge +0.03 | old n 354 roi -0.071 | new n 664 roi -0.045
         -500+: n   429 win 0.897 fair 0.840 roi +0.011 z_edge +3.94 | old n 171 roi -0.024 | new n 258 roi +0.034
 ATP pin parlay cap -150 [all]: 1224 tickets, hit 0.166 (fair 0.171), avg +444, roi -0.111 z -1.94 | old 529 -0.073 | new 695 -0.141
 ATP pin parlay cap -200 [all]: 2097 tickets, hit 0.211 (fair 0.222), avg +325, roi -0.114 z -3.02 | old 946 -0.141 | new 1151 -0.092
 ATP pin parlay cap -300 [all]: 2501 tickets, hit 0.304 (fair 0.295), avg +225, roi -0.049 z -1.66 | old 1164 -0.055 | new 1337 -0.043
 ATP pin parlay cap -200 [blend+2%]: 6 tickets, hit 0.000 (fair 0.211), avg +341, roi -1.000 z +0.00 | old 3 -1.000 | new 3 -1.000
 ATP pin parlay cap -300 [blend+2%]: 18 tickets, hit 0.167 (fair 0.260), avg +265, roi -0.481 z -1.70 | old 8 -0.202 | new 10 -0.705
 ATP pin parlay cap -150 [model+2%]: 187 tickets, hit 0.150 (fair 0.163), avg +472, roi -0.157 z -1.06 | old 70 -0.378 | new 117 -0.025
 ATP pin parlay cap -200 [model+2%]: 507 tickets, hit 0.175 (fair 0.199), avg +373, roi -0.186 z -2.35 | old 185 -0.318 | new 322 -0.111
 ATP pin parlay cap -300 [model+2%]: 765 tickets, hit 0.224 (fair 0.236), avg +308, roi -0.128 z -2.13 | old 296 -0.149 | new 469 -0.115
 ATP b365 parlay cap -150 [all]: 498 tickets, hit 0.112 (fair 0.162), avg +418, roi -0.422 z -5.79 | old 105 -0.495 | new 393 -0.403
 ATP b365 parlay cap -200 [all]: 1909 tickets, hit 0.195 (fair 0.213), avg +294, roi -0.239 z -6.72 | old 818 -0.301 | new 1091 -0.193
 ATP b365 parlay cap -300 [all]: 2394 tickets, hit 0.273 (fair 0.271), avg +216, roi -0.176 z -6.31 | old 1103 -0.221 | new 1291 -0.137
 ATP b365 parlay cap -150 [blend+2%]: 9 tickets, hit 0.222 (fair 0.166), avg +413, roi +0.128 z +0.17 | old 1 +4.325 | new 8 -0.397
 ATP b365 parlay cap -200 [blend+2%]: 141 tickets, hit 0.270 (fair 0.197), avg +329, roi +0.133 z +0.83 | old 35 +0.169 | new 106 +0.121
 ATP b365 parlay cap -300 [blend+2%]: 346 tickets, hit 0.303 (fair 0.242), avg +252, roi +0.034 z +0.39 | old 141 +0.030 | new 205 +0.037
 ATP b365 parlay cap -150 [model+2%]: 49 tickets, hit 0.102 (fair 0.159), avg +430, roi -0.467 z -2.04 | old 4 +0.331 | new 45 -0.538
 ATP b365 parlay cap -200 [model+2%]: 390 tickets, hit 0.197 (fair 0.198), avg +324, roi -0.192 z -2.32 | old 127 -0.262 | new 263 -0.159
 ATP b365 parlay cap -300 [model+2%]: 631 tickets, hit 0.224 (fair 0.230), avg +271, roi -0.206 z -3.45 | old 218 -0.242 | new 413 -0.187
 WTA pin parlay cap -150 [all]: 1308 tickets, hit 0.161 (fair 0.170), avg +445, roi -0.126 z -2.28 | old 602 -0.151 | new 706 -0.105
 WTA pin parlay cap -200 [all]: 2270 tickets, hit 0.207 (fair 0.220), avg +328, roi -0.134 z -3.71 | old 1043 -0.135 | new 1227 -0.133
 WTA pin parlay cap -300 [all]: 2680 tickets, hit 0.289 (fair 0.291), avg +230, roi -0.087 z -3.08 | old 1260 -0.082 | new 1420 -0.092
 WTA pin parlay cap -200 [blend+2%]: 5 tickets, hit 0.600 (fair 0.201), avg +362, roi +1.674 z +1.51 | old 2 -1.000 | new 3 +3.457
 WTA pin parlay cap -300 [blend+2%]: 13 tickets, hit 0.538 (fair 0.237), avg +295, roi +1.124 z +1.94 | old 5 +0.394 | new 8 +1.580
 WTA pin parlay cap -150 [model+2%]: 205 tickets, hit 0.112 (fair 0.163), avg +468, roi -0.367 z -2.94 | old 86 -0.412 | new 119 -0.335
 WTA pin parlay cap -200 [model+2%]: 543 tickets, hit 0.160 (fair 0.197), avg +377, roi -0.236 z -3.11 | old 205 -0.242 | new 338 -0.232
 WTA pin parlay cap -300 [model+2%]: 804 tickets, hit 0.224 (fair 0.238), avg +305, roi -0.148 z -2.57 | old 301 -0.045 | new 503 -0.210
 WTA b365 parlay cap -150 [all]: 542 tickets, hit 0.120 (fair 0.161), avg +419, roi -0.376 z -5.16 | old 151 -0.519 | new 391 -0.321
 WTA b365 parlay cap -200 [all]: 2061 tickets, hit 0.190 (fair 0.213), avg +295, roi -0.259 z -7.66 | old 935 -0.269 | new 1126 -0.251
 WTA b365 parlay cap -300 [all]: 2541 tickets, hit 0.269 (fair 0.270), avg +217, roi -0.171 z -6.20 | old 1181 -0.192 | new 1360 -0.152
 WTA b365 parlay cap -150 [blend+2%]: 7 tickets, hit 0.143 (fair 0.157), avg +435, roi -0.204 z -0.26 | old 2 -1.000 | new 5 +0.115
 WTA b365 parlay cap -200 [blend+2%]: 170 tickets, hit 0.212 (fair 0.201), avg +315, roi -0.128 z -0.98 | old 75 -0.231 | new 95 -0.045
 WTA b365 parlay cap -300 [blend+2%]: 437 tickets, hit 0.277 (fair 0.241), avg +251, roi -0.056 z -0.75 | old 208 -0.082 | new 229 -0.031
 WTA b365 parlay cap -150 [model+2%]: 65 tickets, hit 0.077 (fair 0.160), avg +427, roi -0.586 z -3.26 | old 9 -1.000 | new 56 -0.519
 WTA b365 parlay cap -200 [model+2%]: 389 tickets, hit 0.162 (fair 0.198), avg +326, roi -0.306 z -3.79 | old 128 -0.361 | new 261 -0.279
 WTA b365 parlay cap -300 [model+2%]: 666 tickets, hit 0.219 (fair 0.233), avg +267, roi -0.233 z -4.06 | old 238 -0.318 | new 428 -0.185
 tests at n300+: 266 straight, 28 parlay; expected by luck 0.062 + 0.751
 passed the bar: ['atp|b365|blend+2%|parlay -300'] · proven (not luck-sized): none
 VERDICT: NOT LUCRATIVE (a pass that looks like luck). atp|b365|blend+2%|parlay -300 (n 346, roi +0.034, profit z +0.39) clears the bar, but its profit z is under 2 and 0.81 passes were expected by luck alone. Nothing to act on. Research only.
✅ tennis heavy favorites: 10s · proven: {"proven": []}
study run done in 279s: 20/20 studies ok
✅ underdogs + favorites: 2s · proven: {"nfl": [], "nfl price check": false, "ncaaf": [], "ncaaf price check": false, "nba": [], "nba price check": false, "ncaab": [], "ncaab price check": true, "mlb": [], "mlb price check": false, "nhl": [], "nhl price check": true}
✅ over/unders: 6s · proven: {"nfl": true, "ncaaf": false, "nba": false, "ncaab": true, "mlb": false, "nhl": false}
✅ hockey: 9s · proven: null
✅ spread vs moneyline: 6s · proven: {"nfl": true, "ncaaf": false, "nba": false, "ncaab": false}
✅ puck lines / run lines: 3s · proven: null
✅ halves / first period: 1s · proven: null
✅ comebacks: 101s · proven: null
✅ trends: 6s · proven: {"proven": ["ncaab|rate|fav_cover", "ncaaf|rate|total"]}
✅ rigged / fade the public: 0s · proven: {"proven": []}
✅ self-check on our picks: 0s · proven: null
✅ situational spots: 10s · proven: {"nfl": [], "ncaaf": [], "nba": [], "ncaab": [], "mlb": [], "nhl": []}
✅ line movement + CLV: 2s · proven: {"proven": []}
✅ our engine vs the move (can it beat the pros?): 3s · proven: {"proven": []}
✅ the engine's strengths, sport by sport: 3s · proven: {"proven": ["ncaaf", "nba"]}
THE CONTEXT STUDY: 586 tests with 300+ bets; bar z >= 3.5 + profit in both halves. Luck alone: ~0.136 false positives expected (fake no-edge results passed 0.0 on average); refs: officials.json loaded
nfl: 2777 games · proven - · confirmed - · killed -
   ref_home-|spread|dog         n=   444 roi old +0.016 new +0.117 edge +0.0568 z=+1.46
   div|spread|dog               n=   779 roi old +0.028 new +0.038 edge +0.0395 z=+0.96
   any:out_dome|total|over      n=   463 roi old +0.053 new +0.029 edge +0.0443 z=+0.92
   out_dome|ml|team             n=   451 roi old +0.116 new -0.029 edge +0.0397 z=+0.73
   any:dome_out|total|under     n=   459 roi old +0.010 new +0.039 edge +0.0361 z=+0.55
   nonconf|total|under          n=   571 roi old +0.061 new -0.024 edge +0.0326 z=+0.46
ncaaf: 9696 games · proven - · confirmed - · killed -
   any:east1000|total|under     n=   462 roi old +0.059 new +0.098 edge +0.0650 z=+1.78
   rival|total|under            n=   304 roi old +0.079 new +0.064 edge +0.0624 z=+1.32
   rival|spread|road            n=   302 roi old +0.011 new +0.124 edge +0.0593 z=+1.24
   west1000|ml|fade             n=   451 roi old -0.031 new +0.127 edge +0.0337 z=+0.78
   trip1000|ml|fade             n=   899 roi old -0.027 new +0.074 edge +0.0176 z=+0.55
   west1000|spread|fade         n=   439 roi old -0.044 new +0.084 edge +0.0347 z=+0.45
nba: 12852 games · proven - · confirmed - · killed -
   any:rest|total|over          n=   328 roi old +0.140 new +0.105 edge +0.0881 z=+2.36
   ref_under|ml|road            n=   403 roi old +0.116 new +0.234 edge +0.0761 z=+2.29
   any:tank|total|over          n=   584 roi old +0.006 new +0.124 edge +0.0581 z=+1.66
   any:elim|total|over          n=   664 roi old -0.017 new +0.110 edge +0.0481 z=+1.26
   ref_under|ml|dog             n=   400 roi old +0.064 new +0.127 edge +0.0431 z=+1.13
   tank|spread|fade             n=   527 roi old +0.032 new +0.050 edge +0.0445 z=+0.99
ncaab: 58494 games · proven - · confirmed - · killed -
   ref_under|total|under        n=  2506 roi old +0.032 new +0.064 edge +0.0488 z=+2.54
   ref_over|total|over          n=  1492 roi old +0.065 new +0.022 edge +0.0467 z=+1.77
   road3in6|spread|team         n=   481 roi old +0.019 new +0.048 edge +0.0411 z=+0.76
   rival|spread|home            n=   368 roi old +0.130 new -0.055 edge +0.0435 z=+0.76
   rival|total|under            n=   371 roi old +0.084 new -0.042 edge +0.0342 z=+0.41
   rival|ml|home                n=   374 roi old +0.054 new -0.025 edge +0.0330 z=+0.30
mlb: 23245 games · proven - · confirmed - · killed -
   trip2000|ml|fade             n=   658 roi old +0.089 new -0.043 edge +0.0265 z=+0.58
   east1000|ml|team             n=  1399 roi old +0.041 new -0.009 edge +0.0244 z=+0.57
   nonconf|ml|road              n=  4275 roi old +0.039 new -0.032 edge +0.0179 z=+0.20
   any:west1000|total|over      n=  1439 roi old -0.021 new +0.026 edge +0.0240 z=+0.09
   trip1000|ml|team             n=  2473 roi old +0.000 new -0.001 edge +0.0163 z=-0.02
   ref_under|total|under        n=  3081 roi old +0.001 new -0.002 edge +0.0220 z=-0.02
nhl: 13230 games · proven - · confirmed - · killed -
   ref_home+|ml|road            n=   489 roi old +0.045 new +0.001 edge +0.0281 z=+0.45
   race|ml|team                 n=  1320 roi old +0.025 new -0.022 edge +0.0237 z=+0.04
   ref_home-|total|under        n=   589 roi old +0.035 new -0.037 edge +0.0231 z=-0.03
   mustwin|ml|team              n=  1228 roi old +0.036 new -0.040 edge +0.0226 z=-0.07
   trip2000|ml|fade             n=   526 roi old -0.017 new -0.002 edge +0.0104 z=-0.21
   any:west1000|total|over      n=  1327 roi old +0.005 new -0.022 edge +0.0197 z=-0.32
✅ context: rivalries, travel, domes, stakes, refs: 20s · proven: {"nfl": [], "ncaaf": [], "nba": [], "ncaab": [], "mlb": [], "nhl": []}
✅ early value plays: the early-price exam: 29s · proven: {"proven": ["mlb +8..12 (+100..+149 dogs)"]}
THE EXPLORER: tested 6002 NEW angles (189938 ever) in 27.7s
   new suspects: 0 (luck alone would give ~1.4) · promoted to PROVEN: 0 · killed: 0 · proven demoted: 0
   now watching 0 suspects · 0 proven · 0 killed
   TEAM TRENDS pooled across sports (all games so far; 'follow' = ride the trend, 'fade' = bet against it; the bar: 300+ bets, profit in both halves, z 3.5+):
   1st-quarter form|ml: n=23934 (2018-04-07..2026-09-27) follow hit 62.2% older / 62.9% newer (fair 61.3%, roi -0.024 / -0.026, z -4.07, edge z 4.42) · fade hit 37.8% / 37.1% (roi -0.095 / -0.146, z -12.25) -> no edge
   1st-quarter form|p1ml: n=14233 (2018-09-09..2026-09-27) follow hit 60.6% older / 61.4% newer (fair 59.7%, roi -0.031 / -0.036, z -4.63, edge z 3.32) · fade hit 39.4% / 38.6% (roi -0.083 / -0.117, z -9.09) -> no edge
   1st-quarter form|p1spread: n=14641 (2018-09-09..2026-09-27) follow hit 50.4% older / 50.0% newer (fair 50.0%, roi -0.043 / -0.060, z -6.6, edge z 0.49) · fade hit 49.5% / 50.0% (roi -0.060 / -0.059, z -7.58) -> no edge
   1st-quarter form|spread: n=21353 (2018-10-20..2026-06-14) follow hit 49.8% older / 50.4% newer (fair 50.0%, roi -0.048 / -0.037, z -6.54, edge z 0.27) · fade hit 50.2% / 49.6% (roi -0.042 / -0.051, z -7.09) -> no edge
   O/U streak 4+|total: n=15246 (2018-04-04..2026-10-05) follow hit 49.8% older / 50.7% newer (fair 50.0%, roi -0.050 / -0.030, z -5.21, edge z 0.52) · fade hit 50.2% / 49.3% (roi -0.038 / -0.058, z -6.22) -> no edge
   division record|ml: n=2512 (2018-09-09..2026-10-04) follow hit 64.3% older / 65.5% newer (fair 62.9%, roi +0.015 / -0.012, z 0.09, edge z 2.17) · fade hit 35.7% / 34.5% (roi -0.078 / -0.098, z -3.04) -> no edge
   division record|spread: n=1414 (2018-09-09..2026-10-04) follow hit 50.6% older / 48.7% newer (fair 50.0%, roi -0.031 / -0.070, z -1.99, edge z -0.28) · fade hit 49.4% / 51.3% (roi -0.057 / -0.016, z -1.43) -> no edge
   prime-time record|ml: n=190 (2018-09-17..2026-10-06) follow hit 60.0% older / 62.1% newer (fair 59.9%, roi -0.073 / +0.027, z -0.37, edge z 0.36) · fade hit 40.0% / 37.9% (roi -0.125 / -0.054, z -0.94) -> no edge
   prime-time record|spread: n=188 (2018-09-17..2026-10-06) follow hit 52.1% older / 48.9% newer (fair 50.0%, roi -0.001 / -0.065, z -0.47, edge z 0.15) · fade hit 47.9% / 51.1% (roi -0.080 / -0.027, z -0.76) -> no edge
   road ATS rate|spread: n=10261 (2018-11-04..2026-10-04) follow hit 48.8% older / 48.3% newer (fair 50.0%, roi -0.068 / -0.078, z -7.72, edge z -2.99) · fade hit 51.2% / 51.7% (roi -0.022 / -0.011, z -1.74) -> no edge
   season ATS rate|spread: n=13032 (2018-10-13..2026-04-04) follow hit 48.2% older / 49.1% newer (fair 50.0%, roi -0.079 / -0.062, z -8.4, edge z -3.09) · fade hit 51.8% / 50.9% (roi -0.011 / -0.026, z -2.23) -> no edge
   team ATS streak 3+|spread: n=16486 (2018-09-16..2026-10-04) follow hit 49.2% older / 49.4% newer (fair 50.0%, roi -0.060 / -0.055, z -7.77, edge z -1.78) · fade hit 50.8% / 50.6% (roi -0.029 / -0.033, z -4.22) -> no edge
   team ATS streak 5+|spread: n=4204 (2018-10-06..2026-06-09) follow hit 48.4% older / 48.2% newer (fair 50.0%, roi -0.075 / -0.077, z -5.17, edge z -2.14) · fade hit 51.6% / 51.8% (roi -0.015 / -0.011, z -0.87) -> no edge
✅ the explorer: NEW angles: 28s · proven: {"proven": []}
THE TENNIS EDGE STUDY: 64658 priced matches 2012-01-01 -> 2026-08-03 (older half < 2018-05-27 <= newer half) in 23.7s
   softest segments (a bias learned on the older half that still helps on the newer, mnats/match): WTA rank x10+ +1.15, WTA slam +0.91, WTA round sf+ +0.89, ATP indoor +0.78
   ATP: log loss pin 0.5752 / b365 0.5759 / avg 0.576 · margin pin 0.0253 b365 0.0605
   WTA: log loss pin 0.5903 / b365 0.5912 / avg 0.5908 · margin pin 0.0266 b365 0.0619
   line shop b365 >2% over pinnacle fair: n=4674 roi -0.066 / -0.032 (expected +0.063) edge z=2.68 · beats fair in 14% of matches
   line shop avg >2% over pinnacle fair: n=928 roi -0.164 / -0.045 (expected +0.067) edge z=-0.25 · beats fair in 4% of matches
   line shop max >2% over pinnacle fair: n=30043 roi +0.016 / +0.023 (expected +0.069) edge z=2.42 · beats fair in 73% of matches
   model vs market, newer half: pinnacle 0.597 · elo 0.6295 · model 0.6262 · blend 0.5969 (+0.100 mnats, z 1.07)
   bovada: 253 closing lines, margin 0.0452, 0 matched to pinnacle, 149 graded
   names -> ESPN ids: 0.8856 of 1556 names since ESPN's history (by tour {'atp': 0.9195, 'wta': 0.8534}), 0.9386 of match sides · birth dates for 0.9385 of sides (2808 bios on file)
   life atoms (122 read-outs at pinnacle): wta|pin|yvv:vet n=1818 roi +0.020 / -0.095 z 1.53 / -1.45, wta|pin|age:teen n=4296 roi +0.006 / +0.007 z 1.07 / 1.99, wta|pin|tvv:vet n=483 roi +0.046 / -0.126 z 0.51 / -1.2, atp|pin|age:teen n=2324 roi +0.015 / +0.006 z 0.28 / 1.94
   registry: tested 2692 new angles (101022 ever) · new suspects 3 · promoted 0 · killed 3 · luck would give ~23.5 suspects / 0.5346 proven ever
   fixed tests: 543 this run, 1 pass the bar (luck ~0.252)
   NEW SUSPECT atp|b365|agegap:+4-8&p:65-80&ssn:mid: older half n=305 roi +0.047 edge z=3.63 | newer half n=278 roi -0.011 edge z=1.18
   NEW SUSPECT atp|avg|agegap:+4-8&p:65-80&ssn:mid: older half n=305 roi +0.058 edge z=3.8 | newer half n=278 roi -0.010 edge z=1.24
   NEW SUSPECT atp|avg|agegap:+4-8&rk:11-30&ssn:mid: older half n=307 roi +0.089 edge z=3.53 | newer half n=283 roi -0.098 edge z=0.01
   KILLED atp|b365|agegap:+4-8&p:65-80&ssn:mid: older half n=305 roi +0.047 edge z=3.63 | newer half n=278 roi -0.011 edge z=1.18
   KILLED atp|avg|agegap:+4-8&p:65-80&ssn:mid: older half n=305 roi +0.058 edge z=3.8 | newer half n=278 roi -0.010 edge z=1.24
   KILLED atp|avg|agegap:+4-8&rk:11-30&ssn:mid: older half n=307 roi +0.089 edge z=3.53 | newer half n=283 roi -0.098 edge z=0.01
   PASSES price 90-100% wta at max: n=1231 roi +0.012 / +0.029 z=3.87 (NOT a gettable price)
   closest angle: atp|pin|agegap:+4-8&p:65-80&ssn:mid n=583 roi +0.083 / +0.008 z older 3.43 all 3.06
   closest angle: atp|b365|agegap:+4-8&rk:11-30&ssn:mid n=591 roi +0.082 / -0.098 z older 3.4 all 2.4
   closest angle: atp|pin|agegap:+4-8&rk:11-30&ssn:mid n=591 roi +0.130 / -0.074 z older 3.37 all 2.32
   closest fixed: line shop b365 all fav gap>0% n=2020 roi +0.044 / +0.008 z=4.48
   closest fixed: line shop b365 atp fav gap>0% n=970 roi +0.067 / +0.007 z=3.45
   closest fixed: line shop b365 wta fav gap>0% n=1050 roi +0.026 / +0.010 z=2.9
   PROVEN: ['wta|avg|age:vet&agegap:+8&p:65-80', 'wta|pin|age:vet&agegap:+8&p:65-80']
✅ tennis edge: 24s · proven: {"proven": ["wta|avg|age:vet&agegap:+8&p:65-80", "wta|pin|age:vet&agegap:+8&p:65-80"]}
first set ATP: 32132 matches, implied log loss 0.62855 (match chance as set-1 chance 0.63577, coin 0.69315)
  crew overperformance: closest >= 0.05: n 19692, hit 0.5266 vs implied 0.5218, z 1.41 (vs recalibrated 0.73), ROI -0.0502 (older -0.0615, newer -0.0399) - z 1.41 < 3.5; older ROI -0.0615 <= 0; newer ROI -0.0399 <= 0
  crew raw_rate: closest >= 0.10: n 15498, hit 0.6247 vs implied 0.608, z 4.4 (vs recalibrated 1.16), ROI -0.0269 (older -0.0388, newer -0.016) - older ROI -0.0388 <= 0; newer ROI -0.016 <= 0
first set WTA: 32523 matches, implied log loss 0.62585 (match chance as set-1 chance 0.62643, coin 0.69315)
  crew overperformance: closest >= 0.15: n 8372, hit 0.5631 vs implied 0.549, z 2.69 (vs recalibrated 1.03), ROI -0.0357 (older -0.0422, newer -0.0286) - z 2.69 < 3.5; older ROI -0.0422 <= 0; newer ROI -0.0286 <= 0
  crew raw_rate: closest >= 0.20: n 8256, hit 0.6662 vs implied 0.638, z 5.49 (vs recalibrated 0.74), ROI -0.0109 (older -0.0057, newer -0.0164) - older ROI -0.0057 <= 0; newer ROI -0.0164 <= 0
first set real Bovada lines: 0 captured, 0 matched (test runs at 300) · 3.0s
✅ tennis first set: 3s · proven: {"proven": []}
HEAVY TENNIS FAVORITES (research only): 64658 priced matches 2012-01-01 -> 2026-01-14, split 2018-05-27, 53807 rated
 ATP pin straights [all]
    -101..-150: n  7563 win 0.541 fair 0.547 roi -0.035 z_edge -1.02 | old n 3291 roi -0.035 | new n 4272 roi -0.036
    -151..-200: n  6518 win 0.604 fair 0.619 roi -0.048 z_edge -2.43 | old n 2813 roi -0.043 | new n 3705 roi -0.052
    -201..-300: n  6514 win 0.698 fair 0.691 roi -0.014 z_edge +1.31 | old n 3112 roi -0.020 | new n 3402 roi -0.009
    -301..-500: n  5611 win 0.784 fair 0.771 roi -0.007 z_edge +2.42 | old n 2841 roi +0.006 | new n 2770 roi -0.020
         -500+: n  5778 win 0.896 fair 0.884 roi -0.009 z_edge +3.26 | old n 3246 roi -0.009 | new n 2532 roi -0.009
 ATP pin straights [blend+2%]
    -101..-150: n   116 win 0.560 fair 0.552 roi -0.012 z_edge +0.19 | old n 69 roi +0.043 | new n 47 roi -0.092
    -151..-200: n   207 win 0.551 fair 0.620 roi -0.134 z_edge -1.99 | old n 129 roi -0.072 | new n 78 roi -0.235
    -201..-300: n   233 win 0.717 fair 0.691 roi +0.011 z_edge +0.87 | old n 161 roi +0.017 | new n 72 roi -0.001
    -301..-500: n   173 win 0.775 fair 0.771 roi -0.021 z_edge +0.10 | old n 132 roi -0.014 | new n 41 roi -0.043
         -500+: n    35 win 0.914 fair 0.841 roi +0.060 z_edge +1.51 | old n 30 roi +0.083 | new n 5 roi -0.074
 ATP pin straights [model+2%]
    -101..-150: n  2343 win 0.527 fair 0.545 roi -0.055 z_edge -1.74 | old n 975 roi -0.042 | new n 1368 roi -0.065
    -151..-200: n  1544 win 0.589 fair 0.617 roi -0.068 z_edge -2.19 | old n 591 roi -0.076 | new n 953 roi -0.064
    -201..-300: n  1220 win 0.686 fair 0.689 roi -0.027 z_edge -0.20 | old n 461 roi -0.022 | new n 759 roi -0.030
    -301..-500: n   696 win 0.783 fair 0.768 roi -0.004 z_edge +0.99 | old n 274 roi +0.010 | new n 422 roi -0.014
         -500+: n   345 win 0.870 fair 0.868 roi -0.022 z_edge +0.10 | old n 126 roi +0.003 | new n 219 roi -0.037
 ATP b365 straights [all]
    -101..-150: n  4071 win 0.529 fair 0.539 roi -0.078 z_edge -1.38 | old n 1278 roi -0.087 | new n 2793 roi -0.074
    -151..-200: n  8140 win 0.585 fair 0.599 roi -0.082 z_edge -2.43 | old n 3777 roi -0.089 | new n 4363 roi -0.076
    -201..-300: n  5979 win 0.676 fair 0.671 roi -0.052 z_edge +0.88 | old n 2913 roi -0.066 | new n 3066 roi -0.040
    -301..-500: n  6606 win 0.761 fair 0.748 roi -0.038 z_edge +2.53 | old n 3213 roi -0.038 | new n 3393 roi -0.037
         -500+: n  6547 win 0.885 fair 0.864 roi -0.027 z_edge +5.31 | old n 3868 roi -0.030 | new n 2679 roi -0.023
 ATP b365 straights [blend+2%]
    -101..-150: n   649 win 0.508 fair 0.539 roi -0.113 z_edge -1.56 | old n 189 roi -0.091 | new n 460 roi -0.122
    -151..-200: n  1317 win 0.616 fair 0.598 roi -0.033 z_edge +1.30 | old n 569 roi -0.066 | new n 748 roi -0.007
    -201..-300: n  1263 win 0.710 fair 0.671 roi -0.005 z_edge +3.07 | old n 649 roi -0.000 | new n 614 roi -0.011
    -301..-500: n  1607 win 0.779 fair 0.751 roi -0.020 z_edge +2.69 | old n 785 roi -0.021 | new n 822 roi -0.019
         -500+: n  1659 win 0.882 fair 0.850 roi -0.017 z_edge +4.13 | old n 895 roi -0.021 | new n 764 roi -0.012
 ATP b365 straights [model+2%]
    -101..-150: n  1242 win 0.510 fair 0.538 roi -0.108 z_edge -2.01 | old n 385 roi -0.108 | new n 857 roi -0.108
    -151..-200: n  2075 win 0.571 fair 0.598 roi -0.103 z_edge -2.46 | old n 865 roi -0.139 | new n 1210 roi -0.077
    -201..-300: n  1161 win 0.677 fair 0.670 roi -0.050 z_edge +0.49 | old n 468 roi -0.041 | new n 693 roi -0.056
    -301..-500: n  1028 win 0.743 fair 0.746 roi -0.057 z_edge -0.18 | old n 404 roi -0.071 | new n 624 roi -0.048
         -500+: n   573 win 0.843 fair 0.850 roi -0.061 z_edge -0.48 | old n 229 roi -0.058 | new n 344 roi -0.063
 WTA pin straights [all]
    -101..-150: n  8256 win 0.534 fair 0.545 roi -0.047 z_edge -2.12 | old n 3924 roi -0.047 | new n 4332 roi -0.046
    -151..-200: n  6885 win 0.617 fair 0.618 roi -0.027 z_edge -0.15 | old n 3194 roi -0.029 | new n 3691 roi -0.025
    -201..-300: n  6803 win 0.694 fair 0.690 roi -0.020 z_edge +0.77 | old n 3338 roi -0.022 | new n 3465 roi -0.018
    -301..-500: n  5806 win 0.772 fair 0.769 roi -0.023 z_edge +0.48 | old n 2800 roi -0.024 | new n 3006 roi -0.022
         -500+: n  4649 win 0.892 fair 0.873 roi -0.005 z_edge +4.20 | old n 2399 roi -0.010 | new n 2250 roi +0.001
 WTA pin straights [blend+2%]
    -101..-150: n   156 win 0.545 fair 0.551 roi -0.033 z_edge -0.15 | old n 79 roi -0.176 | new n 77 roi +0.113
    -151..-200: n   219 win 0.676 fair 0.617 roi +0.066 z_edge +1.87 | old n 122 roi +0.049 | new n 97 roi +0.089
    -201..-300: n   271 win 0.727 fair 0.690 roi +0.028 z_edge +1.37 | old n 194 roi -0.005 | new n 77 roi +0.109
    -301..-500: n   209 win 0.794 fair 0.763 roi +0.013 z_edge +1.11 | old n 128 roi +0.033 | new n 81 roi -0.020
         -500+: n    36 win 0.861 fair 0.831 roi +0.010 z_edge +0.52 | old n 25 roi -0.018 | new n 11 roi +0.073
 WTA pin straights [model+2%]
    -101..-150: n  2537 win 0.527 fair 0.544 roi -0.057 z_edge -1.73 | old n 1079 roi -0.079 | new n 1458 roi -0.041
    -151..-200: n  1628 win 0.591 fair 0.617 roi -0.068 z_edge -2.16 | old n 601 roi -0.042 | new n 1027 roi -0.084
    -201..-300: n  1219 win 0.699 fair 0.688 roi -0.010 z_edge +0.85 | old n 449 roi -0.018 | new n 770 roi -0.005
    -301..-500: n   737 win 0.786 fair 0.765 roi -0.001 z_edge +1.35 | old n 241 roi +0.031 | new n 496 roi -0.017
         -500+: n   246 win 0.911 fair 0.854 roi +0.039 z_edge +3.13 | old n 91 roi -0.002 | new n 155 roi +0.064
 WTA b365 straights [all]
    -101..-150: n  4354 win 0.519 fair 0.539 roi -0.094 z_edge -2.61 | old n 1541 roi -0.097 | new n 2813 roi -0.093
    -151..-200: n  8799 win 0.594 fair 0.598 roi -0.068 z_edge -0.85 | old n 4404 roi -0.084 | new n 4395 roi -0.052
    -201..-300: n  6169 win 0.676 fair 0.671 roi -0.053 z_edge +0.82 | old n 3041 roi -0.056 | new n 3128 roi -0.051
    -301..-500: n  6726 win 0.754 fair 0.748 roi -0.048 z_edge +1.13 | old n 3280 roi -0.061 | new n 3446 roi -0.035
         -500+: n  5470 win 0.878 fair 0.854 roi -0.026 z_edge +5.44 | old n 2984 roi -0.035 | new n 2486 roi -0.016
 WTA b365 straights [blend+2%]
    -101..-150: n   715 win 0.568 fair 0.539 roi -0.009 z_edge +1.53 | old n 249 roi -0.102 | new n 466 roi +0.041
    -151..-200: n  1601 win 0.621 fair 0.600 roi -0.028 z_edge +1.73 | old n 781 roi -0.064 | new n 820 roi +0.006
    -201..-300: n  1404 win 0.702 fair 0.670 roi -0.017 z_edge +2.54 | old n 755 roi -0.006 | new n 649 roi -0.029
    -301..-500: n  1586 win 0.772 fair 0.750 roi -0.027 z_edge +2.19 | old n 811 roi -0.048 | new n 775 roi -0.005
         -500+: n  1393 win 0.877 fair 0.846 roi -0.020 z_edge +3.60 | old n 749 roi -0.020 | new n 644 roi -0.019
 WTA b365 straights [model+2%]
    -101..-150: n  1375 win 0.520 fair 0.539 roi -0.093 z_edge -1.42 | old n 438 roi -0.127 | new n 937 roi -0.077
    -151..-200: n  2181 win 0.577 fair 0.598 roi -0.093 z_edge -1.92 | old n 888 roi -0.096 | new n 1293 roi -0.090
    -201..-300: n  1229 win 0.679 fair 0.670 roi -0.047 z_edge +0.68 | old n 472 roi -0.037 | new n 757 roi -0.054
    -301..-500: n  1018 win 0.746 fair 0.745 roi -0.054 z_edge +0.03 | old n 354 roi -0.071 | new n 664 roi -0.045
         -500+: n   429 win 0.897 fair 0.840 roi +0.011 z_edge +3.94 | old n 171 roi -0.024 | new n 258 roi +0.034
 ATP pin parlay cap -150 [all]: 1224 tickets, hit 0.166 (fair 0.171), avg +444, roi -0.111 z -1.94 | old 529 -0.073 | new 695 -0.141
 ATP pin parlay cap -200 [all]: 2097 tickets, hit 0.211 (fair 0.222), avg +325, roi -0.114 z -3.02 | old 946 -0.141 | new 1151 -0.092
 ATP pin parlay cap -300 [all]: 2501 tickets, hit 0.304 (fair 0.295), avg +225, roi -0.049 z -1.66 | old 1164 -0.055 | new 1337 -0.043
 ATP pin parlay cap -200 [blend+2%]: 6 tickets, hit 0.000 (fair 0.211), avg +341, roi -1.000 z +0.00 | old 3 -1.000 | new 3 -1.000
 ATP pin parlay cap -300 [blend+2%]: 18 tickets, hit 0.167 (fair 0.260), avg +265, roi -0.481 z -1.70 | old 8 -0.202 | new 10 -0.705
 ATP pin parlay cap -150 [model+2%]: 187 tickets, hit 0.150 (fair 0.163), avg +472, roi -0.157 z -1.06 | old 70 -0.378 | new 117 -0.025
 ATP pin parlay cap -200 [model+2%]: 507 tickets, hit 0.175 (fair 0.199), avg +373, roi -0.186 z -2.35 | old 185 -0.318 | new 322 -0.111
 ATP pin parlay cap -300 [model+2%]: 765 tickets, hit 0.224 (fair 0.236), avg +308, roi -0.128 z -2.13 | old 296 -0.149 | new 469 -0.115
 ATP b365 parlay cap -150 [all]: 498 tickets, hit 0.112 (fair 0.162), avg +418, roi -0.422 z -5.79 | old 105 -0.495 | new 393 -0.403
 ATP b365 parlay cap -200 [all]: 1909 tickets, hit 0.195 (fair 0.213), avg +294, roi -0.239 z -6.72 | old 818 -0.301 | new 1091 -0.193
 ATP b365 parlay cap -300 [all]: 2394 tickets, hit 0.273 (fair 0.271), avg +216, roi -0.176 z -6.31 | old 1103 -0.221 | new 1291 -0.137
 ATP b365 parlay cap -150 [blend+2%]: 9 tickets, hit 0.222 (fair 0.166), avg +413, roi +0.128 z +0.17 | old 1 +4.325 | new 8 -0.397
 ATP b365 parlay cap -200 [blend+2%]: 141 tickets, hit 0.270 (fair 0.197), avg +329, roi +0.133 z +0.83 | old 35 +0.169 | new 106 +0.121
 ATP b365 parlay cap -300 [blend+2%]: 346 tickets, hit 0.303 (fair 0.242), avg +252, roi +0.034 z +0.39 | old 141 +0.030 | new 205 +0.037
 ATP b365 parlay cap -150 [model+2%]: 49 tickets, hit 0.102 (fair 0.159), avg +430, roi -0.467 z -2.04 | old 4 +0.331 | new 45 -0.538
 ATP b365 parlay cap -200 [model+2%]: 390 tickets, hit 0.197 (fair 0.198), avg +324, roi -0.192 z -2.32 | old 127 -0.262 | new 263 -0.159
 ATP b365 parlay cap -300 [model+2%]: 631 tickets, hit 0.224 (fair 0.230), avg +271, roi -0.206 z -3.45 | old 218 -0.242 | new 413 -0.187
 WTA pin parlay cap -150 [all]: 1308 tickets, hit 0.161 (fair 0.170), avg +445, roi -0.126 z -2.28 | old 602 -0.151 | new 706 -0.105
 WTA pin parlay cap -200 [all]: 2270 tickets, hit 0.207 (fair 0.220), avg +328, roi -0.134 z -3.71 | old 1043 -0.135 | new 1227 -0.133
 WTA pin parlay cap -300 [all]: 2680 tickets, hit 0.289 (fair 0.291), avg +230, roi -0.087 z -3.08 | old 1260 -0.082 | new 1420 -0.092
 WTA pin parlay cap -200 [blend+2%]: 5 tickets, hit 0.600 (fair 0.201), avg +362, roi +1.674 z +1.51 | old 2 -1.000 | new 3 +3.457
 WTA pin parlay cap -300 [blend+2%]: 13 tickets, hit 0.538 (fair 0.237), avg +295, roi +1.124 z +1.94 | old 5 +0.394 | new 8 +1.580
 WTA pin parlay cap -150 [model+2%]: 205 tickets, hit 0.112 (fair 0.163), avg +468, roi -0.367 z -2.94 | old 86 -0.412 | new 119 -0.335
 WTA pin parlay cap -200 [model+2%]: 543 tickets, hit 0.160 (fair 0.197), avg +377, roi -0.236 z -3.11 | old 205 -0.242 | new 338 -0.232
 WTA pin parlay cap -300 [model+2%]: 804 tickets, hit 0.224 (fair 0.238), avg +305, roi -0.148 z -2.57 | old 301 -0.045 | new 503 -0.210
 WTA b365 parlay cap -150 [all]: 542 tickets, hit 0.120 (fair 0.161), avg +419, roi -0.376 z -5.16 | old 151 -0.519 | new 391 -0.321
 WTA b365 parlay cap -200 [all]: 2061 tickets, hit 0.190 (fair 0.213), avg +295, roi -0.259 z -7.66 | old 935 -0.269 | new 1126 -0.251
 WTA b365 parlay cap -300 [all]: 2541 tickets, hit 0.269 (fair 0.270), avg +217, roi -0.171 z -6.20 | old 1181 -0.192 | new 1360 -0.152
 WTA b365 parlay cap -150 [blend+2%]: 7 tickets, hit 0.143 (fair 0.157), avg +435, roi -0.204 z -0.26 | old 2 -1.000 | new 5 +0.115
 WTA b365 parlay cap -200 [blend+2%]: 170 tickets, hit 0.212 (fair 0.201), avg +315, roi -0.128 z -0.98 | old 75 -0.231 | new 95 -0.045
 WTA b365 parlay cap -300 [blend+2%]: 437 tickets, hit 0.277 (fair 0.241), avg +251, roi -0.056 z -0.75 | old 208 -0.082 | new 229 -0.031
 WTA b365 parlay cap -150 [model+2%]: 65 tickets, hit 0.077 (fair 0.160), avg +427, roi -0.586 z -3.26 | old 9 -1.000 | new 56 -0.519
 WTA b365 parlay cap -200 [model+2%]: 389 tickets, hit 0.162 (fair 0.198), avg +326, roi -0.306 z -3.79 | old 128 -0.361 | new 261 -0.279
 WTA b365 parlay cap -300 [model+2%]: 666 tickets, hit 0.219 (fair 0.233), avg +267, roi -0.233 z -4.06 | old 238 -0.318 | new 428 -0.185
 tests at n300+: 266 straight, 28 parlay; expected by luck 0.062 + 0.751
 passed the bar: ['atp|b365|blend+2%|parlay -300'] · proven (not luck-sized): none
 VERDICT: NOT LUCRATIVE (a pass that looks like luck). atp|b365|blend+2%|parlay -300 (n 346, roi +0.034, profit z +0.39) clears the bar, but its profit z is under 2 and 0.81 passes were expected by luck alone. Nothing to act on. Research only.
✅ tennis heavy favorites: 9s · proven: {"proven": []}
study run done in 266s: 20/20 studies ok
✅ underdogs + favorites: 2s · proven: {"nfl": [], "nfl price check": false, "ncaaf": [], "ncaaf price check": false, "nba": [], "nba price check": false, "ncaab": [], "ncaab price check": true, "mlb": [], "mlb price check": false, "nhl": [], "nhl price check": true}
✅ over/unders: 7s · proven: {"nfl": true, "ncaaf": false, "nba": false, "ncaab": true, "mlb": false, "nhl": false}
✅ hockey: 12s · proven: null
✅ spread vs moneyline: 7s · proven: {"nfl": true, "ncaaf": false, "nba": false, "ncaab": false}
✅ puck lines / run lines: 4s · proven: null
✅ halves / first period: 1s · proven: null
✅ comebacks: 105s · proven: null
✅ trends: 8s · proven: {"proven": ["ncaab|rate|fav_cover", "ncaaf|rate|total"]}
✅ rigged / fade the public: 0s · proven: {"proven": []}
✅ self-check on our picks: 0s · proven: null
✅ situational spots: 14s · proven: {"nfl": [], "ncaaf": [], "nba": [], "ncaab": [], "mlb": [], "nhl": []}
✅ line movement + CLV: 2s · proven: {"proven": []}
✅ our engine vs the move (can it beat the pros?): 3s · proven: {"proven": []}
✅ the engine's strengths, sport by sport: 3s · proven: {"proven": ["ncaaf", "nba"]}
THE CONTEXT STUDY: 586 tests with 300+ bets; bar z >= 3.5 + profit in both halves. Luck alone: ~0.136 false positives expected (fake no-edge results passed 0.0 on average); refs: officials.json loaded
nfl: 2777 games · proven - · confirmed - · killed -
   ref_home-|spread|dog         n=   444 roi old +0.016 new +0.117 edge +0.0568 z=+1.46
   div|spread|dog               n=   779 roi old +0.028 new +0.038 edge +0.0395 z=+0.96
   any:out_dome|total|over      n=   463 roi old +0.053 new +0.029 edge +0.0443 z=+0.92
   out_dome|ml|team             n=   451 roi old +0.116 new -0.029 edge +0.0397 z=+0.73
   any:dome_out|total|under     n=   459 roi old +0.010 new +0.039 edge +0.0361 z=+0.55
   nonconf|total|under          n=   571 roi old +0.061 new -0.024 edge +0.0326 z=+0.46
ncaaf: 9696 games · proven - · confirmed - · killed -
   any:east1000|total|under     n=   462 roi old +0.059 new +0.098 edge +0.0650 z=+1.78
   rival|total|under            n=   304 roi old +0.079 new +0.064 edge +0.0624 z=+1.32
   rival|spread|road            n=   302 roi old +0.011 new +0.124 edge +0.0593 z=+1.24
   west1000|ml|fade             n=   451 roi old -0.031 new +0.127 edge +0.0337 z=+0.78
   trip1000|ml|fade             n=   899 roi old -0.027 new +0.074 edge +0.0176 z=+0.55
   west1000|spread|fade         n=   439 roi old -0.044 new +0.084 edge +0.0347 z=+0.45
nba: 12852 games · proven - · confirmed - · killed -
   any:rest|total|over          n=   328 roi old +0.140 new +0.105 edge +0.0881 z=+2.36
   ref_under|ml|road            n=   403 roi old +0.116 new +0.234 edge +0.0761 z=+2.29
   any:tank|total|over          n=   584 roi old +0.006 new +0.124 edge +0.0581 z=+1.66
   any:elim|total|over          n=   664 roi old -0.017 new +0.110 edge +0.0481 z=+1.26
   ref_under|ml|dog             n=   400 roi old +0.064 new +0.127 edge +0.0431 z=+1.13
   tank|spread|fade             n=   527 roi old +0.032 new +0.050 edge +0.0445 z=+0.99
ncaab: 58494 games · proven - · confirmed - · killed -
   ref_under|total|under        n=  2506 roi old +0.032 new +0.064 edge +0.0488 z=+2.54
   ref_over|total|over          n=  1492 roi old +0.065 new +0.022 edge +0.0467 z=+1.77
   road3in6|spread|team         n=   481 roi old +0.019 new +0.048 edge +0.0411 z=+0.76
   rival|spread|home            n=   368 roi old +0.130 new -0.055 edge +0.0435 z=+0.76
   rival|total|under            n=   371 roi old +0.084 new -0.042 edge +0.0342 z=+0.41
   rival|ml|home                n=   374 roi old +0.054 new -0.025 edge +0.0330 z=+0.30
mlb: 23245 games · proven - · confirmed - · killed -
   trip2000|ml|fade             n=   658 roi old +0.089 new -0.043 edge +0.0265 z=+0.58
   east1000|ml|team             n=  1399 roi old +0.041 new -0.009 edge +0.0244 z=+0.57
   nonconf|ml|road              n=  4275 roi old +0.039 new -0.032 edge +0.0179 z=+0.20
   any:west1000|total|over      n=  1439 roi old -0.021 new +0.026 edge +0.0240 z=+0.09
   trip1000|ml|team             n=  2473 roi old +0.000 new -0.001 edge +0.0163 z=-0.02
   ref_under|total|under        n=  3081 roi old +0.001 new -0.002 edge +0.0220 z=-0.02
nhl: 13230 games · proven - · confirmed - · killed -
   ref_home+|ml|road            n=   489 roi old +0.045 new +0.001 edge +0.0281 z=+0.45
   race|ml|team                 n=  1320 roi old +0.025 new -0.022 edge +0.0237 z=+0.04
   ref_home-|total|under        n=   589 roi old +0.035 new -0.037 edge +0.0231 z=-0.03
   mustwin|ml|team              n=  1228 roi old +0.036 new -0.040 edge +0.0226 z=-0.07
   trip2000|ml|fade             n=   526 roi old -0.017 new -0.002 edge +0.0104 z=-0.21
   any:west1000|total|over      n=  1327 roi old +0.005 new -0.022 edge +0.0197 z=-0.32
✅ context: rivalries, travel, domes, stakes, refs: 24s · proven: {"nfl": [], "ncaaf": [], "nba": [], "ncaab": [], "mlb": [], "nhl": []}
✅ early value plays: the early-price exam: 34s · proven: {"proven": ["mlb +8..12 (+100..+149 dogs)"]}
THE EXPLORER: tested 6000 NEW angles (195938 ever) in 31.7s
   new suspects: 1 (luck alone would give ~1.4) · promoted to PROVEN: 0 · killed: 0 · proven demoted: 0
   now watching 1 suspects · 0 proven · 0 killed
   NEW SUSPECT ncaab|over|a.tz:0&alt&h.fav: found n=501 roi +0.077 then +0.216 z=3.51 | forward n=0 roi +0.000 edge z=0
   TEAM TRENDS pooled across sports (all games so far; 'follow' = ride the trend, 'fade' = bet against it; the bar: 300+ bets, profit in both halves, z 3.5+):
   1st-quarter form|ml: n=23934 (2018-04-07..2026-09-27) follow hit 62.2% older / 62.9% newer (fair 61.3%, roi -0.024 / -0.026, z -4.07, edge z 4.42) · fade hit 37.8% / 37.1% (roi -0.095 / -0.146, z -12.25) -> no edge
   1st-quarter form|p1ml: n=14233 (2018-09-09..2026-09-27) follow hit 60.6% older / 61.4% newer (fair 59.7%, roi -0.031 / -0.036, z -4.63, edge z 3.32) · fade hit 39.4% / 38.6% (roi -0.083 / -0.117, z -9.09) -> no edge
   1st-quarter form|p1spread: n=14641 (2018-09-09..2026-09-27) follow hit 50.4% older / 50.0% newer (fair 50.0%, roi -0.043 / -0.060, z -6.6, edge z 0.49) · fade hit 49.5% / 50.0% (roi -0.060 / -0.059, z -7.58) -> no edge
   1st-quarter form|spread: n=21353 (2018-10-20..2026-06-14) follow hit 49.8% older / 50.4% newer (fair 50.0%, roi -0.048 / -0.037, z -6.54, edge z 0.27) · fade hit 50.2% / 49.6% (roi -0.042 / -0.051, z -7.09) -> no edge
   O/U streak 4+|total: n=15246 (2018-04-04..2026-10-05) follow hit 49.8% older / 50.7% newer (fair 50.0%, roi -0.050 / -0.030, z -5.21, edge z 0.52) · fade hit 50.2% / 49.3% (roi -0.038 / -0.058, z -6.22) -> no edge
   division record|ml: n=2512 (2018-09-09..2026-10-04) follow hit 64.3% older / 65.5% newer (fair 62.9%, roi +0.015 / -0.012, z 0.09, edge z 2.17) · fade hit 35.7% / 34.5% (roi -0.078 / -0.098, z -3.04) -> no edge
   division record|spread: n=1414 (2018-09-09..2026-10-04) follow hit 50.6% older / 48.7% newer (fair 50.0%, roi -0.031 / -0.070, z -1.99, edge z -0.28) · fade hit 49.4% / 51.3% (roi -0.057 / -0.016, z -1.43) -> no edge
   prime-time record|ml: n=190 (2018-09-17..2026-10-06) follow hit 60.0% older / 62.1% newer (fair 59.9%, roi -0.073 / +0.027, z -0.37, edge z 0.36) · fade hit 40.0% / 37.9% (roi -0.125 / -0.054, z -0.94) -> no edge
   prime-time record|spread: n=188 (2018-09-17..2026-10-06) follow hit 52.1% older / 48.9% newer (fair 50.0%, roi -0.001 / -0.065, z -0.47, edge z 0.15) · fade hit 47.9% / 51.1% (roi -0.080 / -0.027, z -0.76) -> no edge
   road ATS rate|spread: n=10261 (2018-11-04..2026-10-04) follow hit 48.8% older / 48.3% newer (fair 50.0%, roi -0.068 / -0.078, z -7.72, edge z -2.99) · fade hit 51.2% / 51.7% (roi -0.022 / -0.011, z -1.74) -> no edge
   season ATS rate|spread: n=13032 (2018-10-13..2026-04-04) follow hit 48.2% older / 49.1% newer (fair 50.0%, roi -0.079 / -0.062, z -8.4, edge z -3.09) · fade hit 51.8% / 50.9% (roi -0.011 / -0.026, z -2.23) -> no edge
   team ATS streak 3+|spread: n=16486 (2018-09-16..2026-10-04) follow hit 49.2% older / 49.4% newer (fair 50.0%, roi -0.060 / -0.055, z -7.77, edge z -1.78) · fade hit 50.8% / 50.6% (roi -0.029 / -0.033, z -4.22) -> no edge
   team ATS streak 5+|spread: n=4204 (2018-10-06..2026-06-09) follow hit 48.4% older / 48.2% newer (fair 50.0%, roi -0.075 / -0.077, z -5.17, edge z -2.14) · fade hit 51.6% / 51.8% (roi -0.015 / -0.011, z -0.87) -> no edge
✅ the explorer: NEW angles: 32s · proven: {"proven": []}
THE TENNIS EDGE STUDY: 64658 priced matches 2012-01-01 -> 2026-08-03 (older half < 2018-05-27 <= newer half) in 26.4s
   softest segments (a bias learned on the older half that still helps on the newer, mnats/match): WTA rank x10+ +1.15, WTA slam +0.91, WTA round sf+ +0.89, ATP indoor +0.78
   ATP: log loss pin 0.5752 / b365 0.5759 / avg 0.576 · margin pin 0.0253 b365 0.0605
   WTA: log loss pin 0.5903 / b365 0.5912 / avg 0.5908 · margin pin 0.0266 b365 0.0619
   line shop b365 >2% over pinnacle fair: n=4674 roi -0.066 / -0.032 (expected +0.063) edge z=2.68 · beats fair in 14% of matches
   line shop avg >2% over pinnacle fair: n=928 roi -0.164 / -0.045 (expected +0.067) edge z=-0.25 · beats fair in 4% of matches
   line shop max >2% over pinnacle fair: n=30043 roi +0.016 / +0.023 (expected +0.069) edge z=2.42 · beats fair in 73% of matches
   model vs market, newer half: pinnacle 0.597 · elo 0.6295 · model 0.6262 · blend 0.5969 (+0.100 mnats, z 1.07)
   bovada: 267 closing lines, margin 0.0453, 0 matched to pinnacle, 162 graded
   names -> ESPN ids: 0.8856 of 1556 names since ESPN's history (by tour {'atp': 0.9195, 'wta': 0.8534}), 0.9386 of match sides · birth dates for 0.9385 of sides (2808 bios on file)
   life atoms (122 read-outs at pinnacle): wta|pin|yvv:vet n=1818 roi +0.020 / -0.095 z 1.53 / -1.45, wta|pin|age:teen n=4296 roi +0.006 / +0.007 z 1.07 / 1.99, wta|pin|tvv:vet n=483 roi +0.046 / -0.126 z 0.51 / -1.2, atp|pin|age:teen n=2324 roi +0.015 / +0.006 z 0.28 / 1.94
   registry: tested 2966 new angles (103988 ever) · new suspects 0 · promoted 0 · killed 0 · luck would give ~24.19 suspects / 0.5503 proven ever
   fixed tests: 543 this run, 1 pass the bar (luck ~0.252)
   PASSES price 90-100% wta at max: n=1231 roi +0.012 / +0.029 z=3.87 (NOT a gettable price)
   closest angle: atp|pin|agegap:+8&lvl:1000&rest:8+ n=394 roi +0.230 / -0.062 z older 2.96 all 1.75
   closest angle: atp|avg|agegap:+8&lvl:1000&rest:8+ n=394 roi +0.171 / -0.091 z older 2.93 all 1.72
   closest angle: atp|b365|agegap:+8&lvl:1000&rest:8+ n=394 roi +0.160 / -0.091 z older 2.87 all 1.67
   closest fixed: line shop b365 all fav gap>0% n=2020 roi +0.044 / +0.008 z=4.48
   closest fixed: line shop b365 atp fav gap>0% n=970 roi +0.067 / +0.007 z=3.45
   closest fixed: line shop b365 wta fav gap>0% n=1050 roi +0.026 / +0.010 z=2.9
   PROVEN: ['wta|avg|age:vet&agegap:+8&p:65-80', 'wta|pin|age:vet&agegap:+8&p:65-80']
✅ tennis edge: 27s · proven: {"proven": ["wta|avg|age:vet&agegap:+8&p:65-80", "wta|pin|age:vet&agegap:+8&p:65-80"]}
first set ATP: 32132 matches, implied log loss 0.62855 (match chance as set-1 chance 0.63577, coin 0.69315)
  crew overperformance: closest >= 0.05: n 19692, hit 0.5266 vs implied 0.5218, z 1.41 (vs recalibrated 0.73), ROI -0.0502 (older -0.0615, newer -0.0399) - z 1.41 < 3.5; older ROI -0.0615 <= 0; newer ROI -0.0399 <= 0
  crew raw_rate: closest >= 0.10: n 15498, hit 0.6247 vs implied 0.608, z 4.4 (vs recalibrated 1.16), ROI -0.0269 (older -0.0388, newer -0.016) - older ROI -0.0388 <= 0; newer ROI -0.016 <= 0
first set WTA: 32523 matches, implied log loss 0.62585 (match chance as set-1 chance 0.62643, coin 0.69315)
  crew overperformance: closest >= 0.15: n 8372, hit 0.5631 vs implied 0.549, z 2.69 (vs recalibrated 1.03), ROI -0.0357 (older -0.0422, newer -0.0286) - z 2.69 < 3.5; older ROI -0.0422 <= 0; newer ROI -0.0286 <= 0
  crew raw_rate: closest >= 0.20: n 8256, hit 0.6662 vs implied 0.638, z 5.49 (vs recalibrated 0.74), ROI -0.0109 (older -0.0057, newer -0.0164) - older ROI -0.0057 <= 0; newer ROI -0.0164 <= 0
first set real Bovada lines: 0 captured, 0 matched (test runs at 300) · 3.2s
✅ tennis first set: 3s · proven: {"proven": []}
HEAVY TENNIS FAVORITES (research only): 64658 priced matches 2012-01-01 -> 2026-01-14, split 2018-05-27, 53807 rated
 ATP pin straights [all]
    -101..-150: n  7563 win 0.541 fair 0.547 roi -0.035 z_edge -1.02 | old n 3291 roi -0.035 | new n 4272 roi -0.036
    -151..-200: n  6518 win 0.604 fair 0.619 roi -0.048 z_edge -2.43 | old n 2813 roi -0.043 | new n 3705 roi -0.052
    -201..-300: n  6514 win 0.698 fair 0.691 roi -0.014 z_edge +1.31 | old n 3112 roi -0.020 | new n 3402 roi -0.009
    -301..-500: n  5611 win 0.784 fair 0.771 roi -0.007 z_edge +2.42 | old n 2841 roi +0.006 | new n 2770 roi -0.020
         -500+: n  5778 win 0.896 fair 0.884 roi -0.009 z_edge +3.26 | old n 3246 roi -0.009 | new n 2532 roi -0.009
 ATP pin straights [blend+2%]
    -101..-150: n   116 win 0.560 fair 0.552 roi -0.012 z_edge +0.19 | old n 69 roi +0.043 | new n 47 roi -0.092
    -151..-200: n   207 win 0.551 fair 0.620 roi -0.134 z_edge -1.99 | old n 129 roi -0.072 | new n 78 roi -0.235
    -201..-300: n   233 win 0.717 fair 0.691 roi +0.011 z_edge +0.87 | old n 161 roi +0.017 | new n 72 roi -0.001
    -301..-500: n   173 win 0.775 fair 0.771 roi -0.021 z_edge +0.10 | old n 132 roi -0.014 | new n 41 roi -0.043
         -500+: n    35 win 0.914 fair 0.841 roi +0.060 z_edge +1.51 | old n 30 roi +0.083 | new n 5 roi -0.074
 ATP pin straights [model+2%]
    -101..-150: n  2343 win 0.527 fair 0.545 roi -0.055 z_edge -1.74 | old n 975 roi -0.042 | new n 1368 roi -0.065
    -151..-200: n  1544 win 0.589 fair 0.617 roi -0.068 z_edge -2.19 | old n 591 roi -0.076 | new n 953 roi -0.064
    -201..-300: n  1220 win 0.686 fair 0.689 roi -0.027 z_edge -0.20 | old n 461 roi -0.022 | new n 759 roi -0.030
    -301..-500: n   696 win 0.783 fair 0.768 roi -0.004 z_edge +0.99 | old n 274 roi +0.010 | new n 422 roi -0.014
         -500+: n   345 win 0.870 fair 0.868 roi -0.022 z_edge +0.10 | old n 126 roi +0.003 | new n 219 roi -0.037
 ATP b365 straights [all]
    -101..-150: n  4071 win 0.529 fair 0.539 roi -0.078 z_edge -1.38 | old n 1278 roi -0.087 | new n 2793 roi -0.074
    -151..-200: n  8140 win 0.585 fair 0.599 roi -0.082 z_edge -2.43 | old n 3777 roi -0.089 | new n 4363 roi -0.076
    -201..-300: n  5979 win 0.676 fair 0.671 roi -0.052 z_edge +0.88 | old n 2913 roi -0.066 | new n 3066 roi -0.040
    -301..-500: n  6606 win 0.761 fair 0.748 roi -0.038 z_edge +2.53 | old n 3213 roi -0.038 | new n 3393 roi -0.037
         -500+: n  6547 win 0.885 fair 0.864 roi -0.027 z_edge +5.31 | old n 3868 roi -0.030 | new n 2679 roi -0.023
 ATP b365 straights [blend+2%]
    -101..-150: n   649 win 0.508 fair 0.539 roi -0.113 z_edge -1.56 | old n 189 roi -0.091 | new n 460 roi -0.122
    -151..-200: n  1317 win 0.616 fair 0.598 roi -0.033 z_edge +1.30 | old n 569 roi -0.066 | new n 748 roi -0.007
    -201..-300: n  1263 win 0.710 fair 0.671 roi -0.005 z_edge +3.07 | old n 649 roi -0.000 | new n 614 roi -0.011
    -301..-500: n  1607 win 0.779 fair 0.751 roi -0.020 z_edge +2.69 | old n 785 roi -0.021 | new n 822 roi -0.019
         -500+: n  1659 win 0.882 fair 0.850 roi -0.017 z_edge +4.13 | old n 895 roi -0.021 | new n 764 roi -0.012
 ATP b365 straights [model+2%]
    -101..-150: n  1242 win 0.510 fair 0.538 roi -0.108 z_edge -2.01 | old n 385 roi -0.108 | new n 857 roi -0.108
    -151..-200: n  2075 win 0.571 fair 0.598 roi -0.103 z_edge -2.46 | old n 865 roi -0.139 | new n 1210 roi -0.077
    -201..-300: n  1161 win 0.677 fair 0.670 roi -0.050 z_edge +0.49 | old n 468 roi -0.041 | new n 693 roi -0.056
    -301..-500: n  1028 win 0.743 fair 0.746 roi -0.057 z_edge -0.18 | old n 404 roi -0.071 | new n 624 roi -0.048
         -500+: n   573 win 0.843 fair 0.850 roi -0.061 z_edge -0.48 | old n 229 roi -0.058 | new n 344 roi -0.063
 WTA pin straights [all]
    -101..-150: n  8256 win 0.534 fair 0.545 roi -0.047 z_edge -2.12 | old n 3924 roi -0.047 | new n 4332 roi -0.046
    -151..-200: n  6885 win 0.617 fair 0.618 roi -0.027 z_edge -0.15 | old n 3194 roi -0.029 | new n 3691 roi -0.025
    -201..-300: n  6803 win 0.694 fair 0.690 roi -0.020 z_edge +0.77 | old n 3338 roi -0.022 | new n 3465 roi -0.018
    -301..-500: n  5806 win 0.772 fair 0.769 roi -0.023 z_edge +0.48 | old n 2800 roi -0.024 | new n 3006 roi -0.022
         -500+: n  4649 win 0.892 fair 0.873 roi -0.005 z_edge +4.20 | old n 2399 roi -0.010 | new n 2250 roi +0.001
 WTA pin straights [blend+2%]
    -101..-150: n   156 win 0.545 fair 0.551 roi -0.033 z_edge -0.15 | old n 79 roi -0.176 | new n 77 roi +0.113
    -151..-200: n   219 win 0.676 fair 0.617 roi +0.066 z_edge +1.87 | old n 122 roi +0.049 | new n 97 roi +0.089
    -201..-300: n   271 win 0.727 fair 0.690 roi +0.028 z_edge +1.37 | old n 194 roi -0.005 | new n 77 roi +0.109
    -301..-500: n   209 win 0.794 fair 0.763 roi +0.013 z_edge +1.11 | old n 128 roi +0.033 | new n 81 roi -0.020
         -500+: n    36 win 0.861 fair 0.831 roi +0.010 z_edge +0.52 | old n 25 roi -0.018 | new n 11 roi +0.073
 WTA pin straights [model+2%]
    -101..-150: n  2537 win 0.527 fair 0.544 roi -0.057 z_edge -1.73 | old n 1079 roi -0.079 | new n 1458 roi -0.041
    -151..-200: n  1628 win 0.591 fair 0.617 roi -0.068 z_edge -2.16 | old n 601 roi -0.042 | new n 1027 roi -0.084
    -201..-300: n  1219 win 0.699 fair 0.688 roi -0.010 z_edge +0.85 | old n 449 roi -0.018 | new n 770 roi -0.005
    -301..-500: n   737 win 0.786 fair 0.765 roi -0.001 z_edge +1.35 | old n 241 roi +0.031 | new n 496 roi -0.017
         -500+: n   246 win 0.911 fair 0.854 roi +0.039 z_edge +3.13 | old n 91 roi -0.002 | new n 155 roi +0.064
 WTA b365 straights [all]
    -101..-150: n  4354 win 0.519 fair 0.539 roi -0.094 z_edge -2.61 | old n 1541 roi -0.097 | new n 2813 roi -0.093
    -151..-200: n  8799 win 0.594 fair 0.598 roi -0.068 z_edge -0.85 | old n 4404 roi -0.084 | new n 4395 roi -0.052
    -201..-300: n  6169 win 0.676 fair 0.671 roi -0.053 z_edge +0.82 | old n 3041 roi -0.056 | new n 3128 roi -0.051
    -301..-500: n  6726 win 0.754 fair 0.748 roi -0.048 z_edge +1.13 | old n 3280 roi -0.061 | new n 3446 roi -0.035
         -500+: n  5470 win 0.878 fair 0.854 roi -0.026 z_edge +5.44 | old n 2984 roi -0.035 | new n 2486 roi -0.016
 WTA b365 straights [blend+2%]
    -101..-150: n   715 win 0.568 fair 0.539 roi -0.009 z_edge +1.53 | old n 249 roi -0.102 | new n 466 roi +0.041
    -151..-200: n  1601 win 0.621 fair 0.600 roi -0.028 z_edge +1.73 | old n 781 roi -0.064 | new n 820 roi +0.006
    -201..-300: n  1404 win 0.702 fair 0.670 roi -0.017 z_edge +2.54 | old n 755 roi -0.006 | new n 649 roi -0.029
    -301..-500: n  1586 win 0.772 fair 0.750 roi -0.027 z_edge +2.19 | old n 811 roi -0.048 | new n 775 roi -0.005
         -500+: n  1393 win 0.877 fair 0.846 roi -0.020 z_edge +3.60 | old n 749 roi -0.020 | new n 644 roi -0.019
 WTA b365 straights [model+2%]
    -101..-150: n  1375 win 0.520 fair 0.539 roi -0.093 z_edge -1.42 | old n 438 roi -0.127 | new n 937 roi -0.077
    -151..-200: n  2181 win 0.577 fair 0.598 roi -0.093 z_edge -1.92 | old n 888 roi -0.096 | new n 1293 roi -0.090
    -201..-300: n  1229 win 0.679 fair 0.670 roi -0.047 z_edge +0.68 | old n 472 roi -0.037 | new n 757 roi -0.054
    -301..-500: n  1018 win 0.746 fair 0.745 roi -0.054 z_edge +0.03 | old n 354 roi -0.071 | new n 664 roi -0.045
         -500+: n   429 win 0.897 fair 0.840 roi +0.011 z_edge +3.94 | old n 171 roi -0.024 | new n 258 roi +0.034
 ATP pin parlay cap -150 [all]: 1224 tickets, hit 0.166 (fair 0.171), avg +444, roi -0.111 z -1.94 | old 529 -0.073 | new 695 -0.141
 ATP pin parlay cap -200 [all]: 2097 tickets, hit 0.211 (fair 0.222), avg +325, roi -0.114 z -3.02 | old 946 -0.141 | new 1151 -0.092
 ATP pin parlay cap -300 [all]: 2501 tickets, hit 0.304 (fair 0.295), avg +225, roi -0.049 z -1.66 | old 1164 -0.055 | new 1337 -0.043
 ATP pin parlay cap -200 [blend+2%]: 6 tickets, hit 0.000 (fair 0.211), avg +341, roi -1.000 z +0.00 | old 3 -1.000 | new 3 -1.000
 ATP pin parlay cap -300 [blend+2%]: 18 tickets, hit 0.167 (fair 0.260), avg +265, roi -0.481 z -1.70 | old 8 -0.202 | new 10 -0.705
 ATP pin parlay cap -150 [model+2%]: 187 tickets, hit 0.150 (fair 0.163), avg +472, roi -0.157 z -1.06 | old 70 -0.378 | new 117 -0.025
 ATP pin parlay cap -200 [model+2%]: 507 tickets, hit 0.175 (fair 0.199), avg +373, roi -0.186 z -2.35 | old 185 -0.318 | new 322 -0.111
 ATP pin parlay cap -300 [model+2%]: 765 tickets, hit 0.224 (fair 0.236), avg +308, roi -0.128 z -2.13 | old 296 -0.149 | new 469 -0.115
 ATP b365 parlay cap -150 [all]: 498 tickets, hit 0.112 (fair 0.162), avg +418, roi -0.422 z -5.79 | old 105 -0.495 | new 393 -0.403
 ATP b365 parlay cap -200 [all]: 1909 tickets, hit 0.195 (fair 0.213), avg +294, roi -0.239 z -6.72 | old 818 -0.301 | new 1091 -0.193
 ATP b365 parlay cap -300 [all]: 2394 tickets, hit 0.273 (fair 0.271), avg +216, roi -0.176 z -6.31 | old 1103 -0.221 | new 1291 -0.137
 ATP b365 parlay cap -150 [blend+2%]: 9 tickets, hit 0.222 (fair 0.166), avg +413, roi +0.128 z +0.17 | old 1 +4.325 | new 8 -0.397
 ATP b365 parlay cap -200 [blend+2%]: 141 tickets, hit 0.270 (fair 0.197), avg +329, roi +0.133 z +0.83 | old 35 +0.169 | new 106 +0.121
 ATP b365 parlay cap -300 [blend+2%]: 346 tickets, hit 0.303 (fair 0.242), avg +252, roi +0.034 z +0.39 | old 141 +0.030 | new 205 +0.037
 ATP b365 parlay cap -150 [model+2%]: 49 tickets, hit 0.102 (fair 0.159), avg +430, roi -0.467 z -2.04 | old 4 +0.331 | new 45 -0.538
 ATP b365 parlay cap -200 [model+2%]: 390 tickets, hit 0.197 (fair 0.198), avg +324, roi -0.192 z -2.32 | old 127 -0.262 | new 263 -0.159
 ATP b365 parlay cap -300 [model+2%]: 631 tickets, hit 0.224 (fair 0.230), avg +271, roi -0.206 z -3.45 | old 218 -0.242 | new 413 -0.187
 WTA pin parlay cap -150 [all]: 1308 tickets, hit 0.161 (fair 0.170), avg +445, roi -0.126 z -2.28 | old 602 -0.151 | new 706 -0.105
 WTA pin parlay cap -200 [all]: 2270 tickets, hit 0.207 (fair 0.220), avg +328, roi -0.134 z -3.71 | old 1043 -0.135 | new 1227 -0.133
 WTA pin parlay cap -300 [all]: 2680 tickets, hit 0.289 (fair 0.291), avg +230, roi -0.087 z -3.08 | old 1260 -0.082 | new 1420 -0.092
 WTA pin parlay cap -200 [blend+2%]: 5 tickets, hit 0.600 (fair 0.201), avg +362, roi +1.674 z +1.51 | old 2 -1.000 | new 3 +3.457
 WTA pin parlay cap -300 [blend+2%]: 13 tickets, hit 0.538 (fair 0.237), avg +295, roi +1.124 z +1.94 | old 5 +0.394 | new 8 +1.580
 WTA pin parlay cap -150 [model+2%]: 205 tickets, hit 0.112 (fair 0.163), avg +468, roi -0.367 z -2.94 | old 86 -0.412 | new 119 -0.335
 WTA pin parlay cap -200 [model+2%]: 543 tickets, hit 0.160 (fair 0.197), avg +377, roi -0.236 z -3.11 | old 205 -0.242 | new 338 -0.232
 WTA pin parlay cap -300 [model+2%]: 804 tickets, hit 0.224 (fair 0.238), avg +305, roi -0.148 z -2.57 | old 301 -0.045 | new 503 -0.210
 WTA b365 parlay cap -150 [all]: 542 tickets, hit 0.120 (fair 0.161), avg +419, roi -0.376 z -5.16 | old 151 -0.519 | new 391 -0.321
 WTA b365 parlay cap -200 [all]: 2061 tickets, hit 0.190 (fair 0.213), avg +295, roi -0.259 z -7.66 | old 935 -0.269 | new 1126 -0.251
 WTA b365 parlay cap -300 [all]: 2541 tickets, hit 0.269 (fair 0.270), avg +217, roi -0.171 z -6.20 | old 1181 -0.192 | new 1360 -0.152
 WTA b365 parlay cap -150 [blend+2%]: 7 tickets, hit 0.143 (fair 0.157), avg +435, roi -0.204 z -0.26 | old 2 -1.000 | new 5 +0.115
 WTA b365 parlay cap -200 [blend+2%]: 170 tickets, hit 0.212 (fair 0.201), avg +315, roi -0.128 z -0.98 | old 75 -0.231 | new 95 -0.045
 WTA b365 parlay cap -300 [blend+2%]: 437 tickets, hit 0.277 (fair 0.241), avg +251, roi -0.056 z -0.75 | old 208 -0.082 | new 229 -0.031
 WTA b365 parlay cap -150 [model+2%]: 65 tickets, hit 0.077 (fair 0.160), avg +427, roi -0.586 z -3.26 | old 9 -1.000 | new 56 -0.519
 WTA b365 parlay cap -200 [model+2%]: 389 tickets, hit 0.162 (fair 0.198), avg +326, roi -0.306 z -3.79 | old 128 -0.361 | new 261 -0.279
 WTA b365 parlay cap -300 [model+2%]: 666 tickets, hit 0.219 (fair 0.233), avg +267, roi -0.233 z -4.06 | old 238 -0.318 | new 428 -0.185
 tests at n300+: 266 straight, 28 parlay; expected by luck 0.062 + 0.751
 passed the bar: ['atp|b365|blend+2%|parlay -300'] · proven (not luck-sized): none
 VERDICT: NOT LUCRATIVE (a pass that looks like luck). atp|b365|blend+2%|parlay -300 (n 346, roi +0.034, profit z +0.39) clears the bar, but its profit z is under 2 and 0.81 passes were expected by luck alone. Nothing to act on. Research only.
✅ tennis heavy favorites: 10s · proven: {"proven": []}
study run done in 298s: 20/20 studies ok
✅ underdogs + favorites: 3s · proven: {"nfl": [], "nfl price check": false, "ncaaf": [], "ncaaf price check": false, "nba": [], "nba price check": false, "ncaab": [], "ncaab price check": true, "mlb": [], "mlb price check": false, "nhl": [], "nhl price check": true}
✅ over/unders: 11s · proven: {"nfl": true, "ncaaf": false, "nba": false, "ncaab": true, "mlb": false, "nhl": false}
✅ hockey: 18s · proven: null
✅ spread vs moneyline: 11s · proven: {"nfl": true, "ncaaf": false, "nba": false, "ncaab": false}
✅ puck lines / run lines: 7s · proven: null
✅ halves / first period: 2s · proven: null
✅ comebacks: 186s · proven: null
✅ trends: 10s · proven: {"proven": ["ncaab|rate|fav_cover", "ncaaf|rate|total"]}
✅ rigged / fade the public: 1s · proven: {"proven": []}
✅ self-check on our picks: 0s · proven: null
✅ situational spots: 17s · proven: {"nfl": [], "ncaaf": [], "nba": [], "ncaab": [], "mlb": [], "nhl": []}
✅ line movement + CLV: 3s · proven: {"proven": []}
✅ our engine vs the move (can it beat the pros?): 4s · proven: {"proven": []}
✅ the engine's strengths, sport by sport: 5s · proven: {"proven": ["ncaaf", "nba"]}
THE CONTEXT STUDY: 586 tests with 300+ bets; bar z >= 3.5 + profit in both halves. Luck alone: ~0.136 false positives expected (fake no-edge results passed 0.0 on average); refs: officials.json loaded
nfl: 2777 games · proven - · confirmed - · killed -
   ref_home-|spread|dog         n=   444 roi old +0.016 new +0.117 edge +0.0568 z=+1.46
   div|spread|dog               n=   779 roi old +0.028 new +0.038 edge +0.0395 z=+0.96
   any:out_dome|total|over      n=   463 roi old +0.053 new +0.029 edge +0.0443 z=+0.92
   out_dome|ml|team             n=   451 roi old +0.116 new -0.029 edge +0.0397 z=+0.73
   any:dome_out|total|under     n=   459 roi old +0.010 new +0.039 edge +0.0361 z=+0.55
   nonconf|total|under          n=   571 roi old +0.061 new -0.024 edge +0.0326 z=+0.46
ncaaf: 9696 games · proven - · confirmed - · killed -
   any:east1000|total|under     n=   462 roi old +0.059 new +0.098 edge +0.0650 z=+1.78
   rival|total|under            n=   304 roi old +0.079 new +0.064 edge +0.0624 z=+1.32
   rival|spread|road            n=   302 roi old +0.011 new +0.124 edge +0.0593 z=+1.24
   west1000|ml|fade             n=   451 roi old -0.031 new +0.127 edge +0.0337 z=+0.78
   trip1000|ml|fade             n=   899 roi old -0.027 new +0.074 edge +0.0176 z=+0.55
   west1000|spread|fade         n=   439 roi old -0.044 new +0.084 edge +0.0347 z=+0.45
nba: 12852 games · proven - · confirmed - · killed -
   any:rest|total|over          n=   328 roi old +0.140 new +0.105 edge +0.0881 z=+2.36
   ref_under|ml|road            n=   403 roi old +0.116 new +0.234 edge +0.0761 z=+2.29
   any:tank|total|over          n=   584 roi old +0.006 new +0.124 edge +0.0581 z=+1.66
   any:elim|total|over          n=   664 roi old -0.017 new +0.110 edge +0.0481 z=+1.26
   ref_under|ml|dog             n=   400 roi old +0.064 new +0.127 edge +0.0431 z=+1.13
   tank|spread|fade             n=   527 roi old +0.032 new +0.050 edge +0.0445 z=+0.99
ncaab: 58494 games · proven - · confirmed - · killed -
   ref_under|total|under        n=  2506 roi old +0.032 new +0.064 edge +0.0488 z=+2.54
   ref_over|total|over          n=  1492 roi old +0.065 new +0.022 edge +0.0467 z=+1.77
   road3in6|spread|team         n=   481 roi old +0.019 new +0.048 edge +0.0411 z=+0.76
   rival|spread|home            n=   368 roi old +0.130 new -0.055 edge +0.0435 z=+0.76
   rival|total|under            n=   371 roi old +0.084 new -0.042 edge +0.0342 z=+0.41
   rival|ml|home                n=   374 roi old +0.054 new -0.025 edge +0.0330 z=+0.30
mlb: 23245 games · proven - · confirmed - · killed -
   trip2000|ml|fade             n=   658 roi old +0.089 new -0.043 edge +0.0265 z=+0.58
   east1000|ml|team             n=  1399 roi old +0.041 new -0.009 edge +0.0244 z=+0.57
   nonconf|ml|road              n=  4275 roi old +0.039 new -0.032 edge +0.0179 z=+0.20
   any:west1000|total|over      n=  1439 roi old -0.021 new +0.026 edge +0.0240 z=+0.09
   trip1000|ml|team             n=  2473 roi old +0.000 new -0.001 edge +0.0163 z=-0.02
   ref_under|total|under        n=  3081 roi old +0.001 new -0.002 edge +0.0220 z=-0.02
nhl: 13230 games · proven - · confirmed - · killed -
   ref_home+|ml|road            n=   489 roi old +0.045 new +0.001 edge +0.0281 z=+0.45
   race|ml|team                 n=  1320 roi old +0.025 new -0.022 edge +0.0237 z=+0.04
   ref_home-|total|under        n=   589 roi old +0.035 new -0.037 edge +0.0231 z=-0.03
   mustwin|ml|team              n=  1228 roi old +0.036 new -0.040 edge +0.0226 z=-0.07
   trip2000|ml|fade             n=   526 roi old -0.017 new -0.002 edge +0.0104 z=-0.21
   any:west1000|total|over      n=  1327 roi old +0.005 new -0.022 edge +0.0197 z=-0.32
✅ context: rivalries, travel, domes, stakes, refs: 33s · proven: {"nfl": [], "ncaaf": [], "nba": [], "ncaab": [], "mlb": [], "nhl": []}
✅ early value plays: the early-price exam: 47s · proven: {"proven": ["mlb +8..12 (+100..+149 dogs)"]}
THE EXPLORER: tested 6000 NEW angles (201938 ever) in 39.7s
   new suspects: 0 (luck alone would give ~1.4) · promoted to PROVEN: 0 · killed: 0 · proven demoted: 0
   now watching 1 suspects · 0 proven · 0 killed
   TEAM TRENDS pooled across sports (all games so far; 'follow' = ride the trend, 'fade' = bet against it; the bar: 300+ bets, profit in both halves, z 3.5+):
   1st-quarter form|ml: n=23934 (2018-04-07..2026-09-27) follow hit 62.2% older / 62.9% newer (fair 61.3%, roi -0.024 / -0.026, z -4.07, edge z 4.42) · fade hit 37.8% / 37.1% (roi -0.095 / -0.146, z -12.25) -> no edge
   1st-quarter form|p1ml: n=14233 (2018-09-09..2026-09-27) follow hit 60.6% older / 61.4% newer (fair 59.7%, roi -0.031 / -0.036, z -4.63, edge z 3.32) · fade hit 39.4% / 38.6% (roi -0.083 / -0.117, z -9.09) -> no edge
   1st-quarter form|p1spread: n=14641 (2018-09-09..2026-09-27) follow hit 50.4% older / 50.0% newer (fair 50.0%, roi -0.043 / -0.060, z -6.6, edge z 0.49) · fade hit 49.5% / 50.0% (roi -0.060 / -0.059, z -7.58) -> no edge
   1st-quarter form|spread: n=21353 (2018-10-20..2026-06-14) follow hit 49.8% older / 50.4% newer (fair 50.0%, roi -0.048 / -0.037, z -6.54, edge z 0.27) · fade hit 50.2% / 49.6% (roi -0.042 / -0.051, z -7.09) -> no edge
   O/U streak 4+|total: n=15246 (2018-04-04..2026-10-05) follow hit 49.8% older / 50.7% newer (fair 50.0%, roi -0.050 / -0.030, z -5.21, edge z 0.52) · fade hit 50.2% / 49.3% (roi -0.038 / -0.058, z -6.22) -> no edge
   division record|ml: n=2512 (2018-09-09..2026-10-04) follow hit 64.3% older / 65.5% newer (fair 62.9%, roi +0.015 / -0.012, z 0.09, edge z 2.17) · fade hit 35.7% / 34.5% (roi -0.078 / -0.098, z -3.04) -> no edge
   division record|spread: n=1414 (2018-09-09..2026-10-04) follow hit 50.6% older / 48.7% newer (fair 50.0%, roi -0.031 / -0.070, z -1.99, edge z -0.28) · fade hit 49.4% / 51.3% (roi -0.057 / -0.016, z -1.43) -> no edge
   prime-time record|ml: n=190 (2018-09-17..2026-10-06) follow hit 60.0% older / 62.1% newer (fair 59.9%, roi -0.073 / +0.027, z -0.37, edge z 0.36) · fade hit 40.0% / 37.9% (roi -0.125 / -0.054, z -0.94) -> no edge
   prime-time record|spread: n=188 (2018-09-17..2026-10-06) follow hit 52.1% older / 48.9% newer (fair 50.0%, roi -0.001 / -0.065, z -0.47, edge z 0.15) · fade hit 47.9% / 51.1% (roi -0.080 / -0.027, z -0.76) -> no edge
   road ATS rate|spread: n=10261 (2018-11-04..2026-10-04) follow hit 48.8% older / 48.3% newer (fair 50.0%, roi -0.068 / -0.078, z -7.72, edge z -2.99) · fade hit 51.2% / 51.7% (roi -0.022 / -0.011, z -1.74) -> no edge
   season ATS rate|spread: n=13032 (2018-10-13..2026-04-04) follow hit 48.2% older / 49.1% newer (fair 50.0%, roi -0.079 / -0.062, z -8.4, edge z -3.09) · fade hit 51.8% / 50.9% (roi -0.011 / -0.026, z -2.23) -> no edge
   team ATS streak 3+|spread: n=16486 (2018-09-16..2026-10-04) follow hit 49.2% older / 49.4% newer (fair 50.0%, roi -0.060 / -0.055, z -7.77, edge z -1.78) · fade hit 50.8% / 50.6% (roi -0.029 / -0.033, z -4.22) -> no edge
   team ATS streak 5+|spread: n=4204 (2018-10-06..2026-06-09) follow hit 48.4% older / 48.2% newer (fair 50.0%, roi -0.075 / -0.077, z -5.17, edge z -2.14) · fade hit 51.6% / 51.8% (roi -0.015 / -0.011, z -0.87) -> no edge
✅ the explorer: NEW angles: 41s · proven: {"proven": []}
THE TENNIS EDGE STUDY: 64658 priced matches 2012-01-01 -> 2026-08-03 (older half < 2018-05-27 <= newer half) in 36.2s
   softest segments (a bias learned on the older half that still helps on the newer, mnats/match): WTA rank x10+ +1.15, WTA slam +0.91, WTA round sf+ +0.89, ATP indoor +0.78
   ATP: log loss pin 0.5752 / b365 0.5759 / avg 0.576 · margin pin 0.0253 b365 0.0605
   WTA: log loss pin 0.5903 / b365 0.5912 / avg 0.5908 · margin pin 0.0266 b365 0.0619
   line shop b365 >2% over pinnacle fair: n=4674 roi -0.066 / -0.032 (expected +0.063) edge z=2.68 · beats fair in 14% of matches
   line shop avg >2% over pinnacle fair: n=928 roi -0.164 / -0.045 (expected +0.067) edge z=-0.25 · beats fair in 4% of matches
   line shop max >2% over pinnacle fair: n=30043 roi +0.016 / +0.023 (expected +0.069) edge z=2.42 · beats fair in 73% of matches
   model vs market, newer half: pinnacle 0.597 · elo 0.6295 · model 0.6262 · blend 0.5969 (+0.100 mnats, z 1.07)
   bovada: 280 closing lines, margin 0.0452, 0 matched to pinnacle, 162 graded
   names -> ESPN ids: 0.8856 of 1556 names since ESPN's history (by tour {'atp': 0.9195, 'wta': 0.8534}), 0.9386 of match sides · birth dates for 0.9385 of sides (2808 bios on file)
   life atoms (122 read-outs at pinnacle): wta|pin|yvv:vet n=1818 roi +0.020 / -0.095 z 1.53 / -1.45, wta|pin|age:teen n=4296 roi +0.006 / +0.007 z 1.07 / 1.99, wta|pin|tvv:vet n=483 roi +0.046 / -0.126 z 0.51 / -1.2, atp|pin|age:teen n=2324 roi +0.015 / +0.006 z 0.28 / 1.94
   registry: tested 2955 new angles (106943 ever) · new suspects 0 · promoted 0 · killed 0 · luck would give ~24.88 suspects / 0.566 proven ever
   fixed tests: 543 this run, 1 pass the bar (luck ~0.252)
   PASSES price 90-100% wta at max: n=1231 roi +0.012 / +0.029 z=3.87 (NOT a gettable price)
   closest angle: atp|avg|agegap:+8&of2:low&olgames:long n=328 roi +0.109 / -0.222 z older 2.89 all 0.07
   closest angle: wta|b365|agegap:-4-8&lvl:500&osrv:big n=423 roi +0.154 / -0.044 z older 2.81 all 2.33
   closest angle: atp|pin|agegap:+8&of2:low&olgames:long n=328 roi +0.150 / -0.204 z older 2.8 all -0.05
   closest fixed: line shop b365 all fav gap>0% n=2020 roi +0.044 / +0.008 z=4.48
   closest fixed: line shop b365 atp fav gap>0% n=970 roi +0.067 / +0.007 z=3.45
   closest fixed: line shop b365 wta fav gap>0% n=1050 roi +0.026 / +0.010 z=2.9
   PROVEN: ['wta|avg|age:vet&agegap:+8&p:65-80', 'wta|pin|age:vet&agegap:+8&p:65-80']
✅ tennis edge: 37s · proven: {"proven": ["wta|avg|age:vet&agegap:+8&p:65-80", "wta|pin|age:vet&agegap:+8&p:65-80"]}
first set ATP: 32132 matches, implied log loss 0.62855 (match chance as set-1 chance 0.63577, coin 0.69315)
  crew overperformance: closest >= 0.05: n 19692, hit 0.5266 vs implied 0.5218, z 1.41 (vs recalibrated 0.73), ROI -0.0502 (older -0.0615, newer -0.0399) - z 1.41 < 3.5; older ROI -0.0615 <= 0; newer ROI -0.0399 <= 0
  crew raw_rate: closest >= 0.10: n 15498, hit 0.6247 vs implied 0.608, z 4.4 (vs recalibrated 1.16), ROI -0.0269 (older -0.0388, newer -0.016) - older ROI -0.0388 <= 0; newer ROI -0.016 <= 0
first set WTA: 32523 matches, implied log loss 0.62585 (match chance as set-1 chance 0.62643, coin 0.69315)
  crew overperformance: closest >= 0.15: n 8372, hit 0.5631 vs implied 0.549, z 2.69 (vs recalibrated 1.03), ROI -0.0357 (older -0.0422, newer -0.0286) - z 2.69 < 3.5; older ROI -0.0422 <= 0; newer ROI -0.0286 <= 0
  crew raw_rate: closest >= 0.20: n 8256, hit 0.6662 vs implied 0.638, z 5.49 (vs recalibrated 0.74), ROI -0.0109 (older -0.0057, newer -0.0164) - older ROI -0.0057 <= 0; newer ROI -0.0164 <= 0
first set real Bovada lines: 0 captured, 0 matched (test runs at 300) · 4.4s
✅ tennis first set: 5s · proven: {"proven": []}
HEAVY TENNIS FAVORITES (research only): 64658 priced matches 2012-01-01 -> 2026-01-14, split 2018-05-27, 53807 rated
 ATP pin straights [all]
    -101..-150: n  7563 win 0.541 fair 0.547 roi -0.035 z_edge -1.02 | old n 3291 roi -0.035 | new n 4272 roi -0.036
    -151..-200: n  6518 win 0.604 fair 0.619 roi -0.048 z_edge -2.43 | old n 2813 roi -0.043 | new n 3705 roi -0.052
    -201..-300: n  6514 win 0.698 fair 0.691 roi -0.014 z_edge +1.31 | old n 3112 roi -0.020 | new n 3402 roi -0.009
    -301..-500: n  5611 win 0.784 fair 0.771 roi -0.007 z_edge +2.42 | old n 2841 roi +0.006 | new n 2770 roi -0.020
         -500+: n  5778 win 0.896 fair 0.884 roi -0.009 z_edge +3.26 | old n 3246 roi -0.009 | new n 2532 roi -0.009
 ATP pin straights [blend+2%]
    -101..-150: n   116 win 0.560 fair 0.552 roi -0.012 z_edge +0.19 | old n 69 roi +0.043 | new n 47 roi -0.092
    -151..-200: n   207 win 0.551 fair 0.620 roi -0.134 z_edge -1.99 | old n 129 roi -0.072 | new n 78 roi -0.235
    -201..-300: n   233 win 0.717 fair 0.691 roi +0.011 z_edge +0.87 | old n 161 roi +0.017 | new n 72 roi -0.001
    -301..-500: n   173 win 0.775 fair 0.771 roi -0.021 z_edge +0.10 | old n 132 roi -0.014 | new n 41 roi -0.043
         -500+: n    35 win 0.914 fair 0.841 roi +0.060 z_edge +1.51 | old n 30 roi +0.083 | new n 5 roi -0.074
 ATP pin straights [model+2%]
    -101..-150: n  2343 win 0.527 fair 0.545 roi -0.055 z_edge -1.74 | old n 975 roi -0.042 | new n 1368 roi -0.065
    -151..-200: n  1544 win 0.589 fair 0.617 roi -0.068 z_edge -2.19 | old n 591 roi -0.076 | new n 953 roi -0.064
    -201..-300: n  1220 win 0.686 fair 0.689 roi -0.027 z_edge -0.20 | old n 461 roi -0.022 | new n 759 roi -0.030
    -301..-500: n   696 win 0.783 fair 0.768 roi -0.004 z_edge +0.99 | old n 274 roi +0.010 | new n 422 roi -0.014
         -500+: n   345 win 0.870 fair 0.868 roi -0.022 z_edge +0.10 | old n 126 roi +0.003 | new n 219 roi -0.037
 ATP b365 straights [all]
    -101..-150: n  4071 win 0.529 fair 0.539 roi -0.078 z_edge -1.38 | old n 1278 roi -0.087 | new n 2793 roi -0.074
    -151..-200: n  8140 win 0.585 fair 0.599 roi -0.082 z_edge -2.43 | old n 3777 roi -0.089 | new n 4363 roi -0.076
    -201..-300: n  5979 win 0.676 fair 0.671 roi -0.052 z_edge +0.88 | old n 2913 roi -0.066 | new n 3066 roi -0.040
    -301..-500: n  6606 win 0.761 fair 0.748 roi -0.038 z_edge +2.53 | old n 3213 roi -0.038 | new n 3393 roi -0.037
         -500+: n  6547 win 0.885 fair 0.864 roi -0.027 z_edge +5.31 | old n 3868 roi -0.030 | new n 2679 roi -0.023
 ATP b365 straights [blend+2%]
    -101..-150: n   649 win 0.508 fair 0.539 roi -0.113 z_edge -1.56 | old n 189 roi -0.091 | new n 460 roi -0.122
    -151..-200: n  1317 win 0.616 fair 0.598 roi -0.033 z_edge +1.30 | old n 569 roi -0.066 | new n 748 roi -0.007
    -201..-300: n  1263 win 0.710 fair 0.671 roi -0.005 z_edge +3.07 | old n 649 roi -0.000 | new n 614 roi -0.011
    -301..-500: n  1607 win 0.779 fair 0.751 roi -0.020 z_edge +2.69 | old n 785 roi -0.021 | new n 822 roi -0.019
         -500+: n  1659 win 0.882 fair 0.850 roi -0.017 z_edge +4.13 | old n 895 roi -0.021 | new n 764 roi -0.012
 ATP b365 straights [model+2%]
    -101..-150: n  1242 win 0.510 fair 0.538 roi -0.108 z_edge -2.01 | old n 385 roi -0.108 | new n 857 roi -0.108
    -151..-200: n  2075 win 0.571 fair 0.598 roi -0.103 z_edge -2.46 | old n 865 roi -0.139 | new n 1210 roi -0.077
    -201..-300: n  1161 win 0.677 fair 0.670 roi -0.050 z_edge +0.49 | old n 468 roi -0.041 | new n 693 roi -0.056
    -301..-500: n  1028 win 0.743 fair 0.746 roi -0.057 z_edge -0.18 | old n 404 roi -0.071 | new n 624 roi -0.048
         -500+: n   573 win 0.843 fair 0.850 roi -0.061 z_edge -0.48 | old n 229 roi -0.058 | new n 344 roi -0.063
 WTA pin straights [all]
    -101..-150: n  8256 win 0.534 fair 0.545 roi -0.047 z_edge -2.12 | old n 3924 roi -0.047 | new n 4332 roi -0.046
    -151..-200: n  6885 win 0.617 fair 0.618 roi -0.027 z_edge -0.15 | old n 3194 roi -0.029 | new n 3691 roi -0.025
    -201..-300: n  6803 win 0.694 fair 0.690 roi -0.020 z_edge +0.77 | old n 3338 roi -0.022 | new n 3465 roi -0.018
    -301..-500: n  5806 win 0.772 fair 0.769 roi -0.023 z_edge +0.48 | old n 2800 roi -0.024 | new n 3006 roi -0.022
         -500+: n  4649 win 0.892 fair 0.873 roi -0.005 z_edge +4.20 | old n 2399 roi -0.010 | new n 2250 roi +0.001
 WTA pin straights [blend+2%]
    -101..-150: n   156 win 0.545 fair 0.551 roi -0.033 z_edge -0.15 | old n 79 roi -0.176 | new n 77 roi +0.113
    -151..-200: n   219 win 0.676 fair 0.617 roi +0.066 z_edge +1.87 | old n 122 roi +0.049 | new n 97 roi +0.089
    -201..-300: n   271 win 0.727 fair 0.690 roi +0.028 z_edge +1.37 | old n 194 roi -0.005 | new n 77 roi +0.109
    -301..-500: n   209 win 0.794 fair 0.763 roi +0.013 z_edge +1.11 | old n 128 roi +0.033 | new n 81 roi -0.020
         -500+: n    36 win 0.861 fair 0.831 roi +0.010 z_edge +0.52 | old n 25 roi -0.018 | new n 11 roi +0.073
 WTA pin straights [model+2%]
    -101..-150: n  2537 win 0.527 fair 0.544 roi -0.057 z_edge -1.73 | old n 1079 roi -0.079 | new n 1458 roi -0.041
    -151..-200: n  1628 win 0.591 fair 0.617 roi -0.068 z_edge -2.16 | old n 601 roi -0.042 | new n 1027 roi -0.084
    -201..-300: n  1219 win 0.699 fair 0.688 roi -0.010 z_edge +0.85 | old n 449 roi -0.018 | new n 770 roi -0.005
    -301..-500: n   737 win 0.786 fair 0.765 roi -0.001 z_edge +1.35 | old n 241 roi +0.031 | new n 496 roi -0.017
         -500+: n   246 win 0.911 fair 0.854 roi +0.039 z_edge +3.13 | old n 91 roi -0.002 | new n 155 roi +0.064
 WTA b365 straights [all]
    -101..-150: n  4354 win 0.519 fair 0.539 roi -0.094 z_edge -2.61 | old n 1541 roi -0.097 | new n 2813 roi -0.093
    -151..-200: n  8799 win 0.594 fair 0.598 roi -0.068 z_edge -0.85 | old n 4404 roi -0.084 | new n 4395 roi -0.052
    -201..-300: n  6169 win 0.676 fair 0.671 roi -0.053 z_edge +0.82 | old n 3041 roi -0.056 | new n 3128 roi -0.051
    -301..-500: n  6726 win 0.754 fair 0.748 roi -0.048 z_edge +1.13 | old n 3280 roi -0.061 | new n 3446 roi -0.035
         -500+: n  5470 win 0.878 fair 0.854 roi -0.026 z_edge +5.44 | old n 2984 roi -0.035 | new n 2486 roi -0.016
 WTA b365 straights [blend+2%]
    -101..-150: n   715 win 0.568 fair 0.539 roi -0.009 z_edge +1.53 | old n 249 roi -0.102 | new n 466 roi +0.041
    -151..-200: n  1601 win 0.621 fair 0.600 roi -0.028 z_edge +1.73 | old n 781 roi -0.064 | new n 820 roi +0.006
    -201..-300: n  1404 win 0.702 fair 0.670 roi -0.017 z_edge +2.54 | old n 755 roi -0.006 | new n 649 roi -0.029
    -301..-500: n  1586 win 0.772 fair 0.750 roi -0.027 z_edge +2.19 | old n 811 roi -0.048 | new n 775 roi -0.005
         -500+: n  1393 win 0.877 fair 0.846 roi -0.020 z_edge +3.60 | old n 749 roi -0.020 | new n 644 roi -0.019
 WTA b365 straights [model+2%]
    -101..-150: n  1375 win 0.520 fair 0.539 roi -0.093 z_edge -1.42 | old n 438 roi -0.127 | new n 937 roi -0.077
    -151..-200: n  2181 win 0.577 fair 0.598 roi -0.093 z_edge -1.92 | old n 888 roi -0.096 | new n 1293 roi -0.090
    -201..-300: n  1229 win 0.679 fair 0.670 roi -0.047 z_edge +0.68 | old n 472 roi -0.037 | new n 757 roi -0.054
    -301..-500: n  1018 win 0.746 fair 0.745 roi -0.054 z_edge +0.03 | old n 354 roi -0.071 | new n 664 roi -0.045
         -500+: n   429 win 0.897 fair 0.840 roi +0.011 z_edge +3.94 | old n 171 roi -0.024 | new n 258 roi +0.034
 ATP pin parlay cap -150 [all]: 1224 tickets, hit 0.166 (fair 0.171), avg +444, roi -0.111 z -1.94 | old 529 -0.073 | new 695 -0.141
 ATP pin parlay cap -200 [all]: 2097 tickets, hit 0.211 (fair 0.222), avg +325, roi -0.114 z -3.02 | old 946 -0.141 | new 1151 -0.092
 ATP pin parlay cap -300 [all]: 2501 tickets, hit 0.304 (fair 0.295), avg +225, roi -0.049 z -1.66 | old 1164 -0.055 | new 1337 -0.043
 ATP pin parlay cap -200 [blend+2%]: 6 tickets, hit 0.000 (fair 0.211), avg +341, roi -1.000 z +0.00 | old 3 -1.000 | new 3 -1.000
 ATP pin parlay cap -300 [blend+2%]: 18 tickets, hit 0.167 (fair 0.260), avg +265, roi -0.481 z -1.70 | old 8 -0.202 | new 10 -0.705
 ATP pin parlay cap -150 [model+2%]: 187 tickets, hit 0.150 (fair 0.163), avg +472, roi -0.157 z -1.06 | old 70 -0.378 | new 117 -0.025
 ATP pin parlay cap -200 [model+2%]: 507 tickets, hit 0.175 (fair 0.199), avg +373, roi -0.186 z -2.35 | old 185 -0.318 | new 322 -0.111
 ATP pin parlay cap -300 [model+2%]: 765 tickets, hit 0.224 (fair 0.236), avg +308, roi -0.128 z -2.13 | old 296 -0.149 | new 469 -0.115
 ATP b365 parlay cap -150 [all]: 498 tickets, hit 0.112 (fair 0.162), avg +418, roi -0.422 z -5.79 | old 105 -0.495 | new 393 -0.403
 ATP b365 parlay cap -200 [all]: 1909 tickets, hit 0.195 (fair 0.213), avg +294, roi -0.239 z -6.72 | old 818 -0.301 | new 1091 -0.193
 ATP b365 parlay cap -300 [all]: 2394 tickets, hit 0.273 (fair 0.271), avg +216, roi -0.176 z -6.31 | old 1103 -0.221 | new 1291 -0.137
 ATP b365 parlay cap -150 [blend+2%]: 9 tickets, hit 0.222 (fair 0.166), avg +413, roi +0.128 z +0.17 | old 1 +4.325 | new 8 -0.397
 ATP b365 parlay cap -200 [blend+2%]: 141 tickets, hit 0.270 (fair 0.197), avg +329, roi +0.133 z +0.83 | old 35 +0.169 | new 106 +0.121
 ATP b365 parlay cap -300 [blend+2%]: 346 tickets, hit 0.303 (fair 0.242), avg +252, roi +0.034 z +0.39 | old 141 +0.030 | new 205 +0.037
 ATP b365 parlay cap -150 [model+2%]: 49 tickets, hit 0.102 (fair 0.159), avg +430, roi -0.467 z -2.04 | old 4 +0.331 | new 45 -0.538
 ATP b365 parlay cap -200 [model+2%]: 390 tickets, hit 0.197 (fair 0.198), avg +324, roi -0.192 z -2.32 | old 127 -0.262 | new 263 -0.159
 ATP b365 parlay cap -300 [model+2%]: 631 tickets, hit 0.224 (fair 0.230), avg +271, roi -0.206 z -3.45 | old 218 -0.242 | new 413 -0.187
 WTA pin parlay cap -150 [all]: 1308 tickets, hit 0.161 (fair 0.170), avg +445, roi -0.126 z -2.28 | old 602 -0.151 | new 706 -0.105
 WTA pin parlay cap -200 [all]: 2270 tickets, hit 0.207 (fair 0.220), avg +328, roi -0.134 z -3.71 | old 1043 -0.135 | new 1227 -0.133
 WTA pin parlay cap -300 [all]: 2680 tickets, hit 0.289 (fair 0.291), avg +230, roi -0.087 z -3.08 | old 1260 -0.082 | new 1420 -0.092
 WTA pin parlay cap -200 [blend+2%]: 5 tickets, hit 0.600 (fair 0.201), avg +362, roi +1.674 z +1.51 | old 2 -1.000 | new 3 +3.457
 WTA pin parlay cap -300 [blend+2%]: 13 tickets, hit 0.538 (fair 0.237), avg +295, roi +1.124 z +1.94 | old 5 +0.394 | new 8 +1.580
 WTA pin parlay cap -150 [model+2%]: 205 tickets, hit 0.112 (fair 0.163), avg +468, roi -0.367 z -2.94 | old 86 -0.412 | new 119 -0.335
 WTA pin parlay cap -200 [model+2%]: 543 tickets, hit 0.160 (fair 0.197), avg +377, roi -0.236 z -3.11 | old 205 -0.242 | new 338 -0.232
 WTA pin parlay cap -300 [model+2%]: 804 tickets, hit 0.224 (fair 0.238), avg +305, roi -0.148 z -2.57 | old 301 -0.045 | new 503 -0.210
 WTA b365 parlay cap -150 [all]: 542 tickets, hit 0.120 (fair 0.161), avg +419, roi -0.376 z -5.16 | old 151 -0.519 | new 391 -0.321
 WTA b365 parlay cap -200 [all]: 2061 tickets, hit 0.190 (fair 0.213), avg +295, roi -0.259 z -7.66 | old 935 -0.269 | new 1126 -0.251
 WTA b365 parlay cap -300 [all]: 2541 tickets, hit 0.269 (fair 0.270), avg +217, roi -0.171 z -6.20 | old 1181 -0.192 | new 1360 -0.152
 WTA b365 parlay cap -150 [blend+2%]: 7 tickets, hit 0.143 (fair 0.157), avg +435, roi -0.204 z -0.26 | old 2 -1.000 | new 5 +0.115
 WTA b365 parlay cap -200 [blend+2%]: 170 tickets, hit 0.212 (fair 0.201), avg +315, roi -0.128 z -0.98 | old 75 -0.231 | new 95 -0.045
 WTA b365 parlay cap -300 [blend+2%]: 437 tickets, hit 0.277 (fair 0.241), avg +251, roi -0.056 z -0.75 | old 208 -0.082 | new 229 -0.031
 WTA b365 parlay cap -150 [model+2%]: 65 tickets, hit 0.077 (fair 0.160), avg +427, roi -0.586 z -3.26 | old 9 -1.000 | new 56 -0.519
 WTA b365 parlay cap -200 [model+2%]: 389 tickets, hit 0.162 (fair 0.198), avg +326, roi -0.306 z -3.79 | old 128 -0.361 | new 261 -0.279
 WTA b365 parlay cap -300 [model+2%]: 666 tickets, hit 0.219 (fair 0.233), avg +267, roi -0.233 z -4.06 | old 238 -0.318 | new 428 -0.185
 tests at n300+: 266 straight, 28 parlay; expected by luck 0.062 + 0.751
 passed the bar: ['atp|b365|blend+2%|parlay -300'] · proven (not luck-sized): none
 VERDICT: NOT LUCRATIVE (a pass that looks like luck). atp|b365|blend+2%|parlay -300 (n 346, roi +0.034, profit z +0.39) clears the bar, but its profit z is under 2 and 0.81 passes were expected by luck alone. Nothing to act on. Research only.
✅ tennis heavy favorites: 13s · proven: {"proven": []}
study run done in 451s: 20/20 studies ok
✅ underdogs + favorites: 2s · proven: {"nfl": [], "nfl price check": false, "ncaaf": [], "ncaaf price check": false, "nba": [], "nba price check": false, "ncaab": [], "ncaab price check": true, "mlb": [], "mlb price check": false, "nhl": [], "nhl price check": true}
✅ over/unders: 6s · proven: {"nfl": true, "ncaaf": false, "nba": false, "ncaab": true, "mlb": false, "nhl": false}
✅ hockey: 9s · proven: null
✅ spread vs moneyline: 5s · proven: {"nfl": true, "ncaaf": false, "nba": false, "ncaab": false}
✅ puck lines / run lines: 3s · proven: null
✅ halves / first period: 1s · proven: null
✅ comebacks: 96s · proven: null
✅ trends: 6s · proven: {"proven": ["ncaab|rate|fav_cover", "ncaaf|rate|total"]}
✅ rigged / fade the public: 0s · proven: {"proven": []}
✅ self-check on our picks: 0s · proven: null
✅ situational spots: 10s · proven: {"nfl": [], "ncaaf": [], "nba": [], "ncaab": [], "mlb": [], "nhl": []}
✅ line movement + CLV: 2s · proven: {"proven": []}
✅ our engine vs the move (can it beat the pros?): 3s · proven: {"proven": []}
✅ the engine's strengths, sport by sport: 3s · proven: {"proven": ["ncaaf", "nba"]}
THE CONTEXT STUDY: 586 tests with 300+ bets; bar z >= 3.5 + profit in both halves. Luck alone: ~0.136 false positives expected (fake no-edge results passed 0.0 on average); refs: officials.json loaded
nfl: 2777 games · proven - · confirmed - · killed -
   ref_home-|spread|dog         n=   444 roi old +0.016 new +0.117 edge +0.0568 z=+1.46
   div|spread|dog               n=   779 roi old +0.028 new +0.038 edge +0.0395 z=+0.96
   any:out_dome|total|over      n=   463 roi old +0.053 new +0.029 edge +0.0443 z=+0.92
   out_dome|ml|team             n=   451 roi old +0.116 new -0.029 edge +0.0397 z=+0.73
   any:dome_out|total|under     n=   459 roi old +0.010 new +0.039 edge +0.0361 z=+0.55
   nonconf|total|under          n=   571 roi old +0.061 new -0.024 edge +0.0326 z=+0.46
ncaaf: 9696 games · proven - · confirmed - · killed -
   any:east1000|total|under     n=   462 roi old +0.059 new +0.098 edge +0.0650 z=+1.78
   rival|total|under            n=   304 roi old +0.079 new +0.064 edge +0.0624 z=+1.32
   rival|spread|road            n=   302 roi old +0.011 new +0.124 edge +0.0593 z=+1.24
   west1000|ml|fade             n=   451 roi old -0.031 new +0.127 edge +0.0337 z=+0.78
   trip1000|ml|fade             n=   899 roi old -0.027 new +0.074 edge +0.0176 z=+0.55
   west1000|spread|fade         n=   439 roi old -0.044 new +0.084 edge +0.0347 z=+0.45
nba: 12852 games · proven - · confirmed - · killed -
   any:rest|total|over          n=   328 roi old +0.140 new +0.105 edge +0.0881 z=+2.36
   ref_under|ml|road            n=   403 roi old +0.116 new +0.234 edge +0.0761 z=+2.29
   any:tank|total|over          n=   584 roi old +0.006 new +0.124 edge +0.0581 z=+1.66
   any:elim|total|over          n=   664 roi old -0.017 new +0.110 edge +0.0481 z=+1.26
   ref_under|ml|dog             n=   400 roi old +0.064 new +0.127 edge +0.0431 z=+1.13
   tank|spread|fade             n=   527 roi old +0.032 new +0.050 edge +0.0445 z=+0.99
ncaab: 58494 games · proven - · confirmed - · killed -
   ref_under|total|under        n=  2506 roi old +0.032 new +0.064 edge +0.0488 z=+2.54
   ref_over|total|over          n=  1492 roi old +0.065 new +0.022 edge +0.0467 z=+1.77
   road3in6|spread|team         n=   481 roi old +0.019 new +0.048 edge +0.0411 z=+0.76
   rival|spread|home            n=   368 roi old +0.130 new -0.055 edge +0.0435 z=+0.76
   rival|total|under            n=   371 roi old +0.084 new -0.042 edge +0.0342 z=+0.41
   rival|ml|home                n=   374 roi old +0.054 new -0.025 edge +0.0330 z=+0.30
mlb: 23245 games · proven - · confirmed - · killed -
   trip2000|ml|fade             n=   658 roi old +0.089 new -0.043 edge +0.0265 z=+0.58
   east1000|ml|team             n=  1399 roi old +0.041 new -0.009 edge +0.0244 z=+0.57
   nonconf|ml|road              n=  4275 roi old +0.039 new -0.032 edge +0.0179 z=+0.20
   any:west1000|total|over      n=  1439 roi old -0.021 new +0.026 edge +0.0240 z=+0.09
   trip1000|ml|team             n=  2473 roi old +0.000 new -0.001 edge +0.0163 z=-0.02
   ref_under|total|under        n=  3081 roi old +0.001 new -0.002 edge +0.0220 z=-0.02
nhl: 13230 games · proven - · confirmed - · killed -
   ref_home+|ml|road            n=   489 roi old +0.045 new +0.001 edge +0.0281 z=+0.45
   race|ml|team                 n=  1320 roi old +0.025 new -0.022 edge +0.0237 z=+0.04
   ref_home-|total|under        n=   589 roi old +0.035 new -0.037 edge +0.0231 z=-0.03
   mustwin|ml|team              n=  1228 roi old +0.036 new -0.040 edge +0.0226 z=-0.07
   trip2000|ml|fade             n=   526 roi old -0.017 new -0.002 edge +0.0104 z=-0.21
   any:west1000|total|over      n=  1327 roi old +0.005 new -0.022 edge +0.0197 z=-0.32
✅ context: rivalries, travel, domes, stakes, refs: 21s · proven: {"nfl": [], "ncaaf": [], "nba": [], "ncaab": [], "mlb": [], "nhl": []}
✅ early value plays: the early-price exam: 31s · proven: {"proven": ["mlb +8..12 (+100..+149 dogs)"]}
THE EXPLORER: tested 6000 NEW angles (207938 ever) in 27.7s
   new suspects: 0 (luck alone would give ~1.4) · promoted to PROVEN: 0 · killed: 0 · proven demoted: 0
   now watching 1 suspects · 0 proven · 0 killed
   TEAM TRENDS pooled across sports (all games so far; 'follow' = ride the trend, 'fade' = bet against it; the bar: 300+ bets, profit in both halves, z 3.5+):
   1st-quarter form|ml: n=23934 (2018-04-07..2026-09-27) follow hit 62.2% older / 62.9% newer (fair 61.3%, roi -0.024 / -0.026, z -4.07, edge z 4.42) · fade hit 37.8% / 37.1% (roi -0.095 / -0.146, z -12.25) -> no edge
   1st-quarter form|p1ml: n=14233 (2018-09-09..2026-09-27) follow hit 60.6% older / 61.4% newer (fair 59.7%, roi -0.031 / -0.036, z -4.63, edge z 3.32) · fade hit 39.4% / 38.6% (roi -0.083 / -0.117, z -9.09) -> no edge
   1st-quarter form|p1spread: n=14641 (2018-09-09..2026-09-27) follow hit 50.4% older / 50.0% newer (fair 50.0%, roi -0.043 / -0.060, z -6.6, edge z 0.49) · fade hit 49.5% / 50.0% (roi -0.060 / -0.059, z -7.58) -> no edge
   1st-quarter form|spread: n=21353 (2018-10-20..2026-06-14) follow hit 49.8% older / 50.4% newer (fair 50.0%, roi -0.048 / -0.037, z -6.54, edge z 0.27) · fade hit 50.2% / 49.6% (roi -0.042 / -0.051, z -7.09) -> no edge
   O/U streak 4+|total: n=15246 (2018-04-04..2026-10-05) follow hit 49.8% older / 50.7% newer (fair 50.0%, roi -0.050 / -0.030, z -5.21, edge z 0.52) · fade hit 50.2% / 49.3% (roi -0.038 / -0.058, z -6.22) -> no edge
   division record|ml: n=2512 (2018-09-09..2026-10-04) follow hit 64.3% older / 65.5% newer (fair 62.9%, roi +0.015 / -0.012, z 0.09, edge z 2.17) · fade hit 35.7% / 34.5% (roi -0.078 / -0.098, z -3.04) -> no edge
   division record|spread: n=1414 (2018-09-09..2026-10-04) follow hit 50.6% older / 48.7% newer (fair 50.0%, roi -0.031 / -0.070, z -1.99, edge z -0.28) · fade hit 49.4% / 51.3% (roi -0.057 / -0.016, z -1.43) -> no edge
   prime-time record|ml: n=190 (2018-09-17..2026-10-06) follow hit 60.0% older / 62.1% newer (fair 59.9%, roi -0.073 / +0.027, z -0.37, edge z 0.36) · fade hit 40.0% / 37.9% (roi -0.125 / -0.054, z -0.94) -> no edge
   prime-time record|spread: n=188 (2018-09-17..2026-10-06) follow hit 52.1% older / 48.9% newer (fair 50.0%, roi -0.001 / -0.065, z -0.47, edge z 0.15) · fade hit 47.9% / 51.1% (roi -0.080 / -0.027, z -0.76) -> no edge
   road ATS rate|spread: n=10261 (2018-11-04..2026-10-04) follow hit 48.8% older / 48.3% newer (fair 50.0%, roi -0.068 / -0.078, z -7.72, edge z -2.99) · fade hit 51.2% / 51.7% (roi -0.022 / -0.011, z -1.74) -> no edge
   season ATS rate|spread: n=13032 (2018-10-13..2026-04-04) follow hit 48.2% older / 49.1% newer (fair 50.0%, roi -0.079 / -0.062, z -8.4, edge z -3.09) · fade hit 51.8% / 50.9% (roi -0.011 / -0.026, z -2.23) -> no edge
   team ATS streak 3+|spread: n=16486 (2018-09-16..2026-10-04) follow hit 49.2% older / 49.4% newer (fair 50.0%, roi -0.060 / -0.055, z -7.77, edge z -1.78) · fade hit 50.8% / 50.6% (roi -0.029 / -0.033, z -4.22) -> no edge
   team ATS streak 5+|spread: n=4204 (2018-10-06..2026-06-09) follow hit 48.4% older / 48.2% newer (fair 50.0%, roi -0.075 / -0.077, z -5.17, edge z -2.14) · fade hit 51.6% / 51.8% (roi -0.015 / -0.011, z -0.87) -> no edge
✅ the explorer: NEW angles: 28s · proven: {"proven": []}
THE TENNIS EDGE STUDY: 64658 priced matches 2012-01-01 -> 2026-08-03 (older half < 2018-05-27 <= newer half) in 22.0s
   softest segments (a bias learned on the older half that still helps on the newer, mnats/match): WTA rank x10+ +1.15, WTA slam +0.91, WTA round sf+ +0.89, ATP indoor +0.78
   ATP: log loss pin 0.5752 / b365 0.5759 / avg 0.576 · margin pin 0.0253 b365 0.0605
   WTA: log loss pin 0.5903 / b365 0.5912 / avg 0.5908 · margin pin 0.0266 b365 0.0619
   line shop b365 >2% over pinnacle fair: n=4674 roi -0.066 / -0.032 (expected +0.063) edge z=2.68 · beats fair in 14% of matches
   line shop avg >2% over pinnacle fair: n=928 roi -0.164 / -0.045 (expected +0.067) edge z=-0.25 · beats fair in 4% of matches
   line shop max >2% over pinnacle fair: n=30043 roi +0.016 / +0.023 (expected +0.069) edge z=2.42 · beats fair in 73% of matches
   model vs market, newer half: pinnacle 0.597 · elo 0.6295 · model 0.6262 · blend 0.5969 (+0.100 mnats, z 1.07)
   bovada: 280 closing lines, margin 0.0452, 0 matched to pinnacle, 162 graded
   names -> ESPN ids: 0.8856 of 1556 names since ESPN's history (by tour {'atp': 0.9195, 'wta': 0.8534}), 0.9386 of match sides · birth dates for 0.9385 of sides (2808 bios on file)
   life atoms (122 read-outs at pinnacle): wta|pin|yvv:vet n=1818 roi +0.020 / -0.095 z 1.53 / -1.45, wta|pin|age:teen n=4296 roi +0.006 / +0.007 z 1.07 / 1.99, wta|pin|tvv:vet n=483 roi +0.046 / -0.126 z 0.51 / -1.2, atp|pin|age:teen n=2324 roi +0.015 / +0.006 z 0.28 / 1.94
   registry: tested 3230 new angles (110173 ever) · new suspects 0 · promoted 0 · killed 0 · luck would give ~25.63 suspects / 0.5831 proven ever
   fixed tests: 543 this run, 1 pass the bar (luck ~0.252)
   PASSES price 90-100% wta at max: n=1231 roi +0.012 / +0.029 z=3.87 (NOT a gettable price)
   closest angle: wta|b365|agegap:-4-8&osrv:big&ssn:late n=493 roi +0.068 / -0.009 z older 2.8 all 2.4
   closest angle: wta|pin|agegap:-4-8&osrv:big&ssn:late n=495 roi +0.110 / +0.021 z older 2.75 all 2.38
   closest angle: wta|avg|agegap:-4-8&osrv:big&ssn:late n=495 roi +0.066 / -0.010 z older 2.71 all 2.36
   closest fixed: line shop b365 all fav gap>0% n=2020 roi +0.044 / +0.008 z=4.48
   closest fixed: line shop b365 atp fav gap>0% n=970 roi +0.067 / +0.007 z=3.45
   closest fixed: line shop b365 wta fav gap>0% n=1050 roi +0.026 / +0.010 z=2.9
   PROVEN: ['wta|avg|age:vet&agegap:+8&p:65-80', 'wta|pin|age:vet&agegap:+8&p:65-80']
✅ tennis edge: 22s · proven: {"proven": ["wta|avg|age:vet&agegap:+8&p:65-80", "wta|pin|age:vet&agegap:+8&p:65-80"]}
first set ATP: 32132 matches, implied log loss 0.62855 (match chance as set-1 chance 0.63577, coin 0.69315)
  crew overperformance: closest >= 0.05: n 19692, hit 0.5266 vs implied 0.5218, z 1.41 (vs recalibrated 0.73), ROI -0.0502 (older -0.0615, newer -0.0399) - z 1.41 < 3.5; older ROI -0.0615 <= 0; newer ROI -0.0399 <= 0
  crew raw_rate: closest >= 0.10: n 15498, hit 0.6247 vs implied 0.608, z 4.4 (vs recalibrated 1.16), ROI -0.0269 (older -0.0388, newer -0.016) - older ROI -0.0388 <= 0; newer ROI -0.016 <= 0
first set WTA: 32523 matches, implied log loss 0.62585 (match chance as set-1 chance 0.62643, coin 0.69315)
  crew overperformance: closest >= 0.15: n 8372, hit 0.5631 vs implied 0.549, z 2.69 (vs recalibrated 1.03), ROI -0.0357 (older -0.0422, newer -0.0286) - z 2.69 < 3.5; older ROI -0.0422 <= 0; newer ROI -0.0286 <= 0
  crew raw_rate: closest >= 0.20: n 8256, hit 0.6662 vs implied 0.638, z 5.49 (vs recalibrated 0.74), ROI -0.0109 (older -0.0057, newer -0.0164) - older ROI -0.0057 <= 0; newer ROI -0.0164 <= 0
first set real Bovada lines: 0 captured, 0 matched (test runs at 300) · 3.0s
✅ tennis first set: 3s · proven: {"proven": []}
HEAVY TENNIS FAVORITES (research only): 64658 priced matches 2012-01-01 -> 2026-01-14, split 2018-05-27, 53807 rated
 ATP pin straights [all]
    -101..-150: n  7563 win 0.541 fair 0.547 roi -0.035 z_edge -1.02 | old n 3291 roi -0.035 | new n 4272 roi -0.036
    -151..-200: n  6518 win 0.604 fair 0.619 roi -0.048 z_edge -2.43 | old n 2813 roi -0.043 | new n 3705 roi -0.052
    -201..-300: n  6514 win 0.698 fair 0.691 roi -0.014 z_edge +1.31 | old n 3112 roi -0.020 | new n 3402 roi -0.009
    -301..-500: n  5611 win 0.784 fair 0.771 roi -0.007 z_edge +2.42 | old n 2841 roi +0.006 | new n 2770 roi -0.020
         -500+: n  5778 win 0.896 fair 0.884 roi -0.009 z_edge +3.26 | old n 3246 roi -0.009 | new n 2532 roi -0.009
 ATP pin straights [blend+2%]
    -101..-150: n   116 win 0.560 fair 0.552 roi -0.012 z_edge +0.19 | old n 69 roi +0.043 | new n 47 roi -0.092
    -151..-200: n   207 win 0.551 fair 0.620 roi -0.134 z_edge -1.99 | old n 129 roi -0.072 | new n 78 roi -0.235
    -201..-300: n   233 win 0.717 fair 0.691 roi +0.011 z_edge +0.87 | old n 161 roi +0.017 | new n 72 roi -0.001
    -301..-500: n   173 win 0.775 fair 0.771 roi -0.021 z_edge +0.10 | old n 132 roi -0.014 | new n 41 roi -0.043
         -500+: n    35 win 0.914 fair 0.841 roi +0.060 z_edge +1.51 | old n 30 roi +0.083 | new n 5 roi -0.074
 ATP pin straights [model+2%]
    -101..-150: n  2343 win 0.527 fair 0.545 roi -0.055 z_edge -1.74 | old n 975 roi -0.042 | new n 1368 roi -0.065
    -151..-200: n  1544 win 0.589 fair 0.617 roi -0.068 z_edge -2.19 | old n 591 roi -0.076 | new n 953 roi -0.064
    -201..-300: n  1220 win 0.686 fair 0.689 roi -0.027 z_edge -0.20 | old n 461 roi -0.022 | new n 759 roi -0.030
    -301..-500: n   696 win 0.783 fair 0.768 roi -0.004 z_edge +0.99 | old n 274 roi +0.010 | new n 422 roi -0.014
         -500+: n   345 win 0.870 fair 0.868 roi -0.022 z_edge +0.10 | old n 126 roi +0.003 | new n 219 roi -0.037
 ATP b365 straights [all]
    -101..-150: n  4071 win 0.529 fair 0.539 roi -0.078 z_edge -1.38 | old n 1278 roi -0.087 | new n 2793 roi -0.074
    -151..-200: n  8140 win 0.585 fair 0.599 roi -0.082 z_edge -2.43 | old n 3777 roi -0.089 | new n 4363 roi -0.076
    -201..-300: n  5979 win 0.676 fair 0.671 roi -0.052 z_edge +0.88 | old n 2913 roi -0.066 | new n 3066 roi -0.040
    -301..-500: n  6606 win 0.761 fair 0.748 roi -0.038 z_edge +2.53 | old n 3213 roi -0.038 | new n 3393 roi -0.037
         -500+: n  6547 win 0.885 fair 0.864 roi -0.027 z_edge +5.31 | old n 3868 roi -0.030 | new n 2679 roi -0.023
 ATP b365 straights [blend+2%]
    -101..-150: n   649 win 0.508 fair 0.539 roi -0.113 z_edge -1.56 | old n 189 roi -0.091 | new n 460 roi -0.122
    -151..-200: n  1317 win 0.616 fair 0.598 roi -0.033 z_edge +1.30 | old n 569 roi -0.066 | new n 748 roi -0.007
    -201..-300: n  1263 win 0.710 fair 0.671 roi -0.005 z_edge +3.07 | old n 649 roi -0.000 | new n 614 roi -0.011
    -301..-500: n  1607 win 0.779 fair 0.751 roi -0.020 z_edge +2.69 | old n 785 roi -0.021 | new n 822 roi -0.019
         -500+: n  1659 win 0.882 fair 0.850 roi -0.017 z_edge +4.13 | old n 895 roi -0.021 | new n 764 roi -0.012
 ATP b365 straights [model+2%]
    -101..-150: n  1242 win 0.510 fair 0.538 roi -0.108 z_edge -2.01 | old n 385 roi -0.108 | new n 857 roi -0.108
    -151..-200: n  2075 win 0.571 fair 0.598 roi -0.103 z_edge -2.46 | old n 865 roi -0.139 | new n 1210 roi -0.077
    -201..-300: n  1161 win 0.677 fair 0.670 roi -0.050 z_edge +0.49 | old n 468 roi -0.041 | new n 693 roi -0.056
    -301..-500: n  1028 win 0.743 fair 0.746 roi -0.057 z_edge -0.18 | old n 404 roi -0.071 | new n 624 roi -0.048
         -500+: n   573 win 0.843 fair 0.850 roi -0.061 z_edge -0.48 | old n 229 roi -0.058 | new n 344 roi -0.063
 WTA pin straights [all]
    -101..-150: n  8256 win 0.534 fair 0.545 roi -0.047 z_edge -2.12 | old n 3924 roi -0.047 | new n 4332 roi -0.046
    -151..-200: n  6885 win 0.617 fair 0.618 roi -0.027 z_edge -0.15 | old n 3194 roi -0.029 | new n 3691 roi -0.025
    -201..-300: n  6803 win 0.694 fair 0.690 roi -0.020 z_edge +0.77 | old n 3338 roi -0.022 | new n 3465 roi -0.018
    -301..-500: n  5806 win 0.772 fair 0.769 roi -0.023 z_edge +0.48 | old n 2800 roi -0.024 | new n 3006 roi -0.022
         -500+: n  4649 win 0.892 fair 0.873 roi -0.005 z_edge +4.20 | old n 2399 roi -0.010 | new n 2250 roi +0.001
 WTA pin straights [blend+2%]
    -101..-150: n   156 win 0.545 fair 0.551 roi -0.033 z_edge -0.15 | old n 79 roi -0.176 | new n 77 roi +0.113
    -151..-200: n   219 win 0.676 fair 0.617 roi +0.066 z_edge +1.87 | old n 122 roi +0.049 | new n 97 roi +0.089
    -201..-300: n   271 win 0.727 fair 0.690 roi +0.028 z_edge +1.37 | old n 194 roi -0.005 | new n 77 roi +0.109
    -301..-500: n   209 win 0.794 fair 0.763 roi +0.013 z_edge +1.11 | old n 128 roi +0.033 | new n 81 roi -0.020
         -500+: n    36 win 0.861 fair 0.831 roi +0.010 z_edge +0.52 | old n 25 roi -0.018 | new n 11 roi +0.073
 WTA pin straights [model+2%]
    -101..-150: n  2537 win 0.527 fair 0.544 roi -0.057 z_edge -1.73 | old n 1079 roi -0.079 | new n 1458 roi -0.041
    -151..-200: n  1628 win 0.591 fair 0.617 roi -0.068 z_edge -2.16 | old n 601 roi -0.042 | new n 1027 roi -0.084
    -201..-300: n  1219 win 0.699 fair 0.688 roi -0.010 z_edge +0.85 | old n 449 roi -0.018 | new n 770 roi -0.005
    -301..-500: n   737 win 0.786 fair 0.765 roi -0.001 z_edge +1.35 | old n 241 roi +0.031 | new n 496 roi -0.017
         -500+: n   246 win 0.911 fair 0.854 roi +0.039 z_edge +3.13 | old n 91 roi -0.002 | new n 155 roi +0.064
 WTA b365 straights [all]
    -101..-150: n  4354 win 0.519 fair 0.539 roi -0.094 z_edge -2.61 | old n 1541 roi -0.097 | new n 2813 roi -0.093
    -151..-200: n  8799 win 0.594 fair 0.598 roi -0.068 z_edge -0.85 | old n 4404 roi -0.084 | new n 4395 roi -0.052
    -201..-300: n  6169 win 0.676 fair 0.671 roi -0.053 z_edge +0.82 | old n 3041 roi -0.056 | new n 3128 roi -0.051
    -301..-500: n  6726 win 0.754 fair 0.748 roi -0.048 z_edge +1.13 | old n 3280 roi -0.061 | new n 3446 roi -0.035
         -500+: n  5470 win 0.878 fair 0.854 roi -0.026 z_edge +5.44 | old n 2984 roi -0.035 | new n 2486 roi -0.016
 WTA b365 straights [blend+2%]
    -101..-150: n   715 win 0.568 fair 0.539 roi -0.009 z_edge +1.53 | old n 249 roi -0.102 | new n 466 roi +0.041
    -151..-200: n  1601 win 0.621 fair 0.600 roi -0.028 z_edge +1.73 | old n 781 roi -0.064 | new n 820 roi +0.006
    -201..-300: n  1404 win 0.702 fair 0.670 roi -0.017 z_edge +2.54 | old n 755 roi -0.006 | new n 649 roi -0.029
    -301..-500: n  1586 win 0.772 fair 0.750 roi -0.027 z_edge +2.19 | old n 811 roi -0.048 | new n 775 roi -0.005
         -500+: n  1393 win 0.877 fair 0.846 roi -0.020 z_edge +3.60 | old n 749 roi -0.020 | new n 644 roi -0.019
 WTA b365 straights [model+2%]
    -101..-150: n  1375 win 0.520 fair 0.539 roi -0.093 z_edge -1.42 | old n 438 roi -0.127 | new n 937 roi -0.077
    -151..-200: n  2181 win 0.577 fair 0.598 roi -0.093 z_edge -1.92 | old n 888 roi -0.096 | new n 1293 roi -0.090
    -201..-300: n  1229 win 0.679 fair 0.670 roi -0.047 z_edge +0.68 | old n 472 roi -0.037 | new n 757 roi -0.054
    -301..-500: n  1018 win 0.746 fair 0.745 roi -0.054 z_edge +0.03 | old n 354 roi -0.071 | new n 664 roi -0.045
         -500+: n   429 win 0.897 fair 0.840 roi +0.011 z_edge +3.94 | old n 171 roi -0.024 | new n 258 roi +0.034
 ATP pin parlay cap -150 [all]: 1224 tickets, hit 0.166 (fair 0.171), avg +444, roi -0.111 z -1.94 | old 529 -0.073 | new 695 -0.141
 ATP pin parlay cap -200 [all]: 2097 tickets, hit 0.211 (fair 0.222), avg +325, roi -0.114 z -3.02 | old 946 -0.141 | new 1151 -0.092
 ATP pin parlay cap -300 [all]: 2501 tickets, hit 0.304 (fair 0.295), avg +225, roi -0.049 z -1.66 | old 1164 -0.055 | new 1337 -0.043
 ATP pin parlay cap -200 [blend+2%]: 6 tickets, hit 0.000 (fair 0.211), avg +341, roi -1.000 z +0.00 | old 3 -1.000 | new 3 -1.000
 ATP pin parlay cap -300 [blend+2%]: 18 tickets, hit 0.167 (fair 0.260), avg +265, roi -0.481 z -1.70 | old 8 -0.202 | new 10 -0.705
 ATP pin parlay cap -150 [model+2%]: 187 tickets, hit 0.150 (fair 0.163), avg +472, roi -0.157 z -1.06 | old 70 -0.378 | new 117 -0.025
 ATP pin parlay cap -200 [model+2%]: 507 tickets, hit 0.175 (fair 0.199), avg +373, roi -0.186 z -2.35 | old 185 -0.318 | new 322 -0.111
 ATP pin parlay cap -300 [model+2%]: 765 tickets, hit 0.224 (fair 0.236), avg +308, roi -0.128 z -2.13 | old 296 -0.149 | new 469 -0.115
 ATP b365 parlay cap -150 [all]: 498 tickets, hit 0.112 (fair 0.162), avg +418, roi -0.422 z -5.79 | old 105 -0.495 | new 393 -0.403
 ATP b365 parlay cap -200 [all]: 1909 tickets, hit 0.195 (fair 0.213), avg +294, roi -0.239 z -6.72 | old 818 -0.301 | new 1091 -0.193
 ATP b365 parlay cap -300 [all]: 2394 tickets, hit 0.273 (fair 0.271), avg +216, roi -0.176 z -6.31 | old 1103 -0.221 | new 1291 -0.137
 ATP b365 parlay cap -150 [blend+2%]: 9 tickets, hit 0.222 (fair 0.166), avg +413, roi +0.128 z +0.17 | old 1 +4.325 | new 8 -0.397
 ATP b365 parlay cap -200 [blend+2%]: 141 tickets, hit 0.270 (fair 0.197), avg +329, roi +0.133 z +0.83 | old 35 +0.169 | new 106 +0.121
 ATP b365 parlay cap -300 [blend+2%]: 346 tickets, hit 0.303 (fair 0.242), avg +252, roi +0.034 z +0.39 | old 141 +0.030 | new 205 +0.037
 ATP b365 parlay cap -150 [model+2%]: 49 tickets, hit 0.102 (fair 0.159), avg +430, roi -0.467 z -2.04 | old 4 +0.331 | new 45 -0.538
 ATP b365 parlay cap -200 [model+2%]: 390 tickets, hit 0.197 (fair 0.198), avg +324, roi -0.192 z -2.32 | old 127 -0.262 | new 263 -0.159
 ATP b365 parlay cap -300 [model+2%]: 631 tickets, hit 0.224 (fair 0.230), avg +271, roi -0.206 z -3.45 | old 218 -0.242 | new 413 -0.187
 WTA pin parlay cap -150 [all]: 1308 tickets, hit 0.161 (fair 0.170), avg +445, roi -0.126 z -2.28 | old 602 -0.151 | new 706 -0.105
 WTA pin parlay cap -200 [all]: 2270 tickets, hit 0.207 (fair 0.220), avg +328, roi -0.134 z -3.71 | old 1043 -0.135 | new 1227 -0.133
 WTA pin parlay cap -300 [all]: 2680 tickets, hit 0.289 (fair 0.291), avg +230, roi -0.087 z -3.08 | old 1260 -0.082 | new 1420 -0.092
 WTA pin parlay cap -200 [blend+2%]: 5 tickets, hit 0.600 (fair 0.201), avg +362, roi +1.674 z +1.51 | old 2 -1.000 | new 3 +3.457
 WTA pin parlay cap -300 [blend+2%]: 13 tickets, hit 0.538 (fair 0.237), avg +295, roi +1.124 z +1.94 | old 5 +0.394 | new 8 +1.580
 WTA pin parlay cap -150 [model+2%]: 205 tickets, hit 0.112 (fair 0.163), avg +468, roi -0.367 z -2.94 | old 86 -0.412 | new 119 -0.335
 WTA pin parlay cap -200 [model+2%]: 543 tickets, hit 0.160 (fair 0.197), avg +377, roi -0.236 z -3.11 | old 205 -0.242 | new 338 -0.232
 WTA pin parlay cap -300 [model+2%]: 804 tickets, hit 0.224 (fair 0.238), avg +305, roi -0.148 z -2.57 | old 301 -0.045 | new 503 -0.210
 WTA b365 parlay cap -150 [all]: 542 tickets, hit 0.120 (fair 0.161), avg +419, roi -0.376 z -5.16 | old 151 -0.519 | new 391 -0.321
 WTA b365 parlay cap -200 [all]: 2061 tickets, hit 0.190 (fair 0.213), avg +295, roi -0.259 z -7.66 | old 935 -0.269 | new 1126 -0.251
 WTA b365 parlay cap -300 [all]: 2541 tickets, hit 0.269 (fair 0.270), avg +217, roi -0.171 z -6.20 | old 1181 -0.192 | new 1360 -0.152
 WTA b365 parlay cap -150 [blend+2%]: 7 tickets, hit 0.143 (fair 0.157), avg +435, roi -0.204 z -0.26 | old 2 -1.000 | new 5 +0.115
 WTA b365 parlay cap -200 [blend+2%]: 170 tickets, hit 0.212 (fair 0.201), avg +315, roi -0.128 z -0.98 | old 75 -0.231 | new 95 -0.045
 WTA b365 parlay cap -300 [blend+2%]: 437 tickets, hit 0.277 (fair 0.241), avg +251, roi -0.056 z -0.75 | old 208 -0.082 | new 229 -0.031
 WTA b365 parlay cap -150 [model+2%]: 65 tickets, hit 0.077 (fair 0.160), avg +427, roi -0.586 z -3.26 | old 9 -1.000 | new 56 -0.519
 WTA b365 parlay cap -200 [model+2%]: 389 tickets, hit 0.162 (fair 0.198), avg +326, roi -0.306 z -3.79 | old 128 -0.361 | new 261 -0.279
 WTA b365 parlay cap -300 [model+2%]: 666 tickets, hit 0.219 (fair 0.233), avg +267, roi -0.233 z -4.06 | old 238 -0.318 | new 428 -0.185
 tests at n300+: 266 straight, 28 parlay; expected by luck 0.062 + 0.751
 passed the bar: ['atp|b365|blend+2%|parlay -300'] · proven (not luck-sized): none
 VERDICT: NOT LUCRATIVE (a pass that looks like luck). atp|b365|blend+2%|parlay -300 (n 346, roi +0.034, profit z +0.39) clears the bar, but its profit z is under 2 and 0.81 passes were expected by luck alone. Nothing to act on. Research only.
✅ tennis heavy favorites: 9s · proven: {"proven": []}
study run done in 263s: 20/20 studies ok
✅ underdogs + favorites: 2s · proven: {"nfl": [], "nfl price check": false, "ncaaf": [], "ncaaf price check": false, "nba": [], "nba price check": false, "ncaab": [], "ncaab price check": true, "mlb": [], "mlb price check": false, "nhl": [], "nhl price check": true}
✅ over/unders: 8s · proven: {"nfl": true, "ncaaf": false, "nba": false, "ncaab": true, "mlb": false, "nhl": false}
✅ hockey: 13s · proven: null
✅ spread vs moneyline: 8s · proven: {"nfl": true, "ncaaf": false, "nba": false, "ncaab": false}
✅ puck lines / run lines: 5s · proven: null
✅ halves / first period: 1s · proven: null
✅ comebacks: 146s · proven: null
✅ trends: 9s · proven: {"proven": ["ncaab|rate|fav_cover", "ncaaf|rate|total"]}
✅ rigged / fade the public: 0s · proven: {"proven": []}
✅ self-check on our picks: 0s · proven: null
✅ situational spots: 14s · proven: {"nfl": [], "ncaaf": [], "nba": [], "ncaab": [], "mlb": [], "nhl": []}
✅ line movement + CLV: 2s · proven: {"proven": []}
✅ our engine vs the move (can it beat the pros?): 4s · proven: {"proven": []}
✅ the engine's strengths, sport by sport: 4s · proven: {"proven": ["ncaaf", "nba"]}
THE CONTEXT STUDY: 586 tests with 300+ bets; bar z >= 3.5 + profit in both halves. Luck alone: ~0.136 false positives expected (fake no-edge results passed 0.0 on average); refs: officials.json loaded
nfl: 2777 games · proven - · confirmed - · killed -
   ref_home-|spread|dog         n=   444 roi old +0.016 new +0.117 edge +0.0568 z=+1.46
   div|spread|dog               n=   779 roi old +0.028 new +0.038 edge +0.0395 z=+0.96
   any:out_dome|total|over      n=   463 roi old +0.053 new +0.029 edge +0.0443 z=+0.92
   out_dome|ml|team             n=   451 roi old +0.116 new -0.029 edge +0.0397 z=+0.73
   any:dome_out|total|under     n=   459 roi old +0.010 new +0.039 edge +0.0361 z=+0.55
   nonconf|total|under          n=   571 roi old +0.061 new -0.024 edge +0.0326 z=+0.46
ncaaf: 9697 games · proven - · confirmed - · killed -
   any:east1000|total|under     n=   462 roi old +0.059 new +0.098 edge +0.0650 z=+1.78
   rival|total|under            n=   304 roi old +0.079 new +0.064 edge +0.0624 z=+1.32
   rival|spread|road            n=   302 roi old +0.011 new +0.124 edge +0.0593 z=+1.24
   west1000|ml|fade             n=   451 roi old -0.031 new +0.127 edge +0.0337 z=+0.78
   trip1000|ml|fade             n=   899 roi old -0.027 new +0.074 edge +0.0176 z=+0.55
   west1000|spread|fade         n=   439 roi old -0.044 new +0.084 edge +0.0347 z=+0.45
nba: 12852 games · proven - · confirmed - · killed -
   any:rest|total|over          n=   328 roi old +0.140 new +0.105 edge +0.0881 z=+2.36
   ref_under|ml|road            n=   403 roi old +0.116 new +0.234 edge +0.0761 z=+2.29
   any:tank|total|over          n=   584 roi old +0.006 new +0.124 edge +0.0581 z=+1.66
   any:elim|total|over          n=   664 roi old -0.017 new +0.110 edge +0.0481 z=+1.26
   ref_under|ml|dog             n=   400 roi old +0.064 new +0.127 edge +0.0431 z=+1.13
   tank|spread|fade             n=   527 roi old +0.032 new +0.050 edge +0.0445 z=+0.99
ncaab: 58494 games · proven - · confirmed - · killed -
   ref_under|total|under        n=  2506 roi old +0.032 new +0.064 edge +0.0488 z=+2.54
   ref_over|total|over          n=  1492 roi old +0.065 new +0.022 edge +0.0467 z=+1.77
   road3in6|spread|team         n=   481 roi old +0.019 new +0.048 edge +0.0411 z=+0.76
   rival|spread|home            n=   368 roi old +0.130 new -0.055 edge +0.0435 z=+0.76
   rival|total|under            n=   371 roi old +0.084 new -0.042 edge +0.0342 z=+0.41
   rival|ml|home                n=   374 roi old +0.054 new -0.025 edge +0.0330 z=+0.30
mlb: 23247 games · proven - · confirmed - · killed -
   trip2000|ml|fade             n=   658 roi old +0.089 new -0.043 edge +0.0265 z=+0.58
   east1000|ml|team             n=  1399 roi old +0.041 new -0.009 edge +0.0244 z=+0.57
   nonconf|ml|road              n=  4275 roi old +0.039 new -0.032 edge +0.0179 z=+0.20
   any:west1000|total|over      n=  1440 roi old -0.022 new +0.026 edge +0.0236 z=+0.07
   trip1000|ml|team             n=  2473 roi old +0.000 new -0.001 edge +0.0163 z=-0.02
   ref_under|total|under        n=  3081 roi old +0.001 new -0.002 edge +0.0220 z=-0.02
nhl: 13239 games · proven - · confirmed - · killed -
   ref_home+|ml|road            n=   489 roi old +0.045 new +0.001 edge +0.0281 z=+0.45
   race|ml|team                 n=  1320 roi old +0.025 new -0.022 edge +0.0237 z=+0.04
   ref_home-|total|under        n=   589 roi old +0.035 new -0.037 edge +0.0231 z=-0.03
   mustwin|ml|team              n=  1228 roi old +0.036 new -0.040 edge +0.0226 z=-0.07
   trip2000|ml|fade             n=   526 roi old -0.017 new -0.002 edge +0.0104 z=-0.21
   any:west1000|total|over      n=  1327 roi old +0.005 new -0.022 edge +0.0197 z=-0.32
✅ context: rivalries, travel, domes, stakes, refs: 27s · proven: {"nfl": [], "ncaaf": [], "nba": [], "ncaab": [], "mlb": [], "nhl": []}
✅ early value plays: the early-price exam: 40s · proven: {"proven": ["mlb +8..12 (+100..+149 dogs)"]}
THE EXPLORER: tested 6002 NEW angles (213940 ever) in 33.4s
   new suspects: 0 (luck alone would give ~1.4) · promoted to PROVEN: 0 · killed: 0 · proven demoted: 0
   now watching 1 suspects · 0 proven · 0 killed
   TEAM TRENDS pooled across sports (all games so far; 'follow' = ride the trend, 'fade' = bet against it; the bar: 300+ bets, profit in both halves, z 3.5+):
   1st-quarter form|ml: n=23934 (2018-04-07..2026-09-27) follow hit 62.2% older / 62.9% newer (fair 61.3%, roi -0.024 / -0.026, z -4.07, edge z 4.42) · fade hit 37.8% / 37.1% (roi -0.095 / -0.146, z -12.25) -> no edge
   1st-quarter form|p1ml: n=14233 (2018-09-09..2026-09-27) follow hit 60.6% older / 61.4% newer (fair 59.7%, roi -0.031 / -0.036, z -4.63, edge z 3.32) · fade hit 39.4% / 38.6% (roi -0.083 / -0.117, z -9.09) -> no edge
   1st-quarter form|p1spread: n=14641 (2018-09-09..2026-09-27) follow hit 50.4% older / 50.0% newer (fair 50.0%, roi -0.043 / -0.060, z -6.6, edge z 0.49) · fade hit 49.5% / 50.0% (roi -0.060 / -0.059, z -7.58) -> no edge
   1st-quarter form|spread: n=21353 (2018-10-20..2026-06-14) follow hit 49.8% older / 50.4% newer (fair 50.0%, roi -0.048 / -0.037, z -6.54, edge z 0.27) · fade hit 50.2% / 49.6% (roi -0.042 / -0.051, z -7.09) -> no edge
   O/U streak 4+|total: n=15248 (2018-04-04..2026-10-07) follow hit 49.8% older / 50.7% newer (fair 50.0%, roi -0.050 / -0.030, z -5.21, edge z 0.52) · fade hit 50.2% / 49.2% (roi -0.038 / -0.059, z -6.22) -> no edge
   division record|ml: n=2512 (2018-09-09..2026-10-04) follow hit 64.3% older / 65.5% newer (fair 62.9%, roi +0.015 / -0.012, z 0.09, edge z 2.17) · fade hit 35.7% / 34.5% (roi -0.078 / -0.098, z -3.04) -> no edge
   division record|spread: n=1414 (2018-09-09..2026-10-04) follow hit 50.6% older / 48.7% newer (fair 50.0%, roi -0.031 / -0.070, z -1.99, edge z -0.28) · fade hit 49.4% / 51.3% (roi -0.057 / -0.016, z -1.43) -> no edge
   prime-time record|ml: n=190 (2018-09-17..2026-10-06) follow hit 60.0% older / 62.1% newer (fair 59.9%, roi -0.073 / +0.027, z -0.37, edge z 0.36) · fade hit 40.0% / 37.9% (roi -0.125 / -0.054, z -0.94) -> no edge
   prime-time record|spread: n=188 (2018-09-17..2026-10-06) follow hit 52.1% older / 48.9% newer (fair 50.0%, roi -0.001 / -0.065, z -0.47, edge z 0.15) · fade hit 47.9% / 51.1% (roi -0.080 / -0.027, z -0.76) -> no edge
   road ATS rate|spread: n=10261 (2018-11-04..2026-10-04) follow hit 48.8% older / 48.3% newer (fair 50.0%, roi -0.068 / -0.078, z -7.72, edge z -2.99) · fade hit 51.2% / 51.7% (roi -0.022 / -0.011, z -1.74) -> no edge
   season ATS rate|spread: n=13032 (2018-10-13..2026-04-04) follow hit 48.2% older / 49.1% newer (fair 50.0%, roi -0.079 / -0.062, z -8.4, edge z -3.09) · fade hit 51.8% / 50.9% (roi -0.011 / -0.026, z -2.23) -> no edge
   team ATS streak 3+|spread: n=16486 (2018-09-16..2026-10-04) follow hit 49.2% older / 49.4% newer (fair 50.0%, roi -0.060 / -0.055, z -7.77, edge z -1.78) · fade hit 50.8% / 50.6% (roi -0.029 / -0.033, z -4.22) -> no edge
   team ATS streak 5+|spread: n=4204 (2018-10-06..2026-06-09) follow hit 48.4% older / 48.2% newer (fair 50.0%, roi -0.075 / -0.077, z -5.17, edge z -2.14) · fade hit 51.6% / 51.8% (roi -0.015 / -0.011, z -0.87) -> no edge
✅ the explorer: NEW angles: 34s · proven: {"proven": []}
THE TENNIS EDGE STUDY: 64658 priced matches 2012-01-01 -> 2026-08-03 (older half < 2018-05-27 <= newer half) in 30.2s
   softest segments (a bias learned on the older half that still helps on the newer, mnats/match): WTA rank x10+ +1.15, WTA slam +0.91, WTA round sf+ +0.89, ATP indoor +0.78
   ATP: log loss pin 0.5752 / b365 0.5759 / avg 0.576 · margin pin 0.0253 b365 0.0605
   WTA: log loss pin 0.5903 / b365 0.5912 / avg 0.5908 · margin pin 0.0266 b365 0.0619
   line shop b365 >2% over pinnacle fair: n=4674 roi -0.066 / -0.032 (expected +0.063) edge z=2.68 · beats fair in 14% of matches
   line shop avg >2% over pinnacle fair: n=928 roi -0.164 / -0.045 (expected +0.067) edge z=-0.25 · beats fair in 4% of matches
   line shop max >2% over pinnacle fair: n=30043 roi +0.016 / +0.023 (expected +0.069) edge z=2.42 · beats fair in 73% of matches
   model vs market, newer half: pinnacle 0.597 · elo 0.6295 · model 0.6262 · blend 0.5969 (+0.100 mnats, z 1.07)
   bovada: 280 closing lines, margin 0.0452, 0 matched to pinnacle, 162 graded
   names -> ESPN ids: 0.8856 of 1556 names since ESPN's history (by tour {'atp': 0.9195, 'wta': 0.8534}), 0.9386 of match sides · birth dates for 0.9385 of sides (2808 bios on file)
   life atoms (122 read-outs at pinnacle): wta|pin|yvv:vet n=1818 roi +0.020 / -0.095 z 1.53 / -1.45, wta|pin|age:teen n=4296 roi +0.006 / +0.007 z 1.07 / 1.99, wta|pin|tvv:vet n=483 roi +0.046 / -0.126 z 0.51 / -1.2, atp|pin|age:teen n=2324 roi +0.015 / +0.006 z 0.28 / 1.94
   registry: tested 2981 new angles (113154 ever) · new suspects 0 · promoted 0 · killed 0 · luck would give ~26.32 suspects / 0.5988 proven ever
   fixed tests: 543 this run, 1 pass the bar (luck ~0.252)
   PASSES price 90-100% wta at max: n=1231 roi +0.012 / +0.029 z=3.87 (NOT a gettable price)
   closest angle: atp|avg|agegap:-4-8&mdl:-5&ssn:early n=806 roi +0.094 / -0.012 z older 2.8 all 2.75
   closest angle: atp|b365|agegap:-4-8&mdl:-5&ssn:early n=805 roi +0.088 / -0.012 z older 2.77 all 2.69
   closest angle: atp|pin|agegap:-4-8&mdl:-5&ssn:early n=806 roi +0.131 / +0.013 z older 2.63 all 2.53
   closest fixed: line shop b365 all fav gap>0% n=2020 roi +0.044 / +0.008 z=4.48
   closest fixed: line shop b365 atp fav gap>0% n=970 roi +0.067 / +0.007 z=3.45
   closest fixed: line shop b365 wta fav gap>0% n=1050 roi +0.026 / +0.010 z=2.9
   PROVEN: ['wta|avg|age:vet&agegap:+8&p:65-80', 'wta|pin|age:vet&agegap:+8&p:65-80']
✅ tennis edge: 30s · proven: {"proven": ["wta|avg|age:vet&agegap:+8&p:65-80", "wta|pin|age:vet&agegap:+8&p:65-80"]}
first set ATP: 32132 matches, implied log loss 0.62855 (match chance as set-1 chance 0.63577, coin 0.69315)
  crew overperformance: closest >= 0.05: n 19692, hit 0.5266 vs implied 0.5218, z 1.41 (vs recalibrated 0.73), ROI -0.0502 (older -0.0615, newer -0.0399) - z 1.41 < 3.5; older ROI -0.0615 <= 0; newer ROI -0.0399 <= 0
  crew raw_rate: closest >= 0.10: n 15498, hit 0.6247 vs implied 0.608, z 4.4 (vs recalibrated 1.16), ROI -0.0269 (older -0.0388, newer -0.016) - older ROI -0.0388 <= 0; newer ROI -0.016 <= 0
first set WTA: 32523 matches, implied log loss 0.62585 (match chance as set-1 chance 0.62643, coin 0.69315)
  crew overperformance: closest >= 0.15: n 8372, hit 0.5631 vs implied 0.549, z 2.69 (vs recalibrated 1.03), ROI -0.0357 (older -0.0422, newer -0.0286) - z 2.69 < 3.5; older ROI -0.0422 <= 0; newer ROI -0.0286 <= 0
  crew raw_rate: closest >= 0.20: n 8256, hit 0.6662 vs implied 0.638, z 5.49 (vs recalibrated 0.74), ROI -0.0109 (older -0.0057, newer -0.0164) - older ROI -0.0057 <= 0; newer ROI -0.0164 <= 0
first set real Bovada lines: 0 captured, 0 matched (test runs at 300) · 3.7s
✅ tennis first set: 4s · proven: {"proven": []}
HEAVY TENNIS FAVORITES (research only): 64658 priced matches 2012-01-01 -> 2026-01-14, split 2018-05-27, 53807 rated
 ATP pin straights [all]
    -101..-150: n  7563 win 0.541 fair 0.547 roi -0.035 z_edge -1.02 | old n 3291 roi -0.035 | new n 4272 roi -0.036
    -151..-200: n  6518 win 0.604 fair 0.619 roi -0.048 z_edge -2.43 | old n 2813 roi -0.043 | new n 3705 roi -0.052
    -201..-300: n  6514 win 0.698 fair 0.691 roi -0.014 z_edge +1.31 | old n 3112 roi -0.020 | new n 3402 roi -0.009
    -301..-500: n  5611 win 0.784 fair 0.771 roi -0.007 z_edge +2.42 | old n 2841 roi +0.006 | new n 2770 roi -0.020
         -500+: n  5778 win 0.896 fair 0.884 roi -0.009 z_edge +3.26 | old n 3246 roi -0.009 | new n 2532 roi -0.009
 ATP pin straights [blend+2%]
    -101..-150: n   116 win 0.560 fair 0.552 roi -0.012 z_edge +0.19 | old n 69 roi +0.043 | new n 47 roi -0.092
    -151..-200: n   207 win 0.551 fair 0.620 roi -0.134 z_edge -1.99 | old n 129 roi -0.072 | new n 78 roi -0.235
    -201..-300: n   233 win 0.717 fair 0.691 roi +0.011 z_edge +0.87 | old n 161 roi +0.017 | new n 72 roi -0.001
    -301..-500: n   173 win 0.775 fair 0.771 roi -0.021 z_edge +0.10 | old n 132 roi -0.014 | new n 41 roi -0.043
         -500+: n    35 win 0.914 fair 0.841 roi +0.060 z_edge +1.51 | old n 30 roi +0.083 | new n 5 roi -0.074
 ATP pin straights [model+2%]
    -101..-150: n  2343 win 0.527 fair 0.545 roi -0.055 z_edge -1.74 | old n 975 roi -0.042 | new n 1368 roi -0.065
    -151..-200: n  1544 win 0.589 fair 0.617 roi -0.068 z_edge -2.19 | old n 591 roi -0.076 | new n 953 roi -0.064
    -201..-300: n  1220 win 0.686 fair 0.689 roi -0.027 z_edge -0.20 | old n 461 roi -0.022 | new n 759 roi -0.030
    -301..-500: n   696 win 0.783 fair 0.768 roi -0.004 z_edge +0.99 | old n 274 roi +0.010 | new n 422 roi -0.014
         -500+: n   345 win 0.870 fair 0.868 roi -0.022 z_edge +0.10 | old n 126 roi +0.003 | new n 219 roi -0.037
 ATP b365 straights [all]
    -101..-150: n  4071 win 0.529 fair 0.539 roi -0.078 z_edge -1.38 | old n 1278 roi -0.087 | new n 2793 roi -0.074
    -151..-200: n  8140 win 0.585 fair 0.599 roi -0.082 z_edge -2.43 | old n 3777 roi -0.089 | new n 4363 roi -0.076
    -201..-300: n  5979 win 0.676 fair 0.671 roi -0.052 z_edge +0.88 | old n 2913 roi -0.066 | new n 3066 roi -0.040
    -301..-500: n  6606 win 0.761 fair 0.748 roi -0.038 z_edge +2.53 | old n 3213 roi -0.038 | new n 3393 roi -0.037
         -500+: n  6547 win 0.885 fair 0.864 roi -0.027 z_edge +5.31 | old n 3868 roi -0.030 | new n 2679 roi -0.023
 ATP b365 straights [blend+2%]
    -101..-150: n   649 win 0.508 fair 0.539 roi -0.113 z_edge -1.56 | old n 189 roi -0.091 | new n 460 roi -0.122
    -151..-200: n  1317 win 0.616 fair 0.598 roi -0.033 z_edge +1.30 | old n 569 roi -0.066 | new n 748 roi -0.007
    -201..-300: n  1263 win 0.710 fair 0.671 roi -0.005 z_edge +3.07 | old n 649 roi -0.000 | new n 614 roi -0.011
    -301..-500: n  1607 win 0.779 fair 0.751 roi -0.020 z_edge +2.69 | old n 785 roi -0.021 | new n 822 roi -0.019
         -500+: n  1659 win 0.882 fair 0.850 roi -0.017 z_edge +4.13 | old n 895 roi -0.021 | new n 764 roi -0.012
 ATP b365 straights [model+2%]
    -101..-150: n  1242 win 0.510 fair 0.538 roi -0.108 z_edge -2.01 | old n 385 roi -0.108 | new n 857 roi -0.108
    -151..-200: n  2075 win 0.571 fair 0.598 roi -0.103 z_edge -2.46 | old n 865 roi -0.139 | new n 1210 roi -0.077
    -201..-300: n  1161 win 0.677 fair 0.670 roi -0.050 z_edge +0.49 | old n 468 roi -0.041 | new n 693 roi -0.056
    -301..-500: n  1028 win 0.743 fair 0.746 roi -0.057 z_edge -0.18 | old n 404 roi -0.071 | new n 624 roi -0.048
         -500+: n   573 win 0.843 fair 0.850 roi -0.061 z_edge -0.48 | old n 229 roi -0.058 | new n 344 roi -0.063
 WTA pin straights [all]
    -101..-150: n  8256 win 0.534 fair 0.545 roi -0.047 z_edge -2.12 | old n 3924 roi -0.047 | new n 4332 roi -0.046
    -151..-200: n  6885 win 0.617 fair 0.618 roi -0.027 z_edge -0.15 | old n 3194 roi -0.029 | new n 3691 roi -0.025
    -201..-300: n  6803 win 0.694 fair 0.690 roi -0.020 z_edge +0.77 | old n 3338 roi -0.022 | new n 3465 roi -0.018
    -301..-500: n  5806 win 0.772 fair 0.769 roi -0.023 z_edge +0.48 | old n 2800 roi -0.024 | new n 3006 roi -0.022
         -500+: n  4649 win 0.892 fair 0.873 roi -0.005 z_edge +4.20 | old n 2399 roi -0.010 | new n 2250 roi +0.001
 WTA pin straights [blend+2%]
    -101..-150: n   156 win 0.545 fair 0.551 roi -0.033 z_edge -0.15 | old n 79 roi -0.176 | new n 77 roi +0.113
    -151..-200: n   219 win 0.676 fair 0.617 roi +0.066 z_edge +1.87 | old n 122 roi +0.049 | new n 97 roi +0.089
    -201..-300: n   271 win 0.727 fair 0.690 roi +0.028 z_edge +1.37 | old n 194 roi -0.005 | new n 77 roi +0.109
    -301..-500: n   209 win 0.794 fair 0.763 roi +0.013 z_edge +1.11 | old n 128 roi +0.033 | new n 81 roi -0.020
         -500+: n    36 win 0.861 fair 0.831 roi +0.010 z_edge +0.52 | old n 25 roi -0.018 | new n 11 roi +0.073
 WTA pin straights [model+2%]
    -101..-150: n  2537 win 0.527 fair 0.544 roi -0.057 z_edge -1.73 | old n 1079 roi -0.079 | new n 1458 roi -0.041
    -151..-200: n  1628 win 0.591 fair 0.617 roi -0.068 z_edge -2.16 | old n 601 roi -0.042 | new n 1027 roi -0.084
    -201..-300: n  1219 win 0.699 fair 0.688 roi -0.010 z_edge +0.85 | old n 449 roi -0.018 | new n 770 roi -0.005
    -301..-500: n   737 win 0.786 fair 0.765 roi -0.001 z_edge +1.35 | old n 241 roi +0.031 | new n 496 roi -0.017
         -500+: n   246 win 0.911 fair 0.854 roi +0.039 z_edge +3.13 | old n 91 roi -0.002 | new n 155 roi +0.064
 WTA b365 straights [all]
    -101..-150: n  4354 win 0.519 fair 0.539 roi -0.094 z_edge -2.61 | old n 1541 roi -0.097 | new n 2813 roi -0.093
    -151..-200: n  8799 win 0.594 fair 0.598 roi -0.068 z_edge -0.85 | old n 4404 roi -0.084 | new n 4395 roi -0.052
    -201..-300: n  6169 win 0.676 fair 0.671 roi -0.053 z_edge +0.82 | old n 3041 roi -0.056 | new n 3128 roi -0.051
    -301..-500: n  6726 win 0.754 fair 0.748 roi -0.048 z_edge +1.13 | old n 3280 roi -0.061 | new n 3446 roi -0.035
         -500+: n  5470 win 0.878 fair 0.854 roi -0.026 z_edge +5.44 | old n 2984 roi -0.035 | new n 2486 roi -0.016
 WTA b365 straights [blend+2%]
    -101..-150: n   715 win 0.568 fair 0.539 roi -0.009 z_edge +1.53 | old n 249 roi -0.102 | new n 466 roi +0.041
    -151..-200: n  1601 win 0.621 fair 0.600 roi -0.028 z_edge +1.73 | old n 781 roi -0.064 | new n 820 roi +0.006
    -201..-300: n  1404 win 0.702 fair 0.670 roi -0.017 z_edge +2.54 | old n 755 roi -0.006 | new n 649 roi -0.029
    -301..-500: n  1586 win 0.772 fair 0.750 roi -0.027 z_edge +2.19 | old n 811 roi -0.048 | new n 775 roi -0.005
         -500+: n  1393 win 0.877 fair 0.846 roi -0.020 z_edge +3.60 | old n 749 roi -0.020 | new n 644 roi -0.019
 WTA b365 straights [model+2%]
    -101..-150: n  1375 win 0.520 fair 0.539 roi -0.093 z_edge -1.42 | old n 438 roi -0.127 | new n 937 roi -0.077
    -151..-200: n  2181 win 0.577 fair 0.598 roi -0.093 z_edge -1.92 | old n 888 roi -0.096 | new n 1293 roi -0.090
    -201..-300: n  1229 win 0.679 fair 0.670 roi -0.047 z_edge +0.68 | old n 472 roi -0.037 | new n 757 roi -0.054
    -301..-500: n  1018 win 0.746 fair 0.745 roi -0.054 z_edge +0.03 | old n 354 roi -0.071 | new n 664 roi -0.045
         -500+: n   429 win 0.897 fair 0.840 roi +0.011 z_edge +3.94 | old n 171 roi -0.024 | new n 258 roi +0.034
 ATP pin parlay cap -150 [all]: 1224 tickets, hit 0.166 (fair 0.171), avg +444, roi -0.111 z -1.94 | old 529 -0.073 | new 695 -0.141
 ATP pin parlay cap -200 [all]: 2097 tickets, hit 0.211 (fair 0.222), avg +325, roi -0.114 z -3.02 | old 946 -0.141 | new 1151 -0.092
 ATP pin parlay cap -300 [all]: 2501 tickets, hit 0.304 (fair 0.295), avg +225, roi -0.049 z -1.66 | old 1164 -0.055 | new 1337 -0.043
 ATP pin parlay cap -200 [blend+2%]: 6 tickets, hit 0.000 (fair 0.211), avg +341, roi -1.000 z +0.00 | old 3 -1.000 | new 3 -1.000
 ATP pin parlay cap -300 [blend+2%]: 18 tickets, hit 0.167 (fair 0.260), avg +265, roi -0.481 z -1.70 | old 8 -0.202 | new 10 -0.705
 ATP pin parlay cap -150 [model+2%]: 187 tickets, hit 0.150 (fair 0.163), avg +472, roi -0.157 z -1.06 | old 70 -0.378 | new 117 -0.025
 ATP pin parlay cap -200 [model+2%]: 507 tickets, hit 0.175 (fair 0.199), avg +373, roi -0.186 z -2.35 | old 185 -0.318 | new 322 -0.111
 ATP pin parlay cap -300 [model+2%]: 765 tickets, hit 0.224 (fair 0.236), avg +308, roi -0.128 z -2.13 | old 296 -0.149 | new 469 -0.115
 ATP b365 parlay cap -150 [all]: 498 tickets, hit 0.112 (fair 0.162), avg +418, roi -0.422 z -5.79 | old 105 -0.495 | new 393 -0.403
 ATP b365 parlay cap -200 [all]: 1909 tickets, hit 0.195 (fair 0.213), avg +294, roi -0.239 z -6.72 | old 818 -0.301 | new 1091 -0.193
 ATP b365 parlay cap -300 [all]: 2394 tickets, hit 0.273 (fair 0.271), avg +216, roi -0.176 z -6.31 | old 1103 -0.221 | new 1291 -0.137
 ATP b365 parlay cap -150 [blend+2%]: 9 tickets, hit 0.222 (fair 0.166), avg +413, roi +0.128 z +0.17 | old 1 +4.325 | new 8 -0.397
 ATP b365 parlay cap -200 [blend+2%]: 141 tickets, hit 0.270 (fair 0.197), avg +329, roi +0.133 z +0.83 | old 35 +0.169 | new 106 +0.121
 ATP b365 parlay cap -300 [blend+2%]: 346 tickets, hit 0.303 (fair 0.242), avg +252, roi +0.034 z +0.39 | old 141 +0.030 | new 205 +0.037
 ATP b365 parlay cap -150 [model+2%]: 49 tickets, hit 0.102 (fair 0.159), avg +430, roi -0.467 z -2.04 | old 4 +0.331 | new 45 -0.538
 ATP b365 parlay cap -200 [model+2%]: 390 tickets, hit 0.197 (fair 0.198), avg +324, roi -0.192 z -2.32 | old 127 -0.262 | new 263 -0.159
 ATP b365 parlay cap -300 [model+2%]: 631 tickets, hit 0.224 (fair 0.230), avg +271, roi -0.206 z -3.45 | old 218 -0.242 | new 413 -0.187
 WTA pin parlay cap -150 [all]: 1308 tickets, hit 0.161 (fair 0.170), avg +445, roi -0.126 z -2.28 | old 602 -0.151 | new 706 -0.105
 WTA pin parlay cap -200 [all]: 2270 tickets, hit 0.207 (fair 0.220), avg +328, roi -0.134 z -3.71 | old 1043 -0.135 | new 1227 -0.133
 WTA pin parlay cap -300 [all]: 2680 tickets, hit 0.289 (fair 0.291), avg +230, roi -0.087 z -3.08 | old 1260 -0.082 | new 1420 -0.092
 WTA pin parlay cap -200 [blend+2%]: 5 tickets, hit 0.600 (fair 0.201), avg +362, roi +1.674 z +1.51 | old 2 -1.000 | new 3 +3.457
 WTA pin parlay cap -300 [blend+2%]: 13 tickets, hit 0.538 (fair 0.237), avg +295, roi +1.124 z +1.94 | old 5 +0.394 | new 8 +1.580
 WTA pin parlay cap -150 [model+2%]: 205 tickets, hit 0.112 (fair 0.163), avg +468, roi -0.367 z -2.94 | old 86 -0.412 | new 119 -0.335
 WTA pin parlay cap -200 [model+2%]: 543 tickets, hit 0.160 (fair 0.197), avg +377, roi -0.236 z -3.11 | old 205 -0.242 | new 338 -0.232
 WTA pin parlay cap -300 [model+2%]: 804 tickets, hit 0.224 (fair 0.238), avg +305, roi -0.148 z -2.57 | old 301 -0.045 | new 503 -0.210
 WTA b365 parlay cap -150 [all]: 542 tickets, hit 0.120 (fair 0.161), avg +419, roi -0.376 z -5.16 | old 151 -0.519 | new 391 -0.321
 WTA b365 parlay cap -200 [all]: 2061 tickets, hit 0.190 (fair 0.213), avg +295, roi -0.259 z -7.66 | old 935 -0.269 | new 1126 -0.251
 WTA b365 parlay cap -300 [all]: 2541 tickets, hit 0.269 (fair 0.270), avg +217, roi -0.171 z -6.20 | old 1181 -0.192 | new 1360 -0.152
 WTA b365 parlay cap -150 [blend+2%]: 7 tickets, hit 0.143 (fair 0.157), avg +435, roi -0.204 z -0.26 | old 2 -1.000 | new 5 +0.115
 WTA b365 parlay cap -200 [blend+2%]: 170 tickets, hit 0.212 (fair 0.201), avg +315, roi -0.128 z -0.98 | old 75 -0.231 | new 95 -0.045
 WTA b365 parlay cap -300 [blend+2%]: 437 tickets, hit 0.277 (fair 0.241), avg +251, roi -0.056 z -0.75 | old 208 -0.082 | new 229 -0.031
 WTA b365 parlay cap -150 [model+2%]: 65 tickets, hit 0.077 (fair 0.160), avg +427, roi -0.586 z -3.26 | old 9 -1.000 | new 56 -0.519
 WTA b365 parlay cap -200 [model+2%]: 389 tickets, hit 0.162 (fair 0.198), avg +326, roi -0.306 z -3.79 | old 128 -0.361 | new 261 -0.279
 WTA b365 parlay cap -300 [model+2%]: 666 tickets, hit 0.219 (fair 0.233), avg +267, roi -0.233 z -4.06 | old 238 -0.318 | new 428 -0.185
 tests at n300+: 266 straight, 28 parlay; expected by luck 0.062 + 0.751
 passed the bar: ['atp|b365|blend+2%|parlay -300'] · proven (not luck-sized): none
 VERDICT: NOT LUCRATIVE (a pass that looks like luck). atp|b365|blend+2%|parlay -300 (n 346, roi +0.034, profit z +0.39) clears the bar, but its profit z is under 2 and 0.81 passes were expected by luck alone. Nothing to act on. Research only.
✅ tennis heavy favorites: 11s · proven: {"proven": []}
study run done in 364s: 20/20 studies ok
✅ underdogs + favorites: 3s · proven: {"nfl": [], "nfl price check": false, "ncaaf": [], "ncaaf price check": false, "nba": [], "nba price check": false, "ncaab": [], "ncaab price check": true, "mlb": [], "mlb price check": false, "nhl": [], "nhl price check": true}
✅ over/unders: 12s · proven: {"nfl": true, "ncaaf": false, "nba": false, "ncaab": true, "mlb": false, "nhl": false}
✅ hockey: 18s · proven: null
✅ spread vs moneyline: 12s · proven: {"nfl": true, "ncaaf": false, "nba": false, "ncaab": false}
✅ puck lines / run lines: 6s · proven: null
✅ halves / first period: 2s · proven: null
✅ comebacks: 196s · proven: null
✅ trends: 11s · proven: {"proven": ["ncaab|rate|fav_cover", "ncaaf|rate|total"]}
✅ rigged / fade the public: 1s · proven: {"proven": []}
✅ self-check on our picks: 0s · proven: null
✅ situational spots: 18s · proven: {"nfl": [], "ncaaf": [], "nba": [], "ncaab": [], "mlb": [], "nhl": []}
✅ line movement + CLV: 3s · proven: {"proven": []}
✅ our engine vs the move (can it beat the pros?): 5s · proven: {"proven": []}
✅ the engine's strengths, sport by sport: 6s · proven: {"proven": ["ncaaf", "nba"]}
THE CONTEXT STUDY: 586 tests with 300+ bets; bar z >= 3.5 + profit in both halves. Luck alone: ~0.136 false positives expected (fake no-edge results passed 0.0 on average); refs: officials.json loaded
nfl: 2777 games · proven - · confirmed - · killed -
   ref_home-|spread|dog         n=   444 roi old +0.016 new +0.117 edge +0.0568 z=+1.46
   div|spread|dog               n=   779 roi old +0.028 new +0.038 edge +0.0395 z=+0.96
   any:out_dome|total|over      n=   463 roi old +0.053 new +0.029 edge +0.0443 z=+0.92
   out_dome|ml|team             n=   451 roi old +0.116 new -0.029 edge +0.0397 z=+0.73
   any:dome_out|total|under     n=   459 roi old +0.010 new +0.039 edge +0.0361 z=+0.55
   nonconf|total|under          n=   571 roi old +0.061 new -0.024 edge +0.0326 z=+0.46
ncaaf: 9697 games · proven - · confirmed - · killed -
   any:east1000|total|under     n=   462 roi old +0.059 new +0.098 edge +0.0650 z=+1.78
   rival|total|under            n=   304 roi old +0.079 new +0.064 edge +0.0624 z=+1.32
   rival|spread|road            n=   302 roi old +0.011 new +0.124 edge +0.0593 z=+1.24
   west1000|ml|fade             n=   451 roi old -0.031 new +0.127 edge +0.0337 z=+0.78
   trip1000|ml|fade             n=   899 roi old -0.027 new +0.074 edge +0.0176 z=+0.55
   west1000|spread|fade         n=   439 roi old -0.044 new +0.084 edge +0.0347 z=+0.45
nba: 12852 games · proven - · confirmed - · killed -
   any:rest|total|over          n=   328 roi old +0.140 new +0.105 edge +0.0881 z=+2.36
   ref_under|ml|road            n=   403 roi old +0.116 new +0.234 edge +0.0761 z=+2.29
   any:tank|total|over          n=   584 roi old +0.006 new +0.124 edge +0.0581 z=+1.66
   any:elim|total|over          n=   664 roi old -0.017 new +0.110 edge +0.0481 z=+1.26
   ref_under|ml|dog             n=   400 roi old +0.064 new +0.127 edge +0.0431 z=+1.13
   tank|spread|fade             n=   527 roi old +0.032 new +0.050 edge +0.0445 z=+0.99
ncaab: 58494 games · proven - · confirmed - · killed -
   ref_under|total|under        n=  2506 roi old +0.032 new +0.064 edge +0.0488 z=+2.54
   ref_over|total|over          n=  1492 roi old +0.065 new +0.022 edge +0.0467 z=+1.77
   road3in6|spread|team         n=   481 roi old +0.019 new +0.048 edge +0.0411 z=+0.76
   rival|spread|home            n=   368 roi old +0.130 new -0.055 edge +0.0435 z=+0.76
   rival|total|under            n=   371 roi old +0.084 new -0.042 edge +0.0342 z=+0.41
   rival|ml|home                n=   374 roi old +0.054 new -0.025 edge +0.0330 z=+0.30
mlb: 23247 games · proven - · confirmed - · killed -
   trip2000|ml|fade             n=   658 roi old +0.089 new -0.043 edge +0.0265 z=+0.58
   east1000|ml|team             n=  1399 roi old +0.041 new -0.009 edge +0.0244 z=+0.57
   nonconf|ml|road              n=  4275 roi old +0.039 new -0.032 edge +0.0179 z=+0.20
   any:west1000|total|over      n=  1440 roi old -0.022 new +0.026 edge +0.0236 z=+0.07
   trip1000|ml|team             n=  2473 roi old +0.000 new -0.001 edge +0.0163 z=-0.02
   ref_under|total|under        n=  3081 roi old +0.001 new -0.002 edge +0.0220 z=-0.02
nhl: 13239 games · proven - · confirmed - · killed -
   ref_home+|ml|road            n=   489 roi old +0.045 new +0.001 edge +0.0281 z=+0.45
   race|ml|team                 n=  1320 roi old +0.025 new -0.022 edge +0.0237 z=+0.04
   ref_home-|total|under        n=   589 roi old +0.035 new -0.037 edge +0.0231 z=-0.03
   mustwin|ml|team              n=  1228 roi old +0.036 new -0.040 edge +0.0226 z=-0.07
   trip2000|ml|fade             n=   526 roi old -0.017 new -0.002 edge +0.0104 z=-0.21
   any:west1000|total|over      n=  1327 roi old +0.005 new -0.022 edge +0.0197 z=-0.32
✅ context: rivalries, travel, domes, stakes, refs: 39s · proven: {"nfl": [], "ncaaf": [], "nba": [], "ncaab": [], "mlb": [], "nhl": []}
✅ early value plays: the early-price exam: 60s · proven: {"proven": ["mlb +8..12 (+100..+149 dogs)"]}
THE EXPLORER: tested 6001 NEW angles (219941 ever) in 48.0s
   new suspects: 0 (luck alone would give ~1.4) · promoted to PROVEN: 0 · killed: 0 · proven demoted: 0
   now watching 1 suspects · 0 proven · 0 killed
   TEAM TRENDS pooled across sports (all games so far; 'follow' = ride the trend, 'fade' = bet against it; the bar: 300+ bets, profit in both halves, z 3.5+):
   1st-quarter form|ml: n=23934 (2018-04-07..2026-09-27) follow hit 62.2% older / 62.9% newer (fair 61.3%, roi -0.024 / -0.026, z -4.07, edge z 4.42) · fade hit 37.8% / 37.1% (roi -0.095 / -0.146, z -12.25) -> no edge
   1st-quarter form|p1ml: n=14233 (2018-09-09..2026-09-27) follow hit 60.6% older / 61.4% newer (fair 59.7%, roi -0.031 / -0.036, z -4.63, edge z 3.32) · fade hit 39.4% / 38.6% (roi -0.083 / -0.117, z -9.09) -> no edge
   1st-quarter form|p1spread: n=14641 (2018-09-09..2026-09-27) follow hit 50.4% older / 50.0% newer (fair 50.0%, roi -0.043 / -0.060, z -6.6, edge z 0.49) · fade hit 49.5% / 50.0% (roi -0.060 / -0.059, z -7.58) -> no edge
   1st-quarter form|spread: n=21353 (2018-10-20..2026-06-14) follow hit 49.8% older / 50.4% newer (fair 50.0%, roi -0.048 / -0.037, z -6.54, edge z 0.27) · fade hit 50.2% / 49.6% (roi -0.042 / -0.051, z -7.09) -> no edge
   O/U streak 4+|total: n=15248 (2018-04-04..2026-10-07) follow hit 49.8% older / 50.7% newer (fair 50.0%, roi -0.050 / -0.030, z -5.21, edge z 0.52) · fade hit 50.2% / 49.2% (roi -0.038 / -0.059, z -6.22) -> no edge
   division record|ml: n=2512 (2018-09-09..2026-10-04) follow hit 64.3% older / 65.5% newer (fair 62.9%, roi +0.015 / -0.012, z 0.09, edge z 2.17) · fade hit 35.7% / 34.5% (roi -0.078 / -0.098, z -3.04) -> no edge
   division record|spread: n=1414 (2018-09-09..2026-10-04) follow hit 50.6% older / 48.7% newer (fair 50.0%, roi -0.031 / -0.070, z -1.99, edge z -0.28) · fade hit 49.4% / 51.3% (roi -0.057 / -0.016, z -1.43) -> no edge
   prime-time record|ml: n=190 (2018-09-17..2026-10-06) follow hit 60.0% older / 62.1% newer (fair 59.9%, roi -0.073 / +0.027, z -0.37, edge z 0.36) · fade hit 40.0% / 37.9% (roi -0.125 / -0.054, z -0.94) -> no edge
   prime-time record|spread: n=188 (2018-09-17..2026-10-06) follow hit 52.1% older / 48.9% newer (fair 50.0%, roi -0.001 / -0.065, z -0.47, edge z 0.15) · fade hit 47.9% / 51.1% (roi -0.080 / -0.027, z -0.76) -> no edge
   road ATS rate|spread: n=10261 (2018-11-04..2026-10-04) follow hit 48.8% older / 48.3% newer (fair 50.0%, roi -0.068 / -0.078, z -7.72, edge z -2.99) · fade hit 51.2% / 51.7% (roi -0.022 / -0.011, z -1.74) -> no edge
   season ATS rate|spread: n=13032 (2018-10-13..2026-04-04) follow hit 48.2% older / 49.1% newer (fair 50.0%, roi -0.079 / -0.062, z -8.4, edge z -3.09) · fade hit 51.8% / 50.9% (roi -0.011 / -0.026, z -2.23) -> no edge
   team ATS streak 3+|spread: n=16486 (2018-09-16..2026-10-04) follow hit 49.2% older / 49.4% newer (fair 50.0%, roi -0.060 / -0.055, z -7.77, edge z -1.78) · fade hit 50.8% / 50.6% (roi -0.029 / -0.033, z -4.22) -> no edge
   team ATS streak 5+|spread: n=4204 (2018-10-06..2026-06-09) follow hit 48.4% older / 48.2% newer (fair 50.0%, roi -0.075 / -0.077, z -5.17, edge z -2.14) · fade hit 51.6% / 51.8% (roi -0.015 / -0.011, z -0.87) -> no edge
✅ the explorer: NEW angles: 49s · proven: {"proven": []}
THE TENNIS EDGE STUDY: 64658 priced matches 2012-01-01 -> 2026-08-03 (older half < 2018-05-27 <= newer half) in 39.0s
   softest segments (a bias learned on the older half that still helps on the newer, mnats/match): WTA rank x10+ +1.15, WTA slam +0.91, WTA round sf+ +0.89, ATP indoor +0.78
   ATP: log loss pin 0.5752 / b365 0.5759 / avg 0.576 · margin pin 0.0253 b365 0.0605
   WTA: log loss pin 0.5903 / b365 0.5912 / avg 0.5908 · margin pin 0.0266 b365 0.0619
   line shop b365 >2% over pinnacle fair: n=4674 roi -0.066 / -0.032 (expected +0.063) edge z=2.68 · beats fair in 14% of matches
   line shop avg >2% over pinnacle fair: n=928 roi -0.164 / -0.045 (expected +0.067) edge z=-0.25 · beats fair in 4% of matches
   line shop max >2% over pinnacle fair: n=30043 roi +0.016 / +0.023 (expected +0.069) edge z=2.42 · beats fair in 73% of matches
   model vs market, newer half: pinnacle 0.597 · elo 0.6295 · model 0.6262 · blend 0.5969 (+0.100 mnats, z 1.07)
   bovada: 281 closing lines, margin 0.0452, 0 matched to pinnacle, 174 graded
   names -> ESPN ids: 0.8856 of 1556 names since ESPN's history (by tour {'atp': 0.9195, 'wta': 0.8534}), 0.9386 of match sides · birth dates for 0.9385 of sides (2808 bios on file)
   life atoms (122 read-outs at pinnacle): wta|pin|yvv:vet n=1818 roi +0.020 / -0.095 z 1.53 / -1.45, wta|pin|age:teen n=4296 roi +0.006 / +0.007 z 1.07 / 1.99, wta|pin|tvv:vet n=483 roi +0.046 / -0.126 z 0.51 / -1.2, atp|pin|age:teen n=2324 roi +0.015 / +0.006 z 0.28 / 1.94
   registry: tested 3302 new angles (116456 ever) · new suspects 0 · promoted 0 · killed 0 · luck would give ~27.09 suspects / 0.6163 proven ever
   fixed tests: 543 this run, 1 pass the bar (luck ~0.252)
   PASSES price 90-100% wta at max: n=1231 roi +0.012 / +0.029 z=3.87 (NOT a gettable price)
   closest angle: wta|b365|agegap:even&bigx:less&p:35-50 n=992 roi +0.104 / +0.006 z older 2.66 all 2.68
   closest angle: wta|pin|agegap:even&bigx:less&p:35-50 n=995 roi +0.149 / +0.030 z older 2.62 all 2.61
   closest angle: wta|b365|agegap:-8&ork:31-100&p:35-50 n=418 roi +0.172 / +0.140 z older 2.6 all 3.85
   closest fixed: line shop b365 all fav gap>0% n=2020 roi +0.044 / +0.008 z=4.48
   closest fixed: line shop b365 atp fav gap>0% n=970 roi +0.067 / +0.007 z=3.45
   closest fixed: line shop b365 wta fav gap>0% n=1050 roi +0.026 / +0.010 z=2.9
   PROVEN: ['wta|avg|age:vet&agegap:+8&p:65-80', 'wta|pin|age:vet&agegap:+8&p:65-80']
✅ tennis edge: 39s · proven: {"proven": ["wta|avg|age:vet&agegap:+8&p:65-80", "wta|pin|age:vet&agegap:+8&p:65-80"]}
first set ATP: 32132 matches, implied log loss 0.62855 (match chance as set-1 chance 0.63577, coin 0.69315)
  crew overperformance: closest >= 0.05: n 19692, hit 0.5266 vs implied 0.5218, z 1.41 (vs recalibrated 0.73), ROI -0.0502 (older -0.0615, newer -0.0399) - z 1.41 < 3.5; older ROI -0.0615 <= 0; newer ROI -0.0399 <= 0
  crew raw_rate: closest >= 0.10: n 15498, hit 0.6247 vs implied 0.608, z 4.4 (vs recalibrated 1.16), ROI -0.0269 (older -0.0388, newer -0.016) - older ROI -0.0388 <= 0; newer ROI -0.016 <= 0
first set WTA: 32523 matches, implied log loss 0.62585 (match chance as set-1 chance 0.62643, coin 0.69315)
  crew overperformance: closest >= 0.15: n 8372, hit 0.5631 vs implied 0.549, z 2.69 (vs recalibrated 1.03), ROI -0.0357 (older -0.0422, newer -0.0286) - z 2.69 < 3.5; older ROI -0.0422 <= 0; newer ROI -0.0286 <= 0
  crew raw_rate: closest >= 0.20: n 8256, hit 0.6662 vs implied 0.638, z 5.49 (vs recalibrated 0.74), ROI -0.0109 (older -0.0057, newer -0.0164) - older ROI -0.0057 <= 0; newer ROI -0.0164 <= 0
first set real Bovada lines: 0 captured, 0 matched (test runs at 300) · 4.6s
✅ tennis first set: 5s · proven: {"proven": []}
HEAVY TENNIS FAVORITES (research only): 64658 priced matches 2012-01-01 -> 2026-01-14, split 2018-05-27, 53807 rated
 ATP pin straights [all]
    -101..-150: n  7563 win 0.541 fair 0.547 roi -0.035 z_edge -1.02 | old n 3291 roi -0.035 | new n 4272 roi -0.036
    -151..-200: n  6518 win 0.604 fair 0.619 roi -0.048 z_edge -2.43 | old n 2813 roi -0.043 | new n 3705 roi -0.052
    -201..-300: n  6514 win 0.698 fair 0.691 roi -0.014 z_edge +1.31 | old n 3112 roi -0.020 | new n 3402 roi -0.009
    -301..-500: n  5611 win 0.784 fair 0.771 roi -0.007 z_edge +2.42 | old n 2841 roi +0.006 | new n 2770 roi -0.020
         -500+: n  5778 win 0.896 fair 0.884 roi -0.009 z_edge +3.26 | old n 3246 roi -0.009 | new n 2532 roi -0.009
 ATP pin straights [blend+2%]
    -101..-150: n   116 win 0.560 fair 0.552 roi -0.012 z_edge +0.19 | old n 69 roi +0.043 | new n 47 roi -0.092
    -151..-200: n   207 win 0.551 fair 0.620 roi -0.134 z_edge -1.99 | old n 129 roi -0.072 | new n 78 roi -0.235
    -201..-300: n   233 win 0.717 fair 0.691 roi +0.011 z_edge +0.87 | old n 161 roi +0.017 | new n 72 roi -0.001
    -301..-500: n   173 win 0.775 fair 0.771 roi -0.021 z_edge +0.10 | old n 132 roi -0.014 | new n 41 roi -0.043
         -500+: n    35 win 0.914 fair 0.841 roi +0.060 z_edge +1.51 | old n 30 roi +0.083 | new n 5 roi -0.074
 ATP pin straights [model+2%]
    -101..-150: n  2343 win 0.527 fair 0.545 roi -0.055 z_edge -1.74 | old n 975 roi -0.042 | new n 1368 roi -0.065
    -151..-200: n  1544 win 0.589 fair 0.617 roi -0.068 z_edge -2.19 | old n 591 roi -0.076 | new n 953 roi -0.064
    -201..-300: n  1220 win 0.686 fair 0.689 roi -0.027 z_edge -0.20 | old n 461 roi -0.022 | new n 759 roi -0.030
    -301..-500: n   696 win 0.783 fair 0.768 roi -0.004 z_edge +0.99 | old n 274 roi +0.010 | new n 422 roi -0.014
         -500+: n   345 win 0.870 fair 0.868 roi -0.022 z_edge +0.10 | old n 126 roi +0.003 | new n 219 roi -0.037
 ATP b365 straights [all]
    -101..-150: n  4071 win 0.529 fair 0.539 roi -0.078 z_edge -1.38 | old n 1278 roi -0.087 | new n 2793 roi -0.074
    -151..-200: n  8140 win 0.585 fair 0.599 roi -0.082 z_edge -2.43 | old n 3777 roi -0.089 | new n 4363 roi -0.076
    -201..-300: n  5979 win 0.676 fair 0.671 roi -0.052 z_edge +0.88 | old n 2913 roi -0.066 | new n 3066 roi -0.040
    -301..-500: n  6606 win 0.761 fair 0.748 roi -0.038 z_edge +2.53 | old n 3213 roi -0.038 | new n 3393 roi -0.037
         -500+: n  6547 win 0.885 fair 0.864 roi -0.027 z_edge +5.31 | old n 3868 roi -0.030 | new n 2679 roi -0.023
 ATP b365 straights [blend+2%]
    -101..-150: n   649 win 0.508 fair 0.539 roi -0.113 z_edge -1.56 | old n 189 roi -0.091 | new n 460 roi -0.122
    -151..-200: n  1317 win 0.616 fair 0.598 roi -0.033 z_edge +1.30 | old n 569 roi -0.066 | new n 748 roi -0.007
    -201..-300: n  1263 win 0.710 fair 0.671 roi -0.005 z_edge +3.07 | old n 649 roi -0.000 | new n 614 roi -0.011
    -301..-500: n  1607 win 0.779 fair 0.751 roi -0.020 z_edge +2.69 | old n 785 roi -0.021 | new n 822 roi -0.019
         -500+: n  1659 win 0.882 fair 0.850 roi -0.017 z_edge +4.13 | old n 895 roi -0.021 | new n 764 roi -0.012
 ATP b365 straights [model+2%]
    -101..-150: n  1242 win 0.510 fair 0.538 roi -0.108 z_edge -2.01 | old n 385 roi -0.108 | new n 857 roi -0.108
    -151..-200: n  2075 win 0.571 fair 0.598 roi -0.103 z_edge -2.46 | old n 865 roi -0.139 | new n 1210 roi -0.077
    -201..-300: n  1161 win 0.677 fair 0.670 roi -0.050 z_edge +0.49 | old n 468 roi -0.041 | new n 693 roi -0.056
    -301..-500: n  1028 win 0.743 fair 0.746 roi -0.057 z_edge -0.18 | old n 404 roi -0.071 | new n 624 roi -0.048
         -500+: n   573 win 0.843 fair 0.850 roi -0.061 z_edge -0.48 | old n 229 roi -0.058 | new n 344 roi -0.063
 WTA pin straights [all]
    -101..-150: n  8256 win 0.534 fair 0.545 roi -0.047 z_edge -2.12 | old n 3924 roi -0.047 | new n 4332 roi -0.046
    -151..-200: n  6885 win 0.617 fair 0.618 roi -0.027 z_edge -0.15 | old n 3194 roi -0.029 | new n 3691 roi -0.025
    -201..-300: n  6803 win 0.694 fair 0.690 roi -0.020 z_edge +0.77 | old n 3338 roi -0.022 | new n 3465 roi -0.018
    -301..-500: n  5806 win 0.772 fair 0.769 roi -0.023 z_edge +0.48 | old n 2800 roi -0.024 | new n 3006 roi -0.022
         -500+: n  4649 win 0.892 fair 0.873 roi -0.005 z_edge +4.20 | old n 2399 roi -0.010 | new n 2250 roi +0.001
 WTA pin straights [blend+2%]
    -101..-150: n   156 win 0.545 fair 0.551 roi -0.033 z_edge -0.15 | old n 79 roi -0.176 | new n 77 roi +0.113
    -151..-200: n   219 win 0.676 fair 0.617 roi +0.066 z_edge +1.87 | old n 122 roi +0.049 | new n 97 roi +0.089
    -201..-300: n   271 win 0.727 fair 0.690 roi +0.028 z_edge +1.37 | old n 194 roi -0.005 | new n 77 roi +0.109
    -301..-500: n   209 win 0.794 fair 0.763 roi +0.013 z_edge +1.11 | old n 128 roi +0.033 | new n 81 roi -0.020
         -500+: n    36 win 0.861 fair 0.831 roi +0.010 z_edge +0.52 | old n 25 roi -0.018 | new n 11 roi +0.073
 WTA pin straights [model+2%]
    -101..-150: n  2537 win 0.527 fair 0.544 roi -0.057 z_edge -1.73 | old n 1079 roi -0.079 | new n 1458 roi -0.041
    -151..-200: n  1628 win 0.591 fair 0.617 roi -0.068 z_edge -2.16 | old n 601 roi -0.042 | new n 1027 roi -0.084
    -201..-300: n  1219 win 0.699 fair 0.688 roi -0.010 z_edge +0.85 | old n 449 roi -0.018 | new n 770 roi -0.005
    -301..-500: n   737 win 0.786 fair 0.765 roi -0.001 z_edge +1.35 | old n 241 roi +0.031 | new n 496 roi -0.017
         -500+: n   246 win 0.911 fair 0.854 roi +0.039 z_edge +3.13 | old n 91 roi -0.002 | new n 155 roi +0.064
 WTA b365 straights [all]
    -101..-150: n  4354 win 0.519 fair 0.539 roi -0.094 z_edge -2.61 | old n 1541 roi -0.097 | new n 2813 roi -0.093
    -151..-200: n  8799 win 0.594 fair 0.598 roi -0.068 z_edge -0.85 | old n 4404 roi -0.084 | new n 4395 roi -0.052
    -201..-300: n  6169 win 0.676 fair 0.671 roi -0.053 z_edge +0.82 | old n 3041 roi -0.056 | new n 3128 roi -0.051
    -301..-500: n  6726 win 0.754 fair 0.748 roi -0.048 z_edge +1.13 | old n 3280 roi -0.061 | new n 3446 roi -0.035
         -500+: n  5470 win 0.878 fair 0.854 roi -0.026 z_edge +5.44 | old n 2984 roi -0.035 | new n 2486 roi -0.016
 WTA b365 straights [blend+2%]
    -101..-150: n   715 win 0.568 fair 0.539 roi -0.009 z_edge +1.53 | old n 249 roi -0.102 | new n 466 roi +0.041
    -151..-200: n  1601 win 0.621 fair 0.600 roi -0.028 z_edge +1.73 | old n 781 roi -0.064 | new n 820 roi +0.006
    -201..-300: n  1404 win 0.702 fair 0.670 roi -0.017 z_edge +2.54 | old n 755 roi -0.006 | new n 649 roi -0.029
    -301..-500: n  1586 win 0.772 fair 0.750 roi -0.027 z_edge +2.19 | old n 811 roi -0.048 | new n 775 roi -0.005
         -500+: n  1393 win 0.877 fair 0.846 roi -0.020 z_edge +3.60 | old n 749 roi -0.020 | new n 644 roi -0.019
 WTA b365 straights [model+2%]
    -101..-150: n  1375 win 0.520 fair 0.539 roi -0.093 z_edge -1.42 | old n 438 roi -0.127 | new n 937 roi -0.077
    -151..-200: n  2181 win 0.577 fair 0.598 roi -0.093 z_edge -1.92 | old n 888 roi -0.096 | new n 1293 roi -0.090
    -201..-300: n  1229 win 0.679 fair 0.670 roi -0.047 z_edge +0.68 | old n 472 roi -0.037 | new n 757 roi -0.054
    -301..-500: n  1018 win 0.746 fair 0.745 roi -0.054 z_edge +0.03 | old n 354 roi -0.071 | new n 664 roi -0.045
         -500+: n   429 win 0.897 fair 0.840 roi +0.011 z_edge +3.94 | old n 171 roi -0.024 | new n 258 roi +0.034
 ATP pin parlay cap -150 [all]: 1224 tickets, hit 0.166 (fair 0.171), avg +444, roi -0.111 z -1.94 | old 529 -0.073 | new 695 -0.141
 ATP pin parlay cap -200 [all]: 2097 tickets, hit 0.211 (fair 0.222), avg +325, roi -0.114 z -3.02 | old 946 -0.141 | new 1151 -0.092
 ATP pin parlay cap -300 [all]: 2501 tickets, hit 0.304 (fair 0.295), avg +225, roi -0.049 z -1.66 | old 1164 -0.055 | new 1337 -0.043
 ATP pin parlay cap -200 [blend+2%]: 6 tickets, hit 0.000 (fair 0.211), avg +341, roi -1.000 z +0.00 | old 3 -1.000 | new 3 -1.000
 ATP pin parlay cap -300 [blend+2%]: 18 tickets, hit 0.167 (fair 0.260), avg +265, roi -0.481 z -1.70 | old 8 -0.202 | new 10 -0.705
 ATP pin parlay cap -150 [model+2%]: 187 tickets, hit 0.150 (fair 0.163), avg +472, roi -0.157 z -1.06 | old 70 -0.378 | new 117 -0.025
 ATP pin parlay cap -200 [model+2%]: 507 tickets, hit 0.175 (fair 0.199), avg +373, roi -0.186 z -2.35 | old 185 -0.318 | new 322 -0.111
 ATP pin parlay cap -300 [model+2%]: 765 tickets, hit 0.224 (fair 0.236), avg +308, roi -0.128 z -2.13 | old 296 -0.149 | new 469 -0.115
 ATP b365 parlay cap -150 [all]: 498 tickets, hit 0.112 (fair 0.162), avg +418, roi -0.422 z -5.79 | old 105 -0.495 | new 393 -0.403
 ATP b365 parlay cap -200 [all]: 1909 tickets, hit 0.195 (fair 0.213), avg +294, roi -0.239 z -6.72 | old 818 -0.301 | new 1091 -0.193
 ATP b365 parlay cap -300 [all]: 2394 tickets, hit 0.273 (fair 0.271), avg +216, roi -0.176 z -6.31 | old 1103 -0.221 | new 1291 -0.137
 ATP b365 parlay cap -150 [blend+2%]: 9 tickets, hit 0.222 (fair 0.166), avg +413, roi +0.128 z +0.17 | old 1 +4.325 | new 8 -0.397
 ATP b365 parlay cap -200 [blend+2%]: 141 tickets, hit 0.270 (fair 0.197), avg +329, roi +0.133 z +0.83 | old 35 +0.169 | new 106 +0.121
 ATP b365 parlay cap -300 [blend+2%]: 346 tickets, hit 0.303 (fair 0.242), avg +252, roi +0.034 z +0.39 | old 141 +0.030 | new 205 +0.037
 ATP b365 parlay cap -150 [model+2%]: 49 tickets, hit 0.102 (fair 0.159), avg +430, roi -0.467 z -2.04 | old 4 +0.331 | new 45 -0.538
 ATP b365 parlay cap -200 [model+2%]: 390 tickets, hit 0.197 (fair 0.198), avg +324, roi -0.192 z -2.32 | old 127 -0.262 | new 263 -0.159
 ATP b365 parlay cap -300 [model+2%]: 631 tickets, hit 0.224 (fair 0.230), avg +271, roi -0.206 z -3.45 | old 218 -0.242 | new 413 -0.187
 WTA pin parlay cap -150 [all]: 1308 tickets, hit 0.161 (fair 0.170), avg +445, roi -0.126 z -2.28 | old 602 -0.151 | new 706 -0.105
 WTA pin parlay cap -200 [all]: 2270 tickets, hit 0.207 (fair 0.220), avg +328, roi -0.134 z -3.71 | old 1043 -0.135 | new 1227 -0.133
 WTA pin parlay cap -300 [all]: 2680 tickets, hit 0.289 (fair 0.291), avg +230, roi -0.087 z -3.08 | old 1260 -0.082 | new 1420 -0.092
 WTA pin parlay cap -200 [blend+2%]: 5 tickets, hit 0.600 (fair 0.201), avg +362, roi +1.674 z +1.51 | old 2 -1.000 | new 3 +3.457
 WTA pin parlay cap -300 [blend+2%]: 13 tickets, hit 0.538 (fair 0.237), avg +295, roi +1.124 z +1.94 | old 5 +0.394 | new 8 +1.580
 WTA pin parlay cap -150 [model+2%]: 205 tickets, hit 0.112 (fair 0.163), avg +468, roi -0.367 z -2.94 | old 86 -0.412 | new 119 -0.335
 WTA pin parlay cap -200 [model+2%]: 543 tickets, hit 0.160 (fair 0.197), avg +377, roi -0.236 z -3.11 | old 205 -0.242 | new 338 -0.232
 WTA pin parlay cap -300 [model+2%]: 804 tickets, hit 0.224 (fair 0.238), avg +305, roi -0.148 z -2.57 | old 301 -0.045 | new 503 -0.210
 WTA b365 parlay cap -150 [all]: 542 tickets, hit 0.120 (fair 0.161), avg +419, roi -0.376 z -5.16 | old 151 -0.519 | new 391 -0.321
 WTA b365 parlay cap -200 [all]: 2061 tickets, hit 0.190 (fair 0.213), avg +295, roi -0.259 z -7.66 | old 935 -0.269 | new 1126 -0.251
 WTA b365 parlay cap -300 [all]: 2541 tickets, hit 0.269 (fair 0.270), avg +217, roi -0.171 z -6.20 | old 1181 -0.192 | new 1360 -0.152
 WTA b365 parlay cap -150 [blend+2%]: 7 tickets, hit 0.143 (fair 0.157), avg +435, roi -0.204 z -0.26 | old 2 -1.000 | new 5 +0.115
 WTA b365 parlay cap -200 [blend+2%]: 170 tickets, hit 0.212 (fair 0.201), avg +315, roi -0.128 z -0.98 | old 75 -0.231 | new 95 -0.045
 WTA b365 parlay cap -300 [blend+2%]: 437 tickets, hit 0.277 (fair 0.241), avg +251, roi -0.056 z -0.75 | old 208 -0.082 | new 229 -0.031
 WTA b365 parlay cap -150 [model+2%]: 65 tickets, hit 0.077 (fair 0.160), avg +427, roi -0.586 z -3.26 | old 9 -1.000 | new 56 -0.519
 WTA b365 parlay cap -200 [model+2%]: 389 tickets, hit 0.162 (fair 0.198), avg +326, roi -0.306 z -3.79 | old 128 -0.361 | new 261 -0.279
 WTA b365 parlay cap -300 [model+2%]: 666 tickets, hit 0.219 (fair 0.233), avg +267, roi -0.233 z -4.06 | old 238 -0.318 | new 428 -0.185
 tests at n300+: 266 straight, 28 parlay; expected by luck 0.062 + 0.751
 passed the bar: ['atp|b365|blend+2%|parlay -300'] · proven (not luck-sized): none
 VERDICT: NOT LUCRATIVE (a pass that looks like luck). atp|b365|blend+2%|parlay -300 (n 346, roi +0.034, profit z +0.39) clears the bar, but its profit z is under 2 and 0.81 passes were expected by luck alone. Nothing to act on. Research only.
✅ tennis heavy favorites: 15s · proven: {"proven": []}
study run done in 499s: 20/20 studies ok
