  skip TRX: HTTP Error 400: Bad Request
[2026-09-25 20:59 UTC] trend     equity $497.30 (-0.5%)  cash $50.00
   LTC    2.09526 @ 71.2322 -> 71.161 (-0.1%) stop 68.3067
   LINK   10.7685 @ 13.8598 -> 13.846 (-0.1%) stop 13.2862
   AAVE   0.981192 @ 152.111 -> 151.959 (-0.1%) stop 145.349
   >> BUY LTC $149.25 (entry)
   >> BUY LINK $149.25 (entry)
   >> BUY AAVE $149.25 (entry)
[2026-09-25 20:59 UTC] breakout  equity $500.00 (+0.0%)  cash $500.00
   [alert] crypto/momentum: BUY NEAR: BUY $112.05 of NEAR @ 5.08608 (entry)
   [alert] crypto/momentum: BUY SUI: BUY $112.05 of SUI @ 1.15999 (entry)
   [alert] crypto/momentum: BUY LTC: BUY $112.05 of LTC @ 70.9098 (entry)
   [alert] crypto/momentum: BUY AVAX: BUY $112.05 of AVAX @ 10.4284 (entry)
[2026-09-25 21:07 UTC] crypto/momentum  equity $497.75 (-0.4%) 4 open  market UP
[2026-09-25 21:07 UTC] crypto/trend     equity $495.43 (-0.9%) 3 open  market UP
[2026-09-25 21:07 UTC] crypto/breakout  equity $500.00 (+0.0%) 0 open  market UP
[2026-09-25 21:12 UTC] crypto/momentum  equity $498.18 (-0.4%) 4 open  market UP
[2026-09-25 21:12 UTC] crypto/trend     equity $495.71 (-0.9%) 3 open  market UP
[2026-09-25 21:12 UTC] crypto/breakout  equity $500.00 (+0.0%) 0 open  market UP
[2026-09-25 21:16 UTC] crypto/momentum  equity $497.64 (-0.5%) 4 open  market UP
[2026-09-25 21:16 UTC] crypto/trend     equity $495.32 (-0.9%) 3 open  market UP
[2026-09-25 21:16 UTC] crypto/breakout  equity $500.00 (+0.0%) 0 open  market UP
   >> crypto/breakout10: BUY $224.10 of NEAR @ 5.04604 (entry)
   >> crypto/breakout10: BUY $224.10 of SUI @ 1.15498 (entry)
[2026-09-25 21:20 UTC] crypto/breakout10 equity $497.75 (-0.4%) 2 open  market UP
[2026-09-25 21:20 UTC] crypto/momentum  equity $496.45 (-0.7%) 4 open  market UP
[2026-09-25 21:20 UTC] crypto/breakout  equity $500.00 (+0.0%) 0 open  market UP
   >> crypto/hold_btc: BUY $448.20 of BTC @ 83726 (entry)
[2026-09-25 21:20 UTC] crypto/hold_btc  equity $497.75 (-0.4%) 1 open  market UP
[2026-09-25 21:26 UTC] crypto/breakout10 equity $493.69 (-1.3%) 2 open  market UP
[2026-09-25 21:26 UTC] crypto/momentum  equity $494.67 (-1.1%) 4 open  market UP
[2026-09-25 21:26 UTC] crypto/breakout  equity $500.00 (+0.0%) 0 open  market UP
[2026-09-25 21:26 UTC] crypto/hold_btc  equity $498.23 (-0.4%) 1 open  market UP
[2026-09-25 21:29 UTC] crypto/breakout10 equity $495.98 (-0.8%) 2 open  market UP
[2026-09-25 21:29 UTC] crypto/momentum  equity $496.67 (-0.7%) 4 open  market UP
[2026-09-25 21:29 UTC] crypto/breakout  equity $500.00 (+0.0%) 0 open  market UP
[2026-09-25 21:29 UTC] crypto/hold_btc  equity $498.44 (-0.3%) 1 open  market UP
[2026-09-25 21:33 UTC] crypto/breakout10 equity $492.47 (-1.5%) 2 open  market UP
[2026-09-25 21:33 UTC] crypto/momentum  equity $494.31 (-1.1%) 4 open  market UP
[2026-09-25 21:33 UTC] crypto/breakout  equity $500.00 (+0.0%) 0 open  market UP
[2026-09-25 21:33 UTC] crypto/hold_btc  equity $498.46 (-0.3%) 1 open  market UP
[2026-09-25 21:50 UTC] crypto/breakout10 equity $493.05 (-1.4%) 2 open  market UP
[2026-09-25 21:50 UTC] crypto/momentum  equity $494.68 (-1.1%) 4 open  market UP
[2026-09-25 21:50 UTC] crypto/breakout  equity $500.00 (+0.0%) 0 open  market UP
[2026-09-25 21:50 UTC] crypto/hold_btc  equity $498.94 (-0.2%) 1 open  market UP
[2026-09-25 21:54 UTC] crypto/breakout10 equity $493.08 (-1.4%) 2 open  market UP
[2026-09-25 21:54 UTC] crypto/momentum  equity $494.49 (-1.1%) 4 open  market UP
[2026-09-25 21:54 UTC] crypto/breakout  equity $500.00 (+0.0%) 0 open  market UP
[2026-09-25 21:54 UTC] crypto/hold_btc  equity $498.79 (-0.2%) 1 open  market UP
[2026-09-25 21:56 UTC] crypto/breakout10 equity $492.83 (-1.4%) 2 open  market UP
[2026-09-25 21:56 UTC] crypto/momentum  equity $494.37 (-1.1%) 4 open  market UP
[2026-09-25 21:56 UTC] crypto/breakout  equity $500.00 (+0.0%) 0 open  market UP
[2026-09-25 21:56 UTC] crypto/hold_btc  equity $498.80 (-0.2%) 1 open  market UP
[2026-09-25 22:01 UTC] crypto/breakout10 equity $492.90 (-1.4%) 2 open  market UP
[2026-09-25 22:01 UTC] crypto/momentum  equity $494.37 (-1.1%) 4 open  market UP
[2026-09-25 22:01 UTC] crypto/breakout  equity $500.00 (+0.0%) 0 open  market UP
[2026-09-25 22:01 UTC] crypto/hold_btc  equity $498.48 (-0.3%) 1 open  market UP
   [alert] Today -7.10 | Total -7.10: Crypto: $492.90  today -7.10  total -7.10
Stocks: $500.00  today +0.00  total +0.00
[2026-09-25 22:06 UTC] crypto/early_mover equity $500.00 (+0.0%) 0 open  market UP
[2026-09-25 22:06 UTC] crypto/breakout10 equity $497.19 (-0.6%) 2 open  market UP
[2026-09-25 22:06 UTC] crypto/momentum  equity $497.52 (-0.5%) 4 open  market UP
[2026-09-25 22:06 UTC] crypto/breakout  equity $500.00 (+0.0%) 0 open  market UP
[2026-09-25 22:06 UTC] crypto/hold_btc  equity $498.83 (-0.2%) 1 open  market UP
[2026-09-25 22:10 UTC] crypto/early_mover equity $500.00 (+0.0%) 0 open  market UP
[2026-09-25 22:10 UTC] crypto/breakout10 equity $498.09 (-0.4%) 2 open  market UP
[2026-09-25 22:10 UTC] crypto/momentum  equity $498.48 (-0.3%) 4 open  market UP
[2026-09-25 22:10 UTC] crypto/breakout  equity $500.00 (+0.0%) 0 open  market UP
[2026-09-25 22:10 UTC] crypto/hold_btc  equity $499.05 (-0.2%) 1 open  market UP
[2026-09-25 22:15 UTC] crypto/early_mover equity $500.00 (+0.0%) 0 open  market UP
[2026-09-25 22:15 UTC] crypto/breakout10 equity $499.40 (-0.1%) 2 open  market UP
[2026-09-25 22:15 UTC] crypto/momentum  equity $500.01 (+0.0%) 4 open  market UP
[2026-09-25 22:15 UTC] crypto/breakout  equity $500.00 (+0.0%) 0 open  market UP
[2026-09-25 22:15 UTC] crypto/hold_btc  equity $499.28 (-0.1%) 1 open  market UP
[2026-09-25 22:26 UTC] crypto/early_mover equity $500.00 (+0.0%) 0 open  market UP
[2026-09-25 22:26 UTC] crypto/chaser    equity $500.00 (+0.0%) 0 open  market UP
[2026-09-25 22:26 UTC] crypto/breakout10 equity $501.61 (+0.3%) 2 open  market UP
[2026-09-25 22:26 UTC] crypto/momentum  equity $502.18 (+0.4%) 4 open  market UP
[2026-09-25 22:26 UTC] crypto/breakout  equity $500.00 (+0.0%) 0 open  market UP
[2026-09-25 22:26 UTC] crypto/hold_btc  equity $499.44 (-0.1%) 1 open  market UP
[2026-09-25 22:29 UTC] crypto/early_mover equity $500.00 (+0.0%) 0 open  market UP
[2026-09-25 22:29 UTC] crypto/chaser    equity $500.00 (+0.0%) 0 open  market UP
[2026-09-25 22:29 UTC] crypto/breakout10 equity $500.74 (+0.1%) 2 open  market UP
[2026-09-25 22:29 UTC] crypto/momentum  equity $501.62 (+0.3%) 4 open  market UP
[2026-09-25 22:29 UTC] crypto/breakout  equity $500.00 (+0.0%) 0 open  market UP
[2026-09-25 22:29 UTC] crypto/hold_btc  equity $499.48 (-0.1%) 1 open  market UP
   social: reddit/CryptoMoonShots HTTP 403  (retry in 15 min)
   social: reddit/SatoshiStreetBets HTTP 403  (retry in 15 min)
   social: reddit/CryptoCurrency HTTP 403  (retry in 15 min)
   social: reddit/memecoins HTTP 403  (retry in 15 min)
   social self-check: coingecko 200 | reddit/CryptoMoonShots 403 | reddit/SatoshiStreetBets 403 | reddit/CryptoCurrency 403 | reddit/memecoins 403 | dexscreener 200 | geckoterminal_5m 200 | geckoterminal_1h 200
[2026-09-25 22:39 UTC] crypto/early_mover equity $500.00 (+0.0%) 0 open  market UP
[2026-09-25 22:39 UTC] crypto/mover     equity $500.00 (+0.0%) 0 open  market UP
[2026-09-25 22:39 UTC] crypto/announce  equity $500.00 (+0.0%) 0 open  market UP
[2026-09-25 22:39 UTC] crypto/chaser    equity $500.00 (+0.0%) 0 open  market UP
[2026-09-25 22:39 UTC] crypto/social_heat equity $500.00 (+0.0%) 0 open  market UP
[2026-09-25 22:39 UTC] crypto/breakout10 equity $501.40 (+0.3%) 2 open  market UP
[2026-09-25 22:39 UTC] crypto/momentum  equity $504.35 (+0.9%) 4 open  market UP
[2026-09-25 22:39 UTC] crypto/breakout  equity $500.00 (+0.0%) 0 open  market UP
[2026-09-25 22:39 UTC] crypto/hold_btc  equity $499.96 (-0.0%) 1 open  market UP
   social heat top: TRUMP 40 (40/0/0), ENA 32 (32/0/0), NEAR 29 (29/0/0), AERO 27 (21/0/6), ONDO 27 (27/0/0)
   social: reddit/CryptoMoonShots HTTP 403  (retry in 15 min)
   social: reddit/SatoshiStreetBets HTTP 403  (retry in 15 min)
   social: reddit/CryptoCurrency HTTP 403  (retry in 15 min)
   social: reddit/memecoins HTTP 403  (retry in 15 min)
   social self-check: coingecko 200 | reddit/CryptoMoonShots 403 | reddit/SatoshiStreetBets 403 | reddit/CryptoCurrency 403 | reddit/memecoins 403 | dexscreener 200 | geckoterminal_5m 200 | geckoterminal_1h 200
[2026-09-25 23:03 UTC] crypto/early_mover equity $500.00 (+0.0%) 0 open  market UP
[2026-09-25 23:03 UTC] crypto/mover     equity $500.00 (+0.0%) 0 open  market UP
[2026-09-25 23:03 UTC] crypto/announce  equity $500.00 (+0.0%) 0 open  market UP
[2026-09-25 23:03 UTC] crypto/chaser    equity $500.00 (+0.0%) 0 open  market UP
[2026-09-25 23:03 UTC] crypto/social_heat equity $500.00 (+0.0%) 0 open  market UP
[2026-09-25 23:03 UTC] crypto/breakout10 equity $500.38 (+0.1%) 2 open  market UP
[2026-09-25 23:03 UTC] crypto/momentum  equity $502.66 (+0.5%) 4 open  market UP
[2026-09-25 23:03 UTC] crypto/breakout  equity $500.00 (+0.0%) 0 open  market UP
[2026-09-25 23:03 UTC] crypto/hold_btc  equity $500.09 (+0.0%) 1 open  market UP
   social heat top: TRUMP 40 (40/0/0), NEAR 37 (37/0/0), ONDO 29 (29/0/0), AERO 28 (21/0/7), ENA 27 (27/0/0)
   social: reddit/CryptoMoonShots HTTP 403  (retry in 15 min)
   social: reddit/SatoshiStreetBets HTTP 403  (retry in 15 min)
   social: reddit/CryptoCurrency HTTP 403  (retry in 15 min)
   social: reddit/memecoins HTTP 403  (retry in 15 min)
   social self-check: coingecko 200 | reddit/CryptoMoonShots 403 | reddit/SatoshiStreetBets 403 | reddit/CryptoCurrency 403 | reddit/memecoins 403 | dexscreener 200 | geckoterminal_5m 200 | geckoterminal_1h 200
[2026-09-25 23:10 UTC] crypto/early_mover equity $500.00 (+0.0%) 0 open  market UP
[2026-09-25 23:10 UTC] crypto/mover     equity $498.63 (-0.3%) 2 open  market UP
[2026-09-25 23:10 UTC] crypto/announce  equity $500.00 (+0.0%) 0 open  market UP
[2026-09-25 23:10 UTC] crypto/chaser    equity $500.00 (+0.0%) 0 open  market UP
[2026-09-25 23:10 UTC] crypto/social_heat equity $500.00 (+0.0%) 0 open  market UP
[2026-09-25 23:10 UTC] crypto/breakout10 equity $504.36 (+0.9%) 2 open  market UP
[2026-09-25 23:10 UTC] crypto/momentum  equity $504.09 (+0.8%) 4 open  market UP
[2026-09-25 23:10 UTC] crypto/breakout  equity $500.00 (+0.0%) 0 open  market UP
[2026-09-25 23:10 UTC] crypto/hold_btc  equity $500.16 (+0.0%) 1 open  market UP
   social heat top: TRUMP 40 (40/0/0), NEAR 32 (32/0/0), AERO 30 (21/0/8), PENGU 29 (29/0/0), ONDO 27 (27/0/0)
   social: reddit/CryptoMoonShots HTTP 403  (retry in 15 min)
   social: reddit/SatoshiStreetBets HTTP 403  (retry in 15 min)
   social: reddit/CryptoCurrency HTTP 403  (retry in 15 min)
   social: reddit/memecoins HTTP 403  (retry in 15 min)
   social self-check: coingecko 200 | reddit/CryptoMoonShots 403 | reddit/SatoshiStreetBets 403 | reddit/CryptoCurrency 403 | reddit/memecoins 403 | dexscreener 200 | geckoterminal_5m 200 | geckoterminal_1h 200
   dex self-check: goplus 200 | honeypot.is 200 | rugcheck 200 | dexscreener 200 | geckoterminal 200
[2026-09-25 23:29 UTC] crypto/early_mover equity $500.00 (+0.0%) 0 open  market UP
[2026-09-25 23:29 UTC] crypto/mover     equity $498.35 (-0.3%) 3 open  market UP
[2026-09-25 23:29 UTC] crypto/announce  equity $500.00 (+0.0%) 0 open  market UP
[2026-09-25 23:29 UTC] crypto/chaser    equity $500.00 (+0.0%) 0 open  market UP
[2026-09-25 23:29 UTC] crypto/social_heat equity $500.00 (+0.0%) 0 open  market UP
[2026-09-25 23:29 UTC] crypto/breakout10 equity $503.13 (+0.6%) 2 open  market UP
[2026-09-25 23:29 UTC] crypto/momentum  equity $504.01 (+0.8%) 4 open  market UP
[2026-09-25 23:29 UTC] crypto/breakout  equity $500.00 (+0.0%) 0 open  market UP
[2026-09-25 23:29 UTC] crypto/hold_btc  equity $500.01 (+0.0%) 1 open  market UP
   social heat top: TRUMP 40 (40/0/0), PENGU 37 (37/0/0), AERO 32 (24/0/8), NEAR 32 (32/0/0), STONK 30 (21/0/8)
   social: reddit/CryptoMoonShots HTTP 403  (retry in 15 min)
   social: reddit/SatoshiStreetBets HTTP 403  (retry in 15 min)
   social: reddit/CryptoCurrency HTTP 403  (retry in 15 min)
   social: reddit/memecoins HTTP 403  (retry in 15 min)
   social self-check: coingecko 200 | reddit/CryptoMoonShots 403 | reddit/SatoshiStreetBets 403 | reddit/CryptoCurrency 403 | reddit/memecoins 403 | dexscreener 200 | geckoterminal_5m 200 | geckoterminal_1h 200
   dex self-check: goplus 200 | honeypot.is 200 | rugcheck 200 | dexscreener 200 | geckoterminal 200
[2026-09-25 23:40 UTC] crypto/early_mover equity $500.00 (+0.0%) 0 open  market UP
[2026-09-25 23:40 UTC] crypto/mover     equity $497.67 (-0.5%) 3 open  market UP
[2026-09-25 23:40 UTC] crypto/announce  equity $500.00 (+0.0%) 0 open  market UP
[2026-09-25 23:40 UTC] crypto/chaser    equity $500.00 (+0.0%) 0 open  market UP
[2026-09-25 23:40 UTC] crypto/social_heat equity $500.00 (+0.0%) 0 open  market UP
[2026-09-25 23:40 UTC] crypto/breakout10 equity $504.03 (+0.8%) 2 open  market UP
[2026-09-25 23:40 UTC] crypto/momentum  equity $504.20 (+0.8%) 4 open  market UP
[2026-09-25 23:40 UTC] crypto/breakout  equity $500.00 (+0.0%) 0 open  market UP
[2026-09-25 23:40 UTC] crypto/hold_btc  equity $500.09 (+0.0%) 1 open  market UP
   social heat top: TRUMP 45 (40/0/5), PENGU 35 (35/0/0), AERO 32 (24/0/8), NEAR 32 (32/0/0), ONDO 29 (29/0/0)
   social: reddit/CryptoMoonShots HTTP 403  (retry in 15 min)
   social: reddit/SatoshiStreetBets HTTP 403  (retry in 15 min)
   social: reddit/CryptoCurrency HTTP 403  (retry in 15 min)
   social: reddit/memecoins HTTP 403  (retry in 15 min)
   social self-check: coingecko 200 | reddit/CryptoMoonShots 403 | reddit/SatoshiStreetBets 403 | reddit/CryptoCurrency 403 | reddit/memecoins 403 | dexscreener 200 | geckoterminal_5m 200 | geckoterminal_1h 200
   dex self-check: goplus 200 | honeypot.is 200 | rugcheck 200 | dexscreener 200 | geckoterminal 200
[2026-09-25 23:44 UTC] crypto/early_mover equity $500.00 (+0.0%) 0 open  market UP
[2026-09-25 23:44 UTC] crypto/mover     equity $497.74 (-0.5%) 3 open  market UP
[2026-09-25 23:44 UTC] crypto/announce  equity $500.00 (+0.0%) 0 open  market UP
[2026-09-25 23:44 UTC] crypto/chaser    equity $500.00 (+0.0%) 0 open  market UP
[2026-09-25 23:44 UTC] crypto/social_heat equity $500.00 (+0.0%) 0 open  market UP
[2026-09-25 23:44 UTC] crypto/breakout10 equity $504.39 (+0.9%) 2 open  market UP
[2026-09-25 23:44 UTC] crypto/momentum  equity $504.45 (+0.9%) 4 open  market UP
[2026-09-25 23:44 UTC] crypto/breakout  equity $500.00 (+0.0%) 0 open  market UP
[2026-09-25 23:44 UTC] crypto/hold_btc  equity $500.02 (+0.0%) 1 open  market UP
   social heat top: TRUMP 45 (40/0/5), PENGU 35 (35/0/0), NEAR 32 (32/0/0), AERO 31 (24/0/7), ONDO 29 (29/0/0)
   footprint: SOL: footprint 3/4 (drift+hikes+rising_lows) 48h +6.1%, 5 volume hikes, 35% quiet hours @ 121.99
   footprint: HBAR: footprint 3/4 (drift+hikes+rising_lows) 48h +5.8%, 4 volume hikes, 8% quiet hours @ 0.095691
   footprint: ARB: footprint 3/4 (drift+quiet+rising_lows) 48h +5.2%, 0 volume hikes, 77% quiet hours @ 0.227348
   scanner: 977 tickers, sample: {'i': 'BTC_USD', 'h': '85262.41', 'l': '83148.75', 'a': '84065.76', 'v': '3610.7059', 'vv': '303416148.80', 'c': '-0.0040', 'b': '84065.75', 'k': '84065.76', 'oi': '0', 't': 1790379851865}
   dex screen: REJECT BONK@solana liq $425,930 - lp holders unknown
   dex screen: REJECT ZAMA@ethereum liq $653,889 - no dexscreener pair
   dex screen: REJECT ALON@solana liq $805,738 - lp locked 0% < 95%
   dex screen: REJECT BP@solana liq $5,640,311 - freeze authority; mint authority; top-10 holders 97%; lp holders unknown
   dex screen: REJECT B3@base liq $863,930 - no dexscreener pair
   dex screen: REJECT GULD@ethereum liq $1,843,219 - no dexscreener pair
   social: reddit/CryptoMoonShots HTTP 403  (retry in 30 min)
   social: reddit/SatoshiStreetBets HTTP 403  (retry in 30 min)
   social: reddit/CryptoCurrency HTTP 403  (retry in 30 min)
   social: reddit/memecoins HTTP 403  (retry in 30 min)
   dex screen: REJECT PROS@base liq $960,779 - no dexscreener pair
[2026-09-26 00:05 UTC] crypto/early_mover equity $500.00 (+0.0%) 0 open  market UP
[2026-09-26 00:05 UTC] crypto/mover     equity $497.36 (-0.5%) 3 open  market UP
[2026-09-26 00:05 UTC] crypto/announce  equity $500.00 (+0.0%) 0 open  market UP
[2026-09-26 00:05 UTC] crypto/chaser    equity $500.00 (+0.0%) 0 open  market UP
[2026-09-26 00:05 UTC] crypto/social_heat equity $500.00 (+0.0%) 0 open  market UP
[2026-09-26 00:05 UTC] crypto/breakout10 equity $500.25 (+0.1%) 2 open  market UP
[2026-09-26 00:05 UTC] crypto/momentum  equity $502.52 (+0.5%) 4 open  market UP
[2026-09-26 00:05 UTC] crypto/breakout  equity $500.00 (+0.0%) 0 open  market UP
[2026-09-26 00:05 UTC] crypto/hold_btc  equity $500.03 (+0.0%) 1 open  market UP
   social heat top: TRUMP 45 (40/0/5), NEAR 35 (35/0/0), ONDO 29 (29/0/0), PENGU 27 (27/0/0), AERO 26 (24/0/2)
   social: reddit/CryptoMoonShots HTTP 403  (retry in 15 min)
   social: reddit/SatoshiStreetBets HTTP 403  (retry in 15 min)
   social: reddit/CryptoCurrency HTTP 403  (retry in 15 min)
   social: reddit/memecoins HTTP 403  (retry in 15 min)
   social self-check: coingecko 200 | reddit/CryptoMoonShots 403 | reddit/SatoshiStreetBets 403 | reddit/CryptoCurrency 403 | reddit/memecoins 403 | dexscreener 200 | geckoterminal_5m 200 | geckoterminal_1h 200
   dex self-check: goplus 200 | honeypot.is 200 | rugcheck 200 | dexscreener 200 | geckoterminal 200
[2026-09-26 02:29 UTC] crypto/early_mover equity $500.00 (+0.0%) 0 open  market UP
[2026-09-26 02:29 UTC] crypto/mover     equity $495.28 (-0.9%) 5 open  market UP
[2026-09-26 02:29 UTC] crypto/announce  equity $500.00 (+0.0%) 0 open  market UP
[2026-09-26 02:29 UTC] crypto/chaser    equity $500.00 (+0.0%) 0 open  market UP
[2026-09-26 02:29 UTC] crypto/social_heat equity $500.00 (+0.0%) 0 open  market UP
[2026-09-26 02:29 UTC] crypto/breakout10 equity $495.66 (-0.9%) 2 open  market UP
[2026-09-26 02:29 UTC] crypto/momentum  equity $504.32 (+0.9%) 4 open  market UP
[2026-09-26 02:29 UTC] crypto/breakout  equity $500.00 (+0.0%) 0 open  market UP
[2026-09-26 02:29 UTC] crypto/hold_btc  equity $499.92 (-0.0%) 1 open  market UP
   social heat top: NEAR 40 (40/0/0), PENGU 37 (37/0/0), TRUMP 37 (32/0/5), ONDO 27 (27/0/0), ENA 24 (24/0/0)
   footprint: SOL: footprint 3/4 (drift+hikes+rising_lows) 48h +5.7%, 5 volume hikes, 38% quiet hours @ 121.83
   footprint: ADA: footprint 3/4 (drift+hikes+rising_lows) 48h +9.1%, 2 volume hikes, 46% quiet hours @ 0.26168
   scanner: 977 tickers, sample: {'i': 'BTC_USD', 'h': '85262.41', 'l': '83148.75', 'a': '84024.83', 'v': '3532.0366', 'vv': '296686863.40', 'c': '-0.0075', 'b': '84027.78', 'k': '84027.79', 'oi': '0', 't': 1790389778886}
   scanner: QI: +14.7% in 90 min on 4.5x volume @ 0.004156 spread 0.88%
   dex screen: REJECT LDO@ethereum liq $610,020 - no dexscreener pair
   social: reddit/CryptoMoonShots HTTP 403  (retry in 15 min)
   social: reddit/SatoshiStreetBets HTTP 403  (retry in 15 min)
   social: reddit/CryptoCurrency HTTP 403  (retry in 15 min)
   social: reddit/memecoins HTTP 403  (retry in 15 min)
   social self-check: coingecko 200 | reddit/CryptoMoonShots 403 | reddit/SatoshiStreetBets 403 | reddit/CryptoCurrency 403 | reddit/memecoins 403 | dexscreener 200 | geckoterminal_5m 200 | geckoterminal_1h 200
   dex self-check: goplus 200 | honeypot.is 200 | rugcheck 200 | dexscreener 200 | geckoterminal 200
   >> crypto/early_mover: BUY $448.20 of BTC @ 84102.4 (park idle cash in BTC)
[2026-09-26 02:35 UTC] crypto/early_mover equity $497.75 (-0.4%) 1 open  market UP
[2026-09-26 02:35 UTC] crypto/mover     equity $494.79 (-1.0%) 5 open  market UP
[2026-09-26 02:35 UTC] crypto/announce  equity $500.00 (+0.0%) 0 open  market UP
[2026-09-26 02:35 UTC] crypto/chaser    equity $500.00 (+0.0%) 0 open  market UP
[2026-09-26 02:35 UTC] crypto/social_heat equity $500.00 (+0.0%) 0 open  market UP
[2026-09-26 02:35 UTC] crypto/breakout10 equity $495.81 (-0.8%) 2 open  market UP
[2026-09-26 02:35 UTC] crypto/momentum  equity $504.94 (+1.0%) 4 open  market UP
[2026-09-26 02:35 UTC] crypto/breakout  equity $500.00 (+0.0%) 0 open  market UP
[2026-09-26 02:35 UTC] crypto/hold_btc  equity $499.77 (-0.0%) 1 open  market UP
   social heat top: NEAR 40 (40/0/0), PENGU 37 (37/0/0), TRUMP 37 (32/0/5), ONDO 27 (27/0/0), ENA 24 (24/0/0)
   footprint: SOL: footprint 3/4 (drift+hikes+rising_lows) 48h +5.5%, 5 volume hikes, 38% quiet hours @ 121.67
   footprint: ADA: footprint 3/4 (drift+hikes+rising_lows) 48h +8.6%, 2 volume hikes, 46% quiet hours @ 0.26054
   scanner: 977 tickers, sample: {'i': 'BTC_USD', 'h': '85262.41', 'l': '83148.75', 'a': '84034.01', 'v': '3526.2474', 'vv': '296194065.68', 'c': '-0.0069', 'b': '84033.01', 'k': '84033.02', 'oi': '0', 't': 1790390120887}
   scanner: QI: +10.5% in 36 min on 4.5x volume @ 0.004173 spread 0.71%
   social: reddit/CryptoMoonShots HTTP 403  (retry in 15 min)
   social: reddit/SatoshiStreetBets HTTP 403  (retry in 15 min)
   social: reddit/CryptoCurrency HTTP 403  (retry in 15 min)
   social: reddit/memecoins HTTP 403  (retry in 15 min)
   social self-check: coingecko 200 | reddit/CryptoMoonShots 403 | reddit/SatoshiStreetBets 403 | reddit/CryptoCurrency 403 | reddit/memecoins 403 | dexscreener 200 | geckoterminal_5m 200 | geckoterminal_1h 200
   dex self-check: goplus 200 | honeypot.is 200 | rugcheck 200 | dexscreener 200 | geckoterminal 200
   >> crypto/early_mover: SELL $447.43 of BTC @ 83958.2, P/L $-4.36 (unpark: rotation moved on)
   >> crypto/early_mover: BUY $222.15 of NEAR @ 4.9062 (ride the active rotation)
   >> crypto/early_mover: BUY $222.15 of SUI @ 1.17724 (ride the active rotation)
[2026-09-26 02:39 UTC] crypto/early_mover equity $493.41 (-1.3%) 2 open  market UP
[2026-09-26 02:39 UTC] crypto/mover     equity $494.52 (-1.1%) 5 open  market UP
[2026-09-26 02:39 UTC] crypto/announce  equity $500.00 (+0.0%) 0 open  market UP
[2026-09-26 02:39 UTC] crypto/chaser    equity $500.00 (+0.0%) 0 open  market UP
[2026-09-26 02:39 UTC] crypto/social_heat equity $500.00 (+0.0%) 0 open  market UP
[2026-09-26 02:39 UTC] crypto/breakout10 equity $495.86 (-0.8%) 2 open  market UP
[2026-09-26 02:39 UTC] crypto/momentum  equity $504.54 (+0.9%) 4 open  market UP
[2026-09-26 02:39 UTC] crypto/breakout  equity $500.00 (+0.0%) 0 open  market UP
[2026-09-26 02:39 UTC] crypto/hold_btc  equity $499.89 (-0.0%) 1 open  market UP
   social heat top: NEAR 40 (40/0/0), TRUMP 40 (35/0/5), PENGU 37 (37/0/0), ONDO 27 (27/0/0), ENA 24 (24/0/0)
   footprint: SOL: footprint 3/4 (drift+hikes+rising_lows) 48h +5.6%, 5 volume hikes, 38% quiet hours @ 121.76
   footprint: ADA: footprint 3/4 (drift+hikes+rising_lows) 48h +8.5%, 2 volume hikes, 46% quiet hours @ 0.26015
   scanner: 977 tickers, sample: {'i': 'BTC_USD', 'h': '85262.41', 'l': '83148.75', 'a': '83998.89', 'v': '3518.8367', 'vv': '295566308.15', 'c': '-0.0054', 'b': '83998.88', 'k': '83998.89', 'oi': '0', 't': 1790390387463}
   scanner: QI: +13.8% in 40 min on 6.0x volume @ 0.004298 spread 1.23%
   social: reddit/CryptoMoonShots HTTP 403  (retry in 15 min)
   social: reddit/SatoshiStreetBets HTTP 403  (retry in 15 min)
   social: reddit/CryptoCurrency HTTP 403  (retry in 15 min)
   social: reddit/memecoins HTTP 403  (retry in 15 min)
   social self-check: coingecko 200 | reddit/CryptoMoonShots 403 | reddit/SatoshiStreetBets 403 | reddit/CryptoCurrency 403 | reddit/memecoins 403 | dexscreener 200 | geckoterminal_5m 200 | geckoterminal_1h 200
   dex self-check: goplus 200 | honeypot.is 200 | rugcheck 200 | dexscreener 200 | geckoterminal 200
[2026-09-26 02:43 UTC] crypto/early_mover equity $493.47 (-1.3%) 2 open  market UP
[2026-09-26 02:43 UTC] crypto/mover     equity $493.94 (-1.2%) 5 open  market UP
[2026-09-26 02:43 UTC] crypto/announce  equity $500.00 (+0.0%) 0 open  market UP
[2026-09-26 02:43 UTC] crypto/chaser    equity $500.00 (+0.0%) 0 open  market UP
[2026-09-26 02:43 UTC] crypto/social_heat equity $500.00 (+0.0%) 0 open  market UP
[2026-09-26 02:43 UTC] crypto/breakout10 equity $495.90 (-0.8%) 2 open  market UP
[2026-09-26 02:43 UTC] crypto/momentum  equity $504.01 (+0.8%) 4 open  market UP
[2026-09-26 02:43 UTC] crypto/breakout  equity $500.00 (+0.0%) 0 open  market UP
[2026-09-26 02:43 UTC] crypto/hold_btc  equity $499.74 (-0.1%) 1 open  market UP
   social heat top: NEAR 40 (40/0/0), TRUMP 40 (35/0/5), PENGU 37 (37/0/0), ONDO 27 (27/0/0), ENA 24 (24/0/0)
   social: reddit/CryptoMoonShots HTTP 403  (retry in 15 min)
   social: reddit/SatoshiStreetBets HTTP 403  (retry in 15 min)
   social: reddit/CryptoCurrency HTTP 403  (retry in 15 min)
   social: reddit/memecoins HTTP 403  (retry in 15 min)
   social self-check: coingecko 200 | reddit/CryptoMoonShots 403 | reddit/SatoshiStreetBets 403 | reddit/CryptoCurrency 403 | reddit/memecoins 403 | dexscreener 200 | geckoterminal_5m 200 | geckoterminal_1h 200
   dex self-check: goplus 200 | honeypot.is 200 | rugcheck 200 | dexscreener 200 | geckoterminal 200
[2026-09-26 02:49 UTC] crypto/early_mover equity $493.52 (-1.3%) 2 open  market UP
[2026-09-26 02:49 UTC] crypto/mover     equity $493.87 (-1.2%) 5 open  market UP
[2026-09-26 02:49 UTC] crypto/announce  equity $500.00 (+0.0%) 0 open  market UP
[2026-09-26 02:49 UTC] crypto/chaser    equity $500.00 (+0.0%) 0 open  market UP
[2026-09-26 02:49 UTC] crypto/social_heat equity $500.00 (+0.0%) 0 open  market UP
[2026-09-26 02:49 UTC] crypto/breakout10 equity $495.96 (-0.8%) 2 open  market UP
[2026-09-26 02:49 UTC] crypto/momentum  equity $504.00 (+0.8%) 4 open  market UP
[2026-09-26 02:49 UTC] crypto/breakout  equity $500.00 (+0.0%) 0 open  market UP
[2026-09-26 02:49 UTC] crypto/hold_btc  equity $499.81 (-0.0%) 1 open  market UP
   social heat top: TRUMP 42 (37/0/5), NEAR 40 (40/0/0), PENGU 29 (29/0/0), AERO 27 (24/0/3), ONDO 27 (27/0/0)
   footprint: SOL: footprint 3/4 (drift+hikes+rising_lows) 48h +5.5%, 5 volume hikes, 38% quiet hours @ 121.68
   footprint: ADA: footprint 3/4 (drift+hikes+rising_lows) 48h +8.4%, 2 volume hikes, 44% quiet hours @ 0.25993
   scanner: 977 tickers, sample: {'i': 'BTC_USD', 'h': '85262.41', 'l': '83148.75', 'a': '84055.76', 'v': '3505.7490', 'vv': '294459108.97', 'c': '-0.0031', 'b': '84055.75', 'k': '84055.76', 'oi': '0', 't': 1790390944939}
   dex screen: REJECT QUID@base liq $887,156 - no dexscreener pair
   dex screen: REJECT ICP@ethereum liq $583,465 - no dexscreener pair
[2026-09-26 03:05 UTC] crypto/early_mover equity $492.40 (-1.5%) 2 open  market UP
[2026-09-26 03:05 UTC] crypto/mover     equity $492.67 (-1.5%) 5 open  market UP
[2026-09-26 03:05 UTC] crypto/announce  equity $500.00 (+0.0%) 0 open  market UP
[2026-09-26 03:05 UTC] crypto/chaser    equity $500.00 (+0.0%) 0 open  market UP
[2026-09-26 03:05 UTC] crypto/social_heat equity $500.00 (+0.0%) 0 open  market UP
[2026-09-26 03:05 UTC] crypto/breakout10 equity $494.84 (-1.0%) 2 open  market UP
[2026-09-26 03:05 UTC] crypto/momentum  equity $501.98 (+0.4%) 4 open  market UP
[2026-09-26 03:05 UTC] crypto/breakout  equity $500.00 (+0.0%) 0 open  market UP
[2026-09-26 03:05 UTC] crypto/hold_btc  equity $499.62 (-0.1%) 1 open  market UP
   social heat top: NEAR 40 (40/0/0), TRUMP 37 (37/0/0), PENGU 29 (29/0/0), AERO 28 (24/0/4), ONDO 27 (27/0/0)
   footprint: ADA: footprint 3/4 (drift+hikes+rising_lows) 48h +8.5%, 2 volume hikes, 44% quiet hours @ 0.25908
   social: reddit/CryptoMoonShots HTTP 403  (retry in 30 min)
   social: reddit/SatoshiStreetBets HTTP 403  (retry in 30 min)
   social: reddit/CryptoCurrency HTTP 403  (retry in 30 min)
   social: reddit/memecoins HTTP 403  (retry in 30 min)
   dex screen: REJECT WSTETH@base liq $3,531,820 - no dexscreener pair
   dex screen: REJECT SHFL@ethereum liq $8,642,906 - no dexscreener pair
   dex screen: REJECT MNT@ethereum liq $3,898,815 - no dexscreener pair
   dex screen: REJECT BEAM@ethereum liq $2,826,685 - no dexscreener pair
   dex screen: REJECT SPK@ethereum liq $742,626 - no dexscreener pair
   dex screen: REJECT KMNO@solana liq $2,044,450 - top-10 holders 53%; lp holders unknown
   dex screen: REJECT AVNT@base liq $729,898 - no dexscreener pair
   social: reddit/CryptoMoonShots HTTP 403  (retry in 60 min)
   social: reddit/SatoshiStreetBets HTTP 403  (retry in 60 min)
   social: reddit/CryptoCurrency HTTP 403  (retry in 60 min)
   social: reddit/memecoins HTTP 403  (retry in 60 min)
   social: reddit/CryptoMoonShots HTTP 403  (retry in 15 min)
   social: reddit/SatoshiStreetBets HTTP 403  (retry in 15 min)
   social: reddit/CryptoCurrency HTTP 403  (retry in 15 min)
   social: reddit/memecoins HTTP 403  (retry in 15 min)
   social self-check: coingecko 200 | reddit/CryptoMoonShots 403 | reddit/SatoshiStreetBets 403 | reddit/CryptoCurrency 403 | reddit/memecoins 403 | dexscreener 200 | geckoterminal_5m 200 | geckoterminal_1h 200
   dex self-check: goplus 200 | honeypot.is 200 | rugcheck 200 | dexscreener 200 | geckoterminal 200
[2026-09-26 03:41 UTC] crypto/early_mover equity $492.29 (-1.5%) 2 open  market UP
[2026-09-26 03:41 UTC] crypto/mover     equity $491.55 (-1.7%) 5 open  market UP
[2026-09-26 03:41 UTC] crypto/announce  equity $500.00 (+0.0%) 0 open  market UP
[2026-09-26 03:41 UTC] crypto/chaser    equity $500.00 (+0.0%) 0 open  market UP
[2026-09-26 03:41 UTC] crypto/social_heat equity $500.00 (+0.0%) 0 open  market UP
[2026-09-26 03:41 UTC] crypto/breakout10 equity $494.71 (-1.1%) 2 open  market UP
[2026-09-26 03:41 UTC] crypto/momentum  equity $499.67 (-0.1%) 4 open  market UP
[2026-09-26 03:41 UTC] crypto/breakout  equity $500.00 (+0.0%) 0 open  market UP
[2026-09-26 03:41 UTC] crypto/hold_btc  equity $499.79 (-0.0%) 1 open  market UP
   social heat top: PENGU 40 (40/0/0), NEAR 32 (32/0/0), AERO 30 (24/0/6), ONDO 29 (29/0/0), TRUMP 27 (27/0/0)
   footprint: ADA: footprint 3/4 (drift+hikes+rising_lows) 48h +8.0%, 2 volume hikes, 44% quiet hours @ 0.25787
   scanner: 977 tickers, sample: {'i': 'BTC_USD', 'h': '85262.41', 'l': '83148.75', 'a': '83978.56', 'v': '3430.1293', 'vv': '288084641.91', 'c': '-0.0039', 'b': '83978.55', 'k': '83978.56', 'oi': '0', 't': 1790394119897}
   dex screen: REJECT CBBTC@ethereum liq $18,117,558 - no dexscreener pair
   social: reddit/CryptoMoonShots HTTP 403  (retry in 15 min)
   social: reddit/SatoshiStreetBets HTTP 403  (retry in 15 min)
   social: reddit/CryptoCurrency HTTP 403  (retry in 15 min)
   social: reddit/memecoins HTTP 403  (retry in 15 min)
   social self-check: coingecko 200 | reddit/CryptoMoonShots 403 | reddit/SatoshiStreetBets 403 | reddit/CryptoCurrency 403 | reddit/memecoins 403 | dexscreener 200 | geckoterminal_5m 200 | geckoterminal_1h 200
   dex self-check: goplus 200 | honeypot.is 200 | rugcheck 200 | dexscreener 200 | geckoterminal 200
[2026-09-26 03:49 UTC] crypto/early_mover equity $490.78 (-1.8%) 2 open  market UP
[2026-09-26 03:49 UTC] crypto/mover     equity $490.73 (-1.9%) 5 open  market UP
[2026-09-26 03:49 UTC] crypto/announce  equity $500.00 (+0.0%) 0 open  market UP
[2026-09-26 03:49 UTC] crypto/chaser    equity $500.00 (+0.0%) 0 open  market UP
[2026-09-26 03:49 UTC] crypto/social_heat equity $500.00 (+0.0%) 0 open  market UP
[2026-09-26 03:49 UTC] crypto/breakout10 equity $493.20 (-1.4%) 2 open  market UP
[2026-09-26 03:49 UTC] crypto/momentum  equity $498.66 (-0.3%) 4 open  market UP
[2026-09-26 03:49 UTC] crypto/breakout  equity $500.00 (+0.0%) 0 open  market UP
[2026-09-26 03:49 UTC] crypto/hold_btc  equity $499.40 (-0.1%) 1 open  market UP
   social heat top: PENGU 40 (40/0/0), NEAR 35 (35/0/0), AERO 30 (24/0/6), ENA 29 (29/0/0), ONDO 27 (27/0/0)
   footprint: ADA: footprint 3/4 (drift+hikes+rising_lows) 48h +7.4%, 2 volume hikes, 44% quiet hours @ 0.25641
   scanner: 977 tickers, sample: {'i': 'BTC_USD', 'h': '85262.41', 'l': '83148.75', 'a': '83950.06', 'v': '3414.7052', 'vv': '286785546.13', 'c': '-0.0027', 'b': '83945.32', 'k': '83945.33', 'oi': '0', 't': 1790394601897}
   social: reddit/CryptoMoonShots HTTP 403  (retry in 15 min)
   social: reddit/SatoshiStreetBets HTTP 403  (retry in 15 min)
   social: reddit/CryptoCurrency HTTP 403  (retry in 15 min)
   social: reddit/memecoins HTTP 403  (retry in 15 min)
   social self-check: coingecko 200 | reddit/CryptoMoonShots 403 | reddit/SatoshiStreetBets 403 | reddit/CryptoCurrency 403 | reddit/memecoins 403 | dexscreener 200 | geckoterminal_5m 200 | geckoterminal_1h 200
   dex self-check: goplus 200 | honeypot.is 200 | rugcheck 200 | dexscreener 200 | geckoterminal 200
   social: reddit/CryptoMoonShots HTTP 403  (retry in 15 min)
   social: reddit/SatoshiStreetBets HTTP 403  (retry in 15 min)
   social: reddit/CryptoCurrency HTTP 403  (retry in 15 min)
   social: reddit/memecoins HTTP 403  (retry in 15 min)
   social self-check: coingecko 200 | reddit/CryptoMoonShots 403 | reddit/SatoshiStreetBets 403 | reddit/CryptoCurrency 403 | reddit/memecoins 403 | dexscreener 200 | geckoterminal_5m 200 | geckoterminal_1h 200
   dex self-check: goplus 200 | honeypot.is 200 | rugcheck 200 | dexscreener 200 | geckoterminal 200
[2026-09-26 03:57 UTC] crypto/early_mover equity $490.59 (-1.9%) 2 open  market UP
[2026-09-26 03:57 UTC] crypto/mover     equity $490.13 (-2.0%) 5 open  market UP
[2026-09-26 03:57 UTC] crypto/announce  equity $500.00 (+0.0%) 0 open  market UP
[2026-09-26 03:57 UTC] crypto/chaser    equity $500.00 (+0.0%) 0 open  market UP
[2026-09-26 03:57 UTC] crypto/social_heat equity $500.00 (+0.0%) 0 open  market UP
[2026-09-26 03:57 UTC] crypto/breakout10 equity $493.00 (-1.4%) 2 open  market UP
[2026-09-26 03:57 UTC] crypto/momentum  equity $497.88 (-0.4%) 4 open  market UP
[2026-09-26 03:57 UTC] crypto/breakout  equity $500.00 (+0.0%) 0 open  market UP
[2026-09-26 03:57 UTC] crypto/hold_btc  equity $499.36 (-0.1%) 1 open  market UP
   social heat top: PENGU 48 (40/0/8), NEAR 35 (35/0/0), AERO 34 (27/0/8), ENA 29 (29/0/0), BTC 24 (24/0/0)
   footprint: ADA: footprint 3/4 (drift+hikes+rising_lows) 48h +7.2%, 2 volume hikes, 42% quiet hours @ 0.25583
   scanner: 977 tickers, sample: {'i': 'BTC_USD', 'h': '85262.41', 'l': '83148.75', 'a': '83937.45', 'v': '3405.2994', 'vv': '285993165.61', 'c': '-0.0031', 'b': '83937.45', 'k': '83937.46', 'oi': '0', 't': 1790395072535}
   dex screen: REJECT SURPLUS@base liq $2,344,549 - no dexscreener pair
[2026-09-26 04:07 UTC] crypto/early_mover equity $491.91 (-1.6%) 2 open  market UP
[2026-09-26 04:07 UTC] crypto/mover     equity $491.39 (-1.7%) 5 open  market UP
[2026-09-26 04:07 UTC] crypto/announce  equity $500.00 (+0.0%) 0 open  market UP
[2026-09-26 04:07 UTC] crypto/chaser    equity $500.00 (+0.0%) 0 open  market UP
[2026-09-26 04:07 UTC] crypto/social_heat equity $500.00 (+0.0%) 0 open  market UP
[2026-09-26 04:07 UTC] crypto/breakout10 equity $494.37 (-1.1%) 2 open  market UP
[2026-09-26 04:07 UTC] crypto/momentum  equity $498.89 (-0.2%) 4 open  market UP
[2026-09-26 04:07 UTC] crypto/breakout  equity $500.00 (+0.0%) 0 open  market UP
[2026-09-26 04:07 UTC] crypto/hold_btc  equity $499.63 (-0.1%) 1 open  market UP
   social heat top: PENGU 48 (40/0/8), NEAR 35 (35/0/0), AERO 34 (27/0/8), ENA 29 (29/0/0), BTC 24 (24/0/0)
   social: reddit/CryptoMoonShots HTTP 403  (retry in 15 min)
   social: reddit/SatoshiStreetBets HTTP 403  (retry in 15 min)
   social: reddit/CryptoCurrency HTTP 403  (retry in 15 min)
   social: reddit/memecoins HTTP 403  (retry in 15 min)
   social self-check: coingecko 200 | reddit/CryptoMoonShots 403 | reddit/SatoshiStreetBets 403 | reddit/CryptoCurrency 403 | reddit/memecoins 403 | dexscreener 200 | geckoterminal_5m 200 | geckoterminal_1h 200
   dex self-check: goplus 200 | honeypot.is 200 | rugcheck 200 | dexscreener 200 | geckoterminal 200
[2026-09-26 04:21 UTC] crypto/early_mover equity $492.88 (-1.4%) 2 open  market UP
[2026-09-26 04:21 UTC] crypto/mover     equity $492.38 (-1.5%) 5 open  market UP
[2026-09-26 04:21 UTC] crypto/announce  equity $500.00 (+0.0%) 0 open  market UP
[2026-09-26 04:21 UTC] crypto/chaser    equity $500.00 (+0.0%) 0 open  market UP
[2026-09-26 04:21 UTC] crypto/social_heat equity $500.00 (+0.0%) 0 open  market UP
[2026-09-26 04:21 UTC] crypto/breakout10 equity $495.32 (-0.9%) 2 open  market UP
[2026-09-26 04:21 UTC] crypto/momentum  equity $499.53 (-0.1%) 4 open  market UP
[2026-09-26 04:21 UTC] crypto/breakout  equity $500.00 (+0.0%) 0 open  market UP
[2026-09-26 04:21 UTC] crypto/hold_btc  equity $499.88 (-0.0%) 1 open  market UP
   social heat top: PENGU 43 (35/0/8), NEAR 40 (40/0/0), ENA 37 (37/0/0), BTC 32 (32/0/0), ONDO 27 (27/0/0)
   footprint: ADA: footprint 3/4 (drift+hikes+rising_lows) 48h +6.7%, 2 volume hikes, 42% quiet hours @ 0.25734
   scanner: 977 tickers, sample: {'i': 'BTC_USD', 'h': '85262.41', 'l': '83148.75', 'a': '84027.82', 'v': '3383.3370', 'vv': '284143764.37', 'c': '-0.0007', 'b': '84027.81', 'k': '84027.82', 'oi': '0', 't': 1790396475956}
   social: reddit/CryptoMoonShots HTTP 403  (retry in 30 min)
   social: reddit/SatoshiStreetBets HTTP 403  (retry in 30 min)
   social: reddit/CryptoCurrency HTTP 403  (retry in 30 min)
   social: reddit/memecoins HTTP 403  (retry in 30 min)
   social: reddit/CryptoMoonShots HTTP 403  (retry in 15 min)
   social: reddit/SatoshiStreetBets HTTP 403  (retry in 15 min)
   social: reddit/CryptoCurrency HTTP 403  (retry in 15 min)
   social: reddit/memecoins HTTP 403  (retry in 15 min)
   social self-check: coingecko 200 | reddit/CryptoMoonShots 403 | reddit/SatoshiStreetBets 403 | reddit/CryptoCurrency 403 | reddit/memecoins 403 | dexscreener 200 | geckoterminal_5m 200 | geckoterminal_1h 200
   dex self-check: goplus 200 | honeypot.is 200 | rugcheck 200 | dexscreener 200 | geckoterminal 200
   social: reddit/CryptoMoonShots HTTP 403  (retry in 15 min)
   social: reddit/SatoshiStreetBets HTTP 403  (retry in 15 min)
   social: reddit/CryptoCurrency HTTP 403  (retry in 15 min)
   social: reddit/memecoins HTTP 403  (retry in 15 min)
   social self-check: coingecko 200 | reddit/CryptoMoonShots 403 | reddit/SatoshiStreetBets 403 | reddit/CryptoCurrency 403 | reddit/memecoins 403 | dexscreener 200 | geckoterminal_5m 200 | geckoterminal_1h 200
   dex self-check: goplus 200 | honeypot.is 200 | rugcheck 200 | dexscreener 200 | geckoterminal 200
   social: reddit/CryptoMoonShots HTTP 403  (retry in 15 min)
   social: reddit/SatoshiStreetBets HTTP 403  (retry in 15 min)
   social: reddit/CryptoCurrency HTTP 403  (retry in 15 min)
   social: reddit/memecoins HTTP 403  (retry in 15 min)
   social self-check: coingecko 200 | reddit/CryptoMoonShots 403 | reddit/SatoshiStreetBets 403 | reddit/CryptoCurrency 403 | reddit/memecoins 403 | dexscreener 200 | geckoterminal_5m 200 | geckoterminal_1h 200
   dex self-check: goplus 200 | honeypot.is 200 | rugcheck 200 | dexscreener 200 | geckoterminal 200
[2026-09-26 04:52 UTC] crypto/early_mover equity $492.20 (-1.6%) 2 open  market UP
[2026-09-26 04:52 UTC] crypto/mover     equity $491.30 (-1.7%) 5 open  market UP
[2026-09-26 04:52 UTC] crypto/announce  equity $500.00 (+0.0%) 0 open  market UP
[2026-09-26 04:52 UTC] crypto/chaser    equity $500.00 (+0.0%) 0 open  market UP
[2026-09-26 04:52 UTC] crypto/social_heat equity $500.00 (+0.0%) 0 open  market UP
[2026-09-26 04:52 UTC] crypto/breakout10 equity $494.59 (-1.1%) 2 open  market UP
[2026-09-26 04:52 UTC] crypto/momentum  equity $499.49 (-0.1%) 4 open  market UP
[2026-09-26 04:52 UTC] crypto/breakout  equity $500.00 (+0.0%) 0 open  market UP
[2026-09-26 04:52 UTC] crypto/hold_btc  equity $499.59 (-0.1%) 1 open  market UP
   social heat top: NEAR 40 (40/0/0), AERO 38 (32/0/6), ENA 37 (37/0/0), ONDO 35 (35/0/0), PENGU 29 (29/0/0)
   footprint: ADA: footprint 3/4 (drift+hikes+rising_lows) 48h +6.4%, 2 volume hikes, 40% quiet hours @ 0.25662
   scanner: 977 tickers, sample: {'i': 'BTC_USD', 'h': '85262.41', 'l': '83148.75', 'a': '83985.81', 'v': '3373.1604', 'vv': '283282887.65', 'c': '-0.0022', 'b': '83985.81', 'k': '83985.82', 'oi': '0', 't': 1790398380480}
   dex screen: REJECT ZCAT@solana liq $1,270,616 - lp holders unknown
   social: reddit/CryptoMoonShots HTTP 403  (retry in 15 min)
   social: reddit/SatoshiStreetBets HTTP 403  (retry in 15 min)
   social: reddit/CryptoCurrency HTTP 403  (retry in 15 min)
   social: reddit/memecoins HTTP 403  (retry in 15 min)
   social self-check: coingecko 200 | reddit/CryptoMoonShots 403 | reddit/SatoshiStreetBets 403 | reddit/CryptoCurrency 403 | reddit/memecoins 403 | dexscreener 200 | geckoterminal_5m 200 | geckoterminal_1h 200
   dex self-check: goplus 200 | honeypot.is 200 | rugcheck 200 | dexscreener 200 | geckoterminal 200
   social: reddit/CryptoMoonShots HTTP 403  (retry in 15 min)
   social: reddit/SatoshiStreetBets HTTP 403  (retry in 15 min)
   social: reddit/CryptoCurrency HTTP 403  (retry in 15 min)
   social: reddit/memecoins HTTP 403  (retry in 15 min)
   social self-check: coingecko 200 | reddit/CryptoMoonShots 403 | reddit/SatoshiStreetBets 403 | reddit/CryptoCurrency 403 | reddit/memecoins 403 | dexscreener 200 | geckoterminal_5m 200 | geckoterminal_1h 200
   dex self-check: goplus 200 | honeypot.is 200 | rugcheck 200 | dexscreener 200 | geckoterminal 200
[2026-09-26 05:03 UTC] crypto/early_mover equity $489.74 (-2.1%) 2 open  market UP
[2026-09-26 05:03 UTC] crypto/mover     equity $490.75 (-1.8%) 5 open  market UP
[2026-09-26 05:03 UTC] crypto/announce  equity $500.00 (+0.0%) 0 open  market UP
[2026-09-26 05:03 UTC] crypto/chaser    equity $500.00 (+0.0%) 0 open  market UP
[2026-09-26 05:03 UTC] crypto/social_heat equity $500.00 (+0.0%) 0 open  market UP
[2026-09-26 05:03 UTC] crypto/breakout10 equity $492.14 (-1.6%) 2 open  market UP
[2026-09-26 05:03 UTC] crypto/momentum  equity $498.68 (-0.3%) 4 open  market UP
[2026-09-26 05:03 UTC] crypto/breakout  equity $500.00 (+0.0%) 0 open  market UP
[2026-09-26 05:03 UTC] crypto/hold_btc  equity $499.61 (-0.1%) 1 open  market UP
   social heat top: NEAR 40 (40/0/0), ONDO 37 (37/0/0), ENA 35 (35/0/0), AERO 35 (29/0/5), PENGU 32 (32/0/0)
   footprint: ADA: footprint 3/4 (drift+hikes+rising_lows) 48h +6.8%, 2 volume hikes, 40% quiet hours @ 0.25631
   scanner: 977 tickers, sample: {'i': 'BTC_USD', 'h': '85262.41', 'l': '83148.75', 'a': '83995.77', 'v': '3361.2599', 'vv': '282280577.51', 'c': '-0.0029', 'b': '83995.77', 'k': '83995.78', 'oi': '0', 't': 1790399027964}
   dex screen: REJECT AAVE@base liq $1,511,449 - pool age unknown
   dex screen: REJECT MOG@ethereum liq $6,091,793 - top-10 holders 46%
   dex screen: REJECT USDE@ethereum liq $1,688,831 - is_mintable; top-10 holders 95%; lp locked 0% < 95%
   dex screen: REJECT LIT@ethereum liq $491,729 - buy tax unknown; sell tax unknown; top-10 holders 64%; lp locked 0% < 95%
   social: reddit/CryptoMoonShots HTTP 403  (retry in 15 min)
   social: reddit/SatoshiStreetBets HTTP 403  (retry in 15 min)
   social: reddit/CryptoCurrency HTTP 403  (retry in 15 min)
   social: reddit/memecoins HTTP 403  (retry in 15 min)
   social self-check: coingecko 200 | reddit/CryptoMoonShots 403 | reddit/SatoshiStreetBets 403 | reddit/CryptoCurrency 403 | reddit/memecoins 403 | dexscreener 200 | geckoterminal_5m 200 | geckoterminal_1h 200
   dex self-check: goplus 200 | honeypot.is 200 | rugcheck 200 | dexscreener 200 | geckoterminal 200
[2026-09-26 05:18 UTC] crypto/early_mover equity $488.69 (-2.3%) 2 open  market UP
[2026-09-26 05:18 UTC] crypto/mover     equity $489.43 (-2.1%) 5 open  market UP
[2026-09-26 05:18 UTC] crypto/announce  equity $500.00 (+0.0%) 0 open  market UP
[2026-09-26 05:18 UTC] crypto/chaser    equity $500.00 (+0.0%) 0 open  market UP
[2026-09-26 05:18 UTC] crypto/social_heat equity $500.00 (+0.0%) 0 open  market UP
[2026-09-26 05:18 UTC] crypto/breakout10 equity $491.06 (-1.8%) 2 open  market UP
[2026-09-26 05:18 UTC] crypto/momentum  equity $497.17 (-0.6%) 4 open  market UP
[2026-09-26 05:18 UTC] crypto/breakout  equity $500.00 (+0.0%) 0 open  market UP
[2026-09-26 05:18 UTC] crypto/hold_btc  equity $499.36 (-0.1%) 1 open  market UP
   social heat top: ONDO 40 (40/0/0), AERO 38 (35/0/4), PENGU 37 (37/0/0), NEAR 32 (32/0/0), STONK 32 (24/0/8)
   social: reddit/CryptoMoonShots HTTP 403  (retry in 15 min)
   social: reddit/SatoshiStreetBets HTTP 403  (retry in 15 min)
   social: reddit/CryptoCurrency HTTP 403  (retry in 15 min)
   social: reddit/memecoins HTTP 403  (retry in 15 min)
   social self-check: coingecko 200 | reddit/CryptoMoonShots 403 | reddit/SatoshiStreetBets 403 | reddit/CryptoCurrency 403 | reddit/memecoins 403 | dexscreener 200 | geckoterminal_5m 200 | geckoterminal_1h 200
   dex self-check: goplus 200 | honeypot.is 200 | rugcheck 200 | dexscreener 200 | geckoterminal 200
[2026-09-26 05:31 UTC] crypto/early_mover equity $490.29 (-1.9%) 2 open  market UP
[2026-09-26 05:31 UTC] crypto/mover     equity $489.31 (-2.1%) 5 open  market UP
[2026-09-26 05:31 UTC] crypto/announce  equity $500.00 (+0.0%) 0 open  market UP
[2026-09-26 05:31 UTC] crypto/chaser    equity $500.00 (+0.0%) 0 open  market UP
[2026-09-26 05:31 UTC] crypto/social_heat equity $500.00 (+0.0%) 0 open  market UP
[2026-09-26 05:31 UTC] crypto/breakout10 equity $492.66 (-1.5%) 2 open  market UP
[2026-09-26 05:31 UTC] crypto/momentum  equity $497.89 (-0.4%) 4 open  market UP
[2026-09-26 05:31 UTC] crypto/breakout  equity $500.00 (+0.0%) 0 open  market UP
[2026-09-26 05:31 UTC] crypto/hold_btc  equity $499.29 (-0.1%) 1 open  market UP
   social heat top: ONDO 40 (40/0/0), AERO 35 (27/0/8), PENGU 35 (35/0/0), ENA 32 (32/0/0), STONK 30 (24/0/6)
   footprint: ADA: footprint 3/4 (drift+hikes+rising_lows) 48h +6.1%, 2 volume hikes, 40% quiet hours @ 0.25468
   scanner: 977 tickers, sample: {'i': 'BTC_USD', 'h': '85262.41', 'l': '83148.75', 'a': '83915.54', 'v': '3343.1106', 'vv': '280751162.49', 'c': '-0.0026', 'b': '83915.54', 'k': '83915.55', 'oi': '0', 't': 1790400719487}
   dex screen: REJECT NVDAC@base liq $2,433,410 - pool age unknown
   social: reddit/CryptoMoonShots HTTP 403  (retry in 15 min)
   social: reddit/SatoshiStreetBets HTTP 403  (retry in 15 min)
   social: reddit/CryptoCurrency HTTP 403  (retry in 15 min)
   social: reddit/memecoins HTTP 403  (retry in 15 min)
   social self-check: coingecko 200 | reddit/CryptoMoonShots 403 | reddit/SatoshiStreetBets 403 | reddit/CryptoCurrency 403 | reddit/memecoins 403 | dexscreener 200 | geckoterminal_5m 200 | geckoterminal_1h 200
   dex self-check: goplus 200 | honeypot.is 200 | rugcheck 200 | dexscreener 200 | geckoterminal 200
[2026-09-26 05:46 UTC] crypto/early_mover equity $491.63 (-1.7%) 2 open  market UP
[2026-09-26 05:46 UTC] crypto/mover     equity $490.34 (-1.9%) 5 open  market UP
[2026-09-26 05:46 UTC] crypto/announce  equity $500.00 (+0.0%) 0 open  market UP
[2026-09-26 05:46 UTC] crypto/chaser    equity $500.00 (+0.0%) 0 open  market UP
[2026-09-26 05:46 UTC] crypto/social_heat equity $500.00 (+0.0%) 0 open  market UP
[2026-09-26 05:46 UTC] crypto/breakout10 equity $493.99 (-1.2%) 2 open  market UP
[2026-09-26 05:46 UTC] crypto/momentum  equity $499.43 (-0.1%) 4 open  market UP
[2026-09-26 05:46 UTC] crypto/breakout  equity $500.00 (+0.0%) 0 open  market UP
[2026-09-26 05:46 UTC] crypto/hold_btc  equity $499.44 (-0.1%) 1 open  market UP
   social heat top: ONDO 40 (40/0/0), ENA 35 (35/0/0), STONK 33 (27/0/6), PENGU 32 (32/0/0), NEAR 29 (29/0/0)
   social: reddit/CryptoMoonShots HTTP 403  (retry in 15 min)
   social: reddit/SatoshiStreetBets HTTP 403  (retry in 15 min)
   social: reddit/CryptoCurrency HTTP 403  (retry in 15 min)
   social: reddit/memecoins HTTP 403  (retry in 15 min)
   social self-check: coingecko 200 | reddit/CryptoMoonShots 403 | reddit/SatoshiStreetBets 403 | reddit/CryptoCurrency 403 | reddit/memecoins 403 | dexscreener 200 | geckoterminal_5m 200 | geckoterminal_1h 200
   dex self-check: goplus 200 | honeypot.is 200 | rugcheck 200 | dexscreener 200 | geckoterminal 200
[2026-09-26 06:04 UTC] crypto/early_mover equity $488.72 (-2.3%) 2 open  market UP
[2026-09-26 06:04 UTC] crypto/mover     equity $488.00 (-2.4%) 5 open  market UP
[2026-09-26 06:04 UTC] crypto/announce  equity $500.00 (+0.0%) 0 open  market UP
[2026-09-26 06:04 UTC] crypto/chaser    equity $500.00 (+0.0%) 0 open  market UP
[2026-09-26 06:04 UTC] crypto/social_heat equity $500.00 (+0.0%) 0 open  market UP
[2026-09-26 06:04 UTC] crypto/breakout10 equity $491.05 (-1.8%) 2 open  market UP
[2026-09-26 06:04 UTC] crypto/momentum  equity $496.95 (-0.6%) 4 open  market UP
[2026-09-26 06:04 UTC] crypto/breakout  equity $500.00 (+0.0%) 0 open  market UP
[2026-09-26 06:04 UTC] crypto/hold_btc  equity $499.13 (-0.2%) 1 open  market UP
   social heat top: ENA 40 (40/0/0), ONDO 37 (37/0/0), PENGU 32 (32/0/0), NEAR 29 (29/0/0), AERO 29 (27/0/2)
   scanner: 977 tickers, sample: {'i': 'BTC_USD', 'h': '85262.41', 'l': '83148.75', 'a': '83897.38', 'v': '3329.8522', 'vv': '279631489.25', 'c': '-0.0033', 'b': '83896.37', 'k': '83896.38', 'oi': '0', 't': 1790402676919}
   dex screen: REJECT H@ethereum liq $952,269 - is_proxy; top-10 holders 86%; lp locked 0% < 95%
   social: reddit/CryptoMoonShots HTTP 403  (retry in 30 min)
   social: reddit/SatoshiStreetBets HTTP 403  (retry in 30 min)
   social: reddit/CryptoCurrency HTTP 403  (retry in 30 min)
   social: reddit/memecoins HTTP 403  (retry in 30 min)
   dex screen: REJECT 2Z@solana liq $1,236,721 - mint authority; top-10 holders 45%; lp holders unknown
   social: reddit/CryptoMoonShots HTTP 403  (retry in 60 min)
   social: reddit/SatoshiStreetBets HTTP 403  (retry in 60 min)
   social: reddit/CryptoCurrency HTTP 403  (retry in 60 min)
   social: reddit/memecoins HTTP 403  (retry in 60 min)
[2026-09-26 07:05 UTC] crypto/early_mover equity $490.66 (-1.9%) 2 open  market UP
[2026-09-26 07:05 UTC] crypto/mover     equity $488.44 (-2.3%) 5 open  market UP
[2026-09-26 07:05 UTC] crypto/announce  equity $500.00 (+0.0%) 0 open  market UP
[2026-09-26 07:05 UTC] crypto/chaser    equity $500.00 (+0.0%) 0 open  market UP
[2026-09-26 07:05 UTC] crypto/social_heat equity $500.00 (+0.0%) 0 open  market UP
[2026-09-26 07:05 UTC] crypto/breakout10 equity $492.97 (-1.4%) 2 open  market UP
[2026-09-26 07:05 UTC] crypto/momentum  equity $499.61 (-0.1%) 4 open  market UP
[2026-09-26 07:05 UTC] crypto/breakout  equity $500.00 (+0.0%) 0 open  market UP
[2026-09-26 07:05 UTC] crypto/hold_btc  equity $499.17 (-0.2%) 1 open  market UP
   social heat top: AERO 45 (35/0/10), NEAR 40 (40/0/0), ONDO 32 (32/0/0), STONK 32 (24/0/8), PENGU 29 (29/0/0)
   social: reddit/CryptoMoonShots HTTP 403  (retry in 15 min)
   social: reddit/SatoshiStreetBets HTTP 403  (retry in 15 min)
   social: reddit/CryptoCurrency HTTP 403  (retry in 15 min)
   social: reddit/memecoins HTTP 403  (retry in 15 min)
   social self-check: coingecko 200 | reddit/CryptoMoonShots 403 | reddit/SatoshiStreetBets 403 | reddit/CryptoCurrency 403 | reddit/memecoins 403 | dexscreener 200 | geckoterminal_5m 200 | geckoterminal_1h 200
   dex self-check: goplus 200 | honeypot.is 200 | rugcheck 200 | dexscreener 200 | geckoterminal 200
[2026-09-26 07:12 UTC] crypto/early_mover equity $491.50 (-1.7%) 2 open  market UP
[2026-09-26 07:12 UTC] crypto/mover     equity $489.28 (-2.1%) 5 open  market UP
[2026-09-26 07:12 UTC] crypto/announce  equity $500.00 (+0.0%) 0 open  market UP
[2026-09-26 07:12 UTC] crypto/chaser    equity $500.00 (+0.0%) 0 open  market UP
[2026-09-26 07:12 UTC] crypto/social_heat equity $500.00 (+0.0%) 0 open  market UP
[2026-09-26 07:12 UTC] crypto/breakout10 equity $493.83 (-1.2%) 2 open  market UP
[2026-09-26 07:12 UTC] crypto/momentum  equity $500.34 (+0.1%) 4 open  market UP
[2026-09-26 07:12 UTC] crypto/breakout  equity $500.00 (+0.0%) 0 open  market UP
[2026-09-26 07:12 UTC] crypto/hold_btc  equity $499.61 (-0.1%) 1 open  market UP
   social heat top: AERO 48 (37/0/10), PENGU 35 (35/0/0), ENA 32 (32/0/0), STONK 32 (24/0/8), NEAR 29 (29/0/0)
   footprint: ADA: footprint 3/4 (drift+hikes+rising_lows) 48h +5.3%, 2 volume hikes, 40% quiet hours @ 0.25502
   scanner: 977 tickers, sample: {'i': 'BTC_USD', 'h': '85262.41', 'l': '83148.75', 'a': '83999.54', 'v': '3292.5616', 'vv': '276495167.68', 'c': '0.0014', 'b': '83999.53', 'k': '83999.54', 'oi': '0', 't': 1790406770563}
   scanner: RARE: +44.9% in 73 min on 79.4x volume @ 0.02269 spread 0.04%
   scanner: RARE: +43.5% in 74 min on 79.4x volume @ 0.02248 spread 0.88%
   social: reddit/CryptoMoonShots HTTP 403  (retry in 15 min)
   social: reddit/SatoshiStreetBets HTTP 403  (retry in 15 min)
   social: reddit/CryptoCurrency HTTP 403  (retry in 15 min)
   social: reddit/memecoins HTTP 403  (retry in 15 min)
   social self-check: coingecko 200 | reddit/CryptoMoonShots 403 | reddit/SatoshiStreetBets 403 | reddit/CryptoCurrency 403 | reddit/memecoins 403 | dexscreener 200 | geckoterminal_5m 200 | geckoterminal_1h 200
   dex self-check: goplus 200 | honeypot.is 200 | rugcheck 200 | dexscreener 200 | geckoterminal 200
[2026-09-26 07:17 UTC] crypto/early_mover equity $491.66 (-1.7%) 2 open  market UP
[2026-09-26 07:17 UTC] crypto/mover     equity $489.39 (-2.1%) 5 open  market UP
[2026-09-26 07:17 UTC] crypto/announce  equity $500.00 (+0.0%) 0 open  market UP
[2026-09-26 07:17 UTC] crypto/chaser    equity $500.00 (+0.0%) 0 open  market UP
[2026-09-26 07:17 UTC] crypto/social_heat equity $500.00 (+0.0%) 0 open  market UP
[2026-09-26 07:17 UTC] crypto/breakout10 equity $493.98 (-1.2%) 2 open  market UP
[2026-09-26 07:17 UTC] crypto/momentum  equity $500.42 (+0.1%) 4 open  market UP
[2026-09-26 07:17 UTC] crypto/breakout  equity $500.00 (+0.0%) 0 open  market UP
[2026-09-26 07:17 UTC] crypto/hold_btc  equity $499.70 (-0.1%) 1 open  market UP
   social heat top: AERO 45 (35/0/10), PENGU 37 (37/0/0), STONK 34 (27/0/8), ENA 32 (32/0/0), NEAR 29 (29/0/0)
   social: reddit/CryptoMoonShots HTTP 403  (retry in 15 min)
   social: reddit/SatoshiStreetBets HTTP 403  (retry in 15 min)
   social: reddit/CryptoCurrency HTTP 403  (retry in 15 min)
   social: reddit/memecoins HTTP 403  (retry in 15 min)
   social self-check: coingecko 200 | reddit/CryptoMoonShots 403 | reddit/SatoshiStreetBets 403 | reddit/CryptoCurrency 403 | reddit/memecoins 403 | dexscreener 200 | geckoterminal_5m 200 | geckoterminal_1h 200
   dex self-check: goplus 200 | honeypot.is 200 | rugcheck 200 | dexscreener 200 | geckoterminal 200
[2026-09-26 07:20 UTC] crypto/early_mover equity $491.97 (-1.6%) 2 open  market UP
[2026-09-26 07:20 UTC] crypto/mover     equity $489.59 (-2.1%) 5 open  market UP
[2026-09-26 07:20 UTC] crypto/announce  equity $500.00 (+0.0%) 0 open  market UP
[2026-09-26 07:20 UTC] crypto/chaser    equity $500.00 (+0.0%) 0 open  market UP
[2026-09-26 07:20 UTC] crypto/social_heat equity $500.00 (+0.0%) 0 open  market UP
[2026-09-26 07:20 UTC] crypto/breakout10 equity $494.28 (-1.1%) 2 open  market UP
[2026-09-26 07:20 UTC] crypto/momentum  equity $500.91 (+0.2%) 4 open  market UP
[2026-09-26 07:20 UTC] crypto/breakout  equity $500.00 (+0.0%) 0 open  market UP
[2026-09-26 07:20 UTC] crypto/hold_btc  equity $499.67 (-0.1%) 1 open  market UP
   social heat top: AERO 45 (35/0/10), PENGU 37 (37/0/0), STONK 34 (27/0/8), ENA 32 (32/0/0), NEAR 29 (29/0/0)
   social: reddit/CryptoMoonShots HTTP 403  (retry in 15 min)
   social: reddit/SatoshiStreetBets HTTP 403  (retry in 15 min)
   social: reddit/CryptoCurrency HTTP 403  (retry in 15 min)
   social: reddit/memecoins HTTP 403  (retry in 15 min)
   social self-check: coingecko 200 | reddit/CryptoMoonShots 403 | reddit/SatoshiStreetBets 403 | reddit/CryptoCurrency 403 | reddit/memecoins 403 | dexscreener 200 | geckoterminal_5m 200 | geckoterminal_1h 200
   dex self-check: goplus 200 | honeypot.is 200 | rugcheck 200 | dexscreener 200 | geckoterminal 200
[2026-09-26 07:24 UTC] crypto/early_mover equity $491.53 (-1.7%) 2 open  market UP
[2026-09-26 07:24 UTC] crypto/mover     equity $489.48 (-2.1%) 5 open  market UP
[2026-09-26 07:24 UTC] crypto/announce  equity $500.00 (+0.0%) 0 open  market UP
[2026-09-26 07:24 UTC] crypto/chaser    equity $500.00 (+0.0%) 0 open  market UP
[2026-09-26 07:24 UTC] crypto/social_heat equity $500.00 (+0.0%) 0 open  market UP
[2026-09-26 07:24 UTC] crypto/breakout10 equity $493.85 (-1.2%) 2 open  market UP
[2026-09-26 07:24 UTC] crypto/momentum  equity $501.37 (+0.3%) 4 open  market UP
[2026-09-26 07:24 UTC] crypto/breakout  equity $500.00 (+0.0%) 0 open  market UP
[2026-09-26 07:24 UTC] crypto/hold_btc  equity $499.74 (-0.1%) 1 open  market UP
   social heat top: AERO 45 (35/0/10), PENGU 37 (37/0/0), STONK 34 (27/0/8), ENA 32 (32/0/0), NEAR 29 (29/0/0)
   social: reddit/CryptoMoonShots HTTP 403  (retry in 15 min)
   social: reddit/SatoshiStreetBets HTTP 403  (retry in 15 min)
   social: reddit/CryptoCurrency HTTP 403  (retry in 15 min)
   social: reddit/memecoins HTTP 403  (retry in 15 min)
   social self-check: coingecko 200 | reddit/CryptoMoonShots 403 | reddit/SatoshiStreetBets 403 | reddit/CryptoCurrency 403 | reddit/memecoins 403 | dexscreener 200 | geckoterminal_5m 200 | geckoterminal_1h 200
   dex self-check: goplus 200 | honeypot.is 200 | rugcheck 200 | dexscreener 200 | geckoterminal 200
[2026-09-26 07:49 UTC] crypto/early_mover equity $490.49 (-1.9%) 2 open  market UP
[2026-09-26 07:49 UTC] crypto/mover     equity $490.17 (-2.0%) 5 open  market UP
[2026-09-26 07:49 UTC] crypto/announce  equity $500.00 (+0.0%) 0 open  market UP
[2026-09-26 07:49 UTC] crypto/chaser    equity $500.00 (+0.0%) 0 open  market UP
[2026-09-26 07:49 UTC] crypto/social_heat equity $500.00 (+0.0%) 0 open  market UP
[2026-09-26 07:49 UTC] crypto/breakout10 equity $492.91 (-1.4%) 2 open  market UP
[2026-09-26 07:49 UTC] crypto/momentum  equity $501.92 (+0.4%) 4 open  market UP
[2026-09-26 07:49 UTC] crypto/breakout  equity $500.00 (+0.0%) 0 open  market UP
[2026-09-26 07:49 UTC] crypto/hold_btc  equity $500.05 (+0.0%) 1 open  market UP
   social heat top: AERO 40 (32/0/8), PENGU 40 (40/0/0), ENA 35 (35/0/0), STONK 31 (24/0/7), ONDO 29 (29/0/0)
   footprint: ADA: footprint 3/4 (drift+hikes+rising_lows) 48h +5.8%, 2 volume hikes, 40% quiet hours @ 0.25614
   scanner: 977 tickers, sample: {'i': 'BTC_USD', 'h': '85262.41', 'l': '83148.75', 'a': '84074.63', 'v': '3271.4643', 'vv': '274726026.34', 'c': '0.0014', 'b': '84077.64', 'k': '84077.65', 'oi': '0', 't': 1790408960572}
   dex screen: PASS STONK@solana liq $2,940,269
   dex screen: REJECT VVV@base liq $18,805,966 - is_mintable; buy tax unknown; sell tax unknown; owner_percent 30%; top-10 holders 63%
   dex screen: REJECT PYUSD@ethereum liq $100,137,073 - is_proxy; buy tax unknown; sell tax unknown; top-10 holders 88%
   dex screen: REJECT MOG@ethereum liq $6,105,183 - top-10 holders 45%
   dex screen: REJECT MNT@ethereum liq $3,953,374 - is_proxy; top-10 holders 87%
   dex screen: REJECT ADI@ethereum liq $2,999,832 - is_proxy; buy tax unknown; sell tax unknown; top-10 holders 98%
   dex screen: REJECT SKY@ethereum liq $2,370,242 - is_mintable; top-10 holders 90%
   dex screen: REJECT CTM@ethereum liq $2,714,528 - is_mintable
   dex screen: REJECT KMNO@solana liq $2,087,199 - top-10 holders 53%
   dex screen: REJECT CBETH@base liq $1,127,717 - is_proxy; buy tax unknown; sell tax unknown; top-10 holders 92%
   dex screen: PASS DRB@base liq $1,669,609
   dex screen: UNREACHABLE AAPLC@base liq $1,675,288 - goplus unreachable
   dex screen: REJECT ENA@ethereum liq $1,502,556 - is_mintable; top-10 holders 60%
   dex screen: REJECT PAID@solana liq $1,410,965 - holders unknown; lp holders unknown; rugcheck lp locked 27% < 95%
   dex screen: REJECT $PAAL@ethereum liq $1,175,508 - is_whitelisted
   dex screen: REJECT AVNT@base liq $745,536 - pool age unknown
   dex screen: REJECT ONDO@ethereum liq $1,170,987 - transfer_pausable; top-10 holders 68%
   dex screen: REJECT FLOCK@base liq $629,616 - pool age unknown
   dex screen: REJECT FWA@ethereum liq $1,094,926 - buy tax unknown; sell tax unknown; honeypot.is: no data
   dex screen: REJECT LIT@ethereum liq $498,414 - buy tax unknown; sell tax unknown; top-10 holders 64%; lp locked 0% < 95%
   dex screen: REJECT AERO@base liq $39,073,052 - is_mintable; buy tax unknown; sell tax unknown; top-10 holders 66%
   dex screen: REJECT QNT@ethereum liq $577,454 - is_mintable; lp locked 0% < 95%
   dex screen: PASS HOLDOWEEN@solana liq $104,665
   dex screen: REJECT E/ACC@solana liq $596,595 - holders unknown; lp holders unknown; rugcheck lp locked 26% < 95%
   dex screen: REJECT JEANPHIL@solana liq $321,414 - holders unknown; lp holders unknown; rugcheck lp locked 44% < 95%
   dex screen: REJECT ELON@solana liq $304,599 - lp holders unknown; rugcheck lp locked 67% < 95%
   dex screen: REJECT PLAY@base liq $425,790 - buy tax unknown; sell tax unknown; top-10 holders 76%; lp locked 0% < 95%
   dex screen: REJECT SUPER@ethereum liq $3,590,522 - is_mintable; top-10 holders 54%
   dex screen: REJECT ELSA@base liq $411,229 - buy tax unknown; sell tax unknown; top-10 holders 89%; lp locked 0% < 95%
   dex screen: REJECT HLX@ethereum liq $364,664 - top-10 holders 97%; lp locked 0% < 95%
   dex screen: REJECT PHA@ethereum liq $311,282 - transfer_pausable; hidden_owner; top-10 holders 71%; lp locked 0% < 95%
   dex screen: REJECT CALI@solana liq $202,329 - holders unknown; lp holders unknown; rugcheck lp locked 0% < 95%
   dex screen: REJECT FUSE@ethereum liq $176,491 - lp locked 0% < 95%
   dex screen: REJECT POND@ethereum liq $187,084 - is_proxy; top-10 holders 72%; lp locked 0% < 95%
   dex screen: REJECT YAP@solana liq $160,045 - holders unknown; lp holders unknown; rugcheck danger: Large Amount of LP Unlocked; rugcheck lp locked 0% < 95%; rugcheck score 51
   dex screen: REJECT RARE@ethereum liq $122,440 - is_proxy; top-10 holders 60%; lp locked 0% < 95%
   dex screen: REJECT AAVE@ethereum liq $134,444 - is_proxy; top-10 holders 44%; lp locked 0% < 95%
   dex screen: REJECT CREAM@solana liq $104,924 - holders unknown; lp holders unknown; rugcheck lp locked 58% < 95%
   dex screen: REJECT ZRO@base liq $159,624 - pool age unknown
[2026-09-26 08:06 UTC] crypto/early_mover equity $487.78 (-2.4%) 2 open  market UP
[2026-09-26 08:06 UTC] crypto/mover     equity $489.37 (-2.1%) 5 open  market UP
[2026-09-26 08:06 UTC] crypto/announce  equity $500.00 (+0.0%) 0 open  market UP
[2026-09-26 08:06 UTC] crypto/chaser    equity $500.00 (+0.0%) 0 open  market UP
[2026-09-26 08:06 UTC] crypto/social_heat equity $500.00 (+0.0%) 0 open  market UP
[2026-09-26 08:06 UTC] crypto/breakout10 equity $490.17 (-2.0%) 2 open  market UP
[2026-09-26 08:06 UTC] crypto/momentum  equity $499.54 (-0.1%) 4 open  market UP
[2026-09-26 08:06 UTC] crypto/breakout  equity $500.00 (+0.0%) 0 open  market UP
[2026-09-26 08:06 UTC] crypto/hold_btc  equity $500.07 (+0.0%) 1 open  market UP
   social heat top: PENGU 40 (40/0/0), ENA 35 (35/0/0), AERO 33 (32/0/1), STONK 31 (24/0/7), ONDO 29 (29/0/0)
   social: reddit/CryptoMoonShots HTTP 403  (retry in 15 min)
   social: reddit/SatoshiStreetBets HTTP 403  (retry in 15 min)
   social: reddit/CryptoCurrency HTTP 403  (retry in 15 min)
   social: reddit/memecoins HTTP 403  (retry in 15 min)
   social self-check: coingecko 200 | reddit/CryptoMoonShots 403 | reddit/SatoshiStreetBets 403 | reddit/CryptoCurrency 403 | reddit/memecoins 403 | dexscreener 200 | geckoterminal_5m 200 | geckoterminal_1h 200
   dex self-check: goplus 200 | honeypot.is 200 | rugcheck 200 | dexscreener 200 | geckoterminal 200
[2026-09-26 08:50 UTC] crypto/early_mover equity $490.06 (-2.0%) 2 open  market UP
[2026-09-26 08:50 UTC] crypto/mover     equity $489.95 (-2.0%) 5 open  market UP
[2026-09-26 08:50 UTC] crypto/announce  equity $500.00 (+0.0%) 0 open  market UP
[2026-09-26 08:50 UTC] crypto/chaser    equity $500.00 (+0.0%) 0 open  market UP
[2026-09-26 08:50 UTC] crypto/social_heat equity $500.00 (+0.0%) 0 open  market UP
[2026-09-26 08:50 UTC] crypto/breakout10 equity $492.48 (-1.5%) 2 open  market UP
[2026-09-26 08:50 UTC] crypto/momentum  equity $501.34 (+0.3%) 4 open  market UP
[2026-09-26 08:50 UTC] crypto/breakout  equity $500.00 (+0.0%) 0 open  market UP
[2026-09-26 08:50 UTC] crypto/hold_btc  equity $500.95 (+0.2%) 1 open  market UP
   social heat top: ONDO 40 (40/0/0), PENGU 37 (37/0/0), ENA 35 (35/0/0), NEAR 32 (32/0/0), STONK 31 (19/0/12)
   footprint: SOL: footprint 3/4 (drift+hikes+rising_lows) 48h +5.9%, 5 volume hikes, 42% quiet hours @ 120.87
   footprint: ADA: footprint 3/4 (drift+hikes+rising_lows) 48h +7.3%, 2 volume hikes, 38% quiet hours @ 0.2557
   scanner: 977 tickers, sample: {'i': 'BTC_USD', 'h': '85262.41', 'l': '83148.75', 'a': '84218.33', 'v': '3265.1817', 'vv': '274194012.80', 'c': '-0.0007', 'b': '84218.33', 'k': '84218.34', 'oi': '0', 't': 1790412656584}
   dex screen: REJECT WOJAK@solana liq $435,183 - lp holders unknown; rugcheck lp locked 86% < 95%
   dex screen: REJECT TRUE@base liq $666,041 - is_mintable; buy tax unknown; sell tax unknown; top-10 holders 59%; lp locked 0% < 95%
   dex screen: PASS NPC@ethereum liq $5,401,937
[2026-09-26 09:06 UTC] crypto/early_mover equity $488.29 (-2.3%) 2 open  market UP
[2026-09-26 09:06 UTC] crypto/mover     equity $489.23 (-2.2%) 5 open  market UP
[2026-09-26 09:06 UTC] crypto/announce  equity $500.00 (+0.0%) 0 open  market UP
[2026-09-26 09:06 UTC] crypto/chaser    equity $500.00 (+0.0%) 0 open  market UP
[2026-09-26 09:06 UTC] crypto/social_heat equity $500.00 (+0.0%) 0 open  market UP
[2026-09-26 09:06 UTC] crypto/breakout10 equity $490.72 (-1.9%) 2 open  market UP
[2026-09-26 09:06 UTC] crypto/momentum  equity $500.40 (+0.1%) 4 open  market UP
[2026-09-26 09:06 UTC] crypto/breakout  equity $500.00 (+0.0%) 0 open  market UP
[2026-09-26 09:06 UTC] crypto/hold_btc  equity $500.72 (+0.1%) 1 open  market UP
   social heat top: ONDO 40 (40/0/0), PENGU 37 (37/0/0), ENA 35 (35/0/0), NEAR 32 (32/0/0), STONK 31 (19/0/12)
   social: reddit/CryptoMoonShots HTTP 403  (retry in 15 min)
   social: reddit/SatoshiStreetBets HTTP 403  (retry in 15 min)
   social: reddit/CryptoCurrency HTTP 403  (retry in 15 min)
   social: reddit/memecoins HTTP 403  (retry in 15 min)
   social self-check: coingecko 200 | reddit/CryptoMoonShots 403 | reddit/SatoshiStreetBets 403 | reddit/CryptoCurrency 403 | reddit/memecoins 403 | dexscreener 200 | geckoterminal_5m 200 | geckoterminal_1h 200
   dex self-check: goplus 200 | honeypot.is 200 | rugcheck 200 | dexscreener 200 | geckoterminal 200
   social: reddit/CryptoMoonShots HTTP 403  (retry in 15 min)
   social: reddit/SatoshiStreetBets HTTP 403  (retry in 15 min)
   social: reddit/CryptoCurrency HTTP 403  (retry in 15 min)
   social: reddit/memecoins HTTP 403  (retry in 15 min)
   social self-check: coingecko 200 | reddit/CryptoMoonShots 403 | reddit/SatoshiStreetBets 403 | reddit/CryptoCurrency 403 | reddit/memecoins 403 | dexscreener 200 | geckoterminal_5m 200 | geckoterminal_1h 200
   dex self-check: goplus 200 | honeypot.is 200 | rugcheck 200 | dexscreener 200 | geckoterminal 200
[2026-09-26 09:20 UTC] crypto/early_mover equity $488.70 (-2.3%) 2 open  market UP
[2026-09-26 09:20 UTC] crypto/mover     equity $485.65 (-2.9%) 5 open  market UP
[2026-09-26 09:20 UTC] crypto/announce  equity $500.00 (+0.0%) 0 open  market UP
[2026-09-26 09:20 UTC] crypto/chaser    equity $500.00 (+0.0%) 0 open  market UP
[2026-09-26 09:20 UTC] crypto/social_heat equity $500.00 (+0.0%) 0 open  market UP
[2026-09-26 09:20 UTC] crypto/breakout10 equity $491.06 (-1.8%) 2 open  market UP
[2026-09-26 09:20 UTC] crypto/momentum  equity $498.71 (-0.3%) 4 open  market UP
[2026-09-26 09:20 UTC] crypto/breakout  equity $500.00 (+0.0%) 0 open  market UP
[2026-09-26 09:20 UTC] crypto/hold_btc  equity $499.45 (-0.1%) 1 open  market UP
   social heat top: ONDO 40 (40/0/0), AERO 38 (35/0/3), ENA 37 (37/0/0), PENGU 32 (32/0/0), STONK 31 (19/0/12)
   footprint: SOL: footprint 3/4 (drift+hikes+rising_lows) 48h +6.1%, 5 volume hikes, 44% quiet hours @ 120
   footprint: HBAR: footprint 3/4 (drift+hikes+rising_lows) 48h +5.1%, 4 volume hikes, 15% quiet hours @ 0.093461
   footprint: ADA: footprint 3/4 (drift+hikes+rising_lows) 48h +8.1%, 2 volume hikes, 40% quiet hours @ 0.25306
   scanner: 977 tickers, sample: {'i': 'BTC_USD', 'h': '85262.41', 'l': '83148.75', 'a': '84013.75', 'v': '3222.5535', 'vv': '270578945.77', 'c': '-0.0069', 'b': '84013.74', 'k': '84013.75', 'oi': '0', 't': 1790414434525}
   dex screen: REJECT BONK@solana liq $417,511 - lp holders unknown; rugcheck lp locked 15% < 95%
   social: reddit/CryptoMoonShots HTTP 403  (retry in 15 min)
   social: reddit/SatoshiStreetBets HTTP 403  (retry in 15 min)
   social: reddit/CryptoCurrency HTTP 403  (retry in 15 min)
   social: reddit/memecoins HTTP 403  (retry in 15 min)
   social self-check: coingecko 200 | reddit/CryptoMoonShots 403 | reddit/SatoshiStreetBets 403 | reddit/CryptoCurrency 403 | reddit/memecoins 403 | dexscreener 200 | geckoterminal_5m 200 | geckoterminal_1h 200
   dex self-check: goplus 200 | honeypot.is 200 | rugcheck 200 | dexscreener 200 | geckoterminal 200
[2026-09-26 09:25 UTC] crypto/early_mover equity $488.56 (-2.3%) 2 open  market UP
[2026-09-26 09:25 UTC] crypto/mover     equity $486.12 (-2.8%) 5 open  market UP
[2026-09-26 09:25 UTC] crypto/announce  equity $500.00 (+0.0%) 0 open  market UP
[2026-09-26 09:25 UTC] crypto/chaser    equity $500.00 (+0.0%) 0 open  market UP
[2026-09-26 09:25 UTC] crypto/social_heat equity $500.00 (+0.0%) 0 open  market UP
[2026-09-26 09:25 UTC] crypto/breakout10 equity $490.94 (-1.8%) 2 open  market UP
[2026-09-26 09:25 UTC] crypto/momentum  equity $499.22 (-0.2%) 4 open  market UP
[2026-09-26 09:25 UTC] crypto/breakout  equity $500.00 (+0.0%) 0 open  market UP
[2026-09-26 09:25 UTC] crypto/hold_btc  equity $499.83 (-0.0%) 1 open  market UP
   social heat top: ONDO 40 (40/0/0), AERO 38 (35/0/4), ENA 37 (37/0/0), PENGU 32 (32/0/0), SUI 29 (29/0/0)
   footprint: SOL: footprint 3/4 (drift+hikes+rising_lows) 48h +6.2%, 5 volume hikes, 44% quiet hours @ 120.13
   footprint: HBAR: footprint 3/4 (drift+hikes+rising_lows) 48h +5.2%, 4 volume hikes, 15% quiet hours @ 0.093613
   footprint: ADA: footprint 3/4 (drift+hikes+rising_lows) 48h +8.4%, 2 volume hikes, 40% quiet hours @ 0.25387
   scanner: 977 tickers, sample: {'i': 'BTC_USD', 'h': '85262.41', 'l': '83148.75', 'a': '83986.21', 'v': '3212.6763', 'vv': '269740248.11', 'c': '-0.0081', 'b': '83986.21', 'k': '83986.22', 'oi': '0', 't': 1790414704525}
   >> dex/dex_hunter: BUY $84.90 of HOLDOWEEN@solana:BxftAowY @ 0.001175 (dex tier A resize to current sizing)
   dex screen: REJECT BOAR@base liq $190,372 - buy tax unknown; top-10 holders 100%; lp locked 0% < 95%
   dex screen: REJECT BLZ@ethereum liq $223,091 - top-10 holders 75%; lp locked 0% < 95%
   dex screen: REJECT VELVET@base liq $15,127 - liquidity $15,127 < $100,000; pool age unknown; 24h volume $42,741 < $100,000
   social: reddit/CryptoMoonShots HTTP 403  (retry in 30 min)
   social: reddit/SatoshiStreetBets HTTP 403  (retry in 30 min)
   social: reddit/CryptoCurrency HTTP 403  (retry in 30 min)
   social: reddit/memecoins HTTP 403  (retry in 30 min)
   dex screen: REJECT B3@base liq $836,245 - pool age unknown
   dex screen: REJECT NEAR@ethereum liq $720,064 - is_proxy; lp locked 0% < 95%
   dex screen: REJECT SEND@ethereum liq $447,085 - lp locked 0% < 95%
   dex screen: REJECT PUMP@solana liq $23,123,112 - transfer hook; top-10 holders 60%
   dex screen: UNREACHABLE NVDAC@base liq $2,381,838 - goplus unreachable
   dex screen: REJECT ICP@base liq $699,347 - pool age unknown
   scanner: RARE: +12.7% in 29 min on 7.5x volume @ 0.02378 spread 1.01%
   scanner: RARE: +11.2% in 29 min on 3.2x volume @ 0.02378 spread 0.98%
   scanner: RARE: +8.1% in 30 min on 4.1x volume @ 0.02323 spread 0.73%
   scanner: RARE: +8.8% in 30 min on 4.2x volume @ 0.0234 spread 0.47%
   scanner: RARE: +7.0% in 15 min on 4.2x volume @ 0.0234 spread 0.43%
   scanner: RARE: +8.1% in 30 min on 4.2x volume @ 0.02342 spread 0.51%
[2026-09-26 10:05 UTC] crypto/early_mover equity $491.47 (-1.7%) 2 open  market UP
[2026-09-26 10:05 UTC] crypto/mover     equity $487.38 (-2.5%) 5 open  market UP
[2026-09-26 10:05 UTC] crypto/announce  equity $500.00 (+0.0%) 0 open  market UP
[2026-09-26 10:05 UTC] crypto/chaser    equity $500.00 (+0.0%) 0 open  market UP
[2026-09-26 10:05 UTC] crypto/social_heat equity $500.00 (+0.0%) 0 open  market UP
[2026-09-26 10:05 UTC] crypto/breakout10 equity $493.93 (-1.2%) 2 open  market UP
[2026-09-26 10:05 UTC] crypto/momentum  equity $502.75 (+0.5%) 4 open  market UP
[2026-09-26 10:05 UTC] crypto/breakout  equity $500.00 (+0.0%) 0 open  market UP
[2026-09-26 10:05 UTC] crypto/hold_btc  equity $499.82 (-0.0%) 1 open  market UP
   social heat top: ENA 40 (40/0/0), AERO 36 (32/0/4), ONDO 35 (35/0/0), SUI 29 (29/0/0), NEAR 27 (27/0/0)
   social: reddit/CryptoMoonShots HTTP 403  (retry in 15 min)
   social: reddit/SatoshiStreetBets HTTP 403  (retry in 15 min)
   social: reddit/CryptoCurrency HTTP 403  (retry in 15 min)
   social: reddit/memecoins HTTP 403  (retry in 15 min)
   social self-check: coingecko 200 | reddit/CryptoMoonShots 403 | reddit/SatoshiStreetBets 403 | reddit/CryptoCurrency 403 | reddit/memecoins 403 | dexscreener 200 | geckoterminal_5m 200 | geckoterminal_1h 200
   dex self-check: goplus 200 | honeypot.is 200 | rugcheck 200 | dexscreener 200 | geckoterminal 200
[2026-09-26 11:20 UTC] crypto/early_mover equity $497.13 (-0.6%) 2 open  market UP
[2026-09-26 11:20 UTC] crypto/mover     equity $490.25 (-2.0%) 5 open  market UP
[2026-09-26 11:20 UTC] crypto/announce  equity $500.00 (+0.0%) 0 open  market UP
[2026-09-26 11:20 UTC] crypto/chaser    equity $500.00 (+0.0%) 0 open  market UP
[2026-09-26 11:20 UTC] crypto/social_heat equity $500.00 (+0.0%) 0 open  market UP
[2026-09-26 11:20 UTC] crypto/breakout10 equity $499.61 (-0.1%) 2 open  market UP
[2026-09-26 11:20 UTC] crypto/momentum  equity $505.58 (+1.1%) 4 open  market UP
[2026-09-26 11:20 UTC] crypto/breakout  equity $500.00 (+0.0%) 0 open  market UP
[2026-09-26 11:20 UTC] crypto/hold_btc  equity $500.69 (+0.1%) 1 open  market UP
   social heat top: TRUMP 35 (35/0/0), NEAR 32 (32/0/0), PENGU 29 (29/0/0), ENA 27 (27/0/0), ONDO 24 (24/0/0)
   footprint: SOL: footprint 3/4 (drift+hikes+rising_lows) 48h +6.4%, 5 volume hikes, 48% quiet hours @ 120.6
   footprint: HBAR: footprint 3/4 (drift+hikes+rising_lows) 48h +5.3%, 4 volume hikes, 17% quiet hours @ 0.094304
   footprint: ADA: footprint 3/4 (drift+hikes+rising_lows) 48h +8.8%, 2 volume hikes, 40% quiet hours @ 0.25656
   scanner: 977 tickers, sample: {'i': 'BTC_USD', 'h': '85100.52', 'l': '83148.75', 'a': '84189.44', 'v': '3087.4505', 'vv': '259086647.71', 'c': '-0.0106', 'b': '84189.44', 'k': '84189.45', 'oi': '0', 't': 1790421625964}
   dex screen: REJECT FOLD@ethereum liq $1,515,493 - is_mintable; honeypot_with_same_creator; buy tax unknown; sell tax unknown; owner_percent 39%; top-10 holders 75%
   social: reddit/CryptoMoonShots HTTP 403  (retry in 30 min)
   social: reddit/SatoshiStreetBets HTTP 403  (retry in 30 min)
   social: reddit/CryptoCurrency HTTP 403  (retry in 30 min)
   social: reddit/memecoins HTTP 403  (retry in 30 min)
   dex screen: REJECT SPELL@ethereum liq $208,038 - is_mintable; top-10 holders 84%; lp locked 0% < 95%
   dex screen: REJECT YAP@solana liq $464,568 - holders unknown; lp holders unknown; rugcheck lp locked 0% < 95%
   dex screen: PASS ASTEROID@ethereum liq $1,089,901
   dex screen: REJECT WTAO@ethereum liq $416,747 - is_mintable; lp locked 0% < 95%
   dex screen: REJECT OCT@ethereum liq $747,043 - is_mintable; owner_change_balance; top-10 holders 45%; lp locked 0% < 95%
   dex screen: REJECT AURORA@ethereum liq $494,001 - top-10 holders 92%; lp locked 0% < 95%
[2026-09-26 12:06 UTC] crypto/early_mover equity $493.70 (-1.3%) 2 open  market UP
[2026-09-26 12:06 UTC] crypto/mover     equity $490.13 (-2.0%) 5 open  market UP
[2026-09-26 12:06 UTC] crypto/announce  equity $500.00 (+0.0%) 0 open  market UP
[2026-09-26 12:06 UTC] crypto/chaser    equity $500.00 (+0.0%) 0 open  market UP
[2026-09-26 12:06 UTC] crypto/social_heat equity $500.00 (+0.0%) 0 open  market UP
[2026-09-26 12:06 UTC] crypto/breakout10 equity $496.15 (-0.8%) 2 open  market UP
[2026-09-26 12:06 UTC] crypto/momentum  equity $505.07 (+1.0%) 4 open  market UP
[2026-09-26 12:06 UTC] crypto/breakout  equity $500.00 (+0.0%) 0 open  market UP
[2026-09-26 12:06 UTC] crypto/hold_btc  equity $500.56 (+0.1%) 1 open  market UP
   social heat top: TRUMP 35 (35/0/0), ENA 32 (32/0/0), NEAR 29 (29/0/0), SUI 27 (27/0/0), AERO 27 (21/0/5)
   social: reddit/CryptoMoonShots HTTP 403  (retry in 15 min)
   social: reddit/SatoshiStreetBets HTTP 403  (retry in 15 min)
   social: reddit/CryptoCurrency HTTP 403  (retry in 15 min)
   social: reddit/memecoins HTTP 403  (retry in 15 min)
   social self-check: coingecko 200 | reddit/CryptoMoonShots 403 | reddit/SatoshiStreetBets 403 | reddit/CryptoCurrency 403 | reddit/memecoins 403 | dexscreener 200 | geckoterminal_5m 200 | geckoterminal_1h 200
   dex self-check: goplus 200 | honeypot.is 200 | rugcheck 200 | dexscreener 200 | geckoterminal 200
[2026-09-26 14:14 UTC] crypto/early_mover equity $489.72 (-2.1%) 2 open  market UP
[2026-09-26 14:14 UTC] crypto/mover     equity $489.10 (-2.2%) 5 open  market UP
[2026-09-26 14:14 UTC] crypto/announce  equity $500.00 (+0.0%) 0 open  market UP
[2026-09-26 14:14 UTC] crypto/chaser    equity $500.00 (+0.0%) 0 open  market UP
[2026-09-26 14:14 UTC] crypto/social_heat equity $500.00 (+0.0%) 0 open  market UP
[2026-09-26 14:14 UTC] crypto/breakout10 equity $492.24 (-1.6%) 2 open  market UP
[2026-09-26 14:14 UTC] crypto/momentum  equity $500.22 (+0.0%) 4 open  market UP
[2026-09-26 14:14 UTC] crypto/breakout  equity $500.00 (+0.0%) 0 open  market UP
[2026-09-26 14:14 UTC] crypto/hold_btc  equity $499.35 (-0.1%) 1 open  market UP
   social heat top: NEAR 40 (35/0/5), SUI 29 (29/0/0), TRUMP 27 (27/0/0), PENGU 24 (24/0/0), AERO 21 (21/0/0)
   footprint: SOL: footprint 3/4 (drift+hikes+rising_lows) 48h +5.4%, 5 volume hikes, 52% quiet hours @ 120.81
   scanner: 977 tickers, sample: {'i': 'BTC_USD', 'h': '84334.99', 'l': '83328.51', 'a': '83946.72', 'v': '2501.5310', 'vv': '209815629.38', 'c': '0.0041', 'b': '83946.72', 'k': '83946.73', 'oi': '0', 't': 1790432056043}
   dex screen: REJECT CIRBTC@ethereum liq $5,781,978 - is_proxy; top-10 holders 88%; lp locked 0% < 95%
   social: reddit/CryptoMoonShots HTTP 403  (retry in 30 min)
   social: reddit/SatoshiStreetBets HTTP 403  (retry in 30 min)
   social: reddit/CryptoCurrency HTTP 403  (retry in 30 min)
   social: reddit/memecoins HTTP 403  (retry in 30 min)
   dex screen: REJECT CATE@solana liq $73,764,170 - top-10 holders 100%
   dex screen: REJECT CATE@solana liq $1,477,144 - top-10 holders 100%
   dex screen: REJECT AMERICA@solana liq $362,853 - holders unknown; lp holders unknown; rugcheck lp locked 0% < 95%
   dex screen: UNREACHABLE METAC@base liq $2,126,384 - goplus unreachable
   dex screen: REJECT OPENAI@solana liq $172,006 - freeze authority; mint authority; balance_mutable_authority; transfer_fee_upgradable; transfer hook; top-10 holders 87%; lp holders unknown
   dex screen: PASS BNKR@base liq $2,913,826
   social: reddit/CryptoMoonShots HTTP 403  (retry in 15 min)
   social: reddit/SatoshiStreetBets HTTP 403  (retry in 15 min)
   social: reddit/CryptoCurrency HTTP 403  (retry in 15 min)
   social: reddit/memecoins HTTP 403  (retry in 15 min)
   social self-check: coingecko 200 | reddit/CryptoMoonShots 403 | reddit/SatoshiStreetBets 403 | reddit/CryptoCurrency 403 | reddit/memecoins 403 | dexscreener 200 | geckoterminal_5m 200 | geckoterminal_1h 200
   dex self-check: goplus 200 | honeypot.is 200 | rugcheck 200 | dexscreener 200 | geckoterminal 200
[2026-09-26 14:56 UTC] crypto/early_mover equity $490.86 (-1.8%) 2 open  market UP
[2026-09-26 14:56 UTC] crypto/mover     equity $491.23 (-1.8%) 5 open  market UP
[2026-09-26 14:56 UTC] crypto/announce  equity $500.00 (+0.0%) 0 open  market UP
[2026-09-26 14:56 UTC] crypto/chaser    equity $500.00 (+0.0%) 0 open  market UP
[2026-09-26 14:56 UTC] crypto/social_heat equity $500.00 (+0.0%) 0 open  market UP
[2026-09-26 14:56 UTC] crypto/breakout10 equity $493.37 (-1.3%) 2 open  market UP
[2026-09-26 14:56 UTC] crypto/momentum  equity $504.18 (+0.8%) 4 open  market UP
[2026-09-26 14:56 UTC] crypto/breakout  equity $500.00 (+0.0%) 0 open  market UP
[2026-09-26 14:56 UTC] crypto/hold_btc  equity $499.96 (-0.0%) 1 open  market UP
   social heat top: TRUMP 32 (32/0/0), PENGU 29 (29/0/0), NEAR 27 (27/0/0), SUI 24 (24/0/0), EDGE 21 (21/0/0)
   footprint: SOL: footprint 3/4 (drift+hikes+rising_lows) 48h +5.6%, 5 volume hikes, 52% quiet hours @ 120.98
   scanner: 977 tickers, sample: {'i': 'BTC_USD', 'h': '84334.99', 'l': '83328.51', 'a': '84039.69', 'v': '2025.6476', 'vv': '169976616.59', 'c': '0.0015', 'b': '84040.53', 'k': '84040.54', 'oi': '0', 't': 1790434586051}
   dex screen: PASS HODL@solana liq $322,541
   social: reddit/CryptoMoonShots HTTP 403  (retry in 15 min)
   social: reddit/SatoshiStreetBets HTTP 403  (retry in 15 min)
   social: reddit/CryptoCurrency HTTP 403  (retry in 15 min)
   social: reddit/memecoins HTTP 403  (retry in 15 min)
   social self-check: coingecko 200 | reddit/CryptoMoonShots 403 | reddit/SatoshiStreetBets 403 | reddit/CryptoCurrency 403 | reddit/memecoins 403 | dexscreener 200 | geckoterminal_5m 200 | geckoterminal_1h 200
   dex self-check: goplus 200 | honeypot.is 200 | rugcheck 200 | dexscreener 200 | geckoterminal 200
   social: reddit/CryptoMoonShots HTTP 403  (retry in 15 min)
   social: reddit/SatoshiStreetBets HTTP 403  (retry in 15 min)
   social: reddit/CryptoCurrency HTTP 403  (retry in 15 min)
   social: reddit/memecoins HTTP 403  (retry in 15 min)
   social self-check: coingecko 200 | reddit/CryptoMoonShots 403 | reddit/SatoshiStreetBets 403 | reddit/CryptoCurrency 403 | reddit/memecoins 403 | dexscreener 200 | geckoterminal_5m 200 | geckoterminal_1h 200
   dex self-check: goplus 200 | honeypot.is 200 | rugcheck 200 | dexscreener 200 | geckoterminal 200
[2026-09-26 15:01 UTC] crypto/early_mover equity $491.00 (-1.8%) 2 open  market UP
[2026-09-26 15:01 UTC] crypto/mover     equity $491.53 (-1.7%) 5 open  market UP
[2026-09-26 15:01 UTC] crypto/announce  equity $500.00 (+0.0%) 0 open  market UP
[2026-09-26 15:01 UTC] crypto/chaser    equity $500.00 (+0.0%) 0 open  market UP
[2026-09-26 15:01 UTC] crypto/social_heat equity $500.00 (+0.0%) 0 open  market UP
[2026-09-26 15:01 UTC] crypto/breakout10 equity $493.50 (-1.3%) 2 open  market UP
[2026-09-26 15:01 UTC] crypto/momentum  equity $504.27 (+0.9%) 4 open  market UP
[2026-09-26 15:01 UTC] crypto/breakout  equity $500.00 (+0.0%) 0 open  market UP
[2026-09-26 15:01 UTC] crypto/hold_btc  equity $499.82 (-0.0%) 1 open  market UP
   social heat top: TRUMP 32 (32/0/0), PENGU 29 (29/0/0), NEAR 27 (27/0/0), SUI 24 (24/0/0), EDGE 21 (21/0/0)
   scanner: 977 tickers, sample: {'i': 'BTC_USD', 'h': '84334.99', 'l': '83328.51', 'a': '84015.63', 'v': '1957.0800', 'vv': '164219106.85', 'c': '-0.0001', 'b': '84014.61', 'k': '84014.62', 'oi': '0', 't': 1790434900567}
[2026-09-26 15:07 UTC] crypto/early_mover equity $490.04 (-2.0%) 2 open  market UP
[2026-09-26 15:07 UTC] crypto/mover     equity $492.09 (-1.6%) 5 open  market UP
[2026-09-26 15:07 UTC] crypto/announce  equity $500.00 (+0.0%) 0 open  market UP
[2026-09-26 15:07 UTC] crypto/chaser    equity $500.00 (+0.0%) 0 open  market UP
[2026-09-26 15:07 UTC] crypto/social_heat equity $500.00 (+0.0%) 0 open  market UP
[2026-09-26 15:07 UTC] crypto/breakout10 equity $492.55 (-1.5%) 2 open  market UP
[2026-09-26 15:07 UTC] crypto/momentum  equity $503.92 (+0.8%) 4 open  market UP
[2026-09-26 15:07 UTC] crypto/breakout  equity $500.00 (+0.0%) 0 open  market UP
[2026-09-26 15:07 UTC] crypto/hold_btc  equity $499.82 (-0.0%) 1 open  market UP
   social heat top: TRUMP 32 (32/0/0), PENGU 29 (29/0/0), NEAR 27 (27/0/0), SUI 24 (24/0/0), EDGE 21 (21/0/0)
   dex screen: REJECT EMBER@solana liq $504,895 - lp holders unknown; rugcheck lp locked 41% < 95%
   dex screen: REJECT OPENAI@base liq $1,178,777 - buy tax unknown; top-10 holders 100%; lp locked 0% < 95%
   dex screen: PASS FARTCOIN @solana liq $9,374,139
   social: reddit/CryptoMoonShots HTTP 403  (retry in 30 min)
   social: reddit/SatoshiStreetBets HTTP 403  (retry in 30 min)
   social: reddit/CryptoCurrency HTTP 403  (retry in 30 min)
   social: reddit/memecoins HTTP 403  (retry in 30 min)
   dex screen: UNREACHABLE NVDAC@base liq $2,323,126 - goplus unreachable
   dex screen: REJECT ICP@ethereum liq $596,895 - is_mintable; top-10 holders 40%; lp locked 0% < 95%
   dex screen: REJECT CFG@ethereum liq $621,423 - is_mintable; hidden_owner; owner_change_balance; honeypot_with_same_creator; top-10 holders 47%; lp locked 0% < 95%
   dex screen: REJECT FET@ethereum liq $1,850,097 - transfer_pausable; is_mintable; hidden_owner; top-10 holders 49%
   dex screen: REJECT WLD@ethereum liq $215,995 - is_mintable; owner_percent 14%; top-10 holders 69%; lp locked 0% < 95%
   scanner: QNT: +5.9% in 15 min on 3.1x volume @ 116.547 spread 0.21%
   scanner: QNT: +7.0% in 15 min on 3.0x volume @ 117.486 spread 0.11%
   scanner: QNT: +8.0% in 15 min on 3.8x volume @ 118.491 spread 0.21%
   scanner: QNT: +8.2% in 15 min on 4.0x volume @ 118.798 spread 0.21%
   dex screen: REJECT TOPENAI@solana liq $622,474 - freeze authority; mint authority; transfer_fee_upgradable; top-10 holders 70%; lp holders unknown
   scanner: QNT: +7.2% in 15 min on 4.0x volume @ 117.617 spread 0.15%
   dex screen: REJECT ZEN@base liq $2,614,882 - is_mintable; buy tax unknown; sell tax unknown; top-10 holders 69%; lp locked 0% < 95%
   scanner: QNT: +6.5% in 15 min on 4.3x volume @ 116.981 spread 0.76%
   scanner: QNT: +6.7% in 15 min on 4.5x volume @ 117.234 spread 0.63%
   scanner: QNT: +6.2% in 15 min on 5.7x volume @ 116.859 spread 0.05%
   scanner: QNT: +5.6% in 15 min on 5.4x volume @ 117.196 spread 0.05%
   dex screen: REJECT ETHFI@ethereum liq $296,059 - top-10 holders 65%; lp locked 0% < 95%
   social: reddit/CryptoMoonShots HTTP 403  (retry in 60 min)
   social: reddit/SatoshiStreetBets HTTP 403  (retry in 60 min)
   social: reddit/CryptoCurrency HTTP 403  (retry in 60 min)
   social: reddit/memecoins HTTP 403  (retry in 60 min)
   scanner: QNT: +8.4% in 30 min on 3.2x volume @ 119.021 spread 0.32%
   scanner: QNT: +8.1% in 30 min on 3.3x volume @ 118.609 spread 0.33%
[2026-09-26 16:06 UTC] crypto/early_mover equity $492.40 (-1.5%) 2 open  market UP
[2026-09-26 16:06 UTC] crypto/mover     equity $495.81 (-0.8%) 5 open  market UP
[2026-09-26 16:06 UTC] crypto/announce  equity $500.00 (+0.0%) 0 open  market UP
[2026-09-26 16:06 UTC] crypto/chaser    equity $500.00 (+0.0%) 0 open  market UP
[2026-09-26 16:06 UTC] crypto/social_heat equity $500.00 (+0.0%) 0 open  market UP
[2026-09-26 16:06 UTC] crypto/breakout10 equity $494.92 (-1.0%) 2 open  market UP
[2026-09-26 16:06 UTC] crypto/momentum  equity $504.42 (+0.9%) 4 open  market UP
[2026-09-26 16:06 UTC] crypto/breakout  equity $500.00 (+0.0%) 0 open  market UP
[2026-09-26 16:06 UTC] crypto/hold_btc  equity $500.37 (+0.1%) 1 open  market UP
   social heat top: TRUMP 40 (40/0/0), PENGU 32 (32/0/0), NEAR 29 (29/0/0), FET 27 (27/0/0), WLD 24 (24/0/0)
   social: reddit/CryptoMoonShots HTTP 403  (retry in 15 min)
   social: reddit/SatoshiStreetBets HTTP 403  (retry in 15 min)
   social: reddit/CryptoCurrency HTTP 403  (retry in 15 min)
   social: reddit/memecoins HTTP 403  (retry in 15 min)
   social self-check: coingecko 200 | reddit/CryptoMoonShots 403 | reddit/SatoshiStreetBets 403 | reddit/CryptoCurrency 403 | reddit/memecoins 403 | dexscreener 200 | geckoterminal_5m 200 | geckoterminal_1h 200
   dex self-check: goplus 200 | honeypot.is 200 | rugcheck 200 | dexscreener 200 | geckoterminal 200
[2026-09-26 16:21 UTC] crypto/early_mover equity $491.68 (-1.7%) 2 open  market UP
[2026-09-26 16:21 UTC] crypto/mover     equity $494.39 (-1.1%) 5 open  market UP
[2026-09-26 16:21 UTC] crypto/announce  equity $500.00 (+0.0%) 0 open  market UP
[2026-09-26 16:21 UTC] crypto/chaser    equity $500.00 (+0.0%) 0 open  market UP
[2026-09-26 16:21 UTC] crypto/social_heat equity $500.00 (+0.0%) 0 open  market UP
[2026-09-26 16:21 UTC] crypto/breakout10 equity $494.23 (-1.2%) 2 open  market UP
[2026-09-26 16:21 UTC] crypto/momentum  equity $504.27 (+0.9%) 4 open  market UP
[2026-09-26 16:21 UTC] crypto/breakout  equity $500.00 (+0.0%) 0 open  market UP
[2026-09-26 16:21 UTC] crypto/hold_btc  equity $500.42 (+0.1%) 1 open  market UP
   social heat top: TRUMP 40 (40/0/0), PENGU 32 (32/0/0), NEAR 29 (29/0/0), FET 27 (27/0/0), WLD 24 (24/0/0)
   scanner: 977 tickers, sample: {'i': 'BTC_USD', 'h': '84334.99', 'l': '83603.46', 'a': '84109.16', 'v': '1469.9397', 'vv': '123423388.50', 'c': '0.0015', 'b': '84109.15', 'k': '84109.16', 'oi': '0', 't': 1790439669577}
   dex screen: REJECT CLANKER@base liq $1,867,491 - buy tax unknown; top-10 holders 54%
   dex screen: REJECT LAPTOP@base liq $1,126,451 - buy tax unknown; sell tax unknown; top-10 holders 91%; lp locked 0% < 95%
   dex screen: UNREACHABLE AAPLC@base liq $1,762,563 - goplus unreachable
   social: reddit/CryptoMoonShots HTTP 403  (retry in 15 min)
   social: reddit/SatoshiStreetBets HTTP 403  (retry in 15 min)
   social: reddit/CryptoCurrency HTTP 403  (retry in 15 min)
   social: reddit/memecoins HTTP 403  (retry in 15 min)
   social self-check: coingecko 200 | reddit/CryptoMoonShots 403 | reddit/SatoshiStreetBets 403 | reddit/CryptoCurrency 403 | reddit/memecoins 403 | dexscreener 200 | geckoterminal_5m 200 | geckoterminal_1h 200
   dex self-check: goplus 200 | honeypot.is 200 | rugcheck 0 | dexscreener 200 | geckoterminal 200
[2026-09-26 16:34 UTC] crypto/early_mover equity $491.48 (-1.7%) 2 open  market UP
[2026-09-26 16:34 UTC] crypto/mover     equity $494.67 (-1.1%) 5 open  market UP
[2026-09-26 16:34 UTC] crypto/announce  equity $500.00 (+0.0%) 0 open  market UP
[2026-09-26 16:34 UTC] crypto/chaser    equity $500.00 (+0.0%) 0 open  market UP
[2026-09-26 16:34 UTC] crypto/social_heat equity $500.00 (+0.0%) 0 open  market UP
[2026-09-26 16:34 UTC] crypto/breakout10 equity $494.04 (-1.2%) 2 open  market UP
[2026-09-26 16:34 UTC] crypto/momentum  equity $504.42 (+0.9%) 4 open  market UP
[2026-09-26 16:34 UTC] crypto/breakout  equity $500.00 (+0.0%) 0 open  market UP
[2026-09-26 16:34 UTC] crypto/hold_btc  equity $500.46 (+0.1%) 1 open  market UP
   social heat top: TRUMP 40 (40/0/0), PENGU 35 (35/0/0), FET 29 (29/0/0), WLD 27 (27/0/0), ONDO 24 (24/0/0)
   scanner: 977 tickers, sample: {'i': 'BTC_USD', 'h': '84334.99', 'l': '83603.46', 'a': '84176.59', 'v': '1412.2649', 'vv': '118581162.61', 'c': '0.0026', 'b': '84167.96', 'k': '84167.97', 'oi': '0', 't': 1790440462064}
   dex screen: REJECT NEIRO@ethereum liq $3,853,324 - top-10 holders 68%
   social: reddit/CryptoMoonShots HTTP 403  (retry in 30 min)
   social: reddit/SatoshiStreetBets HTTP 403  (retry in 30 min)
   social: reddit/CryptoCurrency HTTP 403  (retry in 30 min)
   social: reddit/memecoins HTTP 403  (retry in 30 min)
[2026-09-26 17:06 UTC] crypto/early_mover equity $489.57 (-2.1%) 2 open  market UP
[2026-09-26 17:06 UTC] crypto/mover     equity $493.20 (-1.4%) 5 open  market UP
[2026-09-26 17:06 UTC] crypto/announce  equity $500.00 (+0.0%) 0 open  market UP
[2026-09-26 17:06 UTC] crypto/chaser    equity $500.00 (+0.0%) 0 open  market UP
[2026-09-26 17:06 UTC] crypto/social_heat equity $500.00 (+0.0%) 0 open  market UP
[2026-09-26 17:06 UTC] crypto/breakout10 equity $492.13 (-1.6%) 2 open  market UP
[2026-09-26 17:06 UTC] crypto/momentum  equity $503.05 (+0.6%) 4 open  market UP
[2026-09-26 17:06 UTC] crypto/breakout  equity $500.00 (+0.0%) 0 open  market UP
[2026-09-26 17:06 UTC] crypto/hold_btc  equity $500.32 (+0.1%) 1 open  market UP
   social heat top: TRUMP 37 (37/0/0), PENGU 32 (32/0/0), QNT 27 (27/0/0), WLD 24 (24/0/0), ENA 21 (21/0/0)
   social: reddit/CryptoMoonShots HTTP 403  (retry in 15 min)
   social: reddit/SatoshiStreetBets HTTP 403  (retry in 15 min)
   social: reddit/CryptoCurrency HTTP 403  (retry in 15 min)
   social: reddit/memecoins HTTP 403  (retry in 15 min)
   social self-check: coingecko 200 | reddit/CryptoMoonShots 403 | reddit/SatoshiStreetBets 403 | reddit/CryptoCurrency 403 | reddit/memecoins 403 | dexscreener 200 | geckoterminal_5m 200 | geckoterminal_1h 200
   dex self-check: goplus 200 | honeypot.is 200 | rugcheck 200 | dexscreener 200 | geckoterminal 200
[2026-09-26 20:07 UTC] crypto/early_mover equity $487.44 (-2.5%) 2 open  market UP
[2026-09-26 20:07 UTC] crypto/mover     equity $487.33 (-2.5%) 5 open  market UP
[2026-09-26 20:07 UTC] crypto/announce  equity $500.00 (+0.0%) 0 open  market UP
[2026-09-26 20:07 UTC] crypto/chaser    equity $500.00 (+0.0%) 0 open  market UP
[2026-09-26 20:07 UTC] crypto/social_heat equity $500.00 (+0.0%) 0 open  market UP
[2026-09-26 20:07 UTC] crypto/breakout10 equity $489.87 (-2.0%) 2 open  market UP
[2026-09-26 20:07 UTC] crypto/momentum  equity $497.41 (-0.5%) 4 open  market UP
[2026-09-26 20:07 UTC] crypto/breakout  equity $500.00 (+0.0%) 0 open  market UP
[2026-09-26 20:07 UTC] crypto/hold_btc  equity $499.86 (-0.0%) 1 open  market UP
   social heat top: TRUMP 35 (35/0/0), QNT 32 (32/0/0), NEAR 29 (29/0/0), SUI 27 (27/0/0), HYPE 24 (24/0/0)
   footprint: CRO: footprint 3/4 (drift+hikes+rising_lows) 48h +5.0%, 4 volume hikes, 12% quiet hours @ 0.06613
   scanner: 977 tickers, sample: {'i': 'BTC_USD', 'h': '84334.99', 'l': '83623.65', 'a': '84036.68', 'v': '969.3884', 'vv': '81438681.71', 'c': '0.0009', 'b': '84036.68', 'k': '84036.69', 'oi': '0', 't': 1790453226024}
   dex screen: REJECT BAL@ethereum liq $5,339,496 - is_mintable; top-10 holders 66%; lp locked 0% < 95%
   dex screen: REJECT PAXG@ethereum liq $2,186,630 - honeypot_with_same_creator; is_proxy
   social: reddit/CryptoMoonShots HTTP 403  (retry in 15 min)
   social: reddit/SatoshiStreetBets HTTP 403  (retry in 15 min)
   social: reddit/CryptoCurrency HTTP 403  (retry in 15 min)
   social: reddit/memecoins HTTP 403  (retry in 15 min)
   social self-check: coingecko 200 | reddit/CryptoMoonShots 403 | reddit/SatoshiStreetBets 403 | reddit/CryptoCurrency 403 | reddit/memecoins 403 | dexscreener 200 | geckoterminal_5m 200 | geckoterminal_1h 200
   dex self-check: goplus 200 | honeypot.is 200 | rugcheck 200 | dexscreener 200 | geckoterminal 200
   >> crypto/early_mover: SELL $219.17 of NEAR @ 4.84056, P/L $-4.74 (unpark: rotation moved on)
   >> crypto/early_mover: SELL $218.26 of SUI @ 1.15666, P/L $-5.65 (unpark: rotation moved on)
[2026-09-26 20:13 UTC] crypto/early_mover equity $485.25 (-2.9%) 0 open  market UP
[2026-09-26 20:13 UTC] crypto/mover     equity $486.16 (-2.8%) 5 open  market UP
[2026-09-26 20:13 UTC] crypto/announce  equity $500.00 (+0.0%) 0 open  market UP
[2026-09-26 20:13 UTC] crypto/chaser    equity $500.00 (+0.0%) 0 open  market UP
[2026-09-26 20:13 UTC] crypto/social_heat equity $500.00 (+0.0%) 0 open  market UP
[2026-09-26 20:13 UTC] crypto/breakout10 equity $489.84 (-2.0%) 2 open  market UP
[2026-09-26 20:13 UTC] crypto/momentum  equity $496.62 (-0.7%) 4 open  market UP
[2026-09-26 20:13 UTC] crypto/breakout  equity $500.00 (+0.0%) 0 open  market UP
[2026-09-26 20:13 UTC] crypto/hold_btc  equity $499.74 (-0.1%) 1 open  market UP
   social heat top: TRUMP 35 (35/0/0), QNT 32 (32/0/0), NEAR 29 (29/0/0), SUI 27 (27/0/0), HYPE 24 (24/0/0)
   social: reddit/CryptoMoonShots HTTP 403  (retry in 15 min)
   social: reddit/SatoshiStreetBets HTTP 403  (retry in 15 min)
   social: reddit/CryptoCurrency HTTP 403  (retry in 15 min)
   social: reddit/memecoins HTTP 403  (retry in 15 min)
   social self-check: coingecko 200 | reddit/CryptoMoonShots 403 | reddit/SatoshiStreetBets 403 | reddit/CryptoCurrency 403 | reddit/memecoins 403 | dexscreener 200 | geckoterminal_5m 200 | geckoterminal_1h 200
   dex self-check: goplus 200 | honeypot.is 200 | rugcheck 200 | dexscreener 200 | geckoterminal 200
[2026-09-26 20:29 UTC] crypto/early_mover equity $485.25 (-2.9%) 0 open  market UP
[2026-09-26 20:29 UTC] crypto/mover     equity $486.35 (-2.7%) 5 open  market UP
[2026-09-26 20:29 UTC] crypto/announce  equity $500.00 (+0.0%) 0 open  market UP
[2026-09-26 20:29 UTC] crypto/chaser    equity $500.00 (+0.0%) 0 open  market UP
[2026-09-26 20:29 UTC] crypto/social_heat equity $500.00 (+0.0%) 0 open  market UP
[2026-09-26 20:29 UTC] crypto/breakout10 equity $489.24 (-2.2%) 2 open  market UP
[2026-09-26 20:29 UTC] crypto/momentum  equity $496.69 (-0.7%) 4 open  market UP
[2026-09-26 20:29 UTC] crypto/breakout  equity $500.00 (+0.0%) 0 open  market UP
[2026-09-26 20:29 UTC] crypto/hold_btc  equity $500.06 (+0.0%) 1 open  market UP
   social heat top: TRUMP 35 (35/0/0), QNT 32 (32/0/0), SUI 29 (29/0/0), NEAR 27 (27/0/0), PENGU 25 (24/0/1)
   rebalance: moved $300 from crypto/early_mover to the DEX account
   footprint: CRO: footprint 3/4 (drift+hikes+rising_lows) 48h +5.5%, 4 volume hikes, 10% quiet hours @ 0.06641
   scanner: 977 tickers, sample: {'i': 'BTC_USD', 'h': '84334.99', 'l': '83623.65', 'a': '84082.97', 'v': '964.1679', 'vv': '81000617.77', 'c': '0.0002', 'b': '84082.97', 'k': '84082.98', 'oi': '0', 't': 1790454586615}
   dex screen: REJECT ASTEROID@solana liq $139,518 - holders unknown; lp holders unknown; rugcheck lp locked 71% < 95%
   dex screen: REJECT LSK@ethereum liq $605,132 - buy tax unknown; sell tax unknown; top-10 holders 81%; lp locked 0% < 95%
   dex screen: PASS SOLCAT@solana liq $100,507
   dex screen: UNREACHABLE GULD@ethereum liq $1,803,968 - buy tax unknown; sell tax unknown; honeypot.is unreachable
   dex screen: REJECT NPC@ethereum liq $5,445,220 - top-10 holders 41%
   dex screen: REJECT NPC@base liq $886,415 - is_proxy; buy tax unknown; sell tax unknown
   social: reddit/CryptoMoonShots HTTP 403  (retry in 30 min)
   social: reddit/SatoshiStreetBets HTTP 403  (retry in 30 min)
   social: reddit/CryptoCurrency HTTP 403  (retry in 30 min)
   social: reddit/memecoins HTTP 403  (retry in 30 min)
   dex screen: PASS USELESS@solana liq $5,729,994
   dex screen: PASS YEE@ethereum liq $512,369
   social: reddit/CryptoMoonShots HTTP 403  (retry in 15 min)
   social: reddit/SatoshiStreetBets HTTP 403  (retry in 15 min)
   social: reddit/CryptoCurrency HTTP 403  (retry in 15 min)
   social: reddit/memecoins HTTP 403  (retry in 15 min)
   social self-check: coingecko 200 | reddit/CryptoMoonShots 403 | reddit/SatoshiStreetBets 403 | reddit/CryptoCurrency 403 | reddit/memecoins 403 | dexscreener 200 | geckoterminal_5m 200 | geckoterminal_1h 200
   dex self-check: goplus 200 | honeypot.is 200 | rugcheck 200 | dexscreener 200 | geckoterminal 200
[2026-09-26 21:06 UTC] crypto/early_mover equity $185.25 (-62.9%) 0 open  market UP
[2026-09-26 21:06 UTC] crypto/mover     equity $484.42 (-3.1%) 5 open  market UP
[2026-09-26 21:06 UTC] crypto/announce  equity $500.00 (+0.0%) 0 open  market UP
[2026-09-26 21:06 UTC] crypto/chaser    equity $500.00 (+0.0%) 0 open  market UP
[2026-09-26 21:06 UTC] crypto/social_heat equity $500.00 (+0.0%) 0 open  market UP
[2026-09-26 21:06 UTC] crypto/breakout10 equity $485.35 (-2.9%) 2 open  market UP
[2026-09-26 21:06 UTC] crypto/momentum  equity $494.54 (-1.1%) 4 open  market UP
[2026-09-26 21:06 UTC] crypto/breakout  equity $500.00 (+0.0%) 0 open  market UP
[2026-09-26 21:06 UTC] crypto/hold_btc  equity $500.22 (+0.0%) 1 open  market UP
   social heat top: TRUMP 35 (35/0/0), QNT 32 (32/0/0), NEAR 29 (29/0/0), SUI 27 (27/0/0), AERO 24 (21/0/3)
   footprint: SOL: footprint 3/4 (quiet+hikes+rising_lows) 48h +3.3%, 4 volume hikes, 65% quiet hours @ 120.71
   scanner: 977 tickers, sample: {'i': 'BTC_USD', 'h': '84334.99', 'l': '83623.65', 'a': '84098.25', 'v': '990.2584', 'vv': '83189127.61', 'c': '0.0041', 'b': '84098.24', 'k': '84098.25', 'oi': '0', 't': 1790456803619}
   dex screen: REJECT MUSK@solana liq $150,747 - lp holders unknown; rugcheck danger: Large Amount of LP Unlocked; rugcheck lp locked 0% < 95%; rugcheck score 61
   dex screen: UNREACHABLE AAPLC@base liq $1,888,255 - goplus unreachable
   dex screen: REJECT MET@solana liq $1,285,882 - top-10 holders 81%
   dex screen: REJECT EURC@base liq $869,794 - pool age unknown
   dex screen: UNREACHABLE BLUECHIP@base liq $224,954 - goplus unreachable
   dex screen: PASS NEET@solana liq $2,266,689
   dex screen: REJECT GO@solana liq $175,325 - holders unknown; lp holders unknown; rugcheck lp locked 52% < 95%
   >> dex/dex_hunter: BUY $157.71 of ANTFUN@solana:CWZ6Bsdn @ 0.011807 (dex tier A momentum 1h +13% 6h +5% buys/sells 218/120 impact 0.00%)
   social: reddit/CryptoMoonShots HTTP 403  (retry in 30 min)
   social: reddit/SatoshiStreetBets HTTP 403  (retry in 30 min)
   social: reddit/CryptoCurrency HTTP 403  (retry in 30 min)
   social: reddit/memecoins HTTP 403  (retry in 30 min)
   dex screen: REJECT XCN@ethereum liq $927,056 - is_mintable; top-10 holders 51%; lp locked 0% < 95%
   dex screen: PASS ARENA@solana liq $100,228
   >> dex/dex_hunter: BUY $156.55 of ARENA@solana:4G5YDqDv @ 0.001118 (dex tier A momentum 1h +33% 6h +20% buys/sells 945/486 impact 0.16%)
   dex screen: UNREACHABLE BASECAT@base liq $221,489 - goplus unreachable
   dex screen: REJECT QUACC@solana liq $148,373 - holders unknown; lp holders unknown; rugcheck danger: Low Liquidity
   dex screen: PASS ASTEROID@ethereum liq $1,071,112
   >> dex/dex_hunter: BUY $145.15 of ASTEROID@ethereum:0xf280B1 @ 1.4e-05 (dex tier A momentum 1h +11% 6h +7% buys/sells 22/18 impact 0.01%)
   dex screen: PASS TIBBIR@base liq $3,855,760
   dex outcome: emergency_exit ANTFUN@solana:CWZ6Bsdn tier A P/L $-3.93 (re-screen flagged: lp holders unknown; rugcheck lp locked 0% < 95%)
   >> dex/dex_hunter: SELL $154.71 of ANTFUN@solana:CWZ6Bsdn @ 0.011583, P/L $-3.93 (re-screen flagged: lp holders unknown; rugcheck lp locked 0% < 95%)
   social: reddit/CryptoMoonShots HTTP 403  (retry in 60 min)
   social: reddit/SatoshiStreetBets HTTP 403  (retry in 60 min)
   social: reddit/CryptoCurrency HTTP 403  (retry in 60 min)
   social: reddit/memecoins HTTP 403  (retry in 60 min)
   dex screen: UNREACHABLE GULD@ethereum liq $1,803,541 - honeypot.is unreachable
   dex screen: REJECT NPC@ethereum liq $5,424,942 - top-10 holders 41%
   dex outcome: emergency_exit SDOG@solana:yFcTuQJC tier A P/L $-12.79 (re-screen flagged: holders unknown; lp holders unknown; rugcheck lp locked 0% < 95%)
   >> dex/dex_hunter: SELL $87.18 of SDOG@solana:yFcTuQJC @ 0.001043, P/L $-12.79 (re-screen flagged: holders unknown; lp holders unknown; rugcheck lp locked 0% < 95%)
[2026-09-26 22:05 UTC] crypto/early_mover equity $185.25 (-62.9%) 0 open  market UP
[2026-09-26 22:05 UTC] crypto/mover     equity $488.18 (-2.4%) 5 open  market UP
[2026-09-26 22:05 UTC] crypto/announce  equity $500.00 (+0.0%) 0 open  market UP
[2026-09-26 22:05 UTC] crypto/chaser    equity $500.00 (+0.0%) 0 open  market UP
[2026-09-26 22:05 UTC] crypto/social_heat equity $500.00 (+0.0%) 0 open  market UP
[2026-09-26 22:05 UTC] crypto/breakout10 equity $496.83 (-0.6%) 2 open  market UP
[2026-09-26 22:05 UTC] crypto/momentum  equity $501.00 (+0.2%) 4 open  market UP
[2026-09-26 22:05 UTC] crypto/breakout  equity $500.00 (+0.0%) 0 open  market UP
[2026-09-26 22:05 UTC] crypto/hold_btc  equity $500.74 (+0.1%) 1 open  market UP
   social heat top: TRUMP 37 (37/0/0), NEAR 32 (32/0/0), QNT 29 (29/0/0), PENGU 27 (27/0/0), SUI 24 (24/0/0)
   [alert] Today -75.91 | Total -83.01: Crypto: $185.25  today -7.65  total -14.75
Stocks: $500.00  today +0.00  total +0.00
DEX: $731.74  today -68.26  total -68.26
DEX: $731.74 (-68.26) · Scammed: 0
   social: reddit/CryptoMoonShots HTTP 403  (retry in 15 min)
   social: reddit/SatoshiStreetBets HTTP 403  (retry in 15 min)
   social: reddit/CryptoCurrency HTTP 403  (retry in 15 min)
   social: reddit/memecoins HTTP 403  (retry in 15 min)
   social self-check: coingecko 200 | reddit/CryptoMoonShots 403 | reddit/SatoshiStreetBets 403 | reddit/CryptoCurrency 403 | reddit/memecoins 403 | dexscreener 200 | geckoterminal_5m 200 | geckoterminal_1h 200
   dex self-check: goplus 200 | honeypot.is 200 | rugcheck 200 | dexscreener 200 | geckoterminal 200
[2026-09-26 23:25 UTC] crypto/early_mover equity $185.25 (-62.9%) 0 open  market UP
[2026-09-26 23:25 UTC] crypto/mover     equity $486.43 (-2.7%) 3 open  market UP
[2026-09-26 23:25 UTC] crypto/announce  equity $500.00 (+0.0%) 0 open  market UP
[2026-09-26 23:25 UTC] crypto/chaser    equity $500.00 (+0.0%) 0 open  market UP
[2026-09-26 23:25 UTC] crypto/social_heat equity $500.54 (+0.1%) 1 open  market UP
[2026-09-26 23:25 UTC] crypto/breakout10 equity $494.83 (-1.0%) 2 open  market UP
[2026-09-26 23:25 UTC] crypto/momentum  equity $501.93 (+0.4%) 4 open  market UP
[2026-09-26 23:25 UTC] crypto/breakout  equity $500.00 (+0.0%) 0 open  market UP
[2026-09-26 23:25 UTC] crypto/hold_btc  equity $501.71 (+0.3%) 1 open  market UP
   social heat top: QNT 40 (40/0/0), TRUMP 37 (37/0/0), ONDO 29 (29/0/0), NEAR 27 (27/0/0), PENGU 24 (24/0/0)
   footprint: SOL: footprint 3/4 (quiet+hikes+rising_lows) 48h +4.0%, 5 volume hikes, 65% quiet hours @ 121.65
   scanner: 977 tickers, sample: {'i': 'BTC_USD', 'h': '84440.94', 'l': '83781.01', 'a': '84370.14', 'v': '1043.1311', 'vv': '87677409.04', 'c': '0.0044', 'b': '84370.13', 'k': '84370.14', 'oi': '0', 't': 1790465157125}
   scanner: QNT: +19.0% in 86 min on 32.4x volume @ 145.266 spread 0.32%
   scanner: QNT: +20.4% in 87 min on 32.4x volume @ 146.933 spread 0.21%
   scanner: QNT: +20.5% in 88 min on 32.4x volume @ 147.036 spread 0.13%
   scanner: QNT: +22.1% in 89 min on 32.4x volume @ 149.048 spread 0.34%
   social: reddit/CryptoMoonShots HTTP 403  (retry in 30 min)
   social: reddit/SatoshiStreetBets HTTP 403  (retry in 30 min)
   social: reddit/CryptoCurrency HTTP 403  (retry in 30 min)
   social: reddit/memecoins HTTP 403  (retry in 30 min)
   social: reddit/CryptoMoonShots HTTP 403  (retry in 15 min)
   social: reddit/SatoshiStreetBets HTTP 403  (retry in 15 min)
   social: reddit/CryptoCurrency HTTP 403  (retry in 15 min)
   social: reddit/memecoins HTTP 403  (retry in 15 min)
   social self-check: coingecko 200 | reddit/CryptoMoonShots 403 | reddit/SatoshiStreetBets 403 | reddit/CryptoCurrency 403 | reddit/memecoins 403 | dexscreener 200 | geckoterminal_5m 200 | geckoterminal_1h 200
   dex self-check: goplus 200 | honeypot.is 200 | rugcheck 200 | dexscreener 200 | geckoterminal 200
[2026-09-26 23:47 UTC] crypto/early_mover equity $185.25 (-62.9%) 0 open  market UP
[2026-09-26 23:47 UTC] crypto/mover     equity $486.44 (-2.7%) 3 open  market UP
[2026-09-26 23:47 UTC] crypto/announce  equity $500.00 (+0.0%) 0 open  market UP
[2026-09-26 23:47 UTC] crypto/chaser    equity $500.00 (+0.0%) 0 open  market UP
[2026-09-26 23:47 UTC] crypto/social_heat equity $505.71 (+1.1%) 1 open  market UP
[2026-09-26 23:47 UTC] crypto/breakout10 equity $496.70 (-0.7%) 2 open  market UP
[2026-09-26 23:47 UTC] crypto/momentum  equity $503.66 (+0.7%) 4 open  market UP
[2026-09-26 23:47 UTC] crypto/breakout  equity $500.00 (+0.0%) 0 open  market UP
[2026-09-26 23:47 UTC] crypto/hold_btc  equity $501.71 (+0.3%) 1 open  market UP
   social heat top: QNT 40 (40/0/0), TRUMP 35 (35/0/0), ONDO 29 (29/0/0), PENGU 27 (27/0/0), NEAR 24 (24/0/0)
   footprint: SOL: footprint 3/4 (quiet+hikes+rising_lows) 48h +3.6%, 5 volume hikes, 65% quiet hours @ 121.25
   scanner: 977 tickers, sample: {'i': 'BTC_USD', 'h': '84440.94', 'l': '83781.01', 'a': '84398.01', 'v': '1066.2380', 'vv': '89630888.15', 'c': '0.0039', 'b': '84396.87', 'k': '84396.88', 'oi': '0', 't': 1790466473059}
   dex screen: REJECT SEND@ethereum liq $577,006 - lp locked 0% < 95%
   dex scanner: 186 pools (solana 115 / base 34 / ethereum 37), refresh cycle 35s (hot 31s), 273 calls (28 feed, 429s 1, failed 1), 3,519 refreshed (23 no pair), +186 added / -0 dropped (dead 0, stale 0, cap 0), movers 0 + warming 3 -> queued 1, screened 1 (passed 0), bought 0
   social: reddit/CryptoMoonShots HTTP 403  (retry in 30 min)
   social: reddit/SatoshiStreetBets HTTP 403  (retry in 30 min)
   social: reddit/CryptoCurrency HTTP 403  (retry in 30 min)
   social: reddit/memecoins HTTP 403  (retry in 30 min)
[2026-09-27 00:06 UTC] crypto/early_mover equity $185.25 (-62.9%) 0 open  market UP
   >> crypto/mover: SELL $86.35 of ARB @ 0.221999, P/L $-3.74 (time limit)
[2026-09-27 00:06 UTC] crypto/mover     equity $486.10 (-2.8%) 2 open  market UP
[2026-09-27 00:06 UTC] crypto/announce  equity $500.00 (+0.0%) 0 open  market UP
[2026-09-27 00:06 UTC] crypto/chaser    equity $500.00 (+0.0%) 0 open  market UP
[2026-09-27 00:06 UTC] crypto/social_heat equity $507.47 (+1.5%) 1 open  market UP
[2026-09-27 00:06 UTC] crypto/breakout10 equity $497.79 (-0.4%) 2 open  market UP
[2026-09-27 00:06 UTC] crypto/momentum  equity $503.63 (+0.7%) 4 open  market UP
[2026-09-27 00:06 UTC] crypto/breakout  equity $500.00 (+0.0%) 0 open  market UP
[2026-09-27 00:06 UTC] crypto/hold_btc  equity $501.72 (+0.3%) 1 open  market UP
   social heat top: QNT 40 (40/0/0), TRUMP 35 (35/0/0), NEAR 32 (32/0/0), ONDO 27 (27/0/0), AERO 24 (24/0/0)
   social: reddit/CryptoMoonShots HTTP 403  (retry in 15 min)
   social: reddit/SatoshiStreetBets HTTP 403  (retry in 15 min)
   social: reddit/CryptoCurrency HTTP 403  (retry in 15 min)
   social: reddit/memecoins HTTP 403  (retry in 15 min)
   social self-check: coingecko 200 | reddit/CryptoMoonShots 403 | reddit/SatoshiStreetBets 403 | reddit/CryptoCurrency 403 | reddit/memecoins 403 | dexscreener 200 | geckoterminal_5m 200 | geckoterminal_1h 200
   dex self-check: goplus 200 | honeypot.is 200 | rugcheck 0 | dexscreener 200 | geckoterminal 200
[2026-09-27 00:12 UTC] crypto/early_mover equity $185.25 (-62.9%) 0 open  market UP
[2026-09-27 00:12 UTC] crypto/mover     equity $485.89 (-2.8%) 2 open  market UP
[2026-09-27 00:12 UTC] crypto/announce  equity $500.00 (+0.0%) 0 open  market UP
[2026-09-27 00:12 UTC] crypto/chaser    equity $500.00 (+0.0%) 0 open  market UP
[2026-09-27 00:12 UTC] crypto/social_heat equity $505.75 (+1.1%) 1 open  market UP
[2026-09-27 00:12 UTC] crypto/breakout10 equity $499.94 (-0.0%) 2 open  market UP
[2026-09-27 00:12 UTC] crypto/momentum  equity $504.01 (+0.8%) 4 open  market UP
[2026-09-27 00:12 UTC] crypto/breakout  equity $500.00 (+0.0%) 0 open  market UP
[2026-09-27 00:12 UTC] crypto/hold_btc  equity $501.53 (+0.3%) 1 open  market UP
   social heat top: QNT 40 (40/0/0), TRUMP 35 (35/0/0), NEAR 32 (32/0/0), ONDO 27 (27/0/0), AERO 24 (24/0/0)
   footprint: SOL: footprint 3/4 (quiet+hikes+rising_lows) 48h +3.3%, 5 volume hikes, 65% quiet hours @ 121.26
   scanner: 977 tickers, sample: {'i': 'BTC_USD', 'h': '84476.11', 'l': '83781.01', 'a': '84323.27', 'v': '1073.6752', 'vv': '90264238.51', 'c': '0.0029', 'b': '84323.27', 'k': '84323.28', 'oi': '0', 't': 1790467969751}
   dex screen: REJECT FOLD@ethereum liq $1,571,555 - is_mintable; honeypot_with_same_creator; buy tax unknown; sell tax unknown; owner_percent 39%; top-10 holders 75%
   dex screen: REJECT COW@ethereum liq $470,124 - is_mintable; is_proxy; top-10 holders 71%; lp locked 0% < 95%
   dex screen: UNREACHABLE GULD@ethereum liq $1,803,616 - honeypot.is unreachable
   dex screen: REJECT QNT@ethereum liq $549,166 - is_mintable; lp locked 0% < 95%
   social: reddit/CryptoMoonShots HTTP 403  (retry in 30 min)
   social: reddit/SatoshiStreetBets HTTP 403  (retry in 30 min)
   social: reddit/CryptoCurrency HTTP 403  (retry in 30 min)
   social: reddit/memecoins HTTP 403  (retry in 30 min)
   dex screen: REJECT SPCX@solana liq $424,544 - freeze authority; mint authority; balance_mutable_authority; transfer hook; lp holders unknown
   dex screen: REJECT NIL@ethereum liq $454,141 - is_proxy; buy tax unknown; sell tax unknown; holders unknown; lp holders unknown
   scanner: QNT: +5.6% in 15 min on 5.3x volume @ 158.793 spread 0.17%
   dex screen: REJECT RARE@ethereum liq $124,747 - is_proxy; buy tax unknown; sell tax unknown; top-10 holders 55%; lp locked 0% < 95%
   dex screen: REJECT NEAR@ethereum liq $759,672 - is_proxy; lp locked 0% < 95%
   dex screen: UNREACHABLE BASECAT@base liq $215,437 - goplus unreachable
   dex screen: PASS ASTEROID@ethereum liq $1,082,183
   dex screen: REJECT STONKEX@base liq $465,612 - buy tax unknown; sell tax unknown; lp locked 0% < 95%
   social: reddit/CryptoMoonShots HTTP 403  (retry in 60 min)
   social: reddit/SatoshiStreetBets HTTP 403  (retry in 60 min)
   social: reddit/CryptoCurrency HTTP 403  (retry in 60 min)
   social: reddit/memecoins HTTP 403  (retry in 60 min)
   dex screen: PASS JOTCHUA@solana liq $260,198
   dex screen: REJECT CONDO@ethereum liq $254,042 - lp locked 0% < 95%
   dex screen: REJECT DRV@base liq $688,181 - honeypot_with_same_creator; is_proxy; buy tax unknown; sell tax unknown; top-10 holders 56%; lp locked 0% < 95%
   social: geckoterminal_5m HTTP 429 0 pools (retry in 15 min)
   dex scanner: 438 pools (solana 205 / base 62 / ethereum 171), refresh cycle 35s (hot 32s), 1374 calls (108 feed, 429s 3, failed 3), 25,623 refreshed (267 no pair), +229 added / -0 dropped (dead 0, stale 0, cap 0), movers 1 + warming 10 -> queued 6, screened 6 (passed 0), bought 0
   social: geckoterminal_1h HTTP 429 0 pools (retry in 15 min)
[2026-09-27 01:07 UTC] crypto/early_mover equity $185.25 (-62.9%) 0 open  market UP
[2026-09-27 01:07 UTC] crypto/mover     equity $484.89 (-3.0%) 2 open  market UP
[2026-09-27 01:07 UTC] crypto/announce  equity $500.00 (+0.0%) 0 open  market UP
[2026-09-27 01:07 UTC] crypto/chaser    equity $500.00 (+0.0%) 0 open  market UP
[2026-09-27 01:07 UTC] crypto/social_heat equity $512.61 (+2.5%) 1 open  market UP
[2026-09-27 01:07 UTC] crypto/breakout10 equity $498.66 (-0.3%) 2 open  market UP
[2026-09-27 01:07 UTC] crypto/momentum  equity $502.31 (+0.5%) 4 open  market UP
[2026-09-27 01:07 UTC] crypto/breakout  equity $500.00 (+0.0%) 0 open  market UP
[2026-09-27 01:07 UTC] crypto/hold_btc  equity $501.20 (+0.2%) 1 open  market UP
   social heat top: QNT 40 (40/0/0), TRUMP 35 (35/0/0), PENGU 32 (32/0/0), ONDO 27 (27/0/0), BTC 24 (24/0/0)
   social: reddit/CryptoMoonShots HTTP 403  (retry in 15 min)
   social: reddit/SatoshiStreetBets HTTP 403  (retry in 15 min)
   social: reddit/CryptoCurrency HTTP 403  (retry in 15 min)
   social: reddit/memecoins HTTP 403  (retry in 15 min)
   social self-check: coingecko 200 | reddit/CryptoMoonShots 403 | reddit/SatoshiStreetBets 403 | reddit/CryptoCurrency 403 | reddit/memecoins 403 | dexscreener 200 | geckoterminal_5m 200 | geckoterminal_1h 200
   dex self-check: goplus 200 | honeypot.is 200 | rugcheck 200 | dexscreener 200 | geckoterminal 200
[2026-09-27 01:13 UTC] crypto/early_mover equity $185.25 (-62.9%) 0 open  market UP
[2026-09-27 01:13 UTC] crypto/mover     equity $485.17 (-3.0%) 2 open  market UP
[2026-09-27 01:13 UTC] crypto/announce  equity $500.00 (+0.0%) 0 open  market UP
[2026-09-27 01:13 UTC] crypto/chaser    equity $500.00 (+0.0%) 0 open  market UP
[2026-09-27 01:13 UTC] crypto/social_heat equity $516.06 (+3.2%) 1 open  market UP
[2026-09-27 01:13 UTC] crypto/breakout10 equity $500.54 (+0.1%) 2 open  market UP
[2026-09-27 01:13 UTC] crypto/momentum  equity $504.14 (+0.8%) 4 open  market UP
[2026-09-27 01:13 UTC] crypto/breakout  equity $500.00 (+0.0%) 0 open  market UP
[2026-09-27 01:13 UTC] crypto/hold_btc  equity $501.58 (+0.3%) 1 open  market UP
   social heat top: QNT 40 (40/0/0), PENGU 35 (35/0/0), TRUMP 32 (32/0/0), BTC 29 (29/0/0), AERO 28 (21/0/7)
   footprint: SOL: footprint 3/4 (quiet+hikes+rising_lows) 48h +3.0%, 5 volume hikes, 67% quiet hours @ 121.03
   scanner: 977 tickers, sample: {'i': 'BTC_USD', 'h': '84476.11', 'l': '83821.77', 'a': '84374.42', 'v': '1053.4736', 'vv': '88581470.95', 'c': '0.0053', 'b': '84374.41', 'k': '84374.42', 'oi': '0', 't': 1790471599759}
   dex screen: UNREACHABLE GULD@ethereum liq $1,800,737 - honeypot.is unreachable
   scanner: QNT: +12.3% in 79 min on 23.2x volume @ 169.582 spread 0.29%
   scanner: QNT: +12.3% in 80 min on 23.2x volume @ 169.52 spread 0.37%
   scanner: QNT: +12.7% in 81 min on 23.2x volume @ 170.143 spread 0.29%
   scanner: QNT: +13.8% in 82 min on 23.2x volume @ 171.823 spread 0.14%
   scanner: QNT: +14.5% in 83 min on 23.2x volume @ 172.92 spread 0.29%
   dex screen: REJECT WPRL@ethereum liq $322,830 - is_proxy; lp locked 0% < 95%
   scanner: QNT: +19.0% in 84 min on 23.2x volume @ 179.696 spread 0.27%
   scanner: QNT: +21.1% in 85 min on 23.2x volume @ 182.885 spread 0.37%
   social: reddit/CryptoMoonShots HTTP 403  (retry in 30 min)
   social: reddit/SatoshiStreetBets HTTP 403  (retry in 30 min)
   social: reddit/CryptoCurrency HTTP 403  (retry in 30 min)
   social: reddit/memecoins HTTP 403  (retry in 30 min)
   scanner: QNT: +20.8% in 86 min on 23.2x volume @ 182.421 spread 0.36%
   scanner: QNT: +22.2% in 87 min on 23.2x volume @ 184.506 spread 0.28%
   scanner: QNT: +22.8% in 88 min on 23.2x volume @ 185.416 spread 0.45%
   scanner: QNT: +23.1% in 89 min on 23.2x volume @ 185.809 spread 1.07%
   scanner: QNT: +15.5% in 30 min on 23.2x volume @ 186.27 spread 0.24%
   scanner: QNT: +9.4% in 33 min on 23.2x volume @ 176.424 spread 0.33%
   dex screen: REJECT STONKEX@base liq $471,313 - buy tax unknown; sell tax unknown; lp locked 0% < 95%
   dex screen: REJECT UPEG@ethereum liq $163,365 - lp locked 0% < 95%
   scanner: QNT: +5.8% in 15 min on 11.3x volume @ 179.579 spread 0.07%
   scanner: QNT: +13.9% in 51 min on 23.2x volume @ 183.608 spread 0.19%
   scanner: QNT: +14.5% in 52 min on 23.2x volume @ 184.703 spread 0.23%
   scanner: QNT: +17.6% in 53 min on 23.2x volume @ 189.552 spread 0.93%
   scanner: QNT: +19.1% in 54 min on 23.2x volume @ 191.979 spread 0.34%
   scanner: QNT: +13.8% in 55 min on 23.2x volume @ 183.475 spread 0.25%
   scanner: QNT: +13.9% in 56 min on 23.2x volume @ 183.715 spread 0.27%
   social: reddit/CryptoMoonShots HTTP 403  (retry in 60 min)
   social: reddit/SatoshiStreetBets HTTP 403  (retry in 60 min)
   social: reddit/CryptoCurrency HTTP 403  (retry in 60 min)
   social: reddit/memecoins HTTP 403  (retry in 60 min)
   scanner: QNT: +16.2% in 57 min on 23.2x volume @ 187.441 spread 0.02%
   scanner: QNT: +13.8% in 58 min on 23.2x volume @ 183.448 spread 0.38%
   dex screen: PASS HOLDOWEEN@solana liq $173,853
   dex screen: REJECT HOLDOWEEN@solana liq $141,282 - holders unknown; lp holders unknown; rugcheck lp locked 0% < 95%
   scanner: QNT: +13.6% in 59 min on 23.2x volume @ 183.126 spread 0.11%
   scanner: QNT: +13.7% in 60 min on 23.2x volume @ 183.252 spread 0.31%
   dex scanner: 888 pools (solana 474 / base 191 / ethereum 223), refresh cycle 46s (hot 43s), 1622 calls (140 feed, 429s 3, failed 3), 42,455 refreshed (489 no pair), +434 added / -0 dropped (dead 0, stale 0, cap 0), movers 2 + warming 8 -> queued 3, screened 3 (passed 0), bought 0
[2026-09-27 02:06 UTC] crypto/early_mover equity $185.25 (-62.9%) 0 open  market UP
   early_mover: QNT vetoed by pump guard: already +76% in 24h
   >> crypto/mover: SELL $86.31 of XRP @ 1.52298, P/L $-3.23 (time limit)
[2026-09-27 02:06 UTC] crypto/mover     equity $485.21 (-3.0%) 1 open  market UP
[2026-09-27 02:06 UTC] crypto/announce  equity $500.00 (+0.0%) 0 open  market UP
[2026-09-27 02:06 UTC] crypto/chaser    equity $500.00 (+0.0%) 0 open  market UP
[2026-09-27 02:06 UTC] crypto/social_heat equity $524.13 (+4.8%) 1 open  market UP
[2026-09-27 02:06 UTC] crypto/breakout10 equity $507.96 (+1.6%) 2 open  market UP
[2026-09-27 02:06 UTC] crypto/momentum  equity $507.52 (+1.5%) 4 open  market UP
[2026-09-27 02:06 UTC] crypto/breakout  equity $500.00 (+0.0%) 0 open  market UP
[2026-09-27 02:06 UTC] crypto/hold_btc  equity $502.25 (+0.4%) 1 open  market UP
   social heat top: QNT 40 (40/0/0), PENGU 35 (35/0/0), NEAR 32 (32/0/0), TRUMP 29 (29/0/0), ONDO 24 (24/0/0)
   social: reddit/CryptoMoonShots HTTP 403  (retry in 15 min)
   social: reddit/SatoshiStreetBets HTTP 403  (retry in 15 min)
   social: reddit/CryptoCurrency HTTP 403  (retry in 15 min)
   social: reddit/memecoins HTTP 403  (retry in 15 min)
   social self-check: coingecko 200 | reddit/CryptoMoonShots 403 | reddit/SatoshiStreetBets 403 | reddit/CryptoCurrency 403 | reddit/memecoins 403 | dexscreener 200 | geckoterminal_5m 200 | geckoterminal_1h 200
   dex self-check: goplus 200 | honeypot.is 200 | rugcheck 0 | dexscreener 200 | geckoterminal 200
[2026-09-27 02:11 UTC] crypto/early_mover equity $185.25 (-62.9%) 0 open  market UP
   early_mover: QNT vetoed by pump guard: already +80% in 24h
[2026-09-27 02:11 UTC] crypto/mover     equity $485.43 (-2.9%) 1 open  market UP
[2026-09-27 02:11 UTC] crypto/announce  equity $500.00 (+0.0%) 0 open  market UP
[2026-09-27 02:11 UTC] crypto/chaser    equity $500.00 (+0.0%) 0 open  market UP
[2026-09-27 02:11 UTC] crypto/social_heat equity $524.21 (+4.8%) 1 open  market UP
[2026-09-27 02:11 UTC] crypto/breakout10 equity $508.67 (+1.7%) 2 open  market UP
[2026-09-27 02:11 UTC] crypto/momentum  equity $507.94 (+1.6%) 4 open  market UP
[2026-09-27 02:11 UTC] crypto/breakout  equity $500.00 (+0.0%) 0 open  market UP
[2026-09-27 02:11 UTC] crypto/hold_btc  equity $502.53 (+0.5%) 1 open  market UP
   social heat top: QNT 40 (40/0/0), NEAR 35 (35/0/0), PENGU 32 (32/0/0), TRUMP 29 (29/0/0), ONDO 24 (24/0/0)
   footprint: SOL: footprint 3/4 (quiet+hikes+rising_lows) 48h +4.0%, 5 volume hikes, 67% quiet hours @ 121.59
   scanner: 977 tickers, sample: {'i': 'BTC_USD', 'h': '84581.91', 'l': '83821.77', 'a': '84496.76', 'v': '1116.1730', 'vv': '93889188.49', 'c': '0.0056', 'b': '84496.75', 'k': '84496.76', 'oi': '0', 't': 1790475108675}
   scanner: QNT: +12.2% in 72 min on 35.8x volume @ 180.91 spread 0.03%
   take-off: QNT vetoed by pump guard: blocked 29 more min
   dex screen: REJECT USDF@solana liq $5,592,515 - holders unknown; lp holders unknown; rugcheck lp locked 0% < 95%; rugcheck score 54
   dex screen: REJECT MSUSD@base liq $1,453,628 - 24h volume $80,324 < $100,000
   dex screen: PASS DREGG@solana liq $183,006
   scanner: QNT: +12.6% in 73 min on 35.8x volume @ 181.485 spread 0.00%
   take-off: QNT vetoed by pump guard: blocked 28 more min
   scanner: QNT: +12.1% in 74 min on 35.8x volume @ 180.746 spread 0.09%
   take-off: QNT vetoed by pump guard: blocked 27 more min
   dex screen: UNREACHABLE GULD@ethereum liq $1,800,725 - honeypot.is unreachable
   social: reddit/CryptoMoonShots HTTP 403  (retry in 30 min)
   social: reddit/SatoshiStreetBets HTTP 403  (retry in 30 min)
   social: reddit/CryptoCurrency HTTP 403  (retry in 30 min)
   social: reddit/memecoins HTTP 403  (retry in 30 min)
   dex screen: REJECT FREN PET@base liq $951,017 - is_blacklisted; is_whitelisted; buy tax unknown; sell tax unknown; top-10 holders 77%; lp locked 0% < 95%
   dex screen: PASS KITTY@solana liq $472,792
   dex screen: REJECT EDGE@base liq $781,362 - is_proxy; buy tax unknown; top-10 holders 83%; lp locked 0% < 95%
   >> dex/dex_hunter: BUY $133.61 of HOLDOWEEN@solana:qYCUicz2 @ 0.003949 (dex tier A momentum 1h +10% 6h +51% buys/sells 189/69 impact 0.07%)
   dex screen: PASS BNKR@base liq $2,912,485
   social: reddit/CryptoMoonShots HTTP 403  (retry in 15 min)
   social: reddit/SatoshiStreetBets HTTP 403  (retry in 15 min)
   social: reddit/CryptoCurrency HTTP 403  (retry in 15 min)
   social: reddit/memecoins HTTP 403  (retry in 15 min)
   social self-check: coingecko 200 | reddit/CryptoMoonShots 403 | reddit/SatoshiStreetBets 403 | reddit/CryptoCurrency 403 | reddit/memecoins 403 | dexscreener 200 | geckoterminal_5m 200 | geckoterminal_1h 200
   dex self-check: goplus 200 | honeypot.is 200 | rugcheck 200 | dexscreener 200 | geckoterminal 200
[2026-09-27 03:24 UTC] crypto/early_mover equity $185.25 (-62.9%) 0 open  market UP
   >> crypto/mover: SELL $85.69 of ADA @ 0.251588, P/L $-3.96 (time limit)
[2026-09-27 03:24 UTC] crypto/mover     equity $484.50 (-3.1%) 0 open  market UP
[2026-09-27 03:24 UTC] crypto/announce  equity $500.00 (+0.0%) 0 open  market UP
[2026-09-27 03:24 UTC] crypto/chaser    equity $500.00 (+0.0%) 0 open  market UP
[2026-09-27 03:24 UTC] crypto/social_heat equity $519.53 (+3.9%) 1 open  market UP
[2026-09-27 03:24 UTC] crypto/breakout10 equity $503.53 (+0.7%) 2 open  market UP
[2026-09-27 03:24 UTC] crypto/momentum  equity $503.69 (+0.7%) 4 open  market UP
[2026-09-27 03:24 UTC] crypto/breakout  equity $500.00 (+0.0%) 0 open  market UP
[2026-09-27 03:24 UTC] crypto/hold_btc  equity $501.87 (+0.4%) 1 open  market UP
   social heat top: QNT 40 (40/0/0), PENGU 35 (35/0/0), TRUMP 32 (32/0/0), NEAR 29 (29/0/0), STONK 28 (24/0/4)
   scanner: 977 tickers, sample: {'i': 'BTC_USD', 'h': '84581.91', 'l': '83821.77', 'a': '84402.00', 'v': '1105.4851', 'vv': '93003383.92', 'c': '0.0053', 'b': '84396.60', 'k': '84396.61', 'oi': '0', 't': 1790479458171}
   dex scanner: 1,009 pools (solana 575 / base 204 / ethereum 230), refresh cycle n/a (hot n/a), 0 calls (0 feed, 429s 0, failed 0), 0 refreshed (0 no pair), +0 added / -0 dropped (dead 0, stale 0, cap 0), movers 0 + warming 0 -> queued 0, screened 0 (passed 0), bought 0
   dex screen: REJECT HYPE@solana liq $409,780 - mint authority; lp holders unknown
   dex screen: REJECT RECALL@base liq $516,871 - pool age unknown
   dex screen: UNREACHABLE BASECAT@base liq $206,377 - goplus unreachable
   dex screen: UNREACHABLE GULD@ethereum liq $1,799,396 - honeypot.is unreachable
   dex screen: REJECT POND@ethereum liq $168,502 - is_proxy; top-10 holders 73%; lp locked 0% < 95%
   social: reddit/CryptoMoonShots HTTP 403  (retry in 15 min)
   social: reddit/SatoshiStreetBets HTTP 403  (retry in 15 min)
   social: reddit/CryptoCurrency HTTP 403  (retry in 15 min)
   social: reddit/memecoins HTTP 403  (retry in 15 min)
   social self-check: coingecko 200 | reddit/CryptoMoonShots 403 | reddit/SatoshiStreetBets 403 | reddit/CryptoCurrency 403 | reddit/memecoins 403 | dexscreener 200 | geckoterminal_5m 200 | geckoterminal_1h 200
   dex self-check: goplus 200 | honeypot.is 200 | rugcheck 200 | dexscreener 200 | geckoterminal 200
[2026-09-27 03:29 UTC] crypto/early_mover equity $185.25 (-62.9%) 0 open  market UP
[2026-09-27 03:29 UTC] crypto/mover     equity $484.50 (-3.1%) 0 open  market UP
[2026-09-27 03:29 UTC] crypto/announce  equity $500.00 (+0.0%) 0 open  market UP
[2026-09-27 03:29 UTC] crypto/chaser    equity $500.00 (+0.0%) 0 open  market UP
[2026-09-27 03:29 UTC] crypto/social_heat equity $519.24 (+3.8%) 1 open  market UP
[2026-09-27 03:29 UTC] crypto/breakout10 equity $503.55 (+0.7%) 2 open  market UP
[2026-09-27 03:29 UTC] crypto/momentum  equity $503.54 (+0.7%) 4 open  market UP
[2026-09-27 03:29 UTC] crypto/breakout  equity $500.00 (+0.0%) 0 open  market UP
[2026-09-27 03:29 UTC] crypto/hold_btc  equity $501.64 (+0.3%) 1 open  market UP
   social heat top: QNT 40 (40/0/0), PENGU 35 (35/0/0), NEAR 29 (29/0/0), STONK 28 (24/0/4), TAO 27 (27/0/0)
   scanner: 977 tickers, sample: {'i': 'BTC_USD', 'h': '84581.91', 'l': '83821.77', 'a': '84386.79', 'v': '1102.9720', 'vv': '92793459.87', 'c': '0.0042', 'b': '84386.79', 'k': '84386.80', 'oi': '0', 't': 1790479793685}
   social: reddit/CryptoMoonShots HTTP 403  (retry in 30 min)
   social: reddit/SatoshiStreetBets HTTP 403  (retry in 30 min)
   social: reddit/CryptoCurrency HTTP 403  (retry in 30 min)
   social: reddit/memecoins HTTP 403  (retry in 30 min)
   dex re-screen: HOLDOWEEN@solana:qYCUicz2 flagged once (holders unknown; lp holders unknown; rugcheck lp locked 0% < 95%); re-checking before selling
   dex screen: REJECT PAIDBOT@solana liq $103,967 - holders unknown; lp holders unknown; rugcheck lp locked 0% < 95%
   dex scanner: 1,186 pools (solana 678 / base 265 / ethereum 243), refresh cycle 45s (hot 43s), 1652 calls (76 feed, 429s 1, failed 1), 46,985 refreshed (464 no pair), +177 added / -0 dropped (dead 0, stale 0, cap 0), movers 0 + warming 6 -> queued 0, screened 0 (passed 0), bought 0
   dex screen: REJECT ORCA@solana liq $665,430 - mint authority; top-10 holders 61%; lp holders unknown
[2026-09-27 04:05 UTC] crypto/early_mover equity $185.25 (-62.9%) 0 open  market UP
[2026-09-27 04:05 UTC] crypto/mover     equity $484.50 (-3.1%) 0 open  market UP
[2026-09-27 04:05 UTC] crypto/announce  equity $500.00 (+0.0%) 0 open  market UP
[2026-09-27 04:05 UTC] crypto/chaser    equity $500.00 (+0.0%) 0 open  market UP
[2026-09-27 04:05 UTC] crypto/social_heat equity $518.91 (+3.8%) 1 open  market UP
[2026-09-27 04:05 UTC] crypto/breakout10 equity $499.15 (-0.2%) 2 open  market UP
[2026-09-27 04:05 UTC] crypto/momentum  equity $501.07 (+0.2%) 4 open  market UP
[2026-09-27 04:05 UTC] crypto/breakout  equity $500.00 (+0.0%) 0 open  market UP
[2026-09-27 04:05 UTC] crypto/hold_btc  equity $501.75 (+0.4%) 1 open  market UP
   social heat top: QNT 40 (40/0/0), NEAR 35 (35/0/0), PENGU 35 (35/0/0), TAO 29 (29/0/0), BTC 27 (27/0/0)
   social: reddit/CryptoMoonShots HTTP 403  (retry in 15 min)
   social: reddit/SatoshiStreetBets HTTP 403  (retry in 15 min)
   social: reddit/CryptoCurrency HTTP 403  (retry in 15 min)
   social: reddit/memecoins HTTP 403  (retry in 15 min)
   social self-check: coingecko 200 | reddit/CryptoMoonShots 403 | reddit/SatoshiStreetBets 403 | reddit/CryptoCurrency 403 | reddit/memecoins 403 | dexscreener 200 | geckoterminal_5m 200 | geckoterminal_1h 200
   dex self-check: goplus 200 | honeypot.is 200 | rugcheck 200 | dexscreener 200 | geckoterminal 200
[2026-09-27 04:11 UTC] crypto/early_mover equity $185.25 (-62.9%) 0 open  market UP
[2026-09-27 04:11 UTC] crypto/mover     equity $484.50 (-3.1%) 0 open  market UP
[2026-09-27 04:11 UTC] crypto/announce  equity $500.00 (+0.0%) 0 open  market UP
[2026-09-27 04:11 UTC] crypto/chaser    equity $500.00 (+0.0%) 0 open  market UP
[2026-09-27 04:11 UTC] crypto/social_heat equity $521.39 (+4.3%) 1 open  market UP
[2026-09-27 04:11 UTC] crypto/breakout10 equity $498.95 (-0.2%) 2 open  market UP
[2026-09-27 04:11 UTC] crypto/momentum  equity $500.97 (+0.2%) 4 open  market UP
[2026-09-27 04:11 UTC] crypto/breakout  equity $500.00 (+0.0%) 0 open  market UP
[2026-09-27 04:11 UTC] crypto/hold_btc  equity $501.95 (+0.4%) 1 open  market UP
   social heat top: QNT 40 (40/0/0), NEAR 35 (35/0/0), ENA 29 (29/0/0), PONS 28 (24/0/4), TAO 27 (27/0/0)
   scanner: 977 tickers, sample: {'i': 'BTC_USD', 'h': '84581.91', 'l': '83821.77', 'a': '84441.99', 'v': '1108.9111', 'vv': '93299989.54', 'c': '0.0053', 'b': '84442.15', 'k': '84442.16', 'oi': '0', 't': 1790482271785}
   dex screen: REJECT TRUST@base liq $309,397 - pool age unknown
   social: reddit/CryptoMoonShots HTTP 403  (retry in 30 min)
   social: reddit/SatoshiStreetBets HTTP 403  (retry in 30 min)
   social: reddit/CryptoCurrency HTTP 403  (retry in 30 min)
   social: reddit/memecoins HTTP 403  (retry in 30 min)
   dex screen: UNREACHABLE BASECAT@base liq $206,952 - goplus unreachable
   dex screen: UNREACHABLE GULD@ethereum liq $1,799,793 - honeypot.is unreachable
   social: reddit/CryptoMoonShots HTTP 403  (retry in 60 min)
   social: reddit/SatoshiStreetBets HTTP 403  (retry in 60 min)
   social: reddit/CryptoCurrency HTTP 403  (retry in 60 min)
   social: reddit/memecoins HTTP 403  (retry in 60 min)
   dex re-screen: HOLDOWEEN@solana:qYCUicz2 flagged once (holders unknown; lp holders unknown; rugcheck lp locked 0% < 95%); re-checking before selling
   dex screen: UNREACHABLE BASECAT@base liq $208,960 - goplus unreachable
   dex scanner: 1,261 pools (solana 726 / base 287 / ethereum 248), refresh cycle 47s (hot 45s), 2665 calls (101 feed, 429s 1, failed 1), 76,374 refreshed (1061 no pair), +75 added / -0 dropped (dead 0, stale 0, cap 0), movers 2 + warming 8 -> queued 1, screened 1 (passed 0), bought 0
[2026-09-27 05:05 UTC] crypto/early_mover equity $185.25 (-62.9%) 0 open  market UP
   early_mover: QNT vetoed by pump guard: already +91% in 24h
[2026-09-27 05:05 UTC] crypto/mover     equity $484.50 (-3.1%) 0 open  market UP
[2026-09-27 05:05 UTC] crypto/announce  equity $500.00 (+0.0%) 0 open  market UP
[2026-09-27 05:05 UTC] crypto/chaser    equity $500.00 (+0.0%) 0 open  market UP
[2026-09-27 05:05 UTC] crypto/social_heat equity $529.67 (+5.9%) 1 open  market UP
[2026-09-27 05:05 UTC] crypto/breakout10 equity $499.55 (-0.1%) 2 open  market UP
[2026-09-27 05:05 UTC] crypto/momentum  equity $501.53 (+0.3%) 4 open  market UP
[2026-09-27 05:05 UTC] crypto/breakout  equity $500.00 (+0.0%) 0 open  market UP
[2026-09-27 05:05 UTC] crypto/hold_btc  equity $501.32 (+0.3%) 1 open  market UP
   social heat top: QNT 40 (40/0/0), PENGU 32 (32/0/0), ENA 29 (29/0/0), NEAR 27 (27/0/0), PONS 26 (24/0/2)
   social: reddit/CryptoMoonShots HTTP 403  (retry in 15 min)
   social: reddit/SatoshiStreetBets HTTP 403  (retry in 15 min)
   social: reddit/CryptoCurrency HTTP 403  (retry in 15 min)
   social: reddit/memecoins HTTP 403  (retry in 15 min)
   social self-check: coingecko 200 | reddit/CryptoMoonShots 403 | reddit/SatoshiStreetBets 403 | reddit/CryptoCurrency 403 | reddit/memecoins 403 | dexscreener 200 | geckoterminal_5m 200 | geckoterminal_1h 200
   dex self-check: goplus 200 | honeypot.is 200 | rugcheck 200 | dexscreener 200 | geckoterminal 200
[2026-09-27 05:15 UTC] crypto/early_mover equity $185.25 (-62.9%) 0 open  market UP
   early_mover: QNT vetoed by pump guard: already +88% in 24h
[2026-09-27 05:15 UTC] crypto/mover     equity $484.50 (-3.1%) 0 open  market UP
[2026-09-27 05:15 UTC] crypto/announce  equity $500.00 (+0.0%) 0 open  market UP
[2026-09-27 05:15 UTC] crypto/chaser    equity $500.00 (+0.0%) 0 open  market UP
[2026-09-27 05:15 UTC] crypto/social_heat equity $529.82 (+6.0%) 1 open  market UP
[2026-09-27 05:15 UTC] crypto/breakout10 equity $503.09 (+0.6%) 2 open  market UP
[2026-09-27 05:15 UTC] crypto/momentum  equity $504.72 (+0.9%) 4 open  market UP
[2026-09-27 05:15 UTC] crypto/breakout  equity $500.00 (+0.0%) 0 open  market UP
[2026-09-27 05:15 UTC] crypto/hold_btc  equity $501.62 (+0.3%) 1 open  market UP
   social heat top: QNT 40 (40/0/0), TAO 32 (32/0/0), NEAR 29 (29/0/0), PENGU 27 (27/0/0), ENA 24 (24/0/0)
   scanner: 977 tickers, sample: {'i': 'BTC_USD', 'h': '84581.91', 'l': '83821.77', 'a': '84380.91', 'v': '1104.7171', 'vv': '92957377.51', 'c': '0.0049', 'b': '84385.99', 'k': '84386.00', 'oi': '0', 't': 1790486106795}
   dex outcome: emergency_exit HOLDOWEEN@solana:qYCUicz2 tier A P/L $+14.11 (re-screen flagged twice: holders unknown; lp holders unknown; rugcheck lp locked 0% < 95%)
   >> dex/dex_hunter: SELL $148.58 of HOLDOWEEN@solana:qYCUicz2 @ 0.004391, P/L $+14.11 (re-screen flagged twice: holders unknown; lp holders unknown; rugcheck lp locked 0% < 95%)
   dex screen: REJECT CBADA@base liq $119,014 - pool age unknown
   social: reddit/CryptoMoonShots HTTP 403  (retry in 30 min)
   social: reddit/SatoshiStreetBets HTTP 403  (retry in 30 min)
   social: reddit/CryptoCurrency HTTP 403  (retry in 30 min)
   social: reddit/memecoins HTTP 403  (retry in 30 min)
   dex screen: UNREACHABLE BASECAT@base liq $208,165 - goplus unreachable
   dex screen: UNREACHABLE GULD@ethereum liq $1,799,927 - honeypot.is unreachable
   dex screen: REJECT NOCK@base liq $1,398,129 - is_mintable; buy tax unknown; sell tax unknown
   dex screen: PASS HODL@solana liq $280,489
